2026-03-16 15:59:45,166 | INFO | HTTP Request: GET https://www.okx.com/api/v5/public/instruments?instType=SWAP "HTTP/2 200 OK"
2026-03-16 15:59:45,168 | INFO | Loaded 115 swap instruments
2026-03-16 15:59:45,490 | INFO | HTTP Request: GET https://www.okx.com/api/v5/market/ticker?instId=1INCH-USDT-SWAP "HTTP/2 200 OK"
2026-03-16 15:59:45,562 | INFO | HTTP Request: GET https://www.okx.com/api/v5/account/balance "HTTP/2 200 OK"
2026-03-16 15:59:45,572 | INFO | HTTP Request: GET https://www.okx.com/api/v5/account/positions?instType=SWAP "HTTP/2 200 OK"
2026-03-16 15:59:45,771 | INFO | HTTP Request: GET https://www.okx.com/api/v5/market/candles?instId=1INCH-USDT-SWAP&bar=5m&limit=89 "HTTP/2 200 OK"
2026-03-16 15:59:45,817 | INFO | HTTP Request: GET https://www.okx.com/api/v5/market/candles?instId=CRO-USDT-SWAP&bar=5m&limit=26 "HTTP/2 200 OK"
2026-03-16 15:59:46,051 | INFO | HTTP Request: GET https://www.okx.com/api/v5/market/candles?instId=XAG-USDT-SWAP&bar=5m&limit=26 "HTTP/2 200 OK"
2026-03-16 15:59:46,237 | INFO | HTTP Request: GET https://www.okx.com/api/v5/market/ticker?instId=2Z-USDT-SWAP "HTTP/2 200 OK"
2026-03-16 15:59:46,349 | INFO | HTTP Request: GET https://www.okx.com/api/v5/market/candles?instId=ICP-USDT-SWAP&bar=5m&limit=26 "HTTP/2 200 OK"
2026-03-16 15:59:46,350 | ERROR | Ошибка в цикле стратегии: [WinError 10035] Операция на незаблокированном сокете не может быть завершена немедленно
Traceback (most recent call last):
  File "C:\Users\Home\AppData\Local\Python\pythoncore-3.14-64\Lib\site-packages\httpx\_transports\default.py", line 101, in map_httpcore_exceptions
    yield
  File "C:\Users\Home\AppData\Local\Python\pythoncore-3.14-64\Lib\site-packages\httpx\_transports\default.py", line 250, in handle_request
    resp = self._pool.handle_request(req)
  File "C:\Users\Home\AppData\Local\Python\pythoncore-3.14-64\Lib\site-packages\httpcore\_sync\connection_pool.py", line 256, in handle_request
    raise exc from None
  File "C:\Users\Home\AppData\Local\Python\pythoncore-3.14-64\Lib\site-packages\httpcore\_sync\connection_pool.py", line 236, in handle_request
    response = connection.handle_request(
        pool_request.request
    )
  File "C:\Users\Home\AppData\Local\Python\pythoncore-3.14-64\Lib\site-packages\httpcore\_sync\connection.py", line 103, in handle_request
    return self._connection.handle_request(request)
           ~~~~~~~~~~~~~~~~~~~~~~~~~~~~~~~^^^^^^^^^
  File "C:\Users\Home\AppData\Local\Python\pythoncore-3.14-64\Lib\site-packages\httpcore\_sync\http2.py", line 187, in handle_request
    raise exc
  File "C:\Users\Home\AppData\Local\Python\pythoncore-3.14-64\Lib\site-packages\httpcore\_sync\http2.py", line 150, in handle_request
    status, headers = self._receive_response(
                      ~~~~~~~~~~~~~~~~~~~~~~^
        request=request, stream_id=stream_id
        ^^^^^^^^^^^^^^^^^^^^^^^^^^^^^^^^^^^^
    )
    ^
  File "C:\Users\Home\AppData\Local\Python\pythoncore-3.14-64\Lib\site-packages\httpcore\_sync\http2.py", line 294, in _receive_response
    event = self._receive_stream_event(request, stream_id)
  File "C:\Users\Home\AppData\Local\Python\pythoncore-3.14-64\Lib\site-packages\httpcore\_sync\http2.py", line 336, in _receive_stream_event
    self._receive_events(request, stream_id)
    ~~~~~~~~~~~~~~~~~~~~^^^^^^^^^^^^^^^^^^^^
  File "C:\Users\Home\AppData\Local\Python\pythoncore-3.14-64\Lib\site-packages\httpcore\_sync\http2.py", line 364, in _receive_events
    events = self._read_incoming_data(request)
  File "C:\Users\Home\AppData\Local\Python\pythoncore-3.14-64\Lib\site-packages\httpcore\_sync\http2.py", line 438, in _read_incoming_data
    raise self._read_exception  # pragma: nocover
    ^^^^^^^^^^^^^^^^^^^^^^^^^^
  File "C:\Users\Home\AppData\Local\Python\pythoncore-3.14-64\Lib\site-packages\httpx\_transports\default.py", line 101, in map_httpcore_exceptions
    yield
  File "C:\Users\Home\AppData\Local\Python\pythoncore-3.14-64\Lib\site-packages\httpx\_transports\default.py", line 250, in handle_request
    resp = self._pool.handle_request(req)
  File "C:\Users\Home\AppData\Local\Python\pythoncore-3.14-64\Lib\site-packages\httpcore\_sync\connection_pool.py", line 256, in handle_request
    raise exc from None
  File "C:\Users\Home\AppData\Local\Python\pythoncore-3.14-64\Lib\site-packages\httpcore\_sync\connection_pool.py", line 236, in handle_request
    response = connection.handle_request(
        pool_request.request
    )
  File "C:\Users\Home\AppData\Local\Python\pythoncore-3.14-64\Lib\site-packages\httpcore\_sync\connection.py", line 103, in handle_request
    return self._connection.handle_request(request)
           ~~~~~~~~~~~~~~~~~~~~~~~~~~~~~~~^^^^^^^^^
  File "C:\Users\Home\AppData\Local\Python\pythoncore-3.14-64\Lib\site-packages\httpcore\_sync\http2.py", line 187, in handle_request
    raise exc
  File "C:\Users\Home\AppData\Local\Python\pythoncore-3.14-64\Lib\site-packages\httpcore\_sync\http2.py", line 150, in handle_request
    status, headers = self._receive_response(
                      ~~~~~~~~~~~~~~~~~~~~~~^
        request=request, stream_id=stream_id
        ^^^^^^^^^^^^^^^^^^^^^^^^^^^^^^^^^^^^
    )
    ^
  File "C:\Users\Home\AppData\Local\Python\pythoncore-3.14-64\Lib\site-packages\httpcore\_sync\http2.py", line 294, in _receive_response
    event = self._receive_stream_event(request, stream_id)
  File "C:\Users\Home\AppData\Local\Python\pythoncore-3.14-64\Lib\site-packages\httpcore\_sync\http2.py", line 336, in _receive_stream_event
    self._receive_events(request, stream_id)
    ~~~~~~~~~~~~~~~~~~~~^^^^^^^^^^^^^^^^^^^^
  File "C:\Users\Home\AppData\Local\Python\pythoncore-3.14-64\Lib\site-packages\httpcore\_sync\http2.py", line 364, in _receive_events
    events = self._read_incoming_data(request)
  File "C:\Users\Home\AppData\Local\Python\pythoncore-3.14-64\Lib\site-packages\httpcore\_sync\http2.py", line 455, in _read_incoming_data
    raise exc
  File "C:\Users\Home\AppData\Local\Python\pythoncore-3.14-64\Lib\site-packages\httpcore\_sync\http2.py", line 441, in _read_incoming_data
    data = self._network_stream.read(self.READ_NUM_BYTES, timeout)
  File "C:\Users\Home\AppData\Local\Python\pythoncore-3.14-64\Lib\site-packages\httpcore\_backends\sync.py", line 126, in read
    with map_exceptions(exc_map):
         ~~~~~~~~~~~~~~^^^^^^^^^
  File "C:\Users\Home\AppData\Local\Python\pythoncore-3.14-64\Lib\contextlib.py", line 162, in __exit__
    self.gen.throw(value)
    ~~~~~~~~~~~~~~^^^^^^^
  File "C:\Users\Home\AppData\Local\Python\pythoncore-3.14-64\Lib\site-packages\httpcore\_exceptions.py", line 14, in map_exceptions
    raise to_exc(exc) from exc
httpcore.ReadError: [WinError 10035] Операция на незаблокированном сокете не может быть завершена немедленно

The above exception was the direct cause of the following exception:

Traceback (most recent call last):
  File "D:\GIT\okx-trading-bot\v08x\084_8\main_v084_8.py", line 2560, in run_loop
    self.sync_positions_from_exchange()
    ~~~~~~~~~~~~~~~~~~~~~~~~~~~~~~~~~^^
  File "D:\GIT\okx-trading-bot\v08x\084_8\main_v084_8.py", line 2616, in sync_positions_from_exchange
    atr = self.compute_atr(inst_id)
  File "D:\GIT\okx-trading-bot\v08x\084_8\main_v084_8.py", line 4643, in compute_atr
    candles = self.gateway.get_candles(inst_id, self.cfg.timeframe, self.cfg.atr_period + 5)
  File "D:\GIT\okx-trading-bot\v08x\084_8\okx_gateway.py", line 79, in get_candles
    candles = self.fetch_candles(inst_id, bar, limit)
  File "D:\GIT\okx-trading-bot\v08x\084_8\okx_gateway.py", line 56, in fetch_candles
    resp = self.market_api.get_candlesticks(instId=inst_id, bar=bar, limit=str(limit + 1))
  File "C:\Users\Home\AppData\Local\Python\pythoncore-3.14-64\Lib\site-packages\okx\MarketData.py", line 37, in get_candlesticks
    return self._request_with_params(GET, MARKET_CANDLES, params)
           ~~~~~~~~~~~~~~~~~~~~~~~~~^^^^^^^^^^^^^^^^^^^^^^^^^^^^^
  File "C:\Users\Home\AppData\Local\Python\pythoncore-3.14-64\Lib\site-packages\okx\okxclient.py", line 64, in _request_with_params
    return self._request(method, request_path, params)
           ~~~~~~~~~~~~~^^^^^^^^^^^^^^^^^^^^^^^^^^^^^^
  File "C:\Users\Home\AppData\Local\Python\pythoncore-3.14-64\Lib\site-packages\okx\okxclient.py", line 55, in _request
    response = self.get(request_path, headers=header)
  File "C:\Users\Home\AppData\Local\Python\pythoncore-3.14-64\Lib\site-packages\httpx\_client.py", line 1053, in get
    return self.request(
           ~~~~~~~~~~~~^
        "GET",
        ^^^^^^
    ...<7 lines>...
        extensions=extensions,
        ^^^^^^^^^^^^^^^^^^^^^^
    )
    ^
  File "C:\Users\Home\AppData\Local\Python\pythoncore-3.14-64\Lib\site-packages\httpx\_client.py", line 825, in request
    return self.send(request, auth=auth, follow_redirects=follow_redirects)
           ~~~~~~~~~^^^^^^^^^^^^^^^^^^^^^^^^^^^^^^^^^^^^^^^^^^^^^^^^^^^^^^^
  File "C:\Users\Home\AppData\Local\Python\pythoncore-3.14-64\Lib\site-packages\httpx\_client.py", line 914, in send
    response = self._send_handling_auth(
        request,
    ...<2 lines>...
        history=[],
    )
  File "C:\Users\Home\AppData\Local\Python\pythoncore-3.14-64\Lib\site-packages\httpx\_client.py", line 942, in _send_handling_auth
    response = self._send_handling_redirects(
        request,
        follow_redirects=follow_redirects,
        history=history,
    )
  File "C:\Users\Home\AppData\Local\Python\pythoncore-3.14-64\Lib\site-packages\httpx\_client.py", line 979, in _send_handling_redirects
    response = self._send_single_request(request)
  File "C:\Users\Home\AppData\Local\Python\pythoncore-3.14-64\Lib\site-packages\httpx\_client.py", line 1014, in _send_single_request
    response = transport.handle_request(request)
  File "C:\Users\Home\AppData\Local\Python\pythoncore-3.14-64\Lib\site-packages\httpx\_transports\default.py", line 249, in handle_request
    with map_httpcore_exceptions():
         ~~~~~~~~~~~~~~~~~~~~~~~^^
  File "C:\Users\Home\AppData\Local\Python\pythoncore-3.14-64\Lib\contextlib.py", line 162, in __exit__
    self.gen.throw(value)
    ~~~~~~~~~~~~~~^^^^^^^
  File "C:\Users\Home\AppData\Local\Python\pythoncore-3.14-64\Lib\site-packages\httpx\_transports\default.py", line 118, in map_httpcore_exceptions
    raise mapped_exc(message) from exc
httpx.ReadError: [WinError 10035] Операция на незаблокированном сокете не может быть завершена немедленно
2026-03-16 15:59:46,826 | INFO | HTTP Request: GET https://www.okx.com/api/v5/market/ticker?instId=A-USDT-SWAP "HTTP/2 200 OK"
2026-03-16 15:59:46,962 | INFO | HTTP Request: GET https://www.okx.com/api/v5/market/candles?instId=BTC-USDT-SWAP&bar=5m&limit=64 "HTTP/2 200 OK"
2026-03-16 15:59:47,075 | INFO | HTTP Request: GET https://www.okx.com/api/v5/market/candles?instId=A-USDT-SWAP&bar=5m&limit=89 "HTTP/2 200 OK"
2026-03-16 15:59:47,515 | INFO | HTTP Request: GET https://www.okx.com/api/v5/market/ticker?instId=AAVE-USDT-SWAP "HTTP/2 200 OK"
2026-03-16 15:59:47,829 | INFO | HTTP Request: GET https://www.okx.com/api/v5/market/candles?instId=AAVE-USDT-SWAP&bar=5m&limit=89 "HTTP/2 200 OK"
2026-03-16 15:59:48,255 | INFO | HTTP Request: GET https://www.okx.com/api/v5/market/ticker?instId=ACT-USDT-SWAP "HTTP/2 200 OK"
2026-03-16 15:59:48,505 | INFO | HTTP Request: GET https://www.okx.com/api/v5/market/candles?instId=ACT-USDT-SWAP&bar=5m&limit=89 "HTTP/2 200 OK"
2026-03-16 15:59:48,862 | INFO | HTTP Request: GET https://www.okx.com/api/v5/market/ticker?instId=ADA-USDT-SWAP "HTTP/2 200 OK"
2026-03-16 15:59:49,097 | INFO | HTTP Request: GET https://www.okx.com/api/v5/market/candles?instId=ADA-USDT-SWAP&bar=5m&limit=89 "HTTP/2 200 OK"
2026-03-16 15:59:49,522 | INFO | HTTP Request: GET https://www.okx.com/api/v5/market/ticker?instId=AI16Z-USDT-SWAP "HTTP/2 200 OK"
2026-03-16 15:59:49,773 | INFO | HTTP Request: GET https://www.okx.com/api/v5/market/candles?instId=AI16Z-USDT-SWAP&bar=5m&limit=89 "HTTP/2 200 OK"
2026-03-16 15:59:50,215 | INFO | HTTP Request: GET https://www.okx.com/api/v5/market/ticker?instId=AKITA-USDT-SWAP "HTTP/2 200 OK"
2026-03-16 15:59:50,451 | INFO | HTTP Request: GET https://www.okx.com/api/v5/market/candles?instId=AKITA-USDT-SWAP&bar=5m&limit=89 "HTTP/2 200 OK"
2026-03-16 15:59:50,815 | INFO | HTTP Request: GET https://www.okx.com/api/v5/market/ticker?instId=ALGO-USDT-SWAP "HTTP/2 200 OK"
2026-03-16 15:59:50,817 | INFO | HTTP Request: GET https://www.okx.com/api/v5/account/balance "HTTP/2 200 OK"
2026-03-16 15:59:51,119 | INFO | HTTP Request: GET https://www.okx.com/api/v5/market/candles?instId=ALGO-USDT-SWAP&bar=5m&limit=89 "HTTP/2 200 OK"
2026-03-16 15:59:51,484 | INFO | HTTP Request: GET https://www.okx.com/api/v5/market/ticker?instId=ARB-USDT-SWAP "HTTP/2 200 OK"
2026-03-16 15:59:51,744 | INFO | HTTP Request: GET https://www.okx.com/api/v5/account/positions?instType=SWAP "HTTP/2 200 OK"
2026-03-16 15:59:51,776 | INFO | HTTP Request: GET https://www.okx.com/api/v5/market/candles?instId=ARB-USDT-SWAP&bar=5m&limit=89 "HTTP/2 200 OK"
2026-03-16 15:59:52,037 | INFO | HTTP Request: GET https://www.okx.com/api/v5/market/candles?instId=BREV-USDT-SWAP&bar=5m&limit=26 "HTTP/2 200 OK"
2026-03-16 15:59:52,145 | INFO | HTTP Request: GET https://www.okx.com/api/v5/market/ticker?instId=ASP-USDT-SWAP "HTTP/2 200 OK"
2026-03-16 15:59:52,332 | INFO | HTTP Request: GET https://www.okx.com/api/v5/market/candles?instId=1INCH-USDT-SWAP&bar=5m&limit=71 "HTTP/2 200 OK"
2026-03-16 15:59:52,440 | INFO | HTTP Request: GET https://www.okx.com/api/v5/market/candles?instId=ASP-USDT-SWAP&bar=5m&limit=89 "HTTP/2 200 OK"
2026-03-16 15:59:52,566 | INFO | HTTP Request: GET https://www.okx.com/api/v5/market/candles?instId=2Z-USDT-SWAP&bar=5m&limit=71 "HTTP/2 200 OK"
2026-03-16 15:59:52,793 | INFO | HTTP Request: GET https://www.okx.com/api/v5/market/ticker?instId=ASTER-USDT-SWAP "HTTP/2 200 OK"
2026-03-16 15:59:52,799 | INFO | HTTP Request: GET https://www.okx.com/api/v5/market/ticker?instId=2Z-USDT-SWAP "HTTP/2 200 OK"
2026-03-16 15:59:53,094 | INFO | HTTP Request: GET https://www.okx.com/api/v5/market/candles?instId=ASTER-USDT-SWAP&bar=5m&limit=89 "HTTP/2 200 OK"
2026-03-16 15:59:53,096 | INFO | 2Z-USDT-SWAP: Turtle 55 short-сигнал отклонён (закрытие не удержалось ниже канала)
2026-03-16 15:59:53,096 | INFO | 2Z-USDT-SWAP: Turtle 20 short-сигнал отклонён (закрытие не удержалось ниже канала)
2026-03-16 15:59:53,222 | INFO | HTTP Request: GET https://www.okx.com/api/v5/market/candles?instId=BTC-USDT-SWAP&bar=5m&limit=64 "HTTP/2 200 OK"
2026-03-16 15:59:53,402 | INFO | HTTP Request: GET https://www.okx.com/api/v5/market/candles?instId=A-USDT-SWAP&bar=5m&limit=71 "HTTP/2 200 OK"
2026-03-16 15:59:53,513 | INFO | HTTP Request: GET https://www.okx.com/api/v5/market/ticker?instId=ATOM-USDT-SWAP "HTTP/2 200 OK"
2026-03-16 15:59:53,704 | INFO | HTTP Request: GET https://www.okx.com/api/v5/market/candles?instId=AAVE-USDT-SWAP&bar=5m&limit=71 "HTTP/2 200 OK"
2026-03-16 15:59:54,000 | INFO | HTTP Request: GET https://www.okx.com/api/v5/market/candles?instId=ATOM-USDT-SWAP&bar=5m&limit=89 "HTTP/2 200 OK"
2026-03-16 15:59:54,237 | INFO | HTTP Request: GET https://www.okx.com/api/v5/market/candles?instId=ACT-USDT-SWAP&bar=5m&limit=71 "HTTP/2 200 OK"
2026-03-16 15:59:54,415 | INFO | HTTP Request: GET https://www.okx.com/api/v5/market/ticker?instId=AUCTION-USDT-SWAP "HTTP/2 200 OK"
2026-03-16 15:59:54,654 | INFO | HTTP Request: GET https://www.okx.com/api/v5/market/candles?instId=AUCTION-USDT-SWAP&bar=5m&limit=89 "HTTP/2 200 OK"
2026-03-16 15:59:54,708 | INFO | HTTP Request: GET https://www.okx.com/api/v5/market/candles?instId=ADA-USDT-SWAP&bar=5m&limit=71 "HTTP/2 200 OK"
2026-03-16 15:59:54,940 | INFO | HTTP Request: GET https://www.okx.com/api/v5/market/candles?instId=AI16Z-USDT-SWAP&bar=5m&limit=71 "HTTP/2 200 OK"
2026-03-16 15:59:55,024 | INFO | HTTP Request: GET https://www.okx.com/api/v5/market/ticker?instId=AVAX-USDT-SWAP "HTTP/2 200 OK"
2026-03-16 15:59:55,230 | INFO | HTTP Request: GET https://www.okx.com/api/v5/market/candles?instId=AKITA-USDT-SWAP&bar=5m&limit=71 "HTTP/2 200 OK"
2026-03-16 15:59:55,464 | INFO | HTTP Request: GET https://www.okx.com/api/v5/market/candles?instId=AVAX-USDT-SWAP&bar=5m&limit=89 "HTTP/2 200 OK"
2026-03-16 15:59:55,476 | INFO | HTTP Request: GET https://www.okx.com/api/v5/market/candles?instId=ALGO-USDT-SWAP&bar=5m&limit=71 "HTTP/2 200 OK"
2026-03-16 15:59:55,481 | INFO | ASTER-USDT-SWAP: Turtle 20 short-сигнал отклонён (закрытие не удержалось ниже канала)
2026-03-16 15:59:55,772 | INFO | HTTP Request: GET https://www.okx.com/api/v5/market/candles?instId=AXS-USDT-SWAP&bar=5m&limit=71 "HTTP/2 200 OK"
2026-03-16 15:59:55,900 | INFO | HTTP Request: GET https://www.okx.com/api/v5/market/ticker?instId=AXS-USDT-SWAP "HTTP/2 200 OK"
2026-03-16 15:59:56,090 | INFO | HTTP Request: GET https://www.okx.com/api/v5/market/candles?instId=BAND-USDT-SWAP&bar=5m&limit=71 "HTTP/2 200 OK"
2026-03-16 15:59:56,118 | INFO | HTTP Request: GET https://www.okx.com/api/v5/account/balance "HTTP/2 200 OK"
2026-03-16 15:59:56,134 | INFO | HTTP Request: GET https://www.okx.com/api/v5/market/candles?instId=AXS-USDT-SWAP&bar=5m&limit=89 "HTTP/2 200 OK"
2026-03-16 15:59:56,431 | INFO | HTTP Request: GET https://www.okx.com/api/v5/market/candles?instId=BCH-USDT-SWAP&bar=5m&limit=71 "HTTP/2 200 OK"
2026-03-16 15:59:56,488 | INFO | HTTP Request: GET https://www.okx.com/api/v5/market/ticker?instId=BAND-USDT-SWAP "HTTP/2 200 OK"
2026-03-16 15:59:56,726 | INFO | HTTP Request: GET https://www.okx.com/api/v5/market/candles?instId=BIO-USDT-SWAP&bar=5m&limit=71 "HTTP/2 200 OK"
2026-03-16 15:59:57,018 | INFO | HTTP Request: GET https://www.okx.com/api/v5/market/candles?instId=BLUAI-USDT-SWAP&bar=5m&limit=71 "HTTP/2 200 OK"
2026-03-16 15:59:57,145 | INFO | HTTP Request: GET https://www.okx.com/api/v5/market/ticker?instId=BCH-USDT-SWAP "HTTP/2 200 OK"
2026-03-16 15:59:57,249 | INFO | HTTP Request: GET https://www.okx.com/api/v5/market/candles?instId=BNB-USDT-SWAP&bar=5m&limit=71 "HTTP/2 200 OK"
2026-03-16 15:59:57,483 | INFO | HTTP Request: GET https://www.okx.com/api/v5/market/candles?instId=BOME-USDT-SWAP&bar=5m&limit=71 "HTTP/2 200 OK"
2026-03-16 15:59:57,512 | INFO | HTTP Request: GET https://www.okx.com/api/v5/market/ticker?instId=BIO-USDT-SWAP "HTTP/2 200 OK"
2026-03-16 15:59:57,777 | INFO | HTTP Request: GET https://www.okx.com/api/v5/market/candles?instId=BRETT-USDT-SWAP&bar=5m&limit=71 "HTTP/2 200 OK"
2026-03-16 15:59:57,930 | INFO | HTTP Request: GET https://www.okx.com/api/v5/market/ticker?instId=BLUAI-USDT-SWAP "HTTP/2 200 OK"
2026-03-16 15:59:58,024 | INFO | HTTP Request: GET https://www.okx.com/api/v5/market/candles?instId=BTC-USDT-SWAP&bar=5m&limit=71 "HTTP/2 200 OK"
2026-03-16 15:59:58,295 | INFO | HTTP Request: GET https://www.okx.com/api/v5/market/ticker?instId=BNB-USDT-SWAP "HTTP/2 200 OK"
2026-03-16 15:59:58,329 | INFO | HTTP Request: GET https://www.okx.com/api/v5/market/candles?instId=CAT-USDT-SWAP&bar=5m&limit=71 "HTTP/2 200 OK"
2026-03-16 15:59:58,626 | INFO | HTTP Request: GET https://www.okx.com/api/v5/market/candles?instId=CATI-USDT-SWAP&bar=5m&limit=71 "HTTP/2 200 OK"
2026-03-16 15:59:58,673 | INFO | HTTP Request: GET https://www.okx.com/api/v5/market/ticker?instId=BOME-USDT-SWAP "HTTP/2 200 OK"
2026-03-16 15:59:58,857 | INFO | HTTP Request: GET https://www.okx.com/api/v5/market/candles?instId=CELO-USDT-SWAP&bar=5m&limit=71 "HTTP/2 200 OK"
2026-03-16 15:59:59,105 | INFO | HTTP Request: GET https://www.okx.com/api/v5/market/candles?instId=CFX-USDT-SWAP&bar=5m&limit=71 "HTTP/2 200 OK"
2026-03-16 15:59:59,272 | INFO | HTTP Request: GET https://www.okx.com/api/v5/market/ticker?instId=BRETT-USDT-SWAP "HTTP/2 200 OK"
2026-03-16 15:59:59,352 | INFO | HTTP Request: GET https://www.okx.com/api/v5/market/candles?instId=CHZ-USDT-SWAP&bar=5m&limit=71 "HTTP/2 200 OK"
2026-03-16 15:59:59,597 | INFO | HTTP Request: GET https://www.okx.com/api/v5/market/candles?instId=COAI-USDT-SWAP&bar=5m&limit=71 "HTTP/2 200 OK"
2026-03-16 15:59:59,690 | INFO | HTTP Request: GET https://www.okx.com/api/v5/market/ticker?instId=BREV-USDT-SWAP "HTTP/2 200 OK"
2026-03-16 15:59:59,937 | INFO | HTTP Request: GET https://www.okx.com/api/v5/market/candles?instId=COMP-USDT-SWAP&bar=5m&limit=71 "HTTP/2 200 OK"
2026-03-16 16:00:00,106 | INFO | HTTP Request: GET https://www.okx.com/api/v5/market/ticker?instId=BTC-USDT-SWAP "HTTP/2 200 OK"
2026-03-16 16:00:00,184 | INFO | HTTP Request: GET https://www.okx.com/api/v5/market/candles?instId=CRV-USDT-SWAP&bar=5m&limit=71 "HTTP/2 200 OK"
2026-03-16 16:00:00,422 | INFO | HTTP Request: GET https://www.okx.com/api/v5/market/candles?instId=DOGE-USDT-SWAP&bar=5m&limit=71 "HTTP/2 200 OK"
2026-03-16 16:00:00,529 | INFO | HTTP Request: GET https://www.okx.com/api/v5/market/ticker?instId=CAT-USDT-SWAP "HTTP/2 200 OK"
2026-03-16 16:00:00,655 | INFO | HTTP Request: GET https://www.okx.com/api/v5/market/candles?instId=DOT-USDT-SWAP&bar=5m&limit=71 "HTTP/2 200 OK"
2026-03-16 16:00:00,947 | INFO | HTTP Request: GET https://www.okx.com/api/v5/market/ticker?instId=DOT-USDT-SWAP "HTTP/2 200 OK"
2026-03-16 16:00:00,948 | INFO | DOT-USDT-SWAP: Turtle 20 short-сигнал отклонён (закрытие не удержалось ниже канала)
2026-03-16 16:00:01,075 | INFO | HTTP Request: GET https://www.okx.com/api/v5/market/ticker?instId=CATI-USDT-SWAP "HTTP/2 200 OK"
2026-03-16 16:00:01,190 | INFO | HTTP Request: GET https://www.okx.com/api/v5/market/candles?instId=ENA-USDT-SWAP&bar=5m&limit=71 "HTTP/2 200 OK"
2026-03-16 16:00:01,492 | INFO | HTTP Request: GET https://www.okx.com/api/v5/market/ticker?instId=CELO-USDT-SWAP "HTTP/2 200 OK"
2026-03-16 16:00:01,496 | INFO | HTTP Request: GET https://www.okx.com/api/v5/market/candles?instId=EOS-USDT-SWAP&bar=5m&limit=71 "HTTP/2 200 OK"
2026-03-16 16:00:01,539 | INFO | HTTP Request: GET https://www.okx.com/api/v5/account/balance "HTTP/2 200 OK"
2026-03-16 16:00:01,787 | INFO | HTTP Request: GET https://www.okx.com/api/v5/market/candles?instId=ETC-USDT-SWAP&bar=5m&limit=71 "HTTP/2 200 OK"
2026-03-16 16:00:01,850 | INFO | HTTP Request: GET https://www.okx.com/api/v5/market/ticker?instId=CFX-USDT-SWAP "HTTP/2 200 OK"
2026-03-16 16:00:02,086 | INFO | HTTP Request: GET https://www.okx.com/api/v5/market/ticker?instId=ETC-USDT-SWAP "HTTP/2 200 OK"
2026-03-16 16:00:02,220 | INFO | HTTP Request: GET https://www.okx.com/api/v5/market/ticker?instId=CHZ-USDT-SWAP "HTTP/2 200 OK"
2026-03-16 16:00:02,384 | INFO | HTTP Request: GET https://www.okx.com/api/v5/market/candles?instId=ETH-USDT-SWAP&bar=5m&limit=71 "HTTP/2 200 OK"
2026-03-16 16:00:02,572 | INFO | HTTP Request: GET https://www.okx.com/api/v5/market/ticker?instId=COAI-USDT-SWAP "HTTP/2 200 OK"
2026-03-16 16:00:02,632 | INFO | HTTP Request: GET https://www.okx.com/api/v5/market/candles?instId=ETHFI-USDT-SWAP&bar=5m&limit=71 "HTTP/2 200 OK"
2026-03-16 16:00:02,642 | INFO | HTTP Request: GET https://www.okx.com/api/v5/market/candles?instId=BTC-USDT-SWAP&bar=5m&limit=64 "HTTP/2 200 OK"
2026-03-16 16:00:02,930 | INFO | HTTP Request: GET https://www.okx.com/api/v5/market/ticker?instId=ETHFI-USDT-SWAP "HTTP/2 200 OK"
2026-03-16 16:00:02,931 | INFO | ETHFI-USDT-SWAP: Turtle 55 short-сигнал отклонён (закрытие не удержалось ниже канала)
2026-03-16 16:00:02,932 | INFO | ETHFI-USDT-SWAP: Turtle 20 short-сигнал отклонён (закрытие не удержалось ниже канала)
2026-03-16 16:00:02,987 | INFO | HTTP Request: GET https://www.okx.com/api/v5/market/ticker?instId=COMP-USDT-SWAP "HTTP/2 200 OK"
2026-03-16 16:00:03,183 | INFO | HTTP Request: GET https://www.okx.com/api/v5/market/candles?instId=ETHW-USDT-SWAP&bar=5m&limit=71 "HTTP/2 200 OK"
2026-03-16 16:00:03,486 | INFO | HTTP Request: GET https://www.okx.com/api/v5/market/candles?instId=FIL-USDT-SWAP&bar=5m&limit=71 "HTTP/2 200 OK"
2026-03-16 16:00:03,625 | INFO | HTTP Request: GET https://www.okx.com/api/v5/market/ticker?instId=CRO-USDT-SWAP "HTTP/2 200 OK"
2026-03-16 16:00:03,805 | INFO | HTTP Request: GET https://www.okx.com/api/v5/market/candles?instId=FLOKI-USDT-SWAP&bar=5m&limit=71 "HTTP/2 200 OK"
2026-03-16 16:00:04,049 | INFO | HTTP Request: GET https://www.okx.com/api/v5/market/ticker?instId=CRV-USDT-SWAP "HTTP/2 200 OK"
2026-03-16 16:00:04,103 | INFO | HTTP Request: GET https://www.okx.com/api/v5/market/candles?instId=GMT-USDT-SWAP&bar=5m&limit=71 "HTTP/2 200 OK"
2026-03-16 16:00:04,350 | INFO | HTTP Request: GET https://www.okx.com/api/v5/market/candles?instId=H-USDT-SWAP&bar=5m&limit=71 "HTTP/2 200 OK"
2026-03-16 16:00:04,474 | INFO | HTTP Request: GET https://www.okx.com/api/v5/market/ticker?instId=DOGE-USDT-SWAP "HTTP/2 200 OK"
2026-03-16 16:00:04,667 | INFO | HTTP Request: GET https://www.okx.com/api/v5/market/candles?instId=HBAR-USDT-SWAP&bar=5m&limit=71 "HTTP/2 200 OK"
2026-03-16 16:00:05,007 | INFO | HTTP Request: GET https://www.okx.com/api/v5/market/ticker?instId=ENA-USDT-SWAP "HTTP/2 200 OK"
2026-03-16 16:00:05,025 | INFO | HTTP Request: GET https://www.okx.com/api/v5/market/candles?instId=HMSTR-USDT-SWAP&bar=5m&limit=71 "HTTP/2 200 OK"
2026-03-16 16:00:05,258 | INFO | HTTP Request: GET https://www.okx.com/api/v5/market/candles?instId=HOME-USDT-SWAP&bar=5m&limit=71 "HTTP/2 200 OK"
2026-03-16 16:00:05,364 | INFO | HTTP Request: GET https://www.okx.com/api/v5/market/ticker?instId=EOS-USDT-SWAP "HTTP/2 200 OK"
2026-03-16 16:00:05,611 | INFO | HTTP Request: GET https://www.okx.com/api/v5/market/candles?instId=IMX-USDT-SWAP&bar=5m&limit=71 "HTTP/2 200 OK"
2026-03-16 16:00:05,908 | INFO | HTTP Request: GET https://www.okx.com/api/v5/market/ticker?instId=ETH-USDT-SWAP "HTTP/2 200 OK"
2026-03-16 16:00:06,202 | INFO | HTTP Request: GET https://www.okx.com/api/v5/market/candles?instId=INJ-USDT-SWAP&bar=5m&limit=71 "HTTP/2 200 OK"
2026-03-16 16:00:06,466 | INFO | HTTP Request: GET https://www.okx.com/api/v5/market/ticker?instId=ETHW-USDT-SWAP "HTTP/2 200 OK"
2026-03-16 16:00:06,503 | INFO | HTTP Request: GET https://www.okx.com/api/v5/market/candles?instId=IOTA-USDT-SWAP&bar=5m&limit=71 "HTTP/2 200 OK"
2026-03-16 16:00:06,807 | INFO | HTTP Request: GET https://www.okx.com/api/v5/market/candles?instId=JUP-USDT-SWAP&bar=5m&limit=71 "HTTP/2 200 OK"
2026-03-16 16:00:06,833 | INFO | HTTP Request: GET https://www.okx.com/api/v5/market/ticker?instId=FIL-USDT-SWAP "HTTP/2 200 OK"
2026-03-16 16:00:06,862 | INFO | HTTP Request: GET https://www.okx.com/api/v5/account/balance "HTTP/2 200 OK"
2026-03-16 16:00:07,051 | INFO | HTTP Request: GET https://www.okx.com/api/v5/market/candles?instId=KAITO-USDT-SWAP&bar=5m&limit=71 "HTTP/2 200 OK"
2026-03-16 16:00:07,204 | INFO | HTTP Request: GET https://www.okx.com/api/v5/market/ticker?instId=FLOKI-USDT-SWAP "HTTP/2 200 OK"
2026-03-16 16:00:07,451 | INFO | HTTP Request: GET https://www.okx.com/api/v5/market/candles?instId=KSM-USDT-SWAP&bar=5m&limit=71 "HTTP/2 200 OK"
2026-03-16 16:00:07,559 | INFO | HTTP Request: GET https://www.okx.com/api/v5/market/ticker?instId=GMT-USDT-SWAP "HTTP/2 200 OK"
2026-03-16 16:00:07,797 | INFO | HTTP Request: GET https://www.okx.com/api/v5/market/candles?instId=LDO-USDT-SWAP&bar=5m&limit=71 "HTTP/2 200 OK"
2026-03-16 16:00:07,926 | INFO | HTTP Request: GET https://www.okx.com/api/v5/market/ticker?instId=H-USDT-SWAP "HTTP/2 200 OK"
2026-03-16 16:00:08,108 | INFO | HTTP Request: GET https://www.okx.com/api/v5/market/candles?instId=LINEA-USDT-SWAP&bar=5m&limit=71 "HTTP/2 200 OK"
2026-03-16 16:00:08,346 | INFO | HTTP Request: GET https://www.okx.com/api/v5/market/ticker?instId=HBAR-USDT-SWAP "HTTP/2 200 OK"
2026-03-16 16:00:08,407 | INFO | HTTP Request: GET https://www.okx.com/api/v5/market/candles?instId=LINK-USDT-SWAP&bar=5m&limit=71 "HTTP/2 200 OK"
2026-03-16 16:00:08,700 | INFO | HTTP Request: GET https://www.okx.com/api/v5/market/candles?instId=LIT-USDT-SWAP&bar=5m&limit=71 "HTTP/2 200 OK"
2026-03-16 16:00:08,822 | INFO | HTTP Request: GET https://www.okx.com/api/v5/market/ticker?instId=HMSTR-USDT-SWAP "HTTP/2 200 OK"
2026-03-16 16:00:08,900 | INFO | HTTP Request: GET https://www.okx.com/api/v5/market/candles?instId=BTC-USDT-SWAP&bar=5m&limit=64 "HTTP/2 200 OK"
2026-03-16 16:00:09,131 | INFO | HTTP Request: GET https://www.okx.com/api/v5/market/candles?instId=LPT-USDT-SWAP&bar=5m&limit=71 "HTTP/2 200 OK"
2026-03-16 16:00:09,238 | INFO | HTTP Request: GET https://www.okx.com/api/v5/market/ticker?instId=HOME-USDT-SWAP "HTTP/2 200 OK"
2026-03-16 16:00:09,425 | INFO | HTTP Request: GET https://www.okx.com/api/v5/market/candles?instId=LQTY-USDT-SWAP&bar=5m&limit=71 "HTTP/2 200 OK"
2026-03-16 16:00:09,651 | INFO | HTTP Request: GET https://www.okx.com/api/v5/market/ticker?instId=ICP-USDT-SWAP "HTTP/2 200 OK"
2026-03-16 16:00:09,660 | INFO | HTTP Request: GET https://www.okx.com/api/v5/market/candles?instId=LRC-USDT-SWAP&bar=5m&limit=71 "HTTP/2 200 OK"
2026-03-16 16:00:09,956 | INFO | HTTP Request: GET https://www.okx.com/api/v5/market/candles?instId=LTC-USDT-SWAP&bar=5m&limit=71 "HTTP/2 200 OK"
2026-03-16 16:00:10,084 | INFO | HTTP Request: GET https://www.okx.com/api/v5/market/ticker?instId=IMX-USDT-SWAP "HTTP/2 200 OK"
2026-03-16 16:00:10,248 | INFO | HTTP Request: GET https://www.okx.com/api/v5/market/candles?instId=MAGIC-USDT-SWAP&bar=5m&limit=71 "HTTP/2 200 OK"
2026-03-16 16:00:10,440 | INFO | HTTP Request: GET https://www.okx.com/api/v5/market/ticker?instId=INJ-USDT-SWAP "HTTP/2 200 OK"
2026-03-16 16:00:10,546 | INFO | HTTP Request: GET https://www.okx.com/api/v5/market/candles?instId=MAJOR-USDT-SWAP&bar=5m&limit=71 "HTTP/2 200 OK"
2026-03-16 16:00:10,792 | INFO | HTTP Request: GET https://www.okx.com/api/v5/market/ticker?instId=IOTA-USDT-SWAP "HTTP/2 200 OK"
2026-03-16 16:00:10,848 | INFO | HTTP Request: GET https://www.okx.com/api/v5/market/candles?instId=MASK-USDT-SWAP&bar=5m&limit=71 "HTTP/2 200 OK"
2026-03-16 16:00:11,145 | INFO | HTTP Request: GET https://www.okx.com/api/v5/market/candles?instId=MET-USDT-SWAP&bar=5m&limit=71 "HTTP/2 200 OK"
2026-03-16 16:00:11,146 | INFO | HTTP Request: GET https://www.okx.com/api/v5/market/ticker?instId=JUP-USDT-SWAP "HTTP/2 200 OK"
2026-03-16 16:00:11,381 | INFO | HTTP Request: GET https://www.okx.com/api/v5/market/candles?instId=MINA-USDT-SWAP&bar=5m&limit=71 "HTTP/2 200 OK"
2026-03-16 16:00:11,516 | INFO | HTTP Request: GET https://www.okx.com/api/v5/market/ticker?instId=KAITO-USDT-SWAP "HTTP/2 200 OK"
2026-03-16 16:00:11,627 | INFO | HTTP Request: GET https://www.okx.com/api/v5/market/candles?instId=MKR-USDT-SWAP&bar=5m&limit=71 "HTTP/2 200 OK"
2026-03-16 16:00:11,889 | INFO | HTTP Request: GET https://www.okx.com/api/v5/market/candles?instId=MUBARAK-USDT-SWAP&bar=5m&limit=71 "HTTP/2 200 OK"
2026-03-16 16:00:11,933 | INFO | HTTP Request: GET https://www.okx.com/api/v5/market/ticker?instId=KSM-USDT-SWAP "HTTP/2 200 OK"
2026-03-16 16:00:12,167 | INFO | HTTP Request: GET https://www.okx.com/api/v5/market/candles?instId=NEAR-USDT-SWAP&bar=5m&limit=71 "HTTP/2 200 OK"
2026-03-16 16:00:12,205 | INFO | HTTP Request: GET https://www.okx.com/api/v5/account/balance "HTTP/2 200 OK"
2026-03-16 16:00:12,354 | INFO | HTTP Request: GET https://www.okx.com/api/v5/market/ticker?instId=LDO-USDT-SWAP "HTTP/2 200 OK"
2026-03-16 16:00:12,668 | INFO | HTTP Request: GET https://www.okx.com/api/v5/market/candles?instId=NEO-USDT-SWAP&bar=5m&limit=71 "HTTP/2 200 OK"
2026-03-16 16:00:12,772 | INFO | HTTP Request: GET https://www.okx.com/api/v5/market/ticker?instId=LINEA-USDT-SWAP "HTTP/2 200 OK"
2026-03-16 16:00:12,962 | INFO | HTTP Request: GET https://www.okx.com/api/v5/market/candles?instId=NOT-USDT-SWAP&bar=5m&limit=71 "HTTP/2 200 OK"
2026-03-16 16:00:13,195 | INFO | HTTP Request: GET https://www.okx.com/api/v5/market/candles?instId=OP-USDT-SWAP&bar=5m&limit=71 "HTTP/2 200 OK"
2026-03-16 16:00:13,209 | INFO | HTTP Request: GET https://www.okx.com/api/v5/market/ticker?instId=LINK-USDT-SWAP "HTTP/2 200 OK"
2026-03-16 16:00:13,490 | INFO | HTTP Request: GET https://www.okx.com/api/v5/market/ticker?instId=OP-USDT-SWAP "HTTP/2 200 OK"
2026-03-16 16:00:13,564 | INFO | HTTP Request: GET https://www.okx.com/api/v5/market/ticker?instId=LIT-USDT-SWAP "HTTP/2 200 OK"
2026-03-16 16:00:13,565 | INFO | OP-USDT-SWAP: Turtle 20 long-сигнал отклонён (закрытие не удержалось выше канала)
2026-03-16 16:00:13,862 | INFO | HTTP Request: GET https://www.okx.com/api/v5/market/candles?instId=PEPE-USDT-SWAP&bar=5m&limit=71 "HTTP/2 200 OK"
2026-03-16 16:00:14,007 | INFO | HTTP Request: GET https://www.okx.com/api/v5/market/ticker?instId=LPT-USDT-SWAP "HTTP/2 200 OK"
2026-03-16 16:00:14,157 | INFO | HTTP Request: GET https://www.okx.com/api/v5/market/candles?instId=PIGGY-USDT-SWAP&bar=5m&limit=71 "HTTP/2 200 OK"
2026-03-16 16:00:14,403 | INFO | HTTP Request: GET https://www.okx.com/api/v5/market/candles?instId=QTUM-USDT-SWAP&bar=5m&limit=71 "HTTP/2 200 OK"
2026-03-16 16:00:14,668 | INFO | HTTP Request: GET https://www.okx.com/api/v5/market/ticker?instId=LQTY-USDT-SWAP "HTTP/2 200 OK"
2026-03-16 16:00:14,695 | INFO | HTTP Request: GET https://www.okx.com/api/v5/market/candles?instId=RAVE-USDT-SWAP&bar=5m&limit=71 "HTTP/2 200 OK"
2026-03-16 16:00:14,995 | INFO | HTTP Request: GET https://www.okx.com/api/v5/market/candles?instId=RESOLV-USDT-SWAP&bar=5m&limit=71 "HTTP/2 200 OK"
2026-03-16 16:00:15,086 | INFO | HTTP Request: GET https://www.okx.com/api/v5/market/candles?instId=BTC-USDT-SWAP&bar=5m&limit=64 "HTTP/2 200 OK"
2026-03-16 16:00:15,232 | INFO | HTTP Request: GET https://www.okx.com/api/v5/market/candles?instId=ROBO-USDT-SWAP&bar=5m&limit=71 "HTTP/2 200 OK"
2026-03-16 16:00:15,587 | INFO | HTTP Request: GET https://www.okx.com/api/v5/market/ticker?instId=LRC-USDT-SWAP "HTTP/2 200 OK"
2026-03-16 16:00:15,821 | INFO | HTTP Request: GET https://www.okx.com/api/v5/market/candles?instId=SAND-USDT-SWAP&bar=5m&limit=71 "HTTP/2 200 OK"
2026-03-16 16:00:15,941 | INFO | HTTP Request: GET https://www.okx.com/api/v5/market/ticker?instId=LTC-USDT-SWAP "HTTP/2 200 OK"
2026-03-16 16:00:16,116 | INFO | HTTP Request: GET https://www.okx.com/api/v5/market/candles?instId=SCR-USDT-SWAP&bar=5m&limit=71 "HTTP/2 200 OK"
2026-03-16 16:00:16,360 | INFO | HTTP Request: GET https://www.okx.com/api/v5/market/candles?instId=SHIB-USDT-SWAP&bar=5m&limit=71 "HTTP/2 200 OK"
2026-03-16 16:00:16,486 | INFO | HTTP Request: GET https://www.okx.com/api/v5/market/ticker?instId=MAGIC-USDT-SWAP "HTTP/2 200 OK"
2026-03-16 16:00:16,652 | INFO | HTTP Request: GET https://www.okx.com/api/v5/market/candles?instId=SKY-USDT-SWAP&bar=5m&limit=71 "HTTP/2 200 OK"
2026-03-16 16:00:16,897 | INFO | HTTP Request: GET https://www.okx.com/api/v5/market/candles?instId=SOL-USDT-SWAP&bar=5m&limit=71 "HTTP/2 200 OK"
2026-03-16 16:00:17,073 | INFO | HTTP Request: GET https://www.okx.com/api/v5/market/ticker?instId=MAJOR-USDT-SWAP "HTTP/2 200 OK"
2026-03-16 16:00:17,144 | INFO | HTTP Request: GET https://www.okx.com/api/v5/market/candles?instId=SOLV-USDT-SWAP&bar=5m&limit=71 "HTTP/2 200 OK"
2026-03-16 16:00:17,394 | INFO | HTTP Request: GET https://www.okx.com/api/v5/market/candles?instId=SPK-USDT-SWAP&bar=5m&limit=71 "HTTP/2 200 OK"
2026-03-16 16:00:17,428 | INFO | HTTP Request: GET https://www.okx.com/api/v5/market/ticker?instId=MASK-USDT-SWAP "HTTP/2 200 OK"
2026-03-16 16:00:17,517 | INFO | HTTP Request: GET https://www.okx.com/api/v5/account/balance "HTTP/2 200 OK"
2026-03-16 16:00:17,640 | INFO | HTTP Request: GET https://www.okx.com/api/v5/market/candles?instId=STRK-USDT-SWAP&bar=5m&limit=71 "HTTP/2 200 OK"
2026-03-16 16:00:17,964 | INFO | HTTP Request: GET https://www.okx.com/api/v5/market/candles?instId=SUI-USDT-SWAP&bar=5m&limit=71 "HTTP/2 200 OK"
2026-03-16 16:00:18,008 | INFO | HTTP Request: GET https://www.okx.com/api/v5/market/ticker?instId=MET-USDT-SWAP "HTTP/2 200 OK"
2026-03-16 16:00:18,259 | INFO | HTTP Request: GET https://www.okx.com/api/v5/market/candles?instId=SUSHI-USDT-SWAP&bar=5m&limit=71 "HTTP/2 200 OK"
2026-03-16 16:00:18,436 | INFO | HTTP Request: GET https://www.okx.com/api/v5/market/ticker?instId=MINA-USDT-SWAP "HTTP/2 200 OK"
2026-03-16 16:00:18,564 | INFO | HTTP Request: GET https://www.okx.com/api/v5/market/candles?instId=SYRUP-USDT-SWAP&bar=5m&limit=71 "HTTP/2 200 OK"
2026-03-16 16:00:18,864 | INFO | HTTP Request: GET https://www.okx.com/api/v5/market/candles?instId=TEST1234-USDT-SWAP&bar=5m&limit=71 "HTTP/2 200 OK"
2026-03-16 16:00:18,873 | INFO | HTTP Request: GET https://www.okx.com/api/v5/market/ticker?instId=MKR-USDT-SWAP "HTTP/2 200 OK"
2026-03-16 16:00:19,156 | INFO | HTTP Request: GET https://www.okx.com/api/v5/market/candles?instId=TEST3103-USDT-SWAP&bar=5m&limit=71 "HTTP/2 200 OK"
2026-03-16 16:00:19,290 | INFO | HTTP Request: GET https://www.okx.com/api/v5/market/ticker?instId=MUBARAK-USDT-SWAP "HTTP/2 200 OK"
2026-03-16 16:00:19,481 | INFO | HTTP Request: GET https://www.okx.com/api/v5/market/candles?instId=TEST3110-USDT-SWAP&bar=5m&limit=71 "HTTP/2 200 OK"
2026-03-16 16:00:19,712 | INFO | HTTP Request: GET https://www.okx.com/api/v5/market/candles?instId=THETA-USDT-SWAP&bar=5m&limit=71 "HTTP/2 200 OK"
2026-03-16 16:00:19,836 | INFO | HTTP Request: GET https://www.okx.com/api/v5/market/ticker?instId=NEAR-USDT-SWAP "HTTP/2 200 OK"
2026-03-16 16:00:20,009 | INFO | HTTP Request: GET https://www.okx.com/api/v5/market/candles?instId=TON-USDT-SWAP&bar=5m&limit=71 "HTTP/2 200 OK"
2026-03-16 16:00:20,192 | INFO | HTTP Request: GET https://www.okx.com/api/v5/market/ticker?instId=NEO-USDT-SWAP "HTTP/2 200 OK"
2026-03-16 16:00:20,242 | INFO | HTTP Request: GET https://www.okx.com/api/v5/market/candles?instId=TRIA-USDT-SWAP&bar=5m&limit=71 "HTTP/2 200 OK"
2026-03-16 16:00:20,494 | INFO | HTTP Request: GET https://www.okx.com/api/v5/market/candles?instId=TRX-USDT-SWAP&bar=5m&limit=71 "HTTP/2 200 OK"
2026-03-16 16:00:20,560 | INFO | HTTP Request: GET https://www.okx.com/api/v5/market/ticker?instId=NOT-USDT-SWAP "HTTP/2 200 OK"
2026-03-16 16:00:20,800 | INFO | HTTP Request: GET https://www.okx.com/api/v5/market/candles?instId=TSLA-USDT-SWAP&bar=5m&limit=71 "HTTP/2 200 OK"
2026-03-16 16:00:21,051 | INFO | HTTP Request: GET https://www.okx.com/api/v5/market/candles?instId=XAU-USDT-SWAP&bar=5m&limit=71 "HTTP/2 200 OK"
2026-03-16 16:00:21,104 | INFO | HTTP Request: GET https://www.okx.com/api/v5/market/ticker?instId=PEPE-USDT-SWAP "HTTP/2 200 OK"
2026-03-16 16:00:21,285 | INFO | HTTP Request: GET https://www.okx.com/api/v5/market/candles?instId=XLM-USDT-SWAP&bar=5m&limit=71 "HTTP/2 200 OK"
2026-03-16 16:00:21,336 | INFO | HTTP Request: GET https://www.okx.com/api/v5/market/candles?instId=BTC-USDT-SWAP&bar=5m&limit=64 "HTTP/2 200 OK"
2026-03-16 16:00:21,524 | INFO | HTTP Request: GET https://www.okx.com/api/v5/market/ticker?instId=PIGGY-USDT-SWAP "HTTP/2 200 OK"
2026-03-16 16:00:21,606 | INFO | HTTP Request: GET https://www.okx.com/api/v5/market/candles?instId=XPL-USDT-SWAP&bar=5m&limit=71 "HTTP/2 200 OK"
2026-03-16 16:00:21,854 | INFO | HTTP Request: GET https://www.okx.com/api/v5/market/candles?instId=XRP-USDT-SWAP&bar=5m&limit=71 "HTTP/2 200 OK"
2026-03-16 16:00:21,949 | INFO | HTTP Request: GET https://www.okx.com/api/v5/market/ticker?instId=QTUM-USDT-SWAP "HTTP/2 200 OK"
2026-03-16 16:00:22,101 | INFO | HTTP Request: GET https://www.okx.com/api/v5/market/candles?instId=XSR-USDT-SWAP&bar=5m&limit=71 "HTTP/2 200 OK"
2026-03-16 16:00:22,368 | INFO | HTTP Request: GET https://www.okx.com/api/v5/market/ticker?instId=RAVE-USDT-SWAP "HTTP/2 200 OK"
2026-03-16 16:00:22,739 | INFO | HTTP Request: GET https://www.okx.com/api/v5/market/ticker?instId=RESOLV-USDT-SWAP "HTTP/2 200 OK"
2026-03-16 16:00:22,789 | INFO | HTTP Request: GET https://www.okx.com/api/v5/market/candles?instId=XTZ-USDT-SWAP&bar=5m&limit=71 "HTTP/2 200 OK"
2026-03-16 16:00:22,881 | INFO | HTTP Request: GET https://www.okx.com/api/v5/account/balance "HTTP/2 200 OK"
2026-03-16 16:00:23,095 | INFO | HTTP Request: GET https://www.okx.com/api/v5/market/candles?instId=YB-USDT-SWAP&bar=5m&limit=71 "HTTP/2 200 OK"
2026-03-16 16:00:23,144 | INFO | HTTP Request: GET https://www.okx.com/api/v5/market/ticker?instId=ROBO-USDT-SWAP "HTTP/2 200 OK"
2026-03-16 16:00:23,397 | INFO | HTTP Request: GET https://www.okx.com/api/v5/market/candles?instId=YFI-USDT-SWAP&bar=5m&limit=71 "HTTP/2 200 OK"
2026-03-16 16:00:23,585 | INFO | HTTP Request: GET https://www.okx.com/api/v5/market/ticker?instId=SAND-USDT-SWAP "HTTP/2 200 OK"
2026-03-16 16:00:23,633 | INFO | HTTP Request: GET https://www.okx.com/api/v5/market/candles?instId=YGG-USDT-SWAP&bar=5m&limit=71 "HTTP/2 200 OK"
2026-03-16 16:00:23,929 | INFO | HTTP Request: GET https://www.okx.com/api/v5/market/candles?instId=ZAMA-USDT-SWAP&bar=5m&limit=71 "HTTP/2 200 OK"
2026-03-16 16:00:23,990 | INFO | HTTP Request: GET https://www.okx.com/api/v5/market/ticker?instId=SCR-USDT-SWAP "HTTP/2 200 OK"
2026-03-16 16:00:24,181 | INFO | HTTP Request: GET https://www.okx.com/api/v5/market/candles?instId=ZBCN-USDT-SWAP&bar=5m&limit=71 "HTTP/2 200 OK"
2026-03-16 16:00:24,359 | INFO | HTTP Request: GET https://www.okx.com/api/v5/market/ticker?instId=SHIB-USDT-SWAP "HTTP/2 200 OK"
2026-03-16 16:00:24,493 | INFO | HTTP Request: GET https://www.okx.com/api/v5/market/candles?instId=ZETA-USDT-SWAP&bar=5m&limit=71 "HTTP/2 200 OK"
2026-03-16 16:00:24,725 | INFO | HTTP Request: GET https://www.okx.com/api/v5/market/candles?instId=ZIL-USDT-SWAP&bar=5m&limit=71 "HTTP/2 200 OK"
2026-03-16 16:00:24,726 | INFO | HTTP Request: GET https://www.okx.com/api/v5/market/ticker?instId=SKY-USDT-SWAP "HTTP/2 200 OK"
2026-03-16 16:00:24,959 | INFO | HTTP Request: GET https://www.okx.com/api/v5/account/balance "HTTP/2 200 OK"
2026-03-16 16:00:24,960 | INFO | Placing order ETC-USDT-SWAP sell qty=16.53
2026-03-16 16:00:25,146 | INFO | HTTP Request: GET https://www.okx.com/api/v5/market/ticker?instId=SOL-USDT-SWAP "HTTP/2 200 OK"
2026-03-16 16:00:25,374 | INFO | HTTP Request: POST https://www.okx.com/api/v5/trade/order "HTTP/2 200 OK"
2026-03-16 16:00:25,559 | INFO | HTTP Request: GET https://www.okx.com/api/v5/market/ticker?instId=SOLV-USDT-SWAP "HTTP/2 200 OK"
2026-03-16 16:00:25,619 | INFO | HTTP Request: GET https://www.okx.com/api/v5/account/positions?instType=SWAP "HTTP/2 200 OK"
2026-03-16 16:00:25,852 | INFO | HTTP Request: GET https://www.okx.com/api/v5/market/candles?instId=ETC-USDT-SWAP&bar=5m&limit=81 "HTTP/2 200 OK"
2026-03-16 16:00:25,982 | INFO | HTTP Request: GET https://www.okx.com/api/v5/market/ticker?instId=SPK-USDT-SWAP "HTTP/2 200 OK"
2026-03-16 16:00:25,983 | INFO | Placing exchange stop ETC-USDT-SWAP short payload={'instId': 'ETC-USDT-SWAP', 'tdMode': 'isolated', 'side': 'buy', 'posSide': 'net', 'ordType': 'conditional', 'sz': '16.53', 'slTriggerPx': '8.985', 'slOrdPx': '-1'}
2026-03-16 16:00:26,340 | INFO | HTTP Request: GET https://www.okx.com/api/v5/market/ticker?instId=STRK-USDT-SWAP "HTTP/2 200 OK"
2026-03-16 16:00:26,346 | INFO | HTTP Request: POST https://www.okx.com/api/v5/trade/order-algo "HTTP/2 200 OK"
2026-03-16 16:00:26,597 | INFO | HTTP Request: GET https://www.okx.com/api/v5/market/candles?instId=CRO-USDT-SWAP&bar=5m&limit=26 "HTTP/2 200 OK"
2026-03-16 16:00:26,756 | INFO | HTTP Request: GET https://www.okx.com/api/v5/market/ticker?instId=SUI-USDT-SWAP "HTTP/2 200 OK"
2026-03-16 16:00:26,845 | INFO | HTTP Request: GET https://www.okx.com/api/v5/market/ticker?instId=CRO-USDT-SWAP "HTTP/2 200 OK"
2026-03-16 16:00:26,848 | INFO | Closing position CRO-USDT-SWAP. Локальный защитный выход 2.0N
2026-03-16 16:00:27,124 | INFO | HTTP Request: GET https://www.okx.com/api/v5/market/ticker?instId=SUSHI-USDT-SWAP "HTTP/2 200 OK"
2026-03-16 16:00:27,225 | INFO | HTTP Request: POST https://www.okx.com/api/v5/trade/close-position "HTTP/2 200 OK"
2026-03-16 16:00:27,229 | WARNING | Failed to load json context : [Errno 13] Permission denied: '.'
2026-03-16 16:00:27,489 | INFO | HTTP Request: GET https://www.okx.com/api/v5/market/ticker?instId=SYRUP-USDT-SWAP "HTTP/2 200 OK"
2026-03-16 16:00:27,522 | INFO | HTTP Request: GET https://www.okx.com/api/v5/market/candles?instId=CRO-USDT-SWAP&bar=5m&limit=97 "HTTP/2 200 OK"
2026-03-16 16:00:27,588 | INFO | HTTP Request: GET https://www.okx.com/api/v5/market/candles?instId=BTC-USDT-SWAP&bar=5m&limit=64 "HTTP/2 200 OK"
2026-03-16 16:00:27,752 | INFO | HTTP Request: GET https://www.okx.com/api/v5/market/candles?instId=BTC-USDT-SWAP&bar=5m&limit=64 "HTTP/2 200 OK"
2026-03-16 16:00:27,858 | INFO | HTTP Request: GET https://www.okx.com/api/v5/market/ticker?instId=TEST1234-USDT-SWAP "HTTP/2 200 OK"
2026-03-16 16:00:28,063 | INFO | HTTP Request: GET https://www.okx.com/api/v5/market/candles?instId=XAG-USDT-SWAP&bar=5m&limit=26 "HTTP/2 200 OK"
2026-03-16 16:00:28,166 | INFO | HTTP Request: GET https://www.okx.com/api/v5/account/balance "HTTP/2 200 OK"
2026-03-16 16:00:28,277 | INFO | HTTP Request: GET https://www.okx.com/api/v5/market/ticker?instId=TEST3103-USDT-SWAP "HTTP/2 200 OK"
2026-03-16 16:00:28,362 | INFO | HTTP Request: GET https://www.okx.com/api/v5/market/ticker?instId=XAG-USDT-SWAP "HTTP/2 200 OK"
2026-03-16 16:00:28,364 | INFO | Placing exchange stop XAG-USDT-SWAP long payload={'instId': 'XAG-USDT-SWAP', 'tdMode': 'isolated', 'side': 'sell', 'posSide': 'net', 'ordType': 'conditional', 'sz': '1810', 'slTriggerPx': '79.551', 'slOrdPx': '-1'}
2026-03-16 16:00:28,703 | INFO | HTTP Request: GET https://www.okx.com/api/v5/market/ticker?instId=TEST3110-USDT-SWAP "HTTP/2 200 OK"
2026-03-16 16:00:28,741 | INFO | HTTP Request: POST https://www.okx.com/api/v5/trade/order-algo "HTTP/2 200 OK"
2026-03-16 16:00:29,091 | INFO | HTTP Request: GET https://www.okx.com/api/v5/market/candles?instId=ICP-USDT-SWAP&bar=5m&limit=26 "HTTP/2 200 OK"
2026-03-16 16:00:29,119 | INFO | HTTP Request: GET https://www.okx.com/api/v5/market/ticker?instId=THETA-USDT-SWAP "HTTP/2 200 OK"
2026-03-16 16:00:29,338 | INFO | HTTP Request: GET https://www.okx.com/api/v5/market/ticker?instId=ICP-USDT-SWAP "HTTP/2 200 OK"
2026-03-16 16:00:29,339 | INFO | Closing position ICP-USDT-SWAP. Локальный защитный выход 2.0N
2026-03-16 16:00:29,714 | INFO | HTTP Request: POST https://www.okx.com/api/v5/trade/close-position "HTTP/2 200 OK"
2026-03-16 16:00:29,715 | WARNING | Failed to load json context : [Errno 13] Permission denied: '.'
2026-03-16 16:00:29,751 | INFO | HTTP Request: GET https://www.okx.com/api/v5/market/ticker?instId=TON-USDT-SWAP "HTTP/2 200 OK"
2026-03-16 16:00:30,040 | INFO | HTTP Request: GET https://www.okx.com/api/v5/market/candles?instId=ICP-USDT-SWAP&bar=5m&limit=97 "HTTP/2 200 OK"
2026-03-16 16:00:30,104 | INFO | HTTP Request: GET https://www.okx.com/api/v5/market/ticker?instId=TRIA-USDT-SWAP "HTTP/2 200 OK"
2026-03-16 16:00:30,341 | INFO | HTTP Request: GET https://www.okx.com/api/v5/market/candles?instId=BREV-USDT-SWAP&bar=5m&limit=26 "HTTP/2 200 OK"
2026-03-16 16:00:30,572 | INFO | HTTP Request: GET https://www.okx.com/api/v5/market/ticker?instId=BREV-USDT-SWAP "HTTP/2 200 OK"
2026-03-16 16:00:30,573 | INFO | Placing exchange stop BREV-USDT-SWAP long payload={'instId': 'BREV-USDT-SWAP', 'tdMode': 'isolated', 'side': 'sell', 'posSide': 'net', 'ordType': 'conditional', 'sz': '120000', 'slTriggerPx': '1.008904996667', 'slOrdPx': '-1'}
2026-03-16 16:00:30,694 | INFO | HTTP Request: GET https://www.okx.com/api/v5/market/ticker?instId=TRX-USDT-SWAP "HTTP/2 200 OK"
2026-03-16 16:00:30,936 | INFO | HTTP Request: POST https://www.okx.com/api/v5/trade/order-algo "HTTP/2 200 OK"
2026-03-16 16:00:31,046 | INFO | HTTP Request: GET https://www.okx.com/api/v5/market/ticker?instId=TSLA-USDT-SWAP "HTTP/2 200 OK"
2026-03-16 16:00:31,316 | INFO | HTTP Request: POST https://www.okx.com/api/v5/trade/cancel-algos "HTTP/2 200 OK"
2026-03-16 16:00:31,317 | INFO | Closing position BREV-USDT-SWAP. Защита тренда: откат от пика 24395003333.33R → 3695003333.33R
2026-03-16 16:00:31,518 | INFO | HTTP Request: GET https://www.okx.com/api/v5/market/ticker?instId=XAU-USDT-SWAP "HTTP/2 200 OK"
2026-03-16 16:00:31,671 | INFO | HTTP Request: POST https://www.okx.com/api/v5/trade/close-position "HTTP/2 200 OK"
2026-03-16 16:00:31,672 | WARNING | Failed to load json context : [Errno 13] Permission denied: '.'
2026-03-16 16:00:31,941 | INFO | HTTP Request: GET https://www.okx.com/api/v5/market/ticker?instId=XLM-USDT-SWAP "HTTP/2 200 OK"
2026-03-16 16:00:31,977 | INFO | HTTP Request: GET https://www.okx.com/api/v5/market/candles?instId=BREV-USDT-SWAP&bar=5m&limit=97 "HTTP/2 200 OK"
2026-03-16 16:00:32,294 | INFO | HTTP Request: GET https://www.okx.com/api/v5/market/ticker?instId=XPL-USDT-SWAP "HTTP/2 200 OK"
2026-03-16 16:00:32,301 | INFO | HTTP Request: GET https://www.okx.com/api/v5/market/candles?instId=BTC-USDT-SWAP&bar=5m&limit=64 "HTTP/2 200 OK"
2026-03-16 16:00:32,617 | INFO | HTTP Request: GET https://www.okx.com/api/v5/market/candles?instId=ETC-USDT-SWAP&bar=5m&limit=26 "HTTP/2 200 OK"
2026-03-16 16:00:32,656 | INFO | HTTP Request: GET https://www.okx.com/api/v5/market/ticker?instId=XRP-USDT-SWAP "HTTP/2 200 OK"
2026-03-16 16:00:32,916 | INFO | HTTP Request: GET https://www.okx.com/api/v5/market/ticker?instId=ETC-USDT-SWAP "HTTP/2 200 OK"
2026-03-16 16:00:33,006 | INFO | HTTP Request: GET https://www.okx.com/api/v5/market/ticker?instId=XSR-USDT-SWAP "HTTP/2 200 OK"
2026-03-16 16:00:33,426 | INFO | HTTP Request: GET https://www.okx.com/api/v5/market/ticker?instId=XTZ-USDT-SWAP "HTTP/2 200 OK"
2026-03-16 16:00:33,605 | INFO | HTTP Request: GET https://www.okx.com/api/v5/account/balance "HTTP/2 200 OK"
2026-03-16 16:00:33,781 | INFO | HTTP Request: GET https://www.okx.com/api/v5/market/ticker?instId=YB-USDT-SWAP "HTTP/2 200 OK"
2026-03-16 16:00:34,171 | INFO | HTTP Request: GET https://www.okx.com/api/v5/market/ticker?instId=YFI-USDT-SWAP "HTTP/2 200 OK"
2026-03-16 16:00:34,535 | INFO | HTTP Request: GET https://www.okx.com/api/v5/market/ticker?instId=YGG-USDT-SWAP "HTTP/2 200 OK"
2026-03-16 16:00:34,951 | INFO | HTTP Request: GET https://www.okx.com/api/v5/market/ticker?instId=ZAMA-USDT-SWAP "HTTP/2 200 OK"
2026-03-16 16:00:35,367 | INFO | HTTP Request: GET https://www.okx.com/api/v5/market/ticker?instId=ZBCN-USDT-SWAP "HTTP/2 200 OK"
2026-03-16 16:00:35,720 | INFO | HTTP Request: GET https://www.okx.com/api/v5/market/ticker?instId=ZETA-USDT-SWAP "HTTP/2 200 OK"
2026-03-16 16:00:36,076 | INFO | HTTP Request: GET https://www.okx.com/api/v5/market/ticker?instId=ZIL-USDT-SWAP "HTTP/2 200 OK"
2026-03-16 16:00:36,431 | INFO | HTTP Request: GET https://www.okx.com/api/v5/market/ticker?instId=XAG-USDT-SWAP "HTTP/2 200 OK"
2026-03-16 16:00:36,664 | INFO | HTTP Request: GET https://www.okx.com/api/v5/market/candles?instId=XAG-USDT-SWAP&bar=5m&limit=89 "HTTP/2 200 OK"
2026-03-16 16:00:37,018 | INFO | HTTP Request: GET https://www.okx.com/api/v5/market/candles?instId=BTC-USDT-SWAP&bar=5m&limit=64 "HTTP/2 200 OK"
2026-03-16 16:00:37,205 | INFO | HTTP Request: GET https://www.okx.com/api/v5/market/ticker?instId=1INCH-USDT-SWAP "HTTP/2 200 OK"
2026-03-16 16:00:37,501 | INFO | HTTP Request: GET https://www.okx.com/api/v5/market/candles?instId=1INCH-USDT-SWAP&bar=5m&limit=89 "HTTP/2 200 OK"
2026-03-16 16:00:37,912 | INFO | HTTP Request: GET https://www.okx.com/api/v5/market/ticker?instId=2Z-USDT-SWAP "HTTP/2 200 OK"
2026-03-16 16:00:38,161 | INFO | HTTP Request: GET https://www.okx.com/api/v5/market/candles?instId=2Z-USDT-SWAP&bar=5m&limit=89 "HTTP/2 200 OK"
2026-03-16 16:00:38,302 | INFO | HTTP Request: GET https://www.okx.com/api/v5/account/positions?instType=SWAP "HTTP/2 200 OK"
2026-03-16 16:00:38,528 | INFO | HTTP Request: GET https://www.okx.com/api/v5/market/ticker?instId=A-USDT-SWAP "HTTP/2 200 OK"
2026-03-16 16:00:38,612 | INFO | HTTP Request: GET https://www.okx.com/api/v5/market/candles?instId=CRO-USDT-SWAP&bar=5m&limit=26 "HTTP/2 200 OK"
2026-03-16 16:00:38,907 | INFO | HTTP Request: GET https://www.okx.com/api/v5/market/candles?instId=A-USDT-SWAP&bar=5m&limit=89 "HTTP/2 200 OK"
2026-03-16 16:00:38,924 | INFO | HTTP Request: GET https://www.okx.com/api/v5/market/candles?instId=BREV-USDT-SWAP&bar=5m&limit=26 "HTTP/2 200 OK"
2026-03-16 16:00:38,967 | INFO | HTTP Request: GET https://www.okx.com/api/v5/account/balance "HTTP/2 200 OK"
2026-03-16 16:00:39,251 | INFO | HTTP Request: GET https://www.okx.com/api/v5/market/candles?instId=AAVE-USDT-SWAP&bar=5m&limit=71 "HTTP/2 200 OK"
2026-03-16 16:00:39,275 | INFO | HTTP Request: GET https://www.okx.com/api/v5/market/ticker?instId=AAVE-USDT-SWAP "HTTP/2 200 OK"
2026-03-16 16:00:39,513 | INFO | HTTP Request: GET https://www.okx.com/api/v5/market/candles?instId=ACT-USDT-SWAP&bar=5m&limit=71 "HTTP/2 200 OK"
2026-03-16 16:00:39,527 | INFO | HTTP Request: GET https://www.okx.com/api/v5/market/candles?instId=AAVE-USDT-SWAP&bar=5m&limit=89 "HTTP/2 200 OK"
2026-03-16 16:00:39,816 | INFO | HTTP Request: GET https://www.okx.com/api/v5/market/candles?instId=ADA-USDT-SWAP&bar=5m&limit=71 "HTTP/2 200 OK"
2026-03-16 16:00:39,883 | INFO | HTTP Request: GET https://www.okx.com/api/v5/market/ticker?instId=ACT-USDT-SWAP "HTTP/2 200 OK"
2026-03-16 16:00:40,119 | INFO | HTTP Request: GET https://www.okx.com/api/v5/market/candles?instId=AI16Z-USDT-SWAP&bar=5m&limit=71 "HTTP/2 200 OK"
2026-03-16 16:00:40,324 | INFO | HTTP Request: GET https://www.okx.com/api/v5/market/ticker?instId=ADA-USDT-SWAP "HTTP/2 200 OK"
2026-03-16 16:00:40,415 | INFO | HTTP Request: GET https://www.okx.com/api/v5/market/candles?instId=AKITA-USDT-SWAP&bar=5m&limit=71 "HTTP/2 200 OK"
2026-03-16 16:00:40,649 | INFO | HTTP Request: GET https://www.okx.com/api/v5/market/candles?instId=ALGO-USDT-SWAP&bar=5m&limit=71 "HTTP/2 200 OK"
2026-03-16 16:00:40,677 | INFO | HTTP Request: GET https://www.okx.com/api/v5/market/ticker?instId=AI16Z-USDT-SWAP "HTTP/2 200 OK"
2026-03-16 16:00:40,942 | INFO | HTTP Request: GET https://www.okx.com/api/v5/market/candles?instId=ARB-USDT-SWAP&bar=5m&limit=71 "HTTP/2 200 OK"
2026-03-16 16:00:41,088 | INFO | HTTP Request: GET https://www.okx.com/api/v5/market/ticker?instId=AKITA-USDT-SWAP "HTTP/2 200 OK"
2026-03-16 16:00:41,235 | INFO | HTTP Request: GET https://www.okx.com/api/v5/market/candles?instId=ASP-USDT-SWAP&bar=5m&limit=71 "HTTP/2 200 OK"
2026-03-16 16:00:41,456 | INFO | HTTP Request: GET https://www.okx.com/api/v5/market/ticker?instId=ALGO-USDT-SWAP "HTTP/2 200 OK"
2026-03-16 16:00:41,756 | INFO | HTTP Request: GET https://www.okx.com/api/v5/market/candles?instId=ASTER-USDT-SWAP&bar=5m&limit=71 "HTTP/2 200 OK"
2026-03-16 16:00:41,812 | INFO | HTTP Request: GET https://www.okx.com/api/v5/market/ticker?instId=ARB-USDT-SWAP "HTTP/2 200 OK"
2026-03-16 16:00:42,108 | INFO | HTTP Request: GET https://www.okx.com/api/v5/market/candles?instId=ATOM-USDT-SWAP&bar=5m&limit=71 "HTTP/2 200 OK"
2026-03-16 16:00:42,238 | INFO | HTTP Request: GET https://www.okx.com/api/v5/market/ticker?instId=ASP-USDT-SWAP "HTTP/2 200 OK"
2026-03-16 16:00:42,356 | INFO | HTTP Request: GET https://www.okx.com/api/v5/market/candles?instId=AUCTION-USDT-SWAP&bar=5m&limit=71 "HTTP/2 200 OK"
2026-03-16 16:00:42,605 | INFO | HTTP Request: GET https://www.okx.com/api/v5/market/ticker?instId=ASTER-USDT-SWAP "HTTP/2 200 OK"
2026-03-16 16:00:42,650 | INFO | HTTP Request: GET https://www.okx.com/api/v5/market/candles?instId=AVAX-USDT-SWAP&bar=5m&limit=71 "HTTP/2 200 OK"
2026-03-16 16:00:42,882 | INFO | HTTP Request: GET https://www.okx.com/api/v5/market/candles?instId=AXS-USDT-SWAP&bar=5m&limit=71 "HTTP/2 200 OK"
2026-03-16 16:00:42,958 | INFO | HTTP Request: GET https://www.okx.com/api/v5/market/ticker?instId=ATOM-USDT-SWAP "HTTP/2 200 OK"
2026-03-16 16:00:43,116 | INFO | HTTP Request: GET https://www.okx.com/api/v5/market/candles?instId=BAND-USDT-SWAP&bar=5m&limit=71 "HTTP/2 200 OK"
2026-03-16 16:00:43,211 | INFO | HTTP Request: GET https://www.okx.com/api/v5/market/candles?instId=BTC-USDT-SWAP&bar=5m&limit=64 "HTTP/2 200 OK"
2026-03-16 16:00:43,380 | INFO | HTTP Request: GET https://www.okx.com/api/v5/market/ticker?instId=AUCTION-USDT-SWAP "HTTP/2 200 OK"
2026-03-16 16:00:43,409 | INFO | HTTP Request: GET https://www.okx.com/api/v5/market/candles?instId=BCH-USDT-SWAP&bar=5m&limit=71 "HTTP/2 200 OK"
2026-03-16 16:00:43,645 | INFO | HTTP Request: GET https://www.okx.com/api/v5/market/candles?instId=BIO-USDT-SWAP&bar=5m&limit=71 "HTTP/2 200 OK"
2026-03-16 16:00:43,779 | INFO | HTTP Request: GET https://www.okx.com/api/v5/market/ticker?instId=AVAX-USDT-SWAP "HTTP/2 200 OK"
2026-03-16 16:00:43,948 | INFO | HTTP Request: GET https://www.okx.com/api/v5/market/candles?instId=BLUAI-USDT-SWAP&bar=5m&limit=71 "HTTP/2 200 OK"
2026-03-16 16:00:44,196 | INFO | HTTP Request: GET https://www.okx.com/api/v5/market/candles?instId=BNB-USDT-SWAP&bar=5m&limit=71 "HTTP/2 200 OK"
2026-03-16 16:00:44,202 | INFO | HTTP Request: GET https://www.okx.com/api/v5/market/ticker?instId=AXS-USDT-SWAP "HTTP/2 200 OK"
2026-03-16 16:00:44,275 | INFO | HTTP Request: GET https://www.okx.com/api/v5/account/balance "HTTP/2 200 OK"
2026-03-16 16:00:44,430 | INFO | HTTP Request: GET https://www.okx.com/api/v5/market/ticker?instId=BNB-USDT-SWAP "HTTP/2 200 OK"
2026-03-16 16:00:44,555 | INFO | HTTP Request: GET https://www.okx.com/api/v5/market/ticker?instId=BAND-USDT-SWAP "HTTP/2 200 OK"
2026-03-16 16:00:44,680 | INFO | HTTP Request: GET https://www.okx.com/api/v5/market/candles?instId=BOME-USDT-SWAP&bar=5m&limit=71 "HTTP/2 200 OK"
2026-03-16 16:00:44,909 | INFO | HTTP Request: GET https://www.okx.com/api/v5/market/ticker?instId=BCH-USDT-SWAP "HTTP/2 200 OK"
2026-03-16 16:00:44,991 | INFO | HTTP Request: GET https://www.okx.com/api/v5/market/candles?instId=BRETT-USDT-SWAP&bar=5m&limit=71 "HTTP/2 200 OK"
2026-03-16 16:00:45,241 | INFO | HTTP Request: GET https://www.okx.com/api/v5/market/candles?instId=BTC-USDT-SWAP&bar=5m&limit=71 "HTTP/2 200 OK"
2026-03-16 16:00:45,268 | INFO | HTTP Request: GET https://www.okx.com/api/v5/market/ticker?instId=BIO-USDT-SWAP "HTTP/2 200 OK"
2026-03-16 16:00:45,536 | INFO | HTTP Request: GET https://www.okx.com/api/v5/market/candles?instId=CAT-USDT-SWAP&bar=5m&limit=71 "HTTP/2 200 OK"
2026-03-16 16:00:45,639 | INFO | HTTP Request: GET https://www.okx.com/api/v5/market/ticker?instId=BLUAI-USDT-SWAP "HTTP/2 200 OK"
2026-03-16 16:00:45,773 | INFO | HTTP Request: GET https://www.okx.com/api/v5/market/candles?instId=CATI-USDT-SWAP&bar=5m&limit=71 "HTTP/2 200 OK"
2026-03-16 16:00:46,067 | INFO | HTTP Request: GET https://www.okx.com/api/v5/market/candles?instId=CELO-USDT-SWAP&bar=5m&limit=71 "HTTP/2 200 OK"
2026-03-16 16:00:46,249 | INFO | HTTP Request: GET https://www.okx.com/api/v5/market/ticker?instId=BOME-USDT-SWAP "HTTP/2 200 OK"
2026-03-16 16:00:46,303 | INFO | HTTP Request: GET https://www.okx.com/api/v5/market/candles?instId=CFX-USDT-SWAP&bar=5m&limit=71 "HTTP/2 200 OK"
2026-03-16 16:00:46,594 | INFO | HTTP Request: GET https://www.okx.com/api/v5/market/ticker?instId=CFX-USDT-SWAP "HTTP/2 200 OK"
2026-03-16 16:00:46,595 | INFO | CFX-USDT-SWAP: Turtle 55 long-сигнал отклонён (закрытие не удержалось выше канала)
2026-03-16 16:00:46,595 | INFO | CFX-USDT-SWAP: Turtle 20 long-сигнал отклонён (закрытие не удержалось выше канала)
2026-03-16 16:00:46,661 | INFO | HTTP Request: GET https://www.okx.com/api/v5/market/ticker?instId=BRETT-USDT-SWAP "HTTP/2 200 OK"
2026-03-16 16:00:46,840 | INFO | HTTP Request: GET https://www.okx.com/api/v5/market/candles?instId=CHZ-USDT-SWAP&bar=5m&limit=71 "HTTP/2 200 OK"
2026-03-16 16:00:47,081 | INFO | HTTP Request: GET https://www.okx.com/api/v5/market/ticker?instId=BREV-USDT-SWAP "HTTP/2 200 OK"
2026-03-16 16:00:47,374 | INFO | HTTP Request: GET https://www.okx.com/api/v5/market/candles?instId=COAI-USDT-SWAP&bar=5m&limit=71 "HTTP/2 200 OK"
2026-03-16 16:00:47,491 | INFO | HTTP Request: GET https://www.okx.com/api/v5/market/ticker?instId=BTC-USDT-SWAP "HTTP/2 200 OK"
2026-03-16 16:00:47,740 | INFO | HTTP Request: GET https://www.okx.com/api/v5/market/candles?instId=COMP-USDT-SWAP&bar=5m&limit=71 "HTTP/2 200 OK"
2026-03-16 16:00:47,933 | INFO | HTTP Request: GET https://www.okx.com/api/v5/market/ticker?instId=CAT-USDT-SWAP "HTTP/2 200 OK"
2026-03-16 16:00:48,055 | INFO | HTTP Request: GET https://www.okx.com/api/v5/market/candles?instId=CRV-USDT-SWAP&bar=5m&limit=71 "HTTP/2 200 OK"
2026-03-16 16:00:48,285 | INFO | HTTP Request: GET https://www.okx.com/api/v5/market/ticker?instId=CATI-USDT-SWAP "HTTP/2 200 OK"
2026-03-16 16:00:48,343 | INFO | HTTP Request: GET https://www.okx.com/api/v5/market/candles?instId=DOGE-USDT-SWAP&bar=5m&limit=71 "HTTP/2 200 OK"
2026-03-16 16:00:48,639 | INFO | HTTP Request: GET https://www.okx.com/api/v5/market/ticker?instId=CELO-USDT-SWAP "HTTP/2 200 OK"
2026-03-16 16:00:48,645 | INFO | HTTP Request: GET https://www.okx.com/api/v5/market/candles?instId=DOT-USDT-SWAP&bar=5m&limit=71 "HTTP/2 200 OK"
2026-03-16 16:00:48,935 | INFO | HTTP Request: GET https://www.okx.com/api/v5/market/candles?instId=ENA-USDT-SWAP&bar=5m&limit=71 "HTTP/2 200 OK"
2026-03-16 16:00:49,125 | INFO | HTTP Request: GET https://www.okx.com/api/v5/market/ticker?instId=CHZ-USDT-SWAP "HTTP/2 200 OK"
2026-03-16 16:00:49,169 | INFO | HTTP Request: GET https://www.okx.com/api/v5/market/candles?instId=EOS-USDT-SWAP&bar=5m&limit=71 "HTTP/2 200 OK"
2026-03-16 16:00:49,406 | INFO | HTTP Request: GET https://www.okx.com/api/v5/market/candles?instId=ETH-USDT-SWAP&bar=5m&limit=71 "HTTP/2 200 OK"
2026-03-16 16:00:49,541 | INFO | HTTP Request: GET https://www.okx.com/api/v5/market/ticker?instId=COAI-USDT-SWAP "HTTP/2 200 OK"
2026-03-16 16:00:49,655 | INFO | HTTP Request: GET https://www.okx.com/api/v5/market/candles?instId=ETHFI-USDT-SWAP&bar=5m&limit=71 "HTTP/2 200 OK"
2026-03-16 16:00:49,706 | INFO | HTTP Request: GET https://www.okx.com/api/v5/account/balance "HTTP/2 200 OK"
2026-03-16 16:00:49,905 | INFO | HTTP Request: GET https://www.okx.com/api/v5/market/ticker?instId=ETHFI-USDT-SWAP "HTTP/2 200 OK"
2026-03-16 16:00:49,906 | INFO | ETHFI-USDT-SWAP: Turtle 55 long-сигнал отклонён (закрытие не удержалось выше канала)
2026-03-16 16:00:49,906 | INFO | ETHFI-USDT-SWAP: Turtle 20 long-сигнал отклонён (закрытие не удержалось выше канала)
2026-03-16 16:00:49,958 | INFO | HTTP Request: GET https://www.okx.com/api/v5/market/ticker?instId=COMP-USDT-SWAP "HTTP/2 200 OK"
2026-03-16 16:00:50,199 | INFO | HTTP Request: GET https://www.okx.com/api/v5/market/candles?instId=ETHW-USDT-SWAP&bar=5m&limit=71 "HTTP/2 200 OK"
2026-03-16 16:00:50,382 | INFO | HTTP Request: GET https://www.okx.com/api/v5/market/ticker?instId=CRO-USDT-SWAP "HTTP/2 200 OK"
2026-03-16 16:00:50,437 | INFO | HTTP Request: GET https://www.okx.com/api/v5/market/candles?instId=FIL-USDT-SWAP&bar=5m&limit=71 "HTTP/2 200 OK"
2026-03-16 16:00:50,676 | INFO | HTTP Request: GET https://www.okx.com/api/v5/market/candles?instId=FLOKI-USDT-SWAP&bar=5m&limit=71 "HTTP/2 200 OK"
2026-03-16 16:00:50,822 | INFO | HTTP Request: GET https://www.okx.com/api/v5/market/ticker?instId=CRV-USDT-SWAP "HTTP/2 200 OK"
2026-03-16 16:00:51,054 | INFO | HTTP Request: GET https://www.okx.com/api/v5/market/candles?instId=GMT-USDT-SWAP&bar=5m&limit=71 "HTTP/2 200 OK"
2026-03-16 16:00:51,243 | INFO | HTTP Request: GET https://www.okx.com/api/v5/market/ticker?instId=DOGE-USDT-SWAP "HTTP/2 200 OK"
2026-03-16 16:00:51,537 | INFO | HTTP Request: GET https://www.okx.com/api/v5/market/candles?instId=H-USDT-SWAP&bar=5m&limit=71 "HTTP/2 200 OK"
2026-03-16 16:00:51,599 | INFO | HTTP Request: GET https://www.okx.com/api/v5/market/ticker?instId=DOT-USDT-SWAP "HTTP/2 200 OK"
2026-03-16 16:00:51,944 | INFO | HTTP Request: GET https://www.okx.com/api/v5/market/candles?instId=HBAR-USDT-SWAP&bar=5m&limit=71 "HTTP/2 200 OK"
2026-03-16 16:00:51,967 | INFO | HTTP Request: GET https://www.okx.com/api/v5/market/ticker?instId=ENA-USDT-SWAP "HTTP/2 200 OK"
2026-03-16 16:00:52,178 | INFO | HTTP Request: GET https://www.okx.com/api/v5/market/candles?instId=HMSTR-USDT-SWAP&bar=5m&limit=71 "HTTP/2 200 OK"
2026-03-16 16:00:52,381 | INFO | HTTP Request: GET https://www.okx.com/api/v5/market/ticker?instId=EOS-USDT-SWAP "HTTP/2 200 OK"
2026-03-16 16:00:52,414 | INFO | HTTP Request: GET https://www.okx.com/api/v5/market/candles?instId=HOME-USDT-SWAP&bar=5m&limit=71 "HTTP/2 200 OK"
2026-03-16 16:00:52,670 | INFO | HTTP Request: GET https://www.okx.com/api/v5/market/candles?instId=BTC-USDT-SWAP&bar=5m&limit=64 "HTTP/2 200 OK"
2026-03-16 16:00:52,739 | INFO | HTTP Request: GET https://www.okx.com/api/v5/market/candles?instId=ICP-USDT-SWAP&bar=5m&limit=71 "HTTP/2 200 OK"
2026-03-16 16:00:52,764 | INFO | HTTP Request: GET https://www.okx.com/api/v5/market/ticker?instId=ETH-USDT-SWAP "HTTP/2 200 OK"
2026-03-16 16:00:53,038 | INFO | HTTP Request: GET https://www.okx.com/api/v5/market/candles?instId=IMX-USDT-SWAP&bar=5m&limit=71 "HTTP/2 200 OK"
2026-03-16 16:00:53,288 | INFO | HTTP Request: GET https://www.okx.com/api/v5/market/candles?instId=INJ-USDT-SWAP&bar=5m&limit=71 "HTTP/2 200 OK"
2026-03-16 16:00:53,581 | INFO | HTTP Request: GET https://www.okx.com/api/v5/market/ticker?instId=ETHW-USDT-SWAP "HTTP/2 200 OK"
2026-03-16 16:00:53,873 | INFO | HTTP Request: GET https://www.okx.com/api/v5/market/candles?instId=IOTA-USDT-SWAP&bar=5m&limit=71 "HTTP/2 200 OK"
2026-03-16 16:00:53,950 | INFO | HTTP Request: GET https://www.okx.com/api/v5/market/ticker?instId=FIL-USDT-SWAP "HTTP/2 200 OK"
2026-03-16 16:00:54,196 | INFO | HTTP Request: GET https://www.okx.com/api/v5/market/candles?instId=JUP-USDT-SWAP&bar=5m&limit=71 "HTTP/2 200 OK"
2026-03-16 16:00:54,303 | INFO | HTTP Request: GET https://www.okx.com/api/v5/market/ticker?instId=FLOKI-USDT-SWAP "HTTP/2 200 OK"
2026-03-16 16:00:54,620 | INFO | HTTP Request: GET https://www.okx.com/api/v5/market/candles?instId=KAITO-USDT-SWAP&bar=5m&limit=71 "HTTP/2 200 OK"
2026-03-16 16:00:54,656 | INFO | HTTP Request: GET https://www.okx.com/api/v5/market/ticker?instId=GMT-USDT-SWAP "HTTP/2 200 OK"
2026-03-16 16:00:54,910 | INFO | HTTP Request: GET https://www.okx.com/api/v5/market/candles?instId=KSM-USDT-SWAP&bar=5m&limit=71 "HTTP/2 200 OK"
2026-03-16 16:00:55,016 | INFO | HTTP Request: GET https://www.okx.com/api/v5/account/balance "HTTP/2 200 OK"
2026-03-16 16:00:55,020 | INFO | HTTP Request: GET https://www.okx.com/api/v5/market/ticker?instId=H-USDT-SWAP "HTTP/2 200 OK"
2026-03-16 16:00:55,157 | INFO | HTTP Request: GET https://www.okx.com/api/v5/market/candles?instId=LDO-USDT-SWAP&bar=5m&limit=71 "HTTP/2 200 OK"
2026-03-16 16:00:55,372 | INFO | HTTP Request: GET https://www.okx.com/api/v5/market/ticker?instId=HBAR-USDT-SWAP "HTTP/2 200 OK"
2026-03-16 16:00:55,459 | INFO | HTTP Request: GET https://www.okx.com/api/v5/market/candles?instId=LINEA-USDT-SWAP&bar=5m&limit=71 "HTTP/2 200 OK"
2026-03-16 16:00:55,703 | INFO | HTTP Request: GET https://www.okx.com/api/v5/market/candles?instId=LINK-USDT-SWAP&bar=5m&limit=71 "HTTP/2 200 OK"
2026-03-16 16:00:55,869 | INFO | HTTP Request: GET https://www.okx.com/api/v5/market/ticker?instId=HMSTR-USDT-SWAP "HTTP/2 200 OK"
2026-03-16 16:00:56,007 | INFO | HTTP Request: GET https://www.okx.com/api/v5/market/candles?instId=LIT-USDT-SWAP&bar=5m&limit=71 "HTTP/2 200 OK"
2026-03-16 16:00:56,241 | INFO | HTTP Request: GET https://www.okx.com/api/v5/market/candles?instId=LPT-USDT-SWAP&bar=5m&limit=71 "HTTP/2 200 OK"
2026-03-16 16:00:56,364 | INFO | HTTP Request: GET https://www.okx.com/api/v5/market/ticker?instId=HOME-USDT-SWAP "HTTP/2 200 OK"
2026-03-16 16:00:56,523 | INFO | HTTP Request: GET https://www.okx.com/api/v5/market/candles?instId=LQTY-USDT-SWAP&bar=5m&limit=71 "HTTP/2 200 OK"
2026-03-16 16:00:56,782 | INFO | HTTP Request: GET https://www.okx.com/api/v5/market/ticker?instId=ICP-USDT-SWAP "HTTP/2 200 OK"
2026-03-16 16:00:57,021 | INFO | HTTP Request: GET https://www.okx.com/api/v5/market/candles?instId=LRC-USDT-SWAP&bar=5m&limit=71 "HTTP/2 200 OK"
2026-03-16 16:00:57,150 | INFO | HTTP Request: GET https://www.okx.com/api/v5/market/ticker?instId=IMX-USDT-SWAP "HTTP/2 200 OK"
2026-03-16 16:00:57,252 | INFO | HTTP Request: GET https://www.okx.com/api/v5/market/candles?instId=LTC-USDT-SWAP&bar=5m&limit=71 "HTTP/2 200 OK"
2026-03-16 16:00:57,552 | INFO | HTTP Request: GET https://www.okx.com/api/v5/market/candles?instId=MAGIC-USDT-SWAP&bar=5m&limit=71 "HTTP/2 200 OK"
2026-03-16 16:00:57,562 | INFO | HTTP Request: GET https://www.okx.com/api/v5/market/ticker?instId=INJ-USDT-SWAP "HTTP/2 200 OK"
2026-03-16 16:00:57,804 | INFO | HTTP Request: GET https://www.okx.com/api/v5/market/candles?instId=MAJOR-USDT-SWAP&bar=5m&limit=71 "HTTP/2 200 OK"
2026-03-16 16:00:57,919 | INFO | HTTP Request: GET https://www.okx.com/api/v5/market/ticker?instId=IOTA-USDT-SWAP "HTTP/2 200 OK"
2026-03-16 16:00:58,102 | INFO | HTTP Request: GET https://www.okx.com/api/v5/market/candles?instId=MASK-USDT-SWAP&bar=5m&limit=71 "HTTP/2 200 OK"
2026-03-16 16:00:58,392 | INFO | HTTP Request: GET https://www.okx.com/api/v5/market/candles?instId=MET-USDT-SWAP&bar=5m&limit=71 "HTTP/2 200 OK"
2026-03-16 16:00:58,469 | INFO | HTTP Request: GET https://www.okx.com/api/v5/market/ticker?instId=JUP-USDT-SWAP "HTTP/2 200 OK"
2026-03-16 16:00:58,627 | INFO | HTTP Request: GET https://www.okx.com/api/v5/market/candles?instId=MINA-USDT-SWAP&bar=5m&limit=71 "HTTP/2 200 OK"
2026-03-16 16:00:58,839 | INFO | HTTP Request: GET https://www.okx.com/api/v5/market/ticker?instId=KAITO-USDT-SWAP "HTTP/2 200 OK"
2026-03-16 16:00:58,893 | INFO | HTTP Request: GET https://www.okx.com/api/v5/market/candles?instId=BTC-USDT-SWAP&bar=5m&limit=64 "HTTP/2 200 OK"
2026-03-16 16:00:59,161 | INFO | HTTP Request: GET https://www.okx.com/api/v5/market/candles?instId=MKR-USDT-SWAP&bar=5m&limit=71 "HTTP/2 200 OK"
2026-03-16 16:00:59,248 | INFO | HTTP Request: GET https://www.okx.com/api/v5/market/ticker?instId=KSM-USDT-SWAP "HTTP/2 200 OK"
2026-03-16 16:00:59,483 | INFO | HTTP Request: GET https://www.okx.com/api/v5/market/candles?instId=MUBARAK-USDT-SWAP&bar=5m&limit=71 "HTTP/2 200 OK"
2026-03-16 16:00:59,606 | INFO | HTTP Request: GET https://www.okx.com/api/v5/market/ticker?instId=LDO-USDT-SWAP "HTTP/2 200 OK"
2026-03-16 16:00:59,904 | INFO | HTTP Request: GET https://www.okx.com/api/v5/market/candles?instId=NEAR-USDT-SWAP&bar=5m&limit=71 "HTTP/2 200 OK"
2026-03-16 16:01:00,021 | INFO | HTTP Request: GET https://www.okx.com/api/v5/market/ticker?instId=LINEA-USDT-SWAP "HTTP/2 200 OK"
2026-03-16 16:01:00,196 | INFO | HTTP Request: GET https://www.okx.com/api/v5/market/candles?instId=NEO-USDT-SWAP&bar=5m&limit=71 "HTTP/2 200 OK"
2026-03-16 16:01:00,411 | INFO | HTTP Request: GET https://www.okx.com/api/v5/account/balance "HTTP/2 200 OK"
2026-03-16 16:01:00,429 | INFO | HTTP Request: GET https://www.okx.com/api/v5/market/candles?instId=NOT-USDT-SWAP&bar=5m&limit=71 "HTTP/2 200 OK"
2026-03-16 16:01:00,443 | INFO | HTTP Request: GET https://www.okx.com/api/v5/market/ticker?instId=LINK-USDT-SWAP "HTTP/2 200 OK"
2026-03-16 16:01:00,734 | INFO | HTTP Request: GET https://www.okx.com/api/v5/market/candles?instId=OP-USDT-SWAP&bar=5m&limit=71 "HTTP/2 200 OK"
2026-03-16 16:01:00,853 | INFO | HTTP Request: GET https://www.okx.com/api/v5/market/ticker?instId=LIT-USDT-SWAP "HTTP/2 200 OK"
2026-03-16 16:01:01,033 | INFO | HTTP Request: GET https://www.okx.com/api/v5/market/ticker?instId=OP-USDT-SWAP "HTTP/2 200 OK"
2026-03-16 16:01:01,034 | INFO | OP-USDT-SWAP: Turtle 20 long-сигнал отклонён (закрытие не удержалось выше канала)
2026-03-16 16:01:01,223 | INFO | HTTP Request: GET https://www.okx.com/api/v5/market/ticker?instId=LPT-USDT-SWAP "HTTP/2 200 OK"
2026-03-16 16:01:01,279 | INFO | HTTP Request: GET https://www.okx.com/api/v5/market/candles?instId=PEPE-USDT-SWAP&bar=5m&limit=71 "HTTP/2 200 OK"
2026-03-16 16:01:01,514 | INFO | HTTP Request: GET https://www.okx.com/api/v5/market/candles?instId=PIGGY-USDT-SWAP&bar=5m&limit=71 "HTTP/2 200 OK"
2026-03-16 16:01:01,638 | INFO | HTTP Request: GET https://www.okx.com/api/v5/market/ticker?instId=LQTY-USDT-SWAP "HTTP/2 200 OK"
2026-03-16 16:01:01,761 | INFO | HTTP Request: GET https://www.okx.com/api/v5/market/candles?instId=QTUM-USDT-SWAP&bar=5m&limit=71 "HTTP/2 200 OK"
2026-03-16 16:01:02,061 | INFO | HTTP Request: GET https://www.okx.com/api/v5/market/ticker?instId=LRC-USDT-SWAP "HTTP/2 200 OK"
2026-03-16 16:01:02,368 | INFO | HTTP Request: GET https://www.okx.com/api/v5/market/candles?instId=RAVE-USDT-SWAP&bar=5m&limit=71 "HTTP/2 200 OK"
2026-03-16 16:01:02,488 | INFO | HTTP Request: GET https://www.okx.com/api/v5/market/ticker?instId=LTC-USDT-SWAP "HTTP/2 200 OK"
2026-03-16 16:01:02,692 | INFO | HTTP Request: GET https://www.okx.com/api/v5/market/candles?instId=RESOLV-USDT-SWAP&bar=5m&limit=71 "HTTP/2 200 OK"
2026-03-16 16:01:02,987 | INFO | HTTP Request: GET https://www.okx.com/api/v5/market/candles?instId=ROBO-USDT-SWAP&bar=5m&limit=71 "HTTP/2 200 OK"
2026-03-16 16:01:03,059 | INFO | HTTP Request: GET https://www.okx.com/api/v5/market/ticker?instId=MAGIC-USDT-SWAP "HTTP/2 200 OK"
2026-03-16 16:01:03,307 | INFO | HTTP Request: GET https://www.okx.com/api/v5/market/candles?instId=SAND-USDT-SWAP&bar=5m&limit=71 "HTTP/2 200 OK"
2026-03-16 16:01:03,486 | INFO | HTTP Request: GET https://www.okx.com/api/v5/market/ticker?instId=MAJOR-USDT-SWAP "HTTP/2 200 OK"
2026-03-16 16:01:03,605 | INFO | HTTP Request: GET https://www.okx.com/api/v5/market/candles?instId=SCR-USDT-SWAP&bar=5m&limit=71 "HTTP/2 200 OK"
2026-03-16 16:01:03,906 | INFO | HTTP Request: GET https://www.okx.com/api/v5/market/ticker?instId=MASK-USDT-SWAP "HTTP/2 200 OK"
2026-03-16 16:01:03,912 | INFO | HTTP Request: GET https://www.okx.com/api/v5/market/candles?instId=SHIB-USDT-SWAP&bar=5m&limit=71 "HTTP/2 200 OK"
2026-03-16 16:01:04,158 | INFO | HTTP Request: GET https://www.okx.com/api/v5/market/candles?instId=SKY-USDT-SWAP&bar=5m&limit=71 "HTTP/2 200 OK"
2026-03-16 16:01:04,323 | INFO | HTTP Request: GET https://www.okx.com/api/v5/market/ticker?instId=MET-USDT-SWAP "HTTP/2 200 OK"
2026-03-16 16:01:04,559 | INFO | HTTP Request: GET https://www.okx.com/api/v5/market/candles?instId=SOL-USDT-SWAP&bar=5m&limit=71 "HTTP/2 200 OK"
2026-03-16 16:01:04,681 | INFO | HTTP Request: GET https://www.okx.com/api/v5/market/ticker?instId=MINA-USDT-SWAP "HTTP/2 200 OK"
2026-03-16 16:01:04,996 | INFO | HTTP Request: GET https://www.okx.com/api/v5/market/candles?instId=SOLV-USDT-SWAP&bar=5m&limit=71 "HTTP/2 200 OK"
2026-03-16 16:01:05,110 | INFO | HTTP Request: GET https://www.okx.com/api/v5/market/ticker?instId=MKR-USDT-SWAP "HTTP/2 200 OK"
2026-03-16 16:01:05,160 | INFO | HTTP Request: GET https://www.okx.com/api/v5/market/candles?instId=BTC-USDT-SWAP&bar=5m&limit=64 "HTTP/2 200 OK"
2026-03-16 16:01:05,406 | INFO | HTTP Request: GET https://www.okx.com/api/v5/market/candles?instId=SPK-USDT-SWAP&bar=5m&limit=71 "HTTP/2 200 OK"
2026-03-16 16:01:05,570 | INFO | HTTP Request: GET https://www.okx.com/api/v5/market/ticker?instId=MUBARAK-USDT-SWAP "HTTP/2 200 OK"
2026-03-16 16:01:05,671 | INFO | HTTP Request: GET https://www.okx.com/api/v5/market/candles?instId=STRK-USDT-SWAP&bar=5m&limit=71 "HTTP/2 200 OK"
2026-03-16 16:01:05,738 | INFO | HTTP Request: GET https://www.okx.com/api/v5/account/balance "HTTP/2 200 OK"
2026-03-16 16:01:05,908 | INFO | HTTP Request: GET https://www.okx.com/api/v5/market/candles?instId=SUI-USDT-SWAP&bar=5m&limit=71 "HTTP/2 200 OK"
2026-03-16 16:01:05,935 | INFO | HTTP Request: GET https://www.okx.com/api/v5/market/ticker?instId=NEAR-USDT-SWAP "HTTP/2 200 OK"
2026-03-16 16:01:06,154 | INFO | HTTP Request: GET https://www.okx.com/api/v5/market/candles?instId=SUSHI-USDT-SWAP&bar=5m&limit=71 "HTTP/2 200 OK"
2026-03-16 16:01:06,349 | INFO | HTTP Request: GET https://www.okx.com/api/v5/market/ticker?instId=NEO-USDT-SWAP "HTTP/2 200 OK"
2026-03-16 16:01:06,457 | INFO | HTTP Request: GET https://www.okx.com/api/v5/market/candles?instId=SYRUP-USDT-SWAP&bar=5m&limit=71 "HTTP/2 200 OK"
2026-03-16 16:01:06,705 | INFO | HTTP Request: GET https://www.okx.com/api/v5/market/candles?instId=TEST1234-USDT-SWAP&bar=5m&limit=71 "HTTP/2 200 OK"
2026-03-16 16:01:06,716 | INFO | HTTP Request: GET https://www.okx.com/api/v5/market/ticker?instId=NOT-USDT-SWAP "HTTP/2 200 OK"
2026-03-16 16:01:06,996 | INFO | HTTP Request: GET https://www.okx.com/api/v5/market/candles?instId=TEST3103-USDT-SWAP&bar=5m&limit=71 "HTTP/2 200 OK"
2026-03-16 16:01:07,255 | INFO | HTTP Request: GET https://www.okx.com/api/v5/market/ticker?instId=PEPE-USDT-SWAP "HTTP/2 200 OK"
2026-03-16 16:01:07,427 | INFO | HTTP Request: GET https://www.okx.com/api/v5/market/candles?instId=TEST3110-USDT-SWAP&bar=5m&limit=71 "HTTP/2 200 OK"
2026-03-16 16:01:07,679 | INFO | HTTP Request: GET https://www.okx.com/api/v5/market/ticker?instId=PIGGY-USDT-SWAP "HTTP/2 200 OK"
2026-03-16 16:01:07,739 | INFO | HTTP Request: GET https://www.okx.com/api/v5/market/candles?instId=THETA-USDT-SWAP&bar=5m&limit=71 "HTTP/2 200 OK"
2026-03-16 16:01:07,991 | INFO | HTTP Request: GET https://www.okx.com/api/v5/market/candles?instId=TON-USDT-SWAP&bar=5m&limit=71 "HTTP/2 200 OK"
2026-03-16 16:01:08,037 | INFO | HTTP Request: GET https://www.okx.com/api/v5/market/ticker?instId=QTUM-USDT-SWAP "HTTP/2 200 OK"
2026-03-16 16:01:08,228 | INFO | HTTP Request: GET https://www.okx.com/api/v5/market/candles?instId=TRIA-USDT-SWAP&bar=5m&limit=71 "HTTP/2 200 OK"
2026-03-16 16:01:08,472 | INFO | HTTP Request: GET https://www.okx.com/api/v5/market/ticker?instId=RAVE-USDT-SWAP "HTTP/2 200 OK"
2026-03-16 16:01:08,719 | INFO | HTTP Request: GET https://www.okx.com/api/v5/market/candles?instId=TRX-USDT-SWAP&bar=5m&limit=71 "HTTP/2 200 OK"
2026-03-16 16:01:08,887 | INFO | HTTP Request: GET https://www.okx.com/api/v5/market/ticker?instId=RESOLV-USDT-SWAP "HTTP/2 200 OK"
2026-03-16 16:01:09,187 | INFO | HTTP Request: GET https://www.okx.com/api/v5/market/candles?instId=TSLA-USDT-SWAP&bar=5m&limit=71 "HTTP/2 200 OK"
2026-03-16 16:01:09,323 | INFO | HTTP Request: GET https://www.okx.com/api/v5/market/ticker?instId=ROBO-USDT-SWAP "HTTP/2 200 OK"
2026-03-16 16:01:09,494 | INFO | HTTP Request: GET https://www.okx.com/api/v5/market/candles?instId=XAU-USDT-SWAP&bar=5m&limit=71 "HTTP/2 200 OK"
2026-03-16 16:01:09,800 | INFO | HTTP Request: GET https://www.okx.com/api/v5/market/candles?instId=XLM-USDT-SWAP&bar=5m&limit=71 "HTTP/2 200 OK"
2026-03-16 16:01:09,872 | INFO | HTTP Request: GET https://www.okx.com/api/v5/market/ticker?instId=SAND-USDT-SWAP "HTTP/2 200 OK"
2026-03-16 16:01:10,171 | INFO | HTTP Request: GET https://www.okx.com/api/v5/market/candles?instId=XPL-USDT-SWAP&bar=5m&limit=71 "HTTP/2 200 OK"
2026-03-16 16:01:10,288 | INFO | HTTP Request: GET https://www.okx.com/api/v5/market/ticker?instId=SCR-USDT-SWAP "HTTP/2 200 OK"
2026-03-16 16:01:10,581 | INFO | HTTP Request: GET https://www.okx.com/api/v5/market/candles?instId=XRP-USDT-SWAP&bar=5m&limit=71 "HTTP/2 200 OK"
2026-03-16 16:01:10,655 | INFO | HTTP Request: GET https://www.okx.com/api/v5/market/ticker?instId=SHIB-USDT-SWAP "HTTP/2 200 OK"
2026-03-16 16:01:10,963 | INFO | HTTP Request: GET https://www.okx.com/api/v5/market/candles?instId=XSR-USDT-SWAP&bar=5m&limit=71 "HTTP/2 200 OK"
2026-03-16 16:01:11,078 | INFO | HTTP Request: GET https://www.okx.com/api/v5/market/ticker?instId=SKY-USDT-SWAP "HTTP/2 200 OK"
2026-03-16 16:01:11,115 | INFO | HTTP Request: GET https://www.okx.com/api/v5/account/balance "HTTP/2 200 OK"
2026-03-16 16:01:11,211 | INFO | HTTP Request: GET https://www.okx.com/api/v5/market/candles?instId=XTZ-USDT-SWAP&bar=5m&limit=71 "HTTP/2 200 OK"
2026-03-16 16:01:11,354 | INFO | HTTP Request: GET https://www.okx.com/api/v5/market/candles?instId=BTC-USDT-SWAP&bar=5m&limit=64 "HTTP/2 200 OK"
2026-03-16 16:01:11,500 | INFO | HTTP Request: GET https://www.okx.com/api/v5/market/ticker?instId=SOL-USDT-SWAP "HTTP/2 200 OK"
2026-03-16 16:01:11,592 | INFO | HTTP Request: GET https://www.okx.com/api/v5/market/candles?instId=YB-USDT-SWAP&bar=5m&limit=71 "HTTP/2 200 OK"
2026-03-16 16:01:11,841 | INFO | HTTP Request: GET https://www.okx.com/api/v5/market/candles?instId=YFI-USDT-SWAP&bar=5m&limit=71 "HTTP/2 200 OK"
2026-03-16 16:01:11,855 | INFO | HTTP Request: GET https://www.okx.com/api/v5/market/ticker?instId=SOLV-USDT-SWAP "HTTP/2 200 OK"
2026-03-16 16:01:12,135 | INFO | HTTP Request: GET https://www.okx.com/api/v5/market/candles?instId=YGG-USDT-SWAP&bar=5m&limit=71 "HTTP/2 200 OK"
2026-03-16 16:01:12,275 | INFO | HTTP Request: GET https://www.okx.com/api/v5/market/ticker?instId=SPK-USDT-SWAP "HTTP/2 200 OK"
2026-03-16 16:01:12,516 | INFO | HTTP Request: GET https://www.okx.com/api/v5/market/candles?instId=ZAMA-USDT-SWAP&bar=5m&limit=71 "HTTP/2 200 OK"
2026-03-16 16:01:12,691 | INFO | HTTP Request: GET https://www.okx.com/api/v5/market/ticker?instId=STRK-USDT-SWAP "HTTP/2 200 OK"
2026-03-16 16:01:12,755 | INFO | HTTP Request: GET https://www.okx.com/api/v5/market/candles?instId=ZBCN-USDT-SWAP&bar=5m&limit=71 "HTTP/2 200 OK"
2026-03-16 16:01:12,994 | INFO | HTTP Request: GET https://www.okx.com/api/v5/market/candles?instId=ZETA-USDT-SWAP&bar=5m&limit=71 "HTTP/2 200 OK"
2026-03-16 16:01:13,060 | INFO | HTTP Request: GET https://www.okx.com/api/v5/market/ticker?instId=SUI-USDT-SWAP "HTTP/2 200 OK"
2026-03-16 16:01:13,228 | INFO | HTTP Request: GET https://www.okx.com/api/v5/market/candles?instId=ZIL-USDT-SWAP&bar=5m&limit=71 "HTTP/2 200 OK"
2026-03-16 16:01:13,483 | INFO | HTTP Request: GET https://www.okx.com/api/v5/market/ticker?instId=SUSHI-USDT-SWAP "HTTP/2 200 OK"
2026-03-16 16:01:13,808 | INFO | HTTP Request: GET https://www.okx.com/api/v5/account/balance "HTTP/2 200 OK"
2026-03-16 16:01:13,813 | INFO | Placing order BNB-USDT-SWAP sell qty=194.0
2026-03-16 16:01:13,910 | INFO | HTTP Request: GET https://www.okx.com/api/v5/market/ticker?instId=SYRUP-USDT-SWAP "HTTP/2 200 OK"
2026-03-16 16:01:14,164 | INFO | HTTP Request: POST https://www.okx.com/api/v5/trade/order "HTTP/2 200 OK"
2026-03-16 16:01:14,323 | INFO | HTTP Request: GET https://www.okx.com/api/v5/market/ticker?instId=TEST1234-USDT-SWAP "HTTP/2 200 OK"
2026-03-16 16:01:14,468 | INFO | HTTP Request: GET https://www.okx.com/api/v5/account/positions?instType=SWAP "HTTP/2 200 OK"
2026-03-16 16:01:14,673 | INFO | HTTP Request: GET https://www.okx.com/api/v5/market/ticker?instId=TEST3103-USDT-SWAP "HTTP/2 200 OK"
2026-03-16 16:01:14,764 | INFO | HTTP Request: GET https://www.okx.com/api/v5/market/candles?instId=BNB-USDT-SWAP&bar=5m&limit=81 "HTTP/2 200 OK"
2026-03-16 16:01:14,768 | INFO | Placing exchange stop BNB-USDT-SWAP short payload={'instId': 'BNB-USDT-SWAP', 'tdMode': 'isolated', 'side': 'buy', 'posSide': 'net', 'ordType': 'conditional', 'sz': '194', 'slTriggerPx': '723.275773195876', 'slOrdPx': '-1'}
2026-03-16 16:01:15,016 | INFO | HTTP Request: POST https://www.okx.com/api/v5/trade/order-algo "HTTP/2 200 OK"
2026-03-16 16:01:15,197 | INFO | HTTP Request: GET https://www.okx.com/api/v5/market/ticker?instId=TEST3110-USDT-SWAP "HTTP/2 200 OK"
2026-03-16 16:01:15,269 | INFO | HTTP Request: GET https://www.okx.com/api/v5/market/candles?instId=XAG-USDT-SWAP&bar=5m&limit=26 "HTTP/2 200 OK"
2026-03-16 16:01:15,501 | INFO | HTTP Request: GET https://www.okx.com/api/v5/market/ticker?instId=XAG-USDT-SWAP "HTTP/2 200 OK"
2026-03-16 16:01:15,556 | INFO | HTTP Request: GET https://www.okx.com/api/v5/market/ticker?instId=THETA-USDT-SWAP "HTTP/2 200 OK"
2026-03-16 16:01:15,740 | INFO | HTTP Request: GET https://www.okx.com/api/v5/trade/orders-algo-pending?ordType=conditional&instType=SWAP&instId=XAG-USDT-SWAP "HTTP/2 200 OK"
2026-03-16 16:01:15,912 | INFO | HTTP Request: GET https://www.okx.com/api/v5/market/ticker?instId=TON-USDT-SWAP "HTTP/2 200 OK"
2026-03-16 16:01:15,973 | INFO | HTTP Request: GET https://www.okx.com/api/v5/trade/orders-algo-pending?ordType=oco&instType=SWAP&instId=XAG-USDT-SWAP "HTTP/2 200 OK"
2026-03-16 16:01:16,226 | INFO | HTTP Request: GET https://www.okx.com/api/v5/trade/orders-algo-pending?ordType=trigger&instType=SWAP&instId=XAG-USDT-SWAP "HTTP/2 200 OK"
2026-03-16 16:01:16,344 | INFO | HTTP Request: GET https://www.okx.com/api/v5/market/ticker?instId=TRIA-USDT-SWAP "HTTP/2 200 OK"
2026-03-16 16:01:16,449 | INFO | HTTP Request: GET https://www.okx.com/api/v5/account/balance "HTTP/2 200 OK"
2026-03-16 16:01:16,463 | INFO | HTTP Request: GET https://www.okx.com/api/v5/trade/orders-algo-pending?ordType=move_order_stop&instType=SWAP&instId=XAG-USDT-SWAP "HTTP/2 200 OK"
2026-03-16 16:01:16,700 | INFO | HTTP Request: GET https://www.okx.com/api/v5/trade/orders-algo-pending?ordType=iceberg&instType=SWAP&instId=XAG-USDT-SWAP "HTTP/2 200 OK"
2026-03-16 16:01:16,711 | INFO | HTTP Request: GET https://www.okx.com/api/v5/market/ticker?instId=TRX-USDT-SWAP "HTTP/2 200 OK"
2026-03-16 16:01:16,936 | INFO | HTTP Request: GET https://www.okx.com/api/v5/trade/orders-algo-pending?ordType=twap&instType=SWAP&instId=XAG-USDT-SWAP "HTTP/2 200 OK"
2026-03-16 16:01:17,079 | INFO | HTTP Request: GET https://www.okx.com/api/v5/market/ticker?instId=TSLA-USDT-SWAP "HTTP/2 200 OK"
2026-03-16 16:01:17,187 | INFO | HTTP Request: GET https://www.okx.com/api/v5/trade/orders-algo-pending?ordType=chase&instType=SWAP&instId=XAG-USDT-SWAP "HTTP/2 200 OK"
2026-03-16 16:01:17,485 | INFO | HTTP Request: GET https://www.okx.com/api/v5/market/candles?instId=ETC-USDT-SWAP&bar=5m&limit=26 "HTTP/2 200 OK"
2026-03-16 16:01:17,494 | INFO | HTTP Request: GET https://www.okx.com/api/v5/market/ticker?instId=XAU-USDT-SWAP "HTTP/2 200 OK"
2026-03-16 16:01:17,676 | INFO | HTTP Request: GET https://www.okx.com/api/v5/market/candles?instId=BTC-USDT-SWAP&bar=5m&limit=64 "HTTP/2 200 OK"
2026-03-16 16:01:17,791 | INFO | HTTP Request: GET https://www.okx.com/api/v5/market/ticker?instId=ETC-USDT-SWAP "HTTP/2 200 OK"
2026-03-16 16:01:18,030 | INFO | HTTP Request: GET https://www.okx.com/api/v5/market/ticker?instId=XLM-USDT-SWAP "HTTP/2 200 OK"
2026-03-16 16:01:18,091 | INFO | HTTP Request: GET https://www.okx.com/api/v5/trade/orders-algo-pending?ordType=conditional&instType=SWAP&instId=ETC-USDT-SWAP "HTTP/2 200 OK"
2026-03-16 16:01:18,328 | INFO | HTTP Request: GET https://www.okx.com/api/v5/trade/orders-algo-pending?ordType=oco&instType=SWAP&instId=ETC-USDT-SWAP "HTTP/2 200 OK"
2026-03-16 16:01:18,566 | INFO | HTTP Request: GET https://www.okx.com/api/v5/trade/orders-algo-pending?ordType=trigger&instType=SWAP&instId=ETC-USDT-SWAP "HTTP/2 200 OK"
2026-03-16 16:01:18,875 | INFO | HTTP Request: GET https://www.okx.com/api/v5/trade/orders-algo-pending?ordType=move_order_stop&instType=SWAP&instId=ETC-USDT-SWAP "HTTP/2 200 OK"
2026-03-16 16:01:19,178 | INFO | HTTP Request: GET https://www.okx.com/api/v5/trade/orders-algo-pending?ordType=iceberg&instType=SWAP&instId=ETC-USDT-SWAP "HTTP/2 200 OK"
2026-03-16 16:01:19,416 | INFO | HTTP Request: GET https://www.okx.com/api/v5/trade/orders-algo-pending?ordType=twap&instType=SWAP&instId=ETC-USDT-SWAP "HTTP/2 200 OK"
2026-03-16 16:01:19,712 | INFO | HTTP Request: GET https://www.okx.com/api/v5/trade/orders-algo-pending?ordType=chase&instType=SWAP&instId=ETC-USDT-SWAP "HTTP/2 200 OK"
2026-03-16 16:01:19,779 | INFO | HTTP Request: GET https://www.okx.com/api/v5/market/candles?instId=XAG-USDT-SWAP&bar=5m&limit=89 "HTTP/2 200 OK"
2026-03-16 16:01:20,007 | INFO | HTTP Request: GET https://www.okx.com/api/v5/market/candles?instId=CRO-USDT-SWAP&bar=5m&limit=26 "HTTP/2 200 OK"
2026-03-16 16:01:20,243 | INFO | HTTP Request: GET https://www.okx.com/api/v5/market/ticker?instId=CRO-USDT-SWAP "HTTP/2 200 OK"
2026-03-16 16:01:20,252 | INFO | Closing position CRO-USDT-SWAP. Локальный защитный выход 2.0N
2026-03-16 16:01:20,255 | INFO | HTTP Request: GET https://www.okx.com/api/v5/market/ticker?instId=CRO-USDT-SWAP "HTTP/2 200 OK"
2026-03-16 16:01:20,549 | INFO | HTTP Request: POST https://www.okx.com/api/v5/trade/close-position "HTTP/2 200 OK"
2026-03-16 16:01:20,557 | WARNING | Failed to load json context : [Errno 13] Permission denied: '.'
2026-03-16 16:01:20,674 | INFO | HTTP Request: GET https://www.okx.com/api/v5/market/ticker?instId=BREV-USDT-SWAP "HTTP/2 200 OK"
2026-03-16 16:01:20,850 | INFO | HTTP Request: GET https://www.okx.com/api/v5/market/candles?instId=CRO-USDT-SWAP&bar=5m&limit=97 "HTTP/2 200 OK"
2026-03-16 16:01:21,086 | INFO | HTTP Request: GET https://www.okx.com/api/v5/market/candles?instId=BREV-USDT-SWAP&bar=5m&limit=89 "HTTP/2 200 OK"
2026-03-16 16:01:21,106 | INFO | HTTP Request: GET https://www.okx.com/api/v5/market/candles?instId=BREV-USDT-SWAP&bar=5m&limit=26 "HTTP/2 200 OK"
2026-03-16 16:01:21,107 | INFO | Placing exchange stop BREV-USDT-SWAP long payload={'instId': 'BREV-USDT-SWAP', 'tdMode': 'isolated', 'side': 'sell', 'posSide': 'net', 'ordType': 'conditional', 'sz': '120000', 'slTriggerPx': '1.008904996667', 'slOrdPx': '-1'}
2026-03-16 16:01:21,400 | INFO | HTTP Request: POST https://www.okx.com/api/v5/trade/order-algo "HTTP/2 200 OK"
2026-03-16 16:01:21,457 | INFO | HTTP Request: GET https://www.okx.com/api/v5/market/ticker?instId=BNB-USDT-SWAP "HTTP/2 200 OK"
2026-03-16 16:01:21,708 | INFO | HTTP Request: POST https://www.okx.com/api/v5/trade/cancel-algos "HTTP/2 200 OK"
2026-03-16 16:01:21,709 | INFO | HTTP Request: GET https://www.okx.com/api/v5/market/candles?instId=BNB-USDT-SWAP&bar=5m&limit=89 "HTTP/2 200 OK"
2026-03-16 16:01:21,710 | INFO | Closing position BREV-USDT-SWAP. Защита тренда: откат от пика 23995003333.33R → 3695003333.33R
2026-03-16 16:01:21,760 | INFO | HTTP Request: GET https://www.okx.com/api/v5/account/balance "HTTP/2 200 OK"
2026-03-16 16:01:22,037 | INFO | HTTP Request: POST https://www.okx.com/api/v5/trade/close-position "HTTP/2 200 OK"
2026-03-16 16:01:22,039 | WARNING | Failed to load json context : [Errno 13] Permission denied: '.'
2026-03-16 16:01:22,134 | INFO | HTTP Request: GET https://www.okx.com/api/v5/market/ticker?instId=1INCH-USDT-SWAP "HTTP/2 200 OK"
2026-03-16 16:01:22,136 | WARNING | Failed to fetch lifecycle candles for BREV-USDT-SWAP: [WinError 10035] Операция на незаблокированном сокете не может быть завершена немедленно
2026-03-16 16:01:22,545 | INFO | HTTP Request: GET https://www.okx.com/api/v5/market/candles?instId=BTC-USDT-SWAP&bar=5m&limit=64 "HTTP/2 200 OK"
2026-03-16 16:01:22,617 | INFO | HTTP Request: GET https://www.okx.com/api/v5/market/ticker?instId=2Z-USDT-SWAP "HTTP/2 200 OK"
2026-03-16 16:01:22,973 | INFO | HTTP Request: GET https://www.okx.com/api/v5/market/candles?instId=2Z-USDT-SWAP&bar=5m&limit=89 "HTTP/2 200 OK"
2026-03-16 16:01:23,451 | INFO | HTTP Request: GET https://www.okx.com/api/v5/market/ticker?instId=A-USDT-SWAP "HTTP/2 200 OK"
2026-03-16 16:01:23,834 | INFO | HTTP Request: GET https://www.okx.com/api/v5/market/candles?instId=A-USDT-SWAP&bar=5m&limit=89 "HTTP/2 200 OK"
2026-03-16 16:01:24,316 | INFO | HTTP Request: GET https://www.okx.com/api/v5/market/ticker?instId=AAVE-USDT-SWAP "HTTP/2 200 OK"
2026-03-16 16:01:24,678 | INFO | HTTP Request: GET https://www.okx.com/api/v5/market/candles?instId=AAVE-USDT-SWAP&bar=5m&limit=89 "HTTP/2 200 OK"
2026-03-16 16:01:25,185 | INFO | HTTP Request: GET https://www.okx.com/api/v5/market/ticker?instId=ACT-USDT-SWAP "HTTP/2 200 OK"
2026-03-16 16:01:25,553 | INFO | HTTP Request: GET https://www.okx.com/api/v5/market/candles?instId=ACT-USDT-SWAP&bar=5m&limit=89 "HTTP/2 200 OK"
2026-03-16 16:01:26,038 | INFO | HTTP Request: GET https://www.okx.com/api/v5/market/ticker?instId=ADA-USDT-SWAP "HTTP/2 200 OK"
2026-03-16 16:01:26,417 | INFO | HTTP Request: GET https://www.okx.com/api/v5/market/candles?instId=ADA-USDT-SWAP&bar=5m&limit=89 "HTTP/2 200 OK"
2026-03-16 16:01:26,911 | INFO | HTTP Request: GET https://www.okx.com/api/v5/market/ticker?instId=AI16Z-USDT-SWAP "HTTP/2 200 OK"
2026-03-16 16:01:27,103 | INFO | HTTP Request: GET https://www.okx.com/api/v5/market/candles?instId=BTC-USDT-SWAP&bar=5m&limit=64 "HTTP/2 200 OK"
2026-03-16 16:01:27,198 | INFO | HTTP Request: GET https://www.okx.com/api/v5/account/balance "HTTP/2 200 OK"
2026-03-16 16:01:27,281 | INFO | HTTP Request: GET https://www.okx.com/api/v5/market/candles?instId=AI16Z-USDT-SWAP&bar=5m&limit=89 "HTTP/2 200 OK"
2026-03-16 16:01:27,759 | INFO | HTTP Request: GET https://www.okx.com/api/v5/market/ticker?instId=AKITA-USDT-SWAP "HTTP/2 200 OK"
2026-03-16 16:01:27,923 | INFO | HTTP Request: GET https://www.okx.com/api/v5/account/positions?instType=SWAP "HTTP/2 200 OK"
2026-03-16 16:01:28,128 | INFO | HTTP Request: GET https://www.okx.com/api/v5/market/candles?instId=AKITA-USDT-SWAP&bar=5m&limit=89 "HTTP/2 200 OK"
2026-03-16 16:01:28,350 | INFO | HTTP Request: GET https://www.okx.com/api/v5/market/candles?instId=CRO-USDT-SWAP&bar=5m&limit=26 "HTTP/2 200 OK"
2026-03-16 16:01:28,626 | INFO | HTTP Request: GET https://www.okx.com/api/v5/market/ticker?instId=ALGO-USDT-SWAP "HTTP/2 200 OK"
2026-03-16 16:01:28,993 | INFO | HTTP Request: GET https://www.okx.com/api/v5/market/candles?instId=BREV-USDT-SWAP&bar=5m&limit=26 "HTTP/2 200 OK"
2026-03-16 16:01:29,369 | INFO | HTTP Request: GET https://www.okx.com/api/v5/market/candles?instId=ALGO-USDT-SWAP&bar=5m&limit=89 "HTTP/2 200 OK"
2026-03-16 16:01:29,736 | INFO | HTTP Request: GET https://www.okx.com/api/v5/market/candles?instId=1INCH-USDT-SWAP&bar=5m&limit=71 "HTTP/2 200 OK"
2026-03-16 16:01:29,853 | INFO | HTTP Request: GET https://www.okx.com/api/v5/market/ticker?instId=ARB-USDT-SWAP "HTTP/2 200 OK"
2026-03-16 16:01:30,095 | INFO | HTTP Request: GET https://www.okx.com/api/v5/market/candles?instId=2Z-USDT-SWAP&bar=5m&limit=71 "HTTP/2 200 OK"
2026-03-16 16:01:30,208 | INFO | HTTP Request: GET https://www.okx.com/api/v5/market/candles?instId=ARB-USDT-SWAP&bar=5m&limit=89 "HTTP/2 200 OK"
2026-03-16 16:01:30,458 | INFO | HTTP Request: GET https://www.okx.com/api/v5/market/candles?instId=A-USDT-SWAP&bar=5m&limit=71 "HTTP/2 200 OK"
2026-03-16 16:01:30,685 | INFO | HTTP Request: GET https://www.okx.com/api/v5/market/ticker?instId=ASP-USDT-SWAP "HTTP/2 200 OK"
2026-03-16 16:01:30,818 | INFO | HTTP Request: GET https://www.okx.com/api/v5/market/candles?instId=AAVE-USDT-SWAP&bar=5m&limit=71 "HTTP/2 200 OK"
2026-03-16 16:01:31,049 | INFO | HTTP Request: GET https://www.okx.com/api/v5/market/candles?instId=ASP-USDT-SWAP&bar=5m&limit=89 "HTTP/2 200 OK"
2026-03-16 16:01:31,180 | INFO | HTTP Request: GET https://www.okx.com/api/v5/market/candles?instId=ACT-USDT-SWAP&bar=5m&limit=71 "HTTP/2 200 OK"
2026-03-16 16:01:31,544 | INFO | HTTP Request: GET https://www.okx.com/api/v5/market/candles?instId=ADA-USDT-SWAP&bar=5m&limit=71 "HTTP/2 200 OK"
2026-03-16 16:01:31,674 | INFO | HTTP Request: GET https://www.okx.com/api/v5/market/ticker?instId=ASTER-USDT-SWAP "HTTP/2 200 OK"
2026-03-16 16:01:32,038 | INFO | HTTP Request: GET https://www.okx.com/api/v5/market/candles?instId=AI16Z-USDT-SWAP&bar=5m&limit=71 "HTTP/2 200 OK"
2026-03-16 16:01:32,044 | INFO | HTTP Request: GET https://www.okx.com/api/v5/market/candles?instId=ASTER-USDT-SWAP&bar=5m&limit=89 "HTTP/2 200 OK"
2026-03-16 16:01:32,398 | INFO | HTTP Request: GET https://www.okx.com/api/v5/market/candles?instId=ASTER-USDT-SWAP&bar=5m&limit=71 "HTTP/2 200 OK"
2026-03-16 16:01:32,517 | INFO | HTTP Request: GET https://www.okx.com/api/v5/market/ticker?instId=ATOM-USDT-SWAP "HTTP/2 200 OK"
2026-03-16 16:01:32,577 | INFO | HTTP Request: GET https://www.okx.com/api/v5/account/balance "HTTP/2 200 OK"
2026-03-16 16:01:32,874 | INFO | HTTP Request: GET https://www.okx.com/api/v5/market/candles?instId=ATOM-USDT-SWAP&bar=5m&limit=89 "HTTP/2 200 OK"
2026-03-16 16:01:32,887 | INFO | HTTP Request: GET https://www.okx.com/api/v5/market/candles?instId=ATOM-USDT-SWAP&bar=5m&limit=71 "HTTP/2 200 OK"
2026-03-16 16:01:33,246 | INFO | HTTP Request: GET https://www.okx.com/api/v5/market/candles?instId=AUCTION-USDT-SWAP&bar=5m&limit=71 "HTTP/2 200 OK"
2026-03-16 16:01:33,337 | INFO | HTTP Request: GET https://www.okx.com/api/v5/market/candles?instId=BTC-USDT-SWAP&bar=5m&limit=64 "HTTP/2 200 OK"
2026-03-16 16:01:33,371 | INFO | HTTP Request: GET https://www.okx.com/api/v5/market/ticker?instId=AUCTION-USDT-SWAP "HTTP/2 200 OK"
2026-03-16 16:01:33,609 | INFO | HTTP Request: GET https://www.okx.com/api/v5/market/candles?instId=AVAX-USDT-SWAP&bar=5m&limit=71 "HTTP/2 200 OK"
2026-03-16 16:01:33,734 | INFO | HTTP Request: GET https://www.okx.com/api/v5/market/candles?instId=AUCTION-USDT-SWAP&bar=5m&limit=89 "HTTP/2 200 OK"
2026-03-16 16:01:33,974 | INFO | HTTP Request: GET https://www.okx.com/api/v5/market/candles?instId=AXS-USDT-SWAP&bar=5m&limit=71 "HTTP/2 200 OK"
2026-03-16 16:01:34,219 | INFO | HTTP Request: GET https://www.okx.com/api/v5/market/ticker?instId=AVAX-USDT-SWAP "HTTP/2 200 OK"
2026-03-16 16:01:34,338 | INFO | HTTP Request: GET https://www.okx.com/api/v5/market/candles?instId=BAND-USDT-SWAP&bar=5m&limit=71 "HTTP/2 200 OK"
2026-03-16 16:01:34,703 | INFO | HTTP Request: GET https://www.okx.com/api/v5/market/candles?instId=BCH-USDT-SWAP&bar=5m&limit=71 "HTTP/2 200 OK"
2026-03-16 16:01:34,706 | INFO | HTTP Request: GET https://www.okx.com/api/v5/market/ticker?instId=AXS-USDT-SWAP "HTTP/2 200 OK"
2026-03-16 16:01:35,071 | INFO | HTTP Request: GET https://www.okx.com/api/v5/market/candles?instId=BIO-USDT-SWAP&bar=5m&limit=71 "HTTP/2 200 OK"
2026-03-16 16:01:35,187 | INFO | HTTP Request: GET https://www.okx.com/api/v5/market/ticker?instId=BAND-USDT-SWAP "HTTP/2 200 OK"
2026-03-16 16:01:35,431 | INFO | HTTP Request: GET https://www.okx.com/api/v5/market/candles?instId=BLUAI-USDT-SWAP&bar=5m&limit=71 "HTTP/2 200 OK"
2026-03-16 16:01:35,666 | INFO | HTTP Request: GET https://www.okx.com/api/v5/market/ticker?instId=BCH-USDT-SWAP "HTTP/2 200 OK"
2026-03-16 16:01:36,039 | INFO | HTTP Request: GET https://www.okx.com/api/v5/market/candles?instId=BOME-USDT-SWAP&bar=5m&limit=71 "HTTP/2 200 OK"
2026-03-16 16:01:36,154 | INFO | HTTP Request: GET https://www.okx.com/api/v5/market/ticker?instId=BIO-USDT-SWAP "HTTP/2 200 OK"
2026-03-16 16:01:36,404 | INFO | HTTP Request: GET https://www.okx.com/api/v5/market/candles?instId=BRETT-USDT-SWAP&bar=5m&limit=71 "HTTP/2 200 OK"
2026-03-16 16:01:36,640 | INFO | HTTP Request: GET https://www.okx.com/api/v5/market/ticker?instId=BLUAI-USDT-SWAP "HTTP/2 200 OK"
2026-03-16 16:01:36,774 | INFO | HTTP Request: GET https://www.okx.com/api/v5/market/candles?instId=BTC-USDT-SWAP&bar=5m&limit=71 "HTTP/2 200 OK"
2026-03-16 16:01:37,113 | INFO | HTTP Request: GET https://www.okx.com/api/v5/market/ticker?instId=BOME-USDT-SWAP "HTTP/2 200 OK"
2026-03-16 16:01:37,137 | INFO | HTTP Request: GET https://www.okx.com/api/v5/market/candles?instId=CAT-USDT-SWAP&bar=5m&limit=71 "HTTP/2 200 OK"
2026-03-16 16:01:37,512 | INFO | HTTP Request: GET https://www.okx.com/api/v5/market/candles?instId=CATI-USDT-SWAP&bar=5m&limit=71 "HTTP/2 200 OK"
2026-03-16 16:01:37,608 | INFO | HTTP Request: GET https://www.okx.com/api/v5/market/ticker?instId=BRETT-USDT-SWAP "HTTP/2 200 OK"
2026-03-16 16:01:37,868 | INFO | HTTP Request: GET https://www.okx.com/api/v5/market/candles?instId=CELO-USDT-SWAP&bar=5m&limit=71 "HTTP/2 200 OK"
2026-03-16 16:01:37,871 | INFO | HTTP Request: GET https://www.okx.com/api/v5/account/balance "HTTP/2 200 OK"
2026-03-16 16:01:38,097 | INFO | HTTP Request: GET https://www.okx.com/api/v5/market/ticker?instId=BTC-USDT-SWAP "HTTP/2 200 OK"
2026-03-16 16:01:38,236 | INFO | HTTP Request: GET https://www.okx.com/api/v5/market/candles?instId=CFX-USDT-SWAP&bar=5m&limit=71 "HTTP/2 200 OK"
2026-03-16 16:01:38,588 | INFO | HTTP Request: GET https://www.okx.com/api/v5/market/ticker?instId=CAT-USDT-SWAP "HTTP/2 200 OK"
2026-03-16 16:01:38,599 | INFO | HTTP Request: GET https://www.okx.com/api/v5/market/ticker?instId=CFX-USDT-SWAP "HTTP/2 200 OK"
2026-03-16 16:01:38,600 | INFO | CFX-USDT-SWAP: Turtle 55 long-сигнал отклонён (закрытие не удержалось выше канала)
2026-03-16 16:01:38,600 | INFO | CFX-USDT-SWAP: Turtle 20 long-сигнал отклонён (закрытие не удержалось выше канала)
2026-03-16 16:01:38,956 | INFO | HTTP Request: GET https://www.okx.com/api/v5/market/candles?instId=CHZ-USDT-SWAP&bar=5m&limit=71 "HTTP/2 200 OK"
2026-03-16 16:01:39,067 | INFO | HTTP Request: GET https://www.okx.com/api/v5/market/ticker?instId=CATI-USDT-SWAP "HTTP/2 200 OK"
2026-03-16 16:01:39,312 | INFO | HTTP Request: GET https://www.okx.com/api/v5/market/candles?instId=COAI-USDT-SWAP&bar=5m&limit=71 "HTTP/2 200 OK"
2026-03-16 16:01:39,540 | INFO | HTTP Request: GET https://www.okx.com/api/v5/market/ticker?instId=CELO-USDT-SWAP "HTTP/2 200 OK"
2026-03-16 16:01:39,680 | INFO | HTTP Request: GET https://www.okx.com/api/v5/market/candles?instId=COMP-USDT-SWAP&bar=5m&limit=71 "HTTP/2 200 OK"
2026-03-16 16:01:40,034 | INFO | HTTP Request: GET https://www.okx.com/api/v5/market/candles?instId=CRV-USDT-SWAP&bar=5m&limit=71 "HTTP/2 200 OK"
2026-03-16 16:01:40,144 | INFO | HTTP Request: GET https://www.okx.com/api/v5/market/ticker?instId=CHZ-USDT-SWAP "HTTP/2 200 OK"
2026-03-16 16:01:40,392 | INFO | HTTP Request: GET https://www.okx.com/api/v5/market/candles?instId=DOGE-USDT-SWAP&bar=5m&limit=71 "HTTP/2 200 OK"
2026-03-16 16:01:40,753 | INFO | HTTP Request: GET https://www.okx.com/api/v5/market/candles?instId=DOT-USDT-SWAP&bar=5m&limit=71 "HTTP/2 200 OK"
2026-03-16 16:01:40,878 | INFO | HTTP Request: GET https://www.okx.com/api/v5/market/ticker?instId=COAI-USDT-SWAP "HTTP/2 200 OK"
2026-03-16 16:01:41,119 | INFO | HTTP Request: GET https://www.okx.com/api/v5/market/candles?instId=ENA-USDT-SWAP&bar=5m&limit=71 "HTTP/2 200 OK"
2026-03-16 16:01:41,368 | INFO | HTTP Request: GET https://www.okx.com/api/v5/market/ticker?instId=COMP-USDT-SWAP "HTTP/2 200 OK"
2026-03-16 16:01:41,498 | INFO | HTTP Request: GET https://www.okx.com/api/v5/market/candles?instId=EOS-USDT-SWAP&bar=5m&limit=71 "HTTP/2 200 OK"
2026-03-16 16:01:41,863 | INFO | HTTP Request: GET https://www.okx.com/api/v5/market/candles?instId=ETH-USDT-SWAP&bar=5m&limit=71 "HTTP/2 200 OK"
2026-03-16 16:01:41,978 | INFO | HTTP Request: GET https://www.okx.com/api/v5/market/ticker?instId=CRV-USDT-SWAP "HTTP/2 200 OK"
2026-03-16 16:01:42,240 | INFO | HTTP Request: GET https://www.okx.com/api/v5/market/candles?instId=ETHFI-USDT-SWAP&bar=5m&limit=71 "HTTP/2 200 OK"
2026-03-16 16:01:42,465 | INFO | HTTP Request: GET https://www.okx.com/api/v5/market/ticker?instId=DOGE-USDT-SWAP "HTTP/2 200 OK"
2026-03-16 16:01:42,600 | INFO | HTTP Request: GET https://www.okx.com/api/v5/market/ticker?instId=ETHFI-USDT-SWAP "HTTP/2 200 OK"
2026-03-16 16:01:42,601 | INFO | ETHFI-USDT-SWAP: Turtle 55 long-сигнал отклонён (закрытие не удержалось выше канала)
2026-03-16 16:01:42,601 | INFO | ETHFI-USDT-SWAP: Turtle 20 long-сигнал отклонён (закрытие не удержалось выше канала)
2026-03-16 16:01:42,738 | INFO | HTTP Request: GET https://www.okx.com/api/v5/market/candles?instId=BTC-USDT-SWAP&bar=5m&limit=64 "HTTP/2 200 OK"
2026-03-16 16:01:42,972 | INFO | HTTP Request: GET https://www.okx.com/api/v5/market/candles?instId=ETHW-USDT-SWAP&bar=5m&limit=71 "HTTP/2 200 OK"
2026-03-16 16:01:43,080 | INFO | HTTP Request: GET https://www.okx.com/api/v5/market/ticker?instId=DOT-USDT-SWAP "HTTP/2 200 OK"
2026-03-16 16:01:43,244 | INFO | HTTP Request: GET https://www.okx.com/api/v5/account/balance "HTTP/2 200 OK"
2026-03-16 16:01:43,335 | INFO | HTTP Request: GET https://www.okx.com/api/v5/market/candles?instId=FIL-USDT-SWAP&bar=5m&limit=71 "HTTP/2 200 OK"
2026-03-16 16:01:43,571 | INFO | HTTP Request: GET https://www.okx.com/api/v5/market/ticker?instId=ENA-USDT-SWAP "HTTP/2 200 OK"
2026-03-16 16:01:43,689 | INFO | HTTP Request: GET https://www.okx.com/api/v5/market/candles?instId=FLOKI-USDT-SWAP&bar=5m&limit=71 "HTTP/2 200 OK"
2026-03-16 16:01:44,049 | INFO | HTTP Request: GET https://www.okx.com/api/v5/market/ticker?instId=EOS-USDT-SWAP "HTTP/2 200 OK"
2026-03-16 16:01:44,057 | INFO | HTTP Request: GET https://www.okx.com/api/v5/market/candles?instId=GMT-USDT-SWAP&bar=5m&limit=71 "HTTP/2 200 OK"
2026-03-16 16:01:44,427 | INFO | HTTP Request: GET https://www.okx.com/api/v5/market/candles?instId=H-USDT-SWAP&bar=5m&limit=71 "HTTP/2 200 OK"
2026-03-16 16:01:44,526 | INFO | HTTP Request: GET https://www.okx.com/api/v5/market/ticker?instId=ETH-USDT-SWAP "HTTP/2 200 OK"
2026-03-16 16:01:44,894 | INFO | HTTP Request: GET https://www.okx.com/api/v5/market/candles?instId=HBAR-USDT-SWAP&bar=5m&limit=71 "HTTP/2 200 OK"
2026-03-16 16:01:45,131 | INFO | HTTP Request: GET https://www.okx.com/api/v5/market/ticker?instId=ETHW-USDT-SWAP "HTTP/2 200 OK"
2026-03-16 16:01:45,274 | INFO | HTTP Request: GET https://www.okx.com/api/v5/market/candles?instId=HMSTR-USDT-SWAP&bar=5m&limit=71 "HTTP/2 200 OK"
2026-03-16 16:01:45,618 | INFO | HTTP Request: GET https://www.okx.com/api/v5/market/ticker?instId=FIL-USDT-SWAP "HTTP/2 200 OK"
2026-03-16 16:01:45,635 | INFO | HTTP Request: GET https://www.okx.com/api/v5/market/candles?instId=HOME-USDT-SWAP&bar=5m&limit=71 "HTTP/2 200 OK"
2026-03-16 16:01:45,989 | INFO | HTTP Request: GET https://www.okx.com/api/v5/market/candles?instId=ICP-USDT-SWAP&bar=5m&limit=71 "HTTP/2 200 OK"
2026-03-16 16:01:46,053 | INFO | HTTP Request: GET https://www.okx.com/api/v5/market/candles?instId=ETC-USDT-SWAP&bar=5m&limit=81 "HTTP/2 200 OK"
2026-03-16 16:01:46,119 | INFO | HTTP Request: GET https://www.okx.com/api/v5/market/ticker?instId=FLOKI-USDT-SWAP "HTTP/2 200 OK"
2026-03-16 16:01:46,415 | INFO | HTTP Request: GET https://www.okx.com/api/v5/market/candles?instId=IMX-USDT-SWAP&bar=5m&limit=71 "HTTP/2 200 OK"
2026-03-16 16:01:46,606 | INFO | HTTP Request: GET https://www.okx.com/api/v5/market/ticker?instId=GMT-USDT-SWAP "HTTP/2 200 OK"
2026-03-16 16:01:46,776 | INFO | HTTP Request: GET https://www.okx.com/api/v5/market/candles?instId=INJ-USDT-SWAP&bar=5m&limit=71 "HTTP/2 200 OK"
2026-03-16 16:01:47,103 | INFO | HTTP Request: GET https://www.okx.com/api/v5/market/ticker?instId=H-USDT-SWAP "HTTP/2 200 OK"
2026-03-16 16:01:47,152 | INFO | HTTP Request: GET https://www.okx.com/api/v5/market/candles?instId=IOTA-USDT-SWAP&bar=5m&limit=71 "HTTP/2 200 OK"
2026-03-16 16:01:47,518 | INFO | HTTP Request: GET https://www.okx.com/api/v5/market/candles?instId=JUP-USDT-SWAP&bar=5m&limit=71 "HTTP/2 200 OK"
2026-03-16 16:01:47,638 | INFO | HTTP Request: GET https://www.okx.com/api/v5/market/ticker?instId=HBAR-USDT-SWAP "HTTP/2 200 OK"
2026-03-16 16:01:47,890 | INFO | HTTP Request: GET https://www.okx.com/api/v5/market/candles?instId=KAITO-USDT-SWAP&bar=5m&limit=71 "HTTP/2 200 OK"
2026-03-16 16:01:48,121 | INFO | HTTP Request: GET https://www.okx.com/api/v5/market/ticker?instId=HMSTR-USDT-SWAP "HTTP/2 200 OK"
2026-03-16 16:01:48,248 | INFO | HTTP Request: GET https://www.okx.com/api/v5/market/candles?instId=KSM-USDT-SWAP&bar=5m&limit=71 "HTTP/2 200 OK"
2026-03-16 16:01:48,606 | INFO | HTTP Request: GET https://www.okx.com/api/v5/market/candles?instId=LDO-USDT-SWAP&bar=5m&limit=71 "HTTP/2 200 OK"
2026-03-16 16:01:48,611 | INFO | HTTP Request: GET https://www.okx.com/api/v5/market/ticker?instId=HOME-USDT-SWAP "HTTP/2 200 OK"
2026-03-16 16:01:48,669 | INFO | HTTP Request: GET https://www.okx.com/api/v5/account/balance "HTTP/2 200 OK"
2026-03-16 16:01:48,964 | INFO | HTTP Request: GET https://www.okx.com/api/v5/market/candles?instId=LINEA-USDT-SWAP&bar=5m&limit=71 "HTTP/2 200 OK"
2026-03-16 16:01:48,973 | INFO | HTTP Request: GET https://www.okx.com/api/v5/market/candles?instId=BTC-USDT-SWAP&bar=5m&limit=64 "HTTP/2 200 OK"
2026-03-16 16:01:49,335 | INFO | HTTP Request: GET https://www.okx.com/api/v5/market/candles?instId=LINK-USDT-SWAP&bar=5m&limit=71 "HTTP/2 200 OK"
2026-03-16 16:01:49,453 | INFO | HTTP Request: GET https://www.okx.com/api/v5/market/ticker?instId=ICP-USDT-SWAP "HTTP/2 200 OK"
2026-03-16 16:01:49,700 | INFO | HTTP Request: GET https://www.okx.com/api/v5/market/candles?instId=LIT-USDT-SWAP&bar=5m&limit=71 "HTTP/2 200 OK"
2026-03-16 16:01:49,930 | INFO | HTTP Request: GET https://www.okx.com/api/v5/market/ticker?instId=IMX-USDT-SWAP "HTTP/2 200 OK"
2026-03-16 16:01:50,069 | INFO | HTTP Request: GET https://www.okx.com/api/v5/market/candles?instId=LPT-USDT-SWAP&bar=5m&limit=71 "HTTP/2 200 OK"
2026-03-16 16:01:50,439 | INFO | HTTP Request: GET https://www.okx.com/api/v5/market/ticker?instId=INJ-USDT-SWAP "HTTP/2 200 OK"
2026-03-16 16:01:50,802 | INFO | HTTP Request: GET https://www.okx.com/api/v5/market/candles?instId=LQTY-USDT-SWAP&bar=5m&limit=71 "HTTP/2 200 OK"
2026-03-16 16:01:50,921 | INFO | HTTP Request: GET https://www.okx.com/api/v5/market/ticker?instId=IOTA-USDT-SWAP "HTTP/2 200 OK"
2026-03-16 16:01:51,163 | INFO | HTTP Request: GET https://www.okx.com/api/v5/market/candles?instId=LRC-USDT-SWAP&bar=5m&limit=71 "HTTP/2 200 OK"
2026-03-16 16:01:51,527 | INFO | HTTP Request: GET https://www.okx.com/api/v5/market/candles?instId=LTC-USDT-SWAP&bar=5m&limit=71 "HTTP/2 200 OK"
2026-03-16 16:01:51,650 | INFO | HTTP Request: GET https://www.okx.com/api/v5/market/ticker?instId=JUP-USDT-SWAP "HTTP/2 200 OK"
2026-03-16 16:01:51,900 | INFO | HTTP Request: GET https://www.okx.com/api/v5/market/candles?instId=MAGIC-USDT-SWAP&bar=5m&limit=71 "HTTP/2 200 OK"
2026-03-16 16:01:52,146 | INFO | HTTP Request: GET https://www.okx.com/api/v5/market/ticker?instId=KAITO-USDT-SWAP "HTTP/2 200 OK"
2026-03-16 16:01:52,298 | INFO | HTTP Request: GET https://www.okx.com/api/v5/market/candles?instId=MAJOR-USDT-SWAP&bar=5m&limit=71 "HTTP/2 200 OK"
2026-03-16 16:01:52,707 | INFO | HTTP Request: GET https://www.okx.com/api/v5/market/candles?instId=MASK-USDT-SWAP&bar=5m&limit=71 "HTTP/2 200 OK"
2026-03-16 16:01:52,786 | INFO | HTTP Request: GET https://www.okx.com/api/v5/market/ticker?instId=KSM-USDT-SWAP "HTTP/2 200 OK"
2026-03-16 16:01:53,152 | INFO | HTTP Request: GET https://www.okx.com/api/v5/market/candles?instId=MET-USDT-SWAP&bar=5m&limit=71 "HTTP/2 200 OK"
2026-03-16 16:01:53,272 | INFO | HTTP Request: GET https://www.okx.com/api/v5/market/ticker?instId=LDO-USDT-SWAP "HTTP/2 200 OK"
2026-03-16 16:01:53,534 | INFO | HTTP Request: GET https://www.okx.com/api/v5/market/candles?instId=MINA-USDT-SWAP&bar=5m&limit=71 "HTTP/2 200 OK"
2026-03-16 16:01:53,766 | INFO | HTTP Request: GET https://www.okx.com/api/v5/market/ticker?instId=LINEA-USDT-SWAP "HTTP/2 200 OK"
2026-03-16 16:01:53,897 | INFO | HTTP Request: GET https://www.okx.com/api/v5/market/candles?instId=MKR-USDT-SWAP&bar=5m&limit=71 "HTTP/2 200 OK"
2026-03-16 16:01:54,068 | INFO | HTTP Request: GET https://www.okx.com/api/v5/account/balance "HTTP/2 200 OK"
2026-03-16 16:01:54,245 | INFO | HTTP Request: GET https://www.okx.com/api/v5/market/ticker?instId=LINK-USDT-SWAP "HTTP/2 200 OK"
2026-03-16 16:01:54,269 | INFO | HTTP Request: GET https://www.okx.com/api/v5/market/candles?instId=MUBARAK-USDT-SWAP&bar=5m&limit=71 "HTTP/2 200 OK"
2026-03-16 16:01:54,638 | INFO | HTTP Request: GET https://www.okx.com/api/v5/market/candles?instId=NEAR-USDT-SWAP&bar=5m&limit=71 "HTTP/2 200 OK"
2026-03-16 16:01:54,728 | INFO | HTTP Request: GET https://www.okx.com/api/v5/market/ticker?instId=LIT-USDT-SWAP "HTTP/2 200 OK"
2026-03-16 16:01:55,016 | INFO | HTTP Request: GET https://www.okx.com/api/v5/market/candles?instId=NEO-USDT-SWAP&bar=5m&limit=71 "HTTP/2 200 OK"
2026-03-16 16:01:55,206 | INFO | HTTP Request: GET https://www.okx.com/api/v5/market/ticker?instId=LPT-USDT-SWAP "HTTP/2 200 OK"
2026-03-16 16:01:55,240 | INFO | HTTP Request: GET https://www.okx.com/api/v5/market/candles?instId=BTC-USDT-SWAP&bar=5m&limit=64 "HTTP/2 200 OK"
2026-03-16 16:01:55,556 | INFO | HTTP Request: GET https://www.okx.com/api/v5/market/candles?instId=NOT-USDT-SWAP&bar=5m&limit=71 "HTTP/2 200 OK"
2026-03-16 16:01:55,735 | INFO | HTTP Request: GET https://www.okx.com/api/v5/market/ticker?instId=LQTY-USDT-SWAP "HTTP/2 200 OK"
2026-03-16 16:01:55,934 | INFO | HTTP Request: GET https://www.okx.com/api/v5/market/candles?instId=OP-USDT-SWAP&bar=5m&limit=71 "HTTP/2 200 OK"
2026-03-16 16:01:56,212 | INFO | HTTP Request: GET https://www.okx.com/api/v5/market/ticker?instId=LRC-USDT-SWAP "HTTP/2 200 OK"
2026-03-16 16:01:56,298 | INFO | HTTP Request: GET https://www.okx.com/api/v5/market/ticker?instId=OP-USDT-SWAP "HTTP/2 200 OK"
2026-03-16 16:01:56,302 | INFO | OP-USDT-SWAP: Turtle 20 long-сигнал отклонён (закрытие не удержалось выше канала)
2026-03-16 16:01:56,659 | INFO | HTTP Request: GET https://www.okx.com/api/v5/market/candles?instId=PEPE-USDT-SWAP&bar=5m&limit=71 "HTTP/2 200 OK"
2026-03-16 16:01:56,694 | INFO | HTTP Request: GET https://www.okx.com/api/v5/market/ticker?instId=LTC-USDT-SWAP "HTTP/2 200 OK"
2026-03-16 16:01:57,022 | INFO | HTTP Request: GET https://www.okx.com/api/v5/market/candles?instId=PIGGY-USDT-SWAP&bar=5m&limit=71 "HTTP/2 200 OK"
2026-03-16 16:01:57,381 | INFO | HTTP Request: GET https://www.okx.com/api/v5/market/candles?instId=QTUM-USDT-SWAP&bar=5m&limit=71 "HTTP/2 200 OK"
2026-03-16 16:01:57,509 | INFO | HTTP Request: GET https://www.okx.com/api/v5/market/ticker?instId=MAGIC-USDT-SWAP "HTTP/2 200 OK"
2026-03-16 16:01:57,746 | INFO | HTTP Request: GET https://www.okx.com/api/v5/market/candles?instId=RAVE-USDT-SWAP&bar=5m&limit=71 "HTTP/2 200 OK"
2026-03-16 16:01:57,993 | INFO | HTTP Request: GET https://www.okx.com/api/v5/market/ticker?instId=MAJOR-USDT-SWAP "HTTP/2 200 OK"
2026-03-16 16:01:58,113 | INFO | HTTP Request: GET https://www.okx.com/api/v5/market/candles?instId=RESOLV-USDT-SWAP&bar=5m&limit=71 "HTTP/2 200 OK"
2026-03-16 16:01:58,474 | INFO | HTTP Request: GET https://www.okx.com/api/v5/market/candles?instId=ROBO-USDT-SWAP&bar=5m&limit=71 "HTTP/2 200 OK"
2026-03-16 16:01:58,477 | INFO | HTTP Request: GET https://www.okx.com/api/v5/market/ticker?instId=MASK-USDT-SWAP "HTTP/2 200 OK"
2026-03-16 16:01:58,832 | INFO | HTTP Request: GET https://www.okx.com/api/v5/market/candles?instId=SAND-USDT-SWAP&bar=5m&limit=71 "HTTP/2 200 OK"
2026-03-16 16:01:58,955 | INFO | HTTP Request: GET https://www.okx.com/api/v5/market/ticker?instId=MET-USDT-SWAP "HTTP/2 200 OK"
2026-03-16 16:01:59,312 | INFO | HTTP Request: GET https://www.okx.com/api/v5/market/candles?instId=SCR-USDT-SWAP&bar=5m&limit=71 "HTTP/2 200 OK"
2026-03-16 16:01:59,442 | INFO | HTTP Request: GET https://www.okx.com/api/v5/market/ticker?instId=MINA-USDT-SWAP "HTTP/2 200 OK"
2026-03-16 16:01:59,479 | INFO | HTTP Request: GET https://www.okx.com/api/v5/account/balance "HTTP/2 200 OK"
2026-03-16 16:01:59,678 | INFO | HTTP Request: GET https://www.okx.com/api/v5/market/candles?instId=SHIB-USDT-SWAP&bar=5m&limit=71 "HTTP/2 200 OK"
2026-03-16 16:01:59,920 | INFO | HTTP Request: GET https://www.okx.com/api/v5/market/ticker?instId=MKR-USDT-SWAP "HTTP/2 200 OK"
2026-03-16 16:02:00,277 | INFO | HTTP Request: GET https://www.okx.com/api/v5/market/candles?instId=SKY-USDT-SWAP&bar=5m&limit=71 "HTTP/2 200 OK"
2026-03-16 16:02:00,404 | INFO | HTTP Request: GET https://www.okx.com/api/v5/market/ticker?instId=MUBARAK-USDT-SWAP "HTTP/2 200 OK"
2026-03-16 16:02:00,639 | INFO | HTTP Request: GET https://www.okx.com/api/v5/market/candles?instId=SOL-USDT-SWAP&bar=5m&limit=71 "HTTP/2 200 OK"
2026-03-16 16:02:00,878 | INFO | HTTP Request: GET https://www.okx.com/api/v5/market/ticker?instId=NEAR-USDT-SWAP "HTTP/2 200 OK"
2026-03-16 16:02:01,028 | INFO | HTTP Request: GET https://www.okx.com/api/v5/market/candles?instId=SOLV-USDT-SWAP&bar=5m&limit=71 "HTTP/2 200 OK"
2026-03-16 16:02:01,366 | INFO | HTTP Request: GET https://www.okx.com/api/v5/market/ticker?instId=NEO-USDT-SWAP "HTTP/2 200 OK"
2026-03-16 16:02:01,403 | INFO | HTTP Request: GET https://www.okx.com/api/v5/market/candles?instId=SPK-USDT-SWAP&bar=5m&limit=71 "HTTP/2 200 OK"
2026-03-16 16:02:01,476 | INFO | HTTP Request: GET https://www.okx.com/api/v5/market/candles?instId=BTC-USDT-SWAP&bar=5m&limit=64 "HTTP/2 200 OK"
2026-03-16 16:02:01,775 | INFO | HTTP Request: GET https://www.okx.com/api/v5/market/candles?instId=STRK-USDT-SWAP&bar=5m&limit=71 "HTTP/2 200 OK"
2026-03-16 16:02:01,858 | INFO | HTTP Request: GET https://www.okx.com/api/v5/market/ticker?instId=NOT-USDT-SWAP "HTTP/2 200 OK"
2026-03-16 16:02:02,139 | INFO | HTTP Request: GET https://www.okx.com/api/v5/market/candles?instId=SUI-USDT-SWAP&bar=5m&limit=71 "HTTP/2 200 OK"
2026-03-16 16:02:02,458 | INFO | HTTP Request: GET https://www.okx.com/api/v5/market/ticker?instId=PEPE-USDT-SWAP "HTTP/2 200 OK"
2026-03-16 16:02:02,512 | INFO | HTTP Request: GET https://www.okx.com/api/v5/market/candles?instId=SUSHI-USDT-SWAP&bar=5m&limit=71 "HTTP/2 200 OK"
2026-03-16 16:02:02,876 | INFO | HTTP Request: GET https://www.okx.com/api/v5/market/candles?instId=SYRUP-USDT-SWAP&bar=5m&limit=71 "HTTP/2 200 OK"
2026-03-16 16:02:02,944 | INFO | HTTP Request: GET https://www.okx.com/api/v5/market/ticker?instId=PIGGY-USDT-SWAP "HTTP/2 200 OK"
2026-03-16 16:02:03,246 | INFO | HTTP Request: GET https://www.okx.com/api/v5/market/candles?instId=TEST1234-USDT-SWAP&bar=5m&limit=71 "HTTP/2 200 OK"
2026-03-16 16:02:03,442 | INFO | HTTP Request: GET https://www.okx.com/api/v5/market/ticker?instId=QTUM-USDT-SWAP "HTTP/2 200 OK"
2026-03-16 16:02:03,803 | INFO | HTTP Request: GET https://www.okx.com/api/v5/market/candles?instId=TEST3103-USDT-SWAP&bar=5m&limit=71 "HTTP/2 200 OK"
2026-03-16 16:02:03,924 | INFO | HTTP Request: GET https://www.okx.com/api/v5/market/ticker?instId=RAVE-USDT-SWAP "HTTP/2 200 OK"
2026-03-16 16:02:04,176 | INFO | HTTP Request: GET https://www.okx.com/api/v5/market/candles?instId=TEST3110-USDT-SWAP&bar=5m&limit=71 "HTTP/2 200 OK"
2026-03-16 16:02:04,534 | INFO | HTTP Request: GET https://www.okx.com/api/v5/market/candles?instId=THETA-USDT-SWAP&bar=5m&limit=71 "HTTP/2 200 OK"
2026-03-16 16:02:04,654 | INFO | HTTP Request: GET https://www.okx.com/api/v5/market/ticker?instId=RESOLV-USDT-SWAP "HTTP/2 200 OK"
2026-03-16 16:02:04,788 | INFO | HTTP Request: GET https://www.okx.com/api/v5/account/balance "HTTP/2 200 OK"
2026-03-16 16:02:04,894 | INFO | HTTP Request: GET https://www.okx.com/api/v5/market/candles?instId=TON-USDT-SWAP&bar=5m&limit=71 "HTTP/2 200 OK"
2026-03-16 16:02:05,135 | INFO | HTTP Request: GET https://www.okx.com/api/v5/market/ticker?instId=ROBO-USDT-SWAP "HTTP/2 200 OK"
2026-03-16 16:02:05,254 | INFO | HTTP Request: GET https://www.okx.com/api/v5/market/candles?instId=TRIA-USDT-SWAP&bar=5m&limit=71 "HTTP/2 200 OK"
2026-03-16 16:02:05,620 | INFO | HTTP Request: GET https://www.okx.com/api/v5/market/candles?instId=TRX-USDT-SWAP&bar=5m&limit=71 "HTTP/2 200 OK"
2026-03-16 16:02:05,626 | INFO | HTTP Request: GET https://www.okx.com/api/v5/market/ticker?instId=SAND-USDT-SWAP "HTTP/2 200 OK"
2026-03-16 16:02:06,009 | INFO | HTTP Request: GET https://www.okx.com/api/v5/market/candles?instId=TSLA-USDT-SWAP&bar=5m&limit=71 "HTTP/2 200 OK"
2026-03-16 16:02:06,128 | INFO | HTTP Request: GET https://www.okx.com/api/v5/market/ticker?instId=SCR-USDT-SWAP "HTTP/2 200 OK"
2026-03-16 16:02:06,489 | INFO | HTTP Request: GET https://www.okx.com/api/v5/market/candles?instId=XAU-USDT-SWAP&bar=5m&limit=71 "HTTP/2 200 OK"
2026-03-16 16:02:06,616 | INFO | HTTP Request: GET https://www.okx.com/api/v5/market/ticker?instId=SHIB-USDT-SWAP "HTTP/2 200 OK"
2026-03-16 16:02:06,847 | INFO | HTTP Request: GET https://www.okx.com/api/v5/market/candles?instId=XLM-USDT-SWAP&bar=5m&limit=71 "HTTP/2 200 OK"
2026-03-16 16:02:07,095 | INFO | HTTP Request: GET https://www.okx.com/api/v5/market/ticker?instId=SKY-USDT-SWAP "HTTP/2 200 OK"
2026-03-16 16:02:07,209 | INFO | HTTP Request: GET https://www.okx.com/api/v5/market/candles?instId=XPL-USDT-SWAP&bar=5m&limit=71 "HTTP/2 200 OK"
2026-03-16 16:02:07,581 | INFO | HTTP Request: GET https://www.okx.com/api/v5/market/ticker?instId=SOL-USDT-SWAP "HTTP/2 200 OK"
2026-03-16 16:02:07,751 | INFO | HTTP Request: GET https://www.okx.com/api/v5/market/candles?instId=BTC-USDT-SWAP&bar=5m&limit=64 "HTTP/2 200 OK"
2026-03-16 16:02:07,751 | INFO | HTTP Request: GET https://www.okx.com/api/v5/market/candles?instId=XRP-USDT-SWAP&bar=5m&limit=71 "HTTP/2 200 OK"
2026-03-16 16:02:08,060 | INFO | HTTP Request: GET https://www.okx.com/api/v5/market/ticker?instId=SOLV-USDT-SWAP "HTTP/2 200 OK"
2026-03-16 16:02:08,111 | INFO | HTTP Request: GET https://www.okx.com/api/v5/market/candles?instId=XSR-USDT-SWAP&bar=5m&limit=71 "HTTP/2 200 OK"
2026-03-16 16:02:08,466 | INFO | HTTP Request: GET https://www.okx.com/api/v5/market/candles?instId=XTZ-USDT-SWAP&bar=5m&limit=71 "HTTP/2 200 OK"
2026-03-16 16:02:08,534 | INFO | HTTP Request: GET https://www.okx.com/api/v5/market/ticker?instId=SPK-USDT-SWAP "HTTP/2 200 OK"
2026-03-16 16:02:08,831 | INFO | HTTP Request: GET https://www.okx.com/api/v5/market/candles?instId=YB-USDT-SWAP&bar=5m&limit=71 "HTTP/2 200 OK"
2026-03-16 16:02:09,020 | INFO | HTTP Request: GET https://www.okx.com/api/v5/market/ticker?instId=STRK-USDT-SWAP "HTTP/2 200 OK"
2026-03-16 16:02:09,202 | INFO | HTTP Request: GET https://www.okx.com/api/v5/market/candles?instId=YFI-USDT-SWAP&bar=5m&limit=71 "HTTP/2 200 OK"
2026-03-16 16:02:09,503 | INFO | HTTP Request: GET https://www.okx.com/api/v5/market/ticker?instId=SUI-USDT-SWAP "HTTP/2 200 OK"
2026-03-16 16:02:09,571 | INFO | HTTP Request: GET https://www.okx.com/api/v5/market/candles?instId=YGG-USDT-SWAP&bar=5m&limit=71 "HTTP/2 200 OK"
2026-03-16 16:02:09,938 | INFO | HTTP Request: GET https://www.okx.com/api/v5/market/candles?instId=ZAMA-USDT-SWAP&bar=5m&limit=71 "HTTP/2 200 OK"
2026-03-16 16:02:10,056 | INFO | HTTP Request: GET https://www.okx.com/api/v5/market/ticker?instId=SUSHI-USDT-SWAP "HTTP/2 200 OK"
2026-03-16 16:02:10,117 | INFO | HTTP Request: GET https://www.okx.com/api/v5/account/balance "HTTP/2 200 OK"
2026-03-16 16:02:10,309 | INFO | HTTP Request: GET https://www.okx.com/api/v5/market/candles?instId=ZBCN-USDT-SWAP&bar=5m&limit=71 "HTTP/2 200 OK"
2026-03-16 16:02:10,674 | INFO | HTTP Request: GET https://www.okx.com/api/v5/market/candles?instId=ZETA-USDT-SWAP&bar=5m&limit=71 "HTTP/2 200 OK"
2026-03-16 16:02:10,784 | INFO | HTTP Request: GET https://www.okx.com/api/v5/market/ticker?instId=SYRUP-USDT-SWAP "HTTP/2 200 OK"
2026-03-16 16:02:11,032 | INFO | HTTP Request: GET https://www.okx.com/api/v5/market/candles?instId=ZIL-USDT-SWAP&bar=5m&limit=71 "HTTP/2 200 OK"
2026-03-16 16:02:11,278 | INFO | HTTP Request: GET https://www.okx.com/api/v5/market/ticker?instId=TEST1234-USDT-SWAP "HTTP/2 200 OK"
2026-03-16 16:02:11,393 | INFO | HTTP Request: GET https://www.okx.com/api/v5/market/candles?instId=XAG-USDT-SWAP&bar=5m&limit=26 "HTTP/2 200 OK"
2026-03-16 16:02:11,747 | INFO | HTTP Request: GET https://www.okx.com/api/v5/market/ticker?instId=XAG-USDT-SWAP "HTTP/2 200 OK"
2026-03-16 16:02:11,776 | INFO | HTTP Request: GET https://www.okx.com/api/v5/market/ticker?instId=TEST3103-USDT-SWAP "HTTP/2 200 OK"
2026-03-16 16:02:12,036 | INFO | HTTP Request: GET https://www.okx.com/api/v5/trade/orders-algo-pending?ordType=conditional&instType=SWAP&instId=XAG-USDT-SWAP "HTTP/2 200 OK"
2026-03-16 16:02:12,261 | INFO | HTTP Request: GET https://www.okx.com/api/v5/market/ticker?instId=TEST3110-USDT-SWAP "HTTP/2 200 OK"
2026-03-16 16:02:12,335 | INFO | HTTP Request: GET https://www.okx.com/api/v5/trade/orders-algo-pending?ordType=oco&instType=SWAP&instId=XAG-USDT-SWAP "HTTP/2 200 OK"
2026-03-16 16:02:12,571 | INFO | HTTP Request: GET https://www.okx.com/api/v5/trade/orders-algo-pending?ordType=trigger&instType=SWAP&instId=XAG-USDT-SWAP "HTTP/2 200 OK"
2026-03-16 16:02:12,806 | INFO | HTTP Request: GET https://www.okx.com/api/v5/trade/orders-algo-pending?ordType=move_order_stop&instType=SWAP&instId=XAG-USDT-SWAP "HTTP/2 200 OK"
2026-03-16 16:02:13,115 | INFO | HTTP Request: GET https://www.okx.com/api/v5/trade/orders-algo-pending?ordType=iceberg&instType=SWAP&instId=XAG-USDT-SWAP "HTTP/2 200 OK"
2026-03-16 16:02:13,354 | INFO | HTTP Request: GET https://www.okx.com/api/v5/trade/orders-algo-pending?ordType=twap&instType=SWAP&instId=XAG-USDT-SWAP "HTTP/2 200 OK"
2026-03-16 16:02:13,590 | INFO | HTTP Request: GET https://www.okx.com/api/v5/market/ticker?instId=XPL-USDT-SWAP "HTTP/2 200 OK"
2026-03-16 16:02:13,661 | INFO | HTTP Request: GET https://www.okx.com/api/v5/trade/orders-algo-pending?ordType=chase&instType=SWAP&instId=XAG-USDT-SWAP "HTTP/2 200 OK"
2026-03-16 16:02:13,965 | INFO | HTTP Request: GET https://www.okx.com/api/v5/market/candles?instId=BTC-USDT-SWAP&bar=5m&limit=64 "HTTP/2 200 OK"
2026-03-16 16:02:14,030 | INFO | HTTP Request: GET https://www.okx.com/api/v5/market/candles?instId=ETC-USDT-SWAP&bar=5m&limit=26 "HTTP/2 200 OK"
2026-03-16 16:02:14,074 | INFO | HTTP Request: GET https://www.okx.com/api/v5/market/ticker?instId=XRP-USDT-SWAP "HTTP/2 200 OK"
2026-03-16 16:02:14,399 | INFO | HTTP Request: GET https://www.okx.com/api/v5/market/ticker?instId=ETC-USDT-SWAP "HTTP/2 200 OK"
2026-03-16 16:02:14,694 | INFO | HTTP Request: GET https://www.okx.com/api/v5/trade/orders-algo-pending?ordType=conditional&instType=SWAP&instId=ETC-USDT-SWAP "HTTP/2 200 OK"
2026-03-16 16:02:14,902 | INFO | HTTP Request: GET https://www.okx.com/api/v5/market/ticker?instId=XSR-USDT-SWAP "HTTP/2 200 OK"
2026-03-16 16:02:14,942 | INFO | HTTP Request: GET https://www.okx.com/api/v5/trade/orders-algo-pending?ordType=oco&instType=SWAP&instId=ETC-USDT-SWAP "HTTP/2 200 OK"
2026-03-16 16:02:15,265 | INFO | HTTP Request: GET https://www.okx.com/api/v5/trade/orders-algo-pending?ordType=trigger&instType=SWAP&instId=ETC-USDT-SWAP "HTTP/2 200 OK"
2026-03-16 16:02:15,389 | INFO | HTTP Request: GET https://www.okx.com/api/v5/market/ticker?instId=XTZ-USDT-SWAP "HTTP/2 200 OK"
2026-03-16 16:02:15,518 | INFO | HTTP Request: GET https://www.okx.com/api/v5/account/balance "HTTP/2 200 OK"
2026-03-16 16:02:15,563 | INFO | HTTP Request: GET https://www.okx.com/api/v5/trade/orders-algo-pending?ordType=move_order_stop&instType=SWAP&instId=ETC-USDT-SWAP "HTTP/2 200 OK"
2026-03-16 16:02:15,806 | INFO | HTTP Request: GET https://www.okx.com/api/v5/trade/orders-algo-pending?ordType=iceberg&instType=SWAP&instId=ETC-USDT-SWAP "HTTP/2 200 OK"
2026-03-16 16:02:15,869 | INFO | HTTP Request: GET https://www.okx.com/api/v5/market/ticker?instId=YB-USDT-SWAP "HTTP/2 200 OK"
2026-03-16 16:02:16,055 | INFO | HTTP Request: GET https://www.okx.com/api/v5/trade/orders-algo-pending?ordType=twap&instType=SWAP&instId=ETC-USDT-SWAP "HTTP/2 200 OK"
2026-03-16 16:02:16,298 | INFO | HTTP Request: GET https://www.okx.com/api/v5/trade/orders-algo-pending?ordType=chase&instType=SWAP&instId=ETC-USDT-SWAP "HTTP/2 200 OK"
2026-03-16 16:02:16,350 | INFO | HTTP Request: GET https://www.okx.com/api/v5/market/ticker?instId=YFI-USDT-SWAP "HTTP/2 200 OK"
2026-03-16 16:02:16,652 | INFO | HTTP Request: GET https://www.okx.com/api/v5/market/candles?instId=BNB-USDT-SWAP&bar=5m&limit=26 "HTTP/2 200 OK"
2026-03-16 16:02:16,827 | INFO | HTTP Request: GET https://www.okx.com/api/v5/market/ticker?instId=YGG-USDT-SWAP "HTTP/2 200 OK"
2026-03-16 16:02:17,017 | INFO | HTTP Request: GET https://www.okx.com/api/v5/market/ticker?instId=BNB-USDT-SWAP "HTTP/2 200 OK"
2026-03-16 16:02:17,250 | INFO | HTTP Request: GET https://www.okx.com/api/v5/trade/orders-algo-pending?ordType=conditional&instType=SWAP&instId=BNB-USDT-SWAP "HTTP/2 200 OK"
2026-03-16 16:02:17,503 | INFO | HTTP Request: GET https://www.okx.com/api/v5/trade/orders-algo-pending?ordType=oco&instType=SWAP&instId=BNB-USDT-SWAP "HTTP/2 200 OK"
2026-03-16 16:02:17,504 | INFO | HTTP Request: GET https://www.okx.com/api/v5/market/ticker?instId=ZAMA-USDT-SWAP "HTTP/2 200 OK"
2026-03-16 16:02:17,804 | INFO | HTTP Request: GET https://www.okx.com/api/v5/trade/orders-algo-pending?ordType=trigger&instType=SWAP&instId=BNB-USDT-SWAP "HTTP/2 200 OK"
2026-03-16 16:02:17,989 | INFO | HTTP Request: GET https://www.okx.com/api/v5/market/ticker?instId=ZBCN-USDT-SWAP "HTTP/2 200 OK"
2026-03-16 16:02:18,131 | INFO | HTTP Request: GET https://www.okx.com/api/v5/trade/orders-algo-pending?ordType=move_order_stop&instType=SWAP&instId=BNB-USDT-SWAP "HTTP/2 200 OK"
2026-03-16 16:02:18,424 | INFO | HTTP Request: GET https://www.okx.com/api/v5/trade/orders-algo-pending?ordType=iceberg&instType=SWAP&instId=BNB-USDT-SWAP "HTTP/2 200 OK"
2026-03-16 16:02:18,474 | INFO | HTTP Request: GET https://www.okx.com/api/v5/market/ticker?instId=ZETA-USDT-SWAP "HTTP/2 200 OK"
2026-03-16 16:02:18,663 | INFO | HTTP Request: GET https://www.okx.com/api/v5/trade/orders-algo-pending?ordType=twap&instType=SWAP&instId=BNB-USDT-SWAP "HTTP/2 200 OK"
2026-03-16 16:02:18,899 | INFO | HTTP Request: GET https://www.okx.com/api/v5/trade/orders-algo-pending?ordType=chase&instType=SWAP&instId=BNB-USDT-SWAP "HTTP/2 200 OK"
2026-03-16 16:02:18,901 | INFO | Closing position BNB-USDT-SWAP. Локальный защитный выход 2.0N
2026-03-16 16:02:18,949 | INFO | HTTP Request: GET https://www.okx.com/api/v5/market/ticker?instId=ZIL-USDT-SWAP "HTTP/2 200 OK"
2026-03-16 16:02:19,205 | INFO | HTTP Request: POST https://www.okx.com/api/v5/trade/close-position "HTTP/2 200 OK"
2026-03-16 16:02:19,436 | INFO | HTTP Request: GET https://www.okx.com/api/v5/market/ticker?instId=XAG-USDT-SWAP "HTTP/2 200 OK"
2026-03-16 16:02:19,570 | INFO | HTTP Request: GET https://www.okx.com/api/v5/market/candles?instId=BNB-USDT-SWAP&bar=5m&limit=97 "HTTP/2 200 OK"
2026-03-16 16:02:19,797 | INFO | HTTP Request: GET https://www.okx.com/api/v5/market/candles?instId=XAG-USDT-SWAP&bar=5m&limit=89 "HTTP/2 200 OK"
2026-03-16 16:02:19,924 | INFO | HTTP Request: GET https://www.okx.com/api/v5/market/candles?instId=BTC-USDT-SWAP&bar=5m&limit=64 "HTTP/2 200 OK"
2026-03-16 16:02:20,227 | INFO | HTTP Request: GET https://www.okx.com/api/v5/market/candles?instId=BTC-USDT-SWAP&bar=5m&limit=64 "HTTP/2 200 OK"
2026-03-16 16:02:20,288 | INFO | HTTP Request: GET https://www.okx.com/api/v5/market/ticker?instId=ETC-USDT-SWAP "HTTP/2 200 OK"
2026-03-16 16:02:20,607 | INFO | HTTP Request: GET https://www.okx.com/api/v5/market/candles?instId=CRO-USDT-SWAP&bar=5m&limit=26 "HTTP/2 200 OK"
2026-03-16 16:02:20,648 | INFO | HTTP Request: GET https://www.okx.com/api/v5/market/candles?instId=ETC-USDT-SWAP&bar=5m&limit=89 "HTTP/2 200 OK"
2026-03-16 16:02:20,888 | INFO | HTTP Request: GET https://www.okx.com/api/v5/account/balance "HTTP/2 200 OK"
2026-03-16 16:02:20,971 | INFO | HTTP Request: GET https://www.okx.com/api/v5/market/ticker?instId=CRO-USDT-SWAP "HTTP/2 200 OK"
2026-03-16 16:02:20,972 | INFO | Closing position CRO-USDT-SWAP. Локальный защитный выход 2.0N
2026-03-16 16:02:21,217 | INFO | HTTP Request: POST https://www.okx.com/api/v5/trade/close-position "HTTP/2 200 OK"
2026-03-16 16:02:21,218 | WARNING | Failed to load json context : [Errno 13] Permission denied: '.'
2026-03-16 16:02:21,249 | INFO | HTTP Request: GET https://www.okx.com/api/v5/market/ticker?instId=CRO-USDT-SWAP "HTTP/2 200 OK"
2026-03-16 16:02:21,584 | INFO | HTTP Request: GET https://www.okx.com/api/v5/market/candles?instId=CRO-USDT-SWAP&bar=5m&limit=97 "HTTP/2 200 OK"
2026-03-16 16:02:21,745 | INFO | HTTP Request: GET https://www.okx.com/api/v5/market/ticker?instId=BREV-USDT-SWAP "HTTP/2 200 OK"
2026-03-16 16:02:21,983 | INFO | HTTP Request: GET https://www.okx.com/api/v5/market/candles?instId=BREV-USDT-SWAP&bar=5m&limit=26 "HTTP/2 200 OK"
2026-03-16 16:02:21,984 | INFO | Placing exchange stop BREV-USDT-SWAP long payload={'instId': 'BREV-USDT-SWAP', 'tdMode': 'isolated', 'side': 'sell', 'posSide': 'net', 'ordType': 'conditional', 'sz': '120000', 'slTriggerPx': '1.008904996667', 'slOrdPx': '-1'}
2026-03-16 16:02:22,127 | INFO | HTTP Request: GET https://www.okx.com/api/v5/market/candles?instId=BREV-USDT-SWAP&bar=5m&limit=89 "HTTP/2 200 OK"
2026-03-16 16:02:22,281 | INFO | HTTP Request: POST https://www.okx.com/api/v5/trade/order-algo "HTTP/2 200 OK"
2026-03-16 16:02:22,524 | INFO | HTTP Request: POST https://www.okx.com/api/v5/trade/cancel-algos "HTTP/2 200 OK"
2026-03-16 16:02:22,524 | INFO | Closing position BREV-USDT-SWAP. Защита тренда: откат от пика 23995003333.33R → 3695003333.33R
2026-03-16 16:02:22,609 | INFO | HTTP Request: GET https://www.okx.com/api/v5/market/ticker?instId=1INCH-USDT-SWAP "HTTP/2 200 OK"
2026-03-16 16:02:22,827 | INFO | HTTP Request: POST https://www.okx.com/api/v5/trade/close-position "HTTP/2 200 OK"
2026-03-16 16:02:22,828 | WARNING | Failed to load json context : [Errno 13] Permission denied: '.'
2026-03-16 16:02:22,968 | INFO | HTTP Request: GET https://www.okx.com/api/v5/market/candles?instId=1INCH-USDT-SWAP&bar=5m&limit=89 "HTTP/2 200 OK"
2026-03-16 16:02:23,191 | INFO | HTTP Request: GET https://www.okx.com/api/v5/market/candles?instId=BREV-USDT-SWAP&bar=5m&limit=97 "HTTP/2 200 OK"
2026-03-16 16:02:23,448 | INFO | HTTP Request: GET https://www.okx.com/api/v5/market/ticker?instId=2Z-USDT-SWAP "HTTP/2 200 OK"
2026-03-16 16:02:23,814 | INFO | HTTP Request: GET https://www.okx.com/api/v5/market/candles?instId=2Z-USDT-SWAP&bar=5m&limit=89 "HTTP/2 200 OK"
2026-03-16 16:02:24,290 | INFO | HTTP Request: GET https://www.okx.com/api/v5/market/ticker?instId=A-USDT-SWAP "HTTP/2 200 OK"
2026-03-16 16:02:24,664 | INFO | HTTP Request: GET https://www.okx.com/api/v5/market/candles?instId=A-USDT-SWAP&bar=5m&limit=89 "HTTP/2 200 OK"
2026-03-16 16:02:25,150 | INFO | HTTP Request: GET https://www.okx.com/api/v5/market/ticker?instId=AAVE-USDT-SWAP "HTTP/2 200 OK"
2026-03-16 16:02:25,569 | INFO | HTTP Request: GET https://www.okx.com/api/v5/market/candles?instId=AAVE-USDT-SWAP&bar=5m&limit=89 "HTTP/2 200 OK"
2026-03-16 16:02:26,054 | INFO | HTTP Request: GET https://www.okx.com/api/v5/market/ticker?instId=ACT-USDT-SWAP "HTTP/2 200 OK"
2026-03-16 16:02:26,263 | INFO | HTTP Request: GET https://www.okx.com/api/v5/account/balance "HTTP/2 200 OK"
2026-03-16 16:02:26,427 | INFO | HTTP Request: GET https://www.okx.com/api/v5/market/candles?instId=ACT-USDT-SWAP&bar=5m&limit=89 "HTTP/2 200 OK"
2026-03-16 16:02:26,481 | INFO | HTTP Request: GET https://www.okx.com/api/v5/market/candles?instId=BTC-USDT-SWAP&bar=5m&limit=64 "HTTP/2 200 OK"
2026-03-16 16:02:26,904 | INFO | HTTP Request: GET https://www.okx.com/api/v5/market/ticker?instId=ADA-USDT-SWAP "HTTP/2 200 OK"
2026-03-16 16:02:27,271 | INFO | HTTP Request: GET https://www.okx.com/api/v5/market/candles?instId=ADA-USDT-SWAP&bar=5m&limit=89 "HTTP/2 200 OK"
2026-03-16 16:02:27,749 | INFO | HTTP Request: GET https://www.okx.com/api/v5/market/ticker?instId=AI16Z-USDT-SWAP "HTTP/2 200 OK"
2026-03-16 16:02:28,130 | INFO | HTTP Request: GET https://www.okx.com/api/v5/market/candles?instId=AI16Z-USDT-SWAP&bar=5m&limit=89 "HTTP/2 200 OK"
2026-03-16 16:02:28,614 | INFO | HTTP Request: GET https://www.okx.com/api/v5/market/ticker?instId=AKITA-USDT-SWAP "HTTP/2 200 OK"
2026-03-16 16:02:28,708 | INFO | HTTP Request: GET https://www.okx.com/api/v5/account/positions?instType=SWAP "HTTP/2 200 OK"
2026-03-16 16:02:28,979 | INFO | HTTP Request: GET https://www.okx.com/api/v5/market/candles?instId=AKITA-USDT-SWAP&bar=5m&limit=89 "HTTP/2 200 OK"
2026-03-16 16:02:29,079 | INFO | HTTP Request: GET https://www.okx.com/api/v5/market/candles?instId=CRO-USDT-SWAP&bar=5m&limit=26 "HTTP/2 200 OK"
2026-03-16 16:02:29,439 | INFO | HTTP Request: GET https://www.okx.com/api/v5/market/candles?instId=BREV-USDT-SWAP&bar=5m&limit=26 "HTTP/2 200 OK"
2026-03-16 16:02:29,455 | INFO | HTTP Request: GET https://www.okx.com/api/v5/market/ticker?instId=ALGO-USDT-SWAP "HTTP/2 200 OK"
2026-03-16 16:02:29,802 | INFO | HTTP Request: GET https://www.okx.com/api/v5/market/candles?instId=1INCH-USDT-SWAP&bar=5m&limit=71 "HTTP/2 200 OK"
2026-03-16 16:02:29,822 | INFO | HTTP Request: GET https://www.okx.com/api/v5/market/candles?instId=ALGO-USDT-SWAP&bar=5m&limit=89 "HTTP/2 200 OK"
2026-03-16 16:02:30,196 | INFO | HTTP Request: GET https://www.okx.com/api/v5/market/candles?instId=2Z-USDT-SWAP&bar=5m&limit=71 "HTTP/2 200 OK"
2026-03-16 16:02:30,316 | INFO | HTTP Request: GET https://www.okx.com/api/v5/market/ticker?instId=ARB-USDT-SWAP "HTTP/2 200 OK"
2026-03-16 16:02:30,574 | INFO | HTTP Request: GET https://www.okx.com/api/v5/market/candles?instId=A-USDT-SWAP&bar=5m&limit=71 "HTTP/2 200 OK"
2026-03-16 16:02:30,679 | INFO | HTTP Request: GET https://www.okx.com/api/v5/market/candles?instId=ARB-USDT-SWAP&bar=5m&limit=89 "HTTP/2 200 OK"
2026-03-16 16:02:30,950 | INFO | HTTP Request: GET https://www.okx.com/api/v5/market/candles?instId=AAVE-USDT-SWAP&bar=5m&limit=71 "HTTP/2 200 OK"
2026-03-16 16:02:31,171 | INFO | HTTP Request: GET https://www.okx.com/api/v5/market/ticker?instId=ASP-USDT-SWAP "HTTP/2 200 OK"
2026-03-16 16:02:31,330 | INFO | HTTP Request: GET https://www.okx.com/api/v5/market/candles?instId=ACT-USDT-SWAP&bar=5m&limit=71 "HTTP/2 200 OK"
2026-03-16 16:02:31,529 | INFO | HTTP Request: GET https://www.okx.com/api/v5/market/candles?instId=ASP-USDT-SWAP&bar=5m&limit=89 "HTTP/2 200 OK"
2026-03-16 16:02:31,567 | INFO | HTTP Request: GET https://www.okx.com/api/v5/account/balance "HTTP/2 200 OK"
2026-03-16 16:02:31,695 | INFO | HTTP Request: GET https://www.okx.com/api/v5/market/candles?instId=ADA-USDT-SWAP&bar=5m&limit=71 "HTTP/2 200 OK"
2026-03-16 16:02:32,054 | INFO | HTTP Request: GET https://www.okx.com/api/v5/market/candles?instId=ASTER-USDT-SWAP&bar=5m&limit=71 "HTTP/2 200 OK"
2026-03-16 16:02:32,170 | INFO | HTTP Request: GET https://www.okx.com/api/v5/market/ticker?instId=ASTER-USDT-SWAP "HTTP/2 200 OK"
2026-03-16 16:02:32,415 | INFO | HTTP Request: GET https://www.okx.com/api/v5/market/candles?instId=ATOM-USDT-SWAP&bar=5m&limit=71 "HTTP/2 200 OK"
2026-03-16 16:02:32,722 | INFO | HTTP Request: GET https://www.okx.com/api/v5/market/candles?instId=BTC-USDT-SWAP&bar=5m&limit=64 "HTTP/2 200 OK"
2026-03-16 16:02:32,772 | INFO | HTTP Request: GET https://www.okx.com/api/v5/market/candles?instId=ASTER-USDT-SWAP&bar=5m&limit=89 "HTTP/2 200 OK"
2026-03-16 16:02:32,775 | INFO | HTTP Request: GET https://www.okx.com/api/v5/market/candles?instId=AUCTION-USDT-SWAP&bar=5m&limit=71 "HTTP/2 200 OK"
2026-03-16 16:02:33,137 | INFO | HTTP Request: GET https://www.okx.com/api/v5/market/candles?instId=AVAX-USDT-SWAP&bar=5m&limit=71 "HTTP/2 200 OK"
2026-03-16 16:02:33,254 | INFO | HTTP Request: GET https://www.okx.com/api/v5/market/ticker?instId=ATOM-USDT-SWAP "HTTP/2 200 OK"
2026-03-16 16:02:33,495 | INFO | HTTP Request: GET https://www.okx.com/api/v5/market/candles?instId=AXS-USDT-SWAP&bar=5m&limit=71 "HTTP/2 200 OK"
2026-03-16 16:02:33,733 | INFO | HTTP Request: GET https://www.okx.com/api/v5/market/ticker?instId=AUCTION-USDT-SWAP "HTTP/2 200 OK"
2026-03-16 16:02:33,857 | INFO | HTTP Request: GET https://www.okx.com/api/v5/market/candles?instId=BAND-USDT-SWAP&bar=5m&limit=71 "HTTP/2 200 OK"
2026-03-16 16:02:34,219 | INFO | HTTP Request: GET https://www.okx.com/api/v5/market/ticker?instId=AVAX-USDT-SWAP "HTTP/2 200 OK"
2026-03-16 16:02:34,234 | INFO | HTTP Request: GET https://www.okx.com/api/v5/market/candles?instId=BCH-USDT-SWAP&bar=5m&limit=71 "HTTP/2 200 OK"
2026-03-16 16:02:34,608 | INFO | HTTP Request: GET https://www.okx.com/api/v5/market/candles?instId=BIO-USDT-SWAP&bar=5m&limit=71 "HTTP/2 200 OK"
2026-03-16 16:02:34,710 | INFO | HTTP Request: GET https://www.okx.com/api/v5/market/ticker?instId=AXS-USDT-SWAP "HTTP/2 200 OK"
2026-03-16 16:02:34,972 | INFO | HTTP Request: GET https://www.okx.com/api/v5/market/candles?instId=BLUAI-USDT-SWAP&bar=5m&limit=71 "HTTP/2 200 OK"
2026-03-16 16:02:35,188 | INFO | HTTP Request: GET https://www.okx.com/api/v5/market/ticker?instId=BAND-USDT-SWAP "HTTP/2 200 OK"
2026-03-16 16:02:35,331 | INFO | HTTP Request: GET https://www.okx.com/api/v5/market/candles?instId=BNB-USDT-SWAP&bar=5m&limit=71 "HTTP/2 200 OK"
2026-03-16 16:02:35,690 | INFO | HTTP Request: GET https://www.okx.com/api/v5/market/ticker?instId=BNB-USDT-SWAP "HTTP/2 200 OK"
2026-03-16 16:02:35,816 | INFO | HTTP Request: GET https://www.okx.com/api/v5/market/ticker?instId=BCH-USDT-SWAP "HTTP/2 200 OK"
2026-03-16 16:02:36,058 | INFO | HTTP Request: GET https://www.okx.com/api/v5/market/candles?instId=BOME-USDT-SWAP&bar=5m&limit=71 "HTTP/2 200 OK"
2026-03-16 16:02:36,301 | INFO | HTTP Request: GET https://www.okx.com/api/v5/market/ticker?instId=BIO-USDT-SWAP "HTTP/2 200 OK"
2026-03-16 16:02:36,421 | INFO | HTTP Request: GET https://www.okx.com/api/v5/market/candles?instId=BRETT-USDT-SWAP&bar=5m&limit=71 "HTTP/2 200 OK"
2026-03-16 16:02:36,802 | INFO | HTTP Request: GET https://www.okx.com/api/v5/market/candles?instId=BTC-USDT-SWAP&bar=5m&limit=71 "HTTP/2 200 OK"
2026-03-16 16:02:36,892 | INFO | HTTP Request: GET https://www.okx.com/api/v5/market/ticker?instId=BLUAI-USDT-SWAP "HTTP/2 200 OK"
2026-03-16 16:02:36,895 | INFO | HTTP Request: GET https://www.okx.com/api/v5/account/balance "HTTP/2 200 OK"
2026-03-16 16:02:37,247 | INFO | HTTP Request: GET https://www.okx.com/api/v5/market/candles?instId=CAT-USDT-SWAP&bar=5m&limit=71 "HTTP/2 200 OK"
2026-03-16 16:02:37,366 | INFO | HTTP Request: GET https://www.okx.com/api/v5/market/ticker?instId=BOME-USDT-SWAP "HTTP/2 200 OK"
2026-03-16 16:02:37,681 | INFO | HTTP Request: GET https://www.okx.com/api/v5/market/candles?instId=CATI-USDT-SWAP&bar=5m&limit=71 "HTTP/2 200 OK"
2026-03-16 16:02:38,042 | INFO | HTTP Request: GET https://www.okx.com/api/v5/market/candles?instId=CELO-USDT-SWAP&bar=5m&limit=71 "HTTP/2 200 OK"
2026-03-16 16:02:38,163 | INFO | HTTP Request: GET https://www.okx.com/api/v5/market/ticker?instId=BRETT-USDT-SWAP "HTTP/2 200 OK"
2026-03-16 16:02:38,418 | INFO | HTTP Request: GET https://www.okx.com/api/v5/market/candles?instId=CFX-USDT-SWAP&bar=5m&limit=71 "HTTP/2 200 OK"
2026-03-16 16:02:38,782 | INFO | HTTP Request: GET https://www.okx.com/api/v5/market/ticker?instId=CFX-USDT-SWAP "HTTP/2 200 OK"
2026-03-16 16:02:38,783 | INFO | CFX-USDT-SWAP: Turtle 55 long-сигнал отклонён (закрытие не удержалось выше канала)
2026-03-16 16:02:38,783 | INFO | CFX-USDT-SWAP: Turtle 20 long-сигнал отклонён (закрытие не удержалось выше канала)
2026-03-16 16:02:38,896 | INFO | HTTP Request: GET https://www.okx.com/api/v5/market/ticker?instId=BTC-USDT-SWAP "HTTP/2 200 OK"
2026-03-16 16:02:39,139 | INFO | HTTP Request: GET https://www.okx.com/api/v5/market/candles?instId=CHZ-USDT-SWAP&bar=5m&limit=71 "HTTP/2 200 OK"
2026-03-16 16:02:39,374 | INFO | HTTP Request: GET https://www.okx.com/api/v5/market/ticker?instId=CAT-USDT-SWAP "HTTP/2 200 OK"
2026-03-16 16:02:39,522 | INFO | HTTP Request: GET https://www.okx.com/api/v5/market/candles?instId=COAI-USDT-SWAP&bar=5m&limit=71 "HTTP/2 200 OK"
2026-03-16 16:02:39,857 | INFO | HTTP Request: GET https://www.okx.com/api/v5/market/ticker?instId=CATI-USDT-SWAP "HTTP/2 200 OK"
2026-03-16 16:02:40,221 | INFO | HTTP Request: GET https://www.okx.com/api/v5/market/candles?instId=COMP-USDT-SWAP&bar=5m&limit=71 "HTTP/2 200 OK"
2026-03-16 16:02:40,346 | INFO | HTTP Request: GET https://www.okx.com/api/v5/market/ticker?instId=CELO-USDT-SWAP "HTTP/2 200 OK"
2026-03-16 16:02:40,599 | INFO | HTTP Request: GET https://www.okx.com/api/v5/market/candles?instId=CRV-USDT-SWAP&bar=5m&limit=71 "HTTP/2 200 OK"
2026-03-16 16:02:40,955 | INFO | HTTP Request: GET https://www.okx.com/api/v5/market/candles?instId=DOGE-USDT-SWAP&bar=5m&limit=71 "HTTP/2 200 OK"
2026-03-16 16:02:40,956 | INFO | HTTP Request: GET https://www.okx.com/api/v5/market/ticker?instId=CHZ-USDT-SWAP "HTTP/2 200 OK"
2026-03-16 16:02:41,333 | INFO | HTTP Request: GET https://www.okx.com/api/v5/market/candles?instId=DOT-USDT-SWAP&bar=5m&limit=71 "HTTP/2 200 OK"
2026-03-16 16:02:41,440 | INFO | HTTP Request: GET https://www.okx.com/api/v5/market/ticker?instId=COAI-USDT-SWAP "HTTP/2 200 OK"
2026-03-16 16:02:41,696 | INFO | HTTP Request: GET https://www.okx.com/api/v5/market/candles?instId=ENA-USDT-SWAP&bar=5m&limit=71 "HTTP/2 200 OK"
2026-03-16 16:02:41,921 | INFO | HTTP Request: GET https://www.okx.com/api/v5/market/ticker?instId=COMP-USDT-SWAP "HTTP/2 200 OK"
2026-03-16 16:02:42,108 | INFO | HTTP Request: GET https://www.okx.com/api/v5/market/candles?instId=BTC-USDT-SWAP&bar=5m&limit=64 "HTTP/2 200 OK"
2026-03-16 16:02:42,283 | INFO | HTTP Request: GET https://www.okx.com/api/v5/market/candles?instId=EOS-USDT-SWAP&bar=5m&limit=71 "HTTP/2 200 OK"
2026-03-16 16:02:42,361 | INFO | HTTP Request: GET https://www.okx.com/api/v5/account/balance "HTTP/2 200 OK"
2026-03-16 16:02:42,407 | INFO | HTTP Request: GET https://www.okx.com/api/v5/market/ticker?instId=CRV-USDT-SWAP "HTTP/2 200 OK"
2026-03-16 16:02:42,633 | INFO | HTTP Request: GET https://www.okx.com/api/v5/market/candles?instId=ETH-USDT-SWAP&bar=5m&limit=71 "HTTP/2 200 OK"
2026-03-16 16:02:42,888 | INFO | HTTP Request: GET https://www.okx.com/api/v5/market/ticker?instId=DOGE-USDT-SWAP "HTTP/2 200 OK"
2026-03-16 16:02:42,995 | INFO | HTTP Request: GET https://www.okx.com/api/v5/market/candles?instId=ETHFI-USDT-SWAP&bar=5m&limit=71 "HTTP/2 200 OK"
2026-03-16 16:02:43,366 | INFO | HTTP Request: GET https://www.okx.com/api/v5/market/ticker?instId=DOT-USDT-SWAP "HTTP/2 200 OK"
2026-03-16 16:02:43,377 | INFO | HTTP Request: GET https://www.okx.com/api/v5/market/ticker?instId=ETHFI-USDT-SWAP "HTTP/2 200 OK"
2026-03-16 16:02:43,378 | INFO | ETHFI-USDT-SWAP: Turtle 55 long-сигнал отклонён (закрытие не удержалось выше канала)
2026-03-16 16:02:43,378 | INFO | ETHFI-USDT-SWAP: Turtle 20 long-сигнал отклонён (закрытие не удержалось выше канала)
2026-03-16 16:02:43,753 | INFO | HTTP Request: GET https://www.okx.com/api/v5/market/candles?instId=ETHW-USDT-SWAP&bar=5m&limit=71 "HTTP/2 200 OK"
2026-03-16 16:02:43,848 | INFO | HTTP Request: GET https://www.okx.com/api/v5/market/ticker?instId=ENA-USDT-SWAP "HTTP/2 200 OK"
2026-03-16 16:02:44,113 | INFO | HTTP Request: GET https://www.okx.com/api/v5/market/candles?instId=FIL-USDT-SWAP&bar=5m&limit=71 "HTTP/2 200 OK"
2026-03-16 16:02:44,342 | INFO | HTTP Request: GET https://www.okx.com/api/v5/market/ticker?instId=EOS-USDT-SWAP "HTTP/2 200 OK"
2026-03-16 16:02:44,464 | INFO | HTTP Request: GET https://www.okx.com/api/v5/market/candles?instId=FLOKI-USDT-SWAP&bar=5m&limit=71 "HTTP/2 200 OK"
2026-03-16 16:02:44,847 | INFO | HTTP Request: GET https://www.okx.com/api/v5/market/candles?instId=GMT-USDT-SWAP&bar=5m&limit=71 "HTTP/2 200 OK"
2026-03-16 16:02:44,953 | INFO | HTTP Request: GET https://www.okx.com/api/v5/market/ticker?instId=ETH-USDT-SWAP "HTTP/2 200 OK"
2026-03-16 16:02:45,215 | INFO | HTTP Request: GET https://www.okx.com/api/v5/market/candles?instId=H-USDT-SWAP&bar=5m&limit=71 "HTTP/2 200 OK"
2026-03-16 16:02:45,585 | INFO | HTTP Request: GET https://www.okx.com/api/v5/market/candles?instId=HBAR-USDT-SWAP&bar=5m&limit=71 "HTTP/2 200 OK"
2026-03-16 16:02:45,817 | INFO | HTTP Request: GET https://www.okx.com/api/v5/market/ticker?instId=ETHW-USDT-SWAP "HTTP/2 200 OK"
2026-03-16 16:02:46,198 | INFO | HTTP Request: GET https://www.okx.com/api/v5/market/candles?instId=HMSTR-USDT-SWAP&bar=5m&limit=71 "HTTP/2 200 OK"
2026-03-16 16:02:46,314 | INFO | HTTP Request: GET https://www.okx.com/api/v5/market/ticker?instId=FIL-USDT-SWAP "HTTP/2 200 OK"
2026-03-16 16:02:46,557 | INFO | HTTP Request: GET https://www.okx.com/api/v5/market/candles?instId=HOME-USDT-SWAP&bar=5m&limit=71 "HTTP/2 200 OK"
2026-03-16 16:02:46,808 | INFO | HTTP Request: GET https://www.okx.com/api/v5/market/ticker?instId=FLOKI-USDT-SWAP "HTTP/2 200 OK"
2026-03-16 16:02:46,920 | INFO | HTTP Request: GET https://www.okx.com/api/v5/market/candles?instId=ICP-USDT-SWAP&bar=5m&limit=71 "HTTP/2 200 OK"
2026-03-16 16:02:47,289 | INFO | HTTP Request: GET https://www.okx.com/api/v5/market/candles?instId=IMX-USDT-SWAP&bar=5m&limit=71 "HTTP/2 200 OK"
2026-03-16 16:02:47,290 | INFO | HTTP Request: GET https://www.okx.com/api/v5/market/ticker?instId=GMT-USDT-SWAP "HTTP/2 200 OK"
2026-03-16 16:02:47,664 | INFO | HTTP Request: GET https://www.okx.com/api/v5/market/candles?instId=INJ-USDT-SWAP&bar=5m&limit=71 "HTTP/2 200 OK"
2026-03-16 16:02:47,772 | INFO | HTTP Request: GET https://www.okx.com/api/v5/market/ticker?instId=H-USDT-SWAP "HTTP/2 200 OK"
2026-03-16 16:02:47,792 | INFO | HTTP Request: GET https://www.okx.com/api/v5/account/balance "HTTP/2 200 OK"
2026-03-16 16:02:48,023 | INFO | HTTP Request: GET https://www.okx.com/api/v5/market/candles?instId=IOTA-USDT-SWAP&bar=5m&limit=71 "HTTP/2 200 OK"
2026-03-16 16:02:48,348 | INFO | HTTP Request: GET https://www.okx.com/api/v5/market/candles?instId=BTC-USDT-SWAP&bar=5m&limit=64 "HTTP/2 200 OK"
2026-03-16 16:02:48,381 | INFO | HTTP Request: GET https://www.okx.com/api/v5/market/candles?instId=JUP-USDT-SWAP&bar=5m&limit=71 "HTTP/2 200 OK"
2026-03-16 16:02:48,526 | INFO | HTTP Request: GET https://www.okx.com/api/v5/market/ticker?instId=HBAR-USDT-SWAP "HTTP/2 200 OK"
2026-03-16 16:02:48,892 | INFO | HTTP Request: GET https://www.okx.com/api/v5/market/candles?instId=KAITO-USDT-SWAP&bar=5m&limit=71 "HTTP/2 200 OK"
2026-03-16 16:02:49,010 | INFO | HTTP Request: GET https://www.okx.com/api/v5/market/ticker?instId=HMSTR-USDT-SWAP "HTTP/2 200 OK"
2026-03-16 16:02:49,372 | INFO | HTTP Request: GET https://www.okx.com/api/v5/market/candles?instId=KSM-USDT-SWAP&bar=5m&limit=71 "HTTP/2 200 OK"
2026-03-16 16:02:49,503 | INFO | HTTP Request: GET https://www.okx.com/api/v5/market/ticker?instId=HOME-USDT-SWAP "HTTP/2 200 OK"
2026-03-16 16:02:49,732 | INFO | HTTP Request: GET https://www.okx.com/api/v5/market/candles?instId=LDO-USDT-SWAP&bar=5m&limit=71 "HTTP/2 200 OK"
2026-03-16 16:02:49,983 | INFO | HTTP Request: GET https://www.okx.com/api/v5/market/ticker?instId=ICP-USDT-SWAP "HTTP/2 200 OK"
2026-03-16 16:02:50,142 | INFO | HTTP Request: GET https://www.okx.com/api/v5/market/candles?instId=LINEA-USDT-SWAP&bar=5m&limit=71 "HTTP/2 200 OK"
2026-03-16 16:02:50,464 | INFO | HTTP Request: GET https://www.okx.com/api/v5/market/ticker?instId=IMX-USDT-SWAP "HTTP/2 200 OK"
2026-03-16 16:02:50,507 | INFO | HTTP Request: GET https://www.okx.com/api/v5/market/candles?instId=LINK-USDT-SWAP&bar=5m&limit=71 "HTTP/2 200 OK"
2026-03-16 16:02:50,861 | INFO | HTTP Request: GET https://www.okx.com/api/v5/market/candles?instId=LIT-USDT-SWAP&bar=5m&limit=71 "HTTP/2 200 OK"
2026-03-16 16:02:50,950 | INFO | HTTP Request: GET https://www.okx.com/api/v5/market/ticker?instId=INJ-USDT-SWAP "HTTP/2 200 OK"
2026-03-16 16:02:51,220 | INFO | HTTP Request: GET https://www.okx.com/api/v5/market/candles?instId=LPT-USDT-SWAP&bar=5m&limit=71 "HTTP/2 200 OK"
2026-03-16 16:02:51,450 | INFO | HTTP Request: GET https://www.okx.com/api/v5/market/ticker?instId=IOTA-USDT-SWAP "HTTP/2 200 OK"
2026-03-16 16:02:51,821 | INFO | HTTP Request: GET https://www.okx.com/api/v5/market/candles?instId=LQTY-USDT-SWAP&bar=5m&limit=71 "HTTP/2 200 OK"
2026-03-16 16:02:51,929 | INFO | HTTP Request: GET https://www.okx.com/api/v5/market/ticker?instId=JUP-USDT-SWAP "HTTP/2 200 OK"
2026-03-16 16:02:52,211 | INFO | HTTP Request: GET https://www.okx.com/api/v5/market/candles?instId=LRC-USDT-SWAP&bar=5m&limit=71 "HTTP/2 200 OK"
2026-03-16 16:02:52,563 | INFO | HTTP Request: GET https://www.okx.com/api/v5/market/candles?instId=LTC-USDT-SWAP&bar=5m&limit=71 "HTTP/2 200 OK"
2026-03-16 16:02:52,690 | INFO | HTTP Request: GET https://www.okx.com/api/v5/market/ticker?instId=KAITO-USDT-SWAP "HTTP/2 200 OK"
2026-03-16 16:02:52,926 | INFO | HTTP Request: GET https://www.okx.com/api/v5/market/candles?instId=MAGIC-USDT-SWAP&bar=5m&limit=71 "HTTP/2 200 OK"
2026-03-16 16:02:53,169 | INFO | HTTP Request: GET https://www.okx.com/api/v5/market/ticker?instId=KSM-USDT-SWAP "HTTP/2 200 OK"
2026-03-16 16:02:53,214 | INFO | HTTP Request: GET https://www.okx.com/api/v5/account/balance "HTTP/2 200 OK"
2026-03-16 16:02:53,299 | INFO | HTTP Request: GET https://www.okx.com/api/v5/market/candles?instId=MAJOR-USDT-SWAP&bar=5m&limit=71 "HTTP/2 200 OK"
2026-03-16 16:02:53,665 | INFO | HTTP Request: GET https://www.okx.com/api/v5/market/candles?instId=MASK-USDT-SWAP&bar=5m&limit=71 "HTTP/2 200 OK"
2026-03-16 16:02:53,774 | INFO | HTTP Request: GET https://www.okx.com/api/v5/market/ticker?instId=LDO-USDT-SWAP "HTTP/2 200 OK"
2026-03-16 16:02:54,041 | INFO | HTTP Request: GET https://www.okx.com/api/v5/market/candles?instId=MET-USDT-SWAP&bar=5m&limit=71 "HTTP/2 200 OK"
2026-03-16 16:02:54,399 | INFO | HTTP Request: GET https://www.okx.com/api/v5/market/candles?instId=MINA-USDT-SWAP&bar=5m&limit=71 "HTTP/2 200 OK"
2026-03-16 16:02:54,522 | INFO | HTTP Request: GET https://www.okx.com/api/v5/market/ticker?instId=LINEA-USDT-SWAP "HTTP/2 200 OK"
2026-03-16 16:02:54,599 | INFO | HTTP Request: GET https://www.okx.com/api/v5/market/candles?instId=BTC-USDT-SWAP&bar=5m&limit=64 "HTTP/2 200 OK"
2026-03-16 16:02:54,757 | INFO | HTTP Request: GET https://www.okx.com/api/v5/market/candles?instId=MKR-USDT-SWAP&bar=5m&limit=71 "HTTP/2 200 OK"
2026-03-16 16:02:55,082 | INFO | HTTP Request: GET https://www.okx.com/api/v5/market/ticker?instId=LINK-USDT-SWAP "HTTP/2 200 OK"
2026-03-16 16:02:55,117 | INFO | HTTP Request: GET https://www.okx.com/api/v5/market/candles?instId=MUBARAK-USDT-SWAP&bar=5m&limit=71 "HTTP/2 200 OK"
2026-03-16 16:02:55,477 | INFO | HTTP Request: GET https://www.okx.com/api/v5/market/candles?instId=NEAR-USDT-SWAP&bar=5m&limit=71 "HTTP/2 200 OK"
2026-03-16 16:02:55,575 | INFO | HTTP Request: GET https://www.okx.com/api/v5/market/ticker?instId=LIT-USDT-SWAP "HTTP/2 200 OK"
2026-03-16 16:02:55,896 | INFO | HTTP Request: GET https://www.okx.com/api/v5/market/candles?instId=NEO-USDT-SWAP&bar=5m&limit=71 "HTTP/2 200 OK"
2026-03-16 16:02:56,059 | INFO | HTTP Request: GET https://www.okx.com/api/v5/market/ticker?instId=LPT-USDT-SWAP "HTTP/2 200 OK"
2026-03-16 16:02:56,255 | INFO | HTTP Request: GET https://www.okx.com/api/v5/market/candles?instId=NOT-USDT-SWAP&bar=5m&limit=71 "HTTP/2 200 OK"
2026-03-16 16:02:56,541 | INFO | HTTP Request: GET https://www.okx.com/api/v5/market/ticker?instId=LQTY-USDT-SWAP "HTTP/2 200 OK"
2026-03-16 16:02:56,626 | INFO | HTTP Request: GET https://www.okx.com/api/v5/market/candles?instId=OP-USDT-SWAP&bar=5m&limit=71 "HTTP/2 200 OK"
2026-03-16 16:02:57,006 | INFO | HTTP Request: GET https://www.okx.com/api/v5/market/ticker?instId=OP-USDT-SWAP "HTTP/2 200 OK"
2026-03-16 16:02:57,007 | INFO | OP-USDT-SWAP: Turtle 20 long-сигнал отклонён (закрытие не удержалось выше канала)
2026-03-16 16:02:57,042 | INFO | HTTP Request: GET https://www.okx.com/api/v5/market/ticker?instId=LRC-USDT-SWAP "HTTP/2 200 OK"
2026-03-16 16:02:57,375 | INFO | HTTP Request: GET https://www.okx.com/api/v5/market/candles?instId=PEPE-USDT-SWAP&bar=5m&limit=71 "HTTP/2 200 OK"
2026-03-16 16:02:57,518 | INFO | HTTP Request: GET https://www.okx.com/api/v5/market/ticker?instId=LTC-USDT-SWAP "HTTP/2 200 OK"
2026-03-16 16:02:57,876 | INFO | HTTP Request: GET https://www.okx.com/api/v5/market/candles?instId=PIGGY-USDT-SWAP&bar=5m&limit=71 "HTTP/2 200 OK"
2026-03-16 16:02:57,999 | INFO | HTTP Request: GET https://www.okx.com/api/v5/market/ticker?instId=MAGIC-USDT-SWAP "HTTP/2 200 OK"
2026-03-16 16:02:58,260 | INFO | HTTP Request: GET https://www.okx.com/api/v5/market/candles?instId=QTUM-USDT-SWAP&bar=5m&limit=71 "HTTP/2 200 OK"
2026-03-16 16:02:58,582 | INFO | HTTP Request: GET https://www.okx.com/api/v5/account/balance "HTTP/2 200 OK"
2026-03-16 16:02:58,623 | INFO | HTTP Request: GET https://www.okx.com/api/v5/market/candles?instId=RAVE-USDT-SWAP&bar=5m&limit=71 "HTTP/2 200 OK"
2026-03-16 16:02:58,737 | INFO | HTTP Request: GET https://www.okx.com/api/v5/market/ticker?instId=MAJOR-USDT-SWAP "HTTP/2 200 OK"
2026-03-16 16:02:58,991 | INFO | HTTP Request: GET https://www.okx.com/api/v5/market/candles?instId=RESOLV-USDT-SWAP&bar=5m&limit=71 "HTTP/2 200 OK"
2026-03-16 16:02:59,213 | INFO | HTTP Request: GET https://www.okx.com/api/v5/market/ticker?instId=MASK-USDT-SWAP "HTTP/2 200 OK"
2026-03-16 16:02:59,577 | INFO | HTTP Request: GET https://www.okx.com/api/v5/market/candles?instId=ROBO-USDT-SWAP&bar=5m&limit=71 "HTTP/2 200 OK"
2026-03-16 16:02:59,692 | INFO | HTTP Request: GET https://www.okx.com/api/v5/market/ticker?instId=MET-USDT-SWAP "HTTP/2 200 OK"
2026-03-16 16:02:59,931 | INFO | HTTP Request: GET https://www.okx.com/api/v5/market/candles?instId=SAND-USDT-SWAP&bar=5m&limit=71 "HTTP/2 200 OK"
2026-03-16 16:03:00,174 | INFO | HTTP Request: GET https://www.okx.com/api/v5/market/ticker?instId=MINA-USDT-SWAP "HTTP/2 200 OK"
2026-03-16 16:03:00,291 | INFO | HTTP Request: GET https://www.okx.com/api/v5/market/candles?instId=SCR-USDT-SWAP&bar=5m&limit=71 "HTTP/2 200 OK"
2026-03-16 16:03:00,648 | INFO | HTTP Request: GET https://www.okx.com/api/v5/market/ticker?instId=MKR-USDT-SWAP "HTTP/2 200 OK"
2026-03-16 16:03:00,652 | INFO | HTTP Request: GET https://www.okx.com/api/v5/market/candles?instId=SHIB-USDT-SWAP&bar=5m&limit=71 "HTTP/2 200 OK"
2026-03-16 16:03:00,838 | INFO | HTTP Request: GET https://www.okx.com/api/v5/market/candles?instId=BTC-USDT-SWAP&bar=5m&limit=64 "HTTP/2 200 OK"
2026-03-16 16:03:01,015 | INFO | HTTP Request: GET https://www.okx.com/api/v5/market/candles?instId=SKY-USDT-SWAP&bar=5m&limit=71 "HTTP/2 200 OK"
2026-03-16 16:03:01,133 | INFO | HTTP Request: GET https://www.okx.com/api/v5/market/ticker?instId=MUBARAK-USDT-SWAP "HTTP/2 200 OK"
2026-03-16 16:03:01,368 | INFO | HTTP Request: GET https://www.okx.com/api/v5/market/candles?instId=SOL-USDT-SWAP&bar=5m&limit=71 "HTTP/2 200 OK"
2026-03-16 16:03:01,624 | INFO | HTTP Request: GET https://www.okx.com/api/v5/market/ticker?instId=NEAR-USDT-SWAP "HTTP/2 200 OK"
2026-03-16 16:03:01,736 | INFO | HTTP Request: GET https://www.okx.com/api/v5/market/candles?instId=SOLV-USDT-SWAP&bar=5m&limit=71 "HTTP/2 200 OK"
2026-03-16 16:03:02,096 | INFO | HTTP Request: GET https://www.okx.com/api/v5/market/candles?instId=SPK-USDT-SWAP&bar=5m&limit=71 "HTTP/2 200 OK"
2026-03-16 16:03:02,221 | INFO | HTTP Request: GET https://www.okx.com/api/v5/market/ticker?instId=NEO-USDT-SWAP "HTTP/2 200 OK"
2026-03-16 16:03:02,462 | INFO | HTTP Request: GET https://www.okx.com/api/v5/market/candles?instId=STRK-USDT-SWAP&bar=5m&limit=71 "HTTP/2 200 OK"
2026-03-16 16:03:02,695 | INFO | HTTP Request: GET https://www.okx.com/api/v5/market/ticker?instId=NOT-USDT-SWAP "HTTP/2 200 OK"
2026-03-16 16:03:02,819 | INFO | HTTP Request: GET https://www.okx.com/api/v5/market/candles?instId=SUI-USDT-SWAP&bar=5m&limit=71 "HTTP/2 200 OK"
2026-03-16 16:03:03,174 | INFO | HTTP Request: GET https://www.okx.com/api/v5/market/candles?instId=SUSHI-USDT-SWAP&bar=5m&limit=71 "HTTP/2 200 OK"
2026-03-16 16:03:03,293 | INFO | HTTP Request: GET https://www.okx.com/api/v5/market/ticker?instId=PEPE-USDT-SWAP "HTTP/2 200 OK"
2026-03-16 16:03:03,533 | INFO | HTTP Request: GET https://www.okx.com/api/v5/market/candles?instId=SYRUP-USDT-SWAP&bar=5m&limit=71 "HTTP/2 200 OK"
2026-03-16 16:03:03,786 | INFO | HTTP Request: GET https://www.okx.com/api/v5/market/ticker?instId=PIGGY-USDT-SWAP "HTTP/2 200 OK"
2026-03-16 16:03:03,921 | INFO | HTTP Request: GET https://www.okx.com/api/v5/market/candles?instId=TEST1234-USDT-SWAP&bar=5m&limit=71 "HTTP/2 200 OK"
2026-03-16 16:03:04,009 | INFO | HTTP Request: GET https://www.okx.com/api/v5/account/balance "HTTP/2 200 OK"
2026-03-16 16:03:04,278 | INFO | HTTP Request: GET https://www.okx.com/api/v5/market/ticker?instId=QTUM-USDT-SWAP "HTTP/2 200 OK"
2026-03-16 16:03:04,294 | INFO | HTTP Request: GET https://www.okx.com/api/v5/market/candles?instId=TEST3103-USDT-SWAP&bar=5m&limit=71 "HTTP/2 200 OK"
2026-03-16 16:03:04,658 | INFO | HTTP Request: GET https://www.okx.com/api/v5/market/candles?instId=TEST3110-USDT-SWAP&bar=5m&limit=71 "HTTP/2 200 OK"
2026-03-16 16:03:04,763 | INFO | HTTP Request: GET https://www.okx.com/api/v5/market/ticker?instId=RAVE-USDT-SWAP "HTTP/2 200 OK"
2026-03-16 16:03:05,021 | INFO | HTTP Request: GET https://www.okx.com/api/v5/market/candles?instId=THETA-USDT-SWAP&bar=5m&limit=71 "HTTP/2 200 OK"
2026-03-16 16:03:05,244 | INFO | HTTP Request: GET https://www.okx.com/api/v5/market/ticker?instId=RESOLV-USDT-SWAP "HTTP/2 200 OK"
2026-03-16 16:03:05,387 | INFO | HTTP Request: GET https://www.okx.com/api/v5/market/candles?instId=TON-USDT-SWAP&bar=5m&limit=71 "HTTP/2 200 OK"
2026-03-16 16:03:05,749 | INFO | HTTP Request: GET https://www.okx.com/api/v5/market/candles?instId=TRIA-USDT-SWAP&bar=5m&limit=71 "HTTP/2 200 OK"
2026-03-16 16:03:05,882 | INFO | HTTP Request: GET https://www.okx.com/api/v5/market/ticker?instId=ROBO-USDT-SWAP "HTTP/2 200 OK"
2026-03-16 16:03:06,253 | INFO | HTTP Request: GET https://www.okx.com/api/v5/market/candles?instId=TRX-USDT-SWAP&bar=5m&limit=71 "HTTP/2 200 OK"
2026-03-16 16:03:06,365 | INFO | HTTP Request: GET https://www.okx.com/api/v5/market/ticker?instId=SAND-USDT-SWAP "HTTP/2 200 OK"
2026-03-16 16:03:06,609 | INFO | HTTP Request: GET https://www.okx.com/api/v5/market/candles?instId=TSLA-USDT-SWAP&bar=5m&limit=71 "HTTP/2 200 OK"
2026-03-16 16:03:06,847 | INFO | HTTP Request: GET https://www.okx.com/api/v5/market/ticker?instId=SCR-USDT-SWAP "HTTP/2 200 OK"
2026-03-16 16:03:06,977 | INFO | HTTP Request: GET https://www.okx.com/api/v5/market/candles?instId=XAU-USDT-SWAP&bar=5m&limit=71 "HTTP/2 200 OK"
2026-03-16 16:03:07,099 | INFO | HTTP Request: GET https://www.okx.com/api/v5/market/candles?instId=BTC-USDT-SWAP&bar=5m&limit=64 "HTTP/2 200 OK"
2026-03-16 16:03:07,334 | INFO | HTTP Request: GET https://www.okx.com/api/v5/market/candles?instId=XLM-USDT-SWAP&bar=5m&limit=71 "HTTP/2 200 OK"
2026-03-16 16:03:07,476 | INFO | HTTP Request: GET https://www.okx.com/api/v5/market/ticker?instId=SHIB-USDT-SWAP "HTTP/2 200 OK"
2026-03-16 16:03:07,693 | INFO | HTTP Request: GET https://www.okx.com/api/v5/market/candles?instId=XPL-USDT-SWAP&bar=5m&limit=71 "HTTP/2 200 OK"
2026-03-16 16:03:07,954 | INFO | HTTP Request: GET https://www.okx.com/api/v5/market/ticker?instId=SKY-USDT-SWAP "HTTP/2 200 OK"
2026-03-16 16:03:08,052 | INFO | HTTP Request: GET https://www.okx.com/api/v5/market/candles?instId=XRP-USDT-SWAP&bar=5m&limit=71 "HTTP/2 200 OK"
2026-03-16 16:03:08,427 | INFO | HTTP Request: GET https://www.okx.com/api/v5/market/candles?instId=XSR-USDT-SWAP&bar=5m&limit=71 "HTTP/2 200 OK"
2026-03-16 16:03:08,446 | INFO | HTTP Request: GET https://www.okx.com/api/v5/market/ticker?instId=SOL-USDT-SWAP "HTTP/2 200 OK"
2026-03-16 16:03:08,792 | INFO | HTTP Request: GET https://www.okx.com/api/v5/market/candles?instId=XTZ-USDT-SWAP&bar=5m&limit=71 "HTTP/2 200 OK"
2026-03-16 16:03:08,926 | INFO | HTTP Request: GET https://www.okx.com/api/v5/market/ticker?instId=SOLV-USDT-SWAP "HTTP/2 200 OK"
2026-03-16 16:03:09,179 | INFO | HTTP Request: GET https://www.okx.com/api/v5/market/candles?instId=YB-USDT-SWAP&bar=5m&limit=71 "HTTP/2 200 OK"
2026-03-16 16:03:09,405 | INFO | HTTP Request: GET https://www.okx.com/api/v5/market/ticker?instId=SPK-USDT-SWAP "HTTP/2 200 OK"
2026-03-16 16:03:09,436 | INFO | HTTP Request: GET https://www.okx.com/api/v5/account/balance "HTTP/2 200 OK"
2026-03-16 16:03:09,533 | INFO | HTTP Request: GET https://www.okx.com/api/v5/market/candles?instId=YFI-USDT-SWAP&bar=5m&limit=71 "HTTP/2 200 OK"
2026-03-16 16:03:09,883 | INFO | HTTP Request: GET https://www.okx.com/api/v5/market/ticker?instId=STRK-USDT-SWAP "HTTP/2 200 OK"
2026-03-16 16:03:09,897 | INFO | HTTP Request: GET https://www.okx.com/api/v5/market/candles?instId=YGG-USDT-SWAP&bar=5m&limit=71 "HTTP/2 200 OK"
2026-03-16 16:03:10,249 | INFO | HTTP Request: GET https://www.okx.com/api/v5/market/candles?instId=ZAMA-USDT-SWAP&bar=5m&limit=71 "HTTP/2 200 OK"
2026-03-16 16:03:10,370 | INFO | HTTP Request: GET https://www.okx.com/api/v5/market/ticker?instId=SUI-USDT-SWAP "HTTP/2 200 OK"
2026-03-16 16:03:10,609 | INFO | HTTP Request: GET https://www.okx.com/api/v5/market/candles?instId=ZBCN-USDT-SWAP&bar=5m&limit=71 "HTTP/2 200 OK"
2026-03-16 16:03:10,978 | INFO | HTTP Request: GET https://www.okx.com/api/v5/market/candles?instId=ZETA-USDT-SWAP&bar=5m&limit=71 "HTTP/2 200 OK"
2026-03-16 16:03:11,087 | INFO | HTTP Request: GET https://www.okx.com/api/v5/market/ticker?instId=SUSHI-USDT-SWAP "HTTP/2 200 OK"
2026-03-16 16:03:11,333 | INFO | HTTP Request: GET https://www.okx.com/api/v5/market/candles?instId=ZIL-USDT-SWAP&bar=5m&limit=71 "HTTP/2 200 OK"
2026-03-16 16:03:11,582 | INFO | HTTP Request: GET https://www.okx.com/api/v5/market/ticker?instId=SYRUP-USDT-SWAP "HTTP/2 200 OK"
2026-03-16 16:03:11,736 | INFO | HTTP Request: GET https://www.okx.com/api/v5/account/balance "HTTP/2 200 OK"
2026-03-16 16:03:11,737 | INFO | Placing order BNB-USDT-SWAP sell qty=194.0
2026-03-16 16:03:12,066 | INFO | HTTP Request: GET https://www.okx.com/api/v5/market/ticker?instId=TEST1234-USDT-SWAP "HTTP/2 200 OK"
2026-03-16 16:03:12,103 | INFO | HTTP Request: POST https://www.okx.com/api/v5/trade/order "HTTP/2 200 OK"
2026-03-16 16:03:12,464 | INFO | HTTP Request: GET https://www.okx.com/api/v5/account/positions?instType=SWAP "HTTP/2 200 OK"
2026-03-16 16:03:12,557 | INFO | HTTP Request: GET https://www.okx.com/api/v5/market/ticker?instId=TEST3103-USDT-SWAP "HTTP/2 200 OK"
2026-03-16 16:03:12,821 | INFO | HTTP Request: GET https://www.okx.com/api/v5/market/candles?instId=BNB-USDT-SWAP&bar=5m&limit=81 "HTTP/2 200 OK"
2026-03-16 16:03:12,823 | INFO | Placing exchange stop BNB-USDT-SWAP short payload={'instId': 'BNB-USDT-SWAP', 'tdMode': 'isolated', 'side': 'buy', 'posSide': 'net', 'ordType': 'conditional', 'sz': '194', 'slTriggerPx': '725.1', 'slOrdPx': '-1'}
2026-03-16 16:03:13,061 | INFO | HTTP Request: POST https://www.okx.com/api/v5/trade/order-algo "HTTP/2 200 OK"
2026-03-16 16:03:13,302 | INFO | HTTP Request: GET https://www.okx.com/api/v5/market/ticker?instId=TEST3110-USDT-SWAP "HTTP/2 200 OK"
2026-03-16 16:03:13,348 | INFO | HTTP Request: GET https://www.okx.com/api/v5/market/candles?instId=BTC-USDT-SWAP&bar=5m&limit=64 "HTTP/2 200 OK"
2026-03-16 16:03:13,414 | INFO | HTTP Request: GET https://www.okx.com/api/v5/market/candles?instId=XAG-USDT-SWAP&bar=5m&limit=26 "HTTP/2 200 OK"
2026-03-16 16:03:13,773 | INFO | HTTP Request: GET https://www.okx.com/api/v5/market/ticker?instId=XAG-USDT-SWAP "HTTP/2 200 OK"
2026-03-16 16:03:13,834 | INFO | HTTP Request: GET https://www.okx.com/api/v5/market/ticker?instId=THETA-USDT-SWAP "HTTP/2 200 OK"
2026-03-16 16:03:14,064 | INFO | HTTP Request: GET https://www.okx.com/api/v5/trade/orders-algo-pending?ordType=conditional&instType=SWAP&instId=XAG-USDT-SWAP "HTTP/2 200 OK"
2026-03-16 16:03:14,309 | INFO | HTTP Request: GET https://www.okx.com/api/v5/market/ticker?instId=TON-USDT-SWAP "HTTP/2 200 OK"
2026-03-16 16:03:14,359 | INFO | HTTP Request: GET https://www.okx.com/api/v5/trade/orders-algo-pending?ordType=oco&instType=SWAP&instId=XAG-USDT-SWAP "HTTP/2 200 OK"
2026-03-16 16:03:14,683 | INFO | HTTP Request: GET https://www.okx.com/api/v5/trade/orders-algo-pending?ordType=trigger&instType=SWAP&instId=XAG-USDT-SWAP "HTTP/2 200 OK"
2026-03-16 16:03:14,790 | INFO | HTTP Request: GET https://www.okx.com/api/v5/market/ticker?instId=TRIA-USDT-SWAP "HTTP/2 200 OK"
2026-03-16 16:03:14,841 | INFO | HTTP Request: GET https://www.okx.com/api/v5/account/balance "HTTP/2 200 OK"
2026-03-16 16:03:14,922 | INFO | HTTP Request: GET https://www.okx.com/api/v5/trade/orders-algo-pending?ordType=move_order_stop&instType=SWAP&instId=XAG-USDT-SWAP "HTTP/2 200 OK"
2026-03-16 16:03:15,216 | INFO | HTTP Request: GET https://www.okx.com/api/v5/trade/orders-algo-pending?ordType=iceberg&instType=SWAP&instId=XAG-USDT-SWAP "HTTP/2 200 OK"
2026-03-16 16:03:15,273 | INFO | HTTP Request: GET https://www.okx.com/api/v5/market/ticker?instId=TRX-USDT-SWAP "HTTP/2 200 OK"
2026-03-16 16:03:15,469 | INFO | HTTP Request: GET https://www.okx.com/api/v5/trade/orders-algo-pending?ordType=twap&instType=SWAP&instId=XAG-USDT-SWAP "HTTP/2 200 OK"
2026-03-16 16:03:15,753 | INFO | HTTP Request: GET https://www.okx.com/api/v5/market/ticker?instId=TSLA-USDT-SWAP "HTTP/2 200 OK"
2026-03-16 16:03:15,765 | INFO | HTTP Request: GET https://www.okx.com/api/v5/trade/orders-algo-pending?ordType=chase&instType=SWAP&instId=XAG-USDT-SWAP "HTTP/2 200 OK"
2026-03-16 16:03:16,124 | INFO | HTTP Request: GET https://www.okx.com/api/v5/market/candles?instId=ETC-USDT-SWAP&bar=5m&limit=26 "HTTP/2 200 OK"
2026-03-16 16:03:16,228 | INFO | HTTP Request: GET https://www.okx.com/api/v5/market/ticker?instId=XAU-USDT-SWAP "HTTP/2 200 OK"
2026-03-16 16:03:16,494 | INFO | HTTP Request: GET https://www.okx.com/api/v5/market/ticker?instId=ETC-USDT-SWAP "HTTP/2 200 OK"
2026-03-16 16:03:16,710 | INFO | HTTP Request: GET https://www.okx.com/api/v5/market/ticker?instId=XLM-USDT-SWAP "HTTP/2 200 OK"
2026-03-16 16:03:16,748 | INFO | HTTP Request: GET https://www.okx.com/api/v5/trade/orders-algo-pending?ordType=conditional&instType=SWAP&instId=ETC-USDT-SWAP "HTTP/2 200 OK"
2026-03-16 16:03:16,982 | INFO | HTTP Request: GET https://www.okx.com/api/v5/trade/orders-algo-pending?ordType=oco&instType=SWAP&instId=ETC-USDT-SWAP "HTTP/2 200 OK"
2026-03-16 16:03:17,196 | INFO | HTTP Request: GET https://www.okx.com/api/v5/market/ticker?instId=XPL-USDT-SWAP "HTTP/2 200 OK"
2026-03-16 16:03:17,225 | INFO | HTTP Request: GET https://www.okx.com/api/v5/trade/orders-algo-pending?ordType=trigger&instType=SWAP&instId=ETC-USDT-SWAP "HTTP/2 200 OK"
2026-03-16 16:03:17,460 | INFO | HTTP Request: GET https://www.okx.com/api/v5/trade/orders-algo-pending?ordType=move_order_stop&instType=SWAP&instId=ETC-USDT-SWAP "HTTP/2 200 OK"
2026-03-16 16:03:17,688 | INFO | HTTP Request: GET https://www.okx.com/api/v5/market/ticker?instId=XRP-USDT-SWAP "HTTP/2 200 OK"
2026-03-16 16:03:17,711 | INFO | HTTP Request: GET https://www.okx.com/api/v5/trade/orders-algo-pending?ordType=iceberg&instType=SWAP&instId=ETC-USDT-SWAP "HTTP/2 200 OK"
2026-03-16 16:03:17,965 | INFO | HTTP Request: GET https://www.okx.com/api/v5/trade/orders-algo-pending?ordType=twap&instType=SWAP&instId=ETC-USDT-SWAP "HTTP/2 200 OK"
2026-03-16 16:03:18,171 | INFO | HTTP Request: GET https://www.okx.com/api/v5/market/ticker?instId=XSR-USDT-SWAP "HTTP/2 200 OK"
2026-03-16 16:03:18,270 | INFO | HTTP Request: GET https://www.okx.com/api/v5/trade/orders-algo-pending?ordType=chase&instType=SWAP&instId=ETC-USDT-SWAP "HTTP/2 200 OK"
2026-03-16 16:03:18,637 | INFO | HTTP Request: GET https://www.okx.com/api/v5/market/candles?instId=CRO-USDT-SWAP&bar=5m&limit=26 "HTTP/2 200 OK"
2026-03-16 16:03:19,003 | INFO | HTTP Request: GET https://www.okx.com/api/v5/market/ticker?instId=CRO-USDT-SWAP "HTTP/2 200 OK"
2026-03-16 16:03:19,004 | INFO | Closing position CRO-USDT-SWAP. Локальный защитный выход 2.0N
2026-03-16 16:03:19,314 | INFO | HTTP Request: POST https://www.okx.com/api/v5/trade/close-position "HTTP/2 200 OK"
2026-03-16 16:03:19,316 | WARNING | Failed to load json context : [Errno 13] Permission denied: '.'
2026-03-16 16:03:19,601 | INFO | HTTP Request: GET https://www.okx.com/api/v5/market/candles?instId=BTC-USDT-SWAP&bar=5m&limit=64 "HTTP/2 200 OK"
2026-03-16 16:03:19,620 | INFO | HTTP Request: GET https://www.okx.com/api/v5/market/ticker?instId=XAG-USDT-SWAP "HTTP/2 200 OK"
2026-03-16 16:03:19,675 | INFO | HTTP Request: GET https://www.okx.com/api/v5/market/candles?instId=CRO-USDT-SWAP&bar=5m&limit=97 "HTTP/2 200 OK"
2026-03-16 16:03:20,027 | INFO | HTTP Request: GET https://www.okx.com/api/v5/market/candles?instId=XAG-USDT-SWAP&bar=5m&limit=89 "HTTP/2 200 OK"
2026-03-16 16:03:20,230 | INFO | HTTP Request: GET https://www.okx.com/api/v5/account/balance "HTTP/2 200 OK"
2026-03-16 16:03:20,389 | INFO | HTTP Request: GET https://www.okx.com/api/v5/market/candles?instId=BREV-USDT-SWAP&bar=5m&limit=26 "HTTP/2 200 OK"
2026-03-16 16:03:20,753 | INFO | HTTP Request: GET https://www.okx.com/api/v5/market/ticker?instId=BREV-USDT-SWAP "HTTP/2 200 OK"
2026-03-16 16:03:20,753 | INFO | HTTP Request: GET https://www.okx.com/api/v5/market/ticker?instId=BREV-USDT-SWAP "HTTP/2 200 OK"
2026-03-16 16:03:20,754 | INFO | Placing exchange stop BREV-USDT-SWAP long payload={'instId': 'BREV-USDT-SWAP', 'tdMode': 'isolated', 'side': 'sell', 'posSide': 'net', 'ordType': 'conditional', 'sz': '120000', 'slTriggerPx': '1.008904996667', 'slOrdPx': '-1'}
2026-03-16 16:03:21,051 | INFO | HTTP Request: POST https://www.okx.com/api/v5/trade/order-algo "HTTP/2 200 OK"
2026-03-16 16:03:21,119 | INFO | HTTP Request: GET https://www.okx.com/api/v5/market/candles?instId=BREV-USDT-SWAP&bar=5m&limit=89 "HTTP/2 200 OK"
2026-03-16 16:03:21,304 | INFO | HTTP Request: POST https://www.okx.com/api/v5/trade/cancel-algos "HTTP/2 200 OK"
2026-03-16 16:03:21,306 | INFO | Closing position BREV-USDT-SWAP. Защита тренда: откат от пика 21695003333.33R → 3695003333.33R
2026-03-16 16:03:21,595 | INFO | HTTP Request: GET https://www.okx.com/api/v5/market/ticker?instId=BNB-USDT-SWAP "HTTP/2 200 OK"
2026-03-16 16:03:21,603 | INFO | HTTP Request: POST https://www.okx.com/api/v5/trade/close-position "HTTP/2 200 OK"
2026-03-16 16:03:21,604 | WARNING | Failed to load json context : [Errno 13] Permission denied: '.'
2026-03-16 16:03:21,959 | INFO | HTTP Request: GET https://www.okx.com/api/v5/market/candles?instId=BNB-USDT-SWAP&bar=5m&limit=89 "HTTP/2 200 OK"
2026-03-16 16:03:21,970 | INFO | HTTP Request: GET https://www.okx.com/api/v5/market/candles?instId=BREV-USDT-SWAP&bar=5m&limit=97 "HTTP/2 200 OK"
2026-03-16 16:03:22,449 | INFO | HTTP Request: GET https://www.okx.com/api/v5/market/ticker?instId=1INCH-USDT-SWAP "HTTP/2 200 OK"
2026-03-16 16:03:22,825 | INFO | HTTP Request: GET https://www.okx.com/api/v5/market/candles?instId=1INCH-USDT-SWAP&bar=5m&limit=89 "HTTP/2 200 OK"
2026-03-16 16:03:23,309 | INFO | HTTP Request: GET https://www.okx.com/api/v5/market/ticker?instId=2Z-USDT-SWAP "HTTP/2 200 OK"
2026-03-16 16:03:23,667 | INFO | HTTP Request: GET https://www.okx.com/api/v5/market/candles?instId=2Z-USDT-SWAP&bar=5m&limit=89 "HTTP/2 200 OK"
2026-03-16 16:03:24,159 | INFO | HTTP Request: GET https://www.okx.com/api/v5/market/ticker?instId=A-USDT-SWAP "HTTP/2 200 OK"
2026-03-16 16:03:24,526 | INFO | HTTP Request: GET https://www.okx.com/api/v5/market/candles?instId=A-USDT-SWAP&bar=5m&limit=89 "HTTP/2 200 OK"
2026-03-16 16:03:25,015 | INFO | HTTP Request: GET https://www.okx.com/api/v5/market/ticker?instId=AAVE-USDT-SWAP "HTTP/2 200 OK"
2026-03-16 16:03:25,382 | INFO | HTTP Request: GET https://www.okx.com/api/v5/market/candles?instId=AAVE-USDT-SWAP&bar=5m&limit=89 "HTTP/2 200 OK"
2026-03-16 16:03:25,650 | INFO | HTTP Request: GET https://www.okx.com/api/v5/account/balance "HTTP/2 200 OK"
2026-03-16 16:03:25,843 | INFO | HTTP Request: GET https://www.okx.com/api/v5/market/candles?instId=BTC-USDT-SWAP&bar=5m&limit=64 "HTTP/2 200 OK"
2026-03-16 16:03:25,866 | INFO | HTTP Request: GET https://www.okx.com/api/v5/market/ticker?instId=ACT-USDT-SWAP "HTTP/2 200 OK"
2026-03-16 16:03:26,241 | INFO | HTTP Request: GET https://www.okx.com/api/v5/market/candles?instId=ACT-USDT-SWAP&bar=5m&limit=89 "HTTP/2 200 OK"
2026-03-16 16:03:26,724 | INFO | HTTP Request: GET https://www.okx.com/api/v5/market/ticker?instId=ADA-USDT-SWAP "HTTP/2 200 OK"
2026-03-16 16:03:27,081 | INFO | HTTP Request: GET https://www.okx.com/api/v5/market/candles?instId=ADA-USDT-SWAP&bar=5m&limit=89 "HTTP/2 200 OK"
2026-03-16 16:03:27,346 | INFO | HTTP Request: GET https://www.okx.com/api/v5/account/positions?instType=SWAP "HTTP/2 200 OK"
2026-03-16 16:03:27,561 | INFO | HTTP Request: GET https://www.okx.com/api/v5/market/ticker?instId=AI16Z-USDT-SWAP "HTTP/2 200 OK"
2026-03-16 16:03:27,705 | INFO | HTTP Request: GET https://www.okx.com/api/v5/market/candles?instId=CRO-USDT-SWAP&bar=5m&limit=26 "HTTP/2 200 OK"
2026-03-16 16:03:28,065 | INFO | HTTP Request: GET https://www.okx.com/api/v5/market/candles?instId=AI16Z-USDT-SWAP&bar=5m&limit=89 "HTTP/2 200 OK"
2026-03-16 16:03:28,084 | INFO | HTTP Request: GET https://www.okx.com/api/v5/market/candles?instId=BREV-USDT-SWAP&bar=5m&limit=26 "HTTP/2 200 OK"
2026-03-16 16:03:28,450 | INFO | HTTP Request: GET https://www.okx.com/api/v5/market/candles?instId=1INCH-USDT-SWAP&bar=5m&limit=71 "HTTP/2 200 OK"
2026-03-16 16:03:28,559 | INFO | HTTP Request: GET https://www.okx.com/api/v5/market/ticker?instId=AKITA-USDT-SWAP "HTTP/2 200 OK"
2026-03-16 16:03:28,813 | INFO | HTTP Request: GET https://www.okx.com/api/v5/market/candles?instId=2Z-USDT-SWAP&bar=5m&limit=71 "HTTP/2 200 OK"
2026-03-16 16:03:28,916 | INFO | HTTP Request: GET https://www.okx.com/api/v5/market/candles?instId=AKITA-USDT-SWAP&bar=5m&limit=89 "HTTP/2 200 OK"
2026-03-16 16:03:29,179 | INFO | HTTP Request: GET https://www.okx.com/api/v5/market/candles?instId=A-USDT-SWAP&bar=5m&limit=71 "HTTP/2 200 OK"
2026-03-16 16:03:29,401 | INFO | HTTP Request: GET https://www.okx.com/api/v5/market/ticker?instId=ALGO-USDT-SWAP "HTTP/2 200 OK"
2026-03-16 16:03:29,756 | INFO | HTTP Request: GET https://www.okx.com/api/v5/market/candles?instId=AAVE-USDT-SWAP&bar=5m&limit=71 "HTTP/2 200 OK"
2026-03-16 16:03:29,756 | INFO | HTTP Request: GET https://www.okx.com/api/v5/market/candles?instId=ALGO-USDT-SWAP&bar=5m&limit=89 "HTTP/2 200 OK"
2026-03-16 16:03:30,118 | INFO | HTTP Request: GET https://www.okx.com/api/v5/market/candles?instId=ARB-USDT-SWAP&bar=5m&limit=71 "HTTP/2 200 OK"
2026-03-16 16:03:30,255 | INFO | HTTP Request: GET https://www.okx.com/api/v5/market/ticker?instId=ARB-USDT-SWAP "HTTP/2 200 OK"
2026-03-16 16:03:30,478 | INFO | HTTP Request: GET https://www.okx.com/api/v5/market/candles?instId=ASP-USDT-SWAP&bar=5m&limit=71 "HTTP/2 200 OK"
2026-03-16 16:03:30,616 | INFO | HTTP Request: GET https://www.okx.com/api/v5/market/candles?instId=ARB-USDT-SWAP&bar=5m&limit=89 "HTTP/2 200 OK"
2026-03-16 16:03:30,847 | INFO | HTTP Request: GET https://www.okx.com/api/v5/market/candles?instId=ASTER-USDT-SWAP&bar=5m&limit=71 "HTTP/2 200 OK"
2026-03-16 16:03:31,047 | INFO | HTTP Request: GET https://www.okx.com/api/v5/account/balance "HTTP/2 200 OK"
2026-03-16 16:03:31,102 | INFO | HTTP Request: GET https://www.okx.com/api/v5/market/ticker?instId=ASP-USDT-SWAP "HTTP/2 200 OK"
2026-03-16 16:03:31,228 | INFO | HTTP Request: GET https://www.okx.com/api/v5/market/candles?instId=ATOM-USDT-SWAP&bar=5m&limit=71 "HTTP/2 200 OK"
2026-03-16 16:03:31,590 | INFO | HTTP Request: GET https://www.okx.com/api/v5/market/candles?instId=AUCTION-USDT-SWAP&bar=5m&limit=71 "HTTP/2 200 OK"
2026-03-16 16:03:31,708 | INFO | HTTP Request: GET https://www.okx.com/api/v5/market/ticker?instId=ASTER-USDT-SWAP "HTTP/2 200 OK"
2026-03-16 16:03:31,963 | INFO | HTTP Request: GET https://www.okx.com/api/v5/market/candles?instId=AVAX-USDT-SWAP&bar=5m&limit=71 "HTTP/2 200 OK"
2026-03-16 16:03:32,116 | INFO | HTTP Request: GET https://www.okx.com/api/v5/market/candles?instId=BTC-USDT-SWAP&bar=5m&limit=64 "HTTP/2 200 OK"
2026-03-16 16:03:32,193 | INFO | HTTP Request: GET https://www.okx.com/api/v5/market/ticker?instId=ATOM-USDT-SWAP "HTTP/2 200 OK"
2026-03-16 16:03:32,343 | INFO | HTTP Request: GET https://www.okx.com/api/v5/market/candles?instId=AXS-USDT-SWAP&bar=5m&limit=71 "HTTP/2 200 OK"
2026-03-16 16:03:32,680 | INFO | HTTP Request: GET https://www.okx.com/api/v5/market/ticker?instId=AUCTION-USDT-SWAP "HTTP/2 200 OK"
2026-03-16 16:03:32,709 | INFO | HTTP Request: GET https://www.okx.com/api/v5/market/candles?instId=BAND-USDT-SWAP&bar=5m&limit=71 "HTTP/2 200 OK"
2026-03-16 16:03:33,075 | INFO | HTTP Request: GET https://www.okx.com/api/v5/market/candles?instId=BCH-USDT-SWAP&bar=5m&limit=71 "HTTP/2 200 OK"
2026-03-16 16:03:33,165 | INFO | HTTP Request: GET https://www.okx.com/api/v5/market/ticker?instId=AVAX-USDT-SWAP "HTTP/2 200 OK"
2026-03-16 16:03:33,436 | INFO | HTTP Request: GET https://www.okx.com/api/v5/market/candles?instId=BIO-USDT-SWAP&bar=5m&limit=71 "HTTP/2 200 OK"
2026-03-16 16:03:33,874 | INFO | HTTP Request: GET https://www.okx.com/api/v5/market/candles?instId=BLUAI-USDT-SWAP&bar=5m&limit=71 "HTTP/2 200 OK"
2026-03-16 16:03:33,921 | INFO | HTTP Request: GET https://www.okx.com/api/v5/market/ticker?instId=AXS-USDT-SWAP "HTTP/2 200 OK"
2026-03-16 16:03:34,279 | INFO | HTTP Request: GET https://www.okx.com/api/v5/market/candles?instId=BOME-USDT-SWAP&bar=5m&limit=71 "HTTP/2 200 OK"
2026-03-16 16:03:34,396 | INFO | HTTP Request: GET https://www.okx.com/api/v5/market/ticker?instId=BAND-USDT-SWAP "HTTP/2 200 OK"
2026-03-16 16:03:34,714 | INFO | HTTP Request: GET https://www.okx.com/api/v5/market/candles?instId=BRETT-USDT-SWAP&bar=5m&limit=71 "HTTP/2 200 OK"
2026-03-16 16:03:34,878 | INFO | HTTP Request: GET https://www.okx.com/api/v5/market/ticker?instId=BCH-USDT-SWAP "HTTP/2 200 OK"
2026-03-16 16:03:35,073 | INFO | HTTP Request: GET https://www.okx.com/api/v5/market/candles?instId=BTC-USDT-SWAP&bar=5m&limit=71 "HTTP/2 200 OK"
2026-03-16 16:03:35,372 | INFO | HTTP Request: GET https://www.okx.com/api/v5/market/ticker?instId=BIO-USDT-SWAP "HTTP/2 200 OK"
2026-03-16 16:03:35,435 | INFO | HTTP Request: GET https://www.okx.com/api/v5/market/candles?instId=CAT-USDT-SWAP&bar=5m&limit=71 "HTTP/2 200 OK"
2026-03-16 16:03:35,795 | INFO | HTTP Request: GET https://www.okx.com/api/v5/market/candles?instId=CATI-USDT-SWAP&bar=5m&limit=71 "HTTP/2 200 OK"
2026-03-16 16:03:35,924 | INFO | HTTP Request: GET https://www.okx.com/api/v5/market/ticker?instId=BLUAI-USDT-SWAP "HTTP/2 200 OK"
2026-03-16 16:03:36,165 | INFO | HTTP Request: GET https://www.okx.com/api/v5/market/candles?instId=CELO-USDT-SWAP&bar=5m&limit=71 "HTTP/2 200 OK"
2026-03-16 16:03:36,412 | INFO | HTTP Request: GET https://www.okx.com/api/v5/market/ticker?instId=BOME-USDT-SWAP "HTTP/2 200 OK"
2026-03-16 16:03:36,490 | INFO | HTTP Request: GET https://www.okx.com/api/v5/account/balance "HTTP/2 200 OK"
2026-03-16 16:03:36,520 | INFO | HTTP Request: GET https://www.okx.com/api/v5/market/candles?instId=CFX-USDT-SWAP&bar=5m&limit=71 "HTTP/2 200 OK"
2026-03-16 16:03:36,881 | INFO | HTTP Request: GET https://www.okx.com/api/v5/market/ticker?instId=CFX-USDT-SWAP "HTTP/2 200 OK"
2026-03-16 16:03:36,890 | INFO | HTTP Request: GET https://www.okx.com/api/v5/market/ticker?instId=BRETT-USDT-SWAP "HTTP/2 200 OK"
2026-03-16 16:03:36,891 | INFO | CFX-USDT-SWAP: Turtle 55 long-сигнал отклонён (закрытие не удержалось выше канала)
2026-03-16 16:03:36,891 | INFO | CFX-USDT-SWAP: Turtle 20 long-сигнал отклонён (закрытие не удержалось выше канала)
2026-03-16 16:03:37,247 | INFO | HTTP Request: GET https://www.okx.com/api/v5/market/candles?instId=CHZ-USDT-SWAP&bar=5m&limit=71 "HTTP/2 200 OK"
2026-03-16 16:03:37,371 | INFO | HTTP Request: GET https://www.okx.com/api/v5/market/ticker?instId=BTC-USDT-SWAP "HTTP/2 200 OK"
2026-03-16 16:03:37,736 | INFO | HTTP Request: GET https://www.okx.com/api/v5/market/candles?instId=COAI-USDT-SWAP&bar=5m&limit=71 "HTTP/2 200 OK"
2026-03-16 16:03:37,849 | INFO | HTTP Request: GET https://www.okx.com/api/v5/market/ticker?instId=CAT-USDT-SWAP "HTTP/2 200 OK"
2026-03-16 16:03:38,105 | INFO | HTTP Request: GET https://www.okx.com/api/v5/market/candles?instId=COMP-USDT-SWAP&bar=5m&limit=71 "HTTP/2 200 OK"
2026-03-16 16:03:38,340 | INFO | HTTP Request: GET https://www.okx.com/api/v5/market/ticker?instId=CATI-USDT-SWAP "HTTP/2 200 OK"
2026-03-16 16:03:38,456 | INFO | HTTP Request: GET https://www.okx.com/api/v5/market/candles?instId=CRV-USDT-SWAP&bar=5m&limit=71 "HTTP/2 200 OK"
2026-03-16 16:03:38,812 | INFO | HTTP Request: GET https://www.okx.com/api/v5/market/candles?instId=DOGE-USDT-SWAP&bar=5m&limit=71 "HTTP/2 200 OK"
2026-03-16 16:03:39,076 | INFO | HTTP Request: GET https://www.okx.com/api/v5/market/ticker?instId=CELO-USDT-SWAP "HTTP/2 200 OK"
2026-03-16 16:03:39,169 | INFO | HTTP Request: GET https://www.okx.com/api/v5/market/candles?instId=DOT-USDT-SWAP&bar=5m&limit=71 "HTTP/2 200 OK"
2026-03-16 16:03:39,544 | INFO | HTTP Request: GET https://www.okx.com/api/v5/market/candles?instId=ENA-USDT-SWAP&bar=5m&limit=71 "HTTP/2 200 OK"
2026-03-16 16:03:39,688 | INFO | HTTP Request: GET https://www.okx.com/api/v5/market/ticker?instId=CHZ-USDT-SWAP "HTTP/2 200 OK"
2026-03-16 16:03:40,055 | INFO | HTTP Request: GET https://www.okx.com/api/v5/market/candles?instId=EOS-USDT-SWAP&bar=5m&limit=71 "HTTP/2 200 OK"
2026-03-16 16:03:40,169 | INFO | HTTP Request: GET https://www.okx.com/api/v5/market/ticker?instId=COAI-USDT-SWAP "HTTP/2 200 OK"
2026-03-16 16:03:40,524 | INFO | HTTP Request: GET https://www.okx.com/api/v5/market/candles?instId=ETH-USDT-SWAP&bar=5m&limit=71 "HTTP/2 200 OK"
2026-03-16 16:03:40,663 | INFO | HTTP Request: GET https://www.okx.com/api/v5/market/ticker?instId=COMP-USDT-SWAP "HTTP/2 200 OK"
2026-03-16 16:03:40,892 | INFO | HTTP Request: GET https://www.okx.com/api/v5/market/candles?instId=ETHFI-USDT-SWAP&bar=5m&limit=71 "HTTP/2 200 OK"
2026-03-16 16:03:41,148 | INFO | HTTP Request: GET https://www.okx.com/api/v5/market/ticker?instId=CRV-USDT-SWAP "HTTP/2 200 OK"
2026-03-16 16:03:41,258 | INFO | HTTP Request: GET https://www.okx.com/api/v5/market/ticker?instId=ETHFI-USDT-SWAP "HTTP/2 200 OK"
2026-03-16 16:03:41,259 | INFO | ETHFI-USDT-SWAP: Turtle 55 long-сигнал отклонён (закрытие не удержалось выше канала)
2026-03-16 16:03:41,260 | INFO | ETHFI-USDT-SWAP: Turtle 20 long-сигнал отклонён (закрытие не удержалось выше канала)
2026-03-16 16:03:41,471 | INFO | HTTP Request: GET https://www.okx.com/api/v5/market/candles?instId=BTC-USDT-SWAP&bar=5m&limit=64 "HTTP/2 200 OK"
2026-03-16 16:03:41,613 | INFO | HTTP Request: GET https://www.okx.com/api/v5/market/candles?instId=ETHW-USDT-SWAP&bar=5m&limit=71 "HTTP/2 200 OK"
2026-03-16 16:03:41,621 | INFO | HTTP Request: GET https://www.okx.com/api/v5/market/ticker?instId=DOGE-USDT-SWAP "HTTP/2 200 OK"
2026-03-16 16:03:41,925 | INFO | HTTP Request: GET https://www.okx.com/api/v5/account/balance "HTTP/2 200 OK"
2026-03-16 16:03:41,985 | INFO | HTTP Request: GET https://www.okx.com/api/v5/market/candles?instId=FIL-USDT-SWAP&bar=5m&limit=71 "HTTP/2 200 OK"
2026-03-16 16:03:42,104 | INFO | HTTP Request: GET https://www.okx.com/api/v5/market/ticker?instId=DOT-USDT-SWAP "HTTP/2 200 OK"
2026-03-16 16:03:42,356 | INFO | HTTP Request: GET https://www.okx.com/api/v5/market/candles?instId=FLOKI-USDT-SWAP&bar=5m&limit=71 "HTTP/2 200 OK"
2026-03-16 16:03:42,586 | INFO | HTTP Request: GET https://www.okx.com/api/v5/market/ticker?instId=ENA-USDT-SWAP "HTTP/2 200 OK"
2026-03-16 16:03:42,715 | INFO | HTTP Request: GET https://www.okx.com/api/v5/market/candles?instId=GMT-USDT-SWAP&bar=5m&limit=71 "HTTP/2 200 OK"
2026-03-16 16:03:43,064 | INFO | HTTP Request: GET https://www.okx.com/api/v5/market/ticker?instId=EOS-USDT-SWAP "HTTP/2 200 OK"
2026-03-16 16:03:43,073 | INFO | HTTP Request: GET https://www.okx.com/api/v5/market/candles?instId=H-USDT-SWAP&bar=5m&limit=71 "HTTP/2 200 OK"
2026-03-16 16:03:43,433 | INFO | HTTP Request: GET https://www.okx.com/api/v5/market/candles?instId=HBAR-USDT-SWAP&bar=5m&limit=71 "HTTP/2 200 OK"
2026-03-16 16:03:43,551 | INFO | HTTP Request: GET https://www.okx.com/api/v5/market/ticker?instId=ETH-USDT-SWAP "HTTP/2 200 OK"
2026-03-16 16:03:43,853 | INFO | HTTP Request: GET https://www.okx.com/api/v5/market/candles?instId=HMSTR-USDT-SWAP&bar=5m&limit=71 "HTTP/2 200 OK"
2026-03-16 16:03:44,152 | INFO | HTTP Request: GET https://www.okx.com/api/v5/market/ticker?instId=ETHW-USDT-SWAP "HTTP/2 200 OK"
2026-03-16 16:03:44,231 | INFO | HTTP Request: GET https://www.okx.com/api/v5/market/candles?instId=HOME-USDT-SWAP&bar=5m&limit=71 "HTTP/2 200 OK"
2026-03-16 16:03:44,592 | INFO | HTTP Request: GET https://www.okx.com/api/v5/market/candles?instId=ICP-USDT-SWAP&bar=5m&limit=71 "HTTP/2 200 OK"
2026-03-16 16:03:44,643 | INFO | HTTP Request: GET https://www.okx.com/api/v5/market/ticker?instId=FIL-USDT-SWAP "HTTP/2 200 OK"
2026-03-16 16:03:45,018 | INFO | HTTP Request: GET https://www.okx.com/api/v5/market/candles?instId=IMX-USDT-SWAP&bar=5m&limit=71 "HTTP/2 200 OK"
2026-03-16 16:03:45,125 | INFO | HTTP Request: GET https://www.okx.com/api/v5/market/ticker?instId=FLOKI-USDT-SWAP "HTTP/2 200 OK"
2026-03-16 16:03:45,386 | INFO | HTTP Request: GET https://www.okx.com/api/v5/market/candles?instId=INJ-USDT-SWAP&bar=5m&limit=71 "HTTP/2 200 OK"
2026-03-16 16:03:45,755 | INFO | HTTP Request: GET https://www.okx.com/api/v5/market/candles?instId=IOTA-USDT-SWAP&bar=5m&limit=71 "HTTP/2 200 OK"
2026-03-16 16:03:45,875 | INFO | HTTP Request: GET https://www.okx.com/api/v5/market/ticker?instId=GMT-USDT-SWAP "HTTP/2 200 OK"
2026-03-16 16:03:46,113 | INFO | HTTP Request: GET https://www.okx.com/api/v5/market/candles?instId=JUP-USDT-SWAP&bar=5m&limit=71 "HTTP/2 200 OK"
2026-03-16 16:03:46,352 | INFO | HTTP Request: GET https://www.okx.com/api/v5/market/ticker?instId=H-USDT-SWAP "HTTP/2 200 OK"
2026-03-16 16:03:46,470 | INFO | HTTP Request: GET https://www.okx.com/api/v5/market/candles?instId=KAITO-USDT-SWAP&bar=5m&limit=71 "HTTP/2 200 OK"
2026-03-16 16:03:46,842 | INFO | HTTP Request: GET https://www.okx.com/api/v5/market/candles?instId=KSM-USDT-SWAP&bar=5m&limit=71 "HTTP/2 200 OK"
2026-03-16 16:03:46,950 | INFO | HTTP Request: GET https://www.okx.com/api/v5/market/ticker?instId=HBAR-USDT-SWAP "HTTP/2 200 OK"
2026-03-16 16:03:47,197 | INFO | HTTP Request: GET https://www.okx.com/api/v5/market/candles?instId=LDO-USDT-SWAP&bar=5m&limit=71 "HTTP/2 200 OK"
2026-03-16 16:03:47,298 | INFO | HTTP Request: GET https://www.okx.com/api/v5/account/balance "HTTP/2 200 OK"
2026-03-16 16:03:47,430 | INFO | HTTP Request: GET https://www.okx.com/api/v5/market/ticker?instId=HMSTR-USDT-SWAP "HTTP/2 200 OK"
2026-03-16 16:03:47,564 | INFO | HTTP Request: GET https://www.okx.com/api/v5/market/candles?instId=LINEA-USDT-SWAP&bar=5m&limit=71 "HTTP/2 200 OK"
2026-03-16 16:03:47,722 | INFO | HTTP Request: GET https://www.okx.com/api/v5/market/candles?instId=BTC-USDT-SWAP&bar=5m&limit=64 "HTTP/2 200 OK"
2026-03-16 16:03:47,932 | INFO | HTTP Request: GET https://www.okx.com/api/v5/market/candles?instId=LINK-USDT-SWAP&bar=5m&limit=71 "HTTP/2 200 OK"
2026-03-16 16:03:48,043 | INFO | HTTP Request: GET https://www.okx.com/api/v5/market/ticker?instId=HOME-USDT-SWAP "HTTP/2 200 OK"
2026-03-16 16:03:48,298 | INFO | HTTP Request: GET https://www.okx.com/api/v5/market/candles?instId=LIT-USDT-SWAP&bar=5m&limit=71 "HTTP/2 200 OK"
2026-03-16 16:03:48,522 | INFO | HTTP Request: GET https://www.okx.com/api/v5/market/ticker?instId=ICP-USDT-SWAP "HTTP/2 200 OK"
2026-03-16 16:03:48,656 | INFO | HTTP Request: GET https://www.okx.com/api/v5/market/candles?instId=LPT-USDT-SWAP&bar=5m&limit=71 "HTTP/2 200 OK"
2026-03-16 16:03:49,017 | INFO | HTTP Request: GET https://www.okx.com/api/v5/market/ticker?instId=IMX-USDT-SWAP "HTTP/2 200 OK"
2026-03-16 16:03:49,018 | INFO | HTTP Request: GET https://www.okx.com/api/v5/market/candles?instId=LQTY-USDT-SWAP&bar=5m&limit=71 "HTTP/2 200 OK"
2026-03-16 16:03:49,389 | INFO | HTTP Request: GET https://www.okx.com/api/v5/market/candles?instId=LRC-USDT-SWAP&bar=5m&limit=71 "HTTP/2 200 OK"
2026-03-16 16:03:49,511 | INFO | HTTP Request: GET https://www.okx.com/api/v5/market/ticker?instId=INJ-USDT-SWAP "HTTP/2 200 OK"
2026-03-16 16:03:49,771 | INFO | HTTP Request: GET https://www.okx.com/api/v5/market/candles?instId=LTC-USDT-SWAP&bar=5m&limit=71 "HTTP/2 200 OK"
2026-03-16 16:03:49,991 | INFO | HTTP Request: GET https://www.okx.com/api/v5/market/ticker?instId=IOTA-USDT-SWAP "HTTP/2 200 OK"
2026-03-16 16:03:50,134 | INFO | HTTP Request: GET https://www.okx.com/api/v5/market/candles?instId=MAGIC-USDT-SWAP&bar=5m&limit=71 "HTTP/2 200 OK"
2026-03-16 16:03:50,470 | INFO | HTTP Request: GET https://www.okx.com/api/v5/market/ticker?instId=JUP-USDT-SWAP "HTTP/2 200 OK"
2026-03-16 16:03:50,501 | INFO | HTTP Request: GET https://www.okx.com/api/v5/market/candles?instId=MAJOR-USDT-SWAP&bar=5m&limit=71 "HTTP/2 200 OK"
2026-03-16 16:03:50,873 | INFO | HTTP Request: GET https://www.okx.com/api/v5/market/candles?instId=MASK-USDT-SWAP&bar=5m&limit=71 "HTTP/2 200 OK"
2026-03-16 16:03:50,990 | INFO | HTTP Request: GET https://www.okx.com/api/v5/market/ticker?instId=KAITO-USDT-SWAP "HTTP/2 200 OK"
2026-03-16 16:03:51,249 | INFO | HTTP Request: GET https://www.okx.com/api/v5/market/candles?instId=MET-USDT-SWAP&bar=5m&limit=71 "HTTP/2 200 OK"
2026-03-16 16:03:51,475 | INFO | HTTP Request: GET https://www.okx.com/api/v5/market/ticker?instId=KSM-USDT-SWAP "HTTP/2 200 OK"
2026-03-16 16:03:51,835 | INFO | HTTP Request: GET https://www.okx.com/api/v5/market/candles?instId=MINA-USDT-SWAP&bar=5m&limit=71 "HTTP/2 200 OK"
2026-03-16 16:03:51,960 | INFO | HTTP Request: GET https://www.okx.com/api/v5/market/ticker?instId=LDO-USDT-SWAP "HTTP/2 200 OK"
2026-03-16 16:03:52,197 | INFO | HTTP Request: GET https://www.okx.com/api/v5/market/candles?instId=MKR-USDT-SWAP&bar=5m&limit=71 "HTTP/2 200 OK"
2026-03-16 16:03:52,455 | INFO | HTTP Request: GET https://www.okx.com/api/v5/market/ticker?instId=LINEA-USDT-SWAP "HTTP/2 200 OK"
2026-03-16 16:03:52,555 | INFO | HTTP Request: GET https://www.okx.com/api/v5/market/candles?instId=MUBARAK-USDT-SWAP&bar=5m&limit=71 "HTTP/2 200 OK"
2026-03-16 16:03:52,611 | INFO | HTTP Request: GET https://www.okx.com/api/v5/account/balance "HTTP/2 200 OK"
2026-03-16 16:03:52,977 | INFO | HTTP Request: GET https://www.okx.com/api/v5/market/candles?instId=NEAR-USDT-SWAP&bar=5m&limit=71 "HTTP/2 200 OK"
2026-03-16 16:03:53,045 | INFO | HTTP Request: GET https://www.okx.com/api/v5/market/ticker?instId=LINK-USDT-SWAP "HTTP/2 200 OK"
2026-03-16 16:03:53,403 | INFO | HTTP Request: GET https://www.okx.com/api/v5/market/candles?instId=NEO-USDT-SWAP&bar=5m&limit=71 "HTTP/2 200 OK"
2026-03-16 16:03:53,528 | INFO | HTTP Request: GET https://www.okx.com/api/v5/market/ticker?instId=LIT-USDT-SWAP "HTTP/2 200 OK"
2026-03-16 16:03:53,762 | INFO | HTTP Request: GET https://www.okx.com/api/v5/market/candles?instId=NOT-USDT-SWAP&bar=5m&limit=71 "HTTP/2 200 OK"
2026-03-16 16:03:53,985 | INFO | HTTP Request: GET https://www.okx.com/api/v5/market/candles?instId=BTC-USDT-SWAP&bar=5m&limit=64 "HTTP/2 200 OK"
2026-03-16 16:03:54,024 | INFO | HTTP Request: GET https://www.okx.com/api/v5/market/ticker?instId=LPT-USDT-SWAP "HTTP/2 200 OK"
2026-03-16 16:03:54,347 | INFO | HTTP Request: GET https://www.okx.com/api/v5/market/candles?instId=OP-USDT-SWAP&bar=5m&limit=71 "HTTP/2 200 OK"
2026-03-16 16:03:54,510 | INFO | HTTP Request: GET https://www.okx.com/api/v5/market/ticker?instId=LQTY-USDT-SWAP "HTTP/2 200 OK"
2026-03-16 16:03:54,718 | INFO | HTTP Request: GET https://www.okx.com/api/v5/market/ticker?instId=OP-USDT-SWAP "HTTP/2 200 OK"
2026-03-16 16:03:54,719 | INFO | OP-USDT-SWAP: Turtle 20 long-сигнал отклонён (закрытие не удержалось выше канала)
2026-03-16 16:03:55,075 | INFO | HTTP Request: GET https://www.okx.com/api/v5/market/candles?instId=PEPE-USDT-SWAP&bar=5m&limit=71 "HTTP/2 200 OK"
2026-03-16 16:03:55,212 | INFO | HTTP Request: GET https://www.okx.com/api/v5/market/ticker?instId=LRC-USDT-SWAP "HTTP/2 200 OK"
2026-03-16 16:03:55,437 | INFO | HTTP Request: GET https://www.okx.com/api/v5/market/candles?instId=PIGGY-USDT-SWAP&bar=5m&limit=71 "HTTP/2 200 OK"
2026-03-16 16:03:55,708 | INFO | HTTP Request: GET https://www.okx.com/api/v5/market/ticker?instId=LTC-USDT-SWAP "HTTP/2 200 OK"
2026-03-16 16:03:55,797 | INFO | HTTP Request: GET https://www.okx.com/api/v5/market/candles?instId=QTUM-USDT-SWAP&bar=5m&limit=71 "HTTP/2 200 OK"
2026-03-16 16:03:56,153 | INFO | HTTP Request: GET https://www.okx.com/api/v5/market/candles?instId=RAVE-USDT-SWAP&bar=5m&limit=71 "HTTP/2 200 OK"
2026-03-16 16:03:56,189 | INFO | HTTP Request: GET https://www.okx.com/api/v5/market/ticker?instId=MAGIC-USDT-SWAP "HTTP/2 200 OK"
2026-03-16 16:03:56,518 | INFO | HTTP Request: GET https://www.okx.com/api/v5/market/candles?instId=RESOLV-USDT-SWAP&bar=5m&limit=71 "HTTP/2 200 OK"
2026-03-16 16:03:56,668 | INFO | HTTP Request: GET https://www.okx.com/api/v5/market/ticker?instId=MAJOR-USDT-SWAP "HTTP/2 200 OK"
2026-03-16 16:03:56,875 | INFO | HTTP Request: GET https://www.okx.com/api/v5/market/candles?instId=ROBO-USDT-SWAP&bar=5m&limit=71 "HTTP/2 200 OK"
2026-03-16 16:03:57,149 | INFO | HTTP Request: GET https://www.okx.com/api/v5/market/ticker?instId=MASK-USDT-SWAP "HTTP/2 200 OK"
2026-03-16 16:03:57,525 | INFO | HTTP Request: GET https://www.okx.com/api/v5/market/candles?instId=SAND-USDT-SWAP&bar=5m&limit=71 "HTTP/2 200 OK"
2026-03-16 16:03:57,629 | INFO | HTTP Request: GET https://www.okx.com/api/v5/market/ticker?instId=MET-USDT-SWAP "HTTP/2 200 OK"
2026-03-16 16:03:57,883 | INFO | HTTP Request: GET https://www.okx.com/api/v5/market/candles?instId=SCR-USDT-SWAP&bar=5m&limit=71 "HTTP/2 200 OK"
2026-03-16 16:03:58,046 | INFO | HTTP Request: GET https://www.okx.com/api/v5/account/balance "HTTP/2 200 OK"
2026-03-16 16:03:58,125 | INFO | HTTP Request: GET https://www.okx.com/api/v5/market/ticker?instId=MINA-USDT-SWAP "HTTP/2 200 OK"
2026-03-16 16:03:58,245 | INFO | HTTP Request: GET https://www.okx.com/api/v5/market/candles?instId=SHIB-USDT-SWAP&bar=5m&limit=71 "HTTP/2 200 OK"
2026-03-16 16:03:58,610 | INFO | HTTP Request: GET https://www.okx.com/api/v5/market/ticker?instId=MKR-USDT-SWAP "HTTP/2 200 OK"
2026-03-16 16:03:58,980 | INFO | HTTP Request: GET https://www.okx.com/api/v5/market/candles?instId=SKY-USDT-SWAP&bar=5m&limit=71 "HTTP/2 200 OK"
2026-03-16 16:03:59,089 | INFO | HTTP Request: GET https://www.okx.com/api/v5/market/ticker?instId=MUBARAK-USDT-SWAP "HTTP/2 200 OK"
2026-03-16 16:03:59,333 | INFO | HTTP Request: GET https://www.okx.com/api/v5/market/candles?instId=SOL-USDT-SWAP&bar=5m&limit=71 "HTTP/2 200 OK"
2026-03-16 16:03:59,587 | INFO | HTTP Request: GET https://www.okx.com/api/v5/market/ticker?instId=NEAR-USDT-SWAP "HTTP/2 200 OK"
2026-03-16 16:03:59,697 | INFO | HTTP Request: GET https://www.okx.com/api/v5/market/candles?instId=SOLV-USDT-SWAP&bar=5m&limit=71 "HTTP/2 200 OK"
2026-03-16 16:04:00,064 | INFO | HTTP Request: GET https://www.okx.com/api/v5/market/candles?instId=SPK-USDT-SWAP&bar=5m&limit=71 "HTTP/2 200 OK"
2026-03-16 16:04:00,075 | INFO | HTTP Request: GET https://www.okx.com/api/v5/market/ticker?instId=NEO-USDT-SWAP "HTTP/2 200 OK"
2026-03-16 16:04:00,223 | INFO | HTTP Request: GET https://www.okx.com/api/v5/market/candles?instId=BTC-USDT-SWAP&bar=5m&limit=64 "HTTP/2 200 OK"
2026-03-16 16:04:00,494 | INFO | HTTP Request: GET https://www.okx.com/api/v5/market/candles?instId=STRK-USDT-SWAP&bar=5m&limit=71 "HTTP/2 200 OK"
2026-03-16 16:04:00,709 | INFO | HTTP Request: GET https://www.okx.com/api/v5/market/ticker?instId=NOT-USDT-SWAP "HTTP/2 200 OK"
2026-03-16 16:04:00,850 | INFO | HTTP Request: GET https://www.okx.com/api/v5/market/candles?instId=SUI-USDT-SWAP&bar=5m&limit=71 "HTTP/2 200 OK"
2026-03-16 16:04:01,210 | INFO | HTTP Request: GET https://www.okx.com/api/v5/market/candles?instId=SUSHI-USDT-SWAP&bar=5m&limit=71 "HTTP/2 200 OK"
2026-03-16 16:04:01,315 | INFO | HTTP Request: GET https://www.okx.com/api/v5/market/ticker?instId=PEPE-USDT-SWAP "HTTP/2 200 OK"
2026-03-16 16:04:01,576 | INFO | HTTP Request: GET https://www.okx.com/api/v5/market/candles?instId=SYRUP-USDT-SWAP&bar=5m&limit=71 "HTTP/2 200 OK"
2026-03-16 16:04:01,806 | INFO | HTTP Request: GET https://www.okx.com/api/v5/market/ticker?instId=PIGGY-USDT-SWAP "HTTP/2 200 OK"
2026-03-16 16:04:02,173 | INFO | HTTP Request: GET https://www.okx.com/api/v5/market/candles?instId=TEST1234-USDT-SWAP&bar=5m&limit=71 "HTTP/2 200 OK"
2026-03-16 16:04:02,295 | INFO | HTTP Request: GET https://www.okx.com/api/v5/market/ticker?instId=QTUM-USDT-SWAP "HTTP/2 200 OK"
2026-03-16 16:04:02,533 | INFO | HTTP Request: GET https://www.okx.com/api/v5/market/candles?instId=TEST3103-USDT-SWAP&bar=5m&limit=71 "HTTP/2 200 OK"
2026-03-16 16:04:02,783 | INFO | HTTP Request: GET https://www.okx.com/api/v5/market/ticker?instId=RAVE-USDT-SWAP "HTTP/2 200 OK"
2026-03-16 16:04:02,911 | INFO | HTTP Request: GET https://www.okx.com/api/v5/market/candles?instId=TEST3110-USDT-SWAP&bar=5m&limit=71 "HTTP/2 200 OK"
2026-03-16 16:04:03,276 | INFO | HTTP Request: GET https://www.okx.com/api/v5/market/ticker?instId=RESOLV-USDT-SWAP "HTTP/2 200 OK"
2026-03-16 16:04:03,279 | INFO | HTTP Request: GET https://www.okx.com/api/v5/market/candles?instId=THETA-USDT-SWAP&bar=5m&limit=71 "HTTP/2 200 OK"
2026-03-16 16:04:03,372 | INFO | HTTP Request: GET https://www.okx.com/api/v5/account/balance "HTTP/2 200 OK"
2026-03-16 16:04:03,644 | INFO | HTTP Request: GET https://www.okx.com/api/v5/market/candles?instId=TON-USDT-SWAP&bar=5m&limit=71 "HTTP/2 200 OK"
2026-03-16 16:04:03,762 | INFO | HTTP Request: GET https://www.okx.com/api/v5/market/ticker?instId=ROBO-USDT-SWAP "HTTP/2 200 OK"
2026-03-16 16:04:04,009 | INFO | HTTP Request: GET https://www.okx.com/api/v5/market/candles?instId=TRIA-USDT-SWAP&bar=5m&limit=71 "HTTP/2 200 OK"
2026-03-16 16:04:04,242 | INFO | HTTP Request: GET https://www.okx.com/api/v5/market/ticker?instId=SAND-USDT-SWAP "HTTP/2 200 OK"
2026-03-16 16:04:04,368 | INFO | HTTP Request: GET https://www.okx.com/api/v5/market/candles?instId=TRX-USDT-SWAP&bar=5m&limit=71 "HTTP/2 200 OK"
2026-03-16 16:04:04,731 | INFO | HTTP Request: GET https://www.okx.com/api/v5/market/ticker?instId=SCR-USDT-SWAP "HTTP/2 200 OK"
2026-03-16 16:04:05,097 | INFO | HTTP Request: GET https://www.okx.com/api/v5/market/candles?instId=TSLA-USDT-SWAP&bar=5m&limit=71 "HTTP/2 200 OK"
2026-03-16 16:04:05,228 | INFO | HTTP Request: GET https://www.okx.com/api/v5/market/ticker?instId=SHIB-USDT-SWAP "HTTP/2 200 OK"
2026-03-16 16:04:05,519 | INFO | HTTP Request: GET https://www.okx.com/api/v5/market/candles?instId=XAU-USDT-SWAP&bar=5m&limit=71 "HTTP/2 200 OK"
2026-03-16 16:04:05,710 | INFO | HTTP Request: GET https://www.okx.com/api/v5/market/ticker?instId=SKY-USDT-SWAP "HTTP/2 200 OK"
2026-03-16 16:04:05,883 | INFO | HTTP Request: GET https://www.okx.com/api/v5/market/candles?instId=XLM-USDT-SWAP&bar=5m&limit=71 "HTTP/2 200 OK"
2026-03-16 16:04:06,205 | INFO | HTTP Request: GET https://www.okx.com/api/v5/market/ticker?instId=SOL-USDT-SWAP "HTTP/2 200 OK"
2026-03-16 16:04:06,247 | INFO | HTTP Request: GET https://www.okx.com/api/v5/market/candles?instId=XPL-USDT-SWAP&bar=5m&limit=71 "HTTP/2 200 OK"
2026-03-16 16:04:06,489 | INFO | HTTP Request: GET https://www.okx.com/api/v5/market/candles?instId=BTC-USDT-SWAP&bar=5m&limit=64 "HTTP/2 200 OK"
2026-03-16 16:04:06,609 | INFO | HTTP Request: GET https://www.okx.com/api/v5/market/candles?instId=XRP-USDT-SWAP&bar=5m&limit=71 "HTTP/2 200 OK"
2026-03-16 16:04:06,724 | INFO | HTTP Request: GET https://www.okx.com/api/v5/market/ticker?instId=SOLV-USDT-SWAP "HTTP/2 200 OK"
2026-03-16 16:04:06,979 | INFO | HTTP Request: GET https://www.okx.com/api/v5/market/candles?instId=XSR-USDT-SWAP&bar=5m&limit=71 "HTTP/2 200 OK"
2026-03-16 16:04:07,205 | INFO | HTTP Request: GET https://www.okx.com/api/v5/market/ticker?instId=SPK-USDT-SWAP "HTTP/2 200 OK"
2026-03-16 16:04:07,567 | INFO | HTTP Request: GET https://www.okx.com/api/v5/market/candles?instId=XTZ-USDT-SWAP&bar=5m&limit=71 "HTTP/2 200 OK"
2026-03-16 16:04:07,690 | INFO | HTTP Request: GET https://www.okx.com/api/v5/market/ticker?instId=STRK-USDT-SWAP "HTTP/2 200 OK"
2026-03-16 16:04:08,064 | INFO | HTTP Request: GET https://www.okx.com/api/v5/market/candles?instId=YB-USDT-SWAP&bar=5m&limit=71 "HTTP/2 200 OK"
2026-03-16 16:04:08,174 | INFO | HTTP Request: GET https://www.okx.com/api/v5/market/ticker?instId=SUI-USDT-SWAP "HTTP/2 200 OK"
2026-03-16 16:04:08,428 | INFO | HTTP Request: GET https://www.okx.com/api/v5/market/candles?instId=YFI-USDT-SWAP&bar=5m&limit=71 "HTTP/2 200 OK"
2026-03-16 16:04:08,674 | INFO | HTTP Request: GET https://www.okx.com/api/v5/market/ticker?instId=SUSHI-USDT-SWAP "HTTP/2 200 OK"
2026-03-16 16:04:08,784 | INFO | HTTP Request: GET https://www.okx.com/api/v5/market/candles?instId=YGG-USDT-SWAP&bar=5m&limit=71 "HTTP/2 200 OK"
2026-03-16 16:04:08,810 | INFO | HTTP Request: GET https://www.okx.com/api/v5/account/balance "HTTP/2 200 OK"
2026-03-16 16:04:09,145 | INFO | HTTP Request: GET https://www.okx.com/api/v5/market/candles?instId=ZAMA-USDT-SWAP&bar=5m&limit=71 "HTTP/2 200 OK"
2026-03-16 16:04:09,149 | INFO | HTTP Request: GET https://www.okx.com/api/v5/market/ticker?instId=SYRUP-USDT-SWAP "HTTP/2 200 OK"
2026-03-16 16:04:09,504 | INFO | HTTP Request: GET https://www.okx.com/api/v5/market/candles?instId=ZBCN-USDT-SWAP&bar=5m&limit=71 "HTTP/2 200 OK"
2026-03-16 16:04:09,632 | INFO | HTTP Request: GET https://www.okx.com/api/v5/market/ticker?instId=TEST1234-USDT-SWAP "HTTP/2 200 OK"
2026-03-16 16:04:09,867 | INFO | HTTP Request: GET https://www.okx.com/api/v5/market/candles?instId=ZETA-USDT-SWAP&bar=5m&limit=71 "HTTP/2 200 OK"
2026-03-16 16:04:10,114 | INFO | HTTP Request: GET https://www.okx.com/api/v5/market/ticker?instId=TEST3103-USDT-SWAP "HTTP/2 200 OK"
2026-03-16 16:04:10,487 | INFO | HTTP Request: GET https://www.okx.com/api/v5/market/candles?instId=ZIL-USDT-SWAP&bar=5m&limit=71 "HTTP/2 200 OK"
2026-03-16 16:04:10,600 | INFO | HTTP Request: GET https://www.okx.com/api/v5/market/ticker?instId=TEST3110-USDT-SWAP "HTTP/2 200 OK"
2026-03-16 16:04:10,855 | INFO | HTTP Request: GET https://www.okx.com/api/v5/market/candles?instId=XAG-USDT-SWAP&bar=5m&limit=26 "HTTP/2 200 OK"
2026-03-16 16:04:11,076 | INFO | HTTP Request: GET https://www.okx.com/api/v5/market/ticker?instId=THETA-USDT-SWAP "HTTP/2 200 OK"
2026-03-16 16:04:11,215 | INFO | HTTP Request: GET https://www.okx.com/api/v5/market/ticker?instId=XAG-USDT-SWAP "HTTP/2 200 OK"
2026-03-16 16:04:11,559 | INFO | HTTP Request: GET https://www.okx.com/api/v5/market/ticker?instId=TON-USDT-SWAP "HTTP/2 200 OK"
2026-03-16 16:04:11,636 | INFO | HTTP Request: GET https://www.okx.com/api/v5/trade/orders-algo-pending?ordType=conditional&instType=SWAP&instId=XAG-USDT-SWAP "HTTP/2 200 OK"
2026-03-16 16:04:12,000 | INFO | HTTP Request: GET https://www.okx.com/api/v5/trade/orders-algo-pending?ordType=oco&instType=SWAP&instId=XAG-USDT-SWAP "HTTP/2 200 OK"
2026-03-16 16:04:12,038 | INFO | HTTP Request: GET https://www.okx.com/api/v5/market/ticker?instId=TRIA-USDT-SWAP "HTTP/2 200 OK"
2026-03-16 16:04:12,375 | INFO | HTTP Request: GET https://www.okx.com/api/v5/trade/orders-algo-pending?ordType=trigger&instType=SWAP&instId=XAG-USDT-SWAP "HTTP/2 200 OK"
2026-03-16 16:04:12,728 | INFO | HTTP Request: GET https://www.okx.com/api/v5/market/candles?instId=BTC-USDT-SWAP&bar=5m&limit=64 "HTTP/2 200 OK"
2026-03-16 16:04:12,747 | INFO | HTTP Request: GET https://www.okx.com/api/v5/trade/orders-algo-pending?ordType=move_order_stop&instType=SWAP&instId=XAG-USDT-SWAP "HTTP/2 200 OK"
2026-03-16 16:04:13,108 | INFO | HTTP Request: GET https://www.okx.com/api/v5/trade/orders-algo-pending?ordType=iceberg&instType=SWAP&instId=XAG-USDT-SWAP "HTTP/2 200 OK"
2026-03-16 16:04:13,364 | INFO | HTTP Request: GET https://www.okx.com/api/v5/market/ticker?instId=XTZ-USDT-SWAP "HTTP/2 200 OK"
2026-03-16 16:04:13,474 | INFO | HTTP Request: GET https://www.okx.com/api/v5/trade/orders-algo-pending?ordType=twap&instType=SWAP&instId=XAG-USDT-SWAP "HTTP/2 200 OK"
2026-03-16 16:04:13,837 | INFO | HTTP Request: GET https://www.okx.com/api/v5/market/ticker?instId=YB-USDT-SWAP "HTTP/2 200 OK"
2026-03-16 16:04:13,839 | INFO | HTTP Request: GET https://www.okx.com/api/v5/trade/orders-algo-pending?ordType=chase&instType=SWAP&instId=XAG-USDT-SWAP "HTTP/2 200 OK"
2026-03-16 16:04:14,147 | INFO | HTTP Request: GET https://www.okx.com/api/v5/account/balance "HTTP/2 200 OK"
2026-03-16 16:04:14,210 | INFO | HTTP Request: POST https://www.okx.com/api/v5/trade/cancel-algos "HTTP/2 200 OK"
2026-03-16 16:04:14,211 | INFO | Closing position XAG-USDT-SWAP. Защита тренда: откат от пика 1.03R → 0.17R
2026-03-16 16:04:14,378 | INFO | HTTP Request: GET https://www.okx.com/api/v5/market/ticker?instId=YFI-USDT-SWAP "HTTP/2 200 OK"
2026-03-16 16:04:14,573 | INFO | HTTP Request: POST https://www.okx.com/api/v5/trade/close-position "HTTP/2 200 OK"
2026-03-16 16:04:14,573 | WARNING | Failed to load json context : [Errno 13] Permission denied: '.'
2026-03-16 16:04:14,864 | INFO | HTTP Request: GET https://www.okx.com/api/v5/market/ticker?instId=YGG-USDT-SWAP "HTTP/2 200 OK"
2026-03-16 16:04:14,936 | INFO | HTTP Request: GET https://www.okx.com/api/v5/market/candles?instId=XAG-USDT-SWAP&bar=5m&limit=97 "HTTP/2 200 OK"
2026-03-16 16:04:15,296 | INFO | HTTP Request: GET https://www.okx.com/api/v5/market/candles?instId=ETC-USDT-SWAP&bar=5m&limit=26 "HTTP/2 200 OK"
2026-03-16 16:04:15,351 | INFO | HTTP Request: GET https://www.okx.com/api/v5/market/ticker?instId=ZAMA-USDT-SWAP "HTTP/2 200 OK"
2026-03-16 16:04:15,659 | INFO | HTTP Request: GET https://www.okx.com/api/v5/market/ticker?instId=ETC-USDT-SWAP "HTTP/2 200 OK"
2026-03-16 16:04:16,018 | INFO | HTTP Request: GET https://www.okx.com/api/v5/trade/orders-algo-pending?ordType=conditional&instType=SWAP&instId=ETC-USDT-SWAP "HTTP/2 200 OK"
2026-03-16 16:04:16,165 | INFO | HTTP Request: GET https://www.okx.com/api/v5/market/ticker?instId=ZBCN-USDT-SWAP "HTTP/2 200 OK"
2026-03-16 16:04:16,379 | INFO | HTTP Request: GET https://www.okx.com/api/v5/trade/orders-algo-pending?ordType=oco&instType=SWAP&instId=ETC-USDT-SWAP "HTTP/2 200 OK"
2026-03-16 16:04:16,644 | INFO | HTTP Request: GET https://www.okx.com/api/v5/market/ticker?instId=ZETA-USDT-SWAP "HTTP/2 200 OK"
2026-03-16 16:04:16,745 | INFO | HTTP Request: GET https://www.okx.com/api/v5/trade/orders-algo-pending?ordType=trigger&instType=SWAP&instId=ETC-USDT-SWAP "HTTP/2 200 OK"
2026-03-16 16:04:17,116 | INFO | HTTP Request: GET https://www.okx.com/api/v5/trade/orders-algo-pending?ordType=move_order_stop&instType=SWAP&instId=ETC-USDT-SWAP "HTTP/2 200 OK"
2026-03-16 16:04:17,136 | INFO | HTTP Request: GET https://www.okx.com/api/v5/market/ticker?instId=ZIL-USDT-SWAP "HTTP/2 200 OK"
2026-03-16 16:04:17,490 | INFO | HTTP Request: GET https://www.okx.com/api/v5/trade/orders-algo-pending?ordType=iceberg&instType=SWAP&instId=ETC-USDT-SWAP "HTTP/2 200 OK"
2026-03-16 16:04:17,733 | INFO | HTTP Request: GET https://www.okx.com/api/v5/market/ticker?instId=BNB-USDT-SWAP "HTTP/2 200 OK"
2026-03-16 16:04:17,867 | INFO | HTTP Request: GET https://www.okx.com/api/v5/trade/orders-algo-pending?ordType=twap&instType=SWAP&instId=ETC-USDT-SWAP "HTTP/2 200 OK"
2026-03-16 16:04:18,094 | INFO | HTTP Request: GET https://www.okx.com/api/v5/market/candles?instId=BNB-USDT-SWAP&bar=5m&limit=89 "HTTP/2 200 OK"
2026-03-16 16:04:18,232 | INFO | HTTP Request: GET https://www.okx.com/api/v5/trade/orders-algo-pending?ordType=chase&instType=SWAP&instId=ETC-USDT-SWAP "HTTP/2 200 OK"
2026-03-16 16:04:18,589 | INFO | HTTP Request: GET https://www.okx.com/api/v5/market/ticker?instId=CRO-USDT-SWAP "HTTP/2 200 OK"
2026-03-16 16:04:18,600 | INFO | HTTP Request: GET https://www.okx.com/api/v5/trade/orders-algo-pending?ordType=conditional&instType=SWAP&instId=BNB-USDT-SWAP "HTTP/2 200 OK"
2026-03-16 16:04:18,956 | INFO | HTTP Request: GET https://www.okx.com/api/v5/market/candles?instId=CRO-USDT-SWAP&bar=5m&limit=89 "HTTP/2 200 OK"
2026-03-16 16:04:18,966 | INFO | HTTP Request: GET https://www.okx.com/api/v5/trade/orders-algo-pending?ordType=oco&instType=SWAP&instId=BNB-USDT-SWAP "HTTP/2 200 OK"
2026-03-16 16:04:18,984 | INFO | HTTP Request: GET https://www.okx.com/api/v5/market/candles?instId=BTC-USDT-SWAP&bar=5m&limit=64 "HTTP/2 200 OK"
2026-03-16 16:04:19,360 | INFO | HTTP Request: GET https://www.okx.com/api/v5/trade/orders-algo-pending?ordType=trigger&instType=SWAP&instId=BNB-USDT-SWAP "HTTP/2 200 OK"
2026-03-16 16:04:19,434 | INFO | HTTP Request: GET https://www.okx.com/api/v5/market/ticker?instId=BREV-USDT-SWAP "HTTP/2 200 OK"
2026-03-16 16:04:19,574 | INFO | HTTP Request: GET https://www.okx.com/api/v5/account/balance "HTTP/2 200 OK"
2026-03-16 16:04:19,723 | INFO | HTTP Request: GET https://www.okx.com/api/v5/trade/orders-algo-pending?ordType=move_order_stop&instType=SWAP&instId=BNB-USDT-SWAP "HTTP/2 200 OK"
2026-03-16 16:04:19,810 | INFO | HTTP Request: GET https://www.okx.com/api/v5/market/candles?instId=BREV-USDT-SWAP&bar=5m&limit=89 "HTTP/2 200 OK"
2026-03-16 16:04:20,086 | INFO | HTTP Request: GET https://www.okx.com/api/v5/trade/orders-algo-pending?ordType=iceberg&instType=SWAP&instId=BNB-USDT-SWAP "HTTP/2 200 OK"
2026-03-16 16:04:20,298 | INFO | HTTP Request: GET https://www.okx.com/api/v5/market/ticker?instId=1INCH-USDT-SWAP "HTTP/2 200 OK"
2026-03-16 16:04:20,454 | INFO | HTTP Request: GET https://www.okx.com/api/v5/trade/orders-algo-pending?ordType=twap&instType=SWAP&instId=BNB-USDT-SWAP "HTTP/2 200 OK"
2026-03-16 16:04:20,677 | INFO | HTTP Request: GET https://www.okx.com/api/v5/market/candles?instId=1INCH-USDT-SWAP&bar=5m&limit=89 "HTTP/2 200 OK"
2026-03-16 16:04:20,809 | INFO | HTTP Request: GET https://www.okx.com/api/v5/trade/orders-algo-pending?ordType=chase&instType=SWAP&instId=BNB-USDT-SWAP "HTTP/2 200 OK"
2026-03-16 16:04:20,812 | INFO | Closing position CRO-USDT-SWAP. Локальный защитный выход 2.0N
2026-03-16 16:04:21,167 | INFO | HTTP Request: GET https://www.okx.com/api/v5/market/ticker?instId=2Z-USDT-SWAP "HTTP/2 200 OK"
2026-03-16 16:04:21,187 | INFO | HTTP Request: POST https://www.okx.com/api/v5/trade/close-position "HTTP/2 200 OK"
2026-03-16 16:04:21,188 | WARNING | Failed to load json context : [Errno 13] Permission denied: '.'
2026-03-16 16:04:21,540 | INFO | HTTP Request: GET https://www.okx.com/api/v5/market/candles?instId=2Z-USDT-SWAP&bar=5m&limit=89 "HTTP/2 200 OK"
2026-03-16 16:04:21,551 | INFO | HTTP Request: GET https://www.okx.com/api/v5/market/candles?instId=CRO-USDT-SWAP&bar=5m&limit=97 "HTTP/2 200 OK"
2026-03-16 16:04:21,555 | INFO | Placing exchange stop BREV-USDT-SWAP long payload={'instId': 'BREV-USDT-SWAP', 'tdMode': 'isolated', 'side': 'sell', 'posSide': 'net', 'ordType': 'conditional', 'sz': '120000', 'slTriggerPx': '1.008904996667', 'slOrdPx': '-1'}
2026-03-16 16:04:21,919 | INFO | HTTP Request: POST https://www.okx.com/api/v5/trade/order-algo "HTTP/2 200 OK"
2026-03-16 16:04:22,026 | INFO | HTTP Request: GET https://www.okx.com/api/v5/market/ticker?instId=A-USDT-SWAP "HTTP/2 200 OK"
2026-03-16 16:04:22,290 | INFO | HTTP Request: POST https://www.okx.com/api/v5/trade/cancel-algos "HTTP/2 200 OK"
2026-03-16 16:04:22,291 | INFO | Closing position BREV-USDT-SWAP. Защита тренда: откат от пика 21695003333.33R → 3695003333.33R
2026-03-16 16:04:22,392 | INFO | HTTP Request: GET https://www.okx.com/api/v5/market/candles?instId=A-USDT-SWAP&bar=5m&limit=89 "HTTP/2 200 OK"
2026-03-16 16:04:22,654 | INFO | HTTP Request: POST https://www.okx.com/api/v5/trade/close-position "HTTP/2 200 OK"
2026-03-16 16:04:22,655 | WARNING | Failed to load json context : [Errno 13] Permission denied: '.'
2026-03-16 16:04:22,878 | INFO | HTTP Request: GET https://www.okx.com/api/v5/market/ticker?instId=AAVE-USDT-SWAP "HTTP/2 200 OK"
2026-03-16 16:04:23,027 | INFO | HTTP Request: GET https://www.okx.com/api/v5/market/candles?instId=BREV-USDT-SWAP&bar=5m&limit=97 "HTTP/2 200 OK"
2026-03-16 16:04:23,245 | INFO | HTTP Request: GET https://www.okx.com/api/v5/market/candles?instId=AAVE-USDT-SWAP&bar=5m&limit=89 "HTTP/2 200 OK"
2026-03-16 16:04:23,382 | INFO | HTTP Request: GET https://www.okx.com/api/v5/market/candles?instId=BTC-USDT-SWAP&bar=5m&limit=64 "HTTP/2 200 OK"
2026-03-16 16:04:23,747 | INFO | HTTP Request: GET https://www.okx.com/api/v5/market/ticker?instId=ACT-USDT-SWAP "HTTP/2 200 OK"
2026-03-16 16:04:24,110 | INFO | HTTP Request: GET https://www.okx.com/api/v5/market/candles?instId=ACT-USDT-SWAP&bar=5m&limit=89 "HTTP/2 200 OK"
2026-03-16 16:04:24,588 | INFO | HTTP Request: GET https://www.okx.com/api/v5/market/ticker?instId=ADA-USDT-SWAP "HTTP/2 200 OK"
2026-03-16 16:04:24,891 | INFO | HTTP Request: GET https://www.okx.com/api/v5/account/balance "HTTP/2 200 OK"
2026-03-16 16:04:24,966 | INFO | HTTP Request: GET https://www.okx.com/api/v5/market/candles?instId=ADA-USDT-SWAP&bar=5m&limit=89 "HTTP/2 200 OK"
2026-03-16 16:04:25,467 | INFO | HTTP Request: GET https://www.okx.com/api/v5/market/ticker?instId=AI16Z-USDT-SWAP "HTTP/2 200 OK"
2026-03-16 16:04:25,844 | INFO | HTTP Request: GET https://www.okx.com/api/v5/market/candles?instId=AI16Z-USDT-SWAP&bar=5m&limit=89 "HTTP/2 200 OK"
2026-03-16 16:04:26,328 | INFO | HTTP Request: GET https://www.okx.com/api/v5/market/ticker?instId=AKITA-USDT-SWAP "HTTP/2 200 OK"
2026-03-16 16:04:26,707 | INFO | HTTP Request: GET https://www.okx.com/api/v5/market/candles?instId=AKITA-USDT-SWAP&bar=5m&limit=89 "HTTP/2 200 OK"
2026-03-16 16:04:27,209 | INFO | HTTP Request: GET https://www.okx.com/api/v5/market/ticker?instId=ALGO-USDT-SWAP "HTTP/2 200 OK"
2026-03-16 16:04:27,580 | INFO | HTTP Request: GET https://www.okx.com/api/v5/market/candles?instId=ALGO-USDT-SWAP&bar=5m&limit=89 "HTTP/2 200 OK"
2026-03-16 16:04:28,060 | INFO | HTTP Request: GET https://www.okx.com/api/v5/market/ticker?instId=ARB-USDT-SWAP "HTTP/2 200 OK"
2026-03-16 16:04:28,486 | INFO | HTTP Request: GET https://www.okx.com/api/v5/market/ticker?instId=ASP-USDT-SWAP "HTTP/2 200 OK"
2026-03-16 16:04:28,696 | INFO | HTTP Request: GET https://www.okx.com/api/v5/account/positions?instType=SWAP "HTTP/2 200 OK"
2026-03-16 16:04:28,785 | INFO | HTTP Request: GET https://www.okx.com/api/v5/market/candles?instId=ASP-USDT-SWAP&bar=5m&limit=89 "HTTP/2 200 OK"
2026-03-16 16:04:28,993 | INFO | HTTP Request: GET https://www.okx.com/api/v5/market/candles?instId=CRO-USDT-SWAP&bar=5m&limit=26 "HTTP/2 200 OK"
2026-03-16 16:04:29,141 | INFO | HTTP Request: GET https://www.okx.com/api/v5/market/ticker?instId=ASTER-USDT-SWAP "HTTP/2 200 OK"
2026-03-16 16:04:29,241 | INFO | HTTP Request: GET https://www.okx.com/api/v5/market/candles?instId=BREV-USDT-SWAP&bar=5m&limit=26 "HTTP/2 200 OK"
2026-03-16 16:04:29,437 | INFO | HTTP Request: GET https://www.okx.com/api/v5/market/candles?instId=ASTER-USDT-SWAP&bar=5m&limit=89 "HTTP/2 200 OK"
2026-03-16 16:04:29,766 | INFO | HTTP Request: GET https://www.okx.com/api/v5/market/candles?instId=1INCH-USDT-SWAP&bar=5m&limit=71 "HTTP/2 200 OK"
2026-03-16 16:04:29,853 | INFO | HTTP Request: GET https://www.okx.com/api/v5/market/ticker?instId=ATOM-USDT-SWAP "HTTP/2 200 OK"
2026-03-16 16:04:30,000 | INFO | HTTP Request: GET https://www.okx.com/api/v5/market/candles?instId=2Z-USDT-SWAP&bar=5m&limit=71 "HTTP/2 200 OK"
2026-03-16 16:04:30,146 | INFO | HTTP Request: GET https://www.okx.com/api/v5/account/balance "HTTP/2 200 OK"
2026-03-16 16:04:30,249 | INFO | HTTP Request: GET https://www.okx.com/api/v5/market/candles?instId=ATOM-USDT-SWAP&bar=5m&limit=89 "HTTP/2 200 OK"
2026-03-16 16:04:30,551 | INFO | HTTP Request: GET https://www.okx.com/api/v5/market/candles?instId=A-USDT-SWAP&bar=5m&limit=71 "HTTP/2 200 OK"
2026-03-16 16:04:30,677 | INFO | HTTP Request: GET https://www.okx.com/api/v5/market/ticker?instId=AUCTION-USDT-SWAP "HTTP/2 200 OK"
2026-03-16 16:04:30,886 | INFO | HTTP Request: GET https://www.okx.com/api/v5/market/candles?instId=AAVE-USDT-SWAP&bar=5m&limit=71 "HTTP/2 200 OK"
2026-03-16 16:04:31,193 | INFO | HTTP Request: GET https://www.okx.com/api/v5/market/candles?instId=AUCTION-USDT-SWAP&bar=5m&limit=89 "HTTP/2 200 OK"
2026-03-16 16:04:31,369 | INFO | HTTP Request: GET https://www.okx.com/api/v5/market/candles?instId=BTC-USDT-SWAP&bar=5m&limit=64 "HTTP/2 200 OK"
2026-03-16 16:04:31,447 | INFO | HTTP Request: GET https://www.okx.com/api/v5/market/candles?instId=ACT-USDT-SWAP&bar=5m&limit=71 "HTTP/2 200 OK"
2026-03-16 16:04:31,614 | INFO | HTTP Request: GET https://www.okx.com/api/v5/market/ticker?instId=AVAX-USDT-SWAP "HTTP/2 200 OK"
2026-03-16 16:04:31,690 | INFO | HTTP Request: GET https://www.okx.com/api/v5/market/candles?instId=ADA-USDT-SWAP&bar=5m&limit=71 "HTTP/2 200 OK"
2026-03-16 16:04:31,864 | INFO | HTTP Request: GET https://www.okx.com/api/v5/market/candles?instId=AVAX-USDT-SWAP&bar=5m&limit=89 "HTTP/2 200 OK"
2026-03-16 16:04:31,994 | INFO | HTTP Request: GET https://www.okx.com/api/v5/market/candles?instId=AI16Z-USDT-SWAP&bar=5m&limit=71 "HTTP/2 200 OK"
2026-03-16 16:04:32,226 | INFO | HTTP Request: GET https://www.okx.com/api/v5/market/candles?instId=AKITA-USDT-SWAP&bar=5m&limit=71 "HTTP/2 200 OK"
2026-03-16 16:04:32,284 | INFO | HTTP Request: GET https://www.okx.com/api/v5/market/ticker?instId=AXS-USDT-SWAP "HTTP/2 200 OK"
2026-03-16 16:04:32,531 | INFO | HTTP Request: GET https://www.okx.com/api/v5/market/candles?instId=AXS-USDT-SWAP&bar=5m&limit=89 "HTTP/2 200 OK"
2026-03-16 16:04:32,605 | INFO | HTTP Request: GET https://www.okx.com/api/v5/market/candles?instId=ALGO-USDT-SWAP&bar=5m&limit=71 "HTTP/2 200 OK"
2026-03-16 16:04:32,912 | INFO | HTTP Request: GET https://www.okx.com/api/v5/market/candles?instId=ARB-USDT-SWAP&bar=5m&limit=71 "HTTP/2 200 OK"
2026-03-16 16:04:33,012 | INFO | HTTP Request: GET https://www.okx.com/api/v5/market/ticker?instId=BAND-USDT-SWAP "HTTP/2 200 OK"
2026-03-16 16:04:33,160 | INFO | HTTP Request: GET https://www.okx.com/api/v5/market/candles?instId=ASP-USDT-SWAP&bar=5m&limit=71 "HTTP/2 200 OK"
2026-03-16 16:04:33,397 | INFO | HTTP Request: GET https://www.okx.com/api/v5/market/candles?instId=BAND-USDT-SWAP&bar=5m&limit=71 "HTTP/2 200 OK"
2026-03-16 16:04:33,536 | INFO | HTTP Request: GET https://www.okx.com/api/v5/market/candles?instId=BAND-USDT-SWAP&bar=5m&limit=89 "HTTP/2 200 OK"
2026-03-16 16:04:33,692 | INFO | HTTP Request: GET https://www.okx.com/api/v5/market/candles?instId=BCH-USDT-SWAP&bar=5m&limit=71 "HTTP/2 200 OK"
2026-03-16 16:04:33,906 | INFO | HTTP Request: GET https://www.okx.com/api/v5/market/ticker?instId=BCH-USDT-SWAP "HTTP/2 200 OK"
2026-03-16 16:04:33,943 | INFO | HTTP Request: GET https://www.okx.com/api/v5/market/candles?instId=BIO-USDT-SWAP&bar=5m&limit=71 "HTTP/2 200 OK"
2026-03-16 16:04:34,192 | INFO | HTTP Request: GET https://www.okx.com/api/v5/market/candles?instId=BLUAI-USDT-SWAP&bar=5m&limit=71 "HTTP/2 200 OK"
2026-03-16 16:04:34,212 | INFO | HTTP Request: GET https://www.okx.com/api/v5/market/candles?instId=BCH-USDT-SWAP&bar=5m&limit=89 "HTTP/2 200 OK"
2026-03-16 16:04:34,504 | INFO | HTTP Request: GET https://www.okx.com/api/v5/market/candles?instId=BOME-USDT-SWAP&bar=5m&limit=71 "HTTP/2 200 OK"
2026-03-16 16:04:34,752 | INFO | HTTP Request: GET https://www.okx.com/api/v5/market/candles?instId=BRETT-USDT-SWAP&bar=5m&limit=71 "HTTP/2 200 OK"
2026-03-16 16:04:34,930 | INFO | HTTP Request: GET https://www.okx.com/api/v5/market/ticker?instId=BIO-USDT-SWAP "HTTP/2 200 OK"
2026-03-16 16:04:35,166 | INFO | HTTP Request: GET https://www.okx.com/api/v5/market/candles?instId=BTC-USDT-SWAP&bar=5m&limit=71 "HTTP/2 200 OK"
2026-03-16 16:04:35,307 | INFO | HTTP Request: GET https://www.okx.com/api/v5/market/ticker?instId=BLUAI-USDT-SWAP "HTTP/2 200 OK"
2026-03-16 16:04:35,465 | INFO | HTTP Request: GET https://www.okx.com/api/v5/market/candles?instId=CAT-USDT-SWAP&bar=5m&limit=71 "HTTP/2 200 OK"
2026-03-16 16:04:35,582 | INFO | HTTP Request: GET https://www.okx.com/api/v5/account/balance "HTTP/2 200 OK"
2026-03-16 16:04:35,703 | INFO | HTTP Request: GET https://www.okx.com/api/v5/market/candles?instId=CATI-USDT-SWAP&bar=5m&limit=71 "HTTP/2 200 OK"
2026-03-16 16:04:35,890 | INFO | HTTP Request: GET https://www.okx.com/api/v5/market/ticker?instId=BOME-USDT-SWAP "HTTP/2 200 OK"
2026-03-16 16:04:35,953 | INFO | HTTP Request: GET https://www.okx.com/api/v5/market/candles?instId=CELO-USDT-SWAP&bar=5m&limit=71 "HTTP/2 200 OK"
2026-03-16 16:04:36,280 | INFO | HTTP Request: GET https://www.okx.com/api/v5/market/candles?instId=CFX-USDT-SWAP&bar=5m&limit=71 "HTTP/2 200 OK"
2026-03-16 16:04:36,312 | INFO | HTTP Request: GET https://www.okx.com/api/v5/market/ticker?instId=BRETT-USDT-SWAP "HTTP/2 200 OK"
2026-03-16 16:04:36,598 | INFO | HTTP Request: GET https://www.okx.com/api/v5/market/ticker?instId=CFX-USDT-SWAP "HTTP/2 200 OK"
2026-03-16 16:04:36,599 | INFO | CFX-USDT-SWAP: Turtle 55 long-сигнал отклонён (закрытие не удержалось выше канала)
2026-03-16 16:04:36,599 | INFO | CFX-USDT-SWAP: Turtle 20 long-сигнал отклонён (закрытие не удержалось выше канала)
2026-03-16 16:04:36,846 | INFO | HTTP Request: GET https://www.okx.com/api/v5/market/candles?instId=CHZ-USDT-SWAP&bar=5m&limit=71 "HTTP/2 200 OK"
2026-03-16 16:04:37,012 | INFO | HTTP Request: GET https://www.okx.com/api/v5/market/ticker?instId=BTC-USDT-SWAP "HTTP/2 200 OK"
2026-03-16 16:04:37,093 | INFO | HTTP Request: GET https://www.okx.com/api/v5/market/candles?instId=COAI-USDT-SWAP&bar=5m&limit=71 "HTTP/2 200 OK"
2026-03-16 16:04:37,367 | INFO | HTTP Request: GET https://www.okx.com/api/v5/market/ticker?instId=CAT-USDT-SWAP "HTTP/2 200 OK"
2026-03-16 16:04:37,388 | INFO | HTTP Request: GET https://www.okx.com/api/v5/market/candles?instId=COMP-USDT-SWAP&bar=5m&limit=71 "HTTP/2 200 OK"
2026-03-16 16:04:37,639 | INFO | HTTP Request: GET https://www.okx.com/api/v5/market/candles?instId=CRV-USDT-SWAP&bar=5m&limit=71 "HTTP/2 200 OK"
2026-03-16 16:04:37,742 | INFO | HTTP Request: GET https://www.okx.com/api/v5/market/ticker?instId=CATI-USDT-SWAP "HTTP/2 200 OK"
2026-03-16 16:04:37,878 | INFO | HTTP Request: GET https://www.okx.com/api/v5/market/candles?instId=DOGE-USDT-SWAP&bar=5m&limit=71 "HTTP/2 200 OK"
2026-03-16 16:04:38,163 | INFO | HTTP Request: GET https://www.okx.com/api/v5/market/ticker?instId=CELO-USDT-SWAP "HTTP/2 200 OK"
2026-03-16 16:04:38,460 | INFO | HTTP Request: GET https://www.okx.com/api/v5/market/candles?instId=DOT-USDT-SWAP&bar=5m&limit=71 "HTTP/2 200 OK"
2026-03-16 16:04:38,654 | INFO | HTTP Request: GET https://www.okx.com/api/v5/market/ticker?instId=CHZ-USDT-SWAP "HTTP/2 200 OK"
2026-03-16 16:04:38,769 | INFO | HTTP Request: GET https://www.okx.com/api/v5/market/candles?instId=ENA-USDT-SWAP&bar=5m&limit=71 "HTTP/2 200 OK"
2026-03-16 16:04:39,066 | INFO | HTTP Request: GET https://www.okx.com/api/v5/market/candles?instId=EOS-USDT-SWAP&bar=5m&limit=71 "HTTP/2 200 OK"
2026-03-16 16:04:39,070 | INFO | HTTP Request: GET https://www.okx.com/api/v5/market/ticker?instId=COAI-USDT-SWAP "HTTP/2 200 OK"
2026-03-16 16:04:39,305 | INFO | HTTP Request: GET https://www.okx.com/api/v5/market/candles?instId=ETH-USDT-SWAP&bar=5m&limit=71 "HTTP/2 200 OK"
2026-03-16 16:04:39,424 | INFO | HTTP Request: GET https://www.okx.com/api/v5/market/ticker?instId=COMP-USDT-SWAP "HTTP/2 200 OK"
2026-03-16 16:04:39,660 | INFO | HTTP Request: GET https://www.okx.com/api/v5/market/candles?instId=ETHFI-USDT-SWAP&bar=5m&limit=71 "HTTP/2 200 OK"
2026-03-16 16:04:39,797 | INFO | HTTP Request: GET https://www.okx.com/api/v5/market/ticker?instId=CRV-USDT-SWAP "HTTP/2 200 OK"
2026-03-16 16:04:39,895 | INFO | HTTP Request: GET https://www.okx.com/api/v5/market/ticker?instId=ETHFI-USDT-SWAP "HTTP/2 200 OK"
2026-03-16 16:04:39,896 | INFO | ETHFI-USDT-SWAP: Turtle 55 long-сигнал отклонён (закрытие не удержалось выше канала)
2026-03-16 16:04:39,896 | INFO | ETHFI-USDT-SWAP: Turtle 20 long-сигнал отклонён (закрытие не удержалось выше канала)
2026-03-16 16:04:40,153 | INFO | HTTP Request: GET https://www.okx.com/api/v5/market/ticker?instId=DOGE-USDT-SWAP "HTTP/2 200 OK"
2026-03-16 16:04:40,199 | INFO | HTTP Request: GET https://www.okx.com/api/v5/market/candles?instId=ETHW-USDT-SWAP&bar=5m&limit=71 "HTTP/2 200 OK"
2026-03-16 16:04:40,521 | INFO | HTTP Request: GET https://www.okx.com/api/v5/market/candles?instId=FIL-USDT-SWAP&bar=5m&limit=71 "HTTP/2 200 OK"
2026-03-16 16:04:40,560 | INFO | HTTP Request: GET https://www.okx.com/api/v5/market/ticker?instId=DOT-USDT-SWAP "HTTP/2 200 OK"
2026-03-16 16:04:40,748 | INFO | HTTP Request: GET https://www.okx.com/api/v5/market/candles?instId=BTC-USDT-SWAP&bar=5m&limit=64 "HTTP/2 200 OK"
2026-03-16 16:04:40,815 | INFO | HTTP Request: GET https://www.okx.com/api/v5/market/candles?instId=FLOKI-USDT-SWAP&bar=5m&limit=71 "HTTP/2 200 OK"
2026-03-16 16:04:40,948 | INFO | HTTP Request: GET https://www.okx.com/api/v5/account/balance "HTTP/2 200 OK"
2026-03-16 16:04:41,115 | INFO | HTTP Request: GET https://www.okx.com/api/v5/market/candles?instId=GMT-USDT-SWAP&bar=5m&limit=71 "HTTP/2 200 OK"
2026-03-16 16:04:41,116 | INFO | HTTP Request: GET https://www.okx.com/api/v5/market/ticker?instId=ENA-USDT-SWAP "HTTP/2 200 OK"
2026-03-16 16:04:41,362 | INFO | HTTP Request: GET https://www.okx.com/api/v5/market/candles?instId=H-USDT-SWAP&bar=5m&limit=71 "HTTP/2 200 OK"
2026-03-16 16:04:41,533 | INFO | HTTP Request: GET https://www.okx.com/api/v5/market/ticker?instId=EOS-USDT-SWAP "HTTP/2 200 OK"
2026-03-16 16:04:41,596 | INFO | HTTP Request: GET https://www.okx.com/api/v5/market/candles?instId=HBAR-USDT-SWAP&bar=5m&limit=71 "HTTP/2 200 OK"
2026-03-16 16:04:41,845 | INFO | HTTP Request: GET https://www.okx.com/api/v5/market/candles?instId=HMSTR-USDT-SWAP&bar=5m&limit=71 "HTTP/2 200 OK"
2026-03-16 16:04:41,941 | INFO | HTTP Request: GET https://www.okx.com/api/v5/market/ticker?instId=ETH-USDT-SWAP "HTTP/2 200 OK"
2026-03-16 16:04:42,093 | INFO | HTTP Request: GET https://www.okx.com/api/v5/market/candles?instId=HOME-USDT-SWAP&bar=5m&limit=71 "HTTP/2 200 OK"
2026-03-16 16:04:42,326 | INFO | HTTP Request: GET https://www.okx.com/api/v5/market/candles?instId=ICP-USDT-SWAP&bar=5m&limit=71 "HTTP/2 200 OK"
2026-03-16 16:04:42,577 | INFO | HTTP Request: GET https://www.okx.com/api/v5/market/ticker?instId=ETHW-USDT-SWAP "HTTP/2 200 OK"
2026-03-16 16:04:42,628 | INFO | HTTP Request: GET https://www.okx.com/api/v5/market/candles?instId=IMX-USDT-SWAP&bar=5m&limit=71 "HTTP/2 200 OK"
2026-03-16 16:04:42,880 | INFO | HTTP Request: GET https://www.okx.com/api/v5/market/candles?instId=INJ-USDT-SWAP&bar=5m&limit=71 "HTTP/2 200 OK"
2026-03-16 16:04:42,932 | INFO | HTTP Request: GET https://www.okx.com/api/v5/market/ticker?instId=FIL-USDT-SWAP "HTTP/2 200 OK"
2026-03-16 16:04:43,131 | INFO | HTTP Request: GET https://www.okx.com/api/v5/market/candles?instId=IOTA-USDT-SWAP&bar=5m&limit=71 "HTTP/2 200 OK"
2026-03-16 16:04:43,456 | INFO | HTTP Request: GET https://www.okx.com/api/v5/market/candles?instId=JUP-USDT-SWAP&bar=5m&limit=71 "HTTP/2 200 OK"
2026-03-16 16:04:43,546 | INFO | HTTP Request: GET https://www.okx.com/api/v5/market/ticker?instId=FLOKI-USDT-SWAP "HTTP/2 200 OK"
2026-03-16 16:04:43,760 | INFO | HTTP Request: GET https://www.okx.com/api/v5/market/candles?instId=KAITO-USDT-SWAP&bar=5m&limit=71 "HTTP/2 200 OK"
2026-03-16 16:04:43,903 | INFO | HTTP Request: GET https://www.okx.com/api/v5/market/ticker?instId=GMT-USDT-SWAP "HTTP/2 200 OK"
2026-03-16 16:04:43,995 | INFO | HTTP Request: GET https://www.okx.com/api/v5/market/candles?instId=KSM-USDT-SWAP&bar=5m&limit=71 "HTTP/2 200 OK"
2026-03-16 16:04:44,250 | INFO | HTTP Request: GET https://www.okx.com/api/v5/market/candles?instId=LDO-USDT-SWAP&bar=5m&limit=71 "HTTP/2 200 OK"
2026-03-16 16:04:44,365 | INFO | HTTP Request: GET https://www.okx.com/api/v5/market/ticker?instId=H-USDT-SWAP "HTTP/2 200 OK"
2026-03-16 16:04:44,502 | INFO | HTTP Request: GET https://www.okx.com/api/v5/market/candles?instId=LINEA-USDT-SWAP&bar=5m&limit=71 "HTTP/2 200 OK"
2026-03-16 16:04:44,722 | INFO | HTTP Request: GET https://www.okx.com/api/v5/market/ticker?instId=HBAR-USDT-SWAP "HTTP/2 200 OK"
2026-03-16 16:04:44,740 | INFO | HTTP Request: GET https://www.okx.com/api/v5/market/candles?instId=LINK-USDT-SWAP&bar=5m&limit=71 "HTTP/2 200 OK"
2026-03-16 16:04:45,048 | INFO | HTTP Request: GET https://www.okx.com/api/v5/market/candles?instId=LIT-USDT-SWAP&bar=5m&limit=71 "HTTP/2 200 OK"
2026-03-16 16:04:45,077 | INFO | HTTP Request: GET https://www.okx.com/api/v5/market/ticker?instId=HMSTR-USDT-SWAP "HTTP/2 200 OK"
2026-03-16 16:04:45,297 | INFO | HTTP Request: GET https://www.okx.com/api/v5/market/candles?instId=LPT-USDT-SWAP&bar=5m&limit=71 "HTTP/2 200 OK"
2026-03-16 16:04:45,495 | INFO | HTTP Request: GET https://www.okx.com/api/v5/market/ticker?instId=HOME-USDT-SWAP "HTTP/2 200 OK"
2026-03-16 16:04:45,613 | INFO | HTTP Request: GET https://www.okx.com/api/v5/market/candles?instId=LQTY-USDT-SWAP&bar=5m&limit=71 "HTTP/2 200 OK"
2026-03-16 16:04:45,862 | INFO | HTTP Request: GET https://www.okx.com/api/v5/market/ticker?instId=ICP-USDT-SWAP "HTTP/2 200 OK"
2026-03-16 16:04:45,912 | INFO | HTTP Request: GET https://www.okx.com/api/v5/market/candles?instId=LRC-USDT-SWAP&bar=5m&limit=71 "HTTP/2 200 OK"
2026-03-16 16:04:46,150 | INFO | HTTP Request: GET https://www.okx.com/api/v5/market/candles?instId=LTC-USDT-SWAP&bar=5m&limit=71 "HTTP/2 200 OK"
2026-03-16 16:04:46,220 | INFO | HTTP Request: GET https://www.okx.com/api/v5/market/ticker?instId=IMX-USDT-SWAP "HTTP/2 200 OK"
2026-03-16 16:04:46,397 | INFO | HTTP Request: GET https://www.okx.com/api/v5/market/candles?instId=MAGIC-USDT-SWAP&bar=5m&limit=71 "HTTP/2 200 OK"
2026-03-16 16:04:46,542 | INFO | HTTP Request: GET https://www.okx.com/api/v5/account/balance "HTTP/2 200 OK"
2026-03-16 16:04:46,654 | INFO | HTTP Request: GET https://www.okx.com/api/v5/market/ticker?instId=INJ-USDT-SWAP "HTTP/2 200 OK"
2026-03-16 16:04:46,721 | INFO | HTTP Request: GET https://www.okx.com/api/v5/market/candles?instId=MAJOR-USDT-SWAP&bar=5m&limit=71 "HTTP/2 200 OK"
2026-03-16 16:04:46,971 | INFO | HTTP Request: GET https://www.okx.com/api/v5/market/candles?instId=MASK-USDT-SWAP&bar=5m&limit=71 "HTTP/2 200 OK"
2026-03-16 16:04:47,010 | INFO | HTTP Request: GET https://www.okx.com/api/v5/market/ticker?instId=IOTA-USDT-SWAP "HTTP/2 200 OK"
2026-03-16 16:04:47,038 | INFO | HTTP Request: GET https://www.okx.com/api/v5/market/candles?instId=BTC-USDT-SWAP&bar=5m&limit=64 "HTTP/2 200 OK"
2026-03-16 16:04:47,244 | INFO | HTTP Request: GET https://www.okx.com/api/v5/market/candles?instId=MET-USDT-SWAP&bar=5m&limit=71 "HTTP/2 200 OK"
2026-03-16 16:04:47,397 | INFO | HTTP Request: GET https://www.okx.com/api/v5/market/ticker?instId=JUP-USDT-SWAP "HTTP/2 200 OK"
2026-03-16 16:04:47,550 | INFO | HTTP Request: GET https://www.okx.com/api/v5/market/candles?instId=MINA-USDT-SWAP&bar=5m&limit=71 "HTTP/2 200 OK"
2026-03-16 16:04:47,865 | INFO | HTTP Request: GET https://www.okx.com/api/v5/market/candles?instId=MKR-USDT-SWAP&bar=5m&limit=71 "HTTP/2 200 OK"
2026-03-16 16:04:47,920 | INFO | HTTP Request: GET https://www.okx.com/api/v5/market/ticker?instId=KAITO-USDT-SWAP "HTTP/2 200 OK"
2026-03-16 16:04:48,220 | INFO | HTTP Request: GET https://www.okx.com/api/v5/market/candles?instId=MUBARAK-USDT-SWAP&bar=5m&limit=71 "HTTP/2 200 OK"
2026-03-16 16:04:48,546 | INFO | HTTP Request: GET https://www.okx.com/api/v5/market/candles?instId=NEAR-USDT-SWAP&bar=5m&limit=71 "HTTP/2 200 OK"
2026-03-16 16:04:48,588 | INFO | HTTP Request: GET https://www.okx.com/api/v5/market/ticker?instId=KSM-USDT-SWAP "HTTP/2 200 OK"
2026-03-16 16:04:48,780 | INFO | HTTP Request: GET https://www.okx.com/api/v5/market/candles?instId=NEO-USDT-SWAP&bar=5m&limit=71 "HTTP/2 200 OK"
2026-03-16 16:04:49,005 | INFO | HTTP Request: GET https://www.okx.com/api/v5/market/ticker?instId=LDO-USDT-SWAP "HTTP/2 200 OK"
2026-03-16 16:04:49,031 | INFO | HTTP Request: GET https://www.okx.com/api/v5/market/candles?instId=NOT-USDT-SWAP&bar=5m&limit=71 "HTTP/2 200 OK"
2026-03-16 16:04:49,278 | INFO | HTTP Request: GET https://www.okx.com/api/v5/market/candles?instId=OP-USDT-SWAP&bar=5m&limit=71 "HTTP/2 200 OK"
2026-03-16 16:04:49,401 | INFO | HTTP Request: GET https://www.okx.com/api/v5/market/ticker?instId=LINEA-USDT-SWAP "HTTP/2 200 OK"
2026-03-16 16:04:49,577 | INFO | HTTP Request: GET https://www.okx.com/api/v5/market/ticker?instId=OP-USDT-SWAP "HTTP/2 200 OK"
2026-03-16 16:04:49,579 | INFO | OP-USDT-SWAP: Turtle 20 long-сигнал отклонён (закрытие не удержалось выше канала)
2026-03-16 16:04:49,771 | INFO | HTTP Request: GET https://www.okx.com/api/v5/market/ticker?instId=LINK-USDT-SWAP "HTTP/2 200 OK"
2026-03-16 16:04:49,869 | INFO | HTTP Request: GET https://www.okx.com/api/v5/market/candles?instId=PEPE-USDT-SWAP&bar=5m&limit=71 "HTTP/2 200 OK"
2026-03-16 16:04:50,195 | INFO | HTTP Request: GET https://www.okx.com/api/v5/market/candles?instId=PIGGY-USDT-SWAP&bar=5m&limit=71 "HTTP/2 200 OK"
2026-03-16 16:04:50,202 | INFO | HTTP Request: GET https://www.okx.com/api/v5/market/ticker?instId=LIT-USDT-SWAP "HTTP/2 200 OK"
2026-03-16 16:04:50,496 | INFO | HTTP Request: GET https://www.okx.com/api/v5/market/candles?instId=QTUM-USDT-SWAP&bar=5m&limit=71 "HTTP/2 200 OK"
2026-03-16 16:04:50,617 | INFO | HTTP Request: GET https://www.okx.com/api/v5/market/ticker?instId=LPT-USDT-SWAP "HTTP/2 200 OK"
2026-03-16 16:04:50,735 | INFO | HTTP Request: GET https://www.okx.com/api/v5/market/candles?instId=RAVE-USDT-SWAP&bar=5m&limit=71 "HTTP/2 200 OK"
2026-03-16 16:04:51,035 | INFO | HTTP Request: GET https://www.okx.com/api/v5/market/ticker?instId=LQTY-USDT-SWAP "HTTP/2 200 OK"
2026-03-16 16:04:51,042 | INFO | HTTP Request: GET https://www.okx.com/api/v5/market/candles?instId=RESOLV-USDT-SWAP&bar=5m&limit=71 "HTTP/2 200 OK"
2026-03-16 16:04:51,276 | INFO | HTTP Request: GET https://www.okx.com/api/v5/market/candles?instId=ROBO-USDT-SWAP&bar=5m&limit=71 "HTTP/2 200 OK"
2026-03-16 16:04:51,455 | INFO | HTTP Request: GET https://www.okx.com/api/v5/market/ticker?instId=LRC-USDT-SWAP "HTTP/2 200 OK"
2026-03-16 16:04:51,515 | INFO | HTTP Request: GET https://www.okx.com/api/v5/market/candles?instId=SAND-USDT-SWAP&bar=5m&limit=71 "HTTP/2 200 OK"
2026-03-16 16:04:51,812 | INFO | HTTP Request: GET https://www.okx.com/api/v5/market/candles?instId=SCR-USDT-SWAP&bar=5m&limit=71 "HTTP/2 200 OK"
2026-03-16 16:04:51,877 | INFO | HTTP Request: GET https://www.okx.com/api/v5/market/ticker?instId=LTC-USDT-SWAP "HTTP/2 200 OK"
2026-03-16 16:04:51,950 | INFO | HTTP Request: GET https://www.okx.com/api/v5/account/balance "HTTP/2 200 OK"
2026-03-16 16:04:52,107 | INFO | HTTP Request: GET https://www.okx.com/api/v5/market/candles?instId=SHIB-USDT-SWAP&bar=5m&limit=71 "HTTP/2 200 OK"
2026-03-16 16:04:52,341 | INFO | HTTP Request: GET https://www.okx.com/api/v5/market/candles?instId=SKY-USDT-SWAP&bar=5m&limit=71 "HTTP/2 200 OK"
2026-03-16 16:04:52,464 | INFO | HTTP Request: GET https://www.okx.com/api/v5/market/ticker?instId=MAGIC-USDT-SWAP "HTTP/2 200 OK"
2026-03-16 16:04:52,713 | INFO | HTTP Request: GET https://www.okx.com/api/v5/market/candles?instId=SOL-USDT-SWAP&bar=5m&limit=71 "HTTP/2 200 OK"
2026-03-16 16:04:52,835 | INFO | HTTP Request: GET https://www.okx.com/api/v5/market/ticker?instId=MAJOR-USDT-SWAP "HTTP/2 200 OK"
2026-03-16 16:04:53,010 | INFO | HTTP Request: GET https://www.okx.com/api/v5/market/candles?instId=SOLV-USDT-SWAP&bar=5m&limit=71 "HTTP/2 200 OK"
2026-03-16 16:04:53,290 | INFO | HTTP Request: GET https://www.okx.com/api/v5/market/candles?instId=BTC-USDT-SWAP&bar=5m&limit=64 "HTTP/2 200 OK"
2026-03-16 16:04:53,430 | INFO | HTTP Request: GET https://www.okx.com/api/v5/market/ticker?instId=MASK-USDT-SWAP "HTTP/2 200 OK"
2026-03-16 16:04:53,591 | INFO | HTTP Request: GET https://www.okx.com/api/v5/market/candles?instId=SPK-USDT-SWAP&bar=5m&limit=71 "HTTP/2 200 OK"
2026-03-16 16:04:53,845 | INFO | HTTP Request: GET https://www.okx.com/api/v5/market/candles?instId=STRK-USDT-SWAP&bar=5m&limit=71 "HTTP/2 200 OK"
2026-03-16 16:04:53,846 | INFO | HTTP Request: GET https://www.okx.com/api/v5/market/ticker?instId=MET-USDT-SWAP "HTTP/2 200 OK"
2026-03-16 16:04:54,160 | INFO | HTTP Request: GET https://www.okx.com/api/v5/market/candles?instId=SUI-USDT-SWAP&bar=5m&limit=71 "HTTP/2 200 OK"
2026-03-16 16:04:54,265 | INFO | HTTP Request: GET https://www.okx.com/api/v5/market/ticker?instId=MINA-USDT-SWAP "HTTP/2 200 OK"
2026-03-16 16:04:54,453 | INFO | HTTP Request: GET https://www.okx.com/api/v5/market/candles?instId=SUSHI-USDT-SWAP&bar=5m&limit=71 "HTTP/2 200 OK"
2026-03-16 16:04:54,691 | INFO | HTTP Request: GET https://www.okx.com/api/v5/market/ticker?instId=MKR-USDT-SWAP "HTTP/2 200 OK"
2026-03-16 16:04:54,755 | INFO | HTTP Request: GET https://www.okx.com/api/v5/market/candles?instId=SYRUP-USDT-SWAP&bar=5m&limit=71 "HTTP/2 200 OK"
2026-03-16 16:04:54,993 | INFO | HTTP Request: GET https://www.okx.com/api/v5/market/candles?instId=TEST1234-USDT-SWAP&bar=5m&limit=71 "HTTP/2 200 OK"
2026-03-16 16:04:55,120 | INFO | HTTP Request: GET https://www.okx.com/api/v5/market/ticker?instId=MUBARAK-USDT-SWAP "HTTP/2 200 OK"
2026-03-16 16:04:55,283 | INFO | HTTP Request: GET https://www.okx.com/api/v5/market/candles?instId=TEST3103-USDT-SWAP&bar=5m&limit=71 "HTTP/2 200 OK"
2026-03-16 16:04:55,474 | INFO | HTTP Request: GET https://www.okx.com/api/v5/market/ticker?instId=NEAR-USDT-SWAP "HTTP/2 200 OK"
2026-03-16 16:04:55,576 | INFO | HTTP Request: GET https://www.okx.com/api/v5/market/candles?instId=TEST3110-USDT-SWAP&bar=5m&limit=71 "HTTP/2 200 OK"
2026-03-16 16:04:55,812 | INFO | HTTP Request: GET https://www.okx.com/api/v5/market/candles?instId=THETA-USDT-SWAP&bar=5m&limit=71 "HTTP/2 200 OK"
2026-03-16 16:04:55,992 | INFO | HTTP Request: GET https://www.okx.com/api/v5/market/ticker?instId=NEO-USDT-SWAP "HTTP/2 200 OK"
2026-03-16 16:04:56,125 | INFO | HTTP Request: GET https://www.okx.com/api/v5/market/candles?instId=TON-USDT-SWAP&bar=5m&limit=71 "HTTP/2 200 OK"
2026-03-16 16:04:56,416 | INFO | HTTP Request: GET https://www.okx.com/api/v5/market/ticker?instId=NOT-USDT-SWAP "HTTP/2 200 OK"
2026-03-16 16:04:56,422 | INFO | HTTP Request: GET https://www.okx.com/api/v5/market/candles?instId=TRIA-USDT-SWAP&bar=5m&limit=71 "HTTP/2 200 OK"
2026-03-16 16:04:56,672 | INFO | HTTP Request: GET https://www.okx.com/api/v5/market/candles?instId=TRX-USDT-SWAP&bar=5m&limit=71 "HTTP/2 200 OK"
2026-03-16 16:04:56,908 | INFO | HTTP Request: GET https://www.okx.com/api/v5/market/candles?instId=TSLA-USDT-SWAP&bar=5m&limit=71 "HTTP/2 200 OK"
2026-03-16 16:04:56,955 | INFO | HTTP Request: GET https://www.okx.com/api/v5/market/ticker?instId=PEPE-USDT-SWAP "HTTP/2 200 OK"
2026-03-16 16:04:57,200 | INFO | HTTP Request: GET https://www.okx.com/api/v5/market/candles?instId=XAG-USDT-SWAP&bar=5m&limit=71 "HTTP/2 200 OK"
2026-03-16 16:04:57,369 | INFO | HTTP Request: GET https://www.okx.com/api/v5/market/ticker?instId=PIGGY-USDT-SWAP "HTTP/2 200 OK"
2026-03-16 16:04:57,425 | INFO | HTTP Request: GET https://www.okx.com/api/v5/account/balance "HTTP/2 200 OK"
2026-03-16 16:04:57,553 | INFO | HTTP Request: GET https://www.okx.com/api/v5/market/candles?instId=XAU-USDT-SWAP&bar=5m&limit=71 "HTTP/2 200 OK"
2026-03-16 16:04:57,737 | INFO | HTTP Request: GET https://www.okx.com/api/v5/market/ticker?instId=QTUM-USDT-SWAP "HTTP/2 200 OK"
2026-03-16 16:04:57,987 | INFO | HTTP Request: GET https://www.okx.com/api/v5/market/candles?instId=XLM-USDT-SWAP&bar=5m&limit=71 "HTTP/2 200 OK"
2026-03-16 16:04:58,105 | INFO | HTTP Request: GET https://www.okx.com/api/v5/market/ticker?instId=RAVE-USDT-SWAP "HTTP/2 200 OK"
2026-03-16 16:04:58,297 | INFO | HTTP Request: GET https://www.okx.com/api/v5/market/candles?instId=XPL-USDT-SWAP&bar=5m&limit=71 "HTTP/2 200 OK"
2026-03-16 16:04:58,521 | INFO | HTTP Request: GET https://www.okx.com/api/v5/market/ticker?instId=RESOLV-USDT-SWAP "HTTP/2 200 OK"
2026-03-16 16:04:58,596 | INFO | HTTP Request: GET https://www.okx.com/api/v5/market/candles?instId=XRP-USDT-SWAP&bar=5m&limit=71 "HTTP/2 200 OK"
2026-03-16 16:04:58,899 | INFO | HTTP Request: GET https://www.okx.com/api/v5/market/candles?instId=XSR-USDT-SWAP&bar=5m&limit=71 "HTTP/2 200 OK"
2026-03-16 16:04:59,009 | INFO | HTTP Request: GET https://www.okx.com/api/v5/market/ticker?instId=ROBO-USDT-SWAP "HTTP/2 200 OK"
2026-03-16 16:04:59,136 | INFO | HTTP Request: GET https://www.okx.com/api/v5/market/candles?instId=XTZ-USDT-SWAP&bar=5m&limit=71 "HTTP/2 200 OK"
2026-03-16 16:04:59,371 | INFO | HTTP Request: GET https://www.okx.com/api/v5/market/candles?instId=YB-USDT-SWAP&bar=5m&limit=71 "HTTP/2 200 OK"
2026-03-16 16:04:59,378 | INFO | HTTP Request: GET https://www.okx.com/api/v5/market/ticker?instId=SAND-USDT-SWAP "HTTP/2 200 OK"
2026-03-16 16:04:59,485 | INFO | HTTP Request: GET https://www.okx.com/api/v5/market/candles?instId=BTC-USDT-SWAP&bar=5m&limit=64 "HTTP/2 200 OK"
2026-03-16 16:04:59,641 | INFO | HTTP Request: GET https://www.okx.com/api/v5/market/candles?instId=YFI-USDT-SWAP&bar=5m&limit=71 "HTTP/2 200 OK"
2026-03-16 16:04:59,744 | INFO | HTTP Request: GET https://www.okx.com/api/v5/market/ticker?instId=SCR-USDT-SWAP "HTTP/2 200 OK"
2026-03-16 16:04:59,873 | INFO | HTTP Request: GET https://www.okx.com/api/v5/market/candles?instId=YGG-USDT-SWAP&bar=5m&limit=71 "HTTP/2 200 OK"
2026-03-16 16:05:00,111 | INFO | HTTP Request: GET https://www.okx.com/api/v5/market/candles?instId=ZAMA-USDT-SWAP&bar=5m&limit=71 "HTTP/2 200 OK"
2026-03-16 16:05:00,245 | INFO | HTTP Request: GET https://www.okx.com/api/v5/market/ticker?instId=SHIB-USDT-SWAP "HTTP/2 200 OK"
2026-03-16 16:05:00,362 | INFO | HTTP Request: GET https://www.okx.com/api/v5/market/candles?instId=ZBCN-USDT-SWAP&bar=5m&limit=71 "HTTP/2 200 OK"
2026-03-16 16:05:00,660 | INFO | HTTP Request: GET https://www.okx.com/api/v5/market/candles?instId=ZETA-USDT-SWAP&bar=5m&limit=71 "HTTP/2 200 OK"
2026-03-16 16:05:00,678 | INFO | HTTP Request: GET https://www.okx.com/api/v5/market/ticker?instId=SKY-USDT-SWAP "HTTP/2 200 OK"
2026-03-16 16:05:00,971 | INFO | HTTP Request: GET https://www.okx.com/api/v5/market/candles?instId=ZIL-USDT-SWAP&bar=5m&limit=71 "HTTP/2 200 OK"
2026-03-16 16:05:01,097 | INFO | HTTP Request: GET https://www.okx.com/api/v5/market/ticker?instId=SOL-USDT-SWAP "HTTP/2 200 OK"
2026-03-16 16:05:01,346 | INFO | HTTP Request: GET https://www.okx.com/api/v5/market/candles?instId=ETC-USDT-SWAP&bar=5m&limit=26 "HTTP/2 200 OK"
2026-03-16 16:05:01,517 | INFO | HTTP Request: GET https://www.okx.com/api/v5/market/ticker?instId=SOLV-USDT-SWAP "HTTP/2 200 OK"
2026-03-16 16:05:01,581 | INFO | HTTP Request: GET https://www.okx.com/api/v5/market/ticker?instId=ETC-USDT-SWAP "HTTP/2 200 OK"
2026-03-16 16:05:01,939 | INFO | HTTP Request: GET https://www.okx.com/api/v5/market/ticker?instId=SPK-USDT-SWAP "HTTP/2 200 OK"
2026-03-16 16:05:01,954 | INFO | HTTP Request: GET https://www.okx.com/api/v5/trade/orders-algo-pending?ordType=conditional&instType=SWAP&instId=ETC-USDT-SWAP "HTTP/2 200 OK"
2026-03-16 16:05:02,187 | INFO | HTTP Request: GET https://www.okx.com/api/v5/trade/orders-algo-pending?ordType=oco&instType=SWAP&instId=ETC-USDT-SWAP "HTTP/2 200 OK"
2026-03-16 16:05:02,302 | INFO | HTTP Request: GET https://www.okx.com/api/v5/market/ticker?instId=STRK-USDT-SWAP "HTTP/2 200 OK"
2026-03-16 16:05:02,426 | INFO | HTTP Request: GET https://www.okx.com/api/v5/trade/orders-algo-pending?ordType=trigger&instType=SWAP&instId=ETC-USDT-SWAP "HTTP/2 200 OK"
2026-03-16 16:05:02,660 | INFO | HTTP Request: GET https://www.okx.com/api/v5/market/ticker?instId=SUI-USDT-SWAP "HTTP/2 200 OK"
2026-03-16 16:05:02,673 | INFO | HTTP Request: GET https://www.okx.com/api/v5/trade/orders-algo-pending?ordType=move_order_stop&instType=SWAP&instId=ETC-USDT-SWAP "HTTP/2 200 OK"
2026-03-16 16:05:02,855 | INFO | HTTP Request: GET https://www.okx.com/api/v5/account/balance "HTTP/2 200 OK"
2026-03-16 16:05:02,921 | INFO | HTTP Request: GET https://www.okx.com/api/v5/trade/orders-algo-pending?ordType=iceberg&instType=SWAP&instId=ETC-USDT-SWAP "HTTP/2 200 OK"
2026-03-16 16:05:03,090 | INFO | HTTP Request: GET https://www.okx.com/api/v5/market/ticker?instId=SUSHI-USDT-SWAP "HTTP/2 200 OK"
2026-03-16 16:05:03,168 | INFO | HTTP Request: GET https://www.okx.com/api/v5/trade/orders-algo-pending?ordType=twap&instType=SWAP&instId=ETC-USDT-SWAP "HTTP/2 200 OK"
2026-03-16 16:05:03,480 | INFO | HTTP Request: GET https://www.okx.com/api/v5/trade/orders-algo-pending?ordType=chase&instType=SWAP&instId=ETC-USDT-SWAP "HTTP/2 200 OK"
2026-03-16 16:05:03,509 | INFO | HTTP Request: GET https://www.okx.com/api/v5/market/ticker?instId=SYRUP-USDT-SWAP "HTTP/2 200 OK"
2026-03-16 16:05:03,732 | INFO | HTTP Request: GET https://www.okx.com/api/v5/market/candles?instId=BNB-USDT-SWAP&bar=5m&limit=26 "HTTP/2 200 OK"
2026-03-16 16:05:03,865 | INFO | HTTP Request: GET https://www.okx.com/api/v5/market/ticker?instId=TEST1234-USDT-SWAP "HTTP/2 200 OK"
2026-03-16 16:05:03,979 | INFO | HTTP Request: GET https://www.okx.com/api/v5/market/ticker?instId=BNB-USDT-SWAP "HTTP/2 200 OK"
2026-03-16 16:05:04,222 | INFO | HTTP Request: GET https://www.okx.com/api/v5/market/ticker?instId=TEST3103-USDT-SWAP "HTTP/2 200 OK"
2026-03-16 16:05:04,279 | INFO | HTTP Request: GET https://www.okx.com/api/v5/trade/orders-algo-pending?ordType=conditional&instType=SWAP&instId=BNB-USDT-SWAP "HTTP/2 200 OK"
2026-03-16 16:05:04,582 | INFO | HTTP Request: GET https://www.okx.com/api/v5/trade/orders-algo-pending?ordType=oco&instType=SWAP&instId=BNB-USDT-SWAP "HTTP/2 200 OK"
2026-03-16 16:05:04,643 | INFO | HTTP Request: GET https://www.okx.com/api/v5/market/ticker?instId=TEST3110-USDT-SWAP "HTTP/2 200 OK"
2026-03-16 16:05:04,880 | INFO | HTTP Request: GET https://www.okx.com/api/v5/trade/orders-algo-pending?ordType=trigger&instType=SWAP&instId=BNB-USDT-SWAP "HTTP/2 200 OK"
2026-03-16 16:05:05,016 | INFO | HTTP Request: GET https://www.okx.com/api/v5/market/ticker?instId=THETA-USDT-SWAP "HTTP/2 200 OK"
2026-03-16 16:05:05,131 | INFO | HTTP Request: GET https://www.okx.com/api/v5/trade/orders-algo-pending?ordType=move_order_stop&instType=SWAP&instId=BNB-USDT-SWAP "HTTP/2 200 OK"
2026-03-16 16:05:05,371 | INFO | HTTP Request: GET https://www.okx.com/api/v5/trade/orders-algo-pending?ordType=iceberg&instType=SWAP&instId=BNB-USDT-SWAP "HTTP/2 200 OK"
2026-03-16 16:05:05,391 | INFO | HTTP Request: GET https://www.okx.com/api/v5/market/ticker?instId=TON-USDT-SWAP "HTTP/2 200 OK"
2026-03-16 16:05:05,620 | INFO | HTTP Request: GET https://www.okx.com/api/v5/trade/orders-algo-pending?ordType=twap&instType=SWAP&instId=BNB-USDT-SWAP "HTTP/2 200 OK"
2026-03-16 16:05:05,745 | INFO | HTTP Request: GET https://www.okx.com/api/v5/market/ticker?instId=TRIA-USDT-SWAP "HTTP/2 200 OK"
2026-03-16 16:05:05,749 | INFO | HTTP Request: GET https://www.okx.com/api/v5/market/candles?instId=BTC-USDT-SWAP&bar=5m&limit=64 "HTTP/2 200 OK"
2026-03-16 16:05:05,859 | INFO | HTTP Request: GET https://www.okx.com/api/v5/trade/orders-algo-pending?ordType=chase&instType=SWAP&instId=BNB-USDT-SWAP "HTTP/2 200 OK"
2026-03-16 16:05:06,174 | INFO | HTTP Request: GET https://www.okx.com/api/v5/market/candles?instId=CRO-USDT-SWAP&bar=5m&limit=26 "HTTP/2 200 OK"
2026-03-16 16:05:06,177 | INFO | HTTP Request: GET https://www.okx.com/api/v5/market/ticker?instId=TRX-USDT-SWAP "HTTP/2 200 OK"
2026-03-16 16:05:06,469 | INFO | HTTP Request: GET https://www.okx.com/api/v5/market/ticker?instId=CRO-USDT-SWAP "HTTP/2 200 OK"
2026-03-16 16:05:06,470 | INFO | Closing position CRO-USDT-SWAP. Локальный защитный выход 2.0N
2026-03-16 16:05:06,767 | INFO | HTTP Request: POST https://www.okx.com/api/v5/trade/close-position "HTTP/2 200 OK"
2026-03-16 16:05:06,768 | WARNING | Failed to load json context : [Errno 13] Permission denied: '.'
2026-03-16 16:05:06,825 | INFO | HTTP Request: GET https://www.okx.com/api/v5/market/ticker?instId=TSLA-USDT-SWAP "HTTP/2 200 OK"
2026-03-16 16:05:07,020 | INFO | HTTP Request: GET https://www.okx.com/api/v5/market/candles?instId=CRO-USDT-SWAP&bar=5m&limit=97 "HTTP/2 200 OK"
2026-03-16 16:05:07,198 | INFO | HTTP Request: GET https://www.okx.com/api/v5/market/ticker?instId=XAG-USDT-SWAP "HTTP/2 200 OK"
2026-03-16 16:05:07,327 | INFO | HTTP Request: GET https://www.okx.com/api/v5/market/candles?instId=BREV-USDT-SWAP&bar=5m&limit=26 "HTTP/2 200 OK"
2026-03-16 16:05:07,577 | INFO | HTTP Request: GET https://www.okx.com/api/v5/market/ticker?instId=BREV-USDT-SWAP "HTTP/2 200 OK"
2026-03-16 16:05:07,577 | INFO | Placing exchange stop BREV-USDT-SWAP long payload={'instId': 'BREV-USDT-SWAP', 'tdMode': 'isolated', 'side': 'sell', 'posSide': 'net', 'ordType': 'conditional', 'sz': '120000', 'slTriggerPx': '1.008904996667', 'slOrdPx': '-1'}
2026-03-16 16:05:07,744 | INFO | HTTP Request: GET https://www.okx.com/api/v5/market/ticker?instId=XAU-USDT-SWAP "HTTP/2 200 OK"
2026-03-16 16:05:07,827 | INFO | HTTP Request: POST https://www.okx.com/api/v5/trade/order-algo "HTTP/2 200 OK"
2026-03-16 16:05:08,099 | INFO | HTTP Request: GET https://www.okx.com/api/v5/market/ticker?instId=XLM-USDT-SWAP "HTTP/2 200 OK"
2026-03-16 16:05:08,135 | INFO | HTTP Request: POST https://www.okx.com/api/v5/trade/cancel-algos "HTTP/2 200 OK"
2026-03-16 16:05:08,136 | INFO | Closing position BREV-USDT-SWAP. Защита тренда: откат от пика 21695003333.33R → 3695003333.33R
2026-03-16 16:05:08,182 | INFO | HTTP Request: GET https://www.okx.com/api/v5/account/balance "HTTP/2 200 OK"
2026-03-16 16:05:08,385 | INFO | HTTP Request: POST https://www.okx.com/api/v5/trade/close-position "HTTP/2 200 OK"
2026-03-16 16:05:08,386 | WARNING | Failed to load json context : [Errno 13] Permission denied: '.'
2026-03-16 16:05:08,520 | INFO | HTTP Request: GET https://www.okx.com/api/v5/market/ticker?instId=XPL-USDT-SWAP "HTTP/2 200 OK"
2026-03-16 16:05:08,683 | INFO | HTTP Request: GET https://www.okx.com/api/v5/market/candles?instId=BREV-USDT-SWAP&bar=5m&limit=97 "HTTP/2 200 OK"
2026-03-16 16:05:08,889 | INFO | HTTP Request: GET https://www.okx.com/api/v5/market/ticker?instId=XRP-USDT-SWAP "HTTP/2 200 OK"
2026-03-16 16:05:09,247 | INFO | HTTP Request: GET https://www.okx.com/api/v5/market/ticker?instId=XSR-USDT-SWAP "HTTP/2 200 OK"
2026-03-16 16:05:10,638 | INFO | HTTP Request: GET https://www.okx.com/api/v5/market/ticker?instId=ETC-USDT-SWAP "HTTP/2 200 OK"
2026-03-16 16:05:10,887 | INFO | HTTP Request: GET https://www.okx.com/api/v5/market/candles?instId=ETC-USDT-SWAP&bar=5m&limit=89 "HTTP/2 200 OK"
2026-03-16 16:05:11,245 | INFO | HTTP Request: GET https://www.okx.com/api/v5/market/ticker?instId=BNB-USDT-SWAP "HTTP/2 200 OK"
2026-03-16 16:05:11,543 | INFO | HTTP Request: GET https://www.okx.com/api/v5/market/candles?instId=BNB-USDT-SWAP&bar=5m&limit=89 "HTTP/2 200 OK"
2026-03-16 16:05:11,983 | INFO | HTTP Request: GET https://www.okx.com/api/v5/market/candles?instId=BTC-USDT-SWAP&bar=5m&limit=64 "HTTP/2 200 OK"
2026-03-16 16:05:11,991 | INFO | HTTP Request: GET https://www.okx.com/api/v5/market/ticker?instId=1INCH-USDT-SWAP "HTTP/2 200 OK"
2026-03-16 16:05:12,387 | INFO | HTTP Request: GET https://www.okx.com/api/v5/market/candles?instId=1INCH-USDT-SWAP&bar=5m&limit=89 "HTTP/2 200 OK"
2026-03-16 16:05:12,802 | INFO | HTTP Request: GET https://www.okx.com/api/v5/market/ticker?instId=2Z-USDT-SWAP "HTTP/2 200 OK"
2026-03-16 16:05:13,108 | INFO | HTTP Request: GET https://www.okx.com/api/v5/market/candles?instId=2Z-USDT-SWAP&bar=5m&limit=89 "HTTP/2 200 OK"
2026-03-16 16:05:13,526 | INFO | HTTP Request: GET https://www.okx.com/api/v5/market/ticker?instId=A-USDT-SWAP "HTTP/2 200 OK"
2026-03-16 16:05:13,610 | INFO | HTTP Request: GET https://www.okx.com/api/v5/account/balance "HTTP/2 200 OK"
2026-03-16 16:05:13,780 | INFO | HTTP Request: GET https://www.okx.com/api/v5/market/candles?instId=A-USDT-SWAP&bar=5m&limit=89 "HTTP/2 200 OK"
2026-03-16 16:05:14,195 | INFO | HTTP Request: GET https://www.okx.com/api/v5/market/ticker?instId=AAVE-USDT-SWAP "HTTP/2 200 OK"
2026-03-16 16:05:14,257 | INFO | HTTP Request: GET https://www.okx.com/api/v5/account/positions?instType=SWAP "HTTP/2 200 OK"
2026-03-16 16:05:14,502 | INFO | HTTP Request: GET https://www.okx.com/api/v5/market/candles?instId=AAVE-USDT-SWAP&bar=5m&limit=89 "HTTP/2 200 OK"
2026-03-16 16:05:14,506 | INFO | HTTP Request: GET https://www.okx.com/api/v5/market/candles?instId=CRO-USDT-SWAP&bar=5m&limit=26 "HTTP/2 200 OK"
2026-03-16 16:05:14,804 | INFO | HTTP Request: GET https://www.okx.com/api/v5/market/candles?instId=BREV-USDT-SWAP&bar=5m&limit=26 "HTTP/2 200 OK"
2026-03-16 16:05:14,862 | INFO | HTTP Request: GET https://www.okx.com/api/v5/market/ticker?instId=ACT-USDT-SWAP "HTTP/2 200 OK"
2026-03-16 16:05:15,107 | INFO | HTTP Request: GET https://www.okx.com/api/v5/market/candles?instId=ACT-USDT-SWAP&bar=5m&limit=71 "HTTP/2 200 OK"
2026-03-16 16:05:15,108 | INFO | ACT-USDT-SWAP: Turtle 20 long-сигнал отклонён (закрытие не удержалось выше канала)
2026-03-16 16:05:15,157 | INFO | HTTP Request: GET https://www.okx.com/api/v5/market/candles?instId=ACT-USDT-SWAP&bar=5m&limit=89 "HTTP/2 200 OK"
2026-03-16 16:05:15,412 | INFO | HTTP Request: GET https://www.okx.com/api/v5/market/candles?instId=ADA-USDT-SWAP&bar=5m&limit=71 "HTTP/2 200 OK"
2026-03-16 16:05:15,580 | INFO | HTTP Request: GET https://www.okx.com/api/v5/market/ticker?instId=ADA-USDT-SWAP "HTTP/2 200 OK"
2026-03-16 16:05:15,713 | INFO | HTTP Request: GET https://www.okx.com/api/v5/market/candles?instId=AI16Z-USDT-SWAP&bar=5m&limit=71 "HTTP/2 200 OK"
2026-03-16 16:05:15,817 | INFO | HTTP Request: GET https://www.okx.com/api/v5/market/candles?instId=ADA-USDT-SWAP&bar=5m&limit=89 "HTTP/2 200 OK"
2026-03-16 16:05:16,009 | INFO | HTTP Request: GET https://www.okx.com/api/v5/market/candles?instId=AKITA-USDT-SWAP&bar=5m&limit=71 "HTTP/2 200 OK"
2026-03-16 16:05:16,264 | INFO | HTTP Request: GET https://www.okx.com/api/v5/market/ticker?instId=AI16Z-USDT-SWAP "HTTP/2 200 OK"
2026-03-16 16:05:16,515 | INFO | HTTP Request: GET https://www.okx.com/api/v5/market/candles?instId=ALGO-USDT-SWAP&bar=5m&limit=71 "HTTP/2 200 OK"
2026-03-16 16:05:16,692 | INFO | HTTP Request: GET https://www.okx.com/api/v5/market/ticker?instId=AKITA-USDT-SWAP "HTTP/2 200 OK"
2026-03-16 16:05:16,764 | INFO | HTTP Request: GET https://www.okx.com/api/v5/market/candles?instId=ARB-USDT-SWAP&bar=5m&limit=71 "HTTP/2 200 OK"
2026-03-16 16:05:17,003 | INFO | HTTP Request: GET https://www.okx.com/api/v5/market/ticker?instId=ARB-USDT-SWAP "HTTP/2 200 OK"
2026-03-16 16:05:17,120 | INFO | HTTP Request: GET https://www.okx.com/api/v5/market/ticker?instId=ALGO-USDT-SWAP "HTTP/2 200 OK"
2026-03-16 16:05:17,121 | INFO | ARB-USDT-SWAP: Turtle 20 long-сигнал отклонён (закрытие не удержалось выше канала)
2026-03-16 16:05:17,425 | INFO | HTTP Request: GET https://www.okx.com/api/v5/market/candles?instId=ASP-USDT-SWAP&bar=5m&limit=71 "HTTP/2 200 OK"
2026-03-16 16:05:17,655 | INFO | HTTP Request: GET https://www.okx.com/api/v5/market/ticker?instId=ASP-USDT-SWAP "HTTP/2 200 OK"
2026-03-16 16:05:17,895 | INFO | HTTP Request: GET https://www.okx.com/api/v5/market/candles?instId=ASTER-USDT-SWAP&bar=5m&limit=71 "HTTP/2 200 OK"
2026-03-16 16:05:17,955 | INFO | HTTP Request: GET https://www.okx.com/api/v5/market/candles?instId=ASP-USDT-SWAP&bar=5m&limit=89 "HTTP/2 200 OK"
2026-03-16 16:05:18,152 | INFO | HTTP Request: GET https://www.okx.com/api/v5/market/candles?instId=ATOM-USDT-SWAP&bar=5m&limit=71 "HTTP/2 200 OK"
2026-03-16 16:05:18,294 | INFO | HTTP Request: GET https://www.okx.com/api/v5/market/candles?instId=BTC-USDT-SWAP&bar=5m&limit=64 "HTTP/2 200 OK"
2026-03-16 16:05:18,327 | INFO | HTTP Request: GET https://www.okx.com/api/v5/market/ticker?instId=ASTER-USDT-SWAP "HTTP/2 200 OK"
2026-03-16 16:05:18,390 | INFO | HTTP Request: GET https://www.okx.com/api/v5/market/candles?instId=AUCTION-USDT-SWAP&bar=5m&limit=71 "HTTP/2 200 OK"
2026-03-16 16:05:18,631 | INFO | HTTP Request: GET https://www.okx.com/api/v5/market/candles?instId=AVAX-USDT-SWAP&bar=5m&limit=71 "HTTP/2 200 OK"
2026-03-16 16:05:18,688 | INFO | HTTP Request: GET https://www.okx.com/api/v5/market/ticker?instId=ATOM-USDT-SWAP "HTTP/2 200 OK"
2026-03-16 16:05:18,926 | INFO | HTTP Request: GET https://www.okx.com/api/v5/market/ticker?instId=AVAX-USDT-SWAP "HTTP/2 200 OK"
2026-03-16 16:05:18,927 | INFO | AVAX-USDT-SWAP: Turtle 55 long-сигнал отклонён (закрытие не удержалось выше канала)
2026-03-16 16:05:18,927 | INFO | AVAX-USDT-SWAP: Turtle 20 long-сигнал отклонён (закрытие не удержалось выше канала)
2026-03-16 16:05:19,026 | INFO | HTTP Request: GET https://www.okx.com/api/v5/account/balance "HTTP/2 200 OK"
2026-03-16 16:05:19,107 | INFO | HTTP Request: GET https://www.okx.com/api/v5/market/ticker?instId=AUCTION-USDT-SWAP "HTTP/2 200 OK"
2026-03-16 16:05:19,162 | INFO | HTTP Request: GET https://www.okx.com/api/v5/market/candles?instId=AXS-USDT-SWAP&bar=5m&limit=71 "HTTP/2 200 OK"
2026-03-16 16:05:19,399 | INFO | HTTP Request: GET https://www.okx.com/api/v5/market/candles?instId=BAND-USDT-SWAP&bar=5m&limit=71 "HTTP/2 200 OK"
2026-03-16 16:05:19,638 | INFO | HTTP Request: GET https://www.okx.com/api/v5/market/ticker?instId=AXS-USDT-SWAP "HTTP/2 200 OK"
2026-03-16 16:05:19,696 | INFO | HTTP Request: GET https://www.okx.com/api/v5/market/candles?instId=BCH-USDT-SWAP&bar=5m&limit=71 "HTTP/2 200 OK"
2026-03-16 16:05:20,070 | INFO | HTTP Request: GET https://www.okx.com/api/v5/market/candles?instId=BIO-USDT-SWAP&bar=5m&limit=71 "HTTP/2 200 OK"
2026-03-16 16:05:20,113 | INFO | HTTP Request: GET https://www.okx.com/api/v5/market/ticker?instId=BAND-USDT-SWAP "HTTP/2 200 OK"
2026-03-16 16:05:20,361 | INFO | HTTP Request: GET https://www.okx.com/api/v5/market/candles?instId=BLUAI-USDT-SWAP&bar=5m&limit=71 "HTTP/2 200 OK"
2026-03-16 16:05:20,533 | INFO | HTTP Request: GET https://www.okx.com/api/v5/market/ticker?instId=BCH-USDT-SWAP "HTTP/2 200 OK"
2026-03-16 16:05:20,675 | INFO | HTTP Request: GET https://www.okx.com/api/v5/market/candles?instId=BOME-USDT-SWAP&bar=5m&limit=71 "HTTP/2 200 OK"
2026-03-16 16:05:20,977 | INFO | HTTP Request: GET https://www.okx.com/api/v5/market/ticker?instId=BOME-USDT-SWAP "HTTP/2 200 OK"
2026-03-16 16:05:20,978 | INFO | HTTP Request: GET https://www.okx.com/api/v5/market/ticker?instId=BIO-USDT-SWAP "HTTP/2 200 OK"
2026-03-16 16:05:20,979 | INFO | BOME-USDT-SWAP: Turtle 20 long-сигнал отклонён (закрытие не удержалось выше канала)
2026-03-16 16:05:21,274 | INFO | HTTP Request: GET https://www.okx.com/api/v5/market/candles?instId=BRETT-USDT-SWAP&bar=5m&limit=71 "HTTP/2 200 OK"
2026-03-16 16:05:21,396 | INFO | HTTP Request: GET https://www.okx.com/api/v5/market/ticker?instId=BLUAI-USDT-SWAP "HTTP/2 200 OK"
2026-03-16 16:05:21,510 | INFO | HTTP Request: GET https://www.okx.com/api/v5/market/candles?instId=BTC-USDT-SWAP&bar=5m&limit=71 "HTTP/2 200 OK"
2026-03-16 16:05:21,832 | INFO | HTTP Request: GET https://www.okx.com/api/v5/market/candles?instId=CAT-USDT-SWAP&bar=5m&limit=71 "HTTP/2 200 OK"
2026-03-16 16:05:21,939 | INFO | HTTP Request: GET https://www.okx.com/api/v5/market/ticker?instId=BRETT-USDT-SWAP "HTTP/2 200 OK"
2026-03-16 16:05:22,083 | INFO | HTTP Request: GET https://www.okx.com/api/v5/market/candles?instId=CATI-USDT-SWAP&bar=5m&limit=71 "HTTP/2 200 OK"
2026-03-16 16:05:22,382 | INFO | HTTP Request: GET https://www.okx.com/api/v5/market/candles?instId=CELO-USDT-SWAP&bar=5m&limit=71 "HTTP/2 200 OK"
2026-03-16 16:05:22,631 | INFO | HTTP Request: GET https://www.okx.com/api/v5/market/ticker?instId=BTC-USDT-SWAP "HTTP/2 200 OK"
2026-03-16 16:05:22,927 | INFO | HTTP Request: GET https://www.okx.com/api/v5/market/candles?instId=CFX-USDT-SWAP&bar=5m&limit=71 "HTTP/2 200 OK"
2026-03-16 16:05:23,048 | INFO | HTTP Request: GET https://www.okx.com/api/v5/market/ticker?instId=CAT-USDT-SWAP "HTTP/2 200 OK"
2026-03-16 16:05:23,175 | INFO | HTTP Request: GET https://www.okx.com/api/v5/market/candles?instId=CHZ-USDT-SWAP&bar=5m&limit=71 "HTTP/2 200 OK"
2026-03-16 16:05:23,412 | INFO | HTTP Request: GET https://www.okx.com/api/v5/market/ticker?instId=CHZ-USDT-SWAP "HTTP/2 200 OK"
2026-03-16 16:05:23,413 | INFO | CHZ-USDT-SWAP: Turtle 20 long-сигнал отклонён (закрытие не удержалось выше канала)
2026-03-16 16:05:23,416 | INFO | HTTP Request: GET https://www.okx.com/api/v5/market/ticker?instId=CATI-USDT-SWAP "HTTP/2 200 OK"
2026-03-16 16:05:23,649 | INFO | HTTP Request: GET https://www.okx.com/api/v5/market/candles?instId=COAI-USDT-SWAP&bar=5m&limit=71 "HTTP/2 200 OK"
2026-03-16 16:05:23,786 | INFO | HTTP Request: GET https://www.okx.com/api/v5/market/ticker?instId=CELO-USDT-SWAP "HTTP/2 200 OK"
2026-03-16 16:05:23,884 | INFO | HTTP Request: GET https://www.okx.com/api/v5/market/candles?instId=COMP-USDT-SWAP&bar=5m&limit=71 "HTTP/2 200 OK"
2026-03-16 16:05:24,208 | INFO | HTTP Request: GET https://www.okx.com/api/v5/market/candles?instId=CRV-USDT-SWAP&bar=5m&limit=71 "HTTP/2 200 OK"
2026-03-16 16:05:24,321 | INFO | HTTP Request: GET https://www.okx.com/api/v5/market/ticker?instId=CFX-USDT-SWAP "HTTP/2 200 OK"
2026-03-16 16:05:24,457 | INFO | HTTP Request: GET https://www.okx.com/api/v5/account/balance "HTTP/2 200 OK"
2026-03-16 16:05:24,521 | INFO | HTTP Request: GET https://www.okx.com/api/v5/market/candles?instId=DOGE-USDT-SWAP&bar=5m&limit=71 "HTTP/2 200 OK"
2026-03-16 16:05:24,827 | INFO | HTTP Request: GET https://www.okx.com/api/v5/market/candles?instId=DOT-USDT-SWAP&bar=5m&limit=71 "HTTP/2 200 OK"
2026-03-16 16:05:24,860 | INFO | HTTP Request: GET https://www.okx.com/api/v5/market/ticker?instId=COAI-USDT-SWAP "HTTP/2 200 OK"
2026-03-16 16:05:25,075 | INFO | HTTP Request: GET https://www.okx.com/api/v5/market/candles?instId=ENA-USDT-SWAP&bar=5m&limit=71 "HTTP/2 200 OK"
2026-03-16 16:05:25,218 | INFO | HTTP Request: GET https://www.okx.com/api/v5/market/ticker?instId=COMP-USDT-SWAP "HTTP/2 200 OK"
2026-03-16 16:05:25,455 | INFO | HTTP Request: GET https://www.okx.com/api/v5/market/candles?instId=EOS-USDT-SWAP&bar=5m&limit=71 "HTTP/2 200 OK"
2026-03-16 16:05:25,761 | INFO | HTTP Request: GET https://www.okx.com/api/v5/market/candles?instId=ETH-USDT-SWAP&bar=5m&limit=71 "HTTP/2 200 OK"
2026-03-16 16:05:25,769 | INFO | HTTP Request: GET https://www.okx.com/api/v5/market/ticker?instId=CRV-USDT-SWAP "HTTP/2 200 OK"
2026-03-16 16:05:25,997 | INFO | HTTP Request: GET https://www.okx.com/api/v5/market/candles?instId=ETHFI-USDT-SWAP&bar=5m&limit=71 "HTTP/2 200 OK"
2026-03-16 16:05:26,197 | INFO | HTTP Request: GET https://www.okx.com/api/v5/market/ticker?instId=DOGE-USDT-SWAP "HTTP/2 200 OK"
2026-03-16 16:05:26,449 | INFO | HTTP Request: GET https://www.okx.com/api/v5/market/candles?instId=ETHW-USDT-SWAP&bar=5m&limit=71 "HTTP/2 200 OK"
2026-03-16 16:05:26,622 | INFO | HTTP Request: GET https://www.okx.com/api/v5/market/ticker?instId=DOT-USDT-SWAP "HTTP/2 200 OK"
2026-03-16 16:05:26,695 | INFO | HTTP Request: GET https://www.okx.com/api/v5/market/candles?instId=FIL-USDT-SWAP&bar=5m&limit=71 "HTTP/2 200 OK"
2026-03-16 16:05:26,986 | INFO | HTTP Request: GET https://www.okx.com/api/v5/market/ticker?instId=ENA-USDT-SWAP "HTTP/2 200 OK"
2026-03-16 16:05:26,990 | INFO | HTTP Request: GET https://www.okx.com/api/v5/market/candles?instId=FLOKI-USDT-SWAP&bar=5m&limit=71 "HTTP/2 200 OK"
2026-03-16 16:05:27,288 | INFO | HTTP Request: GET https://www.okx.com/api/v5/market/candles?instId=GMT-USDT-SWAP&bar=5m&limit=71 "HTTP/2 200 OK"
2026-03-16 16:05:27,340 | INFO | HTTP Request: GET https://www.okx.com/api/v5/market/ticker?instId=EOS-USDT-SWAP "HTTP/2 200 OK"
2026-03-16 16:05:27,627 | INFO | HTTP Request: GET https://www.okx.com/api/v5/market/candles?instId=H-USDT-SWAP&bar=5m&limit=71 "HTTP/2 200 OK"
2026-03-16 16:05:27,666 | INFO | HTTP Request: GET https://www.okx.com/api/v5/market/candles?instId=BTC-USDT-SWAP&bar=5m&limit=64 "HTTP/2 200 OK"
2026-03-16 16:05:27,711 | INFO | HTTP Request: GET https://www.okx.com/api/v5/market/ticker?instId=ETH-USDT-SWAP "HTTP/2 200 OK"
2026-03-16 16:05:27,962 | INFO | HTTP Request: GET https://www.okx.com/api/v5/market/candles?instId=HBAR-USDT-SWAP&bar=5m&limit=71 "HTTP/2 200 OK"
2026-03-16 16:05:28,155 | INFO | HTTP Request: GET https://www.okx.com/api/v5/market/ticker?instId=ETHFI-USDT-SWAP "HTTP/2 200 OK"
2026-03-16 16:05:28,210 | INFO | HTTP Request: GET https://www.okx.com/api/v5/market/candles?instId=HMSTR-USDT-SWAP&bar=5m&limit=71 "HTTP/2 200 OK"
2026-03-16 16:05:28,517 | INFO | HTTP Request: GET https://www.okx.com/api/v5/market/candles?instId=HOME-USDT-SWAP&bar=5m&limit=71 "HTTP/2 200 OK"
2026-03-16 16:05:28,589 | INFO | HTTP Request: GET https://www.okx.com/api/v5/market/ticker?instId=ETHW-USDT-SWAP "HTTP/2 200 OK"
2026-03-16 16:05:28,885 | INFO | HTTP Request: GET https://www.okx.com/api/v5/market/ticker?instId=HOME-USDT-SWAP "HTTP/2 200 OK"
2026-03-16 16:05:29,014 | INFO | HTTP Request: GET https://www.okx.com/api/v5/market/ticker?instId=FIL-USDT-SWAP "HTTP/2 200 OK"
2026-03-16 16:05:29,015 | INFO | HOME-USDT-SWAP: Turtle 20 short-сигнал отклонён (закрытие не удержалось ниже канала)
2026-03-16 16:05:29,318 | INFO | HTTP Request: GET https://www.okx.com/api/v5/market/candles?instId=ICP-USDT-SWAP&bar=5m&limit=71 "HTTP/2 200 OK"
2026-03-16 16:05:29,365 | INFO | HTTP Request: GET https://www.okx.com/api/v5/market/ticker?instId=FLOKI-USDT-SWAP "HTTP/2 200 OK"
2026-03-16 16:05:29,554 | INFO | HTTP Request: GET https://www.okx.com/api/v5/market/ticker?instId=ICP-USDT-SWAP "HTTP/2 200 OK"
2026-03-16 16:05:29,555 | INFO | ICP-USDT-SWAP: Turtle 55 short-сигнал отклонён (закрытие не удержалось ниже канала)
2026-03-16 16:05:29,556 | INFO | ICP-USDT-SWAP: Turtle 20 short-сигнал отклонён (закрытие не удержалось ниже канала)
2026-03-16 16:05:29,772 | INFO | HTTP Request: GET https://www.okx.com/api/v5/account/balance "HTTP/2 200 OK"
2026-03-16 16:05:29,772 | INFO | HTTP Request: GET https://www.okx.com/api/v5/market/ticker?instId=GMT-USDT-SWAP "HTTP/2 200 OK"
2026-03-16 16:05:29,792 | INFO | HTTP Request: GET https://www.okx.com/api/v5/market/candles?instId=IMX-USDT-SWAP&bar=5m&limit=71 "HTTP/2 200 OK"
2026-03-16 16:05:30,113 | INFO | HTTP Request: GET https://www.okx.com/api/v5/market/candles?instId=INJ-USDT-SWAP&bar=5m&limit=71 "HTTP/2 200 OK"
2026-03-16 16:05:30,126 | INFO | HTTP Request: GET https://www.okx.com/api/v5/market/ticker?instId=H-USDT-SWAP "HTTP/2 200 OK"
2026-03-16 16:05:30,365 | INFO | HTTP Request: GET https://www.okx.com/api/v5/market/candles?instId=IOTA-USDT-SWAP&bar=5m&limit=71 "HTTP/2 200 OK"
2026-03-16 16:05:30,665 | INFO | HTTP Request: GET https://www.okx.com/api/v5/market/candles?instId=JUP-USDT-SWAP&bar=5m&limit=71 "HTTP/2 200 OK"
2026-03-16 16:05:30,721 | INFO | HTTP Request: GET https://www.okx.com/api/v5/market/ticker?instId=HBAR-USDT-SWAP "HTTP/2 200 OK"
2026-03-16 16:05:30,962 | INFO | HTTP Request: GET https://www.okx.com/api/v5/market/candles?instId=KAITO-USDT-SWAP&bar=5m&limit=71 "HTTP/2 200 OK"
2026-03-16 16:05:31,138 | INFO | HTTP Request: GET https://www.okx.com/api/v5/market/ticker?instId=HMSTR-USDT-SWAP "HTTP/2 200 OK"
2026-03-16 16:05:31,201 | INFO | HTTP Request: GET https://www.okx.com/api/v5/market/candles?instId=KSM-USDT-SWAP&bar=5m&limit=71 "HTTP/2 200 OK"
2026-03-16 16:05:31,502 | INFO | HTTP Request: GET https://www.okx.com/api/v5/market/candles?instId=LDO-USDT-SWAP&bar=5m&limit=71 "HTTP/2 200 OK"
2026-03-16 16:05:31,739 | INFO | HTTP Request: GET https://www.okx.com/api/v5/market/candles?instId=LINEA-USDT-SWAP&bar=5m&limit=71 "HTTP/2 200 OK"
2026-03-16 16:05:31,877 | INFO | HTTP Request: GET https://www.okx.com/api/v5/market/ticker?instId=IMX-USDT-SWAP "HTTP/2 200 OK"
2026-03-16 16:05:32,028 | INFO | HTTP Request: GET https://www.okx.com/api/v5/market/candles?instId=LINK-USDT-SWAP&bar=5m&limit=71 "HTTP/2 200 OK"
2026-03-16 16:05:32,278 | INFO | HTTP Request: GET https://www.okx.com/api/v5/market/candles?instId=LIT-USDT-SWAP&bar=5m&limit=71 "HTTP/2 200 OK"
2026-03-16 16:05:32,384 | INFO | HTTP Request: GET https://www.okx.com/api/v5/market/ticker?instId=INJ-USDT-SWAP "HTTP/2 200 OK"
2026-03-16 16:05:32,578 | INFO | HTTP Request: GET https://www.okx.com/api/v5/market/candles?instId=LPT-USDT-SWAP&bar=5m&limit=71 "HTTP/2 200 OK"
2026-03-16 16:05:32,892 | INFO | HTTP Request: GET https://www.okx.com/api/v5/market/candles?instId=LQTY-USDT-SWAP&bar=5m&limit=71 "HTTP/2 200 OK"
2026-03-16 16:05:32,995 | INFO | HTTP Request: GET https://www.okx.com/api/v5/market/ticker?instId=IOTA-USDT-SWAP "HTTP/2 200 OK"
2026-03-16 16:05:33,141 | INFO | HTTP Request: GET https://www.okx.com/api/v5/market/candles?instId=LRC-USDT-SWAP&bar=5m&limit=71 "HTTP/2 200 OK"
2026-03-16 16:05:33,359 | INFO | HTTP Request: GET https://www.okx.com/api/v5/market/ticker?instId=JUP-USDT-SWAP "HTTP/2 200 OK"
2026-03-16 16:05:33,388 | INFO | HTTP Request: GET https://www.okx.com/api/v5/market/ticker?instId=LRC-USDT-SWAP "HTTP/2 200 OK"
2026-03-16 16:05:33,696 | INFO | HTTP Request: GET https://www.okx.com/api/v5/market/candles?instId=LTC-USDT-SWAP&bar=5m&limit=71 "HTTP/2 200 OK"
2026-03-16 16:05:33,728 | INFO | HTTP Request: GET https://www.okx.com/api/v5/market/ticker?instId=KAITO-USDT-SWAP "HTTP/2 200 OK"
2026-03-16 16:05:33,858 | INFO | HTTP Request: GET https://www.okx.com/api/v5/market/candles?instId=BTC-USDT-SWAP&bar=5m&limit=64 "HTTP/2 200 OK"
2026-03-16 16:05:33,962 | INFO | HTTP Request: GET https://www.okx.com/api/v5/market/candles?instId=MAGIC-USDT-SWAP&bar=5m&limit=71 "HTTP/2 200 OK"
2026-03-16 16:05:34,210 | INFO | HTTP Request: GET https://www.okx.com/api/v5/market/candles?instId=MAJOR-USDT-SWAP&bar=5m&limit=71 "HTTP/2 200 OK"
2026-03-16 16:05:34,285 | INFO | HTTP Request: GET https://www.okx.com/api/v5/market/ticker?instId=KSM-USDT-SWAP "HTTP/2 200 OK"
2026-03-16 16:05:34,524 | INFO | HTTP Request: GET https://www.okx.com/api/v5/market/candles?instId=MASK-USDT-SWAP&bar=5m&limit=71 "HTTP/2 200 OK"
2026-03-16 16:05:34,639 | INFO | HTTP Request: GET https://www.okx.com/api/v5/market/ticker?instId=LDO-USDT-SWAP "HTTP/2 200 OK"
2026-03-16 16:05:34,822 | INFO | HTTP Request: GET https://www.okx.com/api/v5/market/candles?instId=MET-USDT-SWAP&bar=5m&limit=71 "HTTP/2 200 OK"
2026-03-16 16:05:35,057 | INFO | HTTP Request: GET https://www.okx.com/api/v5/market/candles?instId=MINA-USDT-SWAP&bar=5m&limit=71 "HTTP/2 200 OK"
2026-03-16 16:05:35,084 | INFO | HTTP Request: GET https://www.okx.com/api/v5/market/ticker?instId=LINEA-USDT-SWAP "HTTP/2 200 OK"
2026-03-16 16:05:35,187 | INFO | HTTP Request: GET https://www.okx.com/api/v5/account/balance "HTTP/2 200 OK"
2026-03-16 16:05:35,370 | INFO | HTTP Request: GET https://www.okx.com/api/v5/market/candles?instId=MKR-USDT-SWAP&bar=5m&limit=71 "HTTP/2 200 OK"
2026-03-16 16:05:35,502 | INFO | HTTP Request: GET https://www.okx.com/api/v5/market/ticker?instId=LINK-USDT-SWAP "HTTP/2 200 OK"
2026-03-16 16:05:35,734 | INFO | HTTP Request: GET https://www.okx.com/api/v5/market/candles?instId=MUBARAK-USDT-SWAP&bar=5m&limit=71 "HTTP/2 200 OK"
2026-03-16 16:05:35,981 | INFO | HTTP Request: GET https://www.okx.com/api/v5/market/candles?instId=NEAR-USDT-SWAP&bar=5m&limit=71 "HTTP/2 200 OK"
2026-03-16 16:05:36,105 | INFO | HTTP Request: GET https://www.okx.com/api/v5/market/ticker?instId=LIT-USDT-SWAP "HTTP/2 200 OK"
2026-03-16 16:05:36,223 | INFO | HTTP Request: GET https://www.okx.com/api/v5/market/candles?instId=NEO-USDT-SWAP&bar=5m&limit=71 "HTTP/2 200 OK"
2026-03-16 16:05:36,473 | INFO | HTTP Request: GET https://www.okx.com/api/v5/market/ticker?instId=LPT-USDT-SWAP "HTTP/2 200 OK"
2026-03-16 16:05:36,531 | INFO | HTTP Request: GET https://www.okx.com/api/v5/market/candles?instId=NOT-USDT-SWAP&bar=5m&limit=71 "HTTP/2 200 OK"
2026-03-16 16:05:36,763 | INFO | HTTP Request: GET https://www.okx.com/api/v5/market/candles?instId=OP-USDT-SWAP&bar=5m&limit=71 "HTTP/2 200 OK"
2026-03-16 16:05:36,832 | INFO | HTTP Request: GET https://www.okx.com/api/v5/market/ticker?instId=LQTY-USDT-SWAP "HTTP/2 200 OK"
2026-03-16 16:05:37,065 | INFO | HTTP Request: GET https://www.okx.com/api/v5/market/candles?instId=PEPE-USDT-SWAP&bar=5m&limit=71 "HTTP/2 200 OK"
2026-03-16 16:05:37,306 | INFO | HTTP Request: GET https://www.okx.com/api/v5/market/ticker?instId=LTC-USDT-SWAP "HTTP/2 200 OK"
2026-03-16 16:05:37,379 | INFO | HTTP Request: GET https://www.okx.com/api/v5/market/candles?instId=PIGGY-USDT-SWAP&bar=5m&limit=71 "HTTP/2 200 OK"
2026-03-16 16:05:37,630 | INFO | HTTP Request: GET https://www.okx.com/api/v5/market/candles?instId=QTUM-USDT-SWAP&bar=5m&limit=71 "HTTP/2 200 OK"
2026-03-16 16:05:37,659 | INFO | HTTP Request: GET https://www.okx.com/api/v5/market/ticker?instId=MAGIC-USDT-SWAP "HTTP/2 200 OK"
2026-03-16 16:05:37,955 | INFO | HTTP Request: GET https://www.okx.com/api/v5/market/candles?instId=RAVE-USDT-SWAP&bar=5m&limit=71 "HTTP/2 200 OK"
2026-03-16 16:05:38,029 | INFO | HTTP Request: GET https://www.okx.com/api/v5/market/ticker?instId=MAJOR-USDT-SWAP "HTTP/2 200 OK"
2026-03-16 16:05:38,248 | INFO | HTTP Request: GET https://www.okx.com/api/v5/market/candles?instId=RESOLV-USDT-SWAP&bar=5m&limit=71 "HTTP/2 200 OK"
2026-03-16 16:05:38,396 | INFO | HTTP Request: GET https://www.okx.com/api/v5/market/ticker?instId=MASK-USDT-SWAP "HTTP/2 200 OK"
2026-03-16 16:05:38,572 | INFO | HTTP Request: GET https://www.okx.com/api/v5/market/candles?instId=ROBO-USDT-SWAP&bar=5m&limit=71 "HTTP/2 200 OK"
2026-03-16 16:05:38,749 | INFO | HTTP Request: GET https://www.okx.com/api/v5/market/ticker?instId=MET-USDT-SWAP "HTTP/2 200 OK"
2026-03-16 16:05:38,819 | INFO | HTTP Request: GET https://www.okx.com/api/v5/market/candles?instId=SAND-USDT-SWAP&bar=5m&limit=71 "HTTP/2 200 OK"
2026-03-16 16:05:39,068 | INFO | HTTP Request: GET https://www.okx.com/api/v5/market/ticker?instId=SAND-USDT-SWAP "HTTP/2 200 OK"
2026-03-16 16:05:39,069 | INFO | SAND-USDT-SWAP: Turtle 55 short-сигнал отклонён (закрытие не удержалось ниже канала)
2026-03-16 16:05:39,069 | INFO | SAND-USDT-SWAP: Turtle 20 short-сигнал отклонён (закрытие не удержалось ниже канала)
2026-03-16 16:05:39,171 | INFO | HTTP Request: GET https://www.okx.com/api/v5/market/ticker?instId=MINA-USDT-SWAP "HTTP/2 200 OK"
2026-03-16 16:05:39,374 | INFO | HTTP Request: GET https://www.okx.com/api/v5/market/candles?instId=SCR-USDT-SWAP&bar=5m&limit=71 "HTTP/2 200 OK"
2026-03-16 16:05:39,588 | INFO | HTTP Request: GET https://www.okx.com/api/v5/market/ticker?instId=MKR-USDT-SWAP "HTTP/2 200 OK"
2026-03-16 16:05:39,609 | INFO | HTTP Request: GET https://www.okx.com/api/v5/market/candles?instId=SHIB-USDT-SWAP&bar=5m&limit=71 "HTTP/2 200 OK"
2026-03-16 16:05:39,916 | INFO | HTTP Request: GET https://www.okx.com/api/v5/market/candles?instId=SKY-USDT-SWAP&bar=5m&limit=71 "HTTP/2 200 OK"
2026-03-16 16:05:40,005 | INFO | HTTP Request: GET https://www.okx.com/api/v5/market/ticker?instId=MUBARAK-USDT-SWAP "HTTP/2 200 OK"
2026-03-16 16:05:40,169 | INFO | HTTP Request: GET https://www.okx.com/api/v5/market/candles?instId=BTC-USDT-SWAP&bar=5m&limit=64 "HTTP/2 200 OK"
2026-03-16 16:05:40,237 | INFO | HTTP Request: GET https://www.okx.com/api/v5/market/candles?instId=SOL-USDT-SWAP&bar=5m&limit=71 "HTTP/2 200 OK"
2026-03-16 16:05:40,366 | INFO | HTTP Request: GET https://www.okx.com/api/v5/market/ticker?instId=NEAR-USDT-SWAP "HTTP/2 200 OK"
2026-03-16 16:05:40,484 | INFO | HTTP Request: GET https://www.okx.com/api/v5/market/candles?instId=SOLV-USDT-SWAP&bar=5m&limit=71 "HTTP/2 200 OK"
2026-03-16 16:05:40,652 | INFO | HTTP Request: GET https://www.okx.com/api/v5/account/balance "HTTP/2 200 OK"
2026-03-16 16:05:40,721 | INFO | HTTP Request: GET https://www.okx.com/api/v5/market/ticker?instId=NEO-USDT-SWAP "HTTP/2 200 OK"
2026-03-16 16:05:40,807 | INFO | HTTP Request: GET https://www.okx.com/api/v5/market/candles?instId=SPK-USDT-SWAP&bar=5m&limit=71 "HTTP/2 200 OK"
2026-03-16 16:05:41,074 | INFO | HTTP Request: GET https://www.okx.com/api/v5/market/ticker?instId=NOT-USDT-SWAP "HTTP/2 200 OK"
2026-03-16 16:05:41,135 | INFO | HTTP Request: GET https://www.okx.com/api/v5/market/candles?instId=STRK-USDT-SWAP&bar=5m&limit=71 "HTTP/2 200 OK"
2026-03-16 16:05:41,474 | INFO | HTTP Request: GET https://www.okx.com/api/v5/market/candles?instId=SUI-USDT-SWAP&bar=5m&limit=71 "HTTP/2 200 OK"
2026-03-16 16:05:41,489 | INFO | HTTP Request: GET https://www.okx.com/api/v5/market/ticker?instId=OP-USDT-SWAP "HTTP/2 200 OK"
2026-03-16 16:05:41,721 | INFO | HTTP Request: GET https://www.okx.com/api/v5/market/candles?instId=SUSHI-USDT-SWAP&bar=5m&limit=71 "HTTP/2 200 OK"
2026-03-16 16:05:41,925 | INFO | HTTP Request: GET https://www.okx.com/api/v5/market/ticker?instId=PEPE-USDT-SWAP "HTTP/2 200 OK"
2026-03-16 16:05:42,255 | INFO | HTTP Request: GET https://www.okx.com/api/v5/market/candles?instId=SYRUP-USDT-SWAP&bar=5m&limit=71 "HTTP/2 200 OK"
2026-03-16 16:05:42,343 | INFO | HTTP Request: GET https://www.okx.com/api/v5/market/ticker?instId=PIGGY-USDT-SWAP "HTTP/2 200 OK"
2026-03-16 16:05:42,557 | INFO | HTTP Request: GET https://www.okx.com/api/v5/market/candles?instId=TEST1234-USDT-SWAP&bar=5m&limit=71 "HTTP/2 200 OK"
2026-03-16 16:05:42,773 | INFO | HTTP Request: GET https://www.okx.com/api/v5/market/ticker?instId=QTUM-USDT-SWAP "HTTP/2 200 OK"
2026-03-16 16:05:42,865 | INFO | HTTP Request: GET https://www.okx.com/api/v5/market/candles?instId=TEST3103-USDT-SWAP&bar=5m&limit=71 "HTTP/2 200 OK"
2026-03-16 16:05:43,164 | INFO | HTTP Request: GET https://www.okx.com/api/v5/market/candles?instId=TEST3110-USDT-SWAP&bar=5m&limit=71 "HTTP/2 200 OK"
2026-03-16 16:05:43,224 | INFO | HTTP Request: GET https://www.okx.com/api/v5/market/ticker?instId=RAVE-USDT-SWAP "HTTP/2 200 OK"
2026-03-16 16:05:43,400 | INFO | HTTP Request: GET https://www.okx.com/api/v5/market/candles?instId=THETA-USDT-SWAP&bar=5m&limit=71 "HTTP/2 200 OK"
2026-03-16 16:05:43,578 | INFO | HTTP Request: GET https://www.okx.com/api/v5/market/ticker?instId=RESOLV-USDT-SWAP "HTTP/2 200 OK"
2026-03-16 16:05:43,650 | INFO | HTTP Request: GET https://www.okx.com/api/v5/market/candles?instId=TON-USDT-SWAP&bar=5m&limit=71 "HTTP/2 200 OK"
2026-03-16 16:05:43,947 | INFO | HTTP Request: GET https://www.okx.com/api/v5/market/candles?instId=TRIA-USDT-SWAP&bar=5m&limit=71 "HTTP/2 200 OK"
2026-03-16 16:05:43,992 | INFO | HTTP Request: GET https://www.okx.com/api/v5/market/ticker?instId=ROBO-USDT-SWAP "HTTP/2 200 OK"
2026-03-16 16:05:44,196 | INFO | HTTP Request: GET https://www.okx.com/api/v5/market/candles?instId=TRX-USDT-SWAP&bar=5m&limit=71 "HTTP/2 200 OK"
2026-03-16 16:05:44,443 | INFO | HTTP Request: GET https://www.okx.com/api/v5/market/candles?instId=TSLA-USDT-SWAP&bar=5m&limit=71 "HTTP/2 200 OK"
2026-03-16 16:05:44,529 | INFO | HTTP Request: GET https://www.okx.com/api/v5/market/ticker?instId=SCR-USDT-SWAP "HTTP/2 200 OK"
2026-03-16 16:05:44,682 | INFO | HTTP Request: GET https://www.okx.com/api/v5/market/candles?instId=XAG-USDT-SWAP&bar=5m&limit=71 "HTTP/2 200 OK"
2026-03-16 16:05:45,008 | INFO | HTTP Request: GET https://www.okx.com/api/v5/market/candles?instId=XAU-USDT-SWAP&bar=5m&limit=71 "HTTP/2 200 OK"
2026-03-16 16:05:45,096 | INFO | HTTP Request: GET https://www.okx.com/api/v5/market/ticker?instId=SHIB-USDT-SWAP "HTTP/2 200 OK"
2026-03-16 16:05:45,244 | INFO | HTTP Request: GET https://www.okx.com/api/v5/market/candles?instId=XLM-USDT-SWAP&bar=5m&limit=71 "HTTP/2 200 OK"
2026-03-16 16:05:45,449 | INFO | HTTP Request: GET https://www.okx.com/api/v5/market/ticker?instId=SKY-USDT-SWAP "HTTP/2 200 OK"
2026-03-16 16:05:45,600 | INFO | HTTP Request: GET https://www.okx.com/api/v5/market/candles?instId=XPL-USDT-SWAP&bar=5m&limit=71 "HTTP/2 200 OK"
2026-03-16 16:05:45,866 | INFO | HTTP Request: GET https://www.okx.com/api/v5/market/ticker?instId=SOL-USDT-SWAP "HTTP/2 200 OK"
2026-03-16 16:05:45,899 | INFO | HTTP Request: GET https://www.okx.com/api/v5/market/candles?instId=XRP-USDT-SWAP&bar=5m&limit=71 "HTTP/2 200 OK"
2026-03-16 16:05:45,951 | INFO | HTTP Request: GET https://www.okx.com/api/v5/account/balance "HTTP/2 200 OK"
2026-03-16 16:05:46,196 | INFO | HTTP Request: GET https://www.okx.com/api/v5/market/candles?instId=XSR-USDT-SWAP&bar=5m&limit=71 "HTTP/2 200 OK"
2026-03-16 16:05:46,219 | INFO | HTTP Request: GET https://www.okx.com/api/v5/market/ticker?instId=SOLV-USDT-SWAP "HTTP/2 200 OK"
2026-03-16 16:05:46,360 | INFO | HTTP Request: GET https://www.okx.com/api/v5/market/candles?instId=BTC-USDT-SWAP&bar=5m&limit=64 "HTTP/2 200 OK"
2026-03-16 16:05:46,493 | INFO | HTTP Request: GET https://www.okx.com/api/v5/market/candles?instId=XTZ-USDT-SWAP&bar=5m&limit=71 "HTTP/2 200 OK"
2026-03-16 16:05:46,579 | INFO | HTTP Request: GET https://www.okx.com/api/v5/market/ticker?instId=SPK-USDT-SWAP "HTTP/2 200 OK"
2026-03-16 16:05:46,730 | INFO | HTTP Request: GET https://www.okx.com/api/v5/market/candles?instId=YB-USDT-SWAP&bar=5m&limit=71 "HTTP/2 200 OK"
2026-03-16 16:05:46,948 | INFO | HTTP Request: GET https://www.okx.com/api/v5/market/ticker?instId=STRK-USDT-SWAP "HTTP/2 200 OK"
2026-03-16 16:05:46,981 | INFO | HTTP Request: GET https://www.okx.com/api/v5/market/candles?instId=YFI-USDT-SWAP&bar=5m&limit=71 "HTTP/2 200 OK"
2026-03-16 16:05:47,281 | INFO | HTTP Request: GET https://www.okx.com/api/v5/market/candles?instId=YGG-USDT-SWAP&bar=5m&limit=71 "HTTP/2 200 OK"
2026-03-16 16:05:47,302 | INFO | HTTP Request: GET https://www.okx.com/api/v5/market/ticker?instId=SUI-USDT-SWAP "HTTP/2 200 OK"
2026-03-16 16:05:47,578 | INFO | HTTP Request: GET https://www.okx.com/api/v5/market/candles?instId=ZAMA-USDT-SWAP&bar=5m&limit=71 "HTTP/2 200 OK"
2026-03-16 16:05:47,730 | INFO | HTTP Request: GET https://www.okx.com/api/v5/market/ticker?instId=SUSHI-USDT-SWAP "HTTP/2 200 OK"
2026-03-16 16:05:47,968 | INFO | HTTP Request: GET https://www.okx.com/api/v5/market/candles?instId=ZBCN-USDT-SWAP&bar=5m&limit=71 "HTTP/2 200 OK"
2026-03-16 16:05:48,083 | INFO | HTTP Request: GET https://www.okx.com/api/v5/market/ticker?instId=SYRUP-USDT-SWAP "HTTP/2 200 OK"
2026-03-16 16:05:48,258 | INFO | HTTP Request: GET https://www.okx.com/api/v5/market/candles?instId=ZETA-USDT-SWAP&bar=5m&limit=71 "HTTP/2 200 OK"
2026-03-16 16:05:48,450 | INFO | HTTP Request: GET https://www.okx.com/api/v5/market/ticker?instId=TEST1234-USDT-SWAP "HTTP/2 200 OK"
2026-03-16 16:05:48,507 | INFO | HTTP Request: GET https://www.okx.com/api/v5/market/candles?instId=ZIL-USDT-SWAP&bar=5m&limit=71 "HTTP/2 200 OK"
2026-03-16 16:05:48,803 | INFO | HTTP Request: GET https://www.okx.com/api/v5/account/balance "HTTP/2 200 OK"
2026-03-16 16:05:48,804 | INFO | Placing order LRC-USDT-SWAP sell qty=4000.0
2026-03-16 16:05:48,892 | INFO | HTTP Request: GET https://www.okx.com/api/v5/market/ticker?instId=TEST3103-USDT-SWAP "HTTP/2 200 OK"
2026-03-16 16:05:49,132 | INFO | HTTP Request: POST https://www.okx.com/api/v5/trade/order "HTTP/2 200 OK"
2026-03-16 16:05:49,311 | INFO | HTTP Request: GET https://www.okx.com/api/v5/market/ticker?instId=TEST3110-USDT-SWAP "HTTP/2 200 OK"
2026-03-16 16:05:49,434 | INFO | HTTP Request: GET https://www.okx.com/api/v5/account/positions?instType=SWAP "HTTP/2 200 OK"
2026-03-16 16:05:49,727 | INFO | HTTP Request: GET https://www.okx.com/api/v5/market/candles?instId=LRC-USDT-SWAP&bar=5m&limit=81 "HTTP/2 200 OK"
2026-03-16 16:05:49,728 | INFO | Placing exchange stop LRC-USDT-SWAP short payload={'instId': 'LRC-USDT-SWAP', 'tdMode': 'isolated', 'side': 'buy', 'posSide': 'net', 'ordType': 'conditional', 'sz': '4000', 'slTriggerPx': '0.029603', 'slOrdPx': '-1'}
2026-03-16 16:05:49,731 | INFO | HTTP Request: GET https://www.okx.com/api/v5/market/ticker?instId=THETA-USDT-SWAP "HTTP/2 200 OK"
2026-03-16 16:05:49,964 | INFO | HTTP Request: POST https://www.okx.com/api/v5/trade/order-algo "HTTP/2 200 OK"
2026-03-16 16:05:50,152 | INFO | HTTP Request: GET https://www.okx.com/api/v5/market/ticker?instId=TON-USDT-SWAP "HTTP/2 200 OK"
2026-03-16 16:05:50,201 | INFO | HTTP Request: GET https://www.okx.com/api/v5/market/candles?instId=ETC-USDT-SWAP&bar=5m&limit=26 "HTTP/2 200 OK"
2026-03-16 16:05:50,447 | INFO | HTTP Request: GET https://www.okx.com/api/v5/market/ticker?instId=ETC-USDT-SWAP "HTTP/2 200 OK"
2026-03-16 16:05:50,524 | INFO | HTTP Request: GET https://www.okx.com/api/v5/market/ticker?instId=TRIA-USDT-SWAP "HTTP/2 200 OK"
2026-03-16 16:05:50,691 | INFO | HTTP Request: GET https://www.okx.com/api/v5/trade/orders-algo-pending?ordType=conditional&instType=SWAP&instId=ETC-USDT-SWAP "HTTP/2 200 OK"
2026-03-16 16:05:50,995 | INFO | HTTP Request: GET https://www.okx.com/api/v5/trade/orders-algo-pending?ordType=oco&instType=SWAP&instId=ETC-USDT-SWAP "HTTP/2 200 OK"
2026-03-16 16:05:51,297 | INFO | HTTP Request: GET https://www.okx.com/api/v5/trade/orders-algo-pending?ordType=trigger&instType=SWAP&instId=ETC-USDT-SWAP "HTTP/2 200 OK"
2026-03-16 16:05:51,356 | INFO | HTTP Request: GET https://www.okx.com/api/v5/market/candles?instId=BTC-USDT-SWAP&bar=5m&limit=64 "HTTP/2 200 OK"
2026-03-16 16:05:51,624 | INFO | HTTP Request: GET https://www.okx.com/api/v5/trade/orders-algo-pending?ordType=move_order_stop&instType=SWAP&instId=ETC-USDT-SWAP "HTTP/2 200 OK"
2026-03-16 16:05:51,902 | INFO | HTTP Request: GET https://www.okx.com/api/v5/market/ticker?instId=XTZ-USDT-SWAP "HTTP/2 200 OK"
2026-03-16 16:05:51,933 | INFO | HTTP Request: GET https://www.okx.com/api/v5/trade/orders-algo-pending?ordType=iceberg&instType=SWAP&instId=ETC-USDT-SWAP "HTTP/2 200 OK"
2026-03-16 16:05:52,186 | INFO | HTTP Request: GET https://www.okx.com/api/v5/trade/orders-algo-pending?ordType=twap&instType=SWAP&instId=ETC-USDT-SWAP "HTTP/2 200 OK"
2026-03-16 16:05:52,317 | INFO | HTTP Request: GET https://www.okx.com/api/v5/market/ticker?instId=YB-USDT-SWAP "HTTP/2 200 OK"
2026-03-16 16:05:52,477 | INFO | HTTP Request: GET https://www.okx.com/api/v5/trade/orders-algo-pending?ordType=chase&instType=SWAP&instId=ETC-USDT-SWAP "HTTP/2 200 OK"
2026-03-16 16:05:52,752 | INFO | HTTP Request: GET https://www.okx.com/api/v5/market/candles?instId=BNB-USDT-SWAP&bar=5m&limit=26 "HTTP/2 200 OK"
2026-03-16 16:05:52,754 | INFO | HTTP Request: GET https://www.okx.com/api/v5/market/ticker?instId=YFI-USDT-SWAP "HTTP/2 200 OK"
2026-03-16 16:05:52,986 | INFO | HTTP Request: GET https://www.okx.com/api/v5/market/ticker?instId=BNB-USDT-SWAP "HTTP/2 200 OK"
2026-03-16 16:05:53,173 | INFO | HTTP Request: GET https://www.okx.com/api/v5/market/ticker?instId=YGG-USDT-SWAP "HTTP/2 200 OK"
2026-03-16 16:05:53,223 | INFO | HTTP Request: GET https://www.okx.com/api/v5/trade/orders-algo-pending?ordType=conditional&instType=SWAP&instId=BNB-USDT-SWAP "HTTP/2 200 OK"
2026-03-16 16:05:53,459 | INFO | HTTP Request: GET https://www.okx.com/api/v5/trade/orders-algo-pending?ordType=oco&instType=SWAP&instId=BNB-USDT-SWAP "HTTP/2 200 OK"
2026-03-16 16:05:53,589 | INFO | HTTP Request: GET https://www.okx.com/api/v5/market/ticker?instId=ZAMA-USDT-SWAP "HTTP/2 200 OK"
2026-03-16 16:05:53,711 | INFO | HTTP Request: GET https://www.okx.com/api/v5/trade/orders-algo-pending?ordType=trigger&instType=SWAP&instId=BNB-USDT-SWAP "HTTP/2 200 OK"
2026-03-16 16:05:53,943 | INFO | HTTP Request: GET https://www.okx.com/api/v5/market/ticker?instId=ZBCN-USDT-SWAP "HTTP/2 200 OK"
2026-03-16 16:05:53,961 | INFO | HTTP Request: GET https://www.okx.com/api/v5/trade/orders-algo-pending?ordType=move_order_stop&instType=SWAP&instId=BNB-USDT-SWAP "HTTP/2 200 OK"
2026-03-16 16:05:54,199 | INFO | HTTP Request: GET https://www.okx.com/api/v5/trade/orders-algo-pending?ordType=iceberg&instType=SWAP&instId=BNB-USDT-SWAP "HTTP/2 200 OK"
2026-03-16 16:05:54,373 | INFO | HTTP Request: GET https://www.okx.com/api/v5/market/ticker?instId=ZETA-USDT-SWAP "HTTP/2 200 OK"
2026-03-16 16:05:54,496 | INFO | HTTP Request: GET https://www.okx.com/api/v5/trade/orders-algo-pending?ordType=twap&instType=SWAP&instId=BNB-USDT-SWAP "HTTP/2 200 OK"
2026-03-16 16:05:54,799 | INFO | HTTP Request: GET https://www.okx.com/api/v5/market/ticker?instId=ZIL-USDT-SWAP "HTTP/2 200 OK"
2026-03-16 16:05:54,812 | INFO | HTTP Request: GET https://www.okx.com/api/v5/trade/orders-algo-pending?ordType=chase&instType=SWAP&instId=BNB-USDT-SWAP "HTTP/2 200 OK"
2026-03-16 16:05:54,812 | INFO | Placing order BNB-USDT-SWAP sell qty=194.0
2026-03-16 16:05:55,111 | INFO | HTTP Request: POST https://www.okx.com/api/v5/trade/order "HTTP/2 200 OK"
2026-03-16 16:05:55,218 | INFO | HTTP Request: GET https://www.okx.com/api/v5/market/ticker?instId=ETC-USDT-SWAP "HTTP/2 200 OK"
2026-03-16 16:05:55,525 | INFO | HTTP Request: GET https://www.okx.com/api/v5/market/candles?instId=ETC-USDT-SWAP&bar=5m&limit=89 "HTTP/2 200 OK"
2026-03-16 16:05:55,532 | INFO | HTTP Request: GET https://www.okx.com/api/v5/account/positions?instType=SWAP "HTTP/2 200 OK"
2026-03-16 16:05:55,778 | INFO | HTTP Request: POST https://www.okx.com/api/v5/trade/cancel-algos "HTTP/2 200 OK"
2026-03-16 16:05:55,785 | INFO | Placing exchange stop BNB-USDT-SWAP short payload={'instId': 'BNB-USDT-SWAP', 'tdMode': 'isolated', 'side': 'buy', 'posSide': 'net', 'ordType': 'conditional', 'sz': '388', 'slTriggerPx': '722.8475', 'slOrdPx': '-1'}
2026-03-16 16:05:55,936 | INFO | HTTP Request: GET https://www.okx.com/api/v5/market/candles?instId=BTC-USDT-SWAP&bar=5m&limit=64 "HTTP/2 200 OK"
2026-03-16 16:05:56,062 | INFO | HTTP Request: GET https://www.okx.com/api/v5/market/ticker?instId=CRO-USDT-SWAP "HTTP/2 200 OK"
2026-03-16 16:05:56,109 | INFO | HTTP Request: POST https://www.okx.com/api/v5/trade/order-algo "HTTP/2 200 OK"
2026-03-16 16:05:56,373 | INFO | HTTP Request: GET https://www.okx.com/api/v5/market/candles?instId=CRO-USDT-SWAP&bar=5m&limit=89 "HTTP/2 200 OK"
2026-03-16 16:05:56,408 | INFO | HTTP Request: GET https://www.okx.com/api/v5/market/candles?instId=CRO-USDT-SWAP&bar=5m&limit=26 "HTTP/2 200 OK"
2026-03-16 16:05:56,413 | INFO | Closing position CRO-USDT-SWAP. Локальный защитный выход 2.0N
2026-03-16 16:05:56,663 | INFO | HTTP Request: POST https://www.okx.com/api/v5/trade/close-position "HTTP/2 200 OK"
2026-03-16 16:05:56,664 | WARNING | Failed to load json context : [Errno 13] Permission denied: '.'
2026-03-16 16:05:56,739 | INFO | HTTP Request: GET https://www.okx.com/api/v5/market/ticker?instId=BREV-USDT-SWAP "HTTP/2 200 OK"
2026-03-16 16:05:56,954 | INFO | HTTP Request: GET https://www.okx.com/api/v5/market/candles?instId=CRO-USDT-SWAP&bar=5m&limit=97 "HTTP/2 200 OK"
2026-03-16 16:05:57,001 | INFO | HTTP Request: GET https://www.okx.com/api/v5/market/candles?instId=BREV-USDT-SWAP&bar=5m&limit=89 "HTTP/2 200 OK"
2026-03-16 16:05:57,004 | INFO | Placing exchange stop BREV-USDT-SWAP long payload={'instId': 'BREV-USDT-SWAP', 'tdMode': 'isolated', 'side': 'sell', 'posSide': 'net', 'ordType': 'conditional', 'sz': '120000', 'slTriggerPx': '1.008904996667', 'slOrdPx': '-1'}
2026-03-16 16:05:57,305 | INFO | HTTP Request: POST https://www.okx.com/api/v5/trade/order-algo "HTTP/2 200 OK"
2026-03-16 16:05:57,449 | INFO | HTTP Request: GET https://www.okx.com/api/v5/market/ticker?instId=LRC-USDT-SWAP "HTTP/2 200 OK"
2026-03-16 16:05:57,566 | INFO | HTTP Request: POST https://www.okx.com/api/v5/trade/cancel-algos "HTTP/2 200 OK"
2026-03-16 16:05:57,567 | INFO | Closing position BREV-USDT-SWAP. Защита тренда: откат от пика 21495003333.33R → 3695003333.33R
2026-03-16 16:05:57,696 | INFO | HTTP Request: GET https://www.okx.com/api/v5/market/candles?instId=LRC-USDT-SWAP&bar=5m&limit=89 "HTTP/2 200 OK"
2026-03-16 16:05:57,804 | INFO | HTTP Request: POST https://www.okx.com/api/v5/trade/close-position "HTTP/2 200 OK"
2026-03-16 16:05:57,805 | WARNING | Failed to load json context : [Errno 13] Permission denied: '.'
2026-03-16 16:05:58,037 | INFO | HTTP Request: GET https://www.okx.com/api/v5/market/candles?instId=BREV-USDT-SWAP&bar=5m&limit=97 "HTTP/2 200 OK"
2026-03-16 16:05:58,115 | INFO | HTTP Request: GET https://www.okx.com/api/v5/market/ticker?instId=1INCH-USDT-SWAP "HTTP/2 200 OK"
2026-03-16 16:05:58,416 | INFO | HTTP Request: GET https://www.okx.com/api/v5/market/candles?instId=1INCH-USDT-SWAP&bar=5m&limit=89 "HTTP/2 200 OK"
