2026-03-22 11:25:13,083 | INFO | HTTP Request: GET https://www.okx.com/api/v5/public/instruments?instType=SWAP "HTTP/2 200 OK"
2026-03-22 11:25:13,099 | INFO | Loaded 112 swap instruments
2026-03-22 11:25:13,386 | INFO | HTTP Request: GET https://www.okx.com/api/v5/public/instruments?instType=SWAP "HTTP/2 200 OK"
2026-03-22 11:25:13,560 | INFO | HTTP Request: GET https://www.okx.com/api/v5/account/balance "HTTP/2 200 OK"
2026-03-22 11:25:13,565 | INFO | HTTP Request: GET https://www.okx.com/api/v5/market/ticker?instId=1INCH-USDT-SWAP "HTTP/2 200 OK"
2026-03-22 11:25:13,770 | INFO | HTTP Request: GET https://www.okx.com/api/v5/account/balance "HTTP/2 200 OK"
2026-03-22 11:25:13,980 | INFO | HTTP Request: GET https://www.okx.com/api/v5/market/candles?instId=1INCH-USDT-SWAP&bar=5m&limit=89 "HTTP/2 200 OK"
2026-03-22 11:25:14,256 | INFO | HTTP Request: GET https://www.okx.com/api/v5/trade/orders-pending?instType=SWAP&instId=1INCH-USDT-SWAP "HTTP/2 200 OK"
2026-03-22 11:25:14,503 | INFO | HTTP Request: GET https://www.okx.com/api/v5/market/ticker?instId=2Z-USDT-SWAP "HTTP/2 200 OK"
2026-03-22 11:25:14,630 | INFO | HTTP Request: GET https://www.okx.com/api/v5/market/ticker?instId=1INCH-USDT-SWAP "HTTP/2 200 OK"
2026-03-22 11:25:14,883 | INFO | HTTP Request: GET https://www.okx.com/api/v5/market/candles?instId=2Z-USDT-SWAP&bar=5m&limit=89 "HTTP/2 200 OK"
2026-03-22 11:25:15,011 | INFO | HTTP Request: GET https://www.okx.com/api/v5/account/positions?instType=SWAP "HTTP/2 200 OK"
2026-03-22 11:25:15,036 | INFO | HTTP Request: GET https://www.okx.com/api/v5/market/candles?instId=BTC-USDT-SWAP&bar=5m&limit=64 "HTTP/2 200 OK"
2026-03-22 11:25:15,401 | INFO | HTTP Request: GET https://www.okx.com/api/v5/market/candles?instId=MAGIC-USDT-SWAP&bar=5m&limit=26 "HTTP/2 200 OK"
2026-03-22 11:25:15,422 | INFO | HTTP Request: GET https://www.okx.com/api/v5/market/ticker?instId=A-USDT-SWAP "HTTP/2 200 OK"
2026-03-22 11:25:15,802 | INFO | HTTP Request: GET https://www.okx.com/api/v5/market/candles?instId=ICP-USDT-SWAP&bar=5m&limit=26 "HTTP/2 200 OK"
2026-03-22 11:25:15,809 | INFO | HTTP Request: GET https://www.okx.com/api/v5/market/candles?instId=A-USDT-SWAP&bar=5m&limit=89 "HTTP/2 200 OK"
2026-03-22 11:25:16,216 | INFO | HTTP Request: GET https://www.okx.com/api/v5/market/candles?instId=SUI-USDT-SWAP&bar=5m&limit=26 "HTTP/2 200 OK"
2026-03-22 11:25:16,347 | INFO | HTTP Request: GET https://www.okx.com/api/v5/market/ticker?instId=AAVE-USDT-SWAP "HTTP/2 200 OK"
2026-03-22 11:25:16,622 | INFO | HTTP Request: GET https://www.okx.com/api/v5/market/candles?instId=ETHFI-USDT-SWAP&bar=5m&limit=26 "HTTP/2 200 OK"
2026-03-22 11:25:16,738 | INFO | HTTP Request: GET https://www.okx.com/api/v5/market/candles?instId=AAVE-USDT-SWAP&bar=5m&limit=89 "HTTP/2 200 OK"
2026-03-22 11:25:17,046 | INFO | HTTP Request: GET https://www.okx.com/api/v5/market/candles?instId=SOL-USDT-SWAP&bar=5m&limit=26 "HTTP/2 200 OK"
2026-03-22 11:25:17,331 | INFO | HTTP Request: GET https://www.okx.com/api/v5/market/ticker?instId=ACT-USDT-SWAP "HTTP/2 200 OK"
2026-03-22 11:25:17,557 | INFO | HTTP Request: GET https://www.okx.com/api/v5/market/candles?instId=1INCH-USDT-SWAP&bar=15m&limit=121 "HTTP/2 200 OK"
2026-03-22 11:25:17,768 | INFO | HTTP Request: GET https://www.okx.com/api/v5/market/candles?instId=ACT-USDT-SWAP&bar=5m&limit=89 "HTTP/2 200 OK"
2026-03-22 11:25:17,965 | INFO | HTTP Request: GET https://www.okx.com/api/v5/market/candles?instId=1INCH-USDT-SWAP&bar=5m&limit=97 "HTTP/2 200 OK"
2026-03-22 11:25:18,268 | INFO | HTTP Request: GET https://www.okx.com/api/v5/market/ticker?instId=ADA-USDT-SWAP "HTTP/2 200 OK"
2026-03-22 11:25:18,372 | INFO | HTTP Request: GET https://www.okx.com/api/v5/market/history-trades?instId=1INCH-USDT-SWAP&limit=100 "HTTP/2 200 OK"
2026-03-22 11:25:18,684 | INFO | HTTP Request: GET https://www.okx.com/api/v5/market/candles?instId=ADA-USDT-SWAP&bar=5m&limit=89 "HTTP/2 200 OK"
2026-03-22 11:25:18,818 | INFO | HTTP Request: GET https://www.okx.com/api/v5/market/books?instId=1INCH-USDT-SWAP&sz=5 "HTTP/2 200 OK"
2026-03-22 11:25:18,996 | INFO | HTTP Request: GET https://www.okx.com/api/v5/account/balance "HTTP/2 200 OK"
2026-03-22 11:25:19,188 | INFO | HTTP Request: GET https://www.okx.com/api/v5/market/ticker?instId=AI16Z-USDT-SWAP "HTTP/2 200 OK"
2026-03-22 11:25:19,414 | INFO | HTTP Request: GET https://www.okx.com/api/v5/market/books?instId=1INCH-USDT-SWAP&sz=5 "HTTP/2 200 OK"
2026-03-22 11:25:19,600 | INFO | HTTP Request: GET https://www.okx.com/api/v5/market/candles?instId=AI16Z-USDT-SWAP&bar=5m&limit=89 "HTTP/2 200 OK"
2026-03-22 11:25:20,016 | INFO | HTTP Request: GET https://www.okx.com/api/v5/market/books?instId=1INCH-USDT-SWAP&sz=5 "HTTP/2 200 OK"
2026-03-22 11:25:20,135 | INFO | HTTP Request: GET https://www.okx.com/api/v5/market/ticker?instId=AKITA-USDT-SWAP "HTTP/2 200 OK"
2026-03-22 11:25:20,520 | INFO | HTTP Request: GET https://www.okx.com/api/v5/market/candles?instId=AKITA-USDT-SWAP&bar=5m&limit=89 "HTTP/2 200 OK"
2026-03-22 11:25:20,628 | INFO | HTTP Request: GET https://www.okx.com/api/v5/market/books?instId=1INCH-USDT-SWAP&sz=5 "HTTP/2 200 OK"
2026-03-22 11:25:21,017 | INFO | HTTP Request: GET https://www.okx.com/api/v5/market/candles?instId=2Z-USDT-SWAP&bar=15m&limit=121 "HTTP/2 200 OK"
2026-03-22 11:25:21,036 | INFO | HTTP Request: GET https://www.okx.com/api/v5/market/ticker?instId=ALGO-USDT-SWAP "HTTP/2 200 OK"
2026-03-22 11:25:21,284 | INFO | HTTP Request: GET https://www.okx.com/api/v5/market/candles?instId=BTC-USDT-SWAP&bar=5m&limit=64 "HTTP/2 200 OK"
2026-03-22 11:25:21,433 | INFO | HTTP Request: GET https://www.okx.com/api/v5/market/candles?instId=ALGO-USDT-SWAP&bar=5m&limit=89 "HTTP/2 200 OK"
2026-03-22 11:25:21,438 | INFO | HTTP Request: GET https://www.okx.com/api/v5/market/candles?instId=2Z-USDT-SWAP&bar=5m&limit=97 "HTTP/2 200 OK"
2026-03-22 11:25:21,815 | INFO | HTTP Request: GET https://www.okx.com/api/v5/market/history-trades?instId=2Z-USDT-SWAP&limit=100 "HTTP/2 200 OK"
2026-03-22 11:25:21,936 | INFO | HTTP Request: GET https://www.okx.com/api/v5/market/ticker?instId=ARB-USDT-SWAP "HTTP/2 200 OK"
2026-03-22 11:25:22,230 | INFO | HTTP Request: GET https://www.okx.com/api/v5/market/books?instId=2Z-USDT-SWAP&sz=5 "HTTP/2 200 OK"
2026-03-22 11:25:22,331 | INFO | HTTP Request: GET https://www.okx.com/api/v5/market/candles?instId=ARB-USDT-SWAP&bar=5m&limit=89 "HTTP/2 200 OK"
2026-03-22 11:25:22,839 | INFO | HTTP Request: GET https://www.okx.com/api/v5/market/books?instId=2Z-USDT-SWAP&sz=5 "HTTP/2 200 OK"
2026-03-22 11:25:22,850 | INFO | HTTP Request: GET https://www.okx.com/api/v5/market/ticker?instId=ASP-USDT-SWAP "HTTP/2 200 OK"
2026-03-22 11:25:23,248 | INFO | HTTP Request: GET https://www.okx.com/api/v5/market/candles?instId=ASP-USDT-SWAP&bar=5m&limit=89 "HTTP/2 200 OK"
2026-03-22 11:25:23,481 | INFO | HTTP Request: GET https://www.okx.com/api/v5/market/books?instId=2Z-USDT-SWAP&sz=5 "HTTP/2 200 OK"
2026-03-22 11:25:23,764 | INFO | HTTP Request: GET https://www.okx.com/api/v5/market/ticker?instId=ASTER-USDT-SWAP "HTTP/2 200 OK"
2026-03-22 11:25:24,076 | INFO | HTTP Request: GET https://www.okx.com/api/v5/market/books?instId=2Z-USDT-SWAP&sz=5 "HTTP/2 200 OK"
2026-03-22 11:25:24,178 | INFO | HTTP Request: GET https://www.okx.com/api/v5/market/candles?instId=ASTER-USDT-SWAP&bar=5m&limit=89 "HTTP/2 200 OK"
2026-03-22 11:25:24,464 | INFO | HTTP Request: GET https://www.okx.com/api/v5/market/candles?instId=A-USDT-SWAP&bar=15m&limit=121 "HTTP/2 200 OK"
2026-03-22 11:25:24,469 | INFO | HTTP Request: GET https://www.okx.com/api/v5/account/balance "HTTP/2 200 OK"
2026-03-22 11:25:24,688 | INFO | HTTP Request: GET https://www.okx.com/api/v5/market/ticker?instId=ATOM-USDT-SWAP "HTTP/2 200 OK"
2026-03-22 11:25:24,883 | INFO | HTTP Request: GET https://www.okx.com/api/v5/market/candles?instId=A-USDT-SWAP&bar=5m&limit=97 "HTTP/2 200 OK"
2026-03-22 11:25:25,102 | INFO | HTTP Request: GET https://www.okx.com/api/v5/market/candles?instId=ATOM-USDT-SWAP&bar=5m&limit=89 "HTTP/2 200 OK"
2026-03-22 11:25:25,291 | INFO | HTTP Request: GET https://www.okx.com/api/v5/market/history-trades?instId=A-USDT-SWAP&limit=100 "HTTP/2 200 OK"
2026-03-22 11:25:25,610 | INFO | HTTP Request: GET https://www.okx.com/api/v5/market/ticker?instId=AUCTION-USDT-SWAP "HTTP/2 200 OK"
2026-03-22 11:25:25,721 | INFO | HTTP Request: GET https://www.okx.com/api/v5/market/books?instId=A-USDT-SWAP&sz=5 "HTTP/2 200 OK"
2026-03-22 11:25:26,002 | INFO | HTTP Request: GET https://www.okx.com/api/v5/market/candles?instId=AUCTION-USDT-SWAP&bar=5m&limit=89 "HTTP/2 200 OK"
2026-03-22 11:25:26,317 | INFO | HTTP Request: GET https://www.okx.com/api/v5/market/books?instId=A-USDT-SWAP&sz=5 "HTTP/2 200 OK"
2026-03-22 11:25:26,519 | INFO | HTTP Request: GET https://www.okx.com/api/v5/market/ticker?instId=AVAX-USDT-SWAP "HTTP/2 200 OK"
2026-03-22 11:25:26,921 | INFO | HTTP Request: GET https://www.okx.com/api/v5/market/books?instId=A-USDT-SWAP&sz=5 "HTTP/2 200 OK"
2026-03-22 11:25:26,922 | INFO | HTTP Request: GET https://www.okx.com/api/v5/market/candles?instId=AVAX-USDT-SWAP&bar=5m&limit=89 "HTTP/2 200 OK"
2026-03-22 11:25:27,436 | INFO | HTTP Request: GET https://www.okx.com/api/v5/market/ticker?instId=AXS-USDT-SWAP "HTTP/2 200 OK"
2026-03-22 11:25:27,550 | INFO | HTTP Request: GET https://www.okx.com/api/v5/market/candles?instId=BTC-USDT-SWAP&bar=5m&limit=64 "HTTP/2 200 OK"
2026-03-22 11:25:27,574 | INFO | HTTP Request: GET https://www.okx.com/api/v5/market/books?instId=A-USDT-SWAP&sz=5 "HTTP/2 200 OK"
2026-03-22 11:25:27,820 | INFO | HTTP Request: GET https://www.okx.com/api/v5/market/candles?instId=AXS-USDT-SWAP&bar=5m&limit=89 "HTTP/2 200 OK"
2026-03-22 11:25:27,959 | INFO | HTTP Request: GET https://www.okx.com/api/v5/market/candles?instId=AAVE-USDT-SWAP&bar=15m&limit=121 "HTTP/2 200 OK"
2026-03-22 11:25:28,323 | INFO | HTTP Request: GET https://www.okx.com/api/v5/market/ticker?instId=BAND-USDT-SWAP "HTTP/2 200 OK"
2026-03-22 11:25:28,353 | INFO | HTTP Request: GET https://www.okx.com/api/v5/market/candles?instId=AAVE-USDT-SWAP&bar=5m&limit=97 "HTTP/2 200 OK"
2026-03-22 11:25:28,745 | INFO | HTTP Request: GET https://www.okx.com/api/v5/market/history-trades?instId=AAVE-USDT-SWAP&limit=100 "HTTP/2 200 OK"
2026-03-22 11:25:28,750 | INFO | HTTP Request: GET https://www.okx.com/api/v5/market/candles?instId=BAND-USDT-SWAP&bar=5m&limit=89 "HTTP/2 200 OK"
2026-03-22 11:25:29,165 | INFO | HTTP Request: GET https://www.okx.com/api/v5/market/books?instId=AAVE-USDT-SWAP&sz=5 "HTTP/2 200 OK"
2026-03-22 11:25:29,287 | INFO | HTTP Request: GET https://www.okx.com/api/v5/market/ticker?instId=BCH-USDT-SWAP "HTTP/2 200 OK"
2026-03-22 11:25:29,654 | INFO | HTTP Request: GET https://www.okx.com/api/v5/market/candles?instId=BCH-USDT-SWAP&bar=5m&limit=89 "HTTP/2 200 OK"
2026-03-22 11:25:29,768 | INFO | HTTP Request: GET https://www.okx.com/api/v5/market/books?instId=AAVE-USDT-SWAP&sz=5 "HTTP/2 200 OK"
2026-03-22 11:25:29,940 | INFO | HTTP Request: GET https://www.okx.com/api/v5/account/balance "HTTP/2 200 OK"
2026-03-22 11:25:30,194 | INFO | HTTP Request: GET https://www.okx.com/api/v5/market/ticker?instId=BIO-USDT-SWAP "HTTP/2 200 OK"
2026-03-22 11:25:30,424 | INFO | HTTP Request: GET https://www.okx.com/api/v5/market/books?instId=AAVE-USDT-SWAP&sz=5 "HTTP/2 200 OK"
2026-03-22 11:25:30,565 | INFO | HTTP Request: GET https://www.okx.com/api/v5/market/candles?instId=BIO-USDT-SWAP&bar=5m&limit=89 "HTTP/2 200 OK"
2026-03-22 11:25:31,014 | INFO | HTTP Request: GET https://www.okx.com/api/v5/market/books?instId=AAVE-USDT-SWAP&sz=5 "HTTP/2 200 OK"
2026-03-22 11:25:31,066 | INFO | HTTP Request: GET https://www.okx.com/api/v5/market/ticker?instId=BLUAI-USDT-SWAP "HTTP/2 200 OK"
2026-03-22 11:25:31,409 | INFO | HTTP Request: GET https://www.okx.com/api/v5/market/candles?instId=1INCH-USDT-SWAP&bar=5m&limit=71 "HTTP/2 200 OK"
2026-03-22 11:25:31,453 | INFO | HTTP Request: GET https://www.okx.com/api/v5/market/candles?instId=BLUAI-USDT-SWAP&bar=5m&limit=89 "HTTP/2 200 OK"
2026-03-22 11:25:31,798 | INFO | HTTP Request: GET https://www.okx.com/api/v5/market/candles?instId=2Z-USDT-SWAP&bar=5m&limit=71 "HTTP/2 200 OK"
2026-03-22 11:25:31,946 | INFO | HTTP Request: GET https://www.okx.com/api/v5/market/ticker?instId=BNB-USDT-SWAP "HTTP/2 200 OK"
2026-03-22 11:25:32,184 | INFO | HTTP Request: GET https://www.okx.com/api/v5/market/ticker?instId=2Z-USDT-SWAP "HTTP/2 200 OK"
2026-03-22 11:25:32,189 | INFO | 2Z-USDT-SWAP: Turtle 20 short-сигнал отклонён (закрытие не удержалось ниже канала)
2026-03-22 11:25:32,316 | INFO | HTTP Request: GET https://www.okx.com/api/v5/market/candles?instId=BNB-USDT-SWAP&bar=5m&limit=89 "HTTP/2 200 OK"
2026-03-22 11:25:32,573 | INFO | HTTP Request: GET https://www.okx.com/api/v5/market/ticker?instId=AAVE-USDT-SWAP "HTTP/2 200 OK"
2026-03-22 11:25:32,803 | INFO | HTTP Request: GET https://www.okx.com/api/v5/market/ticker?instId=BOME-USDT-SWAP "HTTP/2 200 OK"
2026-03-22 11:25:33,008 | INFO | HTTP Request: GET https://www.okx.com/api/v5/account/balance "HTTP/2 200 OK"
2026-03-22 11:25:33,034 | INFO | Placing order AAVE-USDT-SWAP sell qty=224.9 attach_stop=107.97600000000001
2026-03-22 11:25:33,192 | INFO | HTTP Request: GET https://www.okx.com/api/v5/market/candles?instId=BOME-USDT-SWAP&bar=5m&limit=89 "HTTP/2 200 OK"
2026-03-22 11:25:33,341 | INFO | HTTP Request: POST https://www.okx.com/api/v5/trade/order "HTTP/2 200 OK"
2026-03-22 11:25:33,712 | INFO | HTTP Request: GET https://www.okx.com/api/v5/account/positions?instType=SWAP "HTTP/2 200 OK"
2026-03-22 11:25:33,731 | INFO | HTTP Request: GET https://www.okx.com/api/v5/market/ticker?instId=BRETT-USDT-SWAP "HTTP/2 200 OK"
2026-03-22 11:25:33,784 | INFO | HTTP Request: GET https://www.okx.com/api/v5/market/candles?instId=BTC-USDT-SWAP&bar=5m&limit=64 "HTTP/2 200 OK"
2026-03-22 11:25:34,135 | INFO | HTTP Request: GET https://www.okx.com/api/v5/market/candles?instId=BRETT-USDT-SWAP&bar=5m&limit=89 "HTTP/2 200 OK"
2026-03-22 11:25:34,140 | INFO | HTTP Request: GET https://www.okx.com/api/v5/market/candles?instId=AAVE-USDT-SWAP&bar=5m&limit=81 "HTTP/2 200 OK"
2026-03-22 11:25:34,387 | INFO | HTTP Request: GET https://www.okx.com/api/v5/trade/orders-algo-pending?ordType=conditional&instType=SWAP&instId=AAVE-USDT-SWAP "HTTP/2 200 OK"
2026-03-22 11:25:34,631 | INFO | HTTP Request: GET https://www.okx.com/api/v5/trade/orders-algo-pending?ordType=oco&instType=SWAP&instId=AAVE-USDT-SWAP "HTTP/2 200 OK"
2026-03-22 11:25:34,633 | INFO | HTTP Request: GET https://www.okx.com/api/v5/market/ticker?instId=BTC-USDT-SWAP "HTTP/2 200 OK"
2026-03-22 11:25:34,870 | INFO | HTTP Request: GET https://www.okx.com/api/v5/trade/orders-algo-pending?ordType=trigger&instType=SWAP&instId=AAVE-USDT-SWAP "HTTP/2 200 OK"
2026-03-22 11:25:35,108 | INFO | HTTP Request: GET https://www.okx.com/api/v5/trade/orders-algo-pending?ordType=move_order_stop&instType=SWAP&instId=AAVE-USDT-SWAP "HTTP/2 200 OK"
2026-03-22 11:25:35,130 | INFO | HTTP Request: GET https://www.okx.com/api/v5/market/ticker?instId=CAT-USDT-SWAP "HTTP/2 200 OK"
2026-03-22 11:25:35,329 | INFO | HTTP Request: GET https://www.okx.com/api/v5/account/balance "HTTP/2 200 OK"
2026-03-22 11:25:35,354 | INFO | HTTP Request: GET https://www.okx.com/api/v5/trade/orders-algo-pending?ordType=iceberg&instType=SWAP&instId=AAVE-USDT-SWAP "HTTP/2 200 OK"
2026-03-22 11:25:35,496 | INFO | HTTP Request: GET https://www.okx.com/api/v5/market/candles?instId=CAT-USDT-SWAP&bar=5m&limit=89 "HTTP/2 200 OK"
2026-03-22 11:25:35,596 | INFO | HTTP Request: GET https://www.okx.com/api/v5/trade/orders-algo-pending?ordType=twap&instType=SWAP&instId=AAVE-USDT-SWAP "HTTP/2 200 OK"
2026-03-22 11:25:35,843 | INFO | HTTP Request: GET https://www.okx.com/api/v5/trade/orders-algo-pending?ordType=chase&instType=SWAP&instId=AAVE-USDT-SWAP "HTTP/2 200 OK"
2026-03-22 11:25:35,991 | INFO | HTTP Request: GET https://www.okx.com/api/v5/market/ticker?instId=CATI-USDT-SWAP "HTTP/2 200 OK"
2026-03-22 11:25:36,353 | INFO | HTTP Request: GET https://www.okx.com/api/v5/market/candles?instId=CATI-USDT-SWAP&bar=5m&limit=89 "HTTP/2 200 OK"
2026-03-22 11:25:36,490 | INFO | HTTP Request: GET https://www.okx.com/api/v5/trade/orders-algo-pending?ordType=conditional&instType=SWAP&instId=AAVE-USDT-SWAP "HTTP/2 200 OK"
2026-03-22 11:25:36,897 | INFO | HTTP Request: GET https://www.okx.com/api/v5/trade/orders-algo-pending?ordType=oco&instType=SWAP&instId=AAVE-USDT-SWAP "HTTP/2 200 OK"
2026-03-22 11:25:36,905 | INFO | HTTP Request: GET https://www.okx.com/api/v5/market/ticker?instId=CELO-USDT-SWAP "HTTP/2 200 OK"
2026-03-22 11:25:37,150 | INFO | HTTP Request: GET https://www.okx.com/api/v5/trade/orders-algo-pending?ordType=trigger&instType=SWAP&instId=AAVE-USDT-SWAP "HTTP/2 200 OK"
2026-03-22 11:25:37,354 | INFO | HTTP Request: GET https://www.okx.com/api/v5/market/candles?instId=CELO-USDT-SWAP&bar=5m&limit=89 "HTTP/2 200 OK"
2026-03-22 11:25:37,392 | INFO | HTTP Request: GET https://www.okx.com/api/v5/trade/orders-algo-pending?ordType=move_order_stop&instType=SWAP&instId=AAVE-USDT-SWAP "HTTP/2 200 OK"
2026-03-22 11:25:37,630 | INFO | HTTP Request: GET https://www.okx.com/api/v5/trade/orders-algo-pending?ordType=iceberg&instType=SWAP&instId=AAVE-USDT-SWAP "HTTP/2 200 OK"
2026-03-22 11:25:37,869 | INFO | HTTP Request: GET https://www.okx.com/api/v5/market/ticker?instId=CFX-USDT-SWAP "HTTP/2 200 OK"
2026-03-22 11:25:38,036 | INFO | HTTP Request: GET https://www.okx.com/api/v5/trade/orders-algo-pending?ordType=twap&instType=SWAP&instId=AAVE-USDT-SWAP "HTTP/2 200 OK"
2026-03-22 11:25:38,254 | INFO | HTTP Request: GET https://www.okx.com/api/v5/market/candles?instId=CFX-USDT-SWAP&bar=5m&limit=89 "HTTP/2 200 OK"
2026-03-22 11:25:38,319 | INFO | HTTP Request: GET https://www.okx.com/api/v5/trade/orders-algo-pending?ordType=chase&instType=SWAP&instId=AAVE-USDT-SWAP "HTTP/2 200 OK"
2026-03-22 11:25:38,807 | INFO | HTTP Request: GET https://www.okx.com/api/v5/market/ticker?instId=CHZ-USDT-SWAP "HTTP/2 200 OK"
2026-03-22 11:25:39,029 | INFO | HTTP Request: GET https://www.okx.com/api/v5/trade/orders-algo-pending?ordType=conditional&instType=SWAP&instId=AAVE-USDT-SWAP "HTTP/2 200 OK"
2026-03-22 11:25:39,209 | INFO | HTTP Request: GET https://www.okx.com/api/v5/market/candles?instId=CHZ-USDT-SWAP&bar=5m&limit=89 "HTTP/2 200 OK"
2026-03-22 11:25:39,267 | INFO | HTTP Request: GET https://www.okx.com/api/v5/trade/orders-algo-pending?ordType=oco&instType=SWAP&instId=AAVE-USDT-SWAP "HTTP/2 200 OK"
2026-03-22 11:25:39,508 | INFO | HTTP Request: GET https://www.okx.com/api/v5/trade/orders-algo-pending?ordType=trigger&instType=SWAP&instId=AAVE-USDT-SWAP "HTTP/2 200 OK"
2026-03-22 11:25:39,736 | INFO | HTTP Request: GET https://www.okx.com/api/v5/market/ticker?instId=COAI-USDT-SWAP "HTTP/2 200 OK"
2026-03-22 11:25:39,818 | INFO | HTTP Request: GET https://www.okx.com/api/v5/trade/orders-algo-pending?ordType=move_order_stop&instType=SWAP&instId=AAVE-USDT-SWAP "HTTP/2 200 OK"
2026-03-22 11:25:40,058 | INFO | HTTP Request: GET https://www.okx.com/api/v5/market/candles?instId=BTC-USDT-SWAP&bar=5m&limit=64 "HTTP/2 200 OK"
2026-03-22 11:25:40,084 | INFO | HTTP Request: GET https://www.okx.com/api/v5/trade/orders-algo-pending?ordType=iceberg&instType=SWAP&instId=AAVE-USDT-SWAP "HTTP/2 200 OK"
2026-03-22 11:25:40,118 | INFO | HTTP Request: GET https://www.okx.com/api/v5/market/candles?instId=COAI-USDT-SWAP&bar=5m&limit=89 "HTTP/2 200 OK"
2026-03-22 11:25:40,326 | INFO | HTTP Request: GET https://www.okx.com/api/v5/trade/orders-algo-pending?ordType=twap&instType=SWAP&instId=AAVE-USDT-SWAP "HTTP/2 200 OK"
2026-03-22 11:25:40,566 | INFO | HTTP Request: GET https://www.okx.com/api/v5/trade/orders-algo-pending?ordType=chase&instType=SWAP&instId=AAVE-USDT-SWAP "HTTP/2 200 OK"
2026-03-22 11:25:40,609 | INFO | HTTP Request: GET https://www.okx.com/api/v5/market/ticker?instId=COMP-USDT-SWAP "HTTP/2 200 OK"
2026-03-22 11:25:40,798 | INFO | HTTP Request: GET https://www.okx.com/api/v5/account/balance "HTTP/2 200 OK"
2026-03-22 11:25:40,976 | INFO | HTTP Request: GET https://www.okx.com/api/v5/market/candles?instId=COMP-USDT-SWAP&bar=5m&limit=89 "HTTP/2 200 OK"
2026-03-22 11:25:41,208 | INFO | HTTP Request: GET https://www.okx.com/api/v5/trade/orders-algo-pending?ordType=conditional&instType=SWAP&instId=AAVE-USDT-SWAP "HTTP/2 200 OK"
2026-03-22 11:25:41,458 | INFO | HTTP Request: GET https://www.okx.com/api/v5/trade/orders-algo-pending?ordType=oco&instType=SWAP&instId=AAVE-USDT-SWAP "HTTP/2 200 OK"
2026-03-22 11:25:41,516 | INFO | HTTP Request: GET https://www.okx.com/api/v5/market/ticker?instId=CRO-USDT-SWAP "HTTP/2 200 OK"
2026-03-22 11:25:41,789 | INFO | HTTP Request: GET https://www.okx.com/api/v5/trade/orders-algo-pending?ordType=trigger&instType=SWAP&instId=AAVE-USDT-SWAP "HTTP/2 200 OK"
2026-03-22 11:25:41,991 | INFO | HTTP Request: GET https://www.okx.com/api/v5/market/candles?instId=CRO-USDT-SWAP&bar=5m&limit=89 "HTTP/2 200 OK"
2026-03-22 11:25:42,030 | INFO | HTTP Request: GET https://www.okx.com/api/v5/trade/orders-algo-pending?ordType=move_order_stop&instType=SWAP&instId=AAVE-USDT-SWAP "HTTP/2 200 OK"
2026-03-22 11:25:42,278 | INFO | HTTP Request: GET https://www.okx.com/api/v5/trade/orders-algo-pending?ordType=iceberg&instType=SWAP&instId=AAVE-USDT-SWAP "HTTP/2 200 OK"
2026-03-22 11:25:42,498 | INFO | HTTP Request: GET https://www.okx.com/api/v5/market/ticker?instId=CRV-USDT-SWAP "HTTP/2 200 OK"
2026-03-22 11:25:42,521 | INFO | HTTP Request: GET https://www.okx.com/api/v5/trade/orders-algo-pending?ordType=twap&instType=SWAP&instId=AAVE-USDT-SWAP "HTTP/2 200 OK"
2026-03-22 11:25:42,762 | INFO | HTTP Request: GET https://www.okx.com/api/v5/trade/orders-algo-pending?ordType=chase&instType=SWAP&instId=AAVE-USDT-SWAP "HTTP/2 200 OK"
2026-03-22 11:25:42,862 | INFO | HTTP Request: GET https://www.okx.com/api/v5/market/candles?instId=CRV-USDT-SWAP&bar=5m&limit=89 "HTTP/2 200 OK"
2026-03-22 11:25:43,359 | INFO | HTTP Request: GET https://www.okx.com/api/v5/market/ticker?instId=DOGE-USDT-SWAP "HTTP/2 200 OK"
2026-03-22 11:25:43,457 | INFO | HTTP Request: GET https://www.okx.com/api/v5/trade/orders-algo-pending?ordType=conditional&instType=SWAP&instId=AAVE-USDT-SWAP "HTTP/2 200 OK"
2026-03-22 11:25:43,720 | INFO | HTTP Request: GET https://www.okx.com/api/v5/trade/orders-algo-pending?ordType=oco&instType=SWAP&instId=AAVE-USDT-SWAP "HTTP/2 200 OK"
2026-03-22 11:25:43,745 | INFO | HTTP Request: GET https://www.okx.com/api/v5/market/candles?instId=DOGE-USDT-SWAP&bar=5m&limit=89 "HTTP/2 200 OK"
2026-03-22 11:25:43,963 | INFO | HTTP Request: GET https://www.okx.com/api/v5/trade/orders-algo-pending?ordType=trigger&instType=SWAP&instId=AAVE-USDT-SWAP "HTTP/2 200 OK"
2026-03-22 11:25:44,203 | INFO | HTTP Request: GET https://www.okx.com/api/v5/trade/orders-algo-pending?ordType=move_order_stop&instType=SWAP&instId=AAVE-USDT-SWAP "HTTP/2 200 OK"
2026-03-22 11:25:44,233 | INFO | HTTP Request: GET https://www.okx.com/api/v5/market/ticker?instId=DOT-USDT-SWAP "HTTP/2 200 OK"
2026-03-22 11:25:44,445 | INFO | HTTP Request: GET https://www.okx.com/api/v5/trade/orders-algo-pending?ordType=iceberg&instType=SWAP&instId=AAVE-USDT-SWAP "HTTP/2 200 OK"
2026-03-22 11:25:44,614 | INFO | HTTP Request: GET https://www.okx.com/api/v5/market/candles?instId=DOT-USDT-SWAP&bar=5m&limit=89 "HTTP/2 200 OK"
2026-03-22 11:25:44,688 | INFO | HTTP Request: GET https://www.okx.com/api/v5/trade/orders-algo-pending?ordType=twap&instType=SWAP&instId=AAVE-USDT-SWAP "HTTP/2 200 OK"
2026-03-22 11:25:44,929 | INFO | HTTP Request: GET https://www.okx.com/api/v5/trade/orders-algo-pending?ordType=chase&instType=SWAP&instId=AAVE-USDT-SWAP "HTTP/2 200 OK"
2026-03-22 11:25:44,934 | INFO | Placing exchange stop AAVE-USDT-SWAP short payload={'instId': 'AAVE-USDT-SWAP', 'tdMode': 'isolated', 'side': 'buy', 'posSide': 'net', 'ordType': 'conditional', 'reduceOnly': 'true', 'closeFraction': '1', 'slTriggerPx': '108.026', 'slTriggerPxType': 'mark', 'slOrdPx': '-1'}
2026-03-22 11:25:45,144 | INFO | HTTP Request: GET https://www.okx.com/api/v5/market/ticker?instId=ENA-USDT-SWAP "HTTP/2 200 OK"
2026-03-22 11:25:45,176 | INFO | HTTP Request: POST https://www.okx.com/api/v5/trade/order-algo "HTTP/2 200 OK"
2026-03-22 11:25:45,507 | INFO | HTTP Request: GET https://www.okx.com/api/v5/market/candles?instId=ENA-USDT-SWAP&bar=5m&limit=89 "HTTP/2 200 OK"
2026-03-22 11:25:45,536 | INFO | HTTP Request: GET https://www.okx.com/api/v5/market/candles?instId=AAVE-USDT-SWAP&bar=5m&limit=81 "HTTP/2 200 OK"
2026-03-22 11:25:45,901 | INFO | HTTP Request: GET https://www.okx.com/api/v5/market/candles?instId=MAGIC-USDT-SWAP&bar=5m&limit=26 "HTTP/2 200 OK"
2026-03-22 11:25:45,993 | INFO | HTTP Request: GET https://www.okx.com/api/v5/market/ticker?instId=EOS-USDT-SWAP "HTTP/2 200 OK"
2026-03-22 11:25:46,115 | INFO | HTTP Request: GET https://www.okx.com/api/v5/account/balance "HTTP/2 200 OK"
2026-03-22 11:25:46,304 | INFO | HTTP Request: GET https://www.okx.com/api/v5/market/candles?instId=BTC-USDT-SWAP&bar=5m&limit=64 "HTTP/2 200 OK"
2026-03-22 11:25:46,311 | INFO | HTTP Request: GET https://www.okx.com/api/v5/market/ticker?instId=MAGIC-USDT-SWAP "HTTP/2 200 OK"
2026-03-22 11:25:46,356 | INFO | HTTP Request: GET https://www.okx.com/api/v5/market/candles?instId=EOS-USDT-SWAP&bar=5m&limit=89 "HTTP/2 200 OK"
2026-03-22 11:25:46,571 | INFO | HTTP Request: GET https://www.okx.com/api/v5/trade/orders-algo-pending?ordType=conditional&instType=SWAP&instId=MAGIC-USDT-SWAP "HTTP/2 200 OK"
2026-03-22 11:25:46,808 | INFO | HTTP Request: GET https://www.okx.com/api/v5/trade/orders-algo-pending?ordType=oco&instType=SWAP&instId=MAGIC-USDT-SWAP "HTTP/2 200 OK"
2026-03-22 11:25:46,847 | INFO | HTTP Request: GET https://www.okx.com/api/v5/market/ticker?instId=ETC-USDT-SWAP "HTTP/2 200 OK"
2026-03-22 11:25:47,048 | INFO | HTTP Request: GET https://www.okx.com/api/v5/trade/orders-algo-pending?ordType=trigger&instType=SWAP&instId=MAGIC-USDT-SWAP "HTTP/2 200 OK"
2026-03-22 11:25:47,214 | INFO | HTTP Request: GET https://www.okx.com/api/v5/market/candles?instId=ETC-USDT-SWAP&bar=5m&limit=89 "HTTP/2 200 OK"
2026-03-22 11:25:47,291 | INFO | HTTP Request: GET https://www.okx.com/api/v5/trade/orders-algo-pending?ordType=move_order_stop&instType=SWAP&instId=MAGIC-USDT-SWAP "HTTP/2 200 OK"
2026-03-22 11:25:47,535 | INFO | HTTP Request: GET https://www.okx.com/api/v5/trade/orders-algo-pending?ordType=iceberg&instType=SWAP&instId=MAGIC-USDT-SWAP "HTTP/2 200 OK"
2026-03-22 11:25:47,750 | INFO | HTTP Request: GET https://www.okx.com/api/v5/market/ticker?instId=ETH-USDT-SWAP "HTTP/2 200 OK"
2026-03-22 11:25:47,774 | INFO | HTTP Request: GET https://www.okx.com/api/v5/trade/orders-algo-pending?ordType=twap&instType=SWAP&instId=MAGIC-USDT-SWAP "HTTP/2 200 OK"
2026-03-22 11:25:48,111 | INFO | HTTP Request: GET https://www.okx.com/api/v5/market/candles?instId=ETH-USDT-SWAP&bar=5m&limit=89 "HTTP/2 200 OK"
2026-03-22 11:25:48,178 | INFO | HTTP Request: GET https://www.okx.com/api/v5/trade/orders-algo-pending?ordType=chase&instType=SWAP&instId=MAGIC-USDT-SWAP "HTTP/2 200 OK"
2026-03-22 11:25:48,572 | INFO | Amending exchange stop MAGIC-USDT-SWAP algo=3411294456971091968 payload=[{'instId': 'MAGIC-USDT-SWAP', 'algoId': '3411294456971091968', 'newSlTriggerPx': '0.059609', 'newSlOrdPx': '-1', 'newSlTriggerPxType': 'mark'}]
2026-03-22 11:25:48,619 | INFO | HTTP Request: GET https://www.okx.com/api/v5/market/ticker?instId=ETHFI-USDT-SWAP "HTTP/2 200 OK"
2026-03-22 11:25:48,871 | INFO | HTTP Request: POST https://www.okx.com/api/v5/trade/amend-algos "HTTP/2 200 OK"
2026-03-22 11:25:49,125 | INFO | HTTP Request: GET https://www.okx.com/api/v5/market/ticker?instId=ETHW-USDT-SWAP "HTTP/2 200 OK"
2026-03-22 11:25:49,226 | INFO | Amending exchange stop MAGIC-USDT-SWAP algo=3411294456971091968 payload=[{'instId': 'MAGIC-USDT-SWAP', 'algoId': '3411294456971091968', 'newSlTriggerPx': '0.059609', 'newSlOrdPx': '-1', 'newSlTriggerPxType': 'mark'}]
2026-03-22 11:25:49,473 | INFO | HTTP Request: POST https://www.okx.com/api/v5/trade/amend-algos "HTTP/2 200 OK"
2026-03-22 11:25:49,553 | INFO | HTTP Request: GET https://www.okx.com/api/v5/market/candles?instId=ETHW-USDT-SWAP&bar=5m&limit=89 "HTTP/2 200 OK"
2026-03-22 11:25:49,726 | INFO | HTTP Request: POST https://www.okx.com/api/v5/trade/cancel-algos "HTTP/2 200 OK"
2026-03-22 11:25:49,966 | INFO | HTTP Request: GET https://www.okx.com/api/v5/trade/orders-algo-pending?ordType=conditional&instType=SWAP&instId=MAGIC-USDT-SWAP "HTTP/2 200 OK"
2026-03-22 11:25:50,066 | INFO | HTTP Request: GET https://www.okx.com/api/v5/market/ticker?instId=FIL-USDT-SWAP "HTTP/2 200 OK"
2026-03-22 11:25:50,204 | INFO | HTTP Request: GET https://www.okx.com/api/v5/trade/orders-algo-pending?ordType=oco&instType=SWAP&instId=MAGIC-USDT-SWAP "HTTP/2 200 OK"
2026-03-22 11:25:50,435 | INFO | HTTP Request: GET https://www.okx.com/api/v5/market/candles?instId=FIL-USDT-SWAP&bar=5m&limit=89 "HTTP/2 200 OK"
2026-03-22 11:25:50,443 | INFO | HTTP Request: GET https://www.okx.com/api/v5/trade/orders-algo-pending?ordType=trigger&instType=SWAP&instId=MAGIC-USDT-SWAP "HTTP/2 200 OK"
2026-03-22 11:25:50,682 | INFO | HTTP Request: GET https://www.okx.com/api/v5/trade/orders-algo-pending?ordType=move_order_stop&instType=SWAP&instId=MAGIC-USDT-SWAP "HTTP/2 200 OK"
2026-03-22 11:25:50,924 | INFO | HTTP Request: GET https://www.okx.com/api/v5/trade/orders-algo-pending?ordType=iceberg&instType=SWAP&instId=MAGIC-USDT-SWAP "HTTP/2 200 OK"
2026-03-22 11:25:50,932 | INFO | HTTP Request: GET https://www.okx.com/api/v5/market/ticker?instId=FLOKI-USDT-SWAP "HTTP/2 200 OK"
2026-03-22 11:25:51,165 | INFO | HTTP Request: GET https://www.okx.com/api/v5/trade/orders-algo-pending?ordType=twap&instType=SWAP&instId=MAGIC-USDT-SWAP "HTTP/2 200 OK"
2026-03-22 11:25:51,311 | INFO | HTTP Request: GET https://www.okx.com/api/v5/market/candles?instId=FLOKI-USDT-SWAP&bar=5m&limit=89 "HTTP/2 200 OK"
2026-03-22 11:25:51,410 | INFO | HTTP Request: GET https://www.okx.com/api/v5/trade/orders-algo-pending?ordType=chase&instType=SWAP&instId=MAGIC-USDT-SWAP "HTTP/2 200 OK"
2026-03-22 11:25:51,565 | INFO | HTTP Request: GET https://www.okx.com/api/v5/account/balance "HTTP/2 200 OK"
2026-03-22 11:25:51,655 | INFO | HTTP Request: GET https://www.okx.com/api/v5/trade/orders-algo-pending?ordType=conditional&instType=SWAP&instId=MAGIC-USDT-SWAP "HTTP/2 200 OK"
2026-03-22 11:25:51,797 | INFO | HTTP Request: GET https://www.okx.com/api/v5/market/ticker?instId=GMT-USDT-SWAP "HTTP/2 200 OK"
2026-03-22 11:25:51,910 | INFO | HTTP Request: GET https://www.okx.com/api/v5/trade/orders-algo-pending?ordType=oco&instType=SWAP&instId=MAGIC-USDT-SWAP "HTTP/2 200 OK"
2026-03-22 11:25:52,153 | INFO | HTTP Request: GET https://www.okx.com/api/v5/trade/orders-algo-pending?ordType=trigger&instType=SWAP&instId=MAGIC-USDT-SWAP "HTTP/2 200 OK"
2026-03-22 11:25:52,228 | INFO | HTTP Request: GET https://www.okx.com/api/v5/market/candles?instId=GMT-USDT-SWAP&bar=5m&limit=89 "HTTP/2 200 OK"
2026-03-22 11:25:52,395 | INFO | HTTP Request: GET https://www.okx.com/api/v5/trade/orders-algo-pending?ordType=move_order_stop&instType=SWAP&instId=MAGIC-USDT-SWAP "HTTP/2 200 OK"
2026-03-22 11:25:52,551 | INFO | HTTP Request: GET https://www.okx.com/api/v5/market/candles?instId=BTC-USDT-SWAP&bar=5m&limit=64 "HTTP/2 200 OK"
2026-03-22 11:25:52,635 | INFO | HTTP Request: GET https://www.okx.com/api/v5/trade/orders-algo-pending?ordType=iceberg&instType=SWAP&instId=MAGIC-USDT-SWAP "HTTP/2 200 OK"
2026-03-22 11:25:52,757 | INFO | HTTP Request: GET https://www.okx.com/api/v5/market/ticker?instId=H-USDT-SWAP "HTTP/2 200 OK"
2026-03-22 11:25:52,876 | INFO | HTTP Request: GET https://www.okx.com/api/v5/trade/orders-algo-pending?ordType=twap&instType=SWAP&instId=MAGIC-USDT-SWAP "HTTP/2 200 OK"
2026-03-22 11:25:53,119 | INFO | HTTP Request: GET https://www.okx.com/api/v5/trade/orders-algo-pending?ordType=chase&instType=SWAP&instId=MAGIC-USDT-SWAP "HTTP/2 200 OK"
2026-03-22 11:25:53,124 | INFO | Placing exchange stop MAGIC-USDT-SWAP short payload={'instId': 'MAGIC-USDT-SWAP', 'tdMode': 'isolated', 'side': 'buy', 'posSide': 'net', 'ordType': 'conditional', 'reduceOnly': 'true', 'closeFraction': '1', 'slTriggerPx': '0.059609', 'slTriggerPxType': 'mark', 'slOrdPx': '-1'}
2026-03-22 11:25:53,150 | INFO | HTTP Request: GET https://www.okx.com/api/v5/market/candles?instId=H-USDT-SWAP&bar=5m&limit=89 "HTTP/2 200 OK"
2026-03-22 11:25:53,365 | INFO | HTTP Request: POST https://www.okx.com/api/v5/trade/order-algo "HTTP/2 200 OK"
2026-03-22 11:25:53,606 | INFO | HTTP Request: GET https://www.okx.com/api/v5/trade/orders-algo-pending?ordType=conditional&instType=SWAP&instId=MAGIC-USDT-SWAP "HTTP/2 200 OK"
2026-03-22 11:25:53,651 | INFO | HTTP Request: GET https://www.okx.com/api/v5/market/ticker?instId=HBAR-USDT-SWAP "HTTP/2 200 OK"
2026-03-22 11:25:53,849 | INFO | HTTP Request: GET https://www.okx.com/api/v5/trade/orders-algo-pending?ordType=oco&instType=SWAP&instId=MAGIC-USDT-SWAP "HTTP/2 200 OK"
2026-03-22 11:25:54,020 | INFO | HTTP Request: GET https://www.okx.com/api/v5/market/candles?instId=HBAR-USDT-SWAP&bar=5m&limit=89 "HTTP/2 200 OK"
2026-03-22 11:25:54,098 | INFO | HTTP Request: GET https://www.okx.com/api/v5/trade/orders-algo-pending?ordType=trigger&instType=SWAP&instId=MAGIC-USDT-SWAP "HTTP/2 200 OK"
2026-03-22 11:25:54,340 | INFO | HTTP Request: GET https://www.okx.com/api/v5/trade/orders-algo-pending?ordType=move_order_stop&instType=SWAP&instId=MAGIC-USDT-SWAP "HTTP/2 200 OK"
2026-03-22 11:25:54,559 | INFO | HTTP Request: GET https://www.okx.com/api/v5/market/ticker?instId=HMSTR-USDT-SWAP "HTTP/2 200 OK"
2026-03-22 11:25:54,579 | INFO | HTTP Request: GET https://www.okx.com/api/v5/trade/orders-algo-pending?ordType=iceberg&instType=SWAP&instId=MAGIC-USDT-SWAP "HTTP/2 200 OK"
2026-03-22 11:25:54,824 | INFO | HTTP Request: GET https://www.okx.com/api/v5/trade/orders-algo-pending?ordType=twap&instType=SWAP&instId=MAGIC-USDT-SWAP "HTTP/2 200 OK"
2026-03-22 11:25:54,930 | INFO | HTTP Request: GET https://www.okx.com/api/v5/market/candles?instId=HMSTR-USDT-SWAP&bar=5m&limit=89 "HTTP/2 200 OK"
2026-03-22 11:25:55,065 | INFO | HTTP Request: GET https://www.okx.com/api/v5/trade/orders-algo-pending?ordType=chase&instType=SWAP&instId=MAGIC-USDT-SWAP "HTTP/2 200 OK"
2026-03-22 11:25:55,424 | INFO | HTTP Request: GET https://www.okx.com/api/v5/market/ticker?instId=HOME-USDT-SWAP "HTTP/2 200 OK"
2026-03-22 11:25:55,852 | INFO | HTTP Request: GET https://www.okx.com/api/v5/market/candles?instId=HOME-USDT-SWAP&bar=5m&limit=89 "HTTP/2 200 OK"
2026-03-22 11:25:56,051 | INFO | HTTP Request: GET https://www.okx.com/api/v5/market/candles?instId=ICP-USDT-SWAP&bar=5m&limit=26 "HTTP/2 200 OK"
2026-03-22 11:25:56,367 | INFO | HTTP Request: GET https://www.okx.com/api/v5/market/ticker?instId=ICP-USDT-SWAP "HTTP/2 200 OK"
2026-03-22 11:25:56,475 | INFO | HTTP Request: GET https://www.okx.com/api/v5/market/ticker?instId=ICP-USDT-SWAP "HTTP/2 200 OK"
2026-03-22 11:25:56,735 | INFO | HTTP Request: GET https://www.okx.com/api/v5/trade/orders-algo-pending?ordType=conditional&instType=SWAP&instId=ICP-USDT-SWAP "HTTP/2 200 OK"
2026-03-22 11:25:56,884 | INFO | HTTP Request: GET https://www.okx.com/api/v5/market/ticker?instId=IMX-USDT-SWAP "HTTP/2 200 OK"
2026-03-22 11:25:56,980 | INFO | HTTP Request: GET https://www.okx.com/api/v5/trade/orders-algo-pending?ordType=oco&instType=SWAP&instId=ICP-USDT-SWAP "HTTP/2 200 OK"
2026-03-22 11:25:57,017 | INFO | HTTP Request: GET https://www.okx.com/api/v5/account/balance "HTTP/2 200 OK"
2026-03-22 11:25:57,230 | INFO | HTTP Request: GET https://www.okx.com/api/v5/trade/orders-algo-pending?ordType=trigger&instType=SWAP&instId=ICP-USDT-SWAP "HTTP/2 200 OK"
2026-03-22 11:25:57,263 | INFO | HTTP Request: GET https://www.okx.com/api/v5/market/candles?instId=IMX-USDT-SWAP&bar=5m&limit=89 "HTTP/2 200 OK"
2026-03-22 11:25:57,473 | INFO | HTTP Request: GET https://www.okx.com/api/v5/trade/orders-algo-pending?ordType=move_order_stop&instType=SWAP&instId=ICP-USDT-SWAP "HTTP/2 200 OK"
2026-03-22 11:25:57,711 | INFO | HTTP Request: GET https://www.okx.com/api/v5/trade/orders-algo-pending?ordType=iceberg&instType=SWAP&instId=ICP-USDT-SWAP "HTTP/2 200 OK"
2026-03-22 11:25:57,752 | INFO | HTTP Request: GET https://www.okx.com/api/v5/market/ticker?instId=INJ-USDT-SWAP "HTTP/2 200 OK"
2026-03-22 11:25:57,952 | INFO | HTTP Request: GET https://www.okx.com/api/v5/trade/orders-algo-pending?ordType=twap&instType=SWAP&instId=ICP-USDT-SWAP "HTTP/2 200 OK"
2026-03-22 11:25:58,137 | INFO | HTTP Request: GET https://www.okx.com/api/v5/market/candles?instId=INJ-USDT-SWAP&bar=5m&limit=89 "HTTP/2 200 OK"
2026-03-22 11:25:58,197 | INFO | HTTP Request: GET https://www.okx.com/api/v5/trade/orders-algo-pending?ordType=chase&instType=SWAP&instId=ICP-USDT-SWAP "HTTP/2 200 OK"
2026-03-22 11:25:58,651 | INFO | HTTP Request: GET https://www.okx.com/api/v5/market/ticker?instId=IOTA-USDT-SWAP "HTTP/2 200 OK"
2026-03-22 11:25:58,787 | INFO | HTTP Request: GET https://www.okx.com/api/v5/market/candles?instId=BTC-USDT-SWAP&bar=5m&limit=64 "HTTP/2 200 OK"
2026-03-22 11:25:59,031 | INFO | HTTP Request: GET https://www.okx.com/api/v5/market/candles?instId=IOTA-USDT-SWAP&bar=5m&limit=89 "HTTP/2 200 OK"
2026-03-22 11:25:59,517 | INFO | HTTP Request: GET https://www.okx.com/api/v5/market/ticker?instId=JUP-USDT-SWAP "HTTP/2 200 OK"
2026-03-22 11:25:59,519 | INFO | HTTP Request: GET https://www.okx.com/api/v5/market/candles?instId=SUI-USDT-SWAP&bar=5m&limit=26 "HTTP/2 200 OK"
2026-03-22 11:25:59,903 | INFO | HTTP Request: GET https://www.okx.com/api/v5/market/candles?instId=JUP-USDT-SWAP&bar=5m&limit=89 "HTTP/2 200 OK"
2026-03-22 11:25:59,927 | INFO | HTTP Request: GET https://www.okx.com/api/v5/market/ticker?instId=SUI-USDT-SWAP "HTTP/2 200 OK"
2026-03-22 11:26:00,192 | INFO | HTTP Request: GET https://www.okx.com/api/v5/trade/orders-algo-pending?ordType=conditional&instType=SWAP&instId=SUI-USDT-SWAP "HTTP/2 200 OK"
2026-03-22 11:26:00,432 | INFO | HTTP Request: GET https://www.okx.com/api/v5/trade/orders-algo-pending?ordType=oco&instType=SWAP&instId=SUI-USDT-SWAP "HTTP/2 200 OK"
2026-03-22 11:26:00,435 | INFO | HTTP Request: GET https://www.okx.com/api/v5/market/ticker?instId=KAITO-USDT-SWAP "HTTP/2 200 OK"
2026-03-22 11:26:00,673 | INFO | HTTP Request: GET https://www.okx.com/api/v5/trade/orders-algo-pending?ordType=trigger&instType=SWAP&instId=SUI-USDT-SWAP "HTTP/2 200 OK"
2026-03-22 11:26:00,805 | INFO | HTTP Request: GET https://www.okx.com/api/v5/market/candles?instId=KAITO-USDT-SWAP&bar=5m&limit=89 "HTTP/2 200 OK"
2026-03-22 11:26:00,918 | INFO | HTTP Request: GET https://www.okx.com/api/v5/trade/orders-algo-pending?ordType=move_order_stop&instType=SWAP&instId=SUI-USDT-SWAP "HTTP/2 200 OK"
2026-03-22 11:26:01,165 | INFO | HTTP Request: GET https://www.okx.com/api/v5/trade/orders-algo-pending?ordType=iceberg&instType=SWAP&instId=SUI-USDT-SWAP "HTTP/2 200 OK"
2026-03-22 11:26:01,306 | INFO | HTTP Request: GET https://www.okx.com/api/v5/market/ticker?instId=KSM-USDT-SWAP "HTTP/2 200 OK"
2026-03-22 11:26:01,409 | INFO | HTTP Request: GET https://www.okx.com/api/v5/trade/orders-algo-pending?ordType=twap&instType=SWAP&instId=SUI-USDT-SWAP "HTTP/2 200 OK"
2026-03-22 11:26:01,673 | INFO | HTTP Request: GET https://www.okx.com/api/v5/trade/orders-algo-pending?ordType=chase&instType=SWAP&instId=SUI-USDT-SWAP "HTTP/2 200 OK"
2026-03-22 11:26:01,773 | INFO | HTTP Request: GET https://www.okx.com/api/v5/market/candles?instId=KSM-USDT-SWAP&bar=5m&limit=89 "HTTP/2 200 OK"
2026-03-22 11:26:02,071 | INFO | Amending exchange stop SUI-USDT-SWAP algo=3411280710592716800 payload=[{'instId': 'SUI-USDT-SWAP', 'algoId': '3411280710592716800', 'newSlTriggerPx': '0.929536', 'newSlOrdPx': '-1', 'newSlTriggerPxType': 'mark'}]
2026-03-22 11:26:02,316 | INFO | HTTP Request: POST https://www.okx.com/api/v5/trade/amend-algos "HTTP/2 200 OK"
2026-03-22 11:26:02,362 | INFO | HTTP Request: GET https://www.okx.com/api/v5/market/ticker?instId=LDO-USDT-SWAP "HTTP/2 200 OK"
2026-03-22 11:26:02,450 | INFO | HTTP Request: GET https://www.okx.com/api/v5/account/balance "HTTP/2 200 OK"
2026-03-22 11:26:02,671 | INFO | Amending exchange stop SUI-USDT-SWAP algo=3411280710592716800 payload=[{'instId': 'SUI-USDT-SWAP', 'algoId': '3411280710592716800', 'newSlTriggerPx': '0.929536', 'newSlOrdPx': '-1', 'newSlTriggerPxType': 'mark'}]
2026-03-22 11:26:02,753 | INFO | HTTP Request: GET https://www.okx.com/api/v5/market/candles?instId=LDO-USDT-SWAP&bar=5m&limit=89 "HTTP/2 200 OK"
2026-03-22 11:26:02,922 | INFO | HTTP Request: POST https://www.okx.com/api/v5/trade/amend-algos "HTTP/2 200 OK"
2026-03-22 11:26:03,179 | INFO | HTTP Request: POST https://www.okx.com/api/v5/trade/cancel-algos "HTTP/2 200 OK"
2026-03-22 11:26:03,274 | INFO | HTTP Request: GET https://www.okx.com/api/v5/market/ticker?instId=LINEA-USDT-SWAP "HTTP/2 200 OK"
2026-03-22 11:26:03,468 | INFO | HTTP Request: GET https://www.okx.com/api/v5/trade/orders-algo-pending?ordType=conditional&instType=SWAP&instId=SUI-USDT-SWAP "HTTP/2 200 OK"
2026-03-22 11:26:03,653 | INFO | HTTP Request: GET https://www.okx.com/api/v5/market/candles?instId=LINEA-USDT-SWAP&bar=5m&limit=89 "HTTP/2 200 OK"
2026-03-22 11:26:03,714 | INFO | HTTP Request: GET https://www.okx.com/api/v5/trade/orders-algo-pending?ordType=oco&instType=SWAP&instId=SUI-USDT-SWAP "HTTP/2 200 OK"
2026-03-22 11:26:03,957 | INFO | HTTP Request: GET https://www.okx.com/api/v5/trade/orders-algo-pending?ordType=trigger&instType=SWAP&instId=SUI-USDT-SWAP "HTTP/2 200 OK"
2026-03-22 11:26:04,198 | INFO | HTTP Request: GET https://www.okx.com/api/v5/market/ticker?instId=LINK-USDT-SWAP "HTTP/2 200 OK"
2026-03-22 11:26:04,199 | INFO | HTTP Request: GET https://www.okx.com/api/v5/trade/orders-algo-pending?ordType=move_order_stop&instType=SWAP&instId=SUI-USDT-SWAP "HTTP/2 200 OK"
2026-03-22 11:26:04,446 | INFO | HTTP Request: GET https://www.okx.com/api/v5/trade/orders-algo-pending?ordType=iceberg&instType=SWAP&instId=SUI-USDT-SWAP "HTTP/2 200 OK"
2026-03-22 11:26:04,566 | INFO | HTTP Request: GET https://www.okx.com/api/v5/market/candles?instId=LINK-USDT-SWAP&bar=5m&limit=89 "HTTP/2 200 OK"
2026-03-22 11:26:04,684 | INFO | HTTP Request: GET https://www.okx.com/api/v5/trade/orders-algo-pending?ordType=twap&instType=SWAP&instId=SUI-USDT-SWAP "HTTP/2 200 OK"
2026-03-22 11:26:04,928 | INFO | HTTP Request: GET https://www.okx.com/api/v5/trade/orders-algo-pending?ordType=chase&instType=SWAP&instId=SUI-USDT-SWAP "HTTP/2 200 OK"
2026-03-22 11:26:05,052 | INFO | HTTP Request: GET https://www.okx.com/api/v5/market/candles?instId=BTC-USDT-SWAP&bar=5m&limit=64 "HTTP/2 200 OK"
2026-03-22 11:26:05,090 | INFO | HTTP Request: GET https://www.okx.com/api/v5/market/ticker?instId=LIT-USDT-SWAP "HTTP/2 200 OK"
2026-03-22 11:26:05,167 | INFO | HTTP Request: GET https://www.okx.com/api/v5/trade/orders-algo-pending?ordType=conditional&instType=SWAP&instId=SUI-USDT-SWAP "HTTP/2 200 OK"
2026-03-22 11:26:05,434 | INFO | HTTP Request: GET https://www.okx.com/api/v5/trade/orders-algo-pending?ordType=oco&instType=SWAP&instId=SUI-USDT-SWAP "HTTP/2 200 OK"
2026-03-22 11:26:05,475 | INFO | HTTP Request: GET https://www.okx.com/api/v5/market/candles?instId=LIT-USDT-SWAP&bar=5m&limit=89 "HTTP/2 200 OK"
2026-03-22 11:26:05,676 | INFO | HTTP Request: GET https://www.okx.com/api/v5/trade/orders-algo-pending?ordType=trigger&instType=SWAP&instId=SUI-USDT-SWAP "HTTP/2 200 OK"
2026-03-22 11:26:05,927 | INFO | HTTP Request: GET https://www.okx.com/api/v5/trade/orders-algo-pending?ordType=move_order_stop&instType=SWAP&instId=SUI-USDT-SWAP "HTTP/2 200 OK"
2026-03-22 11:26:05,977 | INFO | HTTP Request: GET https://www.okx.com/api/v5/market/ticker?instId=LPT-USDT-SWAP "HTTP/2 200 OK"
2026-03-22 11:26:06,170 | INFO | HTTP Request: GET https://www.okx.com/api/v5/trade/orders-algo-pending?ordType=iceberg&instType=SWAP&instId=SUI-USDT-SWAP "HTTP/2 200 OK"
2026-03-22 11:26:06,350 | INFO | HTTP Request: GET https://www.okx.com/api/v5/market/candles?instId=LPT-USDT-SWAP&bar=5m&limit=89 "HTTP/2 200 OK"
2026-03-22 11:26:06,421 | INFO | HTTP Request: GET https://www.okx.com/api/v5/trade/orders-algo-pending?ordType=twap&instType=SWAP&instId=SUI-USDT-SWAP "HTTP/2 200 OK"
2026-03-22 11:26:06,664 | INFO | HTTP Request: GET https://www.okx.com/api/v5/trade/orders-algo-pending?ordType=chase&instType=SWAP&instId=SUI-USDT-SWAP "HTTP/2 200 OK"
2026-03-22 11:26:06,671 | INFO | Placing exchange stop SUI-USDT-SWAP short payload={'instId': 'SUI-USDT-SWAP', 'tdMode': 'isolated', 'side': 'buy', 'posSide': 'net', 'ordType': 'conditional', 'reduceOnly': 'true', 'closeFraction': '1', 'slTriggerPx': '0.929536', 'slTriggerPxType': 'mark', 'slOrdPx': '-1'}
2026-03-22 11:26:06,873 | INFO | HTTP Request: GET https://www.okx.com/api/v5/market/ticker?instId=LQTY-USDT-SWAP "HTTP/2 200 OK"
2026-03-22 11:26:06,915 | INFO | HTTP Request: POST https://www.okx.com/api/v5/trade/order-algo "HTTP/2 200 OK"
2026-03-22 11:26:07,204 | INFO | HTTP Request: GET https://www.okx.com/api/v5/trade/orders-algo-pending?ordType=conditional&instType=SWAP&instId=SUI-USDT-SWAP "HTTP/2 200 OK"
2026-03-22 11:26:07,268 | INFO | HTTP Request: GET https://www.okx.com/api/v5/market/candles?instId=LQTY-USDT-SWAP&bar=5m&limit=89 "HTTP/2 200 OK"
2026-03-22 11:26:07,457 | INFO | HTTP Request: GET https://www.okx.com/api/v5/trade/orders-algo-pending?ordType=oco&instType=SWAP&instId=SUI-USDT-SWAP "HTTP/2 200 OK"
2026-03-22 11:26:07,715 | INFO | HTTP Request: GET https://www.okx.com/api/v5/trade/orders-algo-pending?ordType=trigger&instType=SWAP&instId=SUI-USDT-SWAP "HTTP/2 200 OK"
2026-03-22 11:26:07,755 | INFO | HTTP Request: GET https://www.okx.com/api/v5/market/ticker?instId=LRC-USDT-SWAP "HTTP/2 200 OK"
2026-03-22 11:26:07,932 | INFO | HTTP Request: GET https://www.okx.com/api/v5/account/balance "HTTP/2 200 OK"
2026-03-22 11:26:07,956 | INFO | HTTP Request: GET https://www.okx.com/api/v5/trade/orders-algo-pending?ordType=move_order_stop&instType=SWAP&instId=SUI-USDT-SWAP "HTTP/2 200 OK"
2026-03-22 11:26:08,241 | INFO | HTTP Request: GET https://www.okx.com/api/v5/market/candles?instId=LRC-USDT-SWAP&bar=5m&limit=89 "HTTP/2 200 OK"
2026-03-22 11:26:08,295 | INFO | HTTP Request: GET https://www.okx.com/api/v5/trade/orders-algo-pending?ordType=iceberg&instType=SWAP&instId=SUI-USDT-SWAP "HTTP/2 200 OK"
2026-03-22 11:26:08,540 | INFO | HTTP Request: GET https://www.okx.com/api/v5/trade/orders-algo-pending?ordType=twap&instType=SWAP&instId=SUI-USDT-SWAP "HTTP/2 200 OK"
2026-03-22 11:26:08,784 | INFO | HTTP Request: GET https://www.okx.com/api/v5/market/ticker?instId=LTC-USDT-SWAP "HTTP/2 200 OK"
2026-03-22 11:26:08,786 | INFO | HTTP Request: GET https://www.okx.com/api/v5/trade/orders-algo-pending?ordType=chase&instType=SWAP&instId=SUI-USDT-SWAP "HTTP/2 200 OK"
2026-03-22 11:26:08,796 | INFO | Placing order SUI-USDT-SWAP sell qty=10944.0 attach_stop=0.0
2026-03-22 11:26:09,036 | INFO | HTTP Request: POST https://www.okx.com/api/v5/trade/order "HTTP/2 200 OK"
2026-03-22 11:26:09,161 | INFO | HTTP Request: GET https://www.okx.com/api/v5/market/candles?instId=LTC-USDT-SWAP&bar=5m&limit=89 "HTTP/2 200 OK"
2026-03-22 11:26:09,426 | INFO | HTTP Request: GET https://www.okx.com/api/v5/account/positions?instType=SWAP "HTTP/2 200 OK"
2026-03-22 11:26:09,789 | INFO | HTTP Request: GET https://www.okx.com/api/v5/market/ticker?instId=MAJOR-USDT-SWAP "HTTP/2 200 OK"
2026-03-22 11:26:10,241 | INFO | HTTP Request: GET https://www.okx.com/api/v5/market/candles?instId=MAJOR-USDT-SWAP&bar=5m&limit=89 "HTTP/2 200 OK"
2026-03-22 11:26:10,444 | INFO | HTTP Request: GET https://www.okx.com/api/v5/market/candles?instId=ETHFI-USDT-SWAP&bar=5m&limit=26 "HTTP/2 200 OK"
2026-03-22 11:26:10,741 | INFO | HTTP Request: GET https://www.okx.com/api/v5/market/ticker?instId=MASK-USDT-SWAP "HTTP/2 200 OK"
2026-03-22 11:26:10,825 | INFO | HTTP Request: GET https://www.okx.com/api/v5/market/ticker?instId=ETHFI-USDT-SWAP "HTTP/2 200 OK"
2026-03-22 11:26:11,101 | INFO | HTTP Request: GET https://www.okx.com/api/v5/trade/orders-algo-pending?ordType=conditional&instType=SWAP&instId=ETHFI-USDT-SWAP "HTTP/2 200 OK"
2026-03-22 11:26:11,134 | INFO | HTTP Request: GET https://www.okx.com/api/v5/market/candles?instId=MASK-USDT-SWAP&bar=5m&limit=89 "HTTP/2 200 OK"
2026-03-22 11:26:11,280 | INFO | HTTP Request: GET https://www.okx.com/api/v5/market/candles?instId=BTC-USDT-SWAP&bar=5m&limit=64 "HTTP/2 200 OK"
2026-03-22 11:26:11,343 | INFO | HTTP Request: GET https://www.okx.com/api/v5/trade/orders-algo-pending?ordType=oco&instType=SWAP&instId=ETHFI-USDT-SWAP "HTTP/2 200 OK"
2026-03-22 11:26:11,627 | INFO | HTTP Request: GET https://www.okx.com/api/v5/trade/orders-algo-pending?ordType=trigger&instType=SWAP&instId=ETHFI-USDT-SWAP "HTTP/2 200 OK"
2026-03-22 11:26:11,629 | INFO | HTTP Request: GET https://www.okx.com/api/v5/market/ticker?instId=MET-USDT-SWAP "HTTP/2 200 OK"
2026-03-22 11:26:11,869 | INFO | HTTP Request: GET https://www.okx.com/api/v5/trade/orders-algo-pending?ordType=move_order_stop&instType=SWAP&instId=ETHFI-USDT-SWAP "HTTP/2 200 OK"
2026-03-22 11:26:12,010 | INFO | HTTP Request: GET https://www.okx.com/api/v5/market/candles?instId=MET-USDT-SWAP&bar=5m&limit=89 "HTTP/2 200 OK"
2026-03-22 11:26:12,116 | INFO | HTTP Request: GET https://www.okx.com/api/v5/trade/orders-algo-pending?ordType=iceberg&instType=SWAP&instId=ETHFI-USDT-SWAP "HTTP/2 200 OK"
2026-03-22 11:26:12,359 | INFO | HTTP Request: GET https://www.okx.com/api/v5/trade/orders-algo-pending?ordType=twap&instType=SWAP&instId=ETHFI-USDT-SWAP "HTTP/2 200 OK"
2026-03-22 11:26:12,491 | INFO | HTTP Request: GET https://www.okx.com/api/v5/market/ticker?instId=MINA-USDT-SWAP "HTTP/2 200 OK"
2026-03-22 11:26:12,601 | INFO | HTTP Request: GET https://www.okx.com/api/v5/trade/orders-algo-pending?ordType=chase&instType=SWAP&instId=ETHFI-USDT-SWAP "HTTP/2 200 OK"
2026-03-22 11:26:12,853 | INFO | HTTP Request: GET https://www.okx.com/api/v5/market/candles?instId=MINA-USDT-SWAP&bar=5m&limit=89 "HTTP/2 200 OK"
2026-03-22 11:26:13,193 | INFO | HTTP Request: GET https://www.okx.com/api/v5/trade/orders-algo-pending?ordType=conditional&instType=SWAP&instId=ETHFI-USDT-SWAP "HTTP/2 200 OK"
2026-03-22 11:26:13,338 | INFO | HTTP Request: GET https://www.okx.com/api/v5/market/ticker?instId=MKR-USDT-SWAP "HTTP/2 200 OK"
2026-03-22 11:26:13,345 | INFO | HTTP Request: GET https://www.okx.com/api/v5/account/balance "HTTP/2 200 OK"
2026-03-22 11:26:13,433 | INFO | HTTP Request: GET https://www.okx.com/api/v5/trade/orders-algo-pending?ordType=oco&instType=SWAP&instId=ETHFI-USDT-SWAP "HTTP/2 200 OK"
2026-03-22 11:26:13,691 | INFO | HTTP Request: GET https://www.okx.com/api/v5/trade/orders-algo-pending?ordType=trigger&instType=SWAP&instId=ETHFI-USDT-SWAP "HTTP/2 200 OK"
2026-03-22 11:26:13,708 | INFO | HTTP Request: GET https://www.okx.com/api/v5/market/candles?instId=MKR-USDT-SWAP&bar=5m&limit=89 "HTTP/2 200 OK"
2026-03-22 11:26:13,931 | INFO | HTTP Request: GET https://www.okx.com/api/v5/trade/orders-algo-pending?ordType=move_order_stop&instType=SWAP&instId=ETHFI-USDT-SWAP "HTTP/2 200 OK"
2026-03-22 11:26:14,178 | INFO | HTTP Request: GET https://www.okx.com/api/v5/trade/orders-algo-pending?ordType=iceberg&instType=SWAP&instId=ETHFI-USDT-SWAP "HTTP/2 200 OK"
2026-03-22 11:26:14,244 | INFO | HTTP Request: GET https://www.okx.com/api/v5/market/ticker?instId=MUBARAK-USDT-SWAP "HTTP/2 200 OK"
2026-03-22 11:26:14,420 | INFO | HTTP Request: GET https://www.okx.com/api/v5/trade/orders-algo-pending?ordType=twap&instType=SWAP&instId=ETHFI-USDT-SWAP "HTTP/2 200 OK"
2026-03-22 11:26:14,663 | INFO | HTTP Request: GET https://www.okx.com/api/v5/trade/orders-algo-pending?ordType=chase&instType=SWAP&instId=ETHFI-USDT-SWAP "HTTP/2 200 OK"
2026-03-22 11:26:14,668 | INFO | Placing order ETHFI-USDT-SWAP sell qty=14860.0 attach_stop=0.0
2026-03-22 11:26:14,733 | INFO | HTTP Request: GET https://www.okx.com/api/v5/market/candles?instId=MUBARAK-USDT-SWAP&bar=5m&limit=89 "HTTP/2 200 OK"
2026-03-22 11:26:14,912 | INFO | HTTP Request: POST https://www.okx.com/api/v5/trade/order "HTTP/2 200 OK"
2026-03-22 11:26:15,274 | INFO | HTTP Request: GET https://www.okx.com/api/v5/market/ticker?instId=NEAR-USDT-SWAP "HTTP/2 200 OK"
2026-03-22 11:26:15,308 | INFO | HTTP Request: GET https://www.okx.com/api/v5/account/positions?instType=SWAP "HTTP/2 200 OK"
2026-03-22 11:26:15,691 | INFO | HTTP Request: GET https://www.okx.com/api/v5/market/candles?instId=NEAR-USDT-SWAP&bar=5m&limit=89 "HTTP/2 200 OK"
2026-03-22 11:26:16,215 | INFO | HTTP Request: GET https://www.okx.com/api/v5/market/ticker?instId=NEO-USDT-SWAP "HTTP/2 200 OK"
2026-03-22 11:26:16,305 | INFO | HTTP Request: GET https://www.okx.com/api/v5/market/candles?instId=SOL-USDT-SWAP&bar=5m&limit=26 "HTTP/2 200 OK"
2026-03-22 11:26:16,618 | INFO | HTTP Request: GET https://www.okx.com/api/v5/market/candles?instId=NEO-USDT-SWAP&bar=5m&limit=89 "HTTP/2 200 OK"
2026-03-22 11:26:16,712 | INFO | HTTP Request: GET https://www.okx.com/api/v5/market/ticker?instId=SOL-USDT-SWAP "HTTP/2 200 OK"
2026-03-22 11:26:16,988 | INFO | HTTP Request: GET https://www.okx.com/api/v5/trade/orders-algo-pending?ordType=conditional&instType=SWAP&instId=SOL-USDT-SWAP "HTTP/2 200 OK"
2026-03-22 11:26:17,146 | INFO | HTTP Request: GET https://www.okx.com/api/v5/market/ticker?instId=NOT-USDT-SWAP "HTTP/2 200 OK"
2026-03-22 11:26:17,227 | INFO | HTTP Request: GET https://www.okx.com/api/v5/trade/orders-algo-pending?ordType=oco&instType=SWAP&instId=SOL-USDT-SWAP "HTTP/2 200 OK"
2026-03-22 11:26:17,469 | INFO | HTTP Request: GET https://www.okx.com/api/v5/trade/orders-algo-pending?ordType=trigger&instType=SWAP&instId=SOL-USDT-SWAP "HTTP/2 200 OK"
2026-03-22 11:26:17,532 | INFO | HTTP Request: GET https://www.okx.com/api/v5/market/candles?instId=BTC-USDT-SWAP&bar=5m&limit=64 "HTTP/2 200 OK"
2026-03-22 11:26:17,564 | INFO | HTTP Request: GET https://www.okx.com/api/v5/market/candles?instId=NOT-USDT-SWAP&bar=5m&limit=89 "HTTP/2 200 OK"
2026-03-22 11:26:17,709 | INFO | HTTP Request: GET https://www.okx.com/api/v5/trade/orders-algo-pending?ordType=move_order_stop&instType=SWAP&instId=SOL-USDT-SWAP "HTTP/2 200 OK"
2026-03-22 11:26:17,946 | INFO | HTTP Request: GET https://www.okx.com/api/v5/trade/orders-algo-pending?ordType=iceberg&instType=SWAP&instId=SOL-USDT-SWAP "HTTP/2 200 OK"
2026-03-22 11:26:18,070 | INFO | HTTP Request: GET https://www.okx.com/api/v5/market/ticker?instId=OP-USDT-SWAP "HTTP/2 200 OK"
2026-03-22 11:26:18,189 | INFO | HTTP Request: GET https://www.okx.com/api/v5/trade/orders-algo-pending?ordType=twap&instType=SWAP&instId=SOL-USDT-SWAP "HTTP/2 200 OK"
2026-03-22 11:26:18,434 | INFO | HTTP Request: GET https://www.okx.com/api/v5/market/candles?instId=OP-USDT-SWAP&bar=5m&limit=89 "HTTP/2 200 OK"
2026-03-22 11:26:18,434 | INFO | HTTP Request: GET https://www.okx.com/api/v5/trade/orders-algo-pending?ordType=chase&instType=SWAP&instId=SOL-USDT-SWAP "HTTP/2 200 OK"
2026-03-22 11:26:18,739 | INFO | HTTP Request: GET https://www.okx.com/api/v5/account/balance "HTTP/2 200 OK"
2026-03-22 11:26:18,793 | INFO | Amending exchange stop SOL-USDT-SWAP algo=3411318980764590080 payload=[{'instId': 'SOL-USDT-SWAP', 'algoId': '3411318980764590080', 'newSlTriggerPx': '87.573', 'newSlOrdPx': '-1', 'newSlTriggerPxType': 'mark'}]
2026-03-22 11:26:18,923 | INFO | HTTP Request: GET https://www.okx.com/api/v5/market/ticker?instId=PEPE-USDT-SWAP "HTTP/2 200 OK"
2026-03-22 11:26:19,046 | INFO | HTTP Request: POST https://www.okx.com/api/v5/trade/amend-algos "HTTP/2 200 OK"
2026-03-22 11:26:19,305 | INFO | HTTP Request: GET https://www.okx.com/api/v5/market/candles?instId=PEPE-USDT-SWAP&bar=5m&limit=89 "HTTP/2 200 OK"
2026-03-22 11:26:19,407 | INFO | Amending exchange stop SOL-USDT-SWAP algo=3411318980764590080 payload=[{'instId': 'SOL-USDT-SWAP', 'algoId': '3411318980764590080', 'newSlTriggerPx': '87.573', 'newSlOrdPx': '-1', 'newSlTriggerPxType': 'mark'}]
2026-03-22 11:26:19,703 | INFO | HTTP Request: POST https://www.okx.com/api/v5/trade/amend-algos "HTTP/2 200 OK"
2026-03-22 11:26:19,847 | INFO | HTTP Request: GET https://www.okx.com/api/v5/market/ticker?instId=PIGGY-USDT-SWAP "HTTP/2 200 OK"
2026-03-22 11:26:19,956 | INFO | HTTP Request: POST https://www.okx.com/api/v5/trade/cancel-algos "HTTP/2 200 OK"
2026-03-22 11:26:20,195 | INFO | HTTP Request: GET https://www.okx.com/api/v5/trade/orders-algo-pending?ordType=conditional&instType=SWAP&instId=SOL-USDT-SWAP "HTTP/2 200 OK"
2026-03-22 11:26:20,227 | INFO | HTTP Request: GET https://www.okx.com/api/v5/market/candles?instId=PIGGY-USDT-SWAP&bar=5m&limit=89 "HTTP/2 200 OK"
2026-03-22 11:26:20,435 | INFO | HTTP Request: GET https://www.okx.com/api/v5/trade/orders-algo-pending?ordType=oco&instType=SWAP&instId=SOL-USDT-SWAP "HTTP/2 200 OK"
2026-03-22 11:26:20,682 | INFO | HTTP Request: GET https://www.okx.com/api/v5/trade/orders-algo-pending?ordType=trigger&instType=SWAP&instId=SOL-USDT-SWAP "HTTP/2 200 OK"
2026-03-22 11:26:20,720 | INFO | HTTP Request: GET https://www.okx.com/api/v5/market/ticker?instId=QTUM-USDT-SWAP "HTTP/2 200 OK"
2026-03-22 11:26:20,926 | INFO | HTTP Request: GET https://www.okx.com/api/v5/trade/orders-algo-pending?ordType=move_order_stop&instType=SWAP&instId=SOL-USDT-SWAP "HTTP/2 200 OK"
2026-03-22 11:26:21,107 | INFO | HTTP Request: GET https://www.okx.com/api/v5/market/candles?instId=QTUM-USDT-SWAP&bar=5m&limit=89 "HTTP/2 200 OK"
2026-03-22 11:26:21,177 | INFO | HTTP Request: GET https://www.okx.com/api/v5/trade/orders-algo-pending?ordType=iceberg&instType=SWAP&instId=SOL-USDT-SWAP "HTTP/2 200 OK"
2026-03-22 11:26:21,418 | INFO | HTTP Request: GET https://www.okx.com/api/v5/trade/orders-algo-pending?ordType=twap&instType=SWAP&instId=SOL-USDT-SWAP "HTTP/2 200 OK"
2026-03-22 11:26:21,622 | INFO | HTTP Request: GET https://www.okx.com/api/v5/market/ticker?instId=RAVE-USDT-SWAP "HTTP/2 200 OK"
2026-03-22 11:26:21,725 | INFO | HTTP Request: GET https://www.okx.com/api/v5/trade/orders-algo-pending?ordType=chase&instType=SWAP&instId=SOL-USDT-SWAP "HTTP/2 200 OK"
2026-03-22 11:26:21,968 | INFO | HTTP Request: GET https://www.okx.com/api/v5/trade/orders-algo-pending?ordType=conditional&instType=SWAP&instId=SOL-USDT-SWAP "HTTP/2 200 OK"
2026-03-22 11:26:22,005 | INFO | HTTP Request: GET https://www.okx.com/api/v5/market/candles?instId=RAVE-USDT-SWAP&bar=5m&limit=89 "HTTP/2 200 OK"
2026-03-22 11:26:22,204 | INFO | HTTP Request: GET https://www.okx.com/api/v5/trade/orders-algo-pending?ordType=oco&instType=SWAP&instId=SOL-USDT-SWAP "HTTP/2 200 OK"
2026-03-22 11:26:22,449 | INFO | HTTP Request: GET https://www.okx.com/api/v5/trade/orders-algo-pending?ordType=trigger&instType=SWAP&instId=SOL-USDT-SWAP "HTTP/2 200 OK"
2026-03-22 11:26:22,496 | INFO | HTTP Request: GET https://www.okx.com/api/v5/market/ticker?instId=RESOLV-USDT-SWAP "HTTP/2 200 OK"
2026-03-22 11:26:22,689 | INFO | HTTP Request: GET https://www.okx.com/api/v5/trade/orders-algo-pending?ordType=move_order_stop&instType=SWAP&instId=SOL-USDT-SWAP "HTTP/2 200 OK"
2026-03-22 11:26:22,866 | INFO | HTTP Request: GET https://www.okx.com/api/v5/market/candles?instId=RESOLV-USDT-SWAP&bar=5m&limit=89 "HTTP/2 200 OK"
2026-03-22 11:26:22,942 | INFO | HTTP Request: GET https://www.okx.com/api/v5/trade/orders-algo-pending?ordType=iceberg&instType=SWAP&instId=SOL-USDT-SWAP "HTTP/2 200 OK"
2026-03-22 11:26:23,184 | INFO | HTTP Request: GET https://www.okx.com/api/v5/trade/orders-algo-pending?ordType=twap&instType=SWAP&instId=SOL-USDT-SWAP "HTTP/2 200 OK"
2026-03-22 11:26:23,387 | INFO | HTTP Request: GET https://www.okx.com/api/v5/market/ticker?instId=ROBO-USDT-SWAP "HTTP/2 200 OK"
2026-03-22 11:26:23,425 | INFO | HTTP Request: GET https://www.okx.com/api/v5/trade/orders-algo-pending?ordType=chase&instType=SWAP&instId=SOL-USDT-SWAP "HTTP/2 200 OK"
2026-03-22 11:26:23,429 | INFO | Placing exchange stop SOL-USDT-SWAP short payload={'instId': 'SOL-USDT-SWAP', 'tdMode': 'isolated', 'side': 'buy', 'posSide': 'net', 'ordType': 'conditional', 'reduceOnly': 'true', 'closeFraction': '1', 'slTriggerPx': '87.573', 'slTriggerPxType': 'mark', 'slOrdPx': '-1'}
2026-03-22 11:26:23,673 | INFO | HTTP Request: POST https://www.okx.com/api/v5/trade/order-algo "HTTP/2 200 OK"
2026-03-22 11:26:23,752 | INFO | HTTP Request: GET https://www.okx.com/api/v5/market/candles?instId=ROBO-USDT-SWAP&bar=5m&limit=89 "HTTP/2 200 OK"
2026-03-22 11:26:23,807 | INFO | HTTP Request: GET https://www.okx.com/api/v5/market/candles?instId=BTC-USDT-SWAP&bar=5m&limit=64 "HTTP/2 200 OK"
2026-03-22 11:26:23,910 | INFO | HTTP Request: GET https://www.okx.com/api/v5/trade/orders-algo-pending?ordType=conditional&instType=SWAP&instId=SOL-USDT-SWAP "HTTP/2 200 OK"
2026-03-22 11:26:24,074 | INFO | HTTP Request: GET https://www.okx.com/api/v5/account/balance "HTTP/2 200 OK"
2026-03-22 11:26:24,150 | INFO | HTTP Request: GET https://www.okx.com/api/v5/trade/orders-algo-pending?ordType=oco&instType=SWAP&instId=SOL-USDT-SWAP "HTTP/2 200 OK"
2026-03-22 11:26:24,261 | INFO | HTTP Request: GET https://www.okx.com/api/v5/market/ticker?instId=SAND-USDT-SWAP "HTTP/2 200 OK"
2026-03-22 11:26:24,394 | INFO | HTTP Request: GET https://www.okx.com/api/v5/trade/orders-algo-pending?ordType=trigger&instType=SWAP&instId=SOL-USDT-SWAP "HTTP/2 200 OK"
2026-03-22 11:26:24,635 | INFO | HTTP Request: GET https://www.okx.com/api/v5/trade/orders-algo-pending?ordType=move_order_stop&instType=SWAP&instId=SOL-USDT-SWAP "HTTP/2 200 OK"
2026-03-22 11:26:24,644 | INFO | HTTP Request: GET https://www.okx.com/api/v5/market/candles?instId=SAND-USDT-SWAP&bar=5m&limit=89 "HTTP/2 200 OK"
2026-03-22 11:26:24,876 | INFO | HTTP Request: GET https://www.okx.com/api/v5/trade/orders-algo-pending?ordType=iceberg&instType=SWAP&instId=SOL-USDT-SWAP "HTTP/2 200 OK"
2026-03-22 11:26:25,115 | INFO | HTTP Request: GET https://www.okx.com/api/v5/trade/orders-algo-pending?ordType=twap&instType=SWAP&instId=SOL-USDT-SWAP "HTTP/2 200 OK"
2026-03-22 11:26:25,133 | INFO | HTTP Request: GET https://www.okx.com/api/v5/market/ticker?instId=SCR-USDT-SWAP "HTTP/2 200 OK"
2026-03-22 11:26:25,354 | INFO | HTTP Request: GET https://www.okx.com/api/v5/trade/orders-algo-pending?ordType=chase&instType=SWAP&instId=SOL-USDT-SWAP "HTTP/2 200 OK"
2026-03-22 11:26:25,365 | INFO | Placing order SOL-USDT-SWAP sell qty=105.2 attach_stop=0.0
2026-03-22 11:26:25,524 | INFO | HTTP Request: GET https://www.okx.com/api/v5/market/candles?instId=SCR-USDT-SWAP&bar=5m&limit=89 "HTTP/2 200 OK"
2026-03-22 11:26:25,611 | INFO | HTTP Request: POST https://www.okx.com/api/v5/trade/order "HTTP/2 200 OK"
2026-03-22 11:26:25,853 | INFO | HTTP Request: GET https://www.okx.com/api/v5/account/positions?instType=SWAP "HTTP/2 200 OK"
2026-03-22 11:26:26,063 | INFO | HTTP Request: GET https://www.okx.com/api/v5/market/ticker?instId=SHIB-USDT-SWAP "HTTP/2 200 OK"
2026-03-22 11:26:26,437 | INFO | HTTP Request: GET https://www.okx.com/api/v5/market/candles?instId=SHIB-USDT-SWAP&bar=5m&limit=89 "HTTP/2 200 OK"
2026-03-22 11:26:26,829 | INFO | HTTP Request: GET https://www.okx.com/api/v5/market/candles?instId=AAVE-USDT-SWAP&bar=5m&limit=26 "HTTP/2 200 OK"
2026-03-22 11:26:26,968 | INFO | HTTP Request: GET https://www.okx.com/api/v5/market/ticker?instId=SKY-USDT-SWAP "HTTP/2 200 OK"
2026-03-22 11:26:27,287 | INFO | HTTP Request: GET https://www.okx.com/api/v5/market/ticker?instId=AAVE-USDT-SWAP "HTTP/2 200 OK"
2026-03-22 11:26:27,341 | INFO | HTTP Request: GET https://www.okx.com/api/v5/market/candles?instId=SKY-USDT-SWAP&bar=5m&limit=89 "HTTP/2 200 OK"
2026-03-22 11:26:27,525 | INFO | HTTP Request: GET https://www.okx.com/api/v5/trade/orders-algo-pending?ordType=conditional&instType=SWAP&instId=AAVE-USDT-SWAP "HTTP/2 200 OK"
2026-03-22 11:26:27,762 | INFO | HTTP Request: GET https://www.okx.com/api/v5/trade/orders-algo-pending?ordType=oco&instType=SWAP&instId=AAVE-USDT-SWAP "HTTP/2 200 OK"
2026-03-22 11:26:28,003 | INFO | HTTP Request: GET https://www.okx.com/api/v5/trade/orders-algo-pending?ordType=trigger&instType=SWAP&instId=AAVE-USDT-SWAP "HTTP/2 200 OK"
2026-03-22 11:26:28,003 | INFO | HTTP Request: GET https://www.okx.com/api/v5/market/ticker?instId=SOLV-USDT-SWAP "HTTP/2 200 OK"
2026-03-22 11:26:28,242 | INFO | HTTP Request: GET https://www.okx.com/api/v5/trade/orders-algo-pending?ordType=move_order_stop&instType=SWAP&instId=AAVE-USDT-SWAP "HTTP/2 200 OK"
2026-03-22 11:26:28,383 | INFO | HTTP Request: GET https://www.okx.com/api/v5/market/candles?instId=SOLV-USDT-SWAP&bar=5m&limit=89 "HTTP/2 200 OK"
2026-03-22 11:26:28,483 | INFO | HTTP Request: GET https://www.okx.com/api/v5/trade/orders-algo-pending?ordType=iceberg&instType=SWAP&instId=AAVE-USDT-SWAP "HTTP/2 200 OK"
2026-03-22 11:26:28,741 | INFO | HTTP Request: GET https://www.okx.com/api/v5/trade/orders-algo-pending?ordType=twap&instType=SWAP&instId=AAVE-USDT-SWAP "HTTP/2 200 OK"
2026-03-22 11:26:28,870 | INFO | HTTP Request: GET https://www.okx.com/api/v5/market/ticker?instId=SPK-USDT-SWAP "HTTP/2 200 OK"
2026-03-22 11:26:29,038 | INFO | HTTP Request: GET https://www.okx.com/api/v5/trade/orders-algo-pending?ordType=chase&instType=SWAP&instId=AAVE-USDT-SWAP "HTTP/2 200 OK"
2026-03-22 11:26:29,270 | INFO | HTTP Request: GET https://www.okx.com/api/v5/market/candles?instId=SPK-USDT-SWAP&bar=5m&limit=89 "HTTP/2 200 OK"
2026-03-22 11:26:29,278 | INFO | HTTP Request: GET https://www.okx.com/api/v5/trade/orders-algo-pending?ordType=conditional&instType=SWAP&instId=AAVE-USDT-SWAP "HTTP/2 200 OK"
2026-03-22 11:26:29,373 | INFO | HTTP Request: GET https://www.okx.com/api/v5/account/balance "HTTP/2 200 OK"
2026-03-22 11:26:29,784 | INFO | HTTP Request: GET https://www.okx.com/api/v5/market/ticker?instId=STRK-USDT-SWAP "HTTP/2 200 OK"
2026-03-22 11:26:29,814 | INFO | HTTP Request: GET https://www.okx.com/api/v5/trade/orders-algo-pending?ordType=oco&instType=SWAP&instId=AAVE-USDT-SWAP "HTTP/2 200 OK"
2026-03-22 11:26:30,037 | INFO | HTTP Request: GET https://www.okx.com/api/v5/market/candles?instId=BTC-USDT-SWAP&bar=5m&limit=64 "HTTP/2 200 OK"
2026-03-22 11:26:30,060 | INFO | HTTP Request: GET https://www.okx.com/api/v5/trade/orders-algo-pending?ordType=trigger&instType=SWAP&instId=AAVE-USDT-SWAP "HTTP/2 200 OK"
2026-03-22 11:26:30,241 | INFO | HTTP Request: GET https://www.okx.com/api/v5/market/candles?instId=STRK-USDT-SWAP&bar=5m&limit=89 "HTTP/2 200 OK"
2026-03-22 11:26:30,299 | INFO | HTTP Request: GET https://www.okx.com/api/v5/trade/orders-algo-pending?ordType=move_order_stop&instType=SWAP&instId=AAVE-USDT-SWAP "HTTP/2 200 OK"
2026-03-22 11:26:30,541 | INFO | HTTP Request: GET https://www.okx.com/api/v5/trade/orders-algo-pending?ordType=iceberg&instType=SWAP&instId=AAVE-USDT-SWAP "HTTP/2 200 OK"
2026-03-22 11:26:30,783 | INFO | HTTP Request: GET https://www.okx.com/api/v5/trade/orders-algo-pending?ordType=twap&instType=SWAP&instId=AAVE-USDT-SWAP "HTTP/2 200 OK"
2026-03-22 11:26:30,878 | INFO | HTTP Request: GET https://www.okx.com/api/v5/market/ticker?instId=SUSHI-USDT-SWAP "HTTP/2 200 OK"
2026-03-22 11:26:31,025 | INFO | HTTP Request: GET https://www.okx.com/api/v5/trade/orders-algo-pending?ordType=chase&instType=SWAP&instId=AAVE-USDT-SWAP "HTTP/2 200 OK"
2026-03-22 11:26:31,253 | INFO | HTTP Request: GET https://www.okx.com/api/v5/market/candles?instId=SUSHI-USDT-SWAP&bar=5m&limit=89 "HTTP/2 200 OK"
2026-03-22 11:26:31,751 | INFO | HTTP Request: GET https://www.okx.com/api/v5/market/ticker?instId=SYRUP-USDT-SWAP "HTTP/2 200 OK"
2026-03-22 11:26:32,137 | INFO | HTTP Request: GET https://www.okx.com/api/v5/market/candles?instId=SYRUP-USDT-SWAP&bar=5m&limit=89 "HTTP/2 200 OK"
2026-03-22 11:26:32,411 | INFO | HTTP Request: GET https://www.okx.com/api/v5/public/instruments?instType=SWAP "HTTP/2 200 OK"
2026-03-22 11:26:32,653 | INFO | HTTP Request: GET https://www.okx.com/api/v5/account/balance "HTTP/2 200 OK"
2026-03-22 11:26:32,661 | INFO | HTTP Request: GET https://www.okx.com/api/v5/market/ticker?instId=TEST1234-USDT-SWAP "HTTP/2 200 OK"
2026-03-22 11:26:32,891 | INFO | HTTP Request: GET https://www.okx.com/api/v5/trade/orders-pending?instType=SWAP&instId=1INCH-USDT-SWAP "HTTP/2 200 OK"
2026-03-22 11:26:33,040 | INFO | HTTP Request: GET https://www.okx.com/api/v5/market/candles?instId=TEST1234-USDT-SWAP&bar=5m&limit=89 "HTTP/2 200 OK"
2026-03-22 11:26:33,272 | INFO | HTTP Request: GET https://www.okx.com/api/v5/market/ticker?instId=1INCH-USDT-SWAP "HTTP/2 200 OK"
2026-03-22 11:26:33,536 | INFO | HTTP Request: GET https://www.okx.com/api/v5/market/ticker?instId=TEST3103-USDT-SWAP "HTTP/2 200 OK"
2026-03-22 11:26:33,946 | INFO | HTTP Request: GET https://www.okx.com/api/v5/market/candles?instId=TEST3103-USDT-SWAP&bar=5m&limit=89 "HTTP/2 200 OK"
2026-03-22 11:26:34,489 | INFO | HTTP Request: GET https://www.okx.com/api/v5/market/ticker?instId=TEST3110-USDT-SWAP "HTTP/2 200 OK"
2026-03-22 11:26:34,647 | INFO | HTTP Request: GET https://www.okx.com/api/v5/account/balance "HTTP/2 200 OK"
2026-03-22 11:26:34,904 | INFO | HTTP Request: GET https://www.okx.com/api/v5/market/candles?instId=TEST3110-USDT-SWAP&bar=5m&limit=89 "HTTP/2 200 OK"
2026-03-22 11:26:35,389 | INFO | HTTP Request: GET https://www.okx.com/api/v5/market/ticker?instId=THETA-USDT-SWAP "HTTP/2 200 OK"
2026-03-22 11:26:35,782 | INFO | HTTP Request: GET https://www.okx.com/api/v5/market/candles?instId=THETA-USDT-SWAP&bar=5m&limit=89 "HTTP/2 200 OK"
2026-03-22 11:26:36,291 | INFO | HTTP Request: GET https://www.okx.com/api/v5/market/ticker?instId=TON-USDT-SWAP "HTTP/2 200 OK"
2026-03-22 11:26:36,292 | INFO | HTTP Request: GET https://www.okx.com/api/v5/market/candles?instId=BTC-USDT-SWAP&bar=5m&limit=64 "HTTP/2 200 OK"
2026-03-22 11:26:36,695 | INFO | HTTP Request: GET https://www.okx.com/api/v5/market/candles?instId=TON-USDT-SWAP&bar=5m&limit=89 "HTTP/2 200 OK"
2026-03-22 11:26:37,278 | INFO | HTTP Request: GET https://www.okx.com/api/v5/market/ticker?instId=TRIA-USDT-SWAP "HTTP/2 200 OK"
2026-03-22 11:26:37,355 | INFO | HTTP Request: GET https://www.okx.com/api/v5/public/instruments?instType=SWAP "HTTP/2 200 OK"
2026-03-22 11:26:37,626 | INFO | HTTP Request: GET https://www.okx.com/api/v5/account/balance "HTTP/2 200 OK"
2026-03-22 11:26:37,669 | INFO | HTTP Request: GET https://www.okx.com/api/v5/market/candles?instId=TRIA-USDT-SWAP&bar=5m&limit=89 "HTTP/2 200 OK"
2026-03-22 11:26:37,866 | INFO | HTTP Request: GET https://www.okx.com/api/v5/trade/orders-pending?instType=SWAP&instId=1INCH-USDT-SWAP "HTTP/2 200 OK"
2026-03-22 11:26:38,157 | INFO | HTTP Request: GET https://www.okx.com/api/v5/market/ticker?instId=TRX-USDT-SWAP "HTTP/2 200 OK"
2026-03-22 11:26:38,243 | INFO | HTTP Request: GET https://www.okx.com/api/v5/market/ticker?instId=1INCH-USDT-SWAP "HTTP/2 200 OK"
2026-03-22 11:26:38,527 | INFO | HTTP Request: GET https://www.okx.com/api/v5/account/positions?instType=SWAP "HTTP/2 200 OK"
2026-03-22 11:26:38,548 | INFO | HTTP Request: GET https://www.okx.com/api/v5/market/candles?instId=TRX-USDT-SWAP&bar=5m&limit=89 "HTTP/2 200 OK"
2026-03-22 11:26:38,981 | INFO | HTTP Request: GET https://www.okx.com/api/v5/market/candles?instId=ACT-USDT-SWAP&bar=15m&limit=121 "HTTP/2 200 OK"
2026-03-22 11:26:39,039 | INFO | HTTP Request: GET https://www.okx.com/api/v5/market/ticker?instId=TSLA-USDT-SWAP "HTTP/2 200 OK"
2026-03-22 11:26:39,346 | INFO | HTTP Request: GET https://www.okx.com/api/v5/market/candles?instId=ACT-USDT-SWAP&bar=5m&limit=97 "HTTP/2 200 OK"
2026-03-22 11:26:39,457 | INFO | HTTP Request: GET https://www.okx.com/api/v5/market/candles?instId=TSLA-USDT-SWAP&bar=5m&limit=89 "HTTP/2 200 OK"
2026-03-22 11:26:39,773 | INFO | HTTP Request: GET https://www.okx.com/api/v5/market/history-trades?instId=ACT-USDT-SWAP&limit=100 "HTTP/2 200 OK"
2026-03-22 11:26:39,948 | INFO | HTTP Request: GET https://www.okx.com/api/v5/account/balance "HTTP/2 200 OK"
2026-03-22 11:26:39,989 | INFO | HTTP Request: GET https://www.okx.com/api/v5/market/ticker?instId=XAG-USDT-SWAP "HTTP/2 200 OK"
2026-03-22 11:26:40,182 | INFO | HTTP Request: GET https://www.okx.com/api/v5/market/books?instId=ACT-USDT-SWAP&sz=5 "HTTP/2 200 OK"
2026-03-22 11:26:40,375 | INFO | HTTP Request: GET https://www.okx.com/api/v5/market/candles?instId=XAG-USDT-SWAP&bar=5m&limit=89 "HTTP/2 200 OK"
2026-03-22 11:26:40,783 | INFO | HTTP Request: GET https://www.okx.com/api/v5/market/books?instId=ACT-USDT-SWAP&sz=5 "HTTP/2 200 OK"
2026-03-22 11:26:40,898 | INFO | HTTP Request: GET https://www.okx.com/api/v5/market/ticker?instId=XAU-USDT-SWAP "HTTP/2 200 OK"
2026-03-22 11:26:41,282 | INFO | HTTP Request: GET https://www.okx.com/api/v5/market/candles?instId=XAU-USDT-SWAP&bar=5m&limit=89 "HTTP/2 200 OK"
2026-03-22 11:26:41,386 | INFO | HTTP Request: GET https://www.okx.com/api/v5/market/books?instId=ACT-USDT-SWAP&sz=5 "HTTP/2 200 OK"
2026-03-22 11:26:41,794 | INFO | HTTP Request: GET https://www.okx.com/api/v5/market/ticker?instId=XLM-USDT-SWAP "HTTP/2 200 OK"
2026-03-22 11:26:41,988 | INFO | HTTP Request: GET https://www.okx.com/api/v5/market/books?instId=ACT-USDT-SWAP&sz=5 "HTTP/2 200 OK"
2026-03-22 11:26:42,207 | INFO | HTTP Request: GET https://www.okx.com/api/v5/market/candles?instId=XLM-USDT-SWAP&bar=5m&limit=89 "HTTP/2 200 OK"
2026-03-22 11:26:42,398 | INFO | HTTP Request: GET https://www.okx.com/api/v5/market/candles?instId=ADA-USDT-SWAP&bar=15m&limit=121 "HTTP/2 200 OK"
2026-03-22 11:26:42,528 | INFO | HTTP Request: GET https://www.okx.com/api/v5/market/candles?instId=BTC-USDT-SWAP&bar=5m&limit=64 "HTTP/2 200 OK"
2026-03-22 11:26:42,716 | INFO | HTTP Request: GET https://www.okx.com/api/v5/market/ticker?instId=XPL-USDT-SWAP "HTTP/2 200 OK"
2026-03-22 11:26:42,801 | INFO | HTTP Request: GET https://www.okx.com/api/v5/market/candles?instId=ADA-USDT-SWAP&bar=5m&limit=97 "HTTP/2 200 OK"
2026-03-22 11:26:43,123 | INFO | HTTP Request: GET https://www.okx.com/api/v5/market/candles?instId=XPL-USDT-SWAP&bar=5m&limit=89 "HTTP/2 200 OK"
2026-03-22 11:26:43,234 | INFO | HTTP Request: GET https://www.okx.com/api/v5/market/history-trades?instId=ADA-USDT-SWAP&limit=100 "HTTP/2 200 OK"
2026-03-22 11:26:43,633 | INFO | HTTP Request: GET https://www.okx.com/api/v5/market/books?instId=ADA-USDT-SWAP&sz=5 "HTTP/2 200 OK"
2026-03-22 11:26:43,687 | INFO | HTTP Request: GET https://www.okx.com/api/v5/market/ticker?instId=XRP-USDT-SWAP "HTTP/2 200 OK"
2026-03-22 11:26:44,074 | INFO | HTTP Request: GET https://www.okx.com/api/v5/market/candles?instId=XRP-USDT-SWAP&bar=5m&limit=89 "HTTP/2 200 OK"
2026-03-22 11:26:44,293 | INFO | HTTP Request: GET https://www.okx.com/api/v5/market/books?instId=ADA-USDT-SWAP&sz=5 "HTTP/2 200 OK"
2026-03-22 11:26:44,579 | INFO | HTTP Request: GET https://www.okx.com/api/v5/market/ticker?instId=XSR-USDT-SWAP "HTTP/2 200 OK"
2026-03-22 11:26:44,883 | INFO | HTTP Request: GET https://www.okx.com/api/v5/market/books?instId=ADA-USDT-SWAP&sz=5 "HTTP/2 200 OK"
2026-03-22 11:26:44,987 | INFO | HTTP Request: GET https://www.okx.com/api/v5/market/candles?instId=XSR-USDT-SWAP&bar=5m&limit=89 "HTTP/2 200 OK"
2026-03-22 11:26:45,387 | INFO | HTTP Request: GET https://www.okx.com/api/v5/account/balance "HTTP/2 200 OK"
2026-03-22 11:26:45,496 | INFO | HTTP Request: GET https://www.okx.com/api/v5/market/ticker?instId=XTZ-USDT-SWAP "HTTP/2 200 OK"
2026-03-22 11:26:45,534 | INFO | HTTP Request: GET https://www.okx.com/api/v5/market/books?instId=ADA-USDT-SWAP&sz=5 "HTTP/2 200 OK"
2026-03-22 11:26:45,896 | INFO | HTTP Request: GET https://www.okx.com/api/v5/market/candles?instId=XTZ-USDT-SWAP&bar=5m&limit=89 "HTTP/2 200 OK"
2026-03-22 11:26:45,906 | INFO | HTTP Request: GET https://www.okx.com/api/v5/market/candles?instId=AI16Z-USDT-SWAP&bar=15m&limit=121 "HTTP/2 200 OK"
2026-03-22 11:26:46,387 | INFO | HTTP Request: GET https://www.okx.com/api/v5/market/candles?instId=AI16Z-USDT-SWAP&bar=5m&limit=97 "HTTP/2 200 OK"
2026-03-22 11:26:46,434 | INFO | HTTP Request: GET https://www.okx.com/api/v5/market/ticker?instId=YB-USDT-SWAP "HTTP/2 200 OK"
2026-03-22 11:26:46,781 | INFO | HTTP Request: GET https://www.okx.com/api/v5/market/history-trades?instId=AI16Z-USDT-SWAP&limit=100 "HTTP/2 200 OK"
2026-03-22 11:26:46,804 | INFO | HTTP Request: GET https://www.okx.com/api/v5/market/candles?instId=YB-USDT-SWAP&bar=5m&limit=89 "HTTP/2 200 OK"
2026-03-22 11:26:47,167 | INFO | HTTP Request: GET https://www.okx.com/api/v5/market/books?instId=AI16Z-USDT-SWAP&sz=5 "HTTP/2 200 OK"
2026-03-22 11:26:47,289 | INFO | HTTP Request: GET https://www.okx.com/api/v5/market/ticker?instId=YFI-USDT-SWAP "HTTP/2 200 OK"
2026-03-22 11:26:47,694 | INFO | HTTP Request: GET https://www.okx.com/api/v5/market/candles?instId=YFI-USDT-SWAP&bar=5m&limit=89 "HTTP/2 200 OK"
2026-03-22 11:26:47,818 | INFO | HTTP Request: GET https://www.okx.com/api/v5/market/books?instId=AI16Z-USDT-SWAP&sz=5 "HTTP/2 200 OK"
2026-03-22 11:26:48,205 | INFO | HTTP Request: GET https://www.okx.com/api/v5/market/ticker?instId=YGG-USDT-SWAP "HTTP/2 200 OK"
2026-03-22 11:26:48,417 | INFO | HTTP Request: GET https://www.okx.com/api/v5/market/books?instId=AI16Z-USDT-SWAP&sz=5 "HTTP/2 200 OK"
2026-03-22 11:26:48,603 | INFO | HTTP Request: GET https://www.okx.com/api/v5/market/candles?instId=YGG-USDT-SWAP&bar=5m&limit=89 "HTTP/2 200 OK"
2026-03-22 11:26:48,778 | INFO | HTTP Request: GET https://www.okx.com/api/v5/market/candles?instId=BTC-USDT-SWAP&bar=5m&limit=64 "HTTP/2 200 OK"
2026-03-22 11:26:49,016 | INFO | HTTP Request: GET https://www.okx.com/api/v5/market/books?instId=AI16Z-USDT-SWAP&sz=5 "HTTP/2 200 OK"
2026-03-22 11:26:49,136 | INFO | HTTP Request: GET https://www.okx.com/api/v5/market/ticker?instId=ZBCN-USDT-SWAP "HTTP/2 200 OK"
2026-03-22 11:26:49,403 | INFO | HTTP Request: GET https://www.okx.com/api/v5/market/candles?instId=AKITA-USDT-SWAP&bar=15m&limit=121 "HTTP/2 200 OK"
2026-03-22 11:26:49,592 | INFO | HTTP Request: GET https://www.okx.com/api/v5/market/candles?instId=ZBCN-USDT-SWAP&bar=5m&limit=89 "HTTP/2 200 OK"
2026-03-22 11:26:49,817 | INFO | HTTP Request: GET https://www.okx.com/api/v5/market/candles?instId=AKITA-USDT-SWAP&bar=5m&limit=97 "HTTP/2 200 OK"
2026-03-22 11:26:50,097 | INFO | HTTP Request: GET https://www.okx.com/api/v5/market/ticker?instId=ZETA-USDT-SWAP "HTTP/2 200 OK"
2026-03-22 11:26:50,204 | INFO | HTTP Request: GET https://www.okx.com/api/v5/market/history-trades?instId=AKITA-USDT-SWAP&limit=100 "HTTP/2 200 OK"
2026-03-22 11:26:50,502 | INFO | HTTP Request: GET https://www.okx.com/api/v5/market/candles?instId=ZETA-USDT-SWAP&bar=5m&limit=89 "HTTP/2 200 OK"
2026-03-22 11:26:50,609 | INFO | HTTP Request: GET https://www.okx.com/api/v5/market/books?instId=AKITA-USDT-SWAP&sz=5 "HTTP/2 200 OK"
2026-03-22 11:26:50,859 | INFO | HTTP Request: GET https://www.okx.com/api/v5/account/balance "HTTP/2 200 OK"
2026-03-22 11:26:51,039 | INFO | HTTP Request: GET https://www.okx.com/api/v5/market/ticker?instId=ZIL-USDT-SWAP "HTTP/2 200 OK"
2026-03-22 11:26:51,213 | INFO | HTTP Request: GET https://www.okx.com/api/v5/market/books?instId=AKITA-USDT-SWAP&sz=5 "HTTP/2 200 OK"
2026-03-22 11:26:51,432 | INFO | HTTP Request: GET https://www.okx.com/api/v5/market/candles?instId=ZIL-USDT-SWAP&bar=5m&limit=89 "HTTP/2 200 OK"
2026-03-22 11:26:51,822 | INFO | HTTP Request: GET https://www.okx.com/api/v5/market/books?instId=AKITA-USDT-SWAP&sz=5 "HTTP/2 200 OK"
2026-03-22 11:26:51,939 | INFO | HTTP Request: GET https://www.okx.com/api/v5/market/ticker?instId=MAGIC-USDT-SWAP "HTTP/2 200 OK"
2026-03-22 11:26:52,316 | INFO | HTTP Request: GET https://www.okx.com/api/v5/market/candles?instId=MAGIC-USDT-SWAP&bar=5m&limit=89 "HTTP/2 200 OK"
2026-03-22 11:26:52,418 | INFO | HTTP Request: GET https://www.okx.com/api/v5/market/books?instId=AKITA-USDT-SWAP&sz=5 "HTTP/2 200 OK"
2026-03-22 11:26:52,827 | INFO | HTTP Request: GET https://www.okx.com/api/v5/market/candles?instId=1INCH-USDT-SWAP&bar=5m&limit=71 "HTTP/2 200 OK"
2026-03-22 11:26:52,838 | INFO | HTTP Request: GET https://www.okx.com/api/v5/market/ticker?instId=ICP-USDT-SWAP "HTTP/2 200 OK"
2026-03-22 11:26:53,229 | INFO | HTTP Request: GET https://www.okx.com/api/v5/market/candles?instId=ICP-USDT-SWAP&bar=5m&limit=89 "HTTP/2 200 OK"
2026-03-22 11:26:53,233 | INFO | HTTP Request: GET https://www.okx.com/api/v5/market/candles?instId=2Z-USDT-SWAP&bar=5m&limit=71 "HTTP/2 200 OK"
2026-03-22 11:26:53,655 | INFO | HTTP Request: GET https://www.okx.com/api/v5/market/ticker?instId=2Z-USDT-SWAP "HTTP/2 200 OK"
2026-03-22 11:26:53,689 | INFO | 2Z-USDT-SWAP: Turtle 20 short-сигнал отклонён (закрытие не удержалось ниже канала)
2026-03-22 11:26:53,760 | INFO | HTTP Request: GET https://www.okx.com/api/v5/market/ticker?instId=SUI-USDT-SWAP "HTTP/2 200 OK"
2026-03-22 11:26:54,053 | INFO | HTTP Request: GET https://www.okx.com/api/v5/market/candles?instId=ACT-USDT-SWAP&bar=5m&limit=71 "HTTP/2 200 OK"
2026-03-22 11:26:54,176 | INFO | HTTP Request: GET https://www.okx.com/api/v5/market/candles?instId=SUI-USDT-SWAP&bar=5m&limit=89 "HTTP/2 200 OK"
2026-03-22 11:26:54,436 | INFO | HTTP Request: GET https://www.okx.com/api/v5/trade/orders-algo-pending?ordType=conditional&instType=SWAP&instId=MAGIC-USDT-SWAP "HTTP/2 200 OK"
2026-03-22 11:26:54,696 | INFO | HTTP Request: GET https://www.okx.com/api/v5/market/ticker?instId=ETHFI-USDT-SWAP "HTTP/2 200 OK"
2026-03-22 11:26:54,701 | INFO | HTTP Request: GET https://www.okx.com/api/v5/trade/orders-algo-pending?ordType=oco&instType=SWAP&instId=MAGIC-USDT-SWAP "HTTP/2 200 OK"
2026-03-22 11:26:54,990 | INFO | HTTP Request: GET https://www.okx.com/api/v5/trade/orders-algo-pending?ordType=trigger&instType=SWAP&instId=MAGIC-USDT-SWAP "HTTP/2 200 OK"
2026-03-22 11:26:55,034 | INFO | HTTP Request: GET https://www.okx.com/api/v5/market/candles?instId=BTC-USDT-SWAP&bar=5m&limit=64 "HTTP/2 200 OK"
2026-03-22 11:26:55,100 | INFO | HTTP Request: GET https://www.okx.com/api/v5/market/candles?instId=ETHFI-USDT-SWAP&bar=5m&limit=89 "HTTP/2 200 OK"
2026-03-22 11:26:55,234 | INFO | HTTP Request: GET https://www.okx.com/api/v5/trade/orders-algo-pending?ordType=move_order_stop&instType=SWAP&instId=MAGIC-USDT-SWAP "HTTP/2 200 OK"
2026-03-22 11:26:55,489 | INFO | HTTP Request: GET https://www.okx.com/api/v5/trade/orders-algo-pending?ordType=iceberg&instType=SWAP&instId=MAGIC-USDT-SWAP "HTTP/2 200 OK"
2026-03-22 11:26:55,630 | INFO | HTTP Request: GET https://www.okx.com/api/v5/market/ticker?instId=SOL-USDT-SWAP "HTTP/2 200 OK"
2026-03-22 11:26:55,731 | INFO | HTTP Request: GET https://www.okx.com/api/v5/trade/orders-algo-pending?ordType=twap&instType=SWAP&instId=MAGIC-USDT-SWAP "HTTP/2 200 OK"
2026-03-22 11:26:55,972 | INFO | HTTP Request: GET https://www.okx.com/api/v5/trade/orders-algo-pending?ordType=chase&instType=SWAP&instId=MAGIC-USDT-SWAP "HTTP/2 200 OK"
2026-03-22 11:26:56,000 | INFO | HTTP Request: GET https://www.okx.com/api/v5/market/candles?instId=SOL-USDT-SWAP&bar=5m&limit=89 "HTTP/2 200 OK"
2026-03-22 11:26:56,308 | INFO | HTTP Request: GET https://www.okx.com/api/v5/account/balance "HTTP/2 200 OK"
2026-03-22 11:26:56,509 | INFO | HTTP Request: GET https://www.okx.com/api/v5/market/ticker?instId=AAVE-USDT-SWAP "HTTP/2 200 OK"
2026-03-22 11:26:56,614 | INFO | HTTP Request: GET https://www.okx.com/api/v5/trade/orders-algo-pending?ordType=conditional&instType=SWAP&instId=MAGIC-USDT-SWAP "HTTP/2 200 OK"
2026-03-22 11:26:56,856 | INFO | HTTP Request: GET https://www.okx.com/api/v5/trade/orders-algo-pending?ordType=oco&instType=SWAP&instId=MAGIC-USDT-SWAP "HTTP/2 200 OK"
2026-03-22 11:26:56,889 | INFO | HTTP Request: GET https://www.okx.com/api/v5/market/candles?instId=AAVE-USDT-SWAP&bar=5m&limit=89 "HTTP/2 200 OK"
2026-03-22 11:26:57,096 | INFO | HTTP Request: GET https://www.okx.com/api/v5/trade/orders-algo-pending?ordType=trigger&instType=SWAP&instId=MAGIC-USDT-SWAP "HTTP/2 200 OK"
2026-03-22 11:26:57,335 | INFO | HTTP Request: GET https://www.okx.com/api/v5/trade/orders-algo-pending?ordType=move_order_stop&instType=SWAP&instId=MAGIC-USDT-SWAP "HTTP/2 200 OK"
2026-03-22 11:26:57,378 | INFO | HTTP Request: GET https://www.okx.com/api/v5/market/ticker?instId=1INCH-USDT-SWAP "HTTP/2 200 OK"
2026-03-22 11:26:57,577 | INFO | HTTP Request: GET https://www.okx.com/api/v5/trade/orders-algo-pending?ordType=iceberg&instType=SWAP&instId=MAGIC-USDT-SWAP "HTTP/2 200 OK"
2026-03-22 11:26:57,821 | INFO | HTTP Request: GET https://www.okx.com/api/v5/trade/orders-algo-pending?ordType=twap&instType=SWAP&instId=MAGIC-USDT-SWAP "HTTP/2 200 OK"
2026-03-22 11:26:57,981 | INFO | HTTP Request: GET https://www.okx.com/api/v5/market/ticker?instId=A-USDT-SWAP "HTTP/2 200 OK"
2026-03-22 11:26:58,136 | INFO | HTTP Request: GET https://www.okx.com/api/v5/trade/orders-algo-pending?ordType=chase&instType=SWAP&instId=MAGIC-USDT-SWAP "HTTP/2 200 OK"
2026-03-22 11:26:58,393 | INFO | HTTP Request: GET https://www.okx.com/api/v5/market/candles?instId=A-USDT-SWAP&bar=5m&limit=89 "HTTP/2 200 OK"
2026-03-22 11:26:58,844 | INFO | HTTP Request: GET https://www.okx.com/api/v5/trade/orders-algo-pending?ordType=conditional&instType=SWAP&instId=MAGIC-USDT-SWAP "HTTP/2 200 OK"
2026-03-22 11:26:58,929 | INFO | HTTP Request: GET https://www.okx.com/api/v5/market/ticker?instId=ACT-USDT-SWAP "HTTP/2 200 OK"
2026-03-22 11:26:59,086 | INFO | HTTP Request: GET https://www.okx.com/api/v5/trade/orders-algo-pending?ordType=oco&instType=SWAP&instId=MAGIC-USDT-SWAP "HTTP/2 200 OK"
2026-03-22 11:26:59,325 | INFO | HTTP Request: GET https://www.okx.com/api/v5/trade/orders-algo-pending?ordType=trigger&instType=SWAP&instId=MAGIC-USDT-SWAP "HTTP/2 200 OK"
2026-03-22 11:26:59,435 | INFO | HTTP Request: GET https://www.okx.com/api/v5/market/ticker?instId=ADA-USDT-SWAP "HTTP/2 200 OK"
2026-03-22 11:26:59,640 | INFO | HTTP Request: GET https://www.okx.com/api/v5/trade/orders-algo-pending?ordType=move_order_stop&instType=SWAP&instId=MAGIC-USDT-SWAP "HTTP/2 200 OK"
2026-03-22 11:26:59,814 | INFO | HTTP Request: GET https://www.okx.com/api/v5/market/candles?instId=ADA-USDT-SWAP&bar=5m&limit=89 "HTTP/2 200 OK"
2026-03-22 11:26:59,880 | INFO | HTTP Request: GET https://www.okx.com/api/v5/trade/orders-algo-pending?ordType=iceberg&instType=SWAP&instId=MAGIC-USDT-SWAP "HTTP/2 200 OK"
2026-03-22 11:27:00,122 | INFO | HTTP Request: GET https://www.okx.com/api/v5/trade/orders-algo-pending?ordType=twap&instType=SWAP&instId=MAGIC-USDT-SWAP "HTTP/2 200 OK"
2026-03-22 11:27:00,347 | INFO | HTTP Request: GET https://www.okx.com/api/v5/market/ticker?instId=AI16Z-USDT-SWAP "HTTP/2 200 OK"
2026-03-22 11:27:00,365 | INFO | HTTP Request: GET https://www.okx.com/api/v5/trade/orders-algo-pending?ordType=chase&instType=SWAP&instId=MAGIC-USDT-SWAP "HTTP/2 200 OK"
2026-03-22 11:27:00,718 | INFO | HTTP Request: GET https://www.okx.com/api/v5/market/candles?instId=AI16Z-USDT-SWAP&bar=5m&limit=89 "HTTP/2 200 OK"
2026-03-22 11:27:01,008 | INFO | HTTP Request: GET https://www.okx.com/api/v5/trade/orders-algo-pending?ordType=conditional&instType=SWAP&instId=MAGIC-USDT-SWAP "HTTP/2 200 OK"
2026-03-22 11:27:01,213 | INFO | HTTP Request: GET https://www.okx.com/api/v5/market/ticker?instId=AKITA-USDT-SWAP "HTTP/2 200 OK"
2026-03-22 11:27:01,295 | INFO | HTTP Request: GET https://www.okx.com/api/v5/market/candles?instId=BTC-USDT-SWAP&bar=5m&limit=64 "HTTP/2 200 OK"
2026-03-22 11:27:01,427 | INFO | HTTP Request: GET https://www.okx.com/api/v5/trade/orders-algo-pending?ordType=oco&instType=SWAP&instId=MAGIC-USDT-SWAP "HTTP/2 200 OK"
2026-03-22 11:27:01,682 | INFO | HTTP Request: GET https://www.okx.com/api/v5/trade/orders-algo-pending?ordType=trigger&instType=SWAP&instId=MAGIC-USDT-SWAP "HTTP/2 200 OK"
2026-03-22 11:27:01,724 | INFO | HTTP Request: GET https://www.okx.com/api/v5/market/ticker?instId=ALGO-USDT-SWAP "HTTP/2 200 OK"
2026-03-22 11:27:01,769 | INFO | HTTP Request: GET https://www.okx.com/api/v5/account/balance "HTTP/2 200 OK"
2026-03-22 11:27:01,925 | INFO | HTTP Request: GET https://www.okx.com/api/v5/trade/orders-algo-pending?ordType=move_order_stop&instType=SWAP&instId=MAGIC-USDT-SWAP "HTTP/2 200 OK"
2026-03-22 11:27:02,099 | INFO | HTTP Request: GET https://www.okx.com/api/v5/market/candles?instId=ALGO-USDT-SWAP&bar=5m&limit=89 "HTTP/2 200 OK"
2026-03-22 11:27:02,222 | INFO | HTTP Request: GET https://www.okx.com/api/v5/trade/orders-algo-pending?ordType=iceberg&instType=SWAP&instId=MAGIC-USDT-SWAP "HTTP/2 200 OK"
2026-03-22 11:27:02,470 | INFO | HTTP Request: GET https://www.okx.com/api/v5/trade/orders-algo-pending?ordType=twap&instType=SWAP&instId=MAGIC-USDT-SWAP "HTTP/2 200 OK"
2026-03-22 11:27:02,588 | INFO | HTTP Request: GET https://www.okx.com/api/v5/market/ticker?instId=ARB-USDT-SWAP "HTTP/2 200 OK"
2026-03-22 11:27:02,717 | INFO | HTTP Request: GET https://www.okx.com/api/v5/trade/orders-algo-pending?ordType=chase&instType=SWAP&instId=MAGIC-USDT-SWAP "HTTP/2 200 OK"
2026-03-22 11:27:02,970 | INFO | HTTP Request: GET https://www.okx.com/api/v5/market/candles?instId=ARB-USDT-SWAP&bar=5m&limit=89 "HTTP/2 200 OK"
2026-03-22 11:27:03,364 | INFO | HTTP Request: GET https://www.okx.com/api/v5/trade/orders-algo-pending?ordType=conditional&instType=SWAP&instId=MAGIC-USDT-SWAP "HTTP/2 200 OK"
2026-03-22 11:27:03,467 | INFO | HTTP Request: GET https://www.okx.com/api/v5/market/ticker?instId=ASP-USDT-SWAP "HTTP/2 200 OK"
2026-03-22 11:27:03,615 | INFO | HTTP Request: GET https://www.okx.com/api/v5/trade/orders-algo-pending?ordType=oco&instType=SWAP&instId=MAGIC-USDT-SWAP "HTTP/2 200 OK"
2026-03-22 11:27:03,857 | INFO | HTTP Request: GET https://www.okx.com/api/v5/market/candles?instId=ASP-USDT-SWAP&bar=5m&limit=89 "HTTP/2 200 OK"
2026-03-22 11:27:03,860 | INFO | HTTP Request: GET https://www.okx.com/api/v5/trade/orders-algo-pending?ordType=trigger&instType=SWAP&instId=MAGIC-USDT-SWAP "HTTP/2 200 OK"
2026-03-22 11:27:04,114 | INFO | HTTP Request: GET https://www.okx.com/api/v5/trade/orders-algo-pending?ordType=move_order_stop&instType=SWAP&instId=MAGIC-USDT-SWAP "HTTP/2 200 OK"
2026-03-22 11:27:04,351 | INFO | HTTP Request: GET https://www.okx.com/api/v5/market/ticker?instId=ASTER-USDT-SWAP "HTTP/2 200 OK"
2026-03-22 11:27:04,354 | INFO | HTTP Request: GET https://www.okx.com/api/v5/trade/orders-algo-pending?ordType=iceberg&instType=SWAP&instId=MAGIC-USDT-SWAP "HTTP/2 200 OK"
2026-03-22 11:27:04,602 | INFO | HTTP Request: GET https://www.okx.com/api/v5/trade/orders-algo-pending?ordType=twap&instType=SWAP&instId=MAGIC-USDT-SWAP "HTTP/2 200 OK"
2026-03-22 11:27:04,718 | INFO | HTTP Request: GET https://www.okx.com/api/v5/market/candles?instId=ASTER-USDT-SWAP&bar=5m&limit=89 "HTTP/2 200 OK"
2026-03-22 11:27:04,844 | INFO | HTTP Request: GET https://www.okx.com/api/v5/trade/orders-algo-pending?ordType=chase&instType=SWAP&instId=MAGIC-USDT-SWAP "HTTP/2 200 OK"
2026-03-22 11:27:05,204 | INFO | HTTP Request: GET https://www.okx.com/api/v5/market/ticker?instId=ATOM-USDT-SWAP "HTTP/2 200 OK"
2026-03-22 11:27:05,487 | INFO | HTTP Request: GET https://www.okx.com/api/v5/trade/orders-algo-pending?ordType=conditional&instType=SWAP&instId=MAGIC-USDT-SWAP "HTTP/2 200 OK"
2026-03-22 11:27:05,614 | INFO | HTTP Request: GET https://www.okx.com/api/v5/market/candles?instId=ATOM-USDT-SWAP&bar=5m&limit=89 "HTTP/2 200 OK"
2026-03-22 11:27:05,729 | INFO | HTTP Request: GET https://www.okx.com/api/v5/trade/orders-algo-pending?ordType=oco&instType=SWAP&instId=MAGIC-USDT-SWAP "HTTP/2 200 OK"
2026-03-22 11:27:05,972 | INFO | HTTP Request: GET https://www.okx.com/api/v5/trade/orders-algo-pending?ordType=trigger&instType=SWAP&instId=MAGIC-USDT-SWAP "HTTP/2 200 OK"
2026-03-22 11:27:06,099 | INFO | HTTP Request: GET https://www.okx.com/api/v5/market/ticker?instId=AUCTION-USDT-SWAP "HTTP/2 200 OK"
2026-03-22 11:27:06,212 | INFO | HTTP Request: GET https://www.okx.com/api/v5/trade/orders-algo-pending?ordType=move_order_stop&instType=SWAP&instId=MAGIC-USDT-SWAP "HTTP/2 200 OK"
2026-03-22 11:27:06,453 | INFO | HTTP Request: GET https://www.okx.com/api/v5/trade/orders-algo-pending?ordType=iceberg&instType=SWAP&instId=MAGIC-USDT-SWAP "HTTP/2 200 OK"
2026-03-22 11:27:06,468 | INFO | HTTP Request: GET https://www.okx.com/api/v5/market/candles?instId=AUCTION-USDT-SWAP&bar=5m&limit=89 "HTTP/2 200 OK"
2026-03-22 11:27:06,692 | INFO | HTTP Request: GET https://www.okx.com/api/v5/trade/orders-algo-pending?ordType=twap&instType=SWAP&instId=MAGIC-USDT-SWAP "HTTP/2 200 OK"
2026-03-22 11:27:06,934 | INFO | HTTP Request: GET https://www.okx.com/api/v5/trade/orders-algo-pending?ordType=chase&instType=SWAP&instId=MAGIC-USDT-SWAP "HTTP/2 200 OK"
2026-03-22 11:27:06,973 | INFO | HTTP Request: GET https://www.okx.com/api/v5/market/ticker?instId=AVAX-USDT-SWAP "HTTP/2 200 OK"
2026-03-22 11:27:07,211 | INFO | HTTP Request: GET https://www.okx.com/api/v5/account/balance "HTTP/2 200 OK"
2026-03-22 11:27:07,340 | INFO | HTTP Request: GET https://www.okx.com/api/v5/market/candles?instId=AVAX-USDT-SWAP&bar=5m&limit=89 "HTTP/2 200 OK"
2026-03-22 11:27:07,527 | INFO | HTTP Request: GET https://www.okx.com/api/v5/market/candles?instId=BTC-USDT-SWAP&bar=5m&limit=64 "HTTP/2 200 OK"
2026-03-22 11:27:07,728 | INFO | HTTP Request: GET https://www.okx.com/api/v5/trade/orders-algo-pending?ordType=conditional&instType=SWAP&instId=MAGIC-USDT-SWAP "HTTP/2 200 OK"
2026-03-22 11:27:07,831 | INFO | HTTP Request: GET https://www.okx.com/api/v5/market/ticker?instId=AXS-USDT-SWAP "HTTP/2 200 OK"
2026-03-22 11:27:07,990 | INFO | HTTP Request: GET https://www.okx.com/api/v5/trade/orders-algo-pending?ordType=oco&instType=SWAP&instId=MAGIC-USDT-SWAP "HTTP/2 200 OK"
2026-03-22 11:27:08,238 | INFO | HTTP Request: GET https://www.okx.com/api/v5/trade/orders-algo-pending?ordType=trigger&instType=SWAP&instId=MAGIC-USDT-SWAP "HTTP/2 200 OK"
2026-03-22 11:27:08,256 | INFO | HTTP Request: GET https://www.okx.com/api/v5/market/candles?instId=AXS-USDT-SWAP&bar=5m&limit=89 "HTTP/2 200 OK"
2026-03-22 11:27:08,487 | INFO | HTTP Request: GET https://www.okx.com/api/v5/trade/orders-algo-pending?ordType=move_order_stop&instType=SWAP&instId=MAGIC-USDT-SWAP "HTTP/2 200 OK"
2026-03-22 11:27:08,731 | INFO | HTTP Request: GET https://www.okx.com/api/v5/trade/orders-algo-pending?ordType=iceberg&instType=SWAP&instId=MAGIC-USDT-SWAP "HTTP/2 200 OK"
2026-03-22 11:27:08,747 | INFO | HTTP Request: GET https://www.okx.com/api/v5/market/ticker?instId=BAND-USDT-SWAP "HTTP/2 200 OK"
2026-03-22 11:27:09,049 | INFO | HTTP Request: GET https://www.okx.com/api/v5/trade/orders-algo-pending?ordType=twap&instType=SWAP&instId=MAGIC-USDT-SWAP "HTTP/2 200 OK"
2026-03-22 11:27:09,198 | INFO | HTTP Request: GET https://www.okx.com/api/v5/market/candles?instId=BAND-USDT-SWAP&bar=5m&limit=89 "HTTP/2 200 OK"
2026-03-22 11:27:09,295 | INFO | HTTP Request: GET https://www.okx.com/api/v5/trade/orders-algo-pending?ordType=chase&instType=SWAP&instId=MAGIC-USDT-SWAP "HTTP/2 200 OK"
2026-03-22 11:27:09,699 | INFO | HTTP Request: GET https://www.okx.com/api/v5/market/ticker?instId=BCH-USDT-SWAP "HTTP/2 200 OK"
2026-03-22 11:27:09,946 | INFO | HTTP Request: GET https://www.okx.com/api/v5/trade/orders-algo-pending?ordType=conditional&instType=SWAP&instId=MAGIC-USDT-SWAP "HTTP/2 200 OK"
2026-03-22 11:27:10,079 | INFO | HTTP Request: GET https://www.okx.com/api/v5/market/candles?instId=BCH-USDT-SWAP&bar=5m&limit=89 "HTTP/2 200 OK"
2026-03-22 11:27:10,183 | INFO | HTTP Request: GET https://www.okx.com/api/v5/trade/orders-algo-pending?ordType=oco&instType=SWAP&instId=MAGIC-USDT-SWAP "HTTP/2 200 OK"
2026-03-22 11:27:10,428 | INFO | HTTP Request: GET https://www.okx.com/api/v5/trade/orders-algo-pending?ordType=trigger&instType=SWAP&instId=MAGIC-USDT-SWAP "HTTP/2 200 OK"
2026-03-22 11:27:10,574 | INFO | HTTP Request: GET https://www.okx.com/api/v5/market/ticker?instId=BIO-USDT-SWAP "HTTP/2 200 OK"
2026-03-22 11:27:10,667 | INFO | HTTP Request: GET https://www.okx.com/api/v5/trade/orders-algo-pending?ordType=move_order_stop&instType=SWAP&instId=MAGIC-USDT-SWAP "HTTP/2 200 OK"
2026-03-22 11:27:10,923 | INFO | HTTP Request: GET https://www.okx.com/api/v5/trade/orders-algo-pending?ordType=iceberg&instType=SWAP&instId=MAGIC-USDT-SWAP "HTTP/2 200 OK"
2026-03-22 11:27:10,940 | INFO | HTTP Request: GET https://www.okx.com/api/v5/market/candles?instId=BIO-USDT-SWAP&bar=5m&limit=89 "HTTP/2 200 OK"
2026-03-22 11:27:11,266 | INFO | HTTP Request: GET https://www.okx.com/api/v5/trade/orders-algo-pending?ordType=twap&instType=SWAP&instId=MAGIC-USDT-SWAP "HTTP/2 200 OK"
2026-03-22 11:27:11,434 | INFO | HTTP Request: GET https://www.okx.com/api/v5/market/ticker?instId=BLUAI-USDT-SWAP "HTTP/2 200 OK"
2026-03-22 11:27:11,505 | INFO | HTTP Request: GET https://www.okx.com/api/v5/trade/orders-algo-pending?ordType=chase&instType=SWAP&instId=MAGIC-USDT-SWAP "HTTP/2 200 OK"
2026-03-22 11:27:11,848 | INFO | HTTP Request: GET https://www.okx.com/api/v5/market/candles?instId=BLUAI-USDT-SWAP&bar=5m&limit=89 "HTTP/2 200 OK"
2026-03-22 11:27:12,153 | INFO | HTTP Request: GET https://www.okx.com/api/v5/trade/orders-algo-pending?ordType=conditional&instType=SWAP&instId=MAGIC-USDT-SWAP "HTTP/2 200 OK"
2026-03-22 11:27:12,344 | INFO | HTTP Request: GET https://www.okx.com/api/v5/market/ticker?instId=BNB-USDT-SWAP "HTTP/2 200 OK"
2026-03-22 11:27:12,394 | INFO | HTTP Request: GET https://www.okx.com/api/v5/trade/orders-algo-pending?ordType=oco&instType=SWAP&instId=MAGIC-USDT-SWAP "HTTP/2 200 OK"
2026-03-22 11:27:12,545 | INFO | HTTP Request: GET https://www.okx.com/api/v5/account/balance "HTTP/2 200 OK"
2026-03-22 11:27:12,634 | INFO | HTTP Request: GET https://www.okx.com/api/v5/trade/orders-algo-pending?ordType=trigger&instType=SWAP&instId=MAGIC-USDT-SWAP "HTTP/2 200 OK"
2026-03-22 11:27:12,735 | INFO | HTTP Request: GET https://www.okx.com/api/v5/market/candles?instId=BNB-USDT-SWAP&bar=5m&limit=89 "HTTP/2 200 OK"
2026-03-22 11:27:12,891 | INFO | HTTP Request: GET https://www.okx.com/api/v5/trade/orders-algo-pending?ordType=move_order_stop&instType=SWAP&instId=MAGIC-USDT-SWAP "HTTP/2 200 OK"
2026-03-22 11:27:13,132 | INFO | HTTP Request: GET https://www.okx.com/api/v5/trade/orders-algo-pending?ordType=iceberg&instType=SWAP&instId=MAGIC-USDT-SWAP "HTTP/2 200 OK"
2026-03-22 11:27:13,247 | INFO | HTTP Request: GET https://www.okx.com/api/v5/market/ticker?instId=BOME-USDT-SWAP "HTTP/2 200 OK"
2026-03-22 11:27:13,374 | INFO | HTTP Request: GET https://www.okx.com/api/v5/trade/orders-algo-pending?ordType=twap&instType=SWAP&instId=MAGIC-USDT-SWAP "HTTP/2 200 OK"
2026-03-22 11:27:13,618 | INFO | HTTP Request: GET https://www.okx.com/api/v5/trade/orders-algo-pending?ordType=chase&instType=SWAP&instId=MAGIC-USDT-SWAP "HTTP/2 200 OK"
2026-03-22 11:27:13,619 | INFO | HTTP Request: GET https://www.okx.com/api/v5/market/candles?instId=BOME-USDT-SWAP&bar=5m&limit=89 "HTTP/2 200 OK"
2026-03-22 11:27:13,786 | INFO | HTTP Request: GET https://www.okx.com/api/v5/market/candles?instId=BTC-USDT-SWAP&bar=5m&limit=64 "HTTP/2 200 OK"
2026-03-22 11:27:14,146 | INFO | HTTP Request: GET https://www.okx.com/api/v5/market/ticker?instId=BRETT-USDT-SWAP "HTTP/2 200 OK"
2026-03-22 11:27:14,266 | INFO | HTTP Request: GET https://www.okx.com/api/v5/trade/orders-algo-pending?ordType=conditional&instType=SWAP&instId=MAGIC-USDT-SWAP "HTTP/2 200 OK"
2026-03-22 11:27:14,504 | INFO | HTTP Request: GET https://www.okx.com/api/v5/trade/orders-algo-pending?ordType=oco&instType=SWAP&instId=MAGIC-USDT-SWAP "HTTP/2 200 OK"
2026-03-22 11:27:14,515 | INFO | HTTP Request: GET https://www.okx.com/api/v5/market/candles?instId=BRETT-USDT-SWAP&bar=5m&limit=89 "HTTP/2 200 OK"
2026-03-22 11:27:14,821 | INFO | HTTP Request: GET https://www.okx.com/api/v5/trade/orders-algo-pending?ordType=trigger&instType=SWAP&instId=MAGIC-USDT-SWAP "HTTP/2 200 OK"
2026-03-22 11:27:15,009 | INFO | HTTP Request: GET https://www.okx.com/api/v5/market/ticker?instId=BTC-USDT-SWAP "HTTP/2 200 OK"
2026-03-22 11:27:15,065 | INFO | HTTP Request: GET https://www.okx.com/api/v5/trade/orders-algo-pending?ordType=move_order_stop&instType=SWAP&instId=MAGIC-USDT-SWAP "HTTP/2 200 OK"
2026-03-22 11:27:15,305 | INFO | HTTP Request: GET https://www.okx.com/api/v5/trade/orders-algo-pending?ordType=iceberg&instType=SWAP&instId=MAGIC-USDT-SWAP "HTTP/2 200 OK"
2026-03-22 11:27:15,526 | INFO | HTTP Request: GET https://www.okx.com/api/v5/market/ticker?instId=CAT-USDT-SWAP "HTTP/2 200 OK"
2026-03-22 11:27:15,590 | INFO | HTTP Request: GET https://www.okx.com/api/v5/trade/orders-algo-pending?ordType=twap&instType=SWAP&instId=MAGIC-USDT-SWAP "HTTP/2 200 OK"
2026-03-22 11:27:15,869 | INFO | HTTP Request: GET https://www.okx.com/api/v5/trade/orders-algo-pending?ordType=chase&instType=SWAP&instId=MAGIC-USDT-SWAP "HTTP/2 200 OK"
2026-03-22 11:27:15,906 | INFO | HTTP Request: GET https://www.okx.com/api/v5/market/candles?instId=CAT-USDT-SWAP&bar=5m&limit=89 "HTTP/2 200 OK"
2026-03-22 11:27:16,402 | INFO | HTTP Request: GET https://www.okx.com/api/v5/market/ticker?instId=CATI-USDT-SWAP "HTTP/2 200 OK"
2026-03-22 11:27:16,530 | INFO | HTTP Request: POST https://www.okx.com/api/v5/trade/cancel-algos "HTTP/2 200 OK"
2026-03-22 11:27:16,765 | INFO | HTTP Request: GET https://www.okx.com/api/v5/trade/orders-algo-pending?ordType=conditional&instType=SWAP&instId=MAGIC-USDT-SWAP "HTTP/2 200 OK"
2026-03-22 11:27:16,783 | INFO | HTTP Request: GET https://www.okx.com/api/v5/market/candles?instId=CATI-USDT-SWAP&bar=5m&limit=89 "HTTP/2 200 OK"
2026-03-22 11:27:17,052 | INFO | HTTP Request: GET https://www.okx.com/api/v5/trade/orders-algo-pending?ordType=oco&instType=SWAP&instId=MAGIC-USDT-SWAP "HTTP/2 200 OK"
2026-03-22 11:27:17,266 | INFO | HTTP Request: GET https://www.okx.com/api/v5/market/ticker?instId=CELO-USDT-SWAP "HTTP/2 200 OK"
2026-03-22 11:27:17,334 | INFO | HTTP Request: GET https://www.okx.com/api/v5/trade/orders-algo-pending?ordType=trigger&instType=SWAP&instId=MAGIC-USDT-SWAP "HTTP/2 200 OK"
2026-03-22 11:27:17,577 | INFO | HTTP Request: GET https://www.okx.com/api/v5/trade/orders-algo-pending?ordType=move_order_stop&instType=SWAP&instId=MAGIC-USDT-SWAP "HTTP/2 200 OK"
2026-03-22 11:27:17,672 | INFO | HTTP Request: GET https://www.okx.com/api/v5/market/candles?instId=CELO-USDT-SWAP&bar=5m&limit=89 "HTTP/2 200 OK"
2026-03-22 11:27:17,824 | INFO | HTTP Request: GET https://www.okx.com/api/v5/trade/orders-algo-pending?ordType=iceberg&instType=SWAP&instId=MAGIC-USDT-SWAP "HTTP/2 200 OK"
2026-03-22 11:27:17,993 | INFO | HTTP Request: GET https://www.okx.com/api/v5/account/balance "HTTP/2 200 OK"
2026-03-22 11:27:18,064 | INFO | HTTP Request: GET https://www.okx.com/api/v5/trade/orders-algo-pending?ordType=twap&instType=SWAP&instId=MAGIC-USDT-SWAP "HTTP/2 200 OK"
2026-03-22 11:27:18,176 | INFO | HTTP Request: GET https://www.okx.com/api/v5/market/ticker?instId=CFX-USDT-SWAP "HTTP/2 200 OK"
2026-03-22 11:27:18,361 | INFO | HTTP Request: GET https://www.okx.com/api/v5/trade/orders-algo-pending?ordType=chase&instType=SWAP&instId=MAGIC-USDT-SWAP "HTTP/2 200 OK"
2026-03-22 11:27:18,544 | INFO | HTTP Request: GET https://www.okx.com/api/v5/market/candles?instId=CFX-USDT-SWAP&bar=5m&limit=89 "HTTP/2 200 OK"
2026-03-22 11:27:18,622 | INFO | HTTP Request: GET https://www.okx.com/api/v5/trade/orders-algo-pending?ordType=conditional&instType=SWAP&instId=MAGIC-USDT-SWAP "HTTP/2 200 OK"
2026-03-22 11:27:18,942 | INFO | HTTP Request: GET https://www.okx.com/api/v5/trade/orders-algo-pending?ordType=oco&instType=SWAP&instId=MAGIC-USDT-SWAP "HTTP/2 200 OK"
2026-03-22 11:27:19,091 | INFO | HTTP Request: GET https://www.okx.com/api/v5/market/ticker?instId=CHZ-USDT-SWAP "HTTP/2 200 OK"
2026-03-22 11:27:19,182 | INFO | HTTP Request: GET https://www.okx.com/api/v5/trade/orders-algo-pending?ordType=trigger&instType=SWAP&instId=MAGIC-USDT-SWAP "HTTP/2 200 OK"
2026-03-22 11:27:19,440 | INFO | HTTP Request: GET https://www.okx.com/api/v5/trade/orders-algo-pending?ordType=move_order_stop&instType=SWAP&instId=MAGIC-USDT-SWAP "HTTP/2 200 OK"
2026-03-22 11:27:19,467 | INFO | HTTP Request: GET https://www.okx.com/api/v5/market/candles?instId=CHZ-USDT-SWAP&bar=5m&limit=89 "HTTP/2 200 OK"
2026-03-22 11:27:19,685 | INFO | HTTP Request: GET https://www.okx.com/api/v5/trade/orders-algo-pending?ordType=iceberg&instType=SWAP&instId=MAGIC-USDT-SWAP "HTTP/2 200 OK"
2026-03-22 11:27:19,928 | INFO | HTTP Request: GET https://www.okx.com/api/v5/trade/orders-algo-pending?ordType=twap&instType=SWAP&instId=MAGIC-USDT-SWAP "HTTP/2 200 OK"
2026-03-22 11:27:19,954 | INFO | HTTP Request: GET https://www.okx.com/api/v5/market/ticker?instId=COAI-USDT-SWAP "HTTP/2 200 OK"
2026-03-22 11:27:20,037 | INFO | HTTP Request: GET https://www.okx.com/api/v5/market/candles?instId=BTC-USDT-SWAP&bar=5m&limit=64 "HTTP/2 200 OK"
2026-03-22 11:27:20,170 | INFO | HTTP Request: GET https://www.okx.com/api/v5/trade/orders-algo-pending?ordType=chase&instType=SWAP&instId=MAGIC-USDT-SWAP "HTTP/2 200 OK"
2026-03-22 11:27:20,175 | INFO | Placing exchange stop MAGIC-USDT-SWAP short payload={'instId': 'MAGIC-USDT-SWAP', 'tdMode': 'isolated', 'side': 'buy', 'posSide': 'net', 'ordType': 'conditional', 'reduceOnly': 'true', 'closeFraction': '1', 'slTriggerPx': '0.059756769474', 'slTriggerPxType': 'mark', 'slOrdPx': '-1'}
2026-03-22 11:27:20,347 | INFO | HTTP Request: GET https://www.okx.com/api/v5/market/candles?instId=COAI-USDT-SWAP&bar=5m&limit=89 "HTTP/2 200 OK"
2026-03-22 11:27:20,419 | INFO | HTTP Request: POST https://www.okx.com/api/v5/trade/order-algo "HTTP/2 200 OK"
2026-03-22 11:27:20,659 | INFO | HTTP Request: GET https://www.okx.com/api/v5/trade/orders-algo-pending?ordType=conditional&instType=SWAP&instId=MAGIC-USDT-SWAP "HTTP/2 200 OK"
2026-03-22 11:27:20,876 | INFO | HTTP Request: GET https://www.okx.com/api/v5/market/ticker?instId=COMP-USDT-SWAP "HTTP/2 200 OK"
2026-03-22 11:27:20,895 | INFO | HTTP Request: GET https://www.okx.com/api/v5/trade/orders-algo-pending?ordType=oco&instType=SWAP&instId=MAGIC-USDT-SWAP "HTTP/2 200 OK"
2026-03-22 11:27:21,137 | INFO | HTTP Request: GET https://www.okx.com/api/v5/trade/orders-algo-pending?ordType=trigger&instType=SWAP&instId=MAGIC-USDT-SWAP "HTTP/2 200 OK"
2026-03-22 11:27:21,247 | INFO | HTTP Request: GET https://www.okx.com/api/v5/market/candles?instId=COMP-USDT-SWAP&bar=5m&limit=89 "HTTP/2 200 OK"
2026-03-22 11:27:21,378 | INFO | HTTP Request: GET https://www.okx.com/api/v5/trade/orders-algo-pending?ordType=move_order_stop&instType=SWAP&instId=MAGIC-USDT-SWAP "HTTP/2 200 OK"
2026-03-22 11:27:21,621 | INFO | HTTP Request: GET https://www.okx.com/api/v5/trade/orders-algo-pending?ordType=iceberg&instType=SWAP&instId=MAGIC-USDT-SWAP "HTTP/2 200 OK"
2026-03-22 11:27:21,738 | INFO | HTTP Request: GET https://www.okx.com/api/v5/market/ticker?instId=CRO-USDT-SWAP "HTTP/2 200 OK"
2026-03-22 11:27:21,863 | INFO | HTTP Request: GET https://www.okx.com/api/v5/trade/orders-algo-pending?ordType=twap&instType=SWAP&instId=MAGIC-USDT-SWAP "HTTP/2 200 OK"
2026-03-22 11:27:22,105 | INFO | HTTP Request: GET https://www.okx.com/api/v5/trade/orders-algo-pending?ordType=chase&instType=SWAP&instId=MAGIC-USDT-SWAP "HTTP/2 200 OK"
2026-03-22 11:27:22,118 | INFO | HTTP Request: GET https://www.okx.com/api/v5/market/candles?instId=CRO-USDT-SWAP&bar=5m&limit=89 "HTTP/2 200 OK"
2026-03-22 11:27:22,345 | INFO | HTTP Request: GET https://www.okx.com/api/v5/trade/orders-algo-pending?ordType=conditional&instType=SWAP&instId=MAGIC-USDT-SWAP "HTTP/2 200 OK"
2026-03-22 11:27:22,584 | INFO | HTTP Request: GET https://www.okx.com/api/v5/trade/orders-algo-pending?ordType=oco&instType=SWAP&instId=MAGIC-USDT-SWAP "HTTP/2 200 OK"
2026-03-22 11:27:22,627 | INFO | HTTP Request: GET https://www.okx.com/api/v5/market/ticker?instId=CRV-USDT-SWAP "HTTP/2 200 OK"
2026-03-22 11:27:22,825 | INFO | HTTP Request: GET https://www.okx.com/api/v5/trade/orders-algo-pending?ordType=trigger&instType=SWAP&instId=MAGIC-USDT-SWAP "HTTP/2 200 OK"
2026-03-22 11:27:23,015 | INFO | HTTP Request: GET https://www.okx.com/api/v5/market/candles?instId=CRV-USDT-SWAP&bar=5m&limit=89 "HTTP/2 200 OK"
2026-03-22 11:27:23,070 | INFO | HTTP Request: GET https://www.okx.com/api/v5/trade/orders-algo-pending?ordType=move_order_stop&instType=SWAP&instId=MAGIC-USDT-SWAP "HTTP/2 200 OK"
2026-03-22 11:27:23,313 | INFO | HTTP Request: GET https://www.okx.com/api/v5/trade/orders-algo-pending?ordType=iceberg&instType=SWAP&instId=MAGIC-USDT-SWAP "HTTP/2 200 OK"
2026-03-22 11:27:23,359 | INFO | HTTP Request: GET https://www.okx.com/api/v5/account/balance "HTTP/2 200 OK"
2026-03-22 11:27:23,535 | INFO | HTTP Request: GET https://www.okx.com/api/v5/market/ticker?instId=DOGE-USDT-SWAP "HTTP/2 200 OK"
2026-03-22 11:27:23,554 | INFO | HTTP Request: GET https://www.okx.com/api/v5/trade/orders-algo-pending?ordType=twap&instType=SWAP&instId=MAGIC-USDT-SWAP "HTTP/2 200 OK"
2026-03-22 11:27:23,813 | INFO | HTTP Request: GET https://www.okx.com/api/v5/trade/orders-algo-pending?ordType=chase&instType=SWAP&instId=MAGIC-USDT-SWAP "HTTP/2 200 OK"
2026-03-22 11:27:23,940 | INFO | HTTP Request: GET https://www.okx.com/api/v5/market/candles?instId=DOGE-USDT-SWAP&bar=5m&limit=89 "HTTP/2 200 OK"
2026-03-22 11:27:24,183 | INFO | HTTP Request: GET https://www.okx.com/api/v5/market/candles?instId=ICP-USDT-SWAP&bar=5m&limit=26 "HTTP/2 200 OK"
2026-03-22 11:27:24,435 | INFO | HTTP Request: GET https://www.okx.com/api/v5/market/ticker?instId=DOT-USDT-SWAP "HTTP/2 200 OK"
2026-03-22 11:27:24,546 | INFO | HTTP Request: GET https://www.okx.com/api/v5/market/ticker?instId=ICP-USDT-SWAP "HTTP/2 200 OK"
2026-03-22 11:27:24,800 | INFO | HTTP Request: GET https://www.okx.com/api/v5/market/candles?instId=DOT-USDT-SWAP&bar=5m&limit=89 "HTTP/2 200 OK"
2026-03-22 11:27:24,921 | INFO | HTTP Request: GET https://www.okx.com/api/v5/market/candles?instId=SUI-USDT-SWAP&bar=5m&limit=26 "HTTP/2 200 OK"
2026-03-22 11:27:25,288 | INFO | HTTP Request: GET https://www.okx.com/api/v5/market/ticker?instId=ENA-USDT-SWAP "HTTP/2 200 OK"
2026-03-22 11:27:25,296 | INFO | HTTP Request: GET https://www.okx.com/api/v5/market/ticker?instId=SUI-USDT-SWAP "HTTP/2 200 OK"
2026-03-22 11:27:25,570 | INFO | HTTP Request: GET https://www.okx.com/api/v5/trade/orders-algo-pending?ordType=conditional&instType=SWAP&instId=SUI-USDT-SWAP "HTTP/2 200 OK"
2026-03-22 11:27:25,701 | INFO | HTTP Request: GET https://www.okx.com/api/v5/market/candles?instId=ENA-USDT-SWAP&bar=5m&limit=89 "HTTP/2 200 OK"
2026-03-22 11:27:25,811 | INFO | HTTP Request: GET https://www.okx.com/api/v5/trade/orders-algo-pending?ordType=oco&instType=SWAP&instId=SUI-USDT-SWAP "HTTP/2 200 OK"
2026-03-22 11:27:26,052 | INFO | HTTP Request: GET https://www.okx.com/api/v5/trade/orders-algo-pending?ordType=trigger&instType=SWAP&instId=SUI-USDT-SWAP "HTTP/2 200 OK"
2026-03-22 11:27:26,221 | INFO | HTTP Request: GET https://www.okx.com/api/v5/market/ticker?instId=EOS-USDT-SWAP "HTTP/2 200 OK"
2026-03-22 11:27:26,287 | INFO | HTTP Request: GET https://www.okx.com/api/v5/market/candles?instId=BTC-USDT-SWAP&bar=5m&limit=64 "HTTP/2 200 OK"
2026-03-22 11:27:26,299 | INFO | HTTP Request: GET https://www.okx.com/api/v5/trade/orders-algo-pending?ordType=move_order_stop&instType=SWAP&instId=SUI-USDT-SWAP "HTTP/2 200 OK"
2026-03-22 11:27:26,551 | INFO | HTTP Request: GET https://www.okx.com/api/v5/trade/orders-algo-pending?ordType=iceberg&instType=SWAP&instId=SUI-USDT-SWAP "HTTP/2 200 OK"
2026-03-22 11:27:26,633 | INFO | HTTP Request: GET https://www.okx.com/api/v5/market/candles?instId=EOS-USDT-SWAP&bar=5m&limit=89 "HTTP/2 200 OK"
2026-03-22 11:27:26,799 | INFO | HTTP Request: GET https://www.okx.com/api/v5/trade/orders-algo-pending?ordType=twap&instType=SWAP&instId=SUI-USDT-SWAP "HTTP/2 200 OK"
2026-03-22 11:27:27,038 | INFO | HTTP Request: GET https://www.okx.com/api/v5/trade/orders-algo-pending?ordType=chase&instType=SWAP&instId=SUI-USDT-SWAP "HTTP/2 200 OK"
2026-03-22 11:27:27,206 | INFO | HTTP Request: GET https://www.okx.com/api/v5/market/ticker?instId=ETC-USDT-SWAP "HTTP/2 200 OK"
2026-03-22 11:27:27,609 | INFO | HTTP Request: GET https://www.okx.com/api/v5/market/candles?instId=ETC-USDT-SWAP&bar=5m&limit=89 "HTTP/2 200 OK"
2026-03-22 11:27:27,684 | INFO | HTTP Request: GET https://www.okx.com/api/v5/trade/orders-algo-pending?ordType=conditional&instType=SWAP&instId=SUI-USDT-SWAP "HTTP/2 200 OK"
2026-03-22 11:27:27,927 | INFO | HTTP Request: GET https://www.okx.com/api/v5/trade/orders-algo-pending?ordType=oco&instType=SWAP&instId=SUI-USDT-SWAP "HTTP/2 200 OK"
2026-03-22 11:27:28,156 | INFO | HTTP Request: GET https://www.okx.com/api/v5/market/ticker?instId=ETH-USDT-SWAP "HTTP/2 200 OK"
2026-03-22 11:27:28,175 | INFO | HTTP Request: GET https://www.okx.com/api/v5/trade/orders-algo-pending?ordType=trigger&instType=SWAP&instId=SUI-USDT-SWAP "HTTP/2 200 OK"
2026-03-22 11:27:28,419 | INFO | HTTP Request: GET https://www.okx.com/api/v5/trade/orders-algo-pending?ordType=move_order_stop&instType=SWAP&instId=SUI-USDT-SWAP "HTTP/2 200 OK"
2026-03-22 11:27:28,520 | INFO | HTTP Request: GET https://www.okx.com/api/v5/market/candles?instId=ETH-USDT-SWAP&bar=5m&limit=89 "HTTP/2 200 OK"
2026-03-22 11:27:28,667 | INFO | HTTP Request: GET https://www.okx.com/api/v5/trade/orders-algo-pending?ordType=iceberg&instType=SWAP&instId=SUI-USDT-SWAP "HTTP/2 200 OK"
2026-03-22 11:27:28,784 | INFO | HTTP Request: GET https://www.okx.com/api/v5/account/balance "HTTP/2 200 OK"
2026-03-22 11:27:28,914 | INFO | HTTP Request: GET https://www.okx.com/api/v5/trade/orders-algo-pending?ordType=twap&instType=SWAP&instId=SUI-USDT-SWAP "HTTP/2 200 OK"
2026-03-22 11:27:29,021 | INFO | HTTP Request: GET https://www.okx.com/api/v5/market/ticker?instId=ETHW-USDT-SWAP "HTTP/2 200 OK"
2026-03-22 11:27:29,165 | INFO | HTTP Request: GET https://www.okx.com/api/v5/trade/orders-algo-pending?ordType=chase&instType=SWAP&instId=SUI-USDT-SWAP "HTTP/2 200 OK"
2026-03-22 11:27:29,403 | INFO | HTTP Request: GET https://www.okx.com/api/v5/market/candles?instId=ETHW-USDT-SWAP&bar=5m&limit=89 "HTTP/2 200 OK"
2026-03-22 11:27:29,808 | INFO | HTTP Request: GET https://www.okx.com/api/v5/trade/orders-algo-pending?ordType=conditional&instType=SWAP&instId=SUI-USDT-SWAP "HTTP/2 200 OK"
2026-03-22 11:27:29,901 | INFO | HTTP Request: GET https://www.okx.com/api/v5/market/ticker?instId=FIL-USDT-SWAP "HTTP/2 200 OK"
2026-03-22 11:27:30,052 | INFO | HTTP Request: GET https://www.okx.com/api/v5/trade/orders-algo-pending?ordType=oco&instType=SWAP&instId=SUI-USDT-SWAP "HTTP/2 200 OK"
2026-03-22 11:27:30,300 | INFO | HTTP Request: GET https://www.okx.com/api/v5/market/candles?instId=FIL-USDT-SWAP&bar=5m&limit=89 "HTTP/2 200 OK"
2026-03-22 11:27:30,302 | INFO | HTTP Request: GET https://www.okx.com/api/v5/trade/orders-algo-pending?ordType=trigger&instType=SWAP&instId=SUI-USDT-SWAP "HTTP/2 200 OK"
2026-03-22 11:27:30,547 | INFO | HTTP Request: GET https://www.okx.com/api/v5/trade/orders-algo-pending?ordType=move_order_stop&instType=SWAP&instId=SUI-USDT-SWAP "HTTP/2 200 OK"
2026-03-22 11:27:30,793 | INFO | HTTP Request: GET https://www.okx.com/api/v5/trade/orders-algo-pending?ordType=iceberg&instType=SWAP&instId=SUI-USDT-SWAP "HTTP/2 200 OK"
2026-03-22 11:27:30,801 | INFO | HTTP Request: GET https://www.okx.com/api/v5/market/ticker?instId=FLOKI-USDT-SWAP "HTTP/2 200 OK"
2026-03-22 11:27:31,039 | INFO | HTTP Request: GET https://www.okx.com/api/v5/trade/orders-algo-pending?ordType=twap&instType=SWAP&instId=SUI-USDT-SWAP "HTTP/2 200 OK"
2026-03-22 11:27:31,189 | INFO | HTTP Request: GET https://www.okx.com/api/v5/market/candles?instId=FLOKI-USDT-SWAP&bar=5m&limit=89 "HTTP/2 200 OK"
2026-03-22 11:27:31,282 | INFO | HTTP Request: GET https://www.okx.com/api/v5/trade/orders-algo-pending?ordType=chase&instType=SWAP&instId=SUI-USDT-SWAP "HTTP/2 200 OK"
2026-03-22 11:27:31,685 | INFO | HTTP Request: GET https://www.okx.com/api/v5/market/ticker?instId=GMT-USDT-SWAP "HTTP/2 200 OK"
2026-03-22 11:27:32,054 | INFO | HTTP Request: GET https://www.okx.com/api/v5/trade/orders-algo-pending?ordType=conditional&instType=SWAP&instId=SUI-USDT-SWAP "HTTP/2 200 OK"
2026-03-22 11:27:32,074 | INFO | HTTP Request: GET https://www.okx.com/api/v5/market/candles?instId=GMT-USDT-SWAP&bar=5m&limit=89 "HTTP/2 200 OK"
2026-03-22 11:27:32,348 | INFO | HTTP Request: GET https://www.okx.com/api/v5/trade/orders-algo-pending?ordType=oco&instType=SWAP&instId=SUI-USDT-SWAP "HTTP/2 200 OK"
2026-03-22 11:27:32,527 | INFO | HTTP Request: GET https://www.okx.com/api/v5/market/candles?instId=BTC-USDT-SWAP&bar=5m&limit=64 "HTTP/2 200 OK"
2026-03-22 11:27:32,593 | INFO | HTTP Request: GET https://www.okx.com/api/v5/trade/orders-algo-pending?ordType=trigger&instType=SWAP&instId=SUI-USDT-SWAP "HTTP/2 200 OK"
2026-03-22 11:27:32,601 | INFO | HTTP Request: GET https://www.okx.com/api/v5/market/ticker?instId=H-USDT-SWAP "HTTP/2 200 OK"
2026-03-22 11:27:32,835 | INFO | HTTP Request: GET https://www.okx.com/api/v5/trade/orders-algo-pending?ordType=move_order_stop&instType=SWAP&instId=SUI-USDT-SWAP "HTTP/2 200 OK"
2026-03-22 11:27:32,963 | INFO | HTTP Request: GET https://www.okx.com/api/v5/market/candles?instId=H-USDT-SWAP&bar=5m&limit=89 "HTTP/2 200 OK"
2026-03-22 11:27:33,078 | INFO | HTTP Request: GET https://www.okx.com/api/v5/trade/orders-algo-pending?ordType=iceberg&instType=SWAP&instId=SUI-USDT-SWAP "HTTP/2 200 OK"
2026-03-22 11:27:33,322 | INFO | HTTP Request: GET https://www.okx.com/api/v5/trade/orders-algo-pending?ordType=twap&instType=SWAP&instId=SUI-USDT-SWAP "HTTP/2 200 OK"
2026-03-22 11:27:33,447 | INFO | HTTP Request: GET https://www.okx.com/api/v5/market/ticker?instId=HBAR-USDT-SWAP "HTTP/2 200 OK"
2026-03-22 11:27:33,561 | INFO | HTTP Request: GET https://www.okx.com/api/v5/trade/orders-algo-pending?ordType=chase&instType=SWAP&instId=SUI-USDT-SWAP "HTTP/2 200 OK"
2026-03-22 11:27:33,825 | INFO | HTTP Request: GET https://www.okx.com/api/v5/market/candles?instId=HBAR-USDT-SWAP&bar=5m&limit=89 "HTTP/2 200 OK"
2026-03-22 11:27:34,207 | INFO | HTTP Request: GET https://www.okx.com/api/v5/trade/orders-algo-pending?ordType=conditional&instType=SWAP&instId=SUI-USDT-SWAP "HTTP/2 200 OK"
2026-03-22 11:27:34,239 | INFO | HTTP Request: GET https://www.okx.com/api/v5/account/balance "HTTP/2 200 OK"
2026-03-22 11:27:34,367 | INFO | HTTP Request: GET https://www.okx.com/api/v5/market/ticker?instId=HMSTR-USDT-SWAP "HTTP/2 200 OK"
2026-03-22 11:27:34,448 | INFO | HTTP Request: GET https://www.okx.com/api/v5/trade/orders-algo-pending?ordType=oco&instType=SWAP&instId=SUI-USDT-SWAP "HTTP/2 200 OK"
2026-03-22 11:27:34,714 | INFO | HTTP Request: GET https://www.okx.com/api/v5/trade/orders-algo-pending?ordType=trigger&instType=SWAP&instId=SUI-USDT-SWAP "HTTP/2 200 OK"
2026-03-22 11:27:34,747 | INFO | HTTP Request: GET https://www.okx.com/api/v5/market/candles?instId=HMSTR-USDT-SWAP&bar=5m&limit=89 "HTTP/2 200 OK"
2026-03-22 11:27:34,954 | INFO | HTTP Request: GET https://www.okx.com/api/v5/trade/orders-algo-pending?ordType=move_order_stop&instType=SWAP&instId=SUI-USDT-SWAP "HTTP/2 200 OK"
2026-03-22 11:27:35,202 | INFO | HTTP Request: GET https://www.okx.com/api/v5/trade/orders-algo-pending?ordType=iceberg&instType=SWAP&instId=SUI-USDT-SWAP "HTTP/2 200 OK"
2026-03-22 11:27:35,244 | INFO | HTTP Request: GET https://www.okx.com/api/v5/market/ticker?instId=HOME-USDT-SWAP "HTTP/2 200 OK"
2026-03-22 11:27:35,445 | INFO | HTTP Request: GET https://www.okx.com/api/v5/trade/orders-algo-pending?ordType=twap&instType=SWAP&instId=SUI-USDT-SWAP "HTTP/2 200 OK"
2026-03-22 11:27:35,608 | INFO | HTTP Request: GET https://www.okx.com/api/v5/market/candles?instId=HOME-USDT-SWAP&bar=5m&limit=89 "HTTP/2 200 OK"
2026-03-22 11:27:35,691 | INFO | HTTP Request: GET https://www.okx.com/api/v5/trade/orders-algo-pending?ordType=chase&instType=SWAP&instId=SUI-USDT-SWAP "HTTP/2 200 OK"
2026-03-22 11:27:36,107 | INFO | HTTP Request: GET https://www.okx.com/api/v5/market/ticker?instId=IMX-USDT-SWAP "HTTP/2 200 OK"
2026-03-22 11:27:36,353 | INFO | HTTP Request: GET https://www.okx.com/api/v5/trade/orders-algo-pending?ordType=conditional&instType=SWAP&instId=SUI-USDT-SWAP "HTTP/2 200 OK"
2026-03-22 11:27:36,507 | INFO | HTTP Request: GET https://www.okx.com/api/v5/market/candles?instId=IMX-USDT-SWAP&bar=5m&limit=89 "HTTP/2 200 OK"
2026-03-22 11:27:36,592 | INFO | HTTP Request: GET https://www.okx.com/api/v5/trade/orders-algo-pending?ordType=oco&instType=SWAP&instId=SUI-USDT-SWAP "HTTP/2 200 OK"
2026-03-22 11:27:36,833 | INFO | HTTP Request: GET https://www.okx.com/api/v5/trade/orders-algo-pending?ordType=trigger&instType=SWAP&instId=SUI-USDT-SWAP "HTTP/2 200 OK"
2026-03-22 11:27:37,063 | INFO | HTTP Request: GET https://www.okx.com/api/v5/market/ticker?instId=INJ-USDT-SWAP "HTTP/2 200 OK"
2026-03-22 11:27:37,074 | INFO | HTTP Request: GET https://www.okx.com/api/v5/trade/orders-algo-pending?ordType=move_order_stop&instType=SWAP&instId=SUI-USDT-SWAP "HTTP/2 200 OK"
2026-03-22 11:27:37,309 | INFO | HTTP Request: GET https://www.okx.com/api/v5/trade/orders-algo-pending?ordType=iceberg&instType=SWAP&instId=SUI-USDT-SWAP "HTTP/2 200 OK"
2026-03-22 11:27:37,438 | INFO | HTTP Request: GET https://www.okx.com/api/v5/market/candles?instId=INJ-USDT-SWAP&bar=5m&limit=89 "HTTP/2 200 OK"
2026-03-22 11:27:37,551 | INFO | HTTP Request: GET https://www.okx.com/api/v5/trade/orders-algo-pending?ordType=twap&instType=SWAP&instId=SUI-USDT-SWAP "HTTP/2 200 OK"
2026-03-22 11:27:37,858 | INFO | HTTP Request: GET https://www.okx.com/api/v5/trade/orders-algo-pending?ordType=chase&instType=SWAP&instId=SUI-USDT-SWAP "HTTP/2 200 OK"
2026-03-22 11:27:37,935 | INFO | HTTP Request: GET https://www.okx.com/api/v5/market/ticker?instId=IOTA-USDT-SWAP "HTTP/2 200 OK"
2026-03-22 11:27:38,334 | INFO | HTTP Request: GET https://www.okx.com/api/v5/market/candles?instId=IOTA-USDT-SWAP&bar=5m&limit=89 "HTTP/2 200 OK"
2026-03-22 11:27:38,503 | INFO | HTTP Request: GET https://www.okx.com/api/v5/trade/orders-algo-pending?ordType=conditional&instType=SWAP&instId=SUI-USDT-SWAP "HTTP/2 200 OK"
2026-03-22 11:27:38,743 | INFO | HTTP Request: GET https://www.okx.com/api/v5/trade/orders-algo-pending?ordType=oco&instType=SWAP&instId=SUI-USDT-SWAP "HTTP/2 200 OK"
2026-03-22 11:27:38,798 | INFO | HTTP Request: GET https://www.okx.com/api/v5/market/candles?instId=BTC-USDT-SWAP&bar=5m&limit=64 "HTTP/2 200 OK"
2026-03-22 11:27:38,867 | INFO | HTTP Request: GET https://www.okx.com/api/v5/market/ticker?instId=JUP-USDT-SWAP "HTTP/2 200 OK"
2026-03-22 11:27:39,149 | INFO | HTTP Request: GET https://www.okx.com/api/v5/trade/orders-algo-pending?ordType=trigger&instType=SWAP&instId=SUI-USDT-SWAP "HTTP/2 200 OK"
2026-03-22 11:27:39,248 | INFO | HTTP Request: GET https://www.okx.com/api/v5/market/candles?instId=JUP-USDT-SWAP&bar=5m&limit=89 "HTTP/2 200 OK"
2026-03-22 11:27:39,417 | INFO | HTTP Request: GET https://www.okx.com/api/v5/trade/orders-algo-pending?ordType=move_order_stop&instType=SWAP&instId=SUI-USDT-SWAP "HTTP/2 200 OK"
2026-03-22 11:27:39,658 | INFO | HTTP Request: GET https://www.okx.com/api/v5/trade/orders-algo-pending?ordType=iceberg&instType=SWAP&instId=SUI-USDT-SWAP "HTTP/2 200 OK"
2026-03-22 11:27:39,695 | INFO | HTTP Request: GET https://www.okx.com/api/v5/account/balance "HTTP/2 200 OK"
2026-03-22 11:27:39,760 | INFO | HTTP Request: GET https://www.okx.com/api/v5/market/ticker?instId=KAITO-USDT-SWAP "HTTP/2 200 OK"
2026-03-22 11:27:39,899 | INFO | HTTP Request: GET https://www.okx.com/api/v5/trade/orders-algo-pending?ordType=twap&instType=SWAP&instId=SUI-USDT-SWAP "HTTP/2 200 OK"
2026-03-22 11:27:40,146 | INFO | HTTP Request: GET https://www.okx.com/api/v5/trade/orders-algo-pending?ordType=chase&instType=SWAP&instId=SUI-USDT-SWAP "HTTP/2 200 OK"
2026-03-22 11:27:40,244 | INFO | HTTP Request: GET https://www.okx.com/api/v5/market/candles?instId=KAITO-USDT-SWAP&bar=5m&limit=89 "HTTP/2 200 OK"
2026-03-22 11:27:40,749 | INFO | HTTP Request: GET https://www.okx.com/api/v5/market/ticker?instId=KSM-USDT-SWAP "HTTP/2 200 OK"
2026-03-22 11:27:40,791 | INFO | HTTP Request: GET https://www.okx.com/api/v5/trade/orders-algo-pending?ordType=conditional&instType=SWAP&instId=SUI-USDT-SWAP "HTTP/2 200 OK"
2026-03-22 11:27:41,036 | INFO | HTTP Request: GET https://www.okx.com/api/v5/trade/orders-algo-pending?ordType=oco&instType=SWAP&instId=SUI-USDT-SWAP "HTTP/2 200 OK"
2026-03-22 11:27:41,134 | INFO | HTTP Request: GET https://www.okx.com/api/v5/market/candles?instId=KSM-USDT-SWAP&bar=5m&limit=89 "HTTP/2 200 OK"
2026-03-22 11:27:41,282 | INFO | HTTP Request: GET https://www.okx.com/api/v5/trade/orders-algo-pending?ordType=trigger&instType=SWAP&instId=SUI-USDT-SWAP "HTTP/2 200 OK"
2026-03-22 11:27:41,524 | INFO | HTTP Request: GET https://www.okx.com/api/v5/trade/orders-algo-pending?ordType=move_order_stop&instType=SWAP&instId=SUI-USDT-SWAP "HTTP/2 200 OK"
2026-03-22 11:27:41,620 | INFO | HTTP Request: GET https://www.okx.com/api/v5/market/ticker?instId=LDO-USDT-SWAP "HTTP/2 200 OK"
2026-03-22 11:27:41,764 | INFO | HTTP Request: GET https://www.okx.com/api/v5/trade/orders-algo-pending?ordType=iceberg&instType=SWAP&instId=SUI-USDT-SWAP "HTTP/2 200 OK"
2026-03-22 11:27:42,002 | INFO | HTTP Request: GET https://www.okx.com/api/v5/market/candles?instId=LDO-USDT-SWAP&bar=5m&limit=89 "HTTP/2 200 OK"
2026-03-22 11:27:42,006 | INFO | HTTP Request: GET https://www.okx.com/api/v5/trade/orders-algo-pending?ordType=twap&instType=SWAP&instId=SUI-USDT-SWAP "HTTP/2 200 OK"
2026-03-22 11:27:42,247 | INFO | HTTP Request: GET https://www.okx.com/api/v5/trade/orders-algo-pending?ordType=chase&instType=SWAP&instId=SUI-USDT-SWAP "HTTP/2 200 OK"
2026-03-22 11:27:42,491 | INFO | HTTP Request: GET https://www.okx.com/api/v5/market/ticker?instId=LINEA-USDT-SWAP "HTTP/2 200 OK"
2026-03-22 11:27:42,887 | INFO | HTTP Request: GET https://www.okx.com/api/v5/trade/orders-algo-pending?ordType=conditional&instType=SWAP&instId=SUI-USDT-SWAP "HTTP/2 200 OK"
2026-03-22 11:27:42,950 | INFO | HTTP Request: GET https://www.okx.com/api/v5/market/candles?instId=LINEA-USDT-SWAP&bar=5m&limit=89 "HTTP/2 200 OK"
2026-03-22 11:27:43,138 | INFO | HTTP Request: GET https://www.okx.com/api/v5/trade/orders-algo-pending?ordType=oco&instType=SWAP&instId=SUI-USDT-SWAP "HTTP/2 200 OK"
2026-03-22 11:27:43,393 | INFO | HTTP Request: GET https://www.okx.com/api/v5/trade/orders-algo-pending?ordType=trigger&instType=SWAP&instId=SUI-USDT-SWAP "HTTP/2 200 OK"
2026-03-22 11:27:43,446 | INFO | HTTP Request: GET https://www.okx.com/api/v5/market/ticker?instId=LINK-USDT-SWAP "HTTP/2 200 OK"
2026-03-22 11:27:43,633 | INFO | HTTP Request: GET https://www.okx.com/api/v5/trade/orders-algo-pending?ordType=move_order_stop&instType=SWAP&instId=SUI-USDT-SWAP "HTTP/2 200 OK"
2026-03-22 11:27:43,807 | INFO | HTTP Request: GET https://www.okx.com/api/v5/market/candles?instId=LINK-USDT-SWAP&bar=5m&limit=89 "HTTP/2 200 OK"
2026-03-22 11:27:43,891 | INFO | HTTP Request: GET https://www.okx.com/api/v5/trade/orders-algo-pending?ordType=iceberg&instType=SWAP&instId=SUI-USDT-SWAP "HTTP/2 200 OK"
2026-03-22 11:27:44,132 | INFO | HTTP Request: GET https://www.okx.com/api/v5/trade/orders-algo-pending?ordType=twap&instType=SWAP&instId=SUI-USDT-SWAP "HTTP/2 200 OK"
2026-03-22 11:27:44,345 | INFO | HTTP Request: GET https://www.okx.com/api/v5/market/ticker?instId=LIT-USDT-SWAP "HTTP/2 200 OK"
2026-03-22 11:27:44,372 | INFO | HTTP Request: GET https://www.okx.com/api/v5/trade/orders-algo-pending?ordType=chase&instType=SWAP&instId=SUI-USDT-SWAP "HTTP/2 200 OK"
2026-03-22 11:27:44,710 | INFO | HTTP Request: GET https://www.okx.com/api/v5/market/candles?instId=LIT-USDT-SWAP&bar=5m&limit=89 "HTTP/2 200 OK"
2026-03-22 11:27:45,011 | INFO | HTTP Request: GET https://www.okx.com/api/v5/trade/orders-algo-pending?ordType=conditional&instType=SWAP&instId=SUI-USDT-SWAP "HTTP/2 200 OK"
2026-03-22 11:27:45,040 | INFO | HTTP Request: GET https://www.okx.com/api/v5/market/candles?instId=BTC-USDT-SWAP&bar=5m&limit=64 "HTTP/2 200 OK"
2026-03-22 11:27:45,145 | INFO | HTTP Request: GET https://www.okx.com/api/v5/account/balance "HTTP/2 200 OK"
2026-03-22 11:27:45,206 | INFO | HTTP Request: GET https://www.okx.com/api/v5/market/ticker?instId=LPT-USDT-SWAP "HTTP/2 200 OK"
2026-03-22 11:27:45,250 | INFO | HTTP Request: GET https://www.okx.com/api/v5/trade/orders-algo-pending?ordType=oco&instType=SWAP&instId=SUI-USDT-SWAP "HTTP/2 200 OK"
2026-03-22 11:27:45,497 | INFO | HTTP Request: GET https://www.okx.com/api/v5/trade/orders-algo-pending?ordType=trigger&instType=SWAP&instId=SUI-USDT-SWAP "HTTP/2 200 OK"
2026-03-22 11:27:45,623 | INFO | HTTP Request: GET https://www.okx.com/api/v5/market/candles?instId=LPT-USDT-SWAP&bar=5m&limit=89 "HTTP/2 200 OK"
2026-03-22 11:27:45,742 | INFO | HTTP Request: GET https://www.okx.com/api/v5/trade/orders-algo-pending?ordType=move_order_stop&instType=SWAP&instId=SUI-USDT-SWAP "HTTP/2 200 OK"
2026-03-22 11:27:46,027 | INFO | HTTP Request: GET https://www.okx.com/api/v5/trade/orders-algo-pending?ordType=iceberg&instType=SWAP&instId=SUI-USDT-SWAP "HTTP/2 200 OK"
2026-03-22 11:27:46,108 | INFO | HTTP Request: GET https://www.okx.com/api/v5/market/ticker?instId=LQTY-USDT-SWAP "HTTP/2 200 OK"
2026-03-22 11:27:46,288 | INFO | HTTP Request: GET https://www.okx.com/api/v5/trade/orders-algo-pending?ordType=twap&instType=SWAP&instId=SUI-USDT-SWAP "HTTP/2 200 OK"
2026-03-22 11:27:46,521 | INFO | HTTP Request: GET https://www.okx.com/api/v5/market/candles?instId=LQTY-USDT-SWAP&bar=5m&limit=89 "HTTP/2 200 OK"
2026-03-22 11:27:46,581 | INFO | HTTP Request: GET https://www.okx.com/api/v5/trade/orders-algo-pending?ordType=chase&instType=SWAP&instId=SUI-USDT-SWAP "HTTP/2 200 OK"
2026-03-22 11:27:47,020 | INFO | HTTP Request: GET https://www.okx.com/api/v5/market/ticker?instId=LRC-USDT-SWAP "HTTP/2 200 OK"
2026-03-22 11:27:47,274 | INFO | HTTP Request: POST https://www.okx.com/api/v5/trade/cancel-algos "HTTP/2 200 OK"
2026-03-22 11:27:47,410 | INFO | HTTP Request: GET https://www.okx.com/api/v5/market/candles?instId=LRC-USDT-SWAP&bar=5m&limit=89 "HTTP/2 200 OK"
2026-03-22 11:27:47,510 | INFO | HTTP Request: GET https://www.okx.com/api/v5/trade/orders-algo-pending?ordType=conditional&instType=SWAP&instId=SUI-USDT-SWAP "HTTP/2 200 OK"
2026-03-22 11:27:47,820 | INFO | HTTP Request: GET https://www.okx.com/api/v5/trade/orders-algo-pending?ordType=oco&instType=SWAP&instId=SUI-USDT-SWAP "HTTP/2 200 OK"
2026-03-22 11:27:47,910 | INFO | HTTP Request: GET https://www.okx.com/api/v5/market/ticker?instId=LTC-USDT-SWAP "HTTP/2 200 OK"
2026-03-22 11:27:48,061 | INFO | HTTP Request: GET https://www.okx.com/api/v5/trade/orders-algo-pending?ordType=trigger&instType=SWAP&instId=SUI-USDT-SWAP "HTTP/2 200 OK"
2026-03-22 11:27:48,292 | INFO | HTTP Request: GET https://www.okx.com/api/v5/market/candles?instId=LTC-USDT-SWAP&bar=5m&limit=89 "HTTP/2 200 OK"
2026-03-22 11:27:48,303 | INFO | HTTP Request: GET https://www.okx.com/api/v5/trade/orders-algo-pending?ordType=move_order_stop&instType=SWAP&instId=SUI-USDT-SWAP "HTTP/2 200 OK"
2026-03-22 11:27:48,604 | INFO | HTTP Request: GET https://www.okx.com/api/v5/trade/orders-algo-pending?ordType=iceberg&instType=SWAP&instId=SUI-USDT-SWAP "HTTP/2 200 OK"
2026-03-22 11:27:48,789 | INFO | HTTP Request: GET https://www.okx.com/api/v5/market/ticker?instId=MAJOR-USDT-SWAP "HTTP/2 200 OK"
2026-03-22 11:27:48,854 | INFO | HTTP Request: GET https://www.okx.com/api/v5/trade/orders-algo-pending?ordType=twap&instType=SWAP&instId=SUI-USDT-SWAP "HTTP/2 200 OK"
2026-03-22 11:27:49,100 | INFO | HTTP Request: GET https://www.okx.com/api/v5/trade/orders-algo-pending?ordType=chase&instType=SWAP&instId=SUI-USDT-SWAP "HTTP/2 200 OK"
2026-03-22 11:27:49,184 | INFO | HTTP Request: GET https://www.okx.com/api/v5/market/candles?instId=MAJOR-USDT-SWAP&bar=5m&limit=89 "HTTP/2 200 OK"
2026-03-22 11:27:49,344 | INFO | HTTP Request: GET https://www.okx.com/api/v5/trade/orders-algo-pending?ordType=conditional&instType=SWAP&instId=SUI-USDT-SWAP "HTTP/2 200 OK"
2026-03-22 11:27:49,584 | INFO | HTTP Request: GET https://www.okx.com/api/v5/trade/orders-algo-pending?ordType=oco&instType=SWAP&instId=SUI-USDT-SWAP "HTTP/2 200 OK"
2026-03-22 11:27:49,704 | INFO | HTTP Request: GET https://www.okx.com/api/v5/market/ticker?instId=MASK-USDT-SWAP "HTTP/2 200 OK"
2026-03-22 11:27:49,821 | INFO | HTTP Request: GET https://www.okx.com/api/v5/trade/orders-algo-pending?ordType=trigger&instType=SWAP&instId=SUI-USDT-SWAP "HTTP/2 200 OK"
2026-03-22 11:27:50,063 | INFO | HTTP Request: GET https://www.okx.com/api/v5/trade/orders-algo-pending?ordType=move_order_stop&instType=SWAP&instId=SUI-USDT-SWAP "HTTP/2 200 OK"
2026-03-22 11:27:50,075 | INFO | HTTP Request: GET https://www.okx.com/api/v5/market/candles?instId=MASK-USDT-SWAP&bar=5m&limit=89 "HTTP/2 200 OK"
2026-03-22 11:27:50,347 | INFO | HTTP Request: GET https://www.okx.com/api/v5/trade/orders-algo-pending?ordType=iceberg&instType=SWAP&instId=SUI-USDT-SWAP "HTTP/2 200 OK"
2026-03-22 11:27:50,454 | INFO | HTTP Request: GET https://www.okx.com/api/v5/account/balance "HTTP/2 200 OK"
2026-03-22 11:27:50,580 | INFO | HTTP Request: GET https://www.okx.com/api/v5/market/ticker?instId=MET-USDT-SWAP "HTTP/2 200 OK"
2026-03-22 11:27:50,617 | INFO | HTTP Request: GET https://www.okx.com/api/v5/trade/orders-algo-pending?ordType=twap&instType=SWAP&instId=SUI-USDT-SWAP "HTTP/2 200 OK"
2026-03-22 11:27:50,857 | INFO | HTTP Request: GET https://www.okx.com/api/v5/trade/orders-algo-pending?ordType=chase&instType=SWAP&instId=SUI-USDT-SWAP "HTTP/2 200 OK"
2026-03-22 11:27:50,863 | INFO | Placing exchange stop SUI-USDT-SWAP short payload={'instId': 'SUI-USDT-SWAP', 'tdMode': 'isolated', 'side': 'buy', 'posSide': 'net', 'ordType': 'conditional', 'reduceOnly': 'true', 'closeFraction': '1', 'slTriggerPx': '0.933491408443', 'slTriggerPxType': 'mark', 'slOrdPx': '-1'}
2026-03-22 11:27:50,947 | INFO | HTTP Request: GET https://www.okx.com/api/v5/market/candles?instId=MET-USDT-SWAP&bar=5m&limit=89 "HTTP/2 200 OK"
2026-03-22 11:27:51,113 | INFO | HTTP Request: POST https://www.okx.com/api/v5/trade/order-algo "HTTP/2 200 OK"
2026-03-22 11:27:51,282 | INFO | HTTP Request: GET https://www.okx.com/api/v5/market/candles?instId=BTC-USDT-SWAP&bar=5m&limit=64 "HTTP/2 200 OK"
2026-03-22 11:27:51,365 | INFO | HTTP Request: GET https://www.okx.com/api/v5/trade/orders-algo-pending?ordType=conditional&instType=SWAP&instId=SUI-USDT-SWAP "HTTP/2 200 OK"
2026-03-22 11:27:51,465 | INFO | HTTP Request: GET https://www.okx.com/api/v5/market/ticker?instId=MINA-USDT-SWAP "HTTP/2 200 OK"
2026-03-22 11:27:51,605 | INFO | HTTP Request: GET https://www.okx.com/api/v5/trade/orders-algo-pending?ordType=oco&instType=SWAP&instId=SUI-USDT-SWAP "HTTP/2 200 OK"
2026-03-22 11:27:51,851 | INFO | HTTP Request: GET https://www.okx.com/api/v5/market/candles?instId=MINA-USDT-SWAP&bar=5m&limit=89 "HTTP/2 200 OK"
2026-03-22 11:27:51,852 | INFO | HTTP Request: GET https://www.okx.com/api/v5/trade/orders-algo-pending?ordType=trigger&instType=SWAP&instId=SUI-USDT-SWAP "HTTP/2 200 OK"
2026-03-22 11:27:52,099 | INFO | HTTP Request: GET https://www.okx.com/api/v5/trade/orders-algo-pending?ordType=move_order_stop&instType=SWAP&instId=SUI-USDT-SWAP "HTTP/2 200 OK"
2026-03-22 11:27:52,344 | INFO | HTTP Request: GET https://www.okx.com/api/v5/trade/orders-algo-pending?ordType=iceberg&instType=SWAP&instId=SUI-USDT-SWAP "HTTP/2 200 OK"
2026-03-22 11:27:52,346 | INFO | HTTP Request: GET https://www.okx.com/api/v5/market/ticker?instId=MKR-USDT-SWAP "HTTP/2 200 OK"
2026-03-22 11:27:52,585 | INFO | HTTP Request: GET https://www.okx.com/api/v5/trade/orders-algo-pending?ordType=twap&instType=SWAP&instId=SUI-USDT-SWAP "HTTP/2 200 OK"
2026-03-22 11:27:52,725 | INFO | HTTP Request: GET https://www.okx.com/api/v5/market/candles?instId=MKR-USDT-SWAP&bar=5m&limit=89 "HTTP/2 200 OK"
2026-03-22 11:27:52,827 | INFO | HTTP Request: GET https://www.okx.com/api/v5/trade/orders-algo-pending?ordType=chase&instType=SWAP&instId=SUI-USDT-SWAP "HTTP/2 200 OK"
2026-03-22 11:27:53,075 | INFO | HTTP Request: GET https://www.okx.com/api/v5/trade/orders-algo-pending?ordType=conditional&instType=SWAP&instId=SUI-USDT-SWAP "HTTP/2 200 OK"
2026-03-22 11:27:53,211 | INFO | HTTP Request: GET https://www.okx.com/api/v5/market/ticker?instId=MUBARAK-USDT-SWAP "HTTP/2 200 OK"
2026-03-22 11:27:53,314 | INFO | HTTP Request: GET https://www.okx.com/api/v5/trade/orders-algo-pending?ordType=oco&instType=SWAP&instId=SUI-USDT-SWAP "HTTP/2 200 OK"
2026-03-22 11:27:53,557 | INFO | HTTP Request: GET https://www.okx.com/api/v5/trade/orders-algo-pending?ordType=trigger&instType=SWAP&instId=SUI-USDT-SWAP "HTTP/2 200 OK"
2026-03-22 11:27:53,581 | INFO | HTTP Request: GET https://www.okx.com/api/v5/market/candles?instId=MUBARAK-USDT-SWAP&bar=5m&limit=89 "HTTP/2 200 OK"
2026-03-22 11:27:53,803 | INFO | HTTP Request: GET https://www.okx.com/api/v5/trade/orders-algo-pending?ordType=move_order_stop&instType=SWAP&instId=SUI-USDT-SWAP "HTTP/2 200 OK"
2026-03-22 11:27:54,049 | INFO | HTTP Request: GET https://www.okx.com/api/v5/trade/orders-algo-pending?ordType=iceberg&instType=SWAP&instId=SUI-USDT-SWAP "HTTP/2 200 OK"
2026-03-22 11:27:54,063 | INFO | HTTP Request: GET https://www.okx.com/api/v5/market/ticker?instId=NEAR-USDT-SWAP "HTTP/2 200 OK"
2026-03-22 11:27:54,292 | INFO | HTTP Request: GET https://www.okx.com/api/v5/trade/orders-algo-pending?ordType=twap&instType=SWAP&instId=SUI-USDT-SWAP "HTTP/2 200 OK"
2026-03-22 11:27:54,435 | INFO | HTTP Request: GET https://www.okx.com/api/v5/market/candles?instId=NEAR-USDT-SWAP&bar=5m&limit=89 "HTTP/2 200 OK"
2026-03-22 11:27:54,667 | INFO | HTTP Request: GET https://www.okx.com/api/v5/trade/orders-algo-pending?ordType=chase&instType=SWAP&instId=SUI-USDT-SWAP "HTTP/2 200 OK"
2026-03-22 11:27:54,921 | INFO | HTTP Request: GET https://www.okx.com/api/v5/market/ticker?instId=NEO-USDT-SWAP "HTTP/2 200 OK"
2026-03-22 11:27:55,065 | INFO | HTTP Request: GET https://www.okx.com/api/v5/market/candles?instId=ETHFI-USDT-SWAP&bar=5m&limit=26 "HTTP/2 200 OK"
2026-03-22 11:27:55,304 | INFO | HTTP Request: GET https://www.okx.com/api/v5/market/candles?instId=NEO-USDT-SWAP&bar=5m&limit=89 "HTTP/2 200 OK"
2026-03-22 11:27:55,441 | INFO | HTTP Request: GET https://www.okx.com/api/v5/market/ticker?instId=ETHFI-USDT-SWAP "HTTP/2 200 OK"
2026-03-22 11:27:55,807 | INFO | HTTP Request: GET https://www.okx.com/api/v5/market/ticker?instId=NOT-USDT-SWAP "HTTP/2 200 OK"
2026-03-22 11:27:55,820 | INFO | HTTP Request: GET https://www.okx.com/api/v5/market/candles?instId=SOL-USDT-SWAP&bar=5m&limit=26 "HTTP/2 200 OK"
2026-03-22 11:27:55,870 | INFO | HTTP Request: GET https://www.okx.com/api/v5/account/balance "HTTP/2 200 OK"
2026-03-22 11:27:56,223 | INFO | HTTP Request: GET https://www.okx.com/api/v5/market/ticker?instId=SOL-USDT-SWAP "HTTP/2 200 OK"
2026-03-22 11:27:56,228 | INFO | HTTP Request: GET https://www.okx.com/api/v5/market/candles?instId=NOT-USDT-SWAP&bar=5m&limit=89 "HTTP/2 200 OK"
2026-03-22 11:27:56,504 | INFO | HTTP Request: GET https://www.okx.com/api/v5/trade/orders-algo-pending?ordType=conditional&instType=SWAP&instId=SOL-USDT-SWAP "HTTP/2 200 OK"
2026-03-22 11:27:56,741 | INFO | HTTP Request: GET https://www.okx.com/api/v5/market/ticker?instId=OP-USDT-SWAP "HTTP/2 200 OK"
2026-03-22 11:27:56,773 | INFO | HTTP Request: GET https://www.okx.com/api/v5/trade/orders-algo-pending?ordType=oco&instType=SWAP&instId=SOL-USDT-SWAP "HTTP/2 200 OK"
2026-03-22 11:27:57,014 | INFO | HTTP Request: GET https://www.okx.com/api/v5/trade/orders-algo-pending?ordType=trigger&instType=SWAP&instId=SOL-USDT-SWAP "HTTP/2 200 OK"
2026-03-22 11:27:57,171 | INFO | HTTP Request: GET https://www.okx.com/api/v5/market/candles?instId=OP-USDT-SWAP&bar=5m&limit=89 "HTTP/2 200 OK"
2026-03-22 11:27:57,252 | INFO | HTTP Request: GET https://www.okx.com/api/v5/trade/orders-algo-pending?ordType=move_order_stop&instType=SWAP&instId=SOL-USDT-SWAP "HTTP/2 200 OK"
2026-03-22 11:27:57,492 | INFO | HTTP Request: GET https://www.okx.com/api/v5/trade/orders-algo-pending?ordType=iceberg&instType=SWAP&instId=SOL-USDT-SWAP "HTTP/2 200 OK"
2026-03-22 11:27:57,537 | INFO | HTTP Request: GET https://www.okx.com/api/v5/market/candles?instId=BTC-USDT-SWAP&bar=5m&limit=64 "HTTP/2 200 OK"
2026-03-22 11:27:57,708 | INFO | HTTP Request: GET https://www.okx.com/api/v5/market/ticker?instId=PEPE-USDT-SWAP "HTTP/2 200 OK"
2026-03-22 11:27:57,732 | INFO | HTTP Request: GET https://www.okx.com/api/v5/trade/orders-algo-pending?ordType=twap&instType=SWAP&instId=SOL-USDT-SWAP "HTTP/2 200 OK"
2026-03-22 11:27:57,988 | INFO | HTTP Request: GET https://www.okx.com/api/v5/trade/orders-algo-pending?ordType=chase&instType=SWAP&instId=SOL-USDT-SWAP "HTTP/2 200 OK"
2026-03-22 11:27:58,105 | INFO | HTTP Request: GET https://www.okx.com/api/v5/market/candles?instId=PEPE-USDT-SWAP&bar=5m&limit=89 "HTTP/2 200 OK"
2026-03-22 11:27:58,607 | INFO | HTTP Request: GET https://www.okx.com/api/v5/market/ticker?instId=PIGGY-USDT-SWAP "HTTP/2 200 OK"
2026-03-22 11:27:58,629 | INFO | HTTP Request: GET https://www.okx.com/api/v5/trade/orders-algo-pending?ordType=conditional&instType=SWAP&instId=SOL-USDT-SWAP "HTTP/2 200 OK"
2026-03-22 11:27:58,868 | INFO | HTTP Request: GET https://www.okx.com/api/v5/trade/orders-algo-pending?ordType=oco&instType=SWAP&instId=SOL-USDT-SWAP "HTTP/2 200 OK"
2026-03-22 11:27:58,994 | INFO | HTTP Request: GET https://www.okx.com/api/v5/market/candles?instId=PIGGY-USDT-SWAP&bar=5m&limit=89 "HTTP/2 200 OK"
2026-03-22 11:27:59,108 | INFO | HTTP Request: GET https://www.okx.com/api/v5/trade/orders-algo-pending?ordType=trigger&instType=SWAP&instId=SOL-USDT-SWAP "HTTP/2 200 OK"
2026-03-22 11:27:59,361 | INFO | HTTP Request: GET https://www.okx.com/api/v5/trade/orders-algo-pending?ordType=move_order_stop&instType=SWAP&instId=SOL-USDT-SWAP "HTTP/2 200 OK"
2026-03-22 11:27:59,488 | INFO | HTTP Request: GET https://www.okx.com/api/v5/market/ticker?instId=QTUM-USDT-SWAP "HTTP/2 200 OK"
2026-03-22 11:27:59,600 | INFO | HTTP Request: GET https://www.okx.com/api/v5/trade/orders-algo-pending?ordType=iceberg&instType=SWAP&instId=SOL-USDT-SWAP "HTTP/2 200 OK"
2026-03-22 11:27:59,844 | INFO | HTTP Request: GET https://www.okx.com/api/v5/trade/orders-algo-pending?ordType=twap&instType=SWAP&instId=SOL-USDT-SWAP "HTTP/2 200 OK"
2026-03-22 11:27:59,917 | INFO | HTTP Request: GET https://www.okx.com/api/v5/market/candles?instId=QTUM-USDT-SWAP&bar=5m&limit=89 "HTTP/2 200 OK"
2026-03-22 11:28:00,085 | INFO | HTTP Request: GET https://www.okx.com/api/v5/trade/orders-algo-pending?ordType=chase&instType=SWAP&instId=SOL-USDT-SWAP "HTTP/2 200 OK"
2026-03-22 11:28:00,450 | INFO | HTTP Request: GET https://www.okx.com/api/v5/market/ticker?instId=RAVE-USDT-SWAP "HTTP/2 200 OK"
2026-03-22 11:28:00,728 | INFO | HTTP Request: GET https://www.okx.com/api/v5/trade/orders-algo-pending?ordType=conditional&instType=SWAP&instId=SOL-USDT-SWAP "HTTP/2 200 OK"
2026-03-22 11:28:00,879 | INFO | HTTP Request: GET https://www.okx.com/api/v5/market/candles?instId=RAVE-USDT-SWAP&bar=5m&limit=89 "HTTP/2 200 OK"
2026-03-22 11:28:00,968 | INFO | HTTP Request: GET https://www.okx.com/api/v5/trade/orders-algo-pending?ordType=oco&instType=SWAP&instId=SOL-USDT-SWAP "HTTP/2 200 OK"
2026-03-22 11:28:01,229 | INFO | HTTP Request: GET https://www.okx.com/api/v5/trade/orders-algo-pending?ordType=trigger&instType=SWAP&instId=SOL-USDT-SWAP "HTTP/2 200 OK"
2026-03-22 11:28:01,311 | INFO | HTTP Request: GET https://www.okx.com/api/v5/account/balance "HTTP/2 200 OK"
2026-03-22 11:28:01,382 | INFO | HTTP Request: GET https://www.okx.com/api/v5/market/ticker?instId=RESOLV-USDT-SWAP "HTTP/2 200 OK"
2026-03-22 11:28:01,469 | INFO | HTTP Request: GET https://www.okx.com/api/v5/trade/orders-algo-pending?ordType=move_order_stop&instType=SWAP&instId=SOL-USDT-SWAP "HTTP/2 200 OK"
2026-03-22 11:28:01,727 | INFO | HTTP Request: GET https://www.okx.com/api/v5/trade/orders-algo-pending?ordType=iceberg&instType=SWAP&instId=SOL-USDT-SWAP "HTTP/2 200 OK"
2026-03-22 11:28:01,765 | INFO | HTTP Request: GET https://www.okx.com/api/v5/market/candles?instId=RESOLV-USDT-SWAP&bar=5m&limit=89 "HTTP/2 200 OK"
2026-03-22 11:28:01,968 | INFO | HTTP Request: GET https://www.okx.com/api/v5/trade/orders-algo-pending?ordType=twap&instType=SWAP&instId=SOL-USDT-SWAP "HTTP/2 200 OK"
2026-03-22 11:28:02,214 | INFO | HTTP Request: GET https://www.okx.com/api/v5/trade/orders-algo-pending?ordType=chase&instType=SWAP&instId=SOL-USDT-SWAP "HTTP/2 200 OK"
2026-03-22 11:28:02,258 | INFO | HTTP Request: GET https://www.okx.com/api/v5/market/ticker?instId=ROBO-USDT-SWAP "HTTP/2 200 OK"
2026-03-22 11:28:02,626 | INFO | HTTP Request: GET https://www.okx.com/api/v5/market/candles?instId=ROBO-USDT-SWAP&bar=5m&limit=89 "HTTP/2 200 OK"
2026-03-22 11:28:02,854 | INFO | HTTP Request: GET https://www.okx.com/api/v5/trade/orders-algo-pending?ordType=conditional&instType=SWAP&instId=SOL-USDT-SWAP "HTTP/2 200 OK"
2026-03-22 11:28:03,104 | INFO | HTTP Request: GET https://www.okx.com/api/v5/trade/orders-algo-pending?ordType=oco&instType=SWAP&instId=SOL-USDT-SWAP "HTTP/2 200 OK"
2026-03-22 11:28:03,158 | INFO | HTTP Request: GET https://www.okx.com/api/v5/market/ticker?instId=SAND-USDT-SWAP "HTTP/2 200 OK"
2026-03-22 11:28:03,348 | INFO | HTTP Request: GET https://www.okx.com/api/v5/trade/orders-algo-pending?ordType=trigger&instType=SWAP&instId=SOL-USDT-SWAP "HTTP/2 200 OK"
2026-03-22 11:28:03,569 | INFO | HTTP Request: GET https://www.okx.com/api/v5/market/candles?instId=SAND-USDT-SWAP&bar=5m&limit=89 "HTTP/2 200 OK"
2026-03-22 11:28:03,590 | INFO | HTTP Request: GET https://www.okx.com/api/v5/trade/orders-algo-pending?ordType=move_order_stop&instType=SWAP&instId=SOL-USDT-SWAP "HTTP/2 200 OK"
2026-03-22 11:28:03,775 | INFO | HTTP Request: GET https://www.okx.com/api/v5/market/candles?instId=BTC-USDT-SWAP&bar=5m&limit=64 "HTTP/2 200 OK"
2026-03-22 11:28:03,833 | INFO | HTTP Request: GET https://www.okx.com/api/v5/trade/orders-algo-pending?ordType=iceberg&instType=SWAP&instId=SOL-USDT-SWAP "HTTP/2 200 OK"
2026-03-22 11:28:04,060 | INFO | HTTP Request: GET https://www.okx.com/api/v5/market/ticker?instId=SCR-USDT-SWAP "HTTP/2 200 OK"
2026-03-22 11:28:04,076 | INFO | HTTP Request: GET https://www.okx.com/api/v5/trade/orders-algo-pending?ordType=twap&instType=SWAP&instId=SOL-USDT-SWAP "HTTP/2 200 OK"
2026-03-22 11:28:04,317 | INFO | HTTP Request: GET https://www.okx.com/api/v5/trade/orders-algo-pending?ordType=chase&instType=SWAP&instId=SOL-USDT-SWAP "HTTP/2 200 OK"
2026-03-22 11:28:04,433 | INFO | HTTP Request: GET https://www.okx.com/api/v5/market/candles?instId=SCR-USDT-SWAP&bar=5m&limit=89 "HTTP/2 200 OK"
2026-03-22 11:28:04,915 | INFO | HTTP Request: GET https://www.okx.com/api/v5/market/ticker?instId=SHIB-USDT-SWAP "HTTP/2 200 OK"
2026-03-22 11:28:04,962 | INFO | HTTP Request: GET https://www.okx.com/api/v5/trade/orders-algo-pending?ordType=conditional&instType=SWAP&instId=SOL-USDT-SWAP "HTTP/2 200 OK"
2026-03-22 11:28:05,202 | INFO | HTTP Request: GET https://www.okx.com/api/v5/trade/orders-algo-pending?ordType=oco&instType=SWAP&instId=SOL-USDT-SWAP "HTTP/2 200 OK"
2026-03-22 11:28:05,314 | INFO | HTTP Request: GET https://www.okx.com/api/v5/market/candles?instId=SHIB-USDT-SWAP&bar=5m&limit=89 "HTTP/2 200 OK"
2026-03-22 11:28:05,445 | INFO | HTTP Request: GET https://www.okx.com/api/v5/trade/orders-algo-pending?ordType=trigger&instType=SWAP&instId=SOL-USDT-SWAP "HTTP/2 200 OK"
2026-03-22 11:28:05,730 | INFO | HTTP Request: GET https://www.okx.com/api/v5/trade/orders-algo-pending?ordType=move_order_stop&instType=SWAP&instId=SOL-USDT-SWAP "HTTP/2 200 OK"
2026-03-22 11:28:05,835 | INFO | HTTP Request: GET https://www.okx.com/api/v5/market/ticker?instId=SKY-USDT-SWAP "HTTP/2 200 OK"
2026-03-22 11:28:05,992 | INFO | HTTP Request: GET https://www.okx.com/api/v5/trade/orders-algo-pending?ordType=iceberg&instType=SWAP&instId=SOL-USDT-SWAP "HTTP/2 200 OK"
2026-03-22 11:28:06,234 | INFO | HTTP Request: GET https://www.okx.com/api/v5/market/candles?instId=SKY-USDT-SWAP&bar=5m&limit=89 "HTTP/2 200 OK"
2026-03-22 11:28:06,234 | INFO | HTTP Request: GET https://www.okx.com/api/v5/trade/orders-algo-pending?ordType=twap&instType=SWAP&instId=SOL-USDT-SWAP "HTTP/2 200 OK"
2026-03-22 11:28:06,487 | INFO | HTTP Request: GET https://www.okx.com/api/v5/trade/orders-algo-pending?ordType=chase&instType=SWAP&instId=SOL-USDT-SWAP "HTTP/2 200 OK"
2026-03-22 11:28:06,758 | INFO | HTTP Request: GET https://www.okx.com/api/v5/market/ticker?instId=SOLV-USDT-SWAP "HTTP/2 200 OK"
2026-03-22 11:28:06,772 | INFO | HTTP Request: GET https://www.okx.com/api/v5/account/balance "HTTP/2 200 OK"
2026-03-22 11:28:07,167 | INFO | HTTP Request: GET https://www.okx.com/api/v5/market/candles?instId=SOLV-USDT-SWAP&bar=5m&limit=89 "HTTP/2 200 OK"
2026-03-22 11:28:07,171 | INFO | HTTP Request: GET https://www.okx.com/api/v5/trade/orders-algo-pending?ordType=conditional&instType=SWAP&instId=SOL-USDT-SWAP "HTTP/2 200 OK"
2026-03-22 11:28:07,456 | INFO | HTTP Request: GET https://www.okx.com/api/v5/trade/orders-algo-pending?ordType=oco&instType=SWAP&instId=SOL-USDT-SWAP "HTTP/2 200 OK"
2026-03-22 11:28:07,701 | INFO | HTTP Request: GET https://www.okx.com/api/v5/trade/orders-algo-pending?ordType=trigger&instType=SWAP&instId=SOL-USDT-SWAP "HTTP/2 200 OK"
2026-03-22 11:28:07,708 | INFO | HTTP Request: GET https://www.okx.com/api/v5/market/ticker?instId=SPK-USDT-SWAP "HTTP/2 200 OK"
2026-03-22 11:28:07,943 | INFO | HTTP Request: GET https://www.okx.com/api/v5/trade/orders-algo-pending?ordType=move_order_stop&instType=SWAP&instId=SOL-USDT-SWAP "HTTP/2 200 OK"
2026-03-22 11:28:08,080 | INFO | HTTP Request: GET https://www.okx.com/api/v5/market/candles?instId=SPK-USDT-SWAP&bar=5m&limit=89 "HTTP/2 200 OK"
2026-03-22 11:28:08,184 | INFO | HTTP Request: GET https://www.okx.com/api/v5/trade/orders-algo-pending?ordType=iceberg&instType=SWAP&instId=SOL-USDT-SWAP "HTTP/2 200 OK"
2026-03-22 11:28:08,425 | INFO | HTTP Request: GET https://www.okx.com/api/v5/trade/orders-algo-pending?ordType=twap&instType=SWAP&instId=SOL-USDT-SWAP "HTTP/2 200 OK"
2026-03-22 11:28:08,585 | INFO | HTTP Request: GET https://www.okx.com/api/v5/market/ticker?instId=STRK-USDT-SWAP "HTTP/2 200 OK"
2026-03-22 11:28:08,672 | INFO | HTTP Request: GET https://www.okx.com/api/v5/trade/orders-algo-pending?ordType=chase&instType=SWAP&instId=SOL-USDT-SWAP "HTTP/2 200 OK"
2026-03-22 11:28:09,021 | INFO | HTTP Request: GET https://www.okx.com/api/v5/market/candles?instId=STRK-USDT-SWAP&bar=5m&limit=89 "HTTP/2 200 OK"
2026-03-22 11:28:09,315 | INFO | HTTP Request: GET https://www.okx.com/api/v5/trade/orders-algo-pending?ordType=conditional&instType=SWAP&instId=SOL-USDT-SWAP "HTTP/2 200 OK"
2026-03-22 11:28:09,516 | INFO | HTTP Request: GET https://www.okx.com/api/v5/market/ticker?instId=SUSHI-USDT-SWAP "HTTP/2 200 OK"
2026-03-22 11:28:09,567 | INFO | HTTP Request: GET https://www.okx.com/api/v5/trade/orders-algo-pending?ordType=oco&instType=SWAP&instId=SOL-USDT-SWAP "HTTP/2 200 OK"
2026-03-22 11:28:09,811 | INFO | HTTP Request: GET https://www.okx.com/api/v5/trade/orders-algo-pending?ordType=trigger&instType=SWAP&instId=SOL-USDT-SWAP "HTTP/2 200 OK"
2026-03-22 11:28:09,910 | INFO | HTTP Request: GET https://www.okx.com/api/v5/market/candles?instId=SUSHI-USDT-SWAP&bar=5m&limit=89 "HTTP/2 200 OK"
2026-03-22 11:28:10,051 | INFO | HTTP Request: GET https://www.okx.com/api/v5/market/candles?instId=BTC-USDT-SWAP&bar=5m&limit=64 "HTTP/2 200 OK"
2026-03-22 11:28:10,052 | INFO | HTTP Request: GET https://www.okx.com/api/v5/trade/orders-algo-pending?ordType=move_order_stop&instType=SWAP&instId=SOL-USDT-SWAP "HTTP/2 200 OK"
2026-03-22 11:28:10,304 | INFO | HTTP Request: GET https://www.okx.com/api/v5/trade/orders-algo-pending?ordType=iceberg&instType=SWAP&instId=SOL-USDT-SWAP "HTTP/2 200 OK"
2026-03-22 11:28:10,420 | INFO | HTTP Request: GET https://www.okx.com/api/v5/market/ticker?instId=SYRUP-USDT-SWAP "HTTP/2 200 OK"
2026-03-22 11:28:10,550 | INFO | HTTP Request: GET https://www.okx.com/api/v5/trade/orders-algo-pending?ordType=twap&instType=SWAP&instId=SOL-USDT-SWAP "HTTP/2 200 OK"
2026-03-22 11:28:10,796 | INFO | HTTP Request: GET https://www.okx.com/api/v5/trade/orders-algo-pending?ordType=chase&instType=SWAP&instId=SOL-USDT-SWAP "HTTP/2 200 OK"
2026-03-22 11:28:10,852 | INFO | HTTP Request: GET https://www.okx.com/api/v5/market/candles?instId=SYRUP-USDT-SWAP&bar=5m&limit=89 "HTTP/2 200 OK"
2026-03-22 11:28:11,342 | INFO | HTTP Request: GET https://www.okx.com/api/v5/market/ticker?instId=TEST1234-USDT-SWAP "HTTP/2 200 OK"
2026-03-22 11:28:11,442 | INFO | HTTP Request: GET https://www.okx.com/api/v5/trade/orders-algo-pending?ordType=conditional&instType=SWAP&instId=SOL-USDT-SWAP "HTTP/2 200 OK"
2026-03-22 11:28:11,705 | INFO | HTTP Request: GET https://www.okx.com/api/v5/trade/orders-algo-pending?ordType=oco&instType=SWAP&instId=SOL-USDT-SWAP "HTTP/2 200 OK"
2026-03-22 11:28:11,744 | INFO | HTTP Request: GET https://www.okx.com/api/v5/market/candles?instId=TEST1234-USDT-SWAP&bar=5m&limit=89 "HTTP/2 200 OK"
2026-03-22 11:28:11,948 | INFO | HTTP Request: GET https://www.okx.com/api/v5/trade/orders-algo-pending?ordType=trigger&instType=SWAP&instId=SOL-USDT-SWAP "HTTP/2 200 OK"
2026-03-22 11:28:12,192 | INFO | HTTP Request: GET https://www.okx.com/api/v5/trade/orders-algo-pending?ordType=move_order_stop&instType=SWAP&instId=SOL-USDT-SWAP "HTTP/2 200 OK"
2026-03-22 11:28:12,240 | INFO | HTTP Request: GET https://www.okx.com/api/v5/market/ticker?instId=TEST3103-USDT-SWAP "HTTP/2 200 OK"
2026-03-22 11:28:12,241 | INFO | HTTP Request: GET https://www.okx.com/api/v5/account/balance "HTTP/2 200 OK"
2026-03-22 11:28:12,435 | INFO | HTTP Request: GET https://www.okx.com/api/v5/trade/orders-algo-pending?ordType=iceberg&instType=SWAP&instId=SOL-USDT-SWAP "HTTP/2 200 OK"
2026-03-22 11:28:12,618 | INFO | HTTP Request: GET https://www.okx.com/api/v5/market/candles?instId=TEST3103-USDT-SWAP&bar=5m&limit=89 "HTTP/2 200 OK"
2026-03-22 11:28:12,742 | INFO | HTTP Request: GET https://www.okx.com/api/v5/trade/orders-algo-pending?ordType=twap&instType=SWAP&instId=SOL-USDT-SWAP "HTTP/2 200 OK"
2026-03-22 11:28:12,999 | INFO | HTTP Request: GET https://www.okx.com/api/v5/trade/orders-algo-pending?ordType=chase&instType=SWAP&instId=SOL-USDT-SWAP "HTTP/2 200 OK"
2026-03-22 11:28:13,184 | INFO | HTTP Request: GET https://www.okx.com/api/v5/market/ticker?instId=TEST3110-USDT-SWAP "HTTP/2 200 OK"
2026-03-22 11:28:13,587 | INFO | HTTP Request: GET https://www.okx.com/api/v5/market/candles?instId=TEST3110-USDT-SWAP&bar=5m&limit=89 "HTTP/2 200 OK"
2026-03-22 11:28:13,642 | INFO | HTTP Request: GET https://www.okx.com/api/v5/trade/orders-algo-pending?ordType=conditional&instType=SWAP&instId=SOL-USDT-SWAP "HTTP/2 200 OK"
2026-03-22 11:28:13,883 | INFO | HTTP Request: GET https://www.okx.com/api/v5/trade/orders-algo-pending?ordType=oco&instType=SWAP&instId=SOL-USDT-SWAP "HTTP/2 200 OK"
2026-03-22 11:28:14,124 | INFO | HTTP Request: GET https://www.okx.com/api/v5/trade/orders-algo-pending?ordType=trigger&instType=SWAP&instId=SOL-USDT-SWAP "HTTP/2 200 OK"
2026-03-22 11:28:14,128 | INFO | HTTP Request: GET https://www.okx.com/api/v5/market/ticker?instId=THETA-USDT-SWAP "HTTP/2 200 OK"
2026-03-22 11:28:14,366 | INFO | HTTP Request: GET https://www.okx.com/api/v5/trade/orders-algo-pending?ordType=move_order_stop&instType=SWAP&instId=SOL-USDT-SWAP "HTTP/2 200 OK"
2026-03-22 11:28:14,471 | INFO | HTTP Request: GET https://www.okx.com/api/v5/market/candles?instId=ETHFI-USDT-SWAP&bar=5m&limit=61 "HTTP/2 200 OK"
2026-03-22 11:28:14,499 | INFO | HTTP Request: GET https://www.okx.com/api/v5/market/candles?instId=THETA-USDT-SWAP&bar=5m&limit=89 "HTTP/2 200 OK"
2026-03-22 11:28:14,607 | INFO | HTTP Request: GET https://www.okx.com/api/v5/trade/orders-algo-pending?ordType=iceberg&instType=SWAP&instId=SOL-USDT-SWAP "HTTP/2 200 OK"
2026-03-22 11:28:14,849 | INFO | HTTP Request: GET https://www.okx.com/api/v5/trade/orders-algo-pending?ordType=twap&instType=SWAP&instId=SOL-USDT-SWAP "HTTP/2 200 OK"
2026-03-22 11:28:14,987 | INFO | HTTP Request: GET https://www.okx.com/api/v5/market/ticker?instId=TON-USDT-SWAP "HTTP/2 200 OK"
2026-03-22 11:28:15,101 | INFO | HTTP Request: GET https://www.okx.com/api/v5/trade/orders-algo-pending?ordType=chase&instType=SWAP&instId=SOL-USDT-SWAP "HTTP/2 200 OK"
2026-03-22 11:28:15,368 | INFO | HTTP Request: GET https://www.okx.com/api/v5/market/candles?instId=TON-USDT-SWAP&bar=5m&limit=89 "HTTP/2 200 OK"
2026-03-22 11:28:15,745 | INFO | HTTP Request: GET https://www.okx.com/api/v5/trade/orders-algo-pending?ordType=conditional&instType=SWAP&instId=SOL-USDT-SWAP "HTTP/2 200 OK"
2026-03-22 11:28:15,907 | INFO | HTTP Request: GET https://www.okx.com/api/v5/market/ticker?instId=TRIA-USDT-SWAP "HTTP/2 200 OK"
2026-03-22 11:28:15,986 | INFO | HTTP Request: GET https://www.okx.com/api/v5/trade/orders-algo-pending?ordType=oco&instType=SWAP&instId=SOL-USDT-SWAP "HTTP/2 200 OK"
2026-03-22 11:28:16,225 | INFO | HTTP Request: GET https://www.okx.com/api/v5/trade/orders-algo-pending?ordType=trigger&instType=SWAP&instId=SOL-USDT-SWAP "HTTP/2 200 OK"
2026-03-22 11:28:16,285 | INFO | HTTP Request: GET https://www.okx.com/api/v5/market/candles?instId=BTC-USDT-SWAP&bar=5m&limit=64 "HTTP/2 200 OK"
2026-03-22 11:28:16,332 | INFO | HTTP Request: GET https://www.okx.com/api/v5/market/candles?instId=TRIA-USDT-SWAP&bar=5m&limit=89 "HTTP/2 200 OK"
2026-03-22 11:28:16,469 | INFO | HTTP Request: GET https://www.okx.com/api/v5/trade/orders-algo-pending?ordType=move_order_stop&instType=SWAP&instId=SOL-USDT-SWAP "HTTP/2 200 OK"
2026-03-22 11:28:16,713 | INFO | HTTP Request: GET https://www.okx.com/api/v5/trade/orders-algo-pending?ordType=iceberg&instType=SWAP&instId=SOL-USDT-SWAP "HTTP/2 200 OK"
2026-03-22 11:28:16,824 | INFO | HTTP Request: GET https://www.okx.com/api/v5/market/ticker?instId=TRX-USDT-SWAP "HTTP/2 200 OK"
2026-03-22 11:28:16,955 | INFO | HTTP Request: GET https://www.okx.com/api/v5/trade/orders-algo-pending?ordType=twap&instType=SWAP&instId=SOL-USDT-SWAP "HTTP/2 200 OK"
2026-03-22 11:28:17,192 | INFO | HTTP Request: GET https://www.okx.com/api/v5/trade/orders-algo-pending?ordType=chase&instType=SWAP&instId=SOL-USDT-SWAP "HTTP/2 200 OK"
2026-03-22 11:28:17,194 | INFO | HTTP Request: GET https://www.okx.com/api/v5/market/candles?instId=TRX-USDT-SWAP&bar=5m&limit=89 "HTTP/2 200 OK"
2026-03-22 11:28:17,556 | INFO | HTTP Request: GET https://www.okx.com/api/v5/account/balance "HTTP/2 200 OK"
2026-03-22 11:28:17,694 | INFO | HTTP Request: GET https://www.okx.com/api/v5/market/ticker?instId=TSLA-USDT-SWAP "HTTP/2 200 OK"
2026-03-22 11:28:17,848 | INFO | HTTP Request: POST https://www.okx.com/api/v5/trade/cancel-algos "HTTP/2 200 OK"
2026-03-22 11:28:18,075 | INFO | HTTP Request: GET https://www.okx.com/api/v5/market/candles?instId=TSLA-USDT-SWAP&bar=5m&limit=89 "HTTP/2 200 OK"
2026-03-22 11:28:18,089 | INFO | HTTP Request: GET https://www.okx.com/api/v5/trade/orders-algo-pending?ordType=conditional&instType=SWAP&instId=SOL-USDT-SWAP "HTTP/2 200 OK"
2026-03-22 11:28:18,328 | INFO | HTTP Request: GET https://www.okx.com/api/v5/trade/orders-algo-pending?ordType=oco&instType=SWAP&instId=SOL-USDT-SWAP "HTTP/2 200 OK"
2026-03-22 11:28:18,567 | INFO | HTTP Request: GET https://www.okx.com/api/v5/trade/orders-algo-pending?ordType=trigger&instType=SWAP&instId=SOL-USDT-SWAP "HTTP/2 200 OK"
2026-03-22 11:28:18,569 | INFO | HTTP Request: GET https://www.okx.com/api/v5/market/ticker?instId=XAG-USDT-SWAP "HTTP/2 200 OK"
2026-03-22 11:28:18,810 | INFO | HTTP Request: GET https://www.okx.com/api/v5/trade/orders-algo-pending?ordType=move_order_stop&instType=SWAP&instId=SOL-USDT-SWAP "HTTP/2 200 OK"
2026-03-22 11:28:19,015 | INFO | HTTP Request: GET https://www.okx.com/api/v5/market/candles?instId=XAG-USDT-SWAP&bar=5m&limit=89 "HTTP/2 200 OK"
2026-03-22 11:28:19,053 | INFO | HTTP Request: GET https://www.okx.com/api/v5/trade/orders-algo-pending?ordType=iceberg&instType=SWAP&instId=SOL-USDT-SWAP "HTTP/2 200 OK"
2026-03-22 11:28:19,297 | INFO | HTTP Request: GET https://www.okx.com/api/v5/trade/orders-algo-pending?ordType=twap&instType=SWAP&instId=SOL-USDT-SWAP "HTTP/2 200 OK"
2026-03-22 11:28:19,497 | INFO | HTTP Request: GET https://www.okx.com/api/v5/market/ticker?instId=XAU-USDT-SWAP "HTTP/2 200 OK"
2026-03-22 11:28:19,547 | INFO | HTTP Request: GET https://www.okx.com/api/v5/trade/orders-algo-pending?ordType=chase&instType=SWAP&instId=SOL-USDT-SWAP "HTTP/2 200 OK"
2026-03-22 11:28:19,792 | INFO | HTTP Request: GET https://www.okx.com/api/v5/trade/orders-algo-pending?ordType=conditional&instType=SWAP&instId=SOL-USDT-SWAP "HTTP/2 200 OK"
2026-03-22 11:28:19,874 | INFO | HTTP Request: GET https://www.okx.com/api/v5/market/candles?instId=XAU-USDT-SWAP&bar=5m&limit=89 "HTTP/2 200 OK"
2026-03-22 11:28:20,033 | INFO | HTTP Request: GET https://www.okx.com/api/v5/trade/orders-algo-pending?ordType=oco&instType=SWAP&instId=SOL-USDT-SWAP "HTTP/2 200 OK"
2026-03-22 11:28:20,277 | INFO | HTTP Request: GET https://www.okx.com/api/v5/trade/orders-algo-pending?ordType=trigger&instType=SWAP&instId=SOL-USDT-SWAP "HTTP/2 200 OK"
2026-03-22 11:28:20,393 | INFO | HTTP Request: GET https://www.okx.com/api/v5/market/ticker?instId=XLM-USDT-SWAP "HTTP/2 200 OK"
2026-03-22 11:28:20,521 | INFO | HTTP Request: GET https://www.okx.com/api/v5/trade/orders-algo-pending?ordType=move_order_stop&instType=SWAP&instId=SOL-USDT-SWAP "HTTP/2 200 OK"
2026-03-22 11:28:20,760 | INFO | HTTP Request: GET https://www.okx.com/api/v5/market/candles?instId=XLM-USDT-SWAP&bar=5m&limit=89 "HTTP/2 200 OK"
2026-03-22 11:28:20,765 | INFO | HTTP Request: GET https://www.okx.com/api/v5/trade/orders-algo-pending?ordType=iceberg&instType=SWAP&instId=SOL-USDT-SWAP "HTTP/2 200 OK"
2026-03-22 11:28:21,009 | INFO | HTTP Request: GET https://www.okx.com/api/v5/trade/orders-algo-pending?ordType=twap&instType=SWAP&instId=SOL-USDT-SWAP "HTTP/2 200 OK"
2026-03-22 11:28:21,251 | INFO | HTTP Request: GET https://www.okx.com/api/v5/trade/orders-algo-pending?ordType=chase&instType=SWAP&instId=SOL-USDT-SWAP "HTTP/2 200 OK"
2026-03-22 11:28:21,255 | INFO | Placing exchange stop SOL-USDT-SWAP short payload={'instId': 'SOL-USDT-SWAP', 'tdMode': 'isolated', 'side': 'buy', 'posSide': 'net', 'ordType': 'conditional', 'reduceOnly': 'true', 'closeFraction': '1', 'slTriggerPx': '88.714302281369', 'slTriggerPxType': 'mark', 'slOrdPx': '-1'}
2026-03-22 11:28:21,278 | INFO | HTTP Request: GET https://www.okx.com/api/v5/market/ticker?instId=XPL-USDT-SWAP "HTTP/2 200 OK"
2026-03-22 11:28:21,498 | INFO | HTTP Request: POST https://www.okx.com/api/v5/trade/order-algo "HTTP/2 200 OK"
2026-03-22 11:28:21,661 | INFO | HTTP Request: GET https://www.okx.com/api/v5/market/candles?instId=XPL-USDT-SWAP&bar=5m&limit=89 "HTTP/2 200 OK"
2026-03-22 11:28:21,742 | INFO | HTTP Request: GET https://www.okx.com/api/v5/trade/orders-algo-pending?ordType=conditional&instType=SWAP&instId=SOL-USDT-SWAP "HTTP/2 200 OK"
2026-03-22 11:28:21,980 | INFO | HTTP Request: GET https://www.okx.com/api/v5/trade/orders-algo-pending?ordType=oco&instType=SWAP&instId=SOL-USDT-SWAP "HTTP/2 200 OK"
2026-03-22 11:28:22,202 | INFO | HTTP Request: GET https://www.okx.com/api/v5/market/ticker?instId=XRP-USDT-SWAP "HTTP/2 200 OK"
2026-03-22 11:28:22,223 | INFO | HTTP Request: GET https://www.okx.com/api/v5/trade/orders-algo-pending?ordType=trigger&instType=SWAP&instId=SOL-USDT-SWAP "HTTP/2 200 OK"
2026-03-22 11:28:22,465 | INFO | HTTP Request: GET https://www.okx.com/api/v5/trade/orders-algo-pending?ordType=move_order_stop&instType=SWAP&instId=SOL-USDT-SWAP "HTTP/2 200 OK"
2026-03-22 11:28:22,538 | INFO | HTTP Request: GET https://www.okx.com/api/v5/market/candles?instId=BTC-USDT-SWAP&bar=5m&limit=64 "HTTP/2 200 OK"
2026-03-22 11:28:22,586 | INFO | HTTP Request: GET https://www.okx.com/api/v5/market/candles?instId=XRP-USDT-SWAP&bar=5m&limit=89 "HTTP/2 200 OK"
2026-03-22 11:28:22,703 | INFO | HTTP Request: GET https://www.okx.com/api/v5/trade/orders-algo-pending?ordType=iceberg&instType=SWAP&instId=SOL-USDT-SWAP "HTTP/2 200 OK"
2026-03-22 11:28:22,942 | INFO | HTTP Request: GET https://www.okx.com/api/v5/trade/orders-algo-pending?ordType=twap&instType=SWAP&instId=SOL-USDT-SWAP "HTTP/2 200 OK"
2026-03-22 11:28:23,065 | INFO | HTTP Request: GET https://www.okx.com/api/v5/account/balance "HTTP/2 200 OK"
2026-03-22 11:28:23,075 | INFO | HTTP Request: GET https://www.okx.com/api/v5/market/ticker?instId=XSR-USDT-SWAP "HTTP/2 200 OK"
2026-03-22 11:28:23,186 | INFO | HTTP Request: GET https://www.okx.com/api/v5/trade/orders-algo-pending?ordType=chase&instType=SWAP&instId=SOL-USDT-SWAP "HTTP/2 200 OK"
2026-03-22 11:28:23,421 | INFO | HTTP Request: GET https://www.okx.com/api/v5/trade/orders-algo-pending?ordType=conditional&instType=SWAP&instId=SOL-USDT-SWAP "HTTP/2 200 OK"
2026-03-22 11:28:23,476 | INFO | HTTP Request: GET https://www.okx.com/api/v5/market/candles?instId=XSR-USDT-SWAP&bar=5m&limit=89 "HTTP/2 200 OK"
2026-03-22 11:28:23,662 | INFO | HTTP Request: GET https://www.okx.com/api/v5/trade/orders-algo-pending?ordType=oco&instType=SWAP&instId=SOL-USDT-SWAP "HTTP/2 200 OK"
2026-03-22 11:28:23,925 | INFO | HTTP Request: GET https://www.okx.com/api/v5/trade/orders-algo-pending?ordType=trigger&instType=SWAP&instId=SOL-USDT-SWAP "HTTP/2 200 OK"
2026-03-22 11:28:24,017 | INFO | HTTP Request: GET https://www.okx.com/api/v5/market/ticker?instId=XTZ-USDT-SWAP "HTTP/2 200 OK"
2026-03-22 11:28:24,170 | INFO | HTTP Request: GET https://www.okx.com/api/v5/trade/orders-algo-pending?ordType=move_order_stop&instType=SWAP&instId=SOL-USDT-SWAP "HTTP/2 200 OK"
2026-03-22 11:28:24,398 | INFO | HTTP Request: GET https://www.okx.com/api/v5/market/candles?instId=XTZ-USDT-SWAP&bar=5m&limit=89 "HTTP/2 200 OK"
2026-03-22 11:28:24,418 | INFO | HTTP Request: GET https://www.okx.com/api/v5/trade/orders-algo-pending?ordType=iceberg&instType=SWAP&instId=SOL-USDT-SWAP "HTTP/2 200 OK"
2026-03-22 11:28:24,664 | INFO | HTTP Request: GET https://www.okx.com/api/v5/trade/orders-algo-pending?ordType=twap&instType=SWAP&instId=SOL-USDT-SWAP "HTTP/2 200 OK"
2026-03-22 11:28:24,909 | INFO | HTTP Request: GET https://www.okx.com/api/v5/market/ticker?instId=YB-USDT-SWAP "HTTP/2 200 OK"
2026-03-22 11:28:24,991 | INFO | HTTP Request: GET https://www.okx.com/api/v5/trade/orders-algo-pending?ordType=chase&instType=SWAP&instId=SOL-USDT-SWAP "HTTP/2 200 OK"
2026-03-22 11:28:25,283 | INFO | HTTP Request: GET https://www.okx.com/api/v5/market/candles?instId=YB-USDT-SWAP&bar=5m&limit=89 "HTTP/2 200 OK"
2026-03-22 11:28:25,386 | INFO | HTTP Request: GET https://www.okx.com/api/v5/market/candles?instId=AAVE-USDT-SWAP&bar=5m&limit=26 "HTTP/2 200 OK"
2026-03-22 11:28:25,820 | INFO | HTTP Request: GET https://www.okx.com/api/v5/market/ticker?instId=AAVE-USDT-SWAP "HTTP/2 200 OK"
2026-03-22 11:28:25,830 | INFO | HTTP Request: GET https://www.okx.com/api/v5/market/ticker?instId=YFI-USDT-SWAP "HTTP/2 200 OK"
2026-03-22 11:28:26,277 | INFO | HTTP Request: GET https://www.okx.com/api/v5/public/instruments?instType=SWAP "HTTP/2 200 OK"
2026-03-22 11:28:26,657 | INFO | HTTP Request: GET https://www.okx.com/api/v5/account/balance "HTTP/2 200 OK"
2026-03-22 11:28:26,824 | INFO | HTTP Request: GET https://www.okx.com/api/v5/market/ticker?instId=MAGIC-USDT-SWAP "HTTP/2 200 OK"
2026-03-22 11:28:26,921 | INFO | HTTP Request: GET https://www.okx.com/api/v5/trade/orders-pending?instType=SWAP&instId=1INCH-USDT-SWAP "HTTP/2 200 OK"
2026-03-22 11:28:27,208 | INFO | HTTP Request: GET https://www.okx.com/api/v5/market/candles?instId=MAGIC-USDT-SWAP&bar=5m&limit=89 "HTTP/2 200 OK"
2026-03-22 11:28:27,304 | INFO | HTTP Request: GET https://www.okx.com/api/v5/market/ticker?instId=1INCH-USDT-SWAP "HTTP/2 200 OK"
2026-03-22 11:28:27,724 | INFO | HTTP Request: GET https://www.okx.com/api/v5/market/ticker?instId=ICP-USDT-SWAP "HTTP/2 200 OK"
2026-03-22 11:28:28,135 | INFO | HTTP Request: GET https://www.okx.com/api/v5/market/candles?instId=ICP-USDT-SWAP&bar=5m&limit=89 "HTTP/2 200 OK"
2026-03-22 11:28:28,470 | INFO | HTTP Request: GET https://www.okx.com/api/v5/account/balance "HTTP/2 200 OK"
2026-03-22 11:28:28,657 | INFO | HTTP Request: GET https://www.okx.com/api/v5/market/ticker?instId=SUI-USDT-SWAP "HTTP/2 200 OK"
2026-03-22 11:28:28,778 | INFO | HTTP Request: GET https://www.okx.com/api/v5/market/candles?instId=BTC-USDT-SWAP&bar=5m&limit=64 "HTTP/2 200 OK"
2026-03-22 11:28:29,106 | INFO | HTTP Request: GET https://www.okx.com/api/v5/market/candles?instId=SUI-USDT-SWAP&bar=5m&limit=89 "HTTP/2 200 OK"
2026-03-22 11:28:29,587 | INFO | HTTP Request: GET https://www.okx.com/api/v5/market/ticker?instId=ETHFI-USDT-SWAP "HTTP/2 200 OK"
2026-03-22 11:28:29,994 | INFO | HTTP Request: GET https://www.okx.com/api/v5/market/candles?instId=ETHFI-USDT-SWAP&bar=5m&limit=89 "HTTP/2 200 OK"
2026-03-22 11:28:30,532 | INFO | HTTP Request: GET https://www.okx.com/api/v5/market/ticker?instId=SOL-USDT-SWAP "HTTP/2 200 OK"
2026-03-22 11:28:30,897 | INFO | HTTP Request: GET https://www.okx.com/api/v5/market/candles?instId=SOL-USDT-SWAP&bar=5m&limit=89 "HTTP/2 200 OK"
2026-03-22 11:28:31,256 | INFO | HTTP Request: GET https://www.okx.com/api/v5/public/instruments?instType=SWAP "HTTP/2 200 OK"
2026-03-22 11:28:31,550 | INFO | HTTP Request: GET https://www.okx.com/api/v5/market/ticker?instId=1INCH-USDT-SWAP "HTTP/2 200 OK"
2026-03-22 11:28:31,636 | INFO | HTTP Request: GET https://www.okx.com/api/v5/account/balance "HTTP/2 200 OK"
2026-03-22 11:28:31,959 | INFO | HTTP Request: GET https://www.okx.com/api/v5/market/candles?instId=1INCH-USDT-SWAP&bar=5m&limit=89 "HTTP/2 200 OK"
2026-03-22 11:28:32,088 | INFO | HTTP Request: GET https://www.okx.com/api/v5/trade/orders-pending?instType=SWAP&instId=1INCH-USDT-SWAP "HTTP/2 200 OK"
2026-03-22 11:28:32,465 | INFO | HTTP Request: GET https://www.okx.com/api/v5/market/ticker?instId=2Z-USDT-SWAP "HTTP/2 200 OK"
2026-03-22 11:28:32,471 | INFO | HTTP Request: GET https://www.okx.com/api/v5/market/ticker?instId=1INCH-USDT-SWAP "HTTP/2 200 OK"
2026-03-22 11:28:32,874 | INFO | HTTP Request: GET https://www.okx.com/api/v5/account/positions?instType=SWAP "HTTP/2 200 OK"
2026-03-22 11:28:32,887 | INFO | HTTP Request: GET https://www.okx.com/api/v5/market/candles?instId=2Z-USDT-SWAP&bar=5m&limit=89 "HTTP/2 200 OK"
2026-03-22 11:28:33,335 | INFO | HTTP Request: GET https://www.okx.com/api/v5/market/candles?instId=ALGO-USDT-SWAP&bar=15m&limit=121 "HTTP/2 200 OK"
2026-03-22 11:28:33,410 | INFO | HTTP Request: GET https://www.okx.com/api/v5/market/ticker?instId=A-USDT-SWAP "HTTP/2 200 OK"
2026-03-22 11:28:33,708 | INFO | HTTP Request: GET https://www.okx.com/api/v5/market/candles?instId=ALGO-USDT-SWAP&bar=5m&limit=97 "HTTP/2 200 OK"
2026-03-22 11:28:33,808 | INFO | HTTP Request: GET https://www.okx.com/api/v5/market/candles?instId=A-USDT-SWAP&bar=5m&limit=89 "HTTP/2 200 OK"
2026-03-22 11:28:33,864 | INFO | HTTP Request: GET https://www.okx.com/api/v5/account/balance "HTTP/2 200 OK"
2026-03-22 11:28:34,134 | INFO | HTTP Request: GET https://www.okx.com/api/v5/market/history-trades?instId=ALGO-USDT-SWAP&limit=100 "HTTP/2 200 OK"
2026-03-22 11:28:34,344 | INFO | HTTP Request: GET https://www.okx.com/api/v5/market/ticker?instId=ACT-USDT-SWAP "HTTP/2 200 OK"
2026-03-22 11:28:34,583 | INFO | HTTP Request: GET https://www.okx.com/api/v5/market/books?instId=ALGO-USDT-SWAP&sz=5 "HTTP/2 200 OK"
2026-03-22 11:28:34,744 | INFO | HTTP Request: GET https://www.okx.com/api/v5/market/candles?instId=ACT-USDT-SWAP&bar=5m&limit=89 "HTTP/2 200 OK"
2026-03-22 11:28:35,042 | INFO | HTTP Request: GET https://www.okx.com/api/v5/market/candles?instId=BTC-USDT-SWAP&bar=5m&limit=64 "HTTP/2 200 OK"
2026-03-22 11:28:35,191 | INFO | HTTP Request: GET https://www.okx.com/api/v5/market/books?instId=ALGO-USDT-SWAP&sz=5 "HTTP/2 200 OK"
2026-03-22 11:28:35,283 | INFO | HTTP Request: GET https://www.okx.com/api/v5/market/ticker?instId=ADA-USDT-SWAP "HTTP/2 200 OK"
2026-03-22 11:28:35,682 | INFO | HTTP Request: GET https://www.okx.com/api/v5/market/candles?instId=ADA-USDT-SWAP&bar=5m&limit=89 "HTTP/2 200 OK"
2026-03-22 11:28:35,783 | INFO | HTTP Request: GET https://www.okx.com/api/v5/market/books?instId=ALGO-USDT-SWAP&sz=5 "HTTP/2 200 OK"
2026-03-22 11:28:36,193 | INFO | HTTP Request: GET https://www.okx.com/api/v5/market/ticker?instId=AI16Z-USDT-SWAP "HTTP/2 200 OK"
2026-03-22 11:28:36,393 | INFO | HTTP Request: GET https://www.okx.com/api/v5/market/books?instId=ALGO-USDT-SWAP&sz=5 "HTTP/2 200 OK"
2026-03-22 11:28:36,578 | INFO | HTTP Request: GET https://www.okx.com/api/v5/market/candles?instId=AI16Z-USDT-SWAP&bar=5m&limit=89 "HTTP/2 200 OK"
2026-03-22 11:28:36,808 | INFO | HTTP Request: GET https://www.okx.com/api/v5/market/candles?instId=ARB-USDT-SWAP&bar=15m&limit=121 "HTTP/2 200 OK"
2026-03-22 11:28:37,107 | INFO | HTTP Request: GET https://www.okx.com/api/v5/market/ticker?instId=AKITA-USDT-SWAP "HTTP/2 200 OK"
2026-03-22 11:28:37,222 | INFO | HTTP Request: GET https://www.okx.com/api/v5/market/candles?instId=ARB-USDT-SWAP&bar=5m&limit=97 "HTTP/2 200 OK"
2026-03-22 11:28:37,490 | INFO | HTTP Request: GET https://www.okx.com/api/v5/market/candles?instId=AKITA-USDT-SWAP&bar=5m&limit=89 "HTTP/2 200 OK"
2026-03-22 11:28:37,607 | INFO | HTTP Request: GET https://www.okx.com/api/v5/market/history-trades?instId=ARB-USDT-SWAP&limit=100 "HTTP/2 200 OK"
2026-03-22 11:28:38,025 | INFO | HTTP Request: GET https://www.okx.com/api/v5/market/ticker?instId=ALGO-USDT-SWAP "HTTP/2 200 OK"
2026-03-22 11:28:38,025 | INFO | HTTP Request: GET https://www.okx.com/api/v5/market/books?instId=ARB-USDT-SWAP&sz=5 "HTTP/2 200 OK"
2026-03-22 11:28:38,549 | INFO | HTTP Request: GET https://www.okx.com/api/v5/market/ticker?instId=ARB-USDT-SWAP "HTTP/2 200 OK"
2026-03-22 11:28:38,672 | INFO | HTTP Request: GET https://www.okx.com/api/v5/market/books?instId=ARB-USDT-SWAP&sz=5 "HTTP/2 200 OK"
2026-03-22 11:28:39,046 | INFO | HTTP Request: GET https://www.okx.com/api/v5/market/ticker?instId=ASP-USDT-SWAP "HTTP/2 200 OK"
2026-03-22 11:28:39,180 | INFO | HTTP Request: GET https://www.okx.com/api/v5/account/balance "HTTP/2 200 OK"
2026-03-22 11:28:39,265 | INFO | HTTP Request: GET https://www.okx.com/api/v5/market/books?instId=ARB-USDT-SWAP&sz=5 "HTTP/2 200 OK"
2026-03-22 11:28:39,455 | INFO | HTTP Request: GET https://www.okx.com/api/v5/market/candles?instId=ASP-USDT-SWAP&bar=5m&limit=89 "HTTP/2 200 OK"
2026-03-22 11:28:39,869 | INFO | HTTP Request: GET https://www.okx.com/api/v5/market/books?instId=ARB-USDT-SWAP&sz=5 "HTTP/2 200 OK"
2026-03-22 11:28:39,989 | INFO | HTTP Request: GET https://www.okx.com/api/v5/market/ticker?instId=ASTER-USDT-SWAP "HTTP/2 200 OK"
2026-03-22 11:28:40,290 | INFO | HTTP Request: GET https://www.okx.com/api/v5/market/candles?instId=ASP-USDT-SWAP&bar=15m&limit=121 "HTTP/2 200 OK"
2026-03-22 11:28:40,390 | INFO | HTTP Request: GET https://www.okx.com/api/v5/market/candles?instId=ASTER-USDT-SWAP&bar=5m&limit=89 "HTTP/2 200 OK"
2026-03-22 11:28:40,687 | INFO | HTTP Request: GET https://www.okx.com/api/v5/market/candles?instId=ASP-USDT-SWAP&bar=5m&limit=97 "HTTP/2 200 OK"
2026-03-22 11:28:40,906 | INFO | HTTP Request: GET https://www.okx.com/api/v5/market/ticker?instId=ATOM-USDT-SWAP "HTTP/2 200 OK"
2026-03-22 11:28:41,103 | INFO | HTTP Request: GET https://www.okx.com/api/v5/market/history-trades?instId=ASP-USDT-SWAP&limit=100 "HTTP/2 200 OK"
2026-03-22 11:28:41,285 | INFO | HTTP Request: GET https://www.okx.com/api/v5/market/candles?instId=ATOM-USDT-SWAP&bar=5m&limit=89 "HTTP/2 200 OK"
2026-03-22 11:28:41,289 | INFO | HTTP Request: GET https://www.okx.com/api/v5/market/candles?instId=BTC-USDT-SWAP&bar=5m&limit=64 "HTTP/2 200 OK"
2026-03-22 11:28:41,534 | INFO | HTTP Request: GET https://www.okx.com/api/v5/market/books?instId=ASP-USDT-SWAP&sz=5 "HTTP/2 200 OK"
2026-03-22 11:28:41,820 | INFO | HTTP Request: GET https://www.okx.com/api/v5/market/ticker?instId=AUCTION-USDT-SWAP "HTTP/2 200 OK"
2026-03-22 11:28:42,144 | INFO | HTTP Request: GET https://www.okx.com/api/v5/market/books?instId=ASP-USDT-SWAP&sz=5 "HTTP/2 200 OK"
2026-03-22 11:28:42,234 | INFO | HTTP Request: GET https://www.okx.com/api/v5/market/candles?instId=AUCTION-USDT-SWAP&bar=5m&limit=89 "HTTP/2 200 OK"
2026-03-22 11:28:42,749 | INFO | HTTP Request: GET https://www.okx.com/api/v5/market/ticker?instId=AVAX-USDT-SWAP "HTTP/2 200 OK"
2026-03-22 11:28:42,782 | INFO | HTTP Request: GET https://www.okx.com/api/v5/market/books?instId=ASP-USDT-SWAP&sz=5 "HTTP/2 200 OK"
2026-03-22 11:28:43,124 | INFO | HTTP Request: GET https://www.okx.com/api/v5/market/candles?instId=AVAX-USDT-SWAP&bar=5m&limit=89 "HTTP/2 200 OK"
2026-03-22 11:28:43,392 | INFO | HTTP Request: GET https://www.okx.com/api/v5/market/books?instId=ASP-USDT-SWAP&sz=5 "HTTP/2 200 OK"
2026-03-22 11:28:43,621 | INFO | HTTP Request: GET https://www.okx.com/api/v5/market/ticker?instId=AXS-USDT-SWAP "HTTP/2 200 OK"
2026-03-22 11:28:43,861 | INFO | HTTP Request: GET https://www.okx.com/api/v5/market/candles?instId=ASTER-USDT-SWAP&bar=15m&limit=121 "HTTP/2 200 OK"
2026-03-22 11:28:44,018 | INFO | HTTP Request: GET https://www.okx.com/api/v5/market/candles?instId=AXS-USDT-SWAP&bar=5m&limit=89 "HTTP/2 200 OK"
2026-03-22 11:28:44,240 | INFO | HTTP Request: GET https://www.okx.com/api/v5/market/candles?instId=ASTER-USDT-SWAP&bar=5m&limit=97 "HTTP/2 200 OK"
2026-03-22 11:28:44,570 | INFO | HTTP Request: GET https://www.okx.com/api/v5/market/ticker?instId=BAND-USDT-SWAP "HTTP/2 200 OK"
2026-03-22 11:28:44,605 | INFO | HTTP Request: GET https://www.okx.com/api/v5/account/balance "HTTP/2 200 OK"
2026-03-22 11:28:44,645 | INFO | HTTP Request: GET https://www.okx.com/api/v5/market/history-trades?instId=ASTER-USDT-SWAP&limit=100 "HTTP/2 200 OK"
2026-03-22 11:28:44,958 | INFO | HTTP Request: GET https://www.okx.com/api/v5/market/candles?instId=BAND-USDT-SWAP&bar=5m&limit=89 "HTTP/2 200 OK"
2026-03-22 11:28:45,020 | INFO | HTTP Request: GET https://www.okx.com/api/v5/market/books?instId=ASTER-USDT-SWAP&sz=5 "HTTP/2 200 OK"
2026-03-22 11:28:45,451 | INFO | HTTP Request: GET https://www.okx.com/api/v5/market/ticker?instId=BCH-USDT-SWAP "HTTP/2 200 OK"
2026-03-22 11:28:45,676 | INFO | HTTP Request: GET https://www.okx.com/api/v5/market/books?instId=ASTER-USDT-SWAP&sz=5 "HTTP/2 200 OK"
2026-03-22 11:28:45,836 | INFO | HTTP Request: GET https://www.okx.com/api/v5/market/candles?instId=BCH-USDT-SWAP&bar=5m&limit=89 "HTTP/2 200 OK"
2026-03-22 11:28:46,273 | INFO | HTTP Request: GET https://www.okx.com/api/v5/market/books?instId=ASTER-USDT-SWAP&sz=5 "HTTP/2 200 OK"
2026-03-22 11:28:46,380 | INFO | HTTP Request: GET https://www.okx.com/api/v5/market/ticker?instId=BIO-USDT-SWAP "HTTP/2 200 OK"
2026-03-22 11:28:46,775 | INFO | HTTP Request: GET https://www.okx.com/api/v5/market/candles?instId=BIO-USDT-SWAP&bar=5m&limit=89 "HTTP/2 200 OK"
2026-03-22 11:28:46,879 | INFO | HTTP Request: GET https://www.okx.com/api/v5/market/books?instId=ASTER-USDT-SWAP&sz=5 "HTTP/2 200 OK"
2026-03-22 11:28:47,286 | INFO | HTTP Request: GET https://www.okx.com/api/v5/market/candles?instId=1INCH-USDT-SWAP&bar=5m&limit=71 "HTTP/2 200 OK"
2026-03-22 11:28:47,528 | INFO | HTTP Request: GET https://www.okx.com/api/v5/market/candles?instId=BTC-USDT-SWAP&bar=5m&limit=64 "HTTP/2 200 OK"
2026-03-22 11:28:47,528 | INFO | HTTP Request: GET https://www.okx.com/api/v5/market/ticker?instId=BLUAI-USDT-SWAP "HTTP/2 200 OK"
2026-03-22 11:28:47,687 | INFO | HTTP Request: GET https://www.okx.com/api/v5/market/candles?instId=2Z-USDT-SWAP&bar=5m&limit=71 "HTTP/2 200 OK"
2026-03-22 11:28:47,900 | INFO | HTTP Request: GET https://www.okx.com/api/v5/market/candles?instId=BLUAI-USDT-SWAP&bar=5m&limit=89 "HTTP/2 200 OK"
2026-03-22 11:28:48,068 | INFO | HTTP Request: GET https://www.okx.com/api/v5/market/ticker?instId=2Z-USDT-SWAP "HTTP/2 200 OK"
2026-03-22 11:28:48,110 | INFO | 2Z-USDT-SWAP: Turtle 20 short-сигнал отклонён (закрытие не удержалось ниже канала)
2026-03-22 11:28:48,400 | INFO | HTTP Request: GET https://www.okx.com/api/v5/market/ticker?instId=BNB-USDT-SWAP "HTTP/2 200 OK"
2026-03-22 11:28:48,480 | INFO | HTTP Request: GET https://www.okx.com/api/v5/market/candles?instId=ACT-USDT-SWAP&bar=5m&limit=71 "HTTP/2 200 OK"
2026-03-22 11:28:48,814 | INFO | HTTP Request: GET https://www.okx.com/api/v5/market/candles?instId=BNB-USDT-SWAP&bar=5m&limit=89 "HTTP/2 200 OK"
2026-03-22 11:28:48,904 | INFO | HTTP Request: GET https://www.okx.com/api/v5/market/candles?instId=ALGO-USDT-SWAP&bar=5m&limit=71 "HTTP/2 200 OK"
2026-03-22 11:28:49,300 | INFO | HTTP Request: GET https://www.okx.com/api/v5/market/ticker?instId=ALGO-USDT-SWAP "HTTP/2 200 OK"
2026-03-22 11:28:49,322 | INFO | HTTP Request: GET https://www.okx.com/api/v5/market/ticker?instId=BOME-USDT-SWAP "HTTP/2 200 OK"
2026-03-22 11:28:49,345 | INFO | ALGO-USDT-SWAP: Turtle 55 short-сигнал отклонён (закрытие не удержалось ниже канала)
2026-03-22 11:28:49,356 | INFO | ALGO-USDT-SWAP: Turtle 20 short-сигнал отклонён (закрытие не удержалось ниже канала)
2026-03-22 11:28:49,727 | INFO | HTTP Request: GET https://www.okx.com/api/v5/market/candles?instId=BOME-USDT-SWAP&bar=5m&limit=89 "HTTP/2 200 OK"
2026-03-22 11:28:49,740 | INFO | HTTP Request: GET https://www.okx.com/api/v5/market/candles?instId=ARB-USDT-SWAP&bar=5m&limit=71 "HTTP/2 200 OK"
2026-03-22 11:28:49,934 | INFO | HTTP Request: GET https://www.okx.com/api/v5/account/balance "HTTP/2 200 OK"
2026-03-22 11:28:50,195 | INFO | HTTP Request: GET https://www.okx.com/api/v5/market/candles?instId=MAGIC-USDT-SWAP&bar=5m&limit=26 "HTTP/2 200 OK"
2026-03-22 11:28:50,263 | INFO | HTTP Request: GET https://www.okx.com/api/v5/market/ticker?instId=BRETT-USDT-SWAP "HTTP/2 200 OK"
2026-03-22 11:28:50,562 | INFO | HTTP Request: GET https://www.okx.com/api/v5/market/ticker?instId=MAGIC-USDT-SWAP "HTTP/2 200 OK"
2026-03-22 11:28:50,676 | INFO | HTTP Request: GET https://www.okx.com/api/v5/market/candles?instId=BRETT-USDT-SWAP&bar=5m&limit=89 "HTTP/2 200 OK"
2026-03-22 11:28:50,989 | INFO | HTTP Request: GET https://www.okx.com/api/v5/market/candles?instId=ICP-USDT-SWAP&bar=5m&limit=26 "HTTP/2 200 OK"
2026-03-22 11:28:51,217 | INFO | HTTP Request: GET https://www.okx.com/api/v5/market/ticker?instId=BTC-USDT-SWAP "HTTP/2 200 OK"
2026-03-22 11:28:51,414 | INFO | HTTP Request: GET https://www.okx.com/api/v5/market/ticker?instId=ICP-USDT-SWAP "HTTP/2 200 OK"
2026-03-22 11:28:51,729 | INFO | HTTP Request: GET https://www.okx.com/api/v5/market/ticker?instId=CAT-USDT-SWAP "HTTP/2 200 OK"
2026-03-22 11:28:51,881 | INFO | HTTP Request: GET https://www.okx.com/api/v5/market/candles?instId=SUI-USDT-SWAP&bar=5m&limit=26 "HTTP/2 200 OK"
2026-03-22 11:28:52,113 | INFO | HTTP Request: GET https://www.okx.com/api/v5/market/candles?instId=CAT-USDT-SWAP&bar=5m&limit=89 "HTTP/2 200 OK"
2026-03-22 11:28:52,247 | INFO | HTTP Request: GET https://www.okx.com/api/v5/market/ticker?instId=SUI-USDT-SWAP "HTTP/2 200 OK"
2026-03-22 11:28:52,618 | INFO | HTTP Request: GET https://www.okx.com/api/v5/market/ticker?instId=CATI-USDT-SWAP "HTTP/2 200 OK"
2026-03-22 11:28:52,639 | INFO | HTTP Request: GET https://www.okx.com/api/v5/market/candles?instId=ETHFI-USDT-SWAP&bar=5m&limit=26 "HTTP/2 200 OK"
2026-03-22 11:28:53,019 | INFO | HTTP Request: GET https://www.okx.com/api/v5/market/candles?instId=CATI-USDT-SWAP&bar=5m&limit=89 "HTTP/2 200 OK"
2026-03-22 11:28:53,019 | INFO | HTTP Request: GET https://www.okx.com/api/v5/market/ticker?instId=ETHFI-USDT-SWAP "HTTP/2 200 OK"
2026-03-22 11:28:53,442 | INFO | HTTP Request: GET https://www.okx.com/api/v5/market/candles?instId=SOL-USDT-SWAP&bar=5m&limit=26 "HTTP/2 200 OK"
2026-03-22 11:28:53,550 | INFO | HTTP Request: GET https://www.okx.com/api/v5/market/ticker?instId=CELO-USDT-SWAP "HTTP/2 200 OK"
2026-03-22 11:28:53,787 | INFO | HTTP Request: GET https://www.okx.com/api/v5/market/candles?instId=BTC-USDT-SWAP&bar=5m&limit=64 "HTTP/2 200 OK"
2026-03-22 11:28:53,835 | INFO | HTTP Request: GET https://www.okx.com/api/v5/market/ticker?instId=SOL-USDT-SWAP "HTTP/2 200 OK"
2026-03-22 11:28:53,979 | INFO | HTTP Request: GET https://www.okx.com/api/v5/market/candles?instId=CELO-USDT-SWAP&bar=5m&limit=89 "HTTP/2 200 OK"
2026-03-22 11:28:54,229 | INFO | HTTP Request: GET https://www.okx.com/api/v5/market/candles?instId=AAVE-USDT-SWAP&bar=5m&limit=26 "HTTP/2 200 OK"
2026-03-22 11:28:54,496 | INFO | HTTP Request: GET https://www.okx.com/api/v5/market/ticker?instId=CFX-USDT-SWAP "HTTP/2 200 OK"
2026-03-22 11:28:54,593 | INFO | HTTP Request: GET https://www.okx.com/api/v5/market/ticker?instId=AAVE-USDT-SWAP "HTTP/2 200 OK"
2026-03-22 11:28:54,919 | INFO | HTTP Request: GET https://www.okx.com/api/v5/market/candles?instId=CFX-USDT-SWAP&bar=5m&limit=89 "HTTP/2 200 OK"
2026-03-22 11:28:55,091 | INFO | HTTP Request: GET https://www.okx.com/api/v5/public/instruments?instType=SWAP "HTTP/2 200 OK"
2026-03-22 11:28:55,408 | INFO | HTTP Request: GET https://www.okx.com/api/v5/account/balance "HTTP/2 200 OK"
2026-03-22 11:28:55,452 | INFO | HTTP Request: GET https://www.okx.com/api/v5/market/ticker?instId=CHZ-USDT-SWAP "HTTP/2 200 OK"
2026-03-22 11:28:55,457 | INFO | HTTP Request: GET https://www.okx.com/api/v5/account/balance "HTTP/2 200 OK"
2026-03-22 11:28:55,813 | INFO | HTTP Request: GET https://www.okx.com/api/v5/market/candles?instId=CHZ-USDT-SWAP&bar=5m&limit=89 "HTTP/2 200 OK"
2026-03-22 11:28:55,890 | INFO | HTTP Request: GET https://www.okx.com/api/v5/trade/orders-pending?instType=SWAP&instId=1INCH-USDT-SWAP "HTTP/2 200 OK"
2026-03-22 11:28:56,301 | INFO | HTTP Request: GET https://www.okx.com/api/v5/market/ticker?instId=1INCH-USDT-SWAP "HTTP/2 200 OK"
2026-03-22 11:28:56,317 | INFO | HTTP Request: GET https://www.okx.com/api/v5/market/ticker?instId=COAI-USDT-SWAP "HTTP/2 200 OK"
2026-03-22 11:28:56,706 | INFO | HTTP Request: GET https://www.okx.com/api/v5/market/candles?instId=COAI-USDT-SWAP&bar=5m&limit=89 "HTTP/2 200 OK"
2026-03-22 11:28:57,236 | INFO | HTTP Request: GET https://www.okx.com/api/v5/market/ticker?instId=COMP-USDT-SWAP "HTTP/2 200 OK"
2026-03-22 11:28:57,621 | INFO | HTTP Request: GET https://www.okx.com/api/v5/market/candles?instId=COMP-USDT-SWAP&bar=5m&limit=89 "HTTP/2 200 OK"
2026-03-22 11:28:58,129 | INFO | HTTP Request: GET https://www.okx.com/api/v5/market/ticker?instId=CRO-USDT-SWAP "HTTP/2 200 OK"
2026-03-22 11:28:58,524 | INFO | HTTP Request: GET https://www.okx.com/api/v5/market/candles?instId=CRO-USDT-SWAP&bar=5m&limit=89 "HTTP/2 200 OK"
2026-03-22 11:28:59,037 | INFO | HTTP Request: GET https://www.okx.com/api/v5/market/ticker?instId=CRV-USDT-SWAP "HTTP/2 200 OK"
2026-03-22 11:28:59,436 | INFO | HTTP Request: GET https://www.okx.com/api/v5/market/candles?instId=CRV-USDT-SWAP&bar=5m&limit=89 "HTTP/2 200 OK"
2026-03-22 11:28:59,959 | INFO | HTTP Request: GET https://www.okx.com/api/v5/market/ticker?instId=DOGE-USDT-SWAP "HTTP/2 200 OK"
2026-03-22 11:29:00,023 | INFO | HTTP Request: GET https://www.okx.com/api/v5/market/candles?instId=BTC-USDT-SWAP&bar=5m&limit=64 "HTTP/2 200 OK"
2026-03-22 11:29:00,027 | INFO | HTTP Request: GET https://www.okx.com/api/v5/public/instruments?instType=SWAP "HTTP/2 200 OK"
2026-03-22 11:29:00,352 | INFO | HTTP Request: GET https://www.okx.com/api/v5/market/candles?instId=DOGE-USDT-SWAP&bar=5m&limit=89 "HTTP/2 200 OK"
2026-03-22 11:29:00,406 | INFO | HTTP Request: GET https://www.okx.com/api/v5/account/balance "HTTP/2 200 OK"
2026-03-22 11:29:00,778 | INFO | HTTP Request: GET https://www.okx.com/api/v5/trade/orders-pending?instType=SWAP&instId=1INCH-USDT-SWAP "HTTP/2 200 OK"
2026-03-22 11:29:00,790 | INFO | HTTP Request: GET https://www.okx.com/api/v5/account/balance "HTTP/2 200 OK"
2026-03-22 11:29:00,849 | INFO | HTTP Request: GET https://www.okx.com/api/v5/market/ticker?instId=DOT-USDT-SWAP "HTTP/2 200 OK"
2026-03-22 11:29:01,182 | INFO | HTTP Request: GET https://www.okx.com/api/v5/market/ticker?instId=1INCH-USDT-SWAP "HTTP/2 200 OK"
2026-03-22 11:29:01,219 | INFO | HTTP Request: GET https://www.okx.com/api/v5/market/candles?instId=DOT-USDT-SWAP&bar=5m&limit=89 "HTTP/2 200 OK"
2026-03-22 11:29:01,554 | INFO | HTTP Request: GET https://www.okx.com/api/v5/account/positions?instType=SWAP "HTTP/2 200 OK"
2026-03-22 11:29:01,734 | INFO | HTTP Request: GET https://www.okx.com/api/v5/market/ticker?instId=ENA-USDT-SWAP "HTTP/2 200 OK"
2026-03-22 11:29:01,926 | INFO | HTTP Request: GET https://www.okx.com/api/v5/market/candles?instId=ATOM-USDT-SWAP&bar=15m&limit=121 "HTTP/2 200 OK"
2026-03-22 11:29:02,127 | INFO | HTTP Request: GET https://www.okx.com/api/v5/market/candles?instId=ENA-USDT-SWAP&bar=5m&limit=89 "HTTP/2 200 OK"
2026-03-22 11:29:02,335 | INFO | HTTP Request: GET https://www.okx.com/api/v5/market/candles?instId=ATOM-USDT-SWAP&bar=5m&limit=97 "HTTP/2 200 OK"
2026-03-22 11:29:02,660 | INFO | HTTP Request: GET https://www.okx.com/api/v5/market/ticker?instId=EOS-USDT-SWAP "HTTP/2 200 OK"
2026-03-22 11:29:02,749 | INFO | HTTP Request: GET https://www.okx.com/api/v5/market/history-trades?instId=ATOM-USDT-SWAP&limit=100 "HTTP/2 200 OK"
2026-03-22 11:29:03,056 | INFO | HTTP Request: GET https://www.okx.com/api/v5/market/candles?instId=EOS-USDT-SWAP&bar=5m&limit=89 "HTTP/2 200 OK"
2026-03-22 11:29:03,180 | INFO | HTTP Request: GET https://www.okx.com/api/v5/market/books?instId=ATOM-USDT-SWAP&sz=5 "HTTP/2 200 OK"
2026-03-22 11:29:03,575 | INFO | HTTP Request: GET https://www.okx.com/api/v5/market/ticker?instId=ETC-USDT-SWAP "HTTP/2 200 OK"
2026-03-22 11:29:03,786 | INFO | HTTP Request: GET https://www.okx.com/api/v5/market/books?instId=ATOM-USDT-SWAP&sz=5 "HTTP/2 200 OK"
2026-03-22 11:29:04,021 | INFO | HTTP Request: GET https://www.okx.com/api/v5/market/candles?instId=ETC-USDT-SWAP&bar=5m&limit=89 "HTTP/2 200 OK"
2026-03-22 11:29:04,433 | INFO | HTTP Request: GET https://www.okx.com/api/v5/market/books?instId=ATOM-USDT-SWAP&sz=5 "HTTP/2 200 OK"
2026-03-22 11:29:04,512 | INFO | HTTP Request: GET https://www.okx.com/api/v5/market/ticker?instId=ETH-USDT-SWAP "HTTP/2 200 OK"
2026-03-22 11:29:04,907 | INFO | HTTP Request: GET https://www.okx.com/api/v5/market/candles?instId=ETH-USDT-SWAP&bar=5m&limit=89 "HTTP/2 200 OK"
2026-03-22 11:29:05,033 | INFO | HTTP Request: GET https://www.okx.com/api/v5/market/books?instId=ATOM-USDT-SWAP&sz=5 "HTTP/2 200 OK"
2026-03-22 11:29:05,427 | INFO | HTTP Request: GET https://www.okx.com/api/v5/market/ticker?instId=ETHW-USDT-SWAP "HTTP/2 200 OK"
2026-03-22 11:29:05,502 | INFO | HTTP Request: GET https://www.okx.com/api/v5/market/candles?instId=AUCTION-USDT-SWAP&bar=15m&limit=121 "HTTP/2 200 OK"
2026-03-22 11:29:05,824 | INFO | HTTP Request: GET https://www.okx.com/api/v5/market/candles?instId=ETHW-USDT-SWAP&bar=5m&limit=89 "HTTP/2 200 OK"
2026-03-22 11:29:05,873 | INFO | HTTP Request: GET https://www.okx.com/api/v5/market/candles?instId=AUCTION-USDT-SWAP&bar=5m&limit=97 "HTTP/2 200 OK"
2026-03-22 11:29:06,209 | INFO | HTTP Request: GET https://www.okx.com/api/v5/account/balance "HTTP/2 200 OK"
2026-03-22 11:29:06,249 | INFO | HTTP Request: GET https://www.okx.com/api/v5/market/history-trades?instId=AUCTION-USDT-SWAP&limit=100 "HTTP/2 200 OK"
2026-03-22 11:29:06,275 | INFO | HTTP Request: GET https://www.okx.com/api/v5/market/candles?instId=BTC-USDT-SWAP&bar=5m&limit=64 "HTTP/2 200 OK"
2026-03-22 11:29:06,316 | INFO | HTTP Request: GET https://www.okx.com/api/v5/market/ticker?instId=FIL-USDT-SWAP "HTTP/2 200 OK"
2026-03-22 11:29:06,669 | INFO | HTTP Request: GET https://www.okx.com/api/v5/market/books?instId=AUCTION-USDT-SWAP&sz=5 "HTTP/2 200 OK"
2026-03-22 11:29:06,766 | INFO | HTTP Request: GET https://www.okx.com/api/v5/market/candles?instId=FIL-USDT-SWAP&bar=5m&limit=89 "HTTP/2 200 OK"
2026-03-22 11:29:07,278 | INFO | HTTP Request: GET https://www.okx.com/api/v5/market/ticker?instId=FLOKI-USDT-SWAP "HTTP/2 200 OK"
2026-03-22 11:29:07,310 | INFO | HTTP Request: GET https://www.okx.com/api/v5/market/books?instId=AUCTION-USDT-SWAP&sz=5 "HTTP/2 200 OK"
2026-03-22 11:29:07,659 | INFO | HTTP Request: GET https://www.okx.com/api/v5/market/candles?instId=FLOKI-USDT-SWAP&bar=5m&limit=89 "HTTP/2 200 OK"
2026-03-22 11:29:07,914 | INFO | HTTP Request: GET https://www.okx.com/api/v5/market/books?instId=AUCTION-USDT-SWAP&sz=5 "HTTP/2 200 OK"
2026-03-22 11:29:08,150 | INFO | HTTP Request: GET https://www.okx.com/api/v5/market/ticker?instId=GMT-USDT-SWAP "HTTP/2 200 OK"
2026-03-22 11:29:08,519 | INFO | HTTP Request: GET https://www.okx.com/api/v5/market/books?instId=AUCTION-USDT-SWAP&sz=5 "HTTP/2 200 OK"
2026-03-22 11:29:08,549 | INFO | HTTP Request: GET https://www.okx.com/api/v5/market/candles?instId=GMT-USDT-SWAP&bar=5m&limit=89 "HTTP/2 200 OK"
2026-03-22 11:29:08,928 | INFO | HTTP Request: GET https://www.okx.com/api/v5/market/candles?instId=AVAX-USDT-SWAP&bar=15m&limit=121 "HTTP/2 200 OK"
2026-03-22 11:29:09,072 | INFO | HTTP Request: GET https://www.okx.com/api/v5/market/ticker?instId=H-USDT-SWAP "HTTP/2 200 OK"
2026-03-22 11:29:09,356 | INFO | HTTP Request: GET https://www.okx.com/api/v5/market/candles?instId=AVAX-USDT-SWAP&bar=5m&limit=97 "HTTP/2 200 OK"
2026-03-22 11:29:09,448 | INFO | HTTP Request: GET https://www.okx.com/api/v5/market/candles?instId=H-USDT-SWAP&bar=5m&limit=89 "HTTP/2 200 OK"
2026-03-22 11:29:09,762 | INFO | HTTP Request: GET https://www.okx.com/api/v5/market/history-trades?instId=AVAX-USDT-SWAP&limit=100 "HTTP/2 200 OK"
2026-03-22 11:29:09,986 | INFO | HTTP Request: GET https://www.okx.com/api/v5/market/ticker?instId=HBAR-USDT-SWAP "HTTP/2 200 OK"
2026-03-22 11:29:10,184 | INFO | HTTP Request: GET https://www.okx.com/api/v5/market/books?instId=AVAX-USDT-SWAP&sz=5 "HTTP/2 200 OK"
2026-03-22 11:29:10,362 | INFO | HTTP Request: GET https://www.okx.com/api/v5/market/candles?instId=HBAR-USDT-SWAP&bar=5m&limit=89 "HTTP/2 200 OK"
2026-03-22 11:29:10,788 | INFO | HTTP Request: GET https://www.okx.com/api/v5/market/books?instId=AVAX-USDT-SWAP&sz=5 "HTTP/2 200 OK"
2026-03-22 11:29:10,893 | INFO | HTTP Request: GET https://www.okx.com/api/v5/market/ticker?instId=HMSTR-USDT-SWAP "HTTP/2 200 OK"
2026-03-22 11:29:11,288 | INFO | HTTP Request: GET https://www.okx.com/api/v5/market/candles?instId=HMSTR-USDT-SWAP&bar=5m&limit=89 "HTTP/2 200 OK"
2026-03-22 11:29:11,528 | INFO | HTTP Request: GET https://www.okx.com/api/v5/market/books?instId=AVAX-USDT-SWAP&sz=5 "HTTP/2 200 OK"
2026-03-22 11:29:11,654 | INFO | HTTP Request: GET https://www.okx.com/api/v5/account/balance "HTTP/2 200 OK"
2026-03-22 11:29:12,004 | INFO | HTTP Request: GET https://www.okx.com/api/v5/market/ticker?instId=HOME-USDT-SWAP "HTTP/2 200 OK"
2026-03-22 11:29:12,136 | INFO | HTTP Request: GET https://www.okx.com/api/v5/market/books?instId=AVAX-USDT-SWAP&sz=5 "HTTP/2 200 OK"
2026-03-22 11:29:12,388 | INFO | HTTP Request: GET https://www.okx.com/api/v5/market/candles?instId=HOME-USDT-SWAP&bar=5m&limit=89 "HTTP/2 200 OK"
2026-03-22 11:29:12,515 | INFO | HTTP Request: GET https://www.okx.com/api/v5/market/candles?instId=AXS-USDT-SWAP&bar=15m&limit=121 "HTTP/2 200 OK"
2026-03-22 11:29:12,540 | INFO | HTTP Request: GET https://www.okx.com/api/v5/market/candles?instId=BTC-USDT-SWAP&bar=5m&limit=64 "HTTP/2 200 OK"
2026-03-22 11:29:12,909 | INFO | HTTP Request: GET https://www.okx.com/api/v5/market/ticker?instId=IMX-USDT-SWAP "HTTP/2 200 OK"
2026-03-22 11:29:12,918 | INFO | HTTP Request: GET https://www.okx.com/api/v5/market/candles?instId=AXS-USDT-SWAP&bar=5m&limit=97 "HTTP/2 200 OK"
2026-03-22 11:29:13,320 | INFO | HTTP Request: GET https://www.okx.com/api/v5/market/candles?instId=IMX-USDT-SWAP&bar=5m&limit=89 "HTTP/2 200 OK"
2026-03-22 11:29:13,327 | INFO | HTTP Request: GET https://www.okx.com/api/v5/market/history-trades?instId=AXS-USDT-SWAP&limit=100 "HTTP/2 200 OK"
2026-03-22 11:29:13,766 | INFO | HTTP Request: GET https://www.okx.com/api/v5/market/books?instId=AXS-USDT-SWAP&sz=5 "HTTP/2 200 OK"
2026-03-22 11:29:13,845 | INFO | HTTP Request: GET https://www.okx.com/api/v5/market/ticker?instId=INJ-USDT-SWAP "HTTP/2 200 OK"
2026-03-22 11:29:14,238 | INFO | HTTP Request: GET https://www.okx.com/api/v5/market/candles?instId=INJ-USDT-SWAP&bar=5m&limit=89 "HTTP/2 200 OK"
2026-03-22 11:29:14,368 | INFO | HTTP Request: GET https://www.okx.com/api/v5/market/books?instId=AXS-USDT-SWAP&sz=5 "HTTP/2 200 OK"
2026-03-22 11:29:14,776 | INFO | HTTP Request: GET https://www.okx.com/api/v5/market/ticker?instId=IOTA-USDT-SWAP "HTTP/2 200 OK"
2026-03-22 11:29:14,965 | INFO | HTTP Request: GET https://www.okx.com/api/v5/market/books?instId=AXS-USDT-SWAP&sz=5 "HTTP/2 200 OK"
2026-03-22 11:29:15,153 | INFO | HTTP Request: GET https://www.okx.com/api/v5/market/candles?instId=IOTA-USDT-SWAP&bar=5m&limit=89 "HTTP/2 200 OK"
2026-03-22 11:29:15,566 | INFO | HTTP Request: GET https://www.okx.com/api/v5/market/books?instId=AXS-USDT-SWAP&sz=5 "HTTP/2 200 OK"
2026-03-22 11:29:15,686 | INFO | HTTP Request: GET https://www.okx.com/api/v5/market/ticker?instId=JUP-USDT-SWAP "HTTP/2 200 OK"
2026-03-22 11:29:15,980 | INFO | HTTP Request: GET https://www.okx.com/api/v5/market/candles?instId=1INCH-USDT-SWAP&bar=5m&limit=71 "HTTP/2 200 OK"
2026-03-22 11:29:16,082 | INFO | HTTP Request: GET https://www.okx.com/api/v5/market/candles?instId=JUP-USDT-SWAP&bar=5m&limit=89 "HTTP/2 200 OK"
2026-03-22 11:29:16,379 | INFO | HTTP Request: GET https://www.okx.com/api/v5/market/candles?instId=2Z-USDT-SWAP&bar=5m&limit=71 "HTTP/2 200 OK"
2026-03-22 11:29:16,612 | INFO | HTTP Request: GET https://www.okx.com/api/v5/market/ticker?instId=KAITO-USDT-SWAP "HTTP/2 200 OK"
2026-03-22 11:29:16,799 | INFO | HTTP Request: GET https://www.okx.com/api/v5/market/ticker?instId=2Z-USDT-SWAP "HTTP/2 200 OK"
2026-03-22 11:29:16,835 | INFO | 2Z-USDT-SWAP: Turtle 20 short-сигнал отклонён (закрытие не удержалось ниже канала)
2026-03-22 11:29:17,052 | INFO | HTTP Request: GET https://www.okx.com/api/v5/market/candles?instId=KAITO-USDT-SWAP&bar=5m&limit=89 "HTTP/2 200 OK"
2026-03-22 11:29:17,092 | INFO | HTTP Request: GET https://www.okx.com/api/v5/account/balance "HTTP/2 200 OK"
2026-03-22 11:29:17,219 | INFO | HTTP Request: GET https://www.okx.com/api/v5/market/candles?instId=ACT-USDT-SWAP&bar=5m&limit=71 "HTTP/2 200 OK"
2026-03-22 11:29:17,545 | INFO | HTTP Request: GET https://www.okx.com/api/v5/market/ticker?instId=KSM-USDT-SWAP "HTTP/2 200 OK"
2026-03-22 11:29:17,588 | INFO | HTTP Request: GET https://www.okx.com/api/v5/market/candles?instId=ALGO-USDT-SWAP&bar=5m&limit=71 "HTTP/2 200 OK"
2026-03-22 11:29:17,917 | INFO | HTTP Request: GET https://www.okx.com/api/v5/market/candles?instId=KSM-USDT-SWAP&bar=5m&limit=89 "HTTP/2 200 OK"
2026-03-22 11:29:17,949 | INFO | HTTP Request: GET https://www.okx.com/api/v5/market/ticker?instId=ALGO-USDT-SWAP "HTTP/2 200 OK"
2026-03-22 11:29:17,954 | INFO | ALGO-USDT-SWAP: Turtle 55 short-сигнал отклонён (закрытие не удержалось ниже канала)
2026-03-22 11:29:17,962 | INFO | ALGO-USDT-SWAP: Turtle 20 short-сигнал отклонён (закрытие не удержалось ниже канала)
2026-03-22 11:29:18,334 | INFO | HTTP Request: GET https://www.okx.com/api/v5/market/candles?instId=ARB-USDT-SWAP&bar=5m&limit=71 "HTTP/2 200 OK"
2026-03-22 11:29:18,405 | INFO | HTTP Request: GET https://www.okx.com/api/v5/market/ticker?instId=LDO-USDT-SWAP "HTTP/2 200 OK"
2026-03-22 11:29:18,744 | INFO | HTTP Request: GET https://www.okx.com/api/v5/market/candles?instId=ATOM-USDT-SWAP&bar=5m&limit=71 "HTTP/2 200 OK"
2026-03-22 11:29:18,777 | INFO | HTTP Request: GET https://www.okx.com/api/v5/market/candles?instId=BTC-USDT-SWAP&bar=5m&limit=64 "HTTP/2 200 OK"
2026-03-22 11:29:19,125 | INFO | HTTP Request: GET https://www.okx.com/api/v5/market/candles?instId=AUCTION-USDT-SWAP&bar=5m&limit=71 "HTTP/2 200 OK"
2026-03-22 11:29:19,125 | INFO | HTTP Request: GET https://www.okx.com/api/v5/market/candles?instId=LDO-USDT-SWAP&bar=5m&limit=89 "HTTP/2 200 OK"
2026-03-22 11:29:19,516 | INFO | HTTP Request: GET https://www.okx.com/api/v5/market/candles?instId=AVAX-USDT-SWAP&bar=5m&limit=71 "HTTP/2 200 OK"
2026-03-22 11:29:19,625 | INFO | HTTP Request: GET https://www.okx.com/api/v5/market/ticker?instId=LINEA-USDT-SWAP "HTTP/2 200 OK"
2026-03-22 11:29:19,915 | INFO | HTTP Request: GET https://www.okx.com/api/v5/market/candles?instId=AXS-USDT-SWAP&bar=5m&limit=71 "HTTP/2 200 OK"
2026-03-22 11:29:20,024 | INFO | HTTP Request: GET https://www.okx.com/api/v5/market/candles?instId=LINEA-USDT-SWAP&bar=5m&limit=89 "HTTP/2 200 OK"
2026-03-22 11:29:20,346 | INFO | HTTP Request: GET https://www.okx.com/api/v5/market/candles?instId=MAGIC-USDT-SWAP&bar=5m&limit=26 "HTTP/2 200 OK"
2026-03-22 11:29:20,549 | INFO | HTTP Request: GET https://www.okx.com/api/v5/market/ticker?instId=LINK-USDT-SWAP "HTTP/2 200 OK"
2026-03-22 11:29:20,722 | INFO | HTTP Request: GET https://www.okx.com/api/v5/market/ticker?instId=MAGIC-USDT-SWAP "HTTP/2 200 OK"
2026-03-22 11:29:20,935 | INFO | HTTP Request: GET https://www.okx.com/api/v5/market/candles?instId=LINK-USDT-SWAP&bar=5m&limit=89 "HTTP/2 200 OK"
2026-03-22 11:29:21,153 | INFO | HTTP Request: GET https://www.okx.com/api/v5/market/candles?instId=ICP-USDT-SWAP&bar=5m&limit=26 "HTTP/2 200 OK"
2026-03-22 11:29:21,460 | INFO | HTTP Request: GET https://www.okx.com/api/v5/market/ticker?instId=LIT-USDT-SWAP "HTTP/2 200 OK"
2026-03-22 11:29:21,548 | INFO | HTTP Request: GET https://www.okx.com/api/v5/market/ticker?instId=ICP-USDT-SWAP "HTTP/2 200 OK"
2026-03-22 11:29:21,855 | INFO | HTTP Request: GET https://www.okx.com/api/v5/market/candles?instId=LIT-USDT-SWAP&bar=5m&limit=89 "HTTP/2 200 OK"
2026-03-22 11:29:21,967 | INFO | HTTP Request: GET https://www.okx.com/api/v5/market/candles?instId=SUI-USDT-SWAP&bar=5m&limit=26 "HTTP/2 200 OK"
2026-03-22 11:29:22,375 | INFO | HTTP Request: GET https://www.okx.com/api/v5/market/ticker?instId=SUI-USDT-SWAP "HTTP/2 200 OK"
2026-03-22 11:29:22,382 | INFO | HTTP Request: GET https://www.okx.com/api/v5/market/ticker?instId=LPT-USDT-SWAP "HTTP/2 200 OK"
2026-03-22 11:29:22,537 | INFO | HTTP Request: GET https://www.okx.com/api/v5/account/balance "HTTP/2 200 OK"
2026-03-22 11:29:22,784 | INFO | HTTP Request: GET https://www.okx.com/api/v5/market/candles?instId=LPT-USDT-SWAP&bar=5m&limit=89 "HTTP/2 200 OK"
2026-03-22 11:29:22,789 | INFO | HTTP Request: GET https://www.okx.com/api/v5/market/candles?instId=ETHFI-USDT-SWAP&bar=5m&limit=26 "HTTP/2 200 OK"
2026-03-22 11:29:23,160 | INFO | HTTP Request: GET https://www.okx.com/api/v5/market/ticker?instId=ETHFI-USDT-SWAP "HTTP/2 200 OK"
2026-03-22 11:29:23,272 | INFO | HTTP Request: GET https://www.okx.com/api/v5/market/ticker?instId=LQTY-USDT-SWAP "HTTP/2 200 OK"
2026-03-22 11:29:23,527 | INFO | HTTP Request: GET https://www.okx.com/api/v5/market/candles?instId=SOL-USDT-SWAP&bar=5m&limit=26 "HTTP/2 200 OK"
2026-03-22 11:29:23,642 | INFO | HTTP Request: GET https://www.okx.com/api/v5/market/candles?instId=LQTY-USDT-SWAP&bar=5m&limit=89 "HTTP/2 200 OK"
2026-03-22 11:29:23,944 | INFO | HTTP Request: GET https://www.okx.com/api/v5/market/ticker?instId=SOL-USDT-SWAP "HTTP/2 200 OK"
2026-03-22 11:29:24,193 | INFO | HTTP Request: GET https://www.okx.com/api/v5/market/ticker?instId=LRC-USDT-SWAP "HTTP/2 200 OK"
2026-03-22 11:29:24,362 | INFO | HTTP Request: GET https://www.okx.com/api/v5/market/candles?instId=AAVE-USDT-SWAP&bar=5m&limit=26 "HTTP/2 200 OK"
2026-03-22 11:29:24,554 | INFO | HTTP Request: GET https://www.okx.com/api/v5/market/candles?instId=LRC-USDT-SWAP&bar=5m&limit=89 "HTTP/2 200 OK"
2026-03-22 11:29:24,765 | INFO | HTTP Request: GET https://www.okx.com/api/v5/market/ticker?instId=AAVE-USDT-SWAP "HTTP/2 200 OK"
2026-03-22 11:29:25,028 | INFO | HTTP Request: GET https://www.okx.com/api/v5/market/candles?instId=BTC-USDT-SWAP&bar=5m&limit=64 "HTTP/2 200 OK"
2026-03-22 11:29:25,092 | INFO | HTTP Request: GET https://www.okx.com/api/v5/market/ticker?instId=LTC-USDT-SWAP "HTTP/2 200 OK"
2026-03-22 11:29:25,197 | INFO | HTTP Request: GET https://www.okx.com/api/v5/market/candles?instId=BTC-USDT-SWAP&bar=5m&limit=64 "HTTP/2 200 OK"
2026-03-22 11:29:25,500 | INFO | HTTP Request: GET https://www.okx.com/api/v5/market/candles?instId=LTC-USDT-SWAP&bar=5m&limit=89 "HTTP/2 200 OK"
2026-03-22 11:29:25,687 | INFO | HTTP Request: GET https://www.okx.com/api/v5/public/instruments?instType=SWAP "HTTP/2 200 OK"
2026-03-22 11:29:26,048 | INFO | HTTP Request: GET https://www.okx.com/api/v5/market/ticker?instId=MAJOR-USDT-SWAP "HTTP/2 200 OK"
2026-03-22 11:29:26,068 | INFO | HTTP Request: GET https://www.okx.com/api/v5/account/balance "HTTP/2 200 OK"
2026-03-22 11:29:26,412 | INFO | HTTP Request: GET https://www.okx.com/api/v5/trade/orders-pending?instType=SWAP&instId=1INCH-USDT-SWAP "HTTP/2 200 OK"
2026-03-22 11:29:26,470 | INFO | HTTP Request: GET https://www.okx.com/api/v5/market/candles?instId=MAJOR-USDT-SWAP&bar=5m&limit=89 "HTTP/2 200 OK"
2026-03-22 11:29:26,791 | INFO | HTTP Request: GET https://www.okx.com/api/v5/market/ticker?instId=1INCH-USDT-SWAP "HTTP/2 200 OK"
2026-03-22 11:29:27,023 | INFO | HTTP Request: GET https://www.okx.com/api/v5/market/ticker?instId=MASK-USDT-SWAP "HTTP/2 200 OK"
2026-03-22 11:29:27,396 | INFO | HTTP Request: GET https://www.okx.com/api/v5/market/candles?instId=MASK-USDT-SWAP&bar=5m&limit=89 "HTTP/2 200 OK"
2026-03-22 11:29:27,925 | INFO | HTTP Request: GET https://www.okx.com/api/v5/market/ticker?instId=MET-USDT-SWAP "HTTP/2 200 OK"
2026-03-22 11:29:27,934 | INFO | HTTP Request: GET https://www.okx.com/api/v5/account/balance "HTTP/2 200 OK"
2026-03-22 11:29:28,330 | INFO | HTTP Request: GET https://www.okx.com/api/v5/market/candles?instId=MET-USDT-SWAP&bar=5m&limit=89 "HTTP/2 200 OK"
2026-03-22 11:29:28,832 | INFO | HTTP Request: GET https://www.okx.com/api/v5/market/ticker?instId=MINA-USDT-SWAP "HTTP/2 200 OK"
2026-03-22 11:29:29,221 | INFO | HTTP Request: GET https://www.okx.com/api/v5/market/candles?instId=MINA-USDT-SWAP&bar=5m&limit=89 "HTTP/2 200 OK"
2026-03-22 11:29:29,743 | INFO | HTTP Request: GET https://www.okx.com/api/v5/market/ticker?instId=MKR-USDT-SWAP "HTTP/2 200 OK"
2026-03-22 11:29:30,124 | INFO | HTTP Request: GET https://www.okx.com/api/v5/market/candles?instId=MKR-USDT-SWAP&bar=5m&limit=89 "HTTP/2 200 OK"
2026-03-22 11:29:30,620 | INFO | HTTP Request: GET https://www.okx.com/api/v5/public/instruments?instType=SWAP "HTTP/2 200 OK"
2026-03-22 11:29:30,662 | INFO | HTTP Request: GET https://www.okx.com/api/v5/market/ticker?instId=MUBARAK-USDT-SWAP "HTTP/2 200 OK"
2026-03-22 11:29:31,058 | INFO | HTTP Request: GET https://www.okx.com/api/v5/account/balance "HTTP/2 200 OK"
2026-03-22 11:29:31,062 | INFO | HTTP Request: GET https://www.okx.com/api/v5/market/candles?instId=MUBARAK-USDT-SWAP&bar=5m&limit=89 "HTTP/2 200 OK"
2026-03-22 11:29:31,301 | INFO | HTTP Request: GET https://www.okx.com/api/v5/market/candles?instId=BTC-USDT-SWAP&bar=5m&limit=64 "HTTP/2 200 OK"
2026-03-22 11:29:31,333 | INFO | HTTP Request: GET https://www.okx.com/api/v5/trade/orders-pending?instType=SWAP&instId=1INCH-USDT-SWAP "HTTP/2 200 OK"
2026-03-22 11:29:31,579 | INFO | HTTP Request: GET https://www.okx.com/api/v5/market/ticker?instId=NEAR-USDT-SWAP "HTTP/2 200 OK"
2026-03-22 11:29:31,714 | INFO | HTTP Request: GET https://www.okx.com/api/v5/market/ticker?instId=1INCH-USDT-SWAP "HTTP/2 200 OK"
2026-03-22 11:29:31,950 | INFO | HTTP Request: GET https://www.okx.com/api/v5/market/candles?instId=NEAR-USDT-SWAP&bar=5m&limit=89 "HTTP/2 200 OK"
2026-03-22 11:29:32,084 | INFO | HTTP Request: GET https://www.okx.com/api/v5/account/positions?instType=SWAP "HTTP/2 200 OK"
2026-03-22 11:29:32,454 | INFO | HTTP Request: GET https://www.okx.com/api/v5/market/ticker?instId=NEO-USDT-SWAP "HTTP/2 200 OK"
2026-03-22 11:29:32,455 | INFO | HTTP Request: GET https://www.okx.com/api/v5/market/candles?instId=BAND-USDT-SWAP&bar=15m&limit=121 "HTTP/2 200 OK"
2026-03-22 11:29:32,871 | INFO | HTTP Request: GET https://www.okx.com/api/v5/market/candles?instId=NEO-USDT-SWAP&bar=5m&limit=89 "HTTP/2 200 OK"
2026-03-22 11:29:32,873 | INFO | HTTP Request: GET https://www.okx.com/api/v5/market/candles?instId=BAND-USDT-SWAP&bar=5m&limit=97 "HTTP/2 200 OK"
2026-03-22 11:29:33,304 | INFO | HTTP Request: GET https://www.okx.com/api/v5/market/history-trades?instId=BAND-USDT-SWAP&limit=100 "HTTP/2 200 OK"
2026-03-22 11:29:33,310 | INFO | HTTP Request: GET https://www.okx.com/api/v5/account/balance "HTTP/2 200 OK"
2026-03-22 11:29:33,390 | INFO | HTTP Request: GET https://www.okx.com/api/v5/market/ticker?instId=NOT-USDT-SWAP "HTTP/2 200 OK"
2026-03-22 11:29:33,743 | INFO | HTTP Request: GET https://www.okx.com/api/v5/market/books?instId=BAND-USDT-SWAP&sz=5 "HTTP/2 200 OK"
2026-03-22 11:29:33,791 | INFO | HTTP Request: GET https://www.okx.com/api/v5/market/candles?instId=NOT-USDT-SWAP&bar=5m&limit=89 "HTTP/2 200 OK"
2026-03-22 11:29:34,287 | INFO | HTTP Request: GET https://www.okx.com/api/v5/market/ticker?instId=OP-USDT-SWAP "HTTP/2 200 OK"
2026-03-22 11:29:34,342 | INFO | HTTP Request: GET https://www.okx.com/api/v5/market/books?instId=BAND-USDT-SWAP&sz=5 "HTTP/2 200 OK"
2026-03-22 11:29:34,679 | INFO | HTTP Request: GET https://www.okx.com/api/v5/market/candles?instId=OP-USDT-SWAP&bar=5m&limit=89 "HTTP/2 200 OK"
2026-03-22 11:29:34,933 | INFO | HTTP Request: GET https://www.okx.com/api/v5/market/books?instId=BAND-USDT-SWAP&sz=5 "HTTP/2 200 OK"
2026-03-22 11:29:35,160 | INFO | HTTP Request: GET https://www.okx.com/api/v5/market/ticker?instId=PEPE-USDT-SWAP "HTTP/2 200 OK"
2026-03-22 11:29:35,529 | INFO | HTTP Request: GET https://www.okx.com/api/v5/market/candles?instId=PEPE-USDT-SWAP&bar=5m&limit=89 "HTTP/2 200 OK"
2026-03-22 11:29:35,545 | INFO | HTTP Request: GET https://www.okx.com/api/v5/market/books?instId=BAND-USDT-SWAP&sz=5 "HTTP/2 200 OK"
2026-03-22 11:29:35,937 | INFO | HTTP Request: GET https://www.okx.com/api/v5/market/candles?instId=BCH-USDT-SWAP&bar=15m&limit=121 "HTTP/2 200 OK"
2026-03-22 11:29:36,055 | INFO | HTTP Request: GET https://www.okx.com/api/v5/market/ticker?instId=PIGGY-USDT-SWAP "HTTP/2 200 OK"
2026-03-22 11:29:36,354 | INFO | HTTP Request: GET https://www.okx.com/api/v5/market/candles?instId=BCH-USDT-SWAP&bar=5m&limit=97 "HTTP/2 200 OK"
2026-03-22 11:29:36,443 | INFO | HTTP Request: GET https://www.okx.com/api/v5/market/candles?instId=PIGGY-USDT-SWAP&bar=5m&limit=89 "HTTP/2 200 OK"
2026-03-22 11:29:36,772 | INFO | HTTP Request: GET https://www.okx.com/api/v5/market/history-trades?instId=BCH-USDT-SWAP&limit=100 "HTTP/2 200 OK"
2026-03-22 11:29:36,978 | INFO | HTTP Request: GET https://www.okx.com/api/v5/market/ticker?instId=QTUM-USDT-SWAP "HTTP/2 200 OK"
2026-03-22 11:29:37,195 | INFO | HTTP Request: GET https://www.okx.com/api/v5/market/books?instId=BCH-USDT-SWAP&sz=5 "HTTP/2 200 OK"
2026-03-22 11:29:37,467 | INFO | HTTP Request: GET https://www.okx.com/api/v5/market/candles?instId=QTUM-USDT-SWAP&bar=5m&limit=89 "HTTP/2 200 OK"
2026-03-22 11:29:37,536 | INFO | HTTP Request: GET https://www.okx.com/api/v5/market/candles?instId=BTC-USDT-SWAP&bar=5m&limit=64 "HTTP/2 200 OK"
2026-03-22 11:29:37,784 | INFO | HTTP Request: GET https://www.okx.com/api/v5/market/books?instId=BCH-USDT-SWAP&sz=5 "HTTP/2 200 OK"
2026-03-22 11:29:38,002 | INFO | HTTP Request: GET https://www.okx.com/api/v5/market/ticker?instId=RAVE-USDT-SWAP "HTTP/2 200 OK"
2026-03-22 11:29:38,379 | INFO | HTTP Request: GET https://www.okx.com/api/v5/market/books?instId=BCH-USDT-SWAP&sz=5 "HTTP/2 200 OK"
2026-03-22 11:29:38,387 | INFO | HTTP Request: GET https://www.okx.com/api/v5/market/candles?instId=RAVE-USDT-SWAP&bar=5m&limit=89 "HTTP/2 200 OK"
2026-03-22 11:29:38,756 | INFO | HTTP Request: GET https://www.okx.com/api/v5/account/balance "HTTP/2 200 OK"
2026-03-22 11:29:38,908 | INFO | HTTP Request: GET https://www.okx.com/api/v5/market/ticker?instId=RESOLV-USDT-SWAP "HTTP/2 200 OK"
2026-03-22 11:29:38,989 | INFO | HTTP Request: GET https://www.okx.com/api/v5/market/books?instId=BCH-USDT-SWAP&sz=5 "HTTP/2 200 OK"
2026-03-22 11:29:39,355 | INFO | HTTP Request: GET https://www.okx.com/api/v5/market/candles?instId=RESOLV-USDT-SWAP&bar=5m&limit=89 "HTTP/2 200 OK"
2026-03-22 11:29:39,387 | INFO | HTTP Request: GET https://www.okx.com/api/v5/market/candles?instId=BIO-USDT-SWAP&bar=15m&limit=121 "HTTP/2 200 OK"
2026-03-22 11:29:39,767 | INFO | HTTP Request: GET https://www.okx.com/api/v5/market/candles?instId=BIO-USDT-SWAP&bar=5m&limit=97 "HTTP/2 200 OK"
2026-03-22 11:29:39,853 | INFO | HTTP Request: GET https://www.okx.com/api/v5/market/ticker?instId=ROBO-USDT-SWAP "HTTP/2 200 OK"
2026-03-22 11:29:40,182 | INFO | HTTP Request: GET https://www.okx.com/api/v5/market/history-trades?instId=BIO-USDT-SWAP&limit=100 "HTTP/2 200 OK"
2026-03-22 11:29:40,297 | INFO | HTTP Request: GET https://www.okx.com/api/v5/market/candles?instId=ROBO-USDT-SWAP&bar=5m&limit=89 "HTTP/2 200 OK"
2026-03-22 11:29:40,584 | INFO | HTTP Request: GET https://www.okx.com/api/v5/market/books?instId=BIO-USDT-SWAP&sz=5 "HTTP/2 200 OK"
2026-03-22 11:29:40,800 | INFO | HTTP Request: GET https://www.okx.com/api/v5/market/ticker?instId=SAND-USDT-SWAP "HTTP/2 200 OK"
2026-03-22 11:29:41,184 | INFO | HTTP Request: GET https://www.okx.com/api/v5/market/books?instId=BIO-USDT-SWAP&sz=5 "HTTP/2 200 OK"
2026-03-22 11:29:41,198 | INFO | HTTP Request: GET https://www.okx.com/api/v5/market/candles?instId=SAND-USDT-SWAP&bar=5m&limit=89 "HTTP/2 200 OK"
2026-03-22 11:29:41,723 | INFO | HTTP Request: GET https://www.okx.com/api/v5/market/ticker?instId=SCR-USDT-SWAP "HTTP/2 200 OK"
2026-03-22 11:29:41,832 | INFO | HTTP Request: GET https://www.okx.com/api/v5/market/books?instId=BIO-USDT-SWAP&sz=5 "HTTP/2 200 OK"
2026-03-22 11:29:42,110 | INFO | HTTP Request: GET https://www.okx.com/api/v5/market/candles?instId=SCR-USDT-SWAP&bar=5m&limit=89 "HTTP/2 200 OK"
2026-03-22 11:29:42,441 | INFO | HTTP Request: GET https://www.okx.com/api/v5/market/books?instId=BIO-USDT-SWAP&sz=5 "HTTP/2 200 OK"
2026-03-22 11:29:42,641 | INFO | HTTP Request: GET https://www.okx.com/api/v5/market/ticker?instId=SHIB-USDT-SWAP "HTTP/2 200 OK"
2026-03-22 11:29:42,849 | INFO | HTTP Request: GET https://www.okx.com/api/v5/market/candles?instId=BLUAI-USDT-SWAP&bar=15m&limit=121 "HTTP/2 200 OK"
2026-03-22 11:29:43,035 | INFO | HTTP Request: GET https://www.okx.com/api/v5/market/candles?instId=SHIB-USDT-SWAP&bar=5m&limit=89 "HTTP/2 200 OK"
2026-03-22 11:29:43,238 | INFO | HTTP Request: GET https://www.okx.com/api/v5/market/candles?instId=BLUAI-USDT-SWAP&bar=5m&limit=97 "HTTP/2 200 OK"
2026-03-22 11:29:43,563 | INFO | HTTP Request: GET https://www.okx.com/api/v5/market/ticker?instId=SKY-USDT-SWAP "HTTP/2 200 OK"
2026-03-22 11:29:43,648 | INFO | HTTP Request: GET https://www.okx.com/api/v5/market/history-trades?instId=BLUAI-USDT-SWAP&limit=100 "HTTP/2 200 OK"
2026-03-22 11:29:43,790 | INFO | HTTP Request: GET https://www.okx.com/api/v5/market/candles?instId=BTC-USDT-SWAP&bar=5m&limit=64 "HTTP/2 200 OK"
2026-03-22 11:29:43,948 | INFO | HTTP Request: GET https://www.okx.com/api/v5/market/candles?instId=SKY-USDT-SWAP&bar=5m&limit=89 "HTTP/2 200 OK"
2026-03-22 11:29:44,063 | INFO | HTTP Request: GET https://www.okx.com/api/v5/market/books?instId=BLUAI-USDT-SWAP&sz=5 "HTTP/2 200 OK"
2026-03-22 11:29:44,189 | INFO | HTTP Request: GET https://www.okx.com/api/v5/account/balance "HTTP/2 200 OK"
2026-03-22 11:29:44,516 | INFO | HTTP Request: GET https://www.okx.com/api/v5/market/ticker?instId=SOLV-USDT-SWAP "HTTP/2 200 OK"
2026-03-22 11:29:44,717 | INFO | HTTP Request: GET https://www.okx.com/api/v5/market/books?instId=BLUAI-USDT-SWAP&sz=5 "HTTP/2 200 OK"
2026-03-22 11:29:44,950 | INFO | HTTP Request: GET https://www.okx.com/api/v5/market/candles?instId=SOLV-USDT-SWAP&bar=5m&limit=89 "HTTP/2 200 OK"
2026-03-22 11:29:45,321 | INFO | HTTP Request: GET https://www.okx.com/api/v5/market/books?instId=BLUAI-USDT-SWAP&sz=5 "HTTP/2 200 OK"
2026-03-22 11:29:45,453 | INFO | HTTP Request: GET https://www.okx.com/api/v5/market/ticker?instId=SPK-USDT-SWAP "HTTP/2 200 OK"
2026-03-22 11:29:45,821 | INFO | HTTP Request: GET https://www.okx.com/api/v5/market/candles?instId=SPK-USDT-SWAP&bar=5m&limit=89 "HTTP/2 200 OK"
2026-03-22 11:29:45,973 | INFO | HTTP Request: GET https://www.okx.com/api/v5/market/books?instId=BLUAI-USDT-SWAP&sz=5 "HTTP/2 200 OK"
2026-03-22 11:29:46,353 | INFO | HTTP Request: GET https://www.okx.com/api/v5/market/candles?instId=1INCH-USDT-SWAP&bar=5m&limit=71 "HTTP/2 200 OK"
2026-03-22 11:29:46,356 | INFO | HTTP Request: GET https://www.okx.com/api/v5/market/ticker?instId=STRK-USDT-SWAP "HTTP/2 200 OK"
2026-03-22 11:29:46,751 | INFO | HTTP Request: GET https://www.okx.com/api/v5/market/candles?instId=2Z-USDT-SWAP&bar=5m&limit=71 "HTTP/2 200 OK"
2026-03-22 11:29:46,752 | INFO | HTTP Request: GET https://www.okx.com/api/v5/market/candles?instId=STRK-USDT-SWAP&bar=5m&limit=89 "HTTP/2 200 OK"
2026-03-22 11:29:47,158 | INFO | HTTP Request: GET https://www.okx.com/api/v5/market/ticker?instId=2Z-USDT-SWAP "HTTP/2 200 OK"
2026-03-22 11:29:47,211 | INFO | 2Z-USDT-SWAP: Turtle 20 short-сигнал отклонён (закрытие не удержалось ниже канала)
2026-03-22 11:29:47,292 | INFO | HTTP Request: GET https://www.okx.com/api/v5/market/ticker?instId=SUSHI-USDT-SWAP "HTTP/2 200 OK"
2026-03-22 11:29:47,590 | INFO | HTTP Request: GET https://www.okx.com/api/v5/market/candles?instId=ACT-USDT-SWAP&bar=5m&limit=71 "HTTP/2 200 OK"
2026-03-22 11:29:47,683 | INFO | HTTP Request: GET https://www.okx.com/api/v5/market/candles?instId=SUSHI-USDT-SWAP&bar=5m&limit=89 "HTTP/2 200 OK"
2026-03-22 11:29:48,009 | INFO | HTTP Request: GET https://www.okx.com/api/v5/market/candles?instId=ALGO-USDT-SWAP&bar=5m&limit=71 "HTTP/2 200 OK"
2026-03-22 11:29:48,216 | INFO | HTTP Request: GET https://www.okx.com/api/v5/market/ticker?instId=SYRUP-USDT-SWAP "HTTP/2 200 OK"
2026-03-22 11:29:48,413 | INFO | HTTP Request: GET https://www.okx.com/api/v5/market/ticker?instId=ALGO-USDT-SWAP "HTTP/2 200 OK"
2026-03-22 11:29:48,446 | INFO | ALGO-USDT-SWAP: Turtle 55 short-сигнал отклонён (закрытие не удержалось ниже канала)
2026-03-22 11:29:48,452 | INFO | ALGO-USDT-SWAP: Turtle 20 short-сигнал отклонён (закрытие не удержалось ниже канала)
2026-03-22 11:29:48,619 | INFO | HTTP Request: GET https://www.okx.com/api/v5/market/candles?instId=SYRUP-USDT-SWAP&bar=5m&limit=89 "HTTP/2 200 OK"
2026-03-22 11:29:48,826 | INFO | HTTP Request: GET https://www.okx.com/api/v5/market/candles?instId=ARB-USDT-SWAP&bar=5m&limit=71 "HTTP/2 200 OK"
2026-03-22 11:29:49,150 | INFO | HTTP Request: GET https://www.okx.com/api/v5/market/ticker?instId=TEST1234-USDT-SWAP "HTTP/2 200 OK"
2026-03-22 11:29:49,255 | INFO | HTTP Request: GET https://www.okx.com/api/v5/market/candles?instId=ATOM-USDT-SWAP&bar=5m&limit=71 "HTTP/2 200 OK"
2026-03-22 11:29:49,545 | INFO | HTTP Request: GET https://www.okx.com/api/v5/market/candles?instId=TEST1234-USDT-SWAP&bar=5m&limit=89 "HTTP/2 200 OK"
2026-03-22 11:29:49,646 | INFO | HTTP Request: GET https://www.okx.com/api/v5/account/balance "HTTP/2 200 OK"
2026-03-22 11:29:49,673 | INFO | HTTP Request: GET https://www.okx.com/api/v5/market/candles?instId=AUCTION-USDT-SWAP&bar=5m&limit=71 "HTTP/2 200 OK"
2026-03-22 11:29:50,069 | INFO | HTTP Request: GET https://www.okx.com/api/v5/market/candles?instId=BTC-USDT-SWAP&bar=5m&limit=64 "HTTP/2 200 OK"
2026-03-22 11:29:50,080 | INFO | HTTP Request: GET https://www.okx.com/api/v5/market/ticker?instId=TEST3103-USDT-SWAP "HTTP/2 200 OK"
2026-03-22 11:29:50,098 | INFO | HTTP Request: GET https://www.okx.com/api/v5/market/candles?instId=AVAX-USDT-SWAP&bar=5m&limit=71 "HTTP/2 200 OK"
2026-03-22 11:29:50,488 | INFO | HTTP Request: GET https://www.okx.com/api/v5/market/candles?instId=TEST3103-USDT-SWAP&bar=5m&limit=89 "HTTP/2 200 OK"
2026-03-22 11:29:50,564 | INFO | HTTP Request: GET https://www.okx.com/api/v5/market/candles?instId=AXS-USDT-SWAP&bar=5m&limit=71 "HTTP/2 200 OK"
2026-03-22 11:29:50,972 | INFO | HTTP Request: GET https://www.okx.com/api/v5/market/candles?instId=MAGIC-USDT-SWAP&bar=5m&limit=26 "HTTP/2 200 OK"
2026-03-22 11:29:51,023 | INFO | HTTP Request: GET https://www.okx.com/api/v5/market/ticker?instId=TEST3110-USDT-SWAP "HTTP/2 200 OK"
2026-03-22 11:29:51,347 | INFO | HTTP Request: GET https://www.okx.com/api/v5/market/ticker?instId=MAGIC-USDT-SWAP "HTTP/2 200 OK"
2026-03-22 11:29:51,414 | INFO | HTTP Request: GET https://www.okx.com/api/v5/market/candles?instId=TEST3110-USDT-SWAP&bar=5m&limit=89 "HTTP/2 200 OK"
2026-03-22 11:29:51,710 | INFO | HTTP Request: GET https://www.okx.com/api/v5/market/candles?instId=ICP-USDT-SWAP&bar=5m&limit=26 "HTTP/2 200 OK"
2026-03-22 11:29:51,955 | INFO | HTTP Request: GET https://www.okx.com/api/v5/market/ticker?instId=THETA-USDT-SWAP "HTTP/2 200 OK"
2026-03-22 11:29:52,124 | INFO | HTTP Request: GET https://www.okx.com/api/v5/market/ticker?instId=ICP-USDT-SWAP "HTTP/2 200 OK"
2026-03-22 11:29:52,339 | INFO | HTTP Request: GET https://www.okx.com/api/v5/market/candles?instId=THETA-USDT-SWAP&bar=5m&limit=89 "HTTP/2 200 OK"
2026-03-22 11:29:52,543 | INFO | HTTP Request: GET https://www.okx.com/api/v5/market/candles?instId=SUI-USDT-SWAP&bar=5m&limit=26 "HTTP/2 200 OK"
2026-03-22 11:29:52,875 | INFO | HTTP Request: GET https://www.okx.com/api/v5/market/ticker?instId=TON-USDT-SWAP "HTTP/2 200 OK"
2026-03-22 11:29:52,954 | INFO | HTTP Request: GET https://www.okx.com/api/v5/market/ticker?instId=SUI-USDT-SWAP "HTTP/2 200 OK"
2026-03-22 11:29:53,260 | INFO | HTTP Request: GET https://www.okx.com/api/v5/market/candles?instId=TON-USDT-SWAP&bar=5m&limit=89 "HTTP/2 200 OK"
2026-03-22 11:29:53,366 | INFO | HTTP Request: GET https://www.okx.com/api/v5/market/candles?instId=ETHFI-USDT-SWAP&bar=5m&limit=26 "HTTP/2 200 OK"
2026-03-22 11:29:53,774 | INFO | HTTP Request: GET https://www.okx.com/api/v5/market/ticker?instId=ETHFI-USDT-SWAP "HTTP/2 200 OK"
2026-03-22 11:29:53,780 | INFO | HTTP Request: GET https://www.okx.com/api/v5/market/ticker?instId=TRIA-USDT-SWAP "HTTP/2 200 OK"
2026-03-22 11:29:54,179 | INFO | HTTP Request: GET https://www.okx.com/api/v5/market/candles?instId=SOL-USDT-SWAP&bar=5m&limit=26 "HTTP/2 200 OK"
2026-03-22 11:29:54,187 | INFO | HTTP Request: GET https://www.okx.com/api/v5/market/candles?instId=TRIA-USDT-SWAP&bar=5m&limit=89 "HTTP/2 200 OK"
2026-03-22 11:29:54,581 | INFO | HTTP Request: GET https://www.okx.com/api/v5/market/ticker?instId=SOL-USDT-SWAP "HTTP/2 200 OK"
2026-03-22 11:29:54,712 | INFO | HTTP Request: GET https://www.okx.com/api/v5/market/ticker?instId=TRX-USDT-SWAP "HTTP/2 200 OK"
2026-03-22 11:29:54,962 | INFO | HTTP Request: GET https://www.okx.com/api/v5/market/candles?instId=AAVE-USDT-SWAP&bar=5m&limit=26 "HTTP/2 200 OK"
2026-03-22 11:29:54,997 | INFO | HTTP Request: GET https://www.okx.com/api/v5/account/balance "HTTP/2 200 OK"
2026-03-22 11:29:55,089 | INFO | HTTP Request: GET https://www.okx.com/api/v5/market/candles?instId=TRX-USDT-SWAP&bar=5m&limit=89 "HTTP/2 200 OK"
2026-03-22 11:29:55,321 | INFO | HTTP Request: GET https://www.okx.com/api/v5/market/ticker?instId=AAVE-USDT-SWAP "HTTP/2 200 OK"
2026-03-22 11:29:55,598 | INFO | HTTP Request: GET https://www.okx.com/api/v5/market/ticker?instId=TSLA-USDT-SWAP "HTTP/2 200 OK"
2026-03-22 11:29:55,691 | INFO | HTTP Request: GET https://www.okx.com/api/v5/market/candles?instId=BTC-USDT-SWAP&bar=5m&limit=64 "HTTP/2 200 OK"
2026-03-22 11:29:56,001 | INFO | HTTP Request: GET https://www.okx.com/api/v5/market/candles?instId=TSLA-USDT-SWAP&bar=5m&limit=89 "HTTP/2 200 OK"
2026-03-22 11:29:56,194 | INFO | HTTP Request: GET https://www.okx.com/api/v5/public/instruments?instType=SWAP "HTTP/2 200 OK"
2026-03-22 11:29:56,488 | INFO | HTTP Request: GET https://www.okx.com/api/v5/account/balance "HTTP/2 200 OK"
2026-03-22 11:29:56,531 | INFO | HTTP Request: GET https://www.okx.com/api/v5/market/ticker?instId=XAG-USDT-SWAP "HTTP/2 200 OK"
2026-03-22 11:29:56,896 | INFO | HTTP Request: GET https://www.okx.com/api/v5/market/candles?instId=XAG-USDT-SWAP&bar=5m&limit=89 "HTTP/2 200 OK"
2026-03-22 11:29:56,908 | INFO | HTTP Request: GET https://www.okx.com/api/v5/trade/orders-pending?instType=SWAP&instId=1INCH-USDT-SWAP "HTTP/2 200 OK"
2026-03-22 11:29:57,319 | INFO | HTTP Request: GET https://www.okx.com/api/v5/market/ticker?instId=1INCH-USDT-SWAP "HTTP/2 200 OK"
2026-03-22 11:29:57,436 | INFO | HTTP Request: GET https://www.okx.com/api/v5/market/ticker?instId=XAU-USDT-SWAP "HTTP/2 200 OK"
2026-03-22 11:29:57,836 | INFO | HTTP Request: GET https://www.okx.com/api/v5/market/candles?instId=XAU-USDT-SWAP&bar=5m&limit=89 "HTTP/2 200 OK"
2026-03-22 11:29:58,337 | INFO | HTTP Request: GET https://www.okx.com/api/v5/market/ticker?instId=XLM-USDT-SWAP "HTTP/2 200 OK"
2026-03-22 11:29:58,741 | INFO | HTTP Request: GET https://www.okx.com/api/v5/market/candles?instId=XLM-USDT-SWAP&bar=5m&limit=89 "HTTP/2 200 OK"
2026-03-22 11:29:59,270 | INFO | HTTP Request: GET https://www.okx.com/api/v5/market/ticker?instId=XPL-USDT-SWAP "HTTP/2 200 OK"
2026-03-22 11:29:59,651 | INFO | HTTP Request: GET https://www.okx.com/api/v5/market/candles?instId=XPL-USDT-SWAP&bar=5m&limit=89 "HTTP/2 200 OK"
2026-03-22 11:30:00,184 | INFO | HTTP Request: GET https://www.okx.com/api/v5/market/ticker?instId=XRP-USDT-SWAP "HTTP/2 200 OK"
2026-03-22 11:30:00,408 | INFO | HTTP Request: GET https://www.okx.com/api/v5/account/balance "HTTP/2 200 OK"
2026-03-22 11:30:01,040 | INFO | HTTP Request: GET https://www.okx.com/api/v5/market/candles?instId=YFI-USDT-SWAP&bar=5m&limit=89 "HTTP/2 200 OK"
2026-03-22 11:30:01,124 | INFO | HTTP Request: GET https://www.okx.com/api/v5/public/instruments?instType=SWAP "HTTP/2 200 OK"
2026-03-22 11:30:01,386 | INFO | HTTP Request: GET https://www.okx.com/api/v5/account/balance "HTTP/2 200 OK"
2026-03-22 11:30:01,548 | INFO | HTTP Request: GET https://www.okx.com/api/v5/market/ticker?instId=YGG-USDT-SWAP "HTTP/2 200 OK"
2026-03-22 11:30:01,760 | INFO | HTTP Request: GET https://www.okx.com/api/v5/trade/orders-pending?instType=SWAP&instId=1INCH-USDT-SWAP "HTTP/2 200 OK"
2026-03-22 11:30:01,978 | INFO | HTTP Request: GET https://www.okx.com/api/v5/market/candles?instId=YGG-USDT-SWAP&bar=5m&limit=89 "HTTP/2 200 OK"
2026-03-22 11:30:02,196 | INFO | HTTP Request: GET https://www.okx.com/api/v5/market/ticker?instId=1INCH-USDT-SWAP "HTTP/2 200 OK"
2026-03-22 11:30:02,458 | INFO | HTTP Request: GET https://www.okx.com/api/v5/account/positions?instType=SWAP "HTTP/2 200 OK"
2026-03-22 11:30:02,510 | INFO | HTTP Request: GET https://www.okx.com/api/v5/market/ticker?instId=ZBCN-USDT-SWAP "HTTP/2 200 OK"
2026-03-22 11:30:02,540 | INFO | HTTP Request: GET https://www.okx.com/api/v5/market/candles?instId=BTC-USDT-SWAP&bar=5m&limit=64 "HTTP/2 200 OK"
2026-03-22 11:30:02,834 | INFO | HTTP Request: GET https://www.okx.com/api/v5/market/candles?instId=BNB-USDT-SWAP&bar=15m&limit=121 "HTTP/2 200 OK"
2026-03-22 11:30:02,889 | INFO | HTTP Request: GET https://www.okx.com/api/v5/market/candles?instId=ZBCN-USDT-SWAP&bar=5m&limit=89 "HTTP/2 200 OK"
2026-03-22 11:30:03,232 | INFO | HTTP Request: GET https://www.okx.com/api/v5/market/candles?instId=BNB-USDT-SWAP&bar=5m&limit=97 "HTTP/2 200 OK"
2026-03-22 11:30:03,381 | INFO | HTTP Request: GET https://www.okx.com/api/v5/market/ticker?instId=ZETA-USDT-SWAP "HTTP/2 200 OK"
2026-03-22 11:30:03,602 | INFO | HTTP Request: GET https://www.okx.com/api/v5/market/history-trades?instId=BNB-USDT-SWAP&limit=100 "HTTP/2 200 OK"
2026-03-22 11:30:03,755 | INFO | HTTP Request: GET https://www.okx.com/api/v5/market/candles?instId=ZETA-USDT-SWAP&bar=5m&limit=89 "HTTP/2 200 OK"
2026-03-22 11:30:04,017 | INFO | HTTP Request: GET https://www.okx.com/api/v5/market/books?instId=BNB-USDT-SWAP&sz=5 "HTTP/2 200 OK"
2026-03-22 11:30:04,251 | INFO | HTTP Request: GET https://www.okx.com/api/v5/market/ticker?instId=ZIL-USDT-SWAP "HTTP/2 200 OK"
2026-03-22 11:30:04,639 | INFO | HTTP Request: GET https://www.okx.com/api/v5/market/candles?instId=ZIL-USDT-SWAP&bar=5m&limit=89 "HTTP/2 200 OK"
2026-03-22 11:30:04,667 | INFO | HTTP Request: GET https://www.okx.com/api/v5/market/books?instId=BNB-USDT-SWAP&sz=5 "HTTP/2 200 OK"
2026-03-22 11:30:05,173 | INFO | HTTP Request: GET https://www.okx.com/api/v5/market/ticker?instId=MAGIC-USDT-SWAP "HTTP/2 200 OK"
2026-03-22 11:30:05,271 | INFO | HTTP Request: GET https://www.okx.com/api/v5/market/books?instId=BNB-USDT-SWAP&sz=5 "HTTP/2 200 OK"
2026-03-22 11:30:05,555 | INFO | HTTP Request: GET https://www.okx.com/api/v5/market/candles?instId=MAGIC-USDT-SWAP&bar=5m&limit=89 "HTTP/2 200 OK"
2026-03-22 11:30:05,668 | INFO | HTTP Request: GET https://www.okx.com/api/v5/account/balance "HTTP/2 200 OK"
2026-03-22 11:30:05,867 | INFO | HTTP Request: GET https://www.okx.com/api/v5/market/books?instId=BNB-USDT-SWAP&sz=5 "HTTP/2 200 OK"
2026-03-22 11:30:06,102 | INFO | HTTP Request: GET https://www.okx.com/api/v5/market/ticker?instId=ICP-USDT-SWAP "HTTP/2 200 OK"
2026-03-22 11:30:06,285 | INFO | HTTP Request: GET https://www.okx.com/api/v5/market/candles?instId=BOME-USDT-SWAP&bar=15m&limit=121 "HTTP/2 200 OK"
2026-03-22 11:30:06,491 | INFO | HTTP Request: GET https://www.okx.com/api/v5/market/candles?instId=ICP-USDT-SWAP&bar=5m&limit=89 "HTTP/2 200 OK"
2026-03-22 11:30:06,697 | INFO | HTTP Request: GET https://www.okx.com/api/v5/market/candles?instId=BOME-USDT-SWAP&bar=5m&limit=97 "HTTP/2 200 OK"
2026-03-22 11:30:07,013 | INFO | HTTP Request: GET https://www.okx.com/api/v5/market/ticker?instId=SUI-USDT-SWAP "HTTP/2 200 OK"
2026-03-22 11:30:07,109 | INFO | HTTP Request: GET https://www.okx.com/api/v5/market/history-trades?instId=BOME-USDT-SWAP&limit=100 "HTTP/2 200 OK"
2026-03-22 11:30:07,392 | INFO | HTTP Request: GET https://www.okx.com/api/v5/market/candles?instId=SUI-USDT-SWAP&bar=5m&limit=89 "HTTP/2 200 OK"
2026-03-22 11:30:07,527 | INFO | HTTP Request: GET https://www.okx.com/api/v5/market/books?instId=BOME-USDT-SWAP&sz=5 "HTTP/2 200 OK"
2026-03-22 11:30:07,951 | INFO | HTTP Request: GET https://www.okx.com/api/v5/market/ticker?instId=ETHFI-USDT-SWAP "HTTP/2 200 OK"
2026-03-22 11:30:08,169 | INFO | HTTP Request: GET https://www.okx.com/api/v5/market/books?instId=BOME-USDT-SWAP&sz=5 "HTTP/2 200 OK"
2026-03-22 11:30:08,329 | INFO | HTTP Request: GET https://www.okx.com/api/v5/market/candles?instId=ETHFI-USDT-SWAP&bar=5m&limit=89 "HTTP/2 200 OK"
2026-03-22 11:30:08,765 | INFO | HTTP Request: GET https://www.okx.com/api/v5/market/books?instId=BOME-USDT-SWAP&sz=5 "HTTP/2 200 OK"
2026-03-22 11:30:08,788 | INFO | HTTP Request: GET https://www.okx.com/api/v5/market/candles?instId=BTC-USDT-SWAP&bar=5m&limit=64 "HTTP/2 200 OK"
2026-03-22 11:30:09,255 | INFO | HTTP Request: GET https://www.okx.com/api/v5/market/ticker?instId=SOL-USDT-SWAP "HTTP/2 200 OK"
2026-03-22 11:30:09,364 | INFO | HTTP Request: GET https://www.okx.com/api/v5/market/books?instId=BOME-USDT-SWAP&sz=5 "HTTP/2 200 OK"
2026-03-22 11:30:09,671 | INFO | HTTP Request: GET https://www.okx.com/api/v5/market/candles?instId=SOL-USDT-SWAP&bar=5m&limit=89 "HTTP/2 200 OK"
2026-03-22 11:30:09,767 | INFO | HTTP Request: GET https://www.okx.com/api/v5/market/candles?instId=BRETT-USDT-SWAP&bar=15m&limit=121 "HTTP/2 200 OK"
2026-03-22 11:30:10,187 | INFO | HTTP Request: GET https://www.okx.com/api/v5/market/candles?instId=BRETT-USDT-SWAP&bar=5m&limit=97 "HTTP/2 200 OK"
2026-03-22 11:30:10,189 | INFO | HTTP Request: GET https://www.okx.com/api/v5/market/ticker?instId=AAVE-USDT-SWAP "HTTP/2 200 OK"
2026-03-22 11:30:10,600 | INFO | HTTP Request: GET https://www.okx.com/api/v5/market/history-trades?instId=BRETT-USDT-SWAP&limit=100 "HTTP/2 200 OK"
2026-03-22 11:30:10,604 | INFO | HTTP Request: GET https://www.okx.com/api/v5/market/candles?instId=AAVE-USDT-SWAP&bar=5m&limit=89 "HTTP/2 200 OK"
2026-03-22 11:30:11,000 | INFO | HTTP Request: GET https://www.okx.com/api/v5/account/balance "HTTP/2 200 OK"
2026-03-22 11:30:11,027 | INFO | HTTP Request: GET https://www.okx.com/api/v5/market/books?instId=BRETT-USDT-SWAP&sz=5 "HTTP/2 200 OK"
2026-03-22 11:30:11,126 | INFO | HTTP Request: GET https://www.okx.com/api/v5/market/ticker?instId=1INCH-USDT-SWAP "HTTP/2 200 OK"
2026-03-22 11:30:11,512 | INFO | HTTP Request: GET https://www.okx.com/api/v5/market/candles?instId=1INCH-USDT-SWAP&bar=5m&limit=89 "HTTP/2 200 OK"
2026-03-22 11:30:11,627 | INFO | HTTP Request: GET https://www.okx.com/api/v5/market/books?instId=BRETT-USDT-SWAP&sz=5 "HTTP/2 200 OK"
2026-03-22 11:30:12,041 | INFO | HTTP Request: GET https://www.okx.com/api/v5/market/ticker?instId=2Z-USDT-SWAP "HTTP/2 200 OK"
2026-03-22 11:30:12,274 | INFO | HTTP Request: GET https://www.okx.com/api/v5/market/books?instId=BRETT-USDT-SWAP&sz=5 "HTTP/2 200 OK"
2026-03-22 11:30:12,441 | INFO | HTTP Request: GET https://www.okx.com/api/v5/market/candles?instId=2Z-USDT-SWAP&bar=5m&limit=89 "HTTP/2 200 OK"
2026-03-22 11:30:12,875 | INFO | HTTP Request: GET https://www.okx.com/api/v5/market/books?instId=BRETT-USDT-SWAP&sz=5 "HTTP/2 200 OK"
2026-03-22 11:30:12,974 | INFO | HTTP Request: GET https://www.okx.com/api/v5/market/ticker?instId=A-USDT-SWAP "HTTP/2 200 OK"
2026-03-22 11:30:13,267 | INFO | HTTP Request: GET https://www.okx.com/api/v5/market/candles?instId=BTC-USDT-SWAP&bar=15m&limit=121 "HTTP/2 200 OK"
2026-03-22 11:30:13,349 | INFO | HTTP Request: GET https://www.okx.com/api/v5/market/candles?instId=A-USDT-SWAP&bar=5m&limit=89 "HTTP/2 200 OK"
2026-03-22 11:30:13,671 | INFO | HTTP Request: GET https://www.okx.com/api/v5/market/candles?instId=BTC-USDT-SWAP&bar=5m&limit=97 "HTTP/2 200 OK"
2026-03-22 11:30:13,889 | INFO | HTTP Request: GET https://www.okx.com/api/v5/market/ticker?instId=ACT-USDT-SWAP "HTTP/2 200 OK"
2026-03-22 11:30:14,100 | INFO | HTTP Request: GET https://www.okx.com/api/v5/market/history-trades?instId=BTC-USDT-SWAP&limit=100 "HTTP/2 200 OK"
2026-03-22 11:30:14,304 | INFO | HTTP Request: GET https://www.okx.com/api/v5/market/candles?instId=ACT-USDT-SWAP&bar=5m&limit=89 "HTTP/2 200 OK"
2026-03-22 11:30:14,520 | INFO | HTTP Request: GET https://www.okx.com/api/v5/market/books?instId=BTC-USDT-SWAP&sz=5 "HTTP/2 200 OK"
2026-03-22 11:30:14,817 | INFO | HTTP Request: GET https://www.okx.com/api/v5/market/ticker?instId=ADA-USDT-SWAP "HTTP/2 200 OK"
2026-03-22 11:30:15,123 | INFO | HTTP Request: GET https://www.okx.com/api/v5/market/books?instId=BTC-USDT-SWAP&sz=5 "HTTP/2 200 OK"
2026-03-22 11:30:15,202 | INFO | HTTP Request: GET https://www.okx.com/api/v5/market/candles?instId=ADA-USDT-SWAP&bar=5m&limit=89 "HTTP/2 200 OK"
2026-03-22 11:30:15,716 | INFO | HTTP Request: GET https://www.okx.com/api/v5/market/books?instId=BTC-USDT-SWAP&sz=5 "HTTP/2 200 OK"
2026-03-22 11:30:15,724 | INFO | HTTP Request: GET https://www.okx.com/api/v5/market/ticker?instId=AI16Z-USDT-SWAP "HTTP/2 200 OK"
2026-03-22 11:30:16,116 | INFO | HTTP Request: GET https://www.okx.com/api/v5/market/candles?instId=AI16Z-USDT-SWAP&bar=5m&limit=89 "HTTP/2 200 OK"
2026-03-22 11:30:16,313 | INFO | HTTP Request: GET https://www.okx.com/api/v5/market/books?instId=BTC-USDT-SWAP&sz=5 "HTTP/2 200 OK"
2026-03-22 11:30:16,605 | INFO | HTTP Request: GET https://www.okx.com/api/v5/account/balance "HTTP/2 200 OK"
2026-03-22 11:30:16,647 | INFO | HTTP Request: GET https://www.okx.com/api/v5/market/ticker?instId=AKITA-USDT-SWAP "HTTP/2 200 OK"
2026-03-22 11:30:16,747 | INFO | HTTP Request: GET https://www.okx.com/api/v5/market/candles?instId=1INCH-USDT-SWAP&bar=5m&limit=71 "HTTP/2 200 OK"
2026-03-22 11:30:17,020 | INFO | HTTP Request: GET https://www.okx.com/api/v5/market/candles?instId=AKITA-USDT-SWAP&bar=5m&limit=89 "HTTP/2 200 OK"
2026-03-22 11:30:17,132 | INFO | HTTP Request: GET https://www.okx.com/api/v5/market/candles?instId=2Z-USDT-SWAP&bar=5m&limit=71 "HTTP/2 200 OK"
2026-03-22 11:30:17,535 | INFO | HTTP Request: GET https://www.okx.com/api/v5/market/candles?instId=ALGO-USDT-SWAP&bar=5m&limit=71 "HTTP/2 200 OK"
2026-03-22 11:30:17,557 | INFO | HTTP Request: GET https://www.okx.com/api/v5/market/ticker?instId=ALGO-USDT-SWAP "HTTP/2 200 OK"
2026-03-22 11:30:17,942 | INFO | HTTP Request: GET https://www.okx.com/api/v5/market/candles?instId=ALGO-USDT-SWAP&bar=5m&limit=89 "HTTP/2 200 OK"
2026-03-22 11:30:17,961 | INFO | HTTP Request: GET https://www.okx.com/api/v5/market/candles?instId=ARB-USDT-SWAP&bar=5m&limit=71 "HTTP/2 200 OK"
2026-03-22 11:30:18,165 | INFO | HTTP Request: GET https://www.okx.com/api/v5/market/candles?instId=BTC-USDT-SWAP&bar=5m&limit=64 "HTTP/2 200 OK"
2026-03-22 11:30:18,352 | INFO | HTTP Request: GET https://www.okx.com/api/v5/market/candles?instId=ATOM-USDT-SWAP&bar=5m&limit=71 "HTTP/2 200 OK"
2026-03-22 11:30:18,487 | INFO | HTTP Request: GET https://www.okx.com/api/v5/market/ticker?instId=ARB-USDT-SWAP "HTTP/2 200 OK"
2026-03-22 11:30:18,784 | INFO | HTTP Request: GET https://www.okx.com/api/v5/market/candles?instId=AUCTION-USDT-SWAP&bar=5m&limit=71 "HTTP/2 200 OK"
2026-03-22 11:30:18,987 | INFO | HTTP Request: GET https://www.okx.com/api/v5/market/ticker?instId=ASP-USDT-SWAP "HTTP/2 200 OK"
2026-03-22 11:30:19,168 | INFO | HTTP Request: GET https://www.okx.com/api/v5/market/candles?instId=AVAX-USDT-SWAP&bar=5m&limit=71 "HTTP/2 200 OK"
2026-03-22 11:30:19,375 | INFO | HTTP Request: GET https://www.okx.com/api/v5/market/candles?instId=ASP-USDT-SWAP&bar=5m&limit=89 "HTTP/2 200 OK"
2026-03-22 11:30:19,588 | INFO | HTTP Request: GET https://www.okx.com/api/v5/market/candles?instId=AXS-USDT-SWAP&bar=5m&limit=71 "HTTP/2 200 OK"
2026-03-22 11:30:19,916 | INFO | HTTP Request: GET https://www.okx.com/api/v5/market/ticker?instId=ASTER-USDT-SWAP "HTTP/2 200 OK"
2026-03-22 11:30:20,010 | INFO | HTTP Request: GET https://www.okx.com/api/v5/market/candles?instId=BNB-USDT-SWAP&bar=5m&limit=71 "HTTP/2 200 OK"
2026-03-22 11:30:20,300 | INFO | HTTP Request: GET https://www.okx.com/api/v5/market/candles?instId=ASTER-USDT-SWAP&bar=5m&limit=89 "HTTP/2 200 OK"
2026-03-22 11:30:20,403 | INFO | HTTP Request: GET https://www.okx.com/api/v5/market/candles?instId=BTC-USDT-SWAP&bar=5m&limit=71 "HTTP/2 200 OK"
2026-03-22 11:30:20,838 | INFO | HTTP Request: GET https://www.okx.com/api/v5/market/ticker?instId=ATOM-USDT-SWAP "HTTP/2 200 OK"
2026-03-22 11:30:20,839 | INFO | HTTP Request: GET https://www.okx.com/api/v5/market/candles?instId=MAGIC-USDT-SWAP&bar=5m&limit=26 "HTTP/2 200 OK"
2026-03-22 11:30:21,224 | INFO | HTTP Request: GET https://www.okx.com/api/v5/market/ticker?instId=MAGIC-USDT-SWAP "HTTP/2 200 OK"
2026-03-22 11:30:21,338 | INFO | HTTP Request: GET https://www.okx.com/api/v5/market/ticker?instId=AUCTION-USDT-SWAP "HTTP/2 200 OK"
2026-03-22 11:30:21,555 | INFO | HTTP Request: GET https://www.okx.com/api/v5/trade/orders-algo-pending?ordType=conditional&instType=SWAP&instId=MAGIC-USDT-SWAP "HTTP/2 200 OK"
2026-03-22 11:30:21,805 | INFO | HTTP Request: GET https://www.okx.com/api/v5/trade/orders-algo-pending?ordType=oco&instType=SWAP&instId=MAGIC-USDT-SWAP "HTTP/2 200 OK"
2026-03-22 11:30:21,862 | INFO | HTTP Request: GET https://www.okx.com/api/v5/market/ticker?instId=AVAX-USDT-SWAP "HTTP/2 200 OK"
2026-03-22 11:30:21,923 | INFO | HTTP Request: GET https://www.okx.com/api/v5/account/balance "HTTP/2 200 OK"
2026-03-22 11:30:22,049 | INFO | HTTP Request: GET https://www.okx.com/api/v5/trade/orders-algo-pending?ordType=trigger&instType=SWAP&instId=MAGIC-USDT-SWAP "HTTP/2 200 OK"
2026-03-22 11:30:22,291 | INFO | HTTP Request: GET https://www.okx.com/api/v5/trade/orders-algo-pending?ordType=move_order_stop&instType=SWAP&instId=MAGIC-USDT-SWAP "HTTP/2 200 OK"
2026-03-22 11:30:22,402 | INFO | HTTP Request: GET https://www.okx.com/api/v5/market/ticker?instId=AXS-USDT-SWAP "HTTP/2 200 OK"
2026-03-22 11:30:22,531 | INFO | HTTP Request: GET https://www.okx.com/api/v5/trade/orders-algo-pending?ordType=iceberg&instType=SWAP&instId=MAGIC-USDT-SWAP "HTTP/2 200 OK"
2026-03-22 11:30:22,774 | INFO | HTTP Request: GET https://www.okx.com/api/v5/trade/orders-algo-pending?ordType=twap&instType=SWAP&instId=MAGIC-USDT-SWAP "HTTP/2 200 OK"
2026-03-22 11:30:22,913 | INFO | HTTP Request: GET https://www.okx.com/api/v5/market/ticker?instId=BAND-USDT-SWAP "HTTP/2 200 OK"
2026-03-22 11:30:23,010 | INFO | HTTP Request: GET https://www.okx.com/api/v5/trade/orders-algo-pending?ordType=chase&instType=SWAP&instId=MAGIC-USDT-SWAP "HTTP/2 200 OK"
2026-03-22 11:30:23,290 | INFO | HTTP Request: GET https://www.okx.com/api/v5/market/candles?instId=BAND-USDT-SWAP&bar=5m&limit=89 "HTTP/2 200 OK"
2026-03-22 11:30:23,372 | INFO | Amending exchange stop MAGIC-USDT-SWAP algo=3411332813277192192 payload=[{'instId': 'MAGIC-USDT-SWAP', 'algoId': '3411332813277192192', 'newSlTriggerPx': '0.059568', 'newSlOrdPx': '-1', 'newSlTriggerPxType': 'mark'}]
2026-03-22 11:30:23,625 | INFO | HTTP Request: POST https://www.okx.com/api/v5/trade/amend-algos "HTTP/2 200 OK"
2026-03-22 11:30:23,809 | INFO | HTTP Request: GET https://www.okx.com/api/v5/market/ticker?instId=BCH-USDT-SWAP "HTTP/2 200 OK"
2026-03-22 11:30:23,980 | INFO | Amending exchange stop MAGIC-USDT-SWAP algo=3411332813277192192 payload=[{'instId': 'MAGIC-USDT-SWAP', 'algoId': '3411332813277192192', 'newSlTriggerPx': '0.059568', 'newSlOrdPx': '-1', 'newSlTriggerPxType': 'mark'}]
2026-03-22 11:30:24,232 | INFO | HTTP Request: POST https://www.okx.com/api/v5/trade/amend-algos "HTTP/2 200 OK"
2026-03-22 11:30:24,266 | INFO | HTTP Request: GET https://www.okx.com/api/v5/market/candles?instId=BCH-USDT-SWAP&bar=5m&limit=89 "HTTP/2 200 OK"
2026-03-22 11:30:24,488 | INFO | HTTP Request: POST https://www.okx.com/api/v5/trade/cancel-algos "HTTP/2 200 OK"
2026-03-22 11:30:24,730 | INFO | HTTP Request: GET https://www.okx.com/api/v5/trade/orders-algo-pending?ordType=conditional&instType=SWAP&instId=MAGIC-USDT-SWAP "HTTP/2 200 OK"
2026-03-22 11:30:24,754 | INFO | HTTP Request: GET https://www.okx.com/api/v5/market/ticker?instId=BIO-USDT-SWAP "HTTP/2 200 OK"
2026-03-22 11:30:24,971 | INFO | HTTP Request: GET https://www.okx.com/api/v5/trade/orders-algo-pending?ordType=oco&instType=SWAP&instId=MAGIC-USDT-SWAP "HTTP/2 200 OK"
2026-03-22 11:30:25,130 | INFO | HTTP Request: GET https://www.okx.com/api/v5/market/candles?instId=BIO-USDT-SWAP&bar=5m&limit=89 "HTTP/2 200 OK"
2026-03-22 11:30:25,212 | INFO | HTTP Request: GET https://www.okx.com/api/v5/trade/orders-algo-pending?ordType=trigger&instType=SWAP&instId=MAGIC-USDT-SWAP "HTTP/2 200 OK"
2026-03-22 11:30:25,453 | INFO | HTTP Request: GET https://www.okx.com/api/v5/trade/orders-algo-pending?ordType=move_order_stop&instType=SWAP&instId=MAGIC-USDT-SWAP "HTTP/2 200 OK"
2026-03-22 11:30:25,669 | INFO | HTTP Request: GET https://www.okx.com/api/v5/market/ticker?instId=BLUAI-USDT-SWAP "HTTP/2 200 OK"
2026-03-22 11:30:25,696 | INFO | HTTP Request: GET https://www.okx.com/api/v5/trade/orders-algo-pending?ordType=iceberg&instType=SWAP&instId=MAGIC-USDT-SWAP "HTTP/2 200 OK"
2026-03-22 11:30:25,979 | INFO | HTTP Request: GET https://www.okx.com/api/v5/trade/orders-algo-pending?ordType=twap&instType=SWAP&instId=MAGIC-USDT-SWAP "HTTP/2 200 OK"
2026-03-22 11:30:26,061 | INFO | HTTP Request: GET https://www.okx.com/api/v5/market/candles?instId=BLUAI-USDT-SWAP&bar=5m&limit=89 "HTTP/2 200 OK"
2026-03-22 11:30:26,244 | INFO | HTTP Request: GET https://www.okx.com/api/v5/trade/orders-algo-pending?ordType=chase&instType=SWAP&instId=MAGIC-USDT-SWAP "HTTP/2 200 OK"
2026-03-22 11:30:26,485 | INFO | HTTP Request: GET https://www.okx.com/api/v5/trade/orders-algo-pending?ordType=conditional&instType=SWAP&instId=MAGIC-USDT-SWAP "HTTP/2 200 OK"
2026-03-22 11:30:26,605 | INFO | HTTP Request: GET https://www.okx.com/api/v5/market/ticker?instId=BNB-USDT-SWAP "HTTP/2 200 OK"
2026-03-22 11:30:26,724 | INFO | HTTP Request: GET https://www.okx.com/api/v5/trade/orders-algo-pending?ordType=oco&instType=SWAP&instId=MAGIC-USDT-SWAP "HTTP/2 200 OK"
2026-03-22 11:30:26,965 | INFO | HTTP Request: GET https://www.okx.com/api/v5/trade/orders-algo-pending?ordType=trigger&instType=SWAP&instId=MAGIC-USDT-SWAP "HTTP/2 200 OK"
2026-03-22 11:30:27,097 | INFO | HTTP Request: GET https://www.okx.com/api/v5/market/ticker?instId=BOME-USDT-SWAP "HTTP/2 200 OK"
2026-03-22 11:30:27,228 | INFO | HTTP Request: GET https://www.okx.com/api/v5/trade/orders-algo-pending?ordType=move_order_stop&instType=SWAP&instId=MAGIC-USDT-SWAP "HTTP/2 200 OK"
2026-03-22 11:30:27,239 | INFO | HTTP Request: GET https://www.okx.com/api/v5/account/balance "HTTP/2 200 OK"
2026-03-22 11:30:27,471 | INFO | HTTP Request: GET https://www.okx.com/api/v5/trade/orders-algo-pending?ordType=iceberg&instType=SWAP&instId=MAGIC-USDT-SWAP "HTTP/2 200 OK"
2026-03-22 11:30:27,523 | INFO | HTTP Request: GET https://www.okx.com/api/v5/market/candles?instId=BTC-USDT-SWAP&bar=5m&limit=64 "HTTP/2 200 OK"
2026-03-22 11:30:27,579 | INFO | HTTP Request: GET https://www.okx.com/api/v5/market/ticker?instId=BRETT-USDT-SWAP "HTTP/2 200 OK"
2026-03-22 11:30:27,713 | INFO | HTTP Request: GET https://www.okx.com/api/v5/trade/orders-algo-pending?ordType=twap&instType=SWAP&instId=MAGIC-USDT-SWAP "HTTP/2 200 OK"
2026-03-22 11:30:27,973 | INFO | HTTP Request: GET https://www.okx.com/api/v5/trade/orders-algo-pending?ordType=chase&instType=SWAP&instId=MAGIC-USDT-SWAP "HTTP/2 200 OK"
2026-03-22 11:30:27,978 | INFO | Placing exchange stop MAGIC-USDT-SWAP short payload={'instId': 'MAGIC-USDT-SWAP', 'tdMode': 'isolated', 'side': 'buy', 'posSide': 'net', 'ordType': 'conditional', 'reduceOnly': 'true', 'closeFraction': '1', 'slTriggerPx': '0.059568', 'slTriggerPxType': 'mark', 'slOrdPx': '-1'}
2026-03-22 11:30:28,109 | INFO | HTTP Request: GET https://www.okx.com/api/v5/market/ticker?instId=BTC-USDT-SWAP "HTTP/2 200 OK"
2026-03-22 11:30:28,223 | INFO | HTTP Request: POST https://www.okx.com/api/v5/trade/order-algo "HTTP/2 200 OK"
2026-03-22 11:30:28,463 | INFO | HTTP Request: GET https://www.okx.com/api/v5/trade/orders-algo-pending?ordType=conditional&instType=SWAP&instId=MAGIC-USDT-SWAP "HTTP/2 200 OK"
2026-03-22 11:30:28,621 | INFO | HTTP Request: GET https://www.okx.com/api/v5/market/ticker?instId=CAT-USDT-SWAP "HTTP/2 200 OK"
2026-03-22 11:30:28,704 | INFO | HTTP Request: GET https://www.okx.com/api/v5/trade/orders-algo-pending?ordType=oco&instType=SWAP&instId=MAGIC-USDT-SWAP "HTTP/2 200 OK"
2026-03-22 11:30:28,949 | INFO | HTTP Request: GET https://www.okx.com/api/v5/trade/orders-algo-pending?ordType=trigger&instType=SWAP&instId=MAGIC-USDT-SWAP "HTTP/2 200 OK"
2026-03-22 11:30:29,039 | INFO | HTTP Request: GET https://www.okx.com/api/v5/market/candles?instId=CAT-USDT-SWAP&bar=5m&limit=89 "HTTP/2 200 OK"
2026-03-22 11:30:29,194 | INFO | HTTP Request: GET https://www.okx.com/api/v5/trade/orders-algo-pending?ordType=move_order_stop&instType=SWAP&instId=MAGIC-USDT-SWAP "HTTP/2 200 OK"
2026-03-22 11:30:29,437 | INFO | HTTP Request: GET https://www.okx.com/api/v5/trade/orders-algo-pending?ordType=iceberg&instType=SWAP&instId=MAGIC-USDT-SWAP "HTTP/2 200 OK"
2026-03-22 11:30:29,546 | INFO | HTTP Request: GET https://www.okx.com/api/v5/market/ticker?instId=CATI-USDT-SWAP "HTTP/2 200 OK"
2026-03-22 11:30:29,680 | INFO | HTTP Request: GET https://www.okx.com/api/v5/trade/orders-algo-pending?ordType=twap&instType=SWAP&instId=MAGIC-USDT-SWAP "HTTP/2 200 OK"
2026-03-22 11:30:29,922 | INFO | HTTP Request: GET https://www.okx.com/api/v5/market/candles?instId=CATI-USDT-SWAP&bar=5m&limit=89 "HTTP/2 200 OK"
2026-03-22 11:30:29,924 | INFO | HTTP Request: GET https://www.okx.com/api/v5/trade/orders-algo-pending?ordType=chase&instType=SWAP&instId=MAGIC-USDT-SWAP "HTTP/2 200 OK"
2026-03-22 11:30:29,938 | INFO | Placing order MAGIC-USDT-SWAP sell qty=41748.0 attach_stop=0.0
2026-03-22 11:30:30,180 | INFO | HTTP Request: POST https://www.okx.com/api/v5/trade/order "HTTP/2 200 OK"
2026-03-22 11:30:30,416 | INFO | HTTP Request: GET https://www.okx.com/api/v5/market/ticker?instId=CELO-USDT-SWAP "HTTP/2 200 OK"
2026-03-22 11:30:30,433 | INFO | HTTP Request: GET https://www.okx.com/api/v5/account/positions?instType=SWAP "HTTP/2 200 OK"
2026-03-22 11:30:30,794 | INFO | HTTP Request: GET https://www.okx.com/api/v5/market/candles?instId=CELO-USDT-SWAP&bar=5m&limit=89 "HTTP/2 200 OK"
2026-03-22 11:30:31,344 | INFO | HTTP Request: GET https://www.okx.com/api/v5/market/ticker?instId=CFX-USDT-SWAP "HTTP/2 200 OK"
2026-03-22 11:30:31,420 | INFO | HTTP Request: GET https://www.okx.com/api/v5/market/candles?instId=ICP-USDT-SWAP&bar=5m&limit=26 "HTTP/2 200 OK"
2026-03-22 11:30:31,720 | INFO | HTTP Request: GET https://www.okx.com/api/v5/market/candles?instId=CFX-USDT-SWAP&bar=5m&limit=89 "HTTP/2 200 OK"
2026-03-22 11:30:31,844 | INFO | HTTP Request: GET https://www.okx.com/api/v5/market/ticker?instId=ICP-USDT-SWAP "HTTP/2 200 OK"
2026-03-22 11:30:32,114 | INFO | HTTP Request: GET https://www.okx.com/api/v5/trade/orders-algo-pending?ordType=conditional&instType=SWAP&instId=ICP-USDT-SWAP "HTTP/2 200 OK"
2026-03-22 11:30:32,252 | INFO | HTTP Request: GET https://www.okx.com/api/v5/market/ticker?instId=CHZ-USDT-SWAP "HTTP/2 200 OK"
2026-03-22 11:30:32,358 | INFO | HTTP Request: GET https://www.okx.com/api/v5/trade/orders-algo-pending?ordType=oco&instType=SWAP&instId=ICP-USDT-SWAP "HTTP/2 200 OK"
2026-03-22 11:30:32,505 | INFO | HTTP Request: GET https://www.okx.com/api/v5/account/balance "HTTP/2 200 OK"
2026-03-22 11:30:32,604 | INFO | HTTP Request: GET https://www.okx.com/api/v5/trade/orders-algo-pending?ordType=trigger&instType=SWAP&instId=ICP-USDT-SWAP "HTTP/2 200 OK"
2026-03-22 11:30:32,637 | INFO | HTTP Request: GET https://www.okx.com/api/v5/market/candles?instId=CHZ-USDT-SWAP&bar=5m&limit=89 "HTTP/2 200 OK"
2026-03-22 11:30:32,851 | INFO | HTTP Request: GET https://www.okx.com/api/v5/trade/orders-algo-pending?ordType=move_order_stop&instType=SWAP&instId=ICP-USDT-SWAP "HTTP/2 200 OK"
2026-03-22 11:30:33,088 | INFO | HTTP Request: GET https://www.okx.com/api/v5/trade/orders-algo-pending?ordType=iceberg&instType=SWAP&instId=ICP-USDT-SWAP "HTTP/2 200 OK"
2026-03-22 11:30:33,128 | INFO | HTTP Request: GET https://www.okx.com/api/v5/market/ticker?instId=COAI-USDT-SWAP "HTTP/2 200 OK"
2026-03-22 11:30:33,331 | INFO | HTTP Request: GET https://www.okx.com/api/v5/trade/orders-algo-pending?ordType=twap&instType=SWAP&instId=ICP-USDT-SWAP "HTTP/2 200 OK"
2026-03-22 11:30:33,508 | INFO | HTTP Request: GET https://www.okx.com/api/v5/market/candles?instId=COAI-USDT-SWAP&bar=5m&limit=89 "HTTP/2 200 OK"
2026-03-22 11:30:33,574 | INFO | HTTP Request: GET https://www.okx.com/api/v5/trade/orders-algo-pending?ordType=chase&instType=SWAP&instId=ICP-USDT-SWAP "HTTP/2 200 OK"
2026-03-22 11:30:33,771 | INFO | HTTP Request: GET https://www.okx.com/api/v5/market/candles?instId=BTC-USDT-SWAP&bar=5m&limit=64 "HTTP/2 200 OK"
2026-03-22 11:30:33,929 | INFO | Amending exchange stop ICP-USDT-SWAP algo=3411301299223093248 payload=[{'instId': 'ICP-USDT-SWAP', 'algoId': '3411301299223093248', 'newSlTriggerPx': '2.4081', 'newSlOrdPx': '-1', 'newSlTriggerPxType': 'mark'}]
2026-03-22 11:30:34,034 | INFO | HTTP Request: GET https://www.okx.com/api/v5/market/ticker?instId=COMP-USDT-SWAP "HTTP/2 200 OK"
2026-03-22 11:30:34,178 | INFO | HTTP Request: POST https://www.okx.com/api/v5/trade/amend-algos "HTTP/2 200 OK"
2026-03-22 11:30:34,502 | INFO | HTTP Request: GET https://www.okx.com/api/v5/market/candles?instId=COMP-USDT-SWAP&bar=5m&limit=89 "HTTP/2 200 OK"
2026-03-22 11:30:34,534 | INFO | Amending exchange stop ICP-USDT-SWAP algo=3411301299223093248 payload=[{'instId': 'ICP-USDT-SWAP', 'algoId': '3411301299223093248', 'newSlTriggerPx': '2.4081', 'newSlOrdPx': '-1', 'newSlTriggerPxType': 'mark'}]
2026-03-22 11:30:34,780 | INFO | HTTP Request: POST https://www.okx.com/api/v5/trade/amend-algos "HTTP/2 200 OK"
2026-03-22 11:30:35,002 | INFO | HTTP Request: GET https://www.okx.com/api/v5/market/ticker?instId=CRO-USDT-SWAP "HTTP/2 200 OK"
2026-03-22 11:30:35,030 | INFO | HTTP Request: POST https://www.okx.com/api/v5/trade/cancel-algos "HTTP/2 200 OK"
2026-03-22 11:30:35,271 | INFO | HTTP Request: GET https://www.okx.com/api/v5/trade/orders-algo-pending?ordType=conditional&instType=SWAP&instId=ICP-USDT-SWAP "HTTP/2 200 OK"
2026-03-22 11:30:35,366 | INFO | HTTP Request: GET https://www.okx.com/api/v5/market/candles?instId=CRO-USDT-SWAP&bar=5m&limit=89 "HTTP/2 200 OK"
2026-03-22 11:30:35,512 | INFO | HTTP Request: GET https://www.okx.com/api/v5/trade/orders-algo-pending?ordType=oco&instType=SWAP&instId=ICP-USDT-SWAP "HTTP/2 200 OK"
2026-03-22 11:30:35,872 | INFO | HTTP Request: GET https://www.okx.com/api/v5/market/ticker?instId=CRV-USDT-SWAP "HTTP/2 200 OK"
2026-03-22 11:30:36,019 | INFO | HTTP Request: GET https://www.okx.com/api/v5/trade/orders-algo-pending?ordType=trigger&instType=SWAP&instId=ICP-USDT-SWAP "HTTP/2 200 OK"
2026-03-22 11:30:36,260 | INFO | HTTP Request: GET https://www.okx.com/api/v5/trade/orders-algo-pending?ordType=move_order_stop&instType=SWAP&instId=ICP-USDT-SWAP "HTTP/2 200 OK"
2026-03-22 11:30:36,296 | INFO | HTTP Request: GET https://www.okx.com/api/v5/market/candles?instId=CRV-USDT-SWAP&bar=5m&limit=89 "HTTP/2 200 OK"
2026-03-22 11:30:36,502 | INFO | HTTP Request: GET https://www.okx.com/api/v5/trade/orders-algo-pending?ordType=iceberg&instType=SWAP&instId=ICP-USDT-SWAP "HTTP/2 200 OK"
2026-03-22 11:30:36,782 | INFO | HTTP Request: GET https://www.okx.com/api/v5/trade/orders-algo-pending?ordType=twap&instType=SWAP&instId=ICP-USDT-SWAP "HTTP/2 200 OK"
2026-03-22 11:30:36,784 | INFO | HTTP Request: GET https://www.okx.com/api/v5/market/ticker?instId=DOGE-USDT-SWAP "HTTP/2 200 OK"
2026-03-22 11:30:37,053 | INFO | HTTP Request: GET https://www.okx.com/api/v5/trade/orders-algo-pending?ordType=chase&instType=SWAP&instId=ICP-USDT-SWAP "HTTP/2 200 OK"
2026-03-22 11:30:37,183 | INFO | HTTP Request: GET https://www.okx.com/api/v5/market/candles?instId=DOGE-USDT-SWAP&bar=5m&limit=89 "HTTP/2 200 OK"
2026-03-22 11:30:37,293 | INFO | HTTP Request: GET https://www.okx.com/api/v5/trade/orders-algo-pending?ordType=conditional&instType=SWAP&instId=ICP-USDT-SWAP "HTTP/2 200 OK"
2026-03-22 11:30:37,533 | INFO | HTTP Request: GET https://www.okx.com/api/v5/trade/orders-algo-pending?ordType=oco&instType=SWAP&instId=ICP-USDT-SWAP "HTTP/2 200 OK"
2026-03-22 11:30:37,698 | INFO | HTTP Request: GET https://www.okx.com/api/v5/market/ticker?instId=DOT-USDT-SWAP "HTTP/2 200 OK"
2026-03-22 11:30:37,775 | INFO | HTTP Request: GET https://www.okx.com/api/v5/trade/orders-algo-pending?ordType=trigger&instType=SWAP&instId=ICP-USDT-SWAP "HTTP/2 200 OK"
2026-03-22 11:30:37,954 | INFO | HTTP Request: GET https://www.okx.com/api/v5/account/balance "HTTP/2 200 OK"
2026-03-22 11:30:38,016 | INFO | HTTP Request: GET https://www.okx.com/api/v5/trade/orders-algo-pending?ordType=move_order_stop&instType=SWAP&instId=ICP-USDT-SWAP "HTTP/2 200 OK"
2026-03-22 11:30:38,124 | INFO | HTTP Request: GET https://www.okx.com/api/v5/market/candles?instId=DOT-USDT-SWAP&bar=5m&limit=89 "HTTP/2 200 OK"
2026-03-22 11:30:38,253 | INFO | HTTP Request: GET https://www.okx.com/api/v5/trade/orders-algo-pending?ordType=iceberg&instType=SWAP&instId=ICP-USDT-SWAP "HTTP/2 200 OK"
2026-03-22 11:30:38,497 | INFO | HTTP Request: GET https://www.okx.com/api/v5/trade/orders-algo-pending?ordType=twap&instType=SWAP&instId=ICP-USDT-SWAP "HTTP/2 200 OK"
2026-03-22 11:30:38,609 | INFO | HTTP Request: GET https://www.okx.com/api/v5/market/ticker?instId=ENA-USDT-SWAP "HTTP/2 200 OK"
2026-03-22 11:30:38,741 | INFO | HTTP Request: GET https://www.okx.com/api/v5/trade/orders-algo-pending?ordType=chase&instType=SWAP&instId=ICP-USDT-SWAP "HTTP/2 200 OK"
2026-03-22 11:30:38,746 | INFO | Placing exchange stop ICP-USDT-SWAP short payload={'instId': 'ICP-USDT-SWAP', 'tdMode': 'isolated', 'side': 'buy', 'posSide': 'net', 'ordType': 'conditional', 'reduceOnly': 'true', 'closeFraction': '1', 'slTriggerPx': '2.4081', 'slTriggerPxType': 'mark', 'slOrdPx': '-1'}
2026-03-22 11:30:38,976 | INFO | HTTP Request: GET https://www.okx.com/api/v5/market/candles?instId=ENA-USDT-SWAP&bar=5m&limit=89 "HTTP/2 200 OK"
2026-03-22 11:30:38,991 | INFO | HTTP Request: POST https://www.okx.com/api/v5/trade/order-algo "HTTP/2 200 OK"
2026-03-22 11:30:39,235 | INFO | HTTP Request: GET https://www.okx.com/api/v5/trade/orders-algo-pending?ordType=conditional&instType=SWAP&instId=ICP-USDT-SWAP "HTTP/2 200 OK"
2026-03-22 11:30:39,475 | INFO | HTTP Request: GET https://www.okx.com/api/v5/market/ticker?instId=EOS-USDT-SWAP "HTTP/2 200 OK"
2026-03-22 11:30:39,478 | INFO | HTTP Request: GET https://www.okx.com/api/v5/trade/orders-algo-pending?ordType=oco&instType=SWAP&instId=ICP-USDT-SWAP "HTTP/2 200 OK"
2026-03-22 11:30:39,720 | INFO | HTTP Request: GET https://www.okx.com/api/v5/trade/orders-algo-pending?ordType=trigger&instType=SWAP&instId=ICP-USDT-SWAP "HTTP/2 200 OK"
2026-03-22 11:30:39,850 | INFO | HTTP Request: GET https://www.okx.com/api/v5/market/candles?instId=EOS-USDT-SWAP&bar=5m&limit=89 "HTTP/2 200 OK"
2026-03-22 11:30:39,964 | INFO | HTTP Request: GET https://www.okx.com/api/v5/trade/orders-algo-pending?ordType=move_order_stop&instType=SWAP&instId=ICP-USDT-SWAP "HTTP/2 200 OK"
2026-03-22 11:30:40,021 | INFO | HTTP Request: GET https://www.okx.com/api/v5/market/candles?instId=BTC-USDT-SWAP&bar=5m&limit=64 "HTTP/2 200 OK"
2026-03-22 11:30:40,207 | INFO | HTTP Request: GET https://www.okx.com/api/v5/trade/orders-algo-pending?ordType=iceberg&instType=SWAP&instId=ICP-USDT-SWAP "HTTP/2 200 OK"
2026-03-22 11:30:40,327 | INFO | HTTP Request: GET https://www.okx.com/api/v5/market/ticker?instId=ETC-USDT-SWAP "HTTP/2 200 OK"
2026-03-22 11:30:40,447 | INFO | HTTP Request: GET https://www.okx.com/api/v5/trade/orders-algo-pending?ordType=twap&instType=SWAP&instId=ICP-USDT-SWAP "HTTP/2 200 OK"
2026-03-22 11:30:40,691 | INFO | HTTP Request: GET https://www.okx.com/api/v5/trade/orders-algo-pending?ordType=chase&instType=SWAP&instId=ICP-USDT-SWAP "HTTP/2 200 OK"
2026-03-22 11:30:40,696 | INFO | HTTP Request: GET https://www.okx.com/api/v5/market/candles?instId=ETC-USDT-SWAP&bar=5m&limit=89 "HTTP/2 200 OK"
2026-03-22 11:30:41,189 | INFO | HTTP Request: GET https://www.okx.com/api/v5/market/ticker?instId=ETH-USDT-SWAP "HTTP/2 200 OK"
2026-03-22 11:30:41,568 | INFO | HTTP Request: GET https://www.okx.com/api/v5/market/candles?instId=ETH-USDT-SWAP&bar=5m&limit=89 "HTTP/2 200 OK"
2026-03-22 11:30:41,677 | INFO | HTTP Request: GET https://www.okx.com/api/v5/market/candles?instId=SUI-USDT-SWAP&bar=5m&limit=26 "HTTP/2 200 OK"
2026-03-22 11:30:42,076 | INFO | HTTP Request: GET https://www.okx.com/api/v5/market/ticker?instId=SUI-USDT-SWAP "HTTP/2 200 OK"
2026-03-22 11:30:42,123 | INFO | HTTP Request: GET https://www.okx.com/api/v5/market/ticker?instId=ETHW-USDT-SWAP "HTTP/2 200 OK"
2026-03-22 11:30:42,358 | INFO | HTTP Request: GET https://www.okx.com/api/v5/trade/orders-algo-pending?ordType=conditional&instType=SWAP&instId=SUI-USDT-SWAP "HTTP/2 200 OK"
2026-03-22 11:30:42,559 | INFO | HTTP Request: GET https://www.okx.com/api/v5/market/candles?instId=ETHW-USDT-SWAP&bar=5m&limit=89 "HTTP/2 200 OK"
2026-03-22 11:30:42,596 | INFO | HTTP Request: GET https://www.okx.com/api/v5/trade/orders-algo-pending?ordType=oco&instType=SWAP&instId=SUI-USDT-SWAP "HTTP/2 200 OK"
2026-03-22 11:30:42,840 | INFO | HTTP Request: GET https://www.okx.com/api/v5/trade/orders-algo-pending?ordType=trigger&instType=SWAP&instId=SUI-USDT-SWAP "HTTP/2 200 OK"
2026-03-22 11:30:43,060 | INFO | HTTP Request: GET https://www.okx.com/api/v5/market/ticker?instId=FIL-USDT-SWAP "HTTP/2 200 OK"
2026-03-22 11:30:43,081 | INFO | HTTP Request: GET https://www.okx.com/api/v5/trade/orders-algo-pending?ordType=move_order_stop&instType=SWAP&instId=SUI-USDT-SWAP "HTTP/2 200 OK"
2026-03-22 11:30:43,296 | INFO | HTTP Request: GET https://www.okx.com/api/v5/account/balance "HTTP/2 200 OK"
2026-03-22 11:30:43,321 | INFO | HTTP Request: GET https://www.okx.com/api/v5/trade/orders-algo-pending?ordType=iceberg&instType=SWAP&instId=SUI-USDT-SWAP "HTTP/2 200 OK"
2026-03-22 11:30:43,436 | INFO | HTTP Request: GET https://www.okx.com/api/v5/market/candles?instId=FIL-USDT-SWAP&bar=5m&limit=89 "HTTP/2 200 OK"
2026-03-22 11:30:43,563 | INFO | HTTP Request: GET https://www.okx.com/api/v5/trade/orders-algo-pending?ordType=twap&instType=SWAP&instId=SUI-USDT-SWAP "HTTP/2 200 OK"
2026-03-22 11:30:43,810 | INFO | HTTP Request: GET https://www.okx.com/api/v5/trade/orders-algo-pending?ordType=chase&instType=SWAP&instId=SUI-USDT-SWAP "HTTP/2 200 OK"
2026-03-22 11:30:43,922 | INFO | HTTP Request: GET https://www.okx.com/api/v5/market/ticker?instId=FLOKI-USDT-SWAP "HTTP/2 200 OK"
2026-03-22 11:30:44,167 | INFO | Amending exchange stop SUI-USDT-SWAP algo=3411333843196928000 payload=[{'instId': 'SUI-USDT-SWAP', 'algoId': '3411333843196928000', 'newSlTriggerPx': '0.92555', 'newSlOrdPx': '-1', 'newSlTriggerPxType': 'mark'}]
2026-03-22 11:30:44,291 | INFO | HTTP Request: GET https://www.okx.com/api/v5/market/candles?instId=FLOKI-USDT-SWAP&bar=5m&limit=89 "HTTP/2 200 OK"
2026-03-22 11:30:44,413 | INFO | HTTP Request: POST https://www.okx.com/api/v5/trade/amend-algos "HTTP/2 200 OK"
2026-03-22 11:30:44,768 | INFO | Amending exchange stop SUI-USDT-SWAP algo=3411333843196928000 payload=[{'instId': 'SUI-USDT-SWAP', 'algoId': '3411333843196928000', 'newSlTriggerPx': '0.92555', 'newSlOrdPx': '-1', 'newSlTriggerPxType': 'mark'}]
2026-03-22 11:30:44,795 | INFO | HTTP Request: GET https://www.okx.com/api/v5/market/ticker?instId=GMT-USDT-SWAP "HTTP/2 200 OK"
2026-03-22 11:30:45,011 | INFO | HTTP Request: POST https://www.okx.com/api/v5/trade/amend-algos "HTTP/2 200 OK"
2026-03-22 11:30:45,175 | INFO | HTTP Request: GET https://www.okx.com/api/v5/market/candles?instId=GMT-USDT-SWAP&bar=5m&limit=89 "HTTP/2 200 OK"
2026-03-22 11:30:45,261 | INFO | HTTP Request: POST https://www.okx.com/api/v5/trade/cancel-algos "HTTP/2 200 OK"
2026-03-22 11:30:45,500 | INFO | HTTP Request: GET https://www.okx.com/api/v5/trade/orders-algo-pending?ordType=conditional&instType=SWAP&instId=SUI-USDT-SWAP "HTTP/2 200 OK"
2026-03-22 11:30:45,701 | INFO | HTTP Request: GET https://www.okx.com/api/v5/market/ticker?instId=H-USDT-SWAP "HTTP/2 200 OK"
2026-03-22 11:30:45,741 | INFO | HTTP Request: GET https://www.okx.com/api/v5/trade/orders-algo-pending?ordType=oco&instType=SWAP&instId=SUI-USDT-SWAP "HTTP/2 200 OK"
2026-03-22 11:30:45,985 | INFO | HTTP Request: GET https://www.okx.com/api/v5/trade/orders-algo-pending?ordType=trigger&instType=SWAP&instId=SUI-USDT-SWAP "HTTP/2 200 OK"
2026-03-22 11:30:46,076 | INFO | HTTP Request: GET https://www.okx.com/api/v5/market/candles?instId=H-USDT-SWAP&bar=5m&limit=89 "HTTP/2 200 OK"
2026-03-22 11:30:46,228 | INFO | HTTP Request: GET https://www.okx.com/api/v5/trade/orders-algo-pending?ordType=move_order_stop&instType=SWAP&instId=SUI-USDT-SWAP "HTTP/2 200 OK"
2026-03-22 11:30:46,282 | INFO | HTTP Request: GET https://www.okx.com/api/v5/market/candles?instId=BTC-USDT-SWAP&bar=5m&limit=64 "HTTP/2 200 OK"
2026-03-22 11:30:46,469 | INFO | HTTP Request: GET https://www.okx.com/api/v5/trade/orders-algo-pending?ordType=iceberg&instType=SWAP&instId=SUI-USDT-SWAP "HTTP/2 200 OK"
2026-03-22 11:30:46,574 | INFO | HTTP Request: GET https://www.okx.com/api/v5/market/ticker?instId=HBAR-USDT-SWAP "HTTP/2 200 OK"
2026-03-22 11:30:46,730 | INFO | HTTP Request: GET https://www.okx.com/api/v5/trade/orders-algo-pending?ordType=twap&instType=SWAP&instId=SUI-USDT-SWAP "HTTP/2 200 OK"
2026-03-22 11:30:46,947 | INFO | HTTP Request: GET https://www.okx.com/api/v5/market/candles?instId=HBAR-USDT-SWAP&bar=5m&limit=89 "HTTP/2 200 OK"
2026-03-22 11:30:46,972 | INFO | HTTP Request: GET https://www.okx.com/api/v5/trade/orders-algo-pending?ordType=chase&instType=SWAP&instId=SUI-USDT-SWAP "HTTP/2 200 OK"
2026-03-22 11:30:47,210 | INFO | HTTP Request: GET https://www.okx.com/api/v5/trade/orders-algo-pending?ordType=conditional&instType=SWAP&instId=SUI-USDT-SWAP "HTTP/2 200 OK"
2026-03-22 11:30:47,447 | INFO | HTTP Request: GET https://www.okx.com/api/v5/market/ticker?instId=HMSTR-USDT-SWAP "HTTP/2 200 OK"
2026-03-22 11:30:47,452 | INFO | HTTP Request: GET https://www.okx.com/api/v5/trade/orders-algo-pending?ordType=oco&instType=SWAP&instId=SUI-USDT-SWAP "HTTP/2 200 OK"
2026-03-22 11:30:47,695 | INFO | HTTP Request: GET https://www.okx.com/api/v5/trade/orders-algo-pending?ordType=trigger&instType=SWAP&instId=SUI-USDT-SWAP "HTTP/2 200 OK"
2026-03-22 11:30:47,809 | INFO | HTTP Request: GET https://www.okx.com/api/v5/market/candles?instId=HMSTR-USDT-SWAP&bar=5m&limit=89 "HTTP/2 200 OK"
2026-03-22 11:30:47,941 | INFO | HTTP Request: GET https://www.okx.com/api/v5/trade/orders-algo-pending?ordType=move_order_stop&instType=SWAP&instId=SUI-USDT-SWAP "HTTP/2 200 OK"
2026-03-22 11:30:48,186 | INFO | HTTP Request: GET https://www.okx.com/api/v5/trade/orders-algo-pending?ordType=iceberg&instType=SWAP&instId=SUI-USDT-SWAP "HTTP/2 200 OK"
2026-03-22 11:30:48,314 | INFO | HTTP Request: GET https://www.okx.com/api/v5/market/ticker?instId=HOME-USDT-SWAP "HTTP/2 200 OK"
2026-03-22 11:30:48,425 | INFO | HTTP Request: GET https://www.okx.com/api/v5/trade/orders-algo-pending?ordType=twap&instType=SWAP&instId=SUI-USDT-SWAP "HTTP/2 200 OK"
2026-03-22 11:30:48,612 | INFO | HTTP Request: GET https://www.okx.com/api/v5/account/balance "HTTP/2 200 OK"
2026-03-22 11:30:48,669 | INFO | HTTP Request: GET https://www.okx.com/api/v5/trade/orders-algo-pending?ordType=chase&instType=SWAP&instId=SUI-USDT-SWAP "HTTP/2 200 OK"
2026-03-22 11:30:48,673 | INFO | Placing exchange stop SUI-USDT-SWAP short payload={'instId': 'SUI-USDT-SWAP', 'tdMode': 'isolated', 'side': 'buy', 'posSide': 'net', 'ordType': 'conditional', 'reduceOnly': 'true', 'closeFraction': '1', 'slTriggerPx': '0.92555', 'slTriggerPxType': 'mark', 'slOrdPx': '-1'}
2026-03-22 11:30:48,695 | INFO | HTTP Request: GET https://www.okx.com/api/v5/market/candles?instId=HOME-USDT-SWAP&bar=5m&limit=89 "HTTP/2 200 OK"
2026-03-22 11:30:48,915 | INFO | HTTP Request: POST https://www.okx.com/api/v5/trade/order-algo "HTTP/2 200 OK"
2026-03-22 11:30:49,156 | INFO | HTTP Request: GET https://www.okx.com/api/v5/trade/orders-algo-pending?ordType=conditional&instType=SWAP&instId=SUI-USDT-SWAP "HTTP/2 200 OK"
2026-03-22 11:30:49,196 | INFO | HTTP Request: GET https://www.okx.com/api/v5/market/ticker?instId=IMX-USDT-SWAP "HTTP/2 200 OK"
2026-03-22 11:30:49,396 | INFO | HTTP Request: GET https://www.okx.com/api/v5/trade/orders-algo-pending?ordType=oco&instType=SWAP&instId=SUI-USDT-SWAP "HTTP/2 200 OK"
2026-03-22 11:30:49,568 | INFO | HTTP Request: GET https://www.okx.com/api/v5/market/candles?instId=IMX-USDT-SWAP&bar=5m&limit=89 "HTTP/2 200 OK"
2026-03-22 11:30:49,643 | INFO | HTTP Request: GET https://www.okx.com/api/v5/trade/orders-algo-pending?ordType=trigger&instType=SWAP&instId=SUI-USDT-SWAP "HTTP/2 200 OK"
2026-03-22 11:30:49,884 | INFO | HTTP Request: GET https://www.okx.com/api/v5/trade/orders-algo-pending?ordType=move_order_stop&instType=SWAP&instId=SUI-USDT-SWAP "HTTP/2 200 OK"
2026-03-22 11:30:50,093 | INFO | HTTP Request: GET https://www.okx.com/api/v5/market/ticker?instId=INJ-USDT-SWAP "HTTP/2 200 OK"
2026-03-22 11:30:50,124 | INFO | HTTP Request: GET https://www.okx.com/api/v5/trade/orders-algo-pending?ordType=iceberg&instType=SWAP&instId=SUI-USDT-SWAP "HTTP/2 200 OK"
2026-03-22 11:30:50,366 | INFO | HTTP Request: GET https://www.okx.com/api/v5/trade/orders-algo-pending?ordType=twap&instType=SWAP&instId=SUI-USDT-SWAP "HTTP/2 200 OK"
2026-03-22 11:30:50,475 | INFO | HTTP Request: GET https://www.okx.com/api/v5/market/candles?instId=INJ-USDT-SWAP&bar=5m&limit=89 "HTTP/2 200 OK"
2026-03-22 11:30:50,612 | INFO | HTTP Request: GET https://www.okx.com/api/v5/trade/orders-algo-pending?ordType=chase&instType=SWAP&instId=SUI-USDT-SWAP "HTTP/2 200 OK"
2026-03-22 11:30:50,619 | INFO | Placing order SUI-USDT-SWAP sell qty=10944.0 attach_stop=0.0
2026-03-22 11:30:50,866 | INFO | HTTP Request: POST https://www.okx.com/api/v5/trade/order "HTTP/2 200 OK"
2026-03-22 11:30:50,979 | INFO | HTTP Request: GET https://www.okx.com/api/v5/market/ticker?instId=IOTA-USDT-SWAP "HTTP/2 200 OK"
2026-03-22 11:30:51,111 | INFO | HTTP Request: GET https://www.okx.com/api/v5/account/positions?instType=SWAP "HTTP/2 200 OK"
2026-03-22 11:30:51,354 | INFO | HTTP Request: GET https://www.okx.com/api/v5/trade/orders-algo-pending?ordType=conditional&instType=SWAP&instId=SUI-USDT-SWAP "HTTP/2 200 OK"
2026-03-22 11:30:51,362 | INFO | HTTP Request: GET https://www.okx.com/api/v5/market/candles?instId=IOTA-USDT-SWAP&bar=5m&limit=89 "HTTP/2 200 OK"
2026-03-22 11:30:51,590 | INFO | HTTP Request: GET https://www.okx.com/api/v5/trade/orders-algo-pending?ordType=oco&instType=SWAP&instId=SUI-USDT-SWAP "HTTP/2 200 OK"
2026-03-22 11:30:51,827 | INFO | HTTP Request: GET https://www.okx.com/api/v5/trade/orders-algo-pending?ordType=trigger&instType=SWAP&instId=SUI-USDT-SWAP "HTTP/2 200 OK"
2026-03-22 11:30:51,858 | INFO | HTTP Request: GET https://www.okx.com/api/v5/market/ticker?instId=JUP-USDT-SWAP "HTTP/2 200 OK"
2026-03-22 11:30:52,069 | INFO | HTTP Request: GET https://www.okx.com/api/v5/trade/orders-algo-pending?ordType=move_order_stop&instType=SWAP&instId=SUI-USDT-SWAP "HTTP/2 200 OK"
2026-03-22 11:30:52,249 | INFO | HTTP Request: GET https://www.okx.com/api/v5/market/candles?instId=JUP-USDT-SWAP&bar=5m&limit=89 "HTTP/2 200 OK"
2026-03-22 11:30:52,311 | INFO | HTTP Request: GET https://www.okx.com/api/v5/trade/orders-algo-pending?ordType=iceberg&instType=SWAP&instId=SUI-USDT-SWAP "HTTP/2 200 OK"
2026-03-22 11:30:52,550 | INFO | HTTP Request: GET https://www.okx.com/api/v5/market/candles?instId=BTC-USDT-SWAP&bar=5m&limit=64 "HTTP/2 200 OK"
2026-03-22 11:30:52,551 | INFO | HTTP Request: GET https://www.okx.com/api/v5/trade/orders-algo-pending?ordType=twap&instType=SWAP&instId=SUI-USDT-SWAP "HTTP/2 200 OK"
2026-03-22 11:30:52,758 | INFO | HTTP Request: GET https://www.okx.com/api/v5/market/ticker?instId=KAITO-USDT-SWAP "HTTP/2 200 OK"
2026-03-22 11:30:52,799 | INFO | HTTP Request: GET https://www.okx.com/api/v5/trade/orders-algo-pending?ordType=chase&instType=SWAP&instId=SUI-USDT-SWAP "HTTP/2 200 OK"
2026-03-22 11:30:53,124 | INFO | HTTP Request: GET https://www.okx.com/api/v5/market/candles?instId=KAITO-USDT-SWAP&bar=5m&limit=89 "HTTP/2 200 OK"
2026-03-22 11:30:53,639 | INFO | HTTP Request: GET https://www.okx.com/api/v5/market/ticker?instId=KSM-USDT-SWAP "HTTP/2 200 OK"
2026-03-22 11:30:53,776 | INFO | HTTP Request: GET https://www.okx.com/api/v5/market/candles?instId=ETHFI-USDT-SWAP&bar=5m&limit=26 "HTTP/2 200 OK"
2026-03-22 11:30:53,883 | INFO | HTTP Request: GET https://www.okx.com/api/v5/account/balance "HTTP/2 200 OK"
2026-03-22 11:30:54,008 | INFO | HTTP Request: GET https://www.okx.com/api/v5/market/candles?instId=KSM-USDT-SWAP&bar=5m&limit=89 "HTTP/2 200 OK"
2026-03-22 11:30:54,142 | INFO | HTTP Request: GET https://www.okx.com/api/v5/market/ticker?instId=ETHFI-USDT-SWAP "HTTP/2 200 OK"
2026-03-22 11:30:54,380 | INFO | HTTP Request: GET https://www.okx.com/api/v5/trade/orders-algo-pending?ordType=conditional&instType=SWAP&instId=ETHFI-USDT-SWAP "HTTP/2 200 OK"
2026-03-22 11:30:54,503 | INFO | HTTP Request: GET https://www.okx.com/api/v5/market/ticker?instId=LDO-USDT-SWAP "HTTP/2 200 OK"
2026-03-22 11:30:54,619 | INFO | HTTP Request: GET https://www.okx.com/api/v5/trade/orders-algo-pending?ordType=oco&instType=SWAP&instId=ETHFI-USDT-SWAP "HTTP/2 200 OK"
2026-03-22 11:30:54,866 | INFO | HTTP Request: GET https://www.okx.com/api/v5/trade/orders-algo-pending?ordType=trigger&instType=SWAP&instId=ETHFI-USDT-SWAP "HTTP/2 200 OK"
2026-03-22 11:30:54,895 | INFO | HTTP Request: GET https://www.okx.com/api/v5/market/candles?instId=LDO-USDT-SWAP&bar=5m&limit=89 "HTTP/2 200 OK"
2026-03-22 11:30:55,117 | INFO | HTTP Request: GET https://www.okx.com/api/v5/trade/orders-algo-pending?ordType=move_order_stop&instType=SWAP&instId=ETHFI-USDT-SWAP "HTTP/2 200 OK"
2026-03-22 11:30:55,369 | INFO | HTTP Request: GET https://www.okx.com/api/v5/trade/orders-algo-pending?ordType=iceberg&instType=SWAP&instId=ETHFI-USDT-SWAP "HTTP/2 200 OK"
2026-03-22 11:30:55,397 | INFO | HTTP Request: GET https://www.okx.com/api/v5/market/ticker?instId=LINEA-USDT-SWAP "HTTP/2 200 OK"
2026-03-22 11:30:55,614 | INFO | HTTP Request: GET https://www.okx.com/api/v5/trade/orders-algo-pending?ordType=twap&instType=SWAP&instId=ETHFI-USDT-SWAP "HTTP/2 200 OK"
2026-03-22 11:30:55,761 | INFO | HTTP Request: GET https://www.okx.com/api/v5/market/candles?instId=LINEA-USDT-SWAP&bar=5m&limit=89 "HTTP/2 200 OK"
2026-03-22 11:30:55,859 | INFO | HTTP Request: GET https://www.okx.com/api/v5/trade/orders-algo-pending?ordType=chase&instType=SWAP&instId=ETHFI-USDT-SWAP "HTTP/2 200 OK"
2026-03-22 11:30:56,220 | INFO | Amending exchange stop ETHFI-USDT-SWAP algo=3411319370264436736 payload=[{'instId': 'ETHFI-USDT-SWAP', 'algoId': '3411319370264436736', 'newSlTriggerPx': '0.57438', 'newSlOrdPx': '-1', 'newSlTriggerPxType': 'mark'}]
2026-03-22 11:30:56,241 | INFO | HTTP Request: GET https://www.okx.com/api/v5/market/ticker?instId=LINK-USDT-SWAP "HTTP/2 200 OK"
2026-03-22 11:30:56,470 | INFO | HTTP Request: POST https://www.okx.com/api/v5/trade/amend-algos "HTTP/2 200 OK"
2026-03-22 11:30:56,644 | INFO | HTTP Request: GET https://www.okx.com/api/v5/market/candles?instId=LINK-USDT-SWAP&bar=5m&limit=89 "HTTP/2 200 OK"
2026-03-22 11:30:56,824 | INFO | Amending exchange stop ETHFI-USDT-SWAP algo=3411319370264436736 payload=[{'instId': 'ETHFI-USDT-SWAP', 'algoId': '3411319370264436736', 'newSlTriggerPx': '0.57438', 'newSlOrdPx': '-1', 'newSlTriggerPxType': 'mark'}]
2026-03-22 11:30:57,070 | INFO | HTTP Request: POST https://www.okx.com/api/v5/trade/amend-algos "HTTP/2 200 OK"
2026-03-22 11:30:57,177 | INFO | HTTP Request: GET https://www.okx.com/api/v5/market/ticker?instId=LIT-USDT-SWAP "HTTP/2 200 OK"
2026-03-22 11:30:57,317 | INFO | HTTP Request: POST https://www.okx.com/api/v5/trade/cancel-algos "HTTP/2 200 OK"
2026-03-22 11:30:57,543 | INFO | HTTP Request: GET https://www.okx.com/api/v5/market/candles?instId=LIT-USDT-SWAP&bar=5m&limit=89 "HTTP/2 200 OK"
2026-03-22 11:30:57,557 | INFO | HTTP Request: GET https://www.okx.com/api/v5/trade/orders-algo-pending?ordType=conditional&instType=SWAP&instId=ETHFI-USDT-SWAP "HTTP/2 200 OK"
2026-03-22 11:30:57,803 | INFO | HTTP Request: GET https://www.okx.com/api/v5/trade/orders-algo-pending?ordType=oco&instType=SWAP&instId=ETHFI-USDT-SWAP "HTTP/2 200 OK"
2026-03-22 11:30:58,028 | INFO | HTTP Request: GET https://www.okx.com/api/v5/market/ticker?instId=LPT-USDT-SWAP "HTTP/2 200 OK"
2026-03-22 11:30:58,050 | INFO | HTTP Request: GET https://www.okx.com/api/v5/trade/orders-algo-pending?ordType=trigger&instType=SWAP&instId=ETHFI-USDT-SWAP "HTTP/2 200 OK"
2026-03-22 11:30:58,292 | INFO | HTTP Request: GET https://www.okx.com/api/v5/trade/orders-algo-pending?ordType=move_order_stop&instType=SWAP&instId=ETHFI-USDT-SWAP "HTTP/2 200 OK"
2026-03-22 11:30:58,394 | INFO | HTTP Request: GET https://www.okx.com/api/v5/market/candles?instId=LPT-USDT-SWAP&bar=5m&limit=89 "HTTP/2 200 OK"
2026-03-22 11:30:58,537 | INFO | HTTP Request: GET https://www.okx.com/api/v5/trade/orders-algo-pending?ordType=iceberg&instType=SWAP&instId=ETHFI-USDT-SWAP "HTTP/2 200 OK"
2026-03-22 11:30:58,778 | INFO | HTTP Request: GET https://www.okx.com/api/v5/trade/orders-algo-pending?ordType=twap&instType=SWAP&instId=ETHFI-USDT-SWAP "HTTP/2 200 OK"
2026-03-22 11:30:58,787 | INFO | HTTP Request: GET https://www.okx.com/api/v5/market/candles?instId=BTC-USDT-SWAP&bar=5m&limit=64 "HTTP/2 200 OK"
2026-03-22 11:30:58,881 | INFO | HTTP Request: GET https://www.okx.com/api/v5/market/ticker?instId=LQTY-USDT-SWAP "HTTP/2 200 OK"
2026-03-22 11:30:59,021 | INFO | HTTP Request: GET https://www.okx.com/api/v5/trade/orders-algo-pending?ordType=chase&instType=SWAP&instId=ETHFI-USDT-SWAP "HTTP/2 200 OK"
2026-03-22 11:30:59,203 | INFO | HTTP Request: GET https://www.okx.com/api/v5/account/balance "HTTP/2 200 OK"
2026-03-22 11:30:59,261 | INFO | HTTP Request: GET https://www.okx.com/api/v5/trade/orders-algo-pending?ordType=conditional&instType=SWAP&instId=ETHFI-USDT-SWAP "HTTP/2 200 OK"
2026-03-22 11:30:59,269 | INFO | HTTP Request: GET https://www.okx.com/api/v5/market/candles?instId=LQTY-USDT-SWAP&bar=5m&limit=89 "HTTP/2 200 OK"
2026-03-22 11:30:59,529 | INFO | HTTP Request: GET https://www.okx.com/api/v5/trade/orders-algo-pending?ordType=oco&instType=SWAP&instId=ETHFI-USDT-SWAP "HTTP/2 200 OK"
2026-03-22 11:30:59,754 | INFO | HTTP Request: GET https://www.okx.com/api/v5/market/ticker?instId=LRC-USDT-SWAP "HTTP/2 200 OK"
2026-03-22 11:30:59,817 | INFO | HTTP Request: GET https://www.okx.com/api/v5/trade/orders-algo-pending?ordType=trigger&instType=SWAP&instId=ETHFI-USDT-SWAP "HTTP/2 200 OK"
2026-03-22 11:31:00,060 | INFO | HTTP Request: GET https://www.okx.com/api/v5/trade/orders-algo-pending?ordType=move_order_stop&instType=SWAP&instId=ETHFI-USDT-SWAP "HTTP/2 200 OK"
2026-03-22 11:31:00,158 | INFO | HTTP Request: GET https://www.okx.com/api/v5/market/candles?instId=LRC-USDT-SWAP&bar=5m&limit=89 "HTTP/2 200 OK"
2026-03-22 11:31:00,307 | INFO | HTTP Request: GET https://www.okx.com/api/v5/trade/orders-algo-pending?ordType=iceberg&instType=SWAP&instId=ETHFI-USDT-SWAP "HTTP/2 200 OK"
2026-03-22 11:31:00,552 | INFO | HTTP Request: GET https://www.okx.com/api/v5/trade/orders-algo-pending?ordType=twap&instType=SWAP&instId=ETHFI-USDT-SWAP "HTTP/2 200 OK"
2026-03-22 11:31:00,647 | INFO | HTTP Request: GET https://www.okx.com/api/v5/market/ticker?instId=LTC-USDT-SWAP "HTTP/2 200 OK"
2026-03-22 11:31:00,795 | INFO | HTTP Request: GET https://www.okx.com/api/v5/trade/orders-algo-pending?ordType=chase&instType=SWAP&instId=ETHFI-USDT-SWAP "HTTP/2 200 OK"
2026-03-22 11:31:00,799 | INFO | Placing exchange stop ETHFI-USDT-SWAP short payload={'instId': 'ETHFI-USDT-SWAP', 'tdMode': 'isolated', 'side': 'buy', 'posSide': 'net', 'ordType': 'conditional', 'reduceOnly': 'true', 'closeFraction': '1', 'slTriggerPx': '0.57438', 'slTriggerPxType': 'mark', 'slOrdPx': '-1'}
2026-03-22 11:31:01,032 | INFO | HTTP Request: GET https://www.okx.com/api/v5/market/candles?instId=LTC-USDT-SWAP&bar=5m&limit=89 "HTTP/2 200 OK"
2026-03-22 11:31:01,046 | INFO | HTTP Request: POST https://www.okx.com/api/v5/trade/order-algo "HTTP/2 200 OK"
2026-03-22 11:31:01,288 | INFO | HTTP Request: GET https://www.okx.com/api/v5/trade/orders-algo-pending?ordType=conditional&instType=SWAP&instId=ETHFI-USDT-SWAP "HTTP/2 200 OK"
2026-03-22 11:31:01,527 | INFO | HTTP Request: GET https://www.okx.com/api/v5/trade/orders-algo-pending?ordType=oco&instType=SWAP&instId=ETHFI-USDT-SWAP "HTTP/2 200 OK"
2026-03-22 11:31:01,533 | INFO | HTTP Request: GET https://www.okx.com/api/v5/market/ticker?instId=MAJOR-USDT-SWAP "HTTP/2 200 OK"
2026-03-22 11:31:01,774 | INFO | HTTP Request: GET https://www.okx.com/api/v5/trade/orders-algo-pending?ordType=trigger&instType=SWAP&instId=ETHFI-USDT-SWAP "HTTP/2 200 OK"
2026-03-22 11:31:01,923 | INFO | HTTP Request: GET https://www.okx.com/api/v5/market/candles?instId=MAJOR-USDT-SWAP&bar=5m&limit=89 "HTTP/2 200 OK"
2026-03-22 11:31:02,015 | INFO | HTTP Request: GET https://www.okx.com/api/v5/trade/orders-algo-pending?ordType=move_order_stop&instType=SWAP&instId=ETHFI-USDT-SWAP "HTTP/2 200 OK"
2026-03-22 11:31:02,269 | INFO | HTTP Request: GET https://www.okx.com/api/v5/trade/orders-algo-pending?ordType=iceberg&instType=SWAP&instId=ETHFI-USDT-SWAP "HTTP/2 200 OK"
2026-03-22 11:31:02,411 | INFO | HTTP Request: GET https://www.okx.com/api/v5/market/ticker?instId=MASK-USDT-SWAP "HTTP/2 200 OK"
2026-03-22 11:31:02,511 | INFO | HTTP Request: GET https://www.okx.com/api/v5/trade/orders-algo-pending?ordType=twap&instType=SWAP&instId=ETHFI-USDT-SWAP "HTTP/2 200 OK"
2026-03-22 11:31:02,754 | INFO | HTTP Request: GET https://www.okx.com/api/v5/trade/orders-algo-pending?ordType=chase&instType=SWAP&instId=ETHFI-USDT-SWAP "HTTP/2 200 OK"
2026-03-22 11:31:02,760 | INFO | Placing order ETHFI-USDT-SWAP sell qty=14860.0 attach_stop=0.0
2026-03-22 11:31:02,790 | INFO | HTTP Request: GET https://www.okx.com/api/v5/market/candles?instId=MASK-USDT-SWAP&bar=5m&limit=89 "HTTP/2 200 OK"
2026-03-22 11:31:03,001 | INFO | HTTP Request: POST https://www.okx.com/api/v5/trade/order "HTTP/2 200 OK"
2026-03-22 11:31:03,239 | INFO | HTTP Request: GET https://www.okx.com/api/v5/account/positions?instType=SWAP "HTTP/2 200 OK"
2026-03-22 11:31:03,292 | INFO | HTTP Request: GET https://www.okx.com/api/v5/market/ticker?instId=MET-USDT-SWAP "HTTP/2 200 OK"
2026-03-22 11:31:03,494 | INFO | HTTP Request: GET https://www.okx.com/api/v5/trade/orders-algo-pending?ordType=conditional&instType=SWAP&instId=ETHFI-USDT-SWAP "HTTP/2 200 OK"
2026-03-22 11:31:03,685 | INFO | HTTP Request: GET https://www.okx.com/api/v5/market/candles?instId=MET-USDT-SWAP&bar=5m&limit=89 "HTTP/2 200 OK"
2026-03-22 11:31:03,735 | INFO | HTTP Request: GET https://www.okx.com/api/v5/trade/orders-algo-pending?ordType=oco&instType=SWAP&instId=ETHFI-USDT-SWAP "HTTP/2 200 OK"
2026-03-22 11:31:03,979 | INFO | HTTP Request: GET https://www.okx.com/api/v5/trade/orders-algo-pending?ordType=trigger&instType=SWAP&instId=ETHFI-USDT-SWAP "HTTP/2 200 OK"
2026-03-22 11:31:04,192 | INFO | HTTP Request: GET https://www.okx.com/api/v5/market/ticker?instId=MINA-USDT-SWAP "HTTP/2 200 OK"
2026-03-22 11:31:04,223 | INFO | HTTP Request: GET https://www.okx.com/api/v5/trade/orders-algo-pending?ordType=move_order_stop&instType=SWAP&instId=ETHFI-USDT-SWAP "HTTP/2 200 OK"
2026-03-22 11:31:04,465 | INFO | HTTP Request: GET https://www.okx.com/api/v5/trade/orders-algo-pending?ordType=iceberg&instType=SWAP&instId=ETHFI-USDT-SWAP "HTTP/2 200 OK"
2026-03-22 11:31:04,471 | INFO | HTTP Request: GET https://www.okx.com/api/v5/account/balance "HTTP/2 200 OK"
2026-03-22 11:31:04,559 | INFO | HTTP Request: GET https://www.okx.com/api/v5/market/candles?instId=MINA-USDT-SWAP&bar=5m&limit=89 "HTTP/2 200 OK"
2026-03-22 11:31:04,706 | INFO | HTTP Request: GET https://www.okx.com/api/v5/trade/orders-algo-pending?ordType=twap&instType=SWAP&instId=ETHFI-USDT-SWAP "HTTP/2 200 OK"
2026-03-22 11:31:04,948 | INFO | HTTP Request: GET https://www.okx.com/api/v5/trade/orders-algo-pending?ordType=chase&instType=SWAP&instId=ETHFI-USDT-SWAP "HTTP/2 200 OK"
2026-03-22 11:31:04,956 | INFO | Amending exchange stop ETHFI-USDT-SWAP algo=3411340216290861056 payload=[{'instId': 'ETHFI-USDT-SWAP', 'algoId': '3411340216290861056', 'newSlTriggerPx': '0.574', 'newSlOrdPx': '-1', 'newSlTriggerPxType': 'mark'}]
2026-03-22 11:31:05,030 | INFO | HTTP Request: GET https://www.okx.com/api/v5/market/candles?instId=BTC-USDT-SWAP&bar=5m&limit=64 "HTTP/2 200 OK"
2026-03-22 11:31:05,071 | INFO | HTTP Request: GET https://www.okx.com/api/v5/market/ticker?instId=MKR-USDT-SWAP "HTTP/2 200 OK"
2026-03-22 11:31:05,198 | INFO | HTTP Request: POST https://www.okx.com/api/v5/trade/amend-algos "HTTP/2 200 OK"
2026-03-22 11:31:05,434 | INFO | HTTP Request: GET https://www.okx.com/api/v5/market/candles?instId=MKR-USDT-SWAP&bar=5m&limit=89 "HTTP/2 200 OK"
2026-03-22 11:31:05,552 | INFO | Amending exchange stop ETHFI-USDT-SWAP algo=3411340216290861056 payload=[{'instId': 'ETHFI-USDT-SWAP', 'algoId': '3411340216290861056', 'newSlTriggerPx': '0.574', 'newSlOrdPx': '-1', 'newSlTriggerPxType': 'mark'}]
2026-03-22 11:31:05,841 | INFO | HTTP Request: POST https://www.okx.com/api/v5/trade/amend-algos "HTTP/2 200 OK"
2026-03-22 11:31:05,929 | INFO | HTTP Request: GET https://www.okx.com/api/v5/market/ticker?instId=MUBARAK-USDT-SWAP "HTTP/2 200 OK"
2026-03-22 11:31:06,109 | INFO | HTTP Request: POST https://www.okx.com/api/v5/trade/cancel-algos "HTTP/2 200 OK"
2026-03-22 11:31:06,326 | INFO | HTTP Request: GET https://www.okx.com/api/v5/market/candles?instId=MUBARAK-USDT-SWAP&bar=5m&limit=89 "HTTP/2 200 OK"
2026-03-22 11:31:06,350 | INFO | HTTP Request: GET https://www.okx.com/api/v5/trade/orders-algo-pending?ordType=conditional&instType=SWAP&instId=ETHFI-USDT-SWAP "HTTP/2 200 OK"
2026-03-22 11:31:06,590 | INFO | HTTP Request: GET https://www.okx.com/api/v5/trade/orders-algo-pending?ordType=oco&instType=SWAP&instId=ETHFI-USDT-SWAP "HTTP/2 200 OK"
2026-03-22 11:31:06,813 | INFO | HTTP Request: GET https://www.okx.com/api/v5/market/ticker?instId=NEAR-USDT-SWAP "HTTP/2 200 OK"
2026-03-22 11:31:06,833 | INFO | HTTP Request: GET https://www.okx.com/api/v5/trade/orders-algo-pending?ordType=trigger&instType=SWAP&instId=ETHFI-USDT-SWAP "HTTP/2 200 OK"
2026-03-22 11:31:07,075 | INFO | HTTP Request: GET https://www.okx.com/api/v5/trade/orders-algo-pending?ordType=move_order_stop&instType=SWAP&instId=ETHFI-USDT-SWAP "HTTP/2 200 OK"
2026-03-22 11:31:07,172 | INFO | HTTP Request: GET https://www.okx.com/api/v5/market/candles?instId=NEAR-USDT-SWAP&bar=5m&limit=89 "HTTP/2 200 OK"
2026-03-22 11:31:07,316 | INFO | HTTP Request: GET https://www.okx.com/api/v5/trade/orders-algo-pending?ordType=iceberg&instType=SWAP&instId=ETHFI-USDT-SWAP "HTTP/2 200 OK"
2026-03-22 11:31:07,556 | INFO | HTTP Request: GET https://www.okx.com/api/v5/trade/orders-algo-pending?ordType=twap&instType=SWAP&instId=ETHFI-USDT-SWAP "HTTP/2 200 OK"
2026-03-22 11:31:07,668 | INFO | HTTP Request: GET https://www.okx.com/api/v5/market/ticker?instId=NEO-USDT-SWAP "HTTP/2 200 OK"
2026-03-22 11:31:07,802 | INFO | HTTP Request: GET https://www.okx.com/api/v5/trade/orders-algo-pending?ordType=chase&instType=SWAP&instId=ETHFI-USDT-SWAP "HTTP/2 200 OK"
2026-03-22 11:31:08,044 | INFO | HTTP Request: GET https://www.okx.com/api/v5/trade/orders-algo-pending?ordType=conditional&instType=SWAP&instId=ETHFI-USDT-SWAP "HTTP/2 200 OK"
2026-03-22 11:31:08,045 | INFO | HTTP Request: GET https://www.okx.com/api/v5/market/candles?instId=NEO-USDT-SWAP&bar=5m&limit=89 "HTTP/2 200 OK"
2026-03-22 11:31:08,281 | INFO | HTTP Request: GET https://www.okx.com/api/v5/trade/orders-algo-pending?ordType=oco&instType=SWAP&instId=ETHFI-USDT-SWAP "HTTP/2 200 OK"
2026-03-22 11:31:08,525 | INFO | HTTP Request: GET https://www.okx.com/api/v5/trade/orders-algo-pending?ordType=trigger&instType=SWAP&instId=ETHFI-USDT-SWAP "HTTP/2 200 OK"
2026-03-22 11:31:08,567 | INFO | HTTP Request: GET https://www.okx.com/api/v5/market/ticker?instId=NOT-USDT-SWAP "HTTP/2 200 OK"
2026-03-22 11:31:08,764 | INFO | HTTP Request: GET https://www.okx.com/api/v5/trade/orders-algo-pending?ordType=move_order_stop&instType=SWAP&instId=ETHFI-USDT-SWAP "HTTP/2 200 OK"
2026-03-22 11:31:08,966 | INFO | HTTP Request: GET https://www.okx.com/api/v5/market/candles?instId=NOT-USDT-SWAP&bar=5m&limit=89 "HTTP/2 200 OK"
2026-03-22 11:31:09,011 | INFO | HTTP Request: GET https://www.okx.com/api/v5/trade/orders-algo-pending?ordType=iceberg&instType=SWAP&instId=ETHFI-USDT-SWAP "HTTP/2 200 OK"
2026-03-22 11:31:09,311 | INFO | HTTP Request: GET https://www.okx.com/api/v5/trade/orders-algo-pending?ordType=twap&instType=SWAP&instId=ETHFI-USDT-SWAP "HTTP/2 200 OK"
2026-03-22 11:31:09,461 | INFO | HTTP Request: GET https://www.okx.com/api/v5/market/ticker?instId=OP-USDT-SWAP "HTTP/2 200 OK"
2026-03-22 11:31:09,562 | INFO | HTTP Request: GET https://www.okx.com/api/v5/trade/orders-algo-pending?ordType=chase&instType=SWAP&instId=ETHFI-USDT-SWAP "HTTP/2 200 OK"
2026-03-22 11:31:09,790 | INFO | HTTP Request: GET https://www.okx.com/api/v5/account/balance "HTTP/2 200 OK"
2026-03-22 11:31:09,805 | INFO | HTTP Request: GET https://www.okx.com/api/v5/trade/orders-algo-pending?ordType=conditional&instType=SWAP&instId=ETHFI-USDT-SWAP "HTTP/2 200 OK"
2026-03-22 11:31:09,829 | INFO | HTTP Request: GET https://www.okx.com/api/v5/market/candles?instId=OP-USDT-SWAP&bar=5m&limit=89 "HTTP/2 200 OK"
2026-03-22 11:31:10,047 | INFO | HTTP Request: GET https://www.okx.com/api/v5/trade/orders-algo-pending?ordType=oco&instType=SWAP&instId=ETHFI-USDT-SWAP "HTTP/2 200 OK"
2026-03-22 11:31:10,294 | INFO | HTTP Request: GET https://www.okx.com/api/v5/trade/orders-algo-pending?ordType=trigger&instType=SWAP&instId=ETHFI-USDT-SWAP "HTTP/2 200 OK"
2026-03-22 11:31:10,320 | INFO | HTTP Request: GET https://www.okx.com/api/v5/market/ticker?instId=PEPE-USDT-SWAP "HTTP/2 200 OK"
2026-03-22 11:31:10,536 | INFO | HTTP Request: GET https://www.okx.com/api/v5/trade/orders-algo-pending?ordType=move_order_stop&instType=SWAP&instId=ETHFI-USDT-SWAP "HTTP/2 200 OK"
2026-03-22 11:31:10,680 | INFO | HTTP Request: GET https://www.okx.com/api/v5/market/candles?instId=PEPE-USDT-SWAP&bar=5m&limit=89 "HTTP/2 200 OK"
2026-03-22 11:31:10,778 | INFO | HTTP Request: GET https://www.okx.com/api/v5/trade/orders-algo-pending?ordType=iceberg&instType=SWAP&instId=ETHFI-USDT-SWAP "HTTP/2 200 OK"
2026-03-22 11:31:11,022 | INFO | HTTP Request: GET https://www.okx.com/api/v5/trade/orders-algo-pending?ordType=twap&instType=SWAP&instId=ETHFI-USDT-SWAP "HTTP/2 200 OK"
2026-03-22 11:31:11,181 | INFO | HTTP Request: GET https://www.okx.com/api/v5/market/ticker?instId=PIGGY-USDT-SWAP "HTTP/2 200 OK"
2026-03-22 11:31:11,265 | INFO | HTTP Request: GET https://www.okx.com/api/v5/trade/orders-algo-pending?ordType=chase&instType=SWAP&instId=ETHFI-USDT-SWAP "HTTP/2 200 OK"
2026-03-22 11:31:11,278 | INFO | HTTP Request: GET https://www.okx.com/api/v5/market/candles?instId=BTC-USDT-SWAP&bar=5m&limit=64 "HTTP/2 200 OK"
2026-03-22 11:31:11,601 | INFO | HTTP Request: GET https://www.okx.com/api/v5/market/candles?instId=PIGGY-USDT-SWAP&bar=5m&limit=89 "HTTP/2 200 OK"
2026-03-22 11:31:11,756 | INFO | HTTP Request: GET https://www.okx.com/api/v5/trade/orders-algo-pending?ordType=conditional&instType=SWAP&instId=ETHFI-USDT-SWAP "HTTP/2 200 OK"
2026-03-22 11:31:12,054 | INFO | HTTP Request: GET https://www.okx.com/api/v5/trade/orders-algo-pending?ordType=oco&instType=SWAP&instId=ETHFI-USDT-SWAP "HTTP/2 200 OK"
2026-03-22 11:31:12,088 | INFO | HTTP Request: GET https://www.okx.com/api/v5/market/ticker?instId=QTUM-USDT-SWAP "HTTP/2 200 OK"
2026-03-22 11:31:12,294 | INFO | HTTP Request: GET https://www.okx.com/api/v5/trade/orders-algo-pending?ordType=trigger&instType=SWAP&instId=ETHFI-USDT-SWAP "HTTP/2 200 OK"
2026-03-22 11:31:12,449 | INFO | HTTP Request: GET https://www.okx.com/api/v5/market/candles?instId=QTUM-USDT-SWAP&bar=5m&limit=89 "HTTP/2 200 OK"
2026-03-22 11:31:12,537 | INFO | HTTP Request: GET https://www.okx.com/api/v5/trade/orders-algo-pending?ordType=move_order_stop&instType=SWAP&instId=ETHFI-USDT-SWAP "HTTP/2 200 OK"
2026-03-22 11:31:12,798 | INFO | HTTP Request: GET https://www.okx.com/api/v5/trade/orders-algo-pending?ordType=iceberg&instType=SWAP&instId=ETHFI-USDT-SWAP "HTTP/2 200 OK"
2026-03-22 11:31:12,937 | INFO | HTTP Request: GET https://www.okx.com/api/v5/market/ticker?instId=RAVE-USDT-SWAP "HTTP/2 200 OK"
2026-03-22 11:31:13,040 | INFO | HTTP Request: GET https://www.okx.com/api/v5/trade/orders-algo-pending?ordType=twap&instType=SWAP&instId=ETHFI-USDT-SWAP "HTTP/2 200 OK"
2026-03-22 11:31:13,281 | INFO | HTTP Request: GET https://www.okx.com/api/v5/trade/orders-algo-pending?ordType=chase&instType=SWAP&instId=ETHFI-USDT-SWAP "HTTP/2 200 OK"
2026-03-22 11:31:13,307 | INFO | HTTP Request: GET https://www.okx.com/api/v5/market/candles?instId=RAVE-USDT-SWAP&bar=5m&limit=89 "HTTP/2 200 OK"
2026-03-22 11:31:13,776 | INFO | HTTP Request: GET https://www.okx.com/api/v5/trade/orders-algo-pending?ordType=conditional&instType=SWAP&instId=ETHFI-USDT-SWAP "HTTP/2 200 OK"
2026-03-22 11:31:13,792 | INFO | HTTP Request: GET https://www.okx.com/api/v5/market/ticker?instId=RESOLV-USDT-SWAP "HTTP/2 200 OK"
2026-03-22 11:31:14,054 | INFO | HTTP Request: GET https://www.okx.com/api/v5/trade/orders-algo-pending?ordType=oco&instType=SWAP&instId=ETHFI-USDT-SWAP "HTTP/2 200 OK"
2026-03-22 11:31:14,188 | INFO | HTTP Request: GET https://www.okx.com/api/v5/market/candles?instId=RESOLV-USDT-SWAP&bar=5m&limit=89 "HTTP/2 200 OK"
2026-03-22 11:31:14,299 | INFO | HTTP Request: GET https://www.okx.com/api/v5/trade/orders-algo-pending?ordType=trigger&instType=SWAP&instId=ETHFI-USDT-SWAP "HTTP/2 200 OK"
2026-03-22 11:31:14,538 | INFO | HTTP Request: GET https://www.okx.com/api/v5/trade/orders-algo-pending?ordType=move_order_stop&instType=SWAP&instId=ETHFI-USDT-SWAP "HTTP/2 200 OK"
2026-03-22 11:31:14,669 | INFO | HTTP Request: GET https://www.okx.com/api/v5/market/ticker?instId=ROBO-USDT-SWAP "HTTP/2 200 OK"
2026-03-22 11:31:14,781 | INFO | HTTP Request: GET https://www.okx.com/api/v5/trade/orders-algo-pending?ordType=iceberg&instType=SWAP&instId=ETHFI-USDT-SWAP "HTTP/2 200 OK"
2026-03-22 11:31:15,027 | INFO | HTTP Request: GET https://www.okx.com/api/v5/trade/orders-algo-pending?ordType=twap&instType=SWAP&instId=ETHFI-USDT-SWAP "HTTP/2 200 OK"
2026-03-22 11:31:15,029 | INFO | HTTP Request: GET https://www.okx.com/api/v5/market/candles?instId=ROBO-USDT-SWAP&bar=5m&limit=89 "HTTP/2 200 OK"
2026-03-22 11:31:15,241 | INFO | HTTP Request: GET https://www.okx.com/api/v5/account/balance "HTTP/2 200 OK"
2026-03-22 11:31:15,268 | INFO | HTTP Request: GET https://www.okx.com/api/v5/trade/orders-algo-pending?ordType=chase&instType=SWAP&instId=ETHFI-USDT-SWAP "HTTP/2 200 OK"
2026-03-22 11:31:15,517 | INFO | HTTP Request: GET https://www.okx.com/api/v5/market/ticker?instId=SAND-USDT-SWAP "HTTP/2 200 OK"
2026-03-22 11:31:15,759 | INFO | HTTP Request: GET https://www.okx.com/api/v5/trade/orders-algo-pending?ordType=conditional&instType=SWAP&instId=ETHFI-USDT-SWAP "HTTP/2 200 OK"
2026-03-22 11:31:15,882 | INFO | HTTP Request: GET https://www.okx.com/api/v5/market/candles?instId=SAND-USDT-SWAP&bar=5m&limit=89 "HTTP/2 200 OK"
2026-03-22 11:31:15,996 | INFO | HTTP Request: GET https://www.okx.com/api/v5/trade/orders-algo-pending?ordType=oco&instType=SWAP&instId=ETHFI-USDT-SWAP "HTTP/2 200 OK"
2026-03-22 11:31:16,245 | INFO | HTTP Request: GET https://www.okx.com/api/v5/trade/orders-algo-pending?ordType=trigger&instType=SWAP&instId=ETHFI-USDT-SWAP "HTTP/2 200 OK"
2026-03-22 11:31:16,365 | INFO | HTTP Request: GET https://www.okx.com/api/v5/market/ticker?instId=SCR-USDT-SWAP "HTTP/2 200 OK"
2026-03-22 11:31:16,490 | INFO | HTTP Request: GET https://www.okx.com/api/v5/trade/orders-algo-pending?ordType=move_order_stop&instType=SWAP&instId=ETHFI-USDT-SWAP "HTTP/2 200 OK"
2026-03-22 11:31:16,733 | INFO | HTTP Request: GET https://www.okx.com/api/v5/trade/orders-algo-pending?ordType=iceberg&instType=SWAP&instId=ETHFI-USDT-SWAP "HTTP/2 200 OK"
2026-03-22 11:31:16,740 | INFO | HTTP Request: GET https://www.okx.com/api/v5/market/candles?instId=SCR-USDT-SWAP&bar=5m&limit=89 "HTTP/2 200 OK"
2026-03-22 11:31:17,039 | INFO | HTTP Request: GET https://www.okx.com/api/v5/trade/orders-algo-pending?ordType=twap&instType=SWAP&instId=ETHFI-USDT-SWAP "HTTP/2 200 OK"
2026-03-22 11:31:17,228 | INFO | HTTP Request: GET https://www.okx.com/api/v5/market/ticker?instId=SHIB-USDT-SWAP "HTTP/2 200 OK"
2026-03-22 11:31:17,290 | INFO | HTTP Request: GET https://www.okx.com/api/v5/trade/orders-algo-pending?ordType=chase&instType=SWAP&instId=ETHFI-USDT-SWAP "HTTP/2 200 OK"
2026-03-22 11:31:17,533 | INFO | HTTP Request: GET https://www.okx.com/api/v5/market/candles?instId=BTC-USDT-SWAP&bar=5m&limit=64 "HTTP/2 200 OK"
2026-03-22 11:31:17,625 | INFO | HTTP Request: GET https://www.okx.com/api/v5/market/candles?instId=SHIB-USDT-SWAP&bar=5m&limit=89 "HTTP/2 200 OK"
2026-03-22 11:31:18,126 | INFO | HTTP Request: GET https://www.okx.com/api/v5/market/ticker?instId=SKY-USDT-SWAP "HTTP/2 200 OK"
2026-03-22 11:31:18,518 | INFO | HTTP Request: GET https://www.okx.com/api/v5/market/candles?instId=SKY-USDT-SWAP&bar=5m&limit=89 "HTTP/2 200 OK"
2026-03-22 11:31:18,528 | INFO | HTTP Request: GET https://www.okx.com/api/v5/market/candles?instId=SOL-USDT-SWAP&bar=5m&limit=26 "HTTP/2 200 OK"
2026-03-22 11:31:18,933 | INFO | HTTP Request: GET https://www.okx.com/api/v5/market/ticker?instId=SOL-USDT-SWAP "HTTP/2 200 OK"
2026-03-22 11:31:19,038 | INFO | HTTP Request: GET https://www.okx.com/api/v5/market/ticker?instId=SOLV-USDT-SWAP "HTTP/2 200 OK"
2026-03-22 11:31:19,198 | INFO | HTTP Request: GET https://www.okx.com/api/v5/trade/orders-algo-pending?ordType=conditional&instType=SWAP&instId=SOL-USDT-SWAP "HTTP/2 200 OK"
2026-03-22 11:31:19,427 | INFO | HTTP Request: GET https://www.okx.com/api/v5/market/candles?instId=SOLV-USDT-SWAP&bar=5m&limit=89 "HTTP/2 200 OK"
2026-03-22 11:31:19,434 | INFO | HTTP Request: GET https://www.okx.com/api/v5/trade/orders-algo-pending?ordType=oco&instType=SWAP&instId=SOL-USDT-SWAP "HTTP/2 200 OK"
2026-03-22 11:31:19,673 | INFO | HTTP Request: GET https://www.okx.com/api/v5/trade/orders-algo-pending?ordType=trigger&instType=SWAP&instId=SOL-USDT-SWAP "HTTP/2 200 OK"
2026-03-22 11:31:19,914 | INFO | HTTP Request: GET https://www.okx.com/api/v5/trade/orders-algo-pending?ordType=move_order_stop&instType=SWAP&instId=SOL-USDT-SWAP "HTTP/2 200 OK"
2026-03-22 11:31:19,928 | INFO | HTTP Request: GET https://www.okx.com/api/v5/market/ticker?instId=SPK-USDT-SWAP "HTTP/2 200 OK"
2026-03-22 11:31:20,157 | INFO | HTTP Request: GET https://www.okx.com/api/v5/trade/orders-algo-pending?ordType=iceberg&instType=SWAP&instId=SOL-USDT-SWAP "HTTP/2 200 OK"
2026-03-22 11:31:20,305 | INFO | HTTP Request: GET https://www.okx.com/api/v5/market/candles?instId=SPK-USDT-SWAP&bar=5m&limit=89 "HTTP/2 200 OK"
2026-03-22 11:31:20,402 | INFO | HTTP Request: GET https://www.okx.com/api/v5/trade/orders-algo-pending?ordType=twap&instType=SWAP&instId=SOL-USDT-SWAP "HTTP/2 200 OK"
2026-03-22 11:31:20,558 | INFO | HTTP Request: GET https://www.okx.com/api/v5/account/balance "HTTP/2 200 OK"
2026-03-22 11:31:20,649 | INFO | HTTP Request: GET https://www.okx.com/api/v5/trade/orders-algo-pending?ordType=chase&instType=SWAP&instId=SOL-USDT-SWAP "HTTP/2 200 OK"
2026-03-22 11:31:20,789 | INFO | HTTP Request: GET https://www.okx.com/api/v5/market/ticker?instId=STRK-USDT-SWAP "HTTP/2 200 OK"
2026-03-22 11:31:21,016 | INFO | Amending exchange stop SOL-USDT-SWAP algo=3411334862781898752 payload=[{'instId': 'SOL-USDT-SWAP', 'algoId': '3411334862781898752', 'newSlTriggerPx': '87.383', 'newSlOrdPx': '-1', 'newSlTriggerPxType': 'mark'}]
2026-03-22 11:31:21,155 | INFO | HTTP Request: GET https://www.okx.com/api/v5/market/candles?instId=STRK-USDT-SWAP&bar=5m&limit=89 "HTTP/2 200 OK"
2026-03-22 11:31:21,263 | INFO | HTTP Request: POST https://www.okx.com/api/v5/trade/amend-algos "HTTP/2 200 OK"
2026-03-22 11:31:21,618 | INFO | Amending exchange stop SOL-USDT-SWAP algo=3411334862781898752 payload=[{'instId': 'SOL-USDT-SWAP', 'algoId': '3411334862781898752', 'newSlTriggerPx': '87.383', 'newSlOrdPx': '-1', 'newSlTriggerPxType': 'mark'}]
2026-03-22 11:31:21,637 | INFO | HTTP Request: GET https://www.okx.com/api/v5/market/ticker?instId=SUSHI-USDT-SWAP "HTTP/2 200 OK"
2026-03-22 11:31:21,911 | INFO | HTTP Request: POST https://www.okx.com/api/v5/trade/amend-algos "HTTP/2 200 OK"
2026-03-22 11:31:22,042 | INFO | HTTP Request: GET https://www.okx.com/api/v5/market/candles?instId=SUSHI-USDT-SWAP&bar=5m&limit=89 "HTTP/2 200 OK"
2026-03-22 11:31:22,161 | INFO | HTTP Request: POST https://www.okx.com/api/v5/trade/cancel-algos "HTTP/2 200 OK"
2026-03-22 11:31:22,404 | INFO | HTTP Request: GET https://www.okx.com/api/v5/trade/orders-algo-pending?ordType=conditional&instType=SWAP&instId=SOL-USDT-SWAP "HTTP/2 200 OK"
2026-03-22 11:31:22,543 | INFO | HTTP Request: GET https://www.okx.com/api/v5/market/ticker?instId=SYRUP-USDT-SWAP "HTTP/2 200 OK"
2026-03-22 11:31:22,644 | INFO | HTTP Request: GET https://www.okx.com/api/v5/trade/orders-algo-pending?ordType=oco&instType=SWAP&instId=SOL-USDT-SWAP "HTTP/2 200 OK"
2026-03-22 11:31:22,891 | INFO | HTTP Request: GET https://www.okx.com/api/v5/trade/orders-algo-pending?ordType=trigger&instType=SWAP&instId=SOL-USDT-SWAP "HTTP/2 200 OK"
2026-03-22 11:31:22,983 | INFO | HTTP Request: GET https://www.okx.com/api/v5/market/candles?instId=SYRUP-USDT-SWAP&bar=5m&limit=89 "HTTP/2 200 OK"
2026-03-22 11:31:23,138 | INFO | HTTP Request: GET https://www.okx.com/api/v5/trade/orders-algo-pending?ordType=move_order_stop&instType=SWAP&instId=SOL-USDT-SWAP "HTTP/2 200 OK"
2026-03-22 11:31:23,381 | INFO | HTTP Request: GET https://www.okx.com/api/v5/trade/orders-algo-pending?ordType=iceberg&instType=SWAP&instId=SOL-USDT-SWAP "HTTP/2 200 OK"
2026-03-22 11:31:23,495 | INFO | HTTP Request: GET https://www.okx.com/api/v5/market/ticker?instId=TEST1234-USDT-SWAP "HTTP/2 200 OK"
2026-03-22 11:31:23,625 | INFO | HTTP Request: GET https://www.okx.com/api/v5/trade/orders-algo-pending?ordType=twap&instType=SWAP&instId=SOL-USDT-SWAP "HTTP/2 200 OK"
2026-03-22 11:31:23,796 | INFO | HTTP Request: GET https://www.okx.com/api/v5/market/candles?instId=BTC-USDT-SWAP&bar=5m&limit=64 "HTTP/2 200 OK"
2026-03-22 11:31:23,857 | INFO | HTTP Request: GET https://www.okx.com/api/v5/market/candles?instId=TEST1234-USDT-SWAP&bar=5m&limit=89 "HTTP/2 200 OK"
2026-03-22 11:31:23,868 | INFO | HTTP Request: GET https://www.okx.com/api/v5/trade/orders-algo-pending?ordType=chase&instType=SWAP&instId=SOL-USDT-SWAP "HTTP/2 200 OK"
2026-03-22 11:31:24,109 | INFO | HTTP Request: GET https://www.okx.com/api/v5/trade/orders-algo-pending?ordType=conditional&instType=SWAP&instId=SOL-USDT-SWAP "HTTP/2 200 OK"
2026-03-22 11:31:24,351 | INFO | HTTP Request: GET https://www.okx.com/api/v5/trade/orders-algo-pending?ordType=oco&instType=SWAP&instId=SOL-USDT-SWAP "HTTP/2 200 OK"
2026-03-22 11:31:24,352 | INFO | HTTP Request: GET https://www.okx.com/api/v5/market/ticker?instId=TEST3103-USDT-SWAP "HTTP/2 200 OK"
2026-03-22 11:31:24,591 | INFO | HTTP Request: GET https://www.okx.com/api/v5/trade/orders-algo-pending?ordType=trigger&instType=SWAP&instId=SOL-USDT-SWAP "HTTP/2 200 OK"
2026-03-22 11:31:24,714 | INFO | HTTP Request: GET https://www.okx.com/api/v5/market/candles?instId=TEST3103-USDT-SWAP&bar=5m&limit=89 "HTTP/2 200 OK"
2026-03-22 11:31:24,831 | INFO | HTTP Request: GET https://www.okx.com/api/v5/trade/orders-algo-pending?ordType=move_order_stop&instType=SWAP&instId=SOL-USDT-SWAP "HTTP/2 200 OK"
2026-03-22 11:31:25,074 | INFO | HTTP Request: GET https://www.okx.com/api/v5/trade/orders-algo-pending?ordType=iceberg&instType=SWAP&instId=SOL-USDT-SWAP "HTTP/2 200 OK"
2026-03-22 11:31:25,198 | INFO | HTTP Request: GET https://www.okx.com/api/v5/market/ticker?instId=TEST3110-USDT-SWAP "HTTP/2 200 OK"
2026-03-22 11:31:25,315 | INFO | HTTP Request: GET https://www.okx.com/api/v5/trade/orders-algo-pending?ordType=twap&instType=SWAP&instId=SOL-USDT-SWAP "HTTP/2 200 OK"
2026-03-22 11:31:25,556 | INFO | HTTP Request: GET https://www.okx.com/api/v5/trade/orders-algo-pending?ordType=chase&instType=SWAP&instId=SOL-USDT-SWAP "HTTP/2 200 OK"
2026-03-22 11:31:25,558 | INFO | HTTP Request: GET https://www.okx.com/api/v5/market/candles?instId=TEST3110-USDT-SWAP&bar=5m&limit=89 "HTTP/2 200 OK"
2026-03-22 11:31:25,564 | INFO | Placing exchange stop SOL-USDT-SWAP short payload={'instId': 'SOL-USDT-SWAP', 'tdMode': 'isolated', 'side': 'buy', 'posSide': 'net', 'ordType': 'conditional', 'reduceOnly': 'true', 'closeFraction': '1', 'slTriggerPx': '87.383', 'slTriggerPxType': 'mark', 'slOrdPx': '-1'}
2026-03-22 11:31:25,817 | INFO | HTTP Request: POST https://www.okx.com/api/v5/trade/order-algo "HTTP/2 200 OK"
2026-03-22 11:31:25,984 | INFO | HTTP Request: GET https://www.okx.com/api/v5/account/balance "HTTP/2 200 OK"
2026-03-22 11:31:26,049 | INFO | HTTP Request: GET https://www.okx.com/api/v5/market/ticker?instId=THETA-USDT-SWAP "HTTP/2 200 OK"
2026-03-22 11:31:26,060 | INFO | HTTP Request: GET https://www.okx.com/api/v5/trade/orders-algo-pending?ordType=conditional&instType=SWAP&instId=SOL-USDT-SWAP "HTTP/2 200 OK"
2026-03-22 11:31:26,300 | INFO | HTTP Request: GET https://www.okx.com/api/v5/trade/orders-algo-pending?ordType=oco&instType=SWAP&instId=SOL-USDT-SWAP "HTTP/2 200 OK"
2026-03-22 11:31:26,415 | INFO | HTTP Request: GET https://www.okx.com/api/v5/market/candles?instId=THETA-USDT-SWAP&bar=5m&limit=89 "HTTP/2 200 OK"
2026-03-22 11:31:26,605 | INFO | HTTP Request: GET https://www.okx.com/api/v5/trade/orders-algo-pending?ordType=trigger&instType=SWAP&instId=SOL-USDT-SWAP "HTTP/2 200 OK"
2026-03-22 11:31:26,869 | INFO | HTTP Request: GET https://www.okx.com/api/v5/trade/orders-algo-pending?ordType=move_order_stop&instType=SWAP&instId=SOL-USDT-SWAP "HTTP/2 200 OK"
2026-03-22 11:31:26,906 | INFO | HTTP Request: GET https://www.okx.com/api/v5/market/ticker?instId=TON-USDT-SWAP "HTTP/2 200 OK"
2026-03-22 11:31:27,115 | INFO | HTTP Request: GET https://www.okx.com/api/v5/trade/orders-algo-pending?ordType=iceberg&instType=SWAP&instId=SOL-USDT-SWAP "HTTP/2 200 OK"
2026-03-22 11:31:27,281 | INFO | HTTP Request: GET https://www.okx.com/api/v5/market/candles?instId=TON-USDT-SWAP&bar=5m&limit=89 "HTTP/2 200 OK"
2026-03-22 11:31:27,360 | INFO | HTTP Request: GET https://www.okx.com/api/v5/trade/orders-algo-pending?ordType=twap&instType=SWAP&instId=SOL-USDT-SWAP "HTTP/2 200 OK"
2026-03-22 11:31:27,601 | INFO | HTTP Request: GET https://www.okx.com/api/v5/trade/orders-algo-pending?ordType=chase&instType=SWAP&instId=SOL-USDT-SWAP "HTTP/2 200 OK"
2026-03-22 11:31:27,607 | INFO | Placing order SOL-USDT-SWAP sell qty=105.2 attach_stop=0.0
2026-03-22 11:31:27,812 | INFO | HTTP Request: GET https://www.okx.com/api/v5/market/ticker?instId=TRIA-USDT-SWAP "HTTP/2 200 OK"
2026-03-22 11:31:27,847 | INFO | HTTP Request: POST https://www.okx.com/api/v5/trade/order "HTTP/2 200 OK"
2026-03-22 11:31:28,184 | INFO | HTTP Request: GET https://www.okx.com/api/v5/market/candles?instId=TRIA-USDT-SWAP&bar=5m&limit=89 "HTTP/2 200 OK"
2026-03-22 11:31:28,222 | INFO | HTTP Request: GET https://www.okx.com/api/v5/account/positions?instType=SWAP "HTTP/2 200 OK"
2026-03-22 11:31:28,460 | INFO | HTTP Request: GET https://www.okx.com/api/v5/trade/orders-algo-pending?ordType=conditional&instType=SWAP&instId=SOL-USDT-SWAP "HTTP/2 200 OK"
2026-03-22 11:31:28,676 | INFO | HTTP Request: GET https://www.okx.com/api/v5/market/ticker?instId=TRX-USDT-SWAP "HTTP/2 200 OK"
2026-03-22 11:31:28,700 | INFO | HTTP Request: GET https://www.okx.com/api/v5/trade/orders-algo-pending?ordType=oco&instType=SWAP&instId=SOL-USDT-SWAP "HTTP/2 200 OK"
2026-03-22 11:31:28,943 | INFO | HTTP Request: GET https://www.okx.com/api/v5/trade/orders-algo-pending?ordType=trigger&instType=SWAP&instId=SOL-USDT-SWAP "HTTP/2 200 OK"
2026-03-22 11:31:29,057 | INFO | HTTP Request: GET https://www.okx.com/api/v5/market/candles?instId=TRX-USDT-SWAP&bar=5m&limit=89 "HTTP/2 200 OK"
2026-03-22 11:31:29,184 | INFO | HTTP Request: GET https://www.okx.com/api/v5/trade/orders-algo-pending?ordType=move_order_stop&instType=SWAP&instId=SOL-USDT-SWAP "HTTP/2 200 OK"
2026-03-22 11:31:29,426 | INFO | HTTP Request: GET https://www.okx.com/api/v5/trade/orders-algo-pending?ordType=iceberg&instType=SWAP&instId=SOL-USDT-SWAP "HTTP/2 200 OK"
2026-03-22 11:31:29,569 | INFO | HTTP Request: GET https://www.okx.com/api/v5/market/ticker?instId=TSLA-USDT-SWAP "HTTP/2 200 OK"
2026-03-22 11:31:29,666 | INFO | HTTP Request: GET https://www.okx.com/api/v5/trade/orders-algo-pending?ordType=twap&instType=SWAP&instId=SOL-USDT-SWAP "HTTP/2 200 OK"
2026-03-22 11:31:29,917 | INFO | HTTP Request: GET https://www.okx.com/api/v5/trade/orders-algo-pending?ordType=chase&instType=SWAP&instId=SOL-USDT-SWAP "HTTP/2 200 OK"
2026-03-22 11:31:29,944 | INFO | HTTP Request: GET https://www.okx.com/api/v5/market/candles?instId=TSLA-USDT-SWAP&bar=5m&limit=89 "HTTP/2 200 OK"
2026-03-22 11:31:30,025 | INFO | HTTP Request: GET https://www.okx.com/api/v5/market/candles?instId=BTC-USDT-SWAP&bar=5m&limit=64 "HTTP/2 200 OK"
2026-03-22 11:31:30,434 | INFO | HTTP Request: GET https://www.okx.com/api/v5/market/ticker?instId=XAG-USDT-SWAP "HTTP/2 200 OK"
2026-03-22 11:31:30,833 | INFO | HTTP Request: GET https://www.okx.com/api/v5/market/candles?instId=XAG-USDT-SWAP&bar=5m&limit=89 "HTTP/2 200 OK"
2026-03-22 11:31:30,894 | INFO | HTTP Request: GET https://www.okx.com/api/v5/market/candles?instId=AAVE-USDT-SWAP&bar=5m&limit=26 "HTTP/2 200 OK"
2026-03-22 11:31:31,258 | INFO | HTTP Request: GET https://www.okx.com/api/v5/market/ticker?instId=AAVE-USDT-SWAP "HTTP/2 200 OK"
2026-03-22 11:31:31,341 | INFO | HTTP Request: GET https://www.okx.com/api/v5/market/ticker?instId=XAU-USDT-SWAP "HTTP/2 200 OK"
2026-03-22 11:31:31,411 | INFO | HTTP Request: GET https://www.okx.com/api/v5/account/balance "HTTP/2 200 OK"
2026-03-22 11:31:31,542 | INFO | HTTP Request: GET https://www.okx.com/api/v5/trade/orders-algo-pending?ordType=conditional&instType=SWAP&instId=AAVE-USDT-SWAP "HTTP/2 200 OK"
2026-03-22 11:31:31,705 | INFO | HTTP Request: GET https://www.okx.com/api/v5/market/candles?instId=XAU-USDT-SWAP&bar=5m&limit=89 "HTTP/2 200 OK"
2026-03-22 11:31:31,790 | INFO | HTTP Request: GET https://www.okx.com/api/v5/trade/orders-algo-pending?ordType=oco&instType=SWAP&instId=AAVE-USDT-SWAP "HTTP/2 200 OK"
2026-03-22 11:31:32,029 | INFO | HTTP Request: GET https://www.okx.com/api/v5/trade/orders-algo-pending?ordType=trigger&instType=SWAP&instId=AAVE-USDT-SWAP "HTTP/2 200 OK"
2026-03-22 11:31:32,251 | INFO | HTTP Request: GET https://www.okx.com/api/v5/market/ticker?instId=XLM-USDT-SWAP "HTTP/2 200 OK"
2026-03-22 11:31:32,271 | INFO | HTTP Request: GET https://www.okx.com/api/v5/trade/orders-algo-pending?ordType=move_order_stop&instType=SWAP&instId=AAVE-USDT-SWAP "HTTP/2 200 OK"
2026-03-22 11:31:32,512 | INFO | HTTP Request: GET https://www.okx.com/api/v5/trade/orders-algo-pending?ordType=iceberg&instType=SWAP&instId=AAVE-USDT-SWAP "HTTP/2 200 OK"
2026-03-22 11:31:32,619 | INFO | HTTP Request: GET https://www.okx.com/api/v5/market/candles?instId=XLM-USDT-SWAP&bar=5m&limit=89 "HTTP/2 200 OK"
2026-03-22 11:31:32,759 | INFO | HTTP Request: GET https://www.okx.com/api/v5/trade/orders-algo-pending?ordType=twap&instType=SWAP&instId=AAVE-USDT-SWAP "HTTP/2 200 OK"
2026-03-22 11:31:32,999 | INFO | HTTP Request: GET https://www.okx.com/api/v5/trade/orders-algo-pending?ordType=chase&instType=SWAP&instId=AAVE-USDT-SWAP "HTTP/2 200 OK"
2026-03-22 11:31:33,111 | INFO | HTTP Request: GET https://www.okx.com/api/v5/market/ticker?instId=XPL-USDT-SWAP "HTTP/2 200 OK"
2026-03-22 11:31:33,356 | INFO | Placing order AAVE-USDT-SWAP sell qty=224.9 attach_stop=0.0
2026-03-22 11:31:33,480 | INFO | HTTP Request: GET https://www.okx.com/api/v5/market/candles?instId=XPL-USDT-SWAP&bar=5m&limit=89 "HTTP/2 200 OK"
2026-03-22 11:31:33,604 | INFO | HTTP Request: POST https://www.okx.com/api/v5/trade/order "HTTP/2 200 OK"
2026-03-22 11:31:33,961 | INFO | HTTP Request: GET https://www.okx.com/api/v5/market/ticker?instId=XRP-USDT-SWAP "HTTP/2 200 OK"
2026-03-22 11:31:33,976 | INFO | HTTP Request: GET https://www.okx.com/api/v5/account/positions?instType=SWAP "HTTP/2 200 OK"
2026-03-22 11:31:34,378 | INFO | HTTP Request: GET https://www.okx.com/api/v5/market/candles?instId=XRP-USDT-SWAP&bar=5m&limit=89 "HTTP/2 200 OK"
2026-03-22 11:31:34,913 | INFO | HTTP Request: GET https://www.okx.com/api/v5/market/ticker?instId=XSR-USDT-SWAP "HTTP/2 200 OK"
2026-03-22 11:31:35,002 | INFO | HTTP Request: GET https://www.okx.com/api/v5/market/candles?instId=BTC-USDT-SWAP&bar=5m&limit=64 "HTTP/2 200 OK"
2026-03-22 11:31:35,299 | INFO | HTTP Request: GET https://www.okx.com/api/v5/market/candles?instId=XSR-USDT-SWAP&bar=5m&limit=89 "HTTP/2 200 OK"
2026-03-22 11:31:35,342 | INFO | HTTP Request: GET https://www.okx.com/api/v5/public/instruments?instType=SWAP "HTTP/2 200 OK"
2026-03-22 11:31:35,727 | INFO | HTTP Request: GET https://www.okx.com/api/v5/account/balance "HTTP/2 200 OK"
2026-03-22 11:31:35,824 | INFO | HTTP Request: GET https://www.okx.com/api/v5/market/ticker?instId=XTZ-USDT-SWAP "HTTP/2 200 OK"
2026-03-22 11:31:35,992 | INFO | HTTP Request: GET https://www.okx.com/api/v5/trade/orders-pending?instType=SWAP&instId=1INCH-USDT-SWAP "HTTP/2 200 OK"
2026-03-22 11:31:36,226 | INFO | HTTP Request: GET https://www.okx.com/api/v5/market/candles?instId=XTZ-USDT-SWAP&bar=5m&limit=89 "HTTP/2 200 OK"
2026-03-22 11:31:36,363 | INFO | HTTP Request: GET https://www.okx.com/api/v5/market/ticker?instId=1INCH-USDT-SWAP "HTTP/2 200 OK"
2026-03-22 11:31:36,714 | INFO | HTTP Request: GET https://www.okx.com/api/v5/market/ticker?instId=YB-USDT-SWAP "HTTP/2 200 OK"
2026-03-22 11:31:36,828 | INFO | HTTP Request: GET https://www.okx.com/api/v5/account/balance "HTTP/2 200 OK"
2026-03-22 11:31:37,076 | INFO | HTTP Request: GET https://www.okx.com/api/v5/market/candles?instId=YB-USDT-SWAP&bar=5m&limit=89 "HTTP/2 200 OK"
2026-03-22 11:31:37,563 | INFO | HTTP Request: GET https://www.okx.com/api/v5/market/ticker?instId=YFI-USDT-SWAP "HTTP/2 200 OK"
2026-03-22 11:31:38,546 | INFO | HTTP Request: GET https://www.okx.com/api/v5/market/ticker?instId=MAGIC-USDT-SWAP "HTTP/2 200 OK"
2026-03-22 11:31:38,959 | INFO | HTTP Request: GET https://www.okx.com/api/v5/market/candles?instId=MAGIC-USDT-SWAP&bar=5m&limit=89 "HTTP/2 200 OK"
2026-03-22 11:31:39,415 | INFO | HTTP Request: GET https://www.okx.com/api/v5/market/candles?instId=BTC-USDT-SWAP&bar=5m&limit=64 "HTTP/2 200 OK"
2026-03-22 11:31:39,488 | INFO | HTTP Request: GET https://www.okx.com/api/v5/market/ticker?instId=ICP-USDT-SWAP "HTTP/2 200 OK"
2026-03-22 11:31:39,884 | INFO | HTTP Request: GET https://www.okx.com/api/v5/market/candles?instId=ICP-USDT-SWAP&bar=5m&limit=89 "HTTP/2 200 OK"
2026-03-22 11:31:40,276 | INFO | HTTP Request: GET https://www.okx.com/api/v5/public/instruments?instType=SWAP "HTTP/2 200 OK"
2026-03-22 11:31:40,414 | INFO | HTTP Request: GET https://www.okx.com/api/v5/market/ticker?instId=SUI-USDT-SWAP "HTTP/2 200 OK"
2026-03-22 11:31:40,646 | INFO | HTTP Request: GET https://www.okx.com/api/v5/account/balance "HTTP/2 200 OK"
2026-03-22 11:31:40,778 | INFO | HTTP Request: GET https://www.okx.com/api/v5/market/candles?instId=SUI-USDT-SWAP&bar=5m&limit=89 "HTTP/2 200 OK"
2026-03-22 11:31:40,884 | INFO | HTTP Request: GET https://www.okx.com/api/v5/trade/orders-pending?instType=SWAP&instId=1INCH-USDT-SWAP "HTTP/2 200 OK"
2026-03-22 11:31:41,251 | INFO | HTTP Request: GET https://www.okx.com/api/v5/market/ticker?instId=1INCH-USDT-SWAP "HTTP/2 200 OK"
2026-03-22 11:31:41,258 | INFO | HTTP Request: GET https://www.okx.com/api/v5/market/ticker?instId=ETHFI-USDT-SWAP "HTTP/2 200 OK"
2026-03-22 11:31:41,662 | INFO | HTTP Request: GET https://www.okx.com/api/v5/account/positions?instType=SWAP "HTTP/2 200 OK"
2026-03-22 11:31:41,679 | INFO | HTTP Request: GET https://www.okx.com/api/v5/market/candles?instId=ETHFI-USDT-SWAP&bar=5m&limit=89 "HTTP/2 200 OK"
2026-03-22 11:31:42,070 | INFO | HTTP Request: GET https://www.okx.com/api/v5/market/candles?instId=CAT-USDT-SWAP&bar=15m&limit=121 "HTTP/2 200 OK"
2026-03-22 11:31:42,199 | INFO | HTTP Request: GET https://www.okx.com/api/v5/market/ticker?instId=SOL-USDT-SWAP "HTTP/2 200 OK"
2026-03-22 11:31:42,234 | INFO | HTTP Request: GET https://www.okx.com/api/v5/account/balance "HTTP/2 200 OK"
2026-03-22 11:31:42,570 | INFO | HTTP Request: GET https://www.okx.com/api/v5/market/candles?instId=CAT-USDT-SWAP&bar=5m&limit=97 "HTTP/2 200 OK"
2026-03-22 11:31:42,603 | INFO | HTTP Request: GET https://www.okx.com/api/v5/market/candles?instId=SOL-USDT-SWAP&bar=5m&limit=89 "HTTP/2 200 OK"
2026-03-22 11:31:42,955 | INFO | HTTP Request: GET https://www.okx.com/api/v5/market/history-trades?instId=CAT-USDT-SWAP&limit=100 "HTTP/2 200 OK"
2026-03-22 11:31:43,087 | INFO | HTTP Request: GET https://www.okx.com/api/v5/market/ticker?instId=AAVE-USDT-SWAP "HTTP/2 200 OK"
2026-03-22 11:31:43,331 | INFO | HTTP Request: GET https://www.okx.com/api/v5/market/books?instId=CAT-USDT-SWAP&sz=5 "HTTP/2 200 OK"
2026-03-22 11:31:43,451 | INFO | HTTP Request: GET https://www.okx.com/api/v5/market/candles?instId=AAVE-USDT-SWAP&bar=5m&limit=89 "HTTP/2 200 OK"
2026-03-22 11:31:43,934 | INFO | HTTP Request: GET https://www.okx.com/api/v5/market/books?instId=CAT-USDT-SWAP&sz=5 "HTTP/2 200 OK"
2026-03-22 11:31:43,945 | INFO | HTTP Request: GET https://www.okx.com/api/v5/market/ticker?instId=1INCH-USDT-SWAP "HTTP/2 200 OK"
2026-03-22 11:31:44,336 | INFO | HTTP Request: GET https://www.okx.com/api/v5/market/candles?instId=1INCH-USDT-SWAP&bar=5m&limit=89 "HTTP/2 200 OK"
2026-03-22 11:31:44,547 | INFO | HTTP Request: GET https://www.okx.com/api/v5/market/books?instId=CAT-USDT-SWAP&sz=5 "HTTP/2 200 OK"
2026-03-22 11:31:44,846 | INFO | HTTP Request: GET https://www.okx.com/api/v5/market/ticker?instId=2Z-USDT-SWAP "HTTP/2 200 OK"
2026-03-22 11:31:45,136 | INFO | HTTP Request: GET https://www.okx.com/api/v5/market/books?instId=CAT-USDT-SWAP&sz=5 "HTTP/2 200 OK"
2026-03-22 11:31:45,257 | INFO | HTTP Request: GET https://www.okx.com/api/v5/market/candles?instId=2Z-USDT-SWAP&bar=5m&limit=89 "HTTP/2 200 OK"
2026-03-22 11:31:45,560 | INFO | HTTP Request: GET https://www.okx.com/api/v5/market/candles?instId=CATI-USDT-SWAP&bar=15m&limit=121 "HTTP/2 200 OK"
2026-03-22 11:31:45,650 | INFO | HTTP Request: GET https://www.okx.com/api/v5/market/candles?instId=BTC-USDT-SWAP&bar=5m&limit=64 "HTTP/2 200 OK"
2026-03-22 11:31:45,766 | INFO | HTTP Request: GET https://www.okx.com/api/v5/market/ticker?instId=A-USDT-SWAP "HTTP/2 200 OK"
2026-03-22 11:31:45,967 | INFO | HTTP Request: GET https://www.okx.com/api/v5/market/candles?instId=CATI-USDT-SWAP&bar=5m&limit=97 "HTTP/2 200 OK"
2026-03-22 11:31:46,158 | INFO | HTTP Request: GET https://www.okx.com/api/v5/market/candles?instId=A-USDT-SWAP&bar=5m&limit=89 "HTTP/2 200 OK"
2026-03-22 11:31:46,390 | INFO | HTTP Request: GET https://www.okx.com/api/v5/market/history-trades?instId=CATI-USDT-SWAP&limit=100 "HTTP/2 200 OK"
2026-03-22 11:31:46,692 | INFO | HTTP Request: GET https://www.okx.com/api/v5/market/ticker?instId=ACT-USDT-SWAP "HTTP/2 200 OK"
2026-03-22 11:31:46,825 | INFO | HTTP Request: GET https://www.okx.com/api/v5/market/books?instId=CATI-USDT-SWAP&sz=5 "HTTP/2 200 OK"
2026-03-22 11:31:47,100 | INFO | HTTP Request: GET https://www.okx.com/api/v5/market/candles?instId=ACT-USDT-SWAP&bar=5m&limit=89 "HTTP/2 200 OK"
2026-03-22 11:31:47,425 | INFO | HTTP Request: GET https://www.okx.com/api/v5/market/books?instId=CATI-USDT-SWAP&sz=5 "HTTP/2 200 OK"
2026-03-22 11:31:47,554 | INFO | HTTP Request: GET https://www.okx.com/api/v5/account/balance "HTTP/2 200 OK"
2026-03-22 11:31:47,625 | INFO | HTTP Request: GET https://www.okx.com/api/v5/market/ticker?instId=ADA-USDT-SWAP "HTTP/2 200 OK"
2026-03-22 11:31:48,027 | INFO | HTTP Request: GET https://www.okx.com/api/v5/market/books?instId=CATI-USDT-SWAP&sz=5 "HTTP/2 200 OK"
2026-03-22 11:31:48,027 | INFO | HTTP Request: GET https://www.okx.com/api/v5/market/candles?instId=ADA-USDT-SWAP&bar=5m&limit=89 "HTTP/2 200 OK"
2026-03-22 11:31:48,556 | INFO | HTTP Request: GET https://www.okx.com/api/v5/market/ticker?instId=AI16Z-USDT-SWAP "HTTP/2 200 OK"
2026-03-22 11:31:48,666 | INFO | HTTP Request: GET https://www.okx.com/api/v5/market/books?instId=CATI-USDT-SWAP&sz=5 "HTTP/2 200 OK"
2026-03-22 11:31:48,939 | INFO | HTTP Request: GET https://www.okx.com/api/v5/market/candles?instId=AI16Z-USDT-SWAP&bar=5m&limit=89 "HTTP/2 200 OK"
2026-03-22 11:31:49,059 | INFO | HTTP Request: GET https://www.okx.com/api/v5/market/candles?instId=CELO-USDT-SWAP&bar=15m&limit=121 "HTTP/2 200 OK"
2026-03-22 11:31:49,460 | INFO | HTTP Request: GET https://www.okx.com/api/v5/market/candles?instId=CELO-USDT-SWAP&bar=5m&limit=97 "HTTP/2 200 OK"
2026-03-22 11:31:49,472 | INFO | HTTP Request: GET https://www.okx.com/api/v5/market/ticker?instId=AKITA-USDT-SWAP "HTTP/2 200 OK"
2026-03-22 11:31:49,864 | INFO | HTTP Request: GET https://www.okx.com/api/v5/market/history-trades?instId=CELO-USDT-SWAP&limit=100 "HTTP/2 200 OK"
2026-03-22 11:31:49,867 | INFO | HTTP Request: GET https://www.okx.com/api/v5/market/candles?instId=AKITA-USDT-SWAP&bar=5m&limit=89 "HTTP/2 200 OK"
2026-03-22 11:31:50,260 | INFO | HTTP Request: GET https://www.okx.com/api/v5/market/books?instId=CELO-USDT-SWAP&sz=5 "HTTP/2 200 OK"
2026-03-22 11:31:50,396 | INFO | HTTP Request: GET https://www.okx.com/api/v5/market/ticker?instId=ALGO-USDT-SWAP "HTTP/2 200 OK"
2026-03-22 11:31:52,367 | INFO | HTTP Request: GET https://www.okx.com/api/v5/market/candles?instId=ALGO-USDT-SWAP&bar=5m&limit=89 "HTTP/2 200 OK"
2026-03-22 11:31:52,437 | INFO | HTTP Request: GET https://www.okx.com/api/v5/market/books?instId=CELO-USDT-SWAP&sz=5 "HTTP/2 200 OK"
2026-03-22 11:31:52,438 | INFO | HTTP Request: GET https://www.okx.com/api/v5/market/candles?instId=BTC-USDT-SWAP&bar=5m&limit=64 "HTTP/2 200 OK"
2026-03-22 11:31:52,881 | INFO | HTTP Request: GET https://www.okx.com/api/v5/account/balance "HTTP/2 200 OK"
2026-03-22 11:31:52,903 | INFO | HTTP Request: GET https://www.okx.com/api/v5/market/ticker?instId=ARB-USDT-SWAP "HTTP/2 200 OK"
2026-03-22 11:31:53,065 | INFO | HTTP Request: GET https://www.okx.com/api/v5/market/books?instId=CELO-USDT-SWAP&sz=5 "HTTP/2 200 OK"
2026-03-22 11:31:53,340 | INFO | HTTP Request: GET https://www.okx.com/api/v5/market/candles?instId=ARB-USDT-SWAP&bar=5m&limit=89 "HTTP/2 200 OK"
2026-03-22 11:31:53,727 | INFO | HTTP Request: GET https://www.okx.com/api/v5/market/books?instId=CELO-USDT-SWAP&sz=5 "HTTP/2 200 OK"
2026-03-22 11:31:53,837 | INFO | HTTP Request: GET https://www.okx.com/api/v5/market/ticker?instId=ASP-USDT-SWAP "HTTP/2 200 OK"
2026-03-22 11:31:54,191 | INFO | HTTP Request: GET https://www.okx.com/api/v5/market/candles?instId=CFX-USDT-SWAP&bar=15m&limit=121 "HTTP/2 200 OK"
2026-03-22 11:31:54,210 | INFO | HTTP Request: GET https://www.okx.com/api/v5/market/candles?instId=ASP-USDT-SWAP&bar=5m&limit=89 "HTTP/2 200 OK"
2026-03-22 11:31:54,564 | INFO | HTTP Request: GET https://www.okx.com/api/v5/market/candles?instId=CFX-USDT-SWAP&bar=5m&limit=97 "HTTP/2 200 OK"
2026-03-22 11:31:54,711 | INFO | HTTP Request: GET https://www.okx.com/api/v5/market/ticker?instId=ASTER-USDT-SWAP "HTTP/2 200 OK"
2026-03-22 11:31:54,993 | INFO | HTTP Request: GET https://www.okx.com/api/v5/market/history-trades?instId=CFX-USDT-SWAP&limit=100 "HTTP/2 200 OK"
2026-03-22 11:31:55,089 | INFO | HTTP Request: GET https://www.okx.com/api/v5/market/candles?instId=ASTER-USDT-SWAP&bar=5m&limit=89 "HTTP/2 200 OK"
2026-03-22 11:31:55,436 | INFO | HTTP Request: GET https://www.okx.com/api/v5/market/books?instId=CFX-USDT-SWAP&sz=5 "HTTP/2 200 OK"
2026-03-22 11:31:55,617 | INFO | HTTP Request: GET https://www.okx.com/api/v5/market/ticker?instId=ATOM-USDT-SWAP "HTTP/2 200 OK"
2026-03-22 11:31:56,005 | INFO | HTTP Request: GET https://www.okx.com/api/v5/market/candles?instId=ATOM-USDT-SWAP&bar=5m&limit=89 "HTTP/2 200 OK"
2026-03-22 11:31:56,037 | INFO | HTTP Request: GET https://www.okx.com/api/v5/market/books?instId=CFX-USDT-SWAP&sz=5 "HTTP/2 200 OK"
2026-03-22 11:31:56,551 | INFO | HTTP Request: GET https://www.okx.com/api/v5/market/ticker?instId=AUCTION-USDT-SWAP "HTTP/2 200 OK"
2026-03-22 11:31:56,635 | INFO | HTTP Request: GET https://www.okx.com/api/v5/market/books?instId=CFX-USDT-SWAP&sz=5 "HTTP/2 200 OK"
2026-03-22 11:31:56,923 | INFO | HTTP Request: GET https://www.okx.com/api/v5/market/candles?instId=AUCTION-USDT-SWAP&bar=5m&limit=89 "HTTP/2 200 OK"
2026-03-22 11:31:57,252 | INFO | HTTP Request: GET https://www.okx.com/api/v5/market/books?instId=CFX-USDT-SWAP&sz=5 "HTTP/2 200 OK"
2026-03-22 11:31:57,467 | INFO | HTTP Request: GET https://www.okx.com/api/v5/market/ticker?instId=AVAX-USDT-SWAP "HTTP/2 200 OK"
2026-03-22 11:31:57,653 | INFO | HTTP Request: GET https://www.okx.com/api/v5/market/candles?instId=1INCH-USDT-SWAP&bar=5m&limit=71 "HTTP/2 200 OK"
2026-03-22 11:31:57,852 | INFO | HTTP Request: GET https://www.okx.com/api/v5/market/candles?instId=AVAX-USDT-SWAP&bar=5m&limit=89 "HTTP/2 200 OK"
2026-03-22 11:31:58,053 | INFO | HTTP Request: GET https://www.okx.com/api/v5/market/candles?instId=2Z-USDT-SWAP&bar=5m&limit=71 "HTTP/2 200 OK"
2026-03-22 11:31:58,141 | INFO | HTTP Request: GET https://www.okx.com/api/v5/market/candles?instId=BTC-USDT-SWAP&bar=5m&limit=64 "HTTP/2 200 OK"
2026-03-22 11:31:58,380 | INFO | HTTP Request: GET https://www.okx.com/api/v5/account/balance "HTTP/2 200 OK"
2026-03-22 11:31:58,381 | INFO | HTTP Request: GET https://www.okx.com/api/v5/market/ticker?instId=AXS-USDT-SWAP "HTTP/2 200 OK"
2026-03-22 11:31:58,467 | INFO | HTTP Request: GET https://www.okx.com/api/v5/market/candles?instId=ACT-USDT-SWAP&bar=5m&limit=71 "HTTP/2 200 OK"
2026-03-22 11:31:58,759 | INFO | HTTP Request: GET https://www.okx.com/api/v5/market/candles?instId=AXS-USDT-SWAP&bar=5m&limit=89 "HTTP/2 200 OK"
2026-03-22 11:31:58,880 | INFO | HTTP Request: GET https://www.okx.com/api/v5/market/candles?instId=ALGO-USDT-SWAP&bar=5m&limit=71 "HTTP/2 200 OK"
2026-03-22 11:31:59,267 | INFO | HTTP Request: GET https://www.okx.com/api/v5/market/candles?instId=ARB-USDT-SWAP&bar=5m&limit=71 "HTTP/2 200 OK"
2026-03-22 11:31:59,275 | INFO | HTTP Request: GET https://www.okx.com/api/v5/market/ticker?instId=BAND-USDT-SWAP "HTTP/2 200 OK"
2026-03-22 11:31:59,688 | INFO | HTTP Request: GET https://www.okx.com/api/v5/market/candles?instId=BNB-USDT-SWAP&bar=5m&limit=71 "HTTP/2 200 OK"
2026-03-22 11:31:59,696 | INFO | HTTP Request: GET https://www.okx.com/api/v5/market/candles?instId=BAND-USDT-SWAP&bar=5m&limit=89 "HTTP/2 200 OK"
2026-03-22 11:32:00,080 | INFO | HTTP Request: GET https://www.okx.com/api/v5/market/candles?instId=BTC-USDT-SWAP&bar=5m&limit=71 "HTTP/2 200 OK"
2026-03-22 11:32:00,212 | INFO | HTTP Request: GET https://www.okx.com/api/v5/market/ticker?instId=BCH-USDT-SWAP "HTTP/2 200 OK"
2026-03-22 11:32:00,505 | INFO | HTTP Request: GET https://www.okx.com/api/v5/market/candles?instId=CELO-USDT-SWAP&bar=5m&limit=71 "HTTP/2 200 OK"
2026-03-22 11:32:00,590 | INFO | HTTP Request: GET https://www.okx.com/api/v5/market/candles?instId=BCH-USDT-SWAP&bar=5m&limit=89 "HTTP/2 200 OK"
2026-03-22 11:32:00,897 | INFO | HTTP Request: GET https://www.okx.com/api/v5/market/candles?instId=CFX-USDT-SWAP&bar=5m&limit=71 "HTTP/2 200 OK"
2026-03-22 11:32:01,135 | INFO | HTTP Request: GET https://www.okx.com/api/v5/market/ticker?instId=BIO-USDT-SWAP "HTTP/2 200 OK"
2026-03-22 11:32:01,319 | INFO | HTTP Request: GET https://www.okx.com/api/v5/market/ticker?instId=CFX-USDT-SWAP "HTTP/2 200 OK"
2026-03-22 11:32:01,356 | INFO | CFX-USDT-SWAP: Turtle 55 short-сигнал отклонён (закрытие не удержалось ниже канала)
2026-03-22 11:32:01,520 | INFO | HTTP Request: GET https://www.okx.com/api/v5/market/candles?instId=BIO-USDT-SWAP&bar=5m&limit=89 "HTTP/2 200 OK"
2026-03-22 11:32:01,758 | INFO | HTTP Request: GET https://www.okx.com/api/v5/market/candles?instId=MAGIC-USDT-SWAP&bar=5m&limit=26 "HTTP/2 200 OK"
2026-03-22 11:32:02,063 | INFO | HTTP Request: GET https://www.okx.com/api/v5/market/ticker?instId=BLUAI-USDT-SWAP "HTTP/2 200 OK"
2026-03-22 11:32:02,150 | INFO | HTTP Request: GET https://www.okx.com/api/v5/market/ticker?instId=MAGIC-USDT-SWAP "HTTP/2 200 OK"
2026-03-22 11:32:02,451 | INFO | HTTP Request: GET https://www.okx.com/api/v5/market/candles?instId=BLUAI-USDT-SWAP&bar=5m&limit=89 "HTTP/2 200 OK"
2026-03-22 11:32:02,563 | INFO | HTTP Request: GET https://www.okx.com/api/v5/market/candles?instId=ICP-USDT-SWAP&bar=5m&limit=26 "HTTP/2 200 OK"
2026-03-22 11:32:02,962 | INFO | HTTP Request: GET https://www.okx.com/api/v5/market/ticker?instId=ICP-USDT-SWAP "HTTP/2 200 OK"
2026-03-22 11:32:02,978 | INFO | HTTP Request: GET https://www.okx.com/api/v5/market/ticker?instId=BNB-USDT-SWAP "HTTP/2 200 OK"
2026-03-22 11:32:03,442 | INFO | HTTP Request: GET https://www.okx.com/api/v5/trade/orders-algo-pending?ordType=conditional&instType=SWAP&instId=ICP-USDT-SWAP "HTTP/2 200 OK"
2026-03-22 11:32:03,485 | INFO | HTTP Request: GET https://www.okx.com/api/v5/market/ticker?instId=BOME-USDT-SWAP "HTTP/2 200 OK"
2026-03-22 11:32:03,818 | INFO | HTTP Request: GET https://www.okx.com/api/v5/trade/orders-algo-pending?ordType=oco&instType=SWAP&instId=ICP-USDT-SWAP "HTTP/2 200 OK"
2026-03-22 11:32:03,820 | INFO | HTTP Request: GET https://www.okx.com/api/v5/account/balance "HTTP/2 200 OK"
2026-03-22 11:32:03,861 | INFO | HTTP Request: GET https://www.okx.com/api/v5/market/candles?instId=BOME-USDT-SWAP&bar=5m&limit=89 "HTTP/2 200 OK"
2026-03-22 11:32:04,202 | INFO | HTTP Request: GET https://www.okx.com/api/v5/trade/orders-algo-pending?ordType=trigger&instType=SWAP&instId=ICP-USDT-SWAP "HTTP/2 200 OK"
2026-03-22 11:32:04,351 | INFO | HTTP Request: GET https://www.okx.com/api/v5/market/ticker?instId=BRETT-USDT-SWAP "HTTP/2 200 OK"
2026-03-22 11:32:04,584 | INFO | HTTP Request: GET https://www.okx.com/api/v5/trade/orders-algo-pending?ordType=move_order_stop&instType=SWAP&instId=ICP-USDT-SWAP "HTTP/2 200 OK"
2026-03-22 11:32:04,731 | INFO | HTTP Request: GET https://www.okx.com/api/v5/market/candles?instId=BRETT-USDT-SWAP&bar=5m&limit=89 "HTTP/2 200 OK"
2026-03-22 11:32:04,966 | INFO | HTTP Request: GET https://www.okx.com/api/v5/trade/orders-algo-pending?ordType=iceberg&instType=SWAP&instId=ICP-USDT-SWAP "HTTP/2 200 OK"
2026-03-22 11:32:05,236 | INFO | HTTP Request: GET https://www.okx.com/api/v5/market/ticker?instId=BTC-USDT-SWAP "HTTP/2 200 OK"
2026-03-22 11:32:05,341 | INFO | HTTP Request: GET https://www.okx.com/api/v5/trade/orders-algo-pending?ordType=twap&instType=SWAP&instId=ICP-USDT-SWAP "HTTP/2 200 OK"
2026-03-22 11:32:05,752 | INFO | HTTP Request: GET https://www.okx.com/api/v5/trade/orders-algo-pending?ordType=chase&instType=SWAP&instId=ICP-USDT-SWAP "HTTP/2 200 OK"
2026-03-22 11:32:05,762 | INFO | HTTP Request: GET https://www.okx.com/api/v5/market/ticker?instId=CAT-USDT-SWAP "HTTP/2 200 OK"
2026-03-22 11:32:06,278 | INFO | HTTP Request: GET https://www.okx.com/api/v5/market/ticker?instId=CATI-USDT-SWAP "HTTP/2 200 OK"
2026-03-22 11:32:06,563 | INFO | HTTP Request: GET https://www.okx.com/api/v5/trade/orders-algo-pending?ordType=conditional&instType=SWAP&instId=ICP-USDT-SWAP "HTTP/2 200 OK"
2026-03-22 11:32:06,767 | INFO | HTTP Request: GET https://www.okx.com/api/v5/market/ticker?instId=CELO-USDT-SWAP "HTTP/2 200 OK"
2026-03-22 11:32:06,972 | INFO | HTTP Request: GET https://www.okx.com/api/v5/trade/orders-algo-pending?ordType=oco&instType=SWAP&instId=ICP-USDT-SWAP "HTTP/2 200 OK"
2026-03-22 11:32:07,376 | INFO | HTTP Request: GET https://www.okx.com/api/v5/trade/orders-algo-pending?ordType=trigger&instType=SWAP&instId=ICP-USDT-SWAP "HTTP/2 200 OK"
2026-03-22 11:32:07,404 | INFO | HTTP Request: GET https://www.okx.com/api/v5/market/ticker?instId=CHZ-USDT-SWAP "HTTP/2 200 OK"
2026-03-22 11:32:07,533 | INFO | HTTP Request: GET https://www.okx.com/api/v5/market/candles?instId=BTC-USDT-SWAP&bar=5m&limit=64 "HTTP/2 200 OK"
2026-03-22 11:32:07,781 | INFO | HTTP Request: GET https://www.okx.com/api/v5/trade/orders-algo-pending?ordType=move_order_stop&instType=SWAP&instId=ICP-USDT-SWAP "HTTP/2 200 OK"
2026-03-22 11:32:07,788 | INFO | HTTP Request: GET https://www.okx.com/api/v5/market/candles?instId=CHZ-USDT-SWAP&bar=5m&limit=89 "HTTP/2 200 OK"
2026-03-22 11:32:08,163 | INFO | HTTP Request: GET https://www.okx.com/api/v5/trade/orders-algo-pending?ordType=iceberg&instType=SWAP&instId=ICP-USDT-SWAP "HTTP/2 200 OK"
2026-03-22 11:32:08,346 | INFO | HTTP Request: GET https://www.okx.com/api/v5/market/ticker?instId=COAI-USDT-SWAP "HTTP/2 200 OK"
2026-03-22 11:32:08,568 | INFO | HTTP Request: GET https://www.okx.com/api/v5/trade/orders-algo-pending?ordType=twap&instType=SWAP&instId=ICP-USDT-SWAP "HTTP/2 200 OK"
2026-03-22 11:32:08,705 | INFO | HTTP Request: GET https://www.okx.com/api/v5/market/candles?instId=COAI-USDT-SWAP&bar=5m&limit=89 "HTTP/2 200 OK"
2026-03-22 11:32:08,947 | INFO | HTTP Request: GET https://www.okx.com/api/v5/trade/orders-algo-pending?ordType=chase&instType=SWAP&instId=ICP-USDT-SWAP "HTTP/2 200 OK"
2026-03-22 11:32:09,193 | INFO | HTTP Request: GET https://www.okx.com/api/v5/market/ticker?instId=COMP-USDT-SWAP "HTTP/2 200 OK"
2026-03-22 11:32:09,264 | INFO | HTTP Request: GET https://www.okx.com/api/v5/account/balance "HTTP/2 200 OK"
2026-03-22 11:32:09,562 | INFO | HTTP Request: GET https://www.okx.com/api/v5/market/candles?instId=COMP-USDT-SWAP&bar=5m&limit=89 "HTTP/2 200 OK"
2026-03-22 11:32:09,721 | INFO | HTTP Request: GET https://www.okx.com/api/v5/trade/orders-algo-pending?ordType=conditional&instType=SWAP&instId=ICP-USDT-SWAP "HTTP/2 200 OK"
2026-03-22 11:32:10,088 | INFO | HTTP Request: GET https://www.okx.com/api/v5/market/ticker?instId=CRO-USDT-SWAP "HTTP/2 200 OK"
2026-03-22 11:32:10,092 | INFO | HTTP Request: GET https://www.okx.com/api/v5/trade/orders-algo-pending?ordType=oco&instType=SWAP&instId=ICP-USDT-SWAP "HTTP/2 200 OK"
2026-03-22 11:32:10,517 | INFO | HTTP Request: GET https://www.okx.com/api/v5/trade/orders-algo-pending?ordType=trigger&instType=SWAP&instId=ICP-USDT-SWAP "HTTP/2 200 OK"
2026-03-22 11:32:10,522 | INFO | HTTP Request: GET https://www.okx.com/api/v5/market/candles?instId=CRO-USDT-SWAP&bar=5m&limit=89 "HTTP/2 200 OK"
2026-03-22 11:32:10,925 | INFO | HTTP Request: GET https://www.okx.com/api/v5/trade/orders-algo-pending?ordType=move_order_stop&instType=SWAP&instId=ICP-USDT-SWAP "HTTP/2 200 OK"
2026-03-22 11:32:11,038 | INFO | HTTP Request: GET https://www.okx.com/api/v5/market/ticker?instId=CRV-USDT-SWAP "HTTP/2 200 OK"
2026-03-22 11:32:11,326 | INFO | HTTP Request: GET https://www.okx.com/api/v5/trade/orders-algo-pending?ordType=iceberg&instType=SWAP&instId=ICP-USDT-SWAP "HTTP/2 200 OK"
2026-03-22 11:32:11,432 | INFO | HTTP Request: GET https://www.okx.com/api/v5/market/candles?instId=CRV-USDT-SWAP&bar=5m&limit=89 "HTTP/2 200 OK"
2026-03-22 11:32:11,737 | INFO | HTTP Request: GET https://www.okx.com/api/v5/trade/orders-algo-pending?ordType=twap&instType=SWAP&instId=ICP-USDT-SWAP "HTTP/2 200 OK"
2026-03-22 11:32:11,955 | INFO | HTTP Request: GET https://www.okx.com/api/v5/market/ticker?instId=DOGE-USDT-SWAP "HTTP/2 200 OK"
2026-03-22 11:32:12,144 | INFO | HTTP Request: GET https://www.okx.com/api/v5/trade/orders-algo-pending?ordType=chase&instType=SWAP&instId=ICP-USDT-SWAP "HTTP/2 200 OK"
2026-03-22 11:32:12,345 | INFO | HTTP Request: GET https://www.okx.com/api/v5/market/candles?instId=DOGE-USDT-SWAP&bar=5m&limit=89 "HTTP/2 200 OK"
2026-03-22 11:32:12,864 | INFO | HTTP Request: GET https://www.okx.com/api/v5/market/ticker?instId=DOT-USDT-SWAP "HTTP/2 200 OK"
2026-03-22 11:32:12,958 | INFO | HTTP Request: GET https://www.okx.com/api/v5/trade/orders-algo-pending?ordType=conditional&instType=SWAP&instId=ICP-USDT-SWAP "HTTP/2 200 OK"
2026-03-22 11:32:13,257 | INFO | HTTP Request: GET https://www.okx.com/api/v5/market/candles?instId=DOT-USDT-SWAP&bar=5m&limit=89 "HTTP/2 200 OK"
2026-03-22 11:32:13,361 | INFO | HTTP Request: GET https://www.okx.com/api/v5/trade/orders-algo-pending?ordType=oco&instType=SWAP&instId=ICP-USDT-SWAP "HTTP/2 200 OK"
2026-03-22 11:32:13,767 | INFO | HTTP Request: GET https://www.okx.com/api/v5/trade/orders-algo-pending?ordType=trigger&instType=SWAP&instId=ICP-USDT-SWAP "HTTP/2 200 OK"
2026-03-22 11:32:13,782 | INFO | HTTP Request: GET https://www.okx.com/api/v5/market/candles?instId=BTC-USDT-SWAP&bar=5m&limit=64 "HTTP/2 200 OK"
2026-03-22 11:32:13,782 | INFO | HTTP Request: GET https://www.okx.com/api/v5/market/ticker?instId=ENA-USDT-SWAP "HTTP/2 200 OK"
2026-03-22 11:32:14,183 | INFO | HTTP Request: GET https://www.okx.com/api/v5/trade/orders-algo-pending?ordType=move_order_stop&instType=SWAP&instId=ICP-USDT-SWAP "HTTP/2 200 OK"
2026-03-22 11:32:14,190 | INFO | HTTP Request: GET https://www.okx.com/api/v5/market/candles?instId=ENA-USDT-SWAP&bar=5m&limit=89 "HTTP/2 200 OK"
2026-03-22 11:32:14,616 | INFO | HTTP Request: GET https://www.okx.com/api/v5/trade/orders-algo-pending?ordType=iceberg&instType=SWAP&instId=ICP-USDT-SWAP "HTTP/2 200 OK"
2026-03-22 11:32:14,715 | INFO | HTTP Request: GET https://www.okx.com/api/v5/market/ticker?instId=EOS-USDT-SWAP "HTTP/2 200 OK"
2026-03-22 11:32:14,749 | INFO | HTTP Request: GET https://www.okx.com/api/v5/account/balance "HTTP/2 200 OK"
2026-03-22 11:32:15,009 | INFO | HTTP Request: GET https://www.okx.com/api/v5/trade/orders-algo-pending?ordType=twap&instType=SWAP&instId=ICP-USDT-SWAP "HTTP/2 200 OK"
2026-03-22 11:32:15,120 | INFO | HTTP Request: GET https://www.okx.com/api/v5/market/candles?instId=EOS-USDT-SWAP&bar=5m&limit=89 "HTTP/2 200 OK"
2026-03-22 11:32:15,431 | INFO | HTTP Request: GET https://www.okx.com/api/v5/trade/orders-algo-pending?ordType=chase&instType=SWAP&instId=ICP-USDT-SWAP "HTTP/2 200 OK"
2026-03-22 11:32:15,660 | INFO | HTTP Request: GET https://www.okx.com/api/v5/market/ticker?instId=ETC-USDT-SWAP "HTTP/2 200 OK"
2026-03-22 11:32:16,034 | INFO | HTTP Request: GET https://www.okx.com/api/v5/market/candles?instId=ETC-USDT-SWAP&bar=5m&limit=89 "HTTP/2 200 OK"
2026-03-22 11:32:16,235 | INFO | HTTP Request: GET https://www.okx.com/api/v5/trade/orders-algo-pending?ordType=conditional&instType=SWAP&instId=ICP-USDT-SWAP "HTTP/2 200 OK"
2026-03-22 11:32:16,570 | INFO | HTTP Request: GET https://www.okx.com/api/v5/market/ticker?instId=ETH-USDT-SWAP "HTTP/2 200 OK"
2026-03-22 11:32:16,653 | INFO | HTTP Request: GET https://www.okx.com/api/v5/trade/orders-algo-pending?ordType=oco&instType=SWAP&instId=ICP-USDT-SWAP "HTTP/2 200 OK"
2026-03-22 11:32:16,951 | INFO | HTTP Request: GET https://www.okx.com/api/v5/market/candles?instId=ETH-USDT-SWAP&bar=5m&limit=89 "HTTP/2 200 OK"
2026-03-22 11:32:17,077 | INFO | HTTP Request: GET https://www.okx.com/api/v5/trade/orders-algo-pending?ordType=trigger&instType=SWAP&instId=ICP-USDT-SWAP "HTTP/2 200 OK"
2026-03-22 11:32:17,472 | INFO | HTTP Request: GET https://www.okx.com/api/v5/trade/orders-algo-pending?ordType=move_order_stop&instType=SWAP&instId=ICP-USDT-SWAP "HTTP/2 200 OK"
2026-03-22 11:32:17,496 | INFO | HTTP Request: GET https://www.okx.com/api/v5/market/ticker?instId=ETHW-USDT-SWAP "HTTP/2 200 OK"
2026-03-22 11:32:17,877 | INFO | HTTP Request: GET https://www.okx.com/api/v5/market/candles?instId=ETHW-USDT-SWAP&bar=5m&limit=89 "HTTP/2 200 OK"
2026-03-22 11:32:17,879 | INFO | HTTP Request: GET https://www.okx.com/api/v5/trade/orders-algo-pending?ordType=iceberg&instType=SWAP&instId=ICP-USDT-SWAP "HTTP/2 200 OK"
2026-03-22 11:32:18,288 | INFO | HTTP Request: GET https://www.okx.com/api/v5/trade/orders-algo-pending?ordType=twap&instType=SWAP&instId=ICP-USDT-SWAP "HTTP/2 200 OK"
2026-03-22 11:32:18,411 | INFO | HTTP Request: GET https://www.okx.com/api/v5/market/ticker?instId=FIL-USDT-SWAP "HTTP/2 200 OK"
2026-03-22 11:32:18,700 | INFO | HTTP Request: GET https://www.okx.com/api/v5/trade/orders-algo-pending?ordType=chase&instType=SWAP&instId=ICP-USDT-SWAP "HTTP/2 200 OK"
2026-03-22 11:32:18,799 | INFO | HTTP Request: GET https://www.okx.com/api/v5/market/candles?instId=FIL-USDT-SWAP&bar=5m&limit=89 "HTTP/2 200 OK"
2026-03-22 11:32:19,349 | INFO | HTTP Request: GET https://www.okx.com/api/v5/market/ticker?instId=FLOKI-USDT-SWAP "HTTP/2 200 OK"
2026-03-22 11:32:19,510 | INFO | HTTP Request: GET https://www.okx.com/api/v5/trade/orders-algo-pending?ordType=conditional&instType=SWAP&instId=ICP-USDT-SWAP "HTTP/2 200 OK"
2026-03-22 11:32:19,715 | INFO | HTTP Request: GET https://www.okx.com/api/v5/market/candles?instId=FLOKI-USDT-SWAP&bar=5m&limit=89 "HTTP/2 200 OK"
2026-03-22 11:32:19,922 | INFO | HTTP Request: GET https://www.okx.com/api/v5/trade/orders-algo-pending?ordType=oco&instType=SWAP&instId=ICP-USDT-SWAP "HTTP/2 200 OK"
2026-03-22 11:32:20,017 | INFO | HTTP Request: GET https://www.okx.com/api/v5/market/candles?instId=BTC-USDT-SWAP&bar=5m&limit=64 "HTTP/2 200 OK"
2026-03-22 11:32:20,196 | INFO | HTTP Request: GET https://www.okx.com/api/v5/account/balance "HTTP/2 200 OK"
2026-03-22 11:32:20,266 | INFO | HTTP Request: GET https://www.okx.com/api/v5/market/ticker?instId=GMT-USDT-SWAP "HTTP/2 200 OK"
2026-03-22 11:32:20,349 | INFO | HTTP Request: GET https://www.okx.com/api/v5/trade/orders-algo-pending?ordType=trigger&instType=SWAP&instId=ICP-USDT-SWAP "HTTP/2 200 OK"
2026-03-22 11:32:20,646 | INFO | HTTP Request: GET https://www.okx.com/api/v5/market/candles?instId=GMT-USDT-SWAP&bar=5m&limit=89 "HTTP/2 200 OK"
2026-03-22 11:32:20,745 | INFO | HTTP Request: GET https://www.okx.com/api/v5/trade/orders-algo-pending?ordType=move_order_stop&instType=SWAP&instId=ICP-USDT-SWAP "HTTP/2 200 OK"
2026-03-22 11:32:21,157 | INFO | HTTP Request: GET https://www.okx.com/api/v5/trade/orders-algo-pending?ordType=iceberg&instType=SWAP&instId=ICP-USDT-SWAP "HTTP/2 200 OK"
2026-03-22 11:32:21,162 | INFO | HTTP Request: GET https://www.okx.com/api/v5/market/ticker?instId=H-USDT-SWAP "HTTP/2 200 OK"
2026-03-22 11:32:21,570 | INFO | HTTP Request: GET https://www.okx.com/api/v5/trade/orders-algo-pending?ordType=twap&instType=SWAP&instId=ICP-USDT-SWAP "HTTP/2 200 OK"
2026-03-22 11:32:21,575 | INFO | HTTP Request: GET https://www.okx.com/api/v5/market/candles?instId=H-USDT-SWAP&bar=5m&limit=89 "HTTP/2 200 OK"
2026-03-22 11:32:21,996 | INFO | HTTP Request: GET https://www.okx.com/api/v5/trade/orders-algo-pending?ordType=chase&instType=SWAP&instId=ICP-USDT-SWAP "HTTP/2 200 OK"
2026-03-22 11:32:22,101 | INFO | HTTP Request: GET https://www.okx.com/api/v5/market/ticker?instId=HBAR-USDT-SWAP "HTTP/2 200 OK"
2026-03-22 11:32:22,473 | INFO | HTTP Request: GET https://www.okx.com/api/v5/market/candles?instId=HBAR-USDT-SWAP&bar=5m&limit=89 "HTTP/2 200 OK"
2026-03-22 11:32:22,775 | INFO | HTTP Request: GET https://www.okx.com/api/v5/trade/orders-algo-pending?ordType=conditional&instType=SWAP&instId=ICP-USDT-SWAP "HTTP/2 200 OK"
2026-03-22 11:32:23,011 | INFO | HTTP Request: GET https://www.okx.com/api/v5/market/ticker?instId=HMSTR-USDT-SWAP "HTTP/2 200 OK"
2026-03-22 11:32:23,184 | INFO | HTTP Request: GET https://www.okx.com/api/v5/trade/orders-algo-pending?ordType=oco&instType=SWAP&instId=ICP-USDT-SWAP "HTTP/2 200 OK"
2026-03-22 11:32:23,413 | INFO | HTTP Request: GET https://www.okx.com/api/v5/market/candles?instId=HMSTR-USDT-SWAP&bar=5m&limit=89 "HTTP/2 200 OK"
2026-03-22 11:32:23,600 | INFO | HTTP Request: GET https://www.okx.com/api/v5/trade/orders-algo-pending?ordType=trigger&instType=SWAP&instId=ICP-USDT-SWAP "HTTP/2 200 OK"
2026-03-22 11:32:23,929 | INFO | HTTP Request: GET https://www.okx.com/api/v5/market/ticker?instId=HOME-USDT-SWAP "HTTP/2 200 OK"
2026-03-22 11:32:24,019 | INFO | HTTP Request: GET https://www.okx.com/api/v5/trade/orders-algo-pending?ordType=move_order_stop&instType=SWAP&instId=ICP-USDT-SWAP "HTTP/2 200 OK"
2026-03-22 11:32:24,306 | INFO | HTTP Request: GET https://www.okx.com/api/v5/market/candles?instId=HOME-USDT-SWAP&bar=5m&limit=89 "HTTP/2 200 OK"
2026-03-22 11:32:24,440 | INFO | HTTP Request: GET https://www.okx.com/api/v5/trade/orders-algo-pending?ordType=iceberg&instType=SWAP&instId=ICP-USDT-SWAP "HTTP/2 200 OK"
2026-03-22 11:32:24,820 | INFO | HTTP Request: GET https://www.okx.com/api/v5/market/ticker?instId=IMX-USDT-SWAP "HTTP/2 200 OK"
2026-03-22 11:32:24,828 | INFO | HTTP Request: GET https://www.okx.com/api/v5/trade/orders-algo-pending?ordType=twap&instType=SWAP&instId=ICP-USDT-SWAP "HTTP/2 200 OK"
2026-03-22 11:32:25,227 | INFO | HTTP Request: GET https://www.okx.com/api/v5/trade/orders-algo-pending?ordType=chase&instType=SWAP&instId=ICP-USDT-SWAP "HTTP/2 200 OK"
2026-03-22 11:32:25,234 | INFO | HTTP Request: GET https://www.okx.com/api/v5/market/candles?instId=IMX-USDT-SWAP&bar=5m&limit=89 "HTTP/2 200 OK"
2026-03-22 11:32:25,626 | INFO | HTTP Request: GET https://www.okx.com/api/v5/account/balance "HTTP/2 200 OK"
2026-03-22 11:32:25,751 | INFO | HTTP Request: GET https://www.okx.com/api/v5/market/ticker?instId=INJ-USDT-SWAP "HTTP/2 200 OK"
2026-03-22 11:32:26,045 | INFO | HTTP Request: GET https://www.okx.com/api/v5/trade/orders-algo-pending?ordType=conditional&instType=SWAP&instId=ICP-USDT-SWAP "HTTP/2 200 OK"
2026-03-22 11:32:26,158 | INFO | HTTP Request: GET https://www.okx.com/api/v5/market/candles?instId=INJ-USDT-SWAP&bar=5m&limit=89 "HTTP/2 200 OK"
2026-03-22 11:32:26,262 | INFO | HTTP Request: GET https://www.okx.com/api/v5/market/candles?instId=BTC-USDT-SWAP&bar=5m&limit=64 "HTTP/2 200 OK"
2026-03-22 11:32:26,455 | INFO | HTTP Request: GET https://www.okx.com/api/v5/trade/orders-algo-pending?ordType=oco&instType=SWAP&instId=ICP-USDT-SWAP "HTTP/2 200 OK"
2026-03-22 11:32:26,681 | INFO | HTTP Request: GET https://www.okx.com/api/v5/market/ticker?instId=IOTA-USDT-SWAP "HTTP/2 200 OK"
2026-03-22 11:32:26,876 | INFO | HTTP Request: GET https://www.okx.com/api/v5/trade/orders-algo-pending?ordType=trigger&instType=SWAP&instId=ICP-USDT-SWAP "HTTP/2 200 OK"
2026-03-22 11:32:27,088 | INFO | HTTP Request: GET https://www.okx.com/api/v5/market/candles?instId=IOTA-USDT-SWAP&bar=5m&limit=89 "HTTP/2 200 OK"
2026-03-22 11:32:27,280 | INFO | HTTP Request: GET https://www.okx.com/api/v5/trade/orders-algo-pending?ordType=move_order_stop&instType=SWAP&instId=ICP-USDT-SWAP "HTTP/2 200 OK"
2026-03-22 11:32:27,606 | INFO | HTTP Request: GET https://www.okx.com/api/v5/market/ticker?instId=JUP-USDT-SWAP "HTTP/2 200 OK"
2026-03-22 11:32:27,687 | INFO | HTTP Request: GET https://www.okx.com/api/v5/trade/orders-algo-pending?ordType=iceberg&instType=SWAP&instId=ICP-USDT-SWAP "HTTP/2 200 OK"
2026-03-22 11:32:27,999 | INFO | HTTP Request: GET https://www.okx.com/api/v5/market/candles?instId=JUP-USDT-SWAP&bar=5m&limit=89 "HTTP/2 200 OK"
2026-03-22 11:32:28,097 | INFO | HTTP Request: GET https://www.okx.com/api/v5/trade/orders-algo-pending?ordType=twap&instType=SWAP&instId=ICP-USDT-SWAP "HTTP/2 200 OK"
2026-03-22 11:32:28,510 | INFO | HTTP Request: GET https://www.okx.com/api/v5/trade/orders-algo-pending?ordType=chase&instType=SWAP&instId=ICP-USDT-SWAP "HTTP/2 200 OK"
2026-03-22 11:32:28,518 | INFO | HTTP Request: GET https://www.okx.com/api/v5/market/ticker?instId=KAITO-USDT-SWAP "HTTP/2 200 OK"
2026-03-22 11:32:28,921 | INFO | HTTP Request: GET https://www.okx.com/api/v5/market/candles?instId=KAITO-USDT-SWAP&bar=5m&limit=89 "HTTP/2 200 OK"
2026-03-22 11:32:29,333 | INFO | HTTP Request: GET https://www.okx.com/api/v5/trade/orders-algo-pending?ordType=conditional&instType=SWAP&instId=ICP-USDT-SWAP "HTTP/2 200 OK"
2026-03-22 11:32:29,439 | INFO | HTTP Request: GET https://www.okx.com/api/v5/market/ticker?instId=KSM-USDT-SWAP "HTTP/2 200 OK"
2026-03-22 11:32:29,729 | INFO | HTTP Request: GET https://www.okx.com/api/v5/trade/orders-algo-pending?ordType=oco&instType=SWAP&instId=ICP-USDT-SWAP "HTTP/2 200 OK"
2026-03-22 11:32:29,828 | INFO | HTTP Request: GET https://www.okx.com/api/v5/market/candles?instId=KSM-USDT-SWAP&bar=5m&limit=89 "HTTP/2 200 OK"
2026-03-22 11:32:30,145 | INFO | HTTP Request: GET https://www.okx.com/api/v5/trade/orders-algo-pending?ordType=trigger&instType=SWAP&instId=ICP-USDT-SWAP "HTTP/2 200 OK"
2026-03-22 11:32:30,366 | INFO | HTTP Request: GET https://www.okx.com/api/v5/market/ticker?instId=LDO-USDT-SWAP "HTTP/2 200 OK"
2026-03-22 11:32:30,545 | INFO | HTTP Request: GET https://www.okx.com/api/v5/trade/orders-algo-pending?ordType=move_order_stop&instType=SWAP&instId=ICP-USDT-SWAP "HTTP/2 200 OK"
2026-03-22 11:32:30,769 | INFO | HTTP Request: GET https://www.okx.com/api/v5/market/candles?instId=LDO-USDT-SWAP&bar=5m&limit=89 "HTTP/2 200 OK"
2026-03-22 11:32:30,979 | INFO | HTTP Request: GET https://www.okx.com/api/v5/trade/orders-algo-pending?ordType=iceberg&instType=SWAP&instId=ICP-USDT-SWAP "HTTP/2 200 OK"
2026-03-22 11:32:31,114 | INFO | HTTP Request: GET https://www.okx.com/api/v5/account/balance "HTTP/2 200 OK"
2026-03-22 11:32:31,271 | INFO | HTTP Request: GET https://www.okx.com/api/v5/market/ticker?instId=LINEA-USDT-SWAP "HTTP/2 200 OK"
2026-03-22 11:32:31,367 | INFO | HTTP Request: GET https://www.okx.com/api/v5/trade/orders-algo-pending?ordType=twap&instType=SWAP&instId=ICP-USDT-SWAP "HTTP/2 200 OK"
2026-03-22 11:32:31,695 | INFO | HTTP Request: GET https://www.okx.com/api/v5/market/candles?instId=LINEA-USDT-SWAP&bar=5m&limit=89 "HTTP/2 200 OK"
2026-03-22 11:32:31,796 | INFO | HTTP Request: GET https://www.okx.com/api/v5/trade/orders-algo-pending?ordType=chase&instType=SWAP&instId=ICP-USDT-SWAP "HTTP/2 200 OK"
2026-03-22 11:32:32,248 | INFO | HTTP Request: GET https://www.okx.com/api/v5/market/ticker?instId=LINK-USDT-SWAP "HTTP/2 200 OK"
2026-03-22 11:32:32,517 | INFO | HTTP Request: GET https://www.okx.com/api/v5/market/candles?instId=BTC-USDT-SWAP&bar=5m&limit=64 "HTTP/2 200 OK"
2026-03-22 11:32:32,609 | INFO | HTTP Request: GET https://www.okx.com/api/v5/trade/orders-algo-pending?ordType=conditional&instType=SWAP&instId=ICP-USDT-SWAP "HTTP/2 200 OK"
2026-03-22 11:32:32,615 | INFO | HTTP Request: GET https://www.okx.com/api/v5/market/candles?instId=LINK-USDT-SWAP&bar=5m&limit=89 "HTTP/2 200 OK"
2026-03-22 11:32:33,030 | INFO | HTTP Request: GET https://www.okx.com/api/v5/trade/orders-algo-pending?ordType=oco&instType=SWAP&instId=ICP-USDT-SWAP "HTTP/2 200 OK"
2026-03-22 11:32:33,155 | INFO | HTTP Request: GET https://www.okx.com/api/v5/market/ticker?instId=LIT-USDT-SWAP "HTTP/2 200 OK"
2026-03-22 11:32:33,466 | INFO | HTTP Request: GET https://www.okx.com/api/v5/trade/orders-algo-pending?ordType=trigger&instType=SWAP&instId=ICP-USDT-SWAP "HTTP/2 200 OK"
2026-03-22 11:32:33,541 | INFO | HTTP Request: GET https://www.okx.com/api/v5/market/candles?instId=LIT-USDT-SWAP&bar=5m&limit=89 "HTTP/2 200 OK"
2026-03-22 11:32:33,845 | INFO | HTTP Request: GET https://www.okx.com/api/v5/trade/orders-algo-pending?ordType=move_order_stop&instType=SWAP&instId=ICP-USDT-SWAP "HTTP/2 200 OK"
2026-03-22 11:32:34,065 | INFO | HTTP Request: GET https://www.okx.com/api/v5/market/ticker?instId=LPT-USDT-SWAP "HTTP/2 200 OK"
2026-03-22 11:32:34,263 | INFO | HTTP Request: GET https://www.okx.com/api/v5/trade/orders-algo-pending?ordType=iceberg&instType=SWAP&instId=ICP-USDT-SWAP "HTTP/2 200 OK"
2026-03-22 11:32:34,457 | INFO | HTTP Request: GET https://www.okx.com/api/v5/market/candles?instId=LPT-USDT-SWAP&bar=5m&limit=89 "HTTP/2 200 OK"
2026-03-22 11:32:34,660 | INFO | HTTP Request: GET https://www.okx.com/api/v5/trade/orders-algo-pending?ordType=twap&instType=SWAP&instId=ICP-USDT-SWAP "HTTP/2 200 OK"
2026-03-22 11:32:34,983 | INFO | HTTP Request: GET https://www.okx.com/api/v5/market/ticker?instId=LQTY-USDT-SWAP "HTTP/2 200 OK"
2026-03-22 11:32:35,065 | INFO | HTTP Request: GET https://www.okx.com/api/v5/trade/orders-algo-pending?ordType=chase&instType=SWAP&instId=ICP-USDT-SWAP "HTTP/2 200 OK"
2026-03-22 11:32:35,370 | INFO | HTTP Request: GET https://www.okx.com/api/v5/market/candles?instId=LQTY-USDT-SWAP&bar=5m&limit=89 "HTTP/2 200 OK"
2026-03-22 11:32:35,892 | INFO | HTTP Request: GET https://www.okx.com/api/v5/market/ticker?instId=LRC-USDT-SWAP "HTTP/2 200 OK"
2026-03-22 11:32:35,903 | INFO | HTTP Request: POST https://www.okx.com/api/v5/trade/cancel-algos "HTTP/2 200 OK"
2026-03-22 11:32:36,286 | INFO | HTTP Request: GET https://www.okx.com/api/v5/market/candles?instId=LRC-USDT-SWAP&bar=5m&limit=89 "HTTP/2 200 OK"
2026-03-22 11:32:36,317 | INFO | HTTP Request: POST https://www.okx.com/api/v5/trade/cancel-algos "HTTP/2 200 OK"
2026-03-22 11:32:36,335 | INFO | Closing position ICP-USDT-SWAP. Ошибка: первичный стоп не подтверждён на бирже
2026-03-22 11:32:36,439 | INFO | HTTP Request: GET https://www.okx.com/api/v5/account/balance "HTTP/2 200 OK"
2026-03-22 11:32:36,707 | INFO | HTTP Request: POST https://www.okx.com/api/v5/trade/close-position "HTTP/2 200 OK"
2026-03-22 11:32:36,750 | WARNING | Failed to load json context : [Errno 13] Permission denied: '.'
2026-03-22 11:32:36,821 | INFO | HTTP Request: GET https://www.okx.com/api/v5/market/ticker?instId=LTC-USDT-SWAP "HTTP/2 200 OK"
2026-03-22 11:32:37,123 | INFO | HTTP Request: GET https://www.okx.com/api/v5/market/candles?instId=ICP-USDT-SWAP&bar=5m&limit=97 "HTTP/2 200 OK"
2026-03-22 11:32:37,220 | INFO | HTTP Request: GET https://www.okx.com/api/v5/market/candles?instId=LTC-USDT-SWAP&bar=5m&limit=89 "HTTP/2 200 OK"
2026-03-22 11:32:37,531 | INFO | HTTP Request: GET https://www.okx.com/api/v5/market/candles?instId=BTC-USDT-SWAP&bar=5m&limit=64 "HTTP/2 200 OK"
2026-03-22 11:32:37,747 | INFO | HTTP Request: GET https://www.okx.com/api/v5/market/ticker?instId=MAJOR-USDT-SWAP "HTTP/2 200 OK"
2026-03-22 11:32:37,937 | INFO | HTTP Request: GET https://www.okx.com/api/v5/market/candles?instId=SUI-USDT-SWAP&bar=5m&limit=26 "HTTP/2 200 OK"
2026-03-22 11:32:38,161 | INFO | HTTP Request: GET https://www.okx.com/api/v5/market/candles?instId=MAJOR-USDT-SWAP&bar=5m&limit=89 "HTTP/2 200 OK"
2026-03-22 11:32:38,342 | INFO | HTTP Request: GET https://www.okx.com/api/v5/market/ticker?instId=SUI-USDT-SWAP "HTTP/2 200 OK"
2026-03-22 11:32:38,671 | INFO | HTTP Request: GET https://www.okx.com/api/v5/market/ticker?instId=MASK-USDT-SWAP "HTTP/2 200 OK"
2026-03-22 11:32:38,757 | INFO | HTTP Request: GET https://www.okx.com/api/v5/market/candles?instId=ETHFI-USDT-SWAP&bar=5m&limit=26 "HTTP/2 200 OK"
2026-03-22 11:32:39,052 | INFO | HTTP Request: GET https://www.okx.com/api/v5/market/candles?instId=MASK-USDT-SWAP&bar=5m&limit=89 "HTTP/2 200 OK"
2026-03-22 11:32:39,158 | INFO | HTTP Request: GET https://www.okx.com/api/v5/market/ticker?instId=ETHFI-USDT-SWAP "HTTP/2 200 OK"
2026-03-22 11:32:39,577 | INFO | HTTP Request: GET https://www.okx.com/api/v5/market/ticker?instId=MET-USDT-SWAP "HTTP/2 200 OK"
2026-03-22 11:32:39,578 | INFO | HTTP Request: GET https://www.okx.com/api/v5/trade/orders-algo-pending?ordType=conditional&instType=SWAP&instId=ETHFI-USDT-SWAP "HTTP/2 200 OK"
2026-03-22 11:32:39,978 | INFO | HTTP Request: GET https://www.okx.com/api/v5/market/candles?instId=MET-USDT-SWAP&bar=5m&limit=89 "HTTP/2 200 OK"
2026-03-22 11:32:39,979 | INFO | HTTP Request: GET https://www.okx.com/api/v5/trade/orders-algo-pending?ordType=oco&instType=SWAP&instId=ETHFI-USDT-SWAP "HTTP/2 200 OK"
2026-03-22 11:32:40,395 | INFO | HTTP Request: GET https://www.okx.com/api/v5/trade/orders-algo-pending?ordType=trigger&instType=SWAP&instId=ETHFI-USDT-SWAP "HTTP/2 200 OK"
2026-03-22 11:32:40,503 | INFO | HTTP Request: GET https://www.okx.com/api/v5/market/ticker?instId=MINA-USDT-SWAP "HTTP/2 200 OK"
2026-03-22 11:32:40,800 | INFO | HTTP Request: GET https://www.okx.com/api/v5/trade/orders-algo-pending?ordType=move_order_stop&instType=SWAP&instId=ETHFI-USDT-SWAP "HTTP/2 200 OK"
2026-03-22 11:32:40,902 | INFO | HTTP Request: GET https://www.okx.com/api/v5/market/candles?instId=MINA-USDT-SWAP&bar=5m&limit=89 "HTTP/2 200 OK"
2026-03-22 11:32:41,202 | INFO | HTTP Request: GET https://www.okx.com/api/v5/trade/orders-algo-pending?ordType=iceberg&instType=SWAP&instId=ETHFI-USDT-SWAP "HTTP/2 200 OK"
2026-03-22 11:32:41,425 | INFO | HTTP Request: GET https://www.okx.com/api/v5/market/ticker?instId=MKR-USDT-SWAP "HTTP/2 200 OK"
2026-03-22 11:32:41,625 | INFO | HTTP Request: GET https://www.okx.com/api/v5/trade/orders-algo-pending?ordType=twap&instType=SWAP&instId=ETHFI-USDT-SWAP "HTTP/2 200 OK"
2026-03-22 11:32:41,809 | INFO | HTTP Request: GET https://www.okx.com/api/v5/market/candles?instId=MKR-USDT-SWAP&bar=5m&limit=89 "HTTP/2 200 OK"
2026-03-22 11:32:41,928 | INFO | HTTP Request: GET https://www.okx.com/api/v5/account/balance "HTTP/2 200 OK"
2026-03-22 11:32:42,028 | INFO | HTTP Request: GET https://www.okx.com/api/v5/trade/orders-algo-pending?ordType=chase&instType=SWAP&instId=ETHFI-USDT-SWAP "HTTP/2 200 OK"
2026-03-22 11:32:42,342 | INFO | HTTP Request: GET https://www.okx.com/api/v5/market/ticker?instId=MUBARAK-USDT-SWAP "HTTP/2 200 OK"
2026-03-22 11:32:42,752 | INFO | HTTP Request: GET https://www.okx.com/api/v5/market/candles?instId=MUBARAK-USDT-SWAP&bar=5m&limit=89 "HTTP/2 200 OK"
2026-03-22 11:32:42,845 | INFO | HTTP Request: GET https://www.okx.com/api/v5/trade/orders-algo-pending?ordType=conditional&instType=SWAP&instId=ETHFI-USDT-SWAP "HTTP/2 200 OK"
2026-03-22 11:32:43,252 | INFO | HTTP Request: GET https://www.okx.com/api/v5/trade/orders-algo-pending?ordType=oco&instType=SWAP&instId=ETHFI-USDT-SWAP "HTTP/2 200 OK"
2026-03-22 11:32:43,268 | INFO | HTTP Request: GET https://www.okx.com/api/v5/market/ticker?instId=NEAR-USDT-SWAP "HTTP/2 200 OK"
2026-03-22 11:32:43,667 | INFO | HTTP Request: GET https://www.okx.com/api/v5/trade/orders-algo-pending?ordType=trigger&instType=SWAP&instId=ETHFI-USDT-SWAP "HTTP/2 200 OK"
2026-03-22 11:32:43,718 | INFO | HTTP Request: GET https://www.okx.com/api/v5/market/candles?instId=NEAR-USDT-SWAP&bar=5m&limit=89 "HTTP/2 200 OK"
2026-03-22 11:32:44,056 | INFO | HTTP Request: GET https://www.okx.com/api/v5/trade/orders-algo-pending?ordType=move_order_stop&instType=SWAP&instId=ETHFI-USDT-SWAP "HTTP/2 200 OK"
2026-03-22 11:32:44,204 | INFO | HTTP Request: GET https://www.okx.com/api/v5/market/ticker?instId=NEO-USDT-SWAP "HTTP/2 200 OK"
2026-03-22 11:32:44,424 | INFO | HTTP Request: GET https://www.okx.com/api/v5/trade/orders-algo-pending?ordType=iceberg&instType=SWAP&instId=ETHFI-USDT-SWAP "HTTP/2 200 OK"
2026-03-22 11:32:44,561 | INFO | HTTP Request: GET https://www.okx.com/api/v5/market/candles?instId=NEO-USDT-SWAP&bar=5m&limit=89 "HTTP/2 200 OK"
2026-03-22 11:32:44,813 | INFO | HTTP Request: GET https://www.okx.com/api/v5/trade/orders-algo-pending?ordType=twap&instType=SWAP&instId=ETHFI-USDT-SWAP "HTTP/2 200 OK"
2026-03-22 11:32:45,020 | INFO | HTTP Request: GET https://www.okx.com/api/v5/market/candles?instId=BTC-USDT-SWAP&bar=5m&limit=64 "HTTP/2 200 OK"
2026-03-22 11:32:45,054 | INFO | HTTP Request: GET https://www.okx.com/api/v5/market/ticker?instId=NOT-USDT-SWAP "HTTP/2 200 OK"
2026-03-22 11:32:45,197 | INFO | HTTP Request: GET https://www.okx.com/api/v5/trade/orders-algo-pending?ordType=chase&instType=SWAP&instId=ETHFI-USDT-SWAP "HTTP/2 200 OK"
2026-03-22 11:32:45,411 | INFO | HTTP Request: GET https://www.okx.com/api/v5/market/candles?instId=NOT-USDT-SWAP&bar=5m&limit=89 "HTTP/2 200 OK"
2026-03-22 11:32:45,897 | INFO | HTTP Request: GET https://www.okx.com/api/v5/market/ticker?instId=OP-USDT-SWAP "HTTP/2 200 OK"
2026-03-22 11:32:45,970 | INFO | HTTP Request: GET https://www.okx.com/api/v5/trade/orders-algo-pending?ordType=conditional&instType=SWAP&instId=ETHFI-USDT-SWAP "HTTP/2 200 OK"
2026-03-22 11:32:46,278 | INFO | HTTP Request: GET https://www.okx.com/api/v5/market/candles?instId=OP-USDT-SWAP&bar=5m&limit=89 "HTTP/2 200 OK"
2026-03-22 11:32:46,387 | INFO | HTTP Request: GET https://www.okx.com/api/v5/trade/orders-algo-pending?ordType=oco&instType=SWAP&instId=ETHFI-USDT-SWAP "HTTP/2 200 OK"
2026-03-22 11:32:46,796 | INFO | HTTP Request: GET https://www.okx.com/api/v5/trade/orders-algo-pending?ordType=trigger&instType=SWAP&instId=ETHFI-USDT-SWAP "HTTP/2 200 OK"
2026-03-22 11:32:46,811 | INFO | HTTP Request: GET https://www.okx.com/api/v5/market/ticker?instId=PEPE-USDT-SWAP "HTTP/2 200 OK"
2026-03-22 11:32:47,205 | INFO | HTTP Request: GET https://www.okx.com/api/v5/trade/orders-algo-pending?ordType=move_order_stop&instType=SWAP&instId=ETHFI-USDT-SWAP "HTTP/2 200 OK"
2026-03-22 11:32:47,215 | INFO | HTTP Request: GET https://www.okx.com/api/v5/market/candles?instId=PEPE-USDT-SWAP&bar=5m&limit=89 "HTTP/2 200 OK"
2026-03-22 11:32:47,286 | INFO | HTTP Request: GET https://www.okx.com/api/v5/account/balance "HTTP/2 200 OK"
2026-03-22 11:32:47,612 | INFO | HTTP Request: GET https://www.okx.com/api/v5/trade/orders-algo-pending?ordType=iceberg&instType=SWAP&instId=ETHFI-USDT-SWAP "HTTP/2 200 OK"
2026-03-22 11:32:47,736 | INFO | HTTP Request: GET https://www.okx.com/api/v5/market/ticker?instId=PIGGY-USDT-SWAP "HTTP/2 200 OK"
2026-03-22 11:32:47,999 | INFO | HTTP Request: GET https://www.okx.com/api/v5/trade/orders-algo-pending?ordType=twap&instType=SWAP&instId=ETHFI-USDT-SWAP "HTTP/2 200 OK"
2026-03-22 11:32:48,104 | INFO | HTTP Request: GET https://www.okx.com/api/v5/market/candles?instId=PIGGY-USDT-SWAP&bar=5m&limit=89 "HTTP/2 200 OK"
2026-03-22 11:32:48,413 | INFO | HTTP Request: GET https://www.okx.com/api/v5/trade/orders-algo-pending?ordType=chase&instType=SWAP&instId=ETHFI-USDT-SWAP "HTTP/2 200 OK"
2026-03-22 11:32:48,634 | INFO | HTTP Request: GET https://www.okx.com/api/v5/market/ticker?instId=QTUM-USDT-SWAP "HTTP/2 200 OK"
2026-03-22 11:32:49,042 | INFO | HTTP Request: GET https://www.okx.com/api/v5/market/candles?instId=QTUM-USDT-SWAP&bar=5m&limit=89 "HTTP/2 200 OK"
2026-03-22 11:32:49,217 | INFO | HTTP Request: GET https://www.okx.com/api/v5/trade/orders-algo-pending?ordType=conditional&instType=SWAP&instId=ETHFI-USDT-SWAP "HTTP/2 200 OK"
2026-03-22 11:32:49,555 | INFO | HTTP Request: GET https://www.okx.com/api/v5/market/ticker?instId=RAVE-USDT-SWAP "HTTP/2 200 OK"
2026-03-22 11:32:49,627 | INFO | HTTP Request: GET https://www.okx.com/api/v5/trade/orders-algo-pending?ordType=oco&instType=SWAP&instId=ETHFI-USDT-SWAP "HTTP/2 200 OK"
2026-03-22 11:32:49,937 | INFO | HTTP Request: GET https://www.okx.com/api/v5/market/candles?instId=RAVE-USDT-SWAP&bar=5m&limit=89 "HTTP/2 200 OK"
2026-03-22 11:32:50,065 | INFO | HTTP Request: GET https://www.okx.com/api/v5/trade/orders-algo-pending?ordType=trigger&instType=SWAP&instId=ETHFI-USDT-SWAP "HTTP/2 200 OK"
2026-03-22 11:32:50,466 | INFO | HTTP Request: GET https://www.okx.com/api/v5/trade/orders-algo-pending?ordType=move_order_stop&instType=SWAP&instId=ETHFI-USDT-SWAP "HTTP/2 200 OK"
2026-03-22 11:32:50,477 | INFO | HTTP Request: GET https://www.okx.com/api/v5/market/ticker?instId=RESOLV-USDT-SWAP "HTTP/2 200 OK"
2026-03-22 11:32:50,872 | INFO | HTTP Request: GET https://www.okx.com/api/v5/trade/orders-algo-pending?ordType=iceberg&instType=SWAP&instId=ETHFI-USDT-SWAP "HTTP/2 200 OK"
2026-03-22 11:32:50,877 | INFO | HTTP Request: GET https://www.okx.com/api/v5/market/candles?instId=RESOLV-USDT-SWAP&bar=5m&limit=89 "HTTP/2 200 OK"
2026-03-22 11:32:51,264 | INFO | HTTP Request: GET https://www.okx.com/api/v5/trade/orders-algo-pending?ordType=twap&instType=SWAP&instId=ETHFI-USDT-SWAP "HTTP/2 200 OK"
2026-03-22 11:32:51,290 | INFO | HTTP Request: GET https://www.okx.com/api/v5/market/candles?instId=BTC-USDT-SWAP&bar=5m&limit=64 "HTTP/2 200 OK"
2026-03-22 11:32:51,394 | INFO | HTTP Request: GET https://www.okx.com/api/v5/market/ticker?instId=ROBO-USDT-SWAP "HTTP/2 200 OK"
2026-03-22 11:32:51,682 | INFO | HTTP Request: GET https://www.okx.com/api/v5/trade/orders-algo-pending?ordType=chase&instType=SWAP&instId=ETHFI-USDT-SWAP "HTTP/2 200 OK"
2026-03-22 11:32:51,796 | INFO | HTTP Request: GET https://www.okx.com/api/v5/market/candles?instId=ROBO-USDT-SWAP&bar=5m&limit=89 "HTTP/2 200 OK"
2026-03-22 11:32:52,321 | INFO | HTTP Request: GET https://www.okx.com/api/v5/market/ticker?instId=SAND-USDT-SWAP "HTTP/2 200 OK"
2026-03-22 11:32:52,513 | INFO | HTTP Request: GET https://www.okx.com/api/v5/trade/orders-algo-pending?ordType=conditional&instType=SWAP&instId=ETHFI-USDT-SWAP "HTTP/2 200 OK"
2026-03-22 11:32:52,703 | INFO | HTTP Request: GET https://www.okx.com/api/v5/market/candles?instId=SAND-USDT-SWAP&bar=5m&limit=89 "HTTP/2 200 OK"
2026-03-22 11:32:52,728 | INFO | HTTP Request: GET https://www.okx.com/api/v5/account/balance "HTTP/2 200 OK"
2026-03-22 11:32:52,981 | INFO | HTTP Request: GET https://www.okx.com/api/v5/trade/orders-algo-pending?ordType=oco&instType=SWAP&instId=ETHFI-USDT-SWAP "HTTP/2 200 OK"
2026-03-22 11:32:53,239 | INFO | HTTP Request: GET https://www.okx.com/api/v5/market/ticker?instId=SCR-USDT-SWAP "HTTP/2 200 OK"
2026-03-22 11:32:53,358 | INFO | HTTP Request: GET https://www.okx.com/api/v5/trade/orders-algo-pending?ordType=trigger&instType=SWAP&instId=ETHFI-USDT-SWAP "HTTP/2 200 OK"
2026-03-22 11:32:53,663 | INFO | HTTP Request: GET https://www.okx.com/api/v5/market/candles?instId=SCR-USDT-SWAP&bar=5m&limit=89 "HTTP/2 200 OK"
2026-03-22 11:32:53,762 | INFO | HTTP Request: GET https://www.okx.com/api/v5/trade/orders-algo-pending?ordType=move_order_stop&instType=SWAP&instId=ETHFI-USDT-SWAP "HTTP/2 200 OK"
2026-03-22 11:32:54,185 | INFO | HTTP Request: GET https://www.okx.com/api/v5/trade/orders-algo-pending?ordType=iceberg&instType=SWAP&instId=ETHFI-USDT-SWAP "HTTP/2 200 OK"
2026-03-22 11:32:54,198 | INFO | HTTP Request: GET https://www.okx.com/api/v5/market/ticker?instId=SHIB-USDT-SWAP "HTTP/2 200 OK"
2026-03-22 11:32:54,575 | INFO | HTTP Request: GET https://www.okx.com/api/v5/market/candles?instId=SHIB-USDT-SWAP&bar=5m&limit=89 "HTTP/2 200 OK"
2026-03-22 11:32:54,579 | INFO | HTTP Request: GET https://www.okx.com/api/v5/trade/orders-algo-pending?ordType=twap&instType=SWAP&instId=ETHFI-USDT-SWAP "HTTP/2 200 OK"
2026-03-22 11:32:55,005 | INFO | HTTP Request: GET https://www.okx.com/api/v5/trade/orders-algo-pending?ordType=chase&instType=SWAP&instId=ETHFI-USDT-SWAP "HTTP/2 200 OK"
2026-03-22 11:32:55,094 | INFO | HTTP Request: GET https://www.okx.com/api/v5/market/ticker?instId=SKY-USDT-SWAP "HTTP/2 200 OK"
2026-03-22 11:32:55,496 | INFO | HTTP Request: GET https://www.okx.com/api/v5/market/candles?instId=SKY-USDT-SWAP&bar=5m&limit=89 "HTTP/2 200 OK"
2026-03-22 11:32:55,801 | INFO | HTTP Request: GET https://www.okx.com/api/v5/trade/orders-algo-pending?ordType=conditional&instType=SWAP&instId=ETHFI-USDT-SWAP "HTTP/2 200 OK"
2026-03-22 11:32:56,026 | INFO | HTTP Request: GET https://www.okx.com/api/v5/market/ticker?instId=SOLV-USDT-SWAP "HTTP/2 200 OK"
2026-03-22 11:32:56,220 | INFO | HTTP Request: GET https://www.okx.com/api/v5/trade/orders-algo-pending?ordType=oco&instType=SWAP&instId=ETHFI-USDT-SWAP "HTTP/2 200 OK"
2026-03-22 11:32:56,424 | INFO | HTTP Request: GET https://www.okx.com/api/v5/market/candles?instId=SOLV-USDT-SWAP&bar=5m&limit=89 "HTTP/2 200 OK"
2026-03-22 11:32:56,614 | INFO | HTTP Request: GET https://www.okx.com/api/v5/trade/orders-algo-pending?ordType=trigger&instType=SWAP&instId=ETHFI-USDT-SWAP "HTTP/2 200 OK"
2026-03-22 11:32:56,938 | INFO | HTTP Request: GET https://www.okx.com/api/v5/market/ticker?instId=SPK-USDT-SWAP "HTTP/2 200 OK"
2026-03-22 11:32:57,028 | INFO | HTTP Request: GET https://www.okx.com/api/v5/trade/orders-algo-pending?ordType=move_order_stop&instType=SWAP&instId=ETHFI-USDT-SWAP "HTTP/2 200 OK"
2026-03-22 11:32:57,337 | INFO | HTTP Request: GET https://www.okx.com/api/v5/market/candles?instId=SPK-USDT-SWAP&bar=5m&limit=89 "HTTP/2 200 OK"
2026-03-22 11:32:57,429 | INFO | HTTP Request: GET https://www.okx.com/api/v5/trade/orders-algo-pending?ordType=iceberg&instType=SWAP&instId=ETHFI-USDT-SWAP "HTTP/2 200 OK"
2026-03-22 11:32:57,518 | INFO | HTTP Request: GET https://www.okx.com/api/v5/market/candles?instId=BTC-USDT-SWAP&bar=5m&limit=64 "HTTP/2 200 OK"
2026-03-22 11:32:57,853 | INFO | HTTP Request: GET https://www.okx.com/api/v5/trade/orders-algo-pending?ordType=twap&instType=SWAP&instId=ETHFI-USDT-SWAP "HTTP/2 200 OK"
2026-03-22 11:32:57,872 | INFO | HTTP Request: GET https://www.okx.com/api/v5/market/ticker?instId=STRK-USDT-SWAP "HTTP/2 200 OK"
2026-03-22 11:32:58,190 | INFO | HTTP Request: GET https://www.okx.com/api/v5/account/balance "HTTP/2 200 OK"
2026-03-22 11:32:58,223 | INFO | HTTP Request: GET https://www.okx.com/api/v5/trade/orders-algo-pending?ordType=chase&instType=SWAP&instId=ETHFI-USDT-SWAP "HTTP/2 200 OK"
2026-03-22 11:32:58,244 | INFO | HTTP Request: GET https://www.okx.com/api/v5/market/candles?instId=STRK-USDT-SWAP&bar=5m&limit=89 "HTTP/2 200 OK"
2026-03-22 11:32:58,743 | INFO | HTTP Request: GET https://www.okx.com/api/v5/market/ticker?instId=SUSHI-USDT-SWAP "HTTP/2 200 OK"
2026-03-22 11:32:58,997 | INFO | HTTP Request: GET https://www.okx.com/api/v5/trade/orders-algo-pending?ordType=conditional&instType=SWAP&instId=ETHFI-USDT-SWAP "HTTP/2 200 OK"
2026-03-22 11:32:59,113 | INFO | HTTP Request: GET https://www.okx.com/api/v5/market/candles?instId=SUSHI-USDT-SWAP&bar=5m&limit=89 "HTTP/2 200 OK"
2026-03-22 11:32:59,361 | INFO | HTTP Request: GET https://www.okx.com/api/v5/trade/orders-algo-pending?ordType=oco&instType=SWAP&instId=ETHFI-USDT-SWAP "HTTP/2 200 OK"
2026-03-22 11:32:59,607 | INFO | HTTP Request: GET https://www.okx.com/api/v5/market/ticker?instId=SYRUP-USDT-SWAP "HTTP/2 200 OK"
2026-03-22 11:32:59,743 | INFO | HTTP Request: GET https://www.okx.com/api/v5/trade/orders-algo-pending?ordType=trigger&instType=SWAP&instId=ETHFI-USDT-SWAP "HTTP/2 200 OK"
2026-03-22 11:32:59,996 | INFO | HTTP Request: GET https://www.okx.com/api/v5/market/candles?instId=SYRUP-USDT-SWAP&bar=5m&limit=89 "HTTP/2 200 OK"
2026-03-22 11:33:00,119 | INFO | HTTP Request: GET https://www.okx.com/api/v5/trade/orders-algo-pending?ordType=move_order_stop&instType=SWAP&instId=ETHFI-USDT-SWAP "HTTP/2 200 OK"
2026-03-22 11:33:00,488 | INFO | HTTP Request: GET https://www.okx.com/api/v5/market/ticker?instId=TEST1234-USDT-SWAP "HTTP/2 200 OK"
2026-03-22 11:33:00,498 | INFO | HTTP Request: GET https://www.okx.com/api/v5/trade/orders-algo-pending?ordType=iceberg&instType=SWAP&instId=ETHFI-USDT-SWAP "HTTP/2 200 OK"
2026-03-22 11:33:00,892 | INFO | HTTP Request: GET https://www.okx.com/api/v5/market/candles?instId=TEST1234-USDT-SWAP&bar=5m&limit=89 "HTTP/2 200 OK"
2026-03-22 11:33:00,914 | INFO | HTTP Request: GET https://www.okx.com/api/v5/trade/orders-algo-pending?ordType=twap&instType=SWAP&instId=ETHFI-USDT-SWAP "HTTP/2 200 OK"
2026-03-22 11:33:01,325 | INFO | HTTP Request: GET https://www.okx.com/api/v5/trade/orders-algo-pending?ordType=chase&instType=SWAP&instId=ETHFI-USDT-SWAP "HTTP/2 200 OK"
2026-03-22 11:33:01,418 | INFO | HTTP Request: GET https://www.okx.com/api/v5/market/ticker?instId=TEST3103-USDT-SWAP "HTTP/2 200 OK"
2026-03-22 11:33:01,833 | INFO | HTTP Request: GET https://www.okx.com/api/v5/market/candles?instId=TEST3103-USDT-SWAP&bar=5m&limit=89 "HTTP/2 200 OK"
2026-03-22 11:33:02,126 | INFO | HTTP Request: GET https://www.okx.com/api/v5/trade/orders-algo-pending?ordType=conditional&instType=SWAP&instId=ETHFI-USDT-SWAP "HTTP/2 200 OK"
2026-03-22 11:33:02,352 | INFO | HTTP Request: GET https://www.okx.com/api/v5/market/ticker?instId=TEST3110-USDT-SWAP "HTTP/2 200 OK"
2026-03-22 11:33:02,533 | INFO | HTTP Request: GET https://www.okx.com/api/v5/trade/orders-algo-pending?ordType=oco&instType=SWAP&instId=ETHFI-USDT-SWAP "HTTP/2 200 OK"
2026-03-22 11:33:02,751 | INFO | HTTP Request: GET https://www.okx.com/api/v5/market/candles?instId=TEST3110-USDT-SWAP&bar=5m&limit=89 "HTTP/2 200 OK"
2026-03-22 11:33:02,963 | INFO | HTTP Request: GET https://www.okx.com/api/v5/trade/orders-algo-pending?ordType=trigger&instType=SWAP&instId=ETHFI-USDT-SWAP "HTTP/2 200 OK"
2026-03-22 11:33:03,268 | INFO | HTTP Request: GET https://www.okx.com/api/v5/market/ticker?instId=THETA-USDT-SWAP "HTTP/2 200 OK"
2026-03-22 11:33:03,341 | INFO | HTTP Request: GET https://www.okx.com/api/v5/trade/orders-algo-pending?ordType=move_order_stop&instType=SWAP&instId=ETHFI-USDT-SWAP "HTTP/2 200 OK"
2026-03-22 11:33:03,638 | INFO | HTTP Request: GET https://www.okx.com/api/v5/account/balance "HTTP/2 200 OK"
2026-03-22 11:33:03,660 | INFO | HTTP Request: GET https://www.okx.com/api/v5/market/candles?instId=THETA-USDT-SWAP&bar=5m&limit=89 "HTTP/2 200 OK"
2026-03-22 11:33:03,778 | INFO | HTTP Request: GET https://www.okx.com/api/v5/trade/orders-algo-pending?ordType=iceberg&instType=SWAP&instId=ETHFI-USDT-SWAP "HTTP/2 200 OK"
2026-03-22 11:33:03,786 | INFO | HTTP Request: GET https://www.okx.com/api/v5/market/candles?instId=BTC-USDT-SWAP&bar=5m&limit=64 "HTTP/2 200 OK"
2026-03-22 11:33:04,150 | INFO | HTTP Request: GET https://www.okx.com/api/v5/market/ticker?instId=TON-USDT-SWAP "HTTP/2 200 OK"
2026-03-22 11:33:04,155 | INFO | HTTP Request: GET https://www.okx.com/api/v5/trade/orders-algo-pending?ordType=twap&instType=SWAP&instId=ETHFI-USDT-SWAP "HTTP/2 200 OK"
2026-03-22 11:33:04,568 | INFO | HTTP Request: GET https://www.okx.com/api/v5/market/candles?instId=TON-USDT-SWAP&bar=5m&limit=89 "HTTP/2 200 OK"
2026-03-22 11:33:04,569 | INFO | HTTP Request: GET https://www.okx.com/api/v5/trade/orders-algo-pending?ordType=chase&instType=SWAP&instId=ETHFI-USDT-SWAP "HTTP/2 200 OK"
2026-03-22 11:33:05,092 | INFO | HTTP Request: GET https://www.okx.com/api/v5/market/ticker?instId=TRIA-USDT-SWAP "HTTP/2 200 OK"
2026-03-22 11:33:05,378 | INFO | HTTP Request: GET https://www.okx.com/api/v5/trade/orders-algo-pending?ordType=conditional&instType=SWAP&instId=ETHFI-USDT-SWAP "HTTP/2 200 OK"
2026-03-22 11:33:05,484 | INFO | HTTP Request: GET https://www.okx.com/api/v5/market/candles?instId=TRIA-USDT-SWAP&bar=5m&limit=89 "HTTP/2 200 OK"
2026-03-22 11:33:05,812 | INFO | HTTP Request: GET https://www.okx.com/api/v5/trade/orders-algo-pending?ordType=oco&instType=SWAP&instId=ETHFI-USDT-SWAP "HTTP/2 200 OK"
2026-03-22 11:33:06,012 | INFO | HTTP Request: GET https://www.okx.com/api/v5/market/ticker?instId=TRX-USDT-SWAP "HTTP/2 200 OK"
2026-03-22 11:33:06,194 | INFO | HTTP Request: GET https://www.okx.com/api/v5/trade/orders-algo-pending?ordType=trigger&instType=SWAP&instId=ETHFI-USDT-SWAP "HTTP/2 200 OK"
2026-03-22 11:33:06,410 | INFO | HTTP Request: GET https://www.okx.com/api/v5/market/candles?instId=TRX-USDT-SWAP&bar=5m&limit=89 "HTTP/2 200 OK"
2026-03-22 11:33:06,626 | INFO | HTTP Request: GET https://www.okx.com/api/v5/trade/orders-algo-pending?ordType=move_order_stop&instType=SWAP&instId=ETHFI-USDT-SWAP "HTTP/2 200 OK"
2026-03-22 11:33:06,934 | INFO | HTTP Request: GET https://www.okx.com/api/v5/market/ticker?instId=TSLA-USDT-SWAP "HTTP/2 200 OK"
2026-03-22 11:33:07,021 | INFO | HTTP Request: GET https://www.okx.com/api/v5/trade/orders-algo-pending?ordType=iceberg&instType=SWAP&instId=ETHFI-USDT-SWAP "HTTP/2 200 OK"
2026-03-22 11:33:07,315 | INFO | HTTP Request: GET https://www.okx.com/api/v5/market/candles?instId=TSLA-USDT-SWAP&bar=5m&limit=89 "HTTP/2 200 OK"
2026-03-22 11:33:07,425 | INFO | HTTP Request: GET https://www.okx.com/api/v5/trade/orders-algo-pending?ordType=twap&instType=SWAP&instId=ETHFI-USDT-SWAP "HTTP/2 200 OK"
2026-03-22 11:33:07,850 | INFO | HTTP Request: GET https://www.okx.com/api/v5/trade/orders-algo-pending?ordType=chase&instType=SWAP&instId=ETHFI-USDT-SWAP "HTTP/2 200 OK"
2026-03-22 11:33:07,856 | INFO | HTTP Request: GET https://www.okx.com/api/v5/market/ticker?instId=XAG-USDT-SWAP "HTTP/2 200 OK"
2026-03-22 11:33:08,254 | INFO | HTTP Request: GET https://www.okx.com/api/v5/market/candles?instId=XAG-USDT-SWAP&bar=5m&limit=89 "HTTP/2 200 OK"
2026-03-22 11:33:08,648 | INFO | HTTP Request: GET https://www.okx.com/api/v5/trade/orders-algo-pending?ordType=conditional&instType=SWAP&instId=ETHFI-USDT-SWAP "HTTP/2 200 OK"
2026-03-22 11:33:08,763 | INFO | HTTP Request: GET https://www.okx.com/api/v5/market/ticker?instId=XAU-USDT-SWAP "HTTP/2 200 OK"
2026-03-22 11:33:09,053 | INFO | HTTP Request: GET https://www.okx.com/api/v5/trade/orders-algo-pending?ordType=oco&instType=SWAP&instId=ETHFI-USDT-SWAP "HTTP/2 200 OK"
2026-03-22 11:33:09,077 | INFO | HTTP Request: GET https://www.okx.com/api/v5/account/balance "HTTP/2 200 OK"
2026-03-22 11:33:09,159 | INFO | HTTP Request: GET https://www.okx.com/api/v5/market/candles?instId=XAU-USDT-SWAP&bar=5m&limit=89 "HTTP/2 200 OK"
2026-03-22 11:33:09,470 | INFO | HTTP Request: GET https://www.okx.com/api/v5/trade/orders-algo-pending?ordType=trigger&instType=SWAP&instId=ETHFI-USDT-SWAP "HTTP/2 200 OK"
2026-03-22 11:33:09,697 | INFO | HTTP Request: GET https://www.okx.com/api/v5/market/ticker?instId=XLM-USDT-SWAP "HTTP/2 200 OK"
2026-03-22 11:33:09,877 | INFO | HTTP Request: GET https://www.okx.com/api/v5/trade/orders-algo-pending?ordType=move_order_stop&instType=SWAP&instId=ETHFI-USDT-SWAP "HTTP/2 200 OK"
2026-03-22 11:33:10,030 | INFO | HTTP Request: GET https://www.okx.com/api/v5/market/candles?instId=BTC-USDT-SWAP&bar=5m&limit=64 "HTTP/2 200 OK"
2026-03-22 11:33:10,078 | INFO | HTTP Request: GET https://www.okx.com/api/v5/market/candles?instId=XLM-USDT-SWAP&bar=5m&limit=89 "HTTP/2 200 OK"
2026-03-22 11:33:10,311 | INFO | HTTP Request: GET https://www.okx.com/api/v5/trade/orders-algo-pending?ordType=iceberg&instType=SWAP&instId=ETHFI-USDT-SWAP "HTTP/2 200 OK"
2026-03-22 11:33:10,574 | INFO | HTTP Request: GET https://www.okx.com/api/v5/market/ticker?instId=XPL-USDT-SWAP "HTTP/2 200 OK"
2026-03-22 11:33:10,690 | INFO | HTTP Request: GET https://www.okx.com/api/v5/trade/orders-algo-pending?ordType=twap&instType=SWAP&instId=ETHFI-USDT-SWAP "HTTP/2 200 OK"
2026-03-22 11:33:10,992 | INFO | HTTP Request: GET https://www.okx.com/api/v5/market/candles?instId=XPL-USDT-SWAP&bar=5m&limit=89 "HTTP/2 200 OK"
2026-03-22 11:33:11,119 | INFO | HTTP Request: GET https://www.okx.com/api/v5/trade/orders-algo-pending?ordType=chase&instType=SWAP&instId=ETHFI-USDT-SWAP "HTTP/2 200 OK"
2026-03-22 11:33:11,521 | INFO | HTTP Request: GET https://www.okx.com/api/v5/market/ticker?instId=XRP-USDT-SWAP "HTTP/2 200 OK"
2026-03-22 11:33:11,895 | INFO | HTTP Request: GET https://www.okx.com/api/v5/trade/orders-algo-pending?ordType=conditional&instType=SWAP&instId=ETHFI-USDT-SWAP "HTTP/2 200 OK"
2026-03-22 11:33:12,325 | INFO | HTTP Request: GET https://www.okx.com/api/v5/trade/orders-algo-pending?ordType=oco&instType=SWAP&instId=ETHFI-USDT-SWAP "HTTP/2 200 OK"
2026-03-22 11:33:12,397 | INFO | HTTP Request: GET https://www.okx.com/api/v5/market/candles?instId=YFI-USDT-SWAP&bar=5m&limit=89 "HTTP/2 200 OK"
2026-03-22 11:33:12,723 | INFO | HTTP Request: GET https://www.okx.com/api/v5/trade/orders-algo-pending?ordType=trigger&instType=SWAP&instId=ETHFI-USDT-SWAP "HTTP/2 200 OK"
2026-03-22 11:33:12,949 | INFO | HTTP Request: GET https://www.okx.com/api/v5/market/ticker?instId=YGG-USDT-SWAP "HTTP/2 200 OK"
2026-03-22 11:33:13,125 | INFO | HTTP Request: GET https://www.okx.com/api/v5/trade/orders-algo-pending?ordType=move_order_stop&instType=SWAP&instId=ETHFI-USDT-SWAP "HTTP/2 200 OK"
2026-03-22 11:33:13,342 | INFO | HTTP Request: GET https://www.okx.com/api/v5/market/candles?instId=YGG-USDT-SWAP&bar=5m&limit=89 "HTTP/2 200 OK"
2026-03-22 11:33:13,533 | INFO | HTTP Request: GET https://www.okx.com/api/v5/trade/orders-algo-pending?ordType=iceberg&instType=SWAP&instId=ETHFI-USDT-SWAP "HTTP/2 200 OK"
2026-03-22 11:33:13,854 | INFO | HTTP Request: GET https://www.okx.com/api/v5/market/ticker?instId=ZBCN-USDT-SWAP "HTTP/2 200 OK"
2026-03-22 11:33:13,944 | INFO | HTTP Request: GET https://www.okx.com/api/v5/trade/orders-algo-pending?ordType=twap&instType=SWAP&instId=ETHFI-USDT-SWAP "HTTP/2 200 OK"
2026-03-22 11:33:14,301 | INFO | HTTP Request: GET https://www.okx.com/api/v5/market/candles?instId=ZBCN-USDT-SWAP&bar=5m&limit=89 "HTTP/2 200 OK"
2026-03-22 11:33:14,346 | INFO | HTTP Request: GET https://www.okx.com/api/v5/trade/orders-algo-pending?ordType=chase&instType=SWAP&instId=ETHFI-USDT-SWAP "HTTP/2 200 OK"
2026-03-22 11:33:14,423 | INFO | HTTP Request: GET https://www.okx.com/api/v5/account/balance "HTTP/2 200 OK"
2026-03-22 11:33:14,711 | INFO | HTTP Request: GET https://www.okx.com/api/v5/trade/orders-algo-pending?ordType=conditional&instType=SWAP&instId=ETHFI-USDT-SWAP "HTTP/2 200 OK"
2026-03-22 11:33:14,786 | INFO | HTTP Request: GET https://www.okx.com/api/v5/market/ticker?instId=ZETA-USDT-SWAP "HTTP/2 200 OK"
2026-03-22 11:33:15,126 | INFO | HTTP Request: GET https://www.okx.com/api/v5/trade/orders-algo-pending?ordType=oco&instType=SWAP&instId=ETHFI-USDT-SWAP "HTTP/2 200 OK"
2026-03-22 11:33:15,166 | INFO | HTTP Request: GET https://www.okx.com/api/v5/market/candles?instId=ZETA-USDT-SWAP&bar=5m&limit=89 "HTTP/2 200 OK"
2026-03-22 11:33:15,516 | INFO | HTTP Request: GET https://www.okx.com/api/v5/trade/orders-algo-pending?ordType=trigger&instType=SWAP&instId=ETHFI-USDT-SWAP "HTTP/2 200 OK"
2026-03-22 11:33:15,657 | INFO | HTTP Request: GET https://www.okx.com/api/v5/market/ticker?instId=ZIL-USDT-SWAP "HTTP/2 200 OK"
2026-03-22 11:33:15,892 | INFO | HTTP Request: GET https://www.okx.com/api/v5/trade/orders-algo-pending?ordType=move_order_stop&instType=SWAP&instId=ETHFI-USDT-SWAP "HTTP/2 200 OK"
2026-03-22 11:33:16,019 | INFO | HTTP Request: GET https://www.okx.com/api/v5/market/candles?instId=ZIL-USDT-SWAP&bar=5m&limit=89 "HTTP/2 200 OK"
2026-03-22 11:33:16,259 | INFO | HTTP Request: GET https://www.okx.com/api/v5/trade/orders-algo-pending?ordType=iceberg&instType=SWAP&instId=ETHFI-USDT-SWAP "HTTP/2 200 OK"
2026-03-22 11:33:16,283 | INFO | HTTP Request: GET https://www.okx.com/api/v5/market/candles?instId=BTC-USDT-SWAP&bar=5m&limit=64 "HTTP/2 200 OK"
2026-03-22 11:33:16,501 | INFO | HTTP Request: GET https://www.okx.com/api/v5/market/ticker?instId=MAGIC-USDT-SWAP "HTTP/2 200 OK"
2026-03-22 11:33:16,630 | INFO | HTTP Request: GET https://www.okx.com/api/v5/trade/orders-algo-pending?ordType=twap&instType=SWAP&instId=ETHFI-USDT-SWAP "HTTP/2 200 OK"
2026-03-22 11:33:16,877 | INFO | HTTP Request: GET https://www.okx.com/api/v5/market/candles?instId=MAGIC-USDT-SWAP&bar=5m&limit=89 "HTTP/2 200 OK"
2026-03-22 11:33:17,000 | INFO | HTTP Request: GET https://www.okx.com/api/v5/trade/orders-algo-pending?ordType=chase&instType=SWAP&instId=ETHFI-USDT-SWAP "HTTP/2 200 OK"
2026-03-22 11:33:17,006 | INFO | Placing exchange stop ETHFI-USDT-SWAP short payload={'instId': 'ETHFI-USDT-SWAP', 'tdMode': 'isolated', 'side': 'buy', 'posSide': 'net', 'ordType': 'conditional', 'reduceOnly': 'true', 'closeFraction': '1', 'slTriggerPx': '0.584940538358', 'slTriggerPxType': 'mark', 'slOrdPx': '-1'}
2026-03-22 11:33:17,355 | INFO | HTTP Request: GET https://www.okx.com/api/v5/market/ticker?instId=SUI-USDT-SWAP "HTTP/2 200 OK"
2026-03-22 11:33:17,379 | INFO | HTTP Request: POST https://www.okx.com/api/v5/trade/order-algo "HTTP/2 200 OK"
2026-03-22 11:33:17,757 | INFO | HTTP Request: GET https://www.okx.com/api/v5/trade/orders-algo-pending?ordType=conditional&instType=SWAP&instId=ETHFI-USDT-SWAP "HTTP/2 200 OK"
2026-03-22 11:33:17,797 | INFO | HTTP Request: GET https://www.okx.com/api/v5/market/candles?instId=SUI-USDT-SWAP&bar=5m&limit=89 "HTTP/2 200 OK"
2026-03-22 11:33:18,153 | INFO | HTTP Request: GET https://www.okx.com/api/v5/trade/orders-algo-pending?ordType=oco&instType=SWAP&instId=ETHFI-USDT-SWAP "HTTP/2 200 OK"
2026-03-22 11:33:18,280 | INFO | HTTP Request: GET https://www.okx.com/api/v5/market/ticker?instId=ETHFI-USDT-SWAP "HTTP/2 200 OK"
2026-03-22 11:33:18,593 | INFO | HTTP Request: GET https://www.okx.com/api/v5/trade/orders-algo-pending?ordType=trigger&instType=SWAP&instId=ETHFI-USDT-SWAP "HTTP/2 200 OK"
2026-03-22 11:33:18,683 | INFO | HTTP Request: GET https://www.okx.com/api/v5/market/candles?instId=ETHFI-USDT-SWAP&bar=5m&limit=89 "HTTP/2 200 OK"
2026-03-22 11:33:18,983 | INFO | HTTP Request: GET https://www.okx.com/api/v5/trade/orders-algo-pending?ordType=move_order_stop&instType=SWAP&instId=ETHFI-USDT-SWAP "HTTP/2 200 OK"
2026-03-22 11:33:19,197 | INFO | HTTP Request: GET https://www.okx.com/api/v5/market/ticker?instId=SOL-USDT-SWAP "HTTP/2 200 OK"
2026-03-22 11:33:19,399 | INFO | HTTP Request: GET https://www.okx.com/api/v5/trade/orders-algo-pending?ordType=iceberg&instType=SWAP&instId=ETHFI-USDT-SWAP "HTTP/2 200 OK"
2026-03-22 11:33:19,594 | INFO | HTTP Request: GET https://www.okx.com/api/v5/market/candles?instId=SOL-USDT-SWAP&bar=5m&limit=89 "HTTP/2 200 OK"
2026-03-22 11:33:19,802 | INFO | HTTP Request: GET https://www.okx.com/api/v5/trade/orders-algo-pending?ordType=twap&instType=SWAP&instId=ETHFI-USDT-SWAP "HTTP/2 200 OK"
2026-03-22 11:33:19,905 | INFO | HTTP Request: GET https://www.okx.com/api/v5/account/balance "HTTP/2 200 OK"
2026-03-22 11:33:20,124 | INFO | HTTP Request: GET https://www.okx.com/api/v5/market/ticker?instId=AAVE-USDT-SWAP "HTTP/2 200 OK"
2026-03-22 11:33:20,219 | INFO | HTTP Request: GET https://www.okx.com/api/v5/trade/orders-algo-pending?ordType=chase&instType=SWAP&instId=ETHFI-USDT-SWAP "HTTP/2 200 OK"
2026-03-22 11:33:20,527 | INFO | HTTP Request: GET https://www.okx.com/api/v5/market/candles?instId=AAVE-USDT-SWAP&bar=5m&limit=89 "HTTP/2 200 OK"
2026-03-22 11:33:20,615 | INFO | HTTP Request: GET https://www.okx.com/api/v5/trade/orders-algo-pending?ordType=conditional&instType=SWAP&instId=ETHFI-USDT-SWAP "HTTP/2 200 OK"
2026-03-22 11:33:21,033 | INFO | HTTP Request: GET https://www.okx.com/api/v5/trade/orders-algo-pending?ordType=oco&instType=SWAP&instId=ETHFI-USDT-SWAP "HTTP/2 200 OK"
2026-03-22 11:33:21,065 | INFO | HTTP Request: GET https://www.okx.com/api/v5/market/ticker?instId=1INCH-USDT-SWAP "HTTP/2 200 OK"
2026-03-22 11:33:21,432 | INFO | HTTP Request: GET https://www.okx.com/api/v5/trade/orders-algo-pending?ordType=trigger&instType=SWAP&instId=ETHFI-USDT-SWAP "HTTP/2 200 OK"
2026-03-22 11:33:21,438 | INFO | HTTP Request: GET https://www.okx.com/api/v5/market/candles?instId=1INCH-USDT-SWAP&bar=5m&limit=89 "HTTP/2 200 OK"
2026-03-22 11:33:21,855 | INFO | HTTP Request: GET https://www.okx.com/api/v5/trade/orders-algo-pending?ordType=move_order_stop&instType=SWAP&instId=ETHFI-USDT-SWAP "HTTP/2 200 OK"
2026-03-22 11:33:21,981 | INFO | HTTP Request: GET https://www.okx.com/api/v5/market/ticker?instId=2Z-USDT-SWAP "HTTP/2 200 OK"
2026-03-22 11:33:22,262 | INFO | HTTP Request: GET https://www.okx.com/api/v5/trade/orders-algo-pending?ordType=iceberg&instType=SWAP&instId=ETHFI-USDT-SWAP "HTTP/2 200 OK"
2026-03-22 11:33:22,352 | INFO | HTTP Request: GET https://www.okx.com/api/v5/market/candles?instId=2Z-USDT-SWAP&bar=5m&limit=89 "HTTP/2 200 OK"
2026-03-22 11:33:22,525 | INFO | HTTP Request: GET https://www.okx.com/api/v5/market/candles?instId=BTC-USDT-SWAP&bar=5m&limit=64 "HTTP/2 200 OK"
2026-03-22 11:33:22,681 | INFO | HTTP Request: GET https://www.okx.com/api/v5/trade/orders-algo-pending?ordType=twap&instType=SWAP&instId=ETHFI-USDT-SWAP "HTTP/2 200 OK"
2026-03-22 11:33:22,885 | INFO | HTTP Request: GET https://www.okx.com/api/v5/market/ticker?instId=A-USDT-SWAP "HTTP/2 200 OK"
2026-03-22 11:33:23,114 | INFO | HTTP Request: GET https://www.okx.com/api/v5/trade/orders-algo-pending?ordType=chase&instType=SWAP&instId=ETHFI-USDT-SWAP "HTTP/2 200 OK"
2026-03-22 11:33:23,250 | INFO | HTTP Request: GET https://www.okx.com/api/v5/market/candles?instId=A-USDT-SWAP&bar=5m&limit=89 "HTTP/2 200 OK"
2026-03-22 11:33:23,583 | INFO | HTTP Request: GET https://www.okx.com/api/v5/public/instruments?instType=SWAP "HTTP/2 200 OK"
2026-03-22 11:33:23,730 | INFO | HTTP Request: GET https://www.okx.com/api/v5/market/ticker?instId=ACT-USDT-SWAP "HTTP/2 200 OK"
2026-03-22 11:33:23,953 | INFO | HTTP Request: GET https://www.okx.com/api/v5/account/balance "HTTP/2 200 OK"
2026-03-22 11:33:24,114 | INFO | HTTP Request: GET https://www.okx.com/api/v5/market/candles?instId=ACT-USDT-SWAP&bar=5m&limit=89 "HTTP/2 200 OK"
2026-03-22 11:33:24,315 | INFO | HTTP Request: GET https://www.okx.com/api/v5/trade/orders-pending?instType=SWAP&instId=1INCH-USDT-SWAP "HTTP/2 200 OK"
2026-03-22 11:33:24,654 | INFO | HTTP Request: GET https://www.okx.com/api/v5/market/ticker?instId=ADA-USDT-SWAP "HTTP/2 200 OK"
2026-03-22 11:33:24,732 | INFO | HTTP Request: GET https://www.okx.com/api/v5/market/ticker?instId=1INCH-USDT-SWAP "HTTP/2 200 OK"
2026-03-22 11:33:25,030 | INFO | HTTP Request: GET https://www.okx.com/api/v5/market/candles?instId=ADA-USDT-SWAP&bar=5m&limit=89 "HTTP/2 200 OK"
2026-03-22 11:33:25,322 | INFO | HTTP Request: GET https://www.okx.com/api/v5/account/balance "HTTP/2 200 OK"
2026-03-22 11:33:25,567 | INFO | HTTP Request: GET https://www.okx.com/api/v5/market/ticker?instId=AI16Z-USDT-SWAP "HTTP/2 200 OK"
2026-03-22 11:33:25,967 | INFO | HTTP Request: GET https://www.okx.com/api/v5/market/candles?instId=AI16Z-USDT-SWAP&bar=5m&limit=89 "HTTP/2 200 OK"
2026-03-22 11:33:26,474 | INFO | HTTP Request: GET https://www.okx.com/api/v5/market/ticker?instId=AKITA-USDT-SWAP "HTTP/2 200 OK"
2026-03-22 11:33:26,841 | INFO | HTTP Request: GET https://www.okx.com/api/v5/market/candles?instId=AKITA-USDT-SWAP&bar=5m&limit=89 "HTTP/2 200 OK"
2026-03-22 11:33:27,390 | INFO | HTTP Request: GET https://www.okx.com/api/v5/market/ticker?instId=ALGO-USDT-SWAP "HTTP/2 200 OK"
2026-03-22 11:33:27,831 | INFO | HTTP Request: GET https://www.okx.com/api/v5/market/candles?instId=ALGO-USDT-SWAP&bar=5m&limit=89 "HTTP/2 200 OK"
2026-03-22 11:33:28,311 | INFO | HTTP Request: GET https://www.okx.com/api/v5/market/ticker?instId=ARB-USDT-SWAP "HTTP/2 200 OK"
2026-03-22 11:33:28,506 | INFO | HTTP Request: GET https://www.okx.com/api/v5/public/instruments?instType=SWAP "HTTP/2 200 OK"
2026-03-22 11:33:28,709 | INFO | HTTP Request: GET https://www.okx.com/api/v5/market/candles?instId=ARB-USDT-SWAP&bar=5m&limit=89 "HTTP/2 200 OK"
2026-03-22 11:33:28,780 | INFO | HTTP Request: GET https://www.okx.com/api/v5/market/candles?instId=BTC-USDT-SWAP&bar=5m&limit=64 "HTTP/2 200 OK"
2026-03-22 11:33:28,908 | INFO | HTTP Request: GET https://www.okx.com/api/v5/account/balance "HTTP/2 200 OK"
2026-03-22 11:33:29,248 | INFO | HTTP Request: GET https://www.okx.com/api/v5/market/ticker?instId=ASP-USDT-SWAP "HTTP/2 200 OK"
2026-03-22 11:33:29,276 | INFO | HTTP Request: GET https://www.okx.com/api/v5/trade/orders-pending?instType=SWAP&instId=1INCH-USDT-SWAP "HTTP/2 200 OK"
2026-03-22 11:33:29,622 | INFO | HTTP Request: GET https://www.okx.com/api/v5/market/candles?instId=ASP-USDT-SWAP&bar=5m&limit=89 "HTTP/2 200 OK"
2026-03-22 11:33:29,644 | INFO | HTTP Request: GET https://www.okx.com/api/v5/market/ticker?instId=1INCH-USDT-SWAP "HTTP/2 200 OK"
2026-03-22 11:33:30,020 | INFO | HTTP Request: GET https://www.okx.com/api/v5/account/positions?instType=SWAP "HTTP/2 200 OK"
2026-03-22 11:33:30,136 | INFO | HTTP Request: GET https://www.okx.com/api/v5/market/ticker?instId=ASTER-USDT-SWAP "HTTP/2 200 OK"
2026-03-22 11:33:30,428 | INFO | HTTP Request: GET https://www.okx.com/api/v5/market/candles?instId=CHZ-USDT-SWAP&bar=15m&limit=121 "HTTP/2 200 OK"
2026-03-22 11:33:30,530 | INFO | HTTP Request: GET https://www.okx.com/api/v5/market/candles?instId=ASTER-USDT-SWAP&bar=5m&limit=89 "HTTP/2 200 OK"
2026-03-22 11:33:30,708 | INFO | HTTP Request: GET https://www.okx.com/api/v5/account/balance "HTTP/2 200 OK"
2026-03-22 11:33:30,836 | INFO | HTTP Request: GET https://www.okx.com/api/v5/market/candles?instId=CHZ-USDT-SWAP&bar=5m&limit=97 "HTTP/2 200 OK"
2026-03-22 11:33:31,052 | INFO | HTTP Request: GET https://www.okx.com/api/v5/market/ticker?instId=ATOM-USDT-SWAP "HTTP/2 200 OK"
2026-03-22 11:33:31,226 | INFO | HTTP Request: GET https://www.okx.com/api/v5/market/history-trades?instId=CHZ-USDT-SWAP&limit=100 "HTTP/2 200 OK"
2026-03-22 11:33:31,442 | INFO | HTTP Request: GET https://www.okx.com/api/v5/market/candles?instId=ATOM-USDT-SWAP&bar=5m&limit=89 "HTTP/2 200 OK"
2026-03-22 11:33:31,661 | INFO | HTTP Request: GET https://www.okx.com/api/v5/market/books?instId=CHZ-USDT-SWAP&sz=5 "HTTP/2 200 OK"
2026-03-22 11:33:31,952 | INFO | HTTP Request: GET https://www.okx.com/api/v5/market/ticker?instId=AUCTION-USDT-SWAP "HTTP/2 200 OK"
2026-03-22 11:33:32,277 | INFO | HTTP Request: GET https://www.okx.com/api/v5/market/books?instId=CHZ-USDT-SWAP&sz=5 "HTTP/2 200 OK"
2026-03-22 11:33:32,341 | INFO | HTTP Request: GET https://www.okx.com/api/v5/market/candles?instId=AUCTION-USDT-SWAP&bar=5m&limit=89 "HTTP/2 200 OK"
2026-03-22 11:33:32,900 | INFO | HTTP Request: GET https://www.okx.com/api/v5/market/ticker?instId=AVAX-USDT-SWAP "HTTP/2 200 OK"
2026-03-22 11:33:32,911 | INFO | HTTP Request: GET https://www.okx.com/api/v5/market/books?instId=CHZ-USDT-SWAP&sz=5 "HTTP/2 200 OK"
2026-03-22 11:33:33,275 | INFO | HTTP Request: GET https://www.okx.com/api/v5/market/candles?instId=AVAX-USDT-SWAP&bar=5m&limit=89 "HTTP/2 200 OK"
2026-03-22 11:33:33,518 | INFO | HTTP Request: GET https://www.okx.com/api/v5/market/books?instId=CHZ-USDT-SWAP&sz=5 "HTTP/2 200 OK"
2026-03-22 11:33:33,799 | INFO | HTTP Request: GET https://www.okx.com/api/v5/market/ticker?instId=AXS-USDT-SWAP "HTTP/2 200 OK"
2026-03-22 11:33:33,888 | INFO | HTTP Request: GET https://www.okx.com/api/v5/market/candles?instId=COAI-USDT-SWAP&bar=15m&limit=121 "HTTP/2 200 OK"
2026-03-22 11:33:34,205 | INFO | HTTP Request: GET https://www.okx.com/api/v5/market/candles?instId=AXS-USDT-SWAP&bar=5m&limit=89 "HTTP/2 200 OK"
2026-03-22 11:33:34,303 | INFO | HTTP Request: GET https://www.okx.com/api/v5/market/candles?instId=COAI-USDT-SWAP&bar=5m&limit=97 "HTTP/2 200 OK"
2026-03-22 11:33:34,725 | INFO | HTTP Request: GET https://www.okx.com/api/v5/market/ticker?instId=BAND-USDT-SWAP "HTTP/2 200 OK"
2026-03-22 11:33:34,738 | INFO | HTTP Request: GET https://www.okx.com/api/v5/market/history-trades?instId=COAI-USDT-SWAP&limit=100 "HTTP/2 200 OK"
2026-03-22 11:33:35,017 | INFO | HTTP Request: GET https://www.okx.com/api/v5/market/candles?instId=BTC-USDT-SWAP&bar=5m&limit=64 "HTTP/2 200 OK"
2026-03-22 11:33:35,110 | INFO | HTTP Request: GET https://www.okx.com/api/v5/market/candles?instId=BAND-USDT-SWAP&bar=5m&limit=89 "HTTP/2 200 OK"
2026-03-22 11:33:35,137 | INFO | HTTP Request: GET https://www.okx.com/api/v5/market/books?instId=COAI-USDT-SWAP&sz=5 "HTTP/2 200 OK"
2026-03-22 11:33:35,639 | INFO | HTTP Request: GET https://www.okx.com/api/v5/market/ticker?instId=BCH-USDT-SWAP "HTTP/2 200 OK"
2026-03-22 11:33:35,741 | INFO | HTTP Request: GET https://www.okx.com/api/v5/market/books?instId=COAI-USDT-SWAP&sz=5 "HTTP/2 200 OK"
2026-03-22 11:33:36,036 | INFO | HTTP Request: GET https://www.okx.com/api/v5/market/candles?instId=BCH-USDT-SWAP&bar=5m&limit=89 "HTTP/2 200 OK"
2026-03-22 11:33:36,135 | INFO | HTTP Request: GET https://www.okx.com/api/v5/account/balance "HTTP/2 200 OK"
2026-03-22 11:33:36,391 | INFO | HTTP Request: GET https://www.okx.com/api/v5/market/books?instId=COAI-USDT-SWAP&sz=5 "HTTP/2 200 OK"
2026-03-22 11:33:36,566 | INFO | HTTP Request: GET https://www.okx.com/api/v5/market/ticker?instId=BIO-USDT-SWAP "HTTP/2 200 OK"
2026-03-22 11:33:36,971 | INFO | HTTP Request: GET https://www.okx.com/api/v5/market/candles?instId=BIO-USDT-SWAP&bar=5m&limit=89 "HTTP/2 200 OK"
2026-03-22 11:33:36,984 | INFO | HTTP Request: GET https://www.okx.com/api/v5/market/books?instId=COAI-USDT-SWAP&sz=5 "HTTP/2 200 OK"
2026-03-22 11:33:37,383 | INFO | HTTP Request: GET https://www.okx.com/api/v5/market/candles?instId=COMP-USDT-SWAP&bar=15m&limit=121 "HTTP/2 200 OK"
2026-03-22 11:33:37,494 | INFO | HTTP Request: GET https://www.okx.com/api/v5/market/ticker?instId=BLUAI-USDT-SWAP "HTTP/2 200 OK"
2026-03-22 11:33:37,790 | INFO | HTTP Request: GET https://www.okx.com/api/v5/market/candles?instId=COMP-USDT-SWAP&bar=5m&limit=97 "HTTP/2 200 OK"
2026-03-22 11:33:37,875 | INFO | HTTP Request: GET https://www.okx.com/api/v5/market/candles?instId=BLUAI-USDT-SWAP&bar=5m&limit=89 "HTTP/2 200 OK"
2026-03-22 11:33:38,199 | INFO | HTTP Request: GET https://www.okx.com/api/v5/market/history-trades?instId=COMP-USDT-SWAP&limit=100 "HTTP/2 200 OK"
2026-03-22 11:33:38,398 | INFO | HTTP Request: GET https://www.okx.com/api/v5/market/ticker?instId=BNB-USDT-SWAP "HTTP/2 200 OK"
2026-03-22 11:33:38,632 | INFO | HTTP Request: GET https://www.okx.com/api/v5/market/books?instId=COMP-USDT-SWAP&sz=5 "HTTP/2 200 OK"
2026-03-22 11:33:38,791 | INFO | HTTP Request: GET https://www.okx.com/api/v5/market/candles?instId=BNB-USDT-SWAP&bar=5m&limit=89 "HTTP/2 200 OK"
2026-03-22 11:33:39,228 | INFO | HTTP Request: GET https://www.okx.com/api/v5/market/books?instId=COMP-USDT-SWAP&sz=5 "HTTP/2 200 OK"
2026-03-22 11:33:39,312 | INFO | HTTP Request: GET https://www.okx.com/api/v5/market/ticker?instId=BOME-USDT-SWAP "HTTP/2 200 OK"
2026-03-22 11:33:39,722 | INFO | HTTP Request: GET https://www.okx.com/api/v5/market/candles?instId=BOME-USDT-SWAP&bar=5m&limit=89 "HTTP/2 200 OK"
2026-03-22 11:33:39,834 | INFO | HTTP Request: GET https://www.okx.com/api/v5/market/books?instId=COMP-USDT-SWAP&sz=5 "HTTP/2 200 OK"
2026-03-22 11:33:40,245 | INFO | HTTP Request: GET https://www.okx.com/api/v5/market/ticker?instId=BRETT-USDT-SWAP "HTTP/2 200 OK"
2026-03-22 11:33:40,434 | INFO | HTTP Request: GET https://www.okx.com/api/v5/market/books?instId=COMP-USDT-SWAP&sz=5 "HTTP/2 200 OK"
2026-03-22 11:33:40,646 | INFO | HTTP Request: GET https://www.okx.com/api/v5/market/candles?instId=BRETT-USDT-SWAP&bar=5m&limit=89 "HTTP/2 200 OK"
2026-03-22 11:33:40,856 | INFO | HTTP Request: GET https://www.okx.com/api/v5/market/candles?instId=CRO-USDT-SWAP&bar=15m&limit=121 "HTTP/2 200 OK"
2026-03-22 11:33:41,190 | INFO | HTTP Request: GET https://www.okx.com/api/v5/market/ticker?instId=BTC-USDT-SWAP "HTTP/2 200 OK"
2026-03-22 11:33:41,271 | INFO | HTTP Request: GET https://www.okx.com/api/v5/market/candles?instId=CRO-USDT-SWAP&bar=5m&limit=97 "HTTP/2 200 OK"
2026-03-22 11:33:41,276 | INFO | HTTP Request: GET https://www.okx.com/api/v5/market/candles?instId=BTC-USDT-SWAP&bar=5m&limit=64 "HTTP/2 200 OK"
2026-03-22 11:33:41,628 | INFO | HTTP Request: GET https://www.okx.com/api/v5/account/balance "HTTP/2 200 OK"
2026-03-22 11:33:41,671 | INFO | HTTP Request: GET https://www.okx.com/api/v5/market/history-trades?instId=CRO-USDT-SWAP&limit=100 "HTTP/2 200 OK"
2026-03-22 11:33:41,691 | INFO | HTTP Request: GET https://www.okx.com/api/v5/market/ticker?instId=CAT-USDT-SWAP "HTTP/2 200 OK"
2026-03-22 11:33:42,059 | INFO | HTTP Request: GET https://www.okx.com/api/v5/market/candles?instId=CAT-USDT-SWAP&bar=5m&limit=89 "HTTP/2 200 OK"
2026-03-22 11:33:42,075 | INFO | HTTP Request: GET https://www.okx.com/api/v5/market/books?instId=CRO-USDT-SWAP&sz=5 "HTTP/2 200 OK"
2026-03-22 11:33:42,583 | INFO | HTTP Request: GET https://www.okx.com/api/v5/market/ticker?instId=CATI-USDT-SWAP "HTTP/2 200 OK"
2026-03-22 11:33:42,720 | INFO | HTTP Request: GET https://www.okx.com/api/v5/market/books?instId=CRO-USDT-SWAP&sz=5 "HTTP/2 200 OK"
2026-03-22 11:33:42,978 | INFO | HTTP Request: GET https://www.okx.com/api/v5/market/candles?instId=CATI-USDT-SWAP&bar=5m&limit=89 "HTTP/2 200 OK"
2026-03-22 11:33:43,312 | INFO | HTTP Request: GET https://www.okx.com/api/v5/market/books?instId=CRO-USDT-SWAP&sz=5 "HTTP/2 200 OK"
2026-03-22 11:33:43,520 | INFO | HTTP Request: GET https://www.okx.com/api/v5/market/ticker?instId=CELO-USDT-SWAP "HTTP/2 200 OK"
2026-03-22 11:33:43,911 | INFO | HTTP Request: GET https://www.okx.com/api/v5/market/candles?instId=CELO-USDT-SWAP&bar=5m&limit=89 "HTTP/2 200 OK"
2026-03-22 11:33:43,922 | INFO | HTTP Request: GET https://www.okx.com/api/v5/market/books?instId=CRO-USDT-SWAP&sz=5 "HTTP/2 200 OK"
2026-03-22 11:33:44,326 | INFO | HTTP Request: GET https://www.okx.com/api/v5/market/candles?instId=1INCH-USDT-SWAP&bar=5m&limit=71 "HTTP/2 200 OK"
2026-03-22 11:33:44,439 | INFO | HTTP Request: GET https://www.okx.com/api/v5/market/ticker?instId=CFX-USDT-SWAP "HTTP/2 200 OK"
2026-03-22 11:33:44,719 | INFO | HTTP Request: GET https://www.okx.com/api/v5/market/candles?instId=2Z-USDT-SWAP&bar=5m&limit=71 "HTTP/2 200 OK"
2026-03-22 11:33:44,810 | INFO | HTTP Request: GET https://www.okx.com/api/v5/market/candles?instId=CFX-USDT-SWAP&bar=5m&limit=89 "HTTP/2 200 OK"
2026-03-22 11:33:45,131 | INFO | HTTP Request: GET https://www.okx.com/api/v5/market/candles?instId=ACT-USDT-SWAP&bar=5m&limit=71 "HTTP/2 200 OK"
2026-03-22 11:33:45,346 | INFO | HTTP Request: GET https://www.okx.com/api/v5/market/ticker?instId=CHZ-USDT-SWAP "HTTP/2 200 OK"
2026-03-22 11:33:45,525 | INFO | HTTP Request: GET https://www.okx.com/api/v5/market/candles?instId=ALGO-USDT-SWAP&bar=5m&limit=71 "HTTP/2 200 OK"
2026-03-22 11:33:45,867 | INFO | HTTP Request: GET https://www.okx.com/api/v5/market/ticker?instId=COAI-USDT-SWAP "HTTP/2 200 OK"
2026-03-22 11:33:45,931 | INFO | HTTP Request: GET https://www.okx.com/api/v5/market/candles?instId=ARB-USDT-SWAP&bar=5m&limit=71 "HTTP/2 200 OK"
2026-03-22 11:33:46,368 | INFO | HTTP Request: GET https://www.okx.com/api/v5/market/ticker?instId=COMP-USDT-SWAP "HTTP/2 200 OK"
2026-03-22 11:33:46,376 | INFO | HTTP Request: GET https://www.okx.com/api/v5/market/candles?instId=ATOM-USDT-SWAP&bar=5m&limit=71 "HTTP/2 200 OK"
2026-03-22 11:33:46,767 | INFO | HTTP Request: GET https://www.okx.com/api/v5/market/candles?instId=AUCTION-USDT-SWAP&bar=5m&limit=71 "HTTP/2 200 OK"
2026-03-22 11:33:46,872 | INFO | HTTP Request: GET https://www.okx.com/api/v5/market/ticker?instId=CRO-USDT-SWAP "HTTP/2 200 OK"
2026-03-22 11:33:47,076 | INFO | HTTP Request: GET https://www.okx.com/api/v5/account/balance "HTTP/2 200 OK"
2026-03-22 11:33:47,181 | INFO | HTTP Request: GET https://www.okx.com/api/v5/market/candles?instId=AVAX-USDT-SWAP&bar=5m&limit=71 "HTTP/2 200 OK"
2026-03-22 11:33:47,390 | INFO | HTTP Request: GET https://www.okx.com/api/v5/market/ticker?instId=CRV-USDT-SWAP "HTTP/2 200 OK"
2026-03-22 11:33:47,530 | INFO | HTTP Request: GET https://www.okx.com/api/v5/market/candles?instId=BTC-USDT-SWAP&bar=5m&limit=64 "HTTP/2 200 OK"
2026-03-22 11:33:47,572 | INFO | HTTP Request: GET https://www.okx.com/api/v5/market/candles?instId=AXS-USDT-SWAP&bar=5m&limit=71 "HTTP/2 200 OK"
2026-03-22 11:33:47,769 | INFO | HTTP Request: GET https://www.okx.com/api/v5/market/candles?instId=CRV-USDT-SWAP&bar=5m&limit=89 "HTTP/2 200 OK"
2026-03-22 11:33:47,939 | INFO | HTTP Request: GET https://www.okx.com/api/v5/market/candles?instId=BNB-USDT-SWAP&bar=5m&limit=71 "HTTP/2 200 OK"
2026-03-22 11:33:48,274 | INFO | HTTP Request: GET https://www.okx.com/api/v5/market/ticker?instId=DOGE-USDT-SWAP "HTTP/2 200 OK"
2026-03-22 11:33:48,356 | INFO | HTTP Request: GET https://www.okx.com/api/v5/market/candles?instId=BTC-USDT-SWAP&bar=5m&limit=71 "HTTP/2 200 OK"
2026-03-22 11:33:48,652 | INFO | HTTP Request: GET https://www.okx.com/api/v5/market/candles?instId=DOGE-USDT-SWAP&bar=5m&limit=89 "HTTP/2 200 OK"
2026-03-22 11:33:48,757 | INFO | HTTP Request: GET https://www.okx.com/api/v5/market/candles?instId=CELO-USDT-SWAP&bar=5m&limit=71 "HTTP/2 200 OK"
2026-03-22 11:33:49,166 | INFO | HTTP Request: GET https://www.okx.com/api/v5/market/ticker?instId=CFX-USDT-SWAP "HTTP/2 200 OK"
2026-03-22 11:33:49,189 | INFO | HTTP Request: GET https://www.okx.com/api/v5/market/ticker?instId=DOT-USDT-SWAP "HTTP/2 200 OK"
2026-03-22 11:33:49,209 | INFO | CFX-USDT-SWAP: Turtle 55 short-сигнал отклонён (закрытие не удержалось ниже канала)
2026-03-22 11:33:49,576 | INFO | HTTP Request: GET https://www.okx.com/api/v5/market/candles?instId=DOT-USDT-SWAP&bar=5m&limit=89 "HTTP/2 200 OK"
2026-03-22 11:33:49,581 | INFO | HTTP Request: GET https://www.okx.com/api/v5/market/candles?instId=CHZ-USDT-SWAP&bar=5m&limit=71 "HTTP/2 200 OK"
2026-03-22 11:33:49,994 | INFO | HTTP Request: GET https://www.okx.com/api/v5/market/candles?instId=COMP-USDT-SWAP&bar=5m&limit=71 "HTTP/2 200 OK"
2026-03-22 11:33:50,113 | INFO | HTTP Request: GET https://www.okx.com/api/v5/market/ticker?instId=ENA-USDT-SWAP "HTTP/2 200 OK"
2026-03-22 11:33:50,446 | INFO | HTTP Request: GET https://www.okx.com/api/v5/market/candles?instId=MAGIC-USDT-SWAP&bar=5m&limit=26 "HTTP/2 200 OK"
2026-03-22 11:33:50,524 | INFO | HTTP Request: GET https://www.okx.com/api/v5/market/candles?instId=ENA-USDT-SWAP&bar=5m&limit=89 "HTTP/2 200 OK"
2026-03-22 11:33:50,821 | INFO | HTTP Request: GET https://www.okx.com/api/v5/market/ticker?instId=MAGIC-USDT-SWAP "HTTP/2 200 OK"
2026-03-22 11:33:51,043 | INFO | HTTP Request: GET https://www.okx.com/api/v5/market/ticker?instId=EOS-USDT-SWAP "HTTP/2 200 OK"
2026-03-22 11:33:51,242 | INFO | HTTP Request: GET https://www.okx.com/api/v5/market/candles?instId=SUI-USDT-SWAP&bar=5m&limit=26 "HTTP/2 200 OK"
2026-03-22 11:33:51,434 | INFO | HTTP Request: GET https://www.okx.com/api/v5/market/candles?instId=EOS-USDT-SWAP&bar=5m&limit=89 "HTTP/2 200 OK"
2026-03-22 11:33:51,639 | INFO | HTTP Request: GET https://www.okx.com/api/v5/market/ticker?instId=SUI-USDT-SWAP "HTTP/2 200 OK"
2026-03-22 11:33:51,967 | INFO | HTTP Request: GET https://www.okx.com/api/v5/market/ticker?instId=ETC-USDT-SWAP "HTTP/2 200 OK"
2026-03-22 11:33:52,057 | INFO | HTTP Request: GET https://www.okx.com/api/v5/market/candles?instId=ETHFI-USDT-SWAP&bar=5m&limit=26 "HTTP/2 200 OK"
2026-03-22 11:33:52,343 | INFO | HTTP Request: GET https://www.okx.com/api/v5/market/candles?instId=ETC-USDT-SWAP&bar=5m&limit=89 "HTTP/2 200 OK"
2026-03-22 11:33:52,468 | INFO | HTTP Request: GET https://www.okx.com/api/v5/market/ticker?instId=ETHFI-USDT-SWAP "HTTP/2 200 OK"
2026-03-22 11:33:52,550 | INFO | HTTP Request: GET https://www.okx.com/api/v5/account/balance "HTTP/2 200 OK"
2026-03-22 11:33:52,865 | INFO | HTTP Request: GET https://www.okx.com/api/v5/market/candles?instId=SOL-USDT-SWAP&bar=5m&limit=26 "HTTP/2 200 OK"
2026-03-22 11:33:52,872 | INFO | HTTP Request: GET https://www.okx.com/api/v5/market/ticker?instId=ETH-USDT-SWAP "HTTP/2 200 OK"
2026-03-22 11:33:53,259 | INFO | HTTP Request: GET https://www.okx.com/api/v5/market/candles?instId=ETH-USDT-SWAP&bar=5m&limit=89 "HTTP/2 200 OK"
2026-03-22 11:33:53,268 | INFO | HTTP Request: GET https://www.okx.com/api/v5/market/ticker?instId=SOL-USDT-SWAP "HTTP/2 200 OK"
2026-03-22 11:33:53,681 | INFO | HTTP Request: GET https://www.okx.com/api/v5/market/candles?instId=AAVE-USDT-SWAP&bar=5m&limit=26 "HTTP/2 200 OK"
2026-03-22 11:33:53,774 | INFO | HTTP Request: GET https://www.okx.com/api/v5/market/candles?instId=BTC-USDT-SWAP&bar=5m&limit=64 "HTTP/2 200 OK"
2026-03-22 11:33:53,806 | INFO | HTTP Request: GET https://www.okx.com/api/v5/market/ticker?instId=ETHW-USDT-SWAP "HTTP/2 200 OK"
2026-03-22 11:33:54,088 | INFO | HTTP Request: GET https://www.okx.com/api/v5/market/ticker?instId=AAVE-USDT-SWAP "HTTP/2 200 OK"
2026-03-22 11:33:54,196 | INFO | HTTP Request: GET https://www.okx.com/api/v5/market/candles?instId=ETHW-USDT-SWAP&bar=5m&limit=89 "HTTP/2 200 OK"
2026-03-22 11:33:54,472 | INFO | HTTP Request: GET https://www.okx.com/api/v5/public/instruments?instType=SWAP "HTTP/2 200 OK"
2026-03-22 11:33:54,726 | INFO | HTTP Request: GET https://www.okx.com/api/v5/market/ticker?instId=FIL-USDT-SWAP "HTTP/2 200 OK"
2026-03-22 11:33:54,848 | INFO | HTTP Request: GET https://www.okx.com/api/v5/account/balance "HTTP/2 200 OK"
2026-03-22 11:33:55,100 | INFO | HTTP Request: GET https://www.okx.com/api/v5/market/candles?instId=FIL-USDT-SWAP&bar=5m&limit=89 "HTTP/2 200 OK"
2026-03-22 11:33:55,160 | INFO | HTTP Request: GET https://www.okx.com/api/v5/trade/orders-pending?instType=SWAP&instId=1INCH-USDT-SWAP "HTTP/2 200 OK"
2026-03-22 11:33:55,570 | INFO | HTTP Request: GET https://www.okx.com/api/v5/market/ticker?instId=1INCH-USDT-SWAP "HTTP/2 200 OK"
2026-03-22 11:33:55,590 | INFO | HTTP Request: GET https://www.okx.com/api/v5/market/ticker?instId=FLOKI-USDT-SWAP "HTTP/2 200 OK"
2026-03-22 11:33:56,001 | INFO | HTTP Request: GET https://www.okx.com/api/v5/market/candles?instId=FLOKI-USDT-SWAP&bar=5m&limit=89 "HTTP/2 200 OK"
2026-03-22 11:33:56,499 | INFO | HTTP Request: GET https://www.okx.com/api/v5/market/ticker?instId=GMT-USDT-SWAP "HTTP/2 200 OK"
2026-03-22 11:33:56,897 | INFO | HTTP Request: GET https://www.okx.com/api/v5/market/candles?instId=GMT-USDT-SWAP&bar=5m&limit=89 "HTTP/2 200 OK"
2026-03-22 11:33:57,429 | INFO | HTTP Request: GET https://www.okx.com/api/v5/market/ticker?instId=H-USDT-SWAP "HTTP/2 200 OK"
2026-03-22 11:33:57,802 | INFO | HTTP Request: GET https://www.okx.com/api/v5/market/candles?instId=H-USDT-SWAP&bar=5m&limit=89 "HTTP/2 200 OK"
2026-03-22 11:33:57,976 | INFO | HTTP Request: GET https://www.okx.com/api/v5/account/balance "HTTP/2 200 OK"
2026-03-22 11:33:58,331 | INFO | HTTP Request: GET https://www.okx.com/api/v5/market/ticker?instId=HBAR-USDT-SWAP "HTTP/2 200 OK"
2026-03-22 11:33:58,706 | INFO | HTTP Request: GET https://www.okx.com/api/v5/market/candles?instId=HBAR-USDT-SWAP&bar=5m&limit=89 "HTTP/2 200 OK"
2026-03-22 11:33:59,235 | INFO | HTTP Request: GET https://www.okx.com/api/v5/market/ticker?instId=HMSTR-USDT-SWAP "HTTP/2 200 OK"
2026-03-22 11:33:59,393 | INFO | HTTP Request: GET https://www.okx.com/api/v5/public/instruments?instType=SWAP "HTTP/2 200 OK"
2026-03-22 11:33:59,674 | INFO | HTTP Request: GET https://www.okx.com/api/v5/market/candles?instId=HMSTR-USDT-SWAP&bar=5m&limit=89 "HTTP/2 200 OK"
2026-03-22 11:33:59,767 | INFO | HTTP Request: GET https://www.okx.com/api/v5/account/balance "HTTP/2 200 OK"
2026-03-22 11:34:00,038 | INFO | HTTP Request: GET https://www.okx.com/api/v5/market/candles?instId=BTC-USDT-SWAP&bar=5m&limit=64 "HTTP/2 200 OK"
2026-03-22 11:34:00,056 | INFO | HTTP Request: GET https://www.okx.com/api/v5/trade/orders-pending?instType=SWAP&instId=1INCH-USDT-SWAP "HTTP/2 200 OK"
2026-03-22 11:34:00,181 | INFO | HTTP Request: GET https://www.okx.com/api/v5/market/ticker?instId=HOME-USDT-SWAP "HTTP/2 200 OK"
2026-03-22 11:34:00,439 | INFO | HTTP Request: GET https://www.okx.com/api/v5/market/ticker?instId=1INCH-USDT-SWAP "HTTP/2 200 OK"
2026-03-22 11:34:00,564 | INFO | HTTP Request: GET https://www.okx.com/api/v5/market/candles?instId=HOME-USDT-SWAP&bar=5m&limit=89 "HTTP/2 200 OK"
2026-03-22 11:34:00,872 | INFO | HTTP Request: GET https://www.okx.com/api/v5/account/positions?instType=SWAP "HTTP/2 200 OK"
2026-03-22 11:34:01,087 | INFO | HTTP Request: GET https://www.okx.com/api/v5/market/ticker?instId=ICP-USDT-SWAP "HTTP/2 200 OK"
2026-03-22 11:34:01,273 | INFO | HTTP Request: GET https://www.okx.com/api/v5/market/candles?instId=CRV-USDT-SWAP&bar=15m&limit=121 "HTTP/2 200 OK"
2026-03-22 11:34:01,477 | INFO | HTTP Request: GET https://www.okx.com/api/v5/market/candles?instId=ICP-USDT-SWAP&bar=5m&limit=89 "HTTP/2 200 OK"
2026-03-22 11:34:01,669 | INFO | HTTP Request: GET https://www.okx.com/api/v5/market/candles?instId=CRV-USDT-SWAP&bar=5m&limit=97 "HTTP/2 200 OK"
2026-03-22 11:34:02,010 | INFO | HTTP Request: GET https://www.okx.com/api/v5/market/ticker?instId=IMX-USDT-SWAP "HTTP/2 200 OK"
2026-03-22 11:34:02,125 | INFO | HTTP Request: GET https://www.okx.com/api/v5/market/history-trades?instId=CRV-USDT-SWAP&limit=100 "HTTP/2 200 OK"
2026-03-22 11:34:02,400 | INFO | HTTP Request: GET https://www.okx.com/api/v5/market/candles?instId=IMX-USDT-SWAP&bar=5m&limit=89 "HTTP/2 200 OK"
2026-03-22 11:34:02,534 | INFO | HTTP Request: GET https://www.okx.com/api/v5/market/books?instId=CRV-USDT-SWAP&sz=5 "HTTP/2 200 OK"
2026-03-22 11:34:02,920 | INFO | HTTP Request: GET https://www.okx.com/api/v5/market/ticker?instId=INJ-USDT-SWAP "HTTP/2 200 OK"
2026-03-22 11:34:03,142 | INFO | HTTP Request: GET https://www.okx.com/api/v5/market/books?instId=CRV-USDT-SWAP&sz=5 "HTTP/2 200 OK"
2026-03-22 11:34:03,314 | INFO | HTTP Request: GET https://www.okx.com/api/v5/market/candles?instId=INJ-USDT-SWAP&bar=5m&limit=89 "HTTP/2 200 OK"
2026-03-22 11:34:03,360 | INFO | HTTP Request: GET https://www.okx.com/api/v5/account/balance "HTTP/2 200 OK"
2026-03-22 11:34:03,735 | INFO | HTTP Request: GET https://www.okx.com/api/v5/market/books?instId=CRV-USDT-SWAP&sz=5 "HTTP/2 200 OK"
2026-03-22 11:34:03,839 | INFO | HTTP Request: GET https://www.okx.com/api/v5/market/ticker?instId=IOTA-USDT-SWAP "HTTP/2 200 OK"
2026-03-22 11:34:04,249 | INFO | HTTP Request: GET https://www.okx.com/api/v5/market/candles?instId=IOTA-USDT-SWAP&bar=5m&limit=89 "HTTP/2 200 OK"
2026-03-22 11:34:04,391 | INFO | HTTP Request: GET https://www.okx.com/api/v5/market/books?instId=CRV-USDT-SWAP&sz=5 "HTTP/2 200 OK"
2026-03-22 11:34:04,764 | INFO | HTTP Request: GET https://www.okx.com/api/v5/market/candles?instId=DOGE-USDT-SWAP&bar=15m&limit=121 "HTTP/2 200 OK"
2026-03-22 11:34:04,768 | INFO | HTTP Request: GET https://www.okx.com/api/v5/market/ticker?instId=JUP-USDT-SWAP "HTTP/2 200 OK"
2026-03-22 11:34:05,165 | INFO | HTTP Request: GET https://www.okx.com/api/v5/market/candles?instId=DOGE-USDT-SWAP&bar=5m&limit=97 "HTTP/2 200 OK"
2026-03-22 11:34:05,178 | INFO | HTTP Request: GET https://www.okx.com/api/v5/market/candles?instId=JUP-USDT-SWAP&bar=5m&limit=89 "HTTP/2 200 OK"
2026-03-22 11:34:05,584 | INFO | HTTP Request: GET https://www.okx.com/api/v5/market/history-trades?instId=DOGE-USDT-SWAP&limit=100 "HTTP/2 200 OK"
2026-03-22 11:34:05,703 | INFO | HTTP Request: GET https://www.okx.com/api/v5/market/ticker?instId=KAITO-USDT-SWAP "HTTP/2 200 OK"
2026-03-22 11:34:06,027 | INFO | HTTP Request: GET https://www.okx.com/api/v5/market/books?instId=DOGE-USDT-SWAP&sz=5 "HTTP/2 200 OK"
2026-03-22 11:34:06,086 | INFO | HTTP Request: GET https://www.okx.com/api/v5/market/candles?instId=KAITO-USDT-SWAP&bar=5m&limit=89 "HTTP/2 200 OK"
2026-03-22 11:34:06,268 | INFO | HTTP Request: GET https://www.okx.com/api/v5/market/candles?instId=BTC-USDT-SWAP&bar=5m&limit=64 "HTTP/2 200 OK"
2026-03-22 11:34:06,575 | INFO | HTTP Request: GET https://www.okx.com/api/v5/market/ticker?instId=KSM-USDT-SWAP "HTTP/2 200 OK"
2026-03-22 11:34:06,634 | INFO | HTTP Request: GET https://www.okx.com/api/v5/market/books?instId=DOGE-USDT-SWAP&sz=5 "HTTP/2 200 OK"
2026-03-22 11:34:06,962 | INFO | HTTP Request: GET https://www.okx.com/api/v5/market/candles?instId=KSM-USDT-SWAP&bar=5m&limit=89 "HTTP/2 200 OK"
2026-03-22 11:34:07,234 | INFO | HTTP Request: GET https://www.okx.com/api/v5/market/books?instId=DOGE-USDT-SWAP&sz=5 "HTTP/2 200 OK"
2026-03-22 11:34:07,447 | INFO | HTTP Request: GET https://www.okx.com/api/v5/market/ticker?instId=LDO-USDT-SWAP "HTTP/2 200 OK"
2026-03-22 11:34:07,845 | INFO | HTTP Request: GET https://www.okx.com/api/v5/market/candles?instId=LDO-USDT-SWAP&bar=5m&limit=89 "HTTP/2 200 OK"
2026-03-22 11:34:07,884 | INFO | HTTP Request: GET https://www.okx.com/api/v5/market/books?instId=DOGE-USDT-SWAP&sz=5 "HTTP/2 200 OK"
2026-03-22 11:34:08,264 | INFO | HTTP Request: GET https://www.okx.com/api/v5/market/candles?instId=DOT-USDT-SWAP&bar=15m&limit=121 "HTTP/2 200 OK"
2026-03-22 11:34:08,366 | INFO | HTTP Request: GET https://www.okx.com/api/v5/market/ticker?instId=LINEA-USDT-SWAP "HTTP/2 200 OK"
2026-03-22 11:34:08,666 | INFO | HTTP Request: GET https://www.okx.com/api/v5/market/candles?instId=DOT-USDT-SWAP&bar=5m&limit=97 "HTTP/2 200 OK"
2026-03-22 11:34:08,775 | INFO | HTTP Request: GET https://www.okx.com/api/v5/market/candles?instId=LINEA-USDT-SWAP&bar=5m&limit=89 "HTTP/2 200 OK"
2026-03-22 11:34:08,810 | INFO | HTTP Request: GET https://www.okx.com/api/v5/account/balance "HTTP/2 200 OK"
2026-03-22 11:34:09,084 | INFO | HTTP Request: GET https://www.okx.com/api/v5/market/history-trades?instId=DOT-USDT-SWAP&limit=100 "HTTP/2 200 OK"
2026-03-22 11:34:09,292 | INFO | HTTP Request: GET https://www.okx.com/api/v5/market/ticker?instId=LINK-USDT-SWAP "HTTP/2 200 OK"
2026-03-22 11:34:09,528 | INFO | HTTP Request: GET https://www.okx.com/api/v5/market/books?instId=DOT-USDT-SWAP&sz=5 "HTTP/2 200 OK"
2026-03-22 11:34:09,687 | INFO | HTTP Request: GET https://www.okx.com/api/v5/market/candles?instId=LINK-USDT-SWAP&bar=5m&limit=89 "HTTP/2 200 OK"
2026-03-22 11:34:10,134 | INFO | HTTP Request: GET https://www.okx.com/api/v5/market/books?instId=DOT-USDT-SWAP&sz=5 "HTTP/2 200 OK"
2026-03-22 11:34:10,221 | INFO | HTTP Request: GET https://www.okx.com/api/v5/market/ticker?instId=LIT-USDT-SWAP "HTTP/2 200 OK"
2026-03-22 11:34:10,630 | INFO | HTTP Request: GET https://www.okx.com/api/v5/market/candles?instId=LIT-USDT-SWAP&bar=5m&limit=89 "HTTP/2 200 OK"
2026-03-22 11:34:10,738 | INFO | HTTP Request: GET https://www.okx.com/api/v5/market/books?instId=DOT-USDT-SWAP&sz=5 "HTTP/2 200 OK"
2026-03-22 11:34:11,129 | INFO | HTTP Request: GET https://www.okx.com/api/v5/market/ticker?instId=LPT-USDT-SWAP "HTTP/2 200 OK"
2026-03-22 11:34:11,331 | INFO | HTTP Request: GET https://www.okx.com/api/v5/market/books?instId=DOT-USDT-SWAP&sz=5 "HTTP/2 200 OK"
2026-03-22 11:34:11,516 | INFO | HTTP Request: GET https://www.okx.com/api/v5/market/candles?instId=LPT-USDT-SWAP&bar=5m&limit=89 "HTTP/2 200 OK"
2026-03-22 11:34:11,829 | INFO | HTTP Request: GET https://www.okx.com/api/v5/market/candles?instId=ENA-USDT-SWAP&bar=15m&limit=121 "HTTP/2 200 OK"
2026-03-22 11:34:12,072 | INFO | HTTP Request: GET https://www.okx.com/api/v5/market/ticker?instId=LQTY-USDT-SWAP "HTTP/2 200 OK"
2026-03-22 11:34:12,250 | INFO | HTTP Request: GET https://www.okx.com/api/v5/market/candles?instId=ENA-USDT-SWAP&bar=5m&limit=97 "HTTP/2 200 OK"
2026-03-22 11:34:12,455 | INFO | HTTP Request: GET https://www.okx.com/api/v5/market/candles?instId=LQTY-USDT-SWAP&bar=5m&limit=89 "HTTP/2 200 OK"
2026-03-22 11:34:12,516 | INFO | HTTP Request: GET https://www.okx.com/api/v5/market/candles?instId=BTC-USDT-SWAP&bar=5m&limit=64 "HTTP/2 200 OK"
2026-03-22 11:34:12,652 | INFO | HTTP Request: GET https://www.okx.com/api/v5/market/history-trades?instId=ENA-USDT-SWAP&limit=100 "HTTP/2 200 OK"
2026-03-22 11:34:12,975 | INFO | HTTP Request: GET https://www.okx.com/api/v5/market/ticker?instId=LRC-USDT-SWAP "HTTP/2 200 OK"
2026-03-22 11:34:13,041 | INFO | HTTP Request: GET https://www.okx.com/api/v5/market/books?instId=ENA-USDT-SWAP&sz=5 "HTTP/2 200 OK"
2026-03-22 11:34:13,346 | INFO | HTTP Request: GET https://www.okx.com/api/v5/market/candles?instId=LRC-USDT-SWAP&bar=5m&limit=89 "HTTP/2 200 OK"
2026-03-22 11:34:13,683 | INFO | HTTP Request: GET https://www.okx.com/api/v5/market/books?instId=ENA-USDT-SWAP&sz=5 "HTTP/2 200 OK"
2026-03-22 11:34:13,880 | INFO | HTTP Request: GET https://www.okx.com/api/v5/market/ticker?instId=LTC-USDT-SWAP "HTTP/2 200 OK"
2026-03-22 11:34:14,138 | INFO | HTTP Request: GET https://www.okx.com/api/v5/account/balance "HTTP/2 200 OK"
2026-03-22 11:34:14,257 | INFO | HTTP Request: GET https://www.okx.com/api/v5/market/candles?instId=LTC-USDT-SWAP&bar=5m&limit=89 "HTTP/2 200 OK"
2026-03-22 11:34:14,291 | INFO | HTTP Request: GET https://www.okx.com/api/v5/market/books?instId=ENA-USDT-SWAP&sz=5 "HTTP/2 200 OK"
2026-03-22 11:34:14,773 | INFO | HTTP Request: GET https://www.okx.com/api/v5/market/ticker?instId=MAJOR-USDT-SWAP "HTTP/2 200 OK"
2026-03-22 11:34:14,881 | INFO | HTTP Request: GET https://www.okx.com/api/v5/market/books?instId=ENA-USDT-SWAP&sz=5 "HTTP/2 200 OK"
2026-03-22 11:34:15,182 | INFO | HTTP Request: GET https://www.okx.com/api/v5/market/candles?instId=MAJOR-USDT-SWAP&bar=5m&limit=89 "HTTP/2 200 OK"
2026-03-22 11:34:15,294 | INFO | HTTP Request: GET https://www.okx.com/api/v5/market/candles?instId=1INCH-USDT-SWAP&bar=5m&limit=71 "HTTP/2 200 OK"
2026-03-22 11:34:15,688 | INFO | HTTP Request: GET https://www.okx.com/api/v5/market/candles?instId=2Z-USDT-SWAP&bar=5m&limit=71 "HTTP/2 200 OK"
2026-03-22 11:34:15,695 | INFO | HTTP Request: GET https://www.okx.com/api/v5/market/ticker?instId=MASK-USDT-SWAP "HTTP/2 200 OK"
2026-03-22 11:34:16,088 | INFO | HTTP Request: GET https://www.okx.com/api/v5/market/candles?instId=ACT-USDT-SWAP&bar=5m&limit=71 "HTTP/2 200 OK"
2026-03-22 11:34:16,089 | INFO | HTTP Request: GET https://www.okx.com/api/v5/market/candles?instId=MASK-USDT-SWAP&bar=5m&limit=89 "HTTP/2 200 OK"
2026-03-22 11:34:16,505 | INFO | HTTP Request: GET https://www.okx.com/api/v5/market/candles?instId=ALGO-USDT-SWAP&bar=5m&limit=71 "HTTP/2 200 OK"
2026-03-22 11:34:16,625 | INFO | HTTP Request: GET https://www.okx.com/api/v5/market/ticker?instId=MET-USDT-SWAP "HTTP/2 200 OK"
2026-03-22 11:34:16,908 | INFO | HTTP Request: GET https://www.okx.com/api/v5/market/candles?instId=ARB-USDT-SWAP&bar=5m&limit=71 "HTTP/2 200 OK"
2026-03-22 11:34:17,006 | INFO | HTTP Request: GET https://www.okx.com/api/v5/market/candles?instId=MET-USDT-SWAP&bar=5m&limit=89 "HTTP/2 200 OK"
2026-03-22 11:34:17,378 | INFO | HTTP Request: GET https://www.okx.com/api/v5/market/candles?instId=ATOM-USDT-SWAP&bar=5m&limit=71 "HTTP/2 200 OK"
2026-03-22 11:34:17,543 | INFO | HTTP Request: GET https://www.okx.com/api/v5/market/ticker?instId=MINA-USDT-SWAP "HTTP/2 200 OK"
2026-03-22 11:34:17,756 | INFO | HTTP Request: GET https://www.okx.com/api/v5/market/candles?instId=AUCTION-USDT-SWAP&bar=5m&limit=71 "HTTP/2 200 OK"
2026-03-22 11:34:17,948 | INFO | HTTP Request: GET https://www.okx.com/api/v5/market/candles?instId=MINA-USDT-SWAP&bar=5m&limit=89 "HTTP/2 200 OK"
2026-03-22 11:34:18,185 | INFO | HTTP Request: GET https://www.okx.com/api/v5/market/candles?instId=AVAX-USDT-SWAP&bar=5m&limit=71 "HTTP/2 200 OK"
2026-03-22 11:34:18,497 | INFO | HTTP Request: GET https://www.okx.com/api/v5/market/ticker?instId=MKR-USDT-SWAP "HTTP/2 200 OK"
2026-03-22 11:34:18,586 | INFO | HTTP Request: GET https://www.okx.com/api/v5/market/candles?instId=AXS-USDT-SWAP&bar=5m&limit=71 "HTTP/2 200 OK"
2026-03-22 11:34:18,767 | INFO | HTTP Request: GET https://www.okx.com/api/v5/market/candles?instId=BTC-USDT-SWAP&bar=5m&limit=64 "HTTP/2 200 OK"
2026-03-22 11:34:18,874 | INFO | HTTP Request: GET https://www.okx.com/api/v5/market/candles?instId=MKR-USDT-SWAP&bar=5m&limit=89 "HTTP/2 200 OK"
2026-03-22 11:34:18,990 | INFO | HTTP Request: GET https://www.okx.com/api/v5/market/candles?instId=BNB-USDT-SWAP&bar=5m&limit=71 "HTTP/2 200 OK"
2026-03-22 11:34:19,395 | INFO | HTTP Request: GET https://www.okx.com/api/v5/market/candles?instId=BTC-USDT-SWAP&bar=5m&limit=71 "HTTP/2 200 OK"
2026-03-22 11:34:19,399 | INFO | HTTP Request: GET https://www.okx.com/api/v5/market/ticker?instId=MUBARAK-USDT-SWAP "HTTP/2 200 OK"
2026-03-22 11:34:19,580 | INFO | HTTP Request: GET https://www.okx.com/api/v5/account/balance "HTTP/2 200 OK"
2026-03-22 11:34:19,795 | INFO | HTTP Request: GET https://www.okx.com/api/v5/market/candles?instId=CELO-USDT-SWAP&bar=5m&limit=71 "HTTP/2 200 OK"
2026-03-22 11:34:19,809 | INFO | HTTP Request: GET https://www.okx.com/api/v5/market/candles?instId=MUBARAK-USDT-SWAP&bar=5m&limit=89 "HTTP/2 200 OK"
2026-03-22 11:34:20,173 | INFO | HTTP Request: GET https://www.okx.com/api/v5/market/candles?instId=CFX-USDT-SWAP&bar=5m&limit=71 "HTTP/2 200 OK"
2026-03-22 11:34:20,596 | INFO | HTTP Request: GET https://www.okx.com/api/v5/market/ticker?instId=CFX-USDT-SWAP "HTTP/2 200 OK"
2026-03-22 11:34:20,626 | INFO | CFX-USDT-SWAP: Turtle 55 short-сигнал отклонён (закрытие не удержалось ниже канала)
2026-03-22 11:34:20,682 | INFO | HTTP Request: GET https://www.okx.com/api/v5/market/ticker?instId=NEAR-USDT-SWAP "HTTP/2 200 OK"
2026-03-22 11:34:21,073 | INFO | HTTP Request: GET https://www.okx.com/api/v5/market/candles?instId=CHZ-USDT-SWAP&bar=5m&limit=71 "HTTP/2 200 OK"
2026-03-22 11:34:21,118 | INFO | HTTP Request: GET https://www.okx.com/api/v5/market/candles?instId=NEAR-USDT-SWAP&bar=5m&limit=89 "HTTP/2 200 OK"
2026-03-22 11:34:21,436 | INFO | HTTP Request: GET https://www.okx.com/api/v5/market/candles?instId=COMP-USDT-SWAP&bar=5m&limit=71 "HTTP/2 200 OK"
2026-03-22 11:34:21,611 | INFO | HTTP Request: GET https://www.okx.com/api/v5/market/ticker?instId=NEO-USDT-SWAP "HTTP/2 200 OK"
2026-03-22 11:34:21,806 | INFO | HTTP Request: GET https://www.okx.com/api/v5/market/candles?instId=CRV-USDT-SWAP&bar=5m&limit=71 "HTTP/2 200 OK"
2026-03-22 11:34:22,000 | INFO | HTTP Request: GET https://www.okx.com/api/v5/market/candles?instId=NEO-USDT-SWAP&bar=5m&limit=89 "HTTP/2 200 OK"
2026-03-22 11:34:22,216 | INFO | HTTP Request: GET https://www.okx.com/api/v5/market/candles?instId=DOGE-USDT-SWAP&bar=5m&limit=71 "HTTP/2 200 OK"
2026-03-22 11:34:22,568 | INFO | HTTP Request: GET https://www.okx.com/api/v5/market/ticker?instId=NOT-USDT-SWAP "HTTP/2 200 OK"
2026-03-22 11:34:22,633 | INFO | HTTP Request: GET https://www.okx.com/api/v5/market/candles?instId=DOT-USDT-SWAP&bar=5m&limit=71 "HTTP/2 200 OK"
2026-03-22 11:34:22,937 | INFO | HTTP Request: GET https://www.okx.com/api/v5/market/candles?instId=NOT-USDT-SWAP&bar=5m&limit=89 "HTTP/2 200 OK"
2026-03-22 11:34:23,052 | INFO | HTTP Request: GET https://www.okx.com/api/v5/market/candles?instId=ENA-USDT-SWAP&bar=5m&limit=71 "HTTP/2 200 OK"
2026-03-22 11:34:23,473 | INFO | HTTP Request: GET https://www.okx.com/api/v5/market/ticker?instId=OP-USDT-SWAP "HTTP/2 200 OK"
2026-03-22 11:34:23,480 | INFO | HTTP Request: GET https://www.okx.com/api/v5/market/candles?instId=MAGIC-USDT-SWAP&bar=5m&limit=26 "HTTP/2 200 OK"
2026-03-22 11:34:23,866 | INFO | HTTP Request: GET https://www.okx.com/api/v5/market/candles?instId=OP-USDT-SWAP&bar=5m&limit=89 "HTTP/2 200 OK"
2026-03-22 11:34:23,867 | INFO | HTTP Request: GET https://www.okx.com/api/v5/market/ticker?instId=MAGIC-USDT-SWAP "HTTP/2 200 OK"
2026-03-22 11:34:24,282 | INFO | HTTP Request: GET https://www.okx.com/api/v5/market/candles?instId=SUI-USDT-SWAP&bar=5m&limit=26 "HTTP/2 200 OK"
2026-03-22 11:34:24,400 | INFO | HTTP Request: GET https://www.okx.com/api/v5/market/ticker?instId=PEPE-USDT-SWAP "HTTP/2 200 OK"
2026-03-22 11:34:24,681 | INFO | HTTP Request: GET https://www.okx.com/api/v5/market/ticker?instId=SUI-USDT-SWAP "HTTP/2 200 OK"
2026-03-22 11:34:24,781 | INFO | HTTP Request: GET https://www.okx.com/api/v5/market/candles?instId=PEPE-USDT-SWAP&bar=5m&limit=89 "HTTP/2 200 OK"
2026-03-22 11:34:25,019 | INFO | HTTP Request: GET https://www.okx.com/api/v5/market/candles?instId=BTC-USDT-SWAP&bar=5m&limit=64 "HTTP/2 200 OK"
2026-03-22 11:34:25,025 | INFO | HTTP Request: GET https://www.okx.com/api/v5/account/balance "HTTP/2 200 OK"
2026-03-22 11:34:25,089 | INFO | HTTP Request: GET https://www.okx.com/api/v5/market/candles?instId=ETHFI-USDT-SWAP&bar=5m&limit=26 "HTTP/2 200 OK"
2026-03-22 11:34:25,317 | INFO | HTTP Request: GET https://www.okx.com/api/v5/market/ticker?instId=PIGGY-USDT-SWAP "HTTP/2 200 OK"
2026-03-22 11:34:25,507 | INFO | HTTP Request: GET https://www.okx.com/api/v5/market/ticker?instId=ETHFI-USDT-SWAP "HTTP/2 200 OK"
2026-03-22 11:34:25,732 | INFO | HTTP Request: GET https://www.okx.com/api/v5/market/candles?instId=PIGGY-USDT-SWAP&bar=5m&limit=89 "HTTP/2 200 OK"
2026-03-22 11:34:25,922 | INFO | HTTP Request: GET https://www.okx.com/api/v5/market/candles?instId=SOL-USDT-SWAP&bar=5m&limit=26 "HTTP/2 200 OK"
2026-03-22 11:34:26,244 | INFO | HTTP Request: GET https://www.okx.com/api/v5/market/ticker?instId=QTUM-USDT-SWAP "HTTP/2 200 OK"
2026-03-22 11:34:26,313 | INFO | HTTP Request: GET https://www.okx.com/api/v5/market/ticker?instId=SOL-USDT-SWAP "HTTP/2 200 OK"
2026-03-22 11:34:26,630 | INFO | HTTP Request: GET https://www.okx.com/api/v5/market/candles?instId=QTUM-USDT-SWAP&bar=5m&limit=89 "HTTP/2 200 OK"
2026-03-22 11:34:26,723 | INFO | HTTP Request: GET https://www.okx.com/api/v5/market/candles?instId=AAVE-USDT-SWAP&bar=5m&limit=26 "HTTP/2 200 OK"
2026-03-22 11:34:27,136 | INFO | HTTP Request: GET https://www.okx.com/api/v5/market/ticker?instId=AAVE-USDT-SWAP "HTTP/2 200 OK"
2026-03-22 11:34:27,160 | INFO | HTTP Request: GET https://www.okx.com/api/v5/market/ticker?instId=RAVE-USDT-SWAP "HTTP/2 200 OK"
2026-03-22 11:34:27,488 | INFO | HTTP Request: GET https://www.okx.com/api/v5/public/instruments?instType=SWAP "HTTP/2 200 OK"
2026-03-22 11:34:27,616 | INFO | HTTP Request: GET https://www.okx.com/api/v5/market/candles?instId=RAVE-USDT-SWAP&bar=5m&limit=89 "HTTP/2 200 OK"
2026-03-22 11:34:27,865 | INFO | HTTP Request: GET https://www.okx.com/api/v5/account/balance "HTTP/2 200 OK"
2026-03-22 11:34:28,108 | INFO | HTTP Request: GET https://www.okx.com/api/v5/market/ticker?instId=RESOLV-USDT-SWAP "HTTP/2 200 OK"
2026-03-22 11:34:28,291 | INFO | HTTP Request: GET https://www.okx.com/api/v5/trade/orders-pending?instType=SWAP&instId=1INCH-USDT-SWAP "HTTP/2 200 OK"
2026-03-22 11:34:28,501 | INFO | HTTP Request: GET https://www.okx.com/api/v5/market/candles?instId=RESOLV-USDT-SWAP&bar=5m&limit=89 "HTTP/2 200 OK"
2026-03-22 11:34:28,680 | INFO | HTTP Request: GET https://www.okx.com/api/v5/market/ticker?instId=1INCH-USDT-SWAP "HTTP/2 200 OK"
2026-03-22 11:34:29,000 | INFO | HTTP Request: GET https://www.okx.com/api/v5/market/ticker?instId=ROBO-USDT-SWAP "HTTP/2 200 OK"
2026-03-22 11:34:29,399 | INFO | HTTP Request: GET https://www.okx.com/api/v5/market/candles?instId=ROBO-USDT-SWAP&bar=5m&limit=89 "HTTP/2 200 OK"
2026-03-22 11:34:29,930 | INFO | HTTP Request: GET https://www.okx.com/api/v5/market/ticker?instId=SAND-USDT-SWAP "HTTP/2 200 OK"
2026-03-22 11:34:30,311 | INFO | HTTP Request: GET https://www.okx.com/api/v5/market/candles?instId=SAND-USDT-SWAP&bar=5m&limit=89 "HTTP/2 200 OK"
2026-03-22 11:34:30,411 | INFO | HTTP Request: GET https://www.okx.com/api/v5/account/balance "HTTP/2 200 OK"
2026-03-22 11:34:30,847 | INFO | HTTP Request: GET https://www.okx.com/api/v5/market/ticker?instId=SCR-USDT-SWAP "HTTP/2 200 OK"
2026-03-22 11:34:31,231 | INFO | HTTP Request: GET https://www.okx.com/api/v5/market/candles?instId=SCR-USDT-SWAP&bar=5m&limit=89 "HTTP/2 200 OK"
2026-03-22 11:34:31,276 | INFO | HTTP Request: GET https://www.okx.com/api/v5/market/candles?instId=BTC-USDT-SWAP&bar=5m&limit=64 "HTTP/2 200 OK"
2026-03-22 11:34:31,752 | INFO | HTTP Request: GET https://www.okx.com/api/v5/market/ticker?instId=SHIB-USDT-SWAP "HTTP/2 200 OK"
2026-03-22 11:34:32,154 | INFO | HTTP Request: GET https://www.okx.com/api/v5/market/candles?instId=SHIB-USDT-SWAP&bar=5m&limit=89 "HTTP/2 200 OK"
2026-03-22 11:34:32,431 | INFO | HTTP Request: GET https://www.okx.com/api/v5/public/instruments?instType=SWAP "HTTP/2 200 OK"
2026-03-22 11:34:32,678 | INFO | HTTP Request: GET https://www.okx.com/api/v5/market/ticker?instId=SKY-USDT-SWAP "HTTP/2 200 OK"
2026-03-22 11:34:32,809 | INFO | HTTP Request: GET https://www.okx.com/api/v5/account/balance "HTTP/2 200 OK"
2026-03-22 11:34:33,043 | INFO | HTTP Request: GET https://www.okx.com/api/v5/market/candles?instId=SKY-USDT-SWAP&bar=5m&limit=89 "HTTP/2 200 OK"
2026-03-22 11:34:33,183 | INFO | HTTP Request: GET https://www.okx.com/api/v5/trade/orders-pending?instType=SWAP&instId=1INCH-USDT-SWAP "HTTP/2 200 OK"
2026-03-22 11:34:33,534 | INFO | HTTP Request: GET https://www.okx.com/api/v5/market/ticker?instId=SOLV-USDT-SWAP "HTTP/2 200 OK"
2026-03-22 11:34:33,559 | INFO | HTTP Request: GET https://www.okx.com/api/v5/market/ticker?instId=1INCH-USDT-SWAP "HTTP/2 200 OK"
2026-03-22 11:34:33,920 | INFO | HTTP Request: GET https://www.okx.com/api/v5/market/candles?instId=SOLV-USDT-SWAP&bar=5m&limit=89 "HTTP/2 200 OK"
2026-03-22 11:34:33,932 | INFO | HTTP Request: GET https://www.okx.com/api/v5/account/positions?instType=SWAP "HTTP/2 200 OK"
2026-03-22 11:34:34,341 | INFO | HTTP Request: GET https://www.okx.com/api/v5/market/candles?instId=EOS-USDT-SWAP&bar=15m&limit=121 "HTTP/2 200 OK"
2026-03-22 11:34:34,455 | INFO | HTTP Request: GET https://www.okx.com/api/v5/market/ticker?instId=SPK-USDT-SWAP "HTTP/2 200 OK"
2026-03-22 11:34:34,744 | INFO | HTTP Request: GET https://www.okx.com/api/v5/market/candles?instId=EOS-USDT-SWAP&bar=5m&limit=97 "HTTP/2 200 OK"
2026-03-22 11:34:34,844 | INFO | HTTP Request: GET https://www.okx.com/api/v5/market/candles?instId=SPK-USDT-SWAP&bar=5m&limit=89 "HTTP/2 200 OK"
2026-03-22 11:34:35,154 | INFO | HTTP Request: GET https://www.okx.com/api/v5/market/history-trades?instId=EOS-USDT-SWAP&limit=100 "HTTP/2 200 OK"
2026-03-22 11:34:35,382 | INFO | HTTP Request: GET https://www.okx.com/api/v5/market/ticker?instId=STRK-USDT-SWAP "HTTP/2 200 OK"
2026-03-22 11:34:35,584 | INFO | HTTP Request: GET https://www.okx.com/api/v5/market/books?instId=EOS-USDT-SWAP&sz=5 "HTTP/2 200 OK"
2026-03-22 11:34:35,756 | INFO | HTTP Request: GET https://www.okx.com/api/v5/market/candles?instId=STRK-USDT-SWAP&bar=5m&limit=89 "HTTP/2 200 OK"
2026-03-22 11:34:35,832 | INFO | HTTP Request: GET https://www.okx.com/api/v5/account/balance "HTTP/2 200 OK"
2026-03-22 11:34:36,184 | INFO | HTTP Request: GET https://www.okx.com/api/v5/market/books?instId=EOS-USDT-SWAP&sz=5 "HTTP/2 200 OK"
2026-03-22 11:34:36,302 | INFO | HTTP Request: GET https://www.okx.com/api/v5/market/ticker?instId=SUSHI-USDT-SWAP "HTTP/2 200 OK"
2026-03-22 11:34:36,665 | INFO | HTTP Request: GET https://www.okx.com/api/v5/market/candles?instId=SUSHI-USDT-SWAP&bar=5m&limit=89 "HTTP/2 200 OK"
2026-03-22 11:34:36,783 | INFO | HTTP Request: GET https://www.okx.com/api/v5/market/books?instId=EOS-USDT-SWAP&sz=5 "HTTP/2 200 OK"
2026-03-22 11:34:37,198 | INFO | HTTP Request: GET https://www.okx.com/api/v5/market/ticker?instId=SYRUP-USDT-SWAP "HTTP/2 200 OK"
2026-03-22 11:34:37,385 | INFO | HTTP Request: GET https://www.okx.com/api/v5/market/books?instId=EOS-USDT-SWAP&sz=5 "HTTP/2 200 OK"
2026-03-22 11:34:37,524 | INFO | HTTP Request: GET https://www.okx.com/api/v5/market/candles?instId=BTC-USDT-SWAP&bar=5m&limit=64 "HTTP/2 200 OK"
2026-03-22 11:34:37,597 | INFO | HTTP Request: GET https://www.okx.com/api/v5/market/candles?instId=SYRUP-USDT-SWAP&bar=5m&limit=89 "HTTP/2 200 OK"
2026-03-22 11:34:37,868 | INFO | HTTP Request: GET https://www.okx.com/api/v5/market/candles?instId=ETC-USDT-SWAP&bar=15m&limit=121 "HTTP/2 200 OK"
2026-03-22 11:34:38,143 | INFO | HTTP Request: GET https://www.okx.com/api/v5/market/ticker?instId=TEST1234-USDT-SWAP "HTTP/2 200 OK"
2026-03-22 11:34:38,231 | INFO | HTTP Request: GET https://www.okx.com/api/v5/market/candles?instId=ETC-USDT-SWAP&bar=5m&limit=97 "HTTP/2 200 OK"
2026-03-22 11:34:38,537 | INFO | HTTP Request: GET https://www.okx.com/api/v5/market/candles?instId=TEST1234-USDT-SWAP&bar=5m&limit=89 "HTTP/2 200 OK"
2026-03-22 11:34:38,684 | INFO | HTTP Request: GET https://www.okx.com/api/v5/market/history-trades?instId=ETC-USDT-SWAP&limit=100 "HTTP/2 200 OK"
2026-03-22 11:34:39,062 | INFO | HTTP Request: GET https://www.okx.com/api/v5/market/ticker?instId=TEST3103-USDT-SWAP "HTTP/2 200 OK"
2026-03-22 11:34:39,083 | INFO | HTTP Request: GET https://www.okx.com/api/v5/market/books?instId=ETC-USDT-SWAP&sz=5 "HTTP/2 200 OK"
2026-03-22 11:34:39,465 | INFO | HTTP Request: GET https://www.okx.com/api/v5/market/candles?instId=TEST3103-USDT-SWAP&bar=5m&limit=89 "HTTP/2 200 OK"
2026-03-22 11:34:39,743 | INFO | HTTP Request: GET https://www.okx.com/api/v5/market/books?instId=ETC-USDT-SWAP&sz=5 "HTTP/2 200 OK"
2026-03-22 11:34:39,987 | INFO | HTTP Request: GET https://www.okx.com/api/v5/market/ticker?instId=TEST3110-USDT-SWAP "HTTP/2 200 OK"
2026-03-22 11:34:40,340 | INFO | HTTP Request: GET https://www.okx.com/api/v5/market/books?instId=ETC-USDT-SWAP&sz=5 "HTTP/2 200 OK"
2026-03-22 11:34:40,381 | INFO | HTTP Request: GET https://www.okx.com/api/v5/market/candles?instId=TEST3110-USDT-SWAP&bar=5m&limit=89 "HTTP/2 200 OK"
2026-03-22 11:34:40,870 | INFO | HTTP Request: GET https://www.okx.com/api/v5/market/ticker?instId=THETA-USDT-SWAP "HTTP/2 200 OK"
2026-03-22 11:34:40,936 | INFO | HTTP Request: GET https://www.okx.com/api/v5/market/books?instId=ETC-USDT-SWAP&sz=5 "HTTP/2 200 OK"
2026-03-22 11:34:41,257 | INFO | HTTP Request: GET https://www.okx.com/api/v5/account/balance "HTTP/2 200 OK"
2026-03-22 11:34:41,263 | INFO | HTTP Request: GET https://www.okx.com/api/v5/market/candles?instId=THETA-USDT-SWAP&bar=5m&limit=89 "HTTP/2 200 OK"
2026-03-22 11:34:41,297 | INFO | HTTP Request: GET https://www.okx.com/api/v5/market/candles?instId=ETH-USDT-SWAP&bar=15m&limit=121 "HTTP/2 200 OK"
2026-03-22 11:34:41,663 | INFO | HTTP Request: GET https://www.okx.com/api/v5/market/candles?instId=ETH-USDT-SWAP&bar=5m&limit=97 "HTTP/2 200 OK"
2026-03-22 11:34:41,750 | INFO | HTTP Request: GET https://www.okx.com/api/v5/market/ticker?instId=TON-USDT-SWAP "HTTP/2 200 OK"
2026-03-22 11:34:42,083 | INFO | HTTP Request: GET https://www.okx.com/api/v5/market/history-trades?instId=ETH-USDT-SWAP&limit=100 "HTTP/2 200 OK"
2026-03-22 11:34:42,175 | INFO | HTTP Request: GET https://www.okx.com/api/v5/market/candles?instId=TON-USDT-SWAP&bar=5m&limit=89 "HTTP/2 200 OK"
2026-03-22 11:34:42,482 | INFO | HTTP Request: GET https://www.okx.com/api/v5/market/books?instId=ETH-USDT-SWAP&sz=5 "HTTP/2 200 OK"
2026-03-22 11:34:42,675 | INFO | HTTP Request: GET https://www.okx.com/api/v5/market/ticker?instId=TRIA-USDT-SWAP "HTTP/2 200 OK"
2026-03-22 11:34:43,065 | INFO | HTTP Request: GET https://www.okx.com/api/v5/market/candles?instId=TRIA-USDT-SWAP&bar=5m&limit=89 "HTTP/2 200 OK"
2026-03-22 11:34:43,084 | INFO | HTTP Request: GET https://www.okx.com/api/v5/market/books?instId=ETH-USDT-SWAP&sz=5 "HTTP/2 200 OK"
2026-03-22 11:34:43,597 | INFO | HTTP Request: GET https://www.okx.com/api/v5/market/ticker?instId=TRX-USDT-SWAP "HTTP/2 200 OK"
2026-03-22 11:34:43,684 | INFO | HTTP Request: GET https://www.okx.com/api/v5/market/books?instId=ETH-USDT-SWAP&sz=5 "HTTP/2 200 OK"
2026-03-22 11:34:43,771 | INFO | HTTP Request: GET https://www.okx.com/api/v5/market/candles?instId=BTC-USDT-SWAP&bar=5m&limit=64 "HTTP/2 200 OK"
2026-03-22 11:34:43,993 | INFO | HTTP Request: GET https://www.okx.com/api/v5/market/candles?instId=TRX-USDT-SWAP&bar=5m&limit=89 "HTTP/2 200 OK"
2026-03-22 11:34:44,296 | INFO | HTTP Request: GET https://www.okx.com/api/v5/market/books?instId=ETH-USDT-SWAP&sz=5 "HTTP/2 200 OK"
2026-03-22 11:34:44,520 | INFO | HTTP Request: GET https://www.okx.com/api/v5/market/ticker?instId=TSLA-USDT-SWAP "HTTP/2 200 OK"
2026-03-22 11:34:44,707 | INFO | HTTP Request: GET https://www.okx.com/api/v5/market/candles?instId=ETHFI-USDT-SWAP&bar=15m&limit=121 "HTTP/2 200 OK"
2026-03-22 11:34:44,912 | INFO | HTTP Request: GET https://www.okx.com/api/v5/market/candles?instId=TSLA-USDT-SWAP&bar=5m&limit=89 "HTTP/2 200 OK"
2026-03-22 11:34:45,129 | INFO | HTTP Request: GET https://www.okx.com/api/v5/market/candles?instId=ETHFI-USDT-SWAP&bar=5m&limit=97 "HTTP/2 200 OK"
2026-03-22 11:34:45,441 | INFO | HTTP Request: GET https://www.okx.com/api/v5/market/ticker?instId=XAG-USDT-SWAP "HTTP/2 200 OK"
2026-03-22 11:34:45,523 | INFO | HTTP Request: GET https://www.okx.com/api/v5/market/history-trades?instId=ETHFI-USDT-SWAP&limit=100 "HTTP/2 200 OK"
2026-03-22 11:34:45,830 | INFO | HTTP Request: GET https://www.okx.com/api/v5/market/candles?instId=XAG-USDT-SWAP&bar=5m&limit=89 "HTTP/2 200 OK"
2026-03-22 11:34:45,990 | INFO | HTTP Request: GET https://www.okx.com/api/v5/market/books?instId=ETHFI-USDT-SWAP&sz=5 "HTTP/2 200 OK"
2026-03-22 11:34:46,358 | INFO | HTTP Request: GET https://www.okx.com/api/v5/market/ticker?instId=XAU-USDT-SWAP "HTTP/2 200 OK"
2026-03-22 11:34:46,584 | INFO | HTTP Request: GET https://www.okx.com/api/v5/market/books?instId=ETHFI-USDT-SWAP&sz=5 "HTTP/2 200 OK"
2026-03-22 11:34:46,692 | INFO | HTTP Request: GET https://www.okx.com/api/v5/account/balance "HTTP/2 200 OK"
2026-03-22 11:34:46,765 | INFO | HTTP Request: GET https://www.okx.com/api/v5/market/candles?instId=XAU-USDT-SWAP&bar=5m&limit=89 "HTTP/2 200 OK"
2026-03-22 11:34:47,187 | INFO | HTTP Request: GET https://www.okx.com/api/v5/market/books?instId=ETHFI-USDT-SWAP&sz=5 "HTTP/2 200 OK"
2026-03-22 11:34:47,314 | INFO | HTTP Request: GET https://www.okx.com/api/v5/market/ticker?instId=XLM-USDT-SWAP "HTTP/2 200 OK"
2026-03-22 11:34:47,674 | INFO | HTTP Request: GET https://www.okx.com/api/v5/market/candles?instId=XLM-USDT-SWAP&bar=5m&limit=89 "HTTP/2 200 OK"
2026-03-22 11:34:47,789 | INFO | HTTP Request: GET https://www.okx.com/api/v5/market/books?instId=ETHFI-USDT-SWAP&sz=5 "HTTP/2 200 OK"
2026-03-22 11:34:48,192 | INFO | HTTP Request: GET https://www.okx.com/api/v5/market/candles?instId=1INCH-USDT-SWAP&bar=5m&limit=71 "HTTP/2 200 OK"
2026-03-22 11:34:48,205 | INFO | HTTP Request: GET https://www.okx.com/api/v5/market/ticker?instId=XPL-USDT-SWAP "HTTP/2 200 OK"
2026-03-22 11:34:48,618 | INFO | HTTP Request: GET https://www.okx.com/api/v5/market/candles?instId=2Z-USDT-SWAP&bar=5m&limit=71 "HTTP/2 200 OK"
2026-03-22 11:34:48,619 | INFO | HTTP Request: GET https://www.okx.com/api/v5/market/candles?instId=XPL-USDT-SWAP&bar=5m&limit=89 "HTTP/2 200 OK"
2026-03-22 11:34:49,013 | INFO | HTTP Request: GET https://www.okx.com/api/v5/market/candles?instId=ACT-USDT-SWAP&bar=5m&limit=71 "HTTP/2 200 OK"
2026-03-22 11:34:49,142 | INFO | HTTP Request: GET https://www.okx.com/api/v5/market/ticker?instId=XRP-USDT-SWAP "HTTP/2 200 OK"
2026-03-22 11:34:49,431 | INFO | HTTP Request: GET https://www.okx.com/api/v5/market/candles?instId=ALGO-USDT-SWAP&bar=5m&limit=71 "HTTP/2 200 OK"
2026-03-22 11:34:49,522 | INFO | HTTP Request: GET https://www.okx.com/api/v5/market/candles?instId=XRP-USDT-SWAP&bar=5m&limit=89 "HTTP/2 200 OK"
2026-03-22 11:34:49,838 | INFO | HTTP Request: GET https://www.okx.com/api/v5/market/candles?instId=ARB-USDT-SWAP&bar=5m&limit=71 "HTTP/2 200 OK"
2026-03-22 11:34:50,013 | INFO | HTTP Request: GET https://www.okx.com/api/v5/market/candles?instId=BTC-USDT-SWAP&bar=5m&limit=64 "HTTP/2 200 OK"
2026-03-22 11:34:50,042 | INFO | HTTP Request: GET https://www.okx.com/api/v5/market/ticker?instId=XSR-USDT-SWAP "HTTP/2 200 OK"
2026-03-22 11:34:50,224 | INFO | HTTP Request: GET https://www.okx.com/api/v5/market/candles?instId=ATOM-USDT-SWAP&bar=5m&limit=71 "HTTP/2 200 OK"
2026-03-22 11:34:50,491 | INFO | HTTP Request: GET https://www.okx.com/api/v5/market/candles?instId=XSR-USDT-SWAP&bar=5m&limit=89 "HTTP/2 200 OK"
2026-03-22 11:34:50,640 | INFO | HTTP Request: GET https://www.okx.com/api/v5/market/candles?instId=AUCTION-USDT-SWAP&bar=5m&limit=71 "HTTP/2 200 OK"
2026-03-22 11:34:51,020 | INFO | HTTP Request: GET https://www.okx.com/api/v5/market/candles?instId=AVAX-USDT-SWAP&bar=5m&limit=71 "HTTP/2 200 OK"
2026-03-22 11:34:51,124 | INFO | HTTP Request: GET https://www.okx.com/api/v5/market/ticker?instId=XTZ-USDT-SWAP "HTTP/2 200 OK"
2026-03-22 11:34:51,420 | INFO | HTTP Request: GET https://www.okx.com/api/v5/market/candles?instId=AXS-USDT-SWAP&bar=5m&limit=71 "HTTP/2 200 OK"
2026-03-22 11:34:51,521 | INFO | HTTP Request: GET https://www.okx.com/api/v5/market/candles?instId=XTZ-USDT-SWAP&bar=5m&limit=89 "HTTP/2 200 OK"
2026-03-22 11:34:51,849 | INFO | HTTP Request: GET https://www.okx.com/api/v5/market/candles?instId=BNB-USDT-SWAP&bar=5m&limit=71 "HTTP/2 200 OK"
2026-03-22 11:34:52,058 | INFO | HTTP Request: GET https://www.okx.com/api/v5/market/ticker?instId=YB-USDT-SWAP "HTTP/2 200 OK"
2026-03-22 11:34:52,144 | INFO | HTTP Request: GET https://www.okx.com/api/v5/account/balance "HTTP/2 200 OK"
2026-03-22 11:34:52,227 | INFO | HTTP Request: GET https://www.okx.com/api/v5/market/candles?instId=BTC-USDT-SWAP&bar=5m&limit=71 "HTTP/2 200 OK"
2026-03-22 11:34:52,427 | INFO | HTTP Request: GET https://www.okx.com/api/v5/market/candles?instId=YB-USDT-SWAP&bar=5m&limit=89 "HTTP/2 200 OK"
2026-03-22 11:34:52,597 | INFO | HTTP Request: GET https://www.okx.com/api/v5/market/candles?instId=CELO-USDT-SWAP&bar=5m&limit=71 "HTTP/2 200 OK"
2026-03-22 11:34:52,957 | INFO | HTTP Request: GET https://www.okx.com/api/v5/market/ticker?instId=YFI-USDT-SWAP "HTTP/2 200 OK"
2026-03-22 11:34:53,017 | INFO | HTTP Request: GET https://www.okx.com/api/v5/market/candles?instId=CFX-USDT-SWAP&bar=5m&limit=71 "HTTP/2 200 OK"
2026-03-22 11:34:53,431 | INFO | HTTP Request: GET https://www.okx.com/api/v5/market/ticker?instId=CFX-USDT-SWAP "HTTP/2 200 OK"
2026-03-22 11:34:53,469 | INFO | CFX-USDT-SWAP: Turtle 55 short-сигнал отклонён (закрытие не удержалось ниже канала)
2026-03-22 11:34:53,839 | INFO | HTTP Request: GET https://www.okx.com/api/v5/market/candles?instId=CHZ-USDT-SWAP&bar=5m&limit=71 "HTTP/2 200 OK"
2026-03-22 11:34:53,917 | INFO | HTTP Request: GET https://www.okx.com/api/v5/market/ticker?instId=MAGIC-USDT-SWAP "HTTP/2 200 OK"
2026-03-22 11:34:54,246 | INFO | HTTP Request: GET https://www.okx.com/api/v5/market/candles?instId=COMP-USDT-SWAP&bar=5m&limit=71 "HTTP/2 200 OK"
2026-03-22 11:34:54,348 | INFO | HTTP Request: GET https://www.okx.com/api/v5/market/candles?instId=MAGIC-USDT-SWAP&bar=5m&limit=89 "HTTP/2 200 OK"
2026-03-22 11:34:54,620 | INFO | HTTP Request: GET https://www.okx.com/api/v5/market/candles?instId=CRV-USDT-SWAP&bar=5m&limit=71 "HTTP/2 200 OK"
2026-03-22 11:34:54,838 | INFO | HTTP Request: GET https://www.okx.com/api/v5/market/ticker?instId=SUI-USDT-SWAP "HTTP/2 200 OK"
2026-03-22 11:34:55,014 | INFO | HTTP Request: GET https://www.okx.com/api/v5/market/candles?instId=DOGE-USDT-SWAP&bar=5m&limit=71 "HTTP/2 200 OK"
2026-03-22 11:34:55,226 | INFO | HTTP Request: GET https://www.okx.com/api/v5/market/candles?instId=SUI-USDT-SWAP&bar=5m&limit=89 "HTTP/2 200 OK"
2026-03-22 11:34:55,385 | INFO | HTTP Request: GET https://www.okx.com/api/v5/market/candles?instId=DOT-USDT-SWAP&bar=5m&limit=71 "HTTP/2 200 OK"
2026-03-22 11:34:55,721 | INFO | HTTP Request: GET https://www.okx.com/api/v5/market/ticker?instId=ETHFI-USDT-SWAP "HTTP/2 200 OK"
2026-03-22 11:34:55,793 | INFO | HTTP Request: GET https://www.okx.com/api/v5/market/candles?instId=ENA-USDT-SWAP&bar=5m&limit=71 "HTTP/2 200 OK"
2026-03-22 11:34:56,101 | INFO | HTTP Request: GET https://www.okx.com/api/v5/market/candles?instId=ETHFI-USDT-SWAP&bar=5m&limit=89 "HTTP/2 200 OK"
2026-03-22 11:34:56,225 | INFO | HTTP Request: GET https://www.okx.com/api/v5/market/candles?instId=ETC-USDT-SWAP&bar=5m&limit=71 "HTTP/2 200 OK"
2026-03-22 11:34:56,655 | INFO | HTTP Request: GET https://www.okx.com/api/v5/market/ticker?instId=SOL-USDT-SWAP "HTTP/2 200 OK"
2026-03-22 11:34:56,660 | INFO | HTTP Request: GET https://www.okx.com/api/v5/market/candles?instId=SOL-USDT-SWAP&bar=5m&limit=26 "HTTP/2 200 OK"
2026-03-22 11:34:57,017 | INFO | HTTP Request: GET https://www.okx.com/api/v5/market/candles?instId=SOL-USDT-SWAP&bar=5m&limit=89 "HTTP/2 200 OK"
2026-03-22 11:34:57,032 | INFO | HTTP Request: GET https://www.okx.com/api/v5/market/candles?instId=AAVE-USDT-SWAP&bar=5m&limit=26 "HTTP/2 200 OK"
2026-03-22 11:34:57,434 | INFO | HTTP Request: GET https://www.okx.com/api/v5/market/ticker?instId=AAVE-USDT-SWAP "HTTP/2 200 OK"
2026-03-22 11:34:57,561 | INFO | HTTP Request: GET https://www.okx.com/api/v5/market/ticker?instId=AAVE-USDT-SWAP "HTTP/2 200 OK"
2026-03-22 11:34:57,641 | INFO | HTTP Request: GET https://www.okx.com/api/v5/account/balance "HTTP/2 200 OK"
2026-03-22 11:34:57,849 | INFO | HTTP Request: GET https://www.okx.com/api/v5/market/candles?instId=BTC-USDT-SWAP&bar=5m&limit=64 "HTTP/2 200 OK"
2026-03-22 11:34:58,057 | INFO | HTTP Request: GET https://www.okx.com/api/v5/market/ticker?instId=1INCH-USDT-SWAP "HTTP/2 200 OK"
2026-03-22 11:34:58,320 | INFO | HTTP Request: GET https://www.okx.com/api/v5/public/instruments?instType=SWAP "HTTP/2 200 OK"
2026-03-22 11:34:58,452 | INFO | HTTP Request: GET https://www.okx.com/api/v5/market/candles?instId=1INCH-USDT-SWAP&bar=5m&limit=89 "HTTP/2 200 OK"
2026-03-22 11:34:58,684 | INFO | HTTP Request: GET https://www.okx.com/api/v5/account/balance "HTTP/2 200 OK"
2026-03-22 11:34:58,949 | INFO | HTTP Request: GET https://www.okx.com/api/v5/market/ticker?instId=2Z-USDT-SWAP "HTTP/2 200 OK"
2026-03-22 11:34:59,109 | INFO | HTTP Request: GET https://www.okx.com/api/v5/trade/orders-pending?instType=SWAP&instId=1INCH-USDT-SWAP "HTTP/2 200 OK"
2026-03-22 11:34:59,353 | INFO | HTTP Request: GET https://www.okx.com/api/v5/market/candles?instId=2Z-USDT-SWAP&bar=5m&limit=89 "HTTP/2 200 OK"
2026-03-22 11:34:59,469 | INFO | HTTP Request: GET https://www.okx.com/api/v5/market/ticker?instId=1INCH-USDT-SWAP "HTTP/2 200 OK"
2026-03-22 11:34:59,848 | INFO | HTTP Request: GET https://www.okx.com/api/v5/market/ticker?instId=A-USDT-SWAP "HTTP/2 200 OK"
2026-03-22 11:35:00,244 | INFO | HTTP Request: GET https://www.okx.com/api/v5/market/candles?instId=A-USDT-SWAP&bar=5m&limit=89 "HTTP/2 200 OK"
2026-03-22 11:35:00,760 | INFO | HTTP Request: GET https://www.okx.com/api/v5/market/ticker?instId=ACT-USDT-SWAP "HTTP/2 200 OK"
2026-03-22 11:35:01,155 | INFO | HTTP Request: GET https://www.okx.com/api/v5/market/candles?instId=ACT-USDT-SWAP&bar=5m&limit=89 "HTTP/2 200 OK"
2026-03-22 11:35:01,681 | INFO | HTTP Request: GET https://www.okx.com/api/v5/market/ticker?instId=ADA-USDT-SWAP "HTTP/2 200 OK"
2026-03-22 11:35:02,055 | INFO | HTTP Request: GET https://www.okx.com/api/v5/market/candles?instId=ADA-USDT-SWAP&bar=5m&limit=89 "HTTP/2 200 OK"
2026-03-22 11:35:02,530 | INFO | HTTP Request: GET https://www.okx.com/api/v5/market/candles?instId=BTC-USDT-SWAP&bar=5m&limit=64 "HTTP/2 200 OK"
2026-03-22 11:35:02,594 | INFO | HTTP Request: GET https://www.okx.com/api/v5/market/ticker?instId=AI16Z-USDT-SWAP "HTTP/2 200 OK"
2026-03-22 11:35:03,002 | INFO | HTTP Request: GET https://www.okx.com/api/v5/market/candles?instId=AI16Z-USDT-SWAP&bar=5m&limit=89 "HTTP/2 200 OK"
2026-03-22 11:35:03,067 | INFO | HTTP Request: GET https://www.okx.com/api/v5/account/balance "HTTP/2 200 OK"
2026-03-22 11:35:03,275 | INFO | HTTP Request: GET https://www.okx.com/api/v5/public/instruments?instType=SWAP "HTTP/2 200 OK"
2026-03-22 11:35:03,521 | INFO | HTTP Request: GET https://www.okx.com/api/v5/market/ticker?instId=AKITA-USDT-SWAP "HTTP/2 200 OK"
2026-03-22 11:35:03,638 | INFO | HTTP Request: GET https://www.okx.com/api/v5/account/balance "HTTP/2 200 OK"
2026-03-22 11:35:03,900 | INFO | HTTP Request: GET https://www.okx.com/api/v5/market/candles?instId=AKITA-USDT-SWAP&bar=5m&limit=89 "HTTP/2 200 OK"
2026-03-22 11:35:04,025 | INFO | HTTP Request: GET https://www.okx.com/api/v5/trade/orders-pending?instType=SWAP&instId=1INCH-USDT-SWAP "HTTP/2 200 OK"
2026-03-22 11:35:04,411 | INFO | HTTP Request: GET https://www.okx.com/api/v5/market/ticker?instId=1INCH-USDT-SWAP "HTTP/2 200 OK"
2026-03-22 11:35:04,425 | INFO | HTTP Request: GET https://www.okx.com/api/v5/market/ticker?instId=ALGO-USDT-SWAP "HTTP/2 200 OK"
2026-03-22 11:35:04,816 | INFO | HTTP Request: GET https://www.okx.com/api/v5/account/positions?instType=SWAP "HTTP/2 200 OK"
2026-03-22 11:35:04,833 | INFO | HTTP Request: GET https://www.okx.com/api/v5/market/candles?instId=ALGO-USDT-SWAP&bar=5m&limit=89 "HTTP/2 200 OK"
2026-03-22 11:35:05,226 | INFO | HTTP Request: GET https://www.okx.com/api/v5/market/candles?instId=ETHW-USDT-SWAP&bar=15m&limit=121 "HTTP/2 200 OK"
2026-03-22 11:35:05,351 | INFO | HTTP Request: GET https://www.okx.com/api/v5/market/ticker?instId=ARB-USDT-SWAP "HTTP/2 200 OK"
2026-03-22 11:35:05,650 | INFO | HTTP Request: GET https://www.okx.com/api/v5/market/candles?instId=ETHW-USDT-SWAP&bar=5m&limit=97 "HTTP/2 200 OK"
2026-03-22 11:35:05,877 | INFO | HTTP Request: GET https://www.okx.com/api/v5/market/ticker?instId=ASP-USDT-SWAP "HTTP/2 200 OK"
2026-03-22 11:35:06,075 | INFO | HTTP Request: GET https://www.okx.com/api/v5/market/history-trades?instId=ETHW-USDT-SWAP&limit=100 "HTTP/2 200 OK"
2026-03-22 11:35:06,254 | INFO | HTTP Request: GET https://www.okx.com/api/v5/market/candles?instId=ASP-USDT-SWAP&bar=5m&limit=89 "HTTP/2 200 OK"
2026-03-22 11:35:06,464 | INFO | HTTP Request: GET https://www.okx.com/api/v5/market/books?instId=ETHW-USDT-SWAP&sz=5 "HTTP/2 200 OK"
2026-03-22 11:35:06,811 | INFO | HTTP Request: GET https://www.okx.com/api/v5/market/ticker?instId=ASTER-USDT-SWAP "HTTP/2 200 OK"
2026-03-22 11:35:07,122 | INFO | HTTP Request: GET https://www.okx.com/api/v5/market/books?instId=ETHW-USDT-SWAP&sz=5 "HTTP/2 200 OK"
2026-03-22 11:35:07,165 | INFO | HTTP Request: GET https://www.okx.com/api/v5/market/candles?instId=ASTER-USDT-SWAP&bar=5m&limit=89 "HTTP/2 200 OK"
2026-03-22 11:35:07,678 | INFO | HTTP Request: GET https://www.okx.com/api/v5/market/ticker?instId=ATOM-USDT-SWAP "HTTP/2 200 OK"
2026-03-22 11:35:07,713 | INFO | HTTP Request: GET https://www.okx.com/api/v5/market/books?instId=ETHW-USDT-SWAP&sz=5 "HTTP/2 200 OK"
2026-03-22 11:35:08,181 | INFO | HTTP Request: GET https://www.okx.com/api/v5/market/ticker?instId=AUCTION-USDT-SWAP "HTTP/2 200 OK"
2026-03-22 11:35:08,316 | INFO | HTTP Request: GET https://www.okx.com/api/v5/market/books?instId=ETHW-USDT-SWAP&sz=5 "HTTP/2 200 OK"
2026-03-22 11:35:08,465 | INFO | HTTP Request: GET https://www.okx.com/api/v5/account/balance "HTTP/2 200 OK"
2026-03-22 11:35:08,687 | INFO | HTTP Request: GET https://www.okx.com/api/v5/market/candles?instId=FIL-USDT-SWAP&bar=15m&limit=121 "HTTP/2 200 OK"
2026-03-22 11:35:08,726 | INFO | HTTP Request: GET https://www.okx.com/api/v5/market/ticker?instId=AVAX-USDT-SWAP "HTTP/2 200 OK"
2026-03-22 11:35:08,760 | INFO | HTTP Request: GET https://www.okx.com/api/v5/market/candles?instId=BTC-USDT-SWAP&bar=5m&limit=64 "HTTP/2 200 OK"
2026-03-22 11:35:09,063 | INFO | HTTP Request: GET https://www.okx.com/api/v5/market/candles?instId=FIL-USDT-SWAP&bar=5m&limit=97 "HTTP/2 200 OK"
2026-03-22 11:35:09,239 | INFO | HTTP Request: GET https://www.okx.com/api/v5/market/ticker?instId=AXS-USDT-SWAP "HTTP/2 200 OK"
2026-03-22 11:35:09,445 | INFO | HTTP Request: GET https://www.okx.com/api/v5/market/history-trades?instId=FIL-USDT-SWAP&limit=100 "HTTP/2 200 OK"
2026-03-22 11:35:09,760 | INFO | HTTP Request: GET https://www.okx.com/api/v5/market/ticker?instId=BAND-USDT-SWAP "HTTP/2 200 OK"
2026-03-22 11:35:09,885 | INFO | HTTP Request: GET https://www.okx.com/api/v5/market/books?instId=FIL-USDT-SWAP&sz=5 "HTTP/2 200 OK"
2026-03-22 11:35:10,156 | INFO | HTTP Request: GET https://www.okx.com/api/v5/market/candles?instId=BAND-USDT-SWAP&bar=5m&limit=89 "HTTP/2 200 OK"
2026-03-22 11:35:10,484 | INFO | HTTP Request: GET https://www.okx.com/api/v5/market/books?instId=FIL-USDT-SWAP&sz=5 "HTTP/2 200 OK"
2026-03-22 11:35:10,685 | INFO | HTTP Request: GET https://www.okx.com/api/v5/market/ticker?instId=BCH-USDT-SWAP "HTTP/2 200 OK"
2026-03-22 11:35:11,059 | INFO | HTTP Request: GET https://www.okx.com/api/v5/market/candles?instId=BCH-USDT-SWAP&bar=5m&limit=89 "HTTP/2 200 OK"
2026-03-22 11:35:11,078 | INFO | HTTP Request: GET https://www.okx.com/api/v5/market/books?instId=FIL-USDT-SWAP&sz=5 "HTTP/2 200 OK"
2026-03-22 11:35:11,598 | INFO | HTTP Request: GET https://www.okx.com/api/v5/market/ticker?instId=BIO-USDT-SWAP "HTTP/2 200 OK"
2026-03-22 11:35:11,692 | INFO | HTTP Request: GET https://www.okx.com/api/v5/market/books?instId=FIL-USDT-SWAP&sz=5 "HTTP/2 200 OK"
2026-03-22 11:35:11,981 | INFO | HTTP Request: GET https://www.okx.com/api/v5/market/candles?instId=BIO-USDT-SWAP&bar=5m&limit=89 "HTTP/2 200 OK"
2026-03-22 11:35:12,078 | INFO | HTTP Request: GET https://www.okx.com/api/v5/market/candles?instId=FLOKI-USDT-SWAP&bar=15m&limit=121 "HTTP/2 200 OK"
2026-03-22 11:35:12,487 | INFO | HTTP Request: GET https://www.okx.com/api/v5/market/candles?instId=FLOKI-USDT-SWAP&bar=5m&limit=97 "HTTP/2 200 OK"
2026-03-22 11:35:12,502 | INFO | HTTP Request: GET https://www.okx.com/api/v5/market/ticker?instId=BLUAI-USDT-SWAP "HTTP/2 200 OK"
2026-03-22 11:35:12,904 | INFO | HTTP Request: GET https://www.okx.com/api/v5/market/candles?instId=BLUAI-USDT-SWAP&bar=5m&limit=89 "HTTP/2 200 OK"
2026-03-22 11:35:12,917 | INFO | HTTP Request: GET https://www.okx.com/api/v5/market/history-trades?instId=FLOKI-USDT-SWAP&limit=100 "HTTP/2 200 OK"
2026-03-22 11:35:13,307 | INFO | HTTP Request: GET https://www.okx.com/api/v5/market/books?instId=FLOKI-USDT-SWAP&sz=5 "HTTP/2 200 OK"
2026-03-22 11:35:13,428 | INFO | HTTP Request: GET https://www.okx.com/api/v5/market/ticker?instId=BNB-USDT-SWAP "HTTP/2 200 OK"
2026-03-22 11:35:13,917 | INFO | HTTP Request: GET https://www.okx.com/api/v5/market/books?instId=FLOKI-USDT-SWAP&sz=5 "HTTP/2 200 OK"
2026-03-22 11:35:13,929 | INFO | HTTP Request: GET https://www.okx.com/api/v5/account/balance "HTTP/2 200 OK"
2026-03-22 11:35:13,936 | INFO | HTTP Request: GET https://www.okx.com/api/v5/market/ticker?instId=BOME-USDT-SWAP "HTTP/2 200 OK"
2026-03-22 11:35:14,327 | INFO | HTTP Request: GET https://www.okx.com/api/v5/market/candles?instId=BOME-USDT-SWAP&bar=5m&limit=89 "HTTP/2 200 OK"
2026-03-22 11:35:14,567 | INFO | HTTP Request: GET https://www.okx.com/api/v5/market/books?instId=FLOKI-USDT-SWAP&sz=5 "HTTP/2 200 OK"
2026-03-22 11:35:14,862 | INFO | HTTP Request: GET https://www.okx.com/api/v5/market/ticker?instId=BRETT-USDT-SWAP "HTTP/2 200 OK"
2026-03-22 11:35:15,015 | INFO | HTTP Request: GET https://www.okx.com/api/v5/market/candles?instId=BTC-USDT-SWAP&bar=5m&limit=64 "HTTP/2 200 OK"
2026-03-22 11:35:15,164 | INFO | HTTP Request: GET https://www.okx.com/api/v5/market/books?instId=FLOKI-USDT-SWAP&sz=5 "HTTP/2 200 OK"
2026-03-22 11:35:15,262 | INFO | HTTP Request: GET https://www.okx.com/api/v5/market/candles?instId=BRETT-USDT-SWAP&bar=5m&limit=89 "HTTP/2 200 OK"
2026-03-22 11:35:15,524 | INFO | HTTP Request: GET https://www.okx.com/api/v5/market/candles?instId=GMT-USDT-SWAP&bar=15m&limit=121 "HTTP/2 200 OK"
2026-03-22 11:35:15,752 | INFO | HTTP Request: GET https://www.okx.com/api/v5/market/ticker?instId=BTC-USDT-SWAP "HTTP/2 200 OK"
2026-03-22 11:35:15,941 | INFO | HTTP Request: GET https://www.okx.com/api/v5/market/candles?instId=GMT-USDT-SWAP&bar=5m&limit=97 "HTTP/2 200 OK"
2026-03-22 11:35:16,264 | INFO | HTTP Request: GET https://www.okx.com/api/v5/market/ticker?instId=CAT-USDT-SWAP "HTTP/2 200 OK"
2026-03-22 11:35:16,360 | INFO | HTTP Request: GET https://www.okx.com/api/v5/market/history-trades?instId=GMT-USDT-SWAP&limit=100 "HTTP/2 200 OK"
2026-03-22 11:35:16,675 | INFO | HTTP Request: GET https://www.okx.com/api/v5/market/candles?instId=CAT-USDT-SWAP&bar=5m&limit=89 "HTTP/2 200 OK"
2026-03-22 11:35:16,760 | INFO | HTTP Request: GET https://www.okx.com/api/v5/market/books?instId=GMT-USDT-SWAP&sz=5 "HTTP/2 200 OK"
2026-03-22 11:35:17,174 | INFO | HTTP Request: GET https://www.okx.com/api/v5/market/ticker?instId=CATI-USDT-SWAP "HTTP/2 200 OK"
2026-03-22 11:35:17,410 | INFO | HTTP Request: GET https://www.okx.com/api/v5/market/books?instId=GMT-USDT-SWAP&sz=5 "HTTP/2 200 OK"
2026-03-22 11:35:17,577 | INFO | HTTP Request: GET https://www.okx.com/api/v5/market/candles?instId=CATI-USDT-SWAP&bar=5m&limit=89 "HTTP/2 200 OK"
2026-03-22 11:35:18,013 | INFO | HTTP Request: GET https://www.okx.com/api/v5/market/books?instId=GMT-USDT-SWAP&sz=5 "HTTP/2 200 OK"
2026-03-22 11:35:18,125 | INFO | HTTP Request: GET https://www.okx.com/api/v5/market/ticker?instId=CELO-USDT-SWAP "HTTP/2 200 OK"
2026-03-22 11:35:18,629 | INFO | HTTP Request: GET https://www.okx.com/api/v5/market/books?instId=GMT-USDT-SWAP&sz=5 "HTTP/2 200 OK"
2026-03-22 11:35:18,739 | INFO | HTTP Request: GET https://www.okx.com/api/v5/market/ticker?instId=CHZ-USDT-SWAP "HTTP/2 200 OK"
2026-03-22 11:35:19,003 | INFO | HTTP Request: GET https://www.okx.com/api/v5/market/candles?instId=1INCH-USDT-SWAP&bar=5m&limit=71 "HTTP/2 200 OK"
2026-03-22 11:35:19,228 | INFO | HTTP Request: GET https://www.okx.com/api/v5/market/ticker?instId=COAI-USDT-SWAP "HTTP/2 200 OK"
2026-03-22 11:35:19,420 | INFO | HTTP Request: GET https://www.okx.com/api/v5/market/candles?instId=2Z-USDT-SWAP&bar=5m&limit=71 "HTTP/2 200 OK"
2026-03-22 11:35:19,427 | INFO | HTTP Request: GET https://www.okx.com/api/v5/account/balance "HTTP/2 200 OK"
2026-03-22 11:35:19,632 | INFO | HTTP Request: GET https://www.okx.com/api/v5/market/candles?instId=COAI-USDT-SWAP&bar=5m&limit=89 "HTTP/2 200 OK"
2026-03-22 11:35:19,828 | INFO | HTTP Request: GET https://www.okx.com/api/v5/market/ticker?instId=2Z-USDT-SWAP "HTTP/2 200 OK"
2026-03-22 11:35:19,873 | INFO | 2Z-USDT-SWAP: Turtle 55 short-сигнал отклонён (закрытие не удержалось ниже канала)
2026-03-22 11:35:20,146 | INFO | HTTP Request: GET https://www.okx.com/api/v5/market/ticker?instId=COMP-USDT-SWAP "HTTP/2 200 OK"
2026-03-22 11:35:20,254 | INFO | HTTP Request: GET https://www.okx.com/api/v5/market/candles?instId=ACT-USDT-SWAP&bar=5m&limit=71 "HTTP/2 200 OK"
2026-03-22 11:35:20,646 | INFO | HTTP Request: GET https://www.okx.com/api/v5/market/candles?instId=ALGO-USDT-SWAP&bar=5m&limit=71 "HTTP/2 200 OK"
2026-03-22 11:35:20,666 | INFO | HTTP Request: GET https://www.okx.com/api/v5/market/ticker?instId=CRO-USDT-SWAP "HTTP/2 200 OK"
2026-03-22 11:35:21,052 | INFO | HTTP Request: GET https://www.okx.com/api/v5/market/candles?instId=ARB-USDT-SWAP&bar=5m&limit=71 "HTTP/2 200 OK"
2026-03-22 11:35:21,265 | INFO | HTTP Request: GET https://www.okx.com/api/v5/market/candles?instId=BTC-USDT-SWAP&bar=5m&limit=64 "HTTP/2 200 OK"
2026-03-22 11:35:21,265 | INFO | HTTP Request: GET https://www.okx.com/api/v5/market/candles?instId=CRO-USDT-SWAP&bar=5m&limit=89 "HTTP/2 200 OK"
2026-03-22 11:35:21,457 | INFO | HTTP Request: GET https://www.okx.com/api/v5/market/candles?instId=ATOM-USDT-SWAP&bar=5m&limit=71 "HTTP/2 200 OK"
2026-03-22 11:35:21,812 | INFO | HTTP Request: GET https://www.okx.com/api/v5/market/ticker?instId=CRV-USDT-SWAP "HTTP/2 200 OK"
2026-03-22 11:35:21,821 | INFO | HTTP Request: GET https://www.okx.com/api/v5/market/ticker?instId=ATOM-USDT-SWAP "HTTP/2 200 OK"
2026-03-22 11:35:21,826 | INFO | ATOM-USDT-SWAP: Turtle 20 long-сигнал отклонён (закрытие не удержалось выше канала)
2026-03-22 11:35:22,197 | INFO | HTTP Request: GET https://www.okx.com/api/v5/market/candles?instId=AUCTION-USDT-SWAP&bar=5m&limit=71 "HTTP/2 200 OK"
2026-03-22 11:35:22,327 | INFO | HTTP Request: GET https://www.okx.com/api/v5/market/ticker?instId=DOGE-USDT-SWAP "HTTP/2 200 OK"
2026-03-22 11:35:22,615 | INFO | HTTP Request: GET https://www.okx.com/api/v5/market/candles?instId=AVAX-USDT-SWAP&bar=5m&limit=71 "HTTP/2 200 OK"
2026-03-22 11:35:22,867 | INFO | HTTP Request: GET https://www.okx.com/api/v5/market/ticker?instId=DOT-USDT-SWAP "HTTP/2 200 OK"
2026-03-22 11:35:23,035 | INFO | HTTP Request: GET https://www.okx.com/api/v5/market/candles?instId=AXS-USDT-SWAP&bar=5m&limit=71 "HTTP/2 200 OK"
2026-03-22 11:35:23,354 | INFO | HTTP Request: GET https://www.okx.com/api/v5/market/ticker?instId=ENA-USDT-SWAP "HTTP/2 200 OK"
2026-03-22 11:35:23,453 | INFO | HTTP Request: GET https://www.okx.com/api/v5/market/candles?instId=BNB-USDT-SWAP&bar=5m&limit=71 "HTTP/2 200 OK"
2026-03-22 11:35:23,875 | INFO | HTTP Request: GET https://www.okx.com/api/v5/market/candles?instId=BTC-USDT-SWAP&bar=5m&limit=71 "HTTP/2 200 OK"
2026-03-22 11:35:23,878 | INFO | HTTP Request: GET https://www.okx.com/api/v5/market/ticker?instId=EOS-USDT-SWAP "HTTP/2 200 OK"
2026-03-22 11:35:24,262 | INFO | HTTP Request: GET https://www.okx.com/api/v5/market/candles?instId=EOS-USDT-SWAP&bar=5m&limit=89 "HTTP/2 200 OK"
2026-03-22 11:35:24,263 | INFO | HTTP Request: GET https://www.okx.com/api/v5/market/candles?instId=CELO-USDT-SWAP&bar=5m&limit=71 "HTTP/2 200 OK"
2026-03-22 11:35:24,698 | INFO | HTTP Request: GET https://www.okx.com/api/v5/market/candles?instId=CFX-USDT-SWAP&bar=5m&limit=71 "HTTP/2 200 OK"
2026-03-22 11:35:24,765 | INFO | HTTP Request: GET https://www.okx.com/api/v5/account/balance "HTTP/2 200 OK"
2026-03-22 11:35:24,794 | INFO | HTTP Request: GET https://www.okx.com/api/v5/market/ticker?instId=ETC-USDT-SWAP "HTTP/2 200 OK"
2026-03-22 11:35:25,071 | INFO | HTTP Request: GET https://www.okx.com/api/v5/market/candles?instId=CHZ-USDT-SWAP&bar=5m&limit=71 "HTTP/2 200 OK"
2026-03-22 11:35:25,294 | INFO | HTTP Request: GET https://www.okx.com/api/v5/market/ticker?instId=ETH-USDT-SWAP "HTTP/2 200 OK"
2026-03-22 11:35:25,526 | INFO | HTTP Request: GET https://www.okx.com/api/v5/market/candles?instId=COMP-USDT-SWAP&bar=5m&limit=71 "HTTP/2 200 OK"
2026-03-22 11:35:25,694 | INFO | HTTP Request: GET https://www.okx.com/api/v5/market/candles?instId=ETH-USDT-SWAP&bar=5m&limit=89 "HTTP/2 200 OK"
2026-03-22 11:35:25,911 | INFO | HTTP Request: GET https://www.okx.com/api/v5/market/candles?instId=CRV-USDT-SWAP&bar=5m&limit=71 "HTTP/2 200 OK"
2026-03-22 11:35:26,250 | INFO | HTTP Request: GET https://www.okx.com/api/v5/market/ticker?instId=ETHW-USDT-SWAP "HTTP/2 200 OK"
2026-03-22 11:35:26,324 | INFO | HTTP Request: GET https://www.okx.com/api/v5/market/candles?instId=DOGE-USDT-SWAP&bar=5m&limit=71 "HTTP/2 200 OK"
2026-03-22 11:35:26,728 | INFO | HTTP Request: GET https://www.okx.com/api/v5/market/ticker?instId=FIL-USDT-SWAP "HTTP/2 200 OK"
2026-03-22 11:35:26,734 | INFO | HTTP Request: GET https://www.okx.com/api/v5/market/candles?instId=DOT-USDT-SWAP&bar=5m&limit=71 "HTTP/2 200 OK"
2026-03-22 11:35:27,136 | INFO | HTTP Request: GET https://www.okx.com/api/v5/market/candles?instId=ENA-USDT-SWAP&bar=5m&limit=71 "HTTP/2 200 OK"
2026-03-22 11:35:27,264 | INFO | HTTP Request: GET https://www.okx.com/api/v5/market/ticker?instId=FLOKI-USDT-SWAP "HTTP/2 200 OK"
2026-03-22 11:35:27,555 | INFO | HTTP Request: GET https://www.okx.com/api/v5/market/candles?instId=ETC-USDT-SWAP&bar=5m&limit=71 "HTTP/2 200 OK"
2026-03-22 11:35:27,753 | INFO | HTTP Request: GET https://www.okx.com/api/v5/market/ticker?instId=GMT-USDT-SWAP "HTTP/2 200 OK"
2026-03-22 11:35:27,958 | INFO | HTTP Request: GET https://www.okx.com/api/v5/market/candles?instId=ETHW-USDT-SWAP&bar=5m&limit=71 "HTTP/2 200 OK"
2026-03-22 11:35:28,283 | INFO | HTTP Request: GET https://www.okx.com/api/v5/market/ticker?instId=H-USDT-SWAP "HTTP/2 200 OK"
2026-03-22 11:35:28,377 | INFO | HTTP Request: GET https://www.okx.com/api/v5/market/candles?instId=FIL-USDT-SWAP&bar=5m&limit=71 "HTTP/2 200 OK"
2026-03-22 11:35:28,659 | INFO | HTTP Request: GET https://www.okx.com/api/v5/market/candles?instId=H-USDT-SWAP&bar=5m&limit=89 "HTTP/2 200 OK"
2026-03-22 11:35:28,772 | INFO | HTTP Request: GET https://www.okx.com/api/v5/market/candles?instId=FLOKI-USDT-SWAP&bar=5m&limit=71 "HTTP/2 200 OK"
2026-03-22 11:35:28,811 | INFO | FLOKI-USDT-SWAP: Turtle 55 short-сигнал отклонён (закрытие не удержалось ниже канала)
2026-03-22 11:35:28,816 | INFO | FLOKI-USDT-SWAP: Turtle 20 short-сигнал отклонён (закрытие не удержалось ниже канала)
2026-03-22 11:35:29,195 | INFO | HTTP Request: GET https://www.okx.com/api/v5/market/ticker?instId=HBAR-USDT-SWAP "HTTP/2 200 OK"
2026-03-22 11:35:29,211 | INFO | HTTP Request: GET https://www.okx.com/api/v5/market/candles?instId=MAGIC-USDT-SWAP&bar=5m&limit=26 "HTTP/2 200 OK"
2026-03-22 11:35:29,595 | INFO | HTTP Request: GET https://www.okx.com/api/v5/market/ticker?instId=MAGIC-USDT-SWAP "HTTP/2 200 OK"
2026-03-22 11:35:29,596 | INFO | HTTP Request: GET https://www.okx.com/api/v5/market/candles?instId=HBAR-USDT-SWAP&bar=5m&limit=89 "HTTP/2 200 OK"
2026-03-22 11:35:30,064 | INFO | HTTP Request: GET https://www.okx.com/api/v5/trade/orders-algo-pending?ordType=conditional&instType=SWAP&instId=MAGIC-USDT-SWAP "HTTP/2 200 OK"
2026-03-22 11:35:30,118 | INFO | HTTP Request: GET https://www.okx.com/api/v5/market/ticker?instId=HMSTR-USDT-SWAP "HTTP/2 200 OK"
2026-03-22 11:35:30,254 | INFO | HTTP Request: GET https://www.okx.com/api/v5/account/balance "HTTP/2 200 OK"
2026-03-22 11:35:30,440 | INFO | HTTP Request: GET https://www.okx.com/api/v5/trade/orders-algo-pending?ordType=oco&instType=SWAP&instId=MAGIC-USDT-SWAP "HTTP/2 200 OK"
2026-03-22 11:35:30,546 | INFO | HTTP Request: GET https://www.okx.com/api/v5/market/candles?instId=HMSTR-USDT-SWAP&bar=5m&limit=89 "HTTP/2 200 OK"
2026-03-22 11:35:30,642 | INFO | HTTP Request: GET https://www.okx.com/api/v5/market/candles?instId=BTC-USDT-SWAP&bar=5m&limit=64 "HTTP/2 200 OK"
2026-03-22 11:35:30,854 | INFO | HTTP Request: GET https://www.okx.com/api/v5/trade/orders-algo-pending?ordType=trigger&instType=SWAP&instId=MAGIC-USDT-SWAP "HTTP/2 200 OK"
2026-03-22 11:35:31,065 | INFO | HTTP Request: GET https://www.okx.com/api/v5/market/ticker?instId=HOME-USDT-SWAP "HTTP/2 200 OK"
2026-03-22 11:35:31,254 | INFO | HTTP Request: GET https://www.okx.com/api/v5/trade/orders-algo-pending?ordType=move_order_stop&instType=SWAP&instId=MAGIC-USDT-SWAP "HTTP/2 200 OK"
2026-03-22 11:35:31,461 | INFO | HTTP Request: GET https://www.okx.com/api/v5/market/candles?instId=HOME-USDT-SWAP&bar=5m&limit=89 "HTTP/2 200 OK"
2026-03-22 11:35:31,698 | INFO | HTTP Request: GET https://www.okx.com/api/v5/trade/orders-algo-pending?ordType=iceberg&instType=SWAP&instId=MAGIC-USDT-SWAP "HTTP/2 200 OK"
2026-03-22 11:35:32,013 | INFO | HTTP Request: GET https://www.okx.com/api/v5/market/ticker?instId=ICP-USDT-SWAP "HTTP/2 200 OK"
2026-03-22 11:35:32,080 | INFO | HTTP Request: GET https://www.okx.com/api/v5/trade/orders-algo-pending?ordType=twap&instType=SWAP&instId=MAGIC-USDT-SWAP "HTTP/2 200 OK"
2026-03-22 11:35:32,383 | INFO | HTTP Request: GET https://www.okx.com/api/v5/market/candles?instId=ICP-USDT-SWAP&bar=5m&limit=89 "HTTP/2 200 OK"
2026-03-22 11:35:32,491 | INFO | HTTP Request: GET https://www.okx.com/api/v5/trade/orders-algo-pending?ordType=chase&instType=SWAP&instId=MAGIC-USDT-SWAP "HTTP/2 200 OK"
2026-03-22 11:35:32,919 | INFO | HTTP Request: GET https://www.okx.com/api/v5/market/ticker?instId=IMX-USDT-SWAP "HTTP/2 200 OK"
2026-03-22 11:35:33,262 | INFO | HTTP Request: GET https://www.okx.com/api/v5/trade/orders-algo-pending?ordType=conditional&instType=SWAP&instId=MAGIC-USDT-SWAP "HTTP/2 200 OK"
2026-03-22 11:35:33,318 | INFO | HTTP Request: GET https://www.okx.com/api/v5/market/candles?instId=IMX-USDT-SWAP&bar=5m&limit=89 "HTTP/2 200 OK"
2026-03-22 11:35:33,640 | INFO | HTTP Request: GET https://www.okx.com/api/v5/trade/orders-algo-pending?ordType=oco&instType=SWAP&instId=MAGIC-USDT-SWAP "HTTP/2 200 OK"
2026-03-22 11:35:33,872 | INFO | HTTP Request: GET https://www.okx.com/api/v5/market/ticker?instId=INJ-USDT-SWAP "HTTP/2 200 OK"
2026-03-22 11:35:34,038 | INFO | HTTP Request: GET https://www.okx.com/api/v5/trade/orders-algo-pending?ordType=trigger&instType=SWAP&instId=MAGIC-USDT-SWAP "HTTP/2 200 OK"
2026-03-22 11:35:34,246 | INFO | HTTP Request: GET https://www.okx.com/api/v5/market/candles?instId=INJ-USDT-SWAP&bar=5m&limit=89 "HTTP/2 200 OK"
2026-03-22 11:35:34,468 | INFO | HTTP Request: GET https://www.okx.com/api/v5/trade/orders-algo-pending?ordType=move_order_stop&instType=SWAP&instId=MAGIC-USDT-SWAP "HTTP/2 200 OK"
2026-03-22 11:35:34,764 | INFO | HTTP Request: GET https://www.okx.com/api/v5/market/ticker?instId=IOTA-USDT-SWAP "HTTP/2 200 OK"
2026-03-22 11:35:34,867 | INFO | HTTP Request: GET https://www.okx.com/api/v5/trade/orders-algo-pending?ordType=iceberg&instType=SWAP&instId=MAGIC-USDT-SWAP "HTTP/2 200 OK"
2026-03-22 11:35:35,179 | INFO | HTTP Request: GET https://www.okx.com/api/v5/market/candles?instId=IOTA-USDT-SWAP&bar=5m&limit=89 "HTTP/2 200 OK"
2026-03-22 11:35:35,280 | INFO | HTTP Request: GET https://www.okx.com/api/v5/trade/orders-algo-pending?ordType=twap&instType=SWAP&instId=MAGIC-USDT-SWAP "HTTP/2 200 OK"
2026-03-22 11:35:35,681 | INFO | HTTP Request: GET https://www.okx.com/api/v5/trade/orders-algo-pending?ordType=chase&instType=SWAP&instId=MAGIC-USDT-SWAP "HTTP/2 200 OK"
2026-03-22 11:35:35,683 | INFO | HTTP Request: GET https://www.okx.com/api/v5/market/ticker?instId=JUP-USDT-SWAP "HTTP/2 200 OK"
2026-03-22 11:35:35,699 | INFO | HTTP Request: GET https://www.okx.com/api/v5/account/balance "HTTP/2 200 OK"
2026-03-22 11:35:36,103 | INFO | HTTP Request: GET https://www.okx.com/api/v5/market/candles?instId=JUP-USDT-SWAP&bar=5m&limit=89 "HTTP/2 200 OK"
2026-03-22 11:35:36,104 | INFO | HTTP Request: POST https://www.okx.com/api/v5/trade/cancel-algos "HTTP/2 200 OK"
2026-03-22 11:35:36,506 | INFO | HTTP Request: GET https://www.okx.com/api/v5/trade/orders-algo-pending?ordType=conditional&instType=SWAP&instId=MAGIC-USDT-SWAP "HTTP/2 200 OK"
2026-03-22 11:35:36,626 | INFO | HTTP Request: GET https://www.okx.com/api/v5/market/ticker?instId=KAITO-USDT-SWAP "HTTP/2 200 OK"
2026-03-22 11:35:36,880 | INFO | HTTP Request: GET https://www.okx.com/api/v5/market/candles?instId=BTC-USDT-SWAP&bar=5m&limit=64 "HTTP/2 200 OK"
2026-03-22 11:35:36,909 | INFO | HTTP Request: GET https://www.okx.com/api/v5/trade/orders-algo-pending?ordType=oco&instType=SWAP&instId=MAGIC-USDT-SWAP "HTTP/2 200 OK"
2026-03-22 11:35:37,012 | INFO | HTTP Request: GET https://www.okx.com/api/v5/market/candles?instId=KAITO-USDT-SWAP&bar=5m&limit=89 "HTTP/2 200 OK"
2026-03-22 11:35:37,269 | INFO | HTTP Request: GET https://www.okx.com/api/v5/trade/orders-algo-pending?ordType=trigger&instType=SWAP&instId=MAGIC-USDT-SWAP "HTTP/2 200 OK"
2026-03-22 11:35:37,510 | INFO | HTTP Request: GET https://www.okx.com/api/v5/market/ticker?instId=KSM-USDT-SWAP "HTTP/2 200 OK"
2026-03-22 11:35:37,675 | INFO | HTTP Request: GET https://www.okx.com/api/v5/trade/orders-algo-pending?ordType=move_order_stop&instType=SWAP&instId=MAGIC-USDT-SWAP "HTTP/2 200 OK"
2026-03-22 11:35:37,891 | INFO | HTTP Request: GET https://www.okx.com/api/v5/market/candles?instId=KSM-USDT-SWAP&bar=5m&limit=89 "HTTP/2 200 OK"
2026-03-22 11:35:38,088 | INFO | HTTP Request: GET https://www.okx.com/api/v5/trade/orders-algo-pending?ordType=iceberg&instType=SWAP&instId=MAGIC-USDT-SWAP "HTTP/2 200 OK"
2026-03-22 11:35:38,433 | INFO | HTTP Request: GET https://www.okx.com/api/v5/market/ticker?instId=LDO-USDT-SWAP "HTTP/2 200 OK"
2026-03-22 11:35:38,517 | INFO | HTTP Request: GET https://www.okx.com/api/v5/trade/orders-algo-pending?ordType=twap&instType=SWAP&instId=MAGIC-USDT-SWAP "HTTP/2 200 OK"
2026-03-22 11:35:38,804 | INFO | HTTP Request: GET https://www.okx.com/api/v5/market/candles?instId=LDO-USDT-SWAP&bar=5m&limit=89 "HTTP/2 200 OK"
2026-03-22 11:35:38,909 | INFO | HTTP Request: GET https://www.okx.com/api/v5/trade/orders-algo-pending?ordType=chase&instType=SWAP&instId=MAGIC-USDT-SWAP "HTTP/2 200 OK"
2026-03-22 11:35:39,319 | INFO | HTTP Request: GET https://www.okx.com/api/v5/trade/orders-algo-pending?ordType=conditional&instType=SWAP&instId=MAGIC-USDT-SWAP "HTTP/2 200 OK"
2026-03-22 11:35:39,332 | INFO | HTTP Request: GET https://www.okx.com/api/v5/market/ticker?instId=LINEA-USDT-SWAP "HTTP/2 200 OK"
2026-03-22 11:35:39,711 | INFO | HTTP Request: GET https://www.okx.com/api/v5/trade/orders-algo-pending?ordType=oco&instType=SWAP&instId=MAGIC-USDT-SWAP "HTTP/2 200 OK"
2026-03-22 11:35:39,724 | INFO | HTTP Request: GET https://www.okx.com/api/v5/market/candles?instId=LINEA-USDT-SWAP&bar=5m&limit=89 "HTTP/2 200 OK"
2026-03-22 11:35:40,090 | INFO | HTTP Request: GET https://www.okx.com/api/v5/trade/orders-algo-pending?ordType=trigger&instType=SWAP&instId=MAGIC-USDT-SWAP "HTTP/2 200 OK"
2026-03-22 11:35:40,209 | INFO | HTTP Request: GET https://www.okx.com/api/v5/market/ticker?instId=LINK-USDT-SWAP "HTTP/2 200 OK"
2026-03-22 11:35:40,502 | INFO | HTTP Request: GET https://www.okx.com/api/v5/trade/orders-algo-pending?ordType=move_order_stop&instType=SWAP&instId=MAGIC-USDT-SWAP "HTTP/2 200 OK"
2026-03-22 11:35:40,625 | INFO | HTTP Request: GET https://www.okx.com/api/v5/market/candles?instId=LINK-USDT-SWAP&bar=5m&limit=89 "HTTP/2 200 OK"
2026-03-22 11:35:40,926 | INFO | HTTP Request: GET https://www.okx.com/api/v5/trade/orders-algo-pending?ordType=iceberg&instType=SWAP&instId=MAGIC-USDT-SWAP "HTTP/2 200 OK"
2026-03-22 11:35:41,135 | INFO | HTTP Request: GET https://www.okx.com/api/v5/market/ticker?instId=LIT-USDT-SWAP "HTTP/2 200 OK"
2026-03-22 11:35:41,151 | INFO | HTTP Request: GET https://www.okx.com/api/v5/account/balance "HTTP/2 200 OK"
2026-03-22 11:35:41,313 | INFO | HTTP Request: GET https://www.okx.com/api/v5/trade/orders-algo-pending?ordType=twap&instType=SWAP&instId=MAGIC-USDT-SWAP "HTTP/2 200 OK"
2026-03-22 11:35:41,516 | INFO | HTTP Request: GET https://www.okx.com/api/v5/market/candles?instId=LIT-USDT-SWAP&bar=5m&limit=89 "HTTP/2 200 OK"
2026-03-22 11:35:41,730 | INFO | HTTP Request: GET https://www.okx.com/api/v5/trade/orders-algo-pending?ordType=chase&instType=SWAP&instId=MAGIC-USDT-SWAP "HTTP/2 200 OK"
2026-03-22 11:35:42,063 | INFO | HTTP Request: GET https://www.okx.com/api/v5/market/ticker?instId=LPT-USDT-SWAP "HTTP/2 200 OK"
2026-03-22 11:35:42,433 | INFO | HTTP Request: GET https://www.okx.com/api/v5/market/candles?instId=LPT-USDT-SWAP&bar=5m&limit=89 "HTTP/2 200 OK"
2026-03-22 11:35:42,742 | INFO | HTTP Request: GET https://www.okx.com/api/v5/market/candles?instId=SUI-USDT-SWAP&bar=5m&limit=26 "HTTP/2 200 OK"
2026-03-22 11:35:42,977 | INFO | HTTP Request: GET https://www.okx.com/api/v5/market/ticker?instId=LQTY-USDT-SWAP "HTTP/2 200 OK"
2026-03-22 11:35:43,137 | INFO | HTTP Request: GET https://www.okx.com/api/v5/market/candles?instId=BTC-USDT-SWAP&bar=5m&limit=64 "HTTP/2 200 OK"
2026-03-22 11:35:43,365 | INFO | HTTP Request: GET https://www.okx.com/api/v5/market/candles?instId=LQTY-USDT-SWAP&bar=5m&limit=89 "HTTP/2 200 OK"
2026-03-22 11:35:43,368 | INFO | HTTP Request: GET https://www.okx.com/api/v5/market/ticker?instId=SUI-USDT-SWAP "HTTP/2 200 OK"
2026-03-22 11:35:43,746 | INFO | HTTP Request: GET https://www.okx.com/api/v5/trade/orders-algo-pending?ordType=conditional&instType=SWAP&instId=SUI-USDT-SWAP "HTTP/2 200 OK"
2026-03-22 11:35:43,880 | INFO | HTTP Request: GET https://www.okx.com/api/v5/market/ticker?instId=LRC-USDT-SWAP "HTTP/2 200 OK"
2026-03-22 11:35:44,146 | INFO | HTTP Request: GET https://www.okx.com/api/v5/trade/orders-algo-pending?ordType=oco&instType=SWAP&instId=SUI-USDT-SWAP "HTTP/2 200 OK"
2026-03-22 11:35:44,245 | INFO | HTTP Request: GET https://www.okx.com/api/v5/market/candles?instId=LRC-USDT-SWAP&bar=5m&limit=89 "HTTP/2 200 OK"
2026-03-22 11:35:44,549 | INFO | HTTP Request: GET https://www.okx.com/api/v5/trade/orders-algo-pending?ordType=trigger&instType=SWAP&instId=SUI-USDT-SWAP "HTTP/2 200 OK"
2026-03-22 11:35:44,780 | INFO | HTTP Request: GET https://www.okx.com/api/v5/market/ticker?instId=LTC-USDT-SWAP "HTTP/2 200 OK"
2026-03-22 11:35:44,967 | INFO | HTTP Request: GET https://www.okx.com/api/v5/trade/orders-algo-pending?ordType=move_order_stop&instType=SWAP&instId=SUI-USDT-SWAP "HTTP/2 200 OK"
2026-03-22 11:35:45,176 | INFO | HTTP Request: GET https://www.okx.com/api/v5/market/candles?instId=LTC-USDT-SWAP&bar=5m&limit=89 "HTTP/2 200 OK"
2026-03-22 11:35:45,366 | INFO | HTTP Request: GET https://www.okx.com/api/v5/trade/orders-algo-pending?ordType=iceberg&instType=SWAP&instId=SUI-USDT-SWAP "HTTP/2 200 OK"
2026-03-22 11:35:45,695 | INFO | HTTP Request: GET https://www.okx.com/api/v5/market/ticker?instId=MAJOR-USDT-SWAP "HTTP/2 200 OK"
2026-03-22 11:35:45,781 | INFO | HTTP Request: GET https://www.okx.com/api/v5/trade/orders-algo-pending?ordType=twap&instType=SWAP&instId=SUI-USDT-SWAP "HTTP/2 200 OK"
2026-03-22 11:35:46,090 | INFO | HTTP Request: GET https://www.okx.com/api/v5/market/candles?instId=MAJOR-USDT-SWAP&bar=5m&limit=89 "HTTP/2 200 OK"
2026-03-22 11:35:46,212 | INFO | HTTP Request: GET https://www.okx.com/api/v5/trade/orders-algo-pending?ordType=chase&instType=SWAP&instId=SUI-USDT-SWAP "HTTP/2 200 OK"
2026-03-22 11:35:46,587 | INFO | Placing order SUI-USDT-SWAP sell qty=10944.0 attach_stop=0.0
2026-03-22 11:35:46,609 | INFO | HTTP Request: GET https://www.okx.com/api/v5/account/balance "HTTP/2 200 OK"
2026-03-22 11:35:46,615 | INFO | HTTP Request: GET https://www.okx.com/api/v5/market/ticker?instId=MASK-USDT-SWAP "HTTP/2 200 OK"
2026-03-22 11:35:46,958 | INFO | HTTP Request: POST https://www.okx.com/api/v5/trade/order "HTTP/2 200 OK"
2026-03-22 11:35:46,979 | INFO | HTTP Request: GET https://www.okx.com/api/v5/market/candles?instId=MASK-USDT-SWAP&bar=5m&limit=89 "HTTP/2 200 OK"
2026-03-22 11:35:47,331 | INFO | HTTP Request: GET https://www.okx.com/api/v5/account/positions?instType=SWAP "HTTP/2 200 OK"
2026-03-22 11:35:47,459 | INFO | HTTP Request: GET https://www.okx.com/api/v5/market/ticker?instId=MET-USDT-SWAP "HTTP/2 200 OK"
2026-03-22 11:35:47,811 | INFO | HTTP Request: GET https://www.okx.com/api/v5/market/candles?instId=MET-USDT-SWAP&bar=5m&limit=89 "HTTP/2 200 OK"
2026-03-22 11:35:48,295 | INFO | HTTP Request: GET https://www.okx.com/api/v5/market/candles?instId=ETHFI-USDT-SWAP&bar=5m&limit=26 "HTTP/2 200 OK"
2026-03-22 11:35:48,300 | INFO | HTTP Request: GET https://www.okx.com/api/v5/market/ticker?instId=MINA-USDT-SWAP "HTTP/2 200 OK"
2026-03-22 11:35:48,682 | INFO | HTTP Request: GET https://www.okx.com/api/v5/market/ticker?instId=ETHFI-USDT-SWAP "HTTP/2 200 OK"
2026-03-22 11:35:48,699 | INFO | HTTP Request: GET https://www.okx.com/api/v5/market/candles?instId=MINA-USDT-SWAP&bar=5m&limit=89 "HTTP/2 200 OK"
2026-03-22 11:35:49,105 | INFO | HTTP Request: GET https://www.okx.com/api/v5/trade/orders-algo-pending?ordType=conditional&instType=SWAP&instId=ETHFI-USDT-SWAP "HTTP/2 200 OK"
2026-03-22 11:35:49,235 | INFO | HTTP Request: GET https://www.okx.com/api/v5/market/ticker?instId=MKR-USDT-SWAP "HTTP/2 200 OK"
2026-03-22 11:35:49,400 | INFO | HTTP Request: GET https://www.okx.com/api/v5/market/candles?instId=BTC-USDT-SWAP&bar=5m&limit=64 "HTTP/2 200 OK"
2026-03-22 11:35:49,501 | INFO | HTTP Request: GET https://www.okx.com/api/v5/trade/orders-algo-pending?ordType=oco&instType=SWAP&instId=ETHFI-USDT-SWAP "HTTP/2 200 OK"
2026-03-22 11:35:49,606 | INFO | HTTP Request: GET https://www.okx.com/api/v5/market/candles?instId=MKR-USDT-SWAP&bar=5m&limit=89 "HTTP/2 200 OK"
2026-03-22 11:35:49,925 | INFO | HTTP Request: GET https://www.okx.com/api/v5/trade/orders-algo-pending?ordType=trigger&instType=SWAP&instId=ETHFI-USDT-SWAP "HTTP/2 200 OK"
2026-03-22 11:35:50,147 | INFO | HTTP Request: GET https://www.okx.com/api/v5/market/ticker?instId=MUBARAK-USDT-SWAP "HTTP/2 200 OK"
2026-03-22 11:35:50,339 | INFO | HTTP Request: GET https://www.okx.com/api/v5/trade/orders-algo-pending?ordType=move_order_stop&instType=SWAP&instId=ETHFI-USDT-SWAP "HTTP/2 200 OK"
2026-03-22 11:35:50,524 | INFO | HTTP Request: GET https://www.okx.com/api/v5/market/candles?instId=MUBARAK-USDT-SWAP&bar=5m&limit=89 "HTTP/2 200 OK"
2026-03-22 11:35:50,768 | INFO | HTTP Request: GET https://www.okx.com/api/v5/trade/orders-algo-pending?ordType=iceberg&instType=SWAP&instId=ETHFI-USDT-SWAP "HTTP/2 200 OK"
2026-03-22 11:35:51,059 | INFO | HTTP Request: GET https://www.okx.com/api/v5/market/ticker?instId=NEAR-USDT-SWAP "HTTP/2 200 OK"
2026-03-22 11:35:51,141 | INFO | HTTP Request: GET https://www.okx.com/api/v5/trade/orders-algo-pending?ordType=twap&instType=SWAP&instId=ETHFI-USDT-SWAP "HTTP/2 200 OK"
2026-03-22 11:35:51,441 | INFO | HTTP Request: GET https://www.okx.com/api/v5/market/candles?instId=NEAR-USDT-SWAP&bar=5m&limit=89 "HTTP/2 200 OK"
2026-03-22 11:35:51,557 | INFO | HTTP Request: GET https://www.okx.com/api/v5/trade/orders-algo-pending?ordType=chase&instType=SWAP&instId=ETHFI-USDT-SWAP "HTTP/2 200 OK"
2026-03-22 11:35:51,976 | INFO | HTTP Request: GET https://www.okx.com/api/v5/market/ticker?instId=NEO-USDT-SWAP "HTTP/2 200 OK"
2026-03-22 11:35:52,014 | INFO | HTTP Request: GET https://www.okx.com/api/v5/account/balance "HTTP/2 200 OK"
2026-03-22 11:35:52,309 | INFO | HTTP Request: GET https://www.okx.com/api/v5/trade/orders-algo-pending?ordType=conditional&instType=SWAP&instId=ETHFI-USDT-SWAP "HTTP/2 200 OK"
2026-03-22 11:35:52,364 | INFO | HTTP Request: GET https://www.okx.com/api/v5/market/candles?instId=NEO-USDT-SWAP&bar=5m&limit=89 "HTTP/2 200 OK"
2026-03-22 11:35:52,693 | INFO | HTTP Request: GET https://www.okx.com/api/v5/trade/orders-algo-pending?ordType=oco&instType=SWAP&instId=ETHFI-USDT-SWAP "HTTP/2 200 OK"
2026-03-22 11:35:52,857 | INFO | HTTP Request: GET https://www.okx.com/api/v5/market/ticker?instId=NOT-USDT-SWAP "HTTP/2 200 OK"
2026-03-22 11:35:53,062 | INFO | HTTP Request: GET https://www.okx.com/api/v5/trade/orders-algo-pending?ordType=trigger&instType=SWAP&instId=ETHFI-USDT-SWAP "HTTP/2 200 OK"
2026-03-22 11:35:53,273 | INFO | HTTP Request: GET https://www.okx.com/api/v5/market/candles?instId=NOT-USDT-SWAP&bar=5m&limit=89 "HTTP/2 200 OK"
2026-03-22 11:35:53,478 | INFO | HTTP Request: GET https://www.okx.com/api/v5/trade/orders-algo-pending?ordType=move_order_stop&instType=SWAP&instId=ETHFI-USDT-SWAP "HTTP/2 200 OK"
2026-03-22 11:35:53,788 | INFO | HTTP Request: GET https://www.okx.com/api/v5/market/ticker?instId=OP-USDT-SWAP "HTTP/2 200 OK"
2026-03-22 11:35:53,907 | INFO | HTTP Request: GET https://www.okx.com/api/v5/trade/orders-algo-pending?ordType=iceberg&instType=SWAP&instId=ETHFI-USDT-SWAP "HTTP/2 200 OK"
2026-03-22 11:35:54,256 | INFO | HTTP Request: GET https://www.okx.com/api/v5/market/candles?instId=OP-USDT-SWAP&bar=5m&limit=89 "HTTP/2 200 OK"
2026-03-22 11:35:54,286 | INFO | HTTP Request: GET https://www.okx.com/api/v5/trade/orders-algo-pending?ordType=twap&instType=SWAP&instId=ETHFI-USDT-SWAP "HTTP/2 200 OK"
2026-03-22 11:35:54,646 | INFO | HTTP Request: GET https://www.okx.com/api/v5/trade/orders-algo-pending?ordType=chase&instType=SWAP&instId=ETHFI-USDT-SWAP "HTTP/2 200 OK"
2026-03-22 11:35:54,698 | INFO | Amending exchange stop ETHFI-USDT-SWAP algo=3411344788786864128 payload=[{'instId': 'ETHFI-USDT-SWAP', 'algoId': '3411344788786864128', 'newSlTriggerPx': '0.574', 'newSlOrdPx': '-1', 'newSlTriggerPxType': 'mark'}]
2026-03-22 11:35:54,741 | INFO | HTTP Request: GET https://www.okx.com/api/v5/market/ticker?instId=PEPE-USDT-SWAP "HTTP/2 200 OK"
2026-03-22 11:35:55,082 | INFO | HTTP Request: POST https://www.okx.com/api/v5/trade/amend-algos "HTTP/2 200 OK"
2026-03-22 11:35:55,167 | INFO | HTTP Request: GET https://www.okx.com/api/v5/market/candles?instId=PEPE-USDT-SWAP&bar=5m&limit=89 "HTTP/2 200 OK"
2026-03-22 11:35:55,437 | INFO | Amending exchange stop ETHFI-USDT-SWAP algo=3411344788786864128 payload=[{'instId': 'ETHFI-USDT-SWAP', 'algoId': '3411344788786864128', 'newSlTriggerPx': '0.574', 'newSlOrdPx': '-1', 'newSlTriggerPxType': 'mark'}]
2026-03-22 11:35:55,644 | INFO | HTTP Request: GET https://www.okx.com/api/v5/market/candles?instId=BTC-USDT-SWAP&bar=5m&limit=64 "HTTP/2 200 OK"
2026-03-22 11:35:55,685 | INFO | HTTP Request: GET https://www.okx.com/api/v5/market/ticker?instId=PIGGY-USDT-SWAP "HTTP/2 200 OK"
2026-03-22 11:35:55,822 | INFO | HTTP Request: POST https://www.okx.com/api/v5/trade/amend-algos "HTTP/2 200 OK"
2026-03-22 11:35:56,055 | INFO | HTTP Request: GET https://www.okx.com/api/v5/market/candles?instId=PIGGY-USDT-SWAP&bar=5m&limit=89 "HTTP/2 200 OK"
2026-03-22 11:35:56,202 | INFO | HTTP Request: POST https://www.okx.com/api/v5/trade/cancel-algos "HTTP/2 200 OK"
2026-03-22 11:35:56,545 | INFO | HTTP Request: GET https://www.okx.com/api/v5/market/ticker?instId=QTUM-USDT-SWAP "HTTP/2 200 OK"
2026-03-22 11:35:56,569 | INFO | HTTP Request: GET https://www.okx.com/api/v5/trade/orders-algo-pending?ordType=conditional&instType=SWAP&instId=ETHFI-USDT-SWAP "HTTP/2 200 OK"
2026-03-22 11:35:56,922 | INFO | HTTP Request: GET https://www.okx.com/api/v5/market/candles?instId=QTUM-USDT-SWAP&bar=5m&limit=89 "HTTP/2 200 OK"
2026-03-22 11:35:56,935 | INFO | HTTP Request: GET https://www.okx.com/api/v5/trade/orders-algo-pending?ordType=oco&instType=SWAP&instId=ETHFI-USDT-SWAP "HTTP/2 200 OK"
2026-03-22 11:35:57,377 | INFO | HTTP Request: GET https://www.okx.com/api/v5/trade/orders-algo-pending?ordType=trigger&instType=SWAP&instId=ETHFI-USDT-SWAP "HTTP/2 200 OK"
2026-03-22 11:35:57,439 | INFO | HTTP Request: GET https://www.okx.com/api/v5/account/balance "HTTP/2 200 OK"
2026-03-22 11:35:57,453 | INFO | HTTP Request: GET https://www.okx.com/api/v5/market/ticker?instId=RAVE-USDT-SWAP "HTTP/2 200 OK"
2026-03-22 11:35:57,749 | INFO | HTTP Request: GET https://www.okx.com/api/v5/trade/orders-algo-pending?ordType=move_order_stop&instType=SWAP&instId=ETHFI-USDT-SWAP "HTTP/2 200 OK"
2026-03-22 11:35:57,882 | INFO | HTTP Request: GET https://www.okx.com/api/v5/market/candles?instId=RAVE-USDT-SWAP&bar=5m&limit=89 "HTTP/2 200 OK"
2026-03-22 11:35:58,178 | INFO | HTTP Request: GET https://www.okx.com/api/v5/trade/orders-algo-pending?ordType=iceberg&instType=SWAP&instId=ETHFI-USDT-SWAP "HTTP/2 200 OK"
2026-03-22 11:35:58,385 | INFO | HTTP Request: GET https://www.okx.com/api/v5/market/ticker?instId=RESOLV-USDT-SWAP "HTTP/2 200 OK"
2026-03-22 11:35:58,584 | INFO | HTTP Request: GET https://www.okx.com/api/v5/trade/orders-algo-pending?ordType=twap&instType=SWAP&instId=ETHFI-USDT-SWAP "HTTP/2 200 OK"
2026-03-22 11:35:58,864 | INFO | HTTP Request: GET https://www.okx.com/api/v5/market/candles?instId=RESOLV-USDT-SWAP&bar=5m&limit=89 "HTTP/2 200 OK"
2026-03-22 11:35:58,996 | INFO | HTTP Request: GET https://www.okx.com/api/v5/trade/orders-algo-pending?ordType=chase&instType=SWAP&instId=ETHFI-USDT-SWAP "HTTP/2 200 OK"
2026-03-22 11:35:59,363 | INFO | HTTP Request: GET https://www.okx.com/api/v5/trade/orders-algo-pending?ordType=conditional&instType=SWAP&instId=ETHFI-USDT-SWAP "HTTP/2 200 OK"
2026-03-22 11:35:59,366 | INFO | HTTP Request: GET https://www.okx.com/api/v5/market/ticker?instId=ROBO-USDT-SWAP "HTTP/2 200 OK"
2026-03-22 11:35:59,766 | INFO | HTTP Request: GET https://www.okx.com/api/v5/market/candles?instId=ROBO-USDT-SWAP&bar=5m&limit=89 "HTTP/2 200 OK"
2026-03-22 11:35:59,771 | INFO | HTTP Request: GET https://www.okx.com/api/v5/trade/orders-algo-pending?ordType=oco&instType=SWAP&instId=ETHFI-USDT-SWAP "HTTP/2 200 OK"
2026-03-22 11:36:00,188 | INFO | HTTP Request: GET https://www.okx.com/api/v5/trade/orders-algo-pending?ordType=trigger&instType=SWAP&instId=ETHFI-USDT-SWAP "HTTP/2 200 OK"
2026-03-22 11:36:00,288 | INFO | HTTP Request: GET https://www.okx.com/api/v5/market/ticker?instId=SAND-USDT-SWAP "HTTP/2 200 OK"
2026-03-22 11:36:00,587 | INFO | HTTP Request: GET https://www.okx.com/api/v5/trade/orders-algo-pending?ordType=move_order_stop&instType=SWAP&instId=ETHFI-USDT-SWAP "HTTP/2 200 OK"
2026-03-22 11:36:00,696 | INFO | HTTP Request: GET https://www.okx.com/api/v5/market/candles?instId=SAND-USDT-SWAP&bar=5m&limit=89 "HTTP/2 200 OK"
2026-03-22 11:36:00,997 | INFO | HTTP Request: GET https://www.okx.com/api/v5/trade/orders-algo-pending?ordType=iceberg&instType=SWAP&instId=ETHFI-USDT-SWAP "HTTP/2 200 OK"
2026-03-22 11:36:01,212 | INFO | HTTP Request: GET https://www.okx.com/api/v5/market/ticker?instId=SCR-USDT-SWAP "HTTP/2 200 OK"
2026-03-22 11:36:01,419 | INFO | HTTP Request: GET https://www.okx.com/api/v5/trade/orders-algo-pending?ordType=twap&instType=SWAP&instId=ETHFI-USDT-SWAP "HTTP/2 200 OK"
2026-03-22 11:36:01,607 | INFO | HTTP Request: GET https://www.okx.com/api/v5/market/candles?instId=SCR-USDT-SWAP&bar=5m&limit=89 "HTTP/2 200 OK"
2026-03-22 11:36:01,833 | INFO | HTTP Request: GET https://www.okx.com/api/v5/trade/orders-algo-pending?ordType=chase&instType=SWAP&instId=ETHFI-USDT-SWAP "HTTP/2 200 OK"
2026-03-22 11:36:01,857 | INFO | Placing exchange stop ETHFI-USDT-SWAP short payload={'instId': 'ETHFI-USDT-SWAP', 'tdMode': 'isolated', 'side': 'buy', 'posSide': 'net', 'ordType': 'conditional', 'reduceOnly': 'true', 'closeFraction': '1', 'slTriggerPx': '0.574', 'slTriggerPxType': 'mark', 'slOrdPx': '-1'}
2026-03-22 11:36:01,890 | INFO | HTTP Request: GET https://www.okx.com/api/v5/market/candles?instId=BTC-USDT-SWAP&bar=5m&limit=64 "HTTP/2 200 OK"
2026-03-22 11:36:02,154 | INFO | HTTP Request: GET https://www.okx.com/api/v5/market/ticker?instId=SHIB-USDT-SWAP "HTTP/2 200 OK"
2026-03-22 11:36:02,257 | INFO | HTTP Request: POST https://www.okx.com/api/v5/trade/order-algo "HTTP/2 200 OK"
2026-03-22 11:36:02,580 | INFO | HTTP Request: GET https://www.okx.com/api/v5/market/candles?instId=SHIB-USDT-SWAP&bar=5m&limit=89 "HTTP/2 200 OK"
2026-03-22 11:36:02,668 | INFO | HTTP Request: GET https://www.okx.com/api/v5/trade/orders-algo-pending?ordType=conditional&instType=SWAP&instId=ETHFI-USDT-SWAP "HTTP/2 200 OK"
2026-03-22 11:36:02,823 | INFO | HTTP Request: GET https://www.okx.com/api/v5/account/balance "HTTP/2 200 OK"
2026-03-22 11:36:03,084 | INFO | HTTP Request: GET https://www.okx.com/api/v5/market/ticker?instId=SKY-USDT-SWAP "HTTP/2 200 OK"
2026-03-22 11:36:03,084 | INFO | HTTP Request: GET https://www.okx.com/api/v5/trade/orders-algo-pending?ordType=oco&instType=SWAP&instId=ETHFI-USDT-SWAP "HTTP/2 200 OK"
2026-03-22 11:36:03,499 | INFO | HTTP Request: GET https://www.okx.com/api/v5/market/candles?instId=SKY-USDT-SWAP&bar=5m&limit=89 "HTTP/2 200 OK"
2026-03-22 11:36:03,513 | INFO | HTTP Request: GET https://www.okx.com/api/v5/trade/orders-algo-pending?ordType=trigger&instType=SWAP&instId=ETHFI-USDT-SWAP "HTTP/2 200 OK"
2026-03-22 11:36:03,936 | INFO | HTTP Request: GET https://www.okx.com/api/v5/trade/orders-algo-pending?ordType=move_order_stop&instType=SWAP&instId=ETHFI-USDT-SWAP "HTTP/2 200 OK"
2026-03-22 11:36:04,032 | INFO | HTTP Request: GET https://www.okx.com/api/v5/market/ticker?instId=SOLV-USDT-SWAP "HTTP/2 200 OK"
2026-03-22 11:36:04,325 | INFO | HTTP Request: GET https://www.okx.com/api/v5/trade/orders-algo-pending?ordType=iceberg&instType=SWAP&instId=ETHFI-USDT-SWAP "HTTP/2 200 OK"
2026-03-22 11:36:04,423 | INFO | HTTP Request: GET https://www.okx.com/api/v5/market/candles?instId=SOLV-USDT-SWAP&bar=5m&limit=89 "HTTP/2 200 OK"
2026-03-22 11:36:04,720 | INFO | HTTP Request: GET https://www.okx.com/api/v5/trade/orders-algo-pending?ordType=twap&instType=SWAP&instId=ETHFI-USDT-SWAP "HTTP/2 200 OK"
2026-03-22 11:36:04,942 | INFO | HTTP Request: GET https://www.okx.com/api/v5/market/ticker?instId=SPK-USDT-SWAP "HTTP/2 200 OK"
2026-03-22 11:36:05,141 | INFO | HTTP Request: GET https://www.okx.com/api/v5/trade/orders-algo-pending?ordType=chase&instType=SWAP&instId=ETHFI-USDT-SWAP "HTTP/2 200 OK"
2026-03-22 11:36:05,188 | INFO | Placing order ETHFI-USDT-SWAP sell qty=14860.0 attach_stop=0.0
2026-03-22 11:36:05,353 | INFO | HTTP Request: GET https://www.okx.com/api/v5/market/candles?instId=SPK-USDT-SWAP&bar=5m&limit=89 "HTTP/2 200 OK"
2026-03-22 11:36:05,562 | INFO | HTTP Request: POST https://www.okx.com/api/v5/trade/order "HTTP/2 200 OK"
2026-03-22 11:36:05,849 | INFO | HTTP Request: GET https://www.okx.com/api/v5/account/positions?instType=SWAP "HTTP/2 200 OK"
2026-03-22 11:36:05,879 | INFO | HTTP Request: GET https://www.okx.com/api/v5/market/ticker?instId=STRK-USDT-SWAP "HTTP/2 200 OK"
2026-03-22 11:36:06,250 | INFO | HTTP Request: GET https://www.okx.com/api/v5/market/candles?instId=STRK-USDT-SWAP&bar=5m&limit=89 "HTTP/2 200 OK"
2026-03-22 11:36:06,789 | INFO | HTTP Request: GET https://www.okx.com/api/v5/market/ticker?instId=SUSHI-USDT-SWAP "HTTP/2 200 OK"
2026-03-22 11:36:06,830 | INFO | HTTP Request: GET https://www.okx.com/api/v5/market/candles?instId=SOL-USDT-SWAP&bar=5m&limit=26 "HTTP/2 200 OK"
2026-03-22 11:36:07,171 | INFO | HTTP Request: GET https://www.okx.com/api/v5/market/candles?instId=SUSHI-USDT-SWAP&bar=5m&limit=89 "HTTP/2 200 OK"
2026-03-22 11:36:07,192 | INFO | HTTP Request: GET https://www.okx.com/api/v5/market/ticker?instId=SOL-USDT-SWAP "HTTP/2 200 OK"
2026-03-22 11:36:07,571 | INFO | HTTP Request: GET https://www.okx.com/api/v5/trade/orders-algo-pending?ordType=conditional&instType=SWAP&instId=SOL-USDT-SWAP "HTTP/2 200 OK"
2026-03-22 11:36:07,665 | INFO | HTTP Request: GET https://www.okx.com/api/v5/market/ticker?instId=SYRUP-USDT-SWAP "HTTP/2 200 OK"
2026-03-22 11:36:07,981 | INFO | HTTP Request: GET https://www.okx.com/api/v5/trade/orders-algo-pending?ordType=oco&instType=SWAP&instId=SOL-USDT-SWAP "HTTP/2 200 OK"
2026-03-22 11:36:08,072 | INFO | HTTP Request: GET https://www.okx.com/api/v5/market/candles?instId=SYRUP-USDT-SWAP&bar=5m&limit=89 "HTTP/2 200 OK"
2026-03-22 11:36:08,074 | INFO | HTTP Request: GET https://www.okx.com/api/v5/account/balance "HTTP/2 200 OK"
2026-03-22 11:36:08,140 | INFO | HTTP Request: GET https://www.okx.com/api/v5/market/candles?instId=BTC-USDT-SWAP&bar=5m&limit=64 "HTTP/2 200 OK"
2026-03-22 11:36:08,379 | INFO | HTTP Request: GET https://www.okx.com/api/v5/trade/orders-algo-pending?ordType=trigger&instType=SWAP&instId=SOL-USDT-SWAP "HTTP/2 200 OK"
2026-03-22 11:36:08,599 | INFO | HTTP Request: GET https://www.okx.com/api/v5/market/ticker?instId=TEST1234-USDT-SWAP "HTTP/2 200 OK"
2026-03-22 11:36:08,763 | INFO | HTTP Request: GET https://www.okx.com/api/v5/trade/orders-algo-pending?ordType=move_order_stop&instType=SWAP&instId=SOL-USDT-SWAP "HTTP/2 200 OK"
2026-03-22 11:36:08,980 | INFO | HTTP Request: GET https://www.okx.com/api/v5/market/candles?instId=TEST1234-USDT-SWAP&bar=5m&limit=89 "HTTP/2 200 OK"
2026-03-22 11:36:09,181 | INFO | HTTP Request: GET https://www.okx.com/api/v5/trade/orders-algo-pending?ordType=iceberg&instType=SWAP&instId=SOL-USDT-SWAP "HTTP/2 200 OK"
2026-03-22 11:36:09,493 | INFO | HTTP Request: GET https://www.okx.com/api/v5/market/ticker?instId=TEST3103-USDT-SWAP "HTTP/2 200 OK"
2026-03-22 11:36:09,589 | INFO | HTTP Request: GET https://www.okx.com/api/v5/trade/orders-algo-pending?ordType=twap&instType=SWAP&instId=SOL-USDT-SWAP "HTTP/2 200 OK"
2026-03-22 11:36:09,890 | INFO | HTTP Request: GET https://www.okx.com/api/v5/market/candles?instId=TEST3103-USDT-SWAP&bar=5m&limit=89 "HTTP/2 200 OK"
2026-03-22 11:36:09,998 | INFO | HTTP Request: GET https://www.okx.com/api/v5/trade/orders-algo-pending?ordType=chase&instType=SWAP&instId=SOL-USDT-SWAP "HTTP/2 200 OK"
2026-03-22 11:36:10,383 | INFO | Placing order SOL-USDT-SWAP sell qty=105.2 attach_stop=0.0
2026-03-22 11:36:10,411 | INFO | HTTP Request: GET https://www.okx.com/api/v5/market/ticker?instId=TEST3110-USDT-SWAP "HTTP/2 200 OK"
2026-03-22 11:36:10,802 | INFO | HTTP Request: GET https://www.okx.com/api/v5/market/candles?instId=TEST3110-USDT-SWAP&bar=5m&limit=89 "HTTP/2 200 OK"
2026-03-22 11:36:10,812 | INFO | HTTP Request: POST https://www.okx.com/api/v5/trade/order "HTTP/2 200 OK"
2026-03-22 11:36:11,088 | INFO | HTTP Request: GET https://www.okx.com/api/v5/account/positions?instType=SWAP "HTTP/2 200 OK"
2026-03-22 11:36:11,338 | INFO | HTTP Request: GET https://www.okx.com/api/v5/market/ticker?instId=THETA-USDT-SWAP "HTTP/2 200 OK"
2026-03-22 11:36:11,704 | INFO | HTTP Request: GET https://www.okx.com/api/v5/market/candles?instId=THETA-USDT-SWAP&bar=5m&limit=89 "HTTP/2 200 OK"
2026-03-22 11:36:12,069 | INFO | HTTP Request: GET https://www.okx.com/api/v5/market/candles?instId=AAVE-USDT-SWAP&bar=5m&limit=26 "HTTP/2 200 OK"
2026-03-22 11:36:12,231 | INFO | HTTP Request: GET https://www.okx.com/api/v5/market/ticker?instId=TON-USDT-SWAP "HTTP/2 200 OK"
2026-03-22 11:36:12,441 | INFO | HTTP Request: GET https://www.okx.com/api/v5/market/ticker?instId=AAVE-USDT-SWAP "HTTP/2 200 OK"
2026-03-22 11:36:12,648 | INFO | HTTP Request: GET https://www.okx.com/api/v5/market/candles?instId=TON-USDT-SWAP&bar=5m&limit=89 "HTTP/2 200 OK"
2026-03-22 11:36:12,848 | INFO | HTTP Request: GET https://www.okx.com/api/v5/trade/orders-algo-pending?ordType=conditional&instType=SWAP&instId=AAVE-USDT-SWAP "HTTP/2 200 OK"
2026-03-22 11:36:13,191 | INFO | HTTP Request: GET https://www.okx.com/api/v5/market/ticker?instId=TRIA-USDT-SWAP "HTTP/2 200 OK"
2026-03-22 11:36:13,251 | INFO | HTTP Request: GET https://www.okx.com/api/v5/trade/orders-algo-pending?ordType=oco&instType=SWAP&instId=AAVE-USDT-SWAP "HTTP/2 200 OK"
2026-03-22 11:36:13,372 | INFO | HTTP Request: GET https://www.okx.com/api/v5/account/balance "HTTP/2 200 OK"
2026-03-22 11:36:13,573 | INFO | HTTP Request: GET https://www.okx.com/api/v5/market/candles?instId=TRIA-USDT-SWAP&bar=5m&limit=89 "HTTP/2 200 OK"
2026-03-22 11:36:13,682 | INFO | HTTP Request: GET https://www.okx.com/api/v5/trade/orders-algo-pending?ordType=trigger&instType=SWAP&instId=AAVE-USDT-SWAP "HTTP/2 200 OK"
2026-03-22 11:36:14,082 | INFO | HTTP Request: GET https://www.okx.com/api/v5/market/ticker?instId=TRX-USDT-SWAP "HTTP/2 200 OK"
2026-03-22 11:36:14,100 | INFO | HTTP Request: GET https://www.okx.com/api/v5/trade/orders-algo-pending?ordType=move_order_stop&instType=SWAP&instId=AAVE-USDT-SWAP "HTTP/2 200 OK"
2026-03-22 11:36:14,397 | INFO | HTTP Request: GET https://www.okx.com/api/v5/market/candles?instId=BTC-USDT-SWAP&bar=5m&limit=64 "HTTP/2 200 OK"
2026-03-22 11:36:14,477 | INFO | HTTP Request: GET https://www.okx.com/api/v5/market/candles?instId=TRX-USDT-SWAP&bar=5m&limit=89 "HTTP/2 200 OK"
2026-03-22 11:36:14,493 | INFO | HTTP Request: GET https://www.okx.com/api/v5/trade/orders-algo-pending?ordType=iceberg&instType=SWAP&instId=AAVE-USDT-SWAP "HTTP/2 200 OK"
2026-03-22 11:36:14,866 | INFO | HTTP Request: GET https://www.okx.com/api/v5/trade/orders-algo-pending?ordType=twap&instType=SWAP&instId=AAVE-USDT-SWAP "HTTP/2 200 OK"
2026-03-22 11:36:14,964 | INFO | HTTP Request: GET https://www.okx.com/api/v5/market/ticker?instId=TSLA-USDT-SWAP "HTTP/2 200 OK"
2026-03-22 11:36:15,288 | INFO | HTTP Request: GET https://www.okx.com/api/v5/trade/orders-algo-pending?ordType=chase&instType=SWAP&instId=AAVE-USDT-SWAP "HTTP/2 200 OK"
2026-03-22 11:36:15,374 | INFO | HTTP Request: GET https://www.okx.com/api/v5/market/candles?instId=TSLA-USDT-SWAP&bar=5m&limit=89 "HTTP/2 200 OK"
2026-03-22 11:36:15,660 | INFO | Amending exchange stop AAVE-USDT-SWAP algo=3411329617452425216 payload=[{'instId': 'AAVE-USDT-SWAP', 'algoId': '3411329617452425216', 'newSlTriggerPx': '107.899', 'newSlOrdPx': '-1', 'newSlTriggerPxType': 'mark'}]
2026-03-22 11:36:15,890 | INFO | HTTP Request: GET https://www.okx.com/api/v5/market/ticker?instId=XAG-USDT-SWAP "HTTP/2 200 OK"
2026-03-22 11:36:16,041 | INFO | HTTP Request: POST https://www.okx.com/api/v5/trade/amend-algos "HTTP/2 200 OK"
2026-03-22 11:36:16,314 | INFO | HTTP Request: GET https://www.okx.com/api/v5/market/candles?instId=XAG-USDT-SWAP&bar=5m&limit=89 "HTTP/2 200 OK"
2026-03-22 11:36:16,396 | INFO | Amending exchange stop AAVE-USDT-SWAP algo=3411329617452425216 payload=[{'instId': 'AAVE-USDT-SWAP', 'algoId': '3411329617452425216', 'newSlTriggerPx': '107.899', 'newSlOrdPx': '-1', 'newSlTriggerPxType': 'mark'}]
2026-03-22 11:36:16,781 | INFO | HTTP Request: POST https://www.okx.com/api/v5/trade/amend-algos "HTTP/2 200 OK"
2026-03-22 11:36:16,840 | INFO | HTTP Request: GET https://www.okx.com/api/v5/market/ticker?instId=XAU-USDT-SWAP "HTTP/2 200 OK"
2026-03-22 11:36:17,192 | INFO | HTTP Request: POST https://www.okx.com/api/v5/trade/cancel-algos "HTTP/2 200 OK"
2026-03-22 11:36:17,211 | INFO | HTTP Request: GET https://www.okx.com/api/v5/market/candles?instId=XAU-USDT-SWAP&bar=5m&limit=89 "HTTP/2 200 OK"
2026-03-22 11:36:17,558 | INFO | HTTP Request: GET https://www.okx.com/api/v5/trade/orders-algo-pending?ordType=conditional&instType=SWAP&instId=AAVE-USDT-SWAP "HTTP/2 200 OK"
2026-03-22 11:36:17,695 | INFO | HTTP Request: GET https://www.okx.com/api/v5/market/ticker?instId=XLM-USDT-SWAP "HTTP/2 200 OK"
2026-03-22 11:36:17,930 | INFO | HTTP Request: GET https://www.okx.com/api/v5/trade/orders-algo-pending?ordType=oco&instType=SWAP&instId=AAVE-USDT-SWAP "HTTP/2 200 OK"
2026-03-22 11:36:18,069 | INFO | HTTP Request: GET https://www.okx.com/api/v5/market/candles?instId=XLM-USDT-SWAP&bar=5m&limit=89 "HTTP/2 200 OK"
2026-03-22 11:36:18,306 | INFO | HTTP Request: GET https://www.okx.com/api/v5/trade/orders-algo-pending?ordType=trigger&instType=SWAP&instId=AAVE-USDT-SWAP "HTTP/2 200 OK"
2026-03-22 11:36:18,554 | INFO | HTTP Request: GET https://www.okx.com/api/v5/market/ticker?instId=XPL-USDT-SWAP "HTTP/2 200 OK"
2026-03-22 11:36:18,689 | INFO | HTTP Request: GET https://www.okx.com/api/v5/trade/orders-algo-pending?ordType=move_order_stop&instType=SWAP&instId=AAVE-USDT-SWAP "HTTP/2 200 OK"
2026-03-22 11:36:18,725 | INFO | HTTP Request: GET https://www.okx.com/api/v5/account/balance "HTTP/2 200 OK"
2026-03-22 11:36:18,924 | INFO | HTTP Request: GET https://www.okx.com/api/v5/market/candles?instId=XPL-USDT-SWAP&bar=5m&limit=89 "HTTP/2 200 OK"
2026-03-22 11:36:19,059 | INFO | HTTP Request: GET https://www.okx.com/api/v5/trade/orders-algo-pending?ordType=iceberg&instType=SWAP&instId=AAVE-USDT-SWAP "HTTP/2 200 OK"
2026-03-22 11:36:19,426 | INFO | HTTP Request: GET https://www.okx.com/api/v5/market/ticker?instId=XRP-USDT-SWAP "HTTP/2 200 OK"
2026-03-22 11:36:19,437 | INFO | HTTP Request: GET https://www.okx.com/api/v5/trade/orders-algo-pending?ordType=twap&instType=SWAP&instId=AAVE-USDT-SWAP "HTTP/2 200 OK"
2026-03-22 11:36:19,817 | INFO | HTTP Request: GET https://www.okx.com/api/v5/market/candles?instId=XRP-USDT-SWAP&bar=5m&limit=89 "HTTP/2 200 OK"
2026-03-22 11:36:19,836 | INFO | HTTP Request: GET https://www.okx.com/api/v5/trade/orders-algo-pending?ordType=chase&instType=SWAP&instId=AAVE-USDT-SWAP "HTTP/2 200 OK"
2026-03-22 11:36:20,565 | INFO | HTTP Request: GET https://www.okx.com/api/v5/trade/orders-algo-pending?ordType=conditional&instType=SWAP&instId=AAVE-USDT-SWAP "HTTP/2 200 OK"
2026-03-22 11:36:20,644 | INFO | HTTP Request: GET https://www.okx.com/api/v5/market/candles?instId=BTC-USDT-SWAP&bar=5m&limit=64 "HTTP/2 200 OK"
2026-03-22 11:36:20,671 | INFO | HTTP Request: GET https://www.okx.com/api/v5/market/candles?instId=YFI-USDT-SWAP&bar=5m&limit=89 "HTTP/2 200 OK"
2026-03-22 11:36:20,930 | INFO | HTTP Request: GET https://www.okx.com/api/v5/trade/orders-algo-pending?ordType=oco&instType=SWAP&instId=AAVE-USDT-SWAP "HTTP/2 200 OK"
2026-03-22 11:36:21,171 | INFO | HTTP Request: GET https://www.okx.com/api/v5/market/ticker?instId=YGG-USDT-SWAP "HTTP/2 200 OK"
2026-03-22 11:36:21,363 | INFO | HTTP Request: GET https://www.okx.com/api/v5/trade/orders-algo-pending?ordType=trigger&instType=SWAP&instId=AAVE-USDT-SWAP "HTTP/2 200 OK"
2026-03-22 11:36:21,555 | INFO | HTTP Request: GET https://www.okx.com/api/v5/market/candles?instId=YGG-USDT-SWAP&bar=5m&limit=89 "HTTP/2 200 OK"
2026-03-22 11:36:21,753 | INFO | HTTP Request: GET https://www.okx.com/api/v5/trade/orders-algo-pending?ordType=move_order_stop&instType=SWAP&instId=AAVE-USDT-SWAP "HTTP/2 200 OK"
2026-03-22 11:36:22,070 | INFO | HTTP Request: GET https://www.okx.com/api/v5/market/ticker?instId=ZBCN-USDT-SWAP "HTTP/2 200 OK"
2026-03-22 11:36:22,168 | INFO | HTTP Request: GET https://www.okx.com/api/v5/trade/orders-algo-pending?ordType=iceberg&instType=SWAP&instId=AAVE-USDT-SWAP "HTTP/2 200 OK"
2026-03-22 11:36:22,472 | INFO | HTTP Request: GET https://www.okx.com/api/v5/market/candles?instId=ZBCN-USDT-SWAP&bar=5m&limit=89 "HTTP/2 200 OK"
2026-03-22 11:36:22,578 | INFO | HTTP Request: GET https://www.okx.com/api/v5/trade/orders-algo-pending?ordType=twap&instType=SWAP&instId=AAVE-USDT-SWAP "HTTP/2 200 OK"
2026-03-22 11:36:22,994 | INFO | HTTP Request: GET https://www.okx.com/api/v5/trade/orders-algo-pending?ordType=chase&instType=SWAP&instId=AAVE-USDT-SWAP "HTTP/2 200 OK"
2026-03-22 11:36:23,009 | INFO | HTTP Request: GET https://www.okx.com/api/v5/market/ticker?instId=ZETA-USDT-SWAP "HTTP/2 200 OK"
2026-03-22 11:36:23,385 | INFO | HTTP Request: GET https://www.okx.com/api/v5/market/candles?instId=ZETA-USDT-SWAP&bar=5m&limit=89 "HTTP/2 200 OK"
2026-03-22 11:36:23,739 | INFO | HTTP Request: GET https://www.okx.com/api/v5/trade/orders-algo-pending?ordType=conditional&instType=SWAP&instId=AAVE-USDT-SWAP "HTTP/2 200 OK"
2026-03-22 11:36:23,924 | INFO | HTTP Request: GET https://www.okx.com/api/v5/market/ticker?instId=ZIL-USDT-SWAP "HTTP/2 200 OK"
2026-03-22 11:36:24,101 | INFO | HTTP Request: GET https://www.okx.com/api/v5/trade/orders-algo-pending?ordType=oco&instType=SWAP&instId=AAVE-USDT-SWAP "HTTP/2 200 OK"
2026-03-22 11:36:24,177 | INFO | HTTP Request: GET https://www.okx.com/api/v5/account/balance "HTTP/2 200 OK"
2026-03-22 11:36:24,332 | INFO | HTTP Request: GET https://www.okx.com/api/v5/market/candles?instId=ZIL-USDT-SWAP&bar=5m&limit=89 "HTTP/2 200 OK"
2026-03-22 11:36:24,527 | INFO | HTTP Request: GET https://www.okx.com/api/v5/trade/orders-algo-pending?ordType=trigger&instType=SWAP&instId=AAVE-USDT-SWAP "HTTP/2 200 OK"
2026-03-22 11:36:24,869 | INFO | HTTP Request: GET https://www.okx.com/api/v5/market/ticker?instId=MAGIC-USDT-SWAP "HTTP/2 200 OK"
2026-03-22 11:36:24,907 | INFO | HTTP Request: GET https://www.okx.com/api/v5/trade/orders-algo-pending?ordType=move_order_stop&instType=SWAP&instId=AAVE-USDT-SWAP "HTTP/2 200 OK"
2026-03-22 11:36:25,251 | INFO | HTTP Request: GET https://www.okx.com/api/v5/market/candles?instId=MAGIC-USDT-SWAP&bar=5m&limit=89 "HTTP/2 200 OK"
2026-03-22 11:36:25,284 | INFO | HTTP Request: GET https://www.okx.com/api/v5/trade/orders-algo-pending?ordType=iceberg&instType=SWAP&instId=AAVE-USDT-SWAP "HTTP/2 200 OK"
2026-03-22 11:36:25,645 | INFO | HTTP Request: GET https://www.okx.com/api/v5/trade/orders-algo-pending?ordType=twap&instType=SWAP&instId=AAVE-USDT-SWAP "HTTP/2 200 OK"
2026-03-22 11:36:25,741 | INFO | HTTP Request: GET https://www.okx.com/api/v5/market/ticker?instId=SUI-USDT-SWAP "HTTP/2 200 OK"
2026-03-22 11:36:26,061 | INFO | HTTP Request: GET https://www.okx.com/api/v5/trade/orders-algo-pending?ordType=chase&instType=SWAP&instId=AAVE-USDT-SWAP "HTTP/2 200 OK"
2026-03-22 11:36:26,158 | INFO | HTTP Request: GET https://www.okx.com/api/v5/market/candles?instId=SUI-USDT-SWAP&bar=5m&limit=89 "HTTP/2 200 OK"
2026-03-22 11:36:26,685 | INFO | HTTP Request: GET https://www.okx.com/api/v5/market/ticker?instId=ETHFI-USDT-SWAP "HTTP/2 200 OK"
2026-03-22 11:36:26,821 | INFO | HTTP Request: GET https://www.okx.com/api/v5/trade/orders-algo-pending?ordType=conditional&instType=SWAP&instId=AAVE-USDT-SWAP "HTTP/2 200 OK"
2026-03-22 11:36:26,878 | INFO | HTTP Request: GET https://www.okx.com/api/v5/market/candles?instId=BTC-USDT-SWAP&bar=5m&limit=64 "HTTP/2 200 OK"
2026-03-22 11:36:27,077 | INFO | HTTP Request: GET https://www.okx.com/api/v5/market/candles?instId=ETHFI-USDT-SWAP&bar=5m&limit=89 "HTTP/2 200 OK"
2026-03-22 11:36:27,180 | INFO | HTTP Request: GET https://www.okx.com/api/v5/trade/orders-algo-pending?ordType=oco&instType=SWAP&instId=AAVE-USDT-SWAP "HTTP/2 200 OK"
2026-03-22 11:36:27,548 | INFO | HTTP Request: GET https://www.okx.com/api/v5/trade/orders-algo-pending?ordType=trigger&instType=SWAP&instId=AAVE-USDT-SWAP "HTTP/2 200 OK"
2026-03-22 11:36:27,560 | INFO | HTTP Request: GET https://www.okx.com/api/v5/market/ticker?instId=SOL-USDT-SWAP "HTTP/2 200 OK"
2026-03-22 11:36:27,944 | INFO | HTTP Request: GET https://www.okx.com/api/v5/trade/orders-algo-pending?ordType=move_order_stop&instType=SWAP&instId=AAVE-USDT-SWAP "HTTP/2 200 OK"
2026-03-22 11:36:27,957 | INFO | HTTP Request: GET https://www.okx.com/api/v5/market/candles?instId=SOL-USDT-SWAP&bar=5m&limit=89 "HTTP/2 200 OK"
2026-03-22 11:36:28,313 | INFO | HTTP Request: GET https://www.okx.com/api/v5/trade/orders-algo-pending?ordType=iceberg&instType=SWAP&instId=AAVE-USDT-SWAP "HTTP/2 200 OK"
2026-03-22 11:36:28,432 | INFO | HTTP Request: GET https://www.okx.com/api/v5/market/ticker?instId=AAVE-USDT-SWAP "HTTP/2 200 OK"
2026-03-22 11:36:28,736 | INFO | HTTP Request: GET https://www.okx.com/api/v5/trade/orders-algo-pending?ordType=twap&instType=SWAP&instId=AAVE-USDT-SWAP "HTTP/2 200 OK"
2026-03-22 11:36:28,843 | INFO | HTTP Request: GET https://www.okx.com/api/v5/market/candles?instId=AAVE-USDT-SWAP&bar=5m&limit=89 "HTTP/2 200 OK"
2026-03-22 11:36:29,180 | INFO | HTTP Request: GET https://www.okx.com/api/v5/trade/orders-algo-pending?ordType=chase&instType=SWAP&instId=AAVE-USDT-SWAP "HTTP/2 200 OK"
2026-03-22 11:36:29,359 | INFO | HTTP Request: GET https://www.okx.com/api/v5/market/ticker?instId=1INCH-USDT-SWAP "HTTP/2 200 OK"
2026-03-22 11:36:29,604 | INFO | HTTP Request: GET https://www.okx.com/api/v5/account/balance "HTTP/2 200 OK"
2026-03-22 11:36:29,837 | INFO | HTTP Request: GET https://www.okx.com/api/v5/market/candles?instId=1INCH-USDT-SWAP&bar=5m&limit=89 "HTTP/2 200 OK"
2026-03-22 11:36:29,918 | INFO | HTTP Request: GET https://www.okx.com/api/v5/trade/orders-algo-pending?ordType=conditional&instType=SWAP&instId=AAVE-USDT-SWAP "HTTP/2 200 OK"
2026-03-22 11:36:30,304 | INFO | HTTP Request: GET https://www.okx.com/api/v5/trade/orders-algo-pending?ordType=oco&instType=SWAP&instId=AAVE-USDT-SWAP "HTTP/2 200 OK"
2026-03-22 11:36:30,326 | INFO | HTTP Request: GET https://www.okx.com/api/v5/market/ticker?instId=2Z-USDT-SWAP "HTTP/2 200 OK"
2026-03-22 11:36:30,720 | INFO | HTTP Request: GET https://www.okx.com/api/v5/market/candles?instId=2Z-USDT-SWAP&bar=5m&limit=89 "HTTP/2 200 OK"
2026-03-22 11:36:30,728 | INFO | HTTP Request: GET https://www.okx.com/api/v5/trade/orders-algo-pending?ordType=trigger&instType=SWAP&instId=AAVE-USDT-SWAP "HTTP/2 200 OK"
2026-03-22 11:36:31,156 | INFO | HTTP Request: GET https://www.okx.com/api/v5/trade/orders-algo-pending?ordType=move_order_stop&instType=SWAP&instId=AAVE-USDT-SWAP "HTTP/2 200 OK"
2026-03-22 11:36:31,244 | INFO | HTTP Request: GET https://www.okx.com/api/v5/market/ticker?instId=A-USDT-SWAP "HTTP/2 200 OK"
2026-03-22 11:36:31,544 | INFO | HTTP Request: GET https://www.okx.com/api/v5/trade/orders-algo-pending?ordType=iceberg&instType=SWAP&instId=AAVE-USDT-SWAP "HTTP/2 200 OK"
2026-03-22 11:36:31,629 | INFO | HTTP Request: GET https://www.okx.com/api/v5/market/candles?instId=A-USDT-SWAP&bar=5m&limit=89 "HTTP/2 200 OK"
2026-03-22 11:36:31,944 | INFO | HTTP Request: GET https://www.okx.com/api/v5/trade/orders-algo-pending?ordType=twap&instType=SWAP&instId=AAVE-USDT-SWAP "HTTP/2 200 OK"
2026-03-22 11:36:32,123 | INFO | HTTP Request: GET https://www.okx.com/api/v5/market/ticker?instId=ACT-USDT-SWAP "HTTP/2 200 OK"
2026-03-22 11:36:32,305 | INFO | HTTP Request: GET https://www.okx.com/api/v5/trade/orders-algo-pending?ordType=chase&instType=SWAP&instId=AAVE-USDT-SWAP "HTTP/2 200 OK"
2026-03-22 11:36:32,597 | INFO | HTTP Request: GET https://www.okx.com/api/v5/market/candles?instId=ACT-USDT-SWAP&bar=5m&limit=89 "HTTP/2 200 OK"
2026-03-22 11:36:33,075 | INFO | HTTP Request: GET https://www.okx.com/api/v5/trade/orders-algo-pending?ordType=conditional&instType=SWAP&instId=AAVE-USDT-SWAP "HTTP/2 200 OK"
2026-03-22 11:36:33,080 | INFO | HTTP Request: GET https://www.okx.com/api/v5/market/ticker?instId=ADA-USDT-SWAP "HTTP/2 200 OK"
2026-03-22 11:36:33,148 | INFO | HTTP Request: GET https://www.okx.com/api/v5/market/candles?instId=BTC-USDT-SWAP&bar=5m&limit=64 "HTTP/2 200 OK"
2026-03-22 11:36:33,480 | INFO | HTTP Request: GET https://www.okx.com/api/v5/trade/orders-algo-pending?ordType=oco&instType=SWAP&instId=AAVE-USDT-SWAP "HTTP/2 200 OK"
2026-03-22 11:36:33,490 | INFO | HTTP Request: GET https://www.okx.com/api/v5/market/candles?instId=ADA-USDT-SWAP&bar=5m&limit=89 "HTTP/2 200 OK"
2026-03-22 11:36:33,848 | INFO | HTTP Request: GET https://www.okx.com/api/v5/trade/orders-algo-pending?ordType=trigger&instType=SWAP&instId=AAVE-USDT-SWAP "HTTP/2 200 OK"
2026-03-22 11:36:33,973 | INFO | HTTP Request: GET https://www.okx.com/api/v5/market/ticker?instId=AI16Z-USDT-SWAP "HTTP/2 200 OK"
2026-03-22 11:36:34,270 | INFO | HTTP Request: GET https://www.okx.com/api/v5/trade/orders-algo-pending?ordType=move_order_stop&instType=SWAP&instId=AAVE-USDT-SWAP "HTTP/2 200 OK"
2026-03-22 11:36:34,377 | INFO | HTTP Request: GET https://www.okx.com/api/v5/market/candles?instId=AI16Z-USDT-SWAP&bar=5m&limit=89 "HTTP/2 200 OK"
2026-03-22 11:36:34,667 | INFO | HTTP Request: GET https://www.okx.com/api/v5/trade/orders-algo-pending?ordType=iceberg&instType=SWAP&instId=AAVE-USDT-SWAP "HTTP/2 200 OK"
2026-03-22 11:36:34,899 | INFO | HTTP Request: GET https://www.okx.com/api/v5/market/ticker?instId=AKITA-USDT-SWAP "HTTP/2 200 OK"
2026-03-22 11:36:35,057 | INFO | HTTP Request: GET https://www.okx.com/api/v5/account/balance "HTTP/2 200 OK"
2026-03-22 11:36:35,088 | INFO | HTTP Request: GET https://www.okx.com/api/v5/trade/orders-algo-pending?ordType=twap&instType=SWAP&instId=AAVE-USDT-SWAP "HTTP/2 200 OK"
2026-03-22 11:36:35,294 | INFO | HTTP Request: GET https://www.okx.com/api/v5/market/candles?instId=AKITA-USDT-SWAP&bar=5m&limit=89 "HTTP/2 200 OK"
2026-03-22 11:36:35,474 | INFO | HTTP Request: GET https://www.okx.com/api/v5/trade/orders-algo-pending?ordType=chase&instType=SWAP&instId=AAVE-USDT-SWAP "HTTP/2 200 OK"
2026-03-22 11:36:35,785 | INFO | HTTP Request: GET https://www.okx.com/api/v5/market/ticker?instId=ALGO-USDT-SWAP "HTTP/2 200 OK"
2026-03-22 11:36:36,161 | INFO | HTTP Request: GET https://www.okx.com/api/v5/market/candles?instId=ALGO-USDT-SWAP&bar=5m&limit=89 "HTTP/2 200 OK"
2026-03-22 11:36:36,214 | INFO | HTTP Request: GET https://www.okx.com/api/v5/trade/orders-algo-pending?ordType=conditional&instType=SWAP&instId=AAVE-USDT-SWAP "HTTP/2 200 OK"
2026-03-22 11:36:36,577 | INFO | HTTP Request: GET https://www.okx.com/api/v5/trade/orders-algo-pending?ordType=oco&instType=SWAP&instId=AAVE-USDT-SWAP "HTTP/2 200 OK"
2026-03-22 11:36:36,691 | INFO | HTTP Request: GET https://www.okx.com/api/v5/market/ticker?instId=ARB-USDT-SWAP "HTTP/2 200 OK"
2026-03-22 11:36:36,994 | INFO | HTTP Request: GET https://www.okx.com/api/v5/trade/orders-algo-pending?ordType=trigger&instType=SWAP&instId=AAVE-USDT-SWAP "HTTP/2 200 OK"
2026-03-22 11:36:37,098 | INFO | HTTP Request: GET https://www.okx.com/api/v5/market/candles?instId=ARB-USDT-SWAP&bar=5m&limit=89 "HTTP/2 200 OK"
2026-03-22 11:36:37,394 | INFO | HTTP Request: GET https://www.okx.com/api/v5/trade/orders-algo-pending?ordType=move_order_stop&instType=SWAP&instId=AAVE-USDT-SWAP "HTTP/2 200 OK"
2026-03-22 11:36:37,621 | INFO | HTTP Request: GET https://www.okx.com/api/v5/market/ticker?instId=ASP-USDT-SWAP "HTTP/2 200 OK"
2026-03-22 11:36:37,807 | INFO | HTTP Request: GET https://www.okx.com/api/v5/trade/orders-algo-pending?ordType=iceberg&instType=SWAP&instId=AAVE-USDT-SWAP "HTTP/2 200 OK"
2026-03-22 11:36:38,030 | INFO | HTTP Request: GET https://www.okx.com/api/v5/market/candles?instId=ASP-USDT-SWAP&bar=5m&limit=89 "HTTP/2 200 OK"
2026-03-22 11:36:38,227 | INFO | HTTP Request: GET https://www.okx.com/api/v5/trade/orders-algo-pending?ordType=twap&instType=SWAP&instId=AAVE-USDT-SWAP "HTTP/2 200 OK"
2026-03-22 11:36:38,542 | INFO | HTTP Request: GET https://www.okx.com/api/v5/market/ticker?instId=ASTER-USDT-SWAP "HTTP/2 200 OK"
2026-03-22 11:36:38,622 | INFO | HTTP Request: GET https://www.okx.com/api/v5/trade/orders-algo-pending?ordType=chase&instType=SWAP&instId=AAVE-USDT-SWAP "HTTP/2 200 OK"
2026-03-22 11:36:38,927 | INFO | HTTP Request: GET https://www.okx.com/api/v5/market/candles?instId=ASTER-USDT-SWAP&bar=5m&limit=89 "HTTP/2 200 OK"
2026-03-22 11:36:39,387 | INFO | HTTP Request: GET https://www.okx.com/api/v5/market/candles?instId=BTC-USDT-SWAP&bar=5m&limit=64 "HTTP/2 200 OK"
2026-03-22 11:36:39,404 | INFO | HTTP Request: GET https://www.okx.com/api/v5/trade/orders-algo-pending?ordType=conditional&instType=SWAP&instId=AAVE-USDT-SWAP "HTTP/2 200 OK"
2026-03-22 11:36:39,460 | INFO | HTTP Request: GET https://www.okx.com/api/v5/market/ticker?instId=ATOM-USDT-SWAP "HTTP/2 200 OK"
2026-03-22 11:36:39,769 | INFO | HTTP Request: GET https://www.okx.com/api/v5/trade/orders-algo-pending?ordType=oco&instType=SWAP&instId=AAVE-USDT-SWAP "HTTP/2 200 OK"
2026-03-22 11:36:39,874 | INFO | HTTP Request: GET https://www.okx.com/api/v5/market/candles?instId=ATOM-USDT-SWAP&bar=5m&limit=89 "HTTP/2 200 OK"
2026-03-22 11:36:40,177 | INFO | HTTP Request: GET https://www.okx.com/api/v5/trade/orders-algo-pending?ordType=trigger&instType=SWAP&instId=AAVE-USDT-SWAP "HTTP/2 200 OK"
2026-03-22 11:36:40,376 | INFO | HTTP Request: GET https://www.okx.com/api/v5/account/balance "HTTP/2 200 OK"
2026-03-22 11:36:40,407 | INFO | HTTP Request: GET https://www.okx.com/api/v5/market/ticker?instId=AUCTION-USDT-SWAP "HTTP/2 200 OK"
2026-03-22 11:36:40,588 | INFO | HTTP Request: GET https://www.okx.com/api/v5/trade/orders-algo-pending?ordType=move_order_stop&instType=SWAP&instId=AAVE-USDT-SWAP "HTTP/2 200 OK"
2026-03-22 11:36:40,865 | INFO | HTTP Request: GET https://www.okx.com/api/v5/market/candles?instId=AUCTION-USDT-SWAP&bar=5m&limit=89 "HTTP/2 200 OK"
2026-03-22 11:36:41,004 | INFO | HTTP Request: GET https://www.okx.com/api/v5/trade/orders-algo-pending?ordType=iceberg&instType=SWAP&instId=AAVE-USDT-SWAP "HTTP/2 200 OK"
2026-03-22 11:36:41,358 | INFO | HTTP Request: GET https://www.okx.com/api/v5/market/ticker?instId=AVAX-USDT-SWAP "HTTP/2 200 OK"
2026-03-22 11:36:41,369 | INFO | HTTP Request: GET https://www.okx.com/api/v5/trade/orders-algo-pending?ordType=twap&instType=SWAP&instId=AAVE-USDT-SWAP "HTTP/2 200 OK"
2026-03-22 11:36:41,773 | INFO | HTTP Request: GET https://www.okx.com/api/v5/trade/orders-algo-pending?ordType=chase&instType=SWAP&instId=AAVE-USDT-SWAP "HTTP/2 200 OK"
2026-03-22 11:36:41,786 | INFO | HTTP Request: GET https://www.okx.com/api/v5/market/candles?instId=AVAX-USDT-SWAP&bar=5m&limit=89 "HTTP/2 200 OK"
2026-03-22 11:36:42,308 | INFO | HTTP Request: GET https://www.okx.com/api/v5/market/ticker?instId=AXS-USDT-SWAP "HTTP/2 200 OK"
2026-03-22 11:36:42,547 | INFO | HTTP Request: GET https://www.okx.com/api/v5/trade/orders-algo-pending?ordType=conditional&instType=SWAP&instId=AAVE-USDT-SWAP "HTTP/2 200 OK"
2026-03-22 11:36:42,681 | INFO | HTTP Request: GET https://www.okx.com/api/v5/market/candles?instId=AXS-USDT-SWAP&bar=5m&limit=89 "HTTP/2 200 OK"
2026-03-22 11:36:42,912 | INFO | HTTP Request: GET https://www.okx.com/api/v5/trade/orders-algo-pending?ordType=oco&instType=SWAP&instId=AAVE-USDT-SWAP "HTTP/2 200 OK"
2026-03-22 11:36:43,166 | INFO | HTTP Request: GET https://www.okx.com/api/v5/market/ticker?instId=BAND-USDT-SWAP "HTTP/2 200 OK"
2026-03-22 11:36:43,284 | INFO | HTTP Request: GET https://www.okx.com/api/v5/trade/orders-algo-pending?ordType=trigger&instType=SWAP&instId=AAVE-USDT-SWAP "HTTP/2 200 OK"
2026-03-22 11:36:43,536 | INFO | HTTP Request: GET https://www.okx.com/api/v5/market/candles?instId=BAND-USDT-SWAP&bar=5m&limit=89 "HTTP/2 200 OK"
2026-03-22 11:36:43,652 | INFO | HTTP Request: GET https://www.okx.com/api/v5/trade/orders-algo-pending?ordType=move_order_stop&instType=SWAP&instId=AAVE-USDT-SWAP "HTTP/2 200 OK"
2026-03-22 11:36:44,020 | INFO | HTTP Request: GET https://www.okx.com/api/v5/market/ticker?instId=BCH-USDT-SWAP "HTTP/2 200 OK"
2026-03-22 11:36:44,022 | INFO | HTTP Request: GET https://www.okx.com/api/v5/trade/orders-algo-pending?ordType=iceberg&instType=SWAP&instId=AAVE-USDT-SWAP "HTTP/2 200 OK"
2026-03-22 11:36:44,433 | INFO | HTTP Request: GET https://www.okx.com/api/v5/market/candles?instId=BCH-USDT-SWAP&bar=5m&limit=89 "HTTP/2 200 OK"
2026-03-22 11:36:44,439 | INFO | HTTP Request: GET https://www.okx.com/api/v5/trade/orders-algo-pending?ordType=twap&instType=SWAP&instId=AAVE-USDT-SWAP "HTTP/2 200 OK"
2026-03-22 11:36:44,833 | INFO | HTTP Request: GET https://www.okx.com/api/v5/trade/orders-algo-pending?ordType=chase&instType=SWAP&instId=AAVE-USDT-SWAP "HTTP/2 200 OK"
2026-03-22 11:36:44,959 | INFO | HTTP Request: GET https://www.okx.com/api/v5/market/ticker?instId=BIO-USDT-SWAP "HTTP/2 200 OK"
2026-03-22 11:36:45,229 | INFO | HTTP Request: GET https://www.okx.com/api/v5/trade/orders-algo-pending?ordType=conditional&instType=SWAP&instId=AAVE-USDT-SWAP "HTTP/2 200 OK"
2026-03-22 11:36:45,342 | INFO | HTTP Request: GET https://www.okx.com/api/v5/market/candles?instId=BIO-USDT-SWAP&bar=5m&limit=89 "HTTP/2 200 OK"
2026-03-22 11:36:45,633 | INFO | HTTP Request: GET https://www.okx.com/api/v5/market/candles?instId=BTC-USDT-SWAP&bar=5m&limit=64 "HTTP/2 200 OK"
2026-03-22 11:36:45,633 | INFO | HTTP Request: GET https://www.okx.com/api/v5/trade/orders-algo-pending?ordType=oco&instType=SWAP&instId=AAVE-USDT-SWAP "HTTP/2 200 OK"
2026-03-22 11:36:45,859 | INFO | HTTP Request: GET https://www.okx.com/api/v5/market/ticker?instId=BLUAI-USDT-SWAP "HTTP/2 200 OK"
2026-03-22 11:36:45,881 | INFO | HTTP Request: GET https://www.okx.com/api/v5/account/balance "HTTP/2 200 OK"
2026-03-22 11:36:46,022 | INFO | HTTP Request: GET https://www.okx.com/api/v5/trade/orders-algo-pending?ordType=trigger&instType=SWAP&instId=AAVE-USDT-SWAP "HTTP/2 200 OK"
2026-03-22 11:36:46,223 | INFO | HTTP Request: GET https://www.okx.com/api/v5/market/candles?instId=BLUAI-USDT-SWAP&bar=5m&limit=89 "HTTP/2 200 OK"
2026-03-22 11:36:46,398 | INFO | HTTP Request: GET https://www.okx.com/api/v5/trade/orders-algo-pending?ordType=move_order_stop&instType=SWAP&instId=AAVE-USDT-SWAP "HTTP/2 200 OK"
2026-03-22 11:36:46,724 | INFO | HTTP Request: GET https://www.okx.com/api/v5/market/ticker?instId=BNB-USDT-SWAP "HTTP/2 200 OK"
2026-03-22 11:36:46,801 | INFO | HTTP Request: GET https://www.okx.com/api/v5/trade/orders-algo-pending?ordType=iceberg&instType=SWAP&instId=AAVE-USDT-SWAP "HTTP/2 200 OK"
2026-03-22 11:36:47,107 | INFO | HTTP Request: GET https://www.okx.com/api/v5/market/candles?instId=BNB-USDT-SWAP&bar=5m&limit=89 "HTTP/2 200 OK"
2026-03-22 11:36:47,197 | INFO | HTTP Request: GET https://www.okx.com/api/v5/trade/orders-algo-pending?ordType=twap&instType=SWAP&instId=AAVE-USDT-SWAP "HTTP/2 200 OK"
2026-03-22 11:36:47,612 | INFO | HTTP Request: GET https://www.okx.com/api/v5/trade/orders-algo-pending?ordType=chase&instType=SWAP&instId=AAVE-USDT-SWAP "HTTP/2 200 OK"
2026-03-22 11:36:47,623 | INFO | HTTP Request: GET https://www.okx.com/api/v5/market/ticker?instId=BOME-USDT-SWAP "HTTP/2 200 OK"
2026-03-22 11:36:48,015 | INFO | HTTP Request: GET https://www.okx.com/api/v5/market/candles?instId=BOME-USDT-SWAP&bar=5m&limit=89 "HTTP/2 200 OK"
2026-03-22 11:36:48,016 | INFO | HTTP Request: GET https://www.okx.com/api/v5/trade/orders-algo-pending?ordType=conditional&instType=SWAP&instId=AAVE-USDT-SWAP "HTTP/2 200 OK"
2026-03-22 11:36:48,423 | INFO | HTTP Request: GET https://www.okx.com/api/v5/trade/orders-algo-pending?ordType=oco&instType=SWAP&instId=AAVE-USDT-SWAP "HTTP/2 200 OK"
2026-03-22 11:36:48,553 | INFO | HTTP Request: GET https://www.okx.com/api/v5/market/ticker?instId=BRETT-USDT-SWAP "HTTP/2 200 OK"
2026-03-22 11:36:48,852 | INFO | HTTP Request: GET https://www.okx.com/api/v5/trade/orders-algo-pending?ordType=trigger&instType=SWAP&instId=AAVE-USDT-SWAP "HTTP/2 200 OK"
2026-03-22 11:36:48,958 | INFO | HTTP Request: GET https://www.okx.com/api/v5/market/candles?instId=BRETT-USDT-SWAP&bar=5m&limit=89 "HTTP/2 200 OK"
2026-03-22 11:36:49,242 | INFO | HTTP Request: GET https://www.okx.com/api/v5/trade/orders-algo-pending?ordType=move_order_stop&instType=SWAP&instId=AAVE-USDT-SWAP "HTTP/2 200 OK"
2026-03-22 11:36:49,466 | INFO | HTTP Request: GET https://www.okx.com/api/v5/market/ticker?instId=BTC-USDT-SWAP "HTTP/2 200 OK"
2026-03-22 11:36:49,660 | INFO | HTTP Request: GET https://www.okx.com/api/v5/trade/orders-algo-pending?ordType=iceberg&instType=SWAP&instId=AAVE-USDT-SWAP "HTTP/2 200 OK"
2026-03-22 11:36:49,990 | INFO | HTTP Request: GET https://www.okx.com/api/v5/market/ticker?instId=CAT-USDT-SWAP "HTTP/2 200 OK"
2026-03-22 11:36:50,061 | INFO | HTTP Request: GET https://www.okx.com/api/v5/trade/orders-algo-pending?ordType=twap&instType=SWAP&instId=AAVE-USDT-SWAP "HTTP/2 200 OK"
2026-03-22 11:36:50,376 | INFO | HTTP Request: GET https://www.okx.com/api/v5/market/candles?instId=CAT-USDT-SWAP&bar=5m&limit=89 "HTTP/2 200 OK"
2026-03-22 11:36:50,494 | INFO | HTTP Request: GET https://www.okx.com/api/v5/trade/orders-algo-pending?ordType=chase&instType=SWAP&instId=AAVE-USDT-SWAP "HTTP/2 200 OK"
2026-03-22 11:36:50,938 | INFO | HTTP Request: GET https://www.okx.com/api/v5/market/ticker?instId=CATI-USDT-SWAP "HTTP/2 200 OK"
2026-03-22 11:36:51,245 | INFO | HTTP Request: GET https://www.okx.com/api/v5/trade/orders-algo-pending?ordType=conditional&instType=SWAP&instId=AAVE-USDT-SWAP "HTTP/2 200 OK"
2026-03-22 11:36:51,307 | INFO | HTTP Request: GET https://www.okx.com/api/v5/market/candles?instId=CATI-USDT-SWAP&bar=5m&limit=89 "HTTP/2 200 OK"
2026-03-22 11:36:51,325 | INFO | HTTP Request: GET https://www.okx.com/api/v5/account/balance "HTTP/2 200 OK"
2026-03-22 11:36:51,616 | INFO | HTTP Request: GET https://www.okx.com/api/v5/trade/orders-algo-pending?ordType=oco&instType=SWAP&instId=AAVE-USDT-SWAP "HTTP/2 200 OK"
2026-03-22 11:36:51,847 | INFO | HTTP Request: GET https://www.okx.com/api/v5/market/ticker?instId=CELO-USDT-SWAP "HTTP/2 200 OK"
2026-03-22 11:36:51,886 | INFO | HTTP Request: GET https://www.okx.com/api/v5/market/candles?instId=BTC-USDT-SWAP&bar=5m&limit=64 "HTTP/2 200 OK"
2026-03-22 11:36:52,026 | INFO | HTTP Request: GET https://www.okx.com/api/v5/trade/orders-algo-pending?ordType=trigger&instType=SWAP&instId=AAVE-USDT-SWAP "HTTP/2 200 OK"
2026-03-22 11:36:52,251 | INFO | HTTP Request: GET https://www.okx.com/api/v5/market/candles?instId=CELO-USDT-SWAP&bar=5m&limit=89 "HTTP/2 200 OK"
2026-03-22 11:36:52,402 | INFO | HTTP Request: GET https://www.okx.com/api/v5/trade/orders-algo-pending?ordType=move_order_stop&instType=SWAP&instId=AAVE-USDT-SWAP "HTTP/2 200 OK"
2026-03-22 11:36:52,739 | INFO | HTTP Request: GET https://www.okx.com/api/v5/market/ticker?instId=CFX-USDT-SWAP "HTTP/2 200 OK"
2026-03-22 11:36:52,791 | INFO | HTTP Request: GET https://www.okx.com/api/v5/trade/orders-algo-pending?ordType=iceberg&instType=SWAP&instId=AAVE-USDT-SWAP "HTTP/2 200 OK"
2026-03-22 11:36:53,116 | INFO | HTTP Request: GET https://www.okx.com/api/v5/market/candles?instId=CFX-USDT-SWAP&bar=5m&limit=89 "HTTP/2 200 OK"
2026-03-22 11:36:53,173 | INFO | HTTP Request: GET https://www.okx.com/api/v5/trade/orders-algo-pending?ordType=twap&instType=SWAP&instId=AAVE-USDT-SWAP "HTTP/2 200 OK"
2026-03-22 11:36:53,596 | INFO | HTTP Request: GET https://www.okx.com/api/v5/trade/orders-algo-pending?ordType=chase&instType=SWAP&instId=AAVE-USDT-SWAP "HTTP/2 200 OK"
2026-03-22 11:36:53,604 | INFO | HTTP Request: GET https://www.okx.com/api/v5/market/ticker?instId=CHZ-USDT-SWAP "HTTP/2 200 OK"
2026-03-22 11:36:54,020 | INFO | HTTP Request: GET https://www.okx.com/api/v5/market/candles?instId=CHZ-USDT-SWAP&bar=5m&limit=89 "HTTP/2 200 OK"
2026-03-22 11:36:54,343 | INFO | HTTP Request: GET https://www.okx.com/api/v5/trade/orders-algo-pending?ordType=conditional&instType=SWAP&instId=AAVE-USDT-SWAP "HTTP/2 200 OK"
2026-03-22 11:36:54,531 | INFO | HTTP Request: GET https://www.okx.com/api/v5/market/ticker?instId=COAI-USDT-SWAP "HTTP/2 200 OK"
2026-03-22 11:36:54,714 | INFO | HTTP Request: GET https://www.okx.com/api/v5/trade/orders-algo-pending?ordType=oco&instType=SWAP&instId=AAVE-USDT-SWAP "HTTP/2 200 OK"
2026-03-22 11:36:54,918 | INFO | HTTP Request: GET https://www.okx.com/api/v5/market/candles?instId=COAI-USDT-SWAP&bar=5m&limit=89 "HTTP/2 200 OK"
2026-03-22 11:36:55,130 | INFO | HTTP Request: GET https://www.okx.com/api/v5/trade/orders-algo-pending?ordType=trigger&instType=SWAP&instId=AAVE-USDT-SWAP "HTTP/2 200 OK"
2026-03-22 11:36:55,442 | INFO | HTTP Request: GET https://www.okx.com/api/v5/market/ticker?instId=COMP-USDT-SWAP "HTTP/2 200 OK"
2026-03-22 11:36:55,552 | INFO | HTTP Request: GET https://www.okx.com/api/v5/trade/orders-algo-pending?ordType=move_order_stop&instType=SWAP&instId=AAVE-USDT-SWAP "HTTP/2 200 OK"
2026-03-22 11:36:55,844 | INFO | HTTP Request: GET https://www.okx.com/api/v5/market/candles?instId=COMP-USDT-SWAP&bar=5m&limit=89 "HTTP/2 200 OK"
2026-03-22 11:36:55,949 | INFO | HTTP Request: GET https://www.okx.com/api/v5/trade/orders-algo-pending?ordType=iceberg&instType=SWAP&instId=AAVE-USDT-SWAP "HTTP/2 200 OK"
2026-03-22 11:36:56,358 | INFO | HTTP Request: GET https://www.okx.com/api/v5/trade/orders-algo-pending?ordType=twap&instType=SWAP&instId=AAVE-USDT-SWAP "HTTP/2 200 OK"
2026-03-22 11:36:56,368 | INFO | HTTP Request: GET https://www.okx.com/api/v5/market/ticker?instId=CRO-USDT-SWAP "HTTP/2 200 OK"
2026-03-22 11:36:56,668 | INFO | HTTP Request: GET https://www.okx.com/api/v5/account/balance "HTTP/2 200 OK"
2026-03-22 11:36:56,757 | INFO | HTTP Request: GET https://www.okx.com/api/v5/trade/orders-algo-pending?ordType=chase&instType=SWAP&instId=AAVE-USDT-SWAP "HTTP/2 200 OK"
2026-03-22 11:36:56,757 | INFO | HTTP Request: GET https://www.okx.com/api/v5/market/candles?instId=CRO-USDT-SWAP&bar=5m&limit=89 "HTTP/2 200 OK"
2026-03-22 11:36:57,299 | INFO | HTTP Request: GET https://www.okx.com/api/v5/market/ticker?instId=CRV-USDT-SWAP "HTTP/2 200 OK"
2026-03-22 11:36:57,526 | INFO | HTTP Request: GET https://www.okx.com/api/v5/trade/orders-algo-pending?ordType=conditional&instType=SWAP&instId=AAVE-USDT-SWAP "HTTP/2 200 OK"
2026-03-22 11:36:57,691 | INFO | HTTP Request: GET https://www.okx.com/api/v5/market/candles?instId=CRV-USDT-SWAP&bar=5m&limit=89 "HTTP/2 200 OK"
2026-03-22 11:36:57,889 | INFO | HTTP Request: GET https://www.okx.com/api/v5/trade/orders-algo-pending?ordType=oco&instType=SWAP&instId=AAVE-USDT-SWAP "HTTP/2 200 OK"
2026-03-22 11:36:58,128 | INFO | HTTP Request: GET https://www.okx.com/api/v5/market/candles?instId=BTC-USDT-SWAP&bar=5m&limit=64 "HTTP/2 200 OK"
2026-03-22 11:36:58,223 | INFO | HTTP Request: GET https://www.okx.com/api/v5/market/ticker?instId=DOGE-USDT-SWAP "HTTP/2 200 OK"
2026-03-22 11:36:58,300 | INFO | HTTP Request: GET https://www.okx.com/api/v5/trade/orders-algo-pending?ordType=trigger&instType=SWAP&instId=AAVE-USDT-SWAP "HTTP/2 200 OK"
2026-03-22 11:36:58,611 | INFO | HTTP Request: GET https://www.okx.com/api/v5/market/candles?instId=DOGE-USDT-SWAP&bar=5m&limit=89 "HTTP/2 200 OK"
2026-03-22 11:36:58,718 | INFO | HTTP Request: GET https://www.okx.com/api/v5/trade/orders-algo-pending?ordType=move_order_stop&instType=SWAP&instId=AAVE-USDT-SWAP "HTTP/2 200 OK"
2026-03-22 11:36:59,126 | INFO | HTTP Request: GET https://www.okx.com/api/v5/trade/orders-algo-pending?ordType=iceberg&instType=SWAP&instId=AAVE-USDT-SWAP "HTTP/2 200 OK"
2026-03-22 11:36:59,137 | INFO | HTTP Request: GET https://www.okx.com/api/v5/market/ticker?instId=DOT-USDT-SWAP "HTTP/2 200 OK"
2026-03-22 11:36:59,540 | INFO | HTTP Request: GET https://www.okx.com/api/v5/trade/orders-algo-pending?ordType=twap&instType=SWAP&instId=AAVE-USDT-SWAP "HTTP/2 200 OK"
2026-03-22 11:36:59,540 | INFO | HTTP Request: GET https://www.okx.com/api/v5/market/candles?instId=DOT-USDT-SWAP&bar=5m&limit=89 "HTTP/2 200 OK"
2026-03-22 11:36:59,946 | INFO | HTTP Request: GET https://www.okx.com/api/v5/trade/orders-algo-pending?ordType=chase&instType=SWAP&instId=AAVE-USDT-SWAP "HTTP/2 200 OK"
2026-03-22 11:37:00,074 | INFO | HTTP Request: GET https://www.okx.com/api/v5/market/ticker?instId=ENA-USDT-SWAP "HTTP/2 200 OK"
2026-03-22 11:37:00,445 | INFO | HTTP Request: GET https://www.okx.com/api/v5/market/candles?instId=ENA-USDT-SWAP&bar=5m&limit=89 "HTTP/2 200 OK"
2026-03-22 11:37:00,726 | INFO | HTTP Request: GET https://www.okx.com/api/v5/trade/orders-algo-pending?ordType=conditional&instType=SWAP&instId=AAVE-USDT-SWAP "HTTP/2 200 OK"
2026-03-22 11:37:00,982 | INFO | HTTP Request: GET https://www.okx.com/api/v5/market/ticker?instId=EOS-USDT-SWAP "HTTP/2 200 OK"
2026-03-22 11:37:01,090 | INFO | HTTP Request: GET https://www.okx.com/api/v5/trade/orders-algo-pending?ordType=oco&instType=SWAP&instId=AAVE-USDT-SWAP "HTTP/2 200 OK"
2026-03-22 11:37:01,408 | INFO | HTTP Request: GET https://www.okx.com/api/v5/market/candles?instId=EOS-USDT-SWAP&bar=5m&limit=89 "HTTP/2 200 OK"
2026-03-22 11:37:01,505 | INFO | HTTP Request: GET https://www.okx.com/api/v5/trade/orders-algo-pending?ordType=trigger&instType=SWAP&instId=AAVE-USDT-SWAP "HTTP/2 200 OK"
2026-03-22 11:37:01,934 | INFO | HTTP Request: GET https://www.okx.com/api/v5/market/ticker?instId=ETC-USDT-SWAP "HTTP/2 200 OK"
2026-03-22 11:37:01,939 | INFO | HTTP Request: GET https://www.okx.com/api/v5/trade/orders-algo-pending?ordType=move_order_stop&instType=SWAP&instId=AAVE-USDT-SWAP "HTTP/2 200 OK"
2026-03-22 11:37:02,143 | INFO | HTTP Request: GET https://www.okx.com/api/v5/account/balance "HTTP/2 200 OK"
2026-03-22 11:37:02,327 | INFO | HTTP Request: GET https://www.okx.com/api/v5/market/candles?instId=ETC-USDT-SWAP&bar=5m&limit=89 "HTTP/2 200 OK"
2026-03-22 11:37:02,327 | INFO | HTTP Request: GET https://www.okx.com/api/v5/trade/orders-algo-pending?ordType=iceberg&instType=SWAP&instId=AAVE-USDT-SWAP "HTTP/2 200 OK"
2026-03-22 11:37:02,737 | INFO | HTTP Request: GET https://www.okx.com/api/v5/trade/orders-algo-pending?ordType=twap&instType=SWAP&instId=AAVE-USDT-SWAP "HTTP/2 200 OK"
2026-03-22 11:37:02,869 | INFO | HTTP Request: GET https://www.okx.com/api/v5/market/ticker?instId=ETH-USDT-SWAP "HTTP/2 200 OK"
2026-03-22 11:37:03,146 | INFO | HTTP Request: GET https://www.okx.com/api/v5/trade/orders-algo-pending?ordType=chase&instType=SWAP&instId=AAVE-USDT-SWAP "HTTP/2 200 OK"
2026-03-22 11:37:03,237 | INFO | HTTP Request: GET https://www.okx.com/api/v5/market/candles?instId=ETH-USDT-SWAP&bar=5m&limit=89 "HTTP/2 200 OK"
2026-03-22 11:37:03,782 | INFO | HTTP Request: GET https://www.okx.com/api/v5/market/ticker?instId=ETHW-USDT-SWAP "HTTP/2 200 OK"
2026-03-22 11:37:03,913 | INFO | HTTP Request: GET https://www.okx.com/api/v5/trade/orders-algo-pending?ordType=conditional&instType=SWAP&instId=AAVE-USDT-SWAP "HTTP/2 200 OK"
2026-03-22 11:37:04,165 | INFO | HTTP Request: GET https://www.okx.com/api/v5/market/candles?instId=ETHW-USDT-SWAP&bar=5m&limit=89 "HTTP/2 200 OK"
2026-03-22 11:37:04,281 | INFO | HTTP Request: GET https://www.okx.com/api/v5/trade/orders-algo-pending?ordType=oco&instType=SWAP&instId=AAVE-USDT-SWAP "HTTP/2 200 OK"
2026-03-22 11:37:04,388 | INFO | HTTP Request: GET https://www.okx.com/api/v5/market/candles?instId=BTC-USDT-SWAP&bar=5m&limit=64 "HTTP/2 200 OK"
2026-03-22 11:37:04,654 | INFO | HTTP Request: GET https://www.okx.com/api/v5/market/ticker?instId=FIL-USDT-SWAP "HTTP/2 200 OK"
2026-03-22 11:37:04,659 | INFO | HTTP Request: GET https://www.okx.com/api/v5/trade/orders-algo-pending?ordType=trigger&instType=SWAP&instId=AAVE-USDT-SWAP "HTTP/2 200 OK"
2026-03-22 11:37:05,056 | INFO | HTTP Request: GET https://www.okx.com/api/v5/market/candles?instId=FIL-USDT-SWAP&bar=5m&limit=89 "HTTP/2 200 OK"
2026-03-22 11:37:05,079 | INFO | HTTP Request: GET https://www.okx.com/api/v5/trade/orders-algo-pending?ordType=move_order_stop&instType=SWAP&instId=AAVE-USDT-SWAP "HTTP/2 200 OK"
2026-03-22 11:37:05,503 | INFO | HTTP Request: GET https://www.okx.com/api/v5/trade/orders-algo-pending?ordType=iceberg&instType=SWAP&instId=AAVE-USDT-SWAP "HTTP/2 200 OK"
2026-03-22 11:37:05,598 | INFO | HTTP Request: GET https://www.okx.com/api/v5/market/ticker?instId=FLOKI-USDT-SWAP "HTTP/2 200 OK"
2026-03-22 11:37:05,877 | INFO | HTTP Request: GET https://www.okx.com/api/v5/trade/orders-algo-pending?ordType=twap&instType=SWAP&instId=AAVE-USDT-SWAP "HTTP/2 200 OK"
2026-03-22 11:37:05,974 | INFO | HTTP Request: GET https://www.okx.com/api/v5/market/candles?instId=FLOKI-USDT-SWAP&bar=5m&limit=89 "HTTP/2 200 OK"
2026-03-22 11:37:06,284 | INFO | HTTP Request: GET https://www.okx.com/api/v5/trade/orders-algo-pending?ordType=chase&instType=SWAP&instId=AAVE-USDT-SWAP "HTTP/2 200 OK"
2026-03-22 11:37:06,519 | INFO | HTTP Request: GET https://www.okx.com/api/v5/market/ticker?instId=GMT-USDT-SWAP "HTTP/2 200 OK"
2026-03-22 11:37:06,903 | INFO | HTTP Request: GET https://www.okx.com/api/v5/market/candles?instId=GMT-USDT-SWAP&bar=5m&limit=89 "HTTP/2 200 OK"
2026-03-22 11:37:07,054 | INFO | HTTP Request: GET https://www.okx.com/api/v5/trade/orders-algo-pending?ordType=conditional&instType=SWAP&instId=AAVE-USDT-SWAP "HTTP/2 200 OK"
2026-03-22 11:37:07,430 | INFO | HTTP Request: GET https://www.okx.com/api/v5/market/ticker?instId=H-USDT-SWAP "HTTP/2 200 OK"
2026-03-22 11:37:07,440 | INFO | HTTP Request: GET https://www.okx.com/api/v5/trade/orders-algo-pending?ordType=oco&instType=SWAP&instId=AAVE-USDT-SWAP "HTTP/2 200 OK"
2026-03-22 11:37:07,489 | INFO | HTTP Request: GET https://www.okx.com/api/v5/account/balance "HTTP/2 200 OK"
2026-03-22 11:37:07,826 | INFO | HTTP Request: GET https://www.okx.com/api/v5/market/candles?instId=H-USDT-SWAP&bar=5m&limit=89 "HTTP/2 200 OK"
2026-03-22 11:37:07,827 | INFO | HTTP Request: GET https://www.okx.com/api/v5/trade/orders-algo-pending?ordType=trigger&instType=SWAP&instId=AAVE-USDT-SWAP "HTTP/2 200 OK"
2026-03-22 11:37:08,207 | INFO | HTTP Request: GET https://www.okx.com/api/v5/trade/orders-algo-pending?ordType=move_order_stop&instType=SWAP&instId=AAVE-USDT-SWAP "HTTP/2 200 OK"
2026-03-22 11:37:08,312 | INFO | HTTP Request: GET https://www.okx.com/api/v5/market/ticker?instId=HBAR-USDT-SWAP "HTTP/2 200 OK"
2026-03-22 11:37:08,633 | INFO | HTTP Request: GET https://www.okx.com/api/v5/trade/orders-algo-pending?ordType=iceberg&instType=SWAP&instId=AAVE-USDT-SWAP "HTTP/2 200 OK"
2026-03-22 11:37:08,724 | INFO | HTTP Request: GET https://www.okx.com/api/v5/market/candles?instId=HBAR-USDT-SWAP&bar=5m&limit=89 "HTTP/2 200 OK"
2026-03-22 11:37:09,015 | INFO | HTTP Request: GET https://www.okx.com/api/v5/trade/orders-algo-pending?ordType=twap&instType=SWAP&instId=AAVE-USDT-SWAP "HTTP/2 200 OK"
2026-03-22 11:37:09,236 | INFO | HTTP Request: GET https://www.okx.com/api/v5/market/ticker?instId=HMSTR-USDT-SWAP "HTTP/2 200 OK"
2026-03-22 11:37:09,435 | INFO | HTTP Request: GET https://www.okx.com/api/v5/trade/orders-algo-pending?ordType=chase&instType=SWAP&instId=AAVE-USDT-SWAP "HTTP/2 200 OK"
2026-03-22 11:37:09,633 | INFO | HTTP Request: GET https://www.okx.com/api/v5/market/candles?instId=HMSTR-USDT-SWAP&bar=5m&limit=89 "HTTP/2 200 OK"
2026-03-22 11:37:10,157 | INFO | HTTP Request: GET https://www.okx.com/api/v5/market/ticker?instId=HOME-USDT-SWAP "HTTP/2 200 OK"
2026-03-22 11:37:10,183 | INFO | HTTP Request: GET https://www.okx.com/api/v5/trade/orders-algo-pending?ordType=conditional&instType=SWAP&instId=AAVE-USDT-SWAP "HTTP/2 200 OK"
2026-03-22 11:37:10,556 | INFO | HTTP Request: GET https://www.okx.com/api/v5/trade/orders-algo-pending?ordType=oco&instType=SWAP&instId=AAVE-USDT-SWAP "HTTP/2 200 OK"
2026-03-22 11:37:10,606 | INFO | HTTP Request: GET https://www.okx.com/api/v5/market/candles?instId=HOME-USDT-SWAP&bar=5m&limit=89 "HTTP/2 200 OK"
2026-03-22 11:37:10,647 | INFO | HTTP Request: GET https://www.okx.com/api/v5/market/candles?instId=BTC-USDT-SWAP&bar=5m&limit=64 "HTTP/2 200 OK"
2026-03-22 11:37:10,979 | INFO | HTTP Request: GET https://www.okx.com/api/v5/trade/orders-algo-pending?ordType=trigger&instType=SWAP&instId=AAVE-USDT-SWAP "HTTP/2 200 OK"
2026-03-22 11:37:11,085 | INFO | HTTP Request: GET https://www.okx.com/api/v5/market/ticker?instId=ICP-USDT-SWAP "HTTP/2 200 OK"
2026-03-22 11:37:11,377 | INFO | HTTP Request: GET https://www.okx.com/api/v5/trade/orders-algo-pending?ordType=move_order_stop&instType=SWAP&instId=AAVE-USDT-SWAP "HTTP/2 200 OK"
2026-03-22 11:37:11,464 | INFO | HTTP Request: GET https://www.okx.com/api/v5/market/candles?instId=ICP-USDT-SWAP&bar=5m&limit=89 "HTTP/2 200 OK"
2026-03-22 11:37:11,770 | INFO | HTTP Request: GET https://www.okx.com/api/v5/trade/orders-algo-pending?ordType=iceberg&instType=SWAP&instId=AAVE-USDT-SWAP "HTTP/2 200 OK"
2026-03-22 11:37:11,982 | INFO | HTTP Request: GET https://www.okx.com/api/v5/market/ticker?instId=IMX-USDT-SWAP "HTTP/2 200 OK"
2026-03-22 11:37:12,170 | INFO | HTTP Request: GET https://www.okx.com/api/v5/trade/orders-algo-pending?ordType=twap&instType=SWAP&instId=AAVE-USDT-SWAP "HTTP/2 200 OK"
2026-03-22 11:37:12,374 | INFO | HTTP Request: GET https://www.okx.com/api/v5/market/candles?instId=IMX-USDT-SWAP&bar=5m&limit=89 "HTTP/2 200 OK"
2026-03-22 11:37:12,595 | INFO | HTTP Request: GET https://www.okx.com/api/v5/trade/orders-algo-pending?ordType=chase&instType=SWAP&instId=AAVE-USDT-SWAP "HTTP/2 200 OK"
2026-03-22 11:37:12,806 | INFO | HTTP Request: GET https://www.okx.com/api/v5/account/balance "HTTP/2 200 OK"
2026-03-22 11:37:12,898 | INFO | HTTP Request: GET https://www.okx.com/api/v5/market/ticker?instId=INJ-USDT-SWAP "HTTP/2 200 OK"
2026-03-22 11:37:13,316 | INFO | HTTP Request: GET https://www.okx.com/api/v5/market/candles?instId=INJ-USDT-SWAP&bar=5m&limit=89 "HTTP/2 200 OK"
2026-03-22 11:37:13,341 | INFO | HTTP Request: GET https://www.okx.com/api/v5/trade/orders-algo-pending?ordType=conditional&instType=SWAP&instId=AAVE-USDT-SWAP "HTTP/2 200 OK"
2026-03-22 11:37:13,704 | INFO | HTTP Request: GET https://www.okx.com/api/v5/trade/orders-algo-pending?ordType=oco&instType=SWAP&instId=AAVE-USDT-SWAP "HTTP/2 200 OK"
2026-03-22 11:37:13,819 | INFO | HTTP Request: GET https://www.okx.com/api/v5/market/ticker?instId=IOTA-USDT-SWAP "HTTP/2 200 OK"
2026-03-22 11:37:14,112 | INFO | HTTP Request: GET https://www.okx.com/api/v5/trade/orders-algo-pending?ordType=trigger&instType=SWAP&instId=AAVE-USDT-SWAP "HTTP/2 200 OK"
2026-03-22 11:37:14,235 | INFO | HTTP Request: GET https://www.okx.com/api/v5/market/candles?instId=IOTA-USDT-SWAP&bar=5m&limit=89 "HTTP/2 200 OK"
2026-03-22 11:37:14,538 | INFO | HTTP Request: GET https://www.okx.com/api/v5/trade/orders-algo-pending?ordType=move_order_stop&instType=SWAP&instId=AAVE-USDT-SWAP "HTTP/2 200 OK"
2026-03-22 11:37:14,738 | INFO | HTTP Request: GET https://www.okx.com/api/v5/market/ticker?instId=JUP-USDT-SWAP "HTTP/2 200 OK"
2026-03-22 11:37:14,941 | INFO | HTTP Request: GET https://www.okx.com/api/v5/trade/orders-algo-pending?ordType=iceberg&instType=SWAP&instId=AAVE-USDT-SWAP "HTTP/2 200 OK"
2026-03-22 11:37:15,142 | INFO | HTTP Request: GET https://www.okx.com/api/v5/market/candles?instId=JUP-USDT-SWAP&bar=5m&limit=89 "HTTP/2 200 OK"
2026-03-22 11:37:15,341 | INFO | HTTP Request: GET https://www.okx.com/api/v5/trade/orders-algo-pending?ordType=twap&instType=SWAP&instId=AAVE-USDT-SWAP "HTTP/2 200 OK"
2026-03-22 11:37:15,671 | INFO | HTTP Request: GET https://www.okx.com/api/v5/market/ticker?instId=KAITO-USDT-SWAP "HTTP/2 200 OK"
2026-03-22 11:37:15,740 | INFO | HTTP Request: GET https://www.okx.com/api/v5/trade/orders-algo-pending?ordType=chase&instType=SWAP&instId=AAVE-USDT-SWAP "HTTP/2 200 OK"
2026-03-22 11:37:16,051 | INFO | HTTP Request: GET https://www.okx.com/api/v5/market/candles?instId=KAITO-USDT-SWAP&bar=5m&limit=89 "HTTP/2 200 OK"
2026-03-22 11:37:16,575 | INFO | HTTP Request: GET https://www.okx.com/api/v5/market/ticker?instId=KSM-USDT-SWAP "HTTP/2 200 OK"
2026-03-22 11:37:16,766 | INFO | HTTP Request: GET https://www.okx.com/api/v5/market/candles?instId=BTC-USDT-SWAP&bar=5m&limit=64 "HTTP/2 200 OK"
2026-03-22 11:37:16,899 | INFO | HTTP Request: GET https://www.okx.com/api/v5/market/candles?instId=BTC-USDT-SWAP&bar=5m&limit=64 "HTTP/2 200 OK"
2026-03-22 11:37:16,965 | INFO | HTTP Request: GET https://www.okx.com/api/v5/market/candles?instId=KSM-USDT-SWAP&bar=5m&limit=89 "HTTP/2 200 OK"
2026-03-22 11:37:17,246 | INFO | HTTP Request: GET https://www.okx.com/api/v5/public/instruments?instType=SWAP "HTTP/2 200 OK"
2026-03-22 11:37:17,487 | INFO | HTTP Request: GET https://www.okx.com/api/v5/account/balance "HTTP/2 200 OK"
2026-03-22 11:37:17,504 | INFO | HTTP Request: GET https://www.okx.com/api/v5/market/ticker?instId=LDO-USDT-SWAP "HTTP/2 200 OK"
2026-03-22 11:37:17,848 | INFO | HTTP Request: GET https://www.okx.com/api/v5/trade/orders-pending?instType=SWAP&instId=1INCH-USDT-SWAP "HTTP/2 200 OK"
2026-03-22 11:37:17,878 | INFO | HTTP Request: GET https://www.okx.com/api/v5/market/candles?instId=LDO-USDT-SWAP&bar=5m&limit=89 "HTTP/2 200 OK"
2026-03-22 11:37:18,071 | INFO | HTTP Request: GET https://www.okx.com/api/v5/account/balance "HTTP/2 200 OK"
2026-03-22 11:37:18,224 | INFO | HTTP Request: GET https://www.okx.com/api/v5/market/ticker?instId=1INCH-USDT-SWAP "HTTP/2 200 OK"
2026-03-22 11:37:18,367 | INFO | HTTP Request: GET https://www.okx.com/api/v5/market/ticker?instId=LINEA-USDT-SWAP "HTTP/2 200 OK"
2026-03-22 11:37:18,736 | INFO | HTTP Request: GET https://www.okx.com/api/v5/market/candles?instId=LINEA-USDT-SWAP&bar=5m&limit=89 "HTTP/2 200 OK"
2026-03-22 11:37:19,283 | INFO | HTTP Request: GET https://www.okx.com/api/v5/market/ticker?instId=LINK-USDT-SWAP "HTTP/2 200 OK"
2026-03-22 11:37:19,661 | INFO | HTTP Request: GET https://www.okx.com/api/v5/market/candles?instId=LINK-USDT-SWAP&bar=5m&limit=89 "HTTP/2 200 OK"
2026-03-22 11:37:20,196 | INFO | HTTP Request: GET https://www.okx.com/api/v5/market/ticker?instId=LIT-USDT-SWAP "HTTP/2 200 OK"
2026-03-22 11:37:20,572 | INFO | HTTP Request: GET https://www.okx.com/api/v5/market/candles?instId=LIT-USDT-SWAP&bar=5m&limit=89 "HTTP/2 200 OK"
2026-03-22 11:37:21,109 | INFO | HTTP Request: GET https://www.okx.com/api/v5/market/ticker?instId=LPT-USDT-SWAP "HTTP/2 200 OK"
2026-03-22 11:37:21,499 | INFO | HTTP Request: GET https://www.okx.com/api/v5/market/candles?instId=LPT-USDT-SWAP&bar=5m&limit=89 "HTTP/2 200 OK"
2026-03-22 11:37:21,999 | INFO | HTTP Request: GET https://www.okx.com/api/v5/market/ticker?instId=LQTY-USDT-SWAP "HTTP/2 200 OK"
2026-03-22 11:37:22,176 | INFO | HTTP Request: GET https://www.okx.com/api/v5/public/instruments?instType=SWAP "HTTP/2 200 OK"
2026-03-22 11:37:22,446 | INFO | HTTP Request: GET https://www.okx.com/api/v5/market/candles?instId=LQTY-USDT-SWAP&bar=5m&limit=89 "HTTP/2 200 OK"
2026-03-22 11:37:22,467 | INFO | HTTP Request: GET https://www.okx.com/api/v5/account/balance "HTTP/2 200 OK"
2026-03-22 11:37:22,832 | INFO | HTTP Request: GET https://www.okx.com/api/v5/trade/orders-pending?instType=SWAP&instId=1INCH-USDT-SWAP "HTTP/2 200 OK"
2026-03-22 11:37:22,937 | INFO | HTTP Request: GET https://www.okx.com/api/v5/market/ticker?instId=LRC-USDT-SWAP "HTTP/2 200 OK"
2026-03-22 11:37:23,128 | INFO | HTTP Request: GET https://www.okx.com/api/v5/market/candles?instId=BTC-USDT-SWAP&bar=5m&limit=64 "HTTP/2 200 OK"
2026-03-22 11:37:23,240 | INFO | HTTP Request: GET https://www.okx.com/api/v5/market/ticker?instId=1INCH-USDT-SWAP "HTTP/2 200 OK"
2026-03-22 11:37:23,337 | INFO | HTTP Request: GET https://www.okx.com/api/v5/account/balance "HTTP/2 200 OK"
2026-03-22 11:37:23,346 | INFO | HTTP Request: GET https://www.okx.com/api/v5/market/candles?instId=LRC-USDT-SWAP&bar=5m&limit=89 "HTTP/2 200 OK"
2026-03-22 11:37:23,477 | INFO | HTTP Request: GET https://www.okx.com/api/v5/account/positions?instType=SWAP "HTTP/2 200 OK"
2026-03-22 11:37:23,848 | INFO | HTTP Request: GET https://www.okx.com/api/v5/market/ticker?instId=LTC-USDT-SWAP "HTTP/2 200 OK"
2026-03-22 11:37:23,854 | INFO | HTTP Request: GET https://www.okx.com/api/v5/market/candles?instId=H-USDT-SWAP&bar=15m&limit=121 "HTTP/2 200 OK"
2026-03-22 11:37:24,245 | INFO | HTTP Request: GET https://www.okx.com/api/v5/market/candles?instId=LTC-USDT-SWAP&bar=5m&limit=89 "HTTP/2 200 OK"
2026-03-22 11:37:24,262 | INFO | HTTP Request: GET https://www.okx.com/api/v5/market/candles?instId=H-USDT-SWAP&bar=5m&limit=97 "HTTP/2 200 OK"
2026-03-22 11:37:24,672 | INFO | HTTP Request: GET https://www.okx.com/api/v5/market/history-trades?instId=H-USDT-SWAP&limit=100 "HTTP/2 200 OK"
2026-03-22 11:37:24,793 | INFO | HTTP Request: GET https://www.okx.com/api/v5/market/ticker?instId=MAJOR-USDT-SWAP "HTTP/2 200 OK"
2026-03-22 11:37:25,092 | INFO | HTTP Request: GET https://www.okx.com/api/v5/market/books?instId=H-USDT-SWAP&sz=5 "HTTP/2 200 OK"
2026-03-22 11:37:25,230 | INFO | HTTP Request: GET https://www.okx.com/api/v5/market/candles?instId=MAJOR-USDT-SWAP&bar=5m&limit=89 "HTTP/2 200 OK"
2026-03-22 11:37:25,697 | INFO | HTTP Request: GET https://www.okx.com/api/v5/market/books?instId=H-USDT-SWAP&sz=5 "HTTP/2 200 OK"
2026-03-22 11:37:25,720 | INFO | HTTP Request: GET https://www.okx.com/api/v5/market/ticker?instId=MASK-USDT-SWAP "HTTP/2 200 OK"
2026-03-22 11:37:26,123 | INFO | HTTP Request: GET https://www.okx.com/api/v5/market/candles?instId=MASK-USDT-SWAP&bar=5m&limit=89 "HTTP/2 200 OK"
2026-03-22 11:37:26,330 | INFO | HTTP Request: GET https://www.okx.com/api/v5/market/books?instId=H-USDT-SWAP&sz=5 "HTTP/2 200 OK"
2026-03-22 11:37:26,650 | INFO | HTTP Request: GET https://www.okx.com/api/v5/market/ticker?instId=MET-USDT-SWAP "HTTP/2 200 OK"
2026-03-22 11:37:26,930 | INFO | HTTP Request: GET https://www.okx.com/api/v5/market/books?instId=H-USDT-SWAP&sz=5 "HTTP/2 200 OK"
2026-03-22 11:37:27,046 | INFO | HTTP Request: GET https://www.okx.com/api/v5/market/candles?instId=MET-USDT-SWAP&bar=5m&limit=89 "HTTP/2 200 OK"
2026-03-22 11:37:27,341 | INFO | HTTP Request: GET https://www.okx.com/api/v5/market/candles?instId=HBAR-USDT-SWAP&bar=15m&limit=121 "HTTP/2 200 OK"
2026-03-22 11:37:27,552 | INFO | HTTP Request: GET https://www.okx.com/api/v5/market/ticker?instId=MINA-USDT-SWAP "HTTP/2 200 OK"
2026-03-22 11:37:27,732 | INFO | HTTP Request: GET https://www.okx.com/api/v5/market/candles?instId=HBAR-USDT-SWAP&bar=5m&limit=97 "HTTP/2 200 OK"
2026-03-22 11:37:28,015 | INFO | HTTP Request: GET https://www.okx.com/api/v5/market/candles?instId=MINA-USDT-SWAP&bar=5m&limit=89 "HTTP/2 200 OK"
2026-03-22 11:37:28,164 | INFO | HTTP Request: GET https://www.okx.com/api/v5/market/history-trades?instId=HBAR-USDT-SWAP&limit=100 "HTTP/2 200 OK"
2026-03-22 11:37:28,511 | INFO | HTTP Request: GET https://www.okx.com/api/v5/market/ticker?instId=MKR-USDT-SWAP "HTTP/2 200 OK"
2026-03-22 11:37:28,564 | INFO | HTTP Request: GET https://www.okx.com/api/v5/market/books?instId=HBAR-USDT-SWAP&sz=5 "HTTP/2 200 OK"
2026-03-22 11:37:28,604 | INFO | HTTP Request: GET https://www.okx.com/api/v5/account/balance "HTTP/2 200 OK"
2026-03-22 11:37:28,869 | INFO | HTTP Request: GET https://www.okx.com/api/v5/market/candles?instId=MKR-USDT-SWAP&bar=5m&limit=89 "HTTP/2 200 OK"
2026-03-22 11:37:29,216 | INFO | HTTP Request: GET https://www.okx.com/api/v5/market/books?instId=HBAR-USDT-SWAP&sz=5 "HTTP/2 200 OK"
2026-03-22 11:37:29,350 | INFO | HTTP Request: GET https://www.okx.com/api/v5/market/ticker?instId=MUBARAK-USDT-SWAP "HTTP/2 200 OK"
2026-03-22 11:37:29,396 | INFO | HTTP Request: GET https://www.okx.com/api/v5/market/candles?instId=BTC-USDT-SWAP&bar=5m&limit=64 "HTTP/2 200 OK"
2026-03-22 11:37:29,732 | INFO | HTTP Request: GET https://www.okx.com/api/v5/market/candles?instId=MUBARAK-USDT-SWAP&bar=5m&limit=89 "HTTP/2 200 OK"
2026-03-22 11:37:29,822 | INFO | HTTP Request: GET https://www.okx.com/api/v5/market/books?instId=HBAR-USDT-SWAP&sz=5 "HTTP/2 200 OK"
2026-03-22 11:37:30,245 | INFO | HTTP Request: GET https://www.okx.com/api/v5/market/ticker?instId=NEAR-USDT-SWAP "HTTP/2 200 OK"
2026-03-22 11:37:30,408 | INFO | HTTP Request: GET https://www.okx.com/api/v5/market/books?instId=HBAR-USDT-SWAP&sz=5 "HTTP/2 200 OK"
2026-03-22 11:37:30,615 | INFO | HTTP Request: GET https://www.okx.com/api/v5/market/candles?instId=NEAR-USDT-SWAP&bar=5m&limit=89 "HTTP/2 200 OK"
2026-03-22 11:37:30,837 | INFO | HTTP Request: GET https://www.okx.com/api/v5/market/candles?instId=HMSTR-USDT-SWAP&bar=15m&limit=121 "HTTP/2 200 OK"
2026-03-22 11:37:31,148 | INFO | HTTP Request: GET https://www.okx.com/api/v5/market/ticker?instId=NEO-USDT-SWAP "HTTP/2 200 OK"
2026-03-22 11:37:31,222 | INFO | HTTP Request: GET https://www.okx.com/api/v5/market/candles?instId=HMSTR-USDT-SWAP&bar=5m&limit=97 "HTTP/2 200 OK"
2026-03-22 11:37:31,538 | INFO | HTTP Request: GET https://www.okx.com/api/v5/market/candles?instId=NEO-USDT-SWAP&bar=5m&limit=89 "HTTP/2 200 OK"
2026-03-22 11:37:31,652 | INFO | HTTP Request: GET https://www.okx.com/api/v5/market/history-trades?instId=HMSTR-USDT-SWAP&limit=100 "HTTP/2 200 OK"
2026-03-22 11:37:32,057 | INFO | HTTP Request: GET https://www.okx.com/api/v5/market/ticker?instId=NOT-USDT-SWAP "HTTP/2 200 OK"
2026-03-22 11:37:32,083 | INFO | HTTP Request: GET https://www.okx.com/api/v5/market/books?instId=HMSTR-USDT-SWAP&sz=5 "HTTP/2 200 OK"
2026-03-22 11:37:32,453 | INFO | HTTP Request: GET https://www.okx.com/api/v5/market/candles?instId=NOT-USDT-SWAP&bar=5m&limit=89 "HTTP/2 200 OK"
2026-03-22 11:37:32,696 | INFO | HTTP Request: GET https://www.okx.com/api/v5/market/books?instId=HMSTR-USDT-SWAP&sz=5 "HTTP/2 200 OK"
2026-03-22 11:37:32,999 | INFO | HTTP Request: GET https://www.okx.com/api/v5/market/ticker?instId=OP-USDT-SWAP "HTTP/2 200 OK"
2026-03-22 11:37:33,280 | INFO | HTTP Request: GET https://www.okx.com/api/v5/market/books?instId=HMSTR-USDT-SWAP&sz=5 "HTTP/2 200 OK"
2026-03-22 11:37:33,404 | INFO | HTTP Request: GET https://www.okx.com/api/v5/market/candles?instId=OP-USDT-SWAP&bar=5m&limit=89 "HTTP/2 200 OK"
2026-03-22 11:37:33,879 | INFO | HTTP Request: GET https://www.okx.com/api/v5/market/books?instId=HMSTR-USDT-SWAP&sz=5 "HTTP/2 200 OK"
2026-03-22 11:37:33,886 | INFO | HTTP Request: GET https://www.okx.com/api/v5/market/ticker?instId=PEPE-USDT-SWAP "HTTP/2 200 OK"
2026-03-22 11:37:33,935 | INFO | HTTP Request: GET https://www.okx.com/api/v5/account/balance "HTTP/2 200 OK"
2026-03-22 11:37:34,284 | INFO | HTTP Request: GET https://www.okx.com/api/v5/market/candles?instId=PEPE-USDT-SWAP&bar=5m&limit=89 "HTTP/2 200 OK"
2026-03-22 11:37:34,288 | INFO | HTTP Request: GET https://www.okx.com/api/v5/market/candles?instId=HOME-USDT-SWAP&bar=15m&limit=121 "HTTP/2 200 OK"
2026-03-22 11:37:34,643 | INFO | HTTP Request: GET https://www.okx.com/api/v5/market/candles?instId=HOME-USDT-SWAP&bar=5m&limit=97 "HTTP/2 200 OK"
2026-03-22 11:37:34,775 | INFO | HTTP Request: GET https://www.okx.com/api/v5/market/ticker?instId=PIGGY-USDT-SWAP "HTTP/2 200 OK"
2026-03-22 11:37:35,024 | INFO | HTTP Request: GET https://www.okx.com/api/v5/market/history-trades?instId=HOME-USDT-SWAP&limit=100 "HTTP/2 200 OK"
2026-03-22 11:37:35,148 | INFO | HTTP Request: GET https://www.okx.com/api/v5/market/candles?instId=PIGGY-USDT-SWAP&bar=5m&limit=89 "HTTP/2 200 OK"
2026-03-22 11:37:35,424 | INFO | HTTP Request: GET https://www.okx.com/api/v5/market/books?instId=HOME-USDT-SWAP&sz=5 "HTTP/2 200 OK"
2026-03-22 11:37:35,635 | INFO | HTTP Request: GET https://www.okx.com/api/v5/market/ticker?instId=QTUM-USDT-SWAP "HTTP/2 200 OK"
2026-03-22 11:37:35,640 | INFO | HTTP Request: GET https://www.okx.com/api/v5/market/candles?instId=BTC-USDT-SWAP&bar=5m&limit=64 "HTTP/2 200 OK"
2026-03-22 11:37:36,044 | INFO | HTTP Request: GET https://www.okx.com/api/v5/market/candles?instId=QTUM-USDT-SWAP&bar=5m&limit=89 "HTTP/2 200 OK"
2026-03-22 11:37:36,059 | INFO | HTTP Request: GET https://www.okx.com/api/v5/market/books?instId=HOME-USDT-SWAP&sz=5 "HTTP/2 200 OK"
2026-03-22 11:37:36,562 | INFO | HTTP Request: GET https://www.okx.com/api/v5/market/ticker?instId=RAVE-USDT-SWAP "HTTP/2 200 OK"
2026-03-22 11:37:36,664 | INFO | HTTP Request: GET https://www.okx.com/api/v5/market/books?instId=HOME-USDT-SWAP&sz=5 "HTTP/2 200 OK"
2026-03-22 11:37:36,955 | INFO | HTTP Request: GET https://www.okx.com/api/v5/market/candles?instId=RAVE-USDT-SWAP&bar=5m&limit=89 "HTTP/2 200 OK"
2026-03-22 11:37:37,261 | INFO | HTTP Request: GET https://www.okx.com/api/v5/market/books?instId=HOME-USDT-SWAP&sz=5 "HTTP/2 200 OK"
2026-03-22 11:37:37,478 | INFO | HTTP Request: GET https://www.okx.com/api/v5/market/ticker?instId=RESOLV-USDT-SWAP "HTTP/2 200 OK"
2026-03-22 11:37:37,678 | INFO | HTTP Request: GET https://www.okx.com/api/v5/market/candles?instId=1INCH-USDT-SWAP&bar=5m&limit=71 "HTTP/2 200 OK"
2026-03-22 11:37:37,856 | INFO | HTTP Request: GET https://www.okx.com/api/v5/market/candles?instId=RESOLV-USDT-SWAP&bar=5m&limit=89 "HTTP/2 200 OK"
2026-03-22 11:37:38,062 | INFO | HTTP Request: GET https://www.okx.com/api/v5/market/candles?instId=2Z-USDT-SWAP&bar=5m&limit=71 "HTTP/2 200 OK"
2026-03-22 11:37:38,411 | INFO | HTTP Request: GET https://www.okx.com/api/v5/market/ticker?instId=ROBO-USDT-SWAP "HTTP/2 200 OK"
2026-03-22 11:37:38,483 | INFO | HTTP Request: GET https://www.okx.com/api/v5/market/ticker?instId=2Z-USDT-SWAP "HTTP/2 200 OK"
2026-03-22 11:37:38,522 | INFO | 2Z-USDT-SWAP: Turtle 55 short-сигнал отклонён (закрытие не удержалось ниже канала)
2026-03-22 11:37:38,785 | INFO | HTTP Request: GET https://www.okx.com/api/v5/market/candles?instId=ROBO-USDT-SWAP&bar=5m&limit=89 "HTTP/2 200 OK"
2026-03-22 11:37:38,963 | INFO | HTTP Request: GET https://www.okx.com/api/v5/market/candles?instId=ACT-USDT-SWAP&bar=5m&limit=71 "HTTP/2 200 OK"
2026-03-22 11:37:39,248 | INFO | HTTP Request: GET https://www.okx.com/api/v5/account/balance "HTTP/2 200 OK"
2026-03-22 11:37:39,305 | INFO | HTTP Request: GET https://www.okx.com/api/v5/market/ticker?instId=SAND-USDT-SWAP "HTTP/2 200 OK"
2026-03-22 11:37:39,338 | INFO | HTTP Request: GET https://www.okx.com/api/v5/market/candles?instId=ALGO-USDT-SWAP&bar=5m&limit=71 "HTTP/2 200 OK"
2026-03-22 11:37:39,666 | INFO | HTTP Request: GET https://www.okx.com/api/v5/market/candles?instId=SAND-USDT-SWAP&bar=5m&limit=89 "HTTP/2 200 OK"
2026-03-22 11:37:39,702 | INFO | HTTP Request: GET https://www.okx.com/api/v5/market/candles?instId=ARB-USDT-SWAP&bar=5m&limit=71 "HTTP/2 200 OK"
2026-03-22 11:37:40,070 | INFO | HTTP Request: GET https://www.okx.com/api/v5/market/candles?instId=ATOM-USDT-SWAP&bar=5m&limit=71 "HTTP/2 200 OK"
2026-03-22 11:37:40,157 | INFO | HTTP Request: GET https://www.okx.com/api/v5/market/ticker?instId=SCR-USDT-SWAP "HTTP/2 200 OK"
2026-03-22 11:37:40,475 | INFO | HTTP Request: GET https://www.okx.com/api/v5/market/ticker?instId=ATOM-USDT-SWAP "HTTP/2 200 OK"
2026-03-22 11:37:40,481 | INFO | ATOM-USDT-SWAP: Turtle 20 long-сигнал отклонён (закрытие не удержалось выше канала)
2026-03-22 11:37:40,521 | INFO | HTTP Request: GET https://www.okx.com/api/v5/market/candles?instId=SCR-USDT-SWAP&bar=5m&limit=89 "HTTP/2 200 OK"
2026-03-22 11:37:40,863 | INFO | HTTP Request: GET https://www.okx.com/api/v5/market/candles?instId=AUCTION-USDT-SWAP&bar=5m&limit=71 "HTTP/2 200 OK"
2026-03-22 11:37:41,018 | INFO | HTTP Request: GET https://www.okx.com/api/v5/market/ticker?instId=SHIB-USDT-SWAP "HTTP/2 200 OK"
2026-03-22 11:37:41,234 | INFO | HTTP Request: GET https://www.okx.com/api/v5/market/candles?instId=AVAX-USDT-SWAP&bar=5m&limit=71 "HTTP/2 200 OK"
2026-03-22 11:37:41,372 | INFO | HTTP Request: GET https://www.okx.com/api/v5/market/candles?instId=SHIB-USDT-SWAP&bar=5m&limit=89 "HTTP/2 200 OK"
2026-03-22 11:37:41,755 | INFO | HTTP Request: GET https://www.okx.com/api/v5/market/candles?instId=AXS-USDT-SWAP&bar=5m&limit=71 "HTTP/2 200 OK"
2026-03-22 11:37:41,869 | INFO | HTTP Request: GET https://www.okx.com/api/v5/market/ticker?instId=SKY-USDT-SWAP "HTTP/2 200 OK"
2026-03-22 11:37:41,901 | INFO | HTTP Request: GET https://www.okx.com/api/v5/market/candles?instId=BTC-USDT-SWAP&bar=5m&limit=64 "HTTP/2 200 OK"
2026-03-22 11:37:42,202 | INFO | HTTP Request: GET https://www.okx.com/api/v5/market/candles?instId=BNB-USDT-SWAP&bar=5m&limit=71 "HTTP/2 200 OK"
2026-03-22 11:37:42,264 | INFO | HTTP Request: GET https://www.okx.com/api/v5/market/candles?instId=SKY-USDT-SWAP&bar=5m&limit=89 "HTTP/2 200 OK"
2026-03-22 11:37:42,569 | INFO | HTTP Request: GET https://www.okx.com/api/v5/market/candles?instId=BTC-USDT-SWAP&bar=5m&limit=71 "HTTP/2 200 OK"
2026-03-22 11:37:42,802 | INFO | HTTP Request: GET https://www.okx.com/api/v5/market/ticker?instId=SOLV-USDT-SWAP "HTTP/2 200 OK"
2026-03-22 11:37:42,992 | INFO | HTTP Request: GET https://www.okx.com/api/v5/market/candles?instId=CELO-USDT-SWAP&bar=5m&limit=71 "HTTP/2 200 OK"
2026-03-22 11:37:43,182 | INFO | HTTP Request: GET https://www.okx.com/api/v5/market/candles?instId=SOLV-USDT-SWAP&bar=5m&limit=89 "HTTP/2 200 OK"
2026-03-22 11:37:43,389 | INFO | HTTP Request: GET https://www.okx.com/api/v5/market/candles?instId=CFX-USDT-SWAP&bar=5m&limit=71 "HTTP/2 200 OK"
2026-03-22 11:37:43,729 | INFO | HTTP Request: GET https://www.okx.com/api/v5/market/ticker?instId=SPK-USDT-SWAP "HTTP/2 200 OK"
2026-03-22 11:37:43,794 | INFO | HTTP Request: GET https://www.okx.com/api/v5/market/candles?instId=CHZ-USDT-SWAP&bar=5m&limit=71 "HTTP/2 200 OK"
2026-03-22 11:37:44,111 | INFO | HTTP Request: GET https://www.okx.com/api/v5/market/candles?instId=SPK-USDT-SWAP&bar=5m&limit=89 "HTTP/2 200 OK"
2026-03-22 11:37:44,228 | INFO | HTTP Request: GET https://www.okx.com/api/v5/market/candles?instId=COMP-USDT-SWAP&bar=5m&limit=71 "HTTP/2 200 OK"
2026-03-22 11:37:44,580 | INFO | HTTP Request: GET https://www.okx.com/api/v5/account/balance "HTTP/2 200 OK"
2026-03-22 11:37:44,612 | INFO | HTTP Request: GET https://www.okx.com/api/v5/market/candles?instId=CRV-USDT-SWAP&bar=5m&limit=71 "HTTP/2 200 OK"
2026-03-22 11:37:44,635 | INFO | HTTP Request: GET https://www.okx.com/api/v5/market/ticker?instId=STRK-USDT-SWAP "HTTP/2 200 OK"
2026-03-22 11:37:45,000 | INFO | HTTP Request: GET https://www.okx.com/api/v5/market/candles?instId=DOGE-USDT-SWAP&bar=5m&limit=71 "HTTP/2 200 OK"
2026-03-22 11:37:45,018 | INFO | HTTP Request: GET https://www.okx.com/api/v5/market/candles?instId=STRK-USDT-SWAP&bar=5m&limit=89 "HTTP/2 200 OK"
2026-03-22 11:37:45,424 | INFO | HTTP Request: GET https://www.okx.com/api/v5/market/candles?instId=DOT-USDT-SWAP&bar=5m&limit=71 "HTTP/2 200 OK"
2026-03-22 11:37:45,540 | INFO | HTTP Request: GET https://www.okx.com/api/v5/market/ticker?instId=SUSHI-USDT-SWAP "HTTP/2 200 OK"
2026-03-22 11:37:45,840 | INFO | HTTP Request: GET https://www.okx.com/api/v5/market/candles?instId=ENA-USDT-SWAP&bar=5m&limit=71 "HTTP/2 200 OK"
2026-03-22 11:37:45,950 | INFO | HTTP Request: GET https://www.okx.com/api/v5/market/candles?instId=SUSHI-USDT-SWAP&bar=5m&limit=89 "HTTP/2 200 OK"
2026-03-22 11:37:46,236 | INFO | HTTP Request: GET https://www.okx.com/api/v5/market/candles?instId=ETC-USDT-SWAP&bar=5m&limit=71 "HTTP/2 200 OK"
2026-03-22 11:37:46,457 | INFO | HTTP Request: GET https://www.okx.com/api/v5/market/ticker?instId=SYRUP-USDT-SWAP "HTTP/2 200 OK"
2026-03-22 11:37:46,657 | INFO | HTTP Request: GET https://www.okx.com/api/v5/market/candles?instId=ETHW-USDT-SWAP&bar=5m&limit=71 "HTTP/2 200 OK"
2026-03-22 11:37:46,839 | INFO | HTTP Request: GET https://www.okx.com/api/v5/market/candles?instId=SYRUP-USDT-SWAP&bar=5m&limit=89 "HTTP/2 200 OK"
2026-03-22 11:37:47,046 | INFO | HTTP Request: GET https://www.okx.com/api/v5/market/candles?instId=FIL-USDT-SWAP&bar=5m&limit=71 "HTTP/2 200 OK"
2026-03-22 11:37:47,377 | INFO | HTTP Request: GET https://www.okx.com/api/v5/market/ticker?instId=TEST1234-USDT-SWAP "HTTP/2 200 OK"
2026-03-22 11:37:47,451 | INFO | HTTP Request: GET https://www.okx.com/api/v5/market/candles?instId=FLOKI-USDT-SWAP&bar=5m&limit=71 "HTTP/2 200 OK"
2026-03-22 11:37:47,747 | INFO | HTTP Request: GET https://www.okx.com/api/v5/market/candles?instId=TEST1234-USDT-SWAP&bar=5m&limit=89 "HTTP/2 200 OK"
2026-03-22 11:37:47,862 | INFO | HTTP Request: GET https://www.okx.com/api/v5/market/ticker?instId=FLOKI-USDT-SWAP "HTTP/2 200 OK"
2026-03-22 11:37:47,866 | INFO | FLOKI-USDT-SWAP: Turtle 55 short-сигнал отклонён (закрытие не удержалось ниже канала)
2026-03-22 11:37:47,880 | INFO | FLOKI-USDT-SWAP: Turtle 20 short-сигнал отклонён (закрытие не удержалось ниже канала)
2026-03-22 11:37:48,147 | INFO | HTTP Request: GET https://www.okx.com/api/v5/market/candles?instId=BTC-USDT-SWAP&bar=5m&limit=64 "HTTP/2 200 OK"
2026-03-22 11:37:48,232 | INFO | HTTP Request: GET https://www.okx.com/api/v5/market/ticker?instId=TEST3103-USDT-SWAP "HTTP/2 200 OK"
2026-03-22 11:37:48,260 | INFO | HTTP Request: GET https://www.okx.com/api/v5/market/candles?instId=H-USDT-SWAP&bar=5m&limit=71 "HTTP/2 200 OK"
2026-03-22 11:37:48,599 | INFO | HTTP Request: GET https://www.okx.com/api/v5/market/candles?instId=TEST3103-USDT-SWAP&bar=5m&limit=89 "HTTP/2 200 OK"
2026-03-22 11:37:48,650 | INFO | HTTP Request: GET https://www.okx.com/api/v5/market/candles?instId=HBAR-USDT-SWAP&bar=5m&limit=71 "HTTP/2 200 OK"
2026-03-22 11:37:49,025 | INFO | HTTP Request: GET https://www.okx.com/api/v5/market/candles?instId=HOME-USDT-SWAP&bar=5m&limit=71 "HTTP/2 200 OK"
2026-03-22 11:37:49,103 | INFO | HTTP Request: GET https://www.okx.com/api/v5/market/ticker?instId=TEST3110-USDT-SWAP "HTTP/2 200 OK"
2026-03-22 11:37:49,442 | INFO | HTTP Request: GET https://www.okx.com/api/v5/market/candles?instId=MAGIC-USDT-SWAP&bar=5m&limit=26 "HTTP/2 200 OK"
2026-03-22 11:37:49,461 | INFO | HTTP Request: GET https://www.okx.com/api/v5/market/candles?instId=TEST3110-USDT-SWAP&bar=5m&limit=89 "HTTP/2 200 OK"
2026-03-22 11:37:49,796 | INFO | HTTP Request: GET https://www.okx.com/api/v5/market/ticker?instId=MAGIC-USDT-SWAP "HTTP/2 200 OK"
2026-03-22 11:37:49,892 | INFO | HTTP Request: GET https://www.okx.com/api/v5/account/balance "HTTP/2 200 OK"
2026-03-22 11:37:49,975 | INFO | HTTP Request: GET https://www.okx.com/api/v5/market/ticker?instId=THETA-USDT-SWAP "HTTP/2 200 OK"
2026-03-22 11:37:50,160 | INFO | HTTP Request: GET https://www.okx.com/api/v5/market/candles?instId=SUI-USDT-SWAP&bar=5m&limit=26 "HTTP/2 200 OK"
2026-03-22 11:37:50,372 | INFO | HTTP Request: GET https://www.okx.com/api/v5/market/candles?instId=THETA-USDT-SWAP&bar=5m&limit=89 "HTTP/2 200 OK"
2026-03-22 11:37:50,537 | INFO | HTTP Request: GET https://www.okx.com/api/v5/market/ticker?instId=SUI-USDT-SWAP "HTTP/2 200 OK"
2026-03-22 11:37:50,852 | INFO | HTTP Request: GET https://www.okx.com/api/v5/market/ticker?instId=TON-USDT-SWAP "HTTP/2 200 OK"
2026-03-22 11:37:50,943 | INFO | HTTP Request: GET https://www.okx.com/api/v5/market/candles?instId=ETHFI-USDT-SWAP&bar=5m&limit=26 "HTTP/2 200 OK"
2026-03-22 11:37:51,249 | INFO | HTTP Request: GET https://www.okx.com/api/v5/market/candles?instId=TON-USDT-SWAP&bar=5m&limit=89 "HTTP/2 200 OK"
2026-03-22 11:37:51,355 | INFO | HTTP Request: GET https://www.okx.com/api/v5/market/ticker?instId=ETHFI-USDT-SWAP "HTTP/2 200 OK"
2026-03-22 11:37:51,764 | INFO | HTTP Request: GET https://www.okx.com/api/v5/market/candles?instId=SOL-USDT-SWAP&bar=5m&limit=26 "HTTP/2 200 OK"
2026-03-22 11:37:51,810 | INFO | HTTP Request: GET https://www.okx.com/api/v5/market/ticker?instId=TRIA-USDT-SWAP "HTTP/2 200 OK"
2026-03-22 11:37:52,164 | INFO | HTTP Request: GET https://www.okx.com/api/v5/market/ticker?instId=SOL-USDT-SWAP "HTTP/2 200 OK"
2026-03-22 11:37:52,181 | INFO | HTTP Request: GET https://www.okx.com/api/v5/market/candles?instId=TRIA-USDT-SWAP&bar=5m&limit=89 "HTTP/2 200 OK"
2026-03-22 11:37:52,534 | INFO | HTTP Request: GET https://www.okx.com/api/v5/market/candles?instId=AAVE-USDT-SWAP&bar=5m&limit=26 "HTTP/2 200 OK"
2026-03-22 11:37:52,662 | INFO | HTTP Request: GET https://www.okx.com/api/v5/market/ticker?instId=TRX-USDT-SWAP "HTTP/2 200 OK"
2026-03-22 11:37:52,903 | INFO | HTTP Request: GET https://www.okx.com/api/v5/market/ticker?instId=AAVE-USDT-SWAP "HTTP/2 200 OK"
2026-03-22 11:37:53,032 | INFO | HTTP Request: GET https://www.okx.com/api/v5/market/candles?instId=TRX-USDT-SWAP&bar=5m&limit=89 "HTTP/2 200 OK"
2026-03-22 11:37:53,285 | INFO | HTTP Request: GET https://www.okx.com/api/v5/market/candles?instId=BTC-USDT-SWAP&bar=5m&limit=64 "HTTP/2 200 OK"
2026-03-22 11:37:53,535 | INFO | HTTP Request: GET https://www.okx.com/api/v5/market/ticker?instId=TSLA-USDT-SWAP "HTTP/2 200 OK"
2026-03-22 11:37:53,741 | INFO | HTTP Request: GET https://www.okx.com/api/v5/public/instruments?instType=SWAP "HTTP/2 200 OK"
2026-03-22 11:37:53,970 | INFO | HTTP Request: GET https://www.okx.com/api/v5/market/candles?instId=TSLA-USDT-SWAP&bar=5m&limit=89 "HTTP/2 200 OK"
2026-03-22 11:37:53,993 | INFO | HTTP Request: GET https://www.okx.com/api/v5/account/balance "HTTP/2 200 OK"
2026-03-22 11:37:54,449 | INFO | HTTP Request: GET https://www.okx.com/api/v5/market/ticker?instId=XAG-USDT-SWAP "HTTP/2 200 OK"
2026-03-22 11:37:54,451 | INFO | HTTP Request: GET https://www.okx.com/api/v5/trade/orders-pending?instType=SWAP&instId=1INCH-USDT-SWAP "HTTP/2 200 OK"
2026-03-22 11:37:54,863 | INFO | HTTP Request: GET https://www.okx.com/api/v5/market/ticker?instId=1INCH-USDT-SWAP "HTTP/2 200 OK"
2026-03-22 11:37:54,872 | INFO | HTTP Request: GET https://www.okx.com/api/v5/market/candles?instId=XAG-USDT-SWAP&bar=5m&limit=89 "HTTP/2 200 OK"
2026-03-22 11:37:55,164 | INFO | HTTP Request: GET https://www.okx.com/api/v5/account/balance "HTTP/2 200 OK"
2026-03-22 11:37:55,401 | INFO | HTTP Request: GET https://www.okx.com/api/v5/market/ticker?instId=XAU-USDT-SWAP "HTTP/2 200 OK"
2026-03-22 11:37:55,837 | INFO | HTTP Request: GET https://www.okx.com/api/v5/market/candles?instId=XAU-USDT-SWAP&bar=5m&limit=89 "HTTP/2 200 OK"
2026-03-22 11:37:56,311 | INFO | HTTP Request: GET https://www.okx.com/api/v5/market/ticker?instId=XLM-USDT-SWAP "HTTP/2 200 OK"
2026-03-22 11:37:56,716 | INFO | HTTP Request: GET https://www.okx.com/api/v5/market/candles?instId=XLM-USDT-SWAP&bar=5m&limit=89 "HTTP/2 200 OK"
2026-03-22 11:37:57,227 | INFO | HTTP Request: GET https://www.okx.com/api/v5/market/ticker?instId=XPL-USDT-SWAP "HTTP/2 200 OK"
2026-03-22 11:37:57,628 | INFO | HTTP Request: GET https://www.okx.com/api/v5/market/candles?instId=XPL-USDT-SWAP&bar=5m&limit=89 "HTTP/2 200 OK"
2026-03-22 11:37:58,147 | INFO | HTTP Request: GET https://www.okx.com/api/v5/market/ticker?instId=XRP-USDT-SWAP "HTTP/2 200 OK"
2026-03-22 11:37:58,561 | INFO | HTTP Request: GET https://www.okx.com/api/v5/market/candles?instId=XRP-USDT-SWAP&bar=5m&limit=89 "HTTP/2 200 OK"
2026-03-22 11:37:58,652 | INFO | HTTP Request: GET https://www.okx.com/api/v5/public/instruments?instType=SWAP "HTTP/2 200 OK"
2026-03-22 11:37:58,921 | INFO | HTTP Request: GET https://www.okx.com/api/v5/account/balance "HTTP/2 200 OK"
2026-03-22 11:37:59,084 | INFO | HTTP Request: GET https://www.okx.com/api/v5/market/ticker?instId=XSR-USDT-SWAP "HTTP/2 200 OK"
2026-03-22 11:37:59,301 | INFO | HTTP Request: GET https://www.okx.com/api/v5/trade/orders-pending?instType=SWAP&instId=1INCH-USDT-SWAP "HTTP/2 200 OK"
2026-03-22 11:37:59,520 | INFO | HTTP Request: GET https://www.okx.com/api/v5/market/candles?instId=XSR-USDT-SWAP&bar=5m&limit=89 "HTTP/2 200 OK"
2026-03-22 11:37:59,709 | INFO | HTTP Request: GET https://www.okx.com/api/v5/market/ticker?instId=1INCH-USDT-SWAP "HTTP/2 200 OK"
2026-03-22 11:37:59,995 | INFO | HTTP Request: GET https://www.okx.com/api/v5/account/positions?instType=SWAP "HTTP/2 200 OK"
2026-03-22 11:38:00,027 | INFO | HTTP Request: GET https://www.okx.com/api/v5/market/ticker?instId=XTZ-USDT-SWAP "HTTP/2 200 OK"
2026-03-22 11:38:00,368 | INFO | HTTP Request: GET https://www.okx.com/api/v5/market/candles?instId=ICP-USDT-SWAP&bar=15m&limit=121 "HTTP/2 200 OK"
2026-03-22 11:38:00,405 | INFO | HTTP Request: GET https://www.okx.com/api/v5/market/candles?instId=XTZ-USDT-SWAP&bar=5m&limit=89 "HTTP/2 200 OK"
2026-03-22 11:38:00,416 | INFO | HTTP Request: GET https://www.okx.com/api/v5/account/balance "HTTP/2 200 OK"
2026-03-22 11:38:00,661 | INFO | HTTP Request: GET https://www.okx.com/api/v5/market/candles?instId=BTC-USDT-SWAP&bar=5m&limit=64 "HTTP/2 200 OK"
2026-03-22 11:38:00,738 | INFO | HTTP Request: GET https://www.okx.com/api/v5/market/candles?instId=ICP-USDT-SWAP&bar=5m&limit=97 "HTTP/2 200 OK"
2026-03-22 11:38:00,898 | INFO | HTTP Request: GET https://www.okx.com/api/v5/market/ticker?instId=YB-USDT-SWAP "HTTP/2 200 OK"
2026-03-22 11:38:01,137 | INFO | HTTP Request: GET https://www.okx.com/api/v5/market/history-trades?instId=ICP-USDT-SWAP&limit=100 "HTTP/2 200 OK"
2026-03-22 11:38:01,279 | INFO | HTTP Request: GET https://www.okx.com/api/v5/market/candles?instId=YB-USDT-SWAP&bar=5m&limit=89 "HTTP/2 200 OK"
2026-03-22 11:38:01,512 | INFO | HTTP Request: GET https://www.okx.com/api/v5/market/books?instId=ICP-USDT-SWAP&sz=5 "HTTP/2 200 OK"
2026-03-22 11:38:01,779 | INFO | HTTP Request: GET https://www.okx.com/api/v5/market/ticker?instId=YFI-USDT-SWAP "HTTP/2 200 OK"
2026-03-22 11:38:02,126 | INFO | HTTP Request: GET https://www.okx.com/api/v5/market/books?instId=ICP-USDT-SWAP&sz=5 "HTTP/2 200 OK"
2026-03-22 11:38:02,724 | INFO | HTTP Request: GET https://www.okx.com/api/v5/market/books?instId=ICP-USDT-SWAP&sz=5 "HTTP/2 200 OK"
2026-03-22 11:38:02,798 | INFO | HTTP Request: GET https://www.okx.com/api/v5/market/ticker?instId=MAGIC-USDT-SWAP "HTTP/2 200 OK"
2026-03-22 11:38:03,262 | INFO | HTTP Request: GET https://www.okx.com/api/v5/market/candles?instId=MAGIC-USDT-SWAP&bar=5m&limit=89 "HTTP/2 200 OK"
2026-03-22 11:38:03,312 | INFO | HTTP Request: GET https://www.okx.com/api/v5/market/books?instId=ICP-USDT-SWAP&sz=5 "HTTP/2 200 OK"
2026-03-22 11:38:03,695 | INFO | HTTP Request: GET https://www.okx.com/api/v5/market/candles?instId=IMX-USDT-SWAP&bar=15m&limit=121 "HTTP/2 200 OK"
2026-03-22 11:38:03,780 | INFO | HTTP Request: GET https://www.okx.com/api/v5/market/ticker?instId=SUI-USDT-SWAP "HTTP/2 200 OK"
2026-03-22 11:38:04,088 | INFO | HTTP Request: GET https://www.okx.com/api/v5/market/candles?instId=IMX-USDT-SWAP&bar=5m&limit=97 "HTTP/2 200 OK"
2026-03-22 11:38:04,199 | INFO | HTTP Request: GET https://www.okx.com/api/v5/market/candles?instId=SUI-USDT-SWAP&bar=5m&limit=89 "HTTP/2 200 OK"
2026-03-22 11:38:04,510 | INFO | HTTP Request: GET https://www.okx.com/api/v5/market/history-trades?instId=IMX-USDT-SWAP&limit=100 "HTTP/2 200 OK"
2026-03-22 11:38:04,718 | INFO | HTTP Request: GET https://www.okx.com/api/v5/market/ticker?instId=ETHFI-USDT-SWAP "HTTP/2 200 OK"
2026-03-22 11:38:04,927 | INFO | HTTP Request: GET https://www.okx.com/api/v5/market/books?instId=IMX-USDT-SWAP&sz=5 "HTTP/2 200 OK"
2026-03-22 11:38:05,121 | INFO | HTTP Request: GET https://www.okx.com/api/v5/market/candles?instId=ETHFI-USDT-SWAP&bar=5m&limit=89 "HTTP/2 200 OK"
2026-03-22 11:38:05,507 | INFO | HTTP Request: GET https://www.okx.com/api/v5/market/books?instId=IMX-USDT-SWAP&sz=5 "HTTP/2 200 OK"
2026-03-22 11:38:05,628 | INFO | HTTP Request: GET https://www.okx.com/api/v5/market/ticker?instId=SOL-USDT-SWAP "HTTP/2 200 OK"
2026-03-22 11:38:05,866 | INFO | HTTP Request: GET https://www.okx.com/api/v5/account/balance "HTTP/2 200 OK"
2026-03-22 11:38:06,026 | INFO | HTTP Request: GET https://www.okx.com/api/v5/market/candles?instId=SOL-USDT-SWAP&bar=5m&limit=89 "HTTP/2 200 OK"
2026-03-22 11:38:06,175 | INFO | HTTP Request: GET https://www.okx.com/api/v5/market/books?instId=IMX-USDT-SWAP&sz=5 "HTTP/2 200 OK"
2026-03-22 11:38:06,544 | INFO | HTTP Request: GET https://www.okx.com/api/v5/market/ticker?instId=AAVE-USDT-SWAP "HTTP/2 200 OK"
2026-03-22 11:38:06,764 | INFO | HTTP Request: GET https://www.okx.com/api/v5/market/books?instId=IMX-USDT-SWAP&sz=5 "HTTP/2 200 OK"
2026-03-22 11:38:06,911 | INFO | HTTP Request: GET https://www.okx.com/api/v5/market/candles?instId=BTC-USDT-SWAP&bar=5m&limit=64 "HTTP/2 200 OK"
2026-03-22 11:38:06,949 | INFO | HTTP Request: GET https://www.okx.com/api/v5/market/candles?instId=AAVE-USDT-SWAP&bar=5m&limit=89 "HTTP/2 200 OK"
2026-03-22 11:38:07,161 | INFO | HTTP Request: GET https://www.okx.com/api/v5/market/candles?instId=INJ-USDT-SWAP&bar=15m&limit=121 "HTTP/2 200 OK"
2026-03-22 11:38:07,463 | INFO | HTTP Request: GET https://www.okx.com/api/v5/market/ticker?instId=1INCH-USDT-SWAP "HTTP/2 200 OK"
2026-03-22 11:38:07,559 | INFO | HTTP Request: GET https://www.okx.com/api/v5/market/candles?instId=INJ-USDT-SWAP&bar=5m&limit=97 "HTTP/2 200 OK"
2026-03-22 11:38:07,869 | INFO | HTTP Request: GET https://www.okx.com/api/v5/market/candles?instId=1INCH-USDT-SWAP&bar=5m&limit=89 "HTTP/2 200 OK"
2026-03-22 11:38:07,947 | INFO | HTTP Request: GET https://www.okx.com/api/v5/market/history-trades?instId=INJ-USDT-SWAP&limit=100 "HTTP/2 200 OK"
2026-03-22 11:38:08,359 | INFO | HTTP Request: GET https://www.okx.com/api/v5/market/ticker?instId=2Z-USDT-SWAP "HTTP/2 200 OK"
2026-03-22 11:38:08,361 | INFO | HTTP Request: GET https://www.okx.com/api/v5/market/books?instId=INJ-USDT-SWAP&sz=5 "HTTP/2 200 OK"
2026-03-22 11:38:08,771 | INFO | HTTP Request: GET https://www.okx.com/api/v5/market/candles?instId=2Z-USDT-SWAP&bar=5m&limit=89 "HTTP/2 200 OK"
2026-03-22 11:38:08,972 | INFO | HTTP Request: GET https://www.okx.com/api/v5/market/books?instId=INJ-USDT-SWAP&sz=5 "HTTP/2 200 OK"
2026-03-22 11:38:09,266 | INFO | HTTP Request: GET https://www.okx.com/api/v5/market/ticker?instId=A-USDT-SWAP "HTTP/2 200 OK"
2026-03-22 11:38:09,561 | INFO | HTTP Request: GET https://www.okx.com/api/v5/market/books?instId=INJ-USDT-SWAP&sz=5 "HTTP/2 200 OK"
2026-03-22 11:38:09,658 | INFO | HTTP Request: GET https://www.okx.com/api/v5/market/candles?instId=A-USDT-SWAP&bar=5m&limit=89 "HTTP/2 200 OK"
2026-03-22 11:38:10,187 | INFO | HTTP Request: GET https://www.okx.com/api/v5/market/ticker?instId=ACT-USDT-SWAP "HTTP/2 200 OK"
2026-03-22 11:38:10,207 | INFO | HTTP Request: GET https://www.okx.com/api/v5/market/books?instId=INJ-USDT-SWAP&sz=5 "HTTP/2 200 OK"
2026-03-22 11:38:10,590 | INFO | HTTP Request: GET https://www.okx.com/api/v5/market/candles?instId=ACT-USDT-SWAP&bar=5m&limit=89 "HTTP/2 200 OK"
2026-03-22 11:38:10,618 | INFO | HTTP Request: GET https://www.okx.com/api/v5/market/candles?instId=IOTA-USDT-SWAP&bar=15m&limit=121 "HTTP/2 200 OK"
2026-03-22 11:38:11,072 | INFO | HTTP Request: GET https://www.okx.com/api/v5/market/candles?instId=IOTA-USDT-SWAP&bar=5m&limit=97 "HTTP/2 200 OK"
2026-03-22 11:38:11,113 | INFO | HTTP Request: GET https://www.okx.com/api/v5/market/ticker?instId=ADA-USDT-SWAP "HTTP/2 200 OK"
2026-03-22 11:38:11,307 | INFO | HTTP Request: GET https://www.okx.com/api/v5/account/balance "HTTP/2 200 OK"
2026-03-22 11:38:11,442 | INFO | HTTP Request: GET https://www.okx.com/api/v5/market/history-trades?instId=IOTA-USDT-SWAP&limit=100 "HTTP/2 200 OK"
2026-03-22 11:38:11,471 | INFO | HTTP Request: GET https://www.okx.com/api/v5/market/candles?instId=ADA-USDT-SWAP&bar=5m&limit=89 "HTTP/2 200 OK"
2026-03-22 11:38:11,841 | INFO | HTTP Request: GET https://www.okx.com/api/v5/market/books?instId=IOTA-USDT-SWAP&sz=5 "HTTP/2 200 OK"
2026-03-22 11:38:11,955 | INFO | HTTP Request: GET https://www.okx.com/api/v5/market/ticker?instId=AI16Z-USDT-SWAP "HTTP/2 200 OK"
2026-03-22 11:38:12,358 | INFO | HTTP Request: GET https://www.okx.com/api/v5/market/candles?instId=AI16Z-USDT-SWAP&bar=5m&limit=89 "HTTP/2 200 OK"
2026-03-22 11:38:12,496 | INFO | HTTP Request: GET https://www.okx.com/api/v5/market/books?instId=IOTA-USDT-SWAP&sz=5 "HTTP/2 200 OK"
2026-03-22 11:38:12,882 | INFO | HTTP Request: GET https://www.okx.com/api/v5/market/ticker?instId=AKITA-USDT-SWAP "HTTP/2 200 OK"
2026-03-22 11:38:13,083 | INFO | HTTP Request: GET https://www.okx.com/api/v5/market/books?instId=IOTA-USDT-SWAP&sz=5 "HTTP/2 200 OK"
2026-03-22 11:38:13,127 | INFO | HTTP Request: GET https://www.okx.com/api/v5/market/candles?instId=BTC-USDT-SWAP&bar=5m&limit=64 "HTTP/2 200 OK"
2026-03-22 11:38:13,266 | INFO | HTTP Request: GET https://www.okx.com/api/v5/market/candles?instId=AKITA-USDT-SWAP&bar=5m&limit=89 "HTTP/2 200 OK"
2026-03-22 11:38:13,679 | INFO | HTTP Request: GET https://www.okx.com/api/v5/market/books?instId=IOTA-USDT-SWAP&sz=5 "HTTP/2 200 OK"
2026-03-22 11:38:13,752 | INFO | HTTP Request: GET https://www.okx.com/api/v5/market/ticker?instId=ALGO-USDT-SWAP "HTTP/2 200 OK"
2026-03-22 11:38:14,049 | INFO | HTTP Request: GET https://www.okx.com/api/v5/market/candles?instId=1INCH-USDT-SWAP&bar=5m&limit=71 "HTTP/2 200 OK"
2026-03-22 11:38:14,146 | INFO | HTTP Request: GET https://www.okx.com/api/v5/market/candles?instId=ALGO-USDT-SWAP&bar=5m&limit=89 "HTTP/2 200 OK"
2026-03-22 11:38:14,473 | INFO | HTTP Request: GET https://www.okx.com/api/v5/market/candles?instId=2Z-USDT-SWAP&bar=5m&limit=71 "HTTP/2 200 OK"
2026-03-22 11:38:14,703 | INFO | HTTP Request: GET https://www.okx.com/api/v5/market/ticker?instId=ARB-USDT-SWAP "HTTP/2 200 OK"
2026-03-22 11:38:14,874 | INFO | HTTP Request: GET https://www.okx.com/api/v5/market/ticker?instId=2Z-USDT-SWAP "HTTP/2 200 OK"
2026-03-22 11:38:14,911 | INFO | 2Z-USDT-SWAP: Turtle 55 short-сигнал отклонён (закрытие не удержалось ниже канала)
2026-03-22 11:38:15,078 | INFO | HTTP Request: GET https://www.okx.com/api/v5/market/candles?instId=ARB-USDT-SWAP&bar=5m&limit=89 "HTTP/2 200 OK"
2026-03-22 11:38:15,281 | INFO | HTTP Request: GET https://www.okx.com/api/v5/market/candles?instId=ACT-USDT-SWAP&bar=5m&limit=71 "HTTP/2 200 OK"
2026-03-22 11:38:15,602 | INFO | HTTP Request: GET https://www.okx.com/api/v5/market/ticker?instId=ASP-USDT-SWAP "HTTP/2 200 OK"
2026-03-22 11:38:15,686 | INFO | HTTP Request: GET https://www.okx.com/api/v5/market/candles?instId=ATOM-USDT-SWAP&bar=5m&limit=71 "HTTP/2 200 OK"
2026-03-22 11:38:15,984 | INFO | HTTP Request: GET https://www.okx.com/api/v5/market/candles?instId=ASP-USDT-SWAP&bar=5m&limit=89 "HTTP/2 200 OK"
2026-03-22 11:38:16,091 | INFO | HTTP Request: GET https://www.okx.com/api/v5/market/ticker?instId=ATOM-USDT-SWAP "HTTP/2 200 OK"
2026-03-22 11:38:16,142 | INFO | ATOM-USDT-SWAP: Turtle 20 long-сигнал отклонён (закрытие не удержалось выше канала)
2026-03-22 11:38:16,506 | INFO | HTTP Request: GET https://www.okx.com/api/v5/market/ticker?instId=ASTER-USDT-SWAP "HTTP/2 200 OK"
2026-03-22 11:38:16,522 | INFO | HTTP Request: GET https://www.okx.com/api/v5/market/candles?instId=AUCTION-USDT-SWAP&bar=5m&limit=71 "HTTP/2 200 OK"
2026-03-22 11:38:16,764 | INFO | HTTP Request: GET https://www.okx.com/api/v5/account/balance "HTTP/2 200 OK"
2026-03-22 11:38:16,906 | INFO | HTTP Request: GET https://www.okx.com/api/v5/market/candles?instId=ASTER-USDT-SWAP&bar=5m&limit=89 "HTTP/2 200 OK"
2026-03-22 11:38:16,912 | INFO | HTTP Request: GET https://www.okx.com/api/v5/market/candles?instId=AVAX-USDT-SWAP&bar=5m&limit=71 "HTTP/2 200 OK"
2026-03-22 11:38:17,280 | INFO | HTTP Request: GET https://www.okx.com/api/v5/market/candles?instId=AXS-USDT-SWAP&bar=5m&limit=71 "HTTP/2 200 OK"
2026-03-22 11:38:17,537 | INFO | HTTP Request: GET https://www.okx.com/api/v5/market/ticker?instId=AUCTION-USDT-SWAP "HTTP/2 200 OK"
2026-03-22 11:38:17,693 | INFO | HTTP Request: GET https://www.okx.com/api/v5/market/candles?instId=BNB-USDT-SWAP&bar=5m&limit=71 "HTTP/2 200 OK"
2026-03-22 11:38:18,021 | INFO | HTTP Request: GET https://www.okx.com/api/v5/market/ticker?instId=AVAX-USDT-SWAP "HTTP/2 200 OK"
2026-03-22 11:38:18,122 | INFO | HTTP Request: GET https://www.okx.com/api/v5/market/candles?instId=BTC-USDT-SWAP&bar=5m&limit=71 "HTTP/2 200 OK"
2026-03-22 11:38:18,535 | INFO | HTTP Request: GET https://www.okx.com/api/v5/market/ticker?instId=AXS-USDT-SWAP "HTTP/2 200 OK"
2026-03-22 11:38:18,553 | INFO | HTTP Request: GET https://www.okx.com/api/v5/market/candles?instId=CELO-USDT-SWAP&bar=5m&limit=71 "HTTP/2 200 OK"
2026-03-22 11:38:18,954 | INFO | HTTP Request: GET https://www.okx.com/api/v5/market/candles?instId=CFX-USDT-SWAP&bar=5m&limit=71 "HTTP/2 200 OK"
2026-03-22 11:38:19,050 | INFO | HTTP Request: GET https://www.okx.com/api/v5/market/ticker?instId=BAND-USDT-SWAP "HTTP/2 200 OK"
2026-03-22 11:38:19,361 | INFO | HTTP Request: GET https://www.okx.com/api/v5/market/candles?instId=CHZ-USDT-SWAP&bar=5m&limit=71 "HTTP/2 200 OK"
2026-03-22 11:38:19,441 | INFO | HTTP Request: GET https://www.okx.com/api/v5/market/candles?instId=BAND-USDT-SWAP&bar=5m&limit=89 "HTTP/2 200 OK"
2026-03-22 11:38:19,731 | INFO | HTTP Request: GET https://www.okx.com/api/v5/market/candles?instId=COMP-USDT-SWAP&bar=5m&limit=71 "HTTP/2 200 OK"
2026-03-22 11:38:19,985 | INFO | HTTP Request: GET https://www.okx.com/api/v5/market/ticker?instId=BCH-USDT-SWAP "HTTP/2 200 OK"
2026-03-22 11:38:20,146 | INFO | HTTP Request: GET https://www.okx.com/api/v5/market/candles?instId=CRV-USDT-SWAP&bar=5m&limit=71 "HTTP/2 200 OK"
2026-03-22 11:38:20,367 | INFO | HTTP Request: GET https://www.okx.com/api/v5/market/candles?instId=BCH-USDT-SWAP&bar=5m&limit=89 "HTTP/2 200 OK"
2026-03-22 11:38:20,587 | INFO | HTTP Request: GET https://www.okx.com/api/v5/market/candles?instId=DOGE-USDT-SWAP&bar=5m&limit=71 "HTTP/2 200 OK"
2026-03-22 11:38:20,889 | INFO | HTTP Request: GET https://www.okx.com/api/v5/market/ticker?instId=BIO-USDT-SWAP "HTTP/2 200 OK"
2026-03-22 11:38:20,970 | INFO | HTTP Request: GET https://www.okx.com/api/v5/market/candles?instId=DOT-USDT-SWAP&bar=5m&limit=71 "HTTP/2 200 OK"
2026-03-22 11:38:21,279 | INFO | HTTP Request: GET https://www.okx.com/api/v5/market/candles?instId=BIO-USDT-SWAP&bar=5m&limit=89 "HTTP/2 200 OK"
2026-03-22 11:38:21,384 | INFO | HTTP Request: GET https://www.okx.com/api/v5/market/candles?instId=ENA-USDT-SWAP&bar=5m&limit=71 "HTTP/2 200 OK"
2026-03-22 11:38:21,789 | INFO | HTTP Request: GET https://www.okx.com/api/v5/market/candles?instId=ETC-USDT-SWAP&bar=5m&limit=71 "HTTP/2 200 OK"
2026-03-22 11:38:21,805 | INFO | HTTP Request: GET https://www.okx.com/api/v5/market/ticker?instId=BLUAI-USDT-SWAP "HTTP/2 200 OK"
2026-03-22 11:38:22,093 | INFO | HTTP Request: GET https://www.okx.com/api/v5/account/balance "HTTP/2 200 OK"
2026-03-22 11:38:22,181 | INFO | HTTP Request: GET https://www.okx.com/api/v5/market/candles?instId=ETHW-USDT-SWAP&bar=5m&limit=71 "HTTP/2 200 OK"
2026-03-22 11:38:22,540 | INFO | HTTP Request: GET https://www.okx.com/api/v5/market/candles?instId=BLUAI-USDT-SWAP&bar=5m&limit=89 "HTTP/2 200 OK"
2026-03-22 11:38:22,616 | INFO | HTTP Request: GET https://www.okx.com/api/v5/market/candles?instId=FIL-USDT-SWAP&bar=5m&limit=71 "HTTP/2 200 OK"
2026-03-22 11:38:23,012 | INFO | HTTP Request: GET https://www.okx.com/api/v5/market/candles?instId=FLOKI-USDT-SWAP&bar=5m&limit=71 "HTTP/2 200 OK"
2026-03-22 11:38:23,016 | INFO | HTTP Request: GET https://www.okx.com/api/v5/market/ticker?instId=BNB-USDT-SWAP "HTTP/2 200 OK"
2026-03-22 11:38:23,433 | INFO | HTTP Request: GET https://www.okx.com/api/v5/market/ticker?instId=FLOKI-USDT-SWAP "HTTP/2 200 OK"
2026-03-22 11:38:23,464 | INFO | FLOKI-USDT-SWAP: Turtle 55 short-сигнал отклонён (закрытие не удержалось ниже канала)
2026-03-22 11:38:23,469 | INFO | FLOKI-USDT-SWAP: Turtle 20 short-сигнал отклонён (закрытие не удержалось ниже канала)
2026-03-22 11:38:23,545 | INFO | HTTP Request: GET https://www.okx.com/api/v5/market/ticker?instId=BOME-USDT-SWAP "HTTP/2 200 OK"
2026-03-22 11:38:23,847 | INFO | HTTP Request: GET https://www.okx.com/api/v5/market/candles?instId=H-USDT-SWAP&bar=5m&limit=71 "HTTP/2 200 OK"
2026-03-22 11:38:24,016 | INFO | HTTP Request: GET https://www.okx.com/api/v5/market/candles?instId=BOME-USDT-SWAP&bar=5m&limit=89 "HTTP/2 200 OK"
2026-03-22 11:38:24,241 | INFO | HTTP Request: GET https://www.okx.com/api/v5/market/candles?instId=HBAR-USDT-SWAP&bar=5m&limit=71 "HTTP/2 200 OK"
2026-03-22 11:38:24,498 | INFO | HTTP Request: GET https://www.okx.com/api/v5/market/ticker?instId=BRETT-USDT-SWAP "HTTP/2 200 OK"
2026-03-22 11:38:24,621 | INFO | HTTP Request: GET https://www.okx.com/api/v5/market/candles?instId=HOME-USDT-SWAP&bar=5m&limit=71 "HTTP/2 200 OK"
2026-03-22 11:38:24,930 | INFO | HTTP Request: GET https://www.okx.com/api/v5/market/candles?instId=BRETT-USDT-SWAP&bar=5m&limit=89 "HTTP/2 200 OK"
2026-03-22 11:38:25,024 | INFO | HTTP Request: GET https://www.okx.com/api/v5/market/candles?instId=ICP-USDT-SWAP&bar=5m&limit=71 "HTTP/2 200 OK"
2026-03-22 11:38:25,433 | INFO | HTTP Request: GET https://www.okx.com/api/v5/market/candles?instId=IMX-USDT-SWAP&bar=5m&limit=71 "HTTP/2 200 OK"
2026-03-22 11:38:25,436 | INFO | HTTP Request: GET https://www.okx.com/api/v5/market/ticker?instId=BTC-USDT-SWAP "HTTP/2 200 OK"
2026-03-22 11:38:25,648 | INFO | HTTP Request: GET https://www.okx.com/api/v5/market/candles?instId=BTC-USDT-SWAP&bar=5m&limit=64 "HTTP/2 200 OK"
2026-03-22 11:38:25,832 | INFO | HTTP Request: GET https://www.okx.com/api/v5/market/candles?instId=INJ-USDT-SWAP&bar=5m&limit=71 "HTTP/2 200 OK"
2026-03-22 11:38:25,958 | INFO | HTTP Request: GET https://www.okx.com/api/v5/market/ticker?instId=CAT-USDT-SWAP "HTTP/2 200 OK"
2026-03-22 11:38:26,256 | INFO | HTTP Request: GET https://www.okx.com/api/v5/market/candles?instId=MAGIC-USDT-SWAP&bar=5m&limit=26 "HTTP/2 200 OK"
2026-03-22 11:38:26,405 | INFO | HTTP Request: GET https://www.okx.com/api/v5/market/candles?instId=CAT-USDT-SWAP&bar=5m&limit=89 "HTTP/2 200 OK"
2026-03-22 11:38:26,647 | INFO | HTTP Request: GET https://www.okx.com/api/v5/market/ticker?instId=MAGIC-USDT-SWAP "HTTP/2 200 OK"
2026-03-22 11:38:26,891 | INFO | HTTP Request: GET https://www.okx.com/api/v5/market/ticker?instId=CATI-USDT-SWAP "HTTP/2 200 OK"
2026-03-22 11:38:27,017 | INFO | HTTP Request: GET https://www.okx.com/api/v5/market/candles?instId=SUI-USDT-SWAP&bar=5m&limit=26 "HTTP/2 200 OK"
2026-03-22 11:38:27,264 | INFO | HTTP Request: GET https://www.okx.com/api/v5/market/candles?instId=CATI-USDT-SWAP&bar=5m&limit=89 "HTTP/2 200 OK"
2026-03-22 11:38:27,386 | INFO | HTTP Request: GET https://www.okx.com/api/v5/market/ticker?instId=SUI-USDT-SWAP "HTTP/2 200 OK"
2026-03-22 11:38:27,440 | INFO | HTTP Request: GET https://www.okx.com/api/v5/account/balance "HTTP/2 200 OK"
2026-03-22 11:38:27,743 | INFO | HTTP Request: GET https://www.okx.com/api/v5/market/ticker?instId=CELO-USDT-SWAP "HTTP/2 200 OK"
2026-03-22 11:38:27,759 | INFO | HTTP Request: GET https://www.okx.com/api/v5/market/candles?instId=ETHFI-USDT-SWAP&bar=5m&limit=26 "HTTP/2 200 OK"
2026-03-22 11:38:28,137 | INFO | HTTP Request: GET https://www.okx.com/api/v5/market/ticker?instId=ETHFI-USDT-SWAP "HTTP/2 200 OK"
2026-03-22 11:38:28,221 | INFO | HTTP Request: GET https://www.okx.com/api/v5/market/ticker?instId=CFX-USDT-SWAP "HTTP/2 200 OK"
2026-03-22 11:38:28,541 | INFO | HTTP Request: GET https://www.okx.com/api/v5/market/candles?instId=SOL-USDT-SWAP&bar=5m&limit=26 "HTTP/2 200 OK"
2026-03-22 11:38:28,748 | INFO | HTTP Request: GET https://www.okx.com/api/v5/market/ticker?instId=CHZ-USDT-SWAP "HTTP/2 200 OK"
2026-03-22 11:38:28,934 | INFO | HTTP Request: GET https://www.okx.com/api/v5/market/ticker?instId=SOL-USDT-SWAP "HTTP/2 200 OK"
2026-03-22 11:38:29,279 | INFO | HTTP Request: GET https://www.okx.com/api/v5/market/ticker?instId=COAI-USDT-SWAP "HTTP/2 200 OK"
2026-03-22 11:38:29,350 | INFO | HTTP Request: GET https://www.okx.com/api/v5/market/candles?instId=AAVE-USDT-SWAP&bar=5m&limit=26 "HTTP/2 200 OK"
2026-03-22 11:38:29,644 | INFO | HTTP Request: GET https://www.okx.com/api/v5/market/candles?instId=COAI-USDT-SWAP&bar=5m&limit=89 "HTTP/2 200 OK"
2026-03-22 11:38:29,752 | INFO | HTTP Request: GET https://www.okx.com/api/v5/market/ticker?instId=AAVE-USDT-SWAP "HTTP/2 200 OK"
2026-03-22 11:38:30,166 | INFO | HTTP Request: GET https://www.okx.com/api/v5/market/candles?instId=BTC-USDT-SWAP&bar=5m&limit=64 "HTTP/2 200 OK"
2026-03-22 11:38:30,185 | INFO | HTTP Request: GET https://www.okx.com/api/v5/market/ticker?instId=COMP-USDT-SWAP "HTTP/2 200 OK"
2026-03-22 11:38:30,629 | INFO | HTTP Request: GET https://www.okx.com/api/v5/public/instruments?instType=SWAP "HTTP/2 200 OK"
2026-03-22 11:38:30,712 | INFO | HTTP Request: GET https://www.okx.com/api/v5/market/ticker?instId=CRO-USDT-SWAP "HTTP/2 200 OK"
2026-03-22 11:38:30,868 | INFO | HTTP Request: GET https://www.okx.com/api/v5/account/balance "HTTP/2 200 OK"
2026-03-22 11:38:31,204 | INFO | HTTP Request: GET https://www.okx.com/api/v5/market/candles?instId=CRO-USDT-SWAP&bar=5m&limit=89 "HTTP/2 200 OK"
2026-03-22 11:38:31,301 | INFO | HTTP Request: GET https://www.okx.com/api/v5/trade/orders-pending?instType=SWAP&instId=1INCH-USDT-SWAP "HTTP/2 200 OK"
2026-03-22 11:38:31,676 | INFO | HTTP Request: GET https://www.okx.com/api/v5/market/ticker?instId=1INCH-USDT-SWAP "HTTP/2 200 OK"
2026-03-22 11:38:31,692 | INFO | HTTP Request: GET https://www.okx.com/api/v5/market/ticker?instId=CRV-USDT-SWAP "HTTP/2 200 OK"
2026-03-22 11:38:32,219 | INFO | HTTP Request: GET https://www.okx.com/api/v5/market/ticker?instId=DOGE-USDT-SWAP "HTTP/2 200 OK"
2026-03-22 11:38:32,692 | INFO | HTTP Request: GET https://www.okx.com/api/v5/account/balance "HTTP/2 200 OK"
2026-03-22 11:38:32,711 | INFO | HTTP Request: GET https://www.okx.com/api/v5/market/ticker?instId=DOT-USDT-SWAP "HTTP/2 200 OK"
2026-03-22 11:38:33,223 | INFO | HTTP Request: GET https://www.okx.com/api/v5/market/ticker?instId=ENA-USDT-SWAP "HTTP/2 200 OK"
2026-03-22 11:38:33,731 | INFO | HTTP Request: GET https://www.okx.com/api/v5/market/ticker?instId=EOS-USDT-SWAP "HTTP/2 200 OK"
2026-03-22 11:38:34,097 | INFO | HTTP Request: GET https://www.okx.com/api/v5/market/candles?instId=EOS-USDT-SWAP&bar=5m&limit=89 "HTTP/2 200 OK"
2026-03-22 11:38:34,586 | INFO | HTTP Request: GET https://www.okx.com/api/v5/market/ticker?instId=ETC-USDT-SWAP "HTTP/2 200 OK"
2026-03-22 11:38:35,019 | INFO | HTTP Request: GET https://www.okx.com/api/v5/market/candles?instId=BTC-USDT-SWAP&bar=5m&limit=64 "HTTP/2 200 OK"
2026-03-22 11:38:35,090 | INFO | HTTP Request: GET https://www.okx.com/api/v5/market/ticker?instId=ETH-USDT-SWAP "HTTP/2 200 OK"
2026-03-22 11:38:35,486 | INFO | HTTP Request: GET https://www.okx.com/api/v5/market/candles?instId=ETH-USDT-SWAP&bar=5m&limit=89 "HTTP/2 200 OK"
2026-03-22 11:38:35,586 | INFO | HTTP Request: GET https://www.okx.com/api/v5/public/instruments?instType=SWAP "HTTP/2 200 OK"
2026-03-22 11:38:35,876 | INFO | HTTP Request: GET https://www.okx.com/api/v5/account/balance "HTTP/2 200 OK"
2026-03-22 11:38:36,036 | INFO | HTTP Request: GET https://www.okx.com/api/v5/market/ticker?instId=ETHW-USDT-SWAP "HTTP/2 200 OK"
2026-03-22 11:38:36,238 | INFO | HTTP Request: GET https://www.okx.com/api/v5/trade/orders-pending?instType=SWAP&instId=1INCH-USDT-SWAP "HTTP/2 200 OK"
2026-03-22 11:38:36,580 | INFO | HTTP Request: GET https://www.okx.com/api/v5/market/ticker?instId=FIL-USDT-SWAP "HTTP/2 200 OK"
2026-03-22 11:38:36,649 | INFO | HTTP Request: GET https://www.okx.com/api/v5/market/ticker?instId=1INCH-USDT-SWAP "HTTP/2 200 OK"
2026-03-22 11:38:36,936 | INFO | HTTP Request: GET https://www.okx.com/api/v5/account/positions?instType=SWAP "HTTP/2 200 OK"
2026-03-22 11:38:37,197 | INFO | HTTP Request: GET https://www.okx.com/api/v5/market/ticker?instId=GMT-USDT-SWAP "HTTP/2 200 OK"
2026-03-22 11:38:37,307 | INFO | HTTP Request: GET https://www.okx.com/api/v5/market/candles?instId=JUP-USDT-SWAP&bar=15m&limit=121 "HTTP/2 200 OK"
2026-03-22 11:38:37,608 | INFO | HTTP Request: GET https://www.okx.com/api/v5/market/candles?instId=GMT-USDT-SWAP&bar=5m&limit=89 "HTTP/2 200 OK"
2026-03-22 11:38:37,717 | INFO | HTTP Request: GET https://www.okx.com/api/v5/market/candles?instId=JUP-USDT-SWAP&bar=5m&limit=97 "HTTP/2 200 OK"
2026-03-22 11:38:37,987 | INFO | HTTP Request: GET https://www.okx.com/api/v5/account/balance "HTTP/2 200 OK"
2026-03-22 11:38:38,135 | INFO | HTTP Request: GET https://www.okx.com/api/v5/market/history-trades?instId=JUP-USDT-SWAP&limit=100 "HTTP/2 200 OK"
2026-03-22 11:38:38,142 | INFO | HTTP Request: GET https://www.okx.com/api/v5/market/ticker?instId=H-USDT-SWAP "HTTP/2 200 OK"
2026-03-22 11:38:38,511 | INFO | HTTP Request: GET https://www.okx.com/api/v5/market/books?instId=JUP-USDT-SWAP&sz=5 "HTTP/2 200 OK"
2026-03-22 11:38:38,628 | INFO | HTTP Request: GET https://www.okx.com/api/v5/market/ticker?instId=HBAR-USDT-SWAP "HTTP/2 200 OK"
2026-03-22 11:38:39,138 | INFO | HTTP Request: GET https://www.okx.com/api/v5/market/ticker?instId=HMSTR-USDT-SWAP "HTTP/2 200 OK"
2026-03-22 11:38:39,164 | INFO | HTTP Request: GET https://www.okx.com/api/v5/market/books?instId=JUP-USDT-SWAP&sz=5 "HTTP/2 200 OK"
2026-03-22 11:38:39,525 | INFO | HTTP Request: GET https://www.okx.com/api/v5/market/candles?instId=HMSTR-USDT-SWAP&bar=5m&limit=89 "HTTP/2 200 OK"
2026-03-22 11:38:39,759 | INFO | HTTP Request: GET https://www.okx.com/api/v5/market/books?instId=JUP-USDT-SWAP&sz=5 "HTTP/2 200 OK"
2026-03-22 11:38:40,047 | INFO | HTTP Request: GET https://www.okx.com/api/v5/market/ticker?instId=HOME-USDT-SWAP "HTTP/2 200 OK"
2026-03-22 11:38:40,361 | INFO | HTTP Request: GET https://www.okx.com/api/v5/market/books?instId=JUP-USDT-SWAP&sz=5 "HTTP/2 200 OK"
2026-03-22 11:38:40,573 | INFO | HTTP Request: GET https://www.okx.com/api/v5/market/ticker?instId=ICP-USDT-SWAP "HTTP/2 200 OK"
2026-03-22 11:38:40,816 | INFO | HTTP Request: GET https://www.okx.com/api/v5/market/candles?instId=KAITO-USDT-SWAP&bar=15m&limit=121 "HTTP/2 200 OK"
2026-03-22 11:38:41,076 | INFO | HTTP Request: GET https://www.okx.com/api/v5/market/ticker?instId=IMX-USDT-SWAP "HTTP/2 200 OK"
2026-03-22 11:38:41,241 | INFO | HTTP Request: GET https://www.okx.com/api/v5/market/candles?instId=KAITO-USDT-SWAP&bar=5m&limit=97 "HTTP/2 200 OK"
2026-03-22 11:38:41,266 | INFO | HTTP Request: GET https://www.okx.com/api/v5/market/candles?instId=BTC-USDT-SWAP&bar=5m&limit=64 "HTTP/2 200 OK"
2026-03-22 11:38:41,614 | INFO | HTTP Request: GET https://www.okx.com/api/v5/market/history-trades?instId=KAITO-USDT-SWAP&limit=100 "HTTP/2 200 OK"
2026-03-22 11:38:41,615 | INFO | HTTP Request: GET https://www.okx.com/api/v5/market/ticker?instId=INJ-USDT-SWAP "HTTP/2 200 OK"
2026-03-22 11:38:42,032 | INFO | HTTP Request: GET https://www.okx.com/api/v5/market/books?instId=KAITO-USDT-SWAP&sz=5 "HTTP/2 200 OK"
2026-03-22 11:38:42,118 | INFO | HTTP Request: GET https://www.okx.com/api/v5/market/ticker?instId=IOTA-USDT-SWAP "HTTP/2 200 OK"
2026-03-22 11:38:42,610 | INFO | HTTP Request: GET https://www.okx.com/api/v5/market/ticker?instId=JUP-USDT-SWAP "HTTP/2 200 OK"
2026-03-22 11:38:42,626 | INFO | HTTP Request: GET https://www.okx.com/api/v5/market/books?instId=KAITO-USDT-SWAP&sz=5 "HTTP/2 200 OK"
2026-03-22 11:38:43,140 | INFO | HTTP Request: GET https://www.okx.com/api/v5/market/ticker?instId=KAITO-USDT-SWAP "HTTP/2 200 OK"
2026-03-22 11:38:43,227 | INFO | HTTP Request: GET https://www.okx.com/api/v5/market/books?instId=KAITO-USDT-SWAP&sz=5 "HTTP/2 200 OK"
2026-03-22 11:38:43,431 | INFO | HTTP Request: GET https://www.okx.com/api/v5/account/balance "HTTP/2 200 OK"
2026-03-22 11:38:43,629 | INFO | HTTP Request: GET https://www.okx.com/api/v5/market/ticker?instId=KSM-USDT-SWAP "HTTP/2 200 OK"
2026-03-22 11:38:43,827 | INFO | HTTP Request: GET https://www.okx.com/api/v5/market/books?instId=KAITO-USDT-SWAP&sz=5 "HTTP/2 200 OK"
2026-03-22 11:38:44,023 | INFO | HTTP Request: GET https://www.okx.com/api/v5/market/candles?instId=KSM-USDT-SWAP&bar=5m&limit=89 "HTTP/2 200 OK"
2026-03-22 11:38:44,238 | INFO | HTTP Request: GET https://www.okx.com/api/v5/market/candles?instId=KSM-USDT-SWAP&bar=15m&limit=121 "HTTP/2 200 OK"
2026-03-22 11:38:44,557 | INFO | HTTP Request: GET https://www.okx.com/api/v5/market/ticker?instId=LDO-USDT-SWAP "HTTP/2 200 OK"
2026-03-22 11:38:44,643 | INFO | HTTP Request: GET https://www.okx.com/api/v5/market/candles?instId=KSM-USDT-SWAP&bar=5m&limit=97 "HTTP/2 200 OK"
2026-03-22 11:38:44,946 | INFO | HTTP Request: GET https://www.okx.com/api/v5/market/candles?instId=LDO-USDT-SWAP&bar=5m&limit=89 "HTTP/2 200 OK"
2026-03-22 11:38:45,053 | INFO | HTTP Request: GET https://www.okx.com/api/v5/market/history-trades?instId=KSM-USDT-SWAP&limit=100 "HTTP/2 200 OK"
2026-03-22 11:38:45,495 | INFO | HTTP Request: GET https://www.okx.com/api/v5/market/books?instId=KSM-USDT-SWAP&sz=5 "HTTP/2 200 OK"
2026-03-22 11:38:45,499 | INFO | HTTP Request: GET https://www.okx.com/api/v5/market/ticker?instId=LINEA-USDT-SWAP "HTTP/2 200 OK"
2026-03-22 11:38:45,917 | INFO | HTTP Request: GET https://www.okx.com/api/v5/market/candles?instId=LINEA-USDT-SWAP&bar=5m&limit=89 "HTTP/2 200 OK"
2026-03-22 11:38:46,092 | INFO | HTTP Request: GET https://www.okx.com/api/v5/market/books?instId=KSM-USDT-SWAP&sz=5 "HTTP/2 200 OK"
2026-03-22 11:38:46,420 | INFO | HTTP Request: GET https://www.okx.com/api/v5/market/ticker?instId=LINK-USDT-SWAP "HTTP/2 200 OK"
2026-03-22 11:38:46,734 | INFO | HTTP Request: GET https://www.okx.com/api/v5/market/books?instId=KSM-USDT-SWAP&sz=5 "HTTP/2 200 OK"
2026-03-22 11:38:46,790 | INFO | HTTP Request: GET https://www.okx.com/api/v5/market/candles?instId=LINK-USDT-SWAP&bar=5m&limit=89 "HTTP/2 200 OK"
2026-03-22 11:38:47,317 | INFO | HTTP Request: GET https://www.okx.com/api/v5/market/ticker?instId=LIT-USDT-SWAP "HTTP/2 200 OK"
2026-03-22 11:38:47,329 | INFO | HTTP Request: GET https://www.okx.com/api/v5/market/books?instId=KSM-USDT-SWAP&sz=5 "HTTP/2 200 OK"
2026-03-22 11:38:47,514 | INFO | HTTP Request: GET https://www.okx.com/api/v5/market/candles?instId=BTC-USDT-SWAP&bar=5m&limit=64 "HTTP/2 200 OK"
2026-03-22 11:38:47,714 | INFO | HTTP Request: GET https://www.okx.com/api/v5/market/candles?instId=LDO-USDT-SWAP&bar=15m&limit=121 "HTTP/2 200 OK"
2026-03-22 11:38:47,724 | INFO | HTTP Request: GET https://www.okx.com/api/v5/market/candles?instId=LIT-USDT-SWAP&bar=5m&limit=89 "HTTP/2 200 OK"
2026-03-22 11:38:48,132 | INFO | HTTP Request: GET https://www.okx.com/api/v5/market/candles?instId=LDO-USDT-SWAP&bar=5m&limit=97 "HTTP/2 200 OK"
2026-03-22 11:38:48,251 | INFO | HTTP Request: GET https://www.okx.com/api/v5/market/ticker?instId=LPT-USDT-SWAP "HTTP/2 200 OK"
2026-03-22 11:38:48,547 | INFO | HTTP Request: GET https://www.okx.com/api/v5/market/history-trades?instId=LDO-USDT-SWAP&limit=100 "HTTP/2 200 OK"
2026-03-22 11:38:48,645 | INFO | HTTP Request: GET https://www.okx.com/api/v5/market/candles?instId=LPT-USDT-SWAP&bar=5m&limit=89 "HTTP/2 200 OK"
2026-03-22 11:38:48,862 | INFO | HTTP Request: GET https://www.okx.com/api/v5/account/balance "HTTP/2 200 OK"
2026-03-22 11:38:48,958 | INFO | HTTP Request: GET https://www.okx.com/api/v5/market/books?instId=LDO-USDT-SWAP&sz=5 "HTTP/2 200 OK"
2026-03-22 11:38:49,181 | INFO | HTTP Request: GET https://www.okx.com/api/v5/market/ticker?instId=LQTY-USDT-SWAP "HTTP/2 200 OK"
2026-03-22 11:38:49,573 | INFO | HTTP Request: GET https://www.okx.com/api/v5/market/candles?instId=LQTY-USDT-SWAP&bar=5m&limit=89 "HTTP/2 200 OK"
2026-03-22 11:38:49,617 | INFO | HTTP Request: GET https://www.okx.com/api/v5/market/books?instId=LDO-USDT-SWAP&sz=5 "HTTP/2 200 OK"
2026-03-22 11:38:50,085 | INFO | HTTP Request: GET https://www.okx.com/api/v5/market/ticker?instId=LRC-USDT-SWAP "HTTP/2 200 OK"
2026-03-22 11:38:50,213 | INFO | HTTP Request: GET https://www.okx.com/api/v5/market/books?instId=LDO-USDT-SWAP&sz=5 "HTTP/2 200 OK"
2026-03-22 11:38:50,495 | INFO | HTTP Request: GET https://www.okx.com/api/v5/market/candles?instId=LRC-USDT-SWAP&bar=5m&limit=89 "HTTP/2 200 OK"
2026-03-22 11:38:50,815 | INFO | HTTP Request: GET https://www.okx.com/api/v5/market/books?instId=LDO-USDT-SWAP&sz=5 "HTTP/2 200 OK"
2026-03-22 11:38:51,017 | INFO | HTTP Request: GET https://www.okx.com/api/v5/market/ticker?instId=LTC-USDT-SWAP "HTTP/2 200 OK"
2026-03-22 11:38:51,226 | INFO | HTTP Request: GET https://www.okx.com/api/v5/market/candles?instId=1INCH-USDT-SWAP&bar=5m&limit=71 "HTTP/2 200 OK"
2026-03-22 11:38:51,421 | INFO | HTTP Request: GET https://www.okx.com/api/v5/market/candles?instId=LTC-USDT-SWAP&bar=5m&limit=89 "HTTP/2 200 OK"
2026-03-22 11:38:51,616 | INFO | HTTP Request: GET https://www.okx.com/api/v5/market/candles?instId=2Z-USDT-SWAP&bar=5m&limit=71 "HTTP/2 200 OK"
2026-03-22 11:38:51,932 | INFO | HTTP Request: GET https://www.okx.com/api/v5/market/ticker?instId=MAJOR-USDT-SWAP "HTTP/2 200 OK"
2026-03-22 11:38:52,020 | INFO | HTTP Request: GET https://www.okx.com/api/v5/market/ticker?instId=2Z-USDT-SWAP "HTTP/2 200 OK"
2026-03-22 11:38:52,066 | INFO | 2Z-USDT-SWAP: Turtle 55 short-сигнал отклонён (закрытие не удержалось ниже канала)
2026-03-22 11:38:52,336 | INFO | HTTP Request: GET https://www.okx.com/api/v5/market/candles?instId=MAJOR-USDT-SWAP&bar=5m&limit=89 "HTTP/2 200 OK"
2026-03-22 11:38:52,442 | INFO | HTTP Request: GET https://www.okx.com/api/v5/market/candles?instId=ACT-USDT-SWAP&bar=5m&limit=71 "HTTP/2 200 OK"
2026-03-22 11:38:52,853 | INFO | HTTP Request: GET https://www.okx.com/api/v5/market/ticker?instId=MASK-USDT-SWAP "HTTP/2 200 OK"
2026-03-22 11:38:52,863 | INFO | HTTP Request: GET https://www.okx.com/api/v5/market/candles?instId=ALGO-USDT-SWAP&bar=5m&limit=71 "HTTP/2 200 OK"
2026-03-22 11:38:53,250 | INFO | HTTP Request: GET https://www.okx.com/api/v5/market/candles?instId=ARB-USDT-SWAP&bar=5m&limit=71 "HTTP/2 200 OK"
2026-03-22 11:38:53,267 | INFO | HTTP Request: GET https://www.okx.com/api/v5/market/candles?instId=MASK-USDT-SWAP&bar=5m&limit=89 "HTTP/2 200 OK"
2026-03-22 11:38:53,682 | INFO | HTTP Request: GET https://www.okx.com/api/v5/market/candles?instId=ATOM-USDT-SWAP&bar=5m&limit=71 "HTTP/2 200 OK"
2026-03-22 11:38:53,764 | INFO | HTTP Request: GET https://www.okx.com/api/v5/market/candles?instId=BTC-USDT-SWAP&bar=5m&limit=64 "HTTP/2 200 OK"
2026-03-22 11:38:53,787 | INFO | HTTP Request: GET https://www.okx.com/api/v5/market/ticker?instId=MET-USDT-SWAP "HTTP/2 200 OK"
2026-03-22 11:38:54,073 | INFO | HTTP Request: GET https://www.okx.com/api/v5/market/ticker?instId=ATOM-USDT-SWAP "HTTP/2 200 OK"
2026-03-22 11:38:54,122 | INFO | ATOM-USDT-SWAP: Turtle 20 long-сигнал отклонён (закрытие не удержалось выше канала)
2026-03-22 11:38:54,199 | INFO | HTTP Request: GET https://www.okx.com/api/v5/market/candles?instId=MET-USDT-SWAP&bar=5m&limit=89 "HTTP/2 200 OK"
2026-03-22 11:38:54,334 | INFO | HTTP Request: GET https://www.okx.com/api/v5/account/balance "HTTP/2 200 OK"
2026-03-22 11:38:54,495 | INFO | HTTP Request: GET https://www.okx.com/api/v5/market/candles?instId=AUCTION-USDT-SWAP&bar=5m&limit=71 "HTTP/2 200 OK"
2026-03-22 11:38:54,737 | INFO | HTTP Request: GET https://www.okx.com/api/v5/market/ticker?instId=MINA-USDT-SWAP "HTTP/2 200 OK"
2026-03-22 11:38:54,910 | INFO | HTTP Request: GET https://www.okx.com/api/v5/market/candles?instId=AVAX-USDT-SWAP&bar=5m&limit=71 "HTTP/2 200 OK"
2026-03-22 11:38:55,105 | INFO | HTTP Request: GET https://www.okx.com/api/v5/market/candles?instId=MINA-USDT-SWAP&bar=5m&limit=89 "HTTP/2 200 OK"
2026-03-22 11:38:55,319 | INFO | HTTP Request: GET https://www.okx.com/api/v5/market/candles?instId=AXS-USDT-SWAP&bar=5m&limit=71 "HTTP/2 200 OK"
2026-03-22 11:38:55,654 | INFO | HTTP Request: GET https://www.okx.com/api/v5/market/ticker?instId=MKR-USDT-SWAP "HTTP/2 200 OK"
2026-03-22 11:38:55,728 | INFO | HTTP Request: GET https://www.okx.com/api/v5/market/candles?instId=BNB-USDT-SWAP&bar=5m&limit=71 "HTTP/2 200 OK"
2026-03-22 11:38:56,029 | INFO | HTTP Request: GET https://www.okx.com/api/v5/market/candles?instId=MKR-USDT-SWAP&bar=5m&limit=89 "HTTP/2 200 OK"
2026-03-22 11:38:56,140 | INFO | HTTP Request: GET https://www.okx.com/api/v5/market/candles?instId=BTC-USDT-SWAP&bar=5m&limit=71 "HTTP/2 200 OK"
2026-03-22 11:38:56,555 | INFO | HTTP Request: GET https://www.okx.com/api/v5/market/ticker?instId=MUBARAK-USDT-SWAP "HTTP/2 200 OK"
2026-03-22 11:38:56,556 | INFO | HTTP Request: GET https://www.okx.com/api/v5/market/candles?instId=CELO-USDT-SWAP&bar=5m&limit=71 "HTTP/2 200 OK"
2026-03-22 11:38:56,948 | INFO | HTTP Request: GET https://www.okx.com/api/v5/market/candles?instId=MUBARAK-USDT-SWAP&bar=5m&limit=89 "HTTP/2 200 OK"
2026-03-22 11:38:56,976 | INFO | HTTP Request: GET https://www.okx.com/api/v5/market/candles?instId=CFX-USDT-SWAP&bar=5m&limit=71 "HTTP/2 200 OK"
2026-03-22 11:38:57,379 | INFO | HTTP Request: GET https://www.okx.com/api/v5/market/candles?instId=CHZ-USDT-SWAP&bar=5m&limit=71 "HTTP/2 200 OK"
2026-03-22 11:38:57,472 | INFO | HTTP Request: GET https://www.okx.com/api/v5/market/ticker?instId=NEAR-USDT-SWAP "HTTP/2 200 OK"
2026-03-22 11:38:57,766 | INFO | HTTP Request: GET https://www.okx.com/api/v5/market/candles?instId=COMP-USDT-SWAP&bar=5m&limit=71 "HTTP/2 200 OK"
2026-03-22 11:38:57,868 | INFO | HTTP Request: GET https://www.okx.com/api/v5/market/candles?instId=NEAR-USDT-SWAP&bar=5m&limit=89 "HTTP/2 200 OK"
2026-03-22 11:38:58,186 | INFO | HTTP Request: GET https://www.okx.com/api/v5/market/candles?instId=CRV-USDT-SWAP&bar=5m&limit=71 "HTTP/2 200 OK"
2026-03-22 11:38:58,395 | INFO | HTTP Request: GET https://www.okx.com/api/v5/market/ticker?instId=NEO-USDT-SWAP "HTTP/2 200 OK"
2026-03-22 11:38:58,594 | INFO | HTTP Request: GET https://www.okx.com/api/v5/market/candles?instId=DOGE-USDT-SWAP&bar=5m&limit=71 "HTTP/2 200 OK"
2026-03-22 11:38:58,812 | INFO | HTTP Request: GET https://www.okx.com/api/v5/market/candles?instId=NEO-USDT-SWAP&bar=5m&limit=89 "HTTP/2 200 OK"
2026-03-22 11:38:58,994 | INFO | HTTP Request: GET https://www.okx.com/api/v5/market/candles?instId=DOT-USDT-SWAP&bar=5m&limit=71 "HTTP/2 200 OK"
2026-03-22 11:38:59,329 | INFO | HTTP Request: GET https://www.okx.com/api/v5/market/ticker?instId=NOT-USDT-SWAP "HTTP/2 200 OK"
2026-03-22 11:38:59,422 | INFO | HTTP Request: GET https://www.okx.com/api/v5/market/candles?instId=ENA-USDT-SWAP&bar=5m&limit=71 "HTTP/2 200 OK"
2026-03-22 11:38:59,672 | INFO | HTTP Request: GET https://www.okx.com/api/v5/account/balance "HTTP/2 200 OK"
2026-03-22 11:38:59,724 | INFO | HTTP Request: GET https://www.okx.com/api/v5/market/candles?instId=NOT-USDT-SWAP&bar=5m&limit=89 "HTTP/2 200 OK"
2026-03-22 11:38:59,828 | INFO | HTTP Request: GET https://www.okx.com/api/v5/market/candles?instId=ETC-USDT-SWAP&bar=5m&limit=71 "HTTP/2 200 OK"
2026-03-22 11:39:00,201 | INFO | HTTP Request: GET https://www.okx.com/api/v5/market/candles?instId=ETHW-USDT-SWAP&bar=5m&limit=71 "HTTP/2 200 OK"
2026-03-22 11:39:00,216 | INFO | HTTP Request: GET https://www.okx.com/api/v5/market/ticker?instId=OP-USDT-SWAP "HTTP/2 200 OK"
2026-03-22 11:39:00,612 | INFO | HTTP Request: GET https://www.okx.com/api/v5/market/candles?instId=OP-USDT-SWAP&bar=5m&limit=89 "HTTP/2 200 OK"
2026-03-22 11:39:00,679 | INFO | HTTP Request: GET https://www.okx.com/api/v5/market/candles?instId=FIL-USDT-SWAP&bar=5m&limit=71 "HTTP/2 200 OK"
2026-03-22 11:39:01,060 | INFO | HTTP Request: GET https://www.okx.com/api/v5/market/candles?instId=FLOKI-USDT-SWAP&bar=5m&limit=71 "HTTP/2 200 OK"
2026-03-22 11:39:01,143 | INFO | HTTP Request: GET https://www.okx.com/api/v5/market/ticker?instId=PEPE-USDT-SWAP "HTTP/2 200 OK"
2026-03-22 11:39:01,447 | INFO | HTTP Request: GET https://www.okx.com/api/v5/market/ticker?instId=FLOKI-USDT-SWAP "HTTP/2 200 OK"
2026-03-22 11:39:01,498 | INFO | FLOKI-USDT-SWAP: Turtle 55 short-сигнал отклонён (закрытие не удержалось ниже канала)
2026-03-22 11:39:01,501 | INFO | FLOKI-USDT-SWAP: Turtle 20 short-сигнал отклонён (закрытие не удержалось ниже канала)
2026-03-22 11:39:01,571 | INFO | HTTP Request: GET https://www.okx.com/api/v5/market/candles?instId=PEPE-USDT-SWAP&bar=5m&limit=89 "HTTP/2 200 OK"
2026-03-22 11:39:01,878 | INFO | HTTP Request: GET https://www.okx.com/api/v5/market/candles?instId=H-USDT-SWAP&bar=5m&limit=71 "HTTP/2 200 OK"
2026-03-22 11:39:02,109 | INFO | HTTP Request: GET https://www.okx.com/api/v5/market/ticker?instId=PIGGY-USDT-SWAP "HTTP/2 200 OK"
2026-03-22 11:39:02,305 | INFO | HTTP Request: GET https://www.okx.com/api/v5/market/candles?instId=HBAR-USDT-SWAP&bar=5m&limit=71 "HTTP/2 200 OK"
2026-03-22 11:39:02,498 | INFO | HTTP Request: GET https://www.okx.com/api/v5/market/candles?instId=PIGGY-USDT-SWAP&bar=5m&limit=89 "HTTP/2 200 OK"
2026-03-22 11:39:02,711 | INFO | HTTP Request: GET https://www.okx.com/api/v5/market/candles?instId=HOME-USDT-SWAP&bar=5m&limit=71 "HTTP/2 200 OK"
2026-03-22 11:39:03,003 | INFO | HTTP Request: GET https://www.okx.com/api/v5/market/ticker?instId=QTUM-USDT-SWAP "HTTP/2 200 OK"
2026-03-22 11:39:03,100 | INFO | HTTP Request: GET https://www.okx.com/api/v5/market/candles?instId=ICP-USDT-SWAP&bar=5m&limit=71 "HTTP/2 200 OK"
2026-03-22 11:39:03,136 | INFO | HTTP Request: GET https://www.okx.com/api/v5/market/candles?instId=BTC-USDT-SWAP&bar=5m&limit=64 "HTTP/2 200 OK"
2026-03-22 11:39:03,423 | INFO | HTTP Request: GET https://www.okx.com/api/v5/market/candles?instId=QTUM-USDT-SWAP&bar=5m&limit=89 "HTTP/2 200 OK"
2026-03-22 11:39:03,518 | INFO | HTTP Request: GET https://www.okx.com/api/v5/market/candles?instId=IMX-USDT-SWAP&bar=5m&limit=71 "HTTP/2 200 OK"
2026-03-22 11:39:03,926 | INFO | HTTP Request: GET https://www.okx.com/api/v5/market/candles?instId=INJ-USDT-SWAP&bar=5m&limit=71 "HTTP/2 200 OK"
2026-03-22 11:39:03,937 | INFO | HTTP Request: GET https://www.okx.com/api/v5/market/ticker?instId=RAVE-USDT-SWAP "HTTP/2 200 OK"
2026-03-22 11:39:04,334 | INFO | HTTP Request: GET https://www.okx.com/api/v5/market/candles?instId=JUP-USDT-SWAP&bar=5m&limit=71 "HTTP/2 200 OK"
2026-03-22 11:39:04,356 | INFO | HTTP Request: GET https://www.okx.com/api/v5/market/candles?instId=RAVE-USDT-SWAP&bar=5m&limit=89 "HTTP/2 200 OK"
2026-03-22 11:39:04,744 | INFO | HTTP Request: GET https://www.okx.com/api/v5/market/candles?instId=KAITO-USDT-SWAP&bar=5m&limit=71 "HTTP/2 200 OK"
2026-03-22 11:39:04,856 | INFO | HTTP Request: GET https://www.okx.com/api/v5/market/ticker?instId=RESOLV-USDT-SWAP "HTTP/2 200 OK"
2026-03-22 11:39:04,990 | INFO | HTTP Request: GET https://www.okx.com/api/v5/account/balance "HTTP/2 200 OK"
2026-03-22 11:39:05,159 | INFO | HTTP Request: GET https://www.okx.com/api/v5/market/candles?instId=LDO-USDT-SWAP&bar=5m&limit=71 "HTTP/2 200 OK"
2026-03-22 11:39:05,266 | INFO | HTTP Request: GET https://www.okx.com/api/v5/market/candles?instId=RESOLV-USDT-SWAP&bar=5m&limit=89 "HTTP/2 200 OK"
2026-03-22 11:39:05,587 | INFO | HTTP Request: GET https://www.okx.com/api/v5/market/candles?instId=MAGIC-USDT-SWAP&bar=5m&limit=26 "HTTP/2 200 OK"
2026-03-22 11:39:05,797 | INFO | HTTP Request: GET https://www.okx.com/api/v5/market/ticker?instId=ROBO-USDT-SWAP "HTTP/2 200 OK"
2026-03-22 11:39:06,023 | INFO | HTTP Request: GET https://www.okx.com/api/v5/market/ticker?instId=MAGIC-USDT-SWAP "HTTP/2 200 OK"
2026-03-22 11:39:06,195 | INFO | HTTP Request: GET https://www.okx.com/api/v5/market/candles?instId=ROBO-USDT-SWAP&bar=5m&limit=89 "HTTP/2 200 OK"
2026-03-22 11:39:06,393 | INFO | HTTP Request: GET https://www.okx.com/api/v5/market/candles?instId=SUI-USDT-SWAP&bar=5m&limit=26 "HTTP/2 200 OK"
2026-03-22 11:39:06,770 | INFO | HTTP Request: GET https://www.okx.com/api/v5/market/ticker?instId=SAND-USDT-SWAP "HTTP/2 200 OK"
2026-03-22 11:39:06,819 | INFO | HTTP Request: GET https://www.okx.com/api/v5/market/ticker?instId=SUI-USDT-SWAP "HTTP/2 200 OK"
2026-03-22 11:39:07,160 | INFO | HTTP Request: GET https://www.okx.com/api/v5/market/candles?instId=SAND-USDT-SWAP&bar=5m&limit=89 "HTTP/2 200 OK"
2026-03-22 11:39:07,192 | INFO | HTTP Request: GET https://www.okx.com/api/v5/market/candles?instId=ETHFI-USDT-SWAP&bar=5m&limit=26 "HTTP/2 200 OK"
2026-03-22 11:39:07,575 | INFO | HTTP Request: GET https://www.okx.com/api/v5/market/ticker?instId=ETHFI-USDT-SWAP "HTTP/2 200 OK"
2026-03-22 11:39:07,660 | INFO | HTTP Request: GET https://www.okx.com/api/v5/market/ticker?instId=SCR-USDT-SWAP "HTTP/2 200 OK"
2026-03-22 11:39:07,991 | INFO | HTTP Request: GET https://www.okx.com/api/v5/market/candles?instId=SOL-USDT-SWAP&bar=5m&limit=26 "HTTP/2 200 OK"
2026-03-22 11:39:08,092 | INFO | HTTP Request: GET https://www.okx.com/api/v5/market/candles?instId=SCR-USDT-SWAP&bar=5m&limit=89 "HTTP/2 200 OK"
2026-03-22 11:39:08,368 | INFO | HTTP Request: GET https://www.okx.com/api/v5/market/ticker?instId=SOL-USDT-SWAP "HTTP/2 200 OK"
2026-03-22 11:39:08,614 | INFO | HTTP Request: GET https://www.okx.com/api/v5/market/ticker?instId=SHIB-USDT-SWAP "HTTP/2 200 OK"
2026-03-22 11:39:08,806 | INFO | HTTP Request: GET https://www.okx.com/api/v5/market/candles?instId=AAVE-USDT-SWAP&bar=5m&limit=26 "HTTP/2 200 OK"
2026-03-22 11:39:09,005 | INFO | HTTP Request: GET https://www.okx.com/api/v5/market/candles?instId=SHIB-USDT-SWAP&bar=5m&limit=89 "HTTP/2 200 OK"
2026-03-22 11:39:09,202 | INFO | HTTP Request: GET https://www.okx.com/api/v5/market/ticker?instId=AAVE-USDT-SWAP "HTTP/2 200 OK"
2026-03-22 11:39:09,399 | INFO | HTTP Request: GET https://www.okx.com/api/v5/market/candles?instId=BTC-USDT-SWAP&bar=5m&limit=64 "HTTP/2 200 OK"
2026-03-22 11:39:09,506 | INFO | HTTP Request: GET https://www.okx.com/api/v5/market/ticker?instId=SKY-USDT-SWAP "HTTP/2 200 OK"
2026-03-22 11:39:09,600 | INFO | HTTP Request: GET https://www.okx.com/api/v5/market/candles?instId=BTC-USDT-SWAP&bar=5m&limit=64 "HTTP/2 200 OK"
2026-03-22 11:39:09,927 | INFO | HTTP Request: GET https://www.okx.com/api/v5/market/candles?instId=SKY-USDT-SWAP&bar=5m&limit=89 "HTTP/2 200 OK"
2026-03-22 11:39:09,954 | INFO | HTTP Request: GET https://www.okx.com/api/v5/public/instruments?instType=SWAP "HTTP/2 200 OK"
2026-03-22 11:39:10,197 | INFO | HTTP Request: GET https://www.okx.com/api/v5/account/balance "HTTP/2 200 OK"
2026-03-22 11:39:10,243 | INFO | HTTP Request: GET https://www.okx.com/api/v5/account/balance "HTTP/2 200 OK"
2026-03-22 11:39:10,429 | INFO | HTTP Request: GET https://www.okx.com/api/v5/market/ticker?instId=SOLV-USDT-SWAP "HTTP/2 200 OK"
2026-03-22 11:39:10,616 | INFO | HTTP Request: GET https://www.okx.com/api/v5/trade/orders-pending?instType=SWAP&instId=1INCH-USDT-SWAP "HTTP/2 200 OK"
2026-03-22 11:39:10,833 | INFO | HTTP Request: GET https://www.okx.com/api/v5/market/candles?instId=SOLV-USDT-SWAP&bar=5m&limit=89 "HTTP/2 200 OK"
2026-03-22 11:39:11,021 | INFO | HTTP Request: GET https://www.okx.com/api/v5/market/ticker?instId=1INCH-USDT-SWAP "HTTP/2 200 OK"
2026-03-22 11:39:11,426 | INFO | HTTP Request: GET https://www.okx.com/api/v5/market/ticker?instId=SPK-USDT-SWAP "HTTP/2 200 OK"
2026-03-22 11:39:12,081 | INFO | HTTP Request: GET https://www.okx.com/api/v5/market/candles?instId=SPK-USDT-SWAP&bar=5m&limit=89 "HTTP/2 200 OK"
2026-03-22 11:39:12,600 | INFO | HTTP Request: GET https://www.okx.com/api/v5/market/ticker?instId=STRK-USDT-SWAP "HTTP/2 200 OK"
2026-03-22 11:39:12,989 | INFO | HTTP Request: GET https://www.okx.com/api/v5/market/candles?instId=STRK-USDT-SWAP&bar=5m&limit=89 "HTTP/2 200 OK"
2026-03-22 11:39:13,531 | INFO | HTTP Request: GET https://www.okx.com/api/v5/market/ticker?instId=SUSHI-USDT-SWAP "HTTP/2 200 OK"
2026-03-22 11:39:13,908 | INFO | HTTP Request: GET https://www.okx.com/api/v5/market/candles?instId=SUSHI-USDT-SWAP&bar=5m&limit=89 "HTTP/2 200 OK"
2026-03-22 11:39:14,444 | INFO | HTTP Request: GET https://www.okx.com/api/v5/market/ticker?instId=SYRUP-USDT-SWAP "HTTP/2 200 OK"
2026-03-22 11:39:14,811 | INFO | HTTP Request: GET https://www.okx.com/api/v5/market/candles?instId=SYRUP-USDT-SWAP&bar=5m&limit=89 "HTTP/2 200 OK"
2026-03-22 11:39:14,891 | INFO | HTTP Request: GET https://www.okx.com/api/v5/public/instruments?instType=SWAP "HTTP/2 200 OK"
2026-03-22 11:39:15,132 | INFO | HTTP Request: GET https://www.okx.com/api/v5/account/balance "HTTP/2 200 OK"
2026-03-22 11:39:15,349 | INFO | HTTP Request: GET https://www.okx.com/api/v5/market/ticker?instId=TEST1234-USDT-SWAP "HTTP/2 200 OK"
2026-03-22 11:39:15,498 | INFO | HTTP Request: GET https://www.okx.com/api/v5/account/balance "HTTP/2 200 OK"
2026-03-22 11:39:15,507 | INFO | HTTP Request: GET https://www.okx.com/api/v5/trade/orders-pending?instType=SWAP&instId=1INCH-USDT-SWAP "HTTP/2 200 OK"
2026-03-22 11:39:15,660 | INFO | HTTP Request: GET https://www.okx.com/api/v5/market/candles?instId=BTC-USDT-SWAP&bar=5m&limit=64 "HTTP/2 200 OK"
2026-03-22 11:39:15,728 | INFO | HTTP Request: GET https://www.okx.com/api/v5/market/candles?instId=TEST1234-USDT-SWAP&bar=5m&limit=89 "HTTP/2 200 OK"
2026-03-22 11:39:15,867 | INFO | HTTP Request: GET https://www.okx.com/api/v5/market/ticker?instId=1INCH-USDT-SWAP "HTTP/2 200 OK"
2026-03-22 11:39:16,115 | INFO | HTTP Request: GET https://www.okx.com/api/v5/account/positions?instType=SWAP "HTTP/2 200 OK"
2026-03-22 11:39:16,211 | INFO | HTTP Request: GET https://www.okx.com/api/v5/market/ticker?instId=TEST3103-USDT-SWAP "HTTP/2 200 OK"
2026-03-22 11:39:16,485 | INFO | HTTP Request: GET https://www.okx.com/api/v5/market/candles?instId=LINEA-USDT-SWAP&bar=15m&limit=121 "HTTP/2 200 OK"
2026-03-22 11:39:16,604 | INFO | HTTP Request: GET https://www.okx.com/api/v5/market/candles?instId=TEST3103-USDT-SWAP&bar=5m&limit=89 "HTTP/2 200 OK"
2026-03-22 11:39:16,925 | INFO | HTTP Request: GET https://www.okx.com/api/v5/market/candles?instId=LINEA-USDT-SWAP&bar=5m&limit=97 "HTTP/2 200 OK"
2026-03-22 11:39:17,119 | INFO | HTTP Request: GET https://www.okx.com/api/v5/market/ticker?instId=TEST3110-USDT-SWAP "HTTP/2 200 OK"
2026-03-22 11:39:17,300 | INFO | HTTP Request: GET https://www.okx.com/api/v5/market/history-trades?instId=LINEA-USDT-SWAP&limit=100 "HTTP/2 200 OK"
2026-03-22 11:39:17,525 | INFO | HTTP Request: GET https://www.okx.com/api/v5/market/candles?instId=TEST3110-USDT-SWAP&bar=5m&limit=89 "HTTP/2 200 OK"
2026-03-22 11:39:17,775 | INFO | HTTP Request: GET https://www.okx.com/api/v5/market/books?instId=LINEA-USDT-SWAP&sz=5 "HTTP/2 200 OK"
2026-03-22 11:39:18,036 | INFO | HTTP Request: GET https://www.okx.com/api/v5/market/ticker?instId=THETA-USDT-SWAP "HTTP/2 200 OK"
2026-03-22 11:39:18,375 | INFO | HTTP Request: GET https://www.okx.com/api/v5/market/books?instId=LINEA-USDT-SWAP&sz=5 "HTTP/2 200 OK"
2026-03-22 11:39:18,446 | INFO | HTTP Request: GET https://www.okx.com/api/v5/market/candles?instId=THETA-USDT-SWAP&bar=5m&limit=89 "HTTP/2 200 OK"
2026-03-22 11:39:18,964 | INFO | HTTP Request: GET https://www.okx.com/api/v5/market/books?instId=LINEA-USDT-SWAP&sz=5 "HTTP/2 200 OK"
2026-03-22 11:39:18,996 | INFO | HTTP Request: GET https://www.okx.com/api/v5/market/ticker?instId=TON-USDT-SWAP "HTTP/2 200 OK"
2026-03-22 11:39:19,355 | INFO | HTTP Request: GET https://www.okx.com/api/v5/market/candles?instId=TON-USDT-SWAP&bar=5m&limit=89 "HTTP/2 200 OK"
2026-03-22 11:39:19,558 | INFO | HTTP Request: GET https://www.okx.com/api/v5/market/books?instId=LINEA-USDT-SWAP&sz=5 "HTTP/2 200 OK"
2026-03-22 11:39:19,883 | INFO | HTTP Request: GET https://www.okx.com/api/v5/market/ticker?instId=TRIA-USDT-SWAP "HTTP/2 200 OK"
2026-03-22 11:39:19,993 | INFO | HTTP Request: GET https://www.okx.com/api/v5/market/candles?instId=LINK-USDT-SWAP&bar=15m&limit=121 "HTTP/2 200 OK"
2026-03-22 11:39:20,289 | INFO | HTTP Request: GET https://www.okx.com/api/v5/market/candles?instId=TRIA-USDT-SWAP&bar=5m&limit=89 "HTTP/2 200 OK"
2026-03-22 11:39:20,382 | INFO | HTTP Request: GET https://www.okx.com/api/v5/market/candles?instId=LINK-USDT-SWAP&bar=5m&limit=97 "HTTP/2 200 OK"
2026-03-22 11:39:20,755 | INFO | HTTP Request: GET https://www.okx.com/api/v5/account/balance "HTTP/2 200 OK"
2026-03-22 11:39:20,802 | INFO | HTTP Request: GET https://www.okx.com/api/v5/market/ticker?instId=TRX-USDT-SWAP "HTTP/2 200 OK"
2026-03-22 11:39:20,818 | INFO | HTTP Request: GET https://www.okx.com/api/v5/market/history-trades?instId=LINK-USDT-SWAP&limit=100 "HTTP/2 200 OK"
2026-03-22 11:39:21,167 | INFO | HTTP Request: GET https://www.okx.com/api/v5/market/candles?instId=TRX-USDT-SWAP&bar=5m&limit=89 "HTTP/2 200 OK"
2026-03-22 11:39:21,194 | INFO | HTTP Request: GET https://www.okx.com/api/v5/market/books?instId=LINK-USDT-SWAP&sz=5 "HTTP/2 200 OK"
2026-03-22 11:39:21,714 | INFO | HTTP Request: GET https://www.okx.com/api/v5/market/ticker?instId=TSLA-USDT-SWAP "HTTP/2 200 OK"
2026-03-22 11:39:21,844 | INFO | HTTP Request: GET https://www.okx.com/api/v5/market/books?instId=LINK-USDT-SWAP&sz=5 "HTTP/2 200 OK"
2026-03-22 11:39:21,880 | INFO | HTTP Request: GET https://www.okx.com/api/v5/market/candles?instId=BTC-USDT-SWAP&bar=5m&limit=64 "HTTP/2 200 OK"
2026-03-22 11:39:22,109 | INFO | HTTP Request: GET https://www.okx.com/api/v5/market/candles?instId=TSLA-USDT-SWAP&bar=5m&limit=89 "HTTP/2 200 OK"
2026-03-22 11:39:22,441 | INFO | HTTP Request: GET https://www.okx.com/api/v5/market/books?instId=LINK-USDT-SWAP&sz=5 "HTTP/2 200 OK"
2026-03-22 11:39:22,594 | INFO | HTTP Request: GET https://www.okx.com/api/v5/market/ticker?instId=XAG-USDT-SWAP "HTTP/2 200 OK"
2026-03-22 11:39:22,967 | INFO | HTTP Request: GET https://www.okx.com/api/v5/market/candles?instId=XAG-USDT-SWAP&bar=5m&limit=89 "HTTP/2 200 OK"
2026-03-22 11:39:23,040 | INFO | HTTP Request: GET https://www.okx.com/api/v5/market/books?instId=LINK-USDT-SWAP&sz=5 "HTTP/2 200 OK"
2026-03-22 11:39:23,415 | INFO | HTTP Request: GET https://www.okx.com/api/v5/market/candles?instId=LIT-USDT-SWAP&bar=15m&limit=121 "HTTP/2 200 OK"
2026-03-22 11:39:23,497 | INFO | HTTP Request: GET https://www.okx.com/api/v5/market/ticker?instId=XAU-USDT-SWAP "HTTP/2 200 OK"
2026-03-22 11:39:23,872 | INFO | HTTP Request: GET https://www.okx.com/api/v5/market/candles?instId=XAU-USDT-SWAP&bar=5m&limit=89 "HTTP/2 200 OK"
2026-03-22 11:39:23,881 | INFO | HTTP Request: GET https://www.okx.com/api/v5/market/candles?instId=LIT-USDT-SWAP&bar=5m&limit=97 "HTTP/2 200 OK"
2026-03-22 11:39:24,293 | INFO | HTTP Request: GET https://www.okx.com/api/v5/market/history-trades?instId=LIT-USDT-SWAP&limit=100 "HTTP/2 200 OK"
2026-03-22 11:39:24,389 | INFO | HTTP Request: GET https://www.okx.com/api/v5/market/ticker?instId=XLM-USDT-SWAP "HTTP/2 200 OK"
2026-03-22 11:39:24,712 | INFO | HTTP Request: GET https://www.okx.com/api/v5/market/books?instId=LIT-USDT-SWAP&sz=5 "HTTP/2 200 OK"
2026-03-22 11:39:24,771 | INFO | HTTP Request: GET https://www.okx.com/api/v5/market/candles?instId=XLM-USDT-SWAP&bar=5m&limit=89 "HTTP/2 200 OK"
2026-03-22 11:39:25,312 | INFO | HTTP Request: GET https://www.okx.com/api/v5/market/ticker?instId=XPL-USDT-SWAP "HTTP/2 200 OK"
2026-03-22 11:39:25,325 | INFO | HTTP Request: GET https://www.okx.com/api/v5/market/books?instId=LIT-USDT-SWAP&sz=5 "HTTP/2 200 OK"
2026-03-22 11:39:25,687 | INFO | HTTP Request: GET https://www.okx.com/api/v5/market/candles?instId=XPL-USDT-SWAP&bar=5m&limit=89 "HTTP/2 200 OK"
2026-03-22 11:39:25,930 | INFO | HTTP Request: GET https://www.okx.com/api/v5/market/books?instId=LIT-USDT-SWAP&sz=5 "HTTP/2 200 OK"
2026-03-22 11:39:26,215 | INFO | HTTP Request: GET https://www.okx.com/api/v5/account/balance "HTTP/2 200 OK"
2026-03-22 11:39:26,223 | INFO | HTTP Request: GET https://www.okx.com/api/v5/market/ticker?instId=XRP-USDT-SWAP "HTTP/2 200 OK"
2026-03-22 11:39:26,576 | INFO | HTTP Request: GET https://www.okx.com/api/v5/market/books?instId=LIT-USDT-SWAP&sz=5 "HTTP/2 200 OK"
2026-03-22 11:39:26,935 | INFO | HTTP Request: GET https://www.okx.com/api/v5/market/candles?instId=LPT-USDT-SWAP&bar=15m&limit=121 "HTTP/2 200 OK"
2026-03-22 11:39:27,110 | INFO | HTTP Request: GET https://www.okx.com/api/v5/market/candles?instId=YFI-USDT-SWAP&bar=5m&limit=89 "HTTP/2 200 OK"
2026-03-22 11:39:27,367 | INFO | HTTP Request: GET https://www.okx.com/api/v5/market/candles?instId=LPT-USDT-SWAP&bar=5m&limit=97 "HTTP/2 200 OK"
2026-03-22 11:39:27,595 | INFO | HTTP Request: GET https://www.okx.com/api/v5/market/ticker?instId=YGG-USDT-SWAP "HTTP/2 200 OK"
2026-03-22 11:39:27,807 | INFO | HTTP Request: GET https://www.okx.com/api/v5/market/history-trades?instId=LPT-USDT-SWAP&limit=100 "HTTP/2 200 OK"
2026-03-22 11:39:27,980 | INFO | HTTP Request: GET https://www.okx.com/api/v5/market/candles?instId=YGG-USDT-SWAP&bar=5m&limit=89 "HTTP/2 200 OK"
2026-03-22 11:39:28,153 | INFO | HTTP Request: GET https://www.okx.com/api/v5/market/candles?instId=BTC-USDT-SWAP&bar=5m&limit=64 "HTTP/2 200 OK"
2026-03-22 11:39:28,215 | INFO | HTTP Request: GET https://www.okx.com/api/v5/market/books?instId=LPT-USDT-SWAP&sz=5 "HTTP/2 200 OK"
2026-03-22 11:39:28,525 | INFO | HTTP Request: GET https://www.okx.com/api/v5/market/ticker?instId=ZBCN-USDT-SWAP "HTTP/2 200 OK"
2026-03-22 11:39:28,863 | INFO | HTTP Request: GET https://www.okx.com/api/v5/market/books?instId=LPT-USDT-SWAP&sz=5 "HTTP/2 200 OK"
2026-03-22 11:39:28,960 | INFO | HTTP Request: GET https://www.okx.com/api/v5/market/candles?instId=ZBCN-USDT-SWAP&bar=5m&limit=89 "HTTP/2 200 OK"
2026-03-22 11:39:29,459 | INFO | HTTP Request: GET https://www.okx.com/api/v5/market/ticker?instId=ZETA-USDT-SWAP "HTTP/2 200 OK"
2026-03-22 11:39:29,477 | INFO | HTTP Request: GET https://www.okx.com/api/v5/market/books?instId=LPT-USDT-SWAP&sz=5 "HTTP/2 200 OK"
2026-03-22 11:39:29,841 | INFO | HTTP Request: GET https://www.okx.com/api/v5/market/candles?instId=ZETA-USDT-SWAP&bar=5m&limit=89 "HTTP/2 200 OK"
2026-03-22 11:39:30,071 | INFO | HTTP Request: GET https://www.okx.com/api/v5/market/books?instId=LPT-USDT-SWAP&sz=5 "HTTP/2 200 OK"
2026-03-22 11:39:30,323 | INFO | HTTP Request: GET https://www.okx.com/api/v5/market/ticker?instId=ZIL-USDT-SWAP "HTTP/2 200 OK"
2026-03-22 11:39:30,462 | INFO | HTTP Request: GET https://www.okx.com/api/v5/market/candles?instId=1INCH-USDT-SWAP&bar=5m&limit=71 "HTTP/2 200 OK"
2026-03-22 11:39:30,715 | INFO | HTTP Request: GET https://www.okx.com/api/v5/market/candles?instId=ZIL-USDT-SWAP&bar=5m&limit=89 "HTTP/2 200 OK"
2026-03-22 11:39:30,816 | INFO | HTTP Request: GET https://www.okx.com/api/v5/market/candles?instId=2Z-USDT-SWAP&bar=5m&limit=71 "HTTP/2 200 OK"
2026-03-22 11:39:31,241 | INFO | HTTP Request: GET https://www.okx.com/api/v5/market/ticker?instId=2Z-USDT-SWAP "HTTP/2 200 OK"
2026-03-22 11:39:31,268 | INFO | HTTP Request: GET https://www.okx.com/api/v5/market/ticker?instId=MAGIC-USDT-SWAP "HTTP/2 200 OK"
2026-03-22 11:39:31,275 | INFO | 2Z-USDT-SWAP: Turtle 55 short-сигнал отклонён (закрытие не удержалось ниже канала)
2026-03-22 11:39:31,642 | INFO | HTTP Request: GET https://www.okx.com/api/v5/market/candles?instId=MAGIC-USDT-SWAP&bar=5m&limit=89 "HTTP/2 200 OK"
2026-03-22 11:39:31,643 | INFO | HTTP Request: GET https://www.okx.com/api/v5/market/candles?instId=ACT-USDT-SWAP&bar=5m&limit=71 "HTTP/2 200 OK"
2026-03-22 11:39:31,698 | INFO | HTTP Request: GET https://www.okx.com/api/v5/account/balance "HTTP/2 200 OK"
2026-03-22 11:39:32,054 | INFO | HTTP Request: GET https://www.okx.com/api/v5/market/candles?instId=ALGO-USDT-SWAP&bar=5m&limit=71 "HTTP/2 200 OK"
2026-03-22 11:39:32,180 | INFO | HTTP Request: GET https://www.okx.com/api/v5/market/ticker?instId=SUI-USDT-SWAP "HTTP/2 200 OK"
2026-03-22 11:39:32,424 | INFO | HTTP Request: GET https://www.okx.com/api/v5/market/candles?instId=ARB-USDT-SWAP&bar=5m&limit=71 "HTTP/2 200 OK"
2026-03-22 11:39:32,571 | INFO | HTTP Request: GET https://www.okx.com/api/v5/market/candles?instId=SUI-USDT-SWAP&bar=5m&limit=89 "HTTP/2 200 OK"
2026-03-22 11:39:32,790 | INFO | HTTP Request: GET https://www.okx.com/api/v5/market/candles?instId=ATOM-USDT-SWAP&bar=5m&limit=71 "HTTP/2 200 OK"
2026-03-22 11:39:33,061 | INFO | HTTP Request: GET https://www.okx.com/api/v5/market/ticker?instId=ETHFI-USDT-SWAP "HTTP/2 200 OK"
2026-03-22 11:39:33,167 | INFO | HTTP Request: GET https://www.okx.com/api/v5/market/ticker?instId=ATOM-USDT-SWAP "HTTP/2 200 OK"
2026-03-22 11:39:33,204 | INFO | ATOM-USDT-SWAP: Turtle 20 long-сигнал отклонён (закрытие не удержалось выше канала)
2026-03-22 11:39:33,485 | INFO | HTTP Request: GET https://www.okx.com/api/v5/market/candles?instId=ETHFI-USDT-SWAP&bar=5m&limit=89 "HTTP/2 200 OK"
2026-03-22 11:39:33,577 | INFO | HTTP Request: GET https://www.okx.com/api/v5/market/candles?instId=AUCTION-USDT-SWAP&bar=5m&limit=71 "HTTP/2 200 OK"
2026-03-22 11:39:33,969 | INFO | HTTP Request: GET https://www.okx.com/api/v5/market/candles?instId=AVAX-USDT-SWAP&bar=5m&limit=71 "HTTP/2 200 OK"
2026-03-22 11:39:33,986 | INFO | HTTP Request: GET https://www.okx.com/api/v5/market/ticker?instId=SOL-USDT-SWAP "HTTP/2 200 OK"
2026-03-22 11:39:34,379 | INFO | HTTP Request: GET https://www.okx.com/api/v5/market/candles?instId=AXS-USDT-SWAP&bar=5m&limit=71 "HTTP/2 200 OK"
2026-03-22 11:39:34,385 | INFO | HTTP Request: GET https://www.okx.com/api/v5/market/candles?instId=BTC-USDT-SWAP&bar=5m&limit=64 "HTTP/2 200 OK"
2026-03-22 11:39:34,398 | INFO | HTTP Request: GET https://www.okx.com/api/v5/market/candles?instId=SOL-USDT-SWAP&bar=5m&limit=89 "HTTP/2 200 OK"
2026-03-22 11:39:34,820 | INFO | HTTP Request: GET https://www.okx.com/api/v5/market/candles?instId=BNB-USDT-SWAP&bar=5m&limit=71 "HTTP/2 200 OK"
2026-03-22 11:39:34,925 | INFO | HTTP Request: GET https://www.okx.com/api/v5/market/ticker?instId=AAVE-USDT-SWAP "HTTP/2 200 OK"
2026-03-22 11:39:35,208 | INFO | HTTP Request: GET https://www.okx.com/api/v5/market/candles?instId=BTC-USDT-SWAP&bar=5m&limit=71 "HTTP/2 200 OK"
2026-03-22 11:39:35,318 | INFO | HTTP Request: GET https://www.okx.com/api/v5/market/candles?instId=AAVE-USDT-SWAP&bar=5m&limit=89 "HTTP/2 200 OK"
2026-03-22 11:39:35,632 | INFO | HTTP Request: GET https://www.okx.com/api/v5/market/candles?instId=CELO-USDT-SWAP&bar=5m&limit=71 "HTTP/2 200 OK"
2026-03-22 11:39:35,828 | INFO | HTTP Request: GET https://www.okx.com/api/v5/market/ticker?instId=1INCH-USDT-SWAP "HTTP/2 200 OK"
2026-03-22 11:39:36,048 | INFO | HTTP Request: GET https://www.okx.com/api/v5/market/candles?instId=CFX-USDT-SWAP&bar=5m&limit=71 "HTTP/2 200 OK"
2026-03-22 11:39:36,471 | INFO | HTTP Request: GET https://www.okx.com/api/v5/market/ticker?instId=A-USDT-SWAP "HTTP/2 200 OK"
2026-03-22 11:39:36,485 | INFO | HTTP Request: GET https://www.okx.com/api/v5/market/candles?instId=CHZ-USDT-SWAP&bar=5m&limit=71 "HTTP/2 200 OK"
2026-03-22 11:39:36,835 | INFO | HTTP Request: GET https://www.okx.com/api/v5/market/candles?instId=A-USDT-SWAP&bar=5m&limit=89 "HTTP/2 200 OK"
2026-03-22 11:39:36,861 | INFO | HTTP Request: GET https://www.okx.com/api/v5/market/candles?instId=COMP-USDT-SWAP&bar=5m&limit=71 "HTTP/2 200 OK"
2026-03-22 11:39:37,129 | INFO | HTTP Request: GET https://www.okx.com/api/v5/account/balance "HTTP/2 200 OK"
2026-03-22 11:39:37,243 | INFO | HTTP Request: GET https://www.okx.com/api/v5/market/candles?instId=CRV-USDT-SWAP&bar=5m&limit=71 "HTTP/2 200 OK"
2026-03-22 11:39:37,315 | INFO | HTTP Request: GET https://www.okx.com/api/v5/market/ticker?instId=ACT-USDT-SWAP "HTTP/2 200 OK"
2026-03-22 11:39:37,649 | INFO | HTTP Request: GET https://www.okx.com/api/v5/market/candles?instId=DOGE-USDT-SWAP&bar=5m&limit=71 "HTTP/2 200 OK"
2026-03-22 11:39:37,802 | INFO | HTTP Request: GET https://www.okx.com/api/v5/market/ticker?instId=ADA-USDT-SWAP "HTTP/2 200 OK"
2026-03-22 11:39:38,012 | INFO | HTTP Request: GET https://www.okx.com/api/v5/market/candles?instId=DOT-USDT-SWAP&bar=5m&limit=71 "HTTP/2 200 OK"
2026-03-22 11:39:38,176 | INFO | HTTP Request: GET https://www.okx.com/api/v5/market/candles?instId=ADA-USDT-SWAP&bar=5m&limit=89 "HTTP/2 200 OK"
2026-03-22 11:39:38,369 | INFO | HTTP Request: GET https://www.okx.com/api/v5/market/candles?instId=ENA-USDT-SWAP&bar=5m&limit=71 "HTTP/2 200 OK"
2026-03-22 11:39:38,729 | INFO | HTTP Request: GET https://www.okx.com/api/v5/market/ticker?instId=AI16Z-USDT-SWAP "HTTP/2 200 OK"
2026-03-22 11:39:38,732 | INFO | HTTP Request: GET https://www.okx.com/api/v5/market/candles?instId=ETC-USDT-SWAP&bar=5m&limit=71 "HTTP/2 200 OK"
2026-03-22 11:39:39,143 | INFO | HTTP Request: GET https://www.okx.com/api/v5/market/candles?instId=AI16Z-USDT-SWAP&bar=5m&limit=89 "HTTP/2 200 OK"
2026-03-22 11:39:39,143 | INFO | HTTP Request: GET https://www.okx.com/api/v5/market/candles?instId=ETHW-USDT-SWAP&bar=5m&limit=71 "HTTP/2 200 OK"
2026-03-22 11:39:39,560 | INFO | HTTP Request: GET https://www.okx.com/api/v5/market/candles?instId=FIL-USDT-SWAP&bar=5m&limit=71 "HTTP/2 200 OK"
2026-03-22 11:39:39,664 | INFO | HTTP Request: GET https://www.okx.com/api/v5/market/ticker?instId=AKITA-USDT-SWAP "HTTP/2 200 OK"
2026-03-22 11:39:39,951 | INFO | HTTP Request: GET https://www.okx.com/api/v5/market/candles?instId=FLOKI-USDT-SWAP&bar=5m&limit=71 "HTTP/2 200 OK"
2026-03-22 11:39:40,053 | INFO | HTTP Request: GET https://www.okx.com/api/v5/market/candles?instId=AKITA-USDT-SWAP&bar=5m&limit=89 "HTTP/2 200 OK"
2026-03-22 11:39:40,364 | INFO | HTTP Request: GET https://www.okx.com/api/v5/market/ticker?instId=FLOKI-USDT-SWAP "HTTP/2 200 OK"
2026-03-22 11:39:40,412 | INFO | FLOKI-USDT-SWAP: Turtle 55 short-сигнал отклонён (закрытие не удержалось ниже канала)
2026-03-22 11:39:40,421 | INFO | FLOKI-USDT-SWAP: Turtle 20 short-сигнал отклонён (закрытие не удержалось ниже канала)
2026-03-22 11:39:40,605 | INFO | HTTP Request: GET https://www.okx.com/api/v5/market/ticker?instId=ALGO-USDT-SWAP "HTTP/2 200 OK"
2026-03-22 11:39:40,657 | INFO | HTTP Request: GET https://www.okx.com/api/v5/market/candles?instId=BTC-USDT-SWAP&bar=5m&limit=64 "HTTP/2 200 OK"
2026-03-22 11:39:40,809 | INFO | HTTP Request: GET https://www.okx.com/api/v5/market/candles?instId=H-USDT-SWAP&bar=5m&limit=71 "HTTP/2 200 OK"
2026-03-22 11:39:41,117 | INFO | HTTP Request: GET https://www.okx.com/api/v5/market/ticker?instId=ARB-USDT-SWAP "HTTP/2 200 OK"
2026-03-22 11:39:41,186 | INFO | HTTP Request: GET https://www.okx.com/api/v5/market/candles?instId=HBAR-USDT-SWAP&bar=5m&limit=71 "HTTP/2 200 OK"
2026-03-22 11:39:41,615 | INFO | HTTP Request: GET https://www.okx.com/api/v5/market/candles?instId=HOME-USDT-SWAP&bar=5m&limit=71 "HTTP/2 200 OK"
2026-03-22 11:39:41,616 | INFO | HTTP Request: GET https://www.okx.com/api/v5/market/ticker?instId=ASP-USDT-SWAP "HTTP/2 200 OK"
2026-03-22 11:39:41,986 | INFO | HTTP Request: GET https://www.okx.com/api/v5/market/candles?instId=ICP-USDT-SWAP&bar=5m&limit=71 "HTTP/2 200 OK"
2026-03-22 11:39:41,992 | INFO | HTTP Request: GET https://www.okx.com/api/v5/market/candles?instId=ASP-USDT-SWAP&bar=5m&limit=89 "HTTP/2 200 OK"
2026-03-22 11:39:42,419 | INFO | HTTP Request: GET https://www.okx.com/api/v5/market/candles?instId=IMX-USDT-SWAP&bar=5m&limit=71 "HTTP/2 200 OK"
2026-03-22 11:39:42,483 | INFO | HTTP Request: GET https://www.okx.com/api/v5/account/balance "HTTP/2 200 OK"
2026-03-22 11:39:42,565 | INFO | HTTP Request: GET https://www.okx.com/api/v5/market/ticker?instId=ASTER-USDT-SWAP "HTTP/2 200 OK"
2026-03-22 11:39:42,824 | INFO | HTTP Request: GET https://www.okx.com/api/v5/market/candles?instId=INJ-USDT-SWAP&bar=5m&limit=71 "HTTP/2 200 OK"
2026-03-22 11:39:42,969 | INFO | HTTP Request: GET https://www.okx.com/api/v5/market/candles?instId=ASTER-USDT-SWAP&bar=5m&limit=89 "HTTP/2 200 OK"
2026-03-22 11:39:43,203 | INFO | HTTP Request: GET https://www.okx.com/api/v5/market/candles?instId=JUP-USDT-SWAP&bar=5m&limit=71 "HTTP/2 200 OK"
2026-03-22 11:39:43,586 | INFO | HTTP Request: GET https://www.okx.com/api/v5/market/ticker?instId=AUCTION-USDT-SWAP "HTTP/2 200 OK"
2026-03-22 11:39:43,599 | INFO | HTTP Request: GET https://www.okx.com/api/v5/market/candles?instId=KAITO-USDT-SWAP&bar=5m&limit=71 "HTTP/2 200 OK"
2026-03-22 11:39:43,987 | INFO | HTTP Request: GET https://www.okx.com/api/v5/market/candles?instId=LDO-USDT-SWAP&bar=5m&limit=71 "HTTP/2 200 OK"
2026-03-22 11:39:44,116 | INFO | HTTP Request: GET https://www.okx.com/api/v5/market/ticker?instId=AVAX-USDT-SWAP "HTTP/2 200 OK"
2026-03-22 11:39:44,384 | INFO | HTTP Request: GET https://www.okx.com/api/v5/market/candles?instId=LINEA-USDT-SWAP&bar=5m&limit=71 "HTTP/2 200 OK"
2026-03-22 11:39:44,613 | INFO | HTTP Request: GET https://www.okx.com/api/v5/market/ticker?instId=AXS-USDT-SWAP "HTTP/2 200 OK"
2026-03-22 11:39:44,815 | INFO | HTTP Request: GET https://www.okx.com/api/v5/market/candles?instId=MAGIC-USDT-SWAP&bar=5m&limit=26 "HTTP/2 200 OK"
2026-03-22 11:39:45,140 | INFO | HTTP Request: GET https://www.okx.com/api/v5/market/ticker?instId=BAND-USDT-SWAP "HTTP/2 200 OK"
2026-03-22 11:39:45,199 | INFO | HTTP Request: GET https://www.okx.com/api/v5/market/ticker?instId=MAGIC-USDT-SWAP "HTTP/2 200 OK"
2026-03-22 11:39:45,504 | INFO | HTTP Request: GET https://www.okx.com/api/v5/market/candles?instId=BAND-USDT-SWAP&bar=5m&limit=89 "HTTP/2 200 OK"
2026-03-22 11:39:45,618 | INFO | HTTP Request: GET https://www.okx.com/api/v5/market/candles?instId=SUI-USDT-SWAP&bar=5m&limit=26 "HTTP/2 200 OK"
2026-03-22 11:39:46,011 | INFO | HTTP Request: GET https://www.okx.com/api/v5/market/ticker?instId=SUI-USDT-SWAP "HTTP/2 200 OK"
2026-03-22 11:39:46,045 | INFO | HTTP Request: GET https://www.okx.com/api/v5/market/ticker?instId=BCH-USDT-SWAP "HTTP/2 200 OK"
2026-03-22 11:39:46,435 | INFO | HTTP Request: GET https://www.okx.com/api/v5/market/candles?instId=ETHFI-USDT-SWAP&bar=5m&limit=26 "HTTP/2 200 OK"
2026-03-22 11:39:46,437 | INFO | HTTP Request: GET https://www.okx.com/api/v5/market/candles?instId=BCH-USDT-SWAP&bar=5m&limit=89 "HTTP/2 200 OK"
2026-03-22 11:39:46,836 | INFO | HTTP Request: GET https://www.okx.com/api/v5/market/ticker?instId=ETHFI-USDT-SWAP "HTTP/2 200 OK"
2026-03-22 11:39:46,889 | INFO | HTTP Request: GET https://www.okx.com/api/v5/market/candles?instId=BTC-USDT-SWAP&bar=5m&limit=64 "HTTP/2 200 OK"
2026-03-22 11:39:46,974 | INFO | HTTP Request: GET https://www.okx.com/api/v5/market/ticker?instId=BIO-USDT-SWAP "HTTP/2 200 OK"
2026-03-22 11:39:47,246 | INFO | HTTP Request: GET https://www.okx.com/api/v5/market/candles?instId=SOL-USDT-SWAP&bar=5m&limit=26 "HTTP/2 200 OK"
2026-03-22 11:39:47,379 | INFO | HTTP Request: GET https://www.okx.com/api/v5/market/candles?instId=BIO-USDT-SWAP&bar=5m&limit=89 "HTTP/2 200 OK"
2026-03-22 11:39:47,664 | INFO | HTTP Request: GET https://www.okx.com/api/v5/market/ticker?instId=SOL-USDT-SWAP "HTTP/2 200 OK"
2026-03-22 11:39:47,881 | INFO | HTTP Request: GET https://www.okx.com/api/v5/market/ticker?instId=BLUAI-USDT-SWAP "HTTP/2 200 OK"
2026-03-22 11:39:47,947 | INFO | HTTP Request: GET https://www.okx.com/api/v5/account/balance "HTTP/2 200 OK"
2026-03-22 11:39:48,061 | INFO | HTTP Request: GET https://www.okx.com/api/v5/market/candles?instId=AAVE-USDT-SWAP&bar=5m&limit=26 "HTTP/2 200 OK"
2026-03-22 11:39:48,273 | INFO | HTTP Request: GET https://www.okx.com/api/v5/market/candles?instId=BLUAI-USDT-SWAP&bar=5m&limit=89 "HTTP/2 200 OK"
2026-03-22 11:39:48,423 | INFO | HTTP Request: GET https://www.okx.com/api/v5/market/ticker?instId=AAVE-USDT-SWAP "HTTP/2 200 OK"
2026-03-22 11:39:48,763 | INFO | HTTP Request: GET https://www.okx.com/api/v5/market/ticker?instId=BNB-USDT-SWAP "HTTP/2 200 OK"
2026-03-22 11:39:48,861 | INFO | HTTP Request: GET https://www.okx.com/api/v5/public/instruments?instType=SWAP "HTTP/2 200 OK"
2026-03-22 11:39:49,252 | INFO | HTTP Request: GET https://www.okx.com/api/v5/account/balance "HTTP/2 200 OK"
2026-03-22 11:39:49,262 | INFO | HTTP Request: GET https://www.okx.com/api/v5/market/ticker?instId=BOME-USDT-SWAP "HTTP/2 200 OK"
2026-03-22 11:39:49,648 | INFO | HTTP Request: GET https://www.okx.com/api/v5/market/candles?instId=BOME-USDT-SWAP&bar=5m&limit=89 "HTTP/2 200 OK"
2026-03-22 11:39:49,716 | INFO | HTTP Request: GET https://www.okx.com/api/v5/trade/orders-pending?instType=SWAP&instId=1INCH-USDT-SWAP "HTTP/2 200 OK"
2026-03-22 11:39:50,088 | INFO | HTTP Request: GET https://www.okx.com/api/v5/market/ticker?instId=1INCH-USDT-SWAP "HTTP/2 200 OK"
2026-03-22 11:39:50,176 | INFO | HTTP Request: GET https://www.okx.com/api/v5/market/ticker?instId=BRETT-USDT-SWAP "HTTP/2 200 OK"
2026-03-22 11:39:50,655 | INFO | HTTP Request: GET https://www.okx.com/api/v5/market/candles?instId=BRETT-USDT-SWAP&bar=5m&limit=89 "HTTP/2 200 OK"
2026-03-22 11:39:51,152 | INFO | HTTP Request: GET https://www.okx.com/api/v5/market/ticker?instId=BTC-USDT-SWAP "HTTP/2 200 OK"
2026-03-22 11:39:51,660 | INFO | HTTP Request: GET https://www.okx.com/api/v5/market/ticker?instId=CAT-USDT-SWAP "HTTP/2 200 OK"
2026-03-22 11:39:52,033 | INFO | HTTP Request: GET https://www.okx.com/api/v5/market/candles?instId=CAT-USDT-SWAP&bar=5m&limit=89 "HTTP/2 200 OK"
2026-03-22 11:39:52,563 | INFO | HTTP Request: GET https://www.okx.com/api/v5/market/ticker?instId=CATI-USDT-SWAP "HTTP/2 200 OK"
2026-03-22 11:39:52,926 | INFO | HTTP Request: GET https://www.okx.com/api/v5/market/candles?instId=CATI-USDT-SWAP&bar=5m&limit=89 "HTTP/2 200 OK"
2026-03-22 11:39:53,126 | INFO | HTTP Request: GET https://www.okx.com/api/v5/market/candles?instId=BTC-USDT-SWAP&bar=5m&limit=64 "HTTP/2 200 OK"
2026-03-22 11:39:53,327 | INFO | HTTP Request: GET https://www.okx.com/api/v5/account/balance "HTTP/2 200 OK"
2026-03-22 11:39:53,424 | INFO | HTTP Request: GET https://www.okx.com/api/v5/market/ticker?instId=CELO-USDT-SWAP "HTTP/2 200 OK"
2026-03-22 11:39:53,811 | INFO | HTTP Request: GET https://www.okx.com/api/v5/public/instruments?instType=SWAP "HTTP/2 200 OK"
2026-03-22 11:39:53,930 | INFO | HTTP Request: GET https://www.okx.com/api/v5/market/ticker?instId=CFX-USDT-SWAP "HTTP/2 200 OK"
2026-03-22 11:39:54,219 | INFO | HTTP Request: GET https://www.okx.com/api/v5/account/balance "HTTP/2 200 OK"
2026-03-22 11:39:54,436 | INFO | HTTP Request: GET https://www.okx.com/api/v5/market/ticker?instId=CHZ-USDT-SWAP "HTTP/2 200 OK"
2026-03-22 11:39:54,615 | INFO | HTTP Request: GET https://www.okx.com/api/v5/trade/orders-pending?instType=SWAP&instId=1INCH-USDT-SWAP "HTTP/2 200 OK"
2026-03-22 11:39:54,932 | INFO | HTTP Request: GET https://www.okx.com/api/v5/market/ticker?instId=COAI-USDT-SWAP "HTTP/2 200 OK"
2026-03-22 11:39:55,007 | INFO | HTTP Request: GET https://www.okx.com/api/v5/market/ticker?instId=1INCH-USDT-SWAP "HTTP/2 200 OK"
2026-03-22 11:39:55,319 | INFO | HTTP Request: GET https://www.okx.com/api/v5/market/candles?instId=COAI-USDT-SWAP&bar=5m&limit=89 "HTTP/2 200 OK"
2026-03-22 11:39:55,381 | INFO | HTTP Request: GET https://www.okx.com/api/v5/account/positions?instType=SWAP "HTTP/2 200 OK"
2026-03-22 11:39:55,829 | INFO | HTTP Request: GET https://www.okx.com/api/v5/market/ticker?instId=COMP-USDT-SWAP "HTTP/2 200 OK"
2026-03-22 11:39:55,880 | INFO | HTTP Request: GET https://www.okx.com/api/v5/market/candles?instId=LQTY-USDT-SWAP&bar=15m&limit=121 "HTTP/2 200 OK"
2026-03-22 11:39:56,252 | INFO | HTTP Request: GET https://www.okx.com/api/v5/market/candles?instId=LQTY-USDT-SWAP&bar=5m&limit=97 "HTTP/2 200 OK"
2026-03-22 11:39:56,311 | INFO | HTTP Request: GET https://www.okx.com/api/v5/market/ticker?instId=CRO-USDT-SWAP "HTTP/2 200 OK"
2026-03-22 11:39:56,666 | INFO | HTTP Request: GET https://www.okx.com/api/v5/market/history-trades?instId=LQTY-USDT-SWAP&limit=100 "HTTP/2 200 OK"
2026-03-22 11:39:56,672 | INFO | HTTP Request: GET https://www.okx.com/api/v5/market/candles?instId=CRO-USDT-SWAP&bar=5m&limit=89 "HTTP/2 200 OK"
2026-03-22 11:39:57,094 | INFO | HTTP Request: GET https://www.okx.com/api/v5/market/books?instId=LQTY-USDT-SWAP&sz=5 "HTTP/2 200 OK"
2026-03-22 11:39:57,198 | INFO | HTTP Request: GET https://www.okx.com/api/v5/market/ticker?instId=CRV-USDT-SWAP "HTTP/2 200 OK"
2026-03-22 11:39:57,733 | INFO | HTTP Request: GET https://www.okx.com/api/v5/market/books?instId=LQTY-USDT-SWAP&sz=5 "HTTP/2 200 OK"
2026-03-22 11:39:57,744 | INFO | HTTP Request: GET https://www.okx.com/api/v5/market/ticker?instId=DOGE-USDT-SWAP "HTTP/2 200 OK"
2026-03-22 11:39:58,236 | INFO | HTTP Request: GET https://www.okx.com/api/v5/market/ticker?instId=DOT-USDT-SWAP "HTTP/2 200 OK"
2026-03-22 11:39:58,331 | INFO | HTTP Request: GET https://www.okx.com/api/v5/market/books?instId=LQTY-USDT-SWAP&sz=5 "HTTP/2 200 OK"
2026-03-22 11:39:58,706 | INFO | HTTP Request: GET https://www.okx.com/api/v5/account/balance "HTTP/2 200 OK"
2026-03-22 11:39:58,732 | INFO | HTTP Request: GET https://www.okx.com/api/v5/market/ticker?instId=ENA-USDT-SWAP "HTTP/2 200 OK"
2026-03-22 11:39:58,942 | INFO | HTTP Request: GET https://www.okx.com/api/v5/market/books?instId=LQTY-USDT-SWAP&sz=5 "HTTP/2 200 OK"
2026-03-22 11:39:59,228 | INFO | HTTP Request: GET https://www.okx.com/api/v5/market/ticker?instId=EOS-USDT-SWAP "HTTP/2 200 OK"
2026-03-22 11:39:59,414 | INFO | HTTP Request: GET https://www.okx.com/api/v5/market/candles?instId=LRC-USDT-SWAP&bar=15m&limit=121 "HTTP/2 200 OK"
2026-03-22 11:39:59,430 | INFO | HTTP Request: GET https://www.okx.com/api/v5/market/candles?instId=BTC-USDT-SWAP&bar=5m&limit=64 "HTTP/2 200 OK"
2026-03-22 11:39:59,613 | INFO | HTTP Request: GET https://www.okx.com/api/v5/market/candles?instId=EOS-USDT-SWAP&bar=5m&limit=89 "HTTP/2 200 OK"
2026-03-22 11:39:59,833 | INFO | HTTP Request: GET https://www.okx.com/api/v5/market/candles?instId=LRC-USDT-SWAP&bar=5m&limit=97 "HTTP/2 200 OK"
2026-03-22 11:40:00,150 | INFO | HTTP Request: GET https://www.okx.com/api/v5/market/ticker?instId=ETC-USDT-SWAP "HTTP/2 200 OK"
2026-03-22 11:40:00,246 | INFO | HTTP Request: GET https://www.okx.com/api/v5/market/history-trades?instId=LRC-USDT-SWAP&limit=100 "HTTP/2 200 OK"
2026-03-22 11:40:00,665 | INFO | HTTP Request: GET https://www.okx.com/api/v5/market/books?instId=LRC-USDT-SWAP&sz=5 "HTTP/2 200 OK"
2026-03-22 11:40:00,680 | INFO | HTTP Request: GET https://www.okx.com/api/v5/market/ticker?instId=ETH-USDT-SWAP "HTTP/2 200 OK"
2026-03-22 11:40:01,064 | INFO | HTTP Request: GET https://www.okx.com/api/v5/market/candles?instId=ETH-USDT-SWAP&bar=5m&limit=89 "HTTP/2 200 OK"
2026-03-22 11:40:01,272 | INFO | HTTP Request: GET https://www.okx.com/api/v5/market/books?instId=LRC-USDT-SWAP&sz=5 "HTTP/2 200 OK"
2026-03-22 11:40:01,570 | INFO | HTTP Request: GET https://www.okx.com/api/v5/market/ticker?instId=ETHW-USDT-SWAP "HTTP/2 200 OK"
2026-03-22 11:40:01,880 | INFO | HTTP Request: GET https://www.okx.com/api/v5/market/books?instId=LRC-USDT-SWAP&sz=5 "HTTP/2 200 OK"
2026-03-22 11:40:02,089 | INFO | HTTP Request: GET https://www.okx.com/api/v5/market/ticker?instId=FIL-USDT-SWAP "HTTP/2 200 OK"
2026-03-22 11:40:02,523 | INFO | HTTP Request: GET https://www.okx.com/api/v5/market/books?instId=LRC-USDT-SWAP&sz=5 "HTTP/2 200 OK"
2026-03-22 11:40:02,895 | INFO | HTTP Request: GET https://www.okx.com/api/v5/market/candles?instId=LTC-USDT-SWAP&bar=15m&limit=121 "HTTP/2 200 OK"
2026-03-22 11:40:03,151 | INFO | HTTP Request: GET https://www.okx.com/api/v5/market/ticker?instId=GMT-USDT-SWAP "HTTP/2 200 OK"
2026-03-22 11:40:03,305 | INFO | HTTP Request: GET https://www.okx.com/api/v5/market/candles?instId=LTC-USDT-SWAP&bar=5m&limit=97 "HTTP/2 200 OK"
2026-03-22 11:40:03,548 | INFO | HTTP Request: GET https://www.okx.com/api/v5/market/candles?instId=GMT-USDT-SWAP&bar=5m&limit=89 "HTTP/2 200 OK"
2026-03-22 11:40:03,743 | INFO | HTTP Request: GET https://www.okx.com/api/v5/market/history-trades?instId=LTC-USDT-SWAP&limit=100 "HTTP/2 200 OK"
2026-03-22 11:40:04,038 | INFO | HTTP Request: GET https://www.okx.com/api/v5/account/balance "HTTP/2 200 OK"
2026-03-22 11:40:04,162 | INFO | HTTP Request: GET https://www.okx.com/api/v5/market/books?instId=LTC-USDT-SWAP&sz=5 "HTTP/2 200 OK"
2026-03-22 11:40:04,255 | INFO | HTTP Request: GET https://www.okx.com/api/v5/market/ticker?instId=H-USDT-SWAP "HTTP/2 200 OK"
2026-03-22 11:40:04,770 | INFO | HTTP Request: GET https://www.okx.com/api/v5/market/ticker?instId=HBAR-USDT-SWAP "HTTP/2 200 OK"
2026-03-22 11:40:04,776 | INFO | HTTP Request: GET https://www.okx.com/api/v5/market/books?instId=LTC-USDT-SWAP&sz=5 "HTTP/2 200 OK"
2026-03-22 11:40:05,266 | INFO | HTTP Request: GET https://www.okx.com/api/v5/market/ticker?instId=HMSTR-USDT-SWAP "HTTP/2 200 OK"
2026-03-22 11:40:05,370 | INFO | HTTP Request: GET https://www.okx.com/api/v5/market/books?instId=LTC-USDT-SWAP&sz=5 "HTTP/2 200 OK"
2026-03-22 11:40:05,629 | INFO | HTTP Request: GET https://www.okx.com/api/v5/market/candles?instId=BTC-USDT-SWAP&bar=5m&limit=64 "HTTP/2 200 OK"
2026-03-22 11:40:05,722 | INFO | HTTP Request: GET https://www.okx.com/api/v5/market/candles?instId=HMSTR-USDT-SWAP&bar=5m&limit=89 "HTTP/2 200 OK"
2026-03-22 11:40:05,965 | INFO | HTTP Request: GET https://www.okx.com/api/v5/market/books?instId=LTC-USDT-SWAP&sz=5 "HTTP/2 200 OK"
2026-03-22 11:40:06,249 | INFO | HTTP Request: GET https://www.okx.com/api/v5/market/ticker?instId=HOME-USDT-SWAP "HTTP/2 200 OK"
2026-03-22 11:40:06,340 | INFO | HTTP Request: GET https://www.okx.com/api/v5/market/candles?instId=MAGIC-USDT-SWAP&bar=15m&limit=121 "HTTP/2 200 OK"
2026-03-22 11:40:06,762 | INFO | HTTP Request: GET https://www.okx.com/api/v5/market/candles?instId=MAGIC-USDT-SWAP&bar=5m&limit=97 "HTTP/2 200 OK"
2026-03-22 11:40:06,765 | INFO | HTTP Request: GET https://www.okx.com/api/v5/market/ticker?instId=ICP-USDT-SWAP "HTTP/2 200 OK"
2026-03-22 11:40:07,197 | INFO | HTTP Request: GET https://www.okx.com/api/v5/market/history-trades?instId=MAGIC-USDT-SWAP&limit=100 "HTTP/2 200 OK"
2026-03-22 11:40:07,276 | INFO | HTTP Request: GET https://www.okx.com/api/v5/market/ticker?instId=IMX-USDT-SWAP "HTTP/2 200 OK"
2026-03-22 11:40:07,664 | INFO | HTTP Request: GET https://www.okx.com/api/v5/market/books?instId=MAGIC-USDT-SWAP&sz=5 "HTTP/2 200 OK"
2026-03-22 11:40:07,814 | INFO | HTTP Request: GET https://www.okx.com/api/v5/market/ticker?instId=INJ-USDT-SWAP "HTTP/2 200 OK"
2026-03-22 11:40:08,313 | INFO | HTTP Request: GET https://www.okx.com/api/v5/market/ticker?instId=IOTA-USDT-SWAP "HTTP/2 200 OK"
2026-03-22 11:40:08,320 | INFO | HTTP Request: GET https://www.okx.com/api/v5/market/books?instId=MAGIC-USDT-SWAP&sz=5 "HTTP/2 200 OK"
2026-03-22 11:40:08,691 | INFO | HTTP Request: GET https://www.okx.com/api/v5/market/candles?instId=IOTA-USDT-SWAP&bar=5m&limit=89 "HTTP/2 200 OK"
2026-03-22 11:40:08,915 | INFO | HTTP Request: GET https://www.okx.com/api/v5/market/books?instId=MAGIC-USDT-SWAP&sz=5 "HTTP/2 200 OK"
2026-03-22 11:40:09,233 | INFO | HTTP Request: GET https://www.okx.com/api/v5/market/ticker?instId=JUP-USDT-SWAP "HTTP/2 200 OK"
2026-03-22 11:40:09,373 | INFO | HTTP Request: GET https://www.okx.com/api/v5/account/balance "HTTP/2 200 OK"
2026-03-22 11:40:09,521 | INFO | HTTP Request: GET https://www.okx.com/api/v5/market/books?instId=MAGIC-USDT-SWAP&sz=5 "HTTP/2 200 OK"
2026-03-22 11:40:09,739 | INFO | HTTP Request: GET https://www.okx.com/api/v5/market/ticker?instId=KAITO-USDT-SWAP "HTTP/2 200 OK"
2026-03-22 11:40:09,885 | INFO | HTTP Request: GET https://www.okx.com/api/v5/market/candles?instId=1INCH-USDT-SWAP&bar=5m&limit=71 "HTTP/2 200 OK"
2026-03-22 11:40:10,230 | INFO | HTTP Request: GET https://www.okx.com/api/v5/market/ticker?instId=KSM-USDT-SWAP "HTTP/2 200 OK"
2026-03-22 11:40:10,257 | INFO | HTTP Request: GET https://www.okx.com/api/v5/market/candles?instId=2Z-USDT-SWAP&bar=5m&limit=71 "HTTP/2 200 OK"
2026-03-22 11:40:10,613 | INFO | HTTP Request: GET https://www.okx.com/api/v5/market/candles?instId=ACT-USDT-SWAP&bar=5m&limit=71 "HTTP/2 200 OK"
2026-03-22 11:40:10,613 | INFO | HTTP Request: GET https://www.okx.com/api/v5/market/candles?instId=KSM-USDT-SWAP&bar=5m&limit=89 "HTTP/2 200 OK"
2026-03-22 11:40:11,036 | INFO | HTTP Request: GET https://www.okx.com/api/v5/market/candles?instId=ALGO-USDT-SWAP&bar=5m&limit=71 "HTTP/2 200 OK"
2026-03-22 11:40:11,158 | INFO | HTTP Request: GET https://www.okx.com/api/v5/market/ticker?instId=LDO-USDT-SWAP "HTTP/2 200 OK"
2026-03-22 11:40:11,439 | INFO | HTTP Request: GET https://www.okx.com/api/v5/market/candles?instId=ARB-USDT-SWAP&bar=5m&limit=71 "HTTP/2 200 OK"
2026-03-22 11:40:11,678 | INFO | HTTP Request: GET https://www.okx.com/api/v5/market/ticker?instId=LINEA-USDT-SWAP "HTTP/2 200 OK"
2026-03-22 11:40:11,851 | INFO | HTTP Request: GET https://www.okx.com/api/v5/market/candles?instId=ATOM-USDT-SWAP&bar=5m&limit=71 "HTTP/2 200 OK"
2026-03-22 11:40:11,884 | INFO | HTTP Request: GET https://www.okx.com/api/v5/market/candles?instId=BTC-USDT-SWAP&bar=5m&limit=64 "HTTP/2 200 OK"
2026-03-22 11:40:12,162 | INFO | HTTP Request: GET https://www.okx.com/api/v5/market/ticker?instId=LINK-USDT-SWAP "HTTP/2 200 OK"
2026-03-22 11:40:12,254 | INFO | HTTP Request: GET https://www.okx.com/api/v5/market/candles?instId=AUCTION-USDT-SWAP&bar=5m&limit=71 "HTTP/2 200 OK"
2026-03-22 11:40:12,561 | INFO | HTTP Request: GET https://www.okx.com/api/v5/market/candles?instId=LINK-USDT-SWAP&bar=5m&limit=89 "HTTP/2 200 OK"
2026-03-22 11:40:12,664 | INFO | HTTP Request: GET https://www.okx.com/api/v5/market/candles?instId=AVAX-USDT-SWAP&bar=5m&limit=71 "HTTP/2 200 OK"
2026-03-22 11:40:13,082 | INFO | HTTP Request: GET https://www.okx.com/api/v5/market/candles?instId=AXS-USDT-SWAP&bar=5m&limit=71 "HTTP/2 200 OK"
2026-03-22 11:40:13,099 | INFO | HTTP Request: GET https://www.okx.com/api/v5/market/ticker?instId=LIT-USDT-SWAP "HTTP/2 200 OK"
2026-03-22 11:40:13,487 | INFO | HTTP Request: GET https://www.okx.com/api/v5/market/candles?instId=BNB-USDT-SWAP&bar=5m&limit=71 "HTTP/2 200 OK"
2026-03-22 11:40:13,864 | INFO | HTTP Request: GET https://www.okx.com/api/v5/market/candles?instId=LIT-USDT-SWAP&bar=5m&limit=89 "HTTP/2 200 OK"
2026-03-22 11:40:13,902 | INFO | HTTP Request: GET https://www.okx.com/api/v5/market/candles?instId=BTC-USDT-SWAP&bar=5m&limit=71 "HTTP/2 200 OK"
2026-03-22 11:40:14,274 | INFO | HTTP Request: GET https://www.okx.com/api/v5/market/candles?instId=CELO-USDT-SWAP&bar=5m&limit=71 "HTTP/2 200 OK"
2026-03-22 11:40:14,360 | INFO | HTTP Request: GET https://www.okx.com/api/v5/market/ticker?instId=LPT-USDT-SWAP "HTTP/2 200 OK"
2026-03-22 11:40:14,672 | INFO | HTTP Request: GET https://www.okx.com/api/v5/market/candles?instId=CFX-USDT-SWAP&bar=5m&limit=71 "HTTP/2 200 OK"
2026-03-22 11:40:14,833 | INFO | HTTP Request: GET https://www.okx.com/api/v5/account/balance "HTTP/2 200 OK"
2026-03-22 11:40:14,907 | INFO | HTTP Request: GET https://www.okx.com/api/v5/market/ticker?instId=LQTY-USDT-SWAP "HTTP/2 200 OK"
2026-03-22 11:40:15,086 | INFO | HTTP Request: GET https://www.okx.com/api/v5/market/candles?instId=CHZ-USDT-SWAP&bar=5m&limit=71 "HTTP/2 200 OK"
2026-03-22 11:40:15,434 | INFO | HTTP Request: GET https://www.okx.com/api/v5/market/ticker?instId=LRC-USDT-SWAP "HTTP/2 200 OK"
2026-03-22 11:40:15,445 | INFO | HTTP Request: GET https://www.okx.com/api/v5/market/candles?instId=COMP-USDT-SWAP&bar=5m&limit=71 "HTTP/2 200 OK"
2026-03-22 11:40:15,816 | INFO | HTTP Request: GET https://www.okx.com/api/v5/market/candles?instId=CRV-USDT-SWAP&bar=5m&limit=71 "HTTP/2 200 OK"
2026-03-22 11:40:15,934 | INFO | HTTP Request: GET https://www.okx.com/api/v5/market/ticker?instId=LTC-USDT-SWAP "HTTP/2 200 OK"
2026-03-22 11:40:16,221 | INFO | HTTP Request: GET https://www.okx.com/api/v5/market/candles?instId=DOGE-USDT-SWAP&bar=5m&limit=71 "HTTP/2 200 OK"
2026-03-22 11:40:16,431 | INFO | HTTP Request: GET https://www.okx.com/api/v5/market/ticker?instId=MAJOR-USDT-SWAP "HTTP/2 200 OK"
2026-03-22 11:40:16,642 | INFO | HTTP Request: GET https://www.okx.com/api/v5/market/candles?instId=DOT-USDT-SWAP&bar=5m&limit=71 "HTTP/2 200 OK"
2026-03-22 11:40:16,837 | INFO | HTTP Request: GET https://www.okx.com/api/v5/market/candles?instId=MAJOR-USDT-SWAP&bar=5m&limit=89 "HTTP/2 200 OK"
2026-03-22 11:40:17,111 | INFO | HTTP Request: GET https://www.okx.com/api/v5/market/candles?instId=ENA-USDT-SWAP&bar=5m&limit=71 "HTTP/2 200 OK"
2026-03-22 11:40:17,363 | INFO | HTTP Request: GET https://www.okx.com/api/v5/market/ticker?instId=MASK-USDT-SWAP "HTTP/2 200 OK"
2026-03-22 11:40:17,476 | INFO | HTTP Request: GET https://www.okx.com/api/v5/market/candles?instId=ETC-USDT-SWAP&bar=5m&limit=71 "HTTP/2 200 OK"
2026-03-22 11:40:17,746 | INFO | HTTP Request: GET https://www.okx.com/api/v5/market/candles?instId=MASK-USDT-SWAP&bar=5m&limit=89 "HTTP/2 200 OK"
2026-03-22 11:40:17,858 | INFO | HTTP Request: GET https://www.okx.com/api/v5/market/candles?instId=ETHW-USDT-SWAP&bar=5m&limit=71 "HTTP/2 200 OK"
2026-03-22 11:40:18,245 | INFO | HTTP Request: GET https://www.okx.com/api/v5/market/candles?instId=FIL-USDT-SWAP&bar=5m&limit=71 "HTTP/2 200 OK"
2026-03-22 11:40:18,259 | INFO | HTTP Request: GET https://www.okx.com/api/v5/market/ticker?instId=MET-USDT-SWAP "HTTP/2 200 OK"
2026-03-22 11:40:18,667 | INFO | HTTP Request: GET https://www.okx.com/api/v5/market/candles?instId=MET-USDT-SWAP&bar=5m&limit=89 "HTTP/2 200 OK"
2026-03-22 11:40:18,678 | INFO | HTTP Request: GET https://www.okx.com/api/v5/market/candles?instId=FLOKI-USDT-SWAP&bar=5m&limit=71 "HTTP/2 200 OK"
2026-03-22 11:40:19,077 | INFO | HTTP Request: GET https://www.okx.com/api/v5/market/candles?instId=H-USDT-SWAP&bar=5m&limit=71 "HTTP/2 200 OK"
2026-03-22 11:40:19,179 | INFO | HTTP Request: GET https://www.okx.com/api/v5/market/ticker?instId=MINA-USDT-SWAP "HTTP/2 200 OK"
2026-03-22 11:40:19,484 | INFO | HTTP Request: GET https://www.okx.com/api/v5/market/candles?instId=HBAR-USDT-SWAP&bar=5m&limit=71 "HTTP/2 200 OK"
2026-03-22 11:40:19,572 | INFO | HTTP Request: GET https://www.okx.com/api/v5/market/candles?instId=MINA-USDT-SWAP&bar=5m&limit=89 "HTTP/2 200 OK"
2026-03-22 11:40:19,880 | INFO | HTTP Request: GET https://www.okx.com/api/v5/market/candles?instId=HOME-USDT-SWAP&bar=5m&limit=71 "HTTP/2 200 OK"
2026-03-22 11:40:20,099 | INFO | HTTP Request: GET https://www.okx.com/api/v5/market/ticker?instId=MKR-USDT-SWAP "HTTP/2 200 OK"
2026-03-22 11:40:20,289 | INFO | HTTP Request: GET https://www.okx.com/api/v5/market/candles?instId=ICP-USDT-SWAP&bar=5m&limit=71 "HTTP/2 200 OK"
2026-03-22 11:40:20,298 | INFO | HTTP Request: GET https://www.okx.com/api/v5/account/balance "HTTP/2 200 OK"
2026-03-22 11:40:20,502 | INFO | HTTP Request: GET https://www.okx.com/api/v5/market/candles?instId=MKR-USDT-SWAP&bar=5m&limit=89 "HTTP/2 200 OK"
2026-03-22 11:40:20,723 | INFO | HTTP Request: GET https://www.okx.com/api/v5/market/candles?instId=IMX-USDT-SWAP&bar=5m&limit=71 "HTTP/2 200 OK"
2026-03-22 11:40:21,030 | INFO | HTTP Request: GET https://www.okx.com/api/v5/market/ticker?instId=MUBARAK-USDT-SWAP "HTTP/2 200 OK"
2026-03-22 11:40:21,128 | INFO | HTTP Request: GET https://www.okx.com/api/v5/market/candles?instId=INJ-USDT-SWAP&bar=5m&limit=71 "HTTP/2 200 OK"
2026-03-22 11:40:21,254 | INFO | HTTP Request: GET https://www.okx.com/api/v5/market/candles?instId=BTC-USDT-SWAP&bar=5m&limit=64 "HTTP/2 200 OK"
2026-03-22 11:40:21,502 | INFO | HTTP Request: GET https://www.okx.com/api/v5/market/candles?instId=MUBARAK-USDT-SWAP&bar=5m&limit=89 "HTTP/2 200 OK"
2026-03-22 11:40:21,613 | INFO | HTTP Request: GET https://www.okx.com/api/v5/market/candles?instId=JUP-USDT-SWAP&bar=5m&limit=71 "HTTP/2 200 OK"
2026-03-22 11:40:21,989 | INFO | HTTP Request: GET https://www.okx.com/api/v5/market/ticker?instId=NEAR-USDT-SWAP "HTTP/2 200 OK"
2026-03-22 11:40:21,996 | INFO | HTTP Request: GET https://www.okx.com/api/v5/market/candles?instId=KAITO-USDT-SWAP&bar=5m&limit=71 "HTTP/2 200 OK"
2026-03-22 11:40:22,375 | INFO | HTTP Request: GET https://www.okx.com/api/v5/market/candles?instId=NEAR-USDT-SWAP&bar=5m&limit=89 "HTTP/2 200 OK"
2026-03-22 11:40:22,400 | INFO | HTTP Request: GET https://www.okx.com/api/v5/market/candles?instId=LDO-USDT-SWAP&bar=5m&limit=71 "HTTP/2 200 OK"
2026-03-22 11:40:22,812 | INFO | HTTP Request: GET https://www.okx.com/api/v5/market/candles?instId=LINEA-USDT-SWAP&bar=5m&limit=71 "HTTP/2 200 OK"
2026-03-22 11:40:22,852 | INFO | HTTP Request: GET https://www.okx.com/api/v5/market/ticker?instId=NEO-USDT-SWAP "HTTP/2 200 OK"
2026-03-22 11:40:23,188 | INFO | HTTP Request: GET https://www.okx.com/api/v5/market/candles?instId=LQTY-USDT-SWAP&bar=5m&limit=71 "HTTP/2 200 OK"
2026-03-22 11:40:23,220 | INFO | HTTP Request: GET https://www.okx.com/api/v5/market/candles?instId=NEO-USDT-SWAP&bar=5m&limit=89 "HTTP/2 200 OK"
2026-03-22 11:40:23,563 | INFO | HTTP Request: GET https://www.okx.com/api/v5/market/candles?instId=LTC-USDT-SWAP&bar=5m&limit=71 "HTTP/2 200 OK"
2026-03-22 11:40:23,702 | INFO | HTTP Request: GET https://www.okx.com/api/v5/market/ticker?instId=NOT-USDT-SWAP "HTTP/2 200 OK"
2026-03-22 11:40:23,941 | INFO | HTTP Request: GET https://www.okx.com/api/v5/market/candles?instId=MAGIC-USDT-SWAP&bar=5m&limit=26 "HTTP/2 200 OK"
2026-03-22 11:40:24,060 | INFO | HTTP Request: GET https://www.okx.com/api/v5/market/candles?instId=NOT-USDT-SWAP&bar=5m&limit=89 "HTTP/2 200 OK"
2026-03-22 11:40:24,319 | INFO | HTTP Request: GET https://www.okx.com/api/v5/market/ticker?instId=MAGIC-USDT-SWAP "HTTP/2 200 OK"
2026-03-22 11:40:24,557 | INFO | HTTP Request: GET https://www.okx.com/api/v5/market/ticker?instId=OP-USDT-SWAP "HTTP/2 200 OK"
2026-03-22 11:40:24,680 | INFO | HTTP Request: GET https://www.okx.com/api/v5/trade/orders-algo-pending?ordType=conditional&instType=SWAP&instId=MAGIC-USDT-SWAP "HTTP/2 200 OK"
2026-03-22 11:40:24,926 | INFO | HTTP Request: GET https://www.okx.com/api/v5/trade/orders-algo-pending?ordType=oco&instType=SWAP&instId=MAGIC-USDT-SWAP "HTTP/2 200 OK"
2026-03-22 11:40:24,999 | INFO | HTTP Request: GET https://www.okx.com/api/v5/market/candles?instId=OP-USDT-SWAP&bar=5m&limit=89 "HTTP/2 200 OK"
2026-03-22 11:40:25,170 | INFO | HTTP Request: GET https://www.okx.com/api/v5/trade/orders-algo-pending?ordType=trigger&instType=SWAP&instId=MAGIC-USDT-SWAP "HTTP/2 200 OK"
2026-03-22 11:40:25,414 | INFO | HTTP Request: GET https://www.okx.com/api/v5/trade/orders-algo-pending?ordType=move_order_stop&instType=SWAP&instId=MAGIC-USDT-SWAP "HTTP/2 200 OK"
2026-03-22 11:40:25,521 | INFO | HTTP Request: GET https://www.okx.com/api/v5/market/ticker?instId=PEPE-USDT-SWAP "HTTP/2 200 OK"
2026-03-22 11:40:25,669 | INFO | HTTP Request: GET https://www.okx.com/api/v5/trade/orders-algo-pending?ordType=iceberg&instType=SWAP&instId=MAGIC-USDT-SWAP "HTTP/2 200 OK"
2026-03-22 11:40:25,779 | INFO | HTTP Request: GET https://www.okx.com/api/v5/account/balance "HTTP/2 200 OK"
2026-03-22 11:40:25,899 | INFO | HTTP Request: GET https://www.okx.com/api/v5/market/candles?instId=PEPE-USDT-SWAP&bar=5m&limit=89 "HTTP/2 200 OK"
2026-03-22 11:40:25,913 | INFO | HTTP Request: GET https://www.okx.com/api/v5/trade/orders-algo-pending?ordType=twap&instType=SWAP&instId=MAGIC-USDT-SWAP "HTTP/2 200 OK"
2026-03-22 11:40:26,156 | INFO | HTTP Request: GET https://www.okx.com/api/v5/trade/orders-algo-pending?ordType=chase&instType=SWAP&instId=MAGIC-USDT-SWAP "HTTP/2 200 OK"
2026-03-22 11:40:26,390 | INFO | HTTP Request: GET https://www.okx.com/api/v5/market/ticker?instId=PIGGY-USDT-SWAP "HTTP/2 200 OK"
2026-03-22 11:40:26,753 | INFO | HTTP Request: GET https://www.okx.com/api/v5/trade/orders-algo-pending?ordType=conditional&instType=SWAP&instId=MAGIC-USDT-SWAP "HTTP/2 200 OK"
2026-03-22 11:40:26,761 | INFO | HTTP Request: GET https://www.okx.com/api/v5/market/candles?instId=PIGGY-USDT-SWAP&bar=5m&limit=89 "HTTP/2 200 OK"
2026-03-22 11:40:27,040 | INFO | HTTP Request: GET https://www.okx.com/api/v5/trade/orders-algo-pending?ordType=oco&instType=SWAP&instId=MAGIC-USDT-SWAP "HTTP/2 200 OK"
2026-03-22 11:40:27,285 | INFO | HTTP Request: GET https://www.okx.com/api/v5/trade/orders-algo-pending?ordType=trigger&instType=SWAP&instId=MAGIC-USDT-SWAP "HTTP/2 200 OK"
2026-03-22 11:40:27,303 | INFO | HTTP Request: GET https://www.okx.com/api/v5/market/ticker?instId=QTUM-USDT-SWAP "HTTP/2 200 OK"
2026-03-22 11:40:27,525 | INFO | HTTP Request: GET https://www.okx.com/api/v5/market/candles?instId=BTC-USDT-SWAP&bar=5m&limit=64 "HTTP/2 200 OK"
2026-03-22 11:40:27,526 | INFO | HTTP Request: GET https://www.okx.com/api/v5/trade/orders-algo-pending?ordType=move_order_stop&instType=SWAP&instId=MAGIC-USDT-SWAP "HTTP/2 200 OK"
2026-03-22 11:40:27,683 | INFO | HTTP Request: GET https://www.okx.com/api/v5/market/candles?instId=QTUM-USDT-SWAP&bar=5m&limit=89 "HTTP/2 200 OK"
2026-03-22 11:40:27,942 | INFO | HTTP Request: GET https://www.okx.com/api/v5/trade/orders-algo-pending?ordType=iceberg&instType=SWAP&instId=MAGIC-USDT-SWAP "HTTP/2 200 OK"
2026-03-22 11:40:28,164 | INFO | HTTP Request: GET https://www.okx.com/api/v5/market/ticker?instId=RAVE-USDT-SWAP "HTTP/2 200 OK"
2026-03-22 11:40:28,230 | INFO | HTTP Request: GET https://www.okx.com/api/v5/trade/orders-algo-pending?ordType=twap&instType=SWAP&instId=MAGIC-USDT-SWAP "HTTP/2 200 OK"
2026-03-22 11:40:28,479 | INFO | HTTP Request: GET https://www.okx.com/api/v5/trade/orders-algo-pending?ordType=chase&instType=SWAP&instId=MAGIC-USDT-SWAP "HTTP/2 200 OK"
2026-03-22 11:40:28,564 | INFO | HTTP Request: GET https://www.okx.com/api/v5/market/candles?instId=RAVE-USDT-SWAP&bar=5m&limit=89 "HTTP/2 200 OK"
2026-03-22 11:40:28,723 | INFO | HTTP Request: GET https://www.okx.com/api/v5/trade/orders-algo-pending?ordType=conditional&instType=SWAP&instId=MAGIC-USDT-SWAP "HTTP/2 200 OK"
2026-03-22 11:40:28,966 | INFO | HTTP Request: GET https://www.okx.com/api/v5/trade/orders-algo-pending?ordType=oco&instType=SWAP&instId=MAGIC-USDT-SWAP "HTTP/2 200 OK"
2026-03-22 11:40:29,081 | INFO | HTTP Request: GET https://www.okx.com/api/v5/market/ticker?instId=RESOLV-USDT-SWAP "HTTP/2 200 OK"
2026-03-22 11:40:29,207 | INFO | HTTP Request: GET https://www.okx.com/api/v5/trade/orders-algo-pending?ordType=trigger&instType=SWAP&instId=MAGIC-USDT-SWAP "HTTP/2 200 OK"
2026-03-22 11:40:29,450 | INFO | HTTP Request: GET https://www.okx.com/api/v5/trade/orders-algo-pending?ordType=move_order_stop&instType=SWAP&instId=MAGIC-USDT-SWAP "HTTP/2 200 OK"
2026-03-22 11:40:29,526 | INFO | HTTP Request: GET https://www.okx.com/api/v5/market/candles?instId=RESOLV-USDT-SWAP&bar=5m&limit=89 "HTTP/2 200 OK"
2026-03-22 11:40:29,693 | INFO | HTTP Request: GET https://www.okx.com/api/v5/trade/orders-algo-pending?ordType=iceberg&instType=SWAP&instId=MAGIC-USDT-SWAP "HTTP/2 200 OK"
2026-03-22 11:40:29,935 | INFO | HTTP Request: GET https://www.okx.com/api/v5/trade/orders-algo-pending?ordType=twap&instType=SWAP&instId=MAGIC-USDT-SWAP "HTTP/2 200 OK"
2026-03-22 11:40:30,047 | INFO | HTTP Request: GET https://www.okx.com/api/v5/market/ticker?instId=ROBO-USDT-SWAP "HTTP/2 200 OK"
2026-03-22 11:40:30,180 | INFO | HTTP Request: GET https://www.okx.com/api/v5/trade/orders-algo-pending?ordType=chase&instType=SWAP&instId=MAGIC-USDT-SWAP "HTTP/2 200 OK"
2026-03-22 11:40:30,412 | INFO | HTTP Request: GET https://www.okx.com/api/v5/market/candles?instId=ROBO-USDT-SWAP&bar=5m&limit=89 "HTTP/2 200 OK"
2026-03-22 11:40:30,423 | INFO | HTTP Request: GET https://www.okx.com/api/v5/trade/orders-algo-pending?ordType=conditional&instType=SWAP&instId=MAGIC-USDT-SWAP "HTTP/2 200 OK"
2026-03-22 11:40:30,796 | INFO | HTTP Request: GET https://www.okx.com/api/v5/trade/orders-algo-pending?ordType=oco&instType=SWAP&instId=MAGIC-USDT-SWAP "HTTP/2 200 OK"
2026-03-22 11:40:30,924 | INFO | HTTP Request: GET https://www.okx.com/api/v5/market/ticker?instId=SAND-USDT-SWAP "HTTP/2 200 OK"
2026-03-22 11:40:31,073 | INFO | HTTP Request: GET https://www.okx.com/api/v5/trade/orders-algo-pending?ordType=trigger&instType=SWAP&instId=MAGIC-USDT-SWAP "HTTP/2 200 OK"
2026-03-22 11:40:31,234 | INFO | HTTP Request: GET https://www.okx.com/api/v5/account/balance "HTTP/2 200 OK"
2026-03-22 11:40:31,300 | INFO | HTTP Request: GET https://www.okx.com/api/v5/market/candles?instId=SAND-USDT-SWAP&bar=5m&limit=89 "HTTP/2 200 OK"
2026-03-22 11:40:31,316 | INFO | HTTP Request: GET https://www.okx.com/api/v5/trade/orders-algo-pending?ordType=move_order_stop&instType=SWAP&instId=MAGIC-USDT-SWAP "HTTP/2 200 OK"
2026-03-22 11:40:31,561 | INFO | HTTP Request: GET https://www.okx.com/api/v5/trade/orders-algo-pending?ordType=iceberg&instType=SWAP&instId=MAGIC-USDT-SWAP "HTTP/2 200 OK"
2026-03-22 11:40:31,804 | INFO | HTTP Request: GET https://www.okx.com/api/v5/trade/orders-algo-pending?ordType=twap&instType=SWAP&instId=MAGIC-USDT-SWAP "HTTP/2 200 OK"
2026-03-22 11:40:31,805 | INFO | HTTP Request: GET https://www.okx.com/api/v5/market/ticker?instId=SCR-USDT-SWAP "HTTP/2 200 OK"
2026-03-22 11:40:32,052 | INFO | HTTP Request: GET https://www.okx.com/api/v5/trade/orders-algo-pending?ordType=chase&instType=SWAP&instId=MAGIC-USDT-SWAP "HTTP/2 200 OK"
2026-03-22 11:40:32,171 | INFO | HTTP Request: GET https://www.okx.com/api/v5/market/candles?instId=SCR-USDT-SWAP&bar=5m&limit=89 "HTTP/2 200 OK"
2026-03-22 11:40:32,293 | INFO | HTTP Request: GET https://www.okx.com/api/v5/trade/orders-algo-pending?ordType=conditional&instType=SWAP&instId=MAGIC-USDT-SWAP "HTTP/2 200 OK"
2026-03-22 11:40:32,535 | INFO | HTTP Request: GET https://www.okx.com/api/v5/trade/orders-algo-pending?ordType=oco&instType=SWAP&instId=MAGIC-USDT-SWAP "HTTP/2 200 OK"
2026-03-22 11:40:32,673 | INFO | HTTP Request: GET https://www.okx.com/api/v5/market/ticker?instId=SHIB-USDT-SWAP "HTTP/2 200 OK"
2026-03-22 11:40:32,779 | INFO | HTTP Request: GET https://www.okx.com/api/v5/trade/orders-algo-pending?ordType=trigger&instType=SWAP&instId=MAGIC-USDT-SWAP "HTTP/2 200 OK"
2026-03-22 11:40:33,020 | INFO | HTTP Request: GET https://www.okx.com/api/v5/trade/orders-algo-pending?ordType=move_order_stop&instType=SWAP&instId=MAGIC-USDT-SWAP "HTTP/2 200 OK"
2026-03-22 11:40:33,045 | INFO | HTTP Request: GET https://www.okx.com/api/v5/market/candles?instId=SHIB-USDT-SWAP&bar=5m&limit=89 "HTTP/2 200 OK"
2026-03-22 11:40:33,267 | INFO | HTTP Request: GET https://www.okx.com/api/v5/trade/orders-algo-pending?ordType=iceberg&instType=SWAP&instId=MAGIC-USDT-SWAP "HTTP/2 200 OK"
2026-03-22 11:40:33,508 | INFO | HTTP Request: GET https://www.okx.com/api/v5/trade/orders-algo-pending?ordType=twap&instType=SWAP&instId=MAGIC-USDT-SWAP "HTTP/2 200 OK"
2026-03-22 11:40:33,551 | INFO | HTTP Request: GET https://www.okx.com/api/v5/market/ticker?instId=SKY-USDT-SWAP "HTTP/2 200 OK"
2026-03-22 11:40:33,748 | INFO | HTTP Request: GET https://www.okx.com/api/v5/market/candles?instId=BTC-USDT-SWAP&bar=5m&limit=64 "HTTP/2 200 OK"
2026-03-22 11:40:33,753 | INFO | HTTP Request: GET https://www.okx.com/api/v5/trade/orders-algo-pending?ordType=chase&instType=SWAP&instId=MAGIC-USDT-SWAP "HTTP/2 200 OK"
2026-03-22 11:40:33,941 | INFO | HTTP Request: GET https://www.okx.com/api/v5/market/candles?instId=SKY-USDT-SWAP&bar=5m&limit=89 "HTTP/2 200 OK"
2026-03-22 11:40:34,463 | INFO | HTTP Request: GET https://www.okx.com/api/v5/market/ticker?instId=SOLV-USDT-SWAP "HTTP/2 200 OK"
2026-03-22 11:40:34,767 | INFO | HTTP Request: GET https://www.okx.com/api/v5/market/candles?instId=SUI-USDT-SWAP&bar=5m&limit=26 "HTTP/2 200 OK"
2026-03-22 11:40:34,879 | INFO | HTTP Request: GET https://www.okx.com/api/v5/market/candles?instId=SOLV-USDT-SWAP&bar=5m&limit=89 "HTTP/2 200 OK"
2026-03-22 11:40:35,160 | INFO | HTTP Request: GET https://www.okx.com/api/v5/market/ticker?instId=SUI-USDT-SWAP "HTTP/2 200 OK"
2026-03-22 11:40:35,378 | INFO | HTTP Request: GET https://www.okx.com/api/v5/market/ticker?instId=SPK-USDT-SWAP "HTTP/2 200 OK"
2026-03-22 11:40:35,439 | INFO | HTTP Request: GET https://www.okx.com/api/v5/trade/orders-algo-pending?ordType=conditional&instType=SWAP&instId=SUI-USDT-SWAP "HTTP/2 200 OK"
2026-03-22 11:40:35,675 | INFO | HTTP Request: GET https://www.okx.com/api/v5/trade/orders-algo-pending?ordType=oco&instType=SWAP&instId=SUI-USDT-SWAP "HTTP/2 200 OK"
2026-03-22 11:40:35,783 | INFO | HTTP Request: GET https://www.okx.com/api/v5/market/candles?instId=SPK-USDT-SWAP&bar=5m&limit=89 "HTTP/2 200 OK"
2026-03-22 11:40:35,924 | INFO | HTTP Request: GET https://www.okx.com/api/v5/trade/orders-algo-pending?ordType=trigger&instType=SWAP&instId=SUI-USDT-SWAP "HTTP/2 200 OK"
2026-03-22 11:40:36,171 | INFO | HTTP Request: GET https://www.okx.com/api/v5/trade/orders-algo-pending?ordType=move_order_stop&instType=SWAP&instId=SUI-USDT-SWAP "HTTP/2 200 OK"
2026-03-22 11:40:36,270 | INFO | HTTP Request: GET https://www.okx.com/api/v5/market/ticker?instId=STRK-USDT-SWAP "HTTP/2 200 OK"
2026-03-22 11:40:36,413 | INFO | HTTP Request: GET https://www.okx.com/api/v5/trade/orders-algo-pending?ordType=iceberg&instType=SWAP&instId=SUI-USDT-SWAP "HTTP/2 200 OK"
2026-03-22 11:40:36,618 | INFO | HTTP Request: GET https://www.okx.com/api/v5/account/balance "HTTP/2 200 OK"
2026-03-22 11:40:36,642 | INFO | HTTP Request: GET https://www.okx.com/api/v5/market/candles?instId=STRK-USDT-SWAP&bar=5m&limit=89 "HTTP/2 200 OK"
2026-03-22 11:40:36,657 | INFO | HTTP Request: GET https://www.okx.com/api/v5/trade/orders-algo-pending?ordType=twap&instType=SWAP&instId=SUI-USDT-SWAP "HTTP/2 200 OK"
2026-03-22 11:40:36,902 | INFO | HTTP Request: GET https://www.okx.com/api/v5/trade/orders-algo-pending?ordType=chase&instType=SWAP&instId=SUI-USDT-SWAP "HTTP/2 200 OK"
2026-03-22 11:40:37,119 | INFO | HTTP Request: GET https://www.okx.com/api/v5/market/ticker?instId=SUSHI-USDT-SWAP "HTTP/2 200 OK"
2026-03-22 11:40:37,475 | INFO | HTTP Request: GET https://www.okx.com/api/v5/market/candles?instId=SUSHI-USDT-SWAP&bar=5m&limit=89 "HTTP/2 200 OK"
2026-03-22 11:40:37,998 | INFO | HTTP Request: GET https://www.okx.com/api/v5/market/ticker?instId=SYRUP-USDT-SWAP "HTTP/2 200 OK"
2026-03-22 11:40:38,214 | INFO | HTTP Request: GET https://www.okx.com/api/v5/market/candles?instId=ETHFI-USDT-SWAP&bar=5m&limit=26 "HTTP/2 200 OK"
2026-03-22 11:40:38,401 | INFO | HTTP Request: GET https://www.okx.com/api/v5/market/candles?instId=SYRUP-USDT-SWAP&bar=5m&limit=89 "HTTP/2 200 OK"
2026-03-22 11:40:38,591 | INFO | HTTP Request: GET https://www.okx.com/api/v5/market/ticker?instId=ETHFI-USDT-SWAP "HTTP/2 200 OK"
2026-03-22 11:40:38,879 | INFO | HTTP Request: GET https://www.okx.com/api/v5/trade/orders-algo-pending?ordType=conditional&instType=SWAP&instId=ETHFI-USDT-SWAP "HTTP/2 200 OK"
2026-03-22 11:40:38,917 | INFO | HTTP Request: GET https://www.okx.com/api/v5/market/ticker?instId=TEST1234-USDT-SWAP "HTTP/2 200 OK"
2026-03-22 11:40:39,121 | INFO | HTTP Request: GET https://www.okx.com/api/v5/trade/orders-algo-pending?ordType=oco&instType=SWAP&instId=ETHFI-USDT-SWAP "HTTP/2 200 OK"
2026-03-22 11:40:39,300 | INFO | HTTP Request: GET https://www.okx.com/api/v5/market/candles?instId=TEST1234-USDT-SWAP&bar=5m&limit=89 "HTTP/2 200 OK"
2026-03-22 11:40:39,365 | INFO | HTTP Request: GET https://www.okx.com/api/v5/trade/orders-algo-pending?ordType=trigger&instType=SWAP&instId=ETHFI-USDT-SWAP "HTTP/2 200 OK"
2026-03-22 11:40:39,606 | INFO | HTTP Request: GET https://www.okx.com/api/v5/trade/orders-algo-pending?ordType=move_order_stop&instType=SWAP&instId=ETHFI-USDT-SWAP "HTTP/2 200 OK"
2026-03-22 11:40:39,830 | INFO | HTTP Request: GET https://www.okx.com/api/v5/market/ticker?instId=TEST3103-USDT-SWAP "HTTP/2 200 OK"
2026-03-22 11:40:39,844 | INFO | HTTP Request: GET https://www.okx.com/api/v5/trade/orders-algo-pending?ordType=iceberg&instType=SWAP&instId=ETHFI-USDT-SWAP "HTTP/2 200 OK"
2026-03-22 11:40:39,997 | INFO | HTTP Request: GET https://www.okx.com/api/v5/market/candles?instId=BTC-USDT-SWAP&bar=5m&limit=64 "HTTP/2 200 OK"
2026-03-22 11:40:40,082 | INFO | HTTP Request: GET https://www.okx.com/api/v5/trade/orders-algo-pending?ordType=twap&instType=SWAP&instId=ETHFI-USDT-SWAP "HTTP/2 200 OK"
2026-03-22 11:40:40,192 | INFO | HTTP Request: GET https://www.okx.com/api/v5/market/candles?instId=TEST3103-USDT-SWAP&bar=5m&limit=89 "HTTP/2 200 OK"
2026-03-22 11:40:40,341 | INFO | HTTP Request: GET https://www.okx.com/api/v5/trade/orders-algo-pending?ordType=chase&instType=SWAP&instId=ETHFI-USDT-SWAP "HTTP/2 200 OK"
2026-03-22 11:40:40,685 | INFO | HTTP Request: GET https://www.okx.com/api/v5/market/ticker?instId=TEST3110-USDT-SWAP "HTTP/2 200 OK"
2026-03-22 11:40:40,696 | INFO | Amending exchange stop ETHFI-USDT-SWAP algo=3411350321174503424 payload=[{'instId': 'ETHFI-USDT-SWAP', 'algoId': '3411350321174503424', 'newSlTriggerPx': '0.5736', 'newSlOrdPx': '-1', 'newSlTriggerPxType': 'mark'}]
2026-03-22 11:40:40,942 | INFO | HTTP Request: POST https://www.okx.com/api/v5/trade/amend-algos "HTTP/2 200 OK"
2026-03-22 11:40:41,045 | INFO | HTTP Request: GET https://www.okx.com/api/v5/market/candles?instId=TEST3110-USDT-SWAP&bar=5m&limit=89 "HTTP/2 200 OK"
2026-03-22 11:40:41,296 | INFO | Amending exchange stop ETHFI-USDT-SWAP algo=3411350321174503424 payload=[{'instId': 'ETHFI-USDT-SWAP', 'algoId': '3411350321174503424', 'newSlTriggerPx': '0.5736', 'newSlOrdPx': '-1', 'newSlTriggerPxType': 'mark'}]
2026-03-22 11:40:41,547 | INFO | HTTP Request: GET https://www.okx.com/api/v5/market/ticker?instId=THETA-USDT-SWAP "HTTP/2 200 OK"
2026-03-22 11:40:41,547 | INFO | HTTP Request: POST https://www.okx.com/api/v5/trade/amend-algos "HTTP/2 200 OK"
2026-03-22 11:40:41,805 | INFO | HTTP Request: POST https://www.okx.com/api/v5/trade/cancel-algos "HTTP/2 200 OK"
2026-03-22 11:40:41,948 | INFO | HTTP Request: GET https://www.okx.com/api/v5/market/candles?instId=THETA-USDT-SWAP&bar=5m&limit=89 "HTTP/2 200 OK"
2026-03-22 11:40:42,073 | INFO | HTTP Request: GET https://www.okx.com/api/v5/account/balance "HTTP/2 200 OK"
2026-03-22 11:40:42,096 | INFO | HTTP Request: GET https://www.okx.com/api/v5/trade/orders-algo-pending?ordType=conditional&instType=SWAP&instId=ETHFI-USDT-SWAP "HTTP/2 200 OK"
2026-03-22 11:40:42,340 | INFO | HTTP Request: GET https://www.okx.com/api/v5/trade/orders-algo-pending?ordType=oco&instType=SWAP&instId=ETHFI-USDT-SWAP "HTTP/2 200 OK"
2026-03-22 11:40:42,442 | INFO | HTTP Request: GET https://www.okx.com/api/v5/market/ticker?instId=TON-USDT-SWAP "HTTP/2 200 OK"
2026-03-22 11:40:42,578 | INFO | HTTP Request: GET https://www.okx.com/api/v5/trade/orders-algo-pending?ordType=trigger&instType=SWAP&instId=ETHFI-USDT-SWAP "HTTP/2 200 OK"
2026-03-22 11:40:42,813 | INFO | HTTP Request: GET https://www.okx.com/api/v5/market/candles?instId=TON-USDT-SWAP&bar=5m&limit=89 "HTTP/2 200 OK"
2026-03-22 11:40:42,821 | INFO | HTTP Request: GET https://www.okx.com/api/v5/trade/orders-algo-pending?ordType=move_order_stop&instType=SWAP&instId=ETHFI-USDT-SWAP "HTTP/2 200 OK"
2026-03-22 11:40:43,069 | INFO | HTTP Request: GET https://www.okx.com/api/v5/trade/orders-algo-pending?ordType=iceberg&instType=SWAP&instId=ETHFI-USDT-SWAP "HTTP/2 200 OK"
2026-03-22 11:40:43,300 | INFO | HTTP Request: GET https://www.okx.com/api/v5/market/ticker?instId=TRIA-USDT-SWAP "HTTP/2 200 OK"
2026-03-22 11:40:43,309 | INFO | HTTP Request: GET https://www.okx.com/api/v5/trade/orders-algo-pending?ordType=twap&instType=SWAP&instId=ETHFI-USDT-SWAP "HTTP/2 200 OK"
2026-03-22 11:40:43,553 | INFO | HTTP Request: GET https://www.okx.com/api/v5/trade/orders-algo-pending?ordType=chase&instType=SWAP&instId=ETHFI-USDT-SWAP "HTTP/2 200 OK"
2026-03-22 11:40:43,666 | INFO | HTTP Request: GET https://www.okx.com/api/v5/market/candles?instId=TRIA-USDT-SWAP&bar=5m&limit=89 "HTTP/2 200 OK"
2026-03-22 11:40:43,801 | INFO | HTTP Request: POST https://www.okx.com/api/v5/trade/cancel-algos "HTTP/2 200 OK"
2026-03-22 11:40:44,053 | INFO | HTTP Request: POST https://www.okx.com/api/v5/trade/cancel-algos "HTTP/2 200 OK"
2026-03-22 11:40:44,056 | INFO | Closing position ETHFI-USDT-SWAP. Канальный выход 10 свечей
2026-03-22 11:40:44,154 | INFO | HTTP Request: GET https://www.okx.com/api/v5/market/ticker?instId=TRX-USDT-SWAP "HTTP/2 200 OK"
2026-03-22 11:40:44,299 | INFO | HTTP Request: POST https://www.okx.com/api/v5/trade/close-position "HTTP/2 200 OK"
2026-03-22 11:40:44,304 | WARNING | Failed to load json context : [Errno 13] Permission denied: '.'
2026-03-22 11:40:44,537 | INFO | HTTP Request: GET https://www.okx.com/api/v5/market/candles?instId=TRX-USDT-SWAP&bar=5m&limit=89 "HTTP/2 200 OK"
2026-03-22 11:40:44,672 | INFO | HTTP Request: GET https://www.okx.com/api/v5/market/candles?instId=ETHFI-USDT-SWAP&bar=5m&limit=97 "HTTP/2 200 OK"
2026-03-22 11:40:45,018 | INFO | HTTP Request: GET https://www.okx.com/api/v5/market/ticker?instId=TSLA-USDT-SWAP "HTTP/2 200 OK"
2026-03-22 11:40:45,051 | INFO | HTTP Request: GET https://www.okx.com/api/v5/market/candles?instId=BTC-USDT-SWAP&bar=5m&limit=64 "HTTP/2 200 OK"
2026-03-22 11:40:45,384 | INFO | HTTP Request: GET https://www.okx.com/api/v5/market/candles?instId=TSLA-USDT-SWAP&bar=5m&limit=89 "HTTP/2 200 OK"
2026-03-22 11:40:45,870 | INFO | HTTP Request: GET https://www.okx.com/api/v5/market/ticker?instId=XAG-USDT-SWAP "HTTP/2 200 OK"
2026-03-22 11:40:46,038 | INFO | HTTP Request: GET https://www.okx.com/api/v5/market/candles?instId=SOL-USDT-SWAP&bar=5m&limit=26 "HTTP/2 200 OK"
2026-03-22 11:40:46,272 | INFO | HTTP Request: GET https://www.okx.com/api/v5/market/candles?instId=XAG-USDT-SWAP&bar=5m&limit=89 "HTTP/2 200 OK"
2026-03-22 11:40:46,400 | INFO | HTTP Request: GET https://www.okx.com/api/v5/market/ticker?instId=SOL-USDT-SWAP "HTTP/2 200 OK"
2026-03-22 11:40:46,638 | INFO | HTTP Request: GET https://www.okx.com/api/v5/trade/orders-algo-pending?ordType=conditional&instType=SWAP&instId=SOL-USDT-SWAP "HTTP/2 200 OK"
2026-03-22 11:40:46,754 | INFO | HTTP Request: GET https://www.okx.com/api/v5/market/ticker?instId=XAU-USDT-SWAP "HTTP/2 200 OK"
2026-03-22 11:40:46,879 | INFO | HTTP Request: GET https://www.okx.com/api/v5/trade/orders-algo-pending?ordType=oco&instType=SWAP&instId=SOL-USDT-SWAP "HTTP/2 200 OK"
2026-03-22 11:40:47,111 | INFO | HTTP Request: GET https://www.okx.com/api/v5/market/candles?instId=XAU-USDT-SWAP&bar=5m&limit=89 "HTTP/2 200 OK"
2026-03-22 11:40:47,190 | INFO | HTTP Request: GET https://www.okx.com/api/v5/trade/orders-algo-pending?ordType=trigger&instType=SWAP&instId=SOL-USDT-SWAP "HTTP/2 200 OK"
2026-03-22 11:40:47,461 | INFO | HTTP Request: GET https://www.okx.com/api/v5/trade/orders-algo-pending?ordType=move_order_stop&instType=SWAP&instId=SOL-USDT-SWAP "HTTP/2 200 OK"
2026-03-22 11:40:47,516 | INFO | HTTP Request: GET https://www.okx.com/api/v5/account/balance "HTTP/2 200 OK"
2026-03-22 11:40:47,593 | INFO | HTTP Request: GET https://www.okx.com/api/v5/market/ticker?instId=XLM-USDT-SWAP "HTTP/2 200 OK"
2026-03-22 11:40:47,703 | INFO | HTTP Request: GET https://www.okx.com/api/v5/trade/orders-algo-pending?ordType=iceberg&instType=SWAP&instId=SOL-USDT-SWAP "HTTP/2 200 OK"
2026-03-22 11:40:47,945 | INFO | HTTP Request: GET https://www.okx.com/api/v5/trade/orders-algo-pending?ordType=twap&instType=SWAP&instId=SOL-USDT-SWAP "HTTP/2 200 OK"
2026-03-22 11:40:47,965 | INFO | HTTP Request: GET https://www.okx.com/api/v5/market/candles?instId=XLM-USDT-SWAP&bar=5m&limit=89 "HTTP/2 200 OK"
2026-03-22 11:40:48,185 | INFO | HTTP Request: GET https://www.okx.com/api/v5/trade/orders-algo-pending?ordType=chase&instType=SWAP&instId=SOL-USDT-SWAP "HTTP/2 200 OK"
2026-03-22 11:40:48,453 | INFO | HTTP Request: GET https://www.okx.com/api/v5/market/ticker?instId=XPL-USDT-SWAP "HTTP/2 200 OK"
2026-03-22 11:40:48,858 | INFO | HTTP Request: GET https://www.okx.com/api/v5/market/candles?instId=XPL-USDT-SWAP&bar=5m&limit=89 "HTTP/2 200 OK"
2026-03-22 11:40:49,380 | INFO | HTTP Request: GET https://www.okx.com/api/v5/market/ticker?instId=XRP-USDT-SWAP "HTTP/2 200 OK"
2026-03-22 11:40:49,507 | INFO | HTTP Request: GET https://www.okx.com/api/v5/market/candles?instId=AAVE-USDT-SWAP&bar=5m&limit=26 "HTTP/2 200 OK"
2026-03-22 11:40:49,769 | INFO | HTTP Request: GET https://www.okx.com/api/v5/market/candles?instId=XRP-USDT-SWAP&bar=5m&limit=89 "HTTP/2 200 OK"
2026-03-22 11:40:49,878 | INFO | HTTP Request: GET https://www.okx.com/api/v5/market/ticker?instId=AAVE-USDT-SWAP "HTTP/2 200 OK"
2026-03-22 11:40:50,159 | INFO | HTTP Request: GET https://www.okx.com/api/v5/trade/orders-algo-pending?ordType=conditional&instType=SWAP&instId=AAVE-USDT-SWAP "HTTP/2 200 OK"
2026-03-22 11:40:50,299 | INFO | HTTP Request: GET https://www.okx.com/api/v5/market/ticker?instId=XSR-USDT-SWAP "HTTP/2 200 OK"
2026-03-22 11:40:50,409 | INFO | HTTP Request: GET https://www.okx.com/api/v5/trade/orders-algo-pending?ordType=oco&instType=SWAP&instId=AAVE-USDT-SWAP "HTTP/2 200 OK"
2026-03-22 11:40:50,654 | INFO | HTTP Request: GET https://www.okx.com/api/v5/trade/orders-algo-pending?ordType=trigger&instType=SWAP&instId=AAVE-USDT-SWAP "HTTP/2 200 OK"
2026-03-22 11:40:50,682 | INFO | HTTP Request: GET https://www.okx.com/api/v5/market/candles?instId=XSR-USDT-SWAP&bar=5m&limit=89 "HTTP/2 200 OK"
2026-03-22 11:40:50,896 | INFO | HTTP Request: GET https://www.okx.com/api/v5/trade/orders-algo-pending?ordType=move_order_stop&instType=SWAP&instId=AAVE-USDT-SWAP "HTTP/2 200 OK"
2026-03-22 11:40:51,134 | INFO | HTTP Request: GET https://www.okx.com/api/v5/trade/orders-algo-pending?ordType=iceberg&instType=SWAP&instId=AAVE-USDT-SWAP "HTTP/2 200 OK"
2026-03-22 11:40:51,177 | INFO | HTTP Request: GET https://www.okx.com/api/v5/market/ticker?instId=XTZ-USDT-SWAP "HTTP/2 200 OK"
2026-03-22 11:40:51,373 | INFO | HTTP Request: GET https://www.okx.com/api/v5/trade/orders-algo-pending?ordType=twap&instType=SWAP&instId=AAVE-USDT-SWAP "HTTP/2 200 OK"
2026-03-22 11:40:51,541 | INFO | HTTP Request: GET https://www.okx.com/api/v5/market/candles?instId=XTZ-USDT-SWAP&bar=5m&limit=89 "HTTP/2 200 OK"
2026-03-22 11:40:51,620 | INFO | HTTP Request: GET https://www.okx.com/api/v5/trade/orders-algo-pending?ordType=chase&instType=SWAP&instId=AAVE-USDT-SWAP "HTTP/2 200 OK"
2026-03-22 11:40:52,074 | INFO | HTTP Request: GET https://www.okx.com/api/v5/market/ticker?instId=YB-USDT-SWAP "HTTP/2 200 OK"
2026-03-22 11:40:52,224 | INFO | HTTP Request: POST https://www.okx.com/api/v5/trade/cancel-algos "HTTP/2 200 OK"
2026-03-22 11:40:52,440 | INFO | HTTP Request: GET https://www.okx.com/api/v5/market/candles?instId=YB-USDT-SWAP&bar=5m&limit=89 "HTTP/2 200 OK"
2026-03-22 11:40:52,464 | INFO | HTTP Request: GET https://www.okx.com/api/v5/trade/orders-algo-pending?ordType=conditional&instType=SWAP&instId=AAVE-USDT-SWAP "HTTP/2 200 OK"
2026-03-22 11:40:52,522 | INFO | HTTP Request: GET https://www.okx.com/api/v5/market/candles?instId=BTC-USDT-SWAP&bar=5m&limit=64 "HTTP/2 200 OK"
2026-03-22 11:40:52,701 | INFO | HTTP Request: GET https://www.okx.com/api/v5/trade/orders-algo-pending?ordType=oco&instType=SWAP&instId=AAVE-USDT-SWAP "HTTP/2 200 OK"
2026-03-22 11:40:52,884 | INFO | HTTP Request: GET https://www.okx.com/api/v5/account/balance "HTTP/2 200 OK"
2026-03-22 11:40:52,942 | INFO | HTTP Request: GET https://www.okx.com/api/v5/trade/orders-algo-pending?ordType=trigger&instType=SWAP&instId=AAVE-USDT-SWAP "HTTP/2 200 OK"
2026-03-22 11:40:52,979 | INFO | HTTP Request: GET https://www.okx.com/api/v5/market/ticker?instId=YFI-USDT-SWAP "HTTP/2 200 OK"
2026-03-22 11:40:53,179 | INFO | HTTP Request: GET https://www.okx.com/api/v5/trade/orders-algo-pending?ordType=move_order_stop&instType=SWAP&instId=AAVE-USDT-SWAP "HTTP/2 200 OK"
2026-03-22 11:40:53,424 | INFO | HTTP Request: GET https://www.okx.com/api/v5/trade/orders-algo-pending?ordType=iceberg&instType=SWAP&instId=AAVE-USDT-SWAP "HTTP/2 200 OK"
2026-03-22 11:40:53,669 | INFO | HTTP Request: GET https://www.okx.com/api/v5/trade/orders-algo-pending?ordType=twap&instType=SWAP&instId=AAVE-USDT-SWAP "HTTP/2 200 OK"
2026-03-22 11:40:53,909 | INFO | HTTP Request: GET https://www.okx.com/api/v5/trade/orders-algo-pending?ordType=chase&instType=SWAP&instId=AAVE-USDT-SWAP "HTTP/2 200 OK"
2026-03-22 11:40:53,959 | INFO | HTTP Request: GET https://www.okx.com/api/v5/market/ticker?instId=MAGIC-USDT-SWAP "HTTP/2 200 OK"
2026-03-22 11:40:54,153 | INFO | HTTP Request: GET https://www.okx.com/api/v5/trade/orders-algo-pending?ordType=conditional&instType=SWAP&instId=AAVE-USDT-SWAP "HTTP/2 200 OK"
2026-03-22 11:40:54,326 | INFO | HTTP Request: GET https://www.okx.com/api/v5/market/candles?instId=MAGIC-USDT-SWAP&bar=5m&limit=89 "HTTP/2 200 OK"
2026-03-22 11:40:54,408 | INFO | HTTP Request: GET https://www.okx.com/api/v5/trade/orders-algo-pending?ordType=oco&instType=SWAP&instId=AAVE-USDT-SWAP "HTTP/2 200 OK"
2026-03-22 11:40:54,654 | INFO | HTTP Request: GET https://www.okx.com/api/v5/trade/orders-algo-pending?ordType=trigger&instType=SWAP&instId=AAVE-USDT-SWAP "HTTP/2 200 OK"
2026-03-22 11:40:54,862 | INFO | HTTP Request: GET https://www.okx.com/api/v5/market/ticker?instId=SUI-USDT-SWAP "HTTP/2 200 OK"
2026-03-22 11:40:54,891 | INFO | HTTP Request: GET https://www.okx.com/api/v5/trade/orders-algo-pending?ordType=move_order_stop&instType=SWAP&instId=AAVE-USDT-SWAP "HTTP/2 200 OK"
2026-03-22 11:40:55,131 | INFO | HTTP Request: GET https://www.okx.com/api/v5/trade/orders-algo-pending?ordType=iceberg&instType=SWAP&instId=AAVE-USDT-SWAP "HTTP/2 200 OK"
2026-03-22 11:40:55,239 | INFO | HTTP Request: GET https://www.okx.com/api/v5/market/candles?instId=SUI-USDT-SWAP&bar=5m&limit=89 "HTTP/2 200 OK"
2026-03-22 11:40:55,376 | INFO | HTTP Request: GET https://www.okx.com/api/v5/trade/orders-algo-pending?ordType=twap&instType=SWAP&instId=AAVE-USDT-SWAP "HTTP/2 200 OK"
2026-03-22 11:40:55,619 | INFO | HTTP Request: GET https://www.okx.com/api/v5/trade/orders-algo-pending?ordType=chase&instType=SWAP&instId=AAVE-USDT-SWAP "HTTP/2 200 OK"
2026-03-22 11:40:55,623 | INFO | Placing exchange stop AAVE-USDT-SWAP short payload={'instId': 'AAVE-USDT-SWAP', 'tdMode': 'isolated', 'side': 'buy', 'posSide': 'net', 'ordType': 'conditional', 'reduceOnly': 'true', 'closeFraction': '1', 'slTriggerPx': '107.895', 'slTriggerPxType': 'mark', 'slOrdPx': '-1'}
2026-03-22 11:40:55,730 | INFO | HTTP Request: GET https://www.okx.com/api/v5/market/ticker?instId=SOL-USDT-SWAP "HTTP/2 200 OK"
2026-03-22 11:40:55,867 | INFO | HTTP Request: POST https://www.okx.com/api/v5/trade/order-algo "HTTP/2 200 OK"
2026-03-22 11:40:56,101 | INFO | HTTP Request: GET https://www.okx.com/api/v5/market/candles?instId=SOL-USDT-SWAP&bar=5m&limit=89 "HTTP/2 200 OK"
2026-03-22 11:40:56,107 | INFO | HTTP Request: GET https://www.okx.com/api/v5/trade/orders-algo-pending?ordType=conditional&instType=SWAP&instId=AAVE-USDT-SWAP "HTTP/2 200 OK"
2026-03-22 11:40:56,345 | INFO | HTTP Request: GET https://www.okx.com/api/v5/trade/orders-algo-pending?ordType=oco&instType=SWAP&instId=AAVE-USDT-SWAP "HTTP/2 200 OK"
2026-03-22 11:40:56,589 | INFO | HTTP Request: GET https://www.okx.com/api/v5/trade/orders-algo-pending?ordType=trigger&instType=SWAP&instId=AAVE-USDT-SWAP "HTTP/2 200 OK"
2026-03-22 11:40:56,613 | INFO | HTTP Request: GET https://www.okx.com/api/v5/market/candles?instId=AAVE-USDT-SWAP&bar=5m&limit=89 "HTTP/2 200 OK"
2026-03-22 11:40:56,830 | INFO | HTTP Request: GET https://www.okx.com/api/v5/trade/orders-algo-pending?ordType=move_order_stop&instType=SWAP&instId=AAVE-USDT-SWAP "HTTP/2 200 OK"
2026-03-22 11:40:57,072 | INFO | HTTP Request: GET https://www.okx.com/api/v5/trade/orders-algo-pending?ordType=iceberg&instType=SWAP&instId=AAVE-USDT-SWAP "HTTP/2 200 OK"
2026-03-22 11:40:57,112 | INFO | HTTP Request: GET https://www.okx.com/api/v5/market/ticker?instId=1INCH-USDT-SWAP "HTTP/2 200 OK"
2026-03-22 11:40:57,313 | INFO | HTTP Request: GET https://www.okx.com/api/v5/trade/orders-algo-pending?ordType=twap&instType=SWAP&instId=AAVE-USDT-SWAP "HTTP/2 200 OK"
2026-03-22 11:40:57,484 | INFO | HTTP Request: GET https://www.okx.com/api/v5/market/candles?instId=1INCH-USDT-SWAP&bar=5m&limit=89 "HTTP/2 200 OK"
2026-03-22 11:40:57,557 | INFO | HTTP Request: GET https://www.okx.com/api/v5/trade/orders-algo-pending?ordType=chase&instType=SWAP&instId=AAVE-USDT-SWAP "HTTP/2 200 OK"
2026-03-22 11:40:58,003 | INFO | HTTP Request: GET https://www.okx.com/api/v5/market/ticker?instId=2Z-USDT-SWAP "HTTP/2 200 OK"
2026-03-22 11:40:58,351 | INFO | HTTP Request: GET https://www.okx.com/api/v5/account/balance "HTTP/2 200 OK"
2026-03-22 11:40:58,435 | INFO | HTTP Request: GET https://www.okx.com/api/v5/market/candles?instId=2Z-USDT-SWAP&bar=5m&limit=89 "HTTP/2 200 OK"
2026-03-22 11:40:58,548 | INFO | HTTP Request: GET https://www.okx.com/api/v5/market/candles?instId=BTC-USDT-SWAP&bar=5m&limit=64 "HTTP/2 200 OK"
2026-03-22 11:40:58,755 | INFO | HTTP Request: GET https://www.okx.com/api/v5/market/candles?instId=BTC-USDT-SWAP&bar=5m&limit=64 "HTTP/2 200 OK"
2026-03-22 11:40:58,946 | INFO | HTTP Request: GET https://www.okx.com/api/v5/market/ticker?instId=A-USDT-SWAP "HTTP/2 200 OK"
2026-03-22 11:40:59,009 | INFO | HTTP Request: GET https://www.okx.com/api/v5/public/instruments?instType=SWAP "HTTP/2 200 OK"
2026-03-22 11:40:59,358 | INFO | HTTP Request: GET https://www.okx.com/api/v5/market/candles?instId=A-USDT-SWAP&bar=5m&limit=89 "HTTP/2 200 OK"
2026-03-22 11:40:59,387 | INFO | HTTP Request: GET https://www.okx.com/api/v5/account/balance "HTTP/2 200 OK"
2026-03-22 11:40:59,628 | INFO | HTTP Request: GET https://www.okx.com/api/v5/trade/orders-pending?instType=SWAP&instId=1INCH-USDT-SWAP "HTTP/2 200 OK"
2026-03-22 11:40:59,847 | INFO | HTTP Request: GET https://www.okx.com/api/v5/market/ticker?instId=ACT-USDT-SWAP "HTTP/2 200 OK"
2026-03-22 11:40:59,998 | INFO | HTTP Request: GET https://www.okx.com/api/v5/market/ticker?instId=1INCH-USDT-SWAP "HTTP/2 200 OK"
2026-03-22 11:41:00,211 | INFO | HTTP Request: GET https://www.okx.com/api/v5/market/candles?instId=ACT-USDT-SWAP&bar=5m&limit=89 "HTTP/2 200 OK"
2026-03-22 11:41:00,701 | INFO | HTTP Request: GET https://www.okx.com/api/v5/market/ticker?instId=ADA-USDT-SWAP "HTTP/2 200 OK"
2026-03-22 11:41:01,081 | INFO | HTTP Request: GET https://www.okx.com/api/v5/market/candles?instId=ADA-USDT-SWAP&bar=5m&limit=89 "HTTP/2 200 OK"
2026-03-22 11:41:01,632 | INFO | HTTP Request: GET https://www.okx.com/api/v5/market/ticker?instId=AI16Z-USDT-SWAP "HTTP/2 200 OK"
2026-03-22 11:41:02,018 | INFO | HTTP Request: GET https://www.okx.com/api/v5/market/candles?instId=AI16Z-USDT-SWAP&bar=5m&limit=89 "HTTP/2 200 OK"
2026-03-22 11:41:02,540 | INFO | HTTP Request: GET https://www.okx.com/api/v5/market/ticker?instId=AKITA-USDT-SWAP "HTTP/2 200 OK"
2026-03-22 11:41:02,923 | INFO | HTTP Request: GET https://www.okx.com/api/v5/market/candles?instId=AKITA-USDT-SWAP&bar=5m&limit=89 "HTTP/2 200 OK"
2026-03-22 11:41:03,456 | INFO | HTTP Request: GET https://www.okx.com/api/v5/market/ticker?instId=ALGO-USDT-SWAP "HTTP/2 200 OK"
2026-03-22 11:41:03,726 | INFO | HTTP Request: GET https://www.okx.com/api/v5/account/balance "HTTP/2 200 OK"
2026-03-22 11:41:03,838 | INFO | HTTP Request: GET https://www.okx.com/api/v5/market/candles?instId=ALGO-USDT-SWAP&bar=5m&limit=89 "HTTP/2 200 OK"
2026-03-22 11:41:03,949 | INFO | HTTP Request: GET https://www.okx.com/api/v5/public/instruments?instType=SWAP "HTTP/2 200 OK"
2026-03-22 11:41:04,356 | INFO | HTTP Request: GET https://www.okx.com/api/v5/market/ticker?instId=ARB-USDT-SWAP "HTTP/2 200 OK"
2026-03-22 11:41:04,357 | INFO | HTTP Request: GET https://www.okx.com/api/v5/account/balance "HTTP/2 200 OK"
2026-03-22 11:41:04,620 | INFO | HTTP Request: GET https://www.okx.com/api/v5/trade/orders-pending?instType=SWAP&instId=1INCH-USDT-SWAP "HTTP/2 200 OK"
2026-03-22 11:41:04,751 | INFO | HTTP Request: GET https://www.okx.com/api/v5/market/candles?instId=ARB-USDT-SWAP&bar=5m&limit=89 "HTTP/2 200 OK"
2026-03-22 11:41:04,995 | INFO | HTTP Request: GET https://www.okx.com/api/v5/market/ticker?instId=1INCH-USDT-SWAP "HTTP/2 200 OK"
2026-03-22 11:41:05,010 | INFO | HTTP Request: GET https://www.okx.com/api/v5/market/candles?instId=BTC-USDT-SWAP&bar=5m&limit=64 "HTTP/2 200 OK"
2026-03-22 11:41:05,234 | INFO | HTTP Request: GET https://www.okx.com/api/v5/market/ticker?instId=ASP-USDT-SWAP "HTTP/2 200 OK"
2026-03-22 11:41:05,408 | INFO | HTTP Request: GET https://www.okx.com/api/v5/account/positions?instType=SWAP "HTTP/2 200 OK"
2026-03-22 11:41:05,625 | INFO | HTTP Request: GET https://www.okx.com/api/v5/market/candles?instId=ASP-USDT-SWAP&bar=5m&limit=89 "HTTP/2 200 OK"
2026-03-22 11:41:05,803 | INFO | HTTP Request: GET https://www.okx.com/api/v5/market/candles?instId=MAJOR-USDT-SWAP&bar=15m&limit=121 "HTTP/2 200 OK"
2026-03-22 11:41:06,137 | INFO | HTTP Request: GET https://www.okx.com/api/v5/market/ticker?instId=ASTER-USDT-SWAP "HTTP/2 200 OK"
2026-03-22 11:41:06,279 | INFO | HTTP Request: GET https://www.okx.com/api/v5/market/candles?instId=MAJOR-USDT-SWAP&bar=5m&limit=97 "HTTP/2 200 OK"
2026-03-22 11:41:06,597 | INFO | HTTP Request: GET https://www.okx.com/api/v5/market/candles?instId=ASTER-USDT-SWAP&bar=5m&limit=89 "HTTP/2 200 OK"
2026-03-22 11:41:06,645 | INFO | HTTP Request: GET https://www.okx.com/api/v5/market/history-trades?instId=MAJOR-USDT-SWAP&limit=100 "HTTP/2 200 OK"
2026-03-22 11:41:07,015 | INFO | HTTP Request: GET https://www.okx.com/api/v5/market/books?instId=MAJOR-USDT-SWAP&sz=5 "HTTP/2 200 OK"
2026-03-22 11:41:07,107 | INFO | HTTP Request: GET https://www.okx.com/api/v5/market/ticker?instId=ATOM-USDT-SWAP "HTTP/2 200 OK"
2026-03-22 11:41:07,541 | INFO | HTTP Request: GET https://www.okx.com/api/v5/market/candles?instId=ATOM-USDT-SWAP&bar=5m&limit=89 "HTTP/2 200 OK"
2026-03-22 11:41:07,657 | INFO | HTTP Request: GET https://www.okx.com/api/v5/market/books?instId=MAJOR-USDT-SWAP&sz=5 "HTTP/2 200 OK"
2026-03-22 11:41:08,058 | INFO | HTTP Request: GET https://www.okx.com/api/v5/market/ticker?instId=AUCTION-USDT-SWAP "HTTP/2 200 OK"
2026-03-22 11:41:08,258 | INFO | HTTP Request: GET https://www.okx.com/api/v5/market/books?instId=MAJOR-USDT-SWAP&sz=5 "HTTP/2 200 OK"
2026-03-22 11:41:08,444 | INFO | HTTP Request: GET https://www.okx.com/api/v5/market/candles?instId=AUCTION-USDT-SWAP&bar=5m&limit=89 "HTTP/2 200 OK"
2026-03-22 11:41:08,858 | INFO | HTTP Request: GET https://www.okx.com/api/v5/market/books?instId=MAJOR-USDT-SWAP&sz=5 "HTTP/2 200 OK"
2026-03-22 11:41:08,970 | INFO | HTTP Request: GET https://www.okx.com/api/v5/market/ticker?instId=AVAX-USDT-SWAP "HTTP/2 200 OK"
2026-03-22 11:41:09,148 | INFO | HTTP Request: GET https://www.okx.com/api/v5/account/balance "HTTP/2 200 OK"
2026-03-22 11:41:09,253 | INFO | HTTP Request: GET https://www.okx.com/api/v5/market/candles?instId=MASK-USDT-SWAP&bar=15m&limit=121 "HTTP/2 200 OK"
2026-03-22 11:41:09,361 | INFO | HTTP Request: GET https://www.okx.com/api/v5/market/candles?instId=AVAX-USDT-SWAP&bar=5m&limit=89 "HTTP/2 200 OK"
2026-03-22 11:41:09,662 | INFO | HTTP Request: GET https://www.okx.com/api/v5/market/candles?instId=MASK-USDT-SWAP&bar=5m&limit=97 "HTTP/2 200 OK"
2026-03-22 11:41:09,905 | INFO | HTTP Request: GET https://www.okx.com/api/v5/market/ticker?instId=AXS-USDT-SWAP "HTTP/2 200 OK"
2026-03-22 11:41:10,078 | INFO | HTTP Request: GET https://www.okx.com/api/v5/market/history-trades?instId=MASK-USDT-SWAP&limit=100 "HTTP/2 200 OK"
2026-03-22 11:41:10,284 | INFO | HTTP Request: GET https://www.okx.com/api/v5/market/candles?instId=AXS-USDT-SWAP&bar=5m&limit=89 "HTTP/2 200 OK"
2026-03-22 11:41:10,477 | INFO | HTTP Request: GET https://www.okx.com/api/v5/market/books?instId=MASK-USDT-SWAP&sz=5 "HTTP/2 200 OK"
2026-03-22 11:41:10,795 | INFO | HTTP Request: GET https://www.okx.com/api/v5/market/ticker?instId=BAND-USDT-SWAP "HTTP/2 200 OK"
2026-03-22 11:41:11,127 | INFO | HTTP Request: GET https://www.okx.com/api/v5/market/books?instId=MASK-USDT-SWAP&sz=5 "HTTP/2 200 OK"
2026-03-22 11:41:11,187 | INFO | HTTP Request: GET https://www.okx.com/api/v5/market/candles?instId=BAND-USDT-SWAP&bar=5m&limit=89 "HTTP/2 200 OK"
2026-03-22 11:41:11,246 | INFO | HTTP Request: GET https://www.okx.com/api/v5/market/candles?instId=BTC-USDT-SWAP&bar=5m&limit=64 "HTTP/2 200 OK"
2026-03-22 11:41:11,732 | INFO | HTTP Request: GET https://www.okx.com/api/v5/market/ticker?instId=BCH-USDT-SWAP "HTTP/2 200 OK"
2026-03-22 11:41:11,732 | INFO | HTTP Request: GET https://www.okx.com/api/v5/market/books?instId=MASK-USDT-SWAP&sz=5 "HTTP/2 200 OK"
2026-03-22 11:41:12,113 | INFO | HTTP Request: GET https://www.okx.com/api/v5/market/candles?instId=BCH-USDT-SWAP&bar=5m&limit=89 "HTTP/2 200 OK"
2026-03-22 11:41:12,333 | INFO | HTTP Request: GET https://www.okx.com/api/v5/market/books?instId=MASK-USDT-SWAP&sz=5 "HTTP/2 200 OK"
2026-03-22 11:41:12,672 | INFO | HTTP Request: GET https://www.okx.com/api/v5/market/ticker?instId=BIO-USDT-SWAP "HTTP/2 200 OK"
2026-03-22 11:41:12,759 | INFO | HTTP Request: GET https://www.okx.com/api/v5/market/candles?instId=MET-USDT-SWAP&bar=15m&limit=121 "HTTP/2 200 OK"
2026-03-22 11:41:13,034 | INFO | HTTP Request: GET https://www.okx.com/api/v5/market/candles?instId=BIO-USDT-SWAP&bar=5m&limit=89 "HTTP/2 200 OK"
2026-03-22 11:41:13,137 | INFO | HTTP Request: GET https://www.okx.com/api/v5/market/candles?instId=MET-USDT-SWAP&bar=5m&limit=97 "HTTP/2 200 OK"
2026-03-22 11:41:13,556 | INFO | HTTP Request: GET https://www.okx.com/api/v5/market/history-trades?instId=MET-USDT-SWAP&limit=100 "HTTP/2 200 OK"
2026-03-22 11:41:13,564 | INFO | HTTP Request: GET https://www.okx.com/api/v5/market/ticker?instId=BLUAI-USDT-SWAP "HTTP/2 200 OK"
2026-03-22 11:41:13,953 | INFO | HTTP Request: GET https://www.okx.com/api/v5/market/candles?instId=BLUAI-USDT-SWAP&bar=5m&limit=89 "HTTP/2 200 OK"
2026-03-22 11:41:13,980 | INFO | HTTP Request: GET https://www.okx.com/api/v5/market/books?instId=MET-USDT-SWAP&sz=5 "HTTP/2 200 OK"
2026-03-22 11:41:14,501 | INFO | HTTP Request: GET https://www.okx.com/api/v5/market/ticker?instId=BNB-USDT-SWAP "HTTP/2 200 OK"
2026-03-22 11:41:14,639 | INFO | HTTP Request: GET https://www.okx.com/api/v5/account/balance "HTTP/2 200 OK"
2026-03-22 11:41:14,645 | INFO | HTTP Request: GET https://www.okx.com/api/v5/market/books?instId=MET-USDT-SWAP&sz=5 "HTTP/2 200 OK"
2026-03-22 11:41:14,888 | INFO | HTTP Request: GET https://www.okx.com/api/v5/market/candles?instId=BNB-USDT-SWAP&bar=5m&limit=89 "HTTP/2 200 OK"
2026-03-22 11:41:15,247 | INFO | HTTP Request: GET https://www.okx.com/api/v5/market/books?instId=MET-USDT-SWAP&sz=5 "HTTP/2 200 OK"
2026-03-22 11:41:15,403 | INFO | HTTP Request: GET https://www.okx.com/api/v5/market/ticker?instId=BOME-USDT-SWAP "HTTP/2 200 OK"
2026-03-22 11:41:15,774 | INFO | HTTP Request: GET https://www.okx.com/api/v5/market/candles?instId=BOME-USDT-SWAP&bar=5m&limit=89 "HTTP/2 200 OK"
2026-03-22 11:41:15,882 | INFO | HTTP Request: GET https://www.okx.com/api/v5/market/books?instId=MET-USDT-SWAP&sz=5 "HTTP/2 200 OK"
2026-03-22 11:41:16,318 | INFO | HTTP Request: GET https://www.okx.com/api/v5/market/ticker?instId=BRETT-USDT-SWAP "HTTP/2 200 OK"
2026-03-22 11:41:16,369 | INFO | HTTP Request: GET https://www.okx.com/api/v5/market/candles?instId=MINA-USDT-SWAP&bar=15m&limit=121 "HTTP/2 200 OK"
2026-03-22 11:41:16,681 | INFO | HTTP Request: GET https://www.okx.com/api/v5/market/candles?instId=BRETT-USDT-SWAP&bar=5m&limit=89 "HTTP/2 200 OK"
2026-03-22 11:41:16,788 | INFO | HTTP Request: GET https://www.okx.com/api/v5/market/candles?instId=MINA-USDT-SWAP&bar=5m&limit=97 "HTTP/2 200 OK"
2026-03-22 11:41:17,157 | INFO | HTTP Request: GET https://www.okx.com/api/v5/market/history-trades?instId=MINA-USDT-SWAP&limit=100 "HTTP/2 200 OK"
2026-03-22 11:41:17,512 | INFO | HTTP Request: GET https://www.okx.com/api/v5/market/candles?instId=BTC-USDT-SWAP&bar=5m&limit=64 "HTTP/2 200 OK"
2026-03-22 11:41:17,513 | INFO | HTTP Request: GET https://www.okx.com/api/v5/market/ticker?instId=BTC-USDT-SWAP "HTTP/2 200 OK"
2026-03-22 11:41:17,610 | INFO | HTTP Request: GET https://www.okx.com/api/v5/market/books?instId=MINA-USDT-SWAP&sz=5 "HTTP/2 200 OK"
2026-03-22 11:41:18,031 | INFO | HTTP Request: GET https://www.okx.com/api/v5/market/ticker?instId=CAT-USDT-SWAP "HTTP/2 200 OK"
2026-03-22 11:41:18,211 | INFO | HTTP Request: GET https://www.okx.com/api/v5/market/books?instId=MINA-USDT-SWAP&sz=5 "HTTP/2 200 OK"
2026-03-22 11:41:18,389 | INFO | HTTP Request: GET https://www.okx.com/api/v5/market/candles?instId=CAT-USDT-SWAP&bar=5m&limit=89 "HTTP/2 200 OK"
2026-03-22 11:41:18,807 | INFO | HTTP Request: GET https://www.okx.com/api/v5/market/books?instId=MINA-USDT-SWAP&sz=5 "HTTP/2 200 OK"
2026-03-22 11:41:18,880 | INFO | HTTP Request: GET https://www.okx.com/api/v5/market/ticker?instId=CATI-USDT-SWAP "HTTP/2 200 OK"
2026-03-22 11:41:19,307 | INFO | HTTP Request: GET https://www.okx.com/api/v5/market/candles?instId=CATI-USDT-SWAP&bar=5m&limit=89 "HTTP/2 200 OK"
2026-03-22 11:41:19,427 | INFO | HTTP Request: GET https://www.okx.com/api/v5/market/books?instId=MINA-USDT-SWAP&sz=5 "HTTP/2 200 OK"
2026-03-22 11:41:19,800 | INFO | HTTP Request: GET https://www.okx.com/api/v5/market/ticker?instId=CELO-USDT-SWAP "HTTP/2 200 OK"
2026-03-22 11:41:19,819 | INFO | HTTP Request: GET https://www.okx.com/api/v5/market/candles?instId=1INCH-USDT-SWAP&bar=5m&limit=71 "HTTP/2 200 OK"
2026-03-22 11:41:19,957 | INFO | HTTP Request: GET https://www.okx.com/api/v5/account/balance "HTTP/2 200 OK"
2026-03-22 11:41:20,212 | INFO | HTTP Request: GET https://www.okx.com/api/v5/market/candles?instId=CELO-USDT-SWAP&bar=5m&limit=89 "HTTP/2 200 OK"
2026-03-22 11:41:20,228 | INFO | HTTP Request: GET https://www.okx.com/api/v5/market/candles?instId=2Z-USDT-SWAP&bar=5m&limit=71 "HTTP/2 200 OK"
2026-03-22 11:41:20,639 | INFO | HTTP Request: GET https://www.okx.com/api/v5/market/candles?instId=ACT-USDT-SWAP&bar=5m&limit=71 "HTTP/2 200 OK"
2026-03-22 11:41:20,759 | INFO | HTTP Request: GET https://www.okx.com/api/v5/market/ticker?instId=CFX-USDT-SWAP "HTTP/2 200 OK"
2026-03-22 11:41:21,127 | INFO | HTTP Request: GET https://www.okx.com/api/v5/market/candles?instId=CFX-USDT-SWAP&bar=5m&limit=89 "HTTP/2 200 OK"
2026-03-22 11:41:21,137 | INFO | HTTP Request: GET https://www.okx.com/api/v5/market/candles?instId=ALGO-USDT-SWAP&bar=5m&limit=71 "HTTP/2 200 OK"
2026-03-22 11:41:21,497 | INFO | HTTP Request: GET https://www.okx.com/api/v5/market/candles?instId=ARB-USDT-SWAP&bar=5m&limit=71 "HTTP/2 200 OK"
2026-03-22 11:41:21,623 | INFO | HTTP Request: GET https://www.okx.com/api/v5/market/ticker?instId=CHZ-USDT-SWAP "HTTP/2 200 OK"
2026-03-22 11:41:21,913 | INFO | HTTP Request: GET https://www.okx.com/api/v5/market/candles?instId=ATOM-USDT-SWAP&bar=5m&limit=71 "HTTP/2 200 OK"
2026-03-22 11:41:22,000 | INFO | HTTP Request: GET https://www.okx.com/api/v5/market/candles?instId=CHZ-USDT-SWAP&bar=5m&limit=89 "HTTP/2 200 OK"
2026-03-22 11:41:22,315 | INFO | HTTP Request: GET https://www.okx.com/api/v5/market/candles?instId=AUCTION-USDT-SWAP&bar=5m&limit=71 "HTTP/2 200 OK"
2026-03-22 11:41:22,497 | INFO | HTTP Request: GET https://www.okx.com/api/v5/market/ticker?instId=COAI-USDT-SWAP "HTTP/2 200 OK"
2026-03-22 11:41:22,695 | INFO | HTTP Request: GET https://www.okx.com/api/v5/market/candles?instId=AVAX-USDT-SWAP&bar=5m&limit=71 "HTTP/2 200 OK"
2026-03-22 11:41:22,895 | INFO | HTTP Request: GET https://www.okx.com/api/v5/market/candles?instId=COAI-USDT-SWAP&bar=5m&limit=89 "HTTP/2 200 OK"
2026-03-22 11:41:23,099 | INFO | HTTP Request: GET https://www.okx.com/api/v5/market/candles?instId=AXS-USDT-SWAP&bar=5m&limit=71 "HTTP/2 200 OK"
2026-03-22 11:41:23,429 | INFO | HTTP Request: GET https://www.okx.com/api/v5/market/ticker?instId=COMP-USDT-SWAP "HTTP/2 200 OK"
2026-03-22 11:41:23,512 | INFO | HTTP Request: GET https://www.okx.com/api/v5/market/candles?instId=BNB-USDT-SWAP&bar=5m&limit=71 "HTTP/2 200 OK"
2026-03-22 11:41:23,750 | INFO | HTTP Request: GET https://www.okx.com/api/v5/market/candles?instId=BTC-USDT-SWAP&bar=5m&limit=64 "HTTP/2 200 OK"
2026-03-22 11:41:23,805 | INFO | HTTP Request: GET https://www.okx.com/api/v5/market/candles?instId=COMP-USDT-SWAP&bar=5m&limit=89 "HTTP/2 200 OK"
2026-03-22 11:41:23,928 | INFO | HTTP Request: GET https://www.okx.com/api/v5/market/candles?instId=BTC-USDT-SWAP&bar=5m&limit=71 "HTTP/2 200 OK"
2026-03-22 11:41:24,339 | INFO | HTTP Request: GET https://www.okx.com/api/v5/market/candles?instId=CRV-USDT-SWAP&bar=5m&limit=71 "HTTP/2 200 OK"
2026-03-22 11:41:24,348 | INFO | HTTP Request: GET https://www.okx.com/api/v5/market/ticker?instId=CRO-USDT-SWAP "HTTP/2 200 OK"
2026-03-22 11:41:24,726 | INFO | HTTP Request: GET https://www.okx.com/api/v5/market/candles?instId=CRO-USDT-SWAP&bar=5m&limit=89 "HTTP/2 200 OK"
2026-03-22 11:41:24,734 | INFO | HTTP Request: GET https://www.okx.com/api/v5/market/candles?instId=DOGE-USDT-SWAP&bar=5m&limit=71 "HTTP/2 200 OK"
2026-03-22 11:41:25,127 | INFO | HTTP Request: GET https://www.okx.com/api/v5/market/candles?instId=DOT-USDT-SWAP&bar=5m&limit=71 "HTTP/2 200 OK"
2026-03-22 11:41:25,252 | INFO | HTTP Request: GET https://www.okx.com/api/v5/market/ticker?instId=CRV-USDT-SWAP "HTTP/2 200 OK"
2026-03-22 11:41:25,294 | INFO | HTTP Request: GET https://www.okx.com/api/v5/account/balance "HTTP/2 200 OK"
2026-03-22 11:41:25,493 | INFO | HTTP Request: GET https://www.okx.com/api/v5/market/candles?instId=ENA-USDT-SWAP&bar=5m&limit=71 "HTTP/2 200 OK"
2026-03-22 11:41:25,745 | INFO | HTTP Request: GET https://www.okx.com/api/v5/market/ticker?instId=DOGE-USDT-SWAP "HTTP/2 200 OK"
2026-03-22 11:41:25,870 | INFO | HTTP Request: GET https://www.okx.com/api/v5/market/candles?instId=ETC-USDT-SWAP&bar=5m&limit=71 "HTTP/2 200 OK"
2026-03-22 11:41:26,234 | INFO | HTTP Request: GET https://www.okx.com/api/v5/market/candles?instId=ETHFI-USDT-SWAP&bar=5m&limit=71 "HTTP/2 200 OK"
2026-03-22 11:41:26,246 | INFO | HTTP Request: GET https://www.okx.com/api/v5/market/ticker?instId=DOT-USDT-SWAP "HTTP/2 200 OK"
2026-03-22 11:41:26,667 | INFO | HTTP Request: GET https://www.okx.com/api/v5/market/candles?instId=ETHW-USDT-SWAP&bar=5m&limit=71 "HTTP/2 200 OK"
2026-03-22 11:41:26,778 | INFO | HTTP Request: GET https://www.okx.com/api/v5/market/ticker?instId=ENA-USDT-SWAP "HTTP/2 200 OK"
2026-03-22 11:41:27,061 | INFO | HTTP Request: GET https://www.okx.com/api/v5/market/candles?instId=FIL-USDT-SWAP&bar=5m&limit=71 "HTTP/2 200 OK"
2026-03-22 11:41:27,300 | INFO | HTTP Request: GET https://www.okx.com/api/v5/market/ticker?instId=EOS-USDT-SWAP "HTTP/2 200 OK"
2026-03-22 11:41:27,455 | INFO | HTTP Request: GET https://www.okx.com/api/v5/market/candles?instId=FLOKI-USDT-SWAP&bar=5m&limit=71 "HTTP/2 200 OK"
2026-03-22 11:41:27,673 | INFO | HTTP Request: GET https://www.okx.com/api/v5/market/candles?instId=EOS-USDT-SWAP&bar=5m&limit=89 "HTTP/2 200 OK"
2026-03-22 11:41:27,865 | INFO | HTTP Request: GET https://www.okx.com/api/v5/market/candles?instId=H-USDT-SWAP&bar=5m&limit=71 "HTTP/2 200 OK"
2026-03-22 11:41:28,196 | INFO | HTTP Request: GET https://www.okx.com/api/v5/market/ticker?instId=ETC-USDT-SWAP "HTTP/2 200 OK"
2026-03-22 11:41:28,288 | INFO | HTTP Request: GET https://www.okx.com/api/v5/market/candles?instId=HBAR-USDT-SWAP&bar=5m&limit=71 "HTTP/2 200 OK"
2026-03-22 11:41:28,692 | INFO | HTTP Request: GET https://www.okx.com/api/v5/market/candles?instId=HOME-USDT-SWAP&bar=5m&limit=71 "HTTP/2 200 OK"
2026-03-22 11:41:28,700 | INFO | HTTP Request: GET https://www.okx.com/api/v5/market/ticker?instId=ETH-USDT-SWAP "HTTP/2 200 OK"
2026-03-22 11:41:29,103 | INFO | HTTP Request: GET https://www.okx.com/api/v5/market/candles?instId=ETH-USDT-SWAP&bar=5m&limit=89 "HTTP/2 200 OK"
2026-03-22 11:41:29,166 | INFO | HTTP Request: GET https://www.okx.com/api/v5/market/candles?instId=ICP-USDT-SWAP&bar=5m&limit=71 "HTTP/2 200 OK"
2026-03-22 11:41:29,546 | INFO | HTTP Request: GET https://www.okx.com/api/v5/market/candles?instId=IMX-USDT-SWAP&bar=5m&limit=71 "HTTP/2 200 OK"
2026-03-22 11:41:29,614 | INFO | HTTP Request: GET https://www.okx.com/api/v5/market/ticker?instId=ETHFI-USDT-SWAP "HTTP/2 200 OK"
2026-03-22 11:41:29,959 | INFO | HTTP Request: GET https://www.okx.com/api/v5/market/candles?instId=INJ-USDT-SWAP&bar=5m&limit=71 "HTTP/2 200 OK"
2026-03-22 11:41:30,001 | INFO | HTTP Request: GET https://www.okx.com/api/v5/market/candles?instId=BTC-USDT-SWAP&bar=5m&limit=64 "HTTP/2 200 OK"
2026-03-22 11:41:30,097 | INFO | HTTP Request: GET https://www.okx.com/api/v5/market/ticker?instId=ETHW-USDT-SWAP "HTTP/2 200 OK"
2026-03-22 11:41:30,324 | INFO | HTTP Request: GET https://www.okx.com/api/v5/market/candles?instId=JUP-USDT-SWAP&bar=5m&limit=71 "HTTP/2 200 OK"
2026-03-22 11:41:30,611 | INFO | HTTP Request: GET https://www.okx.com/api/v5/account/balance "HTTP/2 200 OK"
2026-03-22 11:41:30,615 | INFO | HTTP Request: GET https://www.okx.com/api/v5/market/ticker?instId=FIL-USDT-SWAP "HTTP/2 200 OK"
2026-03-22 11:41:30,706 | INFO | HTTP Request: GET https://www.okx.com/api/v5/market/candles?instId=KAITO-USDT-SWAP&bar=5m&limit=71 "HTTP/2 200 OK"
2026-03-22 11:41:31,119 | INFO | HTTP Request: GET https://www.okx.com/api/v5/market/candles?instId=LDO-USDT-SWAP&bar=5m&limit=71 "HTTP/2 200 OK"
2026-03-22 11:41:31,143 | INFO | HTTP Request: GET https://www.okx.com/api/v5/market/ticker?instId=FLOKI-USDT-SWAP "HTTP/2 200 OK"
2026-03-22 11:41:31,515 | INFO | HTTP Request: GET https://www.okx.com/api/v5/market/candles?instId=LINEA-USDT-SWAP&bar=5m&limit=71 "HTTP/2 200 OK"
2026-03-22 11:41:31,646 | INFO | HTTP Request: GET https://www.okx.com/api/v5/market/ticker?instId=GMT-USDT-SWAP "HTTP/2 200 OK"
2026-03-22 11:41:31,907 | INFO | HTTP Request: GET https://www.okx.com/api/v5/market/candles?instId=LQTY-USDT-SWAP&bar=5m&limit=71 "HTTP/2 200 OK"
2026-03-22 11:41:32,020 | INFO | HTTP Request: GET https://www.okx.com/api/v5/market/candles?instId=GMT-USDT-SWAP&bar=5m&limit=89 "HTTP/2 200 OK"
2026-03-22 11:41:32,293 | INFO | HTTP Request: GET https://www.okx.com/api/v5/market/candles?instId=LTC-USDT-SWAP&bar=5m&limit=71 "HTTP/2 200 OK"
2026-03-22 11:41:32,522 | INFO | HTTP Request: GET https://www.okx.com/api/v5/market/ticker?instId=H-USDT-SWAP "HTTP/2 200 OK"
2026-03-22 11:41:32,687 | INFO | HTTP Request: GET https://www.okx.com/api/v5/market/candles?instId=MET-USDT-SWAP&bar=5m&limit=71 "HTTP/2 200 OK"
2026-03-22 11:41:33,010 | INFO | HTTP Request: GET https://www.okx.com/api/v5/market/ticker?instId=HBAR-USDT-SWAP "HTTP/2 200 OK"
2026-03-22 11:41:33,112 | INFO | HTTP Request: GET https://www.okx.com/api/v5/market/candles?instId=MINA-USDT-SWAP&bar=5m&limit=71 "HTTP/2 200 OK"
2026-03-22 11:41:33,533 | INFO | HTTP Request: GET https://www.okx.com/api/v5/market/ticker?instId=HMSTR-USDT-SWAP "HTTP/2 200 OK"
2026-03-22 11:41:33,545 | INFO | HTTP Request: GET https://www.okx.com/api/v5/market/candles?instId=MAGIC-USDT-SWAP&bar=5m&limit=26 "HTTP/2 200 OK"
2026-03-22 11:41:33,920 | INFO | HTTP Request: GET https://www.okx.com/api/v5/market/candles?instId=HMSTR-USDT-SWAP&bar=5m&limit=89 "HTTP/2 200 OK"
2026-03-22 11:41:33,925 | INFO | HTTP Request: GET https://www.okx.com/api/v5/market/ticker?instId=MAGIC-USDT-SWAP "HTTP/2 200 OK"
2026-03-22 11:41:34,322 | INFO | HTTP Request: GET https://www.okx.com/api/v5/market/candles?instId=SUI-USDT-SWAP&bar=5m&limit=26 "HTTP/2 200 OK"
2026-03-22 11:41:34,438 | INFO | HTTP Request: GET https://www.okx.com/api/v5/market/ticker?instId=HOME-USDT-SWAP "HTTP/2 200 OK"
2026-03-22 11:41:34,745 | INFO | HTTP Request: GET https://www.okx.com/api/v5/market/ticker?instId=SUI-USDT-SWAP "HTTP/2 200 OK"
2026-03-22 11:41:34,961 | INFO | HTTP Request: GET https://www.okx.com/api/v5/market/ticker?instId=ICP-USDT-SWAP "HTTP/2 200 OK"
2026-03-22 11:41:35,153 | INFO | HTTP Request: GET https://www.okx.com/api/v5/market/candles?instId=SOL-USDT-SWAP&bar=5m&limit=26 "HTTP/2 200 OK"
2026-03-22 11:41:35,461 | INFO | HTTP Request: GET https://www.okx.com/api/v5/market/ticker?instId=IMX-USDT-SWAP "HTTP/2 200 OK"
2026-03-22 11:41:35,533 | INFO | HTTP Request: GET https://www.okx.com/api/v5/market/ticker?instId=SOL-USDT-SWAP "HTTP/2 200 OK"
2026-03-22 11:41:35,913 | INFO | HTTP Request: GET https://www.okx.com/api/v5/market/candles?instId=AAVE-USDT-SWAP&bar=5m&limit=26 "HTTP/2 200 OK"
2026-03-22 11:41:35,982 | INFO | HTTP Request: GET https://www.okx.com/api/v5/market/ticker?instId=INJ-USDT-SWAP "HTTP/2 200 OK"
2026-03-22 11:41:36,078 | INFO | HTTP Request: GET https://www.okx.com/api/v5/account/balance "HTTP/2 200 OK"
2026-03-22 11:41:36,258 | INFO | HTTP Request: GET https://www.okx.com/api/v5/market/candles?instId=BTC-USDT-SWAP&bar=5m&limit=64 "HTTP/2 200 OK"
2026-03-22 11:41:36,299 | INFO | HTTP Request: GET https://www.okx.com/api/v5/market/ticker?instId=AAVE-USDT-SWAP "HTTP/2 200 OK"
2026-03-22 11:41:36,489 | INFO | HTTP Request: GET https://www.okx.com/api/v5/market/ticker?instId=IOTA-USDT-SWAP "HTTP/2 200 OK"
2026-03-22 11:41:36,617 | INFO | HTTP Request: GET https://www.okx.com/api/v5/public/instruments?instType=SWAP "HTTP/2 200 OK"
2026-03-22 11:41:36,882 | INFO | HTTP Request: GET https://www.okx.com/api/v5/market/candles?instId=IOTA-USDT-SWAP&bar=5m&limit=89 "HTTP/2 200 OK"
2026-03-22 11:41:37,004 | INFO | HTTP Request: GET https://www.okx.com/api/v5/account/balance "HTTP/2 200 OK"
2026-03-22 11:41:37,333 | INFO | HTTP Request: GET https://www.okx.com/api/v5/trade/orders-pending?instType=SWAP&instId=1INCH-USDT-SWAP "HTTP/2 200 OK"
2026-03-22 11:41:37,399 | INFO | HTTP Request: GET https://www.okx.com/api/v5/market/ticker?instId=JUP-USDT-SWAP "HTTP/2 200 OK"
2026-03-22 11:41:37,720 | INFO | HTTP Request: GET https://www.okx.com/api/v5/market/ticker?instId=1INCH-USDT-SWAP "HTTP/2 200 OK"
2026-03-22 11:41:37,930 | INFO | HTTP Request: GET https://www.okx.com/api/v5/market/ticker?instId=KAITO-USDT-SWAP "HTTP/2 200 OK"
2026-03-22 11:41:38,446 | INFO | HTTP Request: GET https://www.okx.com/api/v5/market/ticker?instId=KSM-USDT-SWAP "HTTP/2 200 OK"
2026-03-22 11:41:38,824 | INFO | HTTP Request: GET https://www.okx.com/api/v5/market/candles?instId=KSM-USDT-SWAP&bar=5m&limit=89 "HTTP/2 200 OK"
2026-03-22 11:41:39,353 | INFO | HTTP Request: GET https://www.okx.com/api/v5/market/ticker?instId=LDO-USDT-SWAP "HTTP/2 200 OK"
2026-03-22 11:41:39,852 | INFO | HTTP Request: GET https://www.okx.com/api/v5/market/ticker?instId=LINEA-USDT-SWAP "HTTP/2 200 OK"
2026-03-22 11:41:40,370 | INFO | HTTP Request: GET https://www.okx.com/api/v5/market/ticker?instId=LINK-USDT-SWAP "HTTP/2 200 OK"
2026-03-22 11:41:40,745 | INFO | HTTP Request: GET https://www.okx.com/api/v5/market/candles?instId=LINK-USDT-SWAP&bar=5m&limit=89 "HTTP/2 200 OK"
2026-03-22 11:41:41,294 | INFO | HTTP Request: GET https://www.okx.com/api/v5/market/ticker?instId=LIT-USDT-SWAP "HTTP/2 200 OK"
2026-03-22 11:41:41,493 | INFO | HTTP Request: GET https://www.okx.com/api/v5/account/balance "HTTP/2 200 OK"
2026-03-22 11:41:41,562 | INFO | HTTP Request: GET https://www.okx.com/api/v5/public/instruments?instType=SWAP "HTTP/2 200 OK"
2026-03-22 11:41:41,673 | INFO | HTTP Request: GET https://www.okx.com/api/v5/market/candles?instId=LIT-USDT-SWAP&bar=5m&limit=89 "HTTP/2 200 OK"
2026-03-22 11:41:41,989 | INFO | HTTP Request: GET https://www.okx.com/api/v5/account/balance "HTTP/2 200 OK"
2026-03-22 11:41:42,199 | INFO | HTTP Request: GET https://www.okx.com/api/v5/market/ticker?instId=LPT-USDT-SWAP "HTTP/2 200 OK"
2026-03-22 11:41:42,245 | INFO | HTTP Request: GET https://www.okx.com/api/v5/trade/orders-pending?instType=SWAP&instId=1INCH-USDT-SWAP "HTTP/2 200 OK"
2026-03-22 11:41:42,503 | INFO | HTTP Request: GET https://www.okx.com/api/v5/market/candles?instId=BTC-USDT-SWAP&bar=5m&limit=64 "HTTP/2 200 OK"
2026-03-22 11:41:42,594 | INFO | HTTP Request: GET https://www.okx.com/api/v5/market/candles?instId=LPT-USDT-SWAP&bar=5m&limit=89 "HTTP/2 200 OK"
2026-03-22 11:41:42,624 | INFO | HTTP Request: GET https://www.okx.com/api/v5/market/ticker?instId=1INCH-USDT-SWAP "HTTP/2 200 OK"
2026-03-22 11:41:42,998 | INFO | HTTP Request: GET https://www.okx.com/api/v5/account/positions?instType=SWAP "HTTP/2 200 OK"
2026-03-22 11:41:43,112 | INFO | HTTP Request: GET https://www.okx.com/api/v5/market/ticker?instId=LQTY-USDT-SWAP "HTTP/2 200 OK"
2026-03-22 11:41:43,435 | INFO | HTTP Request: GET https://www.okx.com/api/v5/market/candles?instId=MKR-USDT-SWAP&bar=15m&limit=121 "HTTP/2 200 OK"
2026-03-22 11:41:43,611 | INFO | HTTP Request: GET https://www.okx.com/api/v5/market/ticker?instId=LRC-USDT-SWAP "HTTP/2 200 OK"
2026-03-22 11:41:43,812 | INFO | HTTP Request: GET https://www.okx.com/api/v5/market/candles?instId=MKR-USDT-SWAP&bar=5m&limit=97 "HTTP/2 200 OK"
2026-03-22 11:41:44,084 | INFO | HTTP Request: GET https://www.okx.com/api/v5/market/candles?instId=LRC-USDT-SWAP&bar=5m&limit=89 "HTTP/2 200 OK"
2026-03-22 11:41:44,233 | INFO | HTTP Request: GET https://www.okx.com/api/v5/market/history-trades?instId=MKR-USDT-SWAP&limit=100 "HTTP/2 200 OK"
2026-03-22 11:41:44,582 | INFO | HTTP Request: GET https://www.okx.com/api/v5/market/ticker?instId=LTC-USDT-SWAP "HTTP/2 200 OK"
2026-03-22 11:41:44,644 | INFO | HTTP Request: GET https://www.okx.com/api/v5/market/books?instId=MKR-USDT-SWAP&sz=5 "HTTP/2 200 OK"
2026-03-22 11:41:45,088 | INFO | HTTP Request: GET https://www.okx.com/api/v5/market/ticker?instId=MAJOR-USDT-SWAP "HTTP/2 200 OK"
2026-03-22 11:41:45,280 | INFO | HTTP Request: GET https://www.okx.com/api/v5/market/books?instId=MKR-USDT-SWAP&sz=5 "HTTP/2 200 OK"
2026-03-22 11:41:45,578 | INFO | HTTP Request: GET https://www.okx.com/api/v5/market/ticker?instId=MASK-USDT-SWAP "HTTP/2 200 OK"
2026-03-22 11:41:45,889 | INFO | HTTP Request: GET https://www.okx.com/api/v5/market/books?instId=MKR-USDT-SWAP&sz=5 "HTTP/2 200 OK"
2026-03-22 11:41:46,107 | INFO | HTTP Request: GET https://www.okx.com/api/v5/market/ticker?instId=MET-USDT-SWAP "HTTP/2 200 OK"
2026-03-22 11:41:46,494 | INFO | HTTP Request: GET https://www.okx.com/api/v5/market/books?instId=MKR-USDT-SWAP&sz=5 "HTTP/2 200 OK"
2026-03-22 11:41:46,594 | INFO | HTTP Request: GET https://www.okx.com/api/v5/market/ticker?instId=MINA-USDT-SWAP "HTTP/2 200 OK"
2026-03-22 11:41:46,872 | INFO | HTTP Request: GET https://www.okx.com/api/v5/account/balance "HTTP/2 200 OK"
2026-03-22 11:41:46,874 | INFO | HTTP Request: GET https://www.okx.com/api/v5/market/candles?instId=MUBARAK-USDT-SWAP&bar=15m&limit=121 "HTTP/2 200 OK"
2026-03-22 11:41:47,116 | INFO | HTTP Request: GET https://www.okx.com/api/v5/market/ticker?instId=MKR-USDT-SWAP "HTTP/2 200 OK"
2026-03-22 11:41:47,235 | INFO | HTTP Request: GET https://www.okx.com/api/v5/market/candles?instId=MUBARAK-USDT-SWAP&bar=5m&limit=97 "HTTP/2 200 OK"
2026-03-22 11:41:47,599 | INFO | HTTP Request: GET https://www.okx.com/api/v5/market/ticker?instId=MUBARAK-USDT-SWAP "HTTP/2 200 OK"
2026-03-22 11:41:47,610 | INFO | HTTP Request: GET https://www.okx.com/api/v5/market/history-trades?instId=MUBARAK-USDT-SWAP&limit=100 "HTTP/2 200 OK"
2026-03-22 11:41:48,013 | INFO | HTTP Request: GET https://www.okx.com/api/v5/market/books?instId=MUBARAK-USDT-SWAP&sz=5 "HTTP/2 200 OK"
2026-03-22 11:41:48,143 | INFO | HTTP Request: GET https://www.okx.com/api/v5/market/ticker?instId=NEAR-USDT-SWAP "HTTP/2 200 OK"
2026-03-22 11:41:48,517 | INFO | HTTP Request: GET https://www.okx.com/api/v5/market/candles?instId=NEAR-USDT-SWAP&bar=5m&limit=89 "HTTP/2 200 OK"
2026-03-22 11:41:48,674 | INFO | HTTP Request: GET https://www.okx.com/api/v5/market/books?instId=MUBARAK-USDT-SWAP&sz=5 "HTTP/2 200 OK"
2026-03-22 11:41:48,741 | INFO | HTTP Request: GET https://www.okx.com/api/v5/market/candles?instId=BTC-USDT-SWAP&bar=5m&limit=64 "HTTP/2 200 OK"
2026-03-22 11:41:49,044 | INFO | HTTP Request: GET https://www.okx.com/api/v5/market/ticker?instId=NEO-USDT-SWAP "HTTP/2 200 OK"
2026-03-22 11:41:49,258 | INFO | HTTP Request: GET https://www.okx.com/api/v5/market/books?instId=MUBARAK-USDT-SWAP&sz=5 "HTTP/2 200 OK"
2026-03-22 11:41:49,456 | INFO | HTTP Request: GET https://www.okx.com/api/v5/market/candles?instId=NEO-USDT-SWAP&bar=5m&limit=89 "HTTP/2 200 OK"
2026-03-22 11:41:49,859 | INFO | HTTP Request: GET https://www.okx.com/api/v5/market/books?instId=MUBARAK-USDT-SWAP&sz=5 "HTTP/2 200 OK"
2026-03-22 11:41:49,983 | INFO | HTTP Request: GET https://www.okx.com/api/v5/market/ticker?instId=NOT-USDT-SWAP "HTTP/2 200 OK"
2026-03-22 11:41:50,255 | INFO | HTTP Request: GET https://www.okx.com/api/v5/market/candles?instId=NEAR-USDT-SWAP&bar=15m&limit=121 "HTTP/2 200 OK"
2026-03-22 11:41:50,371 | INFO | HTTP Request: GET https://www.okx.com/api/v5/market/candles?instId=NOT-USDT-SWAP&bar=5m&limit=89 "HTTP/2 200 OK"
2026-03-22 11:41:50,680 | INFO | HTTP Request: GET https://www.okx.com/api/v5/market/candles?instId=NEAR-USDT-SWAP&bar=5m&limit=97 "HTTP/2 200 OK"
2026-03-22 11:41:50,904 | INFO | HTTP Request: GET https://www.okx.com/api/v5/market/ticker?instId=OP-USDT-SWAP "HTTP/2 200 OK"
2026-03-22 11:41:51,106 | INFO | HTTP Request: GET https://www.okx.com/api/v5/market/history-trades?instId=NEAR-USDT-SWAP&limit=100 "HTTP/2 200 OK"
2026-03-22 11:41:51,302 | INFO | HTTP Request: GET https://www.okx.com/api/v5/market/candles?instId=OP-USDT-SWAP&bar=5m&limit=89 "HTTP/2 200 OK"
2026-03-22 11:41:51,533 | INFO | HTTP Request: GET https://www.okx.com/api/v5/market/books?instId=NEAR-USDT-SWAP&sz=5 "HTTP/2 200 OK"
2026-03-22 11:41:51,831 | INFO | HTTP Request: GET https://www.okx.com/api/v5/market/ticker?instId=PEPE-USDT-SWAP "HTTP/2 200 OK"
2026-03-22 11:41:52,144 | INFO | HTTP Request: GET https://www.okx.com/api/v5/market/books?instId=NEAR-USDT-SWAP&sz=5 "HTTP/2 200 OK"
2026-03-22 11:41:52,180 | INFO | HTTP Request: GET https://www.okx.com/api/v5/account/balance "HTTP/2 200 OK"
2026-03-22 11:41:52,214 | INFO | HTTP Request: GET https://www.okx.com/api/v5/market/candles?instId=PEPE-USDT-SWAP&bar=5m&limit=89 "HTTP/2 200 OK"
2026-03-22 11:41:52,710 | INFO | HTTP Request: GET https://www.okx.com/api/v5/market/ticker?instId=PIGGY-USDT-SWAP "HTTP/2 200 OK"
2026-03-22 11:41:52,736 | INFO | HTTP Request: GET https://www.okx.com/api/v5/market/books?instId=NEAR-USDT-SWAP&sz=5 "HTTP/2 200 OK"
2026-03-22 11:41:53,080 | INFO | HTTP Request: GET https://www.okx.com/api/v5/market/candles?instId=PIGGY-USDT-SWAP&bar=5m&limit=89 "HTTP/2 200 OK"
2026-03-22 11:41:53,334 | INFO | HTTP Request: GET https://www.okx.com/api/v5/market/books?instId=NEAR-USDT-SWAP&sz=5 "HTTP/2 200 OK"
2026-03-22 11:41:53,578 | INFO | HTTP Request: GET https://www.okx.com/api/v5/market/ticker?instId=QTUM-USDT-SWAP "HTTP/2 200 OK"
2026-03-22 11:41:53,728 | INFO | HTTP Request: GET https://www.okx.com/api/v5/market/candles?instId=NEO-USDT-SWAP&bar=15m&limit=121 "HTTP/2 200 OK"
2026-03-22 11:41:53,939 | INFO | HTTP Request: GET https://www.okx.com/api/v5/market/candles?instId=QTUM-USDT-SWAP&bar=5m&limit=89 "HTTP/2 200 OK"
2026-03-22 11:41:54,105 | INFO | HTTP Request: GET https://www.okx.com/api/v5/market/candles?instId=NEO-USDT-SWAP&bar=5m&limit=97 "HTTP/2 200 OK"
2026-03-22 11:41:54,431 | INFO | HTTP Request: GET https://www.okx.com/api/v5/market/ticker?instId=RAVE-USDT-SWAP "HTTP/2 200 OK"
2026-03-22 11:41:54,535 | INFO | HTTP Request: GET https://www.okx.com/api/v5/market/history-trades?instId=NEO-USDT-SWAP&limit=100 "HTTP/2 200 OK"
2026-03-22 11:41:54,812 | INFO | HTTP Request: GET https://www.okx.com/api/v5/market/candles?instId=RAVE-USDT-SWAP&bar=5m&limit=89 "HTTP/2 200 OK"
2026-03-22 11:41:54,936 | INFO | HTTP Request: GET https://www.okx.com/api/v5/market/books?instId=NEO-USDT-SWAP&sz=5 "HTTP/2 200 OK"
2026-03-22 11:41:55,004 | INFO | HTTP Request: GET https://www.okx.com/api/v5/market/candles?instId=BTC-USDT-SWAP&bar=5m&limit=64 "HTTP/2 200 OK"
2026-03-22 11:41:55,357 | INFO | HTTP Request: GET https://www.okx.com/api/v5/market/ticker?instId=RESOLV-USDT-SWAP "HTTP/2 200 OK"
2026-03-22 11:41:55,584 | INFO | HTTP Request: GET https://www.okx.com/api/v5/market/books?instId=NEO-USDT-SWAP&sz=5 "HTTP/2 200 OK"
2026-03-22 11:41:55,718 | INFO | HTTP Request: GET https://www.okx.com/api/v5/market/candles?instId=RESOLV-USDT-SWAP&bar=5m&limit=89 "HTTP/2 200 OK"
2026-03-22 11:41:56,180 | INFO | HTTP Request: GET https://www.okx.com/api/v5/market/books?instId=NEO-USDT-SWAP&sz=5 "HTTP/2 200 OK"
2026-03-22 11:41:56,209 | INFO | HTTP Request: GET https://www.okx.com/api/v5/market/ticker?instId=ROBO-USDT-SWAP "HTTP/2 200 OK"
2026-03-22 11:41:56,611 | INFO | HTTP Request: GET https://www.okx.com/api/v5/market/candles?instId=ROBO-USDT-SWAP&bar=5m&limit=89 "HTTP/2 200 OK"
2026-03-22 11:41:56,825 | INFO | HTTP Request: GET https://www.okx.com/api/v5/market/books?instId=NEO-USDT-SWAP&sz=5 "HTTP/2 200 OK"
2026-03-22 11:41:57,125 | INFO | HTTP Request: GET https://www.okx.com/api/v5/market/ticker?instId=SAND-USDT-SWAP "HTTP/2 200 OK"
2026-03-22 11:41:57,203 | INFO | HTTP Request: GET https://www.okx.com/api/v5/market/candles?instId=1INCH-USDT-SWAP&bar=5m&limit=71 "HTTP/2 200 OK"
2026-03-22 11:41:57,507 | INFO | HTTP Request: GET https://www.okx.com/api/v5/account/balance "HTTP/2 200 OK"
2026-03-22 11:41:57,528 | INFO | HTTP Request: GET https://www.okx.com/api/v5/market/candles?instId=SAND-USDT-SWAP&bar=5m&limit=89 "HTTP/2 200 OK"
2026-03-22 11:41:57,609 | INFO | HTTP Request: GET https://www.okx.com/api/v5/market/candles?instId=2Z-USDT-SWAP&bar=5m&limit=71 "HTTP/2 200 OK"
2026-03-22 11:41:58,033 | INFO | HTTP Request: GET https://www.okx.com/api/v5/market/candles?instId=ACT-USDT-SWAP&bar=5m&limit=71 "HTTP/2 200 OK"
2026-03-22 11:41:58,035 | INFO | HTTP Request: GET https://www.okx.com/api/v5/market/ticker?instId=SCR-USDT-SWAP "HTTP/2 200 OK"
2026-03-22 11:41:58,421 | INFO | HTTP Request: GET https://www.okx.com/api/v5/market/candles?instId=ALGO-USDT-SWAP&bar=5m&limit=71 "HTTP/2 200 OK"
2026-03-22 11:41:58,427 | INFO | HTTP Request: GET https://www.okx.com/api/v5/market/candles?instId=SCR-USDT-SWAP&bar=5m&limit=89 "HTTP/2 200 OK"
2026-03-22 11:41:58,857 | INFO | HTTP Request: GET https://www.okx.com/api/v5/market/candles?instId=ARB-USDT-SWAP&bar=5m&limit=71 "HTTP/2 200 OK"
2026-03-22 11:41:58,966 | INFO | HTTP Request: GET https://www.okx.com/api/v5/market/ticker?instId=SHIB-USDT-SWAP "HTTP/2 200 OK"
2026-03-22 11:41:59,279 | INFO | HTTP Request: GET https://www.okx.com/api/v5/market/candles?instId=ATOM-USDT-SWAP&bar=5m&limit=71 "HTTP/2 200 OK"
2026-03-22 11:41:59,341 | INFO | HTTP Request: GET https://www.okx.com/api/v5/market/candles?instId=SHIB-USDT-SWAP&bar=5m&limit=89 "HTTP/2 200 OK"
2026-03-22 11:41:59,663 | INFO | HTTP Request: GET https://www.okx.com/api/v5/market/candles?instId=AUCTION-USDT-SWAP&bar=5m&limit=71 "HTTP/2 200 OK"
2026-03-22 11:41:59,884 | INFO | HTTP Request: GET https://www.okx.com/api/v5/market/ticker?instId=SKY-USDT-SWAP "HTTP/2 200 OK"
2026-03-22 11:42:00,055 | INFO | HTTP Request: GET https://www.okx.com/api/v5/market/candles?instId=AVAX-USDT-SWAP&bar=5m&limit=71 "HTTP/2 200 OK"
2026-03-22 11:42:00,272 | INFO | HTTP Request: GET https://www.okx.com/api/v5/market/candles?instId=SKY-USDT-SWAP&bar=5m&limit=89 "HTTP/2 200 OK"
2026-03-22 11:42:00,479 | INFO | HTTP Request: GET https://www.okx.com/api/v5/market/candles?instId=AXS-USDT-SWAP&bar=5m&limit=71 "HTTP/2 200 OK"
2026-03-22 11:42:00,775 | INFO | HTTP Request: GET https://www.okx.com/api/v5/market/ticker?instId=SOLV-USDT-SWAP "HTTP/2 200 OK"
2026-03-22 11:42:00,887 | INFO | HTTP Request: GET https://www.okx.com/api/v5/market/candles?instId=BNB-USDT-SWAP&bar=5m&limit=71 "HTTP/2 200 OK"
2026-03-22 11:42:01,179 | INFO | HTTP Request: GET https://www.okx.com/api/v5/market/candles?instId=SOLV-USDT-SWAP&bar=5m&limit=89 "HTTP/2 200 OK"
2026-03-22 11:42:01,256 | INFO | HTTP Request: GET https://www.okx.com/api/v5/market/candles?instId=BTC-USDT-SWAP&bar=5m&limit=64 "HTTP/2 200 OK"
2026-03-22 11:42:01,287 | INFO | HTTP Request: GET https://www.okx.com/api/v5/market/candles?instId=BTC-USDT-SWAP&bar=5m&limit=71 "HTTP/2 200 OK"
2026-03-22 11:42:01,646 | INFO | HTTP Request: GET https://www.okx.com/api/v5/market/candles?instId=CELO-USDT-SWAP&bar=5m&limit=71 "HTTP/2 200 OK"
2026-03-22 11:42:01,713 | INFO | HTTP Request: GET https://www.okx.com/api/v5/market/ticker?instId=SPK-USDT-SWAP "HTTP/2 200 OK"
2026-03-22 11:42:02,061 | INFO | HTTP Request: GET https://www.okx.com/api/v5/market/candles?instId=CFX-USDT-SWAP&bar=5m&limit=71 "HTTP/2 200 OK"
2026-03-22 11:42:02,082 | INFO | HTTP Request: GET https://www.okx.com/api/v5/market/candles?instId=SPK-USDT-SWAP&bar=5m&limit=89 "HTTP/2 200 OK"
2026-03-22 11:42:02,432 | INFO | HTTP Request: GET https://www.okx.com/api/v5/market/candles?instId=CHZ-USDT-SWAP&bar=5m&limit=71 "HTTP/2 200 OK"
2026-03-22 11:42:02,575 | INFO | HTTP Request: GET https://www.okx.com/api/v5/market/ticker?instId=STRK-USDT-SWAP "HTTP/2 200 OK"
2026-03-22 11:42:02,795 | INFO | HTTP Request: GET https://www.okx.com/api/v5/market/candles?instId=COMP-USDT-SWAP&bar=5m&limit=71 "HTTP/2 200 OK"
2026-03-22 11:42:02,874 | INFO | HTTP Request: GET https://www.okx.com/api/v5/account/balance "HTTP/2 200 OK"
2026-03-22 11:42:02,940 | INFO | HTTP Request: GET https://www.okx.com/api/v5/market/candles?instId=STRK-USDT-SWAP&bar=5m&limit=89 "HTTP/2 200 OK"
2026-03-22 11:42:03,171 | INFO | HTTP Request: GET https://www.okx.com/api/v5/market/candles?instId=CRV-USDT-SWAP&bar=5m&limit=71 "HTTP/2 200 OK"
2026-03-22 11:42:03,426 | INFO | HTTP Request: GET https://www.okx.com/api/v5/market/ticker?instId=SUSHI-USDT-SWAP "HTTP/2 200 OK"
2026-03-22 11:42:03,531 | INFO | HTTP Request: GET https://www.okx.com/api/v5/market/candles?instId=DOGE-USDT-SWAP&bar=5m&limit=71 "HTTP/2 200 OK"
2026-03-22 11:42:03,797 | INFO | HTTP Request: GET https://www.okx.com/api/v5/market/candles?instId=SUSHI-USDT-SWAP&bar=5m&limit=89 "HTTP/2 200 OK"
2026-03-22 11:42:03,897 | INFO | HTTP Request: GET https://www.okx.com/api/v5/market/candles?instId=DOT-USDT-SWAP&bar=5m&limit=71 "HTTP/2 200 OK"
2026-03-22 11:42:04,312 | INFO | HTTP Request: GET https://www.okx.com/api/v5/market/candles?instId=ENA-USDT-SWAP&bar=5m&limit=71 "HTTP/2 200 OK"
2026-03-22 11:42:04,322 | INFO | HTTP Request: GET https://www.okx.com/api/v5/market/ticker?instId=SYRUP-USDT-SWAP "HTTP/2 200 OK"
2026-03-22 11:42:04,720 | INFO | HTTP Request: GET https://www.okx.com/api/v5/market/candles?instId=SYRUP-USDT-SWAP&bar=5m&limit=89 "HTTP/2 200 OK"
2026-03-22 11:42:04,721 | INFO | HTTP Request: GET https://www.okx.com/api/v5/market/candles?instId=ETC-USDT-SWAP&bar=5m&limit=71 "HTTP/2 200 OK"
2026-03-22 11:42:05,114 | INFO | HTTP Request: GET https://www.okx.com/api/v5/market/candles?instId=ETHFI-USDT-SWAP&bar=5m&limit=71 "HTTP/2 200 OK"
2026-03-22 11:42:05,240 | INFO | HTTP Request: GET https://www.okx.com/api/v5/market/ticker?instId=TEST1234-USDT-SWAP "HTTP/2 200 OK"
2026-03-22 11:42:05,553 | INFO | HTTP Request: GET https://www.okx.com/api/v5/market/candles?instId=ETHW-USDT-SWAP&bar=5m&limit=71 "HTTP/2 200 OK"
2026-03-22 11:42:05,638 | INFO | HTTP Request: GET https://www.okx.com/api/v5/market/candles?instId=TEST1234-USDT-SWAP&bar=5m&limit=89 "HTTP/2 200 OK"
2026-03-22 11:42:05,927 | INFO | HTTP Request: GET https://www.okx.com/api/v5/market/candles?instId=FIL-USDT-SWAP&bar=5m&limit=71 "HTTP/2 200 OK"
2026-03-22 11:42:06,159 | INFO | HTTP Request: GET https://www.okx.com/api/v5/market/ticker?instId=TEST3103-USDT-SWAP "HTTP/2 200 OK"
2026-03-22 11:42:06,349 | INFO | HTTP Request: GET https://www.okx.com/api/v5/market/candles?instId=FLOKI-USDT-SWAP&bar=5m&limit=71 "HTTP/2 200 OK"
2026-03-22 11:42:06,559 | INFO | HTTP Request: GET https://www.okx.com/api/v5/market/candles?instId=TEST3103-USDT-SWAP&bar=5m&limit=89 "HTTP/2 200 OK"
2026-03-22 11:42:06,768 | INFO | HTTP Request: GET https://www.okx.com/api/v5/market/candles?instId=H-USDT-SWAP&bar=5m&limit=71 "HTTP/2 200 OK"
2026-03-22 11:42:07,080 | INFO | HTTP Request: GET https://www.okx.com/api/v5/market/ticker?instId=TEST3110-USDT-SWAP "HTTP/2 200 OK"
2026-03-22 11:42:07,175 | INFO | HTTP Request: GET https://www.okx.com/api/v5/market/candles?instId=HBAR-USDT-SWAP&bar=5m&limit=71 "HTTP/2 200 OK"
2026-03-22 11:42:07,474 | INFO | HTTP Request: GET https://www.okx.com/api/v5/market/candles?instId=TEST3110-USDT-SWAP&bar=5m&limit=89 "HTTP/2 200 OK"
2026-03-22 11:42:07,490 | INFO | HTTP Request: GET https://www.okx.com/api/v5/market/candles?instId=BTC-USDT-SWAP&bar=5m&limit=64 "HTTP/2 200 OK"
2026-03-22 11:42:07,575 | INFO | HTTP Request: GET https://www.okx.com/api/v5/market/candles?instId=HOME-USDT-SWAP&bar=5m&limit=71 "HTTP/2 200 OK"
2026-03-22 11:42:07,992 | INFO | HTTP Request: GET https://www.okx.com/api/v5/market/ticker?instId=THETA-USDT-SWAP "HTTP/2 200 OK"
2026-03-22 11:42:07,996 | INFO | HTTP Request: GET https://www.okx.com/api/v5/market/candles?instId=ICP-USDT-SWAP&bar=5m&limit=71 "HTTP/2 200 OK"
2026-03-22 11:42:08,355 | INFO | HTTP Request: GET https://www.okx.com/api/v5/account/balance "HTTP/2 200 OK"
2026-03-22 11:42:08,428 | INFO | HTTP Request: GET https://www.okx.com/api/v5/market/candles?instId=IMX-USDT-SWAP&bar=5m&limit=71 "HTTP/2 200 OK"
2026-03-22 11:42:08,441 | INFO | HTTP Request: GET https://www.okx.com/api/v5/market/candles?instId=THETA-USDT-SWAP&bar=5m&limit=89 "HTTP/2 200 OK"
2026-03-22 11:42:08,825 | INFO | HTTP Request: GET https://www.okx.com/api/v5/market/candles?instId=INJ-USDT-SWAP&bar=5m&limit=71 "HTTP/2 200 OK"
2026-03-22 11:42:08,968 | INFO | HTTP Request: GET https://www.okx.com/api/v5/market/ticker?instId=TON-USDT-SWAP "HTTP/2 200 OK"
2026-03-22 11:42:09,234 | INFO | HTTP Request: GET https://www.okx.com/api/v5/market/candles?instId=JUP-USDT-SWAP&bar=5m&limit=71 "HTTP/2 200 OK"
2026-03-22 11:42:09,359 | INFO | HTTP Request: GET https://www.okx.com/api/v5/market/candles?instId=TON-USDT-SWAP&bar=5m&limit=89 "HTTP/2 200 OK"
2026-03-22 11:42:09,650 | INFO | HTTP Request: GET https://www.okx.com/api/v5/market/candles?instId=KAITO-USDT-SWAP&bar=5m&limit=71 "HTTP/2 200 OK"
2026-03-22 11:42:09,887 | INFO | HTTP Request: GET https://www.okx.com/api/v5/market/ticker?instId=TRIA-USDT-SWAP "HTTP/2 200 OK"
2026-03-22 11:42:10,058 | INFO | HTTP Request: GET https://www.okx.com/api/v5/market/candles?instId=LDO-USDT-SWAP&bar=5m&limit=71 "HTTP/2 200 OK"
2026-03-22 11:42:10,269 | INFO | HTTP Request: GET https://www.okx.com/api/v5/market/candles?instId=TRIA-USDT-SWAP&bar=5m&limit=89 "HTTP/2 200 OK"
2026-03-22 11:42:10,470 | INFO | HTTP Request: GET https://www.okx.com/api/v5/market/candles?instId=LINEA-USDT-SWAP&bar=5m&limit=71 "HTTP/2 200 OK"
2026-03-22 11:42:10,796 | INFO | HTTP Request: GET https://www.okx.com/api/v5/market/ticker?instId=TRX-USDT-SWAP "HTTP/2 200 OK"
2026-03-22 11:42:10,937 | INFO | HTTP Request: GET https://www.okx.com/api/v5/market/candles?instId=LQTY-USDT-SWAP&bar=5m&limit=71 "HTTP/2 200 OK"
2026-03-22 11:42:11,172 | INFO | HTTP Request: GET https://www.okx.com/api/v5/market/candles?instId=TRX-USDT-SWAP&bar=5m&limit=89 "HTTP/2 200 OK"
2026-03-22 11:42:11,311 | INFO | HTTP Request: GET https://www.okx.com/api/v5/market/candles?instId=LTC-USDT-SWAP&bar=5m&limit=71 "HTTP/2 200 OK"
2026-03-22 11:42:11,667 | INFO | HTTP Request: GET https://www.okx.com/api/v5/market/ticker?instId=TSLA-USDT-SWAP "HTTP/2 200 OK"
2026-03-22 11:42:11,762 | INFO | HTTP Request: GET https://www.okx.com/api/v5/market/candles?instId=MET-USDT-SWAP&bar=5m&limit=71 "HTTP/2 200 OK"
2026-03-22 11:42:12,080 | INFO | HTTP Request: GET https://www.okx.com/api/v5/market/candles?instId=TSLA-USDT-SWAP&bar=5m&limit=89 "HTTP/2 200 OK"
2026-03-22 11:42:12,133 | INFO | HTTP Request: GET https://www.okx.com/api/v5/market/candles?instId=MINA-USDT-SWAP&bar=5m&limit=71 "HTTP/2 200 OK"
2026-03-22 11:42:12,516 | INFO | HTTP Request: GET https://www.okx.com/api/v5/market/candles?instId=NEAR-USDT-SWAP&bar=5m&limit=71 "HTTP/2 200 OK"
2026-03-22 11:42:12,585 | INFO | HTTP Request: GET https://www.okx.com/api/v5/market/ticker?instId=XAG-USDT-SWAP "HTTP/2 200 OK"
2026-03-22 11:42:12,923 | INFO | HTTP Request: GET https://www.okx.com/api/v5/market/candles?instId=MAGIC-USDT-SWAP&bar=5m&limit=26 "HTTP/2 200 OK"
2026-03-22 11:42:12,962 | INFO | HTTP Request: GET https://www.okx.com/api/v5/market/candles?instId=XAG-USDT-SWAP&bar=5m&limit=89 "HTTP/2 200 OK"
2026-03-22 11:42:13,291 | INFO | HTTP Request: GET https://www.okx.com/api/v5/market/ticker?instId=MAGIC-USDT-SWAP "HTTP/2 200 OK"
2026-03-22 11:42:13,443 | INFO | HTTP Request: GET https://www.okx.com/api/v5/market/ticker?instId=XAU-USDT-SWAP "HTTP/2 200 OK"
2026-03-22 11:42:13,664 | INFO | HTTP Request: GET https://www.okx.com/api/v5/market/candles?instId=SOL-USDT-SWAP&bar=5m&limit=26 "HTTP/2 200 OK"
2026-03-22 11:42:13,763 | INFO | HTTP Request: GET https://www.okx.com/api/v5/market/candles?instId=BTC-USDT-SWAP&bar=5m&limit=64 "HTTP/2 200 OK"
2026-03-22 11:42:13,799 | INFO | HTTP Request: GET https://www.okx.com/api/v5/account/balance "HTTP/2 200 OK"
2026-03-22 11:42:13,801 | INFO | HTTP Request: GET https://www.okx.com/api/v5/market/candles?instId=XAU-USDT-SWAP&bar=5m&limit=89 "HTTP/2 200 OK"
2026-03-22 11:42:14,021 | INFO | HTTP Request: GET https://www.okx.com/api/v5/market/ticker?instId=SOL-USDT-SWAP "HTTP/2 200 OK"
2026-03-22 11:42:14,297 | INFO | HTTP Request: GET https://www.okx.com/api/v5/market/ticker?instId=XLM-USDT-SWAP "HTTP/2 200 OK"
2026-03-22 11:42:14,377 | INFO | HTTP Request: GET https://www.okx.com/api/v5/market/candles?instId=AAVE-USDT-SWAP&bar=5m&limit=26 "HTTP/2 200 OK"
2026-03-22 11:42:14,698 | INFO | HTTP Request: GET https://www.okx.com/api/v5/market/candles?instId=XLM-USDT-SWAP&bar=5m&limit=89 "HTTP/2 200 OK"
2026-03-22 11:42:14,754 | INFO | HTTP Request: GET https://www.okx.com/api/v5/market/ticker?instId=AAVE-USDT-SWAP "HTTP/2 200 OK"
2026-03-22 11:42:15,199 | INFO | HTTP Request: GET https://www.okx.com/api/v5/market/ticker?instId=XPL-USDT-SWAP "HTTP/2 200 OK"
2026-03-22 11:42:15,238 | INFO | HTTP Request: GET https://www.okx.com/api/v5/public/instruments?instType=SWAP "HTTP/2 200 OK"
2026-03-22 11:42:15,563 | INFO | HTTP Request: GET https://www.okx.com/api/v5/market/candles?instId=XPL-USDT-SWAP&bar=5m&limit=89 "HTTP/2 200 OK"
2026-03-22 11:42:15,601 | INFO | HTTP Request: GET https://www.okx.com/api/v5/account/balance "HTTP/2 200 OK"
2026-03-22 11:42:15,927 | INFO | HTTP Request: GET https://www.okx.com/api/v5/trade/orders-pending?instType=SWAP&instId=1INCH-USDT-SWAP "HTTP/2 200 OK"
2026-03-22 11:42:16,061 | INFO | HTTP Request: GET https://www.okx.com/api/v5/market/ticker?instId=XRP-USDT-SWAP "HTTP/2 200 OK"
2026-03-22 11:42:16,305 | INFO | HTTP Request: GET https://www.okx.com/api/v5/market/ticker?instId=1INCH-USDT-SWAP "HTTP/2 200 OK"
2026-03-22 11:42:16,980 | INFO | HTTP Request: GET https://www.okx.com/api/v5/market/candles?instId=YFI-USDT-SWAP&bar=5m&limit=89 "HTTP/2 200 OK"
2026-03-22 11:42:17,513 | INFO | HTTP Request: GET https://www.okx.com/api/v5/market/ticker?instId=YGG-USDT-SWAP "HTTP/2 200 OK"
2026-03-22 11:42:17,899 | INFO | HTTP Request: GET https://www.okx.com/api/v5/market/candles?instId=YGG-USDT-SWAP&bar=5m&limit=89 "HTTP/2 200 OK"
2026-03-22 11:42:18,437 | INFO | HTTP Request: GET https://www.okx.com/api/v5/market/ticker?instId=ZBCN-USDT-SWAP "HTTP/2 200 OK"
2026-03-22 11:42:18,792 | INFO | HTTP Request: GET https://www.okx.com/api/v5/market/candles?instId=ZBCN-USDT-SWAP&bar=5m&limit=89 "HTTP/2 200 OK"
2026-03-22 11:42:19,178 | INFO | HTTP Request: GET https://www.okx.com/api/v5/account/balance "HTTP/2 200 OK"
2026-03-22 11:42:19,327 | INFO | HTTP Request: GET https://www.okx.com/api/v5/market/ticker?instId=ZETA-USDT-SWAP "HTTP/2 200 OK"
2026-03-22 11:42:19,687 | INFO | HTTP Request: GET https://www.okx.com/api/v5/market/candles?instId=ZETA-USDT-SWAP&bar=5m&limit=89 "HTTP/2 200 OK"
2026-03-22 11:42:20,005 | INFO | HTTP Request: GET https://www.okx.com/api/v5/market/candles?instId=BTC-USDT-SWAP&bar=5m&limit=64 "HTTP/2 200 OK"
2026-03-22 11:42:20,211 | INFO | HTTP Request: GET https://www.okx.com/api/v5/public/instruments?instType=SWAP "HTTP/2 200 OK"
2026-03-22 11:42:20,222 | INFO | HTTP Request: GET https://www.okx.com/api/v5/market/ticker?instId=ZIL-USDT-SWAP "HTTP/2 200 OK"
2026-03-22 11:42:20,608 | INFO | HTTP Request: GET https://www.okx.com/api/v5/market/candles?instId=ZIL-USDT-SWAP&bar=5m&limit=89 "HTTP/2 200 OK"
2026-03-22 11:42:20,622 | INFO | HTTP Request: GET https://www.okx.com/api/v5/account/balance "HTTP/2 200 OK"
2026-03-22 11:42:20,893 | INFO | HTTP Request: GET https://www.okx.com/api/v5/trade/orders-pending?instType=SWAP&instId=1INCH-USDT-SWAP "HTTP/2 200 OK"
2026-03-22 11:42:21,154 | INFO | HTTP Request: GET https://www.okx.com/api/v5/market/ticker?instId=MAGIC-USDT-SWAP "HTTP/2 200 OK"
2026-03-22 11:42:21,244 | INFO | HTTP Request: GET https://www.okx.com/api/v5/market/ticker?instId=1INCH-USDT-SWAP "HTTP/2 200 OK"
2026-03-22 11:42:21,623 | INFO | HTTP Request: GET https://www.okx.com/api/v5/account/positions?instType=SWAP "HTTP/2 200 OK"
2026-03-22 11:42:21,632 | INFO | HTTP Request: GET https://www.okx.com/api/v5/market/candles?instId=MAGIC-USDT-SWAP&bar=5m&limit=89 "HTTP/2 200 OK"
2026-03-22 11:42:22,051 | INFO | HTTP Request: GET https://www.okx.com/api/v5/market/candles?instId=NOT-USDT-SWAP&bar=15m&limit=121 "HTTP/2 200 OK"
2026-03-22 11:42:22,171 | INFO | HTTP Request: GET https://www.okx.com/api/v5/market/ticker?instId=SOL-USDT-SWAP "HTTP/2 200 OK"
2026-03-22 11:42:22,426 | INFO | HTTP Request: GET https://www.okx.com/api/v5/market/candles?instId=NOT-USDT-SWAP&bar=5m&limit=97 "HTTP/2 200 OK"
2026-03-22 11:42:22,531 | INFO | HTTP Request: GET https://www.okx.com/api/v5/market/candles?instId=SOL-USDT-SWAP&bar=5m&limit=89 "HTTP/2 200 OK"
2026-03-22 11:42:22,799 | INFO | HTTP Request: GET https://www.okx.com/api/v5/market/history-trades?instId=NOT-USDT-SWAP&limit=100 "HTTP/2 200 OK"
2026-03-22 11:42:23,020 | INFO | HTTP Request: GET https://www.okx.com/api/v5/market/ticker?instId=AAVE-USDT-SWAP "HTTP/2 200 OK"
2026-03-22 11:42:23,219 | INFO | HTTP Request: GET https://www.okx.com/api/v5/market/books?instId=NOT-USDT-SWAP&sz=5 "HTTP/2 200 OK"
2026-03-22 11:42:23,411 | INFO | HTTP Request: GET https://www.okx.com/api/v5/market/candles?instId=AAVE-USDT-SWAP&bar=5m&limit=89 "HTTP/2 200 OK"
2026-03-22 11:42:23,863 | INFO | HTTP Request: GET https://www.okx.com/api/v5/market/books?instId=NOT-USDT-SWAP&sz=5 "HTTP/2 200 OK"
2026-03-22 11:42:23,957 | INFO | HTTP Request: GET https://www.okx.com/api/v5/market/ticker?instId=1INCH-USDT-SWAP "HTTP/2 200 OK"
2026-03-22 11:42:24,339 | INFO | HTTP Request: GET https://www.okx.com/api/v5/market/candles?instId=1INCH-USDT-SWAP&bar=5m&limit=89 "HTTP/2 200 OK"
2026-03-22 11:42:24,469 | INFO | HTTP Request: GET https://www.okx.com/api/v5/market/books?instId=NOT-USDT-SWAP&sz=5 "HTTP/2 200 OK"
2026-03-22 11:42:24,557 | INFO | HTTP Request: GET https://www.okx.com/api/v5/account/balance "HTTP/2 200 OK"
2026-03-22 11:42:24,872 | INFO | HTTP Request: GET https://www.okx.com/api/v5/market/ticker?instId=2Z-USDT-SWAP "HTTP/2 200 OK"
2026-03-22 11:42:25,069 | INFO | HTTP Request: GET https://www.okx.com/api/v5/market/books?instId=NOT-USDT-SWAP&sz=5 "HTTP/2 200 OK"
2026-03-22 11:42:25,244 | INFO | HTTP Request: GET https://www.okx.com/api/v5/market/candles?instId=2Z-USDT-SWAP&bar=5m&limit=89 "HTTP/2 200 OK"
2026-03-22 11:42:25,459 | INFO | HTTP Request: GET https://www.okx.com/api/v5/market/candles?instId=OP-USDT-SWAP&bar=15m&limit=121 "HTTP/2 200 OK"
2026-03-22 11:42:25,786 | INFO | HTTP Request: GET https://www.okx.com/api/v5/market/ticker?instId=A-USDT-SWAP "HTTP/2 200 OK"
2026-03-22 11:42:25,862 | INFO | HTTP Request: GET https://www.okx.com/api/v5/market/candles?instId=OP-USDT-SWAP&bar=5m&limit=97 "HTTP/2 200 OK"
2026-03-22 11:42:26,167 | INFO | HTTP Request: GET https://www.okx.com/api/v5/market/candles?instId=A-USDT-SWAP&bar=5m&limit=89 "HTTP/2 200 OK"
2026-03-22 11:42:26,273 | INFO | HTTP Request: GET https://www.okx.com/api/v5/market/candles?instId=BTC-USDT-SWAP&bar=5m&limit=64 "HTTP/2 200 OK"
2026-03-22 11:42:26,277 | INFO | HTTP Request: GET https://www.okx.com/api/v5/market/history-trades?instId=OP-USDT-SWAP&limit=100 "HTTP/2 200 OK"
2026-03-22 11:42:26,687 | INFO | HTTP Request: GET https://www.okx.com/api/v5/market/ticker?instId=ACT-USDT-SWAP "HTTP/2 200 OK"
2026-03-22 11:42:26,714 | INFO | HTTP Request: GET https://www.okx.com/api/v5/market/books?instId=OP-USDT-SWAP&sz=5 "HTTP/2 200 OK"
2026-03-22 11:42:27,087 | INFO | HTTP Request: GET https://www.okx.com/api/v5/market/candles?instId=ACT-USDT-SWAP&bar=5m&limit=89 "HTTP/2 200 OK"
2026-03-22 11:42:27,323 | INFO | HTTP Request: GET https://www.okx.com/api/v5/market/books?instId=OP-USDT-SWAP&sz=5 "HTTP/2 200 OK"
2026-03-22 11:42:27,609 | INFO | HTTP Request: GET https://www.okx.com/api/v5/market/ticker?instId=ADA-USDT-SWAP "HTTP/2 200 OK"
2026-03-22 11:42:27,920 | INFO | HTTP Request: GET https://www.okx.com/api/v5/market/books?instId=OP-USDT-SWAP&sz=5 "HTTP/2 200 OK"
2026-03-22 11:42:27,993 | INFO | HTTP Request: GET https://www.okx.com/api/v5/market/candles?instId=ADA-USDT-SWAP&bar=5m&limit=89 "HTTP/2 200 OK"
2026-03-22 11:42:28,508 | INFO | HTTP Request: GET https://www.okx.com/api/v5/market/books?instId=OP-USDT-SWAP&sz=5 "HTTP/2 200 OK"
2026-03-22 11:42:28,531 | INFO | HTTP Request: GET https://www.okx.com/api/v5/market/ticker?instId=AI16Z-USDT-SWAP "HTTP/2 200 OK"
2026-03-22 11:42:28,923 | INFO | HTTP Request: GET https://www.okx.com/api/v5/market/candles?instId=PEPE-USDT-SWAP&bar=15m&limit=121 "HTTP/2 200 OK"
2026-03-22 11:42:28,990 | INFO | HTTP Request: GET https://www.okx.com/api/v5/market/candles?instId=AI16Z-USDT-SWAP&bar=5m&limit=89 "HTTP/2 200 OK"
2026-03-22 11:42:29,344 | INFO | HTTP Request: GET https://www.okx.com/api/v5/market/candles?instId=PEPE-USDT-SWAP&bar=5m&limit=97 "HTTP/2 200 OK"
2026-03-22 11:42:29,474 | INFO | HTTP Request: GET https://www.okx.com/api/v5/market/ticker?instId=AKITA-USDT-SWAP "HTTP/2 200 OK"
2026-03-22 11:42:29,732 | INFO | HTTP Request: GET https://www.okx.com/api/v5/market/history-trades?instId=PEPE-USDT-SWAP&limit=100 "HTTP/2 200 OK"
2026-03-22 11:42:29,848 | INFO | HTTP Request: GET https://www.okx.com/api/v5/market/candles?instId=AKITA-USDT-SWAP&bar=5m&limit=89 "HTTP/2 200 OK"
2026-03-22 11:42:30,014 | INFO | HTTP Request: GET https://www.okx.com/api/v5/account/balance "HTTP/2 200 OK"
2026-03-22 11:42:30,132 | INFO | HTTP Request: GET https://www.okx.com/api/v5/market/books?instId=PEPE-USDT-SWAP&sz=5 "HTTP/2 200 OK"
2026-03-22 11:42:30,354 | INFO | HTTP Request: GET https://www.okx.com/api/v5/market/ticker?instId=ALGO-USDT-SWAP "HTTP/2 200 OK"
2026-03-22 11:42:30,718 | INFO | HTTP Request: GET https://www.okx.com/api/v5/market/candles?instId=ALGO-USDT-SWAP&bar=5m&limit=89 "HTTP/2 200 OK"
2026-03-22 11:42:30,738 | INFO | HTTP Request: GET https://www.okx.com/api/v5/market/books?instId=PEPE-USDT-SWAP&sz=5 "HTTP/2 200 OK"
2026-03-22 11:42:31,259 | INFO | HTTP Request: GET https://www.okx.com/api/v5/market/ticker?instId=ARB-USDT-SWAP "HTTP/2 200 OK"
2026-03-22 11:42:31,381 | INFO | HTTP Request: GET https://www.okx.com/api/v5/market/books?instId=PEPE-USDT-SWAP&sz=5 "HTTP/2 200 OK"
2026-03-22 11:42:31,647 | INFO | HTTP Request: GET https://www.okx.com/api/v5/market/candles?instId=ARB-USDT-SWAP&bar=5m&limit=89 "HTTP/2 200 OK"
2026-03-22 11:42:31,984 | INFO | HTTP Request: GET https://www.okx.com/api/v5/market/books?instId=PEPE-USDT-SWAP&sz=5 "HTTP/2 200 OK"
2026-03-22 11:42:32,164 | INFO | HTTP Request: GET https://www.okx.com/api/v5/market/ticker?instId=ASP-USDT-SWAP "HTTP/2 200 OK"
2026-03-22 11:42:32,350 | INFO | HTTP Request: GET https://www.okx.com/api/v5/market/candles?instId=PIGGY-USDT-SWAP&bar=15m&limit=121 "HTTP/2 200 OK"
2026-03-22 11:42:32,512 | INFO | HTTP Request: GET https://www.okx.com/api/v5/market/candles?instId=BTC-USDT-SWAP&bar=5m&limit=64 "HTTP/2 200 OK"
2026-03-22 11:42:32,608 | INFO | HTTP Request: GET https://www.okx.com/api/v5/market/candles?instId=ASP-USDT-SWAP&bar=5m&limit=89 "HTTP/2 200 OK"
2026-03-22 11:42:32,796 | INFO | HTTP Request: GET https://www.okx.com/api/v5/market/candles?instId=PIGGY-USDT-SWAP&bar=5m&limit=97 "HTTP/2 200 OK"
2026-03-22 11:42:33,139 | INFO | HTTP Request: GET https://www.okx.com/api/v5/market/ticker?instId=ASTER-USDT-SWAP "HTTP/2 200 OK"
2026-03-22 11:42:33,205 | INFO | HTTP Request: GET https://www.okx.com/api/v5/market/history-trades?instId=PIGGY-USDT-SWAP&limit=100 "HTTP/2 200 OK"
2026-03-22 11:42:33,496 | INFO | HTTP Request: GET https://www.okx.com/api/v5/market/candles?instId=ASTER-USDT-SWAP&bar=5m&limit=89 "HTTP/2 200 OK"
2026-03-22 11:42:33,632 | INFO | HTTP Request: GET https://www.okx.com/api/v5/market/books?instId=PIGGY-USDT-SWAP&sz=5 "HTTP/2 200 OK"
2026-03-22 11:42:34,029 | INFO | HTTP Request: GET https://www.okx.com/api/v5/market/ticker?instId=ATOM-USDT-SWAP "HTTP/2 200 OK"
2026-03-22 11:42:34,280 | INFO | HTTP Request: GET https://www.okx.com/api/v5/market/books?instId=PIGGY-USDT-SWAP&sz=5 "HTTP/2 200 OK"
2026-03-22 11:42:34,427 | INFO | HTTP Request: GET https://www.okx.com/api/v5/market/candles?instId=ATOM-USDT-SWAP&bar=5m&limit=89 "HTTP/2 200 OK"
2026-03-22 11:42:34,885 | INFO | HTTP Request: GET https://www.okx.com/api/v5/market/books?instId=PIGGY-USDT-SWAP&sz=5 "HTTP/2 200 OK"
2026-03-22 11:42:34,928 | INFO | HTTP Request: GET https://www.okx.com/api/v5/market/ticker?instId=AUCTION-USDT-SWAP "HTTP/2 200 OK"
2026-03-22 11:42:35,295 | INFO | HTTP Request: GET https://www.okx.com/api/v5/market/candles?instId=AUCTION-USDT-SWAP&bar=5m&limit=89 "HTTP/2 200 OK"
2026-03-22 11:42:35,480 | INFO | HTTP Request: GET https://www.okx.com/api/v5/market/books?instId=PIGGY-USDT-SWAP&sz=5 "HTTP/2 200 OK"
2026-03-22 11:42:35,515 | INFO | HTTP Request: GET https://www.okx.com/api/v5/account/balance "HTTP/2 200 OK"
2026-03-22 11:42:35,827 | INFO | HTTP Request: GET https://www.okx.com/api/v5/market/ticker?instId=AVAX-USDT-SWAP "HTTP/2 200 OK"
2026-03-22 11:42:35,861 | INFO | HTTP Request: GET https://www.okx.com/api/v5/market/candles?instId=1INCH-USDT-SWAP&bar=5m&limit=71 "HTTP/2 200 OK"
2026-03-22 11:42:36,199 | INFO | HTTP Request: GET https://www.okx.com/api/v5/market/candles?instId=AVAX-USDT-SWAP&bar=5m&limit=89 "HTTP/2 200 OK"
2026-03-22 11:42:36,243 | INFO | HTTP Request: GET https://www.okx.com/api/v5/market/candles?instId=2Z-USDT-SWAP&bar=5m&limit=71 "HTTP/2 200 OK"
2026-03-22 11:42:36,635 | INFO | HTTP Request: GET https://www.okx.com/api/v5/market/candles?instId=ACT-USDT-SWAP&bar=5m&limit=71 "HTTP/2 200 OK"
2026-03-22 11:42:36,698 | INFO | HTTP Request: GET https://www.okx.com/api/v5/market/ticker?instId=AXS-USDT-SWAP "HTTP/2 200 OK"
2026-03-22 11:42:37,031 | INFO | HTTP Request: GET https://www.okx.com/api/v5/market/candles?instId=ALGO-USDT-SWAP&bar=5m&limit=71 "HTTP/2 200 OK"
2026-03-22 11:42:37,068 | INFO | HTTP Request: GET https://www.okx.com/api/v5/market/candles?instId=AXS-USDT-SWAP&bar=5m&limit=89 "HTTP/2 200 OK"
2026-03-22 11:42:37,415 | INFO | HTTP Request: GET https://www.okx.com/api/v5/market/candles?instId=ARB-USDT-SWAP&bar=5m&limit=71 "HTTP/2 200 OK"
2026-03-22 11:42:37,564 | INFO | HTTP Request: GET https://www.okx.com/api/v5/market/ticker?instId=BAND-USDT-SWAP "HTTP/2 200 OK"
2026-03-22 11:42:37,805 | INFO | HTTP Request: GET https://www.okx.com/api/v5/market/candles?instId=BNB-USDT-SWAP&bar=5m&limit=71 "HTTP/2 200 OK"
2026-03-22 11:42:37,950 | INFO | HTTP Request: GET https://www.okx.com/api/v5/market/candles?instId=BAND-USDT-SWAP&bar=5m&limit=89 "HTTP/2 200 OK"
2026-03-22 11:42:38,168 | INFO | HTTP Request: GET https://www.okx.com/api/v5/market/candles?instId=BTC-USDT-SWAP&bar=5m&limit=71 "HTTP/2 200 OK"
2026-03-22 11:42:38,436 | INFO | HTTP Request: GET https://www.okx.com/api/v5/market/ticker?instId=BCH-USDT-SWAP "HTTP/2 200 OK"
2026-03-22 11:42:38,555 | INFO | HTTP Request: GET https://www.okx.com/api/v5/market/candles?instId=CELO-USDT-SWAP&bar=5m&limit=71 "HTTP/2 200 OK"
2026-03-22 11:42:38,845 | INFO | HTTP Request: GET https://www.okx.com/api/v5/market/candles?instId=BCH-USDT-SWAP&bar=5m&limit=89 "HTTP/2 200 OK"
2026-03-22 11:42:38,949 | INFO | HTTP Request: GET https://www.okx.com/api/v5/market/candles?instId=CFX-USDT-SWAP&bar=5m&limit=71 "HTTP/2 200 OK"
2026-03-22 11:42:39,362 | INFO | HTTP Request: GET https://www.okx.com/api/v5/market/ticker?instId=BIO-USDT-SWAP "HTTP/2 200 OK"
2026-03-22 11:42:39,376 | INFO | HTTP Request: GET https://www.okx.com/api/v5/market/candles?instId=CHZ-USDT-SWAP&bar=5m&limit=71 "HTTP/2 200 OK"
2026-03-22 11:42:39,754 | INFO | HTTP Request: GET https://www.okx.com/api/v5/market/candles?instId=BIO-USDT-SWAP&bar=5m&limit=89 "HTTP/2 200 OK"
2026-03-22 11:42:39,770 | INFO | HTTP Request: GET https://www.okx.com/api/v5/market/candles?instId=COMP-USDT-SWAP&bar=5m&limit=71 "HTTP/2 200 OK"
2026-03-22 11:42:40,169 | INFO | HTTP Request: GET https://www.okx.com/api/v5/market/candles?instId=CRV-USDT-SWAP&bar=5m&limit=71 "HTTP/2 200 OK"
2026-03-22 11:42:40,301 | INFO | HTTP Request: GET https://www.okx.com/api/v5/market/ticker?instId=BLUAI-USDT-SWAP "HTTP/2 200 OK"
2026-03-22 11:42:40,581 | INFO | HTTP Request: GET https://www.okx.com/api/v5/market/candles?instId=DOGE-USDT-SWAP&bar=5m&limit=71 "HTTP/2 200 OK"
2026-03-22 11:42:40,684 | INFO | HTTP Request: GET https://www.okx.com/api/v5/market/candles?instId=BLUAI-USDT-SWAP&bar=5m&limit=89 "HTTP/2 200 OK"
2026-03-22 11:42:40,843 | INFO | HTTP Request: GET https://www.okx.com/api/v5/account/balance "HTTP/2 200 OK"
2026-03-22 11:42:40,995 | INFO | HTTP Request: GET https://www.okx.com/api/v5/market/candles?instId=DOT-USDT-SWAP&bar=5m&limit=71 "HTTP/2 200 OK"
2026-03-22 11:42:41,228 | INFO | HTTP Request: GET https://www.okx.com/api/v5/market/ticker?instId=BNB-USDT-SWAP "HTTP/2 200 OK"
2026-03-22 11:42:41,360 | INFO | HTTP Request: GET https://www.okx.com/api/v5/market/candles?instId=ENA-USDT-SWAP&bar=5m&limit=71 "HTTP/2 200 OK"
2026-03-22 11:42:41,738 | INFO | HTTP Request: GET https://www.okx.com/api/v5/market/ticker?instId=BOME-USDT-SWAP "HTTP/2 200 OK"
2026-03-22 11:42:41,739 | INFO | HTTP Request: GET https://www.okx.com/api/v5/market/candles?instId=ETC-USDT-SWAP&bar=5m&limit=71 "HTTP/2 200 OK"
2026-03-22 11:42:42,131 | INFO | HTTP Request: GET https://www.okx.com/api/v5/market/candles?instId=ETHFI-USDT-SWAP&bar=5m&limit=71 "HTTP/2 200 OK"
2026-03-22 11:42:42,149 | INFO | HTTP Request: GET https://www.okx.com/api/v5/market/candles?instId=BOME-USDT-SWAP&bar=5m&limit=89 "HTTP/2 200 OK"
2026-03-22 11:42:42,550 | INFO | HTTP Request: GET https://www.okx.com/api/v5/market/candles?instId=ETHW-USDT-SWAP&bar=5m&limit=71 "HTTP/2 200 OK"
2026-03-22 11:42:42,677 | INFO | HTTP Request: GET https://www.okx.com/api/v5/market/ticker?instId=BRETT-USDT-SWAP "HTTP/2 200 OK"
2026-03-22 11:42:42,966 | INFO | HTTP Request: GET https://www.okx.com/api/v5/market/candles?instId=FIL-USDT-SWAP&bar=5m&limit=71 "HTTP/2 200 OK"
2026-03-22 11:42:43,066 | INFO | HTTP Request: GET https://www.okx.com/api/v5/market/candles?instId=BRETT-USDT-SWAP&bar=5m&limit=89 "HTTP/2 200 OK"
2026-03-22 11:42:43,376 | INFO | HTTP Request: GET https://www.okx.com/api/v5/market/candles?instId=FLOKI-USDT-SWAP&bar=5m&limit=71 "HTTP/2 200 OK"
2026-03-22 11:42:43,584 | INFO | HTTP Request: GET https://www.okx.com/api/v5/market/ticker?instId=BTC-USDT-SWAP "HTTP/2 200 OK"
2026-03-22 11:42:43,768 | INFO | HTTP Request: GET https://www.okx.com/api/v5/market/candles?instId=H-USDT-SWAP&bar=5m&limit=71 "HTTP/2 200 OK"
2026-03-22 11:42:44,088 | INFO | HTTP Request: GET https://www.okx.com/api/v5/market/ticker?instId=CAT-USDT-SWAP "HTTP/2 200 OK"
2026-03-22 11:42:44,186 | INFO | HTTP Request: GET https://www.okx.com/api/v5/market/candles?instId=HBAR-USDT-SWAP&bar=5m&limit=71 "HTTP/2 200 OK"
2026-03-22 11:42:44,488 | INFO | HTTP Request: GET https://www.okx.com/api/v5/market/candles?instId=CAT-USDT-SWAP&bar=5m&limit=89 "HTTP/2 200 OK"
2026-03-22 11:42:44,585 | INFO | HTTP Request: GET https://www.okx.com/api/v5/market/candles?instId=HOME-USDT-SWAP&bar=5m&limit=71 "HTTP/2 200 OK"
2026-03-22 11:42:44,998 | INFO | HTTP Request: GET https://www.okx.com/api/v5/market/candles?instId=ICP-USDT-SWAP&bar=5m&limit=71 "HTTP/2 200 OK"
2026-03-22 11:42:45,005 | INFO | HTTP Request: GET https://www.okx.com/api/v5/market/candles?instId=BTC-USDT-SWAP&bar=5m&limit=64 "HTTP/2 200 OK"
2026-03-22 11:42:45,011 | INFO | HTTP Request: GET https://www.okx.com/api/v5/market/ticker?instId=CATI-USDT-SWAP "HTTP/2 200 OK"
2026-03-22 11:42:45,416 | INFO | HTTP Request: GET https://www.okx.com/api/v5/market/candles?instId=IMX-USDT-SWAP&bar=5m&limit=71 "HTTP/2 200 OK"
2026-03-22 11:42:45,425 | INFO | HTTP Request: GET https://www.okx.com/api/v5/market/candles?instId=CATI-USDT-SWAP&bar=5m&limit=89 "HTTP/2 200 OK"
2026-03-22 11:42:45,822 | INFO | HTTP Request: GET https://www.okx.com/api/v5/market/candles?instId=INJ-USDT-SWAP&bar=5m&limit=71 "HTTP/2 200 OK"
2026-03-22 11:42:45,956 | INFO | HTTP Request: GET https://www.okx.com/api/v5/market/ticker?instId=CELO-USDT-SWAP "HTTP/2 200 OK"
2026-03-22 11:42:46,172 | INFO | HTTP Request: GET https://www.okx.com/api/v5/account/balance "HTTP/2 200 OK"
2026-03-22 11:42:46,247 | INFO | HTTP Request: GET https://www.okx.com/api/v5/market/candles?instId=JUP-USDT-SWAP&bar=5m&limit=71 "HTTP/2 200 OK"
2026-03-22 11:42:46,457 | INFO | HTTP Request: GET https://www.okx.com/api/v5/market/ticker?instId=CFX-USDT-SWAP "HTTP/2 200 OK"
2026-03-22 11:42:46,673 | INFO | HTTP Request: GET https://www.okx.com/api/v5/market/candles?instId=KAITO-USDT-SWAP&bar=5m&limit=71 "HTTP/2 200 OK"
2026-03-22 11:42:46,991 | INFO | HTTP Request: GET https://www.okx.com/api/v5/market/ticker?instId=CHZ-USDT-SWAP "HTTP/2 200 OK"
2026-03-22 11:42:47,049 | INFO | HTTP Request: GET https://www.okx.com/api/v5/market/candles?instId=LDO-USDT-SWAP&bar=5m&limit=71 "HTTP/2 200 OK"
2026-03-22 11:42:47,474 | INFO | HTTP Request: GET https://www.okx.com/api/v5/market/candles?instId=LINEA-USDT-SWAP&bar=5m&limit=71 "HTTP/2 200 OK"
2026-03-22 11:42:47,480 | INFO | HTTP Request: GET https://www.okx.com/api/v5/market/ticker?instId=COAI-USDT-SWAP "HTTP/2 200 OK"
2026-03-22 11:42:47,885 | INFO | HTTP Request: GET https://www.okx.com/api/v5/market/candles?instId=LQTY-USDT-SWAP&bar=5m&limit=71 "HTTP/2 200 OK"
2026-03-22 11:42:47,885 | INFO | HTTP Request: GET https://www.okx.com/api/v5/market/candles?instId=COAI-USDT-SWAP&bar=5m&limit=89 "HTTP/2 200 OK"
2026-03-22 11:42:48,283 | INFO | HTTP Request: GET https://www.okx.com/api/v5/market/candles?instId=LTC-USDT-SWAP&bar=5m&limit=71 "HTTP/2 200 OK"
2026-03-22 11:42:48,413 | INFO | HTTP Request: GET https://www.okx.com/api/v5/market/ticker?instId=COMP-USDT-SWAP "HTTP/2 200 OK"
2026-03-22 11:42:48,699 | INFO | HTTP Request: GET https://www.okx.com/api/v5/market/candles?instId=MET-USDT-SWAP&bar=5m&limit=71 "HTTP/2 200 OK"
2026-03-22 11:42:48,939 | INFO | HTTP Request: GET https://www.okx.com/api/v5/market/ticker?instId=CRO-USDT-SWAP "HTTP/2 200 OK"
2026-03-22 11:42:49,107 | INFO | HTTP Request: GET https://www.okx.com/api/v5/market/candles?instId=MINA-USDT-SWAP&bar=5m&limit=71 "HTTP/2 200 OK"
2026-03-22 11:42:49,307 | INFO | HTTP Request: GET https://www.okx.com/api/v5/market/candles?instId=CRO-USDT-SWAP&bar=5m&limit=89 "HTTP/2 200 OK"
2026-03-22 11:42:49,511 | INFO | HTTP Request: GET https://www.okx.com/api/v5/market/candles?instId=NEAR-USDT-SWAP&bar=5m&limit=71 "HTTP/2 200 OK"
2026-03-22 11:42:49,852 | INFO | HTTP Request: GET https://www.okx.com/api/v5/market/ticker?instId=CRV-USDT-SWAP "HTTP/2 200 OK"
2026-03-22 11:42:49,935 | INFO | HTTP Request: GET https://www.okx.com/api/v5/market/candles?instId=OP-USDT-SWAP&bar=5m&limit=71 "HTTP/2 200 OK"
2026-03-22 11:42:50,353 | INFO | HTTP Request: GET https://www.okx.com/api/v5/market/candles?instId=PEPE-USDT-SWAP&bar=5m&limit=71 "HTTP/2 200 OK"
2026-03-22 11:42:50,377 | INFO | HTTP Request: GET https://www.okx.com/api/v5/market/ticker?instId=DOGE-USDT-SWAP "HTTP/2 200 OK"
2026-03-22 11:42:50,746 | INFO | HTTP Request: GET https://www.okx.com/api/v5/market/candles?instId=MAGIC-USDT-SWAP&bar=5m&limit=26 "HTTP/2 200 OK"
2026-03-22 11:42:50,871 | INFO | HTTP Request: GET https://www.okx.com/api/v5/market/ticker?instId=DOT-USDT-SWAP "HTTP/2 200 OK"
2026-03-22 11:42:51,176 | INFO | HTTP Request: GET https://www.okx.com/api/v5/market/ticker?instId=MAGIC-USDT-SWAP "HTTP/2 200 OK"
2026-03-22 11:42:51,249 | INFO | HTTP Request: GET https://www.okx.com/api/v5/market/candles?instId=BTC-USDT-SWAP&bar=5m&limit=64 "HTTP/2 200 OK"
2026-03-22 11:42:51,374 | INFO | HTTP Request: GET https://www.okx.com/api/v5/market/ticker?instId=ENA-USDT-SWAP "HTTP/2 200 OK"
2026-03-22 11:42:51,574 | INFO | HTTP Request: GET https://www.okx.com/api/v5/market/candles?instId=SOL-USDT-SWAP&bar=5m&limit=26 "HTTP/2 200 OK"
2026-03-22 11:42:51,612 | INFO | HTTP Request: GET https://www.okx.com/api/v5/account/balance "HTTP/2 200 OK"
2026-03-22 11:42:51,899 | INFO | HTTP Request: GET https://www.okx.com/api/v5/market/ticker?instId=EOS-USDT-SWAP "HTTP/2 200 OK"
2026-03-22 11:42:51,985 | INFO | HTTP Request: GET https://www.okx.com/api/v5/market/ticker?instId=SOL-USDT-SWAP "HTTP/2 200 OK"
2026-03-22 11:42:52,293 | INFO | HTTP Request: GET https://www.okx.com/api/v5/market/candles?instId=EOS-USDT-SWAP&bar=5m&limit=89 "HTTP/2 200 OK"
2026-03-22 11:42:52,400 | INFO | HTTP Request: GET https://www.okx.com/api/v5/market/candles?instId=AAVE-USDT-SWAP&bar=5m&limit=26 "HTTP/2 200 OK"
2026-03-22 11:42:52,792 | INFO | HTTP Request: GET https://www.okx.com/api/v5/market/ticker?instId=AAVE-USDT-SWAP "HTTP/2 200 OK"
2026-03-22 11:42:52,824 | INFO | HTTP Request: GET https://www.okx.com/api/v5/market/ticker?instId=ETC-USDT-SWAP "HTTP/2 200 OK"
2026-03-22 11:42:53,176 | INFO | HTTP Request: GET https://www.okx.com/api/v5/public/instruments?instType=SWAP "HTTP/2 200 OK"
2026-03-22 11:42:53,328 | INFO | HTTP Request: GET https://www.okx.com/api/v5/market/ticker?instId=ETH-USDT-SWAP "HTTP/2 200 OK"
2026-03-22 11:42:53,562 | INFO | HTTP Request: GET https://www.okx.com/api/v5/account/balance "HTTP/2 200 OK"
2026-03-22 11:42:53,718 | INFO | HTTP Request: GET https://www.okx.com/api/v5/market/candles?instId=ETH-USDT-SWAP&bar=5m&limit=89 "HTTP/2 200 OK"
2026-03-22 11:42:53,991 | INFO | HTTP Request: GET https://www.okx.com/api/v5/trade/orders-pending?instType=SWAP&instId=1INCH-USDT-SWAP "HTTP/2 200 OK"
2026-03-22 11:42:54,249 | INFO | HTTP Request: GET https://www.okx.com/api/v5/market/ticker?instId=ETHFI-USDT-SWAP "HTTP/2 200 OK"
2026-03-22 11:42:54,346 | INFO | HTTP Request: GET https://www.okx.com/api/v5/market/ticker?instId=1INCH-USDT-SWAP "HTTP/2 200 OK"
2026-03-22 11:42:54,780 | INFO | HTTP Request: GET https://www.okx.com/api/v5/market/ticker?instId=ETHW-USDT-SWAP "HTTP/2 200 OK"
2026-03-22 11:42:55,278 | INFO | HTTP Request: GET https://www.okx.com/api/v5/market/ticker?instId=FIL-USDT-SWAP "HTTP/2 200 OK"
2026-03-22 11:42:55,800 | INFO | HTTP Request: GET https://www.okx.com/api/v5/market/ticker?instId=FLOKI-USDT-SWAP "HTTP/2 200 OK"
2026-03-22 11:42:56,284 | INFO | HTTP Request: GET https://www.okx.com/api/v5/market/ticker?instId=GMT-USDT-SWAP "HTTP/2 200 OK"
2026-03-22 11:42:56,674 | INFO | HTTP Request: GET https://www.okx.com/api/v5/market/candles?instId=GMT-USDT-SWAP&bar=5m&limit=89 "HTTP/2 200 OK"
2026-03-22 11:42:57,006 | INFO | HTTP Request: GET https://www.okx.com/api/v5/account/balance "HTTP/2 200 OK"
2026-03-22 11:42:57,214 | INFO | HTTP Request: GET https://www.okx.com/api/v5/market/ticker?instId=H-USDT-SWAP "HTTP/2 200 OK"
2026-03-22 11:42:57,522 | INFO | HTTP Request: GET https://www.okx.com/api/v5/market/candles?instId=BTC-USDT-SWAP&bar=5m&limit=64 "HTTP/2 200 OK"
2026-03-22 11:42:57,701 | INFO | HTTP Request: GET https://www.okx.com/api/v5/market/ticker?instId=HBAR-USDT-SWAP "HTTP/2 200 OK"
2026-03-22 11:42:58,090 | INFO | HTTP Request: GET https://www.okx.com/api/v5/public/instruments?instType=SWAP "HTTP/2 200 OK"
2026-03-22 11:42:58,232 | INFO | HTTP Request: GET https://www.okx.com/api/v5/market/ticker?instId=HMSTR-USDT-SWAP "HTTP/2 200 OK"
2026-03-22 11:42:58,522 | INFO | HTTP Request: GET https://www.okx.com/api/v5/account/balance "HTTP/2 200 OK"
2026-03-22 11:42:58,612 | INFO | HTTP Request: GET https://www.okx.com/api/v5/market/candles?instId=HMSTR-USDT-SWAP&bar=5m&limit=89 "HTTP/2 200 OK"
2026-03-22 11:42:58,919 | INFO | HTTP Request: GET https://www.okx.com/api/v5/trade/orders-pending?instType=SWAP&instId=1INCH-USDT-SWAP "HTTP/2 200 OK"
2026-03-22 11:42:59,124 | INFO | HTTP Request: GET https://www.okx.com/api/v5/market/ticker?instId=HOME-USDT-SWAP "HTTP/2 200 OK"
2026-03-22 11:42:59,323 | INFO | HTTP Request: GET https://www.okx.com/api/v5/market/ticker?instId=1INCH-USDT-SWAP "HTTP/2 200 OK"
2026-03-22 11:42:59,650 | INFO | HTTP Request: GET https://www.okx.com/api/v5/market/ticker?instId=ICP-USDT-SWAP "HTTP/2 200 OK"
2026-03-22 11:42:59,742 | INFO | HTTP Request: GET https://www.okx.com/api/v5/account/positions?instType=SWAP "HTTP/2 200 OK"
2026-03-22 11:43:00,153 | INFO | HTTP Request: GET https://www.okx.com/api/v5/market/ticker?instId=IMX-USDT-SWAP "HTTP/2 200 OK"
2026-03-22 11:43:00,191 | INFO | HTTP Request: GET https://www.okx.com/api/v5/market/candles?instId=QTUM-USDT-SWAP&bar=15m&limit=121 "HTTP/2 200 OK"
2026-03-22 11:43:00,578 | INFO | HTTP Request: GET https://www.okx.com/api/v5/market/candles?instId=QTUM-USDT-SWAP&bar=5m&limit=97 "HTTP/2 200 OK"
2026-03-22 11:43:00,658 | INFO | HTTP Request: GET https://www.okx.com/api/v5/market/ticker?instId=INJ-USDT-SWAP "HTTP/2 200 OK"
2026-03-22 11:43:00,977 | INFO | HTTP Request: GET https://www.okx.com/api/v5/market/history-trades?instId=QTUM-USDT-SWAP&limit=100 "HTTP/2 200 OK"
2026-03-22 11:43:01,180 | INFO | HTTP Request: GET https://www.okx.com/api/v5/market/ticker?instId=IOTA-USDT-SWAP "HTTP/2 200 OK"
2026-03-22 11:43:01,415 | INFO | HTTP Request: GET https://www.okx.com/api/v5/market/books?instId=QTUM-USDT-SWAP&sz=5 "HTTP/2 200 OK"
2026-03-22 11:43:01,578 | INFO | HTTP Request: GET https://www.okx.com/api/v5/market/candles?instId=IOTA-USDT-SWAP&bar=5m&limit=89 "HTTP/2 200 OK"
2026-03-22 11:43:02,016 | INFO | HTTP Request: GET https://www.okx.com/api/v5/market/books?instId=QTUM-USDT-SWAP&sz=5 "HTTP/2 200 OK"
2026-03-22 11:43:02,123 | INFO | HTTP Request: GET https://www.okx.com/api/v5/market/ticker?instId=JUP-USDT-SWAP "HTTP/2 200 OK"
2026-03-22 11:43:02,397 | INFO | HTTP Request: GET https://www.okx.com/api/v5/account/balance "HTTP/2 200 OK"
2026-03-22 11:43:02,630 | INFO | HTTP Request: GET https://www.okx.com/api/v5/market/ticker?instId=KAITO-USDT-SWAP "HTTP/2 200 OK"
2026-03-22 11:43:02,673 | INFO | HTTP Request: GET https://www.okx.com/api/v5/market/books?instId=QTUM-USDT-SWAP&sz=5 "HTTP/2 200 OK"
2026-03-22 11:43:03,144 | INFO | HTTP Request: GET https://www.okx.com/api/v5/market/ticker?instId=KSM-USDT-SWAP "HTTP/2 200 OK"
2026-03-22 11:43:03,264 | INFO | HTTP Request: GET https://www.okx.com/api/v5/market/books?instId=QTUM-USDT-SWAP&sz=5 "HTTP/2 200 OK"
2026-03-22 11:43:03,571 | INFO | HTTP Request: GET https://www.okx.com/api/v5/market/candles?instId=KSM-USDT-SWAP&bar=5m&limit=89 "HTTP/2 200 OK"
2026-03-22 11:43:03,674 | INFO | HTTP Request: GET https://www.okx.com/api/v5/market/candles?instId=RAVE-USDT-SWAP&bar=15m&limit=121 "HTTP/2 200 OK"
2026-03-22 11:43:03,752 | INFO | HTTP Request: GET https://www.okx.com/api/v5/market/candles?instId=BTC-USDT-SWAP&bar=5m&limit=64 "HTTP/2 200 OK"
2026-03-22 11:43:04,083 | INFO | HTTP Request: GET https://www.okx.com/api/v5/market/candles?instId=RAVE-USDT-SWAP&bar=5m&limit=97 "HTTP/2 200 OK"
2026-03-22 11:43:04,086 | INFO | HTTP Request: GET https://www.okx.com/api/v5/market/ticker?instId=LDO-USDT-SWAP "HTTP/2 200 OK"
2026-03-22 11:43:04,510 | INFO | HTTP Request: GET https://www.okx.com/api/v5/market/history-trades?instId=RAVE-USDT-SWAP&limit=100 "HTTP/2 200 OK"
2026-03-22 11:43:04,595 | INFO | HTTP Request: GET https://www.okx.com/api/v5/market/ticker?instId=LINEA-USDT-SWAP "HTTP/2 200 OK"
2026-03-22 11:43:04,887 | INFO | HTTP Request: GET https://www.okx.com/api/v5/market/books?instId=RAVE-USDT-SWAP&sz=5 "HTTP/2 200 OK"
2026-03-22 11:43:05,114 | INFO | HTTP Request: GET https://www.okx.com/api/v5/market/ticker?instId=LINK-USDT-SWAP "HTTP/2 200 OK"
2026-03-22 11:43:05,512 | INFO | HTTP Request: GET https://www.okx.com/api/v5/market/candles?instId=LINK-USDT-SWAP&bar=5m&limit=89 "HTTP/2 200 OK"
2026-03-22 11:43:05,528 | INFO | HTTP Request: GET https://www.okx.com/api/v5/market/books?instId=RAVE-USDT-SWAP&sz=5 "HTTP/2 200 OK"
2026-03-22 11:43:06,012 | INFO | HTTP Request: GET https://www.okx.com/api/v5/market/ticker?instId=LIT-USDT-SWAP "HTTP/2 200 OK"
2026-03-22 11:43:06,134 | INFO | HTTP Request: GET https://www.okx.com/api/v5/market/books?instId=RAVE-USDT-SWAP&sz=5 "HTTP/2 200 OK"
2026-03-22 11:43:06,426 | INFO | HTTP Request: GET https://www.okx.com/api/v5/market/candles?instId=LIT-USDT-SWAP&bar=5m&limit=89 "HTTP/2 200 OK"
2026-03-22 11:43:06,734 | INFO | HTTP Request: GET https://www.okx.com/api/v5/market/books?instId=RAVE-USDT-SWAP&sz=5 "HTTP/2 200 OK"
2026-03-22 11:43:06,943 | INFO | HTTP Request: GET https://www.okx.com/api/v5/market/ticker?instId=LPT-USDT-SWAP "HTTP/2 200 OK"
2026-03-22 11:43:07,129 | INFO | HTTP Request: GET https://www.okx.com/api/v5/market/candles?instId=RESOLV-USDT-SWAP&bar=15m&limit=121 "HTTP/2 200 OK"
2026-03-22 11:43:07,314 | INFO | HTTP Request: GET https://www.okx.com/api/v5/market/candles?instId=LPT-USDT-SWAP&bar=5m&limit=89 "HTTP/2 200 OK"
2026-03-22 11:43:07,533 | INFO | HTTP Request: GET https://www.okx.com/api/v5/market/candles?instId=RESOLV-USDT-SWAP&bar=5m&limit=97 "HTTP/2 200 OK"
2026-03-22 11:43:07,858 | INFO | HTTP Request: GET https://www.okx.com/api/v5/market/ticker?instId=LQTY-USDT-SWAP "HTTP/2 200 OK"
2026-03-22 11:43:07,861 | INFO | HTTP Request: GET https://www.okx.com/api/v5/account/balance "HTTP/2 200 OK"
2026-03-22 11:43:07,957 | INFO | HTTP Request: GET https://www.okx.com/api/v5/market/history-trades?instId=RESOLV-USDT-SWAP&limit=100 "HTTP/2 200 OK"
2026-03-22 11:43:08,356 | INFO | HTTP Request: GET https://www.okx.com/api/v5/market/ticker?instId=LRC-USDT-SWAP "HTTP/2 200 OK"
2026-03-22 11:43:08,368 | INFO | HTTP Request: GET https://www.okx.com/api/v5/market/books?instId=RESOLV-USDT-SWAP&sz=5 "HTTP/2 200 OK"
2026-03-22 11:43:08,747 | INFO | HTTP Request: GET https://www.okx.com/api/v5/market/candles?instId=LRC-USDT-SWAP&bar=5m&limit=89 "HTTP/2 200 OK"
2026-03-22 11:43:08,959 | INFO | HTTP Request: GET https://www.okx.com/api/v5/market/books?instId=RESOLV-USDT-SWAP&sz=5 "HTTP/2 200 OK"
2026-03-22 11:43:09,285 | INFO | HTTP Request: GET https://www.okx.com/api/v5/market/ticker?instId=LTC-USDT-SWAP "HTTP/2 200 OK"
2026-03-22 11:43:09,565 | INFO | HTTP Request: GET https://www.okx.com/api/v5/market/books?instId=RESOLV-USDT-SWAP&sz=5 "HTTP/2 200 OK"
2026-03-22 11:43:09,802 | INFO | HTTP Request: GET https://www.okx.com/api/v5/market/ticker?instId=MAJOR-USDT-SWAP "HTTP/2 200 OK"
2026-03-22 11:43:10,025 | INFO | HTTP Request: GET https://www.okx.com/api/v5/market/candles?instId=BTC-USDT-SWAP&bar=5m&limit=64 "HTTP/2 200 OK"
2026-03-22 11:43:10,179 | INFO | HTTP Request: GET https://www.okx.com/api/v5/market/candles?instId=MAJOR-USDT-SWAP&bar=5m&limit=89 "HTTP/2 200 OK"
2026-03-22 11:43:10,208 | INFO | HTTP Request: GET https://www.okx.com/api/v5/market/books?instId=RESOLV-USDT-SWAP&sz=5 "HTTP/2 200 OK"
2026-03-22 11:43:10,616 | INFO | HTTP Request: GET https://www.okx.com/api/v5/market/candles?instId=ROBO-USDT-SWAP&bar=15m&limit=121 "HTTP/2 200 OK"
2026-03-22 11:43:10,721 | INFO | HTTP Request: GET https://www.okx.com/api/v5/market/ticker?instId=MASK-USDT-SWAP "HTTP/2 200 OK"
2026-03-22 11:43:11,056 | INFO | HTTP Request: GET https://www.okx.com/api/v5/market/candles?instId=ROBO-USDT-SWAP&bar=5m&limit=97 "HTTP/2 200 OK"
2026-03-22 11:43:11,121 | INFO | HTTP Request: GET https://www.okx.com/api/v5/market/candles?instId=MASK-USDT-SWAP&bar=5m&limit=89 "HTTP/2 200 OK"
2026-03-22 11:43:11,422 | INFO | HTTP Request: GET https://www.okx.com/api/v5/market/history-trades?instId=ROBO-USDT-SWAP&limit=100 "HTTP/2 200 OK"
2026-03-22 11:43:11,645 | INFO | HTTP Request: GET https://www.okx.com/api/v5/market/ticker?instId=MET-USDT-SWAP "HTTP/2 200 OK"
2026-03-22 11:43:11,909 | INFO | HTTP Request: GET https://www.okx.com/api/v5/market/books?instId=ROBO-USDT-SWAP&sz=5 "HTTP/2 200 OK"
2026-03-22 11:43:12,201 | INFO | HTTP Request: GET https://www.okx.com/api/v5/market/ticker?instId=MINA-USDT-SWAP "HTTP/2 200 OK"
2026-03-22 11:43:12,516 | INFO | HTTP Request: GET https://www.okx.com/api/v5/market/books?instId=ROBO-USDT-SWAP&sz=5 "HTTP/2 200 OK"
2026-03-22 11:43:12,702 | INFO | HTTP Request: GET https://www.okx.com/api/v5/market/ticker?instId=MKR-USDT-SWAP "HTTP/2 200 OK"
2026-03-22 11:43:13,085 | INFO | HTTP Request: GET https://www.okx.com/api/v5/market/candles?instId=MKR-USDT-SWAP&bar=5m&limit=89 "HTTP/2 200 OK"
2026-03-22 11:43:13,119 | INFO | HTTP Request: GET https://www.okx.com/api/v5/market/books?instId=ROBO-USDT-SWAP&sz=5 "HTTP/2 200 OK"
2026-03-22 11:43:13,188 | INFO | HTTP Request: GET https://www.okx.com/api/v5/account/balance "HTTP/2 200 OK"
2026-03-22 11:43:13,643 | INFO | HTTP Request: GET https://www.okx.com/api/v5/market/ticker?instId=MUBARAK-USDT-SWAP "HTTP/2 200 OK"
2026-03-22 11:43:13,765 | INFO | HTTP Request: GET https://www.okx.com/api/v5/market/books?instId=ROBO-USDT-SWAP&sz=5 "HTTP/2 200 OK"
2026-03-22 11:43:14,010 | INFO | HTTP Request: GET https://www.okx.com/api/v5/market/candles?instId=MUBARAK-USDT-SWAP&bar=5m&limit=89 "HTTP/2 200 OK"
2026-03-22 11:43:14,139 | INFO | HTTP Request: GET https://www.okx.com/api/v5/market/candles?instId=1INCH-USDT-SWAP&bar=5m&limit=71 "HTTP/2 200 OK"
2026-03-22 11:43:14,495 | INFO | HTTP Request: GET https://www.okx.com/api/v5/market/ticker?instId=NEAR-USDT-SWAP "HTTP/2 200 OK"
2026-03-22 11:43:14,513 | INFO | HTTP Request: GET https://www.okx.com/api/v5/market/candles?instId=2Z-USDT-SWAP&bar=5m&limit=71 "HTTP/2 200 OK"
2026-03-22 11:43:14,939 | INFO | HTTP Request: GET https://www.okx.com/api/v5/market/candles?instId=ACT-USDT-SWAP&bar=5m&limit=71 "HTTP/2 200 OK"
2026-03-22 11:43:15,031 | INFO | HTTP Request: GET https://www.okx.com/api/v5/market/ticker?instId=NEO-USDT-SWAP "HTTP/2 200 OK"
2026-03-22 11:43:15,334 | INFO | HTTP Request: GET https://www.okx.com/api/v5/market/candles?instId=ALGO-USDT-SWAP&bar=5m&limit=71 "HTTP/2 200 OK"
2026-03-22 11:43:15,498 | INFO | HTTP Request: GET https://www.okx.com/api/v5/market/candles?instId=NEO-USDT-SWAP&bar=5m&limit=89 "HTTP/2 200 OK"
2026-03-22 11:43:15,741 | INFO | HTTP Request: GET https://www.okx.com/api/v5/market/candles?instId=ARB-USDT-SWAP&bar=5m&limit=71 "HTTP/2 200 OK"
2026-03-22 11:43:15,981 | INFO | HTTP Request: GET https://www.okx.com/api/v5/market/ticker?instId=NOT-USDT-SWAP "HTTP/2 200 OK"
2026-03-22 11:43:16,110 | INFO | HTTP Request: GET https://www.okx.com/api/v5/market/candles?instId=ATOM-USDT-SWAP&bar=5m&limit=71 "HTTP/2 200 OK"
2026-03-22 11:43:16,274 | INFO | HTTP Request: GET https://www.okx.com/api/v5/market/candles?instId=BTC-USDT-SWAP&bar=5m&limit=64 "HTTP/2 200 OK"
2026-03-22 11:43:16,476 | INFO | HTTP Request: GET https://www.okx.com/api/v5/market/ticker?instId=OP-USDT-SWAP "HTTP/2 200 OK"
2026-03-22 11:43:16,478 | INFO | HTTP Request: GET https://www.okx.com/api/v5/market/candles?instId=AUCTION-USDT-SWAP&bar=5m&limit=71 "HTTP/2 200 OK"
2026-03-22 11:43:16,936 | INFO | HTTP Request: GET https://www.okx.com/api/v5/market/candles?instId=AVAX-USDT-SWAP&bar=5m&limit=71 "HTTP/2 200 OK"
2026-03-22 11:43:17,009 | INFO | HTTP Request: GET https://www.okx.com/api/v5/market/ticker?instId=PEPE-USDT-SWAP "HTTP/2 200 OK"
2026-03-22 11:43:17,303 | INFO | HTTP Request: GET https://www.okx.com/api/v5/market/candles?instId=AXS-USDT-SWAP&bar=5m&limit=71 "HTTP/2 200 OK"
2026-03-22 11:43:17,543 | INFO | HTTP Request: GET https://www.okx.com/api/v5/market/ticker?instId=PIGGY-USDT-SWAP "HTTP/2 200 OK"
2026-03-22 11:43:17,727 | INFO | HTTP Request: GET https://www.okx.com/api/v5/market/candles?instId=BNB-USDT-SWAP&bar=5m&limit=71 "HTTP/2 200 OK"
2026-03-22 11:43:18,042 | INFO | HTTP Request: GET https://www.okx.com/api/v5/market/ticker?instId=QTUM-USDT-SWAP "HTTP/2 200 OK"
2026-03-22 11:43:18,124 | INFO | HTTP Request: GET https://www.okx.com/api/v5/market/candles?instId=BTC-USDT-SWAP&bar=5m&limit=71 "HTTP/2 200 OK"
2026-03-22 11:43:18,539 | INFO | HTTP Request: GET https://www.okx.com/api/v5/market/ticker?instId=RAVE-USDT-SWAP "HTTP/2 200 OK"
2026-03-22 11:43:18,552 | INFO | HTTP Request: GET https://www.okx.com/api/v5/market/candles?instId=CELO-USDT-SWAP&bar=5m&limit=71 "HTTP/2 200 OK"
2026-03-22 11:43:18,668 | INFO | HTTP Request: GET https://www.okx.com/api/v5/account/balance "HTTP/2 200 OK"
2026-03-22 11:43:18,954 | INFO | HTTP Request: GET https://www.okx.com/api/v5/market/candles?instId=CFX-USDT-SWAP&bar=5m&limit=71 "HTTP/2 200 OK"
2026-03-22 11:43:19,051 | INFO | HTTP Request: GET https://www.okx.com/api/v5/market/ticker?instId=RESOLV-USDT-SWAP "HTTP/2 200 OK"
2026-03-22 11:43:19,352 | INFO | HTTP Request: GET https://www.okx.com/api/v5/market/candles?instId=CHZ-USDT-SWAP&bar=5m&limit=71 "HTTP/2 200 OK"
2026-03-22 11:43:19,575 | INFO | HTTP Request: GET https://www.okx.com/api/v5/market/ticker?instId=ROBO-USDT-SWAP "HTTP/2 200 OK"
2026-03-22 11:43:19,780 | INFO | HTTP Request: GET https://www.okx.com/api/v5/market/candles?instId=COMP-USDT-SWAP&bar=5m&limit=71 "HTTP/2 200 OK"
2026-03-22 11:43:20,085 | INFO | HTTP Request: GET https://www.okx.com/api/v5/market/ticker?instId=SAND-USDT-SWAP "HTTP/2 200 OK"
2026-03-22 11:43:20,166 | INFO | HTTP Request: GET https://www.okx.com/api/v5/market/candles?instId=CRV-USDT-SWAP&bar=5m&limit=71 "HTTP/2 200 OK"
2026-03-22 11:43:20,505 | INFO | HTTP Request: GET https://www.okx.com/api/v5/market/candles?instId=SAND-USDT-SWAP&bar=5m&limit=89 "HTTP/2 200 OK"
2026-03-22 11:43:20,580 | INFO | HTTP Request: GET https://www.okx.com/api/v5/market/candles?instId=DOGE-USDT-SWAP&bar=5m&limit=71 "HTTP/2 200 OK"
2026-03-22 11:43:20,995 | INFO | HTTP Request: GET https://www.okx.com/api/v5/market/candles?instId=DOT-USDT-SWAP&bar=5m&limit=71 "HTTP/2 200 OK"
2026-03-22 11:43:21,050 | INFO | HTTP Request: GET https://www.okx.com/api/v5/market/ticker?instId=SCR-USDT-SWAP "HTTP/2 200 OK"
2026-03-22 11:43:21,384 | INFO | HTTP Request: GET https://www.okx.com/api/v5/market/candles?instId=ENA-USDT-SWAP&bar=5m&limit=71 "HTTP/2 200 OK"
2026-03-22 11:43:21,418 | INFO | HTTP Request: GET https://www.okx.com/api/v5/market/candles?instId=SCR-USDT-SWAP&bar=5m&limit=89 "HTTP/2 200 OK"
2026-03-22 11:43:21,750 | INFO | HTTP Request: GET https://www.okx.com/api/v5/market/candles?instId=ETC-USDT-SWAP&bar=5m&limit=71 "HTTP/2 200 OK"
2026-03-22 11:43:21,931 | INFO | HTTP Request: GET https://www.okx.com/api/v5/market/ticker?instId=SHIB-USDT-SWAP "HTTP/2 200 OK"
2026-03-22 11:43:22,115 | INFO | HTTP Request: GET https://www.okx.com/api/v5/market/candles?instId=ETHFI-USDT-SWAP&bar=5m&limit=71 "HTTP/2 200 OK"
2026-03-22 11:43:22,329 | INFO | HTTP Request: GET https://www.okx.com/api/v5/market/candles?instId=SHIB-USDT-SWAP&bar=5m&limit=89 "HTTP/2 200 OK"
2026-03-22 11:43:22,594 | INFO | HTTP Request: GET https://www.okx.com/api/v5/market/candles?instId=ETHW-USDT-SWAP&bar=5m&limit=71 "HTTP/2 200 OK"
2026-03-22 11:43:22,837 | INFO | HTTP Request: GET https://www.okx.com/api/v5/market/ticker?instId=SKY-USDT-SWAP "HTTP/2 200 OK"
2026-03-22 11:43:22,983 | INFO | HTTP Request: GET https://www.okx.com/api/v5/market/candles?instId=FIL-USDT-SWAP&bar=5m&limit=71 "HTTP/2 200 OK"
2026-03-22 11:43:23,205 | INFO | HTTP Request: GET https://www.okx.com/api/v5/market/candles?instId=SKY-USDT-SWAP&bar=5m&limit=89 "HTTP/2 200 OK"
2026-03-22 11:43:23,359 | INFO | HTTP Request: GET https://www.okx.com/api/v5/market/candles?instId=FLOKI-USDT-SWAP&bar=5m&limit=71 "HTTP/2 200 OK"
2026-03-22 11:43:23,709 | INFO | HTTP Request: GET https://www.okx.com/api/v5/market/ticker?instId=SOLV-USDT-SWAP "HTTP/2 200 OK"
2026-03-22 11:43:23,782 | INFO | HTTP Request: GET https://www.okx.com/api/v5/market/candles?instId=H-USDT-SWAP&bar=5m&limit=71 "HTTP/2 200 OK"
2026-03-22 11:43:23,988 | INFO | HTTP Request: GET https://www.okx.com/api/v5/account/balance "HTTP/2 200 OK"
2026-03-22 11:43:24,084 | INFO | HTTP Request: GET https://www.okx.com/api/v5/market/candles?instId=SOLV-USDT-SWAP&bar=5m&limit=89 "HTTP/2 200 OK"
2026-03-22 11:43:24,186 | INFO | HTTP Request: GET https://www.okx.com/api/v5/market/candles?instId=HBAR-USDT-SWAP&bar=5m&limit=71 "HTTP/2 200 OK"
2026-03-22 11:43:24,597 | INFO | HTTP Request: GET https://www.okx.com/api/v5/market/candles?instId=HOME-USDT-SWAP&bar=5m&limit=71 "HTTP/2 200 OK"
2026-03-22 11:43:24,611 | INFO | HTTP Request: GET https://www.okx.com/api/v5/market/ticker?instId=SPK-USDT-SWAP "HTTP/2 200 OK"
2026-03-22 11:43:25,002 | INFO | HTTP Request: GET https://www.okx.com/api/v5/market/candles?instId=SPK-USDT-SWAP&bar=5m&limit=89 "HTTP/2 200 OK"
2026-03-22 11:43:25,012 | INFO | HTTP Request: GET https://www.okx.com/api/v5/market/candles?instId=ICP-USDT-SWAP&bar=5m&limit=71 "HTTP/2 200 OK"
2026-03-22 11:43:25,414 | INFO | HTTP Request: GET https://www.okx.com/api/v5/market/candles?instId=IMX-USDT-SWAP&bar=5m&limit=71 "HTTP/2 200 OK"
2026-03-22 11:43:25,535 | INFO | HTTP Request: GET https://www.okx.com/api/v5/market/ticker?instId=STRK-USDT-SWAP "HTTP/2 200 OK"
2026-03-22 11:43:25,631 | INFO | HTTP Request: GET https://www.okx.com/api/v5/market/candles?instId=BTC-USDT-SWAP&bar=5m&limit=64 "HTTP/2 200 OK"
2026-03-22 11:43:25,806 | INFO | HTTP Request: GET https://www.okx.com/api/v5/market/candles?instId=INJ-USDT-SWAP&bar=5m&limit=71 "HTTP/2 200 OK"
2026-03-22 11:43:25,924 | INFO | HTTP Request: GET https://www.okx.com/api/v5/market/candles?instId=STRK-USDT-SWAP&bar=5m&limit=89 "HTTP/2 200 OK"
2026-03-22 11:43:26,180 | INFO | HTTP Request: GET https://www.okx.com/api/v5/market/candles?instId=JUP-USDT-SWAP&bar=5m&limit=71 "HTTP/2 200 OK"
2026-03-22 11:43:26,418 | INFO | HTTP Request: GET https://www.okx.com/api/v5/market/ticker?instId=SUI-USDT-SWAP "HTTP/2 200 OK"
2026-03-22 11:43:26,613 | INFO | HTTP Request: GET https://www.okx.com/api/v5/market/candles?instId=KAITO-USDT-SWAP&bar=5m&limit=71 "HTTP/2 200 OK"
2026-03-22 11:43:26,800 | INFO | HTTP Request: GET https://www.okx.com/api/v5/market/candles?instId=SUI-USDT-SWAP&bar=5m&limit=89 "HTTP/2 200 OK"
2026-03-22 11:43:27,017 | INFO | HTTP Request: GET https://www.okx.com/api/v5/market/candles?instId=LDO-USDT-SWAP&bar=5m&limit=71 "HTTP/2 200 OK"
2026-03-22 11:43:27,354 | INFO | HTTP Request: GET https://www.okx.com/api/v5/market/ticker?instId=SUSHI-USDT-SWAP "HTTP/2 200 OK"
2026-03-22 11:43:27,433 | INFO | HTTP Request: GET https://www.okx.com/api/v5/market/candles?instId=LINEA-USDT-SWAP&bar=5m&limit=71 "HTTP/2 200 OK"
2026-03-22 11:43:27,732 | INFO | HTTP Request: GET https://www.okx.com/api/v5/market/candles?instId=SUSHI-USDT-SWAP&bar=5m&limit=89 "HTTP/2 200 OK"
2026-03-22 11:43:27,865 | INFO | HTTP Request: GET https://www.okx.com/api/v5/market/candles?instId=LQTY-USDT-SWAP&bar=5m&limit=71 "HTTP/2 200 OK"
2026-03-22 11:43:28,239 | INFO | HTTP Request: GET https://www.okx.com/api/v5/market/candles?instId=LTC-USDT-SWAP&bar=5m&limit=71 "HTTP/2 200 OK"
2026-03-22 11:43:28,249 | INFO | HTTP Request: GET https://www.okx.com/api/v5/market/ticker?instId=SYRUP-USDT-SWAP "HTTP/2 200 OK"
2026-03-22 11:43:28,655 | INFO | HTTP Request: GET https://www.okx.com/api/v5/market/candles?instId=MET-USDT-SWAP&bar=5m&limit=71 "HTTP/2 200 OK"
2026-03-22 11:43:28,662 | INFO | HTTP Request: GET https://www.okx.com/api/v5/market/candles?instId=SYRUP-USDT-SWAP&bar=5m&limit=89 "HTTP/2 200 OK"
2026-03-22 11:43:29,081 | INFO | HTTP Request: GET https://www.okx.com/api/v5/market/candles?instId=MINA-USDT-SWAP&bar=5m&limit=71 "HTTP/2 200 OK"
2026-03-22 11:43:29,181 | INFO | HTTP Request: GET https://www.okx.com/api/v5/market/ticker?instId=TEST1234-USDT-SWAP "HTTP/2 200 OK"
2026-03-22 11:43:29,464 | INFO | HTTP Request: GET https://www.okx.com/api/v5/market/candles?instId=NEAR-USDT-SWAP&bar=5m&limit=71 "HTTP/2 200 OK"
2026-03-22 11:43:29,497 | INFO | HTTP Request: GET https://www.okx.com/api/v5/account/balance "HTTP/2 200 OK"
2026-03-22 11:43:29,583 | INFO | HTTP Request: GET https://www.okx.com/api/v5/market/candles?instId=TEST1234-USDT-SWAP&bar=5m&limit=89 "HTTP/2 200 OK"
2026-03-22 11:43:29,872 | INFO | HTTP Request: GET https://www.okx.com/api/v5/market/candles?instId=OP-USDT-SWAP&bar=5m&limit=71 "HTTP/2 200 OK"
2026-03-22 11:43:30,103 | INFO | HTTP Request: GET https://www.okx.com/api/v5/market/ticker?instId=TEST3103-USDT-SWAP "HTTP/2 200 OK"
2026-03-22 11:43:30,295 | INFO | HTTP Request: GET https://www.okx.com/api/v5/market/candles?instId=PEPE-USDT-SWAP&bar=5m&limit=71 "HTTP/2 200 OK"
2026-03-22 11:43:30,488 | INFO | HTTP Request: GET https://www.okx.com/api/v5/market/candles?instId=TEST3103-USDT-SWAP&bar=5m&limit=89 "HTTP/2 200 OK"
2026-03-22 11:43:30,705 | INFO | HTTP Request: GET https://www.okx.com/api/v5/market/candles?instId=RESOLV-USDT-SWAP&bar=5m&limit=71 "HTTP/2 200 OK"
2026-03-22 11:43:31,026 | INFO | HTTP Request: GET https://www.okx.com/api/v5/market/ticker?instId=TEST3110-USDT-SWAP "HTTP/2 200 OK"
2026-03-22 11:43:31,125 | INFO | HTTP Request: GET https://www.okx.com/api/v5/market/candles?instId=MAGIC-USDT-SWAP&bar=5m&limit=26 "HTTP/2 200 OK"
2026-03-22 11:43:31,420 | INFO | HTTP Request: GET https://www.okx.com/api/v5/market/candles?instId=TEST3110-USDT-SWAP&bar=5m&limit=89 "HTTP/2 200 OK"
2026-03-22 11:43:31,495 | INFO | HTTP Request: GET https://www.okx.com/api/v5/market/ticker?instId=MAGIC-USDT-SWAP "HTTP/2 200 OK"
2026-03-22 11:43:31,872 | INFO | HTTP Request: GET https://www.okx.com/api/v5/market/candles?instId=SOL-USDT-SWAP&bar=5m&limit=26 "HTTP/2 200 OK"
2026-03-22 11:43:31,942 | INFO | HTTP Request: GET https://www.okx.com/api/v5/market/ticker?instId=THETA-USDT-SWAP "HTTP/2 200 OK"
2026-03-22 11:43:31,942 | INFO | HTTP Request: GET https://www.okx.com/api/v5/market/candles?instId=BTC-USDT-SWAP&bar=5m&limit=64 "HTTP/2 200 OK"
2026-03-22 11:43:32,272 | INFO | HTTP Request: GET https://www.okx.com/api/v5/market/ticker?instId=SOL-USDT-SWAP "HTTP/2 200 OK"
2026-03-22 11:43:32,328 | INFO | HTTP Request: GET https://www.okx.com/api/v5/market/candles?instId=THETA-USDT-SWAP&bar=5m&limit=89 "HTTP/2 200 OK"
2026-03-22 11:43:32,636 | INFO | HTTP Request: GET https://www.okx.com/api/v5/market/candles?instId=AAVE-USDT-SWAP&bar=5m&limit=26 "HTTP/2 200 OK"
2026-03-22 11:43:32,874 | INFO | HTTP Request: GET https://www.okx.com/api/v5/market/ticker?instId=TON-USDT-SWAP "HTTP/2 200 OK"
2026-03-22 11:43:33,060 | INFO | HTTP Request: GET https://www.okx.com/api/v5/market/ticker?instId=AAVE-USDT-SWAP "HTTP/2 200 OK"
2026-03-22 11:43:33,254 | INFO | HTTP Request: GET https://www.okx.com/api/v5/market/candles?instId=TON-USDT-SWAP&bar=5m&limit=89 "HTTP/2 200 OK"
2026-03-22 11:43:33,426 | INFO | HTTP Request: POST https://www.okx.com/api/v5/trade/cancel-algos "HTTP/2 200 OK"
2026-03-22 11:43:33,430 | INFO | Closing position AAVE-USDT-SWAP. ATR стоп 2.0N
2026-03-22 11:43:33,669 | INFO | HTTP Request: POST https://www.okx.com/api/v5/trade/close-position "HTTP/2 200 OK"
2026-03-22 11:43:33,806 | INFO | HTTP Request: GET https://www.okx.com/api/v5/market/ticker?instId=TRIA-USDT-SWAP "HTTP/2 200 OK"
2026-03-22 11:43:34,046 | INFO | HTTP Request: GET https://www.okx.com/api/v5/market/candles?instId=AAVE-USDT-SWAP&bar=5m&limit=97 "HTTP/2 200 OK"
2026-03-22 11:43:34,184 | INFO | HTTP Request: GET https://www.okx.com/api/v5/market/candles?instId=TRIA-USDT-SWAP&bar=5m&limit=89 "HTTP/2 200 OK"
2026-03-22 11:43:34,371 | INFO | HTTP Request: GET https://www.okx.com/api/v5/public/instruments?instType=SWAP "HTTP/2 200 OK"
2026-03-22 11:43:34,679 | INFO | HTTP Request: GET https://www.okx.com/api/v5/market/ticker?instId=TRX-USDT-SWAP "HTTP/2 200 OK"
2026-03-22 11:43:34,762 | INFO | HTTP Request: GET https://www.okx.com/api/v5/account/balance "HTTP/2 200 OK"
2026-03-22 11:43:34,889 | INFO | HTTP Request: GET https://www.okx.com/api/v5/account/balance "HTTP/2 200 OK"
2026-03-22 11:43:35,047 | INFO | HTTP Request: GET https://www.okx.com/api/v5/trade/orders-pending?instType=SWAP&instId=1INCH-USDT-SWAP "HTTP/2 200 OK"
2026-03-22 11:43:35,068 | INFO | HTTP Request: GET https://www.okx.com/api/v5/market/candles?instId=TRX-USDT-SWAP&bar=5m&limit=89 "HTTP/2 200 OK"
2026-03-22 11:43:35,404 | INFO | HTTP Request: GET https://www.okx.com/api/v5/market/ticker?instId=1INCH-USDT-SWAP "HTTP/2 200 OK"
2026-03-22 11:43:35,553 | INFO | HTTP Request: GET https://www.okx.com/api/v5/market/ticker?instId=TSLA-USDT-SWAP "HTTP/2 200 OK"
2026-03-22 11:43:35,998 | INFO | HTTP Request: GET https://www.okx.com/api/v5/market/candles?instId=TSLA-USDT-SWAP&bar=5m&limit=89 "HTTP/2 200 OK"
2026-03-22 11:43:36,474 | INFO | HTTP Request: GET https://www.okx.com/api/v5/market/ticker?instId=XAG-USDT-SWAP "HTTP/2 200 OK"
2026-03-22 11:43:36,875 | INFO | HTTP Request: GET https://www.okx.com/api/v5/market/candles?instId=XAG-USDT-SWAP&bar=5m&limit=89 "HTTP/2 200 OK"
2026-03-22 11:43:37,396 | INFO | HTTP Request: GET https://www.okx.com/api/v5/market/ticker?instId=XAU-USDT-SWAP "HTTP/2 200 OK"
2026-03-22 11:43:37,784 | INFO | HTTP Request: GET https://www.okx.com/api/v5/market/candles?instId=XAU-USDT-SWAP&bar=5m&limit=89 "HTTP/2 200 OK"
2026-03-22 11:43:38,137 | INFO | HTTP Request: GET https://www.okx.com/api/v5/market/candles?instId=BTC-USDT-SWAP&bar=5m&limit=64 "HTTP/2 200 OK"
2026-03-22 11:43:38,295 | INFO | HTTP Request: GET https://www.okx.com/api/v5/market/ticker?instId=XLM-USDT-SWAP "HTTP/2 200 OK"
2026-03-22 11:43:38,736 | INFO | HTTP Request: GET https://www.okx.com/api/v5/market/candles?instId=XLM-USDT-SWAP&bar=5m&limit=89 "HTTP/2 200 OK"
2026-03-22 11:43:39,234 | INFO | HTTP Request: GET https://www.okx.com/api/v5/market/ticker?instId=XPL-USDT-SWAP "HTTP/2 200 OK"
2026-03-22 11:43:39,301 | INFO | HTTP Request: GET https://www.okx.com/api/v5/public/instruments?instType=SWAP "HTTP/2 200 OK"
2026-03-22 11:43:39,677 | INFO | HTTP Request: GET https://www.okx.com/api/v5/account/balance "HTTP/2 200 OK"
2026-03-22 11:43:39,695 | INFO | HTTP Request: GET https://www.okx.com/api/v5/market/candles?instId=XPL-USDT-SWAP&bar=5m&limit=89 "HTTP/2 200 OK"
2026-03-22 11:43:39,947 | INFO | HTTP Request: GET https://www.okx.com/api/v5/trade/orders-pending?instType=SWAP&instId=1INCH-USDT-SWAP "HTTP/2 200 OK"
2026-03-22 11:43:40,199 | INFO | HTTP Request: GET https://www.okx.com/api/v5/market/ticker?instId=XRP-USDT-SWAP "HTTP/2 200 OK"
2026-03-22 11:43:40,285 | INFO | HTTP Request: GET https://www.okx.com/api/v5/account/balance "HTTP/2 200 OK"
2026-03-22 11:43:40,311 | INFO | HTTP Request: GET https://www.okx.com/api/v5/market/ticker?instId=1INCH-USDT-SWAP "HTTP/2 200 OK"
2026-03-22 11:43:40,562 | INFO | HTTP Request: GET https://www.okx.com/api/v5/market/candles?instId=XRP-USDT-SWAP&bar=5m&limit=89 "HTTP/2 200 OK"
2026-03-22 11:43:40,683 | INFO | HTTP Request: GET https://www.okx.com/api/v5/account/positions?instType=SWAP "HTTP/2 200 OK"
2026-03-22 11:43:41,053 | INFO | HTTP Request: GET https://www.okx.com/api/v5/market/ticker?instId=XSR-USDT-SWAP "HTTP/2 200 OK"
2026-03-22 11:43:41,068 | INFO | HTTP Request: GET https://www.okx.com/api/v5/market/candles?instId=SAND-USDT-SWAP&bar=15m&limit=121 "HTTP/2 200 OK"
2026-03-22 11:43:41,470 | INFO | HTTP Request: GET https://www.okx.com/api/v5/market/candles?instId=SAND-USDT-SWAP&bar=5m&limit=97 "HTTP/2 200 OK"
2026-03-22 11:43:41,484 | INFO | HTTP Request: GET https://www.okx.com/api/v5/market/candles?instId=XSR-USDT-SWAP&bar=5m&limit=89 "HTTP/2 200 OK"
2026-03-22 11:43:41,881 | INFO | HTTP Request: GET https://www.okx.com/api/v5/market/history-trades?instId=SAND-USDT-SWAP&limit=100 "HTTP/2 200 OK"
2026-03-22 11:43:41,985 | INFO | HTTP Request: GET https://www.okx.com/api/v5/market/ticker?instId=XTZ-USDT-SWAP "HTTP/2 200 OK"
2026-03-22 11:43:42,294 | INFO | HTTP Request: GET https://www.okx.com/api/v5/market/books?instId=SAND-USDT-SWAP&sz=5 "HTTP/2 200 OK"
2026-03-22 11:43:42,410 | INFO | HTTP Request: GET https://www.okx.com/api/v5/market/candles?instId=XTZ-USDT-SWAP&bar=5m&limit=89 "HTTP/2 200 OK"
2026-03-22 11:43:42,899 | INFO | HTTP Request: GET https://www.okx.com/api/v5/market/ticker?instId=YB-USDT-SWAP "HTTP/2 200 OK"
2026-03-22 11:43:42,900 | INFO | HTTP Request: GET https://www.okx.com/api/v5/market/books?instId=SAND-USDT-SWAP&sz=5 "HTTP/2 200 OK"
2026-03-22 11:43:43,291 | INFO | HTTP Request: GET https://www.okx.com/api/v5/market/candles?instId=YB-USDT-SWAP&bar=5m&limit=89 "HTTP/2 200 OK"
2026-03-22 11:43:43,543 | INFO | HTTP Request: GET https://www.okx.com/api/v5/market/books?instId=SAND-USDT-SWAP&sz=5 "HTTP/2 200 OK"
2026-03-22 11:43:43,829 | INFO | HTTP Request: GET https://www.okx.com/api/v5/market/ticker?instId=YFI-USDT-SWAP "HTTP/2 200 OK"
2026-03-22 11:43:44,139 | INFO | HTTP Request: GET https://www.okx.com/api/v5/market/books?instId=SAND-USDT-SWAP&sz=5 "HTTP/2 200 OK"
2026-03-22 11:43:44,370 | INFO | HTTP Request: GET https://www.okx.com/api/v5/market/candles?instId=BTC-USDT-SWAP&bar=5m&limit=64 "HTTP/2 200 OK"
2026-03-22 11:43:44,524 | INFO | HTTP Request: GET https://www.okx.com/api/v5/market/candles?instId=SCR-USDT-SWAP&bar=15m&limit=121 "HTTP/2 200 OK"
2026-03-22 11:43:44,807 | INFO | HTTP Request: GET https://www.okx.com/api/v5/market/ticker?instId=MAGIC-USDT-SWAP "HTTP/2 200 OK"
2026-03-22 11:43:44,947 | INFO | HTTP Request: GET https://www.okx.com/api/v5/market/candles?instId=SCR-USDT-SWAP&bar=5m&limit=97 "HTTP/2 200 OK"
2026-03-22 11:43:45,176 | INFO | HTTP Request: GET https://www.okx.com/api/v5/market/candles?instId=MAGIC-USDT-SWAP&bar=5m&limit=89 "HTTP/2 200 OK"
2026-03-22 11:43:45,321 | INFO | HTTP Request: GET https://www.okx.com/api/v5/market/history-trades?instId=SCR-USDT-SWAP&limit=100 "HTTP/2 200 OK"
2026-03-22 11:43:45,662 | INFO | HTTP Request: GET https://www.okx.com/api/v5/market/ticker?instId=SOL-USDT-SWAP "HTTP/2 200 OK"
2026-03-22 11:43:45,692 | INFO | HTTP Request: GET https://www.okx.com/api/v5/account/balance "HTTP/2 200 OK"
2026-03-22 11:43:45,729 | INFO | HTTP Request: GET https://www.okx.com/api/v5/market/books?instId=SCR-USDT-SWAP&sz=5 "HTTP/2 200 OK"
2026-03-22 11:43:46,025 | INFO | HTTP Request: GET https://www.okx.com/api/v5/market/candles?instId=SOL-USDT-SWAP&bar=5m&limit=89 "HTTP/2 200 OK"
2026-03-22 11:43:46,327 | INFO | HTTP Request: GET https://www.okx.com/api/v5/market/books?instId=SCR-USDT-SWAP&sz=5 "HTTP/2 200 OK"
2026-03-22 11:43:46,546 | INFO | HTTP Request: GET https://www.okx.com/api/v5/market/ticker?instId=1INCH-USDT-SWAP "HTTP/2 200 OK"
2026-03-22 11:43:46,912 | INFO | HTTP Request: GET https://www.okx.com/api/v5/market/candles?instId=1INCH-USDT-SWAP&bar=5m&limit=89 "HTTP/2 200 OK"
2026-03-22 11:43:46,934 | INFO | HTTP Request: GET https://www.okx.com/api/v5/market/books?instId=SCR-USDT-SWAP&sz=5 "HTTP/2 200 OK"
2026-03-22 11:43:47,444 | INFO | HTTP Request: GET https://www.okx.com/api/v5/market/ticker?instId=2Z-USDT-SWAP "HTTP/2 200 OK"
2026-03-22 11:43:47,532 | INFO | HTTP Request: GET https://www.okx.com/api/v5/market/books?instId=SCR-USDT-SWAP&sz=5 "HTTP/2 200 OK"
2026-03-22 11:43:47,857 | INFO | HTTP Request: GET https://www.okx.com/api/v5/market/candles?instId=2Z-USDT-SWAP&bar=5m&limit=89 "HTTP/2 200 OK"
2026-03-22 11:43:47,946 | INFO | HTTP Request: GET https://www.okx.com/api/v5/market/candles?instId=SHIB-USDT-SWAP&bar=15m&limit=121 "HTTP/2 200 OK"
2026-03-22 11:43:48,353 | INFO | HTTP Request: GET https://www.okx.com/api/v5/market/candles?instId=SHIB-USDT-SWAP&bar=5m&limit=97 "HTTP/2 200 OK"
2026-03-22 11:43:48,353 | INFO | HTTP Request: GET https://www.okx.com/api/v5/market/ticker?instId=A-USDT-SWAP "HTTP/2 200 OK"
2026-03-22 11:43:48,753 | INFO | HTTP Request: GET https://www.okx.com/api/v5/market/candles?instId=A-USDT-SWAP&bar=5m&limit=89 "HTTP/2 200 OK"
2026-03-22 11:43:48,759 | INFO | HTTP Request: GET https://www.okx.com/api/v5/market/history-trades?instId=SHIB-USDT-SWAP&limit=100 "HTTP/2 200 OK"
2026-03-22 11:43:49,209 | INFO | HTTP Request: GET https://www.okx.com/api/v5/market/books?instId=SHIB-USDT-SWAP&sz=5 "HTTP/2 200 OK"
2026-03-22 11:43:49,275 | INFO | HTTP Request: GET https://www.okx.com/api/v5/market/ticker?instId=AAVE-USDT-SWAP "HTTP/2 200 OK"
2026-03-22 11:43:49,684 | INFO | HTTP Request: GET https://www.okx.com/api/v5/market/candles?instId=AAVE-USDT-SWAP&bar=5m&limit=89 "HTTP/2 200 OK"
2026-03-22 11:43:49,815 | INFO | HTTP Request: GET https://www.okx.com/api/v5/market/books?instId=SHIB-USDT-SWAP&sz=5 "HTTP/2 200 OK"
2026-03-22 11:43:50,211 | INFO | HTTP Request: GET https://www.okx.com/api/v5/market/ticker?instId=ACT-USDT-SWAP "HTTP/2 200 OK"
2026-03-22 11:43:50,430 | INFO | HTTP Request: GET https://www.okx.com/api/v5/market/books?instId=SHIB-USDT-SWAP&sz=5 "HTTP/2 200 OK"
2026-03-22 11:43:50,598 | INFO | HTTP Request: GET https://www.okx.com/api/v5/market/candles?instId=ACT-USDT-SWAP&bar=5m&limit=89 "HTTP/2 200 OK"
2026-03-22 11:43:50,625 | INFO | HTTP Request: GET https://www.okx.com/api/v5/market/candles?instId=BTC-USDT-SWAP&bar=5m&limit=64 "HTTP/2 200 OK"
2026-03-22 11:43:51,010 | INFO | HTTP Request: GET https://www.okx.com/api/v5/market/books?instId=SHIB-USDT-SWAP&sz=5 "HTTP/2 200 OK"
2026-03-22 11:43:51,124 | INFO | HTTP Request: GET https://www.okx.com/api/v5/market/ticker?instId=ADA-USDT-SWAP "HTTP/2 200 OK"
2026-03-22 11:43:51,128 | INFO | HTTP Request: GET https://www.okx.com/api/v5/account/balance "HTTP/2 200 OK"
2026-03-22 11:43:51,424 | INFO | HTTP Request: GET https://www.okx.com/api/v5/market/candles?instId=SKY-USDT-SWAP&bar=15m&limit=121 "HTTP/2 200 OK"
2026-03-22 11:43:51,519 | INFO | HTTP Request: GET https://www.okx.com/api/v5/market/candles?instId=ADA-USDT-SWAP&bar=5m&limit=89 "HTTP/2 200 OK"
2026-03-22 11:43:51,819 | INFO | HTTP Request: GET https://www.okx.com/api/v5/market/candles?instId=SKY-USDT-SWAP&bar=5m&limit=97 "HTTP/2 200 OK"
2026-03-22 11:43:52,047 | INFO | HTTP Request: GET https://www.okx.com/api/v5/market/ticker?instId=AI16Z-USDT-SWAP "HTTP/2 200 OK"
2026-03-22 11:43:52,235 | INFO | HTTP Request: GET https://www.okx.com/api/v5/market/history-trades?instId=SKY-USDT-SWAP&limit=100 "HTTP/2 200 OK"
2026-03-22 11:43:52,429 | INFO | HTTP Request: GET https://www.okx.com/api/v5/market/candles?instId=AI16Z-USDT-SWAP&bar=5m&limit=89 "HTTP/2 200 OK"
2026-03-22 11:43:52,666 | INFO | HTTP Request: GET https://www.okx.com/api/v5/market/books?instId=SKY-USDT-SWAP&sz=5 "HTTP/2 200 OK"
2026-03-22 11:43:52,981 | INFO | HTTP Request: GET https://www.okx.com/api/v5/market/ticker?instId=AKITA-USDT-SWAP "HTTP/2 200 OK"
2026-03-22 11:43:53,268 | INFO | HTTP Request: GET https://www.okx.com/api/v5/market/books?instId=SKY-USDT-SWAP&sz=5 "HTTP/2 200 OK"
2026-03-22 11:43:53,354 | INFO | HTTP Request: GET https://www.okx.com/api/v5/market/candles?instId=AKITA-USDT-SWAP&bar=5m&limit=89 "HTTP/2 200 OK"
2026-03-22 11:43:53,895 | INFO | HTTP Request: GET https://www.okx.com/api/v5/market/ticker?instId=ALGO-USDT-SWAP "HTTP/2 200 OK"
2026-03-22 11:43:53,922 | INFO | HTTP Request: GET https://www.okx.com/api/v5/market/books?instId=SKY-USDT-SWAP&sz=5 "HTTP/2 200 OK"
2026-03-22 11:43:54,266 | INFO | HTTP Request: GET https://www.okx.com/api/v5/market/candles?instId=ALGO-USDT-SWAP&bar=5m&limit=89 "HTTP/2 200 OK"
2026-03-22 11:43:54,511 | INFO | HTTP Request: GET https://www.okx.com/api/v5/market/books?instId=SKY-USDT-SWAP&sz=5 "HTTP/2 200 OK"
2026-03-22 11:43:54,772 | INFO | HTTP Request: GET https://www.okx.com/api/v5/market/ticker?instId=ARB-USDT-SWAP "HTTP/2 200 OK"
2026-03-22 11:43:54,882 | INFO | HTTP Request: GET https://www.okx.com/api/v5/market/candles?instId=1INCH-USDT-SWAP&bar=5m&limit=71 "HTTP/2 200 OK"
2026-03-22 11:43:55,190 | INFO | HTTP Request: GET https://www.okx.com/api/v5/market/candles?instId=ARB-USDT-SWAP&bar=5m&limit=89 "HTTP/2 200 OK"
2026-03-22 11:43:55,299 | INFO | HTTP Request: GET https://www.okx.com/api/v5/market/candles?instId=2Z-USDT-SWAP&bar=5m&limit=71 "HTTP/2 200 OK"
2026-03-22 11:43:55,696 | INFO | HTTP Request: GET https://www.okx.com/api/v5/market/candles?instId=AAVE-USDT-SWAP&bar=5m&limit=71 "HTTP/2 200 OK"
2026-03-22 11:43:55,711 | INFO | HTTP Request: GET https://www.okx.com/api/v5/market/ticker?instId=ASP-USDT-SWAP "HTTP/2 200 OK"
2026-03-22 11:43:56,103 | INFO | HTTP Request: GET https://www.okx.com/api/v5/market/candles?instId=ACT-USDT-SWAP&bar=5m&limit=71 "HTTP/2 200 OK"
2026-03-22 11:43:56,107 | INFO | HTTP Request: GET https://www.okx.com/api/v5/market/candles?instId=ASP-USDT-SWAP&bar=5m&limit=89 "HTTP/2 200 OK"
2026-03-22 11:43:56,536 | INFO | HTTP Request: GET https://www.okx.com/api/v5/market/candles?instId=ATOM-USDT-SWAP&bar=5m&limit=71 "HTTP/2 200 OK"
2026-03-22 11:43:56,580 | INFO | HTTP Request: GET https://www.okx.com/api/v5/account/balance "HTTP/2 200 OK"
2026-03-22 11:43:56,642 | INFO | HTTP Request: GET https://www.okx.com/api/v5/market/ticker?instId=ASTER-USDT-SWAP "HTTP/2 200 OK"
2026-03-22 11:43:56,891 | INFO | HTTP Request: GET https://www.okx.com/api/v5/market/candles?instId=BTC-USDT-SWAP&bar=5m&limit=64 "HTTP/2 200 OK"
2026-03-22 11:43:56,944 | INFO | HTTP Request: GET https://www.okx.com/api/v5/market/candles?instId=AUCTION-USDT-SWAP&bar=5m&limit=71 "HTTP/2 200 OK"
2026-03-22 11:43:57,055 | INFO | HTTP Request: GET https://www.okx.com/api/v5/market/candles?instId=ASTER-USDT-SWAP&bar=5m&limit=89 "HTTP/2 200 OK"
2026-03-22 11:43:57,360 | INFO | HTTP Request: GET https://www.okx.com/api/v5/market/candles?instId=AVAX-USDT-SWAP&bar=5m&limit=71 "HTTP/2 200 OK"
2026-03-22 11:43:57,581 | INFO | HTTP Request: GET https://www.okx.com/api/v5/market/ticker?instId=ATOM-USDT-SWAP "HTTP/2 200 OK"
2026-03-22 11:43:57,797 | INFO | HTTP Request: GET https://www.okx.com/api/v5/market/candles?instId=AXS-USDT-SWAP&bar=5m&limit=71 "HTTP/2 200 OK"
2026-03-22 11:43:58,093 | INFO | HTTP Request: GET https://www.okx.com/api/v5/market/ticker?instId=AUCTION-USDT-SWAP "HTTP/2 200 OK"
2026-03-22 11:43:58,180 | INFO | HTTP Request: GET https://www.okx.com/api/v5/market/candles?instId=BNB-USDT-SWAP&bar=5m&limit=71 "HTTP/2 200 OK"
2026-03-22 11:43:58,614 | INFO | HTTP Request: GET https://www.okx.com/api/v5/market/candles?instId=BTC-USDT-SWAP&bar=5m&limit=71 "HTTP/2 200 OK"
2026-03-22 11:43:58,615 | INFO | HTTP Request: GET https://www.okx.com/api/v5/market/ticker?instId=AVAX-USDT-SWAP "HTTP/2 200 OK"
2026-03-22 11:43:58,991 | INFO | HTTP Request: GET https://www.okx.com/api/v5/market/candles?instId=CELO-USDT-SWAP&bar=5m&limit=71 "HTTP/2 200 OK"
2026-03-22 11:43:59,111 | INFO | HTTP Request: GET https://www.okx.com/api/v5/market/ticker?instId=AXS-USDT-SWAP "HTTP/2 200 OK"
2026-03-22 11:43:59,400 | INFO | HTTP Request: GET https://www.okx.com/api/v5/market/candles?instId=CFX-USDT-SWAP&bar=5m&limit=71 "HTTP/2 200 OK"
2026-03-22 11:43:59,628 | INFO | HTTP Request: GET https://www.okx.com/api/v5/market/ticker?instId=BAND-USDT-SWAP "HTTP/2 200 OK"
2026-03-22 11:43:59,813 | INFO | HTTP Request: GET https://www.okx.com/api/v5/market/candles?instId=CHZ-USDT-SWAP&bar=5m&limit=71 "HTTP/2 200 OK"
2026-03-22 11:44:00,114 | INFO | HTTP Request: GET https://www.okx.com/api/v5/market/candles?instId=BAND-USDT-SWAP&bar=5m&limit=89 "HTTP/2 200 OK"
2026-03-22 11:44:00,244 | INFO | HTTP Request: GET https://www.okx.com/api/v5/market/candles?instId=COMP-USDT-SWAP&bar=5m&limit=71 "HTTP/2 200 OK"
2026-03-22 11:44:00,646 | INFO | HTTP Request: GET https://www.okx.com/api/v5/market/candles?instId=CRV-USDT-SWAP&bar=5m&limit=71 "HTTP/2 200 OK"
2026-03-22 11:44:00,648 | INFO | HTTP Request: GET https://www.okx.com/api/v5/market/ticker?instId=BCH-USDT-SWAP "HTTP/2 200 OK"
2026-03-22 11:44:01,031 | INFO | HTTP Request: GET https://www.okx.com/api/v5/market/candles?instId=BCH-USDT-SWAP&bar=5m&limit=89 "HTTP/2 200 OK"
2026-03-22 11:44:01,040 | INFO | HTTP Request: GET https://www.okx.com/api/v5/market/candles?instId=DOGE-USDT-SWAP&bar=5m&limit=71 "HTTP/2 200 OK"
2026-03-22 11:44:01,442 | INFO | HTTP Request: GET https://www.okx.com/api/v5/market/candles?instId=DOT-USDT-SWAP&bar=5m&limit=71 "HTTP/2 200 OK"
2026-03-22 11:44:01,578 | INFO | HTTP Request: GET https://www.okx.com/api/v5/market/ticker?instId=BIO-USDT-SWAP "HTTP/2 200 OK"
2026-03-22 11:44:01,859 | INFO | HTTP Request: GET https://www.okx.com/api/v5/market/candles?instId=ENA-USDT-SWAP&bar=5m&limit=71 "HTTP/2 200 OK"
2026-03-22 11:44:01,955 | INFO | HTTP Request: GET https://www.okx.com/api/v5/market/candles?instId=BIO-USDT-SWAP&bar=5m&limit=89 "HTTP/2 200 OK"
2026-03-22 11:44:02,004 | INFO | HTTP Request: GET https://www.okx.com/api/v5/account/balance "HTTP/2 200 OK"
2026-03-22 11:44:02,268 | INFO | HTTP Request: GET https://www.okx.com/api/v5/market/candles?instId=ETC-USDT-SWAP&bar=5m&limit=71 "HTTP/2 200 OK"
2026-03-22 11:44:02,497 | INFO | HTTP Request: GET https://www.okx.com/api/v5/market/ticker?instId=BLUAI-USDT-SWAP "HTTP/2 200 OK"
2026-03-22 11:44:02,687 | INFO | HTTP Request: GET https://www.okx.com/api/v5/market/candles?instId=ETHFI-USDT-SWAP&bar=5m&limit=71 "HTTP/2 200 OK"
2026-03-22 11:44:02,938 | INFO | HTTP Request: GET https://www.okx.com/api/v5/market/candles?instId=BLUAI-USDT-SWAP&bar=5m&limit=89 "HTTP/2 200 OK"
2026-03-22 11:44:03,106 | INFO | HTTP Request: GET https://www.okx.com/api/v5/market/candles?instId=ETHW-USDT-SWAP&bar=5m&limit=71 "HTTP/2 200 OK"
2026-03-22 11:44:03,152 | INFO | HTTP Request: GET https://www.okx.com/api/v5/market/candles?instId=BTC-USDT-SWAP&bar=5m&limit=64 "HTTP/2 200 OK"
2026-03-22 11:44:03,427 | INFO | HTTP Request: GET https://www.okx.com/api/v5/market/ticker?instId=BNB-USDT-SWAP "HTTP/2 200 OK"
2026-03-22 11:44:03,515 | INFO | HTTP Request: GET https://www.okx.com/api/v5/market/candles?instId=FIL-USDT-SWAP&bar=5m&limit=71 "HTTP/2 200 OK"
2026-03-22 11:44:03,953 | INFO | HTTP Request: GET https://www.okx.com/api/v5/market/candles?instId=FLOKI-USDT-SWAP&bar=5m&limit=71 "HTTP/2 200 OK"
2026-03-22 11:44:03,954 | INFO | HTTP Request: GET https://www.okx.com/api/v5/market/ticker?instId=BOME-USDT-SWAP "HTTP/2 200 OK"
2026-03-22 11:44:04,337 | INFO | HTTP Request: GET https://www.okx.com/api/v5/market/candles?instId=H-USDT-SWAP&bar=5m&limit=71 "HTTP/2 200 OK"
2026-03-22 11:44:04,350 | INFO | HTTP Request: GET https://www.okx.com/api/v5/market/candles?instId=BOME-USDT-SWAP&bar=5m&limit=89 "HTTP/2 200 OK"
2026-03-22 11:44:04,749 | INFO | HTTP Request: GET https://www.okx.com/api/v5/market/candles?instId=HBAR-USDT-SWAP&bar=5m&limit=71 "HTTP/2 200 OK"
2026-03-22 11:44:04,867 | INFO | HTTP Request: GET https://www.okx.com/api/v5/market/ticker?instId=BRETT-USDT-SWAP "HTTP/2 200 OK"
2026-03-22 11:44:05,172 | INFO | HTTP Request: GET https://www.okx.com/api/v5/market/candles?instId=HOME-USDT-SWAP&bar=5m&limit=71 "HTTP/2 200 OK"
2026-03-22 11:44:05,299 | INFO | HTTP Request: GET https://www.okx.com/api/v5/market/candles?instId=BRETT-USDT-SWAP&bar=5m&limit=89 "HTTP/2 200 OK"
2026-03-22 11:44:05,562 | INFO | HTTP Request: GET https://www.okx.com/api/v5/market/candles?instId=ICP-USDT-SWAP&bar=5m&limit=71 "HTTP/2 200 OK"
2026-03-22 11:44:05,792 | INFO | HTTP Request: GET https://www.okx.com/api/v5/market/ticker?instId=BTC-USDT-SWAP "HTTP/2 200 OK"
2026-03-22 11:44:05,988 | INFO | HTTP Request: GET https://www.okx.com/api/v5/market/candles?instId=IMX-USDT-SWAP&bar=5m&limit=71 "HTTP/2 200 OK"
2026-03-22 11:44:06,316 | INFO | HTTP Request: GET https://www.okx.com/api/v5/market/ticker?instId=CAT-USDT-SWAP "HTTP/2 200 OK"
2026-03-22 11:44:06,398 | INFO | HTTP Request: GET https://www.okx.com/api/v5/market/candles?instId=INJ-USDT-SWAP&bar=5m&limit=71 "HTTP/2 200 OK"
2026-03-22 11:44:06,712 | INFO | HTTP Request: GET https://www.okx.com/api/v5/market/candles?instId=CAT-USDT-SWAP&bar=5m&limit=89 "HTTP/2 200 OK"
2026-03-22 11:44:06,812 | INFO | HTTP Request: GET https://www.okx.com/api/v5/market/candles?instId=JUP-USDT-SWAP&bar=5m&limit=71 "HTTP/2 200 OK"
2026-03-22 11:44:07,226 | INFO | HTTP Request: GET https://www.okx.com/api/v5/market/candles?instId=KAITO-USDT-SWAP&bar=5m&limit=71 "HTTP/2 200 OK"
2026-03-22 11:44:07,233 | INFO | HTTP Request: GET https://www.okx.com/api/v5/market/ticker?instId=CATI-USDT-SWAP "HTTP/2 200 OK"
2026-03-22 11:44:07,564 | INFO | HTTP Request: GET https://www.okx.com/api/v5/account/balance "HTTP/2 200 OK"
2026-03-22 11:44:07,615 | INFO | HTTP Request: GET https://www.okx.com/api/v5/market/candles?instId=LDO-USDT-SWAP&bar=5m&limit=71 "HTTP/2 200 OK"
2026-03-22 11:44:07,627 | INFO | HTTP Request: GET https://www.okx.com/api/v5/market/candles?instId=CATI-USDT-SWAP&bar=5m&limit=89 "HTTP/2 200 OK"
2026-03-22 11:44:08,011 | INFO | HTTP Request: GET https://www.okx.com/api/v5/market/candles?instId=LINEA-USDT-SWAP&bar=5m&limit=71 "HTTP/2 200 OK"
2026-03-22 11:44:08,116 | INFO | HTTP Request: GET https://www.okx.com/api/v5/market/ticker?instId=CELO-USDT-SWAP "HTTP/2 200 OK"
2026-03-22 11:44:08,423 | INFO | HTTP Request: GET https://www.okx.com/api/v5/market/candles?instId=LQTY-USDT-SWAP&bar=5m&limit=71 "HTTP/2 200 OK"
2026-03-22 11:44:08,644 | INFO | HTTP Request: GET https://www.okx.com/api/v5/market/ticker?instId=CFX-USDT-SWAP "HTTP/2 200 OK"
2026-03-22 11:44:08,812 | INFO | HTTP Request: GET https://www.okx.com/api/v5/market/candles?instId=LTC-USDT-SWAP&bar=5m&limit=71 "HTTP/2 200 OK"
2026-03-22 11:44:09,143 | INFO | HTTP Request: GET https://www.okx.com/api/v5/market/ticker?instId=CHZ-USDT-SWAP "HTTP/2 200 OK"
2026-03-22 11:44:09,237 | INFO | HTTP Request: GET https://www.okx.com/api/v5/market/candles?instId=MET-USDT-SWAP&bar=5m&limit=71 "HTTP/2 200 OK"
2026-03-22 11:44:09,399 | INFO | HTTP Request: GET https://www.okx.com/api/v5/market/candles?instId=BTC-USDT-SWAP&bar=5m&limit=64 "HTTP/2 200 OK"
2026-03-22 11:44:09,640 | INFO | HTTP Request: GET https://www.okx.com/api/v5/market/candles?instId=MINA-USDT-SWAP&bar=5m&limit=71 "HTTP/2 200 OK"
2026-03-22 11:44:09,642 | INFO | HTTP Request: GET https://www.okx.com/api/v5/market/ticker?instId=COAI-USDT-SWAP "HTTP/2 200 OK"
2026-03-22 11:44:10,018 | INFO | HTTP Request: GET https://www.okx.com/api/v5/market/candles?instId=NEAR-USDT-SWAP&bar=5m&limit=71 "HTTP/2 200 OK"
2026-03-22 11:44:10,026 | INFO | HTTP Request: GET https://www.okx.com/api/v5/market/candles?instId=COAI-USDT-SWAP&bar=5m&limit=89 "HTTP/2 200 OK"
2026-03-22 11:44:10,433 | INFO | HTTP Request: GET https://www.okx.com/api/v5/market/candles?instId=OP-USDT-SWAP&bar=5m&limit=71 "HTTP/2 200 OK"
2026-03-22 11:44:10,547 | INFO | HTTP Request: GET https://www.okx.com/api/v5/market/ticker?instId=COMP-USDT-SWAP "HTTP/2 200 OK"
2026-03-22 11:44:10,839 | INFO | HTTP Request: GET https://www.okx.com/api/v5/market/candles?instId=PEPE-USDT-SWAP&bar=5m&limit=71 "HTTP/2 200 OK"
2026-03-22 11:44:11,061 | INFO | HTTP Request: GET https://www.okx.com/api/v5/market/ticker?instId=CRO-USDT-SWAP "HTTP/2 200 OK"
2026-03-22 11:44:11,262 | INFO | HTTP Request: GET https://www.okx.com/api/v5/market/candles?instId=RESOLV-USDT-SWAP&bar=5m&limit=71 "HTTP/2 200 OK"
2026-03-22 11:44:11,464 | INFO | HTTP Request: GET https://www.okx.com/api/v5/market/candles?instId=CRO-USDT-SWAP&bar=5m&limit=89 "HTTP/2 200 OK"
2026-03-22 11:44:11,676 | INFO | HTTP Request: GET https://www.okx.com/api/v5/market/candles?instId=SAND-USDT-SWAP&bar=5m&limit=71 "HTTP/2 200 OK"
2026-03-22 11:44:11,969 | INFO | HTTP Request: GET https://www.okx.com/api/v5/market/ticker?instId=CRV-USDT-SWAP "HTTP/2 200 OK"
2026-03-22 11:44:12,073 | INFO | HTTP Request: GET https://www.okx.com/api/v5/market/candles?instId=MAGIC-USDT-SWAP&bar=5m&limit=26 "HTTP/2 200 OK"
2026-03-22 11:44:12,462 | INFO | HTTP Request: GET https://www.okx.com/api/v5/market/ticker?instId=MAGIC-USDT-SWAP "HTTP/2 200 OK"
2026-03-22 11:44:12,481 | INFO | HTTP Request: GET https://www.okx.com/api/v5/market/ticker?instId=DOGE-USDT-SWAP "HTTP/2 200 OK"
2026-03-22 11:44:12,885 | INFO | HTTP Request: GET https://www.okx.com/api/v5/market/candles?instId=SOL-USDT-SWAP&bar=5m&limit=26 "HTTP/2 200 OK"
2026-03-22 11:44:12,990 | INFO | HTTP Request: GET https://www.okx.com/api/v5/market/ticker?instId=DOT-USDT-SWAP "HTTP/2 200 OK"
2026-03-22 11:44:13,015 | INFO | HTTP Request: GET https://www.okx.com/api/v5/account/balance "HTTP/2 200 OK"
2026-03-22 11:44:13,273 | INFO | HTTP Request: GET https://www.okx.com/api/v5/market/ticker?instId=SOL-USDT-SWAP "HTTP/2 200 OK"
2026-03-22 11:44:13,493 | INFO | HTTP Request: GET https://www.okx.com/api/v5/market/ticker?instId=ENA-USDT-SWAP "HTTP/2 200 OK"
2026-03-22 11:44:13,670 | INFO | HTTP Request: GET https://www.okx.com/api/v5/public/instruments?instType=SWAP "HTTP/2 200 OK"
2026-03-22 11:44:14,039 | INFO | HTTP Request: GET https://www.okx.com/api/v5/market/ticker?instId=EOS-USDT-SWAP "HTTP/2 200 OK"
2026-03-22 11:44:14,039 | INFO | HTTP Request: GET https://www.okx.com/api/v5/account/balance "HTTP/2 200 OK"
2026-03-22 11:44:14,437 | INFO | HTTP Request: GET https://www.okx.com/api/v5/market/candles?instId=EOS-USDT-SWAP&bar=5m&limit=89 "HTTP/2 200 OK"
2026-03-22 11:44:14,517 | INFO | HTTP Request: GET https://www.okx.com/api/v5/trade/orders-pending?instType=SWAP&instId=1INCH-USDT-SWAP "HTTP/2 200 OK"
2026-03-22 11:44:14,884 | INFO | HTTP Request: GET https://www.okx.com/api/v5/market/ticker?instId=1INCH-USDT-SWAP "HTTP/2 200 OK"
2026-03-22 11:44:14,983 | INFO | HTTP Request: GET https://www.okx.com/api/v5/market/ticker?instId=ETC-USDT-SWAP "HTTP/2 200 OK"
2026-03-22 11:44:15,523 | INFO | HTTP Request: GET https://www.okx.com/api/v5/market/ticker?instId=ETH-USDT-SWAP "HTTP/2 200 OK"
2026-03-22 11:44:15,628 | INFO | HTTP Request: GET https://www.okx.com/api/v5/market/candles?instId=BTC-USDT-SWAP&bar=5m&limit=64 "HTTP/2 200 OK"
2026-03-22 11:44:15,892 | INFO | HTTP Request: GET https://www.okx.com/api/v5/market/candles?instId=ETH-USDT-SWAP&bar=5m&limit=89 "HTTP/2 200 OK"
2026-03-22 11:44:16,416 | INFO | HTTP Request: GET https://www.okx.com/api/v5/market/ticker?instId=ETHFI-USDT-SWAP "HTTP/2 200 OK"
2026-03-22 11:44:16,934 | INFO | HTTP Request: GET https://www.okx.com/api/v5/market/ticker?instId=ETHW-USDT-SWAP "HTTP/2 200 OK"
2026-03-22 11:44:17,433 | INFO | HTTP Request: GET https://www.okx.com/api/v5/market/ticker?instId=FIL-USDT-SWAP "HTTP/2 200 OK"
2026-03-22 11:44:17,937 | INFO | HTTP Request: GET https://www.okx.com/api/v5/market/ticker?instId=FLOKI-USDT-SWAP "HTTP/2 200 OK"
2026-03-22 11:44:18,420 | INFO | HTTP Request: GET https://www.okx.com/api/v5/account/balance "HTTP/2 200 OK"
2026-03-22 11:44:18,438 | INFO | HTTP Request: GET https://www.okx.com/api/v5/market/ticker?instId=GMT-USDT-SWAP "HTTP/2 200 OK"
2026-03-22 11:44:18,581 | INFO | HTTP Request: GET https://www.okx.com/api/v5/public/instruments?instType=SWAP "HTTP/2 200 OK"
2026-03-22 11:44:18,834 | INFO | HTTP Request: GET https://www.okx.com/api/v5/market/candles?instId=GMT-USDT-SWAP&bar=5m&limit=89 "HTTP/2 200 OK"
2026-03-22 11:44:18,951 | INFO | HTTP Request: GET https://www.okx.com/api/v5/account/balance "HTTP/2 200 OK"
2026-03-22 11:44:19,306 | INFO | HTTP Request: GET https://www.okx.com/api/v5/market/ticker?instId=H-USDT-SWAP "HTTP/2 200 OK"
2026-03-22 11:44:19,326 | INFO | HTTP Request: GET https://www.okx.com/api/v5/trade/orders-pending?instType=SWAP&instId=1INCH-USDT-SWAP "HTTP/2 200 OK"
2026-03-22 11:44:19,695 | INFO | HTTP Request: GET https://www.okx.com/api/v5/market/ticker?instId=1INCH-USDT-SWAP "HTTP/2 200 OK"
2026-03-22 11:44:19,789 | INFO | HTTP Request: GET https://www.okx.com/api/v5/market/ticker?instId=HBAR-USDT-SWAP "HTTP/2 200 OK"
2026-03-22 11:44:20,123 | INFO | HTTP Request: GET https://www.okx.com/api/v5/account/positions?instType=SWAP "HTTP/2 200 OK"
2026-03-22 11:44:20,328 | INFO | HTTP Request: GET https://www.okx.com/api/v5/market/ticker?instId=HMSTR-USDT-SWAP "HTTP/2 200 OK"
2026-03-22 11:44:20,497 | INFO | HTTP Request: GET https://www.okx.com/api/v5/market/candles?instId=SOL-USDT-SWAP&bar=15m&limit=121 "HTTP/2 200 OK"
2026-03-22 11:44:20,711 | INFO | HTTP Request: GET https://www.okx.com/api/v5/market/candles?instId=HMSTR-USDT-SWAP&bar=5m&limit=89 "HTTP/2 200 OK"
2026-03-22 11:44:20,919 | INFO | HTTP Request: GET https://www.okx.com/api/v5/market/candles?instId=SOL-USDT-SWAP&bar=5m&limit=97 "HTTP/2 200 OK"
2026-03-22 11:44:21,243 | INFO | HTTP Request: GET https://www.okx.com/api/v5/market/ticker?instId=HOME-USDT-SWAP "HTTP/2 200 OK"
2026-03-22 11:44:21,358 | INFO | HTTP Request: GET https://www.okx.com/api/v5/market/history-trades?instId=SOL-USDT-SWAP&limit=100 "HTTP/2 200 OK"
2026-03-22 11:44:21,734 | INFO | HTTP Request: GET https://www.okx.com/api/v5/market/books?instId=SOL-USDT-SWAP&sz=5 "HTTP/2 200 OK"
2026-03-22 11:44:21,747 | INFO | HTTP Request: GET https://www.okx.com/api/v5/market/ticker?instId=ICP-USDT-SWAP "HTTP/2 200 OK"
2026-03-22 11:44:21,886 | INFO | HTTP Request: GET https://www.okx.com/api/v5/market/candles?instId=BTC-USDT-SWAP&bar=5m&limit=64 "HTTP/2 200 OK"
2026-03-22 11:44:22,273 | INFO | HTTP Request: GET https://www.okx.com/api/v5/market/ticker?instId=IMX-USDT-SWAP "HTTP/2 200 OK"
2026-03-22 11:44:22,382 | INFO | HTTP Request: GET https://www.okx.com/api/v5/market/books?instId=SOL-USDT-SWAP&sz=5 "HTTP/2 200 OK"
2026-03-22 11:44:22,776 | INFO | HTTP Request: GET https://www.okx.com/api/v5/market/ticker?instId=INJ-USDT-SWAP "HTTP/2 200 OK"
2026-03-22 11:44:22,985 | INFO | HTTP Request: GET https://www.okx.com/api/v5/market/books?instId=SOL-USDT-SWAP&sz=5 "HTTP/2 200 OK"
2026-03-22 11:44:23,285 | INFO | HTTP Request: GET https://www.okx.com/api/v5/market/ticker?instId=IOTA-USDT-SWAP "HTTP/2 200 OK"
2026-03-22 11:44:23,635 | INFO | HTTP Request: GET https://www.okx.com/api/v5/market/books?instId=SOL-USDT-SWAP&sz=5 "HTTP/2 200 OK"
2026-03-22 11:44:23,671 | INFO | HTTP Request: GET https://www.okx.com/api/v5/market/candles?instId=IOTA-USDT-SWAP&bar=5m&limit=89 "HTTP/2 200 OK"
2026-03-22 11:44:23,860 | INFO | HTTP Request: GET https://www.okx.com/api/v5/account/balance "HTTP/2 200 OK"
2026-03-22 11:44:24,013 | INFO | HTTP Request: GET https://www.okx.com/api/v5/market/candles?instId=SOLV-USDT-SWAP&bar=15m&limit=121 "HTTP/2 200 OK"
2026-03-22 11:44:24,165 | INFO | HTTP Request: GET https://www.okx.com/api/v5/market/ticker?instId=JUP-USDT-SWAP "HTTP/2 200 OK"
2026-03-22 11:44:24,372 | INFO | HTTP Request: GET https://www.okx.com/api/v5/market/candles?instId=SOLV-USDT-SWAP&bar=5m&limit=97 "HTTP/2 200 OK"
2026-03-22 11:44:24,717 | INFO | HTTP Request: GET https://www.okx.com/api/v5/market/ticker?instId=KAITO-USDT-SWAP "HTTP/2 200 OK"
2026-03-22 11:44:24,798 | INFO | HTTP Request: GET https://www.okx.com/api/v5/market/history-trades?instId=SOLV-USDT-SWAP&limit=100 "HTTP/2 200 OK"
2026-03-22 11:44:25,214 | INFO | HTTP Request: GET https://www.okx.com/api/v5/market/ticker?instId=KSM-USDT-SWAP "HTTP/2 200 OK"
2026-03-22 11:44:25,235 | INFO | HTTP Request: GET https://www.okx.com/api/v5/market/books?instId=SOLV-USDT-SWAP&sz=5 "HTTP/2 200 OK"
2026-03-22 11:44:25,677 | INFO | HTTP Request: GET https://www.okx.com/api/v5/market/candles?instId=KSM-USDT-SWAP&bar=5m&limit=89 "HTTP/2 200 OK"
2026-03-22 11:44:25,835 | INFO | HTTP Request: GET https://www.okx.com/api/v5/market/books?instId=SOLV-USDT-SWAP&sz=5 "HTTP/2 200 OK"
2026-03-22 11:44:26,192 | INFO | HTTP Request: GET https://www.okx.com/api/v5/market/ticker?instId=LDO-USDT-SWAP "HTTP/2 200 OK"
2026-03-22 11:44:26,482 | INFO | HTTP Request: GET https://www.okx.com/api/v5/market/books?instId=SOLV-USDT-SWAP&sz=5 "HTTP/2 200 OK"
2026-03-22 11:44:26,681 | INFO | HTTP Request: GET https://www.okx.com/api/v5/market/ticker?instId=LINEA-USDT-SWAP "HTTP/2 200 OK"
2026-03-22 11:44:27,092 | INFO | HTTP Request: GET https://www.okx.com/api/v5/market/books?instId=SOLV-USDT-SWAP&sz=5 "HTTP/2 200 OK"
2026-03-22 11:44:27,189 | INFO | HTTP Request: GET https://www.okx.com/api/v5/market/ticker?instId=LINK-USDT-SWAP "HTTP/2 200 OK"
2026-03-22 11:44:27,461 | INFO | HTTP Request: GET https://www.okx.com/api/v5/market/candles?instId=SPK-USDT-SWAP&bar=15m&limit=121 "HTTP/2 200 OK"
2026-03-22 11:44:27,585 | INFO | HTTP Request: GET https://www.okx.com/api/v5/market/candles?instId=LINK-USDT-SWAP&bar=5m&limit=89 "HTTP/2 200 OK"
2026-03-22 11:44:27,827 | INFO | HTTP Request: GET https://www.okx.com/api/v5/market/candles?instId=SPK-USDT-SWAP&bar=5m&limit=97 "HTTP/2 200 OK"
2026-03-22 11:44:28,073 | INFO | HTTP Request: GET https://www.okx.com/api/v5/market/ticker?instId=LIT-USDT-SWAP "HTTP/2 200 OK"
2026-03-22 11:44:28,124 | INFO | HTTP Request: GET https://www.okx.com/api/v5/market/candles?instId=BTC-USDT-SWAP&bar=5m&limit=64 "HTTP/2 200 OK"
2026-03-22 11:44:28,230 | INFO | HTTP Request: GET https://www.okx.com/api/v5/market/history-trades?instId=SPK-USDT-SWAP&limit=100 "HTTP/2 200 OK"
2026-03-22 11:44:28,436 | INFO | HTTP Request: GET https://www.okx.com/api/v5/market/candles?instId=LIT-USDT-SWAP&bar=5m&limit=89 "HTTP/2 200 OK"
2026-03-22 11:44:28,633 | INFO | HTTP Request: GET https://www.okx.com/api/v5/market/books?instId=SPK-USDT-SWAP&sz=5 "HTTP/2 200 OK"
2026-03-22 11:44:28,917 | INFO | HTTP Request: GET https://www.okx.com/api/v5/market/ticker?instId=LPT-USDT-SWAP "HTTP/2 200 OK"
2026-03-22 11:44:29,235 | INFO | HTTP Request: GET https://www.okx.com/api/v5/market/books?instId=SPK-USDT-SWAP&sz=5 "HTTP/2 200 OK"
2026-03-22 11:44:29,313 | INFO | HTTP Request: GET https://www.okx.com/api/v5/market/candles?instId=LPT-USDT-SWAP&bar=5m&limit=89 "HTTP/2 200 OK"
2026-03-22 11:44:29,321 | INFO | HTTP Request: GET https://www.okx.com/api/v5/account/balance "HTTP/2 200 OK"
2026-03-22 11:44:29,837 | INFO | HTTP Request: GET https://www.okx.com/api/v5/market/books?instId=SPK-USDT-SWAP&sz=5 "HTTP/2 200 OK"
2026-03-22 11:44:29,859 | INFO | HTTP Request: GET https://www.okx.com/api/v5/market/ticker?instId=LQTY-USDT-SWAP "HTTP/2 200 OK"
2026-03-22 11:44:30,369 | INFO | HTTP Request: GET https://www.okx.com/api/v5/market/ticker?instId=LRC-USDT-SWAP "HTTP/2 200 OK"
2026-03-22 11:44:30,491 | INFO | HTTP Request: GET https://www.okx.com/api/v5/market/books?instId=SPK-USDT-SWAP&sz=5 "HTTP/2 200 OK"
2026-03-22 11:44:30,765 | INFO | HTTP Request: GET https://www.okx.com/api/v5/market/candles?instId=LRC-USDT-SWAP&bar=5m&limit=89 "HTTP/2 200 OK"
2026-03-22 11:44:30,863 | INFO | HTTP Request: GET https://www.okx.com/api/v5/market/candles?instId=STRK-USDT-SWAP&bar=15m&limit=121 "HTTP/2 200 OK"
2026-03-22 11:44:31,281 | INFO | HTTP Request: GET https://www.okx.com/api/v5/market/candles?instId=STRK-USDT-SWAP&bar=5m&limit=97 "HTTP/2 200 OK"
2026-03-22 11:44:31,286 | INFO | HTTP Request: GET https://www.okx.com/api/v5/market/ticker?instId=LTC-USDT-SWAP "HTTP/2 200 OK"
2026-03-22 11:44:31,683 | INFO | HTTP Request: GET https://www.okx.com/api/v5/market/history-trades?instId=STRK-USDT-SWAP&limit=100 "HTTP/2 200 OK"
2026-03-22 11:44:31,797 | INFO | HTTP Request: GET https://www.okx.com/api/v5/market/ticker?instId=MAJOR-USDT-SWAP "HTTP/2 200 OK"
2026-03-22 11:44:32,120 | INFO | HTTP Request: GET https://www.okx.com/api/v5/market/books?instId=STRK-USDT-SWAP&sz=5 "HTTP/2 200 OK"
2026-03-22 11:44:32,189 | INFO | HTTP Request: GET https://www.okx.com/api/v5/market/candles?instId=MAJOR-USDT-SWAP&bar=5m&limit=89 "HTTP/2 200 OK"
2026-03-22 11:44:32,759 | INFO | HTTP Request: GET https://www.okx.com/api/v5/market/ticker?instId=MASK-USDT-SWAP "HTTP/2 200 OK"
2026-03-22 11:44:32,767 | INFO | HTTP Request: GET https://www.okx.com/api/v5/market/books?instId=STRK-USDT-SWAP&sz=5 "HTTP/2 200 OK"
2026-03-22 11:44:33,112 | INFO | HTTP Request: GET https://www.okx.com/api/v5/market/candles?instId=MASK-USDT-SWAP&bar=5m&limit=89 "HTTP/2 200 OK"
2026-03-22 11:44:33,366 | INFO | HTTP Request: GET https://www.okx.com/api/v5/market/books?instId=STRK-USDT-SWAP&sz=5 "HTTP/2 200 OK"
2026-03-22 11:44:33,590 | INFO | HTTP Request: GET https://www.okx.com/api/v5/market/ticker?instId=MET-USDT-SWAP "HTTP/2 200 OK"
2026-03-22 11:44:33,963 | INFO | HTTP Request: GET https://www.okx.com/api/v5/market/books?instId=STRK-USDT-SWAP&sz=5 "HTTP/2 200 OK"
2026-03-22 11:44:34,075 | INFO | HTTP Request: GET https://www.okx.com/api/v5/market/ticker?instId=MINA-USDT-SWAP "HTTP/2 200 OK"
2026-03-22 11:44:34,364 | INFO | HTTP Request: GET https://www.okx.com/api/v5/market/candles?instId=1INCH-USDT-SWAP&bar=5m&limit=71 "HTTP/2 200 OK"
2026-03-22 11:44:34,375 | INFO | HTTP Request: GET https://www.okx.com/api/v5/market/candles?instId=BTC-USDT-SWAP&bar=5m&limit=64 "HTTP/2 200 OK"
2026-03-22 11:44:34,591 | INFO | HTTP Request: GET https://www.okx.com/api/v5/market/ticker?instId=MKR-USDT-SWAP "HTTP/2 200 OK"
2026-03-22 11:44:34,776 | INFO | HTTP Request: GET https://www.okx.com/api/v5/market/candles?instId=2Z-USDT-SWAP&bar=5m&limit=71 "HTTP/2 200 OK"
2026-03-22 11:44:34,801 | INFO | HTTP Request: GET https://www.okx.com/api/v5/account/balance "HTTP/2 200 OK"
2026-03-22 11:44:34,986 | INFO | HTTP Request: GET https://www.okx.com/api/v5/market/candles?instId=MKR-USDT-SWAP&bar=5m&limit=89 "HTTP/2 200 OK"
2026-03-22 11:44:35,204 | INFO | HTTP Request: GET https://www.okx.com/api/v5/market/candles?instId=AAVE-USDT-SWAP&bar=5m&limit=71 "HTTP/2 200 OK"
2026-03-22 11:44:35,515 | INFO | HTTP Request: GET https://www.okx.com/api/v5/market/ticker?instId=MUBARAK-USDT-SWAP "HTTP/2 200 OK"
2026-03-22 11:44:35,618 | INFO | HTTP Request: GET https://www.okx.com/api/v5/market/candles?instId=ACT-USDT-SWAP&bar=5m&limit=71 "HTTP/2 200 OK"
2026-03-22 11:44:35,992 | INFO | HTTP Request: GET https://www.okx.com/api/v5/market/candles?instId=MUBARAK-USDT-SWAP&bar=5m&limit=89 "HTTP/2 200 OK"
2026-03-22 11:44:36,009 | INFO | HTTP Request: GET https://www.okx.com/api/v5/market/candles?instId=ALGO-USDT-SWAP&bar=5m&limit=71 "HTTP/2 200 OK"
2026-03-22 11:44:36,421 | INFO | HTTP Request: GET https://www.okx.com/api/v5/market/candles?instId=ARB-USDT-SWAP&bar=5m&limit=71 "HTTP/2 200 OK"
2026-03-22 11:44:36,536 | INFO | HTTP Request: GET https://www.okx.com/api/v5/market/ticker?instId=NEAR-USDT-SWAP "HTTP/2 200 OK"
2026-03-22 11:44:36,820 | INFO | HTTP Request: GET https://www.okx.com/api/v5/market/candles?instId=ATOM-USDT-SWAP&bar=5m&limit=71 "HTTP/2 200 OK"
2026-03-22 11:44:37,024 | INFO | HTTP Request: GET https://www.okx.com/api/v5/market/ticker?instId=NEO-USDT-SWAP "HTTP/2 200 OK"
2026-03-22 11:44:37,232 | INFO | HTTP Request: GET https://www.okx.com/api/v5/market/candles?instId=AUCTION-USDT-SWAP&bar=5m&limit=71 "HTTP/2 200 OK"
2026-03-22 11:44:37,437 | INFO | HTTP Request: GET https://www.okx.com/api/v5/market/candles?instId=NEO-USDT-SWAP&bar=5m&limit=89 "HTTP/2 200 OK"
2026-03-22 11:44:37,652 | INFO | HTTP Request: GET https://www.okx.com/api/v5/market/candles?instId=AVAX-USDT-SWAP&bar=5m&limit=71 "HTTP/2 200 OK"
2026-03-22 11:44:37,952 | INFO | HTTP Request: GET https://www.okx.com/api/v5/market/ticker?instId=NOT-USDT-SWAP "HTTP/2 200 OK"
2026-03-22 11:44:38,047 | INFO | HTTP Request: GET https://www.okx.com/api/v5/market/candles?instId=AXS-USDT-SWAP&bar=5m&limit=71 "HTTP/2 200 OK"
2026-03-22 11:44:38,368 | INFO | HTTP Request: GET https://www.okx.com/api/v5/market/candles?instId=NOT-USDT-SWAP&bar=5m&limit=89 "HTTP/2 200 OK"
2026-03-22 11:44:38,452 | INFO | HTTP Request: GET https://www.okx.com/api/v5/market/candles?instId=BNB-USDT-SWAP&bar=5m&limit=71 "HTTP/2 200 OK"
2026-03-22 11:44:38,866 | INFO | HTTP Request: GET https://www.okx.com/api/v5/market/candles?instId=BTC-USDT-SWAP&bar=5m&limit=71 "HTTP/2 200 OK"
2026-03-22 11:44:38,873 | INFO | HTTP Request: GET https://www.okx.com/api/v5/market/ticker?instId=OP-USDT-SWAP "HTTP/2 200 OK"
2026-03-22 11:44:39,265 | INFO | HTTP Request: GET https://www.okx.com/api/v5/market/candles?instId=CELO-USDT-SWAP&bar=5m&limit=71 "HTTP/2 200 OK"
2026-03-22 11:44:39,413 | INFO | HTTP Request: GET https://www.okx.com/api/v5/market/ticker?instId=PEPE-USDT-SWAP "HTTP/2 200 OK"
2026-03-22 11:44:39,669 | INFO | HTTP Request: GET https://www.okx.com/api/v5/market/candles?instId=CFX-USDT-SWAP&bar=5m&limit=71 "HTTP/2 200 OK"
2026-03-22 11:44:39,904 | INFO | HTTP Request: GET https://www.okx.com/api/v5/market/ticker?instId=PIGGY-USDT-SWAP "HTTP/2 200 OK"
2026-03-22 11:44:40,029 | INFO | HTTP Request: GET https://www.okx.com/api/v5/market/candles?instId=CHZ-USDT-SWAP&bar=5m&limit=71 "HTTP/2 200 OK"
2026-03-22 11:44:40,258 | INFO | HTTP Request: GET https://www.okx.com/api/v5/account/balance "HTTP/2 200 OK"
2026-03-22 11:44:40,273 | INFO | HTTP Request: GET https://www.okx.com/api/v5/market/candles?instId=PIGGY-USDT-SWAP&bar=5m&limit=89 "HTTP/2 200 OK"
2026-03-22 11:44:40,426 | INFO | HTTP Request: GET https://www.okx.com/api/v5/market/candles?instId=COMP-USDT-SWAP&bar=5m&limit=71 "HTTP/2 200 OK"
2026-03-22 11:44:40,760 | INFO | HTTP Request: GET https://www.okx.com/api/v5/market/ticker?instId=QTUM-USDT-SWAP "HTTP/2 200 OK"
2026-03-22 11:44:40,795 | INFO | HTTP Request: GET https://www.okx.com/api/v5/market/candles?instId=CRV-USDT-SWAP&bar=5m&limit=71 "HTTP/2 200 OK"
2026-03-22 11:44:41,135 | INFO | HTTP Request: GET https://www.okx.com/api/v5/market/candles?instId=QTUM-USDT-SWAP&bar=5m&limit=89 "HTTP/2 200 OK"
2026-03-22 11:44:41,175 | INFO | HTTP Request: GET https://www.okx.com/api/v5/market/candles?instId=DOGE-USDT-SWAP&bar=5m&limit=71 "HTTP/2 200 OK"
2026-03-22 11:44:41,541 | INFO | HTTP Request: GET https://www.okx.com/api/v5/market/candles?instId=DOT-USDT-SWAP&bar=5m&limit=71 "HTTP/2 200 OK"
2026-03-22 11:44:41,646 | INFO | HTTP Request: GET https://www.okx.com/api/v5/market/ticker?instId=RAVE-USDT-SWAP "HTTP/2 200 OK"
2026-03-22 11:44:41,946 | INFO | HTTP Request: GET https://www.okx.com/api/v5/market/candles?instId=ENA-USDT-SWAP&bar=5m&limit=71 "HTTP/2 200 OK"
2026-03-22 11:44:42,049 | INFO | HTTP Request: GET https://www.okx.com/api/v5/market/candles?instId=RAVE-USDT-SWAP&bar=5m&limit=89 "HTTP/2 200 OK"
2026-03-22 11:44:42,383 | INFO | HTTP Request: GET https://www.okx.com/api/v5/market/candles?instId=ETC-USDT-SWAP&bar=5m&limit=71 "HTTP/2 200 OK"
2026-03-22 11:44:42,578 | INFO | HTTP Request: GET https://www.okx.com/api/v5/market/ticker?instId=RESOLV-USDT-SWAP "HTTP/2 200 OK"
2026-03-22 11:44:42,829 | INFO | HTTP Request: GET https://www.okx.com/api/v5/market/candles?instId=ETHFI-USDT-SWAP&bar=5m&limit=71 "HTTP/2 200 OK"
2026-03-22 11:44:43,098 | INFO | HTTP Request: GET https://www.okx.com/api/v5/market/ticker?instId=ROBO-USDT-SWAP "HTTP/2 200 OK"
2026-03-22 11:44:43,208 | INFO | HTTP Request: GET https://www.okx.com/api/v5/market/candles?instId=ETHW-USDT-SWAP&bar=5m&limit=71 "HTTP/2 200 OK"
2026-03-22 11:44:43,494 | INFO | HTTP Request: GET https://www.okx.com/api/v5/market/candles?instId=ROBO-USDT-SWAP&bar=5m&limit=89 "HTTP/2 200 OK"
2026-03-22 11:44:43,597 | INFO | HTTP Request: GET https://www.okx.com/api/v5/market/candles?instId=FIL-USDT-SWAP&bar=5m&limit=71 "HTTP/2 200 OK"
2026-03-22 11:44:43,743 | INFO | HTTP Request: GET https://www.okx.com/api/v5/market/candles?instId=BTC-USDT-SWAP&bar=5m&limit=64 "HTTP/2 200 OK"
2026-03-22 11:44:44,017 | INFO | HTTP Request: GET https://www.okx.com/api/v5/market/candles?instId=FLOKI-USDT-SWAP&bar=5m&limit=71 "HTTP/2 200 OK"
2026-03-22 11:44:44,029 | INFO | HTTP Request: GET https://www.okx.com/api/v5/market/ticker?instId=SAND-USDT-SWAP "HTTP/2 200 OK"
2026-03-22 11:44:44,439 | INFO | HTTP Request: GET https://www.okx.com/api/v5/market/candles?instId=H-USDT-SWAP&bar=5m&limit=71 "HTTP/2 200 OK"
2026-03-22 11:44:44,566 | INFO | HTTP Request: GET https://www.okx.com/api/v5/market/ticker?instId=SCR-USDT-SWAP "HTTP/2 200 OK"
2026-03-22 11:44:44,847 | INFO | HTTP Request: GET https://www.okx.com/api/v5/market/candles?instId=HBAR-USDT-SWAP&bar=5m&limit=71 "HTTP/2 200 OK"
2026-03-22 11:44:45,052 | INFO | HTTP Request: GET https://www.okx.com/api/v5/market/ticker?instId=SHIB-USDT-SWAP "HTTP/2 200 OK"
2026-03-22 11:44:45,256 | INFO | HTTP Request: GET https://www.okx.com/api/v5/market/candles?instId=HOME-USDT-SWAP&bar=5m&limit=71 "HTTP/2 200 OK"
2026-03-22 11:44:45,556 | INFO | HTTP Request: GET https://www.okx.com/api/v5/market/ticker?instId=SKY-USDT-SWAP "HTTP/2 200 OK"
2026-03-22 11:44:45,572 | INFO | HTTP Request: GET https://www.okx.com/api/v5/account/balance "HTTP/2 200 OK"
2026-03-22 11:44:45,663 | INFO | HTTP Request: GET https://www.okx.com/api/v5/market/candles?instId=ICP-USDT-SWAP&bar=5m&limit=71 "HTTP/2 200 OK"
2026-03-22 11:44:46,067 | INFO | HTTP Request: GET https://www.okx.com/api/v5/market/candles?instId=IMX-USDT-SWAP&bar=5m&limit=71 "HTTP/2 200 OK"
2026-03-22 11:44:46,068 | INFO | HTTP Request: GET https://www.okx.com/api/v5/market/ticker?instId=SOLV-USDT-SWAP "HTTP/2 200 OK"
2026-03-22 11:44:46,494 | INFO | HTTP Request: GET https://www.okx.com/api/v5/market/candles?instId=INJ-USDT-SWAP&bar=5m&limit=71 "HTTP/2 200 OK"
2026-03-22 11:44:46,587 | INFO | HTTP Request: GET https://www.okx.com/api/v5/market/ticker?instId=SPK-USDT-SWAP "HTTP/2 200 OK"
2026-03-22 11:44:46,876 | INFO | HTTP Request: GET https://www.okx.com/api/v5/market/candles?instId=JUP-USDT-SWAP&bar=5m&limit=71 "HTTP/2 200 OK"
2026-03-22 11:44:47,108 | INFO | HTTP Request: GET https://www.okx.com/api/v5/market/ticker?instId=STRK-USDT-SWAP "HTTP/2 200 OK"
2026-03-22 11:44:47,289 | INFO | HTTP Request: GET https://www.okx.com/api/v5/market/candles?instId=KAITO-USDT-SWAP&bar=5m&limit=71 "HTTP/2 200 OK"
2026-03-22 11:44:47,605 | INFO | HTTP Request: GET https://www.okx.com/api/v5/market/ticker?instId=SUI-USDT-SWAP "HTTP/2 200 OK"
2026-03-22 11:44:47,694 | INFO | HTTP Request: GET https://www.okx.com/api/v5/market/candles?instId=LDO-USDT-SWAP&bar=5m&limit=71 "HTTP/2 200 OK"
2026-03-22 11:44:48,003 | INFO | HTTP Request: GET https://www.okx.com/api/v5/market/candles?instId=SUI-USDT-SWAP&bar=5m&limit=89 "HTTP/2 200 OK"
2026-03-22 11:44:48,100 | INFO | HTTP Request: GET https://www.okx.com/api/v5/market/candles?instId=LINEA-USDT-SWAP&bar=5m&limit=71 "HTTP/2 200 OK"
2026-03-22 11:44:48,514 | INFO | HTTP Request: GET https://www.okx.com/api/v5/market/candles?instId=LQTY-USDT-SWAP&bar=5m&limit=71 "HTTP/2 200 OK"
2026-03-22 11:44:48,517 | INFO | HTTP Request: GET https://www.okx.com/api/v5/market/ticker?instId=SUSHI-USDT-SWAP "HTTP/2 200 OK"
2026-03-22 11:44:48,920 | INFO | HTTP Request: GET https://www.okx.com/api/v5/market/candles?instId=LTC-USDT-SWAP&bar=5m&limit=71 "HTTP/2 200 OK"
2026-03-22 11:44:48,935 | INFO | HTTP Request: GET https://www.okx.com/api/v5/market/candles?instId=SUSHI-USDT-SWAP&bar=5m&limit=89 "HTTP/2 200 OK"
2026-03-22 11:44:49,342 | INFO | HTTP Request: GET https://www.okx.com/api/v5/market/candles?instId=MET-USDT-SWAP&bar=5m&limit=71 "HTTP/2 200 OK"
2026-03-22 11:44:49,442 | INFO | HTTP Request: GET https://www.okx.com/api/v5/market/ticker?instId=SYRUP-USDT-SWAP "HTTP/2 200 OK"
2026-03-22 11:44:49,748 | INFO | HTTP Request: GET https://www.okx.com/api/v5/market/candles?instId=MINA-USDT-SWAP&bar=5m&limit=71 "HTTP/2 200 OK"
2026-03-22 11:44:49,835 | INFO | HTTP Request: GET https://www.okx.com/api/v5/market/candles?instId=SYRUP-USDT-SWAP&bar=5m&limit=89 "HTTP/2 200 OK"
2026-03-22 11:44:50,003 | INFO | HTTP Request: GET https://www.okx.com/api/v5/market/candles?instId=BTC-USDT-SWAP&bar=5m&limit=64 "HTTP/2 200 OK"
2026-03-22 11:44:50,136 | INFO | HTTP Request: GET https://www.okx.com/api/v5/market/candles?instId=NEAR-USDT-SWAP&bar=5m&limit=71 "HTTP/2 200 OK"
2026-03-22 11:44:50,360 | INFO | HTTP Request: GET https://www.okx.com/api/v5/market/ticker?instId=TEST1234-USDT-SWAP "HTTP/2 200 OK"
2026-03-22 11:44:50,510 | INFO | HTTP Request: GET https://www.okx.com/api/v5/market/candles?instId=OP-USDT-SWAP&bar=5m&limit=71 "HTTP/2 200 OK"
2026-03-22 11:44:50,739 | INFO | HTTP Request: GET https://www.okx.com/api/v5/market/candles?instId=TEST1234-USDT-SWAP&bar=5m&limit=89 "HTTP/2 200 OK"
2026-03-22 11:44:50,883 | INFO | HTTP Request: GET https://www.okx.com/api/v5/market/candles?instId=PEPE-USDT-SWAP&bar=5m&limit=71 "HTTP/2 200 OK"
2026-03-22 11:44:51,061 | INFO | HTTP Request: GET https://www.okx.com/api/v5/account/balance "HTTP/2 200 OK"
2026-03-22 11:44:51,221 | INFO | HTTP Request: GET https://www.okx.com/api/v5/market/ticker?instId=TEST3103-USDT-SWAP "HTTP/2 200 OK"
2026-03-22 11:44:51,253 | INFO | HTTP Request: GET https://www.okx.com/api/v5/market/candles?instId=RESOLV-USDT-SWAP&bar=5m&limit=71 "HTTP/2 200 OK"
2026-03-22 11:44:51,614 | INFO | HTTP Request: GET https://www.okx.com/api/v5/market/candles?instId=TEST3103-USDT-SWAP&bar=5m&limit=89 "HTTP/2 200 OK"
2026-03-22 11:44:51,645 | INFO | HTTP Request: GET https://www.okx.com/api/v5/market/candles?instId=SAND-USDT-SWAP&bar=5m&limit=71 "HTTP/2 200 OK"
2026-03-22 11:44:52,058 | INFO | HTTP Request: GET https://www.okx.com/api/v5/market/candles?instId=MAGIC-USDT-SWAP&bar=5m&limit=26 "HTTP/2 200 OK"
2026-03-22 11:44:52,151 | INFO | HTTP Request: GET https://www.okx.com/api/v5/market/ticker?instId=TEST3110-USDT-SWAP "HTTP/2 200 OK"
2026-03-22 11:44:52,435 | INFO | HTTP Request: GET https://www.okx.com/api/v5/market/ticker?instId=MAGIC-USDT-SWAP "HTTP/2 200 OK"
2026-03-22 11:44:52,538 | INFO | HTTP Request: GET https://www.okx.com/api/v5/market/candles?instId=TEST3110-USDT-SWAP&bar=5m&limit=89 "HTTP/2 200 OK"
2026-03-22 11:44:52,851 | INFO | HTTP Request: GET https://www.okx.com/api/v5/market/candles?instId=SOL-USDT-SWAP&bar=5m&limit=26 "HTTP/2 200 OK"
2026-03-22 11:44:53,064 | INFO | HTTP Request: GET https://www.okx.com/api/v5/market/ticker?instId=THETA-USDT-SWAP "HTTP/2 200 OK"
2026-03-22 11:44:53,262 | INFO | HTTP Request: GET https://www.okx.com/api/v5/market/ticker?instId=SOL-USDT-SWAP "HTTP/2 200 OK"
2026-03-22 11:44:53,466 | INFO | HTTP Request: GET https://www.okx.com/api/v5/market/candles?instId=THETA-USDT-SWAP&bar=5m&limit=89 "HTTP/2 200 OK"
2026-03-22 11:44:53,747 | INFO | HTTP Request: GET https://www.okx.com/api/v5/public/instruments?instType=SWAP "HTTP/2 200 OK"
2026-03-22 11:44:53,985 | INFO | HTTP Request: GET https://www.okx.com/api/v5/market/ticker?instId=TON-USDT-SWAP "HTTP/2 200 OK"
2026-03-22 11:44:54,112 | INFO | HTTP Request: GET https://www.okx.com/api/v5/account/balance "HTTP/2 200 OK"
2026-03-22 11:44:54,358 | INFO | HTTP Request: GET https://www.okx.com/api/v5/market/candles?instId=TON-USDT-SWAP&bar=5m&limit=89 "HTTP/2 200 OK"
2026-03-22 11:44:54,545 | INFO | HTTP Request: GET https://www.okx.com/api/v5/trade/orders-pending?instType=SWAP&instId=1INCH-USDT-SWAP "HTTP/2 200 OK"
2026-03-22 11:44:54,840 | INFO | HTTP Request: GET https://www.okx.com/api/v5/market/ticker?instId=TRIA-USDT-SWAP "HTTP/2 200 OK"
2026-03-22 11:44:54,931 | INFO | HTTP Request: GET https://www.okx.com/api/v5/market/ticker?instId=1INCH-USDT-SWAP "HTTP/2 200 OK"
2026-03-22 11:44:55,241 | INFO | HTTP Request: GET https://www.okx.com/api/v5/market/candles?instId=TRIA-USDT-SWAP&bar=5m&limit=89 "HTTP/2 200 OK"
2026-03-22 11:44:55,758 | INFO | HTTP Request: GET https://www.okx.com/api/v5/market/ticker?instId=TRX-USDT-SWAP "HTTP/2 200 OK"
2026-03-22 11:44:56,149 | INFO | HTTP Request: GET https://www.okx.com/api/v5/market/candles?instId=TRX-USDT-SWAP&bar=5m&limit=89 "HTTP/2 200 OK"
2026-03-22 11:44:56,261 | INFO | HTTP Request: GET https://www.okx.com/api/v5/market/candles?instId=BTC-USDT-SWAP&bar=5m&limit=64 "HTTP/2 200 OK"
2026-03-22 11:44:56,500 | INFO | HTTP Request: GET https://www.okx.com/api/v5/account/balance "HTTP/2 200 OK"
2026-03-22 11:44:56,688 | INFO | HTTP Request: GET https://www.okx.com/api/v5/market/ticker?instId=TSLA-USDT-SWAP "HTTP/2 200 OK"
2026-03-22 11:44:57,074 | INFO | HTTP Request: GET https://www.okx.com/api/v5/market/candles?instId=TSLA-USDT-SWAP&bar=5m&limit=89 "HTTP/2 200 OK"
2026-03-22 11:44:57,606 | INFO | HTTP Request: GET https://www.okx.com/api/v5/market/ticker?instId=XAG-USDT-SWAP "HTTP/2 200 OK"
2026-03-22 11:44:57,979 | INFO | HTTP Request: GET https://www.okx.com/api/v5/market/candles?instId=XAG-USDT-SWAP&bar=5m&limit=89 "HTTP/2 200 OK"
2026-03-22 11:44:58,509 | INFO | HTTP Request: GET https://www.okx.com/api/v5/market/ticker?instId=XAU-USDT-SWAP "HTTP/2 200 OK"
2026-03-22 11:44:58,707 | INFO | HTTP Request: GET https://www.okx.com/api/v5/public/instruments?instType=SWAP "HTTP/2 200 OK"
2026-03-22 11:44:58,876 | INFO | HTTP Request: GET https://www.okx.com/api/v5/market/candles?instId=XAU-USDT-SWAP&bar=5m&limit=89 "HTTP/2 200 OK"
2026-03-22 11:44:59,099 | INFO | HTTP Request: GET https://www.okx.com/api/v5/account/balance "HTTP/2 200 OK"
2026-03-22 11:44:59,434 | INFO | HTTP Request: GET https://www.okx.com/api/v5/market/ticker?instId=XLM-USDT-SWAP "HTTP/2 200 OK"
2026-03-22 11:44:59,504 | INFO | HTTP Request: GET https://www.okx.com/api/v5/trade/orders-pending?instType=SWAP&instId=1INCH-USDT-SWAP "HTTP/2 200 OK"
2026-03-22 11:44:59,800 | INFO | HTTP Request: GET https://www.okx.com/api/v5/market/candles?instId=XLM-USDT-SWAP&bar=5m&limit=89 "HTTP/2 200 OK"
2026-03-22 11:44:59,899 | INFO | HTTP Request: GET https://www.okx.com/api/v5/market/ticker?instId=1INCH-USDT-SWAP "HTTP/2 200 OK"
2026-03-22 11:45:00,327 | INFO | HTTP Request: GET https://www.okx.com/api/v5/account/positions?instType=SWAP "HTTP/2 200 OK"
2026-03-22 11:45:00,332 | INFO | HTTP Request: GET https://www.okx.com/api/v5/market/ticker?instId=XPL-USDT-SWAP "HTTP/2 200 OK"
2026-03-22 11:45:00,734 | INFO | HTTP Request: GET https://www.okx.com/api/v5/market/candles?instId=SUI-USDT-SWAP&bar=15m&limit=121 "HTTP/2 200 OK"
2026-03-22 11:45:00,737 | INFO | HTTP Request: GET https://www.okx.com/api/v5/market/candles?instId=XPL-USDT-SWAP&bar=5m&limit=89 "HTTP/2 200 OK"
2026-03-22 11:45:01,151 | INFO | HTTP Request: GET https://www.okx.com/api/v5/market/candles?instId=SUI-USDT-SWAP&bar=5m&limit=97 "HTTP/2 200 OK"
2026-03-22 11:45:01,280 | INFO | HTTP Request: GET https://www.okx.com/api/v5/market/ticker?instId=XRP-USDT-SWAP "HTTP/2 200 OK"
2026-03-22 11:45:01,573 | INFO | HTTP Request: GET https://www.okx.com/api/v5/market/history-trades?instId=SUI-USDT-SWAP&limit=100 "HTTP/2 200 OK"
2026-03-22 11:45:01,888 | INFO | HTTP Request: GET https://www.okx.com/api/v5/account/balance "HTTP/2 200 OK"
2026-03-22 11:45:02,021 | INFO | HTTP Request: GET https://www.okx.com/api/v5/market/books?instId=SUI-USDT-SWAP&sz=5 "HTTP/2 200 OK"
2026-03-22 11:45:02,139 | INFO | HTTP Request: GET https://www.okx.com/api/v5/market/candles?instId=YFI-USDT-SWAP&bar=5m&limit=89 "HTTP/2 200 OK"
2026-03-22 11:45:02,519 | INFO | HTTP Request: GET https://www.okx.com/api/v5/market/candles?instId=BTC-USDT-SWAP&bar=5m&limit=64 "HTTP/2 200 OK"
2026-03-22 11:45:02,609 | INFO | HTTP Request: GET https://www.okx.com/api/v5/market/books?instId=SUI-USDT-SWAP&sz=5 "HTTP/2 200 OK"
2026-03-22 11:45:02,637 | INFO | HTTP Request: GET https://www.okx.com/api/v5/market/ticker?instId=YGG-USDT-SWAP "HTTP/2 200 OK"
2026-03-22 11:45:03,023 | INFO | HTTP Request: GET https://www.okx.com/api/v5/market/candles?instId=YGG-USDT-SWAP&bar=5m&limit=89 "HTTP/2 200 OK"
2026-03-22 11:45:03,271 | INFO | HTTP Request: GET https://www.okx.com/api/v5/market/books?instId=SUI-USDT-SWAP&sz=5 "HTTP/2 200 OK"
2026-03-22 11:45:03,546 | INFO | HTTP Request: GET https://www.okx.com/api/v5/market/ticker?instId=ZBCN-USDT-SWAP "HTTP/2 200 OK"
2026-03-22 11:45:03,868 | INFO | HTTP Request: GET https://www.okx.com/api/v5/market/books?instId=SUI-USDT-SWAP&sz=5 "HTTP/2 200 OK"
2026-03-22 11:45:03,949 | INFO | HTTP Request: GET https://www.okx.com/api/v5/market/candles?instId=ZBCN-USDT-SWAP&bar=5m&limit=89 "HTTP/2 200 OK"
2026-03-22 11:45:04,247 | INFO | HTTP Request: GET https://www.okx.com/api/v5/market/candles?instId=SUSHI-USDT-SWAP&bar=15m&limit=121 "HTTP/2 200 OK"
2026-03-22 11:45:04,479 | INFO | HTTP Request: GET https://www.okx.com/api/v5/market/ticker?instId=ZETA-USDT-SWAP "HTTP/2 200 OK"
2026-03-22 11:45:04,669 | INFO | HTTP Request: GET https://www.okx.com/api/v5/market/candles?instId=SUSHI-USDT-SWAP&bar=5m&limit=97 "HTTP/2 200 OK"
2026-03-22 11:45:04,860 | INFO | HTTP Request: GET https://www.okx.com/api/v5/market/candles?instId=ZETA-USDT-SWAP&bar=5m&limit=89 "HTTP/2 200 OK"
2026-03-22 11:45:05,095 | INFO | HTTP Request: GET https://www.okx.com/api/v5/market/history-trades?instId=SUSHI-USDT-SWAP&limit=100 "HTTP/2 200 OK"
2026-03-22 11:45:05,389 | INFO | HTTP Request: GET https://www.okx.com/api/v5/market/ticker?instId=ZIL-USDT-SWAP "HTTP/2 200 OK"
2026-03-22 11:45:05,484 | INFO | HTTP Request: GET https://www.okx.com/api/v5/market/books?instId=SUSHI-USDT-SWAP&sz=5 "HTTP/2 200 OK"
2026-03-22 11:45:05,789 | INFO | HTTP Request: GET https://www.okx.com/api/v5/market/candles?instId=ZIL-USDT-SWAP&bar=5m&limit=89 "HTTP/2 200 OK"
2026-03-22 11:45:06,082 | INFO | HTTP Request: GET https://www.okx.com/api/v5/market/books?instId=SUSHI-USDT-SWAP&sz=5 "HTTP/2 200 OK"
2026-03-22 11:45:06,305 | INFO | HTTP Request: GET https://www.okx.com/api/v5/market/ticker?instId=MAGIC-USDT-SWAP "HTTP/2 200 OK"
2026-03-22 11:45:06,734 | INFO | HTTP Request: GET https://www.okx.com/api/v5/market/books?instId=SUSHI-USDT-SWAP&sz=5 "HTTP/2 200 OK"
2026-03-22 11:45:06,760 | INFO | HTTP Request: GET https://www.okx.com/api/v5/market/candles?instId=MAGIC-USDT-SWAP&bar=5m&limit=89 "HTTP/2 200 OK"
2026-03-22 11:45:07,273 | INFO | HTTP Request: GET https://www.okx.com/api/v5/market/ticker?instId=SOL-USDT-SWAP "HTTP/2 200 OK"
2026-03-22 11:45:07,315 | INFO | HTTP Request: GET https://www.okx.com/api/v5/account/balance "HTTP/2 200 OK"
2026-03-22 11:45:07,327 | INFO | HTTP Request: GET https://www.okx.com/api/v5/market/books?instId=SUSHI-USDT-SWAP&sz=5 "HTTP/2 200 OK"
2026-03-22 11:45:07,640 | INFO | HTTP Request: GET https://www.okx.com/api/v5/market/candles?instId=SOL-USDT-SWAP&bar=5m&limit=89 "HTTP/2 200 OK"
2026-03-22 11:45:07,713 | INFO | HTTP Request: GET https://www.okx.com/api/v5/market/candles?instId=SYRUP-USDT-SWAP&bar=15m&limit=121 "HTTP/2 200 OK"
2026-03-22 11:45:08,125 | INFO | HTTP Request: GET https://www.okx.com/api/v5/market/ticker?instId=1INCH-USDT-SWAP "HTTP/2 200 OK"
2026-03-22 11:45:08,127 | INFO | HTTP Request: GET https://www.okx.com/api/v5/market/candles?instId=SYRUP-USDT-SWAP&bar=5m&limit=97 "HTTP/2 200 OK"
2026-03-22 11:45:08,542 | INFO | HTTP Request: GET https://www.okx.com/api/v5/market/candles?instId=1INCH-USDT-SWAP&bar=5m&limit=89 "HTTP/2 200 OK"
2026-03-22 11:45:08,553 | INFO | HTTP Request: GET https://www.okx.com/api/v5/market/history-trades?instId=SYRUP-USDT-SWAP&limit=100 "HTTP/2 200 OK"
2026-03-22 11:45:08,770 | INFO | HTTP Request: GET https://www.okx.com/api/v5/market/candles?instId=BTC-USDT-SWAP&bar=5m&limit=64 "HTTP/2 200 OK"
2026-03-22 11:45:08,974 | INFO | HTTP Request: GET https://www.okx.com/api/v5/market/books?instId=SYRUP-USDT-SWAP&sz=5 "HTTP/2 200 OK"
2026-03-22 11:45:09,047 | INFO | HTTP Request: GET https://www.okx.com/api/v5/market/ticker?instId=2Z-USDT-SWAP "HTTP/2 200 OK"
2026-03-22 11:45:09,454 | INFO | HTTP Request: GET https://www.okx.com/api/v5/market/candles?instId=2Z-USDT-SWAP&bar=5m&limit=89 "HTTP/2 200 OK"
2026-03-22 11:45:09,572 | INFO | HTTP Request: GET https://www.okx.com/api/v5/market/books?instId=SYRUP-USDT-SWAP&sz=5 "HTTP/2 200 OK"
2026-03-22 11:45:09,982 | INFO | HTTP Request: GET https://www.okx.com/api/v5/market/ticker?instId=A-USDT-SWAP "HTTP/2 200 OK"
2026-03-22 11:45:10,213 | INFO | HTTP Request: GET https://www.okx.com/api/v5/market/books?instId=SYRUP-USDT-SWAP&sz=5 "HTTP/2 200 OK"
2026-03-22 11:45:10,353 | INFO | HTTP Request: GET https://www.okx.com/api/v5/market/candles?instId=A-USDT-SWAP&bar=5m&limit=89 "HTTP/2 200 OK"
2026-03-22 11:45:10,820 | INFO | HTTP Request: GET https://www.okx.com/api/v5/market/books?instId=SYRUP-USDT-SWAP&sz=5 "HTTP/2 200 OK"
2026-03-22 11:45:10,855 | INFO | HTTP Request: GET https://www.okx.com/api/v5/market/ticker?instId=AAVE-USDT-SWAP "HTTP/2 200 OK"
2026-03-22 11:45:11,234 | INFO | HTTP Request: GET https://www.okx.com/api/v5/market/candles?instId=TEST1234-USDT-SWAP&bar=15m&limit=121 "HTTP/2 200 OK"
2026-03-22 11:45:11,247 | INFO | HTTP Request: GET https://www.okx.com/api/v5/market/candles?instId=AAVE-USDT-SWAP&bar=5m&limit=89 "HTTP/2 200 OK"
2026-03-22 11:45:11,644 | INFO | HTTP Request: GET https://www.okx.com/api/v5/market/candles?instId=TEST1234-USDT-SWAP&bar=5m&limit=97 "HTTP/2 200 OK"
2026-03-22 11:45:11,781 | INFO | HTTP Request: GET https://www.okx.com/api/v5/market/ticker?instId=ACT-USDT-SWAP "HTTP/2 200 OK"
2026-03-22 11:45:12,072 | INFO | HTTP Request: GET https://www.okx.com/api/v5/market/history-trades?instId=TEST1234-USDT-SWAP&limit=100 "HTTP/2 200 OK"
2026-03-22 11:45:12,178 | INFO | HTTP Request: GET https://www.okx.com/api/v5/market/candles?instId=ACT-USDT-SWAP&bar=5m&limit=89 "HTTP/2 200 OK"
2026-03-22 11:45:12,487 | INFO | HTTP Request: GET https://www.okx.com/api/v5/market/books?instId=TEST1234-USDT-SWAP&sz=5 "HTTP/2 200 OK"
2026-03-22 11:45:12,637 | INFO | HTTP Request: GET https://www.okx.com/api/v5/account/balance "HTTP/2 200 OK"
2026-03-22 11:45:12,695 | INFO | HTTP Request: GET https://www.okx.com/api/v5/market/ticker?instId=ADA-USDT-SWAP "HTTP/2 200 OK"
2026-03-22 11:45:13,106 | INFO | HTTP Request: GET https://www.okx.com/api/v5/market/books?instId=TEST1234-USDT-SWAP&sz=5 "HTTP/2 200 OK"
2026-03-22 11:45:13,122 | INFO | HTTP Request: GET https://www.okx.com/api/v5/market/candles?instId=ADA-USDT-SWAP&bar=5m&limit=89 "HTTP/2 200 OK"
2026-03-22 11:45:13,641 | INFO | HTTP Request: GET https://www.okx.com/api/v5/market/ticker?instId=AI16Z-USDT-SWAP "HTTP/2 200 OK"
2026-03-22 11:45:13,732 | INFO | HTTP Request: GET https://www.okx.com/api/v5/market/books?instId=TEST1234-USDT-SWAP&sz=5 "HTTP/2 200 OK"
2026-03-22 11:45:14,014 | INFO | HTTP Request: GET https://www.okx.com/api/v5/market/candles?instId=AI16Z-USDT-SWAP&bar=5m&limit=89 "HTTP/2 200 OK"
2026-03-22 11:45:14,333 | INFO | HTTP Request: GET https://www.okx.com/api/v5/market/books?instId=TEST1234-USDT-SWAP&sz=5 "HTTP/2 200 OK"
2026-03-22 11:45:14,546 | INFO | HTTP Request: GET https://www.okx.com/api/v5/market/ticker?instId=AKITA-USDT-SWAP "HTTP/2 200 OK"
2026-03-22 11:45:14,752 | INFO | HTTP Request: GET https://www.okx.com/api/v5/market/candles?instId=1INCH-USDT-SWAP&bar=5m&limit=71 "HTTP/2 200 OK"
2026-03-22 11:45:14,947 | INFO | HTTP Request: GET https://www.okx.com/api/v5/market/candles?instId=AKITA-USDT-SWAP&bar=5m&limit=89 "HTTP/2 200 OK"
2026-03-22 11:45:15,031 | INFO | HTTP Request: GET https://www.okx.com/api/v5/market/candles?instId=BTC-USDT-SWAP&bar=5m&limit=64 "HTTP/2 200 OK"
2026-03-22 11:45:15,169 | INFO | HTTP Request: GET https://www.okx.com/api/v5/market/candles?instId=2Z-USDT-SWAP&bar=5m&limit=71 "HTTP/2 200 OK"
2026-03-22 11:45:15,487 | INFO | HTTP Request: GET https://www.okx.com/api/v5/market/ticker?instId=ALGO-USDT-SWAP "HTTP/2 200 OK"
2026-03-22 11:45:15,563 | INFO | HTTP Request: GET https://www.okx.com/api/v5/market/candles?instId=ALGO-USDT-SWAP&bar=5m&limit=71 "HTTP/2 200 OK"
2026-03-22 11:45:15,880 | INFO | HTTP Request: GET https://www.okx.com/api/v5/market/candles?instId=ALGO-USDT-SWAP&bar=5m&limit=89 "HTTP/2 200 OK"
2026-03-22 11:45:15,979 | INFO | HTTP Request: GET https://www.okx.com/api/v5/market/candles?instId=ARB-USDT-SWAP&bar=5m&limit=71 "HTTP/2 200 OK"
2026-03-22 11:45:16,387 | INFO | HTTP Request: GET https://www.okx.com/api/v5/market/candles?instId=ATOM-USDT-SWAP&bar=5m&limit=71 "HTTP/2 200 OK"
2026-03-22 11:45:16,391 | INFO | HTTP Request: GET https://www.okx.com/api/v5/market/ticker?instId=ARB-USDT-SWAP "HTTP/2 200 OK"
2026-03-22 11:45:16,788 | INFO | HTTP Request: GET https://www.okx.com/api/v5/market/candles?instId=AUCTION-USDT-SWAP&bar=5m&limit=71 "HTTP/2 200 OK"
2026-03-22 11:45:16,891 | INFO | HTTP Request: GET https://www.okx.com/api/v5/market/ticker?instId=ASP-USDT-SWAP "HTTP/2 200 OK"
2026-03-22 11:45:17,194 | INFO | HTTP Request: GET https://www.okx.com/api/v5/market/candles?instId=AVAX-USDT-SWAP&bar=5m&limit=71 "HTTP/2 200 OK"
2026-03-22 11:45:17,294 | INFO | HTTP Request: GET https://www.okx.com/api/v5/market/candles?instId=ASP-USDT-SWAP&bar=5m&limit=89 "HTTP/2 200 OK"
2026-03-22 11:45:17,612 | INFO | HTTP Request: GET https://www.okx.com/api/v5/market/candles?instId=AXS-USDT-SWAP&bar=5m&limit=71 "HTTP/2 200 OK"
2026-03-22 11:45:17,814 | INFO | HTTP Request: GET https://www.okx.com/api/v5/market/ticker?instId=ASTER-USDT-SWAP "HTTP/2 200 OK"
2026-03-22 11:45:17,945 | INFO | HTTP Request: GET https://www.okx.com/api/v5/account/balance "HTTP/2 200 OK"
2026-03-22 11:45:18,009 | INFO | HTTP Request: GET https://www.okx.com/api/v5/market/candles?instId=BNB-USDT-SWAP&bar=5m&limit=71 "HTTP/2 200 OK"
2026-03-22 11:45:18,203 | INFO | HTTP Request: GET https://www.okx.com/api/v5/market/candles?instId=ASTER-USDT-SWAP&bar=5m&limit=89 "HTTP/2 200 OK"
2026-03-22 11:45:18,429 | INFO | HTTP Request: GET https://www.okx.com/api/v5/market/candles?instId=BTC-USDT-SWAP&bar=5m&limit=71 "HTTP/2 200 OK"
2026-03-22 11:45:18,698 | INFO | HTTP Request: GET https://www.okx.com/api/v5/market/ticker?instId=ATOM-USDT-SWAP "HTTP/2 200 OK"
2026-03-22 11:45:18,790 | INFO | HTTP Request: GET https://www.okx.com/api/v5/market/candles?instId=CELO-USDT-SWAP&bar=5m&limit=71 "HTTP/2 200 OK"
2026-03-22 11:45:19,220 | INFO | HTTP Request: GET https://www.okx.com/api/v5/market/candles?instId=CFX-USDT-SWAP&bar=5m&limit=71 "HTTP/2 200 OK"
2026-03-22 11:45:19,234 | INFO | HTTP Request: GET https://www.okx.com/api/v5/market/ticker?instId=AUCTION-USDT-SWAP "HTTP/2 200 OK"
2026-03-22 11:45:19,611 | INFO | HTTP Request: GET https://www.okx.com/api/v5/market/candles?instId=CHZ-USDT-SWAP&bar=5m&limit=71 "HTTP/2 200 OK"
2026-03-22 11:45:19,729 | INFO | HTTP Request: GET https://www.okx.com/api/v5/market/ticker?instId=AVAX-USDT-SWAP "HTTP/2 200 OK"
2026-03-22 11:45:20,031 | INFO | HTTP Request: GET https://www.okx.com/api/v5/market/candles?instId=COMP-USDT-SWAP&bar=5m&limit=71 "HTTP/2 200 OK"
2026-03-22 11:45:20,248 | INFO | HTTP Request: GET https://www.okx.com/api/v5/market/ticker?instId=AXS-USDT-SWAP "HTTP/2 200 OK"
2026-03-22 11:45:20,436 | INFO | HTTP Request: GET https://www.okx.com/api/v5/market/candles?instId=CRV-USDT-SWAP&bar=5m&limit=71 "HTTP/2 200 OK"
2026-03-22 11:45:20,777 | INFO | HTTP Request: GET https://www.okx.com/api/v5/market/ticker?instId=BAND-USDT-SWAP "HTTP/2 200 OK"
2026-03-22 11:45:20,870 | INFO | HTTP Request: GET https://www.okx.com/api/v5/market/candles?instId=DOGE-USDT-SWAP&bar=5m&limit=71 "HTTP/2 200 OK"
2026-03-22 11:45:21,171 | INFO | HTTP Request: GET https://www.okx.com/api/v5/market/candles?instId=BAND-USDT-SWAP&bar=5m&limit=89 "HTTP/2 200 OK"
2026-03-22 11:45:21,280 | INFO | HTTP Request: GET https://www.okx.com/api/v5/market/candles?instId=DOT-USDT-SWAP&bar=5m&limit=71 "HTTP/2 200 OK"
2026-03-22 11:45:21,670 | INFO | HTTP Request: GET https://www.okx.com/api/v5/market/candles?instId=ENA-USDT-SWAP&bar=5m&limit=71 "HTTP/2 200 OK"
2026-03-22 11:45:21,671 | INFO | HTTP Request: GET https://www.okx.com/api/v5/market/ticker?instId=BCH-USDT-SWAP "HTTP/2 200 OK"
2026-03-22 11:45:22,067 | INFO | HTTP Request: GET https://www.okx.com/api/v5/market/candles?instId=BCH-USDT-SWAP&bar=5m&limit=89 "HTTP/2 200 OK"
2026-03-22 11:45:22,075 | INFO | HTTP Request: GET https://www.okx.com/api/v5/market/candles?instId=ETC-USDT-SWAP&bar=5m&limit=71 "HTTP/2 200 OK"
2026-03-22 11:45:22,496 | INFO | HTTP Request: GET https://www.okx.com/api/v5/market/candles?instId=ETHFI-USDT-SWAP&bar=5m&limit=71 "HTTP/2 200 OK"
2026-03-22 11:45:22,605 | INFO | HTTP Request: GET https://www.okx.com/api/v5/market/ticker?instId=BIO-USDT-SWAP "HTTP/2 200 OK"
2026-03-22 11:45:22,866 | INFO | HTTP Request: GET https://www.okx.com/api/v5/market/ticker?instId=ETHFI-USDT-SWAP "HTTP/2 200 OK"
2026-03-22 11:45:22,921 | INFO | ETHFI-USDT-SWAP: Turtle 55 long-сигнал отклонён (закрытие не удержалось выше канала)
2026-03-22 11:45:22,924 | INFO | ETHFI-USDT-SWAP: Turtle 20 long-сигнал отклонён (закрытие не удержалось выше канала)
2026-03-22 11:45:22,998 | INFO | HTTP Request: GET https://www.okx.com/api/v5/market/candles?instId=BIO-USDT-SWAP&bar=5m&limit=89 "HTTP/2 200 OK"
2026-03-22 11:45:23,303 | INFO | HTTP Request: GET https://www.okx.com/api/v5/market/candles?instId=ETHW-USDT-SWAP&bar=5m&limit=71 "HTTP/2 200 OK"
2026-03-22 11:45:23,539 | INFO | HTTP Request: GET https://www.okx.com/api/v5/market/ticker?instId=BLUAI-USDT-SWAP "HTTP/2 200 OK"
2026-03-22 11:45:23,619 | INFO | HTTP Request: GET https://www.okx.com/api/v5/account/balance "HTTP/2 200 OK"
2026-03-22 11:45:23,710 | INFO | HTTP Request: GET https://www.okx.com/api/v5/market/candles?instId=FIL-USDT-SWAP&bar=5m&limit=71 "HTTP/2 200 OK"
2026-03-22 11:45:23,915 | INFO | HTTP Request: GET https://www.okx.com/api/v5/market/candles?instId=BLUAI-USDT-SWAP&bar=5m&limit=89 "HTTP/2 200 OK"
2026-03-22 11:45:24,145 | INFO | HTTP Request: GET https://www.okx.com/api/v5/market/candles?instId=FLOKI-USDT-SWAP&bar=5m&limit=71 "HTTP/2 200 OK"
2026-03-22 11:45:24,376 | INFO | HTTP Request: GET https://www.okx.com/api/v5/market/candles?instId=BTC-USDT-SWAP&bar=5m&limit=64 "HTTP/2 200 OK"
2026-03-22 11:45:24,434 | INFO | HTTP Request: GET https://www.okx.com/api/v5/market/ticker?instId=BNB-USDT-SWAP "HTTP/2 200 OK"
2026-03-22 11:45:24,523 | INFO | HTTP Request: GET https://www.okx.com/api/v5/market/candles?instId=H-USDT-SWAP&bar=5m&limit=71 "HTTP/2 200 OK"
2026-03-22 11:45:24,898 | INFO | HTTP Request: GET https://www.okx.com/api/v5/market/candles?instId=HBAR-USDT-SWAP&bar=5m&limit=71 "HTTP/2 200 OK"
2026-03-22 11:45:24,985 | INFO | HTTP Request: GET https://www.okx.com/api/v5/market/ticker?instId=BOME-USDT-SWAP "HTTP/2 200 OK"
2026-03-22 11:45:25,321 | INFO | HTTP Request: GET https://www.okx.com/api/v5/market/candles?instId=HOME-USDT-SWAP&bar=5m&limit=71 "HTTP/2 200 OK"
2026-03-22 11:45:25,414 | INFO | HTTP Request: GET https://www.okx.com/api/v5/market/candles?instId=BOME-USDT-SWAP&bar=5m&limit=89 "HTTP/2 200 OK"
2026-03-22 11:45:25,721 | INFO | HTTP Request: GET https://www.okx.com/api/v5/market/candles?instId=ICP-USDT-SWAP&bar=5m&limit=71 "HTTP/2 200 OK"
2026-03-22 11:45:25,937 | INFO | HTTP Request: GET https://www.okx.com/api/v5/market/ticker?instId=BRETT-USDT-SWAP "HTTP/2 200 OK"
2026-03-22 11:45:26,119 | INFO | HTTP Request: GET https://www.okx.com/api/v5/market/candles?instId=IMX-USDT-SWAP&bar=5m&limit=71 "HTTP/2 200 OK"
2026-03-22 11:45:26,357 | INFO | HTTP Request: GET https://www.okx.com/api/v5/market/candles?instId=BRETT-USDT-SWAP&bar=5m&limit=89 "HTTP/2 200 OK"
2026-03-22 11:45:26,555 | INFO | HTTP Request: GET https://www.okx.com/api/v5/market/candles?instId=INJ-USDT-SWAP&bar=5m&limit=71 "HTTP/2 200 OK"
2026-03-22 11:45:26,860 | INFO | HTTP Request: GET https://www.okx.com/api/v5/market/ticker?instId=BTC-USDT-SWAP "HTTP/2 200 OK"
2026-03-22 11:45:26,956 | INFO | HTTP Request: GET https://www.okx.com/api/v5/market/candles?instId=JUP-USDT-SWAP&bar=5m&limit=71 "HTTP/2 200 OK"
2026-03-22 11:45:27,358 | INFO | HTTP Request: GET https://www.okx.com/api/v5/market/candles?instId=KAITO-USDT-SWAP&bar=5m&limit=71 "HTTP/2 200 OK"
2026-03-22 11:45:27,360 | INFO | HTTP Request: GET https://www.okx.com/api/v5/market/ticker?instId=CAT-USDT-SWAP "HTTP/2 200 OK"
2026-03-22 11:45:27,740 | INFO | HTTP Request: GET https://www.okx.com/api/v5/market/candles?instId=LDO-USDT-SWAP&bar=5m&limit=71 "HTTP/2 200 OK"
2026-03-22 11:45:27,752 | INFO | HTTP Request: GET https://www.okx.com/api/v5/market/candles?instId=CAT-USDT-SWAP&bar=5m&limit=89 "HTTP/2 200 OK"
2026-03-22 11:45:28,170 | INFO | HTTP Request: GET https://www.okx.com/api/v5/market/candles?instId=LINEA-USDT-SWAP&bar=5m&limit=71 "HTTP/2 200 OK"
2026-03-22 11:45:28,281 | INFO | HTTP Request: GET https://www.okx.com/api/v5/market/ticker?instId=CATI-USDT-SWAP "HTTP/2 200 OK"
2026-03-22 11:45:28,573 | INFO | HTTP Request: GET https://www.okx.com/api/v5/market/candles?instId=LQTY-USDT-SWAP&bar=5m&limit=71 "HTTP/2 200 OK"
2026-03-22 11:45:28,654 | INFO | HTTP Request: GET https://www.okx.com/api/v5/market/candles?instId=CATI-USDT-SWAP&bar=5m&limit=89 "HTTP/2 200 OK"
2026-03-22 11:45:28,975 | INFO | HTTP Request: GET https://www.okx.com/api/v5/account/balance "HTTP/2 200 OK"
2026-03-22 11:45:28,978 | INFO | HTTP Request: GET https://www.okx.com/api/v5/market/candles?instId=LTC-USDT-SWAP&bar=5m&limit=71 "HTTP/2 200 OK"
2026-03-22 11:45:29,191 | INFO | HTTP Request: GET https://www.okx.com/api/v5/market/ticker?instId=CELO-USDT-SWAP "HTTP/2 200 OK"
2026-03-22 11:45:29,375 | INFO | HTTP Request: GET https://www.okx.com/api/v5/market/candles?instId=MET-USDT-SWAP&bar=5m&limit=71 "HTTP/2 200 OK"
2026-03-22 11:45:29,692 | INFO | HTTP Request: GET https://www.okx.com/api/v5/market/ticker?instId=CFX-USDT-SWAP "HTTP/2 200 OK"
2026-03-22 11:45:29,813 | INFO | HTTP Request: GET https://www.okx.com/api/v5/market/candles?instId=MINA-USDT-SWAP&bar=5m&limit=71 "HTTP/2 200 OK"
2026-03-22 11:45:30,205 | INFO | HTTP Request: GET https://www.okx.com/api/v5/market/candles?instId=NEAR-USDT-SWAP&bar=5m&limit=71 "HTTP/2 200 OK"
2026-03-22 11:45:30,238 | INFO | HTTP Request: GET https://www.okx.com/api/v5/market/ticker?instId=CHZ-USDT-SWAP "HTTP/2 200 OK"
2026-03-22 11:45:30,594 | INFO | HTTP Request: GET https://www.okx.com/api/v5/market/candles?instId=OP-USDT-SWAP&bar=5m&limit=71 "HTTP/2 200 OK"
2026-03-22 11:45:30,627 | INFO | HTTP Request: GET https://www.okx.com/api/v5/market/candles?instId=BTC-USDT-SWAP&bar=5m&limit=64 "HTTP/2 200 OK"
2026-03-22 11:45:30,738 | INFO | HTTP Request: GET https://www.okx.com/api/v5/market/ticker?instId=COAI-USDT-SWAP "HTTP/2 200 OK"
2026-03-22 11:45:31,038 | INFO | HTTP Request: GET https://www.okx.com/api/v5/market/candles?instId=PEPE-USDT-SWAP&bar=5m&limit=71 "HTTP/2 200 OK"
2026-03-22 11:45:31,145 | INFO | HTTP Request: GET https://www.okx.com/api/v5/market/candles?instId=COAI-USDT-SWAP&bar=5m&limit=89 "HTTP/2 200 OK"
2026-03-22 11:45:31,518 | INFO | HTTP Request: GET https://www.okx.com/api/v5/market/candles?instId=RESOLV-USDT-SWAP&bar=5m&limit=71 "HTTP/2 200 OK"
2026-03-22 11:45:31,661 | INFO | HTTP Request: GET https://www.okx.com/api/v5/market/ticker?instId=COMP-USDT-SWAP "HTTP/2 200 OK"
2026-03-22 11:45:31,958 | INFO | HTTP Request: GET https://www.okx.com/api/v5/market/candles?instId=SAND-USDT-SWAP&bar=5m&limit=71 "HTTP/2 200 OK"
2026-03-22 11:45:32,178 | INFO | HTTP Request: GET https://www.okx.com/api/v5/market/ticker?instId=CRO-USDT-SWAP "HTTP/2 200 OK"
2026-03-22 11:45:32,383 | INFO | HTTP Request: GET https://www.okx.com/api/v5/market/candles?instId=SUI-USDT-SWAP&bar=5m&limit=71 "HTTP/2 200 OK"
2026-03-22 11:45:32,558 | INFO | HTTP Request: GET https://www.okx.com/api/v5/market/candles?instId=CRO-USDT-SWAP&bar=5m&limit=89 "HTTP/2 200 OK"
2026-03-22 11:45:32,841 | INFO | HTTP Request: GET https://www.okx.com/api/v5/market/candles?instId=SYRUP-USDT-SWAP&bar=5m&limit=71 "HTTP/2 200 OK"
2026-03-22 11:45:33,103 | INFO | HTTP Request: GET https://www.okx.com/api/v5/market/ticker?instId=CRV-USDT-SWAP "HTTP/2 200 OK"
2026-03-22 11:45:33,268 | INFO | HTTP Request: GET https://www.okx.com/api/v5/market/candles?instId=MAGIC-USDT-SWAP&bar=5m&limit=26 "HTTP/2 200 OK"
2026-03-22 11:45:33,635 | INFO | HTTP Request: GET https://www.okx.com/api/v5/market/ticker?instId=DOGE-USDT-SWAP "HTTP/2 200 OK"
2026-03-22 11:45:33,639 | INFO | HTTP Request: GET https://www.okx.com/api/v5/market/ticker?instId=MAGIC-USDT-SWAP "HTTP/2 200 OK"
2026-03-22 11:45:33,994 | INFO | HTTP Request: GET https://www.okx.com/api/v5/trade/orders-algo-pending?ordType=conditional&instType=SWAP&instId=MAGIC-USDT-SWAP "HTTP/2 200 OK"
2026-03-22 11:45:34,163 | INFO | HTTP Request: GET https://www.okx.com/api/v5/market/ticker?instId=DOT-USDT-SWAP "HTTP/2 200 OK"
2026-03-22 11:45:34,237 | INFO | HTTP Request: GET https://www.okx.com/api/v5/trade/orders-algo-pending?ordType=oco&instType=SWAP&instId=MAGIC-USDT-SWAP "HTTP/2 200 OK"
2026-03-22 11:45:34,445 | INFO | HTTP Request: GET https://www.okx.com/api/v5/account/balance "HTTP/2 200 OK"
2026-03-22 11:45:34,482 | INFO | HTTP Request: GET https://www.okx.com/api/v5/trade/orders-algo-pending?ordType=trigger&instType=SWAP&instId=MAGIC-USDT-SWAP "HTTP/2 200 OK"
2026-03-22 11:45:34,715 | INFO | HTTP Request: GET https://www.okx.com/api/v5/market/ticker?instId=ENA-USDT-SWAP "HTTP/2 200 OK"
2026-03-22 11:45:34,729 | INFO | HTTP Request: GET https://www.okx.com/api/v5/trade/orders-algo-pending?ordType=move_order_stop&instType=SWAP&instId=MAGIC-USDT-SWAP "HTTP/2 200 OK"
2026-03-22 11:45:34,969 | INFO | HTTP Request: GET https://www.okx.com/api/v5/trade/orders-algo-pending?ordType=iceberg&instType=SWAP&instId=MAGIC-USDT-SWAP "HTTP/2 200 OK"
2026-03-22 11:45:35,200 | INFO | HTTP Request: GET https://www.okx.com/api/v5/market/ticker?instId=EOS-USDT-SWAP "HTTP/2 200 OK"
2026-03-22 11:45:35,214 | INFO | HTTP Request: GET https://www.okx.com/api/v5/trade/orders-algo-pending?ordType=twap&instType=SWAP&instId=MAGIC-USDT-SWAP "HTTP/2 200 OK"
2026-03-22 11:45:35,458 | INFO | HTTP Request: GET https://www.okx.com/api/v5/trade/orders-algo-pending?ordType=chase&instType=SWAP&instId=MAGIC-USDT-SWAP "HTTP/2 200 OK"
2026-03-22 11:45:35,584 | INFO | HTTP Request: GET https://www.okx.com/api/v5/market/candles?instId=EOS-USDT-SWAP&bar=5m&limit=89 "HTTP/2 200 OK"
2026-03-22 11:45:36,050 | INFO | HTTP Request: GET https://www.okx.com/api/v5/trade/orders-algo-pending?ordType=conditional&instType=SWAP&instId=MAGIC-USDT-SWAP "HTTP/2 200 OK"
2026-03-22 11:45:36,079 | INFO | HTTP Request: GET https://www.okx.com/api/v5/market/ticker?instId=ETC-USDT-SWAP "HTTP/2 200 OK"
2026-03-22 11:45:36,335 | INFO | HTTP Request: GET https://www.okx.com/api/v5/trade/orders-algo-pending?ordType=oco&instType=SWAP&instId=MAGIC-USDT-SWAP "HTTP/2 200 OK"
2026-03-22 11:45:36,575 | INFO | HTTP Request: GET https://www.okx.com/api/v5/trade/orders-algo-pending?ordType=trigger&instType=SWAP&instId=MAGIC-USDT-SWAP "HTTP/2 200 OK"
2026-03-22 11:45:36,594 | INFO | HTTP Request: GET https://www.okx.com/api/v5/market/ticker?instId=ETH-USDT-SWAP "HTTP/2 200 OK"
2026-03-22 11:45:36,815 | INFO | HTTP Request: GET https://www.okx.com/api/v5/trade/orders-algo-pending?ordType=move_order_stop&instType=SWAP&instId=MAGIC-USDT-SWAP "HTTP/2 200 OK"
2026-03-22 11:45:36,875 | INFO | HTTP Request: GET https://www.okx.com/api/v5/market/candles?instId=BTC-USDT-SWAP&bar=5m&limit=64 "HTTP/2 200 OK"
2026-03-22 11:45:36,978 | INFO | HTTP Request: GET https://www.okx.com/api/v5/market/candles?instId=ETH-USDT-SWAP&bar=5m&limit=89 "HTTP/2 200 OK"
2026-03-22 11:45:37,058 | INFO | HTTP Request: GET https://www.okx.com/api/v5/trade/orders-algo-pending?ordType=iceberg&instType=SWAP&instId=MAGIC-USDT-SWAP "HTTP/2 200 OK"
2026-03-22 11:45:37,301 | INFO | HTTP Request: GET https://www.okx.com/api/v5/trade/orders-algo-pending?ordType=twap&instType=SWAP&instId=MAGIC-USDT-SWAP "HTTP/2 200 OK"
2026-03-22 11:45:37,544 | INFO | HTTP Request: GET https://www.okx.com/api/v5/trade/orders-algo-pending?ordType=chase&instType=SWAP&instId=MAGIC-USDT-SWAP "HTTP/2 200 OK"
2026-03-22 11:45:37,636 | INFO | HTTP Request: GET https://www.okx.com/api/v5/market/ticker?instId=ETHW-USDT-SWAP "HTTP/2 200 OK"
2026-03-22 11:45:37,781 | INFO | HTTP Request: GET https://www.okx.com/api/v5/trade/orders-algo-pending?ordType=conditional&instType=SWAP&instId=MAGIC-USDT-SWAP "HTTP/2 200 OK"
2026-03-22 11:45:38,025 | INFO | HTTP Request: GET https://www.okx.com/api/v5/trade/orders-algo-pending?ordType=oco&instType=SWAP&instId=MAGIC-USDT-SWAP "HTTP/2 200 OK"
2026-03-22 11:45:38,134 | INFO | HTTP Request: GET https://www.okx.com/api/v5/market/ticker?instId=FIL-USDT-SWAP "HTTP/2 200 OK"
2026-03-22 11:45:38,266 | INFO | HTTP Request: GET https://www.okx.com/api/v5/trade/orders-algo-pending?ordType=trigger&instType=SWAP&instId=MAGIC-USDT-SWAP "HTTP/2 200 OK"
2026-03-22 11:45:38,511 | INFO | HTTP Request: GET https://www.okx.com/api/v5/trade/orders-algo-pending?ordType=move_order_stop&instType=SWAP&instId=MAGIC-USDT-SWAP "HTTP/2 200 OK"
2026-03-22 11:45:38,629 | INFO | HTTP Request: GET https://www.okx.com/api/v5/market/ticker?instId=FLOKI-USDT-SWAP "HTTP/2 200 OK"
2026-03-22 11:45:38,751 | INFO | HTTP Request: GET https://www.okx.com/api/v5/trade/orders-algo-pending?ordType=iceberg&instType=SWAP&instId=MAGIC-USDT-SWAP "HTTP/2 200 OK"
2026-03-22 11:45:38,991 | INFO | HTTP Request: GET https://www.okx.com/api/v5/trade/orders-algo-pending?ordType=twap&instType=SWAP&instId=MAGIC-USDT-SWAP "HTTP/2 200 OK"
2026-03-22 11:45:39,114 | INFO | HTTP Request: GET https://www.okx.com/api/v5/market/ticker?instId=GMT-USDT-SWAP "HTTP/2 200 OK"
2026-03-22 11:45:39,232 | INFO | HTTP Request: GET https://www.okx.com/api/v5/trade/orders-algo-pending?ordType=chase&instType=SWAP&instId=MAGIC-USDT-SWAP "HTTP/2 200 OK"
2026-03-22 11:45:39,469 | INFO | HTTP Request: GET https://www.okx.com/api/v5/trade/orders-algo-pending?ordType=conditional&instType=SWAP&instId=MAGIC-USDT-SWAP "HTTP/2 200 OK"
2026-03-22 11:45:39,487 | INFO | HTTP Request: GET https://www.okx.com/api/v5/market/candles?instId=GMT-USDT-SWAP&bar=5m&limit=89 "HTTP/2 200 OK"
2026-03-22 11:45:39,710 | INFO | HTTP Request: GET https://www.okx.com/api/v5/trade/orders-algo-pending?ordType=oco&instType=SWAP&instId=MAGIC-USDT-SWAP "HTTP/2 200 OK"
2026-03-22 11:45:39,874 | INFO | HTTP Request: GET https://www.okx.com/api/v5/account/balance "HTTP/2 200 OK"
2026-03-22 11:45:39,953 | INFO | HTTP Request: GET https://www.okx.com/api/v5/trade/orders-algo-pending?ordType=trigger&instType=SWAP&instId=MAGIC-USDT-SWAP "HTTP/2 200 OK"
2026-03-22 11:45:40,003 | INFO | HTTP Request: GET https://www.okx.com/api/v5/market/ticker?instId=H-USDT-SWAP "HTTP/2 200 OK"
2026-03-22 11:45:40,197 | INFO | HTTP Request: GET https://www.okx.com/api/v5/trade/orders-algo-pending?ordType=move_order_stop&instType=SWAP&instId=MAGIC-USDT-SWAP "HTTP/2 200 OK"
2026-03-22 11:45:40,447 | INFO | HTTP Request: GET https://www.okx.com/api/v5/trade/orders-algo-pending?ordType=iceberg&instType=SWAP&instId=MAGIC-USDT-SWAP "HTTP/2 200 OK"
2026-03-22 11:45:40,510 | INFO | HTTP Request: GET https://www.okx.com/api/v5/market/ticker?instId=HBAR-USDT-SWAP "HTTP/2 200 OK"
2026-03-22 11:45:40,689 | INFO | HTTP Request: GET https://www.okx.com/api/v5/trade/orders-algo-pending?ordType=twap&instType=SWAP&instId=MAGIC-USDT-SWAP "HTTP/2 200 OK"
2026-03-22 11:45:40,929 | INFO | HTTP Request: GET https://www.okx.com/api/v5/trade/orders-algo-pending?ordType=chase&instType=SWAP&instId=MAGIC-USDT-SWAP "HTTP/2 200 OK"
2026-03-22 11:45:41,053 | INFO | HTTP Request: GET https://www.okx.com/api/v5/market/ticker?instId=HMSTR-USDT-SWAP "HTTP/2 200 OK"
2026-03-22 11:45:41,171 | INFO | HTTP Request: GET https://www.okx.com/api/v5/trade/orders-algo-pending?ordType=conditional&instType=SWAP&instId=MAGIC-USDT-SWAP "HTTP/2 200 OK"
2026-03-22 11:45:41,411 | INFO | HTTP Request: GET https://www.okx.com/api/v5/trade/orders-algo-pending?ordType=oco&instType=SWAP&instId=MAGIC-USDT-SWAP "HTTP/2 200 OK"
2026-03-22 11:45:41,422 | INFO | HTTP Request: GET https://www.okx.com/api/v5/market/candles?instId=HMSTR-USDT-SWAP&bar=5m&limit=89 "HTTP/2 200 OK"
2026-03-22 11:45:41,654 | INFO | HTTP Request: GET https://www.okx.com/api/v5/trade/orders-algo-pending?ordType=trigger&instType=SWAP&instId=MAGIC-USDT-SWAP "HTTP/2 200 OK"
2026-03-22 11:45:41,899 | INFO | HTTP Request: GET https://www.okx.com/api/v5/trade/orders-algo-pending?ordType=move_order_stop&instType=SWAP&instId=MAGIC-USDT-SWAP "HTTP/2 200 OK"
2026-03-22 11:45:41,916 | INFO | HTTP Request: GET https://www.okx.com/api/v5/market/ticker?instId=HOME-USDT-SWAP "HTTP/2 200 OK"
2026-03-22 11:45:42,141 | INFO | HTTP Request: GET https://www.okx.com/api/v5/trade/orders-algo-pending?ordType=iceberg&instType=SWAP&instId=MAGIC-USDT-SWAP "HTTP/2 200 OK"
2026-03-22 11:45:42,384 | INFO | HTTP Request: GET https://www.okx.com/api/v5/trade/orders-algo-pending?ordType=twap&instType=SWAP&instId=MAGIC-USDT-SWAP "HTTP/2 200 OK"
2026-03-22 11:45:42,405 | INFO | HTTP Request: GET https://www.okx.com/api/v5/market/ticker?instId=ICP-USDT-SWAP "HTTP/2 200 OK"
2026-03-22 11:45:42,627 | INFO | HTTP Request: GET https://www.okx.com/api/v5/trade/orders-algo-pending?ordType=chase&instType=SWAP&instId=MAGIC-USDT-SWAP "HTTP/2 200 OK"
2026-03-22 11:45:42,905 | INFO | HTTP Request: GET https://www.okx.com/api/v5/market/ticker?instId=IMX-USDT-SWAP "HTTP/2 200 OK"
2026-03-22 11:45:43,130 | INFO | HTTP Request: GET https://www.okx.com/api/v5/market/candles?instId=BTC-USDT-SWAP&bar=5m&limit=64 "HTTP/2 200 OK"
2026-03-22 11:45:43,413 | INFO | HTTP Request: GET https://www.okx.com/api/v5/market/ticker?instId=INJ-USDT-SWAP "HTTP/2 200 OK"
2026-03-22 11:45:43,607 | INFO | HTTP Request: GET https://www.okx.com/api/v5/market/candles?instId=SOL-USDT-SWAP&bar=5m&limit=26 "HTTP/2 200 OK"
2026-03-22 11:45:43,944 | INFO | HTTP Request: GET https://www.okx.com/api/v5/market/ticker?instId=IOTA-USDT-SWAP "HTTP/2 200 OK"
2026-03-22 11:45:44,012 | INFO | HTTP Request: GET https://www.okx.com/api/v5/market/ticker?instId=SOL-USDT-SWAP "HTTP/2 200 OK"
2026-03-22 11:45:44,292 | INFO | HTTP Request: GET https://www.okx.com/api/v5/trade/orders-algo-pending?ordType=conditional&instType=SWAP&instId=SOL-USDT-SWAP "HTTP/2 200 OK"
2026-03-22 11:45:44,312 | INFO | HTTP Request: GET https://www.okx.com/api/v5/market/candles?instId=IOTA-USDT-SWAP&bar=5m&limit=89 "HTTP/2 200 OK"
2026-03-22 11:45:44,672 | INFO | HTTP Request: GET https://www.okx.com/api/v5/trade/orders-algo-pending?ordType=oco&instType=SWAP&instId=SOL-USDT-SWAP "HTTP/2 200 OK"
2026-03-22 11:45:44,813 | INFO | HTTP Request: GET https://www.okx.com/api/v5/market/ticker?instId=JUP-USDT-SWAP "HTTP/2 200 OK"
2026-03-22 11:45:44,960 | INFO | HTTP Request: GET https://www.okx.com/api/v5/trade/orders-algo-pending?ordType=trigger&instType=SWAP&instId=SOL-USDT-SWAP "HTTP/2 200 OK"
2026-03-22 11:45:45,202 | INFO | HTTP Request: GET https://www.okx.com/api/v5/trade/orders-algo-pending?ordType=move_order_stop&instType=SWAP&instId=SOL-USDT-SWAP "HTTP/2 200 OK"
2026-03-22 11:45:45,243 | INFO | HTTP Request: GET https://www.okx.com/api/v5/account/balance "HTTP/2 200 OK"
2026-03-22 11:45:45,308 | INFO | HTTP Request: GET https://www.okx.com/api/v5/market/ticker?instId=KAITO-USDT-SWAP "HTTP/2 200 OK"
2026-03-22 11:45:45,443 | INFO | HTTP Request: GET https://www.okx.com/api/v5/trade/orders-algo-pending?ordType=iceberg&instType=SWAP&instId=SOL-USDT-SWAP "HTTP/2 200 OK"
2026-03-22 11:45:45,690 | INFO | HTTP Request: GET https://www.okx.com/api/v5/trade/orders-algo-pending?ordType=twap&instType=SWAP&instId=SOL-USDT-SWAP "HTTP/2 200 OK"
2026-03-22 11:45:45,850 | INFO | HTTP Request: GET https://www.okx.com/api/v5/market/ticker?instId=KSM-USDT-SWAP "HTTP/2 200 OK"
2026-03-22 11:45:45,931 | INFO | HTTP Request: GET https://www.okx.com/api/v5/trade/orders-algo-pending?ordType=chase&instType=SWAP&instId=SOL-USDT-SWAP "HTTP/2 200 OK"
2026-03-22 11:45:46,268 | INFO | HTTP Request: GET https://www.okx.com/api/v5/market/candles?instId=KSM-USDT-SWAP&bar=5m&limit=89 "HTTP/2 200 OK"
2026-03-22 11:45:46,752 | INFO | HTTP Request: GET https://www.okx.com/api/v5/market/ticker?instId=LDO-USDT-SWAP "HTTP/2 200 OK"
2026-03-22 11:45:47,206 | INFO | HTTP Request: GET https://www.okx.com/api/v5/public/instruments?instType=SWAP "HTTP/2 200 OK"
2026-03-22 11:45:47,274 | INFO | HTTP Request: GET https://www.okx.com/api/v5/market/ticker?instId=LINEA-USDT-SWAP "HTTP/2 200 OK"
2026-03-22 11:45:47,448 | INFO | HTTP Request: GET https://www.okx.com/api/v5/account/balance "HTTP/2 200 OK"
2026-03-22 11:45:47,688 | INFO | HTTP Request: GET https://www.okx.com/api/v5/trade/orders-pending?instType=SWAP&instId=1INCH-USDT-SWAP "HTTP/2 200 OK"
2026-03-22 11:45:47,807 | INFO | HTTP Request: GET https://www.okx.com/api/v5/market/ticker?instId=LINK-USDT-SWAP "HTTP/2 200 OK"
2026-03-22 11:45:48,054 | INFO | HTTP Request: GET https://www.okx.com/api/v5/market/ticker?instId=1INCH-USDT-SWAP "HTTP/2 200 OK"
2026-03-22 11:45:48,163 | INFO | HTTP Request: GET https://www.okx.com/api/v5/market/candles?instId=LINK-USDT-SWAP&bar=5m&limit=89 "HTTP/2 200 OK"
2026-03-22 11:45:48,652 | INFO | HTTP Request: GET https://www.okx.com/api/v5/market/ticker?instId=LIT-USDT-SWAP "HTTP/2 200 OK"
2026-03-22 11:45:49,057 | INFO | HTTP Request: GET https://www.okx.com/api/v5/market/candles?instId=LIT-USDT-SWAP&bar=5m&limit=89 "HTTP/2 200 OK"
2026-03-22 11:45:49,391 | INFO | HTTP Request: GET https://www.okx.com/api/v5/market/candles?instId=BTC-USDT-SWAP&bar=5m&limit=64 "HTTP/2 200 OK"
2026-03-22 11:45:49,557 | INFO | HTTP Request: GET https://www.okx.com/api/v5/market/ticker?instId=LPT-USDT-SWAP "HTTP/2 200 OK"
2026-03-22 11:45:49,979 | INFO | HTTP Request: GET https://www.okx.com/api/v5/market/candles?instId=LPT-USDT-SWAP&bar=5m&limit=89 "HTTP/2 200 OK"
2026-03-22 11:45:50,499 | INFO | HTTP Request: GET https://www.okx.com/api/v5/account/balance "HTTP/2 200 OK"
2026-03-22 11:45:50,512 | INFO | HTTP Request: GET https://www.okx.com/api/v5/market/ticker?instId=LQTY-USDT-SWAP "HTTP/2 200 OK"
2026-03-22 11:45:51,037 | INFO | HTTP Request: GET https://www.okx.com/api/v5/market/ticker?instId=LRC-USDT-SWAP "HTTP/2 200 OK"
2026-03-22 11:45:51,429 | INFO | HTTP Request: GET https://www.okx.com/api/v5/market/candles?instId=LRC-USDT-SWAP&bar=5m&limit=89 "HTTP/2 200 OK"
2026-03-22 11:45:51,929 | INFO | HTTP Request: GET https://www.okx.com/api/v5/market/ticker?instId=LTC-USDT-SWAP "HTTP/2 200 OK"
2026-03-22 11:45:52,161 | INFO | HTTP Request: GET https://www.okx.com/api/v5/public/instruments?instType=SWAP "HTTP/2 200 OK"
2026-03-22 11:45:52,401 | INFO | HTTP Request: GET https://www.okx.com/api/v5/account/balance "HTTP/2 200 OK"
2026-03-22 11:45:52,452 | INFO | HTTP Request: GET https://www.okx.com/api/v5/market/ticker?instId=MAJOR-USDT-SWAP "HTTP/2 200 OK"
2026-03-22 11:45:52,645 | INFO | HTTP Request: GET https://www.okx.com/api/v5/trade/orders-pending?instType=SWAP&instId=1INCH-USDT-SWAP "HTTP/2 200 OK"
2026-03-22 11:45:52,835 | INFO | HTTP Request: GET https://www.okx.com/api/v5/market/candles?instId=MAJOR-USDT-SWAP&bar=5m&limit=89 "HTTP/2 200 OK"
2026-03-22 11:45:53,015 | INFO | HTTP Request: GET https://www.okx.com/api/v5/market/ticker?instId=1INCH-USDT-SWAP "HTTP/2 200 OK"
2026-03-22 11:45:53,305 | INFO | HTTP Request: GET https://www.okx.com/api/v5/account/positions?instType=SWAP "HTTP/2 200 OK"
2026-03-22 11:45:53,349 | INFO | HTTP Request: GET https://www.okx.com/api/v5/market/ticker?instId=MASK-USDT-SWAP "HTTP/2 200 OK"
2026-03-22 11:45:53,675 | INFO | HTTP Request: GET https://www.okx.com/api/v5/market/candles?instId=TEST3103-USDT-SWAP&bar=15m&limit=121 "HTTP/2 200 OK"
2026-03-22 11:45:53,729 | INFO | HTTP Request: GET https://www.okx.com/api/v5/market/candles?instId=MASK-USDT-SWAP&bar=5m&limit=89 "HTTP/2 200 OK"
2026-03-22 11:45:54,037 | INFO | HTTP Request: GET https://www.okx.com/api/v5/market/candles?instId=TEST3103-USDT-SWAP&bar=5m&limit=97 "HTTP/2 200 OK"
2026-03-22 11:45:54,264 | INFO | HTTP Request: GET https://www.okx.com/api/v5/market/ticker?instId=MET-USDT-SWAP "HTTP/2 200 OK"
2026-03-22 11:45:54,456 | INFO | HTTP Request: GET https://www.okx.com/api/v5/market/history-trades?instId=TEST3103-USDT-SWAP&limit=100 "HTTP/2 200 OK"
2026-03-22 11:45:54,787 | INFO | HTTP Request: GET https://www.okx.com/api/v5/market/ticker?instId=MINA-USDT-SWAP "HTTP/2 200 OK"
2026-03-22 11:45:54,873 | INFO | HTTP Request: GET https://www.okx.com/api/v5/market/books?instId=TEST3103-USDT-SWAP&sz=5 "HTTP/2 200 OK"
2026-03-22 11:45:55,279 | INFO | HTTP Request: GET https://www.okx.com/api/v5/market/ticker?instId=MKR-USDT-SWAP "HTTP/2 200 OK"
2026-03-22 11:45:55,514 | INFO | HTTP Request: GET https://www.okx.com/api/v5/market/books?instId=TEST3103-USDT-SWAP&sz=5 "HTTP/2 200 OK"
2026-03-22 11:45:55,610 | INFO | HTTP Request: GET https://www.okx.com/api/v5/market/candles?instId=BTC-USDT-SWAP&bar=5m&limit=64 "HTTP/2 200 OK"
2026-03-22 11:45:55,688 | INFO | HTTP Request: GET https://www.okx.com/api/v5/market/candles?instId=MKR-USDT-SWAP&bar=5m&limit=89 "HTTP/2 200 OK"
2026-03-22 11:45:55,759 | INFO | HTTP Request: GET https://www.okx.com/api/v5/account/balance "HTTP/2 200 OK"
2026-03-22 11:45:56,115 | INFO | HTTP Request: GET https://www.okx.com/api/v5/market/books?instId=TEST3103-USDT-SWAP&sz=5 "HTTP/2 200 OK"
2026-03-22 11:45:56,200 | INFO | HTTP Request: GET https://www.okx.com/api/v5/market/ticker?instId=MUBARAK-USDT-SWAP "HTTP/2 200 OK"
2026-03-22 11:45:56,587 | INFO | HTTP Request: GET https://www.okx.com/api/v5/market/candles?instId=MUBARAK-USDT-SWAP&bar=5m&limit=89 "HTTP/2 200 OK"
2026-03-22 11:45:56,767 | INFO | HTTP Request: GET https://www.okx.com/api/v5/market/books?instId=TEST3103-USDT-SWAP&sz=5 "HTTP/2 200 OK"
2026-03-22 11:45:57,100 | INFO | HTTP Request: GET https://www.okx.com/api/v5/market/ticker?instId=NEAR-USDT-SWAP "HTTP/2 200 OK"
2026-03-22 11:45:57,181 | INFO | HTTP Request: GET https://www.okx.com/api/v5/market/candles?instId=TEST3110-USDT-SWAP&bar=15m&limit=121 "HTTP/2 200 OK"
2026-03-22 11:45:57,577 | INFO | HTTP Request: GET https://www.okx.com/api/v5/market/candles?instId=TEST3110-USDT-SWAP&bar=5m&limit=97 "HTTP/2 200 OK"
2026-03-22 11:45:57,603 | INFO | HTTP Request: GET https://www.okx.com/api/v5/market/ticker?instId=NEO-USDT-SWAP "HTTP/2 200 OK"
2026-03-22 11:45:58,000 | INFO | HTTP Request: GET https://www.okx.com/api/v5/market/candles?instId=NEO-USDT-SWAP&bar=5m&limit=89 "HTTP/2 200 OK"
2026-03-22 11:45:58,003 | INFO | HTTP Request: GET https://www.okx.com/api/v5/market/history-trades?instId=TEST3110-USDT-SWAP&limit=100 "HTTP/2 200 OK"
2026-03-22 11:45:58,420 | INFO | HTTP Request: GET https://www.okx.com/api/v5/market/books?instId=TEST3110-USDT-SWAP&sz=5 "HTTP/2 200 OK"
2026-03-22 11:45:58,531 | INFO | HTTP Request: GET https://www.okx.com/api/v5/market/ticker?instId=NOT-USDT-SWAP "HTTP/2 200 OK"
2026-03-22 11:45:58,941 | INFO | HTTP Request: GET https://www.okx.com/api/v5/market/candles?instId=NOT-USDT-SWAP&bar=5m&limit=89 "HTTP/2 200 OK"
2026-03-22 11:45:59,016 | INFO | HTTP Request: GET https://www.okx.com/api/v5/market/books?instId=TEST3110-USDT-SWAP&sz=5 "HTTP/2 200 OK"
2026-03-22 11:45:59,448 | INFO | HTTP Request: GET https://www.okx.com/api/v5/market/ticker?instId=OP-USDT-SWAP "HTTP/2 200 OK"
2026-03-22 11:45:59,666 | INFO | HTTP Request: GET https://www.okx.com/api/v5/market/books?instId=TEST3110-USDT-SWAP&sz=5 "HTTP/2 200 OK"
2026-03-22 11:45:59,960 | INFO | HTTP Request: GET https://www.okx.com/api/v5/market/ticker?instId=PEPE-USDT-SWAP "HTTP/2 200 OK"
2026-03-22 11:46:00,269 | INFO | HTTP Request: GET https://www.okx.com/api/v5/market/books?instId=TEST3110-USDT-SWAP&sz=5 "HTTP/2 200 OK"
2026-03-22 11:46:00,482 | INFO | HTTP Request: GET https://www.okx.com/api/v5/market/ticker?instId=PIGGY-USDT-SWAP "HTTP/2 200 OK"
2026-03-22 11:46:00,663 | INFO | HTTP Request: GET https://www.okx.com/api/v5/market/candles?instId=THETA-USDT-SWAP&bar=15m&limit=121 "HTTP/2 200 OK"
2026-03-22 11:46:00,872 | INFO | HTTP Request: GET https://www.okx.com/api/v5/market/candles?instId=PIGGY-USDT-SWAP&bar=5m&limit=89 "HTTP/2 200 OK"
2026-03-22 11:46:01,136 | INFO | HTTP Request: GET https://www.okx.com/api/v5/market/candles?instId=THETA-USDT-SWAP&bar=5m&limit=97 "HTTP/2 200 OK"
2026-03-22 11:46:01,180 | INFO | HTTP Request: GET https://www.okx.com/api/v5/account/balance "HTTP/2 200 OK"
2026-03-22 11:46:01,387 | INFO | HTTP Request: GET https://www.okx.com/api/v5/market/ticker?instId=QTUM-USDT-SWAP "HTTP/2 200 OK"
2026-03-22 11:46:01,534 | INFO | HTTP Request: GET https://www.okx.com/api/v5/market/history-trades?instId=THETA-USDT-SWAP&limit=100 "HTTP/2 200 OK"
2026-03-22 11:46:01,744 | INFO | HTTP Request: GET https://www.okx.com/api/v5/market/candles?instId=QTUM-USDT-SWAP&bar=5m&limit=89 "HTTP/2 200 OK"
2026-03-22 11:46:01,898 | INFO | HTTP Request: GET https://www.okx.com/api/v5/market/candles?instId=BTC-USDT-SWAP&bar=5m&limit=64 "HTTP/2 200 OK"
2026-03-22 11:46:01,941 | INFO | HTTP Request: GET https://www.okx.com/api/v5/market/books?instId=THETA-USDT-SWAP&sz=5 "HTTP/2 200 OK"
2026-03-22 11:46:02,271 | INFO | HTTP Request: GET https://www.okx.com/api/v5/market/ticker?instId=RAVE-USDT-SWAP "HTTP/2 200 OK"
2026-03-22 11:46:02,583 | INFO | HTTP Request: GET https://www.okx.com/api/v5/market/books?instId=THETA-USDT-SWAP&sz=5 "HTTP/2 200 OK"
2026-03-22 11:46:02,713 | INFO | HTTP Request: GET https://www.okx.com/api/v5/market/candles?instId=RAVE-USDT-SWAP&bar=5m&limit=89 "HTTP/2 200 OK"
2026-03-22 11:46:03,181 | INFO | HTTP Request: GET https://www.okx.com/api/v5/market/books?instId=THETA-USDT-SWAP&sz=5 "HTTP/2 200 OK"
2026-03-22 11:46:03,214 | INFO | HTTP Request: GET https://www.okx.com/api/v5/market/ticker?instId=RESOLV-USDT-SWAP "HTTP/2 200 OK"
2026-03-22 11:46:03,717 | INFO | HTTP Request: GET https://www.okx.com/api/v5/market/ticker?instId=ROBO-USDT-SWAP "HTTP/2 200 OK"
2026-03-22 11:46:03,843 | INFO | HTTP Request: GET https://www.okx.com/api/v5/market/books?instId=THETA-USDT-SWAP&sz=5 "HTTP/2 200 OK"
2026-03-22 11:46:04,099 | INFO | HTTP Request: GET https://www.okx.com/api/v5/market/candles?instId=ROBO-USDT-SWAP&bar=5m&limit=89 "HTTP/2 200 OK"
2026-03-22 11:46:04,219 | INFO | HTTP Request: GET https://www.okx.com/api/v5/market/candles?instId=TON-USDT-SWAP&bar=15m&limit=121 "HTTP/2 200 OK"
2026-03-22 11:46:04,614 | INFO | HTTP Request: GET https://www.okx.com/api/v5/market/candles?instId=TON-USDT-SWAP&bar=5m&limit=97 "HTTP/2 200 OK"
2026-03-22 11:46:04,645 | INFO | HTTP Request: GET https://www.okx.com/api/v5/market/ticker?instId=SAND-USDT-SWAP "HTTP/2 200 OK"
2026-03-22 11:46:05,043 | INFO | HTTP Request: GET https://www.okx.com/api/v5/market/history-trades?instId=TON-USDT-SWAP&limit=100 "HTTP/2 200 OK"
2026-03-22 11:46:05,156 | INFO | HTTP Request: GET https://www.okx.com/api/v5/market/ticker?instId=SCR-USDT-SWAP "HTTP/2 200 OK"
2026-03-22 11:46:05,465 | INFO | HTTP Request: GET https://www.okx.com/api/v5/market/books?instId=TON-USDT-SWAP&sz=5 "HTTP/2 200 OK"
2026-03-22 11:46:05,542 | INFO | HTTP Request: GET https://www.okx.com/api/v5/market/candles?instId=SCR-USDT-SWAP&bar=5m&limit=89 "HTTP/2 200 OK"
2026-03-22 11:46:06,062 | INFO | HTTP Request: GET https://www.okx.com/api/v5/market/ticker?instId=SHIB-USDT-SWAP "HTTP/2 200 OK"
2026-03-22 11:46:06,065 | INFO | HTTP Request: GET https://www.okx.com/api/v5/market/books?instId=TON-USDT-SWAP&sz=5 "HTTP/2 200 OK"
2026-03-22 11:46:06,469 | INFO | HTTP Request: GET https://www.okx.com/api/v5/market/candles?instId=SHIB-USDT-SWAP&bar=5m&limit=89 "HTTP/2 200 OK"
2026-03-22 11:46:06,495 | INFO | HTTP Request: GET https://www.okx.com/api/v5/account/balance "HTTP/2 200 OK"
2026-03-22 11:46:06,668 | INFO | HTTP Request: GET https://www.okx.com/api/v5/market/books?instId=TON-USDT-SWAP&sz=5 "HTTP/2 200 OK"
2026-03-22 11:46:06,990 | INFO | HTTP Request: GET https://www.okx.com/api/v5/market/ticker?instId=SKY-USDT-SWAP "HTTP/2 200 OK"
2026-03-22 11:46:07,310 | INFO | HTTP Request: GET https://www.okx.com/api/v5/market/books?instId=TON-USDT-SWAP&sz=5 "HTTP/2 200 OK"
2026-03-22 11:46:07,388 | INFO | HTTP Request: GET https://www.okx.com/api/v5/market/candles?instId=SKY-USDT-SWAP&bar=5m&limit=89 "HTTP/2 200 OK"
2026-03-22 11:46:07,688 | INFO | HTTP Request: GET https://www.okx.com/api/v5/market/candles?instId=1INCH-USDT-SWAP&bar=5m&limit=71 "HTTP/2 200 OK"
2026-03-22 11:46:07,912 | INFO | HTTP Request: GET https://www.okx.com/api/v5/market/ticker?instId=SOLV-USDT-SWAP "HTTP/2 200 OK"
2026-03-22 11:46:08,098 | INFO | HTTP Request: GET https://www.okx.com/api/v5/market/candles?instId=2Z-USDT-SWAP&bar=5m&limit=71 "HTTP/2 200 OK"
2026-03-22 11:46:08,124 | INFO | HTTP Request: GET https://www.okx.com/api/v5/market/candles?instId=BTC-USDT-SWAP&bar=5m&limit=64 "HTTP/2 200 OK"
2026-03-22 11:46:08,297 | INFO | HTTP Request: GET https://www.okx.com/api/v5/market/candles?instId=SOLV-USDT-SWAP&bar=5m&limit=89 "HTTP/2 200 OK"
2026-03-22 11:46:08,500 | INFO | HTTP Request: GET https://www.okx.com/api/v5/market/candles?instId=AAVE-USDT-SWAP&bar=5m&limit=71 "HTTP/2 200 OK"
2026-03-22 11:46:08,824 | INFO | HTTP Request: GET https://www.okx.com/api/v5/market/ticker?instId=SPK-USDT-SWAP "HTTP/2 200 OK"
2026-03-22 11:46:08,914 | INFO | HTTP Request: GET https://www.okx.com/api/v5/market/candles?instId=ACT-USDT-SWAP&bar=5m&limit=71 "HTTP/2 200 OK"
2026-03-22 11:46:09,237 | INFO | HTTP Request: GET https://www.okx.com/api/v5/market/candles?instId=SPK-USDT-SWAP&bar=5m&limit=89 "HTTP/2 200 OK"
2026-03-22 11:46:09,324 | INFO | HTTP Request: GET https://www.okx.com/api/v5/market/candles?instId=ALGO-USDT-SWAP&bar=5m&limit=71 "HTTP/2 200 OK"
2026-03-22 11:46:09,720 | INFO | HTTP Request: GET https://www.okx.com/api/v5/market/candles?instId=ARB-USDT-SWAP&bar=5m&limit=71 "HTTP/2 200 OK"
2026-03-22 11:46:09,739 | INFO | HTTP Request: GET https://www.okx.com/api/v5/market/ticker?instId=STRK-USDT-SWAP "HTTP/2 200 OK"
2026-03-22 11:46:10,125 | INFO | HTTP Request: GET https://www.okx.com/api/v5/market/candles?instId=ATOM-USDT-SWAP&bar=5m&limit=71 "HTTP/2 200 OK"
2026-03-22 11:46:10,128 | INFO | HTTP Request: GET https://www.okx.com/api/v5/market/candles?instId=STRK-USDT-SWAP&bar=5m&limit=89 "HTTP/2 200 OK"
2026-03-22 11:46:10,537 | INFO | HTTP Request: GET https://www.okx.com/api/v5/market/candles?instId=AUCTION-USDT-SWAP&bar=5m&limit=71 "HTTP/2 200 OK"
2026-03-22 11:46:10,670 | INFO | HTTP Request: GET https://www.okx.com/api/v5/market/ticker?instId=SUI-USDT-SWAP "HTTP/2 200 OK"
2026-03-22 11:46:10,942 | INFO | HTTP Request: GET https://www.okx.com/api/v5/market/candles?instId=AVAX-USDT-SWAP&bar=5m&limit=71 "HTTP/2 200 OK"
2026-03-22 11:46:11,175 | INFO | HTTP Request: GET https://www.okx.com/api/v5/market/ticker?instId=SUSHI-USDT-SWAP "HTTP/2 200 OK"
2026-03-22 11:46:11,380 | INFO | HTTP Request: GET https://www.okx.com/api/v5/market/candles?instId=AXS-USDT-SWAP&bar=5m&limit=71 "HTTP/2 200 OK"
2026-03-22 11:46:11,682 | INFO | HTTP Request: GET https://www.okx.com/api/v5/market/ticker?instId=SYRUP-USDT-SWAP "HTTP/2 200 OK"
2026-03-22 11:46:11,772 | INFO | HTTP Request: GET https://www.okx.com/api/v5/market/candles?instId=BNB-USDT-SWAP&bar=5m&limit=71 "HTTP/2 200 OK"
2026-03-22 11:46:11,968 | INFO | HTTP Request: GET https://www.okx.com/api/v5/account/balance "HTTP/2 200 OK"
2026-03-22 11:46:12,180 | INFO | HTTP Request: GET https://www.okx.com/api/v5/market/ticker?instId=TEST1234-USDT-SWAP "HTTP/2 200 OK"
2026-03-22 11:46:12,191 | INFO | HTTP Request: GET https://www.okx.com/api/v5/market/candles?instId=BTC-USDT-SWAP&bar=5m&limit=71 "HTTP/2 200 OK"
2026-03-22 11:46:12,601 | INFO | HTTP Request: GET https://www.okx.com/api/v5/market/candles?instId=CELO-USDT-SWAP&bar=5m&limit=71 "HTTP/2 200 OK"
2026-03-22 11:46:12,696 | INFO | HTTP Request: GET https://www.okx.com/api/v5/market/ticker?instId=TEST3103-USDT-SWAP "HTTP/2 200 OK"
2026-03-22 11:46:12,980 | INFO | HTTP Request: GET https://www.okx.com/api/v5/market/candles?instId=CFX-USDT-SWAP&bar=5m&limit=71 "HTTP/2 200 OK"
2026-03-22 11:46:13,213 | INFO | HTTP Request: GET https://www.okx.com/api/v5/market/ticker?instId=TEST3110-USDT-SWAP "HTTP/2 200 OK"
2026-03-22 11:46:13,408 | INFO | HTTP Request: GET https://www.okx.com/api/v5/market/candles?instId=CHZ-USDT-SWAP&bar=5m&limit=71 "HTTP/2 200 OK"
2026-03-22 11:46:13,716 | INFO | HTTP Request: GET https://www.okx.com/api/v5/market/ticker?instId=THETA-USDT-SWAP "HTTP/2 200 OK"
2026-03-22 11:46:13,805 | INFO | HTTP Request: GET https://www.okx.com/api/v5/market/candles?instId=COMP-USDT-SWAP&bar=5m&limit=71 "HTTP/2 200 OK"
2026-03-22 11:46:14,233 | INFO | HTTP Request: GET https://www.okx.com/api/v5/market/candles?instId=CRV-USDT-SWAP&bar=5m&limit=71 "HTTP/2 200 OK"
2026-03-22 11:46:14,233 | INFO | HTTP Request: GET https://www.okx.com/api/v5/market/ticker?instId=TON-USDT-SWAP "HTTP/2 200 OK"
2026-03-22 11:46:14,603 | INFO | HTTP Request: GET https://www.okx.com/api/v5/market/candles?instId=DOGE-USDT-SWAP&bar=5m&limit=71 "HTTP/2 200 OK"
2026-03-22 11:46:14,739 | INFO | HTTP Request: GET https://www.okx.com/api/v5/market/ticker?instId=TRIA-USDT-SWAP "HTTP/2 200 OK"
2026-03-22 11:46:15,030 | INFO | HTTP Request: GET https://www.okx.com/api/v5/market/candles?instId=DOT-USDT-SWAP&bar=5m&limit=71 "HTTP/2 200 OK"
2026-03-22 11:46:15,147 | INFO | HTTP Request: GET https://www.okx.com/api/v5/market/candles?instId=TRIA-USDT-SWAP&bar=5m&limit=89 "HTTP/2 200 OK"
2026-03-22 11:46:15,444 | INFO | HTTP Request: GET https://www.okx.com/api/v5/market/candles?instId=ENA-USDT-SWAP&bar=5m&limit=71 "HTTP/2 200 OK"
2026-03-22 11:46:15,669 | INFO | HTTP Request: GET https://www.okx.com/api/v5/market/ticker?instId=TRX-USDT-SWAP "HTTP/2 200 OK"
2026-03-22 11:46:15,855 | INFO | HTTP Request: GET https://www.okx.com/api/v5/market/candles?instId=ETC-USDT-SWAP&bar=5m&limit=71 "HTTP/2 200 OK"
2026-03-22 11:46:16,061 | INFO | HTTP Request: GET https://www.okx.com/api/v5/market/candles?instId=TRX-USDT-SWAP&bar=5m&limit=89 "HTTP/2 200 OK"
2026-03-22 11:46:16,246 | INFO | HTTP Request: GET https://www.okx.com/api/v5/market/candles?instId=ETHFI-USDT-SWAP&bar=5m&limit=71 "HTTP/2 200 OK"
2026-03-22 11:46:16,567 | INFO | HTTP Request: GET https://www.okx.com/api/v5/market/ticker?instId=TSLA-USDT-SWAP "HTTP/2 200 OK"
2026-03-22 11:46:16,660 | INFO | HTTP Request: GET https://www.okx.com/api/v5/market/ticker?instId=ETHFI-USDT-SWAP "HTTP/2 200 OK"
2026-03-22 11:46:16,697 | INFO | ETHFI-USDT-SWAP: Turtle 55 long-сигнал отклонён (закрытие не удержалось выше канала)
2026-03-22 11:46:16,701 | INFO | ETHFI-USDT-SWAP: Turtle 20 long-сигнал отклонён (закрытие не удержалось выше канала)
2026-03-22 11:46:16,986 | INFO | HTTP Request: GET https://www.okx.com/api/v5/market/candles?instId=TSLA-USDT-SWAP&bar=5m&limit=89 "HTTP/2 200 OK"
2026-03-22 11:46:17,068 | INFO | HTTP Request: GET https://www.okx.com/api/v5/market/candles?instId=ETHW-USDT-SWAP&bar=5m&limit=71 "HTTP/2 200 OK"
2026-03-22 11:46:17,427 | INFO | HTTP Request: GET https://www.okx.com/api/v5/account/balance "HTTP/2 200 OK"
2026-03-22 11:46:17,492 | INFO | HTTP Request: GET https://www.okx.com/api/v5/market/candles?instId=BTC-USDT-SWAP&bar=5m&limit=64 "HTTP/2 200 OK"
2026-03-22 11:46:17,501 | INFO | HTTP Request: GET https://www.okx.com/api/v5/market/candles?instId=FIL-USDT-SWAP&bar=5m&limit=71 "HTTP/2 200 OK"
2026-03-22 11:46:17,512 | INFO | HTTP Request: GET https://www.okx.com/api/v5/market/ticker?instId=XAG-USDT-SWAP "HTTP/2 200 OK"
2026-03-22 11:46:17,920 | INFO | HTTP Request: GET https://www.okx.com/api/v5/market/candles?instId=FLOKI-USDT-SWAP&bar=5m&limit=71 "HTTP/2 200 OK"
2026-03-22 11:46:17,925 | INFO | HTTP Request: GET https://www.okx.com/api/v5/market/candles?instId=XAG-USDT-SWAP&bar=5m&limit=89 "HTTP/2 200 OK"
2026-03-22 11:46:18,401 | INFO | HTTP Request: GET https://www.okx.com/api/v5/market/candles?instId=H-USDT-SWAP&bar=5m&limit=71 "HTTP/2 200 OK"
2026-03-22 11:46:18,487 | INFO | HTTP Request: GET https://www.okx.com/api/v5/market/ticker?instId=XAU-USDT-SWAP "HTTP/2 200 OK"
2026-03-22 11:46:18,786 | INFO | HTTP Request: GET https://www.okx.com/api/v5/market/candles?instId=HBAR-USDT-SWAP&bar=5m&limit=71 "HTTP/2 200 OK"
2026-03-22 11:46:18,889 | INFO | HTTP Request: GET https://www.okx.com/api/v5/market/candles?instId=XAU-USDT-SWAP&bar=5m&limit=89 "HTTP/2 200 OK"
2026-03-22 11:46:19,175 | INFO | HTTP Request: GET https://www.okx.com/api/v5/market/candles?instId=HOME-USDT-SWAP&bar=5m&limit=71 "HTTP/2 200 OK"
2026-03-22 11:46:19,411 | INFO | HTTP Request: GET https://www.okx.com/api/v5/market/ticker?instId=XLM-USDT-SWAP "HTTP/2 200 OK"
2026-03-22 11:46:19,603 | INFO | HTTP Request: GET https://www.okx.com/api/v5/market/candles?instId=ICP-USDT-SWAP&bar=5m&limit=71 "HTTP/2 200 OK"
2026-03-22 11:46:19,794 | INFO | HTTP Request: GET https://www.okx.com/api/v5/market/candles?instId=XLM-USDT-SWAP&bar=5m&limit=89 "HTTP/2 200 OK"
2026-03-22 11:46:20,001 | INFO | HTTP Request: GET https://www.okx.com/api/v5/market/candles?instId=IMX-USDT-SWAP&bar=5m&limit=71 "HTTP/2 200 OK"
2026-03-22 11:46:20,330 | INFO | HTTP Request: GET https://www.okx.com/api/v5/market/ticker?instId=XPL-USDT-SWAP "HTTP/2 200 OK"
2026-03-22 11:46:20,400 | INFO | HTTP Request: GET https://www.okx.com/api/v5/market/candles?instId=INJ-USDT-SWAP&bar=5m&limit=71 "HTTP/2 200 OK"
2026-03-22 11:46:20,720 | INFO | HTTP Request: GET https://www.okx.com/api/v5/market/candles?instId=XPL-USDT-SWAP&bar=5m&limit=89 "HTTP/2 200 OK"
2026-03-22 11:46:20,853 | INFO | HTTP Request: GET https://www.okx.com/api/v5/market/candles?instId=JUP-USDT-SWAP&bar=5m&limit=71 "HTTP/2 200 OK"
2026-03-22 11:46:21,221 | INFO | HTTP Request: GET https://www.okx.com/api/v5/market/candles?instId=KAITO-USDT-SWAP&bar=5m&limit=71 "HTTP/2 200 OK"
2026-03-22 11:46:21,236 | INFO | HTTP Request: GET https://www.okx.com/api/v5/market/ticker?instId=XRP-USDT-SWAP "HTTP/2 200 OK"
2026-03-22 11:46:21,628 | INFO | HTTP Request: GET https://www.okx.com/api/v5/market/candles?instId=LDO-USDT-SWAP&bar=5m&limit=71 "HTTP/2 200 OK"
2026-03-22 11:46:21,632 | INFO | HTTP Request: GET https://www.okx.com/api/v5/market/candles?instId=XRP-USDT-SWAP&bar=5m&limit=89 "HTTP/2 200 OK"
2026-03-22 11:46:22,027 | INFO | HTTP Request: GET https://www.okx.com/api/v5/market/candles?instId=LINEA-USDT-SWAP&bar=5m&limit=71 "HTTP/2 200 OK"
2026-03-22 11:46:22,163 | INFO | HTTP Request: GET https://www.okx.com/api/v5/market/ticker?instId=XSR-USDT-SWAP "HTTP/2 200 OK"
2026-03-22 11:46:22,449 | INFO | HTTP Request: GET https://www.okx.com/api/v5/market/candles?instId=LQTY-USDT-SWAP&bar=5m&limit=71 "HTTP/2 200 OK"
2026-03-22 11:46:22,549 | INFO | HTTP Request: GET https://www.okx.com/api/v5/market/candles?instId=XSR-USDT-SWAP&bar=5m&limit=89 "HTTP/2 200 OK"
2026-03-22 11:46:22,851 | INFO | HTTP Request: GET https://www.okx.com/api/v5/account/balance "HTTP/2 200 OK"
2026-03-22 11:46:22,874 | INFO | HTTP Request: GET https://www.okx.com/api/v5/market/candles?instId=LTC-USDT-SWAP&bar=5m&limit=71 "HTTP/2 200 OK"
2026-03-22 11:46:23,072 | INFO | HTTP Request: GET https://www.okx.com/api/v5/market/ticker?instId=XTZ-USDT-SWAP "HTTP/2 200 OK"
2026-03-22 11:46:23,287 | INFO | HTTP Request: GET https://www.okx.com/api/v5/market/candles?instId=MET-USDT-SWAP&bar=5m&limit=71 "HTTP/2 200 OK"
2026-03-22 11:46:23,489 | INFO | HTTP Request: GET https://www.okx.com/api/v5/market/candles?instId=XTZ-USDT-SWAP&bar=5m&limit=89 "HTTP/2 200 OK"
2026-03-22 11:46:23,675 | INFO | HTTP Request: GET https://www.okx.com/api/v5/market/candles?instId=MINA-USDT-SWAP&bar=5m&limit=71 "HTTP/2 200 OK"
2026-03-22 11:46:23,750 | INFO | HTTP Request: GET https://www.okx.com/api/v5/market/candles?instId=BTC-USDT-SWAP&bar=5m&limit=64 "HTTP/2 200 OK"
2026-03-22 11:46:24,011 | INFO | HTTP Request: GET https://www.okx.com/api/v5/market/ticker?instId=YB-USDT-SWAP "HTTP/2 200 OK"
2026-03-22 11:46:24,109 | INFO | HTTP Request: GET https://www.okx.com/api/v5/market/candles?instId=NEAR-USDT-SWAP&bar=5m&limit=71 "HTTP/2 200 OK"
2026-03-22 11:46:24,445 | INFO | HTTP Request: GET https://www.okx.com/api/v5/market/candles?instId=YB-USDT-SWAP&bar=5m&limit=89 "HTTP/2 200 OK"
2026-03-22 11:46:24,529 | INFO | HTTP Request: GET https://www.okx.com/api/v5/market/candles?instId=OP-USDT-SWAP&bar=5m&limit=71 "HTTP/2 200 OK"
2026-03-22 11:46:24,942 | INFO | HTTP Request: GET https://www.okx.com/api/v5/market/candles?instId=PEPE-USDT-SWAP&bar=5m&limit=71 "HTTP/2 200 OK"
2026-03-22 11:46:24,952 | INFO | HTTP Request: GET https://www.okx.com/api/v5/market/ticker?instId=YFI-USDT-SWAP "HTTP/2 200 OK"
2026-03-22 11:46:25,366 | INFO | HTTP Request: GET https://www.okx.com/api/v5/market/candles?instId=RESOLV-USDT-SWAP&bar=5m&limit=71 "HTTP/2 200 OK"
2026-03-22 11:46:25,744 | INFO | HTTP Request: GET https://www.okx.com/api/v5/market/candles?instId=SAND-USDT-SWAP&bar=5m&limit=71 "HTTP/2 200 OK"
2026-03-22 11:46:26,019 | INFO | HTTP Request: GET https://www.okx.com/api/v5/market/ticker?instId=MAGIC-USDT-SWAP "HTTP/2 200 OK"
2026-03-22 11:46:26,175 | INFO | HTTP Request: GET https://www.okx.com/api/v5/market/candles?instId=SUI-USDT-SWAP&bar=5m&limit=71 "HTTP/2 200 OK"
2026-03-22 11:46:26,483 | INFO | HTTP Request: GET https://www.okx.com/api/v5/market/candles?instId=MAGIC-USDT-SWAP&bar=5m&limit=89 "HTTP/2 200 OK"
2026-03-22 11:46:26,606 | INFO | HTTP Request: GET https://www.okx.com/api/v5/market/candles?instId=SYRUP-USDT-SWAP&bar=5m&limit=71 "HTTP/2 200 OK"
2026-03-22 11:46:27,012 | INFO | HTTP Request: GET https://www.okx.com/api/v5/market/ticker?instId=SOL-USDT-SWAP "HTTP/2 200 OK"
2026-03-22 11:46:27,029 | INFO | HTTP Request: GET https://www.okx.com/api/v5/market/candles?instId=THETA-USDT-SWAP&bar=5m&limit=71 "HTTP/2 200 OK"
2026-03-22 11:46:27,404 | INFO | HTTP Request: GET https://www.okx.com/api/v5/market/candles?instId=SOL-USDT-SWAP&bar=5m&limit=89 "HTTP/2 200 OK"
2026-03-22 11:46:27,431 | INFO | HTTP Request: GET https://www.okx.com/api/v5/market/candles?instId=TON-USDT-SWAP&bar=5m&limit=71 "HTTP/2 200 OK"
2026-03-22 11:46:27,915 | INFO | HTTP Request: GET https://www.okx.com/api/v5/public/instruments?instType=SWAP "HTTP/2 200 OK"
2026-03-22 11:46:27,934 | INFO | HTTP Request: GET https://www.okx.com/api/v5/market/ticker?instId=1INCH-USDT-SWAP "HTTP/2 200 OK"
2026-03-22 11:46:28,358 | INFO | HTTP Request: GET https://www.okx.com/api/v5/account/balance "HTTP/2 200 OK"
2026-03-22 11:46:28,360 | INFO | HTTP Request: GET https://www.okx.com/api/v5/account/balance "HTTP/2 200 OK"
2026-03-22 11:46:28,391 | INFO | HTTP Request: GET https://www.okx.com/api/v5/market/candles?instId=1INCH-USDT-SWAP&bar=5m&limit=89 "HTTP/2 200 OK"
2026-03-22 11:46:28,670 | INFO | HTTP Request: GET https://www.okx.com/api/v5/trade/orders-pending?instType=SWAP&instId=1INCH-USDT-SWAP "HTTP/2 200 OK"
2026-03-22 11:46:28,882 | INFO | HTTP Request: GET https://www.okx.com/api/v5/market/ticker?instId=2Z-USDT-SWAP "HTTP/2 200 OK"
2026-03-22 11:46:29,062 | INFO | HTTP Request: GET https://www.okx.com/api/v5/market/ticker?instId=1INCH-USDT-SWAP "HTTP/2 200 OK"
2026-03-22 11:46:29,287 | INFO | HTTP Request: GET https://www.okx.com/api/v5/market/candles?instId=2Z-USDT-SWAP&bar=5m&limit=89 "HTTP/2 200 OK"
2026-03-22 11:46:29,799 | INFO | HTTP Request: GET https://www.okx.com/api/v5/market/ticker?instId=A-USDT-SWAP "HTTP/2 200 OK"
2026-03-22 11:46:30,001 | INFO | HTTP Request: GET https://www.okx.com/api/v5/market/candles?instId=BTC-USDT-SWAP&bar=5m&limit=64 "HTTP/2 200 OK"
2026-03-22 11:46:30,200 | INFO | HTTP Request: GET https://www.okx.com/api/v5/market/candles?instId=A-USDT-SWAP&bar=5m&limit=89 "HTTP/2 200 OK"
2026-03-22 11:46:30,710 | INFO | HTTP Request: GET https://www.okx.com/api/v5/market/ticker?instId=AAVE-USDT-SWAP "HTTP/2 200 OK"
2026-03-22 11:46:31,099 | INFO | HTTP Request: GET https://www.okx.com/api/v5/market/candles?instId=AAVE-USDT-SWAP&bar=5m&limit=89 "HTTP/2 200 OK"
2026-03-22 11:46:31,838 | INFO | HTTP Request: GET https://www.okx.com/api/v5/market/ticker?instId=ACT-USDT-SWAP "HTTP/2 200 OK"
2026-03-22 11:46:32,215 | INFO | HTTP Request: GET https://www.okx.com/api/v5/market/candles?instId=ACT-USDT-SWAP&bar=5m&limit=89 "HTTP/2 200 OK"
2026-03-22 11:46:32,731 | INFO | HTTP Request: GET https://www.okx.com/api/v5/market/ticker?instId=ADA-USDT-SWAP "HTTP/2 200 OK"
2026-03-22 11:46:32,841 | INFO | HTTP Request: GET https://www.okx.com/api/v5/public/instruments?instType=SWAP "HTTP/2 200 OK"
2026-03-22 11:46:33,110 | INFO | HTTP Request: GET https://www.okx.com/api/v5/market/candles?instId=ADA-USDT-SWAP&bar=5m&limit=89 "HTTP/2 200 OK"
2026-03-22 11:46:33,224 | INFO | HTTP Request: GET https://www.okx.com/api/v5/account/balance "HTTP/2 200 OK"
2026-03-22 11:46:33,498 | INFO | HTTP Request: GET https://www.okx.com/api/v5/trade/orders-pending?instType=SWAP&instId=1INCH-USDT-SWAP "HTTP/2 200 OK"
2026-03-22 11:46:33,649 | INFO | HTTP Request: GET https://www.okx.com/api/v5/market/ticker?instId=AI16Z-USDT-SWAP "HTTP/2 200 OK"
2026-03-22 11:46:33,749 | INFO | HTTP Request: GET https://www.okx.com/api/v5/account/balance "HTTP/2 200 OK"
2026-03-22 11:46:33,884 | INFO | HTTP Request: GET https://www.okx.com/api/v5/market/ticker?instId=1INCH-USDT-SWAP "HTTP/2 200 OK"
2026-03-22 11:46:34,014 | INFO | HTTP Request: GET https://www.okx.com/api/v5/market/candles?instId=AI16Z-USDT-SWAP&bar=5m&limit=89 "HTTP/2 200 OK"
2026-03-22 11:46:34,269 | INFO | HTTP Request: GET https://www.okx.com/api/v5/account/positions?instType=SWAP "HTTP/2 200 OK"
2026-03-22 11:46:34,492 | INFO | HTTP Request: GET https://www.okx.com/api/v5/market/ticker?instId=AKITA-USDT-SWAP "HTTP/2 200 OK"
2026-03-22 11:46:34,693 | INFO | HTTP Request: GET https://www.okx.com/api/v5/market/candles?instId=TRIA-USDT-SWAP&bar=15m&limit=121 "HTTP/2 200 OK"
2026-03-22 11:46:34,889 | INFO | HTTP Request: GET https://www.okx.com/api/v5/market/candles?instId=AKITA-USDT-SWAP&bar=5m&limit=89 "HTTP/2 200 OK"
2026-03-22 11:46:35,113 | INFO | HTTP Request: GET https://www.okx.com/api/v5/market/candles?instId=TRIA-USDT-SWAP&bar=5m&limit=97 "HTTP/2 200 OK"
2026-03-22 11:46:35,424 | INFO | HTTP Request: GET https://www.okx.com/api/v5/market/ticker?instId=ALGO-USDT-SWAP "HTTP/2 200 OK"
2026-03-22 11:46:35,512 | INFO | HTTP Request: GET https://www.okx.com/api/v5/market/history-trades?instId=TRIA-USDT-SWAP&limit=100 "HTTP/2 200 OK"
2026-03-22 11:46:35,806 | INFO | HTTP Request: GET https://www.okx.com/api/v5/market/candles?instId=ALGO-USDT-SWAP&bar=5m&limit=89 "HTTP/2 200 OK"
2026-03-22 11:46:35,907 | INFO | HTTP Request: GET https://www.okx.com/api/v5/market/books?instId=TRIA-USDT-SWAP&sz=5 "HTTP/2 200 OK"
2026-03-22 11:46:36,251 | INFO | HTTP Request: GET https://www.okx.com/api/v5/market/candles?instId=BTC-USDT-SWAP&bar=5m&limit=64 "HTTP/2 200 OK"
2026-03-22 11:46:36,356 | INFO | HTTP Request: GET https://www.okx.com/api/v5/market/ticker?instId=ARB-USDT-SWAP "HTTP/2 200 OK"
2026-03-22 11:46:36,560 | INFO | HTTP Request: GET https://www.okx.com/api/v5/market/books?instId=TRIA-USDT-SWAP&sz=5 "HTTP/2 200 OK"
2026-03-22 11:46:36,743 | INFO | HTTP Request: GET https://www.okx.com/api/v5/market/candles?instId=ARB-USDT-SWAP&bar=5m&limit=89 "HTTP/2 200 OK"
2026-03-22 11:46:37,164 | INFO | HTTP Request: GET https://www.okx.com/api/v5/market/books?instId=TRIA-USDT-SWAP&sz=5 "HTTP/2 200 OK"
2026-03-22 11:46:37,256 | INFO | HTTP Request: GET https://www.okx.com/api/v5/market/ticker?instId=ASP-USDT-SWAP "HTTP/2 200 OK"
2026-03-22 11:46:37,641 | INFO | HTTP Request: GET https://www.okx.com/api/v5/market/candles?instId=ASP-USDT-SWAP&bar=5m&limit=89 "HTTP/2 200 OK"
2026-03-22 11:46:37,770 | INFO | HTTP Request: GET https://www.okx.com/api/v5/market/books?instId=TRIA-USDT-SWAP&sz=5 "HTTP/2 200 OK"
2026-03-22 11:46:38,171 | INFO | HTTP Request: GET https://www.okx.com/api/v5/market/ticker?instId=ASTER-USDT-SWAP "HTTP/2 200 OK"
2026-03-22 11:46:38,171 | INFO | HTTP Request: GET https://www.okx.com/api/v5/market/candles?instId=TRX-USDT-SWAP&bar=15m&limit=121 "HTTP/2 200 OK"
2026-03-22 11:46:38,547 | INFO | HTTP Request: GET https://www.okx.com/api/v5/market/candles?instId=TRX-USDT-SWAP&bar=5m&limit=97 "HTTP/2 200 OK"
2026-03-22 11:46:38,557 | INFO | HTTP Request: GET https://www.okx.com/api/v5/market/candles?instId=ASTER-USDT-SWAP&bar=5m&limit=89 "HTTP/2 200 OK"
2026-03-22 11:46:38,966 | INFO | HTTP Request: GET https://www.okx.com/api/v5/market/history-trades?instId=TRX-USDT-SWAP&limit=100 "HTTP/2 200 OK"
2026-03-22 11:46:39,095 | INFO | HTTP Request: GET https://www.okx.com/api/v5/market/ticker?instId=ATOM-USDT-SWAP "HTTP/2 200 OK"
2026-03-22 11:46:39,157 | INFO | HTTP Request: GET https://www.okx.com/api/v5/account/balance "HTTP/2 200 OK"
2026-03-22 11:46:39,378 | INFO | HTTP Request: GET https://www.okx.com/api/v5/market/books?instId=TRX-USDT-SWAP&sz=5 "HTTP/2 200 OK"
2026-03-22 11:46:39,474 | INFO | HTTP Request: GET https://www.okx.com/api/v5/market/candles?instId=ATOM-USDT-SWAP&bar=5m&limit=89 "HTTP/2 200 OK"
2026-03-22 11:46:39,982 | INFO | HTTP Request: GET https://www.okx.com/api/v5/market/books?instId=TRX-USDT-SWAP&sz=5 "HTTP/2 200 OK"
2026-03-22 11:46:39,997 | INFO | HTTP Request: GET https://www.okx.com/api/v5/market/ticker?instId=AUCTION-USDT-SWAP "HTTP/2 200 OK"
2026-03-22 11:46:40,422 | INFO | HTTP Request: GET https://www.okx.com/api/v5/market/candles?instId=AUCTION-USDT-SWAP&bar=5m&limit=89 "HTTP/2 200 OK"
2026-03-22 11:46:40,582 | INFO | HTTP Request: GET https://www.okx.com/api/v5/market/books?instId=TRX-USDT-SWAP&sz=5 "HTTP/2 200 OK"
2026-03-22 11:46:40,915 | INFO | HTTP Request: GET https://www.okx.com/api/v5/market/ticker?instId=AVAX-USDT-SWAP "HTTP/2 200 OK"
2026-03-22 11:46:41,236 | INFO | HTTP Request: GET https://www.okx.com/api/v5/market/books?instId=TRX-USDT-SWAP&sz=5 "HTTP/2 200 OK"
2026-03-22 11:46:41,303 | INFO | HTTP Request: GET https://www.okx.com/api/v5/market/candles?instId=AVAX-USDT-SWAP&bar=5m&limit=89 "HTTP/2 200 OK"
2026-03-22 11:46:41,614 | INFO | HTTP Request: GET https://www.okx.com/api/v5/market/candles?instId=TSLA-USDT-SWAP&bar=15m&limit=121 "HTTP/2 200 OK"
2026-03-22 11:46:41,831 | INFO | HTTP Request: GET https://www.okx.com/api/v5/market/ticker?instId=AXS-USDT-SWAP "HTTP/2 200 OK"
2026-03-22 11:46:42,019 | INFO | HTTP Request: GET https://www.okx.com/api/v5/market/candles?instId=TSLA-USDT-SWAP&bar=5m&limit=97 "HTTP/2 200 OK"
2026-03-22 11:46:42,237 | INFO | HTTP Request: GET https://www.okx.com/api/v5/market/candles?instId=AXS-USDT-SWAP&bar=5m&limit=89 "HTTP/2 200 OK"
2026-03-22 11:46:42,444 | INFO | HTTP Request: GET https://www.okx.com/api/v5/market/history-trades?instId=TSLA-USDT-SWAP&limit=100 "HTTP/2 200 OK"
2026-03-22 11:46:42,503 | INFO | HTTP Request: GET https://www.okx.com/api/v5/market/candles?instId=BTC-USDT-SWAP&bar=5m&limit=64 "HTTP/2 200 OK"
2026-03-22 11:46:42,788 | INFO | HTTP Request: GET https://www.okx.com/api/v5/market/ticker?instId=BAND-USDT-SWAP "HTTP/2 200 OK"
2026-03-22 11:46:42,884 | INFO | HTTP Request: GET https://www.okx.com/api/v5/market/books?instId=TSLA-USDT-SWAP&sz=5 "HTTP/2 200 OK"
2026-03-22 11:46:43,175 | INFO | HTTP Request: GET https://www.okx.com/api/v5/market/candles?instId=BAND-USDT-SWAP&bar=5m&limit=89 "HTTP/2 200 OK"
2026-03-22 11:46:43,534 | INFO | HTTP Request: GET https://www.okx.com/api/v5/market/books?instId=TSLA-USDT-SWAP&sz=5 "HTTP/2 200 OK"
2026-03-22 11:46:43,709 | INFO | HTTP Request: GET https://www.okx.com/api/v5/market/ticker?instId=BCH-USDT-SWAP "HTTP/2 200 OK"
2026-03-22 11:46:44,135 | INFO | HTTP Request: GET https://www.okx.com/api/v5/market/candles?instId=BCH-USDT-SWAP&bar=5m&limit=89 "HTTP/2 200 OK"
2026-03-22 11:46:44,336 | INFO | HTTP Request: GET https://www.okx.com/api/v5/market/books?instId=TSLA-USDT-SWAP&sz=5 "HTTP/2 200 OK"
2026-03-22 11:46:44,529 | INFO | HTTP Request: GET https://www.okx.com/api/v5/account/balance "HTTP/2 200 OK"
2026-03-22 11:46:44,651 | INFO | HTTP Request: GET https://www.okx.com/api/v5/market/ticker?instId=BIO-USDT-SWAP "HTTP/2 200 OK"
2026-03-22 11:46:44,983 | INFO | HTTP Request: GET https://www.okx.com/api/v5/market/books?instId=TSLA-USDT-SWAP&sz=5 "HTTP/2 200 OK"
2026-03-22 11:46:45,051 | INFO | HTTP Request: GET https://www.okx.com/api/v5/market/candles?instId=BIO-USDT-SWAP&bar=5m&limit=89 "HTTP/2 200 OK"
2026-03-22 11:46:45,443 | INFO | HTTP Request: GET https://www.okx.com/api/v5/market/candles?instId=XAG-USDT-SWAP&bar=15m&limit=121 "HTTP/2 200 OK"
2026-03-22 11:46:45,610 | INFO | HTTP Request: GET https://www.okx.com/api/v5/market/ticker?instId=BLUAI-USDT-SWAP "HTTP/2 200 OK"
2026-03-22 11:46:45,813 | INFO | HTTP Request: GET https://www.okx.com/api/v5/market/candles?instId=XAG-USDT-SWAP&bar=5m&limit=97 "HTTP/2 200 OK"
2026-03-22 11:46:46,017 | INFO | HTTP Request: GET https://www.okx.com/api/v5/market/candles?instId=BLUAI-USDT-SWAP&bar=5m&limit=89 "HTTP/2 200 OK"
2026-03-22 11:46:46,242 | INFO | HTTP Request: GET https://www.okx.com/api/v5/market/history-trades?instId=XAG-USDT-SWAP&limit=100 "HTTP/2 200 OK"
2026-03-22 11:46:46,571 | INFO | HTTP Request: GET https://www.okx.com/api/v5/market/ticker?instId=BNB-USDT-SWAP "HTTP/2 200 OK"
2026-03-22 11:46:46,638 | INFO | HTTP Request: GET https://www.okx.com/api/v5/market/books?instId=XAG-USDT-SWAP&sz=5 "HTTP/2 200 OK"
2026-03-22 11:46:46,973 | INFO | HTTP Request: GET https://www.okx.com/api/v5/market/candles?instId=BNB-USDT-SWAP&bar=5m&limit=89 "HTTP/2 200 OK"
2026-03-22 11:46:47,293 | INFO | HTTP Request: GET https://www.okx.com/api/v5/market/books?instId=XAG-USDT-SWAP&sz=5 "HTTP/2 200 OK"
2026-03-22 11:46:47,473 | INFO | HTTP Request: GET https://www.okx.com/api/v5/market/ticker?instId=BOME-USDT-SWAP "HTTP/2 200 OK"
2026-03-22 11:46:47,859 | INFO | HTTP Request: GET https://www.okx.com/api/v5/market/candles?instId=BOME-USDT-SWAP&bar=5m&limit=89 "HTTP/2 200 OK"
2026-03-22 11:46:47,885 | INFO | HTTP Request: GET https://www.okx.com/api/v5/market/books?instId=XAG-USDT-SWAP&sz=5 "HTTP/2 200 OK"
2026-03-22 11:46:48,409 | INFO | HTTP Request: GET https://www.okx.com/api/v5/market/ticker?instId=BRETT-USDT-SWAP "HTTP/2 200 OK"
2026-03-22 11:46:48,532 | INFO | HTTP Request: GET https://www.okx.com/api/v5/market/books?instId=XAG-USDT-SWAP&sz=5 "HTTP/2 200 OK"
2026-03-22 11:46:48,741 | INFO | HTTP Request: GET https://www.okx.com/api/v5/market/candles?instId=BTC-USDT-SWAP&bar=5m&limit=64 "HTTP/2 200 OK"
2026-03-22 11:46:48,816 | INFO | HTTP Request: GET https://www.okx.com/api/v5/market/candles?instId=BRETT-USDT-SWAP&bar=5m&limit=89 "HTTP/2 200 OK"
2026-03-22 11:46:48,905 | INFO | HTTP Request: GET https://www.okx.com/api/v5/market/candles?instId=1INCH-USDT-SWAP&bar=5m&limit=71 "HTTP/2 200 OK"
2026-03-22 11:46:49,350 | INFO | HTTP Request: GET https://www.okx.com/api/v5/market/ticker?instId=BTC-USDT-SWAP "HTTP/2 200 OK"
2026-03-22 11:46:49,381 | INFO | HTTP Request: GET https://www.okx.com/api/v5/market/candles?instId=2Z-USDT-SWAP&bar=5m&limit=71 "HTTP/2 200 OK"
2026-03-22 11:46:49,753 | INFO | HTTP Request: GET https://www.okx.com/api/v5/market/candles?instId=AAVE-USDT-SWAP&bar=5m&limit=71 "HTTP/2 200 OK"
2026-03-22 11:46:49,843 | INFO | HTTP Request: GET https://www.okx.com/api/v5/market/ticker?instId=CAT-USDT-SWAP "HTTP/2 200 OK"
2026-03-22 11:46:49,886 | INFO | HTTP Request: GET https://www.okx.com/api/v5/account/balance "HTTP/2 200 OK"
2026-03-22 11:46:50,166 | INFO | HTTP Request: GET https://www.okx.com/api/v5/market/candles?instId=ACT-USDT-SWAP&bar=5m&limit=71 "HTTP/2 200 OK"
2026-03-22 11:46:50,255 | INFO | HTTP Request: GET https://www.okx.com/api/v5/market/candles?instId=CAT-USDT-SWAP&bar=5m&limit=89 "HTTP/2 200 OK"
2026-03-22 11:46:50,570 | INFO | HTTP Request: GET https://www.okx.com/api/v5/market/candles?instId=ALGO-USDT-SWAP&bar=5m&limit=71 "HTTP/2 200 OK"
2026-03-22 11:46:50,804 | INFO | HTTP Request: GET https://www.okx.com/api/v5/market/ticker?instId=CATI-USDT-SWAP "HTTP/2 200 OK"
2026-03-22 11:46:50,967 | INFO | HTTP Request: GET https://www.okx.com/api/v5/market/candles?instId=ARB-USDT-SWAP&bar=5m&limit=71 "HTTP/2 200 OK"
2026-03-22 11:46:51,179 | INFO | HTTP Request: GET https://www.okx.com/api/v5/market/candles?instId=CATI-USDT-SWAP&bar=5m&limit=89 "HTTP/2 200 OK"
2026-03-22 11:46:51,382 | INFO | HTTP Request: GET https://www.okx.com/api/v5/market/candles?instId=ATOM-USDT-SWAP&bar=5m&limit=71 "HTTP/2 200 OK"
2026-03-22 11:46:51,728 | INFO | HTTP Request: GET https://www.okx.com/api/v5/market/ticker?instId=CELO-USDT-SWAP "HTTP/2 200 OK"
2026-03-22 11:46:51,785 | INFO | HTTP Request: GET https://www.okx.com/api/v5/market/candles?instId=AUCTION-USDT-SWAP&bar=5m&limit=71 "HTTP/2 200 OK"
2026-03-22 11:46:52,164 | INFO | HTTP Request: GET https://www.okx.com/api/v5/market/candles?instId=CELO-USDT-SWAP&bar=5m&limit=89 "HTTP/2 200 OK"
2026-03-22 11:46:52,212 | INFO | HTTP Request: GET https://www.okx.com/api/v5/market/candles?instId=AVAX-USDT-SWAP&bar=5m&limit=71 "HTTP/2 200 OK"
2026-03-22 11:46:52,589 | INFO | HTTP Request: GET https://www.okx.com/api/v5/market/candles?instId=AXS-USDT-SWAP&bar=5m&limit=71 "HTTP/2 200 OK"
2026-03-22 11:46:52,656 | INFO | HTTP Request: GET https://www.okx.com/api/v5/market/ticker?instId=CFX-USDT-SWAP "HTTP/2 200 OK"
2026-03-22 11:46:53,008 | INFO | HTTP Request: GET https://www.okx.com/api/v5/market/candles?instId=BNB-USDT-SWAP&bar=5m&limit=71 "HTTP/2 200 OK"
2026-03-22 11:46:53,028 | INFO | HTTP Request: GET https://www.okx.com/api/v5/market/candles?instId=CFX-USDT-SWAP&bar=5m&limit=89 "HTTP/2 200 OK"
2026-03-22 11:46:53,382 | INFO | HTTP Request: GET https://www.okx.com/api/v5/market/candles?instId=BTC-USDT-SWAP&bar=5m&limit=71 "HTTP/2 200 OK"
2026-03-22 11:46:53,517 | INFO | HTTP Request: GET https://www.okx.com/api/v5/market/ticker?instId=CHZ-USDT-SWAP "HTTP/2 200 OK"
2026-03-22 11:46:53,812 | INFO | HTTP Request: GET https://www.okx.com/api/v5/market/candles?instId=CHZ-USDT-SWAP&bar=5m&limit=71 "HTTP/2 200 OK"
2026-03-22 11:46:53,899 | INFO | HTTP Request: GET https://www.okx.com/api/v5/market/candles?instId=CHZ-USDT-SWAP&bar=5m&limit=89 "HTTP/2 200 OK"
2026-03-22 11:46:54,227 | INFO | HTTP Request: GET https://www.okx.com/api/v5/market/candles?instId=COMP-USDT-SWAP&bar=5m&limit=71 "HTTP/2 200 OK"
2026-03-22 11:46:54,440 | INFO | HTTP Request: GET https://www.okx.com/api/v5/market/ticker?instId=COAI-USDT-SWAP "HTTP/2 200 OK"
2026-03-22 11:46:54,622 | INFO | HTTP Request: GET https://www.okx.com/api/v5/market/candles?instId=CRV-USDT-SWAP&bar=5m&limit=71 "HTTP/2 200 OK"
2026-03-22 11:46:54,835 | INFO | HTTP Request: GET https://www.okx.com/api/v5/market/candles?instId=COAI-USDT-SWAP&bar=5m&limit=89 "HTTP/2 200 OK"
2026-03-22 11:46:55,037 | INFO | HTTP Request: GET https://www.okx.com/api/v5/market/candles?instId=DOGE-USDT-SWAP&bar=5m&limit=71 "HTTP/2 200 OK"
2026-03-22 11:46:55,335 | INFO | HTTP Request: GET https://www.okx.com/api/v5/account/balance "HTTP/2 200 OK"
2026-03-22 11:46:55,354 | INFO | HTTP Request: GET https://www.okx.com/api/v5/market/ticker?instId=COMP-USDT-SWAP "HTTP/2 200 OK"
2026-03-22 11:46:55,456 | INFO | HTTP Request: GET https://www.okx.com/api/v5/market/candles?instId=DOT-USDT-SWAP&bar=5m&limit=71 "HTTP/2 200 OK"
2026-03-22 11:46:55,851 | INFO | HTTP Request: GET https://www.okx.com/api/v5/market/ticker?instId=CRO-USDT-SWAP "HTTP/2 200 OK"
2026-03-22 11:46:55,860 | INFO | HTTP Request: GET https://www.okx.com/api/v5/market/candles?instId=ENA-USDT-SWAP&bar=5m&limit=71 "HTTP/2 200 OK"
2026-03-22 11:46:56,250 | INFO | HTTP Request: GET https://www.okx.com/api/v5/market/candles?instId=CRO-USDT-SWAP&bar=5m&limit=89 "HTTP/2 200 OK"
2026-03-22 11:46:56,266 | INFO | HTTP Request: GET https://www.okx.com/api/v5/market/candles?instId=ETC-USDT-SWAP&bar=5m&limit=71 "HTTP/2 200 OK"
2026-03-22 11:46:56,682 | INFO | HTTP Request: GET https://www.okx.com/api/v5/market/candles?instId=ETHFI-USDT-SWAP&bar=5m&limit=71 "HTTP/2 200 OK"
2026-03-22 11:46:56,798 | INFO | HTTP Request: GET https://www.okx.com/api/v5/market/ticker?instId=CRV-USDT-SWAP "HTTP/2 200 OK"
2026-03-22 11:46:57,098 | INFO | HTTP Request: GET https://www.okx.com/api/v5/market/ticker?instId=ETHFI-USDT-SWAP "HTTP/2 200 OK"
2026-03-22 11:46:57,115 | INFO | ETHFI-USDT-SWAP: Turtle 55 long-сигнал отклонён (закрытие не удержалось выше канала)
2026-03-22 11:46:57,119 | INFO | ETHFI-USDT-SWAP: Turtle 20 long-сигнал отклонён (закрытие не удержалось выше канала)
2026-03-22 11:46:57,322 | INFO | HTTP Request: GET https://www.okx.com/api/v5/market/ticker?instId=DOGE-USDT-SWAP "HTTP/2 200 OK"
2026-03-22 11:46:57,553 | INFO | HTTP Request: GET https://www.okx.com/api/v5/market/candles?instId=ETHW-USDT-SWAP&bar=5m&limit=71 "HTTP/2 200 OK"
2026-03-22 11:46:57,816 | INFO | HTTP Request: GET https://www.okx.com/api/v5/market/ticker?instId=DOT-USDT-SWAP "HTTP/2 200 OK"
2026-03-22 11:46:57,924 | INFO | HTTP Request: GET https://www.okx.com/api/v5/market/candles?instId=FIL-USDT-SWAP&bar=5m&limit=71 "HTTP/2 200 OK"
2026-03-22 11:46:58,123 | INFO | HTTP Request: GET https://www.okx.com/api/v5/market/candles?instId=BTC-USDT-SWAP&bar=5m&limit=64 "HTTP/2 200 OK"
2026-03-22 11:46:58,319 | INFO | HTTP Request: GET https://www.okx.com/api/v5/market/candles?instId=FLOKI-USDT-SWAP&bar=5m&limit=71 "HTTP/2 200 OK"
2026-03-22 11:46:58,343 | INFO | HTTP Request: GET https://www.okx.com/api/v5/market/ticker?instId=ENA-USDT-SWAP "HTTP/2 200 OK"
2026-03-22 11:46:58,765 | INFO | HTTP Request: GET https://www.okx.com/api/v5/market/candles?instId=H-USDT-SWAP&bar=5m&limit=71 "HTTP/2 200 OK"
2026-03-22 11:46:58,869 | INFO | HTTP Request: GET https://www.okx.com/api/v5/market/ticker?instId=EOS-USDT-SWAP "HTTP/2 200 OK"
2026-03-22 11:46:59,151 | INFO | HTTP Request: GET https://www.okx.com/api/v5/market/candles?instId=HBAR-USDT-SWAP&bar=5m&limit=71 "HTTP/2 200 OK"
2026-03-22 11:46:59,240 | INFO | HTTP Request: GET https://www.okx.com/api/v5/market/candles?instId=EOS-USDT-SWAP&bar=5m&limit=89 "HTTP/2 200 OK"
2026-03-22 11:46:59,625 | INFO | HTTP Request: GET https://www.okx.com/api/v5/market/candles?instId=HOME-USDT-SWAP&bar=5m&limit=71 "HTTP/2 200 OK"
2026-03-22 11:46:59,746 | INFO | HTTP Request: GET https://www.okx.com/api/v5/market/ticker?instId=ETC-USDT-SWAP "HTTP/2 200 OK"
2026-03-22 11:47:00,006 | INFO | HTTP Request: GET https://www.okx.com/api/v5/market/candles?instId=ICP-USDT-SWAP&bar=5m&limit=71 "HTTP/2 200 OK"
2026-03-22 11:47:00,244 | INFO | HTTP Request: GET https://www.okx.com/api/v5/market/ticker?instId=ETH-USDT-SWAP "HTTP/2 200 OK"
2026-03-22 11:47:00,430 | INFO | HTTP Request: GET https://www.okx.com/api/v5/market/candles?instId=IMX-USDT-SWAP&bar=5m&limit=71 "HTTP/2 200 OK"
2026-03-22 11:47:00,615 | INFO | HTTP Request: GET https://www.okx.com/api/v5/market/candles?instId=ETH-USDT-SWAP&bar=5m&limit=89 "HTTP/2 200 OK"
2026-03-22 11:47:00,701 | INFO | HTTP Request: GET https://www.okx.com/api/v5/account/balance "HTTP/2 200 OK"
2026-03-22 11:47:00,835 | INFO | HTTP Request: GET https://www.okx.com/api/v5/market/candles?instId=INJ-USDT-SWAP&bar=5m&limit=71 "HTTP/2 200 OK"
2026-03-22 11:47:01,201 | INFO | HTTP Request: GET https://www.okx.com/api/v5/market/candles?instId=JUP-USDT-SWAP&bar=5m&limit=71 "HTTP/2 200 OK"
2026-03-22 11:47:01,273 | INFO | HTTP Request: GET https://www.okx.com/api/v5/market/ticker?instId=ETHW-USDT-SWAP "HTTP/2 200 OK"
2026-03-22 11:47:01,603 | INFO | HTTP Request: GET https://www.okx.com/api/v5/market/candles?instId=KAITO-USDT-SWAP&bar=5m&limit=71 "HTTP/2 200 OK"
2026-03-22 11:47:01,763 | INFO | HTTP Request: GET https://www.okx.com/api/v5/market/ticker?instId=FIL-USDT-SWAP "HTTP/2 200 OK"
2026-03-22 11:47:01,978 | INFO | HTTP Request: GET https://www.okx.com/api/v5/market/candles?instId=LDO-USDT-SWAP&bar=5m&limit=71 "HTTP/2 200 OK"
2026-03-22 11:47:02,290 | INFO | HTTP Request: GET https://www.okx.com/api/v5/market/ticker?instId=FLOKI-USDT-SWAP "HTTP/2 200 OK"
2026-03-22 11:47:02,392 | INFO | HTTP Request: GET https://www.okx.com/api/v5/market/candles?instId=LINEA-USDT-SWAP&bar=5m&limit=71 "HTTP/2 200 OK"
2026-03-22 11:47:02,794 | INFO | HTTP Request: GET https://www.okx.com/api/v5/market/candles?instId=LQTY-USDT-SWAP&bar=5m&limit=71 "HTTP/2 200 OK"
2026-03-22 11:47:02,829 | INFO | HTTP Request: GET https://www.okx.com/api/v5/market/ticker?instId=GMT-USDT-SWAP "HTTP/2 200 OK"
2026-03-22 11:47:03,184 | INFO | HTTP Request: GET https://www.okx.com/api/v5/market/candles?instId=GMT-USDT-SWAP&bar=5m&limit=89 "HTTP/2 200 OK"
2026-03-22 11:47:03,192 | INFO | HTTP Request: GET https://www.okx.com/api/v5/market/candles?instId=LTC-USDT-SWAP&bar=5m&limit=71 "HTTP/2 200 OK"
2026-03-22 11:47:03,629 | INFO | HTTP Request: GET https://www.okx.com/api/v5/market/candles?instId=MET-USDT-SWAP&bar=5m&limit=71 "HTTP/2 200 OK"
2026-03-22 11:47:03,723 | INFO | HTTP Request: GET https://www.okx.com/api/v5/market/ticker?instId=H-USDT-SWAP "HTTP/2 200 OK"
2026-03-22 11:47:04,043 | INFO | HTTP Request: GET https://www.okx.com/api/v5/market/candles?instId=MINA-USDT-SWAP&bar=5m&limit=71 "HTTP/2 200 OK"
2026-03-22 11:47:04,236 | INFO | HTTP Request: GET https://www.okx.com/api/v5/market/ticker?instId=HBAR-USDT-SWAP "HTTP/2 200 OK"
2026-03-22 11:47:04,400 | INFO | HTTP Request: GET https://www.okx.com/api/v5/market/candles?instId=BTC-USDT-SWAP&bar=5m&limit=64 "HTTP/2 200 OK"
2026-03-22 11:47:04,432 | INFO | HTTP Request: GET https://www.okx.com/api/v5/market/candles?instId=NEAR-USDT-SWAP&bar=5m&limit=71 "HTTP/2 200 OK"
2026-03-22 11:47:04,740 | INFO | HTTP Request: GET https://www.okx.com/api/v5/market/ticker?instId=HMSTR-USDT-SWAP "HTTP/2 200 OK"
2026-03-22 11:47:04,809 | INFO | HTTP Request: GET https://www.okx.com/api/v5/market/candles?instId=OP-USDT-SWAP&bar=5m&limit=71 "HTTP/2 200 OK"
2026-03-22 11:47:05,133 | INFO | HTTP Request: GET https://www.okx.com/api/v5/market/candles?instId=HMSTR-USDT-SWAP&bar=5m&limit=89 "HTTP/2 200 OK"
2026-03-22 11:47:05,225 | INFO | HTTP Request: GET https://www.okx.com/api/v5/market/candles?instId=PEPE-USDT-SWAP&bar=5m&limit=71 "HTTP/2 200 OK"
2026-03-22 11:47:05,633 | INFO | HTTP Request: GET https://www.okx.com/api/v5/market/ticker?instId=HOME-USDT-SWAP "HTTP/2 200 OK"
2026-03-22 11:47:05,640 | INFO | HTTP Request: GET https://www.okx.com/api/v5/market/candles?instId=RESOLV-USDT-SWAP&bar=5m&limit=71 "HTTP/2 200 OK"
2026-03-22 11:47:06,018 | INFO | HTTP Request: GET https://www.okx.com/api/v5/account/balance "HTTP/2 200 OK"
2026-03-22 11:47:06,037 | INFO | HTTP Request: GET https://www.okx.com/api/v5/market/candles?instId=SAND-USDT-SWAP&bar=5m&limit=71 "HTTP/2 200 OK"
2026-03-22 11:47:06,141 | INFO | HTTP Request: GET https://www.okx.com/api/v5/market/ticker?instId=ICP-USDT-SWAP "HTTP/2 200 OK"
2026-03-22 11:47:06,462 | INFO | HTTP Request: GET https://www.okx.com/api/v5/market/candles?instId=SUI-USDT-SWAP&bar=5m&limit=71 "HTTP/2 200 OK"
2026-03-22 11:47:06,667 | INFO | HTTP Request: GET https://www.okx.com/api/v5/market/ticker?instId=IMX-USDT-SWAP "HTTP/2 200 OK"
2026-03-22 11:47:06,863 | INFO | HTTP Request: GET https://www.okx.com/api/v5/market/candles?instId=SYRUP-USDT-SWAP&bar=5m&limit=71 "HTTP/2 200 OK"
2026-03-22 11:47:07,181 | INFO | HTTP Request: GET https://www.okx.com/api/v5/market/ticker?instId=INJ-USDT-SWAP "HTTP/2 200 OK"
2026-03-22 11:47:07,280 | INFO | HTTP Request: GET https://www.okx.com/api/v5/market/candles?instId=THETA-USDT-SWAP&bar=5m&limit=71 "HTTP/2 200 OK"
2026-03-22 11:47:07,680 | INFO | HTTP Request: GET https://www.okx.com/api/v5/market/candles?instId=TON-USDT-SWAP&bar=5m&limit=71 "HTTP/2 200 OK"
2026-03-22 11:47:07,692 | INFO | HTTP Request: GET https://www.okx.com/api/v5/market/ticker?instId=IOTA-USDT-SWAP "HTTP/2 200 OK"
2026-03-22 11:47:08,067 | INFO | HTTP Request: GET https://www.okx.com/api/v5/market/candles?instId=IOTA-USDT-SWAP&bar=5m&limit=89 "HTTP/2 200 OK"
2026-03-22 11:47:08,086 | INFO | HTTP Request: GET https://www.okx.com/api/v5/market/candles?instId=TRX-USDT-SWAP&bar=5m&limit=71 "HTTP/2 200 OK"
2026-03-22 11:47:08,502 | INFO | HTTP Request: GET https://www.okx.com/api/v5/market/candles?instId=MAGIC-USDT-SWAP&bar=5m&limit=26 "HTTP/2 200 OK"
2026-03-22 11:47:08,600 | INFO | HTTP Request: GET https://www.okx.com/api/v5/market/ticker?instId=JUP-USDT-SWAP "HTTP/2 200 OK"
2026-03-22 11:47:08,901 | INFO | HTTP Request: GET https://www.okx.com/api/v5/market/ticker?instId=MAGIC-USDT-SWAP "HTTP/2 200 OK"
2026-03-22 11:47:09,096 | INFO | HTTP Request: GET https://www.okx.com/api/v5/market/ticker?instId=KAITO-USDT-SWAP "HTTP/2 200 OK"
2026-03-22 11:47:09,296 | INFO | HTTP Request: GET https://www.okx.com/api/v5/market/candles?instId=SOL-USDT-SWAP&bar=5m&limit=26 "HTTP/2 200 OK"
2026-03-22 11:47:09,643 | INFO | HTTP Request: GET https://www.okx.com/api/v5/market/ticker?instId=KSM-USDT-SWAP "HTTP/2 200 OK"
2026-03-22 11:47:09,691 | INFO | HTTP Request: GET https://www.okx.com/api/v5/market/ticker?instId=SOL-USDT-SWAP "HTTP/2 200 OK"
2026-03-22 11:47:10,010 | INFO | HTTP Request: GET https://www.okx.com/api/v5/market/candles?instId=KSM-USDT-SWAP&bar=5m&limit=89 "HTTP/2 200 OK"
2026-03-22 11:47:10,054 | INFO | HTTP Request: GET https://www.okx.com/api/v5/market/candles?instId=BTC-USDT-SWAP&bar=5m&limit=64 "HTTP/2 200 OK"
2026-03-22 11:47:10,505 | INFO | HTTP Request: GET https://www.okx.com/api/v5/public/instruments?instType=SWAP "HTTP/2 200 OK"
2026-03-22 11:47:10,511 | INFO | HTTP Request: GET https://www.okx.com/api/v5/market/ticker?instId=LDO-USDT-SWAP "HTTP/2 200 OK"
2026-03-22 11:47:10,742 | INFO | HTTP Request: GET https://www.okx.com/api/v5/account/balance "HTTP/2 200 OK"
2026-03-22 11:47:10,991 | INFO | HTTP Request: GET https://www.okx.com/api/v5/market/ticker?instId=LINEA-USDT-SWAP "HTTP/2 200 OK"
2026-03-22 11:47:11,161 | INFO | HTTP Request: GET https://www.okx.com/api/v5/trade/orders-pending?instType=SWAP&instId=1INCH-USDT-SWAP "HTTP/2 200 OK"
2026-03-22 11:47:11,327 | INFO | HTTP Request: GET https://www.okx.com/api/v5/account/balance "HTTP/2 200 OK"
2026-03-22 11:47:11,497 | INFO | HTTP Request: GET https://www.okx.com/api/v5/market/ticker?instId=LINK-USDT-SWAP "HTTP/2 200 OK"
2026-03-22 11:47:11,579 | INFO | HTTP Request: GET https://www.okx.com/api/v5/market/ticker?instId=1INCH-USDT-SWAP "HTTP/2 200 OK"
2026-03-22 11:47:11,893 | INFO | HTTP Request: GET https://www.okx.com/api/v5/market/candles?instId=LINK-USDT-SWAP&bar=5m&limit=89 "HTTP/2 200 OK"
2026-03-22 11:47:12,383 | INFO | HTTP Request: GET https://www.okx.com/api/v5/market/ticker?instId=LIT-USDT-SWAP "HTTP/2 200 OK"
2026-03-22 11:47:12,754 | INFO | HTTP Request: GET https://www.okx.com/api/v5/market/candles?instId=LIT-USDT-SWAP&bar=5m&limit=89 "HTTP/2 200 OK"
2026-03-22 11:47:13,291 | INFO | HTTP Request: GET https://www.okx.com/api/v5/market/ticker?instId=LPT-USDT-SWAP "HTTP/2 200 OK"
2026-03-22 11:47:13,669 | INFO | HTTP Request: GET https://www.okx.com/api/v5/market/candles?instId=LPT-USDT-SWAP&bar=5m&limit=89 "HTTP/2 200 OK"
2026-03-22 11:47:14,199 | INFO | HTTP Request: GET https://www.okx.com/api/v5/market/ticker?instId=LQTY-USDT-SWAP "HTTP/2 200 OK"
2026-03-22 11:47:14,726 | INFO | HTTP Request: GET https://www.okx.com/api/v5/market/ticker?instId=LRC-USDT-SWAP "HTTP/2 200 OK"
2026-03-22 11:47:15,097 | INFO | HTTP Request: GET https://www.okx.com/api/v5/market/candles?instId=LRC-USDT-SWAP&bar=5m&limit=89 "HTTP/2 200 OK"
2026-03-22 11:47:15,429 | INFO | HTTP Request: GET https://www.okx.com/api/v5/public/instruments?instType=SWAP "HTTP/2 200 OK"
2026-03-22 11:47:15,658 | INFO | HTTP Request: GET https://www.okx.com/api/v5/market/ticker?instId=LTC-USDT-SWAP "HTTP/2 200 OK"
2026-03-22 11:47:15,672 | INFO | HTTP Request: GET https://www.okx.com/api/v5/account/balance "HTTP/2 200 OK"
2026-03-22 11:47:16,037 | INFO | HTTP Request: GET https://www.okx.com/api/v5/trade/orders-pending?instType=SWAP&instId=1INCH-USDT-SWAP "HTTP/2 200 OK"
2026-03-22 11:47:16,161 | INFO | HTTP Request: GET https://www.okx.com/api/v5/market/ticker?instId=MAJOR-USDT-SWAP "HTTP/2 200 OK"
2026-03-22 11:47:16,440 | INFO | HTTP Request: GET https://www.okx.com/api/v5/market/ticker?instId=1INCH-USDT-SWAP "HTTP/2 200 OK"
2026-03-22 11:47:16,567 | INFO | HTTP Request: GET https://www.okx.com/api/v5/market/candles?instId=MAJOR-USDT-SWAP&bar=5m&limit=89 "HTTP/2 200 OK"
2026-03-22 11:47:16,589 | INFO | HTTP Request: GET https://www.okx.com/api/v5/account/balance "HTTP/2 200 OK"
2026-03-22 11:47:16,730 | INFO | HTTP Request: GET https://www.okx.com/api/v5/account/positions?instType=SWAP "HTTP/2 200 OK"
2026-03-22 11:47:16,868 | INFO | HTTP Request: GET https://www.okx.com/api/v5/market/candles?instId=BTC-USDT-SWAP&bar=5m&limit=64 "HTTP/2 200 OK"
2026-03-22 11:47:17,087 | INFO | HTTP Request: GET https://www.okx.com/api/v5/market/ticker?instId=MASK-USDT-SWAP "HTTP/2 200 OK"
2026-03-22 11:47:17,101 | INFO | HTTP Request: GET https://www.okx.com/api/v5/market/candles?instId=XAU-USDT-SWAP&bar=15m&limit=121 "HTTP/2 200 OK"
2026-03-22 11:47:17,454 | INFO | HTTP Request: GET https://www.okx.com/api/v5/market/candles?instId=XAU-USDT-SWAP&bar=5m&limit=97 "HTTP/2 200 OK"
2026-03-22 11:47:17,473 | INFO | HTTP Request: GET https://www.okx.com/api/v5/market/candles?instId=MASK-USDT-SWAP&bar=5m&limit=89 "HTTP/2 200 OK"
2026-03-22 11:47:17,847 | INFO | HTTP Request: GET https://www.okx.com/api/v5/market/history-trades?instId=XAU-USDT-SWAP&limit=100 "HTTP/2 200 OK"
2026-03-22 11:47:17,954 | INFO | HTTP Request: GET https://www.okx.com/api/v5/market/ticker?instId=MET-USDT-SWAP "HTTP/2 200 OK"
2026-03-22 11:47:18,261 | INFO | HTTP Request: GET https://www.okx.com/api/v5/market/books?instId=XAU-USDT-SWAP&sz=5 "HTTP/2 200 OK"
2026-03-22 11:47:18,501 | INFO | HTTP Request: GET https://www.okx.com/api/v5/market/ticker?instId=MINA-USDT-SWAP "HTTP/2 200 OK"
2026-03-22 11:47:18,855 | INFO | HTTP Request: GET https://www.okx.com/api/v5/market/books?instId=XAU-USDT-SWAP&sz=5 "HTTP/2 200 OK"
2026-03-22 11:47:18,998 | INFO | HTTP Request: GET https://www.okx.com/api/v5/market/ticker?instId=MKR-USDT-SWAP "HTTP/2 200 OK"
2026-03-22 11:47:19,366 | INFO | HTTP Request: GET https://www.okx.com/api/v5/market/candles?instId=MKR-USDT-SWAP&bar=5m&limit=89 "HTTP/2 200 OK"
2026-03-22 11:47:19,454 | INFO | HTTP Request: GET https://www.okx.com/api/v5/market/books?instId=XAU-USDT-SWAP&sz=5 "HTTP/2 200 OK"
2026-03-22 11:47:19,905 | INFO | HTTP Request: GET https://www.okx.com/api/v5/market/ticker?instId=MUBARAK-USDT-SWAP "HTTP/2 200 OK"
2026-03-22 11:47:20,072 | INFO | HTTP Request: GET https://www.okx.com/api/v5/market/books?instId=XAU-USDT-SWAP&sz=5 "HTTP/2 200 OK"
2026-03-22 11:47:20,317 | INFO | HTTP Request: GET https://www.okx.com/api/v5/market/candles?instId=MUBARAK-USDT-SWAP&bar=5m&limit=89 "HTTP/2 200 OK"
2026-03-22 11:47:20,525 | INFO | HTTP Request: GET https://www.okx.com/api/v5/market/candles?instId=XLM-USDT-SWAP&bar=15m&limit=121 "HTTP/2 200 OK"
2026-03-22 11:47:20,811 | INFO | HTTP Request: GET https://www.okx.com/api/v5/market/ticker?instId=NEAR-USDT-SWAP "HTTP/2 200 OK"
2026-03-22 11:47:20,883 | INFO | HTTP Request: GET https://www.okx.com/api/v5/market/candles?instId=XLM-USDT-SWAP&bar=5m&limit=97 "HTTP/2 200 OK"
2026-03-22 11:47:21,309 | INFO | HTTP Request: GET https://www.okx.com/api/v5/market/ticker?instId=NEO-USDT-SWAP "HTTP/2 200 OK"
2026-03-22 11:47:21,315 | INFO | HTTP Request: GET https://www.okx.com/api/v5/market/history-trades?instId=XLM-USDT-SWAP&limit=100 "HTTP/2 200 OK"
2026-03-22 11:47:21,704 | INFO | HTTP Request: GET https://www.okx.com/api/v5/market/candles?instId=NEO-USDT-SWAP&bar=5m&limit=89 "HTTP/2 200 OK"
2026-03-22 11:47:21,735 | INFO | HTTP Request: GET https://www.okx.com/api/v5/market/books?instId=XLM-USDT-SWAP&sz=5 "HTTP/2 200 OK"
2026-03-22 11:47:21,855 | INFO | HTTP Request: GET https://www.okx.com/api/v5/account/balance "HTTP/2 200 OK"
2026-03-22 11:47:22,230 | INFO | HTTP Request: GET https://www.okx.com/api/v5/market/ticker?instId=NOT-USDT-SWAP "HTTP/2 200 OK"
2026-03-22 11:47:22,337 | INFO | HTTP Request: GET https://www.okx.com/api/v5/market/books?instId=XLM-USDT-SWAP&sz=5 "HTTP/2 200 OK"
2026-03-22 11:47:22,627 | INFO | HTTP Request: GET https://www.okx.com/api/v5/market/candles?instId=NOT-USDT-SWAP&bar=5m&limit=89 "HTTP/2 200 OK"
2026-03-22 11:47:22,977 | INFO | HTTP Request: GET https://www.okx.com/api/v5/market/books?instId=XLM-USDT-SWAP&sz=5 "HTTP/2 200 OK"
2026-03-22 11:47:23,130 | INFO | HTTP Request: GET https://www.okx.com/api/v5/market/candles?instId=BTC-USDT-SWAP&bar=5m&limit=64 "HTTP/2 200 OK"
2026-03-22 11:47:23,185 | INFO | HTTP Request: GET https://www.okx.com/api/v5/market/ticker?instId=OP-USDT-SWAP "HTTP/2 200 OK"
2026-03-22 11:47:23,604 | INFO | HTTP Request: GET https://www.okx.com/api/v5/market/books?instId=XLM-USDT-SWAP&sz=5 "HTTP/2 200 OK"
2026-03-22 11:47:23,731 | INFO | HTTP Request: GET https://www.okx.com/api/v5/market/ticker?instId=PEPE-USDT-SWAP "HTTP/2 200 OK"
2026-03-22 11:47:24,022 | INFO | HTTP Request: GET https://www.okx.com/api/v5/market/candles?instId=XPL-USDT-SWAP&bar=15m&limit=121 "HTTP/2 200 OK"
2026-03-22 11:47:24,242 | INFO | HTTP Request: GET https://www.okx.com/api/v5/market/ticker?instId=PIGGY-USDT-SWAP "HTTP/2 200 OK"
2026-03-22 11:47:24,425 | INFO | HTTP Request: GET https://www.okx.com/api/v5/market/candles?instId=XPL-USDT-SWAP&bar=5m&limit=97 "HTTP/2 200 OK"
2026-03-22 11:47:24,614 | INFO | HTTP Request: GET https://www.okx.com/api/v5/market/candles?instId=PIGGY-USDT-SWAP&bar=5m&limit=89 "HTTP/2 200 OK"
2026-03-22 11:47:24,827 | INFO | HTTP Request: GET https://www.okx.com/api/v5/market/history-trades?instId=XPL-USDT-SWAP&limit=100 "HTTP/2 200 OK"
2026-03-22 11:47:25,138 | INFO | HTTP Request: GET https://www.okx.com/api/v5/market/ticker?instId=QTUM-USDT-SWAP "HTTP/2 200 OK"
2026-03-22 11:47:25,228 | INFO | HTTP Request: GET https://www.okx.com/api/v5/market/books?instId=XPL-USDT-SWAP&sz=5 "HTTP/2 200 OK"
2026-03-22 11:47:25,555 | INFO | HTTP Request: GET https://www.okx.com/api/v5/market/candles?instId=QTUM-USDT-SWAP&bar=5m&limit=89 "HTTP/2 200 OK"
2026-03-22 11:47:25,843 | INFO | HTTP Request: GET https://www.okx.com/api/v5/market/books?instId=XPL-USDT-SWAP&sz=5 "HTTP/2 200 OK"
2026-03-22 11:47:26,048 | INFO | HTTP Request: GET https://www.okx.com/api/v5/market/ticker?instId=RAVE-USDT-SWAP "HTTP/2 200 OK"
2026-03-22 11:47:26,419 | INFO | HTTP Request: GET https://www.okx.com/api/v5/market/candles?instId=RAVE-USDT-SWAP&bar=5m&limit=89 "HTTP/2 200 OK"
2026-03-22 11:47:26,430 | INFO | HTTP Request: GET https://www.okx.com/api/v5/market/books?instId=XPL-USDT-SWAP&sz=5 "HTTP/2 200 OK"
2026-03-22 11:47:26,898 | INFO | HTTP Request: GET https://www.okx.com/api/v5/market/ticker?instId=RESOLV-USDT-SWAP "HTTP/2 200 OK"
2026-03-22 11:47:27,030 | INFO | HTTP Request: GET https://www.okx.com/api/v5/market/books?instId=XPL-USDT-SWAP&sz=5 "HTTP/2 200 OK"
2026-03-22 11:47:27,415 | INFO | HTTP Request: GET https://www.okx.com/api/v5/market/candles?instId=XRP-USDT-SWAP&bar=15m&limit=121 "HTTP/2 200 OK"
2026-03-22 11:47:27,419 | INFO | HTTP Request: GET https://www.okx.com/api/v5/market/ticker?instId=ROBO-USDT-SWAP "HTTP/2 200 OK"
2026-03-22 11:47:27,809 | INFO | HTTP Request: GET https://www.okx.com/api/v5/market/candles?instId=XRP-USDT-SWAP&bar=5m&limit=97 "HTTP/2 200 OK"
2026-03-22 11:47:27,818 | INFO | HTTP Request: GET https://www.okx.com/api/v5/market/candles?instId=ROBO-USDT-SWAP&bar=5m&limit=89 "HTTP/2 200 OK"
2026-03-22 11:47:28,229 | INFO | HTTP Request: GET https://www.okx.com/api/v5/market/history-trades?instId=XRP-USDT-SWAP&limit=100 "HTTP/2 200 OK"
2026-03-22 11:47:28,337 | INFO | HTTP Request: GET https://www.okx.com/api/v5/market/ticker?instId=SAND-USDT-SWAP "HTTP/2 200 OK"
2026-03-22 11:47:28,342 | INFO | HTTP Request: GET https://www.okx.com/api/v5/market/candles?instId=BTC-USDT-SWAP&bar=5m&limit=64 "HTTP/2 200 OK"
2026-03-22 11:47:28,685 | INFO | HTTP Request: GET https://www.okx.com/api/v5/market/books?instId=XRP-USDT-SWAP&sz=5 "HTTP/2 200 OK"
2026-03-22 11:47:28,865 | INFO | HTTP Request: GET https://www.okx.com/api/v5/market/ticker?instId=SCR-USDT-SWAP "HTTP/2 200 OK"
2026-03-22 11:47:29,264 | INFO | HTTP Request: GET https://www.okx.com/api/v5/market/candles?instId=SCR-USDT-SWAP&bar=5m&limit=89 "HTTP/2 200 OK"
2026-03-22 11:47:29,284 | INFO | HTTP Request: GET https://www.okx.com/api/v5/market/books?instId=XRP-USDT-SWAP&sz=5 "HTTP/2 200 OK"
2026-03-22 11:47:29,802 | INFO | HTTP Request: GET https://www.okx.com/api/v5/market/ticker?instId=SHIB-USDT-SWAP "HTTP/2 200 OK"
2026-03-22 11:47:29,935 | INFO | HTTP Request: GET https://www.okx.com/api/v5/market/books?instId=XRP-USDT-SWAP&sz=5 "HTTP/2 200 OK"
2026-03-22 11:47:30,249 | INFO | HTTP Request: GET https://www.okx.com/api/v5/market/candles?instId=SHIB-USDT-SWAP&bar=5m&limit=89 "HTTP/2 200 OK"
2026-03-22 11:47:30,533 | INFO | HTTP Request: GET https://www.okx.com/api/v5/market/books?instId=XRP-USDT-SWAP&sz=5 "HTTP/2 200 OK"
2026-03-22 11:47:30,755 | INFO | HTTP Request: GET https://www.okx.com/api/v5/market/ticker?instId=SKY-USDT-SWAP "HTTP/2 200 OK"
2026-03-22 11:47:30,956 | INFO | HTTP Request: GET https://www.okx.com/api/v5/market/candles?instId=MAGIC-USDT-SWAP&bar=5m&limit=26 "HTTP/2 200 OK"
2026-03-22 11:47:31,173 | INFO | HTTP Request: GET https://www.okx.com/api/v5/market/candles?instId=SKY-USDT-SWAP&bar=5m&limit=89 "HTTP/2 200 OK"
2026-03-22 11:47:31,373 | INFO | HTTP Request: GET https://www.okx.com/api/v5/market/ticker?instId=MAGIC-USDT-SWAP "HTTP/2 200 OK"
2026-03-22 11:47:31,692 | INFO | HTTP Request: GET https://www.okx.com/api/v5/market/ticker?instId=SOLV-USDT-SWAP "HTTP/2 200 OK"
2026-03-22 11:47:31,780 | INFO | HTTP Request: GET https://www.okx.com/api/v5/market/candles?instId=SOL-USDT-SWAP&bar=5m&limit=26 "HTTP/2 200 OK"
2026-03-22 11:47:32,070 | INFO | HTTP Request: GET https://www.okx.com/api/v5/market/candles?instId=SOLV-USDT-SWAP&bar=5m&limit=89 "HTTP/2 200 OK"
2026-03-22 11:47:32,180 | INFO | HTTP Request: GET https://www.okx.com/api/v5/market/ticker?instId=SOL-USDT-SWAP "HTTP/2 200 OK"
2026-03-22 11:47:32,622 | INFO | HTTP Request: GET https://www.okx.com/api/v5/market/ticker?instId=SPK-USDT-SWAP "HTTP/2 200 OK"
2026-03-22 11:47:32,971 | INFO | HTTP Request: GET https://www.okx.com/api/v5/market/candles?instId=BTC-USDT-SWAP&bar=5m&limit=64 "HTTP/2 200 OK"
2026-03-22 11:47:33,014 | INFO | HTTP Request: GET https://www.okx.com/api/v5/market/candles?instId=SPK-USDT-SWAP&bar=5m&limit=89 "HTTP/2 200 OK"
