time,balance_total,balance_available,balance_used
2026-03-29 22:43:14,80620.68944376193,80692.5057739007,0.0
2026-03-29 22:43:30,80621.49636881967,80692.5057739007,0.0
2026-03-29 22:43:45,80621.49636881967,80692.5057739007,0.0
2026-03-29 22:44:00,80621.49636881967,80692.5057739007,0.0
2026-03-29 22:44:15,80619.74646065518,80126.2899884607,564.4643360000015
2026-03-29 22:44:31,80617.53580059946,79564.23750131071,1124.3042160000014
2026-03-29 22:44:46,80616.0907836253,79564.23750131071,1123.6655160000014
2026-03-29 22:45:01,80616.89766265546,79564.23750131071,1123.6655160000014
2026-03-29 22:45:16,80616.4350369669,79564.23750131071,1124.0100760000018
2026-03-29 22:45:32,80616.6477474859,79564.23750131071,1124.2229760000018
2026-03-29 22:45:47,80616.6477474859,79564.23750131071,1124.2229760000018
2026-03-29 22:46:02,80616.2629102961,79564.23750131071,1123.8377960000016
2026-03-29 22:46:17,80617.06979104907,79564.23750131071,1123.8377960000016
2026-03-29 22:46:32,80614.1665976763,79564.23750131071,1121.7396160000012
2026-03-29 22:46:48,80616.95880702099,79564.23750131071,1121.3040160000012
2026-03-29 22:47:03,80615.90547654827,79564.23750131071,1122.6724560000016
2026-03-29 22:47:18,80616.88447576425,79564.23750131071,1122.8447360000018
2026-03-29 22:47:33,80616.24973333547,79564.23750131071,1123.0170160000016
2026-03-29 22:47:49,80615.4022769421,79564.23750131071,1122.9763960000016
2026-03-29 22:48:04,80614.88589692971,79564.23750131071,1122.4595560000016
2026-03-29 22:48:19,80611.89178025712,79564.23750131071,1120.2703360000012
2026-03-29 22:48:34,80612.79298843912,79564.23750131071,1121.1723560000019
2026-03-29 22:48:50,80613.7719692085,79564.23750131071,1121.3446360000014
2026-03-29 22:49:05,80613.98127134028,79564.23750131071,1120.7465560000014
2026-03-29 22:49:20,80611.21647536816,79564.23750131071,1120.401996000001
2026-03-29 22:49:35,80614.23114617105,79564.23750131071,1120.189096000001
2026-03-29 22:49:51,80616.15195160582,79564.23750131071,1121.3040160000012
2026-03-29 22:50:06,80618.113364812,79564.23750131071,1122.4595560000016
2026-03-29 22:50:21,80618.15736546542,79564.23750131071,1123.3111560000016
2026-03-29 22:50:36,80618.53880288199,79564.23750131071,1122.8853560000016
2026-03-29 22:50:51,80618.15736546542,79564.23750131071,1123.3111560000016
2026-03-29 22:51:07,80616.33090184427,79564.23750131071,1123.0982560000016
2026-03-29 22:51:22,80614.50444673913,79564.23750131071,1122.8853560000016
2026-03-29 22:51:37,80616.54361449227,79564.23750131071,1123.3111560000016
2026-03-29 22:51:52,80617.13777520185,79564.23750131071,1123.0982560000016
2026-03-29 22:52:08,80616.54361449227,79564.23750131071,1123.3111560000016
2026-03-29 22:52:23,80618.84589282221,79564.23750131071,1124.0002760000018
2026-03-29 22:52:38,80618.67715477545,79564.23750131071,1124.6389760000018
2026-03-29 22:52:53,80618.88986955244,79564.23750131071,1124.8518760000018
2026-03-29 22:53:09,80617.4482144357,79564.23750131071,1125.0241560000013
2026-03-29 22:53:24,80618.46781970028,79564.23750131071,1125.2370560000013
2026-03-29 22:53:39,80618.71773943605,79564.23750131071,1124.6795960000015
2026-03-29 22:53:54,80616.9318344233,79564.23750131071,1124.5073160000013
2026-03-29 22:54:10,80616.55036375513,79564.23750131071,1124.9331160000013
2026-03-29 22:54:25,80616.76307214513,79564.23750131071,1125.1460160000013
2026-03-29 22:54:40,80617.3572554613,79564.23750131071,1124.9331160000013
2026-03-29 22:54:55,80616.33765536513,79564.23750131071,1124.7202160000013
2026-03-29 22:55:10,80620.372103251,79564.23750131071,1124.7202160000013
2026-03-29 22:55:26,80618.488425739,79564.23750131071,1122.8349360000013
2026-03-29 22:55:41,80620.34130944799,79564.23750131071,1124.6893960000016
2026-03-29 22:55:56,80618.79210738999,79564.23750131071,1123.1388760000013
2026-03-29 22:56:11,80619.46743174817,79564.23750131071,1123.0072160000016
2026-03-29 22:56:27,80617.00622974604,79564.23750131071,1122.9665960000018
2026-03-29 22:56:42,80619.60239805699,79564.23750131071,1123.9498560000015
2026-03-29 22:56:57,80621.77315911234,79564.23750131071,1124.5073160000013
2026-03-29 22:57:12,80621.38829881173,79564.23750131071,1124.1221360000018
2026-03-29 22:57:28,80621.29390206451,79564.23750131071,1123.2201160000016
2026-03-29 22:57:43,80619.08257529937,79564.23750131071,1122.6220360000013
2026-03-29 22:57:58,80620.5647604513,79564.23750131071,1122.4903760000016
2026-03-29 22:58:13,80617.71872054499,79564.23750131071,1122.0645760000016
2026-03-29 22:58:28,80619.71385876331,79564.23750131071,1121.6387760000016
2026-03-29 22:58:44,80620.48358706811,79564.23750131071,1122.4091360000014
2026-03-29 22:58:59,80619.21412470497,79564.23750131071,1122.7536960000018
2026-03-29 22:59:14,80620.88167965494,79564.23750131071,1123.6150960000016
2026-03-29 22:59:29,80619.68994468017,79564.23750131071,1123.2299160000016
2026-03-29 22:59:45,80616.96564508544,79564.23750131071,1122.9259760000014
2026-03-29 23:00:00,80615.69276390028,79564.23750131071,1122.4595560000016
2026-03-29 23:00:15,80618.11678039862,79564.23750131071,1123.2705360000018
2026-03-29 23:00:30,80616.84728702507,79564.23750131071,1123.6150960000016
2026-03-29 23:00:46,80618.17055590023,79564.23750131071,1124.1319360000016
2026-03-29 23:01:01,80619.61218972699,79564.23750131071,1123.9596560000016
2026-03-29 23:01:16,80618.76472268862,79564.23750131071,1123.9190360000016
2026-03-29 23:01:31,80618.63317591621,79564.23750131071,1123.7873760000018
2026-03-29 23:01:47,80619.48064163799,79564.23750131071,1123.8279960000016
2026-03-29 23:02:02,80617.09719054124,79564.23750131071,1123.0576360000018
2026-03-29 23:02:17,80613.63014222862,79564.23750131071,1118.7800360000012
2026-03-29 23:02:32,80612.92137219854,79564.23750131071,1115.6481760000017
2026-03-29 23:02:47,80613.05990390798,79564.23750131071,1117.4017960000015
2026-03-29 23:03:03,80609.80894957,79564.23750131071,1114.1480760000015
2026-03-29 23:03:18,80605.79182898022,79564.23750131071,1110.9349760000014
2026-03-29 23:03:33,80603.44922770187,79564.23750131071,1110.2052360000014
2026-03-29 23:03:48,80605.84572783744,79564.23750131071,1111.7963760000011
2026-03-29 23:04:04,80607.32770042599,79564.23750131071,1111.6647160000014
2026-03-29 23:04:19,80607.88468658499,79564.23750131071,1112.2221760000011
2026-03-29 23:04:34,80608.69145118177,79564.23750131071,1112.2221760000011
2026-03-29 23:04:49,80609.11689350977,79564.23750131071,1112.6479760000016
2026-03-29 23:05:05,80608.44167274398,79564.23750131071,1112.7796360000016
2026-03-29 23:05:20,80610.01815581297,79564.23750131071,1113.5499960000018
2026-03-29 23:05:35,80609.96424864994,79564.23750131071,1112.6885960000013
2026-03-29 23:05:50,80608.42835237057,79564.23750131071,1111.9588560000018
2026-03-29 23:06:06,80606.760922597,79564.23750131071,1111.0974560000016
2026-03-29 23:06:21,80605.36013067485,79564.23750131071,1111.3103560000015
2026-03-29 23:06:36,80605.02566191604,79564.23750131071,1110.9755960000011
2026-03-29 23:06:51,80605.73791289498,79564.23750131071,1110.0735760000014
2026-03-29 23:07:07,80606.81129974,79564.23750131071,1111.1478760000014
2026-03-29 23:07:22,80605.66028220781,79564.23750131071,1110.8033160000014
2026-03-29 23:07:37,80605.81552898737,79564.23750131071,1109.3438360000014
2026-03-29 23:07:52,80606.49071407854,79564.23750131071,1109.2121760000016
2026-03-29 23:08:07,80606.45012779314,79564.23750131071,1109.1715560000011
2026-03-29 23:08:23,80605.25853725377,79564.23750131071,1108.7863760000016
2026-03-29 23:08:38,80605.68397958177,79564.23750131071,1109.2121760000016
2026-03-29 23:08:53,80607.48294983874,79564.23750131071,1110.2052360000014
2026-03-29 23:09:08,80607.38841392251,79564.23750131071,1109.3032160000012
2026-03-29 23:09:24,80607.86781013933,79564.23750131071,1110.5904160000014
2026-03-29 23:09:39,80607.27378302417,79564.23750131071,1110.8033160000014
2026-03-29 23:09:54,80607.27378302417,79564.23750131071,1110.8033160000014
2026-03-29 23:10:09,80607.96232416337,79564.23750131071,1111.4924360000011
2026-03-29 23:10:25,80608.94475822497,79564.23750131071,1112.4756960000013
2026-03-29 23:10:40,80608.22895370898,79564.23750131071,1112.5667360000011
2026-03-29 23:10:55,80607.88468658499,79564.23750131071,1112.2221760000011
2026-03-29 23:11:10,80606.13609265862,79564.23750131071,1111.2795360000011
2026-03-29 23:11:26,80607.96232416337,79564.23750131071,1111.4924360000011
2026-03-29 23:11:41,80608.13445944816,79564.23750131071,1111.6647160000014
2026-03-29 23:11:56,80608.82652534098,79564.23750131071,1113.1648160000016
2026-03-29 23:12:11,80609.03924437599,79564.23750131071,1113.3777160000016
2026-03-29 23:12:27,80607.84761947862,79564.23750131071,1112.9925360000016
2026-03-29 23:12:42,80608.44518512982,79564.23750131071,1113.5906160000015
2026-03-29 23:12:57,80610.57514754657,79564.23750131071,1114.1074560000015
2026-03-29 23:13:12,80610.45689834499,79564.23750131071,1114.7965760000018
2026-03-29 23:13:27,80609.596230535,79564.23750131071,1113.9351760000015
2026-03-29 23:13:43,80609.3835115,79564.23750131071,1113.7222760000016
2026-03-29 23:13:58,80608.57673190223,79564.23750131071,1113.7222760000016
2026-03-29 23:14:13,80608.19188315702,79564.23750131071,1113.3370960000018
2026-03-29 23:14:28,80608.19188315702,79564.23750131071,1113.3370960000018
2026-03-29 23:14:44,80608.31363835743,79564.23750131071,1113.4589560000018
2026-03-29 23:14:59,80610.40652120199,79564.23750131071,1114.7461560000015
2026-03-29 23:15:14,80608.44868129604,79564.23750131071,1114.4015960000017
2026-03-29 23:15:29,80608.35422342422,79564.23750131071,1113.4995760000015
2026-03-29 23:15:45,80609.33313435699,79564.23750131071,1113.6718560000018
2026-03-29 23:16:00,80610.14342502398,79564.23750131071,1114.4828360000013
2026-03-29 23:16:15,80609.25196341099,79564.23750131071,1113.5906160000015
2026-03-29 23:16:30,80606.18019659624,79564.23750131071,1112.1311360000016
2026-03-29 23:16:46,80606.77424337663,79564.23750131071,1111.9182360000016
2026-03-29 23:17:01,80608.98534410416,79564.23750131071,1112.5163160000018
2026-03-29 23:17:16,80609.11689350977,79564.23750131071,1112.6479760000016
2026-03-29 23:17:31,80609.32961467376,79564.23750131071,1112.8608760000016
2026-03-29 23:17:47,80605.67710544266,79564.23750131071,1112.4350760000016
2026-03-29 23:18:02,80605.02566191604,79564.23750131071,1110.9755960000011
2026-03-29 23:18:17,80605.44402291399,79564.23750131071,1109.7794360000014
2026-03-29 23:18:32,80605.05917031699,79564.23750131071,1109.3942560000012
2026-03-29 23:18:48,80606.42289836817,79564.23750131071,1109.9517160000016
2026-03-29 23:19:03,80604.54276963099,79564.23750131071,1108.8774160000012
2026-03-29 23:19:18,80600.87353740985,79564.23750131071,1106.8198560000014
2026-03-29 23:19:33,80599.97230216724,79564.23750131071,1105.9178360000012
2026-03-29 23:19:49,80600.23539307884,79564.23750131071,1106.1811560000015
2026-03-29 23:20:04,80601.37298623899,79564.23750131071,1105.7049360000012
2026-03-29 23:20:19,80599.75958739025,79564.23750131071,1105.7049360000012
2026-03-29 23:20:34,80598.10203737387,79564.23750131071,1104.8533360000015
2026-03-29 23:20:50,80597.85530120016,79564.23750131071,1101.376916000001
2026-03-29 23:21:05,80592.88664576499,79564.23750131071,1097.2113760000013
2026-03-29 23:21:20,80587.09419280908,79564.23750131071,1093.8357960000017
2026-03-29 23:21:35,80590.14838045617,79564.23750131071,1093.6635160000014
2026-03-29 23:21:50,80589.05530822223,79564.23750131071,1094.9913360000016
2026-03-29 23:22:06,80592.12673224098,79564.23750131071,1096.4508160000016
2026-03-29 23:22:21,80591.488575136,79564.23750131071,1095.8121160000017
2026-03-29 23:22:36,80589.85820213199,79564.23750131071,1094.1803560000014
2026-03-29 23:22:51,80589.68606857,79564.23750131071,1094.0080760000017
2026-03-29 23:23:07,80589.2606305,79564.23750131071,1093.582276000002
2026-03-29 23:23:22,80586.99953829944,79564.23750131071,1092.933776000002
2026-03-29 23:23:37,80583.96136381284,79564.23750131071,1089.8929560000015
2026-03-29 23:23:52,80580.61951375405,79564.23750131071,1086.5481960000016
2026-03-29 23:24:08,80582.10475739582,79564.23750131071,1087.227516000001
2026-03-29 23:24:23,80582.48960614103,79564.23750131071,1087.6126960000013
2026-03-29 23:24:38,80582.15889332764,79564.23750131071,1088.0889160000015
2026-03-29 23:24:53,80582.15889332764,79564.23750131071,1088.0889160000015
2026-03-29 23:25:09,80583.10071323084,79564.23750131071,1089.0315560000015
2026-03-29 23:25:24,80584.82201439484,79564.23750131071,1090.7543560000013
2026-03-29 23:25:39,80583.69452901543,79564.23750131071,1088.8186560000015
2026-03-29 23:25:54,80583.57277381503,79564.23750131071,1088.6967960000018
2026-03-29 23:26:10,80583.4510186146,79564.23750131071,1088.5749360000013
2026-03-29 23:26:25,80580.07233021823,79564.23750131071,1086.0005360000016
2026-03-29 23:26:40,80580.70670075942,79564.23750131071,1085.8282560000014
2026-03-29 23:26:55,80579.68748532484,79564.23750131071,1085.6153560000014
2026-03-29 23:27:11,80582.14756678976,79564.23750131071,1085.6559760000018
2026-03-29 23:27:26,80579.98136942304,79564.23750131071,1085.9094960000016
2026-03-29 23:27:41,80582.95786556655,79564.23750131071,1086.4669560000013
2026-03-29 23:27:56,80583.22474536698,79564.23750131071,1087.5412560000018
2026-03-29 23:28:12,80587.77376083285,79564.23750131071,1088.0580960000018
2026-03-29 23:28:27,80589.23207324886,79564.23750131071,1089.5175760000013
2026-03-29 23:28:42,80585.584238092,79564.23750131071,1089.9027560000015
2026-03-29 23:28:57,80588.2165877217,79564.23750131071,1090.1156560000013
2026-03-29 23:29:13,80588.98254415549,79564.23750131071,1090.0750360000015
2026-03-29 23:29:28,80587.96327560811,79564.23750131071,1089.8621360000016
2026-03-29 23:29:43,80587.96327560811,79564.23750131071,1089.8621360000016
2026-03-29 23:29:58,80588.17600103011,79564.23750131071,1090.0750360000015
2026-03-29 23:30:14,80584.6214956081,79006.28409631072,1645.2781960000013
2026-03-29 23:30:29,80582.51235944529,78452.4436681107,2197.0077360000014
2026-03-29 23:30:44,80582.77486040012,78452.4436681107,2196.4632960000013
2026-03-29 23:30:59,80577.39455935269,77355.5576855957,3287.9645620000015
2026-03-29 23:31:15,80575.74293479628,77355.5576855957,3286.3115820000016
2026-03-29 23:31:30,80575.28555015947,77355.5576855957,3285.8538220000014
2026-03-29 23:31:45,80573.51655322133,77355.5576855957,3285.6975220000018
2026-03-29 23:32:00,80576.25315254534,77355.5576855957,3288.436422000002
2026-03-29 23:32:16,80575.8906635034,77355.5576855957,3287.2665220000017
2026-03-29 23:32:31,80574.73612711576,77355.5576855957,3287.725232000002
2026-03-29 23:32:46,80578.41544154228,77355.5576855957,3288.9862820000017
2026-03-29 23:33:01,80573.93286047326,77355.5576855957,3286.9212820000016
2026-03-29 23:33:17,80576.04847404848,77355.5576855957,3286.6173720000015
2026-03-29 23:33:32,80573.88188588926,77355.5576855957,3283.6419520000018
2026-03-29 23:33:47,80571.72872078541,77355.5576855957,3283.1011220000014
2026-03-29 23:34:02,80572.32238195148,77355.5576855957,3282.8882220000014
2026-03-29 23:34:18,80572.44362182757,77355.5576855957,3282.2025220000014
2026-03-29 23:34:33,80571.64366032166,77355.5576855957,3281.401912000001
2026-03-29 23:34:48,80571.13422703808,77355.5576855957,3281.6990920000017
2026-03-29 23:35:03,80571.60330208087,77355.5576855957,3282.1685520000015
2026-03-29 23:35:19,80570.88485177851,77355.5576855957,3282.256552000001
2026-03-29 23:35:34,80571.01180631871,77355.5576855957,3282.3836120000014
2026-03-29 23:35:49,80570.1898890767,77355.5576855957,3281.5610120000015
2026-03-29 23:36:04,80570.78049733449,77355.5576855957,3281.345072000001
2026-03-29 23:36:19,80569.84166780648,77355.5576855957,3280.4054720000013
2026-03-29 23:36:35,80567.80350621534,77355.5576855957,3279.9796720000013
2026-03-29 23:36:50,80565.42230810333,77355.5576855957,3277.5964720000015
2026-03-29 23:37:05,80563.27414759269,77355.5576855957,3273.8325620000014
2026-03-29 23:37:20,80559.12834440399,77355.5576855957,3272.9111420000013
2026-03-29 23:37:36,80564.57190256027,77355.5576855957,3275.1313820000014
2026-03-29 23:37:51,80567.03885232564,77355.5576855957,3275.9864020000014
2026-03-29 23:38:06,80568.39458686963,77355.5576855957,3277.343222000002
2026-03-29 23:38:21,80570.22817882164,77355.5576855957,3279.178282000001
2026-03-29 23:38:37,80566.639228573,77355.5576855957,3278.007402000002
2026-03-29 23:38:52,80566.68257206076,77355.5576855957,3276.4368020000015
2026-03-29 23:39:07,80568.37456920871,77355.5576855957,3276.5162220000016
2026-03-29 23:39:22,80565.44234055764,77355.5576855957,3274.3886120000025
2026-03-29 23:39:38,80567.20988538963,77355.5576855957,3276.157572000002
2026-03-29 23:39:53,80566.96422859891,77355.5576855957,3278.3326720000014
2026-03-29 23:40:08,80569.38324530963,77355.5576855957,3278.3326720000014
2026-03-29 23:40:23,80570.60974332564,77355.5576855957,3279.560152000002
2026-03-29 23:40:39,80571.62497429509,77355.5576855957,3282.190242000002
2026-03-29 23:40:54,80572.59029292766,77355.5576855957,3282.349312000001
2026-03-29 23:41:09,80573.72881997316,77355.5576855957,3283.4887620000018
2026-03-29 23:41:24,80572.77191569396,77355.5576855957,3282.531082000002
2026-03-29 23:41:40,80570.26694878988,77355.5576855957,3280.831102000002
2026-03-29 23:41:55,80571.72181482067,77355.5576855957,3282.2871620000014
2026-03-29 23:42:10,80570.1389613818,77355.5576855957,3281.5100420000017
2026-03-29 23:42:25,80573.11508744564,77355.5576855957,3282.0675020000017
2026-03-29 23:42:41,80573.24360454963,77355.5576855957,3282.1961220000017
2026-03-29 23:42:56,80572.22449946056,77355.5576855957,3281.9832220000017
2026-03-29 23:43:11,80573.18867101148,77355.5576855957,3283.7552220000016
2026-03-29 23:43:26,80573.25126710457,77355.5576855957,3283.0108220000016
2026-03-29 23:43:42,80572.87033226348,77355.5576855957,3283.4366220000015
2026-03-29 23:43:57,80572.02902270347,77355.5576855957,3282.594622000002
2026-03-29 23:44:12,80569.12574460133,77355.5576855957,3281.3030220000014
2026-03-29 23:44:27,80570.22510313148,77355.5576855957,3280.7892220000017
2026-03-29 23:44:43,80570.18593203877,77355.5576855957,3279.943002000002
2026-03-29 23:44:58,80570.43924668757,77355.5576855957,3280.1965220000016
2026-03-29 23:45:13,80571.08768102995,77355.5576855957,3280.8454820000006
2026-03-29 23:45:29,80566.21305267977,77355.5576855957,3275.9669020000015
2026-03-29 23:45:44,80567.50166178163,77355.5576855957,3276.4495820000016
2026-03-29 23:45:59,80567.29323702116,77355.5576855957,3277.0479620000015
2026-03-29 23:46:14,80565.9372317144,77355.5576855957,3277.304822000001
2026-03-29 23:46:30,80567.09887873927,77355.5576855957,3277.660432000001
2026-03-29 23:46:45,80568.35119100047,77355.5576855957,3278.9137720000012
2026-03-29 23:47:00,80566.07583832089,77355.5576855957,3276.6365520000018
2026-03-29 23:47:15,80566.23018165548,77355.5576855957,3276.7910220000012
2026-03-29 23:47:31,80565.55237141381,77355.5576855957,3276.9196420000007
2026-03-29 23:47:46,80567.16502096037,77355.5576855957,3276.9196420000007
2026-03-29 23:48:01,80568.31563008564,77355.5576855957,3277.264202000001
2026-03-29 23:48:16,80567.41365224564,77355.5576855957,3276.361502000001
2026-03-29 23:48:32,80564.4632561304,77355.5576855957,3275.8296220000007
2026-03-29 23:48:47,80566.10898903741,77355.5576855957,3277.4767220000012
2026-03-29 23:49:02,80569.76179586757,77355.5576855957,3279.518522000001
2026-03-29 23:49:17,80569.63881069364,77355.5576855957,3278.5884420000016
2026-03-29 23:49:33,80568.97506363726,77355.5576855957,3278.731152000001
2026-03-29 23:49:48,80572.55879106002,77355.5576855957,3280.7037520000017
2026-03-29 23:50:03,80571.31229083764,77355.5576855957,3280.263262000001
2026-03-29 23:50:18,80572.18620114963,77355.5576855957,3281.137872000001
2026-03-29 23:50:34,80571.80694548761,77355.5576855957,3279.951312000001
2026-03-29 23:50:49,80570.40696285866,77355.5576855957,3280.164212000001
2026-03-29 23:51:04,80572.89597287764,77355.5576855957,3281.8482120000012
2026-03-29 23:51:19,80569.07459732048,77355.5576855957,3279.6377720000014
2026-03-29 23:51:35,80566.93154023305,77355.5576855957,3276.685972000001
2026-03-29 23:51:50,80568.11549225631,77355.5576855957,3279.4848920000013
2026-03-29 23:52:05,80568.05200192335,77355.5576855957,3277.807342000001
2026-03-29 23:52:20,80567.20546126988,77355.5576855957,3277.767102000001
2026-03-29 23:52:36,80568.72657090751,77355.5576855957,3276.868502000001
2026-03-29 23:52:51,80567.77749181988,77355.5576855957,3278.3396020000014
2026-03-29 23:53:06,80567.28606283697,77355.5576855957,3277.040782000001
2026-03-29 23:53:21,80566.0988574536,77355.5576855957,3277.466582000001
2026-03-29 23:53:37,80568.00445922163,77355.5576855957,3276.952782000001
2026-03-29 23:53:52,80568.22353861721,77355.5576855957,3276.3650720000014
2026-03-29 23:54:07,80566.66965715413,77355.5576855957,3274.809962000001
2026-03-29 23:54:22,80566.55533944562,77355.5576855957,3275.502502000001
2026-03-29 23:54:38,80562.9818267382,77355.5576855957,3274.3469620000014
2026-03-29 23:54:53,80564.97929283536,77355.5576855957,3274.7321420000017
2026-03-29 23:55:08,80565.36013637364,77355.5576855957,3274.3063420000017
2026-03-29 23:55:23,80569.36574931764,77355.5576855957,3278.3151620000012
2026-03-29 23:55:39,80571.75561589363,77355.5576855957,3280.706942000001
2026-03-29 23:55:54,80567.82839004908,77355.5576855957,3278.390542000001
2026-03-29 23:56:09,80570.33111612948,77355.5576855957,3280.895322000001
2026-03-29 23:56:24,80569.18833075087,77355.5576855957,3278.944592000001
2026-03-29 23:56:40,80570.10281941456,77355.5576855957,3279.859822000001
2026-03-29 23:56:55,80573.61148001364,77355.5576855957,3282.5642920000014
2026-03-29 23:57:10,80571.57891280967,77355.5576855957,3281.3371120000015
2026-03-29 23:57:25,80573.61711432361,77355.5576855957,3281.7629120000015
2026-03-29 23:57:41,80573.57280935222,77355.5576855957,3281.7185720000016
2026-03-29 23:57:56,80573.21376322291,77355.5576855957,3281.359242000001
2026-03-29 23:58:11,80573.35636048201,77355.5576855957,3281.5019520000014
2026-03-29 23:58:26,80572.71141039541,77355.5576855957,3280.8564920000013
2026-03-29 23:58:42,80570.55200485208,77355.5576855957,3281.1163920000013
2026-03-29 23:58:57,80572.16473833364,77355.5576855957,3281.1163920000013
2026-03-29 23:59:12,80568.17395477694,77355.5576855957,3280.3504320000015
2026-03-29 23:59:27,80566.82945510614,77355.5576855957,3279.0048020000013
2026-03-29 23:59:43,80569.46019087429,77355.5576855957,3280.023682000002
2026-03-29 23:59:58,80567.84747924694,77355.5576855957,3280.023682000002
2026-03-30 00:00:13,80568.68742506228,77355.5576855957,3279.2502820000022
2026-03-30 00:00:28,80566.27456860847,76812.8898391957,3823.5384220000024
2026-03-30 00:00:44,80563.45196526253,76812.8898391957,3816.6783720000017
2026-03-30 00:00:59,80560.39331858468,76273.8888971957,4353.425092000001
2026-03-30 00:01:14,80560.83591018817,76273.8888971957,4353.061112000002
2026-03-30 00:01:30,80556.51569422211,76273.8888971957,4352.771992000002
2026-03-30 00:01:45,80556.4363033523,76273.8888971957,4352.692532000002
2026-03-30 00:02:00,80560.50657450418,76273.8888971957,4353.538442000001
2026-03-30 00:02:15,80561.16984259147,76273.8888971957,4352.5883920000015
2026-03-30 00:02:31,80559.03159892089,76273.8888971957,4353.676132000001
2026-03-30 00:02:46,80564.5085578988,76273.8888971957,4358.350742000001
2026-03-30 00:03:01,80564.10591658237,76273.8888971957,4356.333802000002
2026-03-30 00:03:16,80565.86053702388,76273.8888971957,4358.896852000003
2026-03-30 00:03:32,80565.70071534939,76273.8888971957,4360.350922000001
2026-03-30 00:03:47,80565.14423875688,76273.8888971957,4359.793972000001
2026-03-30 00:04:02,80560.03750317488,76273.8888971957,4354.682892000002
2026-03-30 00:04:17,80558.7687754994,76273.8888971957,4354.2200520000015
2026-03-30 00:04:33,80558.63773353718,76273.8888971957,4352.474982000001
2026-03-30 00:04:48,80557.7877770689,76273.8888971957,4352.431252000002
2026-03-30 00:05:03,80561.77196856639,76273.8888971957,4355.611852000002
2026-03-30 00:05:18,80561.13414024039,76273.8888971957,4355.7804620000015
2026-03-30 00:05:34,80563.028022594,76273.8888971957,4356.868962000001
2026-03-30 00:05:49,80561.69168004948,76273.8888971957,4354.724532000002
2026-03-30 00:06:04,80565.47311698798,76273.8888971957,4359.316112000001
2026-03-30 00:06:19,80564.60101329698,76273.8888971957,4357.636282000001
2026-03-30 00:06:35,80564.1195005254,76273.8888971957,4358.768362000002
2026-03-30 00:06:50,80563.86182973189,76273.8888971957,4358.510472000002
2026-03-30 00:07:05,80566.90107267337,76273.8888971957,4359.131252000002
2026-03-30 00:07:20,80568.53115509466,76273.8888971957,4359.955672000002
2026-03-30 00:07:36,80568.79413191076,76273.8888971957,4360.2188620000015
2026-03-30 00:07:51,80567.64206584076,76273.8888971957,4359.065862000001
2026-03-30 00:08:06,80568.75376222115,76273.8888971957,4360.9854620000015
2026-03-30 00:08:22,80561.85897059017,76273.8888971957,4354.085012000001
2026-03-30 00:08:37,80553.21542089617,76273.8888971957,4344.627522000002
2026-03-30 00:08:52,80551.08906464095,76273.8888971957,4342.499442000002
2026-03-30 00:09:07,80548.57766372478,76273.8888971957,4341.599622000002
2026-03-30 00:09:23,80555.12408362605,76273.8888971957,4346.537732000002
2026-03-30 00:09:38,80553.8071446432,76273.8888971957,4347.640332000002
2026-03-30 00:09:53,80555.48717928017,76273.8888971957,4346.901122000002
2026-03-30 00:10:08,80551.88622956838,76273.8888971957,4345.717802000002
2026-03-30 00:10:24,80549.18777691017,76273.8888971957,4342.210242000002
2026-03-30 00:10:39,80548.40060550637,76273.8888971957,4340.615602000002
2026-03-30 00:10:54,80551.51450001737,76273.8888971957,4343.732052000001
2026-03-30 00:11:09,80554.64329338187,76273.8888971957,4346.056552000001
2026-03-30 00:11:25,80553.96026708165,76273.8888971957,4345.372972000002
2026-03-30 00:11:40,80556.37353301236,76273.8888971957,4346.981332000002
2026-03-30 00:11:55,80556.62450070184,76273.8888971957,4346.425652000002
2026-03-30 00:12:10,80557.20420237545,76273.8888971957,4347.005812000002
2026-03-30 00:12:26,80556.95895430034,76273.8888971957,4347.567222000002
2026-03-30 00:12:41,80554.11830305039,76273.8888971957,4347.951752000002
2026-03-30 00:12:56,80555.30315077415,76273.8888971957,4347.523812000002
2026-03-30 00:13:11,80561.09916414277,76273.8888971957,4353.324582000002
2026-03-30 00:13:27,80555.729981112,76273.8888971957,4351.178642000002
2026-03-30 00:13:42,80559.06872587567,76273.8888971957,4350.485572000001
2026-03-30 00:13:57,80558.75248224067,76273.8888971957,4350.1690720000015
2026-03-30 00:14:12,80560.77077240434,76273.8888971957,4351.382092000002
2026-03-30 00:14:28,80559.56877352558,76273.8888971957,4352.599862000002
2026-03-30 00:14:43,80559.43411258835,76273.8888971957,4350.044362000002
2026-03-30 00:14:58,80559.49936034835,76273.8888971957,4350.109662000002
2026-03-30 00:15:14,80557.52685961235,76273.8888971957,4348.135582000002
2026-03-30 00:15:29,80556.110488208,76273.8888971957,4349.945612000002
2026-03-30 00:15:44,80559.11261998834,76273.8888971957,4349.722612000002
2026-03-30 00:15:59,80558.65908795135,76273.8888971957,4350.075602000003
2026-03-30 00:16:15,80562.22123110836,76273.8888971957,4352.8337120000015
2026-03-30 00:16:30,80564.08316369944,76273.8888971957,4353.890212000002
2026-03-30 00:16:45,80565.17311195955,76273.8888971957,4354.981022000002
2026-03-30 00:17:00,80560.85912447715,76273.8888971957,4352.277422000001
2026-03-30 00:17:16,80562.06119001476,76273.8888971957,4353.480462
2026-03-30 00:17:31,80564.52182688155,76273.8888971957,4354.329222000001
2026-03-30 00:17:46,80564.05227510034,76273.8888971957,4354.666222000001
2026-03-30 00:18:01,80561.2137525124,76273.8888971957,4355.860142000002
2026-03-30 00:18:17,80561.18581027018,76273.8888971957,4354.218242000002
2026-03-30 00:18:32,80559.50322591238,76273.8888971957,4353.341202000001
2026-03-30 00:18:47,80559.1398314204,76273.8888971957,4352.977502000002
2026-03-30 00:19:02,80559.4587632924,76273.8888971957,4353.2967020000015
2026-03-30 00:19:18,80560.93754748639,76273.8888971957,4355.583702000002
2026-03-30 00:19:33,80559.94966059198,76273.8888971957,4353.788012000001
2026-03-30 00:19:48,80563.82980322035,76273.8888971957,4354.443572000001
2026-03-30 00:20:04,80564.18910993576,76273.8888971957,4353.996242000002
2026-03-30 00:20:19,80561.89339498444,76273.8888971957,4351.698712000001
2026-03-30 00:20:34,80560.65690357235,76273.8888971957,4351.268132000002
2026-03-30 00:20:49,80559.11179096466,76273.8888971957,4350.528672000001
2026-03-30 00:21:05,80552.65141309235,76273.8888971957,4343.256232000002
2026-03-30 00:21:20,80550.47359357667,76273.8888971957,4341.883472000001
2026-03-30 00:21:35,80548.72043478646,76273.8888971957,4340.1288920000015
2026-03-30 00:21:50,80548.92106837657,76273.8888971957,4341.136492000001
2026-03-30 00:22:06,80547.5233874368,76273.8888971957,4341.351292000002
2026-03-30 00:22:21,80551.14836049818,76273.8888971957,4343.365612000001
2026-03-30 00:22:36,80554.19485690986,76273.8888971957,4345.607752000002
2026-03-30 00:22:51,80553.01387535105,76273.8888971957,4342.812172000002
2026-03-30 00:23:07,80552.8590436648,76813.43438309571,3803.111732000002
2026-03-30 00:23:22,80549.3947825948,76813.43438309571,3799.644732000002
2026-03-30 00:23:37,80554.0178874544,76813.43438309571,3804.271492000002
2026-03-30 00:23:53,80554.30773829119,76813.43438309571,3804.5615720000023
2026-03-30 00:24:08,80551.19027200252,76813.43438309571,3803.8620720000017
2026-03-30 00:24:23,80550.9894561742,76813.43438309571,3804.4679320000023
2026-03-30 00:24:38,80555.8364796307,76813.43438309571,3806.0915220000024
2026-03-30 00:24:54,80555.53408101165,76813.43438309571,3806.5957220000023
2026-03-30 00:25:09,80554.85872173164,76813.43438309571,3805.919822000002
2026-03-30 00:25:24,80554.27858621164,76813.43438309571,3805.3392220000023
2026-03-30 00:25:39,80552.41282001964,76813.43438309571,3803.471962000002
2026-03-30 00:25:55,80553.52878561935,76813.43438309571,3802.9752020000024
2026-03-30 00:26:10,80549.55938459563,76813.43438309571,3800.6162420000014
2026-03-30 00:26:25,80552.29416027549,76813.43438309571,3802.546402000002
2026-03-30 00:26:40,80552.40466654765,76813.43438309571,3803.4638020000025
2026-03-30 00:26:56,80551.56334014764,76813.43438309571,3802.6218020000024
2026-03-30 00:27:11,80548.29407519879,76813.43438309571,3801.770312000002
2026-03-30 00:27:26,80550.53363457164,76813.43438309571,3801.591272000002
2026-03-30 00:27:41,80549.23771213964,76813.43438309571,3800.294312000002
2026-03-30 00:27:57,80553.90867819719,76813.43438309571,3802.5486020000026
2026-03-30 00:28:12,80559.85405805554,76813.43438309571,3809.305412000002
2026-03-30 00:28:27,80559.9417139315,76813.43438309571,3810.2000020000023
2026-03-30 00:28:43,80558.8554827326,76813.43438309571,3809.1129120000023
2026-03-30 00:28:58,80556.35101693963,76813.43438309571,3807.413312000002
2026-03-30 00:29:13,80555.01739307983,76813.43438309571,3809.3061120000016
2026-03-30 00:29:28,80560.40314910951,76813.43438309571,3810.6618020000024
2026-03-30 00:29:44,80560.00766179149,76813.43438309571,3810.266002000002
2026-03-30 00:29:59,80561.9225478355,76813.43438309571,3812.1824020000026
2026-03-30 00:30:14,80562.85179799315,76813.43438309571,3812.3054920000022
2026-03-30 00:30:29,80560.60903779563,76813.43438309571,3811.6747420000024
2026-03-30 00:30:45,80546.3247269081,75740.17626894571,4873.864251999975
2026-03-30 00:31:00,80545.93898134014,75740.17626894571,4871.0578119999755
2026-03-30 00:31:15,80553.24031334493,75740.17626894571,4877.558231999975
2026-03-30 00:31:31,80554.04648788893,75740.17626894571,4878.365051999975
2026-03-30 00:31:46,80548.3496548793,75740.17626894571,4875.084051999975
2026-03-30 00:32:01,80553.72466856135,75740.17626894571,4876.429351999975
2026-03-30 00:32:16,80556.00416290613,75740.17626894571,4879.517451999975
2026-03-30 00:32:32,80549.83729858075,75740.17626894571,4873.345711999975
2026-03-30 00:32:47,80553.84838649693,75740.17626894571,4878.1667919999745
2026-03-30 00:33:02,80554.8431008421,75740.17626894571,4881.582891999975
2026-03-30 00:33:17,80557.56253830591,75740.17626894571,4883.497681999975
2026-03-30 00:33:33,80555.9478831111,75740.17626894571,4882.688591999975
2026-03-30 00:33:48,80559.0541028071,75740.17626894571,4885.797391999975
2026-03-30 00:34:03,80554.3327545097,75740.17626894571,4881.879011999976
2026-03-30 00:34:19,80551.7381953379,75740.17626894571,4880.089151999975
2026-03-30 00:34:34,80559.59405176673,75740.17626894571,4884.723951999976
2026-03-30 00:34:49,80559.7997522849,75740.17626894571,4885.736731999975
2026-03-30 00:35:04,80560.89831347034,75740.17626894571,4884.415471999975
2026-03-30 00:35:20,80553.75462055049,75740.17626894571,4881.300391999976
2026-03-30 00:35:35,80554.1992867169,75740.17626894571,4881.745431999975
2026-03-30 00:35:50,80559.51582529611,75740.17626894571,4885.452571999975
2026-03-30 00:36:05,80563.81577939523,75740.17626894571,4888.949101999975
2026-03-30 00:36:21,80559.47425409389,75740.17626894571,4887.8317919999745
2026-03-30 00:36:36,80563.80088866051,75740.17626894571,4889.741151999975
2026-03-30 00:36:51,80562.45081591193,75740.17626894571,4887.583031999975
2026-03-30 00:37:07,80561.92650095132,75740.17626894571,4887.058291999974
2026-03-30 00:37:22,80563.24353329033,75740.17626894571,4888.376391999975
2026-03-30 00:37:37,80561.50653157731,75740.17626894571,4887.4449119999745
2026-03-30 00:37:52,80563.94356388893,75740.17626894571,4888.270051999975
2026-03-30 00:38:08,80565.51119499533,75740.17626894571,4890.645891999975
2026-03-30 00:38:23,80563.31310865693,75740.17626894571,4887.639091999976
2026-03-30 00:38:38,80564.03071411293,75740.17626894571,4888.357271999975
2026-03-30 00:38:53,80560.01304889846,76280.1313630257,4344.381295999974
2026-03-30 00:39:09,80559.03821938646,76280.1313630257,4343.405685999975
2026-03-30 00:39:24,80561.90957668793,76280.1313630257,4343.858685999975
2026-03-30 00:39:39,80559.53972388798,76280.1313630257,4344.714485999974
2026-03-30 00:39:55,80561.76603550796,76280.1313630257,4345.328785999975
2026-03-30 00:40:10,80554.13856597296,76280.1313630257,4337.695285999974
2026-03-30 00:40:25,80559.45327707446,76280.1313630257,4343.821075999974
2026-03-30 00:40:40,80558.14922115447,76280.1313630257,4342.515975999973
2026-03-30 00:40:56,80558.58886915447,76280.1313630257,4342.955975999974
2026-03-30 00:41:11,80557.89668471186,76280.1313630257,4341.456375999974
2026-03-30 00:41:26,80559.17647287986,76280.1313630257,4342.737175999973
2026-03-30 00:41:41,80553.41687741407,76280.1313630257,4338.5866759999735
2026-03-30 00:41:57,80550.49433718986,76280.1313630257,4334.048175999974
2026-03-30 00:42:12,80547.6896974489,76280.1313630257,4335.275275999974
2026-03-30 00:42:27,80548.06481609806,76280.1313630257,4333.230275999974
2026-03-30 00:42:43,80542.83359138352,76280.1313630257,4332.028685999973
2026-03-30 00:42:58,80550.67718836118,76280.1313630257,4335.844765999973
2026-03-30 00:43:13,80549.88112031788,76280.1313630257,4335.854865999973
2026-03-30 00:43:28,80558.11713784085,76280.1313630257,4340.870155999974
2026-03-30 00:43:44,80557.57039043603,76280.1313630257,4339.516155999973
2026-03-30 00:43:59,80554.21458586975,76280.1313630257,4337.771365999973
2026-03-30 00:44:14,80558.95765389045,76280.1313630257,4343.325055999972
2026-03-30 00:44:29,80563.87874028283,76280.1313630257,4346.636255999973
2026-03-30 00:44:45,80557.18940986789,76280.1313630257,4343.976055999974
2026-03-30 00:45:00,80564.1008685919,76280.1313630257,4350.893255999974
2026-03-30 00:45:15,80564.44275997409,76280.1313630257,4350.428455999973
2026-03-30 00:45:31,80567.05670020127,76280.1313630257,4352.237555999974
2026-03-30 00:45:46,80570.62578689746,76280.1313630257,4355.809535999973
2026-03-30 00:46:01,80569.04400475051,76280.1313630257,4356.647535999974
2026-03-30 00:46:16,80571.60436264049,76280.1313630257,4357.595935999973
2026-03-30 00:46:32,80574.88648062646,76280.1313630257,4359.266635999973
2026-03-30 00:46:47,80571.85690741646,76280.1313630257,4355.427635999974
2026-03-30 00:47:02,80567.04107689043,76280.1313630257,4348.187235999973
2026-03-30 00:47:17,80572.64191701442,76280.1313630257,4353.792335999973
2026-03-30 00:47:33,80570.51823743245,76280.1313630257,4353.280935999973
2026-03-30 00:47:48,80570.95609563644,76280.1313630257,4353.719135999973
2026-03-30 00:48:03,80565.58936269145,76280.1313630257,4349.155135999974
2026-03-30 00:48:19,80562.33486986248,76280.1313630257,4348.318835999973
2026-03-30 00:48:34,80565.49499982646,76280.1313630257,4349.867635999974
2026-03-30 00:48:49,80565.29986605846,76280.1313630257,4349.672345999973
2026-03-30 00:49:04,80560.35130771827,76280.1313630257,4346.333645999974
2026-03-30 00:49:20,80566.98856644655,76280.1313630257,4350.555445999973
2026-03-30 00:49:35,80574.80845309846,76280.1313630257,4359.188545999973
2026-03-30 00:49:50,80575.65721813437,76280.1313630257,4360.845045999973
2026-03-30 00:50:06,80582.24950077655,76280.1313630257,4365.828445999973
2026-03-30 00:50:21,80578.68951538856,76280.1313630257,4362.2656459999735
2026-03-30 00:50:36,80582.36077712874,76280.1313630257,4364.325645999973
2026-03-30 00:50:51,80581.18368418874,76280.1313630257,4363.147645999974
2026-03-30 00:51:07,80578.71808416372,76280.1313630257,4360.680145999973
2026-03-30 00:51:22,80583.56155181973,76280.1313630257,4365.5273459999735
2026-03-30 00:51:37,80580.14066807156,76280.1313630257,4363.717945999974
2026-03-30 00:51:52,80574.82125328119,76280.1313630257,4361.622545999974
2026-03-30 00:52:08,80577.83905599629,76280.1313630257,4363.835745999974
2026-03-30 00:52:23,80579.60980279227,76280.1313630257,4365.607945999974
2026-03-30 00:52:38,80583.35252869556,76280.1313630257,4366.932345999973
2026-03-30 00:52:54,80582.19274564856,76280.1313630257,4365.771645999974
2026-03-30 00:53:09,80580.08970836156,76280.1313630257,4363.666945999973
2026-03-30 00:53:24,80579.75067640856,76280.1313630257,4363.327645999973
2026-03-30 00:53:39,80584.18726872957,76280.1313630257,4367.767745999974
2026-03-30 00:53:55,80582.83203517264,76280.1313630257,4365.604345999974
2026-03-30 00:54:10,80577.10926477355,76280.1313630257,4360.684145999973
2026-03-30 00:54:25,80571.92490957628,76280.1313630257,4357.916745999973
2026-03-30 00:54:40,80573.92102559037,76280.1313630257,4359.107445999974
2026-03-30 00:54:56,80575.2877555905,76280.1313630257,4362.896535999974
2026-03-30 00:55:11,80579.98879671148,76280.1313630257,4365.180135999974
2026-03-30 00:55:26,80583.25691970208,76280.1313630257,4369.258055999973
2026-03-30 00:55:42,80581.72250048778,76280.1313630257,4368.529525999974
2026-03-30 00:55:57,80579.44612720422,76280.1313630257,4369.479925999974
2026-03-30 00:56:12,80583.15106657289,76280.1313630257,4369.152115999974
2026-03-30 00:56:27,80586.01029534367,76280.1313630257,4371.206515999974
2026-03-30 00:56:43,80586.57246167609,76280.1313630257,4373.3835159999735
2026-03-30 00:56:58,80588.73488408487,76280.1313630257,4374.7405159999735
2026-03-30 00:57:13,80586.78428571609,76280.1313630257,4373.595515999974
2026-03-30 00:57:29,80580.25750911173,76280.1313630257,4369.484815999973
2026-03-30 00:57:44,80575.19941506092,76280.1313630257,4365.229515999974
2026-03-30 00:57:59,80574.0126076153,76280.1313630257,4361.620315999974
2026-03-30 00:58:14,80571.73603458088,76280.1313630257,4357.727715999974
2026-03-30 00:58:30,80571.91409844867,76280.1313630257,4357.905925999973
2026-03-30 00:58:45,80575.49294130647,76280.1313630257,4360.680635999974
2026-03-30 00:59:00,80581.48636275028,76280.1313630257,4367.486045999974
2026-03-30 00:59:16,80572.99729119812,76280.1313630257,4360.604145999973
2026-03-30 00:59:31,80573.76864911537,76280.1313630257,4358.9549459999735
2026-03-30 00:59:46,80572.34025871048,76280.1313630257,4358.332435999974
2026-03-30 01:00:01,80573.52702231251,76280.1313630257,4362.748535999975
2026-03-30 01:00:17,80553.22987591628,75720.6585690257,4903.520584545724
2026-03-30 01:00:32,80551.79890358103,75720.6585690257,4896.440184545723
2026-03-30 01:00:47,80533.16537112075,75173.28091146071,5427.589190545724
2026-03-30 01:01:03,80535.74560190475,75173.28091146071,5430.171590545724
2026-03-30 01:01:18,80527.39558626425,74647.06625546071,5947.2225905457235
2026-03-30 01:01:33,80520.93502542355,73603.14672486071,6983.063130545724
2026-03-30 01:01:48,80503.04809589502,73083.01547946071,7486.099290545723
2026-03-30 01:02:04,80504.09596501433,73083.01547946071,7487.954390545723
2026-03-30 01:02:19,80501.48401693512,73083.01547946071,7482.114990545722
2026-03-30 01:02:34,80489.07579883153,73083.01547946071,7476.146790545723
2026-03-30 01:02:49,80487.52386456882,73083.01547946071,7475.399790545723
2026-03-30 01:03:05,80492.16855974973,73083.01547946071,7474.404590545723
2026-03-30 01:03:20,80480.63841043042,73083.01547946071,7462.058990545724
2026-03-30 01:03:35,80474.05981411372,73083.01547946071,7461.117730545723
2026-03-30 01:03:51,80483.36514647803,73083.01547946071,7468.012530545723
2026-03-30 01:04:06,80480.52791759622,73083.01547946071,7463.560630545723
2026-03-30 01:04:21,80481.20149027732,73083.01547946071,7463.4286305457235
2026-03-30 01:04:36,80470.88879441388,73616.9512457107,6919.977830545723
2026-03-30 01:04:52,80477.14116326389,73616.9512457107,6926.235330545723
2026-03-30 01:05:07,80482.23100194687,73616.9512457107,6930.523210545723
2026-03-30 01:05:22,80474.5793677954,73616.9512457107,6922.059330545723
2026-03-30 01:05:38,80471.75442955541,73616.9512457107,6919.232130545723
2026-03-30 01:05:53,80460.7310306159,73616.9512457107,6909.811730545723
2026-03-30 01:06:08,80457.77047103846,73616.9512457107,6906.042850545722
2026-03-30 01:06:23,80446.51415604485,73616.9512457107,6894.777410545721
2026-03-30 01:06:39,80412.00103304542,74688.43719071071,5787.944948045722
2026-03-30 01:06:54,80397.06682997342,74688.43719071071,5772.998788045723
2026-03-30 01:07:09,80401.41843568964,74688.43719071071,5778.159188045723
2026-03-30 01:07:25,80409.68366107126,74688.43719071071,5788.041948045723
2026-03-30 01:07:40,80408.81611870884,74688.43719071071,5785.562868045722
2026-03-30 01:07:55,80410.25765012184,74688.43719071071,5787.005568045723
2026-03-30 01:08:10,80403.65557339985,74688.43719071071,5781.203488045723
2026-03-30 01:08:26,80408.87619001165,74688.43719071071,5785.622988045722
2026-03-30 01:08:41,80425.07000239025,74688.43719071071,5801.829928045722
2026-03-30 01:08:56,80428.10342332744,74688.43719071071,5804.865808045723
2026-03-30 01:09:12,80422.22265501249,74688.43719071071,5802.202508045722
2026-03-30 01:09:27,80439.07452952744,74688.43719071071,5815.845808045723
2026-03-30 01:09:42,80444.37247813746,74688.43719071071,5821.953808045722
2026-03-30 01:09:57,80449.7116398654,74688.43719071071,5824.074208045722
2026-03-30 01:10:13,80450.00756347743,74688.43719071071,5825.981908045722
2026-03-30 01:10:28,80450.08890065445,74688.43719071071,5826.869108045722
2026-03-30 01:10:43,80450.33013647207,74688.43719071071,5828.722188045723
2026-03-30 01:10:59,80444.9060377345,74688.43719071071,5824.905188045723
2026-03-30 01:11:14,80438.55579828242,74688.43719071071,5813.715308045723
2026-03-30 01:11:29,80422.54727540226,74688.43719071071,5800.916248045722
2026-03-30 01:11:44,80416.54496146126,74688.43719071071,5794.908948045722
2026-03-30 01:12:00,80406.07580717946,74688.43719071071,5783.625708045723
2026-03-30 01:12:15,80392.98541011424,74688.43719071071,5770.524568045722
2026-03-30 01:12:30,80367.16246298287,74688.43719071071,5745.485428045722
2026-03-30 01:12:46,80357.65966100105,74688.43719071071,5735.169828045721
2026-03-30 01:13:01,80357.40157125286,74688.43719071071,5735.716428045722
2026-03-30 01:13:16,80356.34365005686,74688.43719071071,5734.657628045722
2026-03-30 01:13:31,80361.17520948549,74688.43719071071,5741.103128045723
2026-03-30 01:13:47,80373.99474747607,74688.43719071071,5752.323388045722
2026-03-30 01:14:02,80380.48117200425,74688.43719071071,5758.010068045723
2026-03-30 01:14:17,80383.47566111885,74688.43719071071,5760.201868045723
2026-03-30 01:14:33,80388.69975569582,74688.43719071071,5763.819848045723
2026-03-30 01:14:48,80390.17058016904,74688.43719071071,5767.707428045723
2026-03-30 01:15:03,80390.73541595045,74688.43719071071,5767.467508045723
2026-03-30 01:15:18,80390.28028490544,74688.43719071071,5767.012008045722
2026-03-30 01:15:34,80383.23229394347,74688.43719071071,5761.568608045723
2026-03-30 01:15:49,80388.32347120944,74688.43719071071,5765.053608045721
2026-03-30 01:16:04,80397.03247747743,74688.43719071071,5772.964408045723
2026-03-30 01:16:19,80394.59718300468,74688.43719071071,5773.7482280457225
2026-03-30 01:16:35,80403.95515490143,74688.43719071071,5779.892628045723
2026-03-30 01:16:50,80403.44621185944,74688.43719071071,5780.1886080457225
2026-03-30 01:17:05,80406.10523630364,74688.43719071071,5782.849788045723
2026-03-30 01:17:21,80410.34418307921,74688.43719071071,5785.481388045724
2026-03-30 01:17:36,80405.08640917343,74688.43719071071,5781.024788045723
2026-03-30 01:17:51,80391.98188549165,74688.43719071071,5768.714988045723
2026-03-30 01:18:07,80386.48436350228,74688.43719071071,5765.628588045723
2026-03-30 01:18:22,80390.97754004908,74688.43719071071,5769.320288045723
2026-03-30 01:18:37,80388.30657878847,74688.43719071071,5766.647108045722
2026-03-30 01:18:52,80393.51709203742,74688.43719071071,5769.446208045722
2026-03-30 01:19:08,80392.32312228807,74688.43719071071,5770.666988045723
2026-03-30 01:19:23,80403.66764349425,74688.43719071071,5781.215568045722
2026-03-30 01:19:38,80405.26793018225,74688.43719071071,5782.817168045723
2026-03-30 01:19:53,80404.66654372386,74688.43719071071,5782.215288045723
2026-03-30 01:20:09,80395.11830489429,74688.43719071071,5774.269788045723
2026-03-30 01:20:24,80394.07078555028,74688.43719071071,5773.221388045723
2026-03-30 01:20:39,80394.0663881995,74688.43719071071,5774.022288045722
2026-03-30 01:20:55,80407.75725078942,74688.43719071071,5783.697768045722
2026-03-30 01:21:10,80406.19764785649,74688.43719071071,5786.163868045722
2026-03-30 01:21:25,80411.5516008059,74688.43719071071,5792.3278680457215
2026-03-30 01:21:41,80417.83001398167,74688.43719071071,5796.195068045721
2026-03-30 01:21:56,80419.23027166625,74688.43719071071,5796.790968045722
2026-03-30 01:22:11,80424.73405486025,74688.43719071071,5802.299268045723
2026-03-30 01:22:26,80431.08188579127,74688.43719071071,5809.457948045722
2026-03-30 01:22:42,80437.53970135187,74688.43719071071,5815.921128045722
2026-03-30 01:22:57,80433.49618026227,74688.43719071071,5811.874248045722
2026-03-30 01:23:12,80436.77405736427,74688.43719071071,5815.154848045721
2026-03-30 01:23:28,80436.34302701507,74688.43719071071,5815.529168045722
2026-03-30 01:23:43,80438.74525624626,74688.43719071071,5816.321968045722
2026-03-30 01:23:58,80440.75282900286,74688.43719071071,5817.525468045722
2026-03-30 01:24:13,80437.15743889326,74688.43719071071,5815.538548045722
2026-03-30 01:24:29,80436.68871639189,74688.43719071071,5815.875148045722
2026-03-30 01:24:44,80435.0198807131,74688.43719071071,5815.816348045722
2026-03-30 01:24:59,80431.28386028789,74688.43719071071,5810.465748045722
2026-03-30 01:25:15,80433.46680466426,74688.43719071071,5811.844848045722
2026-03-30 01:25:30,80435.41127235665,74688.43719071071,5812.985248045722
2026-03-30 01:25:45,80427.35897837127,74688.43719071071,5805.731948045722
2026-03-30 01:26:00,80424.26777272305,74688.43719071071,5801.027048045721
2026-03-30 01:26:16,80412.34349943849,74688.43719071071,5792.314948045722
2026-03-30 01:26:31,80416.49559287587,74688.43719071071,5795.665048045722
2026-03-30 01:26:46,80417.58186480543,74688.43719071071,5793.530248045722
2026-03-30 01:27:02,80424.52830371464,74688.43719071071,5802.093348045722
2026-03-30 01:27:17,80419.03829872543,74688.43719071071,5794.987848045723
2026-03-30 01:27:32,80412.18343481465,74688.43719071071,5789.738348045722
2026-03-30 01:27:47,80415.21864321987,74688.43719071071,5793.581528045722
2026-03-30 01:28:03,80413.04877064069,74688.43719071071,5792.215328045722
2026-03-30 01:28:18,80411.09644034048,74688.43719071071,5791.066828045722
2026-03-30 01:28:33,80412.81423760725,74688.43719071071,5789.564228045721
2026-03-30 01:28:49,80413.29334921225,74688.43719071071,5790.043728045722
2026-03-30 01:29:04,80416.5563330315,74688.43719071071,5797.336908045722
2026-03-30 01:29:19,80422.34469168144,74688.43719071071,5799.102408045723
2026-03-30 01:29:35,80421.27942997745,74688.43719071071,5798.841808045723
2026-03-30 01:29:50,80418.39191602526,74688.43719071071,5795.146428045722
2026-03-30 01:30:05,80418.23864027925,74688.43719071071,5794.993028045721
2026-03-30 01:30:20,80420.48561875126,74517.12999071072,5968.549028045722
2026-03-30 01:30:36,80414.71147097851,73435.81344071071,7048.114208045724
2026-03-30 01:30:51,80406.43689324052,73435.81344071071,7039.832508045723
2026-03-30 01:31:06,80402.24919689499,73435.81344071071,7034.835808045724
2026-03-30 01:31:22,80405.97740580543,73435.81344071071,7034.540248045724
2026-03-30 01:31:37,80406.27533001453,73435.81344071071,7034.033068045724
2026-03-30 01:31:52,80403.36082535629,73435.81344071071,7035.1429880457235
2026-03-30 01:32:07,80376.4650544974,73946.12631841071,6497.911728045723
2026-03-30 01:32:23,80370.57635956402,73946.12631841071,6494.433328045722
2026-03-30 01:32:38,80364.21562784114,73946.12631841071,6488.872108045724
2026-03-30 01:32:53,80369.096048556,73946.12631841071,6492.951728045722
2026-03-30 01:33:08,80376.08236968232,73946.12631841071,6495.918528045723
2026-03-30 01:33:24,80373.56257896393,73946.12631841071,6495.811908045723
2026-03-30 01:33:39,80372.06065668394,73946.12631841071,6494.3087080457235
2026-03-30 01:33:54,80382.64564902168,73946.12631841071,6505.707908045723
2026-03-30 01:34:10,80382.55269086793,73946.12631841071,6504.809668045723
2026-03-30 01:34:25,80387.87060864427,73946.12631841071,6508.521648045723
2026-03-30 01:34:40,80386.66860713426,73946.12631841071,6507.318648045722
2026-03-30 01:34:56,80384.94627785507,73946.12631841071,6505.594888045723
2026-03-30 01:35:11,80380.6885343114,73946.12631841071,6504.554308045723
2026-03-30 01:35:26,80386.2452122582,73946.12631841071,6507.700108045723
2026-03-30 01:35:41,80384.07079379873,73946.12631841071,6503.913508045724
2026-03-30 01:35:57,80377.40640115125,73946.12631841071,6498.048748045723
2026-03-30 01:36:12,80366.61262742546,73946.12631841071,6487.246008045722
2026-03-30 01:36:27,80353.71877821027,73946.12631841071,6474.341448045723
2026-03-30 01:36:43,80355.27736044435,73946.12631841071,6479.9259680457235
2026-03-30 01:36:58,80360.15111493587,73946.12631841071,6480.779128045722
2026-03-30 01:37:13,80352.95483073239,73946.12631841071,6471.967168045723
2026-03-30 01:37:28,80345.22733646887,73946.12631841071,6468.257388045722
2026-03-30 01:37:44,80329.543589159,73946.12631841071,6453.364828045724
2026-03-30 01:37:59,80321.83830834647,73946.12631841071,6444.848228045723
2026-03-30 01:38:14,80320.065042675,73946.12631841071,6443.878028045724
2026-03-30 01:38:30,80315.97668861193,73946.12631841071,6438.177028045724
2026-03-30 01:38:45,80313.71293059661,73946.12631841071,6435.106848045723
2026-03-30 01:39:00,80306.06391851458,75007.74262333645,5366.639519999974
2026-03-30 01:39:16,80317.94285819716,75007.74262333645,5379.333119999974
2026-03-30 01:39:31,80325.71976430116,75007.74262333645,5387.116719999974
2026-03-30 01:39:46,80325.17007020145,75007.74262333645,5384.152719999975
2026-03-30 01:40:01,80326.25514137458,75007.74262333645,5386.847919999973
2026-03-30 01:40:17,80325.44655356373,75007.74262333645,5387.647919999973
2026-03-30 01:40:32,80329.09597485603,75007.74262333645,5388.886519999974
2026-03-30 01:40:47,80321.60709557458,75007.74262333645,5382.195919999974
2026-03-30 01:41:03,80315.91745179595,76075.12275358646,4309.925839999973
2026-03-30 01:41:18,80305.43271606375,76075.12275358646,4297.018839999972
2026-03-30 01:41:33,80229.49355830169,76513.42976932644,3781.1023600000008
2026-03-30 01:41:49,80249.83523604511,76513.42976932644,3803.0681600000003
2026-03-30 01:42:04,80238.08167223392,77001.73536442644,3303.80296
2026-03-30 01:42:19,80238.47646675515,77001.73536442644,3303.3943600000002
2026-03-30 01:42:34,80236.64079163116,77001.73536442644,3301.5571600000007
2026-03-30 01:42:50,80229.30639900066,77001.73536442644,3295.8239600000006
2026-03-30 01:43:05,80242.53512818592,77001.73536442644,3308.26016
2026-03-30 01:43:20,80238.00240111067,77001.73536442644,3304.5273600000014
2026-03-30 01:43:36,80240.36643632689,77001.73536442644,3302.8747600000006
2026-03-30 01:43:51,80241.84802571738,77001.73536442644,3302.7501600000005
2026-03-30 01:44:06,80240.56985910439,77001.73536442644,3304.6857600000008
2026-03-30 01:44:21,80240.7103609669,77001.73536442644,3303.2189600000006
2026-03-30 01:44:37,80236.20923460861,77001.73536442644,3296.3033600000003
2026-03-30 01:44:52,80236.6008512069,77001.73536442644,3299.1061600000003
2026-03-30 01:45:07,80241.77554524662,77001.73536442644,3301.8739600000004
2026-03-30 01:45:23,80230.77998033036,77001.73536442644,3288.4593600000007
2026-03-30 01:45:38,80237.0591204428,77001.73536442644,3286.7083600000005
2026-03-30 01:45:53,80227.86946028311,77001.73536442644,3286.350160000001
2026-03-30 01:46:09,80249.38080771588,77001.73536442644,3308.6813599999996
2026-03-30 01:46:24,80261.16587811436,77001.73536442644,3318.867760000001
2026-03-30 01:46:39,80250.77481047262,77001.73536442644,3310.8801600000006
2026-03-30 01:46:54,80235.88269124077,77491.53892942643,2806.1730000000007
2026-03-30 01:47:10,80242.38698978265,77491.53892942643,2810.2714
2026-03-30 01:47:25,80243.50972575582,77491.53892942643,2808.1806000000006
2026-03-30 01:47:40,80240.32646781324,77491.53892942643,2806.6022000000003
2026-03-30 01:47:56,80238.79684845466,77491.53892942643,2806.6786000000006
2026-03-30 01:48:11,80246.15565045313,77491.53892942643,2810.0248
2026-03-30 01:48:26,80247.91262974453,77491.53892942643,2813.390200000001
2026-03-30 01:48:42,80241.13291066395,77491.53892942643,2808.212800000001
2026-03-30 01:48:57,80235.13209445994,77491.53892942643,2802.2076000000006
2026-03-30 01:49:12,80237.63234833608,77491.53892942643,2807.120400000001
2026-03-30 01:49:27,80244.43247500266,77491.53892942643,2812.318400000001
2026-03-30 01:49:43,80244.87557652194,77491.53892942643,2811.9581999999996
2026-03-30 01:49:58,80243.59166961347,77491.53892942643,2814.6916
2026-03-30 01:50:13,80245.83198327935,77491.53892942643,2814.5226000000007
2026-03-30 01:50:29,80244.8587025456,77491.53892942643,2818.3708
2026-03-30 01:50:44,80239.67846626218,77491.53892942643,2811.579000000001
2026-03-30 01:50:59,80242.92276682936,77491.53892942643,2811.6112000000007
2026-03-30 01:51:14,80238.64993572359,77491.53892942643,2812.157000000001
2026-03-30 01:51:30,80234.57327956289,77491.53892942643,2807.2734
2026-03-30 01:51:45,80230.14271442877,77491.53892942643,2800.4286000000006
2026-03-30 01:52:00,80228.62504196289,77491.53892942643,2801.3204
2026-03-30 01:52:16,80230.7355367622,77491.53892942643,2802.629000000001
2026-03-30 01:52:31,80231.53311364289,77491.53892942643,2804.2308000000007
2026-03-30 01:52:46,80130.57226159121,78396.10756402643,1798.6204799999998
2026-03-30 01:53:02,80127.39246033432,78396.10756402643,1797.04328
2026-03-30 01:53:17,80123.9491230139,78396.10756402643,1794.3996800000002
2026-03-30 01:53:32,80124.07253325477,78396.10756402643,1792.9180800000001
2026-03-30 01:53:47,80120.64047147588,78396.10756402643,1791.0882799999997
2026-03-30 01:54:03,80118.19070646989,78396.10756402643,1788.63648
2026-03-30 01:54:18,80115.60639638477,78396.10756402643,1784.4450800000004
2026-03-30 01:54:33,80115.43387442232,78396.10756402643,1785.0748800000001
2026-03-30 01:54:49,80113.97152170677,78396.10756402643,1782.80888
2026-03-30 01:55:04,80113.21733309477,78396.10756402643,1782.0540800000003
2026-03-30 01:55:19,80116.10991961033,78396.10756402643,1785.7514800000008
2026-03-30 01:55:35,80113.01110027877,78396.10756402643,1781.84768
2026-03-30 01:55:50,80115.4711521512,78396.10756402643,1783.50728
2026-03-30 01:56:05,80103.51233138809,78396.10756402643,1769.93428
2026-03-30 01:56:20,80091.03012063121,78396.10756402643,1759.04668
2026-03-30 01:56:36,80090.7610851241,78396.10756402643,1757.17308
2026-03-30 01:56:51,80092.9381856601,78396.10756402643,1759.3518800000004
2026-03-30 01:57:06,80094.51315212966,78396.10756402643,1761.7302800000004
2026-03-30 01:57:22,80091.7299603112,78396.10756402643,1759.7470799999999
2026-03-30 01:57:37,80090.77392699078,78396.10756402643,1759.5924800000003
2026-03-30 01:57:52,80088.66883976234,78396.10756402643,1758.2878800000005
2026-03-30 01:58:08,80090.59607117077,78396.10756402643,1759.4144800000004
2026-03-30 01:58:23,80090.5700506579,78396.10756402643,1760.99288
2026-03-30 01:58:38,80094.79966350077,78396.10756402643,1763.6214800000005
2026-03-30 01:58:53,80094.88303583121,78396.10756402643,1762.9026800000006
2026-03-30 01:59:09,80094.88303583121,78396.10756402643,1762.9026800000006
2026-03-30 01:59:24,80093.06848863122,78396.10756402643,1761.0866800000006
2026-03-30 01:59:39,80095.17595845478,78396.10756402643,1763.9980800000003
2026-03-30 01:59:55,80096.46840625766,78396.10756402643,1763.68708
2026-03-30 02:00:10,80094.68510237834,78396.10756402643,1764.3090800000002
2026-03-30 02:00:25,80091.47426631105,76758.65496308143,3397.745988000001
2026-03-30 02:00:41,80047.03019852393,76758.65496308143,3354.067668000002
2026-03-30 02:00:56,79951.53457519901,76238.23956908143,3778.9090680000013
2026-03-30 02:01:11,79912.6405655245,76239.07535648144,3736.746108000001
2026-03-30 02:01:26,79931.16498847002,75704.08874528143,4286.269108000001
2026-03-30 02:01:42,79902.2846819393,73087.71712176643,6880.141204000001
2026-03-30 02:01:57,79892.61210218375,72128.07526050645,7826.901723725001
2026-03-30 02:02:12,79869.22256090224,71703.49050746144,8228.078677405003
2026-03-30 02:02:28,79883.13110542939,71707.84566500643,8238.443008475004
2026-03-30 02:02:43,79886.06926286937,71225.42133134142,8727.008448245006
2026-03-30 02:02:58,79886.53692272498,70257.75904455644,9692.738276025018
2026-03-30 02:03:14,79881.83419957517,69254.63172061143,10689.55894768502
2026-03-30 02:03:29,79887.74581251183,68800.05114644644,11149.25563228502
2026-03-30 02:03:44,79882.04238664327,67791.58249023143,12155.216803840023
2026-03-30 02:03:59,79880.55805152723,67828.15631621143,12117.957548685023
2026-03-30 02:04:15,79885.65028497897,67850.35154304144,12100.858734365023
2026-03-30 02:04:30,79872.79163795778,67851.33758399644,12087.003493645025
2026-03-30 02:04:45,79885.97181614,67852.21723363645,12096.114281085027
2026-03-30 02:05:01,79908.3371445592,67853.20603347143,12119.108963085026
2026-03-30 02:05:16,79908.74222336171,67377.91068228144,12594.809717400027
2026-03-30 02:05:31,79888.28769853296,66899.85660347143,13052.39289466003
2026-03-30 02:05:47,79891.6214036834,66424.54379073642,13532.642505710042
2026-03-30 02:06:02,79880.69563927352,66425.54108174644,13516.710090930044
2026-03-30 02:06:17,79868.26092072715,66426.36033677643,13504.246457250047
2026-03-30 02:06:33,79926.85376633842,66427.35268947145,13562.693213130045
2026-03-30 02:06:48,79982.86693565476,66428.23236116645,13617.06991026005
2026-03-30 02:07:03,80024.34433123576,66430.39259829144,13655.617961075051
2026-03-30 02:07:18,80034.72567508617,66430.89110545143,13665.508797560055
2026-03-30 02:07:34,80046.58093984483,66431.25109718644,13675.409838360058
2026-03-30 02:07:49,80033.44558992944,66431.66824545643,13665.855363360059
2026-03-30 02:08:04,80041.16031420614,66432.02435551144,13671.616798795061
2026-03-30 02:08:20,80034.33497926316,66432.35842259644,13665.253670220063
2026-03-30 02:08:35,80001.97585888972,66430.97773348143,13633.448377775063
2026-03-30 02:08:50,80019.30859355733,66431.21594352143,13652.960833225066
2026-03-30 02:09:06,80047.2746956757,66431.35911856644,13678.40119015007
2026-03-30 02:09:21,80046.65150826622,66433.00144614643,13677.73865420007
2026-03-30 02:09:36,80019.86779161022,66431.51764990644,13654.821803450071
2026-03-30 02:09:51,79999.89749158322,66431.52356666145,13634.828997550074
2026-03-30 02:10:07,80008.2855675177,66431.52527492144,13640.818167350077
2026-03-30 02:10:22,80015.88228324508,66431.52527492144,13650.825359350078
2026-03-30 02:10:37,80003.04154558659,66431.52527492144,13639.576707350077
2026-03-30 02:10:53,80014.2083337307,66431.52527492144,13648.348555350078
2026-03-30 02:11:08,80034.67726743045,66431.52527492144,13668.834287350075
2026-03-30 02:11:23,80058.4949958153,66431.52527492144,13691.067795350076
2026-03-30 02:11:39,80071.2566703017,66431.52527492144,13703.839687350075
2026-03-30 02:11:54,80071.73205756646,66431.52527492144,13705.919487350078
2026-03-30 02:12:09,80053.28733925884,66431.52527492144,13688.261487350079
2026-03-30 02:12:24,80049.42116751045,66431.52527492144,13683.590287350076
2026-03-30 02:12:40,80033.8597863151,66431.52527492144,13668.016135350075
2026-03-30 02:12:55,80046.12498724792,66431.52527492144,13677.886147350076
2026-03-30 02:13:10,80043.89692704036,66432.24604234644,13673.332179925077
2026-03-30 02:13:26,80046.80002992856,66432.24604234644,13676.237519925076
2026-03-30 02:13:41,80044.19841044693,66432.24604234644,13675.237279925077
2026-03-30 02:13:56,80044.23513221848,66432.24604234644,13676.877479925077
2026-03-30 02:14:12,80040.90698349003,66432.24604234644,13675.150079925077
2026-03-30 02:14:27,80042.47365696414,66432.24604234644,13672.709479925075
2026-03-30 02:14:42,80033.00843338971,66432.24604234644,13664.840059925076
2026-03-30 02:14:58,80031.30739217668,66432.24604234644,13663.939259925077
2026-03-30 02:15:13,80053.40290549575,66432.96680977145,13682.926492500075
2026-03-30 02:15:28,80069.69412788877,66432.96680977145,13698.428492500076
2026-03-30 02:15:43,80070.16529176268,66432.96680977145,13702.107892500075
2026-03-30 02:15:59,80071.4141841897,66432.96680977145,13702.555792500078
2026-03-30 02:16:14,80060.4454062377,66432.96680977145,13691.578232500076
2026-03-30 02:16:29,80055.82771603194,66432.96680977145,13686.155012500076
2026-03-30 02:16:45,80015.50867883585,66432.96680977145,13644.201288500079
2026-03-30 02:17:00,80024.08377092684,66432.96680977145,13652.782988500077
2026-03-30 02:17:15,80024.90000617968,66432.96680977145,13651.195476500077
2026-03-30 02:17:31,80027.13530621688,66432.96680977145,13656.638388500078
2026-03-30 02:17:46,80031.5782744329,66432.96680977145,13662.687988500078
2026-03-30 02:18:01,80025.24164779291,66432.96680977145,13656.346288500079
2026-03-30 02:18:16,80011.31193472701,66432.96680977145,13644.008244500079
2026-03-30 02:18:32,80015.00511056915,66432.96680977145,13642.895956500079
2026-03-30 02:18:47,80029.8992986889,66432.96680977145,13661.007668500079
2026-03-30 02:19:02,80047.11595976069,66432.96680977145,13677.436368500077
2026-03-30 02:19:18,80048.98844753248,66432.96680977145,13675.301756500075
2026-03-30 02:19:33,80031.88888478585,66432.96680977145,13663.800456500076
2026-03-30 02:19:48,80035.53791244149,66432.96680977145,13664.245956500075
2026-03-30 02:20:04,80059.2016380489,66432.96680977145,13690.333468500077
2026-03-30 02:20:19,80039.91017692316,66432.96680977145,13672.629956500075
2026-03-30 02:20:34,80020.6502918185,66432.96680977145,13651.751256500076
2026-03-30 02:20:50,80020.86638931665,66432.96680977145,13651.166044500076
2026-03-30 02:21:05,79981.26826643519,66432.96680977145,13610.735544500078
2026-03-30 02:21:20,79954.77367474229,66432.96680977145,13586.622732500076
2026-03-30 02:21:36,79955.26098793982,66432.96680977145,13582.305632500076
2026-03-30 02:21:51,79960.42131478981,66432.96680977145,13587.469832500077
2026-03-30 02:22:06,79963.13802706094,66432.96680977145,13592.591152500076
2026-03-30 02:22:21,79931.8887419113,66432.96680977145,13562.918640500076
2026-03-30 02:22:37,79927.28430836082,66432.96680977145,13552.707040500076
2026-03-30 02:22:52,79947.30210237057,66432.96680977145,13575.942152500078
2026-03-30 02:23:07,79960.41003038819,66432.96680977145,13588.259352500076
2026-03-30 02:23:23,79954.25975751695,66432.96680977145,13583.705952500077
2026-03-30 02:23:38,79961.41068020882,66432.96680977145,13588.459940500077
2026-03-30 02:23:53,79968.42186125033,66432.96680977145,13598.680052500076
2026-03-30 02:24:09,79967.47919454581,66432.96680977145,13597.736640500078
2026-03-30 02:24:24,79959.21602760881,66432.96680977145,13589.466940500077
2026-03-30 02:24:39,79976.38698974956,66432.96680977145,13605.049452500076
2026-03-30 02:24:55,80009.02501926759,66432.96680977145,13638.513964500076
2026-03-30 02:25:10,80012.4833980971,66432.96680977145,13641.173676500077
2026-03-30 02:25:25,80030.80801122995,66432.96680977145,13658.710876500076
2026-03-30 02:25:40,80025.95941356909,66432.96680977145,13654.660076500075
2026-03-30 02:25:56,80016.99231192823,66432.96680977145,13646.487476500075
2026-03-30 02:26:11,80024.36945326622,66432.96680977145,13653.870376500076
2026-03-30 02:26:26,80058.144016328,66432.96680977145,13686.869480500076
2026-03-30 02:26:42,80079.54358602982,66432.96680977145,13706.681512500076
2026-03-30 02:26:57,80089.21538673481,66432.96680977145,13716.360572500076
2026-03-30 02:27:12,80107.98944768406,66432.96680977145,13738.357984500077
2026-03-30 02:27:28,80098.82231390213,66432.96680977145,13727.579124500076
2026-03-30 02:27:43,80098.74156412737,66432.96680977145,13727.498312500076
2026-03-30 02:27:58,80108.24476253748,66432.96680977145,13736.206524500076
2026-03-30 02:28:14,80110.00150889896,66432.96680977145,13740.371636500076
2026-03-30 02:28:29,80105.32821613744,66432.96680977145,13734.892336500077
2026-03-30 02:28:44,80095.8279695241,66432.96680977145,13726.989124500076
2026-03-30 02:29:00,80094.1815677001,66432.96680977145,13725.341404500075
2026-03-30 02:29:15,80107.62592190028,66432.96680977145,13736.389516500078
2026-03-30 02:29:30,80103.31564221124,66432.96680977145,13735.285116500077
2026-03-30 02:29:45,80100.46990919471,66432.96680977145,13734.041716500078
2026-03-30 02:30:01,80106.24835623377,66432.96680977145,13736.615516500076
2026-03-30 02:30:16,80113.26251071632,66432.96680977145,13745.240048500078
2026-03-30 02:30:31,80116.70465722504,65967.62074577143,14212.426148500079
2026-03-30 02:30:47,80089.06509774052,65967.62074577143,14184.764736500078
2026-03-30 02:31:02,80090.03513324515,65967.62074577143,14184.131236500078
2026-03-30 02:31:17,80072.3617405377,65447.43352077145,14689.037396500078
2026-03-30 02:31:33,80077.76582561327,64535.52406034144,15606.355268735104
2026-03-30 02:31:48,80156.60106674122,64705.88675364644,15516.496667500109
2026-03-30 02:32:03,80157.47036433718,64706.73867614143,15516.51475601011
2026-03-30 02:32:18,80177.02551077316,64707.73198923144,15531.07740477511
2026-03-30 02:32:34,80226.12510198643,64708.938681027445,15580.615168500115
2026-03-30 02:32:49,80288.88017028608,64708.938681027445,15643.419852500116
2026-03-30 02:33:04,80300.04143120952,64708.938681027445,15655.394216500115
2026-03-30 02:33:20,80285.02523687942,64708.938681027445,15641.974304500116
2026-03-30 02:33:35,80266.58796341113,64708.938681027445,15621.913964500116
2026-03-30 02:33:50,80287.46450154859,64708.938681027445,15642.003064500113
2026-03-30 02:34:06,80301.806202647,64708.938681027445,15656.356104500115
2026-03-30 02:34:21,80355.61620779194,64708.938681027445,15711.013488500115
2026-03-30 02:34:36,80355.78069609593,64708.938681027445,15711.178108500115
2026-03-30 02:34:52,80373.99670406936,64708.938681027445,15730.213736500114
2026-03-30 02:35:07,80394.47023906244,64708.938681027445,15750.703868500115
2026-03-30 02:35:22,80409.83064951353,64708.938681027445,15765.271336500115
2026-03-30 02:35:38,80464.10486737594,64708.938681027445,15819.589008500116
2026-03-30 02:35:53,80496.16539920645,64708.938681027445,15852.481468500117
2026-03-30 02:36:08,80526.35391370424,64708.938681027445,15881.081348500114
2026-03-30 02:36:23,80560.07467524495,64708.938681027445,15917.249468500115
2026-03-30 02:36:39,80564.28613419514,64708.938681027445,15919.850484500115
2026-03-30 02:36:54,80576.66346573511,64708.938681027445,15931.430676500117
2026-03-30 02:37:09,80599.77321684196,64708.938681027445,15956.173276500116
2026-03-30 02:37:25,80602.03943936953,64708.938681027445,15957.634016500117
2026-03-30 02:37:40,80601.03855419072,64708.938681027445,15955.825036500117
2026-03-30 02:37:55,80653.71904370011,64708.938681027445,16008.547176500118
2026-03-30 02:38:11,80650.49228109617,64708.938681027445,16006.933456500115
2026-03-30 02:38:26,80616.58980915287,64708.938681027445,15976.233524500114
2026-03-30 02:38:41,80580.47023654713,64708.938681027445,15936.047544500114
2026-03-30 02:38:57,80591.15567071288,64708.938681027445,15947.548744500114
2026-03-30 02:39:12,80625.93006550742,64708.938681027445,15983.158904500115
2026-03-30 02:39:27,80630.497131515,64708.938681027445,15985.306904500116
2026-03-30 02:39:43,80622.92893350669,64708.938681027445,15979.347764500115
2026-03-30 02:39:58,80632.63153409913,64708.938681027445,15988.250604500116
2026-03-30 02:40:13,80583.36241473016,64708.938681027445,15941.363484500114
2026-03-30 02:40:28,80534.6740928159,64708.938681027445,15891.828040500115
2026-03-30 02:40:44,80513.05443237112,64708.938681027445,15868.577764500114
2026-03-30 02:40:59,80529.35427114912,64708.938681027445,15881.664448500114
2026-03-30 02:41:14,80534.44922683193,64708.938681027445,15889.989688500116
2026-03-30 02:41:30,80556.49147091834,64708.938681027445,15912.049580500116
2026-03-30 02:41:45,80558.06352730386,64708.938681027445,15912.816032500115
2026-03-30 02:42:00,80566.92045983653,64708.938681027445,15920.066112500115
2026-03-30 02:42:16,80566.36303934074,64708.938681027445,15921.929052500114
2026-03-30 02:42:31,80552.37472501087,64708.938681027445,15907.122732500115
2026-03-30 02:42:46,80537.19671456845,64708.938681027445,15894.352732500114
2026-03-30 02:43:02,80483.42670435796,64708.938681027445,15837.314100500114
2026-03-30 02:43:17,80478.59597720634,64708.938681027445,15834.091720500117
2026-03-30 02:43:32,80506.28118330873,64708.938681027445,15861.799092500114
2026-03-30 02:43:47,80513.08784162233,64708.938681027445,15868.611200500116
2026-03-30 02:44:03,80501.60221747833,64708.938681027445,15857.116380500116
2026-03-30 02:44:18,80462.70246168289,64708.938681027445,15820.603300500115
2026-03-30 02:44:33,80462.91212819112,64708.938681027445,15819.201240500115
2026-03-30 02:44:49,80439.20334787112,64708.938681027445,15795.473240500114
2026-03-30 02:45:04,80442.90442756632,64708.938681027445,15799.177320500115
2026-03-30 02:45:19,80366.40970716132,64708.938681027445,15725.035564500115
2026-03-30 02:45:35,80294.25748607033,64708.938681027445,15649.605640500116
2026-03-30 02:45:50,80257.87680143851,64708.938681027445,15613.999700500117
2026-03-30 02:46:05,80233.59755818431,64708.938681027445,15590.504420500114
2026-03-30 02:46:21,80238.62410876152,64708.938681027445,15594.731400500115
2026-03-30 02:46:36,80218.90281595832,64708.938681027445,15574.994120500114
2026-03-30 02:46:51,80200.68130734512,64708.938681027445,15556.757840500115
2026-03-30 02:47:06,80196.9394527044,64708.938681027445,15553.012952500116
2026-03-30 02:47:22,80188.86311307515,64708.938681027445,15544.126884500114
2026-03-30 02:47:37,80183.62798990856,64708.938681027445,15541.297004500115
2026-03-30 02:47:52,80163.72946969219,64708.938681027445,15522.184932500117
2026-03-30 02:48:08,80149.29593424685,64708.938681027445,15506.133612500114
2026-03-30 02:48:23,80112.57959706054,64708.938681027445,15470.189592500115
2026-03-30 02:48:38,80086.94270585486,64708.938681027445,15443.729212500115
2026-03-30 02:48:54,80073.08544443733,64708.938681027445,15430.662632500116
2026-03-30 02:49:09,80071.63926023874,64708.938681027445,15424.403252500115
2026-03-30 02:49:24,80096.27986297593,64708.938681027445,15451.469508500115
2026-03-30 02:49:40,80077.18898521503,64708.938681027445,15433.165408500116
2026-03-30 02:49:55,80073.95848404225,64708.938681027445,15429.932288500117
2026-03-30 02:50:10,80060.81545852304,64708.938681027445,15416.778608500113
2026-03-30 02:50:26,80066.47054152633,64708.938681027445,15421.636320500114
2026-03-30 02:50:41,80109.82044183994,64708.938681027445,15465.020928500115
2026-03-30 02:50:56,80067.5018694152,64708.938681027445,15421.866524500114
2026-03-30 02:51:11,80008.56402170393,64708.938681027445,15366.087612500114
2026-03-30 02:51:27,79963.07457308102,64708.938681027445,15319.759424500115
2026-03-30 02:51:42,79917.68498308981,64708.938681027445,15274.332584500115
2026-03-30 02:51:57,79905.121856574,64708.938681027445,15260.958792500114
2026-03-30 02:52:13,79882.975940153,64708.938681027445,15237.194704500114
2026-03-30 02:52:28,79845.10497976314,64708.938681027445,15200.093524500115
2026-03-30 02:52:43,79830.56102424313,64708.938681027445,15185.537924500115
2026-03-30 02:52:59,79798.47026437632,64708.938681027445,15155.819332500116
2026-03-30 02:53:14,79770.16016128093,64708.938681027445,15127.485712500114
2026-03-30 02:53:29,79759.69580853207,64708.938681027445,15116.213752500114
2026-03-30 02:53:45,79753.29562247577,64708.938681027445,15110.607164500116
2026-03-30 02:54:00,79743.31341965648,64708.938681027445,15099.019184500115
2026-03-30 02:54:15,79684.61464414156,64708.938681027445,15037.878480500114
2026-03-30 02:54:31,79621.24801268923,64708.938681027445,14975.259848500116
2026-03-30 02:54:46,79585.04710200158,64708.938681027445,14941.421716500116
2026-03-30 02:55:01,79565.2270810332,64708.938681027445,14922.382396500114
2026-03-30 02:55:16,79532.47836781485,64708.938681027445,14891.199804500115
2026-03-30 02:55:32,79529.15112434485,64708.938681027445,14882.293604500115
2026-03-30 02:55:47,79532.57260964371,64708.938681027445,14886.514336500115
2026-03-30 02:56:02,79514.93535893752,64708.938681027445,14869.659556500115
2026-03-30 02:56:18,79500.49625946554,64708.938681027445,14855.208896500113
2026-03-30 02:56:33,79496.17627502176,64708.938681027445,14851.681696500114
2026-03-30 02:56:48,79483.20522071552,64708.938681027445,14837.107916500114
2026-03-30 02:57:04,79468.13544650536,64708.938681027445,14823.618136500116
2026-03-30 02:57:19,79437.34928351257,64708.938681027445,14792.807016500114
2026-03-30 02:57:34,79424.63406850891,64708.938681027445,14778.490456500114
2026-03-30 02:57:50,79415.82121538377,64708.938681027445,14771.261496500114
2026-03-30 02:58:05,79398.05100464079,64708.938681027445,14754.272156500112
2026-03-30 02:58:20,79376.47647845568,64708.938681027445,14731.884864500114
2026-03-30 02:58:36,79376.03681473913,64708.938681027445,14730.649804500114
2026-03-30 02:58:51,79352.83991356404,64708.938681027445,14710.613656500114
2026-03-30 02:59:06,79333.05925491588,64708.938681027445,14688.432444500113
2026-03-30 02:59:22,79298.40406837268,64708.938681027445,14653.749164500116
2026-03-30 02:59:37,79273.85820307514,64708.938681027445,14628.389384500113
2026-03-30 02:59:52,79260.33011327687,64708.938681027445,14615.644344500115
2026-03-30 03:00:08,79187.35846016559,64708.938681027445,14541.820386392079
2026-03-30 03:00:23,79115.40083787944,64708.938681027445,14471.39002639208
2026-03-30 03:00:38,79076.21168877359,64708.938681027445,14430.584626392081
2026-03-30 03:00:53,79059.87084983864,64708.938681027445,14415.814466392081
2026-03-30 03:01:09,79054.80246986158,64708.938681027445,14409.15826639208
2026-03-30 03:01:24,79065.69394970158,64708.938681027445,14420.05846639208
2026-03-30 03:01:39,79109.05278472506,64708.938681027445,14462.659666392079
2026-03-30 03:01:55,79110.73870243812,64708.938681027445,14465.93166639208
2026-03-30 03:02:10,79110.40197540811,64708.938681027445,14465.59466639208
2026-03-30 03:02:25,79098.97895487463,64708.938681027445,14454.95466639208
2026-03-30 03:02:41,79101.95291422664,64708.938681027445,14457.931066392079
2026-03-30 03:02:56,79111.26027961812,64708.938681027445,14466.453666392079
2026-03-30 03:03:11,79115.42670208012,64708.938681027445,14470.62346639208
2026-03-30 03:03:27,79116.1001561401,64708.938681027445,14471.29746639208
2026-03-30 03:03:42,79113.82998356422,64708.938681027445,14472.19526639208
2026-03-30 03:03:57,79119.99830486265,64708.938681027445,14475.99126639208
2026-03-30 03:04:13,79118.86973527315,64708.938681027445,14475.65426639208
2026-03-30 03:04:28,79122.48208282157,64708.938681027445,14476.89206639208
2026-03-30 03:04:43,79117.44191818159,64708.938681027445,14471.84786639208
2026-03-30 03:04:58,79126.62689148517,64708.938681027445,14483.41786639208
2026-03-30 03:05:14,79178.59749854638,64708.938681027445,14533.05241039208
2026-03-30 03:05:29,79170.35407883787,64708.938681027445,14525.595370392079
2026-03-30 03:05:44,79151.26590932398,64708.938681027445,14505.698938392079
2026-03-30 03:06:00,79121.6525592608,64708.938681027445,14477.646878392079
2026-03-30 03:06:15,79082.77384741801,65605.50188603745,13542.173054832065
2026-03-30 03:06:30,79081.431948678,65146.14475703745,14000.187183832066
2026-03-30 03:06:46,79068.61857940078,65146.10361443745,13989.780466432065
2026-03-30 03:07:01,79074.4085725728,65146.18589963745,13993.116901232068
2026-03-30 03:07:16,79072.4688334638,65146.268184837456,13991.885316032067
2026-03-30 03:07:32,79069.45943419679,65146.268184837456,13988.081416032064
2026-03-30 03:07:47,79039.73251344476,65146.10361443745,13960.869826432065
2026-03-30 03:08:02,79027.78228286926,65146.062471837446,13948.158957032067
2026-03-30 03:08:18,79031.17206625354,65146.14475703745,13950.677671832065
2026-03-30 03:08:33,78995.49707324494,65145.609903237455,13916.299173632066
2026-03-30 03:08:48,78995.37881561067,65145.81561623745,13912.018888632065
2026-03-30 03:09:04,79045.1058787952,65146.30932743745,13962.083265432066
2026-03-30 03:09:19,79076.94123029083,65146.268184837456,13996.361428032063
2026-03-30 03:09:34,79025.62868308359,65146.432755237445,13944.841685632065
2026-03-30 03:09:50,79022.7748537296,65146.47389783745,13941.944343032066
2026-03-30 03:10:05,79022.87672178542,65146.51504043745,13940.422100432066
2026-03-30 03:10:20,79030.11422239325,65146.30932743745,13950.246001432066
2026-03-30 03:10:35,79040.25691956155,65146.30932743745,13959.605501432066
2026-03-30 03:10:51,79038.22408469996,65146.47389783745,13958.989831032066
2026-03-30 03:11:06,79009.34467148334,65146.30932743745,13929.458989432065
2026-03-30 03:11:21,79005.69578562524,65146.432755237445,13923.309521632063
2026-03-30 03:11:37,79000.57910075295,65146.268184837456,13920.727192032065
2026-03-30 03:11:52,79002.92022055903,65146.268184837456,13923.070280032063
2026-03-30 03:12:07,79011.44030481762,65146.30932743745,13928.390737432064
2026-03-30 03:12:23,79024.80042573503,65146.51504043745,13944.722024432065
2026-03-30 03:12:38,79015.14934652572,65146.63846823745,13936.522396632065
2026-03-30 03:12:53,79027.86170467596,65146.72075343745,13945.205411432064
2026-03-30 03:13:09,79035.84458499431,65146.80303863745,13953.904126232064
2026-03-30 03:13:24,79044.00968411831,65146.80303863745,13962.075926232064
2026-03-30 03:13:39,79043.87320812048,65146.72075343745,13962.021623432063
2026-03-30 03:13:55,79029.50050280371,65146.67961083745,13948.469866032066
2026-03-30 03:14:10,79018.11784625667,65146.72075343745,13937.036611432064
2026-03-30 03:14:25,79000.8148785331,65146.72075343745,13920.510599432066
2026-03-30 03:14:41,79002.31730041669,65146.88532383745,13919.475729032063
2026-03-30 03:14:56,79009.99081100774,65146.80303863745,13925.655014232063
2026-03-30 03:15:11,79017.79490539357,65147.13217943745,13934.719025432063
2026-03-30 03:15:26,79019.79367307929,65146.96760903745,13936.883983832067
2026-03-30 03:15:42,79016.91674815521,65146.96760903745,13933.213283832065
2026-03-30 03:15:57,79025.71383200068,65147.33789243745,13940.855612432066
2026-03-30 03:16:12,79024.9335295952,65147.25560723745,13940.948485632067
2026-03-30 03:16:28,79020.92296960758,65147.25560723745,13937.726197632068
2026-03-30 03:16:43,79023.96846075996,65147.25560723745,13940.774157632066
2026-03-30 03:16:58,79016.37428247521,65147.25560723745,13932.382385632067
2026-03-30 03:17:14,79017.57168634757,65147.25560723745,13934.372197632065
2026-03-30 03:17:29,79007.00908950552,65147.25560723745,13924.592397632065
2026-03-30 03:17:44,79005.97224950796,65147.25560723745,13922.763357632066
2026-03-30 03:18:00,78919.89696892098,66163.15106171744,12819.932373952068
2026-03-30 03:18:15,78849.53878592436,67161.44077966336,11752.807690006142
2026-03-30 03:18:30,78790.92663640289,69628.93894286339,9227.438486806119
2026-03-30 03:18:46,78776.47205072097,69628.93894286339,9210.604742806117
2026-03-30 03:19:01,78755.19217264574,69628.93894286339,9191.674338806117
2026-03-30 03:19:16,78689.7740788865,73596.65256420342,5158.488281585086
2026-03-30 03:19:32,78659.73262232794,75037.83514229169,3686.4513949968236
2026-03-30 03:19:47,78651.92251019762,76017.68298049299,2701.1505381955153
2026-03-30 03:20:02,78669.64383019057,76017.68298049299,2715.734918195515
2026-03-30 03:20:17,78639.49395305639,76017.68298049299,2686.348278195515
2026-03-30 03:20:33,78632.50380575201,76017.68298049299,2680.9276581955146
2026-03-30 03:20:48,78633.33982358398,76017.68298049299,2680.1890981955157
2026-03-30 03:21:03,78623.57879311837,76017.68298049299,2669.6325381955153
2026-03-30 03:21:19,78628.493800584,76017.68298049299,2675.339098195515
2026-03-30 03:21:34,78631.53954970135,76017.68298049299,2676.024598195515
2026-03-30 03:21:49,78634.06347364259,76017.68298049299,2680.125718195515
2026-03-30 03:22:05,78629.50311053118,76017.68298049299,2675.5616581955146
2026-03-30 03:22:20,78631.32962985117,76017.68298049299,2677.3896581955146
2026-03-30 03:22:36,78631.32962985117,76017.68298049299,2677.3896581955146
2026-03-30 03:22:51,78626.97295557201,76017.68298049299,2675.3921581955146
2026-03-30 03:23:06,78627.23776694699,76017.68298049299,2673.2944781955143
2026-03-30 03:23:22,78637.17671282156,76017.68298049299,2681.6662181955153
2026-03-30 03:23:37,78637.80865319395,76017.68298049299,2682.2986581955142
2026-03-30 03:23:52,78638.20633877395,76017.68298049299,2682.6966581955153
2026-03-30 03:24:08,78638.76502080033,76017.68298049299,2682.468158195515
2026-03-30 03:24:23,78633.67017247478,76017.68298049299,2679.7320981955154
2026-03-30 03:24:38,78636.75069302872,76017.68298049299,2678.877098195515
2026-03-30 03:24:54,78636.15739871636,76017.68298049299,2680.6460981955156
2026-03-30 03:25:09,78633.0094655532,76017.68298049299,2680.6460981955156
2026-03-30 03:25:24,78636.19205148293,76017.68298049299,2679.1055981955146
2026-03-30 03:25:40,78638.55295514029,76017.68298049299,2679.1055981955146
2026-03-30 03:25:55,78627.16950419791,76017.68298049299,2670.076098195515
2026-03-30 03:26:10,78609.15633992747,76467.09666823783,2204.210003960669
2026-03-30 03:26:26,78609.15633992747,76467.09666823783,2204.210003960669
2026-03-30 03:26:41,78611.20527998508,76467.09666823783,2206.2605639606686
2026-03-30 03:26:56,78606.29081396578,76467.09666823783,2204.4915639606684
2026-03-30 03:27:12,78606.40781263419,76467.09666823783,2200.672003960669
2026-03-30 03:27:27,78604.04777957403,76467.09666823783,2200.672003960669
2026-03-30 03:27:42,78604.83445726075,76467.09666823783,2200.672003960669
2026-03-30 03:27:57,78600.70689247058,76467.09666823783,2198.9030039606687
2026-03-30 03:28:13,78606.09667862044,76467.09666823783,2202.7225639606686
2026-03-30 03:28:28,78611.60356596668,76467.09666823783,2202.7225639606686
2026-03-30 03:28:43,78606.40781263419,76467.09666823783,2200.672003960669
2026-03-30 03:28:59,78607.98116800764,76467.09666823783,2200.672003960669
2026-03-30 03:29:14,78607.19449032091,76467.09666823783,2200.672003960669
2026-03-30 03:29:29,78605.62113494748,76467.09666823783,2200.672003960669
2026-03-30 03:29:45,78605.62113494748,76467.09666823783,2200.672003960669
2026-03-30 03:30:00,78606.40781263419,76467.09666823783,2200.672003960669
2026-03-30 03:30:15,78583.7756176209,75395.70478803784,3250.9881839606487
2026-03-30 03:30:31,78592.16080477496,74870.06235903784,3783.4481839606483
2026-03-30 03:30:46,78598.89995176524,74870.06235903784,3793.341583960648
2026-03-30 03:31:01,78598.44906139125,74870.06235903784,3787.3797839606473
2026-03-30 03:31:17,78589.55981359813,73822.35336841283,4829.341283960645
2026-03-30 03:31:32,78559.07791739525,70765.22778183284,7856.747715960637
2026-03-30 03:31:47,78543.3454852416,70765.22778183284,7839.429335960636
2026-03-30 03:32:03,78545.91940731948,70765.22778183284,7844.365395960637
2026-03-30 03:32:18,78555.89310728325,70765.22778183284,7853.560355960637
2026-03-30 03:32:33,78558.26166198887,70765.22778183284,7856.717655960637
2026-03-30 03:32:49,78558.78709604227,70765.22778183284,7857.243515960636
2026-03-30 03:33:04,78554.50100081332,70765.22778183284,7854.527615960637
2026-03-30 03:33:19,78547.38228139526,70765.22778183284,7845.042715960637
2026-03-30 03:33:35,78540.13309298319,70765.22778183284,7835.4278159606365
2026-03-30 03:33:50,78530.81940063322,70765.22778183284,7827.680015960637
2026-03-30 03:34:05,78513.41208328643,70765.22778183284,7810.258935960636
2026-03-30 03:34:20,78505.99437165688,70765.22778183284,7805.194335960636
2026-03-30 03:34:36,78505.51494146767,70765.22778183284,7803.9281759606365
2026-03-30 03:34:51,78493.49943417251,70765.22778183284,7793.4753759606365
2026-03-30 03:35:06,78501.56404672335,70765.22778183284,7802.333015960636
2026-03-30 03:35:22,78493.11673215828,70765.22778183284,7791.519915960636
2026-03-30 03:35:37,78479.24792802255,70765.22778183284,7779.998135960636
2026-03-30 03:35:52,78477.77182331737,70765.22778183284,7779.306895960636
2026-03-30 03:36:08,78484.57333711236,70765.22778183284,7786.114195960636
2026-03-30 03:36:23,78468.94630865775,70765.22778183284,7769.687855960636
2026-03-30 03:36:38,78468.61677173137,70765.22778183284,7770.144055960636
2026-03-30 03:36:54,78466.09455743736,70765.22778183284,7767.619695960636
2026-03-30 03:37:09,78459.77209610135,70765.22778183284,7761.291855960636
2026-03-30 03:37:24,78457.8218255625,70765.22778183284,7756.982255960636
2026-03-30 03:37:40,78448.84563208169,70765.22778183284,7747.998695960636
2026-03-30 03:37:55,78444.28925138009,70765.22778183284,7743.438575960636
2026-03-30 03:38:10,78424.7809613061,70765.22778183284,7723.914275960636
2026-03-30 03:38:26,78409.49684641836,70765.22778183284,7710.973835960637
2026-03-30 03:38:41,78399.5776250025,70765.22778183284,7698.690255960637
2026-03-30 03:38:56,78400.5854978685,70765.22778183284,7699.698955960636
2026-03-30 03:39:12,78391.40226041933,70765.22778183284,7692.078615960637
2026-03-30 03:39:27,78387.20687028632,70765.22778183284,7687.094515960637
2026-03-30 03:39:42,78378.45340108169,70765.22778183284,7677.548695960637
2026-03-30 03:39:58,78367.79216555436,70765.22778183284,7669.233675960638
2026-03-30 03:40:13,78375.99149634414,70765.22778183284,7676.654895960638
2026-03-30 03:40:28,78372.38387355498,70765.22778183284,7674.614355960637
2026-03-30 03:40:43,79010.51406928735,70765.22778183284,8311.710915960635
2026-03-30 03:40:59,78954.04516614541,70765.22778183284,8257.567215960637
2026-03-30 03:41:14,78395.71045482035,70765.22778183284,7697.175715960637
2026-03-30 03:41:30,78371.67284145368,70765.22778183284,7669.977575960637
2026-03-30 03:41:45,78358.52603493209,70765.22778183284,7657.604975960636
2026-03-30 03:42:00,78343.84658289465,70765.22778183284,7648.406935960637
2026-03-30 03:42:15,78346.87621923337,70765.22778183284,7648.2999359606365
2026-03-30 03:42:31,78354.50409562889,70765.22778183284,7653.579735960636
2026-03-30 03:42:46,78359.82107049925,70765.22778183284,7657.331335960636
2026-03-30 03:43:01,78355.92831840336,70765.22778183284,7657.3597359606365
2026-03-30 03:43:17,78358.22088420978,70765.22778183284,7660.439175960638
2026-03-30 03:43:32,78365.76385161547,70765.22778183284,7664.063795960637
2026-03-30 03:43:47,78362.6397007566,70765.22778183284,7664.861795960637
2026-03-30 03:44:03,78370.22024826815,70765.22778183284,7670.878795960638
2026-03-30 03:44:18,78371.35441958447,70765.22778183284,7669.658895960638
2026-03-30 03:44:33,78367.59765103235,70765.22778183284,7669.038995960638
2026-03-30 03:44:49,78377.3302628109,70765.22778183284,7676.424635960637
2026-03-30 03:45:04,78377.94758187972,70765.22778183284,7677.827535960637
2026-03-30 03:45:19,78386.05027106112,70765.22778183284,7685.936955960636
2026-03-30 03:45:35,78375.18862460023,70765.22778183284,7678.9917559606365
2026-03-30 03:45:50,78377.48490209623,70765.22778183284,7681.290055960637
2026-03-30 03:46:05,78379.41487828574,70765.22778183284,7680.081155960637
2026-03-30 03:46:21,78386.86985392649,70765.22778183284,7685.972055960636
2026-03-30 03:46:36,78398.53153733125,70765.22778183284,7696.0727959606365
2026-03-30 03:46:51,78393.16129071449,70765.22778183284,7692.268655960636
2026-03-30 03:47:07,78395.2121476317,70765.22778183284,7694.321195960637
2026-03-30 03:47:22,78392.2703219085,70765.22778183284,7691.376955960637
2026-03-30 03:47:37,78391.47635812494,70765.22778183284,7692.152775960638
2026-03-30 03:47:53,78395.40837785925,70765.22778183284,7692.947135960637
2026-03-30 03:48:08,78393.40573010969,70765.22778183284,7692.513295960637
2026-03-30 03:48:23,78395.04241675246,70765.22778183284,7693.366095960637
2026-03-30 03:48:39,78398.45743593965,70765.22778183284,7703.066435960637
2026-03-30 03:48:54,78408.53635281688,70765.22778183284,7707.656335960637
2026-03-30 03:49:09,78407.89863617369,70765.22778183284,7707.018095960637
2026-03-30 03:49:25,78406.21948348815,70765.22778183284,7706.908295960637
2026-03-30 03:49:40,78406.20182869768,70765.22778183284,7705.319895960637
2026-03-30 03:49:55,78403.57146968975,70765.22778183284,7704.258055960636
2026-03-30 03:50:10,78398.47785192574,70765.22778183284,7699.160155960637
2026-03-30 03:50:26,78406.90551984927,70765.22778183284,7705.238815960637
2026-03-30 03:50:41,78399.87066270287,70765.22778183284,7698.198255960636
2026-03-30 03:50:56,78401.07020477125,70765.22778183284,7698.613495960638
2026-03-30 03:51:12,79133.72338013069,70765.22778183284,8432.645875960638
2026-03-30 03:51:27,79173.07573888007,70765.22778183284,8472.030135960636
2026-03-30 03:51:42,78442.97164260768,70765.22778183284,7741.3341759606365
2026-03-30 03:51:58,78357.80520169536,70765.22778183284,7659.238215960637
2026-03-30 03:52:13,78362.65432582652,70765.22778183284,7662.521575960637
2026-03-30 03:52:28,78369.29482627613,70765.22778183284,7669.952595960637
2026-03-30 03:52:44,78364.69831059534,70765.22778183284,7665.352215960637
2026-03-30 03:52:59,78367.13148669612,70765.22778183284,7667.002455960638
2026-03-30 03:53:14,78369.0263176341,70765.22778183284,7668.113875960637
2026-03-30 03:53:30,78367.25554364332,70765.22778183284,7667.1266159606375
2026-03-30 03:53:45,78366.43193921034,70765.91343711285,7667.186637160637
2026-03-30 03:54:00,78361.18732093203,70765.91343711285,7660.367697160637
2026-03-30 03:54:16,78356.85448320938,70765.91343711285,7655.246397160638
2026-03-30 03:54:31,78373.39262211684,70765.91343711285,7672.583137160638
2026-03-30 03:54:46,78375.98450906362,70765.91343711285,7675.177177160637
2026-03-30 03:55:02,78380.27253271005,70765.91343711285,7677.113517160638
2026-03-30 03:55:17,78383.03977714207,70765.91343711285,7679.882977160637
2026-03-30 03:55:32,78378.31946980032,70765.91343711285,7675.943937160637
2026-03-30 03:55:48,78377.77149636709,70765.91343711285,7677.750737160637
2026-03-30 03:56:03,78378.77243573857,70765.91343711285,7677.182337160637
2026-03-30 03:56:18,78380.76677648442,70765.91343711285,7679.963417160638
2026-03-30 03:56:34,78386.13863076201,70765.91343711285,7687.695297160638
2026-03-30 03:56:49,78401.6973217775,70765.91343711285,7701.696677160638
2026-03-30 03:57:04,78406.87319514206,70765.91343711285,7703.735477160638
2026-03-30 03:57:20,78412.62086314832,70765.91343711285,7710.273137160637
2026-03-30 03:57:35,78417.1826631551,70765.91343711285,7717.195037160637
2026-03-30 03:57:50,78438.14858892812,70765.91343711285,7735.821557160636
2026-03-30 03:58:06,78445.45264784431,70765.91343711285,7743.131537160637
2026-03-30 03:58:21,78447.79761467283,70765.91343711285,7747.049937160637
2026-03-30 03:58:36,78461.68542858865,70765.91343711285,7764.093097160638
2026-03-30 03:58:52,78468.8546080022,70765.91343711285,7764.980577160637
2026-03-30 03:59:07,78452.28040593534,70765.91343711285,7753.108137160636
2026-03-30 03:59:22,78458.83268123152,70765.91343711285,7756.522417160637
2026-03-30 03:59:38,78455.46935529589,70765.91343711285,7755.513917160637
2026-03-30 03:59:53,78456.22899081743,70765.91343711285,7755.488317160637
2026-03-30 04:00:08,78456.55598063093,70765.91343711285,7755.029716904388
2026-03-30 04:00:24,78461.91202972058,70765.91343711285,7761.176076904387
2026-03-30 04:00:39,78475.16136147156,70765.91343711285,7771.292316904388
2026-03-30 04:00:54,78470.01613772339,70765.91343711285,7769.286916904387
2026-03-30 04:01:10,78476.14276843828,70765.91343711285,7773.846536904388
2026-03-30 04:01:25,78482.67142838932,70765.91343711285,7781.166596904388
2026-03-30 04:01:40,78497.13511085667,70765.91343711285,7794.855896904388
2026-03-30 04:01:56,78522.325319238,70765.91343711285,7819.280036904387
2026-03-30 04:02:11,78525.03866768786,70765.91343711285,7825.141716904387
2026-03-30 04:02:26,78540.87721103308,70765.91343711285,7838.633456904387
2026-03-30 04:02:42,78551.19030074532,70765.91343711285,7852.102176904387
2026-03-30 04:02:57,78555.39059063826,70765.91343711285,7855.519156904387
2026-03-30 04:03:12,78555.20190458932,70765.91343711285,7853.756596904388
2026-03-30 04:03:28,78551.24394716969,70765.91343711285,7849.008596904388
2026-03-30 04:03:43,78556.12521303665,70765.91343711285,7856.254396904388
2026-03-30 04:03:58,78564.52436888017,70765.91343711285,7860.725976904388
2026-03-30 04:04:14,78575.06582280893,70765.91343711285,7873.636816904389
2026-03-30 04:04:29,78587.2892601752,70765.91343711285,7886.657456904388
2026-03-30 04:04:44,78585.84046740782,70765.91343711285,7880.484756904388
2026-03-30 04:05:00,78567.39585394201,70765.91343711285,7864.386656904389
2026-03-30 04:05:15,78565.20677386373,70765.91343711285,7863.769676904389
2026-03-30 04:05:30,78556.67347677144,70765.91343711285,7859.163856904388
2026-03-30 04:05:46,78563.9005278613,70765.91343711285,7864.823216904388
2026-03-30 04:06:01,78560.60910704454,70765.91343711285,7859.168236904388
2026-03-30 04:06:16,78571.34603553773,70765.91343711285,7869.913976904389
2026-03-30 04:06:32,78573.74422740654,70765.91343711285,7872.314136904389
2026-03-30 04:06:47,78575.3594901096,70765.91343711285,7874.717776904389
2026-03-30 04:07:02,78584.57621864602,70765.91343711285,7881.580776904389
2026-03-30 04:07:18,78582.88557667288,70765.91343711285,7880.675876904388
2026-03-30 04:07:33,78585.65745296601,70765.91343711285,7882.662876904389
2026-03-30 04:07:48,78582.0843638278,70765.91343711285,7881.448236904388
2026-03-30 04:08:04,78566.84132305348,70765.91343711285,7864.618616904388
2026-03-30 04:08:19,78562.14702851448,70765.91343711285,7859.920516904388
2026-03-30 04:08:34,78551.11632960576,70765.91343711285,7847.307336904388
2026-03-30 04:08:50,78535.40031507335,70765.91343711285,7831.578896904388
2026-03-30 04:09:05,78530.08058098012,70765.91343711285,7828.614656904388
2026-03-30 04:09:20,78530.63314750373,70765.91343711285,7829.167676904388
2026-03-30 04:09:36,78529.42527908375,70765.91343711285,7825.599136904388
2026-03-30 04:09:51,78528.58885267227,70765.91343711285,7826.335136904388
2026-03-30 04:10:06,78531.14432106487,70765.91343711285,7828.892676904388
2026-03-30 04:10:22,78526.28294265758,70765.91343711285,7827.960236904388
2026-03-30 04:10:37,78532.12952240487,70765.91343711285,7829.878676904388
2026-03-30 04:10:52,78530.3884573543,70765.91343711285,7831.282636904388
2026-03-30 04:11:08,78533.7681795734,70765.91343711285,7833.091916904388
2026-03-30 04:11:23,78539.577946086,70765.91343711285,7836.546476904387
2026-03-30 04:11:38,78541.12960353919,70765.91343711285,7842.819676904388
2026-03-30 04:11:54,78541.16613681348,70765.91343711285,7838.922616904387
2026-03-30 04:12:09,78545.51498023697,70765.91343711285,7839.341536904388
2026-03-30 04:12:24,78538.55962139802,70765.91343711285,7835.527336904388
2026-03-30 04:12:40,78542.13152159001,70765.91343711285,7839.102096904388
2026-03-30 04:12:55,78547.86595274828,70765.91343711285,7843.267676904388
2026-03-30 04:13:10,78546.36408173895,70765.91343910185,7844.124773589387
2026-03-30 04:13:26,78538.661232314,70765.91344109084,7837.989030274388
2026-03-30 04:13:41,78536.11774516199,70765.91344109084,7835.4434302743875
2026-03-30 04:13:56,78541.76951257556,70765.91344109084,7842.673370274389
2026-03-30 04:14:12,78547.93338701311,70765.91344109084,7846.482110274388
2026-03-30 04:14:27,78543.22916175662,70765.91344109084,7840.987310274389
2026-03-30 04:14:42,78538.02188111791,70765.91344109084,7836.562470274388
2026-03-30 04:14:58,78536.52407727782,70765.91344109084,7834.276790274388
2026-03-30 04:15:13,78539.51757253088,70765.91344109084,7839.632790274388
2026-03-30 04:15:28,78540.04470972414,70765.91344109084,7837.013610274388
2026-03-30 04:15:44,78540.08231072045,70765.91344109084,7836.264590274388
2026-03-30 04:15:59,78531.2582518455,70765.91344109084,7829.793290274388
2026-03-30 04:16:14,78532.81422935778,70765.91344109084,7832.137170274389
2026-03-30 04:16:30,78544.10446930231,70765.91344109084,7842.650050274387
2026-03-30 04:16:45,78534.15883396685,70765.91344109084,7830.336430274388
2026-03-30 04:17:00,78531.69554384334,70765.91344109084,7834.164170274388
2026-03-30 04:17:16,78539.5968286011,70765.91344109084,7838.138710274388
2026-03-30 04:17:31,78540.77757959071,70765.91344109084,7839.320430274388
2026-03-30 04:17:46,78533.90697884603,70765.91344109084,7831.657570274388
2026-03-30 04:18:02,78523.37142425455,70765.91344109084,7824.259630274388
2026-03-30 04:18:17,78536.8548128876,70765.91344109084,7836.181110274388
2026-03-30 04:18:32,78539.90972284769,70765.91344109084,7840.025270274388
2026-03-30 04:18:48,78556.40530762974,70765.91344109084,7858.895450274388
2026-03-30 04:19:03,78558.86716720556,70765.91344109084,7859.785570274388
2026-03-30 04:19:18,78550.7541268738,70765.91344109084,7850.091970274388
2026-03-30 04:19:34,78553.42925689169,70765.91344109084,7853.556170274388
2026-03-30 04:19:49,78557.06678311546,70765.91344109084,7858.770570274388
2026-03-30 04:20:05,78558.78879387958,70765.91344109084,7859.707130274388
2026-03-30 04:20:20,78562.00970325728,70765.91344109084,7862.143830274387
2026-03-30 04:20:35,78553.27358579457,70765.91344109084,7854.187230274388
2026-03-30 04:20:51,78549.60374685105,70765.91344109084,7851.3011102743885
2026-03-30 04:21:06,78539.5487263397,70765.91344109084,7839.663970274389
2026-03-30 04:21:21,78542.41316500558,70765.91344109084,7843.317570274387
2026-03-30 04:21:37,78548.15343386782,70765.91344307984,7849.849546959388
2026-03-30 04:21:52,78547.97800898772,70765.91344705786,7847.313540329388
2026-03-30 04:22:07,78542.76668188426,70765.91344904684,7841.311157014389
2026-03-30 04:22:23,78539.04368297677,70765.91345302484,7839.158490384389
2026-03-30 04:22:38,78539.9772498301,70765.91345501384,7839.306127069389
2026-03-30 04:22:53,78536.92815929273,70765.91345899185,7837.827880439388
2026-03-30 04:23:09,78541.57158145761,70765.91346098085,7840.901777124388
2026-03-30 04:23:24,78545.88953299297,70765.91346296985,7846.796873809388
2026-03-30 04:23:39,78545.60435470281,70765.91346296985,7847.298253809388
2026-03-30 04:23:55,78548.10572762498,70765.91346296985,7849.014953809389
2026-03-30 04:24:10,78548.20341114051,70765.91346296985,7847.539113809388
2026-03-30 04:24:25,78546.74871953751,70765.91346296985,7846.083213809389
2026-03-30 04:24:41,78539.65830356427,70765.91346296985,7838.200213809388
2026-03-30 04:24:56,78529.46579627991,70765.91346296985,7828.785933809388
2026-03-30 04:25:11,78526.18747464074,70765.91346296985,7826.291463809389
2026-03-30 04:25:27,78541.20404012114,70765.91346296985,7841.320653809388
2026-03-30 04:25:42,78547.78369527508,70765.91346296985,7846.332273809388
2026-03-30 04:25:57,78549.23060783307,70765.91346296985,7847.780373809389
2026-03-30 04:26:13,78552.17249719644,70765.91346296985,7849.937873809388
2026-03-30 04:26:28,78551.93832714396,70765.91346296985,7852.850813809389
2026-03-30 04:26:43,78556.5623474601,70765.91346296985,7855.904993809388
2026-03-30 04:26:59,78557.01943452847,70765.91346296985,7857.936243809387
2026-03-30 04:27:14,78561.79439125641,70765.91346296985,7861.141383809388
2026-03-30 04:27:30,78561.42241234887,70765.91346296985,7859.982183809388
2026-03-30 04:27:45,78559.98058540896,70765.91346296985,7860.899913809388
2026-03-30 04:28:00,78564.2406337076,70765.91346296985,7865.950573809387
2026-03-30 04:28:16,78563.93258335297,70765.91346296985,7864.855273809387
2026-03-30 04:28:31,78563.15841195846,70765.91346296985,7864.080443809388
2026-03-30 04:28:46,78579.03950154847,70765.91346296985,7879.975043809388
2026-03-30 04:29:02,78580.94787723114,70765.91346296985,7881.097903809387
2026-03-30 04:29:17,78582.16165550913,70765.91346296985,7884.674203809387
2026-03-30 04:29:32,78593.2617840358,70765.91346296985,7894.996703809386
2026-03-30 04:29:48,78579.38392926381,70765.91346296985,7881.106903809387
2026-03-30 04:30:03,78585.50556072246,70765.91346296985,7886.446603809388
2026-03-30 04:30:18,78580.45390104527,70765.91346296985,7883.752143809387
2026-03-30 04:30:34,78568.26386602913,70688.13992767622,7950.111982553022
2026-03-30 04:30:49,78516.19357892081,69645.48050340622,8938.295122552918
2026-03-30 04:31:04,78507.02771304177,69645.48050340622,8932.267182552918
2026-03-30 04:31:20,78508.96427186413,69645.48050340622,8931.846042552917
2026-03-30 04:31:35,78533.90063833453,69645.48050340622,8956.804122552918
2026-03-30 04:31:50,78543.39907719068,69645.48050340622,8967.097642552915
2026-03-30 04:32:06,78559.06631999566,69645.48050539522,8985.926709237916
2026-03-30 04:32:21,78564.64125151427,69645.48050937321,8985.210522607917
2026-03-30 04:32:36,78570.3704428182,69645.48051136221,8989.370509292918
2026-03-30 04:32:52,78555.45215952485,69645.48051534021,8977.587482662917
2026-03-30 04:33:07,78559.57438954109,69645.48051931821,8980.926316032917
2026-03-30 04:33:22,78560.9364944591,70121.1874508072,8507.369602717916
2026-03-30 04:33:38,78569.51048344876,69629.22372256021,9005.553626087916
2026-03-30 04:33:53,78557.49365305126,69629.22372653821,8993.526809457919
2026-03-30 04:34:09,78552.26243171892,69629.22372852721,8990.651796142916
2026-03-30 04:34:24,78561.8086722336,69629.22373250521,9000.206249512916
2026-03-30 04:34:39,78562.21971710474,69629.22373449421,9000.617646197916
2026-03-30 04:34:55,78577.08867838832,69629.22373847222,9019.435219567918
2026-03-30 04:35:10,78584.95257500613,69629.22374245021,9025.731742937916
2026-03-30 04:35:25,78591.45831841072,69629.22374443921,9032.243279622919
2026-03-30 04:35:41,78591.82757314973,69629.22374841721,9030.250972992917
2026-03-30 04:35:56,78583.82820966268,69629.2237523952,9021.457536362917
2026-03-30 04:36:11,78573.64617043282,69629.2237543842,9011.266833047917
2026-03-30 04:36:27,78575.45101236008,69629.22375836222,9013.073206417917
2026-03-30 04:36:42,78559.7000114392,69629.22376234022,9001.243669787917
2026-03-30 04:36:57,78562.00199370993,69629.22376432922,9001.186686472918
2026-03-30 04:37:13,78562.33642672232,69629.22376432922,9003.095426472917
2026-03-30 04:37:28,78561.66142701101,69629.22376432922,9001.632816472918
2026-03-30 04:37:43,78561.88902654701,69629.22376432922,9001.860616472917
2026-03-30 04:37:59,78562.62294013423,69629.22376432922,9002.595176472916
2026-03-30 04:38:14,78561.6950229854,69629.22376432922,9003.240476472918
2026-03-30 04:38:29,78558.0275267054,69629.22376432922,8999.569676472918
2026-03-30 04:38:45,78560.81598546304,69629.22376432922,8999.212676472916
2026-03-30 04:39:00,78564.03686865793,69629.22376432922,9001.649346472917
2026-03-30 04:39:16,78551.59980915193,69629.22376432922,8989.201706472919
2026-03-30 04:39:31,78540.74147440244,69629.22376432922,8979.120886472918
2026-03-30 04:39:46,78541.56749524541,69629.22376432922,8981.521186472919
2026-03-30 04:40:02,78550.68531449742,69629.22376432922,8990.647036472918
2026-03-30 04:40:17,78564.34869030613,69629.22376432922,9003.53542647292
2026-03-30 04:40:32,78564.45464352364,69629.22376432922,9002.854466472918
2026-03-30 04:40:48,78564.22562807593,69629.22376432922,9001.83826647292
2026-03-30 04:41:03,78565.44841175065,69629.22376432922,9002.275106472918
2026-03-30 04:41:18,78561.34950772466,69629.22376432922,8998.172756472917
2026-03-30 04:41:34,78557.62384436594,69629.22376432922,8995.230866472917
2026-03-30 04:41:49,78562.11187802732,69629.22376432922,9001.296666472917
2026-03-30 04:42:04,78558.91956775563,69629.22376432922,8998.101576472918
2026-03-30 04:42:20,78556.00749942794,69629.22376432922,8993.613146472917
2026-03-30 04:42:35,78548.47125771511,69629.22376432922,8989.217906472917
2026-03-30 04:42:50,78550.19753519043,69629.22376432922,8988.585086472916
2026-03-30 04:43:06,78549.5387834564,69629.22376432922,8991.073286472916
2026-03-30 04:43:21,78556.40373326604,69629.22376432922,8994.796626472917
2026-03-30 04:43:36,78560.08100808763,69629.22376432922,8998.477066472919
2026-03-30 04:43:52,78565.95960758773,69629.22376432922,9005.147746472918
2026-03-30 04:44:07,78567.76615452333,69629.22376432922,9006.955866472917
2026-03-30 04:44:22,78567.67869047594,69629.22376432922,9005.294266472918
2026-03-30 04:44:38,78573.41782227102,69629.22376432922,9013.399566472917
2026-03-30 04:44:53,78584.3504567827,69629.22376432922,9025.129066472919
2026-03-30 04:45:08,78595.69129016418,69629.22376432922,9038.842146472918
2026-03-30 04:45:24,78616.7724260479,69629.22376432922,9059.155086472918
2026-03-30 04:45:39,78621.9879404784,69629.22376432922,9063.587706472917
2026-03-30 04:45:55,78644.52395464583,69629.22376432922,9082.992696472917
2026-03-30 04:46:10,78644.42634972942,69629.22376432922,9084.470636472917
2026-03-30 04:46:25,78646.37116861311,69629.22376432922,9085.629326472917
2026-03-30 04:46:41,78649.92677254413,69629.22376432922,9089.188026472919
2026-03-30 04:46:56,78653.48296596181,69629.22376432922,9092.747316472918
2026-03-30 04:47:11,78679.10900590064,69629.22376432922,9117.607516472917
2026-03-30 04:47:27,78686.43528814324,70127.2120151692,8628.528324472925
2026-03-30 04:47:42,78689.18966790925,70127.2120151692,8629.708604472924
2026-03-30 04:47:57,78700.79708693663,70127.2120151692,8641.326014472923
2026-03-30 04:48:13,78701.32859049365,70127.2120151692,8643.434744472925
2026-03-30 04:48:28,78709.97274647342,70127.2120151692,8649.721124472926
2026-03-30 04:48:43,78712.22851744444,70127.2120151692,8652.767284472926
2026-03-30 04:48:59,78702.16302554404,70127.2120151692,8644.269914472923
2026-03-30 04:49:14,78708.86905540894,70127.2120151692,8648.616494472924
2026-03-30 04:49:29,78703.96741534742,70127.2120151692,8643.710684472924
2026-03-30 04:49:45,78705.65762844271,70127.2120151692,8643.825574472923
2026-03-30 04:50:00,78703.48714149844,70127.2120151692,8644.018384472924
2026-03-30 04:50:16,78699.35499820043,70127.2120151692,8639.882684472925
2026-03-30 04:50:31,78697.54761517543,70127.2120151692,8638.862084472925
2026-03-30 04:50:46,78695.36470596014,70127.2120151692,8636.677274472924
2026-03-30 04:51:02,78695.81677516324,70127.2120151692,8637.918074472926
2026-03-30 04:51:17,78696.68694708536,70127.2120151692,8639.577374472923
2026-03-30 04:51:32,78695.36110909213,70127.2120151692,8636.673674472924
2026-03-30 04:51:48,78691.50703568042,70127.2120151692,8631.239704472924
2026-03-30 04:52:03,78682.90553346944,70127.2120151692,8625.783684472925
2026-03-30 04:52:18,78654.50977828563,70127.2120151692,8594.998864472926
2026-03-30 04:52:34,78650.28745625285,70127.2120151692,8592.348654472926
2026-03-30 04:52:49,78650.18926786416,70127.2120151692,8594.614114472924
2026-03-30 04:53:04,78653.59485579623,70127.2120151692,8594.083154472926
2026-03-30 04:53:20,78653.59224547683,70127.2120151692,8595.656354472925
2026-03-30 04:53:35,78654.54443052353,70127.2120151692,8595.821454472925
2026-03-30 04:53:50,78650.02143158624,70127.2120151692,8590.506654472925
2026-03-30 04:54:06,78639.55867934793,70127.2120151692,8579.247154472925
2026-03-30 04:54:21,78639.05060461843,70127.2120151692,8579.526384472925
2026-03-30 04:54:36,78635.81822039523,70127.2120151692,8577.866674472925
2026-03-30 04:54:52,78638.69890241834,70127.2120151692,8581.537674472926
2026-03-30 04:55:07,78650.04801476764,70127.2120151692,8595.260674472926
2026-03-30 04:55:23,78664.09195052444,70127.2120151692,8604.589284472926
2026-03-30 04:55:38,78662.89508071844,70127.2120151692,8603.391384472925
2026-03-30 04:55:53,78662.77070132164,70127.2120151692,8604.842894472926
2026-03-30 04:56:09,78678.79860366344,70127.2120151692,8622.461294472925
2026-03-30 04:56:24,78674.85978724324,70127.2120151692,8619.307104472924
2026-03-30 04:56:39,78679.58591056566,70127.2120151692,8622.461104472924
2026-03-30 04:56:55,78680.72345724725,70127.2120151692,8623.599664472924
2026-03-30 04:57:10,78678.16590161284,70127.2120151692,8620.251654472924
2026-03-30 04:57:25,78675.36491060205,70127.2120151692,8618.236344472924
2026-03-30 04:57:41,78676.30037729505,70127.2120151692,8619.172644472925
2026-03-30 04:57:56,78679.19869549405,70127.2120151692,8622.073544472923
2026-03-30 04:58:11,78680.96660070845,70127.2120151692,8624.631244472925
2026-03-30 04:58:27,78683.27451171745,70127.2120151692,8626.941234472924
2026-03-30 04:58:42,78681.17847984545,70127.2120151692,8624.843314472924
2026-03-30 04:58:57,78671.14384146844,70127.2269326692,8613.208491972924
2026-03-30 04:59:13,78667.63846379508,70127.2269326692,8608.911971972924
2026-03-30 04:59:28,78664.66129031,70127.2269326692,8607.508271972925
2026-03-30 04:59:44,78664.2827561084,70127.2269326692,8608.705521972926
2026-03-30 04:59:59,78671.3399510071,70127.2269326692,8614.192881972926
2026-03-30 05:00:14,78684.69733333438,70127.2269326692,8625.19748566493
2026-03-30 05:00:30,78682.33615096303,69048.7741642692,9703.651645664679
2026-03-30 05:00:45,78682.24203175073,68530.8345442692,10220.708845664678
2026-03-30 05:01:00,78675.47257446681,68016.5640742692,10728.992045143876
2026-03-30 05:01:16,78669.49562478758,67040.1993013992,11700.162649143873
2026-03-30 05:01:31,78658.05777299637,66029.0265358192,12699.099269143577
2026-03-30 05:01:46,78616.69787643843,66028.9853932192,12656.956111743579
2026-03-30 05:02:02,78612.62027518247,66135.43993746919,12547.9954295436
2026-03-30 05:02:17,78635.46645740881,65670.79285656918,13032.358310843598
2026-03-30 05:02:33,78631.27949576145,65670.83329741917,13029.702669993598
2026-03-30 05:02:48,78622.91297162612,65670.87373826919,13020.5007291436
2026-03-30 05:03:03,78628.70418702211,65670.83329741917,13028.700469993599
2026-03-30 05:03:19,78624.11550112942,66127.45683156919,12565.9088313436
2026-03-30 05:03:34,78629.88680070931,66127.5741842192,12569.2048786936
2026-03-30 05:03:49,78612.54439267343,66127.65241931919,12554.1319435936
2026-03-30 05:04:05,78610.67951949705,66127.80888951919,12551.3214733936
2026-03-30 05:04:20,78601.82233639342,66127.88712461918,12543.1657382936
2026-03-30 05:04:35,78596.4931039269,66127.9653597192,12540.9031031936
2026-03-30 05:04:51,78598.79743791529,66128.04359481919,12543.9187680936
2026-03-30 05:05:06,78581.27860080382,66128.08271236919,12522.408320543602
2026-03-30 05:05:21,78556.17051537982,66128.08271236919,12497.2781205436
2026-03-30 05:05:37,78542.2954012343,66128.08271236919,12484.177600543602
2026-03-30 05:05:52,78536.01728227365,66128.08271236919,12479.467440543602
2026-03-30 05:06:08,78536.8165469161,66128.12182991918,12481.015122993602
2026-03-30 05:06:23,78541.66470305569,66128.08271236919,12483.5463405436
2026-03-30 05:06:38,78541.16402963515,66128.04359481919,12483.871158093601
2026-03-30 05:06:54,78553.59708008655,66127.41771401919,12497.7282488936
2026-03-30 05:07:09,78439.65146803984,67151.52333146919,11358.787416243598
2026-03-30 05:07:24,78452.11811970174,67151.21093241917,11372.3636401436
2026-03-30 05:07:40,78477.30977966098,67150.94442781918,11397.844749993603
2026-03-30 05:07:55,78522.14757799856,67150.16223312917,11446.652318693601
2026-03-30 05:08:10,78519.4541236101,67150.53426087918,11437.2912709436
2026-03-30 05:08:26,78512.11919359639,67150.5590627292,11430.7116490936
2026-03-30 05:08:41,78514.06941193723,67150.45985532919,11435.1224364936
2026-03-30 05:08:57,78538.8874419013,67150.23663867918,11457.0391331436
2026-03-30 05:09:12,78528.34037023515,67150.23663867918,11448.842903143599
2026-03-30 05:09:27,78516.78489416359,67150.23663867918,11435.7038831436
2026-03-30 05:09:43,78492.98392720513,67150.23663867918,11414.2409631436
2026-03-30 05:09:58,78485.90355367879,67150.23663867918,11404.7953431436
2026-03-30 05:10:13,78481.89052139923,67150.23663867918,11403.1374531436
2026-03-30 05:10:29,78489.3192737584,67150.23663867918,11407.427803143599
2026-03-30 05:10:44,78481.90649836515,67150.23663867918,11402.3672031436
2026-03-30 05:10:59,78485.16331056312,67150.23663867918,11407.1995131436
2026-03-30 05:11:15,78500.40678365392,67150.23663867918,11422.4570231436
2026-03-30 05:11:30,78498.8924778186,67150.23663867918,11417.0093431436
2026-03-30 05:11:46,78485.89517532215,67150.23663867918,11406.359473143599
2026-03-30 05:12:01,78475.93664436224,67150.23663867918,11397.178153143599
2026-03-30 05:12:16,78476.64119141015,67150.23663867918,11397.097153143599
2026-03-30 05:12:32,78477.17455196599,67150.23663867918,11396.0586531436
2026-03-30 05:12:47,78472.79048997043,67150.23663867918,11394.0291331436
2026-03-30 05:13:02,78475.06452555,67150.23663867918,11397.8776331436
2026-03-30 05:13:18,78270.50068788254,67220.15139883973,11120.856195878045
2026-03-30 05:13:33,78270.38751913984,67220.15139883973,11122.311185878045
2026-03-30 05:13:48,78288.44442166558,67220.15139883973,11138.031805878045
2026-03-30 05:14:04,78308.58828816352,67220.15139883973,11158.978105878045
2026-03-30 05:14:19,78301.79311221109,67220.15139883973,11152.961245878045
2026-03-30 05:14:34,78302.75077752463,67220.15139883973,11154.704245878045
2026-03-30 05:14:50,78315.13610902459,67220.15139883973,11166.316395878044
2026-03-30 05:15:05,78377.13126205039,67220.15139883973,11228.368015878044
2026-03-30 05:15:20,78338.4713945732,67220.15139883973,11189.672935878045
2026-03-30 05:15:36,78331.88604136083,67220.15139883973,11180.727415878046
2026-03-30 05:15:51,78326.30231490258,67220.15139883973,11174.354135878044
2026-03-30 05:16:06,78318.10994846758,67220.15139883973,11166.154635878045
2026-03-30 05:16:22,78313.24178624254,67220.15139883973,11163.635795878045
2026-03-30 05:16:37,78315.74659108948,67220.15139883973,11165.358295878044
2026-03-30 05:16:53,78317.15854798153,67220.15139883973,11167.556085878045
2026-03-30 05:17:08,78310.45658518154,67220.57376883975,11160.425715878046
2026-03-30 05:17:23,78303.4144187112,67220.57445283973,11151.023255878044
2026-03-30 05:17:39,78289.5817536089,67220.57445283973,11137.178545878045
2026-03-30 05:17:54,78283.63093532891,67220.57445283973,11131.222545878043
2026-03-30 05:18:09,78281.89737413332,67220.57445283973,11130.271665878045
2026-03-30 05:18:25,78264.12344162649,67220.57445283973,11111.698065878045
2026-03-30 05:18:40,78253.48108249492,67220.57445283973,11101.830345878045
2026-03-30 05:18:55,78234.33254804692,67220.57445283973,11082.664945878045
2026-03-30 05:19:11,78220.66273206976,67220.57445283973,11072.117555878043
2026-03-30 05:19:26,78232.01270463313,67220.57445283973,11081.126765878045
2026-03-30 05:19:42,78238.15370246931,67220.57445283973,11086.489465878045
2026-03-30 05:19:57,78244.22436558052,67220.57445283973,11092.565475878044
2026-03-30 05:20:12,78241.1467155817,67220.57445283973,11087.917565878044
2026-03-30 05:20:28,78222.4305153683,67220.57445283973,11069.185255878045
2026-03-30 05:20:43,78201.28676395012,67220.57445283973,11049.590055878045
2026-03-30 05:20:58,78191.5736049452,67220.57445283973,11039.085055878046
2026-03-30 05:21:14,78185.07001084703,67220.57445283973,11034.142255878045
2026-03-30 05:21:29,78186.92145159694,67220.57445283973,11035.995345878044
2026-03-30 05:21:44,78193.04554629742,67220.57445283973,11042.124895878045
2026-03-30 05:22:00,78193.49145266577,67220.57445283973,11044.921255878045
2026-03-30 05:22:15,78199.15369270611,67220.57445283973,11047.455105878043
2026-03-30 05:22:31,78198.9009645914,67220.57445283973,11046.418795878044
2026-03-30 05:22:46,78195.16836204994,67220.57445283973,11045.032955878045
2026-03-30 05:23:01,78196.13569066994,67220.57445283973,11046.001155878044
2026-03-30 05:23:17,78196.0953863861,67220.57445283973,11044.394105878046
2026-03-30 05:23:32,78195.32975073892,67220.57445283973,11043.627795878045
2026-03-30 05:23:47,78194.49328013576,67220.57445283973,11045.924005878045
2026-03-30 05:24:03,78198.13374080494,67220.57445283973,11048.001005878044
2026-03-30 05:24:18,78205.87379380851,67220.57445283973,11054.181125878044
2026-03-30 05:24:33,78189.31290670694,67220.57445283973,11039.172225878045
2026-03-30 05:24:49,78182.42762809689,67220.57445283973,11034.630515878045
2026-03-30 05:25:04,78173.29241289456,67220.57445283973,11024.703615878047
2026-03-30 05:25:20,78191.69407777337,67220.57445283973,11043.122225878045
2026-03-30 05:25:35,78193.21527698137,67220.57445283973,11044.644825878046
2026-03-30 05:25:50,78194.17520268259,67220.57445283973,11046.389025878045
2026-03-30 05:26:06,78197.68365747652,67220.57445283973,11045.983775878045
2026-03-30 05:26:21,78184.61856488451,67220.57445283973,11032.907175878046
2026-03-30 05:26:36,78174.10729613666,67220.57445283973,11024.736075878045
2026-03-30 05:26:52,78175.90514456293,67220.57445283973,11025.752385878046
2026-03-30 05:27:07,78168.92174528395,67220.57445283973,11018.762695878046
2026-03-30 05:27:22,78169.1552015745,67220.57445283973,11015.864085878045
2026-03-30 05:27:38,78164.0594331183,67220.57445283973,11011.546925878043
2026-03-30 05:27:53,78157.73288322349,67220.57445283973,11004.431935878045
2026-03-30 05:28:09,78156.26230037572,67220.57445283973,11004.525935878046
2026-03-30 05:28:24,78159.92199252083,67220.57445283973,11008.971835878045
2026-03-30 05:28:39,78168.50538649524,67220.57445283973,11017.562875878044
2026-03-30 05:28:55,78175.58655863804,67220.57445283973,11024.650355878044
2026-03-30 05:29:10,78163.26001670538,67220.57445283973,11009.180855878045
2026-03-30 05:29:25,78156.35357305419,67220.57445283973,11003.834355878045
2026-03-30 05:29:41,78153.83925453412,67220.57445283973,11002.100755878046
2026-03-30 05:29:56,78155.6588779652,67220.57445283973,11003.139055878044
2026-03-30 05:30:12,78155.51462856893,67220.57445283973,11004.560545878045
2026-03-30 05:30:27,78166.23306746238,67220.57445283973,11012.156435878045
2026-03-30 05:30:42,78162.87555710674,66680.83069843973,11551.671785878045
2026-03-30 05:30:58,78156.92498166612,66680.83069843973,11542.584185878044
2026-03-30 05:31:13,78146.3081403094,65696.59342138974,12516.978390678043
2026-03-30 05:31:28,78150.79213997691,65696.59342138974,12524.597790678044
2026-03-30 05:31:44,78167.11641457857,65696.59342138974,12538.587600678044
2026-03-30 05:31:59,78173.69771025724,65696.59342138974,12542.825400678044
2026-03-30 05:32:14,78170.2641504076,65696.59342138974,12540.955020678044
2026-03-30 05:32:30,78155.98449777928,65696.59342138974,12527.445990678043
2026-03-30 05:32:45,78145.373384891,65696.59342138974,12516.042830678043
2026-03-30 05:33:00,78157.364763429,65696.59342138974,12528.044530678046
2026-03-30 05:33:16,78157.03495585851,65696.59342138974,12526.931530678045
2026-03-30 05:33:31,78150.82065327834,65696.59342138974,12523.843420678044
2026-03-30 05:33:47,78143.91999306051,65696.59342138974,12513.805410678046
2026-03-30 05:34:02,78129.13031487574,65696.59342138974,12502.133760678043
2026-03-30 05:34:17,78139.47643829476,65696.59342138974,12511.706320678044
2026-03-30 05:34:33,78145.70636113395,65696.59342138974,12517.941730678043
2026-03-30 05:34:48,78146.74135953316,65696.59342138974,12518.977640678046
2026-03-30 05:35:03,78138.81433146195,65696.59342138974,12511.043630678043
2026-03-30 05:35:19,78115.27641011708,65696.59342138974,12490.615220678043
2026-03-30 05:35:34,78123.92983135875,65696.59342138974,12496.146020678043
2026-03-30 05:35:50,78108.52964048991,65696.59342138974,12482.297220678045
2026-03-30 05:36:05,78088.03294411793,65696.59342138974,12460.999780678043
2026-03-30 05:36:20,78069.52344115156,65696.59342138974,12441.691710678046
2026-03-30 05:36:36,78080.40002994493,65696.59342138974,12454.142270678043
2026-03-30 05:36:51,78080.98532766249,65696.59342138974,12455.510320678044
2026-03-30 05:37:06,78089.6515342315,65696.59342138974,12464.184420678044
2026-03-30 05:37:22,78097.7042096224,65696.59342138974,12472.244430678043
2026-03-30 05:37:37,78099.06774581986,65696.59342138974,12474.391630678043
2026-03-30 05:37:52,78098.44362054387,65696.59342138974,12473.766930678044
2026-03-30 05:38:08,78100.23482477044,65696.59342138974,12473.212530678044
2026-03-30 05:38:23,78101.42656167796,65696.59342138974,12473.622930678042
2026-03-30 05:38:38,78099.37067454924,65696.59342138974,12472.347610678044
2026-03-30 05:38:54,78106.41216204283,65696.59342138974,12479.395370678043
2026-03-30 05:39:09,78094.5185911756,65696.59342138974,12469.055910678046
2026-03-30 05:39:25,78079.14177670375,65696.59342138974,12455.229550678045
2026-03-30 05:39:40,78085.29348980468,65696.59342138974,12460.604690678043
2026-03-30 05:39:55,78085.65715492467,65696.59342138974,12460.968690678043
2026-03-30 05:40:11,78101.84863880792,65696.59342138974,12475.610200678046
2026-03-30 05:40:26,78105.61053129137,65696.59342138974,12477.028160678045
2026-03-30 05:40:41,78089.60121714676,65696.59342138974,12461.787170678042
2026-03-30 05:40:57,78093.5993284666,65696.59342138974,12468.135810678044
2026-03-30 05:41:12,78094.12138066629,65696.59342138974,12469.440710678045
2026-03-30 05:41:27,78088.95292814357,65696.59342138974,12461.138310678043
2026-03-30 05:41:43,78084.29854811792,65696.59342138974,12458.044300678042
2026-03-30 05:41:58,78083.43395250331,65696.59342138974,12461.090330678046
2026-03-30 05:42:14,78097.39235859548,65696.59342138974,12472.714700678043
2026-03-30 05:42:29,78084.17523727765,65697.29200426974,12457.222295878046
2026-03-30 05:42:44,78106.46928821046,65697.29200426974,12481.101405878046
2026-03-30 05:43:00,78082.46101616006,65697.29200426974,12457.071025878047
2026-03-30 05:43:15,78105.33824440325,65697.29200426974,12479.186835878047
2026-03-30 05:43:30,78122.29129837386,65697.29200426974,12497.720655878047
2026-03-30 05:43:46,78095.11874924465,65697.29200426974,12468.175665878047
2026-03-30 05:44:01,78085.68589293426,65697.29200426974,12457.952055878046
2026-03-30 05:44:17,78158.80597808847,65697.29200426974,12531.137275878047
2026-03-30 05:44:32,78156.47990310486,65697.29200426974,12530.375075878046
2026-03-30 05:44:47,78164.58591057727,65697.29200426974,12536.139325878048
2026-03-30 05:45:03,78188.45280890487,65697.29200426974,12560.810515878047
2026-03-30 05:45:18,78191.69342218986,65697.29200426974,12564.054015878046
2026-03-30 05:45:33,78194.13880091967,65697.29200426974,12567.284915878046
2026-03-30 05:45:49,78226.51423406116,65697.29200426974,12598.905845878046
2026-03-30 05:46:04,78273.01658010586,65697.29200426974,12645.449615878048
2026-03-30 05:46:20,78345.48930147066,65697.29200426974,12714.847615878047
2026-03-30 05:46:35,78360.28107165005,65697.29200426974,12736.717035878048
2026-03-30 05:46:50,78404.93101057527,65697.29200426974,12779.837965878049
2026-03-30 05:47:06,78390.14077648056,65697.29200426974,12765.819465878047
2026-03-30 05:47:21,78354.29867460087,65697.29200426974,12726.804115878047
2026-03-30 05:47:36,78366.18533134765,65697.29200426974,12743.411995878047
2026-03-30 05:47:52,78396.49650834764,65697.29200426974,12773.751995878047
2026-03-30 05:48:07,78398.91654897525,65697.29200426974,12773.817965878046
2026-03-30 05:48:22,78393.32217033395,65697.29200426974,12767.433065878047
2026-03-30 05:48:38,78406.18919198246,65697.29200426974,12781.097305878047
2026-03-30 05:48:53,78393.07039965397,65697.29200426974,12767.181065878047
2026-03-30 05:49:09,78413.49131784045,65697.29200426974,12788.406155878047
2026-03-30 05:49:24,78405.52632077366,65697.29200426974,12778.862855878046
2026-03-30 05:49:39,78414.03398511205,65697.29200426974,12789.734915878047
2026-03-30 05:49:55,78430.11517901406,65697.29200426974,12801.902465878047
2026-03-30 05:50:10,78435.69008041895,65697.29200426974,12809.839565878048
2026-03-30 05:50:25,78438.31671294876,65697.29200426974,12809.325465878048
2026-03-30 05:50:41,78408.77374601645,65697.29200426974,12780.542235878049
2026-03-30 05:50:56,78374.28184281367,65697.29200426974,12748.375395878049
2026-03-30 05:51:12,78383.41158103326,65697.29200426974,12755.942955878048
2026-03-30 05:51:27,78368.08468859765,65697.29200426974,12741.387495878047
2026-03-30 05:51:42,78361.41072923377,65697.29200426974,12733.922505878048
2026-03-30 05:51:58,78353.80319596967,65697.29200426974,12726.308195878048
2026-03-30 05:52:13,78360.20099768286,65697.29200426974,12731.926705878048
2026-03-30 05:52:28,78360.86536829766,65697.29200426974,12735.731745878049
2026-03-30 05:52:44,78366.76990112526,65697.29200426974,12741.641715878048
2026-03-30 05:52:59,78372.85166529007,65697.29200426974,12744.588515878047
2026-03-30 05:53:14,78366.79885688866,65697.29200426974,12740.100505878047
2026-03-30 05:53:30,78358.50599060286,65697.29200426974,12730.230205878048
2026-03-30 05:53:45,78353.15011240996,65697.29200426974,12724.084705878047
2026-03-30 05:54:01,78337.97172511656,65697.29200426974,12712.032205878048
2026-03-30 05:54:16,78349.79185923956,65697.29200426974,12722.293285878048
2026-03-30 05:54:31,78342.81270581167,65697.29200426974,12716.877595878046
2026-03-30 05:54:47,78342.30634884366,65697.29200426974,12714.016295878047
2026-03-30 05:55:02,78343.27169858766,65697.29200426974,12714.982495878046
2026-03-30 05:55:17,78346.94170842465,65697.29200426974,12717.870895878048
2026-03-30 05:55:33,78340.57044812466,65697.29200426974,12714.633295878048
2026-03-30 05:55:48,78333.71629108865,65697.29200426974,12707.772895878048
2026-03-30 05:56:03,78325.52205463566,65697.29200426974,12699.571195878047
2026-03-30 05:56:19,78315.45730190286,65697.29200426974,12689.497275878044
2026-03-30 05:56:34,78310.81775708936,65697.29200426974,12683.284465878049
2026-03-30 05:56:50,78311.87908920465,65697.29200426974,12685.131265878048
2026-03-30 05:57:05,78311.13408031667,65697.29200426974,12684.385585878048
2026-03-30 05:57:20,78310.88273920376,65697.29200426974,12683.349505878048
2026-03-30 05:57:36,78305.35070465055,65697.29200426974,12680.950465878048
2026-03-30 05:57:51,78306.51961655055,65697.29200426974,12682.120465878046
2026-03-30 05:58:06,78306.51722877326,65697.29200426974,12682.118075878047
2026-03-30 05:58:22,78293.36302600686,65697.29200426974,12667.382875878046
2026-03-30 05:58:37,78294.12830120105,65697.29200426974,12669.717615878046
2026-03-30 05:58:53,78261.69635780125,65697.29200426974,12636.471415878048
2026-03-30 05:59:08,78279.69242617245,65697.29200426974,12654.484055878049
2026-03-30 05:59:23,78274.85134545805,65697.29200426974,12650.422715878049
2026-03-30 05:59:39,78270.44191990924,65697.29200426974,12646.793355878048
2026-03-30 05:59:54,78268.86911411205,65697.29200426974,12644.434915878048
2026-03-30 06:00:09,78273.28997769803,65697.29200426974,12648.85989469433
2026-03-30 06:00:25,78282.15832998359,65236.27016386973,13117.189814694328
2026-03-30 06:00:40,78278.70837651924,64778.065007619734,13569.589304694326
2026-03-30 06:00:55,78279.39786579402,64249.56214536973,14101.134854694326
2026-03-30 06:01:11,78289.37689483627,63214.71618211973,15146.753264607529
2026-03-30 06:01:26,78286.04582730203,62703.30484211973,15654.046174607523
2026-03-30 06:01:42,78282.93554493936,62201.46797861973,16151.985674607524
2026-03-30 06:01:57,78282.6322097869,61734.014900219736,16619.135144607502
2026-03-30 06:02:12,78281.85718953345,61268.31820181973,17084.0561246075
2026-03-30 06:02:28,78270.79020004172,61268.31820181973,17074.5474346075
2026-03-30 06:02:43,78267.97465829673,61722.04524251973,16619.570534607497
2026-03-30 06:02:58,78259.62401426629,61314.217368669735,17015.9037546075
2026-03-30 06:03:14,78242.67536635703,61314.217368669735,17000.5075446075
2026-03-30 06:03:29,78234.96264859142,61314.217368669735,16992.7877246075
2026-03-30 06:03:44,78225.80490905223,61314.217368669735,16981.270524607502
2026-03-30 06:04:00,78240.1143587733,61314.217368669735,16996.3765246075
2026-03-30 06:04:15,78223.12441449036,61314.217368669735,16980.1549246075
2026-03-30 06:04:31,78211.04228608876,61314.217368669735,16965.7112546075
2026-03-30 06:04:46,78203.36689638076,61314.217368669735,16958.0291046075
2026-03-30 06:05:01,78201.87180848602,61314.217368669735,16957.3161046075
2026-03-30 06:05:17,78175.20736098403,61314.217368669735,16930.6279046075
2026-03-30 06:05:32,78176.3627668913,61314.217368669735,16932.567504607498
2026-03-30 06:05:47,78178.19306886075,61314.217368669735,16932.8331046075
2026-03-30 06:06:03,78170.73207885222,61314.217368669735,16923.7994046075
2026-03-30 06:06:18,78172.82130018076,61314.217368669735,16927.4566046075
2026-03-30 06:06:33,78154.8022888013,61314.217368669735,16910.9876046075
2026-03-30 06:06:49,78168.42522711228,61314.217368669735,16924.622814607497
2026-03-30 06:07:04,78192.58310279822,61314.217368669735,16948.0191246075
2026-03-30 06:07:20,78199.25008389943,61314.217368669735,16954.692044607502
2026-03-30 06:07:35,78191.78443424642,61314.217368669735,16947.2197446075
2026-03-30 06:07:50,78194.97763841528,61314.217368669735,16951.1991446075
2026-03-30 06:08:06,78197.87650121008,61314.217368669735,16951.7505246075
2026-03-30 06:08:21,78143.99055812428,61314.217368669735,16900.1661346075
2026-03-30 06:08:36,78153.62733574637,61314.217368669735,16908.2457346075
2026-03-30 06:08:52,78163.98714498429,61314.217368669735,16920.1807346075
2026-03-30 06:09:07,78177.36563120518,61314.217368669735,16931.2217946075
2026-03-30 06:09:22,78165.33479101029,61314.217368669735,16921.529594607502
2026-03-30 06:09:38,78165.36885410955,61314.217368669735,16919.9975946075
2026-03-30 06:09:53,78173.26825491905,61314.217368669735,16930.2533546075
2026-03-30 06:10:09,78174.97985263528,61314.217368669735,16931.1833446075
2026-03-30 06:10:24,78173.11749027128,61314.217368669735,16929.3193046075
2026-03-30 06:10:39,78175.92239564183,61314.217368669735,16933.6931046075
2026-03-30 06:10:55,78175.62567673562,61314.217368669735,16928.6972146075
2026-03-30 06:11:10,78191.61040926662,61314.217368669735,16947.0455646075
2026-03-30 06:11:25,78191.49052679115,61314.217368669735,16946.1422746075
2026-03-30 06:11:41,78175.60040241676,61314.217368669735,16930.2381546075
2026-03-30 06:11:56,78168.98195525403,61314.217368669735,16922.0477746075
2026-03-30 06:12:12,78162.96163718402,61314.217368669735,16916.0222746075
2026-03-30 06:12:27,78165.28562995758,61314.217368669735,16919.131274607502
2026-03-30 06:12:42,78179.67021550532,61314.217368669735,16935.0947346075
2026-03-30 06:12:58,78186.14660358556,61314.217368669735,16940.7936446075
2026-03-30 06:13:13,78184.57864042289,61314.217368669735,16938.4410846075
2026-03-30 06:13:29,78182.09742096347,61314.217368669735,16935.9577046075
2026-03-30 06:13:44,78169.99494416743,61314.217368669735,16925.4108446075
2026-03-30 06:13:59,78169.62502139968,61314.217368669735,16923.4744446075
2026-03-30 06:14:15,78170.40739831782,61314.217368669735,16923.4744446075
2026-03-30 06:14:30,78164.35769471356,61314.217368669735,16918.9855446075
2026-03-30 06:14:45,78161.72239509529,61314.217368669735,16917.9139446075
2026-03-30 06:15:01,78154.62322734816,61314.217368669735,16911.5913446075
2026-03-30 06:15:16,78164.7816392953,61314.217368669735,16920.975944607497
2026-03-30 06:15:32,78168.91681428529,61314.217368669735,16925.1148446075
2026-03-30 06:15:47,78157.51917963126,61314.217368669735,16914.4899346075
2026-03-30 06:16:02,78158.09803185133,61314.217368669735,16913.5033346075
2026-03-30 06:16:18,78149.4140725643,61314.217368669735,16905.5945346075
2026-03-30 06:16:33,78157.16991860793,61314.217368669735,16912.5743946075
2026-03-30 06:16:48,78169.70865918802,61314.217368669735,16925.1243046075
2026-03-30 06:17:04,78189.0815097113,61314.217368669735,16945.2977046075
2026-03-30 06:17:19,78205.62480766876,61314.217368669735,16960.2890046075
2026-03-30 06:17:34,78221.24004461382,61314.217368669735,16974.3508446075
2026-03-30 06:17:50,78211.81434602705,61314.217368669735,16968.8345546075
2026-03-30 06:18:05,78214.19097083929,61314.217368669735,16970.429784607502
2026-03-30 06:18:21,78197.53477491929,61314.217368669735,16953.7585846075
2026-03-30 06:18:36,78194.45974493929,61314.217368669735,16950.680784607503
2026-03-30 06:18:51,78200.35681187976,61314.217368669735,16957.366584607502
2026-03-30 06:19:07,78207.44407659456,61314.217368669735,16964.4603046075
2026-03-30 06:19:22,78218.60011535256,61314.217368669735,16975.626504607502
2026-03-30 06:19:38,78226.66187247157,61314.217368669735,16983.6956046075
2026-03-30 06:19:53,78212.35926285542,61314.217368669735,16970.163524607502
2026-03-30 06:20:08,78216.52717056169,61314.217368669735,16975.1188846075
2026-03-30 06:20:24,78217.0017288117,61314.217368669735,16975.5938846075
2026-03-30 06:20:39,78224.73852897593,61314.217368669735,16980.2031946075
2026-03-30 06:20:55,78222.59427735455,61314.217368669735,16979.6243046075
2026-03-30 06:21:10,78232.37468674152,61314.217368669735,16987.8461546075
2026-03-30 06:21:25,78220.00508566505,61314.217368669735,16977.0327546075
2026-03-30 06:21:41,78224.88156173182,61314.217368669735,16982.6973546075
2026-03-30 06:21:56,78216.31977159299,61314.217368669735,16970.2098546075
2026-03-30 06:22:11,78213.90576583066,61314.217368669735,16961.5262346075
2026-03-30 06:22:27,78203.42478318661,61314.217368669735,16951.8202446075
2026-03-30 06:22:42,78207.83457586275,61314.217368669735,16955.450244607502
2026-03-30 06:22:57,78206.26918251048,61314.217368669735,16955.450244607502
2026-03-30 06:23:13,78195.07932581009,61314.217368669735,16946.6010446075
2026-03-30 06:23:28,78200.73916754608,61314.217368669735,16952.2656446075
2026-03-30 06:23:44,78210.6905982605,61314.217368669735,16959.8752446075
2026-03-30 06:23:59,78222.46855038549,61314.217368669735,16971.6627446075
2026-03-30 06:24:14,78239.94363256528,61314.217368669735,16996.2056446075
2026-03-30 06:24:30,78251.33857787627,61314.217368669735,17007.6108546075
2026-03-30 06:24:45,78245.24327271196,61314.217368669735,16999.9423646075
2026-03-30 06:25:01,78054.83780787828,61314.217368669735,16810.9330746075
2026-03-30 06:25:16,77903.15707371196,62256.50703866973,15715.265194607502
2026-03-30 06:25:31,77912.82039603897,62256.50703866973,15722.5955946075
2026-03-30 06:25:47,77909.92723407628,62256.50703866973,15716.5783946075
2026-03-30 06:26:02,77906.80831065896,62256.50703866973,15716.5783946075
2026-03-30 06:26:17,77915.32756424716,62256.50703866973,15727.446404607503
2026-03-30 06:26:33,77928.69363554822,62256.50703866973,15743.947014607502
2026-03-30 06:26:48,77931.7219020073,62256.50703866973,15745.4165946075
2026-03-30 06:27:04,77883.60426892052,62256.50703866973,15696.475384607502
2026-03-30 06:27:19,77874.28493184628,62256.50703866973,15687.9278846075
2026-03-30 06:27:34,77892.19052277676,62256.50703866973,15704.288984607503
2026-03-30 06:27:50,77895.92668655729,62256.50703866973,15711.9302946075
2026-03-30 06:28:05,77897.69026929996,62256.50703866973,15712.1346946075
2026-03-30 06:28:20,77901.69802891687,62256.50703866973,15716.1461046075
2026-03-30 06:28:36,77894.16747795996,62256.50703866973,15708.6086946075
2026-03-30 06:28:51,77896.72117198177,62256.50703866973,15711.1647146075
2026-03-30 06:29:06,77900.29064562029,62256.50703866973,15713.957024607502
2026-03-30 06:29:22,77898.83315854029,62256.50703866973,15712.498224607501
2026-03-30 06:29:37,77898.54631958467,62256.50703866973,15712.991524607502
2026-03-30 06:29:53,77905.50009112374,62256.50703866973,15722.2931246075
2026-03-30 06:30:08,77905.12050663047,61261.06395095473,16716.5757606075
2026-03-30 06:30:23,77900.02976842411,60357.97305395473,17614.5711806075
2026-03-30 06:30:39,77905.02888636079,60357.97305395473,17618.0139806075
2026-03-30 06:30:54,77899.66763008056,60357.97305395473,17614.989160607503
2026-03-30 06:31:10,77900.65696267295,59304.255629704734,18666.575080607505
2026-03-30 06:31:25,77896.81822384796,58794.29991970473,19171.1278806075
2026-03-30 06:31:40,77891.98248304796,58794.29991970473,19166.287880607502
2026-03-30 06:31:56,77858.29139602995,58794.29991970473,19134.1270606075
2026-03-30 06:32:11,77862.77712553194,58794.29991970473,19141.7370806075
2026-03-30 06:32:26,77896.95862417594,58794.29991970473,19172.8291206075
2026-03-30 06:32:42,77894.51421316316,58794.29991970473,19168.8218406075
2026-03-30 06:32:57,77896.74418905596,58794.29991970473,19171.0537806075
2026-03-30 06:33:13,77903.82301524175,58794.29991970473,19178.9192606075
2026-03-30 06:33:28,77932.28865087335,58794.29991970473,19205.8488606075
2026-03-30 06:33:43,77926.33820338555,58794.29991970473,19200.6738606075
2026-03-30 06:33:59,77926.22929683994,58794.29991970473,19202.1261606075
2026-03-30 06:34:14,77914.70865554917,58794.29991970473,19187.4730606075
2026-03-30 06:34:29,77922.10891495536,58794.29991970473,19195.6602606075
2026-03-30 06:34:45,77903.50941041755,58794.29991970473,19177.8249606075
2026-03-30 06:35:00,77925.10782707036,58794.29991970473,19199.442400607502
2026-03-30 06:35:16,77959.10682881836,58794.29991970473,19234.2523206075
2026-03-30 06:35:31,77955.68226916973,58794.29991970473,19233.9486206075
2026-03-30 06:35:46,77961.19024364396,58794.29991970473,19237.1186006075
2026-03-30 06:36:02,77973.58938785896,58794.29991970473,19248.7477806075
2026-03-30 06:36:17,77988.62612910394,58794.29991970473,19264.579200607503
2026-03-30 06:36:32,77996.87753563114,58794.29991970473,19274.4008206075
2026-03-30 06:36:48,78010.29971647676,58794.29991970473,19283.1464006075
2026-03-30 06:37:03,77994.11401596935,58794.29991970473,19267.7280606075
2026-03-30 06:37:19,77990.22804626175,58794.29991970473,19265.4012606075
2026-03-30 06:37:34,77990.44483280214,58794.29991970473,19267.180860607503
2026-03-30 06:37:49,77989.90081901755,58794.29991970473,19264.2924606075
2026-03-30 06:38:05,77986.99937453755,58794.29991970473,19261.3884606075
2026-03-30 06:38:20,77967.94042300995,58794.29991970473,19243.874860607502
2026-03-30 06:38:36,77967.48704341915,58794.29991970473,19244.2021606075
2026-03-30 06:38:51,77953.30471729756,58794.29991970473,19228.4450406075
2026-03-30 06:39:06,77921.04174983795,58794.29991970473,19196.9339406075
2026-03-30 06:39:22,77916.39224353916,58794.29991970473,19190.7191406075
2026-03-30 06:39:37,77908.85676060476,58794.29991970473,19183.177020607498
2026-03-30 06:39:53,77896.28198875675,58794.29991970473,19173.7126406075
2026-03-30 06:40:08,77895.93860496074,58794.29991970473,19173.3689406075
2026-03-30 06:40:23,77908.69026263274,58794.29991970473,19186.1323406075
2026-03-30 06:40:39,77894.80118128653,58794.29991970473,19173.010860607497
2026-03-30 06:40:54,77906.78849591872,58794.29991970473,19185.7898606075
2026-03-30 06:41:09,77919.29002780795,58794.29991970473,19195.1806406075
2026-03-30 06:41:25,77924.31232366995,58794.29991970473,19200.2074606075
2026-03-30 06:41:40,77945.57919771715,58794.29991970473,19222.2743606075
2026-03-30 06:41:56,77933.47236210635,58794.29991970473,19210.9372606075
2026-03-30 06:42:11,77925.73067102073,58794.29991970473,19203.1884406075
2026-03-30 06:42:26,77937.13471963473,58794.29991970473,19214.6029906075
2026-03-30 06:42:42,77943.36794179285,58794.29991970473,19220.0610906075
2026-03-30 06:42:57,77938.03187407243,58794.29991970473,19217.8434906075
2026-03-30 06:43:13,77942.04735141054,58794.29991970473,19221.0818906075
2026-03-30 06:43:28,77960.60704726444,58794.29991970473,19240.4401306075
2026-03-30 06:43:43,77967.75265248443,58794.29991970473,19247.5925306075
2026-03-30 06:43:59,77968.98612935393,58794.29991970473,19246.483730607502
2026-03-30 06:44:14,77972.30946906593,58794.29991970473,19249.8101306075
2026-03-30 06:44:29,77958.38819775694,58794.29991970473,19234.3140306075
2026-03-30 06:44:45,77962.41654055096,58794.29991970473,19237.5649806075
2026-03-30 06:45:00,77958.19227269354,58794.29991970473,19236.4609606075
2026-03-30 06:45:16,77962.74879967995,58794.29991970473,19238.6785606075
2026-03-30 06:45:31,77936.00587998895,58794.29991970473,19211.9115506075
2026-03-30 06:45:46,77927.10400545536,58794.29991970473,19203.7823406075
2026-03-30 06:46:02,77937.06347729395,58794.29991970473,19212.9701006075
2026-03-30 06:46:17,77944.45989148914,58794.29991970473,19223.4967006075
2026-03-30 06:46:33,77932.66570845233,58794.29991970473,19211.6914206075
2026-03-30 06:46:48,77923.74545431195,58794.29991970473,19199.6400806075
2026-03-30 06:47:03,77923.45079084157,58794.29991970473,19196.2227206075
2026-03-30 06:47:19,77923.79752115515,58794.29991970473,19198.1309406075
2026-03-30 06:47:34,77931.30865725977,58794.29991970473,19204.0873506075
2026-03-30 06:47:49,77926.51234805334,58794.29991970473,19205.5322706075
2026-03-30 06:48:05,77928.99365343174,58794.29991970473,19208.0159106075
2026-03-30 06:48:20,77927.46449219574,58794.29991970473,19206.485310607502
2026-03-30 06:48:36,77928.94912731434,58794.29991970473,19206.4098606075
2026-03-30 06:48:51,77934.61180285554,58794.29991970473,19212.077750607503
2026-03-30 06:49:06,77940.12367676305,58794.29991970473,19216.8138706075
2026-03-30 06:49:22,77935.60499251104,58794.29991970473,19212.2910706075
2026-03-30 06:49:37,77943.48719114964,58794.29991970473,19221.7421906075
2026-03-30 06:49:53,77958.56919605186,58794.29991970473,19235.2761906075
2026-03-30 06:50:08,77974.18743130974,58794.29991970473,19253.2522106075
2026-03-30 06:50:23,77991.22682054515,58794.29991970473,19267.963560607503
2026-03-30 06:50:39,78001.92000088796,58794.29991970473,19278.666480607502
2026-03-30 06:50:54,77991.49629509995,58794.29991970473,19268.233280607503
2026-03-30 06:51:09,77986.79535423355,58794.29991970473,19261.1842606075
2026-03-30 06:51:25,77980.03283634895,58794.29991970473,19256.7593806075
2026-03-30 06:51:40,78022.70324164494,58794.29991970473,19301.0319806075
2026-03-30 06:51:56,78023.95993397757,58794.29991970473,19295.2552406075
2026-03-30 06:52:11,78015.29297782315,58794.29991970473,19292.833220607503
2026-03-30 06:52:26,78013.62211663832,58794.29991970473,19294.2872406075
2026-03-30 06:52:42,78024.87122711513,58794.29991970473,19305.5471606075
2026-03-30 06:52:57,78011.07368548313,58794.29991970473,19291.7363606075
2026-03-30 06:53:13,78023.20071231293,58794.29991970473,19304.6567806075
2026-03-30 06:53:28,78068.96383516553,58794.29991970473,19346.5535006075
2026-03-30 06:53:43,78075.98788708713,58794.29991970473,19353.5840206075
2026-03-30 06:53:59,78068.96366782434,58794.29991970473,19348.1176206075
2026-03-30 06:54:14,78067.95036265174,58794.29991970473,19346.3212206075
2026-03-30 06:54:30,78061.57106141913,58794.29991970473,19342.2822606075
2026-03-30 06:54:45,78069.26713691175,58794.29991970473,19347.639220607503
2026-03-30 06:55:00,78066.89952331012,58794.29991970473,19348.398020607503
2026-03-30 06:55:16,78045.21438386393,58794.29991970473,19325.1279206075
2026-03-30 06:55:31,78035.78621865432,58794.29991970473,19316.472640607502
2026-03-30 06:55:46,78022.02649028394,58794.29991970473,19301.1362806075
2026-03-30 06:56:02,77995.32479820352,58794.29991970473,19276.7538006075
2026-03-30 06:56:17,77991.54797255312,58794.29991970473,19274.5362006075
2026-03-30 06:56:33,78006.31069750994,58794.29991970473,19286.1872406075
2026-03-30 06:56:48,78010.16389161834,58794.29991970473,19289.262520607503
2026-03-30 06:57:03,78002.17489078274,58794.29991970473,19280.4845206075
2026-03-30 06:57:19,77999.07935110874,58794.29991970473,19279.7305006075
2026-03-30 06:57:34,77993.43312440331,58794.29991970473,19276.423220607503
2026-03-30 06:57:50,77991.89915119192,58794.29991970473,19275.669200607503
2026-03-30 06:58:05,78025.73096551192,58794.29991970473,19309.5348806075
2026-03-30 06:58:20,78016.13395213192,58794.29991970473,19299.9282606075
2026-03-30 06:58:36,78024.28637163552,58794.29991970473,19306.5252606075
2026-03-30 06:58:51,78026.62637224252,58794.29991970473,19311.2130206075
2026-03-30 06:59:07,78036.18062539192,58794.29991970473,19319.9950006075
2026-03-30 06:59:22,78043.19229374581,58794.29991970473,19327.7956906075
2026-03-30 06:59:37,78047.56416046193,58794.29991970473,19331.3899306075
2026-03-30 06:59:53,78042.60659315532,58794.29991970473,19327.9914106075
2026-03-30 07:00:08,78015.86997918424,58794.29991970473,19298.10061200057
2026-03-30 07:00:24,78043.37516418031,58794.29991970473,19326.41475200057
2026-03-30 07:00:39,78063.83769909783,57738.93083660473,20403.83105200057
2026-03-30 07:00:54,78071.48782966258,57222.04985660473,20927.587610524966
2026-03-30 07:01:10,78075.00718503591,57222.04985660473,20931.89281052497
2026-03-30 07:01:25,78139.54325131737,56755.58468180473,21462.176330524966
2026-03-30 07:01:40,78159.07570775608,56755.58468180473,21480.945190524966
2026-03-30 07:01:56,78158.48395165737,56755.58468180473,21481.135990524966
2026-03-30 07:02:11,78163.28194259065,56755.58468180473,21486.721990524966
2026-03-30 07:02:27,78193.32387685738,56755.58468180473,21516.010790524964
2026-03-30 07:02:42,78204.21621942802,56755.58468180473,21525.346850524966
2026-03-30 07:02:57,78188.23830817109,56755.58468180473,21510.136690524967
2026-03-30 07:03:13,78183.07523575738,56755.58468180473,21505.751890524967
2026-03-30 07:03:28,78179.52747646507,56755.58468180473,21499.067260524967
2026-03-30 07:03:43,78170.60639936221,56755.58468180473,21491.704060524968
2026-03-30 07:03:59,78151.27653195168,56775.25098130348,21453.471986386216
2026-03-30 07:04:14,78153.44018817233,56775.25098130348,21457.203986386216
2026-03-30 07:04:30,78164.23687298136,56775.25098130348,21465.661986386214
2026-03-30 07:04:45,78172.22192189672,56775.25098130348,21472.088386386215
2026-03-30 07:05:00,78163.84620621036,56775.25098130348,21465.270936386216
2026-03-30 07:05:16,78182.81215626554,56775.25098130348,21483.472136386215
2026-03-30 07:05:31,78193.79372821498,56775.25098130348,21496.031316386216
2026-03-30 07:05:47,78186.67478587694,56775.25098130348,21487.338516386215
2026-03-30 07:06:02,78223.95304090698,56775.25098130348,21526.220516386216
2026-03-30 07:06:17,78251.31526932072,56775.25098130348,21551.257736386215
2026-03-30 07:06:33,78285.6943364518,56775.25098130348,21588.022996386215
2026-03-30 07:06:48,78357.82967431188,56775.25098130348,21657.089416386218
2026-03-30 07:07:03,78384.27885030796,56775.25098130348,21685.919816386217
2026-03-30 07:07:19,78409.29209942726,56775.25098130348,21714.100256386217
2026-03-30 07:07:34,78417.95546417488,56775.25098130348,21723.558256386215
2026-03-30 07:07:50,78401.07565574838,56775.25098130348,21703.518656386215
2026-03-30 07:08:05,78403.30582558077,56775.25098130348,21704.965456386217
2026-03-30 07:08:20,78404.03421824872,56775.25098130348,21704.123436386217
2026-03-30 07:08:36,78442.74192800005,56775.25098130348,21746.798216386214
2026-03-30 07:08:51,78474.34248029126,56775.25098130348,21779.217056386213
2026-03-30 07:09:07,78482.12976914644,56775.25098130348,21787.012296386216
2026-03-30 07:09:22,78443.02849917355,56775.25098130348,21744.727096386214
2026-03-30 07:09:37,78463.11495855435,56775.25098130348,21764.047096386217
2026-03-30 07:09:53,78459.38657859433,56775.25098130348,21760.315096386217
2026-03-30 07:10:08,78482.681634812,56775.25098130348,21785.99189638622
2026-03-30 07:10:24,78492.20910982633,56775.25098130348,21793.169496386214
2026-03-30 07:10:39,78479.41288683201,56775.25098130348,21782.719876386214
2026-03-30 07:10:54,78485.79323333388,56775.25098130348,21785.174656386214
2026-03-30 07:11:10,78509.2865134949,56775.25098130348,21808.690276386216
2026-03-30 07:11:25,78544.43702133356,56775.25098130348,21846.235096386215
2026-03-30 07:11:41,78522.45388331827,56775.25098130348,21821.083456386215
2026-03-30 07:11:56,78506.12530767202,56775.25098130348,21809.459036386215
2026-03-30 07:12:12,78456.97281486749,56775.25098130348,21762.615836386216
2026-03-30 07:12:27,78472.06061284454,56775.25098130348,21773.001436386214
2026-03-30 07:12:42,78472.62853201183,56775.25098130348,21776.715036386217
2026-03-30 07:12:58,78478.90404664837,56775.25098130348,21780.637836386213
2026-03-30 07:13:13,78496.43913234818,56775.25098130348,21798.976636386215
2026-03-30 07:13:28,78516.57594195289,56775.25098130348,21815.986636386217
2026-03-30 07:13:44,78514.70378346268,56775.28097940148,21814.082699556217
2026-03-30 07:13:59,78515.43454055251,56775.28097940148,21816.38747955622
2026-03-30 07:14:15,78515.75156192832,56775.28097940148,21817.491499556218
2026-03-30 07:14:30,78537.3376938651,56775.28097940148,21838.311899556218
2026-03-30 07:14:46,78550.25546265153,56775.28097940148,21852.816299556216
2026-03-30 07:15:01,78570.76114191153,56775.28097940148,21873.342299556218
2026-03-30 07:15:16,78582.95140560513,56775.28097940148,21883.969899556218
2026-03-30 07:15:32,78585.55847429311,56775.28097940148,21886.579499556217
2026-03-30 07:15:47,78578.8435927027,56775.28097940148,21878.28349955622
2026-03-30 07:16:03,78573.41528449919,56775.28097940148,21872.85002955622
2026-03-30 07:16:18,78557.67236587938,56775.28097940148,21855.518029556217
2026-03-30 07:16:33,78534.32463246412,56775.28097940148,21836.082789556218
2026-03-30 07:16:49,78487.00808805952,56775.28097940148,21787.147039556217
2026-03-30 07:17:04,78483.3938761587,56775.28097940148,21782.743019556216
2026-03-30 07:17:20,78506.31145274789,56775.28097940148,21804.89583955622
2026-03-30 07:17:35,78509.72991892733,56775.28097940148,21811.46394955622
2026-03-30 07:17:50,78536.41514171072,56775.28097940148,21836.601569556216
2026-03-30 07:18:06,78563.14412976688,56775.28097940148,21861.781989556217
2026-03-30 07:18:21,78558.20568683186,56775.28097940148,21855.264809556218
2026-03-30 07:18:36,78537.91931631551,56775.28097940148,21838.10718955622
2026-03-30 07:18:52,78535.20446790243,56775.28097940148,21837.75038955622
2026-03-30 07:19:07,78523.02807766982,56775.28097940148,21823.98838955622
2026-03-30 07:19:23,78537.54461595089,56775.28097940148,21836.158389556218
2026-03-30 07:19:38,78536.16151728688,56775.28097940148,21834.773989556215
2026-03-30 07:19:53,78526.10674512175,56775.28097940148,21822.34960955622
2026-03-30 07:20:09,78546.2367086982,56775.28097940148,21845.645609556217
2026-03-30 07:20:24,78570.10998812338,56775.28097940148,21867.967229556216
2026-03-30 07:20:40,78544.81433074111,56775.28097940148,21845.008829556216
2026-03-30 07:20:55,78556.1160112116,56775.28097940148,21857.108449556217
2026-03-30 07:21:10,78555.93800034079,56775.28097940148,21853.782049556215
2026-03-30 07:21:26,78558.84249664478,56775.28097940148,21856.689249556217
2026-03-30 07:21:41,78591.81055388761,56775.28097940148,21892.837649556215
2026-03-30 07:21:57,78560.47348290536,56775.28097940148,21856.747649556215
2026-03-30 07:22:12,78602.70632102592,56775.28097940148,21902.956449556215
2026-03-30 07:22:27,78613.73459946878,56775.28097940148,21911.63244955622
2026-03-30 07:22:43,78625.33979658879,56775.28097940148,21923.248449556217
2026-03-30 07:22:58,78615.46511858788,56775.28097940148,21913.36457955622
2026-03-30 07:23:14,78583.51970648825,56775.28097940148,21880.602139556217
2026-03-30 07:23:29,78558.72691685866,56775.28097940148,21855.78651955622
2026-03-30 07:23:44,78538.26617995765,56775.28097940148,21834.52011955622
2026-03-30 07:24:00,78541.22748271766,56775.28097940148,21837.48411955622
2026-03-30 07:24:15,78517.88274577766,56775.28097940148,21814.118119556217
2026-03-30 07:24:31,78523.53145928864,56775.28097940148,21818.985319556217
2026-03-30 07:24:46,78518.16537957267,56775.28097940148,21816.760919556218
2026-03-30 07:25:01,78519.02707434665,56775.28097940148,21816.050119556217
2026-03-30 07:25:17,78529.04824637866,56775.28097940148,21826.08051955622
2026-03-30 07:25:32,78526.56613202665,56775.28097940148,21823.596119556216
2026-03-30 07:25:47,78528.61290187064,56775.28097940148,21824.071339556216
2026-03-30 07:26:03,78533.90490147604,56775.28097940148,21828.581359556218
2026-03-30 07:26:18,78567.62478328346,56775.28097940148,21864.692579556217
2026-03-30 07:26:34,78589.58891855425,56775.28097940148,21884.314979556217
2026-03-30 07:26:49,78610.8181947894,56775.28097940148,21903.988179556218
2026-03-30 07:27:04,78602.21802863383,56775.28097940148,21896.955339556214
2026-03-30 07:27:20,78600.2161865682,56775.28097940148,21893.376939556216
2026-03-30 07:27:35,78577.35494270902,56775.28097940148,21871.282939556215
2026-03-30 07:27:51,78570.46089621221,56775.28097940148,21863.595739556215
2026-03-30 07:28:06,78578.94714655945,56775.28097940148,21875.238139556215
2026-03-30 07:28:21,78609.71123468108,56775.28097940148,21907.605339556216
2026-03-30 07:28:37,78617.9419517242,56775.28097940148,21911.118139556216
2026-03-30 07:28:52,78624.53574816984,56775.28097940148,21919.292939556217
2026-03-30 07:29:08,78695.75553898908,56775.28097940148,21993.729739556216
2026-03-30 07:29:23,78662.15825006901,56775.28097940148,21956.160939556215
2026-03-30 07:29:38,78637.26121241784,56775.28097940148,21932.02973955622
2026-03-30 07:29:54,78634.68970674665,56775.28097940148,21930.24369955622
2026-03-30 07:30:09,78619.4989448343,56376.86823140148,22310.301679556218
2026-03-30 07:30:25,78641.15915216114,55981.24965140148,22729.96247955622
2026-03-30 07:30:40,78678.78643695297,55454.25340630148,23296.19593955622
2026-03-30 07:30:55,78704.26474565952,55454.25340630148,23322.485939556216
2026-03-30 07:31:11,78699.76770822822,55454.25340630148,23314.04271955622
2026-03-30 07:31:26,78668.1826547195,55454.25340630148,23284.006299556215
2026-03-30 07:31:42,78725.8351198325,55454.25340630148,23340.132829556216
2026-03-30 07:31:57,78793.2905794802,55454.25340630148,23409.225669556217
2026-03-30 07:32:12,78772.94790059219,55454.25340630148,23388.864869556215
2026-03-30 07:32:28,78774.87274891314,54959.63340195648,23886.20059755622
2026-03-30 07:32:43,78665.57358127771,54017.55792655648,24716.51429755621
2026-03-30 07:32:59,78644.73990421245,54017.55792655648,24693.29909755621
2026-03-30 07:33:14,78574.35039716087,53579.94983455648,25062.03266755621
2026-03-30 07:33:29,78529.71948199083,53579.94983455648,25018.93666755621
2026-03-30 07:33:45,78517.97670835086,53967.92808955648,24619.991867556208
2026-03-30 07:34:00,78377.23217586041,54213.04190043163,24233.22298853106
2026-03-30 07:34:16,78360.61248758771,54017.54615492608,24412.08440755661
2026-03-30 07:34:31,78366.35843697969,54017.54615492608,24421.76083755661
2026-03-30 07:34:46,78398.32769896931,54017.54615492608,24449.83283755661
2026-03-30 07:35:02,78374.3992494446,54017.54615492608,24423.52800755661
2026-03-30 07:35:17,78339.80595427143,54017.54615492608,24390.47477755661
2026-03-30 07:35:33,78346.1651322368,54017.54615492608,24398.40917755661
2026-03-30 07:35:48,78327.70352641676,54017.54615492608,24377.577177556614
2026-03-30 07:36:03,78313.58027806488,54388.02783012608,23992.960097556606
2026-03-30 07:36:19,78300.71373061866,54213.03143012608,24154.29452755661
2026-03-30 07:36:34,78320.76394599321,54213.03143012608,24179.06932755661
2026-03-30 07:36:50,78304.00411416835,54213.03143012608,24160.725327556607
2026-03-30 07:37:05,78308.8571283955,54213.03143012608,24164.013727556605
2026-03-30 07:37:20,78312.34249348751,54213.03143012608,24167.502127556607
2026-03-30 07:37:36,78313.12629882309,54213.03143012608,24167.502127556607
2026-03-30 07:37:51,78309.53425678085,54587.28754812608,23790.435327556606
2026-03-30 07:38:07,78308.49376995936,54204.22828812608,24170.884327556607
2026-03-30 07:38:22,78327.9202230972,54204.22828812608,24191.111927556605
2026-03-30 07:38:37,78322.62756568314,54204.22828812608,24186.599297556608
2026-03-30 07:38:53,78324.53819056084,54204.22828812608,24190.08083755661
2026-03-30 07:39:08,78324.86618638724,54204.22828812608,24188.839867556606
2026-03-30 07:39:23,78322.70758132306,54204.22828812608,24190.602537556606
2026-03-30 07:39:39,78324.81199463956,54204.22828812608,24191.139537556606
2026-03-30 07:39:54,78353.75332397957,54204.22828812608,24220.106937556608
2026-03-30 07:40:10,78373.08753751258,54204.22828812608,24239.45856755661
2026-03-30 07:40:25,78393.3647334257,54204.22828812608,24258.18336755661
2026-03-30 07:40:41,78371.60815913281,54204.22828812608,24234.83746755661
2026-03-30 07:40:56,78354.30287813449,54204.22828812608,24219.087107556606
2026-03-30 07:41:11,78344.72802406659,54204.22828812608,24211.073507556608
2026-03-30 07:41:27,78326.5588843529,54204.22828812608,24191.31867755661
2026-03-30 07:41:42,78316.8874027529,54204.22828812608,24181.63867755661
2026-03-30 07:41:58,78314.36854221357,54204.22828812608,24180.68667755661
2026-03-30 07:42:13,78330.87558525524,54204.22828812608,24196.42387755661
2026-03-30 07:42:28,78349.80372420524,54204.22828812608,24215.368877556608
2026-03-30 07:42:44,78356.04760680023,54204.22828812608,24216.124007556606
2026-03-30 07:42:59,78325.48671562153,54204.22828812608,24191.030207556607
2026-03-30 07:43:15,78340.45115565744,54204.22828812608,24204.438407556605
2026-03-30 07:43:30,78358.10625836754,54204.22828812608,24223.678807556607
2026-03-30 07:43:45,78361.30698622232,54204.22828812608,24228.452437556607
2026-03-30 07:44:01,78362.76560785253,54204.22828812608,24228.34230755661
2026-03-30 07:44:16,78349.54941982319,54204.22828812608,24210.40527755661
2026-03-30 07:44:32,78338.46763451581,54204.22828812608,24201.668417556608
2026-03-30 07:44:47,78336.02981557274,54204.22828812608,24200.013217556607
2026-03-30 07:45:02,78339.6770701817,54204.22828812608,24204.448417556607
2026-03-30 07:45:18,78356.47476505401,54204.22828812608,24219.691047556607
2026-03-30 07:45:33,78362.07970316736,54204.22828812608,24224.515847556606
2026-03-30 07:45:49,78353.37185113836,54204.22828812608,24215.80058755661
2026-03-30 07:46:04,78333.47705097077,54204.22828812608,24194.319557556606
2026-03-30 07:46:19,78345.55405318033,54204.22828812608,24207.191357556607
2026-03-30 07:46:35,78350.97595495392,54204.22828812608,24212.617817556606
2026-03-30 07:46:50,78352.17915341475,54204.22828812608,24216.176617556604
2026-03-30 07:47:06,78393.5792245073,54204.22828812608,24258.39804755661
2026-03-30 07:47:21,78401.08120158664,54204.22828812608,24265.121247556606
2026-03-30 07:47:36,78412.87469069735,54204.22828812608,24275.354047556608
2026-03-30 07:47:52,78413.28791294663,54204.22828812608,24278.90961755661
2026-03-30 07:48:07,78379.64645148993,54204.22828812608,24241.312417556608
2026-03-30 07:48:23,78394.22655509737,54204.22828812608,24256.69004755661
2026-03-30 07:48:38,78366.17357821792,54204.22828812608,24227.828217556606
2026-03-30 07:48:53,78362.52649307286,54204.22828812608,24224.963017556605
2026-03-30 07:49:09,78360.8738555884,54204.22828812608,24229.589017556606
2026-03-30 07:49:24,78377.49436165369,54204.22828812608,24242.299017556605
2026-03-30 07:49:40,78380.54567413368,54204.22828812608,24245.35301755661
2026-03-30 07:49:55,78402.96714719001,54204.22828812608,24266.223447556607
2026-03-30 07:50:10,78379.77359725794,54204.22828812608,24245.365447556607
2026-03-30 07:50:26,78373.50768347523,54204.22828812608,24240.664247556608
2026-03-30 07:50:41,78388.38132776736,54204.22828812608,24250.83984755661
2026-03-30 07:50:57,78379.16876510736,54204.22828812608,24241.619447556608
2026-03-30 07:51:12,78377.82773408586,54204.22828812608,24245.773447556607
2026-03-30 07:51:27,78374.48870500193,54204.22828812608,24240.075847556607
2026-03-30 07:51:43,78392.75030508058,54204.22828812608,24259.139047556608
2026-03-30 07:51:58,78397.82088855529,54204.22828812608,24262.643447556606
2026-03-30 07:52:14,78414.52871358185,54204.22828812608,24277.00947755661
2026-03-30 07:52:29,78463.34638122324,54204.22828812608,24329.01267755661
2026-03-30 07:52:45,78462.86917563033,54204.22828812608,24324.605107556607
2026-03-30 07:53:00,78466.58165700658,54204.22828812608,24333.036907556605
2026-03-30 07:53:15,78509.33067874184,54204.22828812608,24375.037937556608
2026-03-30 07:53:31,78526.35388674302,54204.22828812608,24393.64966755661
2026-03-30 07:53:46,78515.26115591545,54204.22828812608,24380.97369755661
2026-03-30 07:54:01,78500.5554525113,54204.22828812608,24365.46849755661
2026-03-30 07:54:17,78498.68033217557,54204.22828812608,24365.16449755661
2026-03-30 07:54:32,78500.19574233572,54204.22828812608,24367.467697556607
2026-03-30 07:54:48,78497.69884658042,54204.22828812608,24364.968527556608
2026-03-30 07:55:03,78502.3554970769,54204.22828812608,24367.270127556607
2026-03-30 07:55:19,78521.41167707545,54204.22828812608,24387.12969755661
2026-03-30 07:55:34,78543.43405969543,54204.22828812608,24409.171697556605
2026-03-30 07:55:49,78553.15043615115,54204.22828812608,24417.322897556605
2026-03-30 07:56:05,78553.40434823414,54204.22828812608,24419.150867556607
2026-03-30 07:56:20,78531.18462676562,54204.22828812608,24398.484807556608
2026-03-30 07:56:35,78551.86958872258,54204.22828812608,24418.40166755661
2026-03-30 07:56:51,78528.02187100257,54204.22828812608,24394.532467556608
2026-03-30 07:57:06,78515.2922427137,54204.22828812608,24380.218267556607
2026-03-30 07:57:22,78497.03196434813,54204.22828812608,24362.728267556606
2026-03-30 07:57:37,78489.8661697048,54204.22828812608,24353.197267556607
2026-03-30 07:57:53,78505.13959862392,54204.22828812608,24366.911067556608
2026-03-30 07:58:08,78504.75518945973,54204.22828812608,24372.03129755661
2026-03-30 07:58:23,78506.65354981557,54204.22828812608,24373.144897556605
2026-03-30 07:58:39,78500.92592620729,54204.22828812608,24365.83929755661
2026-03-30 07:58:54,78505.37779237502,54204.22828812608,24372.654467556607
2026-03-30 07:59:10,78515.56431973947,54204.22828812608,24383.63686755661
2026-03-30 07:59:25,78525.59937397503,54204.22828812608,24392.894467556605
2026-03-30 07:59:41,78527.27628746569,54204.22828812608,24392.212867556605
2026-03-30 07:59:56,78519.66219376969,54204.22828812608,24384.592067556605
2026-03-30 08:00:11,78501.69474411097,54204.22828812608,24368.18162490661
2026-03-30 08:00:27,78515.1622473367,54204.22828812608,24383.23442490661
2026-03-30 08:00:42,78506.8367176944,54204.22828812608,24372.54175490661
2026-03-30 08:00:58,78507.78587219439,54204.22828812608,24373.49175490661
2026-03-30 08:01:13,78554.1732841335,54204.22828812608,24422.28138490661
2026-03-30 08:01:28,78548.88179750697,54204.22828812608,24415.41118490661
2026-03-30 08:01:44,78570.23039645996,54204.22828812608,24436.77901490661
2026-03-30 08:01:59,78594.70023191972,53381.03529777608,25285.251254906594
2026-03-30 08:02:15,78625.56710871667,53381.03529777608,25317.721654906596
2026-03-30 08:02:30,78628.67930214675,53550.45864907608,25148.262514906593
2026-03-30 08:02:46,78608.34382109508,53174.36422454308,25504.790836106597
2026-03-30 08:03:01,78599.97256336431,53174.36422454308,25494.837236106596
2026-03-30 08:03:16,78613.00098825232,53174.36422454308,25507.87713610659
2026-03-30 08:03:32,78598.15405048832,53174.36422454308,25493.804496106593
2026-03-30 08:03:47,78590.39405987151,53174.36422454308,25485.250296106595
2026-03-30 08:04:02,78577.73789993793,53174.36422454308,25471.008696106594
2026-03-30 08:04:18,78574.32333465671,53174.36422454308,25468.378296106595
2026-03-30 08:04:33,78543.53928074034,53174.36422454308,25435.2070961066
2026-03-30 08:04:49,78549.54365175292,53174.36422454308,25443.5770361066
2026-03-30 08:05:04,78548.5232012917,53174.36422454308,25444.129436106596
2026-03-30 08:05:19,78584.55437272553,53174.36422454308,25477.831036106596
2026-03-30 08:05:35,78554.30517942332,53174.36422454308,25447.55580610659
2026-03-30 08:05:50,78551.62754540364,53174.36422454308,25444.089006106595
2026-03-30 08:06:06,78523.1813456344,53174.36422454308,25418.765006106598
2026-03-30 08:06:21,78530.12271536991,53174.36422454308,25424.925866106594
2026-03-30 08:06:37,78511.6428540397,53174.36422454308,25407.216236106597
2026-03-30 08:06:52,78509.56974501173,53174.36422454308,25402.781866106594
2026-03-30 08:07:07,78515.44039065263,53174.36422454308,25407.871066106596
2026-03-30 08:07:23,78521.92500570831,53174.36422454308,25416.720936106594
2026-03-30 08:07:38,78517.6082927082,53174.36422454308,25411.613869106593
2026-03-30 08:07:54,78498.69913882253,53174.36422454308,25391.115572106595
2026-03-30 08:08:09,78475.82121877503,53174.36422454308,25370.576542106595
2026-03-30 08:08:25,78484.70262707197,53174.36422454308,25374.748675106595
2026-03-30 08:08:40,78481.4740298907,53174.36422454308,25375.448142106594
2026-03-30 08:08:55,78516.6903864924,53174.36422454308,25413.054839106597
2026-03-30 08:09:11,78526.5580696223,53174.36422454308,25420.57143910659
2026-03-30 08:09:26,78544.23788607927,53174.36422454308,25439.053469106595
2026-03-30 08:09:42,78550.19315181095,53174.36422454308,25443.440239106596
2026-03-30 08:09:57,78522.62459145977,53174.36422454308,25419.781039106598
2026-03-30 08:10:12,78613.0237389871,53174.36422454308,25507.112399106594
2026-03-30 08:10:28,78651.8326728146,53174.36422454308,25545.955126106594
2026-03-30 08:10:43,78654.01580183851,53174.36422454308,25548.140156106594
2026-03-30 08:10:59,78631.86941008853,53174.36422454308,25527.549889106594
2026-03-30 08:11:14,78605.14825774168,53174.36422454308,25500.017489106598
2026-03-30 08:11:30,78600.64922752553,53174.36422454308,25493.152392106596
2026-03-30 08:11:45,78576.86015619664,53174.36422454308,25471.704472106594
2026-03-30 08:12:00,78596.25320228488,53174.36422454308,25491.114599106593
2026-03-30 08:12:16,78643.76325361551,53174.36422454308,25538.666496106594
2026-03-30 08:12:31,78669.80359449872,53174.36422454308,25563.941696106594
2026-03-30 08:12:47,78692.74031273392,53174.36422454308,25586.110096106593
2026-03-30 08:13:02,78701.96637149392,53174.36422454308,25595.344096106593
2026-03-30 08:13:18,78713.7471685019,53174.36422454308,25611.077696106597
2026-03-30 08:13:33,78731.21485614633,53174.36422454308,25624.617756106596
2026-03-30 08:13:48,78709.14497357253,53174.36422454308,25604.894289106596
2026-03-30 08:14:04,78687.009944939,53174.36422454308,25581.163029106596
2026-03-30 08:14:19,78649.3792451553,53174.36422454308,25543.499562106597
2026-03-30 08:14:35,78634.14698938144,53174.36422454308,25529.041762106597
2026-03-30 08:14:50,78646.84163784869,53174.36422454308,25543.323332106596
2026-03-30 08:15:05,78667.82153133173,53174.36422454308,25561.16986610659
2026-03-30 08:15:21,78678.23774890394,53174.36422454308,25570.01880610659
2026-03-30 08:15:36,78655.73087124934,53174.36422454308,25549.068799106593
2026-03-30 08:15:52,78587.06526072008,53174.36422454308,25479.556869106596
2026-03-30 08:16:07,78609.12087334997,53174.36422454308,25502.4186821066
2026-03-30 08:16:22,78598.59094461736,53174.36422454308,25489.517742106596
2026-03-30 08:16:38,78599.7386795577,53174.36422454308,25491.453742106598
2026-03-30 08:16:53,78600.01177391836,53174.36422454308,25493.3017421066
2026-03-30 08:17:09,78616.41642837417,53174.36422454308,25504.208276106594
2026-03-30 08:17:24,78633.22535503015,53174.36422454308,25522.605676106596
2026-03-30 08:17:39,78621.27443218719,53174.36422454308,25513.795143106596
2026-03-30 08:17:55,78627.56481033214,53174.36422454308,25518.515676106595
2026-03-30 08:18:10,78637.34459802914,53174.36422454308,25529.091276106596
2026-03-30 08:18:26,78624.92448418615,53174.36422454308,25514.298076106596
2026-03-30 08:18:41,78652.13242879981,53174.36422454308,25546.255143106595
2026-03-30 08:18:57,78695.12471892366,53174.36422454308,25586.919973106596
2026-03-30 08:19:12,78651.74753871838,53174.36422454308,25537.204106106597
2026-03-30 08:19:27,78621.16738135509,53174.36422454308,25507.388106106595
2026-03-30 08:19:43,78553.73245427622,53174.36422454308,25445.4088391066
2026-03-30 08:19:58,78539.2667891647,53174.36422454308,25428.570942106595
2026-03-30 08:20:14,78549.04709222818,53174.36422454308,25436.785676106596
2026-03-30 08:20:29,78540.81710359876,53174.36422454308,25429.335839106596
2026-03-30 08:20:44,78536.83768967875,53174.36422454308,25425.353239106596
2026-03-30 08:21:00,78535.99037671095,53174.36422454308,25429.225239106596
2026-03-30 08:21:15,78522.84123580676,53174.36422454308,25411.345579106597
2026-03-30 08:21:31,78524.60854351275,53174.36422454308,25417.833609106594
2026-03-30 08:21:46,78536.89016691504,53174.36422454308,25432.48603910659
2026-03-30 08:22:01,78553.45873247086,53174.36422454308,25444.348039106597
2026-03-30 08:22:17,78578.20108950378,53174.36422454308,25465.175706106595
2026-03-30 08:22:32,78579.30396159203,53174.36422454308,25466.279439106595
2026-03-30 08:22:48,78560.28001185604,53174.36422454308,25447.240639106596
2026-03-30 08:23:03,78557.00671154275,53174.36422454308,25445.538409106597
2026-03-30 08:23:18,78547.11229615244,53174.36422454308,25436.4228091066
2026-03-30 08:23:34,78549.03423539309,53174.36422454308,25436.7728091066
2026-03-30 08:23:49,78545.84132647244,53174.36422454308,25435.150809106595
2026-03-30 08:24:05,78545.39488838043,53174.36422454308,25434.704009106597
2026-03-30 08:24:20,78551.77989634275,53174.36422454308,25440.307409106597
2026-03-30 08:24:36,78548.14049932608,53174.36422454308,25438.238609106596
2026-03-30 08:24:51,78544.94763116108,53174.36422454308,25437.403409106595
2026-03-30 08:25:06,78568.20631181195,53174.36422454308,25459.107869106596
2026-03-30 08:25:22,78562.12176617996,53174.36422454308,25453.018269106597
2026-03-30 08:25:37,78556.98160605686,53174.36422454308,25447.873839106596
2026-03-30 08:25:53,78550.21218378942,53174.36422454308,25441.885609106597
2026-03-30 08:26:08,78547.42815434022,53174.36422454308,25439.099239106596
2026-03-30 08:26:24,78559.76649268086,53174.36422454308,25450.6610391066
2026-03-30 08:26:39,78562.26452927558,53174.36422454308,25454.735039106596
2026-03-30 08:26:54,78561.30868489222,53174.36422454308,25452.991439106594
2026-03-30 08:27:10,78567.55067149534,53174.36422454308,25460.812699106595
2026-03-30 08:27:25,78581.86213004711,53174.36422454308,25475.136476106596
2026-03-30 08:27:41,78599.49231328134,53174.36422454308,25489.63256610659
2026-03-30 08:27:56,78599.06900068253,53174.36422454308,25489.208906106596
2026-03-30 08:28:11,78606.04007970654,53174.36422454308,25496.185706106597
2026-03-30 08:28:27,78599.59047831524,53174.36422454308,25490.518106106596
2026-03-30 08:28:42,78552.65856715976,53174.36422454308,25443.547209106597
2026-03-30 08:28:58,78565.23329146864,53174.36422454308,25456.1323791066
2026-03-30 08:29:13,78564.79669250263,53174.36422454308,25456.482379106597
2026-03-30 08:29:28,78555.26703733104,53174.36422454308,25446.1578461066
2026-03-30 08:29:44,78548.19464994263,53174.36422454308,25439.866379106596
2026-03-30 08:29:59,78549.90518365658,53174.36422454308,25442.365179106597
2026-03-30 08:30:15,78537.54322631427,53174.36422454308,25428.419312106595
2026-03-30 08:30:30,78533.24846381682,53174.36422454308,25423.334352106594
2026-03-30 08:30:45,78527.20751298837,53174.36422454308,25415.715352106596
2026-03-30 08:31:01,78549.40260654883,53174.36422454308,25439.501752106597
2026-03-30 08:31:16,78535.4728895159,53174.36422454308,25422.414152106598
2026-03-30 08:31:32,78513.46726596107,53174.36422454308,25404.323352106596
2026-03-30 08:31:47,78514.3690225629,53174.36422454308,25402.08018910659
2026-03-30 08:32:03,78503.87194731322,52740.89324954308,25828.97738910659
2026-03-30 08:32:18,78521.13163822502,52740.89324954308,25847.824686106596
2026-03-30 08:32:33,78542.12601557466,52355.56513154308,26253.378486106587
2026-03-30 08:32:49,78525.94733040193,52355.56513154308,26236.39944910659
2026-03-30 08:33:04,78488.31646496666,52728.97155404308,25824.544329106586
2026-03-30 08:33:20,78480.97849910191,52729.55323886808,25817.40470490659
2026-03-30 08:33:35,78514.42857159939,52729.55323886808,25853.24236490659
2026-03-30 08:33:51,78503.65348465569,52729.55323886808,25836.167164906594
2026-03-30 08:34:06,78495.79400407863,52729.55323886808,25831.44639490659
2026-03-30 08:34:21,78480.96000266758,52729.55323886808,25815.81396490659
2026-03-30 08:34:37,78487.94057881166,52729.55323886808,25821.22796490659
2026-03-30 08:34:52,78472.74354617165,52729.55323886808,25806.01876490659
2026-03-30 08:35:08,78448.21458505165,52729.55323886808,25781.47016490659
2026-03-30 08:35:23,78440.03705114147,52729.55323886808,25777.21456490659
2026-03-30 08:35:38,78437.31764842343,52729.55323886808,25775.27856490659
2026-03-30 08:35:54,78443.00962150954,52729.55323886808,25778.61816490659
2026-03-30 08:36:09,78424.42905618955,52729.55323886808,25760.02216490659
2026-03-30 08:36:25,78431.65061567597,52729.55323886808,25768.82099490659
2026-03-30 08:36:40,78431.95315829596,52729.55323886808,25769.12379490659
2026-03-30 08:36:56,78435.0889687143,52729.55323886808,25771.476594906588
2026-03-30 08:37:11,78437.56150435332,52729.55323886808,25771.59419490659
2026-03-30 08:37:26,78413.19588436591,52729.55323886808,25749.56510490659
2026-03-30 08:37:42,78397.42216026533,52729.55323886808,25729.06664490659
2026-03-30 08:37:57,78373.52794478803,52729.55323886808,25711.433954906588
2026-03-30 08:38:13,78398.91133780012,52729.55323886808,25730.55698490659
2026-03-30 08:38:28,78395.4786303559,52729.55323886808,25727.906784906587
2026-03-30 08:38:43,78372.82764343236,52729.55323886808,25703.667984906588
2026-03-30 08:38:59,78365.81948249912,52729.55323886808,25699.79401490659
2026-03-30 08:39:14,78381.06572765004,52729.55323886808,25716.62281490659
2026-03-30 08:39:30,78394.86020244478,52729.55323886808,25729.64350490659
2026-03-30 08:39:45,78392.15071946404,52729.55323886808,25727.717014906593
2026-03-30 08:40:00,78373.19006987604,52729.55323886808,25708.74061490659
2026-03-30 08:40:16,78338.94647123446,52729.55323886808,25676.037984906587
2026-03-30 08:40:31,78307.08615170495,52729.55323886808,25642.58178490659
2026-03-30 08:40:47,78301.75953701897,52729.55323886808,25638.81941490659
2026-03-30 08:41:02,78292.40637604003,52729.55323886808,25627.88981490659
2026-03-30 08:41:17,78285.02078250112,52729.55323886808,25618.92981490659
2026-03-30 08:41:33,78284.87047832951,52729.55323886808,25621.13181490659
2026-03-30 08:41:48,78295.96413377338,52729.55323886808,25630.66627490659
2026-03-30 08:42:04,78299.62238178005,52729.55323886808,25635.11181490659
2026-03-30 08:42:19,78298.8151849283,52729.55323886808,25635.08824490659
2026-03-30 08:42:35,78251.18247512779,52729.55323886808,25589.767044906588
2026-03-30 08:42:50,78236.67727563989,52729.55323886808,25575.24921490659
2026-03-30 08:43:05,78245.18044854334,52729.55323886808,25584.543614906586
2026-03-30 08:43:21,78246.33198417882,52729.55323886808,25586.48001490659
2026-03-30 08:43:36,78252.99706505988,52729.55323886808,25591.583214906586
2026-03-30 08:43:52,78245.33051146514,52729.55323886808,25580.774844906588
2026-03-30 08:44:07,78244.04651116199,52729.55323886808,25578.70604490659
2026-03-30 08:44:23,78235.89180222347,52729.55323886808,25572.895644906588
2026-03-30 08:44:38,78229.96877194443,52729.55323886808,25567.751214906588
2026-03-30 08:44:53,78241.10164105534,52729.55323886808,25580.461214906587
2026-03-30 08:45:09,78255.19945488044,52729.55323886808,25593.00361490659
2026-03-30 08:45:24,78252.89183917927,52729.55323886808,25593.829644906586
2026-03-30 08:45:40,78292.49917950663,52729.55323886808,25630.33544490659
2026-03-30 08:45:55,78277.02290165928,52729.55323886808,25617.98244490659
2026-03-30 08:46:11,78245.66261045211,52729.55323886808,25585.81004490659
2026-03-30 08:46:26,78203.93415186282,52729.55323886808,25544.044414906588
2026-03-30 08:46:41,78167.66921863027,52729.55323886808,25508.53025490659
2026-03-30 08:46:57,78168.40818296326,52729.55323886808,25509.269884906586
2026-03-30 08:47:12,78134.60045258395,54570.354738418224,23636.19574060644
2026-03-30 08:47:28,78137.44657203839,54570.354738418224,23640.61014060644
2026-03-30 08:47:43,78144.93264955346,54570.354738418224,23645.75457060644
2026-03-30 08:47:59,78142.66897836728,54570.354738418224,23645.05457060644
2026-03-30 08:48:14,78131.86100519636,54570.354738418224,23633.45377060644
2026-03-30 08:48:29,78129.58076173927,54570.354738418224,23631.95417060644
2026-03-30 08:48:45,78122.79547792727,54570.354738418224,23625.16257060644
2026-03-30 08:49:00,78114.22345037815,54570.354738418224,23615.01740060644
2026-03-30 08:49:16,78123.74038208216,54570.354738418224,23624.54300060644
2026-03-30 08:49:31,78104.00412843145,54570.354738418224,23604.78877060644
2026-03-30 08:49:47,78089.61320609876,54570.354738418224,23590.38474060644
2026-03-30 08:50:02,78105.79446773876,54570.354738418224,23606.58074060644
2026-03-30 08:50:17,78127.91813941738,54570.354738418224,23630.29000060644
2026-03-30 08:50:33,78126.65206183716,54570.354738418224,23628.24003060644
2026-03-30 08:50:48,78133.0102272141,54570.354738418224,23636.95243060644
2026-03-30 08:51:04,78133.30534658411,54570.354738418224,23637.24783060644
2026-03-30 08:51:19,78136.21624870285,54570.354738418224,23637.03023060644
2026-03-30 08:51:35,78136.63622448177,54570.354738418224,23639.79903060644
2026-03-30 08:51:50,78152.73055157998,54570.354738418224,23655.908500606438
2026-03-30 08:52:05,78140.57974430516,54570.354738418224,23641.39770060644
2026-03-30 08:52:21,78143.70821440271,54570.354738418224,23641.39770060644
2026-03-30 08:52:36,78142.92609687833,54570.354738418224,23641.39770060644
2026-03-30 08:52:52,78144.27949966077,54570.354738418224,23645.88370060644
2026-03-30 08:53:07,78158.17030871048,54570.354738418224,23660.57033060644
2026-03-30 08:53:23,78166.81752736378,54570.354738418224,23670.00873060644
2026-03-30 08:53:38,78150.43348065838,54570.354738418224,23652.82630060644
2026-03-30 08:53:53,78173.84368656,54570.354738418224,23677.041500606443
2026-03-30 08:54:09,78173.0612125976,54570.354738418224,23677.041500606443
2026-03-30 08:54:24,78191.34122300557,54570.354738418224,23692.988760606444
2026-03-30 08:54:40,78219.54727839655,54570.354738418224,23720.43716060644
2026-03-30 08:54:55,78232.57155915555,54570.354738418224,23732.68956060644
2026-03-30 08:55:11,78183.41869620052,54570.354738418224,23681.14276060644
2026-03-30 08:55:26,78175.66402930518,54570.354738418224,23677.29713060644
2026-03-30 08:55:41,78169.13155526198,54570.354738418224,23671.541780606443
2026-03-30 08:55:57,78174.31225975754,54570.354738418224,23674.37778060644
2026-03-30 08:56:12,78144.59159866598,54570.354738418224,23646.97898060644
2026-03-30 08:56:28,78163.66873041829,54570.354738418224,23666.07387060644
2026-03-30 08:56:43,78160.886855352,54570.354738418224,23665.63867060644
2026-03-30 08:56:59,78164.71664405218,54570.354738418224,23667.90587060644
2026-03-30 08:57:14,78192.48029650401,54570.354738418224,23697.26247060644
2026-03-30 08:57:29,78201.54547225828,54570.354738418224,23703.98587060644
2026-03-30 08:57:45,78202.5717209561,54570.354738418224,23706.580070606444
2026-03-30 08:58:00,78198.64300917638,54570.354738418224,23700.29727060644
2026-03-30 08:58:16,78204.57685045227,54570.354738418224,23707.02007060644
2026-03-30 08:58:31,78199.45955498818,54570.354738418224,23702.681470606443
2026-03-30 08:58:47,78182.04023419488,54772.55988051808,23481.474064906586
2026-03-30 08:59:02,78156.98770249296,54772.55988051808,23457.964514906587
2026-03-30 08:59:17,78143.36678653008,54772.55988051808,23442.76500490659
2026-03-30 08:59:33,78118.48817464818,54772.60801431808,23418.59798190659
2026-03-30 08:59:48,78127.52219153734,54772.60801431808,23424.50961190659
2026-03-30 09:00:04,78106.88958969175,54772.65614811808,23405.37545032826
2026-03-30 09:00:19,78155.70755638863,54772.704281918086,23454.97273732826
2026-03-30 09:00:35,78141.24919443185,54772.704281918086,23442.06679732826
2026-03-30 09:00:50,78182.99127394684,54772.704281918086,23483.064857328256
2026-03-30 09:01:05,78204.29835012028,54772.75241571808,23505.910664328258
2026-03-30 09:01:21,78227.453256612,54772.75241571808,23527.520094328258
2026-03-30 09:01:36,78233.3900202823,54772.75241571808,23533.462384328257
2026-03-30 09:01:52,78225.48762041349,54772.75241571808,23524.76892432826
2026-03-30 09:02:07,78221.02039974669,54772.75241571808,23521.86492432826
2026-03-30 09:02:23,78243.4726874653,54772.75241571808,23541.986684328258
2026-03-30 09:02:38,78279.519884638,54772.75241571808,23578.066714328255
2026-03-30 09:02:53,78331.7513407207,54772.75241571808,23630.34574432826
2026-03-30 09:03:09,78358.6303683374,54772.75241571808,23658.81931432826
2026-03-30 09:03:24,78352.1617628867,54772.75241571808,23651.559714328258
2026-03-30 09:03:40,78339.7136257187,54772.75241571808,23639.100114328256
2026-03-30 09:03:55,78331.37655735608,54772.75241571808,23632.324914328256
2026-03-30 09:04:11,78327.9634066028,54772.75241571808,23629.693314328255
2026-03-30 09:04:26,78337.6591197535,54772.75241571808,23637.82854432826
2026-03-30 09:04:41,78350.27640478389,54772.75241571808,23651.242544328255
2026-03-30 09:04:57,78348.88802714869,54772.75241571808,23649.067904328258
2026-03-30 09:05:12,78345.0188288527,54772.75241571808,23645.195104328257
2026-03-30 09:05:28,78324.1139185168,54772.75241571808,23624.270734328256
2026-03-30 09:05:43,78319.11191696528,54772.75241571808,23620.04873432826
2026-03-30 09:05:59,78313.3093764853,54772.75241571808,23614.240734328258
2026-03-30 09:06:14,78317.69389469679,54772.75241571808,23617.844734328257
2026-03-30 09:06:29,78317.77844466829,54772.75241571808,23617.14473432826
2026-03-30 09:06:45,78314.21332759628,54772.75241571808,23613.57633432826
2026-03-30 09:07:00,78307.9902281199,54772.75241571808,23607.347504328256
2026-03-30 09:07:16,78302.35534282868,54772.75241571808,23602.49190432826
2026-03-30 09:07:31,78288.27648658949,54772.75241571808,23585.26270432826
2026-03-30 09:07:47,78294.09695743829,54772.75241571808,23591.872704328256
2026-03-30 09:08:02,78291.9249440113,54772.75241571808,23589.69873432826
2026-03-30 09:08:17,78290.29837960869,54772.75241571808,23589.63936432826
2026-03-30 09:08:33,78280.9498604843,54772.75241571808,23578.713764328262
2026-03-30 09:08:48,78283.2942293607,54772.75241571808,23582.62876432826
2026-03-30 09:09:04,78278.1515949411,54772.75241571808,23577.48139432826
2026-03-30 09:09:19,78295.35657773909,54772.75241571808,23595.48662432826
2026-03-30 09:09:35,78280.3073865151,54772.75241571808,23580.42342432826
2026-03-30 09:09:50,78258.6031902071,54772.75241571808,23558.69902432826
2026-03-30 09:10:05,78263.23293274909,54772.75241571808,23562.548994328256
2026-03-30 09:10:21,78225.2669497765,54772.75241571808,23523.764364328257
2026-03-30 09:10:36,78181.28533396428,54772.75241571808,23480.525934328256
2026-03-30 09:10:52,78184.86543441079,54772.75241571808,23481.75953432826
2026-03-30 09:11:07,78189.4563670885,54772.75241571808,23487.92116432826
2026-03-30 09:11:23,78194.74395100451,54772.75241571808,23493.21356432826
2026-03-30 09:11:38,78188.44299166428,54772.75241571808,23486.12356432826
2026-03-30 09:11:53,78160.69279722209,54772.75241571808,23457.56536432826
2026-03-30 09:12:09,78145.9214954843,54772.75241571808,23443.56376432826
2026-03-30 09:12:24,78156.9037881875,54772.75241571808,23451.42416432826
2026-03-30 09:12:40,78152.13787523349,54772.75241571808,23447.43702432826
2026-03-30 09:12:55,78148.69147325499,54772.75241571808,23448.684994328258
2026-03-30 09:13:11,78168.70460221729,54772.75241571808,23466.367394328256
2026-03-30 09:13:26,78176.1095600611,54772.75241571808,23475.34539432826
2026-03-30 09:13:41,78169.4420267272,54772.75241571808,23467.888594328255
2026-03-30 09:13:57,78172.4641041319,54772.75241571808,23470.913424328257
2026-03-30 09:14:12,78161.9014035674,54772.75241571808,23457.209054328257
2026-03-30 09:14:28,78155.92433493401,54772.75241571808,23452.792654328256
2026-03-30 09:14:43,78170.1384865501,54772.75241571808,23464.670254328255
2026-03-30 09:14:58,78165.29102942468,54772.75241571808,23461.38465432826
2026-03-30 09:15:14,78160.9152253821,54772.75241571808,23455.43905432826
2026-03-30 09:15:29,78176.1508643527,54772.75241571808,23472.25405432826
2026-03-30 09:15:45,78182.25679816521,54772.75241571808,23479.148574328257
2026-03-30 09:16:00,78172.0154298033,54772.75241571808,23464.199684328258
2026-03-30 09:16:16,78173.3899480055,54772.75241571808,23465.57534432826
2026-03-30 09:16:31,78149.98739458348,54772.75241571808,23449.19917432826
2026-03-30 09:16:46,78146.3172694234,54772.75241571808,23444.742774328257
2026-03-30 09:17:02,78171.36737429579,54772.75241571808,23472.948374328258
2026-03-30 09:17:17,78187.80217295149,54772.75241571808,23487.048774328257
2026-03-30 09:17:33,78163.19646105189,54772.75241571808,23462.42040432826
2026-03-30 09:17:48,78169.15350946729,54772.75241571808,23470.732404328257
2026-03-30 09:18:04,78171.51468086829,54772.75241571808,23469.180004328256
2026-03-30 09:18:19,78166.57983159569,54772.75241571808,23466.59000432826
2026-03-30 09:18:35,78159.75905625611,54772.75241571808,23458.19680432826
2026-03-30 09:18:50,78145.0910835283,54772.75241571808,23442.732604328256
2026-03-30 09:19:05,78098.2199078881,54772.75241571808,23396.601604328258
2026-03-30 09:19:21,78069.3420169426,54772.75241571808,23369.26167432826
2026-03-30 09:19:36,78054.3172030266,54772.75241571808,23354.22287432826
2026-03-30 09:19:52,78057.8143804084,54772.75241571808,23356.15927432826
2026-03-30 09:20:07,78059.53324941949,54772.75241571808,23356.31570432826
2026-03-30 09:20:23,78060.2257725249,54772.75241571808,23357.00884432826
2026-03-30 09:20:38,78059.35249744389,54772.75241571808,23355.352814328256
2026-03-30 09:20:54,78057.9872998759,54772.75241571808,23353.986414328258
2026-03-30 09:21:09,78057.66602572238,54772.75241571808,23357.574814328258
2026-03-30 09:21:24,78059.46179482668,54772.75241571808,23358.59021432826
2026-03-30 09:21:40,78052.66272398629,54772.75241571808,23350.220984328258
2026-03-30 09:21:55,78048.5420978003,54772.75241571808,23340.623784328258
2026-03-30 09:22:11,78056.57641000829,54772.75241571808,23356.48418432826
2026-03-30 09:22:26,78051.01001986628,54772.75241571808,23351.69458432826
2026-03-30 09:22:42,78050.87204475829,54772.75241571808,23347.64678432826
2026-03-30 09:22:57,78030.09122663329,54772.75241571808,23327.629154328257
2026-03-30 09:23:12,78049.2413430967,54772.75241571808,23345.232754328255
2026-03-30 09:23:28,78046.52548664101,54772.75241571808,23343.296354328257
2026-03-30 09:23:43,78046.5405722481,54772.75241571808,23340.965954328258
2026-03-30 09:23:59,78032.4861004273,54772.75241571808,23326.11772432826
2026-03-30 09:24:14,78002.0576287426,54772.75241571808,23297.226094328256
2026-03-30 09:24:30,77992.82579388819,54772.75241571808,23291.11149432826
2026-03-30 09:24:45,77991.6717752873,54772.75241571808,23289.175094328257
2026-03-30 09:25:00,77993.3094462886,54772.75241571808,23288.470294328257
2026-03-30 09:25:16,77982.8192709219,54772.75241571808,23275.62749432826
2026-03-30 09:25:31,77975.3121061652,54772.75241571808,23265.77089432826
2026-03-30 09:25:47,77983.36370661658,54772.75241571808,23278.51589432826
2026-03-30 09:26:02,77975.4270668719,54772.75241571808,23271.35346432826
2026-03-30 09:26:18,77968.95551736279,54772.75241571808,23262.53309432826
2026-03-30 09:26:33,77962.2064828402,54772.75241571808,23260.46429432826
2026-03-30 09:26:49,77972.5357463447,54772.75241571808,23265.33532432826
2026-03-30 09:27:04,77956.0066124899,54772.75241571808,23248.79229432826
2026-03-30 09:27:19,77961.5992649273,54772.75241571808,23259.075494328263
2026-03-30 09:27:35,77966.66639062749,54772.75241571808,23264.928264328257
2026-03-30 09:27:50,77981.6591908366,54772.75241571808,23276.80989432826
2026-03-30 09:28:06,77989.2203157801,54772.75241571808,23281.25272432826
2026-03-30 09:28:21,77988.43766926632,56978.70791906783,21074.513924328512
2026-03-30 09:28:36,77995.02143892476,56978.70791906783,21080.321924328513
2026-03-30 09:28:52,77985.75236002858,56978.70791906783,21074.951124328512
2026-03-30 09:29:07,77984.25238709975,56978.70791906783,21074.231054328513
2026-03-30 09:29:23,78003.3998620415,56978.70791906783,21090.26988432851
2026-03-30 09:29:38,77999.30955512135,56978.70791906783,21089.30148432851
2026-03-30 09:29:54,78000.87091530942,56978.70791906783,21089.30148432851
2026-03-30 09:30:09,78016.06428013151,56978.70791906783,21102.16348432851
2026-03-30 09:30:25,78003.63733414143,56978.70791906783,21092.07028432851
2026-03-30 09:30:40,78001.01518125953,56978.70791906783,21087.10188432851
2026-03-30 09:30:55,77992.87950656949,56978.70791906783,21079.74068432851
2026-03-30 09:31:11,77996.88819643909,56978.70791906783,21083.75274432851
2026-03-30 09:31:26,77996.79991937942,56978.70791906783,21085.22698432851
2026-03-30 09:31:42,77996.23984807852,56978.70791906783,21082.32258432851
2026-03-30 09:31:57,77991.46281760448,56978.70791906783,21080.66655432851
2026-03-30 09:32:13,77981.07756820397,56978.70791906783,21068.70995432851
2026-03-30 09:32:28,77967.05345871102,56483.53452469783,21553.75249232851
2026-03-30 09:32:43,77965.68740536952,56483.53452469783,21550.042092328513
2026-03-30 09:32:59,77973.76167069135,56483.53452469783,21558.904492328515
2026-03-30 09:33:14,77977.54094200335,56483.53452469783,21562.68709232851
2026-03-30 09:33:30,77973.90916620914,56483.53452469783,21558.27101232851
2026-03-30 09:33:45,77977.5704301974,56483.53452469783,21558.811052328514
2026-03-30 09:34:01,77949.31650043941,56483.53452469783,21530.53365232851
2026-03-30 09:34:16,77953.36054109741,56483.53452469783,21534.581052328514
2026-03-30 09:34:31,77952.58035994164,56483.53452469783,21534.581052328514
2026-03-30 09:34:47,77957.62626176518,56483.53452469783,21538.069452328513
2026-03-30 09:35:02,77954.14072225319,56483.53452469783,21534.581052328514
2026-03-30 09:35:18,77954.24153195032,56483.53452469783,21538.58625232851
2026-03-30 09:35:33,77968.64299177034,56483.53452469783,21553.00025232851
2026-03-30 09:35:49,77957.35265516586,56483.53452469783,21540.13825232851
2026-03-30 09:36:04,77951.92487101525,56483.53452469783,21533.925012328513
2026-03-30 09:36:19,77945.32081093386,56483.53452469783,21528.09617232851
2026-03-30 09:36:35,77946.09135990689,56483.53452469783,21529.64817232851
2026-03-30 09:36:50,77949.57956273045,56483.53452469783,21531.57773232851
2026-03-30 09:37:06,77953.07261629387,56483.53452469783,21535.85457232851
2026-03-30 09:37:21,77953.07261629387,56483.53452469783,21535.85457232851
2026-03-30 09:37:37,77953.07261629387,56483.53452469783,21535.85457232851
2026-03-30 09:37:52,77959.80408967387,56483.53452469783,21542.591772328513
2026-03-30 09:38:08,77959.10984437351,56483.53452469783,21542.677862328514
2026-03-30 09:38:23,77968.9402160219,56483.53452469783,21554.85986232851
2026-03-30 09:38:38,77991.95718076403,56483.53452469783,21576.334742328512
2026-03-30 09:38:54,77988.63872937937,56483.53452469783,21571.450942328513
2026-03-30 09:39:09,77992.01601624337,56483.53452469783,21574.83110232851
2026-03-30 09:39:25,77997.3026103231,56483.53452469783,21580.90350232851
2026-03-30 09:39:40,77998.2697778431,56483.53452469783,21581.87150232851
2026-03-30 09:39:56,78004.33815454709,56483.53452469783,21587.94510232851
2026-03-30 09:40:11,78004.02340128337,56483.53452469783,21586.84870232851
2026-03-30 09:40:26,77982.62618023444,56483.53452469783,21564.652132328512
2026-03-30 09:40:42,77977.75663242159,56483.53452469783,21563.68413232851
2026-03-30 09:40:57,77985.5181836533,56483.53452469783,21569.10893232851
2026-03-30 09:41:13,77985.05418160273,56483.53452469783,21569.425732328513
2026-03-30 09:41:28,77989.9711508053,56483.53452469783,21573.565732328512
2026-03-30 09:41:44,77987.93415778485,56483.53452469783,21569.96457232851
2026-03-30 09:41:59,77999.05662098998,56483.53452469783,21579.53381232851
2026-03-30 09:42:14,77998.33535023987,56483.53452469783,21581.15581232851
2026-03-30 09:42:30,77999.30252743987,56483.53452469783,21582.12381232851
2026-03-30 09:42:45,77995.7576822386,56483.53452469783,21577.01341232851
2026-03-30 09:43:01,77989.03399614913,56483.53452469783,21573.409012328513
2026-03-30 09:43:16,78002.6655042645,56483.53452469783,21586.27101232851
2026-03-30 09:43:32,78007.16722842323,56483.53452469783,21589.21381232851
2026-03-30 09:43:47,78019.50897734586,56483.53452469783,21602.34745232851
2026-03-30 09:44:02,78004.82504597312,56483.53452469783,21589.21381232851
2026-03-30 09:44:18,78012.55831217313,56483.53452469783,21596.953812328513
2026-03-30 09:44:33,78028.57956154912,56483.53452469783,21612.98901232851
2026-03-30 09:44:49,78037.78631838938,56483.53452469783,21620.64034232851
2026-03-30 09:45:04,78077.2485586255,56483.53452469783,21658.57198232851
2026-03-30 09:45:20,78065.24976807243,56483.53452469783,21647.34518232851
2026-03-30 09:45:35,78071.04445644205,56483.53452469783,21653.14474232851
2026-03-30 09:45:51,78086.64534068204,56483.53452469783,21668.758742328508
2026-03-30 09:46:06,78064.3805136727,56483.53452469783,21648.03914232851
2026-03-30 09:46:22,78055.04904304803,56483.53452469783,21639.48154232851
2026-03-30 09:46:37,78041.55408917644,56483.53452469783,21623.62958232851
2026-03-30 09:46:52,78042.65963707936,56483.53452469783,21627.86314232851
2026-03-30 09:47:08,78071.75949662137,56483.53452469783,21654.64242232851
2026-03-30 09:47:23,78083.05828448136,56483.53452469783,21665.95082232851
2026-03-30 09:47:39,78097.57353602136,56483.53452469783,21680.478422328506
2026-03-30 09:47:54,78097.7590634119,56483.53452469783,21681.446422328507
2026-03-30 09:48:10,78101.8915064519,56483.53452469783,21685.582422328505
2026-03-30 09:48:25,78116.53733756789,56483.53452469783,21702.58846232851
2026-03-30 09:48:41,78122.21201577189,56483.53452469783,21705.92042232851
2026-03-30 09:48:56,78130.9337086599,56483.53452469783,21714.64962232851
2026-03-30 09:49:11,78125.99394007084,56483.53452469783,21708.14042232851
2026-03-30 09:49:27,78088.98644126135,56483.53452469783,21671.884022328508
2026-03-30 09:49:42,78089.35674119084,56483.53452469783,21671.47242232851
2026-03-30 09:49:58,78083.97526543084,56483.53452469783,21666.086422328506
2026-03-30 09:50:13,78086.9807407479,56483.53452469783,21670.65882232851
2026-03-30 09:50:29,78099.96596384389,56483.53452469783,21683.655222328507
2026-03-30 09:50:44,78122.12319423084,56483.53452469783,21704.266422328506
2026-03-30 09:51:00,78117.20523488136,56483.53452469783,21700.126822328508
2026-03-30 09:51:15,78125.56917717164,56483.53452469783,21707.715302328506
2026-03-30 09:51:30,78151.91958258336,56483.53452469783,21734.87070232851
2026-03-30 09:51:46,78164.5347708879,56483.53452469783,21745.93070232851
2026-03-30 09:52:01,78169.3703540199,56483.53452469783,21750.77030232851
2026-03-30 09:52:17,78167.49357342937,56483.53452469783,21750.45794232851
2026-03-30 09:52:32,78169.69432089003,56483.53452469783,21751.87754232851
2026-03-30 09:52:48,78172.88373893536,56483.53452469783,21758.20194232851
2026-03-30 09:53:03,78179.1257478327,56483.53452469783,21762.88314232851
2026-03-30 09:53:18,78161.72660951887,56483.53452469783,21744.68607232851
2026-03-30 09:53:34,78152.6346797609,56483.53452469783,21736.36927232851
2026-03-30 09:53:49,78139.00940788643,56483.53452469783,21721.16683232851
2026-03-30 09:54:05,78134.6796212464,56483.53452469783,21716.05075232851
2026-03-30 09:54:20,78128.38883187252,56483.53452469783,21712.88519232851
2026-03-30 09:54:36,78120.20411877333,56483.53452469783,21704.693352328508
2026-03-30 09:54:51,78120.9860010521,56483.53452469783,21704.693352328508
2026-03-30 09:55:07,78118.26980309332,56483.53452469783,21702.75735232851
2026-03-30 09:55:22,78123.04402008683,56483.53452469783,21705.18802232851
2026-03-30 09:55:37,78134.83104020136,56483.53452469783,21717.76762232851
2026-03-30 09:55:53,78126.64059642283,56483.53452469783,21708.78762232851
2026-03-30 09:56:08,78128.84678166924,56483.53452469783,21710.99566232851
2026-03-30 09:56:24,78129.40078071042,56483.53452469783,21713.89802232851
2026-03-30 09:56:39,78131.23693778737,56483.53452469783,21714.170462328508
2026-03-30 09:56:55,78131.6951732367,56483.53452469783,21715.41174232851
2026-03-30 09:57:10,78135.20020879444,56483.53452469783,21715.006502328506
2026-03-30 09:57:26,78102.01830420882,56483.53452469783,21686.49170232851
2026-03-30 09:57:41,78130.19422484736,56483.53452469783,21713.12686232851
2026-03-30 09:57:56,78114.0015228735,56483.53452469783,21697.70286232851
2026-03-30 09:58:12,78121.26777560097,56483.53452469783,21701.84526232851
2026-03-30 09:58:27,78090.66581258136,56483.53452469783,21673.56482232851
2026-03-30 09:58:43,78123.65997986871,56483.53452469783,21702.674422328506
2026-03-30 09:58:58,78118.64600918136,56483.53452469783,21701.56882232851
2026-03-30 09:59:14,78110.46154706871,56483.53452469783,21689.46542232851
2026-03-30 09:59:29,78082.5005969879,56483.53452469783,21666.17482232851
2026-03-30 09:59:44,78066.80366170444,56483.53452469783,21648.90038232851
2026-03-30 10:00:00,78053.7856490175,56483.53452469783,21635.08958232851
2026-03-30 10:00:15,78064.4148194775,56483.53452469783,21645.72758232851
2026-03-30 10:00:31,78059.4293608455,56483.53452469783,21640.73798232851
2026-03-30 10:00:46,78051.75293587965,56483.53452469783,21631.49158232851
2026-03-30 10:01:02,78055.56845670071,56483.53452469783,21634.52838232851
2026-03-30 10:01:17,78051.20407108642,56483.53452469783,21635.63322232851
2026-03-30 10:01:33,78066.73908759936,56483.53452469783,21649.61774232851
2026-03-30 10:01:48,78060.90186338284,56483.53452469783,21642.99362232851
2026-03-30 10:02:03,77997.19910222567,56782.32466933783,21283.572422328507
2026-03-30 10:02:19,78039.19539293928,56782.32466933783,21325.605702328507
2026-03-30 10:02:34,78052.47649538398,56782.32466933783,21334.20738232851
2026-03-30 10:02:50,78042.25888070397,56782.32466933783,21323.981382328508
2026-03-30 10:03:05,78038.16786059793,56782.32466933783,21323.013782328508
2026-03-30 10:03:21,78029.74636283946,56782.32466933783,21312.24018232851
2026-03-30 10:03:36,78038.10096299456,56782.32466933783,21319.82005232851
2026-03-30 10:03:52,78015.9165326173,56782.32466933783,21301.52481232851
2026-03-30 10:04:07,77988.2366339352,56782.32466933783,21277.727212328507
2026-03-30 10:04:22,78000.01423193284,56782.32466933783,21287.95281232851
2026-03-30 10:04:38,77995.17455156885,56782.32466933783,21283.10877232851
2026-03-30 10:04:53,78001.89163500491,56782.32466933783,21286.706332328507
2026-03-30 10:05:09,78015.56226814091,56782.32466933783,21300.38873232851
2026-03-30 10:05:24,78028.56759393371,56782.32466933783,21313.40525232851
2026-03-30 10:05:40,78035.59691239128,56782.32466933783,21322.00405232851
2026-03-30 10:05:55,78038.0861982134,56782.32466933783,21323.71378232851
2026-03-30 10:06:10,78038.22086498784,56782.32466933783,21326.19386232851
2026-03-30 10:06:26,78048.1337678284,56782.32466933783,21337.67950232851
2026-03-30 10:06:41,78056.33099119185,56782.32466933783,21344.32030232851
2026-03-30 10:06:57,78065.49422700253,56782.32466933783,21354.273862328508
2026-03-30 10:07:12,78084.33157087317,56782.32466933783,21371.563862328512
2026-03-30 10:07:28,78091.8731143251,56782.32466933783,21376.76526232851
2026-03-30 10:07:43,78100.24611199858,56782.32466933783,21385.927822328507
2026-03-30 10:07:59,78114.88776267058,56782.32466933783,21400.582222328507
2026-03-30 10:08:14,78117.32334204076,56782.32466933783,21404.58502232851
2026-03-30 10:08:30,78138.61650512172,56782.32466933783,21427.46274232851
2026-03-30 10:08:45,78184.63335117219,56782.32466933783,21470.38854232851
2026-03-30 10:09:00,78223.70456169391,56782.32466933783,21508.71018232851
2026-03-30 10:09:16,78197.59699484835,56782.32466933783,21484.93018232851
2026-03-30 10:09:31,78191.6482928828,56782.32466933783,21481.32618232851
2026-03-30 10:09:47,78195.33228675132,56782.32466933783,21484.23018232851
2026-03-30 10:10:02,78183.96429773985,56782.32466933783,21472.06858232851
2026-03-30 10:10:18,78186.94241501983,56782.32466933783,21475.04938232851
2026-03-30 10:10:33,78186.58605307333,56782.32466933783,21475.47598232851
2026-03-30 10:10:49,78206.66150800601,56782.32466933783,21496.353222328507
2026-03-30 10:11:04,78201.64118042894,56782.32466933783,21490.54482232851
2026-03-30 10:11:19,78179.7314511195,56782.32466933783,21464.69922232851
2026-03-30 10:11:35,78210.8026440626,56782.32466933783,21496.580622328507
2026-03-30 10:11:50,78204.5441492635,56383.37065153783,21886.92054232851
2026-03-30 10:12:06,78203.2558961398,56383.37065153783,21889.54814232851
2026-03-30 10:12:21,78190.60967757743,56383.37065153783,21872.19114232851
2026-03-30 10:12:37,78200.92489946754,56383.37065153783,21884.08158232851
2026-03-30 10:12:52,78208.70528051756,56383.37065153783,21891.86858232851
2026-03-30 10:13:08,78184.85006620109,56383.37065153783,21867.20990232851
2026-03-30 10:13:23,78158.11779645956,56383.37065153783,21841.238062328506
2026-03-30 10:13:39,78142.56946014042,56383.37065153783,21826.45926232851
2026-03-30 10:13:54,78151.57232484355,56383.37065153783,21834.687022328508
2026-03-30 10:14:09,78151.57232484355,56383.37065153783,21834.687022328508
2026-03-30 10:14:25,78149.1763772923,56383.37065153783,21831.50622232851
2026-03-30 10:14:40,78121.28109429355,56383.37065153783,21804.37002232851
2026-03-30 10:14:56,78125.65497911481,56383.37065153783,21809.53022232851
2026-03-30 10:15:11,78122.04930890008,56383.37065153783,21806.70402232851
2026-03-30 10:15:27,78090.92832773986,56383.37065153783,21777.90282232851
2026-03-30 10:15:42,78085.91649182368,56383.37065153783,21770.539742328507
2026-03-30 10:15:58,78085.03142250447,56383.37065153783,21769.653902328508
2026-03-30 10:16:13,78073.80648719802,56383.37065153783,21757.637102328506
2026-03-30 10:16:28,78066.97230761527,56383.37065153783,21751.57906232851
2026-03-30 10:16:44,78074.12747719727,56383.37065153783,21758.740462328507
2026-03-30 10:16:59,78087.76287040788,58200.08463393783,19953.32710232851
2026-03-30 10:17:15,78091.8820409186,58200.08463393783,19955.88530232851
2026-03-30 10:17:30,78089.99913193716,58200.08463393783,19957.129702328508
2026-03-30 10:17:46,78086.43959395794,58200.08463393783,19957.478342328508
2026-03-30 10:18:01,78123.25034566315,58200.08463393783,19994.32262232851
2026-03-30 10:18:17,78133.2466293597,58200.08463393783,20003.54526232851
2026-03-30 10:18:32,78139.55574217868,58200.08463393783,20009.07726232851
2026-03-30 10:18:47,78137.66442694869,58200.08463393783,20007.18426232851
2026-03-30 10:19:03,78135.54101871283,58200.08463393783,20004.276222328506
2026-03-30 10:19:18,78137.48370764084,58200.08463393783,20006.220622328507
2026-03-30 10:19:34,78137.3672774357,58200.08463393783,20007.669622328507
2026-03-30 10:19:49,78151.01658821682,58200.08463393783,20019.76542232851
2026-03-30 10:20:05,78111.89740342004,58200.08463393783,19980.611782328506
2026-03-30 10:20:20,78083.61701199708,58200.08463393783,19953.08870232851
2026-03-30 10:20:36,78082.01264517043,58200.08463393783,19950.700702328508
2026-03-30 10:20:51,78088.75543472708,58200.08463393783,19958.231702328507
2026-03-30 10:21:07,78132.85918742148,58200.08463393783,20002.37474232851
2026-03-30 10:21:22,78117.12483204772,58200.08463393783,19987.408942328508
2026-03-30 10:21:38,78117.8242020477,58200.08463393783,19988.10894232851
2026-03-30 10:21:53,78124.5563376677,58200.08463393783,19994.84714232851
2026-03-30 10:22:08,78137.56259765748,58200.08463393783,20007.082342328507
2026-03-30 10:22:24,78144.73748631826,58200.08463393783,20014.263622328508
2026-03-30 10:22:39,78128.07115473114,58200.08463393783,19999.14782232851
2026-03-30 10:22:55,78124.79729975395,58200.08463393783,19991.95782232851
2026-03-30 10:23:10,78126.91784810965,58200.08463393783,19991.73242232851
2026-03-30 10:23:26,78113.8593827402,58200.08463393783,19981.79298232851
2026-03-30 10:23:41,78129.64029478787,58200.08463393783,19999.15298232851
2026-03-30 10:23:57,78112.59898276652,58200.08463393783,19978.96654232851
2026-03-30 10:24:12,78100.81720579651,58200.08463393783,19967.17474232851
2026-03-30 10:24:27,78100.13841350404,58200.08463393783,19964.930742328506
2026-03-30 10:24:43,78105.12327263404,58200.08463393783,19969.919742328508
2026-03-30 10:24:58,78082.70451401758,58200.08463393783,19945.918142328508
2026-03-30 10:25:14,78079.36879189857,58200.08463393783,19946.49021232851
2026-03-30 10:25:29,78103.1137695641,58200.08463393783,19971.038012328507
2026-03-30 10:25:45,78112.01652849764,58200.08463393783,19980.73101232851
2026-03-30 10:26:00,78117.07853454747,58200.08463393783,19982.66741232851
2026-03-30 10:26:16,78115.67503589702,58200.08463393783,19982.045212328507
2026-03-30 10:26:31,78115.75744519549,58200.08463393783,19981.345212328506
2026-03-30 10:26:46,78117.7297571247,58200.08463393783,19988.014412328506
2026-03-30 10:27:02,78107.24551389756,58200.08463393783,19976.738252328505
2026-03-30 10:27:17,78100.67560632397,58200.08463393783,19970.16249232851
2026-03-30 10:27:33,78096.98848108872,58200.08463393783,19967.254452328507
2026-03-30 10:27:48,78105.56105431843,58200.08463393783,19974.269852328507
2026-03-30 10:28:04,78126.09241081122,58200.08463393783,19994.819292328506
2026-03-30 10:28:19,78111.93081399283,58200.08463393783,19980.645222328505
2026-03-30 10:28:35,78098.11853950002,58200.08463393783,19966.82078232851
2026-03-30 10:28:50,78108.34861779636,58200.08463393783,19975.494982328506
2026-03-30 10:29:05,78119.79856236836,58200.08463393783,19986.954782328507
2026-03-30 10:29:21,78125.45233593797,58200.08463393783,19992.613422328508
2026-03-30 10:29:36,78098.43559033796,58200.08463393783,19965.573422328507
2026-03-30 10:29:52,78090.93329426851,58200.08463393783,19957.282422328506
2026-03-30 10:30:07,78080.3737805814,58200.08463393783,19948.27822232851
2026-03-30 10:30:23,78122.15521390356,58200.08463393783,19989.313462328508
2026-03-30 10:30:38,78157.41763033843,58200.08463393783,20026.17210232851
2026-03-30 10:30:54,78169.43300001076,58200.08463393783,20036.63194232851
2026-03-30 10:31:09,78165.35241918439,57616.36357043783,20618.61798232851
2026-03-30 10:31:24,78163.76315873617,57211.68393428783,21021.70694232851
2026-03-30 10:31:40,78163.76315873617,57211.68393428783,21021.70694232851
2026-03-30 10:31:55,78168.04449550246,57211.68393428783,21023.642942328508
2026-03-30 10:32:11,78169.78533336622,57211.68393428783,21024.60224232851
2026-03-30 10:32:26,78179.98340531613,57211.68393428783,21037.15845232851
2026-03-30 10:32:42,78170.10507135773,57211.68393428783,21024.92225232851
2026-03-30 10:32:57,78163.44703404946,57211.68393428783,21016.69265232851
2026-03-30 10:33:13,78130.7299980276,57211.68393428783,20984.73105232851
2026-03-30 10:33:28,78088.1218189876,57211.68393428783,20942.08705232851
2026-03-30 10:33:44,78067.06208512625,57211.68393428783,20922.573612328506
2026-03-30 10:33:59,78007.20816482937,59239.00053867283,18836.132992328516
2026-03-30 10:34:14,77979.53412128214,59239.00053867283,18811.559592328515
2026-03-30 10:34:30,77995.52957405057,59239.00053867283,18824.444232328515
2026-03-30 10:34:45,77993.22702232069,59239.00053867283,18821.358392328515
2026-03-30 10:35:01,77991.99266454001,59239.00053867283,18824.810832328512
2026-03-30 10:35:16,78021.01331365615,59239.00053867283,18851.513332328515
2026-03-30 10:35:32,78004.68581305744,59239.00053867283,18835.952732328515
2026-03-30 10:35:47,78018.79528342403,59239.00053867283,18851.638132328513
2026-03-30 10:36:02,78030.59215615074,59239.00053867283,18862.66413232851
2026-03-30 10:36:18,78039.78433887956,59239.00053867283,18868.737532328512
2026-03-30 10:36:33,78039.12865294029,59239.00053867283,18867.299532328514
2026-03-30 10:36:49,78040.81407528016,59239.00053867283,18871.331732328515
2026-03-30 10:37:04,78040.92487481244,59239.00053867283,18873.006262328512
2026-03-30 10:37:20,78047.99970085673,59239.00053867283,18880.087532328514
2026-03-30 10:37:35,78028.80090245069,59239.00053867283,18856.962892328516
2026-03-30 10:37:51,78023.97183822376,59239.00053867283,18854.474492328514
2026-03-30 10:38:06,78009.71823979344,59239.00053867283,18840.989692328516
2026-03-30 10:38:21,77976.60895873605,59239.00053867283,18807.069422328517
2026-03-30 10:38:37,77954.20818318575,59239.00053867283,18784.648692328516
2026-03-30 10:38:52,77983.73779245713,59239.00053867283,18815.767092328515
2026-03-30 10:39:08,77974.61376228344,59239.00053867283,18805.853592328516
2026-03-30 10:39:23,77968.88250308334,59239.00053867283,18800.898272328515
2026-03-30 10:39:39,77964.27000019157,59239.00053867283,18794.719472328514
2026-03-30 10:39:54,77955.99271632145,59239.00053867283,18787.215772328516
2026-03-30 10:40:10,77962.67385809633,59239.00053867283,18794.683972328516
2026-03-30 10:40:25,77969.30545784393,59239.00053867283,18801.321612328513
2026-03-30 10:40:40,77968.52505462241,59239.00053867283,18801.321612328513
2026-03-30 10:40:56,77963.85667058891,59239.00053867283,18797.430012328514
2026-03-30 10:41:11,77981.43894385372,59239.00053867283,18815.028652328514
2026-03-30 10:41:27,77967.29610893372,59239.00053867283,18800.872652328515
2026-03-30 10:41:42,77974.78413858371,59239.00053867283,18808.367652328514
2026-03-30 10:41:58,77977.44488421953,59239.00053867283,18809.468452328514
2026-03-30 10:42:13,77976.47714372945,59239.00053867283,18807.718652328513
2026-03-30 10:42:28,77977.25761092137,59239.00053867283,18807.718652328513
2026-03-30 10:42:44,77966.39572257198,59239.00053867283,18795.285012328513
2026-03-30 10:42:59,77987.82237784349,59239.00053867283,18815.167882328515
2026-03-30 10:43:15,77975.57580543328,59239.00053867283,18803.691982328513
2026-03-30 10:43:30,78004.59952632108,59239.00053867283,18833.522082328516
2026-03-30 10:43:46,77996.02670252329,59239.00053867283,18824.160482328516
2026-03-30 10:44:01,77988.04929048687,59239.00053867283,18817.738682328516
2026-03-30 10:44:17,77998.62560646466,59239.00053867283,18829.105682328514
2026-03-30 10:44:32,77997.43239936496,59239.00053867283,18827.911412328514
2026-03-30 10:44:47,77994.56875028295,59239.00053867283,18825.045212328514
2026-03-30 10:45:03,77995.58842020927,59239.00053867283,18825.284452328517
2026-03-30 10:45:18,77996.50980867326,59239.00053867283,18826.206652328514
2026-03-30 10:45:34,78003.71272955398,59239.00053867283,18831.071752328517
2026-03-30 10:45:49,77988.6941128609,59239.00053867283,18815.259152328515
2026-03-30 10:46:05,77977.5102152329,59239.00053867283,18804.065852328516
2026-03-30 10:46:20,77992.5631601289,59239.00053867283,18819.131452328515
2026-03-30 10:46:35,78015.40099086417,59239.00053867283,18844.332952328517
2026-03-30 10:46:51,78057.71314723417,59239.00053867283,18886.681952328516
2026-03-30 10:47:06,78130.95781886962,59239.00053867283,18963.903952328514
2026-03-30 10:47:22,78129.30290664244,59239.00053867283,18960.682082328512
2026-03-30 10:47:37,78172.12986765645,59239.00053867283,19003.547622328515
2026-03-30 10:47:53,78211.40325092043,59239.00053867283,19044.42346232851
2026-03-30 10:48:08,78311.42081287844,59239.00053867283,19142.964042328513
2026-03-30 10:48:24,78295.96753335845,59239.00053867283,19127.496842328517
2026-03-30 10:48:39,78310.23871599504,59239.00053867283,19142.565402328517
2026-03-30 10:48:54,78349.00813629822,59239.00053867283,19182.940002328516
2026-03-30 10:49:10,78340.92098988686,59239.00053867283,19170.921182328515
2026-03-30 10:49:25,78360.58666375245,59239.00053867283,19192.174182328516
2026-03-30 10:49:41,78360.07641868156,59239.00053867283,19190.878472328513
2026-03-30 10:49:56,78405.13502969802,59239.00053867283,19239.119142328513
2026-03-30 10:50:11,78426.64394713241,59239.00053867283,19259.862362328517
2026-03-30 10:50:27,78420.45362510046,59239.00053867283,19251.309462328514
2026-03-30 10:50:42,78401.02867315644,59239.00053867283,19232.652622328515
2026-03-30 10:50:58,78409.91458833443,59239.00053867283,19242.332062328514
2026-03-30 10:51:13,78497.62452096214,59239.00053867283,19336.413642328516
2026-03-30 10:51:29,78521.89699153043,59239.00053867283,19354.416462328514
2026-03-30 10:51:44,78591.55220751245,59239.00053867283,19423.347782328514
2026-03-30 10:52:00,78593.207435714,59239.00053867283,19428.154022328516
2026-03-30 10:52:15,78595.28981113332,59239.00053867283,19429.450932328517
2026-03-30 10:52:31,78565.75338312135,59239.00053867283,19396.738652328513
2026-03-30 10:52:46,78530.49668927901,59239.00053867283,19365.384272328516
2026-03-30 10:53:01,78521.90646739177,59239.00053867283,19351.279472328515
2026-03-30 10:53:17,78509.97805414777,59239.00053867283,19339.340672328515
2026-03-30 10:53:32,78492.86896119,59239.00053867283,19326.934742328514
2026-03-30 10:53:48,78482.85920892512,59239.00053867283,19316.915672328512
2026-03-30 10:54:03,78561.24469959289,59239.00053867283,19396.948312328514
2026-03-30 10:54:19,78556.5229894829,59239.00053867283,19392.222112328516
2026-03-30 10:54:34,78538.44292279161,59239.00053867283,19373.337982328514
2026-03-30 10:54:49,78534.77243731722,59239.00053867283,19368.090422328514
2026-03-30 10:55:05,78534.08307638361,59239.00053867283,19368.187222328514
2026-03-30 10:55:20,78546.31720889184,59239.00053867283,19378.858922328513
2026-03-30 10:55:36,78558.39055988044,59239.00053867283,19390.156262328514
2026-03-30 10:55:51,78556.54043728045,59239.00053867283,19389.091462328513
2026-03-30 10:56:07,78568.26743137579,59239.00053867283,19403.190552328513
2026-03-30 10:56:22,78575.64331937871,59239.00053867283,19409.786152328514
2026-03-30 10:56:37,78572.92511965761,59239.00053867283,19407.065422328516
2026-03-30 10:56:53,78572.99324179722,59239.00053867283,19406.346422328515
2026-03-30 10:57:08,78547.07228618838,59239.00053867283,19382.762422328513
2026-03-30 10:57:24,78549.5125657184,59239.00053867283,19385.205022328515
2026-03-30 10:57:39,78565.5113524184,59239.00053867283,19401.219022328514
2026-03-30 10:57:55,78570.02371632084,59239.00053867283,19402.587022328516
2026-03-30 10:58:10,78587.47280561607,59239.00053867283,19418.477422328513
2026-03-30 10:58:25,78577.79523993644,59239.00053867283,19409.578422328515
2026-03-30 10:58:41,78592.35241495722,59239.00053867283,19425.723422328516
2026-03-30 10:58:56,78590.12161057885,59239.00053867283,19422.703222328513
2026-03-30 10:59:12,78574.62951539,59239.00053867283,19409.558622328514
2026-03-30 10:59:27,78619.13110521539,59239.00053867283,19454.889762328516
2026-03-30 10:59:43,78619.61828415743,59239.00053867283,19452.22676232851
2026-03-30 10:59:58,78605.22450173243,59239.00053867283,19438.607362328516
2026-03-30 11:00:13,78624.66709706926,59239.00053867283,19456.492502133155
2026-03-30 11:00:29,78633.02994713763,59239.00053867283,19468.014002133154
2026-03-30 11:00:44,78648.06936644028,59239.00053867283,19479.127962133156
2026-03-30 11:01:00,78636.63987603727,58805.10851367283,19911.822632133157
2026-03-30 11:01:15,78650.52853694401,58393.24482217283,20329.708832133158
2026-03-30 11:01:31,78654.09635114565,58393.24482217283,20330.916032133155
2026-03-30 11:01:46,78643.10231628838,57983.62770510283,20731.892890133153
2026-03-30 11:02:01,78625.33594274589,58311.60503985281,20384.55744913318
2026-03-30 11:02:17,78592.64608251891,58311.60503985281,20353.412859133176
2026-03-30 11:02:32,78565.71518863681,58311.60503985281,20325.670069133175
2026-03-30 11:02:48,78575.4135933339,58311.60503985281,20334.590129133176
2026-03-30 11:03:03,78579.32372666433,58311.60503985281,20341.652749133176
2026-03-30 11:03:19,78605.23549240381,58311.60503985281,20365.226369133175
2026-03-30 11:03:34,78611.51746335303,58311.60503985281,20373.089189133174
2026-03-30 11:03:49,78625.44991008288,58311.60503985281,20384.671519133175
2026-03-30 11:04:05,78623.70795999384,58311.60503985281,20379.777509133175
2026-03-30 11:04:20,78641.91038104479,58716.90804285281,19991.904829133175
2026-03-30 11:04:36,78653.4375137692,58709.72228907281,20014.56708513317
2026-03-30 11:04:51,78650.37833077667,58297.514339072804,20422.137285133173
2026-03-30 11:05:06,78648.47976593992,58297.514339072804,20419.449185133177
2026-03-30 11:05:22,78645.67284978599,58297.514339072804,20422.942945133174
2026-03-30 11:05:37,78628.98369229342,58297.514339072804,20399.936135133175
2026-03-30 11:05:53,78669.11615696628,58297.514339072804,20440.891615133172
2026-03-30 11:06:08,78664.27017927276,58701.94725007281,20032.396495133173
2026-03-30 11:06:24,78638.527829173,58290.18988887281,20418.388575133165
2026-03-30 11:06:39,78655.69817395342,58290.18988887281,20435.57421513317
2026-03-30 11:06:54,78650.40717392614,58290.18988887281,20427.914855133167
2026-03-30 11:07:10,78623.36047410894,58290.18988887281,20400.844875133167
2026-03-30 11:07:25,78597.49441771036,58290.18988887281,20378.105995133166
2026-03-30 11:07:41,78513.8849401618,58290.18988887281,20293.634655133166
2026-03-30 11:07:56,78511.81061143929,58290.18988887281,20289.985475133166
2026-03-30 11:08:12,78509.65332965001,58290.18988887281,20289.399275133164
2026-03-30 11:08:27,78477.29041829862,58290.18988887281,20257.007535133165
2026-03-30 11:08:42,78481.14037068437,58290.18988887281,20261.647135133167
2026-03-30 11:08:58,78473.27200357713,58290.18988887281,20254.557835133168
2026-03-30 11:09:13,78482.29234652326,58290.18988887281,20261.22770513317
2026-03-30 11:09:29,78477.22133099737,58290.18988887281,20257.72456513317
2026-03-30 11:09:44,78475.89662430738,58290.18988887281,20256.39866513317
2026-03-30 11:10:00,78498.15966951738,58290.18988887281,20278.681765133166
2026-03-30 11:10:15,78535.17096934137,58290.18988887281,20315.726405133166
2026-03-30 11:10:30,78542.8813403771,58290.18988887281,20322.65688513317
2026-03-30 11:10:46,78585.03681858043,58290.18988887281,20364.849915133167
2026-03-30 11:11:01,78579.55060396857,58290.18988887281,20356.210155133165
2026-03-30 11:11:17,78567.83028603581,58290.18988887281,20347.628055133166
2026-03-30 11:11:32,78562.81373529045,58290.18988887281,20341.820015133166
2026-03-30 11:11:47,78562.43002047265,58290.18988887281,20337.501115133167
2026-03-30 11:12:03,78555.87202788057,58290.18988887281,20332.511435133165
2026-03-30 11:12:18,78556.70501634602,58290.18988887281,20336.492875133164
2026-03-30 11:12:34,78551.98603206166,58290.18988887281,20330.982775133165
2026-03-30 11:12:49,78574.28897440532,58290.18988887281,20355.666815133165
2026-03-30 11:13:05,78576.62665029781,58290.18988887281,20356.432255133164
2026-03-30 11:13:20,78593.01964753382,58290.18988887281,20372.839855133163
2026-03-30 11:13:35,78538.35224486282,58290.18988887281,20318.123755133165
2026-03-30 11:13:51,78549.48446706633,58290.18988887281,20330.839715133166
2026-03-30 11:14:06,78561.98918924281,58290.18988887281,20341.781755133165
2026-03-30 11:14:22,78593.62455133269,58290.18988887281,20371.870655133167
2026-03-30 11:14:37,78604.08685363713,58290.18988887281,20385.49183513317
2026-03-30 11:14:53,78614.87712549309,58290.18988887281,20393.14173513317
2026-03-30 11:15:08,78605.26747829013,58290.18988887281,20386.673535133166
2026-03-30 11:15:23,78639.84443856646,58290.18988887281,20418.918565133165
2026-03-30 11:15:39,78614.87942712645,58290.18988887281,20393.931565133167
2026-03-30 11:15:54,78623.53525333309,58290.18988887281,20405.745625133164
2026-03-30 11:16:10,78603.64458249765,58290.18988887281,20382.686825133165
2026-03-30 11:16:25,78626.41990117407,58290.18988887281,20403.119325133164
2026-03-30 11:16:41,78628.08255813766,58290.18988887281,20407.146325133166
2026-03-30 11:16:56,78638.22984461552,58290.18988887281,20418.090325133166
2026-03-30 11:17:11,78666.51168529924,58290.18988887281,20447.973525133166
2026-03-30 11:17:27,78664.64948499594,58290.18988887281,20442.169425133165
2026-03-30 11:17:42,78650.33176431252,58290.18988887281,20430.203025133167
2026-03-30 11:17:58,78648.82943686406,58290.18988887281,20425.547925133167
2026-03-30 11:18:13,78601.49610442408,58290.18988887281,20378.174325133168
2026-03-30 11:18:29,78597.96081597652,58290.18988887281,20377.785425133166
2026-03-30 11:18:44,78601.92997020594,58290.18988887281,20379.39592513317
2026-03-30 11:18:59,78588.58295851594,58290.18988887281,20366.037425133167
2026-03-30 11:19:15,78591.72896726252,58290.18988887281,20371.54802513317
2026-03-30 11:19:30,78591.87563227995,58290.18988887281,20374.84422513317
2026-03-30 11:19:46,78602.75444941738,58290.18988887281,20383.370765133168
2026-03-30 11:20:01,78620.8549755788,58290.18988887281,20404.638225133163
2026-03-30 11:20:17,78626.18271808623,58290.18988887281,20407.607825133167
2026-03-30 11:20:32,78647.98040412484,58290.18988887281,20429.425365133167
2026-03-30 11:20:47,78632.86502355951,58290.18988887281,20412.720725133167
2026-03-30 11:21:03,78613.28496533452,58290.18988887281,20393.123225133168
2026-03-30 11:21:18,78621.70466512651,58290.18988887281,20401.55042513317
2026-03-30 11:21:34,78617.58356538885,58290.18988887281,20396.638085133167
2026-03-30 11:21:49,78579.72141917869,58290.18988887281,20361.891445133166
2026-03-30 11:22:05,78591.49989132171,58290.18988887281,20371.318745133165
2026-03-30 11:22:20,78587.10126153659,58290.18988887281,20365.341685133168
2026-03-30 11:22:35,78603.62376083685,58290.18988887281,20382.665985133164
2026-03-30 11:22:51,78600.77007351011,58290.18988887281,20380.597185133167
2026-03-30 11:23:06,78597.25636907684,58290.18988887281,20376.292985133165
2026-03-30 11:23:22,78601.39251904012,58290.18988887281,20381.220185133167
2026-03-30 11:23:37,78603.34150289932,58290.18988887281,20383.170905133167
2026-03-30 11:23:53,78585.55779847095,58290.18988887281,20360.64810513317
2026-03-30 11:24:08,78595.38858023607,58290.18988887281,20372.061605133167
2026-03-30 11:24:24,78594.24365425107,58290.18988887281,20370.915705133168
2026-03-30 11:24:39,78611.55026962713,58290.18988887281,20389.02450513317
2026-03-30 11:24:54,78614.26223532914,58290.18988887281,20391.73880513317
2026-03-30 11:25:10,78636.26032041975,58290.18988887281,20411.39274513317
2026-03-30 11:25:25,78633.50284511408,58290.18988887281,20407.84534513317
2026-03-30 11:25:41,78638.59640175398,58290.18988887281,20416.881665133165
2026-03-30 11:25:56,78647.89484796645,58290.18988887281,20426.976065133167
2026-03-30 11:26:12,78649.18542546291,58290.18988887281,20429.055665133168
2026-03-30 11:26:27,78655.96051029507,58290.18988887281,20432.685065133166
2026-03-30 11:26:43,78656.08312393383,58290.18988887281,20437.535465133165
2026-03-30 11:26:58,78670.64131344645,58290.18988887281,20449.742565133165
2026-03-30 11:27:13,78670.29092306044,58290.18988887281,20451.756205133166
2026-03-30 11:27:29,78648.93687017926,58290.18988887281,20428.019005133167
2026-03-30 11:27:44,78631.52878918336,58290.18988887281,20412.171025133168
2026-03-30 11:28:00,78644.69958142051,58290.18988887281,20424.565825133166
2026-03-30 11:28:15,78643.90321774382,58290.18988887281,20425.344465133167
2026-03-30 11:28:31,78645.42677364292,58290.18988887281,20425.293665133166
2026-03-30 11:28:46,78645.86577019443,58290.18988887281,20427.308805133165
2026-03-30 11:29:02,78649.33930639744,58290.18988887281,20430.785505133164
2026-03-30 11:29:17,78635.34973738727,58290.18988887281,20414.419905133167
2026-03-30 11:29:33,78625.11061575045,58290.18988887281,20404.171765133167
2026-03-30 11:29:48,78621.51218515846,58290.18988887281,20400.570165133166
2026-03-30 11:30:03,78621.13197527452,58290.18988887281,20400.977225133167
2026-03-30 11:30:19,78671.33976640154,58290.18988887281,20448.865465133164
2026-03-30 11:30:34,78700.24137215137,58290.18988887281,20480.945505133164
2026-03-30 11:30:50,78691.27457275332,58290.18988887281,20471.182305133167
2026-03-30 11:31:05,78670.43148732855,58290.18988887281,20453.473205133167
2026-03-30 11:31:21,78675.11953209549,58290.18988887281,20457.377405133164
2026-03-30 11:31:36,78689.37865240578,57855.45576387281,20905.595445133167
2026-03-30 11:31:52,78677.7420513578,57855.45576387281,20893.948245133168
2026-03-30 11:32:07,78674.40906931594,57443.736231872805,21303.119945125978
2026-03-30 11:32:23,78661.42256554168,57035.976173872805,21696.305445125978
2026-03-30 11:32:38,78651.02665029367,57035.976173872805,21685.900165125975
2026-03-30 11:32:54,78633.75354826366,57035.976173872805,21667.03602512598
2026-03-30 11:33:09,78621.1771344041,57444.855489967806,21247.932081125986
2026-03-30 11:33:25,78639.28625066442,57041.7662799678,21667.571281125984
2026-03-30 11:33:40,78633.69189407701,57041.7662799678,21661.971941125983
2026-03-30 11:33:55,78638.40916896978,57041.7662799678,21668.269021125983
2026-03-30 11:34:11,78641.06029424838,57041.7662799678,21670.922561125983
2026-03-30 11:34:26,78634.13544160398,57041.7662799678,21663.991401125983
2026-03-30 11:34:42,78636.38144494679,57041.7662799678,21665.451661125982
2026-03-30 11:34:57,78651.65888286679,57041.7662799678,21680.742861125982
2026-03-30 11:35:13,78633.52009396655,57041.7662799678,21664.951061125983
2026-03-30 11:35:28,78654.53942804079,57041.7662799678,21683.626001125984
2026-03-30 11:35:44,78648.17747456521,57438.3134828178,21281.499021125983
2026-03-30 11:35:59,78670.20896804525,57035.076063217806,21706.788001125984
2026-03-30 11:36:15,78683.90061639658,57035.076063217806,21721.280401125987
2026-03-30 11:36:30,78692.4361564686,57035.076063217806,21729.823801125985
2026-03-30 11:36:46,78689.86340015352,57035.076063217806,21724.883701125986
2026-03-30 11:37:01,78685.62462701825,57035.076063217806,21722.217701125985
2026-03-30 11:37:17,78678.63460609587,57035.076063217806,21714.433101125986
2026-03-30 11:37:32,78690.91080108778,57035.076063217806,21728.297041125985
2026-03-30 11:37:47,78713.1429286958,57035.076063217806,21750.54964112599
2026-03-30 11:38:03,78715.6959777278,57035.076063217806,21753.10504112599
2026-03-30 11:38:18,78786.55956613389,57035.076063217806,21822.45528112599
2026-03-30 11:38:34,78851.48002555278,57035.076063217806,21885.85438112599
2026-03-30 11:38:49,78826.55401870188,57035.076063217806,21862.485761125987
2026-03-30 11:39:05,78871.04605244775,57035.076063217806,21909.38834112599
2026-03-30 11:39:20,78856.53395417836,57035.076063217806,21890.912761125986
2026-03-30 11:39:36,78835.27342416788,57035.076063217806,21871.213021125986
2026-03-30 11:39:51,78836.68605165789,57035.076063217806,21872.626921125986
2026-03-30 11:40:07,78843.59079179389,57035.076063217806,21879.537881125987
2026-03-30 11:40:22,78849.58894858988,57035.076063217806,21885.541441125988
2026-03-30 11:40:37,78846.70043085492,57035.076063217806,21881.860441125988
2026-03-30 11:40:53,78824.93457751189,57035.076063217806,21860.86486112599
2026-03-30 11:41:08,78818.50486726013,57035.076063217806,21853.63976112599
2026-03-30 11:41:24,78791.23963028188,57035.076063217806,21827.139561125987
2026-03-30 11:41:39,78776.06737027713,57035.076063217806,21811.164461125987
2026-03-30 11:41:55,78748.22000282389,57035.076063217806,21784.081181125985
2026-03-30 11:42:10,78738.84454809934,57035.076063217806,21773.908481125985
2026-03-30 11:42:26,78744.07524559122,57035.076063217806,21777.566181125985
2026-03-30 11:42:41,78748.39458449422,57035.076063217806,21781.889281125987
2026-03-30 11:42:57,78751.15405736766,57035.076063217806,21783.86228112599
2026-03-30 11:43:12,78754.0219774761,57035.076063217806,21785.94378112599
2026-03-30 11:43:28,78751.11584978609,57035.076063217806,21783.035181125986
2026-03-30 11:43:43,78743.48246176222,57035.076063217806,21776.97288112599
2026-03-30 11:43:59,78746.52484191966,57035.076063217806,21779.229081125988
2026-03-30 11:44:14,78743.79069336722,57035.076063217806,21777.281381125988
2026-03-30 11:44:30,78739.71926164877,57035.076063217806,21773.995181125985
2026-03-30 11:44:45,78727.77260842109,57035.076063217806,21759.672081125987
2026-03-30 11:45:00,78723.73795651387,57035.076063217806,21759.577081125986
2026-03-30 11:45:16,78738.76660812741,57035.076063217806,21772.252921125986
2026-03-30 11:45:31,78736.21335853788,57035.076063217806,21772.063721125985
2026-03-30 11:45:47,78736.11644084926,57035.076063217806,21768.811721125985
2026-03-30 11:46:02,78733.74502071261,57035.076063217806,21767.226961125987
2026-03-30 11:46:18,78753.37687745587,57035.076063217806,21789.242701125986
2026-03-30 11:46:33,78759.18558490988,57035.076063217806,21795.056641125986
2026-03-30 11:46:49,78779.407040164,57035.076063217806,21812.928741125987
2026-03-30 11:47:04,78795.97431731194,57035.076063217806,21831.089141125984
2026-03-30 11:47:20,78806.81500774807,57035.076063217806,21839.571141125987
2026-03-30 11:47:35,78783.00076038316,57035.076063217806,21817.314801125987
2026-03-30 11:47:51,78779.01857842001,57035.076063217806,21812.53994112599
2026-03-30 11:48:06,78745.29022076719,57035.076063217806,21775.627041125987
2026-03-30 11:48:21,78740.74240684423,57035.076063217806,21770.286741125987
2026-03-30 11:48:37,78700.66836504015,57035.076063217806,21731.756441125985
2026-03-30 11:48:52,78699.68052700411,57035.076063217806,21731.556101125985
2026-03-30 11:49:08,78686.73025114014,57035.076063217806,21721.747761125986
2026-03-30 11:49:23,78711.56515313046,57035.076063217806,21744.239301125985
2026-03-30 11:49:39,78726.58419605481,57035.076063217806,21760.059901125984
2026-03-30 11:49:54,78738.51815007124,57035.076063217806,21775.159401125988
2026-03-30 11:50:10,78743.23584433037,57035.076063217806,21777.514861125986
2026-03-30 11:50:25,78751.58078275312,57035.076063217806,21786.65606112599
2026-03-30 11:50:41,78724.60098508841,57035.076063217806,21765.17316112599
2026-03-30 11:50:56,78730.70492658064,57035.076063217806,21767.339061125986
2026-03-30 11:51:11,78731.4276712422,57035.076063217806,21768.851221125988
2026-03-30 11:51:27,78722.25044117936,57035.076063217806,21760.454221125987
2026-03-30 11:51:42,78721.34125548789,57035.076063217806,21757.178221125985
2026-03-30 11:51:58,78731.45393442459,57035.076063217806,21761.779261125987
2026-03-30 11:52:13,78732.3322494291,57035.076063217806,21764.235601125987
2026-03-30 11:52:29,78739.44076884014,57035.076063217806,21770.561441125985
2026-03-30 11:52:44,78740.56196480701,57035.076063217806,21774.049841125983
2026-03-30 11:53:00,78749.58069350143,57035.076063217806,21779.13228112599
2026-03-30 11:53:15,78750.41021273744,57035.076063217806,21779.96248112599
2026-03-30 11:53:31,78754.97799796685,57035.076063217806,21791.634241125987
2026-03-30 11:53:46,78745.44462879494,57035.076063217806,21780.514441125986
2026-03-30 11:54:02,78739.7188589478,57035.076063217806,21773.206001125985
2026-03-30 11:54:17,78739.03919470953,57035.076063217806,21774.103301125986
2026-03-30 11:54:32,78729.34492569588,57035.076063217806,21765.189101125987
2026-03-30 11:54:48,78728.21603590154,57035.076063217806,21763.270501125986
2026-03-30 11:55:03,78723.27693233086,57035.076063217806,21755.961161125986
2026-03-30 11:55:19,78723.42637718789,57035.076063217806,21759.265221125985
2026-03-30 11:55:34,78709.87843090814,57035.076063217806,21744.91656112599
2026-03-30 11:55:50,78691.36390116086,57035.076063217806,21724.02066112599
2026-03-30 11:56:05,78676.49682639437,57035.076063217806,21710.71706112599
2026-03-30 11:56:21,78657.52196966714,57035.076063217806,21692.51346112599
2026-03-30 11:56:36,78638.39588669181,57035.076063217806,21671.794801125987
2026-03-30 11:56:52,78617.06585997381,57035.076063217806,21650.44620112599
2026-03-30 11:57:07,78609.8896142091,57035.076063217806,21641.688801125987
2026-03-30 11:57:23,78591.31894577414,57035.076063217806,21622.315091125984
2026-03-30 11:57:38,78572.42987709331,57035.076063217806,21605.771351125986
2026-03-30 11:57:54,78586.24541087507,57035.076063217806,21618.811691125986
2026-03-30 11:58:09,78583.36106167044,57035.076063217806,21618.28649112599
2026-03-30 11:58:24,78598.68169402398,57035.076063217806,21632.833391125987
2026-03-30 11:58:40,78599.46120744797,57035.076063217806,21633.613591125988
2026-03-30 11:58:55,78609.92858721489,57035.076063217806,21645.665191125987
2026-03-30 11:59:11,78607.59448979488,57035.076063217806,21643.32899112599
2026-03-30 11:59:26,78590.72368719488,57035.076063217806,21626.442991125987
2026-03-30 11:59:42,78592.13361711489,57035.076063217806,21627.85419112599
2026-03-30 11:59:57,78604.13688922397,57035.076063217806,21638.293391125986
2026-03-30 12:00:13,78617.09592379551,57035.076063217806,21650.47629112599
2026-03-30 12:00:28,78645.5397458181,57035.076063217806,21677.36926112599
2026-03-30 12:00:43,78645.44435220974,57035.076063217806,21676.486001125988
2026-03-30 12:00:59,78626.5785765231,57035.076063217806,21658.391961125988
2026-03-30 12:01:14,78624.92923288242,57035.076063217806,21658.316421125986
2026-03-30 12:01:30,78633.4000467568,57035.076063217806,21663.64392112599
2026-03-30 12:01:45,78610.0357946255,56631.381503617806,22043.167421125985
2026-03-30 12:02:01,78606.93444238226,56631.381503617806,22044.000521125985
2026-03-30 12:02:16,78623.00531724542,56631.381503617806,22057.722661125987
2026-03-30 12:02:32,78611.61714495876,56631.381503617806,22047.112361125983
2026-03-30 12:02:47,78608.02883169801,56631.381503617806,22045.883321125984
2026-03-30 12:03:02,78590.0136181492,57029.3008027178,21629.932941125986
2026-03-30 12:03:18,78550.89510724146,56629.4256077178,21986.720901125987
2026-03-30 12:03:33,78547.27059016027,56629.4256077178,21984.66696112599
2026-03-30 12:03:49,78542.96308348535,56629.4256077178,21977.995561125987
2026-03-30 12:04:04,78535.41801342127,56629.4256077178,21972.804301125987
2026-03-30 12:04:20,78541.67831785773,56629.4256077178,21976.709741125986
2026-03-30 12:04:35,78529.74103347583,56629.4256077178,21963.976081125988
2026-03-30 12:04:51,78524.99598008484,56629.4256077178,21959.22718112599
2026-03-30 12:05:06,78538.43152241495,56629.4256077178,21973.460281125987
2026-03-30 12:05:21,78500.24895846406,56629.4256077178,21936.03268112599
2026-03-30 12:05:37,78494.60194937506,56629.4256077178,21930.38098112599
2026-03-30 12:05:52,78492.81099651718,56629.4256077178,21929.37478112599
2026-03-30 12:06:08,78490.91541174306,56629.4256077178,21926.691381125987
2026-03-30 12:06:23,78479.70567424278,56629.4256077178,21916.25844112599
2026-03-30 12:06:39,78501.30629008893,56629.4256077178,21936.30458112599
2026-03-30 12:06:54,78504.39585456694,56629.4256077178,21939.39668112599
2026-03-30 12:07:10,78508.03783142628,56629.4256077178,21943.828024222992
2026-03-30 12:07:25,78505.56738360129,56629.4256077178,21941.35552422299
2026-03-30 12:07:40,78510.99085569396,56629.4256077178,21947.56992422299
2026-03-30 12:07:56,78503.40003734195,56629.4256077178,21939.97272422299
2026-03-30 12:08:11,78510.45063288751,56629.4256077178,21946.242829972984
2026-03-30 12:08:27,78500.96521232651,56629.4256077178,21936.749529972985
2026-03-30 12:08:42,78438.40818214713,56629.4256077178,21874.926229972985
2026-03-30 12:08:58,78447.25834176314,56629.4256077178,21883.78382997299
2026-03-30 12:09:13,78455.34249428831,56629.4256077178,21892.66065989799
2026-03-30 12:09:29,78446.0972078606,56629.4256077178,21882.62171989799
2026-03-30 12:09:44,78425.8406376846,56629.4256077178,21862.34811989799
2026-03-30 12:10:00,78418.83382792787,56629.4256077178,21854.54991989799
2026-03-30 12:10:15,78410.39458327819,56629.4256077178,21846.88907989799
2026-03-30 12:10:30,78409.65008587632,56629.4256077178,21846.92937989799
2026-03-30 12:10:46,78416.12643467583,56629.4256077178,21850.26937989799
2026-03-30 12:11:01,78405.48566068982,56629.4256077178,21839.61997989799
2026-03-30 12:11:17,78395.85857863032,56629.4256077178,21833.126139897988
2026-03-30 12:11:32,78397.11031375031,56629.4256077178,21834.37893989799
2026-03-30 12:11:48,78397.775651156,57805.06146659218,20657.053118523607
2026-03-30 12:12:03,78411.23217600769,57805.06146659218,20668.949918523605
2026-03-30 12:12:19,78391.93013000769,57805.06146659218,20649.632418523604
2026-03-30 12:12:34,78389.915002178,57805.06146659218,20649.186018523607
2026-03-30 12:12:50,78385.91845021055,57805.06146659218,20642.830818523606
2026-03-30 12:13:05,78366.81799149221,57805.06146659218,20622.93035852361
2026-03-30 12:13:20,78349.9436455892,57805.06146659218,20609.181858523607
2026-03-30 12:13:36,78334.38061774519,57805.06146659218,20593.60605852361
2026-03-30 12:13:51,78338.7130622252,57805.06146659218,20597.942058523608
2026-03-30 12:14:07,78325.68580251194,57805.06146659218,20585.68865852361
2026-03-30 12:14:22,78327.32246170545,57805.06146659218,20585.75755852361
2026-03-30 12:14:38,78311.37518946745,57805.06146659218,20569.79735852361
2026-03-30 12:14:53,78308.8659569372,57805.06146659218,20568.07045852361
2026-03-30 12:15:08,78304.48221130944,57805.06146659218,20559.76165852361
2026-03-30 12:15:24,78299.95422054906,57805.06146659218,20555.23017852361
2026-03-30 12:15:39,78294.35183921379,57805.06146659218,20550.407638523608
2026-03-30 12:15:55,78302.01519237785,57805.06146659218,20557.292738523607
2026-03-30 12:16:10,78285.89142804766,57805.06146659218,20544.292938523606
2026-03-30 12:16:26,78288.1777183917,57805.06146659218,20545.796938523607
2026-03-30 12:16:41,78273.69161790465,57805.06146659218,20532.083238523606
2026-03-30 12:16:57,78273.05380898644,57805.06146659218,20534.581038523607
2026-03-30 12:17:12,78268.46001936754,57805.06146659218,20528.415338523606
2026-03-30 12:17:27,78266.21338562254,57805.06146659218,20526.166838523608
2026-03-30 12:17:43,78244.0063393578,57805.06146659218,20500.022838523608
2026-03-30 12:17:58,78310.80256089004,57805.06146659218,20566.08687852361
2026-03-30 12:18:14,78309.3807275302,57805.06146659218,20565.44825852361
2026-03-30 12:18:29,78301.23851088344,57805.06146659218,20556.51545852361
2026-03-30 12:18:45,78299.15278927596,57805.06146659218,20555.99655852361
2026-03-30 12:19:00,78298.8315623022,57805.06146659218,20554.89085852361
2026-03-30 12:19:15,78295.27755313294,57805.06146659218,20552.11825852361
2026-03-30 12:19:31,78282.31982617195,57805.06146659218,20542.286658523608
2026-03-30 12:19:46,78267.52314586399,57805.06146659218,20526.693718523606
2026-03-30 12:20:02,78247.45551482598,57805.06146659218,20506.609618523606
2026-03-30 12:20:17,78246.53830950113,57805.06146659218,20506.47541852361
2026-03-30 12:20:33,78251.35680939125,57805.06146659218,20506.595318523607
2026-03-30 12:20:48,78242.53330872224,57805.06146659218,20497.765018523605
2026-03-30 12:21:04,78217.68359774444,57805.06146659218,20472.896158523607
2026-03-30 12:21:19,78229.05753306544,57805.06146659218,20484.27885852361
2026-03-30 12:21:35,78232.42253944445,57805.06146659218,20486.079428523608
2026-03-30 12:21:50,78220.5084941315,57805.06146659218,20474.939828523606
2026-03-30 12:22:06,78240.5125494863,57805.06146659218,20494.959098523606
2026-03-30 12:22:21,78212.62706013961,57805.06146659218,20465.48579852361
2026-03-30 12:22:37,78211.47653074194,57805.06146659218,20465.11769852361
2026-03-30 12:22:52,78204.04027212194,57805.06146659218,20457.675858523606
2026-03-30 12:23:07,78189.93449617084,57805.06146659218,20448.25821852361
2026-03-30 12:23:23,78174.2980750477,57805.06146659218,20431.826118523608
2026-03-30 12:23:38,78155.0996687939,57805.06146659218,20415.743678523606
2026-03-30 12:23:54,78151.69226513478,57805.06146659218,20410.76777852361
2026-03-30 12:24:09,78128.22226053245,57805.06146659218,20389.626278523607
2026-03-30 12:24:25,78142.4305198259,57805.06146659218,20403.063878523608
2026-03-30 12:24:40,78149.4751773387,57805.06146659218,20410.114458523607
2026-03-30 12:24:56,78153.55655516239,57805.06146659218,20412.633598523607
2026-03-30 12:25:11,78124.25021963943,57805.06146659218,20385.650858523608
2026-03-30 12:25:27,78124.52016473244,57805.06146659218,20382.790858523607
2026-03-30 12:25:42,78110.1557300077,57805.06146659218,20367.632418523608
2026-03-30 12:25:57,78120.444149618,57805.06146659218,20379.49401852361
2026-03-30 12:26:13,78109.74093775674,57805.06146659218,20372.694118523606
2026-03-30 12:26:28,78096.90337616054,57805.06146659218,20359.84537852361
2026-03-30 12:26:44,78109.095104115,57805.06146659218,20371.26527852361
2026-03-30 12:26:59,78098.88631729744,57805.06146659218,20360.265378523607
2026-03-30 12:27:15,78109.13770929791,57805.06146659218,20369.743078523607
2026-03-30 12:27:30,78092.51433808745,57805.06146659218,20353.88797852361
2026-03-30 12:27:46,78089.0728779259,57805.06146659218,20349.661378523608
2026-03-30 12:28:01,78087.67995081244,57805.06146659218,20349.049478523608
2026-03-30 12:28:17,78085.2398004179,57805.06146659218,20345.82507852361
2026-03-30 12:28:32,78079.92724621744,57805.06146659218,20341.29017852361
2026-03-30 12:28:48,78079.30733359144,57805.06146659218,20340.669738523608
2026-03-30 12:29:03,78079.4067642875,57805.06146659218,20339.987138523607
2026-03-30 12:29:18,78079.23052492934,57805.06146659218,20342.15713852361
2026-03-30 12:29:34,78076.91852580543,57805.06146659218,20338.278898523607
2026-03-30 12:29:49,78078.42054800043,57805.06146659218,20339.782198523608
2026-03-30 12:30:05,78081.54634174705,57805.06146659218,20339.782198523608
2026-03-30 12:30:20,78078.90544036074,57805.06146659218,20338.703298523607
2026-03-30 12:30:36,78074.28847562474,57805.06146659218,20334.082498523607
2026-03-30 12:30:51,78029.89994497709,57805.06146659218,20290.438698523605
2026-03-30 12:31:07,78015.78155643845,57805.06146659218,20277.089918523605
2026-03-30 12:31:22,77988.90906821105,58184.17568854218,19870.299138523606
2026-03-30 12:31:38,77960.03233960023,58184.17568854218,19843.740938523606
2026-03-30 12:31:53,77980.65707959277,58184.17568854218,19862.821338523605
2026-03-30 12:32:09,77947.3896724365,58184.17568854218,19830.306438523603
2026-03-30 12:32:24,77970.25850785265,58184.17568854218,19851.63289852361
2026-03-30 12:32:40,77977.68892105826,58184.17568854218,19859.069558523606
2026-03-30 12:32:55,77982.93666228766,58184.17568854218,19861.978358523604
2026-03-30 12:33:10,77974.0004441836,60354.62172430448,17684.931944961307
2026-03-30 12:33:26,77984.85027079223,60354.62172430448,17697.35324496131
2026-03-30 12:33:41,77980.87434493158,60354.62172430448,17690.24941496131
2026-03-30 12:33:57,77982.55386659359,60354.62172430448,17691.930314961304
2026-03-30 12:34:12,77978.41400003241,60354.62172430448,17690.13031496131
2026-03-30 12:34:28,77977.64478442191,60354.62172430448,17689.36044496131
2026-03-30 12:34:43,77978.82488824362,60354.62172430448,17689.760444961306
2026-03-30 12:34:58,77981.71080511253,60354.62172430448,17694.992244961308
2026-03-30 12:35:14,77991.4386722342,60354.62172430448,17701.603614961306
2026-03-30 12:35:29,77971.41410584003,60354.62172430448,17683.90551496131
2026-03-30 12:35:45,77958.9979204252,60354.62172430448,17669.135914961305
2026-03-30 12:36:00,77968.2712171952,60354.62172430448,17678.416914961308
2026-03-30 12:36:16,77952.45016856598,60354.62172430448,17661.021114961306
2026-03-30 12:36:31,77962.38681335899,60354.62172430448,17670.965814961306
2026-03-30 12:36:47,77958.8939268116,60354.62172430448,17669.031834961308
2026-03-30 12:37:02,77961.89412007482,60354.62172430448,17674.377334961307
2026-03-30 12:37:17,77962.16528667083,60354.62172430448,17674.64873496131
2026-03-30 12:37:33,77979.57474165242,60354.62172430448,17692.073174961308
2026-03-30 12:37:48,77981.42888060043,60354.62172430448,17694.71007496131
2026-03-30 12:38:04,77967.91489186641,60354.62172430448,17679.62227496131
2026-03-30 12:38:19,77978.16207435142,60354.62172430448,17689.878174961308
2026-03-30 12:38:35,77966.60800264642,60354.62172430448,17679.09527496131
2026-03-30 12:38:50,77963.29765199844,60354.62172430448,17675.78207496131
2026-03-30 12:39:06,77967.54154679838,60354.62172430448,17676.90567496131
2026-03-30 12:39:21,77975.60918162539,60354.62172430448,17685.760974961308
2026-03-30 12:39:37,77979.9118074794,60354.62172430448,17690.067174961307
2026-03-30 12:39:52,77966.48381485039,60354.62172430448,17675.847074961308
2026-03-30 12:40:07,77987.05120900308,60354.62172430448,17695.65020496131
2026-03-30 12:40:23,77974.48519572508,60354.62172430448,17683.07400496131
2026-03-30 12:40:38,77979.82552180237,60354.62172430448,17687.637604961306
2026-03-30 12:40:54,77978.9581996314,60354.62172430448,17689.112774961308
2026-03-30 12:41:09,77954.7355511305,60354.62172430448,17664.87000496131
2026-03-30 12:41:25,77957.07310934551,60354.62172430448,17667.20950496131
2026-03-30 12:41:40,77950.7220850745,60354.62172430448,17660.85320496131
2026-03-30 12:41:56,77947.04837748814,60743.66153680448,17267.355874961308
2026-03-30 12:42:11,77923.30026692014,60743.66153680448,17243.58827496131
2026-03-30 12:42:27,77941.87114715329,60743.66153680448,17265.29731496131
2026-03-30 12:42:42,77947.43313515275,60743.66153680448,17271.644914961307
2026-03-30 12:42:57,77932.47413553928,60743.66153680448,17255.892214961306
2026-03-30 12:43:13,77928.93973841776,60743.66153680448,17253.13541496131
2026-03-30 12:43:28,77929.45885047772,60743.66153680448,17255.216314961308
2026-03-30 12:43:44,77929.17820047872,60743.66153680448,17254.935414961306
2026-03-30 12:43:59,77930.06415931974,60916.571594140594,17081.350757625194
2026-03-30 12:44:15,77930.2410544592,60916.571594140594,17083.86985762519
2026-03-30 12:44:30,77947.53854210903,60916.571594140594,17099.621197625194
2026-03-30 12:44:46,77952.1198215978,60916.571594140594,17101.863897625193
2026-03-30 12:45:01,77949.7147837887,60916.571594140594,17098.675997625192
2026-03-30 12:45:17,77953.91732033253,60916.571594140594,17101.320397625193
2026-03-30 12:45:32,77951.7956344047,60916.571594140594,17100.758597625198
2026-03-30 12:45:48,77925.7265808195,60916.571594140594,17074.667627625196
2026-03-30 12:46:03,77924.38482565862,60916.571594140594,17072.544197625193
2026-03-30 12:46:18,77909.04445558549,63132.87952772771,14841.663544038078
2026-03-30 12:46:34,77911.1115177935,63132.87952772771,14843.732344038077
2026-03-30 12:46:49,77910.23399852007,63132.87952772771,14844.414944038077
2026-03-30 12:47:05,77925.59399772927,63132.87952772771,14859.007574038076
2026-03-30 12:47:20,77929.73001912028,63132.87952772771,14863.147114038075
2026-03-30 12:47:36,77930.15754086182,63132.87952772771,14865.916954038075
2026-03-30 12:47:51,77930.15754086182,63132.87952772771,14865.916954038075
2026-03-30 12:48:07,77930.09439116613,63132.87952772771,14861.169984038075
2026-03-30 12:48:22,77920.50344788592,63132.87952772771,14857.034944038076
2026-03-30 12:48:38,77918.39089463062,63132.87952772771,14854.139944038077
2026-03-30 12:48:53,77920.16918274478,63132.87952772771,14853.578144038078
2026-03-30 12:49:09,77922.50877647492,63132.87952772771,14853.578144038078
2026-03-30 12:49:24,77922.44662363865,63132.87952772771,14852.735444038077
2026-03-30 12:49:39,77920.19660562836,63132.87952772771,14849.703144038078
2026-03-30 12:49:55,77915.05413423477,63132.87952772771,14848.458744038078
2026-03-30 12:50:10,77916.86777082836,63132.87952772771,14846.371644038078
2026-03-30 12:50:26,77910.32577212829,63132.87952772771,14839.044064038078
2026-03-30 12:50:41,77912.99573094035,63132.87952772771,14842.496504038076
2026-03-30 12:50:57,77903.77273277813,63132.87952772771,14838.728504038076
2026-03-30 12:51:12,77902.35484042845,63132.87952772771,14836.529004038077
2026-03-30 12:51:28,77899.30672406487,63132.87952772771,14833.478264038078
2026-03-30 12:51:43,77899.93847930733,63132.87952772771,14830.989324038077
2026-03-30 12:51:59,77902.7135505379,63132.87952772771,14831.425824038077
2026-03-30 12:52:14,77901.67258425146,63132.87952772771,14831.944564038078
2026-03-30 12:52:30,77901.31479642728,63132.87952772771,14830.025964038077
2026-03-30 12:52:45,77899.19419337546,63132.87952772771,14829.464164038078
2026-03-30 12:53:01,77899.41191144733,63132.87952772771,14830.462324038077
2026-03-30 12:53:16,77904.23716525685,63132.87952772771,14834.511224038079
2026-03-30 12:53:31,77893.23291804778,63132.87952772771,14826.618964038078
2026-03-30 12:53:47,77906.42086938513,63132.87952772771,14837.477034038078
2026-03-30 12:54:02,77905.70338948436,63132.87952772771,14835.198324038078
2026-03-30 12:54:18,77903.3643471488,63132.87952772771,14835.198324038078
2026-03-30 12:54:33,77906.66611868436,63132.87952772771,14836.161824038078
2026-03-30 12:54:49,77905.45801956994,63132.87952772771,14836.513394038077
2026-03-30 12:55:04,77910.50229222681,63132.87952772771,14838.440394038078
2026-03-30 12:55:20,77909.07566561682,63132.87952772771,14836.232354038077
2026-03-30 12:55:35,77903.39945913627,63132.87952772771,14836.794154038076
2026-03-30 12:55:51,77904.6279269848,63132.87952772771,14833.341714038079
2026-03-30 12:56:06,77899.38863124028,63132.87952772771,14832.779914038078
2026-03-30 12:56:22,77887.92838074027,63132.87952772771,14821.309914038078
2026-03-30 12:56:37,77894.81192775517,63132.87952772771,14823.517954038076
2026-03-30 12:56:52,77902.3744730811,63132.87952772771,14834.987954038077
2026-03-30 12:57:08,77910.16650225627,63132.87952772771,14843.566954038075
2026-03-30 12:57:23,77893.35870314036,63132.87952772771,14822.843754038076
2026-03-30 12:57:39,77892.05280918218,63132.87952772771,14820.756654038076
2026-03-30 12:57:54,77888.3850771212,63132.87952772771,14816.305914038077
2026-03-30 12:58:10,77896.94596591595,63132.87952772771,14827.214114038079
2026-03-30 12:58:25,77895.04818264153,63132.87952772771,14826.095014038077
2026-03-30 12:58:41,77896.72770430353,63132.87952772771,14827.775914038079
2026-03-30 12:58:56,77913.97683747683,63132.87952772771,14848.941494038078
2026-03-30 12:59:12,77897.80757698264,63132.87952772771,14832.758154038076
2026-03-30 12:59:27,77905.09258152271,63132.87952772771,14836.927994038077
2026-03-30 12:59:42,77903.21710659385,63132.87952772771,14838.172394038078
2026-03-30 12:59:58,77902.31736268706,63132.87952772771,14836.491494038077
2026-03-30 13:00:13,77906.50886185652,63132.87952772771,14839.125818619743
2026-03-30 13:00:29,77901.901305386,63132.87952772771,14836.075078619742
2026-03-30 13:00:44,77886.12354074106,63132.87952772771,14819.503538619745
2026-03-30 13:01:00,77882.14087398439,63132.87952772771,14816.297638619744
2026-03-30 13:01:15,77883.09065646838,63132.87952772771,14817.248238619744
2026-03-30 13:01:31,77892.30956100106,63132.87952772771,14828.035638619744
2026-03-30 13:01:46,77891.6551403324,63132.87952772771,14828.160938619745
2026-03-30 13:02:02,77895.89173071604,63132.87952772771,14829.280038619743
2026-03-30 13:02:17,77896.39068826771,63132.87952772771,14828.999138619743
2026-03-30 13:02:33,77895.11210912038,63132.87952772771,14829.280038619743
2026-03-30 13:02:48,77899.27036730372,63132.87952772771,14831.881238619744
2026-03-30 13:03:03,77897.49273571472,63132.87952772771,14832.443038619744
2026-03-30 13:03:19,77899.33270340106,63132.87952772771,14832.723938619743
2026-03-30 13:03:34,77887.7749245304,63132.87952772771,14821.936538619744
2026-03-30 13:03:50,77894.12256415306,63132.87952772771,14829.850238619745
2026-03-30 13:04:05,77884.50234137439,63132.87952772771,14818.661138619744
2026-03-30 13:04:21,77884.17822288106,63132.87952772771,14819.897138619743
2026-03-30 13:04:36,77884.33368595305,63132.87952772771,14820.052738619745
2026-03-30 13:04:52,77882.49398011774,63132.87952772771,14819.771838619743
2026-03-30 13:05:07,77894.11432279805,63132.87952772771,14827.501118619744
2026-03-30 13:05:23,77899.64980735957,63132.87952772771,14831.480698619744
2026-03-30 13:05:38,77899.70765966932,63132.87952772771,14832.318898619744
2026-03-30 13:05:53,77899.72682811006,63132.87952772771,14833.118398619743
2026-03-30 13:06:09,77900.99270932013,63132.87952772771,14833.605028619744
2026-03-30 13:06:24,77893.95402678412,63132.87952772771,14826.560428619743
2026-03-30 13:06:40,77893.14666553773,63132.87952772771,14825.752388619745
2026-03-30 13:06:55,77892.52741385688,63132.87952772771,14824.352388619744
2026-03-30 13:07:11,77904.75793802856,63132.87952772771,14838.153788619744
2026-03-30 13:07:26,77900.73032990412,63132.87952772771,14833.342428619742
2026-03-30 13:07:42,77901.81835519453,63132.87952772771,14834.431368619744
2026-03-30 13:07:57,77902.28965434324,63132.87952772771,14833.342428619742
2026-03-30 13:08:13,77899.54532415268,63132.87952772771,14831.376128619744
2026-03-30 13:08:28,77902.15303795229,63132.87952772771,14833.986008619742
2026-03-30 13:08:44,77898.19671442857,63132.87952772771,14830.026398619742
2026-03-30 13:08:59,77908.04761942055,63132.87952772771,14841.446268619744
2026-03-30 13:09:14,77908.46532406955,63132.87952772771,14841.864328619744
2026-03-30 13:09:30,77904.86035090356,63132.87952772771,14838.256288619745
2026-03-30 13:09:45,77905.25331659855,63132.87952772771,14838.649588619744
2026-03-30 13:10:01,77901.81415280812,63132.87952772771,14836.768218619745
2026-03-30 13:10:16,77903.65420699806,63132.87952772771,14837.049118619745
2026-03-30 13:10:32,77903.38208859466,63132.87952772771,14839.117918619744
2026-03-30 13:10:47,77894.21437037612,63132.87952772771,14829.161818619745
2026-03-30 13:11:03,77881.21111623467,63132.87952772771,14816.927418619744
2026-03-30 13:11:18,77885.09663396746,63132.87952772771,14820.816358619742
2026-03-30 13:11:33,77881.14864745313,63132.87952772771,14816.084718619742
2026-03-30 13:11:49,77870.43380861866,63132.87952772771,14806.140618619744
2026-03-30 13:12:04,77861.12584246759,63132.87952772771,14795.264518619744
2026-03-30 13:12:20,77861.12584246759,63132.87952772771,14795.264518619744
2026-03-30 13:12:35,77859.84793239467,63132.87952772771,14795.545418619744
2026-03-30 13:12:51,77859.75511603232,63132.87952772771,14794.672558619743
2026-03-30 13:13:06,77845.24700907612,63132.87952772771,14780.151818619745
2026-03-30 13:13:22,77839.10156527786,63132.87952772771,14774.780778619743
2026-03-30 13:13:37,77839.03867502992,63132.87952772771,14773.938078619743
2026-03-30 13:13:53,77841.12395925292,63132.87952772771,14776.025178619744
2026-03-30 13:14:08,77848.07383445067,63132.87952772771,14786.100578619744
2026-03-30 13:14:23,77865.05914374087,63132.87952772771,14803.101358619742
2026-03-30 13:14:39,77855.79490441651,63132.87952772771,14790.708898619743
2026-03-30 13:14:54,77869.19127942172,63132.87952772771,14804.116938619742
2026-03-30 13:15:10,77870.09133026506,63132.87952772771,14805.797838619743
2026-03-30 13:15:25,77873.0583062584,63132.87952772771,14809.547538619741
2026-03-30 13:15:41,77874.05584356573,63132.87952772771,14808.985738619742
2026-03-30 13:15:56,77870.76173193833,63132.87952772771,14805.688758619743
2026-03-30 13:16:12,77871.90999208212,63132.87952772771,14806.838018619743
2026-03-30 13:16:27,77869.52576816312,63132.87952772771,14804.451718619743
2026-03-30 13:16:43,77869.31712544827,63132.87952772771,14807.363218619743
2026-03-30 13:16:58,77870.99649582928,63132.87952772771,14809.044118619742
2026-03-30 13:17:14,77871.94533160227,63132.87952772771,14809.993818619743
2026-03-30 13:17:29,77873.35666111273,63132.87952772771,14810.626288619744
2026-03-30 13:17:45,77874.4167461699,63132.87952772771,14810.907188619743
2026-03-30 13:18:00,77875.07234560575,63132.87952772771,14812.343518619744
2026-03-30 13:18:15,77877.34071732927,63132.87952772771,14815.394118619743
2026-03-30 13:18:31,77884.85212041359,63132.87952772771,14821.351858619742
2026-03-30 13:18:46,77887.12099096426,63132.87952772771,14822.842498619742
2026-03-30 13:19:02,77890.82330317353,63132.87952772771,14825.767798619743
2026-03-30 13:19:17,77904.96537156006,63132.87952772771,14838.361398619743
2026-03-30 13:19:33,77890.10608022401,63132.87952772771,14826.610498619742
2026-03-30 13:19:48,77891.81304540373,63132.87952772771,14829.099298619742
2026-03-30 13:20:04,77893.541519959,63132.87952772771,14830.048998619743
2026-03-30 13:20:19,77904.0708804804,63132.87952772771,14840.587738619743
2026-03-30 13:20:35,77903.3664642648,63132.87952772771,14837.541498619743
2026-03-30 13:20:50,77904.212414403,63132.87952772771,14840.729398619744
2026-03-30 13:21:06,77905.39349699626,63132.87952772771,14841.131098619742
2026-03-30 13:21:21,77900.80513830826,63132.87952772771,14836.538698619743
2026-03-30 13:21:36,77891.36812876252,63132.87952772771,14826.313098619743
2026-03-30 13:21:52,77881.79238691212,63132.87952772771,14816.729018619742
2026-03-30 13:22:07,77877.68432254666,63132.87952772771,14813.397518619744
2026-03-30 13:22:23,77863.48421252359,63132.87952772771,14797.624918619746
2026-03-30 13:22:38,77861.71847741012,63132.87952772771,14794.297778619744
2026-03-30 13:22:54,77858.90025811759,63132.87952772771,14793.037018619743
2026-03-30 13:23:09,77868.27057394187,63132.87952772771,14803.975478619743
2026-03-30 13:23:25,77883.80199702892,63132.87952772771,14818.740378619743
2026-03-30 13:23:40,77880.21102389593,63132.87952772771,14815.146278619743
2026-03-30 13:23:56,77869.21494216585,63132.87952772771,14804.920678619743
2026-03-30 13:24:11,77867.37553897173,63132.87952772771,14804.639778619743
2026-03-30 13:24:26,77870.2218729328,63132.87952772771,14806.708578619744
2026-03-30 13:24:42,77857.28201100799,63132.87952772771,14791.41737861974
2026-03-30 13:24:57,77872.90332748205,63132.87952772771,14806.272078619742
2026-03-30 13:25:13,77883.2909311098,63132.87952772771,14819.789278619743
2026-03-30 13:25:28,77876.11182620481,63132.87952772771,14812.603778619743
2026-03-30 13:25:44,77883.28992494999,63132.87952772771,14817.447678619743
2026-03-30 13:25:59,77882.95981219805,63132.87952772771,14816.337118619744
2026-03-30 13:26:15,77882.39848972805,63132.87952772771,14815.775318619742
2026-03-30 13:26:30,77880.41060282453,63132.87952772771,14813.005618619743
2026-03-30 13:26:45,77879.84927473652,63132.87952772771,14812.443818619744
2026-03-30 13:27:01,77879.35048273805,63132.87952772771,14812.724718619744
2026-03-30 13:27:16,77880.06016995947,63132.87952772771,14815.775458619742
2026-03-30 13:27:32,77884.35876207906,63132.87952772771,14817.737258619742
2026-03-30 13:27:47,77882.51909412631,63132.87952772771,14817.456358619742
2026-03-30 13:28:03,77880.31055722653,63132.87952772771,14815.245898619742
2026-03-30 13:28:18,77876.92378454319,63132.87952772771,14811.076058619741
2026-03-30 13:28:34,77873.42746158906,63132.87952772771,14806.79665861974
2026-03-30 13:28:49,77879.87892980533,63132.87952772771,14812.473498619742
2026-03-30 13:29:05,77877.39208051491,63132.87952772771,14809.98455861974
2026-03-30 13:29:20,77879.87892980533,63132.87952772771,14812.473498619742
2026-03-30 13:29:35,77879.73980676693,63132.87952772771,14812.334258619741
2026-03-30 13:29:51,77897.61192156933,63132.87952772771,14830.221398619742
2026-03-30 13:30:06,77862.92108636933,63132.87952772771,14795.50139861974
2026-03-30 13:30:22,77874.89144281652,63132.87952772771,14807.481818619743
2026-03-30 13:30:37,77876.31820236905,63132.87952772771,14809.689858619742
2026-03-30 13:30:53,77873.86614557599,63132.87952772771,14805.675618619744
2026-03-30 13:31:08,77875.57346943252,63132.87952772771,14808.164418619743
2026-03-30 13:31:24,77876.13479752051,63132.87952772771,14808.726218619742
2026-03-30 13:31:39,77877.84355767662,62689.13136182271,15253.404500619743
2026-03-30 13:31:55,77874.9197251344,62689.13136182271,15251.258290619744
2026-03-30 13:32:10,77870.93567455039,62689.13136182271,15247.270890619742
2026-03-30 13:32:25,77873.9212458997,62689.13136182271,15249.478930619742
2026-03-30 13:32:41,77872.74705360137,62689.13136182271,15246.743750619742
2026-03-30 13:32:56,77873.35125251686,62689.13136182271,15250.468550619744
2026-03-30 13:33:12,77875.26282629686,62689.13136182271,15252.381750619743
2026-03-30 13:33:27,77887.33793506838,62689.13136182271,15263.686940619742
2026-03-30 13:33:43,77885.43103585044,62689.13136182271,15260.218140619743
2026-03-30 13:33:58,77883.76530287243,62689.13136182271,15258.551040619743
2026-03-30 13:34:14,77885.3428281116,62689.13136182271,15260.910000619742
2026-03-30 13:34:29,77885.78790838811,62689.13136182271,15261.355450619743
2026-03-30 13:34:45,77885.1511773139,62689.13136182271,15260.718190619744
2026-03-30 13:35:00,77888.27844905543,62689.13136182271,15263.067890619745
2026-03-30 13:35:16,77896.49095747792,62689.13136182271,15272.067390619743
2026-03-30 13:35:31,77891.8258120824,62689.13136182271,15268.178590619746
2026-03-30 13:35:46,77886.94988314793,62689.13136182271,15262.518390619745
2026-03-30 13:36:02,77886.73141497359,62689.13136182271,15263.079910619745
2026-03-30 13:36:17,77868.01262014294,64656.30632979148,13276.390428660974
2026-03-30 13:36:33,77867.23329317536,64656.30632979148,13276.390428660974
2026-03-30 13:36:48,77864.71630921937,64656.30632979148,13273.871328660975
2026-03-30 13:37:04,77861.73098415777,64656.30632979148,13271.663428660973
2026-03-30 13:37:19,77866.11513321935,64656.30632979148,13275.271328660974
2026-03-30 13:37:35,77866.66267289937,64656.30632979148,13275.819328660975
2026-03-30 13:37:50,77857.2335657232,64656.30632979148,13264.042718660974
2026-03-30 13:38:05,77840.90983347096,64656.30632979148,13250.044838660975
2026-03-30 13:38:21,77837.03287092532,64656.30632979148,13244.605288660974
2026-03-30 13:38:36,77834.94748234733,64656.30632979148,13242.518188660973
2026-03-30 13:38:52,77814.75916035713,64656.30632979148,13222.313298660976
2026-03-30 13:39:07,77818.49216677973,64656.30632979148,13226.049368660975
2026-03-30 13:39:23,77827.24527135296,64656.30632979148,13236.368788660973
2026-03-30 13:39:38,77827.64933165697,64656.30632979148,13236.773188660973
2026-03-30 13:39:54,77826.16114424277,64656.30632979148,13236.063328660974
2026-03-30 13:40:09,77830.66442489554,64656.30632979148,13239.011208660973
2026-03-30 13:40:24,77829.14039089454,64656.30632979148,13237.485908660972
2026-03-30 13:40:40,77828.64211701616,64656.30632979148,13237.766808660972
2026-03-30 13:40:55,77826.84783006327,64656.30632979148,13236.750598660974
2026-03-30 13:41:11,77830.41171481914,64656.30632979148,13238.758288660974
2026-03-30 13:41:26,77835.25313908896,64656.30632979148,13244.383388660972
2026-03-30 13:41:42,77837.73145555296,64656.30632979148,13246.863788660972
2026-03-30 13:41:57,77826.78762531214,64656.30632979148,13235.131188660975
2026-03-30 13:42:13,77849.73266140827,64656.30632979148,13259.654898660972
2026-03-30 13:42:28,77849.466260444,64656.30632979148,13260.168098660974
2026-03-30 13:42:44,77852.10838625999,64656.30632979148,13262.812498660975
2026-03-30 13:42:59,77851.84482454228,64656.30632979148,13261.768858660975
2026-03-30 13:43:15,77862.85927253959,64656.30632979148,13273.572638660975
2026-03-30 13:43:30,77851.5243289816,64656.30632979148,13262.227938660973
2026-03-30 13:43:45,77853.70232432427,64656.30632979148,13263.627938660975
2026-03-30 13:44:01,77852.13910419178,64656.30632979148,13262.063388660974
2026-03-30 13:44:16,77853.53791419177,64656.30632979148,13263.463388660975
2026-03-30 13:44:32,77854.31711188896,64656.30632979148,13263.463388660975
2026-03-30 13:44:47,77854.89356091176,64656.30632979148,13264.820188660975
2026-03-30 13:45:03,77856.97888687676,64656.30632979148,13266.907288660974
2026-03-30 13:45:18,77849.37895231677,64656.30632979148,13259.300888660973
2026-03-30 13:45:34,77848.52802621927,64656.30632979148,13258.449238660975
2026-03-30 13:45:49,77849.58783781895,64656.30632979148,13258.730138660974
2026-03-30 13:46:05,77847.82343563078,64656.30632979148,13257.744048660974
2026-03-30 13:46:20,77854.85065741077,64656.30632979148,13264.777248660976
2026-03-30 13:46:35,77845.31576896078,64656.30632979148,13255.234248660974
2026-03-30 13:46:51,77845.03510772578,64656.30632979148,13254.953348660974
2026-03-30 13:47:06,77846.63792782657,64656.30632979148,13255.777748660974
2026-03-30 13:47:22,77847.92584850577,64656.30632979148,13257.846548660975
2026-03-30 13:47:37,77849.37933292889,64656.30632979148,13260.860938660973
2026-03-30 13:47:53,77848.1012458329,64656.30632979148,13259.581738660974
2026-03-30 13:48:08,77848.24161959295,64656.30632979148,13257.382788660974
2026-03-30 13:48:24,77846.49980167678,64656.30632979148,13256.419288660974
2026-03-30 13:48:39,77847.72186204177,64656.30632979148,13257.642388660975
2026-03-30 13:48:55,77852.27558808177,64656.30632979148,13262.199988660974
2026-03-30 13:49:10,77869.75306958427,64656.30632979148,13279.692338660974
2026-03-30 13:49:25,77895.85589330878,64656.30632979148,13305.817368660973
2026-03-30 13:49:41,77890.96435465378,64656.30632979148,13300.921668660974
2026-03-30 13:49:56,77891.17192806628,64656.30632979148,13301.129418660974
2026-03-30 13:50:12,77898.59691146128,64656.30632979148,13308.560718660976
2026-03-30 13:50:27,77928.08629416177,64656.30632979148,13338.075188660974
2026-03-30 13:50:43,77961.49393909312,64656.30632979148,13369.168498660974
2026-03-30 13:50:58,77926.06651538335,64656.30632979148,13334.492548660975
2026-03-30 13:51:14,77969.18317882495,64656.30632979148,13377.645028660978
2026-03-30 13:51:29,77954.48103954177,64656.30632979148,13364.492388660974
2026-03-30 13:51:45,77954.62160995527,64656.30632979148,13364.633078660974
2026-03-30 13:52:00,77955.27637542058,64656.30632979148,13366.069288660974
2026-03-30 13:52:15,77965.2926440152,64656.30632979148,13376.094178660976
2026-03-30 13:52:31,77952.93494322953,64656.30632979148,13360.602478660974
2026-03-30 13:52:46,77951.46528615413,64656.30632979148,13358.350828660974
2026-03-30 13:53:02,77939.23043306169,64656.30632979148,13345.325408660974
2026-03-30 13:53:17,77932.50775726853,64656.30632979148,13340.158528660973
2026-03-30 13:53:33,77930.87140018253,64656.30632979148,13338.520828660974
2026-03-30 13:53:48,77932.48077712364,64656.30632979148,13340.912138660973
2026-03-30 13:54:04,77932.13154281495,64656.30632979148,13341.343238660975
2026-03-30 13:54:19,77973.12376974027,64656.30632979148,13383.150978660977
2026-03-30 13:54:35,77968.06956578472,64656.30632979148,13374.968568660976
2026-03-30 13:54:50,77965.50281911372,64656.30632979148,13373.180668660976
2026-03-30 13:55:05,77953.92991668172,64656.30632979148,13361.598268660975
2026-03-30 13:55:21,77966.38135493369,64656.30632979148,13372.498068660976
2026-03-30 13:55:36,77976.27248074372,64656.30632979148,13383.959168660975
2026-03-30 13:55:52,77968.48083238871,64656.30632979148,13375.380168660975
2026-03-30 13:56:07,77964.49666218272,64656.30632979148,13371.392768660975
2026-03-30 13:56:23,77953.22739322373,64656.30632979148,13360.895168660974
2026-03-30 13:56:38,77963.82300828471,64656.30632979148,13370.718568660976
2026-03-30 13:56:53,77977.7416893897,64656.30632979148,13383.867498660973
2026-03-30 13:57:09,77977.27791561052,64656.30632979148,13384.965428660975
2026-03-30 13:57:24,77977.20252209311,64656.30632979148,13384.108928660973
2026-03-30 13:57:40,77996.2097137871,64656.30632979148,13403.131528660975
2026-03-30 13:57:55,77978.71466112294,64656.30632979148,13387.184428660976
2026-03-30 13:58:11,77984.64243698194,64656.30632979148,13393.117128660975
2026-03-30 13:58:26,77983.90354813312,64656.30632979148,13391.596498660974
2026-03-30 13:58:42,77965.21614419884,64656.30632979148,13373.674698660972
2026-03-30 13:58:57,77981.15645538969,64656.30632979148,13387.284998660973
2026-03-30 13:59:13,77981.73172046841,64656.30632979148,13388.641798660972
2026-03-30 13:59:28,77980.38993166313,64656.30632979148,13388.079998660973
2026-03-30 13:59:43,77970.21588123112,64656.30632979148,13377.897598660973
2026-03-30 13:59:59,77958.48350967112,64656.30632979148,13366.155598660975
2026-03-30 14:00:14,77972.52581141797,64656.30632979148,13380.209424545059
2026-03-30 14:00:30,77973.4475240977,64656.30632979148,13382.69395454506
2026-03-30 14:00:45,77983.50906529771,64656.30632979148,13392.76395454506
2026-03-30 14:01:01,77987.0818616257,64656.30632979148,13396.339754545063
2026-03-30 14:01:16,77987.80760149169,64656.30632979148,13397.066104545062
2026-03-30 14:01:32,78007.36505447689,64212.16155684148,13860.003394545061
2026-03-30 14:01:47,77992.1003347189,64212.16155684148,13844.72599454506
2026-03-30 14:02:03,77980.98823752104,63762.82986894148,14282.936354545061
2026-03-30 14:02:18,77978.57891295129,63762.82986894148,14279.743954545062
2026-03-30 14:02:33,77985.61256027158,63762.82986894148,14289.12685454506
2026-03-30 14:02:49,77995.96914968158,63762.82986894148,14299.492254545059
2026-03-30 14:03:04,77997.04722283482,63762.82986894148,14299.789954545058
2026-03-30 14:03:20,77991.48451837106,63762.82986894148,14293.441354545059
2026-03-30 14:03:35,77990.59435781806,63762.82986894148,14292.550454545059
2026-03-30 14:03:51,77985.90285197643,63762.82986894148,14288.636214545058
2026-03-30 14:04:06,77982.48021814846,63762.82986894148,14284.42957454506
2026-03-30 14:04:22,77982.85482382688,63762.82986894148,14284.023374545059
2026-03-30 14:04:37,77974.35443986209,63762.82986894148,14275.51601454506
2026-03-30 14:04:52,78009.41804411048,63762.82986894148,14310.60839454506
2026-03-30 14:05:08,77951.74963101729,63762.82986894148,14252.892654545061
2026-03-30 14:05:23,77952.94612908369,63762.82986894148,14254.090134545062
2026-03-30 14:05:39,77782.55210501039,64399.60613480148,13446.780006845063
2026-03-30 14:05:54,77789.29859655155,64399.60613480148,13455.090406845062
2026-03-30 14:06:10,77790.63847722296,64399.60613480148,13455.652206845063
2026-03-30 14:06:25,77789.80097292898,64399.60613480148,13454.814006845063
2026-03-30 14:06:40,77795.23156179597,64399.60613480148,13460.249106845062
2026-03-30 14:06:56,77795.62377893155,64399.60613480148,13461.420906845062
2026-03-30 14:07:11,77810.00698687955,64399.60613480148,13475.81620684506
2026-03-30 14:07:27,77806.66311602673,64399.60613480148,13474.028306845063
2026-03-30 14:07:42,77809.42454564814,64399.60613480148,13476.012686845062
2026-03-30 14:07:58,77810.18074080355,64399.60613480148,13475.990106845062
2026-03-30 14:08:13,77814.14924707396,64399.60613480148,13479.182506845062
2026-03-30 14:08:29,77815.49174414213,64399.60613480148,13482.08504684506
2026-03-30 14:08:44,77836.70375859113,64399.60613480148,13503.315106845062
2026-03-30 14:08:59,77846.92066683114,64399.60613480148,13513.540706845062
2026-03-30 14:09:15,77842.65307111436,64399.60613480148,13508.489736845062
2026-03-30 14:09:30,77843.66037044063,64399.60613480148,13510.277636845061
2026-03-30 14:09:46,77841.65622604892,64399.60613480148,13509.051536845063
2026-03-30 14:10:01,77840.58248886564,64399.60613480148,13507.197136845063
2026-03-30 14:10:17,77823.80356308563,64399.60613480148,13490.403936845061
2026-03-30 14:10:32,77823.52290185064,64399.60613480148,13490.123036845062
2026-03-30 14:10:48,77822.34164705436,64399.60613480148,13488.16123684506
2026-03-30 14:11:03,77822.34164705436,64399.60613480148,13488.16123684506
2026-03-30 14:11:19,77819.60110821114,64399.60613480148,13486.197906845062
2026-03-30 14:11:34,77809.93503136614,64399.60613480148,13476.523606845061
2026-03-30 14:11:49,77817.26131811836,64399.60613480148,13483.076636845062
2026-03-30 14:12:05,77815.34605808064,64399.60613480148,13481.93923684506
2026-03-30 14:12:20,77816.92871001692,64399.60613480148,13484.302736845062
2026-03-30 14:12:36,77821.01183807064,64399.60613480148,13487.609836845062
2026-03-30 14:12:51,77822.00824868408,64399.60613480148,13487.04803684506
2026-03-30 14:13:07,77825.59936558106,64399.60613480148,13490.642136845063
2026-03-30 14:13:22,77837.38867232807,64399.60613480148,13502.441236845061
2026-03-30 14:13:38,77845.12954206907,64399.60613480148,13510.188536845062
2026-03-30 14:13:53,77838.54180675492,64399.60613480148,13505.934436845062
2026-03-30 14:14:08,77838.46926919091,64399.60613480148,13505.86183684506
2026-03-30 14:14:24,77838.85255927773,64399.60613480148,13506.245456845061
2026-03-30 14:14:39,77839.70490562893,64399.60613480148,13507.098536845062
2026-03-30 14:14:55,77838.47986007493,64399.60613480148,13505.872436845062
2026-03-30 14:15:10,77836.69349766892,64399.60613480148,13504.08453684506
2026-03-30 14:15:26,77836.04552611835,64399.60613480148,13501.876636845062
2026-03-30 14:15:41,77823.36009084235,64399.60613480148,13489.180536845062
2026-03-30 14:15:57,77825.16477363436,64399.60613480148,13490.986736845061
2026-03-30 14:16:12,77810.39642393099,64399.60613480148,13474.64717684506
2026-03-30 14:16:28,77818.77198808875,64399.60613480148,13484.58857684506
2026-03-30 14:16:43,77819.34710458477,64399.60613480148,13485.164176845063
2026-03-30 14:16:58,77831.14665614664,64399.60613480148,13497.753276845062
2026-03-30 14:17:14,77836.07387100652,64399.60613480148,13503.464376845062
2026-03-30 14:17:29,77842.55289425052,64399.60613480148,13509.948976845062
2026-03-30 14:17:45,77840.16328549164,64399.60613480148,13506.777576845063
2026-03-30 14:18:00,77840.26032271277,64399.60613480148,13506.094976845063
2026-03-30 14:18:16,77841.78883768075,64399.60613480148,13507.624776845061
2026-03-30 14:18:31,77842.56438567275,64399.60613480148,13508.400976845061
2026-03-30 14:18:47,77829.80541166288,64399.60613480148,13494.851676845063
2026-03-30 14:19:02,77837.76396413098,64399.60613480148,13502.037176845062
2026-03-30 14:19:17,77836.05513803755,64399.60613480148,13501.886256845062
2026-03-30 14:19:33,77835.79663866179,64399.60613480148,13500.068236845062
2026-03-30 14:19:48,77839.38428160292,64399.60613480148,13506.777636845061
2026-03-30 14:20:04,77838.36667471436,64399.60613480148,13504.199736845063
2026-03-30 14:20:19,77835.28795612378,64399.60613480148,13499.559136845062
2026-03-30 14:20:35,77830.96066741258,64399.60613480148,13495.228296845062
2026-03-30 14:20:50,77832.43146037258,64399.60613480148,13496.700296845062
2026-03-30 14:21:06,77834.46461519995,64399.60613480148,13500.294396845062
2026-03-30 14:21:21,77836.50444030637,64399.60613480148,13502.335936845062
2026-03-30 14:21:36,77845.93393287357,64399.60613480148,13511.773356845062
2026-03-30 14:21:52,77844.86860849835,64399.60613480148,13510.707136845062
2026-03-30 14:22:07,77844.02432772852,64399.60613480148,13511.42167684506
2026-03-30 14:22:23,77845.57841006732,64399.60613480148,13512.977096845061
2026-03-30 14:22:38,77846.28214004062,64399.60613480148,13512.901636845061
2026-03-30 14:22:54,77848.41011113515,64399.60613480148,13514.251616845062
2026-03-30 14:23:09,77821.57051534957,64399.60613480148,13487.389456845061
2026-03-30 14:23:24,77851.07116642427,64399.60613480148,13516.135096845062
2026-03-30 14:23:40,77848.70289065213,64399.60613480148,13515.324446845063
2026-03-30 14:23:55,77870.42668971414,64399.60613480148,13537.066726845063
2026-03-30 14:24:11,77858.17595170013,64399.60613480148,13524.80556684506
2026-03-30 14:24:26,77864.37215750638,64399.60613480148,13528.667206845063
2026-03-30 14:24:42,77860.43902464307,64399.60613480148,13525.510736845063
2026-03-30 14:24:57,77844.86222412727,64399.60613480148,13509.920996845063
2026-03-30 14:25:13,77842.70678768939,64399.60613480148,13506.984056845064
2026-03-30 14:25:28,77844.99316378396,64399.60613480148,13510.831796845063
2026-03-30 14:25:44,77844.60429838348,64399.60613480148,13509.662856845063
2026-03-30 14:25:59,77839.87101027607,64399.60613480148,13504.925636845062
2026-03-30 14:26:14,77829.79011968413,64399.60613480148,13497.175216845062
2026-03-30 14:26:30,77827.83569540821,64399.60613480148,13495.998736845062
2026-03-30 14:26:45,77834.9038407672,64399.60613480148,13503.073036845062
2026-03-30 14:27:01,77789.39593913106,64399.60613480148,13459.863326845061
2026-03-30 14:27:16,77871.43423461195,66714.95402416166,11221.947207484873
2026-03-30 14:27:32,77893.7011625548,66714.95402416166,11246.573667484874
2026-03-30 14:27:47,77917.06747046795,66714.95402416166,11267.618807484874
2026-03-30 14:28:03,77880.46719054996,66714.95402416166,11230.987757484874
2026-03-30 14:28:18,77811.916275679,66714.95402416166,11160.040997484872
2026-03-30 14:28:33,77806.86919864312,66714.95402416166,11158.886677484874
2026-03-30 14:28:49,77802.5706051765,66714.95402416166,11155.363757484873
2026-03-30 14:29:04,77782.93248305815,66714.95402416166,11134.150197484874
2026-03-30 14:29:20,77793.14311325639,66714.95402416166,11142.031817484874
2026-03-30 14:29:35,77782.0843637261,66714.95402416166,11134.859677484874
2026-03-30 14:29:51,77796.64973347614,66714.95402416166,11147.879117484874
2026-03-30 14:30:06,77795.12273253113,66714.95402416166,11146.350817484874
2026-03-30 14:30:22,77814.86233471957,66714.95402416166,11164.548297484875
2026-03-30 14:30:37,77826.36839675497,66714.95402416166,11176.063917484873
2026-03-30 14:30:52,77826.88470244678,66714.95402416166,11175.801097484873
2026-03-30 14:31:08,77814.3044197142,66714.95402416166,11162.431077484875
2026-03-30 14:31:23,77777.91519138413,66714.95402416166,11129.128637484873
2026-03-30 14:31:39,77772.94213738617,66714.95402416166,11122.593277484873
2026-03-30 14:31:54,77773.78695832919,66714.95402416166,11122.659777484872
2026-03-30 14:32:10,77778.19592001358,66714.95402416166,11127.072357484874
2026-03-30 14:32:25,77795.96957365678,66714.95402416166,11144.860597484874
2026-03-30 14:32:41,77824.18417116818,66714.95402416166,11173.877877484874
2026-03-30 14:32:56,77834.15958298014,66714.95402416166,11185.420877484876
2026-03-30 14:33:12,77835.25680954414,66714.95402416166,11186.519037484875
2026-03-30 14:33:27,77835.59403311597,66714.95402416166,11185.297217484876
2026-03-30 14:33:43,77834.0463957504,66714.95402416166,11182.189057484875
2026-03-30 14:33:58,77805.33122792814,66714.95402416166,11156.567997484874
2026-03-30 14:34:14,77804.68764896819,66714.95402416166,11153.585827484874
2026-03-30 14:34:29,77805.24898829218,66714.95402416166,11154.147627484874
2026-03-30 14:34:44,77791.54753270617,66714.95402416166,11140.434927484874
2026-03-30 14:35:00,77796.75672766077,66714.95402416166,11145.648397484874
2026-03-30 14:35:15,77798.19416079618,66714.95402416166,11147.866277484874
2026-03-30 14:35:31,77809.64584990678,66714.95402416166,11158.548097484874
2026-03-30 14:35:46,77822.59542370275,66714.95402416166,11173.067337484876
2026-03-30 14:36:02,77837.54891221235,66714.95402416166,11188.033397484875
2026-03-30 14:36:17,77852.14673058358,66714.95402416166,11201.083857484873
2026-03-30 14:36:33,77841.98094355661,66714.95402416166,11190.130037484874
2026-03-30 14:36:48,77857.87919610417,66714.95402416166,11206.821027484875
2026-03-30 14:37:04,77893.46343161586,66714.95402416166,11243.214687484873
2026-03-30 14:37:19,77889.0122473183,66714.95402416166,11237.199467484874
2026-03-30 14:37:35,77885.46529693739,66714.95402416166,11234.429767484873
2026-03-30 14:37:50,77859.23806320815,66714.95402416166,11205.841467484875
2026-03-30 14:38:06,77845.05608605321,66714.95402416166,11192.427967484873
2026-03-30 14:38:21,77837.91867135355,66714.95402416166,11188.403467484875
2026-03-30 14:38:36,77834.94923800523,66714.95402416166,11182.313027484875
2026-03-30 14:38:52,77845.83064590923,66714.95402416166,11193.203147484875
2026-03-30 14:39:07,77822.0472129675,66714.95402416166,11170.180147484874
2026-03-30 14:39:23,77803.4534860955,66714.95402416166,11151.571347484874
2026-03-30 14:39:38,77813.1094584175,66714.95402416166,11161.235147484875
2026-03-30 14:39:54,77813.44544614556,66714.95402416166,11163.909667484875
2026-03-30 14:40:09,77815.33137057564,66714.95402416166,11166.576647484875
2026-03-30 14:40:25,77814.58494652378,66714.95402416166,11163.491247484875
2026-03-30 14:40:40,77827.12552521835,66714.95402416166,11177.601247484876
2026-03-30 14:40:56,77835.87075305115,66714.95402416166,11186.353827484872
2026-03-30 14:41:11,77852.73623679178,66714.95402416166,11201.673847484873
2026-03-30 14:41:27,77850.87314503451,66714.95402416166,11199.029447484874
2026-03-30 14:41:42,77841.74465386006,66714.95402416166,11191.452947484875
2026-03-30 14:41:58,77838.72443589778,66714.95402416166,11187.650547484873
2026-03-30 14:42:13,77849.46874113836,66714.95402416166,11199.963247484873
2026-03-30 14:42:28,77856.01703594635,66714.95402416166,11206.517047484875
2026-03-30 14:42:44,77848.91707107778,66714.95402416166,11197.851547484875
2026-03-30 14:42:59,77856.40702656565,66714.95402416166,11207.687247484875
2026-03-30 14:43:15,77857.12347883207,66714.95402416166,11206.844547484876
2026-03-30 14:43:30,77856.90558893434,66714.95402416166,11207.406347484875
2026-03-30 14:43:46,77851.57219022907,66714.95402416166,11201.288647484875
2026-03-30 14:44:01,77854.21889164207,66714.95402416166,11203.937547484875
2026-03-30 14:44:17,77858.25064250907,66714.95402416166,11207.972647484874
2026-03-30 14:44:32,77868.47714745907,66714.95402416166,11218.207647484873
2026-03-30 14:44:48,77862.35624191379,66714.95402416166,11211.301747484873
2026-03-30 14:45:03,77856.12221057506,66714.95402416166,11205.842447484873
2026-03-30 14:45:18,77867.68462693035,66714.95402416166,11218.194447484873
2026-03-30 14:45:34,77858.52751251606,66714.95402416166,11208.249747484873
2026-03-30 14:45:49,77859.1415422035,66714.95402416166,11207.304547484873
2026-03-30 14:46:05,77840.81700444866,66714.95402416166,11190.524527484873
2026-03-30 14:46:20,77839.13322314806,66714.95402416166,11188.839347484874
2026-03-30 14:46:36,77843.07721453435,66714.95402416166,11193.566347484875
2026-03-30 14:46:51,77853.01356098636,66714.95402416166,11203.511047484875
2026-03-30 14:47:07,77841.73680686063,66714.95402416166,11193.004547484876
2026-03-30 14:47:22,77853.34238454237,66714.95402416166,11203.840147484876
2026-03-30 14:47:38,77886.75929074235,66714.95402416166,11237.285147484874
2026-03-30 14:47:53,77902.00313690063,66714.95402416166,11253.322147484874
2026-03-30 14:48:09,77904.15136911435,66714.95402416166,11254.691847484874
2026-03-30 14:48:24,77908.00482948635,66714.95402416166,11258.548547484874
2026-03-30 14:48:40,77900.73004544235,66714.95402416166,11251.267647484874
2026-03-30 14:48:55,77913.13826399064,66714.95402416166,11264.466747484874
2026-03-30 14:49:10,77919.42901230564,66714.95402416166,11270.762847484875
2026-03-30 14:49:26,77942.36706788007,66714.95402416166,11292.158947484873
2026-03-30 14:49:41,77945.91781830907,66714.95402416166,11295.712647484874
2026-03-30 14:49:57,77944.45706398979,66714.95402416166,11293.469947484875
2026-03-30 14:50:12,77942.1287738462,66714.95402416166,11295.043447484875
2026-03-30 14:50:28,77948.07843935436,66714.95402416166,11298.655847484875
2026-03-30 14:50:43,77950.81874715908,66714.95402416166,11300.617647484873
2026-03-30 14:50:59,77943.6149432807,66714.95402416166,11291.846427484874
2026-03-30 14:51:14,77953.89277359766,66714.95402416166,11303.694227484875
2026-03-30 14:51:30,77944.03808510509,66714.95402416166,11297.735227484874
2026-03-30 14:51:45,77950.89150671847,66714.95402416166,11300.690467484876
2026-03-30 14:52:01,77955.62357583846,66714.95402416166,11305.426467484875
2026-03-30 14:52:16,77953.53096728277,66714.95402416166,11302.551297484875
2026-03-30 14:52:31,77950.13583968516,66714.95402416166,11300.714977484875
2026-03-30 14:52:47,77947.990266396,66714.95402416166,11296.225297484874
2026-03-30 14:53:02,77930.50167433757,66714.95402416166,11280.283697484874
2026-03-30 14:53:18,77928.87972982835,66714.95402416166,11279.440997484873
2026-03-30 14:53:33,77919.22844372437,66714.95402416166,11269.781597484873
2026-03-30 14:53:49,77918.11028376836,66714.95402416166,11268.662497484873
2026-03-30 14:54:04,77920.20317370862,66714.95402416166,11271.537667484874
2026-03-30 14:54:20,77918.29698264647,66714.95402416166,11268.068867484873
2026-03-30 14:54:35,77892.99328216407,66714.95402416166,11242.744147484873
2026-03-30 14:54:50,77876.84754928977,66714.95402416166,11225.804947484872
2026-03-30 14:55:06,77887.0526318132,66714.95402416166,11239.919347484873
2026-03-30 14:55:21,77880.47657266236,66714.95402416166,11230.997147484873
2026-03-30 14:55:37,77881.39999633435,66714.95402416166,11231.921347484873
2026-03-30 14:55:52,77882.51815629036,66714.95402416166,11233.040447484873
2026-03-30 14:56:08,77879.15918020236,66714.95402416166,11229.678647484874
2026-03-30 14:56:23,77879.98678652306,66714.95402416166,11229.726847484873
2026-03-30 14:56:39,77875.38438209063,66714.95402416166,11226.680747484872
2026-03-30 14:56:54,77873.16726824064,66714.95402416166,11224.461747484873
2026-03-30 14:57:10,77875.47703511771,66714.95402416166,11227.553567484872
2026-03-30 14:57:25,77877.31654931356,66714.95402416166,11227.834467484872
2026-03-30 14:57:41,77876.60442799835,66714.95402416166,11227.121747484873
2026-03-30 14:57:56,77886.42007592236,66714.95402416166,11236.945647484874
2026-03-30 14:58:11,77886.05348411835,66714.95402416166,11236.578747484873
2026-03-30 14:58:27,77882.10542659106,66714.95402416166,11231.847247484873
2026-03-30 14:58:42,77880.76463049036,66714.95402416166,11231.285447484874
2026-03-30 14:58:58,77880.66718788563,66714.95402416166,11231.968047484874
2026-03-30 14:59:13,77881.16599306236,66714.95402416166,11231.687147484874
2026-03-30 14:59:29,77879.54454294563,66714.95402416166,11230.844447484873
2026-03-30 14:59:44,77878.76508496092,66714.95402416166,11230.844447484873
2026-03-30 15:00:00,77882.17347006807,66714.95402416166,11231.915347484874
2026-03-30 15:00:15,77884.31895806034,66714.95402416166,11235.622924304873
2026-03-30 15:00:31,77906.7771636848,66714.95402416166,11255.759124304874
2026-03-30 15:00:46,77902.11665652983,66714.95402416166,11252.655424304876
2026-03-30 15:01:02,77876.05938467034,66714.95402416166,11227.356324304874
2026-03-30 15:01:17,77876.18886667279,66714.95402416166,11225.145724304875
2026-03-30 15:01:32,77886.37569807837,66714.95402416166,11239.241824304874
2026-03-30 15:01:48,77899.53110762966,66714.95402416166,11251.628344304872
2026-03-30 15:02:03,77895.51282190872,66314.45930421166,11648.881624304871
2026-03-30 15:02:19,77881.9815266173,66314.45930421166,11633.778224304875
2026-03-30 15:02:34,77894.60005583259,66314.45930421166,11645.627224304873
2026-03-30 15:02:50,77895.62511969729,66314.45930421166,11647.433424304872
2026-03-30 15:03:05,77901.54312511328,66314.45930421166,11653.356464304874
2026-03-30 15:03:21,77900.96764256297,66314.45930421166,11652.000164304873
2026-03-30 15:03:36,77902.38831467947,66314.45930421166,11652.641704304873
2026-03-30 15:03:51,77903.78715267946,66314.45930421166,11654.041704304873
2026-03-30 15:04:07,77900.02124098266,66314.45930421166,11650.272664304872
2026-03-30 15:04:22,77913.19180563337,66314.45930421166,11664.234604304873
2026-03-30 15:04:38,77913.53466363429,66314.45930421166,11665.358204304874
2026-03-30 15:04:53,77914.6573085743,66314.45930421166,11666.481804304873
2026-03-30 15:05:09,77919.02359592645,66314.45930421166,11669.290804304872
2026-03-30 15:05:24,77931.39949831339,66314.45930421166,11682.457604304875
2026-03-30 15:05:40,77931.10972610537,66314.45930421166,11681.386974304874
2026-03-30 15:05:55,77942.94441225214,66314.45930421166,11692.450774304874
2026-03-30 15:06:11,77933.22069254775,66314.45930421166,11683.499694304875
2026-03-30 15:06:26,77937.42166544018,66314.45930421166,11688.484834304874
2026-03-30 15:06:42,77953.77412460014,66314.45930421166,11703.289374304872
2026-03-30 15:06:57,77957.08482759574,66314.45930421166,11706.602794304874
2026-03-30 15:07:12,77979.83084055813,66314.45930421166,11729.367474304874
2026-03-30 15:07:28,78007.47740827575,66314.45930421166,11757.818094304874
2026-03-30 15:07:43,78011.83658582374,66314.45930421166,11760.618094304875
2026-03-30 15:07:59,78021.21638202974,66314.45930421166,11770.005494304874
2026-03-30 15:08:14,78029.92835449378,66314.45930421166,11781.069294304874
2026-03-30 15:08:30,78025.92631902978,66314.45930421166,11777.063894304874
2026-03-30 15:08:45,78036.41749902978,66314.45930421166,11787.563894304874
2026-03-30 15:09:01,78038.19921478374,66314.45930421166,11787.002094304875
2026-03-30 15:09:16,78052.28792698713,66314.45930421166,11801.884024304874
2026-03-30 15:09:32,78048.55162779258,66314.45930421166,11799.708224304875
2026-03-30 15:09:47,78061.17193479787,66314.45930421166,11811.557224304872
2026-03-30 15:10:02,78045.81744901162,66314.45930421166,11794.626504304873
2026-03-30 15:10:18,78042.67029991353,66314.45930421166,11792.258504304873
2026-03-30 15:10:33,78044.85921202938,66314.45930421166,11796.012704304872
2026-03-30 15:10:49,78067.02834993546,66314.45930421166,11817.41850430487
2026-03-30 15:11:04,78057.37257088946,66314.45930421166,11807.754704304873
2026-03-30 15:11:20,78060.20802818458,66314.45930421166,11811.374424304873
2026-03-30 15:11:35,78052.23633004057,66314.45930421166,11803.396024304873
2026-03-30 15:11:51,78052.30538015146,66314.45930421166,11802.683304304874
2026-03-30 15:12:06,78055.76787109113,66314.45930421166,11805.366824304872
2026-03-30 15:12:22,78045.91111026813,66314.45930421166,11795.501974304872
2026-03-30 15:12:37,78030.93420296336,66314.45930421166,11781.294374304873
2026-03-30 15:12:53,78017.30010866196,66314.45930421166,11767.648954304872
2026-03-30 15:13:08,77987.49558696436,66314.45930421166,11737.819674304874
2026-03-30 15:13:23,77980.65536906135,66314.45930421166,11730.973774304874
2026-03-30 15:13:39,77979.27031960736,66314.45930421166,11729.587574304875
2026-03-30 15:13:54,77987.61432815777,66314.45930421166,11738.719694304873
2026-03-30 15:14:10,78000.56572262374,66314.45930421166,11749.338094304872
2026-03-30 15:14:25,78003.19419183774,66314.45930421166,11751.968694304873
2026-03-30 15:14:41,77991.02327654976,66314.45930421166,11741.350294304873
2026-03-30 15:14:56,77991.14397628576,66314.45930421166,11741.471094304874
2026-03-30 15:15:12,77988.35166774574,66314.45930421166,11737.895294304873
2026-03-30 15:15:27,78010.25647973036,66314.45930421166,11760.599474304872
2026-03-30 15:15:43,78008.79370252657,66314.45930421166,11759.916874304872
2026-03-30 15:15:58,78009.57444628836,66314.45930421166,11759.916874304872
2026-03-30 15:16:13,78007.27232007815,66314.45930421166,11756.831474304872
2026-03-30 15:16:29,78004.28808506594,66314.45930421166,11753.063474304872
2026-03-30 15:16:44,78006.07183905394,66314.45930421166,11754.848674304872
2026-03-30 15:17:00,78005.77310122772,66314.45930421166,11754.549694304873
2026-03-30 15:17:15,78021.35672139094,66314.45930421166,11770.927434304873
2026-03-30 15:17:31,77997.3678859257,66314.45930421166,11745.356434304871
2026-03-30 15:17:46,77992.94522001156,66314.45930421166,11743.273834304871
2026-03-30 15:18:02,78007.98594161618,66314.45930421166,11759.108434304871
2026-03-30 15:18:17,78014.21533115416,66314.45930421166,11764.561614304874
2026-03-30 15:18:33,78018.07899133534,66314.45930421166,11767.647014304874
2026-03-30 15:18:48,78018.20133347297,66314.45930421166,11769.332414304874
2026-03-30 15:19:04,78027.53371084524,66314.45930421166,11776.327944304874
2026-03-30 15:19:19,78010.96774479578,66314.45930421166,11762.092744304871
2026-03-30 15:19:34,78009.94380946226,66314.45930421166,11760.286544304872
2026-03-30 15:19:50,78014.04882878074,66314.45930421166,11763.613544304873
2026-03-30 15:20:05,78028.98477125674,66314.45930421166,11778.561744304874
2026-03-30 15:20:21,78025.46126290473,66314.45930421166,11775.035344304873
2026-03-30 15:20:36,78024.77922263675,66314.45930421166,11774.352744304873
2026-03-30 15:20:52,78005.43237706166,66314.45930421166,11755.771364304872
2026-03-30 15:21:07,78006.78821831633,66314.45930421166,11755.565634304872
2026-03-30 15:21:22,78013.34967024956,66314.45930421166,11763.695234304872
2026-03-30 15:21:38,78003.34558264533,66314.45930421166,11752.901514304873
2026-03-30 15:21:53,78007.89308297916,66314.45930421166,11758.23411430487
2026-03-30 15:22:09,78008.68202761117,66314.45930421166,11759.023714304873
2026-03-30 15:22:24,78025.51281909453,66314.45930421166,11774.305414304872
2026-03-30 15:22:40,78022.03287648874,66314.45930421166,11771.604144304873
2026-03-30 15:22:55,78021.19536381273,66314.45930421166,11770.765944304872
2026-03-30 15:23:11,78031.90396806723,66314.45930421166,11780.701744304872
2026-03-30 15:23:26,78020.47815868925,66314.45930421166,11770.829644304871
2026-03-30 15:23:42,78033.70107455226,66314.45930421166,11784.063544304872
2026-03-30 15:23:57,78022.80192835825,66314.45930421166,11773.155344304872
2026-03-30 15:24:13,78032.76082560715,66314.45930421166,11783.122514304872
2026-03-30 15:24:28,78024.38361729935,66314.45930421166,11773.95681430487
2026-03-30 15:24:43,78022.9742644217,66314.45930421166,11770.98331430487
2026-03-30 15:24:59,78023.20677826171,66314.45930421166,11771.216014304871
2026-03-30 15:25:14,77998.66794145893,66314.45930421166,11748.220034304873
2026-03-30 15:25:30,77988.24549487894,66314.45930421166,11737.789034304873
2026-03-30 15:25:45,77982.73280336571,66314.45930421166,11730.70963430487
2026-03-30 15:26:01,77958.14503751014,66314.45930421166,11707.663874304873
2026-03-30 15:26:16,77970.67275635015,66314.45930421166,11720.201874304872
2026-03-30 15:26:32,77973.00280414293,66314.45930421166,11722.533834304873
2026-03-30 15:26:47,77995.77851273493,66314.45930421166,11745.328234304872
2026-03-30 15:27:03,78008.11847856571,66314.45930421166,11756.115634304873
2026-03-30 15:27:18,78004.6522337817,66314.45930421166,11752.646614304873
2026-03-30 15:27:33,78010.95773720315,66314.45930421166,11761.301314304874
2026-03-30 15:27:49,78017.32738554172,66314.45930421166,11765.331914304872
2026-03-30 15:28:04,78019.35160037791,66314.45930421166,11766.576314304872
2026-03-30 15:28:20,78017.7793434429,66314.45930421166,11765.002814304873
2026-03-30 15:28:35,78024.06898954454,66314.45930421166,11772.860414304872
2026-03-30 15:28:51,78011.52748631491,66314.45930421166,11758.746014304872
2026-03-30 15:29:06,78005.36905986171,66314.45930421166,11753.364014304872
2026-03-30 15:29:22,78005.14972657053,66314.45930421166,11753.925814304872
2026-03-30 15:29:37,78007.39510633853,66314.45930421166,11756.173014304872
2026-03-30 15:29:53,78006.83376139653,66314.45930421166,11755.611214304872
2026-03-30 15:30:08,78018.80931498016,66314.45930421166,11769.159414304873
2026-03-30 15:30:23,78031.65366098033,66314.45930421166,11780.451234304874
2026-03-30 15:30:39,78048.90447369573,66314.45930421166,11798.497794304873
2026-03-30 15:30:54,78068.10307792055,66314.45930421166,11817.712154304872
2026-03-30 15:31:10,78071.98964234954,66314.45930421166,11820.819914304873
2026-03-30 15:31:25,78072.37295161733,66314.45930421166,11821.203534304874
2026-03-30 15:31:41,78073.66490428733,66314.45930421166,11822.496534304872
2026-03-30 15:31:56,78075.20856663815,66314.45930421166,11824.823474304872
2026-03-30 15:32:12,78084.10853723701,65910.79632336166,12236.611614304868
2026-03-30 15:32:27,78112.35676762172,65910.79632336166,12264.88274430487
2026-03-30 15:32:42,78119.1832247804,65910.79632336166,12270.93228430487
2026-03-30 15:32:58,78113.69624255836,65910.79632336166,12267.78814430487
2026-03-30 15:33:13,78107.80666341184,65910.79632336166,12261.111304304872
2026-03-30 15:33:29,78120.68895126664,65910.79632336166,12274.00416430487
2026-03-30 15:33:44,78108.55815071717,65910.79632336166,12262.64578430487
2026-03-30 15:34:00,78096.83335898838,65910.79632336166,12248.564524304871
2026-03-30 15:34:15,78106.44711831813,65910.79632336166,12258.968304304872
2026-03-30 15:34:31,78106.24311657244,65910.79632336166,12259.546474304869
2026-03-30 15:34:46,78099.2969365484,65910.79632336166,12251.030074304872
2026-03-30 15:35:02,78106.16875759684,65910.79632336166,12259.47205430487
2026-03-30 15:35:17,78105.39202363761,65910.79632336166,12257.91235430487
2026-03-30 15:35:32,78105.06319020862,65910.79632336166,12257.58325430487
2026-03-30 15:35:48,78114.83960278107,65910.79632336166,12268.932454304871
2026-03-30 15:36:03,78113.16499386106,65910.79632336166,12267.25645430487
2026-03-30 15:36:19,78115.03004458305,65910.79632336166,12269.12305430487
2026-03-30 15:36:34,78115.17636529684,65910.79632336166,12268.48705430487
2026-03-30 15:36:50,78121.24698330484,65910.79632336166,12274.562654304871
2026-03-30 15:37:05,78122.97047355062,65910.79632336166,12275.50505430487
2026-03-30 15:37:21,78124.08117328439,65910.79632336166,12275.834154304872
2026-03-30 15:37:36,78129.98691068284,65910.79632336166,12283.309754304872
2026-03-30 15:37:52,78127.40078209162,65910.79632336166,12279.93895430487
2026-03-30 15:38:07,78136.70707540317,65910.79632336166,12287.68755430487
2026-03-30 15:38:23,78127.22091066424,65910.79632336166,12280.541484304871
2026-03-30 15:38:38,78140.98394400567,65910.79632336166,12291.967804304872
2026-03-30 15:38:54,78141.46127670942,65910.79632336166,12290.88024430487
2026-03-30 15:39:09,78114.75273304617,65910.79632336166,12265.71585430487
2026-03-30 15:39:24,78102.40629444417,65910.79632336166,12253.35965430487
2026-03-30 15:39:40,78086.56331160439,65910.79632336166,12238.28625430487
2026-03-30 15:39:55,78095.08428936439,65910.79632336166,12246.814054304872
2026-03-30 15:40:11,78106.98576056438,65910.79632336166,12258.72505430487
2026-03-30 15:40:26,78087.37992526461,65910.79632336166,12239.885654304871
2026-03-30 15:40:42,78082.47098808439,65910.79632336166,12234.19065430487
2026-03-30 15:40:57,78082.03076699283,65910.79632336166,12235.314254304869
2026-03-30 15:41:13,78085.96293996484,65910.79632336166,12239.24965430487
2026-03-30 15:41:28,78077.61642011482,65910.79632336166,12230.11423430487
2026-03-30 15:41:43,78078.6860184844,65910.79632336166,12230.40265430487
2026-03-30 15:41:59,78076.38446794018,65910.79632336166,12227.317254304871
2026-03-30 15:42:14,78074.2042068044,65910.79632336166,12225.917254304872
2026-03-30 15:42:30,78073.63426827262,65910.79632336166,12226.128854304872
2026-03-30 15:42:45,78082.39836360062,65910.79632336166,12234.900054304871
2026-03-30 15:43:01,78074.37666644261,65910.79632336166,12226.87185430487
2026-03-30 15:43:16,78087.51270294907,65910.79632336166,12241.58285430487
2026-03-30 15:43:32,78094.47643824747,65910.79632336166,12248.55237430487
2026-03-30 15:43:47,78100.02448003924,65910.79632336166,12253.32273430487
2026-03-30 15:44:03,78095.68009667563,65910.79632336166,12248.19255430487
2026-03-30 15:44:18,78094.23003538324,65910.79632336166,12247.52353430487
2026-03-30 15:44:34,78118.42002855906,65910.79632336166,12272.51585430487
2026-03-30 15:44:49,78096.91119867461,65910.79632336166,12249.424654304868
2026-03-30 15:45:05,78094.73074446483,65910.79632336166,12248.024654304869
2026-03-30 15:45:20,78093.85700152203,65910.79632336166,12247.150194304868
2026-03-30 15:45:35,78091.22532127085,65910.79632336166,12244.51635430487
2026-03-30 15:45:51,78093.18551259484,65910.79632336166,12246.47815430487
2026-03-30 15:46:06,78073.66233473884,65910.79632336166,12226.93895430487
2026-03-30 15:46:22,78067.74022773607,65910.79632336166,12221.79395430487
2026-03-30 15:46:37,78071.30246862007,65910.79632336166,12225.35915430487
2026-03-30 15:46:53,78071.18115690362,65910.79632336166,12223.673754304871
2026-03-30 15:47:08,78082.5917913644,65910.79632336166,12234.31155430487
2026-03-30 15:47:24,78076.21507612363,65910.79632336166,12228.71175430487
2026-03-30 15:47:39,78078.68052288439,65910.79632336166,12230.39715430487
2026-03-30 15:47:55,78087.44302477318,65910.79632336166,12238.384554304868
2026-03-30 15:48:10,78076.66414681917,65910.79632336166,12227.59715430487
2026-03-30 15:48:25,78070.2874427244,65910.79632336166,12221.99735430487
2026-03-30 15:48:41,78069.78291226194,65910.79632336166,12219.928554304872
2026-03-30 15:48:56,78068.46748729977,65910.79632336166,12219.394014304871
2026-03-30 15:49:12,78072.66073201738,65910.79632336166,12223.59057430487
2026-03-30 15:49:27,78079.90541054995,65910.79632336166,12230.05895430487
2026-03-30 15:49:43,78057.82532645956,65910.79632336166,12207.96163430487
2026-03-30 15:49:58,78076.46360537218,65910.79632336166,12227.39645430487
2026-03-30 15:50:14,78071.54925849962,65910.79632336166,12224.04215430487
2026-03-30 15:50:29,78066.47643201482,65910.79632336166,12219.74715430487
2026-03-30 15:50:45,78065.36202621239,65910.79632336166,12217.06799430487
2026-03-30 15:51:00,78062.36222797238,65910.79632336166,12214.06579430487
2026-03-30 15:51:15,78071.07735616084,65910.79632336166,12224.35185430487
2026-03-30 15:51:31,78092.41056714143,65910.79632336166,12244.920374304871
2026-03-30 15:51:46,78087.46257826142,65910.79632336166,12239.96837430487
2026-03-30 15:52:02,78087.6827353484,65910.79632336166,12239.40657430487
2026-03-30 15:52:17,78084.68007391703,65910.79632336166,12237.18361430487
2026-03-30 15:52:33,78086.49115154106,65910.79632336166,12240.560454304872
2026-03-30 15:52:48,78091.47821372884,65910.79632336166,12244.76945430487
2026-03-30 15:53:04,78094.77950674482,65910.79632336166,12247.29123430487
2026-03-30 15:53:19,78096.02575646422,65910.79632336166,12248.53849430487
2026-03-30 15:53:35,78105.85976446042,65910.79632336166,12258.380474304871
2026-03-30 15:53:50,78095.54732430841,65910.79632336166,12248.05967430487
2026-03-30 15:54:06,78095.00417350838,65910.79632336166,12246.73387430487
2026-03-30 15:54:21,78095.5655240684,65910.79632336166,12247.295674304869
2026-03-30 15:54:37,78095.62146420642,65910.79632336166,12248.13387430487
2026-03-30 15:54:52,78089.25621122337,65910.79632336166,12240.199174304871
2026-03-30 15:55:07,78091.97660766635,65910.79632336166,12242.139574304869
2026-03-30 15:55:23,78102.36644594937,65910.79632336166,12253.31977430487
2026-03-30 15:55:38,78091.36738526839,65910.79632336166,12243.09417430487
2026-03-30 15:55:54,78106.00744474241,65910.79632336166,12258.52827430487
2026-03-30 15:56:09,78106.78913798838,65910.79632336166,12258.52827430487
2026-03-30 15:56:25,78118.51235190839,65910.79632336166,12270.26087430487
2026-03-30 15:56:40,78108.21026218924,65910.79632336166,12261.51523430487
2026-03-30 15:56:56,78116.31381881337,65910.79632336166,12267.27817430487
2026-03-30 15:57:11,78116.09338862839,65910.79632336166,12267.83997430487
2026-03-30 15:57:27,78112.06601310839,65910.79632336166,12263.809374304868
2026-03-30 15:57:42,78114.97261869331,65910.79632336166,12264.37117430487
2026-03-30 15:57:58,78115.53398610732,65910.79632336166,12264.93297430487
2026-03-30 15:58:13,78113.97047152136,65910.79632336166,12264.93297430487
2026-03-30 15:58:28,78112.28640298737,65910.79632336166,12263.247574304869
2026-03-30 15:58:44,78111.5046625484,65910.79632336166,12263.247574304869
2026-03-30 15:58:59,78113.79221245738,65910.79632336166,12264.75457430487
2026-03-30 15:59:15,78109.40548071537,65910.79632336166,12260.36437430487
2026-03-30 15:59:30,78100.61532479391,65910.79632336166,12249.220614304872
2026-03-30 15:59:46,78099.5198180123,65910.79632336166,12248.124274304872
2026-03-30 16:00:01,78112.6863238571,65910.79632336166,12261.300794304869
2026-03-30 16:00:17,78120.0658911203,65910.79632336166,12268.68597430487
2026-03-30 16:00:32,78129.647788858,64981.996497211665,13208.63998810487
2026-03-30 16:00:48,78117.1364185735,64526.077630651664,13651.25533430487
2026-03-30 16:01:03,78086.01325809516,64526.077630651664,13619.326134304869
2026-03-30 16:01:18,78087.18402763356,64526.077630651664,13620.49779430487
2026-03-30 16:01:34,78052.65293796142,64526.077630651664,13588.28565430487
2026-03-30 16:01:49,78050.53586392857,64526.077630651664,13586.948654304872
2026-03-30 16:02:05,78037.6783884037,64526.077630651664,13571.73607430487
2026-03-30 16:02:20,78037.3492420417,64526.077630651664,13571.40667430487
2026-03-30 16:02:36,78043.99153053343,64122.823208651665,13982.09015430487
2026-03-30 16:02:51,78021.98042709153,64122.823208651665,13962.40625430487
2026-03-30 16:03:07,78038.8639978366,64122.823208651665,13977.74023430487
2026-03-30 16:03:22,78045.95059499859,64122.823208651665,13984.83243430487
2026-03-30 16:03:38,78049.22831840774,64122.823208651665,13989.67623430487
2026-03-30 16:03:53,78056.70563180199,64122.823208651665,13995.595974304872
2026-03-30 16:04:08,78059.01380273518,63665.716744481666,14455.01243430475
2026-03-30 16:04:24,78040.65213991738,63665.716744481666,14436.63625430475
2026-03-30 16:04:39,78056.67235907221,63665.716744481666,14455.014614304751
2026-03-30 16:04:55,78051.6691051074,63665.716744481666,14450.007254304752
2026-03-30 16:05:10,78068.03610307543,63665.716744481666,14467.169654304753
2026-03-30 16:05:26,78082.30708831824,63665.716744481666,14481.452494304755
2026-03-30 16:05:41,78080.62941816181,63665.716744481666,14478.991334304754
2026-03-30 16:05:57,78067.9265140994,63665.716744481666,14464.714114304752
2026-03-30 16:06:12,78064.58736755539,63665.716744481666,14461.372294304752
2026-03-30 16:06:28,78064.69835235662,63665.716744481666,14463.047194304752
2026-03-30 16:06:43,78049.2103789954,63665.716744481666,14445.982994304752
2026-03-30 16:06:59,78038.1254140674,63665.716744481666,14434.889154304752
2026-03-30 16:07:14,78028.86639801478,63665.716744481666,14424.84119430475
2026-03-30 16:07:29,78032.90018880057,63665.716744481666,14428.878174304751
2026-03-30 16:07:45,78056.92440344734,63665.716744481666,14456.048724304752
2026-03-30 16:08:00,78070.14927446739,63665.716744481666,14466.938654304751
2026-03-30 16:08:16,78089.08076105849,63665.716744481666,14485.10316430475
2026-03-30 16:08:31,78067.02273799837,63665.716744481666,14462.24580430475
2026-03-30 16:08:47,78070.26497727989,63665.716744481666,14466.27250430475
2026-03-30 16:09:02,78049.83329107348,63665.716744481666,14445.824664304753
2026-03-30 16:09:18,78061.86250225271,63665.716744481666,14459.427124304751
2026-03-30 16:09:33,78066.30799994738,63665.716744481666,14463.094304304752
2026-03-30 16:09:49,78072.58399082642,63665.716744481666,14470.939304304753
2026-03-30 16:10:04,78079.31136984841,63665.716744481666,14477.672204304752
2026-03-30 16:10:20,78078.17310026739,63665.716744481666,14474.96890430475
2026-03-30 16:10:35,78087.4318473394,63665.716744481666,14484.235064304752
2026-03-30 16:10:50,78078.34701896991,63665.716744481666,14475.925004304752
2026-03-30 16:11:06,78083.50673621091,63665.716744481666,14481.088904304752
2026-03-30 16:11:21,78084.0974569874,63665.716744481666,14480.898004304752
2026-03-30 16:11:37,78093.0580933399,63665.716744481666,14490.648004304752
2026-03-30 16:11:52,78110.63417061939,63665.716744481666,14507.455964304752
2026-03-30 16:12:08,78111.9685022994,63665.716744481666,14508.791364304754
2026-03-30 16:12:23,78117.4667002194,63665.716744481666,14514.293964304752
2026-03-30 16:12:39,78105.54650600317,63665.716744481666,14500.799644304752
2026-03-30 16:12:54,78092.78043600448,63665.716744481666,14488.805764304752
2026-03-30 16:13:10,78088.99434937768,63665.716744481666,14485.016684304752
2026-03-30 16:13:25,78086.77647805357,63665.716744481666,14482.014964304752
2026-03-30 16:13:40,78080.94892709157,63665.716744481666,14476.182864304754
2026-03-30 16:13:56,78075.41697113246,63665.716744481666,14469.864624304751
2026-03-30 16:14:11,78080.8495374034,63665.716744481666,14477.64748430475
2026-03-30 16:14:27,78080.20717170738,63665.716744481666,14477.004604304751
2026-03-30 16:14:42,78068.55220314738,63665.716744481666,14465.34030430475
2026-03-30 16:14:58,78061.30706604483,63665.716744481666,14454.18024430475
2026-03-30 16:15:13,78057.78697032994,63665.716744481666,14449.875764304754
2026-03-30 16:15:29,78040.87103200366,63665.716744481666,14435.29206430475
2026-03-30 16:15:44,78035.50107006065,63665.716744481666,14429.917964304752
2026-03-30 16:16:00,78019.38588374958,63665.716744481666,14414.571764304752
2026-03-30 16:16:15,78018.56038620118,63665.716744481666,14414.527034304752
2026-03-30 16:16:31,78022.2819984506,63665.716744481666,14419.814534304753
2026-03-30 16:16:46,78037.6098268674,63665.716744481666,14434.37315430475
2026-03-30 16:17:02,78039.3330289914,63665.716744481666,14437.661054304752
2026-03-30 16:17:17,78042.21725052442,63665.716744481666,14441.329354304753
2026-03-30 16:17:32,78043.8186596134,63665.716744481666,14441.368654304752
2026-03-30 16:17:48,78046.02416775482,63665.716744481666,14444.357684304752
2026-03-30 16:18:03,78053.6889844651,63665.716744481666,14456.719984304753
2026-03-30 16:18:19,78052.25613137646,63665.716744481666,14453.722104304752
2026-03-30 16:18:34,78064.87319671595,63665.716744481666,14465.568044304753
2026-03-30 16:18:50,78054.2337665379,63665.716744481666,14451.792204304751
2026-03-30 16:19:05,78039.3191038485,63665.716744481666,14435.30216430475
2026-03-30 16:19:21,78033.42279696424,63665.716744481666,14433.30923430475
2026-03-30 16:19:36,78033.41076922981,63665.716744481666,14431.733934304752
2026-03-30 16:19:52,78042.25043296014,63665.716744481666,14441.36256430475
2026-03-30 16:20:07,78042.31847643713,63665.716744481666,14441.430664304753
2026-03-30 16:20:23,78046.69354714516,63665.716744481666,14441.900744304752
2026-03-30 16:20:38,78050.16388581372,63665.716744481666,14447.719024304753
2026-03-30 16:20:53,78045.37697254527,63665.716744481666,14446.837024304752
2026-03-30 16:21:09,78048.32359976706,63665.716744481666,14448.222564304751
2026-03-30 16:21:24,78046.43150548896,63665.716744481666,14447.110664304751
2026-03-30 16:21:40,78065.18984733397,63665.716744481666,14465.884964304752
2026-03-30 16:21:55,78113.97379723944,63665.716744481666,14513.927954304752
2026-03-30 16:22:11,78106.70881176347,63665.716744481666,14508.221654304753
2026-03-30 16:22:26,78092.54501104509,63665.716744481666,14495.610234304753
2026-03-30 16:22:42,78101.63834772825,63665.716744481666,14501.582134304754
2026-03-30 16:22:57,78072.48005383267,63665.716744481666,14473.963434304753
2026-03-30 16:23:12,78060.81739235467,63665.716744481666,14462.290734304752
2026-03-30 16:23:28,78058.20152393788,63665.716744481666,14459.67261430475
2026-03-30 16:23:43,78062.33227480791,63665.716744481666,14466.152894304752
2026-03-30 16:23:59,78087.66315024631,63665.716744481666,14491.506334304753
2026-03-30 16:24:14,78093.41680400945,63665.716744481666,14494.135934304752
2026-03-30 16:24:30,78081.63788159352,63665.716744481666,14486.257914304751
2026-03-30 16:24:45,78075.23736050788,63665.716744481666,14476.723114304752
2026-03-30 16:25:01,78076.97684326507,63665.716744481666,14478.464094304753
2026-03-30 16:25:16,78050.11250582265,63665.716744481666,14450.01297430475
2026-03-30 16:25:32,77988.55611626373,63665.716744481666,14387.62364430475
2026-03-30 16:25:47,77990.02689450372,63665.716744481666,14389.09564430475
2026-03-30 16:26:03,77994.34401751896,63665.716744481666,14394.97886430475
2026-03-30 16:26:18,78001.80357150394,63665.716744481666,14402.444764304752
2026-03-30 16:26:33,77994.61552774838,63665.716744481666,14396.813184304752
2026-03-30 16:26:49,78003.67546670928,63665.716744481666,14405.099624304752
2026-03-30 16:27:04,78008.59311548196,63665.716744481666,14409.240084304753
2026-03-30 16:27:20,78043.61430546362,63665.716744481666,14441.945844304752
2026-03-30 16:27:35,78039.8400712434,63665.716744481666,14436.60518430475
2026-03-30 16:27:51,78039.43019940339,63665.716744481666,14436.194984304751
2026-03-30 16:28:06,78012.92468491137,63665.716744481666,14415.138284304752
2026-03-30 16:28:22,78022.94141373347,63665.716744481666,14424.382154304752
2026-03-30 16:28:37,78029.23550452446,63665.716744481666,14429.900034304754
2026-03-30 16:28:52,78030.90777599887,63665.716744481666,14433.137034304753
2026-03-30 16:29:08,78028.12615102147,63665.716744481666,14429.57135430475
2026-03-30 16:29:23,78022.43181607654,63665.716744481666,14421.527484304752
2026-03-30 16:29:39,78019.42015462287,63665.716744481666,14420.857864304751
2026-03-30 16:29:54,78010.72462640109,63665.716744481666,14413.717784304752
2026-03-30 16:30:10,77987.68135208025,63665.716744481666,14387.52933430475
2026-03-30 16:30:25,77952.32951931642,63665.716744481666,14351.36695430475
2026-03-30 16:30:41,77951.39987241667,63665.716744481666,14352.779034304753
2026-03-30 16:30:56,77966.94949220221,63665.716744481666,14365.21811430475
2026-03-30 16:31:11,77989.54712834346,63665.716744481666,14390.177894304752
2026-03-30 16:31:27,78029.23873330852,63665.716744481666,14433.811564304751
2026-03-30 16:31:42,78068.3970846585,63261.663710931665,14873.929984304745
2026-03-30 16:31:58,78060.74431570046,63261.663710931665,14865.488684304746
2026-03-30 16:32:13,78080.01857446828,62816.334764931664,15332.454744304747
2026-03-30 16:32:29,78114.16811982091,61901.644310431664,16278.194874304427
2026-03-30 16:32:44,78063.13225780652,61466.86086243167,16663.463474304426
2026-03-30 16:33:00,78036.64818630912,61036.003605431666,17066.25047430443
2026-03-30 16:33:15,78044.33355121681,61036.003605431666,17074.72406430443
2026-03-30 16:33:31,78049.23799198151,61036.003605431666,17078.85086430443
2026-03-30 16:33:46,77931.46410186632,61036.003605431666,16961.75859430443
2026-03-30 16:34:01,77945.61164622332,61036.003605431666,16975.918174304432
2026-03-30 16:34:17,77931.77969347572,61036.003605431666,16963.63577430443
2026-03-30 16:34:32,77984.24976813933,61036.003605431666,17015.37034430443
2026-03-30 16:34:48,77968.86366552491,61036.003605431666,16997.62797430443
2026-03-30 16:35:03,77957.83553707683,61036.003605431666,16988.15246430443
2026-03-30 16:35:19,77932.47521169181,61036.003605431666,16962.77056430443
2026-03-30 16:35:34,77888.08252687492,62198.430586581664,15755.913132454432
2026-03-30 16:35:50,77883.90264972771,62198.430586581664,15750.94954245443
2026-03-30 16:36:05,77895.96671739132,62198.430586581664,15763.023752454432
2026-03-30 16:36:21,77880.25641472942,62198.430586581664,15748.08036245443
2026-03-30 16:36:36,77884.00901030972,62198.430586581664,15751.05599245443
2026-03-30 16:36:51,77883.90746869342,62198.430586581664,15751.73452245443
2026-03-30 16:37:07,77849.64422998887,62198.430586581664,15713.543222454431
2026-03-30 16:37:22,77853.6937265565,62198.430586581664,15720.715222454432
2026-03-30 16:37:38,77870.07350756391,62198.430586581664,15737.888792454432
2026-03-30 16:37:53,77870.94396704392,62198.430586581664,15738.759992454432
2026-03-30 16:38:09,77890.02452629135,62198.430586581664,15760.197532454433
2026-03-30 16:38:24,77904.8579736793,62198.430586581664,15771.142132454432
2026-03-30 16:38:40,77862.7857967793,62198.430586581664,15728.25509245443
2026-03-30 16:38:55,77873.97261605928,62198.430586581664,15739.45109245443
2026-03-30 16:39:10,77871.65071597413,62198.430586581664,15740.247392454432
2026-03-30 16:39:26,77865.6059223785,62198.430586581664,15731.077532454432
2026-03-30 16:39:41,77858.14111854108,62198.430586581664,15723.60660245443
2026-03-30 16:39:57,77849.61546517612,62198.430586581664,15716.63353245443
2026-03-30 16:40:12,77830.47122647309,62198.430586581664,15695.914002454432
2026-03-30 16:40:28,77829.30831361855,62198.430586581664,15699.427842454434
2026-03-30 16:40:43,77825.50432602873,62198.430586581664,15694.061282454431
2026-03-30 16:40:59,77791.29163426913,62198.430586581664,15659.819142454433
2026-03-30 16:41:14,77799.62981725953,62198.430586581664,15668.164502454432
2026-03-30 16:41:30,77792.61361638593,62198.430586581664,15661.142262454432
2026-03-30 16:41:45,77780.53967781775,62198.430586581664,15650.616252454432
2026-03-30 16:42:01,77738.71158828773,62198.430586581664,15607.972572454431
2026-03-30 16:42:16,77715.72807189761,62198.430586581664,15581.855122454432
2026-03-30 16:42:31,77710.72481911069,62198.430586581664,15576.06932245443
2026-03-30 16:42:47,77717.75161393252,62198.430586581664,15584.65882245443
2026-03-30 16:43:02,77728.20672691343,62198.430586581664,15595.901322454432
2026-03-30 16:43:18,77721.1400616029,62198.430586581664,15586.49311245443
2026-03-30 16:43:33,77705.47733299651,62198.430586581664,15572.374222454431
2026-03-30 16:43:49,77731.77164720371,62198.430586581664,15598.690642454429
2026-03-30 16:44:04,77725.46827999855,62198.430586581664,15594.71773245443
2026-03-30 16:44:20,77705.67863198413,62198.430586581664,15574.910852454434
2026-03-30 16:44:35,77710.61553327972,62198.430586581664,15577.516742454432
2026-03-30 16:44:51,77711.89810632983,62198.430586581664,15581.135742454431
2026-03-30 16:45:06,77691.13021875592,62198.430586581664,15558.79327245443
2026-03-30 16:45:22,77758.26441465049,62198.430586581664,15623.64793245443
2026-03-30 16:45:37,77767.45113311183,62198.430586581664,15636.73714245443
2026-03-30 16:45:52,77744.21841313051,62198.430586581664,15611.147872454432
2026-03-30 16:46:08,77761.86553681204,62198.430586581664,15631.146682454431
2026-03-30 16:46:23,77761.65535139541,62198.430586581664,15629.378402454433
2026-03-30 16:46:39,77734.42618587591,62198.430586581664,15602.126072454432
2026-03-30 16:46:54,77710.37886914173,62198.430586581664,15578.83673245443
2026-03-30 16:47:10,77719.9325126057,62198.430586581664,15585.28457245443
2026-03-30 16:47:25,77729.65579415842,62198.430586581664,15597.35162245443
2026-03-30 16:47:41,77720.79474377933,62198.430586581664,15589.26157245443
2026-03-30 16:47:56,77743.09582833853,62198.430586581664,15611.581852454434
2026-03-30 16:48:12,77722.51220402404,62198.430586581664,15591.759082454431
2026-03-30 16:48:27,77677.21929310192,62198.430586581664,15544.870512454429
2026-03-30 16:48:42,77629.89986016795,63480.800378086664,14215.918660454428
2026-03-30 16:48:58,77630.75740181918,63480.800378086664,14218.33226045443
2026-03-30 16:49:13,77636.27366599833,63480.800378086664,14221.520260454428
2026-03-30 16:49:29,77625.85382077118,63480.800378086664,14213.424360454428
2026-03-30 16:49:44,77624.25333044319,63480.800378086664,14211.822460454428
2026-03-30 16:50:00,77584.06912922215,63915.09032800666,13735.758531234429
2026-03-30 16:50:15,77561.50391926097,63915.09032800666,13714.72783123443
2026-03-30 16:50:31,77555.89772351737,63915.09032800666,13709.893631234427
2026-03-30 16:50:46,77562.28063514896,63915.09032800666,13715.505231234429
2026-03-30 16:51:02,77565.18688193214,63915.09032800666,13716.86003123443
2026-03-30 16:51:17,77565.32672423137,63915.09032800666,13719.33103123443
2026-03-30 16:51:33,77589.08445104082,63465.67921203167,14191.743771234429
2026-03-30 16:51:48,77585.20408034066,63465.67921203167,14187.082771234429
2026-03-30 16:52:04,77605.11588051048,63465.67921203167,14203.902421234428
2026-03-30 16:52:19,77593.7716518955,63465.67921203167,14194.880521234429
2026-03-30 16:52:34,77598.06623052615,63465.67921203167,14199.956121234427
2026-03-30 16:52:50,77598.0049975845,63015.773051531665,14649.023671234427
2026-03-30 16:53:05,77603.36420677327,63015.773051531665,14655.164871234429
2026-03-30 16:53:21,77636.79071315851,63015.773051531665,14687.84277123443
2026-03-30 16:53:36,77638.2597377572,63015.773051531665,14686.979971234428
2026-03-30 16:53:52,77634.3490163523,63015.773051531665,14683.06600123443
2026-03-30 16:54:07,77623.08170293125,63015.773051531665,14673.34440123443
2026-03-30 16:54:23,77622.3515883608,63015.773051531665,14670.281101234428
2026-03-30 16:54:38,77610.20127589777,63015.773051531665,14659.675601234429
2026-03-30 16:54:54,77612.24911846123,63015.773051531665,14662.502601234428
2026-03-30 16:55:09,77571.11678069174,63015.773051531665,14621.33527123443
2026-03-30 16:55:24,77557.1859321965,63015.773051531665,14608.169471234429
2026-03-30 16:55:40,77531.38141393806,63015.773051531665,14583.896071234429
2026-03-30 16:55:55,77497.28967197628,63015.773051531665,14548.99797123443
2026-03-30 16:56:11,77442.1401864617,64748.014971975805,12760.007033190284
2026-03-30 16:56:26,77447.98724784153,64748.014971975805,12768.186533190285
2026-03-30 16:56:42,77415.58050325258,66460.59777197581,11022.392933190282
2026-03-30 16:56:57,77419.50425661469,66460.59777197581,11026.320103190283
2026-03-30 16:57:13,77413.02842251219,66460.59777197581,11018.287703190283
2026-03-30 16:57:28,77408.86807303593,66460.59777197581,11016.450103190282
2026-03-30 16:57:44,77412.43093862219,66460.59777197581,11020.791603190282
2026-03-30 16:57:59,77406.61036999842,66460.59777197581,11015.741303190283
2026-03-30 16:58:14,77411.54791269994,66460.59777197581,11019.132303190283
2026-03-30 16:58:30,77410.5054923567,66460.59777197581,11017.313503190284
2026-03-30 16:58:45,77385.35831407843,66460.59777197581,10994.470103190282
2026-03-30 16:59:01,77396.55063191844,66460.59777197581,11005.672503190282
2026-03-30 16:59:16,77407.77236086925,66460.59777197581,11013.802573190284
2026-03-30 16:59:32,77384.16561426198,66460.59777197581,10994.051573190281
2026-03-30 16:59:47,77404.00818407543,66460.59777197581,11013.13677319028
2026-03-30 17:00:03,77408.74015570233,66460.59777197581,11016.322073190284
2026-03-30 17:00:18,77423.72623901615,66460.59777197581,11028.219073190283
2026-03-30 17:00:34,77454.30011256125,66460.59777197581,11060.370373190282
2026-03-30 17:00:49,77456.77748019125,66460.59777197581,11062.849873190284
2026-03-30 17:01:04,77445.67933937252,66032.37939572582,11479.184773190285
2026-03-30 17:01:20,77421.22287414489,66032.37939572582,11453.156473190284
2026-03-30 17:01:35,77422.84494143813,66032.37939572582,11457.882073190285
2026-03-30 17:01:51,77441.94403480408,65570.38729572581,11941.317273190285
2026-03-30 17:02:06,77440.90621444814,65570.38729572581,11937.951173190286
2026-03-30 17:02:22,77440.11427225778,65570.38729572581,11938.710073190286
2026-03-30 17:02:37,77450.06767919946,65570.38729572581,11947.896473190285
2026-03-30 17:02:53,77484.39344591946,65570.38729572581,11982.252473190285
2026-03-30 17:03:08,77489.69957241545,65570.38729572581,11987.563273190286
2026-03-30 17:03:24,77512.74325560902,65570.38729572581,12007.521403190285
2026-03-30 17:03:39,77518.61121116104,65570.38729572581,12014.947303190283
2026-03-30 17:03:54,77516.43527694604,65570.38729572581,12013.546003190286
2026-03-30 17:04:10,77513.22814458304,65570.38729572581,12009.559603190284
2026-03-30 17:04:25,77521.93999267202,65570.38729572581,12017.502403190285
2026-03-30 17:04:41,77525.80888779998,65570.38729572581,12018.268403190283
2026-03-30 17:04:56,77509.95803739698,65570.38729572581,12002.404703190285
2026-03-30 17:05:12,77508.70533336177,65978.98487972582,11591.777063190284
2026-03-30 17:05:27,77486.91845858433,65978.98487972582,11570.748863190285
2026-03-30 17:05:43,77476.64128265639,65978.98487972582,11562.015433190287
2026-03-30 17:05:58,77454.71252533101,65978.98487972582,11542.396033190285
2026-03-30 17:06:14,77457.90547629348,65978.98487972582,11543.264063190287
2026-03-30 17:06:29,77436.24671072805,65978.98487972582,11522.362963190284
2026-03-30 17:06:44,77394.72648259724,66347.84771287581,11108.844123190285
2026-03-30 17:07:00,77394.79379565215,66347.84771287581,11111.237123190285
2026-03-30 17:07:15,77406.13621377053,66347.84771287581,11121.813623190284
2026-03-30 17:07:31,77415.16277535516,66347.84771287581,11131.623023190285
2026-03-30 17:07:46,77415.20194281916,66347.84771287581,11131.662223190284
2026-03-30 17:08:02,77409.79571755724,66347.84771287581,11123.925423190285
2026-03-30 17:08:17,77411.50778389788,66347.84771287581,11126.414223190284
2026-03-30 17:08:33,77408.31309485044,66347.84771287581,11126.318423190285
2026-03-30 17:08:48,77416.84064027043,66347.84771287581,11134.853223190285
2026-03-30 17:09:04,77418.64682105836,66347.84771287581,11138.987523190284
2026-03-30 17:09:19,77440.37641784044,66347.84771287581,11158.409023190285
2026-03-30 17:09:35,77430.86828917588,66347.84771287581,11145.790423190285
2026-03-30 17:09:50,77412.00180004252,66347.84771287581,11127.684023190284
2026-03-30 17:10:06,77409.96746235708,66347.84771287581,11128.749623190284
2026-03-30 17:10:21,77414.39047038271,66347.84771287581,11133.951923190285
2026-03-30 17:10:36,77419.74773667607,66347.84771287581,11136.211793190285
2026-03-30 17:10:52,77408.40626816217,66347.84771287581,11123.310193190284
2026-03-30 17:11:07,77390.37462623062,66347.84771287581,11112.240993190284
2026-03-30 17:11:23,77400.47925367982,66347.84771287581,11120.028593190284
2026-03-30 17:11:38,77401.58274941688,66347.84771287581,11120.357693190284
2026-03-30 17:11:54,77412.43076185594,66347.84771287581,11130.439593190284
2026-03-30 17:12:09,77412.95286270288,66347.84771287581,11131.737593190284
2026-03-30 17:12:25,77424.90077865089,66347.84771287581,11143.695793190285
2026-03-30 17:12:40,77431.77972392476,66347.84771287581,11152.131993190285
2026-03-30 17:12:55,77443.99732233063,66347.84771287581,11165.911993190284
2026-03-30 17:13:11,77459.54151995062,66347.84771287581,11181.470193190285
2026-03-30 17:13:26,77473.10852254876,66347.84771287581,11193.497193190286
2026-03-30 17:13:42,77468.08978130182,66347.84771287581,11187.697993190284
2026-03-30 17:13:57,77468.35242538528,66347.84771287581,11191.065123190285
2026-03-30 17:14:13,77481.24578545036,66347.84771287581,11201.641623190284
2026-03-30 17:14:28,77514.1298215887,66347.84771287581,11233.778123190285
2026-03-30 17:14:44,77480.71451821672,66347.84771287581,11200.333723190284
2026-03-30 17:14:59,77486.20132073836,66347.84771287581,11206.601523190284
2026-03-30 17:15:14,77502.21759425072,66347.84771287581,11221.855523190283
2026-03-30 17:15:30,77493.98206765036,66347.84771287581,11214.389123190283
2026-03-30 17:15:45,77490.1055244398,66347.84771287581,11207.404223190284
2026-03-30 17:16:01,77463.97526231299,66347.84771287581,11181.251993190286
2026-03-30 17:16:16,77468.06473275094,66347.84771287581,11186.120893190284
2026-03-30 17:16:32,77471.57708258406,66347.84771287581,11188.084193190285
2026-03-30 17:16:47,77470.46240853205,66347.84771287581,11186.968593190284
2026-03-30 17:17:03,77476.853335637,66347.84771287581,11194.140893190284
2026-03-30 17:17:18,77466.61226839594,66347.84771287581,11184.667193190284
2026-03-30 17:17:33,77447.73580468082,66347.84771287581,11167.326293190283
2026-03-30 17:17:49,77441.34091525062,66347.84771287581,11163.253193190283
2026-03-30 17:18:04,77441.08145129489,66347.84771287581,11159.890393190282
2026-03-30 17:18:20,77429.37632267564,67211.0710296758,10284.176253190284
2026-03-30 17:18:35,77436.30709990849,67211.0710296758,10290.337253190282
2026-03-30 17:18:51,77438.03787973613,67211.0710296758,10290.518153190284
2026-03-30 17:19:06,77434.2338799893,67211.0710296758,10287.486653190284
2026-03-30 17:19:22,77433.77982460448,67211.0710296758,10287.807853190285
2026-03-30 17:19:37,77384.88572340173,67211.0710296758,10242.748593190285
2026-03-30 17:19:53,77351.15392304932,67211.0710296758,10203.562893190283
2026-03-30 17:20:08,77341.43352969551,67211.0710296758,10200.032493190283
2026-03-30 17:20:23,77358.7721109155,67211.0710296758,10217.386693190283
2026-03-30 17:20:39,77386.75821888165,67211.0710296758,10241.521893190285
2026-03-30 17:20:54,77384.32304322688,67211.0710296758,10238.309493190283
2026-03-30 17:21:10,77388.21155025411,67211.0710296758,10241.426093190283
2026-03-30 17:21:25,77392.33782369642,67211.0710296758,10247.881493190283
2026-03-30 17:21:41,77385.96245662733,67211.0710296758,10238.399993190284
2026-03-30 17:21:56,77334.74668081748,67211.0710296758,10183.269293190284
2026-03-30 17:22:12,77350.93100599133,67211.0710296758,10203.339793190284
2026-03-30 17:22:27,77363.88788538425,67211.0710296758,10213.207793190284
2026-03-30 17:22:43,77358.01363608356,67211.0710296758,10209.653393190283
2026-03-30 17:22:58,77364.58110372533,67211.0710296758,10217.001093190283
2026-03-30 17:23:14,77373.09849550025,67211.0710296758,10222.425593190284
2026-03-30 17:23:29,77372.67812364626,67211.0710296758,10222.004893190284
2026-03-30 17:23:44,77367.09404142533,67211.0710296758,10219.516093190285
2026-03-30 17:24:00,77357.97019796779,67211.0710296758,10208.835093190284
2026-03-30 17:24:15,77359.49133817457,67211.0710296758,10211.132293190285
2026-03-30 17:24:31,77353.0651460021,67211.0710296758,10206.250493190284
2026-03-30 17:24:46,77363.24881887165,67211.0710296758,10217.992493190284
2026-03-30 17:25:02,77371.5633797141,67211.0710296758,10224.764093190284
2026-03-30 17:25:17,77369.0766454181,67211.0710296758,10222.275293190283
2026-03-30 17:25:33,77357.48960226687,67211.0710296758,10211.453493190284
2026-03-30 17:25:48,77353.83931921732,67211.0710296758,10206.250493190284
2026-03-30 17:26:04,77355.87281370211,67211.0710296758,10209.060493190284
2026-03-30 17:26:19,77351.83772655165,67211.0710296758,10206.571693190284
2026-03-30 17:26:35,77380.21207580934,67211.0710296758,10232.644893190285
2026-03-30 17:26:50,77356.43142996778,67211.0710296758,10207.295093190285
2026-03-30 17:27:05,77371.37372920134,67211.0710296758,10223.799293190285
2026-03-30 17:27:21,77370.4186306451,67211.0710296758,10223.618393190283
2026-03-30 17:27:36,77370.4186306451,67211.0710296758,10223.618393190283
2026-03-30 17:27:52,77366.93011059625,67211.0710296758,10216.252393190283
2026-03-30 17:28:07,77349.48921648909,67211.0710296758,10202.671593190284
2026-03-30 17:28:23,77350.94176893956,67211.0710296758,10202.575793190283
2026-03-30 17:28:38,77349.7549957091,67211.0710296758,10202.937593190283
2026-03-30 17:28:54,77351.00271779102,67211.0710296758,10201.087293190283
2026-03-30 17:29:09,77343.41246867625,67211.0710296758,10192.716393190285
2026-03-30 17:29:24,77335.73385972572,67211.0710296758,10185.806363190282
2026-03-30 17:29:40,77321.65627941587,67211.0710296758,10173.266563190282
2026-03-30 17:29:55,77291.04961818602,67211.0710296758,10141.086793190283
2026-03-30 17:30:11,77256.4926398387,68731.0442389358,8590.398412730287
2026-03-30 17:30:26,77264.67529931721,68731.0442389358,8597.814012730287
2026-03-30 17:30:42,77270.83543646925,68731.0442389358,8602.431312730288
2026-03-30 17:30:57,77286.24824001407,68304.5051504358,9040.52531273029
2026-03-30 17:31:13,77274.49384261604,67845.3300754358,9494.128912730288
2026-03-30 17:31:28,77271.86302525294,67369.1581141858,9969.215912730288
2026-03-30 17:31:44,77261.29560294042,67369.1581141858,9960.187312730288
2026-03-30 17:31:59,77272.17974070675,67369.1581141858,9967.210812730289
2026-03-30 17:32:14,77272.97438693003,67369.1581141858,9967.23211273029
2026-03-30 17:32:30,77264.11334137977,67369.1581141858,9959.13771273029
2026-03-30 17:32:45,77255.47304980403,67369.1581141858,9949.716412730288
2026-03-30 17:33:01,77251.92502511069,67369.1581141858,9947.713082730288
2026-03-30 17:33:16,77261.25952211476,67369.1581141858,9958.603282730288
2026-03-30 17:33:32,77264.89156491766,67369.1581141858,9959.916582730288
2026-03-30 17:33:47,77247.71574582785,69410.36980423522,7902.288574630875
2026-03-30 17:34:03,77257.669258963,69410.36980423522,7909.155074630875
2026-03-30 17:34:18,77246.4979929792,69410.36980423522,7898.748574630875
2026-03-30 17:34:34,77248.56053560784,69410.36980423522,7903.134074630875
2026-03-30 17:34:49,77247.09301062422,69410.36980423522,7899.344074630874
2026-03-30 17:35:04,77257.068240163,69410.36980423522,7908.553574630875
2026-03-30 17:35:20,77240.93796030882,69410.36980423522,7893.957704630874
2026-03-30 17:35:35,77239.1436423271,69410.36980423522,7889.841004630874
2026-03-30 17:35:51,77241.43629627721,69410.36980423522,7893.682774630875
2026-03-30 17:36:06,77210.94130699255,69813.66222483522,7462.964214630875
2026-03-30 17:36:22,77190.78932152531,71732.96525097519,5522.718845190904
2026-03-30 17:36:37,77191.13509058321,71732.96525097519,5520.745345190904
2026-03-30 17:36:53,77206.69978448916,71732.96525097519,5535.549345190903
2026-03-30 17:37:08,77201.63432917082,72722.29418018654,4541.924165844561
2026-03-30 17:37:23,77195.49339260135,72722.29418018654,4536.55146584456
2026-03-30 17:37:39,77201.03007375427,72722.29418018654,4540.54616584456
2026-03-30 17:37:54,77191.20107335552,72722.29418018654,4535.34846584456
2026-03-30 17:38:10,77186.55003377747,72722.29418018654,4529.92023584456
2026-03-30 17:38:25,77183.57390836332,72722.29418018654,4527.71473584456
2026-03-30 17:38:41,77178.34344531198,72722.29418018654,4521.706665844562
2026-03-30 17:38:56,77181.4951905229,72722.29418018654,4523.314865844562
2026-03-30 17:39:12,77185.25319645336,72722.29418018654,4526.302865844562
2026-03-30 17:39:27,77183.70822451245,72722.29418018654,4526.302865844562
2026-03-30 17:39:43,77183.64631517735,72722.29418018654,4524.694665844561
2026-03-30 17:39:58,77182.43921446044,72722.29418018654,4528.898595844561
2026-03-30 17:40:14,77173.51352525923,72722.29418018654,4516.099595844562
2026-03-30 17:40:29,77170.67039416474,72722.29418018654,4511.708095844562
2026-03-30 17:40:44,77167.65580408752,72722.29418018654,4507.918095844561
2026-03-30 17:41:00,77164.73790297924,72722.29418018654,4507.316595844562
2026-03-30 17:41:15,77169.141682452,72722.29418018654,4510.951095844563
2026-03-30 17:41:31,77175.27462783751,72722.29418018654,4515.543095844561
2026-03-30 17:41:46,77172.924340238,72722.29418018654,4514.736895844562
2026-03-30 17:42:02,77181.15340236724,72722.29418018654,4523.74589584456
2026-03-30 17:42:17,77190.91985755332,72722.29418018654,4527.335395844561
2026-03-30 17:42:33,77192.50127814876,72722.29418018654,4533.556895844561
2026-03-30 17:42:48,77193.77005154148,72722.29418018654,4537.14639584456
2026-03-30 17:43:04,77194.88582121875,72722.29418018654,4535.943395844561
2026-03-30 17:43:19,77192.44367837027,72722.29418018654,4531.952895844561
2026-03-30 17:43:34,77188.37314691179,72722.29418018654,4526.332895844561
2026-03-30 17:43:50,77190.98698333104,72722.29418018654,4529.72189584456
2026-03-30 17:44:05,77194.05150623652,72722.29418018654,4534.335195844561
2026-03-30 17:44:21,77195.5465472918,72722.29418018654,4533.511895844561
2026-03-30 17:44:36,77192.16019071179,72722.29418018654,4530.122895844561
2026-03-30 17:44:52,77188.66942284875,72722.29418018654,4529.72189584456
2026-03-30 17:45:07,77192.64401797028,72722.29418018654,4532.153395844562
2026-03-30 17:45:23,77190.63126457104,72722.29418018654,4529.36589584456
2026-03-30 17:45:38,77196.53138954531,72722.29418018654,4532.95119584456
2026-03-30 17:45:54,77185.43767075404,72722.29418018654,4524.168195844561
2026-03-30 17:46:09,77188.03440861029,72722.29418018654,4527.540095844561
2026-03-30 17:46:25,77191.31713547406,72722.29418018654,4526.95989584456
2026-03-30 17:46:40,77186.9836615564,72722.29418018654,4524.94232584456
2026-03-30 17:46:55,77184.43701882627,72722.29418018654,4523.939825844561
2026-03-30 17:47:11,77189.87319938665,72722.29418018654,4524.741825844561
2026-03-30 17:47:26,77186.80460133239,72722.29418018654,4524.763125844561
2026-03-30 17:47:42,77183.19242103239,72722.29418018654,4521.148125844561
2026-03-30 17:47:57,77178.77535445045,72722.29418018654,4515.954625844562
2026-03-30 17:48:13,77176.06941353921,72722.29418018654,4516.338525844561
2026-03-30 17:48:28,77177.19221981033,72722.29418018654,4515.916225844561
2026-03-30 17:48:44,77171.56889446039,72722.29418018654,4509.515525844561
2026-03-30 17:48:59,77167.69814947451,72722.29418018654,4504.096025844561
2026-03-30 17:49:14,77170.58265246676,72722.29418018654,4503.891325844562
2026-03-30 17:49:30,77171.50655288651,72722.29418018654,4507.907325844562
2026-03-30 17:49:45,77163.00218042628,72722.29418018654,4502.487825844562
2026-03-30 17:50:01,77176.61251955664,72722.29418018654,4511.471325844562
2026-03-30 17:50:16,77178.56673308634,72722.29418018654,4517.291825844562
2026-03-30 17:50:32,77179.5394725564,72722.29418018654,4517.492325844562
2026-03-30 17:50:47,77173.15151449134,72722.29418018654,4511.872325844562
2026-03-30 17:51:03,77172.55048967635,72722.29418018654,4511.270825844562
2026-03-30 17:51:18,77172.55048967635,72722.29418018654,4511.270825844562
2026-03-30 17:51:34,77173.12248171639,72722.29418018654,4511.070325844562
2026-03-30 17:51:49,77174.09516097646,72722.29418018654,4511.270825844562
2026-03-30 17:52:05,77174.12419976639,72722.29418018654,4512.072825844562
2026-03-30 17:52:20,77176.09861712645,72722.29418018654,4513.275825844562
2026-03-30 17:52:35,77170.22191385363,72722.29418018654,4510.486285844562
2026-03-30 17:52:51,77164.96933544228,72722.29418018654,4504.456555844562
2026-03-30 17:53:06,77164.39740552992,72722.29418018654,4504.657055844562
2026-03-30 17:53:22,77158.58162013492,72722.29418018654,4498.836555844562
2026-03-30 17:53:37,77155.53767042964,72722.29418018654,4494.244555844562
2026-03-30 17:53:53,77149.75597158294,72722.29418018654,4488.458285844562
2026-03-30 17:54:08,77139.44391089494,72722.29418018654,4480.455985844562
2026-03-30 17:54:24,77138.58389069828,72722.29418018654,4478.049985844562
2026-03-30 17:54:39,77133.43909615811,72722.29418018654,4469.810915844562
2026-03-30 17:54:55,77132.6966284962,72722.29418018654,4470.612915844562
2026-03-30 17:55:10,77136.19662667831,72722.29418018654,4476.433415844562
2026-03-30 17:55:26,77137.94094283524,72722.29418018654,4476.633915844562
2026-03-30 17:55:41,77133.58232515428,72722.29418018654,4473.044415844562
2026-03-30 17:55:56,77138.37099115427,72722.29418018654,4477.836915844562
2026-03-30 17:56:12,77145.38887235428,72722.29418018654,4484.860415844562
2026-03-30 17:56:27,77145.63902673095,72722.29418018654,4486.656185844562
2026-03-30 17:56:43,77144.95889427024,72722.29418018654,4483.657415844562
2026-03-30 17:56:58,77142.81304593696,72722.29418018654,4483.827885844562
2026-03-30 17:57:14,77136.64069358408,72722.29418018654,4472.242415844561
2026-03-30 17:57:29,77132.20935898331,72722.29418018654,4472.442915844561
2026-03-30 17:57:45,77135.94172346724,72722.29418018654,4474.633115844562
2026-03-30 17:58:00,77127.11068893019,72722.29418018654,4465.022615844561
2026-03-30 17:58:16,77138.63704271411,72722.29418018654,4475.012815844561
2026-03-30 17:58:31,77133.55710880224,72722.29418018654,4472.24661584456
2026-03-30 17:58:47,77134.90065400316,72722.29418018654,4472.046115844561
2026-03-30 17:59:02,77139.52838776224,72722.29418018654,4478.222615844562
2026-03-30 17:59:18,77149.44232445412,72722.29418018654,4485.826315844562
2026-03-30 17:59:33,77144.24857470611,72722.29418018654,4480.628615844562
2026-03-30 17:59:48,77142.13282862725,72722.29418018654,4480.829115844562
2026-03-30 18:00:04,77148.29884926419,72722.29418018654,4486.227315844562
2026-03-30 18:00:19,77156.9448227187,72296.71468468654,4918.9140158445625
2026-03-30 18:00:35,77146.39699949569,72296.71468468654,4909.130815844562
2026-03-30 18:00:50,77144.94753470708,71790.17328918654,5416.539615844562
2026-03-30 18:01:06,77146.86335558302,71286.32711493653,5918.439815844562
2026-03-30 18:01:21,77153.39303944632,71286.32711493653,5924.201715844562
2026-03-30 18:01:37,77155.96547333823,71286.32711493653,5924.458015844562
2026-03-30 18:01:52,77156.23573429433,71286.32711493653,5927.046515844562
2026-03-30 18:02:08,77145.80077576116,71286.32711493653,5922.012415844562
2026-03-30 18:02:23,77153.2991809705,71286.32711493653,5926.425885844561
2026-03-30 18:02:38,77149.35289501518,71286.32711493653,5924.021955844562
2026-03-30 18:02:54,77139.62851934177,71286.32711493653,5915.835155844563
2026-03-30 18:03:09,77149.2280936862,71286.32711493653,5923.897055844562
2026-03-30 18:03:25,77151.4716557393,71286.32711493653,5923.824255844563
2026-03-30 18:03:40,77145.68606357789,71286.32711493653,5919.579555844561
2026-03-30 18:03:56,77150.98343546859,71286.32711493653,5924.108355844562
2026-03-30 18:04:11,77160.1099856153,71286.32711493653,5932.469155844562
2026-03-30 18:04:27,77164.1695743176,71286.32711493653,5937.304655844561
2026-03-30 18:04:42,77166.49532906331,71286.32711493653,5938.859355844562
2026-03-30 18:04:58,77162.34825692189,71286.32711493653,5936.254755844561
2026-03-30 18:05:13,77154.68031667649,71286.32711493653,5927.808085844563
2026-03-30 18:05:29,77153.6285935685,71286.32711493653,5927.528285844562
2026-03-30 18:05:44,77163.6038582525,71286.32711493653,5935.965685844561
2026-03-30 18:06:00,77162.46359688649,71286.32711493653,5936.370185844562
2026-03-30 18:06:15,77179.0418438455,71286.32711493653,5952.188385844561
2026-03-30 18:06:30,77174.11494048449,71286.32711493653,5947.257685844562
2026-03-30 18:06:46,77181.0633489473,71286.32711493653,5953.438455844561
2026-03-30 18:07:01,77175.1747444519,71286.32711493653,5949.091255844561
2026-03-30 18:07:17,77175.1955282279,71286.32711493653,5949.112055844562
2026-03-30 18:07:32,77192.57238807801,71286.32711493653,5964.183155844561
2026-03-30 18:07:48,77188.44998389519,71286.32711493653,5963.14995584456
2026-03-30 18:08:03,77193.80719979189,71286.32711493653,5967.738255844561
2026-03-30 18:08:19,77201.28211528671,71286.32711493653,5972.126255844561
2026-03-30 18:08:34,77212.94198059672,71286.32711493653,5983.794755844562
2026-03-30 18:08:49,77211.9635469353,71286.32711493653,5984.362155844562
2026-03-30 18:09:05,77213.6409711233,71286.32711493653,5986.040855844562
2026-03-30 18:09:20,77125.18914386533,71915.16328363698,5270.230467354117
2026-03-30 18:09:36,77121.078292992,71995.5949653061,5185.684725845001
2026-03-30 18:09:51,77119.7998807251,71995.5949653061,5185.177725845
2026-03-30 18:10:07,77119.24658578984,71995.5949653061,5182.306825845
2026-03-30 18:10:22,77119.95376320566,71995.5949653061,5181.469825845
2026-03-30 18:10:38,77109.67126961634,71995.5949653061,5177.358125844999
2026-03-30 18:10:53,77106.83261329599,71995.5949653061,5171.427925844999
2026-03-30 18:11:09,77106.6969402321,71995.5949653061,5172.064425844998
2026-03-30 18:11:24,77103.85866986991,71995.5949653061,5167.679425845
2026-03-30 18:11:39,77103.487724346,71995.5949653061,5168.080425845
2026-03-30 18:11:55,77109.21231763382,71995.5949653061,5172.264925844999
2026-03-30 18:12:10,77109.4962256069,71995.5949653061,5173.321325844999
2026-03-30 18:12:26,77108.4893930748,71995.5949653061,5173.858295844999
2026-03-30 18:12:41,77106.33507600061,71995.5949653061,5169.385495844998
2026-03-30 18:12:57,77111.197984243,71995.5949653061,5175.024395844999
2026-03-30 18:13:12,77109.45423025079,71995.5949653061,5174.823895844999
2026-03-30 18:13:28,77110.997638628,71995.5949653061,5174.823895844999
2026-03-30 18:13:43,77107.93405984862,71995.5949653061,5170.985695844999
2026-03-30 18:13:59,77105.1975956508,71995.5949653061,5170.563895844999
2026-03-30 18:14:14,77111.32218291663,71995.5949653061,5174.376395844999
2026-03-30 18:14:29,77115.23952163022,71995.5949653061,5177.524395844999
2026-03-30 18:14:45,77115.7300378874,71995.5949653061,5180.332295844999
2026-03-30 18:15:00,77127.2987072814,71995.5949653061,5191.909995845
2026-03-30 18:15:16,77126.77388257986,71995.5949653061,5188.294995845
2026-03-30 18:15:31,77134.17867660274,71995.5949653061,5196.477765845
2026-03-30 18:15:47,77136.29458847773,71995.5949653061,5198.595265845
2026-03-30 18:16:02,77138.18938153349,71995.5949653061,5203.581765845
2026-03-30 18:16:18,77143.82893347774,71995.5949653061,5206.135265845
2026-03-30 18:16:33,77146.75150615141,71995.5949653061,5209.832665845
2026-03-30 18:16:49,77148.6925611711,71995.5949653061,5212.547865844999
2026-03-30 18:17:04,77148.1755806088,71995.5949653061,5212.803165845
2026-03-30 18:17:19,77144.50281645542,71995.5949653061,5207.582265844999
2026-03-30 18:17:35,77150.47867135143,71995.5949653061,5213.562665845
2026-03-30 18:17:50,77150.20520056404,71995.5949653061,5211.743665845
2026-03-30 18:18:06,77157.60812597667,71995.5949653061,5217.606665844999
2026-03-30 18:18:21,77161.78961313667,71995.5949653061,5221.791165845
2026-03-30 18:18:37,77163.16285993299,71995.5949653061,5222.392665845
2026-03-30 18:18:52,77161.41814654536,71995.5949653061,5222.192165845
2026-03-30 18:19:08,77157.29273393512,71995.5949653061,5221.154665845001
2026-03-30 18:19:23,77164.47173975273,71995.5949653061,5226.793565845
2026-03-30 18:19:38,77173.59041044067,71995.5949653061,5233.600465844999
2026-03-30 18:19:54,77172.01917492773,71995.5949653061,5234.346665845
2026-03-30 18:20:09,77167.77089232605,71995.5949653061,5229.322365844999
2026-03-30 18:20:25,77166.51162991511,71995.5949653061,5230.380665844998
2026-03-30 18:20:40,77165.1383393288,71995.5949653061,5229.779165844999
2026-03-30 18:20:56,77157.90940979436,71995.5949653061,5218.680865845
2026-03-30 18:21:11,77151.94385696342,71995.5949653061,5215.028965845
2026-03-30 18:21:27,77142.19505980273,71995.5949653061,5204.500165845001
2026-03-30 18:21:42,77123.17679488279,71995.5949653061,5187.784865845
2026-03-30 18:21:58,77124.03746022811,71995.5949653061,5187.873765845
2026-03-30 18:22:13,77129.69827646343,71995.5949653061,5192.766465845
2026-03-30 18:22:28,77132.87200045536,71995.5949653061,5193.625165845
2026-03-30 18:22:44,77142.80837826605,71995.5949653061,5204.341365845
2026-03-30 18:22:59,77143.58037762936,71995.5949653061,5204.341365845
2026-03-30 18:23:15,77141.26437953943,71995.5949653061,5204.341365845
2026-03-30 18:23:30,77143.60671425668,71995.5949653061,5203.595165844999
2026-03-30 18:23:46,77141.06097230405,71995.5949653061,5202.592665845
2026-03-30 18:24:01,77140.32396417773,71995.5949653061,5202.627665845
2026-03-30 18:24:17,77137.79219299206,71995.5949653061,5199.321465845
2026-03-30 18:24:32,77129.19909134199,71995.5949653061,5188.404765845
2026-03-30 18:24:48,77127.28387516866,71995.5949653061,5187.260565844999
2026-03-30 18:25:03,77130.21206242929,71995.5949653061,5188.646065845
2026-03-30 18:25:18,77139.05948029536,71995.5949653061,5199.817165845
2026-03-30 18:25:34,77137.29253945274,71995.5949653061,5199.593965845001
2026-03-30 18:25:49,77138.20940308743,71995.5949653061,5201.284065845
2026-03-30 18:26:05,77133.22826811786,71995.5949653061,5200.161865845
2026-03-30 18:26:20,77134.85238081681,71995.5949653061,5199.469565844999
2026-03-30 18:26:36,77137.29855855204,71995.5949653061,5198.827465844999
2026-03-30 18:26:51,77138.72855524949,71995.5949653061,5204.121365845
2026-03-30 18:27:07,77139.15092131648,71995.5949653061,5204.544065845
2026-03-30 18:27:22,77141.80415320274,71995.5949653061,5204.108965845
2026-03-30 18:27:38,77141.28520624804,71995.5949653061,5202.817065845001
2026-03-30 18:27:53,77131.27564770149,71995.5949653061,5196.662565844999
2026-03-30 18:28:08,77133.47990024343,71995.5949653061,5196.550965844999
2026-03-30 18:28:24,77131.63756156349,71995.5949653061,5197.024765844999
2026-03-30 18:28:39,77142.10725379536,71995.5949653061,5202.867165845
2026-03-30 18:28:55,77138.97382168742,71995.5949653061,5202.049065845
2026-03-30 18:29:10,77134.48063910342,71995.5949653061,5197.552465844999
2026-03-30 18:29:26,77146.69779796405,71995.5949653061,5208.233665845
2026-03-30 18:29:41,77154.05362657235,71995.5949653061,5214.822265844999
2026-03-30 18:29:57,77150.14684051312,71995.5949653061,5214.003265844999
2026-03-30 18:30:12,77173.27283461143,71995.5949653061,5236.374165845001
2026-03-30 18:30:27,77178.01392321667,71995.5949653061,5238.027165845
2026-03-30 18:30:43,77175.89726417774,71995.5949653061,5238.227665845
2026-03-30 18:30:58,77175.44080677773,71995.5949653061,5237.770865845
2026-03-30 18:31:14,77177.15913987804,71995.5949653061,5238.717565845
2026-03-30 18:31:29,77175.46859181004,71995.5949653061,5237.025765845001
2026-03-30 18:31:45,77180.45140180005,71995.5949653061,5242.012265845
2026-03-30 18:32:00,77179.13074230452,71487.5421607061,5747.970505845001
2026-03-30 18:32:16,77170.59571814386,71487.5421607061,5742.520705845001
2026-03-30 18:32:31,77167.5675493659,70982.4709916061,6245.334245845001
2026-03-30 18:32:46,77151.52997805063,70982.4709916061,6227.738745845
2026-03-30 18:33:02,77159.54086969853,70982.4709916061,6232.664775845001
2026-03-30 18:33:17,77154.07894437686,70982.4709916061,6227.971575845
2026-03-30 18:33:33,77148.43467192253,70982.4709916061,6221.550575845001
2026-03-30 18:33:48,77139.64100792253,70982.4709916061,6212.750575845
2026-03-30 18:34:04,77139.9234011255,70982.4709916061,6215.350775844999
2026-03-30 18:34:19,77142.94051671118,70982.4709916061,6217.597575844999
2026-03-30 18:34:35,77146.48642079897,70982.4709916061,6221.146105845
2026-03-30 18:34:50,77142.53761001711,70982.4709916061,6221.057405845
2026-03-30 18:35:05,77119.38994277801,70982.4709916061,6194.801905845
2026-03-30 18:35:21,77118.89485367898,70982.4709916061,6193.534105844999
2026-03-30 18:35:36,77113.1296606651,70982.4709916061,6191.626205845
2026-03-30 18:35:52,77115.92377887706,70982.4709916061,6192.877805845
2026-03-30 18:36:07,77118.13207717706,70982.4709916061,6195.087805845001
2026-03-30 18:36:23,77115.24733383305,70982.4709916061,6191.428505845001
2026-03-30 18:36:38,77116.12966275304,70982.4709916061,6192.311505845001
2026-03-30 18:36:54,77110.38779705313,70982.4709916061,6189.654505845
2026-03-30 18:37:09,77106.94239986806,70982.4709916061,6183.889505845002
2026-03-30 18:37:24,77102.65281971324,70982.4709916061,6185.002505845001
2026-03-30 18:37:40,77107.20664354811,70982.4709916061,6185.698505845001
2026-03-30 18:37:55,77110.53854192898,70982.4709916061,6185.171605845001
2026-03-30 18:38:11,77110.32500110316,70982.4709916061,6190.364005845
2026-03-30 18:38:26,77117.294815303,70982.4709916061,6192.705205845001
2026-03-30 18:38:42,77120.10221929314,70982.4709916061,6199.376705844999
2026-03-30 18:38:57,77118.95320659116,70982.4709916061,6198.999205845
2026-03-30 18:39:13,77124.51535826306,70982.4709916061,6201.476005845
2026-03-30 18:39:28,77128.48916238903,70982.4709916061,6204.680405845
2026-03-30 18:39:43,77129.08103997906,70982.4709916061,6206.045205845
2026-03-30 18:39:59,77136.08448555303,70982.4709916061,6212.281505845
2026-03-30 18:40:14,77138.90017342004,70982.4709916061,6215.871905845
2026-03-30 18:40:30,77146.75422114306,70982.4709916061,6223.732005845
2026-03-30 18:40:45,77145.41375385314,70982.4709916061,6224.708505845
2026-03-30 18:41:01,77149.0139896321,70982.4709916061,6227.538905845001
2026-03-30 18:41:16,77141.72254847316,70982.4709916061,6221.787005845
2026-03-30 18:41:31,77137.90604234916,70982.4709916061,6217.967405845
2026-03-30 18:41:47,77138.64488769912,70982.4709916061,6217.161605845001
2026-03-30 18:42:02,77139.47702889905,70982.4709916061,6216.449205845
2026-03-30 18:42:18,77142.13096538908,70982.4709916061,6219.877805845001
2026-03-30 18:42:33,77136.1900764242,70982.4709916061,6217.795305845
2026-03-30 18:42:48,77127.76332819529,70982.4709916061,6211.679305845001
2026-03-30 18:43:04,77243.79330413816,70982.4709916061,6323.940505845
2026-03-30 18:43:19,77174.14546462116,70982.4709916061,6254.236205845
2026-03-30 18:43:35,77126.752316853,70982.4709916061,6202.169805845
2026-03-30 18:43:50,77121.77595192801,70982.4709916061,6197.189705844999
2026-03-30 18:44:06,77108.67623166903,70982.4709916061,6184.852405845
2026-03-30 18:44:21,77103.05799889221,70982.4709916061,6184.635705844999
2026-03-30 18:44:37,77109.42009057605,70982.4709916061,6186.369105844999
2026-03-30 18:44:52,77105.33973069317,70982.4709916061,6186.147005844999
2026-03-30 18:45:07,77108.61041450704,70982.4709916061,6185.558805844999
2026-03-30 18:45:23,77108.576159203,70982.4709916061,6183.980005844999
2026-03-30 18:45:38,77108.33763822801,70982.4709916061,6183.741305844999
2026-03-30 18:45:54,77104.62132482616,70982.4709916061,6184.655705845
2026-03-30 18:46:09,77108.16701896503,70982.4709916061,6184.342805845
2026-03-30 18:46:24,77107.43688430049,70982.4709916061,6182.839875844999
2026-03-30 18:46:40,77104.71282887549,70982.4709916061,6180.113775844999
2026-03-30 18:46:55,77101.1527009755,70982.4709916061,6176.550975845
2026-03-30 18:47:11,77097.02446627713,70982.4709916061,6176.280475844999
2026-03-30 18:47:26,77099.45424019416,70982.4709916061,6176.395575844999
2026-03-30 18:47:42,77103.10552653715,70982.4709916061,6180.049675845001
2026-03-30 18:47:57,77104.65965658784,70982.4709916061,6180.832775845
2026-03-30 18:48:13,77105.5444047255,70982.4709916061,6180.945975845
2026-03-30 18:48:28,77099.61221845716,70982.4709916061,6176.553675845
2026-03-30 18:48:43,77101.05553232011,70982.4709916061,6182.631575845001
2026-03-30 18:48:59,77110.37081280783,70982.4709916061,6186.548275845002
2026-03-30 18:49:14,77100.06053318779,70982.4709916061,6180.863475845001
2026-03-30 18:49:30,77103.09813555112,70982.4709916061,6184.675875845001
2026-03-30 18:49:45,77112.10974471453,70982.4709916061,6185.199475845001
2026-03-30 18:50:01,77105.05064679346,70982.4709916061,6185.085375845001
2026-03-30 18:50:16,77104.39038204146,70982.4709916061,6184.424575845001
2026-03-30 18:50:31,77104.95291813978,70982.4709916061,6185.759875845
2026-03-30 18:50:47,77108.9541455005,70982.4709916061,6184.358275845001
2026-03-30 18:51:02,77113.84706884382,70982.4709916061,6190.027175845001
2026-03-30 18:51:18,77103.56045482746,70982.4709916061,6183.593975845001
2026-03-30 18:51:33,77101.45286262881,70982.4709916061,6179.940175845001
2026-03-30 18:51:49,77104.22361723047,70982.4709916061,6184.257675845
2026-03-30 18:52:04,77103.80775794177,70982.4709916061,6184.613775845
2026-03-30 18:52:20,77105.32938207811,70982.4709916061,6186.908975845
2026-03-30 18:52:35,77112.06558108318,70982.4709916061,6186.699775845
2026-03-30 18:52:51,77113.80496585886,70982.4709916061,6187.668175844999
2026-03-30 18:53:06,77110.33271115714,70982.4709916061,6189.599375845
2026-03-30 18:53:22,77111.89675207715,70982.4709916061,6188.847675845
2026-03-30 18:53:37,77112.2615630755,70982.4709916061,6187.668175844999
2026-03-30 18:53:52,77112.7259920172,70982.4709916061,6187.360675844999
2026-03-30 18:54:08,77111.7350582505,70982.4709916061,6187.141275845
2026-03-30 18:54:23,77107.6900942505,70982.4709916061,6183.093275845001
2026-03-30 18:54:39,77099.97330477378,70982.4709916061,6180.776175845
2026-03-30 18:54:54,77104.25239390247,70982.4709916061,6184.286475845001
2026-03-30 18:55:10,77121.58817996185,70982.4709916061,6195.457075845001
2026-03-30 18:55:25,77124.0426206505,70982.4709916061,6199.458075845001
2026-03-30 18:55:41,77132.6918288755,70982.4709916061,6208.113775845
2026-03-30 18:55:56,77134.56980758384,70982.4709916061,6210.765675845
2026-03-30 18:56:11,77134.41703400051,70982.4709916061,6209.840275845
2026-03-30 18:56:27,77139.41735515585,70982.4709916061,6213.299275845001
2026-03-30 18:56:42,77156.19607968252,70982.4709916061,6229.317575845001
2026-03-30 18:56:58,77167.80969988718,70982.4709916061,6242.485175845
2026-03-30 18:57:13,77167.47385894586,70982.4709916061,6241.376275845001
2026-03-30 18:57:29,77169.09251989739,70982.4709916061,6243.768945845001
2026-03-30 18:57:44,77171.26993568777,70982.4709916061,6251.358345845
2026-03-30 18:58:00,77180.45671836146,70982.4709916061,6260.552575845
2026-03-30 18:58:15,77181.02777267584,70982.4709916061,6257.258975845001
2026-03-30 18:58:31,77185.27509989779,70982.4709916061,6266.147975845001
2026-03-30 18:58:46,77184.10446060979,70982.4709916061,6264.976375845002
2026-03-30 18:59:02,77192.03360348276,70982.4709916061,6272.138845845
2026-03-30 18:59:17,77189.57434234263,70982.4709916061,6265.812045845001
2026-03-30 18:59:32,77196.73268280388,70982.4709916061,6274.522145845001
2026-03-30 18:59:48,77203.57847275226,70982.4709916061,6280.600045845
2026-03-30 19:00:03,77185.32734733415,70982.4709916061,6264.654055765961
2026-03-30 19:00:19,77162.1936425953,70473.9200648061,6749.279905765962
2026-03-30 19:00:34,77162.54002904413,70473.9200648061,6746.535305765962
2026-03-30 19:00:50,77166.8989609607,69979.1819439061,7246.408465765962
2026-03-30 19:01:05,77169.0853367885,69979.1819439061,7250.142265765962
2026-03-30 19:01:21,77170.8612266657,69979.1819439061,7251.146635765962
2026-03-30 19:01:36,77173.61618399389,69979.1819439061,7250.812135765962
2026-03-30 19:01:52,77160.60092681152,69979.1819439061,7243.969735765962
2026-03-30 19:02:07,77161.26536774798,69505.1405959061,7714.811935765962
2026-03-30 19:02:23,77157.61424471198,69505.1405959061,7711.158035765962
2026-03-30 19:02:38,77151.18690589204,69505.1405959061,7707.043935765962
2026-03-30 19:02:54,77165.74252758858,69505.1405959061,7715.428535765962
2026-03-30 19:03:09,77159.9788124983,69505.1405959061,7712.751635765962
2026-03-30 19:03:25,77151.67781776503,69505.1405959061,7707.535235765961
2026-03-30 19:03:40,77164.44415156671,69505.1405959061,7721.084535765961
2026-03-30 19:03:56,77169.80721856993,69505.1405959061,7721.041735765962
2026-03-30 19:04:11,77163.9131595233,69505.1405959061,7716.688935765961
2026-03-30 19:04:27,77162.09699464061,69505.1405959061,7714.098635765962
2026-03-30 19:04:42,77161.92507673694,69505.1405959061,7713.153835765962
2026-03-30 19:04:57,77158.89049804672,69505.1405959061,7715.526435765962
2026-03-30 19:05:13,77164.14637697462,69505.1405959061,7716.149535765962
2026-03-30 19:05:28,77168.91307177393,69505.1405959061,7720.146935765962
2026-03-30 19:05:44,77172.0359628483,69505.1405959061,7724.817835765963
2026-03-30 19:05:59,77187.91528961725,69505.1405959061,7738.39003576596
2026-03-30 19:06:15,77177.7994369983,69505.1405959061,7730.585635765961
2026-03-30 19:06:30,77177.37289159394,69505.1405959061,7728.612935765963
2026-03-30 19:06:46,77153.3797327204,69505.1405959061,7710.784035765962
2026-03-30 19:07:01,77163.15341231263,69505.1405959061,7715.155835765962
2026-03-30 19:07:17,77154.58776688603,69505.1405959061,7705.811165765962
2026-03-30 19:07:32,77159.46337496242,69505.1405959061,7711.463065765962
2026-03-30 19:07:48,77153.52890042325,70385.1651559061,6824.72696576596
2026-03-30 19:08:03,77156.22396769212,70385.1651559061,6824.333365765959
2026-03-30 19:08:19,77159.29425693161,70385.1651559061,6832.81476576596
2026-03-30 19:08:34,77148.15470957202,70385.1651559061,6820.121465765959
2026-03-30 19:08:50,77155.97091644925,70385.1651559061,6827.17076576596
2026-03-30 19:09:05,77157.28535620724,70385.1651559061,6828.48616576596
2026-03-30 19:09:21,77141.48086861351,70385.1651559061,6818.850965765961
2026-03-30 19:09:36,77146.60781623295,70385.1651559061,6822.436665765961
2026-03-30 19:09:51,77157.22289406446,70385.1651559061,6827.65096576596
2026-03-30 19:10:07,77156.06655047403,70385.1651559061,6828.03916576596
2026-03-30 19:10:22,77138.08672010251,70385.1651559061,6815.45406576596
2026-03-30 19:10:38,76990.5169123739,71756.94475967209,5289.045265519962
2026-03-30 19:10:53,76984.0899409292,71756.94475967209,5284.155595519963
2026-03-30 19:11:09,76978.94994734121,71756.94475967209,5279.011795519962
2026-03-30 19:11:24,76990.46146013676,71756.94475967209,5289.760795519962
2026-03-30 19:11:40,77007.0766181912,71756.94475967209,5307.159295519961
2026-03-30 19:11:55,77001.38427120066,71756.94475967209,5302.233895519962
2026-03-30 19:12:11,77007.80665889167,71756.94475967209,5307.118665519963
2026-03-30 19:12:26,76994.28022288182,72248.7769758221,4805.605665519962
2026-03-30 19:12:42,76988.99191983488,72248.7769758221,4796.457965519963
2026-03-30 19:12:57,76987.33353134288,72248.7769758221,4794.798365519963
2026-03-30 19:13:13,76990.48858857347,72248.7769758221,4798.726765519962
2026-03-30 19:13:28,76986.26641754899,72248.7769758221,4799.127765519962
2026-03-30 19:13:44,76989.71811353606,72248.7769758221,4798.726765519962
2026-03-30 19:13:59,76995.04899493988,72248.7769758221,4802.519465519963
2026-03-30 19:14:15,76999.57881246106,72248.7769758221,4808.594865519962
2026-03-30 19:14:30,77001.79814671105,72248.7769758221,4810.815865519962
2026-03-30 19:14:45,77001.72420221104,72248.7769758221,4810.741865519962
2026-03-30 19:15:01,77041.38504491288,72248.7769758221,4848.889365519963
2026-03-30 19:15:16,77048.85617510557,72248.7769758221,4862.539365519964
2026-03-30 19:15:32,77056.27037068688,72248.7769758221,4863.785565519964
2026-03-30 19:15:47,77046.49099930898,72248.7769758221,4859.400565519963
2026-03-30 19:16:03,77060.36324303747,72248.7769758221,4868.653165519963
2026-03-30 19:16:18,77053.41688714748,72248.7769758221,4861.701665519963
2026-03-30 19:16:34,77042.79319010458,72248.7769758221,4856.471465519962
2026-03-30 19:16:49,77049.95418487088,72248.7769758221,4857.464765519962
2026-03-30 19:17:05,77050.50724187947,72248.7769758221,4858.789865519963
2026-03-30 19:17:20,77047.04165346664,72248.7769758221,4856.864965519963
2026-03-30 19:17:36,77043.44328941105,72248.7769758221,4852.4922655199625
2026-03-30 19:17:51,77037.71149148606,72248.7769758221,4846.756165519963
2026-03-30 19:18:07,77041.00422311589,72248.7769758221,4848.508265519963
2026-03-30 19:18:22,77037.31901528288,72248.7769758221,4844.820365519962
2026-03-30 19:18:38,77025.09256968071,72248.7769758221,4831.042265519963
2026-03-30 19:18:53,77022.10386952829,72248.7769758221,4828.822765519963
2026-03-30 19:19:08,77025.71489248089,72248.7769758221,4833.207765519964
2026-03-30 19:19:24,77026.51630702088,72248.7769758221,4834.009765519963
2026-03-30 19:19:39,77013.53940487959,72248.7769758221,4827.193965519962
2026-03-30 19:19:55,77005.94983151589,72248.7769758221,4813.428265519962
2026-03-30 19:20:10,77014.37410766105,72248.7769758221,4823.401265519961
2026-03-30 19:20:26,77005.65385276104,72248.7769758221,4814.674465519962
2026-03-30 19:20:41,77007.23829025388,72248.7769758221,4814.717665519962
2026-03-30 19:20:57,77003.6501617404,72248.7769758221,4815.754165519962
2026-03-30 19:21:12,77009.44539020029,72248.7769758221,4816.155165519962
2026-03-30 19:21:28,77012.33408198257,72248.7769758221,4825.987665519963
2026-03-30 19:21:43,77019.09141180664,72248.7769758221,4828.893465519963
2026-03-30 19:21:59,77024.99321130897,72248.7769758221,4837.885565519963
2026-03-30 19:22:14,77019.27985134858,72248.7769758221,4832.939065519962
2026-03-30 19:22:30,77020.95707846641,72248.7769758221,4833.074765519962
2026-03-30 19:22:45,77024.52717748264,72248.7769758221,4834.333365519962
2026-03-30 19:23:01,77030.4586497523,72248.7769758221,4837.183565519961
2026-03-30 19:23:16,77030.66797408988,72248.7769758221,4838.164465519962
2026-03-30 19:23:32,77021.87051146898,72248.7769758221,4834.760365519963
2026-03-30 19:23:47,77025.9071648064,72248.7769758221,4838.028765519962
2026-03-30 19:24:03,77032.04656410898,72248.7769758221,4844.944565519962
2026-03-30 19:24:18,77027.51277038947,72248.7769758221,4835.778365519963
2026-03-30 19:24:34,77032.70378686087,72248.7769758221,4840.2017655199625
2026-03-30 19:24:49,77033.96172572028,72248.7769758221,4840.689165519963
2026-03-30 19:25:05,77040.84836394664,72248.7769758221,4850.666965519963
2026-03-30 19:25:20,77054.30823458605,72248.7769758221,4863.365365519962
2026-03-30 19:25:35,77060.15779518147,72248.7769758221,4868.447565519963
2026-03-30 19:25:51,77063.16466844747,72248.7769758221,4871.4566655199615
2026-03-30 19:26:06,77062.52963871746,72248.7769758221,4870.821165519961
2026-03-30 19:26:22,77061.75421295746,72248.7769758221,4870.045165519963
2026-03-30 19:26:37,77068.04705280747,72248.7769758221,4876.342665519962
2026-03-30 19:26:53,77064.89606560615,72248.7769758221,4879.364165519963
2026-03-30 19:27:08,77064.48988705948,72248.7769758221,4872.782865519962
2026-03-30 19:27:24,77066.16340653354,72248.7769758221,4875.229435519962
2026-03-30 19:27:39,77058.97023602364,72248.7769758221,4874.205335519961
2026-03-30 19:27:55,77058.63653793532,72248.7769758221,4869.240435519962
2026-03-30 19:28:10,77059.85040821321,72248.7769758221,4871.2270355199635
2026-03-30 19:28:26,77053.48209507288,72248.7769758221,4867.169035519962
2026-03-30 19:28:41,77050.64690844966,72248.7769758221,4858.929635519962
2026-03-30 19:28:57,77050.12807600143,72248.7769758221,4859.953735519962
2026-03-30 19:29:12,77047.76707172945,72248.7769758221,4857.590935519962
2026-03-30 19:29:28,77044.460894693,72248.7769758221,4857.368835519962
2026-03-30 19:29:43,77044.460894693,72248.7769758221,4857.368835519962
2026-03-30 19:29:58,77044.14389885381,72248.7769758221,4855.508265519962
2026-03-30 19:30:14,77041.18394834897,72248.7769758221,4854.089265519962
2026-03-30 19:30:29,77049.99857449744,72248.7769758221,4859.824135519962
2026-03-30 19:30:45,77051.63534076104,72248.7769758221,4860.690465519962
2026-03-30 19:31:00,77042.99769618899,72248.7769758221,4855.904465519963
2026-03-30 19:31:16,77037.22301962897,72248.7769758221,4850.125165519962
2026-03-30 19:31:31,77030.69266979447,71777.3888443221,5312.663165519963
2026-03-30 19:31:47,77033.10126498988,71777.3888443221,5311.987665519963
2026-03-30 19:32:02,77032.58391293278,71777.3888443221,5311.469935519963
2026-03-30 19:32:18,77021.38524644639,71273.50859710209,5806.457423519962
2026-03-30 19:32:33,77017.98837042318,71273.50859710209,5803.829323519962
2026-03-30 19:32:49,77016.91097066028,71273.50859710209,5802.751093519961
2026-03-30 19:33:04,77010.70793737318,71273.50859710209,5795.771993519963
2026-03-30 19:33:20,77015.18759024759,71273.50859710209,5800.255053519963
2026-03-30 19:33:35,77006.79572540107,71273.50859710209,5792.628053519961
2026-03-30 19:33:51,77004.68471850119,71273.50859710209,5789.744193519962
2026-03-30 19:34:06,77013.92155601572,71273.50859710209,5795.131693519962
2026-03-30 19:34:22,77007.8824256256,71273.50859710209,5789.859453519964
2026-03-30 19:34:37,77005.56001762928,71273.50859710209,5791.391393519963
2026-03-30 19:34:53,77010.69740737841,71273.50859710209,5792.676463519962
2026-03-30 19:35:08,77011.8903478424,71273.50859710209,5793.870263519962
2026-03-30 19:35:23,77005.46321262077,71273.50859710209,5792.065763519962
2026-03-30 19:35:39,77010.67682556718,71273.50859710209,5798.054763519963
2026-03-30 19:35:54,77012.55759035159,71273.50859710209,5796.851763519963
2026-03-30 19:36:10,77015.1222654332,71273.50859710209,5798.647063519963
2026-03-30 19:36:25,77011.47957619397,71273.50859710209,5798.086823519963
2026-03-30 19:36:41,77015.77516875601,71273.50859710209,5797.757883519963
2026-03-30 19:36:56,77006.70481895641,71273.50859710209,5790.223383519962
2026-03-30 19:37:12,76996.4757940404,71273.50859710209,5779.986783519964
2026-03-30 19:37:27,76995.26410221981,71273.50859710209,5776.460983519963
2026-03-30 19:37:43,76999.877223524,71273.50859710209,5781.848483519961
2026-03-30 19:37:58,77009.46784330241,71273.50859710209,5791.446013519963
2026-03-30 19:38:14,77012.59162468198,71273.50859710209,5797.657113519962
2026-03-30 19:38:29,77016.0535981424,71273.50859710209,5798.036513519962
2026-03-30 19:38:45,77017.35143906852,71273.50859710209,5798.564013519963
2026-03-30 19:39:00,77012.55742481578,71273.50859710209,5799.165513519962
2026-03-30 19:39:16,77024.82502904952,71273.50859710209,5806.042913519963
2026-03-30 19:39:31,77025.40931391252,71273.50859710209,5806.627613519962
2026-03-30 19:39:47,77030.78379531951,71273.50859710209,5812.005913519963
2026-03-30 19:40:02,77025.33569862087,71273.50859710209,5811.182313519963
2026-03-30 19:40:17,77028.40885406462,71273.50859710209,5808.857913519961
2026-03-30 19:40:33,77038.0561369332,71273.50859710209,5823.140993519963
2026-03-30 19:40:48,77055.03218672932,71273.50859710209,5836.271533519963
2026-03-30 19:41:04,77055.46322276801,71273.50859710209,5837.474533519964
2026-03-30 19:41:19,77064.66054573731,71273.50859710209,5845.906733519962
2026-03-30 19:41:35,77065.53519732409,71273.50859710209,5849.869133519964
2026-03-30 19:41:50,77046.00558378208,71273.50859710209,5833.411453519962
2026-03-30 19:42:06,77054.0124880496,71273.50859710209,5836.022753519962
2026-03-30 19:42:21,77044.17262301207,71273.50859710209,5830.033753519963
2026-03-30 19:42:37,77040.61484388662,71273.50859710209,5821.072453519963
2026-03-30 19:42:52,77043.11206764099,71273.50859710209,5826.657593519962
2026-03-30 19:43:08,77049.2431344584,71273.50859710209,5831.249963519962
2026-03-30 19:43:23,77048.99071666862,71273.50859710209,5829.454193519962
2026-03-30 19:43:39,77038.57105389281,71273.50859710209,5820.570193519962
2026-03-30 19:43:54,77025.45439732457,71273.50859710209,5812.072553519963
2026-03-30 19:44:10,77031.09326815908,71273.50859710209,5815.401353519962
2026-03-30 19:44:25,77031.09326815908,71273.50859710209,5815.401353519962
2026-03-30 19:44:41,77029.5708555586,71273.50859710209,5813.106353519963
2026-03-30 19:44:56,77029.68772310909,71273.50859710209,5813.994753519963
2026-03-30 19:45:12,77028.86206072052,71273.50859710209,5810.082813519963
2026-03-30 19:45:27,77043.41725082762,71273.50859710209,5823.876823519964
2026-03-30 19:45:43,77041.3523008328,71273.50859710209,5824.896523519962
2026-03-30 19:45:58,77031.9521934816,71273.50859710209,5816.260923519963
