2026-03-25 18:47:21,478 | INFO | system_events | logger_factory:configure_logging:169 | logging_configured version=v108 logs_dir=D:\GIT\okx-trading-bot\v10x\v108 деление программы на движки и разгруз main\logs
2026-03-25 18:47:22,669 | INFO | system_events | session_control_engine:_transition:23 | session_state=STARTING payload={}
2026-03-25 18:47:23,711 | INFO | system_events | session_control_engine:_transition:23 | session_state=RUNNING payload={}
2026-03-25 18:47:29,928 | INFO | httpx | _client:_send_single_request:1025 | HTTP Request: GET https://www.okx.com/api/v5/public/instruments?instType=SWAP "HTTP/2 200 OK"
2026-03-25 18:47:30,324 | INFO | httpx | _client:_send_single_request:1025 | HTTP Request: GET https://www.okx.com/api/v5/account/config "HTTP/2 200 OK"
2026-03-25 18:47:30,337 | WARNING | root | main_v107:_load_state:2594 | Failed to load state: trade_models.PositionState() argument after ** must be a mapping, not str
2026-03-25 18:47:30,623 | INFO | httpx | _client:_send_single_request:1025 | HTTP Request: GET https://www.okx.com/api/v5/account/balance "HTTP/2 200 OK"
2026-03-25 18:47:30,752 | INFO | httpx | _client:_send_single_request:1025 | HTTP Request: GET https://www.okx.com/api/v5/public/instruments?instType=SWAP "HTTP/2 200 OK"
2026-03-25 18:47:30,806 | INFO | httpx | _client:_send_single_request:1025 | HTTP Request: GET https://www.okx.com/api/v5/market/ticker?instId=1INCH-USDT-SWAP "HTTP/2 200 OK"
2026-03-25 18:47:31,004 | INFO | httpx | _client:_send_single_request:1025 | HTTP Request: GET https://www.okx.com/api/v5/account/balance "HTTP/2 200 OK"
2026-03-25 18:47:31,221 | INFO | httpx | _client:_send_single_request:1025 | HTTP Request: GET https://www.okx.com/api/v5/market/candles?instId=1INCH-USDT-SWAP&bar=5m&limit=89 "HTTP/2 200 OK"
2026-03-25 18:47:31,443 | INFO | httpx | _client:_send_single_request:1025 | HTTP Request: GET https://www.okx.com/api/v5/trade/orders-pending?instType=SWAP&instId=1INCH-USDT-SWAP "HTTP/2 200 OK"
2026-03-25 18:47:31,598 | INFO | websocket | _logging:info:89 | Websocket connected
2026-03-25 18:47:31,769 | INFO | httpx | _client:_send_single_request:1025 | HTTP Request: GET https://www.okx.com/api/v5/market/ticker?instId=2Z-USDT-SWAP "HTTP/2 200 OK"
2026-03-25 18:47:31,779 | INFO | websocket | _logging:info:89 | Websocket connected
2026-03-25 18:47:31,807 | INFO | httpx | _client:_send_single_request:1025 | HTTP Request: GET https://www.okx.com/api/v5/market/ticker?instId=1INCH-USDT-SWAP "HTTP/2 200 OK"
2026-03-25 18:47:32,061 | INFO | httpx | _client:_send_single_request:1025 | HTTP Request: GET https://www.okx.com/api/v5/account/positions?instType=SWAP "HTTP/2 200 OK"
2026-03-25 18:47:32,129 | INFO | httpx | _client:_send_single_request:1025 | HTTP Request: GET https://www.okx.com/api/v5/market/candles?instId=2Z-USDT-SWAP&bar=5m&limit=89 "HTTP/2 200 OK"
2026-03-25 18:47:32,267 | INFO | httpx | _client:_send_single_request:1025 | HTTP Request: GET https://www.okx.com/api/v5/market/candles?instId=BTC-USDT-SWAP&bar=5m&limit=64 "HTTP/2 200 OK"
2026-03-25 18:47:32,495 | INFO | httpx | _client:_send_single_request:1025 | HTTP Request: GET https://www.okx.com/api/v5/market/candles?instId=BTC-USDT-SWAP&bar=5m&limit=64 "HTTP/2 200 OK"
2026-03-25 18:47:32,670 | INFO | httpx | _client:_send_single_request:1025 | HTTP Request: GET https://www.okx.com/api/v5/market/ticker?instId=A-USDT-SWAP "HTTP/2 200 OK"
2026-03-25 18:47:33,061 | INFO | httpx | _client:_send_single_request:1025 | HTTP Request: GET https://www.okx.com/api/v5/market/candles?instId=A-USDT-SWAP&bar=5m&limit=89 "HTTP/2 200 OK"
2026-03-25 18:47:33,652 | INFO | httpx | _client:_send_single_request:1025 | HTTP Request: GET https://www.okx.com/api/v5/market/ticker?instId=AAVE-USDT-SWAP "HTTP/2 200 OK"
2026-03-25 18:47:34,042 | INFO | httpx | _client:_send_single_request:1025 | HTTP Request: GET https://www.okx.com/api/v5/market/candles?instId=AAVE-USDT-SWAP&bar=5m&limit=89 "HTTP/2 200 OK"
2026-03-25 18:47:34,620 | INFO | httpx | _client:_send_single_request:1025 | HTTP Request: GET https://www.okx.com/api/v5/market/ticker?instId=ACT-USDT-SWAP "HTTP/2 200 OK"
2026-03-25 18:47:35,025 | INFO | httpx | _client:_send_single_request:1025 | HTTP Request: GET https://www.okx.com/api/v5/market/candles?instId=ACT-USDT-SWAP&bar=5m&limit=89 "HTTP/2 200 OK"
2026-03-25 18:47:35,641 | INFO | httpx | _client:_send_single_request:1025 | HTTP Request: GET https://www.okx.com/api/v5/market/ticker?instId=ADA-USDT-SWAP "HTTP/2 200 OK"
2026-03-25 18:47:36,076 | INFO | httpx | _client:_send_single_request:1025 | HTTP Request: GET https://www.okx.com/api/v5/market/candles?instId=ADA-USDT-SWAP&bar=5m&limit=89 "HTTP/2 200 OK"
2026-03-25 18:47:36,679 | INFO | httpx | _client:_send_single_request:1025 | HTTP Request: GET https://www.okx.com/api/v5/market/ticker?instId=AI16Z-USDT-SWAP "HTTP/2 200 OK"
2026-03-25 18:47:37,099 | INFO | httpx | _client:_send_single_request:1025 | HTTP Request: GET https://www.okx.com/api/v5/market/candles?instId=AI16Z-USDT-SWAP&bar=5m&limit=89 "HTTP/2 200 OK"
2026-03-25 18:47:37,676 | INFO | httpx | _client:_send_single_request:1025 | HTTP Request: GET https://www.okx.com/api/v5/market/ticker?instId=AKITA-USDT-SWAP "HTTP/2 200 OK"
2026-03-25 18:47:37,948 | INFO | httpx | _client:_send_single_request:1025 | HTTP Request: GET https://www.okx.com/api/v5/public/instruments?instType=SWAP "HTTP/2 200 OK"
2026-03-25 18:47:38,111 | INFO | httpx | _client:_send_single_request:1025 | HTTP Request: GET https://www.okx.com/api/v5/market/candles?instId=AKITA-USDT-SWAP&bar=5m&limit=89 "HTTP/2 200 OK"
2026-03-25 18:47:38,355 | INFO | httpx | _client:_send_single_request:1025 | HTTP Request: GET https://www.okx.com/api/v5/account/balance "HTTP/2 200 OK"
2026-03-25 18:47:38,702 | INFO | httpx | _client:_send_single_request:1025 | HTTP Request: GET https://www.okx.com/api/v5/market/ticker?instId=ALGO-USDT-SWAP "HTTP/2 200 OK"
2026-03-25 18:47:38,782 | INFO | httpx | _client:_send_single_request:1025 | HTTP Request: GET https://www.okx.com/api/v5/trade/orders-pending?instType=SWAP&instId=1INCH-USDT-SWAP "HTTP/2 200 OK"
2026-03-25 18:47:39,072 | INFO | httpx | _client:_send_single_request:1025 | HTTP Request: GET https://www.okx.com/api/v5/market/candles?instId=ALGO-USDT-SWAP&bar=5m&limit=89 "HTTP/2 200 OK"
2026-03-25 18:47:39,190 | INFO | httpx | _client:_send_single_request:1025 | HTTP Request: GET https://www.okx.com/api/v5/market/ticker?instId=1INCH-USDT-SWAP "HTTP/2 200 OK"
2026-03-25 18:47:39,655 | INFO | httpx | _client:_send_single_request:1025 | HTTP Request: GET https://www.okx.com/api/v5/market/candles?instId=1INCH-USDT-SWAP&bar=15m&limit=121 "HTTP/2 200 OK"
2026-03-25 18:47:39,660 | INFO | httpx | _client:_send_single_request:1025 | HTTP Request: GET https://www.okx.com/api/v5/market/ticker?instId=ARB-USDT-SWAP "HTTP/2 200 OK"
2026-03-25 18:47:40,022 | INFO | httpx | _client:_send_single_request:1025 | HTTP Request: GET https://www.okx.com/api/v5/market/candles?instId=ARB-USDT-SWAP&bar=5m&limit=89 "HTTP/2 200 OK"
2026-03-25 18:47:40,035 | INFO | httpx | _client:_send_single_request:1025 | HTTP Request: GET https://www.okx.com/api/v5/market/candles?instId=1INCH-USDT-SWAP&bar=5m&limit=97 "HTTP/2 200 OK"
2026-03-25 18:47:40,443 | INFO | httpx | _client:_send_single_request:1025 | HTTP Request: GET https://www.okx.com/api/v5/market/history-trades?instId=1INCH-USDT-SWAP&limit=100 "HTTP/2 200 OK"
2026-03-25 18:47:40,648 | INFO | httpx | _client:_send_single_request:1025 | HTTP Request: GET https://www.okx.com/api/v5/market/ticker?instId=ASP-USDT-SWAP "HTTP/2 200 OK"
2026-03-25 18:47:40,976 | INFO | httpx | _client:_send_single_request:1025 | HTTP Request: GET https://www.okx.com/api/v5/market/candles?instId=2Z-USDT-SWAP&bar=15m&limit=121 "HTTP/2 200 OK"
2026-03-25 18:47:41,067 | INFO | httpx | _client:_send_single_request:1025 | HTTP Request: GET https://www.okx.com/api/v5/market/candles?instId=ASP-USDT-SWAP&bar=5m&limit=89 "HTTP/2 200 OK"
2026-03-25 18:47:41,375 | INFO | httpx | _client:_send_single_request:1025 | HTTP Request: GET https://www.okx.com/api/v5/market/candles?instId=2Z-USDT-SWAP&bar=5m&limit=97 "HTTP/2 200 OK"
2026-03-25 18:47:41,627 | INFO | httpx | _client:_send_single_request:1025 | HTTP Request: GET https://www.okx.com/api/v5/market/ticker?instId=ASTER-USDT-SWAP "HTTP/2 200 OK"
2026-03-25 18:47:41,777 | INFO | httpx | _client:_send_single_request:1025 | HTTP Request: GET https://www.okx.com/api/v5/market/history-trades?instId=2Z-USDT-SWAP&limit=100 "HTTP/2 200 OK"
2026-03-25 18:47:42,000 | INFO | httpx | _client:_send_single_request:1025 | HTTP Request: GET https://www.okx.com/api/v5/market/candles?instId=ASTER-USDT-SWAP&bar=5m&limit=89 "HTTP/2 200 OK"
2026-03-25 18:47:42,158 | INFO | httpx | _client:_send_single_request:1025 | HTTP Request: GET https://www.okx.com/api/v5/market/books?instId=2Z-USDT-SWAP&sz=5 "HTTP/2 200 OK"
2026-03-25 18:47:42,561 | INFO | httpx | _client:_send_single_request:1025 | HTTP Request: GET https://www.okx.com/api/v5/market/ticker?instId=ATOM-USDT-SWAP "HTTP/2 200 OK"
2026-03-25 18:47:42,649 | INFO | httpx | _client:_send_single_request:1025 | HTTP Request: GET https://www.okx.com/api/v5/market/candles?instId=A-USDT-SWAP&bar=15m&limit=121 "HTTP/2 200 OK"
2026-03-25 18:47:42,974 | INFO | httpx | _client:_send_single_request:1025 | HTTP Request: GET https://www.okx.com/api/v5/market/candles?instId=ATOM-USDT-SWAP&bar=5m&limit=89 "HTTP/2 200 OK"
2026-03-25 18:47:43,040 | INFO | httpx | _client:_send_single_request:1025 | HTTP Request: GET https://www.okx.com/api/v5/market/candles?instId=A-USDT-SWAP&bar=5m&limit=97 "HTTP/2 200 OK"
2026-03-25 18:47:43,477 | INFO | httpx | _client:_send_single_request:1025 | HTTP Request: GET https://www.okx.com/api/v5/market/history-trades?instId=A-USDT-SWAP&limit=100 "HTTP/2 200 OK"
2026-03-25 18:47:43,533 | INFO | httpx | _client:_send_single_request:1025 | HTTP Request: GET https://www.okx.com/api/v5/market/ticker?instId=AUCTION-USDT-SWAP "HTTP/2 200 OK"
2026-03-25 18:47:43,885 | INFO | httpx | _client:_send_single_request:1025 | HTTP Request: GET https://www.okx.com/api/v5/market/candles?instId=AAVE-USDT-SWAP&bar=15m&limit=121 "HTTP/2 200 OK"
2026-03-25 18:47:43,912 | INFO | httpx | _client:_send_single_request:1025 | HTTP Request: GET https://www.okx.com/api/v5/market/candles?instId=AUCTION-USDT-SWAP&bar=5m&limit=89 "HTTP/2 200 OK"
2026-03-25 18:47:44,262 | INFO | httpx | _client:_send_single_request:1025 | HTTP Request: GET https://www.okx.com/api/v5/market/candles?instId=AAVE-USDT-SWAP&bar=5m&limit=97 "HTTP/2 200 OK"
2026-03-25 18:47:44,639 | INFO | httpx | _client:_send_single_request:1025 | HTTP Request: GET https://www.okx.com/api/v5/market/history-trades?instId=AAVE-USDT-SWAP&limit=100 "HTTP/2 200 OK"
2026-03-25 18:47:44,817 | INFO | httpx | _client:_send_single_request:1025 | HTTP Request: GET https://www.okx.com/api/v5/market/ticker?instId=AVAX-USDT-SWAP "HTTP/2 200 OK"
2026-03-25 18:47:45,046 | INFO | httpx | _client:_send_single_request:1025 | HTTP Request: GET https://www.okx.com/api/v5/market/candles?instId=ACT-USDT-SWAP&bar=15m&limit=121 "HTTP/2 200 OK"
2026-03-25 18:47:45,188 | INFO | httpx | _client:_send_single_request:1025 | HTTP Request: GET https://www.okx.com/api/v5/market/candles?instId=AVAX-USDT-SWAP&bar=5m&limit=89 "HTTP/2 200 OK"
2026-03-25 18:47:45,415 | INFO | httpx | _client:_send_single_request:1025 | HTTP Request: GET https://www.okx.com/api/v5/market/candles?instId=ACT-USDT-SWAP&bar=5m&limit=97 "HTTP/2 200 OK"
2026-03-25 18:47:45,739 | INFO | httpx | _client:_send_single_request:1025 | HTTP Request: GET https://www.okx.com/api/v5/market/ticker?instId=AXS-USDT-SWAP "HTTP/2 200 OK"
2026-03-25 18:47:45,800 | INFO | httpx | _client:_send_single_request:1025 | HTTP Request: GET https://www.okx.com/api/v5/market/history-trades?instId=ACT-USDT-SWAP&limit=100 "HTTP/2 200 OK"
2026-03-25 18:47:46,118 | INFO | httpx | _client:_send_single_request:1025 | HTTP Request: GET https://www.okx.com/api/v5/market/candles?instId=AXS-USDT-SWAP&bar=5m&limit=89 "HTTP/2 200 OK"
2026-03-25 18:47:46,259 | INFO | httpx | _client:_send_single_request:1025 | HTTP Request: GET https://www.okx.com/api/v5/market/books?instId=ACT-USDT-SWAP&sz=5 "HTTP/2 200 OK"
2026-03-25 18:47:46,633 | INFO | httpx | _client:_send_single_request:1025 | HTTP Request: GET https://www.okx.com/api/v5/market/candles?instId=ADA-USDT-SWAP&bar=15m&limit=121 "HTTP/2 200 OK"
2026-03-25 18:47:46,711 | INFO | httpx | _client:_send_single_request:1025 | HTTP Request: GET https://www.okx.com/api/v5/market/ticker?instId=BAND-USDT-SWAP "HTTP/2 200 OK"
2026-03-25 18:47:47,041 | INFO | httpx | _client:_send_single_request:1025 | HTTP Request: GET https://www.okx.com/api/v5/market/candles?instId=ADA-USDT-SWAP&bar=5m&limit=97 "HTTP/2 200 OK"
2026-03-25 18:47:47,161 | INFO | httpx | _client:_send_single_request:1025 | HTTP Request: GET https://www.okx.com/api/v5/market/candles?instId=BAND-USDT-SWAP&bar=5m&limit=89 "HTTP/2 200 OK"
2026-03-25 18:47:47,423 | INFO | httpx | _client:_send_single_request:1025 | HTTP Request: GET https://www.okx.com/api/v5/market/history-trades?instId=ADA-USDT-SWAP&limit=100 "HTTP/2 200 OK"
2026-03-25 18:47:47,735 | INFO | httpx | _client:_send_single_request:1025 | HTTP Request: GET https://www.okx.com/api/v5/market/ticker?instId=BCH-USDT-SWAP "HTTP/2 200 OK"
2026-03-25 18:47:47,865 | INFO | httpx | _client:_send_single_request:1025 | HTTP Request: GET https://www.okx.com/api/v5/market/books?instId=ADA-USDT-SWAP&sz=5 "HTTP/2 200 OK"
2026-03-25 18:47:48,145 | INFO | httpx | _client:_send_single_request:1025 | HTTP Request: GET https://www.okx.com/api/v5/market/candles?instId=BCH-USDT-SWAP&bar=5m&limit=89 "HTTP/2 200 OK"
2026-03-25 18:47:48,268 | INFO | httpx | _client:_send_single_request:1025 | HTTP Request: GET https://www.okx.com/api/v5/market/candles?instId=AI16Z-USDT-SWAP&bar=15m&limit=121 "HTTP/2 200 OK"
2026-03-25 18:47:48,642 | INFO | httpx | _client:_send_single_request:1025 | HTTP Request: GET https://www.okx.com/api/v5/market/candles?instId=AI16Z-USDT-SWAP&bar=5m&limit=97 "HTTP/2 200 OK"
2026-03-25 18:47:48,714 | INFO | httpx | _client:_send_single_request:1025 | HTTP Request: GET https://www.okx.com/api/v5/market/ticker?instId=BIO-USDT-SWAP "HTTP/2 200 OK"
2026-03-25 18:47:49,082 | INFO | httpx | _client:_send_single_request:1025 | HTTP Request: GET https://www.okx.com/api/v5/market/history-trades?instId=AI16Z-USDT-SWAP&limit=100 "HTTP/2 200 OK"
2026-03-25 18:47:49,105 | INFO | httpx | _client:_send_single_request:1025 | HTTP Request: GET https://www.okx.com/api/v5/market/candles?instId=BIO-USDT-SWAP&bar=5m&limit=89 "HTTP/2 200 OK"
2026-03-25 18:47:49,512 | INFO | httpx | _client:_send_single_request:1025 | HTTP Request: GET https://www.okx.com/api/v5/market/books?instId=AI16Z-USDT-SWAP&sz=5 "HTTP/2 200 OK"
2026-03-25 18:47:49,671 | INFO | httpx | _client:_send_single_request:1025 | HTTP Request: GET https://www.okx.com/api/v5/market/ticker?instId=BLUAI-USDT-SWAP "HTTP/2 200 OK"
2026-03-25 18:47:49,893 | INFO | httpx | _client:_send_single_request:1025 | HTTP Request: GET https://www.okx.com/api/v5/market/candles?instId=AKITA-USDT-SWAP&bar=15m&limit=121 "HTTP/2 200 OK"
2026-03-25 18:47:50,041 | INFO | httpx | _client:_send_single_request:1025 | HTTP Request: GET https://www.okx.com/api/v5/market/candles?instId=BLUAI-USDT-SWAP&bar=5m&limit=89 "HTTP/2 200 OK"
2026-03-25 18:47:50,245 | INFO | httpx | _client:_send_single_request:1025 | HTTP Request: GET https://www.okx.com/api/v5/market/candles?instId=AKITA-USDT-SWAP&bar=5m&limit=97 "HTTP/2 200 OK"
2026-03-25 18:47:50,590 | INFO | httpx | _client:_send_single_request:1025 | HTTP Request: GET https://www.okx.com/api/v5/market/ticker?instId=BNB-USDT-SWAP "HTTP/2 200 OK"
2026-03-25 18:47:50,623 | INFO | httpx | _client:_send_single_request:1025 | HTTP Request: GET https://www.okx.com/api/v5/market/history-trades?instId=AKITA-USDT-SWAP&limit=100 "HTTP/2 200 OK"
2026-03-25 18:47:50,960 | INFO | httpx | _client:_send_single_request:1025 | HTTP Request: GET https://www.okx.com/api/v5/market/candles?instId=BNB-USDT-SWAP&bar=5m&limit=89 "HTTP/2 200 OK"
2026-03-25 18:47:51,011 | INFO | httpx | _client:_send_single_request:1025 | HTTP Request: GET https://www.okx.com/api/v5/market/books?instId=AKITA-USDT-SWAP&sz=5 "HTTP/2 200 OK"
2026-03-25 18:47:51,377 | INFO | httpx | _client:_send_single_request:1025 | HTTP Request: GET https://www.okx.com/api/v5/market/candles?instId=ALGO-USDT-SWAP&bar=15m&limit=121 "HTTP/2 200 OK"
2026-03-25 18:47:51,529 | INFO | httpx | _client:_send_single_request:1025 | HTTP Request: GET https://www.okx.com/api/v5/market/ticker?instId=BOME-USDT-SWAP "HTTP/2 200 OK"
2026-03-25 18:47:51,792 | INFO | httpx | _client:_send_single_request:1025 | HTTP Request: GET https://www.okx.com/api/v5/market/candles?instId=ALGO-USDT-SWAP&bar=5m&limit=97 "HTTP/2 200 OK"
2026-03-25 18:47:51,900 | INFO | httpx | _client:_send_single_request:1025 | HTTP Request: GET https://www.okx.com/api/v5/market/candles?instId=BOME-USDT-SWAP&bar=5m&limit=89 "HTTP/2 200 OK"
2026-03-25 18:47:52,203 | INFO | httpx | _client:_send_single_request:1025 | HTTP Request: GET https://www.okx.com/api/v5/market/history-trades?instId=ALGO-USDT-SWAP&limit=100 "HTTP/2 200 OK"
2026-03-25 18:47:52,487 | INFO | httpx | _client:_send_single_request:1025 | HTTP Request: GET https://www.okx.com/api/v5/market/ticker?instId=BRETT-USDT-SWAP "HTTP/2 200 OK"
2026-03-25 18:47:52,603 | INFO | httpx | _client:_send_single_request:1025 | HTTP Request: GET https://www.okx.com/api/v5/market/books?instId=ALGO-USDT-SWAP&sz=5 "HTTP/2 200 OK"
2026-03-25 18:47:52,870 | INFO | httpx | _client:_send_single_request:1025 | HTTP Request: GET https://www.okx.com/api/v5/market/candles?instId=BRETT-USDT-SWAP&bar=5m&limit=89 "HTTP/2 200 OK"
2026-03-25 18:47:52,968 | INFO | httpx | _client:_send_single_request:1025 | HTTP Request: GET https://www.okx.com/api/v5/market/candles?instId=ARB-USDT-SWAP&bar=15m&limit=121 "HTTP/2 200 OK"
2026-03-25 18:47:53,405 | INFO | httpx | _client:_send_single_request:1025 | HTTP Request: GET https://www.okx.com/api/v5/market/candles?instId=ARB-USDT-SWAP&bar=5m&limit=97 "HTTP/2 200 OK"
2026-03-25 18:47:53,474 | INFO | httpx | _client:_send_single_request:1025 | HTTP Request: GET https://www.okx.com/api/v5/market/ticker?instId=BTC-USDT-SWAP "HTTP/2 200 OK"
2026-03-25 18:47:53,800 | INFO | httpx | _client:_send_single_request:1025 | HTTP Request: GET https://www.okx.com/api/v5/market/history-trades?instId=ARB-USDT-SWAP&limit=100 "HTTP/2 200 OK"
2026-03-25 18:47:54,020 | INFO | httpx | _client:_send_single_request:1025 | HTTP Request: GET https://www.okx.com/api/v5/market/ticker?instId=CAT-USDT-SWAP "HTTP/2 200 OK"
2026-03-25 18:47:54,129 | INFO | httpx | _client:_send_single_request:1025 | HTTP Request: GET https://www.okx.com/api/v5/market/candles?instId=BTC-USDT-SWAP&bar=5m&limit=64 "HTTP/2 200 OK"
2026-03-25 18:47:54,216 | INFO | httpx | _client:_send_single_request:1025 | HTTP Request: GET https://www.okx.com/api/v5/market/books?instId=ARB-USDT-SWAP&sz=5 "HTTP/2 200 OK"
2026-03-25 18:47:54,395 | INFO | httpx | _client:_send_single_request:1025 | HTTP Request: GET https://www.okx.com/api/v5/market/candles?instId=CAT-USDT-SWAP&bar=5m&limit=89 "HTTP/2 200 OK"
2026-03-25 18:47:54,613 | INFO | httpx | _client:_send_single_request:1025 | HTTP Request: GET https://www.okx.com/api/v5/market/candles?instId=ASP-USDT-SWAP&bar=15m&limit=121 "HTTP/2 200 OK"
2026-03-25 18:47:54,971 | INFO | httpx | _client:_send_single_request:1025 | HTTP Request: GET https://www.okx.com/api/v5/market/ticker?instId=CATI-USDT-SWAP "HTTP/2 200 OK"
2026-03-25 18:47:55,003 | INFO | httpx | _client:_send_single_request:1025 | HTTP Request: GET https://www.okx.com/api/v5/market/candles?instId=ASP-USDT-SWAP&bar=5m&limit=97 "HTTP/2 200 OK"
2026-03-25 18:47:55,382 | INFO | httpx | _client:_send_single_request:1025 | HTTP Request: GET https://www.okx.com/api/v5/market/history-trades?instId=ASP-USDT-SWAP&limit=100 "HTTP/2 200 OK"
2026-03-25 18:47:55,401 | INFO | httpx | _client:_send_single_request:1025 | HTTP Request: GET https://www.okx.com/api/v5/market/candles?instId=CATI-USDT-SWAP&bar=5m&limit=89 "HTTP/2 200 OK"
2026-03-25 18:47:55,829 | INFO | httpx | _client:_send_single_request:1025 | HTTP Request: GET https://www.okx.com/api/v5/market/books?instId=ASP-USDT-SWAP&sz=5 "HTTP/2 200 OK"
2026-03-25 18:47:55,951 | INFO | httpx | _client:_send_single_request:1025 | HTTP Request: GET https://www.okx.com/api/v5/market/ticker?instId=CELO-USDT-SWAP "HTTP/2 200 OK"
2026-03-25 18:47:56,203 | INFO | httpx | _client:_send_single_request:1025 | HTTP Request: GET https://www.okx.com/api/v5/market/candles?instId=ASTER-USDT-SWAP&bar=15m&limit=121 "HTTP/2 200 OK"
2026-03-25 18:47:56,379 | INFO | httpx | _client:_send_single_request:1025 | HTTP Request: GET https://www.okx.com/api/v5/market/candles?instId=CELO-USDT-SWAP&bar=5m&limit=89 "HTTP/2 200 OK"
2026-03-25 18:47:56,568 | INFO | httpx | _client:_send_single_request:1025 | HTTP Request: GET https://www.okx.com/api/v5/market/candles?instId=ASTER-USDT-SWAP&bar=5m&limit=97 "HTTP/2 200 OK"
2026-03-25 18:47:56,957 | INFO | httpx | _client:_send_single_request:1025 | HTTP Request: GET https://www.okx.com/api/v5/market/ticker?instId=CFX-USDT-SWAP "HTTP/2 200 OK"
2026-03-25 18:47:56,987 | INFO | httpx | _client:_send_single_request:1025 | HTTP Request: GET https://www.okx.com/api/v5/market/history-trades?instId=ASTER-USDT-SWAP&limit=100 "HTTP/2 200 OK"
2026-03-25 18:47:57,324 | INFO | httpx | _client:_send_single_request:1025 | HTTP Request: GET https://www.okx.com/api/v5/market/candles?instId=CFX-USDT-SWAP&bar=5m&limit=89 "HTTP/2 200 OK"
2026-03-25 18:47:57,411 | INFO | httpx | _client:_send_single_request:1025 | HTTP Request: GET https://www.okx.com/api/v5/market/books?instId=ASTER-USDT-SWAP&sz=5 "HTTP/2 200 OK"
2026-03-25 18:47:57,436 | INFO | root | main_v107:evaluate_entry:4796 | ALGO-USDT-SWAP: Turtle 20 short-сигнал отклонён (закрытие не удержалось ниже канала)
2026-03-25 18:47:57,805 | INFO | httpx | _client:_send_single_request:1025 | HTTP Request: GET https://www.okx.com/api/v5/market/ticker?instId=ARB-USDT-SWAP "HTTP/2 200 OK"
2026-03-25 18:47:57,866 | INFO | httpx | _client:_send_single_request:1025 | HTTP Request: GET https://www.okx.com/api/v5/market/ticker?instId=CHZ-USDT-SWAP "HTTP/2 200 OK"
2026-03-25 18:47:58,214 | INFO | httpx | _client:_send_single_request:1025 | HTTP Request: GET https://www.okx.com/api/v5/market/candles?instId=ATOM-USDT-SWAP&bar=15m&limit=121 "HTTP/2 200 OK"
2026-03-25 18:47:58,262 | INFO | httpx | _client:_send_single_request:1025 | HTTP Request: GET https://www.okx.com/api/v5/market/candles?instId=CHZ-USDT-SWAP&bar=5m&limit=89 "HTTP/2 200 OK"
2026-03-25 18:47:58,594 | INFO | httpx | _client:_send_single_request:1025 | HTTP Request: GET https://www.okx.com/api/v5/market/candles?instId=ATOM-USDT-SWAP&bar=5m&limit=97 "HTTP/2 200 OK"
2026-03-25 18:47:58,808 | INFO | httpx | _client:_send_single_request:1025 | HTTP Request: GET https://www.okx.com/api/v5/market/ticker?instId=COAI-USDT-SWAP "HTTP/2 200 OK"
2026-03-25 18:47:58,978 | INFO | httpx | _client:_send_single_request:1025 | HTTP Request: GET https://www.okx.com/api/v5/market/history-trades?instId=ATOM-USDT-SWAP&limit=100 "HTTP/2 200 OK"
2026-03-25 18:47:59,166 | INFO | httpx | _client:_send_single_request:1025 | HTTP Request: GET https://www.okx.com/api/v5/market/candles?instId=COAI-USDT-SWAP&bar=5m&limit=89 "HTTP/2 200 OK"
2026-03-25 18:47:59,409 | INFO | httpx | _client:_send_single_request:1025 | HTTP Request: GET https://www.okx.com/api/v5/market/books?instId=ATOM-USDT-SWAP&sz=5 "HTTP/2 200 OK"
2026-03-25 18:47:59,779 | INFO | httpx | _client:_send_single_request:1025 | HTTP Request: GET https://www.okx.com/api/v5/market/ticker?instId=COMP-USDT-SWAP "HTTP/2 200 OK"
2026-03-25 18:47:59,849 | INFO | httpx | _client:_send_single_request:1025 | HTTP Request: GET https://www.okx.com/api/v5/market/candles?instId=AUCTION-USDT-SWAP&bar=15m&limit=121 "HTTP/2 200 OK"
2026-03-25 18:48:00,196 | INFO | httpx | _client:_send_single_request:1025 | HTTP Request: GET https://www.okx.com/api/v5/market/candles?instId=COMP-USDT-SWAP&bar=5m&limit=89 "HTTP/2 200 OK"
2026-03-25 18:48:00,211 | INFO | httpx | _client:_send_single_request:1025 | HTTP Request: GET https://www.okx.com/api/v5/market/candles?instId=AUCTION-USDT-SWAP&bar=5m&limit=97 "HTTP/2 200 OK"
2026-03-25 18:48:00,622 | INFO | httpx | _client:_send_single_request:1025 | HTTP Request: GET https://www.okx.com/api/v5/market/history-trades?instId=AUCTION-USDT-SWAP&limit=100 "HTTP/2 200 OK"
2026-03-25 18:48:00,739 | INFO | httpx | _client:_send_single_request:1025 | HTTP Request: GET https://www.okx.com/api/v5/market/ticker?instId=CRO-USDT-SWAP "HTTP/2 200 OK"
2026-03-25 18:48:01,015 | INFO | httpx | _client:_send_single_request:1025 | HTTP Request: GET https://www.okx.com/api/v5/market/books?instId=AUCTION-USDT-SWAP&sz=5 "HTTP/2 200 OK"
2026-03-25 18:48:01,187 | INFO | httpx | _client:_send_single_request:1025 | HTTP Request: GET https://www.okx.com/api/v5/market/candles?instId=CRO-USDT-SWAP&bar=5m&limit=89 "HTTP/2 200 OK"
2026-03-25 18:48:01,416 | INFO | httpx | _client:_send_single_request:1025 | HTTP Request: GET https://www.okx.com/api/v5/market/candles?instId=AVAX-USDT-SWAP&bar=15m&limit=121 "HTTP/2 200 OK"
2026-03-25 18:48:01,731 | INFO | httpx | _client:_send_single_request:1025 | HTTP Request: GET https://www.okx.com/api/v5/market/ticker?instId=CRV-USDT-SWAP "HTTP/2 200 OK"
2026-03-25 18:48:01,779 | INFO | httpx | _client:_send_single_request:1025 | HTTP Request: GET https://www.okx.com/api/v5/market/candles?instId=AVAX-USDT-SWAP&bar=5m&limit=97 "HTTP/2 200 OK"
2026-03-25 18:48:02,100 | INFO | httpx | _client:_send_single_request:1025 | HTTP Request: GET https://www.okx.com/api/v5/market/candles?instId=CRV-USDT-SWAP&bar=5m&limit=89 "HTTP/2 200 OK"
2026-03-25 18:48:02,165 | INFO | httpx | _client:_send_single_request:1025 | HTTP Request: GET https://www.okx.com/api/v5/market/history-trades?instId=AVAX-USDT-SWAP&limit=100 "HTTP/2 200 OK"
2026-03-25 18:48:02,647 | INFO | httpx | _client:_send_single_request:1025 | HTTP Request: GET https://www.okx.com/api/v5/market/candles?instId=AXS-USDT-SWAP&bar=15m&limit=121 "HTTP/2 200 OK"
2026-03-25 18:48:02,650 | INFO | httpx | _client:_send_single_request:1025 | HTTP Request: GET https://www.okx.com/api/v5/market/ticker?instId=DOGE-USDT-SWAP "HTTP/2 200 OK"
2026-03-25 18:48:03,016 | INFO | httpx | _client:_send_single_request:1025 | HTTP Request: GET https://www.okx.com/api/v5/market/candles?instId=AXS-USDT-SWAP&bar=5m&limit=97 "HTTP/2 200 OK"
2026-03-25 18:48:03,036 | INFO | httpx | _client:_send_single_request:1025 | HTTP Request: GET https://www.okx.com/api/v5/market/candles?instId=DOGE-USDT-SWAP&bar=5m&limit=89 "HTTP/2 200 OK"
2026-03-25 18:48:03,453 | INFO | httpx | _client:_send_single_request:1025 | HTTP Request: GET https://www.okx.com/api/v5/market/history-trades?instId=AXS-USDT-SWAP&limit=100 "HTTP/2 200 OK"
2026-03-25 18:48:03,616 | INFO | httpx | _client:_send_single_request:1025 | HTTP Request: GET https://www.okx.com/api/v5/market/ticker?instId=DOT-USDT-SWAP "HTTP/2 200 OK"
2026-03-25 18:48:03,862 | INFO | httpx | _client:_send_single_request:1025 | HTTP Request: GET https://www.okx.com/api/v5/market/candles?instId=BAND-USDT-SWAP&bar=15m&limit=121 "HTTP/2 200 OK"
2026-03-25 18:48:04,050 | INFO | httpx | _client:_send_single_request:1025 | HTTP Request: GET https://www.okx.com/api/v5/market/candles?instId=DOT-USDT-SWAP&bar=5m&limit=89 "HTTP/2 200 OK"
2026-03-25 18:48:04,286 | INFO | httpx | _client:_send_single_request:1025 | HTTP Request: GET https://www.okx.com/api/v5/market/candles?instId=BAND-USDT-SWAP&bar=5m&limit=97 "HTTP/2 200 OK"
2026-03-25 18:48:04,677 | INFO | httpx | _client:_send_single_request:1025 | HTTP Request: GET https://www.okx.com/api/v5/market/history-trades?instId=BAND-USDT-SWAP&limit=100 "HTTP/2 200 OK"
2026-03-25 18:48:04,679 | INFO | httpx | _client:_send_single_request:1025 | HTTP Request: GET https://www.okx.com/api/v5/market/ticker?instId=ENA-USDT-SWAP "HTTP/2 200 OK"
2026-03-25 18:48:05,067 | INFO | httpx | _client:_send_single_request:1025 | HTTP Request: GET https://www.okx.com/api/v5/market/candles?instId=BCH-USDT-SWAP&bar=15m&limit=121 "HTTP/2 200 OK"
2026-03-25 18:48:05,074 | INFO | httpx | _client:_send_single_request:1025 | HTTP Request: GET https://www.okx.com/api/v5/market/candles?instId=ENA-USDT-SWAP&bar=5m&limit=89 "HTTP/2 200 OK"
2026-03-25 18:48:05,480 | INFO | httpx | _client:_send_single_request:1025 | HTTP Request: GET https://www.okx.com/api/v5/market/candles?instId=BCH-USDT-SWAP&bar=5m&limit=97 "HTTP/2 200 OK"
2026-03-25 18:48:05,677 | INFO | httpx | _client:_send_single_request:1025 | HTTP Request: GET https://www.okx.com/api/v5/market/ticker?instId=EOS-USDT-SWAP "HTTP/2 200 OK"
2026-03-25 18:48:05,935 | INFO | httpx | _client:_send_single_request:1025 | HTTP Request: GET https://www.okx.com/api/v5/market/history-trades?instId=BCH-USDT-SWAP&limit=100 "HTTP/2 200 OK"
2026-03-25 18:48:06,166 | INFO | httpx | _client:_send_single_request:1025 | HTTP Request: GET https://www.okx.com/api/v5/market/candles?instId=EOS-USDT-SWAP&bar=5m&limit=89 "HTTP/2 200 OK"
2026-03-25 18:48:06,379 | INFO | httpx | _client:_send_single_request:1025 | HTTP Request: GET https://www.okx.com/api/v5/market/candles?instId=BIO-USDT-SWAP&bar=15m&limit=121 "HTTP/2 200 OK"
2026-03-25 18:48:06,723 | INFO | httpx | _client:_send_single_request:1025 | HTTP Request: GET https://www.okx.com/api/v5/market/ticker?instId=ETC-USDT-SWAP "HTTP/2 200 OK"
2026-03-25 18:48:06,744 | INFO | httpx | _client:_send_single_request:1025 | HTTP Request: GET https://www.okx.com/api/v5/market/candles?instId=BIO-USDT-SWAP&bar=5m&limit=97 "HTTP/2 200 OK"
2026-03-25 18:48:07,085 | INFO | httpx | _client:_send_single_request:1025 | HTTP Request: GET https://www.okx.com/api/v5/market/candles?instId=ETC-USDT-SWAP&bar=5m&limit=89 "HTTP/2 200 OK"
2026-03-25 18:48:07,118 | INFO | httpx | _client:_send_single_request:1025 | HTTP Request: GET https://www.okx.com/api/v5/market/history-trades?instId=BIO-USDT-SWAP&limit=100 "HTTP/2 200 OK"
2026-03-25 18:48:07,553 | INFO | httpx | _client:_send_single_request:1025 | HTTP Request: GET https://www.okx.com/api/v5/market/candles?instId=BLUAI-USDT-SWAP&bar=15m&limit=121 "HTTP/2 200 OK"
2026-03-25 18:48:07,637 | INFO | httpx | _client:_send_single_request:1025 | HTTP Request: GET https://www.okx.com/api/v5/market/ticker?instId=ETH-USDT-SWAP "HTTP/2 200 OK"
2026-03-25 18:48:07,944 | INFO | httpx | _client:_send_single_request:1025 | HTTP Request: GET https://www.okx.com/api/v5/market/candles?instId=BLUAI-USDT-SWAP&bar=5m&limit=97 "HTTP/2 200 OK"
2026-03-25 18:48:08,031 | INFO | httpx | _client:_send_single_request:1025 | HTTP Request: GET https://www.okx.com/api/v5/market/candles?instId=ETH-USDT-SWAP&bar=5m&limit=89 "HTTP/2 200 OK"
2026-03-25 18:48:08,326 | INFO | httpx | _client:_send_single_request:1025 | HTTP Request: GET https://www.okx.com/api/v5/market/history-trades?instId=BLUAI-USDT-SWAP&limit=100 "HTTP/2 200 OK"
2026-03-25 18:48:08,601 | INFO | httpx | _client:_send_single_request:1025 | HTTP Request: GET https://www.okx.com/api/v5/market/ticker?instId=ETHFI-USDT-SWAP "HTTP/2 200 OK"
2026-03-25 18:48:08,767 | INFO | httpx | _client:_send_single_request:1025 | HTTP Request: GET https://www.okx.com/api/v5/market/books?instId=BLUAI-USDT-SWAP&sz=5 "HTTP/2 200 OK"
2026-03-25 18:48:08,973 | INFO | httpx | _client:_send_single_request:1025 | HTTP Request: GET https://www.okx.com/api/v5/market/candles?instId=ETHFI-USDT-SWAP&bar=5m&limit=89 "HTTP/2 200 OK"
2026-03-25 18:48:09,190 | INFO | httpx | _client:_send_single_request:1025 | HTTP Request: GET https://www.okx.com/api/v5/market/candles?instId=BNB-USDT-SWAP&bar=15m&limit=121 "HTTP/2 200 OK"
2026-03-25 18:48:09,573 | INFO | httpx | _client:_send_single_request:1025 | HTTP Request: GET https://www.okx.com/api/v5/market/ticker?instId=ETHW-USDT-SWAP "HTTP/2 200 OK"
2026-03-25 18:48:09,599 | INFO | httpx | _client:_send_single_request:1025 | HTTP Request: GET https://www.okx.com/api/v5/market/candles?instId=BNB-USDT-SWAP&bar=5m&limit=97 "HTTP/2 200 OK"
2026-03-25 18:48:10,040 | INFO | httpx | _client:_send_single_request:1025 | HTTP Request: GET https://www.okx.com/api/v5/market/history-trades?instId=BNB-USDT-SWAP&limit=100 "HTTP/2 200 OK"
2026-03-25 18:48:10,077 | INFO | httpx | _client:_send_single_request:1025 | HTTP Request: GET https://www.okx.com/api/v5/market/candles?instId=ETHW-USDT-SWAP&bar=5m&limit=89 "HTTP/2 200 OK"
2026-03-25 18:48:10,410 | INFO | httpx | _client:_send_single_request:1025 | HTTP Request: GET https://www.okx.com/api/v5/market/candles?instId=BOME-USDT-SWAP&bar=15m&limit=121 "HTTP/2 200 OK"
2026-03-25 18:48:10,632 | INFO | httpx | _client:_send_single_request:1025 | HTTP Request: GET https://www.okx.com/api/v5/market/ticker?instId=FIL-USDT-SWAP "HTTP/2 200 OK"
2026-03-25 18:48:10,788 | INFO | httpx | _client:_send_single_request:1025 | HTTP Request: GET https://www.okx.com/api/v5/market/candles?instId=BOME-USDT-SWAP&bar=5m&limit=97 "HTTP/2 200 OK"
2026-03-25 18:48:11,011 | INFO | httpx | _client:_send_single_request:1025 | HTTP Request: GET https://www.okx.com/api/v5/market/candles?instId=FIL-USDT-SWAP&bar=5m&limit=89 "HTTP/2 200 OK"
2026-03-25 18:48:11,231 | INFO | httpx | _client:_send_single_request:1025 | HTTP Request: GET https://www.okx.com/api/v5/market/history-trades?instId=BOME-USDT-SWAP&limit=100 "HTTP/2 200 OK"
2026-03-25 18:48:11,582 | INFO | httpx | _client:_send_single_request:1025 | HTTP Request: GET https://www.okx.com/api/v5/market/ticker?instId=FLOKI-USDT-SWAP "HTTP/2 200 OK"
2026-03-25 18:48:11,623 | INFO | httpx | _client:_send_single_request:1025 | HTTP Request: GET https://www.okx.com/api/v5/market/candles?instId=BRETT-USDT-SWAP&bar=15m&limit=121 "HTTP/2 200 OK"
2026-03-25 18:48:11,961 | INFO | httpx | _client:_send_single_request:1025 | HTTP Request: GET https://www.okx.com/api/v5/market/candles?instId=FLOKI-USDT-SWAP&bar=5m&limit=89 "HTTP/2 200 OK"
2026-03-25 18:48:11,991 | INFO | httpx | _client:_send_single_request:1025 | HTTP Request: GET https://www.okx.com/api/v5/market/candles?instId=BRETT-USDT-SWAP&bar=5m&limit=97 "HTTP/2 200 OK"
2026-03-25 18:48:12,371 | INFO | httpx | _client:_send_single_request:1025 | HTTP Request: GET https://www.okx.com/api/v5/market/history-trades?instId=BRETT-USDT-SWAP&limit=100 "HTTP/2 200 OK"
2026-03-25 18:48:12,528 | INFO | httpx | _client:_send_single_request:1025 | HTTP Request: GET https://www.okx.com/api/v5/market/ticker?instId=GMT-USDT-SWAP "HTTP/2 200 OK"
2026-03-25 18:48:12,814 | INFO | httpx | _client:_send_single_request:1025 | HTTP Request: GET https://www.okx.com/api/v5/market/books?instId=BRETT-USDT-SWAP&sz=5 "HTTP/2 200 OK"
2026-03-25 18:48:12,900 | INFO | httpx | _client:_send_single_request:1025 | HTTP Request: GET https://www.okx.com/api/v5/market/candles?instId=GMT-USDT-SWAP&bar=5m&limit=89 "HTTP/2 200 OK"
2026-03-25 18:48:13,214 | INFO | httpx | _client:_send_single_request:1025 | HTTP Request: GET https://www.okx.com/api/v5/market/candles?instId=BTC-USDT-SWAP&bar=15m&limit=121 "HTTP/2 200 OK"
2026-03-25 18:48:13,474 | INFO | httpx | _client:_send_single_request:1025 | HTTP Request: GET https://www.okx.com/api/v5/market/ticker?instId=H-USDT-SWAP "HTTP/2 200 OK"
2026-03-25 18:48:13,604 | INFO | httpx | _client:_send_single_request:1025 | HTTP Request: GET https://www.okx.com/api/v5/market/candles?instId=BTC-USDT-SWAP&bar=5m&limit=97 "HTTP/2 200 OK"
2026-03-25 18:48:13,846 | INFO | httpx | _client:_send_single_request:1025 | HTTP Request: GET https://www.okx.com/api/v5/market/candles?instId=H-USDT-SWAP&bar=5m&limit=89 "HTTP/2 200 OK"
2026-03-25 18:48:13,984 | INFO | httpx | _client:_send_single_request:1025 | HTTP Request: GET https://www.okx.com/api/v5/market/history-trades?instId=BTC-USDT-SWAP&limit=100 "HTTP/2 200 OK"
2026-03-25 18:48:14,363 | INFO | httpx | _client:_send_single_request:1025 | HTTP Request: GET https://www.okx.com/api/v5/market/candles?instId=CAT-USDT-SWAP&bar=15m&limit=121 "HTTP/2 200 OK"
2026-03-25 18:48:14,402 | INFO | httpx | _client:_send_single_request:1025 | HTTP Request: GET https://www.okx.com/api/v5/market/ticker?instId=HBAR-USDT-SWAP "HTTP/2 200 OK"
2026-03-25 18:48:14,762 | INFO | httpx | _client:_send_single_request:1025 | HTTP Request: GET https://www.okx.com/api/v5/market/candles?instId=CAT-USDT-SWAP&bar=5m&limit=97 "HTTP/2 200 OK"
2026-03-25 18:48:14,784 | INFO | httpx | _client:_send_single_request:1025 | HTTP Request: GET https://www.okx.com/api/v5/market/candles?instId=HBAR-USDT-SWAP&bar=5m&limit=89 "HTTP/2 200 OK"
2026-03-25 18:48:15,185 | INFO | httpx | _client:_send_single_request:1025 | HTTP Request: GET https://www.okx.com/api/v5/market/history-trades?instId=CAT-USDT-SWAP&limit=100 "HTTP/2 200 OK"
2026-03-25 18:48:15,361 | INFO | httpx | _client:_send_single_request:1025 | HTTP Request: GET https://www.okx.com/api/v5/market/ticker?instId=HMSTR-USDT-SWAP "HTTP/2 200 OK"
2026-03-25 18:48:15,608 | INFO | httpx | _client:_send_single_request:1025 | HTTP Request: GET https://www.okx.com/api/v5/market/books?instId=CAT-USDT-SWAP&sz=5 "HTTP/2 200 OK"
2026-03-25 18:48:15,721 | INFO | httpx | _client:_send_single_request:1025 | HTTP Request: GET https://www.okx.com/api/v5/market/candles?instId=HMSTR-USDT-SWAP&bar=5m&limit=89 "HTTP/2 200 OK"
2026-03-25 18:48:15,972 | INFO | httpx | _client:_send_single_request:1025 | HTTP Request: GET https://www.okx.com/api/v5/market/candles?instId=CATI-USDT-SWAP&bar=15m&limit=121 "HTTP/2 200 OK"
2026-03-25 18:48:16,264 | INFO | httpx | _client:_send_single_request:1025 | HTTP Request: GET https://www.okx.com/api/v5/market/ticker?instId=HOME-USDT-SWAP "HTTP/2 200 OK"
2026-03-25 18:48:16,339 | INFO | httpx | _client:_send_single_request:1025 | HTTP Request: GET https://www.okx.com/api/v5/market/candles?instId=CATI-USDT-SWAP&bar=5m&limit=97 "HTTP/2 200 OK"
2026-03-25 18:48:16,641 | INFO | httpx | _client:_send_single_request:1025 | HTTP Request: GET https://www.okx.com/api/v5/market/candles?instId=HOME-USDT-SWAP&bar=5m&limit=89 "HTTP/2 200 OK"
2026-03-25 18:48:16,774 | INFO | httpx | _client:_send_single_request:1025 | HTTP Request: GET https://www.okx.com/api/v5/market/history-trades?instId=CATI-USDT-SWAP&limit=100 "HTTP/2 200 OK"
2026-03-25 18:48:17,169 | INFO | httpx | _client:_send_single_request:1025 | HTTP Request: GET https://www.okx.com/api/v5/market/books?instId=CATI-USDT-SWAP&sz=5 "HTTP/2 200 OK"
2026-03-25 18:48:17,237 | INFO | httpx | _client:_send_single_request:1025 | HTTP Request: GET https://www.okx.com/api/v5/market/ticker?instId=ICP-USDT-SWAP "HTTP/2 200 OK"
2026-03-25 18:48:17,577 | INFO | httpx | _client:_send_single_request:1025 | HTTP Request: GET https://www.okx.com/api/v5/market/candles?instId=CELO-USDT-SWAP&bar=15m&limit=121 "HTTP/2 200 OK"
2026-03-25 18:48:17,603 | INFO | httpx | _client:_send_single_request:1025 | HTTP Request: GET https://www.okx.com/api/v5/market/candles?instId=ICP-USDT-SWAP&bar=5m&limit=89 "HTTP/2 200 OK"
2026-03-25 18:48:18,021 | INFO | httpx | _client:_send_single_request:1025 | HTTP Request: GET https://www.okx.com/api/v5/market/candles?instId=CELO-USDT-SWAP&bar=5m&limit=97 "HTTP/2 200 OK"
2026-03-25 18:48:18,149 | INFO | httpx | _client:_send_single_request:1025 | HTTP Request: GET https://www.okx.com/api/v5/market/ticker?instId=IMX-USDT-SWAP "HTTP/2 200 OK"
2026-03-25 18:48:18,394 | INFO | httpx | _client:_send_single_request:1025 | HTTP Request: GET https://www.okx.com/api/v5/market/history-trades?instId=CELO-USDT-SWAP&limit=100 "HTTP/2 200 OK"
2026-03-25 18:48:18,517 | INFO | httpx | _client:_send_single_request:1025 | HTTP Request: GET https://www.okx.com/api/v5/market/candles?instId=IMX-USDT-SWAP&bar=5m&limit=89 "HTTP/2 200 OK"
2026-03-25 18:48:18,786 | INFO | httpx | _client:_send_single_request:1025 | HTTP Request: GET https://www.okx.com/api/v5/market/candles?instId=CFX-USDT-SWAP&bar=15m&limit=121 "HTTP/2 200 OK"
2026-03-25 18:48:19,073 | INFO | httpx | _client:_send_single_request:1025 | HTTP Request: GET https://www.okx.com/api/v5/market/ticker?instId=INJ-USDT-SWAP "HTTP/2 200 OK"
2026-03-25 18:48:19,258 | INFO | httpx | _client:_send_single_request:1025 | HTTP Request: GET https://www.okx.com/api/v5/market/candles?instId=CFX-USDT-SWAP&bar=5m&limit=97 "HTTP/2 200 OK"
2026-03-25 18:48:19,492 | INFO | httpx | _client:_send_single_request:1025 | HTTP Request: GET https://www.okx.com/api/v5/market/candles?instId=INJ-USDT-SWAP&bar=5m&limit=89 "HTTP/2 200 OK"
2026-03-25 18:48:19,625 | INFO | httpx | _client:_send_single_request:1025 | HTTP Request: GET https://www.okx.com/api/v5/market/history-trades?instId=CFX-USDT-SWAP&limit=100 "HTTP/2 200 OK"
2026-03-25 18:48:20,002 | INFO | httpx | _client:_send_single_request:1025 | HTTP Request: GET https://www.okx.com/api/v5/market/books?instId=CFX-USDT-SWAP&sz=5 "HTTP/2 200 OK"
2026-03-25 18:48:20,047 | INFO | httpx | _client:_send_single_request:1025 | HTTP Request: GET https://www.okx.com/api/v5/market/ticker?instId=IOTA-USDT-SWAP "HTTP/2 200 OK"
2026-03-25 18:48:20,397 | INFO | httpx | _client:_send_single_request:1025 | HTTP Request: GET https://www.okx.com/api/v5/market/candles?instId=CHZ-USDT-SWAP&bar=15m&limit=121 "HTTP/2 200 OK"
2026-03-25 18:48:20,419 | INFO | httpx | _client:_send_single_request:1025 | HTTP Request: GET https://www.okx.com/api/v5/market/candles?instId=IOTA-USDT-SWAP&bar=5m&limit=89 "HTTP/2 200 OK"
2026-03-25 18:48:20,758 | INFO | httpx | _client:_send_single_request:1025 | HTTP Request: GET https://www.okx.com/api/v5/market/candles?instId=CHZ-USDT-SWAP&bar=5m&limit=97 "HTTP/2 200 OK"
2026-03-25 18:48:20,957 | INFO | httpx | _client:_send_single_request:1025 | HTTP Request: GET https://www.okx.com/api/v5/market/ticker?instId=JUP-USDT-SWAP "HTTP/2 200 OK"
2026-03-25 18:48:21,135 | INFO | httpx | _client:_send_single_request:1025 | HTTP Request: GET https://www.okx.com/api/v5/market/history-trades?instId=CHZ-USDT-SWAP&limit=100 "HTTP/2 200 OK"
2026-03-25 18:48:21,409 | INFO | httpx | _client:_send_single_request:1025 | HTTP Request: GET https://www.okx.com/api/v5/market/candles?instId=JUP-USDT-SWAP&bar=5m&limit=89 "HTTP/2 200 OK"
2026-03-25 18:48:21,562 | INFO | httpx | _client:_send_single_request:1025 | HTTP Request: GET https://www.okx.com/api/v5/market/books?instId=CHZ-USDT-SWAP&sz=5 "HTTP/2 200 OK"
2026-03-25 18:48:21,946 | INFO | httpx | _client:_send_single_request:1025 | HTTP Request: GET https://www.okx.com/api/v5/market/ticker?instId=KAITO-USDT-SWAP "HTTP/2 200 OK"
2026-03-25 18:48:21,985 | INFO | httpx | _client:_send_single_request:1025 | HTTP Request: GET https://www.okx.com/api/v5/market/candles?instId=COAI-USDT-SWAP&bar=15m&limit=121 "HTTP/2 200 OK"
2026-03-25 18:48:22,347 | INFO | httpx | _client:_send_single_request:1025 | HTTP Request: GET https://www.okx.com/api/v5/market/candles?instId=COAI-USDT-SWAP&bar=5m&limit=97 "HTTP/2 200 OK"
2026-03-25 18:48:22,379 | INFO | httpx | _client:_send_single_request:1025 | HTTP Request: GET https://www.okx.com/api/v5/market/candles?instId=KAITO-USDT-SWAP&bar=5m&limit=89 "HTTP/2 200 OK"
2026-03-25 18:48:22,744 | INFO | httpx | _client:_send_single_request:1025 | HTTP Request: GET https://www.okx.com/api/v5/market/history-trades?instId=COAI-USDT-SWAP&limit=100 "HTTP/2 200 OK"
2026-03-25 18:48:22,938 | INFO | httpx | _client:_send_single_request:1025 | HTTP Request: GET https://www.okx.com/api/v5/market/ticker?instId=KSM-USDT-SWAP "HTTP/2 200 OK"
2026-03-25 18:48:23,165 | INFO | httpx | _client:_send_single_request:1025 | HTTP Request: GET https://www.okx.com/api/v5/market/books?instId=COAI-USDT-SWAP&sz=5 "HTTP/2 200 OK"
2026-03-25 18:48:23,307 | INFO | httpx | _client:_send_single_request:1025 | HTTP Request: GET https://www.okx.com/api/v5/market/candles?instId=KSM-USDT-SWAP&bar=5m&limit=89 "HTTP/2 200 OK"
2026-03-25 18:48:23,597 | INFO | httpx | _client:_send_single_request:1025 | HTTP Request: GET https://www.okx.com/api/v5/market/candles?instId=COMP-USDT-SWAP&bar=15m&limit=121 "HTTP/2 200 OK"
2026-03-25 18:48:23,854 | INFO | httpx | _client:_send_single_request:1025 | HTTP Request: GET https://www.okx.com/api/v5/market/ticker?instId=LDO-USDT-SWAP "HTTP/2 200 OK"
2026-03-25 18:48:23,995 | INFO | httpx | _client:_send_single_request:1025 | HTTP Request: GET https://www.okx.com/api/v5/market/candles?instId=COMP-USDT-SWAP&bar=5m&limit=97 "HTTP/2 200 OK"
2026-03-25 18:48:24,226 | INFO | httpx | _client:_send_single_request:1025 | HTTP Request: GET https://www.okx.com/api/v5/market/candles?instId=LDO-USDT-SWAP&bar=5m&limit=89 "HTTP/2 200 OK"
2026-03-25 18:48:24,373 | INFO | httpx | _client:_send_single_request:1025 | HTTP Request: GET https://www.okx.com/api/v5/market/history-trades?instId=COMP-USDT-SWAP&limit=100 "HTTP/2 200 OK"
2026-03-25 18:48:24,759 | INFO | httpx | _client:_send_single_request:1025 | HTTP Request: GET https://www.okx.com/api/v5/market/books?instId=COMP-USDT-SWAP&sz=5 "HTTP/2 200 OK"
2026-03-25 18:48:24,774 | INFO | httpx | _client:_send_single_request:1025 | HTTP Request: GET https://www.okx.com/api/v5/market/ticker?instId=LINEA-USDT-SWAP "HTTP/2 200 OK"
2026-03-25 18:48:25,143 | INFO | httpx | _client:_send_single_request:1025 | HTTP Request: GET https://www.okx.com/api/v5/market/candles?instId=LINEA-USDT-SWAP&bar=5m&limit=89 "HTTP/2 200 OK"
2026-03-25 18:48:25,149 | INFO | httpx | _client:_send_single_request:1025 | HTTP Request: GET https://www.okx.com/api/v5/market/candles?instId=CRO-USDT-SWAP&bar=15m&limit=121 "HTTP/2 200 OK"
2026-03-25 18:48:25,587 | INFO | httpx | _client:_send_single_request:1025 | HTTP Request: GET https://www.okx.com/api/v5/market/candles?instId=CRO-USDT-SWAP&bar=5m&limit=97 "HTTP/2 200 OK"
2026-03-25 18:48:25,738 | INFO | httpx | _client:_send_single_request:1025 | HTTP Request: GET https://www.okx.com/api/v5/market/ticker?instId=LINK-USDT-SWAP "HTTP/2 200 OK"
2026-03-25 18:48:25,969 | INFO | httpx | _client:_send_single_request:1025 | HTTP Request: GET https://www.okx.com/api/v5/market/history-trades?instId=CRO-USDT-SWAP&limit=100 "HTTP/2 200 OK"
2026-03-25 18:48:26,122 | INFO | httpx | _client:_send_single_request:1025 | HTTP Request: GET https://www.okx.com/api/v5/market/candles?instId=LINK-USDT-SWAP&bar=5m&limit=89 "HTTP/2 200 OK"
2026-03-25 18:48:26,367 | INFO | httpx | _client:_send_single_request:1025 | HTTP Request: GET https://www.okx.com/api/v5/market/books?instId=CRO-USDT-SWAP&sz=5 "HTTP/2 200 OK"
2026-03-25 18:48:26,667 | INFO | httpx | _client:_send_single_request:1025 | HTTP Request: GET https://www.okx.com/api/v5/market/ticker?instId=LIT-USDT-SWAP "HTTP/2 200 OK"
2026-03-25 18:48:26,732 | INFO | httpx | _client:_send_single_request:1025 | HTTP Request: GET https://www.okx.com/api/v5/market/candles?instId=CRV-USDT-SWAP&bar=15m&limit=121 "HTTP/2 200 OK"
2026-03-25 18:48:27,046 | INFO | httpx | _client:_send_single_request:1025 | HTTP Request: GET https://www.okx.com/api/v5/market/candles?instId=LIT-USDT-SWAP&bar=5m&limit=89 "HTTP/2 200 OK"
2026-03-25 18:48:27,142 | INFO | httpx | _client:_send_single_request:1025 | HTTP Request: GET https://www.okx.com/api/v5/market/candles?instId=CRV-USDT-SWAP&bar=5m&limit=97 "HTTP/2 200 OK"
2026-03-25 18:48:27,563 | INFO | httpx | _client:_send_single_request:1025 | HTTP Request: GET https://www.okx.com/api/v5/market/history-trades?instId=CRV-USDT-SWAP&limit=100 "HTTP/2 200 OK"
2026-03-25 18:48:27,623 | INFO | httpx | _client:_send_single_request:1025 | HTTP Request: GET https://www.okx.com/api/v5/market/ticker?instId=LPT-USDT-SWAP "HTTP/2 200 OK"
2026-03-25 18:48:27,953 | INFO | httpx | _client:_send_single_request:1025 | HTTP Request: GET https://www.okx.com/api/v5/market/candles?instId=DOGE-USDT-SWAP&bar=15m&limit=121 "HTTP/2 200 OK"
2026-03-25 18:48:27,989 | INFO | httpx | _client:_send_single_request:1025 | HTTP Request: GET https://www.okx.com/api/v5/market/candles?instId=LPT-USDT-SWAP&bar=5m&limit=89 "HTTP/2 200 OK"
2026-03-25 18:48:28,320 | INFO | httpx | _client:_send_single_request:1025 | HTTP Request: GET https://www.okx.com/api/v5/market/candles?instId=DOGE-USDT-SWAP&bar=5m&limit=97 "HTTP/2 200 OK"
2026-03-25 18:48:28,544 | INFO | httpx | _client:_send_single_request:1025 | HTTP Request: GET https://www.okx.com/api/v5/market/ticker?instId=LQTY-USDT-SWAP "HTTP/2 200 OK"
2026-03-25 18:48:28,698 | INFO | httpx | _client:_send_single_request:1025 | HTTP Request: GET https://www.okx.com/api/v5/market/history-trades?instId=DOGE-USDT-SWAP&limit=100 "HTTP/2 200 OK"
2026-03-25 18:48:28,921 | INFO | httpx | _client:_send_single_request:1025 | HTTP Request: GET https://www.okx.com/api/v5/market/candles?instId=LQTY-USDT-SWAP&bar=5m&limit=89 "HTTP/2 200 OK"
2026-03-25 18:48:29,111 | INFO | httpx | _client:_send_single_request:1025 | HTTP Request: GET https://www.okx.com/api/v5/market/candles?instId=DOT-USDT-SWAP&bar=15m&limit=121 "HTTP/2 200 OK"
2026-03-25 18:48:29,501 | INFO | httpx | _client:_send_single_request:1025 | HTTP Request: GET https://www.okx.com/api/v5/market/ticker?instId=LRC-USDT-SWAP "HTTP/2 200 OK"
2026-03-25 18:48:29,505 | INFO | httpx | _client:_send_single_request:1025 | HTTP Request: GET https://www.okx.com/api/v5/market/candles?instId=DOT-USDT-SWAP&bar=5m&limit=97 "HTTP/2 200 OK"
2026-03-25 18:48:29,864 | INFO | httpx | _client:_send_single_request:1025 | HTTP Request: GET https://www.okx.com/api/v5/market/candles?instId=LRC-USDT-SWAP&bar=5m&limit=89 "HTTP/2 200 OK"
2026-03-25 18:48:29,886 | INFO | httpx | _client:_send_single_request:1025 | HTTP Request: GET https://www.okx.com/api/v5/market/history-trades?instId=DOT-USDT-SWAP&limit=100 "HTTP/2 200 OK"
2026-03-25 18:48:30,304 | INFO | httpx | _client:_send_single_request:1025 | HTTP Request: GET https://www.okx.com/api/v5/market/books?instId=DOT-USDT-SWAP&sz=5 "HTTP/2 200 OK"
2026-03-25 18:48:30,455 | INFO | httpx | _client:_send_single_request:1025 | HTTP Request: GET https://www.okx.com/api/v5/market/ticker?instId=LTC-USDT-SWAP "HTTP/2 200 OK"
2026-03-25 18:48:30,692 | INFO | httpx | _client:_send_single_request:1025 | HTTP Request: GET https://www.okx.com/api/v5/market/candles?instId=ENA-USDT-SWAP&bar=15m&limit=121 "HTTP/2 200 OK"
2026-03-25 18:48:30,847 | INFO | httpx | _client:_send_single_request:1025 | HTTP Request: GET https://www.okx.com/api/v5/market/candles?instId=LTC-USDT-SWAP&bar=5m&limit=89 "HTTP/2 200 OK"
2026-03-25 18:48:31,046 | INFO | httpx | _client:_send_single_request:1025 | HTTP Request: GET https://www.okx.com/api/v5/market/candles?instId=ENA-USDT-SWAP&bar=5m&limit=97 "HTTP/2 200 OK"
2026-03-25 18:48:31,394 | INFO | httpx | _client:_send_single_request:1025 | HTTP Request: GET https://www.okx.com/api/v5/market/ticker?instId=MAGIC-USDT-SWAP "HTTP/2 200 OK"
2026-03-25 18:48:31,448 | INFO | httpx | _client:_send_single_request:1025 | HTTP Request: GET https://www.okx.com/api/v5/market/history-trades?instId=ENA-USDT-SWAP&limit=100 "HTTP/2 200 OK"
2026-03-25 18:48:31,841 | INFO | httpx | _client:_send_single_request:1025 | HTTP Request: GET https://www.okx.com/api/v5/market/candles?instId=MAGIC-USDT-SWAP&bar=5m&limit=89 "HTTP/2 200 OK"
2026-03-25 18:48:31,861 | INFO | httpx | _client:_send_single_request:1025 | HTTP Request: GET https://www.okx.com/api/v5/market/candles?instId=EOS-USDT-SWAP&bar=15m&limit=121 "HTTP/2 200 OK"
2026-03-25 18:48:32,231 | INFO | httpx | _client:_send_single_request:1025 | HTTP Request: GET https://www.okx.com/api/v5/market/candles?instId=EOS-USDT-SWAP&bar=5m&limit=97 "HTTP/2 200 OK"
2026-03-25 18:48:32,383 | INFO | httpx | _client:_send_single_request:1025 | HTTP Request: GET https://www.okx.com/api/v5/market/ticker?instId=MAJOR-USDT-SWAP "HTTP/2 200 OK"
2026-03-25 18:48:32,635 | INFO | httpx | _client:_send_single_request:1025 | HTTP Request: GET https://www.okx.com/api/v5/market/history-trades?instId=EOS-USDT-SWAP&limit=100 "HTTP/2 200 OK"
2026-03-25 18:48:32,757 | INFO | httpx | _client:_send_single_request:1025 | HTTP Request: GET https://www.okx.com/api/v5/market/candles?instId=MAJOR-USDT-SWAP&bar=5m&limit=89 "HTTP/2 200 OK"
2026-03-25 18:48:33,010 | INFO | httpx | _client:_send_single_request:1025 | HTTP Request: GET https://www.okx.com/api/v5/market/books?instId=EOS-USDT-SWAP&sz=5 "HTTP/2 200 OK"
2026-03-25 18:48:33,316 | INFO | httpx | _client:_send_single_request:1025 | HTTP Request: GET https://www.okx.com/api/v5/market/ticker?instId=MASK-USDT-SWAP "HTTP/2 200 OK"
2026-03-25 18:48:33,496 | INFO | httpx | _client:_send_single_request:1025 | HTTP Request: GET https://www.okx.com/api/v5/market/candles?instId=ETC-USDT-SWAP&bar=15m&limit=121 "HTTP/2 200 OK"
2026-03-25 18:48:33,686 | INFO | httpx | _client:_send_single_request:1025 | HTTP Request: GET https://www.okx.com/api/v5/market/candles?instId=MASK-USDT-SWAP&bar=5m&limit=89 "HTTP/2 200 OK"
2026-03-25 18:48:33,890 | INFO | httpx | _client:_send_single_request:1025 | HTTP Request: GET https://www.okx.com/api/v5/market/candles?instId=ETC-USDT-SWAP&bar=5m&limit=97 "HTTP/2 200 OK"
2026-03-25 18:48:34,285 | INFO | httpx | _client:_send_single_request:1025 | HTTP Request: GET https://www.okx.com/api/v5/market/ticker?instId=MET-USDT-SWAP "HTTP/2 200 OK"
2026-03-25 18:48:34,314 | INFO | httpx | _client:_send_single_request:1025 | HTTP Request: GET https://www.okx.com/api/v5/market/history-trades?instId=ETC-USDT-SWAP&limit=100 "HTTP/2 200 OK"
2026-03-25 18:48:34,707 | INFO | httpx | _client:_send_single_request:1025 | HTTP Request: GET https://www.okx.com/api/v5/market/candles?instId=ETH-USDT-SWAP&bar=15m&limit=121 "HTTP/2 200 OK"
2026-03-25 18:48:34,715 | INFO | httpx | _client:_send_single_request:1025 | HTTP Request: GET https://www.okx.com/api/v5/market/candles?instId=MET-USDT-SWAP&bar=5m&limit=89 "HTTP/2 200 OK"
2026-03-25 18:48:34,764 | INFO | httpx | _client:_send_single_request:1025 | HTTP Request: GET https://www.okx.com/api/v5/market/candles?instId=BTC-USDT-SWAP&bar=5m&limit=64 "HTTP/2 200 OK"
2026-03-25 18:48:35,084 | INFO | httpx | _client:_send_single_request:1025 | HTTP Request: GET https://www.okx.com/api/v5/market/candles?instId=ETH-USDT-SWAP&bar=5m&limit=97 "HTTP/2 200 OK"
2026-03-25 18:48:35,295 | INFO | httpx | _client:_send_single_request:1025 | HTTP Request: GET https://www.okx.com/api/v5/market/ticker?instId=MINA-USDT-SWAP "HTTP/2 200 OK"
2026-03-25 18:48:35,457 | INFO | httpx | _client:_send_single_request:1025 | HTTP Request: GET https://www.okx.com/api/v5/market/history-trades?instId=ETH-USDT-SWAP&limit=100 "HTTP/2 200 OK"
2026-03-25 18:48:35,659 | INFO | httpx | _client:_send_single_request:1025 | HTTP Request: GET https://www.okx.com/api/v5/market/candles?instId=MINA-USDT-SWAP&bar=5m&limit=89 "HTTP/2 200 OK"
2026-03-25 18:48:35,866 | INFO | httpx | _client:_send_single_request:1025 | HTTP Request: GET https://www.okx.com/api/v5/market/candles?instId=ETHFI-USDT-SWAP&bar=15m&limit=121 "HTTP/2 200 OK"
2026-03-25 18:48:36,253 | INFO | httpx | _client:_send_single_request:1025 | HTTP Request: GET https://www.okx.com/api/v5/market/ticker?instId=MKR-USDT-SWAP "HTTP/2 200 OK"
2026-03-25 18:48:36,300 | INFO | httpx | _client:_send_single_request:1025 | HTTP Request: GET https://www.okx.com/api/v5/market/candles?instId=ETHFI-USDT-SWAP&bar=5m&limit=97 "HTTP/2 200 OK"
2026-03-25 18:48:36,626 | INFO | httpx | _client:_send_single_request:1025 | HTTP Request: GET https://www.okx.com/api/v5/market/candles?instId=MKR-USDT-SWAP&bar=5m&limit=89 "HTTP/2 200 OK"
2026-03-25 18:48:36,679 | INFO | httpx | _client:_send_single_request:1025 | HTTP Request: GET https://www.okx.com/api/v5/market/history-trades?instId=ETHFI-USDT-SWAP&limit=100 "HTTP/2 200 OK"
2026-03-25 18:48:37,111 | INFO | httpx | _client:_send_single_request:1025 | HTTP Request: GET https://www.okx.com/api/v5/market/books?instId=ETHFI-USDT-SWAP&sz=5 "HTTP/2 200 OK"
2026-03-25 18:48:37,187 | INFO | httpx | _client:_send_single_request:1025 | HTTP Request: GET https://www.okx.com/api/v5/market/ticker?instId=MUBARAK-USDT-SWAP "HTTP/2 200 OK"
2026-03-25 18:48:37,487 | INFO | httpx | _client:_send_single_request:1025 | HTTP Request: GET https://www.okx.com/api/v5/market/candles?instId=ETHW-USDT-SWAP&bar=15m&limit=121 "HTTP/2 200 OK"
2026-03-25 18:48:37,688 | INFO | httpx | _client:_send_single_request:1025 | HTTP Request: GET https://www.okx.com/api/v5/market/candles?instId=MUBARAK-USDT-SWAP&bar=5m&limit=89 "HTTP/2 200 OK"
2026-03-25 18:48:37,899 | INFO | httpx | _client:_send_single_request:1025 | HTTP Request: GET https://www.okx.com/api/v5/market/candles?instId=ETHW-USDT-SWAP&bar=5m&limit=97 "HTTP/2 200 OK"
2026-03-25 18:48:38,243 | INFO | httpx | _client:_send_single_request:1025 | HTTP Request: GET https://www.okx.com/api/v5/market/ticker?instId=NEAR-USDT-SWAP "HTTP/2 200 OK"
2026-03-25 18:48:38,286 | INFO | httpx | _client:_send_single_request:1025 | HTTP Request: GET https://www.okx.com/api/v5/market/history-trades?instId=ETHW-USDT-SWAP&limit=100 "HTTP/2 200 OK"
2026-03-25 18:48:38,612 | INFO | httpx | _client:_send_single_request:1025 | HTTP Request: GET https://www.okx.com/api/v5/market/candles?instId=NEAR-USDT-SWAP&bar=5m&limit=89 "HTTP/2 200 OK"
2026-03-25 18:48:38,719 | INFO | httpx | _client:_send_single_request:1025 | HTTP Request: GET https://www.okx.com/api/v5/market/books?instId=ETHW-USDT-SWAP&sz=5 "HTTP/2 200 OK"
2026-03-25 18:48:39,150 | INFO | httpx | _client:_send_single_request:1025 | HTTP Request: GET https://www.okx.com/api/v5/market/candles?instId=FIL-USDT-SWAP&bar=15m&limit=121 "HTTP/2 200 OK"
2026-03-25 18:48:39,201 | INFO | httpx | _client:_send_single_request:1025 | HTTP Request: GET https://www.okx.com/api/v5/market/ticker?instId=NEO-USDT-SWAP "HTTP/2 200 OK"
2026-03-25 18:48:39,541 | INFO | httpx | _client:_send_single_request:1025 | HTTP Request: GET https://www.okx.com/api/v5/market/candles?instId=FIL-USDT-SWAP&bar=5m&limit=97 "HTTP/2 200 OK"
2026-03-25 18:48:39,576 | INFO | httpx | _client:_send_single_request:1025 | HTTP Request: GET https://www.okx.com/api/v5/market/candles?instId=NEO-USDT-SWAP&bar=5m&limit=89 "HTTP/2 200 OK"
2026-03-25 18:48:39,916 | INFO | httpx | _client:_send_single_request:1025 | HTTP Request: GET https://www.okx.com/api/v5/market/history-trades?instId=FIL-USDT-SWAP&limit=100 "HTTP/2 200 OK"
2026-03-25 18:48:40,115 | INFO | httpx | _client:_send_single_request:1025 | HTTP Request: GET https://www.okx.com/api/v5/market/ticker?instId=NOT-USDT-SWAP "HTTP/2 200 OK"
2026-03-25 18:48:40,286 | INFO | httpx | _client:_send_single_request:1025 | HTTP Request: GET https://www.okx.com/api/v5/market/candles?instId=FLOKI-USDT-SWAP&bar=15m&limit=121 "HTTP/2 200 OK"
2026-03-25 18:48:40,494 | INFO | httpx | _client:_send_single_request:1025 | HTTP Request: GET https://www.okx.com/api/v5/market/candles?instId=NOT-USDT-SWAP&bar=5m&limit=89 "HTTP/2 200 OK"
2026-03-25 18:48:40,690 | INFO | httpx | _client:_send_single_request:1025 | HTTP Request: GET https://www.okx.com/api/v5/market/candles?instId=FLOKI-USDT-SWAP&bar=5m&limit=97 "HTTP/2 200 OK"
2026-03-25 18:48:41,064 | INFO | httpx | _client:_send_single_request:1025 | HTTP Request: GET https://www.okx.com/api/v5/market/ticker?instId=OP-USDT-SWAP "HTTP/2 200 OK"
2026-03-25 18:48:41,127 | INFO | httpx | _client:_send_single_request:1025 | HTTP Request: GET https://www.okx.com/api/v5/market/history-trades?instId=FLOKI-USDT-SWAP&limit=100 "HTTP/2 200 OK"
2026-03-25 18:48:41,440 | INFO | httpx | _client:_send_single_request:1025 | HTTP Request: GET https://www.okx.com/api/v5/market/candles?instId=OP-USDT-SWAP&bar=5m&limit=89 "HTTP/2 200 OK"
2026-03-25 18:48:41,633 | INFO | httpx | _client:_send_single_request:1025 | HTTP Request: GET https://www.okx.com/api/v5/market/candles?instId=GMT-USDT-SWAP&bar=15m&limit=121 "HTTP/2 200 OK"
2026-03-25 18:48:42,023 | INFO | httpx | _client:_send_single_request:1025 | HTTP Request: GET https://www.okx.com/api/v5/market/ticker?instId=PEPE-USDT-SWAP "HTTP/2 200 OK"
2026-03-25 18:48:42,048 | INFO | httpx | _client:_send_single_request:1025 | HTTP Request: GET https://www.okx.com/api/v5/market/candles?instId=GMT-USDT-SWAP&bar=5m&limit=97 "HTTP/2 200 OK"
2026-03-25 18:48:42,396 | INFO | httpx | _client:_send_single_request:1025 | HTTP Request: GET https://www.okx.com/api/v5/market/candles?instId=PEPE-USDT-SWAP&bar=5m&limit=89 "HTTP/2 200 OK"
2026-03-25 18:48:42,428 | INFO | httpx | _client:_send_single_request:1025 | HTTP Request: GET https://www.okx.com/api/v5/market/history-trades?instId=GMT-USDT-SWAP&limit=100 "HTTP/2 200 OK"
2026-03-25 18:48:42,816 | INFO | httpx | _client:_send_single_request:1025 | HTTP Request: GET https://www.okx.com/api/v5/market/books?instId=GMT-USDT-SWAP&sz=5 "HTTP/2 200 OK"
2026-03-25 18:48:42,942 | INFO | httpx | _client:_send_single_request:1025 | HTTP Request: GET https://www.okx.com/api/v5/market/ticker?instId=PIGGY-USDT-SWAP "HTTP/2 200 OK"
2026-03-25 18:48:43,281 | INFO | httpx | _client:_send_single_request:1025 | HTTP Request: GET https://www.okx.com/api/v5/market/candles?instId=H-USDT-SWAP&bar=15m&limit=121 "HTTP/2 200 OK"
2026-03-25 18:48:43,330 | INFO | httpx | _client:_send_single_request:1025 | HTTP Request: GET https://www.okx.com/api/v5/market/candles?instId=PIGGY-USDT-SWAP&bar=5m&limit=89 "HTTP/2 200 OK"
2026-03-25 18:48:43,652 | INFO | httpx | _client:_send_single_request:1025 | HTTP Request: GET https://www.okx.com/api/v5/market/candles?instId=H-USDT-SWAP&bar=5m&limit=97 "HTTP/2 200 OK"
2026-03-25 18:48:43,881 | INFO | httpx | _client:_send_single_request:1025 | HTTP Request: GET https://www.okx.com/api/v5/market/ticker?instId=QTUM-USDT-SWAP "HTTP/2 200 OK"
2026-03-25 18:48:44,014 | INFO | httpx | _client:_send_single_request:1025 | HTTP Request: GET https://www.okx.com/api/v5/market/history-trades?instId=H-USDT-SWAP&limit=100 "HTTP/2 200 OK"
2026-03-25 18:48:44,257 | INFO | httpx | _client:_send_single_request:1025 | HTTP Request: GET https://www.okx.com/api/v5/market/candles?instId=QTUM-USDT-SWAP&bar=5m&limit=89 "HTTP/2 200 OK"
2026-03-25 18:48:44,408 | INFO | httpx | _client:_send_single_request:1025 | HTTP Request: GET https://www.okx.com/api/v5/market/books?instId=H-USDT-SWAP&sz=5 "HTTP/2 200 OK"
2026-03-25 18:48:44,790 | INFO | httpx | _client:_send_single_request:1025 | HTTP Request: GET https://www.okx.com/api/v5/market/candles?instId=HBAR-USDT-SWAP&bar=15m&limit=121 "HTTP/2 200 OK"
2026-03-25 18:48:44,805 | INFO | httpx | _client:_send_single_request:1025 | HTTP Request: GET https://www.okx.com/api/v5/market/ticker?instId=RAVE-USDT-SWAP "HTTP/2 200 OK"
2026-03-25 18:48:45,180 | INFO | httpx | _client:_send_single_request:1025 | HTTP Request: GET https://www.okx.com/api/v5/market/candles?instId=HBAR-USDT-SWAP&bar=5m&limit=97 "HTTP/2 200 OK"
2026-03-25 18:48:45,181 | INFO | httpx | _client:_send_single_request:1025 | HTTP Request: GET https://www.okx.com/api/v5/market/candles?instId=RAVE-USDT-SWAP&bar=5m&limit=89 "HTTP/2 200 OK"
2026-03-25 18:48:45,603 | INFO | httpx | _client:_send_single_request:1025 | HTTP Request: GET https://www.okx.com/api/v5/market/history-trades?instId=HBAR-USDT-SWAP&limit=100 "HTTP/2 200 OK"
2026-03-25 18:48:45,780 | INFO | httpx | _client:_send_single_request:1025 | HTTP Request: GET https://www.okx.com/api/v5/market/ticker?instId=RESOLV-USDT-SWAP "HTTP/2 200 OK"
2026-03-25 18:48:46,014 | INFO | httpx | _client:_send_single_request:1025 | HTTP Request: GET https://www.okx.com/api/v5/market/books?instId=HBAR-USDT-SWAP&sz=5 "HTTP/2 200 OK"
2026-03-25 18:48:46,275 | INFO | httpx | _client:_send_single_request:1025 | HTTP Request: GET https://www.okx.com/api/v5/market/candles?instId=RESOLV-USDT-SWAP&bar=5m&limit=89 "HTTP/2 200 OK"
2026-03-25 18:48:46,408 | INFO | httpx | _client:_send_single_request:1025 | HTTP Request: GET https://www.okx.com/api/v5/market/candles?instId=HMSTR-USDT-SWAP&bar=15m&limit=121 "HTTP/2 200 OK"
2026-03-25 18:48:46,778 | INFO | httpx | _client:_send_single_request:1025 | HTTP Request: GET https://www.okx.com/api/v5/market/candles?instId=HMSTR-USDT-SWAP&bar=5m&limit=97 "HTTP/2 200 OK"
2026-03-25 18:48:46,823 | INFO | httpx | _client:_send_single_request:1025 | HTTP Request: GET https://www.okx.com/api/v5/market/ticker?instId=ROBO-USDT-SWAP "HTTP/2 200 OK"
2026-03-25 18:48:47,185 | INFO | httpx | _client:_send_single_request:1025 | HTTP Request: GET https://www.okx.com/api/v5/market/history-trades?instId=HMSTR-USDT-SWAP&limit=100 "HTTP/2 200 OK"
2026-03-25 18:48:47,205 | INFO | httpx | _client:_send_single_request:1025 | HTTP Request: GET https://www.okx.com/api/v5/market/candles?instId=ROBO-USDT-SWAP&bar=5m&limit=89 "HTTP/2 200 OK"
2026-03-25 18:48:47,609 | INFO | httpx | _client:_send_single_request:1025 | HTTP Request: GET https://www.okx.com/api/v5/market/books?instId=HMSTR-USDT-SWAP&sz=5 "HTTP/2 200 OK"
2026-03-25 18:48:47,779 | INFO | httpx | _client:_send_single_request:1025 | HTTP Request: GET https://www.okx.com/api/v5/market/ticker?instId=SAND-USDT-SWAP "HTTP/2 200 OK"
2026-03-25 18:48:48,072 | INFO | httpx | _client:_send_single_request:1025 | HTTP Request: GET https://www.okx.com/api/v5/market/candles?instId=HOME-USDT-SWAP&bar=15m&limit=121 "HTTP/2 200 OK"
2026-03-25 18:48:48,143 | INFO | httpx | _client:_send_single_request:1025 | HTTP Request: GET https://www.okx.com/api/v5/market/candles?instId=SAND-USDT-SWAP&bar=5m&limit=89 "HTTP/2 200 OK"
2026-03-25 18:48:48,518 | INFO | httpx | _client:_send_single_request:1025 | HTTP Request: GET https://www.okx.com/api/v5/market/candles?instId=HOME-USDT-SWAP&bar=5m&limit=97 "HTTP/2 200 OK"
2026-03-25 18:48:48,747 | INFO | httpx | _client:_send_single_request:1025 | HTTP Request: GET https://www.okx.com/api/v5/market/ticker?instId=SCR-USDT-SWAP "HTTP/2 200 OK"
2026-03-25 18:48:48,895 | INFO | httpx | _client:_send_single_request:1025 | HTTP Request: GET https://www.okx.com/api/v5/market/history-trades?instId=HOME-USDT-SWAP&limit=100 "HTTP/2 200 OK"
2026-03-25 18:48:49,111 | INFO | httpx | _client:_send_single_request:1025 | HTTP Request: GET https://www.okx.com/api/v5/market/candles?instId=SCR-USDT-SWAP&bar=5m&limit=89 "HTTP/2 200 OK"
2026-03-25 18:48:49,260 | INFO | httpx | _client:_send_single_request:1025 | HTTP Request: GET https://www.okx.com/api/v5/market/books?instId=HOME-USDT-SWAP&sz=5 "HTTP/2 200 OK"
2026-03-25 18:48:49,663 | INFO | httpx | _client:_send_single_request:1025 | HTTP Request: GET https://www.okx.com/api/v5/market/ticker?instId=SHIB-USDT-SWAP "HTTP/2 200 OK"
2026-03-25 18:48:49,673 | INFO | httpx | _client:_send_single_request:1025 | HTTP Request: GET https://www.okx.com/api/v5/market/candles?instId=ICP-USDT-SWAP&bar=15m&limit=121 "HTTP/2 200 OK"
2026-03-25 18:48:50,038 | INFO | httpx | _client:_send_single_request:1025 | HTTP Request: GET https://www.okx.com/api/v5/market/candles?instId=SHIB-USDT-SWAP&bar=5m&limit=89 "HTTP/2 200 OK"
2026-03-25 18:48:50,053 | INFO | httpx | _client:_send_single_request:1025 | HTTP Request: GET https://www.okx.com/api/v5/market/candles?instId=ICP-USDT-SWAP&bar=5m&limit=97 "HTTP/2 200 OK"
2026-03-25 18:48:50,461 | INFO | httpx | _client:_send_single_request:1025 | HTTP Request: GET https://www.okx.com/api/v5/market/history-trades?instId=ICP-USDT-SWAP&limit=100 "HTTP/2 200 OK"
2026-03-25 18:48:50,629 | INFO | httpx | _client:_send_single_request:1025 | HTTP Request: GET https://www.okx.com/api/v5/market/ticker?instId=SKY-USDT-SWAP "HTTP/2 200 OK"
2026-03-25 18:48:50,868 | INFO | httpx | _client:_send_single_request:1025 | HTTP Request: GET https://www.okx.com/api/v5/market/books?instId=ICP-USDT-SWAP&sz=5 "HTTP/2 200 OK"
2026-03-25 18:48:51,007 | INFO | httpx | _client:_send_single_request:1025 | HTTP Request: GET https://www.okx.com/api/v5/market/candles?instId=SKY-USDT-SWAP&bar=5m&limit=89 "HTTP/2 200 OK"
2026-03-25 18:48:51,295 | INFO | httpx | _client:_send_single_request:1025 | HTTP Request: GET https://www.okx.com/api/v5/market/candles?instId=IMX-USDT-SWAP&bar=15m&limit=121 "HTTP/2 200 OK"
2026-03-25 18:48:51,556 | INFO | httpx | _client:_send_single_request:1025 | HTTP Request: GET https://www.okx.com/api/v5/market/ticker?instId=SOL-USDT-SWAP "HTTP/2 200 OK"
2026-03-25 18:48:51,679 | INFO | httpx | _client:_send_single_request:1025 | HTTP Request: GET https://www.okx.com/api/v5/market/candles?instId=IMX-USDT-SWAP&bar=5m&limit=97 "HTTP/2 200 OK"
2026-03-25 18:48:51,927 | INFO | httpx | _client:_send_single_request:1025 | HTTP Request: GET https://www.okx.com/api/v5/market/candles?instId=SOL-USDT-SWAP&bar=5m&limit=89 "HTTP/2 200 OK"
2026-03-25 18:48:52,073 | INFO | httpx | _client:_send_single_request:1025 | HTTP Request: GET https://www.okx.com/api/v5/market/history-trades?instId=IMX-USDT-SWAP&limit=100 "HTTP/2 200 OK"
2026-03-25 18:48:52,461 | INFO | httpx | _client:_send_single_request:1025 | HTTP Request: GET https://www.okx.com/api/v5/market/books?instId=IMX-USDT-SWAP&sz=5 "HTTP/2 200 OK"
2026-03-25 18:48:52,493 | INFO | httpx | _client:_send_single_request:1025 | HTTP Request: GET https://www.okx.com/api/v5/market/ticker?instId=SOLV-USDT-SWAP "HTTP/2 200 OK"
2026-03-25 18:48:52,865 | INFO | httpx | _client:_send_single_request:1025 | HTTP Request: GET https://www.okx.com/api/v5/market/candles?instId=SOLV-USDT-SWAP&bar=5m&limit=89 "HTTP/2 200 OK"
2026-03-25 18:48:52,870 | INFO | httpx | _client:_send_single_request:1025 | HTTP Request: GET https://www.okx.com/api/v5/market/candles?instId=INJ-USDT-SWAP&bar=15m&limit=121 "HTTP/2 200 OK"
2026-03-25 18:48:53,276 | INFO | httpx | _client:_send_single_request:1025 | HTTP Request: GET https://www.okx.com/api/v5/market/candles?instId=INJ-USDT-SWAP&bar=5m&limit=97 "HTTP/2 200 OK"
2026-03-25 18:48:53,452 | INFO | httpx | _client:_send_single_request:1025 | HTTP Request: GET https://www.okx.com/api/v5/market/ticker?instId=SPK-USDT-SWAP "HTTP/2 200 OK"
2026-03-25 18:48:53,676 | INFO | httpx | _client:_send_single_request:1025 | HTTP Request: GET https://www.okx.com/api/v5/market/history-trades?instId=INJ-USDT-SWAP&limit=100 "HTTP/2 200 OK"
2026-03-25 18:48:53,827 | INFO | httpx | _client:_send_single_request:1025 | HTTP Request: GET https://www.okx.com/api/v5/market/candles?instId=SPK-USDT-SWAP&bar=5m&limit=89 "HTTP/2 200 OK"
2026-03-25 18:48:54,110 | INFO | httpx | _client:_send_single_request:1025 | HTTP Request: GET https://www.okx.com/api/v5/market/candles?instId=IOTA-USDT-SWAP&bar=15m&limit=121 "HTTP/2 200 OK"
2026-03-25 18:48:54,396 | INFO | httpx | _client:_send_single_request:1025 | HTTP Request: GET https://www.okx.com/api/v5/market/ticker?instId=STRK-USDT-SWAP "HTTP/2 200 OK"
2026-03-25 18:48:54,515 | INFO | httpx | _client:_send_single_request:1025 | HTTP Request: GET https://www.okx.com/api/v5/market/candles?instId=IOTA-USDT-SWAP&bar=5m&limit=97 "HTTP/2 200 OK"
2026-03-25 18:48:54,812 | INFO | httpx | _client:_send_single_request:1025 | HTTP Request: GET https://www.okx.com/api/v5/market/candles?instId=STRK-USDT-SWAP&bar=5m&limit=89 "HTTP/2 200 OK"
2026-03-25 18:48:54,926 | INFO | httpx | _client:_send_single_request:1025 | HTTP Request: GET https://www.okx.com/api/v5/market/history-trades?instId=IOTA-USDT-SWAP&limit=100 "HTTP/2 200 OK"
2026-03-25 18:48:55,322 | INFO | httpx | _client:_send_single_request:1025 | HTTP Request: GET https://www.okx.com/api/v5/market/candles?instId=JUP-USDT-SWAP&bar=15m&limit=121 "HTTP/2 200 OK"
2026-03-25 18:48:55,400 | INFO | httpx | _client:_send_single_request:1025 | HTTP Request: GET https://www.okx.com/api/v5/market/ticker?instId=SUI-USDT-SWAP "HTTP/2 200 OK"
2026-03-25 18:48:55,762 | INFO | httpx | _client:_send_single_request:1025 | HTTP Request: GET https://www.okx.com/api/v5/market/candles?instId=SUI-USDT-SWAP&bar=5m&limit=89 "HTTP/2 200 OK"
2026-03-25 18:48:55,819 | INFO | httpx | _client:_send_single_request:1025 | HTTP Request: GET https://www.okx.com/api/v5/market/candles?instId=JUP-USDT-SWAP&bar=5m&limit=97 "HTTP/2 200 OK"
2026-03-25 18:48:56,195 | INFO | httpx | _client:_send_single_request:1025 | HTTP Request: GET https://www.okx.com/api/v5/market/history-trades?instId=JUP-USDT-SWAP&limit=100 "HTTP/2 200 OK"
2026-03-25 18:48:56,348 | INFO | httpx | _client:_send_single_request:1025 | HTTP Request: GET https://www.okx.com/api/v5/market/ticker?instId=SUSHI-USDT-SWAP "HTTP/2 200 OK"
2026-03-25 18:48:56,605 | INFO | httpx | _client:_send_single_request:1025 | HTTP Request: GET https://www.okx.com/api/v5/market/candles?instId=KAITO-USDT-SWAP&bar=15m&limit=121 "HTTP/2 200 OK"
2026-03-25 18:48:56,643 | INFO | httpx | _client:_send_single_request:1025 | HTTP Request: GET https://www.okx.com/api/v5/market/candles?instId=BTC-USDT-SWAP&bar=5m&limit=64 "HTTP/2 200 OK"
2026-03-25 18:48:56,729 | INFO | httpx | _client:_send_single_request:1025 | HTTP Request: GET https://www.okx.com/api/v5/market/candles?instId=SUSHI-USDT-SWAP&bar=5m&limit=89 "HTTP/2 200 OK"
2026-03-25 18:48:57,019 | INFO | httpx | _client:_send_single_request:1025 | HTTP Request: GET https://www.okx.com/api/v5/market/candles?instId=KAITO-USDT-SWAP&bar=5m&limit=97 "HTTP/2 200 OK"
2026-03-25 18:48:57,307 | INFO | httpx | _client:_send_single_request:1025 | HTTP Request: GET https://www.okx.com/api/v5/market/ticker?instId=SYRUP-USDT-SWAP "HTTP/2 200 OK"
2026-03-25 18:48:57,442 | INFO | httpx | _client:_send_single_request:1025 | HTTP Request: GET https://www.okx.com/api/v5/market/history-trades?instId=KAITO-USDT-SWAP&limit=100 "HTTP/2 200 OK"
2026-03-25 18:48:57,767 | INFO | httpx | _client:_send_single_request:1025 | HTTP Request: GET https://www.okx.com/api/v5/market/candles?instId=SYRUP-USDT-SWAP&bar=5m&limit=89 "HTTP/2 200 OK"
2026-03-25 18:48:57,860 | INFO | httpx | _client:_send_single_request:1025 | HTTP Request: GET https://www.okx.com/api/v5/market/books?instId=KAITO-USDT-SWAP&sz=5 "HTTP/2 200 OK"
2026-03-25 18:48:58,245 | INFO | httpx | _client:_send_single_request:1025 | HTTP Request: GET https://www.okx.com/api/v5/market/candles?instId=KSM-USDT-SWAP&bar=15m&limit=121 "HTTP/2 200 OK"
2026-03-25 18:48:58,316 | INFO | httpx | _client:_send_single_request:1025 | HTTP Request: GET https://www.okx.com/api/v5/market/ticker?instId=THETA-USDT-SWAP "HTTP/2 200 OK"
2026-03-25 18:48:58,672 | INFO | httpx | _client:_send_single_request:1025 | HTTP Request: GET https://www.okx.com/api/v5/market/candles?instId=KSM-USDT-SWAP&bar=5m&limit=97 "HTTP/2 200 OK"
2026-03-25 18:48:58,696 | INFO | httpx | _client:_send_single_request:1025 | HTTP Request: GET https://www.okx.com/api/v5/market/candles?instId=THETA-USDT-SWAP&bar=5m&limit=89 "HTTP/2 200 OK"
2026-03-25 18:48:59,054 | INFO | httpx | _client:_send_single_request:1025 | HTTP Request: GET https://www.okx.com/api/v5/market/history-trades?instId=KSM-USDT-SWAP&limit=100 "HTTP/2 200 OK"
2026-03-25 18:48:59,244 | INFO | httpx | _client:_send_single_request:1025 | HTTP Request: GET https://www.okx.com/api/v5/market/ticker?instId=TON-USDT-SWAP "HTTP/2 200 OK"
2026-03-25 18:48:59,466 | INFO | httpx | _client:_send_single_request:1025 | HTTP Request: GET https://www.okx.com/api/v5/market/candles?instId=LDO-USDT-SWAP&bar=15m&limit=121 "HTTP/2 200 OK"
2026-03-25 18:48:59,618 | INFO | httpx | _client:_send_single_request:1025 | HTTP Request: GET https://www.okx.com/api/v5/market/candles?instId=TON-USDT-SWAP&bar=5m&limit=89 "HTTP/2 200 OK"
2026-03-25 18:48:59,831 | INFO | httpx | _client:_send_single_request:1025 | HTTP Request: GET https://www.okx.com/api/v5/market/candles?instId=LDO-USDT-SWAP&bar=5m&limit=97 "HTTP/2 200 OK"
2026-03-25 18:49:00,158 | INFO | httpx | _client:_send_single_request:1025 | HTTP Request: GET https://www.okx.com/api/v5/market/ticker?instId=TRIA-USDT-SWAP "HTTP/2 200 OK"
2026-03-25 18:49:00,205 | INFO | httpx | _client:_send_single_request:1025 | HTTP Request: GET https://www.okx.com/api/v5/market/history-trades?instId=LDO-USDT-SWAP&limit=100 "HTTP/2 200 OK"
2026-03-25 18:49:00,210 | INFO | root | main_v107:evaluate_entry:4796 | LDO-USDT-SWAP: Turtle 55 short-сигнал отклонён (закрытие не удержалось ниже канала)
2026-03-25 18:49:00,214 | INFO | root | main_v107:evaluate_entry:4796 | LDO-USDT-SWAP: Turtle 20 short-сигнал отклонён (закрытие не удержалось ниже канала)
2026-03-25 18:49:00,530 | INFO | httpx | _client:_send_single_request:1025 | HTTP Request: GET https://www.okx.com/api/v5/market/candles?instId=TRIA-USDT-SWAP&bar=5m&limit=89 "HTTP/2 200 OK"
2026-03-25 18:49:00,585 | INFO | httpx | _client:_send_single_request:1025 | HTTP Request: GET https://www.okx.com/api/v5/market/candles?instId=LINEA-USDT-SWAP&bar=15m&limit=121 "HTTP/2 200 OK"
2026-03-25 18:49:01,000 | INFO | httpx | _client:_send_single_request:1025 | HTTP Request: GET https://www.okx.com/api/v5/market/candles?instId=LINEA-USDT-SWAP&bar=5m&limit=97 "HTTP/2 200 OK"
2026-03-25 18:49:01,078 | INFO | httpx | _client:_send_single_request:1025 | HTTP Request: GET https://www.okx.com/api/v5/market/ticker?instId=TRX-USDT-SWAP "HTTP/2 200 OK"
2026-03-25 18:49:01,423 | INFO | httpx | _client:_send_single_request:1025 | HTTP Request: GET https://www.okx.com/api/v5/market/history-trades?instId=LINEA-USDT-SWAP&limit=100 "HTTP/2 200 OK"
2026-03-25 18:49:01,435 | INFO | httpx | _client:_send_single_request:1025 | HTTP Request: GET https://www.okx.com/api/v5/market/candles?instId=TRX-USDT-SWAP&bar=5m&limit=89 "HTTP/2 200 OK"
2026-03-25 18:49:01,819 | INFO | httpx | _client:_send_single_request:1025 | HTTP Request: GET https://www.okx.com/api/v5/market/books?instId=LINEA-USDT-SWAP&sz=5 "HTTP/2 200 OK"
2026-03-25 18:49:01,983 | INFO | httpx | _client:_send_single_request:1025 | HTTP Request: GET https://www.okx.com/api/v5/market/ticker?instId=TSLA-USDT-SWAP "HTTP/2 200 OK"
2026-03-25 18:49:02,210 | INFO | httpx | _client:_send_single_request:1025 | HTTP Request: GET https://www.okx.com/api/v5/market/candles?instId=LINK-USDT-SWAP&bar=15m&limit=121 "HTTP/2 200 OK"
2026-03-25 18:49:02,371 | INFO | httpx | _client:_send_single_request:1025 | HTTP Request: GET https://www.okx.com/api/v5/market/candles?instId=TSLA-USDT-SWAP&bar=5m&limit=89 "HTTP/2 200 OK"
2026-03-25 18:49:02,580 | INFO | httpx | _client:_send_single_request:1025 | HTTP Request: GET https://www.okx.com/api/v5/market/candles?instId=LINK-USDT-SWAP&bar=5m&limit=97 "HTTP/2 200 OK"
2026-03-25 18:49:02,954 | INFO | httpx | _client:_send_single_request:1025 | HTTP Request: GET https://www.okx.com/api/v5/market/ticker?instId=XAG-USDT-SWAP "HTTP/2 200 OK"
2026-03-25 18:49:02,988 | INFO | httpx | _client:_send_single_request:1025 | HTTP Request: GET https://www.okx.com/api/v5/market/history-trades?instId=LINK-USDT-SWAP&limit=100 "HTTP/2 200 OK"
2026-03-25 18:49:03,324 | INFO | httpx | _client:_send_single_request:1025 | HTTP Request: GET https://www.okx.com/api/v5/market/candles?instId=XAG-USDT-SWAP&bar=5m&limit=89 "HTTP/2 200 OK"
2026-03-25 18:49:03,379 | INFO | httpx | _client:_send_single_request:1025 | HTTP Request: GET https://www.okx.com/api/v5/market/candles?instId=LIT-USDT-SWAP&bar=15m&limit=121 "HTTP/2 200 OK"
2026-03-25 18:49:03,795 | INFO | httpx | _client:_send_single_request:1025 | HTTP Request: GET https://www.okx.com/api/v5/market/candles?instId=LIT-USDT-SWAP&bar=5m&limit=97 "HTTP/2 200 OK"
2026-03-25 18:49:03,879 | INFO | httpx | _client:_send_single_request:1025 | HTTP Request: GET https://www.okx.com/api/v5/market/ticker?instId=XAU-USDT-SWAP "HTTP/2 200 OK"
2026-03-25 18:49:04,215 | INFO | httpx | _client:_send_single_request:1025 | HTTP Request: GET https://www.okx.com/api/v5/market/history-trades?instId=LIT-USDT-SWAP&limit=100 "HTTP/2 200 OK"
2026-03-25 18:49:04,235 | INFO | httpx | _client:_send_single_request:1025 | HTTP Request: GET https://www.okx.com/api/v5/market/candles?instId=XAU-USDT-SWAP&bar=5m&limit=89 "HTTP/2 200 OK"
2026-03-25 18:49:04,675 | INFO | httpx | _client:_send_single_request:1025 | HTTP Request: GET https://www.okx.com/api/v5/market/candles?instId=LPT-USDT-SWAP&bar=15m&limit=121 "HTTP/2 200 OK"
2026-03-25 18:49:04,780 | INFO | httpx | _client:_send_single_request:1025 | HTTP Request: GET https://www.okx.com/api/v5/market/ticker?instId=XLM-USDT-SWAP "HTTP/2 200 OK"
2026-03-25 18:49:05,110 | INFO | httpx | _client:_send_single_request:1025 | HTTP Request: GET https://www.okx.com/api/v5/market/candles?instId=LPT-USDT-SWAP&bar=5m&limit=97 "HTTP/2 200 OK"
2026-03-25 18:49:05,159 | INFO | httpx | _client:_send_single_request:1025 | HTTP Request: GET https://www.okx.com/api/v5/market/candles?instId=XLM-USDT-SWAP&bar=5m&limit=89 "HTTP/2 200 OK"
2026-03-25 18:49:05,489 | INFO | httpx | _client:_send_single_request:1025 | HTTP Request: GET https://www.okx.com/api/v5/market/history-trades?instId=LPT-USDT-SWAP&limit=100 "HTTP/2 200 OK"
2026-03-25 18:49:05,726 | INFO | httpx | _client:_send_single_request:1025 | HTTP Request: GET https://www.okx.com/api/v5/market/ticker?instId=XPL-USDT-SWAP "HTTP/2 200 OK"
2026-03-25 18:49:05,866 | INFO | httpx | _client:_send_single_request:1025 | HTTP Request: GET https://www.okx.com/api/v5/market/books?instId=LPT-USDT-SWAP&sz=5 "HTTP/2 200 OK"
2026-03-25 18:49:06,101 | INFO | httpx | _client:_send_single_request:1025 | HTTP Request: GET https://www.okx.com/api/v5/market/candles?instId=XPL-USDT-SWAP&bar=5m&limit=89 "HTTP/2 200 OK"
2026-03-25 18:49:06,244 | INFO | httpx | _client:_send_single_request:1025 | HTTP Request: GET https://www.okx.com/api/v5/market/candles?instId=LQTY-USDT-SWAP&bar=15m&limit=121 "HTTP/2 200 OK"
2026-03-25 18:49:06,601 | INFO | httpx | _client:_send_single_request:1025 | HTTP Request: GET https://www.okx.com/api/v5/market/candles?instId=LQTY-USDT-SWAP&bar=5m&limit=97 "HTTP/2 200 OK"
2026-03-25 18:49:06,658 | INFO | httpx | _client:_send_single_request:1025 | HTTP Request: GET https://www.okx.com/api/v5/market/ticker?instId=XRP-USDT-SWAP "HTTP/2 200 OK"
2026-03-25 18:49:07,014 | INFO | httpx | _client:_send_single_request:1025 | HTTP Request: GET https://www.okx.com/api/v5/market/candles?instId=XRP-USDT-SWAP&bar=5m&limit=89 "HTTP/2 200 OK"
2026-03-25 18:49:07,030 | INFO | httpx | _client:_send_single_request:1025 | HTTP Request: GET https://www.okx.com/api/v5/market/history-trades?instId=LQTY-USDT-SWAP&limit=100 "HTTP/2 200 OK"
2026-03-25 18:49:07,443 | INFO | httpx | _client:_send_single_request:1025 | HTTP Request: GET https://www.okx.com/api/v5/market/candles?instId=LRC-USDT-SWAP&bar=15m&limit=121 "HTTP/2 200 OK"
2026-03-25 18:49:07,616 | INFO | httpx | _client:_send_single_request:1025 | HTTP Request: GET https://www.okx.com/api/v5/market/ticker?instId=XSR-USDT-SWAP "HTTP/2 200 OK"
2026-03-25 18:49:07,847 | INFO | httpx | _client:_send_single_request:1025 | HTTP Request: GET https://www.okx.com/api/v5/market/candles?instId=LRC-USDT-SWAP&bar=5m&limit=97 "HTTP/2 200 OK"
2026-03-25 18:49:08,057 | INFO | httpx | _client:_send_single_request:1025 | HTTP Request: GET https://www.okx.com/api/v5/market/candles?instId=XSR-USDT-SWAP&bar=5m&limit=89 "HTTP/2 200 OK"
2026-03-25 18:49:08,223 | INFO | httpx | _client:_send_single_request:1025 | HTTP Request: GET https://www.okx.com/api/v5/market/history-trades?instId=LRC-USDT-SWAP&limit=100 "HTTP/2 200 OK"
2026-03-25 18:49:08,595 | INFO | httpx | _client:_send_single_request:1025 | HTTP Request: GET https://www.okx.com/api/v5/market/ticker?instId=XTZ-USDT-SWAP "HTTP/2 200 OK"
2026-03-25 18:49:08,626 | INFO | httpx | _client:_send_single_request:1025 | HTTP Request: GET https://www.okx.com/api/v5/market/candles?instId=LTC-USDT-SWAP&bar=15m&limit=121 "HTTP/2 200 OK"
2026-03-25 18:49:08,971 | INFO | httpx | _client:_send_single_request:1025 | HTTP Request: GET https://www.okx.com/api/v5/market/candles?instId=XTZ-USDT-SWAP&bar=5m&limit=89 "HTTP/2 200 OK"
2026-03-25 18:49:09,007 | INFO | httpx | _client:_send_single_request:1025 | HTTP Request: GET https://www.okx.com/api/v5/market/candles?instId=LTC-USDT-SWAP&bar=5m&limit=97 "HTTP/2 200 OK"
2026-03-25 18:49:09,383 | INFO | httpx | _client:_send_single_request:1025 | HTTP Request: GET https://www.okx.com/api/v5/market/history-trades?instId=LTC-USDT-SWAP&limit=100 "HTTP/2 200 OK"
2026-03-25 18:49:09,512 | INFO | httpx | _client:_send_single_request:1025 | HTTP Request: GET https://www.okx.com/api/v5/market/ticker?instId=YB-USDT-SWAP "HTTP/2 200 OK"
2026-03-25 18:49:09,848 | INFO | httpx | _client:_send_single_request:1025 | HTTP Request: GET https://www.okx.com/api/v5/market/candles?instId=MAGIC-USDT-SWAP&bar=15m&limit=121 "HTTP/2 200 OK"
2026-03-25 18:49:09,894 | INFO | httpx | _client:_send_single_request:1025 | HTTP Request: GET https://www.okx.com/api/v5/market/candles?instId=YB-USDT-SWAP&bar=5m&limit=89 "HTTP/2 200 OK"
2026-03-25 18:49:10,221 | INFO | httpx | _client:_send_single_request:1025 | HTTP Request: GET https://www.okx.com/api/v5/market/candles?instId=MAGIC-USDT-SWAP&bar=5m&limit=97 "HTTP/2 200 OK"
2026-03-25 18:49:10,435 | INFO | httpx | _client:_send_single_request:1025 | HTTP Request: GET https://www.okx.com/api/v5/market/ticker?instId=YFI-USDT-SWAP "HTTP/2 200 OK"
2026-03-25 18:49:10,597 | INFO | httpx | _client:_send_single_request:1025 | HTTP Request: GET https://www.okx.com/api/v5/market/history-trades?instId=MAGIC-USDT-SWAP&limit=100 "HTTP/2 200 OK"
2026-03-25 18:49:10,823 | INFO | httpx | _client:_send_single_request:1025 | HTTP Request: GET https://www.okx.com/api/v5/market/candles?instId=YFI-USDT-SWAP&bar=5m&limit=89 "HTTP/2 200 OK"
2026-03-25 18:49:11,016 | INFO | httpx | _client:_send_single_request:1025 | HTTP Request: GET https://www.okx.com/api/v5/market/books?instId=MAGIC-USDT-SWAP&sz=5 "HTTP/2 200 OK"
2026-03-25 18:49:11,404 | INFO | httpx | _client:_send_single_request:1025 | HTTP Request: GET https://www.okx.com/api/v5/market/ticker?instId=YGG-USDT-SWAP "HTTP/2 200 OK"
2026-03-25 18:49:11,508 | INFO | httpx | _client:_send_single_request:1025 | HTTP Request: GET https://www.okx.com/api/v5/market/candles?instId=MAJOR-USDT-SWAP&bar=15m&limit=121 "HTTP/2 200 OK"
2026-03-25 18:49:11,831 | INFO | httpx | _client:_send_single_request:1025 | HTTP Request: GET https://www.okx.com/api/v5/market/candles?instId=YGG-USDT-SWAP&bar=5m&limit=89 "HTTP/2 200 OK"
2026-03-25 18:49:11,932 | INFO | httpx | _client:_send_single_request:1025 | HTTP Request: GET https://www.okx.com/api/v5/market/candles?instId=MAJOR-USDT-SWAP&bar=5m&limit=97 "HTTP/2 200 OK"
2026-03-25 18:49:12,342 | INFO | httpx | _client:_send_single_request:1025 | HTTP Request: GET https://www.okx.com/api/v5/market/history-trades?instId=MAJOR-USDT-SWAP&limit=100 "HTTP/2 200 OK"
2026-03-25 18:49:12,408 | INFO | httpx | _client:_send_single_request:1025 | HTTP Request: GET https://www.okx.com/api/v5/market/ticker?instId=ZBCN-USDT-SWAP "HTTP/2 200 OK"
2026-03-25 18:49:12,767 | INFO | httpx | _client:_send_single_request:1025 | HTTP Request: GET https://www.okx.com/api/v5/market/books?instId=MAJOR-USDT-SWAP&sz=5 "HTTP/2 200 OK"
2026-03-25 18:49:12,864 | INFO | httpx | _client:_send_single_request:1025 | HTTP Request: GET https://www.okx.com/api/v5/market/candles?instId=ZBCN-USDT-SWAP&bar=5m&limit=89 "HTTP/2 200 OK"
2026-03-25 18:49:13,278 | INFO | httpx | _client:_send_single_request:1025 | HTTP Request: GET https://www.okx.com/api/v5/market/candles?instId=MASK-USDT-SWAP&bar=15m&limit=121 "HTTP/2 200 OK"
2026-03-25 18:49:13,406 | INFO | httpx | _client:_send_single_request:1025 | HTTP Request: GET https://www.okx.com/api/v5/market/ticker?instId=ZETA-USDT-SWAP "HTTP/2 200 OK"
2026-03-25 18:49:13,657 | INFO | httpx | _client:_send_single_request:1025 | HTTP Request: GET https://www.okx.com/api/v5/market/candles?instId=MASK-USDT-SWAP&bar=5m&limit=97 "HTTP/2 200 OK"
2026-03-25 18:49:13,773 | INFO | httpx | _client:_send_single_request:1025 | HTTP Request: GET https://www.okx.com/api/v5/market/candles?instId=ZETA-USDT-SWAP&bar=5m&limit=89 "HTTP/2 200 OK"
2026-03-25 18:49:14,028 | INFO | httpx | _client:_send_single_request:1025 | HTTP Request: GET https://www.okx.com/api/v5/market/history-trades?instId=MASK-USDT-SWAP&limit=100 "HTTP/2 200 OK"
2026-03-25 18:49:14,331 | INFO | httpx | _client:_send_single_request:1025 | HTTP Request: GET https://www.okx.com/api/v5/market/ticker?instId=ZIL-USDT-SWAP "HTTP/2 200 OK"
2026-03-25 18:49:14,402 | INFO | httpx | _client:_send_single_request:1025 | HTTP Request: GET https://www.okx.com/api/v5/market/books?instId=MASK-USDT-SWAP&sz=5 "HTTP/2 200 OK"
2026-03-25 18:49:14,709 | INFO | httpx | _client:_send_single_request:1025 | HTTP Request: GET https://www.okx.com/api/v5/market/candles?instId=ZIL-USDT-SWAP&bar=5m&limit=89 "HTTP/2 200 OK"
2026-03-25 18:49:14,813 | INFO | httpx | _client:_send_single_request:1025 | HTTP Request: GET https://www.okx.com/api/v5/market/candles?instId=MET-USDT-SWAP&bar=15m&limit=121 "HTTP/2 200 OK"
2026-03-25 18:49:15,215 | INFO | httpx | _client:_send_single_request:1025 | HTTP Request: GET https://www.okx.com/api/v5/market/candles?instId=MET-USDT-SWAP&bar=5m&limit=97 "HTTP/2 200 OK"
2026-03-25 18:49:15,286 | INFO | httpx | _client:_send_single_request:1025 | HTTP Request: GET https://www.okx.com/api/v5/market/ticker?instId=1INCH-USDT-SWAP "HTTP/2 200 OK"
2026-03-25 18:49:15,635 | INFO | httpx | _client:_send_single_request:1025 | HTTP Request: GET https://www.okx.com/api/v5/market/history-trades?instId=MET-USDT-SWAP&limit=100 "HTTP/2 200 OK"
2026-03-25 18:49:15,647 | INFO | httpx | _client:_send_single_request:1025 | HTTP Request: GET https://www.okx.com/api/v5/market/candles?instId=1INCH-USDT-SWAP&bar=5m&limit=89 "HTTP/2 200 OK"
2026-03-25 18:49:16,057 | INFO | httpx | _client:_send_single_request:1025 | HTTP Request: GET https://www.okx.com/api/v5/market/books?instId=MET-USDT-SWAP&sz=5 "HTTP/2 200 OK"
2026-03-25 18:49:16,210 | INFO | httpx | _client:_send_single_request:1025 | HTTP Request: GET https://www.okx.com/api/v5/market/ticker?instId=2Z-USDT-SWAP "HTTP/2 200 OK"
2026-03-25 18:49:16,448 | INFO | httpx | _client:_send_single_request:1025 | HTTP Request: GET https://www.okx.com/api/v5/market/candles?instId=MINA-USDT-SWAP&bar=15m&limit=121 "HTTP/2 200 OK"
2026-03-25 18:49:16,584 | INFO | httpx | _client:_send_single_request:1025 | HTTP Request: GET https://www.okx.com/api/v5/market/candles?instId=2Z-USDT-SWAP&bar=5m&limit=89 "HTTP/2 200 OK"
2026-03-25 18:49:16,828 | INFO | httpx | _client:_send_single_request:1025 | HTTP Request: GET https://www.okx.com/api/v5/market/candles?instId=MINA-USDT-SWAP&bar=5m&limit=97 "HTTP/2 200 OK"
2026-03-25 18:49:17,142 | INFO | httpx | _client:_send_single_request:1025 | HTTP Request: GET https://www.okx.com/api/v5/market/ticker?instId=A-USDT-SWAP "HTTP/2 200 OK"
2026-03-25 18:49:17,203 | INFO | httpx | _client:_send_single_request:1025 | HTTP Request: GET https://www.okx.com/api/v5/market/history-trades?instId=MINA-USDT-SWAP&limit=100 "HTTP/2 200 OK"
2026-03-25 18:49:17,520 | INFO | httpx | _client:_send_single_request:1025 | HTTP Request: GET https://www.okx.com/api/v5/market/candles?instId=A-USDT-SWAP&bar=5m&limit=89 "HTTP/2 200 OK"
2026-03-25 18:49:17,665 | INFO | httpx | _client:_send_single_request:1025 | HTTP Request: GET https://www.okx.com/api/v5/market/books?instId=MINA-USDT-SWAP&sz=5 "HTTP/2 200 OK"
2026-03-25 18:49:18,050 | INFO | httpx | _client:_send_single_request:1025 | HTTP Request: GET https://www.okx.com/api/v5/market/candles?instId=MKR-USDT-SWAP&bar=15m&limit=121 "HTTP/2 200 OK"
2026-03-25 18:49:18,093 | INFO | httpx | _client:_send_single_request:1025 | HTTP Request: GET https://www.okx.com/api/v5/market/ticker?instId=AAVE-USDT-SWAP "HTTP/2 200 OK"
2026-03-25 18:49:18,452 | INFO | httpx | _client:_send_single_request:1025 | HTTP Request: GET https://www.okx.com/api/v5/market/candles?instId=MKR-USDT-SWAP&bar=5m&limit=97 "HTTP/2 200 OK"
2026-03-25 18:49:18,463 | INFO | httpx | _client:_send_single_request:1025 | HTTP Request: GET https://www.okx.com/api/v5/market/candles?instId=AAVE-USDT-SWAP&bar=5m&limit=89 "HTTP/2 200 OK"
2026-03-25 18:49:18,508 | INFO | httpx | _client:_send_single_request:1025 | HTTP Request: GET https://www.okx.com/api/v5/market/candles?instId=BTC-USDT-SWAP&bar=5m&limit=64 "HTTP/2 200 OK"
2026-03-25 18:49:18,884 | INFO | httpx | _client:_send_single_request:1025 | HTTP Request: GET https://www.okx.com/api/v5/market/history-trades?instId=MKR-USDT-SWAP&limit=100 "HTTP/2 200 OK"
2026-03-25 18:49:19,041 | INFO | httpx | _client:_send_single_request:1025 | HTTP Request: GET https://www.okx.com/api/v5/market/ticker?instId=ACT-USDT-SWAP "HTTP/2 200 OK"
2026-03-25 18:49:19,309 | INFO | httpx | _client:_send_single_request:1025 | HTTP Request: GET https://www.okx.com/api/v5/market/books?instId=MKR-USDT-SWAP&sz=5 "HTTP/2 200 OK"
2026-03-25 18:49:19,405 | INFO | httpx | _client:_send_single_request:1025 | HTTP Request: GET https://www.okx.com/api/v5/market/candles?instId=ACT-USDT-SWAP&bar=5m&limit=89 "HTTP/2 200 OK"
2026-03-25 18:49:19,785 | INFO | httpx | _client:_send_single_request:1025 | HTTP Request: GET https://www.okx.com/api/v5/market/candles?instId=MUBARAK-USDT-SWAP&bar=15m&limit=121 "HTTP/2 200 OK"
2026-03-25 18:49:20,008 | INFO | httpx | _client:_send_single_request:1025 | HTTP Request: GET https://www.okx.com/api/v5/market/ticker?instId=ADA-USDT-SWAP "HTTP/2 200 OK"
2026-03-25 18:49:20,213 | INFO | httpx | _client:_send_single_request:1025 | HTTP Request: GET https://www.okx.com/api/v5/market/candles?instId=MUBARAK-USDT-SWAP&bar=5m&limit=97 "HTTP/2 200 OK"
2026-03-25 18:49:20,389 | INFO | httpx | _client:_send_single_request:1025 | HTTP Request: GET https://www.okx.com/api/v5/market/candles?instId=ADA-USDT-SWAP&bar=5m&limit=89 "HTTP/2 200 OK"
2026-03-25 18:49:20,578 | INFO | httpx | _client:_send_single_request:1025 | HTTP Request: GET https://www.okx.com/api/v5/market/history-trades?instId=MUBARAK-USDT-SWAP&limit=100 "HTTP/2 200 OK"
2026-03-25 18:49:20,977 | INFO | httpx | _client:_send_single_request:1025 | HTTP Request: GET https://www.okx.com/api/v5/market/ticker?instId=AI16Z-USDT-SWAP "HTTP/2 200 OK"
2026-03-25 18:49:21,016 | INFO | httpx | _client:_send_single_request:1025 | HTTP Request: GET https://www.okx.com/api/v5/market/books?instId=MUBARAK-USDT-SWAP&sz=5 "HTTP/2 200 OK"
2026-03-25 18:49:21,397 | INFO | httpx | _client:_send_single_request:1025 | HTTP Request: GET https://www.okx.com/api/v5/market/candles?instId=NEAR-USDT-SWAP&bar=15m&limit=121 "HTTP/2 200 OK"
2026-03-25 18:49:21,399 | INFO | httpx | _client:_send_single_request:1025 | HTTP Request: GET https://www.okx.com/api/v5/market/candles?instId=AI16Z-USDT-SWAP&bar=5m&limit=89 "HTTP/2 200 OK"
2026-03-25 18:49:21,802 | INFO | httpx | _client:_send_single_request:1025 | HTTP Request: GET https://www.okx.com/api/v5/market/candles?instId=NEAR-USDT-SWAP&bar=5m&limit=97 "HTTP/2 200 OK"
2026-03-25 18:49:21,970 | INFO | httpx | _client:_send_single_request:1025 | HTTP Request: GET https://www.okx.com/api/v5/market/ticker?instId=AKITA-USDT-SWAP "HTTP/2 200 OK"
2026-03-25 18:49:22,225 | INFO | httpx | _client:_send_single_request:1025 | HTTP Request: GET https://www.okx.com/api/v5/market/history-trades?instId=NEAR-USDT-SWAP&limit=100 "HTTP/2 200 OK"
2026-03-25 18:49:22,341 | INFO | httpx | _client:_send_single_request:1025 | HTTP Request: GET https://www.okx.com/api/v5/market/candles?instId=AKITA-USDT-SWAP&bar=5m&limit=89 "HTTP/2 200 OK"
2026-03-25 18:49:22,719 | INFO | httpx | _client:_send_single_request:1025 | HTTP Request: GET https://www.okx.com/api/v5/market/candles?instId=NEO-USDT-SWAP&bar=15m&limit=121 "HTTP/2 200 OK"
2026-03-25 18:49:22,914 | INFO | httpx | _client:_send_single_request:1025 | HTTP Request: GET https://www.okx.com/api/v5/market/ticker?instId=ALGO-USDT-SWAP "HTTP/2 200 OK"
2026-03-25 18:49:23,097 | INFO | httpx | _client:_send_single_request:1025 | HTTP Request: GET https://www.okx.com/api/v5/market/candles?instId=NEO-USDT-SWAP&bar=5m&limit=97 "HTTP/2 200 OK"
2026-03-25 18:49:23,285 | INFO | httpx | _client:_send_single_request:1025 | HTTP Request: GET https://www.okx.com/api/v5/market/candles?instId=ALGO-USDT-SWAP&bar=5m&limit=89 "HTTP/2 200 OK"
2026-03-25 18:49:23,495 | INFO | httpx | _client:_send_single_request:1025 | HTTP Request: GET https://www.okx.com/api/v5/market/history-trades?instId=NEO-USDT-SWAP&limit=100 "HTTP/2 200 OK"
2026-03-25 18:49:23,895 | INFO | httpx | _client:_send_single_request:1025 | HTTP Request: GET https://www.okx.com/api/v5/market/ticker?instId=ARB-USDT-SWAP "HTTP/2 200 OK"
2026-03-25 18:49:23,984 | INFO | httpx | _client:_send_single_request:1025 | HTTP Request: GET https://www.okx.com/api/v5/market/candles?instId=NOT-USDT-SWAP&bar=15m&limit=121 "HTTP/2 200 OK"
2026-03-25 18:49:24,308 | INFO | httpx | _client:_send_single_request:1025 | HTTP Request: GET https://www.okx.com/api/v5/market/candles?instId=ARB-USDT-SWAP&bar=5m&limit=89 "HTTP/2 200 OK"
2026-03-25 18:49:24,355 | INFO | httpx | _client:_send_single_request:1025 | HTTP Request: GET https://www.okx.com/api/v5/market/candles?instId=NOT-USDT-SWAP&bar=5m&limit=97 "HTTP/2 200 OK"
2026-03-25 18:49:24,732 | INFO | httpx | _client:_send_single_request:1025 | HTTP Request: GET https://www.okx.com/api/v5/market/history-trades?instId=NOT-USDT-SWAP&limit=100 "HTTP/2 200 OK"
2026-03-25 18:49:24,869 | INFO | httpx | _client:_send_single_request:1025 | HTTP Request: GET https://www.okx.com/api/v5/market/ticker?instId=ASP-USDT-SWAP "HTTP/2 200 OK"
2026-03-25 18:49:25,162 | INFO | httpx | _client:_send_single_request:1025 | HTTP Request: GET https://www.okx.com/api/v5/market/books?instId=NOT-USDT-SWAP&sz=5 "HTTP/2 200 OK"
2026-03-25 18:49:25,236 | INFO | httpx | _client:_send_single_request:1025 | HTTP Request: GET https://www.okx.com/api/v5/market/candles?instId=ASP-USDT-SWAP&bar=5m&limit=89 "HTTP/2 200 OK"
2026-03-25 18:49:25,560 | INFO | httpx | _client:_send_single_request:1025 | HTTP Request: GET https://www.okx.com/api/v5/market/candles?instId=OP-USDT-SWAP&bar=15m&limit=121 "HTTP/2 200 OK"
2026-03-25 18:49:25,822 | INFO | httpx | _client:_send_single_request:1025 | HTTP Request: GET https://www.okx.com/api/v5/market/ticker?instId=ASTER-USDT-SWAP "HTTP/2 200 OK"
2026-03-25 18:49:26,016 | INFO | httpx | _client:_send_single_request:1025 | HTTP Request: GET https://www.okx.com/api/v5/market/candles?instId=OP-USDT-SWAP&bar=5m&limit=97 "HTTP/2 200 OK"
2026-03-25 18:49:26,202 | INFO | httpx | _client:_send_single_request:1025 | HTTP Request: GET https://www.okx.com/api/v5/market/candles?instId=ASTER-USDT-SWAP&bar=5m&limit=89 "HTTP/2 200 OK"
2026-03-25 18:49:26,409 | INFO | httpx | _client:_send_single_request:1025 | HTTP Request: GET https://www.okx.com/api/v5/market/history-trades?instId=OP-USDT-SWAP&limit=100 "HTTP/2 200 OK"
2026-03-25 18:49:26,774 | INFO | httpx | _client:_send_single_request:1025 | HTTP Request: GET https://www.okx.com/api/v5/market/ticker?instId=ATOM-USDT-SWAP "HTTP/2 200 OK"
2026-03-25 18:49:26,815 | INFO | httpx | _client:_send_single_request:1025 | HTTP Request: GET https://www.okx.com/api/v5/market/books?instId=OP-USDT-SWAP&sz=5 "HTTP/2 200 OK"
2026-03-25 18:49:27,153 | INFO | httpx | _client:_send_single_request:1025 | HTTP Request: GET https://www.okx.com/api/v5/market/candles?instId=ATOM-USDT-SWAP&bar=5m&limit=89 "HTTP/2 200 OK"
2026-03-25 18:49:27,180 | INFO | httpx | _client:_send_single_request:1025 | HTTP Request: GET https://www.okx.com/api/v5/market/candles?instId=PEPE-USDT-SWAP&bar=15m&limit=121 "HTTP/2 200 OK"
2026-03-25 18:49:27,543 | INFO | httpx | _client:_send_single_request:1025 | HTTP Request: GET https://www.okx.com/api/v5/market/candles?instId=PEPE-USDT-SWAP&bar=5m&limit=97 "HTTP/2 200 OK"
2026-03-25 18:49:27,711 | INFO | httpx | _client:_send_single_request:1025 | HTTP Request: GET https://www.okx.com/api/v5/market/ticker?instId=AUCTION-USDT-SWAP "HTTP/2 200 OK"
2026-03-25 18:49:27,975 | INFO | httpx | _client:_send_single_request:1025 | HTTP Request: GET https://www.okx.com/api/v5/market/history-trades?instId=PEPE-USDT-SWAP&limit=100 "HTTP/2 200 OK"
2026-03-25 18:49:28,081 | INFO | httpx | _client:_send_single_request:1025 | HTTP Request: GET https://www.okx.com/api/v5/market/candles?instId=AUCTION-USDT-SWAP&bar=5m&limit=89 "HTTP/2 200 OK"
2026-03-25 18:49:28,461 | INFO | httpx | _client:_send_single_request:1025 | HTTP Request: GET https://www.okx.com/api/v5/market/candles?instId=PIGGY-USDT-SWAP&bar=15m&limit=121 "HTTP/2 200 OK"
2026-03-25 18:49:28,662 | INFO | httpx | _client:_send_single_request:1025 | HTTP Request: GET https://www.okx.com/api/v5/market/ticker?instId=AVAX-USDT-SWAP "HTTP/2 200 OK"
2026-03-25 18:49:28,837 | INFO | httpx | _client:_send_single_request:1025 | HTTP Request: GET https://www.okx.com/api/v5/market/candles?instId=PIGGY-USDT-SWAP&bar=5m&limit=97 "HTTP/2 200 OK"
2026-03-25 18:49:29,043 | INFO | httpx | _client:_send_single_request:1025 | HTTP Request: GET https://www.okx.com/api/v5/market/candles?instId=AVAX-USDT-SWAP&bar=5m&limit=89 "HTTP/2 200 OK"
2026-03-25 18:49:29,243 | INFO | httpx | _client:_send_single_request:1025 | HTTP Request: GET https://www.okx.com/api/v5/market/history-trades?instId=PIGGY-USDT-SWAP&limit=100 "HTTP/2 200 OK"
2026-03-25 18:49:29,614 | INFO | httpx | _client:_send_single_request:1025 | HTTP Request: GET https://www.okx.com/api/v5/market/ticker?instId=AXS-USDT-SWAP "HTTP/2 200 OK"
2026-03-25 18:49:29,656 | INFO | httpx | _client:_send_single_request:1025 | HTTP Request: GET https://www.okx.com/api/v5/market/books?instId=PIGGY-USDT-SWAP&sz=5 "HTTP/2 200 OK"
2026-03-25 18:49:29,981 | INFO | httpx | _client:_send_single_request:1025 | HTTP Request: GET https://www.okx.com/api/v5/market/candles?instId=AXS-USDT-SWAP&bar=5m&limit=89 "HTTP/2 200 OK"
2026-03-25 18:49:30,023 | INFO | httpx | _client:_send_single_request:1025 | HTTP Request: GET https://www.okx.com/api/v5/market/candles?instId=QTUM-USDT-SWAP&bar=15m&limit=121 "HTTP/2 200 OK"
2026-03-25 18:49:30,401 | INFO | httpx | _client:_send_single_request:1025 | HTTP Request: GET https://www.okx.com/api/v5/market/candles?instId=QTUM-USDT-SWAP&bar=5m&limit=97 "HTTP/2 200 OK"
2026-03-25 18:49:30,542 | INFO | httpx | _client:_send_single_request:1025 | HTTP Request: GET https://www.okx.com/api/v5/market/ticker?instId=BAND-USDT-SWAP "HTTP/2 200 OK"
2026-03-25 18:49:30,802 | INFO | httpx | _client:_send_single_request:1025 | HTTP Request: GET https://www.okx.com/api/v5/market/history-trades?instId=QTUM-USDT-SWAP&limit=100 "HTTP/2 200 OK"
2026-03-25 18:49:30,990 | INFO | httpx | _client:_send_single_request:1025 | HTTP Request: GET https://www.okx.com/api/v5/market/candles?instId=BAND-USDT-SWAP&bar=5m&limit=89 "HTTP/2 200 OK"
2026-03-25 18:49:31,286 | INFO | httpx | _client:_send_single_request:1025 | HTTP Request: GET https://www.okx.com/api/v5/market/candles?instId=RAVE-USDT-SWAP&bar=15m&limit=121 "HTTP/2 200 OK"
2026-03-25 18:49:31,532 | INFO | httpx | _client:_send_single_request:1025 | HTTP Request: GET https://www.okx.com/api/v5/market/ticker?instId=BCH-USDT-SWAP "HTTP/2 200 OK"
2026-03-25 18:49:31,660 | INFO | httpx | _client:_send_single_request:1025 | HTTP Request: GET https://www.okx.com/api/v5/market/candles?instId=RAVE-USDT-SWAP&bar=5m&limit=97 "HTTP/2 200 OK"
2026-03-25 18:49:31,903 | INFO | httpx | _client:_send_single_request:1025 | HTTP Request: GET https://www.okx.com/api/v5/market/candles?instId=BCH-USDT-SWAP&bar=5m&limit=89 "HTTP/2 200 OK"
2026-03-25 18:49:32,035 | INFO | httpx | _client:_send_single_request:1025 | HTTP Request: GET https://www.okx.com/api/v5/market/history-trades?instId=RAVE-USDT-SWAP&limit=100 "HTTP/2 200 OK"
2026-03-25 18:49:32,456 | INFO | httpx | _client:_send_single_request:1025 | HTTP Request: GET https://www.okx.com/api/v5/market/ticker?instId=BIO-USDT-SWAP "HTTP/2 200 OK"
2026-03-25 18:49:32,509 | INFO | httpx | _client:_send_single_request:1025 | HTTP Request: GET https://www.okx.com/api/v5/market/candles?instId=RESOLV-USDT-SWAP&bar=15m&limit=121 "HTTP/2 200 OK"
2026-03-25 18:49:32,823 | INFO | httpx | _client:_send_single_request:1025 | HTTP Request: GET https://www.okx.com/api/v5/market/candles?instId=BIO-USDT-SWAP&bar=5m&limit=89 "HTTP/2 200 OK"
2026-03-25 18:49:32,955 | INFO | httpx | _client:_send_single_request:1025 | HTTP Request: GET https://www.okx.com/api/v5/market/candles?instId=RESOLV-USDT-SWAP&bar=5m&limit=97 "HTTP/2 200 OK"
2026-03-25 18:49:33,343 | INFO | httpx | _client:_send_single_request:1025 | HTTP Request: GET https://www.okx.com/api/v5/market/history-trades?instId=RESOLV-USDT-SWAP&limit=100 "HTTP/2 200 OK"
2026-03-25 18:49:33,375 | INFO | httpx | _client:_send_single_request:1025 | HTTP Request: GET https://www.okx.com/api/v5/market/ticker?instId=BLUAI-USDT-SWAP "HTTP/2 200 OK"
2026-03-25 18:49:33,730 | INFO | httpx | _client:_send_single_request:1025 | HTTP Request: GET https://www.okx.com/api/v5/market/candles?instId=ROBO-USDT-SWAP&bar=15m&limit=121 "HTTP/2 200 OK"
2026-03-25 18:49:33,751 | INFO | httpx | _client:_send_single_request:1025 | HTTP Request: GET https://www.okx.com/api/v5/market/candles?instId=BLUAI-USDT-SWAP&bar=5m&limit=89 "HTTP/2 200 OK"
2026-03-25 18:49:34,146 | INFO | httpx | _client:_send_single_request:1025 | HTTP Request: GET https://www.okx.com/api/v5/market/candles?instId=ROBO-USDT-SWAP&bar=5m&limit=97 "HTTP/2 200 OK"
2026-03-25 18:49:34,556 | INFO | httpx | _client:_send_single_request:1025 | HTTP Request: GET https://www.okx.com/api/v5/market/history-trades?instId=ROBO-USDT-SWAP&limit=100 "HTTP/2 200 OK"
2026-03-25 18:49:34,708 | INFO | httpx | _client:_send_single_request:1025 | HTTP Request: GET https://www.okx.com/api/v5/market/ticker?instId=BNB-USDT-SWAP "HTTP/2 200 OK"
2026-03-25 18:49:34,971 | INFO | httpx | _client:_send_single_request:1025 | HTTP Request: GET https://www.okx.com/api/v5/market/books?instId=ROBO-USDT-SWAP&sz=5 "HTTP/2 200 OK"
2026-03-25 18:49:35,080 | INFO | httpx | _client:_send_single_request:1025 | HTTP Request: GET https://www.okx.com/api/v5/market/candles?instId=BNB-USDT-SWAP&bar=5m&limit=89 "HTTP/2 200 OK"
2026-03-25 18:49:35,393 | INFO | httpx | _client:_send_single_request:1025 | HTTP Request: GET https://www.okx.com/api/v5/market/candles?instId=SAND-USDT-SWAP&bar=15m&limit=121 "HTTP/2 200 OK"
2026-03-25 18:49:35,682 | INFO | httpx | _client:_send_single_request:1025 | HTTP Request: GET https://www.okx.com/api/v5/market/ticker?instId=BOME-USDT-SWAP "HTTP/2 200 OK"
2026-03-25 18:49:35,806 | INFO | httpx | _client:_send_single_request:1025 | HTTP Request: GET https://www.okx.com/api/v5/market/candles?instId=SAND-USDT-SWAP&bar=5m&limit=97 "HTTP/2 200 OK"
2026-03-25 18:49:36,141 | INFO | httpx | _client:_send_single_request:1025 | HTTP Request: GET https://www.okx.com/api/v5/market/candles?instId=BOME-USDT-SWAP&bar=5m&limit=89 "HTTP/2 200 OK"
2026-03-25 18:49:36,212 | INFO | httpx | _client:_send_single_request:1025 | HTTP Request: GET https://www.okx.com/api/v5/market/history-trades?instId=SAND-USDT-SWAP&limit=100 "HTTP/2 200 OK"
2026-03-25 18:49:36,248 | INFO | root | main_v107:evaluate_entry:4796 | SAND-USDT-SWAP: Turtle 55 short-сигнал отклонён (закрытие не удержалось ниже канала)
2026-03-25 18:49:36,252 | INFO | root | main_v107:evaluate_entry:4796 | SAND-USDT-SWAP: Turtle 20 short-сигнал отклонён (закрытие не удержалось ниже канала)
2026-03-25 18:49:36,690 | INFO | httpx | _client:_send_single_request:1025 | HTTP Request: GET https://www.okx.com/api/v5/market/candles?instId=SCR-USDT-SWAP&bar=15m&limit=121 "HTTP/2 200 OK"
2026-03-25 18:49:36,695 | INFO | httpx | _client:_send_single_request:1025 | HTTP Request: GET https://www.okx.com/api/v5/market/ticker?instId=BRETT-USDT-SWAP "HTTP/2 200 OK"
2026-03-25 18:49:37,060 | INFO | httpx | _client:_send_single_request:1025 | HTTP Request: GET https://www.okx.com/api/v5/market/candles?instId=SCR-USDT-SWAP&bar=5m&limit=97 "HTTP/2 200 OK"
2026-03-25 18:49:37,067 | INFO | httpx | _client:_send_single_request:1025 | HTTP Request: GET https://www.okx.com/api/v5/market/candles?instId=BRETT-USDT-SWAP&bar=5m&limit=89 "HTTP/2 200 OK"
2026-03-25 18:49:37,483 | INFO | httpx | _client:_send_single_request:1025 | HTTP Request: GET https://www.okx.com/api/v5/market/history-trades?instId=SCR-USDT-SWAP&limit=100 "HTTP/2 200 OK"
2026-03-25 18:49:37,650 | INFO | httpx | _client:_send_single_request:1025 | HTTP Request: GET https://www.okx.com/api/v5/market/ticker?instId=BTC-USDT-SWAP "HTTP/2 200 OK"
2026-03-25 18:49:37,908 | INFO | httpx | _client:_send_single_request:1025 | HTTP Request: GET https://www.okx.com/api/v5/market/books?instId=SCR-USDT-SWAP&sz=5 "HTTP/2 200 OK"
2026-03-25 18:49:38,200 | INFO | httpx | _client:_send_single_request:1025 | HTTP Request: GET https://www.okx.com/api/v5/market/ticker?instId=CAT-USDT-SWAP "HTTP/2 200 OK"
2026-03-25 18:49:38,587 | INFO | httpx | _client:_send_single_request:1025 | HTTP Request: GET https://www.okx.com/api/v5/market/candles?instId=CAT-USDT-SWAP&bar=5m&limit=89 "HTTP/2 200 OK"
2026-03-25 18:49:39,083 | INFO | httpx | _client:_send_single_request:1025 | HTTP Request: GET https://www.okx.com/api/v5/market/candles?instId=BTC-USDT-SWAP&bar=5m&limit=64 "HTTP/2 200 OK"
2026-03-25 18:49:42,393 | INFO | system_events | session_control_engine:_transition:23 | session_state=STOPPED payload={'exit_code': 0}
