channel_exit_level,close_reason_code,duration_sec,entry_atr,entry_context_file,entry_px,exit_px,final_stop_price,initial_stop_price,inst_id,mae_abs,mae_pct,mae_r,mfe_abs,mfe_pct,mfe_r,peak_price,peak_unrealized_pnl,planned_risk_pct,pnl,pnl_pct,position_notional_usdt,qty,reason,risk_amount_usdt,risk_per_contract,side,system_name,time,trade_context_file,trade_id,trough_price,units
3.093e-05,локальный_защитный_выход_2.0n,478,1.272e-06,D:\GIT\okx-trading-bot\v08x\085\085_4\logs\entry_context\20260317_114422_FLOKI-USDT-SWAP_long.json,3.167e-05,3.166e-05,3.173907500000001e-05,2.9126e-05,FLOKI-USDT-SWAP,1.29e-06,4.073255,0.507075,1.47e-06,4.641617,0.57783,3.289e-05,10.846000000000005,1.0,-1.2760000000002039,-0.06313131313132321,2020.8650000000002,638.0,Локальный защитный выход 2.0N,359.21460897565464,0.2544,long,Turtle 20,2026-03-17 11:52:20,D:\GIT\okx-trading-bot\v08x\085\085_4\logs\trade_context\20260317_115220_FLOKI-USDT-SWAP_long_trade.json,20260317_114422_FLOKI-USDT-SWAP_long,3.164e-05,2
3.093e-05,локальный_защитный_выход_2.0n,199,1.272e-06,D:\GIT\okx-trading-bot\v08x\085\085_4\logs\entry_context\20260317_114028_FLOKI-USDT-SWAP_long.json,3.157e-05,3.165e-05,3.1696491849649994e-05,2.9025999999999996e-05,FLOKI-USDT-SWAP,1.19e-06,3.769401,0.467767,1.53e-06,4.846373,0.601415,3.258e-05,10.846000000000005,1.0,-2.9210000153403453,-0.14444728590514877,2018.17850000767,638.0,Локальный защитный выход 2.0N,358.71248574015584,0.2544,long,Turtle 20,2026-03-17 11:43:47,D:\GIT\okx-trading-bot\v08x\085\085_4\logs\trade_context\20260317_114347_FLOKI-USDT-SWAP_long_trade.json,20260317_114028_FLOKI-USDT-SWAP_long,3.157e-05,2
7.92e-06,stopout_cooldown,4,3.4999999999999664e-09,D:\GIT\okx-trading-bot\v08x\085\085_4\logs\entry_context\20260317_113727_SHIB-USDT-SWAP_long.json,7.95e-06,7.94e-06,7.943e-06,7.943e-06,SHIB-USDT-SWAP,8e-07,10.062893,114.285714,0.0,0.0,0.0,7.95e-06,0.0,1.0,-1.330999999999987,-0.12578616352201136,1058.145,133.1,ATR стоп 2.0N,358.6871303575072,0.0069999999999999325,long,Turtle 20,2026-03-17 11:37:32,D:\GIT\okx-trading-bot\v08x\085\085_4\logs\trade_context\20260317_113732_SHIB-USDT-SWAP_long_trade.json,20260317_113727_SHIB-USDT-SWAP_long,7.94e-06,1
0.168,локальный_защитный_выход_2.0n,895,0.00019499999999999796,D:\GIT\okx-trading-bot\v08x\085\085_4\logs\entry_context\20260317_112037_MET-USDT-SWAP_long.json,0.1689,0.1686,0.1689,0.16851,MET-USDT-SWAP,0.0021,1.243339,5.384615,0.0,0.0,0.0,0.1689,0.0,1.0,-1.7879999999999685,-0.1776198934280608,1006.644,596.0,Локальный защитный выход 2.0N,361.6982603592794,0.003899999999999959,long,Turtle 20,2026-03-17 11:35:32,D:\GIT\okx-trading-bot\v08x\085\085_4\logs\trade_context\20260317_113532_MET-USDT-SWAP_long_trade.json,20260317_112037_MET-USDT-SWAP_long,0.1686,1
7.9e-06,локальный_защитный_выход_2.0n,93,2.499999999999976e-09,,7.92e-06,7.93e-06,1.5840125e-05,7.915000000000001e-06,SHIB-USDT-SWAP,8e-07,10.10101,160.0,1e-08,0.126263,2.0,7.93e-06,0.4009999999999962,0.0,0.4009999999999962,0.12626262626262508,317.592,40.1,Локальный защитный выход 2.0N,0.0,0.0,long,Turtle 20,2026-03-17 11:34:07,D:\GIT\okx-trading-bot\v08x\085\085_4\logs\trade_context\20260317_113407_SHIB-USDT-SWAP_long_trade.json,20260317_113234_SHIB-USDT-SWAP_long,7.92e-06,2
2.819,локальный_защитный_выход_2.0n,314,0.002649999999999997,D:\GIT\okx-trading-bot\v08x\085\085_4\logs\entry_context\20260317_111540_NEO-USDT-SWAP_short.json,2.794,2.798,2.7914058333333336,2.7993,NEO-USDT-SWAP,0.025,0.894775,4.716981,0.013,0.465283,2.45283,2.798,2.547999999999881,1.0,-6.552000000000248,-0.21489971346705686,3049.774,1092.0,Локальный защитный выход 2.0N,361.33182407297653,0.005299999999999994,short,Turtle 20,2026-03-17 11:20:54,D:\GIT\okx-trading-bot\v08x\085\085_4\logs\trade_context\20260317_112054_NEO-USDT-SWAP_short_trade.json,20260317_111540_NEO-USDT-SWAP_short,2.79,3
0.0947,локальный_защитный_выход_2.0n,756,0.0001150000000000019,D:\GIT\okx-trading-bot\v08x\085\085_4\logs\entry_context\20260317_110808_ALGO-USDT-SWAP_long.json,0.0951,0.0951,0.0951,0.09487,ALGO-USDT-SWAP,0.0011,1.156677,4.782609,0.0003,0.315457,1.304348,0.0951,0.0,1.0,0.0,0.0,980.481,1031.0,Локальный защитный выход 2.0N,362.20774029859626,0.002300000000000038,long,Turtle 20,2026-03-17 11:20:45,D:\GIT\okx-trading-bot\v08x\085\085_4\logs\trade_context\20260317_112045_ALGO-USDT-SWAP_long_trade.json,20260317_110808_ALGO-USDT-SWAP_long,0.0949,1
0.082,канальный_выход_10_свечей,253,0.0012299999999999978,D:\GIT\okx-trading-bot\v08x\085\085_4\logs\entry_context\20260317_111049_2Z-USDT-SWAP_long.json,0.0824,0.082,0.07994000000000001,0.07994000000000001,2Z-USDT-SWAP,0.0017,2.063107,0.691057,0.0019,2.305825,0.772358,0.0829,13.823999999999916,1.0,-4.607999999999972,-0.4854368932038805,949.248,1152.0,Канальный выход 10 свечей,361.5599019082971,0.024599999999999955,long,Turtle 20,2026-03-17 11:15:03,D:\GIT\okx-trading-bot\v08x\085\085_4\logs\trade_context\20260317_111503_2Z-USDT-SWAP_long_trade.json,20260317_111049_2Z-USDT-SWAP_long,0.082,1
386.41,локальный_защитный_выход_2.0n,11,0.11349999999999624,D:\GIT\okx-trading-bot\v08x\085\085_4\logs\entry_context\20260317_111003_TSLA-USDT-SWAP_long.json,395.12816216216214,394.15,394.90116216216217,394.90116216216217,TSLA-USDT-SWAP,8.71816216,2.206414,38.406001,7.47183784,1.890991,32.915585,395.12816216216214,0.0,1.0,-1.8096000000000032,-0.2475556682190429,730.9870999999999,185.0,Локальный защитный выход 2.0N,361.70068009519935,0.002269999999999925,long,Turtle 20,2026-03-17 11:10:14,D:\GIT\okx-trading-bot\v08x\085\085_4\logs\trade_context\20260317_111014_TSLA-USDT-SWAP_long_trade.json,20260317_111003_TSLA-USDT-SWAP_long,394.15,1
393.54,локальный_защитный_выход_2.0n,17,0.11349999999999624,D:\GIT\okx-trading-bot\v08x\085\085_4\logs\entry_context\20260317_110908_TSLA-USDT-SWAP_long.json,395.4425806451613,394.46,395.2155806451613,395.2155806451613,TSLA-USDT-SWAP,8.67258065,2.193133,38.205201,7.15741935,1.809977,31.530482,395.4425806451613,0.0,1.0,-1.5230000000000246,-0.2484761867470706,612.936,155.0,Локальный защитный выход 2.0N,361.96965100392845,0.002269999999999925,long,Turtle 20,2026-03-17 11:09:25,D:\GIT\okx-trading-bot\v08x\085\085_4\logs\trade_context\20260317_110925_TSLA-USDT-SWAP_long_trade.json,20260317_110907_TSLA-USDT-SWAP_long,394.46,1
393.54,локальный_защитный_выход_2.0n,18,0.11349999999999624,D:\GIT\okx-trading-bot\v08x\085\085_4\logs\entry_context\20260317_110812_TSLA-USDT-SWAP_long.json,399.74536585365854,394.46,399.51836585365857,399.51836585365857,TSLA-USDT-SWAP,12.97536585,3.245908,57.160202,2.85463415,0.714113,12.575481,399.74536585365854,0.0,1.0,-13.002000000000063,-1.322183145856271,983.3736,246.0,Локальный защитный выход 2.0N,362.1961490655017,0.002269999999999925,long,Turtle 20,2026-03-17 11:08:30,D:\GIT\okx-trading-bot\v08x\085\085_4\logs\trade_context\20260317_110830_TSLA-USDT-SWAP_long_trade.json,20260317_110812_TSLA-USDT-SWAP_long,394.46,1
393.54,локальный_защитный_выход_2.0n,29,0.11349999999999624,D:\GIT\okx-trading-bot\v08x\085\085_4\logs\entry_context\20260317_110658_TSLA-USDT-SWAP_long.json,395.6067479674797,394.46,395.3797479674797,395.3797479674797,TSLA-USDT-SWAP,8.83674797,2.23372,38.928405,6.99325203,1.767728,30.807278,395.6067479674797,0.0,1.0,-1.4105000000000456,-0.2898706792468511,486.59630000000004,123.0,Локальный защитный выход 2.0N,362.29098874254845,0.002269999999999925,long,Turtle 20,2026-03-17 11:07:27,D:\GIT\okx-trading-bot\v08x\085\085_4\logs\trade_context\20260317_110727_TSLA-USDT-SWAP_long_trade.json,20260317_110657_TSLA-USDT-SWAP_long,394.46,1
0.0948,локальный_защитный_выход_2.0n,81,0.0001150000000000019,D:\GIT\okx-trading-bot\v08x\085\085_4\logs\entry_context\20260317_110558_ALGO-USDT-SWAP_long.json,0.0953658790170133,0.095,0.09513587901701329,0.09513587901701329,ALGO-USDT-SWAP,0.00136588,1.432251,5.938604,0.0,0.0,0.0,0.0953658790170133,0.0,1.0,-3.871000000000641,-0.3836582022675219,1008.9710000000007,1058.0,Локальный защитный выход 2.0N,362.59161056198786,0.002300000000000038,long,Turtle 20,2026-03-17 11:07:20,D:\GIT\okx-trading-bot\v08x\085\085_4\logs\trade_context\20260317_110720_ALGO-USDT-SWAP_long_trade.json,20260317_110558_ALGO-USDT-SWAP_long,0.095,1
393.54,локальный_защитный_выход_2.0n,17,0.11349999999999624,D:\GIT\okx-trading-bot\v08x\085\085_4\logs\entry_context\20260317_110603_TSLA-USDT-SWAP_long.json,397.14612648221345,394.46,396.91912648221347,396.91912648221347,TSLA-USDT-SWAP,10.37612648,2.612672,45.709808,5.45387352,1.373266,24.025875,397.14612648221345,0.0,1.0,-6.795900000000072,-0.6763572154174763,1004.7797,253.0,Локальный защитный выход 2.0N,362.5548086451749,0.002269999999999925,long,Turtle 20,2026-03-17 11:06:20,D:\GIT\okx-trading-bot\v08x\085\085_4\logs\trade_context\20260317_110620_TSLA-USDT-SWAP_long_trade.json,20260317_110602_TSLA-USDT-SWAP_long,394.46,1
0.01166,локальный_защитный_выход_2.0n,875,2.9500000000000358e-05,D:\GIT\okx-trading-bot\v08x\085\085_4\logs\entry_context\20260317_105043_GMT-USDT-SWAP_long.json,0.01174,0.01172,0.01174,0.011681,GMT-USDT-SWAP,0.00015,1.277683,2.542373,3e-05,0.255537,0.508475,0.01174,0.0,1.0,-1.715680000000079,-0.17035775127769096,1007.1041600000001,85784.0,Локальный защитный выход 2.0N,359.62712443670796,5.9000000000000716e-05,long,Turtle 20,2026-03-17 11:05:18,D:\GIT\okx-trading-bot\v08x\085\085_4\logs\trade_context\20260317_110518_GMT-USDT-SWAP_long_trade.json,20260317_105043_GMT-USDT-SWAP_long,0.01172,1
1.68,локальный_защитный_выход_2.0n,649,0.0001499999999999946,D:\GIT\okx-trading-bot\v08x\085\085_4\logs\entry_context\20260317_104048_NEAR-USDT-SWAP_short.json,1.677,1.68,1.6773,1.6773,NEAR-USDT-SWAP,0.003,0.178891,10.0,0.012,0.715564,40.0,1.68,0.0,1.0,-1.7579999999999365,-0.1788908765652887,982.722,58.6,Локальный защитный выход 2.0N,359.1937547543041,0.0029999999999998916,short,Turtle 20,2026-03-17 10:51:37,D:\GIT\okx-trading-bot\v08x\085\085_4\logs\trade_context\20260317_105137_NEAR-USDT-SWAP_short_trade.json,20260317_104047_NEAR-USDT-SWAP_short,1.677,1
0.1678,локальный_защитный_выход_2.0n,874,0.00023999999999999854,D:\GIT\okx-trading-bot\v08x\085\085_4\logs\entry_context\20260317_103058_MET-USDT-SWAP_long.json,0.1686,0.1683,0.1686,0.16812,MET-USDT-SWAP,0.0021,1.245552,4.375,0.0,0.0,0.0,0.1686,0.0,1.0,-1.7759999999999687,-0.1779359430604951,998.112,592.0,Локальный защитный выход 2.0N,359.24141836155076,0.004799999999999971,long,Turtle 20,2026-03-17 10:45:32,D:\GIT\okx-trading-bot\v08x\085\085_4\logs\trade_context\20260317_104532_MET-USDT-SWAP_long_trade.json,20260317_103058_MET-USDT-SWAP_long,0.1683,1
0.06078,локальный_защитный_выход_2.0n,873,0.00015749999999999965,D:\GIT\okx-trading-bot\v08x\085\085_4\logs\entry_context\20260317_103054_MINA-USDT-SWAP_long.json,0.0614321716712165,0.06129,0.0614321716712165,0.0611171716712165,MINA-USDT-SWAP,0.00095217,1.549956,3.022767,2.783e-05,0.045299,0.088344,0.0614321716712165,0.0,1.0,-2.3437000000040435,-0.23142869175682385,1012.709350000004,16485.0,Локальный защитный выход 2.0N,359.26099083272936,0.0003149999999999993,long,Turtle 20,2026-03-17 10:45:27,D:\GIT\okx-trading-bot\v08x\085\085_4\logs\trade_context\20260317_104527_MINA-USDT-SWAP_long_trade.json,20260317_103053_MINA-USDT-SWAP_long,0.06129,1
0.2963,локальный_защитный_выход_2.0n,425,0.00018499999999999905,D:\GIT\okx-trading-bot\v08x\085\085_4\logs\entry_context\20260317_103530_TRX-USDT-SWAP_long.json,0.2987,0.2985,0.29873425000000003,0.29833000000000004,TRX-USDT-SWAP,0.0026,0.870439,7.027027,0.0001,0.033478,0.27027,0.2988,0.0,1.0,-1.6500000000001844,-0.08368200836821019,1971.585,6.6,Локальный защитный выход 2.0N,359.43434901846837,0.3699999999999981,long,Turtle 55,2026-03-17 10:42:35,D:\GIT\okx-trading-bot\v08x\085\085_4\logs\trade_context\20260317_104235_TRX-USDT-SWAP_long_trade.json,20260317_103530_TRX-USDT-SWAP_long,0.2985,2
10.275,локальный_защитный_выход_2.0n,876,0.026499999999999878,D:\GIT\okx-trading-bot\v08x\085\085_4\logs\entry_context\20260317_102105_AVAX-USDT-SWAP_long.json,10.379,10.36,10.379,10.326,AVAX-USDT-SWAP,0.594,5.723095,11.207547,0.011,0.105983,0.207547,10.379,0.4255000000000665,1.0,-1.6169000000000109,-0.18306195201850012,883.2529,85.1,Локальный защитный выход 2.0N,360.04085171914323,0.052999999999999756,long,Turtle 20,2026-03-17 10:35:41,D:\GIT\okx-trading-bot\v08x\085\085_4\logs\trade_context\20260317_103541_AVAX-USDT-SWAP_long_trade.json,20260317_102105_AVAX-USDT-SWAP_long,10.36,1
0.0996,локальный_защитный_выход_2.0n,876,0.0028549999999999986,D:\GIT\okx-trading-bot\v08x\085\085_4\logs\entry_context\20260317_102101_1INCH-USDT-SWAP_long.json,0.1035,0.1024,0.1035,0.09779,1INCH-USDT-SWAP,0.0041,3.961353,0.718039,0.0,0.0,0.0,0.1035,0.0,1.0,-9.513899999999913,-1.06280193236714,895.1714999999999,8649.0,Локальный защитный выход 2.0N,359.9436933340218,0.005709999999999997,long,Turtle 20,2026-03-17 10:35:38,D:\GIT\okx-trading-bot\v08x\085\085_4\logs\trade_context\20260317_103538_1INCH-USDT-SWAP_long_trade.json,20260317_102100_1INCH-USDT-SWAP_long,0.1006,1
2.799,локальный_защитный_выход_2.0n,845,0.0027000000000000136,D:\GIT\okx-trading-bot\v08x\085\085_4\logs\entry_context\20260317_101607_NEO-USDT-SWAP_long.json,2.812,2.812,2.812,2.8066,NEO-USDT-SWAP,0.044,1.564723,8.148148,0.788,28.02276,145.925926,2.812,2.0160000000000764,1.0,0.0,0.0,944.832,336.0,Локальный защитный выход 2.0N,360.1292293221673,0.005400000000000027,long,Turtle 20,2026-03-17 10:30:13,D:\GIT\okx-trading-bot\v08x\085\085_4\logs\trade_context\20260317_103013_NEO-USDT-SWAP_long_trade.json,20260317_101607_NEO-USDT-SWAP_long,2.812,1
0.17035,локальный_защитный_выход_2.0n,855,0.00393349999999999,D:\GIT\okx-trading-bot\v08x\085\085_4\logs\entry_context\20260317_101553_XLM-USDT-SWAP_long.json,0.1747895628511237,0.17467,0.1747895628511237,0.16692256285112372,XLM-USDT-SWAP,0.00453956,2.597159,0.577039,0.00521044,2.980977,0.662316,0.17624,9.628729999999344,1.0,-0.6810300000006908,-0.06840388474771457,995.6013500000006,56.96,Локальный защитный выход 2.0N,360.3755940732833,0.786699999999998,long,Turtle 20,2026-03-17 10:30:08,D:\GIT\okx-trading-bot\v08x\085\085_4\logs\trade_context\20260317_103008_XLM-USDT-SWAP_long_trade.json,20260317_101553_XLM-USDT-SWAP_long,0.171,1
1.921,локальный_защитный_выход_2.0n,187,0.003049999999999997,D:\GIT\okx-trading-bot\v08x\085\085_4\logs\entry_context\20260317_102405_ATOM-USDT-SWAP_long.json,1.945,1.938,1.9389,1.9389,ATOM-USDT-SWAP,0.024,1.233933,3.934426,0.009,0.462725,1.47541,1.945,0.0,1.0,-0.1680000000000028,-0.3598971722365099,953.0500000000001,24.0,Локальный защитный выход 2.0N,359.722737884762,0.006099999999999994,long,Turtle 20,2026-03-17 10:27:13,D:\GIT\okx-trading-bot\v08x\085\085_4\logs\trade_context\20260317_102713_ATOM-USDT-SWAP_long_trade.json,20260317_102405_ATOM-USDT-SWAP_long,1.938,1
0.1139,локальный_защитный_выход_2.0n,872,0.0005000000000000019,D:\GIT\okx-trading-bot\v08x\085\085_4\logs\entry_context\20260317_101046_ENA-USDT-SWAP_long.json,0.1172972413793104,0.1171,0.1172972413793104,0.1162972413793104,ENA-USDT-SWAP,0.03599724,30.688907,35.997241,0.00030276,0.258112,0.302759,0.1175,0.0239999999995411,1.0,-1.7160000000005087,-0.16815517312344389,1020.4860000000006,870.0,Локальный защитный выход 2.0N,360.3029335949333,0.010000000000000037,long,Turtle 55,2026-03-17 10:25:19,D:\GIT\okx-trading-bot\v08x\085\085_4\logs\trade_context\20260317_102519_ENA-USDT-SWAP_long_trade.json,20260317_101045_ENA-USDT-SWAP_long,0.1171,1
0.0876,локальный_защитный_выход_2.0n,501,0.00017500000000000016,D:\GIT\okx-trading-bot\v08x\085\085_4\logs\entry_context\20260317_101603_SAND-USDT-SWAP_long.json,0.0883,0.088,0.35398000556070514,0.08795,SAND-USDT-SWAP,0.0012,1.359003,3.428571,0.0001,0.11325,0.285714,0.0886,0.0,1.0,-5.073250000003597,-0.5314567225363869,3815.70858333334,1079.0,Локальный защитный выход 2.0N,360.2489534666298,0.003500000000000003,long,Turtle 20,2026-03-17 10:24:24,D:\GIT\okx-trading-bot\v08x\085\085_4\logs\trade_context\20260317_102424_SAND-USDT-SWAP_long_trade.json,20260317_101602_SAND-USDT-SWAP_long,0.088,4
123.73,локальный_защитный_выход_2.0n,90,0.5154999999999994,,119.67007177033493,121.1,120.70107177033492,120.70107177033492,AAVE-USDT-SWAP,4.18992823,3.501233,4.063946,4.03007177,3.367652,3.908896,121.12,0.0,0.0,-11.95419999999995,-1.1948920966716854,0.0,83.6,Локальный защитный выход 2.0N,0.0,0.0,short,Turtle 20,2026-03-17 10:23:22,D:\GIT\okx-trading-bot\v08x\085\085_4\logs\trade_context\20260317_102322_AAVE-USDT-SWAP_short_trade.json,20260317_102152_AAVE-USDT-SWAP_short,119.67007177033493,1
0.5759,локальный_защитный_выход_2.0n,411,0.0016049999999999897,D:\GIT\okx-trading-bot\v08x\085\085_4\logs\entry_context\20260317_101558_ETHFI-USDT-SWAP_long.json,0.5806,0.5804,0.58083025,0.5773900000000001,ETHFI-USDT-SWAP,0.0095,1.636238,2.959502,0.175,30.141233,54.517134,0.5816,0.9960000000000746,1.0,-1.6599999999998172,-0.08607333448096831,1928.0900000000001,3320.0,Локальный защитный выход 2.0N,360.3551810061107,0.0032099999999999794,long,Turtle 20,2026-03-17 10:22:49,D:\GIT\okx-trading-bot\v08x\085\085_4\logs\trade_context\20260317_102249_ETHFI-USDT-SWAP_long_trade.json,20260317_101557_ETHFI-USDT-SWAP_long,0.58,2
0.959,локальный_защитный_выход_2.0n,979,0.0016500000000000015,D:\GIT\okx-trading-bot\v08x\085\085_4\logs\entry_context\20260317_100614_FIL-USDT-SWAP_long.json,0.967,0.972,0.9732950000000005,0.9637,FIL-USDT-SWAP,0.014,1.447777,4.242424,0.006,0.620476,1.818182,0.974,22.64849999999894,1.0,14.020499999998936,0.3354838709677164,4176.041875000001,43140.0,Локальный защитный выход 2.0N,360.41782273517026,0.0003300000000000003,long,Turtle 20,2026-03-17 10:22:33,D:\GIT\okx-trading-bot\v08x\085\085_4\logs\trade_context\20260317_102233_FIL-USDT-SWAP_long_trade.json,20260317_100614_FIL-USDT-SWAP_long,0.967,4
0.2961,локальный_защитный_выход_2.0n,112,0.00013999999999999568,D:\GIT\okx-trading-bot\v08x\085\085_4\logs\entry_context\20260317_100909_TRX-USDT-SWAP_long.json,0.2976228571428572,0.2975,0.8929228214285718,0.2973428571428572,TRX-USDT-SWAP,0.00152286,0.511673,5.438776,0.00017714,0.059519,0.632653,0.2977,0.0,1.0,-0.43000000000059657,-0.04127947162282048,3125.040000000001,3.5,Локальный защитный выход 2.0N,360.32317571287984,0.27999999999999137,long,Turtle 55,2026-03-17 10:11:02,D:\GIT\okx-trading-bot\v08x\085\085_4\logs\trade_context\20260317_101102_TRX-USDT-SWAP_long_trade.json,20260317_100909_TRX-USDT-SWAP_long,0.2975,3
0.2961,локальный_защитный_выход_2.0n,185,0.00013999999999999568,D:\GIT\okx-trading-bot\v08x\085\085_4\logs\entry_context\20260317_100523_TRX-USDT-SWAP_long.json,0.2976226256983243,0.2973,0.2977553314711367,0.2973426256983243,TRX-USDT-SWAP,0.00152263,0.511596,5.437949,0.0,0.0,0.0,0.2978,0.0,1.0,-4.575000000006527,-0.14307708618139667,3197.101500000006,10.74,Локальный защитный выход 2.0N,360.4041820578799,0.27999999999999137,long,Turtle 55,2026-03-17 10:08:28,D:\GIT\okx-trading-bot\v08x\085\085_4\logs\trade_context\20260317_100828_TRX-USDT-SWAP_long_trade.json,20260317_100523_TRX-USDT-SWAP_long,0.2973,3
0.944,локальный_защитный_выход_2.0n,886,0.0015999999999999682,D:\GIT\okx-trading-bot\v08x\085\085_4\logs\entry_context\20260317_095049_QTUM-USDT-SWAP_short.json,0.934,0.944,0.934,0.9372,QTUM-USDT-SWAP,0.01,1.070664,3.125,0.023,2.462527,7.1875,0.944,0.0,1.0,-11.219999999999885,-1.0706638115631582,1047.948,1122.0,Локальный защитный выход 2.0N,361.9503485586599,0.0031999999999999364,short,Turtle 20,2026-03-17 10:05:36,D:\GIT\okx-trading-bot\v08x\085\085_4\logs\trade_context\20260317_100536_QTUM-USDT-SWAP_short_trade.json,20260317_095048_QTUM-USDT-SWAP_short,0.934,1
0.1825,локальный_защитный_выход_2.0n,109,0.013279999999999997,D:\GIT\okx-trading-bot\v08x\085\085_4\logs\entry_context\20260317_095913_IMX-USDT-SWAP_long.json,0.2244,0.215,0.23031400000000007,0.19784,IMX-USDT-SWAP,0.0437,19.474153,1.645331,0.0137,6.105169,0.515813,0.2377,26.583199999998126,1.0,-188.93060000000185,-8.471690080885558,2180.2971000000007,9494.0,Локальный защитный выход 2.0N,361.67510163087576,0.026559999999999993,long,Turtle 20,2026-03-17 10:01:03,D:\GIT\okx-trading-bot\v08x\085\085_4\logs\trade_context\20260317_100103_IMX-USDT-SWAP_long_trade.json,20260317_095913_IMX-USDT-SWAP_long,0.215,2
0.2998,локальный_защитный_выход_2.0n,153,0.023150000000000004,D:\GIT\okx-trading-bot\v08x\085\085_4\logs\entry_context\20260317_095605_ETHW-USDT-SWAP_long.json,0.3771,0.392,0.7680665687679085,0.3308,ETHW-USDT-SWAP,0.0773,20.498542,1.669546,0.0219,5.807478,0.473002,0.392,21.346139999999842,1.0,23.858939999999876,2.228547285214575,2123.4682600000006,27920.0,Локальный защитный выход 2.0N,361.8746320485599,0.004630000000000001,long,Turtle 20,2026-03-17 09:58:38,D:\GIT\okx-trading-bot\v08x\085\085_4\logs\trade_context\20260317_095838_ETHW-USDT-SWAP_long_trade.json,20260317_095605_ETHW-USDT-SWAP_long,0.3771,2
0.1842,локальный_защитный_выход_2.0n,638,0.00027999999999999694,D:\GIT\okx-trading-bot\v08x\085\085_4\logs\entry_context\20260317_094443_THETA-USDT-SWAP_long.json,0.1845,0.1845,0.1845,0.18394,THETA-USDT-SWAP,0.0017,0.921409,3.035714,0.0618,33.495935,110.357143,0.1845,0.0,1.0,0.0,0.0,1036.8899999999999,562.0,Локальный защитный выход 2.0N,361.3631009140331,0.005599999999999938,long,Turtle 20,2026-03-17 09:55:21,D:\GIT\okx-trading-bot\v08x\085\085_4\logs\trade_context\20260317_095521_THETA-USDT-SWAP_long_trade.json,20260317_094442_THETA-USDT-SWAP_long,0.1845,1
0.06079,локальный_защитный_выход_2.0n,638,0.00015949999999999957,D:\GIT\okx-trading-bot\v08x\085\085_4\logs\entry_context\20260317_094438_MINA-USDT-SWAP_long.json,0.0609440882438318,0.0609,0.0609440882438318,0.0606250882438318,MINA-USDT-SWAP,0.00046409,0.761498,1.454822,0.00116591,1.913084,3.654896,0.06098,0.4463299999972615,1.0,-0.7594200000027491,-0.07234211734435433,1049.7619200000029,17225.0,Локальный защитный выход 2.0N,361.3779442720653,0.00031899999999999913,long,Turtle 20,2026-03-17 09:55:16,D:\GIT\okx-trading-bot\v08x\085\085_4\logs\trade_context\20260317_095516_MINA-USDT-SWAP_long_trade.json,20260317_094438_MINA-USDT-SWAP_long,0.06087,1
2675.0,локальный_защитный_выход_2.0n,894,23.849999999999977,D:\GIT\okx-trading-bot\v08x\085\085_4\logs\entry_context\20260317_093514_YFI-USDT-SWAP_long.json,2712.610631229236,2686.4,2712.610631229236,2664.910631229236,YFI-USDT-SWAP,52.61063123,1.939483,1.102948,216.18936877,7.96979,4.532272,2712.610631229236,0.0,1.0,-9.467279999999967,-0.966251142994241,979.7949600000001,3612.0,Локальный защитный выход 2.0N,362.4731959080496,0.004769999999999996,long,Turtle 20,2026-03-17 09:50:08,D:\GIT\okx-trading-bot\v08x\085\085_4\logs\trade_context\20260317_095008_YFI-USDT-SWAP_long_trade.json,20260317_093513_YFI-USDT-SWAP_long,2686.4,1
0.935,локальный_защитный_выход_2.0n,415,0.0009999999999999731,D:\GIT\okx-trading-bot\v08x\085\085_4\logs\entry_context\20260317_094103_QTUM-USDT-SWAP_long.json,0.9429834101382489,0.934,0.940983410138249,0.940983410138249,QTUM-USDT-SWAP,0.03198341,3.391726,15.991705,0.00101659,0.107806,0.508295,0.943,0.0,1.0,-9.747000000000037,-0.9526583438972528,1023.1370000000001,1085.0,Локальный защитный выход 2.0N,362.3895809346613,0.0019999999999999463,long,Turtle 20,2026-03-17 09:47:58,D:\GIT\okx-trading-bot\v08x\085\085_4\logs\trade_context\20260317_094758_QTUM-USDT-SWAP_long_trade.json,20260317_094102_QTUM-USDT-SWAP_long,0.934,1
0.1838,локальный_защитный_выход_2.0n,176,0.00027999999999999694,D:\GIT\okx-trading-bot\v08x\085\085_4\logs\entry_context\20260317_094107_THETA-USDT-SWAP_long.json,0.1855,0.1846,0.18494,0.18494,THETA-USDT-SWAP,0.0027,1.455526,4.821429,0.0608,32.77628,108.571429,0.1855,0.0,1.0,-4.932000000000065,-0.48517520215634063,1016.54,548.0,Локальный защитный выход 2.0N,362.3955519899501,0.005599999999999938,long,Turtle 20,2026-03-17 09:44:04,D:\GIT\okx-trading-bot\v08x\085\085_4\logs\trade_context\20260317_094404_THETA-USDT-SWAP_long_trade.json,20260317_094107_THETA-USDT-SWAP_long,0.1846,1
0.1668,локальный_защитный_выход_2.0n,455,0.00024999999999999746,D:\GIT\okx-trading-bot\v08x\085\085_4\logs\entry_context\20260317_093612_MET-USDT-SWAP_long.json,0.1685,0.1678,0.168,0.168,MET-USDT-SWAP,0.002,1.186944,4.0,0.0023,1.364985,4.6,0.1685,0.0,1.0,-4.284000000000038,-0.4154302670623182,1031.22,612.0,Локальный защитный выход 2.0N,362.474652021392,0.004999999999999949,long,Turtle 20,2026-03-17 09:43:48,D:\GIT\okx-trading-bot\v08x\085\085_4\logs\trade_context\20260317_094348_MET-USDT-SWAP_long_trade.json,20260317_093611_MET-USDT-SWAP_long,0.1678,1
2.367,локальный_защитный_выход_2.0n,862,0.004749999999999898,D:\GIT\okx-trading-bot\v08x\085\085_4\logs\entry_context\20260317_092556_LPT-USDT-SWAP_long.json,2.3849818442427138,2.381,2.3849818442427138,2.375481844242714,LPT-USDT-SWAP,0.71898184,30.146219,75.682299,0.00301816,0.126548,0.317701,2.3849818442427138,0.0,1.0,-1.666800000000069,-0.16695490795143975,998.3534,4186.0,Локальный защитный выход 2.0N,362.42196911529703,0.0009499999999999797,long,Turtle 20,2026-03-17 09:40:19,D:\GIT\okx-trading-bot\v08x\085\085_4\logs\trade_context\20260317_094019_LPT-USDT-SWAP_long_trade.json,20260317_092555_LPT-USDT-SWAP_long,2.38,1
119.54,локальный_защитный_выход_2.0n,862,0.3004999999999988,D:\GIT\okx-trading-bot\v08x\085\085_4\logs\entry_context\20260317_092551_AAVE-USDT-SWAP_long.json,120.55,120.4,120.55,119.949,AAVE-USDT-SWAP,4.91,4.072999,8.169717,3.31,2.745749,5.507488,120.65,1.0881000000000811,1.0,-1.2554999999999288,-0.12442969722106303,1009.0035,83.7,Локальный защитный выход 2.0N,362.42422647403043,0.060099999999999765,long,Turtle 20,2026-03-17 09:40:14,D:\GIT\okx-trading-bot\v08x\085\085_4\logs\trade_context\20260317_094014_AAVE-USDT-SWAP_long_trade.json,20260317_092551_AAVE-USDT-SWAP_long,120.37,1
0.4668,локальный_защитный_выход_2.0n,882,0.0008449999999999985,D:\GIT\okx-trading-bot\v08x\085\085_4\logs\entry_context\20260317_092048_MASK-USDT-SWAP_long.json,0.4694,0.4694,0.4694,0.46770999999999996,MASK-USDT-SWAP,0.0044,0.937367,2.60355,0.1534,32.680017,90.769231,0.4694,1.9242000000000254,1.0,0.0,0.0,1003.5772,2138.0,Локальный защитный выход 2.0N,362.2238974469807,0.001689999999999997,long,Turtle 20,2026-03-17 09:35:31,D:\GIT\okx-trading-bot\v08x\085\085_4\logs\trade_context\20260317_093531_MASK-USDT-SWAP_long_trade.json,20260317_092047_MASK-USDT-SWAP_long,0.4694,1
2.794,локальный_защитный_выход_2.0n,1202,0.003449999999999931,D:\GIT\okx-trading-bot\v08x\085\085_4\logs\entry_context\20260317_091523_NEO-USDT-SWAP_long.json,2.803,2.806,2.80758,2.7961,NEO-USDT-SWAP,0.035,1.248662,5.072464,0.797,28.433821,115.507246,2.809,4.666999999999964,1.0,0.7180000000002398,0.017822135091789947,4027.0226666666667,1436.0,Локальный защитный выход 2.0N,362.66634390073347,0.006899999999999862,long,Turtle 20,2026-03-17 09:35:26,D:\GIT\okx-trading-bot\v08x\085\085_4\logs\trade_context\20260317_093526_NEO-USDT-SWAP_long_trade.json,20260317_091522_NEO-USDT-SWAP_long,2.803,4
0.1836,локальный_защитный_выход_2.0n,428,0.0002999999999999947,D:\GIT\okx-trading-bot\v08x\085\085_4\logs\entry_context\20260317_092052_THETA-USDT-SWAP_long.json,0.1849,0.1852,0.18533700000000009,0.18430000000000002,THETA-USDT-SWAP,0.0021,1.135749,3.5,0.0614,33.207139,102.333333,0.1853,1.0759999999989855,1.0,1.0759999999980896,0.02700513097483727,3982.4553333333342,2152.0,Локальный защитный выход 2.0N,362.24581539596716,0.005999999999999894,long,Turtle 20,2026-03-17 09:28:00,D:\GIT\okx-trading-bot\v08x\085\085_4\logs\trade_context\20260317_092800_THETA-USDT-SWAP_long_trade.json,20260317_092052_THETA-USDT-SWAP_long,0.1849,4
0.02946,локальный_защитный_выход_2.0n,999,3.849999999999982e-05,D:\GIT\okx-trading-bot\v08x\085\085_4\logs\entry_context\20260317_090602_LRC-USDT-SWAP_long.json,0.02953,0.02952,0.029611142987805077,0.029453,LRC-USDT-SWAP,0.00023,0.778869,2.987013,0.00034,1.151371,4.415584,0.02963,4.289999999971464,1.0,-10.14200000002845,-0.237491512641292,4266.723633333348,14432.0,Локальный защитный выход 2.0N,362.0776030732837,0.0007699999999999964,long,Turtle 20,2026-03-17 09:22:41,D:\GIT\okx-trading-bot\v08x\085\085_4\logs\trade_context\20260317_092241_LRC-USDT-SWAP_long_trade.json,20260317_090602_LRC-USDT-SWAP_long,0.02952,4
82.46,локальный_защитный_выход_2.0n,506,0.18549999999999828,D:\GIT\okx-trading-bot\v08x\085\085_4\logs\entry_context\20260317_091056_XAG-USDT-SWAP_short.json,80.76,80.74,80.6589664034201,81.131,XAG-USDT-SWAP,1.7,2.105002,4.58221,0.11,0.136206,0.296496,80.9,1.8465999999998202,1.0,-1.9537999999998863,-0.061191483177819424,3194.494333333333,3957.0,Локальный защитный выход 2.0N,362.0547234353239,0.0037099999999999655,short,Turtle 55,2026-03-17 09:19:22,D:\GIT\okx-trading-bot\v08x\085\085_4\logs\trade_context\20260317_091922_XAG-USDT-SWAP_short_trade.json,20260317_091056_XAG-USDT-SWAP_short,80.59,3
0.01158,локальный_защитный_выход_2.0n,854,0.00021999999999999987,D:\GIT\okx-trading-bot\v08x\085\085_4\logs\entry_context\20260317_085601_GMT-USDT-SWAP_long.json,0.0117299892636665,0.01159,0.0117299892636665,0.0112899892636665,GMT-USDT-SWAP,0.00351999,30.008461,7.999976,4.001e-05,0.341098,0.090933,0.01173,0.0,1.0,-12.51728000000378,-1.19343045010378,1048.8487200000038,89416.0,Локальный защитный выход 2.0N,362.89862655393483,0.00043999999999999974,long,Turtle 55,2026-03-17 09:10:16,D:\GIT\okx-trading-bot\v08x\085\085_4\logs\trade_context\20260317_091016_GMT-USDT-SWAP_long_trade.json,20260317_085600_GMT-USDT-SWAP_long,0.01159,1
402.93,локальный_защитный_выход_2.0n,861,1.926000000000002,D:\GIT\okx-trading-bot\v08x\085\085_4\logs\entry_context\20260317_085102_TSLA-USDT-SWAP_short.json,391.1787931034483,394.15,387.71011029411767,395.03079310344833,TSLA-USDT-SWAP,34.1712069,8.735445,8.87103,4.4087931,1.127053,1.144546,394.59,0.0,1.0,-17.51649999999988,-1.661006389799068,226.88370000000003,272.0,Локальный защитный выход 2.0N,362.84763301254503,0.03852000000000004,short,Turtle 55,2026-03-17 09:05:23,D:\GIT\okx-trading-bot\v08x\085\085_4\logs\trade_context\20260317_090523_TSLA-USDT-SWAP_short_trade.json,20260317_085102_TSLA-USDT-SWAP_short,391.1787931034483,1
82.4,локальный_защитный_выход_2.0n,565,0.17099999999999937,D:\GIT\okx-trading-bot\v08x\085\085_4\logs\entry_context\20260317_085517_XAG-USDT-SWAP_short.json,81.19,80.92,80.83541380625476,81.532,XAG-USDT-SWAP,1.27,1.564232,3.71345,0.06,0.073901,0.175439,81.21,5.5760000000001435,1.0,-0.1924000000000126,-0.004534257731168963,4249.223266666667,5244.0,Локальный защитный выход 2.0N,362.91370285995504,0.0034199999999999877,short,Turtle 20,2026-03-17 09:04:42,D:\GIT\okx-trading-bot\v08x\085\085_4\logs\trade_context\20260317_090442_XAG-USDT-SWAP_short_trade.json,20260317_085516_XAG-USDT-SWAP_short,80.75,4
9.971,локальный_защитный_выход_2.0n,889,0.26959999999999995,D:\GIT\okx-trading-bot\v08x\085\085_4\logs\entry_context\20260317_084550_LINK-USDT-SWAP_short.json,9.705004498830304,9.728,9.705004498830304,10.244204498830303,LINK-USDT-SWAP,3.2299955,33.281752,5.990348,0.0210045,0.21643,0.038955,9.804,0.0,1.0,-2.555719999999996,-0.23694477599126695,1078.6142,111.14,Локальный защитный выход 2.0N,363.7049327599619,0.5391999999999999,short,Turtle 55,2026-03-17 09:00:40,D:\GIT\okx-trading-bot\v08x\085\085_4\logs\trade_context\20260317_090040_LINK-USDT-SWAP_short_trade.json,20260317_084550_LINK-USDT-SWAP_short,9.692,1
424.01,локальный_защитный_выход_2.0n,14,1.926000000000002,D:\GIT\okx-trading-bot\v08x\085\085_4\logs\entry_context\20260317_085011_TSLA-USDT-SWAP_short.json,389.38395604395606,394.59,393.2359560439561,393.2359560439561,TSLA-USDT-SWAP,35.96604396,9.236653,9.336979,0.0,0.0,0.0,394.59,0.0,1.0,-14.212499999999885,-1.3369949827763894,1063.0182,273.0,Локальный защитный выход 2.0N,363.5131791746603,0.03852000000000004,short,Turtle 55,2026-03-17 08:50:25,D:\GIT\okx-trading-bot\v08x\085\085_4\logs\trade_context\20260317_085025_TSLA-USDT-SWAP_short_trade.json,20260317_085011_TSLA-USDT-SWAP_short,389.38395604395606,1
0.2967,локальный_защитный_выход_2.0n,832,0.00010499999999999954,D:\GIT\okx-trading-bot\v08x\085\085_4\logs\entry_context\20260317_082145_TRX-USDT-SWAP_short.json,0.2964,0.2962,0.2962,0.29661,TRX-USDT-SWAP,0.0009,0.303644,4.285714,0.0009,0.303644,4.285714,0.2964,0.7280000000027487,1.0,0.0,0.0,3235.596000000002,3.64,Локальный защитный выход 2.0N,362.97182327694,0.20999999999999908,short,Turtle 20,2026-03-17 08:35:37,D:\GIT\okx-trading-bot\v08x\085\085_4\logs\trade_context\20260317_083537_TRX-USDT-SWAP_short_trade.json,20260317_082145_TRX-USDT-SWAP_short,0.2962,3
0.2969,локальный_защитный_выход_2.0n,46,0.00010499999999999954,D:\GIT\okx-trading-bot\v08x\085\085_4\logs\entry_context\20260317_082023_TRX-USDT-SWAP_short.json,0.2963766483516485,0.2964,0.29637723626373635,0.2965866483516485,TRX-USDT-SWAP,0.00092335,0.311547,4.396913,0.00087665,0.295789,4.174516,0.2964,0.0,1.0,-0.0849999999992157,-0.003939367115146573,2157.6645000000008,7.28,Локальный защитный выход 2.0N,362.9747673656603,0.20999999999999908,short,Turtle 20,2026-03-17 08:21:09,D:\GIT\okx-trading-bot\v08x\085\085_4\logs\trade_context\20260317_082109_TRX-USDT-SWAP_short_trade.json,20260317_082022_TRX-USDT-SWAP_short,0.2963,2
81.29,локальный_защитный_выход_2.0n,629,0.1269999999999989,D:\GIT\okx-trading-bot\v08x\085\085_4\logs\entry_context\20260317_080013_XAG-USDT-SWAP_long.json,82.44,82.11,82.186,82.186,XAG-USDT-SWAP,1.58,1.916545,6.220472,0.02,0.02426,0.07874,82.44,0.0,1.0,-4.243799999999978,-0.4002911208151362,1060.1784,1286.0,Локальный защитный выход 2.0N,364.61992124364014,0.002539999999999978,long,Turtle 55,2026-03-17 08:10:42,D:\GIT\okx-trading-bot\v08x\085\085_4\logs\trade_context\20260317_081042_XAG-USDT-SWAP_long_trade.json,20260317_080013_XAG-USDT-SWAP_long,82.11,1
0.3982,локальный_защитный_выход_2.0n,37,0.019345000000000005,,0.2999754447294974,0.3428,0.3386654447294974,0.3386654447294974,ETHW-USDT-SWAP,0.10692456,35.644436,2.763623,0.00017544,0.058486,0.004535,0.3428,0.0,0.0,-73.11864566885616,-14.27602026196498,0.0,17074.0,Локальный защитный выход 2.0N,0.0,0.0,short,Turtle 20,2026-03-17 08:09:22,D:\GIT\okx-trading-bot\v08x\085\085_4\logs\trade_context\20260317_080922_ETHW-USDT-SWAP_short_trade.json,20260317_080844_ETHW-USDT-SWAP_short,0.2999754447294974,1
0.3995,локальный_защитный_выход_2.0n,790,0.018690000000000005,D:\GIT\okx-trading-bot\v08x\085\085_4\logs\entry_context\20260317_075524_ETHW-USDT-SWAP_short.json,0.3005963570127507,0.3388,0.33797635701275075,0.33797635701275075,ETHW-USDT-SWAP,0.10740364,35.730188,2.873292,0.00079636,0.264926,0.021304,0.3388,0.0,1.0,-137.71457999999978,-12.942577785162587,115.5191800000001,35471.0,Локальный защитный выход 2.0N,365.6335297925387,0.0037380000000000013,short,Turtle 55,2026-03-17 08:08:34,D:\GIT\okx-trading-bot\v08x\085\085_4\logs\trade_context\20260317_080834_ETHW-USDT-SWAP_short_trade.json,20260317_075524_ETHW-USDT-SWAP_short,0.3,1
0.0858,локальный_защитный_выход_2.0n,850,0.007792,D:\GIT\okx-trading-bot\v08x\085\085_4\logs\entry_context\20260317_074610_MAGIC-USDT-SWAP_short.json,0.0657386455143659,0.06777,0.0657386455143659,0.0813226455143659,MAGIC-USDT-SWAP,0.02136135,32.494364,1.370723,0.00073865,1.123609,0.047398,0.06931,0.0,1.0,-31.179259999997825,-3.090046151301047,1009.0224700000022,15349.0,Локальный защитный выход 2.0N,366.0451851868503,0.015584,short,Turtle 55,2026-03-17 08:00:21,D:\GIT\okx-trading-bot\v08x\085\085_4\logs\trade_context\20260317_080021_MAGIC-USDT-SWAP_short_trade.json,20260317_074610_MAGIC-USDT-SWAP_short,0.0657386455143659,1
0.942,локальный_защитный_выход_2.0n,916,0.002899999999999986,D:\GIT\okx-trading-bot\v08x\085\085_4\logs\entry_context\20260317_074015_QTUM-USDT-SWAP_short.json,0.9262617021276597,0.931,0.9262617021276597,0.9320617021276596,QTUM-USDT-SWAP,0.0437383,4.722024,7.541086,0.0152617,1.647666,2.631328,0.931,0.0,1.0,-4.453999999999947,-0.5115506623512893,870.6860000000001,940.0,Локальный защитный выход 2.0N,367.95319896730115,0.005799999999999972,short,Turtle 55,2026-03-17 07:55:32,D:\GIT\okx-trading-bot\v08x\085\085_4\logs\trade_context\20260317_075532_QTUM-USDT-SWAP_short_trade.json,20260317_074015_QTUM-USDT-SWAP_short,0.9262617021276597,1
75634.2,локальный_защитный_выход_2.0n,823,849.4450000000012,D:\GIT\okx-trading-bot\v08x\085\085_4\logs\entry_context\20260317_073658_BTC-USDT-SWAP_short.json,74237.90727272727,74525.0,74237.90727272727,75936.79727272727,BTC-USDT-SWAP,1962.09272727,2.64298,1.154926,375.20727273,0.505412,0.220854,74525.0,1.3904799999999962,1.0,-3.158020000000004,-0.38671985488227345,816.61698,1.1,Локальный защитный выход 2.0N,368.9561545038748,16.988900000000022,short,Turtle 20,2026-03-17 07:50:42,D:\GIT\okx-trading-bot\v08x\085\085_4\logs\trade_context\20260317_075042_BTC-USDT-SWAP_short_trade.json,20260317_073658_BTC-USDT-SWAP_short,74149.5,1
0.6228,локальный_защитный_выход_2.0n,830,0.008150000000000004,D:\GIT\okx-trading-bot\v08x\085\085_4\logs\entry_context\20260317_073647_MASK-USDT-SWAP_short.json,0.4666,0.4673,0.4666,0.4829,MASK-USDT-SWAP,0.1562,33.476211,9.582822,0.0016,0.342906,0.09816,0.4673,1.949199999999982,1.0,-1.2403999999999618,-0.15002143163308582,826.8152,1772.0,Локальный защитный выход 2.0N,369.2253562632862,0.01630000000000001,short,Turtle 55,2026-03-17 07:50:37,D:\GIT\okx-trading-bot\v08x\085\085_4\logs\trade_context\20260317_075037_MASK-USDT-SWAP_short_trade.json,20260317_073647_MASK-USDT-SWAP_short,0.465,1
483.0,локальный_защитный_выход_2.0n,829,1.555000000000004,D:\GIT\okx-trading-bot\v08x\085\085_4\logs\entry_context\20260317_073643_BCH-USDT-SWAP_short.json,472.0,472.8,472.0,475.11,BCH-USDT-SWAP,11.0,2.330508,3.536977,0.6,0.127119,0.192926,472.8,1.23969999999998,1.0,-1.4168000000000203,-0.16949152542373122,835.9120000000001,17.71,Локальный защитный выход 2.0N,369.22909311011915,0.31100000000000083,short,Turtle 55,2026-03-17 07:50:32,D:\GIT\okx-trading-bot\v08x\085\085_4\logs\trade_context\20260317_075032_BCH-USDT-SWAP_short_trade.json,20260317_073643_BCH-USDT-SWAP_short,471.4,1
3.6,локальный_защитный_выход_2.0n,833,0.04179999999999999,D:\GIT\okx-trading-bot\v08x\085\085_4\logs\entry_context\20260317_073634_NEO-USDT-SWAP_short.json,2.772,2.775,2.772,2.8556,NEO-USDT-SWAP,0.828,29.87013,9.904306,0.004,0.1443,0.047847,2.775,0.6139999999999324,1.0,-0.9210000000000349,-0.10822510822511235,851.0039999999999,307.0,Локальный защитный выход 2.0N,369.10487932811924,0.08359999999999998,short,Turtle 55,2026-03-17 07:50:27,D:\GIT\okx-trading-bot\v08x\085\085_4\logs\trade_context\20260317_075027_NEO-USDT-SWAP_short_trade.json,20260317_073634_NEO-USDT-SWAP_short,2.768,1
0.7556,локальный_защитный_выход_2.0n,832,0.009255000000000013,D:\GIT\okx-trading-bot\v08x\085\085_4\logs\entry_context\20260317_073630_ETHFI-USDT-SWAP_short.json,0.5728,0.5752,0.5728,0.59131,ETHFI-USDT-SWAP,0.189,32.99581,10.210697,0.0017,0.296788,0.091842,0.5752,1.052799999999884,1.0,-3.6096000000001034,-0.4189944134078333,861.4911999999999,1504.0,Локальный защитный выход 2.0N,369.1355139094534,0.018510000000000026,short,Turtle 55,2026-03-17 07:50:23,D:\GIT\okx-trading-bot\v08x\085\085_4\logs\trade_context\20260317_075023_ETHFI-USDT-SWAP_short_trade.json,20260317_073629_ETHFI-USDT-SWAP_short,0.5711,1
0.3404,локальный_защитный_выход_2.0n,598,0.015905,D:\GIT\okx-trading-bot\v08x\085\085_4\logs\entry_context\20260317_073841_LDO-USDT-SWAP_short.json,0.337,0.3362,0.33205475,0.36881,LDO-USDT-SWAP,0.0071,2.106825,0.2232,0.0216,6.409496,0.679032,0.337,42.349999999999916,1.0,-16.837999999999326,-0.9189733782613687,2710.125,5500.0,Локальный защитный выход 2.0N,368.8763003023206,0.03181,short,Turtle 20,2026-03-17 07:48:39,D:\GIT\okx-trading-bot\v08x\085\085_4\logs\trade_context\20260317_074839_LDO-USDT-SWAP_short_trade.json,20260317_073840_LDO-USDT-SWAP_short,0.3198,3
0.06152,локальный_защитный_выход_2.0n,1081,0.000196,D:\GIT\okx-trading-bot\v08x\085\085_4\logs\entry_context\20260317_072551_MINA-USDT-SWAP_short.json,0.0609900036335009,0.06076,0.06055507099557942,0.061382003633500895,MINA-USDT-SWAP,0.00215,3.525162,5.484685,0.00093,1.524846,2.372458,0.06125,11.973880000008627,1.0,-6.845259999985887,-0.17085496014108584,4015.3941233333444,66052.0,Локальный защитный выход 2.0N,370.1120033611497,0.000392,short,Turtle 20,2026-03-17 07:43:52,D:\GIT\okx-trading-bot\v08x\085\085_4\logs\trade_context\20260317_074352_MINA-USDT-SWAP_short_trade.json,20260317_072551_MINA-USDT-SWAP_short,0.06051,4
0.02979,локальный_защитный_выход_2.0n,1993,5.499999999999967e-05,D:\GIT\okx-trading-bot\v08x\085\085_4\logs\entry_context\20260317_071032_LRC-USDT-SWAP_short.json,0.02964,0.02947,0.0294022,0.02975,LRC-USDT-SWAP,0.00128,4.318489,11.636364,0.00105,3.54251,9.545455,0.02968,25.112100000034783,1.0,2.2089000000348316,0.05887304533866316,3762.138541666686,12724.0,Локальный защитный выход 2.0N,392.01366471164044,0.0010999999999999933,short,Turtle 20,2026-03-17 07:43:46,D:\GIT\okx-trading-bot\v08x\085\085_4\logs\trade_context\20260317_074346_LRC-USDT-SWAP_short_trade.json,20260317_071032_LRC-USDT-SWAP_short,0.02932,4
123.86,локальный_защитный_выход_2.0n,808,0.368,D:\GIT\okx-trading-bot\v08x\085\085_4\logs\entry_context\20260317_072903_AAVE-USDT-SWAP_short.json,120.21440446650124,119.68,119.36447006823823,120.95040446650124,AAVE-USDT-SWAP,8.00559553,6.659431,10.877168,4.57440447,3.805205,6.215223,120.34,5.944299999999739,1.0,4.009899999999666,0.10381636668812863,3869.2364583333333,322.4,Локальный защитный выход 2.0N,369.86945952333855,0.0736,short,Turtle 20,2026-03-17 07:42:31,D:\GIT\okx-trading-bot\v08x\085\085_4\logs\trade_context\20260317_074231_AAVE-USDT-SWAP_short_trade.json,20260317_072903_AAVE-USDT-SWAP_short,119.41,4
81.13,локальный_защитный_выход_2.0n,432,0.1019999999999996,D:\GIT\okx-trading-bot\v08x\085\085_4\logs\entry_context\20260317_073028_XAG-USDT-SWAP_long.json,82.04830820770519,82.21,82.2397610762144,81.8443082077052,XAG-USDT-SWAP,1.69830821,2.069888,8.32504,0.25169179,0.30676,1.233783,82.3,1.8775000000004138,1.0,0.9222999999999252,0.0234955313017751,3922.723341666667,4776.0,Локальный защитный выход 2.0N,369.2872318539606,0.0020399999999999923,long,Turtle 55,2026-03-17 07:37:41,D:\GIT\okx-trading-bot\v08x\085\085_4\logs\trade_context\20260317_073741_XAG-USDT-SWAP_long_trade.json,20260317_073028_XAG-USDT-SWAP_long,82.04830820770519,4
425.35,rotation_block,989,1.7150000000000005,D:\GIT\okx-trading-bot\v08x\085\085_4\logs\entry_context\20260317_072027_TSLA-USDT-SWAP_short.json,394.9153333333333,394.78,394.9008455882353,398.3453333333333,TSLA-USDT-SWAP,30.43466667,7.706631,8.873081,0.13533333,0.034269,0.039456,394.95,0.2199000000000706,1.0,0.3287000000001262,0.03060150151244465,59.2373,272.0,Ротация под новый сигнал BTC-USDT-SWAP,370.3607339466197,0.03430000000000001,short,Turtle 55,2026-03-17 07:36:56,D:\GIT\okx-trading-bot\v08x\085\085_4\logs\trade_context\20260317_073656_TSLA-USDT-SWAP_short_trade.json,20260317_072027_TSLA-USDT-SWAP_short,394.78,1
0.00821,локальный_защитный_выход_2.0n,878,0.0002475,D:\GIT\okx-trading-bot\v08x\085\085_4\logs\entry_context\20260317_072041_GMT-USDT-SWAP_long.json,0.01169,0.01158,0.01169,0.011195,GMT-USDT-SWAP,0.00348,29.769033,7.030303,4e-05,0.342173,0.080808,0.01172,0.0,1.0,-9.879980000000065,-0.9409751924722046,1049.97242,89818.0,Локальный защитный выход 2.0N,370.30365858639556,0.000495,long,Turtle 55,2026-03-17 07:35:19,D:\GIT\okx-trading-bot\v08x\085\085_4\logs\trade_context\20260317_073519_GMT-USDT-SWAP_long_trade.json,20260317_072040_GMT-USDT-SWAP_long,0.01158,1
0.3988,локальный_защитный_выход_2.0n,165,0.009255000000000008,,0.3666625121568041,0.3756,0.3657435376287763,0.3657435376287763,ETHW-USDT-SWAP,0.04283749,11.683084,46.614445,0.02426251,6.617124,26.401724,0.3756,2.857179999999954,0.0,-11.946739999999918,-2.437524302831845,0.0,13367.0,Локальный защитный выход 2.0N,0.0,0.0,short,Turtle 20,2026-03-17 07:32:46,D:\GIT\okx-trading-bot\v08x\085\085_4\logs\trade_context\20260317_073246_ETHW-USDT-SWAP_short_trade.json,20260317_073000_ETHW-USDT-SWAP_short,0.3483435376287763,1
737.9,защита_тренда:_откат_от_пика_27.01r_→_24.73r,234,1.9100000000000137,D:\GIT\okx-trading-bot\v08x\085\085_4\logs\entry_context\20260317_072556_BNB-USDT-SWAP_short.json,720.9481751824818,720.6,724.7681751824819,724.7681751824819,BNB-USDT-SWAP,17.45182482,2.420677,4.568541,4.04817518,0.561507,1.059732,722.8,0.0,1.0,5.951000000000004,0.599190674736426,987.6990000000001,137.0,Защита тренда: откат от пика 27.01R → 24.73R,370.11006936348144,0.038200000000000275,short,Turtle 20,2026-03-17 07:29:51,D:\GIT\okx-trading-bot\v08x\085\085_4\logs\trade_context\20260317_072951_BNB-USDT-SWAP_short_trade.json,20260317_072556_BNB-USDT-SWAP_short,720.2,1
0.4053,stopout_cooldown,230,0.008700000000000008,D:\GIT\okx-trading-bot\v08x\085\085_4\logs\entry_context\20260317_072547_ETHW-USDT-SWAP_short.json,0.3483435376287763,0.3664,0.3657435376287763,0.3657435376287763,ETHW-USDT-SWAP,0.06115646,17.556365,3.514739,0.00594354,1.706229,0.341583,0.3664,0.0,1.0,-51.704679999999115,-5.183521558670677,997.4817200000009,28635.0,ATR стоп 2.0N,370.2924970121759,0.0017400000000000017,short,Turtle 55,2026-03-17 07:29:37,D:\GIT\okx-trading-bot\v08x\085\085_4\logs\trade_context\20260317_072937_ETHW-USDT-SWAP_short_trade.json,20260317_072547_ETHW-USDT-SWAP_short,0.3483435376287763,1
121.5,локальный_защитный_выход_2.0n,148,0.368,D:\GIT\okx-trading-bot\v08x\085\085_4\logs\entry_context\20260317_072600_AAVE-USDT-SWAP_short.json,121.64111383108936,120.4,118.61,122.37711383108936,AAVE-USDT-SWAP,6.57888617,5.40844,8.938704,5.27111383,4.333332,7.161839,121.64111383108936,18.478899999999985,1.0,-21.063900000000046,-1.0822690208630152,1966.9439500000003,163.4,Локальный защитный выход 2.0N,370.08188502297673,0.0736,short,Turtle 20,2026-03-17 07:28:28,D:\GIT\okx-trading-bot\v08x\085\085_4\logs\trade_context\20260317_072828_AAVE-USDT-SWAP_short_trade.json,20260317_072600_AAVE-USDT-SWAP_short,118.15,2
1.2324,локальный_защитный_выход_2.0n,1072,0.002589999999999981,,1.2374126254180604,1.232,1.2374126254180604,1.2320626254180604,AXS-USDT-SWAP,0.00501263,0.405089,0.936939,0.03678737,2.972927,6.876145,1.2377,0.0,0.0,-16.831100000000696,-0.4374147561515114,0.0,31096.0,Локальный защитный выход 2.0N,0.0,0.0,long,Turtle 20,2026-03-17 07:19:43,D:\GIT\okx-trading-bot\v08x\085\085_4\logs\trade_context\20260317_071943_AXS-USDT-SWAP_long_trade.json,20260317_070150_AXS-USDT-SWAP_long,1.232,1
0.2959,локальный_защитный_выход_2.0n,1406,0.00011500000000000399,D:\GIT\okx-trading-bot\v08x\085\085_4\logs\entry_context\20260317_065607_TRX-USDT-SWAP_long.json,0.2970035587188615,0.297,0.297162,0.2967735587188615,TRX-USDT-SWAP,0.00200356,0.674591,8.711125,9.644e-05,0.032471,0.41931,0.2973,0.2579999999930754,1.0,-1.147000000008174,-0.0343472098658893,3338.7262500000056,11.24,Локальный защитный выход 2.0N,391.49648452539856,0.23000000000000798,long,Turtle 55,2026-03-17 07:19:33,D:\GIT\okx-trading-bot\v08x\085\085_4\logs\trade_context\20260317_071933_TRX-USDT-SWAP_long_trade.json,20260317_065607_TRX-USDT-SWAP_long,0.2969838078291817,4
6.91e-06,локальный_защитный_выход_2.0n,43,9.349999999999996e-08,,8.0209364443e-06,7.49e-06,7.8339364443e-06,7.8339364443e-06,SHIB-USDT-SWAP,1.11e-06,13.850458,5.940837,3e-08,0.362346,0.15542,8.0209364443e-06,0.0,0.0,-503.32774919640036,-6.61938226274446,0.0,948.0,Локальный защитный выход 2.0N,0.0,0.0,long,Turtle 20,2026-03-17 07:18:53,D:\GIT\okx-trading-bot\v08x\085\085_4\logs\trade_context\20260317_071853_SHIB-USDT-SWAP_long_trade.json,20260317_071810_SHIB-USDT-SWAP_long,7.49e-06,1
2300.0,stopout_cooldown,395,13.742499999999996,,2364.26226056338,2366.03,2368.5981757042255,2302.379,ETH-USDT-SWAP,64.26226056,2.718068,1.038443,83.73773944,3.541813,1.353157,2377.5,21.019889999999858,0.0,2.510190000000548,0.07476917709623593,2511.4367775,14.2,ATR стоп 2.0N,0.0,0.0,long,Turtle 20,2026-03-17 07:08:25,D:\GIT\okx-trading-bot\v08x\085\085_4\logs\trade_context\20260317_070825_ETH-USDT-SWAP_long_trade.json,20260317_070150_ETH-USDT-SWAP_long,2324.58,4
0.0821,локальный_защитный_выход_2.0n,48,0.0005300000000000006,,0.0768537933431828,0.08,0.07791379334318281,0.07791379334318281,CELO-USDT-SWAP,0.00524621,6.826217,4.949252,0.00055379,0.72058,0.522447,0.08,0.0,0.0,-36.20339999999548,-4.093755844644038,0.0,11507.0,Локальный защитный выход 2.0N,0.0,0.0,short,Turtle 20,2026-03-17 07:06:50,D:\GIT\okx-trading-bot\v08x\085\085_4\logs\trade_context\20260317_070650_CELO-USDT-SWAP_short_trade.json,20260317_070602_CELO-USDT-SWAP_short,0.0768537933431828,1
0.0763,stopout_cooldown,767,0.0005300000000000006,,0.080414956113672,0.0799,0.080414956113672,0.079544956113672,CELO-USDT-SWAP,0.00411496,5.117153,4.729835,0.00168504,2.095436,1.936832,0.080414956113672,0.0,0.0,-5.925600000023697,-0.6403735555660491,0.0,11507.0,ATR стоп 2.0N,0.0,0.0,long,Turtle 20,2026-03-17 07:05:45,D:\GIT\okx-trading-bot\v08x\085\085_4\logs\trade_context\20260317_070545_CELO-USDT-SWAP_long_trade.json,20260317_065258_CELO-USDT-SWAP_long,0.0797,1
0.06562,локальный_защитный_выход_2.0n,59,0.00027850000000000026,,0.06857,0.06585,0.068013,0.068013,IOTA-USDT-SWAP,0.00295,4.302173,5.29623,0.00112,1.633367,2.010772,0.06857,0.0,0.0,-166.8992,-3.966749307277235,0.0,6136.0,Локальный защитный выход 2.0N,0.0,0.0,long,Turtle 20,2026-03-17 07:04:06,D:\GIT\okx-trading-bot\v08x\085\085_4\logs\trade_context\20260317_070406_IOTA-USDT-SWAP_long_trade.json,20260317_070306_IOTA-USDT-SWAP_long,0.06585,1
0.0983,stopout_cooldown,646,0.0002950000000000001,,0.0994659936238046,0.0993,0.09941374043570679,0.098761987247609,HBAR-USDT-SWAP,0.00116599,1.172254,1.656226,0.00193401,1.94439,2.747143,0.0995,3.1619999999987285,0.0,-6.248000000004936,-0.16688479927361646,1871.9500000000025,376.4,ATR стоп 2.0N,0.0,0.0,long,Turtle 20,2026-03-17 07:03:44,D:\GIT\okx-trading-bot\v08x\085\085_4\logs\trade_context\20260317_070344_HBAR-USDT-SWAP_long_trade.json,20260317_065258_HBAR-USDT-SWAP_long,0.099,2
0.977,локальный_защитный_выход_2.0n,722,0.0023500000000000023,D:\GIT\okx-trading-bot\v08x\085\085_4\logs\entry_context\20260317_065033_FIL-USDT-SWAP_short.json,0.967,0.972,0.9717,0.9717,FIL-USDT-SWAP,0.021,2.171665,4.468085,0.004,0.41365,0.851064,0.972,1.7654000000000019,1.0,-4.413500000000004,-0.5170630816959674,853.5708999999999,8827.0,Локальный защитный выход 2.0N,392.18221868200527,0.0004700000000000005,short,Turtle 55,2026-03-17 07:02:35,D:\GIT\okx-trading-bot\v08x\085\085_4\logs\trade_context\20260317_070235_FIL-USDT-SWAP_short_trade.json,20260317_065033_FIL-USDT-SWAP_short,0.966,1
0.06659,stopout_cooldown,2792,0.00030900000000000095,D:\GIT\okx-trading-bot\v08x\085\085_4\logs\entry_context\20260317_061547_IOTA-USDT-SWAP_short.json,0.06646,0.06603,0.06597220000000001,0.06707800000000001,IOTA-USDT-SWAP,0.00323,4.860066,5.226537,0.00154,2.317183,2.491909,0.06646,38.86850000001243,1.0,13.097300000012206,0.3222207327036703,4071.0777083333414,6136.0,ATR стоп 2.0N,396.52620801302356,0.006180000000000019,short,Turtle 20,2026-03-17 07:02:20,D:\GIT\okx-trading-bot\v08x\085\085_4\logs\trade_context\20260317_070220_IOTA-USDT-SWAP_short_trade.json,20260317_061547_IOTA-USDT-SWAP_short,0.06565,4
8.99,локальный_защитный_выход_2.0n,652,0.04800000000000022,D:\GIT\okx-trading-bot\v08x\085\085_4\logs\entry_context\20260317_065042_ETC-USDT-SWAP_short.json,8.78,8.89,8.876,8.876,ETC-USDT-SWAP,0.6,6.833713,6.25,0.09,1.025057,0.9375,8.89,0.0,1.0,-10.450000000000115,-1.2528473804100366,834.0999999999999,9.5,Локальный защитный выход 2.0N,392.1670418722146,0.9600000000000044,short,Turtle 20,2026-03-17 07:01:34,D:\GIT\okx-trading-bot\v08x\085\085_4\logs\trade_context\20260317_070134_ETC-USDT-SWAP_short_trade.json,20260317_065042_ETC-USDT-SWAP_short,8.78,1
0.1044,stopout_cooldown,873,0.0011349999999999993,D:\GIT\okx-trading-bot\v08x\085\085_4\logs\entry_context\20260317_064648_DOGE-USDT-SWAP_short.json,0.10095,0.10135,0.10095,0.10321999999999999,DOGE-USDT-SWAP,0.00345,3.417533,1.519824,0.00025,0.247647,0.110132,0.10135,0.5761000000000052,1.0,-3.2919999999999803,-0.3962357602773627,830.8185,8.23,ATR стоп 2.0N,392.70798070623215,2.2699999999999987,short,Turtle 55,2026-03-17 07:01:21,D:\GIT\okx-trading-bot\v08x\085\085_4\logs\trade_context\20260317_070121_DOGE-USDT-SWAP_short_trade.json,20260317_064648_DOGE-USDT-SWAP_short,0.1009,1
1.2566,stopout_cooldown,1510,0.0025649999999999727,D:\GIT\okx-trading-bot\v08x\085\085_4\logs\entry_context\20260317_063603_AXS-USDT-SWAP_short.json,1.2406713660921018,1.2363,1.235496,1.2458013660921017,AXS-USDT-SWAP,0.04402863,3.548775,8.58258,0.00827137,0.666685,1.612352,1.2406713660921018,13.815460000000227,1.0,4.79762000000053,0.12463953187525387,3853.240378333334,31096.0,ATR стоп 2.0N,394.41062043369413,0.0005129999999999946,short,Turtle 55,2026-03-17 07:01:14,D:\GIT\okx-trading-bot\v08x\085\085_4\logs\trade_context\20260317_070114_AXS-USDT-SWAP_short_trade.json,20260317_063602_AXS-USDT-SWAP_short,1.2324,4
0.004364,локальный_защитный_выход_2.0n,517,4.09999999999998e-06,,0.004324243122201,0.004345,0.004331843122201,0.004331843122201,ZIL-USDT-SWAP,0.00010176,2.353172,13.389063,5.124e-05,1.185019,6.742516,0.004345,0.0,0.0,-12.977199999934507,-0.480011812759373,0.0,6252.0,Локальный защитный выход 2.0N,0.0,0.0,short,Turtle 20,2026-03-17 07:00:11,D:\GIT\okx-trading-bot\v08x\085\085_4\logs\trade_context\20260317_070011_ZIL-USDT-SWAP_short_trade.json,20260317_065133_ZIL-USDT-SWAP_short,0.004324243122201,1
4.995,stopout_cooldown,1148,0.1101999999999999,D:\GIT\okx-trading-bot\v08x\085\085_4\logs\entry_context\20260317_063558_KSM-USDT-SWAP_short.json,4.731673142302088,4.738,4.731673142302088,4.952073142302088,KSM-USDT-SWAP,0.31432686,6.643038,1.426165,0.01167314,0.246702,0.052963,4.747,1.99169999999986,1.0,-1.3027000000001432,-0.13371290678024547,974.2515,2059.0,ATR стоп 2.0N,394.40783651668573,0.02203999999999998,short,Turtle 55,2026-03-17 06:55:06,D:\GIT\okx-trading-bot\v08x\085\085_4\logs\trade_context\20260317_065506_KSM-USDT-SWAP_short_trade.json,20260317_063558_KSM-USDT-SWAP_short,4.72,1
2378.0,локальный_защитный_выход_2.0n,198,9.275500000000012,D:\GIT\okx-trading-bot\v08x\085\085_4\logs\entry_context\20260317_065038_ETH-USDT-SWAP_short.json,2309.5,2335.0,2328.051,2328.051,ETH-USDT-SWAP,138.5,5.996969,7.465905,0.0,0.0,0.0,2335.0,0.0540000000000328,1.0,-9.18,-1.1041350941762285,831.4200000000001,3.6,Локальный защитный выход 2.0N,392.1870881735856,1.8551000000000024,short,Turtle 55,2026-03-17 06:53:57,D:\GIT\okx-trading-bot\v08x\085\085_4\logs\trade_context\20260317_065357_ETH-USDT-SWAP_short_trade.json,20260317_065037_ETH-USDT-SWAP_short,2309.5,1
0.02987,локальный_защитный_выход_2.0n,425,3.599999999999992e-05,D:\GIT\okx-trading-bot\v08x\085\085_4\logs\entry_context\20260317_064523_LRC-USDT-SWAP_short.json,0.02964,0.02979,0.029712,0.029712,LRC-USDT-SWAP,0.00157,5.296896,21.805556,0.00105,3.54251,14.583333,0.02979,0.0,1.0,-4.243500000000023,-0.5060728744939299,838.5156,2829.0,Локальный защитный выход 2.0N,392.85792961632507,0.0007199999999999984,short,Turtle 20,2026-03-17 06:52:29,D:\GIT\okx-trading-bot\v08x\085\085_4\logs\trade_context\20260317_065229_LRC-USDT-SWAP_short_trade.json,20260317_064522_LRC-USDT-SWAP_short,0.02964,1
0.0821,stopout_cooldown,806,0.0001800000000000017,D:\GIT\okx-trading-bot\v08x\085\085_4\logs\entry_context\20260317_063853_CELO-USDT-SWAP_short.json,0.0796268184583301,0.0797,0.0796268184583301,0.0799868184583301,CELO-USDT-SWAP,0.00247318,3.105966,6.869949,0.00332682,4.178013,9.241162,0.0799,1.4593000000044245,1.0,-0.8420999999954817,-0.09190564571934014,916.2658000000044,11507.0,ATR стоп 2.0N,393.66098214135314,0.0003600000000000034,short,Turtle 20,2026-03-17 06:52:20,D:\GIT\okx-trading-bot\v08x\085\085_4\logs\trade_context\20260317_065220_CELO-USDT-SWAP_short_trade.json,20260317_063852_CELO-USDT-SWAP_short,0.0796,1
0.004331,канальный_выход_20_свечей,204,3.799999999999984e-06,,0.004335,0.004331,0.0043265000000000005,0.0043265000000000005,ZIL-USDT-SWAP,6.2e-05,1.430219,7.294118,9.1e-05,2.099193,10.705882,0.004335,0.0,0.0,-2.500800000000332,-0.09227220299885885,0.0,6252.0,Канальный выход 20 свечей,0.0,0.0,long,Turtle 20,2026-03-17 06:51:17,D:\GIT\okx-trading-bot\v08x\085\085_4\logs\trade_context\20260317_065117_ZIL-USDT-SWAP_long_trade.json,20260317_064753_ZIL-USDT-SWAP_long,0.004331,1
0.2403,stopout_cooldown,737,0.0006850000000000036,D:\GIT\okx-trading-bot\v08x\085\085_4\logs\entry_context\20260317_063620_BAND-USDT-SWAP_short.json,0.2372502171136655,0.2371,0.23666520863488028,0.23862021711366552,BAND-USDT-SWAP,0.00814978,3.4351,5.948747,0.00665022,2.803039,4.854173,0.2379,2.7602000000017384,1.0,-3.8952999999985067,-0.1400761682369154,2783.0602666666687,11745.0,ATR стоп 2.0N,394.43935195067064,0.0013700000000000073,short,Turtle 20,2026-03-17 06:48:37,D:\GIT\okx-trading-bot\v08x\085\085_4\logs\trade_context\20260317_064837_BAND-USDT-SWAP_short_trade.json,20260317_063620_BAND-USDT-SWAP_short,0.2363,3
0.00438,stopout_cooldown,440,3.649999999999964e-06,D:\GIT\okx-trading-bot\v08x\085\085_4\logs\entry_context\20260317_064016_ZIL-USDT-SWAP_short.json,0.0043390047984645,0.004333,0.004332151499520251,0.0043463047984645,ZIL-USDT-SWAP,8.7e-05,2.004957,11.917151,6.6e-05,1.521197,9.041753,0.004342,2.0850000000644124,1.0,1.2514000000639403,0.034633734011481385,3614.8737500000507,8336.0,ATR стоп 2.0N,393.6779246206229,0.0007299999999999928,short,Turtle 20,2026-03-17 06:47:37,D:\GIT\okx-trading-bot\v08x\085\085_4\logs\trade_context\20260317_064737_ZIL-USDT-SWAP_short_trade.json,20260317_064015_ZIL-USDT-SWAP_short,0.004332,4
0.1367,локальный_защитный_выход_2.0n,677,0.0003824999999999995,D:\GIT\okx-trading-bot\v08x\085\085_4\logs\entry_context\20260317_063607_OP-USDT-SWAP_short.json,0.1343506085364136,0.1344,0.1342442064023102,0.13511560853641358,OP-USDT-SWAP,0.00366939,2.731206,4.79659,0.00180061,1.340231,2.353737,0.1345,1.7790700000002972,1.0,-3.1902299999995494,-0.1674642983063619,1906.2654550000002,14198.0,Локальный защитный выход 2.0N,394.3815038650475,0.000764999999999999,short,Turtle 20,2026-03-17 06:47:24,D:\GIT\okx-trading-bot\v08x\085\085_4\logs\trade_context\20260317_064724_OP-USDT-SWAP_short_trade.json,20260317_063607_OP-USDT-SWAP_short,0.134,2
479.1,локальный_защитный_выход_2.0n,674,0.8600000000000051,D:\GIT\okx-trading-bot\v08x\085\085_4\logs\entry_context\20260317_063554_BCH-USDT-SWAP_short.json,474.3,480.1,474.03425,476.02000000000004,BCH-USDT-SWAP,6.2,1.30719,3.604651,1.7,0.358423,0.988372,480.1,1.4567000000000945,1.0,-26.012500000000003,-1.318982800464282,1973.10015,41.62,Локальный защитный выход 2.0N,394.4404447147558,0.17200000000000104,short,Turtle 55,2026-03-17 06:47:08,D:\GIT\okx-trading-bot\v08x\085\085_4\logs\trade_context\20260317_064708_BCH-USDT-SWAP_short_trade.json,20260317_063553_BCH-USDT-SWAP_short,473.5,2
3.954e-06,локальный_защитный_выход_2.0n,190,2.4299999999999983e-08,D:\GIT\okx-trading-bot\v08x\085\085_4\logs\entry_context\20260317_063625_PEPE-USDT-SWAP_short.json,3.747e-06,3.807e-06,3.7955999999999997e-06,3.7955999999999997e-06,PEPE-USDT-SWAP,2.3e-07,6.244996,4.814815,0.0,0.0,0.0,3.807e-06,0.2450000000000184,1.0,-14.700000000000067,-1.6012810248198635,918.0149999999999,24.5,Локальный защитный выход 2.0N,394.45037703608295,0.48599999999999965,short,Turtle 20,2026-03-17 06:39:35,D:\GIT\okx-trading-bot\v08x\085\085_4\logs\trade_context\20260317_063935_PEPE-USDT-SWAP_short_trade.json,20260317_063625_PEPE-USDT-SWAP_short,3.747e-06,1
0.0811,локальный_защитный_выход_2.0n,116,0.0001800000000000017,D:\GIT\okx-trading-bot\v08x\085\085_4\logs\entry_context\20260317_063612_CELO-USDT-SWAP_short.json,0.0796164623319543,0.0798,0.07892500000000001,0.0799764623319543,CELO-USDT-SWAP,0.00208354,2.616968,5.787605,0.0,0.0,0.0,0.0798,0.0,1.0,-9.941065523780448,-2.0671418111396402,1874.1049065360958,6151.0,Локальный защитный выход 2.0N,394.3660557146025,0.0003600000000000034,short,Turtle 20,2026-03-17 06:38:09,D:\GIT\okx-trading-bot\v08x\085\085_4\logs\trade_context\20260317_063809_CELO-USDT-SWAP_short_trade.json,20260317_063611_CELO-USDT-SWAP_short,0.0787,2
1.2627,локальный_защитный_выход_2.0n,709,0.0021749999999999825,D:\GIT\okx-trading-bot\v08x\085\085_4\logs\entry_context\20260317_061905_AXS-USDT-SWAP_short.json,1.2447,1.2447,1.2447,1.24905,AXS-USDT-SWAP,0.04,3.213626,9.195402,0.0018,0.144613,0.413793,1.2447,0.0,1.0,0.0,0.0,1012.06557,8131.0,Локальный защитный выход 2.0N,396.24696704594595,0.00043499999999999653,short,Turtle 55,2026-03-17 06:30:54,D:\GIT\okx-trading-bot\v08x\085\085_4\logs\trade_context\20260317_063054_AXS-USDT-SWAP_short_trade.json,20260317_061905_AXS-USDT-SWAP_short,1.2447,1
0.0871,локальный_защитный_выход_2.0n,274,0.007235,D:\GIT\okx-trading-bot\v08x\085\085_4\logs\entry_context\20260317_062533_MAGIC-USDT-SWAP_short.json,0.0840576025110194,0.07188,0.06964734690964398,0.0985276025110194,MAGIC-USDT-SWAP,0.0030424,3.61942,0.210256,0.0173776,20.673445,1.20094,0.08419,338.3825300000392,1.0,73.6422100000396,1.6817257406458812,4671.016794166695,59896.0,Локальный защитный выход 2.0N,396.07650922418117,0.01447,short,Turtle 55,2026-03-17 06:30:08,D:\GIT\okx-trading-bot\v08x\085\085_4\logs\trade_context\20260317_063008_MAGIC-USDT-SWAP_short_trade.json,20260317_062532_MAGIC-USDT-SWAP_short,0.06726,4
3.981e-06,локальный_защитный_выход_2.0n,883,1.9999999999999914e-08,D:\GIT\okx-trading-bot\v08x\085\085_4\logs\entry_context\20260317_061056_PEPE-USDT-SWAP_short.json,3.804e-06,3.819e-06,3.804e-06,3.844e-06,PEPE-USDT-SWAP,1.8e-07,4.652997,4.425,0.0,0.0,0.0,3.819e-06,0.0,1.0,-4.095000000000076,-0.39432176656152157,1038.492,27.3,Локальный защитный выход 2.0N,397.168863264047,0.3999999999999983,short,Turtle 20,2026-03-17 06:25:39,D:\GIT\okx-trading-bot\v08x\085\085_4\logs\trade_context\20260317_062539_PEPE-USDT-SWAP_short_trade.json,20260317_061056_PEPE-USDT-SWAP_short,3.804e-06,1
1.171,локальный_защитный_выход_2.0n,25,0.015499999999999991,D:\GIT\okx-trading-bot\v08x\085\085_4\logs\entry_context\20260317_062012_LIT-USDT-SWAP_short.json,1.026,1.159,1.057,1.057,LIT-USDT-SWAP,0.386,37.621832,12.451613,0.026,2.534113,0.83871,1.159,0.0,1.0,-129.01,-12.962962962962962,995.22,97.0,Локальный защитный выход 2.0N,396.21263221707,0.30999999999999983,short,Turtle 55,2026-03-17 06:20:37,D:\GIT\okx-trading-bot\v08x\085\085_4\logs\trade_context\20260317_062037_LIT-USDT-SWAP_short_trade.json,20260317_062011_LIT-USDT-SWAP_short,1.026,1
1.22,локальный_защитный_выход_2.0n,25,0.015499999999999991,D:\GIT\okx-trading-bot\v08x\085\085_4\logs\entry_context\20260317_061909_LIT-USDT-SWAP_short.json,1.026,1.154,1.057,1.057,LIT-USDT-SWAP,0.386,37.621832,12.451613,0.026,2.534113,0.83871,1.154,0.0,1.0,-124.1599999999999,-12.475633528265098,995.22,97.0,Локальный защитный выход 2.0N,396.2308579243654,0.30999999999999983,short,Turtle 55,2026-03-17 06:19:34,D:\GIT\okx-trading-bot\v08x\085\085_4\logs\trade_context\20260317_061934_LIT-USDT-SWAP_short_trade.json,20260317_061909_LIT-USDT-SWAP_short,1.026,1
1.2651,локальный_защитный_выход_2.0n,104,0.0021749999999999825,D:\GIT\okx-trading-bot\v08x\085\085_4\logs\entry_context\20260317_061639_AXS-USDT-SWAP_short.json,1.2444535291966354,1.2468,1.244208304736072,1.2488035291966355,AXS-USDT-SWAP,0.04024647,3.234068,9.252062,0.0,0.0,0.0,1.2468,0.0,1.0,-4.297419999999718,-0.21053372524998168,2041.42656,16406.0,Локальный защитный выход 2.0N,396.40379164672066,0.00043499999999999653,short,Turtle 55,2026-03-17 06:18:23,D:\GIT\okx-trading-bot\v08x\085\085_4\logs\trade_context\20260317_061823_AXS-USDT-SWAP_short_trade.json,20260317_061639_AXS-USDT-SWAP_short,1.2429,2
1.22,локальный_защитный_выход_2.0n,152,0.015499999999999991,D:\GIT\okx-trading-bot\v08x\085\085_4\logs\entry_context\20260317_061538_LIT-USDT-SWAP_short.json,1.055,1.11,1.0859999999999999,1.0859999999999999,LIT-USDT-SWAP,0.357,33.838863,11.516129,0.055,5.21327,1.774194,1.11,0.0,1.0,-55.000000000000156,-5.21327014218011,1055.0,100.0,Локальный защитный выход 2.0N,396.84612774746574,0.30999999999999983,short,Turtle 55,2026-03-17 06:18:11,D:\GIT\okx-trading-bot\v08x\085\085_4\logs\trade_context\20260317_061811_LIT-USDT-SWAP_short_trade.json,20260317_061538_LIT-USDT-SWAP_short,1.055,1
0.4053,локальный_защитный_выход_2.0n,729,0.0061750000000000025,D:\GIT\okx-trading-bot\v08x\085\085_4\logs\entry_context\20260317_060345_ETHW-USDT-SWAP_short.json,0.39630519910733,0.3994,0.39630519910733,0.40865519910733,ETHW-USDT-SWAP,0.0131948,3.329454,1.068405,0.0155052,3.912439,1.255482,0.4024,0.0,1.0,-8.875269999999032,-0.7809135231233361,1136.524050000001,28678.0,Локальный защитный выход 2.0N,397.6589952311774,0.0012350000000000006,short,Turtle 20,2026-03-17 06:15:54,D:\GIT\okx-trading-bot\v08x\085\085_4\logs\trade_context\20260317_061554_ETHW-USDT-SWAP_short_trade.json,20260317_060345_ETHW-USDT-SWAP_short,0.3959,1
0.06969,локальный_защитный_выход_2.0n,736,0.0003080000000000013,D:\GIT\okx-trading-bot\v08x\085\085_4\logs\entry_context\20260317_060108_IOTA-USDT-SWAP_short.json,0.0666824800910126,0.06647,0.06645438104538001,0.06729848009101261,IOTA-USDT-SWAP,0.00300752,4.51021,4.882338,0.00176248,2.643093,2.861169,0.0666824800910126,4.631800000006143,1.0,3.57700000000582,0.10193192486245928,3512.34403333334,5274.0,Локальный защитный выход 2.0N,397.4236956846384,0.0061600000000000266,short,Turtle 20,2026-03-17 06:13:24,D:\GIT\okx-trading-bot\v08x\085\085_4\logs\trade_context\20260317_061324_IOTA-USDT-SWAP_short_trade.json,20260317_060107_IOTA-USDT-SWAP_short,0.0664,3
6.91e-06,локальный_защитный_выход_2.0n,219,1.4649999999999984e-07,D:\GIT\okx-trading-bot\v08x\085\085_4\logs\entry_context\20260317_060015_SHIB-USDT-SWAP_long.json,7.8599931132e-06,8.05e-06,1.1961269835800002e-05,7.566993113200001e-06,SHIB-USDT-SWAP,9.5e-07,12.086437,3.242297,0.0,0.0,0.0,8.05e-06,31.94499978911974,1.0,31.944999789119738,1.38543438914023,3447.0460002475197,290.4,Локальный защитный выход 2.0N,397.32888648340673,0.29299999999999965,long,Turtle 20,2026-03-17 06:03:54,D:\GIT\okx-trading-bot\v08x\085\085_4\logs\trade_context\20260317_060354_SHIB-USDT-SWAP_long_trade.json,20260317_060014_SHIB-USDT-SWAP_long,7.8599931132e-06,3
0.4053,локальный_защитный_выход_2.0n,114,0.0061750000000000025,D:\GIT\okx-trading-bot\v08x\085\085_4\logs\entry_context\20260317_060112_ETHW-USDT-SWAP_short.json,0.3812168820129211,0.3977,0.3935668820129211,0.3935668820129211,ETHW-USDT-SWAP,0.02828312,7.419167,2.290131,0.0,0.0,0.0,0.3977,0.0,1.0,-48.476849999999075,-4.323816379810856,1121.158850000001,29410.0,Локальный защитный выход 2.0N,397.4200282946384,0.0012350000000000006,short,Turtle 20,2026-03-17 06:03:07,D:\GIT\okx-trading-bot\v08x\085\085_4\logs\trade_context\20260317_060307_ETHW-USDT-SWAP_short_trade.json,20260317_060112_ETHW-USDT-SWAP_short,0.3812168820129211,1
80.35,локальный_защитный_выход_2.0n,865,0.18750000000000072,D:\GIT\okx-trading-bot\v08x\085\085_4\logs\entry_context\20260317_054601_XAG-USDT-SWAP_long.json,81.57,81.34,81.57,81.195,XAG-USDT-SWAP,1.76,2.157656,4.693333,0.0,0.0,0.0,81.57,0.0,1.0,-3.1417999999998605,-0.2819664092190631,1114.2462,1366.0,Локальный защитный выход 2.0N,397.6388362221036,0.0037500000000000146,long,Turtle 55,2026-03-17 06:00:26,D:\GIT\okx-trading-bot\v08x\085\085_4\logs\trade_context\20260317_060026_XAG-USDT-SWAP_long_trade.json,20260317_054601_XAG-USDT-SWAP_long,81.34,1
11.297,защита_тренда:_откат_от_пика_32.49r_→_31.64r,3420,0.006649999999999867,D:\GIT\okx-trading-bot\v08x\085\085_4\logs\entry_context\20260317_050322_LINK-USDT-SWAP_long.json,10.85541931707317,12.882,12.7802,10.842119317073172,LINK-USDT-SWAP,0.37541932,3.458359,28.227016,2.07958068,19.157074,156.35945,12.935,827.9476699999999,1.0,810.72767,18.133464421855134,4459.427879166667,410.0,Защита тренда: откат от пика 32.49R → 31.64R,395.5149958019868,0.013299999999999734,long,Turtle 20,2026-03-17 06:00:22,D:\GIT\okx-trading-bot\v08x\085\085_4\logs\trade_context\20260317_060022_LINK-USDT-SWAP_long_trade.json,20260317_050322_LINK-USDT-SWAP_long,10.85541931707317,4
7.65e-06,локальный_защитный_выход_2.0n,421,8.649999999999985e-08,D:\GIT\okx-trading-bot\v08x\085\085_4\logs\entry_context\20260317_054021_SHIB-USDT-SWAP_short.json,6.99e-06,7.01e-06,6.970200000000001e-06,7.163e-06,SHIB-USDT-SWAP,6.6e-07,9.44206,3.815029,8e-08,1.144492,0.462428,7.06e-06,9.468000000000178,1.0,-15.779999999999848,-0.7183908045976941,2201.3100000000004,315.6,Локальный защитный выход 2.0N,397.9890414836421,0.1729999999999997,short,Turtle 55,2026-03-17 05:47:23,D:\GIT\okx-trading-bot\v08x\085\085_4\logs\trade_context\20260317_054723_SHIB-USDT-SWAP_short_trade.json,20260317_054021_SHIB-USDT-SWAP_short,6.93e-06,2
0.3249,локальный_защитный_выход_2.0n,710,0.016915,D:\GIT\okx-trading-bot\v08x\085\085_4\logs\entry_context\20260317_053522_LDO-USDT-SWAP_long.json,0.3269,0.3276,0.327922,0.29307000000000005,LDO-USDT-SWAP,0.0119,3.640257,0.351759,0.0183,5.598042,0.54094,0.3435,20.65609999999995,1.0,2.1581000000001045,0.1069518716577592,2016.7444500000001,6166.0,Локальный защитный выход 2.0N,397.8142997739215,0.03383,long,Turtle 20,2026-03-17 05:47:13,D:\GIT\okx-trading-bot\v08x\085\085_4\logs\trade_context\20260317_054713_LDO-USDT-SWAP_long_trade.json,20260317_053522_LDO-USDT-SWAP_long,0.3267,2
0.0522,локальный_защитный_выход_2.0n,851,0.00383,D:\GIT\okx-trading-bot\v08x\085\085_4\logs\entry_context\20260317_053104_YGG-USDT-SWAP_short.json,0.0418,0.0428,0.0418,0.04946,YGG-USDT-SWAP,0.0104,24.880383,1.357702,0.0007,1.674641,0.091384,0.0432,13.04249999999983,1.0,-26.085000000000022,-2.3923444976076578,1090.3529999999998,26085.0,Локальный защитный выход 2.0N,397.1259818019562,0.00766,short,Turtle 55,2026-03-17 05:45:16,D:\GIT\okx-trading-bot\v08x\085\085_4\logs\trade_context\20260317_054516_YGG-USDT-SWAP_short_trade.json,20260317_053104_YGG-USDT-SWAP_short,0.0411,1
0.987,локальный_защитный_выход_2.0n,851,0.0025500000000000024,D:\GIT\okx-trading-bot\v08x\085\085_4\logs\entry_context\20260317_053100_FIL-USDT-SWAP_short.json,0.972,0.976,0.972,0.9771,FIL-USDT-SWAP,0.023,2.366255,4.509804,0.0,0.0,0.0,0.976,1.117600000000001,1.0,-4.470400000000004,-0.41152263374485637,1086.3072,11176.0,Локальный защитный выход 2.0N,397.12952497144204,0.0005100000000000005,short,Turtle 55,2026-03-17 05:45:11,D:\GIT\okx-trading-bot\v08x\085\085_4\logs\trade_context\20260317_054511_FIL-USDT-SWAP_short_trade.json,20260317_053100_FIL-USDT-SWAP_short,0.972,1
1.2627,локальный_защитный_выход_2.0n,1726,0.002905000000000013,D:\GIT\okx-trading-bot\v08x\085\085_4\logs\entry_context\20260317_051044_AXS-USDT-SWAP_short.json,1.2546,1.2543,1.2488398230220652,1.26041,AXS-USDT-SWAP,0.0304,2.423083,5.232358,0.007,0.557947,1.204819,1.2546,7.021570000000911,1.0,-13.978109999998962,-0.34079393854790907,4107.361984166667,32812.0,Локальный защитный выход 2.0N,395.77641835591595,0.0005810000000000026,short,Turtle 20,2026-03-17 05:39:30,D:\GIT\okx-trading-bot\v08x\085\085_4\logs\trade_context\20260317_053930_AXS-USDT-SWAP_short_trade.json,20260317_051044_AXS-USDT-SWAP_short,1.2476,4
1.412,локальный_защитный_выход_2.0n,1724,0.03470000000000002,D:\GIT\okx-trading-bot\v08x\085\085_4\logs\entry_context\20260317_051036_LIT-USDT-SWAP_short.json,1.127,1.132,1.127,1.1964000000000001,LIT-USDT-SWAP,0.285,25.288376,4.106628,0.013,1.153505,0.18732,1.132,12.089999999999907,1.0,-4.649999999999901,-0.4436557231588192,1048.1100000000001,93.0,Локальный защитный выход 2.0N,395.8494025732025,0.6940000000000004,short,Turtle 55,2026-03-17 05:39:21,D:\GIT\okx-trading-bot\v08x\085\085_4\logs\trade_context\20260317_053921_LIT-USDT-SWAP_short_trade.json,20260317_051035_LIT-USDT-SWAP_short,1.114,1
0.06667,локальный_защитный_выход_2.0n,59,0.0001910000000000002,,0.0696883546734956,0.0669,0.06930635467349561,0.06930635467349561,IOTA-USDT-SWAP,0.00476835,6.842398,12.482604,0.0,0.0,0.0,0.0696883546734956,0.0,0.0,-43.55410000000126,-4.00117736537133,0.0,1562.0,Локальный защитный выход 2.0N,0.0,0.0,long,Turtle 20,2026-03-17 05:33:49,D:\GIT\okx-trading-bot\v08x\085\085_4\logs\trade_context\20260317_053349_IOTA-USDT-SWAP_long_trade.json,20260317_053250_IOTA-USDT-SWAP_long,0.0669,1
7.65e-06,локальный_защитный_выход_2.0n,444,3.24999999999999e-08,D:\GIT\okx-trading-bot\v08x\085\085_4\logs\entry_context\20260317_052416_SHIB-USDT-SWAP_short.json,7.37e-06,7.42e-06,7.26450000005e-06,7.434999999999999e-06,SHIB-USDT-SWAP,5.9e-07,8.005427,9.076923,2e-07,2.713704,3.076923,7.42e-06,29.260000058519644,1.0,-81.9279999414803,-1.9230769216768873,4280.98183335284,585.2,Локальный защитный выход 2.0N,395.4911475444522,0.06499999999999981,short,Turtle 55,2026-03-17 05:31:40,D:\GIT\okx-trading-bot\v08x\085\085_4\logs\trade_context\20260317_053140_SHIB-USDT-SWAP_short_trade.json,20260317_052415_SHIB-USDT-SWAP_short,7.23e-06,4
479.0,локальный_защитный_выход_2.0n,999,1.1300000000000068,D:\GIT\okx-trading-bot\v08x\085\085_4\logs\entry_context\20260317_051448_BCH-USDT-SWAP_short.json,476.5,476.8,476.5,478.76,BCH-USDT-SWAP,4.0,0.839454,1.769912,0.8,0.167891,0.353982,476.8,0.8839999999999499,1.0,-0.6630000000000251,-0.06295907660021224,1053.0650000000003,22.1,Локальный защитный выход 2.0N,396.16297082358,0.22600000000000137,short,Turtle 20,2026-03-17 05:31:27,D:\GIT\okx-trading-bot\v08x\085\085_4\logs\trade_context\20260317_053127_BCH-USDT-SWAP_short_trade.json,20260317_051448_BCH-USDT-SWAP_short,476.2,1
2.576,локальный_защитный_выход_2.0n,116,0.010999999999999987,D:\GIT\okx-trading-bot\v08x\085\085_4\logs\entry_context\20260317_052420_ICP-USDT-SWAP_long.json,2.7606974779384887,2.67,2.738697477938489,2.738697477938489,ICP-USDT-SWAP,0.18469748,6.690247,8.39534,0.05730252,2.075654,2.60466,2.761,0.0,1.0,-34.738947999999986,-3.28531027623555,1057.4023479999998,38302.0,Локальный защитный выход 2.0N,395.47918205014713,0.00021999999999999974,long,Turtle 55,2026-03-17 05:26:17,D:\GIT\okx-trading-bot\v08x\085\085_4\logs\trade_context\20260317_052617_ICP-USDT-SWAP_long_trade.json,20260317_052420_ICP-USDT-SWAP_long,2.67,1
3.908e-06,локальный_защитный_выход_2.0n,112,4.849999999999793e-09,D:\GIT\okx-trading-bot\v08x\085\085_4\logs\entry_context\20260317_052411_PEPE-USDT-SWAP_long.json,3.94e-06,3.936e-06,3.9422025001e-06,3.930300000000001e-06,PEPE-USDT-SWAP,3.4e-07,8.57868,34.845361,1e-08,0.35533,1.443299,3.946e-06,2.2439998900001332,1.0,-4.356000109999897,-0.20081543742261973,2168.078000055,55.0,Локальный защитный выход 2.0N,395.4910864432302,0.09699999999999585,long,Turtle 55,2026-03-17 05:26:04,D:\GIT\okx-trading-bot\v08x\085\085_4\logs\trade_context\20260317_052604_PEPE-USDT-SWAP_long_trade.json,20260317_052411_PEPE-USDT-SWAP_long,3.936e-06,2
2.576,локальный_защитный_выход_2.0n,141,0.010999999999999987,D:\GIT\okx-trading-bot\v08x\085\085_4\logs\entry_context\20260317_052058_ICP-USDT-SWAP_long.json,2.747818255036347,2.792,5.534351287080867,2.725818255036347,ICP-USDT-SWAP,0.17181826,6.252897,7.809921,0.03918174,1.425922,1.780988,2.792,0.0,1.0,2.315942999999826,0.21597288591752528,2129.9711829999997,38490.2,Локальный защитный выход 2.0N,394.98414111871784,0.00021999999999999974,long,Turtle 55,2026-03-17 05:23:19,D:\GIT\okx-trading-bot\v08x\085\085_4\logs\trade_context\20260317_052319_ICP-USDT-SWAP_long_trade.json,20260317_052057_ICP-USDT-SWAP_long,2.747818255036347,2
7.65e-06,локальный_защитный_выход_2.0n,49,3.24999999999999e-08,D:\GIT\okx-trading-bot\v08x\085\085_4\logs\entry_context\20260317_052053_SHIB-USDT-SWAP_short.json,7.28e-06,7.37e-06,7.345e-06,7.345e-06,SHIB-USDT-SWAP,6.8e-07,9.340659,10.461538,0.0,0.0,0.0,7.37e-06,0.0,1.0,-13.229999999999997,-1.2362637362637363,1070.1599999999999,147.0,Локальный защитный выход 2.0N,395.01966085201695,0.06499999999999981,short,Turtle 55,2026-03-17 05:21:43,D:\GIT\okx-trading-bot\v08x\085\085_4\logs\trade_context\20260317_052143_SHIB-USDT-SWAP_short_trade.json,20260317_052053_SHIB-USDT-SWAP_short,7.28e-06,1
3.908e-06,локальный_защитный_выход_2.0n,919,3.44999999999973e-09,D:\GIT\okx-trading-bot\v08x\085\085_4\logs\entry_context\20260317_050557_PEPE-USDT-SWAP_long.json,3.924e-06,3.934e-06,3.941375e-06,3.9171e-06,PEPE-USDT-SWAP,3.3e-07,8.384302,47.681159,2e-08,0.560652,3.188406,3.946e-06,6.375999520799789,1.0,-5.09000047920038,-0.11834408687974042,4294.5291669462,109.2,Локальный защитный выход 2.0N,395.41519605421115,0.0689999999999946,long,Turtle 20,2026-03-17 05:21:16,D:\GIT\okx-trading-bot\v08x\085\085_4\logs\trade_context\20260317_052116_PEPE-USDT-SWAP_long_trade.json,20260317_050557_PEPE-USDT-SWAP_long,3.919e-06,4
0.2422,локальный_защитный_выход_2.0n,60,0.0,,0.2349411187643499,0.1865,0.2349411187643499,0.2349411187643499,IMX-USDT-SWAP,0.0,0.0,0.0,0.00745888,3.174787,7458881235.650111,0.2349411187643499,0.0,0.0,-56.676108954289376,-20.618408143760135,0.0,1170.0,Локальный защитный выход 2.0N,0.0,0.0,long,Turtle 20,2026-03-17 05:19:17,D:\GIT\okx-trading-bot\v08x\085\085_4\logs\trade_context\20260317_051917_IMX-USDT-SWAP_long_trade.json,20260317_051817_IMX-USDT-SWAP_long,0.1837,1
0.2422,локальный_защитный_выход_2.0n,60,0.0,,0.2349411187643499,0.1837,0.2349411187643499,0.2349411187643499,IMX-USDT-SWAP,0.0,0.0,0.0,0.00745888,3.174787,7458881235.650111,0.2349411187643499,0.0,0.0,-59.95210895428937,-21.810196118009312,0.0,1170.0,Локальный защитный выход 2.0N,0.0,0.0,long,Turtle 20,2026-03-17 05:18:11,D:\GIT\okx-trading-bot\v08x\085\085_4\logs\trade_context\20260317_051811_IMX-USDT-SWAP_long_trade.json,20260317_051711_IMX-USDT-SWAP_long,0.1837,1
0.2422,локальный_защитный_выход_2.0n,56,0.0,,0.2349411187643499,0.1891,0.2349411187643499,0.2349411187643499,IMX-USDT-SWAP,0.0,0.0,0.0,0.00745888,3.174787,7458881235.650111,0.2349411187643499,0.0,0.0,-439.2496000000008,-19.511747881957334,0.0,9582.0,Локальный защитный выход 2.0N,0.0,0.0,long,Turtle 20,2026-03-17 05:17:05,D:\GIT\okx-trading-bot\v08x\085\085_4\logs\trade_context\20260317_051705_IMX-USDT-SWAP_long_trade.json,20260317_051609_IMX-USDT-SWAP_long,0.1857,1
479.5,локальный_защитный_выход_2.0n,1080,1.1200000000000045,D:\GIT\okx-trading-bot\v08x\085\085_4\logs\entry_context\20260317_045553_BCH-USDT-SWAP_short.json,477.0,476.5,476.4,479.24,BCH-USDT-SWAP,4.3,0.901468,1.919643,1.3,0.272537,0.580357,478.0,3.1331999999999494,1.0,-0.4476000000001018,-0.020990764063816697,2133.7092000000002,44.76,Локальный защитный выход 2.0N,395.70120126022806,0.22400000000000092,short,Turtle 20,2026-03-17 05:13:53,D:\GIT\okx-trading-bot\v08x\085\085_4\logs\trade_context\20260317_051353_BCH-USDT-SWAP_short_trade.json,20260317_045553_BCH-USDT-SWAP_short,475.7,2
0.06132,локальный_защитный_выход_2.0n,416,0.0004625000000000001,D:\GIT\okx-trading-bot\v08x\085\085_4\logs\entry_context\20260317_050601_MINA-USDT-SWAP_long.json,0.062779052216401,0.06256,0.06287880725407714,0.061854052216400994,MINA-USDT-SWAP,0.00414905,6.608976,4.485462,0.00020095,0.320087,0.217241,0.06303,2.9038899999963785,1.0,-12.998870000026363,-0.6078748209238564,2135.6339150000167,33974.0,Локальный защитный выход 2.0N,395.40453557169786,0.0009250000000000001,long,Turtle 20,2026-03-17 05:12:57,D:\GIT\okx-trading-bot\v08x\085\085_4\logs\trade_context\20260317_051257_MINA-USDT-SWAP_long_trade.json,20260317_050601_MINA-USDT-SWAP_long,0.06256,2
0.0522,локальный_защитный_выход_2.0n,553,0.0027800000000000004,D:\GIT\okx-trading-bot\v08x\085\085_4\logs\entry_context\20260317_050034_YGG-USDT-SWAP_short.json,0.0418,0.0475,0.04736,0.04736,YGG-USDT-SWAP,0.0104,24.880383,1.870504,0.0004,0.956938,0.071942,0.0475,0.0,1.0,-148.6047000000001,-13.636363636363647,1089.7677999999999,26071.0,Локальный защитный выход 2.0N,395.78565208303684,0.005560000000000001,short,Turtle 55,2026-03-17 05:09:47,D:\GIT\okx-trading-bot\v08x\085\085_4\logs\trade_context\20260317_050947_YGG-USDT-SWAP_short_trade.json,20260317_050034_YGG-USDT-SWAP_short,0.0418,1
10.482,локальный_защитный_выход_2.0n,63,0.006649999999999867,D:\GIT\okx-trading-bot\v08x\085\085_4\logs\entry_context\20260317_050140_LINK-USDT-SWAP_long.json,10.525,10.806,30.76810604774339,10.511700000000001,LINK-USDT-SWAP,0.045,0.427553,3.383459,0.037,0.351544,2.781955,10.806,0.692739999999952,1.0,6.431619999999684,0.2912388432110123,2181.742822270484,204.96,Локальный защитный выход 2.0N,395.74546262124426,0.013299999999999734,long,Turtle 20,2026-03-17 05:02:43,D:\GIT\okx-trading-bot\v08x\085\085_4\logs\trade_context\20260317_050243_LINK-USDT-SWAP_long_trade.json,20260317_050140_LINK-USDT-SWAP_long,10.525,2
10.546,локальный_защитный_выход_2.0n,57,0.006649999999999867,,10.496,10.726,10.5093,10.5093,LINK-USDT-SWAP,0.066,0.628811,4.962406,0.016,0.152439,1.203008,10.726,0.0,0.0,-22.714800000000043,-2.1913109756097597,0.0,98.76,Локальный защитный выход 2.0N,0.0,0.0,short,Turtle 20,2026-03-17 05:01:01,D:\GIT\okx-trading-bot\v08x\085\085_4\logs\trade_context\20260317_050101_LINK-USDT-SWAP_short_trade.json,20260317_050003_LINK-USDT-SWAP_short,10.496,1
80.35,локальный_защитный_выход_2.0n,601,0.21599999999999966,D:\GIT\okx-trading-bot\v08x\085\085_4\logs\entry_context\20260317_045049_XAG-USDT-SWAP_long.json,81.20470631970261,81.36,81.48529758364313,80.7727063197026,XAG-USDT-SWAP,1.39470632,1.717519,3.228487,0.29529368,0.363641,0.68355,81.5,7.0007999999998285,1.0,0.0068000000000722595,0.00015535182940194797,4373.268916666668,5380.0,Локальный защитный выход 2.0N,396.0045616350533,0.004319999999999993,long,Turtle 20,2026-03-17 05:00:51,D:\GIT\okx-trading-bot\v08x\085\085_4\logs\trade_context\20260317_050051_XAG-USDT-SWAP_long_trade.json,20260317_045048_XAG-USDT-SWAP_long,81.20470631970261,4
1.2677,локальный_защитный_выход_2.0n,869,0.0030000000000000248,D:\GIT\okx-trading-bot\v08x\085\085_4\logs\entry_context\20260317_044612_AXS-USDT-SWAP_short.json,1.2627,1.2627,1.2627,1.2687,AXS-USDT-SWAP,0.0223,1.766057,3.716667,0.005,0.395977,0.833333,1.2627,2.1854999999999536,1.0,0.0,0.0,1103.8523400000001,8742.0,Локальный защитный выход 2.0N,397.2712064519448,0.000600000000000005,short,Turtle 20,2026-03-17 05:00:41,D:\GIT\okx-trading-bot\v08x\085\085_4\logs\trade_context\20260317_050041_AXS-USDT-SWAP_short_trade.json,20260317_044611_AXS-USDT-SWAP_short,1.2627,1
10.52,защита_тренда:_откат_от_пика_4.19r_→_0.00r,46,0.004649999999999909,,10.496,10.496,10.5053,10.5053,LINK-USDT-SWAP,0.07,0.666921,7.526882,0.016,0.152439,1.72043,10.496,3.851639999999971,0.0,0.0,0.0,0.0,98.76,Защита тренда: откат от пика 4.19R → 0.00R,0.0,0.0,short,Turtle 20,2026-03-17 04:59:57,D:\GIT\okx-trading-bot\v08x\085\085_4\logs\trade_context\20260317_045957_LINK-USDT-SWAP_short_trade.json,20260317_045910_LINK-USDT-SWAP_short,10.457,1
10.52,защита_тренда:_откат_от_пика_4.95r_→_0.00r,46,0.004649999999999909,,10.496,10.496,10.5053,10.5053,LINK-USDT-SWAP,0.07,0.666921,7.526882,0.016,0.152439,1.72043,10.496,4.542960000000114,0.0,0.0,0.0,0.0,98.76,Защита тренда: откат от пика 4.95R → 0.00R,0.0,0.0,short,Turtle 20,2026-03-17 04:59:05,D:\GIT\okx-trading-bot\v08x\085\085_4\logs\trade_context\20260317_045905_LINK-USDT-SWAP_short_trade.json,20260317_045818_LINK-USDT-SWAP_short,10.45,1
10.52,защита_тренда:_откат_от_пика_4.52r_→_0.00r,51,0.004649999999999909,,10.496,10.496,10.5053,10.5053,LINK-USDT-SWAP,0.07,0.666921,7.526882,0.016,0.152439,1.72043,10.496,4.147919999999982,0.0,0.0,0.0,0.0,98.76,Защита тренда: откат от пика 4.52R → 0.00R,0.0,0.0,short,Turtle 20,2026-03-17 04:58:12,D:\GIT\okx-trading-bot\v08x\085\085_4\logs\trade_context\20260317_045812_LINK-USDT-SWAP_short_trade.json,20260317_045721_LINK-USDT-SWAP_short,10.454,1
10.52,защита_тренда:_откат_от_пика_6.13r_→_0.00r,54,0.004649999999999909,,10.496,10.496,10.5053,10.5053,LINK-USDT-SWAP,0.07,0.666921,7.526882,0.016,0.152439,1.72043,10.496,5.629320000000038,0.0,0.0,0.0,0.0,98.76,Защита тренда: откат от пика 6.13R → 0.00R,0.0,0.0,short,Turtle 20,2026-03-17 04:57:14,D:\GIT\okx-trading-bot\v08x\085\085_4\logs\trade_context\20260317_045714_LINK-USDT-SWAP_short_trade.json,20260317_045620_LINK-USDT-SWAP_short,10.439,1
10.52,защита_тренда:_откат_от_пика_7.85r_→_0.00r,52,0.004649999999999909,,10.496,10.496,10.5053,10.5053,LINK-USDT-SWAP,0.07,0.666921,7.526882,0.016,0.152439,1.72043,10.496,7.20948000000004,0.0,0.0,0.0,0.0,98.76,Защита тренда: откат от пика 7.85R → 0.00R,0.0,0.0,short,Turtle 20,2026-03-17 04:56:13,D:\GIT\okx-trading-bot\v08x\085\085_4\logs\trade_context\20260317_045613_LINK-USDT-SWAP_short_trade.json,20260317_045521_LINK-USDT-SWAP_short,10.423,1
10.52,защита_тренда:_откат_от_пика_6.22r_→_0.00r,49,0.004649999999999909,,10.496,10.496,10.5079,10.5079,LINK-USDT-SWAP,0.07,0.666921,5.882353,0.016,0.152439,1.344538,10.496,7.3082399999999845,0.0,0.0,0.0,0.0,98.76,Защита тренда: откат от пика 6.22R → 0.00R,0.0,0.0,short,Turtle 20,2026-03-17 04:55:15,D:\GIT\okx-trading-bot\v08x\085\085_4\logs\trade_context\20260317_045515_LINK-USDT-SWAP_short_trade.json,20260317_045425_LINK-USDT-SWAP_short,10.422,1
10.52,защита_тренда:_откат_от_пика_5.88r_→_0.00r,43,0.0059499999999999,,10.496,10.496,10.5079,10.5079,LINK-USDT-SWAP,0.074,0.70503,6.218487,0.016,0.152439,1.344538,10.496,6.913200000000028,0.0,0.0,0.0,0.0,98.76,Защита тренда: откат от пика 5.88R → 0.00R,0.0,0.0,short,Turtle 20,2026-03-17 04:54:20,D:\GIT\okx-trading-bot\v08x\085\085_4\logs\trade_context\20260317_045420_LINK-USDT-SWAP_short_trade.json,20260317_045336_LINK-USDT-SWAP_short,10.426,1
10.52,защита_тренда:_откат_от_пика_5.97r_→_0.00r,43,0.0059499999999999,,10.496,10.496,10.5079,10.5079,LINK-USDT-SWAP,0.074,0.70503,6.218487,0.016,0.152439,1.344538,10.496,7.0119599999999735,0.0,0.0,0.0,0.0,98.76,Защита тренда: откат от пика 5.97R → 0.00R,0.0,0.0,short,Turtle 20,2026-03-17 04:53:30,D:\GIT\okx-trading-bot\v08x\085\085_4\logs\trade_context\20260317_045330_LINK-USDT-SWAP_short_trade.json,20260317_045247_LINK-USDT-SWAP_short,10.425,1
10.52,защита_тренда:_откат_от_пика_5.88r_→_0.00r,42,0.0059499999999999,,10.496,10.496,10.5079,10.5079,LINK-USDT-SWAP,0.074,0.70503,6.218487,0.016,0.152439,1.344538,10.496,6.913200000000028,0.0,0.0,0.0,0.0,98.76,Защита тренда: откат от пика 5.88R → 0.00R,0.0,0.0,short,Turtle 20,2026-03-17 04:52:41,D:\GIT\okx-trading-bot\v08x\085\085_4\logs\trade_context\20260317_045241_LINK-USDT-SWAP_short_trade.json,20260317_045158_LINK-USDT-SWAP_short,10.426,1
10.52,защита_тренда:_откат_от_пика_5.04r_→_0.00r,43,0.0059499999999999,,10.496,10.496,10.5079,10.5079,LINK-USDT-SWAP,0.074,0.70503,6.218487,0.016,0.152439,1.344538,10.496,5.925600000000049,0.0,0.0,0.0,0.0,98.76,Защита тренда: откат от пика 5.04R → 0.00R,0.0,0.0,short,Turtle 20,2026-03-17 04:51:51,D:\GIT\okx-trading-bot\v08x\085\085_4\logs\trade_context\20260317_045151_LINK-USDT-SWAP_short_trade.json,20260317_045108_LINK-USDT-SWAP_short,10.436,1
10.52,защита_тренда:_откат_от_пика_4.20r_→_0.00r,46,0.0059499999999999,,10.496,10.496,10.5079,10.5079,LINK-USDT-SWAP,0.074,0.70503,6.218487,0.016,0.152439,1.344538,10.496,4.938000000000071,0.0,0.0,0.0,0.0,98.76,Защита тренда: откат от пика 4.20R → 0.00R,0.0,0.0,short,Turtle 20,2026-03-17 04:51:02,D:\GIT\okx-trading-bot\v08x\085\085_4\logs\trade_context\20260317_045102_LINK-USDT-SWAP_short_trade.json,20260317_045015_LINK-USDT-SWAP_short,10.446,1
10.52,защита_тренда:_откат_от_пика_4.20r_→_0.00r,48,0.0059499999999999,,10.496,10.496,10.5079,10.5079,LINK-USDT-SWAP,0.074,0.70503,6.218487,0.016,0.152439,1.344538,10.496,4.938000000000071,0.0,0.0,0.0,0.0,98.76,Защита тренда: откат от пика 4.20R → 0.00R,0.0,0.0,short,Turtle 20,2026-03-17 04:50:09,D:\GIT\okx-trading-bot\v08x\085\085_4\logs\trade_context\20260317_045009_LINK-USDT-SWAP_short_trade.json,20260317_044921_LINK-USDT-SWAP_short,10.446,1
0.97,локальный_защитный_выход_2.0n,119,0.005049999999999994,D:\GIT\okx-trading-bot\v08x\085\085_4\logs\entry_context\20260317_044802_QTUM-USDT-SWAP_short.json,0.9498514492753627,0.946,0.45551074205631276,0.9599514492753627,QTUM-USDT-SWAP,0.02014855,2.121232,1.994906,0.01885145,1.984673,1.86648,0.9498514492753627,11.51000000000018,1.0,-18.053999999998645,-0.8444814489119424,1566.455113646337,2279.0,Локальный защитный выход 2.0N,396.9071282280635,0.010099999999999987,short,Turtle 55,2026-03-17 04:50:02,D:\GIT\okx-trading-bot\v08x\085\085_4\logs\trade_context\20260317_045002_QTUM-USDT-SWAP_short_trade.json,20260317_044802_QTUM-USDT-SWAP_short,0.928,3
10.52,защита_тренда:_откат_от_пика_3.53r_→_0.00r,48,0.0059499999999999,,10.496,10.496,10.5079,10.5079,LINK-USDT-SWAP,0.074,0.70503,6.218487,0.016,0.152439,1.344538,10.496,4.147919999999982,0.0,0.0,0.0,0.0,98.76,Защита тренда: откат от пика 3.53R → 0.00R,0.0,0.0,short,Turtle 20,2026-03-17 04:49:15,D:\GIT\okx-trading-bot\v08x\085\085_4\logs\trade_context\20260317_044915_LINK-USDT-SWAP_short_trade.json,20260317_044826_LINK-USDT-SWAP_short,10.454,1
10.52,защита_тренда:_откат_от_пика_3.03r_→_0.00r,46,0.0059499999999999,,10.496,10.496,10.5079,10.5079,LINK-USDT-SWAP,0.074,0.70503,6.218487,0.016,0.152439,1.344538,10.496,3.5553599999999594,0.0,0.0,0.0,0.0,98.76,Защита тренда: откат от пика 3.03R → 0.00R,0.0,0.0,short,Turtle 20,2026-03-17 04:48:15,D:\GIT\okx-trading-bot\v08x\085\085_4\logs\trade_context\20260317_044815_LINK-USDT-SWAP_short_trade.json,20260317_044729_LINK-USDT-SWAP_short,10.46,1
10.52,защита_тренда:_откат_от_пика_4.54r_→_0.00r,49,0.0059499999999999,,10.496,10.496,10.5079,10.5079,LINK-USDT-SWAP,0.074,0.70503,6.218487,0.016,0.152439,1.344538,10.496,5.333040000000027,0.0,0.0,0.0,0.0,98.76,Защита тренда: откат от пика 4.54R → 0.00R,0.0,0.0,short,Turtle 20,2026-03-17 04:47:23,D:\GIT\okx-trading-bot\v08x\085\085_4\logs\trade_context\20260317_044723_LINK-USDT-SWAP_short_trade.json,20260317_044633_LINK-USDT-SWAP_short,10.442,1
0.97,локальный_защитный_выход_2.0n,64,0.005049999999999994,D:\GIT\okx-trading-bot\v08x\085\085_4\logs\entry_context\20260317_044607_QTUM-USDT-SWAP_short.json,0.9465842450765867,0.947,0.5231750669659728,0.9566842450765867,QTUM-USDT-SWAP,0.02341575,2.473711,2.318392,0.01558425,1.646366,1.542995,0.947,0.0,1.0,-11.830999999999186,-0.7643367242120619,862.0852027929573,1647.0,Локальный защитный выход 2.0N,397.2247919569344,0.010099999999999987,short,Turtle 55,2026-03-17 04:47:11,D:\GIT\okx-trading-bot\v08x\085\085_4\logs\trade_context\20260317_044711_QTUM-USDT-SWAP_short_trade.json,20260317_044607_QTUM-USDT-SWAP_short,0.93,2
10.52,защита_тренда:_откат_от_пика_5.04r_→_0.00r,49,0.0059499999999999,,10.496,10.496,10.5079,10.5079,LINK-USDT-SWAP,0.074,0.70503,6.218487,0.016,0.152439,1.344538,10.496,5.925600000000049,0.0,0.0,0.0,0.0,98.76,Защита тренда: откат от пика 5.04R → 0.00R,0.0,0.0,short,Turtle 20,2026-03-17 04:46:22,D:\GIT\okx-trading-bot\v08x\085\085_4\logs\trade_context\20260317_044622_LINK-USDT-SWAP_short_trade.json,20260317_044533_LINK-USDT-SWAP_short,10.436,1
0.7618,локальный_защитный_выход_2.0n,54,0.0001299999999999968,,0.740250036656897,0.7589,0.7405100366568971,0.7405100366568971,ETHFI-USDT-SWAP,0.02774996,3.748728,106.730628,0.02025004,2.735567,77.884756,0.7589,0.0,0.0,-3.991092155424038,-2.519414038441604,0.0,214.0,Локальный защитный выход 2.0N,0.0,0.0,short,Turtle 20,2026-03-17 04:45:26,D:\GIT\okx-trading-bot\v08x\085\085_4\logs\trade_context\20260317_044526_ETHFI-USDT-SWAP_short_trade.json,20260317_044432_ETHFI-USDT-SWAP_short,0.740250036656897,1
2340.0,локальный_защитный_выход_2.0n,1900,15.550000000000045,D:\GIT\okx-trading-bot\v08x\085\085_4\logs\entry_context\20260317_041330_ETH-USDT-SWAP_long.json,2361.1995485327316,2379.2,2379.929675,2330.0995485327317,ETH-USDT-SWAP,21.19954853,0.89783,0.681658,86.80045147,3.676117,2.791011,2391.27,5.027959999999812,1.0,14.619,0.4644877966387974,3154.85314,13.29,Локальный защитный выход 2.0N,401.45585844210655,3.110000000000009,long,Turtle 55,2026-03-17 04:45:11,D:\GIT\okx-trading-bot\v08x\085\085_4\logs\trade_context\20260317_044511_ETH-USDT-SWAP_long_trade.json,20260317_041329_ETH-USDT-SWAP_long,2347.93,3
0.7618,локальный_защитный_выход_2.0n,42,0.0001299999999999968,,0.740250036656897,0.7618,0.7405100366568971,0.7405100366568971,ETHFI-USDT-SWAP,0.02774996,3.748728,106.730628,0.02025004,2.735567,77.884756,0.7618,0.0,0.0,-4.611692155424041,-2.9111735597375348,0.0,214.0,Локальный защитный выход 2.0N,0.0,0.0,short,Turtle 20,2026-03-17 04:44:26,D:\GIT\okx-trading-bot\v08x\085\085_4\logs\trade_context\20260317_044426_ETHFI-USDT-SWAP_short_trade.json,20260317_044343_ETHFI-USDT-SWAP_short,0.740250036656897,1
0.7618,локальный_защитный_выход_2.0n,42,0.0001299999999999968,,0.740250036656897,0.7618,0.7405100366568971,0.7405100366568971,ETHFI-USDT-SWAP,0.02774996,3.748728,106.730628,0.02025004,2.735567,77.884756,0.7618,0.0,0.0,-4.611692155424041,-2.9111735597375348,0.0,214.0,Локальный защитный выход 2.0N,0.0,0.0,short,Turtle 20,2026-03-17 04:43:37,D:\GIT\okx-trading-bot\v08x\085\085_4\logs\trade_context\20260317_044337_ETHFI-USDT-SWAP_short_trade.json,20260317_044255_ETHFI-USDT-SWAP_short,0.740250036656897,1
0.7618,локальный_защитный_выход_2.0n,42,0.0001299999999999968,,0.740250036656897,0.7618,0.7405100366568971,0.7405100366568971,ETHFI-USDT-SWAP,0.02774996,3.748728,106.730628,0.02025004,2.735567,77.884756,0.7618,0.0,0.0,-4.611692155424041,-2.9111735597375348,0.0,214.0,Локальный защитный выход 2.0N,0.0,0.0,short,Turtle 20,2026-03-17 04:42:49,D:\GIT\okx-trading-bot\v08x\085\085_4\logs\trade_context\20260317_044249_ETHFI-USDT-SWAP_short_trade.json,20260317_044207_ETHFI-USDT-SWAP_short,0.740250036656897,1
0.7618,локальный_защитный_выход_2.0n,47,0.0001299999999999968,,0.740250036656897,0.7618,0.7405100366568971,0.7405100366568971,ETHFI-USDT-SWAP,0.02774996,3.748728,106.730628,0.02025004,2.735567,77.884756,0.7618,0.0,0.0,-4.611692155424041,-2.9111735597375348,0.0,214.0,Локальный защитный выход 2.0N,0.0,0.0,short,Turtle 20,2026-03-17 04:42:01,D:\GIT\okx-trading-bot\v08x\085\085_4\logs\trade_context\20260317_044201_ETHFI-USDT-SWAP_short_trade.json,20260317_044113_ETHFI-USDT-SWAP_short,0.740250036656897,1
0.7618,локальный_защитный_выход_2.0n,59,0.0001299999999999968,,0.740250036656897,0.7618,0.7405100366568971,0.7405100366568971,ETHFI-USDT-SWAP,0.02774996,3.748728,106.730628,0.02025004,2.735567,77.884756,0.7618,0.0,0.0,-4.611692155424041,-2.9111735597375348,0.0,214.0,Локальный защитный выход 2.0N,0.0,0.0,short,Turtle 20,2026-03-17 04:41:06,D:\GIT\okx-trading-bot\v08x\085\085_4\logs\trade_context\20260317_044106_ETHFI-USDT-SWAP_short_trade.json,20260317_044006_ETHFI-USDT-SWAP_short,0.740250036656897,1
0.3883,защита_тренда:_откат_от_пика_2.52r_→_1.37r,267,0.004644999999999999,,0.3946251757263357,0.4022,0.40014,0.40014,ETHW-USDT-SWAP,0.00632518,1.602831,1.146941,0.01487482,3.769355,2.697244,0.4085,0.0,0.0,19.397609999999524,1.9194984860563675,0.0,25608.0,Защита тренда: откат от пика 2.52R → 1.37R,0.0,0.0,long,Turtle 20,2026-03-17 04:40:59,D:\GIT\okx-trading-bot\v08x\085\085_4\logs\trade_context\20260317_044059_ETHW-USDT-SWAP_long_trade.json,20260317_043631_ETHW-USDT-SWAP_long,0.4022,1
7.4e-06,локальный_защитный_выход_2.0n,876,1.3499999999999955e-08,D:\GIT\okx-trading-bot\v08x\085\085_4\logs\entry_context\20260317_042612_SHIB-USDT-SWAP_long.json,7.65e-06,7.65e-06,7.65e-06,7.623e-06,SHIB-USDT-SWAP,2.5e-07,3.267974,9.259259,3.1e-07,4.052288,11.481481,7.65e-06,0.0,1.0,0.0,0.0,979.9649999999999,128.1,Локальный защитный выход 2.0N,401.1246033401868,0.02699999999999991,long,Turtle 20,2026-03-17 04:40:48,D:\GIT\okx-trading-bot\v08x\085\085_4\logs\trade_context\20260317_044048_SHIB-USDT-SWAP_long_trade.json,20260317_042612_SHIB-USDT-SWAP_long,7.65e-06,1
0.7618,локальный_защитный_выход_2.0n,52,0.0001299999999999968,,0.740250036656897,0.7618,0.7405100366568971,0.7405100366568971,ETHFI-USDT-SWAP,0.02774996,3.748728,106.730628,0.02025004,2.735567,77.884756,0.7618,0.0,0.0,-4.611692155424041,-2.9111735597375348,0.0,214.0,Локальный защитный выход 2.0N,0.0,0.0,short,Turtle 20,2026-03-17 04:40:00,D:\GIT\okx-trading-bot\v08x\085\085_4\logs\trade_context\20260317_044000_ETHFI-USDT-SWAP_short_trade.json,20260317_043908_ETHFI-USDT-SWAP_short,0.740250036656897,1
0.7618,локальный_защитный_выход_2.0n,45,0.0001299999999999968,,0.740250036656897,0.7618,0.7405100366568971,0.7405100366568971,ETHFI-USDT-SWAP,0.02774996,3.748728,106.730628,0.02025004,2.735567,77.884756,0.7618,0.0,0.0,-4.611692155424041,-2.9111735597375348,0.0,214.0,Локальный защитный выход 2.0N,0.0,0.0,short,Turtle 20,2026-03-17 04:39:02,D:\GIT\okx-trading-bot\v08x\085\085_4\logs\trade_context\20260317_043902_ETHFI-USDT-SWAP_short_trade.json,20260317_043816_ETHFI-USDT-SWAP_short,0.740250036656897,1
0.7618,локальный_защитный_выход_2.0n,45,0.0001299999999999968,,0.740250036656897,0.7618,0.7405100366568971,0.7405100366568971,ETHFI-USDT-SWAP,0.02774996,3.748728,106.730628,0.02025004,2.735567,77.884756,0.7618,0.0,0.0,-4.611692155424041,-2.9111735597375348,0.0,214.0,Локальный защитный выход 2.0N,0.0,0.0,short,Turtle 20,2026-03-17 04:38:10,D:\GIT\okx-trading-bot\v08x\085\085_4\logs\trade_context\20260317_043810_ETHFI-USDT-SWAP_short_trade.json,20260317_043724_ETHFI-USDT-SWAP_short,0.740250036656897,1
0.7618,локальный_защитный_выход_2.0n,46,0.0001299999999999968,,0.740250036656897,0.7618,0.7405100366568971,0.7405100366568971,ETHFI-USDT-SWAP,0.02774996,3.748728,106.730628,0.02025004,2.735567,77.884756,0.7618,0.0,0.0,-4.611692155424041,-2.9111735597375348,0.0,214.0,Локальный защитный выход 2.0N,0.0,0.0,short,Turtle 20,2026-03-17 04:37:18,D:\GIT\okx-trading-bot\v08x\085\085_4\logs\trade_context\20260317_043718_ETHFI-USDT-SWAP_short_trade.json,20260317_043631_ETHFI-USDT-SWAP_short,0.740250036656897,1
0.7618,локальный_защитный_выход_2.0n,43,0.0001299999999999968,,0.740250036656897,0.7618,0.7405100366568971,0.7405100366568971,ETHFI-USDT-SWAP,0.02774996,3.748728,106.730628,0.02025004,2.735567,77.884756,0.7618,0.0,0.0,-4.611692155424041,-2.9111735597375348,0.0,214.0,Локальный защитный выход 2.0N,0.0,0.0,short,Turtle 20,2026-03-17 04:36:25,D:\GIT\okx-trading-bot\v08x\085\085_4\logs\trade_context\20260317_043625_ETHFI-USDT-SWAP_short_trade.json,20260317_043542_ETHFI-USDT-SWAP_short,0.740250036656897,1
0.7618,локальный_защитный_выход_2.0n,46,0.0001299999999999968,,0.740250036656897,0.7618,0.7405100366568971,0.7405100366568971,ETHFI-USDT-SWAP,0.02774996,3.748728,106.730628,0.02025004,2.735567,77.884756,0.7618,0.0,0.0,-4.611692155424041,-2.9111735597375348,0.0,214.0,Локальный защитный выход 2.0N,0.0,0.0,short,Turtle 20,2026-03-17 04:35:36,D:\GIT\okx-trading-bot\v08x\085\085_4\logs\trade_context\20260317_043536_ETHFI-USDT-SWAP_short_trade.json,20260317_043449_ETHFI-USDT-SWAP_short,0.740250036656897,1
1.2742,локальный_защитный_выход_2.0n,858,0.0037900000000000156,D:\GIT\okx-trading-bot\v08x\085\085_4\logs\entry_context\20260317_042107_AXS-USDT-SWAP_short.json,1.2630830447240564,1.266,1.2630830447240564,1.2706630447240563,AXS-USDT-SWAP,0.02191696,1.735195,2.891419,0.00888304,0.703283,1.171906,1.2665,0.0,1.0,-2.341439999999928,-0.23093931061206374,1013.8767600000001,8027.0,Локальный защитный выход 2.0N,401.5300142686709,0.0007580000000000031,short,Turtle 20,2026-03-17 04:35:26,D:\GIT\okx-trading-bot\v08x\085\085_4\logs\trade_context\20260317_043526_AXS-USDT-SWAP_short_trade.json,20260317_042106_AXS-USDT-SWAP_short,1.263,1
0.7618,локальный_защитный_выход_2.0n,54,0.0001299999999999968,,0.740250036656897,0.7618,0.7405100366568971,0.7405100366568971,ETHFI-USDT-SWAP,0.02774996,3.748728,106.730628,0.02025004,2.735567,77.884756,0.7618,0.0,0.0,-4.611692155424041,-2.9111735597375348,0.0,214.0,Локальный защитный выход 2.0N,0.0,0.0,short,Turtle 20,2026-03-17 04:34:43,D:\GIT\okx-trading-bot\v08x\085\085_4\logs\trade_context\20260317_043443_ETHFI-USDT-SWAP_short_trade.json,20260317_043348_ETHFI-USDT-SWAP_short,0.740250036656897,1
89.76,локальный_защитный_выход_2.0n,255,0.7974999999999952,D:\GIT\okx-trading-bot\v08x\085\085_4\logs\entry_context\20260317_043021_SOL-USDT-SWAP_long.json,99.29,97.59,100.37342235449734,97.69500000000002,SOL-USDT-SWAP,9.53,9.598147,5.974922,0.0,0.0,0.0,100.73,15.119999999999976,1.0,-84.1960999999998,-2.6658836669098203,3145.410366666667,31.5,Локальный защитный выход 2.0N,399.0029654076869,1.5949999999999904,long,Turtle 55,2026-03-17 04:34:36,D:\GIT\okx-trading-bot\v08x\085\085_4\logs\trade_context\20260317_043436_SOL-USDT-SWAP_long_trade.json,20260317_043021_SOL-USDT-SWAP_long,97.59,3
0.7618,локальный_защитный_выход_2.0n,51,0.0001299999999999968,,0.740250036656897,0.7618,0.7405100366568971,0.7405100366568971,ETHFI-USDT-SWAP,0.02774996,3.748728,106.730628,0.02025004,2.735567,77.884756,0.7618,0.0,0.0,-4.611692155424041,-2.9111735597375348,0.0,214.0,Локальный защитный выход 2.0N,0.0,0.0,short,Turtle 20,2026-03-17 04:33:42,D:\GIT\okx-trading-bot\v08x\085\085_4\logs\trade_context\20260317_043342_ETHFI-USDT-SWAP_short_trade.json,20260317_043250_ETHFI-USDT-SWAP_short,0.740250036656897,1
0.7618,локальный_защитный_выход_2.0n,53,0.0001299999999999968,,0.740250036656897,0.7618,0.7405100366568971,0.7405100366568971,ETHFI-USDT-SWAP,0.02774996,3.748728,106.730628,0.02025004,2.735567,77.884756,0.7618,0.0,0.0,-4.611692155424041,-2.9111735597375348,0.0,214.0,Локальный защитный выход 2.0N,0.0,0.0,short,Turtle 20,2026-03-17 04:32:44,D:\GIT\okx-trading-bot\v08x\085\085_4\logs\trade_context\20260317_043244_ETHFI-USDT-SWAP_short_trade.json,20260317_043151_ETHFI-USDT-SWAP_short,0.740250036656897,1
0.7618,локальный_защитный_выход_2.0n,53,0.0001299999999999968,,0.740250036656897,0.7618,0.7405100366568971,0.7405100366568971,ETHFI-USDT-SWAP,0.02774996,3.748728,106.730628,0.02025004,2.735567,77.884756,0.7618,0.0,0.0,-4.611692155424041,-2.9111735597375348,0.0,214.0,Локальный защитный выход 2.0N,0.0,0.0,short,Turtle 20,2026-03-17 04:31:45,D:\GIT\okx-trading-bot\v08x\085\085_4\logs\trade_context\20260317_043145_ETHFI-USDT-SWAP_short_trade.json,20260317_043052_ETHFI-USDT-SWAP_short,0.740250036656897,1
0.7618,локальный_защитный_выход_2.0n,58,0.0001299999999999968,,0.740250036656897,0.7618,0.740530036656897,0.740530036656897,ETHFI-USDT-SWAP,0.02774996,3.748728,99.107012,0.02025004,2.735567,72.321559,0.7618,0.0,0.0,-4.611692155424041,-2.9111735597375348,0.0,214.0,Локальный защитный выход 2.0N,0.0,0.0,short,Turtle 20,2026-03-17 04:30:46,D:\GIT\okx-trading-bot\v08x\085\085_4\logs\trade_context\20260317_043046_ETHFI-USDT-SWAP_short_trade.json,20260317_042948_ETHFI-USDT-SWAP_short,0.740250036656897,1
0.7618,локальный_защитный_выход_2.0n,44,0.00013999999999999568,,0.740250036656897,0.7618,0.740530036656897,0.740530036656897,ETHFI-USDT-SWAP,0.02774996,3.748728,99.107012,0.02025004,2.735567,72.321559,0.7618,0.0,0.0,-4.611692155424041,-2.9111735597375348,0.0,214.0,Локальный защитный выход 2.0N,0.0,0.0,short,Turtle 20,2026-03-17 04:29:43,D:\GIT\okx-trading-bot\v08x\085\085_4\logs\trade_context\20260317_042943_ETHFI-USDT-SWAP_short_trade.json,20260317_042858_ETHFI-USDT-SWAP_short,0.740250036656897,1
0.7618,локальный_защитный_выход_2.0n,54,0.00013999999999999568,,0.740250036656897,0.7618,0.740530036656897,0.740530036656897,ETHFI-USDT-SWAP,0.02774996,3.748728,99.107012,0.02025004,2.735567,72.321559,0.7618,0.0,0.0,-4.611692155424041,-2.9111735597375348,0.0,214.0,Локальный защитный выход 2.0N,0.0,0.0,short,Turtle 20,2026-03-17 04:28:46,D:\GIT\okx-trading-bot\v08x\085\085_4\logs\trade_context\20260317_042846_ETHFI-USDT-SWAP_short_trade.json,20260317_042752_ETHFI-USDT-SWAP_short,0.740250036656897,1
0.7618,локальный_защитный_выход_2.0n,63,0.00013999999999999568,,0.740250036656897,0.7618,0.740530036656897,0.740530036656897,ETHFI-USDT-SWAP,0.02774996,3.748728,99.107012,0.02025004,2.735567,72.321559,0.7618,0.0,0.0,-4.611692155424041,-2.9111735597375348,0.0,214.0,Локальный защитный выход 2.0N,0.0,0.0,short,Turtle 20,2026-03-17 04:27:47,D:\GIT\okx-trading-bot\v08x\085\085_4\logs\trade_context\20260317_042747_ETHFI-USDT-SWAP_short_trade.json,20260317_042643_ETHFI-USDT-SWAP_short,0.740250036656897,1
95.1,локальный_защитный_выход_2.0n,390,0.2294999999999959,D:\GIT\okx-trading-bot\v08x\085\085_4\logs\entry_context\20260317_042102_SOL-USDT-SWAP_short.json,92.29,92.9,90.046875,92.749,SOL-USDT-SWAP,5.51,5.970311,12.004357,2.53,2.741359,5.511983,92.9,35.13959999999972,1.0,-26.377800000000054,-2.6203020611914463,4057.6463999999996,11.12,Локальный защитный выход 2.0N,401.4175731660053,0.4589999999999918,short,Turtle 55,2026-03-17 04:27:33,D:\GIT\okx-trading-bot\v08x\085\085_4\logs\trade_context\20260317_042733_SOL-USDT-SWAP_short_trade.json,20260317_042102_SOL-USDT-SWAP_short,89.76,4
0.7618,локальный_защитный_выход_2.0n,55,0.00013999999999999568,,0.740250036656897,0.7618,0.740530036656897,0.740530036656897,ETHFI-USDT-SWAP,0.02774996,3.748728,99.107012,0.02025004,2.735567,72.321559,0.7618,0.0,0.0,-4.611692155424041,-2.9111735597375348,0.0,214.0,Локальный защитный выход 2.0N,0.0,0.0,short,Turtle 20,2026-03-17 04:26:36,D:\GIT\okx-trading-bot\v08x\085\085_4\logs\trade_context\20260317_042636_ETHFI-USDT-SWAP_short_trade.json,20260317_042540_ETHFI-USDT-SWAP_short,0.740250036656897,1
0.7618,локальный_защитный_выход_2.0n,57,0.00013999999999999568,,0.740250036656897,0.7618,0.744970036656897,0.744970036656897,ETHFI-USDT-SWAP,0.02774996,3.748728,5.87923,0.02025004,2.735567,4.290262,0.7618,0.0,0.0,-4.611692155424041,-2.9111735597375348,0.0,214.0,Локальный защитный выход 2.0N,0.0,0.0,short,Turtle 20,2026-03-17 04:25:34,D:\GIT\okx-trading-bot\v08x\085\085_4\logs\trade_context\20260317_042534_ETHFI-USDT-SWAP_short_trade.json,20260317_042437_ETHFI-USDT-SWAP_short,0.740250036656897,1
116.94,локальный_защитный_выход_2.0n,871,6.514500000000001,D:\GIT\okx-trading-bot\v08x\085\085_4\logs\entry_context\20260317_041042_AAVE-USDT-SWAP_long.json,123.65954491017965,122.46,123.65954491017965,110.63054491017965,AAVE-USDT-SWAP,7.44954491,6.024238,0.571766,3.62045509,2.92776,0.277877,123.81,4.3458,1.0,-10.01620000000011,-0.970038270034833,1032.5572,83.5,Локальный защитный выход 2.0N,401.76425362352387,1.3029000000000002,long,Turtle 20,2026-03-17 04:25:14,D:\GIT\okx-trading-bot\v08x\085\085_4\logs\trade_context\20260317_042514_AAVE-USDT-SWAP_long_trade.json,20260317_041041_AAVE-USDT-SWAP_long,119.67,1
0.7618,локальный_защитный_выход_2.0n,58,0.0023599999999999953,,0.740250036656897,0.7618,0.744970036656897,0.744970036656897,ETHFI-USDT-SWAP,0.02774996,3.748728,5.87923,0.02025004,2.735567,4.290262,0.7618,0.0,0.0,-4.611692155424041,-2.9111735597375348,0.0,214.0,Локальный защитный выход 2.0N,0.0,0.0,short,Turtle 20,2026-03-17 04:24:31,D:\GIT\okx-trading-bot\v08x\085\085_4\logs\trade_context\20260317_042431_ETHFI-USDT-SWAP_short_trade.json,20260317_042333_ETHFI-USDT-SWAP_short,0.740250036656897,1
0.7618,локальный_защитный_выход_2.0n,56,0.0023599999999999953,,0.740250036656897,0.7618,0.744970036656897,0.744970036656897,ETHFI-USDT-SWAP,0.02774996,3.748728,5.87923,0.02025004,2.735567,4.290262,0.7618,0.0,0.0,-4.611692155424041,-2.9111735597375348,0.0,214.0,Локальный защитный выход 2.0N,0.0,0.0,short,Turtle 20,2026-03-17 04:23:28,D:\GIT\okx-trading-bot\v08x\085\085_4\logs\trade_context\20260317_042328_ETHFI-USDT-SWAP_short_trade.json,20260317_042231_ETHFI-USDT-SWAP_short,0.740250036656897,1
0.7618,локальный_защитный_выход_2.0n,50,0.0023599999999999953,,0.740250036656897,0.7618,0.744970036656897,0.744970036656897,ETHFI-USDT-SWAP,0.02774996,3.748728,5.87923,0.02025004,2.735567,4.290262,0.7618,0.0,0.0,-4.611692155424041,-2.9111735597375348,0.0,214.0,Локальный защитный выход 2.0N,0.0,0.0,short,Turtle 20,2026-03-17 04:22:26,D:\GIT\okx-trading-bot\v08x\085\085_4\logs\trade_context\20260317_042226_ETHFI-USDT-SWAP_short_trade.json,20260317_042135_ETHFI-USDT-SWAP_short,0.740250036656897,1
0.7618,локальный_защитный_выход_2.0n,57,0.0023599999999999953,,0.740250036656897,0.7618,0.744970036656897,0.744970036656897,ETHFI-USDT-SWAP,0.02774996,3.748728,5.87923,0.02025004,2.735567,4.290262,0.7618,0.0,0.0,-4.611692155424041,-2.9111735597375348,0.0,214.0,Локальный защитный выход 2.0N,0.0,0.0,short,Turtle 20,2026-03-17 04:21:27,D:\GIT\okx-trading-bot\v08x\085\085_4\logs\trade_context\20260317_042127_ETHFI-USDT-SWAP_short_trade.json,20260317_042030_ETHFI-USDT-SWAP_short,0.740250036656897,1
0.7618,локальный_защитный_выход_2.0n,66,0.0023599999999999953,,0.740250036656897,0.7618,0.747820036656897,0.747820036656897,ETHFI-USDT-SWAP,0.02774996,3.748728,3.665781,0.02025004,2.735567,2.675038,0.7618,0.0,0.0,-4.611692155424041,-2.9111735597375348,0.0,214.0,Локальный защитный выход 2.0N,0.0,0.0,short,Turtle 20,2026-03-17 04:20:22,D:\GIT\okx-trading-bot\v08x\085\085_4\logs\trade_context\20260317_042022_ETHFI-USDT-SWAP_short_trade.json,20260317_041916_ETHFI-USDT-SWAP_short,0.740250036656897,1
0.295,локальный_защитный_выход_2.0n,301,0.00011499999999999567,D:\GIT\okx-trading-bot\v08x\085\085_4\logs\entry_context\20260317_041514_TRX-USDT-SWAP_long.json,0.295799442896936,0.2955,0.295569442896936,0.295569442896936,TRX-USDT-SWAP,0.00609944,2.06202,26.519317,0.00040056,0.135415,1.741553,0.2958,0.0019999999998099,1.0,-1.0750000000002706,-0.10123173120388262,1061.9200000000003,3.59,Локальный защитный выход 2.0N,401.3771729838369,0.22999999999999132,long,Turtle 20,2026-03-17 04:20:15,D:\GIT\okx-trading-bot\v08x\085\085_4\logs\trade_context\20260317_042015_TRX-USDT-SWAP_long_trade.json,20260317_041514_TRX-USDT-SWAP_long,0.2955,1
0.7618,локальный_защитный_выход_2.0n,67,0.0037849999999999993,,0.740250036656897,0.7618,0.747820036656897,0.747820036656897,ETHFI-USDT-SWAP,0.02774996,3.748728,3.665781,0.02025004,2.735567,2.675038,0.7618,0.0,0.0,-4.611692155424041,-2.9111735597375348,0.0,214.0,Локальный защитный выход 2.0N,0.0,0.0,short,Turtle 20,2026-03-17 04:19:08,D:\GIT\okx-trading-bot\v08x\085\085_4\logs\trade_context\20260317_041908_ETHFI-USDT-SWAP_short_trade.json,20260317_041801_ETHFI-USDT-SWAP_short,0.740250036656897,1
0.7618,локальный_защитный_выход_2.0n,63,0.0037849999999999993,,0.740250036656897,0.7618,0.747820036656897,0.747820036656897,ETHFI-USDT-SWAP,0.02774996,3.748728,3.665781,0.02025004,2.735567,2.675038,0.7618,0.0,0.0,-4.611692155424041,-2.9111735597375348,0.0,214.0,Локальный защитный выход 2.0N,0.0,0.0,short,Turtle 20,2026-03-17 04:17:54,D:\GIT\okx-trading-bot\v08x\085\085_4\logs\trade_context\20260317_041754_ETHFI-USDT-SWAP_short_trade.json,20260317_041651_ETHFI-USDT-SWAP_short,0.740250036656897,1
0.3883,локальный_защитный_выход_2.0n,96,0.003895000000000004,D:\GIT\okx-trading-bot\v08x\085\085_4\logs\entry_context\20260317_041611_ETHW-USDT-SWAP_long.json,0.4046609268425772,0.4087,0.8095166036851544,0.3968709268425772,ETHW-USDT-SWAP,0.02686093,6.637885,3.448129,0.00453907,1.121698,0.582679,0.4087,9.849909999999596,1.0,10.363049999999681,0.998137672677772,2076.4770800000006,25657.0,Локальный защитный выход 2.0N,401.53209915947235,0.0007790000000000008,long,Turtle 55,2026-03-17 04:17:47,D:\GIT\okx-trading-bot\v08x\085\085_4\logs\trade_context\20260317_041747_ETHW-USDT-SWAP_long_trade.json,20260317_041611_ETHW-USDT-SWAP_long,0.4046609268425772,2
0.7618,локальный_защитный_выход_2.0n,60,0.0037849999999999993,,0.740250036656897,0.7618,0.747820036656897,0.747820036656897,ETHFI-USDT-SWAP,0.02774996,3.748728,3.665781,0.02025004,2.735567,2.675038,0.7618,0.0,0.0,-4.611692155424041,-2.9111735597375348,0.0,214.0,Локальный защитный выход 2.0N,0.0,0.0,short,Turtle 20,2026-03-17 04:16:40,D:\GIT\okx-trading-bot\v08x\085\085_4\logs\trade_context\20260317_041640_ETHFI-USDT-SWAP_short_trade.json,20260317_041539_ETHFI-USDT-SWAP_short,0.740250036656897,1
0.7618,локальный_защитный_выход_2.0n,50,0.0037849999999999993,,0.740250036656897,0.7618,0.747820036656897,0.747820036656897,ETHFI-USDT-SWAP,0.02774996,3.748728,3.665781,0.02025004,2.735567,2.675038,0.7618,0.0,0.0,-4.611692155424041,-2.9111735597375348,0.0,214.0,Локальный защитный выход 2.0N,0.0,0.0,short,Turtle 20,2026-03-17 04:15:32,D:\GIT\okx-trading-bot\v08x\085\085_4\logs\trade_context\20260317_041532_ETHFI-USDT-SWAP_short_trade.json,20260317_041442_ETHFI-USDT-SWAP_short,0.740250036656897,1
0.7618,локальный_защитный_выход_2.0n,45,0.0037849999999999993,,0.740250036656897,0.7618,0.747820036656897,0.747820036656897,ETHFI-USDT-SWAP,0.02774996,3.748728,3.665781,0.02025004,2.735567,2.675038,0.7618,0.0,0.0,-4.611692155424041,-2.9111735597375348,0.0,214.0,Локальный защитный выход 2.0N,0.0,0.0,short,Turtle 20,2026-03-17 04:14:36,D:\GIT\okx-trading-bot\v08x\085\085_4\logs\trade_context\20260317_041436_ETHFI-USDT-SWAP_short_trade.json,20260317_041351_ETHFI-USDT-SWAP_short,0.740250036656897,1
0.7618,локальный_защитный_выход_2.0n,46,0.0037849999999999993,,0.740250036656897,0.7618,0.747820036656897,0.747820036656897,ETHFI-USDT-SWAP,0.02774996,3.748728,3.665781,0.02025004,2.735567,2.675038,0.7618,0.0,0.0,-4.611692155424041,-2.9111735597375348,0.0,214.0,Локальный защитный выход 2.0N,0.0,0.0,short,Turtle 20,2026-03-17 04:13:44,D:\GIT\okx-trading-bot\v08x\085\085_4\logs\trade_context\20260317_041344_ETHFI-USDT-SWAP_short_trade.json,20260317_041258_ETHFI-USDT-SWAP_short,0.740250036656897,1
0.7618,локальный_защитный_выход_2.0n,51,0.0037849999999999993,,0.740250036656897,0.7618,0.747820036656897,0.747820036656897,ETHFI-USDT-SWAP,0.02774996,3.748728,3.665781,0.02025004,2.735567,2.675038,0.7618,0.0,0.0,-4.611692155424041,-2.9111735597375348,0.0,214.0,Локальный защитный выход 2.0N,0.0,0.0,short,Turtle 20,2026-03-17 04:12:53,D:\GIT\okx-trading-bot\v08x\085\085_4\logs\trade_context\20260317_041253_ETHFI-USDT-SWAP_short_trade.json,20260317_041201_ETHFI-USDT-SWAP_short,0.740250036656897,1
2340.0,локальный_защитный_выход_2.0n,125,15.550000000000045,D:\GIT\okx-trading-bot\v08x\085\085_4\logs\entry_context\20260317_041037_ETH-USDT-SWAP_long.json,2423.0,2366.0,2428.7775,2391.9,ETH-USDT-SWAP,83.0,3.425506,2.66881,0.0,0.0,0.0,2441.23,11.172460000000113,1.0,-59.362,-2.753801890669955,2151.2079999999996,8.86,Локальный защитный выход 2.0N,401.7863045166158,3.110000000000009,long,Turtle 55,2026-03-17 04:12:43,D:\GIT\okx-trading-bot\v08x\085\085_4\logs\trade_context\20260317_041243_ETH-USDT-SWAP_long_trade.json,20260317_041037_ETH-USDT-SWAP_long,2366.0,2
0.7618,локальный_защитный_выход_2.0n,49,0.0037849999999999993,,0.740250036656897,0.7618,0.747820036656897,0.747820036656897,ETHFI-USDT-SWAP,0.02774996,3.748728,3.665781,0.02025004,2.735567,2.675038,0.7618,0.0,0.0,-4.611692155424041,-2.9111735597375348,0.0,214.0,Локальный защитный выход 2.0N,0.0,0.0,short,Turtle 20,2026-03-17 04:11:55,D:\GIT\okx-trading-bot\v08x\085\085_4\logs\trade_context\20260317_041155_ETHFI-USDT-SWAP_short_trade.json,20260317_041105_ETHFI-USDT-SWAP_short,0.740250036656897,1
0.7618,локальный_защитный_выход_2.0n,53,0.0037849999999999993,,0.740250036656897,0.7618,0.747820036656897,0.747820036656897,ETHFI-USDT-SWAP,0.02774996,3.748728,3.665781,0.02025004,2.735567,2.675038,0.7618,0.0,0.0,-4.611692155424041,-2.9111735597375348,0.0,214.0,Локальный защитный выход 2.0N,0.0,0.0,short,Turtle 20,2026-03-17 04:10:58,D:\GIT\okx-trading-bot\v08x\085\085_4\logs\trade_context\20260317_041058_ETHFI-USDT-SWAP_short_trade.json,20260317_041005_ETHFI-USDT-SWAP_short,0.740250036656897,1
0.764,локальный_защитный_выход_2.0n,47,0.0037849999999999993,,0.740250036656897,0.7618,0.747820036656897,0.747820036656897,ETHFI-USDT-SWAP,0.02774996,3.748728,3.665781,0.02025004,2.735567,2.675038,0.7618,0.0,0.0,-4.611692155424041,-2.9111735597375348,0.0,214.0,Локальный защитный выход 2.0N,0.0,0.0,short,Turtle 20,2026-03-17 04:09:59,D:\GIT\okx-trading-bot\v08x\085\085_4\logs\trade_context\20260317_040959_ETHFI-USDT-SWAP_short_trade.json,20260317_040912_ETHFI-USDT-SWAP_short,0.740250036656897,1
0.764,локальный_защитный_выход_2.0n,50,0.0037849999999999993,,0.740250036656897,0.7618,0.747820036656897,0.747820036656897,ETHFI-USDT-SWAP,0.02774996,3.748728,3.665781,0.02025004,2.735567,2.675038,0.7618,0.0,0.0,-4.611692155424041,-2.9111735597375348,0.0,214.0,Локальный защитный выход 2.0N,0.0,0.0,short,Turtle 20,2026-03-17 04:09:06,D:\GIT\okx-trading-bot\v08x\085\085_4\logs\trade_context\20260317_040906_ETHFI-USDT-SWAP_short_trade.json,20260317_040815_ETHFI-USDT-SWAP_short,0.740250036656897,1
0.764,локальный_защитный_выход_2.0n,49,0.0037849999999999993,,0.740250036656897,0.7618,0.747820036656897,0.747820036656897,ETHFI-USDT-SWAP,0.02774996,3.748728,3.665781,0.02025004,2.735567,2.675038,0.7618,0.0,0.0,-4.611692155424041,-2.9111735597375348,0.0,214.0,Локальный защитный выход 2.0N,0.0,0.0,short,Turtle 20,2026-03-17 04:08:08,D:\GIT\okx-trading-bot\v08x\085\085_4\logs\trade_context\20260317_040808_ETHFI-USDT-SWAP_short_trade.json,20260317_040719_ETHFI-USDT-SWAP_short,0.740250036656897,1
0.764,локальный_защитный_выход_2.0n,60,0.0037849999999999993,,0.740250036656897,0.7618,0.747820036656897,0.747820036656897,ETHFI-USDT-SWAP,0.02774996,3.748728,3.665781,0.02025004,2.735567,2.675038,0.7618,0.0,0.0,-4.611692155424041,-2.9111735597375348,0.0,214.0,Локальный защитный выход 2.0N,0.0,0.0,short,Turtle 20,2026-03-17 04:07:09,D:\GIT\okx-trading-bot\v08x\085\085_4\logs\trade_context\20260317_040709_ETHFI-USDT-SWAP_short_trade.json,20260317_040608_ETHFI-USDT-SWAP_short,0.740250036656897,1
81.18,локальный_защитный_выход_2.0n,74,0.15500000000000042,D:\GIT\okx-trading-bot\v08x\085\085_4\logs\entry_context\20260317_040548_XAG-USDT-SWAP_short.json,79.85025899280575,80.45,80.16025899280575,80.16025899280575,XAG-USDT-SWAP,1.32974101,1.665293,4.289487,0.0,0.0,0.0,80.45,0.0,1.0,-8.336400000000129,-0.7510821063815066,1109.9186,1390.0,Локальный защитный выход 2.0N,402.72384338001814,0.0031000000000000086,short,Turtle 55,2026-03-17 04:07:02,D:\GIT\okx-trading-bot\v08x\085\085_4\logs\trade_context\20260317_040702_XAG-USDT-SWAP_short_trade.json,20260317_040547_XAG-USDT-SWAP_short,79.81,1
1.204,локальный_защитный_выход_2.0n,1859,0.03500000000000002,D:\GIT\okx-trading-bot\v08x\085\085_4\logs\entry_context\20260317_033553_LIT-USDT-SWAP_short.json,1.1490967741935485,1.234,1.1490967741935485,1.2190967741935486,LIT-USDT-SWAP,0.09190323,7.997866,1.312903,0.01509677,1.313795,0.215668,1.234,14.040000000000198,1.0,-34.77999999999988,-3.125336975665853,1068.66,93.0,Локальный защитный выход 2.0N,402.7574817588088,0.7000000000000004,short,Turtle 20,2026-03-17 04:06:52,D:\GIT\okx-trading-bot\v08x\085\085_4\logs\trade_context\20260317_040652_LIT-USDT-SWAP_short_trade.json,20260317_033553_LIT-USDT-SWAP_short,1.135,1
0.764,локальный_защитный_выход_2.0n,51,0.0037849999999999993,,0.740250036656897,0.7618,0.747820036656897,0.747820036656897,ETHFI-USDT-SWAP,0.02774996,3.748728,3.665781,0.02025004,2.735567,2.675038,0.7618,0.0,0.0,-4.611692155424041,-2.9111735597375348,0.0,214.0,Локальный защитный выход 2.0N,0.0,0.0,short,Turtle 20,2026-03-17 04:06:01,D:\GIT\okx-trading-bot\v08x\085\085_4\logs\trade_context\20260317_040601_ETHFI-USDT-SWAP_short_trade.json,20260317_040509_ETHFI-USDT-SWAP_short,0.740250036656897,1
0.7644,локальный_защитный_выход_2.0n,50,0.0037849999999999993,,0.740250036656897,0.7618,0.747820036656897,0.747820036656897,ETHFI-USDT-SWAP,0.02774996,3.748728,3.665781,0.02025004,2.735567,2.675038,0.7618,0.0,0.0,-4.611692155424041,-2.9111735597375348,0.0,214.0,Локальный защитный выход 2.0N,0.0,0.0,short,Turtle 20,2026-03-17 04:05:03,D:\GIT\okx-trading-bot\v08x\085\085_4\logs\trade_context\20260317_040503_ETHFI-USDT-SWAP_short_trade.json,20260317_040413_ETHFI-USDT-SWAP_short,0.740250036656897,1
8.567,локальный_защитный_выход_2.0n,866,0.09080000000000003,D:\GIT\okx-trading-bot\v08x\085\085_4\logs\entry_context\20260317_035030_AVAX-USDT-SWAP_short.json,8.062247958426132,7.985,7.91811027282851,8.243847958426132,AVAX-USDT-SWAP,1.24775204,15.476478,6.870881,0.18724796,2.322528,1.031101,8.077,48.385700000000504,1.0,-7.649499999999543,-0.1781161922043469,4316.6868583333335,538.8,Локальный защитный выход 2.0N,403.57097372649827,0.18160000000000007,short,Turtle 55,2026-03-17 04:04:56,D:\GIT\okx-trading-bot\v08x\085\085_4\logs\trade_context\20260317_040456_AVAX-USDT-SWAP_short_trade.json,20260317_035030_AVAX-USDT-SWAP_short,7.875,4
0.7644,локальный_защитный_выход_2.0n,42,0.0037849999999999993,,0.740250036656897,0.7618,0.747820036656897,0.747820036656897,ETHFI-USDT-SWAP,0.02774996,3.748728,3.665781,0.02025004,2.735567,2.675038,0.7618,0.0,0.0,-4.611692155424041,-2.9111735597375348,0.0,214.0,Локальный защитный выход 2.0N,0.0,0.0,short,Turtle 20,2026-03-17 04:04:07,D:\GIT\okx-trading-bot\v08x\085\085_4\logs\trade_context\20260317_040407_ETHFI-USDT-SWAP_short_trade.json,20260317_040325_ETHFI-USDT-SWAP_short,0.740250036656897,1
0.7644,локальный_защитный_выход_2.0n,48,0.0037849999999999993,,0.740250036656897,0.7618,0.747820036656897,0.747820036656897,ETHFI-USDT-SWAP,0.02774996,3.748728,3.665781,0.02025004,2.735567,2.675038,0.7618,0.0,0.0,-4.611692155424041,-2.9111735597375348,0.0,214.0,Локальный защитный выход 2.0N,0.0,0.0,short,Turtle 20,2026-03-17 04:03:18,D:\GIT\okx-trading-bot\v08x\085\085_4\logs\trade_context\20260317_040318_ETHFI-USDT-SWAP_short_trade.json,20260317_040230_ETHFI-USDT-SWAP_short,0.740250036656897,1
0.7644,локальный_защитный_выход_2.0n,50,0.0037849999999999993,,0.740250036656897,0.7618,0.747820036656897,0.747820036656897,ETHFI-USDT-SWAP,0.02774996,3.748728,3.665781,0.02025004,2.735567,2.675038,0.7618,0.0,0.0,-4.611692155424041,-2.9111735597375348,0.0,214.0,Локальный защитный выход 2.0N,0.0,0.0,short,Turtle 20,2026-03-17 04:02:24,D:\GIT\okx-trading-bot\v08x\085\085_4\logs\trade_context\20260317_040224_ETHFI-USDT-SWAP_short_trade.json,20260317_040134_ETHFI-USDT-SWAP_short,0.740250036656897,1
0.7644,локальный_защитный_выход_2.0n,42,0.0037849999999999993,,0.740250036656897,0.7618,0.747820036656897,0.747820036656897,ETHFI-USDT-SWAP,0.02774996,3.748728,3.665781,0.02025004,2.735567,2.675038,0.7618,0.0,0.0,-4.611692155424041,-2.9111735597375348,0.0,214.0,Локальный защитный выход 2.0N,0.0,0.0,short,Turtle 20,2026-03-17 04:01:29,D:\GIT\okx-trading-bot\v08x\085\085_4\logs\trade_context\20260317_040129_ETHFI-USDT-SWAP_short_trade.json,20260317_040046_ETHFI-USDT-SWAP_short,0.740250036656897,1
0.7644,локальный_защитный_выход_2.0n,47,0.0037849999999999993,,0.740250036656897,0.7618,0.747820036656897,0.747820036656897,ETHFI-USDT-SWAP,0.02774996,3.748728,3.665781,0.02025004,2.735567,2.675038,0.7618,0.0,0.0,-4.611692155424041,-2.9111735597375348,0.0,214.0,Локальный защитный выход 2.0N,0.0,0.0,short,Turtle 20,2026-03-17 04:00:40,D:\GIT\okx-trading-bot\v08x\085\085_4\logs\trade_context\20260317_040040_ETHFI-USDT-SWAP_short_trade.json,20260317_035953_ETHFI-USDT-SWAP_short,0.740250036656897,1
81.18,локальный_защитный_выход_2.0n,910,0.11550000000000012,D:\GIT\okx-trading-bot\v08x\085\085_4\logs\entry_context\20260317_034520_XAG-USDT-SWAP_short.json,80.25,80.44,80.25,80.481,XAG-USDT-SWAP,0.93,1.158879,4.025974,0.0,0.0,0.0,80.44,0.0,1.0,-2.595399999999969,-0.2367601246105891,1096.215,1366.0,Локальный защитный выход 2.0N,403.52816466841244,0.0023100000000000026,short,Turtle 55,2026-03-17 04:00:30,D:\GIT\okx-trading-bot\v08x\085\085_4\logs\trade_context\20260317_040030_XAG-USDT-SWAP_short_trade.json,20260317_034519_XAG-USDT-SWAP_short,80.25,1
0.7644,локальный_защитный_выход_2.0n,49,0.0037849999999999993,,0.740250036656897,0.7618,0.747820036656897,0.747820036656897,ETHFI-USDT-SWAP,0.02774996,3.748728,3.665781,0.02025004,2.735567,2.675038,0.7618,0.0,0.0,-4.611692155424041,-2.9111735597375348,0.0,214.0,Локальный защитный выход 2.0N,0.0,0.0,short,Turtle 20,2026-03-17 03:59:47,D:\GIT\okx-trading-bot\v08x\085\085_4\logs\trade_context\20260317_035947_ETHFI-USDT-SWAP_short_trade.json,20260317_035858_ETHFI-USDT-SWAP_short,0.740250036656897,1
0.7644,локальный_защитный_выход_2.0n,50,0.0037849999999999993,,0.740250036656897,0.7618,0.747820036656897,0.747820036656897,ETHFI-USDT-SWAP,0.02774996,3.748728,3.665781,0.02025004,2.735567,2.675038,0.7618,0.0,0.0,-4.611692155424041,-2.9111735597375348,0.0,214.0,Локальный защитный выход 2.0N,0.0,0.0,short,Turtle 20,2026-03-17 03:58:51,D:\GIT\okx-trading-bot\v08x\085\085_4\logs\trade_context\20260317_035851_ETHFI-USDT-SWAP_short_trade.json,20260317_035801_ETHFI-USDT-SWAP_short,0.740250036656897,1
0.7644,локальный_защитный_выход_2.0n,46,0.0037849999999999993,,0.740250036656897,0.7618,0.747820036656897,0.747820036656897,ETHFI-USDT-SWAP,0.02774996,3.748728,3.665781,0.02025004,2.735567,2.675038,0.7618,0.0,0.0,-4.611692155424041,-2.9111735597375348,0.0,214.0,Локальный защитный выход 2.0N,0.0,0.0,short,Turtle 20,2026-03-17 03:57:55,D:\GIT\okx-trading-bot\v08x\085\085_4\logs\trade_context\20260317_035755_ETHFI-USDT-SWAP_short_trade.json,20260317_035709_ETHFI-USDT-SWAP_short,0.740250036656897,1
0.7644,локальный_защитный_выход_2.0n,45,0.0037849999999999993,,0.740250036656897,0.7618,0.747820036656897,0.747820036656897,ETHFI-USDT-SWAP,0.02774996,3.748728,3.665781,0.02025004,2.735567,2.675038,0.7618,0.0,0.0,-4.611692155424041,-2.9111735597375348,0.0,214.0,Локальный защитный выход 2.0N,0.0,0.0,short,Turtle 20,2026-03-17 03:57:03,D:\GIT\okx-trading-bot\v08x\085\085_4\logs\trade_context\20260317_035703_ETHFI-USDT-SWAP_short_trade.json,20260317_035618_ETHFI-USDT-SWAP_short,0.740250036656897,1
0.7644,локальный_защитный_выход_2.0n,49,0.0037849999999999993,,0.740250036656897,0.7618,0.747820036656897,0.747820036656897,ETHFI-USDT-SWAP,0.02774996,3.748728,3.665781,0.02025004,2.735567,2.675038,0.7618,0.0,0.0,-4.611692155424041,-2.9111735597375348,0.0,214.0,Локальный защитный выход 2.0N,0.0,0.0,short,Turtle 20,2026-03-17 03:56:13,D:\GIT\okx-trading-bot\v08x\085\085_4\logs\trade_context\20260317_035613_ETHFI-USDT-SWAP_short_trade.json,20260317_035523_ETHFI-USDT-SWAP_short,0.740250036656897,1
0.7644,локальный_защитный_выход_2.0n,49,0.0037849999999999993,,0.740250036656897,0.7618,0.747820036656897,0.747820036656897,ETHFI-USDT-SWAP,0.02774996,3.748728,3.665781,0.02025004,2.735567,2.675038,0.7618,0.0,0.0,-4.611692155424041,-2.9111735597375348,0.0,214.0,Локальный защитный выход 2.0N,0.0,0.0,short,Turtle 20,2026-03-17 03:55:17,D:\GIT\okx-trading-bot\v08x\085\085_4\logs\trade_context\20260317_035517_ETHFI-USDT-SWAP_short_trade.json,20260317_035428_ETHFI-USDT-SWAP_short,0.740250036656897,1
0.7644,локальный_защитный_выход_2.0n,50,0.0037849999999999993,,0.740250036656897,0.7618,0.747820036656897,0.747820036656897,ETHFI-USDT-SWAP,0.02774996,3.748728,3.665781,0.02025004,2.735567,2.675038,0.7618,0.0,0.0,-4.611692155424041,-2.9111735597375348,0.0,214.0,Локальный защитный выход 2.0N,0.0,0.0,short,Turtle 20,2026-03-17 03:54:22,D:\GIT\okx-trading-bot\v08x\085\085_4\logs\trade_context\20260317_035422_ETHFI-USDT-SWAP_short_trade.json,20260317_035331_ETHFI-USDT-SWAP_short,0.740250036656897,1
0.7644,локальный_защитный_выход_2.0n,44,0.0037849999999999993,,0.740250036656897,0.7618,0.747820036656897,0.747820036656897,ETHFI-USDT-SWAP,0.02774996,3.748728,3.665781,0.02025004,2.735567,2.675038,0.7618,0.0,0.0,-4.611692155424041,-2.9111735597375348,0.0,214.0,Локальный защитный выход 2.0N,0.0,0.0,short,Turtle 20,2026-03-17 03:53:26,D:\GIT\okx-trading-bot\v08x\085\085_4\logs\trade_context\20260317_035326_ETHFI-USDT-SWAP_short_trade.json,20260317_035241_ETHFI-USDT-SWAP_short,0.740250036656897,1
0.7644,локальный_защитный_выход_2.0n,45,0.0037849999999999993,,0.740250036656897,0.7618,0.747820036656897,0.747820036656897,ETHFI-USDT-SWAP,0.02774996,3.748728,3.665781,0.02025004,2.735567,2.675038,0.7618,0.0,0.0,-4.611692155424041,-2.9111735597375348,0.0,214.0,Локальный защитный выход 2.0N,0.0,0.0,short,Turtle 20,2026-03-17 03:52:35,D:\GIT\okx-trading-bot\v08x\085\085_4\logs\trade_context\20260317_035235_ETHFI-USDT-SWAP_short_trade.json,20260317_035149_ETHFI-USDT-SWAP_short,0.740250036656897,1
0.7644,локальный_защитный_выход_2.0n,45,0.0037849999999999993,,0.740250036656897,0.7618,0.747820036656897,0.747820036656897,ETHFI-USDT-SWAP,0.02774996,3.748728,3.665781,0.02025004,2.735567,2.675038,0.7618,0.0,0.0,-4.611692155424041,-2.9111735597375348,0.0,214.0,Локальный защитный выход 2.0N,0.0,0.0,short,Turtle 20,2026-03-17 03:51:43,D:\GIT\okx-trading-bot\v08x\085\085_4\logs\trade_context\20260317_035143_ETHFI-USDT-SWAP_short_trade.json,20260317_035058_ETHFI-USDT-SWAP_short,0.740250036656897,1
0.7644,локальный_защитный_выход_2.0n,53,0.0037849999999999993,,0.740250036656897,0.7618,0.747820036656897,0.747820036656897,ETHFI-USDT-SWAP,0.02774996,3.748728,3.665781,0.02025004,2.735567,2.675038,0.7618,0.0,0.0,-4.611692155424041,-2.9111735597375348,0.0,214.0,Локальный защитный выход 2.0N,0.0,0.0,short,Turtle 20,2026-03-17 03:50:51,D:\GIT\okx-trading-bot\v08x\085\085_4\logs\trade_context\20260317_035051_ETHFI-USDT-SWAP_short_trade.json,20260317_034958_ETHFI-USDT-SWAP_short,0.740250036656897,1
723.0,локальный_защитный_выход_2.0n,888,1.3149999999999806,D:\GIT\okx-trading-bot\v08x\085\085_4\logs\entry_context\20260317_033549_BNB-USDT-SWAP_long.json,734.8,733.8,734.8,732.17,BNB-USDT-SWAP,14.6,1.986935,5.551331,0.0,0.0,0.0,734.8,0.0,1.0,-1.48,-0.1360914534567229,1087.504,148.0,Локальный защитный выход 2.0N,402.7783139037544,0.026299999999999612,long,Turtle 55,2026-03-17 03:50:37,D:\GIT\okx-trading-bot\v08x\085\085_4\logs\trade_context\20260317_035037_BNB-USDT-SWAP_long_trade.json,20260317_033549_BNB-USDT-SWAP_long,733.8,1
0.7644,локальный_защитный_выход_2.0n,44,0.0037849999999999993,,0.740250036656897,0.7618,0.747820036656897,0.747820036656897,ETHFI-USDT-SWAP,0.02774996,3.748728,3.665781,0.02025004,2.735567,2.675038,0.7618,0.0,0.0,-4.611692155424041,-2.9111735597375348,0.0,214.0,Локальный защитный выход 2.0N,0.0,0.0,short,Turtle 20,2026-03-17 03:49:52,D:\GIT\okx-trading-bot\v08x\085\085_4\logs\trade_context\20260317_034952_ETHFI-USDT-SWAP_short_trade.json,20260317_034908_ETHFI-USDT-SWAP_short,0.740250036656897,1
0.7644,локальный_защитный_выход_2.0n,44,0.0037849999999999993,,0.740250036656897,0.7618,0.747820036656897,0.747820036656897,ETHFI-USDT-SWAP,0.02774996,3.748728,3.665781,0.02025004,2.735567,2.675038,0.7618,0.0,0.0,-4.611692155424041,-2.9111735597375348,0.0,214.0,Локальный защитный выход 2.0N,0.0,0.0,short,Turtle 20,2026-03-17 03:49:02,D:\GIT\okx-trading-bot\v08x\085\085_4\logs\trade_context\20260317_034902_ETHFI-USDT-SWAP_short_trade.json,20260317_034817_ETHFI-USDT-SWAP_short,0.740250036656897,1
0.7644,локальный_защитный_выход_2.0n,44,0.0037849999999999993,,0.740250036656897,0.7618,0.747820036656897,0.747820036656897,ETHFI-USDT-SWAP,0.02774996,3.748728,3.665781,0.02025004,2.735567,2.675038,0.7618,0.0,0.0,-4.611692155424041,-2.9111735597375348,0.0,214.0,Локальный защитный выход 2.0N,0.0,0.0,short,Turtle 20,2026-03-17 03:48:10,D:\GIT\okx-trading-bot\v08x\085\085_4\logs\trade_context\20260317_034810_ETHFI-USDT-SWAP_short_trade.json,20260317_034726_ETHFI-USDT-SWAP_short,0.740250036656897,1
0.7644,локальный_защитный_выход_2.0n,45,0.0037849999999999993,,0.740250036656897,0.7618,0.747820036656897,0.747820036656897,ETHFI-USDT-SWAP,0.02774996,3.748728,3.665781,0.02025004,2.735567,2.675038,0.7618,0.0,0.0,-4.611692155424041,-2.9111735597375348,0.0,214.0,Локальный защитный выход 2.0N,0.0,0.0,short,Turtle 20,2026-03-17 03:47:20,D:\GIT\okx-trading-bot\v08x\085\085_4\logs\trade_context\20260317_034720_ETHFI-USDT-SWAP_short_trade.json,20260317_034635_ETHFI-USDT-SWAP_short,0.740250036656897,1
0.7644,локальный_защитный_выход_2.0n,43,0.0037849999999999993,,0.740250036656897,0.7618,0.747820036656897,0.747820036656897,ETHFI-USDT-SWAP,0.02774996,3.748728,3.665781,0.02025004,2.735567,2.675038,0.7618,0.0,0.0,-4.611692155424041,-2.9111735597375348,0.0,214.0,Локальный защитный выход 2.0N,0.0,0.0,short,Turtle 20,2026-03-17 03:46:30,D:\GIT\okx-trading-bot\v08x\085\085_4\logs\trade_context\20260317_034630_ETHFI-USDT-SWAP_short_trade.json,20260317_034546_ETHFI-USDT-SWAP_short,0.740250036656897,1
0.7644,локальный_защитный_выход_2.0n,52,0.0037849999999999993,,0.740250036656897,0.7618,0.747940036656897,0.747940036656897,ETHFI-USDT-SWAP,0.02774996,3.748728,3.608578,0.02025004,2.735567,2.633295,0.7618,0.0,0.0,-4.611692155424041,-2.9111735597375348,0.0,214.0,Локальный защитный выход 2.0N,0.0,0.0,short,Turtle 20,2026-03-17 03:45:39,D:\GIT\okx-trading-bot\v08x\085\085_4\logs\trade_context\20260317_034539_ETHFI-USDT-SWAP_short_trade.json,20260317_034447_ETHFI-USDT-SWAP_short,0.740250036656897,1
0.0616,локальный_защитный_выход_2.0n,872,0.0002649999999999993,D:\GIT\okx-trading-bot\v08x\085\085_4\logs\entry_context\20260317_033054_MINA-USDT-SWAP_short.json,0.0611860376616078,0.06125,0.0611860376616078,0.0617160376616078,MINA-USDT-SWAP,0.00419396,6.854443,7.913136,0.00255604,4.177485,4.822713,0.06144,0.2853100000027583,1.0,-1.1378899999971837,-0.10453747429428852,1088.4996100000028,17790.0,Локальный защитный выход 2.0N,402.1877246430057,0.0005299999999999986,short,Turtle 55,2026-03-17 03:45:26,D:\GIT\okx-trading-bot\v08x\085\085_4\logs\trade_context\20260317_034526_MINA-USDT-SWAP_short_trade.json,20260317_033053_MINA-USDT-SWAP_short,0.0611860376616078,1
0.7644,локальный_защитный_выход_2.0n,46,0.0038449999999999986,,0.740250036656897,0.7618,0.747940036656897,0.747940036656897,ETHFI-USDT-SWAP,0.02774996,3.748728,3.608578,0.02025004,2.735567,2.633295,0.7618,0.0,0.0,-4.611692155424041,-2.9111735597375348,0.0,214.0,Локальный защитный выход 2.0N,0.0,0.0,short,Turtle 20,2026-03-17 03:44:41,D:\GIT\okx-trading-bot\v08x\085\085_4\logs\trade_context\20260317_034441_ETHFI-USDT-SWAP_short_trade.json,20260317_034355_ETHFI-USDT-SWAP_short,0.740250036656897,1
0.7644,локальный_защитный_выход_2.0n,47,0.0038449999999999986,,0.740250036656897,0.7618,0.747940036656897,0.747940036656897,ETHFI-USDT-SWAP,0.02774996,3.748728,3.608578,0.02025004,2.735567,2.633295,0.7618,0.0,0.0,-4.611692155424041,-2.9111735597375348,0.0,214.0,Локальный защитный выход 2.0N,0.0,0.0,short,Turtle 20,2026-03-17 03:43:49,D:\GIT\okx-trading-bot\v08x\085\085_4\logs\trade_context\20260317_034349_ETHFI-USDT-SWAP_short_trade.json,20260317_034302_ETHFI-USDT-SWAP_short,0.740250036656897,1
0.7644,локальный_защитный_выход_2.0n,45,0.0038449999999999986,,0.740250036656897,0.7618,0.747940036656897,0.747940036656897,ETHFI-USDT-SWAP,0.02774996,3.748728,3.608578,0.02025004,2.735567,2.633295,0.7618,0.0,0.0,-11.981779618765266,-2.911173559737535,0.0,556.0,Локальный защитный выход 2.0N,0.0,0.0,short,Turtle 20,2026-03-17 03:42:56,D:\GIT\okx-trading-bot\v08x\085\085_4\logs\trade_context\20260317_034256_ETHFI-USDT-SWAP_short_trade.json,20260317_034211_ETHFI-USDT-SWAP_short,0.740250036656897,1
0.7644,локальный_защитный_выход_2.0n,46,0.0038449999999999986,,0.740250036656897,0.7618,0.747940036656897,0.747940036656897,ETHFI-USDT-SWAP,0.02774996,3.748728,3.608578,0.02025004,2.735567,2.633295,0.7618,0.0,0.0,-11.981779618765266,-2.911173559737535,0.0,556.0,Локальный защитный выход 2.0N,0.0,0.0,short,Turtle 20,2026-03-17 03:42:06,D:\GIT\okx-trading-bot\v08x\085\085_4\logs\trade_context\20260317_034206_ETHFI-USDT-SWAP_short_trade.json,20260317_034119_ETHFI-USDT-SWAP_short,0.740250036656897,1
0.7644,локальный_защитный_выход_2.0n,52,0.0038449999999999986,,0.740250036656897,0.7618,0.747940036656897,0.747940036656897,ETHFI-USDT-SWAP,0.02774996,3.748728,3.608578,0.02025004,2.735567,2.633295,0.7618,0.0,0.0,-11.981779618765266,-2.911173559737535,0.0,556.0,Локальный защитный выход 2.0N,0.0,0.0,short,Turtle 20,2026-03-17 03:41:14,D:\GIT\okx-trading-bot\v08x\085\085_4\logs\trade_context\20260317_034114_ETHFI-USDT-SWAP_short_trade.json,20260317_034021_ETHFI-USDT-SWAP_short,0.740250036656897,1
0.00823,локальный_защитный_выход_2.0n,47,0.0,,0.00823,0.00987,0.00823,0.00823,GMT-USDT-SWAP,0.0,0.0,0.0,0.0,0.0,0.0,0.00987,0.0,0.0,-6.215600000000003,-19.927095990279476,0.0,3790.0,Локальный защитный выход 2.0N,0.0,0.0,short,Turtle 20,2026-03-17 03:41:07,D:\GIT\okx-trading-bot\v08x\085\085_4\logs\trade_context\20260317_034107_GMT-USDT-SWAP_short_trade.json,20260317_034020_GMT-USDT-SWAP_short,0.00823,1
0.7644,локальный_защитный_выход_2.0n,54,0.0038449999999999986,,0.740250036656897,0.7618,0.747940036656897,0.747940036656897,ETHFI-USDT-SWAP,0.02774996,3.748728,3.608578,0.02025004,2.735567,2.633295,0.7618,0.0,0.0,-11.981779618765266,-2.911173559737535,0.0,556.0,Локальный защитный выход 2.0N,0.0,0.0,short,Turtle 20,2026-03-17 03:40:14,D:\GIT\okx-trading-bot\v08x\085\085_4\logs\trade_context\20260317_034014_ETHFI-USDT-SWAP_short_trade.json,20260317_033920_ETHFI-USDT-SWAP_short,0.740250036656897,1
0.00823,локальный_защитный_выход_2.0n,47,0.0,,0.00823,0.00823,0.00823,0.00823,GMT-USDT-SWAP,0.0,0.0,0.0,0.0,0.0,0.0,0.00833,0.0,0.0,0.0,0.0,0.0,43849.0,Локальный защитный выход 2.0N,0.0,0.0,short,Turtle 20,2026-03-17 03:40:07,D:\GIT\okx-trading-bot\v08x\085\085_4\logs\trade_context\20260317_034007_GMT-USDT-SWAP_short_trade.json,20260317_033920_GMT-USDT-SWAP_short,0.00823,1
0.7644,локальный_защитный_выход_2.0n,48,0.0038449999999999986,,0.740250036656897,0.7618,0.747940036656897,0.747940036656897,ETHFI-USDT-SWAP,0.02774996,3.748728,3.608578,0.02025004,2.735567,2.633295,0.7618,0.0,0.0,-11.981779618765266,-2.911173559737535,0.0,556.0,Локальный защитный выход 2.0N,0.0,0.0,short,Turtle 20,2026-03-17 03:39:14,D:\GIT\okx-trading-bot\v08x\085\085_4\logs\trade_context\20260317_033914_ETHFI-USDT-SWAP_short_trade.json,20260317_033826_ETHFI-USDT-SWAP_short,0.740250036656897,1
0.7644,локальный_защитный_выход_2.0n,52,0.0038449999999999986,,0.740250036656897,0.7618,0.747940036656897,0.747940036656897,ETHFI-USDT-SWAP,0.02774996,3.748728,3.608578,0.02025004,2.735567,2.633295,0.7618,0.0,0.0,-11.981779618765266,-2.911173559737535,0.0,556.0,Локальный защитный выход 2.0N,0.0,0.0,short,Turtle 20,2026-03-17 03:38:20,D:\GIT\okx-trading-bot\v08x\085\085_4\logs\trade_context\20260317_033820_ETHFI-USDT-SWAP_short_trade.json,20260317_033728_ETHFI-USDT-SWAP_short,0.740250036656897,1
0.7644,локальный_защитный_выход_2.0n,51,0.0038449999999999986,,0.740250036656897,0.7618,0.747940036656897,0.747940036656897,ETHFI-USDT-SWAP,0.02774996,3.748728,3.608578,0.02025004,2.735567,2.633295,0.7618,0.0,0.0,-11.981779618765266,-2.911173559737535,0.0,556.0,Локальный защитный выход 2.0N,0.0,0.0,short,Turtle 20,2026-03-17 03:37:23,D:\GIT\okx-trading-bot\v08x\085\085_4\logs\trade_context\20260317_033723_ETHFI-USDT-SWAP_short_trade.json,20260317_033631_ETHFI-USDT-SWAP_short,0.740250036656897,1
0.7644,локальный_защитный_выход_2.0n,67,0.0038449999999999986,,0.740250036656897,0.7618,0.747940036656897,0.747940036656897,ETHFI-USDT-SWAP,0.02774996,3.748728,3.608578,0.02025004,2.735567,2.633295,0.7618,0.0,0.0,-11.981779618765266,-2.911173559737535,0.0,556.0,Локальный защитный выход 2.0N,0.0,0.0,short,Turtle 20,2026-03-17 03:36:21,D:\GIT\okx-trading-bot\v08x\085\085_4\logs\trade_context\20260317_033621_ETHFI-USDT-SWAP_short_trade.json,20260317_033514_ETHFI-USDT-SWAP_short,0.740250036656897,1
58.48,локальный_защитный_выход_2.0n,927,0.9814999999999987,D:\GIT\okx-trading-bot\v08x\085\085_4\logs\entry_context\20260317_032043_LTC-USDT-SWAP_long.json,59.66,58.96,59.66,57.697,LTC-USDT-SWAP,1.37,2.296346,0.697911,1.01,1.692927,0.514519,59.8,1.770000000000025,1.0,-12.389999999999924,-1.17331545424069,1055.982,17.7,Локальный защитный выход 2.0N,402.25825820970664,1.9629999999999974,long,Turtle 20,2026-03-17 03:36:11,D:\GIT\okx-trading-bot\v08x\085\085_4\logs\trade_context\20260317_033611_LTC-USDT-SWAP_long_trade.json,20260317_032043_LTC-USDT-SWAP_long,58.82,1
81.18,локальный_защитный_выход_2.0n,1537,0.09950000000000117,D:\GIT\okx-trading-bot\v08x\085\085_4\logs\entry_context\20260317_031029_XAG-USDT-SWAP_short.json,80.65,80.52,80.38625,80.849,XAG-USDT-SWAP,0.53,0.657161,2.663317,0.37,0.458772,1.859296,80.74,7.4195999999995,1.0,-5.2211999999999374,-0.11812247435498768,4425.0586,5496.0,Локальный защитный выход 2.0N,402.77948869127295,0.0019900000000000234,short,Turtle 55,2026-03-17 03:36:06,D:\GIT\okx-trading-bot\v08x\085\085_4\logs\trade_context\20260317_033606_XAG-USDT-SWAP_short_trade.json,20260317_031029_XAG-USDT-SWAP_short,80.28,4
0.7644,локальный_защитный_выход_2.0n,55,0.0038449999999999986,,0.740250036656897,0.7618,0.747940036656897,0.747940036656897,ETHFI-USDT-SWAP,0.02774996,3.748728,3.608578,0.02025004,2.735567,2.633295,0.7618,0.0,0.0,-11.981779618765266,-2.911173559737535,0.0,556.0,Локальный защитный выход 2.0N,0.0,0.0,short,Turtle 20,2026-03-17 03:35:09,D:\GIT\okx-trading-bot\v08x\085\085_4\logs\trade_context\20260317_033509_ETHFI-USDT-SWAP_short_trade.json,20260317_033413_ETHFI-USDT-SWAP_short,0.740250036656897,1
734.8,локальный_защитный_выход_2.0n,243,0.7299999999999784,D:\GIT\okx-trading-bot\v08x\085\085_4\logs\entry_context\20260317_033058_BNB-USDT-SWAP_short.json,723.0,734.8,724.4599999999999,724.4599999999999,BNB-USDT-SWAP,11.8,1.632089,8.082192,2.8,0.387275,1.917808,734.8,0.0,1.0,-16.755999999999936,-1.6320885200553186,1026.66,142.0,Локальный защитный выход 2.0N,402.2714914051854,0.01459999999999957,short,Turtle 20,2026-03-17 03:35:01,D:\GIT\okx-trading-bot\v08x\085\085_4\logs\trade_context\20260317_033501_BNB-USDT-SWAP_short_trade.json,20260317_033058_BNB-USDT-SWAP_short,723.0,1
0.7644,локальный_защитный_выход_2.0n,49,0.0038449999999999986,,0.740250036656897,0.7618,0.747940036656897,0.747940036656897,ETHFI-USDT-SWAP,0.02774996,3.748728,3.608578,0.02025004,2.735567,2.633295,0.7618,0.0,0.0,-11.981779618765266,-2.911173559737535,0.0,556.0,Локальный защитный выход 2.0N,0.0,0.0,short,Turtle 20,2026-03-17 03:34:07,D:\GIT\okx-trading-bot\v08x\085\085_4\logs\trade_context\20260317_033407_ETHFI-USDT-SWAP_short_trade.json,20260317_033317_ETHFI-USDT-SWAP_short,0.740250036656897,1
0.7644,локальный_защитный_выход_2.0n,49,0.0038449999999999986,,0.740250036656897,0.7618,0.747940036656897,0.747940036656897,ETHFI-USDT-SWAP,0.02774996,3.748728,3.608578,0.02025004,2.735567,2.633295,0.7618,0.0,0.0,-11.981779618765266,-2.911173559737535,0.0,556.0,Локальный защитный выход 2.0N,0.0,0.0,short,Turtle 20,2026-03-17 03:33:12,D:\GIT\okx-trading-bot\v08x\085\085_4\logs\trade_context\20260317_033312_ETHFI-USDT-SWAP_short_trade.json,20260317_033222_ETHFI-USDT-SWAP_short,0.740250036656897,1
0.7644,локальный_защитный_выход_2.0n,50,0.0038449999999999986,,0.740250036656897,0.7618,0.747940036656897,0.747940036656897,ETHFI-USDT-SWAP,0.02774996,3.748728,3.608578,0.02025004,2.735567,2.633295,0.7618,0.0,0.0,-11.981779618765266,-2.911173559737535,0.0,556.0,Локальный защитный выход 2.0N,0.0,0.0,short,Turtle 20,2026-03-17 03:32:16,D:\GIT\okx-trading-bot\v08x\085\085_4\logs\trade_context\20260317_033216_ETHFI-USDT-SWAP_short_trade.json,20260317_033126_ETHFI-USDT-SWAP_short,0.740250036656897,1
0.7644,локальный_защитный_выход_2.0n,58,0.0038449999999999986,,0.740250036656897,0.7618,0.747940036656897,0.747940036656897,ETHFI-USDT-SWAP,0.02774996,3.748728,3.608578,0.02025004,2.735567,2.633295,0.7618,0.0,0.0,-11.981779618765266,-2.911173559737535,0.0,556.0,Локальный защитный выход 2.0N,0.0,0.0,short,Turtle 20,2026-03-17 03:31:19,D:\GIT\okx-trading-bot\v08x\085\085_4\logs\trade_context\20260317_033119_ETHFI-USDT-SWAP_short_trade.json,20260317_033021_ETHFI-USDT-SWAP_short,0.740250036656897,1
0.1013,локальный_защитный_выход_2.0n,927,0.001432500000000001,D:\GIT\okx-trading-bot\v08x\085\085_4\logs\entry_context\20260317_031542_DOGE-USDT-SWAP_long.json,0.1039,0.1023,0.1039,0.101035,DOGE-USDT-SWAP,0.0032,3.079885,1.116928,0.0001,0.096246,0.034904,0.1039,0.0,1.0,-16.880000000000045,-1.5399422521655477,1096.1450000000002,10.55,Локальный защитный выход 2.0N,403.58270742370655,2.865000000000002,long,Turtle 55,2026-03-17 03:31:09,D:\GIT\okx-trading-bot\v08x\085\085_4\logs\trade_context\20260317_033109_DOGE-USDT-SWAP_long_trade.json,20260317_031542_DOGE-USDT-SWAP_long,0.1014,1
0.06159,stopout_cooldown,21,0.00014349999999999918,D:\GIT\okx-trading-bot\v08x\085\085_4\logs\entry_context\20260317_032954_MINA-USDT-SWAP_short.json,0.0609082948063703,0.0612,0.061195294806370294,0.061195294806370294,MINA-USDT-SWAP,0.00447171,7.341702,15.580854,0.00222829,3.658442,7.764093,0.0612,0.0,1.0,-0.9716699999805267,-0.478925234333091,202.88553000001946,3331.0,ATR стоп 2.0N,402.48415892043135,0.00028699999999999836,short,Turtle 20,2026-03-17 03:30:15,D:\GIT\okx-trading-bot\v08x\085\085_4\logs\trade_context\20260317_033015_MINA-USDT-SWAP_short_trade.json,20260317_032954_MINA-USDT-SWAP_short,0.0609082948063703,1
0.7644,локальный_защитный_выход_2.0n,53,0.0038449999999999986,,0.740250036656897,0.7618,0.747940036656897,0.747940036656897,ETHFI-USDT-SWAP,0.02774996,3.748728,3.608578,0.02025004,2.735567,2.633295,0.7618,0.0,0.0,-11.981779618765266,-2.911173559737535,0.0,556.0,Локальный защитный выход 2.0N,0.0,0.0,short,Turtle 20,2026-03-17 03:30:13,D:\GIT\okx-trading-bot\v08x\085\085_4\logs\trade_context\20260317_033013_ETHFI-USDT-SWAP_short_trade.json,20260317_032920_ETHFI-USDT-SWAP_short,0.740250036656897,1
0.7664,локальный_защитный_выход_2.0n,52,0.0038449999999999986,,0.740250036656897,0.7618,0.747940036656897,0.747940036656897,ETHFI-USDT-SWAP,0.02774996,3.748728,3.608578,0.02025004,2.735567,2.633295,0.7618,0.0,0.0,-11.981779618765266,-2.911173559737535,0.0,556.0,Локальный защитный выход 2.0N,0.0,0.0,short,Turtle 20,2026-03-17 03:29:14,D:\GIT\okx-trading-bot\v08x\085\085_4\logs\trade_context\20260317_032914_ETHFI-USDT-SWAP_short_trade.json,20260317_032822_ETHFI-USDT-SWAP_short,0.740250036656897,1
0.7664,локальный_защитный_выход_2.0n,54,0.0038449999999999986,,0.740250036656897,0.7618,0.747940036656897,0.747940036656897,ETHFI-USDT-SWAP,0.02774996,3.748728,3.608578,0.02025004,2.735567,2.633295,0.7618,0.0,0.0,-11.981779618765266,-2.911173559737535,0.0,556.0,Локальный защитный выход 2.0N,0.0,0.0,short,Turtle 20,2026-03-17 03:28:15,D:\GIT\okx-trading-bot\v08x\085\085_4\logs\trade_context\20260317_032815_ETHFI-USDT-SWAP_short_trade.json,20260317_032721_ETHFI-USDT-SWAP_short,0.740250036656897,1
0.7664,локальный_защитный_выход_2.0n,62,0.0038449999999999986,,0.740250036656897,0.7618,0.747940036656897,0.747940036656897,ETHFI-USDT-SWAP,0.02774996,3.748728,3.608578,0.02025004,2.735567,2.633295,0.7618,0.0,0.0,-11.981779618765266,-2.911173559737535,0.0,556.0,Локальный защитный выход 2.0N,0.0,0.0,short,Turtle 20,2026-03-17 03:27:14,D:\GIT\okx-trading-bot\v08x\085\085_4\logs\trade_context\20260317_032714_ETHFI-USDT-SWAP_short_trade.json,20260317_032612_ETHFI-USDT-SWAP_short,0.740250036656897,1
73800.0,локальный_защитный_выход_2.0n,679,610.8950000000011,D:\GIT\okx-trading-bot\v08x\085\085_4\logs\entry_context\20260317_031538_BTC-USDT-SWAP_long.json,75538.23809523809,74304.3,74316.44809523808,74316.44809523808,BTC-USDT-SWAP,1738.23809524,2.301137,1.422698,299.56190476,0.39657,0.245183,75772.7,4.071340000000008,1.0,-18.138889999999908,-1.6335277686545298,1110.4121,1.47,Локальный защитный выход 2.0N,403.5931667121798,12.217900000000023,long,Turtle 55,2026-03-17 03:26:57,D:\GIT\okx-trading-bot\v08x\085\085_4\logs\trade_context\20260317_032657_BTC-USDT-SWAP_long_trade.json,20260317_031537_BTC-USDT-SWAP_long,74304.3,1
0.7664,локальный_защитный_выход_2.0n,56,0.0038449999999999986,,0.740250036656897,0.7618,0.747940036656897,0.747940036656897,ETHFI-USDT-SWAP,0.02774996,3.748728,3.608578,0.02025004,2.735567,2.633295,0.7618,0.0,0.0,-11.981779618765266,-2.911173559737535,0.0,556.0,Локальный защитный выход 2.0N,0.0,0.0,short,Turtle 20,2026-03-17 03:26:05,D:\GIT\okx-trading-bot\v08x\085\085_4\logs\trade_context\20260317_032605_ETHFI-USDT-SWAP_short_trade.json,20260317_032508_ETHFI-USDT-SWAP_short,0.740250036656897,1
0.7664,локальный_защитный_выход_2.0n,51,0.0038449999999999986,,0.740250036656897,0.7618,0.747940036656897,0.747940036656897,ETHFI-USDT-SWAP,0.02774996,3.748728,3.608578,0.02025004,2.735567,2.633295,0.7618,0.0,0.0,-11.981779618765266,-2.911173559737535,0.0,556.0,Локальный защитный выход 2.0N,0.0,0.0,short,Turtle 20,2026-03-17 03:25:02,D:\GIT\okx-trading-bot\v08x\085\085_4\logs\trade_context\20260317_032502_ETHFI-USDT-SWAP_short_trade.json,20260317_032411_ETHFI-USDT-SWAP_short,0.740250036656897,1
0.7668,локальный_защитный_выход_2.0n,51,0.0038449999999999986,,0.740250036656897,0.7618,0.747940036656897,0.747940036656897,ETHFI-USDT-SWAP,0.02774996,3.748728,3.608578,0.02025004,2.735567,2.633295,0.7618,0.0,0.0,-13.296327382694548,-2.9111735597375348,0.0,617.0,Локальный защитный выход 2.0N,0.0,0.0,short,Turtle 20,2026-03-17 03:24:05,D:\GIT\okx-trading-bot\v08x\085\085_4\logs\trade_context\20260317_032405_ETHFI-USDT-SWAP_short_trade.json,20260317_032314_ETHFI-USDT-SWAP_short,0.740250036656897,1
0.7668,локальный_защитный_выход_2.0n,51,0.0038449999999999986,,0.740250036656897,0.7618,0.747940036656897,0.747940036656897,ETHFI-USDT-SWAP,0.02774996,3.748728,3.608578,0.02025004,2.735567,2.633295,0.7618,0.0,0.0,-13.296327382694548,-2.9111735597375348,0.0,617.0,Локальный защитный выход 2.0N,0.0,0.0,short,Turtle 20,2026-03-17 03:23:08,D:\GIT\okx-trading-bot\v08x\085\085_4\logs\trade_context\20260317_032308_ETHFI-USDT-SWAP_short_trade.json,20260317_032216_ETHFI-USDT-SWAP_short,0.740250036656897,1
0.7668,локальный_защитный_выход_2.0n,58,0.0038449999999999986,,0.740250036656897,0.7618,0.747940036656897,0.747940036656897,ETHFI-USDT-SWAP,0.02774996,3.748728,3.608578,0.02025004,2.735567,2.633295,0.7618,0.0,0.0,-13.296327382694548,-2.9111735597375348,0.0,617.0,Локальный защитный выход 2.0N,0.0,0.0,short,Turtle 20,2026-03-17 03:22:10,D:\GIT\okx-trading-bot\v08x\085\085_4\logs\trade_context\20260317_032210_ETHFI-USDT-SWAP_short_trade.json,20260317_032112_ETHFI-USDT-SWAP_short,0.740250036656897,1
0.935,локальный_защитный_выход_2.0n,135,0.001050000000000001,D:\GIT\okx-trading-bot\v08x\085\085_4\logs\entry_context\20260317_031945_QTUM-USDT-SWAP_long.json,0.9569885462555067,0.953,0.9548885462555067,0.9548885462555067,QTUM-USDT-SWAP,0.02198855,2.297681,10.470736,0.00201145,0.210186,0.957835,0.957,0.0,1.0,-4.527000000000115,-0.416780981456157,1086.182,1135.0,Локальный защитный выход 2.0N,402.3934444898562,0.002100000000000002,long,Turtle 20,2026-03-17 03:22:00,D:\GIT\okx-trading-bot\v08x\085\085_4\logs\trade_context\20260317_032200_QTUM-USDT-SWAP_long_trade.json,20260317_031945_QTUM-USDT-SWAP_long,0.953,1
0.7668,локальный_защитный_выход_2.0n,55,0.0038449999999999986,,0.740250036656897,0.7618,0.747940036656897,0.747940036656897,ETHFI-USDT-SWAP,0.02774996,3.748728,3.608578,0.02025004,2.735567,2.633295,0.7618,0.0,0.0,-13.296327382694548,-2.9111735597375348,0.0,617.0,Локальный защитный выход 2.0N,0.0,0.0,short,Turtle 20,2026-03-17 03:21:05,D:\GIT\okx-trading-bot\v08x\085\085_4\logs\trade_context\20260317_032105_ETHFI-USDT-SWAP_short_trade.json,20260317_032010_ETHFI-USDT-SWAP_short,0.740250036656897,1
0.7668,локальный_защитный_выход_2.0n,51,0.003945000000000004,,0.740250036656897,0.7618,0.7481400366568971,0.7481400366568971,ETHFI-USDT-SWAP,0.02774996,3.748728,3.517106,0.02025004,2.735567,2.566545,0.7618,0.0,0.0,-21.162064002927142,-2.911173559737535,0.0,982.0,Локальный защитный выход 2.0N,0.0,0.0,short,Turtle 20,2026-03-17 03:20:04,D:\GIT\okx-trading-bot\v08x\085\085_4\logs\trade_context\20260317_032004_ETHFI-USDT-SWAP_short_trade.json,20260317_031912_ETHFI-USDT-SWAP_short,0.740250036656897,1
0.7668,локальный_защитный_выход_2.0n,52,0.003945000000000004,,0.740250036656897,0.7636,0.7481400366568971,0.7481400366568971,ETHFI-USDT-SWAP,0.02774996,3.748728,3.517106,0.02025004,2.735567,2.566545,0.7636,0.0,0.0,-22.929664002927055,-3.1543346419212033,0.0,982.0,Локальный защитный выход 2.0N,0.0,0.0,short,Turtle 20,2026-03-17 03:19:06,D:\GIT\okx-trading-bot\v08x\085\085_4\logs\trade_context\20260317_031906_ETHFI-USDT-SWAP_short_trade.json,20260317_031814_ETHFI-USDT-SWAP_short,0.740250036656897,1
0.949,локальный_защитный_выход_2.0n,74,0.001050000000000001,D:\GIT\okx-trading-bot\v08x\085\085_4\logs\entry_context\20260317_031745_QTUM-USDT-SWAP_long.json,0.9572809187279153,0.957,0.9572631890459364,0.9551809187279153,QTUM-USDT-SWAP,0.01328092,1.387359,6.324247,0.0,0.0,0.0,0.958,0.0,1.0,-0.3180000000004366,-0.014674895683662622,2167.125,2264.0,Локальный защитный выход 2.0N,402.7529666432693,0.002100000000000002,long,Turtle 20,2026-03-17 03:19:00,D:\GIT\okx-trading-bot\v08x\085\085_4\logs\trade_context\20260317_031900_QTUM-USDT-SWAP_long_trade.json,20260317_031744_QTUM-USDT-SWAP_long,0.957,2
0.7668,локальный_защитный_выход_2.0n,51,0.003945000000000004,,0.740250036656897,0.764,0.7481400366568971,0.7481400366568971,ETHFI-USDT-SWAP,0.02774996,3.748728,3.517106,0.02025004,2.735567,2.566545,0.764,0.0,0.0,-23.322464002927124,-3.2083704379620306,0.0,982.0,Локальный защитный выход 2.0N,0.0,0.0,short,Turtle 20,2026-03-17 03:18:03,D:\GIT\okx-trading-bot\v08x\085\085_4\logs\trade_context\20260317_031803_ETHFI-USDT-SWAP_short_trade.json,20260317_031712_ETHFI-USDT-SWAP_short,0.740250036656897,1
0.7668,локальный_защитный_выход_2.0n,55,0.003945000000000004,,0.740250036656897,0.7644,0.7481400366568971,0.7481400366568971,ETHFI-USDT-SWAP,0.02774996,3.748728,3.517106,0.02025004,2.735567,2.566545,0.7644,0.0,0.0,-23.71526400292708,-3.262406234002842,0.0,982.0,Локальный защитный выход 2.0N,0.0,0.0,short,Turtle 20,2026-03-17 03:17:05,D:\GIT\okx-trading-bot\v08x\085\085_4\logs\trade_context\20260317_031705_ETHFI-USDT-SWAP_short_trade.json,20260317_031610_ETHFI-USDT-SWAP_short,0.740250036656897,1
0.949,локальный_защитный_выход_2.0n,72,0.001050000000000001,D:\GIT\okx-trading-bot\v08x\085\085_4\logs\entry_context\20260317_031546_QTUM-USDT-SWAP_long.json,0.956718446601942,0.957,0.9576874999999999,0.9546184466019421,QTUM-USDT-SWAP,0.01271845,1.329382,6.056403,0.0,0.0,0.0,0.959,0.0,1.0,0.3189999999997377,0.014712373105769862,2168.0835000000006,2266.0,Локальный защитный выход 2.0N,403.4518372796667,0.002100000000000002,long,Turtle 20,2026-03-17 03:16:58,D:\GIT\okx-trading-bot\v08x\085\085_4\logs\trade_context\20260317_031658_QTUM-USDT-SWAP_long_trade.json,20260317_031546_QTUM-USDT-SWAP_long,0.956718446601942,2
0.7668,локальный_защитный_выход_2.0n,56,0.003945000000000004,,0.740250036656897,0.7644,0.7481400366568971,0.7481400366568971,ETHFI-USDT-SWAP,0.02774996,3.748728,3.517106,0.02025004,2.735567,2.566545,0.7644,0.0,0.0,-23.71526400292708,-3.262406234002842,0.0,982.0,Локальный защитный выход 2.0N,0.0,0.0,short,Turtle 20,2026-03-17 03:15:59,D:\GIT\okx-trading-bot\v08x\085\085_4\logs\trade_context\20260317_031559_ETHFI-USDT-SWAP_short_trade.json,20260317_031503_ETHFI-USDT-SWAP_short,0.740250036656897,1
0.7668,локальный_защитный_выход_2.0n,50,0.003945000000000004,,0.740250036656897,0.7644,0.7481400366568971,0.7481400366568971,ETHFI-USDT-SWAP,0.02774996,3.748728,3.517106,0.02025004,2.735567,2.566545,0.7644,0.0,0.0,-23.71526400292708,-3.262406234002842,0.0,982.0,Локальный защитный выход 2.0N,0.0,0.0,short,Turtle 20,2026-03-17 03:14:57,D:\GIT\okx-trading-bot\v08x\085\085_4\logs\trade_context\20260317_031457_ETHFI-USDT-SWAP_short_trade.json,20260317_031406_ETHFI-USDT-SWAP_short,0.740250036656897,1
0.995,локальный_защитный_выход_2.0n,524,0.003799999999999998,D:\GIT\okx-trading-bot\v08x\085\085_4\logs\entry_context\20260317_030602_FIL-USDT-SWAP_short.json,0.981,0.989,0.9885999999999999,0.9885999999999999,FIL-USDT-SWAP,0.031,3.160041,4.078947,0.0,0.0,0.0,0.989,0.0,1.0,-9.042400000000008,-0.8154943934760456,1108.8243,11303.0,Локальный защитный выход 2.0N,402.8860149945684,0.0007599999999999996,short,Turtle 20,2026-03-17 03:14:47,D:\GIT\okx-trading-bot\v08x\085\085_4\logs\trade_context\20260317_031447_FIL-USDT-SWAP_short_trade.json,20260317_030602_FIL-USDT-SWAP_short,0.981,1
0.7668,локальный_защитный_выход_2.0n,43,0.003945000000000004,,0.740250036656897,0.7644,0.7481400366568971,0.7481400366568971,ETHFI-USDT-SWAP,0.02774996,3.748728,3.517106,0.02025004,2.735567,2.566545,0.7644,0.0,0.0,-23.71526400292708,-3.262406234002842,0.0,982.0,Локальный защитный выход 2.0N,0.0,0.0,short,Turtle 20,2026-03-17 03:14:00,D:\GIT\okx-trading-bot\v08x\085\085_4\logs\trade_context\20260317_031400_ETHFI-USDT-SWAP_short_trade.json,20260317_031316_ETHFI-USDT-SWAP_short,0.740250036656897,1
0.7668,локальный_защитный_выход_2.0n,43,0.003945000000000004,,0.740250036656897,0.7644,0.7481400366568971,0.7481400366568971,ETHFI-USDT-SWAP,0.02774996,3.748728,3.517106,0.02025004,2.735567,2.566545,0.7644,0.0,0.0,-23.71526400292708,-3.262406234002842,0.0,982.0,Локальный защитный выход 2.0N,0.0,0.0,short,Turtle 20,2026-03-17 03:13:10,D:\GIT\okx-trading-bot\v08x\085\085_4\logs\trade_context\20260317_031310_ETHFI-USDT-SWAP_short_trade.json,20260317_031227_ETHFI-USDT-SWAP_short,0.740250036656897,1
0.7668,локальный_защитный_выход_2.0n,43,0.003945000000000004,,0.740250036656897,0.7644,0.7481400366568971,0.7481400366568971,ETHFI-USDT-SWAP,0.02774996,3.748728,3.517106,0.02025004,2.735567,2.566545,0.7644,0.0,0.0,-23.71526400292708,-3.262406234002842,0.0,982.0,Локальный защитный выход 2.0N,0.0,0.0,short,Turtle 20,2026-03-17 03:12:21,D:\GIT\okx-trading-bot\v08x\085\085_4\logs\trade_context\20260317_031221_ETHFI-USDT-SWAP_short_trade.json,20260317_031137_ETHFI-USDT-SWAP_short,0.740250036656897,1
0.7668,локальный_защитный_выход_2.0n,43,0.003945000000000004,,0.740250036656897,0.7644,0.7481400366568971,0.7481400366568971,ETHFI-USDT-SWAP,0.02774996,3.748728,3.517106,0.02025004,2.735567,2.566545,0.7644,0.0,0.0,-23.71526400292708,-3.262406234002842,0.0,982.0,Локальный защитный выход 2.0N,0.0,0.0,short,Turtle 20,2026-03-17 03:11:32,D:\GIT\okx-trading-bot\v08x\085\085_4\logs\trade_context\20260317_031132_ETHFI-USDT-SWAP_short_trade.json,20260317_031048_ETHFI-USDT-SWAP_short,0.740250036656897,1
0.7668,локальный_защитный_выход_2.0n,45,0.003945000000000004,,0.740250036656897,0.7644,0.7481400366568971,0.7481400366568971,ETHFI-USDT-SWAP,0.02774996,3.748728,3.517106,0.02025004,2.735567,2.566545,0.7644,0.0,0.0,-23.71526400292708,-3.262406234002842,0.0,982.0,Локальный защитный выход 2.0N,0.0,0.0,short,Turtle 20,2026-03-17 03:10:41,D:\GIT\okx-trading-bot\v08x\085\085_4\logs\trade_context\20260317_031041_ETHFI-USDT-SWAP_short_trade.json,20260317_030955_ETHFI-USDT-SWAP_short,0.740250036656897,1
0.7668,локальный_защитный_выход_2.0n,42,0.003945000000000004,,0.740250036656897,0.7644,0.7481400366568971,0.7481400366568971,ETHFI-USDT-SWAP,0.02774996,3.748728,3.517106,0.02025004,2.735567,2.566545,0.7644,0.0,0.0,-23.71526400292708,-3.262406234002842,0.0,982.0,Локальный защитный выход 2.0N,0.0,0.0,short,Turtle 20,2026-03-17 03:09:49,D:\GIT\okx-trading-bot\v08x\085\085_4\logs\trade_context\20260317_030949_ETHFI-USDT-SWAP_short_trade.json,20260317_030907_ETHFI-USDT-SWAP_short,0.740250036656897,1
0.7668,локальный_защитный_выход_2.0n,49,0.003945000000000004,,0.740250036656897,0.7644,0.7481400366568971,0.7481400366568971,ETHFI-USDT-SWAP,0.02774996,3.748728,3.517106,0.02025004,2.735567,2.566545,0.7644,0.0,0.0,-23.71526400292708,-3.262406234002842,0.0,982.0,Локальный защитный выход 2.0N,0.0,0.0,short,Turtle 20,2026-03-17 03:09:01,D:\GIT\okx-trading-bot\v08x\085\085_4\logs\trade_context\20260317_030901_ETHFI-USDT-SWAP_short_trade.json,20260317_030812_ETHFI-USDT-SWAP_short,0.740250036656897,1
0.7668,локальный_защитный_выход_2.0n,49,0.003945000000000004,,0.740250036656897,0.7644,0.7481400366568971,0.7481400366568971,ETHFI-USDT-SWAP,0.02774996,3.748728,3.517106,0.02025004,2.735567,2.566545,0.7644,0.0,0.0,-23.71526400292708,-3.262406234002842,0.0,982.0,Локальный защитный выход 2.0N,0.0,0.0,short,Turtle 20,2026-03-17 03:08:06,D:\GIT\okx-trading-bot\v08x\085\085_4\logs\trade_context\20260317_030806_ETHFI-USDT-SWAP_short_trade.json,20260317_030717_ETHFI-USDT-SWAP_short,0.740250036656897,1
0.7668,локальный_защитный_выход_2.0n,51,0.003945000000000004,,0.740250036656897,0.7644,0.7481400366568971,0.7481400366568971,ETHFI-USDT-SWAP,0.02774996,3.748728,3.517106,0.02025004,2.735567,2.566545,0.7644,0.0,0.0,-23.71526400292708,-3.262406234002842,0.0,982.0,Локальный защитный выход 2.0N,0.0,0.0,short,Turtle 20,2026-03-17 03:07:11,D:\GIT\okx-trading-bot\v08x\085\085_4\logs\trade_context\20260317_030711_ETHFI-USDT-SWAP_short_trade.json,20260317_030620_ETHFI-USDT-SWAP_short,0.740250036656897,1
0.7668,локальный_защитный_выход_2.0n,46,0.003945000000000004,,0.740250036656897,0.7644,0.7481400366568971,0.7481400366568971,ETHFI-USDT-SWAP,0.02774996,3.748728,3.517106,0.02025004,2.735567,2.566545,0.7644,0.0,0.0,-23.71526400292708,-3.262406234002842,0.0,982.0,Локальный защитный выход 2.0N,0.0,0.0,short,Turtle 20,2026-03-17 03:06:14,D:\GIT\okx-trading-bot\v08x\085\085_4\logs\trade_context\20260317_030614_ETHFI-USDT-SWAP_short_trade.json,20260317_030527_ETHFI-USDT-SWAP_short,0.740250036656897,1
0.7668,локальный_защитный_выход_2.0n,40,0.003945000000000004,,0.740250036656897,0.7644,0.7481400366568971,0.7481400366568971,ETHFI-USDT-SWAP,0.02774996,3.748728,3.517106,0.02025004,2.735567,2.566545,0.7644,0.0,0.0,-23.71526400292708,-3.262406234002842,0.0,982.0,Локальный защитный выход 2.0N,0.0,0.0,short,Turtle 20,2026-03-17 03:05:22,D:\GIT\okx-trading-bot\v08x\085\085_4\logs\trade_context\20260317_030521_ETHFI-USDT-SWAP_short_trade.json,20260317_030441_ETHFI-USDT-SWAP_short,0.740250036656897,1
0.7668,локальный_защитный_выход_2.0n,48,0.003945000000000004,,0.740250036656897,0.7644,0.7481400366568971,0.7481400366568971,ETHFI-USDT-SWAP,0.02774996,3.748728,3.517106,0.02025004,2.735567,2.566545,0.7644,0.0,0.0,-23.71526400292708,-3.262406234002842,0.0,982.0,Локальный защитный выход 2.0N,0.0,0.0,short,Turtle 20,2026-03-17 03:04:35,D:\GIT\okx-trading-bot\v08x\085\085_4\logs\trade_context\20260317_030435_ETHFI-USDT-SWAP_short_trade.json,20260317_030346_ETHFI-USDT-SWAP_short,0.740250036656897,1
10.496,канальный_выход_20_свечей,41,0.0036999999999999924,,10.495,10.495,10.487599999999999,10.487599999999999,LINK-USDT-SWAP,0.047,0.447832,6.351351,0.087,0.828966,11.756757,10.495,0.0,0.0,0.0,0.0,0.0,2.48,Канальный выход 20 свечей,0.0,0.0,long,Turtle 20,2026-03-17 03:04:28,D:\GIT\okx-trading-bot\v08x\085\085_4\logs\trade_context\20260317_030428_LINK-USDT-SWAP_long_trade.json,20260317_030346_LINK-USDT-SWAP_long,10.418,1
0.7668,локальный_защитный_выход_2.0n,42,0.003945000000000004,,0.740250036656897,0.7644,0.7481400366568971,0.7481400366568971,ETHFI-USDT-SWAP,0.02774996,3.748728,3.517106,0.02025004,2.735567,2.566545,0.7644,0.0,0.0,-23.71526400292708,-3.262406234002842,0.0,982.0,Локальный защитный выход 2.0N,0.0,0.0,short,Turtle 20,2026-03-17 03:03:39,D:\GIT\okx-trading-bot\v08x\085\085_4\logs\trade_context\20260317_030339_ETHFI-USDT-SWAP_short_trade.json,20260317_030257_ETHFI-USDT-SWAP_short,0.740250036656897,1
0.7668,локальный_защитный_выход_2.0n,40,0.003945000000000004,,0.740250036656897,0.7644,0.7481400366568971,0.7481400366568971,ETHFI-USDT-SWAP,0.02774996,3.748728,3.517106,0.02025004,2.735567,2.566545,0.7644,0.0,0.0,-23.71526400292708,-3.262406234002842,0.0,982.0,Локальный защитный выход 2.0N,0.0,0.0,short,Turtle 20,2026-03-17 03:02:51,D:\GIT\okx-trading-bot\v08x\085\085_4\logs\trade_context\20260317_030251_ETHFI-USDT-SWAP_short_trade.json,20260317_030210_ETHFI-USDT-SWAP_short,0.740250036656897,1
0.7668,локальный_защитный_выход_2.0n,41,0.003945000000000004,,0.740250036656897,0.7644,0.7481400366568971,0.7481400366568971,ETHFI-USDT-SWAP,0.02774996,3.748728,3.517106,0.02025004,2.735567,2.566545,0.7644,0.0,0.0,-23.71526400292708,-3.262406234002842,0.0,982.0,Локальный защитный выход 2.0N,0.0,0.0,short,Turtle 20,2026-03-17 03:02:04,D:\GIT\okx-trading-bot\v08x\085\085_4\logs\trade_context\20260317_030204_ETHFI-USDT-SWAP_short_trade.json,20260317_030122_ETHFI-USDT-SWAP_short,0.740250036656897,1
0.7668,локальный_защитный_выход_2.0n,41,0.003945000000000004,,0.740250036656897,0.7644,0.7481400366568971,0.7481400366568971,ETHFI-USDT-SWAP,0.02774996,3.748728,3.517106,0.02025004,2.735567,2.566545,0.7644,0.0,0.0,-23.71526400292708,-3.262406234002842,0.0,982.0,Локальный защитный выход 2.0N,0.0,0.0,short,Turtle 20,2026-03-17 03:01:16,D:\GIT\okx-trading-bot\v08x\085\085_4\logs\trade_context\20260317_030116_ETHFI-USDT-SWAP_short_trade.json,20260317_030035_ETHFI-USDT-SWAP_short,0.740250036656897,1
0.7668,локальный_защитный_выход_2.0n,43,0.003945000000000004,,0.740250036656897,0.7644,0.7481400366568971,0.7481400366568971,ETHFI-USDT-SWAP,0.02774996,3.748728,3.517106,0.02025004,2.735567,2.566545,0.7644,0.0,0.0,-23.71526400292708,-3.262406234002842,0.0,982.0,Локальный защитный выход 2.0N,0.0,0.0,short,Turtle 20,2026-03-17 03:00:28,D:\GIT\okx-trading-bot\v08x\085\085_4\logs\trade_context\20260317_030028_ETHFI-USDT-SWAP_short_trade.json,20260317_025945_ETHFI-USDT-SWAP_short,0.740250036656897,1
0.7668,локальный_защитный_выход_2.0n,38,0.003945000000000004,,0.740250036656897,0.7644,0.7481400366568971,0.7481400366568971,ETHFI-USDT-SWAP,0.02774996,3.748728,3.517106,0.02025004,2.735567,2.566545,0.7644,0.0,0.0,-23.71526400292708,-3.262406234002842,0.0,982.0,Локальный защитный выход 2.0N,0.0,0.0,short,Turtle 20,2026-03-17 02:59:39,D:\GIT\okx-trading-bot\v08x\085\085_4\logs\trade_context\20260317_025939_ETHFI-USDT-SWAP_short_trade.json,20260317_025900_ETHFI-USDT-SWAP_short,0.740250036656897,1
0.7668,локальный_защитный_выход_2.0n,39,0.003945000000000004,,0.740250036656897,0.7644,0.7481400366568971,0.7481400366568971,ETHFI-USDT-SWAP,0.02774996,3.748728,3.517106,0.02025004,2.735567,2.566545,0.7644,0.0,0.0,-23.71526400292708,-3.262406234002842,0.0,982.0,Локальный защитный выход 2.0N,0.0,0.0,short,Turtle 20,2026-03-17 02:58:54,D:\GIT\okx-trading-bot\v08x\085\085_4\logs\trade_context\20260317_025854_ETHFI-USDT-SWAP_short_trade.json,20260317_025815_ETHFI-USDT-SWAP_short,0.740250036656897,1
0.7668,локальный_защитный_выход_2.0n,38,0.003945000000000004,,0.740250036656897,0.7644,0.7481400366568971,0.7481400366568971,ETHFI-USDT-SWAP,0.02774996,3.748728,3.517106,0.02025004,2.735567,2.566545,0.7644,0.0,0.0,-23.71526400292708,-3.262406234002842,0.0,982.0,Локальный защитный выход 2.0N,0.0,0.0,short,Turtle 20,2026-03-17 02:58:10,D:\GIT\okx-trading-bot\v08x\085\085_4\logs\trade_context\20260317_025810_ETHFI-USDT-SWAP_short_trade.json,20260317_025731_ETHFI-USDT-SWAP_short,0.740250036656897,1
0.7668,локальный_защитный_выход_2.0n,38,0.003945000000000004,,0.740250036656897,0.7644,0.7481400366568971,0.7481400366568971,ETHFI-USDT-SWAP,0.02774996,3.748728,3.517106,0.02025004,2.735567,2.566545,0.7644,0.0,0.0,-23.71526400292708,-3.262406234002842,0.0,982.0,Локальный защитный выход 2.0N,0.0,0.0,short,Turtle 20,2026-03-17 02:57:25,D:\GIT\okx-trading-bot\v08x\085\085_4\logs\trade_context\20260317_025725_ETHFI-USDT-SWAP_short_trade.json,20260317_025647_ETHFI-USDT-SWAP_short,0.740250036656897,1
0.7668,локальный_защитный_выход_2.0n,39,0.003945000000000004,,0.740250036656897,0.7644,0.7481400366568971,0.7481400366568971,ETHFI-USDT-SWAP,0.02774996,3.748728,3.517106,0.02025004,2.735567,2.566545,0.7644,0.0,0.0,-23.71526400292708,-3.262406234002842,0.0,982.0,Локальный защитный выход 2.0N,0.0,0.0,short,Turtle 20,2026-03-17 02:56:41,D:\GIT\okx-trading-bot\v08x\085\085_4\logs\trade_context\20260317_025641_ETHFI-USDT-SWAP_short_trade.json,20260317_025602_ETHFI-USDT-SWAP_short,0.740250036656897,1
0.7668,локальный_защитный_выход_2.0n,42,0.003945000000000004,,0.740250036656897,0.7644,0.7481400366568971,0.7481400366568971,ETHFI-USDT-SWAP,0.02774996,3.748728,3.517106,0.02025004,2.735567,2.566545,0.7644,0.0,0.0,-23.71526400292708,-3.262406234002842,0.0,982.0,Локальный защитный выход 2.0N,0.0,0.0,short,Turtle 20,2026-03-17 02:55:56,D:\GIT\okx-trading-bot\v08x\085\085_4\logs\trade_context\20260317_025556_ETHFI-USDT-SWAP_short_trade.json,20260317_025513_ETHFI-USDT-SWAP_short,0.740250036656897,1
1.255,локальный_защитный_выход_2.0n,837,0.004254999999999986,D:\GIT\okx-trading-bot\v08x\085\085_4\logs\entry_context\20260317_024152_AXS-USDT-SWAP_long.json,1.2842665164809106,1.2806,1.2842665164809106,1.2757565164809106,AXS-USDT-SWAP,0.06746652,5.253311,7.92791,0.00073348,0.057113,0.086191,1.285,0.5342799999999303,1.0,-3.092340000000045,-0.2854949836236077,1083.15038,8434.0,Локальный защитный выход 2.0N,401.33894779935196,0.0008509999999999973,long,Turtle 55,2026-03-17 02:55:49,D:\GIT\okx-trading-bot\v08x\085\085_4\logs\trade_context\20260317_025549_AXS-USDT-SWAP_long_trade.json,20260317_024152_AXS-USDT-SWAP_long,1.2789,1
0.7668,локальный_защитный_выход_2.0n,41,0.004020000000000007,,0.740250036656897,0.7644,0.7482900366568971,0.7482900366568971,ETHFI-USDT-SWAP,0.02774996,3.748728,3.451488,0.02025004,2.735567,2.518661,0.7644,0.0,0.0,-23.71526400292708,-3.262406234002842,0.0,982.0,Локальный защитный выход 2.0N,0.0,0.0,short,Turtle 20,2026-03-17 02:55:07,D:\GIT\okx-trading-bot\v08x\085\085_4\logs\trade_context\20260317_025507_ETHFI-USDT-SWAP_short_trade.json,20260317_025426_ETHFI-USDT-SWAP_short,0.740250036656897,1
0.7676,локальный_защитный_выход_2.0n,41,0.004020000000000007,,0.740250036656897,0.7644,0.7482900366568971,0.7482900366568971,ETHFI-USDT-SWAP,0.02774996,3.748728,3.451488,0.02025004,2.735567,2.518661,0.7644,0.0,0.0,-23.71526400292708,-3.262406234002842,0.0,982.0,Локальный защитный выход 2.0N,0.0,0.0,short,Turtle 20,2026-03-17 02:54:20,D:\GIT\okx-trading-bot\v08x\085\085_4\logs\trade_context\20260317_025420_ETHFI-USDT-SWAP_short_trade.json,20260317_025339_ETHFI-USDT-SWAP_short,0.740250036656897,1
0.7676,локальный_защитный_выход_2.0n,41,0.004020000000000007,,0.740250036656897,0.7644,0.7482900366568971,0.7482900366568971,ETHFI-USDT-SWAP,0.02774996,3.748728,3.451488,0.02025004,2.735567,2.518661,0.7644,0.0,0.0,-23.71526400292708,-3.262406234002842,0.0,982.0,Локальный защитный выход 2.0N,0.0,0.0,short,Turtle 20,2026-03-17 02:53:33,D:\GIT\okx-trading-bot\v08x\085\085_4\logs\trade_context\20260317_025333_ETHFI-USDT-SWAP_short_trade.json,20260317_025252_ETHFI-USDT-SWAP_short,0.740250036656897,1
0.7676,локальный_защитный_выход_2.0n,40,0.004020000000000007,,0.740250036656897,0.7644,0.7482900366568971,0.7482900366568971,ETHFI-USDT-SWAP,0.02774996,3.748728,3.451488,0.02025004,2.735567,2.518661,0.7644,0.0,0.0,-23.71526400292708,-3.262406234002842,0.0,982.0,Локальный защитный выход 2.0N,0.0,0.0,short,Turtle 20,2026-03-17 02:52:46,D:\GIT\okx-trading-bot\v08x\085\085_4\logs\trade_context\20260317_025246_ETHFI-USDT-SWAP_short_trade.json,20260317_025205_ETHFI-USDT-SWAP_short,0.740250036656897,1
0.7676,локальный_защитный_выход_2.0n,50,0.004020000000000007,,0.740250036656897,0.7644,0.7482900366568971,0.7482900366568971,ETHFI-USDT-SWAP,0.02774996,3.748728,3.451488,0.02025004,2.735567,2.518661,0.7644,0.0,0.0,-23.71526400292708,-3.262406234002842,0.0,982.0,Локальный защитный выход 2.0N,0.0,0.0,short,Turtle 20,2026-03-17 02:51:58,D:\GIT\okx-trading-bot\v08x\085\085_4\logs\trade_context\20260317_025158_ETHFI-USDT-SWAP_short_trade.json,20260317_025108_ETHFI-USDT-SWAP_short,0.740250036656897,1
0.2386,локальный_защитный_выход_2.0n,940,0.0005050000000000026,D:\GIT\okx-trading-bot\v08x\085\085_4\logs\entry_context\20260317_023608_BAND-USDT-SWAP_long.json,0.2409,0.2405,0.2411,0.23989,BAND-USDT-SWAP,0.0026,1.079286,2.574257,0.0081,3.362391,8.019802,0.2413,1.7579999999999283,1.0,-5.274000000000151,-0.24885939444214727,2118.3900000000003,8790.0,Локальный защитный выход 2.0N,401.9454392019376,0.0010100000000000053,long,Turtle 20,2026-03-17 02:51:49,D:\GIT\okx-trading-bot\v08x\085\085_4\logs\trade_context\20260317_025149_BAND-USDT-SWAP_long_trade.json,20260317_023607_BAND-USDT-SWAP_long,0.2405,2
0.7676,локальный_защитный_выход_2.0n,48,0.004020000000000007,,0.740250036656897,0.7644,0.7482900366568971,0.7482900366568971,ETHFI-USDT-SWAP,0.02774996,3.748728,3.451488,0.02025004,2.735567,2.518661,0.7644,0.0,0.0,-23.71526400292708,-3.262406234002842,0.0,982.0,Локальный защитный выход 2.0N,0.0,0.0,short,Turtle 20,2026-03-17 02:51:02,D:\GIT\okx-trading-bot\v08x\085\085_4\logs\trade_context\20260317_025102_ETHFI-USDT-SWAP_short_trade.json,20260317_025014_ETHFI-USDT-SWAP_short,0.740250036656897,1
97.8,локальный_защитный_выход_2.0n,930,0.24499999999999958,D:\GIT\okx-trading-bot\v08x\085\085_4\logs\entry_context\20260317_023519_SOL-USDT-SWAP_short.json,94.75,94.78,94.75,95.24,SOL-USDT-SWAP,3.05,3.218997,6.22449,0.0,0.0,0.0,94.9,0.0,1.0,-0.3387000000000128,-0.031662269129288795,1069.7275,11.29,Локальный защитный выход 2.0N,401.9644504786195,0.48999999999999916,short,Turtle 55,2026-03-17 02:50:49,D:\GIT\okx-trading-bot\v08x\085\085_4\logs\trade_context\20260317_025049_SOL-USDT-SWAP_short_trade.json,20260317_023519_SOL-USDT-SWAP_short,94.75,1
0.768,локальный_защитный_выход_2.0n,43,0.004100000000000009,,0.740250036656897,0.7644,0.748450036656897,0.748450036656897,ETHFI-USDT-SWAP,0.02774996,3.748728,3.384142,0.02025004,2.735567,2.469517,0.7644,0.0,0.0,-23.71526400292708,-3.262406234002842,0.0,982.0,Локальный защитный выход 2.0N,0.0,0.0,short,Turtle 20,2026-03-17 02:50:08,D:\GIT\okx-trading-bot\v08x\085\085_4\logs\trade_context\20260317_025008_ETHFI-USDT-SWAP_short_trade.json,20260317_024924_ETHFI-USDT-SWAP_short,0.740250036656897,1
0.768,локальный_защитный_выход_2.0n,43,0.004100000000000009,,0.740250036656897,0.7644,0.748450036656897,0.748450036656897,ETHFI-USDT-SWAP,0.02774996,3.748728,3.384142,0.02025004,2.735567,2.469517,0.7644,0.0,0.0,-23.71526400292708,-3.262406234002842,0.0,982.0,Локальный защитный выход 2.0N,0.0,0.0,short,Turtle 20,2026-03-17 02:49:18,D:\GIT\okx-trading-bot\v08x\085\085_4\logs\trade_context\20260317_024918_ETHFI-USDT-SWAP_short_trade.json,20260317_024834_ETHFI-USDT-SWAP_short,0.740250036656897,1
0.768,локальный_защитный_выход_2.0n,45,0.004100000000000009,,0.740250036656897,0.7644,0.748450036656897,0.748450036656897,ETHFI-USDT-SWAP,0.02774996,3.748728,3.384142,0.02025004,2.735567,2.469517,0.7644,0.0,0.0,-23.71526400292708,-3.262406234002842,0.0,982.0,Локальный защитный выход 2.0N,0.0,0.0,short,Turtle 20,2026-03-17 02:48:28,D:\GIT\okx-trading-bot\v08x\085\085_4\logs\trade_context\20260317_024828_ETHFI-USDT-SWAP_short_trade.json,20260317_024743_ETHFI-USDT-SWAP_short,0.740250036656897,1
0.768,локальный_защитный_выход_2.0n,43,0.004100000000000009,,0.740250036656897,0.7644,0.748450036656897,0.748450036656897,ETHFI-USDT-SWAP,0.02774996,3.748728,3.384142,0.02025004,2.735567,2.469517,0.7644,0.0,0.0,-23.71526400292708,-3.262406234002842,0.0,982.0,Локальный защитный выход 2.0N,0.0,0.0,short,Turtle 20,2026-03-17 02:47:37,D:\GIT\okx-trading-bot\v08x\085\085_4\logs\trade_context\20260317_024737_ETHFI-USDT-SWAP_short_trade.json,20260317_024653_ETHFI-USDT-SWAP_short,0.740250036656897,1
0.768,локальный_защитный_выход_2.0n,44,0.004100000000000009,,0.740250036656897,0.7644,0.748450036656897,0.748450036656897,ETHFI-USDT-SWAP,0.02774996,3.748728,3.384142,0.02025004,2.735567,2.469517,0.7644,0.0,0.0,-36.63549439148715,-3.2624062340028424,0.0,1517.0,Локальный защитный выход 2.0N,0.0,0.0,short,Turtle 20,2026-03-17 02:46:47,D:\GIT\okx-trading-bot\v08x\085\085_4\logs\trade_context\20260317_024647_ETHFI-USDT-SWAP_short_trade.json,20260317_024602_ETHFI-USDT-SWAP_short,0.740250036656897,1
0.768,локальный_защитный_выход_2.0n,53,0.004100000000000009,,0.740250036656897,0.7642,0.744130036656897,0.744130036656897,ETHFI-USDT-SWAP,0.02774996,3.748728,7.152052,0.02025004,2.735567,5.219082,0.7644,0.0,0.0,-36.33209439148718,-3.2353883359824365,0.0,1517.0,Локальный защитный выход 2.0N,0.0,0.0,short,Turtle 20,2026-03-17 02:45:56,D:\GIT\okx-trading-bot\v08x\085\085_4\logs\trade_context\20260317_024556_ETHFI-USDT-SWAP_short_trade.json,20260317_024503_ETHFI-USDT-SWAP_short,0.740250036656897,1
0.768,локальный_защитный_выход_2.0n,47,0.0019400000000000083,,0.740250036656897,0.7642,0.744130036656897,0.744130036656897,ETHFI-USDT-SWAP,0.02774996,3.748728,7.152052,0.00195004,0.263429,0.502587,0.7644,0.0,0.0,-36.33209439148718,-3.2353883359824365,0.0,1517.0,Локальный защитный выход 2.0N,0.0,0.0,short,Turtle 20,2026-03-17 02:44:57,D:\GIT\okx-trading-bot\v08x\085\085_4\logs\trade_context\20260317_024457_ETHFI-USDT-SWAP_short_trade.json,20260317_024409_ETHFI-USDT-SWAP_short,0.740250036656897,1
0.768,локальный_защитный_выход_2.0n,48,0.0019400000000000083,,0.740250036656897,0.7642,0.744130036656897,0.744130036656897,ETHFI-USDT-SWAP,0.02774996,3.748728,7.152052,0.00195004,0.263429,0.502587,0.7644,0.0,0.0,-36.33209439148718,-3.2353883359824365,0.0,1517.0,Локальный защитный выход 2.0N,0.0,0.0,short,Turtle 20,2026-03-17 02:44:03,D:\GIT\okx-trading-bot\v08x\085\085_4\logs\trade_context\20260317_024403_ETHFI-USDT-SWAP_short_trade.json,20260317_024314_ETHFI-USDT-SWAP_short,0.740250036656897,1
0.768,локальный_защитный_выход_2.0n,49,0.0019400000000000083,,0.740250036656897,0.7644,0.744130036656897,0.744130036656897,ETHFI-USDT-SWAP,0.02774996,3.748728,7.152052,0.00195004,0.263429,0.502587,0.7644,0.0,0.0,-39.67838977271812,-3.2624062340028424,0.0,1643.0,Локальный защитный выход 2.0N,0.0,0.0,short,Turtle 20,2026-03-17 02:43:08,D:\GIT\okx-trading-bot\v08x\085\085_4\logs\trade_context\20260317_024308_ETHFI-USDT-SWAP_short_trade.json,20260317_024219_ETHFI-USDT-SWAP_short,0.740250036656897,1
0.768,локальный_защитный_выход_2.0n,82,0.0019400000000000083,D:\GIT\okx-trading-bot\v08x\085\085_4\logs\entry_context\20260317_024050_ETHFI-USDT-SWAP_short.json,0.7485681085044023,0.7644,0.742675036656897,0.7524481085044022,ETHFI-USDT-SWAP,0.01943189,2.595875,5.008219,0.01026811,1.3717,2.64642,0.7644,30.417300000015196,1.0,-65.8810999999848,-3.2624062340028424,2030.7479500000122,2728.0,Локальный защитный выход 2.0N,402.0061715374879,0.0038800000000000167,short,Turtle 20,2026-03-17 02:42:13,D:\GIT\okx-trading-bot\v08x\085\085_4\logs\trade_context\20260317_024213_ETHFI-USDT-SWAP_short_trade.json,20260317_024049_ETHFI-USDT-SWAP_short,0.740250036656897,2
7.96e-06,локальный_защитный_выход_2.0n,940,3.199999999999995e-08,D:\GIT\okx-trading-bot\v08x\085\085_4\logs\entry_context\20260317_022519_SHIB-USDT-SWAP_short.json,7.4e-06,7.4e-06,7.4e-06,7.464e-06,SHIB-USDT-SWAP,5.6e-07,7.567568,8.75,0.0,0.0,0.0,7.4e-06,0.0,1.0,0.0,0.0,1067.08,144.2,Локальный защитный выход 2.0N,402.42131782514787,0.0639999999999999,short,Turtle 55,2026-03-17 02:40:59,D:\GIT\okx-trading-bot\v08x\085\085_4\logs\trade_context\20260317_024059_SHIB-USDT-SWAP_short_trade.json,20260317_022518_SHIB-USDT-SWAP_short,7.4e-06,1
0.7616,локальный_защитный_выход_2.0n,116,0.0005150000000000044,,0.7618,0.7657,1.5236257500000001,0.7607700000000001,ETHFI-USDT-SWAP,0.0078,1.023891,7.572816,0.0062,0.813862,6.019417,0.7657,3.5359999999999125,0.0,5.30400000000002,0.5119453924914694,1036.048,1360.0,Локальный защитный выход 2.0N,0.0,0.0,long,Turtle 20,2026-03-17 02:38:28,D:\GIT\okx-trading-bot\v08x\085\085_4\logs\trade_context\20260317_023828_ETHFI-USDT-SWAP_long_trade.json,20260317_023632_ETHFI-USDT-SWAP_long,0.7618,2
0.0803,локальный_защитный_выход_2.0n,1409,0.00027500000000000164,D:\GIT\okx-trading-bot\v08x\085\085_4\logs\entry_context\20260317_020844_CELO-USDT-SWAP_long.json,0.0805072709429926,0.0775,0.0808113034168982,0.0799572709429926,CELO-USDT-SWAP,0.00390727,4.853314,7.104129,0.00699273,8.685835,12.714053,0.0808113034168982,2.160299999995807,1.0,-74.2328000000238,-4.097574568022351,1808.219900000016,22418.0,Локальный защитный выход 2.0N,404.6983151067848,0.0005500000000000033,long,Turtle 55,2026-03-17 02:32:14,D:\GIT\okx-trading-bot\v08x\085\085_4\logs\trade_context\20260317_023214_CELO-USDT-SWAP_long_trade.json,20260317_020844_CELO-USDT-SWAP_long,0.0775,2
97.8,локальный_защитный_выход_2.0n,880,0.17250000000000085,D:\GIT\okx-trading-bot\v08x\085\085_4\logs\entry_context\20260317_021546_SOL-USDT-SWAP_short.json,96.19,96.25,96.19,96.535,SOL-USDT-SWAP,1.61,1.673771,4.666667,0.02,0.020792,0.057971,96.28,0.411999999999918,1.0,-0.6180000000000234,-0.062376546418548985,990.7570000000001,10.3,Локальный защитный выход 2.0N,403.1505273037567,0.3450000000000017,short,Turtle 55,2026-03-17 02:30:26,D:\GIT\okx-trading-bot\v08x\085\085_4\logs\trade_context\20260317_023026_SOL-USDT-SWAP_short_trade.json,20260317_021546_SOL-USDT-SWAP_short,96.17,1
1.989,локальный_защитный_выход_2.0n,852,0.0044000000000000376,D:\GIT\okx-trading-bot\v08x\085\085_4\logs\entry_context\20260317_021120_ATOM-USDT-SWAP_short.json,1.9684055666003977,1.972,1.9684055666003977,1.9772055666003978,ATOM-USDT-SWAP,0.07159443,3.637179,8.135731,0.03940557,2.001903,4.477905,1.972,0.204000000000043,1.0,-1.8079999999999588,-0.18260634193441105,990.1080000000001,503.0,Локальный защитный выход 2.0N,403.03779383669666,0.008800000000000075,short,Turtle 20,2026-03-17 02:25:33,D:\GIT\okx-trading-bot\v08x\085\085_4\logs\trade_context\20260317_022533_ATOM-USDT-SWAP_short_trade.json,20260317_021119_ATOM-USDT-SWAP_short,1.968,1
3.595e-06,локальный_защитный_выход_2.0n,853,1.8400000000000006e-08,D:\GIT\okx-trading-bot\v08x\085\085_4\logs\entry_context\20260317_021115_PEPE-USDT-SWAP_long.json,3.8990781253e-06,3.899e-06,3.8990781253e-06,3.8622781253e-06,PEPE-USDT-SWAP,3e-07,7.798718,8.262993,0.0,0.04929,0.052225,3.9e-06,0.7479999231999567,1.0,-0.020000076799992633,-0.0020036864481642095,998.1640000768001,25.6,Локальный защитный выход 2.0N,403.04876901742165,0.3680000000000001,long,Turtle 55,2026-03-17 02:25:28,D:\GIT\okx-trading-bot\v08x\085\085_4\logs\trade_context\20260317_022528_PEPE-USDT-SWAP_long_trade.json,20260317_021115_PEPE-USDT-SWAP_long,3.899e-06,1
10.5,канальный_выход_20_свечей,555,0.007449999999999868,,10.51549028622275,10.5,10.49489028622275,10.49489028622275,LINK-USDT-SWAP,0.06749029,0.641818,3.276227,0.06650971,0.632493,3.228627,10.51549028622275,0.0,0.0,-3.1335300000001323,-0.1473092152730656,0.0,202.29,Канальный выход 20 свечей,0.0,0.0,long,Turtle 20,2026-03-17 02:21:05,D:\GIT\okx-trading-bot\v08x\085\085_4\logs\trade_context\20260317_022105_LINK-USDT-SWAP_long_trade.json,20260317_021150_LINK-USDT-SWAP_long,10.371,1
0.986,локальный_защитный_выход_2.0n,551,0.0033499999999999862,,0.9895000000000002,0.987,0.9889275000000002,0.9808,FIL-USDT-SWAP,0.0255,2.577059,2.931034,0.0445,4.497221,5.114943,0.99,1.954600000000002,0.0,-9.77300000000066,-0.25265285497727824,1934.0767000000005,39092.0,Локальный защитный выход 2.0N,0.0,0.0,long,Turtle 20,2026-03-17 02:21:01,D:\GIT\okx-trading-bot\v08x\085\085_4\logs\trade_context\20260317_022101_FIL-USDT-SWAP_long_trade.json,20260317_021150_FIL-USDT-SWAP_long,0.987,2
19.72,локальный_защитный_выход_2.0n,870,0.06699999999999981,D:\GIT\okx-trading-bot\v08x\085\085_4\logs\entry_context\20260317_020611_COMP-USDT-SWAP_short.json,19.44,19.45,19.44,19.574,COMP-USDT-SWAP,0.34,1.748971,2.537313,0.04,0.205761,0.298507,19.45,1.9416000000001308,1.0,-0.4853999999999034,-0.051440329218096756,943.6176,485.4,Локальный защитный выход 2.0N,405.7268214829073,0.013399999999999962,short,Turtle 20,2026-03-17 02:20:41,D:\GIT\okx-trading-bot\v08x\085\085_4\logs\trade_context\20260317_022041_COMP-USDT-SWAP_short_trade.json,20260317_020611_COMP-USDT-SWAP_short,19.41,1
59.82,локальный_защитный_выход_2.0n,879,1.2150000000000005,D:\GIT\okx-trading-bot\v08x\085\085_4\logs\entry_context\20260317_020558_LTC-USDT-SWAP_short.json,58.5,58.85,58.5,60.93,LTC-USDT-SWAP,2.17,3.709402,0.893004,0.24,0.410256,0.098765,59.26,0.3320000000000519,1.0,-5.8100000000000245,-0.5982905982906007,971.1000000000001,16.6,Локальный защитный выход 2.0N,405.8295671020877,2.430000000000001,short,Turtle 20,2026-03-17 02:20:37,D:\GIT\okx-trading-bot\v08x\085\085_4\logs\trade_context\20260317_022037_LTC-USDT-SWAP_short_trade.json,20260317_020558_LTC-USDT-SWAP_short,58.33,1
1.2168,локальный_защитный_выход_2.0n,122,0.0027999999999999913,D:\GIT\okx-trading-bot\v08x\085\085_4\logs\entry_context\20260317_021551_AXS-USDT-SWAP_long.json,1.2737484209163863,1.2677,1.2730224262231429,1.2681484209163862,AXS-USDT-SWAP,0.05694842,4.470932,10.169361,0.0,0.0,0.0,1.2752,0.0,1.0,-6.6697500000004855,-0.3393377178868539,1966.8579250000005,15452.0,Локальный защитный выход 2.0N,403.1315922625206,0.0005599999999999983,long,Turtle 55,2026-03-17 02:17:54,D:\GIT\okx-trading-bot\v08x\085\085_4\logs\trade_context\20260317_021754_AXS-USDT-SWAP_long_trade.json,20260317_021550_AXS-USDT-SWAP_long,1.2677,2
9.67,локальный_защитный_выход_2.0n,596,0.053999999999999826,D:\GIT\okx-trading-bot\v08x\085\085_4\logs\entry_context\20260317_020616_ETC-USDT-SWAP_short.json,9.37,9.48,9.477999999999998,9.477999999999998,ETC-USDT-SWAP,0.3,3.201708,2.777778,0.04,0.426894,0.37037,9.48,0.0,1.0,-10.934000000000118,-1.1739594450373663,931.3779999999998,9.94,Локальный защитный выход 2.0N,405.59465967330243,1.0799999999999965,short,Turtle 20,2026-03-17 02:16:12,D:\GIT\okx-trading-bot\v08x\085\085_4\logs\trade_context\20260317_021612_ETC-USDT-SWAP_short_trade.json,20260317_020615_ETC-USDT-SWAP_short,9.37,1
0.2406,локальный_защитный_выход_2.0n,459,0.00039000000000000287,D:\GIT\okx-trading-bot\v08x\085\085_4\logs\entry_context\20260317_020607_BAND-USDT-SWAP_short.json,0.2387845133850389,0.2399,0.2395645133850389,0.2395645133850389,BAND-USDT-SWAP,0.01021549,4.278119,13.096778,0.00118451,0.49606,1.518607,0.2399,1.137200000000498,1.0,-4.458599999999551,-0.4671519937150998,954.4217000000004,3997.0,Локальный защитный выход 2.0N,405.8080739637648,0.0007800000000000057,short,Turtle 20,2026-03-17 02:13:46,D:\GIT\okx-trading-bot\v08x\085\085_4\logs\trade_context\20260317_021346_BAND-USDT-SWAP_short_trade.json,20260317_020607_BAND-USDT-SWAP_short,0.2386,1
0.0867,локальный_защитный_выход_2.0n,652,0.0034299999999999977,,0.083,0.0847,0.083,0.08971,2Z-USDT-SWAP,0.0037,4.457831,0.551416,0.0017,2.048193,0.253353,0.0865,0.0,0.0,-43.17999999999983,-2.048192771084329,0.0,2540.0,Локальный защитный выход 2.0N,0.0,0.0,short,Turtle 20,2026-03-17 02:10:09,D:\GIT\okx-trading-bot\v08x\085\085_4\logs\trade_context\20260317_021009_2Z-USDT-SWAP_short_trade.json,20260317_015917_2Z-USDT-SWAP_short,0.0828,1
0.06657,локальный_защитный_выход_2.0n,660,0.007096,D:\GIT\okx-trading-bot\v08x\085\085_4\logs\entry_context\20260317_015905_MAGIC-USDT-SWAP_long.json,0.0871,0.08701,0.0871,0.072908,MAGIC-USDT-SWAP,0.02103,24.144661,1.481821,0.0,0.0,0.0,0.0871,0.0,1.0,-4.304429999999659,-0.10332950631457274,4165.7317,47827.0,Локальный защитный выход 2.0N,406.6905742532637,0.014192,long,Turtle 55,2026-03-17 02:10:05,D:\GIT\okx-trading-bot\v08x\085\085_4\logs\trade_context\20260317_021005_MAGIC-USDT-SWAP_long_trade.json,20260317_015905_MAGIC-USDT-SWAP_long,0.08701,1
0.0803,локальный_защитный_выход_2.0n,118,0.00027500000000000164,D:\GIT\okx-trading-bot\v08x\085\085_4\logs\entry_context\20260317_020554_CELO-USDT-SWAP_long.json,0.0842,0.0869,2.7740779073735293,0.08364999999999999,CELO-USDT-SWAP,0.0076,9.026128,13.818182,0.0,0.0,0.0,0.0869,0.5612999999994801,1.0,1.914899999999498,1.4869233212220976,1989.0040008368205,1504.0,Локальный защитный выход 2.0N,405.83760583912226,0.0005500000000000033,long,Turtle 55,2026-03-17 02:07:52,D:\GIT\okx-trading-bot\v08x\085\085_4\logs\trade_context\20260317_020752_CELO-USDT-SWAP_long_trade.json,20260317_020554_CELO-USDT-SWAP_long,0.0842,2
10.57,защита_тренда:_откат_от_пика_7.09r_→_0.00r,77,0.009099999999999752,,10.544,10.544,10.5622,10.5622,LINK-USDT-SWAP,0.038,0.360395,2.087912,0.096,0.91047,5.274725,10.544,13.410840000000139,0.0,0.0,0.0,0.0,103.96,Защита тренда: откат от пика 7.09R → 0.00R,0.0,0.0,short,Turtle 20,2026-03-17 02:06:37,D:\GIT\okx-trading-bot\v08x\085\085_4\logs\trade_context\20260317_020637_LINK-USDT-SWAP_short_trade.json,20260317_020519_LINK-USDT-SWAP_short,10.415,1
10.57,защита_тренда:_откат_от_пика_7.03r_→_0.00r,45,0.009099999999999752,,10.544,10.544,10.5622,10.5622,LINK-USDT-SWAP,0.038,0.360395,2.087912,0.096,0.91047,5.274725,10.544,13.30688000000001,0.0,0.0,0.0,0.0,103.96,Защита тренда: откат от пика 7.03R → 0.00R,0.0,0.0,short,Turtle 20,2026-03-17 02:05:14,D:\GIT\okx-trading-bot\v08x\085\085_4\logs\trade_context\20260317_020514_LINK-USDT-SWAP_short_trade.json,20260317_020428_LINK-USDT-SWAP_short,10.416,1
10.572,защита_тренда:_откат_от_пика_6.26r_→_0.00r,46,0.009099999999999752,,10.544,10.544,10.5622,10.5622,LINK-USDT-SWAP,0.038,0.360395,2.087912,0.096,0.91047,5.274725,10.544,11.851440000000078,0.0,0.0,0.0,0.0,103.96,Защита тренда: откат от пика 6.26R → 0.00R,0.0,0.0,short,Turtle 20,2026-03-17 02:04:22,D:\GIT\okx-trading-bot\v08x\085\085_4\logs\trade_context\20260317_020422_LINK-USDT-SWAP_short_trade.json,20260317_020335_LINK-USDT-SWAP_short,10.43,1
10.572,защита_тренда:_откат_от_пика_6.15r_→_0.00r,46,0.009099999999999752,,10.544,10.544,10.5622,10.5622,LINK-USDT-SWAP,0.038,0.360395,2.087912,0.096,0.91047,5.274725,10.544,11.64352000000001,0.0,0.0,0.0,0.0,103.96,Защита тренда: откат от пика 6.15R → 0.00R,0.0,0.0,short,Turtle 20,2026-03-17 02:03:29,D:\GIT\okx-trading-bot\v08x\085\085_4\logs\trade_context\20260317_020329_LINK-USDT-SWAP_short_trade.json,20260317_020243_LINK-USDT-SWAP_short,10.432,1
10.572,защита_тренда:_откат_от_пика_4.84r_→_0.00r,46,0.009099999999999752,,10.544,10.544,10.5622,10.5622,LINK-USDT-SWAP,0.038,0.360395,2.087912,0.096,0.91047,5.274725,10.544,9.1484800000001,0.0,0.0,0.0,0.0,103.96,Защита тренда: откат от пика 4.84R → 0.00R,0.0,0.0,short,Turtle 20,2026-03-17 02:02:37,D:\GIT\okx-trading-bot\v08x\085\085_4\logs\trade_context\20260317_020237_LINK-USDT-SWAP_short_trade.json,20260317_020151_LINK-USDT-SWAP_short,10.456,1
10.572,защита_тренда:_откат_от_пика_4.89r_→_0.00r,45,0.009099999999999752,,10.544,10.544,10.5622,10.5622,LINK-USDT-SWAP,0.038,0.360395,2.087912,0.096,0.91047,5.274725,10.544,9.252440000000043,0.0,0.0,0.0,0.0,103.96,Защита тренда: откат от пика 4.89R → 0.00R,0.0,0.0,short,Turtle 20,2026-03-17 02:01:45,D:\GIT\okx-trading-bot\v08x\085\085_4\logs\trade_context\20260317_020145_LINK-USDT-SWAP_short_trade.json,20260317_020059_LINK-USDT-SWAP_short,10.455,1
10.572,защита_тренда:_откат_от_пика_3.96r_→_0.00r,47,0.009099999999999752,,10.544,10.544,10.5622,10.5622,LINK-USDT-SWAP,0.038,0.360395,2.087912,0.096,0.91047,5.274725,10.544,7.485120000000099,0.0,0.0,0.0,0.0,103.96,Защита тренда: откат от пика 3.96R → 0.00R,0.0,0.0,short,Turtle 20,2026-03-17 02:00:53,D:\GIT\okx-trading-bot\v08x\085\085_4\logs\trade_context\20260317_020053_LINK-USDT-SWAP_short_trade.json,20260317_020006_LINK-USDT-SWAP_short,10.472,1
0.2325,локальный_защитный_выход_2.0n,656,0.0005249999999999991,,0.2419,0.2422,0.48382625,0.24078,IMX-USDT-SWAP,0.0141,5.828855,12.589286,0.0,0.0,0.0,0.2422,0.4617999999999491,0.0,1.3853999999999755,0.12401818933443352,1117.0942,4618.0,Локальный защитный выход 2.0N,0.0,0.0,long,Turtle 20,2026-03-17 01:57:24,D:\GIT\okx-trading-bot\v08x\085\085_4\logs\trade_context\20260317_015724_IMX-USDT-SWAP_long_trade.json,20260317_014628_IMX-USDT-SWAP_long,0.2417,2
720.2,локальный_защитный_выход_2.0n,854,0.7699999999999989,D:\GIT\okx-trading-bot\v08x\085\085_4\logs\entry_context\20260317_014114_BNB-USDT-SWAP_long.json,733.3,733.3,733.3,731.76,BNB-USDT-SWAP,13.7,1.868267,8.896104,0.0,0.0,0.0,733.3,0.0,1.0,0.0,0.0,1107.283,151.0,Локальный защитный выход 2.0N,407.39520148777365,0.015399999999999978,long,Turtle 55,2026-03-17 01:55:29,D:\GIT\okx-trading-bot\v08x\085\085_4\logs\trade_context\20260317_015529_BNB-USDT-SWAP_long_trade.json,20260317_014114_BNB-USDT-SWAP_long,733.2,1
0.2315,локальный_защитный_выход_2.0n,111,0.000474999999999999,D:\GIT\okx-trading-bot\v08x\085\085_4\logs\entry_context\20260317_014347_IMX-USDT-SWAP_long.json,0.2404077955825033,0.2419,0.3617470966868777,0.2394577955825033,IMX-USDT-SWAP,0.0126078,5.244337,13.271364,0.0014922,0.620697,1.570741,0.2419,4.120199999998276,1.0,7.814599999998381,0.3510012559435606,3336.577000000002,9236.0,Локальный защитный выход 2.0N,407.2829368491113,0.000949999999999998,long,Turtle 55,2026-03-17 01:45:38,D:\GIT\okx-trading-bot\v08x\085\085_4\logs\trade_context\20260317_014538_IMX-USDT-SWAP_long_trade.json,20260317_014346_IMX-USDT-SWAP_long,0.2404077955825033,3
0.2313,локальный_защитный_выход_2.0n,110,0.000474999999999999,D:\GIT\okx-trading-bot\v08x\085\085_4\logs\entry_context\20260317_014110_IMX-USDT-SWAP_long.json,0.2404,0.2407,0.241906380710192,0.23945,IMX-USDT-SWAP,0.0128,5.324459,13.473684,0.0,0.0,0.0,0.2407,0.0,1.0,1.4173999999978355,0.06273131175394359,2272.0035502608334,9393.0,Локальный защитный выход 2.0N,407.40607900571814,0.000949999999999998,long,Turtle 55,2026-03-17 01:43:00,D:\GIT\okx-trading-bot\v08x\085\085_4\logs\trade_context\20260317_014300_IMX-USDT-SWAP_long_trade.json,20260317_014110_IMX-USDT-SWAP_long,0.2404,2
720.6,локальный_защитный_выход_2.0n,854,0.15500000000000114,D:\GIT\okx-trading-bot\v08x\085\085_4\logs\entry_context\20260317_012126_BNB-USDT-SWAP_long.json,721.0,720.9,721.0,720.69,BNB-USDT-SWAP,1.4,0.194175,4.516129,0.0,0.0,0.0,721.0,0.0,1.0,-0.14300000000003252,-0.013869625520114112,1031.03,143.0,Локальный защитный выход 2.0N,408.0763721994815,0.003100000000000023,long,Turtle 20,2026-03-17 01:35:41,D:\GIT\okx-trading-bot\v08x\085\085_4\logs\trade_context\20260317_013541_BNB-USDT-SWAP_long_trade.json,20260317_012126_BNB-USDT-SWAP_long,720.9,1
81.06,локальный_защитный_выход_2.0n,293,0.05700000000000003,D:\GIT\okx-trading-bot\v08x\085\085_4\logs\entry_context\20260317_012716_XAG-USDT-SWAP_short.json,80.7,80.88,80.81400000000001,80.81400000000001,XAG-USDT-SWAP,0.63,0.780669,5.526316,0.05,0.061958,0.438596,80.88,0.0,1.0,-2.2787999999999067,-0.22304832713753733,1021.662,1266.0,Локальный защитный выход 2.0N,408.1108479295161,0.0011400000000000006,short,Turtle 20,2026-03-17 01:32:10,D:\GIT\okx-trading-bot\v08x\085\085_4\logs\trade_context\20260317_013210_XAG-USDT-SWAP_short_trade.json,20260317_012716_XAG-USDT-SWAP_short,80.7,1
9.38,локальный_защитный_выход_2.0n,591,0.023999999999999844,D:\GIT\okx-trading-bot\v08x\085\085_4\logs\entry_context\20260317_012122_ETC-USDT-SWAP_long.json,9.572634949679781,9.43,9.621479780420861,9.52463494967978,ETC-USDT-SWAP,0.24263495,2.534673,5.054895,0.09736505,1.017119,2.028439,9.67,19.95600000000004,1.0,-80.60000000000015,-1.9174971856089729,4195.0025000000005,43.72,Локальный защитный выход 2.0N,408.1149996170144,0.4799999999999969,long,Turtle 20,2026-03-17 01:31:13,D:\GIT\okx-trading-bot\v08x\085\085_4\logs\trade_context\20260317_013113_ETC-USDT-SWAP_long_trade.json,20260317_012122_ETC-USDT-SWAP_long,9.43,4
1.898,локальный_защитный_выход_2.0n,675,0.002589999999999981,,1.9416,1.9416,1.9416,1.93642,NEAR-USDT-SWAP,0.0648,3.337454,12.509653,0.0,0.0,0.0,1.9416,0.0,0.0,0.0,0.0,0.0,223.1,Локальный защитный выход 2.0N,0.0,0.0,long,Turtle 20,2026-03-17 01:31:05,D:\GIT\okx-trading-bot\v08x\085\085_4\logs\trade_context\20260317_013105_NEAR-USDT-SWAP_long_trade.json,20260317_011949_NEAR-USDT-SWAP_long,1.9396,1
9.257,защита_тренда:_откат_от_пика_1.75r_→_1.09r,251,0.011700000000000089,D:\GIT\okx-trading-bot\v08x\085\085_4\logs\entry_context\20260317_012606_AVAX-USDT-SWAP_short.json,9.169051601423488,9.04,9.100625,9.192451601423489,AVAX-USDT-SWAP,0.2959484,3.227688,12.647367,0.1800516,1.963688,7.694513,9.169051601423488,47.868500000000665,1.0,35.729300000001004,0.8714222604531684,4111.274325,449.6,Защита тренда: откат от пика 1.75R → 1.09R,407.9440368872648,0.023400000000000178,short,Turtle 20,2026-03-17 01:30:17,D:\GIT\okx-trading-bot\v08x\085\085_4\logs\trade_context\20260317_013017_AVAX-USDT-SWAP_short_trade.json,20260317_012606_AVAX-USDT-SWAP_short,8.992,4
81.06,локальный_защитный_выход_2.0n,650,0.047000000000001305,D:\GIT\okx-trading-bot\v08x\085\085_4\logs\entry_context\20260317_011532_XAG-USDT-SWAP_short.json,80.81,80.75,80.69055049446203,80.90400000000001,XAG-USDT-SWAP,0.52,0.643485,5.531915,0.16,0.197995,1.702128,80.82,4.297700000000359,1.0,-1.7694999999998708,-0.0433599966478366,4082.783225,5056.0,Локальный защитный выход 2.0N,410.06204612146996,0.0009400000000000261,short,Turtle 20,2026-03-17 01:26:22,D:\GIT\okx-trading-bot\v08x\085\085_4\logs\trade_context\20260317_012622_XAG-USDT-SWAP_short_trade.json,20260317_011532_XAG-USDT-SWAP_short,80.65,4
0.1007,локальный_защитный_выход_2.0n,921,0.0011199999999999995,D:\GIT\okx-trading-bot\v08x\085\085_4\logs\entry_context\20260317_011052_DOGE-USDT-SWAP_long.json,0.10305,0.1026,0.10305,0.10081000000000001,DOGE-USDT-SWAP,0.00235,2.280446,1.049107,0.0001,0.09704,0.044643,0.10305,0.0,1.0,-4.860000000000065,-0.4366812227074295,1112.94,10.8,Локальный защитный выход 2.0N,410.2185989420528,2.239999999999999,long,Turtle 55,2026-03-17 01:26:13,D:\GIT\okx-trading-bot\v08x\085\085_4\logs\trade_context\20260317_012613_DOGE-USDT-SWAP_long_trade.json,20260317_011051_DOGE-USDT-SWAP_long,0.1022,1
1.054,локальный_защитный_выход_2.0n,848,0.011921499999999996,D:\GIT\okx-trading-bot\v08x\085\085_4\logs\entry_context\20260317_011100_SUI-USDT-SWAP_long.json,1.079495,1.077,1.079495,1.055652,SUI-USDT-SWAP,0.025495,2.361752,1.069287,0.038585,3.574357,1.618295,1.08026,0.9212899999999324,1.0,-2.5399100000001384,-0.23112659160071475,1098.9259100000002,1018.0,Локальный защитный выход 2.0N,410.2157758858022,0.023842999999999993,long,Turtle 20,2026-03-17 01:25:08,D:\GIT\okx-trading-bot\v08x\085\085_4\logs\trade_context\20260317_012508_SUI-USDT-SWAP_long_trade.json,20260317_011100_SUI-USDT-SWAP_long,1.06725,1
0.2485,локальный_защитный_выход_2.0n,919,0.008024999999999997,D:\GIT\okx-trading-bot\v08x\085\085_4\logs\entry_context\20260317_010617_CRV-USDT-SWAP_long.json,0.2580008190966535,0.2574,0.2580008190966535,0.2419508190966535,CRV-USDT-SWAP,0.01810082,7.015799,1.127777,0.01079918,4.185716,0.672846,0.2606,34.607799999999564,1.0,-2.5673000000003765,-0.23287487952835198,1102.4375000000005,4273.0,Локальный защитный выход 2.0N,410.237217143369,0.016049999999999995,long,Turtle 55,2026-03-17 01:21:36,D:\GIT\okx-trading-bot\v08x\085\085_4\logs\trade_context\20260317_012136_CRV-USDT-SWAP_long_trade.json,20260317_010617_CRV-USDT-SWAP_long,0.2568,1
0.1349,локальный_защитный_выход_2.0n,899,0.0004624999999999962,D:\GIT\okx-trading-bot\v08x\085\085_4\logs\entry_context\20260317_010526_OP-USDT-SWAP_long.json,0.1386970976699264,0.1384,0.1386970976699264,0.13777209766992643,OP-USDT-SWAP,0.0059971,4.323881,6.483349,2.9e-06,0.002093,0.003138,0.1387,0.3553599999995534,1.0,-2.4608600000005043,-0.21420611888610233,1148.8280600000005,8283.0,Локальный защитный выход 2.0N,410.48298005226536,0.0009249999999999925,long,Turtle 55,2026-03-17 01:20:25,D:\GIT\okx-trading-bot\v08x\085\085_4\logs\trade_context\20260317_012025_OP-USDT-SWAP_long_trade.json,20260317_010526_OP-USDT-SWAP_long,0.138,1
0.0522,локальный_защитный_выход_2.0n,271,0.0007299999999999987,D:\GIT\okx-trading-bot\v08x\085\085_4\logs\entry_context\20260317_011325_YGG-USDT-SWAP_short.json,0.0468,0.0454,0.04321100000000013,0.04826,YGG-USDT-SWAP,0.0054,11.538462,3.69863,0.0054,11.538462,3.69863,0.0468,149.40600000002985,1.0,-179.28719999997057,-4.1284403669717715,4470.559533333342,99604.0,Локальный защитный выход 2.0N,408.6884444930146,0.0014599999999999973,short,Turtle 20,2026-03-17 01:17:57,D:\GIT\okx-trading-bot\v08x\085\085_4\logs\trade_context\20260317_011757_YGG-USDT-SWAP_short_trade.json,20260317_011325_YGG-USDT-SWAP_short,0.042,4
0.0522,stopout_cooldown,14,0.0007299999999999987,D:\GIT\okx-trading-bot\v08x\085\085_4\logs\entry_context\20260317_011104_YGG-USDT-SWAP_short.json,0.0425,0.0443,0.04396,0.04396,YGG-USDT-SWAP,0.0097,22.823529,6.643836,0.0011,2.588235,0.753425,0.0443,0.0,1.0,-46.0655999999999,-4.235294117647049,1087.66,25592.0,ATR стоп 2.0N,410.1985818470753,0.0014599999999999973,short,Turtle 20,2026-03-17 01:11:19,D:\GIT\okx-trading-bot\v08x\085\085_4\logs\trade_context\20260317_011119_YGG-USDT-SWAP_short_trade.json,20260317_011104_YGG-USDT-SWAP_short,0.0425,1
10.549,локальный_защитный_выход_2.0n,42,0.010049999999999759,,10.528,10.551,10.5477,10.5477,LINK-USDT-SWAP,0.021,0.199468,1.06599,0.128,1.215805,6.497462,10.551,0.7162800000002392,0.0,-4.1186099999999435,-0.21846504559270216,0.0,179.07,Локальный защитный выход 2.0N,0.0,0.0,short,Turtle 20,2026-03-17 01:05:35,D:\GIT\okx-trading-bot\v08x\085\085_4\logs\trade_context\20260317_010535_LINK-USDT-SWAP_short_trade.json,20260317_010453_LINK-USDT-SWAP_short,10.524,1
10.549,защита_тренда:_откат_от_пика_1.32r_→_-0.81r,30,0.00984999999999978,,10.528,10.544,10.5477,10.5477,LINK-USDT-SWAP,0.021,0.199468,1.06599,0.128,1.215805,6.497462,10.544,4.655819999999964,0.0,-2.8651200000000023,-0.1519756838905776,0.0,179.07,Защита тренда: откат от пика 1.32R → -0.81R,0.0,0.0,short,Turtle 20,2026-03-17 01:04:47,D:\GIT\okx-trading-bot\v08x\085\085_4\logs\trade_context\20260317_010447_LINK-USDT-SWAP_short_trade.json,20260317_010416_LINK-USDT-SWAP_short,10.502,1
10.549,защита_тренда:_откат_от_пика_1.42r_→_-0.81r,30,0.00984999999999978,,10.528,10.544,10.5477,10.5477,LINK-USDT-SWAP,0.021,0.199468,1.06599,0.128,1.215805,6.497462,10.544,5.0139600000000835,0.0,-2.8651200000000023,-0.1519756838905776,0.0,179.07,Защита тренда: откат от пика 1.42R → -0.81R,0.0,0.0,short,Turtle 20,2026-03-17 01:04:10,D:\GIT\okx-trading-bot\v08x\085\085_4\logs\trade_context\20260317_010410_LINK-USDT-SWAP_short_trade.json,20260317_010340_LINK-USDT-SWAP_short,10.5,1
10.549,защита_тренда:_откат_от_пика_1.52r_→_-0.81r,31,0.00984999999999978,,10.528,10.544,10.5477,10.5477,LINK-USDT-SWAP,0.021,0.199468,1.06599,0.128,1.215805,6.497462,10.544,5.372100000000203,0.0,-2.8651200000000023,-0.1519756838905776,0.0,179.07,Защита тренда: откат от пика 1.52R → -0.81R,0.0,0.0,short,Turtle 20,2026-03-17 01:03:34,D:\GIT\okx-trading-bot\v08x\085\085_4\logs\trade_context\20260317_010334_LINK-USDT-SWAP_short_trade.json,20260317_010303_LINK-USDT-SWAP_short,10.498,1
10.549,защита_тренда:_откат_от_пика_1.52r_→_-0.81r,30,0.00984999999999978,,10.528,10.544,10.5477,10.5477,LINK-USDT-SWAP,0.021,0.199468,1.06599,0.128,1.215805,6.497462,10.544,5.372100000000203,0.0,-2.8651200000000023,-0.1519756838905776,0.0,179.07,Защита тренда: откат от пика 1.52R → -0.81R,0.0,0.0,short,Turtle 20,2026-03-17 01:02:57,D:\GIT\okx-trading-bot\v08x\085\085_4\logs\trade_context\20260317_010257_LINK-USDT-SWAP_short_trade.json,20260317_010227_LINK-USDT-SWAP_short,10.498,1
10.549,защита_тренда:_откат_от_пика_1.57r_→_-0.81r,39,0.00984999999999978,,10.528,10.544,10.5477,10.5477,LINK-USDT-SWAP,0.021,0.199468,1.06599,0.128,1.215805,6.497462,10.544,5.551170000000104,0.0,-2.8651200000000023,-0.1519756838905776,0.0,179.07,Защита тренда: откат от пика 1.57R → -0.81R,0.0,0.0,short,Turtle 20,2026-03-17 01:02:22,D:\GIT\okx-trading-bot\v08x\085\085_4\logs\trade_context\20260317_010222_LINK-USDT-SWAP_short_trade.json,20260317_010142_LINK-USDT-SWAP_short,10.497,1
1.24,локальный_защитный_выход_2.0n,4010,0.0023750000000000273,D:\GIT\okx-trading-bot\v08x\085\085_4\logs\entry_context\20260316_235524_AXS-USDT-SWAP_long.json,1.2445315356200528,1.2168,1.251028,1.2397815356200528,AXS-USDT-SWAP,0.11653154,9.363486,24.532955,0.00866846,0.696524,1.82494,1.2532,19.549819999998217,1.0,-116.89018000000107,-2.4720025993187007,4724.054108333335,37900.0,Локальный защитный выход 2.0N,421.2105259729641,0.0004750000000000055,long,Turtle 55,2026-03-17 01:02:14,D:\GIT\okx-trading-bot\v08x\085\085_4\logs\trade_context\20260317_010214_AXS-USDT-SWAP_long_trade.json,20260316_235524_AXS-USDT-SWAP_long,1.2168,4
10.549,защита_тренда:_откат_от_пика_1.88r_→_-0.81r,34,0.00984999999999978,,10.528,10.544,10.5477,10.5477,LINK-USDT-SWAP,0.021,0.199468,1.06599,0.128,1.215805,6.497462,10.544,6.625590000000145,0.0,-2.8651200000000023,-0.1519756838905776,0.0,179.07,Защита тренда: откат от пика 1.88R → -0.81R,0.0,0.0,short,Turtle 20,2026-03-17 01:01:36,D:\GIT\okx-trading-bot\v08x\085\085_4\logs\trade_context\20260317_010136_LINK-USDT-SWAP_short_trade.json,20260317_010102_LINK-USDT-SWAP_short,10.491,1
10.549,защита_тренда:_откат_от_пика_2.13r_→_-0.81r,32,0.00984999999999978,,10.528,10.544,10.5477,10.5477,LINK-USDT-SWAP,0.021,0.199468,1.06599,0.128,1.215805,6.497462,10.544,7.520939999999967,0.0,-2.8651200000000023,-0.1519756838905776,0.0,179.07,Защита тренда: откат от пика 2.13R → -0.81R,0.0,0.0,short,Turtle 20,2026-03-17 01:00:56,D:\GIT\okx-trading-bot\v08x\085\085_4\logs\trade_context\20260317_010056_LINK-USDT-SWAP_short_trade.json,20260317_010024_LINK-USDT-SWAP_short,10.486,1
10.549,локальный_защитный_выход_2.0n,34,0.00984999999999978,,10.528,10.548,10.5477,10.5477,LINK-USDT-SWAP,0.021,0.199468,1.06599,0.128,1.215805,6.497462,10.548,7.520939999999967,0.0,-3.5813999999999235,-0.18996960486321782,0.0,179.07,Локальный защитный выход 2.0N,0.0,0.0,short,Turtle 20,2026-03-17 01:00:18,D:\GIT\okx-trading-bot\v08x\085\085_4\logs\trade_context\20260317_010018_LINK-USDT-SWAP_short_trade.json,20260317_005944_LINK-USDT-SWAP_short,10.486,1
10.549,локальный_защитный_выход_2.0n,33,0.00984999999999978,,10.528,10.548,10.5477,10.5477,LINK-USDT-SWAP,0.021,0.199468,1.06599,0.128,1.215805,6.497462,10.548,8.416290000000107,0.0,-3.5813999999999235,-0.18996960486321782,0.0,179.07,Локальный защитный выход 2.0N,0.0,0.0,short,Turtle 20,2026-03-17 00:59:38,D:\GIT\okx-trading-bot\v08x\085\085_4\logs\trade_context\20260317_005938_LINK-USDT-SWAP_short_trade.json,20260317_005905_LINK-USDT-SWAP_short,10.481,1
10.549,локальный_защитный_выход_2.0n,33,0.00984999999999978,,10.528,10.548,10.5477,10.5477,LINK-USDT-SWAP,0.021,0.199468,1.06599,0.128,1.215805,6.497462,10.548,7.341870000000066,0.0,-3.5813999999999235,-0.18996960486321782,0.0,179.07,Локальный защитный выход 2.0N,0.0,0.0,short,Turtle 20,2026-03-17 00:58:59,D:\GIT\okx-trading-bot\v08x\085\085_4\logs\trade_context\20260317_005859_LINK-USDT-SWAP_short_trade.json,20260317_005826_LINK-USDT-SWAP_short,10.487,1
10.549,локальный_защитный_выход_2.0n,32,0.00984999999999978,,10.528,10.548,10.5477,10.5477,LINK-USDT-SWAP,0.021,0.199468,1.06599,0.128,1.215805,6.497462,10.548,8.774430000000226,0.0,-3.5813999999999235,-0.18996960486321782,0.0,179.07,Локальный защитный выход 2.0N,0.0,0.0,short,Turtle 20,2026-03-17 00:58:20,D:\GIT\okx-trading-bot\v08x\085\085_4\logs\trade_context\20260317_005820_LINK-USDT-SWAP_short_trade.json,20260317_005748_LINK-USDT-SWAP_short,10.479,1
10.549,локальный_защитный_выход_2.0n,35,0.00984999999999978,,10.528,10.548,10.5477,10.5477,LINK-USDT-SWAP,0.021,0.199468,1.06599,0.128,1.215805,6.497462,10.548,6.625590000000145,0.0,-3.5813999999999235,-0.18996960486321782,0.0,179.07,Локальный защитный выход 2.0N,0.0,0.0,short,Turtle 20,2026-03-17 00:57:43,D:\GIT\okx-trading-bot\v08x\085\085_4\logs\trade_context\20260317_005743_LINK-USDT-SWAP_short_trade.json,20260317_005707_LINK-USDT-SWAP_short,10.491,1
10.549,локальный_защитный_выход_2.0n,32,0.00984999999999978,,10.528,10.548,10.5477,10.5477,LINK-USDT-SWAP,0.021,0.199468,1.06599,0.128,1.215805,6.497462,10.548,8.058149999999987,0.0,-3.5813999999999235,-0.18996960486321782,0.0,179.07,Локальный защитный выход 2.0N,0.0,0.0,short,Turtle 20,2026-03-17 00:57:01,D:\GIT\okx-trading-bot\v08x\085\085_4\logs\trade_context\20260317_005701_LINK-USDT-SWAP_short_trade.json,20260317_005628_LINK-USDT-SWAP_short,10.483,1
10.549,локальный_защитный_выход_2.0n,35,0.00984999999999978,,10.528,10.548,10.5477,10.5477,LINK-USDT-SWAP,0.021,0.199468,1.06599,0.128,1.215805,6.497462,10.548,3.7604700000001423,0.0,-3.5813999999999235,-0.18996960486321782,0.0,179.07,Локальный защитный выход 2.0N,0.0,0.0,short,Turtle 20,2026-03-17 00:56:22,D:\GIT\okx-trading-bot\v08x\085\085_4\logs\trade_context\20260317_005622_LINK-USDT-SWAP_short_trade.json,20260317_005547_LINK-USDT-SWAP_short,10.507,1
10.549,локальный_защитный_выход_2.0n,40,0.00984999999999978,,10.528,10.548,10.5463,10.5463,LINK-USDT-SWAP,0.021,0.199468,1.147541,0.128,1.215805,6.994536,10.548,2.148840000000081,0.0,-3.5813999999999235,-0.18996960486321782,0.0,179.07,Локальный защитный выход 2.0N,0.0,0.0,short,Turtle 20,2026-03-17 00:55:41,D:\GIT\okx-trading-bot\v08x\085\085_4\logs\trade_context\20260317_005541_LINK-USDT-SWAP_short_trade.json,20260317_005501_LINK-USDT-SWAP_short,10.516,1
0.004176,локальный_защитный_выход_2.0n,894,1.5699999999999958e-05,D:\GIT\okx-trading-bot\v08x\085\085_4\logs\entry_context\20260317_004041_ZIL-USDT-SWAP_long.json,0.004395,0.004373,0.004395,0.0043636,ZIL-USDT-SWAP,0.000236,5.369738,7.515924,0.0,0.0,0.0,0.004395,0.0,1.0,-5.301999999999868,-0.500568828213867,1059.195,2410.0,Локальный защитный выход 2.0N,412.13272416254796,0.0031399999999999918,long,Turtle 55,2026-03-17 00:55:35,D:\GIT\okx-trading-bot\v08x\085\085_4\logs\trade_context\20260317_005535_ZIL-USDT-SWAP_long_trade.json,20260317_004040_ZIL-USDT-SWAP_long,0.004373,1
10.54,локальный_защитный_выход_2.0n,38,0.009149999999999815,,10.528,10.548,10.5463,10.5463,LINK-USDT-SWAP,0.012,0.113982,0.655738,0.128,1.215805,6.994536,10.548,2.6860500000001015,0.0,-3.5813999999999235,-0.18996960486321782,0.0,179.07,Локальный защитный выход 2.0N,0.0,0.0,short,Turtle 20,2026-03-17 00:54:55,D:\GIT\okx-trading-bot\v08x\085\085_4\logs\trade_context\20260317_005455_LINK-USDT-SWAP_short_trade.json,20260317_005417_LINK-USDT-SWAP_short,10.513,1
10.54,локальный_защитный_выход_2.0n,34,0.009149999999999815,,10.528,10.548,10.5463,10.5463,LINK-USDT-SWAP,0.012,0.113982,0.655738,0.128,1.215805,6.994536,10.548,0.89535000000014,0.0,-3.5813999999999235,-0.18996960486321782,0.0,179.07,Локальный защитный выход 2.0N,0.0,0.0,short,Turtle 20,2026-03-17 00:54:12,D:\GIT\okx-trading-bot\v08x\085\085_4\logs\trade_context\20260317_005412_LINK-USDT-SWAP_short_trade.json,20260317_005337_LINK-USDT-SWAP_short,10.523,1
10.54,локальный_защитный_выход_2.0n,39,0.009149999999999815,,10.528,10.548,10.5463,10.5463,LINK-USDT-SWAP,0.012,0.113982,0.655738,0.128,1.215805,6.994536,10.548,1.611630000000061,0.0,-3.5813999999999235,-0.18996960486321782,0.0,179.07,Локальный защитный выход 2.0N,0.0,0.0,short,Turtle 20,2026-03-17 00:53:31,D:\GIT\okx-trading-bot\v08x\085\085_4\logs\trade_context\20260317_005331_LINK-USDT-SWAP_short_trade.json,20260317_005252_LINK-USDT-SWAP_short,10.519,1
10.54,локальный_защитный_выход_2.0n,37,0.009149999999999815,,10.528,10.548,10.5463,10.5463,LINK-USDT-SWAP,0.012,0.113982,0.655738,0.128,1.215805,6.994536,10.548,0.0,0.0,-3.5813999999999235,-0.18996960486321782,0.0,179.07,Локальный защитный выход 2.0N,0.0,0.0,short,Turtle 20,2026-03-17 00:52:47,D:\GIT\okx-trading-bot\v08x\085\085_4\logs\trade_context\20260317_005247_LINK-USDT-SWAP_short_trade.json,20260317_005209_LINK-USDT-SWAP_short,10.528,1
10.54,локальный_защитный_выход_2.0n,328,0.009149999999999815,,10.528,10.548,10.5454,10.5454,LINK-USDT-SWAP,0.012,0.113982,0.689655,0.128,1.215805,7.356322,10.548,3.2156800000000025,0.0,-4.011599999999914,-0.1899696048632178,0.0,200.58,Локальный защитный выход 2.0N,0.0,0.0,short,Turtle 20,2026-03-17 00:52:03,D:\GIT\okx-trading-bot\v08x\085\085_4\logs\trade_context\20260317_005203_LINK-USDT-SWAP_short_trade.json,20260317_004635_LINK-USDT-SWAP_short,10.521,1
0.134,локальный_защитный_выход_2.0n,449,0.0003974999999999965,D:\GIT\okx-trading-bot\v08x\085\085_4\logs\entry_context\20260317_003938_OP-USDT-SWAP_long.json,0.1374,0.138,0.1380962450423057,0.136605,OP-USDT-SWAP,0.0047,3.42067,5.91195,0.0008,0.582242,1.006289,0.1381,8.623079999998133,1.0,5.294919999998163,0.1269754915229152,4165.242536666668,30256.0,Локальный защитный выход 2.0N,414.41894113091496,0.000794999999999993,long,Turtle 55,2026-03-17 00:47:07,D:\GIT\okx-trading-bot\v08x\085\085_4\logs\trade_context\20260317_004707_OP-USDT-SWAP_long_trade.json,20260317_003938_OP-USDT-SWAP_long,0.1374,4
10.54,защита_тренда:_откат_от_пика_1.15r_→_0.00r,54,0.008699999999999796,,10.528,10.528,10.5454,10.5454,LINK-USDT-SWAP,0.012,0.113982,0.689655,0.128,1.215805,7.356322,10.528,4.019600000000271,0.0,0.0,0.0,0.0,200.98,Защита тренда: откат от пика 1.15R → 0.00R,0.0,0.0,short,Turtle 20,2026-03-17 00:46:29,D:\GIT\okx-trading-bot\v08x\085\085_4\logs\trade_context\20260317_004629_LINK-USDT-SWAP_short_trade.json,20260317_004535_LINK-USDT-SWAP_short,10.508,1
0.754,локальный_защитный_выход_2.0n,35,0.0008149999999999991,D:\GIT\okx-trading-bot\v08x\085\085_4\logs\entry_context\20260317_004454_ETHFI-USDT-SWAP_long.json,0.7644,0.7616,0.76277,0.76277,ETHFI-USDT-SWAP,0.0901,11.787023,55.276074,0.0,0.0,0.0,0.7644,0.0,1.0,-3.90599999999988,-0.366300366300355,1066.338,1395.0,Локальный защитный выход 2.0N,411.77976829202,0.0016299999999999982,long,Turtle 55,2026-03-17 00:45:30,D:\GIT\okx-trading-bot\v08x\085\085_4\logs\trade_context\20260317_004530_ETHFI-USDT-SWAP_long_trade.json,20260317_004454_ETHFI-USDT-SWAP_long,0.7616,1
10.54,защита_тренда:_откат_от_пика_1.60r_→_0.00r,57,0.008699999999999796,,10.528,10.528,10.5442,10.5442,LINK-USDT-SWAP,0.012,0.113982,0.740741,0.128,1.215805,7.901235,10.528,5.22547999999996,0.0,0.0,0.0,0.0,200.98,Защита тренда: откат от пика 1.60R → 0.00R,0.0,0.0,short,Turtle 20,2026-03-17 00:45:23,D:\GIT\okx-trading-bot\v08x\085\085_4\logs\trade_context\20260317_004523_LINK-USDT-SWAP_short_trade.json,20260317_004426_LINK-USDT-SWAP_short,10.502,1
10.54,защита_тренда:_откат_от_пика_1.91r_→_0.00r,51,0.008099999999999863,,10.528,10.528,10.5442,10.5442,LINK-USDT-SWAP,0.012,0.113982,0.740741,0.128,1.215805,7.901235,10.528,6.230380000000117,0.0,0.0,0.0,0.0,200.98,Защита тренда: откат от пика 1.91R → 0.00R,0.0,0.0,short,Turtle 20,2026-03-17 00:44:21,D:\GIT\okx-trading-bot\v08x\085\085_4\logs\trade_context\20260317_004421_LINK-USDT-SWAP_short_trade.json,20260317_004329_LINK-USDT-SWAP_short,10.497,1
0.7552,stopout_cooldown,70,0.0008149999999999991,D:\GIT\okx-trading-bot\v08x\085\085_4\logs\entry_context\20260317_004303_ETHFI-USDT-SWAP_long.json,0.7644,0.7618,0.76277,0.76277,ETHFI-USDT-SWAP,0.0901,11.787023,55.276074,0.0,0.0,0.0,0.7644,0.0,1.0,0.0,0.0,1028.118,166.0,ATR стоп 2.0N,411.83300932663764,0.0016299999999999982,long,Turtle 55,2026-03-17 00:44:14,D:\GIT\okx-trading-bot\v08x\085\085_4\logs\trade_context\20260317_004414_ETHFI-USDT-SWAP_long_trade.json,20260317_004303_ETHFI-USDT-SWAP_long,0.7618,1
10.54,защита_тренда:_откат_от_пика_2.41r_→_0.00r,44,0.008099999999999863,,10.528,10.528,10.5442,10.5442,LINK-USDT-SWAP,0.012,0.113982,0.740741,0.128,1.215805,7.901235,10.528,7.838219999999939,0.0,0.0,0.0,0.0,200.98,Защита тренда: откат от пика 2.41R → 0.00R,0.0,0.0,short,Turtle 20,2026-03-17 00:43:22,D:\GIT\okx-trading-bot\v08x\085\085_4\logs\trade_context\20260317_004322_LINK-USDT-SWAP_short_trade.json,20260317_004238_LINK-USDT-SWAP_short,10.489,1
10.54,защита_тренда:_откат_от_пика_1.98r_→_0.00r,41,0.008099999999999863,,10.528,10.528,10.5442,10.5442,LINK-USDT-SWAP,0.012,0.113982,0.740741,0.128,1.215805,7.901235,10.528,6.431360000000005,0.0,0.0,0.0,0.0,200.98,Защита тренда: откат от пика 1.98R → 0.00R,0.0,0.0,short,Turtle 20,2026-03-17 00:42:31,D:\GIT\okx-trading-bot\v08x\085\085_4\logs\trade_context\20260317_004231_LINK-USDT-SWAP_short_trade.json,20260317_004150_LINK-USDT-SWAP_short,10.496,1
10.54,защита_тренда:_откат_от_пика_2.35r_→_0.00r,42,0.008099999999999863,,10.528,10.528,10.5442,10.5442,LINK-USDT-SWAP,0.012,0.113982,0.740741,0.128,1.215805,7.901235,10.528,7.637240000000051,0.0,0.0,0.0,0.0,200.98,Защита тренда: откат от пика 2.35R → 0.00R,0.0,0.0,short,Turtle 20,2026-03-17 00:41:44,D:\GIT\okx-trading-bot\v08x\085\085_4\logs\trade_context\20260317_004144_LINK-USDT-SWAP_short_trade.json,20260317_004102_LINK-USDT-SWAP_short,10.49,1
1.221,локальный_защитный_выход_2.0n,882,0.036350000000000014,D:\GIT\okx-trading-bot\v08x\085\085_4\logs\entry_context\20260317_002609_LIT-USDT-SWAP_short.json,1.144,1.15,1.144,1.2167,LIT-USDT-SWAP,0.146,12.762238,2.008253,0.034,2.972028,0.467675,1.154,0.0,1.0,-5.700000000000005,-0.5244755244755249,1086.8,95.0,Локальный защитный выход 2.0N,412.7592981044543,0.7270000000000003,short,Turtle 20,2026-03-17 00:40:51,D:\GIT\okx-trading-bot\v08x\085\085_4\logs\trade_context\20260317_004051_LIT-USDT-SWAP_short_trade.json,20260317_002609_LIT-USDT-SWAP_short,1.144,1
0.06012,локальный_защитный_выход_2.0n,880,0.00014700000000000027,D:\GIT\okx-trading-bot\v08x\085\085_4\logs\entry_context\20260317_002514_MINA-USDT-SWAP_long.json,0.0614664873874876,0.0652,0.08354724468602881,0.061172487387487595,MINA-USDT-SWAP,0.00152649,2.483447,5.192134,3.351e-05,0.054522,0.113988,0.0652,135.83923999966655,1.0,160.0108599996659,4.899211174586243,4456.7759515343905,52547.0,Локальный защитный выход 2.0N,412.7960469540502,0.00029400000000000053,long,Turtle 55,2026-03-17 00:39:54,D:\GIT\okx-trading-bot\v08x\085\085_4\logs\trade_context\20260317_003954_MINA-USDT-SWAP_long_trade.json,20260317_002514_MINA-USDT-SWAP_long,0.06123,4
10.448,локальный_защитный_выход_2.0n,74,0.005299999999999905,D:\GIT\okx-trading-bot\v08x\085\085_4\logs\entry_context\20260317_003553_LINK-USDT-SWAP_long.json,10.484,10.524,20.97364222037869,10.4734,LINK-USDT-SWAP,0.084,0.801221,7.924528,0.001,0.009538,0.09434,10.524,2.2961400000000145,1.0,6.394539999999927,0.29739507725930825,2148.9322300000003,204.92,Локальный защитный выход 2.0N,413.15137820609294,0.01059999999999981,long,Turtle 55,2026-03-17 00:37:07,D:\GIT\okx-trading-bot\v08x\085\085_4\logs\trade_context\20260317_003707_LINK-USDT-SWAP_long_trade.json,20260317_003552_LINK-USDT-SWAP_long,10.484,2
10.485,локальный_защитный_выход_2.0n,147,0.005299999999999905,,10.455691139878422,10.484,10.464191139878421,10.464191139878421,LINK-USDT-SWAP,0.02930886,0.280315,3.448101,0.05569114,0.532639,6.551899,10.484,1.8068800000002931,0.0,-8.987779999999928,-0.27075073032338615,0.0,317.49,Локальный защитный выход 2.0N,0.0,0.0,short,Turtle 20,2026-03-17 00:35:14,D:\GIT\okx-trading-bot\v08x\085\085_4\logs\trade_context\20260317_003514_LINK-USDT-SWAP_short_trade.json,20260317_003247_LINK-USDT-SWAP_short,10.45,1
10.48,защита_тренда:_откат_от_пика_1.49r_→_-0.98r,52,0.0042499999999999535,,10.455691139878422,10.464,10.464191139878421,10.464191139878421,LINK-USDT-SWAP,0.02430886,0.232494,2.859866,0.06769114,0.64741,7.963664,10.464,4.02931000000019,0.0,-2.6379800000000633,-0.07946734472567298,0.0,317.49,Защита тренда: откат от пика 1.49R → -0.98R,0.0,0.0,short,Turtle 20,2026-03-17 00:32:42,D:\GIT\okx-trading-bot\v08x\085\085_4\logs\trade_context\20260317_003242_LINK-USDT-SWAP_short_trade.json,20260317_003149_LINK-USDT-SWAP_short,10.443,1
10.48,защита_тренда:_откат_от_пика_3.38r_→_-0.98r,48,0.0042499999999999535,,10.455691139878422,10.464,10.464191139878421,10.464191139878421,LINK-USDT-SWAP,0.02430886,0.232494,2.859866,0.06769114,0.64741,7.963664,10.464,9.109150000000195,0.0,-2.6379800000000633,-0.07946734472567298,0.0,317.49,Защита тренда: откат от пика 3.38R → -0.98R,0.0,0.0,short,Turtle 20,2026-03-17 00:31:43,D:\GIT\okx-trading-bot\v08x\085\085_4\logs\trade_context\20260317_003143_LINK-USDT-SWAP_short_trade.json,20260317_003054_LINK-USDT-SWAP_short,10.427,1
10.48,локальный_защитный_выход_2.0n,47,0.0042499999999999535,,10.455691139878422,10.465,10.464191139878421,10.464191139878421,LINK-USDT-SWAP,0.02430886,0.232494,2.859866,0.06769114,0.64741,7.963664,10.465,8.474169999999981,0.0,-2.9554699999998872,-0.08903151400555354,0.0,317.49,Локальный защитный выход 2.0N,0.0,0.0,short,Turtle 20,2026-03-17 00:30:49,D:\GIT\okx-trading-bot\v08x\085\085_4\logs\trade_context\20260317_003049_LINK-USDT-SWAP_short_trade.json,20260317_003001_LINK-USDT-SWAP_short,10.429,1
10.48,локальный_защитный_выход_2.0n,47,0.0042499999999999535,,10.455691139878422,10.465,10.464191139878421,10.464191139878421,LINK-USDT-SWAP,0.02430886,0.232494,2.859866,0.09669114,0.92477,11.375428,10.465,10.379110000000054,0.0,-2.9554699999998872,-0.08903151400555354,0.0,317.49,Локальный защитный выход 2.0N,0.0,0.0,short,Turtle 20,2026-03-17 00:29:55,D:\GIT\okx-trading-bot\v08x\085\085_4\logs\trade_context\20260317_002955_LINK-USDT-SWAP_short_trade.json,20260317_002908_LINK-USDT-SWAP_short,10.423,1
10.48,локальный_защитный_выход_2.0n,44,0.0042499999999999535,,10.455691139878422,10.465,10.464191139878421,10.464191139878421,LINK-USDT-SWAP,0.02430886,0.232494,2.859866,0.09669114,0.92477,11.375428,10.465,11.014090000000266,0.0,-2.9554699999998872,-0.08903151400555354,0.0,317.49,Локальный защитный выход 2.0N,0.0,0.0,short,Turtle 20,2026-03-17 00:29:01,D:\GIT\okx-trading-bot\v08x\085\085_4\logs\trade_context\20260317_002901_LINK-USDT-SWAP_short_trade.json,20260317_002817_LINK-USDT-SWAP_short,10.421,1
10.48,локальный_защитный_выход_2.0n,44,0.0042499999999999535,,10.455691139878422,10.465,10.464191139878421,10.464191139878421,LINK-USDT-SWAP,0.02430886,0.232494,2.859866,0.09669114,0.92477,11.375428,10.465,10.06162000000023,0.0,-2.9554699999998872,-0.08903151400555354,0.0,317.49,Локальный защитный выход 2.0N,0.0,0.0,short,Turtle 20,2026-03-17 00:28:12,D:\GIT\okx-trading-bot\v08x\085\085_4\logs\trade_context\20260317_002812_LINK-USDT-SWAP_short_trade.json,20260317_002727_LINK-USDT-SWAP_short,10.424,1
10.48,локальный_защитный_выход_2.0n,44,0.0042499999999999535,,10.455691139878422,10.465,10.464191139878421,10.464191139878421,LINK-USDT-SWAP,0.02430886,0.232494,2.859866,0.09669114,0.92477,11.375428,10.465,6.5692299999999095,0.0,-2.9554699999998872,-0.08903151400555354,0.0,317.49,Локальный защитный выход 2.0N,0.0,0.0,short,Turtle 20,2026-03-17 00:27:21,D:\GIT\okx-trading-bot\v08x\085\085_4\logs\trade_context\20260317_002721_LINK-USDT-SWAP_short_trade.json,20260317_002637_LINK-USDT-SWAP_short,10.435,1
10.48,локальный_защитный_выход_2.0n,48,0.0042499999999999535,,10.455691139878422,10.465,10.464191139878421,10.464191139878421,LINK-USDT-SWAP,0.02430886,0.232494,2.859866,0.09669114,0.92477,11.375428,10.465,4.981780000000225,0.0,-2.9554699999998872,-0.08903151400555354,0.0,317.49,Локальный защитный выход 2.0N,0.0,0.0,short,Turtle 20,2026-03-17 00:26:31,D:\GIT\okx-trading-bot\v08x\085\085_4\logs\trade_context\20260317_002631_LINK-USDT-SWAP_short_trade.json,20260317_002543_LINK-USDT-SWAP_short,10.44,1
0.004176,локальный_защитный_выход_2.0n,634,1.4000000000000037e-05,D:\GIT\okx-trading-bot\v08x\085\085_4\logs\entry_context\20260317_001547_ZIL-USDT-SWAP_long.json,0.004355,0.004368,0.004368345193669966,0.004327,ZIL-USDT-SWAP,0.000196,4.500574,7.0,1.6e-05,0.367394,0.571429,0.00437,3.9407999999058996,1.0,1.8346999998278712,0.055812281635331036,3283.761033333438,7530.0,Локальный защитный выход 2.0N,415.5901233254801,0.0028000000000000073,long,Turtle 55,2026-03-17 00:26:21,D:\GIT\okx-trading-bot\v08x\085\085_4\logs\trade_context\20260317_002621_ZIL-USDT-SWAP_long_trade.json,20260317_001547_ZIL-USDT-SWAP_long,0.004355,3
10.48,локальный_защитный_выход_2.0n,48,0.0042499999999999535,,10.455691139878422,10.465,10.464191139878421,10.464191139878421,LINK-USDT-SWAP,0.02430886,0.232494,2.859866,0.09669114,0.92477,11.375428,10.465,2.7593500000003295,0.0,-2.9554699999998872,-0.08903151400555354,0.0,317.49,Локальный защитный выход 2.0N,0.0,0.0,short,Turtle 20,2026-03-17 00:25:36,D:\GIT\okx-trading-bot\v08x\085\085_4\logs\trade_context\20260317_002536_LINK-USDT-SWAP_short_trade.json,20260317_002448_LINK-USDT-SWAP_short,10.447,1
719.6,локальный_защитный_выход_2.0n,860,0.10500000000000113,D:\GIT\okx-trading-bot\v08x\085\085_4\logs\entry_context\20260317_001103_BNB-USDT-SWAP_long.json,720.4,720.2,720.4,720.1899999999999,BNB-USDT-SWAP,0.8,0.111049,3.809524,1.3,0.180455,6.190476,720.4,0.1460000000000332,1.0,-0.2919999999999004,-0.02776235424763073,1051.7839999999999,146.0,Локальный защитный выход 2.0N,417.47255061863655,0.002100000000000023,long,Turtle 20,2026-03-17 00:25:23,D:\GIT\okx-trading-bot\v08x\085\085_4\logs\trade_context\20260317_002523_BNB-USDT-SWAP_long_trade.json,20260317_001102_BNB-USDT-SWAP_long,720.2,1
10.48,локальный_защитный_выход_2.0n,39,0.0042499999999999535,,10.455691139878422,10.465,10.464191139878421,10.464191139878421,LINK-USDT-SWAP,0.02430886,0.232494,2.859866,0.10069114,0.963027,11.846016,10.465,1.8068800000002931,0.0,-2.9554699999998872,-0.08903151400555354,0.0,317.49,Локальный защитный выход 2.0N,0.0,0.0,short,Turtle 20,2026-03-17 00:24:42,D:\GIT\okx-trading-bot\v08x\085\085_4\logs\trade_context\20260317_002442_LINK-USDT-SWAP_short_trade.json,20260317_002403_LINK-USDT-SWAP_short,10.45,1
0.06607,локальный_защитный_выход_2.0n,482,0.0030925,,0.0731995339110552,0.07085,0.14474491978228543,0.06638000000000001,MAGIC-USDT-SWAP,0.00719953,9.835491,1.055722,0.01260047,17.213861,1.847702,0.07393,17.780190000000026,0.0,-78.08441000000866,-3.2097662177878403,1201.9060407554957,33234.0,Локальный защитный выход 2.0N,0.0,0.0,long,Turtle 20,2026-03-17 00:24:37,D:\GIT\okx-trading-bot\v08x\085\085_4\logs\trade_context\20260317_002437_MAGIC-USDT-SWAP_long_trade.json,20260317_001635_MAGIC-USDT-SWAP_long,0.06777,2
10.48,локальный_защитный_выход_2.0n,44,0.0042499999999999535,,10.455691139878422,10.465,10.464191139878421,10.464191139878421,LINK-USDT-SWAP,0.02430886,0.232494,2.859866,0.10069114,0.963027,11.846016,10.465,5.934250000000262,0.0,-2.9554699999998872,-0.08903151400555354,0.0,317.49,Локальный защитный выход 2.0N,0.0,0.0,short,Turtle 20,2026-03-17 00:23:58,D:\GIT\okx-trading-bot\v08x\085\085_4\logs\trade_context\20260317_002358_LINK-USDT-SWAP_short_trade.json,20260317_002313_LINK-USDT-SWAP_short,10.437,1
10.48,локальный_защитный_выход_2.0n,45,0.0042499999999999535,,10.455691139878422,10.465,10.464191139878421,10.464191139878421,LINK-USDT-SWAP,0.02430886,0.232494,2.859866,0.10069114,0.963027,11.846016,10.465,6.5692299999999095,0.0,-2.9554699999998872,-0.08903151400555354,0.0,317.49,Локальный защитный выход 2.0N,0.0,0.0,short,Turtle 20,2026-03-17 00:23:07,D:\GIT\okx-trading-bot\v08x\085\085_4\logs\trade_context\20260317_002307_LINK-USDT-SWAP_short_trade.json,20260317_002222_LINK-USDT-SWAP_short,10.435,1
10.48,локальный_защитный_выход_2.0n,45,0.0042499999999999535,,10.455691139878422,10.465,10.464191139878421,10.464191139878421,LINK-USDT-SWAP,0.02430886,0.232494,2.859866,0.10069114,0.963027,11.846016,10.465,4.664289999999838,0.0,-2.9554699999998872,-0.08903151400555354,0.0,317.49,Локальный защитный выход 2.0N,0.0,0.0,short,Turtle 20,2026-03-17 00:22:17,D:\GIT\okx-trading-bot\v08x\085\085_4\logs\trade_context\20260317_002217_LINK-USDT-SWAP_short_trade.json,20260317_002131_LINK-USDT-SWAP_short,10.441,1
10.48,локальный_защитный_выход_2.0n,51,0.0042499999999999535,,10.455691139878422,10.465,10.464191139878421,10.464191139878421,LINK-USDT-SWAP,0.02430886,0.232494,2.859866,0.10069114,0.963027,11.846016,10.465,2.7593500000003295,0.0,-2.9554699999998872,-0.08903151400555354,0.0,317.49,Локальный защитный выход 2.0N,0.0,0.0,short,Turtle 20,2026-03-17 00:21:25,D:\GIT\okx-trading-bot\v08x\085\085_4\logs\trade_context\20260317_002125_LINK-USDT-SWAP_short_trade.json,20260317_002034_LINK-USDT-SWAP_short,10.447,1
10.48,локальный_защитный_выход_2.0n,54,0.0042499999999999535,,10.455691139878422,10.465,10.462691139878421,10.462691139878421,LINK-USDT-SWAP,0.02430886,0.232494,3.472694,0.10069114,0.963027,14.384449,10.465,1.4893899999999052,0.0,-2.9554699999998872,-0.08903151400555354,0.0,317.49,Локальный защитный выход 2.0N,0.0,0.0,short,Turtle 20,2026-03-17 00:20:27,D:\GIT\okx-trading-bot\v08x\085\085_4\logs\trade_context\20260317_002027_LINK-USDT-SWAP_short_trade.json,20260317_001933_LINK-USDT-SWAP_short,10.451,1
10.48,локальный_защитный_выход_2.0n,59,0.0034999999999999255,,10.455691139878422,10.465,10.462691139878421,10.462691139878421,LINK-USDT-SWAP,0.02430886,0.232494,3.472694,0.10069114,0.963027,14.384449,10.465,0.5369199999998691,0.0,-2.9554699999998872,-0.08903151400555354,0.0,317.49,Локальный защитный выход 2.0N,0.0,0.0,short,Turtle 20,2026-03-17 00:19:27,D:\GIT\okx-trading-bot\v08x\085\085_4\logs\trade_context\20260317_001927_LINK-USDT-SWAP_short_trade.json,20260317_001828_LINK-USDT-SWAP_short,10.454,1
0.754,локальный_защитный_выход_2.0n,85,0.000539999999999996,D:\GIT\okx-trading-bot\v08x\085\085_4\logs\entry_context\20260317_001755_ETHFI-USDT-SWAP_long.json,0.7611,0.7616,38.591622875654046,0.76002,ETHFI-USDT-SWAP,0.0868,11.404546,80.37037,0.0,0.0,0.0,0.7616,0.0,1.0,0.022899999999999476,0.05277920545400368,2199.7209649122806,57.0,Локальный защитный выход 2.0N,414.5001529064916,0.001079999999999992,long,Turtle 55,2026-03-17 00:19:21,D:\GIT\okx-trading-bot\v08x\085\085_4\logs\trade_context\20260317_001921_ETHFI-USDT-SWAP_long_trade.json,20260317_001755_ETHFI-USDT-SWAP_long,0.7611,2
10.48,локальный_защитный_выход_2.0n,48,0.0034999999999999255,,10.455691139878422,10.465,10.462691139878421,10.462691139878421,LINK-USDT-SWAP,0.02430886,0.232494,3.472694,0.10069114,0.963027,14.384449,10.465,0.0,0.0,-2.9554699999998872,-0.08903151400555354,0.0,317.49,Локальный защитный выход 2.0N,0.0,0.0,short,Turtle 20,2026-03-17 00:18:17,D:\GIT\okx-trading-bot\v08x\085\085_4\logs\trade_context\20260317_001817_LINK-USDT-SWAP_short_trade.json,20260317_001729_LINK-USDT-SWAP_short,10.455691139878422,1
10.48,локальный_защитный_выход_2.0n,48,0.0034999999999999255,,10.455691139878422,10.465,10.462691139878421,10.462691139878421,LINK-USDT-SWAP,0.02430886,0.232494,3.472694,0.10069114,0.963027,14.384449,10.465,0.0,0.0,-2.9554699999998872,-0.08903151400555354,0.0,317.49,Локальный защитный выход 2.0N,0.0,0.0,short,Turtle 20,2026-03-17 00:17:23,D:\GIT\okx-trading-bot\v08x\085\085_4\logs\trade_context\20260317_001723_LINK-USDT-SWAP_short_trade.json,20260317_001635_LINK-USDT-SWAP_short,10.455691139878422,1
10.48,локальный_защитный_выход_2.0n,63,0.0034999999999999255,,10.455691139878422,10.48,10.462691139878421,10.462691139878421,LINK-USDT-SWAP,0.02430886,0.232494,3.472694,0.10069114,0.963027,14.384449,10.48,0.5369199999998691,0.0,-7.717820000000068,-0.2324940532038469,0.0,317.49,Локальный защитный выход 2.0N,0.0,0.0,short,Turtle 20,2026-03-17 00:16:23,D:\GIT\okx-trading-bot\v08x\085\085_4\logs\trade_context\20260317_001623_LINK-USDT-SWAP_short_trade.json,20260317_001520_LINK-USDT-SWAP_short,10.454,1
0.06012,локальный_защитный_выход_2.0n,645,0.00010950000000000022,D:\GIT\okx-trading-bot\v08x\085\085_4\logs\entry_context\20260317_000521_MINA-USDT-SWAP_long.json,0.0608087400336281,0.06096,0.06099590810327136,0.0605897400336281,MINA-USDT-SWAP,0.00086874,1.428643,3.966849,0.00031126,0.511867,1.421278,0.06107,5.430569999959153,1.0,0.38497999994026033,0.00856406893557742,4489.496290000032,73748.0,Локальный защитный выход 2.0N,419.05575180053785,0.00021900000000000044,long,Turtle 55,2026-03-17 00:16:06,D:\GIT\okx-trading-bot\v08x\085\085_4\logs\trade_context\20260317_001606_MINA-USDT-SWAP_long_trade.json,20260317_000521_MINA-USDT-SWAP_long,0.06065,4
10.48,локальный_защитный_выход_2.0n,48,0.0034999999999999255,,10.455691139878422,10.48,10.459491139878422,10.459491139878422,LINK-USDT-SWAP,0.02430886,0.232494,6.397068,0.10069114,0.963027,26.497668,10.48,0.0,0.0,-7.717820000000068,-0.2324940532038469,0.0,317.49,Локальный защитный выход 2.0N,0.0,0.0,short,Turtle 20,2026-03-17 00:15:15,D:\GIT\okx-trading-bot\v08x\085\085_4\logs\trade_context\20260317_001515_LINK-USDT-SWAP_short_trade.json,20260317_001427_LINK-USDT-SWAP_short,10.455691139878422,1
10.475,локальный_защитный_выход_2.0n,58,0.0018999999999999239,,10.455691139878422,10.48,10.459491139878422,10.459491139878422,LINK-USDT-SWAP,0.01930886,0.184673,5.081279,0.10069114,0.963027,26.497668,10.48,0.0,0.0,-7.717820000000068,-0.2324940532038469,0.0,317.49,Локальный защитный выход 2.0N,0.0,0.0,short,Turtle 20,2026-03-17 00:14:21,D:\GIT\okx-trading-bot\v08x\085\085_4\logs\trade_context\20260317_001421_LINK-USDT-SWAP_short_trade.json,20260317_001323_LINK-USDT-SWAP_short,10.455691139878422,1
0.02976,локальный_защитный_выход_2.0n,510,5.399999999999936e-05,D:\GIT\okx-trading-bot\v08x\085\085_4\logs\entry_context\20260317_000530_LRC-USDT-SWAP_long.json,0.029953702300406,0.03002,0.030035545433017702,0.029845702300406,LRC-USDT-SWAP,0.0011837,3.951773,10.960206,0.0011563,3.860283,10.70646,0.03004,4.297199999991198,1.0,1.436699999972243,0.032390795818930014,4431.674625000017,14780.0,Локальный защитный выход 2.0N,419.0553335974413,0.0010799999999999872,long,Turtle 20,2026-03-17 00:14:00,D:\GIT\okx-trading-bot\v08x\085\085_4\logs\trade_context\20260317_001400_LRC-USDT-SWAP_long_trade.json,20260317_000529_LRC-USDT-SWAP_long,0.029953702300406,4
0.7604,локальный_защитный_выход_2.0n,73,0.0005249999999999977,,0.7043497550520578,0.7611,0.7053997550520578,0.7053997550520578,ETHFI-USDT-SWAP,0.05605024,7.957729,53.381186,0.03004976,4.266312,28.618814,0.7611,0.0,0.0,-3.461764941824476,-8.057111476349966,0.0,61.0,Локальный защитный выход 2.0N,0.0,0.0,short,Turtle 20,2026-03-17 00:13:17,D:\GIT\okx-trading-bot\v08x\085\085_4\logs\trade_context\20260317_001317_ETHFI-USDT-SWAP_short_trade.json,20260317_001204_ETHFI-USDT-SWAP_short,0.7043497550520578,1
10.475,локальный_защитный_выход_2.0n,224,0.0018999999999999239,,10.455691139878422,10.48,10.450375000000001,10.4651,LINK-USDT-SWAP,0.01930886,0.184673,2.0522,0.10069114,0.963027,10.701736,10.48,1.9049400000000722,0.0,-7.717820000000068,-0.2324940532038469,2213.084273333333,317.49,Локальный защитный выход 2.0N,0.0,0.0,short,Turtle 20,2026-03-17 00:13:04,D:\GIT\okx-trading-bot\v08x\085\085_4\logs\trade_context\20260317_001304_LINK-USDT-SWAP_short_trade.json,20260317_000920_LINK-USDT-SWAP_short,10.448,3
0.7604,локальный_защитный_выход_2.0n,77,0.0005249999999999977,,0.7043497550520578,0.7592,0.7053997550520578,0.7053997550520578,ETHFI-USDT-SWAP,0.05605024,7.957729,53.381186,0.03004976,4.266312,28.618814,0.7592,0.0,0.0,-3.345864941824475,-7.7873591286886,0.0,61.0,Локальный защитный выход 2.0N,0.0,0.0,short,Turtle 20,2026-03-17 00:11:55,D:\GIT\okx-trading-bot\v08x\085\085_4\logs\trade_context\20260317_001155_ETHFI-USDT-SWAP_short_trade.json,20260317_001038_ETHFI-USDT-SWAP_short,0.7043497550520578,1
80.9,локальный_защитный_выход_2.0n,942,0.08399999999999892,D:\GIT\okx-trading-bot\v08x\085\085_4\logs\entry_context\20260316_235531_XAG-USDT-SWAP_short.json,80.77,80.77,80.77,80.93799999999999,XAG-USDT-SWAP,0.63,0.779993,3.75,0.6,0.74285,3.571429,80.77,0.2861999999999431,1.0,0.0,0.0,1155.8187,1431.0,Локальный защитный выход 2.0N,421.17484969600156,0.0016799999999999784,short,Turtle 20,2026-03-17 00:11:13,D:\GIT\okx-trading-bot\v08x\085\085_4\logs\trade_context\20260317_001113_XAG-USDT-SWAP_short_trade.json,20260316_235531_XAG-USDT-SWAP_short,80.77,1
0.7604,локальный_защитный_выход_2.0n,70,0.0005249999999999977,,0.7043497550520578,0.7592,0.7051497550520578,0.7051497550520578,ETHFI-USDT-SWAP,0.05605024,7.957729,70.062806,0.03004976,4.266312,37.562194,0.7592,0.0,0.0,-3.345864941824475,-7.7873591286886,0.0,61.0,Локальный защитный выход 2.0N,0.0,0.0,short,Turtle 20,2026-03-17 00:10:30,D:\GIT\okx-trading-bot\v08x\085\085_4\logs\trade_context\20260317_001030_ETHFI-USDT-SWAP_short_trade.json,20260317_000920_ETHFI-USDT-SWAP_short,0.7043497550520578,1
0.06664,локальный_защитный_выход_2.0n,195,0.00011349999999999971,D:\GIT\okx-trading-bot\v08x\085\085_4\logs\entry_context\20260317_000703_IOTA-USDT-SWAP_long.json,0.0669606246056783,0.067,0.06707333593585707,0.06673362460567829,IOTA-USDT-SWAP,0.00322062,4.809729,14.187774,0.00287938,4.300102,12.684473,0.0671,1.2580999999972933,1.0,-1.9119000000023576,-0.05997624853984095,3186.3436500000034,4755.0,Локальный защитный выход 2.0N,418.4075469943244,0.0022699999999999942,long,Turtle 20,2026-03-17 00:10:18,D:\GIT\okx-trading-bot\v08x\085\085_4\logs\trade_context\20260317_001018_IOTA-USDT-SWAP_long_trade.json,20260317_000703_IOTA-USDT-SWAP_long,0.0669606246056783,3
0.7604,локальный_защитный_выход_2.0n,72,0.00040000000000000034,,0.7043497550520578,0.7592,0.7051497550520578,0.7051497550520578,ETHFI-USDT-SWAP,0.05605024,7.957729,70.062806,0.03004976,4.266312,37.562194,0.7592,0.0,0.0,-3.345864941824475,-7.7873591286886,0.0,61.0,Локальный защитный выход 2.0N,0.0,0.0,short,Turtle 20,2026-03-17 00:09:14,D:\GIT\okx-trading-bot\v08x\085\085_4\logs\trade_context\20260317_000914_ETHFI-USDT-SWAP_short_trade.json,20260317_000801_ETHFI-USDT-SWAP_short,0.7043497550520578,1
10.475,защита_тренда:_откат_от_пика_10.91r_→_0.00r,68,0.0005499999999999617,,10.464,10.464,10.4651,10.4651,LINK-USDT-SWAP,0.011,0.105122,10.0,0.128,1.223242,116.363636,10.464,1.2699600000000482,0.0,0.0,0.0,0.0,105.83,Защита тренда: откат от пика 10.91R → 0.00R,0.0,0.0,short,Turtle 20,2026-03-17 00:09:09,D:\GIT\okx-trading-bot\v08x\085\085_4\logs\trade_context\20260317_000909_LINK-USDT-SWAP_short_trade.json,20260317_000801_LINK-USDT-SWAP_short,10.452,1
0.2381,локальный_защитный_выход_2.0n,116,0.0003899999999999987,D:\GIT\okx-trading-bot\v08x\085\085_4\logs\entry_context\20260317_000656_BAND-USDT-SWAP_long.json,0.2398,0.2398,0.2449125,0.23902,BAND-USDT-SWAP,0.0022,0.917431,2.820513,0.0004,0.166806,0.512821,0.2454,0.0,1.0,-2.209800000000653,-0.10125218593932787,2181.3665000000005,9092.0,Локальный защитный выход 2.0N,418.63372724704396,0.0007799999999999974,long,Turtle 20,2026-03-17 00:08:53,D:\GIT\okx-trading-bot\v08x\085\085_4\logs\trade_context\20260317_000853_BAND-USDT-SWAP_long_trade.json,20260317_000656_BAND-USDT-SWAP_long,0.2398,2
0.7604,локальный_защитный_выход_2.0n,71,0.00040000000000000034,,0.7043497550520578,0.7592,0.7051497550520578,0.7051497550520578,ETHFI-USDT-SWAP,0.05605024,7.957729,70.062806,0.03004976,4.266312,37.562194,0.7592,0.0,0.0,-3.839517146355955,-7.787359128688601,0.0,70.0,Локальный защитный выход 2.0N,0.0,0.0,short,Turtle 20,2026-03-17 00:07:36,D:\GIT\okx-trading-bot\v08x\085\085_4\logs\trade_context\20260317_000736_ETHFI-USDT-SWAP_short_trade.json,20260317_000625_ETHFI-USDT-SWAP_short,0.7043497550520578,1
10.464,локальный_защитный_выход_2.0n,119,0.0005499999999999617,D:\GIT\okx-trading-bot\v08x\085\085_4\logs\entry_context\20260317_000525_LINK-USDT-SWAP_long.json,10.475,10.464,10.4739,10.4739,LINK-USDT-SWAP,0.139,1.326969,126.363636,0.0,0.0,0.0,10.475,2.222430000000084,1.0,0.0,0.0,1108.56925,105.83,Локальный защитный выход 2.0N,418.95622610717527,0.0010999999999999233,long,Turtle 55,2026-03-17 00:07:25,D:\GIT\okx-trading-bot\v08x\085\085_4\logs\trade_context\20260317_000725_LINK-USDT-SWAP_long_trade.json,20260317_000525_LINK-USDT-SWAP_long,10.464,1
0.06664,локальный_защитный_выход_2.0n,45,0.00011349999999999971,D:\GIT\okx-trading-bot\v08x\085\085_4\logs\entry_context\20260317_000534_IOTA-USDT-SWAP_long.json,0.0671796737357262,0.06691,0.06695267373572619,0.06695267373572619,IOTA-USDT-SWAP,0.00343967,5.120111,15.152748,0.00102033,1.518802,4.494829,0.0671796737357262,0.0,1.0,-1.6531000000016074,-0.4014216216456371,411.8114000000015,613.0,Локальный защитный выход 2.0N,419.0015442201778,0.0022699999999999942,long,Turtle 20,2026-03-17 00:06:19,D:\GIT\okx-trading-bot\v08x\085\085_4\logs\trade_context\20260317_000619_IOTA-USDT-SWAP_long_trade.json,20260317_000534_IOTA-USDT-SWAP_long,0.06691,1
0.7604,локальный_защитный_выход_2.0n,67,0.00040000000000000034,,0.7043497550520578,0.7604,0.7128397550520578,0.7128397550520578,ETHFI-USDT-SWAP,0.05605024,7.957729,6.601913,0.03004976,4.266312,3.539429,0.7605,0.0,0.0,-5.156622535210682,-7.957729032474722,0.0,92.0,Локальный защитный выход 2.0N,0.0,0.0,short,Turtle 20,2026-03-17 00:05:58,D:\GIT\okx-trading-bot\v08x\085\085_4\logs\trade_context\20260317_000558_ETHFI-USDT-SWAP_short_trade.json,20260317_000450_ETHFI-USDT-SWAP_short,0.7043497550520578,1
19.49,локальный_защитный_выход_2.0n,890,0.031999999999999675,D:\GIT\okx-trading-bot\v08x\085\085_4\logs\entry_context\20260316_235055_COMP-USDT-SWAP_long.json,19.61,19.6,19.61,19.546,COMP-USDT-SWAP,0.24,1.223865,3.75,0.09,0.45895,1.40625,19.62,0.5899000000000922,1.0,-0.5898999999998826,-0.05099439061702198,1156.7939,589.9,Локальный защитный выход 2.0N,421.33685997501055,0.006399999999999935,long,Turtle 20,2026-03-17 00:05:45,D:\GIT\okx-trading-bot\v08x\085\085_4\logs\trade_context\20260317_000545_COMP-USDT-SWAP_long_trade.json,20260316_235054_COMP-USDT-SWAP_long,19.57,1
0.7592,локальный_защитный_выход_2.0n,48,0.004244999999999999,,0.7043497550520578,0.7604,0.7128397550520578,0.7128397550520578,ETHFI-USDT-SWAP,0.05485024,7.787359,6.460571,0.03004976,4.266312,3.539429,0.7604,0.0,0.0,-5.156622535210682,-7.957729032474722,0.0,92.0,Локальный защитный выход 2.0N,0.0,0.0,short,Turtle 20,2026-03-17 00:04:44,D:\GIT\okx-trading-bot\v08x\085\085_4\logs\trade_context\20260317_000444_ETHFI-USDT-SWAP_short_trade.json,20260317_000356_ETHFI-USDT-SWAP_short,0.7043497550520578,1
1.8768,локальный_защитный_выход_2.0n,92,0.0016549999999999842,,1.909880176211454,1.9164,3.2830373656947054,1.90379,NEAR-USDT-SWAP,0.04028018,2.109042,6.613959,0.0,0.0,0.0,1.9164,1.6613999999998235,0.0,8.879999999999935,0.3413734468661431,1201.6497786885245,136.2,Локальный защитный выход 2.0N,0.0,0.0,long,Turtle 20,2026-03-17 00:04:33,D:\GIT\okx-trading-bot\v08x\085\085_4\logs\trade_context\20260317_000433_NEAR-USDT-SWAP_long_trade.json,20260317_000301_NEAR-USDT-SWAP_long,1.9058,2
0.7592,локальный_защитный_выход_2.0n,48,0.004244999999999999,,0.7043497550520578,0.7604,0.7128397550520578,0.7128397550520578,ETHFI-USDT-SWAP,0.05485024,7.787359,6.460571,0.03004976,4.266312,3.539429,0.7604,0.0,0.0,-5.829225474585988,-7.957729032474722,0.0,104.0,Локальный защитный выход 2.0N,0.0,0.0,short,Turtle 20,2026-03-17 00:03:50,D:\GIT\okx-trading-bot\v08x\085\085_4\logs\trade_context\20260317_000350_ETHFI-USDT-SWAP_short_trade.json,20260317_000302_ETHFI-USDT-SWAP_short,0.7043497550520578,1
0.7592,локальный_защитный_выход_2.0n,38,0.004244999999999999,,0.7043497550520578,0.7592,0.7128397550520578,0.7128397550520578,ETHFI-USDT-SWAP,0.05485024,7.787359,6.460571,0.03004976,4.266312,3.539429,0.7592,0.0,0.0,-5.704425474585991,-7.7873591286886,0.0,104.0,Локальный защитный выход 2.0N,0.0,0.0,short,Turtle 20,2026-03-17 00:02:55,D:\GIT\okx-trading-bot\v08x\085\085_4\logs\trade_context\20260317_000255_ETHFI-USDT-SWAP_short_trade.json,20260317_000217_ETHFI-USDT-SWAP_short,0.7043497550520578,1
0.7592,локальный_защитный_выход_2.0n,47,0.004244999999999999,,0.7043497550520578,0.7592,0.7128397550520578,0.7128397550520578,ETHFI-USDT-SWAP,0.05485024,7.787359,6.460571,0.03004976,4.266312,3.539429,0.7592,0.0,0.0,-5.704425474585991,-7.7873591286886,0.0,104.0,Локальный защитный выход 2.0N,0.0,0.0,short,Turtle 20,2026-03-17 00:02:11,D:\GIT\okx-trading-bot\v08x\085\085_4\logs\trade_context\20260317_000211_ETHFI-USDT-SWAP_short_trade.json,20260317_000124_ETHFI-USDT-SWAP_short,0.7043497550520578,1
1.8768,локальный_защитный_выход_2.0n,122,0.0015999999999999793,D:\GIT\okx-trading-bot\v08x\085\085_4\logs\entry_context\20260317_000004_NEAR-USDT-SWAP_long.json,1.9030943089430894,1.9058,2.1039914446387313,1.8998943089430895,NEAR-USDT-SWAP,0.03349431,1.759992,10.466972,5.69e-06,0.000299,0.001778,1.906,10.091599999999502,1.0,7.277199999999032,0.10865827191478762,2107.1956014781126,351.8,Локальный защитный выход 2.0N,420.64038995080415,0.031999999999999584,long,Turtle 55,2026-03-17 00:02:07,D:\GIT\okx-trading-bot\v08x\085\085_4\logs\trade_context\20260317_000207_NEAR-USDT-SWAP_long_trade.json,20260317_000003_NEAR-USDT-SWAP_long,1.9030943089430894,3
0.7592,локальный_защитный_выход_2.0n,47,0.004244999999999999,,0.7043497550520578,0.7592,0.7128397550520578,0.7128397550520578,ETHFI-USDT-SWAP,0.05485024,7.787359,6.460571,0.03004976,4.266312,3.539429,0.7592,0.0,0.0,-5.704425474585991,-7.7873591286886,0.0,104.0,Локальный защитный выход 2.0N,0.0,0.0,short,Turtle 20,2026-03-17 00:01:18,D:\GIT\okx-trading-bot\v08x\085\085_4\logs\trade_context\20260317_000118_ETHFI-USDT-SWAP_short_trade.json,20260317_000031_ETHFI-USDT-SWAP_short,0.7043497550520578,1
0.7592,локальный_защитный_выход_2.0n,46,0.004244999999999999,,0.7043497550520578,0.7592,0.7184297550520578,0.7184297550520578,ETHFI-USDT-SWAP,0.05485024,7.787359,3.895614,0.03004976,4.266312,2.134216,0.7592,0.0,0.0,-5.704425474585991,-7.7873591286886,0.0,104.0,Локальный защитный выход 2.0N,0.0,0.0,short,Turtle 20,2026-03-17 00:00:22,D:\GIT\okx-trading-bot\v08x\085\085_4\logs\trade_context\20260317_000022_ETHFI-USDT-SWAP_short_trade.json,20260316_235936_ETHFI-USDT-SWAP_short,0.7043497550520578,1
0.7576,локальный_защитный_выход_2.0n,53,0.007040000000000002,,0.7043497550520578,0.7592,0.7184297550520578,0.7184297550520578,ETHFI-USDT-SWAP,0.05325024,7.560199,3.781978,0.03004976,4.266312,2.134216,0.7592,0.0,0.0,-10.970048989588443,-7.787359128688601,0.0,200.0,Локальный защитный выход 2.0N,0.0,0.0,short,Turtle 20,2026-03-16 23:59:30,D:\GIT\okx-trading-bot\v08x\085\085_4\logs\trade_context\20260316_235930_ETHFI-USDT-SWAP_short_trade.json,20260316_235837_ETHFI-USDT-SWAP_short,0.7043497550520578,1
0.7576,локальный_защитный_выход_2.0n,46,0.007040000000000002,,0.7043497550520578,0.7576,0.7184297550520578,0.7184297550520578,ETHFI-USDT-SWAP,0.05325024,7.560199,3.781978,0.03004976,4.266312,2.134216,0.7579,0.0,0.0,-10.650048989588456,-7.560199256973776,0.0,200.0,Локальный защитный выход 2.0N,0.0,0.0,short,Turtle 20,2026-03-16 23:58:31,D:\GIT\okx-trading-bot\v08x\085\085_4\logs\trade_context\20260316_235831_ETHFI-USDT-SWAP_short_trade.json,20260316_235745_ETHFI-USDT-SWAP_short,0.7043497550520578,1
0.7576,локальный_защитный_выход_2.0n,45,0.007040000000000002,,0.7043497550520578,0.7576,0.7184297550520578,0.7184297550520578,ETHFI-USDT-SWAP,0.05325024,7.560199,3.781978,0.03004976,4.266312,2.134216,0.7579,0.0,0.0,-10.650048989588456,-7.560199256973776,0.0,200.0,Локальный защитный выход 2.0N,0.0,0.0,short,Turtle 20,2026-03-16 23:57:38,D:\GIT\okx-trading-bot\v08x\085\085_4\logs\trade_context\20260316_235738_ETHFI-USDT-SWAP_short_trade.json,20260316_235653_ETHFI-USDT-SWAP_short,0.7043497550520578,1
0.7576,локальный_защитный_выход_2.0n,52,0.007040000000000002,,0.7043497550520578,0.7576,0.7184297550520578,0.7184297550520578,ETHFI-USDT-SWAP,0.05325024,7.560199,3.781978,0.03004976,4.266312,2.134216,0.7579,0.0,0.0,-10.650048989588456,-7.560199256973776,0.0,200.0,Локальный защитный выход 2.0N,0.0,0.0,short,Turtle 20,2026-03-16 23:56:46,D:\GIT\okx-trading-bot\v08x\085\085_4\logs\trade_context\20260316_235646_ETHFI-USDT-SWAP_short_trade.json,20260316_235554_ETHFI-USDT-SWAP_short,0.7043497550520578,1
0.7576,локальный_защитный_выход_2.0n,49,0.007040000000000002,,0.7043497550520578,0.7576,0.7184297550520578,0.7184297550520578,ETHFI-USDT-SWAP,0.05325024,7.560199,3.781978,0.03004976,4.266312,2.134216,0.7579,0.0,0.0,-10.650048989588456,-7.560199256973776,0.0,200.0,Локальный защитный выход 2.0N,0.0,0.0,short,Turtle 20,2026-03-16 23:55:46,D:\GIT\okx-trading-bot\v08x\085\085_4\logs\trade_context\20260316_235546_ETHFI-USDT-SWAP_short_trade.json,20260316_235457_ETHFI-USDT-SWAP_short,0.7043497550520578,1
0.7576,локальный_защитный_выход_2.0n,43,0.007040000000000002,,0.7043497550520578,0.7576,0.7184297550520578,0.7184297550520578,ETHFI-USDT-SWAP,0.05325024,7.560199,3.781978,0.03004976,4.266312,2.134216,0.7579,0.0,0.0,-10.650048989588456,-7.560199256973776,0.0,200.0,Локальный защитный выход 2.0N,0.0,0.0,short,Turtle 20,2026-03-16 23:54:51,D:\GIT\okx-trading-bot\v08x\085\085_4\logs\trade_context\20260316_235451_ETHFI-USDT-SWAP_short_trade.json,20260316_235408_ETHFI-USDT-SWAP_short,0.7043497550520578,1
0.7576,локальный_защитный_выход_2.0n,38,0.007040000000000002,,0.7043497550520578,0.7576,0.7184297550520578,0.7184297550520578,ETHFI-USDT-SWAP,0.05325024,7.560199,3.781978,0.03004976,4.266312,2.134216,0.7579,0.0,0.0,-10.650048989588456,-7.560199256973776,0.0,200.0,Локальный защитный выход 2.0N,0.0,0.0,short,Turtle 20,2026-03-16 23:54:03,D:\GIT\okx-trading-bot\v08x\085\085_4\logs\trade_context\20260316_235403_ETHFI-USDT-SWAP_short_trade.json,20260316_235324_ETHFI-USDT-SWAP_short,0.7043497550520578,1
0.7576,локальный_защитный_выход_2.0n,39,0.007040000000000002,,0.7043497550520578,0.7576,0.7184297550520578,0.7184297550520578,ETHFI-USDT-SWAP,0.05325024,7.560199,3.781978,0.03004976,4.266312,2.134216,0.7579,0.0,0.0,-10.650048989588456,-7.560199256973776,0.0,200.0,Локальный защитный выход 2.0N,0.0,0.0,short,Turtle 20,2026-03-16 23:53:18,D:\GIT\okx-trading-bot\v08x\085\085_4\logs\trade_context\20260316_235318_ETHFI-USDT-SWAP_short_trade.json,20260316_235239_ETHFI-USDT-SWAP_short,0.7043497550520578,1
0.7576,локальный_защитный_выход_2.0n,38,0.007040000000000002,,0.7043497550520578,0.7576,0.7184297550520578,0.7184297550520578,ETHFI-USDT-SWAP,0.05325024,7.560199,3.781978,0.03004976,4.266312,2.134216,0.7579,0.0,0.0,-10.650048989588456,-7.560199256973776,0.0,200.0,Локальный защитный выход 2.0N,0.0,0.0,short,Turtle 20,2026-03-16 23:52:33,D:\GIT\okx-trading-bot\v08x\085\085_4\logs\trade_context\20260316_235233_ETHFI-USDT-SWAP_short_trade.json,20260316_235155_ETHFI-USDT-SWAP_short,0.7043497550520578,1
0.7576,локальный_защитный_выход_2.0n,39,0.007040000000000002,,0.7043497550520578,0.7576,0.7184297550520578,0.7184297550520578,ETHFI-USDT-SWAP,0.05325024,7.560199,3.781978,0.03004976,4.266312,2.134216,0.7579,0.0,0.0,-10.650048989588456,-7.560199256973776,0.0,200.0,Локальный защитный выход 2.0N,0.0,0.0,short,Turtle 20,2026-03-16 23:51:49,D:\GIT\okx-trading-bot\v08x\085\085_4\logs\trade_context\20260316_235149_ETHFI-USDT-SWAP_short_trade.json,20260316_235110_ETHFI-USDT-SWAP_short,0.7043497550520578,1
0.7576,локальный_защитный_выход_2.0n,37,0.007040000000000002,,0.7043497550520578,0.7576,0.7184297550520578,0.7184297550520578,ETHFI-USDT-SWAP,0.05325024,7.560199,3.781978,0.03004976,4.266312,2.134216,0.7576,0.0,0.0,-10.650048989588456,-7.560199256973776,0.0,200.0,Локальный защитный выход 2.0N,0.0,0.0,short,Turtle 20,2026-03-16 23:51:03,D:\GIT\okx-trading-bot\v08x\085\085_4\logs\trade_context\20260316_235103_ETHFI-USDT-SWAP_short_trade.json,20260316_235026_ETHFI-USDT-SWAP_short,0.7043497550520578,1
0.7576,локальный_защитный_выход_2.0n,36,0.007040000000000002,,0.7043497550520578,0.7576,0.7184297550520578,0.7184297550520578,ETHFI-USDT-SWAP,0.05325024,7.560199,3.781978,0.03004976,4.266312,2.134216,0.7576,0.0,0.0,-10.650048989588456,-7.560199256973776,0.0,200.0,Локальный защитный выход 2.0N,0.0,0.0,short,Turtle 20,2026-03-16 23:50:20,D:\GIT\okx-trading-bot\v08x\085\085_4\logs\trade_context\20260316_235020_ETHFI-USDT-SWAP_short_trade.json,20260316_234944_ETHFI-USDT-SWAP_short,0.7043497550520578,1
0.0992,локальный_защитный_выход_2.0n,854,0.00016000000000000042,D:\GIT\okx-trading-bot\v08x\085\085_4\logs\entry_context\20260316_233559_HBAR-USDT-SWAP_long.json,0.1001635214827301,0.1,0.1001635214827301,0.0998435214827301,HBAR-USDT-SWAP,0.00216352,2.159989,6.761005,0.00013648,0.136256,0.426495,0.1001635214827301,0.0,1.0,-1.9410000000061898,-0.16325452650772238,1188.9410000000062,118.7,Локальный защитный выход 2.0N,421.8742013545839,0.032000000000000084,long,Turtle 55,2026-03-16 23:50:14,D:\GIT\okx-trading-bot\v08x\085\085_4\logs\trade_context\20260316_235014_HBAR-USDT-SWAP_long_trade.json,20260316_233559_HBAR-USDT-SWAP_long,0.0999,1
10.449,локальный_защитный_выход_2.0n,5627,0.0019000000000000128,,10.459069335014183,10.464,10.4642,10.434269335014182,LINK-USDT-SWAP,0.17106934,1.635608,6.897957,0.01193066,0.11407,0.481075,10.468,1.1334799999998886,0.0,0.6257999999999446,0.04714248302486002,0.0,126.92,Локальный защитный выход 2.0N,0.0,0.0,long,Turtle 20,2026-03-16 23:50:10,D:\GIT\okx-trading-bot\v08x\085\085_4\logs\trade_context\20260316_235010_LINK-USDT-SWAP_long_trade.json,20260316_221623_LINK-USDT-SWAP_long,10.459069335014183,1
0.7576,локальный_защитный_выход_2.0n,38,0.007040000000000002,,0.7043497550520578,0.7576,0.7184297550520578,0.7184297550520578,ETHFI-USDT-SWAP,0.05325024,7.560199,3.781978,0.03004976,4.266312,2.134216,0.7576,0.0,0.0,-10.650048989588456,-7.560199256973776,0.0,200.0,Локальный защитный выход 2.0N,0.0,0.0,short,Turtle 20,2026-03-16 23:49:39,D:\GIT\okx-trading-bot\v08x\085\085_4\logs\trade_context\20260316_234939_ETHFI-USDT-SWAP_short_trade.json,20260316_234901_ETHFI-USDT-SWAP_short,0.7043497550520578,1
0.7576,локальный_защитный_выход_2.0n,36,0.007040000000000002,,0.7043497550520578,0.7576,0.7184297550520578,0.7184297550520578,ETHFI-USDT-SWAP,0.05325024,7.560199,3.781978,0.03004976,4.266312,2.134216,0.7579,0.0,0.0,-10.650048989588456,-7.560199256973776,0.0,200.0,Локальный защитный выход 2.0N,0.0,0.0,short,Turtle 20,2026-03-16 23:48:55,D:\GIT\okx-trading-bot\v08x\085\085_4\logs\trade_context\20260316_234855_ETHFI-USDT-SWAP_short_trade.json,20260316_234819_ETHFI-USDT-SWAP_short,0.7043497550520578,1
0.7576,локальный_защитный_выход_2.0n,42,0.007040000000000002,,0.7043497550520578,0.7576,0.7184297550520578,0.7184297550520578,ETHFI-USDT-SWAP,0.05325024,7.560199,3.781978,0.03004976,4.266312,2.134216,0.7579,0.0,0.0,-10.650048989588456,-7.560199256973776,0.0,200.0,Локальный защитный выход 2.0N,0.0,0.0,short,Turtle 20,2026-03-16 23:48:13,D:\GIT\okx-trading-bot\v08x\085\085_4\logs\trade_context\20260316_234813_ETHFI-USDT-SWAP_short_trade.json,20260316_234731_ETHFI-USDT-SWAP_short,0.7043497550520578,1
0.7576,локальный_защитный_выход_2.0n,37,0.007040000000000002,,0.7043497550520578,0.7576,0.7184297550520578,0.7184297550520578,ETHFI-USDT-SWAP,0.05325024,7.560199,3.781978,0.03004976,4.266312,2.134216,0.7579,0.0,0.0,-10.650048989588456,-7.560199256973776,0.0,200.0,Локальный защитный выход 2.0N,0.0,0.0,short,Turtle 20,2026-03-16 23:47:25,D:\GIT\okx-trading-bot\v08x\085\085_4\logs\trade_context\20260316_234725_ETHFI-USDT-SWAP_short_trade.json,20260316_234648_ETHFI-USDT-SWAP_short,0.7043497550520578,1
0.7576,локальный_защитный_выход_2.0n,38,0.007040000000000002,,0.7043497550520578,0.7576,0.7184297550520578,0.7184297550520578,ETHFI-USDT-SWAP,0.05325024,7.560199,3.781978,0.03004976,4.266312,2.134216,0.7579,0.0,0.0,-10.650048989588456,-7.560199256973776,0.0,200.0,Локальный защитный выход 2.0N,0.0,0.0,short,Turtle 20,2026-03-16 23:46:43,D:\GIT\okx-trading-bot\v08x\085\085_4\logs\trade_context\20260316_234643_ETHFI-USDT-SWAP_short_trade.json,20260316_234605_ETHFI-USDT-SWAP_short,0.7043497550520578,1
0.7576,локальный_защитный_выход_2.0n,34,0.007040000000000002,,0.7043497550520578,0.7576,0.7184297550520578,0.7184297550520578,ETHFI-USDT-SWAP,0.05325024,7.560199,3.781978,0.03004976,4.266312,2.134216,0.7579,0.0,0.0,-10.650048989588456,-7.560199256973776,0.0,200.0,Локальный защитный выход 2.0N,0.0,0.0,short,Turtle 20,2026-03-16 23:45:59,D:\GIT\okx-trading-bot\v08x\085\085_4\logs\trade_context\20260316_234559_ETHFI-USDT-SWAP_short_trade.json,20260316_234524_ETHFI-USDT-SWAP_short,0.7043497550520578,1
0.7576,локальный_защитный_выход_2.0n,35,0.007040000000000002,,0.7043497550520578,0.7576,0.7184297550520578,0.7184297550520578,ETHFI-USDT-SWAP,0.05325024,7.560199,3.781978,0.03004976,4.266312,2.134216,0.7579,0.0,0.0,-10.650048989588456,-7.560199256973776,0.0,200.0,Локальный защитный выход 2.0N,0.0,0.0,short,Turtle 20,2026-03-16 23:45:18,D:\GIT\okx-trading-bot\v08x\085\085_4\logs\trade_context\20260316_234518_ETHFI-USDT-SWAP_short_trade.json,20260316_234443_ETHFI-USDT-SWAP_short,0.7043497550520578,1
0.7576,локальный_защитный_выход_2.0n,35,0.007040000000000002,,0.7043497550520578,0.7576,0.7184297550520578,0.7184297550520578,ETHFI-USDT-SWAP,0.05325024,7.560199,3.781978,0.03004976,4.266312,2.134216,0.7579,0.0,0.0,-10.650048989588456,-7.560199256973776,0.0,200.0,Локальный защитный выход 2.0N,0.0,0.0,short,Turtle 20,2026-03-16 23:44:37,D:\GIT\okx-trading-bot\v08x\085\085_4\logs\trade_context\20260316_234437_ETHFI-USDT-SWAP_short_trade.json,20260316_234402_ETHFI-USDT-SWAP_short,0.7043497550520578,1
0.7576,локальный_защитный_выход_2.0n,38,0.007040000000000002,,0.7043497550520578,0.7576,0.7184297550520578,0.7184297550520578,ETHFI-USDT-SWAP,0.05325024,7.560199,3.781978,0.03004976,4.266312,2.134216,0.7579,0.0,0.0,-10.650048989588456,-7.560199256973776,0.0,200.0,Локальный защитный выход 2.0N,0.0,0.0,short,Turtle 20,2026-03-16 23:43:56,D:\GIT\okx-trading-bot\v08x\085\085_4\logs\trade_context\20260316_234356_ETHFI-USDT-SWAP_short_trade.json,20260316_234318_ETHFI-USDT-SWAP_short,0.7043497550520578,1
0.7576,локальный_защитный_выход_2.0n,57,0.007040000000000002,,0.7043497550520578,0.7576,0.7184297550520578,0.7184297550520578,ETHFI-USDT-SWAP,0.05325024,7.560199,3.781978,0.03004976,4.266312,2.134216,0.7579,0.0,0.0,-10.650048989588456,-7.560199256973776,0.0,200.0,Локальный защитный выход 2.0N,0.0,0.0,short,Turtle 20,2026-03-16 23:43:12,D:\GIT\okx-trading-bot\v08x\085\085_4\logs\trade_context\20260316_234312_ETHFI-USDT-SWAP_short_trade.json,20260316_234215_ETHFI-USDT-SWAP_short,0.7043497550520578,1
0.06012,локальный_защитный_выход_2.0n,416,0.00011350000000000075,D:\GIT\okx-trading-bot\v08x\085\085_4\logs\entry_context\20260316_233606_MINA-USDT-SWAP_long.json,0.0607171571923655,0.06044,0.0604901571923655,0.0604901571923655,MINA-USDT-SWAP,0.00077716,1.279963,3.4236,6.284e-05,0.103501,0.276841,0.06073,0.0549599999978628,1.0,-5.358280000002185,-0.45647261034867426,1173.8448000000021,19333.0,Локальный защитный выход 2.0N,421.77604056813135,0.0002270000000000015,long,Turtle 20,2026-03-16 23:43:03,D:\GIT\okx-trading-bot\v08x\085\085_4\logs\trade_context\20260316_234303_MINA-USDT-SWAP_long_trade.json,20260316_233605_MINA-USDT-SWAP_long,0.06044,1
0.0951,локальный_защитный_выход_2.0n,411,0.0002099999999999991,D:\GIT\okx-trading-bot\v08x\085\085_4\logs\entry_context\20260316_233602_ALGO-USDT-SWAP_long.json,0.0965271836734695,0.096,0.0961071836734695,0.0961071836734695,ALGO-USDT-SWAP,0.00142718,1.47853,3.398056,0.00037282,0.386229,0.887658,0.0965271836734695,0.0,1.0,-6.458000000001411,-0.546150476380675,1182.4580000000014,1225.0,Локальный защитный выход 2.0N,421.80851463232403,0.0041999999999999815,long,Turtle 20,2026-03-16 23:42:54,D:\GIT\okx-trading-bot\v08x\085\085_4\logs\trade_context\20260316_234254_ALGO-USDT-SWAP_long_trade.json,20260316_233602_ALGO-USDT-SWAP_long,0.096,1
0.7576,локальный_защитный_выход_2.0n,39,0.007040000000000002,,0.7043497550520578,0.7576,0.7184297550520578,0.7184297550520578,ETHFI-USDT-SWAP,0.05325024,7.560199,3.781978,0.03004976,4.266312,2.134216,0.7579,0.0,0.0,-10.650048989588456,-7.560199256973776,0.0,200.0,Локальный защитный выход 2.0N,0.0,0.0,short,Turtle 20,2026-03-16 23:42:09,D:\GIT\okx-trading-bot\v08x\085\085_4\logs\trade_context\20260316_234209_ETHFI-USDT-SWAP_short_trade.json,20260316_234130_ETHFI-USDT-SWAP_short,0.7043497550520578,1
0.7576,локальный_защитный_выход_2.0n,49,0.007040000000000002,,0.7043497550520578,0.7576,0.7184297550520578,0.7184297550520578,ETHFI-USDT-SWAP,0.05325024,7.560199,3.781978,0.03004976,4.266312,2.134216,0.7579,0.0,0.0,-10.650048989588456,-7.560199256973776,0.0,200.0,Локальный защитный выход 2.0N,0.0,0.0,short,Turtle 20,2026-03-16 23:41:24,D:\GIT\okx-trading-bot\v08x\085\085_4\logs\trade_context\20260316_234124_ETHFI-USDT-SWAP_short_trade.json,20260316_234035_ETHFI-USDT-SWAP_short,0.7043497550520578,1
0.7576,локальный_защитный_выход_2.0n,42,0.007040000000000002,,0.7043497550520578,0.7576,0.7183297550520578,0.7183297550520578,ETHFI-USDT-SWAP,0.05325024,7.560199,3.80903,0.03004976,4.266312,2.149482,0.7579,0.0,0.0,-10.650048989588456,-7.560199256973776,0.0,200.0,Локальный защитный выход 2.0N,0.0,0.0,short,Turtle 20,2026-03-16 23:40:30,D:\GIT\okx-trading-bot\v08x\085\085_4\logs\trade_context\20260316_234030_ETHFI-USDT-SWAP_short_trade.json,20260316_233947_ETHFI-USDT-SWAP_short,0.7043497550520578,1
0.7566,локальный_защитный_выход_2.0n,42,0.006990000000000001,,0.7043497550520578,0.7576,0.7183297550520578,0.7183297550520578,ETHFI-USDT-SWAP,0.05225024,7.418224,3.7375,0.03004976,4.266312,2.149482,0.7579,0.0,0.0,-10.650048989588456,-7.560199256973776,0.0,200.0,Локальный защитный выход 2.0N,0.0,0.0,short,Turtle 20,2026-03-16 23:39:42,D:\GIT\okx-trading-bot\v08x\085\085_4\logs\trade_context\20260316_233942_ETHFI-USDT-SWAP_short_trade.json,20260316_233900_ETHFI-USDT-SWAP_short,0.7043497550520578,1
0.0882,локальный_защитный_выход_2.0n,59,0.00010000000000000009,D:\GIT\okx-trading-bot\v08x\085\085_4\logs\entry_context\20260316_233838_SAND-USDT-SWAP_long.json,0.0893996967399546,0.0891,0.08919969673995459,0.08919969673995459,SAND-USDT-SWAP,0.0017997,2.01309,8.998484,0.0,0.0,0.0,0.0894,0.0,1.0,-3.9530000000011696,-0.335232389911071,1179.1820000000012,1319.0,Локальный защитный выход 2.0N,421.61324158550127,0.0020000000000000018,long,Turtle 55,2026-03-16 23:39:37,D:\GIT\okx-trading-bot\v08x\085\085_4\logs\trade_context\20260316_233937_SAND-USDT-SWAP_long_trade.json,20260316_233837_SAND-USDT-SWAP_long,0.0891,1
0.7566,локальный_защитный_выход_2.0n,40,0.006990000000000001,,0.7043497550520578,0.7576,0.7183297550520578,0.7183297550520578,ETHFI-USDT-SWAP,0.05225024,7.418224,3.7375,0.03004976,4.266312,2.149482,0.7576,0.0,0.0,-10.650048989588456,-7.560199256973776,0.0,200.0,Локальный защитный выход 2.0N,0.0,0.0,short,Turtle 20,2026-03-16 23:38:53,D:\GIT\okx-trading-bot\v08x\085\085_4\logs\trade_context\20260316_233853_ETHFI-USDT-SWAP_short_trade.json,20260316_233813_ETHFI-USDT-SWAP_short,0.7043497550520578,1
0.7566,локальный_защитный_выход_2.0n,45,0.006990000000000001,,0.7043497550520578,0.7576,0.7183297550520578,0.7183297550520578,ETHFI-USDT-SWAP,0.05225024,7.418224,3.7375,0.03004976,4.266312,2.149482,0.7576,0.0,0.0,-12.034555358234956,-7.560199256973775,0.0,226.0,Локальный защитный выход 2.0N,0.0,0.0,short,Turtle 20,2026-03-16 23:38:07,D:\GIT\okx-trading-bot\v08x\085\085_4\logs\trade_context\20260316_233807_ETHFI-USDT-SWAP_short_trade.json,20260316_233722_ETHFI-USDT-SWAP_short,0.7043497550520578,1
0.0882,локальный_защитный_выход_2.0n,161,0.00010000000000000009,D:\GIT\okx-trading-bot\v08x\085\085_4\logs\entry_context\20260316_233513_SAND-USDT-SWAP_long.json,0.089,0.0887,0.3569311650485445,0.08879999999999999,SAND-USDT-SWAP,0.0014,1.573034,7.0,0.0,0.0,0.0,0.0893,0.0,1.0,-6.900000000003143,-0.5776025809629828,4775.487666666675,1339.0,Локальный защитный выход 2.0N,421.96849309153396,0.0020000000000000018,long,Turtle 55,2026-03-16 23:37:55,D:\GIT\okx-trading-bot\v08x\085\085_4\logs\trade_context\20260316_233755_SAND-USDT-SWAP_long_trade.json,20260316_233513_SAND-USDT-SWAP_long,0.0887,4
0.7566,локальный_защитный_выход_2.0n,48,0.006990000000000001,,0.7043497550520578,0.7566,0.7183297550520578,0.7183297550520578,ETHFI-USDT-SWAP,0.05225024,7.418224,3.7375,0.03004976,4.266312,2.149482,0.7566,0.0,0.0,-11.808555358234955,-7.418224337152004,0.0,226.0,Локальный защитный выход 2.0N,0.0,0.0,short,Turtle 20,2026-03-16 23:37:16,D:\GIT\okx-trading-bot\v08x\085\085_4\logs\trade_context\20260316_233716_ETHFI-USDT-SWAP_short_trade.json,20260316_233628_ETHFI-USDT-SWAP_short,0.7043497550520578,1
0.7566,локальный_защитный_выход_2.0n,47,0.006990000000000001,,0.7043497550520578,0.7566,0.7183297550520578,0.7183297550520578,ETHFI-USDT-SWAP,0.05225024,7.418224,3.7375,0.03004976,4.266312,2.149482,0.7566,0.0,0.0,-11.808555358234955,-7.418224337152004,0.0,226.0,Локальный защитный выход 2.0N,0.0,0.0,short,Turtle 20,2026-03-16 23:36:20,D:\GIT\okx-trading-bot\v08x\085\085_4\logs\trade_context\20260316_233620_ETHFI-USDT-SWAP_short_trade.json,20260316_233533_ETHFI-USDT-SWAP_short,0.7043497550520578,1
0.7566,локальный_защитный_выход_2.0n,37,0.006990000000000001,,0.7043497550520578,0.7566,0.7181897550520577,0.7181897550520577,ETHFI-USDT-SWAP,0.05225024,7.418224,3.775307,0.03004976,4.266312,2.171225,0.7566,0.0,0.0,-11.808555358234955,-7.418224337152004,0.0,226.0,Локальный защитный выход 2.0N,0.0,0.0,short,Turtle 20,2026-03-16 23:35:24,D:\GIT\okx-trading-bot\v08x\085\085_4\logs\trade_context\20260316_233524_ETHFI-USDT-SWAP_short_trade.json,20260316_233447_ETHFI-USDT-SWAP_short,0.7043497550520578,1
0.2266,локальный_защитный_выход_2.0n,810,0.0002600000000000005,D:\GIT\okx-trading-bot\v08x\085\085_4\logs\entry_context\20260316_232149_IMX-USDT-SWAP_long.json,0.2313,0.2313,0.2313,0.23078,IMX-USDT-SWAP,0.0052,2.248163,10.0,0.0,0.0,0.0,0.2313,0.5096999999999439,1.0,0.0,0.0,1178.9361000000001,5097.0,Локальный защитный выход 2.0N,422.2740078057005,0.000520000000000001,long,Turtle 55,2026-03-16 23:35:20,D:\GIT\okx-trading-bot\v08x\085\085_4\logs\trade_context\20260316_233520_IMX-USDT-SWAP_long_trade.json,20260316_232149_IMX-USDT-SWAP_long,0.2313,1
0.7552,локальный_защитный_выход_2.0n,73,0.006919999999999998,,0.7043497550520578,0.7566,0.7181897550520577,0.7181897550520577,ETHFI-USDT-SWAP,0.05225024,7.418224,3.775307,0.03004976,4.266312,2.171225,0.7566,0.0,0.0,-11.808555358234955,-7.418224337152004,0.0,226.0,Локальный защитный выход 2.0N,0.0,0.0,short,Turtle 20,2026-03-16 23:34:42,D:\GIT\okx-trading-bot\v08x\085\085_4\logs\trade_context\20260316_233442_ETHFI-USDT-SWAP_short_trade.json,20260316_233328_ETHFI-USDT-SWAP_short,0.7043497550520578,1
0.7552,локальный_защитный_выход_2.0n,37,0.006919999999999998,,0.7043497550520578,0.7566,0.7181897550520577,0.7181897550520577,ETHFI-USDT-SWAP,0.05225024,7.418224,3.775307,0.03004976,4.266312,2.171225,0.7566,0.0,0.0,-11.808555358234955,-7.418224337152004,0.0,226.0,Локальный защитный выход 2.0N,0.0,0.0,short,Turtle 20,2026-03-16 23:33:22,D:\GIT\okx-trading-bot\v08x\085\085_4\logs\trade_context\20260316_233322_ETHFI-USDT-SWAP_short_trade.json,20260316_233245_ETHFI-USDT-SWAP_short,0.7043497550520578,1
0.7552,локальный_защитный_выход_2.0n,34,0.006919999999999998,,0.7043497550520578,0.7566,0.7181897550520577,0.7181897550520577,ETHFI-USDT-SWAP,0.05225024,7.418224,3.775307,0.03004976,4.266312,2.171225,0.7566,0.0,0.0,-11.808555358234955,-7.418224337152004,0.0,226.0,Локальный защитный выход 2.0N,0.0,0.0,short,Turtle 20,2026-03-16 23:32:39,D:\GIT\okx-trading-bot\v08x\085\085_4\logs\trade_context\20260316_233239_ETHFI-USDT-SWAP_short_trade.json,20260316_233205_ETHFI-USDT-SWAP_short,0.7043497550520578,1
0.7552,локальный_защитный_выход_2.0n,33,0.006919999999999998,,0.7043497550520578,0.7566,0.7181897550520577,0.7181897550520577,ETHFI-USDT-SWAP,0.05225024,7.418224,3.775307,0.03004976,4.266312,2.171225,0.7566,0.0,0.0,-11.808555358234955,-7.418224337152004,0.0,226.0,Локальный защитный выход 2.0N,0.0,0.0,short,Turtle 20,2026-03-16 23:31:59,D:\GIT\okx-trading-bot\v08x\085\085_4\logs\trade_context\20260316_233159_ETHFI-USDT-SWAP_short_trade.json,20260316_233125_ETHFI-USDT-SWAP_short,0.7043497550520578,1
0.7552,локальный_защитный_выход_2.0n,37,0.006919999999999998,,0.7043497550520578,0.7566,0.7181897550520577,0.7181897550520577,ETHFI-USDT-SWAP,0.05225024,7.418224,3.775307,0.03004976,4.266312,2.171225,0.7566,0.0,0.0,-11.808555358234955,-7.418224337152004,0.0,226.0,Локальный защитный выход 2.0N,0.0,0.0,short,Turtle 20,2026-03-16 23:31:19,D:\GIT\okx-trading-bot\v08x\085\085_4\logs\trade_context\20260316_233119_ETHFI-USDT-SWAP_short_trade.json,20260316_233042_ETHFI-USDT-SWAP_short,0.7043497550520578,1
0.7552,локальный_защитный_выход_2.0n,36,0.006919999999999998,,0.7043497550520578,0.7566,0.7184197550520578,0.7184197550520578,ETHFI-USDT-SWAP,0.05225024,7.418224,3.713592,0.03004976,4.266312,2.135732,0.7566,0.0,0.0,-16.66782813839359,-7.418224337152006,0.0,319.0,Локальный защитный выход 2.0N,0.0,0.0,short,Turtle 20,2026-03-16 23:30:36,D:\GIT\okx-trading-bot\v08x\085\085_4\logs\trade_context\20260316_233036_ETHFI-USDT-SWAP_short_trade.json,20260316_233000_ETHFI-USDT-SWAP_short,0.7043497550520578,1
0.7552,локальный_защитный_выход_2.0n,33,0.007035000000000002,,0.7043497550520578,0.7552,0.7184197550520578,0.7184197550520578,ETHFI-USDT-SWAP,0.05225024,7.418224,3.713592,0.03004976,4.266312,2.135732,0.7553,0.0,0.0,-16.221228138393567,-7.2194594494015165,0.0,319.0,Локальный защитный выход 2.0N,0.0,0.0,short,Turtle 20,2026-03-16 23:29:55,D:\GIT\okx-trading-bot\v08x\085\085_4\logs\trade_context\20260316_232955_ETHFI-USDT-SWAP_short_trade.json,20260316_232921_ETHFI-USDT-SWAP_short,0.7043497550520578,1
0.7552,локальный_защитный_выход_2.0n,38,0.007035000000000002,,0.7043497550520578,0.7552,0.7184197550520578,0.7184197550520578,ETHFI-USDT-SWAP,0.05225024,7.418224,3.713592,0.03004976,4.266312,2.135732,0.7553,0.0,0.0,-16.221228138393567,-7.2194594494015165,0.0,319.0,Локальный защитный выход 2.0N,0.0,0.0,short,Turtle 20,2026-03-16 23:29:15,D:\GIT\okx-trading-bot\v08x\085\085_4\logs\trade_context\20260316_232915_ETHFI-USDT-SWAP_short_trade.json,20260316_232837_ETHFI-USDT-SWAP_short,0.7043497550520578,1
1.8768,локальный_защитный_выход_2.0n,146,0.000539999999999996,,1.8887938472874644,1.8912,2.831589,1.88472,NEAR-USDT-SWAP,0.01919385,1.016196,4.711479,0.0,0.0,0.0,1.8912,7.666699999999026,0.0,26.123599999999403,0.12739096519141896,13662.4488,1085.7,Локальный защитный выход 2.0N,0.0,0.0,long,Turtle 20,2026-03-16 23:29:10,D:\GIT\okx-trading-bot\v08x\085\085_4\logs\trade_context\20260316_232910_NEAR-USDT-SWAP_long_trade.json,20260316_232643_NEAR-USDT-SWAP_long,1.8858,3
0.7552,локальный_защитный_выход_2.0n,41,0.007035000000000002,,0.7043497550520578,0.7552,0.7184197550520578,0.7184197550520578,ETHFI-USDT-SWAP,0.05225024,7.418224,3.713592,0.03004976,4.266312,2.135732,0.7552,0.0,0.0,-16.221228138393567,-7.2194594494015165,0.0,319.0,Локальный защитный выход 2.0N,0.0,0.0,short,Turtle 20,2026-03-16 23:28:31,D:\GIT\okx-trading-bot\v08x\085\085_4\logs\trade_context\20260316_232831_ETHFI-USDT-SWAP_short_trade.json,20260316_232750_ETHFI-USDT-SWAP_short,0.7043497550520578,1
0.7552,локальный_защитный_выход_2.0n,61,0.007035000000000002,,0.7043497550520578,0.7552,0.7184197550520578,0.7184197550520578,ETHFI-USDT-SWAP,0.05225024,7.418224,3.713592,0.03004976,4.266312,2.135732,0.7552,0.0,0.0,-16.221228138393567,-7.2194594494015165,0.0,319.0,Локальный защитный выход 2.0N,0.0,0.0,short,Turtle 20,2026-03-16 23:27:45,D:\GIT\okx-trading-bot\v08x\085\085_4\logs\trade_context\20260316_232745_ETHFI-USDT-SWAP_short_trade.json,20260316_232643_ETHFI-USDT-SWAP_short,0.7043497550520578,1
0.7552,локальный_защитный_выход_2.0n,38,0.007035000000000002,,0.7043497550520578,0.7552,0.7184197550520578,0.7184197550520578,ETHFI-USDT-SWAP,0.05225024,7.418224,3.713592,0.03004976,4.266312,2.135732,0.7552,0.0,0.0,-16.221228138393567,-7.2194594494015165,0.0,319.0,Локальный защитный выход 2.0N,0.0,0.0,short,Turtle 20,2026-03-16 23:26:37,D:\GIT\okx-trading-bot\v08x\085\085_4\logs\trade_context\20260316_232637_ETHFI-USDT-SWAP_short_trade.json,20260316_232559_ETHFI-USDT-SWAP_short,0.7043497550520578,1
0.7552,локальный_защитный_выход_2.0n,34,0.007035000000000002,,0.7043497550520578,0.7552,0.7184197550520578,0.7184197550520578,ETHFI-USDT-SWAP,0.05225024,7.418224,3.713592,0.03004976,4.266312,2.135732,0.7552,0.0,0.0,-16.221228138393567,-7.2194594494015165,0.0,319.0,Локальный защитный выход 2.0N,0.0,0.0,short,Turtle 20,2026-03-16 23:25:54,D:\GIT\okx-trading-bot\v08x\085\085_4\logs\trade_context\20260316_232554_ETHFI-USDT-SWAP_short_trade.json,20260316_232520_ETHFI-USDT-SWAP_short,0.7043497550520578,1
0.7552,локальный_защитный_выход_2.0n,40,0.007035000000000002,,0.7043497550520578,0.7552,0.7184197550520578,0.7184197550520578,ETHFI-USDT-SWAP,0.05225024,7.418224,3.713592,0.03004976,4.266312,2.135732,0.7552,0.0,0.0,-16.221228138393567,-7.2194594494015165,0.0,319.0,Локальный защитный выход 2.0N,0.0,0.0,short,Turtle 20,2026-03-16 23:25:14,D:\GIT\okx-trading-bot\v08x\085\085_4\logs\trade_context\20260316_232514_ETHFI-USDT-SWAP_short_trade.json,20260316_232434_ETHFI-USDT-SWAP_short,0.7043497550520578,1
0.7552,локальный_защитный_выход_2.0n,37,0.007035000000000002,,0.7043497550520578,0.7552,0.7184197550520578,0.7184197550520578,ETHFI-USDT-SWAP,0.05225024,7.418224,3.713592,0.03004976,4.266312,2.135732,0.7552,0.0,0.0,-16.221228138393567,-7.2194594494015165,0.0,319.0,Локальный защитный выход 2.0N,0.0,0.0,short,Turtle 20,2026-03-16 23:24:27,D:\GIT\okx-trading-bot\v08x\085\085_4\logs\trade_context\20260316_232427_ETHFI-USDT-SWAP_short_trade.json,20260316_232350_ETHFI-USDT-SWAP_short,0.7043497550520578,1
0.7552,локальный_защитный_выход_2.0n,38,0.007035000000000002,,0.7043497550520578,0.7552,0.7184197550520578,0.7184197550520578,ETHFI-USDT-SWAP,0.05225024,7.418224,3.713592,0.03004976,4.266312,2.135732,0.7552,0.0,0.0,-16.221228138393567,-7.2194594494015165,0.0,319.0,Локальный защитный выход 2.0N,0.0,0.0,short,Turtle 20,2026-03-16 23:23:43,D:\GIT\okx-trading-bot\v08x\085\085_4\logs\trade_context\20260316_232343_ETHFI-USDT-SWAP_short_trade.json,20260316_232305_ETHFI-USDT-SWAP_short,0.7043497550520578,1
0.7552,локальный_защитный_выход_2.0n,42,0.007035000000000002,,0.7043497550520578,0.7552,0.7184197550520578,0.7184197550520578,ETHFI-USDT-SWAP,0.05225024,7.418224,3.713592,0.03004976,4.266312,2.135732,0.7553,0.0,0.0,-16.221228138393567,-7.2194594494015165,0.0,319.0,Локальный защитный выход 2.0N,0.0,0.0,short,Turtle 20,2026-03-16 23:22:59,D:\GIT\okx-trading-bot\v08x\085\085_4\logs\trade_context\20260316_232259_ETHFI-USDT-SWAP_short_trade.json,20260316_232216_ETHFI-USDT-SWAP_short,0.7043497550520578,1
