2026-03-22 18:19:00,668 | INFO | Telegram worker started | queue=D:\GIT\okx-trading-bot\v09x\098\runtime\telegram_queue
2026-03-22 18:21:00,510 | INFO | Telegram worker started | queue=D:\GIT\okx-trading-bot\v09x\098\runtime\telegram_queue
2026-03-22 18:21:28,630 | ERROR | Telegram worker item processing failed: <urlopen error [Errno 11001] getaddrinfo failed>
Traceback (most recent call last):
  File "urllib\request.py", line 1321, in do_open
  File "http\client.py", line 1358, in request
  File "http\client.py", line 1404, in _send_request
  File "http\client.py", line 1353, in endheaders
  File "http\client.py", line 1113, in _send_output
  File "http\client.py", line 1057, in send
  File "http\client.py", line 1492, in connect
  File "http\client.py", line 1023, in connect
  File "socket.py", line 846, in create_connection
  File "socket.py", line 983, in getaddrinfo
socket.gaierror: [Errno 11001] getaddrinfo failed

During handling of the above exception, another exception occurred:

Traceback (most recent call last):
  File "telegram_notifier.py", line 190, in run_worker_forever
    processed = worker.process_once()
  File "telegram_notifier.py", line 105, in process_once
    self._process_file(pending)
    ~~~~~~~~~~~~~~~~~~^^^^^^^^^
  File "telegram_notifier.py", line 121, in _process_file
    self._send_message(payload)
    ~~~~~~~~~~~~~~~~~~^^^^^^^^^
  File "telegram_notifier.py", line 134, in _send_message
    with urllib.request.urlopen(request, timeout=25) as response:
         ~~~~~~~~~~~~~~~~~~~~~~^^^^^^^^^^^^^^^^^^^^^
  File "urllib\request.py", line 187, in urlopen
  File "urllib\request.py", line 487, in open
  File "urllib\request.py", line 504, in _open
  File "urllib\request.py", line 464, in _call_chain
  File "urllib\request.py", line 1369, in https_open
  File "urllib\request.py", line 1324, in do_open
urllib.error.URLError: <urlopen error [Errno 11001] getaddrinfo failed>
2026-03-22 18:21:31,694 | ERROR | Telegram worker item processing failed: <urlopen error [WinError 10049] Требуемый адрес для своего контекста неверен>
Traceback (most recent call last):
  File "urllib\request.py", line 1321, in do_open
  File "http\client.py", line 1358, in request
  File "http\client.py", line 1404, in _send_request
  File "http\client.py", line 1353, in endheaders
  File "http\client.py", line 1113, in _send_output
  File "http\client.py", line 1057, in send
  File "http\client.py", line 1492, in connect
  File "http\client.py", line 1023, in connect
  File "socket.py", line 870, in create_connection
  File "socket.py", line 855, in create_connection
OSError: [WinError 10049] Требуемый адрес для своего контекста неверен

During handling of the above exception, another exception occurred:

Traceback (most recent call last):
  File "telegram_notifier.py", line 190, in run_worker_forever
    processed = worker.process_once()
  File "telegram_notifier.py", line 105, in process_once
    self._process_file(pending)
    ~~~~~~~~~~~~~~~~~~^^^^^^^^^
  File "telegram_notifier.py", line 121, in _process_file
    self._send_message(payload)
    ~~~~~~~~~~~~~~~~~~^^^^^^^^^
  File "telegram_notifier.py", line 134, in _send_message
    with urllib.request.urlopen(request, timeout=25) as response:
         ~~~~~~~~~~~~~~~~~~~~~~^^^^^^^^^^^^^^^^^^^^^
  File "urllib\request.py", line 187, in urlopen
  File "urllib\request.py", line 487, in open
  File "urllib\request.py", line 504, in _open
  File "urllib\request.py", line 464, in _call_chain
  File "urllib\request.py", line 1369, in https_open
  File "urllib\request.py", line 1324, in do_open
urllib.error.URLError: <urlopen error [WinError 10049] Требуемый адрес для своего контекста неверен>
2026-03-22 18:21:34,696 | ERROR | Telegram worker item processing failed: <urlopen error [WinError 10049] Требуемый адрес для своего контекста неверен>
Traceback (most recent call last):
  File "urllib\request.py", line 1321, in do_open
  File "http\client.py", line 1358, in request
  File "http\client.py", line 1404, in _send_request
  File "http\client.py", line 1353, in endheaders
  File "http\client.py", line 1113, in _send_output
  File "http\client.py", line 1057, in send
  File "http\client.py", line 1492, in connect
  File "http\client.py", line 1023, in connect
  File "socket.py", line 870, in create_connection
  File "socket.py", line 855, in create_connection
OSError: [WinError 10049] Требуемый адрес для своего контекста неверен

During handling of the above exception, another exception occurred:

Traceback (most recent call last):
  File "telegram_notifier.py", line 190, in run_worker_forever
    processed = worker.process_once()
  File "telegram_notifier.py", line 105, in process_once
    self._process_file(pending)
    ~~~~~~~~~~~~~~~~~~^^^^^^^^^
  File "telegram_notifier.py", line 121, in _process_file
    self._send_message(payload)
    ~~~~~~~~~~~~~~~~~~^^^^^^^^^
  File "telegram_notifier.py", line 134, in _send_message
    with urllib.request.urlopen(request, timeout=25) as response:
         ~~~~~~~~~~~~~~~~~~~~~~^^^^^^^^^^^^^^^^^^^^^
  File "urllib\request.py", line 187, in urlopen
  File "urllib\request.py", line 487, in open
  File "urllib\request.py", line 504, in _open
  File "urllib\request.py", line 464, in _call_chain
  File "urllib\request.py", line 1369, in https_open
  File "urllib\request.py", line 1324, in do_open
urllib.error.URLError: <urlopen error [WinError 10049] Требуемый адрес для своего контекста неверен>
2026-03-22 18:21:37,604 | INFO | Telegram worker started | queue=D:\GIT\okx-trading-bot\v09x\098\runtime\telegram_queue
2026-03-22 18:21:37,702 | ERROR | Telegram worker item processing failed: <urlopen error [WinError 10049] Требуемый адрес для своего контекста неверен>
Traceback (most recent call last):
  File "urllib\request.py", line 1321, in do_open
  File "http\client.py", line 1358, in request
  File "http\client.py", line 1404, in _send_request
  File "http\client.py", line 1353, in endheaders
  File "http\client.py", line 1113, in _send_output
  File "http\client.py", line 1057, in send
  File "http\client.py", line 1492, in connect
  File "http\client.py", line 1023, in connect
  File "socket.py", line 870, in create_connection
  File "socket.py", line 855, in create_connection
OSError: [WinError 10049] Требуемый адрес для своего контекста неверен

During handling of the above exception, another exception occurred:

Traceback (most recent call last):
  File "telegram_notifier.py", line 190, in run_worker_forever
    processed = worker.process_once()
  File "telegram_notifier.py", line 105, in process_once
    self._process_file(pending)
    ~~~~~~~~~~~~~~~~~~^^^^^^^^^
  File "telegram_notifier.py", line 121, in _process_file
    self._send_message(payload)
    ~~~~~~~~~~~~~~~~~~^^^^^^^^^
  File "telegram_notifier.py", line 134, in _send_message
    with urllib.request.urlopen(request, timeout=25) as response:
         ~~~~~~~~~~~~~~~~~~~~~~^^^^^^^^^^^^^^^^^^^^^
  File "urllib\request.py", line 187, in urlopen
  File "urllib\request.py", line 487, in open
  File "urllib\request.py", line 504, in _open
  File "urllib\request.py", line 464, in _call_chain
  File "urllib\request.py", line 1369, in https_open
  File "urllib\request.py", line 1324, in do_open
urllib.error.URLError: <urlopen error [WinError 10049] Требуемый адрес для своего контекста неверен>
2026-03-22 18:21:40,706 | ERROR | Telegram worker item processing failed: <urlopen error [WinError 10049] Требуемый адрес для своего контекста неверен>
Traceback (most recent call last):
  File "urllib\request.py", line 1321, in do_open
  File "http\client.py", line 1358, in request
  File "http\client.py", line 1404, in _send_request
  File "http\client.py", line 1353, in endheaders
  File "http\client.py", line 1113, in _send_output
  File "http\client.py", line 1057, in send
  File "http\client.py", line 1492, in connect
  File "http\client.py", line 1023, in connect
  File "socket.py", line 870, in create_connection
  File "socket.py", line 855, in create_connection
OSError: [WinError 10049] Требуемый адрес для своего контекста неверен

During handling of the above exception, another exception occurred:

Traceback (most recent call last):
  File "telegram_notifier.py", line 190, in run_worker_forever
    processed = worker.process_once()
  File "telegram_notifier.py", line 105, in process_once
    self._process_file(pending)
    ~~~~~~~~~~~~~~~~~~^^^^^^^^^
  File "telegram_notifier.py", line 121, in _process_file
    self._send_message(payload)
    ~~~~~~~~~~~~~~~~~~^^^^^^^^^
  File "telegram_notifier.py", line 134, in _send_message
    with urllib.request.urlopen(request, timeout=25) as response:
         ~~~~~~~~~~~~~~~~~~~~~~^^^^^^^^^^^^^^^^^^^^^
  File "urllib\request.py", line 187, in urlopen
  File "urllib\request.py", line 487, in open
  File "urllib\request.py", line 504, in _open
  File "urllib\request.py", line 464, in _call_chain
  File "urllib\request.py", line 1369, in https_open
  File "urllib\request.py", line 1324, in do_open
urllib.error.URLError: <urlopen error [WinError 10049] Требуемый адрес для своего контекста неверен>
2026-03-22 18:21:43,719 | ERROR | Telegram worker item processing failed: <urlopen error [WinError 10049] Требуемый адрес для своего контекста неверен>
Traceback (most recent call last):
  File "urllib\request.py", line 1321, in do_open
  File "http\client.py", line 1358, in request
  File "http\client.py", line 1404, in _send_request
  File "http\client.py", line 1353, in endheaders
  File "http\client.py", line 1113, in _send_output
  File "http\client.py", line 1057, in send
  File "http\client.py", line 1492, in connect
  File "http\client.py", line 1023, in connect
  File "socket.py", line 870, in create_connection
  File "socket.py", line 855, in create_connection
OSError: [WinError 10049] Требуемый адрес для своего контекста неверен

During handling of the above exception, another exception occurred:

Traceback (most recent call last):
  File "telegram_notifier.py", line 190, in run_worker_forever
    processed = worker.process_once()
  File "telegram_notifier.py", line 105, in process_once
    self._process_file(pending)
    ~~~~~~~~~~~~~~~~~~^^^^^^^^^
  File "telegram_notifier.py", line 121, in _process_file
    self._send_message(payload)
    ~~~~~~~~~~~~~~~~~~^^^^^^^^^
  File "telegram_notifier.py", line 134, in _send_message
    with urllib.request.urlopen(request, timeout=25) as response:
         ~~~~~~~~~~~~~~~~~~~~~~^^^^^^^^^^^^^^^^^^^^^
  File "urllib\request.py", line 187, in urlopen
  File "urllib\request.py", line 487, in open
  File "urllib\request.py", line 504, in _open
  File "urllib\request.py", line 464, in _call_chain
  File "urllib\request.py", line 1369, in https_open
  File "urllib\request.py", line 1324, in do_open
urllib.error.URLError: <urlopen error [WinError 10049] Требуемый адрес для своего контекста неверен>
2026-03-22 18:21:46,732 | ERROR | Telegram worker item processing failed: <urlopen error [WinError 10049] Требуемый адрес для своего контекста неверен>
Traceback (most recent call last):
  File "urllib\request.py", line 1321, in do_open
  File "http\client.py", line 1358, in request
  File "http\client.py", line 1404, in _send_request
  File "http\client.py", line 1353, in endheaders
  File "http\client.py", line 1113, in _send_output
  File "http\client.py", line 1057, in send
  File "http\client.py", line 1492, in connect
  File "http\client.py", line 1023, in connect
  File "socket.py", line 870, in create_connection
  File "socket.py", line 855, in create_connection
OSError: [WinError 10049] Требуемый адрес для своего контекста неверен

During handling of the above exception, another exception occurred:

Traceback (most recent call last):
  File "telegram_notifier.py", line 190, in run_worker_forever
    processed = worker.process_once()
  File "telegram_notifier.py", line 105, in process_once
    self._process_file(pending)
    ~~~~~~~~~~~~~~~~~~^^^^^^^^^
  File "telegram_notifier.py", line 121, in _process_file
    self._send_message(payload)
    ~~~~~~~~~~~~~~~~~~^^^^^^^^^
  File "telegram_notifier.py", line 134, in _send_message
    with urllib.request.urlopen(request, timeout=25) as response:
         ~~~~~~~~~~~~~~~~~~~~~~^^^^^^^^^^^^^^^^^^^^^
  File "urllib\request.py", line 187, in urlopen
  File "urllib\request.py", line 487, in open
  File "urllib\request.py", line 504, in _open
  File "urllib\request.py", line 464, in _call_chain
  File "urllib\request.py", line 1369, in https_open
  File "urllib\request.py", line 1324, in do_open
urllib.error.URLError: <urlopen error [WinError 10049] Требуемый адрес для своего контекста неверен>
2026-03-22 18:21:49,745 | ERROR | Telegram worker item processing failed: <urlopen error [WinError 10049] Требуемый адрес для своего контекста неверен>
Traceback (most recent call last):
  File "urllib\request.py", line 1321, in do_open
  File "http\client.py", line 1358, in request
  File "http\client.py", line 1404, in _send_request
  File "http\client.py", line 1353, in endheaders
  File "http\client.py", line 1113, in _send_output
  File "http\client.py", line 1057, in send
  File "http\client.py", line 1492, in connect
  File "http\client.py", line 1023, in connect
  File "socket.py", line 870, in create_connection
  File "socket.py", line 855, in create_connection
OSError: [WinError 10049] Требуемый адрес для своего контекста неверен

During handling of the above exception, another exception occurred:

Traceback (most recent call last):
  File "telegram_notifier.py", line 190, in run_worker_forever
    processed = worker.process_once()
  File "telegram_notifier.py", line 105, in process_once
    self._process_file(pending)
    ~~~~~~~~~~~~~~~~~~^^^^^^^^^
  File "telegram_notifier.py", line 121, in _process_file
    self._send_message(payload)
    ~~~~~~~~~~~~~~~~~~^^^^^^^^^
  File "telegram_notifier.py", line 134, in _send_message
    with urllib.request.urlopen(request, timeout=25) as response:
         ~~~~~~~~~~~~~~~~~~~~~~^^^^^^^^^^^^^^^^^^^^^
  File "urllib\request.py", line 187, in urlopen
  File "urllib\request.py", line 487, in open
  File "urllib\request.py", line 504, in _open
  File "urllib\request.py", line 464, in _call_chain
  File "urllib\request.py", line 1369, in https_open
  File "urllib\request.py", line 1324, in do_open
urllib.error.URLError: <urlopen error [WinError 10049] Требуемый адрес для своего контекста неверен>
2026-03-22 18:21:52,786 | ERROR | Telegram worker item processing failed: <urlopen error [WinError 10049] Требуемый адрес для своего контекста неверен>
Traceback (most recent call last):
  File "urllib\request.py", line 1321, in do_open
  File "http\client.py", line 1358, in request
  File "http\client.py", line 1404, in _send_request
  File "http\client.py", line 1353, in endheaders
  File "http\client.py", line 1113, in _send_output
  File "http\client.py", line 1057, in send
  File "http\client.py", line 1492, in connect
  File "http\client.py", line 1023, in connect
  File "socket.py", line 870, in create_connection
  File "socket.py", line 855, in create_connection
OSError: [WinError 10049] Требуемый адрес для своего контекста неверен

During handling of the above exception, another exception occurred:

Traceback (most recent call last):
  File "telegram_notifier.py", line 190, in run_worker_forever
    processed = worker.process_once()
  File "telegram_notifier.py", line 105, in process_once
    self._process_file(pending)
    ~~~~~~~~~~~~~~~~~~^^^^^^^^^
  File "telegram_notifier.py", line 119, in _process_file
    self._send_photo(payload)
    ~~~~~~~~~~~~~~~~^^^^^^^^^
  File "telegram_notifier.py", line 166, in _send_photo
    with urllib.request.urlopen(request, timeout=40) as response:
         ~~~~~~~~~~~~~~~~~~~~~~^^^^^^^^^^^^^^^^^^^^^
  File "urllib\request.py", line 187, in urlopen
  File "urllib\request.py", line 487, in open
  File "urllib\request.py", line 504, in _open
  File "urllib\request.py", line 464, in _call_chain
  File "urllib\request.py", line 1369, in https_open
  File "urllib\request.py", line 1324, in do_open
urllib.error.URLError: <urlopen error [WinError 10049] Требуемый адрес для своего контекста неверен>
2026-03-22 18:21:55,798 | ERROR | Telegram worker item processing failed: <urlopen error [WinError 10049] Требуемый адрес для своего контекста неверен>
Traceback (most recent call last):
  File "urllib\request.py", line 1321, in do_open
  File "http\client.py", line 1358, in request
  File "http\client.py", line 1404, in _send_request
  File "http\client.py", line 1353, in endheaders
  File "http\client.py", line 1113, in _send_output
  File "http\client.py", line 1057, in send
  File "http\client.py", line 1492, in connect
  File "http\client.py", line 1023, in connect
  File "socket.py", line 870, in create_connection
  File "socket.py", line 855, in create_connection
OSError: [WinError 10049] Требуемый адрес для своего контекста неверен

During handling of the above exception, another exception occurred:

Traceback (most recent call last):
  File "telegram_notifier.py", line 190, in run_worker_forever
    processed = worker.process_once()
  File "telegram_notifier.py", line 105, in process_once
    self._process_file(pending)
    ~~~~~~~~~~~~~~~~~~^^^^^^^^^
  File "telegram_notifier.py", line 121, in _process_file
    self._send_message(payload)
    ~~~~~~~~~~~~~~~~~~^^^^^^^^^
  File "telegram_notifier.py", line 134, in _send_message
    with urllib.request.urlopen(request, timeout=25) as response:
         ~~~~~~~~~~~~~~~~~~~~~~^^^^^^^^^^^^^^^^^^^^^
  File "urllib\request.py", line 187, in urlopen
  File "urllib\request.py", line 487, in open
  File "urllib\request.py", line 504, in _open
  File "urllib\request.py", line 464, in _call_chain
  File "urllib\request.py", line 1369, in https_open
  File "urllib\request.py", line 1324, in do_open
urllib.error.URLError: <urlopen error [WinError 10049] Требуемый адрес для своего контекста неверен>
2026-03-22 18:21:58,812 | ERROR | Telegram worker item processing failed: <urlopen error [WinError 10049] Требуемый адрес для своего контекста неверен>
Traceback (most recent call last):
  File "urllib\request.py", line 1321, in do_open
  File "http\client.py", line 1358, in request
  File "http\client.py", line 1404, in _send_request
  File "http\client.py", line 1353, in endheaders
  File "http\client.py", line 1113, in _send_output
  File "http\client.py", line 1057, in send
  File "http\client.py", line 1492, in connect
  File "http\client.py", line 1023, in connect
  File "socket.py", line 870, in create_connection
  File "socket.py", line 855, in create_connection
OSError: [WinError 10049] Требуемый адрес для своего контекста неверен

During handling of the above exception, another exception occurred:

Traceback (most recent call last):
  File "telegram_notifier.py", line 190, in run_worker_forever
    processed = worker.process_once()
  File "telegram_notifier.py", line 105, in process_once
    self._process_file(pending)
    ~~~~~~~~~~~~~~~~~~^^^^^^^^^
  File "telegram_notifier.py", line 121, in _process_file
    self._send_message(payload)
    ~~~~~~~~~~~~~~~~~~^^^^^^^^^
  File "telegram_notifier.py", line 134, in _send_message
    with urllib.request.urlopen(request, timeout=25) as response:
         ~~~~~~~~~~~~~~~~~~~~~~^^^^^^^^^^^^^^^^^^^^^
  File "urllib\request.py", line 187, in urlopen
  File "urllib\request.py", line 487, in open
  File "urllib\request.py", line 504, in _open
  File "urllib\request.py", line 464, in _call_chain
  File "urllib\request.py", line 1369, in https_open
  File "urllib\request.py", line 1324, in do_open
urllib.error.URLError: <urlopen error [WinError 10049] Требуемый адрес для своего контекста неверен>
2026-03-22 18:22:01,825 | ERROR | Telegram worker item processing failed: <urlopen error [WinError 10049] Требуемый адрес для своего контекста неверен>
Traceback (most recent call last):
  File "urllib\request.py", line 1321, in do_open
  File "http\client.py", line 1358, in request
  File "http\client.py", line 1404, in _send_request
  File "http\client.py", line 1353, in endheaders
  File "http\client.py", line 1113, in _send_output
  File "http\client.py", line 1057, in send
  File "http\client.py", line 1492, in connect
  File "http\client.py", line 1023, in connect
  File "socket.py", line 870, in create_connection
  File "socket.py", line 855, in create_connection
OSError: [WinError 10049] Требуемый адрес для своего контекста неверен

During handling of the above exception, another exception occurred:

Traceback (most recent call last):
  File "telegram_notifier.py", line 190, in run_worker_forever
    processed = worker.process_once()
  File "telegram_notifier.py", line 105, in process_once
    self._process_file(pending)
    ~~~~~~~~~~~~~~~~~~^^^^^^^^^
  File "telegram_notifier.py", line 119, in _process_file
    self._send_photo(payload)
    ~~~~~~~~~~~~~~~~^^^^^^^^^
  File "telegram_notifier.py", line 166, in _send_photo
    with urllib.request.urlopen(request, timeout=40) as response:
         ~~~~~~~~~~~~~~~~~~~~~~^^^^^^^^^^^^^^^^^^^^^
  File "urllib\request.py", line 187, in urlopen
  File "urllib\request.py", line 487, in open
  File "urllib\request.py", line 504, in _open
  File "urllib\request.py", line 464, in _call_chain
  File "urllib\request.py", line 1369, in https_open
  File "urllib\request.py", line 1324, in do_open
urllib.error.URLError: <urlopen error [WinError 10049] Требуемый адрес для своего контекста неверен>
2026-03-22 18:22:04,837 | ERROR | Telegram worker item processing failed: <urlopen error [WinError 10049] Требуемый адрес для своего контекста неверен>
Traceback (most recent call last):
  File "urllib\request.py", line 1321, in do_open
  File "http\client.py", line 1358, in request
  File "http\client.py", line 1404, in _send_request
  File "http\client.py", line 1353, in endheaders
  File "http\client.py", line 1113, in _send_output
  File "http\client.py", line 1057, in send
  File "http\client.py", line 1492, in connect
  File "http\client.py", line 1023, in connect
  File "socket.py", line 870, in create_connection
  File "socket.py", line 855, in create_connection
OSError: [WinError 10049] Требуемый адрес для своего контекста неверен

During handling of the above exception, another exception occurred:

Traceback (most recent call last):
  File "telegram_notifier.py", line 190, in run_worker_forever
    processed = worker.process_once()
  File "telegram_notifier.py", line 105, in process_once
    self._process_file(pending)
    ~~~~~~~~~~~~~~~~~~^^^^^^^^^
  File "telegram_notifier.py", line 121, in _process_file
    self._send_message(payload)
    ~~~~~~~~~~~~~~~~~~^^^^^^^^^
  File "telegram_notifier.py", line 134, in _send_message
    with urllib.request.urlopen(request, timeout=25) as response:
         ~~~~~~~~~~~~~~~~~~~~~~^^^^^^^^^^^^^^^^^^^^^
  File "urllib\request.py", line 187, in urlopen
  File "urllib\request.py", line 487, in open
  File "urllib\request.py", line 504, in _open
  File "urllib\request.py", line 464, in _call_chain
  File "urllib\request.py", line 1369, in https_open
  File "urllib\request.py", line 1324, in do_open
urllib.error.URLError: <urlopen error [WinError 10049] Требуемый адрес для своего контекста неверен>
2026-03-22 18:22:07,904 | ERROR | Telegram worker item processing failed: <urlopen error [WinError 10049] Требуемый адрес для своего контекста неверен>
Traceback (most recent call last):
  File "urllib\request.py", line 1321, in do_open
  File "http\client.py", line 1358, in request
  File "http\client.py", line 1404, in _send_request
  File "http\client.py", line 1353, in endheaders
  File "http\client.py", line 1113, in _send_output
  File "http\client.py", line 1057, in send
  File "http\client.py", line 1492, in connect
  File "http\client.py", line 1023, in connect
  File "socket.py", line 870, in create_connection
  File "socket.py", line 855, in create_connection
OSError: [WinError 10049] Требуемый адрес для своего контекста неверен

During handling of the above exception, another exception occurred:

Traceback (most recent call last):
  File "telegram_notifier.py", line 190, in run_worker_forever
    processed = worker.process_once()
  File "telegram_notifier.py", line 105, in process_once
    self._process_file(pending)
    ~~~~~~~~~~~~~~~~~~^^^^^^^^^
  File "telegram_notifier.py", line 121, in _process_file
    self._send_message(payload)
    ~~~~~~~~~~~~~~~~~~^^^^^^^^^
  File "telegram_notifier.py", line 134, in _send_message
    with urllib.request.urlopen(request, timeout=25) as response:
         ~~~~~~~~~~~~~~~~~~~~~~^^^^^^^^^^^^^^^^^^^^^
  File "urllib\request.py", line 187, in urlopen
  File "urllib\request.py", line 487, in open
  File "urllib\request.py", line 504, in _open
  File "urllib\request.py", line 464, in _call_chain
  File "urllib\request.py", line 1369, in https_open
  File "urllib\request.py", line 1324, in do_open
urllib.error.URLError: <urlopen error [WinError 10049] Требуемый адрес для своего контекста неверен>
2026-03-22 18:22:10,916 | ERROR | Telegram worker item processing failed: <urlopen error [WinError 10049] Требуемый адрес для своего контекста неверен>
Traceback (most recent call last):
  File "urllib\request.py", line 1321, in do_open
  File "http\client.py", line 1358, in request
  File "http\client.py", line 1404, in _send_request
  File "http\client.py", line 1353, in endheaders
  File "http\client.py", line 1113, in _send_output
  File "http\client.py", line 1057, in send
  File "http\client.py", line 1492, in connect
  File "http\client.py", line 1023, in connect
  File "socket.py", line 870, in create_connection
  File "socket.py", line 855, in create_connection
OSError: [WinError 10049] Требуемый адрес для своего контекста неверен

During handling of the above exception, another exception occurred:

Traceback (most recent call last):
  File "telegram_notifier.py", line 190, in run_worker_forever
    processed = worker.process_once()
  File "telegram_notifier.py", line 105, in process_once
    self._process_file(pending)
    ~~~~~~~~~~~~~~~~~~^^^^^^^^^
  File "telegram_notifier.py", line 119, in _process_file
    self._send_photo(payload)
    ~~~~~~~~~~~~~~~~^^^^^^^^^
  File "telegram_notifier.py", line 166, in _send_photo
    with urllib.request.urlopen(request, timeout=40) as response:
         ~~~~~~~~~~~~~~~~~~~~~~^^^^^^^^^^^^^^^^^^^^^
  File "urllib\request.py", line 187, in urlopen
  File "urllib\request.py", line 487, in open
  File "urllib\request.py", line 504, in _open
  File "urllib\request.py", line 464, in _call_chain
  File "urllib\request.py", line 1369, in https_open
  File "urllib\request.py", line 1324, in do_open
urllib.error.URLError: <urlopen error [WinError 10049] Требуемый адрес для своего контекста неверен>
2026-03-22 18:22:13,929 | ERROR | Telegram worker item processing failed: <urlopen error [WinError 10049] Требуемый адрес для своего контекста неверен>
Traceback (most recent call last):
  File "urllib\request.py", line 1321, in do_open
  File "http\client.py", line 1358, in request
  File "http\client.py", line 1404, in _send_request
  File "http\client.py", line 1353, in endheaders
  File "http\client.py", line 1113, in _send_output
  File "http\client.py", line 1057, in send
  File "http\client.py", line 1492, in connect
  File "http\client.py", line 1023, in connect
  File "socket.py", line 870, in create_connection
  File "socket.py", line 855, in create_connection
OSError: [WinError 10049] Требуемый адрес для своего контекста неверен

During handling of the above exception, another exception occurred:

Traceback (most recent call last):
  File "telegram_notifier.py", line 190, in run_worker_forever
    processed = worker.process_once()
  File "telegram_notifier.py", line 105, in process_once
    self._process_file(pending)
    ~~~~~~~~~~~~~~~~~~^^^^^^^^^
  File "telegram_notifier.py", line 121, in _process_file
    self._send_message(payload)
    ~~~~~~~~~~~~~~~~~~^^^^^^^^^
  File "telegram_notifier.py", line 134, in _send_message
    with urllib.request.urlopen(request, timeout=25) as response:
         ~~~~~~~~~~~~~~~~~~~~~~^^^^^^^^^^^^^^^^^^^^^
  File "urllib\request.py", line 187, in urlopen
  File "urllib\request.py", line 487, in open
  File "urllib\request.py", line 504, in _open
  File "urllib\request.py", line 464, in _call_chain
  File "urllib\request.py", line 1369, in https_open
  File "urllib\request.py", line 1324, in do_open
urllib.error.URLError: <urlopen error [WinError 10049] Требуемый адрес для своего контекста неверен>
2026-03-22 18:22:16,933 | ERROR | Telegram worker item processing failed: <urlopen error [WinError 10049] Требуемый адрес для своего контекста неверен>
Traceback (most recent call last):
  File "urllib\request.py", line 1321, in do_open
  File "http\client.py", line 1358, in request
  File "http\client.py", line 1404, in _send_request
  File "http\client.py", line 1353, in endheaders
  File "http\client.py", line 1113, in _send_output
  File "http\client.py", line 1057, in send
  File "http\client.py", line 1492, in connect
  File "http\client.py", line 1023, in connect
  File "socket.py", line 870, in create_connection
  File "socket.py", line 855, in create_connection
OSError: [WinError 10049] Требуемый адрес для своего контекста неверен

During handling of the above exception, another exception occurred:

Traceback (most recent call last):
  File "telegram_notifier.py", line 190, in run_worker_forever
    processed = worker.process_once()
  File "telegram_notifier.py", line 105, in process_once
    self._process_file(pending)
    ~~~~~~~~~~~~~~~~~~^^^^^^^^^
  File "telegram_notifier.py", line 121, in _process_file
    self._send_message(payload)
    ~~~~~~~~~~~~~~~~~~^^^^^^^^^
  File "telegram_notifier.py", line 134, in _send_message
    with urllib.request.urlopen(request, timeout=25) as response:
         ~~~~~~~~~~~~~~~~~~~~~~^^^^^^^^^^^^^^^^^^^^^
  File "urllib\request.py", line 187, in urlopen
  File "urllib\request.py", line 487, in open
  File "urllib\request.py", line 504, in _open
  File "urllib\request.py", line 464, in _call_chain
  File "urllib\request.py", line 1369, in https_open
  File "urllib\request.py", line 1324, in do_open
urllib.error.URLError: <urlopen error [WinError 10049] Требуемый адрес для своего контекста неверен>
2026-03-22 18:22:19,936 | ERROR | Telegram worker item processing failed: <urlopen error [WinError 10049] Требуемый адрес для своего контекста неверен>
Traceback (most recent call last):
  File "urllib\request.py", line 1321, in do_open
  File "http\client.py", line 1358, in request
  File "http\client.py", line 1404, in _send_request
  File "http\client.py", line 1353, in endheaders
  File "http\client.py", line 1113, in _send_output
  File "http\client.py", line 1057, in send
  File "http\client.py", line 1492, in connect
  File "http\client.py", line 1023, in connect
  File "socket.py", line 870, in create_connection
  File "socket.py", line 855, in create_connection
OSError: [WinError 10049] Требуемый адрес для своего контекста неверен

During handling of the above exception, another exception occurred:

Traceback (most recent call last):
  File "telegram_notifier.py", line 190, in run_worker_forever
    processed = worker.process_once()
  File "telegram_notifier.py", line 105, in process_once
    self._process_file(pending)
    ~~~~~~~~~~~~~~~~~~^^^^^^^^^
  File "telegram_notifier.py", line 119, in _process_file
    self._send_photo(payload)
    ~~~~~~~~~~~~~~~~^^^^^^^^^
  File "telegram_notifier.py", line 166, in _send_photo
    with urllib.request.urlopen(request, timeout=40) as response:
         ~~~~~~~~~~~~~~~~~~~~~~^^^^^^^^^^^^^^^^^^^^^
  File "urllib\request.py", line 187, in urlopen
  File "urllib\request.py", line 487, in open
  File "urllib\request.py", line 504, in _open
  File "urllib\request.py", line 464, in _call_chain
  File "urllib\request.py", line 1369, in https_open
  File "urllib\request.py", line 1324, in do_open
urllib.error.URLError: <urlopen error [WinError 10049] Требуемый адрес для своего контекста неверен>
2026-03-22 18:22:22,950 | ERROR | Telegram worker item processing failed: <urlopen error [WinError 10049] Требуемый адрес для своего контекста неверен>
Traceback (most recent call last):
  File "urllib\request.py", line 1321, in do_open
  File "http\client.py", line 1358, in request
  File "http\client.py", line 1404, in _send_request
  File "http\client.py", line 1353, in endheaders
  File "http\client.py", line 1113, in _send_output
  File "http\client.py", line 1057, in send
  File "http\client.py", line 1492, in connect
  File "http\client.py", line 1023, in connect
  File "socket.py", line 870, in create_connection
  File "socket.py", line 855, in create_connection
OSError: [WinError 10049] Требуемый адрес для своего контекста неверен

During handling of the above exception, another exception occurred:

Traceback (most recent call last):
  File "telegram_notifier.py", line 190, in run_worker_forever
    processed = worker.process_once()
  File "telegram_notifier.py", line 105, in process_once
    self._process_file(pending)
    ~~~~~~~~~~~~~~~~~~^^^^^^^^^
  File "telegram_notifier.py", line 121, in _process_file
    self._send_message(payload)
    ~~~~~~~~~~~~~~~~~~^^^^^^^^^
  File "telegram_notifier.py", line 134, in _send_message
    with urllib.request.urlopen(request, timeout=25) as response:
         ~~~~~~~~~~~~~~~~~~~~~~^^^^^^^^^^^^^^^^^^^^^
  File "urllib\request.py", line 187, in urlopen
  File "urllib\request.py", line 487, in open
  File "urllib\request.py", line 504, in _open
  File "urllib\request.py", line 464, in _call_chain
  File "urllib\request.py", line 1369, in https_open
  File "urllib\request.py", line 1324, in do_open
urllib.error.URLError: <urlopen error [WinError 10049] Требуемый адрес для своего контекста неверен>
2026-03-22 18:22:25,963 | ERROR | Telegram worker item processing failed: <urlopen error [WinError 10049] Требуемый адрес для своего контекста неверен>
Traceback (most recent call last):
  File "urllib\request.py", line 1321, in do_open
  File "http\client.py", line 1358, in request
  File "http\client.py", line 1404, in _send_request
  File "http\client.py", line 1353, in endheaders
  File "http\client.py", line 1113, in _send_output
  File "http\client.py", line 1057, in send
  File "http\client.py", line 1492, in connect
  File "http\client.py", line 1023, in connect
  File "socket.py", line 870, in create_connection
  File "socket.py", line 855, in create_connection
OSError: [WinError 10049] Требуемый адрес для своего контекста неверен

During handling of the above exception, another exception occurred:

Traceback (most recent call last):
  File "telegram_notifier.py", line 190, in run_worker_forever
    processed = worker.process_once()
  File "telegram_notifier.py", line 105, in process_once
    self._process_file(pending)
    ~~~~~~~~~~~~~~~~~~^^^^^^^^^
  File "telegram_notifier.py", line 121, in _process_file
    self._send_message(payload)
    ~~~~~~~~~~~~~~~~~~^^^^^^^^^
  File "telegram_notifier.py", line 134, in _send_message
    with urllib.request.urlopen(request, timeout=25) as response:
         ~~~~~~~~~~~~~~~~~~~~~~^^^^^^^^^^^^^^^^^^^^^
  File "urllib\request.py", line 187, in urlopen
  File "urllib\request.py", line 487, in open
  File "urllib\request.py", line 504, in _open
  File "urllib\request.py", line 464, in _call_chain
  File "urllib\request.py", line 1369, in https_open
  File "urllib\request.py", line 1324, in do_open
urllib.error.URLError: <urlopen error [WinError 10049] Требуемый адрес для своего контекста неверен>
2026-03-22 18:22:28,967 | ERROR | Telegram worker item processing failed: <urlopen error [WinError 10049] Требуемый адрес для своего контекста неверен>
Traceback (most recent call last):
  File "urllib\request.py", line 1321, in do_open
  File "http\client.py", line 1358, in request
  File "http\client.py", line 1404, in _send_request
  File "http\client.py", line 1353, in endheaders
  File "http\client.py", line 1113, in _send_output
  File "http\client.py", line 1057, in send
  File "http\client.py", line 1492, in connect
  File "http\client.py", line 1023, in connect
  File "socket.py", line 870, in create_connection
  File "socket.py", line 855, in create_connection
OSError: [WinError 10049] Требуемый адрес для своего контекста неверен

During handling of the above exception, another exception occurred:

Traceback (most recent call last):
  File "telegram_notifier.py", line 190, in run_worker_forever
    processed = worker.process_once()
  File "telegram_notifier.py", line 105, in process_once
    self._process_file(pending)
    ~~~~~~~~~~~~~~~~~~^^^^^^^^^
  File "telegram_notifier.py", line 119, in _process_file
    self._send_photo(payload)
    ~~~~~~~~~~~~~~~~^^^^^^^^^
  File "telegram_notifier.py", line 166, in _send_photo
    with urllib.request.urlopen(request, timeout=40) as response:
         ~~~~~~~~~~~~~~~~~~~~~~^^^^^^^^^^^^^^^^^^^^^
  File "urllib\request.py", line 187, in urlopen
  File "urllib\request.py", line 487, in open
  File "urllib\request.py", line 504, in _open
  File "urllib\request.py", line 464, in _call_chain
  File "urllib\request.py", line 1369, in https_open
  File "urllib\request.py", line 1324, in do_open
urllib.error.URLError: <urlopen error [WinError 10049] Требуемый адрес для своего контекста неверен>
2026-03-22 18:22:31,979 | ERROR | Telegram worker item processing failed: <urlopen error [WinError 10049] Требуемый адрес для своего контекста неверен>
Traceback (most recent call last):
  File "urllib\request.py", line 1321, in do_open
  File "http\client.py", line 1358, in request
  File "http\client.py", line 1404, in _send_request
  File "http\client.py", line 1353, in endheaders
  File "http\client.py", line 1113, in _send_output
  File "http\client.py", line 1057, in send
  File "http\client.py", line 1492, in connect
  File "http\client.py", line 1023, in connect
  File "socket.py", line 870, in create_connection
  File "socket.py", line 855, in create_connection
OSError: [WinError 10049] Требуемый адрес для своего контекста неверен

During handling of the above exception, another exception occurred:

Traceback (most recent call last):
  File "telegram_notifier.py", line 190, in run_worker_forever
    processed = worker.process_once()
  File "telegram_notifier.py", line 105, in process_once
    self._process_file(pending)
    ~~~~~~~~~~~~~~~~~~^^^^^^^^^
  File "telegram_notifier.py", line 121, in _process_file
    self._send_message(payload)
    ~~~~~~~~~~~~~~~~~~^^^^^^^^^
  File "telegram_notifier.py", line 134, in _send_message
    with urllib.request.urlopen(request, timeout=25) as response:
         ~~~~~~~~~~~~~~~~~~~~~~^^^^^^^^^^^^^^^^^^^^^
  File "urllib\request.py", line 187, in urlopen
  File "urllib\request.py", line 487, in open
  File "urllib\request.py", line 504, in _open
  File "urllib\request.py", line 464, in _call_chain
  File "urllib\request.py", line 1369, in https_open
  File "urllib\request.py", line 1324, in do_open
urllib.error.URLError: <urlopen error [WinError 10049] Требуемый адрес для своего контекста неверен>
2026-03-22 18:23:28,910 | INFO | Telegram worker started | queue=D:\GIT\okx-trading-bot\v09x\098\runtime\telegram_queue
2026-03-22 18:23:29,003 | ERROR | Telegram worker item processing failed: <urlopen error [WinError 10049] Требуемый адрес для своего контекста неверен>
Traceback (most recent call last):
  File "urllib\request.py", line 1321, in do_open
  File "http\client.py", line 1358, in request
  File "http\client.py", line 1404, in _send_request
  File "http\client.py", line 1353, in endheaders
  File "http\client.py", line 1113, in _send_output
  File "http\client.py", line 1057, in send
  File "http\client.py", line 1492, in connect
  File "http\client.py", line 1023, in connect
  File "socket.py", line 870, in create_connection
  File "socket.py", line 855, in create_connection
OSError: [WinError 10049] Требуемый адрес для своего контекста неверен

During handling of the above exception, another exception occurred:

Traceback (most recent call last):
  File "telegram_notifier.py", line 190, in run_worker_forever
    processed = worker.process_once()
  File "telegram_notifier.py", line 105, in process_once
    self._process_file(pending)
    ~~~~~~~~~~~~~~~~~~^^^^^^^^^
  File "telegram_notifier.py", line 121, in _process_file
    self._send_message(payload)
    ~~~~~~~~~~~~~~~~~~^^^^^^^^^
  File "telegram_notifier.py", line 134, in _send_message
    with urllib.request.urlopen(request, timeout=25) as response:
         ~~~~~~~~~~~~~~~~~~~~~~^^^^^^^^^^^^^^^^^^^^^
  File "urllib\request.py", line 187, in urlopen
  File "urllib\request.py", line 487, in open
  File "urllib\request.py", line 504, in _open
  File "urllib\request.py", line 464, in _call_chain
  File "urllib\request.py", line 1369, in https_open
  File "urllib\request.py", line 1324, in do_open
urllib.error.URLError: <urlopen error [WinError 10049] Требуемый адрес для своего контекста неверен>
2026-03-22 18:23:32,041 | ERROR | Telegram worker item processing failed: <urlopen error [WinError 10049] Требуемый адрес для своего контекста неверен>
Traceback (most recent call last):
  File "urllib\request.py", line 1321, in do_open
  File "http\client.py", line 1358, in request
  File "http\client.py", line 1404, in _send_request
  File "http\client.py", line 1353, in endheaders
  File "http\client.py", line 1113, in _send_output
  File "http\client.py", line 1057, in send
  File "http\client.py", line 1492, in connect
  File "http\client.py", line 1023, in connect
  File "socket.py", line 870, in create_connection
  File "socket.py", line 855, in create_connection
OSError: [WinError 10049] Требуемый адрес для своего контекста неверен

During handling of the above exception, another exception occurred:

Traceback (most recent call last):
  File "telegram_notifier.py", line 190, in run_worker_forever
    processed = worker.process_once()
  File "telegram_notifier.py", line 105, in process_once
    self._process_file(pending)
    ~~~~~~~~~~~~~~~~~~^^^^^^^^^
  File "telegram_notifier.py", line 119, in _process_file
    self._send_photo(payload)
    ~~~~~~~~~~~~~~~~^^^^^^^^^
  File "telegram_notifier.py", line 166, in _send_photo
    with urllib.request.urlopen(request, timeout=40) as response:
         ~~~~~~~~~~~~~~~~~~~~~~^^^^^^^^^^^^^^^^^^^^^
  File "urllib\request.py", line 187, in urlopen
  File "urllib\request.py", line 487, in open
  File "urllib\request.py", line 504, in _open
  File "urllib\request.py", line 464, in _call_chain
  File "urllib\request.py", line 1369, in https_open
  File "urllib\request.py", line 1324, in do_open
urllib.error.URLError: <urlopen error [WinError 10049] Требуемый адрес для своего контекста неверен>
2026-03-22 18:23:35,045 | ERROR | Telegram worker item processing failed: <urlopen error [WinError 10049] Требуемый адрес для своего контекста неверен>
Traceback (most recent call last):
  File "urllib\request.py", line 1321, in do_open
  File "http\client.py", line 1358, in request
  File "http\client.py", line 1404, in _send_request
  File "http\client.py", line 1353, in endheaders
  File "http\client.py", line 1113, in _send_output
  File "http\client.py", line 1057, in send
  File "http\client.py", line 1492, in connect
  File "http\client.py", line 1023, in connect
  File "socket.py", line 870, in create_connection
  File "socket.py", line 855, in create_connection
OSError: [WinError 10049] Требуемый адрес для своего контекста неверен

During handling of the above exception, another exception occurred:

Traceback (most recent call last):
  File "telegram_notifier.py", line 190, in run_worker_forever
    processed = worker.process_once()
  File "telegram_notifier.py", line 105, in process_once
    self._process_file(pending)
    ~~~~~~~~~~~~~~~~~~^^^^^^^^^
  File "telegram_notifier.py", line 121, in _process_file
    self._send_message(payload)
    ~~~~~~~~~~~~~~~~~~^^^^^^^^^
  File "telegram_notifier.py", line 134, in _send_message
    with urllib.request.urlopen(request, timeout=25) as response:
         ~~~~~~~~~~~~~~~~~~~~~~^^^^^^^^^^^^^^^^^^^^^
  File "urllib\request.py", line 187, in urlopen
  File "urllib\request.py", line 487, in open
  File "urllib\request.py", line 504, in _open
  File "urllib\request.py", line 464, in _call_chain
  File "urllib\request.py", line 1369, in https_open
  File "urllib\request.py", line 1324, in do_open
urllib.error.URLError: <urlopen error [WinError 10049] Требуемый адрес для своего контекста неверен>
2026-03-22 18:23:38,055 | ERROR | Telegram worker item processing failed: <urlopen error [WinError 10049] Требуемый адрес для своего контекста неверен>
Traceback (most recent call last):
  File "urllib\request.py", line 1321, in do_open
  File "http\client.py", line 1358, in request
  File "http\client.py", line 1404, in _send_request
  File "http\client.py", line 1353, in endheaders
  File "http\client.py", line 1113, in _send_output
  File "http\client.py", line 1057, in send
  File "http\client.py", line 1492, in connect
  File "http\client.py", line 1023, in connect
  File "socket.py", line 870, in create_connection
  File "socket.py", line 855, in create_connection
OSError: [WinError 10049] Требуемый адрес для своего контекста неверен

During handling of the above exception, another exception occurred:

Traceback (most recent call last):
  File "telegram_notifier.py", line 190, in run_worker_forever
    processed = worker.process_once()
  File "telegram_notifier.py", line 105, in process_once
    self._process_file(pending)
    ~~~~~~~~~~~~~~~~~~^^^^^^^^^
  File "telegram_notifier.py", line 121, in _process_file
    self._send_message(payload)
    ~~~~~~~~~~~~~~~~~~^^^^^^^^^
  File "telegram_notifier.py", line 134, in _send_message
    with urllib.request.urlopen(request, timeout=25) as response:
         ~~~~~~~~~~~~~~~~~~~~~~^^^^^^^^^^^^^^^^^^^^^
  File "urllib\request.py", line 187, in urlopen
  File "urllib\request.py", line 487, in open
  File "urllib\request.py", line 504, in _open
  File "urllib\request.py", line 464, in _call_chain
  File "urllib\request.py", line 1369, in https_open
  File "urllib\request.py", line 1324, in do_open
urllib.error.URLError: <urlopen error [WinError 10049] Требуемый адрес для своего контекста неверен>
2026-03-22 18:23:41,065 | ERROR | Telegram worker item processing failed: <urlopen error [WinError 10049] Требуемый адрес для своего контекста неверен>
Traceback (most recent call last):
  File "urllib\request.py", line 1321, in do_open
  File "http\client.py", line 1358, in request
  File "http\client.py", line 1404, in _send_request
  File "http\client.py", line 1353, in endheaders
  File "http\client.py", line 1113, in _send_output
  File "http\client.py", line 1057, in send
  File "http\client.py", line 1492, in connect
  File "http\client.py", line 1023, in connect
  File "socket.py", line 870, in create_connection
  File "socket.py", line 855, in create_connection
OSError: [WinError 10049] Требуемый адрес для своего контекста неверен

During handling of the above exception, another exception occurred:

Traceback (most recent call last):
  File "telegram_notifier.py", line 190, in run_worker_forever
    processed = worker.process_once()
  File "telegram_notifier.py", line 105, in process_once
    self._process_file(pending)
    ~~~~~~~~~~~~~~~~~~^^^^^^^^^
  File "telegram_notifier.py", line 121, in _process_file
    self._send_message(payload)
    ~~~~~~~~~~~~~~~~~~^^^^^^^^^
  File "telegram_notifier.py", line 134, in _send_message
    with urllib.request.urlopen(request, timeout=25) as response:
         ~~~~~~~~~~~~~~~~~~~~~~^^^^^^^^^^^^^^^^^^^^^
  File "urllib\request.py", line 187, in urlopen
  File "urllib\request.py", line 487, in open
  File "urllib\request.py", line 504, in _open
  File "urllib\request.py", line 464, in _call_chain
  File "urllib\request.py", line 1369, in https_open
  File "urllib\request.py", line 1324, in do_open
urllib.error.URLError: <urlopen error [WinError 10049] Требуемый адрес для своего контекста неверен>
2026-03-22 18:23:44,069 | ERROR | Telegram worker item processing failed: <urlopen error [WinError 10049] Требуемый адрес для своего контекста неверен>
Traceback (most recent call last):
  File "urllib\request.py", line 1321, in do_open
  File "http\client.py", line 1358, in request
  File "http\client.py", line 1404, in _send_request
  File "http\client.py", line 1353, in endheaders
  File "http\client.py", line 1113, in _send_output
  File "http\client.py", line 1057, in send
  File "http\client.py", line 1492, in connect
  File "http\client.py", line 1023, in connect
  File "socket.py", line 870, in create_connection
  File "socket.py", line 855, in create_connection
OSError: [WinError 10049] Требуемый адрес для своего контекста неверен

During handling of the above exception, another exception occurred:

Traceback (most recent call last):
  File "telegram_notifier.py", line 190, in run_worker_forever
    processed = worker.process_once()
  File "telegram_notifier.py", line 105, in process_once
    self._process_file(pending)
    ~~~~~~~~~~~~~~~~~~^^^^^^^^^
  File "telegram_notifier.py", line 121, in _process_file
    self._send_message(payload)
    ~~~~~~~~~~~~~~~~~~^^^^^^^^^
  File "telegram_notifier.py", line 134, in _send_message
    with urllib.request.urlopen(request, timeout=25) as response:
         ~~~~~~~~~~~~~~~~~~~~~~^^^^^^^^^^^^^^^^^^^^^
  File "urllib\request.py", line 187, in urlopen
  File "urllib\request.py", line 487, in open
  File "urllib\request.py", line 504, in _open
  File "urllib\request.py", line 464, in _call_chain
  File "urllib\request.py", line 1369, in https_open
  File "urllib\request.py", line 1324, in do_open
urllib.error.URLError: <urlopen error [WinError 10049] Требуемый адрес для своего контекста неверен>
2026-03-22 18:23:47,075 | ERROR | Telegram worker item processing failed: <urlopen error [WinError 10049] Требуемый адрес для своего контекста неверен>
Traceback (most recent call last):
  File "urllib\request.py", line 1321, in do_open
  File "http\client.py", line 1358, in request
  File "http\client.py", line 1404, in _send_request
  File "http\client.py", line 1353, in endheaders
  File "http\client.py", line 1113, in _send_output
  File "http\client.py", line 1057, in send
  File "http\client.py", line 1492, in connect
  File "http\client.py", line 1023, in connect
  File "socket.py", line 870, in create_connection
  File "socket.py", line 855, in create_connection
OSError: [WinError 10049] Требуемый адрес для своего контекста неверен

During handling of the above exception, another exception occurred:

Traceback (most recent call last):
  File "telegram_notifier.py", line 190, in run_worker_forever
    processed = worker.process_once()
  File "telegram_notifier.py", line 105, in process_once
    self._process_file(pending)
    ~~~~~~~~~~~~~~~~~~^^^^^^^^^
  File "telegram_notifier.py", line 119, in _process_file
    self._send_photo(payload)
    ~~~~~~~~~~~~~~~~^^^^^^^^^
  File "telegram_notifier.py", line 166, in _send_photo
    with urllib.request.urlopen(request, timeout=40) as response:
         ~~~~~~~~~~~~~~~~~~~~~~^^^^^^^^^^^^^^^^^^^^^
  File "urllib\request.py", line 187, in urlopen
  File "urllib\request.py", line 487, in open
  File "urllib\request.py", line 504, in _open
  File "urllib\request.py", line 464, in _call_chain
  File "urllib\request.py", line 1369, in https_open
  File "urllib\request.py", line 1324, in do_open
urllib.error.URLError: <urlopen error [WinError 10049] Требуемый адрес для своего контекста неверен>
2026-03-22 18:23:50,077 | ERROR | Telegram worker item processing failed: <urlopen error [WinError 10049] Требуемый адрес для своего контекста неверен>
Traceback (most recent call last):
  File "urllib\request.py", line 1321, in do_open
  File "http\client.py", line 1358, in request
  File "http\client.py", line 1404, in _send_request
  File "http\client.py", line 1353, in endheaders
  File "http\client.py", line 1113, in _send_output
  File "http\client.py", line 1057, in send
  File "http\client.py", line 1492, in connect
  File "http\client.py", line 1023, in connect
  File "socket.py", line 870, in create_connection
  File "socket.py", line 855, in create_connection
OSError: [WinError 10049] Требуемый адрес для своего контекста неверен

During handling of the above exception, another exception occurred:

Traceback (most recent call last):
  File "telegram_notifier.py", line 190, in run_worker_forever
    processed = worker.process_once()
  File "telegram_notifier.py", line 105, in process_once
    self._process_file(pending)
    ~~~~~~~~~~~~~~~~~~^^^^^^^^^
  File "telegram_notifier.py", line 121, in _process_file
    self._send_message(payload)
    ~~~~~~~~~~~~~~~~~~^^^^^^^^^
  File "telegram_notifier.py", line 134, in _send_message
    with urllib.request.urlopen(request, timeout=25) as response:
         ~~~~~~~~~~~~~~~~~~~~~~^^^^^^^^^^^^^^^^^^^^^
  File "urllib\request.py", line 187, in urlopen
  File "urllib\request.py", line 487, in open
  File "urllib\request.py", line 504, in _open
  File "urllib\request.py", line 464, in _call_chain
  File "urllib\request.py", line 1369, in https_open
  File "urllib\request.py", line 1324, in do_open
urllib.error.URLError: <urlopen error [WinError 10049] Требуемый адрес для своего контекста неверен>
2026-03-22 18:23:53,081 | ERROR | Telegram worker item processing failed: <urlopen error [WinError 10049] Требуемый адрес для своего контекста неверен>
Traceback (most recent call last):
  File "urllib\request.py", line 1321, in do_open
  File "http\client.py", line 1358, in request
  File "http\client.py", line 1404, in _send_request
  File "http\client.py", line 1353, in endheaders
  File "http\client.py", line 1113, in _send_output
  File "http\client.py", line 1057, in send
  File "http\client.py", line 1492, in connect
  File "http\client.py", line 1023, in connect
  File "socket.py", line 870, in create_connection
  File "socket.py", line 855, in create_connection
OSError: [WinError 10049] Требуемый адрес для своего контекста неверен

During handling of the above exception, another exception occurred:

Traceback (most recent call last):
  File "telegram_notifier.py", line 190, in run_worker_forever
    processed = worker.process_once()
  File "telegram_notifier.py", line 105, in process_once
    self._process_file(pending)
    ~~~~~~~~~~~~~~~~~~^^^^^^^^^
  File "telegram_notifier.py", line 121, in _process_file
    self._send_message(payload)
    ~~~~~~~~~~~~~~~~~~^^^^^^^^^
  File "telegram_notifier.py", line 134, in _send_message
    with urllib.request.urlopen(request, timeout=25) as response:
         ~~~~~~~~~~~~~~~~~~~~~~^^^^^^^^^^^^^^^^^^^^^
  File "urllib\request.py", line 187, in urlopen
  File "urllib\request.py", line 487, in open
  File "urllib\request.py", line 504, in _open
  File "urllib\request.py", line 464, in _call_chain
  File "urllib\request.py", line 1369, in https_open
  File "urllib\request.py", line 1324, in do_open
urllib.error.URLError: <urlopen error [WinError 10049] Требуемый адрес для своего контекста неверен>
2026-03-22 18:23:56,084 | ERROR | Telegram worker item processing failed: <urlopen error [WinError 10049] Требуемый адрес для своего контекста неверен>
Traceback (most recent call last):
  File "urllib\request.py", line 1321, in do_open
  File "http\client.py", line 1358, in request
  File "http\client.py", line 1404, in _send_request
  File "http\client.py", line 1353, in endheaders
  File "http\client.py", line 1113, in _send_output
  File "http\client.py", line 1057, in send
  File "http\client.py", line 1492, in connect
  File "http\client.py", line 1023, in connect
  File "socket.py", line 870, in create_connection
  File "socket.py", line 855, in create_connection
OSError: [WinError 10049] Требуемый адрес для своего контекста неверен

During handling of the above exception, another exception occurred:

Traceback (most recent call last):
  File "telegram_notifier.py", line 190, in run_worker_forever
    processed = worker.process_once()
  File "telegram_notifier.py", line 105, in process_once
    self._process_file(pending)
    ~~~~~~~~~~~~~~~~~~^^^^^^^^^
  File "telegram_notifier.py", line 119, in _process_file
    self._send_photo(payload)
    ~~~~~~~~~~~~~~~~^^^^^^^^^
  File "telegram_notifier.py", line 166, in _send_photo
    with urllib.request.urlopen(request, timeout=40) as response:
         ~~~~~~~~~~~~~~~~~~~~~~^^^^^^^^^^^^^^^^^^^^^
  File "urllib\request.py", line 187, in urlopen
  File "urllib\request.py", line 487, in open
  File "urllib\request.py", line 504, in _open
  File "urllib\request.py", line 464, in _call_chain
  File "urllib\request.py", line 1369, in https_open
  File "urllib\request.py", line 1324, in do_open
urllib.error.URLError: <urlopen error [WinError 10049] Требуемый адрес для своего контекста неверен>
2026-03-22 18:23:59,087 | ERROR | Telegram worker item processing failed: <urlopen error [WinError 10049] Требуемый адрес для своего контекста неверен>
Traceback (most recent call last):
  File "urllib\request.py", line 1321, in do_open
  File "http\client.py", line 1358, in request
  File "http\client.py", line 1404, in _send_request
  File "http\client.py", line 1353, in endheaders
  File "http\client.py", line 1113, in _send_output
  File "http\client.py", line 1057, in send
  File "http\client.py", line 1492, in connect
  File "http\client.py", line 1023, in connect
  File "socket.py", line 870, in create_connection
  File "socket.py", line 855, in create_connection
OSError: [WinError 10049] Требуемый адрес для своего контекста неверен

During handling of the above exception, another exception occurred:

Traceback (most recent call last):
  File "telegram_notifier.py", line 190, in run_worker_forever
    processed = worker.process_once()
  File "telegram_notifier.py", line 105, in process_once
    self._process_file(pending)
    ~~~~~~~~~~~~~~~~~~^^^^^^^^^
  File "telegram_notifier.py", line 121, in _process_file
    self._send_message(payload)
    ~~~~~~~~~~~~~~~~~~^^^^^^^^^
  File "telegram_notifier.py", line 134, in _send_message
    with urllib.request.urlopen(request, timeout=25) as response:
         ~~~~~~~~~~~~~~~~~~~~~~^^^^^^^^^^^^^^^^^^^^^
  File "urllib\request.py", line 187, in urlopen
  File "urllib\request.py", line 487, in open
  File "urllib\request.py", line 504, in _open
  File "urllib\request.py", line 464, in _call_chain
  File "urllib\request.py", line 1369, in https_open
  File "urllib\request.py", line 1324, in do_open
urllib.error.URLError: <urlopen error [WinError 10049] Требуемый адрес для своего контекста неверен>
2026-03-22 18:24:02,103 | ERROR | Telegram worker item processing failed: <urlopen error [WinError 10049] Требуемый адрес для своего контекста неверен>
Traceback (most recent call last):
  File "urllib\request.py", line 1321, in do_open
  File "http\client.py", line 1358, in request
  File "http\client.py", line 1404, in _send_request
  File "http\client.py", line 1353, in endheaders
  File "http\client.py", line 1113, in _send_output
  File "http\client.py", line 1057, in send
  File "http\client.py", line 1492, in connect
  File "http\client.py", line 1023, in connect
  File "socket.py", line 870, in create_connection
  File "socket.py", line 855, in create_connection
OSError: [WinError 10049] Требуемый адрес для своего контекста неверен

During handling of the above exception, another exception occurred:

Traceback (most recent call last):
  File "telegram_notifier.py", line 190, in run_worker_forever
    processed = worker.process_once()
  File "telegram_notifier.py", line 105, in process_once
    self._process_file(pending)
    ~~~~~~~~~~~~~~~~~~^^^^^^^^^
  File "telegram_notifier.py", line 121, in _process_file
    self._send_message(payload)
    ~~~~~~~~~~~~~~~~~~^^^^^^^^^
  File "telegram_notifier.py", line 134, in _send_message
    with urllib.request.urlopen(request, timeout=25) as response:
         ~~~~~~~~~~~~~~~~~~~~~~^^^^^^^^^^^^^^^^^^^^^
  File "urllib\request.py", line 187, in urlopen
  File "urllib\request.py", line 487, in open
  File "urllib\request.py", line 504, in _open
  File "urllib\request.py", line 464, in _call_chain
  File "urllib\request.py", line 1369, in https_open
  File "urllib\request.py", line 1324, in do_open
urllib.error.URLError: <urlopen error [WinError 10049] Требуемый адрес для своего контекста неверен>
2026-03-22 18:24:05,117 | ERROR | Telegram worker item processing failed: <urlopen error [WinError 10049] Требуемый адрес для своего контекста неверен>
Traceback (most recent call last):
  File "urllib\request.py", line 1321, in do_open
  File "http\client.py", line 1358, in request
  File "http\client.py", line 1404, in _send_request
  File "http\client.py", line 1353, in endheaders
  File "http\client.py", line 1113, in _send_output
  File "http\client.py", line 1057, in send
  File "http\client.py", line 1492, in connect
  File "http\client.py", line 1023, in connect
  File "socket.py", line 870, in create_connection
  File "socket.py", line 855, in create_connection
OSError: [WinError 10049] Требуемый адрес для своего контекста неверен

During handling of the above exception, another exception occurred:

Traceback (most recent call last):
  File "telegram_notifier.py", line 190, in run_worker_forever
    processed = worker.process_once()
  File "telegram_notifier.py", line 105, in process_once
    self._process_file(pending)
    ~~~~~~~~~~~~~~~~~~^^^^^^^^^
  File "telegram_notifier.py", line 119, in _process_file
    self._send_photo(payload)
    ~~~~~~~~~~~~~~~~^^^^^^^^^
  File "telegram_notifier.py", line 166, in _send_photo
    with urllib.request.urlopen(request, timeout=40) as response:
         ~~~~~~~~~~~~~~~~~~~~~~^^^^^^^^^^^^^^^^^^^^^
  File "urllib\request.py", line 187, in urlopen
  File "urllib\request.py", line 487, in open
  File "urllib\request.py", line 504, in _open
  File "urllib\request.py", line 464, in _call_chain
  File "urllib\request.py", line 1369, in https_open
  File "urllib\request.py", line 1324, in do_open
urllib.error.URLError: <urlopen error [WinError 10049] Требуемый адрес для своего контекста неверен>
2026-03-22 18:24:08,138 | ERROR | Telegram worker item processing failed: <urlopen error [WinError 10049] Требуемый адрес для своего контекста неверен>
Traceback (most recent call last):
  File "urllib\request.py", line 1321, in do_open
  File "http\client.py", line 1358, in request
  File "http\client.py", line 1404, in _send_request
  File "http\client.py", line 1353, in endheaders
  File "http\client.py", line 1113, in _send_output
  File "http\client.py", line 1057, in send
  File "http\client.py", line 1492, in connect
  File "http\client.py", line 1023, in connect
  File "socket.py", line 870, in create_connection
  File "socket.py", line 855, in create_connection
OSError: [WinError 10049] Требуемый адрес для своего контекста неверен

During handling of the above exception, another exception occurred:

Traceback (most recent call last):
  File "telegram_notifier.py", line 190, in run_worker_forever
    processed = worker.process_once()
  File "telegram_notifier.py", line 105, in process_once
    self._process_file(pending)
    ~~~~~~~~~~~~~~~~~~^^^^^^^^^
  File "telegram_notifier.py", line 119, in _process_file
    self._send_photo(payload)
    ~~~~~~~~~~~~~~~~^^^^^^^^^
  File "telegram_notifier.py", line 166, in _send_photo
    with urllib.request.urlopen(request, timeout=40) as response:
         ~~~~~~~~~~~~~~~~~~~~~~^^^^^^^^^^^^^^^^^^^^^
  File "urllib\request.py", line 187, in urlopen
  File "urllib\request.py", line 487, in open
  File "urllib\request.py", line 504, in _open
  File "urllib\request.py", line 464, in _call_chain
  File "urllib\request.py", line 1369, in https_open
  File "urllib\request.py", line 1324, in do_open
urllib.error.URLError: <urlopen error [WinError 10049] Требуемый адрес для своего контекста неверен>
2026-03-22 18:24:11,151 | ERROR | Telegram worker item processing failed: <urlopen error [WinError 10049] Требуемый адрес для своего контекста неверен>
Traceback (most recent call last):
  File "urllib\request.py", line 1321, in do_open
  File "http\client.py", line 1358, in request
  File "http\client.py", line 1404, in _send_request
  File "http\client.py", line 1353, in endheaders
  File "http\client.py", line 1113, in _send_output
  File "http\client.py", line 1057, in send
  File "http\client.py", line 1492, in connect
  File "http\client.py", line 1023, in connect
  File "socket.py", line 870, in create_connection
  File "socket.py", line 855, in create_connection
OSError: [WinError 10049] Требуемый адрес для своего контекста неверен

During handling of the above exception, another exception occurred:

Traceback (most recent call last):
  File "telegram_notifier.py", line 190, in run_worker_forever
    processed = worker.process_once()
  File "telegram_notifier.py", line 105, in process_once
    self._process_file(pending)
    ~~~~~~~~~~~~~~~~~~^^^^^^^^^
  File "telegram_notifier.py", line 121, in _process_file
    self._send_message(payload)
    ~~~~~~~~~~~~~~~~~~^^^^^^^^^
  File "telegram_notifier.py", line 134, in _send_message
    with urllib.request.urlopen(request, timeout=25) as response:
         ~~~~~~~~~~~~~~~~~~~~~~^^^^^^^^^^^^^^^^^^^^^
  File "urllib\request.py", line 187, in urlopen
  File "urllib\request.py", line 487, in open
  File "urllib\request.py", line 504, in _open
  File "urllib\request.py", line 464, in _call_chain
  File "urllib\request.py", line 1369, in https_open
  File "urllib\request.py", line 1324, in do_open
urllib.error.URLError: <urlopen error [WinError 10049] Требуемый адрес для своего контекста неверен>
2026-03-22 18:24:14,153 | ERROR | Telegram worker item processing failed: <urlopen error [WinError 10049] Требуемый адрес для своего контекста неверен>
Traceback (most recent call last):
  File "urllib\request.py", line 1321, in do_open
  File "http\client.py", line 1358, in request
  File "http\client.py", line 1404, in _send_request
  File "http\client.py", line 1353, in endheaders
  File "http\client.py", line 1113, in _send_output
  File "http\client.py", line 1057, in send
  File "http\client.py", line 1492, in connect
  File "http\client.py", line 1023, in connect
  File "socket.py", line 870, in create_connection
  File "socket.py", line 855, in create_connection
OSError: [WinError 10049] Требуемый адрес для своего контекста неверен

During handling of the above exception, another exception occurred:

Traceback (most recent call last):
  File "telegram_notifier.py", line 190, in run_worker_forever
    processed = worker.process_once()
  File "telegram_notifier.py", line 105, in process_once
    self._process_file(pending)
    ~~~~~~~~~~~~~~~~~~^^^^^^^^^
  File "telegram_notifier.py", line 121, in _process_file
    self._send_message(payload)
    ~~~~~~~~~~~~~~~~~~^^^^^^^^^
  File "telegram_notifier.py", line 134, in _send_message
    with urllib.request.urlopen(request, timeout=25) as response:
         ~~~~~~~~~~~~~~~~~~~~~~^^^^^^^^^^^^^^^^^^^^^
  File "urllib\request.py", line 187, in urlopen
  File "urllib\request.py", line 487, in open
  File "urllib\request.py", line 504, in _open
  File "urllib\request.py", line 464, in _call_chain
  File "urllib\request.py", line 1369, in https_open
  File "urllib\request.py", line 1324, in do_open
urllib.error.URLError: <urlopen error [WinError 10049] Требуемый адрес для своего контекста неверен>
2026-03-22 18:24:17,160 | ERROR | Telegram worker item processing failed: <urlopen error [WinError 10049] Требуемый адрес для своего контекста неверен>
Traceback (most recent call last):
  File "urllib\request.py", line 1321, in do_open
  File "http\client.py", line 1358, in request
  File "http\client.py", line 1404, in _send_request
  File "http\client.py", line 1353, in endheaders
  File "http\client.py", line 1113, in _send_output
  File "http\client.py", line 1057, in send
  File "http\client.py", line 1492, in connect
  File "http\client.py", line 1023, in connect
  File "socket.py", line 870, in create_connection
  File "socket.py", line 855, in create_connection
OSError: [WinError 10049] Требуемый адрес для своего контекста неверен

During handling of the above exception, another exception occurred:

Traceback (most recent call last):
  File "telegram_notifier.py", line 190, in run_worker_forever
    processed = worker.process_once()
  File "telegram_notifier.py", line 105, in process_once
    self._process_file(pending)
    ~~~~~~~~~~~~~~~~~~^^^^^^^^^
  File "telegram_notifier.py", line 119, in _process_file
    self._send_photo(payload)
    ~~~~~~~~~~~~~~~~^^^^^^^^^
  File "telegram_notifier.py", line 166, in _send_photo
    with urllib.request.urlopen(request, timeout=40) as response:
         ~~~~~~~~~~~~~~~~~~~~~~^^^^^^^^^^^^^^^^^^^^^
  File "urllib\request.py", line 187, in urlopen
  File "urllib\request.py", line 487, in open
  File "urllib\request.py", line 504, in _open
  File "urllib\request.py", line 464, in _call_chain
  File "urllib\request.py", line 1369, in https_open
  File "urllib\request.py", line 1324, in do_open
urllib.error.URLError: <urlopen error [WinError 10049] Требуемый адрес для своего контекста неверен>
2026-03-22 18:24:20,163 | ERROR | Telegram worker item processing failed: <urlopen error [WinError 10049] Требуемый адрес для своего контекста неверен>
Traceback (most recent call last):
  File "urllib\request.py", line 1321, in do_open
  File "http\client.py", line 1358, in request
  File "http\client.py", line 1404, in _send_request
  File "http\client.py", line 1353, in endheaders
  File "http\client.py", line 1113, in _send_output
  File "http\client.py", line 1057, in send
  File "http\client.py", line 1492, in connect
  File "http\client.py", line 1023, in connect
  File "socket.py", line 870, in create_connection
  File "socket.py", line 855, in create_connection
OSError: [WinError 10049] Требуемый адрес для своего контекста неверен

During handling of the above exception, another exception occurred:

Traceback (most recent call last):
  File "telegram_notifier.py", line 190, in run_worker_forever
    processed = worker.process_once()
  File "telegram_notifier.py", line 105, in process_once
    self._process_file(pending)
    ~~~~~~~~~~~~~~~~~~^^^^^^^^^
  File "telegram_notifier.py", line 119, in _process_file
    self._send_photo(payload)
    ~~~~~~~~~~~~~~~~^^^^^^^^^
  File "telegram_notifier.py", line 166, in _send_photo
    with urllib.request.urlopen(request, timeout=40) as response:
         ~~~~~~~~~~~~~~~~~~~~~~^^^^^^^^^^^^^^^^^^^^^
  File "urllib\request.py", line 187, in urlopen
  File "urllib\request.py", line 487, in open
  File "urllib\request.py", line 504, in _open
  File "urllib\request.py", line 464, in _call_chain
  File "urllib\request.py", line 1369, in https_open
  File "urllib\request.py", line 1324, in do_open
urllib.error.URLError: <urlopen error [WinError 10049] Требуемый адрес для своего контекста неверен>
2026-03-22 18:24:23,166 | ERROR | Telegram worker item processing failed: <urlopen error [WinError 10049] Требуемый адрес для своего контекста неверен>
Traceback (most recent call last):
  File "urllib\request.py", line 1321, in do_open
  File "http\client.py", line 1358, in request
  File "http\client.py", line 1404, in _send_request
  File "http\client.py", line 1353, in endheaders
  File "http\client.py", line 1113, in _send_output
  File "http\client.py", line 1057, in send
  File "http\client.py", line 1492, in connect
  File "http\client.py", line 1023, in connect
  File "socket.py", line 870, in create_connection
  File "socket.py", line 855, in create_connection
OSError: [WinError 10049] Требуемый адрес для своего контекста неверен

During handling of the above exception, another exception occurred:

Traceback (most recent call last):
  File "telegram_notifier.py", line 190, in run_worker_forever
    processed = worker.process_once()
  File "telegram_notifier.py", line 105, in process_once
    self._process_file(pending)
    ~~~~~~~~~~~~~~~~~~^^^^^^^^^
  File "telegram_notifier.py", line 121, in _process_file
    self._send_message(payload)
    ~~~~~~~~~~~~~~~~~~^^^^^^^^^
  File "telegram_notifier.py", line 134, in _send_message
    with urllib.request.urlopen(request, timeout=25) as response:
         ~~~~~~~~~~~~~~~~~~~~~~^^^^^^^^^^^^^^^^^^^^^
  File "urllib\request.py", line 187, in urlopen
  File "urllib\request.py", line 487, in open
  File "urllib\request.py", line 504, in _open
  File "urllib\request.py", line 464, in _call_chain
  File "urllib\request.py", line 1369, in https_open
  File "urllib\request.py", line 1324, in do_open
urllib.error.URLError: <urlopen error [WinError 10049] Требуемый адрес для своего контекста неверен>
2026-03-22 18:24:26,180 | ERROR | Telegram worker item processing failed: <urlopen error [WinError 10049] Требуемый адрес для своего контекста неверен>
Traceback (most recent call last):
  File "urllib\request.py", line 1321, in do_open
  File "http\client.py", line 1358, in request
  File "http\client.py", line 1404, in _send_request
  File "http\client.py", line 1353, in endheaders
  File "http\client.py", line 1113, in _send_output
  File "http\client.py", line 1057, in send
  File "http\client.py", line 1492, in connect
  File "http\client.py", line 1023, in connect
  File "socket.py", line 870, in create_connection
  File "socket.py", line 855, in create_connection
OSError: [WinError 10049] Требуемый адрес для своего контекста неверен

During handling of the above exception, another exception occurred:

Traceback (most recent call last):
  File "telegram_notifier.py", line 190, in run_worker_forever
    processed = worker.process_once()
  File "telegram_notifier.py", line 105, in process_once
    self._process_file(pending)
    ~~~~~~~~~~~~~~~~~~^^^^^^^^^
  File "telegram_notifier.py", line 121, in _process_file
    self._send_message(payload)
    ~~~~~~~~~~~~~~~~~~^^^^^^^^^
  File "telegram_notifier.py", line 134, in _send_message
    with urllib.request.urlopen(request, timeout=25) as response:
         ~~~~~~~~~~~~~~~~~~~~~~^^^^^^^^^^^^^^^^^^^^^
  File "urllib\request.py", line 187, in urlopen
  File "urllib\request.py", line 487, in open
  File "urllib\request.py", line 504, in _open
  File "urllib\request.py", line 464, in _call_chain
  File "urllib\request.py", line 1369, in https_open
  File "urllib\request.py", line 1324, in do_open
urllib.error.URLError: <urlopen error [WinError 10049] Требуемый адрес для своего контекста неверен>
2026-03-22 18:24:29,184 | ERROR | Telegram worker item processing failed: <urlopen error [WinError 10049] Требуемый адрес для своего контекста неверен>
Traceback (most recent call last):
  File "urllib\request.py", line 1321, in do_open
  File "http\client.py", line 1358, in request
  File "http\client.py", line 1404, in _send_request
  File "http\client.py", line 1353, in endheaders
  File "http\client.py", line 1113, in _send_output
  File "http\client.py", line 1057, in send
  File "http\client.py", line 1492, in connect
  File "http\client.py", line 1023, in connect
  File "socket.py", line 870, in create_connection
  File "socket.py", line 855, in create_connection
OSError: [WinError 10049] Требуемый адрес для своего контекста неверен

During handling of the above exception, another exception occurred:

Traceback (most recent call last):
  File "telegram_notifier.py", line 190, in run_worker_forever
    processed = worker.process_once()
  File "telegram_notifier.py", line 105, in process_once
    self._process_file(pending)
    ~~~~~~~~~~~~~~~~~~^^^^^^^^^
  File "telegram_notifier.py", line 119, in _process_file
    self._send_photo(payload)
    ~~~~~~~~~~~~~~~~^^^^^^^^^
  File "telegram_notifier.py", line 166, in _send_photo
    with urllib.request.urlopen(request, timeout=40) as response:
         ~~~~~~~~~~~~~~~~~~~~~~^^^^^^^^^^^^^^^^^^^^^
  File "urllib\request.py", line 187, in urlopen
  File "urllib\request.py", line 487, in open
  File "urllib\request.py", line 504, in _open
  File "urllib\request.py", line 464, in _call_chain
  File "urllib\request.py", line 1369, in https_open
  File "urllib\request.py", line 1324, in do_open
urllib.error.URLError: <urlopen error [WinError 10049] Требуемый адрес для своего контекста неверен>
2026-03-22 18:24:32,190 | ERROR | Telegram worker item processing failed: <urlopen error [WinError 10049] Требуемый адрес для своего контекста неверен>
Traceback (most recent call last):
  File "urllib\request.py", line 1321, in do_open
  File "http\client.py", line 1358, in request
  File "http\client.py", line 1404, in _send_request
  File "http\client.py", line 1353, in endheaders
  File "http\client.py", line 1113, in _send_output
  File "http\client.py", line 1057, in send
  File "http\client.py", line 1492, in connect
  File "http\client.py", line 1023, in connect
  File "socket.py", line 870, in create_connection
  File "socket.py", line 855, in create_connection
OSError: [WinError 10049] Требуемый адрес для своего контекста неверен

During handling of the above exception, another exception occurred:

Traceback (most recent call last):
  File "telegram_notifier.py", line 190, in run_worker_forever
    processed = worker.process_once()
  File "telegram_notifier.py", line 105, in process_once
    self._process_file(pending)
    ~~~~~~~~~~~~~~~~~~^^^^^^^^^
  File "telegram_notifier.py", line 121, in _process_file
    self._send_message(payload)
    ~~~~~~~~~~~~~~~~~~^^^^^^^^^
  File "telegram_notifier.py", line 134, in _send_message
    with urllib.request.urlopen(request, timeout=25) as response:
         ~~~~~~~~~~~~~~~~~~~~~~^^^^^^^^^^^^^^^^^^^^^
  File "urllib\request.py", line 187, in urlopen
  File "urllib\request.py", line 487, in open
  File "urllib\request.py", line 504, in _open
  File "urllib\request.py", line 464, in _call_chain
  File "urllib\request.py", line 1369, in https_open
  File "urllib\request.py", line 1324, in do_open
urllib.error.URLError: <urlopen error [WinError 10049] Требуемый адрес для своего контекста неверен>
2026-03-22 18:24:35,193 | ERROR | Telegram worker item processing failed: <urlopen error [WinError 10049] Требуемый адрес для своего контекста неверен>
Traceback (most recent call last):
  File "urllib\request.py", line 1321, in do_open
  File "http\client.py", line 1358, in request
  File "http\client.py", line 1404, in _send_request
  File "http\client.py", line 1353, in endheaders
  File "http\client.py", line 1113, in _send_output
  File "http\client.py", line 1057, in send
  File "http\client.py", line 1492, in connect
  File "http\client.py", line 1023, in connect
  File "socket.py", line 870, in create_connection
  File "socket.py", line 855, in create_connection
OSError: [WinError 10049] Требуемый адрес для своего контекста неверен

During handling of the above exception, another exception occurred:

Traceback (most recent call last):
  File "telegram_notifier.py", line 190, in run_worker_forever
    processed = worker.process_once()
  File "telegram_notifier.py", line 105, in process_once
    self._process_file(pending)
    ~~~~~~~~~~~~~~~~~~^^^^^^^^^
  File "telegram_notifier.py", line 121, in _process_file
    self._send_message(payload)
    ~~~~~~~~~~~~~~~~~~^^^^^^^^^
  File "telegram_notifier.py", line 134, in _send_message
    with urllib.request.urlopen(request, timeout=25) as response:
         ~~~~~~~~~~~~~~~~~~~~~~^^^^^^^^^^^^^^^^^^^^^
  File "urllib\request.py", line 187, in urlopen
  File "urllib\request.py", line 487, in open
  File "urllib\request.py", line 504, in _open
  File "urllib\request.py", line 464, in _call_chain
  File "urllib\request.py", line 1369, in https_open
  File "urllib\request.py", line 1324, in do_open
urllib.error.URLError: <urlopen error [WinError 10049] Требуемый адрес для своего контекста неверен>
2026-03-22 18:24:38,205 | ERROR | Telegram worker item processing failed: <urlopen error [WinError 10049] Требуемый адрес для своего контекста неверен>
Traceback (most recent call last):
  File "urllib\request.py", line 1321, in do_open
  File "http\client.py", line 1358, in request
  File "http\client.py", line 1404, in _send_request
  File "http\client.py", line 1353, in endheaders
  File "http\client.py", line 1113, in _send_output
  File "http\client.py", line 1057, in send
  File "http\client.py", line 1492, in connect
  File "http\client.py", line 1023, in connect
  File "socket.py", line 870, in create_connection
  File "socket.py", line 855, in create_connection
OSError: [WinError 10049] Требуемый адрес для своего контекста неверен

During handling of the above exception, another exception occurred:

Traceback (most recent call last):
  File "telegram_notifier.py", line 190, in run_worker_forever
    processed = worker.process_once()
  File "telegram_notifier.py", line 105, in process_once
    self._process_file(pending)
    ~~~~~~~~~~~~~~~~~~^^^^^^^^^
  File "telegram_notifier.py", line 119, in _process_file
    self._send_photo(payload)
    ~~~~~~~~~~~~~~~~^^^^^^^^^
  File "telegram_notifier.py", line 166, in _send_photo
    with urllib.request.urlopen(request, timeout=40) as response:
         ~~~~~~~~~~~~~~~~~~~~~~^^^^^^^^^^^^^^^^^^^^^
  File "urllib\request.py", line 187, in urlopen
  File "urllib\request.py", line 487, in open
  File "urllib\request.py", line 504, in _open
  File "urllib\request.py", line 464, in _call_chain
  File "urllib\request.py", line 1369, in https_open
  File "urllib\request.py", line 1324, in do_open
urllib.error.URLError: <urlopen error [WinError 10049] Требуемый адрес для своего контекста неверен>
2026-03-22 18:24:41,217 | ERROR | Telegram worker item processing failed: <urlopen error [WinError 10049] Требуемый адрес для своего контекста неверен>
Traceback (most recent call last):
  File "urllib\request.py", line 1321, in do_open
  File "http\client.py", line 1358, in request
  File "http\client.py", line 1404, in _send_request
  File "http\client.py", line 1353, in endheaders
  File "http\client.py", line 1113, in _send_output
  File "http\client.py", line 1057, in send
  File "http\client.py", line 1492, in connect
  File "http\client.py", line 1023, in connect
  File "socket.py", line 870, in create_connection
  File "socket.py", line 855, in create_connection
OSError: [WinError 10049] Требуемый адрес для своего контекста неверен

During handling of the above exception, another exception occurred:

Traceback (most recent call last):
  File "telegram_notifier.py", line 190, in run_worker_forever
    processed = worker.process_once()
  File "telegram_notifier.py", line 105, in process_once
    self._process_file(pending)
    ~~~~~~~~~~~~~~~~~~^^^^^^^^^
  File "telegram_notifier.py", line 121, in _process_file
    self._send_message(payload)
    ~~~~~~~~~~~~~~~~~~^^^^^^^^^
  File "telegram_notifier.py", line 134, in _send_message
    with urllib.request.urlopen(request, timeout=25) as response:
         ~~~~~~~~~~~~~~~~~~~~~~^^^^^^^^^^^^^^^^^^^^^
  File "urllib\request.py", line 187, in urlopen
  File "urllib\request.py", line 487, in open
  File "urllib\request.py", line 504, in _open
  File "urllib\request.py", line 464, in _call_chain
  File "urllib\request.py", line 1369, in https_open
  File "urllib\request.py", line 1324, in do_open
urllib.error.URLError: <urlopen error [WinError 10049] Требуемый адрес для своего контекста неверен>
2026-03-22 18:24:44,289 | ERROR | Telegram worker item processing failed: <urlopen error [WinError 10049] Требуемый адрес для своего контекста неверен>
Traceback (most recent call last):
  File "urllib\request.py", line 1321, in do_open
  File "http\client.py", line 1358, in request
  File "http\client.py", line 1404, in _send_request
  File "http\client.py", line 1353, in endheaders
  File "http\client.py", line 1113, in _send_output
  File "http\client.py", line 1057, in send
  File "http\client.py", line 1492, in connect
  File "http\client.py", line 1023, in connect
  File "socket.py", line 870, in create_connection
  File "socket.py", line 855, in create_connection
OSError: [WinError 10049] Требуемый адрес для своего контекста неверен

During handling of the above exception, another exception occurred:

Traceback (most recent call last):
  File "telegram_notifier.py", line 190, in run_worker_forever
    processed = worker.process_once()
  File "telegram_notifier.py", line 105, in process_once
    self._process_file(pending)
    ~~~~~~~~~~~~~~~~~~^^^^^^^^^
  File "telegram_notifier.py", line 121, in _process_file
    self._send_message(payload)
    ~~~~~~~~~~~~~~~~~~^^^^^^^^^
  File "telegram_notifier.py", line 134, in _send_message
    with urllib.request.urlopen(request, timeout=25) as response:
         ~~~~~~~~~~~~~~~~~~~~~~^^^^^^^^^^^^^^^^^^^^^
  File "urllib\request.py", line 187, in urlopen
  File "urllib\request.py", line 487, in open
  File "urllib\request.py", line 504, in _open
  File "urllib\request.py", line 464, in _call_chain
  File "urllib\request.py", line 1369, in https_open
  File "urllib\request.py", line 1324, in do_open
urllib.error.URLError: <urlopen error [WinError 10049] Требуемый адрес для своего контекста неверен>
2026-03-22 18:24:47,296 | ERROR | Telegram worker item processing failed: <urlopen error [WinError 10049] Требуемый адрес для своего контекста неверен>
Traceback (most recent call last):
  File "urllib\request.py", line 1321, in do_open
  File "http\client.py", line 1358, in request
  File "http\client.py", line 1404, in _send_request
  File "http\client.py", line 1353, in endheaders
  File "http\client.py", line 1113, in _send_output
  File "http\client.py", line 1057, in send
  File "http\client.py", line 1492, in connect
  File "http\client.py", line 1023, in connect
  File "socket.py", line 870, in create_connection
  File "socket.py", line 855, in create_connection
OSError: [WinError 10049] Требуемый адрес для своего контекста неверен

During handling of the above exception, another exception occurred:

Traceback (most recent call last):
  File "telegram_notifier.py", line 190, in run_worker_forever
    processed = worker.process_once()
  File "telegram_notifier.py", line 105, in process_once
    self._process_file(pending)
    ~~~~~~~~~~~~~~~~~~^^^^^^^^^
  File "telegram_notifier.py", line 119, in _process_file
    self._send_photo(payload)
    ~~~~~~~~~~~~~~~~^^^^^^^^^
  File "telegram_notifier.py", line 166, in _send_photo
    with urllib.request.urlopen(request, timeout=40) as response:
         ~~~~~~~~~~~~~~~~~~~~~~^^^^^^^^^^^^^^^^^^^^^
  File "urllib\request.py", line 187, in urlopen
  File "urllib\request.py", line 487, in open
  File "urllib\request.py", line 504, in _open
  File "urllib\request.py", line 464, in _call_chain
  File "urllib\request.py", line 1369, in https_open
  File "urllib\request.py", line 1324, in do_open
urllib.error.URLError: <urlopen error [WinError 10049] Требуемый адрес для своего контекста неверен>
2026-03-22 18:24:50,299 | ERROR | Telegram worker item processing failed: <urlopen error [WinError 10049] Требуемый адрес для своего контекста неверен>
Traceback (most recent call last):
  File "urllib\request.py", line 1321, in do_open
  File "http\client.py", line 1358, in request
  File "http\client.py", line 1404, in _send_request
  File "http\client.py", line 1353, in endheaders
  File "http\client.py", line 1113, in _send_output
  File "http\client.py", line 1057, in send
  File "http\client.py", line 1492, in connect
  File "http\client.py", line 1023, in connect
  File "socket.py", line 870, in create_connection
  File "socket.py", line 855, in create_connection
OSError: [WinError 10049] Требуемый адрес для своего контекста неверен

During handling of the above exception, another exception occurred:

Traceback (most recent call last):
  File "telegram_notifier.py", line 190, in run_worker_forever
    processed = worker.process_once()
  File "telegram_notifier.py", line 105, in process_once
    self._process_file(pending)
    ~~~~~~~~~~~~~~~~~~^^^^^^^^^
  File "telegram_notifier.py", line 121, in _process_file
    self._send_message(payload)
    ~~~~~~~~~~~~~~~~~~^^^^^^^^^
  File "telegram_notifier.py", line 134, in _send_message
    with urllib.request.urlopen(request, timeout=25) as response:
         ~~~~~~~~~~~~~~~~~~~~~~^^^^^^^^^^^^^^^^^^^^^
  File "urllib\request.py", line 187, in urlopen
  File "urllib\request.py", line 487, in open
  File "urllib\request.py", line 504, in _open
  File "urllib\request.py", line 464, in _call_chain
  File "urllib\request.py", line 1369, in https_open
  File "urllib\request.py", line 1324, in do_open
urllib.error.URLError: <urlopen error [WinError 10049] Требуемый адрес для своего контекста неверен>
2026-03-22 18:24:53,312 | ERROR | Telegram worker item processing failed: <urlopen error [WinError 10049] Требуемый адрес для своего контекста неверен>
Traceback (most recent call last):
  File "urllib\request.py", line 1321, in do_open
  File "http\client.py", line 1358, in request
  File "http\client.py", line 1404, in _send_request
  File "http\client.py", line 1353, in endheaders
  File "http\client.py", line 1113, in _send_output
  File "http\client.py", line 1057, in send
  File "http\client.py", line 1492, in connect
  File "http\client.py", line 1023, in connect
  File "socket.py", line 870, in create_connection
  File "socket.py", line 855, in create_connection
OSError: [WinError 10049] Требуемый адрес для своего контекста неверен

During handling of the above exception, another exception occurred:

Traceback (most recent call last):
  File "telegram_notifier.py", line 190, in run_worker_forever
    processed = worker.process_once()
  File "telegram_notifier.py", line 105, in process_once
    self._process_file(pending)
    ~~~~~~~~~~~~~~~~~~^^^^^^^^^
  File "telegram_notifier.py", line 121, in _process_file
    self._send_message(payload)
    ~~~~~~~~~~~~~~~~~~^^^^^^^^^
  File "telegram_notifier.py", line 134, in _send_message
    with urllib.request.urlopen(request, timeout=25) as response:
         ~~~~~~~~~~~~~~~~~~~~~~^^^^^^^^^^^^^^^^^^^^^
  File "urllib\request.py", line 187, in urlopen
  File "urllib\request.py", line 487, in open
  File "urllib\request.py", line 504, in _open
  File "urllib\request.py", line 464, in _call_chain
  File "urllib\request.py", line 1369, in https_open
  File "urllib\request.py", line 1324, in do_open
urllib.error.URLError: <urlopen error [WinError 10049] Требуемый адрес для своего контекста неверен>
2026-03-22 18:24:56,316 | ERROR | Telegram worker item processing failed: <urlopen error [WinError 10049] Требуемый адрес для своего контекста неверен>
Traceback (most recent call last):
  File "urllib\request.py", line 1321, in do_open
  File "http\client.py", line 1358, in request
  File "http\client.py", line 1404, in _send_request
  File "http\client.py", line 1353, in endheaders
  File "http\client.py", line 1113, in _send_output
  File "http\client.py", line 1057, in send
  File "http\client.py", line 1492, in connect
  File "http\client.py", line 1023, in connect
  File "socket.py", line 870, in create_connection
  File "socket.py", line 855, in create_connection
OSError: [WinError 10049] Требуемый адрес для своего контекста неверен

During handling of the above exception, another exception occurred:

Traceback (most recent call last):
  File "telegram_notifier.py", line 190, in run_worker_forever
    processed = worker.process_once()
  File "telegram_notifier.py", line 105, in process_once
    self._process_file(pending)
    ~~~~~~~~~~~~~~~~~~^^^^^^^^^
  File "telegram_notifier.py", line 119, in _process_file
    self._send_photo(payload)
    ~~~~~~~~~~~~~~~~^^^^^^^^^
  File "telegram_notifier.py", line 166, in _send_photo
    with urllib.request.urlopen(request, timeout=40) as response:
         ~~~~~~~~~~~~~~~~~~~~~~^^^^^^^^^^^^^^^^^^^^^
  File "urllib\request.py", line 187, in urlopen
  File "urllib\request.py", line 487, in open
  File "urllib\request.py", line 504, in _open
  File "urllib\request.py", line 464, in _call_chain
  File "urllib\request.py", line 1369, in https_open
  File "urllib\request.py", line 1324, in do_open
urllib.error.URLError: <urlopen error [WinError 10049] Требуемый адрес для своего контекста неверен>
2026-03-22 18:24:59,318 | ERROR | Telegram worker item processing failed: <urlopen error [WinError 10049] Требуемый адрес для своего контекста неверен>
Traceback (most recent call last):
  File "urllib\request.py", line 1321, in do_open
  File "http\client.py", line 1358, in request
  File "http\client.py", line 1404, in _send_request
  File "http\client.py", line 1353, in endheaders
  File "http\client.py", line 1113, in _send_output
  File "http\client.py", line 1057, in send
  File "http\client.py", line 1492, in connect
  File "http\client.py", line 1023, in connect
  File "socket.py", line 870, in create_connection
  File "socket.py", line 855, in create_connection
OSError: [WinError 10049] Требуемый адрес для своего контекста неверен

During handling of the above exception, another exception occurred:

Traceback (most recent call last):
  File "telegram_notifier.py", line 190, in run_worker_forever
    processed = worker.process_once()
  File "telegram_notifier.py", line 105, in process_once
    self._process_file(pending)
    ~~~~~~~~~~~~~~~~~~^^^^^^^^^
  File "telegram_notifier.py", line 121, in _process_file
    self._send_message(payload)
    ~~~~~~~~~~~~~~~~~~^^^^^^^^^
  File "telegram_notifier.py", line 134, in _send_message
    with urllib.request.urlopen(request, timeout=25) as response:
         ~~~~~~~~~~~~~~~~~~~~~~^^^^^^^^^^^^^^^^^^^^^
  File "urllib\request.py", line 187, in urlopen
  File "urllib\request.py", line 487, in open
  File "urllib\request.py", line 504, in _open
  File "urllib\request.py", line 464, in _call_chain
  File "urllib\request.py", line 1369, in https_open
  File "urllib\request.py", line 1324, in do_open
urllib.error.URLError: <urlopen error [WinError 10049] Требуемый адрес для своего контекста неверен>
2026-03-22 18:25:02,326 | ERROR | Telegram worker item processing failed: <urlopen error [WinError 10049] Требуемый адрес для своего контекста неверен>
Traceback (most recent call last):
  File "urllib\request.py", line 1321, in do_open
  File "http\client.py", line 1358, in request
  File "http\client.py", line 1404, in _send_request
  File "http\client.py", line 1353, in endheaders
  File "http\client.py", line 1113, in _send_output
  File "http\client.py", line 1057, in send
  File "http\client.py", line 1492, in connect
  File "http\client.py", line 1023, in connect
  File "socket.py", line 870, in create_connection
  File "socket.py", line 855, in create_connection
OSError: [WinError 10049] Требуемый адрес для своего контекста неверен

During handling of the above exception, another exception occurred:

Traceback (most recent call last):
  File "telegram_notifier.py", line 190, in run_worker_forever
    processed = worker.process_once()
  File "telegram_notifier.py", line 105, in process_once
    self._process_file(pending)
    ~~~~~~~~~~~~~~~~~~^^^^^^^^^
  File "telegram_notifier.py", line 121, in _process_file
    self._send_message(payload)
    ~~~~~~~~~~~~~~~~~~^^^^^^^^^
  File "telegram_notifier.py", line 134, in _send_message
    with urllib.request.urlopen(request, timeout=25) as response:
         ~~~~~~~~~~~~~~~~~~~~~~^^^^^^^^^^^^^^^^^^^^^
  File "urllib\request.py", line 187, in urlopen
  File "urllib\request.py", line 487, in open
  File "urllib\request.py", line 504, in _open
  File "urllib\request.py", line 464, in _call_chain
  File "urllib\request.py", line 1369, in https_open
  File "urllib\request.py", line 1324, in do_open
urllib.error.URLError: <urlopen error [WinError 10049] Требуемый адрес для своего контекста неверен>
2026-03-22 18:25:05,339 | ERROR | Telegram worker item processing failed: <urlopen error [WinError 10049] Требуемый адрес для своего контекста неверен>
Traceback (most recent call last):
  File "urllib\request.py", line 1321, in do_open
  File "http\client.py", line 1358, in request
  File "http\client.py", line 1404, in _send_request
  File "http\client.py", line 1353, in endheaders
  File "http\client.py", line 1113, in _send_output
  File "http\client.py", line 1057, in send
  File "http\client.py", line 1492, in connect
  File "http\client.py", line 1023, in connect
  File "socket.py", line 870, in create_connection
  File "socket.py", line 855, in create_connection
OSError: [WinError 10049] Требуемый адрес для своего контекста неверен

During handling of the above exception, another exception occurred:

Traceback (most recent call last):
  File "telegram_notifier.py", line 190, in run_worker_forever
    processed = worker.process_once()
  File "telegram_notifier.py", line 105, in process_once
    self._process_file(pending)
    ~~~~~~~~~~~~~~~~~~^^^^^^^^^
  File "telegram_notifier.py", line 119, in _process_file
    self._send_photo(payload)
    ~~~~~~~~~~~~~~~~^^^^^^^^^
  File "telegram_notifier.py", line 166, in _send_photo
    with urllib.request.urlopen(request, timeout=40) as response:
         ~~~~~~~~~~~~~~~~~~~~~~^^^^^^^^^^^^^^^^^^^^^
  File "urllib\request.py", line 187, in urlopen
  File "urllib\request.py", line 487, in open
  File "urllib\request.py", line 504, in _open
  File "urllib\request.py", line 464, in _call_chain
  File "urllib\request.py", line 1369, in https_open
  File "urllib\request.py", line 1324, in do_open
urllib.error.URLError: <urlopen error [WinError 10049] Требуемый адрес для своего контекста неверен>
2026-03-22 18:25:08,342 | ERROR | Telegram worker item processing failed: <urlopen error [WinError 10049] Требуемый адрес для своего контекста неверен>
Traceback (most recent call last):
  File "urllib\request.py", line 1321, in do_open
  File "http\client.py", line 1358, in request
  File "http\client.py", line 1404, in _send_request
  File "http\client.py", line 1353, in endheaders
  File "http\client.py", line 1113, in _send_output
  File "http\client.py", line 1057, in send
  File "http\client.py", line 1492, in connect
  File "http\client.py", line 1023, in connect
  File "socket.py", line 870, in create_connection
  File "socket.py", line 855, in create_connection
OSError: [WinError 10049] Требуемый адрес для своего контекста неверен

During handling of the above exception, another exception occurred:

Traceback (most recent call last):
  File "telegram_notifier.py", line 190, in run_worker_forever
    processed = worker.process_once()
  File "telegram_notifier.py", line 105, in process_once
    self._process_file(pending)
    ~~~~~~~~~~~~~~~~~~^^^^^^^^^
  File "telegram_notifier.py", line 121, in _process_file
    self._send_message(payload)
    ~~~~~~~~~~~~~~~~~~^^^^^^^^^
  File "telegram_notifier.py", line 134, in _send_message
    with urllib.request.urlopen(request, timeout=25) as response:
         ~~~~~~~~~~~~~~~~~~~~~~^^^^^^^^^^^^^^^^^^^^^
  File "urllib\request.py", line 187, in urlopen
  File "urllib\request.py", line 487, in open
  File "urllib\request.py", line 504, in _open
  File "urllib\request.py", line 464, in _call_chain
  File "urllib\request.py", line 1369, in https_open
  File "urllib\request.py", line 1324, in do_open
urllib.error.URLError: <urlopen error [WinError 10049] Требуемый адрес для своего контекста неверен>
2026-03-22 18:25:11,345 | ERROR | Telegram worker item processing failed: <urlopen error [WinError 10049] Требуемый адрес для своего контекста неверен>
Traceback (most recent call last):
  File "urllib\request.py", line 1321, in do_open
  File "http\client.py", line 1358, in request
  File "http\client.py", line 1404, in _send_request
  File "http\client.py", line 1353, in endheaders
  File "http\client.py", line 1113, in _send_output
  File "http\client.py", line 1057, in send
  File "http\client.py", line 1492, in connect
  File "http\client.py", line 1023, in connect
  File "socket.py", line 870, in create_connection
  File "socket.py", line 855, in create_connection
OSError: [WinError 10049] Требуемый адрес для своего контекста неверен

During handling of the above exception, another exception occurred:

Traceback (most recent call last):
  File "telegram_notifier.py", line 190, in run_worker_forever
    processed = worker.process_once()
  File "telegram_notifier.py", line 105, in process_once
    self._process_file(pending)
    ~~~~~~~~~~~~~~~~~~^^^^^^^^^
  File "telegram_notifier.py", line 121, in _process_file
    self._send_message(payload)
    ~~~~~~~~~~~~~~~~~~^^^^^^^^^
  File "telegram_notifier.py", line 134, in _send_message
    with urllib.request.urlopen(request, timeout=25) as response:
         ~~~~~~~~~~~~~~~~~~~~~~^^^^^^^^^^^^^^^^^^^^^
  File "urllib\request.py", line 187, in urlopen
  File "urllib\request.py", line 487, in open
  File "urllib\request.py", line 504, in _open
  File "urllib\request.py", line 464, in _call_chain
  File "urllib\request.py", line 1369, in https_open
  File "urllib\request.py", line 1324, in do_open
urllib.error.URLError: <urlopen error [WinError 10049] Требуемый адрес для своего контекста неверен>
2026-03-22 18:25:14,348 | ERROR | Telegram worker item processing failed: <urlopen error [WinError 10049] Требуемый адрес для своего контекста неверен>
Traceback (most recent call last):
  File "urllib\request.py", line 1321, in do_open
  File "http\client.py", line 1358, in request
  File "http\client.py", line 1404, in _send_request
  File "http\client.py", line 1353, in endheaders
  File "http\client.py", line 1113, in _send_output
  File "http\client.py", line 1057, in send
  File "http\client.py", line 1492, in connect
  File "http\client.py", line 1023, in connect
  File "socket.py", line 870, in create_connection
  File "socket.py", line 855, in create_connection
OSError: [WinError 10049] Требуемый адрес для своего контекста неверен

During handling of the above exception, another exception occurred:

Traceback (most recent call last):
  File "telegram_notifier.py", line 190, in run_worker_forever
    processed = worker.process_once()
  File "telegram_notifier.py", line 105, in process_once
    self._process_file(pending)
    ~~~~~~~~~~~~~~~~~~^^^^^^^^^
  File "telegram_notifier.py", line 119, in _process_file
    self._send_photo(payload)
    ~~~~~~~~~~~~~~~~^^^^^^^^^
  File "telegram_notifier.py", line 166, in _send_photo
    with urllib.request.urlopen(request, timeout=40) as response:
         ~~~~~~~~~~~~~~~~~~~~~~^^^^^^^^^^^^^^^^^^^^^
  File "urllib\request.py", line 187, in urlopen
  File "urllib\request.py", line 487, in open
  File "urllib\request.py", line 504, in _open
  File "urllib\request.py", line 464, in _call_chain
  File "urllib\request.py", line 1369, in https_open
  File "urllib\request.py", line 1324, in do_open
urllib.error.URLError: <urlopen error [WinError 10049] Требуемый адрес для своего контекста неверен>
2026-03-22 18:25:17,355 | ERROR | Telegram worker item processing failed: <urlopen error [WinError 10049] Требуемый адрес для своего контекста неверен>
Traceback (most recent call last):
  File "urllib\request.py", line 1321, in do_open
  File "http\client.py", line 1358, in request
  File "http\client.py", line 1404, in _send_request
  File "http\client.py", line 1353, in endheaders
  File "http\client.py", line 1113, in _send_output
  File "http\client.py", line 1057, in send
  File "http\client.py", line 1492, in connect
  File "http\client.py", line 1023, in connect
  File "socket.py", line 870, in create_connection
  File "socket.py", line 855, in create_connection
OSError: [WinError 10049] Требуемый адрес для своего контекста неверен

During handling of the above exception, another exception occurred:

Traceback (most recent call last):
  File "telegram_notifier.py", line 190, in run_worker_forever
    processed = worker.process_once()
  File "telegram_notifier.py", line 105, in process_once
    self._process_file(pending)
    ~~~~~~~~~~~~~~~~~~^^^^^^^^^
  File "telegram_notifier.py", line 119, in _process_file
    self._send_photo(payload)
    ~~~~~~~~~~~~~~~~^^^^^^^^^
  File "telegram_notifier.py", line 166, in _send_photo
    with urllib.request.urlopen(request, timeout=40) as response:
         ~~~~~~~~~~~~~~~~~~~~~~^^^^^^^^^^^^^^^^^^^^^
  File "urllib\request.py", line 187, in urlopen
  File "urllib\request.py", line 487, in open
  File "urllib\request.py", line 504, in _open
  File "urllib\request.py", line 464, in _call_chain
  File "urllib\request.py", line 1369, in https_open
  File "urllib\request.py", line 1324, in do_open
urllib.error.URLError: <urlopen error [WinError 10049] Требуемый адрес для своего контекста неверен>
2026-03-22 18:25:20,368 | ERROR | Telegram worker item processing failed: <urlopen error [WinError 10049] Требуемый адрес для своего контекста неверен>
Traceback (most recent call last):
  File "urllib\request.py", line 1321, in do_open
  File "http\client.py", line 1358, in request
  File "http\client.py", line 1404, in _send_request
  File "http\client.py", line 1353, in endheaders
  File "http\client.py", line 1113, in _send_output
  File "http\client.py", line 1057, in send
  File "http\client.py", line 1492, in connect
  File "http\client.py", line 1023, in connect
  File "socket.py", line 870, in create_connection
  File "socket.py", line 855, in create_connection
OSError: [WinError 10049] Требуемый адрес для своего контекста неверен

During handling of the above exception, another exception occurred:

Traceback (most recent call last):
  File "telegram_notifier.py", line 190, in run_worker_forever
    processed = worker.process_once()
  File "telegram_notifier.py", line 105, in process_once
    self._process_file(pending)
    ~~~~~~~~~~~~~~~~~~^^^^^^^^^
  File "telegram_notifier.py", line 119, in _process_file
    self._send_photo(payload)
    ~~~~~~~~~~~~~~~~^^^^^^^^^
  File "telegram_notifier.py", line 166, in _send_photo
    with urllib.request.urlopen(request, timeout=40) as response:
         ~~~~~~~~~~~~~~~~~~~~~~^^^^^^^^^^^^^^^^^^^^^
  File "urllib\request.py", line 187, in urlopen
  File "urllib\request.py", line 487, in open
  File "urllib\request.py", line 504, in _open
  File "urllib\request.py", line 464, in _call_chain
  File "urllib\request.py", line 1369, in https_open
  File "urllib\request.py", line 1324, in do_open
urllib.error.URLError: <urlopen error [WinError 10049] Требуемый адрес для своего контекста неверен>
