2026-03-16 15:36:06,760 | INFO | HTTP Request: GET https://www.okx.com/api/v5/public/instruments?instType=SWAP "HTTP/2 200 OK"
2026-03-16 15:36:06,789 | INFO | Loaded 115 swap instruments
2026-03-16 15:36:07,132 | INFO | HTTP Request: GET https://www.okx.com/api/v5/account/positions?instType=SWAP "HTTP/2 200 OK"
2026-03-16 15:36:07,188 | INFO | HTTP Request: GET https://www.okx.com/api/v5/account/balance "HTTP/2 200 OK"
2026-03-16 15:36:07,234 | INFO | HTTP Request: GET https://www.okx.com/api/v5/market/ticker?instId=1INCH-USDT-SWAP "HTTP/2 200 OK"
2026-03-16 15:36:07,506 | INFO | HTTP Request: GET https://www.okx.com/api/v5/market/candles?instId=XAG-USDT-SWAP&bar=5m&limit=26 "HTTP/2 200 OK"
2026-03-16 15:36:07,600 | INFO | HTTP Request: GET https://www.okx.com/api/v5/market/candles?instId=1INCH-USDT-SWAP&bar=5m&limit=89 "HTTP/2 200 OK"
2026-03-16 15:36:07,901 | INFO | HTTP Request: GET https://www.okx.com/api/v5/market/candles?instId=ICP-USDT-SWAP&bar=5m&limit=26 "HTTP/2 200 OK"
2026-03-16 15:36:08,130 | INFO | HTTP Request: GET https://www.okx.com/api/v5/market/ticker?instId=2Z-USDT-SWAP "HTTP/2 200 OK"
2026-03-16 15:36:08,302 | INFO | HTTP Request: GET https://www.okx.com/api/v5/market/candles?instId=BAND-USDT-SWAP&bar=5m&limit=26 "HTTP/2 200 OK"
2026-03-16 15:36:08,512 | INFO | HTTP Request: GET https://www.okx.com/api/v5/market/candles?instId=2Z-USDT-SWAP&bar=5m&limit=89 "HTTP/2 200 OK"
2026-03-16 15:36:08,708 | INFO | HTTP Request: GET https://www.okx.com/api/v5/market/candles?instId=BREV-USDT-SWAP&bar=5m&limit=26 "HTTP/2 200 OK"
2026-03-16 15:36:08,713 | INFO | HTTP Request: GET https://www.okx.com/api/v5/market/candles?instId=BTC-USDT-SWAP&bar=5m&limit=64 "HTTP/2 200 OK"
2026-03-16 15:36:09,032 | INFO | HTTP Request: GET https://www.okx.com/api/v5/market/ticker?instId=A-USDT-SWAP "HTTP/2 200 OK"
2026-03-16 15:36:09,135 | INFO | HTTP Request: GET https://www.okx.com/api/v5/market/candles?instId=A-USDT-SWAP&bar=5m&limit=71 "HTTP/2 200 OK"
2026-03-16 15:36:09,420 | INFO | HTTP Request: GET https://www.okx.com/api/v5/market/candles?instId=A-USDT-SWAP&bar=5m&limit=89 "HTTP/2 200 OK"
2026-03-16 15:36:09,510 | INFO | HTTP Request: GET https://www.okx.com/api/v5/market/candles?instId=AAVE-USDT-SWAP&bar=5m&limit=71 "HTTP/2 200 OK"
2026-03-16 15:36:09,933 | INFO | HTTP Request: GET https://www.okx.com/api/v5/market/ticker?instId=AAVE-USDT-SWAP "HTTP/2 200 OK"
2026-03-16 15:36:10,010 | INFO | HTTP Request: GET https://www.okx.com/api/v5/market/candles?instId=ACT-USDT-SWAP&bar=5m&limit=71 "HTTP/2 200 OK"
2026-03-16 15:36:10,430 | INFO | HTTP Request: GET https://www.okx.com/api/v5/market/candles?instId=ADA-USDT-SWAP&bar=5m&limit=71 "HTTP/2 200 OK"
2026-03-16 15:36:10,448 | INFO | HTTP Request: GET https://www.okx.com/api/v5/market/ticker?instId=ACT-USDT-SWAP "HTTP/2 200 OK"
2026-03-16 15:36:10,829 | INFO | HTTP Request: GET https://www.okx.com/api/v5/market/candles?instId=AI16Z-USDT-SWAP&bar=5m&limit=71 "HTTP/2 200 OK"
2026-03-16 15:36:10,948 | INFO | HTTP Request: GET https://www.okx.com/api/v5/market/ticker?instId=ADA-USDT-SWAP "HTTP/2 200 OK"
2026-03-16 15:36:11,239 | INFO | HTTP Request: GET https://www.okx.com/api/v5/market/candles?instId=AKITA-USDT-SWAP&bar=5m&limit=71 "HTTP/2 200 OK"
2026-03-16 15:36:11,453 | INFO | HTTP Request: GET https://www.okx.com/api/v5/market/ticker?instId=AI16Z-USDT-SWAP "HTTP/2 200 OK"
2026-03-16 15:36:11,644 | INFO | HTTP Request: GET https://www.okx.com/api/v5/market/candles?instId=ALGO-USDT-SWAP&bar=5m&limit=71 "HTTP/2 200 OK"
2026-03-16 15:36:11,974 | INFO | HTTP Request: GET https://www.okx.com/api/v5/market/ticker?instId=AKITA-USDT-SWAP "HTTP/2 200 OK"
2026-03-16 15:36:12,043 | INFO | HTTP Request: GET https://www.okx.com/api/v5/market/candles?instId=ARB-USDT-SWAP&bar=5m&limit=71 "HTTP/2 200 OK"
2026-03-16 15:36:12,447 | INFO | HTTP Request: GET https://www.okx.com/api/v5/market/ticker?instId=ARB-USDT-SWAP "HTTP/2 200 OK"
2026-03-16 15:36:12,462 | INFO | HTTP Request: GET https://www.okx.com/api/v5/market/ticker?instId=ALGO-USDT-SWAP "HTTP/2 200 OK"
2026-03-16 15:36:12,497 | INFO | ARB-USDT-SWAP: Turtle 55 short-сигнал отклонён (закрытие не удержалось ниже канала)
2026-03-16 15:36:12,508 | INFO | ARB-USDT-SWAP: Turtle 20 short-сигнал отклонён (закрытие не удержалось ниже канала)
2026-03-16 15:36:12,546 | INFO | HTTP Request: GET https://www.okx.com/api/v5/account/balance "HTTP/2 200 OK"
2026-03-16 15:36:12,882 | INFO | HTTP Request: GET https://www.okx.com/api/v5/market/candles?instId=ASP-USDT-SWAP&bar=5m&limit=71 "HTTP/2 200 OK"
2026-03-16 15:36:13,101 | INFO | HTTP Request: GET https://www.okx.com/api/v5/market/ticker?instId=ASP-USDT-SWAP "HTTP/2 200 OK"
2026-03-16 15:36:13,245 | INFO | HTTP Request: GET https://www.okx.com/api/v5/market/candles?instId=ASTER-USDT-SWAP&bar=5m&limit=71 "HTTP/2 200 OK"
2026-03-16 15:36:13,477 | INFO | HTTP Request: GET https://www.okx.com/api/v5/market/candles?instId=ASP-USDT-SWAP&bar=5m&limit=89 "HTTP/2 200 OK"
2026-03-16 15:36:13,609 | INFO | HTTP Request: GET https://www.okx.com/api/v5/market/candles?instId=ATOM-USDT-SWAP&bar=5m&limit=71 "HTTP/2 200 OK"
2026-03-16 15:36:13,968 | INFO | HTTP Request: GET https://www.okx.com/api/v5/market/ticker?instId=ASTER-USDT-SWAP "HTTP/2 200 OK"
2026-03-16 15:36:13,979 | INFO | HTTP Request: GET https://www.okx.com/api/v5/market/candles?instId=AUCTION-USDT-SWAP&bar=5m&limit=71 "HTTP/2 200 OK"
2026-03-16 15:36:14,386 | INFO | HTTP Request: GET https://www.okx.com/api/v5/market/candles?instId=AVAX-USDT-SWAP&bar=5m&limit=71 "HTTP/2 200 OK"
2026-03-16 15:36:14,501 | INFO | HTTP Request: GET https://www.okx.com/api/v5/market/ticker?instId=ATOM-USDT-SWAP "HTTP/2 200 OK"
2026-03-16 15:36:14,790 | INFO | HTTP Request: GET https://www.okx.com/api/v5/market/ticker?instId=AVAX-USDT-SWAP "HTTP/2 200 OK"
2026-03-16 15:36:14,838 | INFO | AVAX-USDT-SWAP: Turtle 20 long-сигнал отклонён (закрытие не удержалось выше канала)
2026-03-16 15:36:14,970 | INFO | HTTP Request: GET https://www.okx.com/api/v5/market/candles?instId=BTC-USDT-SWAP&bar=5m&limit=64 "HTTP/2 200 OK"
2026-03-16 15:36:15,019 | INFO | HTTP Request: GET https://www.okx.com/api/v5/market/ticker?instId=AUCTION-USDT-SWAP "HTTP/2 200 OK"
2026-03-16 15:36:15,207 | INFO | HTTP Request: GET https://www.okx.com/api/v5/market/candles?instId=AXS-USDT-SWAP&bar=5m&limit=71 "HTTP/2 200 OK"
2026-03-16 15:36:15,611 | INFO | HTTP Request: GET https://www.okx.com/api/v5/market/candles?instId=BCH-USDT-SWAP&bar=5m&limit=71 "HTTP/2 200 OK"
2026-03-16 15:36:15,634 | INFO | HTTP Request: GET https://www.okx.com/api/v5/market/ticker?instId=AXS-USDT-SWAP "HTTP/2 200 OK"
2026-03-16 15:36:16,003 | INFO | HTTP Request: GET https://www.okx.com/api/v5/market/candles?instId=BIO-USDT-SWAP&bar=5m&limit=71 "HTTP/2 200 OK"
2026-03-16 15:36:16,122 | INFO | HTTP Request: GET https://www.okx.com/api/v5/market/ticker?instId=BAND-USDT-SWAP "HTTP/2 200 OK"
2026-03-16 15:36:16,399 | INFO | HTTP Request: GET https://www.okx.com/api/v5/market/candles?instId=BLUAI-USDT-SWAP&bar=5m&limit=71 "HTTP/2 200 OK"
2026-03-16 15:36:16,638 | INFO | HTTP Request: GET https://www.okx.com/api/v5/market/ticker?instId=BCH-USDT-SWAP "HTTP/2 200 OK"
2026-03-16 15:36:16,805 | INFO | HTTP Request: GET https://www.okx.com/api/v5/market/candles?instId=BNB-USDT-SWAP&bar=5m&limit=71 "HTTP/2 200 OK"
2026-03-16 15:36:17,127 | INFO | HTTP Request: GET https://www.okx.com/api/v5/market/ticker?instId=BIO-USDT-SWAP "HTTP/2 200 OK"
2026-03-16 15:36:17,232 | INFO | HTTP Request: GET https://www.okx.com/api/v5/market/candles?instId=BOME-USDT-SWAP&bar=5m&limit=71 "HTTP/2 200 OK"
2026-03-16 15:36:17,618 | INFO | HTTP Request: GET https://www.okx.com/api/v5/market/candles?instId=BRETT-USDT-SWAP&bar=5m&limit=71 "HTTP/2 200 OK"
2026-03-16 15:36:17,637 | INFO | HTTP Request: GET https://www.okx.com/api/v5/market/ticker?instId=BLUAI-USDT-SWAP "HTTP/2 200 OK"
2026-03-16 15:36:17,937 | INFO | HTTP Request: GET https://www.okx.com/api/v5/account/balance "HTTP/2 200 OK"
2026-03-16 15:36:18,036 | INFO | HTTP Request: GET https://www.okx.com/api/v5/market/candles?instId=BTC-USDT-SWAP&bar=5m&limit=71 "HTTP/2 200 OK"
2026-03-16 15:36:18,154 | INFO | HTTP Request: GET https://www.okx.com/api/v5/market/ticker?instId=BNB-USDT-SWAP "HTTP/2 200 OK"
2026-03-16 15:36:18,436 | INFO | HTTP Request: GET https://www.okx.com/api/v5/market/candles?instId=CAT-USDT-SWAP&bar=5m&limit=71 "HTTP/2 200 OK"
2026-03-16 15:36:18,671 | INFO | HTTP Request: GET https://www.okx.com/api/v5/market/ticker?instId=BOME-USDT-SWAP "HTTP/2 200 OK"
2026-03-16 15:36:18,843 | INFO | HTTP Request: GET https://www.okx.com/api/v5/market/candles?instId=CATI-USDT-SWAP&bar=5m&limit=71 "HTTP/2 200 OK"
2026-03-16 15:36:19,176 | INFO | HTTP Request: GET https://www.okx.com/api/v5/market/ticker?instId=BRETT-USDT-SWAP "HTTP/2 200 OK"
2026-03-16 15:36:19,242 | INFO | HTTP Request: GET https://www.okx.com/api/v5/market/candles?instId=CELO-USDT-SWAP&bar=5m&limit=71 "HTTP/2 200 OK"
2026-03-16 15:36:19,598 | INFO | HTTP Request: GET https://www.okx.com/api/v5/market/candles?instId=CFX-USDT-SWAP&bar=5m&limit=71 "HTTP/2 200 OK"
2026-03-16 15:36:19,677 | INFO | HTTP Request: GET https://www.okx.com/api/v5/market/ticker?instId=BREV-USDT-SWAP "HTTP/2 200 OK"
2026-03-16 15:36:20,016 | INFO | HTTP Request: GET https://www.okx.com/api/v5/market/candles?instId=CHZ-USDT-SWAP&bar=5m&limit=71 "HTTP/2 200 OK"
2026-03-16 15:36:20,164 | INFO | HTTP Request: GET https://www.okx.com/api/v5/market/ticker?instId=BTC-USDT-SWAP "HTTP/2 200 OK"
2026-03-16 15:36:20,384 | INFO | HTTP Request: GET https://www.okx.com/api/v5/market/candles?instId=COAI-USDT-SWAP&bar=5m&limit=71 "HTTP/2 200 OK"
2026-03-16 15:36:20,657 | INFO | HTTP Request: GET https://www.okx.com/api/v5/market/ticker?instId=CAT-USDT-SWAP "HTTP/2 200 OK"
2026-03-16 15:36:20,749 | INFO | HTTP Request: GET https://www.okx.com/api/v5/market/candles?instId=COMP-USDT-SWAP&bar=5m&limit=71 "HTTP/2 200 OK"
2026-03-16 15:36:21,172 | INFO | HTTP Request: GET https://www.okx.com/api/v5/market/candles?instId=CRO-USDT-SWAP&bar=5m&limit=71 "HTTP/2 200 OK"
2026-03-16 15:36:21,172 | INFO | HTTP Request: GET https://www.okx.com/api/v5/market/ticker?instId=CATI-USDT-SWAP "HTTP/2 200 OK"
2026-03-16 15:36:21,567 | INFO | HTTP Request: GET https://www.okx.com/api/v5/market/candles?instId=CRV-USDT-SWAP&bar=5m&limit=71 "HTTP/2 200 OK"
2026-03-16 15:36:21,679 | INFO | HTTP Request: GET https://www.okx.com/api/v5/market/ticker?instId=CELO-USDT-SWAP "HTTP/2 200 OK"
2026-03-16 15:36:21,964 | INFO | HTTP Request: GET https://www.okx.com/api/v5/market/candles?instId=DOGE-USDT-SWAP&bar=5m&limit=71 "HTTP/2 200 OK"
2026-03-16 15:36:22,193 | INFO | HTTP Request: GET https://www.okx.com/api/v5/market/ticker?instId=CFX-USDT-SWAP "HTTP/2 200 OK"
2026-03-16 15:36:22,372 | INFO | HTTP Request: GET https://www.okx.com/api/v5/market/candles?instId=DOT-USDT-SWAP&bar=5m&limit=71 "HTTP/2 200 OK"
2026-03-16 15:36:22,697 | INFO | HTTP Request: GET https://www.okx.com/api/v5/market/ticker?instId=CHZ-USDT-SWAP "HTTP/2 200 OK"
2026-03-16 15:36:22,785 | INFO | HTTP Request: GET https://www.okx.com/api/v5/market/candles?instId=ENA-USDT-SWAP&bar=5m&limit=71 "HTTP/2 200 OK"
2026-03-16 15:36:23,181 | INFO | HTTP Request: GET https://www.okx.com/api/v5/market/candles?instId=EOS-USDT-SWAP&bar=5m&limit=71 "HTTP/2 200 OK"
2026-03-16 15:36:23,200 | INFO | HTTP Request: GET https://www.okx.com/api/v5/market/ticker?instId=COAI-USDT-SWAP "HTTP/2 200 OK"
2026-03-16 15:36:23,400 | INFO | HTTP Request: GET https://www.okx.com/api/v5/account/balance "HTTP/2 200 OK"
2026-03-16 15:36:23,605 | INFO | HTTP Request: GET https://www.okx.com/api/v5/market/candles?instId=ETC-USDT-SWAP&bar=5m&limit=71 "HTTP/2 200 OK"
2026-03-16 15:36:23,745 | INFO | HTTP Request: GET https://www.okx.com/api/v5/market/ticker?instId=COMP-USDT-SWAP "HTTP/2 200 OK"
2026-03-16 15:36:24,000 | INFO | HTTP Request: GET https://www.okx.com/api/v5/market/candles?instId=ETH-USDT-SWAP&bar=5m&limit=71 "HTTP/2 200 OK"
2026-03-16 15:36:24,230 | INFO | HTTP Request: GET https://www.okx.com/api/v5/market/ticker?instId=CRO-USDT-SWAP "HTTP/2 200 OK"
2026-03-16 15:36:24,337 | INFO | HTTP Request: GET https://www.okx.com/api/v5/market/candles?instId=BTC-USDT-SWAP&bar=5m&limit=64 "HTTP/2 200 OK"
2026-03-16 15:36:24,429 | INFO | HTTP Request: GET https://www.okx.com/api/v5/market/ticker?instId=ETH-USDT-SWAP "HTTP/2 200 OK"
2026-03-16 15:36:24,456 | INFO | ETH-USDT-SWAP: Turtle 20 short-сигнал отклонён (закрытие не удержалось ниже канала)
2026-03-16 15:36:24,733 | INFO | HTTP Request: GET https://www.okx.com/api/v5/market/ticker?instId=CRV-USDT-SWAP "HTTP/2 200 OK"
2026-03-16 15:36:24,829 | INFO | HTTP Request: GET https://www.okx.com/api/v5/market/candles?instId=ETHFI-USDT-SWAP&bar=5m&limit=71 "HTTP/2 200 OK"
2026-03-16 15:36:25,231 | INFO | HTTP Request: GET https://www.okx.com/api/v5/market/ticker?instId=ETHFI-USDT-SWAP "HTTP/2 200 OK"
2026-03-16 15:36:25,240 | INFO | HTTP Request: GET https://www.okx.com/api/v5/market/ticker?instId=DOGE-USDT-SWAP "HTTP/2 200 OK"
2026-03-16 15:36:25,267 | INFO | ETHFI-USDT-SWAP: Turtle 55 long-сигнал отклонён (закрытие не удержалось выше канала)
2026-03-16 15:36:25,272 | INFO | ETHFI-USDT-SWAP: Turtle 55 short-сигнал отклонён (закрытие не удержалось ниже канала)
2026-03-16 15:36:25,275 | INFO | ETHFI-USDT-SWAP: Turtle 20 long-сигнал отклонён (закрытие не удержалось выше канала)
2026-03-16 15:36:25,279 | INFO | ETHFI-USDT-SWAP: Turtle 20 short-сигнал отклонён (закрытие не удержалось ниже канала)
2026-03-16 15:36:25,638 | INFO | HTTP Request: GET https://www.okx.com/api/v5/market/candles?instId=ETHW-USDT-SWAP&bar=5m&limit=71 "HTTP/2 200 OK"
2026-03-16 15:36:25,747 | INFO | HTTP Request: GET https://www.okx.com/api/v5/market/ticker?instId=DOT-USDT-SWAP "HTTP/2 200 OK"
2026-03-16 15:36:26,053 | INFO | HTTP Request: GET https://www.okx.com/api/v5/market/candles?instId=FIL-USDT-SWAP&bar=5m&limit=71 "HTTP/2 200 OK"
2026-03-16 15:36:26,261 | INFO | HTTP Request: GET https://www.okx.com/api/v5/market/ticker?instId=ENA-USDT-SWAP "HTTP/2 200 OK"
2026-03-16 15:36:26,456 | INFO | HTTP Request: GET https://www.okx.com/api/v5/market/candles?instId=FLOKI-USDT-SWAP&bar=5m&limit=71 "HTTP/2 200 OK"
2026-03-16 15:36:26,778 | INFO | HTTP Request: GET https://www.okx.com/api/v5/market/ticker?instId=EOS-USDT-SWAP "HTTP/2 200 OK"
2026-03-16 15:36:26,866 | INFO | HTTP Request: GET https://www.okx.com/api/v5/market/candles?instId=GMT-USDT-SWAP&bar=5m&limit=71 "HTTP/2 200 OK"
2026-03-16 15:36:27,276 | INFO | HTTP Request: GET https://www.okx.com/api/v5/market/candles?instId=H-USDT-SWAP&bar=5m&limit=71 "HTTP/2 200 OK"
2026-03-16 15:36:27,284 | INFO | HTTP Request: GET https://www.okx.com/api/v5/market/ticker?instId=ETC-USDT-SWAP "HTTP/2 200 OK"
2026-03-16 15:36:27,682 | INFO | HTTP Request: GET https://www.okx.com/api/v5/market/candles?instId=HBAR-USDT-SWAP&bar=5m&limit=71 "HTTP/2 200 OK"
2026-03-16 15:36:28,040 | INFO | HTTP Request: GET https://www.okx.com/api/v5/market/ticker?instId=ETHW-USDT-SWAP "HTTP/2 200 OK"
2026-03-16 15:36:28,084 | INFO | HTTP Request: GET https://www.okx.com/api/v5/market/candles?instId=HMSTR-USDT-SWAP&bar=5m&limit=71 "HTTP/2 200 OK"
2026-03-16 15:36:28,451 | INFO | HTTP Request: GET https://www.okx.com/api/v5/market/candles?instId=HOME-USDT-SWAP&bar=5m&limit=71 "HTTP/2 200 OK"
2026-03-16 15:36:28,538 | INFO | HTTP Request: GET https://www.okx.com/api/v5/market/ticker?instId=FIL-USDT-SWAP "HTTP/2 200 OK"
2026-03-16 15:36:28,762 | INFO | HTTP Request: GET https://www.okx.com/api/v5/account/balance "HTTP/2 200 OK"
2026-03-16 15:36:28,846 | INFO | HTTP Request: GET https://www.okx.com/api/v5/market/candles?instId=IMX-USDT-SWAP&bar=5m&limit=71 "HTTP/2 200 OK"
2026-03-16 15:36:29,069 | INFO | HTTP Request: GET https://www.okx.com/api/v5/market/ticker?instId=FLOKI-USDT-SWAP "HTTP/2 200 OK"
2026-03-16 15:36:29,252 | INFO | HTTP Request: GET https://www.okx.com/api/v5/market/candles?instId=INJ-USDT-SWAP&bar=5m&limit=71 "HTTP/2 200 OK"
2026-03-16 15:36:29,586 | INFO | HTTP Request: GET https://www.okx.com/api/v5/market/ticker?instId=GMT-USDT-SWAP "HTTP/2 200 OK"
2026-03-16 15:36:29,670 | INFO | HTTP Request: GET https://www.okx.com/api/v5/market/candles?instId=IOTA-USDT-SWAP&bar=5m&limit=71 "HTTP/2 200 OK"
2026-03-16 15:36:30,071 | INFO | HTTP Request: GET https://www.okx.com/api/v5/market/candles?instId=JUP-USDT-SWAP&bar=5m&limit=71 "HTTP/2 200 OK"
2026-03-16 15:36:30,081 | INFO | HTTP Request: GET https://www.okx.com/api/v5/market/ticker?instId=H-USDT-SWAP "HTTP/2 200 OK"
2026-03-16 15:36:30,474 | INFO | HTTP Request: GET https://www.okx.com/api/v5/market/candles?instId=KAITO-USDT-SWAP&bar=5m&limit=71 "HTTP/2 200 OK"
2026-03-16 15:36:30,594 | INFO | HTTP Request: GET https://www.okx.com/api/v5/market/candles?instId=BTC-USDT-SWAP&bar=5m&limit=64 "HTTP/2 200 OK"
2026-03-16 15:36:30,606 | INFO | HTTP Request: GET https://www.okx.com/api/v5/market/ticker?instId=HBAR-USDT-SWAP "HTTP/2 200 OK"
2026-03-16 15:36:30,899 | INFO | HTTP Request: GET https://www.okx.com/api/v5/market/candles?instId=KSM-USDT-SWAP&bar=5m&limit=71 "HTTP/2 200 OK"
2026-03-16 15:36:31,104 | INFO | HTTP Request: GET https://www.okx.com/api/v5/market/ticker?instId=HMSTR-USDT-SWAP "HTTP/2 200 OK"
2026-03-16 15:36:31,313 | INFO | HTTP Request: GET https://www.okx.com/api/v5/market/candles?instId=LDO-USDT-SWAP&bar=5m&limit=71 "HTTP/2 200 OK"
2026-03-16 15:36:31,612 | INFO | HTTP Request: GET https://www.okx.com/api/v5/market/ticker?instId=HOME-USDT-SWAP "HTTP/2 200 OK"
2026-03-16 15:36:31,697 | INFO | HTTP Request: GET https://www.okx.com/api/v5/market/candles?instId=LINEA-USDT-SWAP&bar=5m&limit=71 "HTTP/2 200 OK"
2026-03-16 15:36:32,119 | INFO | HTTP Request: GET https://www.okx.com/api/v5/market/candles?instId=LINK-USDT-SWAP&bar=5m&limit=71 "HTTP/2 200 OK"
2026-03-16 15:36:32,121 | INFO | HTTP Request: GET https://www.okx.com/api/v5/market/ticker?instId=ICP-USDT-SWAP "HTTP/2 200 OK"
2026-03-16 15:36:32,512 | INFO | HTTP Request: GET https://www.okx.com/api/v5/market/candles?instId=LIT-USDT-SWAP&bar=5m&limit=71 "HTTP/2 200 OK"
2026-03-16 15:36:32,636 | INFO | HTTP Request: GET https://www.okx.com/api/v5/market/ticker?instId=IMX-USDT-SWAP "HTTP/2 200 OK"
2026-03-16 15:36:32,922 | INFO | HTTP Request: GET https://www.okx.com/api/v5/market/candles?instId=LPT-USDT-SWAP&bar=5m&limit=71 "HTTP/2 200 OK"
2026-03-16 15:36:33,147 | INFO | HTTP Request: GET https://www.okx.com/api/v5/market/ticker?instId=INJ-USDT-SWAP "HTTP/2 200 OK"
2026-03-16 15:36:33,325 | INFO | HTTP Request: GET https://www.okx.com/api/v5/market/candles?instId=LQTY-USDT-SWAP&bar=5m&limit=71 "HTTP/2 200 OK"
2026-03-16 15:36:33,640 | INFO | HTTP Request: GET https://www.okx.com/api/v5/market/ticker?instId=IOTA-USDT-SWAP "HTTP/2 200 OK"
2026-03-16 15:36:33,729 | INFO | HTTP Request: GET https://www.okx.com/api/v5/market/candles?instId=LRC-USDT-SWAP&bar=5m&limit=71 "HTTP/2 200 OK"
2026-03-16 15:36:34,165 | INFO | HTTP Request: GET https://www.okx.com/api/v5/market/candles?instId=LTC-USDT-SWAP&bar=5m&limit=71 "HTTP/2 200 OK"
2026-03-16 15:36:34,173 | INFO | HTTP Request: GET https://www.okx.com/api/v5/market/ticker?instId=JUP-USDT-SWAP "HTTP/2 200 OK"
2026-03-16 15:36:34,176 | INFO | HTTP Request: GET https://www.okx.com/api/v5/account/balance "HTTP/2 200 OK"
2026-03-16 15:36:34,545 | INFO | HTTP Request: GET https://www.okx.com/api/v5/market/candles?instId=MAGIC-USDT-SWAP&bar=5m&limit=71 "HTTP/2 200 OK"
2026-03-16 15:36:34,673 | INFO | HTTP Request: GET https://www.okx.com/api/v5/market/ticker?instId=KAITO-USDT-SWAP "HTTP/2 200 OK"
2026-03-16 15:36:34,972 | INFO | HTTP Request: GET https://www.okx.com/api/v5/market/candles?instId=MAJOR-USDT-SWAP&bar=5m&limit=71 "HTTP/2 200 OK"
2026-03-16 15:36:35,169 | INFO | HTTP Request: GET https://www.okx.com/api/v5/market/ticker?instId=KSM-USDT-SWAP "HTTP/2 200 OK"
2026-03-16 15:36:35,354 | INFO | HTTP Request: GET https://www.okx.com/api/v5/market/candles?instId=MASK-USDT-SWAP&bar=5m&limit=71 "HTTP/2 200 OK"
2026-03-16 15:36:35,674 | INFO | HTTP Request: GET https://www.okx.com/api/v5/market/ticker?instId=LDO-USDT-SWAP "HTTP/2 200 OK"
2026-03-16 15:36:35,758 | INFO | HTTP Request: GET https://www.okx.com/api/v5/market/candles?instId=MET-USDT-SWAP&bar=5m&limit=71 "HTTP/2 200 OK"
2026-03-16 15:36:36,169 | INFO | HTTP Request: GET https://www.okx.com/api/v5/market/candles?instId=MINA-USDT-SWAP&bar=5m&limit=71 "HTTP/2 200 OK"
2026-03-16 15:36:36,185 | INFO | HTTP Request: GET https://www.okx.com/api/v5/market/ticker?instId=LINEA-USDT-SWAP "HTTP/2 200 OK"
2026-03-16 15:36:36,563 | INFO | HTTP Request: GET https://www.okx.com/api/v5/market/candles?instId=MKR-USDT-SWAP&bar=5m&limit=71 "HTTP/2 200 OK"
2026-03-16 15:36:36,690 | INFO | HTTP Request: GET https://www.okx.com/api/v5/market/ticker?instId=LINK-USDT-SWAP "HTTP/2 200 OK"
2026-03-16 15:36:36,846 | INFO | HTTP Request: GET https://www.okx.com/api/v5/market/candles?instId=BTC-USDT-SWAP&bar=5m&limit=64 "HTTP/2 200 OK"
2026-03-16 15:36:36,979 | INFO | HTTP Request: GET https://www.okx.com/api/v5/market/candles?instId=MUBARAK-USDT-SWAP&bar=5m&limit=71 "HTTP/2 200 OK"
2026-03-16 15:36:37,197 | INFO | HTTP Request: GET https://www.okx.com/api/v5/market/ticker?instId=LIT-USDT-SWAP "HTTP/2 200 OK"
2026-03-16 15:36:37,342 | INFO | HTTP Request: GET https://www.okx.com/api/v5/market/candles?instId=NEAR-USDT-SWAP&bar=5m&limit=71 "HTTP/2 200 OK"
2026-03-16 15:36:37,697 | INFO | HTTP Request: GET https://www.okx.com/api/v5/market/ticker?instId=LPT-USDT-SWAP "HTTP/2 200 OK"
2026-03-16 15:36:37,706 | INFO | HTTP Request: GET https://www.okx.com/api/v5/market/candles?instId=NEO-USDT-SWAP&bar=5m&limit=71 "HTTP/2 200 OK"
2026-03-16 15:36:38,117 | INFO | HTTP Request: GET https://www.okx.com/api/v5/market/candles?instId=NOT-USDT-SWAP&bar=5m&limit=71 "HTTP/2 200 OK"
2026-03-16 15:36:38,220 | INFO | HTTP Request: GET https://www.okx.com/api/v5/market/ticker?instId=LQTY-USDT-SWAP "HTTP/2 200 OK"
2026-03-16 15:36:38,508 | INFO | HTTP Request: GET https://www.okx.com/api/v5/market/candles?instId=OP-USDT-SWAP&bar=5m&limit=71 "HTTP/2 200 OK"
2026-03-16 15:36:38,740 | INFO | HTTP Request: GET https://www.okx.com/api/v5/market/ticker?instId=LRC-USDT-SWAP "HTTP/2 200 OK"
2026-03-16 15:36:38,909 | INFO | HTTP Request: GET https://www.okx.com/api/v5/market/candles?instId=PEPE-USDT-SWAP&bar=5m&limit=71 "HTTP/2 200 OK"
2026-03-16 15:36:39,247 | INFO | HTTP Request: GET https://www.okx.com/api/v5/market/ticker?instId=LTC-USDT-SWAP "HTTP/2 200 OK"
2026-03-16 15:36:39,273 | INFO | HTTP Request: GET https://www.okx.com/api/v5/market/candles?instId=PIGGY-USDT-SWAP&bar=5m&limit=71 "HTTP/2 200 OK"
2026-03-16 15:36:39,586 | INFO | HTTP Request: GET https://www.okx.com/api/v5/account/balance "HTTP/2 200 OK"
2026-03-16 15:36:39,637 | INFO | HTTP Request: GET https://www.okx.com/api/v5/market/candles?instId=QTUM-USDT-SWAP&bar=5m&limit=71 "HTTP/2 200 OK"
2026-03-16 15:36:39,729 | INFO | HTTP Request: GET https://www.okx.com/api/v5/market/ticker?instId=MAGIC-USDT-SWAP "HTTP/2 200 OK"
2026-03-16 15:36:39,991 | INFO | HTTP Request: GET https://www.okx.com/api/v5/market/candles?instId=RAVE-USDT-SWAP&bar=5m&limit=71 "HTTP/2 200 OK"
2026-03-16 15:36:40,216 | INFO | HTTP Request: GET https://www.okx.com/api/v5/market/ticker?instId=MAJOR-USDT-SWAP "HTTP/2 200 OK"
2026-03-16 15:36:40,410 | INFO | HTTP Request: GET https://www.okx.com/api/v5/market/candles?instId=RESOLV-USDT-SWAP&bar=5m&limit=71 "HTTP/2 200 OK"
2026-03-16 15:36:40,703 | INFO | HTTP Request: GET https://www.okx.com/api/v5/market/ticker?instId=MASK-USDT-SWAP "HTTP/2 200 OK"
2026-03-16 15:36:40,782 | INFO | HTTP Request: GET https://www.okx.com/api/v5/market/candles?instId=ROBO-USDT-SWAP&bar=5m&limit=71 "HTTP/2 200 OK"
2026-03-16 15:36:41,198 | INFO | HTTP Request: GET https://www.okx.com/api/v5/market/candles?instId=SAND-USDT-SWAP&bar=5m&limit=71 "HTTP/2 200 OK"
2026-03-16 15:36:41,205 | INFO | HTTP Request: GET https://www.okx.com/api/v5/market/ticker?instId=MET-USDT-SWAP "HTTP/2 200 OK"
2026-03-16 15:36:41,607 | INFO | HTTP Request: GET https://www.okx.com/api/v5/market/candles?instId=SCR-USDT-SWAP&bar=5m&limit=71 "HTTP/2 200 OK"
2026-03-16 15:36:41,722 | INFO | HTTP Request: GET https://www.okx.com/api/v5/market/ticker?instId=MINA-USDT-SWAP "HTTP/2 200 OK"
2026-03-16 15:36:42,004 | INFO | HTTP Request: GET https://www.okx.com/api/v5/market/candles?instId=SHIB-USDT-SWAP&bar=5m&limit=71 "HTTP/2 200 OK"
2026-03-16 15:36:42,233 | INFO | HTTP Request: GET https://www.okx.com/api/v5/market/ticker?instId=MKR-USDT-SWAP "HTTP/2 200 OK"
2026-03-16 15:36:42,412 | INFO | HTTP Request: GET https://www.okx.com/api/v5/market/candles?instId=SKY-USDT-SWAP&bar=5m&limit=71 "HTTP/2 200 OK"
2026-03-16 15:36:42,745 | INFO | HTTP Request: GET https://www.okx.com/api/v5/market/ticker?instId=MUBARAK-USDT-SWAP "HTTP/2 200 OK"
2026-03-16 15:36:42,827 | INFO | HTTP Request: GET https://www.okx.com/api/v5/market/candles?instId=SOL-USDT-SWAP&bar=5m&limit=71 "HTTP/2 200 OK"
2026-03-16 15:36:43,088 | INFO | HTTP Request: GET https://www.okx.com/api/v5/market/candles?instId=BTC-USDT-SWAP&bar=5m&limit=64 "HTTP/2 200 OK"
2026-03-16 15:36:43,232 | INFO | HTTP Request: GET https://www.okx.com/api/v5/market/candles?instId=SOLV-USDT-SWAP&bar=5m&limit=71 "HTTP/2 200 OK"
2026-03-16 15:36:43,240 | INFO | HTTP Request: GET https://www.okx.com/api/v5/market/ticker?instId=NEAR-USDT-SWAP "HTTP/2 200 OK"
2026-03-16 15:36:43,599 | INFO | HTTP Request: GET https://www.okx.com/api/v5/market/candles?instId=SPK-USDT-SWAP&bar=5m&limit=71 "HTTP/2 200 OK"
2026-03-16 15:36:43,727 | INFO | HTTP Request: GET https://www.okx.com/api/v5/market/ticker?instId=NEO-USDT-SWAP "HTTP/2 200 OK"
2026-03-16 15:36:44,011 | INFO | HTTP Request: GET https://www.okx.com/api/v5/market/candles?instId=STRK-USDT-SWAP&bar=5m&limit=71 "HTTP/2 200 OK"
2026-03-16 15:36:44,226 | INFO | HTTP Request: GET https://www.okx.com/api/v5/market/ticker?instId=NOT-USDT-SWAP "HTTP/2 200 OK"
2026-03-16 15:36:44,412 | INFO | HTTP Request: GET https://www.okx.com/api/v5/market/candles?instId=SUI-USDT-SWAP&bar=5m&limit=71 "HTTP/2 200 OK"
2026-03-16 15:36:44,745 | INFO | HTTP Request: GET https://www.okx.com/api/v5/market/ticker?instId=OP-USDT-SWAP "HTTP/2 200 OK"
2026-03-16 15:36:44,823 | INFO | HTTP Request: GET https://www.okx.com/api/v5/market/candles?instId=SUSHI-USDT-SWAP&bar=5m&limit=71 "HTTP/2 200 OK"
2026-03-16 15:36:44,901 | INFO | HTTP Request: GET https://www.okx.com/api/v5/account/balance "HTTP/2 200 OK"
2026-03-16 15:36:45,235 | INFO | HTTP Request: GET https://www.okx.com/api/v5/market/candles?instId=SYRUP-USDT-SWAP&bar=5m&limit=71 "HTTP/2 200 OK"
2026-03-16 15:36:45,236 | INFO | HTTP Request: GET https://www.okx.com/api/v5/market/ticker?instId=PEPE-USDT-SWAP "HTTP/2 200 OK"
2026-03-16 15:36:45,604 | INFO | HTTP Request: GET https://www.okx.com/api/v5/market/candles?instId=TEST1234-USDT-SWAP&bar=5m&limit=71 "HTTP/2 200 OK"
2026-03-16 15:36:45,720 | INFO | HTTP Request: GET https://www.okx.com/api/v5/market/ticker?instId=PIGGY-USDT-SWAP "HTTP/2 200 OK"
2026-03-16 15:36:46,009 | INFO | HTTP Request: GET https://www.okx.com/api/v5/market/candles?instId=TEST3103-USDT-SWAP&bar=5m&limit=71 "HTTP/2 200 OK"
2026-03-16 15:36:46,228 | INFO | HTTP Request: GET https://www.okx.com/api/v5/market/ticker?instId=QTUM-USDT-SWAP "HTTP/2 200 OK"
2026-03-16 15:36:46,417 | INFO | HTTP Request: GET https://www.okx.com/api/v5/market/candles?instId=TEST3110-USDT-SWAP&bar=5m&limit=71 "HTTP/2 200 OK"
2026-03-16 15:36:46,734 | INFO | HTTP Request: GET https://www.okx.com/api/v5/market/ticker?instId=RAVE-USDT-SWAP "HTTP/2 200 OK"
2026-03-16 15:36:46,814 | INFO | HTTP Request: GET https://www.okx.com/api/v5/market/candles?instId=THETA-USDT-SWAP&bar=5m&limit=71 "HTTP/2 200 OK"
2026-03-16 15:36:47,223 | INFO | HTTP Request: GET https://www.okx.com/api/v5/market/candles?instId=TON-USDT-SWAP&bar=5m&limit=71 "HTTP/2 200 OK"
2026-03-16 15:36:47,238 | INFO | HTTP Request: GET https://www.okx.com/api/v5/market/ticker?instId=RESOLV-USDT-SWAP "HTTP/2 200 OK"
2026-03-16 15:36:47,636 | INFO | HTTP Request: GET https://www.okx.com/api/v5/market/ticker?instId=TON-USDT-SWAP "HTTP/2 200 OK"
2026-03-16 15:36:47,676 | INFO | TON-USDT-SWAP: Turtle 20 long-сигнал отклонён (закрытие не удержалось выше канала)
2026-03-16 15:36:47,772 | INFO | HTTP Request: GET https://www.okx.com/api/v5/market/ticker?instId=ROBO-USDT-SWAP "HTTP/2 200 OK"
2026-03-16 15:36:48,034 | INFO | HTTP Request: GET https://www.okx.com/api/v5/market/candles?instId=TRIA-USDT-SWAP&bar=5m&limit=71 "HTTP/2 200 OK"
2026-03-16 15:36:48,260 | INFO | HTTP Request: GET https://www.okx.com/api/v5/market/ticker?instId=SAND-USDT-SWAP "HTTP/2 200 OK"
2026-03-16 15:36:48,452 | INFO | HTTP Request: GET https://www.okx.com/api/v5/market/candles?instId=TRX-USDT-SWAP&bar=5m&limit=71 "HTTP/2 200 OK"
2026-03-16 15:36:48,771 | INFO | HTTP Request: GET https://www.okx.com/api/v5/market/ticker?instId=SCR-USDT-SWAP "HTTP/2 200 OK"
2026-03-16 15:36:48,855 | INFO | HTTP Request: GET https://www.okx.com/api/v5/market/candles?instId=TSLA-USDT-SWAP&bar=5m&limit=71 "HTTP/2 200 OK"
2026-03-16 15:36:49,274 | INFO | HTTP Request: GET https://www.okx.com/api/v5/market/ticker?instId=SHIB-USDT-SWAP "HTTP/2 200 OK"
2026-03-16 15:36:49,275 | INFO | HTTP Request: GET https://www.okx.com/api/v5/market/candles?instId=XAU-USDT-SWAP&bar=5m&limit=71 "HTTP/2 200 OK"
2026-03-16 15:36:49,338 | INFO | HTTP Request: GET https://www.okx.com/api/v5/market/candles?instId=BTC-USDT-SWAP&bar=5m&limit=64 "HTTP/2 200 OK"
2026-03-16 15:36:49,656 | INFO | HTTP Request: GET https://www.okx.com/api/v5/market/candles?instId=XLM-USDT-SWAP&bar=5m&limit=71 "HTTP/2 200 OK"
2026-03-16 15:36:49,778 | INFO | HTTP Request: GET https://www.okx.com/api/v5/market/ticker?instId=SKY-USDT-SWAP "HTTP/2 200 OK"
2026-03-16 15:36:50,032 | INFO | HTTP Request: GET https://www.okx.com/api/v5/market/candles?instId=XPL-USDT-SWAP&bar=5m&limit=71 "HTTP/2 200 OK"
2026-03-16 15:36:50,263 | INFO | HTTP Request: GET https://www.okx.com/api/v5/market/ticker?instId=SOL-USDT-SWAP "HTTP/2 200 OK"
2026-03-16 15:36:50,322 | INFO | HTTP Request: GET https://www.okx.com/api/v5/account/balance "HTTP/2 200 OK"
2026-03-16 15:36:50,445 | INFO | HTTP Request: GET https://www.okx.com/api/v5/market/candles?instId=XRP-USDT-SWAP&bar=5m&limit=71 "HTTP/2 200 OK"
2026-03-16 15:36:50,769 | INFO | HTTP Request: GET https://www.okx.com/api/v5/market/ticker?instId=SOLV-USDT-SWAP "HTTP/2 200 OK"
2026-03-16 15:36:50,828 | INFO | HTTP Request: GET https://www.okx.com/api/v5/market/candles?instId=XSR-USDT-SWAP&bar=5m&limit=71 "HTTP/2 200 OK"
2026-03-16 15:36:51,236 | INFO | HTTP Request: GET https://www.okx.com/api/v5/market/candles?instId=XTZ-USDT-SWAP&bar=5m&limit=71 "HTTP/2 200 OK"
2026-03-16 15:36:51,246 | INFO | HTTP Request: GET https://www.okx.com/api/v5/market/ticker?instId=SPK-USDT-SWAP "HTTP/2 200 OK"
2026-03-16 15:36:51,633 | INFO | HTTP Request: GET https://www.okx.com/api/v5/market/candles?instId=YB-USDT-SWAP&bar=5m&limit=71 "HTTP/2 200 OK"
2026-03-16 15:36:51,838 | INFO | HTTP Request: GET https://www.okx.com/api/v5/market/ticker?instId=STRK-USDT-SWAP "HTTP/2 200 OK"
2026-03-16 15:36:52,051 | INFO | HTTP Request: GET https://www.okx.com/api/v5/market/candles?instId=YFI-USDT-SWAP&bar=5m&limit=71 "HTTP/2 200 OK"
2026-03-16 15:36:52,358 | INFO | HTTP Request: GET https://www.okx.com/api/v5/market/ticker?instId=SUI-USDT-SWAP "HTTP/2 200 OK"
2026-03-16 15:36:52,463 | INFO | HTTP Request: GET https://www.okx.com/api/v5/market/candles?instId=YGG-USDT-SWAP&bar=5m&limit=71 "HTTP/2 200 OK"
2026-03-16 15:36:52,866 | INFO | HTTP Request: GET https://www.okx.com/api/v5/market/candles?instId=ZAMA-USDT-SWAP&bar=5m&limit=71 "HTTP/2 200 OK"
2026-03-16 15:36:52,885 | INFO | HTTP Request: GET https://www.okx.com/api/v5/market/ticker?instId=SUSHI-USDT-SWAP "HTTP/2 200 OK"
2026-03-16 15:36:53,255 | INFO | HTTP Request: GET https://www.okx.com/api/v5/market/candles?instId=ZBCN-USDT-SWAP&bar=5m&limit=71 "HTTP/2 200 OK"
2026-03-16 15:36:53,389 | INFO | HTTP Request: GET https://www.okx.com/api/v5/market/ticker?instId=SYRUP-USDT-SWAP "HTTP/2 200 OK"
2026-03-16 15:36:53,666 | INFO | HTTP Request: GET https://www.okx.com/api/v5/market/candles?instId=ZETA-USDT-SWAP&bar=5m&limit=71 "HTTP/2 200 OK"
2026-03-16 15:36:53,886 | INFO | HTTP Request: GET https://www.okx.com/api/v5/market/ticker?instId=TEST1234-USDT-SWAP "HTTP/2 200 OK"
2026-03-16 15:36:54,077 | INFO | HTTP Request: GET https://www.okx.com/api/v5/market/candles?instId=ZIL-USDT-SWAP&bar=5m&limit=71 "HTTP/2 200 OK"
2026-03-16 15:36:54,408 | INFO | HTTP Request: GET https://www.okx.com/api/v5/market/ticker?instId=TEST3103-USDT-SWAP "HTTP/2 200 OK"
2026-03-16 15:36:54,481 | INFO | HTTP Request: GET https://www.okx.com/api/v5/market/candles?instId=XAG-USDT-SWAP&bar=5m&limit=26 "HTTP/2 200 OK"
2026-03-16 15:36:54,895 | INFO | HTTP Request: GET https://www.okx.com/api/v5/market/ticker?instId=XAG-USDT-SWAP "HTTP/2 200 OK"
2026-03-16 15:36:54,902 | INFO | HTTP Request: GET https://www.okx.com/api/v5/market/ticker?instId=TEST3110-USDT-SWAP "HTTP/2 200 OK"
2026-03-16 15:36:54,929 | INFO | Placing exchange stop XAG-USDT-SWAP long payload={'instId': 'XAG-USDT-SWAP', 'tdMode': 'isolated', 'side': 'sell', 'posSide': 'net', 'ordType': 'conditional', 'sz': '1810', 'slTriggerPx': '79.551', 'slOrdPx': '-1'}
2026-03-16 15:36:55,238 | INFO | HTTP Request: POST https://www.okx.com/api/v5/trade/order-algo "HTTP/2 200 OK"
2026-03-16 15:36:55,418 | INFO | HTTP Request: GET https://www.okx.com/api/v5/market/ticker?instId=THETA-USDT-SWAP "HTTP/2 200 OK"
2026-03-16 15:36:55,592 | INFO | HTTP Request: GET https://www.okx.com/api/v5/market/candles?instId=BTC-USDT-SWAP&bar=5m&limit=64 "HTTP/2 200 OK"
2026-03-16 15:36:55,599 | INFO | HTTP Request: GET https://www.okx.com/api/v5/market/candles?instId=ICP-USDT-SWAP&bar=5m&limit=26 "HTTP/2 200 OK"
2026-03-16 15:36:55,752 | INFO | HTTP Request: GET https://www.okx.com/api/v5/account/balance "HTTP/2 200 OK"
2026-03-16 15:36:55,954 | INFO | HTTP Request: GET https://www.okx.com/api/v5/market/ticker?instId=ICP-USDT-SWAP "HTTP/2 200 OK"
2026-03-16 15:36:55,960 | INFO | Placing exchange stop ICP-USDT-SWAP long payload={'instId': 'ICP-USDT-SWAP', 'tdMode': 'isolated', 'side': 'sell', 'posSide': 'net', 'ordType': 'conditional', 'sz': '52986', 'slTriggerPx': '2.695328258408', 'slOrdPx': '-1'}
2026-03-16 15:36:56,058 | INFO | HTTP Request: GET https://www.okx.com/api/v5/market/ticker?instId=TRIA-USDT-SWAP "HTTP/2 200 OK"
2026-03-16 15:36:56,202 | INFO | HTTP Request: POST https://www.okx.com/api/v5/trade/order-algo "HTTP/2 200 OK"
2026-03-16 15:36:56,550 | INFO | HTTP Request: GET https://www.okx.com/api/v5/market/ticker?instId=TRX-USDT-SWAP "HTTP/2 200 OK"
2026-03-16 15:36:56,566 | INFO | HTTP Request: GET https://www.okx.com/api/v5/market/candles?instId=BAND-USDT-SWAP&bar=5m&limit=26 "HTTP/2 200 OK"
2026-03-16 15:36:56,932 | INFO | HTTP Request: GET https://www.okx.com/api/v5/market/ticker?instId=BAND-USDT-SWAP "HTTP/2 200 OK"
2026-03-16 15:36:56,973 | INFO | Placing exchange stop BAND-USDT-SWAP long payload={'instId': 'BAND-USDT-SWAP', 'tdMode': 'isolated', 'side': 'sell', 'posSide': 'net', 'ordType': 'conditional', 'sz': '6090', 'slTriggerPx': '0.23654', 'slOrdPx': '-1'}
2026-03-16 15:36:57,045 | INFO | HTTP Request: GET https://www.okx.com/api/v5/market/ticker?instId=TSLA-USDT-SWAP "HTTP/2 200 OK"
2026-03-16 15:36:57,217 | INFO | HTTP Request: POST https://www.okx.com/api/v5/trade/order-algo "HTTP/2 200 OK"
2026-03-16 15:36:57,594 | INFO | HTTP Request: GET https://www.okx.com/api/v5/market/candles?instId=BREV-USDT-SWAP&bar=5m&limit=26 "HTTP/2 200 OK"
2026-03-16 15:36:57,683 | INFO | HTTP Request: GET https://www.okx.com/api/v5/market/ticker?instId=XAU-USDT-SWAP "HTTP/2 200 OK"
2026-03-16 15:36:57,990 | INFO | HTTP Request: GET https://www.okx.com/api/v5/market/ticker?instId=BREV-USDT-SWAP "HTTP/2 200 OK"
2026-03-16 15:36:58,030 | INFO | Placing exchange stop BREV-USDT-SWAP long payload={'instId': 'BREV-USDT-SWAP', 'tdMode': 'isolated', 'side': 'sell', 'posSide': 'net', 'ordType': 'conditional', 'sz': '120000', 'slTriggerPx': '1.008904996667', 'slOrdPx': '-1'}
2026-03-16 15:36:58,220 | INFO | HTTP Request: GET https://www.okx.com/api/v5/market/ticker?instId=XLM-USDT-SWAP "HTTP/2 200 OK"
2026-03-16 15:36:58,342 | INFO | HTTP Request: POST https://www.okx.com/api/v5/trade/order-algo "HTTP/2 200 OK"
2026-03-16 15:36:58,648 | INFO | HTTP Request: POST https://www.okx.com/api/v5/trade/cancel-algos "HTTP/2 200 OK"
2026-03-16 15:36:58,651 | INFO | Closing position BREV-USDT-SWAP. Защита тренда: откат от пика 23395003333.33R → 3695003333.33R
2026-03-16 15:36:58,728 | INFO | HTTP Request: GET https://www.okx.com/api/v5/market/ticker?instId=XPL-USDT-SWAP "HTTP/2 200 OK"
2026-03-16 15:36:58,962 | INFO | HTTP Request: POST https://www.okx.com/api/v5/trade/close-position "HTTP/2 200 OK"
2026-03-16 15:36:58,965 | WARNING | Failed to load json context : [Errno 13] Permission denied: '.'
2026-03-16 15:36:59,249 | INFO | HTTP Request: GET https://www.okx.com/api/v5/market/ticker?instId=XRP-USDT-SWAP "HTTP/2 200 OK"
2026-03-16 15:36:59,324 | INFO | HTTP Request: GET https://www.okx.com/api/v5/market/candles?instId=BREV-USDT-SWAP&bar=5m&limit=97 "HTTP/2 200 OK"
2026-03-16 15:36:59,753 | INFO | HTTP Request: GET https://www.okx.com/api/v5/market/ticker?instId=XSR-USDT-SWAP "HTTP/2 200 OK"
2026-03-16 15:37:00,267 | INFO | HTTP Request: GET https://www.okx.com/api/v5/market/ticker?instId=XTZ-USDT-SWAP "HTTP/2 200 OK"
2026-03-16 15:37:00,761 | INFO | HTTP Request: GET https://www.okx.com/api/v5/market/ticker?instId=YB-USDT-SWAP "HTTP/2 200 OK"
2026-03-16 15:37:01,139 | INFO | HTTP Request: GET https://www.okx.com/api/v5/account/balance "HTTP/2 200 OK"
2026-03-16 15:37:01,271 | INFO | HTTP Request: GET https://www.okx.com/api/v5/market/ticker?instId=YFI-USDT-SWAP "HTTP/2 200 OK"
2026-03-16 15:37:01,781 | INFO | HTTP Request: GET https://www.okx.com/api/v5/market/ticker?instId=YGG-USDT-SWAP "HTTP/2 200 OK"
2026-03-16 15:37:01,859 | INFO | HTTP Request: GET https://www.okx.com/api/v5/market/candles?instId=BTC-USDT-SWAP&bar=5m&limit=64 "HTTP/2 200 OK"
2026-03-16 15:37:02,278 | INFO | HTTP Request: GET https://www.okx.com/api/v5/market/ticker?instId=ZAMA-USDT-SWAP "HTTP/2 200 OK"
2026-03-16 15:37:02,791 | INFO | HTTP Request: GET https://www.okx.com/api/v5/market/ticker?instId=ZBCN-USDT-SWAP "HTTP/2 200 OK"
2026-03-16 15:37:03,299 | INFO | HTTP Request: GET https://www.okx.com/api/v5/market/ticker?instId=ZETA-USDT-SWAP "HTTP/2 200 OK"
2026-03-16 15:37:03,800 | INFO | HTTP Request: GET https://www.okx.com/api/v5/market/ticker?instId=ZIL-USDT-SWAP "HTTP/2 200 OK"
2026-03-16 15:37:04,306 | INFO | HTTP Request: GET https://www.okx.com/api/v5/market/ticker?instId=XAG-USDT-SWAP "HTTP/2 200 OK"
2026-03-16 15:37:04,629 | INFO | HTTP Request: GET https://www.okx.com/api/v5/account/positions?instType=SWAP "HTTP/2 200 OK"
2026-03-16 15:37:04,686 | INFO | HTTP Request: GET https://www.okx.com/api/v5/market/candles?instId=XAG-USDT-SWAP&bar=5m&limit=89 "HTTP/2 200 OK"
2026-03-16 15:37:04,995 | INFO | HTTP Request: GET https://www.okx.com/api/v5/market/candles?instId=BREV-USDT-SWAP&bar=5m&limit=26 "HTTP/2 200 OK"
2026-03-16 15:37:05,223 | INFO | HTTP Request: GET https://www.okx.com/api/v5/market/ticker?instId=ICP-USDT-SWAP "HTTP/2 200 OK"
2026-03-16 15:37:05,400 | INFO | HTTP Request: GET https://www.okx.com/api/v5/market/candles?instId=1INCH-USDT-SWAP&bar=5m&limit=71 "HTTP/2 200 OK"
2026-03-16 15:37:05,607 | INFO | HTTP Request: GET https://www.okx.com/api/v5/market/candles?instId=ICP-USDT-SWAP&bar=5m&limit=89 "HTTP/2 200 OK"
2026-03-16 15:37:05,839 | INFO | HTTP Request: GET https://www.okx.com/api/v5/market/candles?instId=2Z-USDT-SWAP&bar=5m&limit=71 "HTTP/2 200 OK"
2026-03-16 15:37:06,127 | INFO | HTTP Request: GET https://www.okx.com/api/v5/market/ticker?instId=BAND-USDT-SWAP "HTTP/2 200 OK"
2026-03-16 15:37:06,216 | INFO | HTTP Request: GET https://www.okx.com/api/v5/market/candles?instId=A-USDT-SWAP&bar=5m&limit=71 "HTTP/2 200 OK"
2026-03-16 15:37:06,501 | INFO | HTTP Request: GET https://www.okx.com/api/v5/account/balance "HTTP/2 200 OK"
2026-03-16 15:37:06,520 | INFO | HTTP Request: GET https://www.okx.com/api/v5/market/candles?instId=BAND-USDT-SWAP&bar=5m&limit=89 "HTTP/2 200 OK"
2026-03-16 15:37:06,670 | INFO | HTTP Request: GET https://www.okx.com/api/v5/market/candles?instId=AAVE-USDT-SWAP&bar=5m&limit=71 "HTTP/2 200 OK"
2026-03-16 15:37:07,003 | INFO | HTTP Request: GET https://www.okx.com/api/v5/market/ticker?instId=1INCH-USDT-SWAP "HTTP/2 200 OK"
2026-03-16 15:37:07,043 | INFO | HTTP Request: GET https://www.okx.com/api/v5/market/candles?instId=ACT-USDT-SWAP&bar=5m&limit=71 "HTTP/2 200 OK"
2026-03-16 15:37:07,407 | INFO | HTTP Request: GET https://www.okx.com/api/v5/market/candles?instId=ADA-USDT-SWAP&bar=5m&limit=71 "HTTP/2 200 OK"
2026-03-16 15:37:07,490 | INFO | HTTP Request: GET https://www.okx.com/api/v5/market/ticker?instId=2Z-USDT-SWAP "HTTP/2 200 OK"
2026-03-16 15:37:07,821 | INFO | HTTP Request: GET https://www.okx.com/api/v5/market/candles?instId=AI16Z-USDT-SWAP&bar=5m&limit=71 "HTTP/2 200 OK"
2026-03-16 15:37:07,976 | INFO | HTTP Request: GET https://www.okx.com/api/v5/market/ticker?instId=A-USDT-SWAP "HTTP/2 200 OK"
2026-03-16 15:37:08,101 | INFO | HTTP Request: GET https://www.okx.com/api/v5/market/candles?instId=BTC-USDT-SWAP&bar=5m&limit=64 "HTTP/2 200 OK"
2026-03-16 15:37:08,187 | INFO | HTTP Request: GET https://www.okx.com/api/v5/market/candles?instId=AKITA-USDT-SWAP&bar=5m&limit=71 "HTTP/2 200 OK"
2026-03-16 15:37:08,506 | INFO | HTTP Request: GET https://www.okx.com/api/v5/market/ticker?instId=AAVE-USDT-SWAP "HTTP/2 200 OK"
2026-03-16 15:37:08,595 | INFO | HTTP Request: GET https://www.okx.com/api/v5/market/candles?instId=ALGO-USDT-SWAP&bar=5m&limit=71 "HTTP/2 200 OK"
2026-03-16 15:37:08,995 | INFO | HTTP Request: GET https://www.okx.com/api/v5/market/candles?instId=ARB-USDT-SWAP&bar=5m&limit=71 "HTTP/2 200 OK"
2026-03-16 15:37:09,020 | INFO | HTTP Request: GET https://www.okx.com/api/v5/market/ticker?instId=ACT-USDT-SWAP "HTTP/2 200 OK"
2026-03-16 15:37:09,394 | INFO | HTTP Request: GET https://www.okx.com/api/v5/market/ticker?instId=ARB-USDT-SWAP "HTTP/2 200 OK"
2026-03-16 15:37:09,442 | INFO | ARB-USDT-SWAP: Turtle 55 short-сигнал отклонён (закрытие не удержалось ниже канала)
2026-03-16 15:37:09,445 | INFO | ARB-USDT-SWAP: Turtle 20 short-сигнал отклонён (закрытие не удержалось ниже канала)
2026-03-16 15:37:09,522 | INFO | HTTP Request: GET https://www.okx.com/api/v5/market/ticker?instId=ADA-USDT-SWAP "HTTP/2 200 OK"
2026-03-16 15:37:09,813 | INFO | HTTP Request: GET https://www.okx.com/api/v5/market/candles?instId=ASP-USDT-SWAP&bar=5m&limit=71 "HTTP/2 200 OK"
2026-03-16 15:37:10,040 | INFO | HTTP Request: GET https://www.okx.com/api/v5/market/ticker?instId=AI16Z-USDT-SWAP "HTTP/2 200 OK"
2026-03-16 15:37:10,222 | INFO | HTTP Request: GET https://www.okx.com/api/v5/market/candles?instId=ASTER-USDT-SWAP&bar=5m&limit=71 "HTTP/2 200 OK"
2026-03-16 15:37:10,551 | INFO | HTTP Request: GET https://www.okx.com/api/v5/market/ticker?instId=AKITA-USDT-SWAP "HTTP/2 200 OK"
2026-03-16 15:37:10,627 | INFO | HTTP Request: GET https://www.okx.com/api/v5/market/candles?instId=ATOM-USDT-SWAP&bar=5m&limit=71 "HTTP/2 200 OK"
2026-03-16 15:37:11,030 | INFO | HTTP Request: GET https://www.okx.com/api/v5/market/candles?instId=AUCTION-USDT-SWAP&bar=5m&limit=71 "HTTP/2 200 OK"
2026-03-16 15:37:11,053 | INFO | HTTP Request: GET https://www.okx.com/api/v5/market/ticker?instId=ALGO-USDT-SWAP "HTTP/2 200 OK"
2026-03-16 15:37:11,438 | INFO | HTTP Request: GET https://www.okx.com/api/v5/market/candles?instId=AVAX-USDT-SWAP&bar=5m&limit=71 "HTTP/2 200 OK"
2026-03-16 15:37:11,699 | INFO | HTTP Request: GET https://www.okx.com/api/v5/market/ticker?instId=ASP-USDT-SWAP "HTTP/2 200 OK"
2026-03-16 15:37:11,848 | INFO | HTTP Request: GET https://www.okx.com/api/v5/market/ticker?instId=AVAX-USDT-SWAP "HTTP/2 200 OK"
2026-03-16 15:37:11,852 | INFO | AVAX-USDT-SWAP: Turtle 20 long-сигнал отклонён (закрытие не удержалось выше канала)
2026-03-16 15:37:11,932 | INFO | HTTP Request: GET https://www.okx.com/api/v5/account/balance "HTTP/2 200 OK"
2026-03-16 15:37:12,195 | INFO | HTTP Request: GET https://www.okx.com/api/v5/market/ticker?instId=ASTER-USDT-SWAP "HTTP/2 200 OK"
2026-03-16 15:37:12,229 | INFO | HTTP Request: GET https://www.okx.com/api/v5/market/candles?instId=AXS-USDT-SWAP&bar=5m&limit=71 "HTTP/2 200 OK"
2026-03-16 15:37:12,589 | INFO | HTTP Request: GET https://www.okx.com/api/v5/market/candles?instId=BCH-USDT-SWAP&bar=5m&limit=71 "HTTP/2 200 OK"
2026-03-16 15:37:12,685 | INFO | HTTP Request: GET https://www.okx.com/api/v5/market/ticker?instId=ATOM-USDT-SWAP "HTTP/2 200 OK"
2026-03-16 15:37:13,003 | INFO | HTTP Request: GET https://www.okx.com/api/v5/market/candles?instId=BIO-USDT-SWAP&bar=5m&limit=71 "HTTP/2 200 OK"
2026-03-16 15:37:13,231 | INFO | HTTP Request: GET https://www.okx.com/api/v5/market/ticker?instId=AUCTION-USDT-SWAP "HTTP/2 200 OK"
2026-03-16 15:37:13,403 | INFO | HTTP Request: GET https://www.okx.com/api/v5/market/candles?instId=BLUAI-USDT-SWAP&bar=5m&limit=71 "HTTP/2 200 OK"
2026-03-16 15:37:13,845 | INFO | HTTP Request: GET https://www.okx.com/api/v5/market/ticker?instId=AXS-USDT-SWAP "HTTP/2 200 OK"
2026-03-16 15:37:13,878 | INFO | HTTP Request: GET https://www.okx.com/api/v5/market/candles?instId=BNB-USDT-SWAP&bar=5m&limit=71 "HTTP/2 200 OK"
2026-03-16 15:37:14,246 | INFO | HTTP Request: GET https://www.okx.com/api/v5/market/candles?instId=BOME-USDT-SWAP&bar=5m&limit=71 "HTTP/2 200 OK"
2026-03-16 15:37:14,330 | INFO | HTTP Request: GET https://www.okx.com/api/v5/market/ticker?instId=BCH-USDT-SWAP "HTTP/2 200 OK"
2026-03-16 15:37:14,354 | INFO | HTTP Request: GET https://www.okx.com/api/v5/market/candles?instId=BTC-USDT-SWAP&bar=5m&limit=64 "HTTP/2 200 OK"
2026-03-16 15:37:14,648 | INFO | HTTP Request: GET https://www.okx.com/api/v5/market/candles?instId=BRETT-USDT-SWAP&bar=5m&limit=71 "HTTP/2 200 OK"
2026-03-16 15:37:14,816 | INFO | HTTP Request: GET https://www.okx.com/api/v5/market/ticker?instId=BIO-USDT-SWAP "HTTP/2 200 OK"
2026-03-16 15:37:15,036 | INFO | HTTP Request: GET https://www.okx.com/api/v5/market/candles?instId=BTC-USDT-SWAP&bar=5m&limit=71 "HTTP/2 200 OK"
2026-03-16 15:37:15,361 | INFO | HTTP Request: GET https://www.okx.com/api/v5/market/ticker?instId=BLUAI-USDT-SWAP "HTTP/2 200 OK"
2026-03-16 15:37:15,435 | INFO | HTTP Request: GET https://www.okx.com/api/v5/market/candles?instId=CAT-USDT-SWAP&bar=5m&limit=71 "HTTP/2 200 OK"
2026-03-16 15:37:15,831 | INFO | HTTP Request: GET https://www.okx.com/api/v5/market/candles?instId=CATI-USDT-SWAP&bar=5m&limit=71 "HTTP/2 200 OK"
2026-03-16 15:37:15,855 | INFO | HTTP Request: GET https://www.okx.com/api/v5/market/ticker?instId=BNB-USDT-SWAP "HTTP/2 200 OK"
2026-03-16 15:37:16,240 | INFO | HTTP Request: GET https://www.okx.com/api/v5/market/candles?instId=CELO-USDT-SWAP&bar=5m&limit=71 "HTTP/2 200 OK"
2026-03-16 15:37:16,375 | INFO | HTTP Request: GET https://www.okx.com/api/v5/market/ticker?instId=BOME-USDT-SWAP "HTTP/2 200 OK"
2026-03-16 15:37:16,636 | INFO | HTTP Request: GET https://www.okx.com/api/v5/market/candles?instId=CFX-USDT-SWAP&bar=5m&limit=71 "HTTP/2 200 OK"
2026-03-16 15:37:16,867 | INFO | HTTP Request: GET https://www.okx.com/api/v5/market/ticker?instId=BRETT-USDT-SWAP "HTTP/2 200 OK"
2026-03-16 15:37:17,070 | INFO | HTTP Request: GET https://www.okx.com/api/v5/market/candles?instId=CHZ-USDT-SWAP&bar=5m&limit=71 "HTTP/2 200 OK"
2026-03-16 15:37:17,344 | INFO | HTTP Request: GET https://www.okx.com/api/v5/account/balance "HTTP/2 200 OK"
2026-03-16 15:37:17,384 | INFO | HTTP Request: GET https://www.okx.com/api/v5/market/ticker?instId=BREV-USDT-SWAP "HTTP/2 200 OK"
2026-03-16 15:37:17,459 | INFO | HTTP Request: GET https://www.okx.com/api/v5/market/candles?instId=COAI-USDT-SWAP&bar=5m&limit=71 "HTTP/2 200 OK"
2026-03-16 15:37:17,860 | INFO | HTTP Request: GET https://www.okx.com/api/v5/market/candles?instId=COMP-USDT-SWAP&bar=5m&limit=71 "HTTP/2 200 OK"
2026-03-16 15:37:17,872 | INFO | HTTP Request: GET https://www.okx.com/api/v5/market/ticker?instId=BTC-USDT-SWAP "HTTP/2 200 OK"
2026-03-16 15:37:18,260 | INFO | HTTP Request: GET https://www.okx.com/api/v5/market/candles?instId=CRO-USDT-SWAP&bar=5m&limit=71 "HTTP/2 200 OK"
2026-03-16 15:37:18,380 | INFO | HTTP Request: GET https://www.okx.com/api/v5/market/ticker?instId=CAT-USDT-SWAP "HTTP/2 200 OK"
2026-03-16 15:37:18,662 | INFO | HTTP Request: GET https://www.okx.com/api/v5/market/candles?instId=CRV-USDT-SWAP&bar=5m&limit=71 "HTTP/2 200 OK"
2026-03-16 15:37:18,882 | INFO | HTTP Request: GET https://www.okx.com/api/v5/market/ticker?instId=CATI-USDT-SWAP "HTTP/2 200 OK"
2026-03-16 15:37:19,062 | INFO | HTTP Request: GET https://www.okx.com/api/v5/market/candles?instId=DOGE-USDT-SWAP&bar=5m&limit=71 "HTTP/2 200 OK"
2026-03-16 15:37:19,398 | INFO | HTTP Request: GET https://www.okx.com/api/v5/market/ticker?instId=CELO-USDT-SWAP "HTTP/2 200 OK"
2026-03-16 15:37:19,489 | INFO | HTTP Request: GET https://www.okx.com/api/v5/market/candles?instId=DOT-USDT-SWAP&bar=5m&limit=71 "HTTP/2 200 OK"
2026-03-16 15:37:19,882 | INFO | HTTP Request: GET https://www.okx.com/api/v5/market/candles?instId=ENA-USDT-SWAP&bar=5m&limit=71 "HTTP/2 200 OK"
2026-03-16 15:37:19,894 | INFO | HTTP Request: GET https://www.okx.com/api/v5/market/ticker?instId=CFX-USDT-SWAP "HTTP/2 200 OK"
2026-03-16 15:37:20,281 | INFO | HTTP Request: GET https://www.okx.com/api/v5/market/candles?instId=EOS-USDT-SWAP&bar=5m&limit=71 "HTTP/2 200 OK"
2026-03-16 15:37:20,408 | INFO | HTTP Request: GET https://www.okx.com/api/v5/market/ticker?instId=CHZ-USDT-SWAP "HTTP/2 200 OK"
2026-03-16 15:37:20,595 | INFO | HTTP Request: GET https://www.okx.com/api/v5/market/candles?instId=BTC-USDT-SWAP&bar=5m&limit=64 "HTTP/2 200 OK"
2026-03-16 15:37:20,683 | INFO | HTTP Request: GET https://www.okx.com/api/v5/market/candles?instId=ETC-USDT-SWAP&bar=5m&limit=71 "HTTP/2 200 OK"
2026-03-16 15:37:20,912 | INFO | HTTP Request: GET https://www.okx.com/api/v5/market/ticker?instId=COAI-USDT-SWAP "HTTP/2 200 OK"
2026-03-16 15:37:21,102 | INFO | HTTP Request: GET https://www.okx.com/api/v5/market/candles?instId=ETH-USDT-SWAP&bar=5m&limit=71 "HTTP/2 200 OK"
2026-03-16 15:37:21,425 | INFO | HTTP Request: GET https://www.okx.com/api/v5/market/ticker?instId=COMP-USDT-SWAP "HTTP/2 200 OK"
2026-03-16 15:37:21,504 | INFO | HTTP Request: GET https://www.okx.com/api/v5/market/ticker?instId=ETH-USDT-SWAP "HTTP/2 200 OK"
2026-03-16 15:37:21,546 | INFO | ETH-USDT-SWAP: Turtle 20 short-сигнал отклонён (закрытие не удержалось ниже канала)
2026-03-16 15:37:21,911 | INFO | HTTP Request: GET https://www.okx.com/api/v5/market/candles?instId=ETHFI-USDT-SWAP&bar=5m&limit=71 "HTTP/2 200 OK"
2026-03-16 15:37:21,929 | INFO | HTTP Request: GET https://www.okx.com/api/v5/market/ticker?instId=CRO-USDT-SWAP "HTTP/2 200 OK"
2026-03-16 15:37:22,318 | INFO | HTTP Request: GET https://www.okx.com/api/v5/market/ticker?instId=ETHFI-USDT-SWAP "HTTP/2 200 OK"
2026-03-16 15:37:22,359 | INFO | ETHFI-USDT-SWAP: Turtle 55 long-сигнал отклонён (закрытие не удержалось выше канала)
2026-03-16 15:37:22,363 | INFO | ETHFI-USDT-SWAP: Turtle 55 short-сигнал отклонён (закрытие не удержалось ниже канала)
2026-03-16 15:37:22,368 | INFO | ETHFI-USDT-SWAP: Turtle 20 long-сигнал отклонён (закрытие не удержалось выше канала)
2026-03-16 15:37:22,371 | INFO | ETHFI-USDT-SWAP: Turtle 20 short-сигнал отклонён (закрытие не удержалось ниже канала)
2026-03-16 15:37:22,449 | INFO | HTTP Request: GET https://www.okx.com/api/v5/market/ticker?instId=CRV-USDT-SWAP "HTTP/2 200 OK"
2026-03-16 15:37:22,741 | INFO | HTTP Request: GET https://www.okx.com/api/v5/market/candles?instId=ETHW-USDT-SWAP&bar=5m&limit=71 "HTTP/2 200 OK"
2026-03-16 15:37:22,777 | INFO | HTTP Request: GET https://www.okx.com/api/v5/account/balance "HTTP/2 200 OK"
2026-03-16 15:37:22,972 | INFO | HTTP Request: GET https://www.okx.com/api/v5/market/ticker?instId=DOGE-USDT-SWAP "HTTP/2 200 OK"
2026-03-16 15:37:23,146 | INFO | HTTP Request: GET https://www.okx.com/api/v5/market/candles?instId=FIL-USDT-SWAP&bar=5m&limit=71 "HTTP/2 200 OK"
2026-03-16 15:37:23,469 | INFO | HTTP Request: GET https://www.okx.com/api/v5/market/ticker?instId=DOT-USDT-SWAP "HTTP/2 200 OK"
2026-03-16 15:37:23,558 | INFO | HTTP Request: GET https://www.okx.com/api/v5/market/candles?instId=FLOKI-USDT-SWAP&bar=5m&limit=71 "HTTP/2 200 OK"
2026-03-16 15:37:23,967 | INFO | HTTP Request: GET https://www.okx.com/api/v5/market/candles?instId=GMT-USDT-SWAP&bar=5m&limit=71 "HTTP/2 200 OK"
2026-03-16 15:37:23,976 | INFO | HTTP Request: GET https://www.okx.com/api/v5/market/ticker?instId=ENA-USDT-SWAP "HTTP/2 200 OK"
2026-03-16 15:37:24,366 | INFO | HTTP Request: GET https://www.okx.com/api/v5/market/candles?instId=H-USDT-SWAP&bar=5m&limit=71 "HTTP/2 200 OK"
2026-03-16 15:37:24,489 | INFO | HTTP Request: GET https://www.okx.com/api/v5/market/ticker?instId=EOS-USDT-SWAP "HTTP/2 200 OK"
2026-03-16 15:37:24,778 | INFO | HTTP Request: GET https://www.okx.com/api/v5/market/candles?instId=HBAR-USDT-SWAP&bar=5m&limit=71 "HTTP/2 200 OK"
2026-03-16 15:37:24,996 | INFO | HTTP Request: GET https://www.okx.com/api/v5/market/ticker?instId=ETC-USDT-SWAP "HTTP/2 200 OK"
2026-03-16 15:37:25,179 | INFO | HTTP Request: GET https://www.okx.com/api/v5/market/candles?instId=HMSTR-USDT-SWAP&bar=5m&limit=71 "HTTP/2 200 OK"
2026-03-16 15:37:25,595 | INFO | HTTP Request: GET https://www.okx.com/api/v5/market/candles?instId=HOME-USDT-SWAP&bar=5m&limit=71 "HTTP/2 200 OK"
2026-03-16 15:37:25,738 | INFO | HTTP Request: GET https://www.okx.com/api/v5/market/ticker?instId=ETHW-USDT-SWAP "HTTP/2 200 OK"
2026-03-16 15:37:25,992 | INFO | HTTP Request: GET https://www.okx.com/api/v5/market/candles?instId=IMX-USDT-SWAP&bar=5m&limit=71 "HTTP/2 200 OK"
2026-03-16 15:37:26,218 | INFO | HTTP Request: GET https://www.okx.com/api/v5/market/ticker?instId=FIL-USDT-SWAP "HTTP/2 200 OK"
2026-03-16 15:37:26,400 | INFO | HTTP Request: GET https://www.okx.com/api/v5/market/candles?instId=INJ-USDT-SWAP&bar=5m&limit=71 "HTTP/2 200 OK"
2026-03-16 15:37:26,733 | INFO | HTTP Request: GET https://www.okx.com/api/v5/market/ticker?instId=FLOKI-USDT-SWAP "HTTP/2 200 OK"
2026-03-16 15:37:26,828 | INFO | HTTP Request: GET https://www.okx.com/api/v5/market/candles?instId=IOTA-USDT-SWAP&bar=5m&limit=71 "HTTP/2 200 OK"
2026-03-16 15:37:26,849 | INFO | HTTP Request: GET https://www.okx.com/api/v5/market/candles?instId=BTC-USDT-SWAP&bar=5m&limit=64 "HTTP/2 200 OK"
2026-03-16 15:37:27,228 | INFO | HTTP Request: GET https://www.okx.com/api/v5/market/candles?instId=JUP-USDT-SWAP&bar=5m&limit=71 "HTTP/2 200 OK"
2026-03-16 15:37:27,238 | INFO | HTTP Request: GET https://www.okx.com/api/v5/market/ticker?instId=GMT-USDT-SWAP "HTTP/2 200 OK"
2026-03-16 15:37:27,638 | INFO | HTTP Request: GET https://www.okx.com/api/v5/market/candles?instId=KAITO-USDT-SWAP&bar=5m&limit=71 "HTTP/2 200 OK"
2026-03-16 15:37:27,753 | INFO | HTTP Request: GET https://www.okx.com/api/v5/market/ticker?instId=H-USDT-SWAP "HTTP/2 200 OK"
2026-03-16 15:37:28,034 | INFO | HTTP Request: GET https://www.okx.com/api/v5/market/candles?instId=KSM-USDT-SWAP&bar=5m&limit=71 "HTTP/2 200 OK"
2026-03-16 15:37:28,222 | INFO | HTTP Request: GET https://www.okx.com/api/v5/account/balance "HTTP/2 200 OK"
2026-03-16 15:37:28,269 | INFO | HTTP Request: GET https://www.okx.com/api/v5/market/ticker?instId=HBAR-USDT-SWAP "HTTP/2 200 OK"
2026-03-16 15:37:28,448 | INFO | HTTP Request: GET https://www.okx.com/api/v5/market/candles?instId=LDO-USDT-SWAP&bar=5m&limit=71 "HTTP/2 200 OK"
2026-03-16 15:37:28,759 | INFO | HTTP Request: GET https://www.okx.com/api/v5/market/ticker?instId=HMSTR-USDT-SWAP "HTTP/2 200 OK"
2026-03-16 15:37:28,834 | INFO | HTTP Request: GET https://www.okx.com/api/v5/market/candles?instId=LINEA-USDT-SWAP&bar=5m&limit=71 "HTTP/2 200 OK"
2026-03-16 15:37:29,247 | INFO | HTTP Request: GET https://www.okx.com/api/v5/market/candles?instId=LINK-USDT-SWAP&bar=5m&limit=71 "HTTP/2 200 OK"
2026-03-16 15:37:29,271 | INFO | HTTP Request: GET https://www.okx.com/api/v5/market/ticker?instId=HOME-USDT-SWAP "HTTP/2 200 OK"
2026-03-16 15:37:29,652 | INFO | HTTP Request: GET https://www.okx.com/api/v5/market/candles?instId=LIT-USDT-SWAP&bar=5m&limit=71 "HTTP/2 200 OK"
2026-03-16 15:37:29,771 | INFO | HTTP Request: GET https://www.okx.com/api/v5/market/ticker?instId=IMX-USDT-SWAP "HTTP/2 200 OK"
2026-03-16 15:37:30,069 | INFO | HTTP Request: GET https://www.okx.com/api/v5/market/candles?instId=LPT-USDT-SWAP&bar=5m&limit=71 "HTTP/2 200 OK"
2026-03-16 15:37:30,291 | INFO | HTTP Request: GET https://www.okx.com/api/v5/market/ticker?instId=INJ-USDT-SWAP "HTTP/2 200 OK"
2026-03-16 15:37:30,477 | INFO | HTTP Request: GET https://www.okx.com/api/v5/market/candles?instId=LQTY-USDT-SWAP&bar=5m&limit=71 "HTTP/2 200 OK"
2026-03-16 15:37:30,814 | INFO | HTTP Request: GET https://www.okx.com/api/v5/market/ticker?instId=IOTA-USDT-SWAP "HTTP/2 200 OK"
2026-03-16 15:37:30,886 | INFO | HTTP Request: GET https://www.okx.com/api/v5/market/candles?instId=LRC-USDT-SWAP&bar=5m&limit=71 "HTTP/2 200 OK"
2026-03-16 15:37:31,286 | INFO | HTTP Request: GET https://www.okx.com/api/v5/market/candles?instId=LTC-USDT-SWAP&bar=5m&limit=71 "HTTP/2 200 OK"
2026-03-16 15:37:31,293 | INFO | HTTP Request: GET https://www.okx.com/api/v5/market/ticker?instId=JUP-USDT-SWAP "HTTP/2 200 OK"
2026-03-16 15:37:31,699 | INFO | HTTP Request: GET https://www.okx.com/api/v5/market/candles?instId=MAGIC-USDT-SWAP&bar=5m&limit=71 "HTTP/2 200 OK"
2026-03-16 15:37:31,829 | INFO | HTTP Request: GET https://www.okx.com/api/v5/market/ticker?instId=KAITO-USDT-SWAP "HTTP/2 200 OK"
2026-03-16 15:37:32,090 | INFO | HTTP Request: GET https://www.okx.com/api/v5/market/candles?instId=MAJOR-USDT-SWAP&bar=5m&limit=71 "HTTP/2 200 OK"
2026-03-16 15:37:32,327 | INFO | HTTP Request: GET https://www.okx.com/api/v5/market/ticker?instId=KSM-USDT-SWAP "HTTP/2 200 OK"
2026-03-16 15:37:32,501 | INFO | HTTP Request: GET https://www.okx.com/api/v5/market/candles?instId=MASK-USDT-SWAP&bar=5m&limit=71 "HTTP/2 200 OK"
2026-03-16 15:37:32,813 | INFO | HTTP Request: GET https://www.okx.com/api/v5/market/ticker?instId=LDO-USDT-SWAP "HTTP/2 200 OK"
2026-03-16 15:37:32,920 | INFO | HTTP Request: GET https://www.okx.com/api/v5/market/candles?instId=MET-USDT-SWAP&bar=5m&limit=71 "HTTP/2 200 OK"
2026-03-16 15:37:33,101 | INFO | HTTP Request: GET https://www.okx.com/api/v5/market/candles?instId=BTC-USDT-SWAP&bar=5m&limit=64 "HTTP/2 200 OK"
2026-03-16 15:37:33,303 | INFO | HTTP Request: GET https://www.okx.com/api/v5/market/candles?instId=MINA-USDT-SWAP&bar=5m&limit=71 "HTTP/2 200 OK"
2026-03-16 15:37:33,326 | INFO | HTTP Request: GET https://www.okx.com/api/v5/market/ticker?instId=LINEA-USDT-SWAP "HTTP/2 200 OK"
2026-03-16 15:37:33,601 | INFO | HTTP Request: GET https://www.okx.com/api/v5/account/balance "HTTP/2 200 OK"
2026-03-16 15:37:33,712 | INFO | HTTP Request: GET https://www.okx.com/api/v5/market/candles?instId=MKR-USDT-SWAP&bar=5m&limit=71 "HTTP/2 200 OK"
2026-03-16 15:37:33,853 | INFO | HTTP Request: GET https://www.okx.com/api/v5/market/ticker?instId=LINK-USDT-SWAP "HTTP/2 200 OK"
2026-03-16 15:37:34,076 | INFO | HTTP Request: GET https://www.okx.com/api/v5/market/candles?instId=MUBARAK-USDT-SWAP&bar=5m&limit=71 "HTTP/2 200 OK"
2026-03-16 15:37:34,338 | INFO | HTTP Request: GET https://www.okx.com/api/v5/market/ticker?instId=LIT-USDT-SWAP "HTTP/2 200 OK"
2026-03-16 15:37:34,440 | INFO | HTTP Request: GET https://www.okx.com/api/v5/market/candles?instId=NEAR-USDT-SWAP&bar=5m&limit=71 "HTTP/2 200 OK"
2026-03-16 15:37:34,847 | INFO | HTTP Request: GET https://www.okx.com/api/v5/market/candles?instId=NEO-USDT-SWAP&bar=5m&limit=71 "HTTP/2 200 OK"
2026-03-16 15:37:34,873 | INFO | HTTP Request: GET https://www.okx.com/api/v5/market/ticker?instId=LPT-USDT-SWAP "HTTP/2 200 OK"
2026-03-16 15:37:35,251 | INFO | HTTP Request: GET https://www.okx.com/api/v5/market/candles?instId=NOT-USDT-SWAP&bar=5m&limit=71 "HTTP/2 200 OK"
2026-03-16 15:37:35,381 | INFO | HTTP Request: GET https://www.okx.com/api/v5/market/ticker?instId=LQTY-USDT-SWAP "HTTP/2 200 OK"
2026-03-16 15:37:35,655 | INFO | HTTP Request: GET https://www.okx.com/api/v5/market/candles?instId=OP-USDT-SWAP&bar=5m&limit=71 "HTTP/2 200 OK"
2026-03-16 15:37:35,881 | INFO | HTTP Request: GET https://www.okx.com/api/v5/market/ticker?instId=LRC-USDT-SWAP "HTTP/2 200 OK"
2026-03-16 15:37:36,068 | INFO | HTTP Request: GET https://www.okx.com/api/v5/market/candles?instId=PEPE-USDT-SWAP&bar=5m&limit=71 "HTTP/2 200 OK"
2026-03-16 15:37:36,390 | INFO | HTTP Request: GET https://www.okx.com/api/v5/market/ticker?instId=LTC-USDT-SWAP "HTTP/2 200 OK"
2026-03-16 15:37:36,470 | INFO | HTTP Request: GET https://www.okx.com/api/v5/market/candles?instId=PIGGY-USDT-SWAP&bar=5m&limit=71 "HTTP/2 200 OK"
2026-03-16 15:37:36,881 | INFO | HTTP Request: GET https://www.okx.com/api/v5/market/candles?instId=QTUM-USDT-SWAP&bar=5m&limit=71 "HTTP/2 200 OK"
2026-03-16 15:37:36,905 | INFO | HTTP Request: GET https://www.okx.com/api/v5/market/ticker?instId=MAGIC-USDT-SWAP "HTTP/2 200 OK"
2026-03-16 15:37:37,296 | INFO | HTTP Request: GET https://www.okx.com/api/v5/market/candles?instId=RAVE-USDT-SWAP&bar=5m&limit=71 "HTTP/2 200 OK"
2026-03-16 15:37:37,409 | INFO | HTTP Request: GET https://www.okx.com/api/v5/market/ticker?instId=MAJOR-USDT-SWAP "HTTP/2 200 OK"
2026-03-16 15:37:37,690 | INFO | HTTP Request: GET https://www.okx.com/api/v5/market/candles?instId=RESOLV-USDT-SWAP&bar=5m&limit=71 "HTTP/2 200 OK"
2026-03-16 15:37:37,928 | INFO | HTTP Request: GET https://www.okx.com/api/v5/market/ticker?instId=MASK-USDT-SWAP "HTTP/2 200 OK"
2026-03-16 15:37:38,096 | INFO | HTTP Request: GET https://www.okx.com/api/v5/market/candles?instId=ROBO-USDT-SWAP&bar=5m&limit=71 "HTTP/2 200 OK"
2026-03-16 15:37:38,434 | INFO | HTTP Request: GET https://www.okx.com/api/v5/market/ticker?instId=MET-USDT-SWAP "HTTP/2 200 OK"
2026-03-16 15:37:38,506 | INFO | HTTP Request: GET https://www.okx.com/api/v5/market/candles?instId=SAND-USDT-SWAP&bar=5m&limit=71 "HTTP/2 200 OK"
2026-03-16 15:37:38,918 | INFO | HTTP Request: GET https://www.okx.com/api/v5/market/ticker?instId=MINA-USDT-SWAP "HTTP/2 200 OK"
2026-03-16 15:37:38,923 | INFO | HTTP Request: GET https://www.okx.com/api/v5/market/candles?instId=SCR-USDT-SWAP&bar=5m&limit=71 "HTTP/2 200 OK"
2026-03-16 15:37:38,975 | INFO | HTTP Request: GET https://www.okx.com/api/v5/account/balance "HTTP/2 200 OK"
2026-03-16 15:37:39,311 | INFO | HTTP Request: GET https://www.okx.com/api/v5/market/candles?instId=SHIB-USDT-SWAP&bar=5m&limit=71 "HTTP/2 200 OK"
2026-03-16 15:37:39,349 | INFO | HTTP Request: GET https://www.okx.com/api/v5/market/candles?instId=BTC-USDT-SWAP&bar=5m&limit=64 "HTTP/2 200 OK"
2026-03-16 15:37:39,427 | INFO | HTTP Request: GET https://www.okx.com/api/v5/market/ticker?instId=MKR-USDT-SWAP "HTTP/2 200 OK"
2026-03-16 15:37:39,686 | INFO | HTTP Request: GET https://www.okx.com/api/v5/market/candles?instId=SKY-USDT-SWAP&bar=5m&limit=71 "HTTP/2 200 OK"
2026-03-16 15:37:39,935 | INFO | HTTP Request: GET https://www.okx.com/api/v5/market/ticker?instId=MUBARAK-USDT-SWAP "HTTP/2 200 OK"
2026-03-16 15:37:40,065 | INFO | HTTP Request: GET https://www.okx.com/api/v5/market/candles?instId=SOL-USDT-SWAP&bar=5m&limit=71 "HTTP/2 200 OK"
2026-03-16 15:37:40,430 | INFO | HTTP Request: GET https://www.okx.com/api/v5/market/ticker?instId=NEAR-USDT-SWAP "HTTP/2 200 OK"
2026-03-16 15:37:40,432 | INFO | HTTP Request: GET https://www.okx.com/api/v5/market/candles?instId=SOLV-USDT-SWAP&bar=5m&limit=71 "HTTP/2 200 OK"
2026-03-16 15:37:40,827 | INFO | HTTP Request: GET https://www.okx.com/api/v5/market/candles?instId=SPK-USDT-SWAP&bar=5m&limit=71 "HTTP/2 200 OK"
2026-03-16 15:37:40,948 | INFO | HTTP Request: GET https://www.okx.com/api/v5/market/ticker?instId=NEO-USDT-SWAP "HTTP/2 200 OK"
2026-03-16 15:37:41,248 | INFO | HTTP Request: GET https://www.okx.com/api/v5/market/candles?instId=STRK-USDT-SWAP&bar=5m&limit=71 "HTTP/2 200 OK"
2026-03-16 15:37:41,456 | INFO | HTTP Request: GET https://www.okx.com/api/v5/market/ticker?instId=NOT-USDT-SWAP "HTTP/2 200 OK"
2026-03-16 15:37:41,649 | INFO | HTTP Request: GET https://www.okx.com/api/v5/market/candles?instId=SUI-USDT-SWAP&bar=5m&limit=71 "HTTP/2 200 OK"
2026-03-16 15:37:41,969 | INFO | HTTP Request: GET https://www.okx.com/api/v5/market/ticker?instId=OP-USDT-SWAP "HTTP/2 200 OK"
2026-03-16 15:37:42,048 | INFO | HTTP Request: GET https://www.okx.com/api/v5/market/candles?instId=SUSHI-USDT-SWAP&bar=5m&limit=71 "HTTP/2 200 OK"
2026-03-16 15:37:42,460 | INFO | HTTP Request: GET https://www.okx.com/api/v5/market/candles?instId=SYRUP-USDT-SWAP&bar=5m&limit=71 "HTTP/2 200 OK"
2026-03-16 15:37:42,470 | INFO | HTTP Request: GET https://www.okx.com/api/v5/market/ticker?instId=PEPE-USDT-SWAP "HTTP/2 200 OK"
2026-03-16 15:37:42,868 | INFO | HTTP Request: GET https://www.okx.com/api/v5/market/candles?instId=TEST1234-USDT-SWAP&bar=5m&limit=71 "HTTP/2 200 OK"
2026-03-16 15:37:42,988 | INFO | HTTP Request: GET https://www.okx.com/api/v5/market/ticker?instId=PIGGY-USDT-SWAP "HTTP/2 200 OK"
2026-03-16 15:37:43,271 | INFO | HTTP Request: GET https://www.okx.com/api/v5/market/candles?instId=TEST3103-USDT-SWAP&bar=5m&limit=71 "HTTP/2 200 OK"
2026-03-16 15:37:43,488 | INFO | HTTP Request: GET https://www.okx.com/api/v5/market/ticker?instId=QTUM-USDT-SWAP "HTTP/2 200 OK"
2026-03-16 15:37:43,684 | INFO | HTTP Request: GET https://www.okx.com/api/v5/market/candles?instId=TEST3110-USDT-SWAP&bar=5m&limit=71 "HTTP/2 200 OK"
2026-03-16 15:37:44,003 | INFO | HTTP Request: GET https://www.okx.com/api/v5/market/ticker?instId=RAVE-USDT-SWAP "HTTP/2 200 OK"
2026-03-16 15:37:44,084 | INFO | HTTP Request: GET https://www.okx.com/api/v5/market/candles?instId=THETA-USDT-SWAP&bar=5m&limit=71 "HTTP/2 200 OK"
2026-03-16 15:37:44,276 | INFO | HTTP Request: GET https://www.okx.com/api/v5/account/balance "HTTP/2 200 OK"
2026-03-16 15:37:44,491 | INFO | HTTP Request: GET https://www.okx.com/api/v5/market/candles?instId=TON-USDT-SWAP&bar=5m&limit=71 "HTTP/2 200 OK"
2026-03-16 15:37:44,509 | INFO | HTTP Request: GET https://www.okx.com/api/v5/market/ticker?instId=RESOLV-USDT-SWAP "HTTP/2 200 OK"
2026-03-16 15:37:44,884 | INFO | HTTP Request: GET https://www.okx.com/api/v5/market/ticker?instId=TON-USDT-SWAP "HTTP/2 200 OK"
2026-03-16 15:37:44,917 | INFO | TON-USDT-SWAP: Turtle 20 long-сигнал отклонён (закрытие не удержалось выше канала)
2026-03-16 15:37:44,998 | INFO | HTTP Request: GET https://www.okx.com/api/v5/market/ticker?instId=ROBO-USDT-SWAP "HTTP/2 200 OK"
2026-03-16 15:37:45,275 | INFO | HTTP Request: GET https://www.okx.com/api/v5/market/candles?instId=TRIA-USDT-SWAP&bar=5m&limit=71 "HTTP/2 200 OK"
2026-03-16 15:37:45,502 | INFO | HTTP Request: GET https://www.okx.com/api/v5/market/ticker?instId=SAND-USDT-SWAP "HTTP/2 200 OK"
2026-03-16 15:37:45,601 | INFO | HTTP Request: GET https://www.okx.com/api/v5/market/candles?instId=BTC-USDT-SWAP&bar=5m&limit=64 "HTTP/2 200 OK"
2026-03-16 15:37:45,686 | INFO | HTTP Request: GET https://www.okx.com/api/v5/market/candles?instId=TRX-USDT-SWAP&bar=5m&limit=71 "HTTP/2 200 OK"
2026-03-16 15:37:46,008 | INFO | HTTP Request: GET https://www.okx.com/api/v5/market/ticker?instId=SCR-USDT-SWAP "HTTP/2 200 OK"
2026-03-16 15:37:46,091 | INFO | HTTP Request: GET https://www.okx.com/api/v5/market/candles?instId=TSLA-USDT-SWAP&bar=5m&limit=71 "HTTP/2 200 OK"
2026-03-16 15:37:46,510 | INFO | HTTP Request: GET https://www.okx.com/api/v5/market/candles?instId=XAU-USDT-SWAP&bar=5m&limit=71 "HTTP/2 200 OK"
2026-03-16 15:37:46,515 | INFO | HTTP Request: GET https://www.okx.com/api/v5/market/ticker?instId=SHIB-USDT-SWAP "HTTP/2 200 OK"
2026-03-16 15:37:46,917 | INFO | HTTP Request: GET https://www.okx.com/api/v5/market/candles?instId=XLM-USDT-SWAP&bar=5m&limit=71 "HTTP/2 200 OK"
2026-03-16 15:37:47,039 | INFO | HTTP Request: GET https://www.okx.com/api/v5/market/ticker?instId=SKY-USDT-SWAP "HTTP/2 200 OK"
2026-03-16 15:37:47,308 | INFO | HTTP Request: GET https://www.okx.com/api/v5/market/candles?instId=XPL-USDT-SWAP&bar=5m&limit=71 "HTTP/2 200 OK"
2026-03-16 15:37:47,544 | INFO | HTTP Request: GET https://www.okx.com/api/v5/market/ticker?instId=SOL-USDT-SWAP "HTTP/2 200 OK"
2026-03-16 15:37:47,714 | INFO | HTTP Request: GET https://www.okx.com/api/v5/market/candles?instId=XRP-USDT-SWAP&bar=5m&limit=71 "HTTP/2 200 OK"
2026-03-16 15:37:48,053 | INFO | HTTP Request: GET https://www.okx.com/api/v5/market/ticker?instId=SOLV-USDT-SWAP "HTTP/2 200 OK"
2026-03-16 15:37:48,126 | INFO | HTTP Request: GET https://www.okx.com/api/v5/market/candles?instId=XSR-USDT-SWAP&bar=5m&limit=71 "HTTP/2 200 OK"
2026-03-16 15:37:48,525 | INFO | HTTP Request: GET https://www.okx.com/api/v5/market/candles?instId=XTZ-USDT-SWAP&bar=5m&limit=71 "HTTP/2 200 OK"
2026-03-16 15:37:48,541 | INFO | HTTP Request: GET https://www.okx.com/api/v5/market/ticker?instId=SPK-USDT-SWAP "HTTP/2 200 OK"
2026-03-16 15:37:48,934 | INFO | HTTP Request: GET https://www.okx.com/api/v5/market/candles?instId=YB-USDT-SWAP&bar=5m&limit=71 "HTTP/2 200 OK"
2026-03-16 15:37:49,062 | INFO | HTTP Request: GET https://www.okx.com/api/v5/market/ticker?instId=STRK-USDT-SWAP "HTTP/2 200 OK"
2026-03-16 15:37:49,345 | INFO | HTTP Request: GET https://www.okx.com/api/v5/market/candles?instId=YFI-USDT-SWAP&bar=5m&limit=71 "HTTP/2 200 OK"
2026-03-16 15:37:49,560 | INFO | HTTP Request: GET https://www.okx.com/api/v5/market/ticker?instId=SUI-USDT-SWAP "HTTP/2 200 OK"
2026-03-16 15:37:49,691 | INFO | HTTP Request: GET https://www.okx.com/api/v5/account/balance "HTTP/2 200 OK"
2026-03-16 15:37:49,748 | INFO | HTTP Request: GET https://www.okx.com/api/v5/market/candles?instId=YGG-USDT-SWAP&bar=5m&limit=71 "HTTP/2 200 OK"
2026-03-16 15:37:50,074 | INFO | HTTP Request: GET https://www.okx.com/api/v5/market/ticker?instId=SUSHI-USDT-SWAP "HTTP/2 200 OK"
2026-03-16 15:37:50,161 | INFO | HTTP Request: GET https://www.okx.com/api/v5/market/candles?instId=ZAMA-USDT-SWAP&bar=5m&limit=71 "HTTP/2 200 OK"
2026-03-16 15:37:50,576 | INFO | HTTP Request: GET https://www.okx.com/api/v5/market/candles?instId=ZBCN-USDT-SWAP&bar=5m&limit=71 "HTTP/2 200 OK"
2026-03-16 15:37:50,580 | INFO | HTTP Request: GET https://www.okx.com/api/v5/market/ticker?instId=SYRUP-USDT-SWAP "HTTP/2 200 OK"
2026-03-16 15:37:50,968 | INFO | HTTP Request: GET https://www.okx.com/api/v5/market/candles?instId=ZETA-USDT-SWAP&bar=5m&limit=71 "HTTP/2 200 OK"
2026-03-16 15:37:51,086 | INFO | HTTP Request: GET https://www.okx.com/api/v5/market/ticker?instId=TEST1234-USDT-SWAP "HTTP/2 200 OK"
2026-03-16 15:37:51,384 | INFO | HTTP Request: GET https://www.okx.com/api/v5/market/candles?instId=ZIL-USDT-SWAP&bar=5m&limit=71 "HTTP/2 200 OK"
2026-03-16 15:37:51,596 | INFO | HTTP Request: GET https://www.okx.com/api/v5/market/ticker?instId=TEST3103-USDT-SWAP "HTTP/2 200 OK"
2026-03-16 15:37:51,848 | INFO | HTTP Request: GET https://www.okx.com/api/v5/market/candles?instId=BTC-USDT-SWAP&bar=5m&limit=64 "HTTP/2 200 OK"
2026-03-16 15:37:51,879 | INFO | HTTP Request: GET https://www.okx.com/api/v5/market/candles?instId=XAG-USDT-SWAP&bar=5m&limit=26 "HTTP/2 200 OK"
2026-03-16 15:37:52,102 | INFO | HTTP Request: GET https://www.okx.com/api/v5/market/ticker?instId=TEST3110-USDT-SWAP "HTTP/2 200 OK"
2026-03-16 15:37:52,245 | INFO | HTTP Request: GET https://www.okx.com/api/v5/market/ticker?instId=XAG-USDT-SWAP "HTTP/2 200 OK"
2026-03-16 15:37:52,563 | INFO | HTTP Request: GET https://www.okx.com/api/v5/trade/orders-algo-pending?ordType=conditional&instType=SWAP&instId=XAG-USDT-SWAP "HTTP/2 200 OK"
2026-03-16 15:37:52,586 | INFO | HTTP Request: GET https://www.okx.com/api/v5/market/ticker?instId=THETA-USDT-SWAP "HTTP/2 200 OK"
2026-03-16 15:37:52,884 | INFO | HTTP Request: GET https://www.okx.com/api/v5/trade/orders-algo-pending?ordType=oco&instType=SWAP&instId=XAG-USDT-SWAP "HTTP/2 200 OK"
2026-03-16 15:37:53,185 | INFO | HTTP Request: GET https://www.okx.com/api/v5/market/ticker?instId=TRIA-USDT-SWAP "HTTP/2 200 OK"
2026-03-16 15:37:53,196 | INFO | HTTP Request: GET https://www.okx.com/api/v5/trade/orders-algo-pending?ordType=trigger&instType=SWAP&instId=XAG-USDT-SWAP "HTTP/2 200 OK"
2026-03-16 15:37:53,503 | INFO | HTTP Request: GET https://www.okx.com/api/v5/trade/orders-algo-pending?ordType=move_order_stop&instType=SWAP&instId=XAG-USDT-SWAP "HTTP/2 200 OK"
2026-03-16 15:37:53,683 | INFO | HTTP Request: GET https://www.okx.com/api/v5/market/ticker?instId=TRX-USDT-SWAP "HTTP/2 200 OK"
2026-03-16 15:37:53,813 | INFO | HTTP Request: GET https://www.okx.com/api/v5/trade/orders-algo-pending?ordType=iceberg&instType=SWAP&instId=XAG-USDT-SWAP "HTTP/2 200 OK"
2026-03-16 15:37:54,113 | INFO | HTTP Request: GET https://www.okx.com/api/v5/trade/orders-algo-pending?ordType=twap&instType=SWAP&instId=XAG-USDT-SWAP "HTTP/2 200 OK"
2026-03-16 15:37:54,194 | INFO | HTTP Request: GET https://www.okx.com/api/v5/market/ticker?instId=TSLA-USDT-SWAP "HTTP/2 200 OK"
2026-03-16 15:37:54,422 | INFO | HTTP Request: GET https://www.okx.com/api/v5/trade/orders-algo-pending?ordType=chase&instType=SWAP&instId=XAG-USDT-SWAP "HTTP/2 200 OK"
2026-03-16 15:37:54,710 | INFO | HTTP Request: GET https://www.okx.com/api/v5/market/ticker?instId=XAU-USDT-SWAP "HTTP/2 200 OK"
2026-03-16 15:37:54,787 | INFO | HTTP Request: GET https://www.okx.com/api/v5/market/candles?instId=ICP-USDT-SWAP&bar=5m&limit=26 "HTTP/2 200 OK"
2026-03-16 15:37:55,054 | INFO | HTTP Request: GET https://www.okx.com/api/v5/account/balance "HTTP/2 200 OK"
2026-03-16 15:37:55,187 | INFO | HTTP Request: GET https://www.okx.com/api/v5/market/ticker?instId=ICP-USDT-SWAP "HTTP/2 200 OK"
2026-03-16 15:37:55,219 | INFO | HTTP Request: GET https://www.okx.com/api/v5/market/ticker?instId=XLM-USDT-SWAP "HTTP/2 200 OK"
2026-03-16 15:37:55,500 | INFO | HTTP Request: GET https://www.okx.com/api/v5/trade/orders-algo-pending?ordType=conditional&instType=SWAP&instId=ICP-USDT-SWAP "HTTP/2 200 OK"
2026-03-16 15:37:55,705 | INFO | HTTP Request: GET https://www.okx.com/api/v5/market/ticker?instId=XPL-USDT-SWAP "HTTP/2 200 OK"
2026-03-16 15:37:55,834 | INFO | HTTP Request: GET https://www.okx.com/api/v5/trade/orders-algo-pending?ordType=oco&instType=SWAP&instId=ICP-USDT-SWAP "HTTP/2 200 OK"
2026-03-16 15:37:56,076 | INFO | HTTP Request: GET https://www.okx.com/api/v5/trade/orders-algo-pending?ordType=trigger&instType=SWAP&instId=ICP-USDT-SWAP "HTTP/2 200 OK"
2026-03-16 15:37:56,209 | INFO | HTTP Request: GET https://www.okx.com/api/v5/market/ticker?instId=XRP-USDT-SWAP "HTTP/2 200 OK"
2026-03-16 15:37:56,313 | INFO | HTTP Request: GET https://www.okx.com/api/v5/trade/orders-algo-pending?ordType=move_order_stop&instType=SWAP&instId=ICP-USDT-SWAP "HTTP/2 200 OK"
2026-03-16 15:37:56,553 | INFO | HTTP Request: GET https://www.okx.com/api/v5/trade/orders-algo-pending?ordType=iceberg&instType=SWAP&instId=ICP-USDT-SWAP "HTTP/2 200 OK"
2026-03-16 15:37:56,693 | INFO | HTTP Request: GET https://www.okx.com/api/v5/market/ticker?instId=XSR-USDT-SWAP "HTTP/2 200 OK"
2026-03-16 15:37:56,877 | INFO | HTTP Request: GET https://www.okx.com/api/v5/trade/orders-algo-pending?ordType=twap&instType=SWAP&instId=ICP-USDT-SWAP "HTTP/2 200 OK"
2026-03-16 15:37:57,152 | INFO | HTTP Request: GET https://www.okx.com/api/v5/trade/orders-algo-pending?ordType=chase&instType=SWAP&instId=ICP-USDT-SWAP "HTTP/2 200 OK"
2026-03-16 15:37:57,514 | INFO | HTTP Request: GET https://www.okx.com/api/v5/market/candles?instId=BAND-USDT-SWAP&bar=5m&limit=26 "HTTP/2 200 OK"
2026-03-16 15:37:57,928 | INFO | HTTP Request: GET https://www.okx.com/api/v5/market/ticker?instId=BAND-USDT-SWAP "HTTP/2 200 OK"
2026-03-16 15:37:58,105 | INFO | HTTP Request: GET https://www.okx.com/api/v5/market/candles?instId=BTC-USDT-SWAP&bar=5m&limit=64 "HTTP/2 200 OK"
2026-03-16 15:37:58,149 | INFO | HTTP Request: GET https://www.okx.com/api/v5/market/ticker?instId=XAG-USDT-SWAP "HTTP/2 200 OK"
2026-03-16 15:37:58,199 | INFO | HTTP Request: GET https://www.okx.com/api/v5/trade/orders-algo-pending?ordType=conditional&instType=SWAP&instId=BAND-USDT-SWAP "HTTP/2 200 OK"
2026-03-16 15:37:58,507 | INFO | HTTP Request: GET https://www.okx.com/api/v5/market/candles?instId=XAG-USDT-SWAP&bar=5m&limit=89 "HTTP/2 200 OK"
2026-03-16 15:37:58,509 | INFO | HTTP Request: GET https://www.okx.com/api/v5/trade/orders-algo-pending?ordType=oco&instType=SWAP&instId=BAND-USDT-SWAP "HTTP/2 200 OK"
2026-03-16 15:37:58,749 | INFO | HTTP Request: GET https://www.okx.com/api/v5/trade/orders-algo-pending?ordType=trigger&instType=SWAP&instId=BAND-USDT-SWAP "HTTP/2 200 OK"
2026-03-16 15:37:59,047 | INFO | HTTP Request: GET https://www.okx.com/api/v5/trade/orders-algo-pending?ordType=move_order_stop&instType=SWAP&instId=BAND-USDT-SWAP "HTTP/2 200 OK"
2026-03-16 15:37:59,235 | INFO | HTTP Request: GET https://www.okx.com/api/v5/market/ticker?instId=BREV-USDT-SWAP "HTTP/2 200 OK"
2026-03-16 15:37:59,313 | INFO | HTTP Request: GET https://www.okx.com/api/v5/trade/orders-algo-pending?ordType=iceberg&instType=SWAP&instId=BAND-USDT-SWAP "HTTP/2 200 OK"
2026-03-16 15:37:59,618 | INFO | HTTP Request: GET https://www.okx.com/api/v5/trade/orders-algo-pending?ordType=twap&instType=SWAP&instId=BAND-USDT-SWAP "HTTP/2 200 OK"
2026-03-16 15:37:59,708 | INFO | HTTP Request: GET https://www.okx.com/api/v5/market/candles?instId=BREV-USDT-SWAP&bar=5m&limit=89 "HTTP/2 200 OK"
2026-03-16 15:37:59,978 | INFO | HTTP Request: GET https://www.okx.com/api/v5/trade/orders-algo-pending?ordType=chase&instType=SWAP&instId=BAND-USDT-SWAP "HTTP/2 200 OK"
2026-03-16 15:38:00,017 | INFO | Placing exchange stop BREV-USDT-SWAP long payload={'instId': 'BREV-USDT-SWAP', 'tdMode': 'isolated', 'side': 'sell', 'posSide': 'net', 'ordType': 'conditional', 'sz': '120000', 'slTriggerPx': '1.008904996667', 'slOrdPx': '-1'}
2026-03-16 15:38:00,192 | INFO | HTTP Request: GET https://www.okx.com/api/v5/market/ticker?instId=1INCH-USDT-SWAP "HTTP/2 200 OK"
2026-03-16 15:38:00,329 | INFO | HTTP Request: POST https://www.okx.com/api/v5/trade/order-algo "HTTP/2 200 OK"
2026-03-16 15:38:00,448 | INFO | HTTP Request: GET https://www.okx.com/api/v5/account/balance "HTTP/2 200 OK"
2026-03-16 15:38:00,578 | INFO | HTTP Request: POST https://www.okx.com/api/v5/trade/cancel-algos "HTTP/2 200 OK"
2026-03-16 15:38:00,581 | INFO | Closing position BREV-USDT-SWAP. Защита тренда: откат от пика 21995003333.33R → 3695003333.33R
2026-03-16 15:38:00,660 | INFO | HTTP Request: GET https://www.okx.com/api/v5/market/candles?instId=1INCH-USDT-SWAP&bar=5m&limit=89 "HTTP/2 200 OK"
2026-03-16 15:38:00,833 | INFO | HTTP Request: POST https://www.okx.com/api/v5/trade/close-position "HTTP/2 200 OK"
2026-03-16 15:38:00,837 | WARNING | Failed to load json context : [Errno 13] Permission denied: '.'
2026-03-16 15:38:01,176 | INFO | HTTP Request: GET https://www.okx.com/api/v5/market/ticker?instId=2Z-USDT-SWAP "HTTP/2 200 OK"
2026-03-16 15:38:01,199 | INFO | HTTP Request: GET https://www.okx.com/api/v5/market/candles?instId=BREV-USDT-SWAP&bar=5m&limit=97 "HTTP/2 200 OK"
2026-03-16 15:38:01,538 | INFO | HTTP Request: GET https://www.okx.com/api/v5/market/candles?instId=2Z-USDT-SWAP&bar=5m&limit=89 "HTTP/2 200 OK"
2026-03-16 15:38:02,020 | INFO | HTTP Request: GET https://www.okx.com/api/v5/market/ticker?instId=A-USDT-SWAP "HTTP/2 200 OK"
2026-03-16 15:38:02,407 | INFO | HTTP Request: GET https://www.okx.com/api/v5/market/candles?instId=A-USDT-SWAP&bar=5m&limit=89 "HTTP/2 200 OK"
2026-03-16 15:38:02,938 | INFO | HTTP Request: GET https://www.okx.com/api/v5/market/ticker?instId=AAVE-USDT-SWAP "HTTP/2 200 OK"
2026-03-16 15:38:03,321 | INFO | HTTP Request: GET https://www.okx.com/api/v5/market/candles?instId=AAVE-USDT-SWAP&bar=5m&limit=89 "HTTP/2 200 OK"
2026-03-16 15:38:03,858 | INFO | HTTP Request: GET https://www.okx.com/api/v5/market/ticker?instId=ACT-USDT-SWAP "HTTP/2 200 OK"
2026-03-16 15:38:04,243 | INFO | HTTP Request: GET https://www.okx.com/api/v5/market/candles?instId=ACT-USDT-SWAP&bar=5m&limit=89 "HTTP/2 200 OK"
2026-03-16 15:38:04,355 | INFO | HTTP Request: GET https://www.okx.com/api/v5/market/candles?instId=BTC-USDT-SWAP&bar=5m&limit=64 "HTTP/2 200 OK"
2026-03-16 15:38:04,759 | INFO | HTTP Request: GET https://www.okx.com/api/v5/market/ticker?instId=ADA-USDT-SWAP "HTTP/2 200 OK"
2026-03-16 15:38:05,147 | INFO | HTTP Request: GET https://www.okx.com/api/v5/market/candles?instId=ADA-USDT-SWAP&bar=5m&limit=89 "HTTP/2 200 OK"
2026-03-16 15:38:05,678 | INFO | HTTP Request: GET https://www.okx.com/api/v5/market/ticker?instId=AI16Z-USDT-SWAP "HTTP/2 200 OK"
2026-03-16 15:38:05,816 | INFO | HTTP Request: GET https://www.okx.com/api/v5/account/balance "HTTP/2 200 OK"
2026-03-16 15:38:06,113 | INFO | HTTP Request: GET https://www.okx.com/api/v5/market/candles?instId=AI16Z-USDT-SWAP&bar=5m&limit=89 "HTTP/2 200 OK"
2026-03-16 15:38:06,456 | INFO | HTTP Request: GET https://www.okx.com/api/v5/account/positions?instType=SWAP "HTTP/2 200 OK"
2026-03-16 15:38:06,615 | INFO | HTTP Request: GET https://www.okx.com/api/v5/market/ticker?instId=AKITA-USDT-SWAP "HTTP/2 200 OK"
2026-03-16 15:38:06,828 | INFO | HTTP Request: GET https://www.okx.com/api/v5/market/candles?instId=BREV-USDT-SWAP&bar=5m&limit=26 "HTTP/2 200 OK"
2026-03-16 15:38:07,038 | INFO | HTTP Request: GET https://www.okx.com/api/v5/market/candles?instId=AKITA-USDT-SWAP&bar=5m&limit=89 "HTTP/2 200 OK"
2026-03-16 15:38:07,232 | INFO | HTTP Request: GET https://www.okx.com/api/v5/market/candles?instId=1INCH-USDT-SWAP&bar=5m&limit=71 "HTTP/2 200 OK"
2026-03-16 15:38:07,566 | INFO | HTTP Request: GET https://www.okx.com/api/v5/market/ticker?instId=ALGO-USDT-SWAP "HTTP/2 200 OK"
2026-03-16 15:38:07,651 | INFO | HTTP Request: GET https://www.okx.com/api/v5/market/candles?instId=2Z-USDT-SWAP&bar=5m&limit=71 "HTTP/2 200 OK"
2026-03-16 15:38:07,943 | INFO | HTTP Request: GET https://www.okx.com/api/v5/market/candles?instId=ALGO-USDT-SWAP&bar=5m&limit=89 "HTTP/2 200 OK"
2026-03-16 15:38:08,124 | INFO | HTTP Request: GET https://www.okx.com/api/v5/market/candles?instId=A-USDT-SWAP&bar=5m&limit=71 "HTTP/2 200 OK"
2026-03-16 15:38:08,464 | INFO | HTTP Request: GET https://www.okx.com/api/v5/market/ticker?instId=ARB-USDT-SWAP "HTTP/2 200 OK"
2026-03-16 15:38:08,498 | INFO | HTTP Request: GET https://www.okx.com/api/v5/market/candles?instId=AAVE-USDT-SWAP&bar=5m&limit=71 "HTTP/2 200 OK"
2026-03-16 15:38:08,842 | INFO | HTTP Request: GET https://www.okx.com/api/v5/market/candles?instId=ARB-USDT-SWAP&bar=5m&limit=89 "HTTP/2 200 OK"
2026-03-16 15:38:08,868 | INFO | HTTP Request: GET https://www.okx.com/api/v5/market/candles?instId=ACT-USDT-SWAP&bar=5m&limit=71 "HTTP/2 200 OK"
2026-03-16 15:38:08,877 | INFO | ARB-USDT-SWAP: Turtle 55 short-сигнал отклонён (закрытие не удержалось ниже канала)
2026-03-16 15:38:08,881 | INFO | ARB-USDT-SWAP: Turtle 20 short-сигнал отклонён (закрытие не удержалось ниже канала)
2026-03-16 15:38:09,237 | INFO | HTTP Request: GET https://www.okx.com/api/v5/market/candles?instId=ASP-USDT-SWAP&bar=5m&limit=71 "HTTP/2 200 OK"
2026-03-16 15:38:09,324 | INFO | HTTP Request: GET https://www.okx.com/api/v5/market/ticker?instId=ASP-USDT-SWAP "HTTP/2 200 OK"
2026-03-16 15:38:09,670 | INFO | HTTP Request: GET https://www.okx.com/api/v5/market/candles?instId=ASTER-USDT-SWAP&bar=5m&limit=71 "HTTP/2 200 OK"
2026-03-16 15:38:09,694 | INFO | HTTP Request: GET https://www.okx.com/api/v5/market/candles?instId=ASP-USDT-SWAP&bar=5m&limit=89 "HTTP/2 200 OK"
2026-03-16 15:38:10,045 | INFO | HTTP Request: GET https://www.okx.com/api/v5/market/candles?instId=ATOM-USDT-SWAP&bar=5m&limit=71 "HTTP/2 200 OK"
2026-03-16 15:38:10,184 | INFO | HTTP Request: GET https://www.okx.com/api/v5/market/ticker?instId=ASTER-USDT-SWAP "HTTP/2 200 OK"
2026-03-16 15:38:10,405 | INFO | HTTP Request: GET https://www.okx.com/api/v5/market/candles?instId=AUCTION-USDT-SWAP&bar=5m&limit=71 "HTTP/2 200 OK"
2026-03-16 15:38:10,607 | INFO | HTTP Request: GET https://www.okx.com/api/v5/market/candles?instId=BTC-USDT-SWAP&bar=5m&limit=64 "HTTP/2 200 OK"
2026-03-16 15:38:10,679 | INFO | HTTP Request: GET https://www.okx.com/api/v5/market/ticker?instId=ATOM-USDT-SWAP "HTTP/2 200 OK"
2026-03-16 15:38:10,775 | INFO | HTTP Request: GET https://www.okx.com/api/v5/market/candles?instId=AVAX-USDT-SWAP&bar=5m&limit=71 "HTTP/2 200 OK"
2026-03-16 15:38:11,058 | INFO | HTTP Request: GET https://www.okx.com/api/v5/account/balance "HTTP/2 200 OK"
2026-03-16 15:38:11,180 | INFO | HTTP Request: GET https://www.okx.com/api/v5/market/ticker?instId=AVAX-USDT-SWAP "HTTP/2 200 OK"
2026-03-16 15:38:11,186 | INFO | AVAX-USDT-SWAP: Turtle 20 long-сигнал отклонён (закрытие не удержалось выше канала)
2026-03-16 15:38:11,191 | INFO | HTTP Request: GET https://www.okx.com/api/v5/market/ticker?instId=AUCTION-USDT-SWAP "HTTP/2 200 OK"
2026-03-16 15:38:11,555 | INFO | HTTP Request: GET https://www.okx.com/api/v5/market/candles?instId=AXS-USDT-SWAP&bar=5m&limit=71 "HTTP/2 200 OK"
2026-03-16 15:38:11,809 | INFO | HTTP Request: GET https://www.okx.com/api/v5/market/ticker?instId=AXS-USDT-SWAP "HTTP/2 200 OK"
2026-03-16 15:38:11,956 | INFO | HTTP Request: GET https://www.okx.com/api/v5/market/candles?instId=BCH-USDT-SWAP&bar=5m&limit=71 "HTTP/2 200 OK"
2026-03-16 15:38:12,168 | INFO | HTTP Request: GET https://www.okx.com/api/v5/market/candles?instId=AXS-USDT-SWAP&bar=5m&limit=89 "HTTP/2 200 OK"
2026-03-16 15:38:12,324 | INFO | HTTP Request: GET https://www.okx.com/api/v5/market/candles?instId=BIO-USDT-SWAP&bar=5m&limit=71 "HTTP/2 200 OK"
2026-03-16 15:38:12,660 | INFO | HTTP Request: GET https://www.okx.com/api/v5/market/ticker?instId=BCH-USDT-SWAP "HTTP/2 200 OK"
2026-03-16 15:38:12,739 | INFO | HTTP Request: GET https://www.okx.com/api/v5/market/candles?instId=BLUAI-USDT-SWAP&bar=5m&limit=71 "HTTP/2 200 OK"
2026-03-16 15:38:13,148 | INFO | HTTP Request: GET https://www.okx.com/api/v5/market/candles?instId=BNB-USDT-SWAP&bar=5m&limit=71 "HTTP/2 200 OK"
2026-03-16 15:38:13,168 | INFO | HTTP Request: GET https://www.okx.com/api/v5/market/ticker?instId=BIO-USDT-SWAP "HTTP/2 200 OK"
2026-03-16 15:38:13,543 | INFO | HTTP Request: GET https://www.okx.com/api/v5/market/candles?instId=BOME-USDT-SWAP&bar=5m&limit=71 "HTTP/2 200 OK"
2026-03-16 15:38:13,670 | INFO | HTTP Request: GET https://www.okx.com/api/v5/market/ticker?instId=BLUAI-USDT-SWAP "HTTP/2 200 OK"
2026-03-16 15:38:14,023 | INFO | HTTP Request: GET https://www.okx.com/api/v5/market/candles?instId=BRETT-USDT-SWAP&bar=5m&limit=71 "HTTP/2 200 OK"
2026-03-16 15:38:14,197 | INFO | HTTP Request: GET https://www.okx.com/api/v5/market/ticker?instId=BNB-USDT-SWAP "HTTP/2 200 OK"
2026-03-16 15:38:14,412 | INFO | HTTP Request: GET https://www.okx.com/api/v5/market/candles?instId=BTC-USDT-SWAP&bar=5m&limit=71 "HTTP/2 200 OK"
2026-03-16 15:38:14,720 | INFO | HTTP Request: GET https://www.okx.com/api/v5/market/ticker?instId=BOME-USDT-SWAP "HTTP/2 200 OK"
2026-03-16 15:38:14,813 | INFO | HTTP Request: GET https://www.okx.com/api/v5/market/candles?instId=CAT-USDT-SWAP&bar=5m&limit=71 "HTTP/2 200 OK"
2026-03-16 15:38:15,215 | INFO | HTTP Request: GET https://www.okx.com/api/v5/market/candles?instId=CATI-USDT-SWAP&bar=5m&limit=71 "HTTP/2 200 OK"
2026-03-16 15:38:15,233 | INFO | HTTP Request: GET https://www.okx.com/api/v5/market/ticker?instId=BRETT-USDT-SWAP "HTTP/2 200 OK"
2026-03-16 15:38:15,602 | INFO | HTTP Request: GET https://www.okx.com/api/v5/market/candles?instId=CELO-USDT-SWAP&bar=5m&limit=71 "HTTP/2 200 OK"
2026-03-16 15:38:15,725 | INFO | HTTP Request: GET https://www.okx.com/api/v5/market/ticker?instId=BTC-USDT-SWAP "HTTP/2 200 OK"
2026-03-16 15:38:16,027 | INFO | HTTP Request: GET https://www.okx.com/api/v5/market/candles?instId=CFX-USDT-SWAP&bar=5m&limit=71 "HTTP/2 200 OK"
2026-03-16 15:38:16,360 | INFO | HTTP Request: GET https://www.okx.com/api/v5/market/ticker?instId=CAT-USDT-SWAP "HTTP/2 200 OK"
2026-03-16 15:38:16,373 | INFO | HTTP Request: GET https://www.okx.com/api/v5/account/balance "HTTP/2 200 OK"
2026-03-16 15:38:16,434 | INFO | HTTP Request: GET https://www.okx.com/api/v5/market/candles?instId=CHZ-USDT-SWAP&bar=5m&limit=71 "HTTP/2 200 OK"
2026-03-16 15:38:16,839 | INFO | HTTP Request: GET https://www.okx.com/api/v5/market/ticker?instId=CATI-USDT-SWAP "HTTP/2 200 OK"
2026-03-16 15:38:16,848 | INFO | HTTP Request: GET https://www.okx.com/api/v5/market/candles?instId=COAI-USDT-SWAP&bar=5m&limit=71 "HTTP/2 200 OK"
2026-03-16 15:38:17,260 | INFO | HTTP Request: GET https://www.okx.com/api/v5/market/candles?instId=COMP-USDT-SWAP&bar=5m&limit=71 "HTTP/2 200 OK"
2026-03-16 15:38:17,362 | INFO | HTTP Request: GET https://www.okx.com/api/v5/market/ticker?instId=CELO-USDT-SWAP "HTTP/2 200 OK"
2026-03-16 15:38:17,658 | INFO | HTTP Request: GET https://www.okx.com/api/v5/market/candles?instId=CRO-USDT-SWAP&bar=5m&limit=71 "HTTP/2 200 OK"
2026-03-16 15:38:17,881 | INFO | HTTP Request: GET https://www.okx.com/api/v5/market/ticker?instId=CFX-USDT-SWAP "HTTP/2 200 OK"
2026-03-16 15:38:18,072 | INFO | HTTP Request: GET https://www.okx.com/api/v5/market/candles?instId=CRV-USDT-SWAP&bar=5m&limit=71 "HTTP/2 200 OK"
2026-03-16 15:38:18,388 | INFO | HTTP Request: GET https://www.okx.com/api/v5/market/ticker?instId=CHZ-USDT-SWAP "HTTP/2 200 OK"
2026-03-16 15:38:18,474 | INFO | HTTP Request: GET https://www.okx.com/api/v5/market/candles?instId=DOGE-USDT-SWAP&bar=5m&limit=71 "HTTP/2 200 OK"
2026-03-16 15:38:18,876 | INFO | HTTP Request: GET https://www.okx.com/api/v5/market/candles?instId=DOT-USDT-SWAP&bar=5m&limit=71 "HTTP/2 200 OK"
2026-03-16 15:38:18,892 | INFO | HTTP Request: GET https://www.okx.com/api/v5/market/ticker?instId=COAI-USDT-SWAP "HTTP/2 200 OK"
2026-03-16 15:38:19,287 | INFO | HTTP Request: GET https://www.okx.com/api/v5/market/candles?instId=ENA-USDT-SWAP&bar=5m&limit=71 "HTTP/2 200 OK"
2026-03-16 15:38:19,394 | INFO | HTTP Request: GET https://www.okx.com/api/v5/market/ticker?instId=COMP-USDT-SWAP "HTTP/2 200 OK"
2026-03-16 15:38:19,685 | INFO | HTTP Request: GET https://www.okx.com/api/v5/market/candles?instId=EOS-USDT-SWAP&bar=5m&limit=71 "HTTP/2 200 OK"
2026-03-16 15:38:19,923 | INFO | HTTP Request: GET https://www.okx.com/api/v5/market/ticker?instId=CRO-USDT-SWAP "HTTP/2 200 OK"
2026-03-16 15:38:19,987 | INFO | HTTP Request: GET https://www.okx.com/api/v5/market/candles?instId=BTC-USDT-SWAP&bar=5m&limit=64 "HTTP/2 200 OK"
2026-03-16 15:38:20,100 | INFO | HTTP Request: GET https://www.okx.com/api/v5/market/candles?instId=ETC-USDT-SWAP&bar=5m&limit=71 "HTTP/2 200 OK"
2026-03-16 15:38:20,416 | INFO | HTTP Request: GET https://www.okx.com/api/v5/market/ticker?instId=CRV-USDT-SWAP "HTTP/2 200 OK"
2026-03-16 15:38:20,515 | INFO | HTTP Request: GET https://www.okx.com/api/v5/market/candles?instId=ETH-USDT-SWAP&bar=5m&limit=71 "HTTP/2 200 OK"
2026-03-16 15:38:20,908 | INFO | HTTP Request: GET https://www.okx.com/api/v5/market/ticker?instId=ETH-USDT-SWAP "HTTP/2 200 OK"
2026-03-16 15:38:20,936 | INFO | HTTP Request: GET https://www.okx.com/api/v5/market/ticker?instId=DOGE-USDT-SWAP "HTTP/2 200 OK"
2026-03-16 15:38:20,952 | INFO | ETH-USDT-SWAP: Turtle 20 short-сигнал отклонён (закрытие не удержалось ниже канала)
2026-03-16 15:38:21,390 | INFO | HTTP Request: GET https://www.okx.com/api/v5/market/candles?instId=ETHFI-USDT-SWAP&bar=5m&limit=71 "HTTP/2 200 OK"
2026-03-16 15:38:21,439 | INFO | HTTP Request: GET https://www.okx.com/api/v5/market/ticker?instId=DOT-USDT-SWAP "HTTP/2 200 OK"
2026-03-16 15:38:21,675 | INFO | HTTP Request: GET https://www.okx.com/api/v5/account/balance "HTTP/2 200 OK"
2026-03-16 15:38:21,757 | INFO | HTTP Request: GET https://www.okx.com/api/v5/market/ticker?instId=ETHFI-USDT-SWAP "HTTP/2 200 OK"
2026-03-16 15:38:21,782 | INFO | ETHFI-USDT-SWAP: Turtle 55 long-сигнал отклонён (закрытие не удержалось выше канала)
2026-03-16 15:38:21,785 | INFO | ETHFI-USDT-SWAP: Turtle 55 short-сигнал отклонён (закрытие не удержалось ниже канала)
2026-03-16 15:38:21,788 | INFO | ETHFI-USDT-SWAP: Turtle 20 long-сигнал отклонён (закрытие не удержалось выше канала)
2026-03-16 15:38:21,792 | INFO | ETHFI-USDT-SWAP: Turtle 20 short-сигнал отклонён (закрытие не удержалось ниже канала)
2026-03-16 15:38:21,956 | INFO | HTTP Request: GET https://www.okx.com/api/v5/market/ticker?instId=ENA-USDT-SWAP "HTTP/2 200 OK"
2026-03-16 15:38:22,168 | INFO | HTTP Request: GET https://www.okx.com/api/v5/market/candles?instId=ETHW-USDT-SWAP&bar=5m&limit=71 "HTTP/2 200 OK"
2026-03-16 15:38:22,486 | INFO | HTTP Request: GET https://www.okx.com/api/v5/market/ticker?instId=EOS-USDT-SWAP "HTTP/2 200 OK"
2026-03-16 15:38:22,567 | INFO | HTTP Request: GET https://www.okx.com/api/v5/market/candles?instId=FIL-USDT-SWAP&bar=5m&limit=71 "HTTP/2 200 OK"
2026-03-16 15:38:22,977 | INFO | HTTP Request: GET https://www.okx.com/api/v5/market/candles?instId=FLOKI-USDT-SWAP&bar=5m&limit=71 "HTTP/2 200 OK"
2026-03-16 15:38:22,988 | INFO | HTTP Request: GET https://www.okx.com/api/v5/market/ticker?instId=ETC-USDT-SWAP "HTTP/2 200 OK"
2026-03-16 15:38:23,383 | INFO | HTTP Request: GET https://www.okx.com/api/v5/market/candles?instId=GMT-USDT-SWAP&bar=5m&limit=71 "HTTP/2 200 OK"
2026-03-16 15:38:23,748 | INFO | HTTP Request: GET https://www.okx.com/api/v5/market/ticker?instId=ETHW-USDT-SWAP "HTTP/2 200 OK"
2026-03-16 15:38:23,787 | INFO | HTTP Request: GET https://www.okx.com/api/v5/market/candles?instId=H-USDT-SWAP&bar=5m&limit=71 "HTTP/2 200 OK"
2026-03-16 15:38:24,166 | INFO | HTTP Request: GET https://www.okx.com/api/v5/market/candles?instId=HBAR-USDT-SWAP&bar=5m&limit=71 "HTTP/2 200 OK"
2026-03-16 15:38:24,241 | INFO | HTTP Request: GET https://www.okx.com/api/v5/market/ticker?instId=FIL-USDT-SWAP "HTTP/2 200 OK"
2026-03-16 15:38:24,561 | INFO | HTTP Request: GET https://www.okx.com/api/v5/market/candles?instId=HMSTR-USDT-SWAP&bar=5m&limit=71 "HTTP/2 200 OK"
2026-03-16 15:38:24,739 | INFO | HTTP Request: GET https://www.okx.com/api/v5/market/ticker?instId=FLOKI-USDT-SWAP "HTTP/2 200 OK"
2026-03-16 15:38:24,930 | INFO | HTTP Request: GET https://www.okx.com/api/v5/market/candles?instId=HOME-USDT-SWAP&bar=5m&limit=71 "HTTP/2 200 OK"
2026-03-16 15:38:25,257 | INFO | HTTP Request: GET https://www.okx.com/api/v5/market/ticker?instId=GMT-USDT-SWAP "HTTP/2 200 OK"
2026-03-16 15:38:25,339 | INFO | HTTP Request: GET https://www.okx.com/api/v5/market/candles?instId=IMX-USDT-SWAP&bar=5m&limit=71 "HTTP/2 200 OK"
2026-03-16 15:38:25,751 | INFO | HTTP Request: GET https://www.okx.com/api/v5/market/candles?instId=INJ-USDT-SWAP&bar=5m&limit=71 "HTTP/2 200 OK"
2026-03-16 15:38:25,760 | INFO | HTTP Request: GET https://www.okx.com/api/v5/market/ticker?instId=H-USDT-SWAP "HTTP/2 200 OK"
2026-03-16 15:38:26,227 | INFO | HTTP Request: GET https://www.okx.com/api/v5/market/candles?instId=IOTA-USDT-SWAP&bar=5m&limit=71 "HTTP/2 200 OK"
2026-03-16 15:38:26,235 | INFO | HTTP Request: GET https://www.okx.com/api/v5/market/candles?instId=BTC-USDT-SWAP&bar=5m&limit=64 "HTTP/2 200 OK"
2026-03-16 15:38:26,270 | INFO | HTTP Request: GET https://www.okx.com/api/v5/market/ticker?instId=HBAR-USDT-SWAP "HTTP/2 200 OK"
2026-03-16 15:38:26,605 | INFO | HTTP Request: GET https://www.okx.com/api/v5/market/candles?instId=JUP-USDT-SWAP&bar=5m&limit=71 "HTTP/2 200 OK"
2026-03-16 15:38:26,754 | INFO | HTTP Request: GET https://www.okx.com/api/v5/market/ticker?instId=HMSTR-USDT-SWAP "HTTP/2 200 OK"
2026-03-16 15:38:26,978 | INFO | HTTP Request: GET https://www.okx.com/api/v5/market/candles?instId=KAITO-USDT-SWAP&bar=5m&limit=71 "HTTP/2 200 OK"
2026-03-16 15:38:27,050 | INFO | HTTP Request: GET https://www.okx.com/api/v5/account/balance "HTTP/2 200 OK"
2026-03-16 15:38:27,249 | INFO | HTTP Request: GET https://www.okx.com/api/v5/market/ticker?instId=HOME-USDT-SWAP "HTTP/2 200 OK"
2026-03-16 15:38:27,342 | INFO | HTTP Request: GET https://www.okx.com/api/v5/market/candles?instId=KSM-USDT-SWAP&bar=5m&limit=71 "HTTP/2 200 OK"
2026-03-16 15:38:27,757 | INFO | HTTP Request: GET https://www.okx.com/api/v5/market/candles?instId=LDO-USDT-SWAP&bar=5m&limit=71 "HTTP/2 200 OK"
2026-03-16 15:38:27,770 | INFO | HTTP Request: GET https://www.okx.com/api/v5/market/ticker?instId=IMX-USDT-SWAP "HTTP/2 200 OK"
2026-03-16 15:38:28,161 | INFO | HTTP Request: GET https://www.okx.com/api/v5/market/candles?instId=LINEA-USDT-SWAP&bar=5m&limit=71 "HTTP/2 200 OK"
2026-03-16 15:38:28,271 | INFO | HTTP Request: GET https://www.okx.com/api/v5/market/ticker?instId=INJ-USDT-SWAP "HTTP/2 200 OK"
2026-03-16 15:38:28,627 | INFO | HTTP Request: GET https://www.okx.com/api/v5/market/candles?instId=LINK-USDT-SWAP&bar=5m&limit=71 "HTTP/2 200 OK"
2026-03-16 15:38:28,772 | INFO | HTTP Request: GET https://www.okx.com/api/v5/market/ticker?instId=IOTA-USDT-SWAP "HTTP/2 200 OK"
2026-03-16 15:38:28,993 | INFO | HTTP Request: GET https://www.okx.com/api/v5/market/candles?instId=LIT-USDT-SWAP&bar=5m&limit=71 "HTTP/2 200 OK"
2026-03-16 15:38:29,260 | INFO | HTTP Request: GET https://www.okx.com/api/v5/market/ticker?instId=JUP-USDT-SWAP "HTTP/2 200 OK"
2026-03-16 15:38:29,360 | INFO | HTTP Request: GET https://www.okx.com/api/v5/market/candles?instId=LPT-USDT-SWAP&bar=5m&limit=71 "HTTP/2 200 OK"
2026-03-16 15:38:29,782 | INFO | HTTP Request: GET https://www.okx.com/api/v5/market/ticker?instId=KAITO-USDT-SWAP "HTTP/2 200 OK"
2026-03-16 15:38:29,819 | INFO | HTTP Request: GET https://www.okx.com/api/v5/market/candles?instId=LQTY-USDT-SWAP&bar=5m&limit=71 "HTTP/2 200 OK"
2026-03-16 15:38:30,197 | INFO | HTTP Request: GET https://www.okx.com/api/v5/market/candles?instId=LRC-USDT-SWAP&bar=5m&limit=71 "HTTP/2 200 OK"
2026-03-16 15:38:30,296 | INFO | HTTP Request: GET https://www.okx.com/api/v5/market/ticker?instId=KSM-USDT-SWAP "HTTP/2 200 OK"
2026-03-16 15:38:30,651 | INFO | HTTP Request: GET https://www.okx.com/api/v5/market/candles?instId=LTC-USDT-SWAP&bar=5m&limit=71 "HTTP/2 200 OK"
2026-03-16 15:38:30,814 | INFO | HTTP Request: GET https://www.okx.com/api/v5/market/ticker?instId=LDO-USDT-SWAP "HTTP/2 200 OK"
2026-03-16 15:38:31,013 | INFO | HTTP Request: GET https://www.okx.com/api/v5/market/candles?instId=MAGIC-USDT-SWAP&bar=5m&limit=71 "HTTP/2 200 OK"
2026-03-16 15:38:31,344 | INFO | HTTP Request: GET https://www.okx.com/api/v5/market/ticker?instId=LINEA-USDT-SWAP "HTTP/2 200 OK"
2026-03-16 15:38:31,434 | INFO | HTTP Request: GET https://www.okx.com/api/v5/market/candles?instId=MAJOR-USDT-SWAP&bar=5m&limit=71 "HTTP/2 200 OK"
2026-03-16 15:38:31,839 | INFO | HTTP Request: GET https://www.okx.com/api/v5/market/ticker?instId=LINK-USDT-SWAP "HTTP/2 200 OK"
2026-03-16 15:38:31,893 | INFO | HTTP Request: GET https://www.okx.com/api/v5/market/candles?instId=MASK-USDT-SWAP&bar=5m&limit=71 "HTTP/2 200 OK"
2026-03-16 15:38:32,254 | INFO | HTTP Request: GET https://www.okx.com/api/v5/market/candles?instId=MET-USDT-SWAP&bar=5m&limit=71 "HTTP/2 200 OK"
2026-03-16 15:38:32,358 | INFO | HTTP Request: GET https://www.okx.com/api/v5/market/ticker?instId=LIT-USDT-SWAP "HTTP/2 200 OK"
2026-03-16 15:38:32,483 | INFO | HTTP Request: GET https://www.okx.com/api/v5/market/candles?instId=BTC-USDT-SWAP&bar=5m&limit=64 "HTTP/2 200 OK"
2026-03-16 15:38:32,498 | INFO | HTTP Request: GET https://www.okx.com/api/v5/account/balance "HTTP/2 200 OK"
2026-03-16 15:38:32,664 | INFO | HTTP Request: GET https://www.okx.com/api/v5/market/candles?instId=MINA-USDT-SWAP&bar=5m&limit=71 "HTTP/2 200 OK"
2026-03-16 15:38:32,890 | INFO | HTTP Request: GET https://www.okx.com/api/v5/market/ticker?instId=LPT-USDT-SWAP "HTTP/2 200 OK"
2026-03-16 15:38:33,075 | INFO | HTTP Request: GET https://www.okx.com/api/v5/market/candles?instId=MKR-USDT-SWAP&bar=5m&limit=71 "HTTP/2 200 OK"
2026-03-16 15:38:33,399 | INFO | HTTP Request: GET https://www.okx.com/api/v5/market/ticker?instId=LQTY-USDT-SWAP "HTTP/2 200 OK"
2026-03-16 15:38:33,483 | INFO | HTTP Request: GET https://www.okx.com/api/v5/market/candles?instId=MUBARAK-USDT-SWAP&bar=5m&limit=71 "HTTP/2 200 OK"
2026-03-16 15:38:33,899 | INFO | HTTP Request: GET https://www.okx.com/api/v5/market/ticker?instId=LRC-USDT-SWAP "HTTP/2 200 OK"
2026-03-16 15:38:33,952 | INFO | HTTP Request: GET https://www.okx.com/api/v5/market/candles?instId=NEAR-USDT-SWAP&bar=5m&limit=71 "HTTP/2 200 OK"
2026-03-16 15:38:34,323 | INFO | HTTP Request: GET https://www.okx.com/api/v5/market/candles?instId=NEO-USDT-SWAP&bar=5m&limit=71 "HTTP/2 200 OK"
2026-03-16 15:38:34,423 | INFO | HTTP Request: GET https://www.okx.com/api/v5/market/ticker?instId=LTC-USDT-SWAP "HTTP/2 200 OK"
2026-03-16 15:38:34,739 | INFO | HTTP Request: GET https://www.okx.com/api/v5/market/candles?instId=NOT-USDT-SWAP&bar=5m&limit=71 "HTTP/2 200 OK"
2026-03-16 15:38:34,946 | INFO | HTTP Request: GET https://www.okx.com/api/v5/market/ticker?instId=MAGIC-USDT-SWAP "HTTP/2 200 OK"
2026-03-16 15:38:35,187 | INFO | HTTP Request: GET https://www.okx.com/api/v5/market/candles?instId=OP-USDT-SWAP&bar=5m&limit=71 "HTTP/2 200 OK"
2026-03-16 15:38:35,449 | INFO | HTTP Request: GET https://www.okx.com/api/v5/market/ticker?instId=MAJOR-USDT-SWAP "HTTP/2 200 OK"
2026-03-16 15:38:35,557 | INFO | HTTP Request: GET https://www.okx.com/api/v5/market/candles?instId=PEPE-USDT-SWAP&bar=5m&limit=71 "HTTP/2 200 OK"
2026-03-16 15:38:35,954 | INFO | HTTP Request: GET https://www.okx.com/api/v5/market/candles?instId=PIGGY-USDT-SWAP&bar=5m&limit=71 "HTTP/2 200 OK"
2026-03-16 15:38:35,973 | INFO | HTTP Request: GET https://www.okx.com/api/v5/market/ticker?instId=MASK-USDT-SWAP "HTTP/2 200 OK"
2026-03-16 15:38:36,428 | INFO | HTTP Request: GET https://www.okx.com/api/v5/market/candles?instId=QTUM-USDT-SWAP&bar=5m&limit=71 "HTTP/2 200 OK"
2026-03-16 15:38:36,489 | INFO | HTTP Request: GET https://www.okx.com/api/v5/market/ticker?instId=MET-USDT-SWAP "HTTP/2 200 OK"
2026-03-16 15:38:36,792 | INFO | HTTP Request: GET https://www.okx.com/api/v5/market/candles?instId=RAVE-USDT-SWAP&bar=5m&limit=71 "HTTP/2 200 OK"
2026-03-16 15:38:37,015 | INFO | HTTP Request: GET https://www.okx.com/api/v5/market/ticker?instId=MINA-USDT-SWAP "HTTP/2 200 OK"
2026-03-16 15:38:37,202 | INFO | HTTP Request: GET https://www.okx.com/api/v5/market/candles?instId=RESOLV-USDT-SWAP&bar=5m&limit=71 "HTTP/2 200 OK"
2026-03-16 15:38:37,515 | INFO | HTTP Request: GET https://www.okx.com/api/v5/market/ticker?instId=MKR-USDT-SWAP "HTTP/2 200 OK"
2026-03-16 15:38:37,612 | INFO | HTTP Request: GET https://www.okx.com/api/v5/market/candles?instId=ROBO-USDT-SWAP&bar=5m&limit=71 "HTTP/2 200 OK"
2026-03-16 15:38:37,881 | INFO | HTTP Request: GET https://www.okx.com/api/v5/account/balance "HTTP/2 200 OK"
2026-03-16 15:38:38,001 | INFO | HTTP Request: GET https://www.okx.com/api/v5/market/candles?instId=SAND-USDT-SWAP&bar=5m&limit=71 "HTTP/2 200 OK"
2026-03-16 15:38:38,019 | INFO | HTTP Request: GET https://www.okx.com/api/v5/market/ticker?instId=MUBARAK-USDT-SWAP "HTTP/2 200 OK"
2026-03-16 15:38:38,373 | INFO | HTTP Request: GET https://www.okx.com/api/v5/market/candles?instId=SCR-USDT-SWAP&bar=5m&limit=71 "HTTP/2 200 OK"
2026-03-16 15:38:38,502 | INFO | HTTP Request: GET https://www.okx.com/api/v5/market/ticker?instId=NEAR-USDT-SWAP "HTTP/2 200 OK"
2026-03-16 15:38:38,732 | INFO | HTTP Request: GET https://www.okx.com/api/v5/market/candles?instId=BTC-USDT-SWAP&bar=5m&limit=64 "HTTP/2 200 OK"
2026-03-16 15:38:38,738 | INFO | HTTP Request: GET https://www.okx.com/api/v5/market/candles?instId=SHIB-USDT-SWAP&bar=5m&limit=71 "HTTP/2 200 OK"
2026-03-16 15:38:38,988 | INFO | HTTP Request: GET https://www.okx.com/api/v5/market/ticker?instId=NEO-USDT-SWAP "HTTP/2 200 OK"
2026-03-16 15:38:39,105 | INFO | HTTP Request: GET https://www.okx.com/api/v5/market/candles?instId=SKY-USDT-SWAP&bar=5m&limit=71 "HTTP/2 200 OK"
2026-03-16 15:38:39,470 | INFO | HTTP Request: GET https://www.okx.com/api/v5/market/ticker?instId=NOT-USDT-SWAP "HTTP/2 200 OK"
2026-03-16 15:38:39,472 | INFO | HTTP Request: GET https://www.okx.com/api/v5/market/candles?instId=SOL-USDT-SWAP&bar=5m&limit=71 "HTTP/2 200 OK"
2026-03-16 15:38:39,882 | INFO | HTTP Request: GET https://www.okx.com/api/v5/market/candles?instId=SOLV-USDT-SWAP&bar=5m&limit=71 "HTTP/2 200 OK"
2026-03-16 15:38:39,999 | INFO | HTTP Request: GET https://www.okx.com/api/v5/market/ticker?instId=OP-USDT-SWAP "HTTP/2 200 OK"
2026-03-16 15:38:40,293 | INFO | HTTP Request: GET https://www.okx.com/api/v5/market/candles?instId=SPK-USDT-SWAP&bar=5m&limit=71 "HTTP/2 200 OK"
2026-03-16 15:38:40,516 | INFO | HTTP Request: GET https://www.okx.com/api/v5/market/ticker?instId=PEPE-USDT-SWAP "HTTP/2 200 OK"
2026-03-16 15:38:40,693 | INFO | HTTP Request: GET https://www.okx.com/api/v5/market/candles?instId=STRK-USDT-SWAP&bar=5m&limit=71 "HTTP/2 200 OK"
2026-03-16 15:38:41,010 | INFO | HTTP Request: GET https://www.okx.com/api/v5/market/ticker?instId=PIGGY-USDT-SWAP "HTTP/2 200 OK"
2026-03-16 15:38:41,094 | INFO | HTTP Request: GET https://www.okx.com/api/v5/market/candles?instId=SUI-USDT-SWAP&bar=5m&limit=71 "HTTP/2 200 OK"
2026-03-16 15:38:41,503 | INFO | HTTP Request: GET https://www.okx.com/api/v5/market/candles?instId=SUSHI-USDT-SWAP&bar=5m&limit=71 "HTTP/2 200 OK"
2026-03-16 15:38:41,509 | INFO | HTTP Request: GET https://www.okx.com/api/v5/market/ticker?instId=QTUM-USDT-SWAP "HTTP/2 200 OK"
2026-03-16 15:38:41,964 | INFO | HTTP Request: GET https://www.okx.com/api/v5/market/candles?instId=SYRUP-USDT-SWAP&bar=5m&limit=71 "HTTP/2 200 OK"
2026-03-16 15:38:42,032 | INFO | HTTP Request: GET https://www.okx.com/api/v5/market/ticker?instId=RAVE-USDT-SWAP "HTTP/2 200 OK"
2026-03-16 15:38:42,332 | INFO | HTTP Request: GET https://www.okx.com/api/v5/market/candles?instId=TEST1234-USDT-SWAP&bar=5m&limit=71 "HTTP/2 200 OK"
2026-03-16 15:38:42,560 | INFO | HTTP Request: GET https://www.okx.com/api/v5/market/ticker?instId=RESOLV-USDT-SWAP "HTTP/2 200 OK"
2026-03-16 15:38:42,730 | INFO | HTTP Request: GET https://www.okx.com/api/v5/market/candles?instId=TEST3103-USDT-SWAP&bar=5m&limit=71 "HTTP/2 200 OK"
2026-03-16 15:38:43,063 | INFO | HTTP Request: GET https://www.okx.com/api/v5/market/ticker?instId=ROBO-USDT-SWAP "HTTP/2 200 OK"
2026-03-16 15:38:43,145 | INFO | HTTP Request: GET https://www.okx.com/api/v5/market/candles?instId=TEST3110-USDT-SWAP&bar=5m&limit=71 "HTTP/2 200 OK"
2026-03-16 15:38:43,219 | INFO | HTTP Request: GET https://www.okx.com/api/v5/account/balance "HTTP/2 200 OK"
2026-03-16 15:38:43,548 | INFO | HTTP Request: GET https://www.okx.com/api/v5/market/candles?instId=THETA-USDT-SWAP&bar=5m&limit=71 "HTTP/2 200 OK"
2026-03-16 15:38:43,566 | INFO | HTTP Request: GET https://www.okx.com/api/v5/market/ticker?instId=SAND-USDT-SWAP "HTTP/2 200 OK"
2026-03-16 15:38:43,907 | INFO | HTTP Request: GET https://www.okx.com/api/v5/market/candles?instId=TON-USDT-SWAP&bar=5m&limit=71 "HTTP/2 200 OK"
2026-03-16 15:38:44,055 | INFO | HTTP Request: GET https://www.okx.com/api/v5/market/ticker?instId=SCR-USDT-SWAP "HTTP/2 200 OK"
2026-03-16 15:38:44,278 | INFO | HTTP Request: GET https://www.okx.com/api/v5/market/ticker?instId=TON-USDT-SWAP "HTTP/2 200 OK"
2026-03-16 15:38:44,282 | INFO | TON-USDT-SWAP: Turtle 20 long-сигнал отклонён (закрытие не удержалось выше канала)
2026-03-16 15:38:44,554 | INFO | HTTP Request: GET https://www.okx.com/api/v5/market/ticker?instId=SHIB-USDT-SWAP "HTTP/2 200 OK"
2026-03-16 15:38:44,640 | INFO | HTTP Request: GET https://www.okx.com/api/v5/market/candles?instId=TRIA-USDT-SWAP&bar=5m&limit=71 "HTTP/2 200 OK"
2026-03-16 15:38:44,978 | INFO | HTTP Request: GET https://www.okx.com/api/v5/market/candles?instId=BTC-USDT-SWAP&bar=5m&limit=64 "HTTP/2 200 OK"
2026-03-16 15:38:45,053 | INFO | HTTP Request: GET https://www.okx.com/api/v5/market/candles?instId=TRX-USDT-SWAP&bar=5m&limit=71 "HTTP/2 200 OK"
2026-03-16 15:38:45,071 | INFO | HTTP Request: GET https://www.okx.com/api/v5/market/ticker?instId=SKY-USDT-SWAP "HTTP/2 200 OK"
2026-03-16 15:38:45,477 | INFO | HTTP Request: GET https://www.okx.com/api/v5/market/candles?instId=TSLA-USDT-SWAP&bar=5m&limit=71 "HTTP/2 200 OK"
2026-03-16 15:38:45,583 | INFO | HTTP Request: GET https://www.okx.com/api/v5/market/ticker?instId=SOL-USDT-SWAP "HTTP/2 200 OK"
2026-03-16 15:38:45,867 | INFO | HTTP Request: GET https://www.okx.com/api/v5/market/candles?instId=XAU-USDT-SWAP&bar=5m&limit=71 "HTTP/2 200 OK"
2026-03-16 15:38:46,092 | INFO | HTTP Request: GET https://www.okx.com/api/v5/market/ticker?instId=SOLV-USDT-SWAP "HTTP/2 200 OK"
2026-03-16 15:38:46,277 | INFO | HTTP Request: GET https://www.okx.com/api/v5/market/candles?instId=XLM-USDT-SWAP&bar=5m&limit=71 "HTTP/2 200 OK"
2026-03-16 15:38:46,585 | INFO | HTTP Request: GET https://www.okx.com/api/v5/market/ticker?instId=SPK-USDT-SWAP "HTTP/2 200 OK"
2026-03-16 15:38:46,679 | INFO | HTTP Request: GET https://www.okx.com/api/v5/market/candles?instId=XPL-USDT-SWAP&bar=5m&limit=71 "HTTP/2 200 OK"
2026-03-16 15:38:47,087 | INFO | HTTP Request: GET https://www.okx.com/api/v5/market/candles?instId=XRP-USDT-SWAP&bar=5m&limit=71 "HTTP/2 200 OK"
2026-03-16 15:38:47,088 | INFO | HTTP Request: GET https://www.okx.com/api/v5/market/ticker?instId=STRK-USDT-SWAP "HTTP/2 200 OK"
2026-03-16 15:38:47,488 | INFO | HTTP Request: GET https://www.okx.com/api/v5/market/candles?instId=XSR-USDT-SWAP&bar=5m&limit=71 "HTTP/2 200 OK"
2026-03-16 15:38:47,614 | INFO | HTTP Request: GET https://www.okx.com/api/v5/market/ticker?instId=SUI-USDT-SWAP "HTTP/2 200 OK"
2026-03-16 15:38:47,903 | INFO | HTTP Request: GET https://www.okx.com/api/v5/market/candles?instId=XTZ-USDT-SWAP&bar=5m&limit=71 "HTTP/2 200 OK"
2026-03-16 15:38:48,115 | INFO | HTTP Request: GET https://www.okx.com/api/v5/market/ticker?instId=SUSHI-USDT-SWAP "HTTP/2 200 OK"
2026-03-16 15:38:48,305 | INFO | HTTP Request: GET https://www.okx.com/api/v5/market/candles?instId=YB-USDT-SWAP&bar=5m&limit=71 "HTTP/2 200 OK"
2026-03-16 15:38:48,627 | INFO | HTTP Request: GET https://www.okx.com/api/v5/market/ticker?instId=SYRUP-USDT-SWAP "HTTP/2 200 OK"
2026-03-16 15:38:48,649 | INFO | HTTP Request: GET https://www.okx.com/api/v5/account/balance "HTTP/2 200 OK"
2026-03-16 15:38:48,709 | INFO | HTTP Request: GET https://www.okx.com/api/v5/market/candles?instId=YFI-USDT-SWAP&bar=5m&limit=71 "HTTP/2 200 OK"
2026-03-16 15:38:49,117 | INFO | HTTP Request: GET https://www.okx.com/api/v5/market/candles?instId=YGG-USDT-SWAP&bar=5m&limit=71 "HTTP/2 200 OK"
2026-03-16 15:38:49,141 | INFO | HTTP Request: GET https://www.okx.com/api/v5/market/ticker?instId=TEST1234-USDT-SWAP "HTTP/2 200 OK"
2026-03-16 15:38:49,507 | INFO | HTTP Request: GET https://www.okx.com/api/v5/market/candles?instId=ZAMA-USDT-SWAP&bar=5m&limit=71 "HTTP/2 200 OK"
2026-03-16 15:38:49,652 | INFO | HTTP Request: GET https://www.okx.com/api/v5/market/ticker?instId=TEST3103-USDT-SWAP "HTTP/2 200 OK"
2026-03-16 15:38:49,883 | INFO | HTTP Request: GET https://www.okx.com/api/v5/market/candles?instId=ZBCN-USDT-SWAP&bar=5m&limit=71 "HTTP/2 200 OK"
2026-03-16 15:38:50,137 | INFO | HTTP Request: GET https://www.okx.com/api/v5/market/ticker?instId=TEST3110-USDT-SWAP "HTTP/2 200 OK"
2026-03-16 15:38:50,253 | INFO | HTTP Request: GET https://www.okx.com/api/v5/market/candles?instId=ZETA-USDT-SWAP&bar=5m&limit=71 "HTTP/2 200 OK"
2026-03-16 15:38:50,664 | INFO | HTTP Request: GET https://www.okx.com/api/v5/market/candles?instId=ZIL-USDT-SWAP&bar=5m&limit=71 "HTTP/2 200 OK"
2026-03-16 15:38:50,672 | INFO | HTTP Request: GET https://www.okx.com/api/v5/market/ticker?instId=THETA-USDT-SWAP "HTTP/2 200 OK"
2026-03-16 15:38:51,056 | INFO | HTTP Request: GET https://www.okx.com/api/v5/market/candles?instId=XAG-USDT-SWAP&bar=5m&limit=26 "HTTP/2 200 OK"
2026-03-16 15:38:51,222 | INFO | HTTP Request: GET https://www.okx.com/api/v5/market/candles?instId=BTC-USDT-SWAP&bar=5m&limit=64 "HTTP/2 200 OK"
2026-03-16 15:38:51,301 | INFO | HTTP Request: GET https://www.okx.com/api/v5/market/ticker?instId=TRIA-USDT-SWAP "HTTP/2 200 OK"
2026-03-16 15:38:51,460 | INFO | HTTP Request: GET https://www.okx.com/api/v5/market/ticker?instId=XAG-USDT-SWAP "HTTP/2 200 OK"
2026-03-16 15:38:51,809 | INFO | HTTP Request: GET https://www.okx.com/api/v5/market/ticker?instId=TRX-USDT-SWAP "HTTP/2 200 OK"
2026-03-16 15:38:51,870 | INFO | HTTP Request: GET https://www.okx.com/api/v5/trade/orders-algo-pending?ordType=conditional&instType=SWAP&instId=XAG-USDT-SWAP "HTTP/2 200 OK"
2026-03-16 15:38:52,276 | INFO | HTTP Request: GET https://www.okx.com/api/v5/trade/orders-algo-pending?ordType=oco&instType=SWAP&instId=XAG-USDT-SWAP "HTTP/2 200 OK"
2026-03-16 15:38:52,683 | INFO | HTTP Request: GET https://www.okx.com/api/v5/trade/orders-algo-pending?ordType=trigger&instType=SWAP&instId=XAG-USDT-SWAP "HTTP/2 200 OK"
2026-03-16 15:38:53,022 | INFO | HTTP Request: GET https://www.okx.com/api/v5/market/ticker?instId=XTZ-USDT-SWAP "HTTP/2 200 OK"
2026-03-16 15:38:53,091 | INFO | HTTP Request: GET https://www.okx.com/api/v5/trade/orders-algo-pending?ordType=move_order_stop&instType=SWAP&instId=XAG-USDT-SWAP "HTTP/2 200 OK"
2026-03-16 15:38:53,500 | INFO | HTTP Request: GET https://www.okx.com/api/v5/trade/orders-algo-pending?ordType=iceberg&instType=SWAP&instId=XAG-USDT-SWAP "HTTP/2 200 OK"
2026-03-16 15:38:53,506 | INFO | HTTP Request: GET https://www.okx.com/api/v5/market/ticker?instId=YB-USDT-SWAP "HTTP/2 200 OK"
2026-03-16 15:38:53,894 | INFO | HTTP Request: GET https://www.okx.com/api/v5/trade/orders-algo-pending?ordType=twap&instType=SWAP&instId=XAG-USDT-SWAP "HTTP/2 200 OK"
2026-03-16 15:38:53,968 | INFO | HTTP Request: GET https://www.okx.com/api/v5/account/balance "HTTP/2 200 OK"
2026-03-16 15:38:54,026 | INFO | HTTP Request: GET https://www.okx.com/api/v5/market/ticker?instId=YFI-USDT-SWAP "HTTP/2 200 OK"
2026-03-16 15:38:54,319 | INFO | HTTP Request: GET https://www.okx.com/api/v5/trade/orders-algo-pending?ordType=chase&instType=SWAP&instId=XAG-USDT-SWAP "HTTP/2 200 OK"
2026-03-16 15:38:54,567 | INFO | HTTP Request: GET https://www.okx.com/api/v5/market/ticker?instId=YGG-USDT-SWAP "HTTP/2 200 OK"
2026-03-16 15:38:54,688 | INFO | HTTP Request: GET https://www.okx.com/api/v5/market/candles?instId=ICP-USDT-SWAP&bar=5m&limit=26 "HTTP/2 200 OK"
2026-03-16 15:38:55,047 | INFO | HTTP Request: GET https://www.okx.com/api/v5/market/ticker?instId=ZAMA-USDT-SWAP "HTTP/2 200 OK"
2026-03-16 15:38:55,062 | INFO | HTTP Request: GET https://www.okx.com/api/v5/market/ticker?instId=ICP-USDT-SWAP "HTTP/2 200 OK"
2026-03-16 15:38:55,476 | INFO | HTTP Request: GET https://www.okx.com/api/v5/trade/orders-algo-pending?ordType=conditional&instType=SWAP&instId=ICP-USDT-SWAP "HTTP/2 200 OK"
2026-03-16 15:38:55,580 | INFO | HTTP Request: GET https://www.okx.com/api/v5/market/ticker?instId=ZBCN-USDT-SWAP "HTTP/2 200 OK"
2026-03-16 15:38:55,878 | INFO | HTTP Request: GET https://www.okx.com/api/v5/trade/orders-algo-pending?ordType=oco&instType=SWAP&instId=ICP-USDT-SWAP "HTTP/2 200 OK"
2026-03-16 15:38:56,091 | INFO | HTTP Request: GET https://www.okx.com/api/v5/market/ticker?instId=ZETA-USDT-SWAP "HTTP/2 200 OK"
2026-03-16 15:38:56,284 | INFO | HTTP Request: GET https://www.okx.com/api/v5/trade/orders-algo-pending?ordType=trigger&instType=SWAP&instId=ICP-USDT-SWAP "HTTP/2 200 OK"
2026-03-16 15:38:56,601 | INFO | HTTP Request: GET https://www.okx.com/api/v5/market/ticker?instId=ZIL-USDT-SWAP "HTTP/2 200 OK"
2026-03-16 15:38:56,690 | INFO | HTTP Request: GET https://www.okx.com/api/v5/trade/orders-algo-pending?ordType=move_order_stop&instType=SWAP&instId=ICP-USDT-SWAP "HTTP/2 200 OK"
2026-03-16 15:38:57,093 | INFO | HTTP Request: GET https://www.okx.com/api/v5/trade/orders-algo-pending?ordType=iceberg&instType=SWAP&instId=ICP-USDT-SWAP "HTTP/2 200 OK"
2026-03-16 15:38:57,100 | INFO | HTTP Request: GET https://www.okx.com/api/v5/market/ticker?instId=XAG-USDT-SWAP "HTTP/2 200 OK"
2026-03-16 15:38:57,491 | INFO | HTTP Request: GET https://www.okx.com/api/v5/market/candles?instId=BTC-USDT-SWAP&bar=5m&limit=64 "HTTP/2 200 OK"
2026-03-16 15:38:57,501 | INFO | HTTP Request: GET https://www.okx.com/api/v5/market/candles?instId=XAG-USDT-SWAP&bar=5m&limit=89 "HTTP/2 200 OK"
2026-03-16 15:38:57,503 | INFO | HTTP Request: GET https://www.okx.com/api/v5/trade/orders-algo-pending?ordType=twap&instType=SWAP&instId=ICP-USDT-SWAP "HTTP/2 200 OK"
2026-03-16 15:38:57,904 | INFO | HTTP Request: GET https://www.okx.com/api/v5/trade/orders-algo-pending?ordType=chase&instType=SWAP&instId=ICP-USDT-SWAP "HTTP/2 200 OK"
2026-03-16 15:38:58,150 | INFO | HTTP Request: GET https://www.okx.com/api/v5/market/ticker?instId=BAND-USDT-SWAP "HTTP/2 200 OK"
2026-03-16 15:38:58,316 | INFO | HTTP Request: GET https://www.okx.com/api/v5/market/candles?instId=BAND-USDT-SWAP&bar=5m&limit=26 "HTTP/2 200 OK"
2026-03-16 15:38:58,509 | INFO | HTTP Request: GET https://www.okx.com/api/v5/market/candles?instId=BAND-USDT-SWAP&bar=5m&limit=89 "HTTP/2 200 OK"
2026-03-16 15:38:58,715 | INFO | HTTP Request: GET https://www.okx.com/api/v5/trade/orders-algo-pending?ordType=conditional&instType=SWAP&instId=BAND-USDT-SWAP "HTTP/2 200 OK"
2026-03-16 15:38:59,040 | INFO | HTTP Request: GET https://www.okx.com/api/v5/market/ticker?instId=BREV-USDT-SWAP "HTTP/2 200 OK"
2026-03-16 15:38:59,125 | INFO | HTTP Request: GET https://www.okx.com/api/v5/trade/orders-algo-pending?ordType=oco&instType=SWAP&instId=BAND-USDT-SWAP "HTTP/2 200 OK"
2026-03-16 15:38:59,384 | INFO | HTTP Request: GET https://www.okx.com/api/v5/account/balance "HTTP/2 200 OK"
2026-03-16 15:38:59,435 | INFO | HTTP Request: GET https://www.okx.com/api/v5/market/candles?instId=BREV-USDT-SWAP&bar=5m&limit=89 "HTTP/2 200 OK"
2026-03-16 15:38:59,541 | INFO | HTTP Request: GET https://www.okx.com/api/v5/trade/orders-algo-pending?ordType=trigger&instType=SWAP&instId=BAND-USDT-SWAP "HTTP/2 200 OK"
2026-03-16 15:38:59,914 | INFO | HTTP Request: GET https://www.okx.com/api/v5/trade/orders-algo-pending?ordType=move_order_stop&instType=SWAP&instId=BAND-USDT-SWAP "HTTP/2 200 OK"
2026-03-16 15:38:59,920 | INFO | HTTP Request: GET https://www.okx.com/api/v5/market/ticker?instId=1INCH-USDT-SWAP "HTTP/2 200 OK"
2026-03-16 15:39:00,309 | INFO | HTTP Request: GET https://www.okx.com/api/v5/trade/orders-algo-pending?ordType=iceberg&instType=SWAP&instId=BAND-USDT-SWAP "HTTP/2 200 OK"
2026-03-16 15:39:00,391 | INFO | HTTP Request: GET https://www.okx.com/api/v5/market/candles?instId=1INCH-USDT-SWAP&bar=5m&limit=89 "HTTP/2 200 OK"
2026-03-16 15:39:00,718 | INFO | HTTP Request: GET https://www.okx.com/api/v5/trade/orders-algo-pending?ordType=twap&instType=SWAP&instId=BAND-USDT-SWAP "HTTP/2 200 OK"
2026-03-16 15:39:00,878 | INFO | HTTP Request: GET https://www.okx.com/api/v5/market/ticker?instId=2Z-USDT-SWAP "HTTP/2 200 OK"
2026-03-16 15:39:01,092 | INFO | HTTP Request: GET https://www.okx.com/api/v5/trade/orders-algo-pending?ordType=chase&instType=SWAP&instId=BAND-USDT-SWAP "HTTP/2 200 OK"
2026-03-16 15:39:01,130 | INFO | Closing position BAND-USDT-SWAP. Локальный защитный выход 2.0N
2026-03-16 15:39:01,297 | INFO | HTTP Request: GET https://www.okx.com/api/v5/market/candles?instId=2Z-USDT-SWAP&bar=5m&limit=89 "HTTP/2 200 OK"
2026-03-16 15:39:01,520 | INFO | HTTP Request: POST https://www.okx.com/api/v5/trade/close-position "HTTP/2 200 OK"
2026-03-16 15:39:01,537 | WARNING | Failed to load json context : [Errno 13] Permission denied: '.'
2026-03-16 15:39:01,819 | INFO | HTTP Request: GET https://www.okx.com/api/v5/market/ticker?instId=A-USDT-SWAP "HTTP/2 200 OK"
2026-03-16 15:39:01,903 | INFO | HTTP Request: GET https://www.okx.com/api/v5/market/candles?instId=BAND-USDT-SWAP&bar=5m&limit=97 "HTTP/2 200 OK"
2026-03-16 15:39:02,227 | INFO | HTTP Request: GET https://www.okx.com/api/v5/market/candles?instId=A-USDT-SWAP&bar=5m&limit=89 "HTTP/2 200 OK"
2026-03-16 15:39:02,311 | INFO | HTTP Request: GET https://www.okx.com/api/v5/market/candles?instId=BTC-USDT-SWAP&bar=5m&limit=64 "HTTP/2 200 OK"
2026-03-16 15:39:02,355 | INFO | Placing exchange stop BREV-USDT-SWAP long payload={'instId': 'BREV-USDT-SWAP', 'tdMode': 'isolated', 'side': 'sell', 'posSide': 'net', 'ordType': 'conditional', 'sz': '120000', 'slTriggerPx': '1.008904996667', 'slOrdPx': '-1'}
2026-03-16 15:39:02,723 | INFO | HTTP Request: POST https://www.okx.com/api/v5/trade/order-algo "HTTP/2 200 OK"
2026-03-16 15:39:02,735 | INFO | HTTP Request: GET https://www.okx.com/api/v5/market/ticker?instId=AAVE-USDT-SWAP "HTTP/2 200 OK"
2026-03-16 15:39:03,128 | INFO | HTTP Request: GET https://www.okx.com/api/v5/market/candles?instId=AAVE-USDT-SWAP&bar=5m&limit=89 "HTTP/2 200 OK"
2026-03-16 15:39:03,156 | INFO | HTTP Request: POST https://www.okx.com/api/v5/trade/cancel-algos "HTTP/2 200 OK"
2026-03-16 15:39:03,171 | INFO | Closing position BREV-USDT-SWAP. Защита тренда: откат от пика 21695003333.33R → 3695003333.33R
2026-03-16 15:39:03,546 | INFO | HTTP Request: POST https://www.okx.com/api/v5/trade/close-position "HTTP/2 200 OK"
2026-03-16 15:39:03,579 | WARNING | Failed to load json context : [Errno 13] Permission denied: '.'
2026-03-16 15:39:03,649 | INFO | HTTP Request: GET https://www.okx.com/api/v5/market/ticker?instId=ACT-USDT-SWAP "HTTP/2 200 OK"
2026-03-16 15:39:04,023 | INFO | HTTP Request: GET https://www.okx.com/api/v5/market/candles?instId=BREV-USDT-SWAP&bar=5m&limit=97 "HTTP/2 200 OK"
2026-03-16 15:39:04,058 | INFO | HTTP Request: GET https://www.okx.com/api/v5/market/candles?instId=ACT-USDT-SWAP&bar=5m&limit=89 "HTTP/2 200 OK"
2026-03-16 15:39:04,548 | INFO | HTTP Request: GET https://www.okx.com/api/v5/market/ticker?instId=ADA-USDT-SWAP "HTTP/2 200 OK"
2026-03-16 15:39:04,820 | INFO | HTTP Request: GET https://www.okx.com/api/v5/account/balance "HTTP/2 200 OK"
2026-03-16 15:39:04,943 | INFO | HTTP Request: GET https://www.okx.com/api/v5/market/candles?instId=ADA-USDT-SWAP&bar=5m&limit=89 "HTTP/2 200 OK"
2026-03-16 15:39:05,461 | INFO | HTTP Request: GET https://www.okx.com/api/v5/market/ticker?instId=AI16Z-USDT-SWAP "HTTP/2 200 OK"
2026-03-16 15:39:05,843 | INFO | HTTP Request: GET https://www.okx.com/api/v5/market/candles?instId=AI16Z-USDT-SWAP&bar=5m&limit=89 "HTTP/2 200 OK"
2026-03-16 15:39:06,361 | INFO | HTTP Request: GET https://www.okx.com/api/v5/market/ticker?instId=AKITA-USDT-SWAP "HTTP/2 200 OK"
2026-03-16 15:39:06,738 | INFO | HTTP Request: GET https://www.okx.com/api/v5/market/candles?instId=AKITA-USDT-SWAP&bar=5m&limit=89 "HTTP/2 200 OK"
2026-03-16 15:39:06,868 | INFO | HTTP Request: GET https://www.okx.com/api/v5/market/candles?instId=BTC-USDT-SWAP&bar=5m&limit=64 "HTTP/2 200 OK"
2026-03-16 15:39:07,257 | INFO | HTTP Request: GET https://www.okx.com/api/v5/market/ticker?instId=ALGO-USDT-SWAP "HTTP/2 200 OK"
2026-03-16 15:39:07,652 | INFO | HTTP Request: GET https://www.okx.com/api/v5/market/candles?instId=ALGO-USDT-SWAP&bar=5m&limit=89 "HTTP/2 200 OK"
2026-03-16 15:39:08,192 | INFO | HTTP Request: GET https://www.okx.com/api/v5/market/ticker?instId=ARB-USDT-SWAP "HTTP/2 200 OK"
2026-03-16 15:39:08,581 | INFO | HTTP Request: GET https://www.okx.com/api/v5/market/candles?instId=ARB-USDT-SWAP&bar=5m&limit=89 "HTTP/2 200 OK"
2026-03-16 15:39:09,105 | INFO | HTTP Request: GET https://www.okx.com/api/v5/market/ticker?instId=ASP-USDT-SWAP "HTTP/2 200 OK"
2026-03-16 15:39:09,395 | INFO | HTTP Request: GET https://www.okx.com/api/v5/account/positions?instType=SWAP "HTTP/2 200 OK"
2026-03-16 15:39:09,480 | INFO | HTTP Request: GET https://www.okx.com/api/v5/market/candles?instId=ASP-USDT-SWAP&bar=5m&limit=89 "HTTP/2 200 OK"
2026-03-16 15:39:09,821 | INFO | HTTP Request: GET https://www.okx.com/api/v5/market/candles?instId=BREV-USDT-SWAP&bar=5m&limit=26 "HTTP/2 200 OK"
2026-03-16 15:39:10,012 | INFO | HTTP Request: GET https://www.okx.com/api/v5/market/ticker?instId=ASTER-USDT-SWAP "HTTP/2 200 OK"
2026-03-16 15:39:10,192 | INFO | HTTP Request: GET https://www.okx.com/api/v5/market/candles?instId=1INCH-USDT-SWAP&bar=5m&limit=71 "HTTP/2 200 OK"
2026-03-16 15:39:10,239 | INFO | HTTP Request: GET https://www.okx.com/api/v5/account/balance "HTTP/2 200 OK"
2026-03-16 15:39:10,385 | INFO | HTTP Request: GET https://www.okx.com/api/v5/market/candles?instId=ASTER-USDT-SWAP&bar=5m&limit=89 "HTTP/2 200 OK"
2026-03-16 15:39:10,597 | INFO | HTTP Request: GET https://www.okx.com/api/v5/market/candles?instId=2Z-USDT-SWAP&bar=5m&limit=71 "HTTP/2 200 OK"
2026-03-16 15:39:10,886 | INFO | HTTP Request: GET https://www.okx.com/api/v5/market/ticker?instId=ATOM-USDT-SWAP "HTTP/2 200 OK"
2026-03-16 15:39:10,959 | INFO | HTTP Request: GET https://www.okx.com/api/v5/market/candles?instId=A-USDT-SWAP&bar=5m&limit=71 "HTTP/2 200 OK"
2026-03-16 15:39:11,277 | INFO | HTTP Request: GET https://www.okx.com/api/v5/market/candles?instId=ATOM-USDT-SWAP&bar=5m&limit=89 "HTTP/2 200 OK"
2026-03-16 15:39:11,376 | INFO | HTTP Request: GET https://www.okx.com/api/v5/market/candles?instId=AAVE-USDT-SWAP&bar=5m&limit=71 "HTTP/2 200 OK"
2026-03-16 15:39:11,792 | INFO | HTTP Request: GET https://www.okx.com/api/v5/market/ticker?instId=AUCTION-USDT-SWAP "HTTP/2 200 OK"
2026-03-16 15:39:11,793 | INFO | HTTP Request: GET https://www.okx.com/api/v5/market/candles?instId=ACT-USDT-SWAP&bar=5m&limit=71 "HTTP/2 200 OK"
2026-03-16 15:39:12,187 | INFO | HTTP Request: GET https://www.okx.com/api/v5/market/candles?instId=ADA-USDT-SWAP&bar=5m&limit=71 "HTTP/2 200 OK"
2026-03-16 15:39:12,188 | INFO | HTTP Request: GET https://www.okx.com/api/v5/market/candles?instId=AUCTION-USDT-SWAP&bar=5m&limit=89 "HTTP/2 200 OK"
2026-03-16 15:39:12,578 | INFO | HTTP Request: GET https://www.okx.com/api/v5/market/candles?instId=AI16Z-USDT-SWAP&bar=5m&limit=71 "HTTP/2 200 OK"
2026-03-16 15:39:12,720 | INFO | HTTP Request: GET https://www.okx.com/api/v5/market/ticker?instId=AVAX-USDT-SWAP "HTTP/2 200 OK"
2026-03-16 15:39:12,990 | INFO | HTTP Request: GET https://www.okx.com/api/v5/market/candles?instId=AKITA-USDT-SWAP&bar=5m&limit=71 "HTTP/2 200 OK"
2026-03-16 15:39:13,105 | INFO | HTTP Request: GET https://www.okx.com/api/v5/market/candles?instId=AVAX-USDT-SWAP&bar=5m&limit=89 "HTTP/2 200 OK"
2026-03-16 15:39:13,120 | INFO | HTTP Request: GET https://www.okx.com/api/v5/market/candles?instId=BTC-USDT-SWAP&bar=5m&limit=64 "HTTP/2 200 OK"
2026-03-16 15:39:13,394 | INFO | HTTP Request: GET https://www.okx.com/api/v5/market/candles?instId=ALGO-USDT-SWAP&bar=5m&limit=71 "HTTP/2 200 OK"
2026-03-16 15:39:13,632 | INFO | HTTP Request: GET https://www.okx.com/api/v5/market/ticker?instId=AXS-USDT-SWAP "HTTP/2 200 OK"
2026-03-16 15:39:13,817 | INFO | HTTP Request: GET https://www.okx.com/api/v5/market/candles?instId=ARB-USDT-SWAP&bar=5m&limit=71 "HTTP/2 200 OK"
2026-03-16 15:39:13,999 | INFO | HTTP Request: GET https://www.okx.com/api/v5/market/candles?instId=AXS-USDT-SWAP&bar=5m&limit=89 "HTTP/2 200 OK"
2026-03-16 15:39:14,224 | INFO | HTTP Request: GET https://www.okx.com/api/v5/market/ticker?instId=ARB-USDT-SWAP "HTTP/2 200 OK"
2026-03-16 15:39:14,227 | INFO | ARB-USDT-SWAP: Turtle 55 short-сигнал отклонён (закрытие не удержалось ниже канала)
2026-03-16 15:39:14,230 | INFO | ARB-USDT-SWAP: Turtle 20 short-сигнал отклонён (закрытие не удержалось ниже канала)
2026-03-16 15:39:14,479 | INFO | HTTP Request: GET https://www.okx.com/api/v5/market/ticker?instId=BCH-USDT-SWAP "HTTP/2 200 OK"
2026-03-16 15:39:14,591 | INFO | HTTP Request: GET https://www.okx.com/api/v5/market/candles?instId=ASP-USDT-SWAP&bar=5m&limit=71 "HTTP/2 200 OK"
2026-03-16 15:39:14,854 | INFO | HTTP Request: GET https://www.okx.com/api/v5/market/candles?instId=BCH-USDT-SWAP&bar=5m&limit=89 "HTTP/2 200 OK"
2026-03-16 15:39:14,963 | INFO | HTTP Request: GET https://www.okx.com/api/v5/market/candles?instId=ASTER-USDT-SWAP&bar=5m&limit=71 "HTTP/2 200 OK"
2026-03-16 15:39:15,007 | INFO | AVAX-USDT-SWAP: Turtle 20 long-сигнал отклонён (закрытие не удержалось выше канала)
2026-03-16 15:39:15,373 | INFO | HTTP Request: GET https://www.okx.com/api/v5/market/candles?instId=BAND-USDT-SWAP&bar=5m&limit=71 "HTTP/2 200 OK"
2026-03-16 15:39:15,387 | INFO | HTTP Request: GET https://www.okx.com/api/v5/market/ticker?instId=BIO-USDT-SWAP "HTTP/2 200 OK"
2026-03-16 15:39:15,623 | INFO | HTTP Request: GET https://www.okx.com/api/v5/account/balance "HTTP/2 200 OK"
2026-03-16 15:39:15,775 | INFO | HTTP Request: GET https://www.okx.com/api/v5/market/candles?instId=BIO-USDT-SWAP&bar=5m&limit=71 "HTTP/2 200 OK"
2026-03-16 15:39:15,778 | INFO | HTTP Request: GET https://www.okx.com/api/v5/market/candles?instId=BIO-USDT-SWAP&bar=5m&limit=89 "HTTP/2 200 OK"
2026-03-16 15:39:16,149 | INFO | HTTP Request: GET https://www.okx.com/api/v5/market/candles?instId=BLUAI-USDT-SWAP&bar=5m&limit=71 "HTTP/2 200 OK"
2026-03-16 15:39:16,262 | INFO | HTTP Request: GET https://www.okx.com/api/v5/market/ticker?instId=BLUAI-USDT-SWAP "HTTP/2 200 OK"
2026-03-16 15:39:16,558 | INFO | HTTP Request: GET https://www.okx.com/api/v5/market/candles?instId=BNB-USDT-SWAP&bar=5m&limit=71 "HTTP/2 200 OK"
2026-03-16 15:39:16,663 | INFO | HTTP Request: GET https://www.okx.com/api/v5/market/candles?instId=BLUAI-USDT-SWAP&bar=5m&limit=89 "HTTP/2 200 OK"
2026-03-16 15:39:16,956 | INFO | HTTP Request: GET https://www.okx.com/api/v5/market/candles?instId=BOME-USDT-SWAP&bar=5m&limit=71 "HTTP/2 200 OK"
2026-03-16 15:39:17,187 | INFO | HTTP Request: GET https://www.okx.com/api/v5/market/ticker?instId=BNB-USDT-SWAP "HTTP/2 200 OK"
2026-03-16 15:39:17,363 | INFO | HTTP Request: GET https://www.okx.com/api/v5/market/candles?instId=BRETT-USDT-SWAP&bar=5m&limit=71 "HTTP/2 200 OK"
2026-03-16 15:39:17,707 | INFO | HTTP Request: GET https://www.okx.com/api/v5/market/ticker?instId=BOME-USDT-SWAP "HTTP/2 200 OK"
2026-03-16 15:39:17,783 | INFO | HTTP Request: GET https://www.okx.com/api/v5/market/candles?instId=BTC-USDT-SWAP&bar=5m&limit=71 "HTTP/2 200 OK"
2026-03-16 15:39:18,210 | INFO | HTTP Request: GET https://www.okx.com/api/v5/market/candles?instId=CAT-USDT-SWAP&bar=5m&limit=71 "HTTP/2 200 OK"
2026-03-16 15:39:18,212 | INFO | HTTP Request: GET https://www.okx.com/api/v5/market/ticker?instId=BRETT-USDT-SWAP "HTTP/2 200 OK"
2026-03-16 15:39:18,591 | INFO | HTTP Request: GET https://www.okx.com/api/v5/market/candles?instId=CATI-USDT-SWAP&bar=5m&limit=71 "HTTP/2 200 OK"
2026-03-16 15:39:18,704 | INFO | HTTP Request: GET https://www.okx.com/api/v5/market/ticker?instId=BTC-USDT-SWAP "HTTP/2 200 OK"
2026-03-16 15:39:18,987 | INFO | HTTP Request: GET https://www.okx.com/api/v5/market/candles?instId=CELO-USDT-SWAP&bar=5m&limit=71 "HTTP/2 200 OK"
2026-03-16 15:39:19,206 | INFO | HTTP Request: GET https://www.okx.com/api/v5/market/ticker?instId=CAT-USDT-SWAP "HTTP/2 200 OK"
2026-03-16 15:39:19,414 | INFO | HTTP Request: GET https://www.okx.com/api/v5/market/candles?instId=CFX-USDT-SWAP&bar=5m&limit=71 "HTTP/2 200 OK"
2026-03-16 15:39:19,711 | INFO | HTTP Request: GET https://www.okx.com/api/v5/market/ticker?instId=CATI-USDT-SWAP "HTTP/2 200 OK"
2026-03-16 15:39:19,807 | INFO | HTTP Request: GET https://www.okx.com/api/v5/market/candles?instId=CHZ-USDT-SWAP&bar=5m&limit=71 "HTTP/2 200 OK"
2026-03-16 15:39:20,208 | INFO | HTTP Request: GET https://www.okx.com/api/v5/market/candles?instId=COAI-USDT-SWAP&bar=5m&limit=71 "HTTP/2 200 OK"
2026-03-16 15:39:20,220 | INFO | HTTP Request: GET https://www.okx.com/api/v5/market/ticker?instId=CELO-USDT-SWAP "HTTP/2 200 OK"
2026-03-16 15:39:20,637 | INFO | HTTP Request: GET https://www.okx.com/api/v5/market/candles?instId=COMP-USDT-SWAP&bar=5m&limit=71 "HTTP/2 200 OK"
2026-03-16 15:39:21,020 | INFO | HTTP Request: GET https://www.okx.com/api/v5/market/candles?instId=CRO-USDT-SWAP&bar=5m&limit=71 "HTTP/2 200 OK"
2026-03-16 15:39:21,075 | INFO | HTTP Request: GET https://www.okx.com/api/v5/account/balance "HTTP/2 200 OK"
2026-03-16 15:39:21,119 | INFO | HTTP Request: GET https://www.okx.com/api/v5/market/ticker?instId=CFX-USDT-SWAP "HTTP/2 200 OK"
2026-03-16 15:39:21,410 | INFO | HTTP Request: GET https://www.okx.com/api/v5/market/candles?instId=CRV-USDT-SWAP&bar=5m&limit=71 "HTTP/2 200 OK"
2026-03-16 15:39:21,608 | INFO | HTTP Request: GET https://www.okx.com/api/v5/market/ticker?instId=CHZ-USDT-SWAP "HTTP/2 200 OK"
2026-03-16 15:39:21,784 | INFO | HTTP Request: GET https://www.okx.com/api/v5/market/candles?instId=DOGE-USDT-SWAP&bar=5m&limit=71 "HTTP/2 200 OK"
2026-03-16 15:39:22,114 | INFO | HTTP Request: GET https://www.okx.com/api/v5/market/ticker?instId=COAI-USDT-SWAP "HTTP/2 200 OK"
2026-03-16 15:39:22,196 | INFO | HTTP Request: GET https://www.okx.com/api/v5/market/candles?instId=DOT-USDT-SWAP&bar=5m&limit=71 "HTTP/2 200 OK"
2026-03-16 15:39:22,505 | INFO | HTTP Request: GET https://www.okx.com/api/v5/market/candles?instId=BTC-USDT-SWAP&bar=5m&limit=64 "HTTP/2 200 OK"
2026-03-16 15:39:22,604 | INFO | HTTP Request: GET https://www.okx.com/api/v5/market/candles?instId=ENA-USDT-SWAP&bar=5m&limit=71 "HTTP/2 200 OK"
2026-03-16 15:39:22,616 | INFO | HTTP Request: GET https://www.okx.com/api/v5/market/ticker?instId=COMP-USDT-SWAP "HTTP/2 200 OK"
2026-03-16 15:39:23,017 | INFO | HTTP Request: GET https://www.okx.com/api/v5/market/candles?instId=EOS-USDT-SWAP&bar=5m&limit=71 "HTTP/2 200 OK"
2026-03-16 15:39:23,126 | INFO | HTTP Request: GET https://www.okx.com/api/v5/market/ticker?instId=CRO-USDT-SWAP "HTTP/2 200 OK"
2026-03-16 15:39:23,428 | INFO | HTTP Request: GET https://www.okx.com/api/v5/market/candles?instId=ETC-USDT-SWAP&bar=5m&limit=71 "HTTP/2 200 OK"
2026-03-16 15:39:23,636 | INFO | HTTP Request: GET https://www.okx.com/api/v5/market/ticker?instId=CRV-USDT-SWAP "HTTP/2 200 OK"
2026-03-16 15:39:23,821 | INFO | HTTP Request: GET https://www.okx.com/api/v5/market/candles?instId=ETH-USDT-SWAP&bar=5m&limit=71 "HTTP/2 200 OK"
2026-03-16 15:39:24,141 | INFO | HTTP Request: GET https://www.okx.com/api/v5/market/ticker?instId=DOGE-USDT-SWAP "HTTP/2 200 OK"
2026-03-16 15:39:24,225 | INFO | HTTP Request: GET https://www.okx.com/api/v5/market/ticker?instId=ETH-USDT-SWAP "HTTP/2 200 OK"
2026-03-16 15:39:24,269 | INFO | ETH-USDT-SWAP: Turtle 20 short-сигнал отклонён (закрытие не удержалось ниже канала)
2026-03-16 15:39:24,648 | INFO | HTTP Request: GET https://www.okx.com/api/v5/market/ticker?instId=DOT-USDT-SWAP "HTTP/2 200 OK"
2026-03-16 15:39:24,652 | INFO | HTTP Request: GET https://www.okx.com/api/v5/market/candles?instId=ETHFI-USDT-SWAP&bar=5m&limit=71 "HTTP/2 200 OK"
2026-03-16 15:39:25,048 | INFO | HTTP Request: GET https://www.okx.com/api/v5/market/ticker?instId=ETHFI-USDT-SWAP "HTTP/2 200 OK"
2026-03-16 15:39:25,084 | INFO | ETHFI-USDT-SWAP: Turtle 55 long-сигнал отклонён (закрытие не удержалось выше канала)
2026-03-16 15:39:25,089 | INFO | ETHFI-USDT-SWAP: Turtle 55 short-сигнал отклонён (закрытие не удержалось ниже канала)
2026-03-16 15:39:25,092 | INFO | ETHFI-USDT-SWAP: Turtle 20 long-сигнал отклонён (закрытие не удержалось выше канала)
2026-03-16 15:39:25,095 | INFO | ETHFI-USDT-SWAP: Turtle 20 short-сигнал отклонён (закрытие не удержалось ниже канала)
2026-03-16 15:39:25,159 | INFO | HTTP Request: GET https://www.okx.com/api/v5/market/ticker?instId=ENA-USDT-SWAP "HTTP/2 200 OK"
2026-03-16 15:39:25,462 | INFO | HTTP Request: GET https://www.okx.com/api/v5/market/candles?instId=ETHW-USDT-SWAP&bar=5m&limit=71 "HTTP/2 200 OK"
2026-03-16 15:39:25,681 | INFO | HTTP Request: GET https://www.okx.com/api/v5/market/ticker?instId=EOS-USDT-SWAP "HTTP/2 200 OK"
2026-03-16 15:39:25,883 | INFO | HTTP Request: GET https://www.okx.com/api/v5/market/candles?instId=FIL-USDT-SWAP&bar=5m&limit=71 "HTTP/2 200 OK"
2026-03-16 15:39:26,192 | INFO | HTTP Request: GET https://www.okx.com/api/v5/market/ticker?instId=ETC-USDT-SWAP "HTTP/2 200 OK"
2026-03-16 15:39:26,272 | INFO | HTTP Request: GET https://www.okx.com/api/v5/market/candles?instId=FLOKI-USDT-SWAP&bar=5m&limit=71 "HTTP/2 200 OK"
2026-03-16 15:39:26,515 | INFO | HTTP Request: GET https://www.okx.com/api/v5/account/balance "HTTP/2 200 OK"
2026-03-16 15:39:26,685 | INFO | HTTP Request: GET https://www.okx.com/api/v5/market/candles?instId=GMT-USDT-SWAP&bar=5m&limit=71 "HTTP/2 200 OK"
2026-03-16 15:39:26,936 | INFO | HTTP Request: GET https://www.okx.com/api/v5/market/ticker?instId=ETHW-USDT-SWAP "HTTP/2 200 OK"
2026-03-16 15:39:27,092 | INFO | HTTP Request: GET https://www.okx.com/api/v5/market/candles?instId=H-USDT-SWAP&bar=5m&limit=71 "HTTP/2 200 OK"
2026-03-16 15:39:27,458 | INFO | HTTP Request: GET https://www.okx.com/api/v5/market/ticker?instId=FIL-USDT-SWAP "HTTP/2 200 OK"
2026-03-16 15:39:27,504 | INFO | HTTP Request: GET https://www.okx.com/api/v5/market/candles?instId=HBAR-USDT-SWAP&bar=5m&limit=71 "HTTP/2 200 OK"
2026-03-16 15:39:27,895 | INFO | HTTP Request: GET https://www.okx.com/api/v5/market/candles?instId=HMSTR-USDT-SWAP&bar=5m&limit=71 "HTTP/2 200 OK"
2026-03-16 15:39:27,952 | INFO | HTTP Request: GET https://www.okx.com/api/v5/market/ticker?instId=FLOKI-USDT-SWAP "HTTP/2 200 OK"
2026-03-16 15:39:28,277 | INFO | HTTP Request: GET https://www.okx.com/api/v5/market/candles?instId=HOME-USDT-SWAP&bar=5m&limit=71 "HTTP/2 200 OK"
2026-03-16 15:39:28,468 | INFO | HTTP Request: GET https://www.okx.com/api/v5/market/ticker?instId=GMT-USDT-SWAP "HTTP/2 200 OK"
2026-03-16 15:39:28,655 | INFO | HTTP Request: GET https://www.okx.com/api/v5/market/candles?instId=IMX-USDT-SWAP&bar=5m&limit=71 "HTTP/2 200 OK"
2026-03-16 15:39:28,743 | INFO | HTTP Request: GET https://www.okx.com/api/v5/market/candles?instId=BTC-USDT-SWAP&bar=5m&limit=64 "HTTP/2 200 OK"
2026-03-16 15:39:28,976 | INFO | HTTP Request: GET https://www.okx.com/api/v5/market/ticker?instId=H-USDT-SWAP "HTTP/2 200 OK"
2026-03-16 15:39:29,047 | INFO | HTTP Request: GET https://www.okx.com/api/v5/market/candles?instId=INJ-USDT-SWAP&bar=5m&limit=71 "HTTP/2 200 OK"
2026-03-16 15:39:29,475 | INFO | HTTP Request: GET https://www.okx.com/api/v5/market/candles?instId=IOTA-USDT-SWAP&bar=5m&limit=71 "HTTP/2 200 OK"
2026-03-16 15:39:29,475 | INFO | HTTP Request: GET https://www.okx.com/api/v5/market/ticker?instId=HBAR-USDT-SWAP "HTTP/2 200 OK"
2026-03-16 15:39:29,871 | INFO | HTTP Request: GET https://www.okx.com/api/v5/market/candles?instId=JUP-USDT-SWAP&bar=5m&limit=71 "HTTP/2 200 OK"
2026-03-16 15:39:29,995 | INFO | HTTP Request: GET https://www.okx.com/api/v5/market/ticker?instId=HMSTR-USDT-SWAP "HTTP/2 200 OK"
2026-03-16 15:39:30,330 | INFO | HTTP Request: GET https://www.okx.com/api/v5/market/candles?instId=KAITO-USDT-SWAP&bar=5m&limit=71 "HTTP/2 200 OK"
2026-03-16 15:39:30,508 | INFO | HTTP Request: GET https://www.okx.com/api/v5/market/ticker?instId=HOME-USDT-SWAP "HTTP/2 200 OK"
2026-03-16 15:39:30,705 | INFO | HTTP Request: GET https://www.okx.com/api/v5/market/candles?instId=KSM-USDT-SWAP&bar=5m&limit=71 "HTTP/2 200 OK"
2026-03-16 15:39:31,012 | INFO | HTTP Request: GET https://www.okx.com/api/v5/market/ticker?instId=IMX-USDT-SWAP "HTTP/2 200 OK"
2026-03-16 15:39:31,096 | INFO | HTTP Request: GET https://www.okx.com/api/v5/market/candles?instId=LDO-USDT-SWAP&bar=5m&limit=71 "HTTP/2 200 OK"
2026-03-16 15:39:31,518 | INFO | HTTP Request: GET https://www.okx.com/api/v5/market/ticker?instId=INJ-USDT-SWAP "HTTP/2 200 OK"
2026-03-16 15:39:31,525 | INFO | HTTP Request: GET https://www.okx.com/api/v5/market/candles?instId=LINEA-USDT-SWAP&bar=5m&limit=71 "HTTP/2 200 OK"
2026-03-16 15:39:31,918 | INFO | HTTP Request: GET https://www.okx.com/api/v5/market/candles?instId=LINK-USDT-SWAP&bar=5m&limit=71 "HTTP/2 200 OK"
2026-03-16 15:39:31,959 | INFO | HTTP Request: GET https://www.okx.com/api/v5/account/balance "HTTP/2 200 OK"
2026-03-16 15:39:32,030 | INFO | HTTP Request: GET https://www.okx.com/api/v5/market/ticker?instId=IOTA-USDT-SWAP "HTTP/2 200 OK"
2026-03-16 15:39:32,324 | INFO | HTTP Request: GET https://www.okx.com/api/v5/market/candles?instId=LIT-USDT-SWAP&bar=5m&limit=71 "HTTP/2 200 OK"
2026-03-16 15:39:32,555 | INFO | HTTP Request: GET https://www.okx.com/api/v5/market/ticker?instId=JUP-USDT-SWAP "HTTP/2 200 OK"
2026-03-16 15:39:32,743 | INFO | HTTP Request: GET https://www.okx.com/api/v5/market/candles?instId=LPT-USDT-SWAP&bar=5m&limit=71 "HTTP/2 200 OK"
2026-03-16 15:39:33,079 | INFO | HTTP Request: GET https://www.okx.com/api/v5/market/ticker?instId=KAITO-USDT-SWAP "HTTP/2 200 OK"
2026-03-16 15:39:33,134 | INFO | HTTP Request: GET https://www.okx.com/api/v5/market/candles?instId=LQTY-USDT-SWAP&bar=5m&limit=71 "HTTP/2 200 OK"
2026-03-16 15:39:33,540 | INFO | HTTP Request: GET https://www.okx.com/api/v5/market/candles?instId=LRC-USDT-SWAP&bar=5m&limit=71 "HTTP/2 200 OK"
2026-03-16 15:39:33,566 | INFO | HTTP Request: GET https://www.okx.com/api/v5/market/ticker?instId=KSM-USDT-SWAP "HTTP/2 200 OK"
2026-03-16 15:39:33,951 | INFO | HTTP Request: GET https://www.okx.com/api/v5/market/candles?instId=LTC-USDT-SWAP&bar=5m&limit=71 "HTTP/2 200 OK"
2026-03-16 15:39:34,083 | INFO | HTTP Request: GET https://www.okx.com/api/v5/market/ticker?instId=LDO-USDT-SWAP "HTTP/2 200 OK"
2026-03-16 15:39:34,366 | INFO | HTTP Request: GET https://www.okx.com/api/v5/market/candles?instId=MAGIC-USDT-SWAP&bar=5m&limit=71 "HTTP/2 200 OK"
2026-03-16 15:39:34,626 | INFO | HTTP Request: GET https://www.okx.com/api/v5/market/ticker?instId=LINEA-USDT-SWAP "HTTP/2 200 OK"
2026-03-16 15:39:34,853 | INFO | HTTP Request: GET https://www.okx.com/api/v5/market/candles?instId=MAJOR-USDT-SWAP&bar=5m&limit=71 "HTTP/2 200 OK"
2026-03-16 15:39:34,992 | INFO | HTTP Request: GET https://www.okx.com/api/v5/market/candles?instId=BTC-USDT-SWAP&bar=5m&limit=64 "HTTP/2 200 OK"
2026-03-16 15:39:35,121 | INFO | HTTP Request: GET https://www.okx.com/api/v5/market/ticker?instId=LINK-USDT-SWAP "HTTP/2 200 OK"
2026-03-16 15:39:35,212 | INFO | HTTP Request: GET https://www.okx.com/api/v5/market/candles?instId=MASK-USDT-SWAP&bar=5m&limit=71 "HTTP/2 200 OK"
2026-03-16 15:39:35,601 | INFO | HTTP Request: GET https://www.okx.com/api/v5/market/candles?instId=MET-USDT-SWAP&bar=5m&limit=71 "HTTP/2 200 OK"
2026-03-16 15:39:35,638 | INFO | HTTP Request: GET https://www.okx.com/api/v5/market/ticker?instId=LIT-USDT-SWAP "HTTP/2 200 OK"
2026-03-16 15:39:36,009 | INFO | HTTP Request: GET https://www.okx.com/api/v5/market/candles?instId=MINA-USDT-SWAP&bar=5m&limit=71 "HTTP/2 200 OK"
2026-03-16 15:39:36,117 | INFO | HTTP Request: GET https://www.okx.com/api/v5/market/ticker?instId=LPT-USDT-SWAP "HTTP/2 200 OK"
2026-03-16 15:39:36,414 | INFO | HTTP Request: GET https://www.okx.com/api/v5/market/candles?instId=MKR-USDT-SWAP&bar=5m&limit=71 "HTTP/2 200 OK"
2026-03-16 15:39:36,627 | INFO | HTTP Request: GET https://www.okx.com/api/v5/market/ticker?instId=LQTY-USDT-SWAP "HTTP/2 200 OK"
2026-03-16 15:39:36,804 | INFO | HTTP Request: GET https://www.okx.com/api/v5/market/candles?instId=MUBARAK-USDT-SWAP&bar=5m&limit=71 "HTTP/2 200 OK"
2026-03-16 15:39:37,140 | INFO | HTTP Request: GET https://www.okx.com/api/v5/market/ticker?instId=LRC-USDT-SWAP "HTTP/2 200 OK"
2026-03-16 15:39:37,212 | INFO | HTTP Request: GET https://www.okx.com/api/v5/market/candles?instId=NEAR-USDT-SWAP&bar=5m&limit=71 "HTTP/2 200 OK"
2026-03-16 15:39:37,285 | INFO | HTTP Request: GET https://www.okx.com/api/v5/account/balance "HTTP/2 200 OK"
2026-03-16 15:39:37,630 | INFO | HTTP Request: GET https://www.okx.com/api/v5/market/candles?instId=NEO-USDT-SWAP&bar=5m&limit=71 "HTTP/2 200 OK"
2026-03-16 15:39:37,638 | INFO | HTTP Request: GET https://www.okx.com/api/v5/market/ticker?instId=LTC-USDT-SWAP "HTTP/2 200 OK"
2026-03-16 15:39:37,994 | INFO | HTTP Request: GET https://www.okx.com/api/v5/market/candles?instId=NOT-USDT-SWAP&bar=5m&limit=71 "HTTP/2 200 OK"
2026-03-16 15:39:38,126 | INFO | HTTP Request: GET https://www.okx.com/api/v5/market/ticker?instId=MAGIC-USDT-SWAP "HTTP/2 200 OK"
2026-03-16 15:39:38,400 | INFO | HTTP Request: GET https://www.okx.com/api/v5/market/candles?instId=OP-USDT-SWAP&bar=5m&limit=71 "HTTP/2 200 OK"
2026-03-16 15:39:38,625 | INFO | HTTP Request: GET https://www.okx.com/api/v5/market/ticker?instId=MAJOR-USDT-SWAP "HTTP/2 200 OK"
2026-03-16 15:39:38,816 | INFO | HTTP Request: GET https://www.okx.com/api/v5/market/candles?instId=PEPE-USDT-SWAP&bar=5m&limit=71 "HTTP/2 200 OK"
2026-03-16 15:39:39,138 | INFO | HTTP Request: GET https://www.okx.com/api/v5/market/ticker?instId=MASK-USDT-SWAP "HTTP/2 200 OK"
2026-03-16 15:39:39,211 | INFO | HTTP Request: GET https://www.okx.com/api/v5/market/candles?instId=PIGGY-USDT-SWAP&bar=5m&limit=71 "HTTP/2 200 OK"
2026-03-16 15:39:39,624 | INFO | HTTP Request: GET https://www.okx.com/api/v5/market/candles?instId=QTUM-USDT-SWAP&bar=5m&limit=71 "HTTP/2 200 OK"
2026-03-16 15:39:39,637 | INFO | HTTP Request: GET https://www.okx.com/api/v5/market/ticker?instId=MET-USDT-SWAP "HTTP/2 200 OK"
2026-03-16 15:39:40,015 | INFO | HTTP Request: GET https://www.okx.com/api/v5/market/candles?instId=RAVE-USDT-SWAP&bar=5m&limit=71 "HTTP/2 200 OK"
2026-03-16 15:39:40,144 | INFO | HTTP Request: GET https://www.okx.com/api/v5/market/ticker?instId=MINA-USDT-SWAP "HTTP/2 200 OK"
2026-03-16 15:39:40,386 | INFO | HTTP Request: GET https://www.okx.com/api/v5/market/candles?instId=RESOLV-USDT-SWAP&bar=5m&limit=71 "HTTP/2 200 OK"
2026-03-16 15:39:40,634 | INFO | HTTP Request: GET https://www.okx.com/api/v5/market/ticker?instId=MKR-USDT-SWAP "HTTP/2 200 OK"
2026-03-16 15:39:40,752 | INFO | HTTP Request: GET https://www.okx.com/api/v5/market/candles?instId=ROBO-USDT-SWAP&bar=5m&limit=71 "HTTP/2 200 OK"
2026-03-16 15:39:41,116 | INFO | HTTP Request: GET https://www.okx.com/api/v5/market/candles?instId=SAND-USDT-SWAP&bar=5m&limit=71 "HTTP/2 200 OK"
2026-03-16 15:39:41,118 | INFO | HTTP Request: GET https://www.okx.com/api/v5/market/ticker?instId=MUBARAK-USDT-SWAP "HTTP/2 200 OK"
2026-03-16 15:39:41,234 | INFO | HTTP Request: GET https://www.okx.com/api/v5/market/candles?instId=BTC-USDT-SWAP&bar=5m&limit=64 "HTTP/2 200 OK"
2026-03-16 15:39:41,519 | INFO | HTTP Request: GET https://www.okx.com/api/v5/market/candles?instId=SCR-USDT-SWAP&bar=5m&limit=71 "HTTP/2 200 OK"
2026-03-16 15:39:41,652 | INFO | HTTP Request: GET https://www.okx.com/api/v5/market/ticker?instId=NEAR-USDT-SWAP "HTTP/2 200 OK"
2026-03-16 15:39:41,919 | INFO | HTTP Request: GET https://www.okx.com/api/v5/market/candles?instId=SHIB-USDT-SWAP&bar=5m&limit=71 "HTTP/2 200 OK"
2026-03-16 15:39:42,154 | INFO | HTTP Request: GET https://www.okx.com/api/v5/market/ticker?instId=NEO-USDT-SWAP "HTTP/2 200 OK"
2026-03-16 15:39:42,360 | INFO | HTTP Request: GET https://www.okx.com/api/v5/market/candles?instId=SKY-USDT-SWAP&bar=5m&limit=71 "HTTP/2 200 OK"
2026-03-16 15:39:42,655 | INFO | HTTP Request: GET https://www.okx.com/api/v5/market/ticker?instId=NOT-USDT-SWAP "HTTP/2 200 OK"
2026-03-16 15:39:42,703 | INFO | HTTP Request: GET https://www.okx.com/api/v5/account/balance "HTTP/2 200 OK"
2026-03-16 15:39:42,740 | INFO | HTTP Request: GET https://www.okx.com/api/v5/market/candles?instId=SOL-USDT-SWAP&bar=5m&limit=71 "HTTP/2 200 OK"
2026-03-16 15:39:43,108 | INFO | HTTP Request: GET https://www.okx.com/api/v5/market/candles?instId=SOLV-USDT-SWAP&bar=5m&limit=71 "HTTP/2 200 OK"
2026-03-16 15:39:43,155 | INFO | HTTP Request: GET https://www.okx.com/api/v5/market/ticker?instId=OP-USDT-SWAP "HTTP/2 200 OK"
2026-03-16 15:39:43,562 | INFO | HTTP Request: GET https://www.okx.com/api/v5/market/candles?instId=SPK-USDT-SWAP&bar=5m&limit=71 "HTTP/2 200 OK"
2026-03-16 15:39:43,635 | INFO | HTTP Request: GET https://www.okx.com/api/v5/market/ticker?instId=PEPE-USDT-SWAP "HTTP/2 200 OK"
2026-03-16 15:39:43,932 | INFO | HTTP Request: GET https://www.okx.com/api/v5/market/candles?instId=STRK-USDT-SWAP&bar=5m&limit=71 "HTTP/2 200 OK"
2026-03-16 15:39:44,149 | INFO | HTTP Request: GET https://www.okx.com/api/v5/market/ticker?instId=PIGGY-USDT-SWAP "HTTP/2 200 OK"
2026-03-16 15:39:44,360 | INFO | HTTP Request: GET https://www.okx.com/api/v5/market/candles?instId=SUI-USDT-SWAP&bar=5m&limit=71 "HTTP/2 200 OK"
2026-03-16 15:39:44,664 | INFO | HTTP Request: GET https://www.okx.com/api/v5/market/ticker?instId=QTUM-USDT-SWAP "HTTP/2 200 OK"
2026-03-16 15:39:44,748 | INFO | HTTP Request: GET https://www.okx.com/api/v5/market/candles?instId=SUSHI-USDT-SWAP&bar=5m&limit=71 "HTTP/2 200 OK"
2026-03-16 15:39:45,154 | INFO | HTTP Request: GET https://www.okx.com/api/v5/market/ticker?instId=RAVE-USDT-SWAP "HTTP/2 200 OK"
2026-03-16 15:39:45,205 | INFO | HTTP Request: GET https://www.okx.com/api/v5/market/candles?instId=SYRUP-USDT-SWAP&bar=5m&limit=71 "HTTP/2 200 OK"
2026-03-16 15:39:45,561 | INFO | HTTP Request: GET https://www.okx.com/api/v5/market/candles?instId=TEST1234-USDT-SWAP&bar=5m&limit=71 "HTTP/2 200 OK"
2026-03-16 15:39:45,667 | INFO | HTTP Request: GET https://www.okx.com/api/v5/market/ticker?instId=RESOLV-USDT-SWAP "HTTP/2 200 OK"
2026-03-16 15:39:45,973 | INFO | HTTP Request: GET https://www.okx.com/api/v5/market/candles?instId=TEST3103-USDT-SWAP&bar=5m&limit=71 "HTTP/2 200 OK"
2026-03-16 15:39:46,196 | INFO | HTTP Request: GET https://www.okx.com/api/v5/market/ticker?instId=ROBO-USDT-SWAP "HTTP/2 200 OK"
2026-03-16 15:39:46,395 | INFO | HTTP Request: GET https://www.okx.com/api/v5/market/candles?instId=TEST3110-USDT-SWAP&bar=5m&limit=71 "HTTP/2 200 OK"
2026-03-16 15:39:46,701 | INFO | HTTP Request: GET https://www.okx.com/api/v5/market/ticker?instId=SAND-USDT-SWAP "HTTP/2 200 OK"
2026-03-16 15:39:46,786 | INFO | HTTP Request: GET https://www.okx.com/api/v5/market/candles?instId=THETA-USDT-SWAP&bar=5m&limit=71 "HTTP/2 200 OK"
2026-03-16 15:39:47,199 | INFO | HTTP Request: GET https://www.okx.com/api/v5/market/ticker?instId=SCR-USDT-SWAP "HTTP/2 200 OK"
2026-03-16 15:39:47,208 | INFO | HTTP Request: GET https://www.okx.com/api/v5/market/candles?instId=TON-USDT-SWAP&bar=5m&limit=71 "HTTP/2 200 OK"
2026-03-16 15:39:47,489 | INFO | HTTP Request: GET https://www.okx.com/api/v5/market/candles?instId=BTC-USDT-SWAP&bar=5m&limit=64 "HTTP/2 200 OK"
2026-03-16 15:39:47,606 | INFO | HTTP Request: GET https://www.okx.com/api/v5/market/ticker?instId=TON-USDT-SWAP "HTTP/2 200 OK"
2026-03-16 15:39:47,621 | INFO | TON-USDT-SWAP: Turtle 20 long-сигнал отклонён (закрытие не удержалось выше канала)
2026-03-16 15:39:47,732 | INFO | HTTP Request: GET https://www.okx.com/api/v5/market/ticker?instId=SHIB-USDT-SWAP "HTTP/2 200 OK"
2026-03-16 15:39:47,981 | INFO | HTTP Request: GET https://www.okx.com/api/v5/market/candles?instId=TRIA-USDT-SWAP&bar=5m&limit=71 "HTTP/2 200 OK"
2026-03-16 15:39:48,130 | INFO | HTTP Request: GET https://www.okx.com/api/v5/account/balance "HTTP/2 200 OK"
2026-03-16 15:39:48,231 | INFO | HTTP Request: GET https://www.okx.com/api/v5/market/ticker?instId=SKY-USDT-SWAP "HTTP/2 200 OK"
2026-03-16 15:39:48,360 | INFO | HTTP Request: GET https://www.okx.com/api/v5/market/candles?instId=TRX-USDT-SWAP&bar=5m&limit=71 "HTTP/2 200 OK"
2026-03-16 15:39:48,734 | INFO | HTTP Request: GET https://www.okx.com/api/v5/market/candles?instId=TSLA-USDT-SWAP&bar=5m&limit=71 "HTTP/2 200 OK"
2026-03-16 15:39:48,735 | INFO | HTTP Request: GET https://www.okx.com/api/v5/market/ticker?instId=SOL-USDT-SWAP "HTTP/2 200 OK"
2026-03-16 15:39:49,140 | INFO | HTTP Request: GET https://www.okx.com/api/v5/market/candles?instId=XAU-USDT-SWAP&bar=5m&limit=71 "HTTP/2 200 OK"
2026-03-16 15:39:49,251 | INFO | HTTP Request: GET https://www.okx.com/api/v5/market/ticker?instId=SOLV-USDT-SWAP "HTTP/2 200 OK"
2026-03-16 15:39:49,536 | INFO | HTTP Request: GET https://www.okx.com/api/v5/market/candles?instId=XLM-USDT-SWAP&bar=5m&limit=71 "HTTP/2 200 OK"
2026-03-16 15:39:49,751 | INFO | HTTP Request: GET https://www.okx.com/api/v5/market/ticker?instId=SPK-USDT-SWAP "HTTP/2 200 OK"
2026-03-16 15:39:49,941 | INFO | HTTP Request: GET https://www.okx.com/api/v5/market/candles?instId=XPL-USDT-SWAP&bar=5m&limit=71 "HTTP/2 200 OK"
2026-03-16 15:39:50,282 | INFO | HTTP Request: GET https://www.okx.com/api/v5/market/ticker?instId=STRK-USDT-SWAP "HTTP/2 200 OK"
2026-03-16 15:39:50,358 | INFO | HTTP Request: GET https://www.okx.com/api/v5/market/candles?instId=XRP-USDT-SWAP&bar=5m&limit=71 "HTTP/2 200 OK"
2026-03-16 15:39:50,761 | INFO | HTTP Request: GET https://www.okx.com/api/v5/market/candles?instId=XSR-USDT-SWAP&bar=5m&limit=71 "HTTP/2 200 OK"
2026-03-16 15:39:50,775 | INFO | HTTP Request: GET https://www.okx.com/api/v5/market/ticker?instId=SUI-USDT-SWAP "HTTP/2 200 OK"
2026-03-16 15:39:51,158 | INFO | HTTP Request: GET https://www.okx.com/api/v5/market/candles?instId=XTZ-USDT-SWAP&bar=5m&limit=71 "HTTP/2 200 OK"
2026-03-16 15:39:51,279 | INFO | HTTP Request: GET https://www.okx.com/api/v5/market/ticker?instId=SUSHI-USDT-SWAP "HTTP/2 200 OK"
2026-03-16 15:39:51,624 | INFO | HTTP Request: GET https://www.okx.com/api/v5/market/candles?instId=YB-USDT-SWAP&bar=5m&limit=71 "HTTP/2 200 OK"
2026-03-16 15:39:51,786 | INFO | HTTP Request: GET https://www.okx.com/api/v5/market/ticker?instId=SYRUP-USDT-SWAP "HTTP/2 200 OK"
2026-03-16 15:39:51,991 | INFO | HTTP Request: GET https://www.okx.com/api/v5/market/candles?instId=YFI-USDT-SWAP&bar=5m&limit=71 "HTTP/2 200 OK"
2026-03-16 15:39:52,317 | INFO | HTTP Request: GET https://www.okx.com/api/v5/market/ticker?instId=TEST1234-USDT-SWAP "HTTP/2 200 OK"
2026-03-16 15:39:52,397 | INFO | HTTP Request: GET https://www.okx.com/api/v5/market/candles?instId=YGG-USDT-SWAP&bar=5m&limit=71 "HTTP/2 200 OK"
2026-03-16 15:39:52,809 | INFO | HTTP Request: GET https://www.okx.com/api/v5/market/ticker?instId=TEST3103-USDT-SWAP "HTTP/2 200 OK"
2026-03-16 15:39:52,810 | INFO | HTTP Request: GET https://www.okx.com/api/v5/market/candles?instId=ZAMA-USDT-SWAP&bar=5m&limit=71 "HTTP/2 200 OK"
2026-03-16 15:39:53,214 | INFO | HTTP Request: GET https://www.okx.com/api/v5/market/candles?instId=ZBCN-USDT-SWAP&bar=5m&limit=71 "HTTP/2 200 OK"
2026-03-16 15:39:53,315 | INFO | HTTP Request: GET https://www.okx.com/api/v5/market/ticker?instId=TEST3110-USDT-SWAP "HTTP/2 200 OK"
2026-03-16 15:39:53,553 | INFO | HTTP Request: GET https://www.okx.com/api/v5/account/balance "HTTP/2 200 OK"
2026-03-16 15:39:53,611 | INFO | HTTP Request: GET https://www.okx.com/api/v5/market/candles?instId=ZETA-USDT-SWAP&bar=5m&limit=71 "HTTP/2 200 OK"
2026-03-16 15:39:53,730 | INFO | HTTP Request: GET https://www.okx.com/api/v5/market/candles?instId=BTC-USDT-SWAP&bar=5m&limit=64 "HTTP/2 200 OK"
2026-03-16 15:39:53,826 | INFO | HTTP Request: GET https://www.okx.com/api/v5/market/ticker?instId=THETA-USDT-SWAP "HTTP/2 200 OK"
2026-03-16 15:39:54,028 | INFO | HTTP Request: GET https://www.okx.com/api/v5/market/candles?instId=ZIL-USDT-SWAP&bar=5m&limit=71 "HTTP/2 200 OK"
2026-03-16 15:39:54,442 | INFO | HTTP Request: GET https://www.okx.com/api/v5/market/candles?instId=XAG-USDT-SWAP&bar=5m&limit=26 "HTTP/2 200 OK"
2026-03-16 15:39:54,462 | INFO | HTTP Request: GET https://www.okx.com/api/v5/market/ticker?instId=TRIA-USDT-SWAP "HTTP/2 200 OK"
2026-03-16 15:39:54,819 | INFO | HTTP Request: GET https://www.okx.com/api/v5/market/ticker?instId=XAG-USDT-SWAP "HTTP/2 200 OK"
2026-03-16 15:39:54,956 | INFO | HTTP Request: GET https://www.okx.com/api/v5/market/ticker?instId=TRX-USDT-SWAP "HTTP/2 200 OK"
2026-03-16 15:39:55,136 | INFO | HTTP Request: GET https://www.okx.com/api/v5/trade/orders-algo-pending?ordType=conditional&instType=SWAP&instId=XAG-USDT-SWAP "HTTP/2 200 OK"
2026-03-16 15:39:55,398 | INFO | HTTP Request: GET https://www.okx.com/api/v5/trade/orders-algo-pending?ordType=oco&instType=SWAP&instId=XAG-USDT-SWAP "HTTP/2 200 OK"
2026-03-16 15:39:55,453 | INFO | HTTP Request: GET https://www.okx.com/api/v5/market/ticker?instId=TSLA-USDT-SWAP "HTTP/2 200 OK"
2026-03-16 15:39:55,723 | INFO | HTTP Request: GET https://www.okx.com/api/v5/trade/orders-algo-pending?ordType=trigger&instType=SWAP&instId=XAG-USDT-SWAP "HTTP/2 200 OK"
2026-03-16 15:39:55,967 | INFO | HTTP Request: GET https://www.okx.com/api/v5/trade/orders-algo-pending?ordType=move_order_stop&instType=SWAP&instId=XAG-USDT-SWAP "HTTP/2 200 OK"
2026-03-16 15:39:56,002 | INFO | HTTP Request: GET https://www.okx.com/api/v5/market/ticker?instId=XAU-USDT-SWAP "HTTP/2 200 OK"
2026-03-16 15:39:56,212 | INFO | HTTP Request: GET https://www.okx.com/api/v5/trade/orders-algo-pending?ordType=iceberg&instType=SWAP&instId=XAG-USDT-SWAP "HTTP/2 200 OK"
2026-03-16 15:39:56,469 | INFO | HTTP Request: GET https://www.okx.com/api/v5/trade/orders-algo-pending?ordType=twap&instType=SWAP&instId=XAG-USDT-SWAP "HTTP/2 200 OK"
2026-03-16 15:39:56,496 | INFO | HTTP Request: GET https://www.okx.com/api/v5/market/ticker?instId=XLM-USDT-SWAP "HTTP/2 200 OK"
2026-03-16 15:39:56,836 | INFO | HTTP Request: GET https://www.okx.com/api/v5/trade/orders-algo-pending?ordType=chase&instType=SWAP&instId=XAG-USDT-SWAP "HTTP/2 200 OK"
2026-03-16 15:39:56,995 | INFO | HTTP Request: GET https://www.okx.com/api/v5/market/ticker?instId=XPL-USDT-SWAP "HTTP/2 200 OK"
2026-03-16 15:39:57,194 | INFO | HTTP Request: GET https://www.okx.com/api/v5/market/candles?instId=ICP-USDT-SWAP&bar=5m&limit=26 "HTTP/2 200 OK"
2026-03-16 15:39:57,530 | INFO | HTTP Request: GET https://www.okx.com/api/v5/market/ticker?instId=XRP-USDT-SWAP "HTTP/2 200 OK"
2026-03-16 15:39:57,613 | INFO | HTTP Request: GET https://www.okx.com/api/v5/market/ticker?instId=ICP-USDT-SWAP "HTTP/2 200 OK"
2026-03-16 15:39:57,954 | INFO | HTTP Request: GET https://www.okx.com/api/v5/trade/orders-algo-pending?ordType=conditional&instType=SWAP&instId=ICP-USDT-SWAP "HTTP/2 200 OK"
2026-03-16 15:39:58,030 | INFO | HTTP Request: GET https://www.okx.com/api/v5/market/ticker?instId=XSR-USDT-SWAP "HTTP/2 200 OK"
2026-03-16 15:39:58,271 | INFO | HTTP Request: GET https://www.okx.com/api/v5/trade/orders-algo-pending?ordType=oco&instType=SWAP&instId=ICP-USDT-SWAP "HTTP/2 200 OK"
2026-03-16 15:39:58,581 | INFO | HTTP Request: GET https://www.okx.com/api/v5/trade/orders-algo-pending?ordType=trigger&instType=SWAP&instId=ICP-USDT-SWAP "HTTP/2 200 OK"
2026-03-16 15:39:58,836 | INFO | HTTP Request: GET https://www.okx.com/api/v5/trade/orders-algo-pending?ordType=move_order_stop&instType=SWAP&instId=ICP-USDT-SWAP "HTTP/2 200 OK"
2026-03-16 15:39:58,931 | INFO | HTTP Request: GET https://www.okx.com/api/v5/account/balance "HTTP/2 200 OK"
2026-03-16 15:39:59,128 | INFO | HTTP Request: GET https://www.okx.com/api/v5/trade/orders-algo-pending?ordType=iceberg&instType=SWAP&instId=ICP-USDT-SWAP "HTTP/2 200 OK"
2026-03-16 15:39:59,372 | INFO | HTTP Request: GET https://www.okx.com/api/v5/trade/orders-algo-pending?ordType=twap&instType=SWAP&instId=ICP-USDT-SWAP "HTTP/2 200 OK"
2026-03-16 15:39:59,512 | INFO | HTTP Request: GET https://www.okx.com/api/v5/market/ticker?instId=XAG-USDT-SWAP "HTTP/2 200 OK"
2026-03-16 15:39:59,675 | INFO | HTTP Request: GET https://www.okx.com/api/v5/trade/orders-algo-pending?ordType=chase&instType=SWAP&instId=ICP-USDT-SWAP "HTTP/2 200 OK"
2026-03-16 15:39:59,869 | INFO | HTTP Request: GET https://www.okx.com/api/v5/market/candles?instId=XAG-USDT-SWAP&bar=5m&limit=89 "HTTP/2 200 OK"
2026-03-16 15:40:00,004 | INFO | HTTP Request: GET https://www.okx.com/api/v5/market/candles?instId=BTC-USDT-SWAP&bar=5m&limit=64 "HTTP/2 200 OK"
2026-03-16 15:40:00,084 | INFO | HTTP Request: GET https://www.okx.com/api/v5/market/candles?instId=BREV-USDT-SWAP&bar=5m&limit=26 "HTTP/2 200 OK"
2026-03-16 15:40:00,473 | INFO | HTTP Request: GET https://www.okx.com/api/v5/market/ticker?instId=BREV-USDT-SWAP "HTTP/2 200 OK"
2026-03-16 15:40:00,492 | INFO | HTTP Request: GET https://www.okx.com/api/v5/market/ticker?instId=BREV-USDT-SWAP "HTTP/2 200 OK"
2026-03-16 15:40:00,513 | INFO | Placing exchange stop BREV-USDT-SWAP long payload={'instId': 'BREV-USDT-SWAP', 'tdMode': 'isolated', 'side': 'sell', 'posSide': 'net', 'ordType': 'conditional', 'sz': '120000', 'slTriggerPx': '1.008904996667', 'slOrdPx': '-1'}
2026-03-16 15:40:00,820 | INFO | HTTP Request: POST https://www.okx.com/api/v5/trade/order-algo "HTTP/2 200 OK"
2026-03-16 15:40:00,997 | INFO | HTTP Request: GET https://www.okx.com/api/v5/market/ticker?instId=1INCH-USDT-SWAP "HTTP/2 200 OK"
2026-03-16 15:40:01,143 | INFO | HTTP Request: POST https://www.okx.com/api/v5/trade/cancel-algos "HTTP/2 200 OK"
2026-03-16 15:40:01,148 | INFO | Closing position BREV-USDT-SWAP. Защита тренда: откат от пика 21695003333.33R → 3695003333.33R
2026-03-16 15:40:01,395 | INFO | HTTP Request: GET https://www.okx.com/api/v5/market/candles?instId=1INCH-USDT-SWAP&bar=5m&limit=89 "HTTP/2 200 OK"
2026-03-16 15:40:01,443 | INFO | HTTP Request: POST https://www.okx.com/api/v5/trade/close-position "HTTP/2 200 OK"
2026-03-16 15:40:01,449 | WARNING | Failed to load json context : [Errno 13] Permission denied: '.'
2026-03-16 15:40:01,800 | INFO | HTTP Request: GET https://www.okx.com/api/v5/market/candles?instId=BREV-USDT-SWAP&bar=5m&limit=97 "HTTP/2 200 OK"
2026-03-16 15:40:01,888 | INFO | HTTP Request: GET https://www.okx.com/api/v5/market/ticker?instId=2Z-USDT-SWAP "HTTP/2 200 OK"
2026-03-16 15:40:02,276 | INFO | HTTP Request: GET https://www.okx.com/api/v5/market/candles?instId=2Z-USDT-SWAP&bar=5m&limit=89 "HTTP/2 200 OK"
2026-03-16 15:40:02,808 | INFO | HTTP Request: GET https://www.okx.com/api/v5/market/ticker?instId=A-USDT-SWAP "HTTP/2 200 OK"
2026-03-16 15:40:03,180 | INFO | HTTP Request: GET https://www.okx.com/api/v5/market/candles?instId=A-USDT-SWAP&bar=5m&limit=89 "HTTP/2 200 OK"
2026-03-16 15:40:03,706 | INFO | HTTP Request: GET https://www.okx.com/api/v5/market/ticker?instId=AAVE-USDT-SWAP "HTTP/2 200 OK"
2026-03-16 15:40:04,085 | INFO | HTTP Request: GET https://www.okx.com/api/v5/market/candles?instId=AAVE-USDT-SWAP&bar=5m&limit=89 "HTTP/2 200 OK"
2026-03-16 15:40:04,238 | INFO | HTTP Request: GET https://www.okx.com/api/v5/account/balance "HTTP/2 200 OK"
2026-03-16 15:40:04,607 | INFO | HTTP Request: GET https://www.okx.com/api/v5/market/ticker?instId=ACT-USDT-SWAP "HTTP/2 200 OK"
2026-03-16 15:40:05,013 | INFO | HTTP Request: GET https://www.okx.com/api/v5/market/candles?instId=ACT-USDT-SWAP&bar=5m&limit=89 "HTTP/2 200 OK"
2026-03-16 15:40:05,541 | INFO | HTTP Request: GET https://www.okx.com/api/v5/market/ticker?instId=ADA-USDT-SWAP "HTTP/2 200 OK"
2026-03-16 15:40:05,934 | INFO | HTTP Request: GET https://www.okx.com/api/v5/market/candles?instId=ADA-USDT-SWAP&bar=5m&limit=89 "HTTP/2 200 OK"
2026-03-16 15:40:06,250 | INFO | HTTP Request: GET https://www.okx.com/api/v5/market/candles?instId=BTC-USDT-SWAP&bar=5m&limit=64 "HTTP/2 200 OK"
2026-03-16 15:40:06,438 | INFO | HTTP Request: GET https://www.okx.com/api/v5/market/ticker?instId=AI16Z-USDT-SWAP "HTTP/2 200 OK"
2026-03-16 15:40:06,836 | INFO | HTTP Request: GET https://www.okx.com/api/v5/market/candles?instId=AI16Z-USDT-SWAP&bar=5m&limit=89 "HTTP/2 200 OK"
2026-03-16 15:40:07,104 | INFO | HTTP Request: GET https://www.okx.com/api/v5/account/positions?instType=SWAP "HTTP/2 200 OK"
2026-03-16 15:40:07,358 | INFO | HTTP Request: GET https://www.okx.com/api/v5/market/ticker?instId=AKITA-USDT-SWAP "HTTP/2 200 OK"
2026-03-16 15:40:07,466 | INFO | HTTP Request: GET https://www.okx.com/api/v5/market/candles?instId=BREV-USDT-SWAP&bar=5m&limit=26 "HTTP/2 200 OK"
2026-03-16 15:40:07,724 | INFO | HTTP Request: GET https://www.okx.com/api/v5/market/candles?instId=AKITA-USDT-SWAP&bar=5m&limit=89 "HTTP/2 200 OK"
2026-03-16 15:40:07,838 | INFO | HTTP Request: GET https://www.okx.com/api/v5/market/candles?instId=1INCH-USDT-SWAP&bar=5m&limit=71 "HTTP/2 200 OK"
2026-03-16 15:40:08,229 | INFO | HTTP Request: GET https://www.okx.com/api/v5/market/candles?instId=2Z-USDT-SWAP&bar=5m&limit=71 "HTTP/2 200 OK"
2026-03-16 15:40:08,255 | INFO | HTTP Request: GET https://www.okx.com/api/v5/market/ticker?instId=ALGO-USDT-SWAP "HTTP/2 200 OK"
2026-03-16 15:40:08,652 | INFO | HTTP Request: GET https://www.okx.com/api/v5/market/candles?instId=ALGO-USDT-SWAP&bar=5m&limit=89 "HTTP/2 200 OK"
2026-03-16 15:40:08,706 | INFO | HTTP Request: GET https://www.okx.com/api/v5/market/candles?instId=A-USDT-SWAP&bar=5m&limit=71 "HTTP/2 200 OK"
2026-03-16 15:40:09,084 | INFO | HTTP Request: GET https://www.okx.com/api/v5/market/candles?instId=AAVE-USDT-SWAP&bar=5m&limit=71 "HTTP/2 200 OK"
2026-03-16 15:40:09,242 | INFO | HTTP Request: GET https://www.okx.com/api/v5/market/ticker?instId=ARB-USDT-SWAP "HTTP/2 200 OK"
2026-03-16 15:40:09,550 | INFO | HTTP Request: GET https://www.okx.com/api/v5/account/balance "HTTP/2 200 OK"
2026-03-16 15:40:09,604 | INFO | HTTP Request: GET https://www.okx.com/api/v5/market/candles?instId=ACT-USDT-SWAP&bar=5m&limit=71 "HTTP/2 200 OK"
2026-03-16 15:40:09,606 | INFO | HTTP Request: GET https://www.okx.com/api/v5/market/candles?instId=ARB-USDT-SWAP&bar=5m&limit=89 "HTTP/2 200 OK"
2026-03-16 15:40:10,031 | INFO | HTTP Request: GET https://www.okx.com/api/v5/market/candles?instId=ARB-USDT-SWAP&bar=5m&limit=71 "HTTP/2 200 OK"
2026-03-16 15:40:10,151 | INFO | HTTP Request: GET https://www.okx.com/api/v5/market/ticker?instId=ASP-USDT-SWAP "HTTP/2 200 OK"
2026-03-16 15:40:10,423 | INFO | HTTP Request: GET https://www.okx.com/api/v5/market/candles?instId=ASP-USDT-SWAP&bar=5m&limit=71 "HTTP/2 200 OK"
2026-03-16 15:40:10,536 | INFO | HTTP Request: GET https://www.okx.com/api/v5/market/candles?instId=ASP-USDT-SWAP&bar=5m&limit=89 "HTTP/2 200 OK"
2026-03-16 15:40:10,834 | INFO | HTTP Request: GET https://www.okx.com/api/v5/market/candles?instId=ASTER-USDT-SWAP&bar=5m&limit=71 "HTTP/2 200 OK"
2026-03-16 15:40:11,056 | INFO | HTTP Request: GET https://www.okx.com/api/v5/market/ticker?instId=ASTER-USDT-SWAP "HTTP/2 200 OK"
2026-03-16 15:40:11,238 | INFO | HTTP Request: GET https://www.okx.com/api/v5/market/candles?instId=ATOM-USDT-SWAP&bar=5m&limit=71 "HTTP/2 200 OK"
2026-03-16 15:40:11,438 | INFO | HTTP Request: GET https://www.okx.com/api/v5/market/candles?instId=ASTER-USDT-SWAP&bar=5m&limit=89 "HTTP/2 200 OK"
2026-03-16 15:40:11,636 | INFO | HTTP Request: GET https://www.okx.com/api/v5/market/candles?instId=AUCTION-USDT-SWAP&bar=5m&limit=71 "HTTP/2 200 OK"
2026-03-16 15:40:11,975 | INFO | HTTP Request: GET https://www.okx.com/api/v5/market/ticker?instId=ATOM-USDT-SWAP "HTTP/2 200 OK"
2026-03-16 15:40:12,050 | INFO | HTTP Request: GET https://www.okx.com/api/v5/market/candles?instId=AVAX-USDT-SWAP&bar=5m&limit=71 "HTTP/2 200 OK"
2026-03-16 15:40:12,455 | INFO | HTTP Request: GET https://www.okx.com/api/v5/market/candles?instId=AXS-USDT-SWAP&bar=5m&limit=71 "HTTP/2 200 OK"
2026-03-16 15:40:12,471 | INFO | HTTP Request: GET https://www.okx.com/api/v5/market/ticker?instId=AUCTION-USDT-SWAP "HTTP/2 200 OK"
2026-03-16 15:40:12,499 | INFO | HTTP Request: GET https://www.okx.com/api/v5/market/candles?instId=BTC-USDT-SWAP&bar=5m&limit=64 "HTTP/2 200 OK"
2026-03-16 15:40:12,871 | INFO | HTTP Request: GET https://www.okx.com/api/v5/market/candles?instId=BAND-USDT-SWAP&bar=5m&limit=71 "HTTP/2 200 OK"
2026-03-16 15:40:12,988 | INFO | HTTP Request: GET https://www.okx.com/api/v5/market/ticker?instId=AVAX-USDT-SWAP "HTTP/2 200 OK"
2026-03-16 15:40:13,287 | INFO | HTTP Request: GET https://www.okx.com/api/v5/market/candles?instId=BCH-USDT-SWAP&bar=5m&limit=71 "HTTP/2 200 OK"
2026-03-16 15:40:13,493 | INFO | HTTP Request: GET https://www.okx.com/api/v5/market/ticker?instId=AXS-USDT-SWAP "HTTP/2 200 OK"
2026-03-16 15:40:13,688 | INFO | HTTP Request: GET https://www.okx.com/api/v5/market/candles?instId=BIO-USDT-SWAP&bar=5m&limit=71 "HTTP/2 200 OK"
2026-03-16 15:40:14,000 | INFO | HTTP Request: GET https://www.okx.com/api/v5/market/ticker?instId=BAND-USDT-SWAP "HTTP/2 200 OK"
2026-03-16 15:40:14,093 | INFO | HTTP Request: GET https://www.okx.com/api/v5/market/candles?instId=BLUAI-USDT-SWAP&bar=5m&limit=71 "HTTP/2 200 OK"
2026-03-16 15:40:14,500 | INFO | HTTP Request: GET https://www.okx.com/api/v5/market/candles?instId=BNB-USDT-SWAP&bar=5m&limit=71 "HTTP/2 200 OK"
2026-03-16 15:40:14,509 | INFO | HTTP Request: GET https://www.okx.com/api/v5/market/ticker?instId=BCH-USDT-SWAP "HTTP/2 200 OK"
2026-03-16 15:40:14,895 | INFO | HTTP Request: GET https://www.okx.com/api/v5/market/candles?instId=BOME-USDT-SWAP&bar=5m&limit=71 "HTTP/2 200 OK"
2026-03-16 15:40:14,982 | INFO | HTTP Request: GET https://www.okx.com/api/v5/account/balance "HTTP/2 200 OK"
2026-03-16 15:40:15,020 | INFO | HTTP Request: GET https://www.okx.com/api/v5/market/ticker?instId=BIO-USDT-SWAP "HTTP/2 200 OK"
2026-03-16 15:40:15,291 | INFO | HTTP Request: GET https://www.okx.com/api/v5/market/candles?instId=BRETT-USDT-SWAP&bar=5m&limit=71 "HTTP/2 200 OK"
2026-03-16 15:40:15,512 | INFO | HTTP Request: GET https://www.okx.com/api/v5/market/ticker?instId=BLUAI-USDT-SWAP "HTTP/2 200 OK"
2026-03-16 15:40:15,699 | INFO | HTTP Request: GET https://www.okx.com/api/v5/market/candles?instId=BTC-USDT-SWAP&bar=5m&limit=71 "HTTP/2 200 OK"
2026-03-16 15:40:16,037 | INFO | HTTP Request: GET https://www.okx.com/api/v5/market/ticker?instId=BNB-USDT-SWAP "HTTP/2 200 OK"
2026-03-16 15:40:16,104 | INFO | HTTP Request: GET https://www.okx.com/api/v5/market/candles?instId=CAT-USDT-SWAP&bar=5m&limit=71 "HTTP/2 200 OK"
2026-03-16 15:40:16,527 | INFO | HTTP Request: GET https://www.okx.com/api/v5/market/ticker?instId=BOME-USDT-SWAP "HTTP/2 200 OK"
2026-03-16 15:40:16,601 | INFO | HTTP Request: GET https://www.okx.com/api/v5/market/candles?instId=CATI-USDT-SWAP&bar=5m&limit=71 "HTTP/2 200 OK"
2026-03-16 15:40:17,027 | INFO | HTTP Request: GET https://www.okx.com/api/v5/market/candles?instId=CELO-USDT-SWAP&bar=5m&limit=71 "HTTP/2 200 OK"
2026-03-16 15:40:17,042 | INFO | HTTP Request: GET https://www.okx.com/api/v5/market/ticker?instId=BRETT-USDT-SWAP "HTTP/2 200 OK"
2026-03-16 15:40:17,420 | INFO | HTTP Request: GET https://www.okx.com/api/v5/market/candles?instId=CFX-USDT-SWAP&bar=5m&limit=71 "HTTP/2 200 OK"
2026-03-16 15:40:17,536 | INFO | HTTP Request: GET https://www.okx.com/api/v5/market/ticker?instId=BTC-USDT-SWAP "HTTP/2 200 OK"
2026-03-16 15:40:17,818 | INFO | HTTP Request: GET https://www.okx.com/api/v5/market/candles?instId=CHZ-USDT-SWAP&bar=5m&limit=71 "HTTP/2 200 OK"
2026-03-16 15:40:18,049 | INFO | HTTP Request: GET https://www.okx.com/api/v5/market/ticker?instId=CAT-USDT-SWAP "HTTP/2 200 OK"
2026-03-16 15:40:18,226 | INFO | HTTP Request: GET https://www.okx.com/api/v5/market/candles?instId=COAI-USDT-SWAP&bar=5m&limit=71 "HTTP/2 200 OK"
2026-03-16 15:40:18,565 | INFO | HTTP Request: GET https://www.okx.com/api/v5/market/ticker?instId=CATI-USDT-SWAP "HTTP/2 200 OK"
2026-03-16 15:40:18,588 | INFO | HTTP Request: GET https://www.okx.com/api/v5/market/candles?instId=COMP-USDT-SWAP&bar=5m&limit=71 "HTTP/2 200 OK"
2026-03-16 15:40:18,953 | INFO | HTTP Request: GET https://www.okx.com/api/v5/market/candles?instId=CRO-USDT-SWAP&bar=5m&limit=71 "HTTP/2 200 OK"
2026-03-16 15:40:19,048 | INFO | HTTP Request: GET https://www.okx.com/api/v5/market/ticker?instId=CELO-USDT-SWAP "HTTP/2 200 OK"
2026-03-16 15:40:19,352 | INFO | HTTP Request: GET https://www.okx.com/api/v5/market/candles?instId=CRV-USDT-SWAP&bar=5m&limit=71 "HTTP/2 200 OK"
2026-03-16 15:40:19,583 | INFO | HTTP Request: GET https://www.okx.com/api/v5/market/ticker?instId=CFX-USDT-SWAP "HTTP/2 200 OK"
2026-03-16 15:40:19,776 | INFO | HTTP Request: GET https://www.okx.com/api/v5/market/candles?instId=DOGE-USDT-SWAP&bar=5m&limit=71 "HTTP/2 200 OK"
2026-03-16 15:40:20,082 | INFO | HTTP Request: GET https://www.okx.com/api/v5/market/ticker?instId=CHZ-USDT-SWAP "HTTP/2 200 OK"
2026-03-16 15:40:20,156 | INFO | HTTP Request: GET https://www.okx.com/api/v5/market/candles?instId=DOT-USDT-SWAP&bar=5m&limit=71 "HTTP/2 200 OK"
2026-03-16 15:40:20,307 | INFO | HTTP Request: GET https://www.okx.com/api/v5/account/balance "HTTP/2 200 OK"
2026-03-16 15:40:20,523 | INFO | HTTP Request: GET https://www.okx.com/api/v5/market/candles?instId=ENA-USDT-SWAP&bar=5m&limit=71 "HTTP/2 200 OK"
2026-03-16 15:40:20,595 | INFO | HTTP Request: GET https://www.okx.com/api/v5/market/ticker?instId=COAI-USDT-SWAP "HTTP/2 200 OK"
2026-03-16 15:40:20,894 | INFO | HTTP Request: GET https://www.okx.com/api/v5/market/candles?instId=EOS-USDT-SWAP&bar=5m&limit=71 "HTTP/2 200 OK"
2026-03-16 15:40:21,116 | INFO | HTTP Request: GET https://www.okx.com/api/v5/market/ticker?instId=COMP-USDT-SWAP "HTTP/2 200 OK"
2026-03-16 15:40:21,300 | INFO | HTTP Request: GET https://www.okx.com/api/v5/market/candles?instId=ETC-USDT-SWAP&bar=5m&limit=71 "HTTP/2 200 OK"
2026-03-16 15:40:21,621 | INFO | HTTP Request: GET https://www.okx.com/api/v5/market/ticker?instId=CRO-USDT-SWAP "HTTP/2 200 OK"
2026-03-16 15:40:21,711 | INFO | HTTP Request: GET https://www.okx.com/api/v5/market/candles?instId=ETH-USDT-SWAP&bar=5m&limit=71 "HTTP/2 200 OK"
2026-03-16 15:40:21,870 | INFO | HTTP Request: GET https://www.okx.com/api/v5/market/candles?instId=BTC-USDT-SWAP&bar=5m&limit=64 "HTTP/2 200 OK"
2026-03-16 15:40:22,116 | INFO | HTTP Request: GET https://www.okx.com/api/v5/market/candles?instId=ETHFI-USDT-SWAP&bar=5m&limit=71 "HTTP/2 200 OK"
2026-03-16 15:40:22,125 | INFO | HTTP Request: GET https://www.okx.com/api/v5/market/ticker?instId=CRV-USDT-SWAP "HTTP/2 200 OK"
2026-03-16 15:40:22,555 | INFO | HTTP Request: GET https://www.okx.com/api/v5/market/candles?instId=ETHW-USDT-SWAP&bar=5m&limit=71 "HTTP/2 200 OK"
2026-03-16 15:40:22,624 | INFO | HTTP Request: GET https://www.okx.com/api/v5/market/ticker?instId=DOGE-USDT-SWAP "HTTP/2 200 OK"
2026-03-16 15:40:22,913 | INFO | HTTP Request: GET https://www.okx.com/api/v5/market/candles?instId=FIL-USDT-SWAP&bar=5m&limit=71 "HTTP/2 200 OK"
2026-03-16 15:40:23,141 | INFO | HTTP Request: GET https://www.okx.com/api/v5/market/ticker?instId=DOT-USDT-SWAP "HTTP/2 200 OK"
2026-03-16 15:40:23,324 | INFO | HTTP Request: GET https://www.okx.com/api/v5/market/candles?instId=FLOKI-USDT-SWAP&bar=5m&limit=71 "HTTP/2 200 OK"
2026-03-16 15:40:23,649 | INFO | HTTP Request: GET https://www.okx.com/api/v5/market/ticker?instId=ENA-USDT-SWAP "HTTP/2 200 OK"
2026-03-16 15:40:23,762 | INFO | HTTP Request: GET https://www.okx.com/api/v5/market/candles?instId=GMT-USDT-SWAP&bar=5m&limit=71 "HTTP/2 200 OK"
2026-03-16 15:40:24,144 | INFO | HTTP Request: GET https://www.okx.com/api/v5/market/candles?instId=H-USDT-SWAP&bar=5m&limit=71 "HTTP/2 200 OK"
2026-03-16 15:40:24,167 | INFO | HTTP Request: GET https://www.okx.com/api/v5/market/ticker?instId=EOS-USDT-SWAP "HTTP/2 200 OK"
2026-03-16 15:40:24,558 | INFO | HTTP Request: GET https://www.okx.com/api/v5/market/ticker?instId=H-USDT-SWAP "HTTP/2 200 OK"
2026-03-16 15:40:24,663 | INFO | HTTP Request: GET https://www.okx.com/api/v5/market/ticker?instId=ETC-USDT-SWAP "HTTP/2 200 OK"
2026-03-16 15:40:24,972 | INFO | HTTP Request: GET https://www.okx.com/api/v5/market/candles?instId=HBAR-USDT-SWAP&bar=5m&limit=71 "HTTP/2 200 OK"
2026-03-16 15:40:25,172 | INFO | HTTP Request: GET https://www.okx.com/api/v5/market/ticker?instId=ETH-USDT-SWAP "HTTP/2 200 OK"
2026-03-16 15:40:25,369 | INFO | HTTP Request: GET https://www.okx.com/api/v5/market/candles?instId=HMSTR-USDT-SWAP&bar=5m&limit=71 "HTTP/2 200 OK"
2026-03-16 15:40:25,724 | INFO | HTTP Request: GET https://www.okx.com/api/v5/account/balance "HTTP/2 200 OK"
2026-03-16 15:40:25,729 | INFO | HTTP Request: GET https://www.okx.com/api/v5/market/ticker?instId=ETHFI-USDT-SWAP "HTTP/2 200 OK"
2026-03-16 15:40:25,842 | INFO | HTTP Request: GET https://www.okx.com/api/v5/market/candles?instId=HOME-USDT-SWAP&bar=5m&limit=71 "HTTP/2 200 OK"
2026-03-16 15:40:26,203 | INFO | HTTP Request: GET https://www.okx.com/api/v5/market/candles?instId=IMX-USDT-SWAP&bar=5m&limit=71 "HTTP/2 200 OK"
2026-03-16 15:40:26,215 | INFO | HTTP Request: GET https://www.okx.com/api/v5/market/ticker?instId=ETHW-USDT-SWAP "HTTP/2 200 OK"
2026-03-16 15:40:26,606 | INFO | HTTP Request: GET https://www.okx.com/api/v5/market/candles?instId=INJ-USDT-SWAP&bar=5m&limit=71 "HTTP/2 200 OK"
2026-03-16 15:40:26,738 | INFO | HTTP Request: GET https://www.okx.com/api/v5/market/ticker?instId=FIL-USDT-SWAP "HTTP/2 200 OK"
2026-03-16 15:40:27,021 | INFO | HTTP Request: GET https://www.okx.com/api/v5/market/candles?instId=IOTA-USDT-SWAP&bar=5m&limit=71 "HTTP/2 200 OK"
2026-03-16 15:40:27,235 | INFO | HTTP Request: GET https://www.okx.com/api/v5/market/ticker?instId=FLOKI-USDT-SWAP "HTTP/2 200 OK"
2026-03-16 15:40:27,415 | INFO | HTTP Request: GET https://www.okx.com/api/v5/market/candles?instId=JUP-USDT-SWAP&bar=5m&limit=71 "HTTP/2 200 OK"
2026-03-16 15:40:27,744 | INFO | HTTP Request: GET https://www.okx.com/api/v5/market/ticker?instId=GMT-USDT-SWAP "HTTP/2 200 OK"
2026-03-16 15:40:27,829 | INFO | HTTP Request: GET https://www.okx.com/api/v5/market/candles?instId=KAITO-USDT-SWAP&bar=5m&limit=71 "HTTP/2 200 OK"
2026-03-16 15:40:28,117 | INFO | HTTP Request: GET https://www.okx.com/api/v5/market/candles?instId=BTC-USDT-SWAP&bar=5m&limit=64 "HTTP/2 200 OK"
2026-03-16 15:40:28,298 | INFO | HTTP Request: GET https://www.okx.com/api/v5/market/candles?instId=KSM-USDT-SWAP&bar=5m&limit=71 "HTTP/2 200 OK"
2026-03-16 15:40:28,363 | INFO | HTTP Request: GET https://www.okx.com/api/v5/market/ticker?instId=HBAR-USDT-SWAP "HTTP/2 200 OK"
2026-03-16 15:40:28,689 | INFO | HTTP Request: GET https://www.okx.com/api/v5/market/candles?instId=LDO-USDT-SWAP&bar=5m&limit=71 "HTTP/2 200 OK"
2026-03-16 15:40:28,840 | INFO | HTTP Request: GET https://www.okx.com/api/v5/market/ticker?instId=HMSTR-USDT-SWAP "HTTP/2 200 OK"
2026-03-16 15:40:29,052 | INFO | HTTP Request: GET https://www.okx.com/api/v5/market/candles?instId=LINEA-USDT-SWAP&bar=5m&limit=71 "HTTP/2 200 OK"
2026-03-16 15:40:29,321 | INFO | HTTP Request: GET https://www.okx.com/api/v5/market/ticker?instId=HOME-USDT-SWAP "HTTP/2 200 OK"
2026-03-16 15:40:29,425 | INFO | HTTP Request: GET https://www.okx.com/api/v5/market/candles?instId=LINK-USDT-SWAP&bar=5m&limit=71 "HTTP/2 200 OK"
2026-03-16 15:40:29,829 | INFO | HTTP Request: GET https://www.okx.com/api/v5/market/candles?instId=LIT-USDT-SWAP&bar=5m&limit=71 "HTTP/2 200 OK"
2026-03-16 15:40:29,833 | INFO | HTTP Request: GET https://www.okx.com/api/v5/market/ticker?instId=IMX-USDT-SWAP "HTTP/2 200 OK"
2026-03-16 15:40:30,233 | INFO | HTTP Request: GET https://www.okx.com/api/v5/market/candles?instId=LPT-USDT-SWAP&bar=5m&limit=71 "HTTP/2 200 OK"
2026-03-16 15:40:30,361 | INFO | HTTP Request: GET https://www.okx.com/api/v5/market/ticker?instId=INJ-USDT-SWAP "HTTP/2 200 OK"
2026-03-16 15:40:30,642 | INFO | HTTP Request: GET https://www.okx.com/api/v5/market/candles?instId=LQTY-USDT-SWAP&bar=5m&limit=71 "HTTP/2 200 OK"
2026-03-16 15:40:30,861 | INFO | HTTP Request: GET https://www.okx.com/api/v5/market/ticker?instId=IOTA-USDT-SWAP "HTTP/2 200 OK"
2026-03-16 15:40:31,059 | INFO | HTTP Request: GET https://www.okx.com/api/v5/market/candles?instId=LRC-USDT-SWAP&bar=5m&limit=71 "HTTP/2 200 OK"
2026-03-16 15:40:31,141 | INFO | HTTP Request: GET https://www.okx.com/api/v5/account/balance "HTTP/2 200 OK"
2026-03-16 15:40:31,368 | INFO | HTTP Request: GET https://www.okx.com/api/v5/market/ticker?instId=JUP-USDT-SWAP "HTTP/2 200 OK"
2026-03-16 15:40:31,451 | INFO | HTTP Request: GET https://www.okx.com/api/v5/market/candles?instId=LTC-USDT-SWAP&bar=5m&limit=71 "HTTP/2 200 OK"
2026-03-16 15:40:31,867 | INFO | HTTP Request: GET https://www.okx.com/api/v5/market/candles?instId=MAGIC-USDT-SWAP&bar=5m&limit=71 "HTTP/2 200 OK"
2026-03-16 15:40:31,877 | INFO | HTTP Request: GET https://www.okx.com/api/v5/market/ticker?instId=KAITO-USDT-SWAP "HTTP/2 200 OK"
2026-03-16 15:40:32,276 | INFO | HTTP Request: GET https://www.okx.com/api/v5/market/ticker?instId=MAGIC-USDT-SWAP "HTTP/2 200 OK"
2026-03-16 15:40:32,307 | INFO | MAGIC-USDT-SWAP: Turtle 55 short-сигнал отклонён (закрытие не удержалось ниже канала)
2026-03-16 15:40:32,310 | INFO | MAGIC-USDT-SWAP: Turtle 20 short-сигнал отклонён (закрытие не удержалось ниже канала)
2026-03-16 15:40:32,388 | INFO | HTTP Request: GET https://www.okx.com/api/v5/market/ticker?instId=KSM-USDT-SWAP "HTTP/2 200 OK"
2026-03-16 15:40:32,670 | INFO | HTTP Request: GET https://www.okx.com/api/v5/market/candles?instId=MAJOR-USDT-SWAP&bar=5m&limit=71 "HTTP/2 200 OK"
2026-03-16 15:40:32,900 | INFO | HTTP Request: GET https://www.okx.com/api/v5/market/ticker?instId=LDO-USDT-SWAP "HTTP/2 200 OK"
2026-03-16 15:40:33,086 | INFO | HTTP Request: GET https://www.okx.com/api/v5/market/candles?instId=MASK-USDT-SWAP&bar=5m&limit=71 "HTTP/2 200 OK"
2026-03-16 15:40:33,423 | INFO | HTTP Request: GET https://www.okx.com/api/v5/market/ticker?instId=LINEA-USDT-SWAP "HTTP/2 200 OK"
2026-03-16 15:40:33,512 | INFO | HTTP Request: GET https://www.okx.com/api/v5/market/candles?instId=MET-USDT-SWAP&bar=5m&limit=71 "HTTP/2 200 OK"
2026-03-16 15:40:33,905 | INFO | HTTP Request: GET https://www.okx.com/api/v5/market/ticker?instId=LINK-USDT-SWAP "HTTP/2 200 OK"
2026-03-16 15:40:33,906 | INFO | HTTP Request: GET https://www.okx.com/api/v5/market/candles?instId=MINA-USDT-SWAP&bar=5m&limit=71 "HTTP/2 200 OK"
2026-03-16 15:40:34,316 | INFO | HTTP Request: GET https://www.okx.com/api/v5/market/candles?instId=MKR-USDT-SWAP&bar=5m&limit=71 "HTTP/2 200 OK"
2026-03-16 15:40:34,373 | INFO | HTTP Request: GET https://www.okx.com/api/v5/market/candles?instId=BTC-USDT-SWAP&bar=5m&limit=64 "HTTP/2 200 OK"
2026-03-16 15:40:34,425 | INFO | HTTP Request: GET https://www.okx.com/api/v5/market/ticker?instId=LIT-USDT-SWAP "HTTP/2 200 OK"
2026-03-16 15:40:34,793 | INFO | HTTP Request: GET https://www.okx.com/api/v5/market/candles?instId=MUBARAK-USDT-SWAP&bar=5m&limit=71 "HTTP/2 200 OK"
2026-03-16 15:40:34,972 | INFO | HTTP Request: GET https://www.okx.com/api/v5/market/ticker?instId=LPT-USDT-SWAP "HTTP/2 200 OK"
2026-03-16 15:40:35,156 | INFO | HTTP Request: GET https://www.okx.com/api/v5/market/candles?instId=NEAR-USDT-SWAP&bar=5m&limit=71 "HTTP/2 200 OK"
2026-03-16 15:40:35,486 | INFO | HTTP Request: GET https://www.okx.com/api/v5/market/ticker?instId=LQTY-USDT-SWAP "HTTP/2 200 OK"
2026-03-16 15:40:35,582 | INFO | HTTP Request: GET https://www.okx.com/api/v5/market/candles?instId=NEO-USDT-SWAP&bar=5m&limit=71 "HTTP/2 200 OK"
2026-03-16 15:40:35,975 | INFO | HTTP Request: GET https://www.okx.com/api/v5/market/candles?instId=NOT-USDT-SWAP&bar=5m&limit=71 "HTTP/2 200 OK"
2026-03-16 15:40:35,987 | INFO | HTTP Request: GET https://www.okx.com/api/v5/market/ticker?instId=LRC-USDT-SWAP "HTTP/2 200 OK"
2026-03-16 15:40:36,376 | INFO | HTTP Request: GET https://www.okx.com/api/v5/market/candles?instId=OP-USDT-SWAP&bar=5m&limit=71 "HTTP/2 200 OK"
2026-03-16 15:40:36,494 | INFO | HTTP Request: GET https://www.okx.com/api/v5/market/ticker?instId=LTC-USDT-SWAP "HTTP/2 200 OK"
2026-03-16 15:40:36,552 | INFO | HTTP Request: GET https://www.okx.com/api/v5/account/balance "HTTP/2 200 OK"
2026-03-16 15:40:36,790 | INFO | HTTP Request: GET https://www.okx.com/api/v5/market/candles?instId=PEPE-USDT-SWAP&bar=5m&limit=71 "HTTP/2 200 OK"
2026-03-16 15:40:37,131 | INFO | HTTP Request: GET https://www.okx.com/api/v5/market/ticker?instId=MAJOR-USDT-SWAP "HTTP/2 200 OK"
2026-03-16 15:40:37,156 | INFO | HTTP Request: GET https://www.okx.com/api/v5/market/ticker?instId=PEPE-USDT-SWAP "HTTP/2 200 OK"
2026-03-16 15:40:37,161 | INFO | PEPE-USDT-SWAP: Turtle 20 long-сигнал отклонён (закрытие не удержалось выше канала)
2026-03-16 15:40:37,526 | INFO | HTTP Request: GET https://www.okx.com/api/v5/market/candles?instId=PIGGY-USDT-SWAP&bar=5m&limit=71 "HTTP/2 200 OK"
2026-03-16 15:40:37,619 | INFO | HTTP Request: GET https://www.okx.com/api/v5/market/ticker?instId=MASK-USDT-SWAP "HTTP/2 200 OK"
2026-03-16 15:40:37,939 | INFO | HTTP Request: GET https://www.okx.com/api/v5/market/candles?instId=QTUM-USDT-SWAP&bar=5m&limit=71 "HTTP/2 200 OK"
2026-03-16 15:40:38,163 | INFO | HTTP Request: GET https://www.okx.com/api/v5/market/ticker?instId=MET-USDT-SWAP "HTTP/2 200 OK"
2026-03-16 15:40:38,337 | INFO | HTTP Request: GET https://www.okx.com/api/v5/market/candles?instId=RAVE-USDT-SWAP&bar=5m&limit=71 "HTTP/2 200 OK"
2026-03-16 15:40:38,657 | INFO | HTTP Request: GET https://www.okx.com/api/v5/market/ticker?instId=MINA-USDT-SWAP "HTTP/2 200 OK"
2026-03-16 15:40:38,749 | INFO | HTTP Request: GET https://www.okx.com/api/v5/market/candles?instId=RESOLV-USDT-SWAP&bar=5m&limit=71 "HTTP/2 200 OK"
2026-03-16 15:40:39,150 | INFO | HTTP Request: GET https://www.okx.com/api/v5/market/candles?instId=ROBO-USDT-SWAP&bar=5m&limit=71 "HTTP/2 200 OK"
2026-03-16 15:40:39,160 | INFO | HTTP Request: GET https://www.okx.com/api/v5/market/ticker?instId=MKR-USDT-SWAP "HTTP/2 200 OK"
2026-03-16 15:40:39,564 | INFO | HTTP Request: GET https://www.okx.com/api/v5/market/candles?instId=SAND-USDT-SWAP&bar=5m&limit=71 "HTTP/2 200 OK"
2026-03-16 15:40:39,672 | INFO | HTTP Request: GET https://www.okx.com/api/v5/market/ticker?instId=MUBARAK-USDT-SWAP "HTTP/2 200 OK"
2026-03-16 15:40:39,965 | INFO | HTTP Request: GET https://www.okx.com/api/v5/market/candles?instId=SCR-USDT-SWAP&bar=5m&limit=71 "HTTP/2 200 OK"
2026-03-16 15:40:40,200 | INFO | HTTP Request: GET https://www.okx.com/api/v5/market/ticker?instId=NEAR-USDT-SWAP "HTTP/2 200 OK"
2026-03-16 15:40:40,360 | INFO | HTTP Request: GET https://www.okx.com/api/v5/market/candles?instId=SHIB-USDT-SWAP&bar=5m&limit=71 "HTTP/2 200 OK"
2026-03-16 15:40:40,628 | INFO | HTTP Request: GET https://www.okx.com/api/v5/market/candles?instId=BTC-USDT-SWAP&bar=5m&limit=64 "HTTP/2 200 OK"
2026-03-16 15:40:40,705 | INFO | HTTP Request: GET https://www.okx.com/api/v5/market/ticker?instId=NEO-USDT-SWAP "HTTP/2 200 OK"
2026-03-16 15:40:40,781 | INFO | HTTP Request: GET https://www.okx.com/api/v5/market/candles?instId=SKY-USDT-SWAP&bar=5m&limit=71 "HTTP/2 200 OK"
2026-03-16 15:40:41,151 | INFO | HTTP Request: GET https://www.okx.com/api/v5/market/candles?instId=SOL-USDT-SWAP&bar=5m&limit=71 "HTTP/2 200 OK"
2026-03-16 15:40:41,221 | INFO | HTTP Request: GET https://www.okx.com/api/v5/market/ticker?instId=NOT-USDT-SWAP "HTTP/2 200 OK"
2026-03-16 15:40:41,554 | INFO | HTTP Request: GET https://www.okx.com/api/v5/market/candles?instId=SOLV-USDT-SWAP&bar=5m&limit=71 "HTTP/2 200 OK"
2026-03-16 15:40:41,714 | INFO | HTTP Request: GET https://www.okx.com/api/v5/market/ticker?instId=OP-USDT-SWAP "HTTP/2 200 OK"
2026-03-16 15:40:41,938 | INFO | HTTP Request: GET https://www.okx.com/api/v5/market/candles?instId=SPK-USDT-SWAP&bar=5m&limit=71 "HTTP/2 200 OK"
2026-03-16 15:40:42,004 | INFO | HTTP Request: GET https://www.okx.com/api/v5/account/balance "HTTP/2 200 OK"
2026-03-16 15:40:42,333 | INFO | HTTP Request: GET https://www.okx.com/api/v5/market/candles?instId=STRK-USDT-SWAP&bar=5m&limit=71 "HTTP/2 200 OK"
2026-03-16 15:40:42,375 | INFO | HTTP Request: GET https://www.okx.com/api/v5/market/ticker?instId=PIGGY-USDT-SWAP "HTTP/2 200 OK"
2026-03-16 15:40:42,709 | INFO | HTTP Request: GET https://www.okx.com/api/v5/market/candles?instId=SUI-USDT-SWAP&bar=5m&limit=71 "HTTP/2 200 OK"
2026-03-16 15:40:42,877 | INFO | HTTP Request: GET https://www.okx.com/api/v5/market/ticker?instId=QTUM-USDT-SWAP "HTTP/2 200 OK"
2026-03-16 15:40:43,078 | INFO | HTTP Request: GET https://www.okx.com/api/v5/market/candles?instId=SUSHI-USDT-SWAP&bar=5m&limit=71 "HTTP/2 200 OK"
2026-03-16 15:40:43,402 | INFO | HTTP Request: GET https://www.okx.com/api/v5/market/ticker?instId=RAVE-USDT-SWAP "HTTP/2 200 OK"
2026-03-16 15:40:43,480 | INFO | HTTP Request: GET https://www.okx.com/api/v5/market/candles?instId=SYRUP-USDT-SWAP&bar=5m&limit=71 "HTTP/2 200 OK"
2026-03-16 15:40:43,893 | INFO | HTTP Request: GET https://www.okx.com/api/v5/market/candles?instId=TEST1234-USDT-SWAP&bar=5m&limit=71 "HTTP/2 200 OK"
2026-03-16 15:40:43,904 | INFO | HTTP Request: GET https://www.okx.com/api/v5/market/ticker?instId=RESOLV-USDT-SWAP "HTTP/2 200 OK"
2026-03-16 15:40:44,304 | INFO | HTTP Request: GET https://www.okx.com/api/v5/market/candles?instId=TEST3103-USDT-SWAP&bar=5m&limit=71 "HTTP/2 200 OK"
2026-03-16 15:40:44,417 | INFO | HTTP Request: GET https://www.okx.com/api/v5/market/ticker?instId=ROBO-USDT-SWAP "HTTP/2 200 OK"
2026-03-16 15:40:44,708 | INFO | HTTP Request: GET https://www.okx.com/api/v5/market/candles?instId=TEST3110-USDT-SWAP&bar=5m&limit=71 "HTTP/2 200 OK"
2026-03-16 15:40:44,921 | INFO | HTTP Request: GET https://www.okx.com/api/v5/market/ticker?instId=SAND-USDT-SWAP "HTTP/2 200 OK"
2026-03-16 15:40:45,105 | INFO | HTTP Request: GET https://www.okx.com/api/v5/market/candles?instId=THETA-USDT-SWAP&bar=5m&limit=71 "HTTP/2 200 OK"
2026-03-16 15:40:45,435 | INFO | HTTP Request: GET https://www.okx.com/api/v5/market/ticker?instId=SCR-USDT-SWAP "HTTP/2 200 OK"
2026-03-16 15:40:45,519 | INFO | HTTP Request: GET https://www.okx.com/api/v5/market/candles?instId=TON-USDT-SWAP&bar=5m&limit=71 "HTTP/2 200 OK"
2026-03-16 15:40:45,917 | INFO | HTTP Request: GET https://www.okx.com/api/v5/market/candles?instId=TRIA-USDT-SWAP&bar=5m&limit=71 "HTTP/2 200 OK"
2026-03-16 15:40:45,924 | INFO | HTTP Request: GET https://www.okx.com/api/v5/market/ticker?instId=SHIB-USDT-SWAP "HTTP/2 200 OK"
2026-03-16 15:40:46,324 | INFO | HTTP Request: GET https://www.okx.com/api/v5/market/candles?instId=TRX-USDT-SWAP&bar=5m&limit=71 "HTTP/2 200 OK"
2026-03-16 15:40:46,435 | INFO | HTTP Request: GET https://www.okx.com/api/v5/market/ticker?instId=SKY-USDT-SWAP "HTTP/2 200 OK"
2026-03-16 15:40:46,744 | INFO | HTTP Request: GET https://www.okx.com/api/v5/market/candles?instId=TSLA-USDT-SWAP&bar=5m&limit=71 "HTTP/2 200 OK"
2026-03-16 15:40:46,867 | INFO | HTTP Request: GET https://www.okx.com/api/v5/market/candles?instId=BTC-USDT-SWAP&bar=5m&limit=64 "HTTP/2 200 OK"
2026-03-16 15:40:46,946 | INFO | HTTP Request: GET https://www.okx.com/api/v5/market/ticker?instId=SOL-USDT-SWAP "HTTP/2 200 OK"
2026-03-16 15:40:47,133 | INFO | HTTP Request: GET https://www.okx.com/api/v5/market/candles?instId=XAU-USDT-SWAP&bar=5m&limit=71 "HTTP/2 200 OK"
2026-03-16 15:40:47,383 | INFO | HTTP Request: GET https://www.okx.com/api/v5/account/balance "HTTP/2 200 OK"
2026-03-16 15:40:47,469 | INFO | HTTP Request: GET https://www.okx.com/api/v5/market/ticker?instId=SOLV-USDT-SWAP "HTTP/2 200 OK"
2026-03-16 15:40:47,539 | INFO | HTTP Request: GET https://www.okx.com/api/v5/market/candles?instId=XLM-USDT-SWAP&bar=5m&limit=71 "HTTP/2 200 OK"
2026-03-16 15:40:47,960 | INFO | HTTP Request: GET https://www.okx.com/api/v5/market/candles?instId=XPL-USDT-SWAP&bar=5m&limit=71 "HTTP/2 200 OK"
2026-03-16 15:40:47,969 | INFO | HTTP Request: GET https://www.okx.com/api/v5/market/ticker?instId=SPK-USDT-SWAP "HTTP/2 200 OK"
2026-03-16 15:40:48,361 | INFO | HTTP Request: GET https://www.okx.com/api/v5/market/candles?instId=XRP-USDT-SWAP&bar=5m&limit=71 "HTTP/2 200 OK"
2026-03-16 15:40:48,483 | INFO | HTTP Request: GET https://www.okx.com/api/v5/market/ticker?instId=STRK-USDT-SWAP "HTTP/2 200 OK"
2026-03-16 15:40:48,773 | INFO | HTTP Request: GET https://www.okx.com/api/v5/market/candles?instId=XSR-USDT-SWAP&bar=5m&limit=71 "HTTP/2 200 OK"
2026-03-16 15:40:48,987 | INFO | HTTP Request: GET https://www.okx.com/api/v5/market/ticker?instId=SUI-USDT-SWAP "HTTP/2 200 OK"
2026-03-16 15:40:49,184 | INFO | HTTP Request: GET https://www.okx.com/api/v5/market/candles?instId=XTZ-USDT-SWAP&bar=5m&limit=71 "HTTP/2 200 OK"
2026-03-16 15:40:49,486 | INFO | HTTP Request: GET https://www.okx.com/api/v5/market/ticker?instId=SUSHI-USDT-SWAP "HTTP/2 200 OK"
2026-03-16 15:40:49,583 | INFO | HTTP Request: GET https://www.okx.com/api/v5/market/candles?instId=YB-USDT-SWAP&bar=5m&limit=71 "HTTP/2 200 OK"
2026-03-16 15:40:50,009 | INFO | HTTP Request: GET https://www.okx.com/api/v5/market/ticker?instId=SYRUP-USDT-SWAP "HTTP/2 200 OK"
2026-03-16 15:40:50,052 | INFO | HTTP Request: GET https://www.okx.com/api/v5/market/candles?instId=YFI-USDT-SWAP&bar=5m&limit=71 "HTTP/2 200 OK"
2026-03-16 15:40:50,416 | INFO | HTTP Request: GET https://www.okx.com/api/v5/market/candles?instId=YGG-USDT-SWAP&bar=5m&limit=71 "HTTP/2 200 OK"
2026-03-16 15:40:50,523 | INFO | HTTP Request: GET https://www.okx.com/api/v5/market/ticker?instId=TEST1234-USDT-SWAP "HTTP/2 200 OK"
2026-03-16 15:40:50,835 | INFO | HTTP Request: GET https://www.okx.com/api/v5/market/candles?instId=ZAMA-USDT-SWAP&bar=5m&limit=71 "HTTP/2 200 OK"
2026-03-16 15:40:51,056 | INFO | HTTP Request: GET https://www.okx.com/api/v5/market/ticker?instId=TEST3103-USDT-SWAP "HTTP/2 200 OK"
2026-03-16 15:40:51,234 | INFO | HTTP Request: GET https://www.okx.com/api/v5/market/candles?instId=ZBCN-USDT-SWAP&bar=5m&limit=71 "HTTP/2 200 OK"
2026-03-16 15:40:51,554 | INFO | HTTP Request: GET https://www.okx.com/api/v5/market/ticker?instId=TEST3110-USDT-SWAP "HTTP/2 200 OK"
2026-03-16 15:40:51,656 | INFO | HTTP Request: GET https://www.okx.com/api/v5/market/candles?instId=ZETA-USDT-SWAP&bar=5m&limit=71 "HTTP/2 200 OK"
2026-03-16 15:40:52,032 | INFO | HTTP Request: GET https://www.okx.com/api/v5/market/candles?instId=ZIL-USDT-SWAP&bar=5m&limit=71 "HTTP/2 200 OK"
2026-03-16 15:40:52,051 | INFO | HTTP Request: GET https://www.okx.com/api/v5/market/ticker?instId=THETA-USDT-SWAP "HTTP/2 200 OK"
2026-03-16 15:40:52,444 | INFO | HTTP Request: GET https://www.okx.com/api/v5/market/ticker?instId=ZIL-USDT-SWAP "HTTP/2 200 OK"
2026-03-16 15:40:52,486 | INFO | ZIL-USDT-SWAP: Turtle 55 short-сигнал отклонён (закрытие не удержалось ниже канала)
2026-03-16 15:40:52,489 | INFO | ZIL-USDT-SWAP: Turtle 20 short-сигнал отклонён (закрытие не удержалось ниже канала)
2026-03-16 15:40:52,564 | INFO | HTTP Request: GET https://www.okx.com/api/v5/market/ticker?instId=TON-USDT-SWAP "HTTP/2 200 OK"
2026-03-16 15:40:52,824 | INFO | HTTP Request: GET https://www.okx.com/api/v5/account/balance "HTTP/2 200 OK"
2026-03-16 15:40:52,858 | INFO | HTTP Request: GET https://www.okx.com/api/v5/account/balance "HTTP/2 200 OK"
2026-03-16 15:40:52,862 | INFO | Placing order H-USDT-SWAP buy qty=1348.3
2026-03-16 15:40:53,094 | INFO | HTTP Request: GET https://www.okx.com/api/v5/market/ticker?instId=TRIA-USDT-SWAP "HTTP/2 200 OK"
2026-03-16 15:40:53,141 | INFO | HTTP Request: GET https://www.okx.com/api/v5/market/candles?instId=BTC-USDT-SWAP&bar=5m&limit=64 "HTTP/2 200 OK"
2026-03-16 15:40:53,228 | INFO | HTTP Request: POST https://www.okx.com/api/v5/trade/order "HTTP/2 200 OK"
2026-03-16 15:40:53,248 | WARNING | Instrument H-USDT-SWAP blocked by exchange compliance: You can't trade this pair or borrow this crypto due to local compliance restrictions. 
2026-03-16 15:40:53,572 | INFO | HTTP Request: GET https://www.okx.com/api/v5/market/ticker?instId=TRX-USDT-SWAP "HTTP/2 200 OK"
2026-03-16 15:40:53,622 | INFO | HTTP Request: GET https://www.okx.com/api/v5/market/candles?instId=XAG-USDT-SWAP&bar=5m&limit=26 "HTTP/2 200 OK"
2026-03-16 15:40:53,983 | INFO | HTTP Request: GET https://www.okx.com/api/v5/market/ticker?instId=XAG-USDT-SWAP "HTTP/2 200 OK"
2026-03-16 15:40:54,343 | INFO | HTTP Request: GET https://www.okx.com/api/v5/trade/orders-algo-pending?ordType=conditional&instType=SWAP&instId=XAG-USDT-SWAP "HTTP/2 200 OK"
2026-03-16 15:40:54,660 | INFO | HTTP Request: GET https://www.okx.com/api/v5/trade/orders-algo-pending?ordType=oco&instType=SWAP&instId=XAG-USDT-SWAP "HTTP/2 200 OK"
2026-03-16 15:40:54,785 | INFO | HTTP Request: GET https://www.okx.com/api/v5/market/ticker?instId=XTZ-USDT-SWAP "HTTP/2 200 OK"
2026-03-16 15:40:54,915 | INFO | HTTP Request: GET https://www.okx.com/api/v5/trade/orders-algo-pending?ordType=trigger&instType=SWAP&instId=XAG-USDT-SWAP "HTTP/2 200 OK"
2026-03-16 15:40:55,171 | INFO | HTTP Request: GET https://www.okx.com/api/v5/trade/orders-algo-pending?ordType=move_order_stop&instType=SWAP&instId=XAG-USDT-SWAP "HTTP/2 200 OK"
2026-03-16 15:40:55,270 | INFO | HTTP Request: GET https://www.okx.com/api/v5/market/ticker?instId=YB-USDT-SWAP "HTTP/2 200 OK"
2026-03-16 15:40:55,467 | INFO | HTTP Request: GET https://www.okx.com/api/v5/trade/orders-algo-pending?ordType=iceberg&instType=SWAP&instId=XAG-USDT-SWAP "HTTP/2 200 OK"
2026-03-16 15:40:55,756 | INFO | HTTP Request: GET https://www.okx.com/api/v5/market/ticker?instId=YFI-USDT-SWAP "HTTP/2 200 OK"
2026-03-16 15:40:55,795 | INFO | HTTP Request: GET https://www.okx.com/api/v5/trade/orders-algo-pending?ordType=twap&instType=SWAP&instId=XAG-USDT-SWAP "HTTP/2 200 OK"
2026-03-16 15:40:56,116 | INFO | HTTP Request: GET https://www.okx.com/api/v5/trade/orders-algo-pending?ordType=chase&instType=SWAP&instId=XAG-USDT-SWAP "HTTP/2 200 OK"
2026-03-16 15:40:56,269 | INFO | HTTP Request: GET https://www.okx.com/api/v5/market/ticker?instId=YGG-USDT-SWAP "HTTP/2 200 OK"
2026-03-16 15:40:56,483 | INFO | HTTP Request: GET https://www.okx.com/api/v5/market/candles?instId=ICP-USDT-SWAP&bar=5m&limit=26 "HTTP/2 200 OK"
2026-03-16 15:40:56,808 | INFO | HTTP Request: GET https://www.okx.com/api/v5/market/ticker?instId=ZAMA-USDT-SWAP "HTTP/2 200 OK"
2026-03-16 15:40:56,889 | INFO | HTTP Request: GET https://www.okx.com/api/v5/market/ticker?instId=ICP-USDT-SWAP "HTTP/2 200 OK"
2026-03-16 15:40:57,188 | INFO | HTTP Request: GET https://www.okx.com/api/v5/trade/orders-algo-pending?ordType=conditional&instType=SWAP&instId=ICP-USDT-SWAP "HTTP/2 200 OK"
2026-03-16 15:40:57,312 | INFO | HTTP Request: GET https://www.okx.com/api/v5/market/ticker?instId=ZBCN-USDT-SWAP "HTTP/2 200 OK"
2026-03-16 15:40:57,475 | INFO | HTTP Request: GET https://www.okx.com/api/v5/trade/orders-algo-pending?ordType=oco&instType=SWAP&instId=ICP-USDT-SWAP "HTTP/2 200 OK"
2026-03-16 15:40:57,786 | INFO | HTTP Request: GET https://www.okx.com/api/v5/trade/orders-algo-pending?ordType=trigger&instType=SWAP&instId=ICP-USDT-SWAP "HTTP/2 200 OK"
2026-03-16 15:40:57,848 | INFO | HTTP Request: GET https://www.okx.com/api/v5/market/ticker?instId=ZETA-USDT-SWAP "HTTP/2 200 OK"
2026-03-16 15:40:58,096 | INFO | HTTP Request: GET https://www.okx.com/api/v5/trade/orders-algo-pending?ordType=move_order_stop&instType=SWAP&instId=ICP-USDT-SWAP "HTTP/2 200 OK"
2026-03-16 15:40:58,300 | INFO | HTTP Request: GET https://www.okx.com/api/v5/account/balance "HTTP/2 200 OK"
2026-03-16 15:40:58,409 | INFO | HTTP Request: GET https://www.okx.com/api/v5/trade/orders-algo-pending?ordType=iceberg&instType=SWAP&instId=ICP-USDT-SWAP "HTTP/2 200 OK"
2026-03-16 15:40:58,495 | INFO | HTTP Request: GET https://www.okx.com/api/v5/market/ticker?instId=XAG-USDT-SWAP "HTTP/2 200 OK"
2026-03-16 15:40:58,714 | INFO | HTTP Request: GET https://www.okx.com/api/v5/trade/orders-algo-pending?ordType=twap&instType=SWAP&instId=ICP-USDT-SWAP "HTTP/2 200 OK"
2026-03-16 15:40:58,881 | INFO | HTTP Request: GET https://www.okx.com/api/v5/market/candles?instId=XAG-USDT-SWAP&bar=5m&limit=89 "HTTP/2 200 OK"
2026-03-16 15:40:59,022 | INFO | HTTP Request: GET https://www.okx.com/api/v5/trade/orders-algo-pending?ordType=chase&instType=SWAP&instId=ICP-USDT-SWAP "HTTP/2 200 OK"
2026-03-16 15:40:59,383 | INFO | HTTP Request: GET https://www.okx.com/api/v5/market/candles?instId=BTC-USDT-SWAP&bar=5m&limit=64 "HTTP/2 200 OK"
2026-03-16 15:40:59,398 | INFO | HTTP Request: GET https://www.okx.com/api/v5/market/candles?instId=BREV-USDT-SWAP&bar=5m&limit=26 "HTTP/2 200 OK"
2026-03-16 15:40:59,532 | INFO | HTTP Request: GET https://www.okx.com/api/v5/market/ticker?instId=BREV-USDT-SWAP "HTTP/2 200 OK"
2026-03-16 15:40:59,798 | INFO | HTTP Request: GET https://www.okx.com/api/v5/market/ticker?instId=BREV-USDT-SWAP "HTTP/2 200 OK"
2026-03-16 15:40:59,838 | INFO | Placing exchange stop BREV-USDT-SWAP long payload={'instId': 'BREV-USDT-SWAP', 'tdMode': 'isolated', 'side': 'sell', 'posSide': 'net', 'ordType': 'conditional', 'sz': '120000', 'slTriggerPx': '1.008904996667', 'slOrdPx': '-1'}
2026-03-16 15:40:59,899 | INFO | HTTP Request: GET https://www.okx.com/api/v5/market/candles?instId=BREV-USDT-SWAP&bar=5m&limit=89 "HTTP/2 200 OK"
2026-03-16 15:41:00,151 | INFO | HTTP Request: POST https://www.okx.com/api/v5/trade/order-algo "HTTP/2 200 OK"
2026-03-16 15:41:00,415 | INFO | HTTP Request: POST https://www.okx.com/api/v5/trade/cancel-algos "HTTP/2 200 OK"
2026-03-16 15:41:00,435 | INFO | HTTP Request: GET https://www.okx.com/api/v5/market/ticker?instId=1INCH-USDT-SWAP "HTTP/2 200 OK"
2026-03-16 15:41:00,457 | INFO | Closing position BREV-USDT-SWAP. Защита тренда: откат от пика 23395003333.33R → 3695003333.33R
2026-03-16 15:41:00,701 | INFO | HTTP Request: POST https://www.okx.com/api/v5/trade/close-position "HTTP/2 200 OK"
2026-03-16 15:41:00,708 | WARNING | Failed to load json context : [Errno 13] Permission denied: '.'
2026-03-16 15:41:00,835 | INFO | HTTP Request: GET https://www.okx.com/api/v5/market/candles?instId=1INCH-USDT-SWAP&bar=5m&limit=89 "HTTP/2 200 OK"
2026-03-16 15:41:01,076 | INFO | HTTP Request: GET https://www.okx.com/api/v5/market/candles?instId=BREV-USDT-SWAP&bar=5m&limit=97 "HTTP/2 200 OK"
2026-03-16 15:41:01,326 | INFO | HTTP Request: GET https://www.okx.com/api/v5/market/ticker?instId=2Z-USDT-SWAP "HTTP/2 200 OK"
2026-03-16 15:41:01,691 | INFO | HTTP Request: GET https://www.okx.com/api/v5/market/candles?instId=2Z-USDT-SWAP&bar=5m&limit=89 "HTTP/2 200 OK"
2026-03-16 15:41:02,222 | INFO | HTTP Request: GET https://www.okx.com/api/v5/market/ticker?instId=A-USDT-SWAP "HTTP/2 200 OK"
2026-03-16 15:41:02,620 | INFO | HTTP Request: GET https://www.okx.com/api/v5/market/candles?instId=A-USDT-SWAP&bar=5m&limit=89 "HTTP/2 200 OK"
2026-03-16 15:41:03,133 | INFO | HTTP Request: GET https://www.okx.com/api/v5/market/ticker?instId=AAVE-USDT-SWAP "HTTP/2 200 OK"
2026-03-16 15:41:03,511 | INFO | HTTP Request: GET https://www.okx.com/api/v5/market/candles?instId=AAVE-USDT-SWAP&bar=5m&limit=89 "HTTP/2 200 OK"
2026-03-16 15:41:03,736 | INFO | HTTP Request: GET https://www.okx.com/api/v5/account/balance "HTTP/2 200 OK"
2026-03-16 15:41:04,033 | INFO | HTTP Request: GET https://www.okx.com/api/v5/market/ticker?instId=ACT-USDT-SWAP "HTTP/2 200 OK"
2026-03-16 15:41:04,428 | INFO | HTTP Request: GET https://www.okx.com/api/v5/market/candles?instId=ACT-USDT-SWAP&bar=5m&limit=89 "HTTP/2 200 OK"
2026-03-16 15:41:04,950 | INFO | HTTP Request: GET https://www.okx.com/api/v5/market/ticker?instId=ADA-USDT-SWAP "HTTP/2 200 OK"
2026-03-16 15:41:05,328 | INFO | HTTP Request: GET https://www.okx.com/api/v5/market/candles?instId=ADA-USDT-SWAP&bar=5m&limit=89 "HTTP/2 200 OK"
2026-03-16 15:41:05,632 | INFO | HTTP Request: GET https://www.okx.com/api/v5/market/candles?instId=BTC-USDT-SWAP&bar=5m&limit=64 "HTTP/2 200 OK"
2026-03-16 15:41:05,854 | INFO | HTTP Request: GET https://www.okx.com/api/v5/market/ticker?instId=AI16Z-USDT-SWAP "HTTP/2 200 OK"
2026-03-16 15:41:06,242 | INFO | HTTP Request: GET https://www.okx.com/api/v5/market/candles?instId=AI16Z-USDT-SWAP&bar=5m&limit=89 "HTTP/2 200 OK"
2026-03-16 15:41:06,462 | INFO | HTTP Request: GET https://www.okx.com/api/v5/account/positions?instType=SWAP "HTTP/2 200 OK"
2026-03-16 15:41:06,770 | INFO | HTTP Request: GET https://www.okx.com/api/v5/market/ticker?instId=AKITA-USDT-SWAP "HTTP/2 200 OK"
2026-03-16 15:41:06,846 | INFO | HTTP Request: GET https://www.okx.com/api/v5/market/candles?instId=BREV-USDT-SWAP&bar=5m&limit=26 "HTTP/2 200 OK"
2026-03-16 15:41:07,145 | INFO | HTTP Request: GET https://www.okx.com/api/v5/market/candles?instId=AKITA-USDT-SWAP&bar=5m&limit=89 "HTTP/2 200 OK"
2026-03-16 15:41:07,267 | INFO | HTTP Request: GET https://www.okx.com/api/v5/market/candles?instId=1INCH-USDT-SWAP&bar=5m&limit=71 "HTTP/2 200 OK"
2026-03-16 15:41:07,670 | INFO | HTTP Request: GET https://www.okx.com/api/v5/market/ticker?instId=ALGO-USDT-SWAP "HTTP/2 200 OK"
2026-03-16 15:41:07,670 | INFO | HTTP Request: GET https://www.okx.com/api/v5/market/candles?instId=2Z-USDT-SWAP&bar=5m&limit=71 "HTTP/2 200 OK"
2026-03-16 15:41:08,071 | INFO | HTTP Request: GET https://www.okx.com/api/v5/market/candles?instId=ALGO-USDT-SWAP&bar=5m&limit=89 "HTTP/2 200 OK"
2026-03-16 15:41:08,084 | INFO | HTTP Request: GET https://www.okx.com/api/v5/market/candles?instId=A-USDT-SWAP&bar=5m&limit=71 "HTTP/2 200 OK"
2026-03-16 15:41:08,502 | INFO | HTTP Request: GET https://www.okx.com/api/v5/market/candles?instId=AAVE-USDT-SWAP&bar=5m&limit=71 "HTTP/2 200 OK"
2026-03-16 15:41:08,600 | INFO | HTTP Request: GET https://www.okx.com/api/v5/market/ticker?instId=ARB-USDT-SWAP "HTTP/2 200 OK"
2026-03-16 15:41:08,892 | INFO | HTTP Request: GET https://www.okx.com/api/v5/market/candles?instId=ACT-USDT-SWAP&bar=5m&limit=71 "HTTP/2 200 OK"
2026-03-16 15:41:08,986 | INFO | HTTP Request: GET https://www.okx.com/api/v5/market/candles?instId=ARB-USDT-SWAP&bar=5m&limit=89 "HTTP/2 200 OK"
2026-03-16 15:41:09,123 | INFO | HTTP Request: GET https://www.okx.com/api/v5/account/balance "HTTP/2 200 OK"
2026-03-16 15:41:09,310 | INFO | HTTP Request: GET https://www.okx.com/api/v5/market/candles?instId=ARB-USDT-SWAP&bar=5m&limit=71 "HTTP/2 200 OK"
2026-03-16 15:41:09,515 | INFO | HTTP Request: GET https://www.okx.com/api/v5/market/ticker?instId=ASP-USDT-SWAP "HTTP/2 200 OK"
2026-03-16 15:41:09,699 | INFO | HTTP Request: GET https://www.okx.com/api/v5/market/candles?instId=ASP-USDT-SWAP&bar=5m&limit=71 "HTTP/2 200 OK"
2026-03-16 15:41:09,890 | INFO | HTTP Request: GET https://www.okx.com/api/v5/market/candles?instId=ASP-USDT-SWAP&bar=5m&limit=89 "HTTP/2 200 OK"
2026-03-16 15:41:10,104 | INFO | HTTP Request: GET https://www.okx.com/api/v5/market/candles?instId=ASTER-USDT-SWAP&bar=5m&limit=71 "HTTP/2 200 OK"
2026-03-16 15:41:10,431 | INFO | HTTP Request: GET https://www.okx.com/api/v5/market/ticker?instId=ASTER-USDT-SWAP "HTTP/2 200 OK"
2026-03-16 15:41:10,505 | INFO | HTTP Request: GET https://www.okx.com/api/v5/market/candles?instId=ATOM-USDT-SWAP&bar=5m&limit=71 "HTTP/2 200 OK"
2026-03-16 15:41:10,813 | INFO | HTTP Request: GET https://www.okx.com/api/v5/market/candles?instId=ASTER-USDT-SWAP&bar=5m&limit=89 "HTTP/2 200 OK"
2026-03-16 15:41:10,918 | INFO | HTTP Request: GET https://www.okx.com/api/v5/market/candles?instId=AUCTION-USDT-SWAP&bar=5m&limit=71 "HTTP/2 200 OK"
2026-03-16 15:41:11,322 | INFO | HTTP Request: GET https://www.okx.com/api/v5/market/ticker?instId=ATOM-USDT-SWAP "HTTP/2 200 OK"
2026-03-16 15:41:11,322 | INFO | HTTP Request: GET https://www.okx.com/api/v5/market/candles?instId=AVAX-USDT-SWAP&bar=5m&limit=71 "HTTP/2 200 OK"
2026-03-16 15:41:11,749 | INFO | HTTP Request: GET https://www.okx.com/api/v5/market/candles?instId=AXS-USDT-SWAP&bar=5m&limit=71 "HTTP/2 200 OK"
2026-03-16 15:41:11,844 | INFO | HTTP Request: GET https://www.okx.com/api/v5/market/ticker?instId=AUCTION-USDT-SWAP "HTTP/2 200 OK"
2026-03-16 15:41:11,871 | INFO | HTTP Request: GET https://www.okx.com/api/v5/market/candles?instId=BTC-USDT-SWAP&bar=5m&limit=64 "HTTP/2 200 OK"
2026-03-16 15:41:12,131 | INFO | HTTP Request: GET https://www.okx.com/api/v5/market/candles?instId=BAND-USDT-SWAP&bar=5m&limit=71 "HTTP/2 200 OK"
2026-03-16 15:41:12,375 | INFO | HTTP Request: GET https://www.okx.com/api/v5/market/ticker?instId=AVAX-USDT-SWAP "HTTP/2 200 OK"
2026-03-16 15:41:12,535 | INFO | HTTP Request: GET https://www.okx.com/api/v5/market/candles?instId=BCH-USDT-SWAP&bar=5m&limit=71 "HTTP/2 200 OK"
2026-03-16 15:41:12,861 | INFO | HTTP Request: GET https://www.okx.com/api/v5/market/ticker?instId=AXS-USDT-SWAP "HTTP/2 200 OK"
2026-03-16 15:41:12,944 | INFO | HTTP Request: GET https://www.okx.com/api/v5/market/candles?instId=BIO-USDT-SWAP&bar=5m&limit=71 "HTTP/2 200 OK"
2026-03-16 15:41:13,308 | INFO | HTTP Request: GET https://www.okx.com/api/v5/market/candles?instId=BLUAI-USDT-SWAP&bar=5m&limit=71 "HTTP/2 200 OK"
2026-03-16 15:41:13,380 | INFO | HTTP Request: GET https://www.okx.com/api/v5/market/ticker?instId=BAND-USDT-SWAP "HTTP/2 200 OK"
2026-03-16 15:41:13,726 | INFO | HTTP Request: GET https://www.okx.com/api/v5/market/candles?instId=BNB-USDT-SWAP&bar=5m&limit=71 "HTTP/2 200 OK"
2026-03-16 15:41:13,868 | INFO | HTTP Request: GET https://www.okx.com/api/v5/market/ticker?instId=BCH-USDT-SWAP "HTTP/2 200 OK"
2026-03-16 15:41:14,091 | INFO | HTTP Request: GET https://www.okx.com/api/v5/market/candles?instId=BOME-USDT-SWAP&bar=5m&limit=71 "HTTP/2 200 OK"
2026-03-16 15:41:14,360 | INFO | HTTP Request: GET https://www.okx.com/api/v5/market/ticker?instId=BIO-USDT-SWAP "HTTP/2 200 OK"
2026-03-16 15:41:14,476 | INFO | HTTP Request: GET https://www.okx.com/api/v5/market/candles?instId=BRETT-USDT-SWAP&bar=5m&limit=71 "HTTP/2 200 OK"
2026-03-16 15:41:14,489 | INFO | HTTP Request: GET https://www.okx.com/api/v5/account/balance "HTTP/2 200 OK"
2026-03-16 15:41:14,878 | INFO | HTTP Request: GET https://www.okx.com/api/v5/market/candles?instId=BTC-USDT-SWAP&bar=5m&limit=71 "HTTP/2 200 OK"
2026-03-16 15:41:14,883 | INFO | HTTP Request: GET https://www.okx.com/api/v5/market/ticker?instId=BLUAI-USDT-SWAP "HTTP/2 200 OK"
2026-03-16 15:41:15,282 | INFO | HTTP Request: GET https://www.okx.com/api/v5/market/candles?instId=CAT-USDT-SWAP&bar=5m&limit=71 "HTTP/2 200 OK"
2026-03-16 15:41:15,421 | INFO | HTTP Request: GET https://www.okx.com/api/v5/market/ticker?instId=BNB-USDT-SWAP "HTTP/2 200 OK"
2026-03-16 15:41:15,688 | INFO | HTTP Request: GET https://www.okx.com/api/v5/market/candles?instId=CATI-USDT-SWAP&bar=5m&limit=71 "HTTP/2 200 OK"
2026-03-16 15:41:15,897 | INFO | HTTP Request: GET https://www.okx.com/api/v5/market/ticker?instId=BOME-USDT-SWAP "HTTP/2 200 OK"
2026-03-16 15:41:16,089 | INFO | HTTP Request: GET https://www.okx.com/api/v5/market/candles?instId=CELO-USDT-SWAP&bar=5m&limit=71 "HTTP/2 200 OK"
2026-03-16 15:41:16,412 | INFO | HTTP Request: GET https://www.okx.com/api/v5/market/ticker?instId=BRETT-USDT-SWAP "HTTP/2 200 OK"
2026-03-16 15:41:16,492 | INFO | HTTP Request: GET https://www.okx.com/api/v5/market/candles?instId=CFX-USDT-SWAP&bar=5m&limit=71 "HTTP/2 200 OK"
2026-03-16 15:41:16,906 | INFO | HTTP Request: GET https://www.okx.com/api/v5/market/candles?instId=CHZ-USDT-SWAP&bar=5m&limit=71 "HTTP/2 200 OK"
2026-03-16 15:41:16,918 | INFO | HTTP Request: GET https://www.okx.com/api/v5/market/ticker?instId=BTC-USDT-SWAP "HTTP/2 200 OK"
2026-03-16 15:41:17,305 | INFO | HTTP Request: GET https://www.okx.com/api/v5/market/candles?instId=COAI-USDT-SWAP&bar=5m&limit=71 "HTTP/2 200 OK"
2026-03-16 15:41:17,431 | INFO | HTTP Request: GET https://www.okx.com/api/v5/market/ticker?instId=CAT-USDT-SWAP "HTTP/2 200 OK"
2026-03-16 15:41:17,714 | INFO | HTTP Request: GET https://www.okx.com/api/v5/market/candles?instId=COMP-USDT-SWAP&bar=5m&limit=71 "HTTP/2 200 OK"
2026-03-16 15:41:17,943 | INFO | HTTP Request: GET https://www.okx.com/api/v5/market/ticker?instId=CATI-USDT-SWAP "HTTP/2 200 OK"
2026-03-16 15:41:18,134 | INFO | HTTP Request: GET https://www.okx.com/api/v5/market/candles?instId=CRO-USDT-SWAP&bar=5m&limit=71 "HTTP/2 200 OK"
2026-03-16 15:41:18,453 | INFO | HTTP Request: GET https://www.okx.com/api/v5/market/ticker?instId=CELO-USDT-SWAP "HTTP/2 200 OK"
2026-03-16 15:41:18,534 | INFO | HTTP Request: GET https://www.okx.com/api/v5/market/candles?instId=CRV-USDT-SWAP&bar=5m&limit=71 "HTTP/2 200 OK"
2026-03-16 15:41:18,947 | INFO | HTTP Request: GET https://www.okx.com/api/v5/market/candles?instId=DOGE-USDT-SWAP&bar=5m&limit=71 "HTTP/2 200 OK"
2026-03-16 15:41:18,948 | INFO | HTTP Request: GET https://www.okx.com/api/v5/market/ticker?instId=CFX-USDT-SWAP "HTTP/2 200 OK"
2026-03-16 15:41:19,352 | INFO | HTTP Request: GET https://www.okx.com/api/v5/market/candles?instId=DOT-USDT-SWAP&bar=5m&limit=71 "HTTP/2 200 OK"
2026-03-16 15:41:19,480 | INFO | HTTP Request: GET https://www.okx.com/api/v5/market/ticker?instId=CHZ-USDT-SWAP "HTTP/2 200 OK"
2026-03-16 15:41:19,757 | INFO | HTTP Request: GET https://www.okx.com/api/v5/market/candles?instId=ENA-USDT-SWAP&bar=5m&limit=71 "HTTP/2 200 OK"
2026-03-16 15:41:19,812 | INFO | HTTP Request: GET https://www.okx.com/api/v5/account/balance "HTTP/2 200 OK"
2026-03-16 15:41:19,989 | INFO | HTTP Request: GET https://www.okx.com/api/v5/market/ticker?instId=COAI-USDT-SWAP "HTTP/2 200 OK"
2026-03-16 15:41:20,169 | INFO | HTTP Request: GET https://www.okx.com/api/v5/market/candles?instId=EOS-USDT-SWAP&bar=5m&limit=71 "HTTP/2 200 OK"
2026-03-16 15:41:20,509 | INFO | HTTP Request: GET https://www.okx.com/api/v5/market/ticker?instId=COMP-USDT-SWAP "HTTP/2 200 OK"
2026-03-16 15:41:20,593 | INFO | HTTP Request: GET https://www.okx.com/api/v5/market/candles?instId=ETC-USDT-SWAP&bar=5m&limit=71 "HTTP/2 200 OK"
2026-03-16 15:41:21,001 | INFO | HTTP Request: GET https://www.okx.com/api/v5/market/candles?instId=ETH-USDT-SWAP&bar=5m&limit=71 "HTTP/2 200 OK"
2026-03-16 15:41:21,014 | INFO | HTTP Request: GET https://www.okx.com/api/v5/market/ticker?instId=CRO-USDT-SWAP "HTTP/2 200 OK"
2026-03-16 15:41:21,256 | INFO | HTTP Request: GET https://www.okx.com/api/v5/market/candles?instId=BTC-USDT-SWAP&bar=5m&limit=64 "HTTP/2 200 OK"
2026-03-16 15:41:21,400 | INFO | HTTP Request: GET https://www.okx.com/api/v5/market/candles?instId=ETHFI-USDT-SWAP&bar=5m&limit=71 "HTTP/2 200 OK"
2026-03-16 15:41:21,521 | INFO | HTTP Request: GET https://www.okx.com/api/v5/market/ticker?instId=CRV-USDT-SWAP "HTTP/2 200 OK"
2026-03-16 15:41:21,774 | INFO | HTTP Request: GET https://www.okx.com/api/v5/market/candles?instId=ETHW-USDT-SWAP&bar=5m&limit=71 "HTTP/2 200 OK"
2026-03-16 15:41:22,001 | INFO | HTTP Request: GET https://www.okx.com/api/v5/market/ticker?instId=DOGE-USDT-SWAP "HTTP/2 200 OK"
2026-03-16 15:41:22,209 | INFO | HTTP Request: GET https://www.okx.com/api/v5/market/candles?instId=FIL-USDT-SWAP&bar=5m&limit=71 "HTTP/2 200 OK"
2026-03-16 15:41:22,520 | INFO | HTTP Request: GET https://www.okx.com/api/v5/market/ticker?instId=DOT-USDT-SWAP "HTTP/2 200 OK"
2026-03-16 15:41:22,593 | INFO | HTTP Request: GET https://www.okx.com/api/v5/market/candles?instId=FLOKI-USDT-SWAP&bar=5m&limit=71 "HTTP/2 200 OK"
2026-03-16 15:41:23,018 | INFO | HTTP Request: GET https://www.okx.com/api/v5/market/candles?instId=GMT-USDT-SWAP&bar=5m&limit=71 "HTTP/2 200 OK"
2026-03-16 15:41:23,021 | INFO | HTTP Request: GET https://www.okx.com/api/v5/market/ticker?instId=ENA-USDT-SWAP "HTTP/2 200 OK"
2026-03-16 15:41:23,424 | INFO | HTTP Request: GET https://www.okx.com/api/v5/market/candles?instId=HBAR-USDT-SWAP&bar=5m&limit=71 "HTTP/2 200 OK"
2026-03-16 15:41:23,545 | INFO | HTTP Request: GET https://www.okx.com/api/v5/market/ticker?instId=EOS-USDT-SWAP "HTTP/2 200 OK"
2026-03-16 15:41:23,832 | INFO | HTTP Request: GET https://www.okx.com/api/v5/market/candles?instId=HMSTR-USDT-SWAP&bar=5m&limit=71 "HTTP/2 200 OK"
2026-03-16 15:41:24,057 | INFO | HTTP Request: GET https://www.okx.com/api/v5/market/ticker?instId=ETC-USDT-SWAP "HTTP/2 200 OK"
2026-03-16 15:41:24,234 | INFO | HTTP Request: GET https://www.okx.com/api/v5/market/candles?instId=HOME-USDT-SWAP&bar=5m&limit=71 "HTTP/2 200 OK"
2026-03-16 15:41:24,554 | INFO | HTTP Request: GET https://www.okx.com/api/v5/market/ticker?instId=ETH-USDT-SWAP "HTTP/2 200 OK"
2026-03-16 15:41:24,650 | INFO | HTTP Request: GET https://www.okx.com/api/v5/market/candles?instId=IMX-USDT-SWAP&bar=5m&limit=71 "HTTP/2 200 OK"
2026-03-16 15:41:25,052 | INFO | HTTP Request: GET https://www.okx.com/api/v5/market/candles?instId=INJ-USDT-SWAP&bar=5m&limit=71 "HTTP/2 200 OK"
2026-03-16 15:41:25,082 | INFO | HTTP Request: GET https://www.okx.com/api/v5/market/ticker?instId=ETHFI-USDT-SWAP "HTTP/2 200 OK"
2026-03-16 15:41:25,238 | INFO | HTTP Request: GET https://www.okx.com/api/v5/account/balance "HTTP/2 200 OK"
2026-03-16 15:41:25,453 | INFO | HTTP Request: GET https://www.okx.com/api/v5/market/candles?instId=IOTA-USDT-SWAP&bar=5m&limit=71 "HTTP/2 200 OK"
2026-03-16 15:41:25,580 | INFO | HTTP Request: GET https://www.okx.com/api/v5/market/ticker?instId=ETHW-USDT-SWAP "HTTP/2 200 OK"
2026-03-16 15:41:25,823 | INFO | HTTP Request: GET https://www.okx.com/api/v5/market/candles?instId=JUP-USDT-SWAP&bar=5m&limit=71 "HTTP/2 200 OK"
2026-03-16 15:41:26,069 | INFO | HTTP Request: GET https://www.okx.com/api/v5/market/ticker?instId=FIL-USDT-SWAP "HTTP/2 200 OK"
2026-03-16 15:41:26,210 | INFO | HTTP Request: GET https://www.okx.com/api/v5/market/candles?instId=KAITO-USDT-SWAP&bar=5m&limit=71 "HTTP/2 200 OK"
2026-03-16 15:41:26,552 | INFO | HTTP Request: GET https://www.okx.com/api/v5/market/ticker?instId=FLOKI-USDT-SWAP "HTTP/2 200 OK"
2026-03-16 15:41:26,582 | INFO | HTTP Request: GET https://www.okx.com/api/v5/market/candles?instId=KSM-USDT-SWAP&bar=5m&limit=71 "HTTP/2 200 OK"
2026-03-16 15:41:26,957 | INFO | HTTP Request: GET https://www.okx.com/api/v5/market/candles?instId=LDO-USDT-SWAP&bar=5m&limit=71 "HTTP/2 200 OK"
2026-03-16 15:41:27,040 | INFO | HTTP Request: GET https://www.okx.com/api/v5/market/ticker?instId=GMT-USDT-SWAP "HTTP/2 200 OK"
2026-03-16 15:41:27,356 | INFO | HTTP Request: GET https://www.okx.com/api/v5/market/candles?instId=LINEA-USDT-SWAP&bar=5m&limit=71 "HTTP/2 200 OK"
2026-03-16 15:41:27,522 | INFO | HTTP Request: GET https://www.okx.com/api/v5/market/candles?instId=BTC-USDT-SWAP&bar=5m&limit=64 "HTTP/2 200 OK"
2026-03-16 15:41:27,531 | INFO | HTTP Request: GET https://www.okx.com/api/v5/market/ticker?instId=HBAR-USDT-SWAP "HTTP/2 200 OK"
2026-03-16 15:41:27,719 | INFO | HTTP Request: GET https://www.okx.com/api/v5/market/candles?instId=LINK-USDT-SWAP&bar=5m&limit=71 "HTTP/2 200 OK"
2026-03-16 15:41:28,057 | INFO | HTTP Request: GET https://www.okx.com/api/v5/market/ticker?instId=HMSTR-USDT-SWAP "HTTP/2 200 OK"
2026-03-16 15:41:28,089 | INFO | HTTP Request: GET https://www.okx.com/api/v5/market/candles?instId=LIT-USDT-SWAP&bar=5m&limit=71 "HTTP/2 200 OK"
2026-03-16 15:41:28,456 | INFO | HTTP Request: GET https://www.okx.com/api/v5/market/candles?instId=LPT-USDT-SWAP&bar=5m&limit=71 "HTTP/2 200 OK"
2026-03-16 15:41:28,553 | INFO | HTTP Request: GET https://www.okx.com/api/v5/market/ticker?instId=HOME-USDT-SWAP "HTTP/2 200 OK"
2026-03-16 15:41:28,861 | INFO | HTTP Request: GET https://www.okx.com/api/v5/market/candles?instId=LQTY-USDT-SWAP&bar=5m&limit=71 "HTTP/2 200 OK"
2026-03-16 15:41:29,081 | INFO | HTTP Request: GET https://www.okx.com/api/v5/market/ticker?instId=IMX-USDT-SWAP "HTTP/2 200 OK"
2026-03-16 15:41:29,283 | INFO | HTTP Request: GET https://www.okx.com/api/v5/market/candles?instId=LRC-USDT-SWAP&bar=5m&limit=71 "HTTP/2 200 OK"
2026-03-16 15:41:29,591 | INFO | HTTP Request: GET https://www.okx.com/api/v5/market/ticker?instId=INJ-USDT-SWAP "HTTP/2 200 OK"
2026-03-16 15:41:29,675 | INFO | HTTP Request: GET https://www.okx.com/api/v5/market/candles?instId=LTC-USDT-SWAP&bar=5m&limit=71 "HTTP/2 200 OK"
2026-03-16 15:41:30,081 | INFO | HTTP Request: GET https://www.okx.com/api/v5/market/candles?instId=MAGIC-USDT-SWAP&bar=5m&limit=71 "HTTP/2 200 OK"
2026-03-16 15:41:30,101 | INFO | HTTP Request: GET https://www.okx.com/api/v5/market/ticker?instId=IOTA-USDT-SWAP "HTTP/2 200 OK"
2026-03-16 15:41:30,493 | INFO | HTTP Request: GET https://www.okx.com/api/v5/market/ticker?instId=MAGIC-USDT-SWAP "HTTP/2 200 OK"
2026-03-16 15:41:30,542 | INFO | MAGIC-USDT-SWAP: Turtle 55 short-сигнал отклонён (закрытие не удержалось ниже канала)
2026-03-16 15:41:30,549 | INFO | MAGIC-USDT-SWAP: Turtle 20 short-сигнал отклонён (закрытие не удержалось ниже канала)
2026-03-16 15:41:30,611 | INFO | HTTP Request: GET https://www.okx.com/api/v5/account/balance "HTTP/2 200 OK"
2026-03-16 15:41:30,634 | INFO | HTTP Request: GET https://www.okx.com/api/v5/market/ticker?instId=JUP-USDT-SWAP "HTTP/2 200 OK"
2026-03-16 15:41:30,923 | INFO | HTTP Request: GET https://www.okx.com/api/v5/market/candles?instId=MAJOR-USDT-SWAP&bar=5m&limit=71 "HTTP/2 200 OK"
2026-03-16 15:41:31,163 | INFO | HTTP Request: GET https://www.okx.com/api/v5/market/ticker?instId=KAITO-USDT-SWAP "HTTP/2 200 OK"
2026-03-16 15:41:31,342 | INFO | HTTP Request: GET https://www.okx.com/api/v5/market/candles?instId=MASK-USDT-SWAP&bar=5m&limit=71 "HTTP/2 200 OK"
2026-03-16 15:41:31,667 | INFO | HTTP Request: GET https://www.okx.com/api/v5/market/ticker?instId=KSM-USDT-SWAP "HTTP/2 200 OK"
2026-03-16 15:41:31,778 | INFO | HTTP Request: GET https://www.okx.com/api/v5/market/candles?instId=MET-USDT-SWAP&bar=5m&limit=71 "HTTP/2 200 OK"
2026-03-16 15:41:32,188 | INFO | HTTP Request: GET https://www.okx.com/api/v5/market/candles?instId=MINA-USDT-SWAP&bar=5m&limit=71 "HTTP/2 200 OK"
2026-03-16 15:41:32,218 | INFO | HTTP Request: GET https://www.okx.com/api/v5/market/ticker?instId=LDO-USDT-SWAP "HTTP/2 200 OK"
2026-03-16 15:41:32,622 | INFO | HTTP Request: GET https://www.okx.com/api/v5/market/candles?instId=MKR-USDT-SWAP&bar=5m&limit=71 "HTTP/2 200 OK"
2026-03-16 15:41:32,749 | INFO | HTTP Request: GET https://www.okx.com/api/v5/market/ticker?instId=LINEA-USDT-SWAP "HTTP/2 200 OK"
2026-03-16 15:41:32,994 | INFO | HTTP Request: GET https://www.okx.com/api/v5/market/candles?instId=MUBARAK-USDT-SWAP&bar=5m&limit=71 "HTTP/2 200 OK"
2026-03-16 15:41:33,273 | INFO | HTTP Request: GET https://www.okx.com/api/v5/market/ticker?instId=LINK-USDT-SWAP "HTTP/2 200 OK"
2026-03-16 15:41:33,371 | INFO | HTTP Request: GET https://www.okx.com/api/v5/market/candles?instId=NEAR-USDT-SWAP&bar=5m&limit=71 "HTTP/2 200 OK"
2026-03-16 15:41:33,752 | INFO | HTTP Request: GET https://www.okx.com/api/v5/market/candles?instId=BTC-USDT-SWAP&bar=5m&limit=64 "HTTP/2 200 OK"
2026-03-16 15:41:33,776 | INFO | HTTP Request: GET https://www.okx.com/api/v5/market/candles?instId=NEO-USDT-SWAP&bar=5m&limit=71 "HTTP/2 200 OK"
2026-03-16 15:41:33,800 | INFO | HTTP Request: GET https://www.okx.com/api/v5/market/ticker?instId=LIT-USDT-SWAP "HTTP/2 200 OK"
2026-03-16 15:41:34,155 | INFO | HTTP Request: GET https://www.okx.com/api/v5/market/candles?instId=NOT-USDT-SWAP&bar=5m&limit=71 "HTTP/2 200 OK"
2026-03-16 15:41:34,294 | INFO | HTTP Request: GET https://www.okx.com/api/v5/market/ticker?instId=LPT-USDT-SWAP "HTTP/2 200 OK"
2026-03-16 15:41:34,520 | INFO | HTTP Request: GET https://www.okx.com/api/v5/market/candles?instId=OP-USDT-SWAP&bar=5m&limit=71 "HTTP/2 200 OK"
2026-03-16 15:41:34,785 | INFO | HTTP Request: GET https://www.okx.com/api/v5/market/ticker?instId=LQTY-USDT-SWAP "HTTP/2 200 OK"
2026-03-16 15:41:34,888 | INFO | HTTP Request: GET https://www.okx.com/api/v5/market/candles?instId=PEPE-USDT-SWAP&bar=5m&limit=71 "HTTP/2 200 OK"
2026-03-16 15:41:35,301 | INFO | HTTP Request: GET https://www.okx.com/api/v5/market/ticker?instId=PEPE-USDT-SWAP "HTTP/2 200 OK"
2026-03-16 15:41:35,313 | INFO | HTTP Request: GET https://www.okx.com/api/v5/market/ticker?instId=LRC-USDT-SWAP "HTTP/2 200 OK"
2026-03-16 15:41:35,345 | INFO | PEPE-USDT-SWAP: Turtle 20 long-сигнал отклонён (закрытие не удержалось выше канала)
2026-03-16 15:41:35,719 | INFO | HTTP Request: GET https://www.okx.com/api/v5/market/candles?instId=PIGGY-USDT-SWAP&bar=5m&limit=71 "HTTP/2 200 OK"
2026-03-16 15:41:35,836 | INFO | HTTP Request: GET https://www.okx.com/api/v5/market/ticker?instId=LTC-USDT-SWAP "HTTP/2 200 OK"
2026-03-16 15:41:36,057 | INFO | HTTP Request: GET https://www.okx.com/api/v5/account/balance "HTTP/2 200 OK"
2026-03-16 15:41:36,119 | INFO | HTTP Request: GET https://www.okx.com/api/v5/market/candles?instId=QTUM-USDT-SWAP&bar=5m&limit=71 "HTTP/2 200 OK"
2026-03-16 15:41:36,511 | INFO | HTTP Request: GET https://www.okx.com/api/v5/market/ticker?instId=MAJOR-USDT-SWAP "HTTP/2 200 OK"
2026-03-16 15:41:36,538 | INFO | HTTP Request: GET https://www.okx.com/api/v5/market/candles?instId=RAVE-USDT-SWAP&bar=5m&limit=71 "HTTP/2 200 OK"
2026-03-16 15:41:36,918 | INFO | HTTP Request: GET https://www.okx.com/api/v5/market/candles?instId=RESOLV-USDT-SWAP&bar=5m&limit=71 "HTTP/2 200 OK"
2026-03-16 15:41:36,996 | INFO | HTTP Request: GET https://www.okx.com/api/v5/market/ticker?instId=MASK-USDT-SWAP "HTTP/2 200 OK"
2026-03-16 15:41:37,311 | INFO | HTTP Request: GET https://www.okx.com/api/v5/market/candles?instId=ROBO-USDT-SWAP&bar=5m&limit=71 "HTTP/2 200 OK"
2026-03-16 15:41:37,490 | INFO | HTTP Request: GET https://www.okx.com/api/v5/market/ticker?instId=MET-USDT-SWAP "HTTP/2 200 OK"
2026-03-16 15:41:37,682 | INFO | HTTP Request: GET https://www.okx.com/api/v5/market/candles?instId=SAND-USDT-SWAP&bar=5m&limit=71 "HTTP/2 200 OK"
2026-03-16 15:41:38,013 | INFO | HTTP Request: GET https://www.okx.com/api/v5/market/ticker?instId=MINA-USDT-SWAP "HTTP/2 200 OK"
2026-03-16 15:41:38,111 | INFO | HTTP Request: GET https://www.okx.com/api/v5/market/candles?instId=SCR-USDT-SWAP&bar=5m&limit=71 "HTTP/2 200 OK"
2026-03-16 15:41:38,520 | INFO | HTTP Request: GET https://www.okx.com/api/v5/market/candles?instId=SHIB-USDT-SWAP&bar=5m&limit=71 "HTTP/2 200 OK"
2026-03-16 15:41:38,535 | INFO | HTTP Request: GET https://www.okx.com/api/v5/market/ticker?instId=MKR-USDT-SWAP "HTTP/2 200 OK"
2026-03-16 15:41:38,909 | INFO | HTTP Request: GET https://www.okx.com/api/v5/market/candles?instId=SKY-USDT-SWAP&bar=5m&limit=71 "HTTP/2 200 OK"
2026-03-16 15:41:39,030 | INFO | HTTP Request: GET https://www.okx.com/api/v5/market/ticker?instId=MUBARAK-USDT-SWAP "HTTP/2 200 OK"
2026-03-16 15:41:39,319 | INFO | HTTP Request: GET https://www.okx.com/api/v5/market/candles?instId=SOL-USDT-SWAP&bar=5m&limit=71 "HTTP/2 200 OK"
2026-03-16 15:41:39,539 | INFO | HTTP Request: GET https://www.okx.com/api/v5/market/ticker?instId=NEAR-USDT-SWAP "HTTP/2 200 OK"
2026-03-16 15:41:39,740 | INFO | HTTP Request: GET https://www.okx.com/api/v5/market/candles?instId=SOLV-USDT-SWAP&bar=5m&limit=71 "HTTP/2 200 OK"
2026-03-16 15:41:40,010 | INFO | HTTP Request: GET https://www.okx.com/api/v5/market/candles?instId=BTC-USDT-SWAP&bar=5m&limit=64 "HTTP/2 200 OK"
2026-03-16 15:41:40,063 | INFO | HTTP Request: GET https://www.okx.com/api/v5/market/ticker?instId=NEO-USDT-SWAP "HTTP/2 200 OK"
2026-03-16 15:41:40,145 | INFO | HTTP Request: GET https://www.okx.com/api/v5/market/candles?instId=SPK-USDT-SWAP&bar=5m&limit=71 "HTTP/2 200 OK"
2026-03-16 15:41:40,533 | INFO | HTTP Request: GET https://www.okx.com/api/v5/market/candles?instId=STRK-USDT-SWAP&bar=5m&limit=71 "HTTP/2 200 OK"
2026-03-16 15:41:40,550 | INFO | HTTP Request: GET https://www.okx.com/api/v5/market/ticker?instId=NOT-USDT-SWAP "HTTP/2 200 OK"
2026-03-16 15:41:40,938 | INFO | HTTP Request: GET https://www.okx.com/api/v5/market/candles?instId=SUI-USDT-SWAP&bar=5m&limit=71 "HTTP/2 200 OK"
2026-03-16 15:41:41,058 | INFO | HTTP Request: GET https://www.okx.com/api/v5/market/ticker?instId=OP-USDT-SWAP "HTTP/2 200 OK"
2026-03-16 15:41:41,356 | INFO | HTTP Request: GET https://www.okx.com/api/v5/market/candles?instId=SUSHI-USDT-SWAP&bar=5m&limit=71 "HTTP/2 200 OK"
2026-03-16 15:41:41,534 | INFO | HTTP Request: GET https://www.okx.com/api/v5/account/balance "HTTP/2 200 OK"
2026-03-16 15:41:41,698 | INFO | HTTP Request: GET https://www.okx.com/api/v5/market/ticker?instId=PIGGY-USDT-SWAP "HTTP/2 200 OK"
2026-03-16 15:41:41,770 | INFO | HTTP Request: GET https://www.okx.com/api/v5/market/candles?instId=SYRUP-USDT-SWAP&bar=5m&limit=71 "HTTP/2 200 OK"
2026-03-16 15:41:42,151 | INFO | HTTP Request: GET https://www.okx.com/api/v5/market/candles?instId=TEST1234-USDT-SWAP&bar=5m&limit=71 "HTTP/2 200 OK"
2026-03-16 15:41:42,228 | INFO | HTTP Request: GET https://www.okx.com/api/v5/market/ticker?instId=QTUM-USDT-SWAP "HTTP/2 200 OK"
2026-03-16 15:41:42,544 | INFO | HTTP Request: GET https://www.okx.com/api/v5/market/candles?instId=TEST3103-USDT-SWAP&bar=5m&limit=71 "HTTP/2 200 OK"
2026-03-16 15:41:42,721 | INFO | HTTP Request: GET https://www.okx.com/api/v5/market/ticker?instId=RAVE-USDT-SWAP "HTTP/2 200 OK"
2026-03-16 15:41:42,908 | INFO | HTTP Request: GET https://www.okx.com/api/v5/market/candles?instId=TEST3110-USDT-SWAP&bar=5m&limit=71 "HTTP/2 200 OK"
2026-03-16 15:41:43,250 | INFO | HTTP Request: GET https://www.okx.com/api/v5/market/ticker?instId=RESOLV-USDT-SWAP "HTTP/2 200 OK"
2026-03-16 15:41:43,325 | INFO | HTTP Request: GET https://www.okx.com/api/v5/market/candles?instId=THETA-USDT-SWAP&bar=5m&limit=71 "HTTP/2 200 OK"
2026-03-16 15:41:43,731 | INFO | HTTP Request: GET https://www.okx.com/api/v5/market/candles?instId=TON-USDT-SWAP&bar=5m&limit=71 "HTTP/2 200 OK"
2026-03-16 15:41:43,748 | INFO | HTTP Request: GET https://www.okx.com/api/v5/market/ticker?instId=ROBO-USDT-SWAP "HTTP/2 200 OK"
2026-03-16 15:41:44,166 | INFO | HTTP Request: GET https://www.okx.com/api/v5/market/candles?instId=TRIA-USDT-SWAP&bar=5m&limit=71 "HTTP/2 200 OK"
2026-03-16 15:41:44,279 | INFO | HTTP Request: GET https://www.okx.com/api/v5/market/ticker?instId=SAND-USDT-SWAP "HTTP/2 200 OK"
2026-03-16 15:41:44,571 | INFO | HTTP Request: GET https://www.okx.com/api/v5/market/candles?instId=TRX-USDT-SWAP&bar=5m&limit=71 "HTTP/2 200 OK"
2026-03-16 15:41:44,781 | INFO | HTTP Request: GET https://www.okx.com/api/v5/market/ticker?instId=SCR-USDT-SWAP "HTTP/2 200 OK"
2026-03-16 15:41:44,968 | INFO | HTTP Request: GET https://www.okx.com/api/v5/market/candles?instId=TSLA-USDT-SWAP&bar=5m&limit=71 "HTTP/2 200 OK"
2026-03-16 15:41:45,285 | INFO | HTTP Request: GET https://www.okx.com/api/v5/market/ticker?instId=SHIB-USDT-SWAP "HTTP/2 200 OK"
2026-03-16 15:41:45,375 | INFO | HTTP Request: GET https://www.okx.com/api/v5/market/candles?instId=XAU-USDT-SWAP&bar=5m&limit=71 "HTTP/2 200 OK"
2026-03-16 15:41:45,798 | INFO | HTTP Request: GET https://www.okx.com/api/v5/market/candles?instId=XLM-USDT-SWAP&bar=5m&limit=71 "HTTP/2 200 OK"
2026-03-16 15:41:45,816 | INFO | HTTP Request: GET https://www.okx.com/api/v5/market/ticker?instId=SKY-USDT-SWAP "HTTP/2 200 OK"
2026-03-16 15:41:46,209 | INFO | HTTP Request: GET https://www.okx.com/api/v5/market/candles?instId=XPL-USDT-SWAP&bar=5m&limit=71 "HTTP/2 200 OK"
2026-03-16 15:41:46,249 | INFO | HTTP Request: GET https://www.okx.com/api/v5/market/candles?instId=BTC-USDT-SWAP&bar=5m&limit=64 "HTTP/2 200 OK"
2026-03-16 15:41:46,330 | INFO | HTTP Request: GET https://www.okx.com/api/v5/market/ticker?instId=SOL-USDT-SWAP "HTTP/2 200 OK"
2026-03-16 15:41:46,616 | INFO | HTTP Request: GET https://www.okx.com/api/v5/market/candles?instId=XRP-USDT-SWAP&bar=5m&limit=71 "HTTP/2 200 OK"
2026-03-16 15:41:46,838 | INFO | HTTP Request: GET https://www.okx.com/api/v5/market/ticker?instId=SOLV-USDT-SWAP "HTTP/2 200 OK"
2026-03-16 15:41:46,874 | INFO | HTTP Request: GET https://www.okx.com/api/v5/account/balance "HTTP/2 200 OK"
2026-03-16 15:41:47,029 | INFO | HTTP Request: GET https://www.okx.com/api/v5/market/candles?instId=XSR-USDT-SWAP&bar=5m&limit=71 "HTTP/2 200 OK"
2026-03-16 15:41:47,357 | INFO | HTTP Request: GET https://www.okx.com/api/v5/market/ticker?instId=SPK-USDT-SWAP "HTTP/2 200 OK"
2026-03-16 15:41:47,403 | INFO | HTTP Request: GET https://www.okx.com/api/v5/market/candles?instId=XTZ-USDT-SWAP&bar=5m&limit=71 "HTTP/2 200 OK"
2026-03-16 15:41:47,775 | INFO | HTTP Request: GET https://www.okx.com/api/v5/market/candles?instId=YB-USDT-SWAP&bar=5m&limit=71 "HTTP/2 200 OK"
2026-03-16 15:41:47,849 | INFO | HTTP Request: GET https://www.okx.com/api/v5/market/ticker?instId=STRK-USDT-SWAP "HTTP/2 200 OK"
2026-03-16 15:41:48,181 | INFO | HTTP Request: GET https://www.okx.com/api/v5/market/candles?instId=YFI-USDT-SWAP&bar=5m&limit=71 "HTTP/2 200 OK"
2026-03-16 15:41:48,338 | INFO | HTTP Request: GET https://www.okx.com/api/v5/market/ticker?instId=SUI-USDT-SWAP "HTTP/2 200 OK"
2026-03-16 15:41:48,543 | INFO | HTTP Request: GET https://www.okx.com/api/v5/market/candles?instId=YGG-USDT-SWAP&bar=5m&limit=71 "HTTP/2 200 OK"
2026-03-16 15:41:48,878 | INFO | HTTP Request: GET https://www.okx.com/api/v5/market/ticker?instId=SUSHI-USDT-SWAP "HTTP/2 200 OK"
2026-03-16 15:41:48,969 | INFO | HTTP Request: GET https://www.okx.com/api/v5/market/candles?instId=ZAMA-USDT-SWAP&bar=5m&limit=71 "HTTP/2 200 OK"
2026-03-16 15:41:49,391 | INFO | HTTP Request: GET https://www.okx.com/api/v5/market/ticker?instId=SYRUP-USDT-SWAP "HTTP/2 200 OK"
2026-03-16 15:41:49,447 | INFO | HTTP Request: GET https://www.okx.com/api/v5/market/candles?instId=ZBCN-USDT-SWAP&bar=5m&limit=71 "HTTP/2 200 OK"
2026-03-16 15:41:49,824 | INFO | HTTP Request: GET https://www.okx.com/api/v5/market/candles?instId=ZETA-USDT-SWAP&bar=5m&limit=71 "HTTP/2 200 OK"
2026-03-16 15:41:49,893 | INFO | HTTP Request: GET https://www.okx.com/api/v5/market/ticker?instId=TEST1234-USDT-SWAP "HTTP/2 200 OK"
2026-03-16 15:41:50,226 | INFO | HTTP Request: GET https://www.okx.com/api/v5/market/candles?instId=ZIL-USDT-SWAP&bar=5m&limit=71 "HTTP/2 200 OK"
2026-03-16 15:41:50,397 | INFO | HTTP Request: GET https://www.okx.com/api/v5/market/ticker?instId=TEST3103-USDT-SWAP "HTTP/2 200 OK"
2026-03-16 15:41:50,595 | INFO | HTTP Request: GET https://www.okx.com/api/v5/market/ticker?instId=ZIL-USDT-SWAP "HTTP/2 200 OK"
2026-03-16 15:41:50,647 | INFO | ZIL-USDT-SWAP: Turtle 55 short-сигнал отклонён (закрытие не удержалось ниже канала)
2026-03-16 15:41:50,655 | INFO | ZIL-USDT-SWAP: Turtle 20 short-сигнал отклонён (закрытие не удержалось ниже канала)
2026-03-16 15:41:50,920 | INFO | HTTP Request: GET https://www.okx.com/api/v5/market/ticker?instId=TEST3110-USDT-SWAP "HTTP/2 200 OK"
2026-03-16 15:41:51,024 | INFO | HTTP Request: GET https://www.okx.com/api/v5/market/candles?instId=XAG-USDT-SWAP&bar=5m&limit=26 "HTTP/2 200 OK"
2026-03-16 15:41:51,438 | INFO | HTTP Request: GET https://www.okx.com/api/v5/market/ticker?instId=XAG-USDT-SWAP "HTTP/2 200 OK"
2026-03-16 15:41:51,449 | INFO | HTTP Request: GET https://www.okx.com/api/v5/market/ticker?instId=THETA-USDT-SWAP "HTTP/2 200 OK"
2026-03-16 15:41:51,774 | INFO | HTTP Request: GET https://www.okx.com/api/v5/trade/orders-algo-pending?ordType=conditional&instType=SWAP&instId=XAG-USDT-SWAP "HTTP/2 200 OK"
2026-03-16 15:41:51,970 | INFO | HTTP Request: GET https://www.okx.com/api/v5/market/ticker?instId=TON-USDT-SWAP "HTTP/2 200 OK"
2026-03-16 15:41:52,090 | INFO | HTTP Request: GET https://www.okx.com/api/v5/trade/orders-algo-pending?ordType=oco&instType=SWAP&instId=XAG-USDT-SWAP "HTTP/2 200 OK"
2026-03-16 15:41:52,352 | INFO | HTTP Request: GET https://www.okx.com/api/v5/trade/orders-algo-pending?ordType=trigger&instType=SWAP&instId=XAG-USDT-SWAP "HTTP/2 200 OK"
2026-03-16 15:41:52,366 | INFO | HTTP Request: GET https://www.okx.com/api/v5/account/balance "HTTP/2 200 OK"
2026-03-16 15:41:52,472 | INFO | HTTP Request: GET https://www.okx.com/api/v5/market/ticker?instId=TRIA-USDT-SWAP "HTTP/2 200 OK"
2026-03-16 15:41:52,508 | INFO | HTTP Request: GET https://www.okx.com/api/v5/market/candles?instId=BTC-USDT-SWAP&bar=5m&limit=64 "HTTP/2 200 OK"
2026-03-16 15:41:52,641 | INFO | HTTP Request: GET https://www.okx.com/api/v5/trade/orders-algo-pending?ordType=move_order_stop&instType=SWAP&instId=XAG-USDT-SWAP "HTTP/2 200 OK"
2026-03-16 15:41:52,938 | INFO | HTTP Request: GET https://www.okx.com/api/v5/trade/orders-algo-pending?ordType=iceberg&instType=SWAP&instId=XAG-USDT-SWAP "HTTP/2 200 OK"
2026-03-16 15:41:53,001 | INFO | HTTP Request: GET https://www.okx.com/api/v5/market/ticker?instId=TRX-USDT-SWAP "HTTP/2 200 OK"
2026-03-16 15:41:53,247 | INFO | HTTP Request: GET https://www.okx.com/api/v5/trade/orders-algo-pending?ordType=twap&instType=SWAP&instId=XAG-USDT-SWAP "HTTP/2 200 OK"
2026-03-16 15:41:53,488 | INFO | HTTP Request: GET https://www.okx.com/api/v5/market/ticker?instId=TSLA-USDT-SWAP "HTTP/2 200 OK"
2026-03-16 15:41:53,561 | INFO | HTTP Request: GET https://www.okx.com/api/v5/trade/orders-algo-pending?ordType=chase&instType=SWAP&instId=XAG-USDT-SWAP "HTTP/2 200 OK"
2026-03-16 15:41:53,967 | INFO | HTTP Request: GET https://www.okx.com/api/v5/market/candles?instId=ICP-USDT-SWAP&bar=5m&limit=26 "HTTP/2 200 OK"
2026-03-16 15:41:53,975 | INFO | HTTP Request: GET https://www.okx.com/api/v5/market/ticker?instId=XAU-USDT-SWAP "HTTP/2 200 OK"
2026-03-16 15:41:54,382 | INFO | HTTP Request: GET https://www.okx.com/api/v5/market/ticker?instId=ICP-USDT-SWAP "HTTP/2 200 OK"
2026-03-16 15:41:54,497 | INFO | HTTP Request: GET https://www.okx.com/api/v5/market/ticker?instId=XLM-USDT-SWAP "HTTP/2 200 OK"
2026-03-16 15:41:54,703 | INFO | HTTP Request: GET https://www.okx.com/api/v5/trade/orders-algo-pending?ordType=conditional&instType=SWAP&instId=ICP-USDT-SWAP "HTTP/2 200 OK"
2026-03-16 15:41:54,976 | INFO | HTTP Request: GET https://www.okx.com/api/v5/trade/orders-algo-pending?ordType=oco&instType=SWAP&instId=ICP-USDT-SWAP "HTTP/2 200 OK"
2026-03-16 15:41:55,013 | INFO | HTTP Request: GET https://www.okx.com/api/v5/market/ticker?instId=XPL-USDT-SWAP "HTTP/2 200 OK"
2026-03-16 15:41:55,275 | INFO | HTTP Request: GET https://www.okx.com/api/v5/trade/orders-algo-pending?ordType=trigger&instType=SWAP&instId=ICP-USDT-SWAP "HTTP/2 200 OK"
2026-03-16 15:41:55,505 | INFO | HTTP Request: GET https://www.okx.com/api/v5/market/ticker?instId=XRP-USDT-SWAP "HTTP/2 200 OK"
2026-03-16 15:41:55,631 | INFO | HTTP Request: GET https://www.okx.com/api/v5/trade/orders-algo-pending?ordType=move_order_stop&instType=SWAP&instId=ICP-USDT-SWAP "HTTP/2 200 OK"
2026-03-16 15:41:55,925 | INFO | HTTP Request: GET https://www.okx.com/api/v5/trade/orders-algo-pending?ordType=iceberg&instType=SWAP&instId=ICP-USDT-SWAP "HTTP/2 200 OK"
2026-03-16 15:41:56,019 | INFO | HTTP Request: GET https://www.okx.com/api/v5/market/ticker?instId=XSR-USDT-SWAP "HTTP/2 200 OK"
2026-03-16 15:41:56,245 | INFO | HTTP Request: GET https://www.okx.com/api/v5/trade/orders-algo-pending?ordType=twap&instType=SWAP&instId=ICP-USDT-SWAP "HTTP/2 200 OK"
2026-03-16 15:41:56,558 | INFO | HTTP Request: GET https://www.okx.com/api/v5/trade/orders-algo-pending?ordType=chase&instType=SWAP&instId=ICP-USDT-SWAP "HTTP/2 200 OK"
2026-03-16 15:41:56,918 | INFO | HTTP Request: GET https://www.okx.com/api/v5/market/candles?instId=BREV-USDT-SWAP&bar=5m&limit=26 "HTTP/2 200 OK"
2026-03-16 15:41:57,347 | INFO | HTTP Request: GET https://www.okx.com/api/v5/market/ticker?instId=BREV-USDT-SWAP "HTTP/2 200 OK"
2026-03-16 15:41:57,377 | INFO | Placing exchange stop BREV-USDT-SWAP long payload={'instId': 'BREV-USDT-SWAP', 'tdMode': 'isolated', 'side': 'sell', 'posSide': 'net', 'ordType': 'conditional', 'sz': '120000', 'slTriggerPx': '1.008904996667', 'slOrdPx': '-1'}
2026-03-16 15:41:57,522 | INFO | HTTP Request: GET https://www.okx.com/api/v5/market/ticker?instId=XAG-USDT-SWAP "HTTP/2 200 OK"
2026-03-16 15:41:57,630 | INFO | HTTP Request: POST https://www.okx.com/api/v5/trade/order-algo "HTTP/2 200 OK"
2026-03-16 15:41:57,794 | INFO | HTTP Request: GET https://www.okx.com/api/v5/account/balance "HTTP/2 200 OK"
2026-03-16 15:41:57,878 | INFO | HTTP Request: GET https://www.okx.com/api/v5/market/candles?instId=XAG-USDT-SWAP&bar=5m&limit=89 "HTTP/2 200 OK"
2026-03-16 15:41:57,893 | INFO | HTTP Request: POST https://www.okx.com/api/v5/trade/cancel-algos "HTTP/2 200 OK"
2026-03-16 15:41:57,903 | INFO | Closing position BREV-USDT-SWAP. Защита тренда: откат от пика 23395003333.33R → 3695003333.33R
2026-03-16 15:41:58,213 | INFO | HTTP Request: POST https://www.okx.com/api/v5/trade/close-position "HTTP/2 200 OK"
2026-03-16 15:41:58,222 | WARNING | Failed to load json context : [Errno 13] Permission denied: '.'
2026-03-16 15:41:58,591 | INFO | HTTP Request: GET https://www.okx.com/api/v5/market/candles?instId=BREV-USDT-SWAP&bar=5m&limit=97 "HTTP/2 200 OK"
2026-03-16 15:41:58,610 | INFO | HTTP Request: GET https://www.okx.com/api/v5/market/ticker?instId=1INCH-USDT-SWAP "HTTP/2 200 OK"
2026-03-16 15:41:58,755 | INFO | HTTP Request: GET https://www.okx.com/api/v5/market/candles?instId=BTC-USDT-SWAP&bar=5m&limit=64 "HTTP/2 200 OK"
2026-03-16 15:41:59,012 | INFO | HTTP Request: GET https://www.okx.com/api/v5/market/candles?instId=BTC-USDT-SWAP&bar=5m&limit=64 "HTTP/2 200 OK"
2026-03-16 15:41:59,013 | INFO | HTTP Request: GET https://www.okx.com/api/v5/market/candles?instId=1INCH-USDT-SWAP&bar=5m&limit=89 "HTTP/2 200 OK"
2026-03-16 15:41:59,558 | INFO | HTTP Request: GET https://www.okx.com/api/v5/market/ticker?instId=2Z-USDT-SWAP "HTTP/2 200 OK"
2026-03-16 15:41:59,939 | INFO | HTTP Request: GET https://www.okx.com/api/v5/market/candles?instId=2Z-USDT-SWAP&bar=5m&limit=89 "HTTP/2 200 OK"
2026-03-16 15:42:00,468 | INFO | HTTP Request: GET https://www.okx.com/api/v5/market/ticker?instId=A-USDT-SWAP "HTTP/2 200 OK"
2026-03-16 15:42:00,855 | INFO | HTTP Request: GET https://www.okx.com/api/v5/market/candles?instId=A-USDT-SWAP&bar=5m&limit=89 "HTTP/2 200 OK"
2026-03-16 15:42:01,386 | INFO | HTTP Request: GET https://www.okx.com/api/v5/market/ticker?instId=AAVE-USDT-SWAP "HTTP/2 200 OK"
2026-03-16 15:42:01,774 | INFO | HTTP Request: GET https://www.okx.com/api/v5/market/candles?instId=AAVE-USDT-SWAP&bar=5m&limit=89 "HTTP/2 200 OK"
2026-03-16 15:42:02,318 | INFO | HTTP Request: GET https://www.okx.com/api/v5/market/ticker?instId=ACT-USDT-SWAP "HTTP/2 200 OK"
2026-03-16 15:42:02,689 | INFO | HTTP Request: GET https://www.okx.com/api/v5/market/candles?instId=ACT-USDT-SWAP&bar=5m&limit=89 "HTTP/2 200 OK"
2026-03-16 15:42:03,219 | INFO | HTTP Request: GET https://www.okx.com/api/v5/market/ticker?instId=ADA-USDT-SWAP "HTTP/2 200 OK"
2026-03-16 15:42:03,261 | INFO | HTTP Request: GET https://www.okx.com/api/v5/account/balance "HTTP/2 200 OK"
2026-03-16 15:42:03,606 | INFO | HTTP Request: GET https://www.okx.com/api/v5/market/candles?instId=ADA-USDT-SWAP&bar=5m&limit=89 "HTTP/2 200 OK"
2026-03-16 15:42:04,098 | INFO | HTTP Request: GET https://www.okx.com/api/v5/market/ticker?instId=AI16Z-USDT-SWAP "HTTP/2 200 OK"
2026-03-16 15:42:04,435 | INFO | HTTP Request: GET https://www.okx.com/api/v5/account/positions?instType=SWAP "HTTP/2 200 OK"
2026-03-16 15:42:04,486 | INFO | HTTP Request: GET https://www.okx.com/api/v5/market/candles?instId=AI16Z-USDT-SWAP&bar=5m&limit=89 "HTTP/2 200 OK"
2026-03-16 15:42:04,819 | INFO | HTTP Request: GET https://www.okx.com/api/v5/market/candles?instId=BREV-USDT-SWAP&bar=5m&limit=26 "HTTP/2 200 OK"
2026-03-16 15:42:04,975 | INFO | HTTP Request: GET https://www.okx.com/api/v5/market/ticker?instId=AKITA-USDT-SWAP "HTTP/2 200 OK"
2026-03-16 15:42:05,007 | INFO | HTTP Request: GET https://www.okx.com/api/v5/market/candles?instId=BTC-USDT-SWAP&bar=5m&limit=64 "HTTP/2 200 OK"
2026-03-16 15:42:05,194 | INFO | HTTP Request: GET https://www.okx.com/api/v5/market/candles?instId=1INCH-USDT-SWAP&bar=5m&limit=71 "HTTP/2 200 OK"
2026-03-16 15:42:05,384 | INFO | HTTP Request: GET https://www.okx.com/api/v5/market/candles?instId=AKITA-USDT-SWAP&bar=5m&limit=89 "HTTP/2 200 OK"
2026-03-16 15:42:05,608 | INFO | HTTP Request: GET https://www.okx.com/api/v5/market/candles?instId=2Z-USDT-SWAP&bar=5m&limit=71 "HTTP/2 200 OK"
2026-03-16 15:42:05,878 | INFO | HTTP Request: GET https://www.okx.com/api/v5/market/ticker?instId=ALGO-USDT-SWAP "HTTP/2 200 OK"
2026-03-16 15:42:05,968 | INFO | HTTP Request: GET https://www.okx.com/api/v5/market/candles?instId=A-USDT-SWAP&bar=5m&limit=71 "HTTP/2 200 OK"
2026-03-16 15:42:06,284 | INFO | HTTP Request: GET https://www.okx.com/api/v5/market/candles?instId=ALGO-USDT-SWAP&bar=5m&limit=89 "HTTP/2 200 OK"
2026-03-16 15:42:06,386 | INFO | HTTP Request: GET https://www.okx.com/api/v5/market/candles?instId=AAVE-USDT-SWAP&bar=5m&limit=71 "HTTP/2 200 OK"
2026-03-16 15:42:06,807 | INFO | HTTP Request: GET https://www.okx.com/api/v5/market/ticker?instId=ARB-USDT-SWAP "HTTP/2 200 OK"
2026-03-16 15:42:06,817 | INFO | HTTP Request: GET https://www.okx.com/api/v5/market/candles?instId=ARB-USDT-SWAP&bar=5m&limit=71 "HTTP/2 200 OK"
2026-03-16 15:42:07,200 | INFO | HTTP Request: GET https://www.okx.com/api/v5/market/candles?instId=ARB-USDT-SWAP&bar=5m&limit=89 "HTTP/2 200 OK"
2026-03-16 15:42:07,219 | INFO | HTTP Request: GET https://www.okx.com/api/v5/market/candles?instId=ASP-USDT-SWAP&bar=5m&limit=71 "HTTP/2 200 OK"
2026-03-16 15:42:07,621 | INFO | HTTP Request: GET https://www.okx.com/api/v5/market/candles?instId=ASTER-USDT-SWAP&bar=5m&limit=71 "HTTP/2 200 OK"
2026-03-16 15:42:07,730 | INFO | HTTP Request: GET https://www.okx.com/api/v5/market/ticker?instId=ASP-USDT-SWAP "HTTP/2 200 OK"
2026-03-16 15:42:08,026 | INFO | HTTP Request: GET https://www.okx.com/api/v5/market/candles?instId=ATOM-USDT-SWAP&bar=5m&limit=71 "HTTP/2 200 OK"
2026-03-16 15:42:08,250 | INFO | HTTP Request: GET https://www.okx.com/api/v5/market/ticker?instId=ASTER-USDT-SWAP "HTTP/2 200 OK"
2026-03-16 15:42:08,440 | INFO | HTTP Request: GET https://www.okx.com/api/v5/market/candles?instId=AUCTION-USDT-SWAP&bar=5m&limit=71 "HTTP/2 200 OK"
2026-03-16 15:42:08,647 | INFO | HTTP Request: GET https://www.okx.com/api/v5/account/balance "HTTP/2 200 OK"
2026-03-16 15:42:08,781 | INFO | HTTP Request: GET https://www.okx.com/api/v5/market/ticker?instId=ATOM-USDT-SWAP "HTTP/2 200 OK"
2026-03-16 15:42:08,848 | INFO | HTTP Request: GET https://www.okx.com/api/v5/market/candles?instId=AVAX-USDT-SWAP&bar=5m&limit=71 "HTTP/2 200 OK"
2026-03-16 15:42:09,262 | INFO | HTTP Request: GET https://www.okx.com/api/v5/market/candles?instId=AXS-USDT-SWAP&bar=5m&limit=71 "HTTP/2 200 OK"
2026-03-16 15:42:09,270 | INFO | HTTP Request: GET https://www.okx.com/api/v5/market/ticker?instId=AUCTION-USDT-SWAP "HTTP/2 200 OK"
2026-03-16 15:42:09,664 | INFO | HTTP Request: GET https://www.okx.com/api/v5/market/candles?instId=BAND-USDT-SWAP&bar=5m&limit=71 "HTTP/2 200 OK"
2026-03-16 15:42:09,790 | INFO | HTTP Request: GET https://www.okx.com/api/v5/market/ticker?instId=AVAX-USDT-SWAP "HTTP/2 200 OK"
2026-03-16 15:42:10,109 | INFO | HTTP Request: GET https://www.okx.com/api/v5/market/candles?instId=BCH-USDT-SWAP&bar=5m&limit=71 "HTTP/2 200 OK"
2026-03-16 15:42:10,307 | INFO | HTTP Request: GET https://www.okx.com/api/v5/market/ticker?instId=AXS-USDT-SWAP "HTTP/2 200 OK"
2026-03-16 15:42:10,485 | INFO | HTTP Request: GET https://www.okx.com/api/v5/market/candles?instId=BIO-USDT-SWAP&bar=5m&limit=71 "HTTP/2 200 OK"
2026-03-16 15:42:10,829 | INFO | HTTP Request: GET https://www.okx.com/api/v5/market/ticker?instId=BAND-USDT-SWAP "HTTP/2 200 OK"
2026-03-16 15:42:10,917 | INFO | HTTP Request: GET https://www.okx.com/api/v5/market/candles?instId=BLUAI-USDT-SWAP&bar=5m&limit=71 "HTTP/2 200 OK"
2026-03-16 15:42:11,261 | INFO | HTTP Request: GET https://www.okx.com/api/v5/market/candles?instId=BTC-USDT-SWAP&bar=5m&limit=64 "HTTP/2 200 OK"
2026-03-16 15:42:11,314 | INFO | HTTP Request: GET https://www.okx.com/api/v5/market/candles?instId=BNB-USDT-SWAP&bar=5m&limit=71 "HTTP/2 200 OK"
2026-03-16 15:42:11,335 | INFO | HTTP Request: GET https://www.okx.com/api/v5/market/ticker?instId=BCH-USDT-SWAP "HTTP/2 200 OK"
2026-03-16 15:42:11,681 | INFO | HTTP Request: GET https://www.okx.com/api/v5/market/candles?instId=BOME-USDT-SWAP&bar=5m&limit=71 "HTTP/2 200 OK"
2026-03-16 15:42:11,827 | INFO | HTTP Request: GET https://www.okx.com/api/v5/market/ticker?instId=BIO-USDT-SWAP "HTTP/2 200 OK"
2026-03-16 15:42:12,052 | INFO | HTTP Request: GET https://www.okx.com/api/v5/market/candles?instId=BRETT-USDT-SWAP&bar=5m&limit=71 "HTTP/2 200 OK"
2026-03-16 15:42:12,315 | INFO | HTTP Request: GET https://www.okx.com/api/v5/market/ticker?instId=BLUAI-USDT-SWAP "HTTP/2 200 OK"
2026-03-16 15:42:12,419 | INFO | HTTP Request: GET https://www.okx.com/api/v5/market/candles?instId=BTC-USDT-SWAP&bar=5m&limit=71 "HTTP/2 200 OK"
2026-03-16 15:42:12,842 | INFO | HTTP Request: GET https://www.okx.com/api/v5/market/candles?instId=CAT-USDT-SWAP&bar=5m&limit=71 "HTTP/2 200 OK"
2026-03-16 15:42:12,845 | INFO | HTTP Request: GET https://www.okx.com/api/v5/market/ticker?instId=BNB-USDT-SWAP "HTTP/2 200 OK"
2026-03-16 15:42:13,241 | INFO | HTTP Request: GET https://www.okx.com/api/v5/market/candles?instId=CATI-USDT-SWAP&bar=5m&limit=71 "HTTP/2 200 OK"
2026-03-16 15:42:13,358 | INFO | HTTP Request: GET https://www.okx.com/api/v5/market/ticker?instId=BOME-USDT-SWAP "HTTP/2 200 OK"
2026-03-16 15:42:13,658 | INFO | HTTP Request: GET https://www.okx.com/api/v5/market/candles?instId=CELO-USDT-SWAP&bar=5m&limit=71 "HTTP/2 200 OK"
2026-03-16 15:42:13,858 | INFO | HTTP Request: GET https://www.okx.com/api/v5/market/ticker?instId=BRETT-USDT-SWAP "HTTP/2 200 OK"
2026-03-16 15:42:14,062 | INFO | HTTP Request: GET https://www.okx.com/api/v5/market/candles?instId=CFX-USDT-SWAP&bar=5m&limit=71 "HTTP/2 200 OK"
2026-03-16 15:42:14,157 | INFO | HTTP Request: GET https://www.okx.com/api/v5/account/balance "HTTP/2 200 OK"
2026-03-16 15:42:14,375 | INFO | HTTP Request: GET https://www.okx.com/api/v5/market/ticker?instId=BTC-USDT-SWAP "HTTP/2 200 OK"
2026-03-16 15:42:14,461 | INFO | HTTP Request: GET https://www.okx.com/api/v5/market/candles?instId=CHZ-USDT-SWAP&bar=5m&limit=71 "HTTP/2 200 OK"
2026-03-16 15:42:14,891 | INFO | HTTP Request: GET https://www.okx.com/api/v5/market/candles?instId=COAI-USDT-SWAP&bar=5m&limit=71 "HTTP/2 200 OK"
2026-03-16 15:42:14,899 | INFO | HTTP Request: GET https://www.okx.com/api/v5/market/ticker?instId=CAT-USDT-SWAP "HTTP/2 200 OK"
2026-03-16 15:42:15,284 | INFO | HTTP Request: GET https://www.okx.com/api/v5/market/candles?instId=COMP-USDT-SWAP&bar=5m&limit=71 "HTTP/2 200 OK"
2026-03-16 15:42:15,408 | INFO | HTTP Request: GET https://www.okx.com/api/v5/market/ticker?instId=CATI-USDT-SWAP "HTTP/2 200 OK"
2026-03-16 15:42:15,700 | INFO | HTTP Request: GET https://www.okx.com/api/v5/market/candles?instId=CRO-USDT-SWAP&bar=5m&limit=71 "HTTP/2 200 OK"
2026-03-16 15:42:15,915 | INFO | HTTP Request: GET https://www.okx.com/api/v5/market/ticker?instId=CELO-USDT-SWAP "HTTP/2 200 OK"
2026-03-16 15:42:16,100 | INFO | HTTP Request: GET https://www.okx.com/api/v5/market/candles?instId=CRV-USDT-SWAP&bar=5m&limit=71 "HTTP/2 200 OK"
2026-03-16 15:42:16,423 | INFO | HTTP Request: GET https://www.okx.com/api/v5/market/ticker?instId=CFX-USDT-SWAP "HTTP/2 200 OK"
2026-03-16 15:42:16,500 | INFO | HTTP Request: GET https://www.okx.com/api/v5/market/candles?instId=DOGE-USDT-SWAP&bar=5m&limit=71 "HTTP/2 200 OK"
2026-03-16 15:42:16,926 | INFO | HTTP Request: GET https://www.okx.com/api/v5/market/candles?instId=DOT-USDT-SWAP&bar=5m&limit=71 "HTTP/2 200 OK"
2026-03-16 15:42:16,949 | INFO | HTTP Request: GET https://www.okx.com/api/v5/market/ticker?instId=CHZ-USDT-SWAP "HTTP/2 200 OK"
2026-03-16 15:42:17,321 | INFO | HTTP Request: GET https://www.okx.com/api/v5/market/candles?instId=ENA-USDT-SWAP&bar=5m&limit=71 "HTTP/2 200 OK"
2026-03-16 15:42:17,442 | INFO | HTTP Request: GET https://www.okx.com/api/v5/market/ticker?instId=COAI-USDT-SWAP "HTTP/2 200 OK"
2026-03-16 15:42:17,528 | INFO | HTTP Request: GET https://www.okx.com/api/v5/market/candles?instId=BTC-USDT-SWAP&bar=5m&limit=64 "HTTP/2 200 OK"
2026-03-16 15:42:17,730 | INFO | HTTP Request: GET https://www.okx.com/api/v5/market/candles?instId=EOS-USDT-SWAP&bar=5m&limit=71 "HTTP/2 200 OK"
2026-03-16 15:42:17,971 | INFO | HTTP Request: GET https://www.okx.com/api/v5/market/ticker?instId=COMP-USDT-SWAP "HTTP/2 200 OK"
2026-03-16 15:42:18,154 | INFO | HTTP Request: GET https://www.okx.com/api/v5/market/candles?instId=ETC-USDT-SWAP&bar=5m&limit=71 "HTTP/2 200 OK"
2026-03-16 15:42:18,461 | INFO | HTTP Request: GET https://www.okx.com/api/v5/market/ticker?instId=CRO-USDT-SWAP "HTTP/2 200 OK"
2026-03-16 15:42:18,562 | INFO | HTTP Request: GET https://www.okx.com/api/v5/market/candles?instId=ETH-USDT-SWAP&bar=5m&limit=71 "HTTP/2 200 OK"
2026-03-16 15:42:18,980 | INFO | HTTP Request: GET https://www.okx.com/api/v5/market/candles?instId=ETHFI-USDT-SWAP&bar=5m&limit=71 "HTTP/2 200 OK"
2026-03-16 15:42:18,988 | INFO | HTTP Request: GET https://www.okx.com/api/v5/market/ticker?instId=CRV-USDT-SWAP "HTTP/2 200 OK"
2026-03-16 15:42:19,374 | INFO | HTTP Request: GET https://www.okx.com/api/v5/market/candles?instId=ETHW-USDT-SWAP&bar=5m&limit=71 "HTTP/2 200 OK"
2026-03-16 15:42:19,497 | INFO | HTTP Request: GET https://www.okx.com/api/v5/market/ticker?instId=DOGE-USDT-SWAP "HTTP/2 200 OK"
2026-03-16 15:42:19,654 | INFO | HTTP Request: GET https://www.okx.com/api/v5/account/balance "HTTP/2 200 OK"
2026-03-16 15:42:19,791 | INFO | HTTP Request: GET https://www.okx.com/api/v5/market/candles?instId=FIL-USDT-SWAP&bar=5m&limit=71 "HTTP/2 200 OK"
2026-03-16 15:42:20,011 | INFO | HTTP Request: GET https://www.okx.com/api/v5/market/ticker?instId=DOT-USDT-SWAP "HTTP/2 200 OK"
2026-03-16 15:42:20,166 | INFO | HTTP Request: GET https://www.okx.com/api/v5/market/candles?instId=FLOKI-USDT-SWAP&bar=5m&limit=71 "HTTP/2 200 OK"
2026-03-16 15:42:20,496 | INFO | HTTP Request: GET https://www.okx.com/api/v5/market/ticker?instId=ENA-USDT-SWAP "HTTP/2 200 OK"
2026-03-16 15:42:20,592 | INFO | HTTP Request: GET https://www.okx.com/api/v5/market/candles?instId=GMT-USDT-SWAP&bar=5m&limit=71 "HTTP/2 200 OK"
2026-03-16 15:42:21,024 | INFO | HTTP Request: GET https://www.okx.com/api/v5/market/ticker?instId=EOS-USDT-SWAP "HTTP/2 200 OK"
2026-03-16 15:42:21,033 | INFO | HTTP Request: GET https://www.okx.com/api/v5/market/candles?instId=HBAR-USDT-SWAP&bar=5m&limit=71 "HTTP/2 200 OK"
2026-03-16 15:42:21,416 | INFO | HTTP Request: GET https://www.okx.com/api/v5/market/candles?instId=HMSTR-USDT-SWAP&bar=5m&limit=71 "HTTP/2 200 OK"
2026-03-16 15:42:21,553 | INFO | HTTP Request: GET https://www.okx.com/api/v5/market/ticker?instId=ETC-USDT-SWAP "HTTP/2 200 OK"
2026-03-16 15:42:21,838 | INFO | HTTP Request: GET https://www.okx.com/api/v5/market/candles?instId=HOME-USDT-SWAP&bar=5m&limit=71 "HTTP/2 200 OK"
2026-03-16 15:42:22,048 | INFO | HTTP Request: GET https://www.okx.com/api/v5/market/ticker?instId=ETH-USDT-SWAP "HTTP/2 200 OK"
2026-03-16 15:42:22,244 | INFO | HTTP Request: GET https://www.okx.com/api/v5/market/candles?instId=IMX-USDT-SWAP&bar=5m&limit=71 "HTTP/2 200 OK"
2026-03-16 15:42:22,556 | INFO | HTTP Request: GET https://www.okx.com/api/v5/market/ticker?instId=ETHFI-USDT-SWAP "HTTP/2 200 OK"
2026-03-16 15:42:22,635 | INFO | HTTP Request: GET https://www.okx.com/api/v5/market/candles?instId=INJ-USDT-SWAP&bar=5m&limit=71 "HTTP/2 200 OK"
2026-03-16 15:42:23,050 | INFO | HTTP Request: GET https://www.okx.com/api/v5/market/candles?instId=IOTA-USDT-SWAP&bar=5m&limit=71 "HTTP/2 200 OK"
2026-03-16 15:42:23,061 | INFO | HTTP Request: GET https://www.okx.com/api/v5/market/ticker?instId=ETHW-USDT-SWAP "HTTP/2 200 OK"
2026-03-16 15:42:23,470 | INFO | HTTP Request: GET https://www.okx.com/api/v5/market/candles?instId=JUP-USDT-SWAP&bar=5m&limit=71 "HTTP/2 200 OK"
2026-03-16 15:42:23,762 | INFO | HTTP Request: GET https://www.okx.com/api/v5/market/candles?instId=BTC-USDT-SWAP&bar=5m&limit=64 "HTTP/2 200 OK"
2026-03-16 15:42:23,861 | INFO | HTTP Request: GET https://www.okx.com/api/v5/market/candles?instId=KAITO-USDT-SWAP&bar=5m&limit=71 "HTTP/2 200 OK"
2026-03-16 15:42:23,949 | INFO | HTTP Request: GET https://www.okx.com/api/v5/market/ticker?instId=FIL-USDT-SWAP "HTTP/2 200 OK"
2026-03-16 15:42:24,274 | INFO | HTTP Request: GET https://www.okx.com/api/v5/market/candles?instId=KSM-USDT-SWAP&bar=5m&limit=71 "HTTP/2 200 OK"
2026-03-16 15:42:24,435 | INFO | HTTP Request: GET https://www.okx.com/api/v5/market/ticker?instId=FLOKI-USDT-SWAP "HTTP/2 200 OK"
2026-03-16 15:42:24,645 | INFO | HTTP Request: GET https://www.okx.com/api/v5/market/candles?instId=LDO-USDT-SWAP&bar=5m&limit=71 "HTTP/2 200 OK"
2026-03-16 15:42:24,962 | INFO | HTTP Request: GET https://www.okx.com/api/v5/market/ticker?instId=GMT-USDT-SWAP "HTTP/2 200 OK"
2026-03-16 15:42:24,970 | INFO | HTTP Request: GET https://www.okx.com/api/v5/account/balance "HTTP/2 200 OK"
2026-03-16 15:42:25,056 | INFO | HTTP Request: GET https://www.okx.com/api/v5/market/candles?instId=LINEA-USDT-SWAP&bar=5m&limit=71 "HTTP/2 200 OK"
2026-03-16 15:42:25,469 | INFO | HTTP Request: GET https://www.okx.com/api/v5/market/candles?instId=LINK-USDT-SWAP&bar=5m&limit=71 "HTTP/2 200 OK"
2026-03-16 15:42:25,472 | INFO | HTTP Request: GET https://www.okx.com/api/v5/market/ticker?instId=HBAR-USDT-SWAP "HTTP/2 200 OK"
2026-03-16 15:42:25,859 | INFO | HTTP Request: GET https://www.okx.com/api/v5/market/candles?instId=LIT-USDT-SWAP&bar=5m&limit=71 "HTTP/2 200 OK"
2026-03-16 15:42:25,984 | INFO | HTTP Request: GET https://www.okx.com/api/v5/market/ticker?instId=HMSTR-USDT-SWAP "HTTP/2 200 OK"
2026-03-16 15:42:26,284 | INFO | HTTP Request: GET https://www.okx.com/api/v5/market/candles?instId=LPT-USDT-SWAP&bar=5m&limit=71 "HTTP/2 200 OK"
2026-03-16 15:42:26,517 | INFO | HTTP Request: GET https://www.okx.com/api/v5/market/ticker?instId=HOME-USDT-SWAP "HTTP/2 200 OK"
2026-03-16 15:42:26,679 | INFO | HTTP Request: GET https://www.okx.com/api/v5/market/candles?instId=LQTY-USDT-SWAP&bar=5m&limit=71 "HTTP/2 200 OK"
2026-03-16 15:42:27,008 | INFO | HTTP Request: GET https://www.okx.com/api/v5/market/ticker?instId=IMX-USDT-SWAP "HTTP/2 200 OK"
2026-03-16 15:42:27,096 | INFO | HTTP Request: GET https://www.okx.com/api/v5/market/candles?instId=LRC-USDT-SWAP&bar=5m&limit=71 "HTTP/2 200 OK"
2026-03-16 15:42:27,500 | INFO | HTTP Request: GET https://www.okx.com/api/v5/market/candles?instId=LTC-USDT-SWAP&bar=5m&limit=71 "HTTP/2 200 OK"
2026-03-16 15:42:27,525 | INFO | HTTP Request: GET https://www.okx.com/api/v5/market/ticker?instId=INJ-USDT-SWAP "HTTP/2 200 OK"
2026-03-16 15:42:27,917 | INFO | HTTP Request: GET https://www.okx.com/api/v5/market/candles?instId=MAGIC-USDT-SWAP&bar=5m&limit=71 "HTTP/2 200 OK"
2026-03-16 15:42:28,036 | INFO | HTTP Request: GET https://www.okx.com/api/v5/market/ticker?instId=IOTA-USDT-SWAP "HTTP/2 200 OK"
2026-03-16 15:42:28,319 | INFO | HTTP Request: GET https://www.okx.com/api/v5/market/ticker?instId=MAGIC-USDT-SWAP "HTTP/2 200 OK"
2026-03-16 15:42:28,367 | INFO | MAGIC-USDT-SWAP: Turtle 55 short-сигнал отклонён (закрытие не удержалось ниже канала)
2026-03-16 15:42:28,373 | INFO | MAGIC-USDT-SWAP: Turtle 20 short-сигнал отклонён (закрытие не удержалось ниже канала)
2026-03-16 15:42:28,557 | INFO | HTTP Request: GET https://www.okx.com/api/v5/market/ticker?instId=JUP-USDT-SWAP "HTTP/2 200 OK"
2026-03-16 15:42:28,753 | INFO | HTTP Request: GET https://www.okx.com/api/v5/market/candles?instId=MAJOR-USDT-SWAP&bar=5m&limit=71 "HTTP/2 200 OK"
2026-03-16 15:42:29,066 | INFO | HTTP Request: GET https://www.okx.com/api/v5/market/ticker?instId=KAITO-USDT-SWAP "HTTP/2 200 OK"
2026-03-16 15:42:29,160 | INFO | HTTP Request: GET https://www.okx.com/api/v5/market/candles?instId=MASK-USDT-SWAP&bar=5m&limit=71 "HTTP/2 200 OK"
2026-03-16 15:42:29,560 | INFO | HTTP Request: GET https://www.okx.com/api/v5/market/candles?instId=MET-USDT-SWAP&bar=5m&limit=71 "HTTP/2 200 OK"
2026-03-16 15:42:29,574 | INFO | HTTP Request: GET https://www.okx.com/api/v5/market/ticker?instId=KSM-USDT-SWAP "HTTP/2 200 OK"
2026-03-16 15:42:29,979 | INFO | HTTP Request: GET https://www.okx.com/api/v5/market/candles?instId=MINA-USDT-SWAP&bar=5m&limit=71 "HTTP/2 200 OK"
2026-03-16 15:42:30,002 | INFO | HTTP Request: GET https://www.okx.com/api/v5/market/candles?instId=BTC-USDT-SWAP&bar=5m&limit=64 "HTTP/2 200 OK"
2026-03-16 15:42:30,090 | INFO | HTTP Request: GET https://www.okx.com/api/v5/market/ticker?instId=LDO-USDT-SWAP "HTTP/2 200 OK"
2026-03-16 15:42:30,351 | INFO | HTTP Request: GET https://www.okx.com/api/v5/account/balance "HTTP/2 200 OK"
2026-03-16 15:42:30,374 | INFO | HTTP Request: GET https://www.okx.com/api/v5/market/candles?instId=MKR-USDT-SWAP&bar=5m&limit=71 "HTTP/2 200 OK"
2026-03-16 15:42:30,611 | INFO | HTTP Request: GET https://www.okx.com/api/v5/market/ticker?instId=LINEA-USDT-SWAP "HTTP/2 200 OK"
2026-03-16 15:42:30,751 | INFO | HTTP Request: GET https://www.okx.com/api/v5/market/candles?instId=MUBARAK-USDT-SWAP&bar=5m&limit=71 "HTTP/2 200 OK"
2026-03-16 15:42:31,102 | INFO | HTTP Request: GET https://www.okx.com/api/v5/market/ticker?instId=LINK-USDT-SWAP "HTTP/2 200 OK"
2026-03-16 15:42:31,118 | INFO | HTTP Request: GET https://www.okx.com/api/v5/market/candles?instId=NEAR-USDT-SWAP&bar=5m&limit=71 "HTTP/2 200 OK"
2026-03-16 15:42:31,487 | INFO | HTTP Request: GET https://www.okx.com/api/v5/market/candles?instId=NEO-USDT-SWAP&bar=5m&limit=71 "HTTP/2 200 OK"
2026-03-16 15:42:31,588 | INFO | HTTP Request: GET https://www.okx.com/api/v5/market/ticker?instId=LIT-USDT-SWAP "HTTP/2 200 OK"
2026-03-16 15:42:31,903 | INFO | HTTP Request: GET https://www.okx.com/api/v5/market/candles?instId=NOT-USDT-SWAP&bar=5m&limit=71 "HTTP/2 200 OK"
2026-03-16 15:42:32,106 | INFO | HTTP Request: GET https://www.okx.com/api/v5/market/ticker?instId=LPT-USDT-SWAP "HTTP/2 200 OK"
2026-03-16 15:42:32,306 | INFO | HTTP Request: GET https://www.okx.com/api/v5/market/candles?instId=OP-USDT-SWAP&bar=5m&limit=71 "HTTP/2 200 OK"
2026-03-16 15:42:32,632 | INFO | HTTP Request: GET https://www.okx.com/api/v5/market/ticker?instId=LQTY-USDT-SWAP "HTTP/2 200 OK"
2026-03-16 15:42:32,740 | INFO | HTTP Request: GET https://www.okx.com/api/v5/market/candles?instId=PEPE-USDT-SWAP&bar=5m&limit=71 "HTTP/2 200 OK"
2026-03-16 15:42:33,133 | INFO | HTTP Request: GET https://www.okx.com/api/v5/market/ticker?instId=PEPE-USDT-SWAP "HTTP/2 200 OK"
2026-03-16 15:42:33,138 | INFO | HTTP Request: GET https://www.okx.com/api/v5/market/ticker?instId=LRC-USDT-SWAP "HTTP/2 200 OK"
2026-03-16 15:42:33,168 | INFO | PEPE-USDT-SWAP: Turtle 20 long-сигнал отклонён (закрытие не удержалось выше канала)
2026-03-16 15:42:33,528 | INFO | HTTP Request: GET https://www.okx.com/api/v5/market/candles?instId=PIGGY-USDT-SWAP&bar=5m&limit=71 "HTTP/2 200 OK"
2026-03-16 15:42:33,652 | INFO | HTTP Request: GET https://www.okx.com/api/v5/market/ticker?instId=LTC-USDT-SWAP "HTTP/2 200 OK"
2026-03-16 15:42:33,940 | INFO | HTTP Request: GET https://www.okx.com/api/v5/market/candles?instId=QTUM-USDT-SWAP&bar=5m&limit=71 "HTTP/2 200 OK"
2026-03-16 15:42:34,282 | INFO | HTTP Request: GET https://www.okx.com/api/v5/market/ticker?instId=MAJOR-USDT-SWAP "HTTP/2 200 OK"
2026-03-16 15:42:34,350 | INFO | HTTP Request: GET https://www.okx.com/api/v5/market/candles?instId=RAVE-USDT-SWAP&bar=5m&limit=71 "HTTP/2 200 OK"
2026-03-16 15:42:34,790 | INFO | HTTP Request: GET https://www.okx.com/api/v5/market/ticker?instId=MASK-USDT-SWAP "HTTP/2 200 OK"
2026-03-16 15:42:34,826 | INFO | HTTP Request: GET https://www.okx.com/api/v5/market/candles?instId=RESOLV-USDT-SWAP&bar=5m&limit=71 "HTTP/2 200 OK"
2026-03-16 15:42:35,188 | INFO | HTTP Request: GET https://www.okx.com/api/v5/market/candles?instId=ROBO-USDT-SWAP&bar=5m&limit=71 "HTTP/2 200 OK"
2026-03-16 15:42:35,278 | INFO | HTTP Request: GET https://www.okx.com/api/v5/market/ticker?instId=MET-USDT-SWAP "HTTP/2 200 OK"
2026-03-16 15:42:35,592 | INFO | HTTP Request: GET https://www.okx.com/api/v5/market/candles?instId=SAND-USDT-SWAP&bar=5m&limit=71 "HTTP/2 200 OK"
2026-03-16 15:42:35,775 | INFO | HTTP Request: GET https://www.okx.com/api/v5/market/ticker?instId=MINA-USDT-SWAP "HTTP/2 200 OK"
2026-03-16 15:42:35,956 | INFO | HTTP Request: GET https://www.okx.com/api/v5/account/balance "HTTP/2 200 OK"
2026-03-16 15:42:35,987 | INFO | HTTP Request: GET https://www.okx.com/api/v5/market/candles?instId=SCR-USDT-SWAP&bar=5m&limit=71 "HTTP/2 200 OK"
2026-03-16 15:42:36,270 | INFO | HTTP Request: GET https://www.okx.com/api/v5/market/candles?instId=BTC-USDT-SWAP&bar=5m&limit=64 "HTTP/2 200 OK"
2026-03-16 15:42:36,291 | INFO | HTTP Request: GET https://www.okx.com/api/v5/market/ticker?instId=MKR-USDT-SWAP "HTTP/2 200 OK"
2026-03-16 15:42:36,391 | INFO | HTTP Request: GET https://www.okx.com/api/v5/market/candles?instId=SHIB-USDT-SWAP&bar=5m&limit=71 "HTTP/2 200 OK"
2026-03-16 15:42:36,786 | INFO | HTTP Request: GET https://www.okx.com/api/v5/market/candles?instId=SKY-USDT-SWAP&bar=5m&limit=71 "HTTP/2 200 OK"
2026-03-16 15:42:36,793 | INFO | HTTP Request: GET https://www.okx.com/api/v5/market/ticker?instId=MUBARAK-USDT-SWAP "HTTP/2 200 OK"
2026-03-16 15:42:37,198 | INFO | HTTP Request: GET https://www.okx.com/api/v5/market/candles?instId=SOL-USDT-SWAP&bar=5m&limit=71 "HTTP/2 200 OK"
2026-03-16 15:42:37,322 | INFO | HTTP Request: GET https://www.okx.com/api/v5/market/ticker?instId=NEAR-USDT-SWAP "HTTP/2 200 OK"
2026-03-16 15:42:37,615 | INFO | HTTP Request: GET https://www.okx.com/api/v5/market/candles?instId=SOLV-USDT-SWAP&bar=5m&limit=71 "HTTP/2 200 OK"
2026-03-16 15:42:37,826 | INFO | HTTP Request: GET https://www.okx.com/api/v5/market/ticker?instId=NEO-USDT-SWAP "HTTP/2 200 OK"
2026-03-16 15:42:38,025 | INFO | HTTP Request: GET https://www.okx.com/api/v5/market/candles?instId=SPK-USDT-SWAP&bar=5m&limit=71 "HTTP/2 200 OK"
2026-03-16 15:42:38,355 | INFO | HTTP Request: GET https://www.okx.com/api/v5/market/ticker?instId=NOT-USDT-SWAP "HTTP/2 200 OK"
2026-03-16 15:42:38,421 | INFO | HTTP Request: GET https://www.okx.com/api/v5/market/candles?instId=STRK-USDT-SWAP&bar=5m&limit=71 "HTTP/2 200 OK"
2026-03-16 15:42:38,837 | INFO | HTTP Request: GET https://www.okx.com/api/v5/market/candles?instId=SUI-USDT-SWAP&bar=5m&limit=71 "HTTP/2 200 OK"
2026-03-16 15:42:38,852 | INFO | HTTP Request: GET https://www.okx.com/api/v5/market/ticker?instId=OP-USDT-SWAP "HTTP/2 200 OK"
2026-03-16 15:42:39,244 | INFO | HTTP Request: GET https://www.okx.com/api/v5/market/candles?instId=SUSHI-USDT-SWAP&bar=5m&limit=71 "HTTP/2 200 OK"
2026-03-16 15:42:39,481 | INFO | HTTP Request: GET https://www.okx.com/api/v5/market/ticker?instId=PIGGY-USDT-SWAP "HTTP/2 200 OK"
2026-03-16 15:42:39,654 | INFO | HTTP Request: GET https://www.okx.com/api/v5/market/candles?instId=SYRUP-USDT-SWAP&bar=5m&limit=71 "HTTP/2 200 OK"
2026-03-16 15:42:39,993 | INFO | HTTP Request: GET https://www.okx.com/api/v5/market/ticker?instId=QTUM-USDT-SWAP "HTTP/2 200 OK"
2026-03-16 15:42:40,066 | INFO | HTTP Request: GET https://www.okx.com/api/v5/market/candles?instId=TEST1234-USDT-SWAP&bar=5m&limit=71 "HTTP/2 200 OK"
2026-03-16 15:42:40,470 | INFO | HTTP Request: GET https://www.okx.com/api/v5/market/candles?instId=TEST3103-USDT-SWAP&bar=5m&limit=71 "HTTP/2 200 OK"
2026-03-16 15:42:40,483 | INFO | HTTP Request: GET https://www.okx.com/api/v5/market/ticker?instId=RAVE-USDT-SWAP "HTTP/2 200 OK"
2026-03-16 15:42:40,880 | INFO | HTTP Request: GET https://www.okx.com/api/v5/market/candles?instId=TEST3110-USDT-SWAP&bar=5m&limit=71 "HTTP/2 200 OK"
2026-03-16 15:42:41,006 | INFO | HTTP Request: GET https://www.okx.com/api/v5/market/ticker?instId=RESOLV-USDT-SWAP "HTTP/2 200 OK"
2026-03-16 15:42:41,296 | INFO | HTTP Request: GET https://www.okx.com/api/v5/market/candles?instId=THETA-USDT-SWAP&bar=5m&limit=71 "HTTP/2 200 OK"
2026-03-16 15:42:41,334 | INFO | HTTP Request: GET https://www.okx.com/api/v5/account/balance "HTTP/2 200 OK"
2026-03-16 15:42:41,520 | INFO | HTTP Request: GET https://www.okx.com/api/v5/market/ticker?instId=ROBO-USDT-SWAP "HTTP/2 200 OK"
2026-03-16 15:42:41,700 | INFO | HTTP Request: GET https://www.okx.com/api/v5/market/candles?instId=TON-USDT-SWAP&bar=5m&limit=71 "HTTP/2 200 OK"
2026-03-16 15:42:42,035 | INFO | HTTP Request: GET https://www.okx.com/api/v5/market/ticker?instId=SAND-USDT-SWAP "HTTP/2 200 OK"
2026-03-16 15:42:42,070 | INFO | HTTP Request: GET https://www.okx.com/api/v5/market/candles?instId=TRIA-USDT-SWAP&bar=5m&limit=71 "HTTP/2 200 OK"
2026-03-16 15:42:42,435 | INFO | HTTP Request: GET https://www.okx.com/api/v5/market/candles?instId=TRX-USDT-SWAP&bar=5m&limit=71 "HTTP/2 200 OK"
2026-03-16 15:42:42,507 | INFO | HTTP Request: GET https://www.okx.com/api/v5/market/candles?instId=BTC-USDT-SWAP&bar=5m&limit=64 "HTTP/2 200 OK"
2026-03-16 15:42:42,517 | INFO | HTTP Request: GET https://www.okx.com/api/v5/market/ticker?instId=SCR-USDT-SWAP "HTTP/2 200 OK"
2026-03-16 15:42:42,845 | INFO | HTTP Request: GET https://www.okx.com/api/v5/market/candles?instId=TSLA-USDT-SWAP&bar=5m&limit=71 "HTTP/2 200 OK"
2026-03-16 15:42:43,010 | INFO | HTTP Request: GET https://www.okx.com/api/v5/market/ticker?instId=SHIB-USDT-SWAP "HTTP/2 200 OK"
2026-03-16 15:42:43,234 | INFO | HTTP Request: GET https://www.okx.com/api/v5/market/candles?instId=XAU-USDT-SWAP&bar=5m&limit=71 "HTTP/2 200 OK"
2026-03-16 15:42:43,554 | INFO | HTTP Request: GET https://www.okx.com/api/v5/market/ticker?instId=SKY-USDT-SWAP "HTTP/2 200 OK"
2026-03-16 15:42:43,650 | INFO | HTTP Request: GET https://www.okx.com/api/v5/market/candles?instId=XLM-USDT-SWAP&bar=5m&limit=71 "HTTP/2 200 OK"
2026-03-16 15:42:44,045 | INFO | HTTP Request: GET https://www.okx.com/api/v5/market/ticker?instId=SOL-USDT-SWAP "HTTP/2 200 OK"
2026-03-16 15:42:44,049 | INFO | HTTP Request: GET https://www.okx.com/api/v5/market/candles?instId=XPL-USDT-SWAP&bar=5m&limit=71 "HTTP/2 200 OK"
2026-03-16 15:42:44,448 | INFO | HTTP Request: GET https://www.okx.com/api/v5/market/candles?instId=XRP-USDT-SWAP&bar=5m&limit=71 "HTTP/2 200 OK"
2026-03-16 15:42:44,568 | INFO | HTTP Request: GET https://www.okx.com/api/v5/market/ticker?instId=SOLV-USDT-SWAP "HTTP/2 200 OK"
2026-03-16 15:42:44,862 | INFO | HTTP Request: GET https://www.okx.com/api/v5/market/candles?instId=XSR-USDT-SWAP&bar=5m&limit=71 "HTTP/2 200 OK"
2026-03-16 15:42:45,087 | INFO | HTTP Request: GET https://www.okx.com/api/v5/market/ticker?instId=SPK-USDT-SWAP "HTTP/2 200 OK"
2026-03-16 15:42:45,275 | INFO | HTTP Request: GET https://www.okx.com/api/v5/market/candles?instId=XTZ-USDT-SWAP&bar=5m&limit=71 "HTTP/2 200 OK"
2026-03-16 15:42:45,582 | INFO | HTTP Request: GET https://www.okx.com/api/v5/market/ticker?instId=STRK-USDT-SWAP "HTTP/2 200 OK"
2026-03-16 15:42:45,676 | INFO | HTTP Request: GET https://www.okx.com/api/v5/market/candles?instId=YB-USDT-SWAP&bar=5m&limit=71 "HTTP/2 200 OK"
2026-03-16 15:42:46,081 | INFO | HTTP Request: GET https://www.okx.com/api/v5/market/candles?instId=YFI-USDT-SWAP&bar=5m&limit=71 "HTTP/2 200 OK"
2026-03-16 15:42:46,107 | INFO | HTTP Request: GET https://www.okx.com/api/v5/market/ticker?instId=SUI-USDT-SWAP "HTTP/2 200 OK"
2026-03-16 15:42:46,495 | INFO | HTTP Request: GET https://www.okx.com/api/v5/market/candles?instId=YGG-USDT-SWAP&bar=5m&limit=71 "HTTP/2 200 OK"
2026-03-16 15:42:46,613 | INFO | HTTP Request: GET https://www.okx.com/api/v5/market/ticker?instId=SUSHI-USDT-SWAP "HTTP/2 200 OK"
2026-03-16 15:42:46,873 | INFO | HTTP Request: GET https://www.okx.com/api/v5/account/balance "HTTP/2 200 OK"
2026-03-16 15:42:46,903 | INFO | HTTP Request: GET https://www.okx.com/api/v5/market/candles?instId=ZAMA-USDT-SWAP&bar=5m&limit=71 "HTTP/2 200 OK"
2026-03-16 15:42:47,126 | INFO | HTTP Request: GET https://www.okx.com/api/v5/market/ticker?instId=SYRUP-USDT-SWAP "HTTP/2 200 OK"
2026-03-16 15:42:47,299 | INFO | HTTP Request: GET https://www.okx.com/api/v5/market/candles?instId=ZBCN-USDT-SWAP&bar=5m&limit=71 "HTTP/2 200 OK"
2026-03-16 15:42:47,618 | INFO | HTTP Request: GET https://www.okx.com/api/v5/market/ticker?instId=TEST1234-USDT-SWAP "HTTP/2 200 OK"
2026-03-16 15:42:47,711 | INFO | HTTP Request: GET https://www.okx.com/api/v5/market/candles?instId=ZETA-USDT-SWAP&bar=5m&limit=71 "HTTP/2 200 OK"
2026-03-16 15:42:48,106 | INFO | HTTP Request: GET https://www.okx.com/api/v5/market/candles?instId=ZIL-USDT-SWAP&bar=5m&limit=71 "HTTP/2 200 OK"
2026-03-16 15:42:48,123 | INFO | HTTP Request: GET https://www.okx.com/api/v5/market/ticker?instId=TEST3103-USDT-SWAP "HTTP/2 200 OK"
2026-03-16 15:42:48,511 | INFO | HTTP Request: GET https://www.okx.com/api/v5/market/ticker?instId=ZIL-USDT-SWAP "HTTP/2 200 OK"
2026-03-16 15:42:48,560 | INFO | ZIL-USDT-SWAP: Turtle 55 short-сигнал отклонён (закрытие не удержалось ниже канала)
2026-03-16 15:42:48,566 | INFO | ZIL-USDT-SWAP: Turtle 20 short-сигнал отклонён (закрытие не удержалось ниже канала)
2026-03-16 15:42:48,638 | INFO | HTTP Request: GET https://www.okx.com/api/v5/market/ticker?instId=TEST3110-USDT-SWAP "HTTP/2 200 OK"
2026-03-16 15:42:48,761 | INFO | HTTP Request: GET https://www.okx.com/api/v5/market/candles?instId=BTC-USDT-SWAP&bar=5m&limit=64 "HTTP/2 200 OK"
2026-03-16 15:42:48,942 | INFO | HTTP Request: GET https://www.okx.com/api/v5/market/candles?instId=XAG-USDT-SWAP&bar=5m&limit=26 "HTTP/2 200 OK"
2026-03-16 15:42:49,178 | INFO | HTTP Request: GET https://www.okx.com/api/v5/market/ticker?instId=THETA-USDT-SWAP "HTTP/2 200 OK"
2026-03-16 15:42:49,346 | INFO | HTTP Request: GET https://www.okx.com/api/v5/market/ticker?instId=XAG-USDT-SWAP "HTTP/2 200 OK"
2026-03-16 15:42:49,682 | INFO | HTTP Request: GET https://www.okx.com/api/v5/market/ticker?instId=TON-USDT-SWAP "HTTP/2 200 OK"
2026-03-16 15:42:49,699 | INFO | HTTP Request: GET https://www.okx.com/api/v5/trade/orders-algo-pending?ordType=conditional&instType=SWAP&instId=XAG-USDT-SWAP "HTTP/2 200 OK"
2026-03-16 15:42:50,012 | INFO | HTTP Request: GET https://www.okx.com/api/v5/trade/orders-algo-pending?ordType=oco&instType=SWAP&instId=XAG-USDT-SWAP "HTTP/2 200 OK"
2026-03-16 15:42:50,183 | INFO | HTTP Request: GET https://www.okx.com/api/v5/market/ticker?instId=TRIA-USDT-SWAP "HTTP/2 200 OK"
2026-03-16 15:42:50,323 | INFO | HTTP Request: GET https://www.okx.com/api/v5/trade/orders-algo-pending?ordType=trigger&instType=SWAP&instId=XAG-USDT-SWAP "HTTP/2 200 OK"
2026-03-16 15:42:50,575 | INFO | HTTP Request: GET https://www.okx.com/api/v5/trade/orders-algo-pending?ordType=move_order_stop&instType=SWAP&instId=XAG-USDT-SWAP "HTTP/2 200 OK"
2026-03-16 15:42:50,705 | INFO | HTTP Request: GET https://www.okx.com/api/v5/market/ticker?instId=TRX-USDT-SWAP "HTTP/2 200 OK"
2026-03-16 15:42:50,896 | INFO | HTTP Request: GET https://www.okx.com/api/v5/trade/orders-algo-pending?ordType=iceberg&instType=SWAP&instId=XAG-USDT-SWAP "HTTP/2 200 OK"
2026-03-16 15:42:51,151 | INFO | HTTP Request: GET https://www.okx.com/api/v5/trade/orders-algo-pending?ordType=twap&instType=SWAP&instId=XAG-USDT-SWAP "HTTP/2 200 OK"
2026-03-16 15:42:51,414 | INFO | HTTP Request: GET https://www.okx.com/api/v5/trade/orders-algo-pending?ordType=chase&instType=SWAP&instId=XAG-USDT-SWAP "HTTP/2 200 OK"
2026-03-16 15:42:51,835 | INFO | HTTP Request: GET https://www.okx.com/api/v5/market/candles?instId=ICP-USDT-SWAP&bar=5m&limit=26 "HTTP/2 200 OK"
2026-03-16 15:42:51,928 | INFO | HTTP Request: GET https://www.okx.com/api/v5/market/ticker?instId=XTZ-USDT-SWAP "HTTP/2 200 OK"
2026-03-16 15:42:52,173 | INFO | HTTP Request: GET https://www.okx.com/api/v5/account/balance "HTTP/2 200 OK"
2026-03-16 15:42:52,233 | INFO | HTTP Request: GET https://www.okx.com/api/v5/market/ticker?instId=ICP-USDT-SWAP "HTTP/2 200 OK"
2026-03-16 15:42:52,461 | INFO | HTTP Request: GET https://www.okx.com/api/v5/market/ticker?instId=YB-USDT-SWAP "HTTP/2 200 OK"
2026-03-16 15:42:52,530 | INFO | HTTP Request: GET https://www.okx.com/api/v5/trade/orders-algo-pending?ordType=conditional&instType=SWAP&instId=ICP-USDT-SWAP "HTTP/2 200 OK"
2026-03-16 15:42:52,827 | INFO | HTTP Request: GET https://www.okx.com/api/v5/trade/orders-algo-pending?ordType=oco&instType=SWAP&instId=ICP-USDT-SWAP "HTTP/2 200 OK"
2026-03-16 15:42:52,976 | INFO | HTTP Request: GET https://www.okx.com/api/v5/market/ticker?instId=YFI-USDT-SWAP "HTTP/2 200 OK"
2026-03-16 15:42:53,149 | INFO | HTTP Request: GET https://www.okx.com/api/v5/trade/orders-algo-pending?ordType=trigger&instType=SWAP&instId=ICP-USDT-SWAP "HTTP/2 200 OK"
2026-03-16 15:42:53,467 | INFO | HTTP Request: GET https://www.okx.com/api/v5/market/ticker?instId=YGG-USDT-SWAP "HTTP/2 200 OK"
2026-03-16 15:42:53,490 | INFO | HTTP Request: GET https://www.okx.com/api/v5/trade/orders-algo-pending?ordType=move_order_stop&instType=SWAP&instId=ICP-USDT-SWAP "HTTP/2 200 OK"
2026-03-16 15:42:53,788 | INFO | HTTP Request: GET https://www.okx.com/api/v5/trade/orders-algo-pending?ordType=iceberg&instType=SWAP&instId=ICP-USDT-SWAP "HTTP/2 200 OK"
2026-03-16 15:42:53,968 | INFO | HTTP Request: GET https://www.okx.com/api/v5/market/ticker?instId=ZAMA-USDT-SWAP "HTTP/2 200 OK"
2026-03-16 15:42:54,035 | INFO | HTTP Request: GET https://www.okx.com/api/v5/trade/orders-algo-pending?ordType=twap&instType=SWAP&instId=ICP-USDT-SWAP "HTTP/2 200 OK"
2026-03-16 15:42:54,333 | INFO | HTTP Request: GET https://www.okx.com/api/v5/trade/orders-algo-pending?ordType=chase&instType=SWAP&instId=ICP-USDT-SWAP "HTTP/2 200 OK"
2026-03-16 15:42:54,495 | INFO | HTTP Request: GET https://www.okx.com/api/v5/market/ticker?instId=ZBCN-USDT-SWAP "HTTP/2 200 OK"
2026-03-16 15:42:54,704 | INFO | HTTP Request: GET https://www.okx.com/api/v5/market/candles?instId=BREV-USDT-SWAP&bar=5m&limit=26 "HTTP/2 200 OK"
2026-03-16 15:42:55,021 | INFO | HTTP Request: GET https://www.okx.com/api/v5/market/candles?instId=BTC-USDT-SWAP&bar=5m&limit=64 "HTTP/2 200 OK"
2026-03-16 15:42:55,039 | INFO | HTTP Request: GET https://www.okx.com/api/v5/market/ticker?instId=ZETA-USDT-SWAP "HTTP/2 200 OK"
2026-03-16 15:42:55,115 | INFO | HTTP Request: GET https://www.okx.com/api/v5/market/ticker?instId=BREV-USDT-SWAP "HTTP/2 200 OK"
2026-03-16 15:42:55,166 | INFO | Placing exchange stop BREV-USDT-SWAP long payload={'instId': 'BREV-USDT-SWAP', 'tdMode': 'isolated', 'side': 'sell', 'posSide': 'net', 'ordType': 'conditional', 'sz': '120000', 'slTriggerPx': '1.008904996667', 'slOrdPx': '-1'}
2026-03-16 15:42:55,412 | INFO | HTTP Request: POST https://www.okx.com/api/v5/trade/order-algo "HTTP/2 200 OK"
2026-03-16 15:42:55,671 | INFO | HTTP Request: GET https://www.okx.com/api/v5/market/ticker?instId=XAG-USDT-SWAP "HTTP/2 200 OK"
2026-03-16 15:42:55,726 | INFO | HTTP Request: POST https://www.okx.com/api/v5/trade/cancel-algos "HTTP/2 200 OK"
2026-03-16 15:42:55,731 | INFO | Closing position BREV-USDT-SWAP. Защита тренда: откат от пика 23295003333.33R → 3695003333.33R
2026-03-16 15:42:56,041 | INFO | HTTP Request: POST https://www.okx.com/api/v5/trade/close-position "HTTP/2 200 OK"
2026-03-16 15:42:56,046 | WARNING | Failed to load json context : [Errno 13] Permission denied: '.'
2026-03-16 15:42:56,088 | INFO | HTTP Request: GET https://www.okx.com/api/v5/market/candles?instId=XAG-USDT-SWAP&bar=5m&limit=89 "HTTP/2 200 OK"
2026-03-16 15:42:56,418 | INFO | HTTP Request: GET https://www.okx.com/api/v5/market/candles?instId=BREV-USDT-SWAP&bar=5m&limit=97 "HTTP/2 200 OK"
2026-03-16 15:42:56,816 | INFO | HTTP Request: GET https://www.okx.com/api/v5/market/ticker?instId=1INCH-USDT-SWAP "HTTP/2 200 OK"
2026-03-16 15:42:57,190 | INFO | HTTP Request: GET https://www.okx.com/api/v5/market/candles?instId=1INCH-USDT-SWAP&bar=5m&limit=89 "HTTP/2 200 OK"
2026-03-16 15:42:57,551 | INFO | HTTP Request: GET https://www.okx.com/api/v5/account/balance "HTTP/2 200 OK"
2026-03-16 15:42:57,710 | INFO | HTTP Request: GET https://www.okx.com/api/v5/market/ticker?instId=2Z-USDT-SWAP "HTTP/2 200 OK"
2026-03-16 15:42:58,142 | INFO | HTTP Request: GET https://www.okx.com/api/v5/market/candles?instId=2Z-USDT-SWAP&bar=5m&limit=89 "HTTP/2 200 OK"
2026-03-16 15:42:58,649 | INFO | HTTP Request: GET https://www.okx.com/api/v5/market/ticker?instId=A-USDT-SWAP "HTTP/2 200 OK"
2026-03-16 15:42:59,035 | INFO | HTTP Request: GET https://www.okx.com/api/v5/market/candles?instId=A-USDT-SWAP&bar=5m&limit=89 "HTTP/2 200 OK"
2026-03-16 15:42:59,567 | INFO | HTTP Request: GET https://www.okx.com/api/v5/market/ticker?instId=AAVE-USDT-SWAP "HTTP/2 200 OK"
2026-03-16 15:42:59,950 | INFO | HTTP Request: GET https://www.okx.com/api/v5/market/candles?instId=AAVE-USDT-SWAP&bar=5m&limit=89 "HTTP/2 200 OK"
2026-03-16 15:43:00,461 | INFO | HTTP Request: GET https://www.okx.com/api/v5/market/ticker?instId=ACT-USDT-SWAP "HTTP/2 200 OK"
2026-03-16 15:43:00,854 | INFO | HTTP Request: GET https://www.okx.com/api/v5/market/candles?instId=ACT-USDT-SWAP&bar=5m&limit=89 "HTTP/2 200 OK"
2026-03-16 15:43:01,271 | INFO | HTTP Request: GET https://www.okx.com/api/v5/market/candles?instId=BTC-USDT-SWAP&bar=5m&limit=64 "HTTP/2 200 OK"
2026-03-16 15:43:01,395 | INFO | HTTP Request: GET https://www.okx.com/api/v5/market/ticker?instId=ADA-USDT-SWAP "HTTP/2 200 OK"
2026-03-16 15:43:01,747 | INFO | HTTP Request: GET https://www.okx.com/api/v5/account/positions?instType=SWAP "HTTP/2 200 OK"
2026-03-16 15:43:01,811 | INFO | HTTP Request: GET https://www.okx.com/api/v5/market/candles?instId=ADA-USDT-SWAP&bar=5m&limit=89 "HTTP/2 200 OK"
2026-03-16 15:43:02,116 | INFO | HTTP Request: GET https://www.okx.com/api/v5/market/candles?instId=BREV-USDT-SWAP&bar=5m&limit=26 "HTTP/2 200 OK"
2026-03-16 15:43:02,346 | INFO | HTTP Request: GET https://www.okx.com/api/v5/market/ticker?instId=AI16Z-USDT-SWAP "HTTP/2 200 OK"
2026-03-16 15:43:02,535 | INFO | HTTP Request: GET https://www.okx.com/api/v5/market/candles?instId=1INCH-USDT-SWAP&bar=5m&limit=71 "HTTP/2 200 OK"
2026-03-16 15:43:02,747 | INFO | HTTP Request: GET https://www.okx.com/api/v5/market/candles?instId=AI16Z-USDT-SWAP&bar=5m&limit=89 "HTTP/2 200 OK"
2026-03-16 15:43:02,869 | INFO | HTTP Request: GET https://www.okx.com/api/v5/account/balance "HTTP/2 200 OK"
2026-03-16 15:43:02,937 | INFO | HTTP Request: GET https://www.okx.com/api/v5/market/candles?instId=2Z-USDT-SWAP&bar=5m&limit=71 "HTTP/2 200 OK"
2026-03-16 15:43:03,292 | INFO | HTTP Request: GET https://www.okx.com/api/v5/market/ticker?instId=AKITA-USDT-SWAP "HTTP/2 200 OK"
2026-03-16 15:43:03,388 | INFO | HTTP Request: GET https://www.okx.com/api/v5/market/candles?instId=AKITA-USDT-SWAP&bar=5m&limit=71 "HTTP/2 200 OK"
2026-03-16 15:43:03,686 | INFO | HTTP Request: GET https://www.okx.com/api/v5/market/candles?instId=AKITA-USDT-SWAP&bar=5m&limit=89 "HTTP/2 200 OK"
2026-03-16 15:43:03,768 | INFO | HTTP Request: GET https://www.okx.com/api/v5/market/candles?instId=ALGO-USDT-SWAP&bar=5m&limit=71 "HTTP/2 200 OK"
2026-03-16 15:43:04,186 | INFO | HTTP Request: GET https://www.okx.com/api/v5/market/ticker?instId=ALGO-USDT-SWAP "HTTP/2 200 OK"
2026-03-16 15:43:04,188 | INFO | HTTP Request: GET https://www.okx.com/api/v5/market/candles?instId=ARB-USDT-SWAP&bar=5m&limit=71 "HTTP/2 200 OK"
2026-03-16 15:43:04,579 | INFO | HTTP Request: GET https://www.okx.com/api/v5/market/candles?instId=ASP-USDT-SWAP&bar=5m&limit=71 "HTTP/2 200 OK"
2026-03-16 15:43:04,701 | INFO | HTTP Request: GET https://www.okx.com/api/v5/market/ticker?instId=ARB-USDT-SWAP "HTTP/2 200 OK"
2026-03-16 15:43:04,993 | INFO | HTTP Request: GET https://www.okx.com/api/v5/market/candles?instId=ASTER-USDT-SWAP&bar=5m&limit=71 "HTTP/2 200 OK"
2026-03-16 15:43:05,213 | INFO | HTTP Request: GET https://www.okx.com/api/v5/market/ticker?instId=ASP-USDT-SWAP "HTTP/2 200 OK"
2026-03-16 15:43:05,398 | INFO | HTTP Request: GET https://www.okx.com/api/v5/market/candles?instId=ATOM-USDT-SWAP&bar=5m&limit=71 "HTTP/2 200 OK"
2026-03-16 15:43:05,721 | INFO | HTTP Request: GET https://www.okx.com/api/v5/market/ticker?instId=ASTER-USDT-SWAP "HTTP/2 200 OK"
2026-03-16 15:43:05,810 | INFO | HTTP Request: GET https://www.okx.com/api/v5/market/candles?instId=AUCTION-USDT-SWAP&bar=5m&limit=71 "HTTP/2 200 OK"
2026-03-16 15:43:06,229 | INFO | HTTP Request: GET https://www.okx.com/api/v5/market/candles?instId=AVAX-USDT-SWAP&bar=5m&limit=71 "HTTP/2 200 OK"
2026-03-16 15:43:06,233 | INFO | HTTP Request: GET https://www.okx.com/api/v5/market/ticker?instId=ATOM-USDT-SWAP "HTTP/2 200 OK"
2026-03-16 15:43:06,634 | INFO | HTTP Request: GET https://www.okx.com/api/v5/market/candles?instId=AXS-USDT-SWAP&bar=5m&limit=71 "HTTP/2 200 OK"
2026-03-16 15:43:06,745 | INFO | HTTP Request: GET https://www.okx.com/api/v5/market/ticker?instId=AUCTION-USDT-SWAP "HTTP/2 200 OK"
2026-03-16 15:43:07,028 | INFO | HTTP Request: GET https://www.okx.com/api/v5/market/candles?instId=BAND-USDT-SWAP&bar=5m&limit=71 "HTTP/2 200 OK"
2026-03-16 15:43:07,266 | INFO | HTTP Request: GET https://www.okx.com/api/v5/market/ticker?instId=AVAX-USDT-SWAP "HTTP/2 200 OK"
2026-03-16 15:43:07,450 | INFO | HTTP Request: GET https://www.okx.com/api/v5/market/candles?instId=BCH-USDT-SWAP&bar=5m&limit=71 "HTTP/2 200 OK"
2026-03-16 15:43:07,523 | INFO | HTTP Request: GET https://www.okx.com/api/v5/market/candles?instId=BTC-USDT-SWAP&bar=5m&limit=64 "HTTP/2 200 OK"
2026-03-16 15:43:07,768 | INFO | HTTP Request: GET https://www.okx.com/api/v5/market/ticker?instId=AXS-USDT-SWAP "HTTP/2 200 OK"
2026-03-16 15:43:07,852 | INFO | HTTP Request: GET https://www.okx.com/api/v5/market/candles?instId=BIO-USDT-SWAP&bar=5m&limit=71 "HTTP/2 200 OK"
2026-03-16 15:43:08,244 | INFO | HTTP Request: GET https://www.okx.com/api/v5/market/candles?instId=BLUAI-USDT-SWAP&bar=5m&limit=71 "HTTP/2 200 OK"
2026-03-16 15:43:08,245 | INFO | HTTP Request: GET https://www.okx.com/api/v5/market/ticker?instId=BAND-USDT-SWAP "HTTP/2 200 OK"
2026-03-16 15:43:08,254 | INFO | HTTP Request: GET https://www.okx.com/api/v5/account/balance "HTTP/2 200 OK"
2026-03-16 15:43:08,664 | INFO | HTTP Request: GET https://www.okx.com/api/v5/market/candles?instId=BNB-USDT-SWAP&bar=5m&limit=71 "HTTP/2 200 OK"
2026-03-16 15:43:08,776 | INFO | HTTP Request: GET https://www.okx.com/api/v5/market/ticker?instId=BCH-USDT-SWAP "HTTP/2 200 OK"
2026-03-16 15:43:09,057 | INFO | HTTP Request: GET https://www.okx.com/api/v5/market/candles?instId=BOME-USDT-SWAP&bar=5m&limit=71 "HTTP/2 200 OK"
2026-03-16 15:43:09,284 | INFO | HTTP Request: GET https://www.okx.com/api/v5/market/ticker?instId=BIO-USDT-SWAP "HTTP/2 200 OK"
2026-03-16 15:43:09,479 | INFO | HTTP Request: GET https://www.okx.com/api/v5/market/candles?instId=BRETT-USDT-SWAP&bar=5m&limit=71 "HTTP/2 200 OK"
2026-03-16 15:43:09,805 | INFO | HTTP Request: GET https://www.okx.com/api/v5/market/ticker?instId=BLUAI-USDT-SWAP "HTTP/2 200 OK"
2026-03-16 15:43:09,883 | INFO | HTTP Request: GET https://www.okx.com/api/v5/market/candles?instId=BTC-USDT-SWAP&bar=5m&limit=71 "HTTP/2 200 OK"
2026-03-16 15:43:10,280 | INFO | HTTP Request: GET https://www.okx.com/api/v5/market/candles?instId=CAT-USDT-SWAP&bar=5m&limit=71 "HTTP/2 200 OK"
2026-03-16 15:43:10,368 | INFO | HTTP Request: GET https://www.okx.com/api/v5/market/ticker?instId=BNB-USDT-SWAP "HTTP/2 200 OK"
2026-03-16 15:43:10,706 | INFO | HTTP Request: GET https://www.okx.com/api/v5/market/candles?instId=CATI-USDT-SWAP&bar=5m&limit=71 "HTTP/2 200 OK"
2026-03-16 15:43:10,858 | INFO | HTTP Request: GET https://www.okx.com/api/v5/market/ticker?instId=BOME-USDT-SWAP "HTTP/2 200 OK"
2026-03-16 15:43:11,073 | INFO | HTTP Request: GET https://www.okx.com/api/v5/market/candles?instId=CELO-USDT-SWAP&bar=5m&limit=71 "HTTP/2 200 OK"
2026-03-16 15:43:11,352 | INFO | HTTP Request: GET https://www.okx.com/api/v5/market/ticker?instId=BRETT-USDT-SWAP "HTTP/2 200 OK"
2026-03-16 15:43:11,453 | INFO | HTTP Request: GET https://www.okx.com/api/v5/market/candles?instId=CFX-USDT-SWAP&bar=5m&limit=71 "HTTP/2 200 OK"
2026-03-16 15:43:11,856 | INFO | HTTP Request: GET https://www.okx.com/api/v5/market/candles?instId=CHZ-USDT-SWAP&bar=5m&limit=71 "HTTP/2 200 OK"
2026-03-16 15:43:11,860 | INFO | HTTP Request: GET https://www.okx.com/api/v5/market/ticker?instId=BTC-USDT-SWAP "HTTP/2 200 OK"
2026-03-16 15:43:12,258 | INFO | HTTP Request: GET https://www.okx.com/api/v5/market/candles?instId=COAI-USDT-SWAP&bar=5m&limit=71 "HTTP/2 200 OK"
2026-03-16 15:43:12,374 | INFO | HTTP Request: GET https://www.okx.com/api/v5/market/ticker?instId=CAT-USDT-SWAP "HTTP/2 200 OK"
2026-03-16 15:43:12,656 | INFO | HTTP Request: GET https://www.okx.com/api/v5/market/candles?instId=COMP-USDT-SWAP&bar=5m&limit=71 "HTTP/2 200 OK"
2026-03-16 15:43:12,895 | INFO | HTTP Request: GET https://www.okx.com/api/v5/market/ticker?instId=CATI-USDT-SWAP "HTTP/2 200 OK"
2026-03-16 15:43:13,035 | INFO | HTTP Request: GET https://www.okx.com/api/v5/market/candles?instId=CRO-USDT-SWAP&bar=5m&limit=71 "HTTP/2 200 OK"
2026-03-16 15:43:13,387 | INFO | HTTP Request: GET https://www.okx.com/api/v5/market/ticker?instId=CELO-USDT-SWAP "HTTP/2 200 OK"
2026-03-16 15:43:13,418 | INFO | HTTP Request: GET https://www.okx.com/api/v5/market/candles?instId=CRV-USDT-SWAP&bar=5m&limit=71 "HTTP/2 200 OK"
2026-03-16 15:43:13,705 | INFO | HTTP Request: GET https://www.okx.com/api/v5/account/balance "HTTP/2 200 OK"
2026-03-16 15:43:13,788 | INFO | HTTP Request: GET https://www.okx.com/api/v5/market/candles?instId=DOGE-USDT-SWAP&bar=5m&limit=71 "HTTP/2 200 OK"
2026-03-16 15:43:13,874 | INFO | HTTP Request: GET https://www.okx.com/api/v5/market/ticker?instId=CFX-USDT-SWAP "HTTP/2 200 OK"
2026-03-16 15:43:14,195 | INFO | HTTP Request: GET https://www.okx.com/api/v5/market/candles?instId=DOT-USDT-SWAP&bar=5m&limit=71 "HTTP/2 200 OK"
2026-03-16 15:43:14,382 | INFO | HTTP Request: GET https://www.okx.com/api/v5/market/ticker?instId=CHZ-USDT-SWAP "HTTP/2 200 OK"
2026-03-16 15:43:14,558 | INFO | HTTP Request: GET https://www.okx.com/api/v5/market/candles?instId=ENA-USDT-SWAP&bar=5m&limit=71 "HTTP/2 200 OK"
2026-03-16 15:43:14,884 | INFO | HTTP Request: GET https://www.okx.com/api/v5/market/ticker?instId=COAI-USDT-SWAP "HTTP/2 200 OK"
2026-03-16 15:43:14,978 | INFO | HTTP Request: GET https://www.okx.com/api/v5/market/candles?instId=EOS-USDT-SWAP&bar=5m&limit=71 "HTTP/2 200 OK"
2026-03-16 15:43:15,388 | INFO | HTTP Request: GET https://www.okx.com/api/v5/market/candles?instId=ETC-USDT-SWAP&bar=5m&limit=71 "HTTP/2 200 OK"
2026-03-16 15:43:15,399 | INFO | HTTP Request: GET https://www.okx.com/api/v5/market/ticker?instId=COMP-USDT-SWAP "HTTP/2 200 OK"
2026-03-16 15:43:15,838 | INFO | HTTP Request: GET https://www.okx.com/api/v5/market/candles?instId=ETH-USDT-SWAP&bar=5m&limit=71 "HTTP/2 200 OK"
2026-03-16 15:43:15,972 | INFO | HTTP Request: GET https://www.okx.com/api/v5/market/ticker?instId=CRO-USDT-SWAP "HTTP/2 200 OK"
2026-03-16 15:43:16,204 | INFO | HTTP Request: GET https://www.okx.com/api/v5/market/candles?instId=ETHFI-USDT-SWAP&bar=5m&limit=71 "HTTP/2 200 OK"
2026-03-16 15:43:16,466 | INFO | HTTP Request: GET https://www.okx.com/api/v5/market/ticker?instId=CRV-USDT-SWAP "HTTP/2 200 OK"
2026-03-16 15:43:16,580 | INFO | HTTP Request: GET https://www.okx.com/api/v5/market/candles?instId=ETHW-USDT-SWAP&bar=5m&limit=71 "HTTP/2 200 OK"
2026-03-16 15:43:16,892 | INFO | HTTP Request: GET https://www.okx.com/api/v5/market/candles?instId=BTC-USDT-SWAP&bar=5m&limit=64 "HTTP/2 200 OK"
2026-03-16 15:43:16,978 | INFO | HTTP Request: GET https://www.okx.com/api/v5/market/candles?instId=FIL-USDT-SWAP&bar=5m&limit=71 "HTTP/2 200 OK"
2026-03-16 15:43:16,989 | INFO | HTTP Request: GET https://www.okx.com/api/v5/market/ticker?instId=DOGE-USDT-SWAP "HTTP/2 200 OK"
2026-03-16 15:43:17,393 | INFO | HTTP Request: GET https://www.okx.com/api/v5/market/candles?instId=FLOKI-USDT-SWAP&bar=5m&limit=71 "HTTP/2 200 OK"
2026-03-16 15:43:17,520 | INFO | HTTP Request: GET https://www.okx.com/api/v5/market/ticker?instId=DOT-USDT-SWAP "HTTP/2 200 OK"
2026-03-16 15:43:17,795 | INFO | HTTP Request: GET https://www.okx.com/api/v5/market/candles?instId=GMT-USDT-SWAP&bar=5m&limit=71 "HTTP/2 200 OK"
2026-03-16 15:43:18,216 | INFO | HTTP Request: GET https://www.okx.com/api/v5/market/candles?instId=HBAR-USDT-SWAP&bar=5m&limit=71 "HTTP/2 200 OK"
2026-03-16 15:43:18,603 | INFO | HTTP Request: GET https://www.okx.com/api/v5/market/candles?instId=HMSTR-USDT-SWAP&bar=5m&limit=71 "HTTP/2 200 OK"
2026-03-16 15:43:18,785 | INFO | HTTP Request: GET https://www.okx.com/api/v5/market/ticker?instId=ENA-USDT-SWAP "HTTP/2 200 OK"
2026-03-16 15:43:19,021 | INFO | HTTP Request: GET https://www.okx.com/api/v5/market/candles?instId=HOME-USDT-SWAP&bar=5m&limit=71 "HTTP/2 200 OK"
2026-03-16 15:43:19,044 | INFO | HTTP Request: GET https://www.okx.com/api/v5/account/balance "HTTP/2 200 OK"
2026-03-16 15:43:19,276 | INFO | HTTP Request: GET https://www.okx.com/api/v5/market/ticker?instId=EOS-USDT-SWAP "HTTP/2 200 OK"
2026-03-16 15:43:19,387 | INFO | HTTP Request: GET https://www.okx.com/api/v5/market/candles?instId=IMX-USDT-SWAP&bar=5m&limit=71 "HTTP/2 200 OK"
2026-03-16 15:43:19,756 | INFO | HTTP Request: GET https://www.okx.com/api/v5/market/candles?instId=INJ-USDT-SWAP&bar=5m&limit=71 "HTTP/2 200 OK"
2026-03-16 15:43:19,767 | INFO | HTTP Request: GET https://www.okx.com/api/v5/market/ticker?instId=ETC-USDT-SWAP "HTTP/2 200 OK"
2026-03-16 15:43:20,163 | INFO | HTTP Request: GET https://www.okx.com/api/v5/market/candles?instId=IOTA-USDT-SWAP&bar=5m&limit=71 "HTTP/2 200 OK"
2026-03-16 15:43:20,283 | INFO | HTTP Request: GET https://www.okx.com/api/v5/market/ticker?instId=ETH-USDT-SWAP "HTTP/2 200 OK"
2026-03-16 15:43:20,568 | INFO | HTTP Request: GET https://www.okx.com/api/v5/market/candles?instId=JUP-USDT-SWAP&bar=5m&limit=71 "HTTP/2 200 OK"
2026-03-16 15:43:20,791 | INFO | HTTP Request: GET https://www.okx.com/api/v5/market/ticker?instId=ETHFI-USDT-SWAP "HTTP/2 200 OK"
2026-03-16 15:43:20,978 | INFO | HTTP Request: GET https://www.okx.com/api/v5/market/candles?instId=KAITO-USDT-SWAP&bar=5m&limit=71 "HTTP/2 200 OK"
2026-03-16 15:43:21,302 | INFO | HTTP Request: GET https://www.okx.com/api/v5/market/ticker?instId=ETHW-USDT-SWAP "HTTP/2 200 OK"
2026-03-16 15:43:21,378 | INFO | HTTP Request: GET https://www.okx.com/api/v5/market/candles?instId=KSM-USDT-SWAP&bar=5m&limit=71 "HTTP/2 200 OK"
2026-03-16 15:43:21,797 | INFO | HTTP Request: GET https://www.okx.com/api/v5/market/candles?instId=LDO-USDT-SWAP&bar=5m&limit=71 "HTTP/2 200 OK"
2026-03-16 15:43:21,805 | INFO | HTTP Request: GET https://www.okx.com/api/v5/market/ticker?instId=FIL-USDT-SWAP "HTTP/2 200 OK"
2026-03-16 15:43:22,218 | INFO | HTTP Request: GET https://www.okx.com/api/v5/market/candles?instId=LINEA-USDT-SWAP&bar=5m&limit=71 "HTTP/2 200 OK"
2026-03-16 15:43:22,325 | INFO | HTTP Request: GET https://www.okx.com/api/v5/market/ticker?instId=FLOKI-USDT-SWAP "HTTP/2 200 OK"
2026-03-16 15:43:22,609 | INFO | HTTP Request: GET https://www.okx.com/api/v5/market/candles?instId=LINK-USDT-SWAP&bar=5m&limit=71 "HTTP/2 200 OK"
2026-03-16 15:43:22,829 | INFO | HTTP Request: GET https://www.okx.com/api/v5/market/ticker?instId=GMT-USDT-SWAP "HTTP/2 200 OK"
2026-03-16 15:43:23,098 | INFO | HTTP Request: GET https://www.okx.com/api/v5/market/candles?instId=LIT-USDT-SWAP&bar=5m&limit=71 "HTTP/2 200 OK"
2026-03-16 15:43:23,142 | INFO | HTTP Request: GET https://www.okx.com/api/v5/market/candles?instId=BTC-USDT-SWAP&bar=5m&limit=64 "HTTP/2 200 OK"
2026-03-16 15:43:23,343 | INFO | HTTP Request: GET https://www.okx.com/api/v5/market/ticker?instId=HBAR-USDT-SWAP "HTTP/2 200 OK"
2026-03-16 15:43:23,463 | INFO | HTTP Request: GET https://www.okx.com/api/v5/market/candles?instId=LPT-USDT-SWAP&bar=5m&limit=71 "HTTP/2 200 OK"
2026-03-16 15:43:23,842 | INFO | HTTP Request: GET https://www.okx.com/api/v5/market/candles?instId=LQTY-USDT-SWAP&bar=5m&limit=71 "HTTP/2 200 OK"
2026-03-16 15:43:23,847 | INFO | HTTP Request: GET https://www.okx.com/api/v5/market/ticker?instId=HMSTR-USDT-SWAP "HTTP/2 200 OK"
2026-03-16 15:43:24,238 | INFO | HTTP Request: GET https://www.okx.com/api/v5/market/candles?instId=LRC-USDT-SWAP&bar=5m&limit=71 "HTTP/2 200 OK"
2026-03-16 15:43:24,366 | INFO | HTTP Request: GET https://www.okx.com/api/v5/market/ticker?instId=HOME-USDT-SWAP "HTTP/2 200 OK"
2026-03-16 15:43:24,485 | INFO | HTTP Request: GET https://www.okx.com/api/v5/account/balance "HTTP/2 200 OK"
2026-03-16 15:43:24,657 | INFO | HTTP Request: GET https://www.okx.com/api/v5/market/candles?instId=LTC-USDT-SWAP&bar=5m&limit=71 "HTTP/2 200 OK"
2026-03-16 15:43:24,881 | INFO | HTTP Request: GET https://www.okx.com/api/v5/market/ticker?instId=IMX-USDT-SWAP "HTTP/2 200 OK"
2026-03-16 15:43:25,054 | INFO | HTTP Request: GET https://www.okx.com/api/v5/market/candles?instId=MAGIC-USDT-SWAP&bar=5m&limit=71 "HTTP/2 200 OK"
2026-03-16 15:43:25,379 | INFO | HTTP Request: GET https://www.okx.com/api/v5/market/ticker?instId=INJ-USDT-SWAP "HTTP/2 200 OK"
2026-03-16 15:43:25,479 | INFO | HTTP Request: GET https://www.okx.com/api/v5/market/ticker?instId=MAGIC-USDT-SWAP "HTTP/2 200 OK"
2026-03-16 15:43:25,514 | INFO | MAGIC-USDT-SWAP: Turtle 55 short-сигнал отклонён (закрытие не удержалось ниже канала)
2026-03-16 15:43:25,518 | INFO | MAGIC-USDT-SWAP: Turtle 20 short-сигнал отклонён (закрытие не удержалось ниже канала)
2026-03-16 15:43:25,897 | INFO | HTTP Request: GET https://www.okx.com/api/v5/market/ticker?instId=IOTA-USDT-SWAP "HTTP/2 200 OK"
2026-03-16 15:43:25,957 | INFO | HTTP Request: GET https://www.okx.com/api/v5/market/candles?instId=MAJOR-USDT-SWAP&bar=5m&limit=71 "HTTP/2 200 OK"
2026-03-16 15:43:26,326 | INFO | HTTP Request: GET https://www.okx.com/api/v5/market/candles?instId=MASK-USDT-SWAP&bar=5m&limit=71 "HTTP/2 200 OK"
2026-03-16 15:43:26,403 | INFO | HTTP Request: GET https://www.okx.com/api/v5/market/ticker?instId=JUP-USDT-SWAP "HTTP/2 200 OK"
2026-03-16 15:43:26,733 | INFO | HTTP Request: GET https://www.okx.com/api/v5/market/candles?instId=MET-USDT-SWAP&bar=5m&limit=71 "HTTP/2 200 OK"
2026-03-16 15:43:27,105 | INFO | HTTP Request: GET https://www.okx.com/api/v5/market/candles?instId=MINA-USDT-SWAP&bar=5m&limit=71 "HTTP/2 200 OK"
2026-03-16 15:43:27,213 | INFO | HTTP Request: GET https://www.okx.com/api/v5/market/ticker?instId=KAITO-USDT-SWAP "HTTP/2 200 OK"
2026-03-16 15:43:27,506 | INFO | HTTP Request: GET https://www.okx.com/api/v5/market/candles?instId=MKR-USDT-SWAP&bar=5m&limit=71 "HTTP/2 200 OK"
2026-03-16 15:43:27,731 | INFO | HTTP Request: GET https://www.okx.com/api/v5/market/ticker?instId=KSM-USDT-SWAP "HTTP/2 200 OK"
2026-03-16 15:43:27,917 | INFO | HTTP Request: GET https://www.okx.com/api/v5/market/candles?instId=MUBARAK-USDT-SWAP&bar=5m&limit=71 "HTTP/2 200 OK"
2026-03-16 15:43:28,245 | INFO | HTTP Request: GET https://www.okx.com/api/v5/market/ticker?instId=LDO-USDT-SWAP "HTTP/2 200 OK"
2026-03-16 15:43:28,325 | INFO | HTTP Request: GET https://www.okx.com/api/v5/market/candles?instId=NEAR-USDT-SWAP&bar=5m&limit=71 "HTTP/2 200 OK"
2026-03-16 15:43:28,738 | INFO | HTTP Request: GET https://www.okx.com/api/v5/market/candles?instId=NEO-USDT-SWAP&bar=5m&limit=71 "HTTP/2 200 OK"
2026-03-16 15:43:28,750 | INFO | HTTP Request: GET https://www.okx.com/api/v5/market/ticker?instId=LINEA-USDT-SWAP "HTTP/2 200 OK"
2026-03-16 15:43:29,149 | INFO | HTTP Request: GET https://www.okx.com/api/v5/market/candles?instId=NOT-USDT-SWAP&bar=5m&limit=71 "HTTP/2 200 OK"
2026-03-16 15:43:29,268 | INFO | HTTP Request: GET https://www.okx.com/api/v5/market/ticker?instId=LINK-USDT-SWAP "HTTP/2 200 OK"
2026-03-16 15:43:29,398 | INFO | HTTP Request: GET https://www.okx.com/api/v5/market/candles?instId=BTC-USDT-SWAP&bar=5m&limit=64 "HTTP/2 200 OK"
2026-03-16 15:43:29,621 | INFO | HTTP Request: GET https://www.okx.com/api/v5/market/candles?instId=OP-USDT-SWAP&bar=5m&limit=71 "HTTP/2 200 OK"
2026-03-16 15:43:29,773 | INFO | HTTP Request: GET https://www.okx.com/api/v5/market/ticker?instId=LIT-USDT-SWAP "HTTP/2 200 OK"
2026-03-16 15:43:29,919 | INFO | HTTP Request: GET https://www.okx.com/api/v5/account/balance "HTTP/2 200 OK"
2026-03-16 15:43:29,988 | INFO | HTTP Request: GET https://www.okx.com/api/v5/market/candles?instId=PEPE-USDT-SWAP&bar=5m&limit=71 "HTTP/2 200 OK"
2026-03-16 15:43:30,255 | INFO | HTTP Request: GET https://www.okx.com/api/v5/market/ticker?instId=LPT-USDT-SWAP "HTTP/2 200 OK"
2026-03-16 15:43:30,380 | INFO | HTTP Request: GET https://www.okx.com/api/v5/market/ticker?instId=PEPE-USDT-SWAP "HTTP/2 200 OK"
2026-03-16 15:43:30,384 | INFO | PEPE-USDT-SWAP: Turtle 20 long-сигнал отклонён (закрытие не удержалось выше канала)
2026-03-16 15:43:30,743 | INFO | HTTP Request: GET https://www.okx.com/api/v5/market/ticker?instId=LQTY-USDT-SWAP "HTTP/2 200 OK"
2026-03-16 15:43:30,764 | INFO | HTTP Request: GET https://www.okx.com/api/v5/market/candles?instId=PIGGY-USDT-SWAP&bar=5m&limit=71 "HTTP/2 200 OK"
2026-03-16 15:43:31,190 | INFO | HTTP Request: GET https://www.okx.com/api/v5/market/candles?instId=QTUM-USDT-SWAP&bar=5m&limit=71 "HTTP/2 200 OK"
2026-03-16 15:43:31,234 | INFO | HTTP Request: GET https://www.okx.com/api/v5/market/ticker?instId=LRC-USDT-SWAP "HTTP/2 200 OK"
2026-03-16 15:43:31,561 | INFO | HTTP Request: GET https://www.okx.com/api/v5/market/candles?instId=RAVE-USDT-SWAP&bar=5m&limit=71 "HTTP/2 200 OK"
2026-03-16 15:43:31,728 | INFO | HTTP Request: GET https://www.okx.com/api/v5/market/ticker?instId=LTC-USDT-SWAP "HTTP/2 200 OK"
2026-03-16 15:43:31,928 | INFO | HTTP Request: GET https://www.okx.com/api/v5/market/candles?instId=RESOLV-USDT-SWAP&bar=5m&limit=71 "HTTP/2 200 OK"
2026-03-16 15:43:32,359 | INFO | HTTP Request: GET https://www.okx.com/api/v5/market/candles?instId=ROBO-USDT-SWAP&bar=5m&limit=71 "HTTP/2 200 OK"
2026-03-16 15:43:32,387 | INFO | HTTP Request: GET https://www.okx.com/api/v5/market/ticker?instId=MAJOR-USDT-SWAP "HTTP/2 200 OK"
2026-03-16 15:43:32,754 | INFO | HTTP Request: GET https://www.okx.com/api/v5/market/candles?instId=SAND-USDT-SWAP&bar=5m&limit=71 "HTTP/2 200 OK"
2026-03-16 15:43:32,872 | INFO | HTTP Request: GET https://www.okx.com/api/v5/market/ticker?instId=MASK-USDT-SWAP "HTTP/2 200 OK"
2026-03-16 15:43:33,168 | INFO | HTTP Request: GET https://www.okx.com/api/v5/market/candles?instId=SCR-USDT-SWAP&bar=5m&limit=71 "HTTP/2 200 OK"
2026-03-16 15:43:33,385 | INFO | HTTP Request: GET https://www.okx.com/api/v5/market/ticker?instId=MET-USDT-SWAP "HTTP/2 200 OK"
2026-03-16 15:43:33,568 | INFO | HTTP Request: GET https://www.okx.com/api/v5/market/candles?instId=SHIB-USDT-SWAP&bar=5m&limit=71 "HTTP/2 200 OK"
2026-03-16 15:43:33,888 | INFO | HTTP Request: GET https://www.okx.com/api/v5/market/ticker?instId=MINA-USDT-SWAP "HTTP/2 200 OK"
2026-03-16 15:43:33,983 | INFO | HTTP Request: GET https://www.okx.com/api/v5/market/candles?instId=SKY-USDT-SWAP&bar=5m&limit=71 "HTTP/2 200 OK"
2026-03-16 15:43:34,387 | INFO | HTTP Request: GET https://www.okx.com/api/v5/market/candles?instId=SOL-USDT-SWAP&bar=5m&limit=71 "HTTP/2 200 OK"
2026-03-16 15:43:34,393 | INFO | HTTP Request: GET https://www.okx.com/api/v5/market/ticker?instId=MKR-USDT-SWAP "HTTP/2 200 OK"
2026-03-16 15:43:34,792 | INFO | HTTP Request: GET https://www.okx.com/api/v5/market/candles?instId=SOLV-USDT-SWAP&bar=5m&limit=71 "HTTP/2 200 OK"
2026-03-16 15:43:34,918 | INFO | HTTP Request: GET https://www.okx.com/api/v5/market/ticker?instId=MUBARAK-USDT-SWAP "HTTP/2 200 OK"
2026-03-16 15:43:35,202 | INFO | HTTP Request: GET https://www.okx.com/api/v5/market/candles?instId=SPK-USDT-SWAP&bar=5m&limit=71 "HTTP/2 200 OK"
2026-03-16 15:43:35,255 | INFO | HTTP Request: GET https://www.okx.com/api/v5/account/balance "HTTP/2 200 OK"
2026-03-16 15:43:35,433 | INFO | HTTP Request: GET https://www.okx.com/api/v5/market/ticker?instId=NEAR-USDT-SWAP "HTTP/2 200 OK"
2026-03-16 15:43:35,611 | INFO | HTTP Request: GET https://www.okx.com/api/v5/market/candles?instId=STRK-USDT-SWAP&bar=5m&limit=71 "HTTP/2 200 OK"
2026-03-16 15:43:35,632 | INFO | HTTP Request: GET https://www.okx.com/api/v5/market/candles?instId=BTC-USDT-SWAP&bar=5m&limit=64 "HTTP/2 200 OK"
2026-03-16 15:43:35,939 | INFO | HTTP Request: GET https://www.okx.com/api/v5/market/ticker?instId=NEO-USDT-SWAP "HTTP/2 200 OK"
2026-03-16 15:43:35,985 | INFO | HTTP Request: GET https://www.okx.com/api/v5/market/candles?instId=SUI-USDT-SWAP&bar=5m&limit=71 "HTTP/2 200 OK"
2026-03-16 15:43:36,358 | INFO | HTTP Request: GET https://www.okx.com/api/v5/market/candles?instId=SUSHI-USDT-SWAP&bar=5m&limit=71 "HTTP/2 200 OK"
2026-03-16 15:43:36,425 | INFO | HTTP Request: GET https://www.okx.com/api/v5/market/ticker?instId=NOT-USDT-SWAP "HTTP/2 200 OK"
2026-03-16 15:43:36,819 | INFO | HTTP Request: GET https://www.okx.com/api/v5/market/candles?instId=SYRUP-USDT-SWAP&bar=5m&limit=71 "HTTP/2 200 OK"
2026-03-16 15:43:36,915 | INFO | HTTP Request: GET https://www.okx.com/api/v5/market/ticker?instId=OP-USDT-SWAP "HTTP/2 200 OK"
2026-03-16 15:43:37,202 | INFO | HTTP Request: GET https://www.okx.com/api/v5/market/candles?instId=TEST1234-USDT-SWAP&bar=5m&limit=71 "HTTP/2 200 OK"
2026-03-16 15:43:37,552 | INFO | HTTP Request: GET https://www.okx.com/api/v5/market/ticker?instId=PIGGY-USDT-SWAP "HTTP/2 200 OK"
2026-03-16 15:43:37,611 | INFO | HTTP Request: GET https://www.okx.com/api/v5/market/candles?instId=TEST3103-USDT-SWAP&bar=5m&limit=71 "HTTP/2 200 OK"
2026-03-16 15:43:38,034 | INFO | HTTP Request: GET https://www.okx.com/api/v5/market/candles?instId=TEST3110-USDT-SWAP&bar=5m&limit=71 "HTTP/2 200 OK"
2026-03-16 15:43:38,042 | INFO | HTTP Request: GET https://www.okx.com/api/v5/market/ticker?instId=QTUM-USDT-SWAP "HTTP/2 200 OK"
2026-03-16 15:43:38,431 | INFO | HTTP Request: GET https://www.okx.com/api/v5/market/candles?instId=THETA-USDT-SWAP&bar=5m&limit=71 "HTTP/2 200 OK"
2026-03-16 15:43:38,548 | INFO | HTTP Request: GET https://www.okx.com/api/v5/market/ticker?instId=RAVE-USDT-SWAP "HTTP/2 200 OK"
2026-03-16 15:43:38,849 | INFO | HTTP Request: GET https://www.okx.com/api/v5/market/candles?instId=TON-USDT-SWAP&bar=5m&limit=71 "HTTP/2 200 OK"
2026-03-16 15:43:39,054 | INFO | HTTP Request: GET https://www.okx.com/api/v5/market/ticker?instId=RESOLV-USDT-SWAP "HTTP/2 200 OK"
2026-03-16 15:43:39,257 | INFO | HTTP Request: GET https://www.okx.com/api/v5/market/candles?instId=TRIA-USDT-SWAP&bar=5m&limit=71 "HTTP/2 200 OK"
2026-03-16 15:43:39,581 | INFO | HTTP Request: GET https://www.okx.com/api/v5/market/ticker?instId=ROBO-USDT-SWAP "HTTP/2 200 OK"
2026-03-16 15:43:39,650 | INFO | HTTP Request: GET https://www.okx.com/api/v5/market/candles?instId=TRX-USDT-SWAP&bar=5m&limit=71 "HTTP/2 200 OK"
2026-03-16 15:43:40,073 | INFO | HTTP Request: GET https://www.okx.com/api/v5/market/candles?instId=TSLA-USDT-SWAP&bar=5m&limit=71 "HTTP/2 200 OK"
2026-03-16 15:43:40,080 | INFO | HTTP Request: GET https://www.okx.com/api/v5/market/ticker?instId=SAND-USDT-SWAP "HTTP/2 200 OK"
2026-03-16 15:43:40,471 | INFO | HTTP Request: GET https://www.okx.com/api/v5/market/candles?instId=XAU-USDT-SWAP&bar=5m&limit=71 "HTTP/2 200 OK"
2026-03-16 15:43:40,612 | INFO | HTTP Request: GET https://www.okx.com/api/v5/market/ticker?instId=SCR-USDT-SWAP "HTTP/2 200 OK"
2026-03-16 15:43:40,648 | INFO | HTTP Request: GET https://www.okx.com/api/v5/account/balance "HTTP/2 200 OK"
2026-03-16 15:43:40,917 | INFO | HTTP Request: GET https://www.okx.com/api/v5/market/candles?instId=XLM-USDT-SWAP&bar=5m&limit=71 "HTTP/2 200 OK"
2026-03-16 15:43:41,109 | INFO | HTTP Request: GET https://www.okx.com/api/v5/market/ticker?instId=SHIB-USDT-SWAP "HTTP/2 200 OK"
2026-03-16 15:43:41,323 | INFO | HTTP Request: GET https://www.okx.com/api/v5/market/candles?instId=XPL-USDT-SWAP&bar=5m&limit=71 "HTTP/2 200 OK"
2026-03-16 15:43:41,676 | INFO | HTTP Request: GET https://www.okx.com/api/v5/market/ticker?instId=SKY-USDT-SWAP "HTTP/2 200 OK"
2026-03-16 15:43:41,724 | INFO | HTTP Request: GET https://www.okx.com/api/v5/market/candles?instId=XRP-USDT-SWAP&bar=5m&limit=71 "HTTP/2 200 OK"
2026-03-16 15:43:41,902 | INFO | HTTP Request: GET https://www.okx.com/api/v5/market/candles?instId=BTC-USDT-SWAP&bar=5m&limit=64 "HTTP/2 200 OK"
2026-03-16 15:43:42,099 | INFO | HTTP Request: GET https://www.okx.com/api/v5/market/candles?instId=XSR-USDT-SWAP&bar=5m&limit=71 "HTTP/2 200 OK"
2026-03-16 15:43:42,171 | INFO | HTTP Request: GET https://www.okx.com/api/v5/market/ticker?instId=SOL-USDT-SWAP "HTTP/2 200 OK"
2026-03-16 15:43:42,503 | INFO | HTTP Request: GET https://www.okx.com/api/v5/market/candles?instId=XTZ-USDT-SWAP&bar=5m&limit=71 "HTTP/2 200 OK"
2026-03-16 15:43:42,662 | INFO | HTTP Request: GET https://www.okx.com/api/v5/market/ticker?instId=SOLV-USDT-SWAP "HTTP/2 200 OK"
2026-03-16 15:43:42,870 | INFO | HTTP Request: GET https://www.okx.com/api/v5/market/candles?instId=YB-USDT-SWAP&bar=5m&limit=71 "HTTP/2 200 OK"
2026-03-16 15:43:43,191 | INFO | HTTP Request: GET https://www.okx.com/api/v5/market/ticker?instId=SPK-USDT-SWAP "HTTP/2 200 OK"
2026-03-16 15:43:43,282 | INFO | HTTP Request: GET https://www.okx.com/api/v5/market/candles?instId=YFI-USDT-SWAP&bar=5m&limit=71 "HTTP/2 200 OK"
2026-03-16 15:43:43,691 | INFO | HTTP Request: GET https://www.okx.com/api/v5/market/candles?instId=YGG-USDT-SWAP&bar=5m&limit=71 "HTTP/2 200 OK"
2026-03-16 15:43:43,692 | INFO | HTTP Request: GET https://www.okx.com/api/v5/market/ticker?instId=STRK-USDT-SWAP "HTTP/2 200 OK"
2026-03-16 15:43:44,113 | INFO | HTTP Request: GET https://www.okx.com/api/v5/market/candles?instId=ZAMA-USDT-SWAP&bar=5m&limit=71 "HTTP/2 200 OK"
2026-03-16 15:43:44,228 | INFO | HTTP Request: GET https://www.okx.com/api/v5/market/ticker?instId=SUI-USDT-SWAP "HTTP/2 200 OK"
2026-03-16 15:43:44,511 | INFO | HTTP Request: GET https://www.okx.com/api/v5/market/candles?instId=ZBCN-USDT-SWAP&bar=5m&limit=71 "HTTP/2 200 OK"
2026-03-16 15:43:44,717 | INFO | HTTP Request: GET https://www.okx.com/api/v5/market/ticker?instId=SUSHI-USDT-SWAP "HTTP/2 200 OK"
2026-03-16 15:43:44,921 | INFO | HTTP Request: GET https://www.okx.com/api/v5/market/candles?instId=ZETA-USDT-SWAP&bar=5m&limit=71 "HTTP/2 200 OK"
2026-03-16 15:43:45,229 | INFO | HTTP Request: GET https://www.okx.com/api/v5/market/ticker?instId=SYRUP-USDT-SWAP "HTTP/2 200 OK"
2026-03-16 15:43:45,331 | INFO | HTTP Request: GET https://www.okx.com/api/v5/market/candles?instId=ZIL-USDT-SWAP&bar=5m&limit=71 "HTTP/2 200 OK"
2026-03-16 15:43:45,723 | INFO | HTTP Request: GET https://www.okx.com/api/v5/market/ticker?instId=ZIL-USDT-SWAP "HTTP/2 200 OK"
2026-03-16 15:43:45,736 | INFO | HTTP Request: GET https://www.okx.com/api/v5/market/ticker?instId=TEST1234-USDT-SWAP "HTTP/2 200 OK"
2026-03-16 15:43:45,770 | INFO | ZIL-USDT-SWAP: Turtle 55 short-сигнал отклонён (закрытие не удержалось ниже канала)
2026-03-16 15:43:45,778 | INFO | ZIL-USDT-SWAP: Turtle 20 short-сигнал отклонён (закрытие не удержалось ниже канала)
2026-03-16 15:43:45,964 | INFO | HTTP Request: GET https://www.okx.com/api/v5/account/balance "HTTP/2 200 OK"
2026-03-16 15:43:46,168 | INFO | HTTP Request: GET https://www.okx.com/api/v5/market/candles?instId=XAG-USDT-SWAP&bar=5m&limit=26 "HTTP/2 200 OK"
2026-03-16 15:43:46,260 | INFO | HTTP Request: GET https://www.okx.com/api/v5/market/ticker?instId=TEST3103-USDT-SWAP "HTTP/2 200 OK"
2026-03-16 15:43:46,562 | INFO | HTTP Request: GET https://www.okx.com/api/v5/market/ticker?instId=XAG-USDT-SWAP "HTTP/2 200 OK"
2026-03-16 15:43:46,789 | INFO | HTTP Request: GET https://www.okx.com/api/v5/market/ticker?instId=TEST3110-USDT-SWAP "HTTP/2 200 OK"
2026-03-16 15:43:46,929 | INFO | HTTP Request: GET https://www.okx.com/api/v5/trade/orders-algo-pending?ordType=conditional&instType=SWAP&instId=XAG-USDT-SWAP "HTTP/2 200 OK"
2026-03-16 15:43:47,185 | INFO | HTTP Request: GET https://www.okx.com/api/v5/trade/orders-algo-pending?ordType=oco&instType=SWAP&instId=XAG-USDT-SWAP "HTTP/2 200 OK"
2026-03-16 15:43:47,304 | INFO | HTTP Request: GET https://www.okx.com/api/v5/market/ticker?instId=THETA-USDT-SWAP "HTTP/2 200 OK"
2026-03-16 15:43:47,483 | INFO | HTTP Request: GET https://www.okx.com/api/v5/trade/orders-algo-pending?ordType=trigger&instType=SWAP&instId=XAG-USDT-SWAP "HTTP/2 200 OK"
2026-03-16 15:43:47,752 | INFO | HTTP Request: GET https://www.okx.com/api/v5/trade/orders-algo-pending?ordType=move_order_stop&instType=SWAP&instId=XAG-USDT-SWAP "HTTP/2 200 OK"
2026-03-16 15:43:47,790 | INFO | HTTP Request: GET https://www.okx.com/api/v5/market/ticker?instId=TON-USDT-SWAP "HTTP/2 200 OK"
2026-03-16 15:43:47,992 | INFO | HTTP Request: GET https://www.okx.com/api/v5/trade/orders-algo-pending?ordType=iceberg&instType=SWAP&instId=XAG-USDT-SWAP "HTTP/2 200 OK"
2026-03-16 15:43:48,136 | INFO | HTTP Request: GET https://www.okx.com/api/v5/market/candles?instId=BTC-USDT-SWAP&bar=5m&limit=64 "HTTP/2 200 OK"
2026-03-16 15:43:48,270 | INFO | HTTP Request: GET https://www.okx.com/api/v5/market/ticker?instId=TRIA-USDT-SWAP "HTTP/2 200 OK"
2026-03-16 15:43:48,318 | INFO | HTTP Request: GET https://www.okx.com/api/v5/trade/orders-algo-pending?ordType=twap&instType=SWAP&instId=XAG-USDT-SWAP "HTTP/2 200 OK"
2026-03-16 15:43:48,618 | INFO | HTTP Request: GET https://www.okx.com/api/v5/trade/orders-algo-pending?ordType=chase&instType=SWAP&instId=XAG-USDT-SWAP "HTTP/2 200 OK"
2026-03-16 15:43:48,756 | INFO | HTTP Request: GET https://www.okx.com/api/v5/market/ticker?instId=TRX-USDT-SWAP "HTTP/2 200 OK"
2026-03-16 15:43:48,990 | INFO | HTTP Request: GET https://www.okx.com/api/v5/market/candles?instId=ICP-USDT-SWAP&bar=5m&limit=26 "HTTP/2 200 OK"
2026-03-16 15:43:49,272 | INFO | HTTP Request: GET https://www.okx.com/api/v5/market/ticker?instId=TSLA-USDT-SWAP "HTTP/2 200 OK"
2026-03-16 15:43:49,354 | INFO | HTTP Request: GET https://www.okx.com/api/v5/market/ticker?instId=ICP-USDT-SWAP "HTTP/2 200 OK"
2026-03-16 15:43:49,636 | INFO | HTTP Request: GET https://www.okx.com/api/v5/trade/orders-algo-pending?ordType=conditional&instType=SWAP&instId=ICP-USDT-SWAP "HTTP/2 200 OK"
2026-03-16 15:43:49,793 | INFO | HTTP Request: GET https://www.okx.com/api/v5/market/ticker?instId=XAU-USDT-SWAP "HTTP/2 200 OK"
2026-03-16 15:43:49,874 | INFO | HTTP Request: GET https://www.okx.com/api/v5/trade/orders-algo-pending?ordType=oco&instType=SWAP&instId=ICP-USDT-SWAP "HTTP/2 200 OK"
2026-03-16 15:43:50,176 | INFO | HTTP Request: GET https://www.okx.com/api/v5/trade/orders-algo-pending?ordType=trigger&instType=SWAP&instId=ICP-USDT-SWAP "HTTP/2 200 OK"
2026-03-16 15:43:50,334 | INFO | HTTP Request: GET https://www.okx.com/api/v5/market/ticker?instId=XLM-USDT-SWAP "HTTP/2 200 OK"
2026-03-16 15:43:50,499 | INFO | HTTP Request: GET https://www.okx.com/api/v5/trade/orders-algo-pending?ordType=move_order_stop&instType=SWAP&instId=ICP-USDT-SWAP "HTTP/2 200 OK"
2026-03-16 15:43:50,797 | INFO | HTTP Request: GET https://www.okx.com/api/v5/trade/orders-algo-pending?ordType=iceberg&instType=SWAP&instId=ICP-USDT-SWAP "HTTP/2 200 OK"
2026-03-16 15:43:50,819 | INFO | HTTP Request: GET https://www.okx.com/api/v5/market/ticker?instId=XPL-USDT-SWAP "HTTP/2 200 OK"
2026-03-16 15:43:51,088 | INFO | HTTP Request: GET https://www.okx.com/api/v5/trade/orders-algo-pending?ordType=twap&instType=SWAP&instId=ICP-USDT-SWAP "HTTP/2 200 OK"
2026-03-16 15:43:51,315 | INFO | HTTP Request: GET https://www.okx.com/api/v5/account/balance "HTTP/2 200 OK"
2026-03-16 15:43:51,355 | INFO | HTTP Request: GET https://www.okx.com/api/v5/market/ticker?instId=XRP-USDT-SWAP "HTTP/2 200 OK"
2026-03-16 15:43:51,402 | INFO | HTTP Request: GET https://www.okx.com/api/v5/trade/orders-algo-pending?ordType=chase&instType=SWAP&instId=ICP-USDT-SWAP "HTTP/2 200 OK"
2026-03-16 15:43:51,765 | INFO | HTTP Request: GET https://www.okx.com/api/v5/market/candles?instId=BREV-USDT-SWAP&bar=5m&limit=26 "HTTP/2 200 OK"
2026-03-16 15:43:51,846 | INFO | HTTP Request: GET https://www.okx.com/api/v5/market/ticker?instId=XSR-USDT-SWAP "HTTP/2 200 OK"
2026-03-16 15:43:52,170 | INFO | HTTP Request: GET https://www.okx.com/api/v5/market/ticker?instId=BREV-USDT-SWAP "HTTP/2 200 OK"
2026-03-16 15:43:52,178 | INFO | Placing exchange stop BREV-USDT-SWAP long payload={'instId': 'BREV-USDT-SWAP', 'tdMode': 'isolated', 'side': 'sell', 'posSide': 'net', 'ordType': 'conditional', 'sz': '120000', 'slTriggerPx': '1.008904996667', 'slOrdPx': '-1'}
2026-03-16 15:43:52,423 | INFO | HTTP Request: POST https://www.okx.com/api/v5/trade/order-algo "HTTP/2 200 OK"
2026-03-16 15:43:52,674 | INFO | HTTP Request: POST https://www.okx.com/api/v5/trade/cancel-algos "HTTP/2 200 OK"
2026-03-16 15:43:52,679 | INFO | Closing position BREV-USDT-SWAP. Защита тренда: откат от пика 22795003333.33R → 3695003333.33R
2026-03-16 15:43:52,919 | INFO | HTTP Request: POST https://www.okx.com/api/v5/trade/close-position "HTTP/2 200 OK"
2026-03-16 15:43:52,933 | WARNING | Failed to load json context : [Errno 13] Permission denied: '.'
2026-03-16 15:43:53,292 | INFO | HTTP Request: GET https://www.okx.com/api/v5/market/ticker?instId=XAG-USDT-SWAP "HTTP/2 200 OK"
2026-03-16 15:43:53,304 | INFO | HTTP Request: GET https://www.okx.com/api/v5/market/candles?instId=BREV-USDT-SWAP&bar=5m&limit=97 "HTTP/2 200 OK"
2026-03-16 15:43:53,714 | INFO | HTTP Request: GET https://www.okx.com/api/v5/market/candles?instId=XAG-USDT-SWAP&bar=5m&limit=89 "HTTP/2 200 OK"
2026-03-16 15:43:53,731 | INFO | HTTP Request: GET https://www.okx.com/api/v5/market/candles?instId=BTC-USDT-SWAP&bar=5m&limit=64 "HTTP/2 200 OK"
2026-03-16 15:43:54,497 | INFO | HTTP Request: GET https://www.okx.com/api/v5/market/ticker?instId=1INCH-USDT-SWAP "HTTP/2 200 OK"
2026-03-16 15:43:54,871 | INFO | HTTP Request: GET https://www.okx.com/api/v5/market/candles?instId=1INCH-USDT-SWAP&bar=5m&limit=89 "HTTP/2 200 OK"
2026-03-16 15:43:55,385 | INFO | HTTP Request: GET https://www.okx.com/api/v5/market/ticker?instId=2Z-USDT-SWAP "HTTP/2 200 OK"
2026-03-16 15:43:55,784 | INFO | HTTP Request: GET https://www.okx.com/api/v5/market/candles?instId=2Z-USDT-SWAP&bar=5m&limit=89 "HTTP/2 200 OK"
2026-03-16 15:43:56,303 | INFO | HTTP Request: GET https://www.okx.com/api/v5/market/ticker?instId=A-USDT-SWAP "HTTP/2 200 OK"
2026-03-16 15:43:56,690 | INFO | HTTP Request: GET https://www.okx.com/api/v5/market/candles?instId=A-USDT-SWAP&bar=5m&limit=89 "HTTP/2 200 OK"
2026-03-16 15:43:56,753 | INFO | HTTP Request: GET https://www.okx.com/api/v5/account/balance "HTTP/2 200 OK"
2026-03-16 15:43:57,233 | INFO | HTTP Request: GET https://www.okx.com/api/v5/market/ticker?instId=AAVE-USDT-SWAP "HTTP/2 200 OK"
2026-03-16 15:43:57,617 | INFO | HTTP Request: GET https://www.okx.com/api/v5/market/candles?instId=AAVE-USDT-SWAP&bar=5m&limit=89 "HTTP/2 200 OK"
2026-03-16 15:43:58,152 | INFO | HTTP Request: GET https://www.okx.com/api/v5/market/ticker?instId=ACT-USDT-SWAP "HTTP/2 200 OK"
2026-03-16 15:43:58,522 | INFO | HTTP Request: GET https://www.okx.com/api/v5/market/candles?instId=ACT-USDT-SWAP&bar=5m&limit=89 "HTTP/2 200 OK"
2026-03-16 15:43:59,046 | INFO | HTTP Request: GET https://www.okx.com/api/v5/market/ticker?instId=ADA-USDT-SWAP "HTTP/2 200 OK"
2026-03-16 15:43:59,137 | INFO | HTTP Request: GET https://www.okx.com/api/v5/account/positions?instType=SWAP "HTTP/2 200 OK"
2026-03-16 15:43:59,434 | INFO | HTTP Request: GET https://www.okx.com/api/v5/market/candles?instId=ADA-USDT-SWAP&bar=5m&limit=89 "HTTP/2 200 OK"
2026-03-16 15:43:59,525 | INFO | HTTP Request: GET https://www.okx.com/api/v5/market/candles?instId=BREV-USDT-SWAP&bar=5m&limit=26 "HTTP/2 200 OK"
2026-03-16 15:43:59,959 | INFO | HTTP Request: GET https://www.okx.com/api/v5/market/candles?instId=1INCH-USDT-SWAP&bar=5m&limit=71 "HTTP/2 200 OK"
2026-03-16 15:43:59,972 | INFO | HTTP Request: GET https://www.okx.com/api/v5/market/ticker?instId=AI16Z-USDT-SWAP "HTTP/2 200 OK"
2026-03-16 15:44:00,363 | INFO | HTTP Request: GET https://www.okx.com/api/v5/market/candles?instId=2Z-USDT-SWAP&bar=5m&limit=71 "HTTP/2 200 OK"
2026-03-16 15:44:00,377 | INFO | HTTP Request: GET https://www.okx.com/api/v5/market/candles?instId=AI16Z-USDT-SWAP&bar=5m&limit=89 "HTTP/2 200 OK"
2026-03-16 15:44:00,649 | INFO | HTTP Request: GET https://www.okx.com/api/v5/market/candles?instId=BTC-USDT-SWAP&bar=5m&limit=64 "HTTP/2 200 OK"
2026-03-16 15:44:00,772 | INFO | HTTP Request: GET https://www.okx.com/api/v5/market/candles?instId=AI16Z-USDT-SWAP&bar=5m&limit=71 "HTTP/2 200 OK"
2026-03-16 15:44:00,894 | INFO | HTTP Request: GET https://www.okx.com/api/v5/market/ticker?instId=AKITA-USDT-SWAP "HTTP/2 200 OK"
2026-03-16 15:44:01,143 | INFO | HTTP Request: GET https://www.okx.com/api/v5/market/candles?instId=AKITA-USDT-SWAP&bar=5m&limit=71 "HTTP/2 200 OK"
2026-03-16 15:44:01,270 | INFO | HTTP Request: GET https://www.okx.com/api/v5/market/candles?instId=AKITA-USDT-SWAP&bar=5m&limit=89 "HTTP/2 200 OK"
2026-03-16 15:44:01,514 | INFO | HTTP Request: GET https://www.okx.com/api/v5/market/candles?instId=ALGO-USDT-SWAP&bar=5m&limit=71 "HTTP/2 200 OK"
2026-03-16 15:44:01,762 | INFO | HTTP Request: GET https://www.okx.com/api/v5/market/ticker?instId=ALGO-USDT-SWAP "HTTP/2 200 OK"
2026-03-16 15:44:01,883 | INFO | HTTP Request: GET https://www.okx.com/api/v5/market/candles?instId=ARB-USDT-SWAP&bar=5m&limit=71 "HTTP/2 200 OK"
2026-03-16 15:44:02,120 | INFO | HTTP Request: GET https://www.okx.com/api/v5/market/candles?instId=ALGO-USDT-SWAP&bar=5m&limit=89 "HTTP/2 200 OK"
2026-03-16 15:44:02,134 | INFO | HTTP Request: GET https://www.okx.com/api/v5/account/balance "HTTP/2 200 OK"
2026-03-16 15:44:02,252 | INFO | HTTP Request: GET https://www.okx.com/api/v5/market/candles?instId=ASP-USDT-SWAP&bar=5m&limit=71 "HTTP/2 200 OK"
2026-03-16 15:44:02,626 | INFO | HTTP Request: GET https://www.okx.com/api/v5/market/ticker?instId=ARB-USDT-SWAP "HTTP/2 200 OK"
2026-03-16 15:44:02,630 | INFO | HTTP Request: GET https://www.okx.com/api/v5/market/candles?instId=ASTER-USDT-SWAP&bar=5m&limit=71 "HTTP/2 200 OK"
2026-03-16 15:44:03,049 | INFO | HTTP Request: GET https://www.okx.com/api/v5/market/candles?instId=ATOM-USDT-SWAP&bar=5m&limit=71 "HTTP/2 200 OK"
2026-03-16 15:44:03,144 | INFO | HTTP Request: GET https://www.okx.com/api/v5/market/ticker?instId=ASP-USDT-SWAP "HTTP/2 200 OK"
2026-03-16 15:44:03,440 | INFO | HTTP Request: GET https://www.okx.com/api/v5/market/candles?instId=AUCTION-USDT-SWAP&bar=5m&limit=71 "HTTP/2 200 OK"
2026-03-16 15:44:03,646 | INFO | HTTP Request: GET https://www.okx.com/api/v5/market/ticker?instId=ASTER-USDT-SWAP "HTTP/2 200 OK"
2026-03-16 15:44:03,845 | INFO | HTTP Request: GET https://www.okx.com/api/v5/market/candles?instId=AVAX-USDT-SWAP&bar=5m&limit=71 "HTTP/2 200 OK"
2026-03-16 15:44:04,165 | INFO | HTTP Request: GET https://www.okx.com/api/v5/market/ticker?instId=ATOM-USDT-SWAP "HTTP/2 200 OK"
2026-03-16 15:44:04,270 | INFO | HTTP Request: GET https://www.okx.com/api/v5/market/candles?instId=AXS-USDT-SWAP&bar=5m&limit=71 "HTTP/2 200 OK"
2026-03-16 15:44:04,663 | INFO | HTTP Request: GET https://www.okx.com/api/v5/market/candles?instId=BAND-USDT-SWAP&bar=5m&limit=71 "HTTP/2 200 OK"
2026-03-16 15:44:04,671 | INFO | HTTP Request: GET https://www.okx.com/api/v5/market/ticker?instId=AUCTION-USDT-SWAP "HTTP/2 200 OK"
2026-03-16 15:44:05,075 | INFO | HTTP Request: GET https://www.okx.com/api/v5/market/candles?instId=BCH-USDT-SWAP&bar=5m&limit=71 "HTTP/2 200 OK"
2026-03-16 15:44:05,204 | INFO | HTTP Request: GET https://www.okx.com/api/v5/market/ticker?instId=AVAX-USDT-SWAP "HTTP/2 200 OK"
2026-03-16 15:44:05,544 | INFO | HTTP Request: GET https://www.okx.com/api/v5/market/candles?instId=BIO-USDT-SWAP&bar=5m&limit=71 "HTTP/2 200 OK"
2026-03-16 15:44:05,713 | INFO | HTTP Request: GET https://www.okx.com/api/v5/market/ticker?instId=AXS-USDT-SWAP "HTTP/2 200 OK"
2026-03-16 15:44:05,906 | INFO | HTTP Request: GET https://www.okx.com/api/v5/market/candles?instId=BLUAI-USDT-SWAP&bar=5m&limit=71 "HTTP/2 200 OK"
2026-03-16 15:44:06,242 | INFO | HTTP Request: GET https://www.okx.com/api/v5/market/ticker?instId=BAND-USDT-SWAP "HTTP/2 200 OK"
2026-03-16 15:44:06,310 | INFO | HTTP Request: GET https://www.okx.com/api/v5/market/candles?instId=BNB-USDT-SWAP&bar=5m&limit=71 "HTTP/2 200 OK"
2026-03-16 15:44:06,725 | INFO | HTTP Request: GET https://www.okx.com/api/v5/market/candles?instId=BOME-USDT-SWAP&bar=5m&limit=71 "HTTP/2 200 OK"
2026-03-16 15:44:06,742 | INFO | HTTP Request: GET https://www.okx.com/api/v5/market/ticker?instId=BCH-USDT-SWAP "HTTP/2 200 OK"
2026-03-16 15:44:06,907 | INFO | HTTP Request: GET https://www.okx.com/api/v5/market/candles?instId=BTC-USDT-SWAP&bar=5m&limit=64 "HTTP/2 200 OK"
2026-03-16 15:44:07,146 | INFO | HTTP Request: GET https://www.okx.com/api/v5/market/candles?instId=BRETT-USDT-SWAP&bar=5m&limit=71 "HTTP/2 200 OK"
2026-03-16 15:44:07,255 | INFO | HTTP Request: GET https://www.okx.com/api/v5/market/ticker?instId=BIO-USDT-SWAP "HTTP/2 200 OK"
2026-03-16 15:44:07,452 | INFO | HTTP Request: GET https://www.okx.com/api/v5/account/balance "HTTP/2 200 OK"
2026-03-16 15:44:07,529 | INFO | HTTP Request: GET https://www.okx.com/api/v5/market/candles?instId=BTC-USDT-SWAP&bar=5m&limit=71 "HTTP/2 200 OK"
2026-03-16 15:44:07,755 | INFO | HTTP Request: GET https://www.okx.com/api/v5/market/ticker?instId=BLUAI-USDT-SWAP "HTTP/2 200 OK"
2026-03-16 15:44:07,958 | INFO | HTTP Request: GET https://www.okx.com/api/v5/market/candles?instId=CAT-USDT-SWAP&bar=5m&limit=71 "HTTP/2 200 OK"
2026-03-16 15:44:08,256 | INFO | HTTP Request: GET https://www.okx.com/api/v5/market/ticker?instId=BNB-USDT-SWAP "HTTP/2 200 OK"
2026-03-16 15:44:08,337 | INFO | HTTP Request: GET https://www.okx.com/api/v5/market/candles?instId=CATI-USDT-SWAP&bar=5m&limit=71 "HTTP/2 200 OK"
2026-03-16 15:44:08,750 | INFO | HTTP Request: GET https://www.okx.com/api/v5/market/ticker?instId=BOME-USDT-SWAP "HTTP/2 200 OK"
2026-03-16 15:44:08,763 | INFO | HTTP Request: GET https://www.okx.com/api/v5/market/candles?instId=CELO-USDT-SWAP&bar=5m&limit=71 "HTTP/2 200 OK"
2026-03-16 15:44:09,153 | INFO | HTTP Request: GET https://www.okx.com/api/v5/market/candles?instId=CFX-USDT-SWAP&bar=5m&limit=71 "HTTP/2 200 OK"
2026-03-16 15:44:09,271 | INFO | HTTP Request: GET https://www.okx.com/api/v5/market/ticker?instId=BRETT-USDT-SWAP "HTTP/2 200 OK"
2026-03-16 15:44:09,582 | INFO | HTTP Request: GET https://www.okx.com/api/v5/market/candles?instId=CHZ-USDT-SWAP&bar=5m&limit=71 "HTTP/2 200 OK"
2026-03-16 15:44:09,776 | INFO | HTTP Request: GET https://www.okx.com/api/v5/market/ticker?instId=BTC-USDT-SWAP "HTTP/2 200 OK"
2026-03-16 15:44:09,983 | INFO | HTTP Request: GET https://www.okx.com/api/v5/market/candles?instId=COAI-USDT-SWAP&bar=5m&limit=71 "HTTP/2 200 OK"
2026-03-16 15:44:10,293 | INFO | HTTP Request: GET https://www.okx.com/api/v5/market/ticker?instId=CAT-USDT-SWAP "HTTP/2 200 OK"
2026-03-16 15:44:10,393 | INFO | HTTP Request: GET https://www.okx.com/api/v5/market/candles?instId=COMP-USDT-SWAP&bar=5m&limit=71 "HTTP/2 200 OK"
2026-03-16 15:44:10,777 | INFO | HTTP Request: GET https://www.okx.com/api/v5/market/candles?instId=CRO-USDT-SWAP&bar=5m&limit=71 "HTTP/2 200 OK"
2026-03-16 15:44:10,808 | INFO | HTTP Request: GET https://www.okx.com/api/v5/market/ticker?instId=CATI-USDT-SWAP "HTTP/2 200 OK"
2026-03-16 15:44:11,192 | INFO | HTTP Request: GET https://www.okx.com/api/v5/market/candles?instId=CRV-USDT-SWAP&bar=5m&limit=71 "HTTP/2 200 OK"
2026-03-16 15:44:11,314 | INFO | HTTP Request: GET https://www.okx.com/api/v5/market/ticker?instId=CELO-USDT-SWAP "HTTP/2 200 OK"
2026-03-16 15:44:11,603 | INFO | HTTP Request: GET https://www.okx.com/api/v5/market/candles?instId=DOGE-USDT-SWAP&bar=5m&limit=71 "HTTP/2 200 OK"
2026-03-16 15:44:11,831 | INFO | HTTP Request: GET https://www.okx.com/api/v5/market/ticker?instId=CFX-USDT-SWAP "HTTP/2 200 OK"
2026-03-16 15:44:12,007 | INFO | HTTP Request: GET https://www.okx.com/api/v5/market/candles?instId=DOT-USDT-SWAP&bar=5m&limit=71 "HTTP/2 200 OK"
2026-03-16 15:44:12,341 | INFO | HTTP Request: GET https://www.okx.com/api/v5/market/ticker?instId=CHZ-USDT-SWAP "HTTP/2 200 OK"
2026-03-16 15:44:12,488 | INFO | HTTP Request: GET https://www.okx.com/api/v5/market/candles?instId=ENA-USDT-SWAP&bar=5m&limit=71 "HTTP/2 200 OK"
2026-03-16 15:44:12,834 | INFO | HTTP Request: GET https://www.okx.com/api/v5/account/balance "HTTP/2 200 OK"
2026-03-16 15:44:12,840 | INFO | HTTP Request: GET https://www.okx.com/api/v5/market/ticker?instId=COAI-USDT-SWAP "HTTP/2 200 OK"
2026-03-16 15:44:12,856 | INFO | HTTP Request: GET https://www.okx.com/api/v5/market/candles?instId=EOS-USDT-SWAP&bar=5m&limit=71 "HTTP/2 200 OK"
2026-03-16 15:44:13,145 | INFO | HTTP Request: GET https://www.okx.com/api/v5/market/candles?instId=BTC-USDT-SWAP&bar=5m&limit=64 "HTTP/2 200 OK"
2026-03-16 15:44:13,223 | INFO | HTTP Request: GET https://www.okx.com/api/v5/market/candles?instId=ETC-USDT-SWAP&bar=5m&limit=71 "HTTP/2 200 OK"
2026-03-16 15:44:13,354 | INFO | HTTP Request: GET https://www.okx.com/api/v5/market/ticker?instId=COMP-USDT-SWAP "HTTP/2 200 OK"
2026-03-16 15:44:13,632 | INFO | HTTP Request: GET https://www.okx.com/api/v5/market/candles?instId=ETH-USDT-SWAP&bar=5m&limit=71 "HTTP/2 200 OK"
2026-03-16 15:44:13,850 | INFO | HTTP Request: GET https://www.okx.com/api/v5/market/ticker?instId=CRO-USDT-SWAP "HTTP/2 200 OK"
2026-03-16 15:44:14,042 | INFO | HTTP Request: GET https://www.okx.com/api/v5/market/candles?instId=ETHFI-USDT-SWAP&bar=5m&limit=71 "HTTP/2 200 OK"
2026-03-16 15:44:14,375 | INFO | HTTP Request: GET https://www.okx.com/api/v5/market/ticker?instId=CRV-USDT-SWAP "HTTP/2 200 OK"
2026-03-16 15:44:14,454 | INFO | HTTP Request: GET https://www.okx.com/api/v5/market/candles?instId=ETHW-USDT-SWAP&bar=5m&limit=71 "HTTP/2 200 OK"
2026-03-16 15:44:14,858 | INFO | HTTP Request: GET https://www.okx.com/api/v5/market/candles?instId=FIL-USDT-SWAP&bar=5m&limit=71 "HTTP/2 200 OK"
2026-03-16 15:44:14,874 | INFO | HTTP Request: GET https://www.okx.com/api/v5/market/ticker?instId=DOGE-USDT-SWAP "HTTP/2 200 OK"
2026-03-16 15:44:15,271 | INFO | HTTP Request: GET https://www.okx.com/api/v5/market/candles?instId=FLOKI-USDT-SWAP&bar=5m&limit=71 "HTTP/2 200 OK"
2026-03-16 15:44:15,388 | INFO | HTTP Request: GET https://www.okx.com/api/v5/market/ticker?instId=DOT-USDT-SWAP "HTTP/2 200 OK"
2026-03-16 15:44:15,680 | INFO | HTTP Request: GET https://www.okx.com/api/v5/market/candles?instId=GMT-USDT-SWAP&bar=5m&limit=71 "HTTP/2 200 OK"
2026-03-16 15:44:15,890 | INFO | HTTP Request: GET https://www.okx.com/api/v5/market/ticker?instId=ENA-USDT-SWAP "HTTP/2 200 OK"
2026-03-16 15:44:16,093 | INFO | HTTP Request: GET https://www.okx.com/api/v5/market/candles?instId=HBAR-USDT-SWAP&bar=5m&limit=71 "HTTP/2 200 OK"
2026-03-16 15:44:16,414 | INFO | HTTP Request: GET https://www.okx.com/api/v5/market/ticker?instId=EOS-USDT-SWAP "HTTP/2 200 OK"
2026-03-16 15:44:16,492 | INFO | HTTP Request: GET https://www.okx.com/api/v5/market/candles?instId=HMSTR-USDT-SWAP&bar=5m&limit=71 "HTTP/2 200 OK"
2026-03-16 15:44:16,904 | INFO | HTTP Request: GET https://www.okx.com/api/v5/market/candles?instId=HOME-USDT-SWAP&bar=5m&limit=71 "HTTP/2 200 OK"
2026-03-16 15:44:16,918 | INFO | HTTP Request: GET https://www.okx.com/api/v5/market/ticker?instId=ETC-USDT-SWAP "HTTP/2 200 OK"
2026-03-16 15:44:17,356 | INFO | HTTP Request: GET https://www.okx.com/api/v5/market/candles?instId=IMX-USDT-SWAP&bar=5m&limit=71 "HTTP/2 200 OK"
2026-03-16 15:44:17,424 | INFO | HTTP Request: GET https://www.okx.com/api/v5/market/ticker?instId=ETH-USDT-SWAP "HTTP/2 200 OK"
2026-03-16 15:44:17,731 | INFO | HTTP Request: GET https://www.okx.com/api/v5/market/candles?instId=INJ-USDT-SWAP&bar=5m&limit=71 "HTTP/2 200 OK"
2026-03-16 15:44:17,959 | INFO | HTTP Request: GET https://www.okx.com/api/v5/market/ticker?instId=ETHFI-USDT-SWAP "HTTP/2 200 OK"
2026-03-16 15:44:18,159 | INFO | HTTP Request: GET https://www.okx.com/api/v5/account/balance "HTTP/2 200 OK"
2026-03-16 15:44:18,179 | INFO | HTTP Request: GET https://www.okx.com/api/v5/market/candles?instId=IOTA-USDT-SWAP&bar=5m&limit=71 "HTTP/2 200 OK"
2026-03-16 15:44:18,474 | INFO | HTTP Request: GET https://www.okx.com/api/v5/market/ticker?instId=ETHW-USDT-SWAP "HTTP/2 200 OK"
2026-03-16 15:44:18,697 | INFO | HTTP Request: GET https://www.okx.com/api/v5/market/candles?instId=JUP-USDT-SWAP&bar=5m&limit=71 "HTTP/2 200 OK"
2026-03-16 15:44:19,066 | INFO | HTTP Request: GET https://www.okx.com/api/v5/market/ticker?instId=FIL-USDT-SWAP "HTTP/2 200 OK"
2026-03-16 15:44:19,082 | INFO | HTTP Request: GET https://www.okx.com/api/v5/market/candles?instId=KAITO-USDT-SWAP&bar=5m&limit=71 "HTTP/2 200 OK"
2026-03-16 15:44:19,402 | INFO | HTTP Request: GET https://www.okx.com/api/v5/market/candles?instId=BTC-USDT-SWAP&bar=5m&limit=64 "HTTP/2 200 OK"
2026-03-16 15:44:19,469 | INFO | HTTP Request: GET https://www.okx.com/api/v5/market/candles?instId=KSM-USDT-SWAP&bar=5m&limit=71 "HTTP/2 200 OK"
2026-03-16 15:44:19,585 | INFO | HTTP Request: GET https://www.okx.com/api/v5/market/ticker?instId=FLOKI-USDT-SWAP "HTTP/2 200 OK"
2026-03-16 15:44:19,888 | INFO | HTTP Request: GET https://www.okx.com/api/v5/market/candles?instId=LDO-USDT-SWAP&bar=5m&limit=71 "HTTP/2 200 OK"
2026-03-16 15:44:20,109 | INFO | HTTP Request: GET https://www.okx.com/api/v5/market/ticker?instId=GMT-USDT-SWAP "HTTP/2 200 OK"
2026-03-16 15:44:20,288 | INFO | HTTP Request: GET https://www.okx.com/api/v5/market/candles?instId=LINEA-USDT-SWAP&bar=5m&limit=71 "HTTP/2 200 OK"
2026-03-16 15:44:20,622 | INFO | HTTP Request: GET https://www.okx.com/api/v5/market/ticker?instId=HBAR-USDT-SWAP "HTTP/2 200 OK"
2026-03-16 15:44:20,703 | INFO | HTTP Request: GET https://www.okx.com/api/v5/market/candles?instId=LINK-USDT-SWAP&bar=5m&limit=71 "HTTP/2 200 OK"
2026-03-16 15:44:21,114 | INFO | HTTP Request: GET https://www.okx.com/api/v5/market/ticker?instId=HMSTR-USDT-SWAP "HTTP/2 200 OK"
2026-03-16 15:44:21,117 | INFO | HTTP Request: GET https://www.okx.com/api/v5/market/candles?instId=LIT-USDT-SWAP&bar=5m&limit=71 "HTTP/2 200 OK"
2026-03-16 15:44:21,549 | INFO | HTTP Request: GET https://www.okx.com/api/v5/market/candles?instId=LPT-USDT-SWAP&bar=5m&limit=71 "HTTP/2 200 OK"
2026-03-16 15:44:21,639 | INFO | HTTP Request: GET https://www.okx.com/api/v5/market/ticker?instId=HOME-USDT-SWAP "HTTP/2 200 OK"
2026-03-16 15:44:21,957 | INFO | HTTP Request: GET https://www.okx.com/api/v5/market/candles?instId=LQTY-USDT-SWAP&bar=5m&limit=71 "HTTP/2 200 OK"
2026-03-16 15:44:22,154 | INFO | HTTP Request: GET https://www.okx.com/api/v5/market/ticker?instId=IMX-USDT-SWAP "HTTP/2 200 OK"
2026-03-16 15:44:22,338 | INFO | HTTP Request: GET https://www.okx.com/api/v5/market/candles?instId=LRC-USDT-SWAP&bar=5m&limit=71 "HTTP/2 200 OK"
2026-03-16 15:44:22,667 | INFO | HTTP Request: GET https://www.okx.com/api/v5/market/ticker?instId=INJ-USDT-SWAP "HTTP/2 200 OK"
2026-03-16 15:44:22,771 | INFO | HTTP Request: GET https://www.okx.com/api/v5/market/candles?instId=LTC-USDT-SWAP&bar=5m&limit=71 "HTTP/2 200 OK"
2026-03-16 15:44:23,160 | INFO | HTTP Request: GET https://www.okx.com/api/v5/market/candles?instId=MAGIC-USDT-SWAP&bar=5m&limit=71 "HTTP/2 200 OK"
2026-03-16 15:44:23,167 | INFO | HTTP Request: GET https://www.okx.com/api/v5/market/ticker?instId=IOTA-USDT-SWAP "HTTP/2 200 OK"
2026-03-16 15:44:23,551 | INFO | HTTP Request: GET https://www.okx.com/api/v5/market/ticker?instId=MAGIC-USDT-SWAP "HTTP/2 200 OK"
2026-03-16 15:44:23,557 | INFO | MAGIC-USDT-SWAP: Turtle 55 short-сигнал отклонён (закрытие не удержалось ниже канала)
2026-03-16 15:44:23,560 | INFO | MAGIC-USDT-SWAP: Turtle 20 short-сигнал отклонён (закрытие не удержалось ниже канала)
2026-03-16 15:44:23,568 | INFO | HTTP Request: GET https://www.okx.com/api/v5/account/balance "HTTP/2 200 OK"
2026-03-16 15:44:23,690 | INFO | HTTP Request: GET https://www.okx.com/api/v5/market/ticker?instId=JUP-USDT-SWAP "HTTP/2 200 OK"
2026-03-16 15:44:23,953 | INFO | HTTP Request: GET https://www.okx.com/api/v5/market/candles?instId=MAJOR-USDT-SWAP&bar=5m&limit=71 "HTTP/2 200 OK"
2026-03-16 15:44:24,202 | INFO | HTTP Request: GET https://www.okx.com/api/v5/market/ticker?instId=KAITO-USDT-SWAP "HTTP/2 200 OK"
2026-03-16 15:44:24,378 | INFO | HTTP Request: GET https://www.okx.com/api/v5/market/candles?instId=MASK-USDT-SWAP&bar=5m&limit=71 "HTTP/2 200 OK"
2026-03-16 15:44:24,698 | INFO | HTTP Request: GET https://www.okx.com/api/v5/market/ticker?instId=KSM-USDT-SWAP "HTTP/2 200 OK"
2026-03-16 15:44:24,853 | INFO | HTTP Request: GET https://www.okx.com/api/v5/market/candles?instId=MET-USDT-SWAP&bar=5m&limit=71 "HTTP/2 200 OK"
2026-03-16 15:44:25,209 | INFO | HTTP Request: GET https://www.okx.com/api/v5/market/ticker?instId=LDO-USDT-SWAP "HTTP/2 200 OK"
2026-03-16 15:44:25,221 | INFO | HTTP Request: GET https://www.okx.com/api/v5/market/candles?instId=MINA-USDT-SWAP&bar=5m&limit=71 "HTTP/2 200 OK"
2026-03-16 15:44:25,646 | INFO | HTTP Request: GET https://www.okx.com/api/v5/market/candles?instId=MKR-USDT-SWAP&bar=5m&limit=71 "HTTP/2 200 OK"
2026-03-16 15:44:25,650 | INFO | HTTP Request: GET https://www.okx.com/api/v5/market/candles?instId=BTC-USDT-SWAP&bar=5m&limit=64 "HTTP/2 200 OK"
2026-03-16 15:44:25,748 | INFO | HTTP Request: GET https://www.okx.com/api/v5/market/ticker?instId=LINEA-USDT-SWAP "HTTP/2 200 OK"
2026-03-16 15:44:26,043 | INFO | HTTP Request: GET https://www.okx.com/api/v5/market/candles?instId=MUBARAK-USDT-SWAP&bar=5m&limit=71 "HTTP/2 200 OK"
2026-03-16 15:44:26,272 | INFO | HTTP Request: GET https://www.okx.com/api/v5/market/ticker?instId=LINK-USDT-SWAP "HTTP/2 200 OK"
2026-03-16 15:44:26,453 | INFO | HTTP Request: GET https://www.okx.com/api/v5/market/candles?instId=NEAR-USDT-SWAP&bar=5m&limit=71 "HTTP/2 200 OK"
2026-03-16 15:44:26,779 | INFO | HTTP Request: GET https://www.okx.com/api/v5/market/ticker?instId=LIT-USDT-SWAP "HTTP/2 200 OK"
2026-03-16 15:44:26,859 | INFO | HTTP Request: GET https://www.okx.com/api/v5/market/candles?instId=NEO-USDT-SWAP&bar=5m&limit=71 "HTTP/2 200 OK"
2026-03-16 15:44:27,272 | INFO | HTTP Request: GET https://www.okx.com/api/v5/market/candles?instId=NOT-USDT-SWAP&bar=5m&limit=71 "HTTP/2 200 OK"
2026-03-16 15:44:27,280 | INFO | HTTP Request: GET https://www.okx.com/api/v5/market/ticker?instId=LPT-USDT-SWAP "HTTP/2 200 OK"
2026-03-16 15:44:27,695 | INFO | HTTP Request: GET https://www.okx.com/api/v5/market/candles?instId=OP-USDT-SWAP&bar=5m&limit=71 "HTTP/2 200 OK"
2026-03-16 15:44:28,095 | INFO | HTTP Request: GET https://www.okx.com/api/v5/market/candles?instId=PEPE-USDT-SWAP&bar=5m&limit=71 "HTTP/2 200 OK"
2026-03-16 15:44:28,234 | INFO | HTTP Request: GET https://www.okx.com/api/v5/market/ticker?instId=LQTY-USDT-SWAP "HTTP/2 200 OK"
2026-03-16 15:44:28,503 | INFO | HTTP Request: GET https://www.okx.com/api/v5/market/ticker?instId=PEPE-USDT-SWAP "HTTP/2 200 OK"
2026-03-16 15:44:28,543 | INFO | PEPE-USDT-SWAP: Turtle 20 long-сигнал отклонён (закрытие не удержалось выше канала)
2026-03-16 15:44:28,721 | INFO | HTTP Request: GET https://www.okx.com/api/v5/market/ticker?instId=LRC-USDT-SWAP "HTTP/2 200 OK"
2026-03-16 15:44:28,913 | INFO | HTTP Request: GET https://www.okx.com/api/v5/market/candles?instId=PIGGY-USDT-SWAP&bar=5m&limit=71 "HTTP/2 200 OK"
2026-03-16 15:44:28,994 | INFO | HTTP Request: GET https://www.okx.com/api/v5/account/balance "HTTP/2 200 OK"
2026-03-16 15:44:29,233 | INFO | HTTP Request: GET https://www.okx.com/api/v5/market/ticker?instId=LTC-USDT-SWAP "HTTP/2 200 OK"
2026-03-16 15:44:29,327 | INFO | HTTP Request: GET https://www.okx.com/api/v5/market/candles?instId=QTUM-USDT-SWAP&bar=5m&limit=71 "HTTP/2 200 OK"
2026-03-16 15:44:29,729 | INFO | HTTP Request: GET https://www.okx.com/api/v5/market/candles?instId=RAVE-USDT-SWAP&bar=5m&limit=71 "HTTP/2 200 OK"
2026-03-16 15:44:29,863 | INFO | HTTP Request: GET https://www.okx.com/api/v5/market/ticker?instId=MAJOR-USDT-SWAP "HTTP/2 200 OK"
2026-03-16 15:44:30,117 | INFO | HTTP Request: GET https://www.okx.com/api/v5/market/candles?instId=RESOLV-USDT-SWAP&bar=5m&limit=71 "HTTP/2 200 OK"
2026-03-16 15:44:30,354 | INFO | HTTP Request: GET https://www.okx.com/api/v5/market/ticker?instId=MASK-USDT-SWAP "HTTP/2 200 OK"
2026-03-16 15:44:30,530 | INFO | HTTP Request: GET https://www.okx.com/api/v5/market/candles?instId=ROBO-USDT-SWAP&bar=5m&limit=71 "HTTP/2 200 OK"
2026-03-16 15:44:30,855 | INFO | HTTP Request: GET https://www.okx.com/api/v5/market/ticker?instId=MET-USDT-SWAP "HTTP/2 200 OK"
2026-03-16 15:44:30,954 | INFO | HTTP Request: GET https://www.okx.com/api/v5/market/candles?instId=SAND-USDT-SWAP&bar=5m&limit=71 "HTTP/2 200 OK"
2026-03-16 15:44:31,374 | INFO | HTTP Request: GET https://www.okx.com/api/v5/market/candles?instId=SCR-USDT-SWAP&bar=5m&limit=71 "HTTP/2 200 OK"
2026-03-16 15:44:31,376 | INFO | HTTP Request: GET https://www.okx.com/api/v5/market/ticker?instId=MINA-USDT-SWAP "HTTP/2 200 OK"
2026-03-16 15:44:31,756 | INFO | HTTP Request: GET https://www.okx.com/api/v5/market/candles?instId=SHIB-USDT-SWAP&bar=5m&limit=71 "HTTP/2 200 OK"
2026-03-16 15:44:31,886 | INFO | HTTP Request: GET https://www.okx.com/api/v5/market/ticker?instId=MKR-USDT-SWAP "HTTP/2 200 OK"
2026-03-16 15:44:31,921 | INFO | HTTP Request: GET https://www.okx.com/api/v5/market/candles?instId=BTC-USDT-SWAP&bar=5m&limit=64 "HTTP/2 200 OK"
2026-03-16 15:44:32,169 | INFO | HTTP Request: GET https://www.okx.com/api/v5/market/candles?instId=SKY-USDT-SWAP&bar=5m&limit=71 "HTTP/2 200 OK"
2026-03-16 15:44:32,394 | INFO | HTTP Request: GET https://www.okx.com/api/v5/market/ticker?instId=MUBARAK-USDT-SWAP "HTTP/2 200 OK"
2026-03-16 15:44:32,544 | INFO | HTTP Request: GET https://www.okx.com/api/v5/market/candles?instId=SOL-USDT-SWAP&bar=5m&limit=71 "HTTP/2 200 OK"
2026-03-16 15:44:32,898 | INFO | HTTP Request: GET https://www.okx.com/api/v5/market/ticker?instId=NEAR-USDT-SWAP "HTTP/2 200 OK"
2026-03-16 15:44:32,911 | INFO | HTTP Request: GET https://www.okx.com/api/v5/market/candles?instId=SOLV-USDT-SWAP&bar=5m&limit=71 "HTTP/2 200 OK"
2026-03-16 15:44:33,360 | INFO | HTTP Request: GET https://www.okx.com/api/v5/market/candles?instId=SPK-USDT-SWAP&bar=5m&limit=71 "HTTP/2 200 OK"
2026-03-16 15:44:33,404 | INFO | HTTP Request: GET https://www.okx.com/api/v5/market/ticker?instId=NEO-USDT-SWAP "HTTP/2 200 OK"
2026-03-16 15:44:33,814 | INFO | HTTP Request: GET https://www.okx.com/api/v5/market/candles?instId=STRK-USDT-SWAP&bar=5m&limit=71 "HTTP/2 200 OK"
2026-03-16 15:44:33,925 | INFO | HTTP Request: GET https://www.okx.com/api/v5/market/ticker?instId=NOT-USDT-SWAP "HTTP/2 200 OK"
2026-03-16 15:44:34,181 | INFO | HTTP Request: GET https://www.okx.com/api/v5/market/candles?instId=SUI-USDT-SWAP&bar=5m&limit=71 "HTTP/2 200 OK"
2026-03-16 15:44:34,416 | INFO | HTTP Request: GET https://www.okx.com/api/v5/market/ticker?instId=OP-USDT-SWAP "HTTP/2 200 OK"
2026-03-16 15:44:34,427 | INFO | HTTP Request: GET https://www.okx.com/api/v5/account/balance "HTTP/2 200 OK"
2026-03-16 15:44:34,610 | INFO | HTTP Request: GET https://www.okx.com/api/v5/market/candles?instId=SUSHI-USDT-SWAP&bar=5m&limit=71 "HTTP/2 200 OK"
2026-03-16 15:44:35,041 | INFO | HTTP Request: GET https://www.okx.com/api/v5/market/ticker?instId=PIGGY-USDT-SWAP "HTTP/2 200 OK"
2026-03-16 15:44:35,098 | INFO | HTTP Request: GET https://www.okx.com/api/v5/market/candles?instId=SYRUP-USDT-SWAP&bar=5m&limit=71 "HTTP/2 200 OK"
2026-03-16 15:44:35,460 | INFO | HTTP Request: GET https://www.okx.com/api/v5/market/candles?instId=TEST1234-USDT-SWAP&bar=5m&limit=71 "HTTP/2 200 OK"
2026-03-16 15:44:35,562 | INFO | HTTP Request: GET https://www.okx.com/api/v5/market/ticker?instId=QTUM-USDT-SWAP "HTTP/2 200 OK"
2026-03-16 15:44:35,875 | INFO | HTTP Request: GET https://www.okx.com/api/v5/market/candles?instId=TEST3103-USDT-SWAP&bar=5m&limit=71 "HTTP/2 200 OK"
2026-03-16 15:44:36,089 | INFO | HTTP Request: GET https://www.okx.com/api/v5/market/ticker?instId=RAVE-USDT-SWAP "HTTP/2 200 OK"
2026-03-16 15:44:36,288 | INFO | HTTP Request: GET https://www.okx.com/api/v5/market/candles?instId=TEST3110-USDT-SWAP&bar=5m&limit=71 "HTTP/2 200 OK"
2026-03-16 15:44:36,613 | INFO | HTTP Request: GET https://www.okx.com/api/v5/market/ticker?instId=RESOLV-USDT-SWAP "HTTP/2 200 OK"
2026-03-16 15:44:36,761 | INFO | HTTP Request: GET https://www.okx.com/api/v5/market/candles?instId=THETA-USDT-SWAP&bar=5m&limit=71 "HTTP/2 200 OK"
2026-03-16 15:44:37,146 | INFO | HTTP Request: GET https://www.okx.com/api/v5/market/ticker?instId=ROBO-USDT-SWAP "HTTP/2 200 OK"
2026-03-16 15:44:37,216 | INFO | HTTP Request: GET https://www.okx.com/api/v5/market/candles?instId=TON-USDT-SWAP&bar=5m&limit=71 "HTTP/2 200 OK"
2026-03-16 15:44:37,583 | INFO | HTTP Request: GET https://www.okx.com/api/v5/market/candles?instId=TRIA-USDT-SWAP&bar=5m&limit=71 "HTTP/2 200 OK"
2026-03-16 15:44:37,654 | INFO | HTTP Request: GET https://www.okx.com/api/v5/market/ticker?instId=SAND-USDT-SWAP "HTTP/2 200 OK"
2026-03-16 15:44:38,002 | INFO | HTTP Request: GET https://www.okx.com/api/v5/market/candles?instId=TRX-USDT-SWAP&bar=5m&limit=71 "HTTP/2 200 OK"
2026-03-16 15:44:38,143 | INFO | HTTP Request: GET https://www.okx.com/api/v5/market/ticker?instId=SCR-USDT-SWAP "HTTP/2 200 OK"
2026-03-16 15:44:38,149 | INFO | HTTP Request: GET https://www.okx.com/api/v5/market/candles?instId=BTC-USDT-SWAP&bar=5m&limit=64 "HTTP/2 200 OK"
2026-03-16 15:44:38,432 | INFO | HTTP Request: GET https://www.okx.com/api/v5/market/candles?instId=TSLA-USDT-SWAP&bar=5m&limit=71 "HTTP/2 200 OK"
2026-03-16 15:44:38,649 | INFO | HTTP Request: GET https://www.okx.com/api/v5/market/ticker?instId=SHIB-USDT-SWAP "HTTP/2 200 OK"
2026-03-16 15:44:38,853 | INFO | HTTP Request: GET https://www.okx.com/api/v5/market/candles?instId=XAU-USDT-SWAP&bar=5m&limit=71 "HTTP/2 200 OK"
2026-03-16 15:44:39,147 | INFO | HTTP Request: GET https://www.okx.com/api/v5/market/ticker?instId=SKY-USDT-SWAP "HTTP/2 200 OK"
2026-03-16 15:44:39,233 | INFO | HTTP Request: GET https://www.okx.com/api/v5/market/candles?instId=XLM-USDT-SWAP&bar=5m&limit=71 "HTTP/2 200 OK"
2026-03-16 15:44:39,639 | INFO | HTTP Request: GET https://www.okx.com/api/v5/market/candles?instId=XPL-USDT-SWAP&bar=5m&limit=71 "HTTP/2 200 OK"
2026-03-16 15:44:39,653 | INFO | HTTP Request: GET https://www.okx.com/api/v5/market/ticker?instId=SOL-USDT-SWAP "HTTP/2 200 OK"
2026-03-16 15:44:39,813 | INFO | HTTP Request: GET https://www.okx.com/api/v5/account/balance "HTTP/2 200 OK"
2026-03-16 15:44:40,043 | INFO | HTTP Request: GET https://www.okx.com/api/v5/market/candles?instId=XRP-USDT-SWAP&bar=5m&limit=71 "HTTP/2 200 OK"
2026-03-16 15:44:40,158 | INFO | HTTP Request: GET https://www.okx.com/api/v5/market/ticker?instId=SOLV-USDT-SWAP "HTTP/2 200 OK"
2026-03-16 15:44:40,405 | INFO | HTTP Request: GET https://www.okx.com/api/v5/market/candles?instId=XSR-USDT-SWAP&bar=5m&limit=71 "HTTP/2 200 OK"
2026-03-16 15:44:40,674 | INFO | HTTP Request: GET https://www.okx.com/api/v5/market/ticker?instId=SPK-USDT-SWAP "HTTP/2 200 OK"
2026-03-16 15:44:40,796 | INFO | HTTP Request: GET https://www.okx.com/api/v5/market/candles?instId=XTZ-USDT-SWAP&bar=5m&limit=71 "HTTP/2 200 OK"
2026-03-16 15:44:41,188 | INFO | HTTP Request: GET https://www.okx.com/api/v5/market/candles?instId=YB-USDT-SWAP&bar=5m&limit=71 "HTTP/2 200 OK"
2026-03-16 15:44:41,200 | INFO | HTTP Request: GET https://www.okx.com/api/v5/market/ticker?instId=STRK-USDT-SWAP "HTTP/2 200 OK"
2026-03-16 15:44:41,593 | INFO | HTTP Request: GET https://www.okx.com/api/v5/market/candles?instId=YFI-USDT-SWAP&bar=5m&limit=71 "HTTP/2 200 OK"
2026-03-16 15:44:41,738 | INFO | HTTP Request: GET https://www.okx.com/api/v5/market/ticker?instId=SUI-USDT-SWAP "HTTP/2 200 OK"
2026-03-16 15:44:41,988 | INFO | HTTP Request: GET https://www.okx.com/api/v5/market/candles?instId=YGG-USDT-SWAP&bar=5m&limit=71 "HTTP/2 200 OK"
2026-03-16 15:44:42,225 | INFO | HTTP Request: GET https://www.okx.com/api/v5/market/ticker?instId=SUSHI-USDT-SWAP "HTTP/2 200 OK"
2026-03-16 15:44:42,375 | INFO | HTTP Request: GET https://www.okx.com/api/v5/market/candles?instId=ZAMA-USDT-SWAP&bar=5m&limit=71 "HTTP/2 200 OK"
2026-03-16 15:44:42,707 | INFO | HTTP Request: GET https://www.okx.com/api/v5/market/ticker?instId=SYRUP-USDT-SWAP "HTTP/2 200 OK"
2026-03-16 15:44:42,750 | INFO | HTTP Request: GET https://www.okx.com/api/v5/market/candles?instId=ZBCN-USDT-SWAP&bar=5m&limit=71 "HTTP/2 200 OK"
2026-03-16 15:44:43,178 | INFO | HTTP Request: GET https://www.okx.com/api/v5/market/candles?instId=ZETA-USDT-SWAP&bar=5m&limit=71 "HTTP/2 200 OK"
2026-03-16 15:44:43,194 | INFO | HTTP Request: GET https://www.okx.com/api/v5/market/ticker?instId=TEST1234-USDT-SWAP "HTTP/2 200 OK"
2026-03-16 15:44:43,541 | INFO | HTTP Request: GET https://www.okx.com/api/v5/market/candles?instId=ZIL-USDT-SWAP&bar=5m&limit=71 "HTTP/2 200 OK"
2026-03-16 15:44:43,690 | INFO | HTTP Request: GET https://www.okx.com/api/v5/market/ticker?instId=TEST3103-USDT-SWAP "HTTP/2 200 OK"
2026-03-16 15:44:43,916 | INFO | HTTP Request: GET https://www.okx.com/api/v5/market/ticker?instId=ZIL-USDT-SWAP "HTTP/2 200 OK"
2026-03-16 15:44:43,920 | INFO | ZIL-USDT-SWAP: Turtle 55 short-сигнал отклонён (закрытие не удержалось ниже канала)
2026-03-16 15:44:43,925 | INFO | ZIL-USDT-SWAP: Turtle 20 short-сигнал отклонён (закрытие не удержалось ниже канала)
2026-03-16 15:44:44,174 | INFO | HTTP Request: GET https://www.okx.com/api/v5/market/ticker?instId=TEST3110-USDT-SWAP "HTTP/2 200 OK"
2026-03-16 15:44:44,296 | INFO | HTTP Request: GET https://www.okx.com/api/v5/market/candles?instId=XAG-USDT-SWAP&bar=5m&limit=26 "HTTP/2 200 OK"
2026-03-16 15:44:44,397 | INFO | HTTP Request: GET https://www.okx.com/api/v5/market/candles?instId=BTC-USDT-SWAP&bar=5m&limit=64 "HTTP/2 200 OK"
2026-03-16 15:44:44,660 | INFO | HTTP Request: GET https://www.okx.com/api/v5/market/ticker?instId=XAG-USDT-SWAP "HTTP/2 200 OK"
2026-03-16 15:44:44,667 | INFO | HTTP Request: GET https://www.okx.com/api/v5/market/ticker?instId=THETA-USDT-SWAP "HTTP/2 200 OK"
2026-03-16 15:44:45,012 | INFO | HTTP Request: GET https://www.okx.com/api/v5/trade/orders-algo-pending?ordType=conditional&instType=SWAP&instId=XAG-USDT-SWAP "HTTP/2 200 OK"
2026-03-16 15:44:45,155 | INFO | HTTP Request: GET https://www.okx.com/api/v5/account/balance "HTTP/2 200 OK"
2026-03-16 15:44:45,194 | INFO | HTTP Request: GET https://www.okx.com/api/v5/market/ticker?instId=TON-USDT-SWAP "HTTP/2 200 OK"
2026-03-16 15:44:45,319 | INFO | HTTP Request: GET https://www.okx.com/api/v5/trade/orders-algo-pending?ordType=oco&instType=SWAP&instId=XAG-USDT-SWAP "HTTP/2 200 OK"
2026-03-16 15:44:45,635 | INFO | HTTP Request: GET https://www.okx.com/api/v5/trade/orders-algo-pending?ordType=trigger&instType=SWAP&instId=XAG-USDT-SWAP "HTTP/2 200 OK"
2026-03-16 15:44:45,693 | INFO | HTTP Request: GET https://www.okx.com/api/v5/market/ticker?instId=TRIA-USDT-SWAP "HTTP/2 200 OK"
2026-03-16 15:44:45,945 | INFO | HTTP Request: GET https://www.okx.com/api/v5/trade/orders-algo-pending?ordType=move_order_stop&instType=SWAP&instId=XAG-USDT-SWAP "HTTP/2 200 OK"
2026-03-16 15:44:46,185 | INFO | HTTP Request: GET https://www.okx.com/api/v5/trade/orders-algo-pending?ordType=iceberg&instType=SWAP&instId=XAG-USDT-SWAP "HTTP/2 200 OK"
2026-03-16 15:44:46,222 | INFO | HTTP Request: GET https://www.okx.com/api/v5/market/ticker?instId=TRX-USDT-SWAP "HTTP/2 200 OK"
2026-03-16 15:44:46,501 | INFO | HTTP Request: GET https://www.okx.com/api/v5/trade/orders-algo-pending?ordType=twap&instType=SWAP&instId=XAG-USDT-SWAP "HTTP/2 200 OK"
2026-03-16 15:44:46,778 | INFO | HTTP Request: GET https://www.okx.com/api/v5/trade/orders-algo-pending?ordType=chase&instType=SWAP&instId=XAG-USDT-SWAP "HTTP/2 200 OK"
2026-03-16 15:44:47,149 | INFO | HTTP Request: GET https://www.okx.com/api/v5/market/candles?instId=ICP-USDT-SWAP&bar=5m&limit=26 "HTTP/2 200 OK"
2026-03-16 15:44:47,434 | INFO | HTTP Request: GET https://www.okx.com/api/v5/market/ticker?instId=XTZ-USDT-SWAP "HTTP/2 200 OK"
2026-03-16 15:44:47,557 | INFO | HTTP Request: GET https://www.okx.com/api/v5/market/ticker?instId=ICP-USDT-SWAP "HTTP/2 200 OK"
2026-03-16 15:44:47,809 | INFO | HTTP Request: GET https://www.okx.com/api/v5/trade/orders-algo-pending?ordType=conditional&instType=SWAP&instId=ICP-USDT-SWAP "HTTP/2 200 OK"
2026-03-16 15:44:47,931 | INFO | HTTP Request: GET https://www.okx.com/api/v5/market/ticker?instId=YB-USDT-SWAP "HTTP/2 200 OK"
2026-03-16 15:44:48,124 | INFO | HTTP Request: GET https://www.okx.com/api/v5/trade/orders-algo-pending?ordType=oco&instType=SWAP&instId=ICP-USDT-SWAP "HTTP/2 200 OK"
2026-03-16 15:44:48,393 | INFO | HTTP Request: GET https://www.okx.com/api/v5/trade/orders-algo-pending?ordType=trigger&instType=SWAP&instId=ICP-USDT-SWAP "HTTP/2 200 OK"
2026-03-16 15:44:48,418 | INFO | HTTP Request: GET https://www.okx.com/api/v5/market/ticker?instId=YFI-USDT-SWAP "HTTP/2 200 OK"
2026-03-16 15:44:48,730 | INFO | HTTP Request: GET https://www.okx.com/api/v5/trade/orders-algo-pending?ordType=move_order_stop&instType=SWAP&instId=ICP-USDT-SWAP "HTTP/2 200 OK"
2026-03-16 15:44:48,944 | INFO | HTTP Request: GET https://www.okx.com/api/v5/market/ticker?instId=YGG-USDT-SWAP "HTTP/2 200 OK"
2026-03-16 15:44:49,058 | INFO | HTTP Request: GET https://www.okx.com/api/v5/trade/orders-algo-pending?ordType=iceberg&instType=SWAP&instId=ICP-USDT-SWAP "HTTP/2 200 OK"
2026-03-16 15:44:49,296 | INFO | HTTP Request: GET https://www.okx.com/api/v5/trade/orders-algo-pending?ordType=twap&instType=SWAP&instId=ICP-USDT-SWAP "HTTP/2 200 OK"
2026-03-16 15:44:49,453 | INFO | HTTP Request: GET https://www.okx.com/api/v5/market/ticker?instId=ZAMA-USDT-SWAP "HTTP/2 200 OK"
2026-03-16 15:44:49,610 | INFO | HTTP Request: GET https://www.okx.com/api/v5/trade/orders-algo-pending?ordType=chase&instType=SWAP&instId=ICP-USDT-SWAP "HTTP/2 200 OK"
2026-03-16 15:44:49,981 | INFO | HTTP Request: GET https://www.okx.com/api/v5/market/candles?instId=BREV-USDT-SWAP&bar=5m&limit=26 "HTTP/2 200 OK"
2026-03-16 15:44:50,015 | INFO | HTTP Request: GET https://www.okx.com/api/v5/market/ticker?instId=ZBCN-USDT-SWAP "HTTP/2 200 OK"
2026-03-16 15:44:50,392 | INFO | HTTP Request: GET https://www.okx.com/api/v5/market/ticker?instId=BREV-USDT-SWAP "HTTP/2 200 OK"
2026-03-16 15:44:50,431 | INFO | Placing exchange stop BREV-USDT-SWAP long payload={'instId': 'BREV-USDT-SWAP', 'tdMode': 'isolated', 'side': 'sell', 'posSide': 'net', 'ordType': 'conditional', 'sz': '120000', 'slTriggerPx': '1.008904996667', 'slOrdPx': '-1'}
2026-03-16 15:44:50,515 | INFO | HTTP Request: GET https://www.okx.com/api/v5/market/ticker?instId=ZETA-USDT-SWAP "HTTP/2 200 OK"
2026-03-16 15:44:50,530 | INFO | HTTP Request: GET https://www.okx.com/api/v5/account/balance "HTTP/2 200 OK"
2026-03-16 15:44:50,659 | INFO | HTTP Request: GET https://www.okx.com/api/v5/market/candles?instId=BTC-USDT-SWAP&bar=5m&limit=64 "HTTP/2 200 OK"
2026-03-16 15:44:50,687 | INFO | HTTP Request: POST https://www.okx.com/api/v5/trade/order-algo "HTTP/2 200 OK"
2026-03-16 15:44:50,937 | INFO | HTTP Request: POST https://www.okx.com/api/v5/trade/cancel-algos "HTTP/2 200 OK"
2026-03-16 15:44:50,941 | INFO | Closing position BREV-USDT-SWAP. Защита тренда: откат от пика 21895003333.33R → 3695003333.33R
2026-03-16 15:44:51,148 | INFO | HTTP Request: GET https://www.okx.com/api/v5/market/ticker?instId=XAG-USDT-SWAP "HTTP/2 200 OK"
2026-03-16 15:44:51,195 | INFO | HTTP Request: POST https://www.okx.com/api/v5/trade/close-position "HTTP/2 200 OK"
2026-03-16 15:44:51,207 | WARNING | Failed to load json context : [Errno 13] Permission denied: '.'
2026-03-16 15:44:51,520 | INFO | HTTP Request: GET https://www.okx.com/api/v5/market/candles?instId=XAG-USDT-SWAP&bar=5m&limit=89 "HTTP/2 200 OK"
2026-03-16 15:44:51,572 | INFO | HTTP Request: GET https://www.okx.com/api/v5/market/candles?instId=BREV-USDT-SWAP&bar=5m&limit=97 "HTTP/2 200 OK"
2026-03-16 15:44:52,259 | INFO | HTTP Request: GET https://www.okx.com/api/v5/market/ticker?instId=1INCH-USDT-SWAP "HTTP/2 200 OK"
2026-03-16 15:44:52,654 | INFO | HTTP Request: GET https://www.okx.com/api/v5/market/candles?instId=1INCH-USDT-SWAP&bar=5m&limit=89 "HTTP/2 200 OK"
2026-03-16 15:44:53,166 | INFO | HTTP Request: GET https://www.okx.com/api/v5/market/ticker?instId=2Z-USDT-SWAP "HTTP/2 200 OK"
2026-03-16 15:44:53,557 | INFO | HTTP Request: GET https://www.okx.com/api/v5/market/candles?instId=2Z-USDT-SWAP&bar=5m&limit=89 "HTTP/2 200 OK"
2026-03-16 15:44:54,090 | INFO | HTTP Request: GET https://www.okx.com/api/v5/market/ticker?instId=A-USDT-SWAP "HTTP/2 200 OK"
2026-03-16 15:44:54,471 | INFO | HTTP Request: GET https://www.okx.com/api/v5/market/candles?instId=A-USDT-SWAP&bar=5m&limit=89 "HTTP/2 200 OK"
2026-03-16 15:44:55,000 | INFO | HTTP Request: GET https://www.okx.com/api/v5/market/ticker?instId=AAVE-USDT-SWAP "HTTP/2 200 OK"
2026-03-16 15:44:55,417 | INFO | HTTP Request: GET https://www.okx.com/api/v5/market/candles?instId=AAVE-USDT-SWAP&bar=5m&limit=89 "HTTP/2 200 OK"
2026-03-16 15:44:55,910 | INFO | HTTP Request: GET https://www.okx.com/api/v5/market/ticker?instId=ACT-USDT-SWAP "HTTP/2 200 OK"
2026-03-16 15:44:55,927 | INFO | HTTP Request: GET https://www.okx.com/api/v5/account/balance "HTTP/2 200 OK"
2026-03-16 15:44:56,326 | INFO | HTTP Request: GET https://www.okx.com/api/v5/market/candles?instId=ACT-USDT-SWAP&bar=5m&limit=89 "HTTP/2 200 OK"
2026-03-16 15:44:56,827 | INFO | HTTP Request: GET https://www.okx.com/api/v5/market/ticker?instId=ADA-USDT-SWAP "HTTP/2 200 OK"
2026-03-16 15:44:56,842 | INFO | HTTP Request: GET https://www.okx.com/api/v5/account/positions?instType=SWAP "HTTP/2 200 OK"
2026-03-16 15:44:56,914 | INFO | HTTP Request: GET https://www.okx.com/api/v5/market/candles?instId=BTC-USDT-SWAP&bar=5m&limit=64 "HTTP/2 200 OK"
2026-03-16 15:44:57,218 | INFO | HTTP Request: GET https://www.okx.com/api/v5/market/candles?instId=ADA-USDT-SWAP&bar=5m&limit=89 "HTTP/2 200 OK"
2026-03-16 15:44:57,286 | INFO | HTTP Request: GET https://www.okx.com/api/v5/market/candles?instId=BREV-USDT-SWAP&bar=5m&limit=26 "HTTP/2 200 OK"
2026-03-16 15:44:57,645 | INFO | HTTP Request: GET https://www.okx.com/api/v5/market/candles?instId=1INCH-USDT-SWAP&bar=5m&limit=71 "HTTP/2 200 OK"
2026-03-16 15:44:57,746 | INFO | HTTP Request: GET https://www.okx.com/api/v5/market/ticker?instId=AI16Z-USDT-SWAP "HTTP/2 200 OK"
2026-03-16 15:44:58,059 | INFO | HTTP Request: GET https://www.okx.com/api/v5/market/candles?instId=2Z-USDT-SWAP&bar=5m&limit=71 "HTTP/2 200 OK"
2026-03-16 15:44:58,111 | INFO | HTTP Request: GET https://www.okx.com/api/v5/market/candles?instId=AI16Z-USDT-SWAP&bar=5m&limit=89 "HTTP/2 200 OK"
2026-03-16 15:44:58,440 | INFO | HTTP Request: GET https://www.okx.com/api/v5/market/candles?instId=AI16Z-USDT-SWAP&bar=5m&limit=71 "HTTP/2 200 OK"
2026-03-16 15:44:58,590 | INFO | HTTP Request: GET https://www.okx.com/api/v5/market/ticker?instId=AKITA-USDT-SWAP "HTTP/2 200 OK"
2026-03-16 15:44:58,827 | INFO | HTTP Request: GET https://www.okx.com/api/v5/market/candles?instId=AKITA-USDT-SWAP&bar=5m&limit=71 "HTTP/2 200 OK"
2026-03-16 15:44:58,950 | INFO | HTTP Request: GET https://www.okx.com/api/v5/market/candles?instId=AKITA-USDT-SWAP&bar=5m&limit=89 "HTTP/2 200 OK"
2026-03-16 15:44:59,198 | INFO | HTTP Request: GET https://www.okx.com/api/v5/market/candles?instId=ALGO-USDT-SWAP&bar=5m&limit=71 "HTTP/2 200 OK"
2026-03-16 15:44:59,444 | INFO | HTTP Request: GET https://www.okx.com/api/v5/market/ticker?instId=ALGO-USDT-SWAP "HTTP/2 200 OK"
2026-03-16 15:44:59,571 | INFO | HTTP Request: GET https://www.okx.com/api/v5/market/candles?instId=ARB-USDT-SWAP&bar=5m&limit=71 "HTTP/2 200 OK"
2026-03-16 15:44:59,804 | INFO | HTTP Request: GET https://www.okx.com/api/v5/market/candles?instId=ALGO-USDT-SWAP&bar=5m&limit=89 "HTTP/2 200 OK"
2026-03-16 15:44:59,938 | INFO | HTTP Request: GET https://www.okx.com/api/v5/market/candles?instId=ASP-USDT-SWAP&bar=5m&limit=71 "HTTP/2 200 OK"
2026-03-16 15:45:00,302 | INFO | HTTP Request: GET https://www.okx.com/api/v5/market/ticker?instId=ARB-USDT-SWAP "HTTP/2 200 OK"
2026-03-16 15:45:00,305 | INFO | HTTP Request: GET https://www.okx.com/api/v5/market/candles?instId=ASTER-USDT-SWAP&bar=5m&limit=71 "HTTP/2 200 OK"
2026-03-16 15:45:00,726 | INFO | HTTP Request: GET https://www.okx.com/api/v5/market/candles?instId=ATOM-USDT-SWAP&bar=5m&limit=71 "HTTP/2 200 OK"
2026-03-16 15:45:00,840 | INFO | HTTP Request: GET https://www.okx.com/api/v5/market/ticker?instId=ASP-USDT-SWAP "HTTP/2 200 OK"
2026-03-16 15:45:01,155 | INFO | HTTP Request: GET https://www.okx.com/api/v5/market/candles?instId=AUCTION-USDT-SWAP&bar=5m&limit=71 "HTTP/2 200 OK"
2026-03-16 15:45:01,195 | INFO | HTTP Request: GET https://www.okx.com/api/v5/account/balance "HTTP/2 200 OK"
2026-03-16 15:45:01,339 | INFO | HTTP Request: GET https://www.okx.com/api/v5/market/ticker?instId=ASTER-USDT-SWAP "HTTP/2 200 OK"
2026-03-16 15:45:01,566 | INFO | HTTP Request: GET https://www.okx.com/api/v5/market/candles?instId=AVAX-USDT-SWAP&bar=5m&limit=71 "HTTP/2 200 OK"
2026-03-16 15:45:01,848 | INFO | HTTP Request: GET https://www.okx.com/api/v5/market/ticker?instId=ATOM-USDT-SWAP "HTTP/2 200 OK"
2026-03-16 15:45:01,951 | INFO | HTTP Request: GET https://www.okx.com/api/v5/market/candles?instId=AXS-USDT-SWAP&bar=5m&limit=71 "HTTP/2 200 OK"
2026-03-16 15:45:02,361 | INFO | HTTP Request: GET https://www.okx.com/api/v5/market/ticker?instId=AUCTION-USDT-SWAP "HTTP/2 200 OK"
2026-03-16 15:45:02,417 | INFO | HTTP Request: GET https://www.okx.com/api/v5/market/candles?instId=BAND-USDT-SWAP&bar=5m&limit=71 "HTTP/2 200 OK"
2026-03-16 15:45:02,787 | INFO | HTTP Request: GET https://www.okx.com/api/v5/market/candles?instId=BCH-USDT-SWAP&bar=5m&limit=71 "HTTP/2 200 OK"
2026-03-16 15:45:02,872 | INFO | HTTP Request: GET https://www.okx.com/api/v5/market/ticker?instId=AVAX-USDT-SWAP "HTTP/2 200 OK"
2026-03-16 15:45:03,143 | INFO | HTTP Request: GET https://www.okx.com/api/v5/market/candles?instId=BTC-USDT-SWAP&bar=5m&limit=64 "HTTP/2 200 OK"
2026-03-16 15:45:03,200 | INFO | HTTP Request: GET https://www.okx.com/api/v5/market/candles?instId=BIO-USDT-SWAP&bar=5m&limit=71 "HTTP/2 200 OK"
2026-03-16 15:45:03,369 | INFO | HTTP Request: GET https://www.okx.com/api/v5/market/ticker?instId=AXS-USDT-SWAP "HTTP/2 200 OK"
2026-03-16 15:45:03,592 | INFO | HTTP Request: GET https://www.okx.com/api/v5/market/candles?instId=BLUAI-USDT-SWAP&bar=5m&limit=71 "HTTP/2 200 OK"
2026-03-16 15:45:03,900 | INFO | HTTP Request: GET https://www.okx.com/api/v5/market/ticker?instId=BAND-USDT-SWAP "HTTP/2 200 OK"
2026-03-16 15:45:03,975 | INFO | HTTP Request: GET https://www.okx.com/api/v5/market/candles?instId=BNB-USDT-SWAP&bar=5m&limit=71 "HTTP/2 200 OK"
2026-03-16 15:45:04,397 | INFO | HTTP Request: GET https://www.okx.com/api/v5/market/ticker?instId=BCH-USDT-SWAP "HTTP/2 200 OK"
2026-03-16 15:45:04,405 | INFO | HTTP Request: GET https://www.okx.com/api/v5/market/candles?instId=BOME-USDT-SWAP&bar=5m&limit=71 "HTTP/2 200 OK"
2026-03-16 15:45:04,790 | INFO | HTTP Request: GET https://www.okx.com/api/v5/market/candles?instId=BRETT-USDT-SWAP&bar=5m&limit=71 "HTTP/2 200 OK"
2026-03-16 15:45:04,903 | INFO | HTTP Request: GET https://www.okx.com/api/v5/market/ticker?instId=BIO-USDT-SWAP "HTTP/2 200 OK"
2026-03-16 15:45:05,220 | INFO | HTTP Request: GET https://www.okx.com/api/v5/market/candles?instId=BTC-USDT-SWAP&bar=5m&limit=71 "HTTP/2 200 OK"
2026-03-16 15:45:05,427 | INFO | HTTP Request: GET https://www.okx.com/api/v5/market/ticker?instId=BLUAI-USDT-SWAP "HTTP/2 200 OK"
2026-03-16 15:45:05,605 | INFO | HTTP Request: GET https://www.okx.com/api/v5/market/candles?instId=CAT-USDT-SWAP&bar=5m&limit=71 "HTTP/2 200 OK"
2026-03-16 15:45:05,932 | INFO | HTTP Request: GET https://www.okx.com/api/v5/market/ticker?instId=BNB-USDT-SWAP "HTTP/2 200 OK"
2026-03-16 15:45:06,017 | INFO | HTTP Request: GET https://www.okx.com/api/v5/market/candles?instId=CATI-USDT-SWAP&bar=5m&limit=71 "HTTP/2 200 OK"
2026-03-16 15:45:06,433 | INFO | HTTP Request: GET https://www.okx.com/api/v5/market/candles?instId=CELO-USDT-SWAP&bar=5m&limit=71 "HTTP/2 200 OK"
2026-03-16 15:45:06,449 | INFO | HTTP Request: GET https://www.okx.com/api/v5/market/ticker?instId=BOME-USDT-SWAP "HTTP/2 200 OK"
2026-03-16 15:45:06,624 | INFO | HTTP Request: GET https://www.okx.com/api/v5/account/balance "HTTP/2 200 OK"
2026-03-16 15:45:06,866 | INFO | HTTP Request: GET https://www.okx.com/api/v5/market/candles?instId=CFX-USDT-SWAP&bar=5m&limit=71 "HTTP/2 200 OK"
2026-03-16 15:45:06,945 | INFO | HTTP Request: GET https://www.okx.com/api/v5/market/ticker?instId=BRETT-USDT-SWAP "HTTP/2 200 OK"
2026-03-16 15:45:07,254 | INFO | HTTP Request: GET https://www.okx.com/api/v5/market/candles?instId=CHZ-USDT-SWAP&bar=5m&limit=71 "HTTP/2 200 OK"
2026-03-16 15:45:07,469 | INFO | HTTP Request: GET https://www.okx.com/api/v5/market/ticker?instId=BTC-USDT-SWAP "HTTP/2 200 OK"
2026-03-16 15:45:07,653 | INFO | HTTP Request: GET https://www.okx.com/api/v5/market/candles?instId=COAI-USDT-SWAP&bar=5m&limit=71 "HTTP/2 200 OK"
2026-03-16 15:45:07,976 | INFO | HTTP Request: GET https://www.okx.com/api/v5/market/ticker?instId=CAT-USDT-SWAP "HTTP/2 200 OK"
2026-03-16 15:45:08,054 | INFO | HTTP Request: GET https://www.okx.com/api/v5/market/candles?instId=COMP-USDT-SWAP&bar=5m&limit=71 "HTTP/2 200 OK"
2026-03-16 15:45:08,469 | INFO | HTTP Request: GET https://www.okx.com/api/v5/market/candles?instId=CRO-USDT-SWAP&bar=5m&limit=71 "HTTP/2 200 OK"
2026-03-16 15:45:08,489 | INFO | HTTP Request: GET https://www.okx.com/api/v5/market/ticker?instId=CATI-USDT-SWAP "HTTP/2 200 OK"
2026-03-16 15:45:08,870 | INFO | HTTP Request: GET https://www.okx.com/api/v5/market/candles?instId=CRV-USDT-SWAP&bar=5m&limit=71 "HTTP/2 200 OK"
2026-03-16 15:45:08,992 | INFO | HTTP Request: GET https://www.okx.com/api/v5/market/ticker?instId=CELO-USDT-SWAP "HTTP/2 200 OK"
2026-03-16 15:45:09,288 | INFO | HTTP Request: GET https://www.okx.com/api/v5/market/candles?instId=DOGE-USDT-SWAP&bar=5m&limit=71 "HTTP/2 200 OK"
2026-03-16 15:45:09,500 | INFO | HTTP Request: GET https://www.okx.com/api/v5/market/ticker?instId=CFX-USDT-SWAP "HTTP/2 200 OK"
2026-03-16 15:45:09,696 | INFO | HTTP Request: GET https://www.okx.com/api/v5/market/candles?instId=DOT-USDT-SWAP&bar=5m&limit=71 "HTTP/2 200 OK"
2026-03-16 15:45:10,022 | INFO | HTTP Request: GET https://www.okx.com/api/v5/market/ticker?instId=CHZ-USDT-SWAP "HTTP/2 200 OK"
2026-03-16 15:45:10,092 | INFO | HTTP Request: GET https://www.okx.com/api/v5/market/candles?instId=ENA-USDT-SWAP&bar=5m&limit=71 "HTTP/2 200 OK"
2026-03-16 15:45:10,528 | INFO | HTTP Request: GET https://www.okx.com/api/v5/market/candles?instId=EOS-USDT-SWAP&bar=5m&limit=71 "HTTP/2 200 OK"
2026-03-16 15:45:10,531 | INFO | HTTP Request: GET https://www.okx.com/api/v5/market/ticker?instId=COAI-USDT-SWAP "HTTP/2 200 OK"
2026-03-16 15:45:10,906 | INFO | HTTP Request: GET https://www.okx.com/api/v5/market/candles?instId=ETC-USDT-SWAP&bar=5m&limit=71 "HTTP/2 200 OK"
2026-03-16 15:45:11,038 | INFO | HTTP Request: GET https://www.okx.com/api/v5/market/ticker?instId=COMP-USDT-SWAP "HTTP/2 200 OK"
2026-03-16 15:45:11,319 | INFO | HTTP Request: GET https://www.okx.com/api/v5/market/candles?instId=ETH-USDT-SWAP&bar=5m&limit=71 "HTTP/2 200 OK"
2026-03-16 15:45:11,544 | INFO | HTTP Request: GET https://www.okx.com/api/v5/market/ticker?instId=CRO-USDT-SWAP "HTTP/2 200 OK"
2026-03-16 15:45:11,718 | INFO | HTTP Request: GET https://www.okx.com/api/v5/market/ticker?instId=ETH-USDT-SWAP "HTTP/2 200 OK"
2026-03-16 15:45:11,994 | INFO | HTTP Request: GET https://www.okx.com/api/v5/account/balance "HTTP/2 200 OK"
2026-03-16 15:45:12,053 | INFO | HTTP Request: GET https://www.okx.com/api/v5/market/ticker?instId=CRV-USDT-SWAP "HTTP/2 200 OK"
2026-03-16 15:45:12,138 | INFO | HTTP Request: GET https://www.okx.com/api/v5/market/candles?instId=ETHFI-USDT-SWAP&bar=5m&limit=71 "HTTP/2 200 OK"
2026-03-16 15:45:12,531 | INFO | HTTP Request: GET https://www.okx.com/api/v5/market/candles?instId=ETHW-USDT-SWAP&bar=5m&limit=71 "HTTP/2 200 OK"
2026-03-16 15:45:12,543 | INFO | HTTP Request: GET https://www.okx.com/api/v5/market/candles?instId=BTC-USDT-SWAP&bar=5m&limit=64 "HTTP/2 200 OK"
2026-03-16 15:45:12,605 | INFO | HTTP Request: GET https://www.okx.com/api/v5/market/ticker?instId=DOGE-USDT-SWAP "HTTP/2 200 OK"
2026-03-16 15:45:12,913 | INFO | HTTP Request: GET https://www.okx.com/api/v5/market/candles?instId=FIL-USDT-SWAP&bar=5m&limit=71 "HTTP/2 200 OK"
2026-03-16 15:45:13,151 | INFO | HTTP Request: GET https://www.okx.com/api/v5/market/ticker?instId=DOT-USDT-SWAP "HTTP/2 200 OK"
2026-03-16 15:45:13,343 | INFO | HTTP Request: GET https://www.okx.com/api/v5/market/candles?instId=FLOKI-USDT-SWAP&bar=5m&limit=71 "HTTP/2 200 OK"
2026-03-16 15:45:13,647 | INFO | HTTP Request: GET https://www.okx.com/api/v5/market/ticker?instId=ENA-USDT-SWAP "HTTP/2 200 OK"
2026-03-16 15:45:13,762 | INFO | HTTP Request: GET https://www.okx.com/api/v5/market/candles?instId=GMT-USDT-SWAP&bar=5m&limit=71 "HTTP/2 200 OK"
2026-03-16 15:45:14,132 | INFO | HTTP Request: GET https://www.okx.com/api/v5/market/candles?instId=HBAR-USDT-SWAP&bar=5m&limit=71 "HTTP/2 200 OK"
2026-03-16 15:45:14,166 | INFO | HTTP Request: GET https://www.okx.com/api/v5/market/ticker?instId=EOS-USDT-SWAP "HTTP/2 200 OK"
2026-03-16 15:45:14,543 | INFO | HTTP Request: GET https://www.okx.com/api/v5/market/candles?instId=HMSTR-USDT-SWAP&bar=5m&limit=71 "HTTP/2 200 OK"
2026-03-16 15:45:14,677 | INFO | HTTP Request: GET https://www.okx.com/api/v5/market/ticker?instId=ETC-USDT-SWAP "HTTP/2 200 OK"
2026-03-16 15:45:14,961 | INFO | HTTP Request: GET https://www.okx.com/api/v5/market/candles?instId=HOME-USDT-SWAP&bar=5m&limit=71 "HTTP/2 200 OK"
2026-03-16 15:45:15,310 | INFO | HTTP Request: GET https://www.okx.com/api/v5/market/ticker?instId=ETHFI-USDT-SWAP "HTTP/2 200 OK"
2026-03-16 15:45:15,359 | INFO | HTTP Request: GET https://www.okx.com/api/v5/market/candles?instId=IMX-USDT-SWAP&bar=5m&limit=71 "HTTP/2 200 OK"
2026-03-16 15:45:15,741 | INFO | HTTP Request: GET https://www.okx.com/api/v5/market/candles?instId=INJ-USDT-SWAP&bar=5m&limit=71 "HTTP/2 200 OK"
2026-03-16 15:45:15,804 | INFO | HTTP Request: GET https://www.okx.com/api/v5/market/ticker?instId=ETHW-USDT-SWAP "HTTP/2 200 OK"
2026-03-16 15:45:16,152 | INFO | HTTP Request: GET https://www.okx.com/api/v5/market/candles?instId=IOTA-USDT-SWAP&bar=5m&limit=71 "HTTP/2 200 OK"
2026-03-16 15:45:16,299 | INFO | HTTP Request: GET https://www.okx.com/api/v5/market/ticker?instId=FIL-USDT-SWAP "HTTP/2 200 OK"
2026-03-16 15:45:16,525 | INFO | HTTP Request: GET https://www.okx.com/api/v5/market/candles?instId=JUP-USDT-SWAP&bar=5m&limit=71 "HTTP/2 200 OK"
2026-03-16 15:45:16,786 | INFO | HTTP Request: GET https://www.okx.com/api/v5/market/ticker?instId=FLOKI-USDT-SWAP "HTTP/2 200 OK"
2026-03-16 15:45:16,982 | INFO | HTTP Request: GET https://www.okx.com/api/v5/market/candles?instId=KAITO-USDT-SWAP&bar=5m&limit=71 "HTTP/2 200 OK"
2026-03-16 15:45:17,319 | INFO | HTTP Request: GET https://www.okx.com/api/v5/market/ticker?instId=GMT-USDT-SWAP "HTTP/2 200 OK"
2026-03-16 15:45:17,347 | INFO | HTTP Request: GET https://www.okx.com/api/v5/market/candles?instId=KSM-USDT-SWAP&bar=5m&limit=71 "HTTP/2 200 OK"
2026-03-16 15:45:17,366 | INFO | HTTP Request: GET https://www.okx.com/api/v5/account/balance "HTTP/2 200 OK"
2026-03-16 15:45:17,744 | INFO | HTTP Request: GET https://www.okx.com/api/v5/market/candles?instId=LDO-USDT-SWAP&bar=5m&limit=71 "HTTP/2 200 OK"
2026-03-16 15:45:17,803 | INFO | HTTP Request: GET https://www.okx.com/api/v5/market/ticker?instId=HBAR-USDT-SWAP "HTTP/2 200 OK"
2026-03-16 15:45:18,158 | INFO | HTTP Request: GET https://www.okx.com/api/v5/market/candles?instId=LINEA-USDT-SWAP&bar=5m&limit=71 "HTTP/2 200 OK"
2026-03-16 15:45:18,282 | INFO | HTTP Request: GET https://www.okx.com/api/v5/market/ticker?instId=HMSTR-USDT-SWAP "HTTP/2 200 OK"
2026-03-16 15:45:18,527 | INFO | HTTP Request: GET https://www.okx.com/api/v5/market/candles?instId=LINK-USDT-SWAP&bar=5m&limit=71 "HTTP/2 200 OK"
2026-03-16 15:45:18,776 | INFO | HTTP Request: GET https://www.okx.com/api/v5/market/ticker?instId=HOME-USDT-SWAP "HTTP/2 200 OK"
2026-03-16 15:45:18,783 | INFO | HTTP Request: GET https://www.okx.com/api/v5/market/candles?instId=BTC-USDT-SWAP&bar=5m&limit=64 "HTTP/2 200 OK"
2026-03-16 15:45:18,907 | INFO | HTTP Request: GET https://www.okx.com/api/v5/market/candles?instId=LIT-USDT-SWAP&bar=5m&limit=71 "HTTP/2 200 OK"
2026-03-16 15:45:19,269 | INFO | HTTP Request: GET https://www.okx.com/api/v5/market/candles?instId=LPT-USDT-SWAP&bar=5m&limit=71 "HTTP/2 200 OK"
2026-03-16 15:45:19,281 | INFO | HTTP Request: GET https://www.okx.com/api/v5/market/ticker?instId=IMX-USDT-SWAP "HTTP/2 200 OK"
2026-03-16 15:45:19,702 | INFO | HTTP Request: GET https://www.okx.com/api/v5/market/candles?instId=LQTY-USDT-SWAP&bar=5m&limit=71 "HTTP/2 200 OK"
2026-03-16 15:45:19,804 | INFO | HTTP Request: GET https://www.okx.com/api/v5/market/ticker?instId=INJ-USDT-SWAP "HTTP/2 200 OK"
2026-03-16 15:45:20,093 | INFO | HTTP Request: GET https://www.okx.com/api/v5/market/candles?instId=LRC-USDT-SWAP&bar=5m&limit=71 "HTTP/2 200 OK"
2026-03-16 15:45:20,310 | INFO | HTTP Request: GET https://www.okx.com/api/v5/market/ticker?instId=IOTA-USDT-SWAP "HTTP/2 200 OK"
2026-03-16 15:45:20,522 | INFO | HTTP Request: GET https://www.okx.com/api/v5/market/candles?instId=LTC-USDT-SWAP&bar=5m&limit=71 "HTTP/2 200 OK"
2026-03-16 15:45:20,825 | INFO | HTTP Request: GET https://www.okx.com/api/v5/market/ticker?instId=JUP-USDT-SWAP "HTTP/2 200 OK"
2026-03-16 15:45:20,907 | INFO | HTTP Request: GET https://www.okx.com/api/v5/market/candles?instId=MAGIC-USDT-SWAP&bar=5m&limit=71 "HTTP/2 200 OK"
2026-03-16 15:45:21,324 | INFO | HTTP Request: GET https://www.okx.com/api/v5/market/candles?instId=MAJOR-USDT-SWAP&bar=5m&limit=71 "HTTP/2 200 OK"
2026-03-16 15:45:21,339 | INFO | HTTP Request: GET https://www.okx.com/api/v5/market/ticker?instId=KAITO-USDT-SWAP "HTTP/2 200 OK"
2026-03-16 15:45:21,732 | INFO | HTTP Request: GET https://www.okx.com/api/v5/market/candles?instId=MASK-USDT-SWAP&bar=5m&limit=71 "HTTP/2 200 OK"
2026-03-16 15:45:21,852 | INFO | HTTP Request: GET https://www.okx.com/api/v5/market/ticker?instId=KSM-USDT-SWAP "HTTP/2 200 OK"
2026-03-16 15:45:22,135 | INFO | HTTP Request: GET https://www.okx.com/api/v5/market/candles?instId=MET-USDT-SWAP&bar=5m&limit=71 "HTTP/2 200 OK"
2026-03-16 15:45:22,355 | INFO | HTTP Request: GET https://www.okx.com/api/v5/market/ticker?instId=LDO-USDT-SWAP "HTTP/2 200 OK"
2026-03-16 15:45:22,547 | INFO | HTTP Request: GET https://www.okx.com/api/v5/market/candles?instId=MINA-USDT-SWAP&bar=5m&limit=71 "HTTP/2 200 OK"
2026-03-16 15:45:22,798 | INFO | HTTP Request: GET https://www.okx.com/api/v5/account/balance "HTTP/2 200 OK"
2026-03-16 15:45:22,876 | INFO | HTTP Request: GET https://www.okx.com/api/v5/market/ticker?instId=LINEA-USDT-SWAP "HTTP/2 200 OK"
2026-03-16 15:45:22,984 | INFO | HTTP Request: GET https://www.okx.com/api/v5/market/candles?instId=MKR-USDT-SWAP&bar=5m&limit=71 "HTTP/2 200 OK"
2026-03-16 15:45:23,376 | INFO | HTTP Request: GET https://www.okx.com/api/v5/market/candles?instId=MUBARAK-USDT-SWAP&bar=5m&limit=71 "HTTP/2 200 OK"
2026-03-16 15:45:23,384 | INFO | HTTP Request: GET https://www.okx.com/api/v5/market/ticker?instId=LINK-USDT-SWAP "HTTP/2 200 OK"
2026-03-16 15:45:23,777 | INFO | HTTP Request: GET https://www.okx.com/api/v5/market/ticker?instId=MUBARAK-USDT-SWAP "HTTP/2 200 OK"
2026-03-16 15:45:23,912 | INFO | HTTP Request: GET https://www.okx.com/api/v5/market/ticker?instId=LIT-USDT-SWAP "HTTP/2 200 OK"
2026-03-16 15:45:24,201 | INFO | HTTP Request: GET https://www.okx.com/api/v5/market/candles?instId=NEAR-USDT-SWAP&bar=5m&limit=71 "HTTP/2 200 OK"
2026-03-16 15:45:24,412 | INFO | HTTP Request: GET https://www.okx.com/api/v5/market/ticker?instId=LPT-USDT-SWAP "HTTP/2 200 OK"
2026-03-16 15:45:24,608 | INFO | HTTP Request: GET https://www.okx.com/api/v5/market/candles?instId=NEO-USDT-SWAP&bar=5m&limit=71 "HTTP/2 200 OK"
2026-03-16 15:45:24,949 | INFO | HTTP Request: GET https://www.okx.com/api/v5/market/ticker?instId=LQTY-USDT-SWAP "HTTP/2 200 OK"
2026-03-16 15:45:25,005 | INFO | HTTP Request: GET https://www.okx.com/api/v5/market/candles?instId=NOT-USDT-SWAP&bar=5m&limit=71 "HTTP/2 200 OK"
2026-03-16 15:45:25,027 | INFO | HTTP Request: GET https://www.okx.com/api/v5/market/candles?instId=BTC-USDT-SWAP&bar=5m&limit=64 "HTTP/2 200 OK"
2026-03-16 15:45:25,373 | INFO | HTTP Request: GET https://www.okx.com/api/v5/market/candles?instId=OP-USDT-SWAP&bar=5m&limit=71 "HTTP/2 200 OK"
2026-03-16 15:45:25,445 | INFO | HTTP Request: GET https://www.okx.com/api/v5/market/ticker?instId=LRC-USDT-SWAP "HTTP/2 200 OK"
2026-03-16 15:45:25,739 | INFO | HTTP Request: GET https://www.okx.com/api/v5/market/candles?instId=PEPE-USDT-SWAP&bar=5m&limit=71 "HTTP/2 200 OK"
2026-03-16 15:45:25,972 | INFO | HTTP Request: GET https://www.okx.com/api/v5/market/ticker?instId=LTC-USDT-SWAP "HTTP/2 200 OK"
2026-03-16 15:45:26,145 | INFO | HTTP Request: GET https://www.okx.com/api/v5/market/candles?instId=PIGGY-USDT-SWAP&bar=5m&limit=71 "HTTP/2 200 OK"
2026-03-16 15:45:26,472 | INFO | HTTP Request: GET https://www.okx.com/api/v5/market/ticker?instId=MAGIC-USDT-SWAP "HTTP/2 200 OK"
2026-03-16 15:45:26,554 | INFO | HTTP Request: GET https://www.okx.com/api/v5/market/candles?instId=QTUM-USDT-SWAP&bar=5m&limit=71 "HTTP/2 200 OK"
2026-03-16 15:45:26,970 | INFO | HTTP Request: GET https://www.okx.com/api/v5/market/candles?instId=RAVE-USDT-SWAP&bar=5m&limit=71 "HTTP/2 200 OK"
2026-03-16 15:45:26,994 | INFO | HTTP Request: GET https://www.okx.com/api/v5/market/ticker?instId=MAJOR-USDT-SWAP "HTTP/2 200 OK"
2026-03-16 15:45:27,400 | INFO | HTTP Request: GET https://www.okx.com/api/v5/market/candles?instId=RESOLV-USDT-SWAP&bar=5m&limit=71 "HTTP/2 200 OK"
2026-03-16 15:45:27,505 | INFO | HTTP Request: GET https://www.okx.com/api/v5/market/ticker?instId=MASK-USDT-SWAP "HTTP/2 200 OK"
2026-03-16 15:45:27,819 | INFO | HTTP Request: GET https://www.okx.com/api/v5/market/candles?instId=ROBO-USDT-SWAP&bar=5m&limit=71 "HTTP/2 200 OK"
2026-03-16 15:45:28,015 | INFO | HTTP Request: GET https://www.okx.com/api/v5/market/ticker?instId=MET-USDT-SWAP "HTTP/2 200 OK"
2026-03-16 15:45:28,128 | INFO | HTTP Request: GET https://www.okx.com/api/v5/account/balance "HTTP/2 200 OK"
2026-03-16 15:45:28,190 | INFO | HTTP Request: GET https://www.okx.com/api/v5/market/candles?instId=SAND-USDT-SWAP&bar=5m&limit=71 "HTTP/2 200 OK"
2026-03-16 15:45:28,514 | INFO | HTTP Request: GET https://www.okx.com/api/v5/market/ticker?instId=MINA-USDT-SWAP "HTTP/2 200 OK"
2026-03-16 15:45:28,602 | INFO | HTTP Request: GET https://www.okx.com/api/v5/market/candles?instId=SCR-USDT-SWAP&bar=5m&limit=71 "HTTP/2 200 OK"
2026-03-16 15:45:29,013 | INFO | HTTP Request: GET https://www.okx.com/api/v5/market/candles?instId=SHIB-USDT-SWAP&bar=5m&limit=71 "HTTP/2 200 OK"
2026-03-16 15:45:29,059 | INFO | HTTP Request: GET https://www.okx.com/api/v5/market/ticker?instId=MKR-USDT-SWAP "HTTP/2 200 OK"
2026-03-16 15:45:29,420 | INFO | HTTP Request: GET https://www.okx.com/api/v5/market/candles?instId=SKY-USDT-SWAP&bar=5m&limit=71 "HTTP/2 200 OK"
2026-03-16 15:45:29,661 | INFO | HTTP Request: GET https://www.okx.com/api/v5/market/ticker?instId=NEAR-USDT-SWAP "HTTP/2 200 OK"
2026-03-16 15:45:29,848 | INFO | HTTP Request: GET https://www.okx.com/api/v5/market/candles?instId=SOL-USDT-SWAP&bar=5m&limit=71 "HTTP/2 200 OK"
2026-03-16 15:45:30,157 | INFO | HTTP Request: GET https://www.okx.com/api/v5/market/ticker?instId=NEO-USDT-SWAP "HTTP/2 200 OK"
2026-03-16 15:45:30,251 | INFO | HTTP Request: GET https://www.okx.com/api/v5/market/ticker?instId=SOL-USDT-SWAP "HTTP/2 200 OK"
2026-03-16 15:45:30,287 | INFO | SOL-USDT-SWAP: Turtle 20 short-сигнал отклонён (закрытие не удержалось ниже канала)
2026-03-16 15:45:30,654 | INFO | HTTP Request: GET https://www.okx.com/api/v5/market/candles?instId=SOLV-USDT-SWAP&bar=5m&limit=71 "HTTP/2 200 OK"
2026-03-16 15:45:30,675 | INFO | HTTP Request: GET https://www.okx.com/api/v5/market/ticker?instId=NOT-USDT-SWAP "HTTP/2 200 OK"
2026-03-16 15:45:31,073 | INFO | HTTP Request: GET https://www.okx.com/api/v5/market/candles?instId=SPK-USDT-SWAP&bar=5m&limit=71 "HTTP/2 200 OK"
2026-03-16 15:45:31,180 | INFO | HTTP Request: GET https://www.okx.com/api/v5/market/ticker?instId=OP-USDT-SWAP "HTTP/2 200 OK"
2026-03-16 15:45:31,290 | INFO | HTTP Request: GET https://www.okx.com/api/v5/market/candles?instId=BTC-USDT-SWAP&bar=5m&limit=64 "HTTP/2 200 OK"
2026-03-16 15:45:31,469 | INFO | HTTP Request: GET https://www.okx.com/api/v5/market/candles?instId=STRK-USDT-SWAP&bar=5m&limit=71 "HTTP/2 200 OK"
2026-03-16 15:45:31,687 | INFO | HTTP Request: GET https://www.okx.com/api/v5/market/ticker?instId=PEPE-USDT-SWAP "HTTP/2 200 OK"
2026-03-16 15:45:31,887 | INFO | HTTP Request: GET https://www.okx.com/api/v5/market/candles?instId=SUI-USDT-SWAP&bar=5m&limit=71 "HTTP/2 200 OK"
2026-03-16 15:45:32,214 | INFO | HTTP Request: GET https://www.okx.com/api/v5/market/ticker?instId=PIGGY-USDT-SWAP "HTTP/2 200 OK"
2026-03-16 15:45:32,290 | INFO | HTTP Request: GET https://www.okx.com/api/v5/market/candles?instId=SUSHI-USDT-SWAP&bar=5m&limit=71 "HTTP/2 200 OK"
2026-03-16 15:45:32,697 | INFO | HTTP Request: GET https://www.okx.com/api/v5/market/candles?instId=SYRUP-USDT-SWAP&bar=5m&limit=71 "HTTP/2 200 OK"
2026-03-16 15:45:32,717 | INFO | HTTP Request: GET https://www.okx.com/api/v5/market/ticker?instId=QTUM-USDT-SWAP "HTTP/2 200 OK"
2026-03-16 15:45:33,099 | INFO | HTTP Request: GET https://www.okx.com/api/v5/market/candles?instId=TEST1234-USDT-SWAP&bar=5m&limit=71 "HTTP/2 200 OK"
2026-03-16 15:45:33,229 | INFO | HTTP Request: GET https://www.okx.com/api/v5/market/ticker?instId=RAVE-USDT-SWAP "HTTP/2 200 OK"
2026-03-16 15:45:33,513 | INFO | HTTP Request: GET https://www.okx.com/api/v5/market/candles?instId=TEST3103-USDT-SWAP&bar=5m&limit=71 "HTTP/2 200 OK"
2026-03-16 15:45:33,552 | INFO | HTTP Request: GET https://www.okx.com/api/v5/account/balance "HTTP/2 200 OK"
2026-03-16 15:45:33,738 | INFO | HTTP Request: GET https://www.okx.com/api/v5/market/ticker?instId=RESOLV-USDT-SWAP "HTTP/2 200 OK"
2026-03-16 15:45:33,910 | INFO | HTTP Request: GET https://www.okx.com/api/v5/market/candles?instId=TEST3110-USDT-SWAP&bar=5m&limit=71 "HTTP/2 200 OK"
2026-03-16 15:45:34,248 | INFO | HTTP Request: GET https://www.okx.com/api/v5/market/ticker?instId=ROBO-USDT-SWAP "HTTP/2 200 OK"
2026-03-16 15:45:34,286 | INFO | HTTP Request: GET https://www.okx.com/api/v5/market/candles?instId=THETA-USDT-SWAP&bar=5m&limit=71 "HTTP/2 200 OK"
2026-03-16 15:45:34,655 | INFO | HTTP Request: GET https://www.okx.com/api/v5/market/candles?instId=TON-USDT-SWAP&bar=5m&limit=71 "HTTP/2 200 OK"
2026-03-16 15:45:34,734 | INFO | HTTP Request: GET https://www.okx.com/api/v5/market/ticker?instId=SAND-USDT-SWAP "HTTP/2 200 OK"
2026-03-16 15:45:35,071 | INFO | HTTP Request: GET https://www.okx.com/api/v5/market/candles?instId=TRIA-USDT-SWAP&bar=5m&limit=71 "HTTP/2 200 OK"
2026-03-16 15:45:35,226 | INFO | HTTP Request: GET https://www.okx.com/api/v5/market/ticker?instId=SCR-USDT-SWAP "HTTP/2 200 OK"
2026-03-16 15:45:35,452 | INFO | HTTP Request: GET https://www.okx.com/api/v5/market/candles?instId=TRX-USDT-SWAP&bar=5m&limit=71 "HTTP/2 200 OK"
2026-03-16 15:45:35,708 | INFO | HTTP Request: GET https://www.okx.com/api/v5/market/ticker?instId=SHIB-USDT-SWAP "HTTP/2 200 OK"
2026-03-16 15:45:35,836 | INFO | HTTP Request: GET https://www.okx.com/api/v5/market/candles?instId=TSLA-USDT-SWAP&bar=5m&limit=71 "HTTP/2 200 OK"
2026-03-16 15:45:36,236 | INFO | HTTP Request: GET https://www.okx.com/api/v5/market/candles?instId=XAU-USDT-SWAP&bar=5m&limit=71 "HTTP/2 200 OK"
2026-03-16 15:45:36,257 | INFO | HTTP Request: GET https://www.okx.com/api/v5/market/ticker?instId=SKY-USDT-SWAP "HTTP/2 200 OK"
2026-03-16 15:45:36,647 | INFO | HTTP Request: GET https://www.okx.com/api/v5/market/candles?instId=XLM-USDT-SWAP&bar=5m&limit=71 "HTTP/2 200 OK"
2026-03-16 15:45:37,061 | INFO | HTTP Request: GET https://www.okx.com/api/v5/market/candles?instId=XPL-USDT-SWAP&bar=5m&limit=71 "HTTP/2 200 OK"
2026-03-16 15:45:37,256 | INFO | HTTP Request: GET https://www.okx.com/api/v5/market/ticker?instId=SOLV-USDT-SWAP "HTTP/2 200 OK"
2026-03-16 15:45:37,456 | INFO | HTTP Request: GET https://www.okx.com/api/v5/market/candles?instId=XRP-USDT-SWAP&bar=5m&limit=71 "HTTP/2 200 OK"
2026-03-16 15:45:37,530 | INFO | HTTP Request: GET https://www.okx.com/api/v5/market/candles?instId=BTC-USDT-SWAP&bar=5m&limit=64 "HTTP/2 200 OK"
2026-03-16 15:45:37,784 | INFO | HTTP Request: GET https://www.okx.com/api/v5/market/ticker?instId=SPK-USDT-SWAP "HTTP/2 200 OK"
2026-03-16 15:45:37,852 | INFO | HTTP Request: GET https://www.okx.com/api/v5/market/candles?instId=XSR-USDT-SWAP&bar=5m&limit=71 "HTTP/2 200 OK"
2026-03-16 15:45:38,219 | INFO | HTTP Request: GET https://www.okx.com/api/v5/market/candles?instId=XTZ-USDT-SWAP&bar=5m&limit=71 "HTTP/2 200 OK"
2026-03-16 15:45:38,331 | INFO | HTTP Request: GET https://www.okx.com/api/v5/market/ticker?instId=STRK-USDT-SWAP "HTTP/2 200 OK"
2026-03-16 15:45:38,634 | INFO | HTTP Request: GET https://www.okx.com/api/v5/market/candles?instId=YB-USDT-SWAP&bar=5m&limit=71 "HTTP/2 200 OK"
2026-03-16 15:45:38,857 | INFO | HTTP Request: GET https://www.okx.com/api/v5/market/ticker?instId=SUI-USDT-SWAP "HTTP/2 200 OK"
2026-03-16 15:45:38,982 | INFO | HTTP Request: GET https://www.okx.com/api/v5/account/balance "HTTP/2 200 OK"
2026-03-16 15:45:39,037 | INFO | HTTP Request: GET https://www.okx.com/api/v5/market/candles?instId=YFI-USDT-SWAP&bar=5m&limit=71 "HTTP/2 200 OK"
2026-03-16 15:45:39,354 | INFO | HTTP Request: GET https://www.okx.com/api/v5/market/ticker?instId=SUSHI-USDT-SWAP "HTTP/2 200 OK"
2026-03-16 15:45:39,472 | INFO | HTTP Request: GET https://www.okx.com/api/v5/market/candles?instId=YGG-USDT-SWAP&bar=5m&limit=71 "HTTP/2 200 OK"
2026-03-16 15:45:39,859 | INFO | HTTP Request: GET https://www.okx.com/api/v5/market/candles?instId=ZAMA-USDT-SWAP&bar=5m&limit=71 "HTTP/2 200 OK"
2026-03-16 15:45:39,883 | INFO | HTTP Request: GET https://www.okx.com/api/v5/market/ticker?instId=SYRUP-USDT-SWAP "HTTP/2 200 OK"
2026-03-16 15:45:40,275 | INFO | HTTP Request: GET https://www.okx.com/api/v5/market/candles?instId=ZBCN-USDT-SWAP&bar=5m&limit=71 "HTTP/2 200 OK"
2026-03-16 15:45:40,406 | INFO | HTTP Request: GET https://www.okx.com/api/v5/market/ticker?instId=TEST1234-USDT-SWAP "HTTP/2 200 OK"
2026-03-16 15:45:40,689 | INFO | HTTP Request: GET https://www.okx.com/api/v5/market/candles?instId=ZETA-USDT-SWAP&bar=5m&limit=71 "HTTP/2 200 OK"
2026-03-16 15:45:40,941 | INFO | HTTP Request: GET https://www.okx.com/api/v5/market/ticker?instId=TEST3103-USDT-SWAP "HTTP/2 200 OK"
2026-03-16 15:45:41,085 | INFO | HTTP Request: GET https://www.okx.com/api/v5/market/candles?instId=ZIL-USDT-SWAP&bar=5m&limit=71 "HTTP/2 200 OK"
2026-03-16 15:45:41,438 | INFO | HTTP Request: GET https://www.okx.com/api/v5/market/ticker?instId=TEST3110-USDT-SWAP "HTTP/2 200 OK"
2026-03-16 15:45:41,456 | INFO | HTTP Request: GET https://www.okx.com/api/v5/account/balance "HTTP/2 200 OK"
2026-03-16 15:45:41,467 | INFO | Placing order ETH-USDT-SWAP buy qty=6.06
2026-03-16 15:45:41,891 | INFO | HTTP Request: POST https://www.okx.com/api/v5/trade/order "HTTP/2 200 OK"
2026-03-16 15:45:41,923 | INFO | HTTP Request: GET https://www.okx.com/api/v5/market/ticker?instId=THETA-USDT-SWAP "HTTP/2 200 OK"
2026-03-16 15:45:42,260 | INFO | HTTP Request: GET https://www.okx.com/api/v5/account/positions?instType=SWAP "HTTP/2 200 OK"
2026-03-16 15:45:42,443 | INFO | HTTP Request: GET https://www.okx.com/api/v5/market/ticker?instId=TON-USDT-SWAP "HTTP/2 200 OK"
2026-03-16 15:45:42,635 | INFO | HTTP Request: GET https://www.okx.com/api/v5/market/candles?instId=ETH-USDT-SWAP&bar=5m&limit=81 "HTTP/2 200 OK"
2026-03-16 15:45:42,678 | INFO | Placing exchange stop ETH-USDT-SWAP long payload={'instId': 'ETH-USDT-SWAP', 'tdMode': 'isolated', 'side': 'sell', 'posSide': 'net', 'ordType': 'conditional', 'sz': '6.06', 'slTriggerPx': '2280.619', 'slOrdPx': '-1'}
2026-03-16 15:45:42,948 | INFO | HTTP Request: GET https://www.okx.com/api/v5/market/ticker?instId=TRIA-USDT-SWAP "HTTP/2 200 OK"
2026-03-16 15:45:43,050 | INFO | HTTP Request: POST https://www.okx.com/api/v5/trade/order-algo "HTTP/2 200 OK"
2026-03-16 15:45:43,463 | INFO | HTTP Request: GET https://www.okx.com/api/v5/market/ticker?instId=TRX-USDT-SWAP "HTTP/2 200 OK"
2026-03-16 15:45:43,476 | INFO | HTTP Request: GET https://www.okx.com/api/v5/account/balance "HTTP/2 200 OK"
2026-03-16 15:45:43,501 | INFO | Placing order MUBARAK-USDT-SWAP buy qty=882.0
2026-03-16 15:45:43,781 | INFO | HTTP Request: GET https://www.okx.com/api/v5/market/candles?instId=BTC-USDT-SWAP&bar=5m&limit=64 "HTTP/2 200 OK"
2026-03-16 15:45:43,866 | INFO | HTTP Request: POST https://www.okx.com/api/v5/trade/order "HTTP/2 200 OK"
2026-03-16 15:45:43,911 | WARNING | Instrument MUBARAK-USDT-SWAP blocked by exchange compliance: You can't trade this pair or borrow this crypto due to local compliance restrictions. 
2026-03-16 15:45:43,988 | INFO | HTTP Request: GET https://www.okx.com/api/v5/market/ticker?instId=TSLA-USDT-SWAP "HTTP/2 200 OK"
2026-03-16 15:45:44,283 | INFO | HTTP Request: GET https://www.okx.com/api/v5/market/candles?instId=XAG-USDT-SWAP&bar=5m&limit=26 "HTTP/2 200 OK"
2026-03-16 15:45:44,357 | INFO | HTTP Request: GET https://www.okx.com/api/v5/account/balance "HTTP/2 200 OK"
2026-03-16 15:45:44,503 | INFO | HTTP Request: GET https://www.okx.com/api/v5/market/ticker?instId=XAU-USDT-SWAP "HTTP/2 200 OK"
2026-03-16 15:45:44,694 | INFO | HTTP Request: GET https://www.okx.com/api/v5/market/ticker?instId=XAG-USDT-SWAP "HTTP/2 200 OK"
2026-03-16 15:45:45,000 | INFO | HTTP Request: GET https://www.okx.com/api/v5/market/ticker?instId=XLM-USDT-SWAP "HTTP/2 200 OK"
2026-03-16 15:45:45,074 | INFO | HTTP Request: GET https://www.okx.com/api/v5/trade/orders-algo-pending?ordType=conditional&instType=SWAP&instId=XAG-USDT-SWAP "HTTP/2 200 OK"
2026-03-16 15:45:45,495 | INFO | HTTP Request: GET https://www.okx.com/api/v5/market/ticker?instId=XPL-USDT-SWAP "HTTP/2 200 OK"
2026-03-16 15:45:45,495 | INFO | HTTP Request: GET https://www.okx.com/api/v5/trade/orders-algo-pending?ordType=oco&instType=SWAP&instId=XAG-USDT-SWAP "HTTP/2 200 OK"
2026-03-16 15:45:45,899 | INFO | HTTP Request: GET https://www.okx.com/api/v5/trade/orders-algo-pending?ordType=trigger&instType=SWAP&instId=XAG-USDT-SWAP "HTTP/2 200 OK"
2026-03-16 15:45:46,008 | INFO | HTTP Request: GET https://www.okx.com/api/v5/market/ticker?instId=XRP-USDT-SWAP "HTTP/2 200 OK"
2026-03-16 15:45:46,300 | INFO | HTTP Request: GET https://www.okx.com/api/v5/trade/orders-algo-pending?ordType=move_order_stop&instType=SWAP&instId=XAG-USDT-SWAP "HTTP/2 200 OK"
2026-03-16 15:45:46,520 | INFO | HTTP Request: GET https://www.okx.com/api/v5/market/ticker?instId=XSR-USDT-SWAP "HTTP/2 200 OK"
2026-03-16 15:45:46,717 | INFO | HTTP Request: GET https://www.okx.com/api/v5/trade/orders-algo-pending?ordType=iceberg&instType=SWAP&instId=XAG-USDT-SWAP "HTTP/2 200 OK"
2026-03-16 15:45:47,114 | INFO | HTTP Request: GET https://www.okx.com/api/v5/trade/orders-algo-pending?ordType=twap&instType=SWAP&instId=XAG-USDT-SWAP "HTTP/2 200 OK"
2026-03-16 15:45:47,524 | INFO | HTTP Request: GET https://www.okx.com/api/v5/trade/orders-algo-pending?ordType=chase&instType=SWAP&instId=XAG-USDT-SWAP "HTTP/2 200 OK"
2026-03-16 15:45:47,879 | INFO | HTTP Request: GET https://www.okx.com/api/v5/market/ticker?instId=ZIL-USDT-SWAP "HTTP/2 200 OK"
2026-03-16 15:45:47,939 | INFO | HTTP Request: GET https://www.okx.com/api/v5/market/candles?instId=ICP-USDT-SWAP&bar=5m&limit=26 "HTTP/2 200 OK"
2026-03-16 15:45:48,352 | INFO | HTTP Request: GET https://www.okx.com/api/v5/market/ticker?instId=ICP-USDT-SWAP "HTTP/2 200 OK"
2026-03-16 15:45:48,487 | INFO | HTTP Request: GET https://www.okx.com/api/v5/market/ticker?instId=ICP-USDT-SWAP "HTTP/2 200 OK"
2026-03-16 15:45:48,760 | INFO | HTTP Request: GET https://www.okx.com/api/v5/trade/orders-algo-pending?ordType=conditional&instType=SWAP&instId=ICP-USDT-SWAP "HTTP/2 200 OK"
2026-03-16 15:45:48,971 | INFO | HTTP Request: GET https://www.okx.com/api/v5/market/ticker?instId=BREV-USDT-SWAP "HTTP/2 200 OK"
2026-03-16 15:45:49,188 | INFO | HTTP Request: GET https://www.okx.com/api/v5/trade/orders-algo-pending?ordType=oco&instType=SWAP&instId=ICP-USDT-SWAP "HTTP/2 200 OK"
2026-03-16 15:45:49,373 | INFO | HTTP Request: GET https://www.okx.com/api/v5/market/candles?instId=BREV-USDT-SWAP&bar=5m&limit=89 "HTTP/2 200 OK"
2026-03-16 15:45:49,588 | INFO | HTTP Request: GET https://www.okx.com/api/v5/trade/orders-algo-pending?ordType=trigger&instType=SWAP&instId=ICP-USDT-SWAP "HTTP/2 200 OK"
2026-03-16 15:45:49,820 | INFO | HTTP Request: GET https://www.okx.com/api/v5/account/balance "HTTP/2 200 OK"
2026-03-16 15:45:49,899 | INFO | HTTP Request: GET https://www.okx.com/api/v5/market/ticker?instId=ETH-USDT-SWAP "HTTP/2 200 OK"
2026-03-16 15:45:49,983 | INFO | HTTP Request: GET https://www.okx.com/api/v5/trade/orders-algo-pending?ordType=move_order_stop&instType=SWAP&instId=ICP-USDT-SWAP "HTTP/2 200 OK"
2026-03-16 15:45:50,040 | INFO | HTTP Request: GET https://www.okx.com/api/v5/market/candles?instId=BTC-USDT-SWAP&bar=5m&limit=64 "HTTP/2 200 OK"
2026-03-16 15:45:50,304 | INFO | HTTP Request: GET https://www.okx.com/api/v5/market/candles?instId=ETH-USDT-SWAP&bar=5m&limit=89 "HTTP/2 200 OK"
2026-03-16 15:45:50,410 | INFO | HTTP Request: GET https://www.okx.com/api/v5/trade/orders-algo-pending?ordType=iceberg&instType=SWAP&instId=ICP-USDT-SWAP "HTTP/2 200 OK"
2026-03-16 15:45:50,835 | INFO | HTTP Request: GET https://www.okx.com/api/v5/trade/orders-algo-pending?ordType=twap&instType=SWAP&instId=ICP-USDT-SWAP "HTTP/2 200 OK"
2026-03-16 15:45:50,840 | INFO | HTTP Request: GET https://www.okx.com/api/v5/market/ticker?instId=1INCH-USDT-SWAP "HTTP/2 200 OK"
2026-03-16 15:45:51,225 | INFO | HTTP Request: GET https://www.okx.com/api/v5/market/candles?instId=1INCH-USDT-SWAP&bar=5m&limit=89 "HTTP/2 200 OK"
2026-03-16 15:45:51,243 | INFO | HTTP Request: GET https://www.okx.com/api/v5/trade/orders-algo-pending?ordType=chase&instType=SWAP&instId=ICP-USDT-SWAP "HTTP/2 200 OK"
2026-03-16 15:45:51,280 | INFO | Placing exchange stop BREV-USDT-SWAP long payload={'instId': 'BREV-USDT-SWAP', 'tdMode': 'isolated', 'side': 'sell', 'posSide': 'net', 'ordType': 'conditional', 'sz': '120000', 'slTriggerPx': '1.008904996667', 'slOrdPx': '-1'}
2026-03-16 15:45:51,651 | INFO | HTTP Request: POST https://www.okx.com/api/v5/trade/order-algo "HTTP/2 200 OK"
2026-03-16 15:45:51,793 | INFO | HTTP Request: GET https://www.okx.com/api/v5/market/ticker?instId=2Z-USDT-SWAP "HTTP/2 200 OK"
2026-03-16 15:45:52,065 | INFO | HTTP Request: POST https://www.okx.com/api/v5/trade/cancel-algos "HTTP/2 200 OK"
2026-03-16 15:45:52,103 | INFO | Closing position BREV-USDT-SWAP. Защита тренда: откат от пика 21895003333.33R → 3695003333.33R
2026-03-16 15:45:52,169 | INFO | HTTP Request: GET https://www.okx.com/api/v5/market/candles?instId=2Z-USDT-SWAP&bar=5m&limit=89 "HTTP/2 200 OK"
2026-03-16 15:45:52,486 | INFO | HTTP Request: POST https://www.okx.com/api/v5/trade/close-position "HTTP/2 200 OK"
2026-03-16 15:45:52,527 | WARNING | Failed to load json context : [Errno 13] Permission denied: '.'
2026-03-16 15:45:52,709 | INFO | HTTP Request: GET https://www.okx.com/api/v5/market/ticker?instId=A-USDT-SWAP "HTTP/2 200 OK"
2026-03-16 15:45:52,888 | INFO | HTTP Request: GET https://www.okx.com/api/v5/market/candles?instId=BREV-USDT-SWAP&bar=5m&limit=97 "HTTP/2 200 OK"
2026-03-16 15:45:53,099 | INFO | HTTP Request: GET https://www.okx.com/api/v5/market/candles?instId=A-USDT-SWAP&bar=5m&limit=89 "HTTP/2 200 OK"
2026-03-16 15:45:53,636 | INFO | HTTP Request: GET https://www.okx.com/api/v5/market/ticker?instId=AAVE-USDT-SWAP "HTTP/2 200 OK"
2026-03-16 15:45:54,014 | INFO | HTTP Request: GET https://www.okx.com/api/v5/market/candles?instId=AAVE-USDT-SWAP&bar=5m&limit=89 "HTTP/2 200 OK"
2026-03-16 15:45:54,559 | INFO | HTTP Request: GET https://www.okx.com/api/v5/market/ticker?instId=ACT-USDT-SWAP "HTTP/2 200 OK"
2026-03-16 15:45:54,930 | INFO | HTTP Request: GET https://www.okx.com/api/v5/market/candles?instId=ACT-USDT-SWAP&bar=5m&limit=89 "HTTP/2 200 OK"
2026-03-16 15:45:55,211 | INFO | HTTP Request: GET https://www.okx.com/api/v5/account/balance "HTTP/2 200 OK"
2026-03-16 15:45:55,468 | INFO | HTTP Request: GET https://www.okx.com/api/v5/market/ticker?instId=ADA-USDT-SWAP "HTTP/2 200 OK"
2026-03-16 15:45:55,889 | INFO | HTTP Request: GET https://www.okx.com/api/v5/market/candles?instId=ADA-USDT-SWAP&bar=5m&limit=89 "HTTP/2 200 OK"
2026-03-16 15:45:56,294 | INFO | HTTP Request: GET https://www.okx.com/api/v5/market/candles?instId=BTC-USDT-SWAP&bar=5m&limit=64 "HTTP/2 200 OK"
2026-03-16 15:45:56,408 | INFO | HTTP Request: GET https://www.okx.com/api/v5/market/ticker?instId=AI16Z-USDT-SWAP "HTTP/2 200 OK"
2026-03-16 15:45:56,803 | INFO | HTTP Request: GET https://www.okx.com/api/v5/market/candles?instId=AI16Z-USDT-SWAP&bar=5m&limit=89 "HTTP/2 200 OK"
2026-03-16 15:45:57,332 | INFO | HTTP Request: GET https://www.okx.com/api/v5/market/ticker?instId=AKITA-USDT-SWAP "HTTP/2 200 OK"
2026-03-16 15:45:57,716 | INFO | HTTP Request: GET https://www.okx.com/api/v5/market/candles?instId=AKITA-USDT-SWAP&bar=5m&limit=89 "HTTP/2 200 OK"
2026-03-16 15:45:58,239 | INFO | HTTP Request: GET https://www.okx.com/api/v5/market/ticker?instId=ALGO-USDT-SWAP "HTTP/2 200 OK"
2026-03-16 15:45:58,291 | INFO | HTTP Request: GET https://www.okx.com/api/v5/account/positions?instType=SWAP "HTTP/2 200 OK"
2026-03-16 15:45:58,611 | INFO | HTTP Request: GET https://www.okx.com/api/v5/market/candles?instId=ALGO-USDT-SWAP&bar=5m&limit=89 "HTTP/2 200 OK"
2026-03-16 15:45:58,669 | INFO | HTTP Request: GET https://www.okx.com/api/v5/market/candles?instId=BREV-USDT-SWAP&bar=5m&limit=26 "HTTP/2 200 OK"
2026-03-16 15:45:59,084 | INFO | HTTP Request: GET https://www.okx.com/api/v5/market/candles?instId=1INCH-USDT-SWAP&bar=5m&limit=71 "HTTP/2 200 OK"
2026-03-16 15:45:59,101 | INFO | HTTP Request: GET https://www.okx.com/api/v5/market/ticker?instId=ARB-USDT-SWAP "HTTP/2 200 OK"
2026-03-16 15:45:59,484 | INFO | HTTP Request: GET https://www.okx.com/api/v5/market/candles?instId=2Z-USDT-SWAP&bar=5m&limit=71 "HTTP/2 200 OK"
2026-03-16 15:45:59,498 | INFO | HTTP Request: GET https://www.okx.com/api/v5/market/candles?instId=ARB-USDT-SWAP&bar=5m&limit=89 "HTTP/2 200 OK"
2026-03-16 15:45:59,900 | INFO | HTTP Request: GET https://www.okx.com/api/v5/market/candles?instId=A-USDT-SWAP&bar=5m&limit=71 "HTTP/2 200 OK"
2026-03-16 15:46:00,014 | INFO | HTTP Request: GET https://www.okx.com/api/v5/market/ticker?instId=ASP-USDT-SWAP "HTTP/2 200 OK"
2026-03-16 15:46:00,315 | INFO | HTTP Request: GET https://www.okx.com/api/v5/market/candles?instId=AAVE-USDT-SWAP&bar=5m&limit=71 "HTTP/2 200 OK"
2026-03-16 15:46:00,411 | INFO | HTTP Request: GET https://www.okx.com/api/v5/market/candles?instId=ASP-USDT-SWAP&bar=5m&limit=89 "HTTP/2 200 OK"
2026-03-16 15:46:00,475 | INFO | HTTP Request: GET https://www.okx.com/api/v5/account/balance "HTTP/2 200 OK"
2026-03-16 15:46:00,704 | INFO | HTTP Request: GET https://www.okx.com/api/v5/market/candles?instId=ACT-USDT-SWAP&bar=5m&limit=71 "HTTP/2 200 OK"
2026-03-16 15:46:00,942 | INFO | HTTP Request: GET https://www.okx.com/api/v5/market/ticker?instId=ASTER-USDT-SWAP "HTTP/2 200 OK"
2026-03-16 15:46:01,068 | INFO | HTTP Request: GET https://www.okx.com/api/v5/market/candles?instId=ADA-USDT-SWAP&bar=5m&limit=71 "HTTP/2 200 OK"
2026-03-16 15:46:01,313 | INFO | HTTP Request: GET https://www.okx.com/api/v5/market/candles?instId=ASTER-USDT-SWAP&bar=5m&limit=89 "HTTP/2 200 OK"
2026-03-16 15:46:01,434 | INFO | HTTP Request: GET https://www.okx.com/api/v5/market/candles?instId=AI16Z-USDT-SWAP&bar=5m&limit=71 "HTTP/2 200 OK"
2026-03-16 15:46:01,444 | INFO | ASTER-USDT-SWAP: Turtle 20 short-сигнал отклонён (закрытие не удержалось ниже канала)
2026-03-16 15:46:01,795 | INFO | HTTP Request: GET https://www.okx.com/api/v5/market/ticker?instId=ATOM-USDT-SWAP "HTTP/2 200 OK"
2026-03-16 15:46:01,820 | INFO | HTTP Request: GET https://www.okx.com/api/v5/market/candles?instId=ATOM-USDT-SWAP&bar=5m&limit=71 "HTTP/2 200 OK"
2026-03-16 15:46:02,161 | INFO | HTTP Request: GET https://www.okx.com/api/v5/market/candles?instId=ATOM-USDT-SWAP&bar=5m&limit=89 "HTTP/2 200 OK"
2026-03-16 15:46:02,186 | INFO | HTTP Request: GET https://www.okx.com/api/v5/market/candles?instId=AUCTION-USDT-SWAP&bar=5m&limit=71 "HTTP/2 200 OK"
2026-03-16 15:46:02,525 | INFO | HTTP Request: GET https://www.okx.com/api/v5/market/candles?instId=BTC-USDT-SWAP&bar=5m&limit=64 "HTTP/2 200 OK"
2026-03-16 15:46:02,550 | INFO | HTTP Request: GET https://www.okx.com/api/v5/market/candles?instId=AVAX-USDT-SWAP&bar=5m&limit=71 "HTTP/2 200 OK"
2026-03-16 15:46:02,656 | INFO | HTTP Request: GET https://www.okx.com/api/v5/market/ticker?instId=AUCTION-USDT-SWAP "HTTP/2 200 OK"
2026-03-16 15:46:02,922 | INFO | HTTP Request: GET https://www.okx.com/api/v5/market/candles?instId=AXS-USDT-SWAP&bar=5m&limit=71 "HTTP/2 200 OK"
2026-03-16 15:46:03,150 | INFO | HTTP Request: GET https://www.okx.com/api/v5/market/ticker?instId=AVAX-USDT-SWAP "HTTP/2 200 OK"
2026-03-16 15:46:03,343 | INFO | HTTP Request: GET https://www.okx.com/api/v5/market/candles?instId=BAND-USDT-SWAP&bar=5m&limit=71 "HTTP/2 200 OK"
2026-03-16 15:46:03,661 | INFO | HTTP Request: GET https://www.okx.com/api/v5/market/ticker?instId=AXS-USDT-SWAP "HTTP/2 200 OK"
2026-03-16 15:46:03,730 | INFO | HTTP Request: GET https://www.okx.com/api/v5/market/candles?instId=BCH-USDT-SWAP&bar=5m&limit=71 "HTTP/2 200 OK"
2026-03-16 15:46:04,148 | INFO | HTTP Request: GET https://www.okx.com/api/v5/market/candles?instId=BIO-USDT-SWAP&bar=5m&limit=71 "HTTP/2 200 OK"
2026-03-16 15:46:04,162 | INFO | HTTP Request: GET https://www.okx.com/api/v5/market/ticker?instId=BAND-USDT-SWAP "HTTP/2 200 OK"
2026-03-16 15:46:04,558 | INFO | HTTP Request: GET https://www.okx.com/api/v5/market/candles?instId=BLUAI-USDT-SWAP&bar=5m&limit=71 "HTTP/2 200 OK"
2026-03-16 15:46:04,686 | INFO | HTTP Request: GET https://www.okx.com/api/v5/market/ticker?instId=BCH-USDT-SWAP "HTTP/2 200 OK"
2026-03-16 15:46:04,966 | INFO | HTTP Request: GET https://www.okx.com/api/v5/market/candles?instId=BNB-USDT-SWAP&bar=5m&limit=71 "HTTP/2 200 OK"
2026-03-16 15:46:05,186 | INFO | HTTP Request: GET https://www.okx.com/api/v5/market/ticker?instId=BIO-USDT-SWAP "HTTP/2 200 OK"
2026-03-16 15:46:05,371 | INFO | HTTP Request: GET https://www.okx.com/api/v5/market/candles?instId=BOME-USDT-SWAP&bar=5m&limit=71 "HTTP/2 200 OK"
2026-03-16 15:46:05,697 | INFO | HTTP Request: GET https://www.okx.com/api/v5/market/ticker?instId=BLUAI-USDT-SWAP "HTTP/2 200 OK"
2026-03-16 15:46:05,770 | INFO | HTTP Request: GET https://www.okx.com/api/v5/market/candles?instId=BRETT-USDT-SWAP&bar=5m&limit=71 "HTTP/2 200 OK"
2026-03-16 15:46:05,855 | INFO | HTTP Request: GET https://www.okx.com/api/v5/account/balance "HTTP/2 200 OK"
2026-03-16 15:46:06,186 | INFO | HTTP Request: GET https://www.okx.com/api/v5/market/candles?instId=BTC-USDT-SWAP&bar=5m&limit=71 "HTTP/2 200 OK"
2026-03-16 15:46:06,200 | INFO | HTTP Request: GET https://www.okx.com/api/v5/market/ticker?instId=BNB-USDT-SWAP "HTTP/2 200 OK"
2026-03-16 15:46:06,545 | INFO | HTTP Request: GET https://www.okx.com/api/v5/market/candles?instId=CAT-USDT-SWAP&bar=5m&limit=71 "HTTP/2 200 OK"
2026-03-16 15:46:06,684 | INFO | HTTP Request: GET https://www.okx.com/api/v5/market/ticker?instId=BOME-USDT-SWAP "HTTP/2 200 OK"
2026-03-16 15:46:06,920 | INFO | HTTP Request: GET https://www.okx.com/api/v5/market/candles?instId=CATI-USDT-SWAP&bar=5m&limit=71 "HTTP/2 200 OK"
2026-03-16 15:46:07,168 | INFO | HTTP Request: GET https://www.okx.com/api/v5/market/ticker?instId=BRETT-USDT-SWAP "HTTP/2 200 OK"
2026-03-16 15:46:07,291 | INFO | HTTP Request: GET https://www.okx.com/api/v5/market/candles?instId=CELO-USDT-SWAP&bar=5m&limit=71 "HTTP/2 200 OK"
2026-03-16 15:46:07,663 | INFO | HTTP Request: GET https://www.okx.com/api/v5/market/ticker?instId=BTC-USDT-SWAP "HTTP/2 200 OK"
2026-03-16 15:46:07,669 | INFO | HTTP Request: GET https://www.okx.com/api/v5/market/candles?instId=CFX-USDT-SWAP&bar=5m&limit=71 "HTTP/2 200 OK"
2026-03-16 15:46:08,073 | INFO | HTTP Request: GET https://www.okx.com/api/v5/market/candles?instId=CHZ-USDT-SWAP&bar=5m&limit=71 "HTTP/2 200 OK"
2026-03-16 15:46:08,182 | INFO | HTTP Request: GET https://www.okx.com/api/v5/market/ticker?instId=CAT-USDT-SWAP "HTTP/2 200 OK"
2026-03-16 15:46:08,484 | INFO | HTTP Request: GET https://www.okx.com/api/v5/market/candles?instId=COAI-USDT-SWAP&bar=5m&limit=71 "HTTP/2 200 OK"
2026-03-16 15:46:08,698 | INFO | HTTP Request: GET https://www.okx.com/api/v5/market/ticker?instId=CATI-USDT-SWAP "HTTP/2 200 OK"
2026-03-16 15:46:08,900 | INFO | HTTP Request: GET https://www.okx.com/api/v5/market/candles?instId=COMP-USDT-SWAP&bar=5m&limit=71 "HTTP/2 200 OK"
2026-03-16 15:46:09,214 | INFO | HTTP Request: GET https://www.okx.com/api/v5/market/ticker?instId=CELO-USDT-SWAP "HTTP/2 200 OK"
2026-03-16 15:46:09,298 | INFO | HTTP Request: GET https://www.okx.com/api/v5/market/candles?instId=CRO-USDT-SWAP&bar=5m&limit=71 "HTTP/2 200 OK"
2026-03-16 15:46:09,702 | INFO | HTTP Request: GET https://www.okx.com/api/v5/market/candles?instId=CRV-USDT-SWAP&bar=5m&limit=71 "HTTP/2 200 OK"
2026-03-16 15:46:09,706 | INFO | HTTP Request: GET https://www.okx.com/api/v5/market/ticker?instId=CFX-USDT-SWAP "HTTP/2 200 OK"
2026-03-16 15:46:10,103 | INFO | HTTP Request: GET https://www.okx.com/api/v5/market/candles?instId=DOGE-USDT-SWAP&bar=5m&limit=71 "HTTP/2 200 OK"
2026-03-16 15:46:10,236 | INFO | HTTP Request: GET https://www.okx.com/api/v5/market/ticker?instId=CHZ-USDT-SWAP "HTTP/2 200 OK"
2026-03-16 15:46:10,526 | INFO | HTTP Request: GET https://www.okx.com/api/v5/market/candles?instId=DOT-USDT-SWAP&bar=5m&limit=71 "HTTP/2 200 OK"
2026-03-16 15:46:10,729 | INFO | HTTP Request: GET https://www.okx.com/api/v5/market/ticker?instId=COAI-USDT-SWAP "HTTP/2 200 OK"
2026-03-16 15:46:10,925 | INFO | HTTP Request: GET https://www.okx.com/api/v5/market/candles?instId=ENA-USDT-SWAP&bar=5m&limit=71 "HTTP/2 200 OK"
2026-03-16 15:46:11,245 | INFO | HTTP Request: GET https://www.okx.com/api/v5/market/ticker?instId=COMP-USDT-SWAP "HTTP/2 200 OK"
2026-03-16 15:46:11,254 | INFO | HTTP Request: GET https://www.okx.com/api/v5/account/balance "HTTP/2 200 OK"
2026-03-16 15:46:11,346 | INFO | HTTP Request: GET https://www.okx.com/api/v5/market/candles?instId=EOS-USDT-SWAP&bar=5m&limit=71 "HTTP/2 200 OK"
2026-03-16 15:46:11,742 | INFO | HTTP Request: GET https://www.okx.com/api/v5/market/candles?instId=ETC-USDT-SWAP&bar=5m&limit=71 "HTTP/2 200 OK"
2026-03-16 15:46:11,751 | INFO | HTTP Request: GET https://www.okx.com/api/v5/market/ticker?instId=CRO-USDT-SWAP "HTTP/2 200 OK"
2026-03-16 15:46:11,917 | INFO | HTTP Request: GET https://www.okx.com/api/v5/market/candles?instId=BTC-USDT-SWAP&bar=5m&limit=64 "HTTP/2 200 OK"
2026-03-16 15:46:12,150 | INFO | HTTP Request: GET https://www.okx.com/api/v5/market/candles?instId=ETHFI-USDT-SWAP&bar=5m&limit=71 "HTTP/2 200 OK"
2026-03-16 15:46:12,279 | INFO | HTTP Request: GET https://www.okx.com/api/v5/market/ticker?instId=CRV-USDT-SWAP "HTTP/2 200 OK"
2026-03-16 15:46:12,509 | INFO | HTTP Request: GET https://www.okx.com/api/v5/market/candles?instId=ETHW-USDT-SWAP&bar=5m&limit=71 "HTTP/2 200 OK"
2026-03-16 15:46:12,764 | INFO | HTTP Request: GET https://www.okx.com/api/v5/market/ticker?instId=DOGE-USDT-SWAP "HTTP/2 200 OK"
2026-03-16 15:46:12,871 | INFO | HTTP Request: GET https://www.okx.com/api/v5/market/candles?instId=FIL-USDT-SWAP&bar=5m&limit=71 "HTTP/2 200 OK"
2026-03-16 15:46:13,288 | INFO | HTTP Request: GET https://www.okx.com/api/v5/market/candles?instId=FLOKI-USDT-SWAP&bar=5m&limit=71 "HTTP/2 200 OK"
2026-03-16 15:46:13,295 | INFO | HTTP Request: GET https://www.okx.com/api/v5/market/ticker?instId=DOT-USDT-SWAP "HTTP/2 200 OK"
2026-03-16 15:46:13,735 | INFO | HTTP Request: GET https://www.okx.com/api/v5/market/candles?instId=GMT-USDT-SWAP&bar=5m&limit=71 "HTTP/2 200 OK"
2026-03-16 15:46:13,824 | INFO | HTTP Request: GET https://www.okx.com/api/v5/market/ticker?instId=ENA-USDT-SWAP "HTTP/2 200 OK"
2026-03-16 15:46:14,114 | INFO | HTTP Request: GET https://www.okx.com/api/v5/market/candles?instId=HBAR-USDT-SWAP&bar=5m&limit=71 "HTTP/2 200 OK"
2026-03-16 15:46:14,325 | INFO | HTTP Request: GET https://www.okx.com/api/v5/market/ticker?instId=EOS-USDT-SWAP "HTTP/2 200 OK"
2026-03-16 15:46:14,525 | INFO | HTTP Request: GET https://www.okx.com/api/v5/market/candles?instId=HMSTR-USDT-SWAP&bar=5m&limit=71 "HTTP/2 200 OK"
2026-03-16 15:46:14,847 | INFO | HTTP Request: GET https://www.okx.com/api/v5/market/ticker?instId=ETC-USDT-SWAP "HTTP/2 200 OK"
2026-03-16 15:46:14,925 | INFO | HTTP Request: GET https://www.okx.com/api/v5/market/candles?instId=HOME-USDT-SWAP&bar=5m&limit=71 "HTTP/2 200 OK"
2026-03-16 15:46:15,346 | INFO | HTTP Request: GET https://www.okx.com/api/v5/market/ticker?instId=ETHFI-USDT-SWAP "HTTP/2 200 OK"
2026-03-16 15:46:15,356 | INFO | HTTP Request: GET https://www.okx.com/api/v5/market/candles?instId=IMX-USDT-SWAP&bar=5m&limit=71 "HTTP/2 200 OK"
2026-03-16 15:46:15,746 | INFO | HTTP Request: GET https://www.okx.com/api/v5/market/candles?instId=INJ-USDT-SWAP&bar=5m&limit=71 "HTTP/2 200 OK"
2026-03-16 15:46:15,864 | INFO | HTTP Request: GET https://www.okx.com/api/v5/market/ticker?instId=ETHW-USDT-SWAP "HTTP/2 200 OK"
2026-03-16 15:46:16,153 | INFO | HTTP Request: GET https://www.okx.com/api/v5/market/candles?instId=IOTA-USDT-SWAP&bar=5m&limit=71 "HTTP/2 200 OK"
2026-03-16 15:46:16,374 | INFO | HTTP Request: GET https://www.okx.com/api/v5/market/ticker?instId=FIL-USDT-SWAP "HTTP/2 200 OK"
2026-03-16 15:46:16,550 | INFO | HTTP Request: GET https://www.okx.com/api/v5/market/candles?instId=JUP-USDT-SWAP&bar=5m&limit=71 "HTTP/2 200 OK"
2026-03-16 15:46:16,590 | INFO | HTTP Request: GET https://www.okx.com/api/v5/account/balance "HTTP/2 200 OK"
2026-03-16 15:46:16,874 | INFO | HTTP Request: GET https://www.okx.com/api/v5/market/ticker?instId=FLOKI-USDT-SWAP "HTTP/2 200 OK"
2026-03-16 15:46:16,983 | INFO | HTTP Request: GET https://www.okx.com/api/v5/market/candles?instId=KAITO-USDT-SWAP&bar=5m&limit=71 "HTTP/2 200 OK"
2026-03-16 15:46:17,367 | INFO | HTTP Request: GET https://www.okx.com/api/v5/market/candles?instId=KSM-USDT-SWAP&bar=5m&limit=71 "HTTP/2 200 OK"
2026-03-16 15:46:17,383 | INFO | HTTP Request: GET https://www.okx.com/api/v5/market/ticker?instId=GMT-USDT-SWAP "HTTP/2 200 OK"
2026-03-16 15:46:17,770 | INFO | HTTP Request: GET https://www.okx.com/api/v5/market/candles?instId=LDO-USDT-SWAP&bar=5m&limit=71 "HTTP/2 200 OK"
2026-03-16 15:46:17,897 | INFO | HTTP Request: GET https://www.okx.com/api/v5/market/ticker?instId=HBAR-USDT-SWAP "HTTP/2 200 OK"
2026-03-16 15:46:18,155 | INFO | HTTP Request: GET https://www.okx.com/api/v5/market/candles?instId=BTC-USDT-SWAP&bar=5m&limit=64 "HTTP/2 200 OK"
2026-03-16 15:46:18,185 | INFO | HTTP Request: GET https://www.okx.com/api/v5/market/candles?instId=LINEA-USDT-SWAP&bar=5m&limit=71 "HTTP/2 200 OK"
2026-03-16 15:46:18,409 | INFO | HTTP Request: GET https://www.okx.com/api/v5/market/ticker?instId=HMSTR-USDT-SWAP "HTTP/2 200 OK"
2026-03-16 15:46:18,561 | INFO | HTTP Request: GET https://www.okx.com/api/v5/market/candles?instId=LINK-USDT-SWAP&bar=5m&limit=71 "HTTP/2 200 OK"
2026-03-16 15:46:18,897 | INFO | HTTP Request: GET https://www.okx.com/api/v5/market/ticker?instId=HOME-USDT-SWAP "HTTP/2 200 OK"
2026-03-16 15:46:18,926 | INFO | HTTP Request: GET https://www.okx.com/api/v5/market/candles?instId=LIT-USDT-SWAP&bar=5m&limit=71 "HTTP/2 200 OK"
2026-03-16 15:46:19,287 | INFO | HTTP Request: GET https://www.okx.com/api/v5/market/candles?instId=LPT-USDT-SWAP&bar=5m&limit=71 "HTTP/2 200 OK"
2026-03-16 15:46:19,393 | INFO | HTTP Request: GET https://www.okx.com/api/v5/market/ticker?instId=IMX-USDT-SWAP "HTTP/2 200 OK"
2026-03-16 15:46:19,695 | INFO | HTTP Request: GET https://www.okx.com/api/v5/market/candles?instId=LQTY-USDT-SWAP&bar=5m&limit=71 "HTTP/2 200 OK"
2026-03-16 15:46:19,925 | INFO | HTTP Request: GET https://www.okx.com/api/v5/market/ticker?instId=INJ-USDT-SWAP "HTTP/2 200 OK"
2026-03-16 15:46:20,097 | INFO | HTTP Request: GET https://www.okx.com/api/v5/market/candles?instId=LRC-USDT-SWAP&bar=5m&limit=71 "HTTP/2 200 OK"
2026-03-16 15:46:20,425 | INFO | HTTP Request: GET https://www.okx.com/api/v5/market/ticker?instId=IOTA-USDT-SWAP "HTTP/2 200 OK"
2026-03-16 15:46:20,465 | INFO | HTTP Request: GET https://www.okx.com/api/v5/market/candles?instId=LTC-USDT-SWAP&bar=5m&limit=71 "HTTP/2 200 OK"
2026-03-16 15:46:20,832 | INFO | HTTP Request: GET https://www.okx.com/api/v5/market/candles?instId=MAGIC-USDT-SWAP&bar=5m&limit=71 "HTTP/2 200 OK"
2026-03-16 15:46:20,911 | INFO | HTTP Request: GET https://www.okx.com/api/v5/market/ticker?instId=JUP-USDT-SWAP "HTTP/2 200 OK"
2026-03-16 15:46:21,237 | INFO | HTTP Request: GET https://www.okx.com/api/v5/market/candles?instId=MAJOR-USDT-SWAP&bar=5m&limit=71 "HTTP/2 200 OK"
2026-03-16 15:46:21,391 | INFO | HTTP Request: GET https://www.okx.com/api/v5/market/ticker?instId=KAITO-USDT-SWAP "HTTP/2 200 OK"
2026-03-16 15:46:21,602 | INFO | HTTP Request: GET https://www.okx.com/api/v5/market/candles?instId=MASK-USDT-SWAP&bar=5m&limit=71 "HTTP/2 200 OK"
2026-03-16 15:46:21,874 | INFO | HTTP Request: GET https://www.okx.com/api/v5/market/ticker?instId=KSM-USDT-SWAP "HTTP/2 200 OK"
2026-03-16 15:46:21,962 | INFO | HTTP Request: GET https://www.okx.com/api/v5/market/candles?instId=MET-USDT-SWAP&bar=5m&limit=71 "HTTP/2 200 OK"
2026-03-16 15:46:21,965 | INFO | HTTP Request: GET https://www.okx.com/api/v5/account/balance "HTTP/2 200 OK"
2026-03-16 15:46:22,348 | INFO | HTTP Request: GET https://www.okx.com/api/v5/market/candles?instId=MINA-USDT-SWAP&bar=5m&limit=71 "HTTP/2 200 OK"
2026-03-16 15:46:22,414 | INFO | HTTP Request: GET https://www.okx.com/api/v5/market/ticker?instId=LDO-USDT-SWAP "HTTP/2 200 OK"
2026-03-16 15:46:22,745 | INFO | HTTP Request: GET https://www.okx.com/api/v5/market/candles?instId=MKR-USDT-SWAP&bar=5m&limit=71 "HTTP/2 200 OK"
2026-03-16 15:46:22,893 | INFO | HTTP Request: GET https://www.okx.com/api/v5/market/ticker?instId=LINEA-USDT-SWAP "HTTP/2 200 OK"
2026-03-16 15:46:23,110 | INFO | HTTP Request: GET https://www.okx.com/api/v5/market/candles?instId=NEAR-USDT-SWAP&bar=5m&limit=71 "HTTP/2 200 OK"
2026-03-16 15:46:23,380 | INFO | HTTP Request: GET https://www.okx.com/api/v5/market/ticker?instId=LINK-USDT-SWAP "HTTP/2 200 OK"
2026-03-16 15:46:23,479 | INFO | HTTP Request: GET https://www.okx.com/api/v5/market/candles?instId=NEO-USDT-SWAP&bar=5m&limit=71 "HTTP/2 200 OK"
2026-03-16 15:46:23,888 | INFO | HTTP Request: GET https://www.okx.com/api/v5/market/candles?instId=NOT-USDT-SWAP&bar=5m&limit=71 "HTTP/2 200 OK"
2026-03-16 15:46:23,904 | INFO | HTTP Request: GET https://www.okx.com/api/v5/market/ticker?instId=LIT-USDT-SWAP "HTTP/2 200 OK"
2026-03-16 15:46:24,299 | INFO | HTTP Request: GET https://www.okx.com/api/v5/market/candles?instId=OP-USDT-SWAP&bar=5m&limit=71 "HTTP/2 200 OK"
2026-03-16 15:46:24,401 | INFO | HTTP Request: GET https://www.okx.com/api/v5/market/candles?instId=BTC-USDT-SWAP&bar=5m&limit=64 "HTTP/2 200 OK"
2026-03-16 15:46:24,413 | INFO | HTTP Request: GET https://www.okx.com/api/v5/market/ticker?instId=LPT-USDT-SWAP "HTTP/2 200 OK"
2026-03-16 15:46:24,702 | INFO | HTTP Request: GET https://www.okx.com/api/v5/market/candles?instId=PEPE-USDT-SWAP&bar=5m&limit=71 "HTTP/2 200 OK"
2026-03-16 15:46:24,933 | INFO | HTTP Request: GET https://www.okx.com/api/v5/market/ticker?instId=LQTY-USDT-SWAP "HTTP/2 200 OK"
2026-03-16 15:46:25,127 | INFO | HTTP Request: GET https://www.okx.com/api/v5/market/candles?instId=PIGGY-USDT-SWAP&bar=5m&limit=71 "HTTP/2 200 OK"
2026-03-16 15:46:25,450 | INFO | HTTP Request: GET https://www.okx.com/api/v5/market/ticker?instId=LRC-USDT-SWAP "HTTP/2 200 OK"
2026-03-16 15:46:25,529 | INFO | HTTP Request: GET https://www.okx.com/api/v5/market/candles?instId=QTUM-USDT-SWAP&bar=5m&limit=71 "HTTP/2 200 OK"
2026-03-16 15:46:25,924 | INFO | HTTP Request: GET https://www.okx.com/api/v5/market/candles?instId=RAVE-USDT-SWAP&bar=5m&limit=71 "HTTP/2 200 OK"
2026-03-16 15:46:25,950 | INFO | HTTP Request: GET https://www.okx.com/api/v5/market/ticker?instId=LTC-USDT-SWAP "HTTP/2 200 OK"
2026-03-16 15:46:26,341 | INFO | HTTP Request: GET https://www.okx.com/api/v5/market/candles?instId=RESOLV-USDT-SWAP&bar=5m&limit=71 "HTTP/2 200 OK"
2026-03-16 15:46:26,460 | INFO | HTTP Request: GET https://www.okx.com/api/v5/market/ticker?instId=MAGIC-USDT-SWAP "HTTP/2 200 OK"
2026-03-16 15:46:26,839 | INFO | HTTP Request: GET https://www.okx.com/api/v5/market/candles?instId=ROBO-USDT-SWAP&bar=5m&limit=71 "HTTP/2 200 OK"
2026-03-16 15:46:26,975 | INFO | HTTP Request: GET https://www.okx.com/api/v5/market/ticker?instId=MAJOR-USDT-SWAP "HTTP/2 200 OK"
2026-03-16 15:46:27,257 | INFO | HTTP Request: GET https://www.okx.com/api/v5/market/candles?instId=SAND-USDT-SWAP&bar=5m&limit=71 "HTTP/2 200 OK"
2026-03-16 15:46:27,298 | INFO | HTTP Request: GET https://www.okx.com/api/v5/account/balance "HTTP/2 200 OK"
2026-03-16 15:46:27,481 | INFO | HTTP Request: GET https://www.okx.com/api/v5/market/ticker?instId=MASK-USDT-SWAP "HTTP/2 200 OK"
2026-03-16 15:46:27,663 | INFO | HTTP Request: GET https://www.okx.com/api/v5/market/candles?instId=SCR-USDT-SWAP&bar=5m&limit=71 "HTTP/2 200 OK"
2026-03-16 15:46:27,994 | INFO | HTTP Request: GET https://www.okx.com/api/v5/market/ticker?instId=MET-USDT-SWAP "HTTP/2 200 OK"
2026-03-16 15:46:28,081 | INFO | HTTP Request: GET https://www.okx.com/api/v5/market/candles?instId=SHIB-USDT-SWAP&bar=5m&limit=71 "HTTP/2 200 OK"
2026-03-16 15:46:28,488 | INFO | HTTP Request: GET https://www.okx.com/api/v5/market/candles?instId=SKY-USDT-SWAP&bar=5m&limit=71 "HTTP/2 200 OK"
2026-03-16 15:46:28,489 | INFO | HTTP Request: GET https://www.okx.com/api/v5/market/ticker?instId=MINA-USDT-SWAP "HTTP/2 200 OK"
2026-03-16 15:46:28,897 | INFO | HTTP Request: GET https://www.okx.com/api/v5/market/candles?instId=SOL-USDT-SWAP&bar=5m&limit=71 "HTTP/2 200 OK"
2026-03-16 15:46:29,007 | INFO | HTTP Request: GET https://www.okx.com/api/v5/market/ticker?instId=MKR-USDT-SWAP "HTTP/2 200 OK"
2026-03-16 15:46:29,302 | INFO | HTTP Request: GET https://www.okx.com/api/v5/market/ticker?instId=SOL-USDT-SWAP "HTTP/2 200 OK"
2026-03-16 15:46:29,350 | INFO | SOL-USDT-SWAP: Turtle 20 short-сигнал отклонён (закрытие не удержалось ниже канала)
2026-03-16 15:46:29,524 | INFO | HTTP Request: GET https://www.okx.com/api/v5/market/ticker?instId=NEAR-USDT-SWAP "HTTP/2 200 OK"
2026-03-16 15:46:29,722 | INFO | HTTP Request: GET https://www.okx.com/api/v5/market/candles?instId=SOLV-USDT-SWAP&bar=5m&limit=71 "HTTP/2 200 OK"
2026-03-16 15:46:30,042 | INFO | HTTP Request: GET https://www.okx.com/api/v5/market/ticker?instId=NEO-USDT-SWAP "HTTP/2 200 OK"
2026-03-16 15:46:30,133 | INFO | HTTP Request: GET https://www.okx.com/api/v5/market/candles?instId=SPK-USDT-SWAP&bar=5m&limit=71 "HTTP/2 200 OK"
2026-03-16 15:46:30,536 | INFO | HTTP Request: GET https://www.okx.com/api/v5/market/candles?instId=STRK-USDT-SWAP&bar=5m&limit=71 "HTTP/2 200 OK"
2026-03-16 15:46:30,546 | INFO | HTTP Request: GET https://www.okx.com/api/v5/market/ticker?instId=NOT-USDT-SWAP "HTTP/2 200 OK"
2026-03-16 15:46:30,661 | INFO | HTTP Request: GET https://www.okx.com/api/v5/market/candles?instId=BTC-USDT-SWAP&bar=5m&limit=64 "HTTP/2 200 OK"
2026-03-16 15:46:30,949 | INFO | HTTP Request: GET https://www.okx.com/api/v5/market/candles?instId=SUI-USDT-SWAP&bar=5m&limit=71 "HTTP/2 200 OK"
2026-03-16 15:46:31,061 | INFO | HTTP Request: GET https://www.okx.com/api/v5/market/ticker?instId=OP-USDT-SWAP "HTTP/2 200 OK"
2026-03-16 15:46:31,358 | INFO | HTTP Request: GET https://www.okx.com/api/v5/market/candles?instId=SUSHI-USDT-SWAP&bar=5m&limit=71 "HTTP/2 200 OK"
2026-03-16 15:46:31,574 | INFO | HTTP Request: GET https://www.okx.com/api/v5/market/ticker?instId=PEPE-USDT-SWAP "HTTP/2 200 OK"
2026-03-16 15:46:31,769 | INFO | HTTP Request: GET https://www.okx.com/api/v5/market/candles?instId=SYRUP-USDT-SWAP&bar=5m&limit=71 "HTTP/2 200 OK"
2026-03-16 15:46:32,083 | INFO | HTTP Request: GET https://www.okx.com/api/v5/market/ticker?instId=PIGGY-USDT-SWAP "HTTP/2 200 OK"
2026-03-16 15:46:32,187 | INFO | HTTP Request: GET https://www.okx.com/api/v5/market/candles?instId=TEST1234-USDT-SWAP&bar=5m&limit=71 "HTTP/2 200 OK"
2026-03-16 15:46:32,587 | INFO | HTTP Request: GET https://www.okx.com/api/v5/market/candles?instId=TEST3103-USDT-SWAP&bar=5m&limit=71 "HTTP/2 200 OK"
2026-03-16 15:46:32,593 | INFO | HTTP Request: GET https://www.okx.com/api/v5/market/ticker?instId=QTUM-USDT-SWAP "HTTP/2 200 OK"
2026-03-16 15:46:32,672 | INFO | HTTP Request: GET https://www.okx.com/api/v5/account/balance "HTTP/2 200 OK"
2026-03-16 15:46:32,985 | INFO | HTTP Request: GET https://www.okx.com/api/v5/market/candles?instId=TEST3110-USDT-SWAP&bar=5m&limit=71 "HTTP/2 200 OK"
2026-03-16 15:46:33,129 | INFO | HTTP Request: GET https://www.okx.com/api/v5/market/ticker?instId=RAVE-USDT-SWAP "HTTP/2 200 OK"
2026-03-16 15:46:33,362 | INFO | HTTP Request: GET https://www.okx.com/api/v5/market/candles?instId=THETA-USDT-SWAP&bar=5m&limit=71 "HTTP/2 200 OK"
2026-03-16 15:46:33,624 | INFO | HTTP Request: GET https://www.okx.com/api/v5/market/ticker?instId=RESOLV-USDT-SWAP "HTTP/2 200 OK"
2026-03-16 15:46:33,729 | INFO | HTTP Request: GET https://www.okx.com/api/v5/market/candles?instId=TON-USDT-SWAP&bar=5m&limit=71 "HTTP/2 200 OK"
2026-03-16 15:46:34,150 | INFO | HTTP Request: GET https://www.okx.com/api/v5/market/ticker?instId=ROBO-USDT-SWAP "HTTP/2 200 OK"
2026-03-16 15:46:34,152 | INFO | HTTP Request: GET https://www.okx.com/api/v5/market/candles?instId=TRIA-USDT-SWAP&bar=5m&limit=71 "HTTP/2 200 OK"
2026-03-16 15:46:34,552 | INFO | HTTP Request: GET https://www.okx.com/api/v5/market/candles?instId=TRX-USDT-SWAP&bar=5m&limit=71 "HTTP/2 200 OK"
2026-03-16 15:46:34,664 | INFO | HTTP Request: GET https://www.okx.com/api/v5/market/ticker?instId=SAND-USDT-SWAP "HTTP/2 200 OK"
2026-03-16 15:46:34,956 | INFO | HTTP Request: GET https://www.okx.com/api/v5/market/candles?instId=TSLA-USDT-SWAP&bar=5m&limit=71 "HTTP/2 200 OK"
2026-03-16 15:46:35,178 | INFO | HTTP Request: GET https://www.okx.com/api/v5/market/ticker?instId=SCR-USDT-SWAP "HTTP/2 200 OK"
2026-03-16 15:46:35,366 | INFO | HTTP Request: GET https://www.okx.com/api/v5/market/candles?instId=XAU-USDT-SWAP&bar=5m&limit=71 "HTTP/2 200 OK"
2026-03-16 15:46:35,691 | INFO | HTTP Request: GET https://www.okx.com/api/v5/market/ticker?instId=SHIB-USDT-SWAP "HTTP/2 200 OK"
2026-03-16 15:46:35,778 | INFO | HTTP Request: GET https://www.okx.com/api/v5/market/candles?instId=XLM-USDT-SWAP&bar=5m&limit=71 "HTTP/2 200 OK"
2026-03-16 15:46:36,174 | INFO | HTTP Request: GET https://www.okx.com/api/v5/market/candles?instId=XPL-USDT-SWAP&bar=5m&limit=71 "HTTP/2 200 OK"
2026-03-16 15:46:36,198 | INFO | HTTP Request: GET https://www.okx.com/api/v5/market/ticker?instId=SKY-USDT-SWAP "HTTP/2 200 OK"
2026-03-16 15:46:36,590 | INFO | HTTP Request: GET https://www.okx.com/api/v5/market/candles?instId=XRP-USDT-SWAP&bar=5m&limit=71 "HTTP/2 200 OK"
2026-03-16 15:46:36,835 | INFO | HTTP Request: GET https://www.okx.com/api/v5/market/ticker?instId=SOLV-USDT-SWAP "HTTP/2 200 OK"
2026-03-16 15:46:36,917 | INFO | HTTP Request: GET https://www.okx.com/api/v5/market/candles?instId=BTC-USDT-SWAP&bar=5m&limit=64 "HTTP/2 200 OK"
2026-03-16 15:46:37,007 | INFO | HTTP Request: GET https://www.okx.com/api/v5/market/candles?instId=XSR-USDT-SWAP&bar=5m&limit=71 "HTTP/2 200 OK"
2026-03-16 15:46:37,324 | INFO | HTTP Request: GET https://www.okx.com/api/v5/market/ticker?instId=SPK-USDT-SWAP "HTTP/2 200 OK"
2026-03-16 15:46:37,412 | INFO | HTTP Request: GET https://www.okx.com/api/v5/market/candles?instId=XTZ-USDT-SWAP&bar=5m&limit=71 "HTTP/2 200 OK"
2026-03-16 15:46:37,834 | INFO | HTTP Request: GET https://www.okx.com/api/v5/market/ticker?instId=STRK-USDT-SWAP "HTTP/2 200 OK"
2026-03-16 15:46:37,883 | INFO | HTTP Request: GET https://www.okx.com/api/v5/market/candles?instId=YB-USDT-SWAP&bar=5m&limit=71 "HTTP/2 200 OK"
2026-03-16 15:46:38,110 | INFO | HTTP Request: GET https://www.okx.com/api/v5/account/balance "HTTP/2 200 OK"
2026-03-16 15:46:38,298 | INFO | HTTP Request: GET https://www.okx.com/api/v5/market/candles?instId=YFI-USDT-SWAP&bar=5m&limit=71 "HTTP/2 200 OK"
2026-03-16 15:46:38,350 | INFO | HTTP Request: GET https://www.okx.com/api/v5/market/ticker?instId=SUI-USDT-SWAP "HTTP/2 200 OK"
2026-03-16 15:46:38,691 | INFO | HTTP Request: GET https://www.okx.com/api/v5/market/candles?instId=YGG-USDT-SWAP&bar=5m&limit=71 "HTTP/2 200 OK"
2026-03-16 15:46:38,835 | INFO | HTTP Request: GET https://www.okx.com/api/v5/market/ticker?instId=SUSHI-USDT-SWAP "HTTP/2 200 OK"
2026-03-16 15:46:39,057 | INFO | HTTP Request: GET https://www.okx.com/api/v5/market/candles?instId=ZAMA-USDT-SWAP&bar=5m&limit=71 "HTTP/2 200 OK"
2026-03-16 15:46:39,323 | INFO | HTTP Request: GET https://www.okx.com/api/v5/market/ticker?instId=SYRUP-USDT-SWAP "HTTP/2 200 OK"
2026-03-16 15:46:39,420 | INFO | HTTP Request: GET https://www.okx.com/api/v5/market/candles?instId=ZBCN-USDT-SWAP&bar=5m&limit=71 "HTTP/2 200 OK"
2026-03-16 15:46:39,841 | INFO | HTTP Request: GET https://www.okx.com/api/v5/market/candles?instId=ZETA-USDT-SWAP&bar=5m&limit=71 "HTTP/2 200 OK"
2026-03-16 15:46:39,848 | INFO | HTTP Request: GET https://www.okx.com/api/v5/market/ticker?instId=TEST1234-USDT-SWAP "HTTP/2 200 OK"
2026-03-16 15:46:40,242 | INFO | HTTP Request: GET https://www.okx.com/api/v5/market/candles?instId=ZIL-USDT-SWAP&bar=5m&limit=71 "HTTP/2 200 OK"
2026-03-16 15:46:40,361 | INFO | HTTP Request: GET https://www.okx.com/api/v5/market/ticker?instId=TEST3103-USDT-SWAP "HTTP/2 200 OK"
2026-03-16 15:46:40,654 | INFO | HTTP Request: GET https://www.okx.com/api/v5/market/candles?instId=XAG-USDT-SWAP&bar=5m&limit=26 "HTTP/2 200 OK"
2026-03-16 15:46:40,870 | INFO | HTTP Request: GET https://www.okx.com/api/v5/market/ticker?instId=TEST3110-USDT-SWAP "HTTP/2 200 OK"
2026-03-16 15:46:41,049 | INFO | HTTP Request: GET https://www.okx.com/api/v5/market/ticker?instId=XAG-USDT-SWAP "HTTP/2 200 OK"
2026-03-16 15:46:41,383 | INFO | HTTP Request: GET https://www.okx.com/api/v5/market/ticker?instId=THETA-USDT-SWAP "HTTP/2 200 OK"
2026-03-16 15:46:41,395 | INFO | HTTP Request: GET https://www.okx.com/api/v5/trade/orders-algo-pending?ordType=conditional&instType=SWAP&instId=XAG-USDT-SWAP "HTTP/2 200 OK"
2026-03-16 15:46:41,704 | INFO | HTTP Request: GET https://www.okx.com/api/v5/trade/orders-algo-pending?ordType=oco&instType=SWAP&instId=XAG-USDT-SWAP "HTTP/2 200 OK"
2026-03-16 15:46:41,884 | INFO | HTTP Request: GET https://www.okx.com/api/v5/market/ticker?instId=TON-USDT-SWAP "HTTP/2 200 OK"
2026-03-16 15:46:41,971 | INFO | HTTP Request: GET https://www.okx.com/api/v5/trade/orders-algo-pending?ordType=trigger&instType=SWAP&instId=XAG-USDT-SWAP "HTTP/2 200 OK"
2026-03-16 15:46:42,337 | INFO | HTTP Request: GET https://www.okx.com/api/v5/trade/orders-algo-pending?ordType=move_order_stop&instType=SWAP&instId=XAG-USDT-SWAP "HTTP/2 200 OK"
2026-03-16 15:46:42,392 | INFO | HTTP Request: GET https://www.okx.com/api/v5/market/ticker?instId=TRIA-USDT-SWAP "HTTP/2 200 OK"
2026-03-16 15:46:42,596 | INFO | HTTP Request: GET https://www.okx.com/api/v5/trade/orders-algo-pending?ordType=iceberg&instType=SWAP&instId=XAG-USDT-SWAP "HTTP/2 200 OK"
2026-03-16 15:46:42,908 | INFO | HTTP Request: GET https://www.okx.com/api/v5/trade/orders-algo-pending?ordType=twap&instType=SWAP&instId=XAG-USDT-SWAP "HTTP/2 200 OK"
2026-03-16 15:46:42,929 | INFO | HTTP Request: GET https://www.okx.com/api/v5/market/ticker?instId=TRX-USDT-SWAP "HTTP/2 200 OK"
2026-03-16 15:46:43,174 | INFO | HTTP Request: GET https://www.okx.com/api/v5/market/candles?instId=BTC-USDT-SWAP&bar=5m&limit=64 "HTTP/2 200 OK"
2026-03-16 15:46:43,207 | INFO | HTTP Request: GET https://www.okx.com/api/v5/trade/orders-algo-pending?ordType=chase&instType=SWAP&instId=XAG-USDT-SWAP "HTTP/2 200 OK"
2026-03-16 15:46:43,486 | INFO | HTTP Request: GET https://www.okx.com/api/v5/account/balance "HTTP/2 200 OK"
2026-03-16 15:46:43,579 | INFO | HTTP Request: GET https://www.okx.com/api/v5/market/candles?instId=ICP-USDT-SWAP&bar=5m&limit=26 "HTTP/2 200 OK"
2026-03-16 15:46:43,976 | INFO | HTTP Request: GET https://www.okx.com/api/v5/market/ticker?instId=ICP-USDT-SWAP "HTTP/2 200 OK"
2026-03-16 15:46:44,166 | INFO | HTTP Request: GET https://www.okx.com/api/v5/market/ticker?instId=XTZ-USDT-SWAP "HTTP/2 200 OK"
2026-03-16 15:46:44,330 | INFO | HTTP Request: GET https://www.okx.com/api/v5/trade/orders-algo-pending?ordType=conditional&instType=SWAP&instId=ICP-USDT-SWAP "HTTP/2 200 OK"
2026-03-16 15:46:44,626 | INFO | HTTP Request: GET https://www.okx.com/api/v5/trade/orders-algo-pending?ordType=oco&instType=SWAP&instId=ICP-USDT-SWAP "HTTP/2 200 OK"
2026-03-16 15:46:44,660 | INFO | HTTP Request: GET https://www.okx.com/api/v5/market/ticker?instId=YB-USDT-SWAP "HTTP/2 200 OK"
2026-03-16 15:46:44,879 | INFO | HTTP Request: GET https://www.okx.com/api/v5/trade/orders-algo-pending?ordType=trigger&instType=SWAP&instId=ICP-USDT-SWAP "HTTP/2 200 OK"
2026-03-16 15:46:45,152 | INFO | HTTP Request: GET https://www.okx.com/api/v5/market/ticker?instId=YFI-USDT-SWAP "HTTP/2 200 OK"
2026-03-16 15:46:45,190 | INFO | HTTP Request: GET https://www.okx.com/api/v5/trade/orders-algo-pending?ordType=move_order_stop&instType=SWAP&instId=ICP-USDT-SWAP "HTTP/2 200 OK"
2026-03-16 15:46:45,443 | INFO | HTTP Request: GET https://www.okx.com/api/v5/trade/orders-algo-pending?ordType=iceberg&instType=SWAP&instId=ICP-USDT-SWAP "HTTP/2 200 OK"
2026-03-16 15:46:45,674 | INFO | HTTP Request: GET https://www.okx.com/api/v5/market/ticker?instId=YGG-USDT-SWAP "HTTP/2 200 OK"
2026-03-16 15:46:45,685 | INFO | HTTP Request: GET https://www.okx.com/api/v5/trade/orders-algo-pending?ordType=twap&instType=SWAP&instId=ICP-USDT-SWAP "HTTP/2 200 OK"
2026-03-16 15:46:45,995 | INFO | HTTP Request: GET https://www.okx.com/api/v5/trade/orders-algo-pending?ordType=chase&instType=SWAP&instId=ICP-USDT-SWAP "HTTP/2 200 OK"
2026-03-16 15:46:46,165 | INFO | HTTP Request: GET https://www.okx.com/api/v5/market/ticker?instId=ZAMA-USDT-SWAP "HTTP/2 200 OK"
2026-03-16 15:46:46,355 | INFO | HTTP Request: GET https://www.okx.com/api/v5/market/candles?instId=ETH-USDT-SWAP&bar=5m&limit=26 "HTTP/2 200 OK"
2026-03-16 15:46:46,686 | INFO | HTTP Request: GET https://www.okx.com/api/v5/market/ticker?instId=ZBCN-USDT-SWAP "HTTP/2 200 OK"
2026-03-16 15:46:46,771 | INFO | HTTP Request: GET https://www.okx.com/api/v5/market/ticker?instId=ETH-USDT-SWAP "HTTP/2 200 OK"
2026-03-16 15:46:47,055 | INFO | HTTP Request: GET https://www.okx.com/api/v5/trade/orders-algo-pending?ordType=conditional&instType=SWAP&instId=ETH-USDT-SWAP "HTTP/2 200 OK"
2026-03-16 15:46:47,195 | INFO | HTTP Request: GET https://www.okx.com/api/v5/market/ticker?instId=ZETA-USDT-SWAP "HTTP/2 200 OK"
2026-03-16 15:46:47,290 | INFO | HTTP Request: GET https://www.okx.com/api/v5/trade/orders-algo-pending?ordType=oco&instType=SWAP&instId=ETH-USDT-SWAP "HTTP/2 200 OK"
2026-03-16 15:46:47,629 | INFO | HTTP Request: GET https://www.okx.com/api/v5/trade/orders-algo-pending?ordType=trigger&instType=SWAP&instId=ETH-USDT-SWAP "HTTP/2 200 OK"
2026-03-16 15:46:47,813 | INFO | HTTP Request: GET https://www.okx.com/api/v5/market/ticker?instId=XAG-USDT-SWAP "HTTP/2 200 OK"
2026-03-16 15:46:47,931 | INFO | HTTP Request: GET https://www.okx.com/api/v5/trade/orders-algo-pending?ordType=move_order_stop&instType=SWAP&instId=ETH-USDT-SWAP "HTTP/2 200 OK"
2026-03-16 15:46:48,233 | INFO | HTTP Request: GET https://www.okx.com/api/v5/trade/orders-algo-pending?ordType=iceberg&instType=SWAP&instId=ETH-USDT-SWAP "HTTP/2 200 OK"
2026-03-16 15:46:48,245 | INFO | HTTP Request: GET https://www.okx.com/api/v5/market/candles?instId=XAG-USDT-SWAP&bar=5m&limit=89 "HTTP/2 200 OK"
2026-03-16 15:46:48,485 | INFO | HTTP Request: GET https://www.okx.com/api/v5/trade/orders-algo-pending?ordType=twap&instType=SWAP&instId=ETH-USDT-SWAP "HTTP/2 200 OK"
2026-03-16 15:46:48,786 | INFO | HTTP Request: GET https://www.okx.com/api/v5/trade/orders-algo-pending?ordType=chase&instType=SWAP&instId=ETH-USDT-SWAP "HTTP/2 200 OK"
2026-03-16 15:46:48,795 | INFO | Placing order ETH-USDT-SWAP buy qty=6.06
2026-03-16 15:46:48,880 | INFO | HTTP Request: GET https://www.okx.com/api/v5/account/balance "HTTP/2 200 OK"
2026-03-16 15:46:48,976 | INFO | HTTP Request: GET https://www.okx.com/api/v5/market/ticker?instId=BREV-USDT-SWAP "HTTP/2 200 OK"
2026-03-16 15:46:49,101 | INFO | HTTP Request: POST https://www.okx.com/api/v5/trade/order "HTTP/2 200 OK"
2026-03-16 15:46:49,362 | INFO | HTTP Request: GET https://www.okx.com/api/v5/market/candles?instId=BREV-USDT-SWAP&bar=5m&limit=89 "HTTP/2 200 OK"
2026-03-16 15:46:49,408 | INFO | HTTP Request: GET https://www.okx.com/api/v5/market/candles?instId=BTC-USDT-SWAP&bar=5m&limit=64 "HTTP/2 200 OK"
2026-03-16 15:46:49,417 | INFO | HTTP Request: GET https://www.okx.com/api/v5/account/positions?instType=SWAP "HTTP/2 200 OK"
2026-03-16 15:46:49,687 | INFO | HTTP Request: POST https://www.okx.com/api/v5/trade/cancel-algos "HTTP/2 200 OK"
2026-03-16 15:46:49,728 | INFO | Placing exchange stop ETH-USDT-SWAP long payload={'instId': 'ETH-USDT-SWAP', 'tdMode': 'isolated', 'side': 'sell', 'posSide': 'net', 'ordType': 'conditional', 'sz': '12.12', 'slTriggerPx': '2323.893125', 'slOrdPx': '-1'}
2026-03-16 15:46:49,899 | INFO | HTTP Request: GET https://www.okx.com/api/v5/market/ticker?instId=1INCH-USDT-SWAP "HTTP/2 200 OK"
2026-03-16 15:46:50,033 | INFO | HTTP Request: POST https://www.okx.com/api/v5/trade/order-algo "HTTP/2 200 OK"
2026-03-16 15:46:50,051 | INFO | Placing exchange stop BREV-USDT-SWAP long payload={'instId': 'BREV-USDT-SWAP', 'tdMode': 'isolated', 'side': 'sell', 'posSide': 'net', 'ordType': 'conditional', 'sz': '120000', 'slTriggerPx': '1.008904996667', 'slOrdPx': '-1'}
2026-03-16 15:46:50,304 | INFO | HTTP Request: GET https://www.okx.com/api/v5/market/candles?instId=1INCH-USDT-SWAP&bar=5m&limit=89 "HTTP/2 200 OK"
2026-03-16 15:46:50,364 | INFO | HTTP Request: POST https://www.okx.com/api/v5/trade/order-algo "HTTP/2 200 OK"
2026-03-16 15:46:50,705 | INFO | HTTP Request: POST https://www.okx.com/api/v5/trade/cancel-algos "HTTP/2 200 OK"
2026-03-16 15:46:50,722 | INFO | Closing position BREV-USDT-SWAP. Защита тренда: откат от пика 23095003333.33R → 3695003333.33R
2026-03-16 15:46:50,789 | INFO | HTTP Request: GET https://www.okx.com/api/v5/market/ticker?instId=2Z-USDT-SWAP "HTTP/2 200 OK"
2026-03-16 15:46:51,026 | INFO | HTTP Request: POST https://www.okx.com/api/v5/trade/close-position "HTTP/2 200 OK"
2026-03-16 15:46:51,037 | WARNING | Failed to load json context : [Errno 13] Permission denied: '.'
2026-03-16 15:46:51,204 | INFO | HTTP Request: GET https://www.okx.com/api/v5/market/candles?instId=2Z-USDT-SWAP&bar=5m&limit=89 "HTTP/2 200 OK"
2026-03-16 15:46:51,414 | INFO | HTTP Request: GET https://www.okx.com/api/v5/market/candles?instId=BREV-USDT-SWAP&bar=5m&limit=97 "HTTP/2 200 OK"
2026-03-16 15:46:51,734 | INFO | HTTP Request: GET https://www.okx.com/api/v5/market/ticker?instId=A-USDT-SWAP "HTTP/2 200 OK"
2026-03-16 15:46:52,129 | INFO | HTTP Request: GET https://www.okx.com/api/v5/market/candles?instId=A-USDT-SWAP&bar=5m&limit=89 "HTTP/2 200 OK"
2026-03-16 15:46:52,654 | INFO | HTTP Request: GET https://www.okx.com/api/v5/market/ticker?instId=AAVE-USDT-SWAP "HTTP/2 200 OK"
2026-03-16 15:46:53,038 | INFO | HTTP Request: GET https://www.okx.com/api/v5/market/candles?instId=AAVE-USDT-SWAP&bar=5m&limit=89 "HTTP/2 200 OK"
2026-03-16 15:46:53,580 | INFO | HTTP Request: GET https://www.okx.com/api/v5/market/ticker?instId=ACT-USDT-SWAP "HTTP/2 200 OK"
2026-03-16 15:46:53,950 | INFO | HTTP Request: GET https://www.okx.com/api/v5/market/candles?instId=ACT-USDT-SWAP&bar=5m&limit=89 "HTTP/2 200 OK"
2026-03-16 15:46:54,166 | INFO | HTTP Request: GET https://www.okx.com/api/v5/account/balance "HTTP/2 200 OK"
2026-03-16 15:46:54,474 | INFO | HTTP Request: GET https://www.okx.com/api/v5/market/ticker?instId=ADA-USDT-SWAP "HTTP/2 200 OK"
2026-03-16 15:46:54,871 | INFO | HTTP Request: GET https://www.okx.com/api/v5/market/candles?instId=ADA-USDT-SWAP&bar=5m&limit=89 "HTTP/2 200 OK"
2026-03-16 15:46:55,393 | INFO | HTTP Request: GET https://www.okx.com/api/v5/market/ticker?instId=AI16Z-USDT-SWAP "HTTP/2 200 OK"
2026-03-16 15:46:55,672 | INFO | HTTP Request: GET https://www.okx.com/api/v5/market/candles?instId=BTC-USDT-SWAP&bar=5m&limit=64 "HTTP/2 200 OK"
2026-03-16 15:46:55,780 | INFO | HTTP Request: GET https://www.okx.com/api/v5/market/candles?instId=AI16Z-USDT-SWAP&bar=5m&limit=89 "HTTP/2 200 OK"
2026-03-16 15:46:56,314 | INFO | HTTP Request: GET https://www.okx.com/api/v5/market/ticker?instId=AKITA-USDT-SWAP "HTTP/2 200 OK"
2026-03-16 15:46:56,687 | INFO | HTTP Request: GET https://www.okx.com/api/v5/market/candles?instId=AKITA-USDT-SWAP&bar=5m&limit=89 "HTTP/2 200 OK"
2026-03-16 15:46:56,788 | INFO | HTTP Request: GET https://www.okx.com/api/v5/account/positions?instType=SWAP "HTTP/2 200 OK"
2026-03-16 15:46:57,213 | INFO | HTTP Request: GET https://www.okx.com/api/v5/market/ticker?instId=ALGO-USDT-SWAP "HTTP/2 200 OK"
2026-03-16 15:46:57,221 | INFO | HTTP Request: GET https://www.okx.com/api/v5/market/candles?instId=BREV-USDT-SWAP&bar=5m&limit=26 "HTTP/2 200 OK"
2026-03-16 15:46:57,610 | INFO | HTTP Request: GET https://www.okx.com/api/v5/market/candles?instId=ALGO-USDT-SWAP&bar=5m&limit=89 "HTTP/2 200 OK"
2026-03-16 15:46:57,621 | INFO | HTTP Request: GET https://www.okx.com/api/v5/market/candles?instId=1INCH-USDT-SWAP&bar=5m&limit=71 "HTTP/2 200 OK"
2026-03-16 15:46:58,030 | INFO | HTTP Request: GET https://www.okx.com/api/v5/market/candles?instId=2Z-USDT-SWAP&bar=5m&limit=71 "HTTP/2 200 OK"
2026-03-16 15:46:58,148 | INFO | HTTP Request: GET https://www.okx.com/api/v5/market/ticker?instId=ARB-USDT-SWAP "HTTP/2 200 OK"
2026-03-16 15:46:58,437 | INFO | HTTP Request: GET https://www.okx.com/api/v5/market/candles?instId=A-USDT-SWAP&bar=5m&limit=71 "HTTP/2 200 OK"
2026-03-16 15:46:58,539 | INFO | HTTP Request: GET https://www.okx.com/api/v5/market/candles?instId=ARB-USDT-SWAP&bar=5m&limit=89 "HTTP/2 200 OK"
2026-03-16 15:46:58,843 | INFO | HTTP Request: GET https://www.okx.com/api/v5/market/candles?instId=AAVE-USDT-SWAP&bar=5m&limit=71 "HTTP/2 200 OK"
2026-03-16 15:46:59,073 | INFO | HTTP Request: GET https://www.okx.com/api/v5/market/ticker?instId=ASP-USDT-SWAP "HTTP/2 200 OK"
2026-03-16 15:46:59,250 | INFO | HTTP Request: GET https://www.okx.com/api/v5/market/candles?instId=ACT-USDT-SWAP&bar=5m&limit=71 "HTTP/2 200 OK"
2026-03-16 15:46:59,449 | INFO | HTTP Request: GET https://www.okx.com/api/v5/account/balance "HTTP/2 200 OK"
2026-03-16 15:46:59,449 | INFO | HTTP Request: GET https://www.okx.com/api/v5/market/candles?instId=ASP-USDT-SWAP&bar=5m&limit=89 "HTTP/2 200 OK"
2026-03-16 15:46:59,660 | INFO | HTTP Request: GET https://www.okx.com/api/v5/market/candles?instId=ADA-USDT-SWAP&bar=5m&limit=71 "HTTP/2 200 OK"
2026-03-16 15:46:59,985 | INFO | HTTP Request: GET https://www.okx.com/api/v5/market/ticker?instId=ASTER-USDT-SWAP "HTTP/2 200 OK"
2026-03-16 15:47:00,069 | INFO | HTTP Request: GET https://www.okx.com/api/v5/market/candles?instId=ASTER-USDT-SWAP&bar=5m&limit=71 "HTTP/2 200 OK"
2026-03-16 15:47:00,112 | INFO | ASTER-USDT-SWAP: Turtle 20 short-сигнал отклонён (закрытие не удержалось ниже канала)
2026-03-16 15:47:00,366 | INFO | HTTP Request: GET https://www.okx.com/api/v5/market/candles?instId=ASTER-USDT-SWAP&bar=5m&limit=89 "HTTP/2 200 OK"
2026-03-16 15:47:00,473 | INFO | HTTP Request: GET https://www.okx.com/api/v5/market/candles?instId=ATOM-USDT-SWAP&bar=5m&limit=71 "HTTP/2 200 OK"
2026-03-16 15:47:00,881 | INFO | HTTP Request: GET https://www.okx.com/api/v5/market/candles?instId=AUCTION-USDT-SWAP&bar=5m&limit=71 "HTTP/2 200 OK"
2026-03-16 15:47:00,897 | INFO | HTTP Request: GET https://www.okx.com/api/v5/market/ticker?instId=ATOM-USDT-SWAP "HTTP/2 200 OK"
2026-03-16 15:47:01,292 | INFO | HTTP Request: GET https://www.okx.com/api/v5/market/candles?instId=AVAX-USDT-SWAP&bar=5m&limit=71 "HTTP/2 200 OK"
2026-03-16 15:47:01,408 | INFO | HTTP Request: GET https://www.okx.com/api/v5/market/ticker?instId=AUCTION-USDT-SWAP "HTTP/2 200 OK"
2026-03-16 15:47:01,717 | INFO | HTTP Request: GET https://www.okx.com/api/v5/market/candles?instId=AXS-USDT-SWAP&bar=5m&limit=71 "HTTP/2 200 OK"
2026-03-16 15:47:01,922 | INFO | HTTP Request: GET https://www.okx.com/api/v5/market/candles?instId=BTC-USDT-SWAP&bar=5m&limit=64 "HTTP/2 200 OK"
2026-03-16 15:47:01,931 | INFO | HTTP Request: GET https://www.okx.com/api/v5/market/ticker?instId=AVAX-USDT-SWAP "HTTP/2 200 OK"
2026-03-16 15:47:02,115 | INFO | HTTP Request: GET https://www.okx.com/api/v5/market/candles?instId=BAND-USDT-SWAP&bar=5m&limit=71 "HTTP/2 200 OK"
2026-03-16 15:47:02,448 | INFO | HTTP Request: GET https://www.okx.com/api/v5/market/ticker?instId=AXS-USDT-SWAP "HTTP/2 200 OK"
2026-03-16 15:47:02,528 | INFO | HTTP Request: GET https://www.okx.com/api/v5/market/candles?instId=BCH-USDT-SWAP&bar=5m&limit=71 "HTTP/2 200 OK"
2026-03-16 15:47:02,930 | INFO | HTTP Request: GET https://www.okx.com/api/v5/market/candles?instId=BIO-USDT-SWAP&bar=5m&limit=71 "HTTP/2 200 OK"
2026-03-16 15:47:02,957 | INFO | HTTP Request: GET https://www.okx.com/api/v5/market/ticker?instId=BAND-USDT-SWAP "HTTP/2 200 OK"
2026-03-16 15:47:03,345 | INFO | HTTP Request: GET https://www.okx.com/api/v5/market/candles?instId=BLUAI-USDT-SWAP&bar=5m&limit=71 "HTTP/2 200 OK"
2026-03-16 15:47:03,466 | INFO | HTTP Request: GET https://www.okx.com/api/v5/market/ticker?instId=BCH-USDT-SWAP "HTTP/2 200 OK"
2026-03-16 15:47:03,745 | INFO | HTTP Request: GET https://www.okx.com/api/v5/market/candles?instId=BNB-USDT-SWAP&bar=5m&limit=71 "HTTP/2 200 OK"
2026-03-16 15:47:03,973 | INFO | HTTP Request: GET https://www.okx.com/api/v5/market/ticker?instId=BIO-USDT-SWAP "HTTP/2 200 OK"
2026-03-16 15:47:04,161 | INFO | HTTP Request: GET https://www.okx.com/api/v5/market/candles?instId=BOME-USDT-SWAP&bar=5m&limit=71 "HTTP/2 200 OK"
2026-03-16 15:47:04,482 | INFO | HTTP Request: GET https://www.okx.com/api/v5/market/ticker?instId=BLUAI-USDT-SWAP "HTTP/2 200 OK"
2026-03-16 15:47:04,573 | INFO | HTTP Request: GET https://www.okx.com/api/v5/market/candles?instId=BRETT-USDT-SWAP&bar=5m&limit=71 "HTTP/2 200 OK"
2026-03-16 15:47:04,871 | INFO | HTTP Request: GET https://www.okx.com/api/v5/account/balance "HTTP/2 200 OK"
2026-03-16 15:47:04,973 | INFO | HTTP Request: GET https://www.okx.com/api/v5/market/candles?instId=BTC-USDT-SWAP&bar=5m&limit=71 "HTTP/2 200 OK"
2026-03-16 15:47:04,987 | INFO | HTTP Request: GET https://www.okx.com/api/v5/market/ticker?instId=BNB-USDT-SWAP "HTTP/2 200 OK"
2026-03-16 15:47:05,381 | INFO | HTTP Request: GET https://www.okx.com/api/v5/market/candles?instId=CAT-USDT-SWAP&bar=5m&limit=71 "HTTP/2 200 OK"
2026-03-16 15:47:05,512 | INFO | HTTP Request: GET https://www.okx.com/api/v5/market/ticker?instId=BOME-USDT-SWAP "HTTP/2 200 OK"
2026-03-16 15:47:05,794 | INFO | HTTP Request: GET https://www.okx.com/api/v5/market/candles?instId=CATI-USDT-SWAP&bar=5m&limit=71 "HTTP/2 200 OK"
2026-03-16 15:47:06,024 | INFO | HTTP Request: GET https://www.okx.com/api/v5/market/ticker?instId=BRETT-USDT-SWAP "HTTP/2 200 OK"
2026-03-16 15:47:06,201 | INFO | HTTP Request: GET https://www.okx.com/api/v5/market/candles?instId=CELO-USDT-SWAP&bar=5m&limit=71 "HTTP/2 200 OK"
2026-03-16 15:47:06,518 | INFO | HTTP Request: GET https://www.okx.com/api/v5/market/ticker?instId=BTC-USDT-SWAP "HTTP/2 200 OK"
2026-03-16 15:47:06,611 | INFO | HTTP Request: GET https://www.okx.com/api/v5/market/candles?instId=CFX-USDT-SWAP&bar=5m&limit=71 "HTTP/2 200 OK"
2026-03-16 15:47:07,022 | INFO | HTTP Request: GET https://www.okx.com/api/v5/market/candles?instId=CHZ-USDT-SWAP&bar=5m&limit=71 "HTTP/2 200 OK"
2026-03-16 15:47:07,034 | INFO | HTTP Request: GET https://www.okx.com/api/v5/market/ticker?instId=CAT-USDT-SWAP "HTTP/2 200 OK"
2026-03-16 15:47:07,414 | INFO | HTTP Request: GET https://www.okx.com/api/v5/market/candles?instId=COAI-USDT-SWAP&bar=5m&limit=71 "HTTP/2 200 OK"
2026-03-16 15:47:07,547 | INFO | HTTP Request: GET https://www.okx.com/api/v5/market/ticker?instId=CATI-USDT-SWAP "HTTP/2 200 OK"
2026-03-16 15:47:07,849 | INFO | HTTP Request: GET https://www.okx.com/api/v5/market/candles?instId=COMP-USDT-SWAP&bar=5m&limit=71 "HTTP/2 200 OK"
2026-03-16 15:47:08,044 | INFO | HTTP Request: GET https://www.okx.com/api/v5/market/ticker?instId=CELO-USDT-SWAP "HTTP/2 200 OK"
2026-03-16 15:47:08,260 | INFO | HTTP Request: GET https://www.okx.com/api/v5/market/candles?instId=CRO-USDT-SWAP&bar=5m&limit=71 "HTTP/2 200 OK"
2026-03-16 15:47:08,571 | INFO | HTTP Request: GET https://www.okx.com/api/v5/market/ticker?instId=CFX-USDT-SWAP "HTTP/2 200 OK"
2026-03-16 15:47:08,642 | INFO | HTTP Request: GET https://www.okx.com/api/v5/market/candles?instId=CRV-USDT-SWAP&bar=5m&limit=71 "HTTP/2 200 OK"
2026-03-16 15:47:09,055 | INFO | HTTP Request: GET https://www.okx.com/api/v5/market/candles?instId=DOGE-USDT-SWAP&bar=5m&limit=71 "HTTP/2 200 OK"
2026-03-16 15:47:09,066 | INFO | HTTP Request: GET https://www.okx.com/api/v5/market/ticker?instId=CHZ-USDT-SWAP "HTTP/2 200 OK"
2026-03-16 15:47:09,526 | INFO | HTTP Request: GET https://www.okx.com/api/v5/market/candles?instId=DOT-USDT-SWAP&bar=5m&limit=71 "HTTP/2 200 OK"
2026-03-16 15:47:09,593 | INFO | HTTP Request: GET https://www.okx.com/api/v5/market/ticker?instId=COAI-USDT-SWAP "HTTP/2 200 OK"
2026-03-16 15:47:09,907 | INFO | HTTP Request: GET https://www.okx.com/api/v5/market/candles?instId=ENA-USDT-SWAP&bar=5m&limit=71 "HTTP/2 200 OK"
2026-03-16 15:47:10,114 | INFO | HTTP Request: GET https://www.okx.com/api/v5/market/ticker?instId=COMP-USDT-SWAP "HTTP/2 200 OK"
2026-03-16 15:47:10,299 | INFO | HTTP Request: GET https://www.okx.com/api/v5/market/candles?instId=EOS-USDT-SWAP&bar=5m&limit=71 "HTTP/2 200 OK"
2026-03-16 15:47:10,346 | INFO | HTTP Request: GET https://www.okx.com/api/v5/account/balance "HTTP/2 200 OK"
2026-03-16 15:47:10,630 | INFO | HTTP Request: GET https://www.okx.com/api/v5/market/ticker?instId=CRO-USDT-SWAP "HTTP/2 200 OK"
2026-03-16 15:47:10,721 | INFO | HTTP Request: GET https://www.okx.com/api/v5/market/candles?instId=ETC-USDT-SWAP&bar=5m&limit=71 "HTTP/2 200 OK"
2026-03-16 15:47:11,124 | INFO | HTTP Request: GET https://www.okx.com/api/v5/market/candles?instId=ETHFI-USDT-SWAP&bar=5m&limit=71 "HTTP/2 200 OK"
2026-03-16 15:47:11,164 | INFO | HTTP Request: GET https://www.okx.com/api/v5/market/ticker?instId=CRV-USDT-SWAP "HTTP/2 200 OK"
2026-03-16 15:47:11,293 | INFO | HTTP Request: GET https://www.okx.com/api/v5/market/candles?instId=BTC-USDT-SWAP&bar=5m&limit=64 "HTTP/2 200 OK"
2026-03-16 15:47:11,606 | INFO | HTTP Request: GET https://www.okx.com/api/v5/market/candles?instId=ETHW-USDT-SWAP&bar=5m&limit=71 "HTTP/2 200 OK"
2026-03-16 15:47:11,656 | INFO | HTTP Request: GET https://www.okx.com/api/v5/market/ticker?instId=DOGE-USDT-SWAP "HTTP/2 200 OK"
2026-03-16 15:47:11,967 | INFO | HTTP Request: GET https://www.okx.com/api/v5/market/candles?instId=FIL-USDT-SWAP&bar=5m&limit=71 "HTTP/2 200 OK"
2026-03-16 15:47:12,147 | INFO | HTTP Request: GET https://www.okx.com/api/v5/market/ticker?instId=DOT-USDT-SWAP "HTTP/2 200 OK"
2026-03-16 15:47:12,331 | INFO | HTTP Request: GET https://www.okx.com/api/v5/market/candles?instId=FLOKI-USDT-SWAP&bar=5m&limit=71 "HTTP/2 200 OK"
2026-03-16 15:47:12,672 | INFO | HTTP Request: GET https://www.okx.com/api/v5/market/ticker?instId=ENA-USDT-SWAP "HTTP/2 200 OK"
2026-03-16 15:47:12,748 | INFO | HTTP Request: GET https://www.okx.com/api/v5/market/candles?instId=GMT-USDT-SWAP&bar=5m&limit=71 "HTTP/2 200 OK"
2026-03-16 15:47:13,155 | INFO | HTTP Request: GET https://www.okx.com/api/v5/market/candles?instId=HBAR-USDT-SWAP&bar=5m&limit=71 "HTTP/2 200 OK"
2026-03-16 15:47:13,167 | INFO | HTTP Request: GET https://www.okx.com/api/v5/market/ticker?instId=EOS-USDT-SWAP "HTTP/2 200 OK"
2026-03-16 15:47:13,561 | INFO | HTTP Request: GET https://www.okx.com/api/v5/market/candles?instId=HMSTR-USDT-SWAP&bar=5m&limit=71 "HTTP/2 200 OK"
2026-03-16 15:47:13,699 | INFO | HTTP Request: GET https://www.okx.com/api/v5/market/ticker?instId=ETC-USDT-SWAP "HTTP/2 200 OK"
2026-03-16 15:47:13,969 | INFO | HTTP Request: GET https://www.okx.com/api/v5/market/candles?instId=HOME-USDT-SWAP&bar=5m&limit=71 "HTTP/2 200 OK"
2026-03-16 15:47:14,199 | INFO | HTTP Request: GET https://www.okx.com/api/v5/market/ticker?instId=ETHFI-USDT-SWAP "HTTP/2 200 OK"
2026-03-16 15:47:14,372 | INFO | HTTP Request: GET https://www.okx.com/api/v5/market/candles?instId=IMX-USDT-SWAP&bar=5m&limit=71 "HTTP/2 200 OK"
2026-03-16 15:47:14,712 | INFO | HTTP Request: GET https://www.okx.com/api/v5/market/ticker?instId=ETHW-USDT-SWAP "HTTP/2 200 OK"
2026-03-16 15:47:14,776 | INFO | HTTP Request: GET https://www.okx.com/api/v5/market/candles?instId=INJ-USDT-SWAP&bar=5m&limit=71 "HTTP/2 200 OK"
2026-03-16 15:47:15,192 | INFO | HTTP Request: GET https://www.okx.com/api/v5/market/candles?instId=IOTA-USDT-SWAP&bar=5m&limit=71 "HTTP/2 200 OK"
2026-03-16 15:47:15,213 | INFO | HTTP Request: GET https://www.okx.com/api/v5/market/ticker?instId=FIL-USDT-SWAP "HTTP/2 200 OK"
2026-03-16 15:47:15,600 | INFO | HTTP Request: GET https://www.okx.com/api/v5/market/candles?instId=JUP-USDT-SWAP&bar=5m&limit=71 "HTTP/2 200 OK"
2026-03-16 15:47:15,719 | INFO | HTTP Request: GET https://www.okx.com/api/v5/market/ticker?instId=FLOKI-USDT-SWAP "HTTP/2 200 OK"
2026-03-16 15:47:15,771 | INFO | HTTP Request: GET https://www.okx.com/api/v5/account/balance "HTTP/2 200 OK"
2026-03-16 15:47:16,022 | INFO | HTTP Request: GET https://www.okx.com/api/v5/market/candles?instId=KAITO-USDT-SWAP&bar=5m&limit=71 "HTTP/2 200 OK"
2026-03-16 15:47:16,236 | INFO | HTTP Request: GET https://www.okx.com/api/v5/market/ticker?instId=GMT-USDT-SWAP "HTTP/2 200 OK"
2026-03-16 15:47:16,393 | INFO | HTTP Request: GET https://www.okx.com/api/v5/market/candles?instId=KSM-USDT-SWAP&bar=5m&limit=71 "HTTP/2 200 OK"
2026-03-16 15:47:16,755 | INFO | HTTP Request: GET https://www.okx.com/api/v5/market/ticker?instId=HBAR-USDT-SWAP "HTTP/2 200 OK"
2026-03-16 15:47:16,810 | INFO | HTTP Request: GET https://www.okx.com/api/v5/market/candles?instId=LDO-USDT-SWAP&bar=5m&limit=71 "HTTP/2 200 OK"
2026-03-16 15:47:17,227 | INFO | HTTP Request: GET https://www.okx.com/api/v5/market/candles?instId=LINEA-USDT-SWAP&bar=5m&limit=71 "HTTP/2 200 OK"
2026-03-16 15:47:17,252 | INFO | HTTP Request: GET https://www.okx.com/api/v5/market/ticker?instId=HMSTR-USDT-SWAP "HTTP/2 200 OK"
2026-03-16 15:47:17,539 | INFO | HTTP Request: GET https://www.okx.com/api/v5/market/candles?instId=BTC-USDT-SWAP&bar=5m&limit=64 "HTTP/2 200 OK"
2026-03-16 15:47:17,627 | INFO | HTTP Request: GET https://www.okx.com/api/v5/market/candles?instId=LINK-USDT-SWAP&bar=5m&limit=71 "HTTP/2 200 OK"
2026-03-16 15:47:17,763 | INFO | HTTP Request: GET https://www.okx.com/api/v5/market/ticker?instId=HOME-USDT-SWAP "HTTP/2 200 OK"
2026-03-16 15:47:18,032 | INFO | HTTP Request: GET https://www.okx.com/api/v5/market/candles?instId=LIT-USDT-SWAP&bar=5m&limit=71 "HTTP/2 200 OK"
2026-03-16 15:47:18,264 | INFO | HTTP Request: GET https://www.okx.com/api/v5/market/ticker?instId=IMX-USDT-SWAP "HTTP/2 200 OK"
2026-03-16 15:47:18,405 | INFO | HTTP Request: GET https://www.okx.com/api/v5/market/candles?instId=LPT-USDT-SWAP&bar=5m&limit=71 "HTTP/2 200 OK"
2026-03-16 15:47:18,742 | INFO | HTTP Request: GET https://www.okx.com/api/v5/market/ticker?instId=INJ-USDT-SWAP "HTTP/2 200 OK"
2026-03-16 15:47:18,788 | INFO | HTTP Request: GET https://www.okx.com/api/v5/market/candles?instId=LQTY-USDT-SWAP&bar=5m&limit=71 "HTTP/2 200 OK"
2026-03-16 15:47:19,155 | INFO | HTTP Request: GET https://www.okx.com/api/v5/market/candles?instId=LRC-USDT-SWAP&bar=5m&limit=71 "HTTP/2 200 OK"
2026-03-16 15:47:19,225 | INFO | HTTP Request: GET https://www.okx.com/api/v5/market/ticker?instId=IOTA-USDT-SWAP "HTTP/2 200 OK"
2026-03-16 15:47:19,567 | INFO | HTTP Request: GET https://www.okx.com/api/v5/market/candles?instId=LTC-USDT-SWAP&bar=5m&limit=71 "HTTP/2 200 OK"
2026-03-16 15:47:19,724 | INFO | HTTP Request: GET https://www.okx.com/api/v5/market/ticker?instId=JUP-USDT-SWAP "HTTP/2 200 OK"
2026-03-16 15:47:19,938 | INFO | HTTP Request: GET https://www.okx.com/api/v5/market/candles?instId=MAGIC-USDT-SWAP&bar=5m&limit=71 "HTTP/2 200 OK"
2026-03-16 15:47:20,255 | INFO | HTTP Request: GET https://www.okx.com/api/v5/market/ticker?instId=KAITO-USDT-SWAP "HTTP/2 200 OK"
2026-03-16 15:47:20,344 | INFO | HTTP Request: GET https://www.okx.com/api/v5/market/candles?instId=MAJOR-USDT-SWAP&bar=5m&limit=71 "HTTP/2 200 OK"
2026-03-16 15:47:20,745 | INFO | HTTP Request: GET https://www.okx.com/api/v5/market/candles?instId=MASK-USDT-SWAP&bar=5m&limit=71 "HTTP/2 200 OK"
2026-03-16 15:47:20,767 | INFO | HTTP Request: GET https://www.okx.com/api/v5/market/ticker?instId=KSM-USDT-SWAP "HTTP/2 200 OK"
2026-03-16 15:47:21,161 | INFO | HTTP Request: GET https://www.okx.com/api/v5/market/candles?instId=MET-USDT-SWAP&bar=5m&limit=71 "HTTP/2 200 OK"
2026-03-16 15:47:21,210 | INFO | HTTP Request: GET https://www.okx.com/api/v5/account/balance "HTTP/2 200 OK"
2026-03-16 15:47:21,275 | INFO | HTTP Request: GET https://www.okx.com/api/v5/market/ticker?instId=LDO-USDT-SWAP "HTTP/2 200 OK"
2026-03-16 15:47:21,567 | INFO | HTTP Request: GET https://www.okx.com/api/v5/market/candles?instId=MINA-USDT-SWAP&bar=5m&limit=71 "HTTP/2 200 OK"
2026-03-16 15:47:21,809 | INFO | HTTP Request: GET https://www.okx.com/api/v5/market/ticker?instId=LINEA-USDT-SWAP "HTTP/2 200 OK"
2026-03-16 15:47:21,934 | INFO | HTTP Request: GET https://www.okx.com/api/v5/market/candles?instId=MKR-USDT-SWAP&bar=5m&limit=71 "HTTP/2 200 OK"
2026-03-16 15:47:22,292 | INFO | HTTP Request: GET https://www.okx.com/api/v5/market/ticker?instId=LINK-USDT-SWAP "HTTP/2 200 OK"
2026-03-16 15:47:22,360 | INFO | HTTP Request: GET https://www.okx.com/api/v5/market/candles?instId=NEAR-USDT-SWAP&bar=5m&limit=71 "HTTP/2 200 OK"
2026-03-16 15:47:22,723 | INFO | HTTP Request: GET https://www.okx.com/api/v5/market/candles?instId=NEO-USDT-SWAP&bar=5m&limit=71 "HTTP/2 200 OK"
2026-03-16 15:47:22,826 | INFO | HTTP Request: GET https://www.okx.com/api/v5/market/ticker?instId=LIT-USDT-SWAP "HTTP/2 200 OK"
2026-03-16 15:47:23,125 | INFO | HTTP Request: GET https://www.okx.com/api/v5/market/candles?instId=NOT-USDT-SWAP&bar=5m&limit=71 "HTTP/2 200 OK"
2026-03-16 15:47:23,352 | INFO | HTTP Request: GET https://www.okx.com/api/v5/market/ticker?instId=LPT-USDT-SWAP "HTTP/2 200 OK"
2026-03-16 15:47:23,534 | INFO | HTTP Request: GET https://www.okx.com/api/v5/market/candles?instId=OP-USDT-SWAP&bar=5m&limit=71 "HTTP/2 200 OK"
2026-03-16 15:47:23,788 | INFO | HTTP Request: GET https://www.okx.com/api/v5/market/candles?instId=BTC-USDT-SWAP&bar=5m&limit=64 "HTTP/2 200 OK"
2026-03-16 15:47:23,861 | INFO | HTTP Request: GET https://www.okx.com/api/v5/market/ticker?instId=LQTY-USDT-SWAP "HTTP/2 200 OK"
2026-03-16 15:47:23,946 | INFO | HTTP Request: GET https://www.okx.com/api/v5/market/candles?instId=PEPE-USDT-SWAP&bar=5m&limit=71 "HTTP/2 200 OK"
2026-03-16 15:47:24,386 | INFO | HTTP Request: GET https://www.okx.com/api/v5/market/candles?instId=PIGGY-USDT-SWAP&bar=5m&limit=71 "HTTP/2 200 OK"
2026-03-16 15:47:24,388 | INFO | HTTP Request: GET https://www.okx.com/api/v5/market/ticker?instId=LRC-USDT-SWAP "HTTP/2 200 OK"
2026-03-16 15:47:24,766 | INFO | HTTP Request: GET https://www.okx.com/api/v5/market/candles?instId=QTUM-USDT-SWAP&bar=5m&limit=71 "HTTP/2 200 OK"
2026-03-16 15:47:24,898 | INFO | HTTP Request: GET https://www.okx.com/api/v5/market/ticker?instId=LTC-USDT-SWAP "HTTP/2 200 OK"
2026-03-16 15:47:25,181 | INFO | HTTP Request: GET https://www.okx.com/api/v5/market/candles?instId=RAVE-USDT-SWAP&bar=5m&limit=71 "HTTP/2 200 OK"
2026-03-16 15:47:25,398 | INFO | HTTP Request: GET https://www.okx.com/api/v5/market/ticker?instId=MAGIC-USDT-SWAP "HTTP/2 200 OK"
2026-03-16 15:47:25,590 | INFO | HTTP Request: GET https://www.okx.com/api/v5/market/candles?instId=RESOLV-USDT-SWAP&bar=5m&limit=71 "HTTP/2 200 OK"
2026-03-16 15:47:25,926 | INFO | HTTP Request: GET https://www.okx.com/api/v5/market/ticker?instId=MAJOR-USDT-SWAP "HTTP/2 200 OK"
2026-03-16 15:47:25,985 | INFO | HTTP Request: GET https://www.okx.com/api/v5/market/candles?instId=ROBO-USDT-SWAP&bar=5m&limit=71 "HTTP/2 200 OK"
2026-03-16 15:47:26,404 | INFO | HTTP Request: GET https://www.okx.com/api/v5/market/candles?instId=SAND-USDT-SWAP&bar=5m&limit=71 "HTTP/2 200 OK"
2026-03-16 15:47:26,418 | INFO | HTTP Request: GET https://www.okx.com/api/v5/market/ticker?instId=MASK-USDT-SWAP "HTTP/2 200 OK"
2026-03-16 15:47:26,528 | INFO | HTTP Request: GET https://www.okx.com/api/v5/account/balance "HTTP/2 200 OK"
2026-03-16 15:47:26,801 | INFO | HTTP Request: GET https://www.okx.com/api/v5/market/candles?instId=SCR-USDT-SWAP&bar=5m&limit=71 "HTTP/2 200 OK"
2026-03-16 15:47:26,932 | INFO | HTTP Request: GET https://www.okx.com/api/v5/market/ticker?instId=MET-USDT-SWAP "HTTP/2 200 OK"
2026-03-16 15:47:27,212 | INFO | HTTP Request: GET https://www.okx.com/api/v5/market/candles?instId=SHIB-USDT-SWAP&bar=5m&limit=71 "HTTP/2 200 OK"
2026-03-16 15:47:27,440 | INFO | HTTP Request: GET https://www.okx.com/api/v5/market/ticker?instId=MINA-USDT-SWAP "HTTP/2 200 OK"
2026-03-16 15:47:27,625 | INFO | HTTP Request: GET https://www.okx.com/api/v5/market/candles?instId=SKY-USDT-SWAP&bar=5m&limit=71 "HTTP/2 200 OK"
2026-03-16 15:47:27,959 | INFO | HTTP Request: GET https://www.okx.com/api/v5/market/ticker?instId=MKR-USDT-SWAP "HTTP/2 200 OK"
2026-03-16 15:47:28,034 | INFO | HTTP Request: GET https://www.okx.com/api/v5/market/candles?instId=SOL-USDT-SWAP&bar=5m&limit=71 "HTTP/2 200 OK"
2026-03-16 15:47:28,441 | INFO | HTTP Request: GET https://www.okx.com/api/v5/market/ticker?instId=SOL-USDT-SWAP "HTTP/2 200 OK"
2026-03-16 15:47:28,450 | INFO | HTTP Request: GET https://www.okx.com/api/v5/market/ticker?instId=NEAR-USDT-SWAP "HTTP/2 200 OK"
2026-03-16 15:47:28,487 | INFO | SOL-USDT-SWAP: Turtle 20 short-сигнал отклонён (закрытие не удержалось ниже канала)
2026-03-16 15:47:28,863 | INFO | HTTP Request: GET https://www.okx.com/api/v5/market/candles?instId=SOLV-USDT-SWAP&bar=5m&limit=71 "HTTP/2 200 OK"
2026-03-16 15:47:28,983 | INFO | HTTP Request: GET https://www.okx.com/api/v5/market/ticker?instId=NEO-USDT-SWAP "HTTP/2 200 OK"
2026-03-16 15:47:29,268 | INFO | HTTP Request: GET https://www.okx.com/api/v5/market/candles?instId=SPK-USDT-SWAP&bar=5m&limit=71 "HTTP/2 200 OK"
2026-03-16 15:47:29,505 | INFO | HTTP Request: GET https://www.okx.com/api/v5/market/ticker?instId=NOT-USDT-SWAP "HTTP/2 200 OK"
2026-03-16 15:47:29,683 | INFO | HTTP Request: GET https://www.okx.com/api/v5/market/candles?instId=STRK-USDT-SWAP&bar=5m&limit=71 "HTTP/2 200 OK"
2026-03-16 15:47:29,993 | INFO | HTTP Request: GET https://www.okx.com/api/v5/market/ticker?instId=OP-USDT-SWAP "HTTP/2 200 OK"
2026-03-16 15:47:30,037 | INFO | HTTP Request: GET https://www.okx.com/api/v5/market/candles?instId=BTC-USDT-SWAP&bar=5m&limit=64 "HTTP/2 200 OK"
2026-03-16 15:47:30,081 | INFO | HTTP Request: GET https://www.okx.com/api/v5/market/candles?instId=SUI-USDT-SWAP&bar=5m&limit=71 "HTTP/2 200 OK"
2026-03-16 15:47:30,438 | INFO | HTTP Request: GET https://www.okx.com/api/v5/market/candles?instId=SUSHI-USDT-SWAP&bar=5m&limit=71 "HTTP/2 200 OK"
2026-03-16 15:47:30,508 | INFO | HTTP Request: GET https://www.okx.com/api/v5/market/ticker?instId=PEPE-USDT-SWAP "HTTP/2 200 OK"
2026-03-16 15:47:30,853 | INFO | HTTP Request: GET https://www.okx.com/api/v5/market/candles?instId=SYRUP-USDT-SWAP&bar=5m&limit=71 "HTTP/2 200 OK"
2026-03-16 15:47:30,994 | INFO | HTTP Request: GET https://www.okx.com/api/v5/market/ticker?instId=PIGGY-USDT-SWAP "HTTP/2 200 OK"
2026-03-16 15:47:31,224 | INFO | HTTP Request: GET https://www.okx.com/api/v5/market/candles?instId=TEST1234-USDT-SWAP&bar=5m&limit=71 "HTTP/2 200 OK"
2026-03-16 15:47:31,480 | INFO | HTTP Request: GET https://www.okx.com/api/v5/market/ticker?instId=QTUM-USDT-SWAP "HTTP/2 200 OK"
2026-03-16 15:47:31,587 | INFO | HTTP Request: GET https://www.okx.com/api/v5/market/candles?instId=TEST3103-USDT-SWAP&bar=5m&limit=71 "HTTP/2 200 OK"
2026-03-16 15:47:31,858 | INFO | HTTP Request: GET https://www.okx.com/api/v5/account/balance "HTTP/2 200 OK"
2026-03-16 15:47:31,993 | INFO | HTTP Request: GET https://www.okx.com/api/v5/market/candles?instId=TEST3110-USDT-SWAP&bar=5m&limit=71 "HTTP/2 200 OK"
2026-03-16 15:47:32,017 | INFO | HTTP Request: GET https://www.okx.com/api/v5/market/ticker?instId=RAVE-USDT-SWAP "HTTP/2 200 OK"
2026-03-16 15:47:32,355 | INFO | HTTP Request: GET https://www.okx.com/api/v5/market/candles?instId=THETA-USDT-SWAP&bar=5m&limit=71 "HTTP/2 200 OK"
2026-03-16 15:47:32,496 | INFO | HTTP Request: GET https://www.okx.com/api/v5/market/ticker?instId=RESOLV-USDT-SWAP "HTTP/2 200 OK"
2026-03-16 15:47:32,793 | INFO | HTTP Request: GET https://www.okx.com/api/v5/market/candles?instId=TON-USDT-SWAP&bar=5m&limit=71 "HTTP/2 200 OK"
2026-03-16 15:47:32,979 | INFO | HTTP Request: GET https://www.okx.com/api/v5/market/ticker?instId=ROBO-USDT-SWAP "HTTP/2 200 OK"
2026-03-16 15:47:33,187 | INFO | HTTP Request: GET https://www.okx.com/api/v5/market/candles?instId=TRIA-USDT-SWAP&bar=5m&limit=71 "HTTP/2 200 OK"
2026-03-16 15:47:33,488 | INFO | HTTP Request: GET https://www.okx.com/api/v5/market/ticker?instId=SAND-USDT-SWAP "HTTP/2 200 OK"
2026-03-16 15:47:33,593 | INFO | HTTP Request: GET https://www.okx.com/api/v5/market/candles?instId=TRX-USDT-SWAP&bar=5m&limit=71 "HTTP/2 200 OK"
2026-03-16 15:47:33,983 | INFO | HTTP Request: GET https://www.okx.com/api/v5/market/candles?instId=TSLA-USDT-SWAP&bar=5m&limit=71 "HTTP/2 200 OK"
2026-03-16 15:47:33,997 | INFO | HTTP Request: GET https://www.okx.com/api/v5/market/ticker?instId=SCR-USDT-SWAP "HTTP/2 200 OK"
2026-03-16 15:47:34,405 | INFO | HTTP Request: GET https://www.okx.com/api/v5/market/candles?instId=XAU-USDT-SWAP&bar=5m&limit=71 "HTTP/2 200 OK"
2026-03-16 15:47:34,521 | INFO | HTTP Request: GET https://www.okx.com/api/v5/market/ticker?instId=SHIB-USDT-SWAP "HTTP/2 200 OK"
2026-03-16 15:47:34,820 | INFO | HTTP Request: GET https://www.okx.com/api/v5/market/candles?instId=XLM-USDT-SWAP&bar=5m&limit=71 "HTTP/2 200 OK"
2026-03-16 15:47:35,024 | INFO | HTTP Request: GET https://www.okx.com/api/v5/market/ticker?instId=SKY-USDT-SWAP "HTTP/2 200 OK"
2026-03-16 15:47:35,213 | INFO | HTTP Request: GET https://www.okx.com/api/v5/market/candles?instId=XPL-USDT-SWAP&bar=5m&limit=71 "HTTP/2 200 OK"
2026-03-16 15:47:35,647 | INFO | HTTP Request: GET https://www.okx.com/api/v5/market/candles?instId=XRP-USDT-SWAP&bar=5m&limit=71 "HTTP/2 200 OK"
2026-03-16 15:47:35,656 | INFO | HTTP Request: GET https://www.okx.com/api/v5/market/ticker?instId=SOLV-USDT-SWAP "HTTP/2 200 OK"
2026-03-16 15:47:36,026 | INFO | HTTP Request: GET https://www.okx.com/api/v5/market/candles?instId=XSR-USDT-SWAP&bar=5m&limit=71 "HTTP/2 200 OK"
2026-03-16 15:47:36,142 | INFO | HTTP Request: GET https://www.okx.com/api/v5/market/ticker?instId=SPK-USDT-SWAP "HTTP/2 200 OK"
2026-03-16 15:47:36,293 | INFO | HTTP Request: GET https://www.okx.com/api/v5/market/candles?instId=BTC-USDT-SWAP&bar=5m&limit=64 "HTTP/2 200 OK"
2026-03-16 15:47:36,454 | INFO | HTTP Request: GET https://www.okx.com/api/v5/market/candles?instId=XTZ-USDT-SWAP&bar=5m&limit=71 "HTTP/2 200 OK"
2026-03-16 15:47:36,656 | INFO | HTTP Request: GET https://www.okx.com/api/v5/market/ticker?instId=STRK-USDT-SWAP "HTTP/2 200 OK"
2026-03-16 15:47:36,867 | INFO | HTTP Request: GET https://www.okx.com/api/v5/market/candles?instId=YB-USDT-SWAP&bar=5m&limit=71 "HTTP/2 200 OK"
2026-03-16 15:47:37,194 | INFO | HTTP Request: GET https://www.okx.com/api/v5/market/ticker?instId=SUI-USDT-SWAP "HTTP/2 200 OK"
2026-03-16 15:47:37,283 | INFO | HTTP Request: GET https://www.okx.com/api/v5/account/balance "HTTP/2 200 OK"
2026-03-16 15:47:37,303 | INFO | HTTP Request: GET https://www.okx.com/api/v5/market/candles?instId=YFI-USDT-SWAP&bar=5m&limit=71 "HTTP/2 200 OK"
2026-03-16 15:47:37,697 | INFO | HTTP Request: GET https://www.okx.com/api/v5/market/ticker?instId=SUSHI-USDT-SWAP "HTTP/2 200 OK"
2026-03-16 15:47:37,697 | INFO | HTTP Request: GET https://www.okx.com/api/v5/market/candles?instId=YGG-USDT-SWAP&bar=5m&limit=71 "HTTP/2 200 OK"
2026-03-16 15:47:38,103 | INFO | HTTP Request: GET https://www.okx.com/api/v5/market/candles?instId=ZAMA-USDT-SWAP&bar=5m&limit=71 "HTTP/2 200 OK"
2026-03-16 15:47:38,225 | INFO | HTTP Request: GET https://www.okx.com/api/v5/market/ticker?instId=SYRUP-USDT-SWAP "HTTP/2 200 OK"
2026-03-16 15:47:38,510 | INFO | HTTP Request: GET https://www.okx.com/api/v5/market/candles?instId=ZBCN-USDT-SWAP&bar=5m&limit=71 "HTTP/2 200 OK"
2026-03-16 15:47:38,730 | INFO | HTTP Request: GET https://www.okx.com/api/v5/market/ticker?instId=TEST1234-USDT-SWAP "HTTP/2 200 OK"
2026-03-16 15:47:38,980 | INFO | HTTP Request: GET https://www.okx.com/api/v5/market/candles?instId=ZETA-USDT-SWAP&bar=5m&limit=71 "HTTP/2 200 OK"
2026-03-16 15:47:39,235 | INFO | HTTP Request: GET https://www.okx.com/api/v5/market/ticker?instId=TEST3103-USDT-SWAP "HTTP/2 200 OK"
2026-03-16 15:47:39,348 | INFO | HTTP Request: GET https://www.okx.com/api/v5/market/candles?instId=ZIL-USDT-SWAP&bar=5m&limit=71 "HTTP/2 200 OK"
2026-03-16 15:47:39,719 | INFO | HTTP Request: GET https://www.okx.com/api/v5/market/candles?instId=XAG-USDT-SWAP&bar=5m&limit=26 "HTTP/2 200 OK"
2026-03-16 15:47:39,725 | INFO | HTTP Request: GET https://www.okx.com/api/v5/market/ticker?instId=TEST3110-USDT-SWAP "HTTP/2 200 OK"
2026-03-16 15:47:40,122 | INFO | HTTP Request: GET https://www.okx.com/api/v5/market/ticker?instId=XAG-USDT-SWAP "HTTP/2 200 OK"
2026-03-16 15:47:40,236 | INFO | HTTP Request: GET https://www.okx.com/api/v5/market/ticker?instId=THETA-USDT-SWAP "HTTP/2 200 OK"
2026-03-16 15:47:40,594 | INFO | HTTP Request: GET https://www.okx.com/api/v5/trade/orders-algo-pending?ordType=conditional&instType=SWAP&instId=XAG-USDT-SWAP "HTTP/2 200 OK"
2026-03-16 15:47:40,740 | INFO | HTTP Request: GET https://www.okx.com/api/v5/market/ticker?instId=TON-USDT-SWAP "HTTP/2 200 OK"
2026-03-16 15:47:40,966 | INFO | HTTP Request: GET https://www.okx.com/api/v5/trade/orders-algo-pending?ordType=oco&instType=SWAP&instId=XAG-USDT-SWAP "HTTP/2 200 OK"
2026-03-16 15:47:41,225 | INFO | HTTP Request: GET https://www.okx.com/api/v5/market/ticker?instId=TRIA-USDT-SWAP "HTTP/2 200 OK"
2026-03-16 15:47:41,337 | INFO | HTTP Request: GET https://www.okx.com/api/v5/trade/orders-algo-pending?ordType=trigger&instType=SWAP&instId=XAG-USDT-SWAP "HTTP/2 200 OK"
2026-03-16 15:47:41,748 | INFO | HTTP Request: GET https://www.okx.com/api/v5/trade/orders-algo-pending?ordType=move_order_stop&instType=SWAP&instId=XAG-USDT-SWAP "HTTP/2 200 OK"
2026-03-16 15:47:41,752 | INFO | HTTP Request: GET https://www.okx.com/api/v5/market/ticker?instId=TRX-USDT-SWAP "HTTP/2 200 OK"
2026-03-16 15:47:42,149 | INFO | HTTP Request: GET https://www.okx.com/api/v5/trade/orders-algo-pending?ordType=iceberg&instType=SWAP&instId=XAG-USDT-SWAP "HTTP/2 200 OK"
2026-03-16 15:47:42,271 | INFO | HTTP Request: GET https://www.okx.com/api/v5/market/ticker?instId=TSLA-USDT-SWAP "HTTP/2 200 OK"
2026-03-16 15:47:42,539 | INFO | HTTP Request: GET https://www.okx.com/api/v5/market/candles?instId=BTC-USDT-SWAP&bar=5m&limit=64 "HTTP/2 200 OK"
2026-03-16 15:47:42,557 | INFO | HTTP Request: GET https://www.okx.com/api/v5/trade/orders-algo-pending?ordType=twap&instType=SWAP&instId=XAG-USDT-SWAP "HTTP/2 200 OK"
2026-03-16 15:47:42,759 | INFO | HTTP Request: GET https://www.okx.com/api/v5/account/balance "HTTP/2 200 OK"
2026-03-16 15:47:42,771 | INFO | HTTP Request: GET https://www.okx.com/api/v5/market/ticker?instId=XAU-USDT-SWAP "HTTP/2 200 OK"
2026-03-16 15:47:42,930 | INFO | HTTP Request: GET https://www.okx.com/api/v5/trade/orders-algo-pending?ordType=chase&instType=SWAP&instId=XAG-USDT-SWAP "HTTP/2 200 OK"
2026-03-16 15:47:43,257 | INFO | HTTP Request: GET https://www.okx.com/api/v5/market/ticker?instId=XLM-USDT-SWAP "HTTP/2 200 OK"
2026-03-16 15:47:43,359 | INFO | HTTP Request: GET https://www.okx.com/api/v5/market/candles?instId=ICP-USDT-SWAP&bar=5m&limit=26 "HTTP/2 200 OK"
2026-03-16 15:47:43,760 | INFO | HTTP Request: GET https://www.okx.com/api/v5/market/ticker?instId=ICP-USDT-SWAP "HTTP/2 200 OK"
2026-03-16 15:47:43,773 | INFO | HTTP Request: GET https://www.okx.com/api/v5/market/ticker?instId=XPL-USDT-SWAP "HTTP/2 200 OK"
2026-03-16 15:47:44,174 | INFO | HTTP Request: GET https://www.okx.com/api/v5/trade/orders-algo-pending?ordType=conditional&instType=SWAP&instId=ICP-USDT-SWAP "HTTP/2 200 OK"
2026-03-16 15:47:44,277 | INFO | HTTP Request: GET https://www.okx.com/api/v5/market/ticker?instId=XRP-USDT-SWAP "HTTP/2 200 OK"
2026-03-16 15:47:44,584 | INFO | HTTP Request: GET https://www.okx.com/api/v5/trade/orders-algo-pending?ordType=oco&instType=SWAP&instId=ICP-USDT-SWAP "HTTP/2 200 OK"
2026-03-16 15:47:44,790 | INFO | HTTP Request: GET https://www.okx.com/api/v5/market/ticker?instId=XSR-USDT-SWAP "HTTP/2 200 OK"
2026-03-16 15:47:44,967 | INFO | HTTP Request: GET https://www.okx.com/api/v5/trade/orders-algo-pending?ordType=trigger&instType=SWAP&instId=ICP-USDT-SWAP "HTTP/2 200 OK"
2026-03-16 15:47:45,381 | INFO | HTTP Request: GET https://www.okx.com/api/v5/trade/orders-algo-pending?ordType=move_order_stop&instType=SWAP&instId=ICP-USDT-SWAP "HTTP/2 200 OK"
2026-03-16 15:47:45,783 | INFO | HTTP Request: GET https://www.okx.com/api/v5/trade/orders-algo-pending?ordType=iceberg&instType=SWAP&instId=ICP-USDT-SWAP "HTTP/2 200 OK"
2026-03-16 15:47:46,149 | INFO | HTTP Request: GET https://www.okx.com/api/v5/market/ticker?instId=ZIL-USDT-SWAP "HTTP/2 200 OK"
2026-03-16 15:47:46,192 | INFO | HTTP Request: GET https://www.okx.com/api/v5/trade/orders-algo-pending?ordType=twap&instType=SWAP&instId=ICP-USDT-SWAP "HTTP/2 200 OK"
2026-03-16 15:47:46,555 | INFO | HTTP Request: GET https://www.okx.com/api/v5/trade/orders-algo-pending?ordType=chase&instType=SWAP&instId=ICP-USDT-SWAP "HTTP/2 200 OK"
2026-03-16 15:47:46,634 | INFO | HTTP Request: GET https://www.okx.com/api/v5/market/ticker?instId=XAG-USDT-SWAP "HTTP/2 200 OK"
2026-03-16 15:47:46,965 | INFO | HTTP Request: GET https://www.okx.com/api/v5/market/candles?instId=ETH-USDT-SWAP&bar=5m&limit=26 "HTTP/2 200 OK"
2026-03-16 15:47:47,004 | INFO | HTTP Request: GET https://www.okx.com/api/v5/market/candles?instId=XAG-USDT-SWAP&bar=5m&limit=89 "HTTP/2 200 OK"
2026-03-16 15:47:47,337 | INFO | HTTP Request: GET https://www.okx.com/api/v5/market/ticker?instId=ETH-USDT-SWAP "HTTP/2 200 OK"
2026-03-16 15:47:47,606 | INFO | HTTP Request: GET https://www.okx.com/api/v5/market/ticker?instId=ETH-USDT-SWAP "HTTP/2 200 OK"
2026-03-16 15:47:47,708 | INFO | HTTP Request: GET https://www.okx.com/api/v5/trade/orders-algo-pending?ordType=conditional&instType=SWAP&instId=ETH-USDT-SWAP "HTTP/2 200 OK"
2026-03-16 15:47:48,117 | INFO | HTTP Request: GET https://www.okx.com/api/v5/trade/orders-algo-pending?ordType=oco&instType=SWAP&instId=ETH-USDT-SWAP "HTTP/2 200 OK"
2026-03-16 15:47:48,124 | INFO | HTTP Request: GET https://www.okx.com/api/v5/market/ticker?instId=BREV-USDT-SWAP "HTTP/2 200 OK"
2026-03-16 15:47:48,137 | INFO | HTTP Request: GET https://www.okx.com/api/v5/account/balance "HTTP/2 200 OK"
2026-03-16 15:47:48,518 | INFO | HTTP Request: GET https://www.okx.com/api/v5/trade/orders-algo-pending?ordType=trigger&instType=SWAP&instId=ETH-USDT-SWAP "HTTP/2 200 OK"
2026-03-16 15:47:48,521 | INFO | HTTP Request: GET https://www.okx.com/api/v5/market/candles?instId=BREV-USDT-SWAP&bar=5m&limit=89 "HTTP/2 200 OK"
2026-03-16 15:47:48,794 | INFO | HTTP Request: GET https://www.okx.com/api/v5/market/candles?instId=BTC-USDT-SWAP&bar=5m&limit=64 "HTTP/2 200 OK"
2026-03-16 15:47:48,931 | INFO | HTTP Request: GET https://www.okx.com/api/v5/trade/orders-algo-pending?ordType=move_order_stop&instType=SWAP&instId=ETH-USDT-SWAP "HTTP/2 200 OK"
2026-03-16 15:47:49,071 | INFO | HTTP Request: GET https://www.okx.com/api/v5/market/ticker?instId=1INCH-USDT-SWAP "HTTP/2 200 OK"
2026-03-16 15:47:49,295 | INFO | HTTP Request: GET https://www.okx.com/api/v5/trade/orders-algo-pending?ordType=iceberg&instType=SWAP&instId=ETH-USDT-SWAP "HTTP/2 200 OK"
2026-03-16 15:47:49,437 | INFO | HTTP Request: GET https://www.okx.com/api/v5/market/candles?instId=1INCH-USDT-SWAP&bar=5m&limit=89 "HTTP/2 200 OK"
2026-03-16 15:47:49,660 | INFO | HTTP Request: GET https://www.okx.com/api/v5/trade/orders-algo-pending?ordType=twap&instType=SWAP&instId=ETH-USDT-SWAP "HTTP/2 200 OK"
2026-03-16 15:47:49,944 | INFO | HTTP Request: GET https://www.okx.com/api/v5/market/ticker?instId=2Z-USDT-SWAP "HTTP/2 200 OK"
2026-03-16 15:47:50,025 | INFO | HTTP Request: GET https://www.okx.com/api/v5/trade/orders-algo-pending?ordType=chase&instType=SWAP&instId=ETH-USDT-SWAP "HTTP/2 200 OK"
2026-03-16 15:47:50,075 | INFO | Placing order ETH-USDT-SWAP buy qty=6.06
2026-03-16 15:47:50,389 | INFO | HTTP Request: GET https://www.okx.com/api/v5/market/candles?instId=2Z-USDT-SWAP&bar=5m&limit=89 "HTTP/2 200 OK"
2026-03-16 15:47:50,442 | INFO | HTTP Request: POST https://www.okx.com/api/v5/trade/order "HTTP/2 200 OK"
2026-03-16 15:47:50,740 | INFO | HTTP Request: GET https://www.okx.com/api/v5/account/positions?instType=SWAP "HTTP/2 200 OK"
2026-03-16 15:47:50,888 | INFO | HTTP Request: GET https://www.okx.com/api/v5/market/ticker?instId=A-USDT-SWAP "HTTP/2 200 OK"
2026-03-16 15:47:51,124 | INFO | HTTP Request: POST https://www.okx.com/api/v5/trade/cancel-algos "HTTP/2 200 OK"
2026-03-16 15:47:51,130 | INFO | Placing exchange stop BREV-USDT-SWAP long payload={'instId': 'BREV-USDT-SWAP', 'tdMode': 'isolated', 'side': 'sell', 'posSide': 'net', 'ordType': 'conditional', 'sz': '120000', 'slTriggerPx': '1.008904996667', 'slOrdPx': '-1'}
2026-03-16 15:47:51,256 | INFO | HTTP Request: GET https://www.okx.com/api/v5/market/candles?instId=A-USDT-SWAP&bar=5m&limit=89 "HTTP/2 200 OK"
2026-03-16 15:47:51,503 | INFO | HTTP Request: POST https://www.okx.com/api/v5/trade/order-algo "HTTP/2 200 OK"
2026-03-16 15:47:51,742 | INFO | HTTP Request: GET https://www.okx.com/api/v5/market/ticker?instId=AAVE-USDT-SWAP "HTTP/2 200 OK"
2026-03-16 15:47:51,875 | INFO | HTTP Request: POST https://www.okx.com/api/v5/trade/cancel-algos "HTTP/2 200 OK"
2026-03-16 15:47:51,879 | INFO | Closing position BREV-USDT-SWAP. Защита тренда: откат от пика 23095003333.33R → 3695003333.33R
2026-03-16 15:47:52,105 | INFO | HTTP Request: GET https://www.okx.com/api/v5/market/candles?instId=AAVE-USDT-SWAP&bar=5m&limit=89 "HTTP/2 200 OK"
2026-03-16 15:47:52,245 | INFO | HTTP Request: POST https://www.okx.com/api/v5/trade/close-position "HTTP/2 200 OK"
2026-03-16 15:47:52,249 | WARNING | Failed to load json context : [Errno 13] Permission denied: '.'
2026-03-16 15:47:52,595 | INFO | HTTP Request: GET https://www.okx.com/api/v5/market/ticker?instId=ACT-USDT-SWAP "HTTP/2 200 OK"
2026-03-16 15:47:52,615 | INFO | HTTP Request: GET https://www.okx.com/api/v5/market/candles?instId=BREV-USDT-SWAP&bar=5m&limit=97 "HTTP/2 200 OK"
2026-03-16 15:47:52,963 | INFO | HTTP Request: GET https://www.okx.com/api/v5/market/candles?instId=ACT-USDT-SWAP&bar=5m&limit=89 "HTTP/2 200 OK"
2026-03-16 15:47:53,430 | INFO | HTTP Request: GET https://www.okx.com/api/v5/account/balance "HTTP/2 200 OK"
2026-03-16 15:47:53,454 | INFO | HTTP Request: GET https://www.okx.com/api/v5/market/ticker?instId=ADA-USDT-SWAP "HTTP/2 200 OK"
2026-03-16 15:47:53,842 | INFO | HTTP Request: GET https://www.okx.com/api/v5/market/candles?instId=ADA-USDT-SWAP&bar=5m&limit=89 "HTTP/2 200 OK"
2026-03-16 15:47:54,361 | INFO | HTTP Request: GET https://www.okx.com/api/v5/market/ticker?instId=AI16Z-USDT-SWAP "HTTP/2 200 OK"
2026-03-16 15:47:54,747 | INFO | HTTP Request: GET https://www.okx.com/api/v5/market/candles?instId=AI16Z-USDT-SWAP&bar=5m&limit=89 "HTTP/2 200 OK"
2026-03-16 15:47:55,049 | INFO | HTTP Request: GET https://www.okx.com/api/v5/market/candles?instId=BTC-USDT-SWAP&bar=5m&limit=64 "HTTP/2 200 OK"
2026-03-16 15:47:55,276 | INFO | HTTP Request: GET https://www.okx.com/api/v5/market/ticker?instId=AKITA-USDT-SWAP "HTTP/2 200 OK"
2026-03-16 15:47:55,670 | INFO | HTTP Request: GET https://www.okx.com/api/v5/market/candles?instId=AKITA-USDT-SWAP&bar=5m&limit=89 "HTTP/2 200 OK"
2026-03-16 15:47:56,193 | INFO | HTTP Request: GET https://www.okx.com/api/v5/market/ticker?instId=ALGO-USDT-SWAP "HTTP/2 200 OK"
2026-03-16 15:47:56,584 | INFO | HTTP Request: GET https://www.okx.com/api/v5/market/candles?instId=ALGO-USDT-SWAP&bar=5m&limit=89 "HTTP/2 200 OK"
2026-03-16 15:47:57,103 | INFO | HTTP Request: GET https://www.okx.com/api/v5/market/ticker?instId=ARB-USDT-SWAP "HTTP/2 200 OK"
2026-03-16 15:47:57,574 | INFO | HTTP Request: GET https://www.okx.com/api/v5/market/candles?instId=ARB-USDT-SWAP&bar=5m&limit=89 "HTTP/2 200 OK"
2026-03-16 15:47:57,878 | INFO | HTTP Request: GET https://www.okx.com/api/v5/account/positions?instType=SWAP "HTTP/2 200 OK"
2026-03-16 15:47:58,073 | INFO | HTTP Request: GET https://www.okx.com/api/v5/market/ticker?instId=ASP-USDT-SWAP "HTTP/2 200 OK"
2026-03-16 15:47:58,282 | INFO | HTTP Request: GET https://www.okx.com/api/v5/market/candles?instId=BREV-USDT-SWAP&bar=5m&limit=26 "HTTP/2 200 OK"
2026-03-16 15:47:58,452 | INFO | HTTP Request: GET https://www.okx.com/api/v5/market/candles?instId=ASP-USDT-SWAP&bar=5m&limit=89 "HTTP/2 200 OK"
2026-03-16 15:47:58,686 | INFO | HTTP Request: GET https://www.okx.com/api/v5/market/candles?instId=1INCH-USDT-SWAP&bar=5m&limit=71 "HTTP/2 200 OK"
2026-03-16 15:47:58,798 | INFO | HTTP Request: GET https://www.okx.com/api/v5/account/balance "HTTP/2 200 OK"
2026-03-16 15:47:58,978 | INFO | HTTP Request: GET https://www.okx.com/api/v5/market/ticker?instId=ASTER-USDT-SWAP "HTTP/2 200 OK"
2026-03-16 15:47:59,065 | INFO | HTTP Request: GET https://www.okx.com/api/v5/market/candles?instId=2Z-USDT-SWAP&bar=5m&limit=71 "HTTP/2 200 OK"
2026-03-16 15:47:59,380 | INFO | HTTP Request: GET https://www.okx.com/api/v5/market/candles?instId=ASTER-USDT-SWAP&bar=5m&limit=89 "HTTP/2 200 OK"
2026-03-16 15:47:59,497 | INFO | HTTP Request: GET https://www.okx.com/api/v5/market/candles?instId=A-USDT-SWAP&bar=5m&limit=71 "HTTP/2 200 OK"
2026-03-16 15:47:59,894 | INFO | HTTP Request: GET https://www.okx.com/api/v5/market/candles?instId=AAVE-USDT-SWAP&bar=5m&limit=71 "HTTP/2 200 OK"
2026-03-16 15:47:59,899 | INFO | HTTP Request: GET https://www.okx.com/api/v5/market/ticker?instId=ATOM-USDT-SWAP "HTTP/2 200 OK"
2026-03-16 15:48:00,292 | INFO | HTTP Request: GET https://www.okx.com/api/v5/market/candles?instId=ACT-USDT-SWAP&bar=5m&limit=71 "HTTP/2 200 OK"
2026-03-16 15:48:00,293 | INFO | HTTP Request: GET https://www.okx.com/api/v5/market/candles?instId=ATOM-USDT-SWAP&bar=5m&limit=89 "HTTP/2 200 OK"
2026-03-16 15:48:00,717 | INFO | HTTP Request: GET https://www.okx.com/api/v5/market/candles?instId=ADA-USDT-SWAP&bar=5m&limit=71 "HTTP/2 200 OK"
2026-03-16 15:48:00,828 | INFO | HTTP Request: GET https://www.okx.com/api/v5/market/ticker?instId=AUCTION-USDT-SWAP "HTTP/2 200 OK"
2026-03-16 15:48:01,117 | INFO | HTTP Request: GET https://www.okx.com/api/v5/market/candles?instId=AI16Z-USDT-SWAP&bar=5m&limit=71 "HTTP/2 200 OK"
2026-03-16 15:48:01,222 | INFO | HTTP Request: GET https://www.okx.com/api/v5/market/candles?instId=AUCTION-USDT-SWAP&bar=5m&limit=89 "HTTP/2 200 OK"
2026-03-16 15:48:01,292 | INFO | HTTP Request: GET https://www.okx.com/api/v5/market/candles?instId=BTC-USDT-SWAP&bar=5m&limit=64 "HTTP/2 200 OK"
2026-03-16 15:48:01,535 | INFO | HTTP Request: GET https://www.okx.com/api/v5/market/candles?instId=AKITA-USDT-SWAP&bar=5m&limit=71 "HTTP/2 200 OK"
2026-03-16 15:48:01,747 | INFO | HTTP Request: GET https://www.okx.com/api/v5/market/ticker?instId=AVAX-USDT-SWAP "HTTP/2 200 OK"
2026-03-16 15:48:01,918 | INFO | HTTP Request: GET https://www.okx.com/api/v5/market/candles?instId=ALGO-USDT-SWAP&bar=5m&limit=71 "HTTP/2 200 OK"
2026-03-16 15:48:02,117 | INFO | HTTP Request: GET https://www.okx.com/api/v5/market/candles?instId=AVAX-USDT-SWAP&bar=5m&limit=89 "HTTP/2 200 OK"
2026-03-16 15:48:02,331 | INFO | HTTP Request: GET https://www.okx.com/api/v5/market/candles?instId=ARB-USDT-SWAP&bar=5m&limit=71 "HTTP/2 200 OK"
2026-03-16 15:48:02,366 | INFO | ASTER-USDT-SWAP: Turtle 20 short-сигнал отклонён (закрытие не удержалось ниже канала)
2026-03-16 15:48:02,645 | INFO | HTTP Request: GET https://www.okx.com/api/v5/market/ticker?instId=AXS-USDT-SWAP "HTTP/2 200 OK"
2026-03-16 15:48:02,743 | INFO | HTTP Request: GET https://www.okx.com/api/v5/market/candles?instId=AXS-USDT-SWAP&bar=5m&limit=71 "HTTP/2 200 OK"
2026-03-16 15:48:03,104 | INFO | HTTP Request: GET https://www.okx.com/api/v5/market/candles?instId=AXS-USDT-SWAP&bar=5m&limit=89 "HTTP/2 200 OK"
2026-03-16 15:48:03,170 | INFO | HTTP Request: GET https://www.okx.com/api/v5/market/candles?instId=BAND-USDT-SWAP&bar=5m&limit=71 "HTTP/2 200 OK"
2026-03-16 15:48:03,587 | INFO | HTTP Request: GET https://www.okx.com/api/v5/market/ticker?instId=BAND-USDT-SWAP "HTTP/2 200 OK"
2026-03-16 15:48:03,603 | INFO | HTTP Request: GET https://www.okx.com/api/v5/market/candles?instId=BCH-USDT-SWAP&bar=5m&limit=71 "HTTP/2 200 OK"
2026-03-16 15:48:03,993 | INFO | HTTP Request: GET https://www.okx.com/api/v5/market/candles?instId=BIO-USDT-SWAP&bar=5m&limit=71 "HTTP/2 200 OK"
2026-03-16 15:48:04,101 | INFO | HTTP Request: GET https://www.okx.com/api/v5/market/ticker?instId=BCH-USDT-SWAP "HTTP/2 200 OK"
2026-03-16 15:48:04,247 | INFO | HTTP Request: GET https://www.okx.com/api/v5/account/balance "HTTP/2 200 OK"
2026-03-16 15:48:04,401 | INFO | HTTP Request: GET https://www.okx.com/api/v5/market/candles?instId=BLUAI-USDT-SWAP&bar=5m&limit=71 "HTTP/2 200 OK"
2026-03-16 15:48:04,616 | INFO | HTTP Request: GET https://www.okx.com/api/v5/market/ticker?instId=BIO-USDT-SWAP "HTTP/2 200 OK"
2026-03-16 15:48:04,814 | INFO | HTTP Request: GET https://www.okx.com/api/v5/market/candles?instId=BNB-USDT-SWAP&bar=5m&limit=71 "HTTP/2 200 OK"
2026-03-16 15:48:05,158 | INFO | HTTP Request: GET https://www.okx.com/api/v5/market/ticker?instId=BLUAI-USDT-SWAP "HTTP/2 200 OK"
2026-03-16 15:48:05,237 | INFO | HTTP Request: GET https://www.okx.com/api/v5/market/candles?instId=BOME-USDT-SWAP&bar=5m&limit=71 "HTTP/2 200 OK"
2026-03-16 15:48:05,633 | INFO | HTTP Request: GET https://www.okx.com/api/v5/market/candles?instId=BRETT-USDT-SWAP&bar=5m&limit=71 "HTTP/2 200 OK"
2026-03-16 15:48:05,655 | INFO | HTTP Request: GET https://www.okx.com/api/v5/market/ticker?instId=BNB-USDT-SWAP "HTTP/2 200 OK"
2026-03-16 15:48:06,046 | INFO | HTTP Request: GET https://www.okx.com/api/v5/market/candles?instId=BTC-USDT-SWAP&bar=5m&limit=71 "HTTP/2 200 OK"
2026-03-16 15:48:06,154 | INFO | HTTP Request: GET https://www.okx.com/api/v5/market/ticker?instId=BOME-USDT-SWAP "HTTP/2 200 OK"
2026-03-16 15:48:06,443 | INFO | HTTP Request: GET https://www.okx.com/api/v5/market/candles?instId=CAT-USDT-SWAP&bar=5m&limit=71 "HTTP/2 200 OK"
2026-03-16 15:48:06,678 | INFO | HTTP Request: GET https://www.okx.com/api/v5/market/ticker?instId=BRETT-USDT-SWAP "HTTP/2 200 OK"
2026-03-16 15:48:06,863 | INFO | HTTP Request: GET https://www.okx.com/api/v5/market/candles?instId=CATI-USDT-SWAP&bar=5m&limit=71 "HTTP/2 200 OK"
2026-03-16 15:48:07,180 | INFO | HTTP Request: GET https://www.okx.com/api/v5/market/ticker?instId=BTC-USDT-SWAP "HTTP/2 200 OK"
2026-03-16 15:48:07,278 | INFO | HTTP Request: GET https://www.okx.com/api/v5/market/candles?instId=CELO-USDT-SWAP&bar=5m&limit=71 "HTTP/2 200 OK"
2026-03-16 15:48:07,678 | INFO | HTTP Request: GET https://www.okx.com/api/v5/market/candles?instId=CFX-USDT-SWAP&bar=5m&limit=71 "HTTP/2 200 OK"
2026-03-16 15:48:07,687 | INFO | HTTP Request: GET https://www.okx.com/api/v5/market/ticker?instId=CAT-USDT-SWAP "HTTP/2 200 OK"
2026-03-16 15:48:08,088 | INFO | HTTP Request: GET https://www.okx.com/api/v5/market/candles?instId=CHZ-USDT-SWAP&bar=5m&limit=71 "HTTP/2 200 OK"
2026-03-16 15:48:08,212 | INFO | HTTP Request: GET https://www.okx.com/api/v5/market/ticker?instId=CATI-USDT-SWAP "HTTP/2 200 OK"
2026-03-16 15:48:08,501 | INFO | HTTP Request: GET https://www.okx.com/api/v5/market/candles?instId=COAI-USDT-SWAP&bar=5m&limit=71 "HTTP/2 200 OK"
2026-03-16 15:48:08,715 | INFO | HTTP Request: GET https://www.okx.com/api/v5/market/ticker?instId=CELO-USDT-SWAP "HTTP/2 200 OK"
2026-03-16 15:48:08,897 | INFO | HTTP Request: GET https://www.okx.com/api/v5/market/candles?instId=COMP-USDT-SWAP&bar=5m&limit=71 "HTTP/2 200 OK"
2026-03-16 15:48:09,226 | INFO | HTTP Request: GET https://www.okx.com/api/v5/market/ticker?instId=CFX-USDT-SWAP "HTTP/2 200 OK"
2026-03-16 15:48:09,317 | INFO | HTTP Request: GET https://www.okx.com/api/v5/market/candles?instId=CRO-USDT-SWAP&bar=5m&limit=71 "HTTP/2 200 OK"
2026-03-16 15:48:09,673 | INFO | HTTP Request: GET https://www.okx.com/api/v5/account/balance "HTTP/2 200 OK"
2026-03-16 15:48:09,709 | INFO | HTTP Request: GET https://www.okx.com/api/v5/market/candles?instId=CRV-USDT-SWAP&bar=5m&limit=71 "HTTP/2 200 OK"
2026-03-16 15:48:09,725 | INFO | HTTP Request: GET https://www.okx.com/api/v5/market/ticker?instId=CHZ-USDT-SWAP "HTTP/2 200 OK"
2026-03-16 15:48:10,070 | INFO | HTTP Request: GET https://www.okx.com/api/v5/market/candles?instId=DOGE-USDT-SWAP&bar=5m&limit=71 "HTTP/2 200 OK"
2026-03-16 15:48:10,208 | INFO | HTTP Request: GET https://www.okx.com/api/v5/market/ticker?instId=COAI-USDT-SWAP "HTTP/2 200 OK"
2026-03-16 15:48:10,438 | INFO | HTTP Request: GET https://www.okx.com/api/v5/market/candles?instId=DOT-USDT-SWAP&bar=5m&limit=71 "HTTP/2 200 OK"
2026-03-16 15:48:10,665 | INFO | HTTP Request: GET https://www.okx.com/api/v5/market/candles?instId=BTC-USDT-SWAP&bar=5m&limit=64 "HTTP/2 200 OK"
2026-03-16 15:48:10,694 | INFO | HTTP Request: GET https://www.okx.com/api/v5/market/ticker?instId=COMP-USDT-SWAP "HTTP/2 200 OK"
2026-03-16 15:48:10,803 | INFO | HTTP Request: GET https://www.okx.com/api/v5/market/candles?instId=ENA-USDT-SWAP&bar=5m&limit=71 "HTTP/2 200 OK"
2026-03-16 15:48:11,168 | INFO | HTTP Request: GET https://www.okx.com/api/v5/market/candles?instId=EOS-USDT-SWAP&bar=5m&limit=71 "HTTP/2 200 OK"
2026-03-16 15:48:11,185 | INFO | HTTP Request: GET https://www.okx.com/api/v5/market/ticker?instId=CRO-USDT-SWAP "HTTP/2 200 OK"
2026-03-16 15:48:11,579 | INFO | HTTP Request: GET https://www.okx.com/api/v5/market/candles?instId=ETC-USDT-SWAP&bar=5m&limit=71 "HTTP/2 200 OK"
2026-03-16 15:48:11,705 | INFO | HTTP Request: GET https://www.okx.com/api/v5/market/ticker?instId=CRV-USDT-SWAP "HTTP/2 200 OK"
2026-03-16 15:48:11,988 | INFO | HTTP Request: GET https://www.okx.com/api/v5/market/candles?instId=ETHFI-USDT-SWAP&bar=5m&limit=71 "HTTP/2 200 OK"
2026-03-16 15:48:12,213 | INFO | HTTP Request: GET https://www.okx.com/api/v5/market/ticker?instId=DOGE-USDT-SWAP "HTTP/2 200 OK"
2026-03-16 15:48:12,395 | INFO | HTTP Request: GET https://www.okx.com/api/v5/market/candles?instId=ETHW-USDT-SWAP&bar=5m&limit=71 "HTTP/2 200 OK"
2026-03-16 15:48:12,719 | INFO | HTTP Request: GET https://www.okx.com/api/v5/market/ticker?instId=DOT-USDT-SWAP "HTTP/2 200 OK"
2026-03-16 15:48:12,808 | INFO | HTTP Request: GET https://www.okx.com/api/v5/market/candles?instId=FIL-USDT-SWAP&bar=5m&limit=71 "HTTP/2 200 OK"
2026-03-16 15:48:13,218 | INFO | HTTP Request: GET https://www.okx.com/api/v5/market/ticker?instId=ENA-USDT-SWAP "HTTP/2 200 OK"
2026-03-16 15:48:13,234 | INFO | HTTP Request: GET https://www.okx.com/api/v5/market/candles?instId=FLOKI-USDT-SWAP&bar=5m&limit=71 "HTTP/2 200 OK"
2026-03-16 15:48:13,617 | INFO | HTTP Request: GET https://www.okx.com/api/v5/market/candles?instId=GMT-USDT-SWAP&bar=5m&limit=71 "HTTP/2 200 OK"
2026-03-16 15:48:13,737 | INFO | HTTP Request: GET https://www.okx.com/api/v5/market/ticker?instId=EOS-USDT-SWAP "HTTP/2 200 OK"
2026-03-16 15:48:14,036 | INFO | HTTP Request: GET https://www.okx.com/api/v5/market/candles?instId=HBAR-USDT-SWAP&bar=5m&limit=71 "HTTP/2 200 OK"
2026-03-16 15:48:14,244 | INFO | HTTP Request: GET https://www.okx.com/api/v5/market/ticker?instId=ETC-USDT-SWAP "HTTP/2 200 OK"
2026-03-16 15:48:14,433 | INFO | HTTP Request: GET https://www.okx.com/api/v5/market/candles?instId=HMSTR-USDT-SWAP&bar=5m&limit=71 "HTTP/2 200 OK"
2026-03-16 15:48:14,755 | INFO | HTTP Request: GET https://www.okx.com/api/v5/market/ticker?instId=ETHFI-USDT-SWAP "HTTP/2 200 OK"
2026-03-16 15:48:14,848 | INFO | HTTP Request: GET https://www.okx.com/api/v5/market/candles?instId=HOME-USDT-SWAP&bar=5m&limit=71 "HTTP/2 200 OK"
2026-03-16 15:48:15,106 | INFO | HTTP Request: GET https://www.okx.com/api/v5/account/balance "HTTP/2 200 OK"
2026-03-16 15:48:15,253 | INFO | HTTP Request: GET https://www.okx.com/api/v5/market/candles?instId=IMX-USDT-SWAP&bar=5m&limit=71 "HTTP/2 200 OK"
2026-03-16 15:48:15,285 | INFO | HTTP Request: GET https://www.okx.com/api/v5/market/ticker?instId=ETHW-USDT-SWAP "HTTP/2 200 OK"
2026-03-16 15:48:15,616 | INFO | HTTP Request: GET https://www.okx.com/api/v5/market/candles?instId=INJ-USDT-SWAP&bar=5m&limit=71 "HTTP/2 200 OK"
2026-03-16 15:48:15,771 | INFO | HTTP Request: GET https://www.okx.com/api/v5/market/ticker?instId=FIL-USDT-SWAP "HTTP/2 200 OK"
2026-03-16 15:48:16,003 | INFO | HTTP Request: GET https://www.okx.com/api/v5/market/candles?instId=IOTA-USDT-SWAP&bar=5m&limit=71 "HTTP/2 200 OK"
2026-03-16 15:48:16,313 | INFO | HTTP Request: GET https://www.okx.com/api/v5/market/ticker?instId=FLOKI-USDT-SWAP "HTTP/2 200 OK"
2026-03-16 15:48:16,427 | INFO | HTTP Request: GET https://www.okx.com/api/v5/market/candles?instId=JUP-USDT-SWAP&bar=5m&limit=71 "HTTP/2 200 OK"
2026-03-16 15:48:16,802 | INFO | HTTP Request: GET https://www.okx.com/api/v5/market/candles?instId=KAITO-USDT-SWAP&bar=5m&limit=71 "HTTP/2 200 OK"
2026-03-16 15:48:16,810 | INFO | HTTP Request: GET https://www.okx.com/api/v5/market/ticker?instId=GMT-USDT-SWAP "HTTP/2 200 OK"
2026-03-16 15:48:16,945 | INFO | HTTP Request: GET https://www.okx.com/api/v5/market/candles?instId=BTC-USDT-SWAP&bar=5m&limit=64 "HTTP/2 200 OK"
2026-03-16 15:48:17,201 | INFO | HTTP Request: GET https://www.okx.com/api/v5/market/candles?instId=KSM-USDT-SWAP&bar=5m&limit=71 "HTTP/2 200 OK"
2026-03-16 15:48:17,324 | INFO | HTTP Request: GET https://www.okx.com/api/v5/market/ticker?instId=HBAR-USDT-SWAP "HTTP/2 200 OK"
2026-03-16 15:48:17,614 | INFO | HTTP Request: GET https://www.okx.com/api/v5/market/candles?instId=LDO-USDT-SWAP&bar=5m&limit=71 "HTTP/2 200 OK"
2026-03-16 15:48:17,844 | INFO | HTTP Request: GET https://www.okx.com/api/v5/market/ticker?instId=HMSTR-USDT-SWAP "HTTP/2 200 OK"
2026-03-16 15:48:18,031 | INFO | HTTP Request: GET https://www.okx.com/api/v5/market/candles?instId=LINEA-USDT-SWAP&bar=5m&limit=71 "HTTP/2 200 OK"
2026-03-16 15:48:18,348 | INFO | HTTP Request: GET https://www.okx.com/api/v5/market/ticker?instId=HOME-USDT-SWAP "HTTP/2 200 OK"
2026-03-16 15:48:18,438 | INFO | HTTP Request: GET https://www.okx.com/api/v5/market/candles?instId=LINK-USDT-SWAP&bar=5m&limit=71 "HTTP/2 200 OK"
2026-03-16 15:48:18,843 | INFO | HTTP Request: GET https://www.okx.com/api/v5/market/candles?instId=LIT-USDT-SWAP&bar=5m&limit=71 "HTTP/2 200 OK"
2026-03-16 15:48:18,858 | INFO | HTTP Request: GET https://www.okx.com/api/v5/market/ticker?instId=IMX-USDT-SWAP "HTTP/2 200 OK"
2026-03-16 15:48:19,252 | INFO | HTTP Request: GET https://www.okx.com/api/v5/market/candles?instId=LPT-USDT-SWAP&bar=5m&limit=71 "HTTP/2 200 OK"
2026-03-16 15:48:19,362 | INFO | HTTP Request: GET https://www.okx.com/api/v5/market/ticker?instId=INJ-USDT-SWAP "HTTP/2 200 OK"
2026-03-16 15:48:19,660 | INFO | HTTP Request: GET https://www.okx.com/api/v5/market/candles?instId=LQTY-USDT-SWAP&bar=5m&limit=71 "HTTP/2 200 OK"
2026-03-16 15:48:19,885 | INFO | HTTP Request: GET https://www.okx.com/api/v5/market/ticker?instId=IOTA-USDT-SWAP "HTTP/2 200 OK"
2026-03-16 15:48:20,160 | INFO | HTTP Request: GET https://www.okx.com/api/v5/market/candles?instId=LRC-USDT-SWAP&bar=5m&limit=71 "HTTP/2 200 OK"
2026-03-16 15:48:20,400 | INFO | HTTP Request: GET https://www.okx.com/api/v5/market/ticker?instId=JUP-USDT-SWAP "HTTP/2 200 OK"
2026-03-16 15:48:20,506 | INFO | HTTP Request: GET https://www.okx.com/api/v5/account/balance "HTTP/2 200 OK"
2026-03-16 15:48:20,524 | INFO | HTTP Request: GET https://www.okx.com/api/v5/market/candles?instId=LTC-USDT-SWAP&bar=5m&limit=71 "HTTP/2 200 OK"
2026-03-16 15:48:20,881 | INFO | HTTP Request: GET https://www.okx.com/api/v5/market/ticker?instId=KAITO-USDT-SWAP "HTTP/2 200 OK"
2026-03-16 15:48:20,885 | INFO | HTTP Request: GET https://www.okx.com/api/v5/market/candles?instId=MAGIC-USDT-SWAP&bar=5m&limit=71 "HTTP/2 200 OK"
2026-03-16 15:48:21,291 | INFO | HTTP Request: GET https://www.okx.com/api/v5/market/candles?instId=MAJOR-USDT-SWAP&bar=5m&limit=71 "HTTP/2 200 OK"
2026-03-16 15:48:21,420 | INFO | HTTP Request: GET https://www.okx.com/api/v5/market/ticker?instId=KSM-USDT-SWAP "HTTP/2 200 OK"
2026-03-16 15:48:21,739 | INFO | HTTP Request: GET https://www.okx.com/api/v5/market/candles?instId=MASK-USDT-SWAP&bar=5m&limit=71 "HTTP/2 200 OK"
2026-03-16 15:48:21,930 | INFO | HTTP Request: GET https://www.okx.com/api/v5/market/ticker?instId=LDO-USDT-SWAP "HTTP/2 200 OK"
2026-03-16 15:48:22,120 | INFO | HTTP Request: GET https://www.okx.com/api/v5/market/candles?instId=MET-USDT-SWAP&bar=5m&limit=71 "HTTP/2 200 OK"
2026-03-16 15:48:22,445 | INFO | HTTP Request: GET https://www.okx.com/api/v5/market/ticker?instId=LINEA-USDT-SWAP "HTTP/2 200 OK"
2026-03-16 15:48:22,543 | INFO | HTTP Request: GET https://www.okx.com/api/v5/market/candles?instId=MINA-USDT-SWAP&bar=5m&limit=71 "HTTP/2 200 OK"
2026-03-16 15:48:22,941 | INFO | HTTP Request: GET https://www.okx.com/api/v5/market/candles?instId=MKR-USDT-SWAP&bar=5m&limit=71 "HTTP/2 200 OK"
2026-03-16 15:48:22,945 | INFO | HTTP Request: GET https://www.okx.com/api/v5/market/ticker?instId=LINK-USDT-SWAP "HTTP/2 200 OK"
2026-03-16 15:48:23,177 | INFO | HTTP Request: GET https://www.okx.com/api/v5/market/candles?instId=BTC-USDT-SWAP&bar=5m&limit=64 "HTTP/2 200 OK"
2026-03-16 15:48:23,340 | INFO | HTTP Request: GET https://www.okx.com/api/v5/market/candles?instId=NEAR-USDT-SWAP&bar=5m&limit=71 "HTTP/2 200 OK"
2026-03-16 15:48:23,461 | INFO | HTTP Request: GET https://www.okx.com/api/v5/market/ticker?instId=LIT-USDT-SWAP "HTTP/2 200 OK"
2026-03-16 15:48:23,759 | INFO | HTTP Request: GET https://www.okx.com/api/v5/market/candles?instId=NEO-USDT-SWAP&bar=5m&limit=71 "HTTP/2 200 OK"
2026-03-16 15:48:23,979 | INFO | HTTP Request: GET https://www.okx.com/api/v5/market/ticker?instId=LPT-USDT-SWAP "HTTP/2 200 OK"
2026-03-16 15:48:24,168 | INFO | HTTP Request: GET https://www.okx.com/api/v5/market/candles?instId=NOT-USDT-SWAP&bar=5m&limit=71 "HTTP/2 200 OK"
2026-03-16 15:48:24,485 | INFO | HTTP Request: GET https://www.okx.com/api/v5/market/ticker?instId=LQTY-USDT-SWAP "HTTP/2 200 OK"
2026-03-16 15:48:24,584 | INFO | HTTP Request: GET https://www.okx.com/api/v5/market/candles?instId=OP-USDT-SWAP&bar=5m&limit=71 "HTTP/2 200 OK"
2026-03-16 15:48:24,995 | INFO | HTTP Request: GET https://www.okx.com/api/v5/market/ticker?instId=LRC-USDT-SWAP "HTTP/2 200 OK"
2026-03-16 15:48:24,996 | INFO | HTTP Request: GET https://www.okx.com/api/v5/market/candles?instId=PEPE-USDT-SWAP&bar=5m&limit=71 "HTTP/2 200 OK"
2026-03-16 15:48:25,397 | INFO | HTTP Request: GET https://www.okx.com/api/v5/market/candles?instId=PIGGY-USDT-SWAP&bar=5m&limit=71 "HTTP/2 200 OK"
2026-03-16 15:48:25,524 | INFO | HTTP Request: GET https://www.okx.com/api/v5/market/ticker?instId=LTC-USDT-SWAP "HTTP/2 200 OK"
2026-03-16 15:48:25,853 | INFO | HTTP Request: GET https://www.okx.com/api/v5/market/candles?instId=QTUM-USDT-SWAP&bar=5m&limit=71 "HTTP/2 200 OK"
2026-03-16 15:48:25,923 | INFO | HTTP Request: GET https://www.okx.com/api/v5/account/balance "HTTP/2 200 OK"
2026-03-16 15:48:26,012 | INFO | HTTP Request: GET https://www.okx.com/api/v5/market/ticker?instId=MAGIC-USDT-SWAP "HTTP/2 200 OK"
2026-03-16 15:48:26,225 | INFO | HTTP Request: GET https://www.okx.com/api/v5/market/candles?instId=RAVE-USDT-SWAP&bar=5m&limit=71 "HTTP/2 200 OK"
2026-03-16 15:48:26,546 | INFO | HTTP Request: GET https://www.okx.com/api/v5/market/ticker?instId=MAJOR-USDT-SWAP "HTTP/2 200 OK"
2026-03-16 15:48:26,623 | INFO | HTTP Request: GET https://www.okx.com/api/v5/market/candles?instId=RESOLV-USDT-SWAP&bar=5m&limit=71 "HTTP/2 200 OK"
2026-03-16 15:48:27,052 | INFO | HTTP Request: GET https://www.okx.com/api/v5/market/ticker?instId=MASK-USDT-SWAP "HTTP/2 200 OK"
2026-03-16 15:48:27,055 | INFO | HTTP Request: GET https://www.okx.com/api/v5/market/candles?instId=ROBO-USDT-SWAP&bar=5m&limit=71 "HTTP/2 200 OK"
2026-03-16 15:48:27,438 | INFO | HTTP Request: GET https://www.okx.com/api/v5/market/candles?instId=SAND-USDT-SWAP&bar=5m&limit=71 "HTTP/2 200 OK"
2026-03-16 15:48:27,561 | INFO | HTTP Request: GET https://www.okx.com/api/v5/market/ticker?instId=MET-USDT-SWAP "HTTP/2 200 OK"
2026-03-16 15:48:27,858 | INFO | HTTP Request: GET https://www.okx.com/api/v5/market/candles?instId=SCR-USDT-SWAP&bar=5m&limit=71 "HTTP/2 200 OK"
2026-03-16 15:48:28,066 | INFO | HTTP Request: GET https://www.okx.com/api/v5/market/ticker?instId=MINA-USDT-SWAP "HTTP/2 200 OK"
2026-03-16 15:48:28,258 | INFO | HTTP Request: GET https://www.okx.com/api/v5/market/candles?instId=SHIB-USDT-SWAP&bar=5m&limit=71 "HTTP/2 200 OK"
2026-03-16 15:48:28,581 | INFO | HTTP Request: GET https://www.okx.com/api/v5/market/ticker?instId=MKR-USDT-SWAP "HTTP/2 200 OK"
2026-03-16 15:48:28,664 | INFO | HTTP Request: GET https://www.okx.com/api/v5/market/candles?instId=SKY-USDT-SWAP&bar=5m&limit=71 "HTTP/2 200 OK"
2026-03-16 15:48:29,072 | INFO | HTTP Request: GET https://www.okx.com/api/v5/market/candles?instId=SOL-USDT-SWAP&bar=5m&limit=71 "HTTP/2 200 OK"
2026-03-16 15:48:29,088 | INFO | HTTP Request: GET https://www.okx.com/api/v5/market/ticker?instId=NEAR-USDT-SWAP "HTTP/2 200 OK"
2026-03-16 15:48:29,417 | INFO | HTTP Request: GET https://www.okx.com/api/v5/market/candles?instId=BTC-USDT-SWAP&bar=5m&limit=64 "HTTP/2 200 OK"
2026-03-16 15:48:29,480 | INFO | HTTP Request: GET https://www.okx.com/api/v5/market/ticker?instId=SOL-USDT-SWAP "HTTP/2 200 OK"
2026-03-16 15:48:29,531 | INFO | SOL-USDT-SWAP: Turtle 20 short-сигнал отклонён (закрытие не удержалось ниже канала)
2026-03-16 15:48:29,600 | INFO | HTTP Request: GET https://www.okx.com/api/v5/market/ticker?instId=NEO-USDT-SWAP "HTTP/2 200 OK"
2026-03-16 15:48:29,917 | INFO | HTTP Request: GET https://www.okx.com/api/v5/market/candles?instId=SOLV-USDT-SWAP&bar=5m&limit=71 "HTTP/2 200 OK"
2026-03-16 15:48:30,119 | INFO | HTTP Request: GET https://www.okx.com/api/v5/market/ticker?instId=NOT-USDT-SWAP "HTTP/2 200 OK"
2026-03-16 15:48:30,309 | INFO | HTTP Request: GET https://www.okx.com/api/v5/market/candles?instId=SPK-USDT-SWAP&bar=5m&limit=71 "HTTP/2 200 OK"
2026-03-16 15:48:30,629 | INFO | HTTP Request: GET https://www.okx.com/api/v5/market/ticker?instId=OP-USDT-SWAP "HTTP/2 200 OK"
2026-03-16 15:48:30,717 | INFO | HTTP Request: GET https://www.okx.com/api/v5/market/candles?instId=STRK-USDT-SWAP&bar=5m&limit=71 "HTTP/2 200 OK"
2026-03-16 15:48:31,146 | INFO | HTTP Request: GET https://www.okx.com/api/v5/market/ticker?instId=PEPE-USDT-SWAP "HTTP/2 200 OK"
2026-03-16 15:48:31,159 | INFO | HTTP Request: GET https://www.okx.com/api/v5/market/candles?instId=SUI-USDT-SWAP&bar=5m&limit=71 "HTTP/2 200 OK"
2026-03-16 15:48:31,386 | INFO | HTTP Request: GET https://www.okx.com/api/v5/account/balance "HTTP/2 200 OK"
2026-03-16 15:48:31,550 | INFO | HTTP Request: GET https://www.okx.com/api/v5/market/candles?instId=SUSHI-USDT-SWAP&bar=5m&limit=71 "HTTP/2 200 OK"
2026-03-16 15:48:31,654 | INFO | HTTP Request: GET https://www.okx.com/api/v5/market/ticker?instId=PIGGY-USDT-SWAP "HTTP/2 200 OK"
2026-03-16 15:48:31,960 | INFO | HTTP Request: GET https://www.okx.com/api/v5/market/candles?instId=SYRUP-USDT-SWAP&bar=5m&limit=71 "HTTP/2 200 OK"
2026-03-16 15:48:32,186 | INFO | HTTP Request: GET https://www.okx.com/api/v5/market/ticker?instId=QTUM-USDT-SWAP "HTTP/2 200 OK"
2026-03-16 15:48:32,358 | INFO | HTTP Request: GET https://www.okx.com/api/v5/market/candles?instId=TEST1234-USDT-SWAP&bar=5m&limit=71 "HTTP/2 200 OK"
2026-03-16 15:48:32,691 | INFO | HTTP Request: GET https://www.okx.com/api/v5/market/ticker?instId=RAVE-USDT-SWAP "HTTP/2 200 OK"
2026-03-16 15:48:32,775 | INFO | HTTP Request: GET https://www.okx.com/api/v5/market/candles?instId=TEST3103-USDT-SWAP&bar=5m&limit=71 "HTTP/2 200 OK"
2026-03-16 15:48:33,195 | INFO | HTTP Request: GET https://www.okx.com/api/v5/market/ticker?instId=RESOLV-USDT-SWAP "HTTP/2 200 OK"
2026-03-16 15:48:33,197 | INFO | HTTP Request: GET https://www.okx.com/api/v5/market/candles?instId=TEST3110-USDT-SWAP&bar=5m&limit=71 "HTTP/2 200 OK"
2026-03-16 15:48:33,691 | INFO | HTTP Request: GET https://www.okx.com/api/v5/market/candles?instId=THETA-USDT-SWAP&bar=5m&limit=71 "HTTP/2 200 OK"
2026-03-16 15:48:33,715 | INFO | HTTP Request: GET https://www.okx.com/api/v5/market/ticker?instId=ROBO-USDT-SWAP "HTTP/2 200 OK"
2026-03-16 15:48:34,110 | INFO | HTTP Request: GET https://www.okx.com/api/v5/market/candles?instId=TON-USDT-SWAP&bar=5m&limit=71 "HTTP/2 200 OK"
2026-03-16 15:48:34,238 | INFO | HTTP Request: GET https://www.okx.com/api/v5/market/ticker?instId=SAND-USDT-SWAP "HTTP/2 200 OK"
2026-03-16 15:48:34,505 | INFO | HTTP Request: GET https://www.okx.com/api/v5/market/candles?instId=TRIA-USDT-SWAP&bar=5m&limit=71 "HTTP/2 200 OK"
2026-03-16 15:48:34,731 | INFO | HTTP Request: GET https://www.okx.com/api/v5/market/ticker?instId=SCR-USDT-SWAP "HTTP/2 200 OK"
2026-03-16 15:48:34,918 | INFO | HTTP Request: GET https://www.okx.com/api/v5/market/candles?instId=TRX-USDT-SWAP&bar=5m&limit=71 "HTTP/2 200 OK"
2026-03-16 15:48:35,252 | INFO | HTTP Request: GET https://www.okx.com/api/v5/market/ticker?instId=SHIB-USDT-SWAP "HTTP/2 200 OK"
2026-03-16 15:48:35,324 | INFO | HTTP Request: GET https://www.okx.com/api/v5/market/candles?instId=TSLA-USDT-SWAP&bar=5m&limit=71 "HTTP/2 200 OK"
2026-03-16 15:48:35,689 | INFO | HTTP Request: GET https://www.okx.com/api/v5/market/candles?instId=BTC-USDT-SWAP&bar=5m&limit=64 "HTTP/2 200 OK"
2026-03-16 15:48:35,734 | INFO | HTTP Request: GET https://www.okx.com/api/v5/market/candles?instId=XAU-USDT-SWAP&bar=5m&limit=71 "HTTP/2 200 OK"
2026-03-16 15:48:35,754 | INFO | HTTP Request: GET https://www.okx.com/api/v5/market/ticker?instId=SKY-USDT-SWAP "HTTP/2 200 OK"
2026-03-16 15:48:36,102 | INFO | HTTP Request: GET https://www.okx.com/api/v5/market/candles?instId=XLM-USDT-SWAP&bar=5m&limit=71 "HTTP/2 200 OK"
2026-03-16 15:48:36,379 | INFO | HTTP Request: GET https://www.okx.com/api/v5/market/ticker?instId=SOLV-USDT-SWAP "HTTP/2 200 OK"
2026-03-16 15:48:36,479 | INFO | HTTP Request: GET https://www.okx.com/api/v5/market/candles?instId=XPL-USDT-SWAP&bar=5m&limit=71 "HTTP/2 200 OK"
2026-03-16 15:48:36,816 | INFO | HTTP Request: GET https://www.okx.com/api/v5/account/balance "HTTP/2 200 OK"
2026-03-16 15:48:36,874 | INFO | HTTP Request: GET https://www.okx.com/api/v5/market/candles?instId=XRP-USDT-SWAP&bar=5m&limit=71 "HTTP/2 200 OK"
2026-03-16 15:48:36,893 | INFO | HTTP Request: GET https://www.okx.com/api/v5/market/ticker?instId=SPK-USDT-SWAP "HTTP/2 200 OK"
2026-03-16 15:48:37,303 | INFO | HTTP Request: GET https://www.okx.com/api/v5/market/candles?instId=XSR-USDT-SWAP&bar=5m&limit=71 "HTTP/2 200 OK"
2026-03-16 15:48:37,412 | INFO | HTTP Request: GET https://www.okx.com/api/v5/market/ticker?instId=STRK-USDT-SWAP "HTTP/2 200 OK"
2026-03-16 15:48:37,746 | INFO | HTTP Request: GET https://www.okx.com/api/v5/market/candles?instId=XTZ-USDT-SWAP&bar=5m&limit=71 "HTTP/2 200 OK"
2026-03-16 15:48:37,951 | INFO | HTTP Request: GET https://www.okx.com/api/v5/market/ticker?instId=SUI-USDT-SWAP "HTTP/2 200 OK"
2026-03-16 15:48:38,155 | INFO | HTTP Request: GET https://www.okx.com/api/v5/market/candles?instId=YB-USDT-SWAP&bar=5m&limit=71 "HTTP/2 200 OK"
2026-03-16 15:48:38,465 | INFO | HTTP Request: GET https://www.okx.com/api/v5/market/ticker?instId=SUSHI-USDT-SWAP "HTTP/2 200 OK"
2026-03-16 15:48:38,549 | INFO | HTTP Request: GET https://www.okx.com/api/v5/market/candles?instId=YFI-USDT-SWAP&bar=5m&limit=71 "HTTP/2 200 OK"
2026-03-16 15:48:38,965 | INFO | HTTP Request: GET https://www.okx.com/api/v5/market/candles?instId=YGG-USDT-SWAP&bar=5m&limit=71 "HTTP/2 200 OK"
2026-03-16 15:48:38,966 | INFO | HTTP Request: GET https://www.okx.com/api/v5/market/ticker?instId=SYRUP-USDT-SWAP "HTTP/2 200 OK"
2026-03-16 15:48:39,359 | INFO | HTTP Request: GET https://www.okx.com/api/v5/market/candles?instId=ZAMA-USDT-SWAP&bar=5m&limit=71 "HTTP/2 200 OK"
2026-03-16 15:48:39,498 | INFO | HTTP Request: GET https://www.okx.com/api/v5/market/ticker?instId=TEST1234-USDT-SWAP "HTTP/2 200 OK"
2026-03-16 15:48:39,762 | INFO | HTTP Request: GET https://www.okx.com/api/v5/market/candles?instId=ZBCN-USDT-SWAP&bar=5m&limit=71 "HTTP/2 200 OK"
2026-03-16 15:48:39,994 | INFO | HTTP Request: GET https://www.okx.com/api/v5/market/ticker?instId=TEST3103-USDT-SWAP "HTTP/2 200 OK"
2026-03-16 15:48:40,168 | INFO | HTTP Request: GET https://www.okx.com/api/v5/market/candles?instId=ZETA-USDT-SWAP&bar=5m&limit=71 "HTTP/2 200 OK"
2026-03-16 15:48:40,489 | INFO | HTTP Request: GET https://www.okx.com/api/v5/market/ticker?instId=TEST3110-USDT-SWAP "HTTP/2 200 OK"
2026-03-16 15:48:40,575 | INFO | HTTP Request: GET https://www.okx.com/api/v5/market/candles?instId=ZIL-USDT-SWAP&bar=5m&limit=71 "HTTP/2 200 OK"
2026-03-16 15:48:40,991 | INFO | HTTP Request: GET https://www.okx.com/api/v5/market/candles?instId=XAG-USDT-SWAP&bar=5m&limit=26 "HTTP/2 200 OK"
2026-03-16 15:48:41,007 | INFO | HTTP Request: GET https://www.okx.com/api/v5/market/ticker?instId=THETA-USDT-SWAP "HTTP/2 200 OK"
2026-03-16 15:48:41,393 | INFO | HTTP Request: GET https://www.okx.com/api/v5/market/ticker?instId=XAG-USDT-SWAP "HTTP/2 200 OK"
2026-03-16 15:48:41,517 | INFO | HTTP Request: GET https://www.okx.com/api/v5/market/ticker?instId=TON-USDT-SWAP "HTTP/2 200 OK"
2026-03-16 15:48:41,712 | INFO | HTTP Request: GET https://www.okx.com/api/v5/trade/orders-algo-pending?ordType=conditional&instType=SWAP&instId=XAG-USDT-SWAP "HTTP/2 200 OK"
2026-03-16 15:48:41,918 | INFO | HTTP Request: GET https://www.okx.com/api/v5/market/candles?instId=BTC-USDT-SWAP&bar=5m&limit=64 "HTTP/2 200 OK"
2026-03-16 15:48:42,003 | INFO | HTTP Request: GET https://www.okx.com/api/v5/market/ticker?instId=TRIA-USDT-SWAP "HTTP/2 200 OK"
2026-03-16 15:48:42,051 | INFO | HTTP Request: GET https://www.okx.com/api/v5/trade/orders-algo-pending?ordType=oco&instType=SWAP&instId=XAG-USDT-SWAP "HTTP/2 200 OK"
2026-03-16 15:48:42,365 | INFO | HTTP Request: GET https://www.okx.com/api/v5/trade/orders-algo-pending?ordType=trigger&instType=SWAP&instId=XAG-USDT-SWAP "HTTP/2 200 OK"
2026-03-16 15:48:42,416 | INFO | HTTP Request: GET https://www.okx.com/api/v5/account/balance "HTTP/2 200 OK"
2026-03-16 15:48:42,530 | INFO | HTTP Request: GET https://www.okx.com/api/v5/market/ticker?instId=TRX-USDT-SWAP "HTTP/2 200 OK"
2026-03-16 15:48:42,602 | INFO | HTTP Request: GET https://www.okx.com/api/v5/trade/orders-algo-pending?ordType=move_order_stop&instType=SWAP&instId=XAG-USDT-SWAP "HTTP/2 200 OK"
2026-03-16 15:48:42,954 | INFO | HTTP Request: GET https://www.okx.com/api/v5/trade/orders-algo-pending?ordType=iceberg&instType=SWAP&instId=XAG-USDT-SWAP "HTTP/2 200 OK"
2026-03-16 15:48:43,202 | INFO | HTTP Request: GET https://www.okx.com/api/v5/trade/orders-algo-pending?ordType=twap&instType=SWAP&instId=XAG-USDT-SWAP "HTTP/2 200 OK"
2026-03-16 15:48:43,503 | INFO | HTTP Request: GET https://www.okx.com/api/v5/trade/orders-algo-pending?ordType=chase&instType=SWAP&instId=XAG-USDT-SWAP "HTTP/2 200 OK"
2026-03-16 15:48:43,740 | INFO | HTTP Request: GET https://www.okx.com/api/v5/market/ticker?instId=XTZ-USDT-SWAP "HTTP/2 200 OK"
2026-03-16 15:48:43,880 | INFO | HTTP Request: GET https://www.okx.com/api/v5/market/candles?instId=ICP-USDT-SWAP&bar=5m&limit=26 "HTTP/2 200 OK"
2026-03-16 15:48:44,230 | INFO | HTTP Request: GET https://www.okx.com/api/v5/market/ticker?instId=YB-USDT-SWAP "HTTP/2 200 OK"
2026-03-16 15:48:44,257 | INFO | HTTP Request: GET https://www.okx.com/api/v5/market/ticker?instId=ICP-USDT-SWAP "HTTP/2 200 OK"
2026-03-16 15:48:44,576 | INFO | HTTP Request: GET https://www.okx.com/api/v5/trade/orders-algo-pending?ordType=conditional&instType=SWAP&instId=ICP-USDT-SWAP "HTTP/2 200 OK"
2026-03-16 15:48:44,715 | INFO | HTTP Request: GET https://www.okx.com/api/v5/market/ticker?instId=YFI-USDT-SWAP "HTTP/2 200 OK"
2026-03-16 15:48:44,876 | INFO | HTTP Request: GET https://www.okx.com/api/v5/trade/orders-algo-pending?ordType=oco&instType=SWAP&instId=ICP-USDT-SWAP "HTTP/2 200 OK"
2026-03-16 15:48:45,198 | INFO | HTTP Request: GET https://www.okx.com/api/v5/market/ticker?instId=YGG-USDT-SWAP "HTTP/2 200 OK"
2026-03-16 15:48:45,234 | INFO | HTTP Request: GET https://www.okx.com/api/v5/trade/orders-algo-pending?ordType=trigger&instType=SWAP&instId=ICP-USDT-SWAP "HTTP/2 200 OK"
2026-03-16 15:48:45,554 | INFO | HTTP Request: GET https://www.okx.com/api/v5/trade/orders-algo-pending?ordType=move_order_stop&instType=SWAP&instId=ICP-USDT-SWAP "HTTP/2 200 OK"
2026-03-16 15:48:45,716 | INFO | HTTP Request: GET https://www.okx.com/api/v5/market/ticker?instId=ZAMA-USDT-SWAP "HTTP/2 200 OK"
2026-03-16 15:48:45,852 | INFO | HTTP Request: GET https://www.okx.com/api/v5/trade/orders-algo-pending?ordType=iceberg&instType=SWAP&instId=ICP-USDT-SWAP "HTTP/2 200 OK"
2026-03-16 15:48:46,174 | INFO | HTTP Request: GET https://www.okx.com/api/v5/trade/orders-algo-pending?ordType=twap&instType=SWAP&instId=ICP-USDT-SWAP "HTTP/2 200 OK"
2026-03-16 15:48:46,249 | INFO | HTTP Request: GET https://www.okx.com/api/v5/market/ticker?instId=ZBCN-USDT-SWAP "HTTP/2 200 OK"
2026-03-16 15:48:46,426 | INFO | HTTP Request: GET https://www.okx.com/api/v5/trade/orders-algo-pending?ordType=chase&instType=SWAP&instId=ICP-USDT-SWAP "HTTP/2 200 OK"
2026-03-16 15:48:46,779 | INFO | HTTP Request: GET https://www.okx.com/api/v5/market/ticker?instId=ZETA-USDT-SWAP "HTTP/2 200 OK"
2026-03-16 15:48:46,792 | INFO | HTTP Request: GET https://www.okx.com/api/v5/market/candles?instId=ETH-USDT-SWAP&bar=5m&limit=26 "HTTP/2 200 OK"
2026-03-16 15:48:47,166 | INFO | HTTP Request: GET https://www.okx.com/api/v5/market/ticker?instId=ETH-USDT-SWAP "HTTP/2 200 OK"
2026-03-16 15:48:47,211 | INFO | Placing exchange stop ETH-USDT-SWAP long payload={'instId': 'ETH-USDT-SWAP', 'tdMode': 'isolated', 'side': 'sell', 'posSide': 'net', 'ordType': 'conditional', 'sz': '18.18', 'slTriggerPx': '2332.643258333333', 'slOrdPx': '-1'}
2026-03-16 15:48:47,400 | INFO | HTTP Request: GET https://www.okx.com/api/v5/market/ticker?instId=XAG-USDT-SWAP "HTTP/2 200 OK"
2026-03-16 15:48:47,455 | INFO | HTTP Request: POST https://www.okx.com/api/v5/trade/order-algo "HTTP/2 200 OK"
2026-03-16 15:48:47,473 | INFO | Placing order ETH-USDT-SWAP buy qty=6.06
2026-03-16 15:48:47,765 | INFO | HTTP Request: POST https://www.okx.com/api/v5/trade/order "HTTP/2 200 OK"
2026-03-16 15:48:47,791 | INFO | HTTP Request: GET https://www.okx.com/api/v5/market/candles?instId=XAG-USDT-SWAP&bar=5m&limit=89 "HTTP/2 200 OK"
2026-03-16 15:48:47,856 | INFO | HTTP Request: GET https://www.okx.com/api/v5/account/balance "HTTP/2 200 OK"
2026-03-16 15:48:48,167 | INFO | HTTP Request: GET https://www.okx.com/api/v5/market/candles?instId=BTC-USDT-SWAP&bar=5m&limit=64 "HTTP/2 200 OK"
2026-03-16 15:48:48,195 | INFO | HTTP Request: GET https://www.okx.com/api/v5/account/positions?instType=SWAP "HTTP/2 200 OK"
2026-03-16 15:48:48,465 | INFO | HTTP Request: POST https://www.okx.com/api/v5/trade/cancel-algos "HTTP/2 200 OK"
2026-03-16 15:48:48,530 | INFO | HTTP Request: GET https://www.okx.com/api/v5/market/ticker?instId=BREV-USDT-SWAP "HTTP/2 200 OK"
2026-03-16 15:48:48,879 | INFO | HTTP Request: GET https://www.okx.com/api/v5/market/candles?instId=BREV-USDT-SWAP&bar=5m&limit=26 "HTTP/2 200 OK"
2026-03-16 15:48:48,887 | INFO | Placing exchange stop BREV-USDT-SWAP long payload={'instId': 'BREV-USDT-SWAP', 'tdMode': 'isolated', 'side': 'sell', 'posSide': 'net', 'ordType': 'conditional', 'sz': '120000', 'slTriggerPx': '1.008904996667', 'slOrdPx': '-1'}
2026-03-16 15:48:48,971 | INFO | HTTP Request: GET https://www.okx.com/api/v5/market/candles?instId=BREV-USDT-SWAP&bar=5m&limit=89 "HTTP/2 200 OK"
2026-03-16 15:48:49,204 | INFO | HTTP Request: POST https://www.okx.com/api/v5/trade/order-algo "HTTP/2 200 OK"
2026-03-16 15:48:49,453 | INFO | HTTP Request: POST https://www.okx.com/api/v5/trade/cancel-algos "HTTP/2 200 OK"
2026-03-16 15:48:49,459 | INFO | Closing position BREV-USDT-SWAP. Защита тренда: откат от пика 23395003333.33R → 3695003333.33R
2026-03-16 15:48:49,533 | INFO | HTTP Request: GET https://www.okx.com/api/v5/market/ticker?instId=1INCH-USDT-SWAP "HTTP/2 200 OK"
2026-03-16 15:48:49,774 | INFO | HTTP Request: POST https://www.okx.com/api/v5/trade/close-position "HTTP/2 200 OK"
2026-03-16 15:48:49,792 | WARNING | Failed to load json context : [Errno 13] Permission denied: '.'
2026-03-16 15:48:49,951 | INFO | HTTP Request: GET https://www.okx.com/api/v5/market/candles?instId=1INCH-USDT-SWAP&bar=5m&limit=89 "HTTP/2 200 OK"
2026-03-16 15:48:50,163 | INFO | HTTP Request: GET https://www.okx.com/api/v5/market/candles?instId=BREV-USDT-SWAP&bar=5m&limit=97 "HTTP/2 200 OK"
2026-03-16 15:48:50,528 | INFO | HTTP Request: GET https://www.okx.com/api/v5/market/ticker?instId=2Z-USDT-SWAP "HTTP/2 200 OK"
2026-03-16 15:48:50,940 | INFO | HTTP Request: GET https://www.okx.com/api/v5/market/candles?instId=2Z-USDT-SWAP&bar=5m&limit=89 "HTTP/2 200 OK"
2026-03-16 15:48:51,466 | INFO | HTTP Request: GET https://www.okx.com/api/v5/market/ticker?instId=A-USDT-SWAP "HTTP/2 200 OK"
2026-03-16 15:48:51,849 | INFO | HTTP Request: GET https://www.okx.com/api/v5/market/candles?instId=A-USDT-SWAP&bar=5m&limit=89 "HTTP/2 200 OK"
