action_taken,condition,condition_result,context_json_short,decision_type,inst_id,reason_code,reason_text,stage,timestamp,trade_id
True,pyramid_added,True,"{""units"": 2, ""last_price"": null, ""next_pyramid_price"": 0.0351625, ""retry_after_sec"": null}",ADD_UNIT_CHECK,YGG-USDT-SWAP,unknown,,pyramid_added,2026-03-26 23:15:25,20260326_231513_YGG-USDT-SWAP_short
True,pyramid_added,True,"{""units"": 2, ""last_price"": null, ""next_pyramid_price"": 0.9167287500000001, ""retry_after_sec"": null}",ADD_UNIT_CHECK,SUI-USDT-SWAP,unknown,,pyramid_added,2026-03-26 23:15:37,20260326_231514_SUI-USDT-SWAP_long
True,pyramid_added,True,"{""units"": 2, ""last_price"": null, ""next_pyramid_price"": 0.106352, ""retry_after_sec"": null}",ADD_UNIT_CHECK,OP-USDT-SWAP,unknown,,pyramid_added,2026-03-26 23:16:15,20260326_231515_OP-USDT-SWAP_short
False,oversized breakout candle 8.97 ATR > 3.50 ATR,False,"{""score"": null, ""liquidity_score"": null, ""breakout_distance_atr"": 4.1379, ""freshness_score"": null}",ENTRY_CHECK,1INCH-USDT-SWAP,oversized_breakout_candle_8.97_atr_>_3.50_atr,oversized breakout candle 8.97 ATR > 3.50 ATR,rejected,2026-03-26 23:16:57,
False,oversized breakout candle 8.75 ATR > 3.50 ATR,False,"{""score"": null, ""liquidity_score"": null, ""breakout_distance_atr"": 5.0, ""freshness_score"": null}",ENTRY_CHECK,ALGO-USDT-SWAP,oversized_breakout_candle_8.75_atr_>_3.50_atr,oversized breakout candle 8.75 ATR > 3.50 ATR,rejected,2026-03-26 23:16:57,
False,закрытие не удержалось ниже канала,False,"{""score"": null, ""liquidity_score"": null, ""breakout_distance_atr"": null, ""freshness_score"": null}",ENTRY_CHECK,ATOM-USDT-SWAP,закрытие_не_удержалось_ниже_канала,закрытие не удержалось ниже канала,rejected,2026-03-26 23:17:01,
False,закрытие не удержалось ниже канала,False,"{""score"": null, ""liquidity_score"": null, ""breakout_distance_atr"": null, ""freshness_score"": null}",ENTRY_CHECK,ATOM-USDT-SWAP,закрытие_не_удержалось_ниже_канала,закрытие не удержалось ниже канала,rejected,2026-03-26 23:17:01,
False,oversized breakout candle 6.91 ATR > 3.50 ATR,False,"{""score"": null, ""liquidity_score"": null, ""breakout_distance_atr"": 2.446, ""freshness_score"": null}",ENTRY_CHECK,AUCTION-USDT-SWAP,oversized_breakout_candle_6.91_atr_>_3.50_atr,oversized breakout candle 6.91 ATR > 3.50 ATR,rejected,2026-03-26 23:17:02,
False,нет свежего пробоя Donchian на последней закрытой свече,False,"{""score"": null, ""liquidity_score"": null, ""breakout_distance_atr"": null, ""freshness_score"": null}",ENTRY_CHECK,BTC-USDT-SWAP,no_fresh_breakout,нет свежего пробоя Donchian на последней закрытой свече,rejected,2026-03-26 23:17:15,
False,oversized breakout candle 5.12 ATR > 3.50 ATR,False,"{""score"": null, ""liquidity_score"": null, ""breakout_distance_atr"": 2.3256, ""freshness_score"": null}",ENTRY_CHECK,FIL-USDT-SWAP,oversized_breakout_candle_5.12_atr_>_3.50_atr,oversized breakout candle 5.12 ATR > 3.50 ATR,rejected,2026-03-26 23:17:38,
False,oversized breakout candle 7.10 ATR > 3.50 ATR,False,"{""score"": null, ""liquidity_score"": null, ""breakout_distance_atr"": 3.1776, ""freshness_score"": null}",ENTRY_CHECK,KAITO-USDT-SWAP,oversized_breakout_candle_7.10_atr_>_3.50_atr,oversized breakout candle 7.10 ATR > 3.50 ATR,rejected,2026-03-26 23:17:54,
False,oversized breakout candle 7.10 ATR > 3.50 ATR,False,"{""score"": null, ""liquidity_score"": null, ""breakout_distance_atr"": 6.729, ""freshness_score"": null}",ENTRY_CHECK,KAITO-USDT-SWAP,oversized_breakout_candle_7.10_atr_>_3.50_atr,oversized breakout candle 7.10 ATR > 3.50 ATR,rejected,2026-03-26 23:17:54,
False,нет свежего пробоя Donchian на последней закрытой свече,False,"{""score"": null, ""liquidity_score"": null, ""breakout_distance_atr"": null, ""freshness_score"": null}",ENTRY_CHECK,KSM-USDT-SWAP,no_fresh_breakout,нет свежего пробоя Donchian на последней закрытой свече,rejected,2026-03-26 23:17:55,
False,oversized breakout candle 4.00 ATR > 3.50 ATR,False,"{""score"": null, ""liquidity_score"": null, ""breakout_distance_atr"": 1.3333, ""freshness_score"": null}",ENTRY_CHECK,LDO-USDT-SWAP,oversized_breakout_candle_4.00_atr_>_3.50_atr,oversized breakout candle 4.00 ATR > 3.50 ATR,rejected,2026-03-26 23:17:57,
False,нет свежего пробоя Donchian на последней закрытой свече,False,"{""score"": null, ""liquidity_score"": null, ""breakout_distance_atr"": null, ""freshness_score"": null}",ENTRY_CHECK,LRC-USDT-SWAP,no_fresh_breakout,нет свежего пробоя Donchian на последней закрытой свече,rejected,2026-03-26 23:18:04,
False,oversized breakout candle 3.77 ATR > 3.50 ATR,False,"{""score"": null, ""liquidity_score"": null, ""breakout_distance_atr"": 5.7971, ""freshness_score"": null}",ENTRY_CHECK,MET-USDT-SWAP,oversized_breakout_candle_3.77_atr_>_3.50_atr,oversized breakout candle 3.77 ATR > 3.50 ATR,rejected,2026-03-26 23:18:10,
False,oversized breakout candle 3.77 ATR > 3.50 ATR,False,"{""score"": null, ""liquidity_score"": null, ""breakout_distance_atr"": 5.7971, ""freshness_score"": null}",ENTRY_CHECK,MET-USDT-SWAP,oversized_breakout_candle_3.77_atr_>_3.50_atr,oversized breakout candle 3.77 ATR > 3.50 ATR,rejected,2026-03-26 23:18:10,
False,закрытие не удержалось выше канала,False,"{""score"": null, ""liquidity_score"": null, ""breakout_distance_atr"": null, ""freshness_score"": null}",ENTRY_CHECK,NEAR-USDT-SWAP,закрытие_не_удержалось_выше_канала,закрытие не удержалось выше канала,rejected,2026-03-26 23:18:14,
False,oversized breakout candle 6.94 ATR > 3.50 ATR,False,"{""score"": null, ""liquidity_score"": null, ""breakout_distance_atr"": 4.6032, ""freshness_score"": null}",ENTRY_CHECK,NEAR-USDT-SWAP,oversized_breakout_candle_6.94_atr_>_3.50_atr,oversized breakout candle 6.94 ATR > 3.50 ATR,rejected,2026-03-26 23:18:14,
False,нет свежего пробоя Donchian на последней закрытой свече,False,"{""score"": null, ""liquidity_score"": null, ""breakout_distance_atr"": null, ""freshness_score"": null}",ENTRY_CHECK,NEO-USDT-SWAP,no_fresh_breakout,нет свежего пробоя Donchian на последней закрытой свече,rejected,2026-03-26 23:18:15,
False,закрытие не удержалось ниже канала,False,"{""score"": null, ""liquidity_score"": null, ""breakout_distance_atr"": null, ""freshness_score"": null}",ENTRY_CHECK,QTUM-USDT-SWAP,закрытие_не_удержалось_ниже_канала,закрытие не удержалось ниже канала,rejected,2026-03-26 23:18:21,
False,закрытие не удержалось ниже канала,False,"{""score"": null, ""liquidity_score"": null, ""breakout_distance_atr"": null, ""freshness_score"": null}",ENTRY_CHECK,QTUM-USDT-SWAP,закрытие_не_удержалось_ниже_канала,закрытие не удержалось ниже канала,rejected,2026-03-26 23:18:21,
False,нет свежего пробоя Donchian на последней закрытой свече,False,"{""score"": null, ""liquidity_score"": null, ""breakout_distance_atr"": null, ""freshness_score"": null}",ENTRY_CHECK,SUSHI-USDT-SWAP,no_fresh_breakout,нет свежего пробоя Donchian на последней закрытой свече,rejected,2026-03-26 23:18:37,
False,ATR warmup: цена или ATR недоступны после прогрева,False,"{""score"": null, ""liquidity_score"": null, ""breakout_distance_atr"": null, ""freshness_score"": null}",ENTRY_CHECK,XSR-USDT-SWAP,atr_warmup:_цена_или_atr_недоступны_после_прогрева,ATR warmup: цена или ATR недоступны после прогрева,rejected,2026-03-26 23:18:54,
False,oversized breakout candle 5.23 ATR > 3.50 ATR,False,"{""score"": null, ""liquidity_score"": null, ""breakout_distance_atr"": 2.0561, ""freshness_score"": null}",ENTRY_CHECK,XTZ-USDT-SWAP,oversized_breakout_candle_5.23_atr_>_3.50_atr,oversized breakout candle 5.23 ATR > 3.50 ATR,rejected,2026-03-26 23:18:56,
True,Новый пик open PnL,True,"{""price"": 0.0344, ""prev_stop_price"": null, ""stop_price"": 0.035350000000000006, ""peak_unrealized_pnl"": 59.22940000012379}",EXIT_CHECK,YGG-USDT-SWAP,unknown,Новый пик open PnL,PEAK_PNL,2026-03-26 23:19:29,20260326_231513_YGG-USDT-SWAP_short
True,pyramid_added,True,"{""units"": 2, ""last_price"": null, ""next_pyramid_price"": 0.0348458086794478, ""retry_after_sec"": null}",ADD_UNIT_CHECK,YGG-USDT-SWAP,unknown,,pyramid_added,2026-03-26 23:22:57,20260326_232245_YGG-USDT-SWAP_short
True,pyramid_added,True,"{""units"": 2, ""last_price"": null, ""next_pyramid_price"": 0.9225877011331445, ""retry_after_sec"": null}",ADD_UNIT_CHECK,SUI-USDT-SWAP,unknown,,pyramid_added,2026-03-26 23:22:58,20260326_232246_SUI-USDT-SWAP_long
False,нет свежего пробоя Donchian на последней закрытой свече,False,"{""score"": null, ""liquidity_score"": null, ""breakout_distance_atr"": null, ""freshness_score"": null}",ENTRY_CHECK,AAVE-USDT-SWAP,no_fresh_breakout,нет свежего пробоя Donchian на последней закрытой свече,rejected,2026-03-26 23:24:04,
False,нет свежего пробоя Donchian на последней закрытой свече,False,"{""score"": null, ""liquidity_score"": null, ""breakout_distance_atr"": null, ""freshness_score"": null}",ENTRY_CHECK,ALGO-USDT-SWAP,no_fresh_breakout,нет свежего пробоя Donchian на последней закрытой свече,rejected,2026-03-26 23:24:04,
False,нет свежего пробоя Donchian на последней закрытой свече,False,"{""score"": null, ""liquidity_score"": null, ""breakout_distance_atr"": null, ""freshness_score"": null}",ENTRY_CHECK,ASTER-USDT-SWAP,no_fresh_breakout,нет свежего пробоя Donchian на последней закрытой свече,rejected,2026-03-26 23:24:06,
False,нет свежего пробоя Donchian на последней закрытой свече,False,"{""score"": null, ""liquidity_score"": null, ""breakout_distance_atr"": null, ""freshness_score"": null}",ENTRY_CHECK,ATOM-USDT-SWAP,no_fresh_breakout,нет свежего пробоя Donchian на последней закрытой свече,rejected,2026-03-26 23:24:07,
False,нет свежего пробоя Donchian на последней закрытой свече,False,"{""score"": null, ""liquidity_score"": null, ""breakout_distance_atr"": null, ""freshness_score"": null}",ENTRY_CHECK,DOGE-USDT-SWAP,no_fresh_breakout,нет свежего пробоя Donchian на последней закрытой свече,rejected,2026-03-26 23:24:34,
False,нет свежего пробоя Donchian на последней закрытой свече,False,"{""score"": null, ""liquidity_score"": null, ""breakout_distance_atr"": null, ""freshness_score"": null}",ENTRY_CHECK,DOT-USDT-SWAP,no_fresh_breakout,нет свежего пробоя Donchian на последней закрытой свече,rejected,2026-03-26 23:24:35,
False,нет свежего пробоя Donchian на последней закрытой свече,False,"{""score"": null, ""liquidity_score"": null, ""breakout_distance_atr"": null, ""freshness_score"": null}",ENTRY_CHECK,FIL-USDT-SWAP,no_fresh_breakout,нет свежего пробоя Donchian на последней закрытой свече,rejected,2026-03-26 23:24:46,
False,нет свежего пробоя Donchian на последней закрытой свече,False,"{""score"": null, ""liquidity_score"": null, ""breakout_distance_atr"": null, ""freshness_score"": null}",ENTRY_CHECK,KSM-USDT-SWAP,no_fresh_breakout,нет свежего пробоя Donchian на последней закрытой свече,rejected,2026-03-26 23:25:03,
False,нет свежего пробоя Donchian на последней закрытой свече,False,"{""score"": null, ""liquidity_score"": null, ""breakout_distance_atr"": null, ""freshness_score"": null}",ENTRY_CHECK,LDO-USDT-SWAP,no_fresh_breakout,нет свежего пробоя Donchian на последней закрытой свече,rejected,2026-03-26 23:25:04,
False,нет свежего пробоя Donchian на последней закрытой свече,False,"{""score"": null, ""liquidity_score"": null, ""breakout_distance_atr"": null, ""freshness_score"": null}",ENTRY_CHECK,LRC-USDT-SWAP,no_fresh_breakout,нет свежего пробоя Donchian на последней закрытой свече,rejected,2026-03-26 23:25:11,
False,нет свежего пробоя Donchian на последней закрытой свече,False,"{""score"": null, ""liquidity_score"": null, ""breakout_distance_atr"": null, ""freshness_score"": null}",ENTRY_CHECK,MET-USDT-SWAP,no_fresh_breakout,нет свежего пробоя Donchian на последней закрытой свече,rejected,2026-03-26 23:25:18,
False,нет свежего пробоя Donchian на последней закрытой свече,False,"{""score"": null, ""liquidity_score"": null, ""breakout_distance_atr"": null, ""freshness_score"": null}",ENTRY_CHECK,NEAR-USDT-SWAP,no_fresh_breakout,нет свежего пробоя Donchian на последней закрытой свече,rejected,2026-03-26 23:25:21,
False,нет свежего пробоя Donchian на последней закрытой свече,False,"{""score"": null, ""liquidity_score"": null, ""breakout_distance_atr"": null, ""freshness_score"": null}",ENTRY_CHECK,NEO-USDT-SWAP,no_fresh_breakout,нет свежего пробоя Donchian на последней закрытой свече,rejected,2026-03-26 23:25:23,
False,нет свежего пробоя Donchian на последней закрытой свече,False,"{""score"": null, ""liquidity_score"": null, ""breakout_distance_atr"": null, ""freshness_score"": null}",ENTRY_CHECK,OP-USDT-SWAP,no_fresh_breakout,нет свежего пробоя Donchian на последней закрытой свече,rejected,2026-03-26 23:25:25,
False,нет свежего пробоя Donchian на последней закрытой свече,False,"{""score"": null, ""liquidity_score"": null, ""breakout_distance_atr"": null, ""freshness_score"": null}",ENTRY_CHECK,QTUM-USDT-SWAP,no_fresh_breakout,нет свежего пробоя Donchian на последней закрытой свече,rejected,2026-03-26 23:25:29,
False,нет свежего пробоя Donchian на последней закрытой свече,False,"{""score"": null, ""liquidity_score"": null, ""breakout_distance_atr"": null, ""freshness_score"": null}",ENTRY_CHECK,ROBO-USDT-SWAP,no_fresh_breakout,нет свежего пробоя Donchian на последней закрытой свече,rejected,2026-03-26 23:25:34,
False,ATR warmup: цена или ATR недоступны после прогрева,False,"{""score"": null, ""liquidity_score"": null, ""breakout_distance_atr"": null, ""freshness_score"": null}",ENTRY_CHECK,XSR-USDT-SWAP,atr_warmup:_цена_или_atr_недоступны_после_прогрева,ATR warmup: цена или ATR недоступны после прогрева,rejected,2026-03-26 23:25:59,
False,classic_turtle_breakout_long,True,"{""score"": null, ""liquidity_score"": 4.3287, ""breakout_distance_atr"": 0.9901, ""freshness_score"": 1.0001}",ENTRY_CHECK,XTZ-USDT-SWAP,classic_turtle_breakout_long,classic_turtle_breakout_long,candidate,2026-03-26 23:26:00,
False,classic_turtle_breakout_long,True,"{""score"": null, ""liquidity_score"": 4.3287, ""breakout_distance_atr"": 0.9901, ""freshness_score"": 1.0001}",ENTRY_RANK,XTZ-USDT-SWAP,classic_turtle_breakout_long,classic_turtle_breakout_long,ranked_candidate,2026-03-26 23:26:06,
True,entry_sent,True,"{""score"": null, ""liquidity_score"": null, ""breakout_distance_atr"": 0.9901, ""freshness_score"": null}",ENTRY_EXECUTION,XTZ-USDT-SWAP,unknown,,entry_sent,2026-03-26 23:26:07,
True,position_opened,True,"{""units"": null, ""last_price"": null, ""next_pyramid_price"": null, ""retry_after_sec"": null}",ENTRY_EXECUTION,XTZ-USDT-SWAP,unknown,,position_opened,2026-03-26 23:26:07,20260326_232607_XTZ-USDT-SWAP_long
True,pyramid_added,True,"{""units"": 4, ""last_price"": null, ""next_pyramid_price"": 0.0345299007564042, ""retry_after_sec"": null}",ADD_UNIT_CHECK,YGG-USDT-SWAP,unknown,,pyramid_added,2026-03-26 23:26:32,20260326_232245_YGG-USDT-SWAP_short
True,Новый пик open PnL,True,"{""price"": 0.0335, ""prev_stop_price"": null, ""stop_price"": 0.03379, ""peak_unrealized_pnl"": 153.77730000032835}",EXIT_CHECK,YGG-USDT-SWAP,unknown,Новый пик open PnL,PEAK_PNL,2026-03-26 23:26:32,20260326_232245_YGG-USDT-SWAP_short
True,Аварийное закрытие: market_already_crossed_stop,True,"{""units"": 3, ""last_price"": null, ""next_pyramid_price"": null, ""retry_after_sec"": null}",EXIT_CHECK,SUI-USDT-SWAP,аварийное_закрытие:_market_already_crossed_stop,Аварийное закрытие: market_already_crossed_stop,position_closed,2026-03-26 23:26:34,20260326_232246_SUI-USDT-SWAP_long
True,pyramid_added,True,"{""units"": 2, ""last_price"": null, ""next_pyramid_price"": 0.0342044379393526, ""retry_after_sec"": null}",ADD_UNIT_CHECK,YGG-USDT-SWAP,unknown,,pyramid_added,2026-03-26 23:29:47,20260326_232927_YGG-USDT-SWAP_short
False,нет свежего пробоя Donchian на последней закрытой свече,False,"{""score"": null, ""liquidity_score"": null, ""breakout_distance_atr"": null, ""freshness_score"": null}",ENTRY_CHECK,AAVE-USDT-SWAP,no_fresh_breakout,нет свежего пробоя Donchian на последней закрытой свече,rejected,2026-03-26 23:30:52,
False,нет свежего пробоя Donchian на последней закрытой свече,False,"{""score"": null, ""liquidity_score"": null, ""breakout_distance_atr"": null, ""freshness_score"": null}",ENTRY_CHECK,ALGO-USDT-SWAP,no_fresh_breakout,нет свежего пробоя Donchian на последней закрытой свече,rejected,2026-03-26 23:30:52,
False,нет свежего пробоя Donchian на последней закрытой свече,False,"{""score"": null, ""liquidity_score"": null, ""breakout_distance_atr"": null, ""freshness_score"": null}",ENTRY_CHECK,ASTER-USDT-SWAP,no_fresh_breakout,нет свежего пробоя Donchian на последней закрытой свече,rejected,2026-03-26 23:30:55,
False,нет свежего пробоя Donchian на последней закрытой свече,False,"{""score"": null, ""liquidity_score"": null, ""breakout_distance_atr"": null, ""freshness_score"": null}",ENTRY_CHECK,ATOM-USDT-SWAP,no_fresh_breakout,нет свежего пробоя Donchian на последней закрытой свече,rejected,2026-03-26 23:30:57,
False,нет свежего пробоя Donchian на последней закрытой свече,False,"{""score"": null, ""liquidity_score"": null, ""breakout_distance_atr"": null, ""freshness_score"": null}",ENTRY_CHECK,AUCTION-USDT-SWAP,no_fresh_breakout,нет свежего пробоя Donchian на последней закрытой свече,rejected,2026-03-26 23:30:58,
False,нет свежего пробоя Donchian на последней закрытой свече,False,"{""score"": null, ""liquidity_score"": null, ""breakout_distance_atr"": null, ""freshness_score"": null}",ENTRY_CHECK,ETH-USDT-SWAP,no_fresh_breakout,нет свежего пробоя Donchian на последней закрытой свече,rejected,2026-03-26 23:31:31,
False,нет свежего пробоя Donchian на последней закрытой свече,False,"{""score"": null, ""liquidity_score"": null, ""breakout_distance_atr"": null, ""freshness_score"": null}",ENTRY_CHECK,FIL-USDT-SWAP,no_fresh_breakout,нет свежего пробоя Donchian на последней закрытой свече,rejected,2026-03-26 23:31:36,
False,нет свежего пробоя Donchian на последней закрытой свече,False,"{""score"": null, ""liquidity_score"": null, ""breakout_distance_atr"": null, ""freshness_score"": null}",ENTRY_CHECK,KAITO-USDT-SWAP,no_fresh_breakout,нет свежего пробоя Donchian на последней закрытой свече,rejected,2026-03-26 23:31:51,
False,нет свежего пробоя Donchian на последней закрытой свече,False,"{""score"": null, ""liquidity_score"": null, ""breakout_distance_atr"": null, ""freshness_score"": null}",ENTRY_CHECK,KSM-USDT-SWAP,no_fresh_breakout,нет свежего пробоя Donchian на последней закрытой свече,rejected,2026-03-26 23:31:53,
False,нет свежего пробоя Donchian на последней закрытой свече,False,"{""score"": null, ""liquidity_score"": null, ""breakout_distance_atr"": null, ""freshness_score"": null}",ENTRY_CHECK,LDO-USDT-SWAP,no_fresh_breakout,нет свежего пробоя Donchian на последней закрытой свече,rejected,2026-03-26 23:31:54,
False,нет свежего пробоя Donchian на последней закрытой свече,False,"{""score"": null, ""liquidity_score"": null, ""breakout_distance_atr"": null, ""freshness_score"": null}",ENTRY_CHECK,LINK-USDT-SWAP,no_fresh_breakout,нет свежего пробоя Donchian на последней закрытой свече,rejected,2026-03-26 23:31:56,
False,нет свежего пробоя Donchian на последней закрытой свече,False,"{""score"": null, ""liquidity_score"": null, ""breakout_distance_atr"": null, ""freshness_score"": null}",ENTRY_CHECK,LRC-USDT-SWAP,no_fresh_breakout,нет свежего пробоя Donchian на последней закрытой свече,rejected,2026-03-26 23:32:01,
False,нет свежего пробоя Donchian на последней закрытой свече,False,"{""score"": null, ""liquidity_score"": null, ""breakout_distance_atr"": null, ""freshness_score"": null}",ENTRY_CHECK,MET-USDT-SWAP,no_fresh_breakout,нет свежего пробоя Donchian на последней закрытой свече,rejected,2026-03-26 23:32:08,
False,нет свежего пробоя Donchian на последней закрытой свече,False,"{""score"": null, ""liquidity_score"": null, ""breakout_distance_atr"": null, ""freshness_score"": null}",ENTRY_CHECK,NEAR-USDT-SWAP,no_fresh_breakout,нет свежего пробоя Donchian на последней закрытой свече,rejected,2026-03-26 23:32:12,
False,нет свежего пробоя Donchian на последней закрытой свече,False,"{""score"": null, ""liquidity_score"": null, ""breakout_distance_atr"": null, ""freshness_score"": null}",ENTRY_CHECK,NEO-USDT-SWAP,no_fresh_breakout,нет свежего пробоя Donchian на последней закрытой свече,rejected,2026-03-26 23:32:13,
False,нет свежего пробоя Donchian на последней закрытой свече,False,"{""score"": null, ""liquidity_score"": null, ""breakout_distance_atr"": null, ""freshness_score"": null}",ENTRY_CHECK,OP-USDT-SWAP,no_fresh_breakout,нет свежего пробоя Donchian на последней закрытой свече,rejected,2026-03-26 23:32:16,
False,classic_turtle_breakout_long,True,"{""score"": null, ""liquidity_score"": 28.4719, ""breakout_distance_atr"": 6.2069, ""freshness_score"": 6.2169}",ENTRY_CHECK,QTUM-USDT-SWAP,classic_turtle_breakout_long,classic_turtle_breakout_long,candidate,2026-03-26 23:32:20,
False,нет свежего пробоя Donchian на последней закрытой свече,False,"{""score"": null, ""liquidity_score"": null, ""breakout_distance_atr"": null, ""freshness_score"": null}",ENTRY_CHECK,ROBO-USDT-SWAP,no_fresh_breakout,нет свежего пробоя Donchian на последней закрытой свече,rejected,2026-03-26 23:32:24,
False,нет свежего пробоя Donchian на последней закрытой свече,False,"{""score"": null, ""liquidity_score"": null, ""breakout_distance_atr"": null, ""freshness_score"": null}",ENTRY_CHECK,SYRUP-USDT-SWAP,no_fresh_breakout,нет свежего пробоя Donchian на последней закрытой свече,rejected,2026-03-26 23:32:38,
False,нет свежего пробоя Donchian на последней закрытой свече,False,"{""score"": null, ""liquidity_score"": null, ""breakout_distance_atr"": null, ""freshness_score"": null}",ENTRY_CHECK,TON-USDT-SWAP,no_fresh_breakout,нет свежего пробоя Donchian на последней закрытой свече,rejected,2026-03-26 23:32:41,
False,classic_turtle_breakout_long,True,"{""score"": null, ""liquidity_score"": 28.4719, ""breakout_distance_atr"": 6.2069, ""freshness_score"": 6.2169}",ENTRY_RANK,QTUM-USDT-SWAP,classic_turtle_breakout_long,classic_turtle_breakout_long,ranked_candidate,2026-03-26 23:32:59,
True,position_opened,True,"{""units"": null, ""last_price"": null, ""next_pyramid_price"": null, ""retry_after_sec"": null}",ENTRY_EXECUTION,QTUM-USDT-SWAP,unknown,,position_opened,2026-03-26 23:33:01,20260326_233301_QTUM-USDT-SWAP_long
True,entry_sent,True,"{""score"": null, ""liquidity_score"": null, ""breakout_distance_atr"": 6.2069, ""freshness_score"": null}",ENTRY_EXECUTION,QTUM-USDT-SWAP,unknown,,entry_sent,2026-03-26 23:33:02,
True,Новый пик open PnL,True,"{""price"": 0.0319, ""prev_stop_price"": null, ""stop_price"": 0.03231, ""peak_unrealized_pnl"": 564.7081000008634}",EXIT_CHECK,YGG-USDT-SWAP,unknown,Новый пик open PnL,PEAK_PNL,2026-03-26 23:33:51,20260326_232927_YGG-USDT-SWAP_short
True,pyramid_added,True,"{""units"": 2, ""last_price"": null, ""next_pyramid_price"": 0.85275, ""retry_after_sec"": null}",ADD_UNIT_CHECK,QTUM-USDT-SWAP,unknown,,pyramid_added,2026-03-26 23:35:57,20260326_233301_QTUM-USDT-SWAP_long
False,нет свежего пробоя Donchian на последней закрытой свече,False,"{""score"": null, ""liquidity_score"": null, ""breakout_distance_atr"": null, ""freshness_score"": null}",ENTRY_CHECK,AAVE-USDT-SWAP,no_fresh_breakout,нет свежего пробоя Donchian на последней закрытой свече,rejected,2026-03-26 23:36:25,
False,нет свежего пробоя Donchian на последней закрытой свече,False,"{""score"": null, ""liquidity_score"": null, ""breakout_distance_atr"": null, ""freshness_score"": null}",ENTRY_CHECK,ALGO-USDT-SWAP,no_fresh_breakout,нет свежего пробоя Donchian на последней закрытой свече,rejected,2026-03-26 23:36:33,
False,нет свежего пробоя Donchian на последней закрытой свече,False,"{""score"": null, ""liquidity_score"": null, ""breakout_distance_atr"": null, ""freshness_score"": null}",ENTRY_CHECK,ASTER-USDT-SWAP,no_fresh_breakout,нет свежего пробоя Donchian на последней закрытой свече,rejected,2026-03-26 23:36:35,
False,нет свежего пробоя Donchian на последней закрытой свече,False,"{""score"": null, ""liquidity_score"": null, ""breakout_distance_atr"": null, ""freshness_score"": null}",ENTRY_CHECK,ATOM-USDT-SWAP,no_fresh_breakout,нет свежего пробоя Donchian на последней закрытой свече,rejected,2026-03-26 23:36:36,
False,нет свежего пробоя Donchian на последней закрытой свече,False,"{""score"": null, ""liquidity_score"": null, ""breakout_distance_atr"": null, ""freshness_score"": null}",ENTRY_CHECK,AUCTION-USDT-SWAP,no_fresh_breakout,нет свежего пробоя Donchian на последней закрытой свече,rejected,2026-03-26 23:36:36,
False,нет свежего пробоя Donchian на последней закрытой свече,False,"{""score"": null, ""liquidity_score"": null, ""breakout_distance_atr"": null, ""freshness_score"": null}",ENTRY_CHECK,BCH-USDT-SWAP,no_fresh_breakout,нет свежего пробоя Donchian на последней закрытой свече,rejected,2026-03-26 23:36:36,
False,нет свежего пробоя Donchian на последней закрытой свече,False,"{""score"": null, ""liquidity_score"": null, ""breakout_distance_atr"": null, ""freshness_score"": null}",ENTRY_CHECK,BTC-USDT-SWAP,no_fresh_breakout,нет свежего пробоя Donchian на последней закрытой свече,rejected,2026-03-26 23:36:42,
False,нет свежего пробоя Donchian на последней закрытой свече,False,"{""score"": null, ""liquidity_score"": null, ""breakout_distance_atr"": null, ""freshness_score"": null}",ENTRY_CHECK,CFX-USDT-SWAP,no_fresh_breakout,нет свежего пробоя Donchian на последней закрытой свече,rejected,2026-03-26 23:36:48,
False,закрытие не удержалось ниже канала,False,"{""score"": null, ""liquidity_score"": null, ""breakout_distance_atr"": null, ""freshness_score"": null}",ENTRY_CHECK,DOT-USDT-SWAP,закрытие_не_удержалось_ниже_канала,закрытие не удержалось ниже канала,rejected,2026-03-26 23:36:57,
False,закрытие не удержалось ниже канала,False,"{""score"": null, ""liquidity_score"": null, ""breakout_distance_atr"": null, ""freshness_score"": null}",ENTRY_CHECK,DOT-USDT-SWAP,закрытие_не_удержалось_ниже_канала,закрытие не удержалось ниже канала,rejected,2026-03-26 23:36:57,
False,нет свежего пробоя Donchian на последней закрытой свече,False,"{""score"": null, ""liquidity_score"": null, ""breakout_distance_atr"": null, ""freshness_score"": null}",ENTRY_CHECK,ETC-USDT-SWAP,no_fresh_breakout,нет свежего пробоя Donchian на последней закрытой свече,rejected,2026-03-26 23:37:02,
False,нет свежего пробоя Donchian на последней закрытой свече,False,"{""score"": null, ""liquidity_score"": null, ""breakout_distance_atr"": null, ""freshness_score"": null}",ENTRY_CHECK,FIL-USDT-SWAP,no_fresh_breakout,нет свежего пробоя Donchian на последней закрытой свече,rejected,2026-03-26 23:37:07,
False,нет свежего пробоя Donchian на последней закрытой свече,False,"{""score"": null, ""liquidity_score"": null, ""breakout_distance_atr"": null, ""freshness_score"": null}",ENTRY_CHECK,KSM-USDT-SWAP,no_fresh_breakout,нет свежего пробоя Donchian на последней закрытой свече,rejected,2026-03-26 23:37:23,
False,нет свежего пробоя Donchian на последней закрытой свече,False,"{""score"": null, ""liquidity_score"": null, ""breakout_distance_atr"": null, ""freshness_score"": null}",ENTRY_CHECK,LDO-USDT-SWAP,no_fresh_breakout,нет свежего пробоя Donchian на последней закрытой свече,rejected,2026-03-26 23:37:24,
False,нет свежего пробоя Donchian на последней закрытой свече,False,"{""score"": null, ""liquidity_score"": null, ""breakout_distance_atr"": null, ""freshness_score"": null}",ENTRY_CHECK,LINK-USDT-SWAP,no_fresh_breakout,нет свежего пробоя Donchian на последней закрытой свече,rejected,2026-03-26 23:37:27,
False,нет свежего пробоя Donchian на последней закрытой свече,False,"{""score"": null, ""liquidity_score"": null, ""breakout_distance_atr"": null, ""freshness_score"": null}",ENTRY_CHECK,LRC-USDT-SWAP,no_fresh_breakout,нет свежего пробоя Donchian на последней закрытой свече,rejected,2026-03-26 23:37:32,
False,нет свежего пробоя Donchian на последней закрытой свече,False,"{""score"": null, ""liquidity_score"": null, ""breakout_distance_atr"": null, ""freshness_score"": null}",ENTRY_CHECK,MET-USDT-SWAP,no_fresh_breakout,нет свежего пробоя Donchian на последней закрытой свече,rejected,2026-03-26 23:37:39,
False,нет свежего пробоя Donchian на последней закрытой свече,False,"{""score"": null, ""liquidity_score"": null, ""breakout_distance_atr"": null, ""freshness_score"": null}",ENTRY_CHECK,NEAR-USDT-SWAP,no_fresh_breakout,нет свежего пробоя Donchian на последней закрытой свече,rejected,2026-03-26 23:37:43,
False,нет свежего пробоя Donchian на последней закрытой свече,False,"{""score"": null, ""liquidity_score"": null, ""breakout_distance_atr"": null, ""freshness_score"": null}",ENTRY_CHECK,NEO-USDT-SWAP,no_fresh_breakout,нет свежего пробоя Donchian на последней закрытой свече,rejected,2026-03-26 23:37:45,
False,закрытие не удержалось выше канала,False,"{""score"": null, ""liquidity_score"": null, ""breakout_distance_atr"": null, ""freshness_score"": null}",ENTRY_CHECK,OP-USDT-SWAP,закрытие_не_удержалось_выше_канала,закрытие не удержалось выше канала,rejected,2026-03-26 23:37:48,
False,нет свежего пробоя Donchian на последней закрытой свече,False,"{""score"": null, ""liquidity_score"": null, ""breakout_distance_atr"": null, ""freshness_score"": null}",ENTRY_CHECK,TON-USDT-SWAP,no_fresh_breakout,нет свежего пробоя Donchian на последней закрытой свече,rejected,2026-03-26 23:38:13,
True,Новый пик open PnL,True,"{""price"": 0.0311, ""prev_stop_price"": null, ""stop_price"": 0.0353, ""peak_unrealized_pnl"": 929.5931000008637}",EXIT_CHECK,YGG-USDT-SWAP,unknown,Новый пик open PnL,PEAK_PNL,2026-03-26 23:39:05,20260326_232927_YGG-USDT-SWAP_short
False,нет свежего пробоя Donchian на последней закрытой свече,False,"{""score"": null, ""liquidity_score"": null, ""breakout_distance_atr"": null, ""freshness_score"": null}",ENTRY_CHECK,AAVE-USDT-SWAP,no_fresh_breakout,нет свежего пробоя Donchian на последней закрытой свече,rejected,2026-03-26 23:40:44,
False,нет свежего пробоя Donchian на последней закрытой свече,False,"{""score"": null, ""liquidity_score"": null, ""breakout_distance_atr"": null, ""freshness_score"": null}",ENTRY_CHECK,ALGO-USDT-SWAP,no_fresh_breakout,нет свежего пробоя Donchian на последней закрытой свече,rejected,2026-03-26 23:40:51,
False,нет свежего пробоя Donchian на последней закрытой свече,False,"{""score"": null, ""liquidity_score"": null, ""breakout_distance_atr"": null, ""freshness_score"": null}",ENTRY_CHECK,ASTER-USDT-SWAP,no_fresh_breakout,нет свежего пробоя Donchian на последней закрытой свече,rejected,2026-03-26 23:40:56,
False,нет свежего пробоя Donchian на последней закрытой свече,False,"{""score"": null, ""liquidity_score"": null, ""breakout_distance_atr"": null, ""freshness_score"": null}",ENTRY_CHECK,AUCTION-USDT-SWAP,no_fresh_breakout,нет свежего пробоя Donchian на последней закрытой свече,rejected,2026-03-26 23:40:59,
False,нет свежего пробоя Donchian на последней закрытой свече,False,"{""score"": null, ""liquidity_score"": null, ""breakout_distance_atr"": null, ""freshness_score"": null}",ENTRY_CHECK,BTC-USDT-SWAP,no_fresh_breakout,нет свежего пробоя Donchian на последней закрытой свече,rejected,2026-03-26 23:41:07,
False,нет свежего пробоя Donchian на последней закрытой свече,False,"{""score"": null, ""liquidity_score"": null, ""breakout_distance_atr"": null, ""freshness_score"": null}",ENTRY_CHECK,CFX-USDT-SWAP,no_fresh_breakout,нет свежего пробоя Donchian на последней закрытой свече,rejected,2026-03-26 23:41:07,
False,нет свежего пробоя Donchian на последней закрытой свече,False,"{""score"": null, ""liquidity_score"": null, ""breakout_distance_atr"": null, ""freshness_score"": null}",ENTRY_CHECK,COMP-USDT-SWAP,no_fresh_breakout,нет свежего пробоя Donchian на последней закрытой свече,rejected,2026-03-26 23:41:09,
False,нет свежего пробоя Donchian на последней закрытой свече,False,"{""score"": null, ""liquidity_score"": null, ""breakout_distance_atr"": null, ""freshness_score"": null}",ENTRY_CHECK,FIL-USDT-SWAP,no_fresh_breakout,нет свежего пробоя Donchian на последней закрытой свече,rejected,2026-03-26 23:41:23,
False,нет свежего пробоя Donchian на последней закрытой свече,False,"{""score"": null, ""liquidity_score"": null, ""breakout_distance_atr"": null, ""freshness_score"": null}",ENTRY_CHECK,KAITO-USDT-SWAP,no_fresh_breakout,нет свежего пробоя Donchian на последней закрытой свече,rejected,2026-03-26 23:41:39,
False,нет свежего пробоя Donchian на последней закрытой свече,False,"{""score"": null, ""liquidity_score"": null, ""breakout_distance_atr"": null, ""freshness_score"": null}",ENTRY_CHECK,KSM-USDT-SWAP,no_fresh_breakout,нет свежего пробоя Donchian на последней закрытой свече,rejected,2026-03-26 23:41:41,
False,нет свежего пробоя Donchian на последней закрытой свече,False,"{""score"": null, ""liquidity_score"": null, ""breakout_distance_atr"": null, ""freshness_score"": null}",ENTRY_CHECK,LDO-USDT-SWAP,no_fresh_breakout,нет свежего пробоя Donchian на последней закрытой свече,rejected,2026-03-26 23:41:42,
False,нет свежего пробоя Donchian на последней закрытой свече,False,"{""score"": null, ""liquidity_score"": null, ""breakout_distance_atr"": null, ""freshness_score"": null}",ENTRY_CHECK,LINK-USDT-SWAP,no_fresh_breakout,нет свежего пробоя Donchian на последней закрытой свече,rejected,2026-03-26 23:41:45,
False,нет свежего пробоя Donchian на последней закрытой свече,False,"{""score"": null, ""liquidity_score"": null, ""breakout_distance_atr"": null, ""freshness_score"": null}",ENTRY_CHECK,LIT-USDT-SWAP,no_fresh_breakout,нет свежего пробоя Donchian на последней закрытой свече,rejected,2026-03-26 23:41:46,
False,нет свежего пробоя Donchian на последней закрытой свече,False,"{""score"": null, ""liquidity_score"": null, ""breakout_distance_atr"": null, ""freshness_score"": null}",ENTRY_CHECK,LRC-USDT-SWAP,no_fresh_breakout,нет свежего пробоя Donchian на последней закрытой свече,rejected,2026-03-26 23:41:49,
False,нет свежего пробоя Donchian на последней закрытой свече,False,"{""score"": null, ""liquidity_score"": null, ""breakout_distance_atr"": null, ""freshness_score"": null}",ENTRY_CHECK,MET-USDT-SWAP,no_fresh_breakout,нет свежего пробоя Donchian на последней закрытой свече,rejected,2026-03-26 23:41:57,
False,нет свежего пробоя Donchian на последней закрытой свече,False,"{""score"": null, ""liquidity_score"": null, ""breakout_distance_atr"": null, ""freshness_score"": null}",ENTRY_CHECK,NEAR-USDT-SWAP,no_fresh_breakout,нет свежего пробоя Donchian на последней закрытой свече,rejected,2026-03-26 23:42:01,
False,classic_turtle_breakout_short,True,"{""score"": null, ""liquidity_score"": 0.0958, ""breakout_distance_atr"": 0.9322, ""freshness_score"": 0.9422}",ENTRY_CHECK,NEO-USDT-SWAP,classic_turtle_breakout_short,classic_turtle_breakout_short,candidate,2026-03-26 23:42:02,
False,classic_turtle_breakout_short,True,"{""score"": null, ""liquidity_score"": 0.0958, ""breakout_distance_atr"": 0.9322, ""freshness_score"": 0.9422}",ENTRY_CHECK,NEO-USDT-SWAP,classic_turtle_breakout_short,classic_turtle_breakout_short,candidate,2026-03-26 23:42:02,
False,нет свежего пробоя Donchian на последней закрытой свече,False,"{""score"": null, ""liquidity_score"": null, ""breakout_distance_atr"": null, ""freshness_score"": null}",ENTRY_CHECK,OP-USDT-SWAP,no_fresh_breakout,нет свежего пробоя Donchian на последней закрытой свече,rejected,2026-03-26 23:42:05,
False,нет свежего пробоя Donchian на последней закрытой свече,False,"{""score"": null, ""liquidity_score"": null, ""breakout_distance_atr"": null, ""freshness_score"": null}",ENTRY_CHECK,TON-USDT-SWAP,no_fresh_breakout,нет свежего пробоя Donchian на последней закрытой свече,rejected,2026-03-26 23:42:30,
False,нет свежего пробоя Donchian на последней закрытой свече,False,"{""score"": null, ""liquidity_score"": null, ""breakout_distance_atr"": null, ""freshness_score"": null}",ENTRY_CHECK,XSR-USDT-SWAP,no_fresh_breakout,нет свежего пробоя Donchian на последней закрытой свече,rejected,2026-03-26 23:42:41,
False,classic_turtle_breakout_short,True,"{""score"": null, ""liquidity_score"": 0.0958, ""breakout_distance_atr"": 0.9322, ""freshness_score"": 0.9422}",ENTRY_RANK,NEO-USDT-SWAP,classic_turtle_breakout_short,classic_turtle_breakout_short,ranked_candidate,2026-03-26 23:42:47,
False,classic_turtle_breakout_short,True,"{""score"": null, ""liquidity_score"": 0.0958, ""breakout_distance_atr"": 0.9322, ""freshness_score"": 0.9422}",ENTRY_RANK,NEO-USDT-SWAP,classic_turtle_breakout_short,classic_turtle_breakout_short,ranked_candidate,2026-03-26 23:42:47,
True,entry_sent,True,"{""score"": null, ""liquidity_score"": null, ""breakout_distance_atr"": 0.9322, ""freshness_score"": null}",ENTRY_EXECUTION,NEO-USDT-SWAP,unknown,,entry_sent,2026-03-26 23:42:50,
True,position_opened,True,"{""units"": null, ""last_price"": null, ""next_pyramid_price"": null, ""retry_after_sec"": null}",ENTRY_EXECUTION,NEO-USDT-SWAP,unknown,,position_opened,2026-03-26 23:42:50,20260326_234250_NEO-USDT-SWAP_short
True,ATR stop update,True,"{""price"": 0.851, ""prev_stop_price"": 0.836, ""stop_price"": 0.8489, ""peak_unrealized_pnl"": 9.017999999999674}",STOP_MOVE_CHECK,QTUM-USDT-SWAP,unknown,ATR stop update,TRAIL_UPDATE,2026-03-26 23:44:11,20260326_233301_QTUM-USDT-SWAP_long
False,нет свежего пробоя Donchian на последней закрытой свече,False,"{""score"": null, ""liquidity_score"": null, ""breakout_distance_atr"": null, ""freshness_score"": null}",ENTRY_CHECK,AAVE-USDT-SWAP,no_fresh_breakout,нет свежего пробоя Donchian на последней закрытой свече,rejected,2026-03-26 23:44:43,
False,нет свежего пробоя Donchian на последней закрытой свече,False,"{""score"": null, ""liquidity_score"": null, ""breakout_distance_atr"": null, ""freshness_score"": null}",ENTRY_CHECK,ALGO-USDT-SWAP,no_fresh_breakout,нет свежего пробоя Donchian на последней закрытой свече,rejected,2026-03-26 23:44:51,
False,нет свежего пробоя Donchian на последней закрытой свече,False,"{""score"": null, ""liquidity_score"": null, ""breakout_distance_atr"": null, ""freshness_score"": null}",ENTRY_CHECK,ASTER-USDT-SWAP,no_fresh_breakout,нет свежего пробоя Donchian на последней закрытой свече,rejected,2026-03-26 23:44:55,
False,нет свежего пробоя Donchian на последней закрытой свече,False,"{""score"": null, ""liquidity_score"": null, ""breakout_distance_atr"": null, ""freshness_score"": null}",ENTRY_CHECK,AUCTION-USDT-SWAP,no_fresh_breakout,нет свежего пробоя Donchian на последней закрытой свече,rejected,2026-03-26 23:44:58,
False,нет свежего пробоя Donchian на последней закрытой свече,False,"{""score"": null, ""liquidity_score"": null, ""breakout_distance_atr"": null, ""freshness_score"": null}",ENTRY_CHECK,BTC-USDT-SWAP,no_fresh_breakout,нет свежего пробоя Donchian на последней закрытой свече,rejected,2026-03-26 23:45:11,
False,нет свежего пробоя Donchian на последней закрытой свече,False,"{""score"": null, ""liquidity_score"": null, ""breakout_distance_atr"": null, ""freshness_score"": null}",ENTRY_CHECK,ETC-USDT-SWAP,no_fresh_breakout,нет свежего пробоя Donchian на последней закрытой свече,rejected,2026-03-26 23:45:20,
False,нет свежего пробоя Donchian на последней закрытой свече,False,"{""score"": null, ""liquidity_score"": null, ""breakout_distance_atr"": null, ""freshness_score"": null}",ENTRY_CHECK,FIL-USDT-SWAP,no_fresh_breakout,нет свежего пробоя Donchian на последней закрытой свече,rejected,2026-03-26 23:45:23,
False,нет свежего пробоя Donchian на последней закрытой свече,False,"{""score"": null, ""liquidity_score"": null, ""breakout_distance_atr"": null, ""freshness_score"": null}",ENTRY_CHECK,KSM-USDT-SWAP,no_fresh_breakout,нет свежего пробоя Donchian на последней закрытой свече,rejected,2026-03-26 23:45:41,
False,нет свежего пробоя Donchian на последней закрытой свече,False,"{""score"": null, ""liquidity_score"": null, ""breakout_distance_atr"": null, ""freshness_score"": null}",ENTRY_CHECK,LDO-USDT-SWAP,no_fresh_breakout,нет свежего пробоя Donchian на последней закрытой свече,rejected,2026-03-26 23:45:43,
False,нет свежего пробоя Donchian на последней закрытой свече,False,"{""score"": null, ""liquidity_score"": null, ""breakout_distance_atr"": null, ""freshness_score"": null}",ENTRY_CHECK,LINK-USDT-SWAP,no_fresh_breakout,нет свежего пробоя Donchian на последней закрытой свече,rejected,2026-03-26 23:45:45,
False,нет свежего пробоя Donchian на последней закрытой свече,False,"{""score"": null, ""liquidity_score"": null, ""breakout_distance_atr"": null, ""freshness_score"": null}",ENTRY_CHECK,LQTY-USDT-SWAP,no_fresh_breakout,нет свежего пробоя Donchian на последней закрытой свече,rejected,2026-03-26 23:45:48,
False,нет свежего пробоя Donchian на последней закрытой свече,False,"{""score"": null, ""liquidity_score"": null, ""breakout_distance_atr"": null, ""freshness_score"": null}",ENTRY_CHECK,LRC-USDT-SWAP,no_fresh_breakout,нет свежего пробоя Donchian на последней закрытой свече,rejected,2026-03-26 23:45:50,
False,нет свежего пробоя Donchian на последней закрытой свече,False,"{""score"": null, ""liquidity_score"": null, ""breakout_distance_atr"": null, ""freshness_score"": null}",ENTRY_CHECK,MET-USDT-SWAP,no_fresh_breakout,нет свежего пробоя Donchian на последней закрытой свече,rejected,2026-03-26 23:45:57,
False,нет свежего пробоя Donchian на последней закрытой свече,False,"{""score"": null, ""liquidity_score"": null, ""breakout_distance_atr"": null, ""freshness_score"": null}",ENTRY_CHECK,NEAR-USDT-SWAP,no_fresh_breakout,нет свежего пробоя Donchian на последней закрытой свече,rejected,2026-03-26 23:46:01,
False,нет свежего пробоя Donchian на последней закрытой свече,False,"{""score"": null, ""liquidity_score"": null, ""breakout_distance_atr"": null, ""freshness_score"": null}",ENTRY_CHECK,OP-USDT-SWAP,no_fresh_breakout,нет свежего пробоя Donchian на последней закрытой свече,rejected,2026-03-26 23:46:04,
False,нет свежего пробоя Donchian на последней закрытой свече,False,"{""score"": null, ""liquidity_score"": null, ""breakout_distance_atr"": null, ""freshness_score"": null}",ENTRY_CHECK,SYRUP-USDT-SWAP,no_fresh_breakout,нет свежего пробоя Donchian на последней закрытой свече,rejected,2026-03-26 23:46:24,
False,нет свежего пробоя Donchian на последней закрытой свече,False,"{""score"": null, ""liquidity_score"": null, ""breakout_distance_atr"": null, ""freshness_score"": null}",ENTRY_CHECK,TON-USDT-SWAP,no_fresh_breakout,нет свежего пробоя Donchian на последней закрытой свече,rejected,2026-03-26 23:46:27,
True,Новый пик open PnL,True,"{""price"": 0.0301, ""prev_stop_price"": null, ""stop_price"": 0.0353, ""peak_unrealized_pnl"": 1403.9436000008634}",EXIT_CHECK,YGG-USDT-SWAP,unknown,Новый пик open PnL,PEAK_PNL,2026-03-26 23:47:03,20260326_232927_YGG-USDT-SWAP_short
True,ATR stop update,True,"{""price"": 0.17356, ""prev_stop_price"": 0.1722020012790178, ""stop_price"": 0.1721520012790178, ""peak_unrealized_pnl"": 0.0}",STOP_MOVE_CHECK,XLM-USDT-SWAP,unknown,ATR stop update,TRAIL_UPDATE,2026-03-26 23:47:14,20260326_232928_XLM-USDT-SWAP_short
False,нет свежего пробоя Donchian на последней закрытой свече,False,"{""score"": null, ""liquidity_score"": null, ""breakout_distance_atr"": null, ""freshness_score"": null}",ENTRY_CHECK,AAVE-USDT-SWAP,no_fresh_breakout,нет свежего пробоя Donchian на последней закрытой свече,rejected,2026-03-26 23:48:25,
False,нет свежего пробоя Donchian на последней закрытой свече,False,"{""score"": null, ""liquidity_score"": null, ""breakout_distance_atr"": null, ""freshness_score"": null}",ENTRY_CHECK,ALGO-USDT-SWAP,no_fresh_breakout,нет свежего пробоя Donchian на последней закрытой свече,rejected,2026-03-26 23:48:32,
False,нет свежего пробоя Donchian на последней закрытой свече,False,"{""score"": null, ""liquidity_score"": null, ""breakout_distance_atr"": null, ""freshness_score"": null}",ENTRY_CHECK,ASTER-USDT-SWAP,no_fresh_breakout,нет свежего пробоя Donchian на последней закрытой свече,rejected,2026-03-26 23:48:37,
False,нет свежего пробоя Donchian на последней закрытой свече,False,"{""score"": null, ""liquidity_score"": null, ""breakout_distance_atr"": null, ""freshness_score"": null}",ENTRY_CHECK,AUCTION-USDT-SWAP,no_fresh_breakout,нет свежего пробоя Donchian на последней закрытой свече,rejected,2026-03-26 23:48:40,
False,нет свежего пробоя Donchian на последней закрытой свече,False,"{""score"": null, ""liquidity_score"": null, ""breakout_distance_atr"": null, ""freshness_score"": null}",ENTRY_CHECK,BTC-USDT-SWAP,no_fresh_breakout,нет свежего пробоя Donchian на последней закрытой свече,rejected,2026-03-26 23:48:54,
False,нет свежего пробоя Donchian на последней закрытой свече,False,"{""score"": null, ""liquidity_score"": null, ""breakout_distance_atr"": null, ""freshness_score"": null}",ENTRY_CHECK,CFX-USDT-SWAP,no_fresh_breakout,нет свежего пробоя Donchian на последней закрытой свече,rejected,2026-03-26 23:49:00,
False,нет свежего пробоя Donchian на последней закрытой свече,False,"{""score"": null, ""liquidity_score"": null, ""breakout_distance_atr"": null, ""freshness_score"": null}",ENTRY_CHECK,COMP-USDT-SWAP,no_fresh_breakout,нет свежего пробоя Donchian на последней закрытой свече,rejected,2026-03-26 23:49:05,
False,нет свежего пробоя Donchian на последней закрытой свече,False,"{""score"": null, ""liquidity_score"": null, ""breakout_distance_atr"": null, ""freshness_score"": null}",ENTRY_CHECK,FIL-USDT-SWAP,no_fresh_breakout,нет свежего пробоя Donchian на последней закрытой свече,rejected,2026-03-26 23:49:16,
False,нет свежего пробоя Donchian на последней закрытой свече,False,"{""score"": null, ""liquidity_score"": null, ""breakout_distance_atr"": null, ""freshness_score"": null}",ENTRY_CHECK,KSM-USDT-SWAP,no_fresh_breakout,нет свежего пробоя Donchian на последней закрытой свече,rejected,2026-03-26 23:49:21,
False,нет свежего пробоя Donchian на последней закрытой свече,False,"{""score"": null, ""liquidity_score"": null, ""breakout_distance_atr"": null, ""freshness_score"": null}",ENTRY_CHECK,LDO-USDT-SWAP,no_fresh_breakout,нет свежего пробоя Donchian на последней закрытой свече,rejected,2026-03-26 23:49:23,
False,нет свежего пробоя Donchian на последней закрытой свече,False,"{""score"": null, ""liquidity_score"": null, ""breakout_distance_atr"": null, ""freshness_score"": null}",ENTRY_CHECK,LINK-USDT-SWAP,no_fresh_breakout,нет свежего пробоя Donchian на последней закрытой свече,rejected,2026-03-26 23:49:25,
False,нет свежего пробоя Donchian на последней закрытой свече,False,"{""score"": null, ""liquidity_score"": null, ""breakout_distance_atr"": null, ""freshness_score"": null}",ENTRY_CHECK,LIT-USDT-SWAP,no_fresh_breakout,нет свежего пробоя Donchian на последней закрытой свече,rejected,2026-03-26 23:49:26,
False,нет свежего пробоя Donchian на последней закрытой свече,False,"{""score"": null, ""liquidity_score"": null, ""breakout_distance_atr"": null, ""freshness_score"": null}",ENTRY_CHECK,LRC-USDT-SWAP,no_fresh_breakout,нет свежего пробоя Donchian на последней закрытой свече,rejected,2026-03-26 23:49:29,
False,нет свежего пробоя Donchian на последней закрытой свече,False,"{""score"": null, ""liquidity_score"": null, ""breakout_distance_atr"": null, ""freshness_score"": null}",ENTRY_CHECK,MET-USDT-SWAP,no_fresh_breakout,нет свежего пробоя Donchian на последней закрытой свече,rejected,2026-03-26 23:49:36,
False,нет свежего пробоя Donchian на последней закрытой свече,False,"{""score"": null, ""liquidity_score"": null, ""breakout_distance_atr"": null, ""freshness_score"": null}",ENTRY_CHECK,NEAR-USDT-SWAP,no_fresh_breakout,нет свежего пробоя Donchian на последней закрытой свече,rejected,2026-03-26 23:49:40,
False,нет свежего пробоя Donchian на последней закрытой свече,False,"{""score"": null, ""liquidity_score"": null, ""breakout_distance_atr"": null, ""freshness_score"": null}",ENTRY_CHECK,OP-USDT-SWAP,no_fresh_breakout,нет свежего пробоя Donchian на последней закрытой свече,rejected,2026-03-26 23:49:43,
False,нет свежего пробоя Donchian на последней закрытой свече,False,"{""score"": null, ""liquidity_score"": null, ""breakout_distance_atr"": null, ""freshness_score"": null}",ENTRY_CHECK,SUI-USDT-SWAP,no_fresh_breakout,нет свежего пробоя Donchian на последней закрытой свече,rejected,2026-03-26 23:50:02,
False,нет свежего пробоя Donchian на последней закрытой свече,False,"{""score"": null, ""liquidity_score"": null, ""breakout_distance_atr"": null, ""freshness_score"": null}",ENTRY_CHECK,SYRUP-USDT-SWAP,no_fresh_breakout,нет свежего пробоя Donchian на последней закрытой свече,rejected,2026-03-26 23:50:05,
False,нет свежего пробоя Donchian на последней закрытой свече,False,"{""score"": null, ""liquidity_score"": null, ""breakout_distance_atr"": null, ""freshness_score"": null}",ENTRY_CHECK,TON-USDT-SWAP,no_fresh_breakout,нет свежего пробоя Donchian на последней закрытой свече,rejected,2026-03-26 23:50:07,
False,нет свежего пробоя Donchian на последней закрытой свече,False,"{""score"": null, ""liquidity_score"": null, ""breakout_distance_atr"": null, ""freshness_score"": null}",ENTRY_CHECK,XSR-USDT-SWAP,no_fresh_breakout,нет свежего пробоя Donchian на последней закрытой свече,rejected,2026-03-26 23:50:18,
True,Синхронизация: позиция отсутствует на бирже,True,"{""units"": 2, ""last_price"": null, ""next_pyramid_price"": null, ""retry_after_sec"": null}",EXIT_CHECK,QTUM-USDT-SWAP,синхронизация:_позиция_отсутствует_на_бирже,Синхронизация: позиция отсутствует на бирже,position_closed,2026-03-26 23:51:39,20260326_233301_QTUM-USDT-SWAP_long
True,ATR stop update,True,"{""price"": 2.781, ""prev_stop_price"": 3.445, ""stop_price"": 2.9869, ""peak_unrealized_pnl"": 0.0}",STOP_MOVE_CHECK,NEO-USDT-SWAP,unknown,ATR stop update,TRAIL_UPDATE,2026-03-26 23:51:44,20260326_234250_NEO-USDT-SWAP_short
False,нет свежего пробоя Donchian на последней закрытой свече,False,"{""score"": null, ""liquidity_score"": null, ""breakout_distance_atr"": null, ""freshness_score"": null}",ENTRY_CHECK,AAVE-USDT-SWAP,no_fresh_breakout,нет свежего пробоя Donchian на последней закрытой свече,rejected,2026-03-26 23:52:10,
False,нет свежего пробоя Donchian на последней закрытой свече,False,"{""score"": null, ""liquidity_score"": null, ""breakout_distance_atr"": null, ""freshness_score"": null}",ENTRY_CHECK,ALGO-USDT-SWAP,no_fresh_breakout,нет свежего пробоя Donchian на последней закрытой свече,rejected,2026-03-26 23:52:18,
False,нет свежего пробоя Donchian на последней закрытой свече,False,"{""score"": null, ""liquidity_score"": null, ""breakout_distance_atr"": null, ""freshness_score"": null}",ENTRY_CHECK,ASTER-USDT-SWAP,no_fresh_breakout,нет свежего пробоя Donchian на последней закрытой свече,rejected,2026-03-26 23:52:22,
False,нет свежего пробоя Donchian на последней закрытой свече,False,"{""score"": null, ""liquidity_score"": null, ""breakout_distance_atr"": null, ""freshness_score"": null}",ENTRY_CHECK,AUCTION-USDT-SWAP,no_fresh_breakout,нет свежего пробоя Donchian на последней закрытой свече,rejected,2026-03-26 23:52:24,
False,нет свежего пробоя Donchian на последней закрытой свече,False,"{""score"": null, ""liquidity_score"": null, ""breakout_distance_atr"": null, ""freshness_score"": null}",ENTRY_CHECK,BTC-USDT-SWAP,no_fresh_breakout,нет свежего пробоя Donchian на последней закрытой свече,rejected,2026-03-26 23:52:39,
False,нет свежего пробоя Donchian на последней закрытой свече,False,"{""score"": null, ""liquidity_score"": null, ""breakout_distance_atr"": null, ""freshness_score"": null}",ENTRY_CHECK,CFX-USDT-SWAP,no_fresh_breakout,нет свежего пробоя Donchian на последней закрытой свече,rejected,2026-03-26 23:52:45,
False,нет свежего пробоя Donchian на последней закрытой свече,False,"{""score"": null, ""liquidity_score"": null, ""breakout_distance_atr"": null, ""freshness_score"": null}",ENTRY_CHECK,ETC-USDT-SWAP,no_fresh_breakout,нет свежего пробоя Donchian на последней закрытой свече,rejected,2026-03-26 23:52:58,
False,нет свежего пробоя Donchian на последней закрытой свече,False,"{""score"": null, ""liquidity_score"": null, ""breakout_distance_atr"": null, ""freshness_score"": null}",ENTRY_CHECK,FIL-USDT-SWAP,no_fresh_breakout,нет свежего пробоя Donchian на последней закрытой свече,rejected,2026-03-26 23:53:03,
False,нет свежего пробоя Donchian на последней закрытой свече,False,"{""score"": null, ""liquidity_score"": null, ""breakout_distance_atr"": null, ""freshness_score"": null}",ENTRY_CHECK,KAITO-USDT-SWAP,no_fresh_breakout,нет свежего пробоя Donchian на последней закрытой свече,rejected,2026-03-26 23:53:14,
False,нет свежего пробоя Donchian на последней закрытой свече,False,"{""score"": null, ""liquidity_score"": null, ""breakout_distance_atr"": null, ""freshness_score"": null}",ENTRY_CHECK,KSM-USDT-SWAP,no_fresh_breakout,нет свежего пробоя Donchian на последней закрытой свече,rejected,2026-03-26 23:53:14,
False,нет свежего пробоя Donchian на последней закрытой свече,False,"{""score"": null, ""liquidity_score"": null, ""breakout_distance_atr"": null, ""freshness_score"": null}",ENTRY_CHECK,LDO-USDT-SWAP,no_fresh_breakout,нет свежего пробоя Donchian на последней закрытой свече,rejected,2026-03-26 23:53:15,
False,нет свежего пробоя Donchian на последней закрытой свече,False,"{""score"": null, ""liquidity_score"": null, ""breakout_distance_atr"": null, ""freshness_score"": null}",ENTRY_CHECK,LINK-USDT-SWAP,no_fresh_breakout,нет свежего пробоя Donchian на последней закрытой свече,rejected,2026-03-26 23:53:15,
False,classic_turtle_breakout_long,True,"{""score"": null, ""liquidity_score"": 15.8211, ""breakout_distance_atr"": 0.2105, ""freshness_score"": 0.2205}",ENTRY_CHECK,LQTY-USDT-SWAP,classic_turtle_breakout_long,classic_turtle_breakout_long,candidate,2026-03-26 23:53:17,
False,нет свежего пробоя Donchian на последней закрытой свече,False,"{""score"": null, ""liquidity_score"": null, ""breakout_distance_atr"": null, ""freshness_score"": null}",ENTRY_CHECK,LRC-USDT-SWAP,no_fresh_breakout,нет свежего пробоя Donchian на последней закрытой свече,rejected,2026-03-26 23:53:18,
False,нет свежего пробоя Donchian на последней закрытой свече,False,"{""score"": null, ""liquidity_score"": null, ""breakout_distance_atr"": null, ""freshness_score"": null}",ENTRY_CHECK,MET-USDT-SWAP,no_fresh_breakout,нет свежего пробоя Donchian на последней закрытой свече,rejected,2026-03-26 23:53:24,
False,нет свежего пробоя Donchian на последней закрытой свече,False,"{""score"": null, ""liquidity_score"": null, ""breakout_distance_atr"": null, ""freshness_score"": null}",ENTRY_CHECK,NEAR-USDT-SWAP,no_fresh_breakout,нет свежего пробоя Donchian на последней закрытой свече,rejected,2026-03-26 23:53:29,
False,нет свежего пробоя Donchian на последней закрытой свече,False,"{""score"": null, ""liquidity_score"": null, ""breakout_distance_atr"": null, ""freshness_score"": null}",ENTRY_CHECK,OP-USDT-SWAP,no_fresh_breakout,нет свежего пробоя Donchian на последней закрытой свече,rejected,2026-03-26 23:53:31,
False,нет свежего пробоя Donchian на последней закрытой свече,False,"{""score"": null, ""liquidity_score"": null, ""breakout_distance_atr"": null, ""freshness_score"": null}",ENTRY_CHECK,QTUM-USDT-SWAP,no_fresh_breakout,нет свежего пробоя Donchian на последней закрытой свече,rejected,2026-03-26 23:53:35,
False,нет свежего пробоя Donchian на последней закрытой свече,False,"{""score"": null, ""liquidity_score"": null, ""breakout_distance_atr"": null, ""freshness_score"": null}",ENTRY_CHECK,TON-USDT-SWAP,no_fresh_breakout,нет свежего пробоя Donchian на последней закрытой свече,rejected,2026-03-26 23:53:58,
False,нет свежего пробоя Donchian на последней закрытой свече,False,"{""score"": null, ""liquidity_score"": null, ""breakout_distance_atr"": null, ""freshness_score"": null}",ENTRY_CHECK,XSR-USDT-SWAP,no_fresh_breakout,нет свежего пробоя Donchian на последней закрытой свече,rejected,2026-03-26 23:54:08,
False,classic_turtle_breakout_long,True,"{""score"": null, ""liquidity_score"": 15.8211, ""breakout_distance_atr"": 0.2105, ""freshness_score"": 0.2205}",ENTRY_RANK,LQTY-USDT-SWAP,classic_turtle_breakout_long,classic_turtle_breakout_long,ranked_candidate,2026-03-26 23:54:15,
True,entry_sent,True,"{""score"": null, ""liquidity_score"": null, ""breakout_distance_atr"": 0.2105, ""freshness_score"": null}",ENTRY_EXECUTION,LQTY-USDT-SWAP,unknown,,entry_sent,2026-03-26 23:54:17,
True,position_opened,True,"{""units"": null, ""last_price"": null, ""next_pyramid_price"": null, ""retry_after_sec"": null}",ENTRY_EXECUTION,LQTY-USDT-SWAP,unknown,,position_opened,2026-03-26 23:54:17,20260326_235417_LQTY-USDT-SWAP_long
True,pyramid_added,True,"{""units"": 2, ""last_price"": null, ""next_pyramid_price"": 0.03379013308988, ""retry_after_sec"": null}",ADD_UNIT_CHECK,YGG-USDT-SWAP,unknown,,pyramid_added,2026-03-26 23:56:31,20260326_235555_YGG-USDT-SWAP_short
False,нет свежего пробоя Donchian на последней закрытой свече,False,"{""score"": null, ""liquidity_score"": null, ""breakout_distance_atr"": null, ""freshness_score"": null}",ENTRY_CHECK,AAVE-USDT-SWAP,no_fresh_breakout,нет свежего пробоя Donchian на последней закрытой свече,rejected,2026-03-26 23:57:38,
False,нет свежего пробоя Donchian на последней закрытой свече,False,"{""score"": null, ""liquidity_score"": null, ""breakout_distance_atr"": null, ""freshness_score"": null}",ENTRY_CHECK,ALGO-USDT-SWAP,no_fresh_breakout,нет свежего пробоя Donchian на последней закрытой свече,rejected,2026-03-26 23:57:38,
False,нет свежего пробоя Donchian на последней закрытой свече,False,"{""score"": null, ""liquidity_score"": null, ""breakout_distance_atr"": null, ""freshness_score"": null}",ENTRY_CHECK,ATOM-USDT-SWAP,no_fresh_breakout,нет свежего пробоя Donchian на последней закрытой свече,rejected,2026-03-26 23:57:43,
False,нет свежего пробоя Donchian на последней закрытой свече,False,"{""score"": null, ""liquidity_score"": null, ""breakout_distance_atr"": null, ""freshness_score"": null}",ENTRY_CHECK,AUCTION-USDT-SWAP,no_fresh_breakout,нет свежего пробоя Donchian на последней закрытой свече,rejected,2026-03-26 23:57:44,
False,нет свежего пробоя Donchian на последней закрытой свече,False,"{""score"": null, ""liquidity_score"": null, ""breakout_distance_atr"": null, ""freshness_score"": null}",ENTRY_CHECK,CFX-USDT-SWAP,no_fresh_breakout,нет свежего пробоя Donchian на последней закрытой свече,rejected,2026-03-26 23:58:05,
False,нет свежего пробоя Donchian на последней закрытой свече,False,"{""score"": null, ""liquidity_score"": null, ""breakout_distance_atr"": null, ""freshness_score"": null}",ENTRY_CHECK,COMP-USDT-SWAP,no_fresh_breakout,нет свежего пробоя Donchian на последней закрытой свече,rejected,2026-03-26 23:58:08,
False,нет свежего пробоя Donchian на последней закрытой свече,False,"{""score"": null, ""liquidity_score"": null, ""breakout_distance_atr"": null, ""freshness_score"": null}",ENTRY_CHECK,DOGE-USDT-SWAP,no_fresh_breakout,нет свежего пробоя Donchian на последней закрытой свече,rejected,2026-03-26 23:58:11,
False,нет свежего пробоя Donchian на последней закрытой свече,False,"{""score"": null, ""liquidity_score"": null, ""breakout_distance_atr"": null, ""freshness_score"": null}",ENTRY_CHECK,ETC-USDT-SWAP,no_fresh_breakout,нет свежего пробоя Donchian на последней закрытой свече,rejected,2026-03-26 23:58:17,
False,нет свежего пробоя Donchian на последней закрытой свече,False,"{""score"": null, ""liquidity_score"": null, ""breakout_distance_atr"": null, ""freshness_score"": null}",ENTRY_CHECK,FIL-USDT-SWAP,no_fresh_breakout,нет свежего пробоя Donchian на последней закрытой свече,rejected,2026-03-26 23:58:22,
False,нет свежего пробоя Donchian на последней закрытой свече,False,"{""score"": null, ""liquidity_score"": null, ""breakout_distance_atr"": null, ""freshness_score"": null}",ENTRY_CHECK,KAITO-USDT-SWAP,no_fresh_breakout,нет свежего пробоя Donchian на последней закрытой свече,rejected,2026-03-26 23:58:39,
False,нет свежего пробоя Donchian на последней закрытой свече,False,"{""score"": null, ""liquidity_score"": null, ""breakout_distance_atr"": null, ""freshness_score"": null}",ENTRY_CHECK,LDO-USDT-SWAP,no_fresh_breakout,нет свежего пробоя Donchian на последней закрытой свече,rejected,2026-03-26 23:58:41,
False,нет свежего пробоя Donchian на последней закрытой свече,False,"{""score"": null, ""liquidity_score"": null, ""breakout_distance_atr"": null, ""freshness_score"": null}",ENTRY_CHECK,LINK-USDT-SWAP,no_fresh_breakout,нет свежего пробоя Donchian на последней закрытой свече,rejected,2026-03-26 23:58:44,
False,нет свежего пробоя Donchian на последней закрытой свече,False,"{""score"": null, ""liquidity_score"": null, ""breakout_distance_atr"": null, ""freshness_score"": null}",ENTRY_CHECK,LRC-USDT-SWAP,no_fresh_breakout,нет свежего пробоя Donchian на последней закрытой свече,rejected,2026-03-26 23:58:47,
False,нет свежего пробоя Donchian на последней закрытой свече,False,"{""score"": null, ""liquidity_score"": null, ""breakout_distance_atr"": null, ""freshness_score"": null}",ENTRY_CHECK,MET-USDT-SWAP,no_fresh_breakout,нет свежего пробоя Donchian на последней закрытой свече,rejected,2026-03-26 23:58:55,
False,нет свежего пробоя Donchian на последней закрытой свече,False,"{""score"": null, ""liquidity_score"": null, ""breakout_distance_atr"": null, ""freshness_score"": null}",ENTRY_CHECK,NEAR-USDT-SWAP,no_fresh_breakout,нет свежего пробоя Donchian на последней закрытой свече,rejected,2026-03-26 23:58:59,
False,нет свежего пробоя Donchian на последней закрытой свече,False,"{""score"": null, ""liquidity_score"": null, ""breakout_distance_atr"": null, ""freshness_score"": null}",ENTRY_CHECK,OP-USDT-SWAP,no_fresh_breakout,нет свежего пробоя Donchian на последней закрытой свече,rejected,2026-03-26 23:59:01,
False,нет свежего пробоя Donchian на последней закрытой свече,False,"{""score"": null, ""liquidity_score"": null, ""breakout_distance_atr"": null, ""freshness_score"": null}",ENTRY_CHECK,QTUM-USDT-SWAP,no_fresh_breakout,нет свежего пробоя Donchian на последней закрытой свече,rejected,2026-03-26 23:59:05,
False,нет свежего пробоя Donchian на последней закрытой свече,False,"{""score"": null, ""liquidity_score"": null, ""breakout_distance_atr"": null, ""freshness_score"": null}",ENTRY_CHECK,SYRUP-USDT-SWAP,no_fresh_breakout,нет свежего пробоя Donchian на последней закрытой свече,rejected,2026-03-26 23:59:22,
False,нет свежего пробоя Donchian на последней закрытой свече,False,"{""score"": null, ""liquidity_score"": null, ""breakout_distance_atr"": null, ""freshness_score"": null}",ENTRY_CHECK,AAVE-USDT-SWAP,no_fresh_breakout,нет свежего пробоя Donchian на последней закрытой свече,rejected,2026-03-27 00:03:50,
False,нет свежего пробоя Donchian на последней закрытой свече,False,"{""score"": null, ""liquidity_score"": null, ""breakout_distance_atr"": null, ""freshness_score"": null}",ENTRY_CHECK,ALGO-USDT-SWAP,no_fresh_breakout,нет свежего пробоя Donchian на последней закрытой свече,rejected,2026-03-27 00:03:58,
False,нет свежего пробоя Donchian на последней закрытой свече,False,"{""score"": null, ""liquidity_score"": null, ""breakout_distance_atr"": null, ""freshness_score"": null}",ENTRY_CHECK,ASTER-USDT-SWAP,no_fresh_breakout,нет свежего пробоя Donchian на последней закрытой свече,rejected,2026-03-27 00:03:59,
False,нет свежего пробоя Donchian на последней закрытой свече,False,"{""score"": null, ""liquidity_score"": null, ""breakout_distance_atr"": null, ""freshness_score"": null}",ENTRY_CHECK,AUCTION-USDT-SWAP,no_fresh_breakout,нет свежего пробоя Donchian на последней закрытой свече,rejected,2026-03-27 00:04:00,
False,нет свежего пробоя Donchian на последней закрытой свече,False,"{""score"": null, ""liquidity_score"": null, ""breakout_distance_atr"": null, ""freshness_score"": null}",ENTRY_CHECK,BTC-USDT-SWAP,no_fresh_breakout,нет свежего пробоя Donchian на последней закрытой свече,rejected,2026-03-27 00:04:05,
False,нет свежего пробоя Donchian на последней закрытой свече,False,"{""score"": null, ""liquidity_score"": null, ""breakout_distance_atr"": null, ""freshness_score"": null}",ENTRY_CHECK,COMP-USDT-SWAP,no_fresh_breakout,нет свежего пробоя Donchian на последней закрытой свече,rejected,2026-03-27 00:04:13,
False,нет свежего пробоя Donchian на последней закрытой свече,False,"{""score"": null, ""liquidity_score"": null, ""breakout_distance_atr"": null, ""freshness_score"": null}",ENTRY_CHECK,DOGE-USDT-SWAP,no_fresh_breakout,нет свежего пробоя Donchian на последней закрытой свече,rejected,2026-03-27 00:04:15,
False,нет свежего пробоя Donchian на последней закрытой свече,False,"{""score"": null, ""liquidity_score"": null, ""breakout_distance_atr"": null, ""freshness_score"": null}",ENTRY_CHECK,KSM-USDT-SWAP,no_fresh_breakout,нет свежего пробоя Donchian на последней закрытой свече,rejected,2026-03-27 00:04:44,
False,нет свежего пробоя Donchian на последней закрытой свече,False,"{""score"": null, ""liquidity_score"": null, ""breakout_distance_atr"": null, ""freshness_score"": null}",ENTRY_CHECK,LDO-USDT-SWAP,no_fresh_breakout,нет свежего пробоя Donchian на последней закрытой свече,rejected,2026-03-27 00:04:45,
False,нет свежего пробоя Donchian на последней закрытой свече,False,"{""score"": null, ""liquidity_score"": null, ""breakout_distance_atr"": null, ""freshness_score"": null}",ENTRY_CHECK,LINK-USDT-SWAP,no_fresh_breakout,нет свежего пробоя Donchian на последней закрытой свече,rejected,2026-03-27 00:04:48,
False,нет свежего пробоя Donchian на последней закрытой свече,False,"{""score"": null, ""liquidity_score"": null, ""breakout_distance_atr"": null, ""freshness_score"": null}",ENTRY_CHECK,LRC-USDT-SWAP,no_fresh_breakout,нет свежего пробоя Donchian на последней закрытой свече,rejected,2026-03-27 00:04:51,
False,нет свежего пробоя Donchian на последней закрытой свече,False,"{""score"": null, ""liquidity_score"": null, ""breakout_distance_atr"": null, ""freshness_score"": null}",ENTRY_CHECK,MET-USDT-SWAP,no_fresh_breakout,нет свежего пробоя Donchian на последней закрытой свече,rejected,2026-03-27 00:04:58,
False,нет свежего пробоя Donchian на последней закрытой свече,False,"{""score"": null, ""liquidity_score"": null, ""breakout_distance_atr"": null, ""freshness_score"": null}",ENTRY_CHECK,NEAR-USDT-SWAP,no_fresh_breakout,нет свежего пробоя Donchian на последней закрытой свече,rejected,2026-03-27 00:05:03,
False,нет свежего пробоя Donchian на последней закрытой свече,False,"{""score"": null, ""liquidity_score"": null, ""breakout_distance_atr"": null, ""freshness_score"": null}",ENTRY_CHECK,OP-USDT-SWAP,no_fresh_breakout,нет свежего пробоя Donchian на последней закрытой свече,rejected,2026-03-27 00:05:05,
False,нет свежего пробоя Donchian на последней закрытой свече,False,"{""score"": null, ""liquidity_score"": null, ""breakout_distance_atr"": null, ""freshness_score"": null}",ENTRY_CHECK,QTUM-USDT-SWAP,no_fresh_breakout,нет свежего пробоя Donchian на последней закрытой свече,rejected,2026-03-27 00:05:09,
False,нет свежего пробоя Donchian на последней закрытой свече,False,"{""score"": null, ""liquidity_score"": null, ""breakout_distance_atr"": null, ""freshness_score"": null}",ENTRY_CHECK,SYRUP-USDT-SWAP,no_fresh_breakout,нет свежего пробоя Donchian на последней закрытой свече,rejected,2026-03-27 00:05:28,
True,ATR stop update,True,"{""price"": 2.128, ""prev_stop_price"": 2.1267983774302004, ""stop_price"": 2.1262983774302002, ""peak_unrealized_pnl"": 0.0}",STOP_MOVE_CHECK,LPT-USDT-SWAP,unknown,ATR stop update,TRAIL_UPDATE,2026-03-27 00:07:44,20260326_235557_LPT-USDT-SWAP_short
False,нет свежего пробоя Donchian на последней закрытой свече,False,"{""score"": null, ""liquidity_score"": null, ""breakout_distance_atr"": null, ""freshness_score"": null}",ENTRY_CHECK,AAVE-USDT-SWAP,no_fresh_breakout,нет свежего пробоя Donchian на последней закрытой свече,rejected,2026-03-27 00:08:09,
False,нет свежего пробоя Donchian на последней закрытой свече,False,"{""score"": null, ""liquidity_score"": null, ""breakout_distance_atr"": null, ""freshness_score"": null}",ENTRY_CHECK,ALGO-USDT-SWAP,no_fresh_breakout,нет свежего пробоя Donchian на последней закрытой свече,rejected,2026-03-27 00:08:16,
False,нет свежего пробоя Donchian на последней закрытой свече,False,"{""score"": null, ""liquidity_score"": null, ""breakout_distance_atr"": null, ""freshness_score"": null}",ENTRY_CHECK,ASTER-USDT-SWAP,no_fresh_breakout,нет свежего пробоя Donchian на последней закрытой свече,rejected,2026-03-27 00:08:20,
False,нет свежего пробоя Donchian на последней закрытой свече,False,"{""score"": null, ""liquidity_score"": null, ""breakout_distance_atr"": null, ""freshness_score"": null}",ENTRY_CHECK,ATOM-USDT-SWAP,no_fresh_breakout,нет свежего пробоя Donchian на последней закрытой свече,rejected,2026-03-27 00:08:21,
False,нет свежего пробоя Donchian на последней закрытой свече,False,"{""score"": null, ""liquidity_score"": null, ""breakout_distance_atr"": null, ""freshness_score"": null}",ENTRY_CHECK,AUCTION-USDT-SWAP,no_fresh_breakout,нет свежего пробоя Donchian на последней закрытой свече,rejected,2026-03-27 00:08:22,
False,нет свежего пробоя Donchian на последней закрытой свече,False,"{""score"": null, ""liquidity_score"": null, ""breakout_distance_atr"": null, ""freshness_score"": null}",ENTRY_CHECK,BTC-USDT-SWAP,no_fresh_breakout,нет свежего пробоя Donchian на последней закрытой свече,rejected,2026-03-27 00:08:31,
False,нет свежего пробоя Donchian на последней закрытой свече,False,"{""score"": null, ""liquidity_score"": null, ""breakout_distance_atr"": null, ""freshness_score"": null}",ENTRY_CHECK,CFX-USDT-SWAP,no_fresh_breakout,нет свежего пробоя Donchian на последней закрытой свече,rejected,2026-03-27 00:08:32,
False,нет свежего пробоя Donchian на последней закрытой свече,False,"{""score"": null, ""liquidity_score"": null, ""breakout_distance_atr"": null, ""freshness_score"": null}",ENTRY_CHECK,DOGE-USDT-SWAP,no_fresh_breakout,нет свежего пробоя Donchian на последней закрытой свече,rejected,2026-03-27 00:08:36,
False,нет свежего пробоя Donchian на последней закрытой свече,False,"{""score"": null, ""liquidity_score"": null, ""breakout_distance_atr"": null, ""freshness_score"": null}",ENTRY_CHECK,KSM-USDT-SWAP,no_fresh_breakout,нет свежего пробоя Donchian на последней закрытой свече,rejected,2026-03-27 00:09:04,
False,нет свежего пробоя Donchian на последней закрытой свече,False,"{""score"": null, ""liquidity_score"": null, ""breakout_distance_atr"": null, ""freshness_score"": null}",ENTRY_CHECK,LDO-USDT-SWAP,no_fresh_breakout,нет свежего пробоя Donchian на последней закрытой свече,rejected,2026-03-27 00:09:06,
False,нет свежего пробоя Donchian на последней закрытой свече,False,"{""score"": null, ""liquidity_score"": null, ""breakout_distance_atr"": null, ""freshness_score"": null}",ENTRY_CHECK,LINK-USDT-SWAP,no_fresh_breakout,нет свежего пробоя Donchian на последней закрытой свече,rejected,2026-03-27 00:09:09,
False,нет свежего пробоя Donchian на последней закрытой свече,False,"{""score"": null, ""liquidity_score"": null, ""breakout_distance_atr"": null, ""freshness_score"": null}",ENTRY_CHECK,LIT-USDT-SWAP,no_fresh_breakout,нет свежего пробоя Donchian на последней закрытой свече,rejected,2026-03-27 00:09:10,
False,нет свежего пробоя Donchian на последней закрытой свече,False,"{""score"": null, ""liquidity_score"": null, ""breakout_distance_atr"": null, ""freshness_score"": null}",ENTRY_CHECK,LRC-USDT-SWAP,no_fresh_breakout,нет свежего пробоя Donchian на последней закрытой свече,rejected,2026-03-27 00:09:11,
False,нет свежего пробоя Donchian на последней закрытой свече,False,"{""score"": null, ""liquidity_score"": null, ""breakout_distance_atr"": null, ""freshness_score"": null}",ENTRY_CHECK,MET-USDT-SWAP,no_fresh_breakout,нет свежего пробоя Donchian на последней закрытой свече,rejected,2026-03-27 00:09:19,
False,нет свежего пробоя Donchian на последней закрытой свече,False,"{""score"": null, ""liquidity_score"": null, ""breakout_distance_atr"": null, ""freshness_score"": null}",ENTRY_CHECK,NEAR-USDT-SWAP,no_fresh_breakout,нет свежего пробоя Donchian на последней закрытой свече,rejected,2026-03-27 00:09:23,
False,нет свежего пробоя Donchian на последней закрытой свече,False,"{""score"": null, ""liquidity_score"": null, ""breakout_distance_atr"": null, ""freshness_score"": null}",ENTRY_CHECK,OP-USDT-SWAP,no_fresh_breakout,нет свежего пробоя Donchian на последней закрытой свече,rejected,2026-03-27 00:09:26,
False,нет свежего пробоя Donchian на последней закрытой свече,False,"{""score"": null, ""liquidity_score"": null, ""breakout_distance_atr"": null, ""freshness_score"": null}",ENTRY_CHECK,QTUM-USDT-SWAP,no_fresh_breakout,нет свежего пробоя Donchian на последней закрытой свече,rejected,2026-03-27 00:09:30,
False,нет свежего пробоя Donchian на последней закрытой свече,False,"{""score"": null, ""liquidity_score"": null, ""breakout_distance_atr"": null, ""freshness_score"": null}",ENTRY_CHECK,SYRUP-USDT-SWAP,no_fresh_breakout,нет свежего пробоя Donchian на последней закрытой свече,rejected,2026-03-27 00:09:49,
True,ATR stop update,True,"{""price"": 2.781, ""prev_stop_price"": 2.9813, ""stop_price"": 2.9659, ""peak_unrealized_pnl"": 0.0}",STOP_MOVE_CHECK,NEO-USDT-SWAP,unknown,ATR stop update,TRAIL_UPDATE,2026-03-27 00:10:29,20260326_235554_NEO-USDT-SWAP_short
True,TURTLE stop update,True,"{""price"": 0.03, ""prev_stop_price"": 0.0351, ""stop_price"": 0.0342, ""peak_unrealized_pnl"": 1440.55130000096}",STOP_MOVE_CHECK,YGG-USDT-SWAP,unknown,TURTLE stop update,TRAIL_UPDATE,2026-03-27 00:10:48,20260326_235555_YGG-USDT-SWAP_short
True,ATR stop update,True,"{""price"": 86.39, ""prev_stop_price"": 86.114, ""stop_price"": 86.083, ""peak_unrealized_pnl"": 0.0}",STOP_MOVE_CHECK,SOL-USDT-SWAP,unknown,ATR stop update,TRAIL_UPDATE,2026-03-27 00:11:16,20260326_235556_SOL-USDT-SWAP_short
False,нет свежего пробоя Donchian на последней закрытой свече,False,"{""score"": null, ""liquidity_score"": null, ""breakout_distance_atr"": null, ""freshness_score"": null}",ENTRY_CHECK,AAVE-USDT-SWAP,no_fresh_breakout,нет свежего пробоя Donchian на последней закрытой свече,rejected,2026-03-27 00:12:00,
False,нет свежего пробоя Donchian на последней закрытой свече,False,"{""score"": null, ""liquidity_score"": null, ""breakout_distance_atr"": null, ""freshness_score"": null}",ENTRY_CHECK,ALGO-USDT-SWAP,no_fresh_breakout,нет свежего пробоя Donchian на последней закрытой свече,rejected,2026-03-27 00:12:07,
False,нет свежего пробоя Donchian на последней закрытой свече,False,"{""score"": null, ""liquidity_score"": null, ""breakout_distance_atr"": null, ""freshness_score"": null}",ENTRY_CHECK,ASTER-USDT-SWAP,no_fresh_breakout,нет свежего пробоя Donchian на последней закрытой свече,rejected,2026-03-27 00:12:11,
False,нет свежего пробоя Donchian на последней закрытой свече,False,"{""score"": null, ""liquidity_score"": null, ""breakout_distance_atr"": null, ""freshness_score"": null}",ENTRY_CHECK,ATOM-USDT-SWAP,no_fresh_breakout,нет свежего пробоя Donchian на последней закрытой свече,rejected,2026-03-27 00:12:12,
False,нет свежего пробоя Donchian на последней закрытой свече,False,"{""score"": null, ""liquidity_score"": null, ""breakout_distance_atr"": null, ""freshness_score"": null}",ENTRY_CHECK,AUCTION-USDT-SWAP,no_fresh_breakout,нет свежего пробоя Donchian на последней закрытой свече,rejected,2026-03-27 00:12:14,
False,нет свежего пробоя Donchian на последней закрытой свече,False,"{""score"": null, ""liquidity_score"": null, ""breakout_distance_atr"": null, ""freshness_score"": null}",ENTRY_CHECK,BTC-USDT-SWAP,no_fresh_breakout,нет свежего пробоя Donchian на последней закрытой свече,rejected,2026-03-27 00:12:29,
False,нет свежего пробоя Donchian на последней закрытой свече,False,"{""score"": null, ""liquidity_score"": null, ""breakout_distance_atr"": null, ""freshness_score"": null}",ENTRY_CHECK,COMP-USDT-SWAP,no_fresh_breakout,нет свежего пробоя Donchian на последней закрытой свече,rejected,2026-03-27 00:12:37,
False,нет свежего пробоя Donchian на последней закрытой свече,False,"{""score"": null, ""liquidity_score"": null, ""breakout_distance_atr"": null, ""freshness_score"": null}",ENTRY_CHECK,DOGE-USDT-SWAP,no_fresh_breakout,нет свежего пробоя Donchian на последней закрытой свече,rejected,2026-03-27 00:12:38,
False,нет свежего пробоя Donchian на последней закрытой свече,False,"{""score"": null, ""liquidity_score"": null, ""breakout_distance_atr"": null, ""freshness_score"": null}",ENTRY_CHECK,ICP-USDT-SWAP,no_fresh_breakout,нет свежего пробоя Donchian на последней закрытой свече,rejected,2026-03-27 00:12:51,
False,нет свежего пробоя Donchian на последней закрытой свече,False,"{""score"": null, ""liquidity_score"": null, ""breakout_distance_atr"": null, ""freshness_score"": null}",ENTRY_CHECK,KSM-USDT-SWAP,no_fresh_breakout,нет свежего пробоя Donchian на последней закрытой свече,rejected,2026-03-27 00:12:57,
False,нет свежего пробоя Donchian на последней закрытой свече,False,"{""score"": null, ""liquidity_score"": null, ""breakout_distance_atr"": null, ""freshness_score"": null}",ENTRY_CHECK,LDO-USDT-SWAP,no_fresh_breakout,нет свежего пробоя Donchian на последней закрытой свече,rejected,2026-03-27 00:12:59,
False,нет свежего пробоя Donchian на последней закрытой свече,False,"{""score"": null, ""liquidity_score"": null, ""breakout_distance_atr"": null, ""freshness_score"": null}",ENTRY_CHECK,LINK-USDT-SWAP,no_fresh_breakout,нет свежего пробоя Donchian на последней закрытой свече,rejected,2026-03-27 00:13:02,
False,нет свежего пробоя Donchian на последней закрытой свече,False,"{""score"": null, ""liquidity_score"": null, ""breakout_distance_atr"": null, ""freshness_score"": null}",ENTRY_CHECK,LRC-USDT-SWAP,no_fresh_breakout,нет свежего пробоя Donchian на последней закрытой свече,rejected,2026-03-27 00:13:04,
False,нет свежего пробоя Donchian на последней закрытой свече,False,"{""score"": null, ""liquidity_score"": null, ""breakout_distance_atr"": null, ""freshness_score"": null}",ENTRY_CHECK,MET-USDT-SWAP,no_fresh_breakout,нет свежего пробоя Donchian на последней закрытой свече,rejected,2026-03-27 00:13:11,
False,нет свежего пробоя Donchian на последней закрытой свече,False,"{""score"": null, ""liquidity_score"": null, ""breakout_distance_atr"": null, ""freshness_score"": null}",ENTRY_CHECK,NEAR-USDT-SWAP,no_fresh_breakout,нет свежего пробоя Donchian на последней закрытой свече,rejected,2026-03-27 00:13:15,
False,нет свежего пробоя Donchian на последней закрытой свече,False,"{""score"": null, ""liquidity_score"": null, ""breakout_distance_atr"": null, ""freshness_score"": null}",ENTRY_CHECK,OP-USDT-SWAP,no_fresh_breakout,нет свежего пробоя Donchian на последней закрытой свече,rejected,2026-03-27 00:13:18,
False,нет свежего пробоя Donchian на последней закрытой свече,False,"{""score"": null, ""liquidity_score"": null, ""breakout_distance_atr"": null, ""freshness_score"": null}",ENTRY_CHECK,QTUM-USDT-SWAP,no_fresh_breakout,нет свежего пробоя Donchian на последней закрытой свече,rejected,2026-03-27 00:13:22,
False,нет свежего пробоя Donchian на последней закрытой свече,False,"{""score"": null, ""liquidity_score"": null, ""breakout_distance_atr"": null, ""freshness_score"": null}",ENTRY_CHECK,SYRUP-USDT-SWAP,no_fresh_breakout,нет свежего пробоя Donchian на последней закрытой свече,rejected,2026-03-27 00:13:41,
True,ATR stop update,True,"{""price"": 2.939, ""prev_stop_price"": 2.93674699045247, ""stop_price"": 2.93614699045247, ""peak_unrealized_pnl"": 0.0}",STOP_MOVE_CHECK,INJ-USDT-SWAP,unknown,ATR stop update,TRAIL_UPDATE,2026-03-27 00:15:14,20260326_235556_INJ-USDT-SWAP_short
False,нет свежего пробоя Donchian на последней закрытой свече,False,"{""score"": null, ""liquidity_score"": null, ""breakout_distance_atr"": null, ""freshness_score"": null}",ENTRY_CHECK,AAVE-USDT-SWAP,no_fresh_breakout,нет свежего пробоя Donchian на последней закрытой свече,rejected,2026-03-27 00:15:50,
False,закрытие не удержалось выше канала,False,"{""score"": null, ""liquidity_score"": null, ""breakout_distance_atr"": null, ""freshness_score"": null}",ENTRY_CHECK,ACT-USDT-SWAP,закрытие_не_удержалось_выше_канала,закрытие не удержалось выше канала,rejected,2026-03-27 00:15:52,
False,нет свежего пробоя Donchian на последней закрытой свече,False,"{""score"": null, ""liquidity_score"": null, ""breakout_distance_atr"": null, ""freshness_score"": null}",ENTRY_CHECK,ALGO-USDT-SWAP,no_fresh_breakout,нет свежего пробоя Donchian на последней закрытой свече,rejected,2026-03-27 00:15:58,
False,нет свежего пробоя Donchian на последней закрытой свече,False,"{""score"": null, ""liquidity_score"": null, ""breakout_distance_atr"": null, ""freshness_score"": null}",ENTRY_CHECK,ASTER-USDT-SWAP,no_fresh_breakout,нет свежего пробоя Donchian на последней закрытой свече,rejected,2026-03-27 00:16:02,
False,нет свежего пробоя Donchian на последней закрытой свече,False,"{""score"": null, ""liquidity_score"": null, ""breakout_distance_atr"": null, ""freshness_score"": null}",ENTRY_CHECK,AXS-USDT-SWAP,no_fresh_breakout,нет свежего пробоя Donchian на последней закрытой свече,rejected,2026-03-27 00:16:07,
False,нет свежего пробоя Donchian на последней закрытой свече,False,"{""score"": null, ""liquidity_score"": null, ""breakout_distance_atr"": null, ""freshness_score"": null}",ENTRY_CHECK,COMP-USDT-SWAP,no_fresh_breakout,нет свежего пробоя Donchian на последней закрытой свече,rejected,2026-03-27 00:16:28,
False,нет свежего пробоя Donchian на последней закрытой свече,False,"{""score"": null, ""liquidity_score"": null, ""breakout_distance_atr"": null, ""freshness_score"": null}",ENTRY_CHECK,DOGE-USDT-SWAP,no_fresh_breakout,нет свежего пробоя Donchian на последней закрытой свече,rejected,2026-03-27 00:16:31,
False,нет свежего пробоя Donchian на последней закрытой свече,False,"{""score"": null, ""liquidity_score"": null, ""breakout_distance_atr"": null, ""freshness_score"": null}",ENTRY_CHECK,KAITO-USDT-SWAP,no_fresh_breakout,нет свежего пробоя Donchian на последней закрытой свече,rejected,2026-03-27 00:16:44,
False,нет свежего пробоя Donchian на последней закрытой свече,False,"{""score"": null, ""liquidity_score"": null, ""breakout_distance_atr"": null, ""freshness_score"": null}",ENTRY_CHECK,KSM-USDT-SWAP,no_fresh_breakout,нет свежего пробоя Donchian на последней закрытой свече,rejected,2026-03-27 00:16:45,
False,нет свежего пробоя Donchian на последней закрытой свече,False,"{""score"": null, ""liquidity_score"": null, ""breakout_distance_atr"": null, ""freshness_score"": null}",ENTRY_CHECK,LDO-USDT-SWAP,no_fresh_breakout,нет свежего пробоя Donchian на последней закрытой свече,rejected,2026-03-27 00:16:47,
False,нет свежего пробоя Donchian на последней закрытой свече,False,"{""score"": null, ""liquidity_score"": null, ""breakout_distance_atr"": null, ""freshness_score"": null}",ENTRY_CHECK,LRC-USDT-SWAP,no_fresh_breakout,нет свежего пробоя Donchian на последней закрытой свече,rejected,2026-03-27 00:16:52,
False,нет свежего пробоя Donchian на последней закрытой свече,False,"{""score"": null, ""liquidity_score"": null, ""breakout_distance_atr"": null, ""freshness_score"": null}",ENTRY_CHECK,MET-USDT-SWAP,no_fresh_breakout,нет свежего пробоя Donchian на последней закрытой свече,rejected,2026-03-27 00:17:00,
False,нет свежего пробоя Donchian на последней закрытой свече,False,"{""score"": null, ""liquidity_score"": null, ""breakout_distance_atr"": null, ""freshness_score"": null}",ENTRY_CHECK,NEAR-USDT-SWAP,no_fresh_breakout,нет свежего пробоя Donchian на последней закрытой свече,rejected,2026-03-27 00:17:04,
False,нет свежего пробоя Donchian на последней закрытой свече,False,"{""score"": null, ""liquidity_score"": null, ""breakout_distance_atr"": null, ""freshness_score"": null}",ENTRY_CHECK,OP-USDT-SWAP,no_fresh_breakout,нет свежего пробоя Donchian на последней закрытой свече,rejected,2026-03-27 00:17:06,
False,нет свежего пробоя Donchian на последней закрытой свече,False,"{""score"": null, ""liquidity_score"": null, ""breakout_distance_atr"": null, ""freshness_score"": null}",ENTRY_CHECK,QTUM-USDT-SWAP,no_fresh_breakout,нет свежего пробоя Donchian на последней закрытой свече,rejected,2026-03-27 00:17:11,
False,нет свежего пробоя Donchian на последней закрытой свече,False,"{""score"": null, ""liquidity_score"": null, ""breakout_distance_atr"": null, ""freshness_score"": null}",ENTRY_CHECK,SYRUP-USDT-SWAP,no_fresh_breakout,нет свежего пробоя Donchian на последней закрытой свече,rejected,2026-03-27 00:17:30,
True,ATR stop update,True,"{""price"": 0.2734, ""prev_stop_price"": 0.27198, ""stop_price"": 0.27209, ""peak_unrealized_pnl"": 4.630100000000004}",STOP_MOVE_CHECK,LQTY-USDT-SWAP,unknown,ATR stop update,TRAIL_UPDATE,2026-03-27 00:18:00,20260326_235554_LQTY-USDT-SWAP_long
True,pyramid_added,True,"{""units"": 2, ""last_price"": null, ""next_pyramid_price"": 0.2733275, ""retry_after_sec"": null}",ADD_UNIT_CHECK,LQTY-USDT-SWAP,unknown,,pyramid_added,2026-03-27 00:18:01,20260326_235554_LQTY-USDT-SWAP_long
True,ATR stop update,True,"{""price"": 2.781, ""prev_stop_price"": 2.9659, ""stop_price"": 2.9565, ""peak_unrealized_pnl"": 0.0}",STOP_MOVE_CHECK,NEO-USDT-SWAP,unknown,ATR stop update,TRAIL_UPDATE,2026-03-27 00:18:14,20260326_235554_NEO-USDT-SWAP_short
True,ATR stop update,True,"{""price"": 0.3716, ""prev_stop_price"": 0.37142222732491403, ""stop_price"": 0.371612227324914, ""peak_unrealized_pnl"": 0.0}",STOP_MOVE_CHECK,XTZ-USDT-SWAP,unknown,ATR stop update,TRAIL_UPDATE,2026-03-27 00:18:24,20260326_235554_XTZ-USDT-SWAP_long
True,TURTLE stop update,True,"{""price"": 0.03, ""prev_stop_price"": 0.0342, ""stop_price"": 0.0337, ""peak_unrealized_pnl"": 1440.55130000096}",STOP_MOVE_CHECK,YGG-USDT-SWAP,unknown,TURTLE stop update,TRAIL_UPDATE,2026-03-27 00:18:35,20260326_235555_YGG-USDT-SWAP_short
False,нет свежего пробоя Donchian на последней закрытой свече,False,"{""score"": null, ""liquidity_score"": null, ""breakout_distance_atr"": null, ""freshness_score"": null}",ENTRY_CHECK,AAVE-USDT-SWAP,no_fresh_breakout,нет свежего пробоя Donchian на последней закрытой свече,rejected,2026-03-27 00:19:45,
False,закрытие не удержалось выше канала,False,"{""score"": null, ""liquidity_score"": null, ""breakout_distance_atr"": null, ""freshness_score"": null}",ENTRY_CHECK,ACT-USDT-SWAP,закрытие_не_удержалось_выше_канала,закрытие не удержалось выше канала,rejected,2026-03-27 00:19:46,
False,нет свежего пробоя Donchian на последней закрытой свече,False,"{""score"": null, ""liquidity_score"": null, ""breakout_distance_atr"": null, ""freshness_score"": null}",ENTRY_CHECK,ALGO-USDT-SWAP,no_fresh_breakout,нет свежего пробоя Donchian на последней закрытой свече,rejected,2026-03-27 00:19:53,
False,нет свежего пробоя Donchian на последней закрытой свече,False,"{""score"": null, ""liquidity_score"": null, ""breakout_distance_atr"": null, ""freshness_score"": null}",ENTRY_CHECK,ATOM-USDT-SWAP,no_fresh_breakout,нет свежего пробоя Donchian на последней закрытой свече,rejected,2026-03-27 00:19:59,
False,нет свежего пробоя Donchian на последней закрытой свече,False,"{""score"": null, ""liquidity_score"": null, ""breakout_distance_atr"": null, ""freshness_score"": null}",ENTRY_CHECK,AUCTION-USDT-SWAP,no_fresh_breakout,нет свежего пробоя Donchian на последней закрытой свече,rejected,2026-03-27 00:20:00,
False,нет свежего пробоя Donchian на последней закрытой свече,False,"{""score"": null, ""liquidity_score"": null, ""breakout_distance_atr"": null, ""freshness_score"": null}",ENTRY_CHECK,AXS-USDT-SWAP,no_fresh_breakout,нет свежего пробоя Donchian на последней закрытой свече,rejected,2026-03-27 00:20:02,
False,нет свежего пробоя Donchian на последней закрытой свече,False,"{""score"": null, ""liquidity_score"": null, ""breakout_distance_atr"": null, ""freshness_score"": null}",ENTRY_CHECK,BTC-USDT-SWAP,no_fresh_breakout,нет свежего пробоя Donchian на последней закрытой свече,rejected,2026-03-27 00:20:13,
False,закрытие не удержалось выше канала,False,"{""score"": null, ""liquidity_score"": null, ""breakout_distance_atr"": null, ""freshness_score"": null}",ENTRY_CHECK,DOGE-USDT-SWAP,закрытие_не_удержалось_выше_канала,закрытие не удержалось выше канала,rejected,2026-03-27 00:20:25,
False,закрытие не удержалось выше канала,False,"{""score"": null, ""liquidity_score"": null, ""breakout_distance_atr"": null, ""freshness_score"": null}",ENTRY_CHECK,DOGE-USDT-SWAP,закрытие_не_удержалось_выше_канала,закрытие не удержалось выше канала,rejected,2026-03-27 00:20:25,
False,нет свежего пробоя Donchian на последней закрытой свече,False,"{""score"": null, ""liquidity_score"": null, ""breakout_distance_atr"": null, ""freshness_score"": null}",ENTRY_CHECK,DOT-USDT-SWAP,no_fresh_breakout,нет свежего пробоя Donchian на последней закрытой свече,rejected,2026-03-27 00:20:26,
False,нет свежего пробоя Donchian на последней закрытой свече,False,"{""score"": null, ""liquidity_score"": null, ""breakout_distance_atr"": null, ""freshness_score"": null}",ENTRY_CHECK,KSM-USDT-SWAP,no_fresh_breakout,нет свежего пробоя Donchian на последней закрытой свече,rejected,2026-03-27 00:20:47,
False,нет свежего пробоя Donchian на последней закрытой свече,False,"{""score"": null, ""liquidity_score"": null, ""breakout_distance_atr"": null, ""freshness_score"": null}",ENTRY_CHECK,LDO-USDT-SWAP,no_fresh_breakout,нет свежего пробоя Donchian на последней закрытой свече,rejected,2026-03-27 00:20:47,
False,нет свежего пробоя Donchian на последней закрытой свече,False,"{""score"": null, ""liquidity_score"": null, ""breakout_distance_atr"": null, ""freshness_score"": null}",ENTRY_CHECK,LINK-USDT-SWAP,no_fresh_breakout,нет свежего пробоя Donchian на последней закрытой свече,rejected,2026-03-27 00:20:48,
False,нет свежего пробоя Donchian на последней закрытой свече,False,"{""score"": null, ""liquidity_score"": null, ""breakout_distance_atr"": null, ""freshness_score"": null}",ENTRY_CHECK,LRC-USDT-SWAP,no_fresh_breakout,нет свежего пробоя Donchian на последней закрытой свече,rejected,2026-03-27 00:20:49,
False,нет свежего пробоя Donchian на последней закрытой свече,False,"{""score"": null, ""liquidity_score"": null, ""breakout_distance_atr"": null, ""freshness_score"": null}",ENTRY_CHECK,MET-USDT-SWAP,no_fresh_breakout,нет свежего пробоя Donchian на последней закрытой свече,rejected,2026-03-27 00:20:56,
False,нет свежего пробоя Donchian на последней закрытой свече,False,"{""score"": null, ""liquidity_score"": null, ""breakout_distance_atr"": null, ""freshness_score"": null}",ENTRY_CHECK,NEAR-USDT-SWAP,no_fresh_breakout,нет свежего пробоя Donchian на последней закрытой свече,rejected,2026-03-27 00:21:00,
False,нет свежего пробоя Donchian на последней закрытой свече,False,"{""score"": null, ""liquidity_score"": null, ""breakout_distance_atr"": null, ""freshness_score"": null}",ENTRY_CHECK,OP-USDT-SWAP,no_fresh_breakout,нет свежего пробоя Donchian на последней закрытой свече,rejected,2026-03-27 00:21:03,
False,нет свежего пробоя Donchian на последней закрытой свече,False,"{""score"": null, ""liquidity_score"": null, ""breakout_distance_atr"": null, ""freshness_score"": null}",ENTRY_CHECK,QTUM-USDT-SWAP,no_fresh_breakout,нет свежего пробоя Donchian на последней закрытой свече,rejected,2026-03-27 00:21:06,
False,нет свежего пробоя Donchian на последней закрытой свече,False,"{""score"": null, ""liquidity_score"": null, ""breakout_distance_atr"": null, ""freshness_score"": null}",ENTRY_CHECK,SYRUP-USDT-SWAP,no_fresh_breakout,нет свежего пробоя Donchian на последней закрытой свече,rejected,2026-03-27 00:21:25,
True,pyramid_added,True,"{""units"": 3, ""last_price"": null, ""next_pyramid_price"": 0.2736175000000001, ""retry_after_sec"": null}",ADD_UNIT_CHECK,LQTY-USDT-SWAP,unknown,,pyramid_added,2026-03-27 00:21:58,20260326_235554_LQTY-USDT-SWAP_long
True,ATR stop update,True,"{""price"": 0.2736, ""prev_stop_price"": 0.27209, ""stop_price"": 0.27283, ""peak_unrealized_pnl"": 4.630100000000004}",STOP_MOVE_CHECK,LQTY-USDT-SWAP,unknown,ATR stop update,TRAIL_UPDATE,2026-03-27 00:21:58,20260326_235554_LQTY-USDT-SWAP_long
True,TURTLE stop update,True,"{""price"": 0.03, ""prev_stop_price"": 0.0337, ""stop_price"": 0.0324, ""peak_unrealized_pnl"": 1440.55130000096}",STOP_MOVE_CHECK,YGG-USDT-SWAP,unknown,TURTLE stop update,TRAIL_UPDATE,2026-03-27 00:22:30,20260326_235555_YGG-USDT-SWAP_short
False,нет свежего пробоя Donchian на последней закрытой свече,False,"{""score"": null, ""liquidity_score"": null, ""breakout_distance_atr"": null, ""freshness_score"": null}",ENTRY_CHECK,AAVE-USDT-SWAP,no_fresh_breakout,нет свежего пробоя Donchian на последней закрытой свече,rejected,2026-03-27 00:23:39,
False,нет свежего пробоя Donchian на последней закрытой свече,False,"{""score"": null, ""liquidity_score"": null, ""breakout_distance_atr"": null, ""freshness_score"": null}",ENTRY_CHECK,ACT-USDT-SWAP,no_fresh_breakout,нет свежего пробоя Donchian на последней закрытой свече,rejected,2026-03-27 00:23:40,
False,нет свежего пробоя Donchian на последней закрытой свече,False,"{""score"": null, ""liquidity_score"": null, ""breakout_distance_atr"": null, ""freshness_score"": null}",ENTRY_CHECK,ASTER-USDT-SWAP,no_fresh_breakout,нет свежего пробоя Donchian на последней закрытой свече,rejected,2026-03-27 00:23:50,
False,нет свежего пробоя Donchian на последней закрытой свече,False,"{""score"": null, ""liquidity_score"": null, ""breakout_distance_atr"": null, ""freshness_score"": null}",ENTRY_CHECK,AVAX-USDT-SWAP,no_fresh_breakout,нет свежего пробоя Donchian на последней закрытой свече,rejected,2026-03-27 00:23:54,
False,нет свежего пробоя Donchian на последней закрытой свече,False,"{""score"": null, ""liquidity_score"": null, ""breakout_distance_atr"": null, ""freshness_score"": null}",ENTRY_CHECK,AXS-USDT-SWAP,no_fresh_breakout,нет свежего пробоя Donchian на последней закрытой свече,rejected,2026-03-27 00:23:55,
False,нет свежего пробоя Donchian на последней закрытой свече,False,"{""score"": null, ""liquidity_score"": null, ""breakout_distance_atr"": null, ""freshness_score"": null}",ENTRY_CHECK,BCH-USDT-SWAP,no_fresh_breakout,нет свежего пробоя Donchian на последней закрытой свече,rejected,2026-03-27 00:23:58,
False,закрытие не удержалось выше канала,False,"{""score"": null, ""liquidity_score"": null, ""breakout_distance_atr"": null, ""freshness_score"": null}",ENTRY_CHECK,DOGE-USDT-SWAP,закрытие_не_удержалось_выше_канала,закрытие не удержалось выше канала,rejected,2026-03-27 00:24:16,
False,закрытие не удержалось выше канала,False,"{""score"": null, ""liquidity_score"": null, ""breakout_distance_atr"": null, ""freshness_score"": null}",ENTRY_CHECK,DOGE-USDT-SWAP,закрытие_не_удержалось_выше_канала,закрытие не удержалось выше канала,rejected,2026-03-27 00:24:16,
False,нет свежего пробоя Donchian на последней закрытой свече,False,"{""score"": null, ""liquidity_score"": null, ""breakout_distance_atr"": null, ""freshness_score"": null}",ENTRY_CHECK,DOT-USDT-SWAP,no_fresh_breakout,нет свежего пробоя Donchian на последней закрытой свече,rejected,2026-03-27 00:24:17,
False,нет свежего пробоя Donchian на последней закрытой свече,False,"{""score"": null, ""liquidity_score"": null, ""breakout_distance_atr"": null, ""freshness_score"": null}",ENTRY_CHECK,LDO-USDT-SWAP,no_fresh_breakout,нет свежего пробоя Donchian на последней закрытой свече,rejected,2026-03-27 00:24:46,
False,нет свежего пробоя Donchian на последней закрытой свече,False,"{""score"": null, ""liquidity_score"": null, ""breakout_distance_atr"": null, ""freshness_score"": null}",ENTRY_CHECK,LINK-USDT-SWAP,no_fresh_breakout,нет свежего пробоя Donchian на последней закрытой свече,rejected,2026-03-27 00:24:48,
False,нет свежего пробоя Donchian на последней закрытой свече,False,"{""score"": null, ""liquidity_score"": null, ""breakout_distance_atr"": null, ""freshness_score"": null}",ENTRY_CHECK,LRC-USDT-SWAP,no_fresh_breakout,нет свежего пробоя Donchian на последней закрытой свече,rejected,2026-03-27 00:24:50,
False,нет свежего пробоя Donchian на последней закрытой свече,False,"{""score"": null, ""liquidity_score"": null, ""breakout_distance_atr"": null, ""freshness_score"": null}",ENTRY_CHECK,MET-USDT-SWAP,no_fresh_breakout,нет свежего пробоя Donchian на последней закрытой свече,rejected,2026-03-27 00:24:50,
False,нет свежего пробоя Donchian на последней закрытой свече,False,"{""score"": null, ""liquidity_score"": null, ""breakout_distance_atr"": null, ""freshness_score"": null}",ENTRY_CHECK,NEAR-USDT-SWAP,no_fresh_breakout,нет свежего пробоя Donchian на последней закрытой свече,rejected,2026-03-27 00:24:50,
False,нет свежего пробоя Donchian на последней закрытой свече,False,"{""score"": null, ""liquidity_score"": null, ""breakout_distance_atr"": null, ""freshness_score"": null}",ENTRY_CHECK,QTUM-USDT-SWAP,no_fresh_breakout,нет свежего пробоя Donchian на последней закрытой свече,rejected,2026-03-27 00:24:58,
False,нет свежего пробоя Donchian на последней закрытой свече,False,"{""score"": null, ""liquidity_score"": null, ""breakout_distance_atr"": null, ""freshness_score"": null}",ENTRY_CHECK,SYRUP-USDT-SWAP,no_fresh_breakout,нет свежего пробоя Donchian на последней закрытой свече,rejected,2026-03-27 00:25:15,
True,ATR stop update,True,"{""price"": 0.2749, ""prev_stop_price"": 0.27283, ""stop_price"": 0.27349999999999997, ""peak_unrealized_pnl"": 21.29845999999457}",STOP_MOVE_CHECK,LQTY-USDT-SWAP,unknown,ATR stop update,TRAIL_UPDATE,2026-03-27 00:25:47,20260326_235554_LQTY-USDT-SWAP_long
True,pyramid_added,True,"{""units"": 4, ""last_price"": null, ""next_pyramid_price"": 0.2739833333333335, ""retry_after_sec"": null}",ADD_UNIT_CHECK,LQTY-USDT-SWAP,unknown,,pyramid_added,2026-03-27 00:25:48,20260326_235554_LQTY-USDT-SWAP_long
True,ATR stop update,True,"{""price"": 2.781, ""prev_stop_price"": 2.9565, ""stop_price"": 2.9187000000000003, ""peak_unrealized_pnl"": 0.0}",STOP_MOVE_CHECK,NEO-USDT-SWAP,unknown,ATR stop update,TRAIL_UPDATE,2026-03-27 00:26:01,20260326_235554_NEO-USDT-SWAP_short
True,pyramid_added,True,"{""units"": 2, ""last_price"": null, ""next_pyramid_price"": 0.372832227324914, ""retry_after_sec"": null}",ADD_UNIT_CHECK,XTZ-USDT-SWAP,unknown,,pyramid_added,2026-03-27 00:26:12,20260326_235554_XTZ-USDT-SWAP_long
True,ATR stop update,True,"{""price"": 0.3736, ""prev_stop_price"": 0.371612227324914, ""stop_price"": 0.37251999999999996, ""peak_unrealized_pnl"": 0.0}",STOP_MOVE_CHECK,XTZ-USDT-SWAP,unknown,ATR stop update,TRAIL_UPDATE,2026-03-27 00:26:12,20260326_235554_XTZ-USDT-SWAP_long
True,TURTLE stop update,True,"{""price"": 0.0303, ""prev_stop_price"": 0.0324, ""stop_price"": 0.0317, ""peak_unrealized_pnl"": 1440.55130000096}",STOP_MOVE_CHECK,YGG-USDT-SWAP,unknown,TURTLE stop update,TRAIL_UPDATE,2026-03-27 00:26:27,20260326_235555_YGG-USDT-SWAP_short
True,ATR stop update,True,"{""price"": 2.128, ""prev_stop_price"": 2.1262983774302002, ""stop_price"": 2.1255983774302, ""peak_unrealized_pnl"": 0.0}",STOP_MOVE_CHECK,LPT-USDT-SWAP,unknown,ATR stop update,TRAIL_UPDATE,2026-03-27 00:27:12,20260326_235557_LPT-USDT-SWAP_short
False,нет свежего пробоя Donchian на последней закрытой свече,False,"{""score"": null, ""liquidity_score"": null, ""breakout_distance_atr"": null, ""freshness_score"": null}",ENTRY_CHECK,AAVE-USDT-SWAP,no_fresh_breakout,нет свежего пробоя Donchian на последней закрытой свече,rejected,2026-03-27 00:27:37,
False,нет свежего пробоя Donchian на последней закрытой свече,False,"{""score"": null, ""liquidity_score"": null, ""breakout_distance_atr"": null, ""freshness_score"": null}",ENTRY_CHECK,ACT-USDT-SWAP,no_fresh_breakout,нет свежего пробоя Donchian на последней закрытой свече,rejected,2026-03-27 00:27:39,
False,нет свежего пробоя Donchian на последней закрытой свече,False,"{""score"": null, ""liquidity_score"": null, ""breakout_distance_atr"": null, ""freshness_score"": null}",ENTRY_CHECK,AXS-USDT-SWAP,no_fresh_breakout,нет свежего пробоя Donchian на последней закрытой свече,rejected,2026-03-27 00:27:56,
False,нет свежего пробоя Donchian на последней закрытой свече,False,"{""score"": null, ""liquidity_score"": null, ""breakout_distance_atr"": null, ""freshness_score"": null}",ENTRY_CHECK,BCH-USDT-SWAP,no_fresh_breakout,нет свежего пробоя Donchian на последней закрытой свече,rejected,2026-03-27 00:28:00,
False,нет свежего пробоя Donchian на последней закрытой свече,False,"{""score"": null, ""liquidity_score"": null, ""breakout_distance_atr"": null, ""freshness_score"": null}",ENTRY_CHECK,BTC-USDT-SWAP,no_fresh_breakout,нет свежего пробоя Donchian на последней закрытой свече,rejected,2026-03-27 00:28:07,
False,нет свежего пробоя Donchian на последней закрытой свече,False,"{""score"": null, ""liquidity_score"": null, ""breakout_distance_atr"": null, ""freshness_score"": null}",ENTRY_CHECK,DOGE-USDT-SWAP,no_fresh_breakout,нет свежего пробоя Donchian на последней закрытой свече,rejected,2026-03-27 00:28:20,
False,classic_turtle_breakout_long,True,"{""score"": null, ""liquidity_score"": 1.9231, ""breakout_distance_atr"": 0.3509, ""freshness_score"": 0.3609}",ENTRY_CHECK,KSM-USDT-SWAP,classic_turtle_breakout_long,classic_turtle_breakout_long,candidate,2026-03-27 00:28:50,
False,oversized breakout candle 4.27 ATR > 3.50 ATR,False,"{""score"": null, ""liquidity_score"": null, ""breakout_distance_atr"": 1.9417, ""freshness_score"": null}",ENTRY_CHECK,LDO-USDT-SWAP,oversized_breakout_candle_4.27_atr_>_3.50_atr,oversized breakout candle 4.27 ATR > 3.50 ATR,rejected,2026-03-27 00:28:52,
False,oversized breakout candle 4.27 ATR > 3.50 ATR,False,"{""score"": null, ""liquidity_score"": null, ""breakout_distance_atr"": 1.9417, ""freshness_score"": null}",ENTRY_CHECK,LDO-USDT-SWAP,oversized_breakout_candle_4.27_atr_>_3.50_atr,oversized breakout candle 4.27 ATR > 3.50 ATR,rejected,2026-03-27 00:28:52,
False,momentum chase blocked after 3 same-side candles,False,"{""score"": null, ""liquidity_score"": null, ""breakout_distance_atr"": 0.398, ""freshness_score"": null}",ENTRY_CHECK,LINK-USDT-SWAP,blacklist,momentum chase blocked after 3 same-side candles,rejected,2026-03-27 00:28:55,
False,momentum chase blocked after 3 same-side candles,False,"{""score"": null, ""liquidity_score"": null, ""breakout_distance_atr"": 0.8955, ""freshness_score"": null}",ENTRY_CHECK,LINK-USDT-SWAP,blacklist,momentum chase blocked after 3 same-side candles,rejected,2026-03-27 00:28:55,
False,нет свежего пробоя Donchian на последней закрытой свече,False,"{""score"": null, ""liquidity_score"": null, ""breakout_distance_atr"": null, ""freshness_score"": null}",ENTRY_CHECK,LRC-USDT-SWAP,no_fresh_breakout,нет свежего пробоя Donchian на последней закрытой свече,rejected,2026-03-27 00:28:58,
False,нет свежего пробоя Donchian на последней закрытой свече,False,"{""score"": null, ""liquidity_score"": null, ""breakout_distance_atr"": null, ""freshness_score"": null}",ENTRY_CHECK,MET-USDT-SWAP,no_fresh_breakout,нет свежего пробоя Donchian на последней закрытой свече,rejected,2026-03-27 00:29:04,
False,classic_turtle_breakout_long,True,"{""score"": null, ""liquidity_score"": 7.8976, ""breakout_distance_atr"": 0.6231, ""freshness_score"": 0.6331}",ENTRY_CHECK,NEAR-USDT-SWAP,classic_turtle_breakout_long,classic_turtle_breakout_long,candidate,2026-03-27 00:29:08,
False,classic_turtle_breakout_long,True,"{""score"": null, ""liquidity_score"": 7.8976, ""breakout_distance_atr"": 0.6231, ""freshness_score"": 0.6331}",ENTRY_CHECK,NEAR-USDT-SWAP,classic_turtle_breakout_long,classic_turtle_breakout_long,candidate,2026-03-27 00:29:08,
False,classic_turtle_breakout_long,True,"{""score"": null, ""liquidity_score"": 25.0951, ""breakout_distance_atr"": 1.2211, ""freshness_score"": 1.2311}",ENTRY_CHECK,OP-USDT-SWAP,classic_turtle_breakout_long,classic_turtle_breakout_long,candidate,2026-03-27 00:29:11,
False,нет свежего пробоя Donchian на последней закрытой свече,False,"{""score"": null, ""liquidity_score"": null, ""breakout_distance_atr"": null, ""freshness_score"": null}",ENTRY_CHECK,QTUM-USDT-SWAP,no_fresh_breakout,нет свежего пробоя Donchian на последней закрытой свече,rejected,2026-03-27 00:29:15,
False,нет свежего пробоя Donchian на последней закрытой свече,False,"{""score"": null, ""liquidity_score"": null, ""breakout_distance_atr"": null, ""freshness_score"": null}",ENTRY_CHECK,SYRUP-USDT-SWAP,no_fresh_breakout,нет свежего пробоя Donchian на последней закрытой свече,rejected,2026-03-27 00:29:32,
False,classic_turtle_breakout_long,True,"{""score"": null, ""liquidity_score"": 1.9231, ""breakout_distance_atr"": 0.3509, ""freshness_score"": 0.3609}",ENTRY_RANK,KSM-USDT-SWAP,classic_turtle_breakout_long,classic_turtle_breakout_long,ranked_candidate,2026-03-27 00:29:51,
False,classic_turtle_breakout_long,True,"{""score"": null, ""liquidity_score"": 7.8976, ""breakout_distance_atr"": 0.6231, ""freshness_score"": 0.6331}",ENTRY_RANK,NEAR-USDT-SWAP,classic_turtle_breakout_long,classic_turtle_breakout_long,ranked_candidate,2026-03-27 00:29:51,
False,classic_turtle_breakout_long,True,"{""score"": null, ""liquidity_score"": 7.8976, ""breakout_distance_atr"": 0.6231, ""freshness_score"": 0.6331}",ENTRY_RANK,NEAR-USDT-SWAP,classic_turtle_breakout_long,classic_turtle_breakout_long,ranked_candidate,2026-03-27 00:29:51,
False,classic_turtle_breakout_long,True,"{""score"": null, ""liquidity_score"": 25.0951, ""breakout_distance_atr"": 1.2211, ""freshness_score"": 1.2311}",ENTRY_RANK,OP-USDT-SWAP,classic_turtle_breakout_long,classic_turtle_breakout_long,ranked_candidate,2026-03-27 00:29:51,
True,entry_sent,True,"{""score"": null, ""liquidity_score"": null, ""breakout_distance_atr"": 0.6231, ""freshness_score"": null}",ENTRY_EXECUTION,NEAR-USDT-SWAP,unknown,,entry_sent,2026-03-27 00:29:53,
True,position_opened,True,"{""units"": null, ""last_price"": null, ""next_pyramid_price"": null, ""retry_after_sec"": null}",ENTRY_EXECUTION,NEAR-USDT-SWAP,unknown,,position_opened,2026-03-27 00:29:53,20260327_002953_NEAR-USDT-SWAP_long
True,entry_sent,True,"{""score"": null, ""liquidity_score"": null, ""breakout_distance_atr"": 0.3509, ""freshness_score"": null}",ENTRY_EXECUTION,KSM-USDT-SWAP,unknown,,entry_sent,2026-03-27 00:29:56,
True,position_opened,True,"{""units"": null, ""last_price"": null, ""next_pyramid_price"": null, ""retry_after_sec"": null}",ENTRY_EXECUTION,KSM-USDT-SWAP,unknown,,position_opened,2026-03-27 00:29:56,20260327_002955_KSM-USDT-SWAP_long
True,entry_sent,True,"{""score"": null, ""liquidity_score"": null, ""breakout_distance_atr"": 1.2211, ""freshness_score"": null}",ENTRY_EXECUTION,OP-USDT-SWAP,unknown,,entry_sent,2026-03-27 00:29:58,
True,position_opened,True,"{""units"": null, ""last_price"": null, ""next_pyramid_price"": null, ""retry_after_sec"": null}",ENTRY_EXECUTION,OP-USDT-SWAP,unknown,,position_opened,2026-03-27 00:29:58,20260327_002958_OP-USDT-SWAP_long
True,pyramid_added,True,"{""units"": 3, ""last_price"": null, ""next_pyramid_price"": 0.373303613662457, ""retry_after_sec"": null}",ADD_UNIT_CHECK,XTZ-USDT-SWAP,unknown,,pyramid_added,2026-03-27 00:30:31,20260326_235554_XTZ-USDT-SWAP_long
True,TURTLE stop update,True,"{""price"": 0.0303, ""prev_stop_price"": 0.0317, ""stop_price"": 0.0311, ""peak_unrealized_pnl"": 1440.55130000096}",STOP_MOVE_CHECK,YGG-USDT-SWAP,unknown,TURTLE stop update,TRAIL_UPDATE,2026-03-27 00:30:43,20260326_235555_YGG-USDT-SWAP_short
True,pyramid_added,True,"{""units"": 2, ""last_price"": null, ""next_pyramid_price"": 4.28989614853672, ""retry_after_sec"": null}",ADD_UNIT_CHECK,KSM-USDT-SWAP,unknown,,pyramid_added,2026-03-27 00:31:36,20260327_002955_KSM-USDT-SWAP_long
False,нет свежего пробоя Donchian на последней закрытой свече,False,"{""score"": null, ""liquidity_score"": null, ""breakout_distance_atr"": null, ""freshness_score"": null}",ENTRY_CHECK,AAVE-USDT-SWAP,no_fresh_breakout,нет свежего пробоя Donchian на последней закрытой свече,rejected,2026-03-27 00:32:05,
False,нет свежего пробоя Donchian на последней закрытой свече,False,"{""score"": null, ""liquidity_score"": null, ""breakout_distance_atr"": null, ""freshness_score"": null}",ENTRY_CHECK,ASTER-USDT-SWAP,no_fresh_breakout,нет свежего пробоя Donchian на последней закрытой свече,rejected,2026-03-27 00:32:17,
False,закрытие не удержалось выше канала,False,"{""score"": null, ""liquidity_score"": null, ""breakout_distance_atr"": null, ""freshness_score"": null}",ENTRY_CHECK,AVAX-USDT-SWAP,закрытие_не_удержалось_выше_канала,закрытие не удержалось выше канала,rejected,2026-03-27 00:32:22,
False,нет свежего пробоя Donchian на последней закрытой свече,False,"{""score"": null, ""liquidity_score"": null, ""breakout_distance_atr"": null, ""freshness_score"": null}",ENTRY_CHECK,AXS-USDT-SWAP,no_fresh_breakout,нет свежего пробоя Donchian на последней закрытой свече,rejected,2026-03-27 00:32:23,
False,нет свежего пробоя Donchian на последней закрытой свече,False,"{""score"": null, ""liquidity_score"": null, ""breakout_distance_atr"": null, ""freshness_score"": null}",ENTRY_CHECK,BCH-USDT-SWAP,no_fresh_breakout,нет свежего пробоя Donchian на последней закрытой свече,rejected,2026-03-27 00:32:26,
False,нет свежего пробоя Donchian на последней закрытой свече,False,"{""score"": null, ""liquidity_score"": null, ""breakout_distance_atr"": null, ""freshness_score"": null}",ENTRY_CHECK,COMP-USDT-SWAP,no_fresh_breakout,нет свежего пробоя Donchian на последней закрытой свече,rejected,2026-03-27 00:32:44,
False,нет свежего пробоя Donchian на последней закрытой свече,False,"{""score"": null, ""liquidity_score"": null, ""breakout_distance_atr"": null, ""freshness_score"": null}",ENTRY_CHECK,DOGE-USDT-SWAP,no_fresh_breakout,нет свежего пробоя Donchian на последней закрытой свече,rejected,2026-03-27 00:32:47,
False,нет свежего пробоя Donchian на последней закрытой свече,False,"{""score"": null, ""liquidity_score"": null, ""breakout_distance_atr"": null, ""freshness_score"": null}",ENTRY_CHECK,DOT-USDT-SWAP,no_fresh_breakout,нет свежего пробоя Donchian на последней закрытой свече,rejected,2026-03-27 00:32:49,
False,нет свежего пробоя Donchian на последней закрытой свече,False,"{""score"": null, ""liquidity_score"": null, ""breakout_distance_atr"": null, ""freshness_score"": null}",ENTRY_CHECK,LDO-USDT-SWAP,no_fresh_breakout,нет свежего пробоя Donchian на последней закрытой свече,rejected,2026-03-27 00:33:14,
False,нет свежего пробоя Donchian на последней закрытой свече,False,"{""score"": null, ""liquidity_score"": null, ""breakout_distance_atr"": null, ""freshness_score"": null}",ENTRY_CHECK,LINK-USDT-SWAP,no_fresh_breakout,нет свежего пробоя Donchian на последней закрытой свече,rejected,2026-03-27 00:33:17,
False,нет свежего пробоя Donchian на последней закрытой свече,False,"{""score"": null, ""liquidity_score"": null, ""breakout_distance_atr"": null, ""freshness_score"": null}",ENTRY_CHECK,LRC-USDT-SWAP,no_fresh_breakout,нет свежего пробоя Donchian на последней закрытой свече,rejected,2026-03-27 00:33:20,
False,нет свежего пробоя Donchian на последней закрытой свече,False,"{""score"": null, ""liquidity_score"": null, ""breakout_distance_atr"": null, ""freshness_score"": null}",ENTRY_CHECK,MET-USDT-SWAP,no_fresh_breakout,нет свежего пробоя Donchian на последней закрытой свече,rejected,2026-03-27 00:33:28,
False,нет свежего пробоя Donchian на последней закрытой свече,False,"{""score"": null, ""liquidity_score"": null, ""breakout_distance_atr"": null, ""freshness_score"": null}",ENTRY_CHECK,QTUM-USDT-SWAP,no_fresh_breakout,нет свежего пробоя Donchian на последней закрытой свече,rejected,2026-03-27 00:33:37,
False,нет свежего пробоя Donchian на последней закрытой свече,False,"{""score"": null, ""liquidity_score"": null, ""breakout_distance_atr"": null, ""freshness_score"": null}",ENTRY_CHECK,SYRUP-USDT-SWAP,no_fresh_breakout,нет свежего пробоя Donchian на последней закрытой свече,rejected,2026-03-27 00:33:56,
True,ATR stop update,True,"{""price"": 1.2297, ""prev_stop_price"": 1.2019, ""stop_price"": 1.2241199999999999, ""peak_unrealized_pnl"": 0.0}",STOP_MOVE_CHECK,NEAR-USDT-SWAP,unknown,ATR stop update,TRAIL_UPDATE,2026-03-27 00:35:37,20260327_002953_NEAR-USDT-SWAP_long
True,ATR stop update,True,"{""price"": 4.287, ""prev_stop_price"": 4.2722999999999995, ""stop_price"": 4.2733, ""peak_unrealized_pnl"": 0.0}",STOP_MOVE_CHECK,KSM-USDT-SWAP,unknown,ATR stop update,TRAIL_UPDATE,2026-03-27 00:35:49,20260327_002955_KSM-USDT-SWAP_long
True,ATR stop update,True,"{""price"": 0.1092, ""prev_stop_price"": 0.1056, ""stop_price"": 0.10830200000000001, ""peak_unrealized_pnl"": 0.8435199999999656}",STOP_MOVE_CHECK,OP-USDT-SWAP,unknown,ATR stop update,TRAIL_UPDATE,2026-03-27 00:35:53,20260327_002958_OP-USDT-SWAP_long
False,нет свежего пробоя Donchian на последней закрытой свече,False,"{""score"": null, ""liquidity_score"": null, ""breakout_distance_atr"": null, ""freshness_score"": null}",ENTRY_CHECK,AAVE-USDT-SWAP,no_fresh_breakout,нет свежего пробоя Donchian на последней закрытой свече,rejected,2026-03-27 00:36:18,
False,нет свежего пробоя Donchian на последней закрытой свече,False,"{""score"": null, ""liquidity_score"": null, ""breakout_distance_atr"": null, ""freshness_score"": null}",ENTRY_CHECK,ACT-USDT-SWAP,no_fresh_breakout,нет свежего пробоя Donchian на последней закрытой свече,rejected,2026-03-27 00:36:19,
False,нет свежего пробоя Donchian на последней закрытой свече,False,"{""score"": null, ""liquidity_score"": null, ""breakout_distance_atr"": null, ""freshness_score"": null}",ENTRY_CHECK,ASTER-USDT-SWAP,no_fresh_breakout,нет свежего пробоя Donchian на последней закрытой свече,rejected,2026-03-27 00:36:29,
False,classic_turtle_breakout_long,True,"{""score"": null, ""liquidity_score"": 12.6142, ""breakout_distance_atr"": 0.226, ""freshness_score"": 0.236}",ENTRY_CHECK,AUCTION-USDT-SWAP,classic_turtle_breakout_long,classic_turtle_breakout_long,candidate,2026-03-27 00:36:32,
False,classic_turtle_breakout_long,True,"{""score"": null, ""liquidity_score"": 12.6142, ""breakout_distance_atr"": 0.226, ""freshness_score"": 0.236}",ENTRY_CHECK,AUCTION-USDT-SWAP,classic_turtle_breakout_long,classic_turtle_breakout_long,candidate,2026-03-27 00:36:32,
False,нет свежего пробоя Donchian на последней закрытой свече,False,"{""score"": null, ""liquidity_score"": null, ""breakout_distance_atr"": null, ""freshness_score"": null}",ENTRY_CHECK,AXS-USDT-SWAP,no_fresh_breakout,нет свежего пробоя Donchian на последней закрытой свече,rejected,2026-03-27 00:36:35,
False,нет свежего пробоя Donchian на последней закрытой свече,False,"{""score"": null, ""liquidity_score"": null, ""breakout_distance_atr"": null, ""freshness_score"": null}",ENTRY_CHECK,BCH-USDT-SWAP,no_fresh_breakout,нет свежего пробоя Donchian на последней закрытой свече,rejected,2026-03-27 00:36:38,
False,нет свежего пробоя Donchian на последней закрытой свече,False,"{""score"": null, ""liquidity_score"": null, ""breakout_distance_atr"": null, ""freshness_score"": null}",ENTRY_CHECK,BTC-USDT-SWAP,no_fresh_breakout,нет свежего пробоя Donchian на последней закрытой свече,rejected,2026-03-27 00:36:47,
False,нет свежего пробоя Donchian на последней закрытой свече,False,"{""score"": null, ""liquidity_score"": null, ""breakout_distance_atr"": null, ""freshness_score"": null}",ENTRY_CHECK,DOGE-USDT-SWAP,no_fresh_breakout,нет свежего пробоя Donchian на последней закрытой свече,rejected,2026-03-27 00:36:59,
False,нет свежего пробоя Donchian на последней закрытой свече,False,"{""score"": null, ""liquidity_score"": null, ""breakout_distance_atr"": null, ""freshness_score"": null}",ENTRY_CHECK,DOT-USDT-SWAP,no_fresh_breakout,нет свежего пробоя Donchian на последней закрытой свече,rejected,2026-03-27 00:37:01,
False,нет свежего пробоя Donchian на последней закрытой свече,False,"{""score"": null, ""liquidity_score"": null, ""breakout_distance_atr"": null, ""freshness_score"": null}",ENTRY_CHECK,LDO-USDT-SWAP,no_fresh_breakout,нет свежего пробоя Donchian на последней закрытой свече,rejected,2026-03-27 00:37:26,
False,нет свежего пробоя Donchian на последней закрытой свече,False,"{""score"": null, ""liquidity_score"": null, ""breakout_distance_atr"": null, ""freshness_score"": null}",ENTRY_CHECK,LRC-USDT-SWAP,no_fresh_breakout,нет свежего пробоя Donchian на последней закрытой свече,rejected,2026-03-27 00:37:31,
False,нет свежего пробоя Donchian на последней закрытой свече,False,"{""score"": null, ""liquidity_score"": null, ""breakout_distance_atr"": null, ""freshness_score"": null}",ENTRY_CHECK,MET-USDT-SWAP,no_fresh_breakout,нет свежего пробоя Donchian на последней закрытой свече,rejected,2026-03-27 00:37:39,
False,нет свежего пробоя Donchian на последней закрытой свече,False,"{""score"": null, ""liquidity_score"": null, ""breakout_distance_atr"": null, ""freshness_score"": null}",ENTRY_CHECK,QTUM-USDT-SWAP,no_fresh_breakout,нет свежего пробоя Donchian на последней закрытой свече,rejected,2026-03-27 00:37:47,
False,нет свежего пробоя Donchian на последней закрытой свече,False,"{""score"": null, ""liquidity_score"": null, ""breakout_distance_atr"": null, ""freshness_score"": null}",ENTRY_CHECK,SYRUP-USDT-SWAP,no_fresh_breakout,нет свежего пробоя Donchian на последней закрытой свече,rejected,2026-03-27 00:38:06,
False,classic_turtle_breakout_long,True,"{""score"": null, ""liquidity_score"": 12.6142, ""breakout_distance_atr"": 0.226, ""freshness_score"": 0.236}",ENTRY_RANK,AUCTION-USDT-SWAP,classic_turtle_breakout_long,classic_turtle_breakout_long,ranked_candidate,2026-03-27 00:38:28,
False,classic_turtle_breakout_long,True,"{""score"": null, ""liquidity_score"": 12.6142, ""breakout_distance_atr"": 0.226, ""freshness_score"": 0.236}",ENTRY_RANK,AUCTION-USDT-SWAP,classic_turtle_breakout_long,classic_turtle_breakout_long,ranked_candidate,2026-03-27 00:38:28,
False,entry_failed,False,"{""score"": null, ""liquidity_score"": null, ""breakout_distance_atr"": null, ""freshness_score"": null}",ENTRY_EXECUTION,AUCTION-USDT-SWAP,unknown,,entry_failed,2026-03-27 00:38:29,
False,entry_failed,False,"{""score"": null, ""liquidity_score"": null, ""breakout_distance_atr"": null, ""freshness_score"": null}",ENTRY_EXECUTION,AUCTION-USDT-SWAP,unknown,,entry_failed,2026-03-27 00:38:29,
True,ATR stop update,True,"{""price"": 2.781, ""prev_stop_price"": 2.9187000000000003, ""stop_price"": 2.9085, ""peak_unrealized_pnl"": 0.0}",STOP_MOVE_CHECK,NEO-USDT-SWAP,unknown,ATR stop update,TRAIL_UPDATE,2026-03-27 00:38:49,20260326_235554_NEO-USDT-SWAP_short
True,pyramid_added,True,"{""units"": 4, ""last_price"": null, ""next_pyramid_price"": 0.37353157577497137, ""retry_after_sec"": null}",ADD_UNIT_CHECK,XTZ-USDT-SWAP,unknown,,pyramid_added,2026-03-27 00:38:56,20260326_235554_XTZ-USDT-SWAP_long
True,ATR stop update,True,"{""price"": 0.3737, ""prev_stop_price"": 0.37251999999999996, ""stop_price"": 0.37259, ""peak_unrealized_pnl"": 0.0}",STOP_MOVE_CHECK,XTZ-USDT-SWAP,unknown,ATR stop update,TRAIL_UPDATE,2026-03-27 00:38:56,20260326_235554_XTZ-USDT-SWAP_long
True,Канальный выход 10 свечей,True,"{""units"": 6, ""last_price"": null, ""next_pyramid_price"": null, ""retry_after_sec"": null}",EXIT_CHECK,YGG-USDT-SWAP,канальный_выход_10_свечей,Канальный выход 10 свечей,position_closed,2026-03-27 00:39:08,20260326_235555_YGG-USDT-SWAP_short
True,TURTLE stop update,True,"{""price"": 0.0303, ""prev_stop_price"": 0.0311, ""stop_price"": 0.0303, ""peak_unrealized_pnl"": 1440.55130000096}",STOP_MOVE_CHECK,YGG-USDT-SWAP,unknown,TURTLE stop update,TRAIL_UPDATE,2026-03-27 00:39:08,20260326_235555_YGG-USDT-SWAP_short
True,ATR stop update,True,"{""price"": 4.287, ""prev_stop_price"": 4.2733, ""stop_price"": 4.2743, ""peak_unrealized_pnl"": 0.0}",STOP_MOVE_CHECK,KSM-USDT-SWAP,unknown,ATR stop update,TRAIL_UPDATE,2026-03-27 00:40:13,20260327_002955_KSM-USDT-SWAP_long
True,pyramid_added,True,"{""units"": 2, ""last_price"": null, ""next_pyramid_price"": 0.109322, ""retry_after_sec"": null}",ADD_UNIT_CHECK,OP-USDT-SWAP,unknown,,pyramid_added,2026-03-27 00:40:24,20260327_002958_OP-USDT-SWAP_long
True,ATR stop update,True,"{""price"": 0.1094, ""prev_stop_price"": 0.10830200000000001, ""stop_price"": 0.108512, ""peak_unrealized_pnl"": 0.8435199999999656}",STOP_MOVE_CHECK,OP-USDT-SWAP,unknown,ATR stop update,TRAIL_UPDATE,2026-03-27 00:40:24,20260327_002958_OP-USDT-SWAP_long
False,нет свежего пробоя Donchian на последней закрытой свече,False,"{""score"": null, ""liquidity_score"": null, ""breakout_distance_atr"": null, ""freshness_score"": null}",ENTRY_CHECK,AAVE-USDT-SWAP,no_fresh_breakout,нет свежего пробоя Donchian на последней закрытой свече,rejected,2026-03-27 00:40:52,
False,нет свежего пробоя Donchian на последней закрытой свече,False,"{""score"": null, ""liquidity_score"": null, ""breakout_distance_atr"": null, ""freshness_score"": null}",ENTRY_CHECK,ACT-USDT-SWAP,no_fresh_breakout,нет свежего пробоя Donchian на последней закрытой свече,rejected,2026-03-27 00:40:53,
False,нет свежего пробоя Donchian на последней закрытой свече,False,"{""score"": null, ""liquidity_score"": null, ""breakout_distance_atr"": null, ""freshness_score"": null}",ENTRY_CHECK,AXS-USDT-SWAP,no_fresh_breakout,нет свежего пробоя Donchian на последней закрытой свече,rejected,2026-03-27 00:41:08,
False,нет свежего пробоя Donchian на последней закрытой свече,False,"{""score"": null, ""liquidity_score"": null, ""breakout_distance_atr"": null, ""freshness_score"": null}",ENTRY_CHECK,BCH-USDT-SWAP,no_fresh_breakout,нет свежего пробоя Donchian на последней закрытой свече,rejected,2026-03-27 00:41:11,
False,нет свежего пробоя Donchian на последней закрытой свече,False,"{""score"": null, ""liquidity_score"": null, ""breakout_distance_atr"": null, ""freshness_score"": null}",ENTRY_CHECK,BTC-USDT-SWAP,no_fresh_breakout,нет свежего пробоя Donchian на последней закрытой свече,rejected,2026-03-27 00:41:20,
False,classic_turtle_breakout_long,True,"{""score"": null, ""liquidity_score"": 31.9752, ""breakout_distance_atr"": 0.3871, ""freshness_score"": 0.3971}",ENTRY_CHECK,DOT-USDT-SWAP,classic_turtle_breakout_long,classic_turtle_breakout_long,candidate,2026-03-27 00:41:32,
False,нет свежего пробоя Donchian на последней закрытой свече,False,"{""score"": null, ""liquidity_score"": null, ""breakout_distance_atr"": null, ""freshness_score"": null}",ENTRY_CHECK,LDO-USDT-SWAP,no_fresh_breakout,нет свежего пробоя Donchian на последней закрытой свече,rejected,2026-03-27 00:41:59,
False,нет свежего пробоя Donchian на последней закрытой свече,False,"{""score"": null, ""liquidity_score"": null, ""breakout_distance_atr"": null, ""freshness_score"": null}",ENTRY_CHECK,LRC-USDT-SWAP,no_fresh_breakout,нет свежего пробоя Donchian на последней закрытой свече,rejected,2026-03-27 00:42:03,
False,нет свежего пробоя Donchian на последней закрытой свече,False,"{""score"": null, ""liquidity_score"": null, ""breakout_distance_atr"": null, ""freshness_score"": null}",ENTRY_CHECK,MET-USDT-SWAP,no_fresh_breakout,нет свежего пробоя Donchian на последней закрытой свече,rejected,2026-03-27 00:42:10,
False,нет свежего пробоя Donchian на последней закрытой свече,False,"{""score"": null, ""liquidity_score"": null, ""breakout_distance_atr"": null, ""freshness_score"": null}",ENTRY_CHECK,QTUM-USDT-SWAP,no_fresh_breakout,нет свежего пробоя Donchian на последней закрытой свече,rejected,2026-03-27 00:42:19,
False,нет свежего пробоя Donchian на последней закрытой свече,False,"{""score"": null, ""liquidity_score"": null, ""breakout_distance_atr"": null, ""freshness_score"": null}",ENTRY_CHECK,SYRUP-USDT-SWAP,no_fresh_breakout,нет свежего пробоя Donchian на последней закрытой свече,rejected,2026-03-27 00:42:36,
False,нет свежего пробоя Donchian на последней закрытой свече,False,"{""score"": null, ""liquidity_score"": null, ""breakout_distance_atr"": null, ""freshness_score"": null}",ENTRY_CHECK,YGG-USDT-SWAP,no_fresh_breakout,нет свежего пробоя Donchian на последней закрытой свече,rejected,2026-03-27 00:42:54,
False,classic_turtle_breakout_long,True,"{""score"": null, ""liquidity_score"": 31.9752, ""breakout_distance_atr"": 0.3871, ""freshness_score"": 0.3971}",ENTRY_RANK,DOT-USDT-SWAP,classic_turtle_breakout_long,classic_turtle_breakout_long,ranked_candidate,2026-03-27 00:42:59,
True,entry_sent,True,"{""score"": null, ""liquidity_score"": null, ""breakout_distance_atr"": 0.3871, ""freshness_score"": null}",ENTRY_EXECUTION,DOT-USDT-SWAP,unknown,,entry_sent,2026-03-27 00:43:01,
True,position_opened,True,"{""units"": null, ""last_price"": null, ""next_pyramid_price"": null, ""retry_after_sec"": null}",ENTRY_EXECUTION,DOT-USDT-SWAP,unknown,,position_opened,2026-03-27 00:43:01,20260327_004300_DOT-USDT-SWAP_long
False,нет свежего пробоя Donchian на последней закрытой свече,False,"{""score"": null, ""liquidity_score"": null, ""breakout_distance_atr"": null, ""freshness_score"": null}",ENTRY_CHECK,AAVE-USDT-SWAP,no_fresh_breakout,нет свежего пробоя Donchian на последней закрытой свече,rejected,2026-03-27 00:44:54,
False,нет свежего пробоя Donchian на последней закрытой свече,False,"{""score"": null, ""liquidity_score"": null, ""breakout_distance_atr"": null, ""freshness_score"": null}",ENTRY_CHECK,ACT-USDT-SWAP,no_fresh_breakout,нет свежего пробоя Donchian на последней закрытой свече,rejected,2026-03-27 00:44:56,
False,нет свежего пробоя Donchian на последней закрытой свече,False,"{""score"": null, ""liquidity_score"": null, ""breakout_distance_atr"": null, ""freshness_score"": null}",ENTRY_CHECK,ASTER-USDT-SWAP,no_fresh_breakout,нет свежего пробоя Donchian на последней закрытой свече,rejected,2026-03-27 00:45:06,
False,нет свежего пробоя Donchian на последней закрытой свече,False,"{""score"": null, ""liquidity_score"": null, ""breakout_distance_atr"": null, ""freshness_score"": null}",ENTRY_CHECK,AUCTION-USDT-SWAP,no_fresh_breakout,нет свежего пробоя Donchian на последней закрытой свече,rejected,2026-03-27 00:45:09,
False,нет свежего пробоя Donchian на последней закрытой свече,False,"{""score"": null, ""liquidity_score"": null, ""breakout_distance_atr"": null, ""freshness_score"": null}",ENTRY_CHECK,AXS-USDT-SWAP,no_fresh_breakout,нет свежего пробоя Donchian на последней закрытой свече,rejected,2026-03-27 00:45:12,
False,нет свежего пробоя Donchian на последней закрытой свече,False,"{""score"": null, ""liquidity_score"": null, ""breakout_distance_atr"": null, ""freshness_score"": null}",ENTRY_CHECK,BCH-USDT-SWAP,no_fresh_breakout,нет свежего пробоя Donchian на последней закрытой свече,rejected,2026-03-27 00:45:15,
False,нет свежего пробоя Donchian на последней закрытой свече,False,"{""score"": null, ""liquidity_score"": null, ""breakout_distance_atr"": null, ""freshness_score"": null}",ENTRY_CHECK,BTC-USDT-SWAP,no_fresh_breakout,нет свежего пробоя Donchian на последней закрытой свече,rejected,2026-03-27 00:45:23,
False,нет свежего пробоя Donchian на последней закрытой свече,False,"{""score"": null, ""liquidity_score"": null, ""breakout_distance_atr"": null, ""freshness_score"": null}",ENTRY_CHECK,COMP-USDT-SWAP,no_fresh_breakout,нет свежего пробоя Donchian на последней закрытой свече,rejected,2026-03-27 00:45:34,
False,нет свежего пробоя Donchian на последней закрытой свече,False,"{""score"": null, ""liquidity_score"": null, ""breakout_distance_atr"": null, ""freshness_score"": null}",ENTRY_CHECK,KAITO-USDT-SWAP,no_fresh_breakout,нет свежего пробоя Donchian на последней закрытой свече,rejected,2026-03-27 00:46:02,
False,нет свежего пробоя Donchian на последней закрытой свече,False,"{""score"": null, ""liquidity_score"": null, ""breakout_distance_atr"": null, ""freshness_score"": null}",ENTRY_CHECK,LDO-USDT-SWAP,no_fresh_breakout,нет свежего пробоя Donchian на последней закрытой свече,rejected,2026-03-27 00:46:04,
False,нет свежего пробоя Donchian на последней закрытой свече,False,"{""score"": null, ""liquidity_score"": null, ""breakout_distance_atr"": null, ""freshness_score"": null}",ENTRY_CHECK,LINK-USDT-SWAP,no_fresh_breakout,нет свежего пробоя Donchian на последней закрытой свече,rejected,2026-03-27 00:46:06,
False,ATR warmup: цена или ATR недоступны после прогрева,False,"{""score"": null, ""liquidity_score"": null, ""breakout_distance_atr"": null, ""freshness_score"": null}",ENTRY_CHECK,LRC-USDT-SWAP,atr_warmup:_цена_или_atr_недоступны_после_прогрева,ATR warmup: цена или ATR недоступны после прогрева,rejected,2026-03-27 00:46:09,
False,нет свежего пробоя Donchian на последней закрытой свече,False,"{""score"": null, ""liquidity_score"": null, ""breakout_distance_atr"": null, ""freshness_score"": null}",ENTRY_CHECK,MET-USDT-SWAP,no_fresh_breakout,нет свежего пробоя Donchian на последней закрытой свече,rejected,2026-03-27 00:46:16,
False,нет свежего пробоя Donchian на последней закрытой свече,False,"{""score"": null, ""liquidity_score"": null, ""breakout_distance_atr"": null, ""freshness_score"": null}",ENTRY_CHECK,QTUM-USDT-SWAP,no_fresh_breakout,нет свежего пробоя Donchian на последней закрытой свече,rejected,2026-03-27 00:46:25,
False,нет свежего пробоя Donchian на последней закрытой свече,False,"{""score"": null, ""liquidity_score"": null, ""breakout_distance_atr"": null, ""freshness_score"": null}",ENTRY_CHECK,SYRUP-USDT-SWAP,no_fresh_breakout,нет свежего пробоя Donchian на последней закрытой свече,rejected,2026-03-27 00:46:44,
False,нет свежего пробоя Donchian на последней закрытой свече,False,"{""score"": null, ""liquidity_score"": null, ""breakout_distance_atr"": null, ""freshness_score"": null}",ENTRY_CHECK,YGG-USDT-SWAP,no_fresh_breakout,нет свежего пробоя Donchian на последней закрытой свече,rejected,2026-03-27 00:47:02,
True,ATR stop update,True,"{""price"": 2.781, ""prev_stop_price"": 2.9085, ""stop_price"": 2.8747000000000003, ""peak_unrealized_pnl"": 0.0}",STOP_MOVE_CHECK,NEO-USDT-SWAP,unknown,ATR stop update,TRAIL_UPDATE,2026-03-27 00:47:25,20260326_235554_NEO-USDT-SWAP_short
True,ATR stop update,True,"{""price"": 0.3737, ""prev_stop_price"": 0.37259, ""stop_price"": 0.37272, ""peak_unrealized_pnl"": 0.0}",STOP_MOVE_CHECK,XTZ-USDT-SWAP,unknown,ATR stop update,TRAIL_UPDATE,2026-03-27 00:47:32,20260326_235554_XTZ-USDT-SWAP_long
True,ATR stop update,True,"{""price"": 1.2302, ""prev_stop_price"": 1.2241199999999999, ""stop_price"": 1.22461, ""peak_unrealized_pnl"": 0.0}",STOP_MOVE_CHECK,NEAR-USDT-SWAP,unknown,ATR stop update,TRAIL_UPDATE,2026-03-27 00:48:26,20260327_002953_NEAR-USDT-SWAP_long
True,ATR stop update,True,"{""price"": 4.287, ""prev_stop_price"": 4.2743, ""stop_price"": 4.275, ""peak_unrealized_pnl"": 0.0}",STOP_MOVE_CHECK,KSM-USDT-SWAP,unknown,ATR stop update,TRAIL_UPDATE,2026-03-27 00:48:36,20260327_002955_KSM-USDT-SWAP_long
True,pyramid_added,True,"{""units"": 3, ""last_price"": null, ""next_pyramid_price"": 0.1095032239188165, ""retry_after_sec"": null}",ADD_UNIT_CHECK,OP-USDT-SWAP,unknown,,pyramid_added,2026-03-27 00:48:40,20260327_002958_OP-USDT-SWAP_long
True,ATR stop update,True,"{""price"": 0.1095, ""prev_stop_price"": 0.108512, ""stop_price"": 0.10866200000000001, ""peak_unrealized_pnl"": 6.591099999995348}",STOP_MOVE_CHECK,OP-USDT-SWAP,unknown,ATR stop update,TRAIL_UPDATE,2026-03-27 00:48:40,20260327_002958_OP-USDT-SWAP_long
False,нет свежего пробоя Donchian на последней закрытой свече,False,"{""score"": null, ""liquidity_score"": null, ""breakout_distance_atr"": null, ""freshness_score"": null}",ENTRY_CHECK,ACT-USDT-SWAP,no_fresh_breakout,нет свежего пробоя Donchian на последней закрытой свече,rejected,2026-03-27 00:48:59,
False,нет свежего пробоя Donchian на последней закрытой свече,False,"{""score"": null, ""liquidity_score"": null, ""breakout_distance_atr"": null, ""freshness_score"": null}",ENTRY_CHECK,AUCTION-USDT-SWAP,no_fresh_breakout,нет свежего пробоя Donchian на последней закрытой свече,rejected,2026-03-27 00:49:11,
False,нет свежего пробоя Donchian на последней закрытой свече,False,"{""score"": null, ""liquidity_score"": null, ""breakout_distance_atr"": null, ""freshness_score"": null}",ENTRY_CHECK,AXS-USDT-SWAP,no_fresh_breakout,нет свежего пробоя Donchian на последней закрытой свече,rejected,2026-03-27 00:49:14,
False,нет свежего пробоя Donchian на последней закрытой свече,False,"{""score"": null, ""liquidity_score"": null, ""breakout_distance_atr"": null, ""freshness_score"": null}",ENTRY_CHECK,BCH-USDT-SWAP,no_fresh_breakout,нет свежего пробоя Donchian на последней закрытой свече,rejected,2026-03-27 00:49:17,
False,нет свежего пробоя Donchian на последней закрытой свече,False,"{""score"": null, ""liquidity_score"": null, ""breakout_distance_atr"": null, ""freshness_score"": null}",ENTRY_CHECK,BTC-USDT-SWAP,no_fresh_breakout,нет свежего пробоя Donchian на последней закрытой свече,rejected,2026-03-27 00:49:26,
False,нет свежего пробоя Donchian на последней закрытой свече,False,"{""score"": null, ""liquidity_score"": null, ""breakout_distance_atr"": null, ""freshness_score"": null}",ENTRY_CHECK,COMP-USDT-SWAP,no_fresh_breakout,нет свежего пробоя Donchian на последней закрытой свече,rejected,2026-03-27 00:49:37,
False,нет свежего пробоя Donchian на последней закрытой свече,False,"{""score"": null, ""liquidity_score"": null, ""breakout_distance_atr"": null, ""freshness_score"": null}",ENTRY_CHECK,DOGE-USDT-SWAP,no_fresh_breakout,нет свежего пробоя Donchian на последней закрытой свече,rejected,2026-03-27 00:49:40,
False,нет свежего пробоя Donchian на последней закрытой свече,False,"{""score"": null, ""liquidity_score"": null, ""breakout_distance_atr"": null, ""freshness_score"": null}",ENTRY_CHECK,ETH-USDT-SWAP,no_fresh_breakout,нет свежего пробоя Donchian на последней закрытой свече,rejected,2026-03-27 00:49:45,
False,нет свежего пробоя Donchian на последней закрытой свече,False,"{""score"": null, ""liquidity_score"": null, ""breakout_distance_atr"": null, ""freshness_score"": null}",ENTRY_CHECK,LDO-USDT-SWAP,no_fresh_breakout,нет свежего пробоя Donchian на последней закрытой свече,rejected,2026-03-27 00:50:05,
False,нет свежего пробоя Donchian на последней закрытой свече,False,"{""score"": null, ""liquidity_score"": null, ""breakout_distance_atr"": null, ""freshness_score"": null}",ENTRY_CHECK,LINK-USDT-SWAP,no_fresh_breakout,нет свежего пробоя Donchian на последней закрытой свече,rejected,2026-03-27 00:50:08,
False,ATR warmup: цена или ATR недоступны после прогрева,False,"{""score"": null, ""liquidity_score"": null, ""breakout_distance_atr"": null, ""freshness_score"": null}",ENTRY_CHECK,LRC-USDT-SWAP,atr_warmup:_цена_или_atr_недоступны_после_прогрева,ATR warmup: цена или ATR недоступны после прогрева,rejected,2026-03-27 00:50:11,
False,нет свежего пробоя Donchian на последней закрытой свече,False,"{""score"": null, ""liquidity_score"": null, ""breakout_distance_atr"": null, ""freshness_score"": null}",ENTRY_CHECK,MET-USDT-SWAP,no_fresh_breakout,нет свежего пробоя Donchian на последней закрытой свече,rejected,2026-03-27 00:50:18,
False,нет свежего пробоя Donchian на последней закрытой свече,False,"{""score"": null, ""liquidity_score"": null, ""breakout_distance_atr"": null, ""freshness_score"": null}",ENTRY_CHECK,QTUM-USDT-SWAP,no_fresh_breakout,нет свежего пробоя Donchian на последней закрытой свече,rejected,2026-03-27 00:50:27,
False,нет свежего пробоя Donchian на последней закрытой свече,False,"{""score"": null, ""liquidity_score"": null, ""breakout_distance_atr"": null, ""freshness_score"": null}",ENTRY_CHECK,SYRUP-USDT-SWAP,no_fresh_breakout,нет свежего пробоя Donchian на последней закрытой свече,rejected,2026-03-27 00:50:44,
False,нет свежего пробоя Donchian на последней закрытой свече,False,"{""score"": null, ""liquidity_score"": null, ""breakout_distance_atr"": null, ""freshness_score"": null}",ENTRY_CHECK,XSR-USDT-SWAP,no_fresh_breakout,нет свежего пробоя Donchian на последней закрытой свече,rejected,2026-03-27 00:50:59,
False,нет свежего пробоя Donchian на последней закрытой свече,False,"{""score"": null, ""liquidity_score"": null, ""breakout_distance_atr"": null, ""freshness_score"": null}",ENTRY_CHECK,YGG-USDT-SWAP,no_fresh_breakout,нет свежего пробоя Donchian на последней закрытой свече,rejected,2026-03-27 00:51:04,
True,ATR stop update,True,"{""price"": 0.3737, ""prev_stop_price"": 0.37272, ""stop_price"": 0.37284, ""peak_unrealized_pnl"": 0.0}",STOP_MOVE_CHECK,XTZ-USDT-SWAP,unknown,ATR stop update,TRAIL_UPDATE,2026-03-27 00:51:33,20260326_235554_XTZ-USDT-SWAP_long
True,ATR stop update,True,"{""price"": 2.132, ""prev_stop_price"": 2.1255983774302, ""stop_price"": 2.1243983774302, ""peak_unrealized_pnl"": 0.0}",STOP_MOVE_CHECK,LPT-USDT-SWAP,unknown,ATR stop update,TRAIL_UPDATE,2026-03-27 00:52:18,20260326_235557_LPT-USDT-SWAP_short
True,ATR stop update,True,"{""price"": 4.28, ""prev_stop_price"": 4.275, ""stop_price"": 4.2757, ""peak_unrealized_pnl"": 0.0}",STOP_MOVE_CHECK,KSM-USDT-SWAP,unknown,ATR stop update,TRAIL_UPDATE,2026-03-27 00:52:37,20260327_002955_KSM-USDT-SWAP_long
True,ATR stop update,True,"{""price"": 0.1095, ""prev_stop_price"": 0.10866200000000001, ""stop_price"": 0.108708, ""peak_unrealized_pnl"": 6.591099999995348}",STOP_MOVE_CHECK,OP-USDT-SWAP,unknown,ATR stop update,TRAIL_UPDATE,2026-03-27 00:52:48,20260327_002958_OP-USDT-SWAP_long
True,ATR stop update,True,"{""price"": 1.32, ""prev_stop_price"": 1.296, ""stop_price"": 1.3142, ""peak_unrealized_pnl"": 0.0}",STOP_MOVE_CHECK,DOT-USDT-SWAP,unknown,ATR stop update,TRAIL_UPDATE,2026-03-27 00:52:52,20260327_004300_DOT-USDT-SWAP_long
False,нет свежего пробоя Donchian на последней закрытой свече,False,"{""score"": null, ""liquidity_score"": null, ""breakout_distance_atr"": null, ""freshness_score"": null}",ENTRY_CHECK,ACT-USDT-SWAP,no_fresh_breakout,нет свежего пробоя Donchian на последней закрытой свече,rejected,2026-03-27 00:53:05,
False,нет свежего пробоя Donchian на последней закрытой свече,False,"{""score"": null, ""liquidity_score"": null, ""breakout_distance_atr"": null, ""freshness_score"": null}",ENTRY_CHECK,ASTER-USDT-SWAP,no_fresh_breakout,нет свежего пробоя Donchian на последней закрытой свече,rejected,2026-03-27 00:53:16,
False,нет свежего пробоя Donchian на последней закрытой свече,False,"{""score"": null, ""liquidity_score"": null, ""breakout_distance_atr"": null, ""freshness_score"": null}",ENTRY_CHECK,COMP-USDT-SWAP,no_fresh_breakout,нет свежего пробоя Donchian на последней закрытой свече,rejected,2026-03-27 00:53:43,
False,нет свежего пробоя Donchian на последней закрытой свече,False,"{""score"": null, ""liquidity_score"": null, ""breakout_distance_atr"": null, ""freshness_score"": null}",ENTRY_CHECK,DOGE-USDT-SWAP,no_fresh_breakout,нет свежего пробоя Donchian на последней закрытой свече,rejected,2026-03-27 00:53:46,
False,нет свежего пробоя Donchian на последней закрытой свече,False,"{""score"": null, ""liquidity_score"": null, ""breakout_distance_atr"": null, ""freshness_score"": null}",ENTRY_CHECK,KAITO-USDT-SWAP,no_fresh_breakout,нет свежего пробоя Donchian на последней закрытой свече,rejected,2026-03-27 00:54:10,
False,нет свежего пробоя Donchian на последней закрытой свече,False,"{""score"": null, ""liquidity_score"": null, ""breakout_distance_atr"": null, ""freshness_score"": null}",ENTRY_CHECK,LDO-USDT-SWAP,no_fresh_breakout,нет свежего пробоя Donchian на последней закрытой свече,rejected,2026-03-27 00:54:12,
False,нет свежего пробоя Donchian на последней закрытой свече,False,"{""score"": null, ""liquidity_score"": null, ""breakout_distance_atr"": null, ""freshness_score"": null}",ENTRY_CHECK,LINK-USDT-SWAP,no_fresh_breakout,нет свежего пробоя Donchian на последней закрытой свече,rejected,2026-03-27 00:54:14,
False,ATR warmup: цена или ATR недоступны после прогрева,False,"{""score"": null, ""liquidity_score"": null, ""breakout_distance_atr"": null, ""freshness_score"": null}",ENTRY_CHECK,LRC-USDT-SWAP,atr_warmup:_цена_или_atr_недоступны_после_прогрева,ATR warmup: цена или ATR недоступны после прогрева,rejected,2026-03-27 00:54:17,
False,нет свежего пробоя Donchian на последней закрытой свече,False,"{""score"": null, ""liquidity_score"": null, ""breakout_distance_atr"": null, ""freshness_score"": null}",ENTRY_CHECK,MET-USDT-SWAP,no_fresh_breakout,нет свежего пробоя Donchian на последней закрытой свече,rejected,2026-03-27 00:54:25,
False,нет свежего пробоя Donchian на последней закрытой свече,False,"{""score"": null, ""liquidity_score"": null, ""breakout_distance_atr"": null, ""freshness_score"": null}",ENTRY_CHECK,QTUM-USDT-SWAP,no_fresh_breakout,нет свежего пробоя Donchian на последней закрытой свече,rejected,2026-03-27 00:54:34,
False,нет свежего пробоя Donchian на последней закрытой свече,False,"{""score"": null, ""liquidity_score"": null, ""breakout_distance_atr"": null, ""freshness_score"": null}",ENTRY_CHECK,SYRUP-USDT-SWAP,no_fresh_breakout,нет свежего пробоя Donchian на последней закрытой свече,rejected,2026-03-27 00:54:52,
False,нет свежего пробоя Donchian на последней закрытой свече,False,"{""score"": null, ""liquidity_score"": null, ""breakout_distance_atr"": null, ""freshness_score"": null}",ENTRY_CHECK,YGG-USDT-SWAP,no_fresh_breakout,нет свежего пробоя Donchian на последней закрытой свече,rejected,2026-03-27 00:55:09,
True,ATR stop update,True,"{""price"": 0.3737, ""prev_stop_price"": 0.37284, ""stop_price"": 0.37321, ""peak_unrealized_pnl"": 0.0}",STOP_MOVE_CHECK,XTZ-USDT-SWAP,unknown,ATR stop update,TRAIL_UPDATE,2026-03-27 00:55:37,20260326_235554_XTZ-USDT-SWAP_long
True,ATR stop update,True,"{""price"": 0.17329, ""prev_stop_price"": 0.1721910012790178, ""stop_price"": 0.1721400012790178, ""peak_unrealized_pnl"": 0.0}",STOP_MOVE_CHECK,XLM-USDT-SWAP,unknown,ATR stop update,TRAIL_UPDATE,2026-03-27 00:55:48,20260326_235555_XLM-USDT-SWAP_short
True,ATR stop update,True,"{""price"": 0.2198, ""prev_stop_price"": 0.21797, ""stop_price"": 0.21775999999999998, ""peak_unrealized_pnl"": 0.0}",STOP_MOVE_CHECK,CRV-USDT-SWAP,unknown,ATR stop update,TRAIL_UPDATE,2026-03-27 00:55:59,20260326_235556_CRV-USDT-SWAP_short
True,ATR stop update,True,"{""price"": 86.82, ""prev_stop_price"": 86.083, ""stop_price"": 85.994, ""peak_unrealized_pnl"": 0.0}",STOP_MOVE_CHECK,SOL-USDT-SWAP,unknown,ATR stop update,TRAIL_UPDATE,2026-03-27 00:56:10,20260326_235556_SOL-USDT-SWAP_short
True,ATR stop update,True,"{""price"": 2.963, ""prev_stop_price"": 2.93614699045247, ""stop_price"": 2.93294699045247, ""peak_unrealized_pnl"": 0.0}",STOP_MOVE_CHECK,INJ-USDT-SWAP,unknown,ATR stop update,TRAIL_UPDATE,2026-03-27 00:56:20,20260326_235556_INJ-USDT-SWAP_short
True,ATR stop update,True,"{""price"": 2.132, ""prev_stop_price"": 2.1243983774302, ""stop_price"": 2.1208983774302004, ""peak_unrealized_pnl"": 0.0}",STOP_MOVE_CHECK,LPT-USDT-SWAP,unknown,ATR stop update,TRAIL_UPDATE,2026-03-27 00:56:31,20260326_235557_LPT-USDT-SWAP_short
True,ATR stop update,True,"{""price"": 1.2279, ""prev_stop_price"": 1.22461, ""stop_price"": 1.22664, ""peak_unrealized_pnl"": 0.0}",STOP_MOVE_CHECK,NEAR-USDT-SWAP,unknown,ATR stop update,TRAIL_UPDATE,2026-03-27 00:56:42,20260327_002953_NEAR-USDT-SWAP_long
True,ATR stop update,True,"{""price"": 4.28, ""prev_stop_price"": 4.2757, ""stop_price"": 4.2806999999999995, ""peak_unrealized_pnl"": 0.0}",STOP_MOVE_CHECK,KSM-USDT-SWAP,unknown,ATR stop update,TRAIL_UPDATE,2026-03-27 00:56:52,20260327_002955_KSM-USDT-SWAP_long
True,ATR stop update,True,"{""price"": 0.1095, ""prev_stop_price"": 0.108708, ""stop_price"": 0.108803, ""peak_unrealized_pnl"": 6.591099999995348}",STOP_MOVE_CHECK,OP-USDT-SWAP,unknown,ATR stop update,TRAIL_UPDATE,2026-03-27 00:57:03,20260327_002958_OP-USDT-SWAP_long
False,нет свежего пробоя Donchian на последней закрытой свече,False,"{""score"": null, ""liquidity_score"": null, ""breakout_distance_atr"": null, ""freshness_score"": null}",ENTRY_CHECK,1INCH-USDT-SWAP,no_fresh_breakout,нет свежего пробоя Donchian на последней закрытой свече,rejected,2026-03-27 00:57:34,
False,нет свежего пробоя Donchian на последней закрытой свече,False,"{""score"": null, ""liquidity_score"": null, ""breakout_distance_atr"": null, ""freshness_score"": null}",ENTRY_CHECK,ACT-USDT-SWAP,no_fresh_breakout,нет свежего пробоя Donchian на последней закрытой свече,rejected,2026-03-27 00:57:34,
False,нет свежего пробоя Donchian на последней закрытой свече,False,"{""score"": null, ""liquidity_score"": null, ""breakout_distance_atr"": null, ""freshness_score"": null}",ENTRY_CHECK,ASTER-USDT-SWAP,no_fresh_breakout,нет свежего пробоя Donchian на последней закрытой свече,rejected,2026-03-27 00:57:37,
False,нет свежего пробоя Donchian на последней закрытой свече,False,"{""score"": null, ""liquidity_score"": null, ""breakout_distance_atr"": null, ""freshness_score"": null}",ENTRY_CHECK,AUCTION-USDT-SWAP,no_fresh_breakout,нет свежего пробоя Donchian на последней закрытой свече,rejected,2026-03-27 00:57:40,
False,нет свежего пробоя Donchian на последней закрытой свече,False,"{""score"": null, ""liquidity_score"": null, ""breakout_distance_atr"": null, ""freshness_score"": null}",ENTRY_CHECK,BCH-USDT-SWAP,no_fresh_breakout,нет свежего пробоя Donchian на последней закрытой свече,rejected,2026-03-27 00:57:46,
False,нет свежего пробоя Donchian на последней закрытой свече,False,"{""score"": null, ""liquidity_score"": null, ""breakout_distance_atr"": null, ""freshness_score"": null}",ENTRY_CHECK,COMP-USDT-SWAP,no_fresh_breakout,нет свежего пробоя Donchian на последней закрытой свече,rejected,2026-03-27 00:58:05,
False,нет свежего пробоя Donchian на последней закрытой свече,False,"{""score"": null, ""liquidity_score"": null, ""breakout_distance_atr"": null, ""freshness_score"": null}",ENTRY_CHECK,KAITO-USDT-SWAP,no_fresh_breakout,нет свежего пробоя Donchian на последней закрытой свече,rejected,2026-03-27 00:58:34,
False,нет свежего пробоя Donchian на последней закрытой свече,False,"{""score"": null, ""liquidity_score"": null, ""breakout_distance_atr"": null, ""freshness_score"": null}",ENTRY_CHECK,LDO-USDT-SWAP,no_fresh_breakout,нет свежего пробоя Donchian на последней закрытой свече,rejected,2026-03-27 00:58:35,
False,нет свежего пробоя Donchian на последней закрытой свече,False,"{""score"": null, ""liquidity_score"": null, ""breakout_distance_atr"": null, ""freshness_score"": null}",ENTRY_CHECK,LINK-USDT-SWAP,no_fresh_breakout,нет свежего пробоя Donchian на последней закрытой свече,rejected,2026-03-27 00:58:38,
False,ATR warmup: цена или ATR недоступны после прогрева,False,"{""score"": null, ""liquidity_score"": null, ""breakout_distance_atr"": null, ""freshness_score"": null}",ENTRY_CHECK,LRC-USDT-SWAP,atr_warmup:_цена_или_atr_недоступны_после_прогрева,ATR warmup: цена или ATR недоступны после прогрева,rejected,2026-03-27 00:58:41,
False,нет свежего пробоя Donchian на последней закрытой свече,False,"{""score"": null, ""liquidity_score"": null, ""breakout_distance_atr"": null, ""freshness_score"": null}",ENTRY_CHECK,MET-USDT-SWAP,no_fresh_breakout,нет свежего пробоя Donchian на последней закрытой свече,rejected,2026-03-27 00:58:48,
False,нет свежего пробоя Donchian на последней закрытой свече,False,"{""score"": null, ""liquidity_score"": null, ""breakout_distance_atr"": null, ""freshness_score"": null}",ENTRY_CHECK,QTUM-USDT-SWAP,no_fresh_breakout,нет свежего пробоя Donchian на последней закрытой свече,rejected,2026-03-27 00:58:57,
False,нет свежего пробоя Donchian на последней закрытой свече,False,"{""score"": null, ""liquidity_score"": null, ""breakout_distance_atr"": null, ""freshness_score"": null}",ENTRY_CHECK,SYRUP-USDT-SWAP,no_fresh_breakout,нет свежего пробоя Donchian на последней закрытой свече,rejected,2026-03-27 00:59:13,
False,нет свежего пробоя Donchian на последней закрытой свече,False,"{""score"": null, ""liquidity_score"": null, ""breakout_distance_atr"": null, ""freshness_score"": null}",ENTRY_CHECK,YGG-USDT-SWAP,no_fresh_breakout,нет свежего пробоя Donchian на последней закрытой свече,rejected,2026-03-27 00:59:30,
True,Синхронизация: позиция отсутствует на бирже,True,"{""units"": 4, ""last_price"": null, ""next_pyramid_price"": null, ""retry_after_sec"": null}",EXIT_CHECK,XTZ-USDT-SWAP,синхронизация:_позиция_отсутствует_на_бирже,Синхронизация: позиция отсутствует на бирже,position_closed,2026-03-27 01:00:04,20260326_235554_XTZ-USDT-SWAP_long
True,ATR stop update,True,"{""price"": 86.77, ""prev_stop_price"": 85.994, ""stop_price"": 85.972, ""peak_unrealized_pnl"": 0.0}",STOP_MOVE_CHECK,SOL-USDT-SWAP,unknown,ATR stop update,TRAIL_UPDATE,2026-03-27 01:00:34,20260326_235556_SOL-USDT-SWAP_short
True,ATR stop update,True,"{""price"": 2.132, ""prev_stop_price"": 2.1208983774302004, ""stop_price"": 2.1204983774302004, ""peak_unrealized_pnl"": 0.0}",STOP_MOVE_CHECK,LPT-USDT-SWAP,unknown,ATR stop update,TRAIL_UPDATE,2026-03-27 01:00:45,20260326_235557_LPT-USDT-SWAP_short
True,ATR stop update,True,"{""price"": 0.1092, ""prev_stop_price"": 0.108803, ""stop_price"": 0.108972, ""peak_unrealized_pnl"": 6.591099999995348}",STOP_MOVE_CHECK,OP-USDT-SWAP,unknown,ATR stop update,TRAIL_UPDATE,2026-03-27 01:01:13,20260327_002958_OP-USDT-SWAP_long
False,нет свежего пробоя Donchian на последней закрытой свече,False,"{""score"": null, ""liquidity_score"": null, ""breakout_distance_atr"": null, ""freshness_score"": null}",ENTRY_CHECK,1INCH-USDT-SWAP,no_fresh_breakout,нет свежего пробоя Donchian на последней закрытой свече,rejected,2026-03-27 01:01:44,
False,нет свежего пробоя Donchian на последней закрытой свече,False,"{""score"": null, ""liquidity_score"": null, ""breakout_distance_atr"": null, ""freshness_score"": null}",ENTRY_CHECK,ACT-USDT-SWAP,no_fresh_breakout,нет свежего пробоя Donchian на последней закрытой свече,rejected,2026-03-27 01:01:50,
False,нет свежего пробоя Donchian на последней закрытой свече,False,"{""score"": null, ""liquidity_score"": null, ""breakout_distance_atr"": null, ""freshness_score"": null}",ENTRY_CHECK,AUCTION-USDT-SWAP,no_fresh_breakout,нет свежего пробоя Donchian на последней закрытой свече,rejected,2026-03-27 01:01:58,
False,нет свежего пробоя Donchian на последней закрытой свече,False,"{""score"": null, ""liquidity_score"": null, ""breakout_distance_atr"": null, ""freshness_score"": null}",ENTRY_CHECK,BCH-USDT-SWAP,no_fresh_breakout,нет свежего пробоя Donchian на последней закрытой свече,rejected,2026-03-27 01:01:58,
False,нет свежего пробоя Donchian на последней закрытой свече,False,"{""score"": null, ""liquidity_score"": null, ""breakout_distance_atr"": null, ""freshness_score"": null}",ENTRY_CHECK,BTC-USDT-SWAP,no_fresh_breakout,нет свежего пробоя Donchian на последней закрытой свече,rejected,2026-03-27 01:02:03,
False,нет свежего пробоя Donchian на последней закрытой свече,False,"{""score"": null, ""liquidity_score"": null, ""breakout_distance_atr"": null, ""freshness_score"": null}",ENTRY_CHECK,COMP-USDT-SWAP,no_fresh_breakout,нет свежего пробоя Donchian на последней закрытой свече,rejected,2026-03-27 01:02:13,
False,нет свежего пробоя Donchian на последней закрытой свече,False,"{""score"": null, ""liquidity_score"": null, ""breakout_distance_atr"": null, ""freshness_score"": null}",ENTRY_CHECK,DOGE-USDT-SWAP,no_fresh_breakout,нет свежего пробоя Donchian на последней закрытой свече,rejected,2026-03-27 01:02:16,
False,нет свежего пробоя Donchian на последней закрытой свече,False,"{""score"": null, ""liquidity_score"": null, ""breakout_distance_atr"": null, ""freshness_score"": null}",ENTRY_CHECK,KAITO-USDT-SWAP,no_fresh_breakout,нет свежего пробоя Donchian на последней закрытой свече,rejected,2026-03-27 01:02:40,
False,нет свежего пробоя Donchian на последней закрытой свече,False,"{""score"": null, ""liquidity_score"": null, ""breakout_distance_atr"": null, ""freshness_score"": null}",ENTRY_CHECK,LDO-USDT-SWAP,no_fresh_breakout,нет свежего пробоя Donchian на последней закрытой свече,rejected,2026-03-27 01:02:42,
False,ATR warmup: цена или ATR недоступны после прогрева,False,"{""score"": null, ""liquidity_score"": null, ""breakout_distance_atr"": null, ""freshness_score"": null}",ENTRY_CHECK,LRC-USDT-SWAP,atr_warmup:_цена_или_atr_недоступны_после_прогрева,ATR warmup: цена или ATR недоступны после прогрева,rejected,2026-03-27 01:02:47,
False,ATR warmup: цена или ATR недоступны после прогрева,False,"{""score"": null, ""liquidity_score"": null, ""breakout_distance_atr"": null, ""freshness_score"": null}",ENTRY_CHECK,MET-USDT-SWAP,atr_warmup:_цена_или_atr_недоступны_после_прогрева,ATR warmup: цена или ATR недоступны после прогрева,rejected,2026-03-27 01:02:55,
False,нет свежего пробоя Donchian на последней закрытой свече,False,"{""score"": null, ""liquidity_score"": null, ""breakout_distance_atr"": null, ""freshness_score"": null}",ENTRY_CHECK,QTUM-USDT-SWAP,no_fresh_breakout,нет свежего пробоя Donchian на последней закрытой свече,rejected,2026-03-27 01:03:03,
False,нет свежего пробоя Donchian на последней закрытой свече,False,"{""score"": null, ""liquidity_score"": null, ""breakout_distance_atr"": null, ""freshness_score"": null}",ENTRY_CHECK,YGG-USDT-SWAP,no_fresh_breakout,нет свежего пробоя Donchian на последней закрытой свече,rejected,2026-03-27 01:03:42,
True,ATR stop update,True,"{""price"": 2.878, ""prev_stop_price"": 2.8747000000000003, ""stop_price"": 2.8684000000000003, ""peak_unrealized_pnl"": 0.0}",STOP_MOVE_CHECK,NEO-USDT-SWAP,unknown,ATR stop update,TRAIL_UPDATE,2026-03-27 01:04:04,20260326_235554_NEO-USDT-SWAP_short
True,ATR stop update,True,"{""price"": 2.963, ""prev_stop_price"": 2.93294699045247, ""stop_price"": 2.93224699045247, ""peak_unrealized_pnl"": 0.0}",STOP_MOVE_CHECK,INJ-USDT-SWAP,unknown,ATR stop update,TRAIL_UPDATE,2026-03-27 01:04:41,20260326_235556_INJ-USDT-SWAP_short
True,Синхронизация: позиция отсутствует на бирже,True,"{""units"": 2, ""last_price"": null, ""next_pyramid_price"": null, ""retry_after_sec"": null}",EXIT_CHECK,KSM-USDT-SWAP,синхронизация:_позиция_отсутствует_на_бирже,Синхронизация: позиция отсутствует на бирже,position_closed,2026-03-27 01:05:12,20260327_002955_KSM-USDT-SWAP_long
True,pyramid_added,True,"{""units"": 4, ""last_price"": null, ""next_pyramid_price"": 0.10949348261254441, ""retry_after_sec"": null}",ADD_UNIT_CHECK,OP-USDT-SWAP,unknown,,pyramid_added,2026-03-27 01:05:24,20260327_002958_OP-USDT-SWAP_long
False,нет свежего пробоя Donchian на последней закрытой свече,False,"{""score"": null, ""liquidity_score"": null, ""breakout_distance_atr"": null, ""freshness_score"": null}",ENTRY_CHECK,1INCH-USDT-SWAP,no_fresh_breakout,нет свежего пробоя Donchian на последней закрытой свече,rejected,2026-03-27 01:05:56,
False,нет свежего пробоя Donchian на последней закрытой свече,False,"{""score"": null, ""liquidity_score"": null, ""breakout_distance_atr"": null, ""freshness_score"": null}",ENTRY_CHECK,ACT-USDT-SWAP,no_fresh_breakout,нет свежего пробоя Donchian на последней закрытой свече,rejected,2026-03-27 01:06:01,
False,нет свежего пробоя Donchian на последней закрытой свече,False,"{""score"": null, ""liquidity_score"": null, ""breakout_distance_atr"": null, ""freshness_score"": null}",ENTRY_CHECK,AUCTION-USDT-SWAP,no_fresh_breakout,нет свежего пробоя Donchian на последней закрытой свече,rejected,2026-03-27 01:06:14,
False,нет свежего пробоя Donchian на последней закрытой свече,False,"{""score"": null, ""liquidity_score"": null, ""breakout_distance_atr"": null, ""freshness_score"": null}",ENTRY_CHECK,BCH-USDT-SWAP,no_fresh_breakout,нет свежего пробоя Donchian на последней закрытой свече,rejected,2026-03-27 01:06:20,
False,нет свежего пробоя Donchian на последней закрытой свече,False,"{""score"": null, ""liquidity_score"": null, ""breakout_distance_atr"": null, ""freshness_score"": null}",ENTRY_CHECK,COMP-USDT-SWAP,no_fresh_breakout,нет свежего пробоя Donchian на последней закрытой свече,rejected,2026-03-27 01:06:25,
False,нет свежего пробоя Donchian на последней закрытой свече,False,"{""score"": null, ""liquidity_score"": null, ""breakout_distance_atr"": null, ""freshness_score"": null}",ENTRY_CHECK,DOGE-USDT-SWAP,no_fresh_breakout,нет свежего пробоя Donchian на последней закрытой свече,rejected,2026-03-27 01:06:28,
False,нет свежего пробоя Donchian на последней закрытой свече,False,"{""score"": null, ""liquidity_score"": null, ""breakout_distance_atr"": null, ""freshness_score"": null}",ENTRY_CHECK,ETH-USDT-SWAP,no_fresh_breakout,нет свежего пробоя Donchian на последней закрытой свече,rejected,2026-03-27 01:06:33,
False,нет свежего пробоя Donchian на последней закрытой свече,False,"{""score"": null, ""liquidity_score"": null, ""breakout_distance_atr"": null, ""freshness_score"": null}",ENTRY_CHECK,KAITO-USDT-SWAP,no_fresh_breakout,нет свежего пробоя Donchian на последней закрытой свече,rejected,2026-03-27 01:06:53,
False,нет свежего пробоя Donchian на последней закрытой свече,False,"{""score"": null, ""liquidity_score"": null, ""breakout_distance_atr"": null, ""freshness_score"": null}",ENTRY_CHECK,KSM-USDT-SWAP,no_fresh_breakout,нет свежего пробоя Donchian на последней закрытой свече,rejected,2026-03-27 01:06:55,
False,нет свежего пробоя Donchian на последней закрытой свече,False,"{""score"": null, ""liquidity_score"": null, ""breakout_distance_atr"": null, ""freshness_score"": null}",ENTRY_CHECK,LDO-USDT-SWAP,no_fresh_breakout,нет свежего пробоя Donchian на последней закрытой свече,rejected,2026-03-27 01:06:56,
False,нет свежего пробоя Donchian на последней закрытой свече,False,"{""score"": null, ""liquidity_score"": null, ""breakout_distance_atr"": null, ""freshness_score"": null}",ENTRY_CHECK,LINK-USDT-SWAP,no_fresh_breakout,нет свежего пробоя Donchian на последней закрытой свече,rejected,2026-03-27 01:06:59,
False,ATR warmup: цена или ATR недоступны после прогрева,False,"{""score"": null, ""liquidity_score"": null, ""breakout_distance_atr"": null, ""freshness_score"": null}",ENTRY_CHECK,LRC-USDT-SWAP,atr_warmup:_цена_или_atr_недоступны_после_прогрева,ATR warmup: цена или ATR недоступны после прогрева,rejected,2026-03-27 01:07:01,
False,ATR warmup: цена или ATR недоступны после прогрева,False,"{""score"": null, ""liquidity_score"": null, ""breakout_distance_atr"": null, ""freshness_score"": null}",ENTRY_CHECK,MET-USDT-SWAP,atr_warmup:_цена_или_atr_недоступны_после_прогрева,ATR warmup: цена или ATR недоступны после прогрева,rejected,2026-03-27 01:07:08,
False,нет свежего пробоя Donchian на последней закрытой свече,False,"{""score"": null, ""liquidity_score"": null, ""breakout_distance_atr"": null, ""freshness_score"": null}",ENTRY_CHECK,QTUM-USDT-SWAP,no_fresh_breakout,нет свежего пробоя Donchian на последней закрытой свече,rejected,2026-03-27 01:07:16,
False,нет свежего пробоя Donchian на последней закрытой свече,False,"{""score"": null, ""liquidity_score"": null, ""breakout_distance_atr"": null, ""freshness_score"": null}",ENTRY_CHECK,YGG-USDT-SWAP,no_fresh_breakout,нет свежего пробоя Donchian на последней закрытой свече,rejected,2026-03-27 01:07:53,
True,ATR stop update,True,"{""price"": 0.17328, ""prev_stop_price"": 0.1721400012790178, ""stop_price"": 0.1720540012790178, ""peak_unrealized_pnl"": 0.0}",STOP_MOVE_CHECK,XLM-USDT-SWAP,unknown,ATR stop update,TRAIL_UPDATE,2026-03-27 01:08:26,20260326_235555_XLM-USDT-SWAP_short
True,ATR stop update,True,"{""price"": 2.132, ""prev_stop_price"": 2.1204983774302004, ""stop_price"": 2.1200983774302005, ""peak_unrealized_pnl"": 0.0}",STOP_MOVE_CHECK,LPT-USDT-SWAP,unknown,ATR stop update,TRAIL_UPDATE,2026-03-27 01:09:03,20260326_235557_LPT-USDT-SWAP_short
False,нет свежего пробоя Donchian на последней закрытой свече,False,"{""score"": null, ""liquidity_score"": null, ""breakout_distance_atr"": null, ""freshness_score"": null}",ENTRY_CHECK,1INCH-USDT-SWAP,no_fresh_breakout,нет свежего пробоя Donchian на последней закрытой свече,rejected,2026-03-27 01:09:46,
False,нет свежего пробоя Donchian на последней закрытой свече,False,"{""score"": null, ""liquidity_score"": null, ""breakout_distance_atr"": null, ""freshness_score"": null}",ENTRY_CHECK,ACT-USDT-SWAP,no_fresh_breakout,нет свежего пробоя Donchian на последней закрытой свече,rejected,2026-03-27 01:09:52,
False,нет свежего пробоя Donchian на последней закрытой свече,False,"{""score"": null, ""liquidity_score"": null, ""breakout_distance_atr"": null, ""freshness_score"": null}",ENTRY_CHECK,ASTER-USDT-SWAP,no_fresh_breakout,нет свежего пробоя Donchian на последней закрытой свече,rejected,2026-03-27 01:10:01,
False,нет свежего пробоя Donchian на последней закрытой свече,False,"{""score"": null, ""liquidity_score"": null, ""breakout_distance_atr"": null, ""freshness_score"": null}",ENTRY_CHECK,BCH-USDT-SWAP,no_fresh_breakout,нет свежего пробоя Donchian на последней закрытой свече,rejected,2026-03-27 01:10:10,
False,нет свежего пробоя Donchian на последней закрытой свече,False,"{""score"": null, ""liquidity_score"": null, ""breakout_distance_atr"": null, ""freshness_score"": null}",ENTRY_CHECK,BTC-USDT-SWAP,no_fresh_breakout,нет свежего пробоя Donchian на последней закрытой свече,rejected,2026-03-27 01:10:19,
False,нет свежего пробоя Donchian на последней закрытой свече,False,"{""score"": null, ""liquidity_score"": null, ""breakout_distance_atr"": null, ""freshness_score"": null}",ENTRY_CHECK,DOGE-USDT-SWAP,no_fresh_breakout,нет свежего пробоя Donchian на последней закрытой свече,rejected,2026-03-27 01:10:27,
False,нет свежего пробоя Donchian на последней закрытой свече,False,"{""score"": null, ""liquidity_score"": null, ""breakout_distance_atr"": null, ""freshness_score"": null}",ENTRY_CHECK,KAITO-USDT-SWAP,no_fresh_breakout,нет свежего пробоя Donchian на последней закрытой свече,rejected,2026-03-27 01:10:46,
False,нет свежего пробоя Donchian на последней закрытой свече,False,"{""score"": null, ""liquidity_score"": null, ""breakout_distance_atr"": null, ""freshness_score"": null}",ENTRY_CHECK,KSM-USDT-SWAP,no_fresh_breakout,нет свежего пробоя Donchian на последней закрытой свече,rejected,2026-03-27 01:10:48,
False,нет свежего пробоя Donchian на последней закрытой свече,False,"{""score"": null, ""liquidity_score"": null, ""breakout_distance_atr"": null, ""freshness_score"": null}",ENTRY_CHECK,LDO-USDT-SWAP,no_fresh_breakout,нет свежего пробоя Donchian на последней закрытой свече,rejected,2026-03-27 01:10:49,
False,нет свежего пробоя Donchian на последней закрытой свече,False,"{""score"": null, ""liquidity_score"": null, ""breakout_distance_atr"": null, ""freshness_score"": null}",ENTRY_CHECK,LINK-USDT-SWAP,no_fresh_breakout,нет свежего пробоя Donchian на последней закрытой свече,rejected,2026-03-27 01:10:52,
False,ATR warmup: цена или ATR недоступны после прогрева,False,"{""score"": null, ""liquidity_score"": null, ""breakout_distance_atr"": null, ""freshness_score"": null}",ENTRY_CHECK,LRC-USDT-SWAP,atr_warmup:_цена_или_atr_недоступны_после_прогрева,ATR warmup: цена или ATR недоступны после прогрева,rejected,2026-03-27 01:10:55,
False,ATR warmup: цена или ATR недоступны после прогрева,False,"{""score"": null, ""liquidity_score"": null, ""breakout_distance_atr"": null, ""freshness_score"": null}",ENTRY_CHECK,MET-USDT-SWAP,atr_warmup:_цена_или_atr_недоступны_после_прогрева,ATR warmup: цена или ATR недоступны после прогрева,rejected,2026-03-27 01:11:02,
False,нет свежего пробоя Donchian на последней закрытой свече,False,"{""score"": null, ""liquidity_score"": null, ""breakout_distance_atr"": null, ""freshness_score"": null}",ENTRY_CHECK,QTUM-USDT-SWAP,no_fresh_breakout,нет свежего пробоя Donchian на последней закрытой свече,rejected,2026-03-27 01:11:10,
False,нет свежего пробоя Donchian на последней закрытой свече,False,"{""score"": null, ""liquidity_score"": null, ""breakout_distance_atr"": null, ""freshness_score"": null}",ENTRY_CHECK,TSLA-USDT-SWAP,no_fresh_breakout,нет свежего пробоя Donchian на последней закрытой свече,rejected,2026-03-27 01:11:36,
False,нет свежего пробоя Donchian на последней закрытой свече,False,"{""score"": null, ""liquidity_score"": null, ""breakout_distance_atr"": null, ""freshness_score"": null}",ENTRY_CHECK,YGG-USDT-SWAP,no_fresh_breakout,нет свежего пробоя Donchian на последней закрытой свече,rejected,2026-03-27 01:11:48,
True,ATR stop update,True,"{""price"": 2.878, ""prev_stop_price"": 2.8684000000000003, ""stop_price"": 2.857, ""peak_unrealized_pnl"": 0.0}",STOP_MOVE_CHECK,NEO-USDT-SWAP,unknown,ATR stop update,TRAIL_UPDATE,2026-03-27 01:12:11,20260326_235554_NEO-USDT-SWAP_short
True,ATR stop update,True,"{""price"": 0.17328, ""prev_stop_price"": 0.1720540012790178, ""stop_price"": 0.1719840012790178, ""peak_unrealized_pnl"": 0.0}",STOP_MOVE_CHECK,XLM-USDT-SWAP,unknown,ATR stop update,TRAIL_UPDATE,2026-03-27 01:12:22,20260326_235555_XLM-USDT-SWAP_short
True,ATR stop update,True,"{""price"": 0.2203, ""prev_stop_price"": 0.21775999999999998, ""stop_price"": 0.21763, ""peak_unrealized_pnl"": 0.0}",STOP_MOVE_CHECK,CRV-USDT-SWAP,unknown,ATR stop update,TRAIL_UPDATE,2026-03-27 01:12:33,20260326_235556_CRV-USDT-SWAP_short
True,ATR stop update,True,"{""price"": 2.957, ""prev_stop_price"": 2.93224699045247, ""stop_price"": 2.9313469904524703, ""peak_unrealized_pnl"": 0.0}",STOP_MOVE_CHECK,INJ-USDT-SWAP,unknown,ATR stop update,TRAIL_UPDATE,2026-03-27 01:12:52,20260326_235556_INJ-USDT-SWAP_short
True,ATR stop update,True,"{""price"": 1.2219, ""prev_stop_price"": 1.22664, ""stop_price"": 1.22699, ""peak_unrealized_pnl"": 0.0}",STOP_MOVE_CHECK,NEAR-USDT-SWAP,unknown,ATR stop update,TRAIL_UPDATE,2026-03-27 01:13:10,20260327_002953_NEAR-USDT-SWAP_long
True,TURTLE stop update,True,"{""price"": 0.1096, ""prev_stop_price"": 0.10854, ""stop_price"": 0.10865, ""peak_unrealized_pnl"": 10.808699999990786}",STOP_MOVE_CHECK,OP-USDT-SWAP,unknown,TURTLE stop update,TRAIL_UPDATE,2026-03-27 01:13:14,20260327_002958_OP-USDT-SWAP_long
False,нет свежего пробоя Donchian на последней закрытой свече,False,"{""score"": null, ""liquidity_score"": null, ""breakout_distance_atr"": null, ""freshness_score"": null}",ENTRY_CHECK,1INCH-USDT-SWAP,no_fresh_breakout,нет свежего пробоя Donchian на последней закрытой свече,rejected,2026-03-27 01:13:46,
False,нет свежего пробоя Donchian на последней закрытой свече,False,"{""score"": null, ""liquidity_score"": null, ""breakout_distance_atr"": null, ""freshness_score"": null}",ENTRY_CHECK,ACT-USDT-SWAP,no_fresh_breakout,нет свежего пробоя Donchian на последней закрытой свече,rejected,2026-03-27 01:13:52,
False,нет свежего пробоя Donchian на последней закрытой свече,False,"{""score"": null, ""liquidity_score"": null, ""breakout_distance_atr"": null, ""freshness_score"": null}",ENTRY_CHECK,AUCTION-USDT-SWAP,no_fresh_breakout,нет свежего пробоя Donchian на последней закрытой свече,rejected,2026-03-27 01:14:05,
False,нет свежего пробоя Donchian на последней закрытой свече,False,"{""score"": null, ""liquidity_score"": null, ""breakout_distance_atr"": null, ""freshness_score"": null}",ENTRY_CHECK,BTC-USDT-SWAP,no_fresh_breakout,нет свежего пробоя Donchian на последней закрытой свече,rejected,2026-03-27 01:14:19,
False,нет свежего пробоя Donchian на последней закрытой свече,False,"{""score"": null, ""liquidity_score"": null, ""breakout_distance_atr"": null, ""freshness_score"": null}",ENTRY_CHECK,COMP-USDT-SWAP,no_fresh_breakout,нет свежего пробоя Donchian на последней закрытой свече,rejected,2026-03-27 01:14:29,
False,нет свежего пробоя Donchian на последней закрытой свече,False,"{""score"": null, ""liquidity_score"": null, ""breakout_distance_atr"": null, ""freshness_score"": null}",ENTRY_CHECK,DOGE-USDT-SWAP,no_fresh_breakout,нет свежего пробоя Donchian на последней закрытой свече,rejected,2026-03-27 01:14:32,
False,закрытие не удержалось ниже канала,False,"{""score"": null, ""liquidity_score"": null, ""breakout_distance_atr"": null, ""freshness_score"": null}",ENTRY_CHECK,ETH-USDT-SWAP,закрытие_не_удержалось_ниже_канала,закрытие не удержалось ниже канала,rejected,2026-03-27 01:14:38,
False,закрытие не удержалось ниже канала,False,"{""score"": null, ""liquidity_score"": null, ""breakout_distance_atr"": null, ""freshness_score"": null}",ENTRY_CHECK,ETH-USDT-SWAP,закрытие_не_удержалось_ниже_канала,закрытие не удержалось ниже канала,rejected,2026-03-27 01:14:38,
False,нет свежего пробоя Donchian на последней закрытой свече,False,"{""score"": null, ""liquidity_score"": null, ""breakout_distance_atr"": null, ""freshness_score"": null}",ENTRY_CHECK,KSM-USDT-SWAP,no_fresh_breakout,нет свежего пробоя Donchian на последней закрытой свече,rejected,2026-03-27 01:14:45,
False,нет свежего пробоя Donchian на последней закрытой свече,False,"{""score"": null, ""liquidity_score"": null, ""breakout_distance_atr"": null, ""freshness_score"": null}",ENTRY_CHECK,LDO-USDT-SWAP,no_fresh_breakout,нет свежего пробоя Donchian на последней закрытой свече,rejected,2026-03-27 01:14:47,
False,нет свежего пробоя Donchian на последней закрытой свече,False,"{""score"": null, ""liquidity_score"": null, ""breakout_distance_atr"": null, ""freshness_score"": null}",ENTRY_CHECK,LINK-USDT-SWAP,no_fresh_breakout,нет свежего пробоя Donchian на последней закрытой свече,rejected,2026-03-27 01:14:50,
False,ATR warmup: цена или ATR недоступны после прогрева,False,"{""score"": null, ""liquidity_score"": null, ""breakout_distance_atr"": null, ""freshness_score"": null}",ENTRY_CHECK,LRC-USDT-SWAP,atr_warmup:_цена_или_atr_недоступны_после_прогрева,ATR warmup: цена или ATR недоступны после прогрева,rejected,2026-03-27 01:14:53,
False,ATR warmup: цена или ATR недоступны после прогрева,False,"{""score"": null, ""liquidity_score"": null, ""breakout_distance_atr"": null, ""freshness_score"": null}",ENTRY_CHECK,MET-USDT-SWAP,atr_warmup:_цена_или_atr_недоступны_после_прогрева,ATR warmup: цена или ATR недоступны после прогрева,rejected,2026-03-27 01:15:00,
False,нет свежего пробоя Donchian на последней закрытой свече,False,"{""score"": null, ""liquidity_score"": null, ""breakout_distance_atr"": null, ""freshness_score"": null}",ENTRY_CHECK,QTUM-USDT-SWAP,no_fresh_breakout,нет свежего пробоя Donchian на последней закрытой свече,rejected,2026-03-27 01:15:07,
False,нет свежего пробоя Donchian на последней закрытой свече,False,"{""score"": null, ""liquidity_score"": null, ""breakout_distance_atr"": null, ""freshness_score"": null}",ENTRY_CHECK,SYRUP-USDT-SWAP,no_fresh_breakout,нет свежего пробоя Donchian на последней закрытой свече,rejected,2026-03-27 01:15:25,
False,нет свежего пробоя Donchian на последней закрытой свече,False,"{""score"": null, ""liquidity_score"": null, ""breakout_distance_atr"": null, ""freshness_score"": null}",ENTRY_CHECK,TSLA-USDT-SWAP,no_fresh_breakout,нет свежего пробоя Donchian на последней закрытой свече,rejected,2026-03-27 01:15:32,
False,нет свежего пробоя Donchian на последней закрытой свече,False,"{""score"": null, ""liquidity_score"": null, ""breakout_distance_atr"": null, ""freshness_score"": null}",ENTRY_CHECK,YGG-USDT-SWAP,no_fresh_breakout,нет свежего пробоя Donchian на последней закрытой свече,rejected,2026-03-27 01:15:45,
True,ATR stop update,True,"{""price"": 2.878, ""prev_stop_price"": 2.857, ""stop_price"": 2.8456, ""peak_unrealized_pnl"": 0.0}",STOP_MOVE_CHECK,NEO-USDT-SWAP,unknown,ATR stop update,TRAIL_UPDATE,2026-03-27 01:16:08,20260326_235554_NEO-USDT-SWAP_short
True,ATR stop update,True,"{""price"": 0.2203, ""prev_stop_price"": 0.21763, ""stop_price"": 0.21759, ""peak_unrealized_pnl"": 0.0}",STOP_MOVE_CHECK,CRV-USDT-SWAP,unknown,ATR stop update,TRAIL_UPDATE,2026-03-27 01:16:28,20260326_235556_CRV-USDT-SWAP_short
True,ATR stop update,True,"{""price"": 1.2219, ""prev_stop_price"": 1.22699, ""stop_price"": 1.22735, ""peak_unrealized_pnl"": 0.0}",STOP_MOVE_CHECK,NEAR-USDT-SWAP,unknown,ATR stop update,TRAIL_UPDATE,2026-03-27 01:17:06,20260327_002953_NEAR-USDT-SWAP_long
True,TURTLE stop update,True,"{""price"": 0.1097, ""prev_stop_price"": 0.10865, ""stop_price"": 0.109, ""peak_unrealized_pnl"": 26.835579999991594}",STOP_MOVE_CHECK,OP-USDT-SWAP,unknown,TURTLE stop update,TRAIL_UPDATE,2026-03-27 01:17:17,20260327_002958_OP-USDT-SWAP_long
False,нет свежего пробоя Donchian на последней закрытой свече,False,"{""score"": null, ""liquidity_score"": null, ""breakout_distance_atr"": null, ""freshness_score"": null}",ENTRY_CHECK,1INCH-USDT-SWAP,no_fresh_breakout,нет свежего пробоя Donchian на последней закрытой свече,rejected,2026-03-27 01:17:49,
False,нет свежего пробоя Donchian на последней закрытой свече,False,"{""score"": null, ""liquidity_score"": null, ""breakout_distance_atr"": null, ""freshness_score"": null}",ENTRY_CHECK,ACT-USDT-SWAP,no_fresh_breakout,нет свежего пробоя Donchian на последней закрытой свече,rejected,2026-03-27 01:17:54,
False,нет свежего пробоя Donchian на последней закрытой свече,False,"{""score"": null, ""liquidity_score"": null, ""breakout_distance_atr"": null, ""freshness_score"": null}",ENTRY_CHECK,ASTER-USDT-SWAP,no_fresh_breakout,нет свежего пробоя Donchian на последней закрытой свече,rejected,2026-03-27 01:18:04,
False,нет свежего пробоя Donchian на последней закрытой свече,False,"{""score"": null, ""liquidity_score"": null, ""breakout_distance_atr"": null, ""freshness_score"": null}",ENTRY_CHECK,AUCTION-USDT-SWAP,no_fresh_breakout,нет свежего пробоя Donchian на последней закрытой свече,rejected,2026-03-27 01:18:07,
False,нет свежего пробоя Donchian на последней закрытой свече,False,"{""score"": null, ""liquidity_score"": null, ""breakout_distance_atr"": null, ""freshness_score"": null}",ENTRY_CHECK,COMP-USDT-SWAP,no_fresh_breakout,нет свежего пробоя Donchian на последней закрытой свече,rejected,2026-03-27 01:18:31,
False,нет свежего пробоя Donchian на последней закрытой свече,False,"{""score"": null, ""liquidity_score"": null, ""breakout_distance_atr"": null, ""freshness_score"": null}",ENTRY_CHECK,DOGE-USDT-SWAP,no_fresh_breakout,нет свежего пробоя Donchian на последней закрытой свече,rejected,2026-03-27 01:18:33,
False,нет свежего пробоя Donchian на последней закрытой свече,False,"{""score"": null, ""liquidity_score"": null, ""breakout_distance_atr"": null, ""freshness_score"": null}",ENTRY_CHECK,KSM-USDT-SWAP,no_fresh_breakout,нет свежего пробоя Donchian на последней закрытой свече,rejected,2026-03-27 01:18:56,
False,нет свежего пробоя Donchian на последней закрытой свече,False,"{""score"": null, ""liquidity_score"": null, ""breakout_distance_atr"": null, ""freshness_score"": null}",ENTRY_CHECK,LDO-USDT-SWAP,no_fresh_breakout,нет свежего пробоя Donchian на последней закрытой свече,rejected,2026-03-27 01:18:56,
False,нет свежего пробоя Donchian на последней закрытой свече,False,"{""score"": null, ""liquidity_score"": null, ""breakout_distance_atr"": null, ""freshness_score"": null}",ENTRY_CHECK,LINK-USDT-SWAP,no_fresh_breakout,нет свежего пробоя Donchian на последней закрытой свече,rejected,2026-03-27 01:18:57,
False,ATR warmup: цена или ATR недоступны после прогрева,False,"{""score"": null, ""liquidity_score"": null, ""breakout_distance_atr"": null, ""freshness_score"": null}",ENTRY_CHECK,LRC-USDT-SWAP,atr_warmup:_цена_или_atr_недоступны_после_прогрева,ATR warmup: цена или ATR недоступны после прогрева,rejected,2026-03-27 01:18:58,
False,ATR warmup: цена или ATR недоступны после прогрева,False,"{""score"": null, ""liquidity_score"": null, ""breakout_distance_atr"": null, ""freshness_score"": null}",ENTRY_CHECK,MET-USDT-SWAP,atr_warmup:_цена_или_atr_недоступны_после_прогрева,ATR warmup: цена или ATR недоступны после прогрева,rejected,2026-03-27 01:19:04,
False,нет свежего пробоя Donchian на последней закрытой свече,False,"{""score"": null, ""liquidity_score"": null, ""breakout_distance_atr"": null, ""freshness_score"": null}",ENTRY_CHECK,QTUM-USDT-SWAP,no_fresh_breakout,нет свежего пробоя Donchian на последней закрытой свече,rejected,2026-03-27 01:19:13,
False,нет свежего пробоя Donchian на последней закрытой свече,False,"{""score"": null, ""liquidity_score"": null, ""breakout_distance_atr"": null, ""freshness_score"": null}",ENTRY_CHECK,SYRUP-USDT-SWAP,no_fresh_breakout,нет свежего пробоя Donchian на последней закрытой свече,rejected,2026-03-27 01:19:31,
False,нет свежего пробоя Donchian на последней закрытой свече,False,"{""score"": null, ""liquidity_score"": null, ""breakout_distance_atr"": null, ""freshness_score"": null}",ENTRY_CHECK,TSLA-USDT-SWAP,no_fresh_breakout,нет свежего пробоя Donchian на последней закрытой свече,rejected,2026-03-27 01:19:38,
False,нет свежего пробоя Donchian на последней закрытой свече,False,"{""score"": null, ""liquidity_score"": null, ""breakout_distance_atr"": null, ""freshness_score"": null}",ENTRY_CHECK,YGG-USDT-SWAP,no_fresh_breakout,нет свежего пробоя Donchian на последней закрытой свече,rejected,2026-03-27 01:19:51,
True,ATR stop update,True,"{""price"": 2.878, ""prev_stop_price"": 2.8456, ""stop_price"": 2.8004000000000002, ""peak_unrealized_pnl"": 0.0}",STOP_MOVE_CHECK,NEO-USDT-SWAP,unknown,ATR stop update,TRAIL_UPDATE,2026-03-27 01:20:15,20260326_235554_NEO-USDT-SWAP_short
True,ATR stop update,True,"{""price"": 0.2202, ""prev_stop_price"": 0.21759, ""stop_price"": 0.21753999999999998, ""peak_unrealized_pnl"": 0.0}",STOP_MOVE_CHECK,CRV-USDT-SWAP,unknown,ATR stop update,TRAIL_UPDATE,2026-03-27 01:20:35,20260326_235556_CRV-USDT-SWAP_short
True,TURTLE stop update,True,"{""price"": 0.1096, ""prev_stop_price"": 0.109, ""stop_price"": 0.10918, ""peak_unrealized_pnl"": 26.835579999991594}",STOP_MOVE_CHECK,OP-USDT-SWAP,unknown,TURTLE stop update,TRAIL_UPDATE,2026-03-27 01:21:20,20260327_002958_OP-USDT-SWAP_long
False,нет свежего пробоя Donchian на последней закрытой свече,False,"{""score"": null, ""liquidity_score"": null, ""breakout_distance_atr"": null, ""freshness_score"": null}",ENTRY_CHECK,1INCH-USDT-SWAP,no_fresh_breakout,нет свежего пробоя Donchian на последней закрытой свече,rejected,2026-03-27 01:21:51,
False,нет свежего пробоя Donchian на последней закрытой свече,False,"{""score"": null, ""liquidity_score"": null, ""breakout_distance_atr"": null, ""freshness_score"": null}",ENTRY_CHECK,ACT-USDT-SWAP,no_fresh_breakout,нет свежего пробоя Donchian на последней закрытой свече,rejected,2026-03-27 01:21:56,
False,нет свежего пробоя Donchian на последней закрытой свече,False,"{""score"": null, ""liquidity_score"": null, ""breakout_distance_atr"": null, ""freshness_score"": null}",ENTRY_CHECK,ASTER-USDT-SWAP,no_fresh_breakout,нет свежего пробоя Donchian на последней закрытой свече,rejected,2026-03-27 01:22:06,
False,нет свежего пробоя Donchian на последней закрытой свече,False,"{""score"": null, ""liquidity_score"": null, ""breakout_distance_atr"": null, ""freshness_score"": null}",ENTRY_CHECK,BTC-USDT-SWAP,no_fresh_breakout,нет свежего пробоя Donchian на последней закрытой свече,rejected,2026-03-27 01:22:23,
False,нет свежего пробоя Donchian на последней закрытой свече,False,"{""score"": null, ""liquidity_score"": null, ""breakout_distance_atr"": null, ""freshness_score"": null}",ENTRY_CHECK,DOGE-USDT-SWAP,no_fresh_breakout,нет свежего пробоя Donchian на последней закрытой свече,rejected,2026-03-27 01:22:36,
False,нет свежего пробоя Donchian на последней закрытой свече,False,"{""score"": null, ""liquidity_score"": null, ""breakout_distance_atr"": null, ""freshness_score"": null}",ENTRY_CHECK,KSM-USDT-SWAP,no_fresh_breakout,нет свежего пробоя Donchian на последней закрытой свече,rejected,2026-03-27 01:23:05,
False,нет свежего пробоя Donchian на последней закрытой свече,False,"{""score"": null, ""liquidity_score"": null, ""breakout_distance_atr"": null, ""freshness_score"": null}",ENTRY_CHECK,LDO-USDT-SWAP,no_fresh_breakout,нет свежего пробоя Donchian на последней закрытой свече,rejected,2026-03-27 01:23:06,
False,нет свежего пробоя Donchian на последней закрытой свече,False,"{""score"": null, ""liquidity_score"": null, ""breakout_distance_atr"": null, ""freshness_score"": null}",ENTRY_CHECK,LINK-USDT-SWAP,no_fresh_breakout,нет свежего пробоя Donchian на последней закрытой свече,rejected,2026-03-27 01:23:09,
False,ATR warmup: цена или ATR недоступны после прогрева,False,"{""score"": null, ""liquidity_score"": null, ""breakout_distance_atr"": null, ""freshness_score"": null}",ENTRY_CHECK,LRC-USDT-SWAP,atr_warmup:_цена_или_atr_недоступны_после_прогрева,ATR warmup: цена или ATR недоступны после прогрева,rejected,2026-03-27 01:23:12,
False,ATR warmup: цена или ATR недоступны после прогрева,False,"{""score"": null, ""liquidity_score"": null, ""breakout_distance_atr"": null, ""freshness_score"": null}",ENTRY_CHECK,MET-USDT-SWAP,atr_warmup:_цена_или_atr_недоступны_после_прогрева,ATR warmup: цена или ATR недоступны после прогрева,rejected,2026-03-27 01:23:20,
False,нет свежего пробоя Donchian на последней закрытой свече,False,"{""score"": null, ""liquidity_score"": null, ""breakout_distance_atr"": null, ""freshness_score"": null}",ENTRY_CHECK,QTUM-USDT-SWAP,no_fresh_breakout,нет свежего пробоя Donchian на последней закрытой свече,rejected,2026-03-27 01:23:28,
False,нет свежего пробоя Donchian на последней закрытой свече,False,"{""score"": null, ""liquidity_score"": null, ""breakout_distance_atr"": null, ""freshness_score"": null}",ENTRY_CHECK,SUI-USDT-SWAP,no_fresh_breakout,нет свежего пробоя Donchian на последней закрытой свече,rejected,2026-03-27 01:23:44,
False,нет свежего пробоя Donchian на последней закрытой свече,False,"{""score"": null, ""liquidity_score"": null, ""breakout_distance_atr"": null, ""freshness_score"": null}",ENTRY_CHECK,SYRUP-USDT-SWAP,no_fresh_breakout,нет свежего пробоя Donchian на последней закрытой свече,rejected,2026-03-27 01:23:46,
False,нет свежего пробоя Donchian на последней закрытой свече,False,"{""score"": null, ""liquidity_score"": null, ""breakout_distance_atr"": null, ""freshness_score"": null}",ENTRY_CHECK,TSLA-USDT-SWAP,no_fresh_breakout,нет свежего пробоя Donchian на последней закрытой свече,rejected,2026-03-27 01:23:53,
False,нет свежего пробоя Donchian на последней закрытой свече,False,"{""score"": null, ""liquidity_score"": null, ""breakout_distance_atr"": null, ""freshness_score"": null}",ENTRY_CHECK,YGG-USDT-SWAP,no_fresh_breakout,нет свежего пробоя Donchian на последней закрытой свече,rejected,2026-03-27 01:24:05,
True,Канальный выход 10 свечей,True,"{""units"": 4, ""last_price"": null, ""next_pyramid_price"": null, ""retry_after_sec"": null}",EXIT_CHECK,OP-USDT-SWAP,канальный_выход_10_свечей,Канальный выход 10 свечей,position_closed,2026-03-27 01:25:32,20260327_002958_OP-USDT-SWAP_long
True,TURTLE stop update,True,"{""price"": 0.10901, ""prev_stop_price"": 0.10918, ""stop_price"": 0.10901, ""peak_unrealized_pnl"": 26.835579999991594}",STOP_MOVE_CHECK,OP-USDT-SWAP,unknown,TURTLE stop update,TRAIL_UPDATE,2026-03-27 01:25:32,20260327_002958_OP-USDT-SWAP_long
False,нет свежего пробоя Donchian на последней закрытой свече,False,"{""score"": null, ""liquidity_score"": null, ""breakout_distance_atr"": null, ""freshness_score"": null}",ENTRY_CHECK,1INCH-USDT-SWAP,no_fresh_breakout,нет свежего пробоя Donchian на последней закрытой свече,rejected,2026-03-27 01:26:05,
False,нет свежего пробоя Donchian на последней закрытой свече,False,"{""score"": null, ""liquidity_score"": null, ""breakout_distance_atr"": null, ""freshness_score"": null}",ENTRY_CHECK,ACT-USDT-SWAP,no_fresh_breakout,нет свежего пробоя Donchian на последней закрытой свече,rejected,2026-03-27 01:26:11,
False,нет свежего пробоя Donchian на последней закрытой свече,False,"{""score"": null, ""liquidity_score"": null, ""breakout_distance_atr"": null, ""freshness_score"": null}",ENTRY_CHECK,ASTER-USDT-SWAP,no_fresh_breakout,нет свежего пробоя Donchian на последней закрытой свече,rejected,2026-03-27 01:26:22,
False,нет свежего пробоя Donchian на последней закрытой свече,False,"{""score"": null, ""liquidity_score"": null, ""breakout_distance_atr"": null, ""freshness_score"": null}",ENTRY_CHECK,DOGE-USDT-SWAP,no_fresh_breakout,нет свежего пробоя Donchian на последней закрытой свече,rejected,2026-03-27 01:26:50,
False,нет свежего пробоя Donchian на последней закрытой свече,False,"{""score"": null, ""liquidity_score"": null, ""breakout_distance_atr"": null, ""freshness_score"": null}",ENTRY_CHECK,ETH-USDT-SWAP,no_fresh_breakout,нет свежего пробоя Donchian на последней закрытой свече,rejected,2026-03-27 01:26:55,
False,нет свежего пробоя Donchian на последней закрытой свече,False,"{""score"": null, ""liquidity_score"": null, ""breakout_distance_atr"": null, ""freshness_score"": null}",ENTRY_CHECK,KAITO-USDT-SWAP,no_fresh_breakout,нет свежего пробоя Donchian на последней закрытой свече,rejected,2026-03-27 01:27:14,
False,нет свежего пробоя Donchian на последней закрытой свече,False,"{""score"": null, ""liquidity_score"": null, ""breakout_distance_atr"": null, ""freshness_score"": null}",ENTRY_CHECK,KSM-USDT-SWAP,no_fresh_breakout,нет свежего пробоя Donchian на последней закрытой свече,rejected,2026-03-27 01:27:15,
False,нет свежего пробоя Donchian на последней закрытой свече,False,"{""score"": null, ""liquidity_score"": null, ""breakout_distance_atr"": null, ""freshness_score"": null}",ENTRY_CHECK,LDO-USDT-SWAP,no_fresh_breakout,нет свежего пробоя Donchian на последней закрытой свече,rejected,2026-03-27 01:27:16,
False,нет свежего пробоя Donchian на последней закрытой свече,False,"{""score"": null, ""liquidity_score"": null, ""breakout_distance_atr"": null, ""freshness_score"": null}",ENTRY_CHECK,LINK-USDT-SWAP,no_fresh_breakout,нет свежего пробоя Donchian на последней закрытой свече,rejected,2026-03-27 01:27:19,
False,ATR warmup: цена или ATR недоступны после прогрева,False,"{""score"": null, ""liquidity_score"": null, ""breakout_distance_atr"": null, ""freshness_score"": null}",ENTRY_CHECK,LRC-USDT-SWAP,atr_warmup:_цена_или_atr_недоступны_после_прогрева,ATR warmup: цена или ATR недоступны после прогрева,rejected,2026-03-27 01:27:21,
False,ATR warmup: цена или ATR недоступны после прогрева,False,"{""score"": null, ""liquidity_score"": null, ""breakout_distance_atr"": null, ""freshness_score"": null}",ENTRY_CHECK,MET-USDT-SWAP,atr_warmup:_цена_или_atr_недоступны_после_прогрева,ATR warmup: цена или ATR недоступны после прогрева,rejected,2026-03-27 01:27:28,
False,нет свежего пробоя Donchian на последней закрытой свече,False,"{""score"": null, ""liquidity_score"": null, ""breakout_distance_atr"": null, ""freshness_score"": null}",ENTRY_CHECK,OP-USDT-SWAP,no_fresh_breakout,нет свежего пробоя Donchian на последней закрытой свече,rejected,2026-03-27 01:27:34,
False,нет свежего пробоя Donchian на последней закрытой свече,False,"{""score"": null, ""liquidity_score"": null, ""breakout_distance_atr"": null, ""freshness_score"": null}",ENTRY_CHECK,QTUM-USDT-SWAP,no_fresh_breakout,нет свежего пробоя Donchian на последней закрытой свече,rejected,2026-03-27 01:27:38,
False,нет свежего пробоя Donchian на последней закрытой свече,False,"{""score"": null, ""liquidity_score"": null, ""breakout_distance_atr"": null, ""freshness_score"": null}",ENTRY_CHECK,SUI-USDT-SWAP,no_fresh_breakout,нет свежего пробоя Donchian на последней закрытой свече,rejected,2026-03-27 01:27:53,
False,нет свежего пробоя Donchian на последней закрытой свече,False,"{""score"": null, ""liquidity_score"": null, ""breakout_distance_atr"": null, ""freshness_score"": null}",ENTRY_CHECK,SYRUP-USDT-SWAP,no_fresh_breakout,нет свежего пробоя Donchian на последней закрытой свече,rejected,2026-03-27 01:27:55,
False,нет свежего пробоя Donchian на последней закрытой свече,False,"{""score"": null, ""liquidity_score"": null, ""breakout_distance_atr"": null, ""freshness_score"": null}",ENTRY_CHECK,TSLA-USDT-SWAP,no_fresh_breakout,нет свежего пробоя Donchian на последней закрытой свече,rejected,2026-03-27 01:28:01,
False,нет свежего пробоя Donchian на последней закрытой свече,False,"{""score"": null, ""liquidity_score"": null, ""breakout_distance_atr"": null, ""freshness_score"": null}",ENTRY_CHECK,YGG-USDT-SWAP,no_fresh_breakout,нет свежего пробоя Donchian на последней закрытой свече,rejected,2026-03-27 01:28:14,
True,ATR stop update,True,"{""price"": 2.878, ""prev_stop_price"": 2.8004000000000002, ""stop_price"": 2.7907, ""peak_unrealized_pnl"": 0.0}",STOP_MOVE_CHECK,NEO-USDT-SWAP,unknown,ATR stop update,TRAIL_UPDATE,2026-03-27 01:28:37,20260326_235554_NEO-USDT-SWAP_short
False,нет свежего пробоя Donchian на последней закрытой свече,False,"{""score"": null, ""liquidity_score"": null, ""breakout_distance_atr"": null, ""freshness_score"": null}",ENTRY_CHECK,1INCH-USDT-SWAP,no_fresh_breakout,нет свежего пробоя Donchian на последней закрытой свече,rejected,2026-03-27 01:30:02,
False,нет свежего пробоя Donchian на последней закрытой свече,False,"{""score"": null, ""liquidity_score"": null, ""breakout_distance_atr"": null, ""freshness_score"": null}",ENTRY_CHECK,ACT-USDT-SWAP,no_fresh_breakout,нет свежего пробоя Donchian на последней закрытой свече,rejected,2026-03-27 01:30:08,
False,нет свежего пробоя Donchian на последней закрытой свече,False,"{""score"": null, ""liquidity_score"": null, ""breakout_distance_atr"": null, ""freshness_score"": null}",ENTRY_CHECK,ASTER-USDT-SWAP,no_fresh_breakout,нет свежего пробоя Donchian на последней закрытой свече,rejected,2026-03-27 01:30:18,
False,закрытие не удержалось выше канала,False,"{""score"": null, ""liquidity_score"": null, ""breakout_distance_atr"": null, ""freshness_score"": null}",ENTRY_CHECK,AXS-USDT-SWAP,закрытие_не_удержалось_выше_канала,закрытие не удержалось выше канала,rejected,2026-03-27 01:30:25,
False,нет свежего пробоя Donchian на последней закрытой свече,False,"{""score"": null, ""liquidity_score"": null, ""breakout_distance_atr"": null, ""freshness_score"": null}",ENTRY_CHECK,BTC-USDT-SWAP,no_fresh_breakout,нет свежего пробоя Donchian на последней закрытой свече,rejected,2026-03-27 01:30:37,
False,нет свежего пробоя Donchian на последней закрытой свече,False,"{""score"": null, ""liquidity_score"": null, ""breakout_distance_atr"": null, ""freshness_score"": null}",ENTRY_CHECK,COMP-USDT-SWAP,no_fresh_breakout,нет свежего пробоя Donchian на последней закрытой свече,rejected,2026-03-27 01:30:47,
False,нет свежего пробоя Donchian на последней закрытой свече,False,"{""score"": null, ""liquidity_score"": null, ""breakout_distance_atr"": null, ""freshness_score"": null}",ENTRY_CHECK,DOGE-USDT-SWAP,no_fresh_breakout,нет свежего пробоя Donchian на последней закрытой свече,rejected,2026-03-27 01:30:50,
False,нет свежего пробоя Donchian на последней закрытой свече,False,"{""score"": null, ""liquidity_score"": null, ""breakout_distance_atr"": null, ""freshness_score"": null}",ENTRY_CHECK,KAITO-USDT-SWAP,no_fresh_breakout,нет свежего пробоя Donchian на последней закрытой свече,rejected,2026-03-27 01:31:16,
False,нет свежего пробоя Donchian на последней закрытой свече,False,"{""score"": null, ""liquidity_score"": null, ""breakout_distance_atr"": null, ""freshness_score"": null}",ENTRY_CHECK,KSM-USDT-SWAP,no_fresh_breakout,нет свежего пробоя Donchian на последней закрытой свече,rejected,2026-03-27 01:31:17,
False,нет свежего пробоя Donchian на последней закрытой свече,False,"{""score"": null, ""liquidity_score"": null, ""breakout_distance_atr"": null, ""freshness_score"": null}",ENTRY_CHECK,LDO-USDT-SWAP,no_fresh_breakout,нет свежего пробоя Donchian на последней закрытой свече,rejected,2026-03-27 01:31:19,
False,ATR warmup: цена или ATR недоступны после прогрева,False,"{""score"": null, ""liquidity_score"": null, ""breakout_distance_atr"": null, ""freshness_score"": null}",ENTRY_CHECK,LRC-USDT-SWAP,atr_warmup:_цена_или_atr_недоступны_после_прогрева,ATR warmup: цена или ATR недоступны после прогрева,rejected,2026-03-27 01:31:24,
False,ATR warmup: цена или ATR недоступны после прогрева,False,"{""score"": null, ""liquidity_score"": null, ""breakout_distance_atr"": null, ""freshness_score"": null}",ENTRY_CHECK,MET-USDT-SWAP,atr_warmup:_цена_или_atr_недоступны_после_прогрева,ATR warmup: цена или ATR недоступны после прогрева,rejected,2026-03-27 01:31:32,
False,нет свежего пробоя Donchian на последней закрытой свече,False,"{""score"": null, ""liquidity_score"": null, ""breakout_distance_atr"": null, ""freshness_score"": null}",ENTRY_CHECK,OP-USDT-SWAP,no_fresh_breakout,нет свежего пробоя Donchian на последней закрытой свече,rejected,2026-03-27 01:31:38,
False,нет свежего пробоя Donchian на последней закрытой свече,False,"{""score"": null, ""liquidity_score"": null, ""breakout_distance_atr"": null, ""freshness_score"": null}",ENTRY_CHECK,QTUM-USDT-SWAP,no_fresh_breakout,нет свежего пробоя Donchian на последней закрытой свече,rejected,2026-03-27 01:31:42,
False,нет свежего пробоя Donchian на последней закрытой свече,False,"{""score"": null, ""liquidity_score"": null, ""breakout_distance_atr"": null, ""freshness_score"": null}",ENTRY_CHECK,SUI-USDT-SWAP,no_fresh_breakout,нет свежего пробоя Donchian на последней закрытой свече,rejected,2026-03-27 01:31:56,
False,нет свежего пробоя Donchian на последней закрытой свече,False,"{""score"": null, ""liquidity_score"": null, ""breakout_distance_atr"": null, ""freshness_score"": null}",ENTRY_CHECK,SYRUP-USDT-SWAP,no_fresh_breakout,нет свежего пробоя Donchian на последней закрытой свече,rejected,2026-03-27 01:31:59,
False,нет свежего пробоя Donchian на последней закрытой свече,False,"{""score"": null, ""liquidity_score"": null, ""breakout_distance_atr"": null, ""freshness_score"": null}",ENTRY_CHECK,TSLA-USDT-SWAP,no_fresh_breakout,нет свежего пробоя Donchian на последней закрытой свече,rejected,2026-03-27 01:32:05,
False,нет свежего пробоя Donchian на последней закрытой свече,False,"{""score"": null, ""liquidity_score"": null, ""breakout_distance_atr"": null, ""freshness_score"": null}",ENTRY_CHECK,YGG-USDT-SWAP,no_fresh_breakout,нет свежего пробоя Donchian на последней закрытой свече,rejected,2026-03-27 01:32:18,
False,нет свежего пробоя Donchian на последней закрытой свече,False,"{""score"": null, ""liquidity_score"": null, ""breakout_distance_atr"": null, ""freshness_score"": null}",ENTRY_CHECK,1INCH-USDT-SWAP,no_fresh_breakout,нет свежего пробоя Donchian на последней закрытой свече,rejected,2026-03-27 01:34:04,
False,нет свежего пробоя Donchian на последней закрытой свече,False,"{""score"": null, ""liquidity_score"": null, ""breakout_distance_atr"": null, ""freshness_score"": null}",ENTRY_CHECK,ACT-USDT-SWAP,no_fresh_breakout,нет свежего пробоя Donchian на последней закрытой свече,rejected,2026-03-27 01:34:10,
False,нет свежего пробоя Donchian на последней закрытой свече,False,"{""score"": null, ""liquidity_score"": null, ""breakout_distance_atr"": null, ""freshness_score"": null}",ENTRY_CHECK,ATOM-USDT-SWAP,no_fresh_breakout,нет свежего пробоя Donchian на последней закрытой свече,rejected,2026-03-27 01:34:20,
False,нет свежего пробоя Donchian на последней закрытой свече,False,"{""score"": null, ""liquidity_score"": null, ""breakout_distance_atr"": null, ""freshness_score"": null}",ENTRY_CHECK,AUCTION-USDT-SWAP,no_fresh_breakout,нет свежего пробоя Donchian на последней закрытой свече,rejected,2026-03-27 01:34:21,
False,закрытие не удержалось выше канала,False,"{""score"": null, ""liquidity_score"": null, ""breakout_distance_atr"": null, ""freshness_score"": null}",ENTRY_CHECK,AXS-USDT-SWAP,закрытие_не_удержалось_выше_канала,закрытие не удержалось выше канала,rejected,2026-03-27 01:34:24,
False,нет свежего пробоя Donchian на последней закрытой свече,False,"{""score"": null, ""liquidity_score"": null, ""breakout_distance_atr"": null, ""freshness_score"": null}",ENTRY_CHECK,BTC-USDT-SWAP,no_fresh_breakout,нет свежего пробоя Donchian на последней закрытой свече,rejected,2026-03-27 01:34:36,
False,нет свежего пробоя Donchian на последней закрытой свече,False,"{""score"": null, ""liquidity_score"": null, ""breakout_distance_atr"": null, ""freshness_score"": null}",ENTRY_CHECK,COMP-USDT-SWAP,no_fresh_breakout,нет свежего пробоя Donchian на последней закрытой свече,rejected,2026-03-27 01:34:46,
False,нет свежего пробоя Donchian на последней закрытой свече,False,"{""score"": null, ""liquidity_score"": null, ""breakout_distance_atr"": null, ""freshness_score"": null}",ENTRY_CHECK,DOGE-USDT-SWAP,no_fresh_breakout,нет свежего пробоя Donchian на последней закрытой свече,rejected,2026-03-27 01:34:49,
False,нет свежего пробоя Donchian на последней закрытой свече,False,"{""score"": null, ""liquidity_score"": null, ""breakout_distance_atr"": null, ""freshness_score"": null}",ENTRY_CHECK,ETH-USDT-SWAP,no_fresh_breakout,нет свежего пробоя Donchian на последней закрытой свече,rejected,2026-03-27 01:34:55,
False,закрытие не удержалось выше канала,False,"{""score"": null, ""liquidity_score"": null, ""breakout_distance_atr"": null, ""freshness_score"": null}",ENTRY_CHECK,KAITO-USDT-SWAP,закрытие_не_удержалось_выше_канала,закрытие не удержалось выше канала,rejected,2026-03-27 01:35:13,
False,нет свежего пробоя Donchian на последней закрытой свече,False,"{""score"": null, ""liquidity_score"": null, ""breakout_distance_atr"": null, ""freshness_score"": null}",ENTRY_CHECK,KSM-USDT-SWAP,no_fresh_breakout,нет свежего пробоя Donchian на последней закрытой свече,rejected,2026-03-27 01:35:15,
False,нет свежего пробоя Donchian на последней закрытой свече,False,"{""score"": null, ""liquidity_score"": null, ""breakout_distance_atr"": null, ""freshness_score"": null}",ENTRY_CHECK,LDO-USDT-SWAP,no_fresh_breakout,нет свежего пробоя Donchian на последней закрытой свече,rejected,2026-03-27 01:35:16,
False,нет свежего пробоя Donchian на последней закрытой свече,False,"{""score"": null, ""liquidity_score"": null, ""breakout_distance_atr"": null, ""freshness_score"": null}",ENTRY_CHECK,LINK-USDT-SWAP,no_fresh_breakout,нет свежего пробоя Donchian на последней закрытой свече,rejected,2026-03-27 01:35:19,
False,ATR warmup: цена или ATR недоступны после прогрева,False,"{""score"": null, ""liquidity_score"": null, ""breakout_distance_atr"": null, ""freshness_score"": null}",ENTRY_CHECK,LRC-USDT-SWAP,atr_warmup:_цена_или_atr_недоступны_после_прогрева,ATR warmup: цена или ATR недоступны после прогрева,rejected,2026-03-27 01:35:22,
False,ATR warmup: цена или ATR недоступны после прогрева,False,"{""score"": null, ""liquidity_score"": null, ""breakout_distance_atr"": null, ""freshness_score"": null}",ENTRY_CHECK,MET-USDT-SWAP,atr_warmup:_цена_или_atr_недоступны_после_прогрева,ATR warmup: цена или ATR недоступны после прогрева,rejected,2026-03-27 01:35:29,
False,нет свежего пробоя Donchian на последней закрытой свече,False,"{""score"": null, ""liquidity_score"": null, ""breakout_distance_atr"": null, ""freshness_score"": null}",ENTRY_CHECK,OP-USDT-SWAP,no_fresh_breakout,нет свежего пробоя Donchian на последней закрытой свече,rejected,2026-03-27 01:35:35,
False,ATR warmup: цена или ATR недоступны после прогрева,False,"{""score"": null, ""liquidity_score"": null, ""breakout_distance_atr"": null, ""freshness_score"": null}",ENTRY_CHECK,QTUM-USDT-SWAP,atr_warmup:_цена_или_atr_недоступны_после_прогрева,ATR warmup: цена или ATR недоступны после прогрева,rejected,2026-03-27 01:35:39,
False,нет свежего пробоя Donchian на последней закрытой свече,False,"{""score"": null, ""liquidity_score"": null, ""breakout_distance_atr"": null, ""freshness_score"": null}",ENTRY_CHECK,SYRUP-USDT-SWAP,no_fresh_breakout,нет свежего пробоя Donchian на последней закрытой свече,rejected,2026-03-27 01:35:58,
False,нет свежего пробоя Donchian на последней закрытой свече,False,"{""score"": null, ""liquidity_score"": null, ""breakout_distance_atr"": null, ""freshness_score"": null}",ENTRY_CHECK,YGG-USDT-SWAP,no_fresh_breakout,нет свежего пробоя Donchian на последней закрытой свече,rejected,2026-03-27 01:36:17,
True,ATR stop update,True,"{""price"": 2.135, ""prev_stop_price"": 2.1200983774302005, ""stop_price"": 2.1187983774302004, ""peak_unrealized_pnl"": 0.0}",STOP_MOVE_CHECK,LPT-USDT-SWAP,unknown,ATR stop update,TRAIL_UPDATE,2026-03-27 01:37:23,20260326_235557_LPT-USDT-SWAP_short
True,ATR stop update,True,"{""price"": 1.219, ""prev_stop_price"": 1.22735, ""stop_price"": 1.22773, ""peak_unrealized_pnl"": 0.0}",STOP_MOVE_CHECK,NEAR-USDT-SWAP,unknown,ATR stop update,TRAIL_UPDATE,2026-03-27 01:37:34,20260327_002953_NEAR-USDT-SWAP_long
False,нет свежего пробоя Donchian на последней закрытой свече,False,"{""score"": null, ""liquidity_score"": null, ""breakout_distance_atr"": null, ""freshness_score"": null}",ENTRY_CHECK,1INCH-USDT-SWAP,no_fresh_breakout,нет свежего пробоя Donchian на последней закрытой свече,rejected,2026-03-27 01:38:03,
False,нет свежего пробоя Donchian на последней закрытой свече,False,"{""score"": null, ""liquidity_score"": null, ""breakout_distance_atr"": null, ""freshness_score"": null}",ENTRY_CHECK,ACT-USDT-SWAP,no_fresh_breakout,нет свежего пробоя Donchian на последней закрытой свече,rejected,2026-03-27 01:38:09,
False,нет свежего пробоя Donchian на последней закрытой свече,False,"{""score"": null, ""liquidity_score"": null, ""breakout_distance_atr"": null, ""freshness_score"": null}",ENTRY_CHECK,ASTER-USDT-SWAP,no_fresh_breakout,нет свежего пробоя Donchian на последней закрытой свече,rejected,2026-03-27 01:38:19,
False,нет свежего пробоя Donchian на последней закрытой свече,False,"{""score"": null, ""liquidity_score"": null, ""breakout_distance_atr"": null, ""freshness_score"": null}",ENTRY_CHECK,ATOM-USDT-SWAP,no_fresh_breakout,нет свежего пробоя Donchian на последней закрытой свече,rejected,2026-03-27 01:38:20,
False,нет свежего пробоя Donchian на последней закрытой свече,False,"{""score"": null, ""liquidity_score"": null, ""breakout_distance_atr"": null, ""freshness_score"": null}",ENTRY_CHECK,AUCTION-USDT-SWAP,no_fresh_breakout,нет свежего пробоя Donchian на последней закрытой свече,rejected,2026-03-27 01:38:22,
False,нет свежего пробоя Donchian на последней закрытой свече,False,"{""score"": null, ""liquidity_score"": null, ""breakout_distance_atr"": null, ""freshness_score"": null}",ENTRY_CHECK,AXS-USDT-SWAP,no_fresh_breakout,нет свежего пробоя Donchian на последней закрытой свече,rejected,2026-03-27 01:38:25,
False,нет свежего пробоя Donchian на последней закрытой свече,False,"{""score"": null, ""liquidity_score"": null, ""breakout_distance_atr"": null, ""freshness_score"": null}",ENTRY_CHECK,BCH-USDT-SWAP,no_fresh_breakout,нет свежего пробоя Donchian на последней закрытой свече,rejected,2026-03-27 01:38:28,
False,нет свежего пробоя Donchian на последней закрытой свече,False,"{""score"": null, ""liquidity_score"": null, ""breakout_distance_atr"": null, ""freshness_score"": null}",ENTRY_CHECK,BTC-USDT-SWAP,no_fresh_breakout,нет свежего пробоя Donchian на последней закрытой свече,rejected,2026-03-27 01:38:37,
False,нет свежего пробоя Donchian на последней закрытой свече,False,"{""score"": null, ""liquidity_score"": null, ""breakout_distance_atr"": null, ""freshness_score"": null}",ENTRY_CHECK,COMP-USDT-SWAP,no_fresh_breakout,нет свежего пробоя Donchian на последней закрытой свече,rejected,2026-03-27 01:38:47,
False,нет свежего пробоя Donchian на последней закрытой свече,False,"{""score"": null, ""liquidity_score"": null, ""breakout_distance_atr"": null, ""freshness_score"": null}",ENTRY_CHECK,DOGE-USDT-SWAP,no_fresh_breakout,нет свежего пробоя Donchian на последней закрытой свече,rejected,2026-03-27 01:38:50,
False,закрытие не удержалось выше канала,False,"{""score"": null, ""liquidity_score"": null, ""breakout_distance_atr"": null, ""freshness_score"": null}",ENTRY_CHECK,KAITO-USDT-SWAP,закрытие_не_удержалось_выше_канала,закрытие не удержалось выше канала,rejected,2026-03-27 01:39:16,
False,нет свежего пробоя Donchian на последней закрытой свече,False,"{""score"": null, ""liquidity_score"": null, ""breakout_distance_atr"": null, ""freshness_score"": null}",ENTRY_CHECK,KSM-USDT-SWAP,no_fresh_breakout,нет свежего пробоя Donchian на последней закрытой свече,rejected,2026-03-27 01:39:18,
False,нет свежего пробоя Donchian на последней закрытой свече,False,"{""score"": null, ""liquidity_score"": null, ""breakout_distance_atr"": null, ""freshness_score"": null}",ENTRY_CHECK,LDO-USDT-SWAP,no_fresh_breakout,нет свежего пробоя Donchian на последней закрытой свече,rejected,2026-03-27 01:39:19,
False,нет свежего пробоя Donchian на последней закрытой свече,False,"{""score"": null, ""liquidity_score"": null, ""breakout_distance_atr"": null, ""freshness_score"": null}",ENTRY_CHECK,LINK-USDT-SWAP,no_fresh_breakout,нет свежего пробоя Donchian на последней закрытой свече,rejected,2026-03-27 01:39:22,
False,ATR warmup: цена или ATR недоступны после прогрева,False,"{""score"": null, ""liquidity_score"": null, ""breakout_distance_atr"": null, ""freshness_score"": null}",ENTRY_CHECK,LRC-USDT-SWAP,atr_warmup:_цена_или_atr_недоступны_после_прогрева,ATR warmup: цена или ATR недоступны после прогрева,rejected,2026-03-27 01:39:25,
False,ATR warmup: цена или ATR недоступны после прогрева,False,"{""score"": null, ""liquidity_score"": null, ""breakout_distance_atr"": null, ""freshness_score"": null}",ENTRY_CHECK,MET-USDT-SWAP,atr_warmup:_цена_или_atr_недоступны_после_прогрева,ATR warmup: цена или ATR недоступны после прогрева,rejected,2026-03-27 01:39:33,
False,нет свежего пробоя Donchian на последней закрытой свече,False,"{""score"": null, ""liquidity_score"": null, ""breakout_distance_atr"": null, ""freshness_score"": null}",ENTRY_CHECK,OP-USDT-SWAP,no_fresh_breakout,нет свежего пробоя Donchian на последней закрытой свече,rejected,2026-03-27 01:39:39,
False,ATR warmup: цена или ATR недоступны после прогрева,False,"{""score"": null, ""liquidity_score"": null, ""breakout_distance_atr"": null, ""freshness_score"": null}",ENTRY_CHECK,QTUM-USDT-SWAP,atr_warmup:_цена_или_atr_недоступны_после_прогрева,ATR warmup: цена или ATR недоступны после прогрева,rejected,2026-03-27 01:39:44,
False,ATR warmup: цена или ATR недоступны после прогрева,False,"{""score"": null, ""liquidity_score"": null, ""breakout_distance_atr"": null, ""freshness_score"": null}",ENTRY_CHECK,SYRUP-USDT-SWAP,atr_warmup:_цена_или_atr_недоступны_после_прогрева,ATR warmup: цена или ATR недоступны после прогрева,rejected,2026-03-27 01:40:02,
False,нет свежего пробоя Donchian на последней закрытой свече,False,"{""score"": null, ""liquidity_score"": null, ""breakout_distance_atr"": null, ""freshness_score"": null}",ENTRY_CHECK,TSLA-USDT-SWAP,no_fresh_breakout,нет свежего пробоя Donchian на последней закрытой свече,rejected,2026-03-27 01:40:08,
False,нет свежего пробоя Donchian на последней закрытой свече,False,"{""score"": null, ""liquidity_score"": null, ""breakout_distance_atr"": null, ""freshness_score"": null}",ENTRY_CHECK,YGG-USDT-SWAP,no_fresh_breakout,нет свежего пробоя Donchian на последней закрытой свече,rejected,2026-03-27 01:40:23,
False,нет свежего пробоя Donchian на последней закрытой свече,False,"{""score"": null, ""liquidity_score"": null, ""breakout_distance_atr"": null, ""freshness_score"": null}",ENTRY_CHECK,1INCH-USDT-SWAP,no_fresh_breakout,нет свежего пробоя Donchian на последней закрытой свече,rejected,2026-03-27 01:41:54,
False,нет свежего пробоя Donchian на последней закрытой свече,False,"{""score"": null, ""liquidity_score"": null, ""breakout_distance_atr"": null, ""freshness_score"": null}",ENTRY_CHECK,ACT-USDT-SWAP,no_fresh_breakout,нет свежего пробоя Donchian на последней закрытой свече,rejected,2026-03-27 01:41:59,
False,нет свежего пробоя Donchian на последней закрытой свече,False,"{""score"": null, ""liquidity_score"": null, ""breakout_distance_atr"": null, ""freshness_score"": null}",ENTRY_CHECK,ASTER-USDT-SWAP,no_fresh_breakout,нет свежего пробоя Donchian на последней закрытой свече,rejected,2026-03-27 01:42:09,
False,нет свежего пробоя Donchian на последней закрытой свече,False,"{""score"": null, ""liquidity_score"": null, ""breakout_distance_atr"": null, ""freshness_score"": null}",ENTRY_CHECK,ATOM-USDT-SWAP,no_fresh_breakout,нет свежего пробоя Donchian на последней закрытой свече,rejected,2026-03-27 01:42:10,
False,нет свежего пробоя Donchian на последней закрытой свече,False,"{""score"": null, ""liquidity_score"": null, ""breakout_distance_atr"": null, ""freshness_score"": null}",ENTRY_CHECK,AUCTION-USDT-SWAP,no_fresh_breakout,нет свежего пробоя Donchian на последней закрытой свече,rejected,2026-03-27 01:42:12,
False,закрытие не удержалось ниже канала,False,"{""score"": null, ""liquidity_score"": null, ""breakout_distance_atr"": null, ""freshness_score"": null}",ENTRY_CHECK,AXS-USDT-SWAP,закрытие_не_удержалось_ниже_канала,закрытие не удержалось ниже канала,rejected,2026-03-27 01:42:16,
False,нет свежего пробоя Donchian на последней закрытой свече,False,"{""score"": null, ""liquidity_score"": null, ""breakout_distance_atr"": null, ""freshness_score"": null}",ENTRY_CHECK,BCH-USDT-SWAP,no_fresh_breakout,нет свежего пробоя Donchian на последней закрытой свече,rejected,2026-03-27 01:42:20,
False,нет свежего пробоя Donchian на последней закрытой свече,False,"{""score"": null, ""liquidity_score"": null, ""breakout_distance_atr"": null, ""freshness_score"": null}",ENTRY_CHECK,BTC-USDT-SWAP,no_fresh_breakout,нет свежего пробоя Donchian на последней закрытой свече,rejected,2026-03-27 01:42:29,
False,нет свежего пробоя Donchian на последней закрытой свече,False,"{""score"": null, ""liquidity_score"": null, ""breakout_distance_atr"": null, ""freshness_score"": null}",ENTRY_CHECK,COMP-USDT-SWAP,no_fresh_breakout,нет свежего пробоя Donchian на последней закрытой свече,rejected,2026-03-27 01:42:39,
False,нет свежего пробоя Donchian на последней закрытой свече,False,"{""score"": null, ""liquidity_score"": null, ""breakout_distance_atr"": null, ""freshness_score"": null}",ENTRY_CHECK,DOGE-USDT-SWAP,no_fresh_breakout,нет свежего пробоя Donchian на последней закрытой свече,rejected,2026-03-27 01:42:42,
False,нет свежего пробоя Donchian на последней закрытой свече,False,"{""score"": null, ""liquidity_score"": null, ""breakout_distance_atr"": null, ""freshness_score"": null}",ENTRY_CHECK,KAITO-USDT-SWAP,no_fresh_breakout,нет свежего пробоя Donchian на последней закрытой свече,rejected,2026-03-27 01:43:06,
False,нет свежего пробоя Donchian на последней закрытой свече,False,"{""score"": null, ""liquidity_score"": null, ""breakout_distance_atr"": null, ""freshness_score"": null}",ENTRY_CHECK,KSM-USDT-SWAP,no_fresh_breakout,нет свежего пробоя Donchian на последней закрытой свече,rejected,2026-03-27 01:43:08,
False,нет свежего пробоя Donchian на последней закрытой свече,False,"{""score"": null, ""liquidity_score"": null, ""breakout_distance_atr"": null, ""freshness_score"": null}",ENTRY_CHECK,LDO-USDT-SWAP,no_fresh_breakout,нет свежего пробоя Donchian на последней закрытой свече,rejected,2026-03-27 01:43:09,
False,нет свежего пробоя Donchian на последней закрытой свече,False,"{""score"": null, ""liquidity_score"": null, ""breakout_distance_atr"": null, ""freshness_score"": null}",ENTRY_CHECK,LINK-USDT-SWAP,no_fresh_breakout,нет свежего пробоя Donchian на последней закрытой свече,rejected,2026-03-27 01:43:12,
False,ATR warmup: цена или ATR недоступны после прогрева,False,"{""score"": null, ""liquidity_score"": null, ""breakout_distance_atr"": null, ""freshness_score"": null}",ENTRY_CHECK,LRC-USDT-SWAP,atr_warmup:_цена_или_atr_недоступны_после_прогрева,ATR warmup: цена или ATR недоступны после прогрева,rejected,2026-03-27 01:43:15,
False,ATR warmup: цена или ATR недоступны после прогрева,False,"{""score"": null, ""liquidity_score"": null, ""breakout_distance_atr"": null, ""freshness_score"": null}",ENTRY_CHECK,MET-USDT-SWAP,atr_warmup:_цена_или_atr_недоступны_после_прогрева,ATR warmup: цена или ATR недоступны после прогрева,rejected,2026-03-27 01:43:23,
False,нет свежего пробоя Donchian на последней закрытой свече,False,"{""score"": null, ""liquidity_score"": null, ""breakout_distance_atr"": null, ""freshness_score"": null}",ENTRY_CHECK,OP-USDT-SWAP,no_fresh_breakout,нет свежего пробоя Donchian на последней закрытой свече,rejected,2026-03-27 01:43:28,
False,ATR warmup: цена или ATR недоступны после прогрева,False,"{""score"": null, ""liquidity_score"": null, ""breakout_distance_atr"": null, ""freshness_score"": null}",ENTRY_CHECK,QTUM-USDT-SWAP,atr_warmup:_цена_или_atr_недоступны_после_прогрева,ATR warmup: цена или ATR недоступны после прогрева,rejected,2026-03-27 01:43:33,
False,ATR warmup: цена или ATR недоступны после прогрева,False,"{""score"": null, ""liquidity_score"": null, ""breakout_distance_atr"": null, ""freshness_score"": null}",ENTRY_CHECK,SYRUP-USDT-SWAP,atr_warmup:_цена_или_atr_недоступны_после_прогрева,ATR warmup: цена или ATR недоступны после прогрева,rejected,2026-03-27 01:43:52,
False,нет свежего пробоя Donchian на последней закрытой свече,False,"{""score"": null, ""liquidity_score"": null, ""breakout_distance_atr"": null, ""freshness_score"": null}",ENTRY_CHECK,TSLA-USDT-SWAP,no_fresh_breakout,нет свежего пробоя Donchian на последней закрытой свече,rejected,2026-03-27 01:43:59,
False,нет свежего пробоя Donchian на последней закрытой свече,False,"{""score"": null, ""liquidity_score"": null, ""breakout_distance_atr"": null, ""freshness_score"": null}",ENTRY_CHECK,YGG-USDT-SWAP,no_fresh_breakout,нет свежего пробоя Donchian на последней закрытой свече,rejected,2026-03-27 01:44:11,
False,нет свежего пробоя Donchian на последней закрытой свече,False,"{""score"": null, ""liquidity_score"": null, ""breakout_distance_atr"": null, ""freshness_score"": null}",ENTRY_CHECK,1INCH-USDT-SWAP,no_fresh_breakout,нет свежего пробоя Donchian на последней закрытой свече,rejected,2026-03-27 01:45:40,
False,нет свежего пробоя Donchian на последней закрытой свече,False,"{""score"": null, ""liquidity_score"": null, ""breakout_distance_atr"": null, ""freshness_score"": null}",ENTRY_CHECK,ACT-USDT-SWAP,no_fresh_breakout,нет свежего пробоя Donchian на последней закрытой свече,rejected,2026-03-27 01:45:45,
False,нет свежего пробоя Donchian на последней закрытой свече,False,"{""score"": null, ""liquidity_score"": null, ""breakout_distance_atr"": null, ""freshness_score"": null}",ENTRY_CHECK,ASTER-USDT-SWAP,no_fresh_breakout,нет свежего пробоя Donchian на последней закрытой свече,rejected,2026-03-27 01:45:56,
False,нет свежего пробоя Donchian на последней закрытой свече,False,"{""score"": null, ""liquidity_score"": null, ""breakout_distance_atr"": null, ""freshness_score"": null}",ENTRY_CHECK,ATOM-USDT-SWAP,no_fresh_breakout,нет свежего пробоя Donchian на последней закрытой свече,rejected,2026-03-27 01:45:57,
False,нет свежего пробоя Donchian на последней закрытой свече,False,"{""score"": null, ""liquidity_score"": null, ""breakout_distance_atr"": null, ""freshness_score"": null}",ENTRY_CHECK,AUCTION-USDT-SWAP,no_fresh_breakout,нет свежего пробоя Donchian на последней закрытой свече,rejected,2026-03-27 01:45:59,
False,нет свежего пробоя Donchian на последней закрытой свече,False,"{""score"": null, ""liquidity_score"": null, ""breakout_distance_atr"": null, ""freshness_score"": null}",ENTRY_CHECK,AXS-USDT-SWAP,no_fresh_breakout,нет свежего пробоя Donchian на последней закрытой свече,rejected,2026-03-27 01:46:01,
False,нет свежего пробоя Donchian на последней закрытой свече,False,"{""score"": null, ""liquidity_score"": null, ""breakout_distance_atr"": null, ""freshness_score"": null}",ENTRY_CHECK,BCH-USDT-SWAP,no_fresh_breakout,нет свежего пробоя Donchian на последней закрытой свече,rejected,2026-03-27 01:46:04,
False,нет свежего пробоя Donchian на последней закрытой свече,False,"{""score"": null, ""liquidity_score"": null, ""breakout_distance_atr"": null, ""freshness_score"": null}",ENTRY_CHECK,COMP-USDT-SWAP,no_fresh_breakout,нет свежего пробоя Donchian на последней закрытой свече,rejected,2026-03-27 01:46:21,
False,нет свежего пробоя Donchian на последней закрытой свече,False,"{""score"": null, ""liquidity_score"": null, ""breakout_distance_atr"": null, ""freshness_score"": null}",ENTRY_CHECK,DOGE-USDT-SWAP,no_fresh_breakout,нет свежего пробоя Donchian на последней закрытой свече,rejected,2026-03-27 01:46:24,
False,нет свежего пробоя Donchian на последней закрытой свече,False,"{""score"": null, ""liquidity_score"": null, ""breakout_distance_atr"": null, ""freshness_score"": null}",ENTRY_CHECK,KSM-USDT-SWAP,no_fresh_breakout,нет свежего пробоя Donchian на последней закрытой свече,rejected,2026-03-27 01:46:53,
False,нет свежего пробоя Donchian на последней закрытой свече,False,"{""score"": null, ""liquidity_score"": null, ""breakout_distance_atr"": null, ""freshness_score"": null}",ENTRY_CHECK,LDO-USDT-SWAP,no_fresh_breakout,нет свежего пробоя Donchian на последней закрытой свече,rejected,2026-03-27 01:46:54,
False,нет свежего пробоя Donchian на последней закрытой свече,False,"{""score"": null, ""liquidity_score"": null, ""breakout_distance_atr"": null, ""freshness_score"": null}",ENTRY_CHECK,LINK-USDT-SWAP,no_fresh_breakout,нет свежего пробоя Donchian на последней закрытой свече,rejected,2026-03-27 01:46:57,
False,ATR warmup: цена или ATR недоступны после прогрева,False,"{""score"": null, ""liquidity_score"": null, ""breakout_distance_atr"": null, ""freshness_score"": null}",ENTRY_CHECK,LRC-USDT-SWAP,atr_warmup:_цена_или_atr_недоступны_после_прогрева,ATR warmup: цена или ATR недоступны после прогрева,rejected,2026-03-27 01:47:00,
False,ATR warmup: цена или ATR недоступны после прогрева,False,"{""score"": null, ""liquidity_score"": null, ""breakout_distance_atr"": null, ""freshness_score"": null}",ENTRY_CHECK,MET-USDT-SWAP,atr_warmup:_цена_или_atr_недоступны_после_прогрева,ATR warmup: цена или ATR недоступны после прогрева,rejected,2026-03-27 01:47:06,
False,нет свежего пробоя Donchian на последней закрытой свече,False,"{""score"": null, ""liquidity_score"": null, ""breakout_distance_atr"": null, ""freshness_score"": null}",ENTRY_CHECK,OP-USDT-SWAP,no_fresh_breakout,нет свежего пробоя Donchian на последней закрытой свече,rejected,2026-03-27 01:47:11,
False,ATR warmup: цена или ATR недоступны после прогрева,False,"{""score"": null, ""liquidity_score"": null, ""breakout_distance_atr"": null, ""freshness_score"": null}",ENTRY_CHECK,QTUM-USDT-SWAP,atr_warmup:_цена_или_atr_недоступны_после_прогрева,ATR warmup: цена или ATR недоступны после прогрева,rejected,2026-03-27 01:47:15,
False,ATR warmup: цена или ATR недоступны после прогрева,False,"{""score"": null, ""liquidity_score"": null, ""breakout_distance_atr"": null, ""freshness_score"": null}",ENTRY_CHECK,SYRUP-USDT-SWAP,atr_warmup:_цена_или_atr_недоступны_после_прогрева,ATR warmup: цена или ATR недоступны после прогрева,rejected,2026-03-27 01:47:35,
False,нет свежего пробоя Donchian на последней закрытой свече,False,"{""score"": null, ""liquidity_score"": null, ""breakout_distance_atr"": null, ""freshness_score"": null}",ENTRY_CHECK,TSLA-USDT-SWAP,no_fresh_breakout,нет свежего пробоя Donchian на последней закрытой свече,rejected,2026-03-27 01:47:41,
False,classic_turtle_breakout_long,True,"{""score"": null, ""liquidity_score"": 6.4709, ""breakout_distance_atr"": 0.4545, ""freshness_score"": 0.4645}",ENTRY_CHECK,YGG-USDT-SWAP,classic_turtle_breakout_long,classic_turtle_breakout_long,candidate,2026-03-27 01:47:53,
False,classic_turtle_breakout_long,True,"{""score"": null, ""liquidity_score"": 6.4709, ""breakout_distance_atr"": 0.4545, ""freshness_score"": 0.4645}",ENTRY_RANK,YGG-USDT-SWAP,classic_turtle_breakout_long,classic_turtle_breakout_long,ranked_candidate,2026-03-27 01:47:58,
True,entry_sent,True,"{""score"": null, ""liquidity_score"": null, ""breakout_distance_atr"": 0.4545, ""freshness_score"": null}",ENTRY_EXECUTION,YGG-USDT-SWAP,unknown,,entry_sent,2026-03-27 01:47:59,
True,position_opened,True,"{""units"": null, ""last_price"": null, ""next_pyramid_price"": null, ""retry_after_sec"": null}",ENTRY_EXECUTION,YGG-USDT-SWAP,unknown,,position_opened,2026-03-27 01:47:59,20260327_014759_YGG-USDT-SWAP_long
True,ATR stop update,True,"{""price"": 0.2722, ""prev_stop_price"": 0.27349999999999997, ""stop_price"": 0.2736, ""peak_unrealized_pnl"": 24.12110999995422}",STOP_MOVE_CHECK,LQTY-USDT-SWAP,unknown,ATR stop update,TRAIL_UPDATE,2026-03-27 01:48:06,20260326_235554_LQTY-USDT-SWAP_long
False,нет свежего пробоя Donchian на последней закрытой свече,False,"{""score"": null, ""liquidity_score"": null, ""breakout_distance_atr"": null, ""freshness_score"": null}",ENTRY_CHECK,1INCH-USDT-SWAP,no_fresh_breakout,нет свежего пробоя Donchian на последней закрытой свече,rejected,2026-03-27 01:49:28,
False,нет свежего пробоя Donchian на последней закрытой свече,False,"{""score"": null, ""liquidity_score"": null, ""breakout_distance_atr"": null, ""freshness_score"": null}",ENTRY_CHECK,ACT-USDT-SWAP,no_fresh_breakout,нет свежего пробоя Donchian на последней закрытой свече,rejected,2026-03-27 01:49:34,
False,нет свежего пробоя Donchian на последней закрытой свече,False,"{""score"": null, ""liquidity_score"": null, ""breakout_distance_atr"": null, ""freshness_score"": null}",ENTRY_CHECK,ATOM-USDT-SWAP,no_fresh_breakout,нет свежего пробоя Donchian на последней закрытой свече,rejected,2026-03-27 01:49:46,
False,нет свежего пробоя Donchian на последней закрытой свече,False,"{""score"": null, ""liquidity_score"": null, ""breakout_distance_atr"": null, ""freshness_score"": null}",ENTRY_CHECK,AUCTION-USDT-SWAP,no_fresh_breakout,нет свежего пробоя Donchian на последней закрытой свече,rejected,2026-03-27 01:49:48,
False,нет свежего пробоя Donchian на последней закрытой свече,False,"{""score"": null, ""liquidity_score"": null, ""breakout_distance_atr"": null, ""freshness_score"": null}",ENTRY_CHECK,AXS-USDT-SWAP,no_fresh_breakout,нет свежего пробоя Donchian на последней закрытой свече,rejected,2026-03-27 01:49:51,
False,нет свежего пробоя Donchian на последней закрытой свече,False,"{""score"": null, ""liquidity_score"": null, ""breakout_distance_atr"": null, ""freshness_score"": null}",ENTRY_CHECK,BCH-USDT-SWAP,no_fresh_breakout,нет свежего пробоя Donchian на последней закрытой свече,rejected,2026-03-27 01:49:54,
False,нет свежего пробоя Donchian на последней закрытой свече,False,"{""score"": null, ""liquidity_score"": null, ""breakout_distance_atr"": null, ""freshness_score"": null}",ENTRY_CHECK,COMP-USDT-SWAP,no_fresh_breakout,нет свежего пробоя Donchian на последней закрытой свече,rejected,2026-03-27 01:50:11,
False,нет свежего пробоя Donchian на последней закрытой свече,False,"{""score"": null, ""liquidity_score"": null, ""breakout_distance_atr"": null, ""freshness_score"": null}",ENTRY_CHECK,KSM-USDT-SWAP,no_fresh_breakout,нет свежего пробоя Donchian на последней закрытой свече,rejected,2026-03-27 01:50:40,
False,нет свежего пробоя Donchian на последней закрытой свече,False,"{""score"": null, ""liquidity_score"": null, ""breakout_distance_atr"": null, ""freshness_score"": null}",ENTRY_CHECK,LDO-USDT-SWAP,no_fresh_breakout,нет свежего пробоя Donchian на последней закрытой свече,rejected,2026-03-27 01:50:42,
False,нет свежего пробоя Donchian на последней закрытой свече,False,"{""score"": null, ""liquidity_score"": null, ""breakout_distance_atr"": null, ""freshness_score"": null}",ENTRY_CHECK,LINK-USDT-SWAP,no_fresh_breakout,нет свежего пробоя Donchian на последней закрытой свече,rejected,2026-03-27 01:50:45,
False,ATR warmup: цена или ATR недоступны после прогрева,False,"{""score"": null, ""liquidity_score"": null, ""breakout_distance_atr"": null, ""freshness_score"": null}",ENTRY_CHECK,LRC-USDT-SWAP,atr_warmup:_цена_или_atr_недоступны_после_прогрева,ATR warmup: цена или ATR недоступны после прогрева,rejected,2026-03-27 01:50:48,
False,ATR warmup: цена или ATR недоступны после прогрева,False,"{""score"": null, ""liquidity_score"": null, ""breakout_distance_atr"": null, ""freshness_score"": null}",ENTRY_CHECK,MET-USDT-SWAP,atr_warmup:_цена_или_atr_недоступны_после_прогрева,ATR warmup: цена или ATR недоступны после прогрева,rejected,2026-03-27 01:50:55,
False,ATR warmup: цена или ATR недоступны после прогрева,False,"{""score"": null, ""liquidity_score"": null, ""breakout_distance_atr"": null, ""freshness_score"": null}",ENTRY_CHECK,QTUM-USDT-SWAP,atr_warmup:_цена_или_atr_недоступны_после_прогрева,ATR warmup: цена или ATR недоступны после прогрева,rejected,2026-03-27 01:51:05,
False,ATR warmup: цена или ATR недоступны после прогрева,False,"{""score"": null, ""liquidity_score"": null, ""breakout_distance_atr"": null, ""freshness_score"": null}",ENTRY_CHECK,SYRUP-USDT-SWAP,atr_warmup:_цена_или_atr_недоступны_после_прогрева,ATR warmup: цена или ATR недоступны после прогрева,rejected,2026-03-27 01:51:23,
True,pyramid_added,True,"{""units"": 2, ""last_price"": null, ""next_pyramid_price"": 0.0340122019271498, ""retry_after_sec"": null}",ADD_UNIT_CHECK,YGG-USDT-SWAP,unknown,,pyramid_added,2026-03-27 01:53:04,20260327_014759_YGG-USDT-SWAP_long
False,нет свежего пробоя Donchian на последней закрытой свече,False,"{""score"": null, ""liquidity_score"": null, ""breakout_distance_atr"": null, ""freshness_score"": null}",ENTRY_CHECK,1INCH-USDT-SWAP,no_fresh_breakout,нет свежего пробоя Donchian на последней закрытой свече,rejected,2026-03-27 01:53:12,
False,нет свежего пробоя Donchian на последней закрытой свече,False,"{""score"": null, ""liquidity_score"": null, ""breakout_distance_atr"": null, ""freshness_score"": null}",ENTRY_CHECK,ACT-USDT-SWAP,no_fresh_breakout,нет свежего пробоя Donchian на последней закрытой свече,rejected,2026-03-27 01:53:19,
False,нет свежего пробоя Donchian на последней закрытой свече,False,"{""score"": null, ""liquidity_score"": null, ""breakout_distance_atr"": null, ""freshness_score"": null}",ENTRY_CHECK,ATOM-USDT-SWAP,no_fresh_breakout,нет свежего пробоя Donchian на последней закрытой свече,rejected,2026-03-27 01:53:31,
False,нет свежего пробоя Donchian на последней закрытой свече,False,"{""score"": null, ""liquidity_score"": null, ""breakout_distance_atr"": null, ""freshness_score"": null}",ENTRY_CHECK,AUCTION-USDT-SWAP,no_fresh_breakout,нет свежего пробоя Donchian на последней закрытой свече,rejected,2026-03-27 01:53:32,
False,нет свежего пробоя Donchian на последней закрытой свече,False,"{""score"": null, ""liquidity_score"": null, ""breakout_distance_atr"": null, ""freshness_score"": null}",ENTRY_CHECK,AXS-USDT-SWAP,no_fresh_breakout,нет свежего пробоя Donchian на последней закрытой свече,rejected,2026-03-27 01:53:35,
False,нет свежего пробоя Donchian на последней закрытой свече,False,"{""score"": null, ""liquidity_score"": null, ""breakout_distance_atr"": null, ""freshness_score"": null}",ENTRY_CHECK,BCH-USDT-SWAP,no_fresh_breakout,нет свежего пробоя Donchian на последней закрытой свече,rejected,2026-03-27 01:53:38,
False,нет свежего пробоя Donchian на последней закрытой свече,False,"{""score"": null, ""liquidity_score"": null, ""breakout_distance_atr"": null, ""freshness_score"": null}",ENTRY_CHECK,BTC-USDT-SWAP,no_fresh_breakout,нет свежего пробоя Donchian на последней закрытой свече,rejected,2026-03-27 01:53:47,
False,нет свежего пробоя Donchian на последней закрытой свече,False,"{""score"": null, ""liquidity_score"": null, ""breakout_distance_atr"": null, ""freshness_score"": null}",ENTRY_CHECK,COMP-USDT-SWAP,no_fresh_breakout,нет свежего пробоя Donchian на последней закрытой свече,rejected,2026-03-27 01:53:58,
False,нет свежего пробоя Donchian на последней закрытой свече,False,"{""score"": null, ""liquidity_score"": null, ""breakout_distance_atr"": null, ""freshness_score"": null}",ENTRY_CHECK,DOGE-USDT-SWAP,no_fresh_breakout,нет свежего пробоя Donchian на последней закрытой свече,rejected,2026-03-27 01:54:01,
False,нет свежего пробоя Donchian на последней закрытой свече,False,"{""score"": null, ""liquidity_score"": null, ""breakout_distance_atr"": null, ""freshness_score"": null}",ENTRY_CHECK,ETH-USDT-SWAP,no_fresh_breakout,нет свежего пробоя Donchian на последней закрытой свече,rejected,2026-03-27 01:54:05,
False,нет свежего пробоя Donchian на последней закрытой свече,False,"{""score"": null, ""liquidity_score"": null, ""breakout_distance_atr"": null, ""freshness_score"": null}",ENTRY_CHECK,KAITO-USDT-SWAP,no_fresh_breakout,нет свежего пробоя Donchian на последней закрытой свече,rejected,2026-03-27 01:54:25,
False,нет свежего пробоя Donchian на последней закрытой свече,False,"{""score"": null, ""liquidity_score"": null, ""breakout_distance_atr"": null, ""freshness_score"": null}",ENTRY_CHECK,KSM-USDT-SWAP,no_fresh_breakout,нет свежего пробоя Donchian на последней закрытой свече,rejected,2026-03-27 01:54:26,
False,нет свежего пробоя Donchian на последней закрытой свече,False,"{""score"": null, ""liquidity_score"": null, ""breakout_distance_atr"": null, ""freshness_score"": null}",ENTRY_CHECK,LDO-USDT-SWAP,no_fresh_breakout,нет свежего пробоя Donchian на последней закрытой свече,rejected,2026-03-27 01:54:28,
False,нет свежего пробоя Donchian на последней закрытой свече,False,"{""score"": null, ""liquidity_score"": null, ""breakout_distance_atr"": null, ""freshness_score"": null}",ENTRY_CHECK,LINK-USDT-SWAP,no_fresh_breakout,нет свежего пробоя Donchian на последней закрытой свече,rejected,2026-03-27 01:54:31,
False,нет свежего пробоя Donchian на последней закрытой свече,False,"{""score"": null, ""liquidity_score"": null, ""breakout_distance_atr"": null, ""freshness_score"": null}",ENTRY_CHECK,LIT-USDT-SWAP,no_fresh_breakout,нет свежего пробоя Donchian на последней закрытой свече,rejected,2026-03-27 01:54:32,
False,ATR warmup: цена или ATR недоступны после прогрева,False,"{""score"": null, ""liquidity_score"": null, ""breakout_distance_atr"": null, ""freshness_score"": null}",ENTRY_CHECK,LRC-USDT-SWAP,atr_warmup:_цена_или_atr_недоступны_после_прогрева,ATR warmup: цена или ATR недоступны после прогрева,rejected,2026-03-27 01:54:34,
False,ATR warmup: цена или ATR недоступны после прогрева,False,"{""score"": null, ""liquidity_score"": null, ""breakout_distance_atr"": null, ""freshness_score"": null}",ENTRY_CHECK,MET-USDT-SWAP,atr_warmup:_цена_или_atr_недоступны_после_прогрева,ATR warmup: цена или ATR недоступны после прогрева,rejected,2026-03-27 01:54:43,
False,нет свежего пробоя Donchian на последней закрытой свече,False,"{""score"": null, ""liquidity_score"": null, ""breakout_distance_atr"": null, ""freshness_score"": null}",ENTRY_CHECK,OP-USDT-SWAP,no_fresh_breakout,нет свежего пробоя Donchian на последней закрытой свече,rejected,2026-03-27 01:54:48,
False,ATR warmup: цена или ATR недоступны после прогрева,False,"{""score"": null, ""liquidity_score"": null, ""breakout_distance_atr"": null, ""freshness_score"": null}",ENTRY_CHECK,QTUM-USDT-SWAP,atr_warmup:_цена_или_atr_недоступны_после_прогрева,ATR warmup: цена или ATR недоступны после прогрева,rejected,2026-03-27 01:54:53,
False,ATR warmup: цена или ATR недоступны после прогрева,False,"{""score"": null, ""liquidity_score"": null, ""breakout_distance_atr"": null, ""freshness_score"": null}",ENTRY_CHECK,SYRUP-USDT-SWAP,atr_warmup:_цена_или_atr_недоступны_после_прогрева,ATR warmup: цена или ATR недоступны после прогрева,rejected,2026-03-27 01:55:10,
False,нет свежего пробоя Donchian на последней закрытой свече,False,"{""score"": null, ""liquidity_score"": null, ""breakout_distance_atr"": null, ""freshness_score"": null}",ENTRY_CHECK,TSLA-USDT-SWAP,no_fresh_breakout,нет свежего пробоя Donchian на последней закрытой свече,rejected,2026-03-27 01:55:17,
False,нет свежего пробоя Donchian на последней закрытой свече,False,"{""score"": null, ""liquidity_score"": null, ""breakout_distance_atr"": null, ""freshness_score"": null}",ENTRY_CHECK,YFI-USDT-SWAP,no_fresh_breakout,нет свежего пробоя Donchian на последней закрытой свече,rejected,2026-03-27 01:55:29,
True,Канальный выход 20 свечей,True,"{""units"": 4, ""last_price"": null, ""next_pyramid_price"": null, ""retry_after_sec"": null}",EXIT_CHECK,LQTY-USDT-SWAP,канальный_выход_20_свечей,Канальный выход 20 свечей,position_closed,2026-03-27 01:55:52,20260326_235554_LQTY-USDT-SWAP_long
True,ATR stop update,True,"{""price"": 0.0344, ""prev_stop_price"": 0.0336, ""stop_price"": 0.0339, ""peak_unrealized_pnl"": 30.8385999999303}",STOP_MOVE_CHECK,YGG-USDT-SWAP,unknown,ATR stop update,TRAIL_UPDATE,2026-03-27 01:57:16,20260327_014759_YGG-USDT-SWAP_long
True,Новый пик open PnL,True,"{""price"": 0.0344, ""prev_stop_price"": null, ""stop_price"": 0.0339, ""peak_unrealized_pnl"": 30.8385999999303}",EXIT_CHECK,YGG-USDT-SWAP,unknown,Новый пик open PnL,PEAK_PNL,2026-03-27 01:57:16,20260327_014759_YGG-USDT-SWAP_long
True,pyramid_added,True,"{""units"": 3, ""last_price"": null, ""next_pyramid_price"": 0.034220911425244, ""retry_after_sec"": null}",ADD_UNIT_CHECK,YGG-USDT-SWAP,unknown,,pyramid_added,2026-03-27 01:57:17,20260327_014759_YGG-USDT-SWAP_long
False,нет свежего пробоя Donchian на последней закрытой свече,False,"{""score"": null, ""liquidity_score"": null, ""breakout_distance_atr"": null, ""freshness_score"": null}",ENTRY_CHECK,ACT-USDT-SWAP,no_fresh_breakout,нет свежего пробоя Donchian на последней закрытой свече,rejected,2026-03-27 01:57:41,
False,нет свежего пробоя Donchian на последней закрытой свече,False,"{""score"": null, ""liquidity_score"": null, ""breakout_distance_atr"": null, ""freshness_score"": null}",ENTRY_CHECK,ASTER-USDT-SWAP,no_fresh_breakout,нет свежего пробоя Donchian на последней закрытой свече,rejected,2026-03-27 01:57:44,
False,нет свежего пробоя Donchian на последней закрытой свече,False,"{""score"": null, ""liquidity_score"": null, ""breakout_distance_atr"": null, ""freshness_score"": null}",ENTRY_CHECK,ATOM-USDT-SWAP,no_fresh_breakout,нет свежего пробоя Donchian на последней закрытой свече,rejected,2026-03-27 01:57:45,
False,нет свежего пробоя Donchian на последней закрытой свече,False,"{""score"": null, ""liquidity_score"": null, ""breakout_distance_atr"": null, ""freshness_score"": null}",ENTRY_CHECK,AUCTION-USDT-SWAP,no_fresh_breakout,нет свежего пробоя Donchian на последней закрытой свече,rejected,2026-03-27 01:57:47,
False,нет свежего пробоя Donchian на последней закрытой свече,False,"{""score"": null, ""liquidity_score"": null, ""breakout_distance_atr"": null, ""freshness_score"": null}",ENTRY_CHECK,AXS-USDT-SWAP,no_fresh_breakout,нет свежего пробоя Donchian на последней закрытой свече,rejected,2026-03-27 01:57:50,
False,нет свежего пробоя Donchian на последней закрытой свече,False,"{""score"": null, ""liquidity_score"": null, ""breakout_distance_atr"": null, ""freshness_score"": null}",ENTRY_CHECK,BCH-USDT-SWAP,no_fresh_breakout,нет свежего пробоя Donchian на последней закрытой свече,rejected,2026-03-27 01:57:53,
False,нет свежего пробоя Donchian на последней закрытой свече,False,"{""score"": null, ""liquidity_score"": null, ""breakout_distance_atr"": null, ""freshness_score"": null}",ENTRY_CHECK,BTC-USDT-SWAP,no_fresh_breakout,нет свежего пробоя Donchian на последней закрытой свече,rejected,2026-03-27 01:58:01,
False,нет свежего пробоя Donchian на последней закрытой свече,False,"{""score"": null, ""liquidity_score"": null, ""breakout_distance_atr"": null, ""freshness_score"": null}",ENTRY_CHECK,COMP-USDT-SWAP,no_fresh_breakout,нет свежего пробоя Donchian на последней закрытой свече,rejected,2026-03-27 01:58:10,
False,нет свежего пробоя Donchian на последней закрытой свече,False,"{""score"": null, ""liquidity_score"": null, ""breakout_distance_atr"": null, ""freshness_score"": null}",ENTRY_CHECK,DOGE-USDT-SWAP,no_fresh_breakout,нет свежего пробоя Donchian на последней закрытой свече,rejected,2026-03-27 01:58:13,
False,нет свежего пробоя Donchian на последней закрытой свече,False,"{""score"": null, ""liquidity_score"": null, ""breakout_distance_atr"": null, ""freshness_score"": null}",ENTRY_CHECK,ETH-USDT-SWAP,no_fresh_breakout,нет свежего пробоя Donchian на последней закрытой свече,rejected,2026-03-27 01:58:19,
False,нет свежего пробоя Donchian на последней закрытой свече,False,"{""score"": null, ""liquidity_score"": null, ""breakout_distance_atr"": null, ""freshness_score"": null}",ENTRY_CHECK,KSM-USDT-SWAP,no_fresh_breakout,нет свежего пробоя Donchian на последней закрытой свече,rejected,2026-03-27 01:58:41,
False,нет свежего пробоя Donchian на последней закрытой свече,False,"{""score"": null, ""liquidity_score"": null, ""breakout_distance_atr"": null, ""freshness_score"": null}",ENTRY_CHECK,LDO-USDT-SWAP,no_fresh_breakout,нет свежего пробоя Donchian на последней закрытой свече,rejected,2026-03-27 01:58:42,
False,нет свежего пробоя Donchian на последней закрытой свече,False,"{""score"": null, ""liquidity_score"": null, ""breakout_distance_atr"": null, ""freshness_score"": null}",ENTRY_CHECK,LINK-USDT-SWAP,no_fresh_breakout,нет свежего пробоя Donchian на последней закрытой свече,rejected,2026-03-27 01:58:46,
False,нет свежего пробоя Donchian на последней закрытой свече,False,"{""score"": null, ""liquidity_score"": null, ""breakout_distance_atr"": null, ""freshness_score"": null}",ENTRY_CHECK,LIT-USDT-SWAP,no_fresh_breakout,нет свежего пробоя Donchian на последней закрытой свече,rejected,2026-03-27 01:58:47,
False,ATR warmup: цена или ATR недоступны после прогрева,False,"{""score"": null, ""liquidity_score"": null, ""breakout_distance_atr"": null, ""freshness_score"": null}",ENTRY_CHECK,LRC-USDT-SWAP,atr_warmup:_цена_или_atr_недоступны_после_прогрева,ATR warmup: цена или ATR недоступны после прогрева,rejected,2026-03-27 01:58:50,
False,ATR warmup: цена или ATR недоступны после прогрева,False,"{""score"": null, ""liquidity_score"": null, ""breakout_distance_atr"": null, ""freshness_score"": null}",ENTRY_CHECK,MET-USDT-SWAP,atr_warmup:_цена_или_atr_недоступны_после_прогрева,ATR warmup: цена или ATR недоступны после прогрева,rejected,2026-03-27 01:58:58,
False,нет свежего пробоя Donchian на последней закрытой свече,False,"{""score"": null, ""liquidity_score"": null, ""breakout_distance_atr"": null, ""freshness_score"": null}",ENTRY_CHECK,OP-USDT-SWAP,no_fresh_breakout,нет свежего пробоя Donchian на последней закрытой свече,rejected,2026-03-27 01:59:04,
False,ATR warmup: цена или ATR недоступны после прогрева,False,"{""score"": null, ""liquidity_score"": null, ""breakout_distance_atr"": null, ""freshness_score"": null}",ENTRY_CHECK,QTUM-USDT-SWAP,atr_warmup:_цена_или_atr_недоступны_после_прогрева,ATR warmup: цена или ATR недоступны после прогрева,rejected,2026-03-27 01:59:07,
False,ATR warmup: цена или ATR недоступны после прогрева,False,"{""score"": null, ""liquidity_score"": null, ""breakout_distance_atr"": null, ""freshness_score"": null}",ENTRY_CHECK,SYRUP-USDT-SWAP,atr_warmup:_цена_или_atr_недоступны_после_прогрева,ATR warmup: цена или ATR недоступны после прогрева,rejected,2026-03-27 01:59:26,
True,ATR stop update,True,"{""price"": 0.2192, ""prev_stop_price"": 0.21753999999999998, ""stop_price"": 0.21749, ""peak_unrealized_pnl"": 0.0}",STOP_MOVE_CHECK,CRV-USDT-SWAP,unknown,ATR stop update,TRAIL_UPDATE,2026-03-27 02:00:18,20260326_235556_CRV-USDT-SWAP_short
True,ATR stop update,True,"{""price"": 2.95, ""prev_stop_price"": 2.9313469904524703, ""stop_price"": 2.93044699045247, ""peak_unrealized_pnl"": 0.0}",STOP_MOVE_CHECK,INJ-USDT-SWAP,unknown,ATR stop update,TRAIL_UPDATE,2026-03-27 02:00:37,20260326_235556_INJ-USDT-SWAP_short
True,pyramid_added,True,"{""units"": 4, ""last_price"": null, ""next_pyramid_price"": 0.034423695203304704, ""retry_after_sec"": null}",ADD_UNIT_CHECK,YGG-USDT-SWAP,unknown,,pyramid_added,2026-03-27 02:01:16,20260327_014759_YGG-USDT-SWAP_long
True,ATR stop update,True,"{""price"": 0.0348, ""prev_stop_price"": 0.0339, ""stop_price"": 0.03426, ""peak_unrealized_pnl"": 70.55909999976954}",STOP_MOVE_CHECK,YGG-USDT-SWAP,unknown,ATR stop update,TRAIL_UPDATE,2026-03-27 02:01:16,20260327_014759_YGG-USDT-SWAP_long
True,Новый пик open PnL,True,"{""price"": 0.0348, ""prev_stop_price"": null, ""stop_price"": 0.03426, ""peak_unrealized_pnl"": 70.55909999976954}",EXIT_CHECK,YGG-USDT-SWAP,unknown,Новый пик open PnL,PEAK_PNL,2026-03-27 02:01:16,20260327_014759_YGG-USDT-SWAP_long
False,нет свежего пробоя Donchian на последней закрытой свече,False,"{""score"": null, ""liquidity_score"": null, ""breakout_distance_atr"": null, ""freshness_score"": null}",ENTRY_CHECK,ACT-USDT-SWAP,no_fresh_breakout,нет свежего пробоя Donchian на последней закрытой свече,rejected,2026-03-27 02:01:49,
False,нет свежего пробоя Donchian на последней закрытой свече,False,"{""score"": null, ""liquidity_score"": null, ""breakout_distance_atr"": null, ""freshness_score"": null}",ENTRY_CHECK,ASTER-USDT-SWAP,no_fresh_breakout,нет свежего пробоя Donchian на последней закрытой свече,rejected,2026-03-27 02:01:56,
False,нет свежего пробоя Donchian на последней закрытой свече,False,"{""score"": null, ""liquidity_score"": null, ""breakout_distance_atr"": null, ""freshness_score"": null}",ENTRY_CHECK,ATOM-USDT-SWAP,no_fresh_breakout,нет свежего пробоя Donchian на последней закрытой свече,rejected,2026-03-27 02:01:56,
False,нет свежего пробоя Donchian на последней закрытой свече,False,"{""score"": null, ""liquidity_score"": null, ""breakout_distance_atr"": null, ""freshness_score"": null}",ENTRY_CHECK,AUCTION-USDT-SWAP,no_fresh_breakout,нет свежего пробоя Donchian на последней закрытой свече,rejected,2026-03-27 02:01:57,
False,нет свежего пробоя Donchian на последней закрытой свече,False,"{""score"": null, ""liquidity_score"": null, ""breakout_distance_atr"": null, ""freshness_score"": null}",ENTRY_CHECK,AXS-USDT-SWAP,no_fresh_breakout,нет свежего пробоя Donchian на последней закрытой свече,rejected,2026-03-27 02:01:57,
False,нет свежего пробоя Donchian на последней закрытой свече,False,"{""score"": null, ""liquidity_score"": null, ""breakout_distance_atr"": null, ""freshness_score"": null}",ENTRY_CHECK,BCH-USDT-SWAP,no_fresh_breakout,нет свежего пробоя Donchian на последней закрытой свече,rejected,2026-03-27 02:01:57,
False,нет свежего пробоя Donchian на последней закрытой свече,False,"{""score"": null, ""liquidity_score"": null, ""breakout_distance_atr"": null, ""freshness_score"": null}",ENTRY_CHECK,DOGE-USDT-SWAP,no_fresh_breakout,нет свежего пробоя Donchian на последней закрытой свече,rejected,2026-03-27 02:02:14,
False,нет свежего пробоя Donchian на последней закрытой свече,False,"{""score"": null, ""liquidity_score"": null, ""breakout_distance_atr"": null, ""freshness_score"": null}",ENTRY_CHECK,KSM-USDT-SWAP,no_fresh_breakout,нет свежего пробоя Donchian на последней закрытой свече,rejected,2026-03-27 02:02:41,
False,нет свежего пробоя Donchian на последней закрытой свече,False,"{""score"": null, ""liquidity_score"": null, ""breakout_distance_atr"": null, ""freshness_score"": null}",ENTRY_CHECK,LDO-USDT-SWAP,no_fresh_breakout,нет свежего пробоя Donchian на последней закрытой свече,rejected,2026-03-27 02:02:43,
False,нет свежего пробоя Donchian на последней закрытой свече,False,"{""score"": null, ""liquidity_score"": null, ""breakout_distance_atr"": null, ""freshness_score"": null}",ENTRY_CHECK,LINK-USDT-SWAP,no_fresh_breakout,нет свежего пробоя Donchian на последней закрытой свече,rejected,2026-03-27 02:02:45,
False,закрытие не удержалось ниже канала,False,"{""score"": null, ""liquidity_score"": null, ""breakout_distance_atr"": null, ""freshness_score"": null}",ENTRY_CHECK,LQTY-USDT-SWAP,закрытие_не_удержалось_ниже_канала,закрытие не удержалось ниже канала,rejected,2026-03-27 02:02:47,
False,ATR warmup: цена или ATR недоступны после прогрева,False,"{""score"": null, ""liquidity_score"": null, ""breakout_distance_atr"": null, ""freshness_score"": null}",ENTRY_CHECK,LRC-USDT-SWAP,atr_warmup:_цена_или_atr_недоступны_после_прогрева,ATR warmup: цена или ATR недоступны после прогрева,rejected,2026-03-27 02:02:49,
False,ATR warmup: цена или ATR недоступны после прогрева,False,"{""score"": null, ""liquidity_score"": null, ""breakout_distance_atr"": null, ""freshness_score"": null}",ENTRY_CHECK,MET-USDT-SWAP,atr_warmup:_цена_или_atr_недоступны_после_прогрева,ATR warmup: цена или ATR недоступны после прогрева,rejected,2026-03-27 02:02:57,
False,нет свежего пробоя Donchian на последней закрытой свече,False,"{""score"": null, ""liquidity_score"": null, ""breakout_distance_atr"": null, ""freshness_score"": null}",ENTRY_CHECK,OP-USDT-SWAP,no_fresh_breakout,нет свежего пробоя Donchian на последней закрытой свече,rejected,2026-03-27 02:03:02,
False,ATR warmup: цена или ATR недоступны после прогрева,False,"{""score"": null, ""liquidity_score"": null, ""breakout_distance_atr"": null, ""freshness_score"": null}",ENTRY_CHECK,QTUM-USDT-SWAP,atr_warmup:_цена_или_atr_недоступны_после_прогрева,ATR warmup: цена или ATR недоступны после прогрева,rejected,2026-03-27 02:03:06,
False,ATR warmup: цена или ATR недоступны после прогрева,False,"{""score"": null, ""liquidity_score"": null, ""breakout_distance_atr"": null, ""freshness_score"": null}",ENTRY_CHECK,SYRUP-USDT-SWAP,atr_warmup:_цена_или_atr_недоступны_после_прогрева,ATR warmup: цена или ATR недоступны после прогрева,rejected,2026-03-27 02:03:24,
False,нет свежего пробоя Donchian на последней закрытой свече,False,"{""score"": null, ""liquidity_score"": null, ""breakout_distance_atr"": null, ""freshness_score"": null}",ENTRY_CHECK,TSLA-USDT-SWAP,no_fresh_breakout,нет свежего пробоя Donchian на последней закрытой свече,rejected,2026-03-27 02:03:30,
True,Новый пик open PnL,True,"{""price"": 0.0354, ""prev_stop_price"": null, ""stop_price"": 0.03426, ""peak_unrealized_pnl"": 191.50439999954034}",EXIT_CHECK,YGG-USDT-SWAP,unknown,Новый пик open PnL,PEAK_PNL,2026-03-27 02:05:07,20260327_014759_YGG-USDT-SWAP_long
False,нет свежего пробоя Donchian на последней закрытой свече,False,"{""score"": null, ""liquidity_score"": null, ""breakout_distance_atr"": null, ""freshness_score"": null}",ENTRY_CHECK,ACT-USDT-SWAP,no_fresh_breakout,нет свежего пробоя Donchian на последней закрытой свече,rejected,2026-03-27 02:05:34,
False,classic_turtle_breakout_long,True,"{""score"": null, ""liquidity_score"": 12.6423, ""breakout_distance_atr"": 1.7204, ""freshness_score"": 1.7304}",ENTRY_CHECK,AUCTION-USDT-SWAP,classic_turtle_breakout_long,classic_turtle_breakout_long,candidate,2026-03-27 02:05:48,
False,classic_turtle_breakout_long,True,"{""score"": null, ""liquidity_score"": 12.6423, ""breakout_distance_atr"": 1.7204, ""freshness_score"": 1.7304}",ENTRY_CHECK,AUCTION-USDT-SWAP,classic_turtle_breakout_long,classic_turtle_breakout_long,candidate,2026-03-27 02:05:48,
False,нет свежего пробоя Donchian на последней закрытой свече,False,"{""score"": null, ""liquidity_score"": null, ""breakout_distance_atr"": null, ""freshness_score"": null}",ENTRY_CHECK,AXS-USDT-SWAP,no_fresh_breakout,нет свежего пробоя Donchian на последней закрытой свече,rejected,2026-03-27 02:05:51,
False,нет свежего пробоя Donchian на последней закрытой свече,False,"{""score"": null, ""liquidity_score"": null, ""breakout_distance_atr"": null, ""freshness_score"": null}",ENTRY_CHECK,DOGE-USDT-SWAP,no_fresh_breakout,нет свежего пробоя Donchian на последней закрытой свече,rejected,2026-03-27 02:06:02,
False,нет свежего пробоя Donchian на последней закрытой свече,False,"{""score"": null, ""liquidity_score"": null, ""breakout_distance_atr"": null, ""freshness_score"": null}",ENTRY_CHECK,KSM-USDT-SWAP,no_fresh_breakout,нет свежего пробоя Donchian на последней закрытой свече,rejected,2026-03-27 02:06:29,
False,нет свежего пробоя Donchian на последней закрытой свече,False,"{""score"": null, ""liquidity_score"": null, ""breakout_distance_atr"": null, ""freshness_score"": null}",ENTRY_CHECK,LDO-USDT-SWAP,no_fresh_breakout,нет свежего пробоя Donchian на последней закрытой свече,rejected,2026-03-27 02:06:31,
False,нет свежего пробоя Donchian на последней закрытой свече,False,"{""score"": null, ""liquidity_score"": null, ""breakout_distance_atr"": null, ""freshness_score"": null}",ENTRY_CHECK,LINK-USDT-SWAP,no_fresh_breakout,нет свежего пробоя Donchian на последней закрытой свече,rejected,2026-03-27 02:06:33,
False,нет свежего пробоя Donchian на последней закрытой свече,False,"{""score"": null, ""liquidity_score"": null, ""breakout_distance_atr"": null, ""freshness_score"": null}",ENTRY_CHECK,LIT-USDT-SWAP,no_fresh_breakout,нет свежего пробоя Donchian на последней закрытой свече,rejected,2026-03-27 02:06:35,
False,ATR warmup: цена или ATR недоступны после прогрева,False,"{""score"": null, ""liquidity_score"": null, ""breakout_distance_atr"": null, ""freshness_score"": null}",ENTRY_CHECK,LRC-USDT-SWAP,atr_warmup:_цена_или_atr_недоступны_после_прогрева,ATR warmup: цена или ATR недоступны после прогрева,rejected,2026-03-27 02:06:38,
False,ATR warmup: цена или ATR недоступны после прогрева,False,"{""score"": null, ""liquidity_score"": null, ""breakout_distance_atr"": null, ""freshness_score"": null}",ENTRY_CHECK,MET-USDT-SWAP,atr_warmup:_цена_или_atr_недоступны_после_прогрева,ATR warmup: цена или ATR недоступны после прогрева,rejected,2026-03-27 02:06:46,
False,нет свежего пробоя Donchian на последней закрытой свече,False,"{""score"": null, ""liquidity_score"": null, ""breakout_distance_atr"": null, ""freshness_score"": null}",ENTRY_CHECK,OP-USDT-SWAP,no_fresh_breakout,нет свежего пробоя Donchian на последней закрытой свече,rejected,2026-03-27 02:06:52,
False,ATR warmup: цена или ATR недоступны после прогрева,False,"{""score"": null, ""liquidity_score"": null, ""breakout_distance_atr"": null, ""freshness_score"": null}",ENTRY_CHECK,QTUM-USDT-SWAP,atr_warmup:_цена_или_atr_недоступны_после_прогрева,ATR warmup: цена или ATR недоступны после прогрева,rejected,2026-03-27 02:06:56,
False,ATR warmup: цена или ATR недоступны после прогрева,False,"{""score"": null, ""liquidity_score"": null, ""breakout_distance_atr"": null, ""freshness_score"": null}",ENTRY_CHECK,SYRUP-USDT-SWAP,atr_warmup:_цена_или_atr_недоступны_после_прогрева,ATR warmup: цена или ATR недоступны после прогрева,rejected,2026-03-27 02:07:13,
False,classic_turtle_breakout_long,True,"{""score"": null, ""liquidity_score"": 12.6423, ""breakout_distance_atr"": 1.7204, ""freshness_score"": 1.7304}",ENTRY_RANK,AUCTION-USDT-SWAP,classic_turtle_breakout_long,classic_turtle_breakout_long,ranked_candidate,2026-03-27 02:07:34,
False,classic_turtle_breakout_long,True,"{""score"": null, ""liquidity_score"": 12.6423, ""breakout_distance_atr"": 1.7204, ""freshness_score"": 1.7304}",ENTRY_RANK,AUCTION-USDT-SWAP,classic_turtle_breakout_long,classic_turtle_breakout_long,ranked_candidate,2026-03-27 02:07:34,
False,entry_failed,False,"{""score"": null, ""liquidity_score"": null, ""breakout_distance_atr"": null, ""freshness_score"": null}",ENTRY_EXECUTION,AUCTION-USDT-SWAP,unknown,,entry_failed,2026-03-27 02:07:35,
False,entry_failed,False,"{""score"": null, ""liquidity_score"": null, ""breakout_distance_atr"": null, ""freshness_score"": null}",ENTRY_EXECUTION,AUCTION-USDT-SWAP,unknown,,entry_failed,2026-03-27 02:07:35,
True,ATR stop update,True,"{""price"": 2.954, ""prev_stop_price"": 2.93044699045247, ""stop_price"": 2.9292469904524703, ""peak_unrealized_pnl"": 0.0}",STOP_MOVE_CHECK,INJ-USDT-SWAP,unknown,ATR stop update,TRAIL_UPDATE,2026-03-27 02:08:21,20260326_235556_INJ-USDT-SWAP_short
True,ATR stop update,True,"{""price"": 1.2266, ""prev_stop_price"": 1.22773, ""stop_price"": 1.2281600000000001, ""peak_unrealized_pnl"": 0.0}",STOP_MOVE_CHECK,NEAR-USDT-SWAP,unknown,ATR stop update,TRAIL_UPDATE,2026-03-27 02:08:41,20260327_002953_NEAR-USDT-SWAP_long
True,ATR stop update,True,"{""price"": 0.0354, ""prev_stop_price"": 0.03426, ""stop_price"": 0.03483, ""peak_unrealized_pnl"": 251.94599999953996}",STOP_MOVE_CHECK,YGG-USDT-SWAP,unknown,ATR stop update,TRAIL_UPDATE,2026-03-27 02:09:02,20260327_014759_YGG-USDT-SWAP_long
True,Новый пик open PnL,True,"{""price"": 0.0354, ""prev_stop_price"": null, ""stop_price"": 0.03483, ""peak_unrealized_pnl"": 251.94599999953996}",EXIT_CHECK,YGG-USDT-SWAP,unknown,Новый пик open PnL,PEAK_PNL,2026-03-27 02:09:02,20260327_014759_YGG-USDT-SWAP_long
False,нет свежего пробоя Donchian на последней закрытой свече,False,"{""score"": null, ""liquidity_score"": null, ""breakout_distance_atr"": null, ""freshness_score"": null}",ENTRY_CHECK,1INCH-USDT-SWAP,no_fresh_breakout,нет свежего пробоя Donchian на последней закрытой свече,rejected,2026-03-27 02:09:25,
False,нет свежего пробоя Donchian на последней закрытой свече,False,"{""score"": null, ""liquidity_score"": null, ""breakout_distance_atr"": null, ""freshness_score"": null}",ENTRY_CHECK,ACT-USDT-SWAP,no_fresh_breakout,нет свежего пробоя Donchian на последней закрытой свече,rejected,2026-03-27 02:09:31,
False,нет свежего пробоя Donchian на последней закрытой свече,False,"{""score"": null, ""liquidity_score"": null, ""breakout_distance_atr"": null, ""freshness_score"": null}",ENTRY_CHECK,ARB-USDT-SWAP,no_fresh_breakout,нет свежего пробоя Donchian на последней закрытой свече,rejected,2026-03-27 02:09:38,
False,momentum chase blocked after 3 same-side candles,False,"{""score"": null, ""liquidity_score"": null, ""breakout_distance_atr"": 1.3208, ""freshness_score"": null}",ENTRY_CHECK,ASTER-USDT-SWAP,blacklist,momentum chase blocked after 3 same-side candles,rejected,2026-03-27 02:09:41,
False,classic_turtle_breakout_long,True,"{""score"": null, ""liquidity_score"": 5.9211, ""breakout_distance_atr"": 1.7204, ""freshness_score"": 1.7304}",ENTRY_CHECK,AUCTION-USDT-SWAP,classic_turtle_breakout_long,classic_turtle_breakout_long,candidate,2026-03-27 02:09:44,
False,classic_turtle_breakout_long,True,"{""score"": null, ""liquidity_score"": 5.9211, ""breakout_distance_atr"": 1.7204, ""freshness_score"": 1.7304}",ENTRY_CHECK,AUCTION-USDT-SWAP,classic_turtle_breakout_long,classic_turtle_breakout_long,candidate,2026-03-27 02:09:44,
False,нет свежего пробоя Donchian на последней закрытой свече,False,"{""score"": null, ""liquidity_score"": null, ""breakout_distance_atr"": null, ""freshness_score"": null}",ENTRY_CHECK,AXS-USDT-SWAP,no_fresh_breakout,нет свежего пробоя Donchian на последней закрытой свече,rejected,2026-03-27 02:09:47,
False,нет свежего пробоя Donchian на последней закрытой свече,False,"{""score"": null, ""liquidity_score"": null, ""breakout_distance_atr"": null, ""freshness_score"": null}",ENTRY_CHECK,COMP-USDT-SWAP,no_fresh_breakout,нет свежего пробоя Donchian на последней закрытой свече,rejected,2026-03-27 02:10:07,
False,нет свежего пробоя Donchian на последней закрытой свече,False,"{""score"": null, ""liquidity_score"": null, ""breakout_distance_atr"": null, ""freshness_score"": null}",ENTRY_CHECK,DOGE-USDT-SWAP,no_fresh_breakout,нет свежего пробоя Donchian на последней закрытой свече,rejected,2026-03-27 02:10:07,
False,нет свежего пробоя Donchian на последней закрытой свече,False,"{""score"": null, ""liquidity_score"": null, ""breakout_distance_atr"": null, ""freshness_score"": null}",ENTRY_CHECK,ETC-USDT-SWAP,no_fresh_breakout,нет свежего пробоя Donchian на последней закрытой свече,rejected,2026-03-27 02:10:08,
False,нет свежего пробоя Donchian на последней закрытой свече,False,"{""score"": null, ""liquidity_score"": null, ""breakout_distance_atr"": null, ""freshness_score"": null}",ENTRY_CHECK,ETH-USDT-SWAP,no_fresh_breakout,нет свежего пробоя Donchian на последней закрытой свече,rejected,2026-03-27 02:10:08,
False,нет свежего пробоя Donchian на последней закрытой свече,False,"{""score"": null, ""liquidity_score"": null, ""breakout_distance_atr"": null, ""freshness_score"": null}",ENTRY_CHECK,KSM-USDT-SWAP,no_fresh_breakout,нет свежего пробоя Donchian на последней закрытой свече,rejected,2026-03-27 02:10:28,
False,нет свежего пробоя Donchian на последней закрытой свече,False,"{""score"": null, ""liquidity_score"": null, ""breakout_distance_atr"": null, ""freshness_score"": null}",ENTRY_CHECK,LDO-USDT-SWAP,no_fresh_breakout,нет свежего пробоя Donchian на последней закрытой свече,rejected,2026-03-27 02:10:29,
False,нет свежего пробоя Donchian на последней закрытой свече,False,"{""score"": null, ""liquidity_score"": null, ""breakout_distance_atr"": null, ""freshness_score"": null}",ENTRY_CHECK,LINK-USDT-SWAP,no_fresh_breakout,нет свежего пробоя Donchian на последней закрытой свече,rejected,2026-03-27 02:10:32,
False,нет свежего пробоя Donchian на последней закрытой свече,False,"{""score"": null, ""liquidity_score"": null, ""breakout_distance_atr"": null, ""freshness_score"": null}",ENTRY_CHECK,LIT-USDT-SWAP,no_fresh_breakout,нет свежего пробоя Donchian на последней закрытой свече,rejected,2026-03-27 02:10:34,
False,нет свежего пробоя Donchian на последней закрытой свече,False,"{""score"": null, ""liquidity_score"": null, ""breakout_distance_atr"": null, ""freshness_score"": null}",ENTRY_CHECK,LQTY-USDT-SWAP,no_fresh_breakout,нет свежего пробоя Donchian на последней закрытой свече,rejected,2026-03-27 02:10:35,
False,ATR warmup: цена или ATR недоступны после прогрева,False,"{""score"": null, ""liquidity_score"": null, ""breakout_distance_atr"": null, ""freshness_score"": null}",ENTRY_CHECK,LRC-USDT-SWAP,atr_warmup:_цена_или_atr_недоступны_после_прогрева,ATR warmup: цена или ATR недоступны после прогрева,rejected,2026-03-27 02:10:37,
False,ATR warmup: цена или ATR недоступны после прогрева,False,"{""score"": null, ""liquidity_score"": null, ""breakout_distance_atr"": null, ""freshness_score"": null}",ENTRY_CHECK,MET-USDT-SWAP,atr_warmup:_цена_или_atr_недоступны_после_прогрева,ATR warmup: цена или ATR недоступны после прогрева,rejected,2026-03-27 02:10:45,
False,нет свежего пробоя Donchian на последней закрытой свече,False,"{""score"": null, ""liquidity_score"": null, ""breakout_distance_atr"": null, ""freshness_score"": null}",ENTRY_CHECK,OP-USDT-SWAP,no_fresh_breakout,нет свежего пробоя Donchian на последней закрытой свече,rejected,2026-03-27 02:10:51,
False,classic_turtle_breakout_long,True,"{""score"": null, ""liquidity_score"": 28.4587, ""breakout_distance_atr"": 4.0, ""freshness_score"": 4.01}",ENTRY_CHECK,QTUM-USDT-SWAP,classic_turtle_breakout_long,classic_turtle_breakout_long,candidate,2026-03-27 02:10:56,
False,ATR warmup: цена или ATR недоступны после прогрева,False,"{""score"": null, ""liquidity_score"": null, ""breakout_distance_atr"": null, ""freshness_score"": null}",ENTRY_CHECK,SYRUP-USDT-SWAP,atr_warmup:_цена_или_atr_недоступны_после_прогрева,ATR warmup: цена или ATR недоступны после прогрева,rejected,2026-03-27 02:11:14,
False,classic_turtle_breakout_long,True,"{""score"": null, ""liquidity_score"": 5.9211, ""breakout_distance_atr"": 1.7204, ""freshness_score"": 1.7304}",ENTRY_RANK,AUCTION-USDT-SWAP,classic_turtle_breakout_long,classic_turtle_breakout_long,ranked_candidate,2026-03-27 02:11:36,
False,classic_turtle_breakout_long,True,"{""score"": null, ""liquidity_score"": 5.9211, ""breakout_distance_atr"": 1.7204, ""freshness_score"": 1.7304}",ENTRY_RANK,AUCTION-USDT-SWAP,classic_turtle_breakout_long,classic_turtle_breakout_long,ranked_candidate,2026-03-27 02:11:36,
False,classic_turtle_breakout_long,True,"{""score"": null, ""liquidity_score"": 28.4587, ""breakout_distance_atr"": 4.0, ""freshness_score"": 4.01}",ENTRY_RANK,QTUM-USDT-SWAP,classic_turtle_breakout_long,classic_turtle_breakout_long,ranked_candidate,2026-03-27 02:11:36,
False,entry_failed,False,"{""score"": null, ""liquidity_score"": null, ""breakout_distance_atr"": null, ""freshness_score"": null}",ENTRY_EXECUTION,AUCTION-USDT-SWAP,unknown,,entry_failed,2026-03-27 02:11:37,
True,entry_sent,True,"{""score"": null, ""liquidity_score"": null, ""breakout_distance_atr"": 4.0, ""freshness_score"": null}",ENTRY_EXECUTION,QTUM-USDT-SWAP,unknown,,entry_sent,2026-03-27 02:11:39,
True,position_opened,True,"{""units"": null, ""last_price"": null, ""next_pyramid_price"": null, ""retry_after_sec"": null}",ENTRY_EXECUTION,QTUM-USDT-SWAP,unknown,,position_opened,2026-03-27 02:11:39,20260327_021139_QTUM-USDT-SWAP_long
False,entry_failed,False,"{""score"": null, ""liquidity_score"": null, ""breakout_distance_atr"": null, ""freshness_score"": null}",ENTRY_EXECUTION,AUCTION-USDT-SWAP,unknown,,entry_failed,2026-03-27 02:11:40,
True,ATR stop update,True,"{""price"": 86.67, ""prev_stop_price"": 85.972, ""stop_price"": 85.95, ""peak_unrealized_pnl"": 0.0}",STOP_MOVE_CHECK,SOL-USDT-SWAP,unknown,ATR stop update,TRAIL_UPDATE,2026-03-27 02:12:18,20260326_235556_SOL-USDT-SWAP_short
False,classic_turtle_breakout_long,True,"{""score"": null, ""liquidity_score"": 20.5605, ""breakout_distance_atr"": 1.8182, ""freshness_score"": 1.8282}",ENTRY_CHECK,1INCH-USDT-SWAP,classic_turtle_breakout_long,classic_turtle_breakout_long,candidate,2026-03-27 02:13:28,
False,classic_turtle_breakout_long,True,"{""score"": null, ""liquidity_score"": 20.5605, ""breakout_distance_atr"": 1.8182, ""freshness_score"": 1.8282}",ENTRY_CHECK,1INCH-USDT-SWAP,classic_turtle_breakout_long,classic_turtle_breakout_long,candidate,2026-03-27 02:13:28,
False,закрытие не удержалось ниже канала,False,"{""score"": null, ""liquidity_score"": null, ""breakout_distance_atr"": null, ""freshness_score"": null}",ENTRY_CHECK,ACT-USDT-SWAP,закрытие_не_удержалось_ниже_канала,закрытие не удержалось ниже канала,rejected,2026-03-27 02:13:35,
False,нет свежего пробоя Donchian на последней закрытой свече,False,"{""score"": null, ""liquidity_score"": null, ""breakout_distance_atr"": null, ""freshness_score"": null}",ENTRY_CHECK,ASTER-USDT-SWAP,no_fresh_breakout,нет свежего пробоя Donchian на последней закрытой свече,rejected,2026-03-27 02:13:45,
False,нет свежего пробоя Donchian на последней закрытой свече,False,"{""score"": null, ""liquidity_score"": null, ""breakout_distance_atr"": null, ""freshness_score"": null}",ENTRY_CHECK,AXS-USDT-SWAP,no_fresh_breakout,нет свежего пробоя Donchian на последней закрытой свече,rejected,2026-03-27 02:13:50,
False,нет свежего пробоя Donchian на последней закрытой свече,False,"{""score"": null, ""liquidity_score"": null, ""breakout_distance_atr"": null, ""freshness_score"": null}",ENTRY_CHECK,BCH-USDT-SWAP,no_fresh_breakout,нет свежего пробоя Donchian на последней закрытой свече,rejected,2026-03-27 02:13:53,
False,нет свежего пробоя Donchian на последней закрытой свече,False,"{""score"": null, ""liquidity_score"": null, ""breakout_distance_atr"": null, ""freshness_score"": null}",ENTRY_CHECK,BTC-USDT-SWAP,no_fresh_breakout,нет свежего пробоя Donchian на последней закрытой свече,rejected,2026-03-27 02:14:02,
False,нет свежего пробоя Donchian на последней закрытой свече,False,"{""score"": null, ""liquidity_score"": null, ""breakout_distance_atr"": null, ""freshness_score"": null}",ENTRY_CHECK,COMP-USDT-SWAP,no_fresh_breakout,нет свежего пробоя Donchian на последней закрытой свече,rejected,2026-03-27 02:14:12,
False,нет свежего пробоя Donchian на последней закрытой свече,False,"{""score"": null, ""liquidity_score"": null, ""breakout_distance_atr"": null, ""freshness_score"": null}",ENTRY_CHECK,DOGE-USDT-SWAP,no_fresh_breakout,нет свежего пробоя Donchian на последней закрытой свече,rejected,2026-03-27 02:14:14,
False,нет свежего пробоя Donchian на последней закрытой свече,False,"{""score"": null, ""liquidity_score"": null, ""breakout_distance_atr"": null, ""freshness_score"": null}",ENTRY_CHECK,KSM-USDT-SWAP,no_fresh_breakout,нет свежего пробоя Donchian на последней закрытой свече,rejected,2026-03-27 02:14:27,
False,нет свежего пробоя Donchian на последней закрытой свече,False,"{""score"": null, ""liquidity_score"": null, ""breakout_distance_atr"": null, ""freshness_score"": null}",ENTRY_CHECK,LDO-USDT-SWAP,no_fresh_breakout,нет свежего пробоя Donchian на последней закрытой свече,rejected,2026-03-27 02:14:29,
False,нет свежего пробоя Donchian на последней закрытой свече,False,"{""score"": null, ""liquidity_score"": null, ""breakout_distance_atr"": null, ""freshness_score"": null}",ENTRY_CHECK,LINK-USDT-SWAP,no_fresh_breakout,нет свежего пробоя Donchian на последней закрытой свече,rejected,2026-03-27 02:14:31,
False,нет свежего пробоя Donchian на последней закрытой свече,False,"{""score"": null, ""liquidity_score"": null, ""breakout_distance_atr"": null, ""freshness_score"": null}",ENTRY_CHECK,LIT-USDT-SWAP,no_fresh_breakout,нет свежего пробоя Donchian на последней закрытой свече,rejected,2026-03-27 02:14:33,
False,нет свежего пробоя Donchian на последней закрытой свече,False,"{""score"": null, ""liquidity_score"": null, ""breakout_distance_atr"": null, ""freshness_score"": null}",ENTRY_CHECK,LQTY-USDT-SWAP,no_fresh_breakout,нет свежего пробоя Donchian на последней закрытой свече,rejected,2026-03-27 02:14:34,
False,ATR warmup: цена или ATR недоступны после прогрева,False,"{""score"": null, ""liquidity_score"": null, ""breakout_distance_atr"": null, ""freshness_score"": null}",ENTRY_CHECK,LRC-USDT-SWAP,atr_warmup:_цена_или_atr_недоступны_после_прогрева,ATR warmup: цена или ATR недоступны после прогрева,rejected,2026-03-27 02:14:36,
False,ATR warmup: цена или ATR недоступны после прогрева,False,"{""score"": null, ""liquidity_score"": null, ""breakout_distance_atr"": null, ""freshness_score"": null}",ENTRY_CHECK,MET-USDT-SWAP,atr_warmup:_цена_или_atr_недоступны_после_прогрева,ATR warmup: цена или ATR недоступны после прогрева,rejected,2026-03-27 02:14:43,
False,нет свежего пробоя Donchian на последней закрытой свече,False,"{""score"": null, ""liquidity_score"": null, ""breakout_distance_atr"": null, ""freshness_score"": null}",ENTRY_CHECK,OP-USDT-SWAP,no_fresh_breakout,нет свежего пробоя Donchian на последней закрытой свече,rejected,2026-03-27 02:14:49,
False,ATR warmup: цена или ATR недоступны после прогрева,False,"{""score"": null, ""liquidity_score"": null, ""breakout_distance_atr"": null, ""freshness_score"": null}",ENTRY_CHECK,SYRUP-USDT-SWAP,atr_warmup:_цена_или_atr_недоступны_после_прогрева,ATR warmup: цена или ATR недоступны после прогрева,rejected,2026-03-27 02:15:09,
False,нет свежего пробоя Donchian на последней закрытой свече,False,"{""score"": null, ""liquidity_score"": null, ""breakout_distance_atr"": null, ""freshness_score"": null}",ENTRY_CHECK,TSLA-USDT-SWAP,no_fresh_breakout,нет свежего пробоя Donchian на последней закрытой свече,rejected,2026-03-27 02:15:16,
False,classic_turtle_breakout_long,True,"{""score"": null, ""liquidity_score"": 20.5605, ""breakout_distance_atr"": 1.8182, ""freshness_score"": 1.8282}",ENTRY_RANK,1INCH-USDT-SWAP,classic_turtle_breakout_long,classic_turtle_breakout_long,ranked_candidate,2026-03-27 02:15:32,
False,classic_turtle_breakout_long,True,"{""score"": null, ""liquidity_score"": 20.5605, ""breakout_distance_atr"": 1.8182, ""freshness_score"": 1.8282}",ENTRY_RANK,1INCH-USDT-SWAP,classic_turtle_breakout_long,classic_turtle_breakout_long,ranked_candidate,2026-03-27 02:15:32,
False,entry_failed,False,"{""score"": null, ""liquidity_score"": null, ""breakout_distance_atr"": null, ""freshness_score"": null}",ENTRY_EXECUTION,1INCH-USDT-SWAP,unknown,,entry_failed,2026-03-27 02:15:32,
False,entry_failed,False,"{""score"": null, ""liquidity_score"": null, ""breakout_distance_atr"": null, ""freshness_score"": null}",ENTRY_EXECUTION,1INCH-USDT-SWAP,unknown,,entry_failed,2026-03-27 02:15:32,
True,ATR stop update,True,"{""price"": 0.2201, ""prev_stop_price"": 0.21749, ""stop_price"": 0.21744, ""peak_unrealized_pnl"": 0.0}",STOP_MOVE_CHECK,CRV-USDT-SWAP,unknown,ATR stop update,TRAIL_UPDATE,2026-03-27 02:16:01,20260326_235556_CRV-USDT-SWAP_short
False,нет свежего пробоя Donchian на последней закрытой свече,False,"{""score"": null, ""liquidity_score"": null, ""breakout_distance_atr"": null, ""freshness_score"": null}",ENTRY_CHECK,1INCH-USDT-SWAP,no_fresh_breakout,нет свежего пробоя Donchian на последней закрытой свече,rejected,2026-03-27 02:17:17,
False,нет свежего пробоя Donchian на последней закрытой свече,False,"{""score"": null, ""liquidity_score"": null, ""breakout_distance_atr"": null, ""freshness_score"": null}",ENTRY_CHECK,ACT-USDT-SWAP,no_fresh_breakout,нет свежего пробоя Donchian на последней закрытой свече,rejected,2026-03-27 02:17:23,
False,нет свежего пробоя Donchian на последней закрытой свече,False,"{""score"": null, ""liquidity_score"": null, ""breakout_distance_atr"": null, ""freshness_score"": null}",ENTRY_CHECK,ARB-USDT-SWAP,no_fresh_breakout,нет свежего пробоя Donchian на последней закрытой свече,rejected,2026-03-27 02:17:30,
False,нет свежего пробоя Donchian на последней закрытой свече,False,"{""score"": null, ""liquidity_score"": null, ""breakout_distance_atr"": null, ""freshness_score"": null}",ENTRY_CHECK,ASTER-USDT-SWAP,no_fresh_breakout,нет свежего пробоя Donchian на последней закрытой свече,rejected,2026-03-27 02:17:33,
False,нет свежего пробоя Donchian на последней закрытой свече,False,"{""score"": null, ""liquidity_score"": null, ""breakout_distance_atr"": null, ""freshness_score"": null}",ENTRY_CHECK,AXS-USDT-SWAP,no_fresh_breakout,нет свежего пробоя Donchian на последней закрытой свече,rejected,2026-03-27 02:17:39,
False,нет свежего пробоя Donchian на последней закрытой свече,False,"{""score"": null, ""liquidity_score"": null, ""breakout_distance_atr"": null, ""freshness_score"": null}",ENTRY_CHECK,BTC-USDT-SWAP,no_fresh_breakout,нет свежего пробоя Donchian на последней закрытой свече,rejected,2026-03-27 02:17:50,
False,нет свежего пробоя Donchian на последней закрытой свече,False,"{""score"": null, ""liquidity_score"": null, ""breakout_distance_atr"": null, ""freshness_score"": null}",ENTRY_CHECK,COMP-USDT-SWAP,no_fresh_breakout,нет свежего пробоя Donchian на последней закрытой свече,rejected,2026-03-27 02:18:01,
False,classic_turtle_breakout_short,True,"{""score"": null, ""liquidity_score"": 10385.8527, ""breakout_distance_atr"": 0.4444, ""freshness_score"": 0.4544}",ENTRY_CHECK,DOGE-USDT-SWAP,classic_turtle_breakout_short,classic_turtle_breakout_short,candidate,2026-03-27 02:18:04,
False,нет свежего пробоя Donchian на последней закрытой свече,False,"{""score"": null, ""liquidity_score"": null, ""breakout_distance_atr"": null, ""freshness_score"": null}",ENTRY_CHECK,KAITO-USDT-SWAP,no_fresh_breakout,нет свежего пробоя Donchian на последней закрытой свече,rejected,2026-03-27 02:18:26,
False,нет свежего пробоя Donchian на последней закрытой свече,False,"{""score"": null, ""liquidity_score"": null, ""breakout_distance_atr"": null, ""freshness_score"": null}",ENTRY_CHECK,KSM-USDT-SWAP,no_fresh_breakout,нет свежего пробоя Donchian на последней закрытой свече,rejected,2026-03-27 02:18:26,
False,нет свежего пробоя Donchian на последней закрытой свече,False,"{""score"": null, ""liquidity_score"": null, ""breakout_distance_atr"": null, ""freshness_score"": null}",ENTRY_CHECK,LDO-USDT-SWAP,no_fresh_breakout,нет свежего пробоя Donchian на последней закрытой свече,rejected,2026-03-27 02:18:27,
False,нет свежего пробоя Donchian на последней закрытой свече,False,"{""score"": null, ""liquidity_score"": null, ""breakout_distance_atr"": null, ""freshness_score"": null}",ENTRY_CHECK,LINK-USDT-SWAP,no_fresh_breakout,нет свежего пробоя Donchian на последней закрытой свече,rejected,2026-03-27 02:18:27,
False,нет свежего пробоя Donchian на последней закрытой свече,False,"{""score"": null, ""liquidity_score"": null, ""breakout_distance_atr"": null, ""freshness_score"": null}",ENTRY_CHECK,LQTY-USDT-SWAP,no_fresh_breakout,нет свежего пробоя Donchian на последней закрытой свече,rejected,2026-03-27 02:18:28,
False,ATR warmup: цена или ATR недоступны после прогрева,False,"{""score"": null, ""liquidity_score"": null, ""breakout_distance_atr"": null, ""freshness_score"": null}",ENTRY_CHECK,LRC-USDT-SWAP,atr_warmup:_цена_или_atr_недоступны_после_прогрева,ATR warmup: цена или ATR недоступны после прогрева,rejected,2026-03-27 02:18:30,
False,ATR warmup: цена или ATR недоступны после прогрева,False,"{""score"": null, ""liquidity_score"": null, ""breakout_distance_atr"": null, ""freshness_score"": null}",ENTRY_CHECK,MET-USDT-SWAP,atr_warmup:_цена_или_atr_недоступны_после_прогрева,ATR warmup: цена или ATR недоступны после прогрева,rejected,2026-03-27 02:18:38,
False,нет свежего пробоя Donchian на последней закрытой свече,False,"{""score"": null, ""liquidity_score"": null, ""breakout_distance_atr"": null, ""freshness_score"": null}",ENTRY_CHECK,OP-USDT-SWAP,no_fresh_breakout,нет свежего пробоя Donchian на последней закрытой свече,rejected,2026-03-27 02:18:43,
False,нет свежего пробоя Donchian на последней закрытой свече,False,"{""score"": null, ""liquidity_score"": null, ""breakout_distance_atr"": null, ""freshness_score"": null}",ENTRY_CHECK,TSLA-USDT-SWAP,no_fresh_breakout,нет свежего пробоя Donchian на последней закрытой свече,rejected,2026-03-27 02:19:12,
False,classic_turtle_breakout_short,True,"{""score"": null, ""liquidity_score"": 10385.8527, ""breakout_distance_atr"": 0.4444, ""freshness_score"": 0.4544}",ENTRY_RANK,DOGE-USDT-SWAP,classic_turtle_breakout_short,classic_turtle_breakout_short,ranked_candidate,2026-03-27 02:19:27,
True,entry_sent,True,"{""score"": null, ""liquidity_score"": null, ""breakout_distance_atr"": 0.4444, ""freshness_score"": null}",ENTRY_EXECUTION,DOGE-USDT-SWAP,unknown,,entry_sent,2026-03-27 02:19:29,
True,position_opened,True,"{""units"": null, ""last_price"": null, ""next_pyramid_price"": null, ""retry_after_sec"": null}",ENTRY_EXECUTION,DOGE-USDT-SWAP,unknown,,position_opened,2026-03-27 02:19:29,20260327_021929_DOGE-USDT-SWAP_short
True,ATR stop update,True,"{""price"": 0.0349, ""prev_stop_price"": 0.03483, ""stop_price"": 0.03498, ""peak_unrealized_pnl"": 251.94599999953996}",STOP_MOVE_CHECK,YGG-USDT-SWAP,unknown,ATR stop update,TRAIL_UPDATE,2026-03-27 02:20:51,20260327_014759_YGG-USDT-SWAP_long
True,ATR stop update,True,"{""price"": 0.853, ""prev_stop_price"": 0.835, ""stop_price"": 0.8525, ""peak_unrealized_pnl"": 0.0}",STOP_MOVE_CHECK,QTUM-USDT-SWAP,unknown,ATR stop update,TRAIL_UPDATE,2026-03-27 02:20:54,20260327_021139_QTUM-USDT-SWAP_long
False,нет свежего пробоя Donchian на последней закрытой свече,False,"{""score"": null, ""liquidity_score"": null, ""breakout_distance_atr"": null, ""freshness_score"": null}",ENTRY_CHECK,1INCH-USDT-SWAP,no_fresh_breakout,нет свежего пробоя Donchian на последней закрытой свече,rejected,2026-03-27 02:21:20,
False,нет свежего пробоя Donchian на последней закрытой свече,False,"{""score"": null, ""liquidity_score"": null, ""breakout_distance_atr"": null, ""freshness_score"": null}",ENTRY_CHECK,ACT-USDT-SWAP,no_fresh_breakout,нет свежего пробоя Donchian на последней закрытой свече,rejected,2026-03-27 02:21:26,
False,нет свежего пробоя Donchian на последней закрытой свече,False,"{""score"": null, ""liquidity_score"": null, ""breakout_distance_atr"": null, ""freshness_score"": null}",ENTRY_CHECK,ADA-USDT-SWAP,no_fresh_breakout,нет свежего пробоя Donchian на последней закрытой свече,rejected,2026-03-27 02:21:28,
False,нет свежего пробоя Donchian на последней закрытой свече,False,"{""score"": null, ""liquidity_score"": null, ""breakout_distance_atr"": null, ""freshness_score"": null}",ENTRY_CHECK,ASTER-USDT-SWAP,no_fresh_breakout,нет свежего пробоя Donchian на последней закрытой свече,rejected,2026-03-27 02:21:36,
False,нет свежего пробоя Donchian на последней закрытой свече,False,"{""score"": null, ""liquidity_score"": null, ""breakout_distance_atr"": null, ""freshness_score"": null}",ENTRY_CHECK,AUCTION-USDT-SWAP,no_fresh_breakout,нет свежего пробоя Donchian на последней закрытой свече,rejected,2026-03-27 02:21:39,
False,нет свежего пробоя Donchian на последней закрытой свече,False,"{""score"": null, ""liquidity_score"": null, ""breakout_distance_atr"": null, ""freshness_score"": null}",ENTRY_CHECK,AXS-USDT-SWAP,no_fresh_breakout,нет свежего пробоя Donchian на последней закрытой свече,rejected,2026-03-27 02:21:41,
False,нет свежего пробоя Donchian на последней закрытой свече,False,"{""score"": null, ""liquidity_score"": null, ""breakout_distance_atr"": null, ""freshness_score"": null}",ENTRY_CHECK,BCH-USDT-SWAP,no_fresh_breakout,нет свежего пробоя Donchian на последней закрытой свече,rejected,2026-03-27 02:21:44,
False,нет свежего пробоя Donchian на последней закрытой свече,False,"{""score"": null, ""liquidity_score"": null, ""breakout_distance_atr"": null, ""freshness_score"": null}",ENTRY_CHECK,BTC-USDT-SWAP,no_fresh_breakout,нет свежего пробоя Donchian на последней закрытой свече,rejected,2026-03-27 02:21:53,
False,нет свежего пробоя Donchian на последней закрытой свече,False,"{""score"": null, ""liquidity_score"": null, ""breakout_distance_atr"": null, ""freshness_score"": null}",ENTRY_CHECK,COMP-USDT-SWAP,no_fresh_breakout,нет свежего пробоя Donchian на последней закрытой свече,rejected,2026-03-27 02:22:03,
False,нет свежего пробоя Donchian на последней закрытой свече,False,"{""score"": null, ""liquidity_score"": null, ""breakout_distance_atr"": null, ""freshness_score"": null}",ENTRY_CHECK,KAITO-USDT-SWAP,no_fresh_breakout,нет свежего пробоя Donchian на последней закрытой свече,rejected,2026-03-27 02:22:29,
False,нет свежего пробоя Donchian на последней закрытой свече,False,"{""score"": null, ""liquidity_score"": null, ""breakout_distance_atr"": null, ""freshness_score"": null}",ENTRY_CHECK,KSM-USDT-SWAP,no_fresh_breakout,нет свежего пробоя Donchian на последней закрытой свече,rejected,2026-03-27 02:22:30,
False,нет свежего пробоя Donchian на последней закрытой свече,False,"{""score"": null, ""liquidity_score"": null, ""breakout_distance_atr"": null, ""freshness_score"": null}",ENTRY_CHECK,LDO-USDT-SWAP,no_fresh_breakout,нет свежего пробоя Donchian на последней закрытой свече,rejected,2026-03-27 02:22:31,
False,нет свежего пробоя Donchian на последней закрытой свече,False,"{""score"": null, ""liquidity_score"": null, ""breakout_distance_atr"": null, ""freshness_score"": null}",ENTRY_CHECK,LQTY-USDT-SWAP,no_fresh_breakout,нет свежего пробоя Donchian на последней закрытой свече,rejected,2026-03-27 02:22:37,
False,ATR warmup: цена или ATR недоступны после прогрева,False,"{""score"": null, ""liquidity_score"": null, ""breakout_distance_atr"": null, ""freshness_score"": null}",ENTRY_CHECK,LRC-USDT-SWAP,atr_warmup:_цена_или_atr_недоступны_после_прогрева,ATR warmup: цена или ATR недоступны после прогрева,rejected,2026-03-27 02:22:39,
False,ATR warmup: цена или ATR недоступны после прогрева,False,"{""score"": null, ""liquidity_score"": null, ""breakout_distance_atr"": null, ""freshness_score"": null}",ENTRY_CHECK,MET-USDT-SWAP,atr_warmup:_цена_или_atr_недоступны_после_прогрева,ATR warmup: цена или ATR недоступны после прогрева,rejected,2026-03-27 02:22:47,
False,нет свежего пробоя Donchian на последней закрытой свече,False,"{""score"": null, ""liquidity_score"": null, ""breakout_distance_atr"": null, ""freshness_score"": null}",ENTRY_CHECK,OP-USDT-SWAP,no_fresh_breakout,нет свежего пробоя Donchian на последней закрытой свече,rejected,2026-03-27 02:22:53,
False,ATR warmup: цена или ATR недоступны после прогрева,False,"{""score"": null, ""liquidity_score"": null, ""breakout_distance_atr"": null, ""freshness_score"": null}",ENTRY_CHECK,SYRUP-USDT-SWAP,atr_warmup:_цена_или_atr_недоступны_после_прогрева,ATR warmup: цена или ATR недоступны после прогрева,rejected,2026-03-27 02:23:13,
False,нет свежего пробоя Donchian на последней закрытой свече,False,"{""score"": null, ""liquidity_score"": null, ""breakout_distance_atr"": null, ""freshness_score"": null}",ENTRY_CHECK,TSLA-USDT-SWAP,no_fresh_breakout,нет свежего пробоя Donchian на последней закрытой свече,rejected,2026-03-27 02:23:20,
True,ATR stop update,True,"{""price"": 0.0919, ""prev_stop_price"": 0.09275, ""stop_price"": 0.0921, ""peak_unrealized_pnl"": 0.0}",STOP_MOVE_CHECK,DOGE-USDT-SWAP,unknown,ATR stop update,TRAIL_UPDATE,2026-03-27 02:25:09,20260327_021929_DOGE-USDT-SWAP_short
False,нет свежего пробоя Donchian на последней закрытой свече,False,"{""score"": null, ""liquidity_score"": null, ""breakout_distance_atr"": null, ""freshness_score"": null}",ENTRY_CHECK,1INCH-USDT-SWAP,no_fresh_breakout,нет свежего пробоя Donchian на последней закрытой свече,rejected,2026-03-27 02:25:31,
False,нет свежего пробоя Donchian на последней закрытой свече,False,"{""score"": null, ""liquidity_score"": null, ""breakout_distance_atr"": null, ""freshness_score"": null}",ENTRY_CHECK,ACT-USDT-SWAP,no_fresh_breakout,нет свежего пробоя Donchian на последней закрытой свече,rejected,2026-03-27 02:25:37,
False,нет свежего пробоя Donchian на последней закрытой свече,False,"{""score"": null, ""liquidity_score"": null, ""breakout_distance_atr"": null, ""freshness_score"": null}",ENTRY_CHECK,AUCTION-USDT-SWAP,no_fresh_breakout,нет свежего пробоя Donchian на последней закрытой свече,rejected,2026-03-27 02:25:51,
False,нет свежего пробоя Donchian на последней закрытой свече,False,"{""score"": null, ""liquidity_score"": null, ""breakout_distance_atr"": null, ""freshness_score"": null}",ENTRY_CHECK,AXS-USDT-SWAP,no_fresh_breakout,нет свежего пробоя Donchian на последней закрытой свече,rejected,2026-03-27 02:25:54,
False,нет свежего пробоя Donchian на последней закрытой свече,False,"{""score"": null, ""liquidity_score"": null, ""breakout_distance_atr"": null, ""freshness_score"": null}",ENTRY_CHECK,BTC-USDT-SWAP,no_fresh_breakout,нет свежего пробоя Donchian на последней закрытой свече,rejected,2026-03-27 02:26:05,
False,закрытие не удержалось ниже канала,False,"{""score"": null, ""liquidity_score"": null, ""breakout_distance_atr"": null, ""freshness_score"": null}",ENTRY_CHECK,COMP-USDT-SWAP,закрытие_не_удержалось_ниже_канала,закрытие не удержалось ниже канала,rejected,2026-03-27 02:26:15,
False,нет свежего пробоя Donchian на последней закрытой свече,False,"{""score"": null, ""liquidity_score"": null, ""breakout_distance_atr"": null, ""freshness_score"": null}",ENTRY_CHECK,ETC-USDT-SWAP,no_fresh_breakout,нет свежего пробоя Donchian на последней закрытой свече,rejected,2026-03-27 02:26:20,
False,нет свежего пробоя Donchian на последней закрытой свече,False,"{""score"": null, ""liquidity_score"": null, ""breakout_distance_atr"": null, ""freshness_score"": null}",ENTRY_CHECK,FIL-USDT-SWAP,no_fresh_breakout,нет свежего пробоя Donchian на последней закрытой свече,rejected,2026-03-27 02:26:26,
False,нет свежего пробоя Donchian на последней закрытой свече,False,"{""score"": null, ""liquidity_score"": null, ""breakout_distance_atr"": null, ""freshness_score"": null}",ENTRY_CHECK,KSM-USDT-SWAP,no_fresh_breakout,нет свежего пробоя Donchian на последней закрытой свече,rejected,2026-03-27 02:26:45,
False,нет свежего пробоя Donchian на последней закрытой свече,False,"{""score"": null, ""liquidity_score"": null, ""breakout_distance_atr"": null, ""freshness_score"": null}",ENTRY_CHECK,LDO-USDT-SWAP,no_fresh_breakout,нет свежего пробоя Donchian на последней закрытой свече,rejected,2026-03-27 02:26:46,
False,нет свежего пробоя Donchian на последней закрытой свече,False,"{""score"": null, ""liquidity_score"": null, ""breakout_distance_atr"": null, ""freshness_score"": null}",ENTRY_CHECK,LIT-USDT-SWAP,no_fresh_breakout,нет свежего пробоя Donchian на последней закрытой свече,rejected,2026-03-27 02:26:51,
False,нет свежего пробоя Donchian на последней закрытой свече,False,"{""score"": null, ""liquidity_score"": null, ""breakout_distance_atr"": null, ""freshness_score"": null}",ENTRY_CHECK,LQTY-USDT-SWAP,no_fresh_breakout,нет свежего пробоя Donchian на последней закрытой свече,rejected,2026-03-27 02:26:52,
False,канал слишком узкий: 0.00 ATR < 0.50 ATR,False,"{""score"": null, ""liquidity_score"": null, ""breakout_distance_atr"": null, ""freshness_score"": null}",ENTRY_CHECK,LRC-USDT-SWAP,канал_слишком_узкий:_0.00_atr_<_0.50_atr,канал слишком узкий: 0.00 ATR < 0.50 ATR,rejected,2026-03-27 02:26:54,
False,ATR warmup: цена или ATR недоступны после прогрева,False,"{""score"": null, ""liquidity_score"": null, ""breakout_distance_atr"": null, ""freshness_score"": null}",ENTRY_CHECK,MET-USDT-SWAP,atr_warmup:_цена_или_atr_недоступны_после_прогрева,ATR warmup: цена или ATR недоступны после прогрева,rejected,2026-03-27 02:27:02,
False,classic_turtle_breakout_short,True,"{""score"": null, ""liquidity_score"": 18.8094, ""breakout_distance_atr"": 0.5814, ""freshness_score"": 0.5914}",ENTRY_CHECK,OP-USDT-SWAP,classic_turtle_breakout_short,classic_turtle_breakout_short,candidate,2026-03-27 02:27:06,
False,ATR warmup: цена или ATR недоступны после прогрева,False,"{""score"": null, ""liquidity_score"": null, ""breakout_distance_atr"": null, ""freshness_score"": null}",ENTRY_CHECK,SYRUP-USDT-SWAP,atr_warmup:_цена_или_atr_недоступны_после_прогрева,ATR warmup: цена или ATR недоступны после прогрева,rejected,2026-03-27 02:27:28,
False,ATR warmup: цена или ATR недоступны после прогрева,False,"{""score"": null, ""liquidity_score"": null, ""breakout_distance_atr"": null, ""freshness_score"": null}",ENTRY_CHECK,TSLA-USDT-SWAP,atr_warmup:_цена_или_atr_недоступны_после_прогрева,ATR warmup: цена или ATR недоступны после прогрева,rejected,2026-03-27 02:27:35,
False,classic_turtle_breakout_short,True,"{""score"": null, ""liquidity_score"": 18.8094, ""breakout_distance_atr"": 0.5814, ""freshness_score"": 0.5914}",ENTRY_RANK,OP-USDT-SWAP,classic_turtle_breakout_short,classic_turtle_breakout_short,ranked_candidate,2026-03-27 02:27:49,
True,entry_sent,True,"{""score"": null, ""liquidity_score"": null, ""breakout_distance_atr"": 0.5814, ""freshness_score"": null}",ENTRY_EXECUTION,OP-USDT-SWAP,unknown,,entry_sent,2026-03-27 02:27:52,
True,position_opened,True,"{""units"": null, ""last_price"": null, ""next_pyramid_price"": null, ""retry_after_sec"": null}",ENTRY_EXECUTION,OP-USDT-SWAP,unknown,,position_opened,2026-03-27 02:27:52,20260327_022752_OP-USDT-SWAP_short
True,ATR stop update,True,"{""price"": 0.1741, ""prev_stop_price"": 0.1719840012790178, ""stop_price"": 0.1719600012790178, ""peak_unrealized_pnl"": 0.0}",STOP_MOVE_CHECK,XLM-USDT-SWAP,unknown,ATR stop update,TRAIL_UPDATE,2026-03-27 02:28:13,20260326_235555_XLM-USDT-SWAP_short
True,ATR stop update,True,"{""price"": 0.0354, ""prev_stop_price"": 0.03498, ""stop_price"": 0.03503, ""peak_unrealized_pnl"": 282.16679999954084}",STOP_MOVE_CHECK,YGG-USDT-SWAP,unknown,ATR stop update,TRAIL_UPDATE,2026-03-27 02:29:16,20260327_014759_YGG-USDT-SWAP_long
True,Новый пик open PnL,True,"{""price"": 0.0355, ""prev_stop_price"": null, ""stop_price"": 0.03503, ""peak_unrealized_pnl"": 282.16679999954084}",EXIT_CHECK,YGG-USDT-SWAP,unknown,Новый пик open PnL,PEAK_PNL,2026-03-27 02:29:16,20260327_014759_YGG-USDT-SWAP_long
False,нет свежего пробоя Donchian на последней закрытой свече,False,"{""score"": null, ""liquidity_score"": null, ""breakout_distance_atr"": null, ""freshness_score"": null}",ENTRY_CHECK,1INCH-USDT-SWAP,no_fresh_breakout,нет свежего пробоя Donchian на последней закрытой свече,rejected,2026-03-27 02:30:02,
False,нет свежего пробоя Donchian на последней закрытой свече,False,"{""score"": null, ""liquidity_score"": null, ""breakout_distance_atr"": null, ""freshness_score"": null}",ENTRY_CHECK,ACT-USDT-SWAP,no_fresh_breakout,нет свежего пробоя Donchian на последней закрытой свече,rejected,2026-03-27 02:30:07,
False,нет свежего пробоя Donchian на последней закрытой свече,False,"{""score"": null, ""liquidity_score"": null, ""breakout_distance_atr"": null, ""freshness_score"": null}",ENTRY_CHECK,ADA-USDT-SWAP,no_fresh_breakout,нет свежего пробоя Donchian на последней закрытой свече,rejected,2026-03-27 02:30:08,
False,momentum chase blocked after 3 same-side candles,False,"{""score"": null, ""liquidity_score"": null, ""breakout_distance_atr"": 0.1562, ""freshness_score"": null}",ENTRY_CHECK,ASTER-USDT-SWAP,blacklist,momentum chase blocked after 3 same-side candles,rejected,2026-03-27 02:30:17,
False,нет свежего пробоя Donchian на последней закрытой свече,False,"{""score"": null, ""liquidity_score"": null, ""breakout_distance_atr"": null, ""freshness_score"": null}",ENTRY_CHECK,AUCTION-USDT-SWAP,no_fresh_breakout,нет свежего пробоя Donchian на последней закрытой свече,rejected,2026-03-27 02:30:20,
False,закрытие не удержалось выше канала,False,"{""score"": null, ""liquidity_score"": null, ""breakout_distance_atr"": null, ""freshness_score"": null}",ENTRY_CHECK,AXS-USDT-SWAP,закрытие_не_удержалось_выше_канала,закрытие не удержалось выше канала,rejected,2026-03-27 02:30:24,
False,нет свежего пробоя Donchian на последней закрытой свече,False,"{""score"": null, ""liquidity_score"": null, ""breakout_distance_atr"": null, ""freshness_score"": null}",ENTRY_CHECK,BCH-USDT-SWAP,no_fresh_breakout,нет свежего пробоя Donchian на последней закрытой свече,rejected,2026-03-27 02:30:27,
False,нет свежего пробоя Donchian на последней закрытой свече,False,"{""score"": null, ""liquidity_score"": null, ""breakout_distance_atr"": null, ""freshness_score"": null}",ENTRY_CHECK,BTC-USDT-SWAP,no_fresh_breakout,нет свежего пробоя Donchian на последней закрытой свече,rejected,2026-03-27 02:30:35,
False,нет свежего пробоя Donchian на последней закрытой свече,False,"{""score"": null, ""liquidity_score"": null, ""breakout_distance_atr"": null, ""freshness_score"": null}",ENTRY_CHECK,COMP-USDT-SWAP,no_fresh_breakout,нет свежего пробоя Donchian на последней закрытой свече,rejected,2026-03-27 02:30:44,
False,нет свежего пробоя Donchian на последней закрытой свече,False,"{""score"": null, ""liquidity_score"": null, ""breakout_distance_atr"": null, ""freshness_score"": null}",ENTRY_CHECK,ETC-USDT-SWAP,no_fresh_breakout,нет свежего пробоя Donchian на последней закрытой свече,rejected,2026-03-27 02:30:50,
False,нет свежего пробоя Donchian на последней закрытой свече,False,"{""score"": null, ""liquidity_score"": null, ""breakout_distance_atr"": null, ""freshness_score"": null}",ENTRY_CHECK,FIL-USDT-SWAP,no_fresh_breakout,нет свежего пробоя Donchian на последней закрытой свече,rejected,2026-03-27 02:30:56,
False,нет свежего пробоя Donchian на последней закрытой свече,False,"{""score"": null, ""liquidity_score"": null, ""breakout_distance_atr"": null, ""freshness_score"": null}",ENTRY_CHECK,KAITO-USDT-SWAP,no_fresh_breakout,нет свежего пробоя Donchian на последней закрытой свече,rejected,2026-03-27 02:31:10,
False,нет свежего пробоя Donchian на последней закрытой свече,False,"{""score"": null, ""liquidity_score"": null, ""breakout_distance_atr"": null, ""freshness_score"": null}",ENTRY_CHECK,KSM-USDT-SWAP,no_fresh_breakout,нет свежего пробоя Donchian на последней закрытой свече,rejected,2026-03-27 02:31:12,
False,нет свежего пробоя Donchian на последней закрытой свече,False,"{""score"": null, ""liquidity_score"": null, ""breakout_distance_atr"": null, ""freshness_score"": null}",ENTRY_CHECK,LDO-USDT-SWAP,no_fresh_breakout,нет свежего пробоя Donchian на последней закрытой свече,rejected,2026-03-27 02:31:13,
False,нет свежего пробоя Donchian на последней закрытой свече,False,"{""score"": null, ""liquidity_score"": null, ""breakout_distance_atr"": null, ""freshness_score"": null}",ENTRY_CHECK,LRC-USDT-SWAP,no_fresh_breakout,нет свежего пробоя Donchian на последней закрытой свече,rejected,2026-03-27 02:31:21,
False,ATR warmup: цена или ATR недоступны после прогрева,False,"{""score"": null, ""liquidity_score"": null, ""breakout_distance_atr"": null, ""freshness_score"": null}",ENTRY_CHECK,MET-USDT-SWAP,atr_warmup:_цена_или_atr_недоступны_после_прогрева,ATR warmup: цена или ATR недоступны после прогрева,rejected,2026-03-27 02:31:29,
False,ATR warmup: цена или ATR недоступны после прогрева,False,"{""score"": null, ""liquidity_score"": null, ""breakout_distance_atr"": null, ""freshness_score"": null}",ENTRY_CHECK,TSLA-USDT-SWAP,atr_warmup:_цена_или_atr_недоступны_после_прогрева,ATR warmup: цена или ATR недоступны после прогрева,rejected,2026-03-27 02:32:02,
True,Новый пик open PnL,True,"{""price"": 0.0355, ""prev_stop_price"": null, ""stop_price"": 0.03503, ""peak_unrealized_pnl"": 312.3875999995396}",EXIT_CHECK,YGG-USDT-SWAP,unknown,Новый пик open PnL,PEAK_PNL,2026-03-27 02:33:39,20260327_014759_YGG-USDT-SWAP_long
True,ATR stop update,True,"{""price"": 0.0919, ""prev_stop_price"": 0.0921, ""stop_price"": 0.09208999999999999, ""peak_unrealized_pnl"": 0.0}",STOP_MOVE_CHECK,DOGE-USDT-SWAP,unknown,ATR stop update,TRAIL_UPDATE,2026-03-27 02:33:59,20260327_021929_DOGE-USDT-SWAP_short
False,недостаточный прогресс 0.18 ATR,False,"{""units"": 1, ""last_price"": 0.1084, ""next_pyramid_price"": 0.108474, ""retry_after_sec"": null}",ADD_UNIT_CHECK,OP-USDT-SWAP,недостаточный_прогресс_0.18_atr,недостаточный прогресс 0.18 ATR,pyramid_skipped,2026-03-27 02:34:01,
False,нет свежего пробоя Donchian на последней закрытой свече,False,"{""score"": null, ""liquidity_score"": null, ""breakout_distance_atr"": null, ""freshness_score"": null}",ENTRY_CHECK,1INCH-USDT-SWAP,no_fresh_breakout,нет свежего пробоя Donchian на последней закрытой свече,rejected,2026-03-27 02:34:24,
False,нет свежего пробоя Donchian на последней закрытой свече,False,"{""score"": null, ""liquidity_score"": null, ""breakout_distance_atr"": null, ""freshness_score"": null}",ENTRY_CHECK,ACT-USDT-SWAP,no_fresh_breakout,нет свежего пробоя Donchian на последней закрытой свече,rejected,2026-03-27 02:34:30,
False,momentum chase blocked after 3 same-side candles,False,"{""score"": null, ""liquidity_score"": null, ""breakout_distance_atr"": 0.1562, ""freshness_score"": null}",ENTRY_CHECK,ASTER-USDT-SWAP,blacklist,momentum chase blocked after 3 same-side candles,rejected,2026-03-27 02:34:40,
False,нет свежего пробоя Donchian на последней закрытой свече,False,"{""score"": null, ""liquidity_score"": null, ""breakout_distance_atr"": null, ""freshness_score"": null}",ENTRY_CHECK,AUCTION-USDT-SWAP,no_fresh_breakout,нет свежего пробоя Donchian на последней закрытой свече,rejected,2026-03-27 02:34:43,
False,нет свежего пробоя Donchian на последней закрытой свече,False,"{""score"": null, ""liquidity_score"": null, ""breakout_distance_atr"": null, ""freshness_score"": null}",ENTRY_CHECK,BTC-USDT-SWAP,no_fresh_breakout,нет свежего пробоя Donchian на последней закрытой свече,rejected,2026-03-27 02:34:58,
False,нет свежего пробоя Donchian на последней закрытой свече,False,"{""score"": null, ""liquidity_score"": null, ""breakout_distance_atr"": null, ""freshness_score"": null}",ENTRY_CHECK,FIL-USDT-SWAP,no_fresh_breakout,нет свежего пробоя Donchian на последней закрытой свече,rejected,2026-03-27 02:35:19,
False,нет свежего пробоя Donchian на последней закрытой свече,False,"{""score"": null, ""liquidity_score"": null, ""breakout_distance_atr"": null, ""freshness_score"": null}",ENTRY_CHECK,KSM-USDT-SWAP,no_fresh_breakout,нет свежего пробоя Donchian на последней закрытой свече,rejected,2026-03-27 02:35:35,
False,нет свежего пробоя Donchian на последней закрытой свече,False,"{""score"": null, ""liquidity_score"": null, ""breakout_distance_atr"": null, ""freshness_score"": null}",ENTRY_CHECK,LDO-USDT-SWAP,no_fresh_breakout,нет свежего пробоя Donchian на последней закрытой свече,rejected,2026-03-27 02:35:37,
False,нет свежего пробоя Donchian на последней закрытой свече,False,"{""score"": null, ""liquidity_score"": null, ""breakout_distance_atr"": null, ""freshness_score"": null}",ENTRY_CHECK,LIT-USDT-SWAP,no_fresh_breakout,нет свежего пробоя Donchian на последней закрытой свече,rejected,2026-03-27 02:35:41,
False,нет свежего пробоя Donchian на последней закрытой свече,False,"{""score"": null, ""liquidity_score"": null, ""breakout_distance_atr"": null, ""freshness_score"": null}",ENTRY_CHECK,LQTY-USDT-SWAP,no_fresh_breakout,нет свежего пробоя Donchian на последней закрытой свече,rejected,2026-03-27 02:35:42,
False,нет свежего пробоя Donchian на последней закрытой свече,False,"{""score"": null, ""liquidity_score"": null, ""breakout_distance_atr"": null, ""freshness_score"": null}",ENTRY_CHECK,LRC-USDT-SWAP,no_fresh_breakout,нет свежего пробоя Donchian на последней закрытой свече,rejected,2026-03-27 02:35:44,
False,ATR warmup: цена или ATR недоступны после прогрева,False,"{""score"": null, ""liquidity_score"": null, ""breakout_distance_atr"": null, ""freshness_score"": null}",ENTRY_CHECK,MET-USDT-SWAP,atr_warmup:_цена_или_atr_недоступны_после_прогрева,ATR warmup: цена или ATR недоступны после прогрева,rejected,2026-03-27 02:35:52,
False,ATR warmup: цена или ATR недоступны после прогрева,False,"{""score"": null, ""liquidity_score"": null, ""breakout_distance_atr"": null, ""freshness_score"": null}",ENTRY_CHECK,SYRUP-USDT-SWAP,atr_warmup:_цена_или_atr_недоступны_после_прогрева,ATR warmup: цена или ATR недоступны после прогрева,rejected,2026-03-27 02:36:18,
False,ATR warmup: цена или ATR недоступны после прогрева,False,"{""score"": null, ""liquidity_score"": null, ""breakout_distance_atr"": null, ""freshness_score"": null}",ENTRY_CHECK,TSLA-USDT-SWAP,atr_warmup:_цена_или_atr_недоступны_после_прогрева,ATR warmup: цена или ATR недоступны после прогрева,rejected,2026-03-27 02:36:25,
True,ATR stop update,True,"{""price"": 0.1741, ""prev_stop_price"": 0.1719600012790178, ""stop_price"": 0.1719220012790178, ""peak_unrealized_pnl"": 0.0}",STOP_MOVE_CHECK,XLM-USDT-SWAP,unknown,ATR stop update,TRAIL_UPDATE,2026-03-27 02:37:01,20260326_235555_XLM-USDT-SWAP_short
True,ATR stop update,True,"{""price"": 0.22, ""prev_stop_price"": 0.21744, ""stop_price"": 0.21739999999999998, ""peak_unrealized_pnl"": 0.0}",STOP_MOVE_CHECK,CRV-USDT-SWAP,unknown,ATR stop update,TRAIL_UPDATE,2026-03-27 02:37:12,20260326_235556_CRV-USDT-SWAP_short
True,ATR stop update,True,"{""price"": 1.2222, ""prev_stop_price"": 1.2281600000000001, ""stop_price"": 1.22839, ""peak_unrealized_pnl"": 0.0}",STOP_MOVE_CHECK,NEAR-USDT-SWAP,unknown,ATR stop update,TRAIL_UPDATE,2026-03-27 02:37:49,20260327_002953_NEAR-USDT-SWAP_long
True,ATR stop update,True,"{""price"": 0.0919, ""prev_stop_price"": 0.09208999999999999, ""stop_price"": 0.09207499999999999, ""peak_unrealized_pnl"": 0.0}",STOP_MOVE_CHECK,DOGE-USDT-SWAP,unknown,ATR stop update,TRAIL_UPDATE,2026-03-27 02:38:19,20260327_021929_DOGE-USDT-SWAP_short
True,ATR stop update,True,"{""price"": 0.1085, ""prev_stop_price"": 0.11, ""stop_price"": 0.10878399999999999, ""peak_unrealized_pnl"": 0.0}",STOP_MOVE_CHECK,OP-USDT-SWAP,unknown,ATR stop update,TRAIL_UPDATE,2026-03-27 02:38:23,20260327_022752_OP-USDT-SWAP_short
False,нет свежего пробоя Donchian на последней закрытой свече,False,"{""score"": null, ""liquidity_score"": null, ""breakout_distance_atr"": null, ""freshness_score"": null}",ENTRY_CHECK,1INCH-USDT-SWAP,no_fresh_breakout,нет свежего пробоя Donchian на последней закрытой свече,rejected,2026-03-27 02:38:43,
False,нет свежего пробоя Donchian на последней закрытой свече,False,"{""score"": null, ""liquidity_score"": null, ""breakout_distance_atr"": null, ""freshness_score"": null}",ENTRY_CHECK,ACT-USDT-SWAP,no_fresh_breakout,нет свежего пробоя Donchian на последней закрытой свече,rejected,2026-03-27 02:38:49,
False,нет свежего пробоя Donchian на последней закрытой свече,False,"{""score"": null, ""liquidity_score"": null, ""breakout_distance_atr"": null, ""freshness_score"": null}",ENTRY_CHECK,ASTER-USDT-SWAP,no_fresh_breakout,нет свежего пробоя Donchian на последней закрытой свече,rejected,2026-03-27 02:38:57,
False,нет свежего пробоя Donchian на последней закрытой свече,False,"{""score"": null, ""liquidity_score"": null, ""breakout_distance_atr"": null, ""freshness_score"": null}",ENTRY_CHECK,ATOM-USDT-SWAP,no_fresh_breakout,нет свежего пробоя Donchian на последней закрытой свече,rejected,2026-03-27 02:38:59,
False,classic_turtle_breakout_short,True,"{""score"": null, ""liquidity_score"": 12.5624, ""breakout_distance_atr"": 0.3883, ""freshness_score"": 0.3983}",ENTRY_CHECK,AUCTION-USDT-SWAP,classic_turtle_breakout_short,classic_turtle_breakout_short,candidate,2026-03-27 02:39:00,
False,нет свежего пробоя Donchian на последней закрытой свече,False,"{""score"": null, ""liquidity_score"": null, ""breakout_distance_atr"": null, ""freshness_score"": null}",ENTRY_CHECK,BCH-USDT-SWAP,no_fresh_breakout,нет свежего пробоя Donchian на последней закрытой свече,rejected,2026-03-27 02:39:05,
False,нет свежего пробоя Donchian на последней закрытой свече,False,"{""score"": null, ""liquidity_score"": null, ""breakout_distance_atr"": null, ""freshness_score"": null}",ENTRY_CHECK,COMP-USDT-SWAP,no_fresh_breakout,нет свежего пробоя Donchian на последней закрытой свече,rejected,2026-03-27 02:39:24,
False,нет свежего пробоя Donchian на последней закрытой свече,False,"{""score"": null, ""liquidity_score"": null, ""breakout_distance_atr"": null, ""freshness_score"": null}",ENTRY_CHECK,FIL-USDT-SWAP,no_fresh_breakout,нет свежего пробоя Donchian на последней закрытой свече,rejected,2026-03-27 02:39:34,
False,нет свежего пробоя Donchian на последней закрытой свече,False,"{""score"": null, ""liquidity_score"": null, ""breakout_distance_atr"": null, ""freshness_score"": null}",ENTRY_CHECK,KSM-USDT-SWAP,no_fresh_breakout,нет свежего пробоя Donchian на последней закрытой свече,rejected,2026-03-27 02:39:54,
False,нет свежего пробоя Donchian на последней закрытой свече,False,"{""score"": null, ""liquidity_score"": null, ""breakout_distance_atr"": null, ""freshness_score"": null}",ENTRY_CHECK,LDO-USDT-SWAP,no_fresh_breakout,нет свежего пробоя Donchian на последней закрытой свече,rejected,2026-03-27 02:39:55,
False,нет свежего пробоя Donchian на последней закрытой свече,False,"{""score"": null, ""liquidity_score"": null, ""breakout_distance_atr"": null, ""freshness_score"": null}",ENTRY_CHECK,LQTY-USDT-SWAP,no_fresh_breakout,нет свежего пробоя Donchian на последней закрытой свече,rejected,2026-03-27 02:40:00,
False,нет свежего пробоя Donchian на последней закрытой свече,False,"{""score"": null, ""liquidity_score"": null, ""breakout_distance_atr"": null, ""freshness_score"": null}",ENTRY_CHECK,LRC-USDT-SWAP,no_fresh_breakout,нет свежего пробоя Donchian на последней закрытой свече,rejected,2026-03-27 02:40:01,
False,ATR warmup: цена или ATR недоступны после прогрева,False,"{""score"": null, ""liquidity_score"": null, ""breakout_distance_atr"": null, ""freshness_score"": null}",ENTRY_CHECK,MET-USDT-SWAP,atr_warmup:_цена_или_atr_недоступны_после_прогрева,ATR warmup: цена или ATR недоступны после прогрева,rejected,2026-03-27 02:40:08,
False,ATR warmup: цена или ATR недоступны после прогрева,False,"{""score"": null, ""liquidity_score"": null, ""breakout_distance_atr"": null, ""freshness_score"": null}",ENTRY_CHECK,SYRUP-USDT-SWAP,atr_warmup:_цена_или_atr_недоступны_после_прогрева,ATR warmup: цена или ATR недоступны после прогрева,rejected,2026-03-27 02:40:34,
False,ATR warmup: цена или ATR недоступны после прогрева,False,"{""score"": null, ""liquidity_score"": null, ""breakout_distance_atr"": null, ""freshness_score"": null}",ENTRY_CHECK,TSLA-USDT-SWAP,atr_warmup:_цена_или_atr_недоступны_после_прогрева,ATR warmup: цена или ATR недоступны после прогрева,rejected,2026-03-27 02:40:41,
False,нет свежего пробоя Donchian на последней закрытой свече,False,"{""score"": null, ""liquidity_score"": null, ""breakout_distance_atr"": null, ""freshness_score"": null}",ENTRY_CHECK,XAG-USDT-SWAP,no_fresh_breakout,нет свежего пробоя Donchian на последней закрытой свече,rejected,2026-03-27 02:40:43,
False,classic_turtle_breakout_short,True,"{""score"": null, ""liquidity_score"": 12.5624, ""breakout_distance_atr"": 0.3883, ""freshness_score"": 0.3983}",ENTRY_RANK,AUCTION-USDT-SWAP,classic_turtle_breakout_short,classic_turtle_breakout_short,ranked_candidate,2026-03-27 02:40:56,
False,entry_failed,False,"{""score"": null, ""liquidity_score"": null, ""breakout_distance_atr"": null, ""freshness_score"": null}",ENTRY_EXECUTION,AUCTION-USDT-SWAP,unknown,,entry_failed,2026-03-27 02:40:57,
False,недостаточный прогресс 0.18 ATR,False,"{""units"": 1, ""last_price"": 0.1084, ""next_pyramid_price"": 0.108474, ""retry_after_sec"": null}",ADD_UNIT_CHECK,OP-USDT-SWAP,недостаточный_прогресс_0.18_atr,недостаточный прогресс 0.18 ATR,pyramid_skipped,2026-03-27 02:43:01,
True,ATR stop update,True,"{""price"": 0.1084, ""prev_stop_price"": 0.10878399999999999, ""stop_price"": 0.108764, ""peak_unrealized_pnl"": 0.0}",STOP_MOVE_CHECK,OP-USDT-SWAP,unknown,ATR stop update,TRAIL_UPDATE,2026-03-27 02:43:01,20260327_022752_OP-USDT-SWAP_short
False,нет свежего пробоя Donchian на последней закрытой свече,False,"{""score"": null, ""liquidity_score"": null, ""breakout_distance_atr"": null, ""freshness_score"": null}",ENTRY_CHECK,1INCH-USDT-SWAP,no_fresh_breakout,нет свежего пробоя Donchian на последней закрытой свече,rejected,2026-03-27 02:43:10,
False,нет свежего пробоя Donchian на последней закрытой свече,False,"{""score"": null, ""liquidity_score"": null, ""breakout_distance_atr"": null, ""freshness_score"": null}",ENTRY_CHECK,ACT-USDT-SWAP,no_fresh_breakout,нет свежего пробоя Donchian на последней закрытой свече,rejected,2026-03-27 02:43:16,
False,нет свежего пробоя Donchian на последней закрытой свече,False,"{""score"": null, ""liquidity_score"": null, ""breakout_distance_atr"": null, ""freshness_score"": null}",ENTRY_CHECK,ASTER-USDT-SWAP,no_fresh_breakout,нет свежего пробоя Donchian на последней закрытой свече,rejected,2026-03-27 02:43:26,
False,нет свежего пробоя Donchian на последней закрытой свече,False,"{""score"": null, ""liquidity_score"": null, ""breakout_distance_atr"": null, ""freshness_score"": null}",ENTRY_CHECK,ATOM-USDT-SWAP,no_fresh_breakout,нет свежего пробоя Donchian на последней закрытой свече,rejected,2026-03-27 02:43:28,
False,нет свежего пробоя Donchian на последней закрытой свече,False,"{""score"": null, ""liquidity_score"": null, ""breakout_distance_atr"": null, ""freshness_score"": null}",ENTRY_CHECK,BTC-USDT-SWAP,no_fresh_breakout,нет свежего пробоя Donchian на последней закрытой свече,rejected,2026-03-27 02:43:45,
False,закрытие не удержалось ниже канала,False,"{""score"": null, ""liquidity_score"": null, ""breakout_distance_atr"": null, ""freshness_score"": null}",ENTRY_CHECK,COMP-USDT-SWAP,закрытие_не_удержалось_ниже_канала,закрытие не удержалось ниже канала,rejected,2026-03-27 02:43:55,
False,нет свежего пробоя Donchian на последней закрытой свече,False,"{""score"": null, ""liquidity_score"": null, ""breakout_distance_atr"": null, ""freshness_score"": null}",ENTRY_CHECK,FIL-USDT-SWAP,no_fresh_breakout,нет свежего пробоя Donchian на последней закрытой свече,rejected,2026-03-27 02:44:05,
False,нет свежего пробоя Donchian на последней закрытой свече,False,"{""score"": null, ""liquidity_score"": null, ""breakout_distance_atr"": null, ""freshness_score"": null}",ENTRY_CHECK,KSM-USDT-SWAP,no_fresh_breakout,нет свежего пробоя Donchian на последней закрытой свече,rejected,2026-03-27 02:44:22,
False,нет свежего пробоя Donchian на последней закрытой свече,False,"{""score"": null, ""liquidity_score"": null, ""breakout_distance_atr"": null, ""freshness_score"": null}",ENTRY_CHECK,LDO-USDT-SWAP,no_fresh_breakout,нет свежего пробоя Donchian на последней закрытой свече,rejected,2026-03-27 02:44:23,
False,нет свежего пробоя Donchian на последней закрытой свече,False,"{""score"": null, ""liquidity_score"": null, ""breakout_distance_atr"": null, ""freshness_score"": null}",ENTRY_CHECK,LQTY-USDT-SWAP,no_fresh_breakout,нет свежего пробоя Donchian на последней закрытой свече,rejected,2026-03-27 02:44:29,
False,нет свежего пробоя Donchian на последней закрытой свече,False,"{""score"": null, ""liquidity_score"": null, ""breakout_distance_atr"": null, ""freshness_score"": null}",ENTRY_CHECK,LRC-USDT-SWAP,no_fresh_breakout,нет свежего пробоя Donchian на последней закрытой свече,rejected,2026-03-27 02:44:31,
False,ATR warmup: цена или ATR недоступны после прогрева,False,"{""score"": null, ""liquidity_score"": null, ""breakout_distance_atr"": null, ""freshness_score"": null}",ENTRY_CHECK,MET-USDT-SWAP,atr_warmup:_цена_или_atr_недоступны_после_прогрева,ATR warmup: цена или ATR недоступны после прогрева,rejected,2026-03-27 02:44:37,
False,ATR warmup: цена или ATR недоступны после прогрева,False,"{""score"": null, ""liquidity_score"": null, ""breakout_distance_atr"": null, ""freshness_score"": null}",ENTRY_CHECK,SYRUP-USDT-SWAP,atr_warmup:_цена_или_atr_недоступны_после_прогрева,ATR warmup: цена или ATR недоступны после прогрева,rejected,2026-03-27 02:45:05,
False,ATR warmup: цена или ATR недоступны после прогрева,False,"{""score"": null, ""liquidity_score"": null, ""breakout_distance_atr"": null, ""freshness_score"": null}",ENTRY_CHECK,TSLA-USDT-SWAP,atr_warmup:_цена_или_atr_недоступны_после_прогрева,ATR warmup: цена или ATR недоступны после прогрева,rejected,2026-03-27 02:45:11,
False,нет свежего пробоя Donchian на последней закрытой свече,False,"{""score"": null, ""liquidity_score"": null, ""breakout_distance_atr"": null, ""freshness_score"": null}",ENTRY_CHECK,XAG-USDT-SWAP,no_fresh_breakout,нет свежего пробоя Donchian на последней закрытой свече,rejected,2026-03-27 02:45:13,
True,ATR stop update,True,"{""price"": 1.2201, ""prev_stop_price"": 1.22839, ""stop_price"": 1.22859, ""peak_unrealized_pnl"": 0.0}",STOP_MOVE_CHECK,NEAR-USDT-SWAP,unknown,ATR stop update,TRAIL_UPDATE,2026-03-27 02:46:31,20260327_002953_NEAR-USDT-SWAP_long
True,TURTLE stop update,True,"{""price"": 0.0355, ""prev_stop_price"": 0.034, ""stop_price"": 0.0344, ""peak_unrealized_pnl"": 312.3875999995396}",STOP_MOVE_CHECK,YGG-USDT-SWAP,unknown,TURTLE stop update,TRAIL_UPDATE,2026-03-27 02:46:51,20260327_014759_YGG-USDT-SWAP_long
True,ATR stop update,True,"{""price"": 0.0919, ""prev_stop_price"": 0.09207499999999999, ""stop_price"": 0.09206, ""peak_unrealized_pnl"": 0.0}",STOP_MOVE_CHECK,DOGE-USDT-SWAP,unknown,ATR stop update,TRAIL_UPDATE,2026-03-27 02:47:11,20260327_021929_DOGE-USDT-SWAP_short
True,ATR stop update,True,"{""price"": 0.1086, ""prev_stop_price"": 0.108764, ""stop_price"": 0.10874400000000001, ""peak_unrealized_pnl"": 0.0}",STOP_MOVE_CHECK,OP-USDT-SWAP,unknown,ATR stop update,TRAIL_UPDATE,2026-03-27 02:47:22,20260327_022752_OP-USDT-SWAP_short
False,нет свежего пробоя Donchian на последней закрытой свече,False,"{""score"": null, ""liquidity_score"": null, ""breakout_distance_atr"": null, ""freshness_score"": null}",ENTRY_CHECK,1INCH-USDT-SWAP,no_fresh_breakout,нет свежего пробоя Donchian на последней закрытой свече,rejected,2026-03-27 02:47:30,
False,нет свежего пробоя Donchian на последней закрытой свече,False,"{""score"": null, ""liquidity_score"": null, ""breakout_distance_atr"": null, ""freshness_score"": null}",ENTRY_CHECK,ACT-USDT-SWAP,no_fresh_breakout,нет свежего пробоя Donchian на последней закрытой свече,rejected,2026-03-27 02:47:37,
False,нет свежего пробоя Donchian на последней закрытой свече,False,"{""score"": null, ""liquidity_score"": null, ""breakout_distance_atr"": null, ""freshness_score"": null}",ENTRY_CHECK,ADA-USDT-SWAP,no_fresh_breakout,нет свежего пробоя Donchian на последней закрытой свече,rejected,2026-03-27 02:47:38,
False,нет свежего пробоя Donchian на последней закрытой свече,False,"{""score"": null, ""liquidity_score"": null, ""breakout_distance_atr"": null, ""freshness_score"": null}",ENTRY_CHECK,ASTER-USDT-SWAP,no_fresh_breakout,нет свежего пробоя Donchian на последней закрытой свече,rejected,2026-03-27 02:47:47,
False,нет свежего пробоя Donchian на последней закрытой свече,False,"{""score"": null, ""liquidity_score"": null, ""breakout_distance_atr"": null, ""freshness_score"": null}",ENTRY_CHECK,ATOM-USDT-SWAP,no_fresh_breakout,нет свежего пробоя Donchian на последней закрытой свече,rejected,2026-03-27 02:47:49,
False,нет свежего пробоя Donchian на последней закрытой свече,False,"{""score"": null, ""liquidity_score"": null, ""breakout_distance_atr"": null, ""freshness_score"": null}",ENTRY_CHECK,AUCTION-USDT-SWAP,no_fresh_breakout,нет свежего пробоя Donchian на последней закрытой свече,rejected,2026-03-27 02:47:51,
False,нет свежего пробоя Donchian на последней закрытой свече,False,"{""score"": null, ""liquidity_score"": null, ""breakout_distance_atr"": null, ""freshness_score"": null}",ENTRY_CHECK,BTC-USDT-SWAP,no_fresh_breakout,нет свежего пробоя Donchian на последней закрытой свече,rejected,2026-03-27 02:48:04,
False,нет свежего пробоя Donchian на последней закрытой свече,False,"{""score"": null, ""liquidity_score"": null, ""breakout_distance_atr"": null, ""freshness_score"": null}",ENTRY_CHECK,COMP-USDT-SWAP,no_fresh_breakout,нет свежего пробоя Donchian на последней закрытой свече,rejected,2026-03-27 02:48:13,
False,нет свежего пробоя Donchian на последней закрытой свече,False,"{""score"": null, ""liquidity_score"": null, ""breakout_distance_atr"": null, ""freshness_score"": null}",ENTRY_CHECK,ETC-USDT-SWAP,no_fresh_breakout,нет свежего пробоя Donchian на последней закрытой свече,rejected,2026-03-27 02:48:20,
False,закрытие не удержалось ниже канала,False,"{""score"": null, ""liquidity_score"": null, ""breakout_distance_atr"": null, ""freshness_score"": null}",ENTRY_CHECK,FIL-USDT-SWAP,закрытие_не_удержалось_ниже_канала,закрытие не удержалось ниже канала,rejected,2026-03-27 02:48:26,
False,нет свежего пробоя Donchian на последней закрытой свече,False,"{""score"": null, ""liquidity_score"": null, ""breakout_distance_atr"": null, ""freshness_score"": null}",ENTRY_CHECK,KSM-USDT-SWAP,no_fresh_breakout,нет свежего пробоя Donchian на последней закрытой свече,rejected,2026-03-27 02:48:43,
False,нет свежего пробоя Donchian на последней закрытой свече,False,"{""score"": null, ""liquidity_score"": null, ""breakout_distance_atr"": null, ""freshness_score"": null}",ENTRY_CHECK,LDO-USDT-SWAP,no_fresh_breakout,нет свежего пробоя Donchian на последней закрытой свече,rejected,2026-03-27 02:48:45,
False,нет свежего пробоя Donchian на последней закрытой свече,False,"{""score"": null, ""liquidity_score"": null, ""breakout_distance_atr"": null, ""freshness_score"": null}",ENTRY_CHECK,LQTY-USDT-SWAP,no_fresh_breakout,нет свежего пробоя Donchian на последней закрытой свече,rejected,2026-03-27 02:48:51,
False,нет свежего пробоя Donchian на последней закрытой свече,False,"{""score"": null, ""liquidity_score"": null, ""breakout_distance_atr"": null, ""freshness_score"": null}",ENTRY_CHECK,LRC-USDT-SWAP,no_fresh_breakout,нет свежего пробоя Donchian на последней закрытой свече,rejected,2026-03-27 02:48:52,
False,ATR warmup: цена или ATR недоступны после прогрева,False,"{""score"": null, ""liquidity_score"": null, ""breakout_distance_atr"": null, ""freshness_score"": null}",ENTRY_CHECK,MET-USDT-SWAP,atr_warmup:_цена_или_atr_недоступны_после_прогрева,ATR warmup: цена или ATR недоступны после прогрева,rejected,2026-03-27 02:48:59,
False,ATR warmup: цена или ATR недоступны после прогрева,False,"{""score"": null, ""liquidity_score"": null, ""breakout_distance_atr"": null, ""freshness_score"": null}",ENTRY_CHECK,SYRUP-USDT-SWAP,atr_warmup:_цена_или_atr_недоступны_после_прогрева,ATR warmup: цена или ATR недоступны после прогрева,rejected,2026-03-27 02:49:24,
False,ATR warmup: цена или ATR недоступны после прогрева,False,"{""score"": null, ""liquidity_score"": null, ""breakout_distance_atr"": null, ""freshness_score"": null}",ENTRY_CHECK,TSLA-USDT-SWAP,atr_warmup:_цена_или_atr_недоступны_после_прогрева,ATR warmup: цена или ATR недоступны после прогрева,rejected,2026-03-27 02:49:31,
False,нет свежего пробоя Donchian на последней закрытой свече,False,"{""score"": null, ""liquidity_score"": null, ""breakout_distance_atr"": null, ""freshness_score"": null}",ENTRY_CHECK,XAG-USDT-SWAP,no_fresh_breakout,нет свежего пробоя Donchian на последней закрытой свече,rejected,2026-03-27 02:49:32,
True,ATR stop update,True,"{""price"": 2.943, ""prev_stop_price"": 2.9292469904524703, ""stop_price"": 2.92874699045247, ""peak_unrealized_pnl"": 0.0}",STOP_MOVE_CHECK,INJ-USDT-SWAP,unknown,ATR stop update,TRAIL_UPDATE,2026-03-27 02:50:34,20260326_235556_INJ-USDT-SWAP_short
True,TURTLE stop update,True,"{""price"": 0.0355, ""prev_stop_price"": 0.0344, ""stop_price"": 0.0348, ""peak_unrealized_pnl"": 312.3875999995396}",STOP_MOVE_CHECK,YGG-USDT-SWAP,unknown,TURTLE stop update,TRAIL_UPDATE,2026-03-27 02:51:10,20260327_014759_YGG-USDT-SWAP_long
False,нет свежего пробоя Donchian на последней закрытой свече,False,"{""score"": null, ""liquidity_score"": null, ""breakout_distance_atr"": null, ""freshness_score"": null}",ENTRY_CHECK,1INCH-USDT-SWAP,no_fresh_breakout,нет свежего пробоя Donchian на последней закрытой свече,rejected,2026-03-27 02:51:45,
False,нет свежего пробоя Donchian на последней закрытой свече,False,"{""score"": null, ""liquidity_score"": null, ""breakout_distance_atr"": null, ""freshness_score"": null}",ENTRY_CHECK,ACT-USDT-SWAP,no_fresh_breakout,нет свежего пробоя Donchian на последней закрытой свече,rejected,2026-03-27 02:51:51,
False,нет свежего пробоя Donchian на последней закрытой свече,False,"{""score"": null, ""liquidity_score"": null, ""breakout_distance_atr"": null, ""freshness_score"": null}",ENTRY_CHECK,ADA-USDT-SWAP,no_fresh_breakout,нет свежего пробоя Donchian на последней закрытой свече,rejected,2026-03-27 02:51:53,
False,нет свежего пробоя Donchian на последней закрытой свече,False,"{""score"": null, ""liquidity_score"": null, ""breakout_distance_atr"": null, ""freshness_score"": null}",ENTRY_CHECK,ASTER-USDT-SWAP,no_fresh_breakout,нет свежего пробоя Donchian на последней закрытой свече,rejected,2026-03-27 02:52:01,
False,нет свежего пробоя Donchian на последней закрытой свече,False,"{""score"": null, ""liquidity_score"": null, ""breakout_distance_atr"": null, ""freshness_score"": null}",ENTRY_CHECK,COMP-USDT-SWAP,no_fresh_breakout,нет свежего пробоя Donchian на последней закрытой свече,rejected,2026-03-27 02:52:26,
False,нет свежего пробоя Donchian на последней закрытой свече,False,"{""score"": null, ""liquidity_score"": null, ""breakout_distance_atr"": null, ""freshness_score"": null}",ENTRY_CHECK,FIL-USDT-SWAP,no_fresh_breakout,нет свежего пробоя Donchian на последней закрытой свече,rejected,2026-03-27 02:52:38,
False,нет свежего пробоя Donchian на последней закрытой свече,False,"{""score"": null, ""liquidity_score"": null, ""breakout_distance_atr"": null, ""freshness_score"": null}",ENTRY_CHECK,KSM-USDT-SWAP,no_fresh_breakout,нет свежего пробоя Donchian на последней закрытой свече,rejected,2026-03-27 02:52:55,
False,нет свежего пробоя Donchian на последней закрытой свече,False,"{""score"": null, ""liquidity_score"": null, ""breakout_distance_atr"": null, ""freshness_score"": null}",ENTRY_CHECK,LDO-USDT-SWAP,no_fresh_breakout,нет свежего пробоя Donchian на последней закрытой свече,rejected,2026-03-27 02:52:56,
False,нет свежего пробоя Donchian на последней закрытой свече,False,"{""score"": null, ""liquidity_score"": null, ""breakout_distance_atr"": null, ""freshness_score"": null}",ENTRY_CHECK,LIT-USDT-SWAP,no_fresh_breakout,нет свежего пробоя Donchian на последней закрытой свече,rejected,2026-03-27 02:53:00,
False,нет свежего пробоя Donchian на последней закрытой свече,False,"{""score"": null, ""liquidity_score"": null, ""breakout_distance_atr"": null, ""freshness_score"": null}",ENTRY_CHECK,LRC-USDT-SWAP,no_fresh_breakout,нет свежего пробоя Donchian на последней закрытой свече,rejected,2026-03-27 02:53:03,
False,ATR warmup: цена или ATR недоступны после прогрева,False,"{""score"": null, ""liquidity_score"": null, ""breakout_distance_atr"": null, ""freshness_score"": null}",ENTRY_CHECK,MET-USDT-SWAP,atr_warmup:_цена_или_atr_недоступны_после_прогрева,ATR warmup: цена или ATR недоступны после прогрева,rejected,2026-03-27 02:53:11,
False,ATR warmup: цена или ATR недоступны после прогрева,False,"{""score"": null, ""liquidity_score"": null, ""breakout_distance_atr"": null, ""freshness_score"": null}",ENTRY_CHECK,SYRUP-USDT-SWAP,atr_warmup:_цена_или_atr_недоступны_после_прогрева,ATR warmup: цена или ATR недоступны после прогрева,rejected,2026-03-27 02:53:38,
False,ATR warmup: цена или ATR недоступны после прогрева,False,"{""score"": null, ""liquidity_score"": null, ""breakout_distance_atr"": null, ""freshness_score"": null}",ENTRY_CHECK,TSLA-USDT-SWAP,atr_warmup:_цена_или_atr_недоступны_после_прогрева,ATR warmup: цена или ATR недоступны после прогрева,rejected,2026-03-27 02:53:45,
False,нет свежего пробоя Donchian на последней закрытой свече,False,"{""score"": null, ""liquidity_score"": null, ""breakout_distance_atr"": null, ""freshness_score"": null}",ENTRY_CHECK,XAG-USDT-SWAP,no_fresh_breakout,нет свежего пробоя Donchian на последней закрытой свече,rejected,2026-03-27 02:53:46,
True,ATR stop update,True,"{""price"": 0.1087, ""prev_stop_price"": 0.10874400000000001, ""stop_price"": 0.108724, ""peak_unrealized_pnl"": 0.0}",STOP_MOVE_CHECK,OP-USDT-SWAP,unknown,ATR stop update,TRAIL_UPDATE,2026-03-27 02:55:50,20260327_022752_OP-USDT-SWAP_short
False,нет свежего пробоя Donchian на последней закрытой свече,False,"{""score"": null, ""liquidity_score"": null, ""breakout_distance_atr"": null, ""freshness_score"": null}",ENTRY_CHECK,1INCH-USDT-SWAP,no_fresh_breakout,нет свежего пробоя Donchian на последней закрытой свече,rejected,2026-03-27 02:55:58,
False,нет свежего пробоя Donchian на последней закрытой свече,False,"{""score"": null, ""liquidity_score"": null, ""breakout_distance_atr"": null, ""freshness_score"": null}",ENTRY_CHECK,ACT-USDT-SWAP,no_fresh_breakout,нет свежего пробоя Donchian на последней закрытой свече,rejected,2026-03-27 02:56:04,
False,нет свежего пробоя Donchian на последней закрытой свече,False,"{""score"": null, ""liquidity_score"": null, ""breakout_distance_atr"": null, ""freshness_score"": null}",ENTRY_CHECK,ADA-USDT-SWAP,no_fresh_breakout,нет свежего пробоя Donchian на последней закрытой свече,rejected,2026-03-27 02:56:06,
False,нет свежего пробоя Donchian на последней закрытой свече,False,"{""score"": null, ""liquidity_score"": null, ""breakout_distance_atr"": null, ""freshness_score"": null}",ENTRY_CHECK,ASTER-USDT-SWAP,no_fresh_breakout,нет свежего пробоя Donchian на последней закрытой свече,rejected,2026-03-27 02:56:14,
False,нет свежего пробоя Donchian на последней закрытой свече,False,"{""score"": null, ""liquidity_score"": null, ""breakout_distance_atr"": null, ""freshness_score"": null}",ENTRY_CHECK,ATOM-USDT-SWAP,no_fresh_breakout,нет свежего пробоя Donchian на последней закрытой свече,rejected,2026-03-27 02:56:16,
False,нет свежего пробоя Donchian на последней закрытой свече,False,"{""score"": null, ""liquidity_score"": null, ""breakout_distance_atr"": null, ""freshness_score"": null}",ENTRY_CHECK,BTC-USDT-SWAP,no_fresh_breakout,нет свежего пробоя Donchian на последней закрытой свече,rejected,2026-03-27 02:56:32,
False,нет свежего пробоя Donchian на последней закрытой свече,False,"{""score"": null, ""liquidity_score"": null, ""breakout_distance_atr"": null, ""freshness_score"": null}",ENTRY_CHECK,COMP-USDT-SWAP,no_fresh_breakout,нет свежего пробоя Donchian на последней закрытой свече,rejected,2026-03-27 02:56:43,
False,нет свежего пробоя Donchian на последней закрытой свече,False,"{""score"": null, ""liquidity_score"": null, ""breakout_distance_atr"": null, ""freshness_score"": null}",ENTRY_CHECK,FIL-USDT-SWAP,no_fresh_breakout,нет свежего пробоя Donchian на последней закрытой свече,rejected,2026-03-27 02:56:55,
False,нет свежего пробоя Donchian на последней закрытой свече,False,"{""score"": null, ""liquidity_score"": null, ""breakout_distance_atr"": null, ""freshness_score"": null}",ENTRY_CHECK,KSM-USDT-SWAP,no_fresh_breakout,нет свежего пробоя Donchian на последней закрытой свече,rejected,2026-03-27 02:57:09,
False,нет свежего пробоя Donchian на последней закрытой свече,False,"{""score"": null, ""liquidity_score"": null, ""breakout_distance_atr"": null, ""freshness_score"": null}",ENTRY_CHECK,LDO-USDT-SWAP,no_fresh_breakout,нет свежего пробоя Donchian на последней закрытой свече,rejected,2026-03-27 02:57:10,
False,нет свежего пробоя Donchian на последней закрытой свече,False,"{""score"": null, ""liquidity_score"": null, ""breakout_distance_atr"": null, ""freshness_score"": null}",ENTRY_CHECK,LRC-USDT-SWAP,no_fresh_breakout,нет свежего пробоя Donchian на последней закрытой свече,rejected,2026-03-27 02:57:18,
False,ATR warmup: цена или ATR недоступны после прогрева,False,"{""score"": null, ""liquidity_score"": null, ""breakout_distance_atr"": null, ""freshness_score"": null}",ENTRY_CHECK,MET-USDT-SWAP,atr_warmup:_цена_или_atr_недоступны_после_прогрева,ATR warmup: цена или ATR недоступны после прогрева,rejected,2026-03-27 02:57:25,
False,ATR warmup: цена или ATR недоступны после прогрева,False,"{""score"": null, ""liquidity_score"": null, ""breakout_distance_atr"": null, ""freshness_score"": null}",ENTRY_CHECK,SYRUP-USDT-SWAP,atr_warmup:_цена_или_atr_недоступны_после_прогрева,ATR warmup: цена или ATR недоступны после прогрева,rejected,2026-03-27 02:57:52,
False,нет свежего пробоя Donchian на последней закрытой свече,False,"{""score"": null, ""liquidity_score"": null, ""breakout_distance_atr"": null, ""freshness_score"": null}",ENTRY_CHECK,TON-USDT-SWAP,no_fresh_breakout,нет свежего пробоя Donchian на последней закрытой свече,rejected,2026-03-27 02:57:54,
False,ATR warmup: цена или ATR недоступны после прогрева,False,"{""score"": null, ""liquidity_score"": null, ""breakout_distance_atr"": null, ""freshness_score"": null}",ENTRY_CHECK,TSLA-USDT-SWAP,atr_warmup:_цена_или_atr_недоступны_после_прогрева,ATR warmup: цена или ATR недоступны после прогрева,rejected,2026-03-27 02:57:58,
False,нет свежего пробоя Donchian на последней закрытой свече,False,"{""score"": null, ""liquidity_score"": null, ""breakout_distance_atr"": null, ""freshness_score"": null}",ENTRY_CHECK,XAG-USDT-SWAP,no_fresh_breakout,нет свежего пробоя Donchian на последней закрытой свече,rejected,2026-03-27 02:58:00,
True,ATR stop update,True,"{""price"": 86.42, ""prev_stop_price"": 85.95, ""stop_price"": 85.929, ""peak_unrealized_pnl"": 0.0}",STOP_MOVE_CHECK,SOL-USDT-SWAP,unknown,ATR stop update,TRAIL_UPDATE,2026-03-27 02:58:53,20260326_235556_SOL-USDT-SWAP_short
True,ATR stop update,True,"{""price"": 2.943, ""prev_stop_price"": 2.92874699045247, ""stop_price"": 2.92814699045247, ""peak_unrealized_pnl"": 0.0}",STOP_MOVE_CHECK,INJ-USDT-SWAP,unknown,ATR stop update,TRAIL_UPDATE,2026-03-27 02:59:04,20260326_235556_INJ-USDT-SWAP_short
True,ATR stop update,True,"{""price"": 2.137, ""prev_stop_price"": 2.1187983774302004, ""stop_price"": 2.1182983774302, ""peak_unrealized_pnl"": 0.0}",STOP_MOVE_CHECK,LPT-USDT-SWAP,unknown,ATR stop update,TRAIL_UPDATE,2026-03-27 02:59:15,20260326_235557_LPT-USDT-SWAP_short
True,TURTLE stop update,True,"{""price"": 0.0356, ""prev_stop_price"": 0.0348, ""stop_price"": 0.0349, ""peak_unrealized_pnl"": 342.60839999954044}",STOP_MOVE_CHECK,YGG-USDT-SWAP,unknown,TURTLE stop update,TRAIL_UPDATE,2026-03-27 02:59:44,20260327_014759_YGG-USDT-SWAP_long
True,Новый пик open PnL,True,"{""price"": 0.0356, ""prev_stop_price"": null, ""stop_price"": 0.0349, ""peak_unrealized_pnl"": 342.60839999954044}",EXIT_CHECK,YGG-USDT-SWAP,unknown,Новый пик open PnL,PEAK_PNL,2026-03-27 02:59:44,20260327_014759_YGG-USDT-SWAP_long
False,нет свежего пробоя Donchian на последней закрытой свече,False,"{""score"": null, ""liquidity_score"": null, ""breakout_distance_atr"": null, ""freshness_score"": null}",ENTRY_CHECK,1INCH-USDT-SWAP,no_fresh_breakout,нет свежего пробоя Donchian на последней закрытой свече,rejected,2026-03-27 03:00:32,
False,нет свежего пробоя Donchian на последней закрытой свече,False,"{""score"": null, ""liquidity_score"": null, ""breakout_distance_atr"": null, ""freshness_score"": null}",ENTRY_CHECK,ADA-USDT-SWAP,no_fresh_breakout,нет свежего пробоя Donchian на последней закрытой свече,rejected,2026-03-27 03:00:32,
False,нет свежего пробоя Donchian на последней закрытой свече,False,"{""score"": null, ""liquidity_score"": null, ""breakout_distance_atr"": null, ""freshness_score"": null}",ENTRY_CHECK,ARB-USDT-SWAP,no_fresh_breakout,нет свежего пробоя Donchian на последней закрытой свече,rejected,2026-03-27 03:00:32,
False,нет свежего пробоя Donchian на последней закрытой свече,False,"{""score"": null, ""liquidity_score"": null, ""breakout_distance_atr"": null, ""freshness_score"": null}",ENTRY_CHECK,ATOM-USDT-SWAP,no_fresh_breakout,нет свежего пробоя Donchian на последней закрытой свече,rejected,2026-03-27 03:00:37,
False,нет свежего пробоя Donchian на последней закрытой свече,False,"{""score"": null, ""liquidity_score"": null, ""breakout_distance_atr"": null, ""freshness_score"": null}",ENTRY_CHECK,AUCTION-USDT-SWAP,no_fresh_breakout,нет свежего пробоя Donchian на последней закрытой свече,rejected,2026-03-27 03:00:38,
False,закрытие не удержалось ниже канала,False,"{""score"": null, ""liquidity_score"": null, ""breakout_distance_atr"": null, ""freshness_score"": null}",ENTRY_CHECK,AXS-USDT-SWAP,закрытие_не_удержалось_ниже_канала,закрытие не удержалось ниже канала,rejected,2026-03-27 03:00:42,
False,нет свежего пробоя Donchian на последней закрытой свече,False,"{""score"": null, ""liquidity_score"": null, ""breakout_distance_atr"": null, ""freshness_score"": null}",ENTRY_CHECK,BTC-USDT-SWAP,no_fresh_breakout,нет свежего пробоя Donchian на последней закрытой свече,rejected,2026-03-27 03:00:54,
False,нет свежего пробоя Donchian на последней закрытой свече,False,"{""score"": null, ""liquidity_score"": null, ""breakout_distance_atr"": null, ""freshness_score"": null}",ENTRY_CHECK,COMP-USDT-SWAP,no_fresh_breakout,нет свежего пробоя Donchian на последней закрытой свече,rejected,2026-03-27 03:01:04,
False,нет свежего пробоя Donchian на последней закрытой свече,False,"{""score"": null, ""liquidity_score"": null, ""breakout_distance_atr"": null, ""freshness_score"": null}",ENTRY_CHECK,ETC-USDT-SWAP,no_fresh_breakout,нет свежего пробоя Donchian на последней закрытой свече,rejected,2026-03-27 03:01:10,
False,нет свежего пробоя Donchian на последней закрытой свече,False,"{""score"": null, ""liquidity_score"": null, ""breakout_distance_atr"": null, ""freshness_score"": null}",ENTRY_CHECK,FIL-USDT-SWAP,no_fresh_breakout,нет свежего пробоя Donchian на последней закрытой свече,rejected,2026-03-27 03:01:15,
False,нет свежего пробоя Donchian на последней закрытой свече,False,"{""score"": null, ""liquidity_score"": null, ""breakout_distance_atr"": null, ""freshness_score"": null}",ENTRY_CHECK,KSM-USDT-SWAP,no_fresh_breakout,нет свежего пробоя Donchian на последней закрытой свече,rejected,2026-03-27 03:01:32,
False,нет свежего пробоя Donchian на последней закрытой свече,False,"{""score"": null, ""liquidity_score"": null, ""breakout_distance_atr"": null, ""freshness_score"": null}",ENTRY_CHECK,LDO-USDT-SWAP,no_fresh_breakout,нет свежего пробоя Donchian на последней закрытой свече,rejected,2026-03-27 03:01:33,
False,нет свежего пробоя Donchian на последней закрытой свече,False,"{""score"": null, ""liquidity_score"": null, ""breakout_distance_atr"": null, ""freshness_score"": null}",ENTRY_CHECK,LIT-USDT-SWAP,no_fresh_breakout,нет свежего пробоя Donchian на последней закрытой свече,rejected,2026-03-27 03:01:37,
False,нет свежего пробоя Donchian на последней закрытой свече,False,"{""score"": null, ""liquidity_score"": null, ""breakout_distance_atr"": null, ""freshness_score"": null}",ENTRY_CHECK,LRC-USDT-SWAP,no_fresh_breakout,нет свежего пробоя Donchian на последней закрытой свече,rejected,2026-03-27 03:01:40,
False,ATR warmup: цена или ATR недоступны после прогрева,False,"{""score"": null, ""liquidity_score"": null, ""breakout_distance_atr"": null, ""freshness_score"": null}",ENTRY_CHECK,MET-USDT-SWAP,atr_warmup:_цена_или_atr_недоступны_после_прогрева,ATR warmup: цена или ATR недоступны после прогрева,rejected,2026-03-27 03:01:47,
False,канал слишком узкий: 0.00 ATR < 0.50 ATR,False,"{""score"": null, ""liquidity_score"": null, ""breakout_distance_atr"": null, ""freshness_score"": null}",ENTRY_CHECK,SYRUP-USDT-SWAP,канал_слишком_узкий:_0.00_atr_<_0.50_atr,канал слишком узкий: 0.00 ATR < 0.50 ATR,rejected,2026-03-27 03:02:14,
False,нет свежего пробоя Donchian на последней закрытой свече,False,"{""score"": null, ""liquidity_score"": null, ""breakout_distance_atr"": null, ""freshness_score"": null}",ENTRY_CHECK,TON-USDT-SWAP,no_fresh_breakout,нет свежего пробоя Donchian на последней закрытой свече,rejected,2026-03-27 03:02:17,
False,ATR warmup: цена или ATR недоступны после прогрева,False,"{""score"": null, ""liquidity_score"": null, ""breakout_distance_atr"": null, ""freshness_score"": null}",ENTRY_CHECK,TSLA-USDT-SWAP,atr_warmup:_цена_или_atr_недоступны_после_прогрева,ATR warmup: цена или ATR недоступны после прогрева,rejected,2026-03-27 03:02:21,
False,нет свежего пробоя Donchian на последней закрытой свече,False,"{""score"": null, ""liquidity_score"": null, ""breakout_distance_atr"": null, ""freshness_score"": null}",ENTRY_CHECK,XAG-USDT-SWAP,no_fresh_breakout,нет свежего пробоя Donchian на последней закрытой свече,rejected,2026-03-27 03:02:23,
False,нет свежего пробоя Donchian на последней закрытой свече,False,"{""score"": null, ""liquidity_score"": null, ""breakout_distance_atr"": null, ""freshness_score"": null}",ENTRY_CHECK,XRP-USDT-SWAP,no_fresh_breakout,нет свежего пробоя Donchian на последней закрытой свече,rejected,2026-03-27 03:02:27,
False,нет свежего пробоя Donchian на последней закрытой свече,False,"{""score"": null, ""liquidity_score"": null, ""breakout_distance_atr"": null, ""freshness_score"": null}",ENTRY_CHECK,YFI-USDT-SWAP,no_fresh_breakout,нет свежего пробоя Donchian на последней закрытой свече,rejected,2026-03-27 03:02:34,
False,нет свежего пробоя Donchian на последней закрытой свече,False,"{""score"": null, ""liquidity_score"": null, ""breakout_distance_atr"": null, ""freshness_score"": null}",ENTRY_CHECK,1INCH-USDT-SWAP,no_fresh_breakout,нет свежего пробоя Donchian на последней закрытой свече,rejected,2026-03-27 03:04:51,
False,нет свежего пробоя Donchian на последней закрытой свече,False,"{""score"": null, ""liquidity_score"": null, ""breakout_distance_atr"": null, ""freshness_score"": null}",ENTRY_CHECK,ADA-USDT-SWAP,no_fresh_breakout,нет свежего пробоя Donchian на последней закрытой свече,rejected,2026-03-27 03:04:59,
False,закрытие не удержалось выше канала,False,"{""score"": null, ""liquidity_score"": null, ""breakout_distance_atr"": null, ""freshness_score"": null}",ENTRY_CHECK,ASTER-USDT-SWAP,закрытие_не_удержалось_выше_канала,закрытие не удержалось выше канала,rejected,2026-03-27 03:05:05,
False,momentum chase blocked after 3 same-side candles,False,"{""score"": null, ""liquidity_score"": null, ""breakout_distance_atr"": 0.6, ""freshness_score"": null}",ENTRY_CHECK,ASTER-USDT-SWAP,blacklist,momentum chase blocked after 3 same-side candles,rejected,2026-03-27 03:05:05,
False,нет свежего пробоя Donchian на последней закрытой свече,False,"{""score"": null, ""liquidity_score"": null, ""breakout_distance_atr"": null, ""freshness_score"": null}",ENTRY_CHECK,ATOM-USDT-SWAP,no_fresh_breakout,нет свежего пробоя Donchian на последней закрытой свече,rejected,2026-03-27 03:05:05,
False,нет свежего пробоя Donchian на последней закрытой свече,False,"{""score"": null, ""liquidity_score"": null, ""breakout_distance_atr"": null, ""freshness_score"": null}",ENTRY_CHECK,AUCTION-USDT-SWAP,no_fresh_breakout,нет свежего пробоя Donchian на последней закрытой свече,rejected,2026-03-27 03:05:05,
False,нет свежего пробоя Donchian на последней закрытой свече,False,"{""score"": null, ""liquidity_score"": null, ""breakout_distance_atr"": null, ""freshness_score"": null}",ENTRY_CHECK,BTC-USDT-SWAP,no_fresh_breakout,нет свежего пробоя Donchian на последней закрытой свече,rejected,2026-03-27 03:05:10,
False,нет свежего пробоя Donchian на последней закрытой свече,False,"{""score"": null, ""liquidity_score"": null, ""breakout_distance_atr"": null, ""freshness_score"": null}",ENTRY_CHECK,COMP-USDT-SWAP,no_fresh_breakout,нет свежего пробоя Donchian на последней закрытой свече,rejected,2026-03-27 03:05:20,
False,нет свежего пробоя Donchian на последней закрытой свече,False,"{""score"": null, ""liquidity_score"": null, ""breakout_distance_atr"": null, ""freshness_score"": null}",ENTRY_CHECK,FIL-USDT-SWAP,no_fresh_breakout,нет свежего пробоя Donchian на последней закрытой свече,rejected,2026-03-27 03:05:33,
False,нет свежего пробоя Donchian на последней закрытой свече,False,"{""score"": null, ""liquidity_score"": null, ""breakout_distance_atr"": null, ""freshness_score"": null}",ENTRY_CHECK,KSM-USDT-SWAP,no_fresh_breakout,нет свежего пробоя Donchian на последней закрытой свече,rejected,2026-03-27 03:05:48,
False,закрытие не удержалось выше канала,False,"{""score"": null, ""liquidity_score"": null, ""breakout_distance_atr"": null, ""freshness_score"": null}",ENTRY_CHECK,LDO-USDT-SWAP,закрытие_не_удержалось_выше_канала,закрытие не удержалось выше канала,rejected,2026-03-27 03:05:49,
False,нет свежего пробоя Donchian на последней закрытой свече,False,"{""score"": null, ""liquidity_score"": null, ""breakout_distance_atr"": null, ""freshness_score"": null}",ENTRY_CHECK,LIT-USDT-SWAP,no_fresh_breakout,нет свежего пробоя Donchian на последней закрытой свече,rejected,2026-03-27 03:05:54,
False,нет свежего пробоя Donchian на последней закрытой свече,False,"{""score"": null, ""liquidity_score"": null, ""breakout_distance_atr"": null, ""freshness_score"": null}",ENTRY_CHECK,LRC-USDT-SWAP,no_fresh_breakout,нет свежего пробоя Donchian на последней закрытой свече,rejected,2026-03-27 03:05:57,
False,ATR warmup: цена или ATR недоступны после прогрева,False,"{""score"": null, ""liquidity_score"": null, ""breakout_distance_atr"": null, ""freshness_score"": null}",ENTRY_CHECK,MET-USDT-SWAP,atr_warmup:_цена_или_atr_недоступны_после_прогрева,ATR warmup: цена или ATR недоступны после прогрева,rejected,2026-03-27 03:06:04,
False,нет свежего пробоя Donchian на последней закрытой свече,False,"{""score"": null, ""liquidity_score"": null, ""breakout_distance_atr"": null, ""freshness_score"": null}",ENTRY_CHECK,SYRUP-USDT-SWAP,no_fresh_breakout,нет свежего пробоя Donchian на последней закрытой свече,rejected,2026-03-27 03:06:29,
False,нет свежего пробоя Donchian на последней закрытой свече,False,"{""score"": null, ""liquidity_score"": null, ""breakout_distance_atr"": null, ""freshness_score"": null}",ENTRY_CHECK,XAG-USDT-SWAP,no_fresh_breakout,нет свежего пробоя Donchian на последней закрытой свече,rejected,2026-03-27 03:06:37,
False,нет свежего пробоя Donchian на последней закрытой свече,False,"{""score"": null, ""liquidity_score"": null, ""breakout_distance_atr"": null, ""freshness_score"": null}",ENTRY_CHECK,XRP-USDT-SWAP,no_fresh_breakout,нет свежего пробоя Donchian на последней закрытой свече,rejected,2026-03-27 03:06:41,
False,нет свежего пробоя Donchian на последней закрытой свече,False,"{""score"": null, ""liquidity_score"": null, ""breakout_distance_atr"": null, ""freshness_score"": null}",ENTRY_CHECK,YFI-USDT-SWAP,no_fresh_breakout,нет свежего пробоя Donchian на последней закрытой свече,rejected,2026-03-27 03:06:47,
True,ATR stop update,True,"{""price"": 86.42, ""prev_stop_price"": 85.929, ""stop_price"": 85.899, ""peak_unrealized_pnl"": 0.0}",STOP_MOVE_CHECK,SOL-USDT-SWAP,unknown,ATR stop update,TRAIL_UPDATE,2026-03-27 03:07:29,20260326_235556_SOL-USDT-SWAP_short
True,Новый пик open PnL,True,"{""price"": 0.0359, ""prev_stop_price"": null, ""stop_price"": 0.0349, ""peak_unrealized_pnl"": 372.82919999954134}",EXIT_CHECK,YGG-USDT-SWAP,unknown,Новый пик open PnL,PEAK_PNL,2026-03-27 03:08:14,20260327_014759_YGG-USDT-SWAP_long
True,ATR stop update,True,"{""price"": 0.1087, ""prev_stop_price"": 0.108724, ""stop_price"": 0.108675, ""peak_unrealized_pnl"": 0.0}",STOP_MOVE_CHECK,OP-USDT-SWAP,unknown,ATR stop update,TRAIL_UPDATE,2026-03-27 03:08:42,20260327_022752_OP-USDT-SWAP_short
False,нет свежего пробоя Donchian на последней закрытой свече,False,"{""score"": null, ""liquidity_score"": null, ""breakout_distance_atr"": null, ""freshness_score"": null}",ENTRY_CHECK,1INCH-USDT-SWAP,no_fresh_breakout,нет свежего пробоя Donchian на последней закрытой свече,rejected,2026-03-27 03:09:05,
False,classic_turtle_breakout_short,True,"{""score"": null, ""liquidity_score"": 19.2298, ""breakout_distance_atr"": 0.2273, ""freshness_score"": 0.2373}",ENTRY_CHECK,ADA-USDT-SWAP,classic_turtle_breakout_short,classic_turtle_breakout_short,candidate,2026-03-27 03:09:13,
False,закрытие не удержалось выше канала,False,"{""score"": null, ""liquidity_score"": null, ""breakout_distance_atr"": null, ""freshness_score"": null}",ENTRY_CHECK,ASTER-USDT-SWAP,закрытие_не_удержалось_выше_канала,закрытие не удержалось выше канала,rejected,2026-03-27 03:09:23,
False,momentum chase blocked after 3 same-side candles,False,"{""score"": null, ""liquidity_score"": null, ""breakout_distance_atr"": 0.6, ""freshness_score"": null}",ENTRY_CHECK,ASTER-USDT-SWAP,blacklist,momentum chase blocked after 3 same-side candles,rejected,2026-03-27 03:09:23,
False,нет свежего пробоя Donchian на последней закрытой свече,False,"{""score"": null, ""liquidity_score"": null, ""breakout_distance_atr"": null, ""freshness_score"": null}",ENTRY_CHECK,AUCTION-USDT-SWAP,no_fresh_breakout,нет свежего пробоя Donchian на последней закрытой свече,rejected,2026-03-27 03:09:26,
False,закрытие не удержалось выше канала,False,"{""score"": null, ""liquidity_score"": null, ""breakout_distance_atr"": null, ""freshness_score"": null}",ENTRY_CHECK,BCH-USDT-SWAP,закрытие_не_удержалось_выше_канала,закрытие не удержалось выше канала,rejected,2026-03-27 03:09:32,
False,нет свежего пробоя Donchian на последней закрытой свече,False,"{""score"": null, ""liquidity_score"": null, ""breakout_distance_atr"": null, ""freshness_score"": null}",ENTRY_CHECK,BTC-USDT-SWAP,no_fresh_breakout,нет свежего пробоя Donchian на последней закрытой свече,rejected,2026-03-27 03:09:35,
False,нет свежего пробоя Donchian на последней закрытой свече,False,"{""score"": null, ""liquidity_score"": null, ""breakout_distance_atr"": null, ""freshness_score"": null}",ENTRY_CHECK,COMP-USDT-SWAP,no_fresh_breakout,нет свежего пробоя Donchian на последней закрытой свече,rejected,2026-03-27 03:09:37,
False,нет свежего пробоя Donchian на последней закрытой свече,False,"{""score"": null, ""liquidity_score"": null, ""breakout_distance_atr"": null, ""freshness_score"": null}",ENTRY_CHECK,FIL-USDT-SWAP,no_fresh_breakout,нет свежего пробоя Donchian на последней закрытой свече,rejected,2026-03-27 03:09:49,
False,закрытие не удержалось выше канала,False,"{""score"": null, ""liquidity_score"": null, ""breakout_distance_atr"": null, ""freshness_score"": null}",ENTRY_CHECK,KSM-USDT-SWAP,закрытие_не_удержалось_выше_канала,закрытие не удержалось выше канала,rejected,2026-03-27 03:10:04,
False,нет свежего пробоя Donchian на последней закрытой свече,False,"{""score"": null, ""liquidity_score"": null, ""breakout_distance_atr"": null, ""freshness_score"": null}",ENTRY_CHECK,LDO-USDT-SWAP,no_fresh_breakout,нет свежего пробоя Donchian на последней закрытой свече,rejected,2026-03-27 03:10:06,
False,нет свежего пробоя Donchian на последней закрытой свече,False,"{""score"": null, ""liquidity_score"": null, ""breakout_distance_atr"": null, ""freshness_score"": null}",ENTRY_CHECK,LIT-USDT-SWAP,no_fresh_breakout,нет свежего пробоя Donchian на последней закрытой свече,rejected,2026-03-27 03:10:10,
False,нет свежего пробоя Donchian на последней закрытой свече,False,"{""score"": null, ""liquidity_score"": null, ""breakout_distance_atr"": null, ""freshness_score"": null}",ENTRY_CHECK,LQTY-USDT-SWAP,no_fresh_breakout,нет свежего пробоя Donchian на последней закрытой свече,rejected,2026-03-27 03:10:11,
False,нет свежего пробоя Donchian на последней закрытой свече,False,"{""score"": null, ""liquidity_score"": null, ""breakout_distance_atr"": null, ""freshness_score"": null}",ENTRY_CHECK,LRC-USDT-SWAP,no_fresh_breakout,нет свежего пробоя Donchian на последней закрытой свече,rejected,2026-03-27 03:10:12,
False,нет свежего пробоя Donchian на последней закрытой свече,False,"{""score"": null, ""liquidity_score"": null, ""breakout_distance_atr"": null, ""freshness_score"": null}",ENTRY_CHECK,SYRUP-USDT-SWAP,no_fresh_breakout,нет свежего пробоя Donchian на последней закрытой свече,rejected,2026-03-27 03:10:46,
False,нет свежего пробоя Donchian на последней закрытой свече,False,"{""score"": null, ""liquidity_score"": null, ""breakout_distance_atr"": null, ""freshness_score"": null}",ENTRY_CHECK,TON-USDT-SWAP,no_fresh_breakout,нет свежего пробоя Donchian на последней закрытой свече,rejected,2026-03-27 03:10:48,
False,нет свежего пробоя Donchian на последней закрытой свече,False,"{""score"": null, ""liquidity_score"": null, ""breakout_distance_atr"": null, ""freshness_score"": null}",ENTRY_CHECK,XAG-USDT-SWAP,no_fresh_breakout,нет свежего пробоя Donchian на последней закрытой свече,rejected,2026-03-27 03:10:55,
False,нет свежего пробоя Donchian на последней закрытой свече,False,"{""score"": null, ""liquidity_score"": null, ""breakout_distance_atr"": null, ""freshness_score"": null}",ENTRY_CHECK,XRP-USDT-SWAP,no_fresh_breakout,нет свежего пробоя Donchian на последней закрытой свече,rejected,2026-03-27 03:10:59,
False,classic_turtle_breakout_short,True,"{""score"": null, ""liquidity_score"": 19.2298, ""breakout_distance_atr"": 0.2273, ""freshness_score"": 0.2373}",ENTRY_RANK,ADA-USDT-SWAP,classic_turtle_breakout_short,classic_turtle_breakout_short,ranked_candidate,2026-03-27 03:11:09,
False,entry_failed,False,"{""score"": null, ""liquidity_score"": null, ""breakout_distance_atr"": null, ""freshness_score"": null}",ENTRY_EXECUTION,ADA-USDT-SWAP,unknown,,entry_failed,2026-03-27 03:11:09,
True,ATR stop update,True,"{""price"": 0.2207, ""prev_stop_price"": 0.21739999999999998, ""stop_price"": 0.21725999999999998, ""peak_unrealized_pnl"": 0.0}",STOP_MOVE_CHECK,CRV-USDT-SWAP,unknown,ATR stop update,TRAIL_UPDATE,2026-03-27 03:11:38,20260326_235556_CRV-USDT-SWAP_short
True,TURTLE stop update,True,"{""price"": 0.0359, ""prev_stop_price"": 0.0349, ""stop_price"": 0.0351, ""peak_unrealized_pnl"": 403.0499999995401}",STOP_MOVE_CHECK,YGG-USDT-SWAP,unknown,TURTLE stop update,TRAIL_UPDATE,2026-03-27 03:12:33,20260327_014759_YGG-USDT-SWAP_long
True,Новый пик open PnL,True,"{""price"": 0.036, ""prev_stop_price"": null, ""stop_price"": 0.0351, ""peak_unrealized_pnl"": 403.0499999995401}",EXIT_CHECK,YGG-USDT-SWAP,unknown,Новый пик open PnL,PEAK_PNL,2026-03-27 03:12:33,20260327_014759_YGG-USDT-SWAP_long
False,нет свежего пробоя Donchian на последней закрытой свече,False,"{""score"": null, ""liquidity_score"": null, ""breakout_distance_atr"": null, ""freshness_score"": null}",ENTRY_CHECK,1INCH-USDT-SWAP,no_fresh_breakout,нет свежего пробоя Donchian на последней закрытой свече,rejected,2026-03-27 03:13:23,
False,нет свежего пробоя Donchian на последней закрытой свече,False,"{""score"": null, ""liquidity_score"": null, ""breakout_distance_atr"": null, ""freshness_score"": null}",ENTRY_CHECK,ADA-USDT-SWAP,no_fresh_breakout,нет свежего пробоя Donchian на последней закрытой свече,rejected,2026-03-27 03:13:30,
False,нет свежего пробоя Donchian на последней закрытой свече,False,"{""score"": null, ""liquidity_score"": null, ""breakout_distance_atr"": null, ""freshness_score"": null}",ENTRY_CHECK,ASTER-USDT-SWAP,no_fresh_breakout,нет свежего пробоя Donchian на последней закрытой свече,rejected,2026-03-27 03:13:40,
False,нет свежего пробоя Donchian на последней закрытой свече,False,"{""score"": null, ""liquidity_score"": null, ""breakout_distance_atr"": null, ""freshness_score"": null}",ENTRY_CHECK,AUCTION-USDT-SWAP,no_fresh_breakout,нет свежего пробоя Donchian на последней закрытой свече,rejected,2026-03-27 03:13:43,
False,нет свежего пробоя Donchian на последней закрытой свече,False,"{""score"": null, ""liquidity_score"": null, ""breakout_distance_atr"": null, ""freshness_score"": null}",ENTRY_CHECK,BCH-USDT-SWAP,no_fresh_breakout,нет свежего пробоя Donchian на последней закрытой свече,rejected,2026-03-27 03:13:48,
False,нет свежего пробоя Donchian на последней закрытой свече,False,"{""score"": null, ""liquidity_score"": null, ""breakout_distance_atr"": null, ""freshness_score"": null}",ENTRY_CHECK,BTC-USDT-SWAP,no_fresh_breakout,нет свежего пробоя Donchian на последней закрытой свече,rejected,2026-03-27 03:13:57,
False,закрытие не удержалось выше канала,False,"{""score"": null, ""liquidity_score"": null, ""breakout_distance_atr"": null, ""freshness_score"": null}",ENTRY_CHECK,FIL-USDT-SWAP,закрытие_не_удержалось_выше_канала,закрытие не удержалось выше канала,rejected,2026-03-27 03:14:09,
False,нет свежего пробоя Donchian на последней закрытой свече,False,"{""score"": null, ""liquidity_score"": null, ""breakout_distance_atr"": null, ""freshness_score"": null}",ENTRY_CHECK,KAITO-USDT-SWAP,no_fresh_breakout,нет свежего пробоя Donchian на последней закрытой свече,rejected,2026-03-27 03:14:25,
False,закрытие не удержалось выше канала,False,"{""score"": null, ""liquidity_score"": null, ""breakout_distance_atr"": null, ""freshness_score"": null}",ENTRY_CHECK,KSM-USDT-SWAP,закрытие_не_удержалось_выше_канала,закрытие не удержалось выше канала,rejected,2026-03-27 03:14:27,
False,нет свежего пробоя Donchian на последней закрытой свече,False,"{""score"": null, ""liquidity_score"": null, ""breakout_distance_atr"": null, ""freshness_score"": null}",ENTRY_CHECK,LDO-USDT-SWAP,no_fresh_breakout,нет свежего пробоя Donchian на последней закрытой свече,rejected,2026-03-27 03:14:29,
False,нет свежего пробоя Donchian на последней закрытой свече,False,"{""score"": null, ""liquidity_score"": null, ""breakout_distance_atr"": null, ""freshness_score"": null}",ENTRY_CHECK,LQTY-USDT-SWAP,no_fresh_breakout,нет свежего пробоя Donchian на последней закрытой свече,rejected,2026-03-27 03:14:34,
False,нет свежего пробоя Donchian на последней закрытой свече,False,"{""score"": null, ""liquidity_score"": null, ""breakout_distance_atr"": null, ""freshness_score"": null}",ENTRY_CHECK,LRC-USDT-SWAP,no_fresh_breakout,нет свежего пробоя Donchian на последней закрытой свече,rejected,2026-03-27 03:14:36,
False,нет свежего пробоя Donchian на последней закрытой свече,False,"{""score"": null, ""liquidity_score"": null, ""breakout_distance_atr"": null, ""freshness_score"": null}",ENTRY_CHECK,SYRUP-USDT-SWAP,no_fresh_breakout,нет свежего пробоя Donchian на последней закрытой свече,rejected,2026-03-27 03:15:08,
False,нет свежего пробоя Donchian на последней закрытой свече,False,"{""score"": null, ""liquidity_score"": null, ""breakout_distance_atr"": null, ""freshness_score"": null}",ENTRY_CHECK,TON-USDT-SWAP,no_fresh_breakout,нет свежего пробоя Donchian на последней закрытой свече,rejected,2026-03-27 03:15:11,
False,нет свежего пробоя Donchian на последней закрытой свече,False,"{""score"": null, ""liquidity_score"": null, ""breakout_distance_atr"": null, ""freshness_score"": null}",ENTRY_CHECK,XAG-USDT-SWAP,no_fresh_breakout,нет свежего пробоя Donchian на последней закрытой свече,rejected,2026-03-27 03:15:17,
False,нет свежего пробоя Donchian на последней закрытой свече,False,"{""score"": null, ""liquidity_score"": null, ""breakout_distance_atr"": null, ""freshness_score"": null}",ENTRY_CHECK,XRP-USDT-SWAP,no_fresh_breakout,нет свежего пробоя Donchian на последней закрытой свече,rejected,2026-03-27 03:15:21,
True,ATR stop update,True,"{""price"": 0.2208, ""prev_stop_price"": 0.21725999999999998, ""stop_price"": 0.21722999999999998, ""peak_unrealized_pnl"": 0.0}",STOP_MOVE_CHECK,CRV-USDT-SWAP,unknown,ATR stop update,TRAIL_UPDATE,2026-03-27 03:16:00,20260326_235556_CRV-USDT-SWAP_short
True,ATR stop update,True,"{""price"": 86.71, ""prev_stop_price"": 85.899, ""stop_price"": 85.875, ""peak_unrealized_pnl"": 0.0}",STOP_MOVE_CHECK,SOL-USDT-SWAP,unknown,ATR stop update,TRAIL_UPDATE,2026-03-27 03:16:10,20260326_235556_SOL-USDT-SWAP_short
True,ATR stop update,True,"{""price"": 2.957, ""prev_stop_price"": 2.92814699045247, ""stop_price"": 2.92784699045247, ""peak_unrealized_pnl"": 0.0}",STOP_MOVE_CHECK,INJ-USDT-SWAP,unknown,ATR stop update,TRAIL_UPDATE,2026-03-27 03:16:21,20260326_235556_INJ-USDT-SWAP_short
True,ATR stop update,True,"{""price"": 1.314, ""prev_stop_price"": 1.3142, ""stop_price"": 1.3150000000000002, ""peak_unrealized_pnl"": 0.0}",STOP_MOVE_CHECK,DOT-USDT-SWAP,unknown,ATR stop update,TRAIL_UPDATE,2026-03-27 03:16:50,20260327_004300_DOT-USDT-SWAP_long
True,TURTLE stop update,True,"{""price"": 0.036, ""prev_stop_price"": 0.0351, ""stop_price"": 0.0355, ""peak_unrealized_pnl"": 433.27079999954094}",STOP_MOVE_CHECK,YGG-USDT-SWAP,unknown,TURTLE stop update,TRAIL_UPDATE,2026-03-27 03:17:01,20260327_014759_YGG-USDT-SWAP_long
False,нет свежего пробоя Donchian на последней закрытой свече,False,"{""score"": null, ""liquidity_score"": null, ""breakout_distance_atr"": null, ""freshness_score"": null}",ENTRY_CHECK,1INCH-USDT-SWAP,no_fresh_breakout,нет свежего пробоя Donchian на последней закрытой свече,rejected,2026-03-27 03:17:51,
False,нет свежего пробоя Donchian на последней закрытой свече,False,"{""score"": null, ""liquidity_score"": null, ""breakout_distance_atr"": null, ""freshness_score"": null}",ENTRY_CHECK,ADA-USDT-SWAP,no_fresh_breakout,нет свежего пробоя Donchian на последней закрытой свече,rejected,2026-03-27 03:17:58,
False,нет свежего пробоя Donchian на последней закрытой свече,False,"{""score"": null, ""liquidity_score"": null, ""breakout_distance_atr"": null, ""freshness_score"": null}",ENTRY_CHECK,ARB-USDT-SWAP,no_fresh_breakout,нет свежего пробоя Donchian на последней закрытой свече,rejected,2026-03-27 03:18:03,
False,нет свежего пробоя Donchian на последней закрытой свече,False,"{""score"": null, ""liquidity_score"": null, ""breakout_distance_atr"": null, ""freshness_score"": null}",ENTRY_CHECK,AUCTION-USDT-SWAP,no_fresh_breakout,нет свежего пробоя Donchian на последней закрытой свече,rejected,2026-03-27 03:18:08,
False,закрытие не удержалось выше канала,False,"{""score"": null, ""liquidity_score"": null, ""breakout_distance_atr"": null, ""freshness_score"": null}",ENTRY_CHECK,BTC-USDT-SWAP,закрытие_не_удержалось_выше_канала,закрытие не удержалось выше канала,rejected,2026-03-27 03:18:22,
False,нет свежего пробоя Donchian на последней закрытой свече,False,"{""score"": null, ""liquidity_score"": null, ""breakout_distance_atr"": null, ""freshness_score"": null}",ENTRY_CHECK,COMP-USDT-SWAP,no_fresh_breakout,нет свежего пробоя Donchian на последней закрытой свече,rejected,2026-03-27 03:18:33,
False,нет свежего пробоя Donchian на последней закрытой свече,False,"{""score"": null, ""liquidity_score"": null, ""breakout_distance_atr"": null, ""freshness_score"": null}",ENTRY_CHECK,FIL-USDT-SWAP,no_fresh_breakout,нет свежего пробоя Donchian на последней закрытой свече,rejected,2026-03-27 03:18:42,
False,нет свежего пробоя Donchian на последней закрытой свече,False,"{""score"": null, ""liquidity_score"": null, ""breakout_distance_atr"": null, ""freshness_score"": null}",ENTRY_CHECK,KAITO-USDT-SWAP,no_fresh_breakout,нет свежего пробоя Donchian на последней закрытой свече,rejected,2026-03-27 03:18:46,
False,нет свежего пробоя Donchian на последней закрытой свече,False,"{""score"": null, ""liquidity_score"": null, ""breakout_distance_atr"": null, ""freshness_score"": null}",ENTRY_CHECK,KSM-USDT-SWAP,no_fresh_breakout,нет свежего пробоя Donchian на последней закрытой свече,rejected,2026-03-27 03:18:48,
False,нет свежего пробоя Donchian на последней закрытой свече,False,"{""score"": null, ""liquidity_score"": null, ""breakout_distance_atr"": null, ""freshness_score"": null}",ENTRY_CHECK,LDO-USDT-SWAP,no_fresh_breakout,нет свежего пробоя Donchian на последней закрытой свече,rejected,2026-03-27 03:18:49,
False,нет свежего пробоя Donchian на последней закрытой свече,False,"{""score"": null, ""liquidity_score"": null, ""breakout_distance_atr"": null, ""freshness_score"": null}",ENTRY_CHECK,LQTY-USDT-SWAP,no_fresh_breakout,нет свежего пробоя Donchian на последней закрытой свече,rejected,2026-03-27 03:18:54,
False,нет свежего пробоя Donchian на последней закрытой свече,False,"{""score"": null, ""liquidity_score"": null, ""breakout_distance_atr"": null, ""freshness_score"": null}",ENTRY_CHECK,LRC-USDT-SWAP,no_fresh_breakout,нет свежего пробоя Donchian на последней закрытой свече,rejected,2026-03-27 03:18:55,
False,нет свежего пробоя Donchian на последней закрытой свече,False,"{""score"": null, ""liquidity_score"": null, ""breakout_distance_atr"": null, ""freshness_score"": null}",ENTRY_CHECK,MINA-USDT-SWAP,no_fresh_breakout,нет свежего пробоя Donchian на последней закрытой свече,rejected,2026-03-27 03:19:04,
False,нет свежего пробоя Donchian на последней закрытой свече,False,"{""score"": null, ""liquidity_score"": null, ""breakout_distance_atr"": null, ""freshness_score"": null}",ENTRY_CHECK,SYRUP-USDT-SWAP,no_fresh_breakout,нет свежего пробоя Donchian на последней закрытой свече,rejected,2026-03-27 03:19:29,
False,нет свежего пробоя Donchian на последней закрытой свече,False,"{""score"": null, ""liquidity_score"": null, ""breakout_distance_atr"": null, ""freshness_score"": null}",ENTRY_CHECK,TON-USDT-SWAP,no_fresh_breakout,нет свежего пробоя Donchian на последней закрытой свече,rejected,2026-03-27 03:19:32,
False,ATR warmup: цена или ATR недоступны после прогрева,False,"{""score"": null, ""liquidity_score"": null, ""breakout_distance_atr"": null, ""freshness_score"": null}",ENTRY_CHECK,TSLA-USDT-SWAP,atr_warmup:_цена_или_atr_недоступны_после_прогрева,ATR warmup: цена или ATR недоступны после прогрева,rejected,2026-03-27 03:19:36,
False,нет свежего пробоя Donchian на последней закрытой свече,False,"{""score"": null, ""liquidity_score"": null, ""breakout_distance_atr"": null, ""freshness_score"": null}",ENTRY_CHECK,XAG-USDT-SWAP,no_fresh_breakout,нет свежего пробоя Donchian на последней закрытой свече,rejected,2026-03-27 03:19:38,
False,нет свежего пробоя Donchian на последней закрытой свече,False,"{""score"": null, ""liquidity_score"": null, ""breakout_distance_atr"": null, ""freshness_score"": null}",ENTRY_CHECK,XRP-USDT-SWAP,no_fresh_breakout,нет свежего пробоя Donchian на последней закрытой свече,rejected,2026-03-27 03:19:42,
False,нет свежего пробоя Donchian на последней закрытой свече,False,"{""score"": null, ""liquidity_score"": null, ""breakout_distance_atr"": null, ""freshness_score"": null}",ENTRY_CHECK,1INCH-USDT-SWAP,no_fresh_breakout,нет свежего пробоя Donchian на последней закрытой свече,rejected,2026-03-27 03:22:00,
False,нет свежего пробоя Donchian на последней закрытой свече,False,"{""score"": null, ""liquidity_score"": null, ""breakout_distance_atr"": null, ""freshness_score"": null}",ENTRY_CHECK,ADA-USDT-SWAP,no_fresh_breakout,нет свежего пробоя Donchian на последней закрытой свече,rejected,2026-03-27 03:22:07,
False,нет свежего пробоя Donchian на последней закрытой свече,False,"{""score"": null, ""liquidity_score"": null, ""breakout_distance_atr"": null, ""freshness_score"": null}",ENTRY_CHECK,ASTER-USDT-SWAP,no_fresh_breakout,нет свежего пробоя Donchian на последней закрытой свече,rejected,2026-03-27 03:22:16,
False,нет свежего пробоя Donchian на последней закрытой свече,False,"{""score"": null, ""liquidity_score"": null, ""breakout_distance_atr"": null, ""freshness_score"": null}",ENTRY_CHECK,AUCTION-USDT-SWAP,no_fresh_breakout,нет свежего пробоя Donchian на последней закрытой свече,rejected,2026-03-27 03:22:19,
False,нет свежего пробоя Donchian на последней закрытой свече,False,"{""score"": null, ""liquidity_score"": null, ""breakout_distance_atr"": null, ""freshness_score"": null}",ENTRY_CHECK,BOME-USDT-SWAP,no_fresh_breakout,нет свежего пробоя Donchian на последней закрытой свече,rejected,2026-03-27 03:22:32,
False,нет свежего пробоя Donchian на последней закрытой свече,False,"{""score"": null, ""liquidity_score"": null, ""breakout_distance_atr"": null, ""freshness_score"": null}",ENTRY_CHECK,COMP-USDT-SWAP,no_fresh_breakout,нет свежего пробоя Donchian на последней закрытой свече,rejected,2026-03-27 03:22:44,
False,нет свежего пробоя Donchian на последней закрытой свече,False,"{""score"": null, ""liquidity_score"": null, ""breakout_distance_atr"": null, ""freshness_score"": null}",ENTRY_CHECK,FIL-USDT-SWAP,no_fresh_breakout,нет свежего пробоя Donchian на последней закрытой свече,rejected,2026-03-27 03:22:56,
False,нет свежего пробоя Donchian на последней закрытой свече,False,"{""score"": null, ""liquidity_score"": null, ""breakout_distance_atr"": null, ""freshness_score"": null}",ENTRY_CHECK,KSM-USDT-SWAP,no_fresh_breakout,нет свежего пробоя Donchian на последней закрытой свече,rejected,2026-03-27 03:23:06,
False,нет свежего пробоя Donchian на последней закрытой свече,False,"{""score"": null, ""liquidity_score"": null, ""breakout_distance_atr"": null, ""freshness_score"": null}",ENTRY_CHECK,LDO-USDT-SWAP,no_fresh_breakout,нет свежего пробоя Donchian на последней закрытой свече,rejected,2026-03-27 03:23:07,
False,нет свежего пробоя Donchian на последней закрытой свече,False,"{""score"": null, ""liquidity_score"": null, ""breakout_distance_atr"": null, ""freshness_score"": null}",ENTRY_CHECK,LRC-USDT-SWAP,no_fresh_breakout,нет свежего пробоя Donchian на последней закрытой свече,rejected,2026-03-27 03:23:09,
False,ATR warmup: цена или ATR недоступны после прогрева,False,"{""score"": null, ""liquidity_score"": null, ""breakout_distance_atr"": null, ""freshness_score"": null}",ENTRY_CHECK,MET-USDT-SWAP,atr_warmup:_цена_или_atr_недоступны_после_прогрева,ATR warmup: цена или ATR недоступны после прогрева,rejected,2026-03-27 03:23:18,
False,нет свежего пробоя Donchian на последней закрытой свече,False,"{""score"": null, ""liquidity_score"": null, ""breakout_distance_atr"": null, ""freshness_score"": null}",ENTRY_CHECK,MINA-USDT-SWAP,no_fresh_breakout,нет свежего пробоя Donchian на последней закрытой свече,rejected,2026-03-27 03:23:19,
False,закрытие не удержалось ниже канала,False,"{""score"": null, ""liquidity_score"": null, ""breakout_distance_atr"": null, ""freshness_score"": null}",ENTRY_CHECK,TON-USDT-SWAP,закрытие_не_удержалось_ниже_канала,закрытие не удержалось ниже канала,rejected,2026-03-27 03:23:46,
False,закрытие не удержалось ниже канала,False,"{""score"": null, ""liquidity_score"": null, ""breakout_distance_atr"": null, ""freshness_score"": null}",ENTRY_CHECK,TON-USDT-SWAP,закрытие_не_удержалось_ниже_канала,закрытие не удержалось ниже канала,rejected,2026-03-27 03:23:46,
False,ATR warmup: цена или ATR недоступны после прогрева,False,"{""score"": null, ""liquidity_score"": null, ""breakout_distance_atr"": null, ""freshness_score"": null}",ENTRY_CHECK,TSLA-USDT-SWAP,atr_warmup:_цена_или_atr_недоступны_после_прогрева,ATR warmup: цена или ATR недоступны после прогрева,rejected,2026-03-27 03:23:49,
False,нет свежего пробоя Donchian на последней закрытой свече,False,"{""score"": null, ""liquidity_score"": null, ""breakout_distance_atr"": null, ""freshness_score"": null}",ENTRY_CHECK,XAG-USDT-SWAP,no_fresh_breakout,нет свежего пробоя Donchian на последней закрытой свече,rejected,2026-03-27 03:23:51,
False,закрытие не удержалось выше канала,False,"{""score"": null, ""liquidity_score"": null, ""breakout_distance_atr"": null, ""freshness_score"": null}",ENTRY_CHECK,XRP-USDT-SWAP,закрытие_не_удержалось_выше_канала,закрытие не удержалось выше канала,rejected,2026-03-27 03:23:56,
False,закрытие не удержалось выше канала,False,"{""score"": null, ""liquidity_score"": null, ""breakout_distance_atr"": null, ""freshness_score"": null}",ENTRY_CHECK,XRP-USDT-SWAP,закрытие_не_удержалось_выше_канала,закрытие не удержалось выше канала,rejected,2026-03-27 03:23:56,
False,нет свежего пробоя Donchian на последней закрытой свече,False,"{""score"": null, ""liquidity_score"": null, ""breakout_distance_atr"": null, ""freshness_score"": null}",ENTRY_CHECK,YFI-USDT-SWAP,no_fresh_breakout,нет свежего пробоя Donchian на последней закрытой свече,rejected,2026-03-27 03:24:02,
True,ATR stop update,True,"{""price"": 1.314, ""prev_stop_price"": 1.3150000000000002, ""stop_price"": 1.3162, ""peak_unrealized_pnl"": 0.0}",STOP_MOVE_CHECK,DOT-USDT-SWAP,unknown,ATR stop update,TRAIL_UPDATE,2026-03-27 03:25:20,20260327_004300_DOT-USDT-SWAP_long
False,нет свежего пробоя Donchian на последней закрытой свече,False,"{""score"": null, ""liquidity_score"": null, ""breakout_distance_atr"": null, ""freshness_score"": null}",ENTRY_CHECK,1INCH-USDT-SWAP,no_fresh_breakout,нет свежего пробоя Donchian на последней закрытой свече,rejected,2026-03-27 03:26:18,
False,нет свежего пробоя Donchian на последней закрытой свече,False,"{""score"": null, ""liquidity_score"": null, ""breakout_distance_atr"": null, ""freshness_score"": null}",ENTRY_CHECK,AAVE-USDT-SWAP,no_fresh_breakout,нет свежего пробоя Donchian на последней закрытой свече,rejected,2026-03-27 03:26:22,
False,нет свежего пробоя Donchian на последней закрытой свече,False,"{""score"": null, ""liquidity_score"": null, ""breakout_distance_atr"": null, ""freshness_score"": null}",ENTRY_CHECK,ASTER-USDT-SWAP,no_fresh_breakout,нет свежего пробоя Donchian на последней закрытой свече,rejected,2026-03-27 03:26:35,
False,нет свежего пробоя Donchian на последней закрытой свече,False,"{""score"": null, ""liquidity_score"": null, ""breakout_distance_atr"": null, ""freshness_score"": null}",ENTRY_CHECK,AUCTION-USDT-SWAP,no_fresh_breakout,нет свежего пробоя Donchian на последней закрытой свече,rejected,2026-03-27 03:26:38,
False,нет свежего пробоя Donchian на последней закрытой свече,False,"{""score"": null, ""liquidity_score"": null, ""breakout_distance_atr"": null, ""freshness_score"": null}",ENTRY_CHECK,BCH-USDT-SWAP,no_fresh_breakout,нет свежего пробоя Donchian на последней закрытой свече,rejected,2026-03-27 03:26:44,
False,нет свежего пробоя Donchian на последней закрытой свече,False,"{""score"": null, ""liquidity_score"": null, ""breakout_distance_atr"": null, ""freshness_score"": null}",ENTRY_CHECK,BOME-USDT-SWAP,no_fresh_breakout,нет свежего пробоя Donchian на последней закрытой свече,rejected,2026-03-27 03:26:50,
False,нет свежего пробоя Donchian на последней закрытой свече,False,"{""score"": null, ""liquidity_score"": null, ""breakout_distance_atr"": null, ""freshness_score"": null}",ENTRY_CHECK,BTC-USDT-SWAP,no_fresh_breakout,нет свежего пробоя Donchian на последней закрытой свече,rejected,2026-03-27 03:26:52,
False,нет свежего пробоя Donchian на последней закрытой свече,False,"{""score"": null, ""liquidity_score"": null, ""breakout_distance_atr"": null, ""freshness_score"": null}",ENTRY_CHECK,COMP-USDT-SWAP,no_fresh_breakout,нет свежего пробоя Donchian на последней закрытой свече,rejected,2026-03-27 03:27:03,
False,нет свежего пробоя Donchian на последней закрытой свече,False,"{""score"": null, ""liquidity_score"": null, ""breakout_distance_atr"": null, ""freshness_score"": null}",ENTRY_CHECK,FIL-USDT-SWAP,no_fresh_breakout,нет свежего пробоя Donchian на последней закрытой свече,rejected,2026-03-27 03:27:13,
False,нет свежего пробоя Donchian на последней закрытой свече,False,"{""score"": null, ""liquidity_score"": null, ""breakout_distance_atr"": null, ""freshness_score"": null}",ENTRY_CHECK,KAITO-USDT-SWAP,no_fresh_breakout,нет свежего пробоя Donchian на последней закрытой свече,rejected,2026-03-27 03:27:29,
False,нет свежего пробоя Donchian на последней закрытой свече,False,"{""score"": null, ""liquidity_score"": null, ""breakout_distance_atr"": null, ""freshness_score"": null}",ENTRY_CHECK,KSM-USDT-SWAP,no_fresh_breakout,нет свежего пробоя Donchian на последней закрытой свече,rejected,2026-03-27 03:27:31,
False,нет свежего пробоя Donchian на последней закрытой свече,False,"{""score"": null, ""liquidity_score"": null, ""breakout_distance_atr"": null, ""freshness_score"": null}",ENTRY_CHECK,LDO-USDT-SWAP,no_fresh_breakout,нет свежего пробоя Donchian на последней закрытой свече,rejected,2026-03-27 03:27:32,
False,нет свежего пробоя Donchian на последней закрытой свече,False,"{""score"": null, ""liquidity_score"": null, ""breakout_distance_atr"": null, ""freshness_score"": null}",ENTRY_CHECK,LIT-USDT-SWAP,no_fresh_breakout,нет свежего пробоя Donchian на последней закрытой свече,rejected,2026-03-27 03:27:37,
False,нет свежего пробоя Donchian на последней закрытой свече,False,"{""score"": null, ""liquidity_score"": null, ""breakout_distance_atr"": null, ""freshness_score"": null}",ENTRY_CHECK,LRC-USDT-SWAP,no_fresh_breakout,нет свежего пробоя Donchian на последней закрытой свече,rejected,2026-03-27 03:27:39,
False,ATR warmup: цена или ATR недоступны после прогрева,False,"{""score"": null, ""liquidity_score"": null, ""breakout_distance_atr"": null, ""freshness_score"": null}",ENTRY_CHECK,MET-USDT-SWAP,atr_warmup:_цена_или_atr_недоступны_после_прогрева,ATR warmup: цена или ATR недоступны после прогрева,rejected,2026-03-27 03:27:47,
False,нет свежего пробоя Donchian на последней закрытой свече,False,"{""score"": null, ""liquidity_score"": null, ""breakout_distance_atr"": null, ""freshness_score"": null}",ENTRY_CHECK,MINA-USDT-SWAP,no_fresh_breakout,нет свежего пробоя Donchian на последней закрытой свече,rejected,2026-03-27 03:27:48,
False,нет свежего пробоя Donchian на последней закрытой свече,False,"{""score"": null, ""liquidity_score"": null, ""breakout_distance_atr"": null, ""freshness_score"": null}",ENTRY_CHECK,SYRUP-USDT-SWAP,no_fresh_breakout,нет свежего пробоя Donchian на последней закрытой свече,rejected,2026-03-27 03:28:09,
False,ATR warmup: цена или ATR недоступны после прогрева,False,"{""score"": null, ""liquidity_score"": null, ""breakout_distance_atr"": null, ""freshness_score"": null}",ENTRY_CHECK,TSLA-USDT-SWAP,atr_warmup:_цена_или_atr_недоступны_после_прогрева,ATR warmup: цена или ATR недоступны после прогрева,rejected,2026-03-27 03:28:17,
False,classic_turtle_breakout_short,True,"{""score"": null, ""liquidity_score"": 5.2513, ""breakout_distance_atr"": 5.0549, ""freshness_score"": 5.0649}",ENTRY_CHECK,XAG-USDT-SWAP,classic_turtle_breakout_short,classic_turtle_breakout_short,candidate,2026-03-27 03:28:19,
False,нет свежего пробоя Donchian на последней закрытой свече,False,"{""score"": null, ""liquidity_score"": null, ""breakout_distance_atr"": null, ""freshness_score"": null}",ENTRY_CHECK,XRP-USDT-SWAP,no_fresh_breakout,нет свежего пробоя Donchian на последней закрытой свече,rejected,2026-03-27 03:28:23,
False,нет свежего пробоя Donchian на последней закрытой свече,False,"{""score"": null, ""liquidity_score"": null, ""breakout_distance_atr"": null, ""freshness_score"": null}",ENTRY_CHECK,YFI-USDT-SWAP,no_fresh_breakout,нет свежего пробоя Donchian на последней закрытой свече,rejected,2026-03-27 03:28:29,
False,classic_turtle_breakout_short,True,"{""score"": null, ""liquidity_score"": 5.2513, ""breakout_distance_atr"": 5.0549, ""freshness_score"": 5.0649}",ENTRY_RANK,XAG-USDT-SWAP,classic_turtle_breakout_short,classic_turtle_breakout_short,ranked_candidate,2026-03-27 03:28:33,
True,entry_sent,True,"{""score"": null, ""liquidity_score"": null, ""breakout_distance_atr"": 5.0549, ""freshness_score"": null}",ENTRY_EXECUTION,XAG-USDT-SWAP,unknown,,entry_sent,2026-03-27 03:28:35,
True,position_opened,True,"{""units"": null, ""last_price"": null, ""next_pyramid_price"": null, ""retry_after_sec"": null}",ENTRY_EXECUTION,XAG-USDT-SWAP,unknown,,position_opened,2026-03-27 03:28:35,20260327_032835_XAG-USDT-SWAP_short
True,ATR stop update,True,"{""price"": 1.2315, ""prev_stop_price"": 1.22859, ""stop_price"": 1.22978, ""peak_unrealized_pnl"": 3.0592000000000876}",STOP_MOVE_CHECK,NEAR-USDT-SWAP,unknown,ATR stop update,TRAIL_UPDATE,2026-03-27 03:29:41,20260327_002953_NEAR-USDT-SWAP_long
True,ATR stop update,True,"{""price"": 0.09185, ""prev_stop_price"": 0.09206, ""stop_price"": 0.09202500000000001, ""peak_unrealized_pnl"": 0.0}",STOP_MOVE_CHECK,DOGE-USDT-SWAP,unknown,ATR stop update,TRAIL_UPDATE,2026-03-27 03:30:17,20260327_021929_DOGE-USDT-SWAP_short
True,pyramid_added,True,"{""units"": 2, ""last_price"": null, ""next_pyramid_price"": 68.1786655629139, ""retry_after_sec"": null}",ADD_UNIT_CHECK,XAG-USDT-SWAP,unknown,,pyramid_added,2026-03-27 03:30:31,20260327_032835_XAG-USDT-SWAP_short
False,нет свежего пробоя Donchian на последней закрытой свече,False,"{""score"": null, ""liquidity_score"": null, ""breakout_distance_atr"": null, ""freshness_score"": null}",ENTRY_CHECK,1INCH-USDT-SWAP,no_fresh_breakout,нет свежего пробоя Donchian на последней закрытой свече,rejected,2026-03-27 03:30:54,
False,нет свежего пробоя Donchian на последней закрытой свече,False,"{""score"": null, ""liquidity_score"": null, ""breakout_distance_atr"": null, ""freshness_score"": null}",ENTRY_CHECK,AAVE-USDT-SWAP,no_fresh_breakout,нет свежего пробоя Donchian на последней закрытой свече,rejected,2026-03-27 03:30:59,
False,нет свежего пробоя Donchian на последней закрытой свече,False,"{""score"": null, ""liquidity_score"": null, ""breakout_distance_atr"": null, ""freshness_score"": null}",ENTRY_CHECK,ASTER-USDT-SWAP,no_fresh_breakout,нет свежего пробоя Donchian на последней закрытой свече,rejected,2026-03-27 03:31:09,
False,нет свежего пробоя Donchian на последней закрытой свече,False,"{""score"": null, ""liquidity_score"": null, ""breakout_distance_atr"": null, ""freshness_score"": null}",ENTRY_CHECK,BCH-USDT-SWAP,no_fresh_breakout,нет свежего пробоя Donchian на последней закрытой свече,rejected,2026-03-27 03:31:17,
False,закрытие не удержалось выше канала,False,"{""score"": null, ""liquidity_score"": null, ""breakout_distance_atr"": null, ""freshness_score"": null}",ENTRY_CHECK,BNB-USDT-SWAP,закрытие_не_удержалось_выше_канала,закрытие не удержалось выше канала,rejected,2026-03-27 03:31:22,
False,закрытие не удержалось выше канала,False,"{""score"": null, ""liquidity_score"": null, ""breakout_distance_atr"": null, ""freshness_score"": null}",ENTRY_CHECK,BNB-USDT-SWAP,закрытие_не_удержалось_выше_канала,закрытие не удержалось выше канала,rejected,2026-03-27 03:31:22,
False,нет свежего пробоя Donchian на последней закрытой свече,False,"{""score"": null, ""liquidity_score"": null, ""breakout_distance_atr"": null, ""freshness_score"": null}",ENTRY_CHECK,BOME-USDT-SWAP,no_fresh_breakout,нет свежего пробоя Donchian на последней закрытой свече,rejected,2026-03-27 03:31:24,
False,нет свежего пробоя Donchian на последней закрытой свече,False,"{""score"": null, ""liquidity_score"": null, ""breakout_distance_atr"": null, ""freshness_score"": null}",ENTRY_CHECK,BTC-USDT-SWAP,no_fresh_breakout,нет свежего пробоя Donchian на последней закрытой свече,rejected,2026-03-27 03:31:26,
False,нет свежего пробоя Donchian на последней закрытой свече,False,"{""score"": null, ""liquidity_score"": null, ""breakout_distance_atr"": null, ""freshness_score"": null}",ENTRY_CHECK,COMP-USDT-SWAP,no_fresh_breakout,нет свежего пробоя Donchian на последней закрытой свече,rejected,2026-03-27 03:31:37,
False,нет свежего пробоя Donchian на последней закрытой свече,False,"{""score"": null, ""liquidity_score"": null, ""breakout_distance_atr"": null, ""freshness_score"": null}",ENTRY_CHECK,ETC-USDT-SWAP,no_fresh_breakout,нет свежего пробоя Donchian на последней закрытой свече,rejected,2026-03-27 03:31:42,
False,нет свежего пробоя Donchian на последней закрытой свече,False,"{""score"": null, ""liquidity_score"": null, ""breakout_distance_atr"": null, ""freshness_score"": null}",ENTRY_CHECK,FIL-USDT-SWAP,no_fresh_breakout,нет свежего пробоя Donchian на последней закрытой свече,rejected,2026-03-27 03:31:48,
False,нет свежего пробоя Donchian на последней закрытой свече,False,"{""score"": null, ""liquidity_score"": null, ""breakout_distance_atr"": null, ""freshness_score"": null}",ENTRY_CHECK,KAITO-USDT-SWAP,no_fresh_breakout,нет свежего пробоя Donchian на последней закрытой свече,rejected,2026-03-27 03:32:04,
False,нет свежего пробоя Donchian на последней закрытой свече,False,"{""score"": null, ""liquidity_score"": null, ""breakout_distance_atr"": null, ""freshness_score"": null}",ENTRY_CHECK,KSM-USDT-SWAP,no_fresh_breakout,нет свежего пробоя Donchian на последней закрытой свече,rejected,2026-03-27 03:32:05,
False,нет свежего пробоя Donchian на последней закрытой свече,False,"{""score"": null, ""liquidity_score"": null, ""breakout_distance_atr"": null, ""freshness_score"": null}",ENTRY_CHECK,LDO-USDT-SWAP,no_fresh_breakout,нет свежего пробоя Donchian на последней закрытой свече,rejected,2026-03-27 03:32:06,
False,нет свежего пробоя Donchian на последней закрытой свече,False,"{""score"": null, ""liquidity_score"": null, ""breakout_distance_atr"": null, ""freshness_score"": null}",ENTRY_CHECK,LRC-USDT-SWAP,no_fresh_breakout,нет свежего пробоя Donchian на последней закрытой свече,rejected,2026-03-27 03:32:13,
False,ATR warmup: цена или ATR недоступны после прогрева,False,"{""score"": null, ""liquidity_score"": null, ""breakout_distance_atr"": null, ""freshness_score"": null}",ENTRY_CHECK,MET-USDT-SWAP,atr_warmup:_цена_или_atr_недоступны_после_прогрева,ATR warmup: цена или ATR недоступны после прогрева,rejected,2026-03-27 03:32:20,
False,нет свежего пробоя Donchian на последней закрытой свече,False,"{""score"": null, ""liquidity_score"": null, ""breakout_distance_atr"": null, ""freshness_score"": null}",ENTRY_CHECK,MINA-USDT-SWAP,no_fresh_breakout,нет свежего пробоя Donchian на последней закрытой свече,rejected,2026-03-27 03:32:21,
False,нет свежего пробоя Donchian на последней закрытой свече,False,"{""score"": null, ""liquidity_score"": null, ""breakout_distance_atr"": null, ""freshness_score"": null}",ENTRY_CHECK,TON-USDT-SWAP,no_fresh_breakout,нет свежего пробоя Donchian на последней закрытой свече,rejected,2026-03-27 03:32:49,
False,ATR warmup: цена или ATR недоступны после прогрева,False,"{""score"": null, ""liquidity_score"": null, ""breakout_distance_atr"": null, ""freshness_score"": null}",ENTRY_CHECK,TSLA-USDT-SWAP,atr_warmup:_цена_или_atr_недоступны_после_прогрева,ATR warmup: цена или ATR недоступны после прогрева,rejected,2026-03-27 03:32:53,
False,нет свежего пробоя Donchian на последней закрытой свече,False,"{""score"": null, ""liquidity_score"": null, ""breakout_distance_atr"": null, ""freshness_score"": null}",ENTRY_CHECK,XRP-USDT-SWAP,no_fresh_breakout,нет свежего пробоя Donchian на последней закрытой свече,rejected,2026-03-27 03:32:57,
False,нет свежего пробоя Donchian на последней закрытой свече,False,"{""score"": null, ""liquidity_score"": null, ""breakout_distance_atr"": null, ""freshness_score"": null}",ENTRY_CHECK,YFI-USDT-SWAP,no_fresh_breakout,нет свежего пробоя Donchian на последней закрытой свече,rejected,2026-03-27 03:33:03,
True,pyramid_added,True,"{""units"": 2, ""last_price"": null, ""next_pyramid_price"": 1.2315425, ""retry_after_sec"": null}",ADD_UNIT_CHECK,NEAR-USDT-SWAP,unknown,,pyramid_added,2026-03-27 03:34:11,20260327_002953_NEAR-USDT-SWAP_long
True,ATR stop update,True,"{""price"": 1.314, ""prev_stop_price"": 1.3162, ""stop_price"": 1.3173000000000001, ""peak_unrealized_pnl"": 0.0}",STOP_MOVE_CHECK,DOT-USDT-SWAP,unknown,ATR stop update,TRAIL_UPDATE,2026-03-27 03:34:25,20260327_004300_DOT-USDT-SWAP_long
False,нет свежего пробоя Donchian на последней закрытой свече,False,"{""score"": null, ""liquidity_score"": null, ""breakout_distance_atr"": null, ""freshness_score"": null}",ENTRY_CHECK,1INCH-USDT-SWAP,no_fresh_breakout,нет свежего пробоя Donchian на последней закрытой свече,rejected,2026-03-27 03:35:35,
False,нет свежего пробоя Donchian на последней закрытой свече,False,"{""score"": null, ""liquidity_score"": null, ""breakout_distance_atr"": null, ""freshness_score"": null}",ENTRY_CHECK,AAVE-USDT-SWAP,no_fresh_breakout,нет свежего пробоя Donchian на последней закрытой свече,rejected,2026-03-27 03:35:40,
False,нет свежего пробоя Donchian на последней закрытой свече,False,"{""score"": null, ""liquidity_score"": null, ""breakout_distance_atr"": null, ""freshness_score"": null}",ENTRY_CHECK,ALGO-USDT-SWAP,no_fresh_breakout,нет свежего пробоя Donchian на последней закрытой свече,rejected,2026-03-27 03:35:48,
False,нет свежего пробоя Donchian на последней закрытой свече,False,"{""score"": null, ""liquidity_score"": null, ""breakout_distance_atr"": null, ""freshness_score"": null}",ENTRY_CHECK,BCH-USDT-SWAP,no_fresh_breakout,нет свежего пробоя Donchian на последней закрытой свече,rejected,2026-03-27 03:36:01,
False,нет свежего пробоя Donchian на последней закрытой свече,False,"{""score"": null, ""liquidity_score"": null, ""breakout_distance_atr"": null, ""freshness_score"": null}",ENTRY_CHECK,BNB-USDT-SWAP,no_fresh_breakout,нет свежего пробоя Donchian на последней закрытой свече,rejected,2026-03-27 03:36:05,
False,нет свежего пробоя Donchian на последней закрытой свече,False,"{""score"": null, ""liquidity_score"": null, ""breakout_distance_atr"": null, ""freshness_score"": null}",ENTRY_CHECK,BOME-USDT-SWAP,no_fresh_breakout,нет свежего пробоя Donchian на последней закрытой свече,rejected,2026-03-27 03:36:06,
False,нет свежего пробоя Donchian на последней закрытой свече,False,"{""score"": null, ""liquidity_score"": null, ""breakout_distance_atr"": null, ""freshness_score"": null}",ENTRY_CHECK,BTC-USDT-SWAP,no_fresh_breakout,нет свежего пробоя Donchian на последней закрытой свече,rejected,2026-03-27 03:36:08,
False,нет свежего пробоя Donchian на последней закрытой свече,False,"{""score"": null, ""liquidity_score"": null, ""breakout_distance_atr"": null, ""freshness_score"": null}",ENTRY_CHECK,COMP-USDT-SWAP,no_fresh_breakout,нет свежего пробоя Donchian на последней закрытой свече,rejected,2026-03-27 03:36:19,
False,нет свежего пробоя Donchian на последней закрытой свече,False,"{""score"": null, ""liquidity_score"": null, ""breakout_distance_atr"": null, ""freshness_score"": null}",ENTRY_CHECK,ETC-USDT-SWAP,no_fresh_breakout,нет свежего пробоя Donchian на последней закрытой свече,rejected,2026-03-27 03:36:25,
False,закрытие не удержалось выше канала,False,"{""score"": null, ""liquidity_score"": null, ""breakout_distance_atr"": null, ""freshness_score"": null}",ENTRY_CHECK,FIL-USDT-SWAP,закрытие_не_удержалось_выше_канала,закрытие не удержалось выше канала,rejected,2026-03-27 03:36:31,
False,нет свежего пробоя Donchian на последней закрытой свече,False,"{""score"": null, ""liquidity_score"": null, ""breakout_distance_atr"": null, ""freshness_score"": null}",ENTRY_CHECK,KAITO-USDT-SWAP,no_fresh_breakout,нет свежего пробоя Donchian на последней закрытой свече,rejected,2026-03-27 03:36:49,
False,нет свежего пробоя Donchian на последней закрытой свече,False,"{""score"": null, ""liquidity_score"": null, ""breakout_distance_atr"": null, ""freshness_score"": null}",ENTRY_CHECK,KSM-USDT-SWAP,no_fresh_breakout,нет свежего пробоя Donchian на последней закрытой свече,rejected,2026-03-27 03:36:50,
False,нет свежего пробоя Donchian на последней закрытой свече,False,"{""score"": null, ""liquidity_score"": null, ""breakout_distance_atr"": null, ""freshness_score"": null}",ENTRY_CHECK,LDO-USDT-SWAP,no_fresh_breakout,нет свежего пробоя Donchian на последней закрытой свече,rejected,2026-03-27 03:36:52,
False,нет свежего пробоя Donchian на последней закрытой свече,False,"{""score"": null, ""liquidity_score"": null, ""breakout_distance_atr"": null, ""freshness_score"": null}",ENTRY_CHECK,LRC-USDT-SWAP,no_fresh_breakout,нет свежего пробоя Donchian на последней закрытой свече,rejected,2026-03-27 03:36:58,
False,ATR warmup: цена или ATR недоступны после прогрева,False,"{""score"": null, ""liquidity_score"": null, ""breakout_distance_atr"": null, ""freshness_score"": null}",ENTRY_CHECK,MET-USDT-SWAP,atr_warmup:_цена_или_atr_недоступны_после_прогрева,ATR warmup: цена или ATR недоступны после прогрева,rejected,2026-03-27 03:37:04,
False,закрытие не удержалось ниже канала,False,"{""score"": null, ""liquidity_score"": null, ""breakout_distance_atr"": null, ""freshness_score"": null}",ENTRY_CHECK,MINA-USDT-SWAP,закрытие_не_удержалось_ниже_канала,закрытие не удержалось ниже канала,rejected,2026-03-27 03:37:06,
False,нет свежего пробоя Donchian на последней закрытой свече,False,"{""score"": null, ""liquidity_score"": null, ""breakout_distance_atr"": null, ""freshness_score"": null}",ENTRY_CHECK,TON-USDT-SWAP,no_fresh_breakout,нет свежего пробоя Donchian на последней закрытой свече,rejected,2026-03-27 03:37:32,
False,нет свежего пробоя Donchian на последней закрытой свече,False,"{""score"": null, ""liquidity_score"": null, ""breakout_distance_atr"": null, ""freshness_score"": null}",ENTRY_CHECK,XRP-USDT-SWAP,no_fresh_breakout,нет свежего пробоя Donchian на последней закрытой свече,rejected,2026-03-27 03:37:40,
False,нет свежего пробоя Donchian на последней закрытой свече,False,"{""score"": null, ""liquidity_score"": null, ""breakout_distance_atr"": null, ""freshness_score"": null}",ENTRY_CHECK,YFI-USDT-SWAP,no_fresh_breakout,нет свежего пробоя Donchian на последней закрытой свече,rejected,2026-03-27 03:37:46,
True,pyramid_added,True,"{""units"": 3, ""last_price"": null, ""next_pyramid_price"": 1.2322199999999999, ""retry_after_sec"": null}",ADD_UNIT_CHECK,NEAR-USDT-SWAP,unknown,,pyramid_added,2026-03-27 03:38:50,20260327_002953_NEAR-USDT-SWAP_long
True,Синхронизация: позиция отсутствует на бирже,True,"{""units"": 1, ""last_price"": null, ""next_pyramid_price"": null, ""retry_after_sec"": null}",EXIT_CHECK,OP-USDT-SWAP,синхронизация:_позиция_отсутствует_на_бирже,Синхронизация: позиция отсутствует на бирже,position_closed,2026-03-27 03:39:38,20260327_022752_OP-USDT-SWAP_short
False,нет свежего пробоя Donchian на последней закрытой свече,False,"{""score"": null, ""liquidity_score"": null, ""breakout_distance_atr"": null, ""freshness_score"": null}",ENTRY_CHECK,1INCH-USDT-SWAP,no_fresh_breakout,нет свежего пробоя Donchian на последней закрытой свече,rejected,2026-03-27 03:40:05,
False,нет свежего пробоя Donchian на последней закрытой свече,False,"{""score"": null, ""liquidity_score"": null, ""breakout_distance_atr"": null, ""freshness_score"": null}",ENTRY_CHECK,AAVE-USDT-SWAP,no_fresh_breakout,нет свежего пробоя Donchian на последней закрытой свече,rejected,2026-03-27 03:40:09,
False,закрытие не удержалось ниже канала,False,"{""score"": null, ""liquidity_score"": null, ""breakout_distance_atr"": null, ""freshness_score"": null}",ENTRY_CHECK,ALGO-USDT-SWAP,закрытие_не_удержалось_ниже_канала,закрытие не удержалось ниже канала,rejected,2026-03-27 03:40:17,
False,закрытие не удержалось ниже канала,False,"{""score"": null, ""liquidity_score"": null, ""breakout_distance_atr"": null, ""freshness_score"": null}",ENTRY_CHECK,AUCTION-USDT-SWAP,закрытие_не_удержалось_ниже_канала,закрытие не удержалось ниже канала,rejected,2026-03-27 03:40:25,
False,нет свежего пробоя Donchian на последней закрытой свече,False,"{""score"": null, ""liquidity_score"": null, ""breakout_distance_atr"": null, ""freshness_score"": null}",ENTRY_CHECK,BCH-USDT-SWAP,no_fresh_breakout,нет свежего пробоя Donchian на последней закрытой свече,rejected,2026-03-27 03:40:31,
False,нет свежего пробоя Donchian на последней закрытой свече,False,"{""score"": null, ""liquidity_score"": null, ""breakout_distance_atr"": null, ""freshness_score"": null}",ENTRY_CHECK,BNB-USDT-SWAP,no_fresh_breakout,нет свежего пробоя Donchian на последней закрытой свече,rejected,2026-03-27 03:40:35,
False,нет свежего пробоя Donchian на последней закрытой свече,False,"{""score"": null, ""liquidity_score"": null, ""breakout_distance_atr"": null, ""freshness_score"": null}",ENTRY_CHECK,BOME-USDT-SWAP,no_fresh_breakout,нет свежего пробоя Donchian на последней закрытой свече,rejected,2026-03-27 03:40:37,
False,нет свежего пробоя Donchian на последней закрытой свече,False,"{""score"": null, ""liquidity_score"": null, ""breakout_distance_atr"": null, ""freshness_score"": null}",ENTRY_CHECK,COMP-USDT-SWAP,no_fresh_breakout,нет свежего пробоя Donchian на последней закрытой свече,rejected,2026-03-27 03:40:50,
False,нет свежего пробоя Donchian на последней закрытой свече,False,"{""score"": null, ""liquidity_score"": null, ""breakout_distance_atr"": null, ""freshness_score"": null}",ENTRY_CHECK,FIL-USDT-SWAP,no_fresh_breakout,нет свежего пробоя Donchian на последней закрытой свече,rejected,2026-03-27 03:41:00,
False,нет свежего пробоя Donchian на последней закрытой свече,False,"{""score"": null, ""liquidity_score"": null, ""breakout_distance_atr"": null, ""freshness_score"": null}",ENTRY_CHECK,KSM-USDT-SWAP,no_fresh_breakout,нет свежего пробоя Donchian на последней закрытой свече,rejected,2026-03-27 03:41:16,
False,нет свежего пробоя Donchian на последней закрытой свече,False,"{""score"": null, ""liquidity_score"": null, ""breakout_distance_atr"": null, ""freshness_score"": null}",ENTRY_CHECK,LDO-USDT-SWAP,no_fresh_breakout,нет свежего пробоя Donchian на последней закрытой свече,rejected,2026-03-27 03:41:17,
False,нет свежего пробоя Donchian на последней закрытой свече,False,"{""score"": null, ""liquidity_score"": null, ""breakout_distance_atr"": null, ""freshness_score"": null}",ENTRY_CHECK,LRC-USDT-SWAP,no_fresh_breakout,нет свежего пробоя Donchian на последней закрытой свече,rejected,2026-03-27 03:41:24,
False,нет свежего пробоя Donchian на последней закрытой свече,False,"{""score"": null, ""liquidity_score"": null, ""breakout_distance_atr"": null, ""freshness_score"": null}",ENTRY_CHECK,MINA-USDT-SWAP,no_fresh_breakout,нет свежего пробоя Donchian на последней закрытой свече,rejected,2026-03-27 03:41:32,
False,нет свежего пробоя Donchian на последней закрытой свече,False,"{""score"": null, ""liquidity_score"": null, ""breakout_distance_atr"": null, ""freshness_score"": null}",ENTRY_CHECK,SYRUP-USDT-SWAP,no_fresh_breakout,нет свежего пробоя Donchian на последней закрытой свече,rejected,2026-03-27 03:41:58,
False,нет свежего пробоя Donchian на последней закрытой свече,False,"{""score"": null, ""liquidity_score"": null, ""breakout_distance_atr"": null, ""freshness_score"": null}",ENTRY_CHECK,XRP-USDT-SWAP,no_fresh_breakout,нет свежего пробоя Donchian на последней закрытой свече,rejected,2026-03-27 03:42:08,
False,нет свежего пробоя Donchian на последней закрытой свече,False,"{""score"": null, ""liquidity_score"": null, ""breakout_distance_atr"": null, ""freshness_score"": null}",ENTRY_CHECK,YFI-USDT-SWAP,no_fresh_breakout,нет свежего пробоя Donchian на последней закрытой свече,rejected,2026-03-27 03:42:14,
True,ATR stop update,True,"{""price"": 1.314, ""prev_stop_price"": 1.3173000000000001, ""stop_price"": 1.3184, ""peak_unrealized_pnl"": 0.0}",STOP_MOVE_CHECK,DOT-USDT-SWAP,unknown,ATR stop update,TRAIL_UPDATE,2026-03-27 03:43:30,20260327_004300_DOT-USDT-SWAP_long
True,TURTLE stop update,True,"{""price"": 0.0358, ""prev_stop_price"": 0.0355, ""stop_price"": 0.0356, ""peak_unrealized_pnl"": 433.27079999954094}",STOP_MOVE_CHECK,YGG-USDT-SWAP,unknown,TURTLE stop update,TRAIL_UPDATE,2026-03-27 03:43:42,20260327_014759_YGG-USDT-SWAP_long
True,pyramid_added,True,"{""units"": 3, ""last_price"": null, ""next_pyramid_price"": 68.25083278145696, ""retry_after_sec"": null}",ADD_UNIT_CHECK,XAG-USDT-SWAP,unknown,,pyramid_added,2026-03-27 03:44:04,20260327_032835_XAG-USDT-SWAP_short
True,ATR stop update,True,"{""price"": 68.13, ""prev_stop_price"": 68.42916556291391, ""stop_price"": 68.217, ""peak_unrealized_pnl"": 13.595999999999975}",STOP_MOVE_CHECK,XAG-USDT-SWAP,unknown,ATR stop update,TRAIL_UPDATE,2026-03-27 03:44:04,20260327_032835_XAG-USDT-SWAP_short
False,нет свежего пробоя Donchian на последней закрытой свече,False,"{""score"": null, ""liquidity_score"": null, ""breakout_distance_atr"": null, ""freshness_score"": null}",ENTRY_CHECK,1INCH-USDT-SWAP,no_fresh_breakout,нет свежего пробоя Donchian на последней закрытой свече,rejected,2026-03-27 03:44:27,
False,нет свежего пробоя Donchian на последней закрытой свече,False,"{""score"": null, ""liquidity_score"": null, ""breakout_distance_atr"": null, ""freshness_score"": null}",ENTRY_CHECK,AAVE-USDT-SWAP,no_fresh_breakout,нет свежего пробоя Donchian на последней закрытой свече,rejected,2026-03-27 03:44:31,
False,закрытие не удержалось ниже канала,False,"{""score"": null, ""liquidity_score"": null, ""breakout_distance_atr"": null, ""freshness_score"": null}",ENTRY_CHECK,ALGO-USDT-SWAP,закрытие_не_удержалось_ниже_канала,закрытие не удержалось ниже канала,rejected,2026-03-27 03:44:40,
False,закрытие не удержалось ниже канала,False,"{""score"": null, ""liquidity_score"": null, ""breakout_distance_atr"": null, ""freshness_score"": null}",ENTRY_CHECK,ASTER-USDT-SWAP,закрытие_не_удержалось_ниже_канала,закрытие не удержалось ниже канала,rejected,2026-03-27 03:44:45,
False,закрытие не удержалось ниже канала,False,"{""score"": null, ""liquidity_score"": null, ""breakout_distance_atr"": null, ""freshness_score"": null}",ENTRY_CHECK,AUCTION-USDT-SWAP,закрытие_не_удержалось_ниже_канала,закрытие не удержалось ниже канала,rejected,2026-03-27 03:44:47,
False,нет свежего пробоя Donchian на последней закрытой свече,False,"{""score"": null, ""liquidity_score"": null, ""breakout_distance_atr"": null, ""freshness_score"": null}",ENTRY_CHECK,BNB-USDT-SWAP,no_fresh_breakout,нет свежего пробоя Donchian на последней закрытой свече,rejected,2026-03-27 03:44:58,
False,нет свежего пробоя Donchian на последней закрытой свече,False,"{""score"": null, ""liquidity_score"": null, ""breakout_distance_atr"": null, ""freshness_score"": null}",ENTRY_CHECK,BOME-USDT-SWAP,no_fresh_breakout,нет свежего пробоя Donchian на последней закрытой свече,rejected,2026-03-27 03:45:00,
False,нет свежего пробоя Donchian на последней закрытой свече,False,"{""score"": null, ""liquidity_score"": null, ""breakout_distance_atr"": null, ""freshness_score"": null}",ENTRY_CHECK,ETC-USDT-SWAP,no_fresh_breakout,нет свежего пробоя Donchian на последней закрытой свече,rejected,2026-03-27 03:45:18,
False,нет свежего пробоя Donchian на последней закрытой свече,False,"{""score"": null, ""liquidity_score"": null, ""breakout_distance_atr"": null, ""freshness_score"": null}",ENTRY_CHECK,FIL-USDT-SWAP,no_fresh_breakout,нет свежего пробоя Donchian на последней закрытой свече,rejected,2026-03-27 03:45:24,
False,нет свежего пробоя Donchian на последней закрытой свече,False,"{""score"": null, ""liquidity_score"": null, ""breakout_distance_atr"": null, ""freshness_score"": null}",ENTRY_CHECK,KSM-USDT-SWAP,no_fresh_breakout,нет свежего пробоя Donchian на последней закрытой свече,rejected,2026-03-27 03:45:40,
False,нет свежего пробоя Donchian на последней закрытой свече,False,"{""score"": null, ""liquidity_score"": null, ""breakout_distance_atr"": null, ""freshness_score"": null}",ENTRY_CHECK,LDO-USDT-SWAP,no_fresh_breakout,нет свежего пробоя Donchian на последней закрытой свече,rejected,2026-03-27 03:45:42,
False,нет свежего пробоя Donchian на последней закрытой свече,False,"{""score"": null, ""liquidity_score"": null, ""breakout_distance_atr"": null, ""freshness_score"": null}",ENTRY_CHECK,LRC-USDT-SWAP,no_fresh_breakout,нет свежего пробоя Donchian на последней закрытой свече,rejected,2026-03-27 03:45:48,
False,ATR warmup: цена или ATR недоступны после прогрева,False,"{""score"": null, ""liquidity_score"": null, ""breakout_distance_atr"": null, ""freshness_score"": null}",ENTRY_CHECK,MET-USDT-SWAP,atr_warmup:_цена_или_atr_недоступны_после_прогрева,ATR warmup: цена или ATR недоступны после прогрева,rejected,2026-03-27 03:45:55,
False,нет свежего пробоя Donchian на последней закрытой свече,False,"{""score"": null, ""liquidity_score"": null, ""breakout_distance_atr"": null, ""freshness_score"": null}",ENTRY_CHECK,MINA-USDT-SWAP,no_fresh_breakout,нет свежего пробоя Donchian на последней закрытой свече,rejected,2026-03-27 03:45:56,
False,нет свежего пробоя Donchian на последней закрытой свече,False,"{""score"": null, ""liquidity_score"": null, ""breakout_distance_atr"": null, ""freshness_score"": null}",ENTRY_CHECK,SYRUP-USDT-SWAP,no_fresh_breakout,нет свежего пробоя Donchian на последней закрытой свече,rejected,2026-03-27 03:46:23,
False,нет свежего пробоя Donchian на последней закрытой свече,False,"{""score"": null, ""liquidity_score"": null, ""breakout_distance_atr"": null, ""freshness_score"": null}",ENTRY_CHECK,TSLA-USDT-SWAP,no_fresh_breakout,нет свежего пробоя Donchian на последней закрытой свече,rejected,2026-03-27 03:46:30,
False,нет свежего пробоя Donchian на последней закрытой свече,False,"{""score"": null, ""liquidity_score"": null, ""breakout_distance_atr"": null, ""freshness_score"": null}",ENTRY_CHECK,XRP-USDT-SWAP,no_fresh_breakout,нет свежего пробоя Donchian на последней закрытой свече,rejected,2026-03-27 03:46:34,
False,нет свежего пробоя Donchian на последней закрытой свече,False,"{""score"": null, ""liquidity_score"": null, ""breakout_distance_atr"": null, ""freshness_score"": null}",ENTRY_CHECK,YFI-USDT-SWAP,no_fresh_breakout,нет свежего пробоя Donchian на последней закрытой свече,rejected,2026-03-27 03:46:40,
True,ATR stop update,True,"{""price"": 0.2206, ""prev_stop_price"": 0.21722999999999998, ""stop_price"": 0.21717, ""peak_unrealized_pnl"": 0.0}",STOP_MOVE_CHECK,CRV-USDT-SWAP,unknown,ATR stop update,TRAIL_UPDATE,2026-03-27 03:47:13,20260326_235556_CRV-USDT-SWAP_short
True,Синхронизация: позиция отсутствует на бирже,True,"{""units"": 3, ""last_price"": null, ""next_pyramid_price"": null, ""retry_after_sec"": null}",EXIT_CHECK,NEAR-USDT-SWAP,синхронизация:_позиция_отсутствует_на_бирже,Синхронизация: позиция отсутствует на бирже,position_closed,2026-03-27 03:47:52,20260327_002953_NEAR-USDT-SWAP_long
True,ATR stop update,True,"{""price"": 1.314, ""prev_stop_price"": 1.3184, ""stop_price"": 1.3197, ""peak_unrealized_pnl"": 0.0}",STOP_MOVE_CHECK,DOT-USDT-SWAP,unknown,ATR stop update,TRAIL_UPDATE,2026-03-27 03:48:04,20260327_004300_DOT-USDT-SWAP_long
True,ATR stop update,True,"{""price"": 0.0919, ""prev_stop_price"": 0.09202500000000001, ""stop_price"": 0.09198500000000001, ""peak_unrealized_pnl"": 0.8232000000000617}",STOP_MOVE_CHECK,DOGE-USDT-SWAP,unknown,ATR stop update,TRAIL_UPDATE,2026-03-27 03:48:32,20260327_021929_DOGE-USDT-SWAP_short
True,pyramid_added,True,"{""units"": 4, ""last_price"": null, ""next_pyramid_price"": 68.13064220014716, ""retry_after_sec"": null}",ADD_UNIT_CHECK,XAG-USDT-SWAP,unknown,,pyramid_added,2026-03-27 03:48:43,20260327_032835_XAG-USDT-SWAP_short
True,ATR stop update,True,"{""price"": 67.95, ""prev_stop_price"": 68.217, ""stop_price"": 68.06099999999999, ""peak_unrealized_pnl"": 22.65639999999915}",STOP_MOVE_CHECK,XAG-USDT-SWAP,unknown,ATR stop update,TRAIL_UPDATE,2026-03-27 03:48:43,20260327_032835_XAG-USDT-SWAP_short
False,нет свежего пробоя Donchian на последней закрытой свече,False,"{""score"": null, ""liquidity_score"": null, ""breakout_distance_atr"": null, ""freshness_score"": null}",ENTRY_CHECK,1INCH-USDT-SWAP,no_fresh_breakout,нет свежего пробоя Donchian на последней закрытой свече,rejected,2026-03-27 03:48:55,
False,нет свежего пробоя Donchian на последней закрытой свече,False,"{""score"": null, ""liquidity_score"": null, ""breakout_distance_atr"": null, ""freshness_score"": null}",ENTRY_CHECK,AAVE-USDT-SWAP,no_fresh_breakout,нет свежего пробоя Donchian на последней закрытой свече,rejected,2026-03-27 03:48:59,
False,нет свежего пробоя Donchian на последней закрытой свече,False,"{""score"": null, ""liquidity_score"": null, ""breakout_distance_atr"": null, ""freshness_score"": null}",ENTRY_CHECK,ALGO-USDT-SWAP,no_fresh_breakout,нет свежего пробоя Donchian на последней закрытой свече,rejected,2026-03-27 03:49:06,
False,нет свежего пробоя Donchian на последней закрытой свече,False,"{""score"": null, ""liquidity_score"": null, ""breakout_distance_atr"": null, ""freshness_score"": null}",ENTRY_CHECK,ARB-USDT-SWAP,no_fresh_breakout,нет свежего пробоя Donchian на последней закрытой свече,rejected,2026-03-27 03:49:08,
False,нет свежего пробоя Donchian на последней закрытой свече,False,"{""score"": null, ""liquidity_score"": null, ""breakout_distance_atr"": null, ""freshness_score"": null}",ENTRY_CHECK,ASTER-USDT-SWAP,no_fresh_breakout,нет свежего пробоя Donchian на последней закрытой свече,rejected,2026-03-27 03:49:10,
False,нет свежего пробоя Donchian на последней закрытой свече,False,"{""score"": null, ""liquidity_score"": null, ""breakout_distance_atr"": null, ""freshness_score"": null}",ENTRY_CHECK,AUCTION-USDT-SWAP,no_fresh_breakout,нет свежего пробоя Donchian на последней закрытой свече,rejected,2026-03-27 03:49:13,
False,закрытие не удержалось выше канала,False,"{""score"": null, ""liquidity_score"": null, ""breakout_distance_atr"": null, ""freshness_score"": null}",ENTRY_CHECK,AVAX-USDT-SWAP,закрытие_не_удержалось_выше_канала,закрытие не удержалось выше канала,rejected,2026-03-27 03:49:15,
False,закрытие не удержалось выше канала,False,"{""score"": null, ""liquidity_score"": null, ""breakout_distance_atr"": null, ""freshness_score"": null}",ENTRY_CHECK,AVAX-USDT-SWAP,закрытие_не_удержалось_выше_канала,закрытие не удержалось выше канала,rejected,2026-03-27 03:49:15,
False,закрытие не удержалось выше канала,False,"{""score"": null, ""liquidity_score"": null, ""breakout_distance_atr"": null, ""freshness_score"": null}",ENTRY_CHECK,BNB-USDT-SWAP,закрытие_не_удержалось_выше_канала,закрытие не удержалось выше канала,rejected,2026-03-27 03:49:24,
False,закрытие не удержалось выше канала,False,"{""score"": null, ""liquidity_score"": null, ""breakout_distance_atr"": null, ""freshness_score"": null}",ENTRY_CHECK,BNB-USDT-SWAP,закрытие_не_удержалось_выше_канала,закрытие не удержалось выше канала,rejected,2026-03-27 03:49:24,
False,нет свежего пробоя Donchian на последней закрытой свече,False,"{""score"": null, ""liquidity_score"": null, ""breakout_distance_atr"": null, ""freshness_score"": null}",ENTRY_CHECK,BOME-USDT-SWAP,no_fresh_breakout,нет свежего пробоя Donchian на последней закрытой свече,rejected,2026-03-27 03:49:25,
False,нет свежего пробоя Donchian на последней закрытой свече,False,"{""score"": null, ""liquidity_score"": null, ""breakout_distance_atr"": null, ""freshness_score"": null}",ENTRY_CHECK,CFX-USDT-SWAP,no_fresh_breakout,нет свежего пробоя Donchian на последней закрытой свече,rejected,2026-03-27 03:49:34,
False,нет свежего пробоя Donchian на последней закрытой свече,False,"{""score"": null, ""liquidity_score"": null, ""breakout_distance_atr"": null, ""freshness_score"": null}",ENTRY_CHECK,COMP-USDT-SWAP,no_fresh_breakout,нет свежего пробоя Donchian на последней закрытой свече,rejected,2026-03-27 03:49:38,
False,нет свежего пробоя Donchian на последней закрытой свече,False,"{""score"": null, ""liquidity_score"": null, ""breakout_distance_atr"": null, ""freshness_score"": null}",ENTRY_CHECK,ETC-USDT-SWAP,no_fresh_breakout,нет свежего пробоя Donchian на последней закрытой свече,rejected,2026-03-27 03:49:44,
False,нет свежего пробоя Donchian на последней закрытой свече,False,"{""score"": null, ""liquidity_score"": null, ""breakout_distance_atr"": null, ""freshness_score"": null}",ENTRY_CHECK,FIL-USDT-SWAP,no_fresh_breakout,нет свежего пробоя Donchian на последней закрытой свече,rejected,2026-03-27 03:49:50,
False,нет свежего пробоя Donchian на последней закрытой свече,False,"{""score"": null, ""liquidity_score"": null, ""breakout_distance_atr"": null, ""freshness_score"": null}",ENTRY_CHECK,KSM-USDT-SWAP,no_fresh_breakout,нет свежего пробоя Donchian на последней закрытой свече,rejected,2026-03-27 03:50:07,
False,нет свежего пробоя Donchian на последней закрытой свече,False,"{""score"": null, ""liquidity_score"": null, ""breakout_distance_atr"": null, ""freshness_score"": null}",ENTRY_CHECK,LDO-USDT-SWAP,no_fresh_breakout,нет свежего пробоя Donchian на последней закрытой свече,rejected,2026-03-27 03:50:08,
False,нет свежего пробоя Donchian на последней закрытой свече,False,"{""score"": null, ""liquidity_score"": null, ""breakout_distance_atr"": null, ""freshness_score"": null}",ENTRY_CHECK,LRC-USDT-SWAP,no_fresh_breakout,нет свежего пробоя Donchian на последней закрытой свече,rejected,2026-03-27 03:50:15,
False,ATR warmup: цена или ATR недоступны после прогрева,False,"{""score"": null, ""liquidity_score"": null, ""breakout_distance_atr"": null, ""freshness_score"": null}",ENTRY_CHECK,MET-USDT-SWAP,atr_warmup:_цена_или_atr_недоступны_после_прогрева,ATR warmup: цена или ATR недоступны после прогрева,rejected,2026-03-27 03:50:23,
False,закрытие не удержалось ниже канала,False,"{""score"": null, ""liquidity_score"": null, ""breakout_distance_atr"": null, ""freshness_score"": null}",ENTRY_CHECK,MINA-USDT-SWAP,закрытие_не_удержалось_ниже_канала,закрытие не удержалось ниже канала,rejected,2026-03-27 03:50:25,
False,нет свежего пробоя Donchian на последней закрытой свече,False,"{""score"": null, ""liquidity_score"": null, ""breakout_distance_atr"": null, ""freshness_score"": null}",ENTRY_CHECK,SUI-USDT-SWAP,no_fresh_breakout,нет свежего пробоя Donchian на последней закрытой свече,rejected,2026-03-27 03:50:51,
False,classic_turtle_breakout_short,True,"{""score"": null, ""liquidity_score"": 3.9904, ""breakout_distance_atr"": 0.5882, ""freshness_score"": 0.5982}",ENTRY_CHECK,SYRUP-USDT-SWAP,classic_turtle_breakout_short,classic_turtle_breakout_short,candidate,2026-03-27 03:50:54,
False,classic_turtle_breakout_short,True,"{""score"": null, ""liquidity_score"": 3.9904, ""breakout_distance_atr"": 0.5882, ""freshness_score"": 0.5982}",ENTRY_CHECK,SYRUP-USDT-SWAP,classic_turtle_breakout_short,classic_turtle_breakout_short,candidate,2026-03-27 03:50:54,
False,нет свежего пробоя Donchian на последней закрытой свече,False,"{""score"": null, ""liquidity_score"": null, ""breakout_distance_atr"": null, ""freshness_score"": null}",ENTRY_CHECK,TSLA-USDT-SWAP,no_fresh_breakout,нет свежего пробоя Donchian на последней закрытой свече,rejected,2026-03-27 03:51:00,
False,нет свежего пробоя Donchian на последней закрытой свече,False,"{""score"": null, ""liquidity_score"": null, ""breakout_distance_atr"": null, ""freshness_score"": null}",ENTRY_CHECK,XRP-USDT-SWAP,no_fresh_breakout,нет свежего пробоя Donchian на последней закрытой свече,rejected,2026-03-27 03:51:04,
False,нет свежего пробоя Donchian на последней закрытой свече,False,"{""score"": null, ""liquidity_score"": null, ""breakout_distance_atr"": null, ""freshness_score"": null}",ENTRY_CHECK,YFI-USDT-SWAP,no_fresh_breakout,нет свежего пробоя Donchian на последней закрытой свече,rejected,2026-03-27 03:51:10,
False,classic_turtle_breakout_short,True,"{""score"": null, ""liquidity_score"": 3.9904, ""breakout_distance_atr"": 0.5882, ""freshness_score"": 0.5982}",ENTRY_RANK,SYRUP-USDT-SWAP,classic_turtle_breakout_short,classic_turtle_breakout_short,ranked_candidate,2026-03-27 03:51:14,
False,classic_turtle_breakout_short,True,"{""score"": null, ""liquidity_score"": 3.9904, ""breakout_distance_atr"": 0.5882, ""freshness_score"": 0.5982}",ENTRY_RANK,SYRUP-USDT-SWAP,classic_turtle_breakout_short,classic_turtle_breakout_short,ranked_candidate,2026-03-27 03:51:14,
True,position_opened,True,"{""units"": null, ""last_price"": null, ""next_pyramid_price"": null, ""retry_after_sec"": null}",ENTRY_EXECUTION,SYRUP-USDT-SWAP,unknown,,position_opened,2026-03-27 03:51:16,20260327_035116_SYRUP-USDT-SWAP_short
True,entry_sent,True,"{""score"": null, ""liquidity_score"": null, ""breakout_distance_atr"": 0.5882, ""freshness_score"": null}",ENTRY_EXECUTION,SYRUP-USDT-SWAP,unknown,,entry_sent,2026-03-27 03:51:17,
True,TURTLE stop update,True,"{""price"": 0.0359, ""prev_stop_price"": 0.0356, ""stop_price"": 0.0357, ""peak_unrealized_pnl"": 433.27079999954094}",STOP_MOVE_CHECK,YGG-USDT-SWAP,unknown,TURTLE stop update,TRAIL_UPDATE,2026-03-27 03:52:29,20260327_014759_YGG-USDT-SWAP_long
True,ATR stop update,True,"{""price"": 67.76, ""prev_stop_price"": 68.06099999999999, ""stop_price"": 67.937, ""peak_unrealized_pnl"": 40.84340000000144}",STOP_MOVE_CHECK,XAG-USDT-SWAP,unknown,ATR stop update,TRAIL_UPDATE,2026-03-27 03:52:59,20260327_032835_XAG-USDT-SWAP_short
False,нет свежего пробоя Donchian на последней закрытой свече,False,"{""score"": null, ""liquidity_score"": null, ""breakout_distance_atr"": null, ""freshness_score"": null}",ENTRY_CHECK,1INCH-USDT-SWAP,no_fresh_breakout,нет свежего пробоя Donchian на последней закрытой свече,rejected,2026-03-27 03:53:11,
False,нет свежего пробоя Donchian на последней закрытой свече,False,"{""score"": null, ""liquidity_score"": null, ""breakout_distance_atr"": null, ""freshness_score"": null}",ENTRY_CHECK,AAVE-USDT-SWAP,no_fresh_breakout,нет свежего пробоя Donchian на последней закрытой свече,rejected,2026-03-27 03:53:16,
False,нет свежего пробоя Donchian на последней закрытой свече,False,"{""score"": null, ""liquidity_score"": null, ""breakout_distance_atr"": null, ""freshness_score"": null}",ENTRY_CHECK,ADA-USDT-SWAP,no_fresh_breakout,нет свежего пробоя Donchian на последней закрытой свече,rejected,2026-03-27 03:53:19,
False,нет свежего пробоя Donchian на последней закрытой свече,False,"{""score"": null, ""liquidity_score"": null, ""breakout_distance_atr"": null, ""freshness_score"": null}",ENTRY_CHECK,ALGO-USDT-SWAP,no_fresh_breakout,нет свежего пробоя Donchian на последней закрытой свече,rejected,2026-03-27 03:53:24,
False,classic_turtle_breakout_short,True,"{""score"": null, ""liquidity_score"": 10.1622, ""breakout_distance_atr"": 0.6186, ""freshness_score"": 0.6286}",ENTRY_CHECK,AUCTION-USDT-SWAP,classic_turtle_breakout_short,classic_turtle_breakout_short,candidate,2026-03-27 03:53:31,
False,нет свежего пробоя Donchian на последней закрытой свече,False,"{""score"": null, ""liquidity_score"": null, ""breakout_distance_atr"": null, ""freshness_score"": null}",ENTRY_CHECK,AVAX-USDT-SWAP,no_fresh_breakout,нет свежего пробоя Donchian на последней закрытой свече,rejected,2026-03-27 03:53:32,
False,нет свежего пробоя Donchian на последней закрытой свече,False,"{""score"": null, ""liquidity_score"": null, ""breakout_distance_atr"": null, ""freshness_score"": null}",ENTRY_CHECK,BNB-USDT-SWAP,no_fresh_breakout,нет свежего пробоя Donchian на последней закрытой свече,rejected,2026-03-27 03:53:41,
False,нет свежего пробоя Donchian на последней закрытой свече,False,"{""score"": null, ""liquidity_score"": null, ""breakout_distance_atr"": null, ""freshness_score"": null}",ENTRY_CHECK,BTC-USDT-SWAP,no_fresh_breakout,нет свежего пробоя Donchian на последней закрытой свече,rejected,2026-03-27 03:53:45,
False,закрытие не удержалось ниже канала,False,"{""score"": null, ""liquidity_score"": null, ""breakout_distance_atr"": null, ""freshness_score"": null}",ENTRY_CHECK,CFX-USDT-SWAP,закрытие_не_удержалось_ниже_канала,закрытие не удержалось ниже канала,rejected,2026-03-27 03:53:53,
False,закрытие не удержалось ниже канала,False,"{""score"": null, ""liquidity_score"": null, ""breakout_distance_atr"": null, ""freshness_score"": null}",ENTRY_CHECK,CFX-USDT-SWAP,закрытие_не_удержалось_ниже_канала,закрытие не удержалось ниже канала,rejected,2026-03-27 03:53:53,
False,нет свежего пробоя Donchian на последней закрытой свече,False,"{""score"": null, ""liquidity_score"": null, ""breakout_distance_atr"": null, ""freshness_score"": null}",ENTRY_CHECK,COMP-USDT-SWAP,no_fresh_breakout,нет свежего пробоя Donchian на последней закрытой свече,rejected,2026-03-27 03:53:58,
False,нет свежего пробоя Donchian на последней закрытой свече,False,"{""score"": null, ""liquidity_score"": null, ""breakout_distance_atr"": null, ""freshness_score"": null}",ENTRY_CHECK,FIL-USDT-SWAP,no_fresh_breakout,нет свежего пробоя Donchian на последней закрытой свече,rejected,2026-03-27 03:54:08,
False,нет свежего пробоя Donchian на последней закрытой свече,False,"{""score"": null, ""liquidity_score"": null, ""breakout_distance_atr"": null, ""freshness_score"": null}",ENTRY_CHECK,KSM-USDT-SWAP,no_fresh_breakout,нет свежего пробоя Donchian на последней закрытой свече,rejected,2026-03-27 03:54:26,
False,нет свежего пробоя Donchian на последней закрытой свече,False,"{""score"": null, ""liquidity_score"": null, ""breakout_distance_atr"": null, ""freshness_score"": null}",ENTRY_CHECK,LDO-USDT-SWAP,no_fresh_breakout,нет свежего пробоя Donchian на последней закрытой свече,rejected,2026-03-27 03:54:28,
False,нет свежего пробоя Donchian на последней закрытой свече,False,"{""score"": null, ""liquidity_score"": null, ""breakout_distance_atr"": null, ""freshness_score"": null}",ENTRY_CHECK,LRC-USDT-SWAP,no_fresh_breakout,нет свежего пробоя Donchian на последней закрытой свече,rejected,2026-03-27 03:54:35,
False,ATR warmup: цена или ATR недоступны после прогрева,False,"{""score"": null, ""liquidity_score"": null, ""breakout_distance_atr"": null, ""freshness_score"": null}",ENTRY_CHECK,MET-USDT-SWAP,atr_warmup:_цена_или_atr_недоступны_после_прогрева,ATR warmup: цена или ATR недоступны после прогрева,rejected,2026-03-27 03:54:43,
False,закрытие не удержалось ниже канала,False,"{""score"": null, ""liquidity_score"": null, ""breakout_distance_atr"": null, ""freshness_score"": null}",ENTRY_CHECK,MINA-USDT-SWAP,закрытие_не_удержалось_ниже_канала,закрытие не удержалось ниже канала,rejected,2026-03-27 03:54:45,
False,нет свежего пробоя Donchian на последней закрытой свече,False,"{""score"": null, ""liquidity_score"": null, ""breakout_distance_atr"": null, ""freshness_score"": null}",ENTRY_CHECK,XRP-USDT-SWAP,no_fresh_breakout,нет свежего пробоя Donchian на последней закрытой свече,rejected,2026-03-27 03:55:21,
False,нет свежего пробоя Donchian на последней закрытой свече,False,"{""score"": null, ""liquidity_score"": null, ""breakout_distance_atr"": null, ""freshness_score"": null}",ENTRY_CHECK,YFI-USDT-SWAP,no_fresh_breakout,нет свежего пробоя Donchian на последней закрытой свече,rejected,2026-03-27 03:55:26,
False,classic_turtle_breakout_short,True,"{""score"": null, ""liquidity_score"": 10.1622, ""breakout_distance_atr"": 0.6186, ""freshness_score"": 0.6286}",ENTRY_RANK,AUCTION-USDT-SWAP,classic_turtle_breakout_short,classic_turtle_breakout_short,ranked_candidate,2026-03-27 03:55:30,
False,entry_failed,False,"{""score"": null, ""liquidity_score"": null, ""breakout_distance_atr"": null, ""freshness_score"": null}",ENTRY_EXECUTION,AUCTION-USDT-SWAP,unknown,,entry_failed,2026-03-27 03:55:31,
True,ATR stop update,True,"{""price"": 1.327, ""prev_stop_price"": 1.3197, ""stop_price"": 1.3207, ""peak_unrealized_pnl"": 0.0}",STOP_MOVE_CHECK,DOT-USDT-SWAP,unknown,ATR stop update,TRAIL_UPDATE,2026-03-27 03:56:37,20260327_004300_DOT-USDT-SWAP_long
True,Новый пик open PnL,True,"{""price"": 0.036, ""prev_stop_price"": null, ""stop_price"": 0.0357, ""peak_unrealized_pnl"": 493.7123999995406}",EXIT_CHECK,YGG-USDT-SWAP,unknown,Новый пик open PnL,PEAK_PNL,2026-03-27 03:56:46,20260327_014759_YGG-USDT-SWAP_long
False,нет свежего пробоя Donchian на последней закрытой свече,False,"{""score"": null, ""liquidity_score"": null, ""breakout_distance_atr"": null, ""freshness_score"": null}",ENTRY_CHECK,1INCH-USDT-SWAP,no_fresh_breakout,нет свежего пробоя Donchian на последней закрытой свече,rejected,2026-03-27 03:57:23,
False,нет свежего пробоя Donchian на последней закрытой свече,False,"{""score"": null, ""liquidity_score"": null, ""breakout_distance_atr"": null, ""freshness_score"": null}",ENTRY_CHECK,AAVE-USDT-SWAP,no_fresh_breakout,нет свежего пробоя Donchian на последней закрытой свече,rejected,2026-03-27 03:57:27,
False,нет свежего пробоя Donchian на последней закрытой свече,False,"{""score"": null, ""liquidity_score"": null, ""breakout_distance_atr"": null, ""freshness_score"": null}",ENTRY_CHECK,ADA-USDT-SWAP,no_fresh_breakout,нет свежего пробоя Donchian на последней закрытой свече,rejected,2026-03-27 03:57:30,
False,нет свежего пробоя Donchian на последней закрытой свече,False,"{""score"": null, ""liquidity_score"": null, ""breakout_distance_atr"": null, ""freshness_score"": null}",ENTRY_CHECK,ALGO-USDT-SWAP,no_fresh_breakout,нет свежего пробоя Donchian на последней закрытой свече,rejected,2026-03-27 03:57:35,
False,нет свежего пробоя Donchian на последней закрытой свече,False,"{""score"": null, ""liquidity_score"": null, ""breakout_distance_atr"": null, ""freshness_score"": null}",ENTRY_CHECK,ASTER-USDT-SWAP,no_fresh_breakout,нет свежего пробоя Donchian на последней закрытой свече,rejected,2026-03-27 03:57:39,
False,нет свежего пробоя Donchian на последней закрытой свече,False,"{""score"": null, ""liquidity_score"": null, ""breakout_distance_atr"": null, ""freshness_score"": null}",ENTRY_CHECK,AUCTION-USDT-SWAP,no_fresh_breakout,нет свежего пробоя Donchian на последней закрытой свече,rejected,2026-03-27 03:57:41,
False,нет свежего пробоя Donchian на последней закрытой свече,False,"{""score"": null, ""liquidity_score"": null, ""breakout_distance_atr"": null, ""freshness_score"": null}",ENTRY_CHECK,AVAX-USDT-SWAP,no_fresh_breakout,нет свежего пробоя Donchian на последней закрытой свече,rejected,2026-03-27 03:57:43,
False,закрытие не удержалось выше канала,False,"{""score"": null, ""liquidity_score"": null, ""breakout_distance_atr"": null, ""freshness_score"": null}",ENTRY_CHECK,BNB-USDT-SWAP,закрытие_не_удержалось_выше_канала,закрытие не удержалось выше канала,rejected,2026-03-27 03:57:52,
False,закрытие не удержалось выше канала,False,"{""score"": null, ""liquidity_score"": null, ""breakout_distance_atr"": null, ""freshness_score"": null}",ENTRY_CHECK,BNB-USDT-SWAP,закрытие_не_удержалось_выше_канала,закрытие не удержалось выше канала,rejected,2026-03-27 03:57:52,
False,нет свежего пробоя Donchian на последней закрытой свече,False,"{""score"": null, ""liquidity_score"": null, ""breakout_distance_atr"": null, ""freshness_score"": null}",ENTRY_CHECK,CFX-USDT-SWAP,no_fresh_breakout,нет свежего пробоя Donchian на последней закрытой свече,rejected,2026-03-27 03:58:02,
False,нет свежего пробоя Donchian на последней закрытой свече,False,"{""score"": null, ""liquidity_score"": null, ""breakout_distance_atr"": null, ""freshness_score"": null}",ENTRY_CHECK,FIL-USDT-SWAP,no_fresh_breakout,нет свежего пробоя Donchian на последней закрытой свече,rejected,2026-03-27 03:58:17,
False,нет свежего пробоя Donchian на последней закрытой свече,False,"{""score"": null, ""liquidity_score"": null, ""breakout_distance_atr"": null, ""freshness_score"": null}",ENTRY_CHECK,KSM-USDT-SWAP,no_fresh_breakout,нет свежего пробоя Donchian на последней закрытой свече,rejected,2026-03-27 03:58:34,
False,нет свежего пробоя Donchian на последней закрытой свече,False,"{""score"": null, ""liquidity_score"": null, ""breakout_distance_atr"": null, ""freshness_score"": null}",ENTRY_CHECK,LDO-USDT-SWAP,no_fresh_breakout,нет свежего пробоя Donchian на последней закрытой свече,rejected,2026-03-27 03:58:36,
False,нет свежего пробоя Donchian на последней закрытой свече,False,"{""score"": null, ""liquidity_score"": null, ""breakout_distance_atr"": null, ""freshness_score"": null}",ENTRY_CHECK,LQTY-USDT-SWAP,no_fresh_breakout,нет свежего пробоя Donchian на последней закрытой свече,rejected,2026-03-27 03:58:41,
False,нет свежего пробоя Donchian на последней закрытой свече,False,"{""score"": null, ""liquidity_score"": null, ""breakout_distance_atr"": null, ""freshness_score"": null}",ENTRY_CHECK,LRC-USDT-SWAP,no_fresh_breakout,нет свежего пробоя Donchian на последней закрытой свече,rejected,2026-03-27 03:58:43,
False,ATR warmup: цена или ATR недоступны после прогрева,False,"{""score"": null, ""liquidity_score"": null, ""breakout_distance_atr"": null, ""freshness_score"": null}",ENTRY_CHECK,MET-USDT-SWAP,atr_warmup:_цена_или_atr_недоступны_после_прогрева,ATR warmup: цена или ATR недоступны после прогрева,rejected,2026-03-27 03:58:50,
False,нет свежего пробоя Donchian на последней закрытой свече,False,"{""score"": null, ""liquidity_score"": null, ""breakout_distance_atr"": null, ""freshness_score"": null}",ENTRY_CHECK,MINA-USDT-SWAP,no_fresh_breakout,нет свежего пробоя Donchian на последней закрытой свече,rejected,2026-03-27 03:58:51,
False,нет свежего пробоя Donchian на последней закрытой свече,False,"{""score"": null, ""liquidity_score"": null, ""breakout_distance_atr"": null, ""freshness_score"": null}",ENTRY_CHECK,NEAR-USDT-SWAP,no_fresh_breakout,нет свежего пробоя Donchian на последней закрытой свече,rejected,2026-03-27 03:58:54,
False,нет свежего пробоя Donchian на последней закрытой свече,False,"{""score"": null, ""liquidity_score"": null, ""breakout_distance_atr"": null, ""freshness_score"": null}",ENTRY_CHECK,TSLA-USDT-SWAP,no_fresh_breakout,нет свежего пробоя Donchian на последней закрытой свече,rejected,2026-03-27 03:59:23,
False,нет свежего пробоя Donchian на последней закрытой свече,False,"{""score"": null, ""liquidity_score"": null, ""breakout_distance_atr"": null, ""freshness_score"": null}",ENTRY_CHECK,XRP-USDT-SWAP,no_fresh_breakout,нет свежего пробоя Donchian на последней закрытой свече,rejected,2026-03-27 03:59:27,
False,нет свежего пробоя Donchian на последней закрытой свече,False,"{""score"": null, ""liquidity_score"": null, ""breakout_distance_atr"": null, ""freshness_score"": null}",ENTRY_CHECK,YFI-USDT-SWAP,no_fresh_breakout,нет свежего пробоя Donchian на последней закрытой свече,rejected,2026-03-27 03:59:33,
True,ATR stop update,True,"{""price"": 1.327, ""prev_stop_price"": 1.3207, ""stop_price"": 1.3218, ""peak_unrealized_pnl"": 0.0}",STOP_MOVE_CHECK,DOT-USDT-SWAP,unknown,ATR stop update,TRAIL_UPDATE,2026-03-27 04:00:43,20260327_004300_DOT-USDT-SWAP_long
True,ATR stop update,True,"{""price"": 0.2177, ""prev_stop_price"": 0.2229, ""stop_price"": 0.21807, ""peak_unrealized_pnl"": 0.0}",STOP_MOVE_CHECK,SYRUP-USDT-SWAP,unknown,ATR stop update,TRAIL_UPDATE,2026-03-27 04:01:21,20260327_035116_SYRUP-USDT-SWAP_short
False,нет свежего пробоя Donchian на последней закрытой свече,False,"{""score"": null, ""liquidity_score"": null, ""breakout_distance_atr"": null, ""freshness_score"": null}",ENTRY_CHECK,1INCH-USDT-SWAP,no_fresh_breakout,нет свежего пробоя Donchian на последней закрытой свече,rejected,2026-03-27 04:01:44,
False,classic_turtle_breakout_long,True,"{""score"": null, ""liquidity_score"": 2.2273, ""breakout_distance_atr"": 0.1619, ""freshness_score"": 0.4958}",ENTRY_CHECK,AAVE-USDT-SWAP,classic_turtle_breakout_long,classic_turtle_breakout_long,candidate,2026-03-27 04:01:44,
False,нет свежего пробоя Donchian на последней закрытой свече,False,"{""score"": null, ""liquidity_score"": null, ""breakout_distance_atr"": null, ""freshness_score"": null}",ENTRY_CHECK,ADA-USDT-SWAP,no_fresh_breakout,нет свежего пробоя Donchian на последней закрытой свече,rejected,2026-03-27 04:01:44,
False,нет свежего пробоя Donchian на последней закрытой свече,False,"{""score"": null, ""liquidity_score"": null, ""breakout_distance_atr"": null, ""freshness_score"": null}",ENTRY_CHECK,ALGO-USDT-SWAP,no_fresh_breakout,нет свежего пробоя Donchian на последней закрытой свече,rejected,2026-03-27 04:01:44,
False,нет свежего пробоя Donchian на последней закрытой свече,False,"{""score"": null, ""liquidity_score"": null, ""breakout_distance_atr"": null, ""freshness_score"": null}",ENTRY_CHECK,AUCTION-USDT-SWAP,no_fresh_breakout,нет свежего пробоя Donchian на последней закрытой свече,rejected,2026-03-27 04:01:49,
False,нет свежего пробоя Donchian на последней закрытой свече,False,"{""score"": null, ""liquidity_score"": null, ""breakout_distance_atr"": null, ""freshness_score"": null}",ENTRY_CHECK,AVAX-USDT-SWAP,no_fresh_breakout,нет свежего пробоя Donchian на последней закрытой свече,rejected,2026-03-27 04:01:51,
False,нет свежего пробоя Donchian на последней закрытой свече,False,"{""score"": null, ""liquidity_score"": null, ""breakout_distance_atr"": null, ""freshness_score"": null}",ENTRY_CHECK,BAND-USDT-SWAP,no_fresh_breakout,нет свежего пробоя Donchian на последней закрытой свече,rejected,2026-03-27 04:01:54,
False,нет свежего пробоя Donchian на последней закрытой свече,False,"{""score"": null, ""liquidity_score"": null, ""breakout_distance_atr"": null, ""freshness_score"": null}",ENTRY_CHECK,BNB-USDT-SWAP,no_fresh_breakout,нет свежего пробоя Donchian на последней закрытой свече,rejected,2026-03-27 04:01:59,
False,нет свежего пробоя Donchian на последней закрытой свече,False,"{""score"": null, ""liquidity_score"": null, ""breakout_distance_atr"": null, ""freshness_score"": null}",ENTRY_CHECK,CFX-USDT-SWAP,no_fresh_breakout,нет свежего пробоя Donchian на последней закрытой свече,rejected,2026-03-27 04:02:08,
False,нет свежего пробоя Donchian на последней закрытой свече,False,"{""score"": null, ""liquidity_score"": null, ""breakout_distance_atr"": null, ""freshness_score"": null}",ENTRY_CHECK,FIL-USDT-SWAP,no_fresh_breakout,нет свежего пробоя Donchian на последней закрытой свече,rejected,2026-03-27 04:02:24,
False,нет свежего пробоя Donchian на последней закрытой свече,False,"{""score"": null, ""liquidity_score"": null, ""breakout_distance_atr"": null, ""freshness_score"": null}",ENTRY_CHECK,KSM-USDT-SWAP,no_fresh_breakout,нет свежего пробоя Donchian на последней закрытой свече,rejected,2026-03-27 04:02:41,
False,нет свежего пробоя Donchian на последней закрытой свече,False,"{""score"": null, ""liquidity_score"": null, ""breakout_distance_atr"": null, ""freshness_score"": null}",ENTRY_CHECK,LDO-USDT-SWAP,no_fresh_breakout,нет свежего пробоя Donchian на последней закрытой свече,rejected,2026-03-27 04:02:42,
False,нет свежего пробоя Donchian на последней закрытой свече,False,"{""score"": null, ""liquidity_score"": null, ""breakout_distance_atr"": null, ""freshness_score"": null}",ENTRY_CHECK,LQTY-USDT-SWAP,no_fresh_breakout,нет свежего пробоя Donchian на последней закрытой свече,rejected,2026-03-27 04:02:47,
False,нет свежего пробоя Donchian на последней закрытой свече,False,"{""score"": null, ""liquidity_score"": null, ""breakout_distance_atr"": null, ""freshness_score"": null}",ENTRY_CHECK,LRC-USDT-SWAP,no_fresh_breakout,нет свежего пробоя Donchian на последней закрытой свече,rejected,2026-03-27 04:02:49,
False,нет свежего пробоя Donchian на последней закрытой свече,False,"{""score"": null, ""liquidity_score"": null, ""breakout_distance_atr"": null, ""freshness_score"": null}",ENTRY_CHECK,MET-USDT-SWAP,no_fresh_breakout,нет свежего пробоя Donchian на последней закрытой свече,rejected,2026-03-27 04:02:56,
False,нет свежего пробоя Donchian на последней закрытой свече,False,"{""score"": null, ""liquidity_score"": null, ""breakout_distance_atr"": null, ""freshness_score"": null}",ENTRY_CHECK,MINA-USDT-SWAP,no_fresh_breakout,нет свежего пробоя Donchian на последней закрытой свече,rejected,2026-03-27 04:02:58,
False,нет свежего пробоя Donchian на последней закрытой свече,False,"{""score"": null, ""liquidity_score"": null, ""breakout_distance_atr"": null, ""freshness_score"": null}",ENTRY_CHECK,NEAR-USDT-SWAP,no_fresh_breakout,нет свежего пробоя Donchian на последней закрытой свече,rejected,2026-03-27 04:03:00,
False,нет свежего пробоя Donchian на последней закрытой свече,False,"{""score"": null, ""liquidity_score"": null, ""breakout_distance_atr"": null, ""freshness_score"": null}",ENTRY_CHECK,TSLA-USDT-SWAP,no_fresh_breakout,нет свежего пробоя Donchian на последней закрытой свече,rejected,2026-03-27 04:03:28,
False,нет свежего пробоя Donchian на последней закрытой свече,False,"{""score"": null, ""liquidity_score"": null, ""breakout_distance_atr"": null, ""freshness_score"": null}",ENTRY_CHECK,XRP-USDT-SWAP,no_fresh_breakout,нет свежего пробоя Donchian на последней закрытой свече,rejected,2026-03-27 04:03:32,
False,classic_turtle_breakout_long,True,"{""score"": null, ""liquidity_score"": 2.2273, ""breakout_distance_atr"": 0.1619, ""freshness_score"": 0.4958}",ENTRY_RANK,AAVE-USDT-SWAP,classic_turtle_breakout_long,classic_turtle_breakout_long,ranked_candidate,2026-03-27 04:03:42,
False,entry_failed,False,"{""score"": null, ""liquidity_score"": null, ""breakout_distance_atr"": null, ""freshness_score"": null}",ENTRY_EXECUTION,AAVE-USDT-SWAP,unknown,,entry_failed,2026-03-27 04:03:43,
True,ATR stop update,True,"{""price"": 67.65, ""prev_stop_price"": 67.937, ""stop_price"": 67.89500000000001, ""peak_unrealized_pnl"": 50.99060000000044}",STOP_MOVE_CHECK,XAG-USDT-SWAP,unknown,ATR stop update,TRAIL_UPDATE,2026-03-27 04:05:22,20260327_032835_XAG-USDT-SWAP_short
False,нет свежего пробоя Donchian на последней закрытой свече,False,"{""score"": null, ""liquidity_score"": null, ""breakout_distance_atr"": null, ""freshness_score"": null}",ENTRY_CHECK,1INCH-USDT-SWAP,no_fresh_breakout,нет свежего пробоя Donchian на последней закрытой свече,rejected,2026-03-27 04:05:56,
False,нет свежего пробоя Donchian на последней закрытой свече,False,"{""score"": null, ""liquidity_score"": null, ""breakout_distance_atr"": null, ""freshness_score"": null}",ENTRY_CHECK,AAVE-USDT-SWAP,no_fresh_breakout,нет свежего пробоя Donchian на последней закрытой свече,rejected,2026-03-27 04:06:00,
False,закрытие не удержалось ниже канала,False,"{""score"": null, ""liquidity_score"": null, ""breakout_distance_atr"": null, ""freshness_score"": null}",ENTRY_CHECK,ADA-USDT-SWAP,закрытие_не_удержалось_ниже_канала,закрытие не удержалось ниже канала,rejected,2026-03-27 04:06:02,
False,закрытие не удержалось ниже канала,False,"{""score"": null, ""liquidity_score"": null, ""breakout_distance_atr"": null, ""freshness_score"": null}",ENTRY_CHECK,ADA-USDT-SWAP,закрытие_не_удержалось_ниже_канала,закрытие не удержалось ниже канала,rejected,2026-03-27 04:06:02,
False,нет свежего пробоя Donchian на последней закрытой свече,False,"{""score"": null, ""liquidity_score"": null, ""breakout_distance_atr"": null, ""freshness_score"": null}",ENTRY_CHECK,ALGO-USDT-SWAP,no_fresh_breakout,нет свежего пробоя Donchian на последней закрытой свече,rejected,2026-03-27 04:06:06,
False,нет свежего пробоя Donchian на последней закрытой свече,False,"{""score"": null, ""liquidity_score"": null, ""breakout_distance_atr"": null, ""freshness_score"": null}",ENTRY_CHECK,ASTER-USDT-SWAP,no_fresh_breakout,нет свежего пробоя Donchian на последней закрытой свече,rejected,2026-03-27 04:06:07,
False,нет свежего пробоя Donchian на последней закрытой свече,False,"{""score"": null, ""liquidity_score"": null, ""breakout_distance_atr"": null, ""freshness_score"": null}",ENTRY_CHECK,AVAX-USDT-SWAP,no_fresh_breakout,нет свежего пробоя Donchian на последней закрытой свече,rejected,2026-03-27 04:06:08,
False,закрытие не удержалось выше канала,False,"{""score"": null, ""liquidity_score"": null, ""breakout_distance_atr"": null, ""freshness_score"": null}",ENTRY_CHECK,BNB-USDT-SWAP,закрытие_не_удержалось_выше_канала,закрытие не удержалось выше канала,rejected,2026-03-27 04:06:10,
False,закрытие не удержалось выше канала,False,"{""score"": null, ""liquidity_score"": null, ""breakout_distance_atr"": null, ""freshness_score"": null}",ENTRY_CHECK,BNB-USDT-SWAP,закрытие_не_удержалось_выше_канала,закрытие не удержалось выше канала,rejected,2026-03-27 04:06:10,
False,classic_turtle_breakout_long,True,"{""score"": null, ""liquidity_score"": 99142.6054, ""breakout_distance_atr"": 2.8571, ""freshness_score"": 2.8671}",ENTRY_CHECK,BOME-USDT-SWAP,classic_turtle_breakout_long,classic_turtle_breakout_long,candidate,2026-03-27 04:06:12,
False,нет свежего пробоя Donchian на последней закрытой свече,False,"{""score"": null, ""liquidity_score"": null, ""breakout_distance_atr"": null, ""freshness_score"": null}",ENTRY_CHECK,BTC-USDT-SWAP,no_fresh_breakout,нет свежего пробоя Donchian на последней закрытой свече,rejected,2026-03-27 04:06:14,
False,закрытие не удержалось выше канала,False,"{""score"": null, ""liquidity_score"": null, ""breakout_distance_atr"": null, ""freshness_score"": null}",ENTRY_CHECK,COMP-USDT-SWAP,закрытие_не_удержалось_выше_канала,закрытие не удержалось выше канала,rejected,2026-03-27 04:06:24,
False,classic_turtle_breakout_short,True,"{""score"": null, ""liquidity_score"": 2.021, ""breakout_distance_atr"": 1.5385, ""freshness_score"": 1.5485}",ENTRY_CHECK,ETC-USDT-SWAP,classic_turtle_breakout_short,classic_turtle_breakout_short,candidate,2026-03-27 04:06:31,
False,нет свежего пробоя Donchian на последней закрытой свече,False,"{""score"": null, ""liquidity_score"": null, ""breakout_distance_atr"": null, ""freshness_score"": null}",ENTRY_CHECK,FIL-USDT-SWAP,no_fresh_breakout,нет свежего пробоя Donchian на последней закрытой свече,rejected,2026-03-27 04:06:37,
False,нет свежего пробоя Donchian на последней закрытой свече,False,"{""score"": null, ""liquidity_score"": null, ""breakout_distance_atr"": null, ""freshness_score"": null}",ENTRY_CHECK,KSM-USDT-SWAP,no_fresh_breakout,нет свежего пробоя Donchian на последней закрытой свече,rejected,2026-03-27 04:06:54,
False,нет свежего пробоя Donchian на последней закрытой свече,False,"{""score"": null, ""liquidity_score"": null, ""breakout_distance_atr"": null, ""freshness_score"": null}",ENTRY_CHECK,LDO-USDT-SWAP,no_fresh_breakout,нет свежего пробоя Donchian на последней закрытой свече,rejected,2026-03-27 04:06:56,
False,momentum chase blocked after 3 same-side candles,False,"{""score"": null, ""liquidity_score"": null, ""breakout_distance_atr"": 0.3053, ""freshness_score"": null}",ENTRY_CHECK,LINK-USDT-SWAP,blacklist,momentum chase blocked after 3 same-side candles,rejected,2026-03-27 04:06:58,
False,нет свежего пробоя Donchian на последней закрытой свече,False,"{""score"": null, ""liquidity_score"": null, ""breakout_distance_atr"": null, ""freshness_score"": null}",ENTRY_CHECK,LRC-USDT-SWAP,no_fresh_breakout,нет свежего пробоя Donchian на последней закрытой свече,rejected,2026-03-27 04:07:03,
False,нет свежего пробоя Donchian на последней закрытой свече,False,"{""score"": null, ""liquidity_score"": null, ""breakout_distance_atr"": null, ""freshness_score"": null}",ENTRY_CHECK,MET-USDT-SWAP,no_fresh_breakout,нет свежего пробоя Donchian на последней закрытой свече,rejected,2026-03-27 04:07:10,
False,нет свежего пробоя Donchian на последней закрытой свече,False,"{""score"": null, ""liquidity_score"": null, ""breakout_distance_atr"": null, ""freshness_score"": null}",ENTRY_CHECK,MINA-USDT-SWAP,no_fresh_breakout,нет свежего пробоя Donchian на последней закрытой свече,rejected,2026-03-27 04:07:12,
False,нет свежего пробоя Donchian на последней закрытой свече,False,"{""score"": null, ""liquidity_score"": null, ""breakout_distance_atr"": null, ""freshness_score"": null}",ENTRY_CHECK,NEAR-USDT-SWAP,no_fresh_breakout,нет свежего пробоя Donchian на последней закрытой свече,rejected,2026-03-27 04:07:15,
False,нет свежего пробоя Donchian на последней закрытой свече,False,"{""score"": null, ""liquidity_score"": null, ""breakout_distance_atr"": null, ""freshness_score"": null}",ENTRY_CHECK,XRP-USDT-SWAP,no_fresh_breakout,нет свежего пробоя Donchian на последней закрытой свече,rejected,2026-03-27 04:07:49,
False,нет свежего пробоя Donchian на последней закрытой свече,False,"{""score"": null, ""liquidity_score"": null, ""breakout_distance_atr"": null, ""freshness_score"": null}",ENTRY_CHECK,XTZ-USDT-SWAP,no_fresh_breakout,нет свежего пробоя Donchian на последней закрытой свече,rejected,2026-03-27 04:07:51,
False,classic_turtle_breakout_long,True,"{""score"": null, ""liquidity_score"": 99142.6054, ""breakout_distance_atr"": 2.8571, ""freshness_score"": 2.8671}",ENTRY_RANK,BOME-USDT-SWAP,classic_turtle_breakout_long,classic_turtle_breakout_long,ranked_candidate,2026-03-27 04:07:59,
False,classic_turtle_breakout_short,True,"{""score"": null, ""liquidity_score"": 2.021, ""breakout_distance_atr"": 1.5385, ""freshness_score"": 1.5485}",ENTRY_RANK,ETC-USDT-SWAP,classic_turtle_breakout_short,classic_turtle_breakout_short,ranked_candidate,2026-03-27 04:07:59,
False,entry_failed,False,"{""score"": null, ""liquidity_score"": null, ""breakout_distance_atr"": null, ""freshness_score"": null}",ENTRY_EXECUTION,BOME-USDT-SWAP,unknown,,entry_failed,2026-03-27 04:08:00,
True,entry_sent,True,"{""score"": null, ""liquidity_score"": null, ""breakout_distance_atr"": 1.5385, ""freshness_score"": null}",ENTRY_EXECUTION,ETC-USDT-SWAP,unknown,,entry_sent,2026-03-27 04:08:02,
True,position_opened,True,"{""units"": null, ""last_price"": null, ""next_pyramid_price"": null, ""retry_after_sec"": null}",ENTRY_EXECUTION,ETC-USDT-SWAP,unknown,,position_opened,2026-03-27 04:08:02,20260327_040802_ETC-USDT-SWAP_short
True,pyramid_added,True,"{""units"": 2, ""last_price"": null, ""next_pyramid_price"": 8.17025, ""retry_after_sec"": null}",ADD_UNIT_CHECK,ETC-USDT-SWAP,unknown,,pyramid_added,2026-03-27 04:09:55,20260327_040802_ETC-USDT-SWAP_short
False,нет свежего пробоя Donchian на последней закрытой свече,False,"{""score"": null, ""liquidity_score"": null, ""breakout_distance_atr"": null, ""freshness_score"": null}",ENTRY_CHECK,1INCH-USDT-SWAP,no_fresh_breakout,нет свежего пробоя Donchian на последней закрытой свече,rejected,2026-03-27 04:10:18,
False,нет свежего пробоя Donchian на последней закрытой свече,False,"{""score"": null, ""liquidity_score"": null, ""breakout_distance_atr"": null, ""freshness_score"": null}",ENTRY_CHECK,AAVE-USDT-SWAP,no_fresh_breakout,нет свежего пробоя Donchian на последней закрытой свече,rejected,2026-03-27 04:10:23,
False,нет свежего пробоя Donchian на последней закрытой свече,False,"{""score"": null, ""liquidity_score"": null, ""breakout_distance_atr"": null, ""freshness_score"": null}",ENTRY_CHECK,ALGO-USDT-SWAP,no_fresh_breakout,нет свежего пробоя Donchian на последней закрытой свече,rejected,2026-03-27 04:10:30,
False,нет свежего пробоя Donchian на последней закрытой свече,False,"{""score"": null, ""liquidity_score"": null, ""breakout_distance_atr"": null, ""freshness_score"": null}",ENTRY_CHECK,ASTER-USDT-SWAP,no_fresh_breakout,нет свежего пробоя Donchian на последней закрытой свече,rejected,2026-03-27 04:10:34,
False,нет свежего пробоя Donchian на последней закрытой свече,False,"{""score"": null, ""liquidity_score"": null, ""breakout_distance_atr"": null, ""freshness_score"": null}",ENTRY_CHECK,AUCTION-USDT-SWAP,no_fresh_breakout,нет свежего пробоя Donchian на последней закрытой свече,rejected,2026-03-27 04:10:37,
False,нет свежего пробоя Donchian на последней закрытой свече,False,"{""score"": null, ""liquidity_score"": null, ""breakout_distance_atr"": null, ""freshness_score"": null}",ENTRY_CHECK,AVAX-USDT-SWAP,no_fresh_breakout,нет свежего пробоя Donchian на последней закрытой свече,rejected,2026-03-27 04:10:38,
False,нет свежего пробоя Donchian на последней закрытой свече,False,"{""score"": null, ""liquidity_score"": null, ""breakout_distance_atr"": null, ""freshness_score"": null}",ENTRY_CHECK,BNB-USDT-SWAP,no_fresh_breakout,нет свежего пробоя Donchian на последней закрытой свече,rejected,2026-03-27 04:10:46,
False,нет свежего пробоя Donchian на последней закрытой свече,False,"{""score"": null, ""liquidity_score"": null, ""breakout_distance_atr"": null, ""freshness_score"": null}",ENTRY_CHECK,BOME-USDT-SWAP,no_fresh_breakout,нет свежего пробоя Donchian на последней закрытой свече,rejected,2026-03-27 04:10:46,
False,classic_turtle_breakout_long,True,"{""score"": null, ""liquidity_score"": 7.6861, ""breakout_distance_atr"": 0.6452, ""freshness_score"": 0.6552}",ENTRY_CHECK,FIL-USDT-SWAP,classic_turtle_breakout_long,classic_turtle_breakout_long,candidate,2026-03-27 04:10:57,
False,нет свежего пробоя Donchian на последней закрытой свече,False,"{""score"": null, ""liquidity_score"": null, ""breakout_distance_atr"": null, ""freshness_score"": null}",ENTRY_CHECK,LDO-USDT-SWAP,no_fresh_breakout,нет свежего пробоя Donchian на последней закрытой свече,rejected,2026-03-27 04:11:16,
False,нет свежего пробоя Donchian на последней закрытой свече,False,"{""score"": null, ""liquidity_score"": null, ""breakout_distance_atr"": null, ""freshness_score"": null}",ENTRY_CHECK,LINK-USDT-SWAP,no_fresh_breakout,нет свежего пробоя Donchian на последней закрытой свече,rejected,2026-03-27 04:11:19,
False,нет свежего пробоя Donchian на последней закрытой свече,False,"{""score"": null, ""liquidity_score"": null, ""breakout_distance_atr"": null, ""freshness_score"": null}",ENTRY_CHECK,LRC-USDT-SWAP,no_fresh_breakout,нет свежего пробоя Donchian на последней закрытой свече,rejected,2026-03-27 04:11:23,
False,нет свежего пробоя Donchian на последней закрытой свече,False,"{""score"": null, ""liquidity_score"": null, ""breakout_distance_atr"": null, ""freshness_score"": null}",ENTRY_CHECK,MET-USDT-SWAP,no_fresh_breakout,нет свежего пробоя Donchian на последней закрытой свече,rejected,2026-03-27 04:11:31,
False,нет свежего пробоя Donchian на последней закрытой свече,False,"{""score"": null, ""liquidity_score"": null, ""breakout_distance_atr"": null, ""freshness_score"": null}",ENTRY_CHECK,MINA-USDT-SWAP,no_fresh_breakout,нет свежего пробоя Donchian на последней закрытой свече,rejected,2026-03-27 04:11:32,
False,нет свежего пробоя Donchian на последней закрытой свече,False,"{""score"": null, ""liquidity_score"": null, ""breakout_distance_atr"": null, ""freshness_score"": null}",ENTRY_CHECK,NEAR-USDT-SWAP,no_fresh_breakout,нет свежего пробоя Donchian на последней закрытой свече,rejected,2026-03-27 04:11:35,
False,нет свежего пробоя Donchian на последней закрытой свече,False,"{""score"": null, ""liquidity_score"": null, ""breakout_distance_atr"": null, ""freshness_score"": null}",ENTRY_CHECK,TSLA-USDT-SWAP,no_fresh_breakout,нет свежего пробоя Donchian на последней закрытой свече,rejected,2026-03-27 04:12:06,
False,нет свежего пробоя Donchian на последней закрытой свече,False,"{""score"": null, ""liquidity_score"": null, ""breakout_distance_atr"": null, ""freshness_score"": null}",ENTRY_CHECK,XRP-USDT-SWAP,no_fresh_breakout,нет свежего пробоя Donchian на последней закрытой свече,rejected,2026-03-27 04:12:09,
False,нет свежего пробоя Donchian на последней закрытой свече,False,"{""score"": null, ""liquidity_score"": null, ""breakout_distance_atr"": null, ""freshness_score"": null}",ENTRY_CHECK,XTZ-USDT-SWAP,no_fresh_breakout,нет свежего пробоя Donchian на последней закрытой свече,rejected,2026-03-27 04:12:12,
False,classic_turtle_breakout_long,True,"{""score"": null, ""liquidity_score"": 7.6861, ""breakout_distance_atr"": 0.6452, ""freshness_score"": 0.6552}",ENTRY_RANK,FIL-USDT-SWAP,classic_turtle_breakout_long,classic_turtle_breakout_long,ranked_candidate,2026-03-27 04:12:19,
True,entry_sent,True,"{""score"": null, ""liquidity_score"": null, ""breakout_distance_atr"": 0.6452, ""freshness_score"": null}",ENTRY_EXECUTION,FIL-USDT-SWAP,unknown,,entry_sent,2026-03-27 04:12:21,
True,position_opened,True,"{""units"": null, ""last_price"": null, ""next_pyramid_price"": null, ""retry_after_sec"": null}",ENTRY_EXECUTION,FIL-USDT-SWAP,unknown,,position_opened,2026-03-27 04:12:21,20260327_041221_FIL-USDT-SWAP_long
True,ATR stop update,True,"{""price"": 0.2203, ""prev_stop_price"": 0.21717, ""stop_price"": 0.21714, ""peak_unrealized_pnl"": 0.0}",STOP_MOVE_CHECK,CRV-USDT-SWAP,unknown,ATR stop update,TRAIL_UPDATE,2026-03-27 04:12:49,20260326_235556_CRV-USDT-SWAP_short
True,ATR stop update,True,"{""price"": 0.2175, ""prev_stop_price"": 0.21807, ""stop_price"": 0.21789, ""peak_unrealized_pnl"": 0.0}",STOP_MOVE_CHECK,SYRUP-USDT-SWAP,unknown,ATR stop update,TRAIL_UPDATE,2026-03-27 04:14:28,20260327_035116_SYRUP-USDT-SWAP_short
True,pyramid_added,True,"{""units"": 2, ""last_price"": null, ""next_pyramid_price"": 0.2174837159709619, ""retry_after_sec"": null}",ADD_UNIT_CHECK,SYRUP-USDT-SWAP,unknown,,pyramid_added,2026-03-27 04:14:29,20260327_035116_SYRUP-USDT-SWAP_short
False,нет свежего пробоя Donchian на последней закрытой свече,False,"{""score"": null, ""liquidity_score"": null, ""breakout_distance_atr"": null, ""freshness_score"": null}",ENTRY_CHECK,1INCH-USDT-SWAP,no_fresh_breakout,нет свежего пробоя Donchian на последней закрытой свече,rejected,2026-03-27 04:15:11,
False,classic_turtle_breakout_long,True,"{""score"": null, ""liquidity_score"": 23.3812, ""breakout_distance_atr"": 0.3378, ""freshness_score"": 0.3478}",ENTRY_CHECK,AAVE-USDT-SWAP,classic_turtle_breakout_long,classic_turtle_breakout_long,candidate,2026-03-27 04:15:15,
False,classic_turtle_breakout_long,True,"{""score"": null, ""liquidity_score"": 23.3812, ""breakout_distance_atr"": 0.3378, ""freshness_score"": 0.3478}",ENTRY_CHECK,AAVE-USDT-SWAP,classic_turtle_breakout_long,classic_turtle_breakout_long,candidate,2026-03-27 04:15:15,
False,нет свежего пробоя Donchian на последней закрытой свече,False,"{""score"": null, ""liquidity_score"": null, ""breakout_distance_atr"": null, ""freshness_score"": null}",ENTRY_CHECK,ADA-USDT-SWAP,no_fresh_breakout,нет свежего пробоя Donchian на последней закрытой свече,rejected,2026-03-27 04:15:18,
False,нет свежего пробоя Donchian на последней закрытой свече,False,"{""score"": null, ""liquidity_score"": null, ""breakout_distance_atr"": null, ""freshness_score"": null}",ENTRY_CHECK,ALGO-USDT-SWAP,no_fresh_breakout,нет свежего пробоя Donchian на последней закрытой свече,rejected,2026-03-27 04:15:23,
False,classic_turtle_breakout_long,True,"{""score"": null, ""liquidity_score"": 10.1994, ""breakout_distance_atr"": 0.1961, ""freshness_score"": 0.2061}",ENTRY_CHECK,AUCTION-USDT-SWAP,classic_turtle_breakout_long,classic_turtle_breakout_long,candidate,2026-03-27 04:15:31,
False,нет свежего пробоя Donchian на последней закрытой свече,False,"{""score"": null, ""liquidity_score"": null, ""breakout_distance_atr"": null, ""freshness_score"": null}",ENTRY_CHECK,AVAX-USDT-SWAP,no_fresh_breakout,нет свежего пробоя Donchian на последней закрытой свече,rejected,2026-03-27 04:15:32,
False,нет свежего пробоя Donchian на последней закрытой свече,False,"{""score"": null, ""liquidity_score"": null, ""breakout_distance_atr"": null, ""freshness_score"": null}",ENTRY_CHECK,BAND-USDT-SWAP,no_fresh_breakout,нет свежего пробоя Donchian на последней закрытой свече,rejected,2026-03-27 04:15:35,
False,нет свежего пробоя Donchian на последней закрытой свече,False,"{""score"": null, ""liquidity_score"": null, ""breakout_distance_atr"": null, ""freshness_score"": null}",ENTRY_CHECK,BNB-USDT-SWAP,no_fresh_breakout,нет свежего пробоя Donchian на последней закрытой свече,rejected,2026-03-27 04:15:40,
False,закрытие не удержалось выше канала,False,"{""score"": null, ""liquidity_score"": null, ""breakout_distance_atr"": null, ""freshness_score"": null}",ENTRY_CHECK,BTC-USDT-SWAP,закрытие_не_удержалось_выше_канала,закрытие не удержалось выше канала,rejected,2026-03-27 04:15:44,
False,classic_turtle_breakout_long,True,"{""score"": null, ""liquidity_score"": 70.9752, ""breakout_distance_atr"": 1.1765, ""freshness_score"": 1.1865}",ENTRY_CHECK,CFX-USDT-SWAP,classic_turtle_breakout_long,classic_turtle_breakout_long,candidate,2026-03-27 04:15:50,
False,нет свежего пробоя Donchian на последней закрытой свече,False,"{""score"": null, ""liquidity_score"": null, ""breakout_distance_atr"": null, ""freshness_score"": null}",ENTRY_CHECK,COMP-USDT-SWAP,no_fresh_breakout,нет свежего пробоя Donchian на последней закрытой свече,rejected,2026-03-27 04:15:53,
False,нет свежего пробоя Donchian на последней закрытой свече,False,"{""score"": null, ""liquidity_score"": null, ""breakout_distance_atr"": null, ""freshness_score"": null}",ENTRY_CHECK,LDO-USDT-SWAP,no_fresh_breakout,нет свежего пробоя Donchian на последней закрытой свече,rejected,2026-03-27 04:16:11,
False,закрытие не удержалось выше канала,False,"{""score"": null, ""liquidity_score"": null, ""breakout_distance_atr"": null, ""freshness_score"": null}",ENTRY_CHECK,LINK-USDT-SWAP,закрытие_не_удержалось_выше_канала,закрытие не удержалось выше канала,rejected,2026-03-27 04:16:14,
False,нет свежего пробоя Donchian на последней закрытой свече,False,"{""score"": null, ""liquidity_score"": null, ""breakout_distance_atr"": null, ""freshness_score"": null}",ENTRY_CHECK,LRC-USDT-SWAP,no_fresh_breakout,нет свежего пробоя Donchian на последней закрытой свече,rejected,2026-03-27 04:16:18,
False,нет свежего пробоя Donchian на последней закрытой свече,False,"{""score"": null, ""liquidity_score"": null, ""breakout_distance_atr"": null, ""freshness_score"": null}",ENTRY_CHECK,MET-USDT-SWAP,no_fresh_breakout,нет свежего пробоя Donchian на последней закрытой свече,rejected,2026-03-27 04:16:26,
False,нет свежего пробоя Donchian на последней закрытой свече,False,"{""score"": null, ""liquidity_score"": null, ""breakout_distance_atr"": null, ""freshness_score"": null}",ENTRY_CHECK,MINA-USDT-SWAP,no_fresh_breakout,нет свежего пробоя Donchian на последней закрытой свече,rejected,2026-03-27 04:16:27,
False,нет свежего пробоя Donchian на последней закрытой свече,False,"{""score"": null, ""liquidity_score"": null, ""breakout_distance_atr"": null, ""freshness_score"": null}",ENTRY_CHECK,NEAR-USDT-SWAP,no_fresh_breakout,нет свежего пробоя Donchian на последней закрытой свече,rejected,2026-03-27 04:16:30,
False,нет свежего пробоя Donchian на последней закрытой свече,False,"{""score"": null, ""liquidity_score"": null, ""breakout_distance_atr"": null, ""freshness_score"": null}",ENTRY_CHECK,OP-USDT-SWAP,no_fresh_breakout,нет свежего пробоя Donchian на последней закрытой свече,rejected,2026-03-27 04:16:33,
False,нет свежего пробоя Donchian на последней закрытой свече,False,"{""score"": null, ""liquidity_score"": null, ""breakout_distance_atr"": null, ""freshness_score"": null}",ENTRY_CHECK,XRP-USDT-SWAP,no_fresh_breakout,нет свежего пробоя Donchian на последней закрытой свече,rejected,2026-03-27 04:17:05,
False,нет свежего пробоя Donchian на последней закрытой свече,False,"{""score"": null, ""liquidity_score"": null, ""breakout_distance_atr"": null, ""freshness_score"": null}",ENTRY_CHECK,XTZ-USDT-SWAP,no_fresh_breakout,нет свежего пробоя Donchian на последней закрытой свече,rejected,2026-03-27 04:17:07,
False,classic_turtle_breakout_long,True,"{""score"": null, ""liquidity_score"": 23.3812, ""breakout_distance_atr"": 0.3378, ""freshness_score"": 0.3478}",ENTRY_RANK,AAVE-USDT-SWAP,classic_turtle_breakout_long,classic_turtle_breakout_long,ranked_candidate,2026-03-27 04:17:14,
False,classic_turtle_breakout_long,True,"{""score"": null, ""liquidity_score"": 23.3812, ""breakout_distance_atr"": 0.3378, ""freshness_score"": 0.3478}",ENTRY_RANK,AAVE-USDT-SWAP,classic_turtle_breakout_long,classic_turtle_breakout_long,ranked_candidate,2026-03-27 04:17:14,
False,entry_failed,False,"{""score"": null, ""liquidity_score"": null, ""breakout_distance_atr"": null, ""freshness_score"": null}",ENTRY_EXECUTION,AAVE-USDT-SWAP,unknown,,entry_failed,2026-03-27 04:17:14,
False,classic_turtle_breakout_long,True,"{""score"": null, ""liquidity_score"": 10.1994, ""breakout_distance_atr"": 0.1961, ""freshness_score"": 0.2061}",ENTRY_RANK,AUCTION-USDT-SWAP,classic_turtle_breakout_long,classic_turtle_breakout_long,ranked_candidate,2026-03-27 04:17:14,
False,classic_turtle_breakout_long,True,"{""score"": null, ""liquidity_score"": 70.9752, ""breakout_distance_atr"": 1.1765, ""freshness_score"": 1.1865}",ENTRY_RANK,CFX-USDT-SWAP,classic_turtle_breakout_long,classic_turtle_breakout_long,ranked_candidate,2026-03-27 04:17:14,
False,entry_failed,False,"{""score"": null, ""liquidity_score"": null, ""breakout_distance_atr"": null, ""freshness_score"": null}",ENTRY_EXECUTION,AAVE-USDT-SWAP,unknown,,entry_failed,2026-03-27 04:17:15,
False,entry_failed,False,"{""score"": null, ""liquidity_score"": null, ""breakout_distance_atr"": null, ""freshness_score"": null}",ENTRY_EXECUTION,AUCTION-USDT-SWAP,unknown,,entry_failed,2026-03-27 04:17:15,
True,entry_sent,True,"{""score"": null, ""liquidity_score"": null, ""breakout_distance_atr"": 1.1765, ""freshness_score"": null}",ENTRY_EXECUTION,CFX-USDT-SWAP,unknown,,entry_sent,2026-03-27 04:17:17,
True,position_opened,True,"{""units"": null, ""last_price"": null, ""next_pyramid_price"": null, ""retry_after_sec"": null}",ENTRY_EXECUTION,CFX-USDT-SWAP,unknown,,position_opened,2026-03-27 04:17:17,20260327_041717_CFX-USDT-SWAP_long
True,ATR stop update,True,"{""price"": 1.318, ""prev_stop_price"": 1.3218, ""stop_price"": 1.3235000000000001, ""peak_unrealized_pnl"": 0.0}",STOP_MOVE_CHECK,DOT-USDT-SWAP,unknown,ATR stop update,TRAIL_UPDATE,2026-03-27 04:18:22,20260327_004300_DOT-USDT-SWAP_long
False,нет свежего пробоя Donchian на последней закрытой свече,False,"{""score"": null, ""liquidity_score"": null, ""breakout_distance_atr"": null, ""freshness_score"": null}",ENTRY_CHECK,1INCH-USDT-SWAP,no_fresh_breakout,нет свежего пробоя Donchian на последней закрытой свече,rejected,2026-03-27 04:19:49,
False,classic_turtle_breakout_long,True,"{""score"": null, ""liquidity_score"": 7.8683, ""breakout_distance_atr"": 0.3378, ""freshness_score"": 0.3478}",ENTRY_CHECK,AAVE-USDT-SWAP,classic_turtle_breakout_long,classic_turtle_breakout_long,candidate,2026-03-27 04:19:54,
False,classic_turtle_breakout_long,True,"{""score"": null, ""liquidity_score"": 7.8683, ""breakout_distance_atr"": 0.3378, ""freshness_score"": 0.3478}",ENTRY_CHECK,AAVE-USDT-SWAP,classic_turtle_breakout_long,classic_turtle_breakout_long,candidate,2026-03-27 04:19:54,
False,нет свежего пробоя Donchian на последней закрытой свече,False,"{""score"": null, ""liquidity_score"": null, ""breakout_distance_atr"": null, ""freshness_score"": null}",ENTRY_CHECK,ALGO-USDT-SWAP,no_fresh_breakout,нет свежего пробоя Donchian на последней закрытой свече,rejected,2026-03-27 04:20:01,
False,нет свежего пробоя Donchian на последней закрытой свече,False,"{""score"": null, ""liquidity_score"": null, ""breakout_distance_atr"": null, ""freshness_score"": null}",ENTRY_CHECK,ASTER-USDT-SWAP,no_fresh_breakout,нет свежего пробоя Donchian на последней закрытой свече,rejected,2026-03-27 04:20:06,
False,classic_turtle_breakout_long,True,"{""score"": null, ""liquidity_score"": 10.1796, ""breakout_distance_atr"": 0.1961, ""freshness_score"": 0.2061}",ENTRY_CHECK,AUCTION-USDT-SWAP,classic_turtle_breakout_long,classic_turtle_breakout_long,candidate,2026-03-27 04:20:09,
False,нет свежего пробоя Donchian на последней закрытой свече,False,"{""score"": null, ""liquidity_score"": null, ""breakout_distance_atr"": null, ""freshness_score"": null}",ENTRY_CHECK,BNB-USDT-SWAP,no_fresh_breakout,нет свежего пробоя Donchian на последней закрытой свече,rejected,2026-03-27 04:20:20,
False,нет свежего пробоя Donchian на последней закрытой свече,False,"{""score"": null, ""liquidity_score"": null, ""breakout_distance_atr"": null, ""freshness_score"": null}",ENTRY_CHECK,BOME-USDT-SWAP,no_fresh_breakout,нет свежего пробоя Donchian на последней закрытой свече,rejected,2026-03-27 04:20:21,
False,нет свежего пробоя Donchian на последней закрытой свече,False,"{""score"": null, ""liquidity_score"": null, ""breakout_distance_atr"": null, ""freshness_score"": null}",ENTRY_CHECK,COMP-USDT-SWAP,no_fresh_breakout,нет свежего пробоя Donchian на последней закрытой свече,rejected,2026-03-27 04:20:33,
False,classic_turtle_breakout_long,True,"{""score"": null, ""liquidity_score"": 1.4748, ""breakout_distance_atr"": 2.8571, ""freshness_score"": 2.8671}",ENTRY_CHECK,KSM-USDT-SWAP,classic_turtle_breakout_long,classic_turtle_breakout_long,candidate,2026-03-27 04:20:46,
False,нет свежего пробоя Donchian на последней закрытой свече,False,"{""score"": null, ""liquidity_score"": null, ""breakout_distance_atr"": null, ""freshness_score"": null}",ENTRY_CHECK,LDO-USDT-SWAP,no_fresh_breakout,нет свежего пробоя Donchian на последней закрытой свече,rejected,2026-03-27 04:20:47,
False,нет свежего пробоя Donchian на последней закрытой свече,False,"{""score"": null, ""liquidity_score"": null, ""breakout_distance_atr"": null, ""freshness_score"": null}",ENTRY_CHECK,LINK-USDT-SWAP,no_fresh_breakout,нет свежего пробоя Donchian на последней закрытой свече,rejected,2026-03-27 04:20:49,
False,закрытие не удержалось выше канала,False,"{""score"": null, ""liquidity_score"": null, ""breakout_distance_atr"": null, ""freshness_score"": null}",ENTRY_CHECK,LRC-USDT-SWAP,закрытие_не_удержалось_выше_канала,закрытие не удержалось выше канала,rejected,2026-03-27 04:20:54,
False,oversized breakout candle 12.94 ATR > 3.50 ATR,False,"{""score"": null, ""liquidity_score"": null, ""breakout_distance_atr"": 4.7059, ""freshness_score"": null}",ENTRY_CHECK,LRC-USDT-SWAP,oversized_breakout_candle_12.94_atr_>_3.50_atr,oversized breakout candle 12.94 ATR > 3.50 ATR,rejected,2026-03-27 04:20:54,
False,classic_turtle_breakout_long,True,"{""score"": null, ""liquidity_score"": 39.854, ""breakout_distance_atr"": 1.5278, ""freshness_score"": 1.5378}",ENTRY_CHECK,MINA-USDT-SWAP,classic_turtle_breakout_long,classic_turtle_breakout_long,candidate,2026-03-27 04:21:04,
False,нет свежего пробоя Donchian на последней закрытой свече,False,"{""score"": null, ""liquidity_score"": null, ""breakout_distance_atr"": null, ""freshness_score"": null}",ENTRY_CHECK,NEAR-USDT-SWAP,no_fresh_breakout,нет свежего пробоя Donchian на последней закрытой свече,rejected,2026-03-27 04:21:06,
False,нет свежего пробоя Donchian на последней закрытой свече,False,"{""score"": null, ""liquidity_score"": null, ""breakout_distance_atr"": null, ""freshness_score"": null}",ENTRY_CHECK,OP-USDT-SWAP,no_fresh_breakout,нет свежего пробоя Donchian на последней закрытой свече,rejected,2026-03-27 04:21:08,
False,нет свежего пробоя Donchian на последней закрытой свече,False,"{""score"": null, ""liquidity_score"": null, ""breakout_distance_atr"": null, ""freshness_score"": null}",ENTRY_CHECK,TSLA-USDT-SWAP,no_fresh_breakout,нет свежего пробоя Donchian на последней закрытой свече,rejected,2026-03-27 04:21:34,
False,нет свежего пробоя Donchian на последней закрытой свече,False,"{""score"": null, ""liquidity_score"": null, ""breakout_distance_atr"": null, ""freshness_score"": null}",ENTRY_CHECK,XRP-USDT-SWAP,no_fresh_breakout,нет свежего пробоя Donchian на последней закрытой свече,rejected,2026-03-27 04:21:38,
False,нет свежего пробоя Donchian на последней закрытой свече,False,"{""score"": null, ""liquidity_score"": null, ""breakout_distance_atr"": null, ""freshness_score"": null}",ENTRY_CHECK,XTZ-USDT-SWAP,no_fresh_breakout,нет свежего пробоя Donchian на последней закрытой свече,rejected,2026-03-27 04:21:40,
False,classic_turtle_breakout_long,True,"{""score"": null, ""liquidity_score"": 7.8683, ""breakout_distance_atr"": 0.3378, ""freshness_score"": 0.3478}",ENTRY_RANK,AAVE-USDT-SWAP,classic_turtle_breakout_long,classic_turtle_breakout_long,ranked_candidate,2026-03-27 04:21:48,
False,classic_turtle_breakout_long,True,"{""score"": null, ""liquidity_score"": 7.8683, ""breakout_distance_atr"": 0.3378, ""freshness_score"": 0.3478}",ENTRY_RANK,AAVE-USDT-SWAP,classic_turtle_breakout_long,classic_turtle_breakout_long,ranked_candidate,2026-03-27 04:21:48,
False,entry_failed,False,"{""score"": null, ""liquidity_score"": null, ""breakout_distance_atr"": null, ""freshness_score"": null}",ENTRY_EXECUTION,AAVE-USDT-SWAP,unknown,,entry_failed,2026-03-27 04:21:48,
False,classic_turtle_breakout_long,True,"{""score"": null, ""liquidity_score"": 10.1796, ""breakout_distance_atr"": 0.1961, ""freshness_score"": 0.2061}",ENTRY_RANK,AUCTION-USDT-SWAP,classic_turtle_breakout_long,classic_turtle_breakout_long,ranked_candidate,2026-03-27 04:21:48,
False,classic_turtle_breakout_long,True,"{""score"": null, ""liquidity_score"": 1.4748, ""breakout_distance_atr"": 2.8571, ""freshness_score"": 2.8671}",ENTRY_RANK,KSM-USDT-SWAP,classic_turtle_breakout_long,classic_turtle_breakout_long,ranked_candidate,2026-03-27 04:21:48,
False,classic_turtle_breakout_long,True,"{""score"": null, ""liquidity_score"": 39.854, ""breakout_distance_atr"": 1.5278, ""freshness_score"": 1.5378}",ENTRY_RANK,MINA-USDT-SWAP,classic_turtle_breakout_long,classic_turtle_breakout_long,ranked_candidate,2026-03-27 04:21:48,
True,entry_sent,True,"{""score"": null, ""liquidity_score"": null, ""breakout_distance_atr"": 2.8571, ""freshness_score"": null}",ENTRY_EXECUTION,KSM-USDT-SWAP,unknown,,entry_sent,2026-03-27 04:21:50,
True,position_opened,True,"{""units"": null, ""last_price"": null, ""next_pyramid_price"": null, ""retry_after_sec"": null}",ENTRY_EXECUTION,KSM-USDT-SWAP,unknown,,position_opened,2026-03-27 04:21:50,20260327_042150_KSM-USDT-SWAP_long
False,rotation_started,True,"{""units"": null, ""last_price"": null, ""next_pyramid_price"": null, ""retry_after_sec"": null}",ROTATION_CHECK,,unknown,,rotation_started,2026-03-27 04:21:51,
True,Ротация под новый сигнал AUCTION-USDT-SWAP,True,"{""units"": 1, ""last_price"": null, ""next_pyramid_price"": null, ""retry_after_sec"": null}",EXIT_CHECK,NEO-USDT-SWAP,rotation_block,Ротация под новый сигнал AUCTION-USDT-SWAP,position_closed,2026-03-27 04:21:51,20260326_235554_NEO-USDT-SWAP_short
True,rotation_completed,True,"{""units"": null, ""last_price"": null, ""next_pyramid_price"": null, ""retry_after_sec"": null}",ROTATION_CHECK,,unknown,,rotation_completed,2026-03-27 04:21:53,
False,entry_failed,False,"{""score"": null, ""liquidity_score"": null, ""breakout_distance_atr"": null, ""freshness_score"": null}",ENTRY_EXECUTION,AUCTION-USDT-SWAP,unknown,,entry_failed,2026-03-27 04:21:53,
False,rotation_started,True,"{""units"": null, ""last_price"": null, ""next_pyramid_price"": null, ""retry_after_sec"": null}",ROTATION_CHECK,,unknown,,rotation_started,2026-03-27 04:21:56,
True,Ротация под новый сигнал AAVE-USDT-SWAP,True,"{""units"": 1, ""last_price"": null, ""next_pyramid_price"": null, ""retry_after_sec"": null}",EXIT_CHECK,INJ-USDT-SWAP,rotation_block,Ротация под новый сигнал AAVE-USDT-SWAP,position_closed,2026-03-27 04:21:56,20260326_235556_INJ-USDT-SWAP_short
True,entry_sent,True,"{""score"": null, ""liquidity_score"": null, ""breakout_distance_atr"": 1.5278, ""freshness_score"": null}",ENTRY_EXECUTION,MINA-USDT-SWAP,unknown,,entry_sent,2026-03-27 04:21:56,
True,position_opened,True,"{""units"": null, ""last_price"": null, ""next_pyramid_price"": null, ""retry_after_sec"": null}",ENTRY_EXECUTION,MINA-USDT-SWAP,unknown,,position_opened,2026-03-27 04:21:56,20260327_042155_MINA-USDT-SWAP_long
True,rotation_completed,True,"{""units"": null, ""last_price"": null, ""next_pyramid_price"": null, ""retry_after_sec"": null}",ROTATION_CHECK,,unknown,,rotation_completed,2026-03-27 04:21:58,
False,entry_failed,False,"{""score"": null, ""liquidity_score"": null, ""breakout_distance_atr"": null, ""freshness_score"": null}",ENTRY_EXECUTION,AAVE-USDT-SWAP,unknown,,entry_failed,2026-03-27 04:21:58,
True,TURTLE stop update,True,"{""price"": 0.0363, ""prev_stop_price"": 0.0357, ""stop_price"": 0.0358, ""peak_unrealized_pnl"": 523.9331999995414}",STOP_MOVE_CHECK,YGG-USDT-SWAP,unknown,TURTLE stop update,TRAIL_UPDATE,2026-03-27 04:22:54,20260327_014759_YGG-USDT-SWAP_long
True,Синхронизация: позиция отсутствует на бирже,True,"{""units"": 2, ""last_price"": null, ""next_pyramid_price"": null, ""retry_after_sec"": null}",EXIT_CHECK,SYRUP-USDT-SWAP,синхронизация:_позиция_отсутствует_на_бирже,Синхронизация: позиция отсутствует на бирже,position_closed,2026-03-27 04:23:33,20260327_035116_SYRUP-USDT-SWAP_short
True,ATR stop update,True,"{""price"": 0.875, ""prev_stop_price"": 0.862, ""stop_price"": 0.8714999999999999, ""peak_unrealized_pnl"": 0.0}",STOP_MOVE_CHECK,FIL-USDT-SWAP,unknown,ATR stop update,TRAIL_UPDATE,2026-03-27 04:23:57,20260327_041221_FIL-USDT-SWAP_long
False,нет свежего пробоя Donchian на последней закрытой свече,False,"{""score"": null, ""liquidity_score"": null, ""breakout_distance_atr"": null, ""freshness_score"": null}",ENTRY_CHECK,1INCH-USDT-SWAP,no_fresh_breakout,нет свежего пробоя Donchian на последней закрытой свече,rejected,2026-03-27 04:24:29,
False,нет свежего пробоя Donchian на последней закрытой свече,False,"{""score"": null, ""liquidity_score"": null, ""breakout_distance_atr"": null, ""freshness_score"": null}",ENTRY_CHECK,AAVE-USDT-SWAP,no_fresh_breakout,нет свежего пробоя Donchian на последней закрытой свече,rejected,2026-03-27 04:24:34,
False,нет свежего пробоя Donchian на последней закрытой свече,False,"{""score"": null, ""liquidity_score"": null, ""breakout_distance_atr"": null, ""freshness_score"": null}",ENTRY_CHECK,ALGO-USDT-SWAP,no_fresh_breakout,нет свежего пробоя Donchian на последней закрытой свече,rejected,2026-03-27 04:24:41,
False,нет свежего пробоя Donchian на последней закрытой свече,False,"{""score"": null, ""liquidity_score"": null, ""breakout_distance_atr"": null, ""freshness_score"": null}",ENTRY_CHECK,ASTER-USDT-SWAP,no_fresh_breakout,нет свежего пробоя Donchian на последней закрытой свече,rejected,2026-03-27 04:24:46,
False,нет свежего пробоя Donchian на последней закрытой свече,False,"{""score"": null, ""liquidity_score"": null, ""breakout_distance_atr"": null, ""freshness_score"": null}",ENTRY_CHECK,AUCTION-USDT-SWAP,no_fresh_breakout,нет свежего пробоя Donchian на последней закрытой свече,rejected,2026-03-27 04:24:49,
False,нет свежего пробоя Donchian на последней закрытой свече,False,"{""score"": null, ""liquidity_score"": null, ""breakout_distance_atr"": null, ""freshness_score"": null}",ENTRY_CHECK,BNB-USDT-SWAP,no_fresh_breakout,нет свежего пробоя Donchian на последней закрытой свече,rejected,2026-03-27 04:24:58,
False,нет свежего пробоя Donchian на последней закрытой свече,False,"{""score"": null, ""liquidity_score"": null, ""breakout_distance_atr"": null, ""freshness_score"": null}",ENTRY_CHECK,BOME-USDT-SWAP,no_fresh_breakout,нет свежего пробоя Donchian на последней закрытой свече,rejected,2026-03-27 04:25:00,
False,нет свежего пробоя Donchian на последней закрытой свече,False,"{""score"": null, ""liquidity_score"": null, ""breakout_distance_atr"": null, ""freshness_score"": null}",ENTRY_CHECK,BTC-USDT-SWAP,no_fresh_breakout,нет свежего пробоя Donchian на последней закрытой свече,rejected,2026-03-27 04:25:02,
False,нет свежего пробоя Donchian на последней закрытой свече,False,"{""score"": null, ""liquidity_score"": null, ""breakout_distance_atr"": null, ""freshness_score"": null}",ENTRY_CHECK,COMP-USDT-SWAP,no_fresh_breakout,нет свежего пробоя Donchian на последней закрытой свече,rejected,2026-03-27 04:25:11,
False,"инструмент недавно закрыт ротацией, повторный вход временно заблокирован",False,"{""score"": null, ""liquidity_score"": null, ""breakout_distance_atr"": null, ""freshness_score"": null}",ENTRY_CHECK,INJ-USDT-SWAP,rotation_block,"инструмент недавно закрыт ротацией, повторный вход временно заблокирован",rejected,2026-03-27 04:25:33,
False,нет свежего пробоя Donchian на последней закрытой свече,False,"{""score"": null, ""liquidity_score"": null, ""breakout_distance_atr"": null, ""freshness_score"": null}",ENTRY_CHECK,LDO-USDT-SWAP,no_fresh_breakout,нет свежего пробоя Donchian на последней закрытой свече,rejected,2026-03-27 04:25:33,
False,нет свежего пробоя Donchian на последней закрытой свече,False,"{""score"": null, ""liquidity_score"": null, ""breakout_distance_atr"": null, ""freshness_score"": null}",ENTRY_CHECK,LINK-USDT-SWAP,no_fresh_breakout,нет свежего пробоя Donchian на последней закрытой свече,rejected,2026-03-27 04:25:33,
False,нет свежего пробоя Donchian на последней закрытой свече,False,"{""score"": null, ""liquidity_score"": null, ""breakout_distance_atr"": null, ""freshness_score"": null}",ENTRY_CHECK,LRC-USDT-SWAP,no_fresh_breakout,нет свежего пробоя Donchian на последней закрытой свече,rejected,2026-03-27 04:25:36,
False,нет свежего пробоя Donchian на последней закрытой свече,False,"{""score"": null, ""liquidity_score"": null, ""breakout_distance_atr"": null, ""freshness_score"": null}",ENTRY_CHECK,MET-USDT-SWAP,no_fresh_breakout,нет свежего пробоя Donchian на последней закрытой свече,rejected,2026-03-27 04:25:44,
False,нет свежего пробоя Donchian на последней закрытой свече,False,"{""score"": null, ""liquidity_score"": null, ""breakout_distance_atr"": null, ""freshness_score"": null}",ENTRY_CHECK,NEAR-USDT-SWAP,no_fresh_breakout,нет свежего пробоя Donchian на последней закрытой свече,rejected,2026-03-27 04:25:47,
False,нет свежего пробоя Donchian на последней закрытой свече,False,"{""score"": null, ""liquidity_score"": null, ""breakout_distance_atr"": null, ""freshness_score"": null}",ENTRY_CHECK,OP-USDT-SWAP,no_fresh_breakout,нет свежего пробоя Donchian на последней закрытой свече,rejected,2026-03-27 04:25:50,
False,нет свежего пробоя Donchian на последней закрытой свече,False,"{""score"": null, ""liquidity_score"": null, ""breakout_distance_atr"": null, ""freshness_score"": null}",ENTRY_CHECK,SYRUP-USDT-SWAP,no_fresh_breakout,нет свежего пробоя Donchian на последней закрытой свече,rejected,2026-03-27 04:26:10,
False,нет свежего пробоя Donchian на последней закрытой свече,False,"{""score"": null, ""liquidity_score"": null, ""breakout_distance_atr"": null, ""freshness_score"": null}",ENTRY_CHECK,TSLA-USDT-SWAP,no_fresh_breakout,нет свежего пробоя Donchian на последней закрытой свече,rejected,2026-03-27 04:26:17,
False,закрытие не удержалось выше канала,False,"{""score"": null, ""liquidity_score"": null, ""breakout_distance_atr"": null, ""freshness_score"": null}",ENTRY_CHECK,XRP-USDT-SWAP,закрытие_не_удержалось_выше_канала,закрытие не удержалось выше канала,rejected,2026-03-27 04:26:22,
False,закрытие не удержалось выше канала,False,"{""score"": null, ""liquidity_score"": null, ""breakout_distance_atr"": null, ""freshness_score"": null}",ENTRY_CHECK,XRP-USDT-SWAP,закрытие_не_удержалось_выше_канала,закрытие не удержалось выше канала,rejected,2026-03-27 04:26:22,
False,нет свежего пробоя Donchian на последней закрытой свече,False,"{""score"": null, ""liquidity_score"": null, ""breakout_distance_atr"": null, ""freshness_score"": null}",ENTRY_CHECK,XTZ-USDT-SWAP,no_fresh_breakout,нет свежего пробоя Donchian на последней закрытой свече,rejected,2026-03-27 04:26:25,
True,ATR stop update,True,"{""price"": 1.331, ""prev_stop_price"": 1.3235000000000001, ""stop_price"": 1.3245, ""peak_unrealized_pnl"": 0.0}",STOP_MOVE_CHECK,DOT-USDT-SWAP,unknown,ATR stop update,TRAIL_UPDATE,2026-03-27 04:27:19,20260327_004300_DOT-USDT-SWAP_long
True,TURTLE stop update,True,"{""price"": 68.23, ""prev_stop_price"": 68.39, ""stop_price"": 68.25, ""peak_unrealized_pnl"": 50.99060000000044}",STOP_MOVE_CHECK,XAG-USDT-SWAP,unknown,TURTLE stop update,TRAIL_UPDATE,2026-03-27 04:27:56,20260327_032835_XAG-USDT-SWAP_short
True,ATR stop update,True,"{""price"": 0.05928, ""prev_stop_price"": 0.05873, ""stop_price"": 0.059159, ""peak_unrealized_pnl"": 0.0}",STOP_MOVE_CHECK,CFX-USDT-SWAP,unknown,ATR stop update,TRAIL_UPDATE,2026-03-27 04:28:23,20260327_041717_CFX-USDT-SWAP_long
True,pyramid_added,True,"{""units"": 2, ""last_price"": null, ""next_pyramid_price"": 4.29433599257885, ""retry_after_sec"": null}",ADD_UNIT_CHECK,KSM-USDT-SWAP,unknown,,pyramid_added,2026-03-27 04:28:25,20260327_042150_KSM-USDT-SWAP_long
False,нет свежего пробоя Donchian на последней закрытой свече,False,"{""score"": null, ""liquidity_score"": null, ""breakout_distance_atr"": null, ""freshness_score"": null}",ENTRY_CHECK,1INCH-USDT-SWAP,no_fresh_breakout,нет свежего пробоя Donchian на последней закрытой свече,rejected,2026-03-27 04:29:06,
False,закрытие не удержалось ниже канала,False,"{""score"": null, ""liquidity_score"": null, ""breakout_distance_atr"": null, ""freshness_score"": null}",ENTRY_CHECK,AAVE-USDT-SWAP,закрытие_не_удержалось_ниже_канала,закрытие не удержалось ниже канала,rejected,2026-03-27 04:29:10,
False,закрытие не удержалось ниже канала,False,"{""score"": null, ""liquidity_score"": null, ""breakout_distance_atr"": null, ""freshness_score"": null}",ENTRY_CHECK,AAVE-USDT-SWAP,закрытие_не_удержалось_ниже_канала,закрытие не удержалось ниже канала,rejected,2026-03-27 04:29:10,
False,нет свежего пробоя Donchian на последней закрытой свече,False,"{""score"": null, ""liquidity_score"": null, ""breakout_distance_atr"": null, ""freshness_score"": null}",ENTRY_CHECK,ALGO-USDT-SWAP,no_fresh_breakout,нет свежего пробоя Donchian на последней закрытой свече,rejected,2026-03-27 04:29:19,
False,нет свежего пробоя Donchian на последней закрытой свече,False,"{""score"": null, ""liquidity_score"": null, ""breakout_distance_atr"": null, ""freshness_score"": null}",ENTRY_CHECK,ASTER-USDT-SWAP,no_fresh_breakout,нет свежего пробоя Donchian на последней закрытой свече,rejected,2026-03-27 04:29:23,
False,нет свежего пробоя Donchian на последней закрытой свече,False,"{""score"": null, ""liquidity_score"": null, ""breakout_distance_atr"": null, ""freshness_score"": null}",ENTRY_CHECK,AUCTION-USDT-SWAP,no_fresh_breakout,нет свежего пробоя Donchian на последней закрытой свече,rejected,2026-03-27 04:29:26,
False,нет свежего пробоя Donchian на последней закрытой свече,False,"{""score"": null, ""liquidity_score"": null, ""breakout_distance_atr"": null, ""freshness_score"": null}",ENTRY_CHECK,BAND-USDT-SWAP,no_fresh_breakout,нет свежего пробоя Donchian на последней закрытой свече,rejected,2026-03-27 04:29:30,
False,нет свежего пробоя Donchian на последней закрытой свече,False,"{""score"": null, ""liquidity_score"": null, ""breakout_distance_atr"": null, ""freshness_score"": null}",ENTRY_CHECK,BNB-USDT-SWAP,no_fresh_breakout,нет свежего пробоя Donchian на последней закрытой свече,rejected,2026-03-27 04:29:37,
False,нет свежего пробоя Donchian на последней закрытой свече,False,"{""score"": null, ""liquidity_score"": null, ""breakout_distance_atr"": null, ""freshness_score"": null}",ENTRY_CHECK,BOME-USDT-SWAP,no_fresh_breakout,нет свежего пробоя Donchian на последней закрытой свече,rejected,2026-03-27 04:29:38,
False,нет свежего пробоя Donchian на последней закрытой свече,False,"{""score"": null, ""liquidity_score"": null, ""breakout_distance_atr"": null, ""freshness_score"": null}",ENTRY_CHECK,BTC-USDT-SWAP,no_fresh_breakout,нет свежего пробоя Donchian на последней закрытой свече,rejected,2026-03-27 04:29:41,
False,нет свежего пробоя Donchian на последней закрытой свече,False,"{""score"": null, ""liquidity_score"": null, ""breakout_distance_atr"": null, ""freshness_score"": null}",ENTRY_CHECK,COMP-USDT-SWAP,no_fresh_breakout,нет свежего пробоя Donchian на последней закрытой свече,rejected,2026-03-27 04:29:49,
False,"инструмент недавно закрыт ротацией, повторный вход временно заблокирован",False,"{""score"": null, ""liquidity_score"": null, ""breakout_distance_atr"": null, ""freshness_score"": null}",ENTRY_CHECK,INJ-USDT-SWAP,rotation_block,"инструмент недавно закрыт ротацией, повторный вход временно заблокирован",rejected,2026-03-27 04:30:10,
False,нет свежего пробоя Donchian на последней закрытой свече,False,"{""score"": null, ""liquidity_score"": null, ""breakout_distance_atr"": null, ""freshness_score"": null}",ENTRY_CHECK,LDO-USDT-SWAP,no_fresh_breakout,нет свежего пробоя Donchian на последней закрытой свече,rejected,2026-03-27 04:30:16,
False,закрытие не удержалось выше канала,False,"{""score"": null, ""liquidity_score"": null, ""breakout_distance_atr"": null, ""freshness_score"": null}",ENTRY_CHECK,LINK-USDT-SWAP,закрытие_не_удержалось_выше_канала,закрытие не удержалось выше канала,rejected,2026-03-27 04:30:18,
False,нет свежего пробоя Donchian на последней закрытой свече,False,"{""score"": null, ""liquidity_score"": null, ""breakout_distance_atr"": null, ""freshness_score"": null}",ENTRY_CHECK,LRC-USDT-SWAP,no_fresh_breakout,нет свежего пробоя Donchian на последней закрытой свече,rejected,2026-03-27 04:30:20,
False,classic_turtle_breakout_long,True,"{""score"": null, ""liquidity_score"": 30.7923, ""breakout_distance_atr"": 0.5525, ""freshness_score"": 0.5625}",ENTRY_CHECK,NEAR-USDT-SWAP,classic_turtle_breakout_long,classic_turtle_breakout_long,candidate,2026-03-27 04:30:20,
False,classic_turtle_breakout_long,True,"{""score"": null, ""liquidity_score"": 30.7923, ""breakout_distance_atr"": 0.5525, ""freshness_score"": 0.5625}",ENTRY_CHECK,NEAR-USDT-SWAP,classic_turtle_breakout_long,classic_turtle_breakout_long,candidate,2026-03-27 04:30:20,
False,нет свежего пробоя Donchian на последней закрытой свече,False,"{""score"": null, ""liquidity_score"": null, ""breakout_distance_atr"": null, ""freshness_score"": null}",ENTRY_CHECK,OP-USDT-SWAP,no_fresh_breakout,нет свежего пробоя Donchian на последней закрытой свече,rejected,2026-03-27 04:30:23,
False,нет свежего пробоя Donchian на последней закрытой свече,False,"{""score"": null, ""liquidity_score"": null, ""breakout_distance_atr"": null, ""freshness_score"": null}",ENTRY_CHECK,SYRUP-USDT-SWAP,no_fresh_breakout,нет свежего пробоя Donchian на последней закрытой свече,rejected,2026-03-27 04:30:44,
False,нет свежего пробоя Donchian на последней закрытой свече,False,"{""score"": null, ""liquidity_score"": null, ""breakout_distance_atr"": null, ""freshness_score"": null}",ENTRY_CHECK,XRP-USDT-SWAP,no_fresh_breakout,нет свежего пробоя Donchian на последней закрытой свече,rejected,2026-03-27 04:30:55,
False,нет свежего пробоя Donchian на последней закрытой свече,False,"{""score"": null, ""liquidity_score"": null, ""breakout_distance_atr"": null, ""freshness_score"": null}",ENTRY_CHECK,XTZ-USDT-SWAP,no_fresh_breakout,нет свежего пробоя Donchian на последней закрытой свече,rejected,2026-03-27 04:30:58,
False,classic_turtle_breakout_long,True,"{""score"": null, ""liquidity_score"": 30.7923, ""breakout_distance_atr"": 0.5525, ""freshness_score"": 0.5625}",ENTRY_RANK,NEAR-USDT-SWAP,classic_turtle_breakout_long,classic_turtle_breakout_long,ranked_candidate,2026-03-27 04:31:06,
False,classic_turtle_breakout_long,True,"{""score"": null, ""liquidity_score"": 30.7923, ""breakout_distance_atr"": 0.5525, ""freshness_score"": 0.5625}",ENTRY_RANK,NEAR-USDT-SWAP,classic_turtle_breakout_long,classic_turtle_breakout_long,ranked_candidate,2026-03-27 04:31:06,
False,entry_failed,False,"{""score"": null, ""liquidity_score"": null, ""breakout_distance_atr"": null, ""freshness_score"": null}",ENTRY_EXECUTION,NEAR-USDT-SWAP,unknown,,entry_failed,2026-03-27 04:31:06,
False,entry_failed,False,"{""score"": null, ""liquidity_score"": null, ""breakout_distance_atr"": null, ""freshness_score"": null}",ENTRY_EXECUTION,NEAR-USDT-SWAP,unknown,,entry_failed,2026-03-27 04:31:07,
True,ATR stop update,True,"{""price"": 1.331, ""prev_stop_price"": 1.3245, ""stop_price"": 1.3249, ""peak_unrealized_pnl"": 0.0}",STOP_MOVE_CHECK,DOT-USDT-SWAP,unknown,ATR stop update,TRAIL_UPDATE,2026-03-27 04:31:54,20260327_004300_DOT-USDT-SWAP_long
True,TURTLE stop update,True,"{""price"": 0.0362, ""prev_stop_price"": 0.0358, ""stop_price"": 0.0359, ""peak_unrealized_pnl"": 523.9331999995414}",STOP_MOVE_CHECK,YGG-USDT-SWAP,unknown,TURTLE stop update,TRAIL_UPDATE,2026-03-27 04:32:05,20260327_014759_YGG-USDT-SWAP_long
True,Синхронизация: позиция отсутствует на бирже,True,"{""units"": 4, ""last_price"": null, ""next_pyramid_price"": null, ""retry_after_sec"": null}",EXIT_CHECK,XAG-USDT-SWAP,синхронизация:_позиция_отсутствует_на_бирже,Синхронизация: позиция отсутствует на бирже,position_closed,2026-03-27 04:32:34,20260327_032835_XAG-USDT-SWAP_short
True,ATR stop update,True,"{""price"": 0.874, ""prev_stop_price"": 0.8714999999999999, ""stop_price"": 0.8725, ""peak_unrealized_pnl"": 0.0}",STOP_MOVE_CHECK,FIL-USDT-SWAP,unknown,ATR stop update,TRAIL_UPDATE,2026-03-27 04:32:56,20260327_041221_FIL-USDT-SWAP_long
True,ATR stop update,True,"{""price"": 0.05928, ""prev_stop_price"": 0.059159, ""stop_price"": 0.059185, ""peak_unrealized_pnl"": 0.0}",STOP_MOVE_CHECK,CFX-USDT-SWAP,unknown,ATR stop update,TRAIL_UPDATE,2026-03-27 04:33:08,20260327_041717_CFX-USDT-SWAP_long
True,pyramid_added,True,"{""units"": 3, ""last_price"": null, ""next_pyramid_price"": 4.296746382189239, ""retry_after_sec"": null}",ADD_UNIT_CHECK,KSM-USDT-SWAP,unknown,,pyramid_added,2026-03-27 04:33:26,20260327_042150_KSM-USDT-SWAP_long
True,ATR stop update,True,"{""price"": 4.299, ""prev_stop_price"": 4.255, ""stop_price"": 4.295400000000001, ""peak_unrealized_pnl"": 0.0}",STOP_MOVE_CHECK,KSM-USDT-SWAP,unknown,ATR stop update,TRAIL_UPDATE,2026-03-27 04:33:26,20260327_042150_KSM-USDT-SWAP_long
True,ATR stop update,True,"{""price"": 0.05598, ""prev_stop_price"": 0.05552, ""stop_price"": 0.055821, ""peak_unrealized_pnl"": 0.0}",STOP_MOVE_CHECK,MINA-USDT-SWAP,unknown,ATR stop update,TRAIL_UPDATE,2026-03-27 04:33:30,20260327_042155_MINA-USDT-SWAP_long
False,нет свежего пробоя Donchian на последней закрытой свече,False,"{""score"": null, ""liquidity_score"": null, ""breakout_distance_atr"": null, ""freshness_score"": null}",ENTRY_CHECK,1INCH-USDT-SWAP,no_fresh_breakout,нет свежего пробоя Donchian на последней закрытой свече,rejected,2026-03-27 04:34:00,
False,нет свежего пробоя Donchian на последней закрытой свече,False,"{""score"": null, ""liquidity_score"": null, ""breakout_distance_atr"": null, ""freshness_score"": null}",ENTRY_CHECK,ALGO-USDT-SWAP,no_fresh_breakout,нет свежего пробоя Donchian на последней закрытой свече,rejected,2026-03-27 04:34:12,
False,нет свежего пробоя Donchian на последней закрытой свече,False,"{""score"": null, ""liquidity_score"": null, ""breakout_distance_atr"": null, ""freshness_score"": null}",ENTRY_CHECK,ASTER-USDT-SWAP,no_fresh_breakout,нет свежего пробоя Donchian на последней закрытой свече,rejected,2026-03-27 04:34:16,
False,нет свежего пробоя Donchian на последней закрытой свече,False,"{""score"": null, ""liquidity_score"": null, ""breakout_distance_atr"": null, ""freshness_score"": null}",ENTRY_CHECK,AUCTION-USDT-SWAP,no_fresh_breakout,нет свежего пробоя Donchian на последней закрытой свече,rejected,2026-03-27 04:34:19,
False,нет свежего пробоя Donchian на последней закрытой свече,False,"{""score"": null, ""liquidity_score"": null, ""breakout_distance_atr"": null, ""freshness_score"": null}",ENTRY_CHECK,BAND-USDT-SWAP,no_fresh_breakout,нет свежего пробоя Donchian на последней закрытой свече,rejected,2026-03-27 04:34:24,
False,нет свежего пробоя Donchian на последней закрытой свече,False,"{""score"": null, ""liquidity_score"": null, ""breakout_distance_atr"": null, ""freshness_score"": null}",ENTRY_CHECK,BCH-USDT-SWAP,no_fresh_breakout,нет свежего пробоя Donchian на последней закрытой свече,rejected,2026-03-27 04:34:25,
False,закрытие не удержалось выше канала,False,"{""score"": null, ""liquidity_score"": null, ""breakout_distance_atr"": null, ""freshness_score"": null}",ENTRY_CHECK,BNB-USDT-SWAP,закрытие_не_удержалось_выше_канала,закрытие не удержалось выше канала,rejected,2026-03-27 04:34:29,
False,закрытие не удержалось выше канала,False,"{""score"": null, ""liquidity_score"": null, ""breakout_distance_atr"": null, ""freshness_score"": null}",ENTRY_CHECK,BNB-USDT-SWAP,закрытие_не_удержалось_выше_канала,закрытие не удержалось выше канала,rejected,2026-03-27 04:34:29,
False,нет свежего пробоя Donchian на последней закрытой свече,False,"{""score"": null, ""liquidity_score"": null, ""breakout_distance_atr"": null, ""freshness_score"": null}",ENTRY_CHECK,BTC-USDT-SWAP,no_fresh_breakout,нет свежего пробоя Donchian на последней закрытой свече,rejected,2026-03-27 04:34:33,
False,"инструмент недавно закрыт ротацией, повторный вход временно заблокирован",False,"{""score"": null, ""liquidity_score"": null, ""breakout_distance_atr"": null, ""freshness_score"": null}",ENTRY_CHECK,INJ-USDT-SWAP,rotation_block,"инструмент недавно закрыт ротацией, повторный вход временно заблокирован",rejected,2026-03-27 04:35:02,
False,classic_turtle_breakout_long,True,"{""score"": null, ""liquidity_score"": 5.4035, ""breakout_distance_atr"": 0.6015, ""freshness_score"": 0.6115}",ENTRY_CHECK,LDO-USDT-SWAP,classic_turtle_breakout_long,classic_turtle_breakout_long,candidate,2026-03-27 04:35:09,
False,classic_turtle_breakout_long,True,"{""score"": null, ""liquidity_score"": 5.4035, ""breakout_distance_atr"": 0.9023, ""freshness_score"": 0.9123}",ENTRY_CHECK,LDO-USDT-SWAP,classic_turtle_breakout_long,classic_turtle_breakout_long,candidate,2026-03-27 04:35:09,
False,нет свежего пробоя Donchian на последней закрытой свече,False,"{""score"": null, ""liquidity_score"": null, ""breakout_distance_atr"": null, ""freshness_score"": null}",ENTRY_CHECK,LINK-USDT-SWAP,no_fresh_breakout,нет свежего пробоя Donchian на последней закрытой свече,rejected,2026-03-27 04:35:12,
False,нет свежего пробоя Donchian на последней закрытой свече,False,"{""score"": null, ""liquidity_score"": null, ""breakout_distance_atr"": null, ""freshness_score"": null}",ENTRY_CHECK,LRC-USDT-SWAP,no_fresh_breakout,нет свежего пробоя Donchian на последней закрытой свече,rejected,2026-03-27 04:35:16,
False,нет свежего пробоя Donchian на последней закрытой свече,False,"{""score"": null, ""liquidity_score"": null, ""breakout_distance_atr"": null, ""freshness_score"": null}",ENTRY_CHECK,MET-USDT-SWAP,no_fresh_breakout,нет свежего пробоя Donchian на последней закрытой свече,rejected,2026-03-27 04:35:24,
False,нет свежего пробоя Donchian на последней закрытой свече,False,"{""score"": null, ""liquidity_score"": null, ""breakout_distance_atr"": null, ""freshness_score"": null}",ENTRY_CHECK,OP-USDT-SWAP,no_fresh_breakout,нет свежего пробоя Donchian на последней закрытой свече,rejected,2026-03-27 04:35:30,
False,нет свежего пробоя Donchian на последней закрытой свече,False,"{""score"": null, ""liquidity_score"": null, ""breakout_distance_atr"": null, ""freshness_score"": null}",ENTRY_CHECK,SYRUP-USDT-SWAP,no_fresh_breakout,нет свежего пробоя Donchian на последней закрытой свече,rejected,2026-03-27 04:35:52,
False,нет свежего пробоя Donchian на последней закрытой свече,False,"{""score"": null, ""liquidity_score"": null, ""breakout_distance_atr"": null, ""freshness_score"": null}",ENTRY_CHECK,XAG-USDT-SWAP,no_fresh_breakout,нет свежего пробоя Donchian на последней закрытой свече,rejected,2026-03-27 04:36:01,
False,нет свежего пробоя Donchian на последней закрытой свече,False,"{""score"": null, ""liquidity_score"": null, ""breakout_distance_atr"": null, ""freshness_score"": null}",ENTRY_CHECK,XRP-USDT-SWAP,no_fresh_breakout,нет свежего пробоя Donchian на последней закрытой свече,rejected,2026-03-27 04:36:05,
False,нет свежего пробоя Donchian на последней закрытой свече,False,"{""score"": null, ""liquidity_score"": null, ""breakout_distance_atr"": null, ""freshness_score"": null}",ENTRY_CHECK,XTZ-USDT-SWAP,no_fresh_breakout,нет свежего пробоя Donchian на последней закрытой свече,rejected,2026-03-27 04:36:07,
False,classic_turtle_breakout_long,True,"{""score"": null, ""liquidity_score"": 5.4035, ""breakout_distance_atr"": 0.6015, ""freshness_score"": 0.6115}",ENTRY_RANK,LDO-USDT-SWAP,classic_turtle_breakout_long,classic_turtle_breakout_long,ranked_candidate,2026-03-27 04:36:15,
False,classic_turtle_breakout_long,True,"{""score"": null, ""liquidity_score"": 5.4035, ""breakout_distance_atr"": 0.9023, ""freshness_score"": 0.9123}",ENTRY_RANK,LDO-USDT-SWAP,classic_turtle_breakout_long,classic_turtle_breakout_long,ranked_candidate,2026-03-27 04:36:15,
True,entry_sent,True,"{""score"": null, ""liquidity_score"": null, ""breakout_distance_atr"": 0.6015, ""freshness_score"": null}",ENTRY_EXECUTION,LDO-USDT-SWAP,unknown,,entry_sent,2026-03-27 04:36:17,
True,position_opened,True,"{""units"": null, ""last_price"": null, ""next_pyramid_price"": null, ""retry_after_sec"": null}",ENTRY_EXECUTION,LDO-USDT-SWAP,unknown,,position_opened,2026-03-27 04:36:17,20260327_043617_LDO-USDT-SWAP_long
True,ATR stop update,True,"{""price"": 1.332, ""prev_stop_price"": 1.3249, ""stop_price"": 1.3266, ""peak_unrealized_pnl"": 0.0}",STOP_MOVE_CHECK,DOT-USDT-SWAP,unknown,ATR stop update,TRAIL_UPDATE,2026-03-27 04:37:03,20260327_004300_DOT-USDT-SWAP_long
True,pyramid_added,True,"{""units"": 2, ""last_price"": null, ""next_pyramid_price"": 0.875875, ""retry_after_sec"": null}",ADD_UNIT_CHECK,FIL-USDT-SWAP,unknown,,pyramid_added,2026-03-27 04:37:49,20260327_041221_FIL-USDT-SWAP_long
True,pyramid_added,True,"{""units"": 2, ""last_price"": null, ""next_pyramid_price"": 0.059300078686292404, ""retry_after_sec"": null}",ADD_UNIT_CHECK,CFX-USDT-SWAP,unknown,,pyramid_added,2026-03-27 04:38:01,20260327_041717_CFX-USDT-SWAP_long
True,ATR stop update,True,"{""price"": 4.303, ""prev_stop_price"": 4.295400000000001, ""stop_price"": 4.2989999999999995, ""peak_unrealized_pnl"": 1.3951000000000935}",STOP_MOVE_CHECK,KSM-USDT-SWAP,unknown,ATR stop update,TRAIL_UPDATE,2026-03-27 04:38:14,20260327_042150_KSM-USDT-SWAP_long
True,pyramid_added,True,"{""units"": 4, ""last_price"": null, ""next_pyramid_price"": 4.29913722943723, ""retry_after_sec"": null}",ADD_UNIT_CHECK,KSM-USDT-SWAP,unknown,,pyramid_added,2026-03-27 04:38:15,20260327_042150_KSM-USDT-SWAP_long
False,нет свежего пробоя Donchian на последней закрытой свече,False,"{""score"": null, ""liquidity_score"": null, ""breakout_distance_atr"": null, ""freshness_score"": null}",ENTRY_CHECK,1INCH-USDT-SWAP,no_fresh_breakout,нет свежего пробоя Donchian на последней закрытой свече,rejected,2026-03-27 04:39:13,
False,нет свежего пробоя Donchian на последней закрытой свече,False,"{""score"": null, ""liquidity_score"": null, ""breakout_distance_atr"": null, ""freshness_score"": null}",ENTRY_CHECK,ALGO-USDT-SWAP,no_fresh_breakout,нет свежего пробоя Donchian на последней закрытой свече,rejected,2026-03-27 04:39:25,
False,нет свежего пробоя Donchian на последней закрытой свече,False,"{""score"": null, ""liquidity_score"": null, ""breakout_distance_atr"": null, ""freshness_score"": null}",ENTRY_CHECK,ASTER-USDT-SWAP,no_fresh_breakout,нет свежего пробоя Donchian на последней закрытой свече,rejected,2026-03-27 04:39:29,
False,classic_turtle_breakout_long,True,"{""score"": null, ""liquidity_score"": 5.176, ""breakout_distance_atr"": 0.7547, ""freshness_score"": 0.7647}",ENTRY_CHECK,AUCTION-USDT-SWAP,classic_turtle_breakout_long,classic_turtle_breakout_long,candidate,2026-03-27 04:39:32,
False,нет свежего пробоя Donchian на последней закрытой свече,False,"{""score"": null, ""liquidity_score"": null, ""breakout_distance_atr"": null, ""freshness_score"": null}",ENTRY_CHECK,BAND-USDT-SWAP,no_fresh_breakout,нет свежего пробоя Donchian на последней закрытой свече,rejected,2026-03-27 04:39:37,
False,нет свежего пробоя Donchian на последней закрытой свече,False,"{""score"": null, ""liquidity_score"": null, ""breakout_distance_atr"": null, ""freshness_score"": null}",ENTRY_CHECK,BCH-USDT-SWAP,no_fresh_breakout,нет свежего пробоя Donchian на последней закрытой свече,rejected,2026-03-27 04:39:38,
False,нет свежего пробоя Donchian на последней закрытой свече,False,"{""score"": null, ""liquidity_score"": null, ""breakout_distance_atr"": null, ""freshness_score"": null}",ENTRY_CHECK,BNB-USDT-SWAP,no_fresh_breakout,нет свежего пробоя Donchian на последней закрытой свече,rejected,2026-03-27 04:39:42,
False,нет свежего пробоя Donchian на последней закрытой свече,False,"{""score"": null, ""liquidity_score"": null, ""breakout_distance_atr"": null, ""freshness_score"": null}",ENTRY_CHECK,BTC-USDT-SWAP,no_fresh_breakout,нет свежего пробоя Donchian на последней закрытой свече,rejected,2026-03-27 04:39:46,
False,нет свежего пробоя Donchian на последней закрытой свече,False,"{""score"": null, ""liquidity_score"": null, ""breakout_distance_atr"": null, ""freshness_score"": null}",ENTRY_CHECK,INJ-USDT-SWAP,no_fresh_breakout,нет свежего пробоя Donchian на последней закрытой свече,rejected,2026-03-27 04:40:16,
False,нет свежего пробоя Donchian на последней закрытой свече,False,"{""score"": null, ""liquidity_score"": null, ""breakout_distance_atr"": null, ""freshness_score"": null}",ENTRY_CHECK,LINK-USDT-SWAP,no_fresh_breakout,нет свежего пробоя Donchian на последней закрытой свече,rejected,2026-03-27 04:40:24,
False,нет свежего пробоя Donchian на последней закрытой свече,False,"{""score"": null, ""liquidity_score"": null, ""breakout_distance_atr"": null, ""freshness_score"": null}",ENTRY_CHECK,LRC-USDT-SWAP,no_fresh_breakout,нет свежего пробоя Donchian на последней закрытой свече,rejected,2026-03-27 04:40:28,
False,нет свежего пробоя Donchian на последней закрытой свече,False,"{""score"": null, ""liquidity_score"": null, ""breakout_distance_atr"": null, ""freshness_score"": null}",ENTRY_CHECK,MET-USDT-SWAP,no_fresh_breakout,нет свежего пробоя Donchian на последней закрытой свече,rejected,2026-03-27 04:40:35,
False,нет свежего пробоя Donchian на последней закрытой свече,False,"{""score"": null, ""liquidity_score"": null, ""breakout_distance_atr"": null, ""freshness_score"": null}",ENTRY_CHECK,OP-USDT-SWAP,no_fresh_breakout,нет свежего пробоя Donchian на последней закрытой свече,rejected,2026-03-27 04:40:41,
False,нет свежего пробоя Donchian на последней закрытой свече,False,"{""score"": null, ""liquidity_score"": null, ""breakout_distance_atr"": null, ""freshness_score"": null}",ENTRY_CHECK,TSLA-USDT-SWAP,no_fresh_breakout,нет свежего пробоя Donchian на последней закрытой свече,rejected,2026-03-27 04:41:09,
False,нет свежего пробоя Donchian на последней закрытой свече,False,"{""score"": null, ""liquidity_score"": null, ""breakout_distance_atr"": null, ""freshness_score"": null}",ENTRY_CHECK,XAG-USDT-SWAP,no_fresh_breakout,нет свежего пробоя Donchian на последней закрытой свече,rejected,2026-03-27 04:41:10,
False,закрытие не удержалось выше канала,False,"{""score"": null, ""liquidity_score"": null, ""breakout_distance_atr"": null, ""freshness_score"": null}",ENTRY_CHECK,XRP-USDT-SWAP,закрытие_не_удержалось_выше_канала,закрытие не удержалось выше канала,rejected,2026-03-27 04:41:14,
False,закрытие не удержалось выше канала,False,"{""score"": null, ""liquidity_score"": null, ""breakout_distance_atr"": null, ""freshness_score"": null}",ENTRY_CHECK,XRP-USDT-SWAP,закрытие_не_удержалось_выше_канала,закрытие не удержалось выше канала,rejected,2026-03-27 04:41:14,
False,нет свежего пробоя Donchian на последней закрытой свече,False,"{""score"": null, ""liquidity_score"": null, ""breakout_distance_atr"": null, ""freshness_score"": null}",ENTRY_CHECK,XTZ-USDT-SWAP,no_fresh_breakout,нет свежего пробоя Donchian на последней закрытой свече,rejected,2026-03-27 04:41:17,
False,classic_turtle_breakout_long,True,"{""score"": null, ""liquidity_score"": 5.176, ""breakout_distance_atr"": 0.7547, ""freshness_score"": 0.7647}",ENTRY_RANK,AUCTION-USDT-SWAP,classic_turtle_breakout_long,classic_turtle_breakout_long,ranked_candidate,2026-03-27 04:41:25,
False,entry_failed,False,"{""score"": null, ""liquidity_score"": null, ""breakout_distance_atr"": null, ""freshness_score"": null}",ENTRY_EXECUTION,AUCTION-USDT-SWAP,unknown,,entry_failed,2026-03-27 04:41:25,
True,TURTLE stop update,True,"{""price"": 0.0362, ""prev_stop_price"": 0.0359, ""stop_price"": 0.036, ""peak_unrealized_pnl"": 523.9331999995414}",STOP_MOVE_CHECK,YGG-USDT-SWAP,unknown,TURTLE stop update,TRAIL_UPDATE,2026-03-27 04:42:22,20260327_014759_YGG-USDT-SWAP_long
True,ATR stop update,True,"{""price"": 0.877, ""prev_stop_price"": 0.8725, ""stop_price"": 0.8734999999999999, ""peak_unrealized_pnl"": 2.6740000000000026}",STOP_MOVE_CHECK,FIL-USDT-SWAP,unknown,ATR stop update,TRAIL_UPDATE,2026-03-27 04:43:03,20260327_041221_FIL-USDT-SWAP_long
True,pyramid_added,True,"{""units"": 3, ""last_price"": null, ""next_pyramid_price"": 0.8768750000000001, ""retry_after_sec"": null}",ADD_UNIT_CHECK,FIL-USDT-SWAP,unknown,,pyramid_added,2026-03-27 04:43:04,20260327_041221_FIL-USDT-SWAP_long
True,ATR stop update,True,"{""price"": 0.05928, ""prev_stop_price"": 0.059185, ""stop_price"": 0.059201, ""peak_unrealized_pnl"": 1.1246999999963665}",STOP_MOVE_CHECK,CFX-USDT-SWAP,unknown,ATR stop update,TRAIL_UPDATE,2026-03-27 04:43:19,20260327_041717_CFX-USDT-SWAP_long
False,нет свежего пробоя Donchian на последней закрытой свече,False,"{""score"": null, ""liquidity_score"": null, ""breakout_distance_atr"": null, ""freshness_score"": null}",ENTRY_CHECK,1INCH-USDT-SWAP,no_fresh_breakout,нет свежего пробоя Donchian на последней закрытой свече,rejected,2026-03-27 04:44:09,
False,нет свежего пробоя Donchian на последней закрытой свече,False,"{""score"": null, ""liquidity_score"": null, ""breakout_distance_atr"": null, ""freshness_score"": null}",ENTRY_CHECK,ALGO-USDT-SWAP,no_fresh_breakout,нет свежего пробоя Donchian на последней закрытой свече,rejected,2026-03-27 04:44:23,
False,нет свежего пробоя Donchian на последней закрытой свече,False,"{""score"": null, ""liquidity_score"": null, ""breakout_distance_atr"": null, ""freshness_score"": null}",ENTRY_CHECK,ASTER-USDT-SWAP,no_fresh_breakout,нет свежего пробоя Donchian на последней закрытой свече,rejected,2026-03-27 04:44:27,
False,нет свежего пробоя Donchian на последней закрытой свече,False,"{""score"": null, ""liquidity_score"": null, ""breakout_distance_atr"": null, ""freshness_score"": null}",ENTRY_CHECK,AUCTION-USDT-SWAP,no_fresh_breakout,нет свежего пробоя Donchian на последней закрытой свече,rejected,2026-03-27 04:44:30,
False,нет свежего пробоя Donchian на последней закрытой свече,False,"{""score"": null, ""liquidity_score"": null, ""breakout_distance_atr"": null, ""freshness_score"": null}",ENTRY_CHECK,BAND-USDT-SWAP,no_fresh_breakout,нет свежего пробоя Donchian на последней закрытой свече,rejected,2026-03-27 04:44:35,
False,нет свежего пробоя Donchian на последней закрытой свече,False,"{""score"": null, ""liquidity_score"": null, ""breakout_distance_atr"": null, ""freshness_score"": null}",ENTRY_CHECK,BNB-USDT-SWAP,no_fresh_breakout,нет свежего пробоя Donchian на последней закрытой свече,rejected,2026-03-27 04:44:41,
False,нет свежего пробоя Donchian на последней закрытой свече,False,"{""score"": null, ""liquidity_score"": null, ""breakout_distance_atr"": null, ""freshness_score"": null}",ENTRY_CHECK,BOME-USDT-SWAP,no_fresh_breakout,нет свежего пробоя Donchian на последней закрытой свече,rejected,2026-03-27 04:44:43,
False,закрытие не удержалось выше канала,False,"{""score"": null, ""liquidity_score"": null, ""breakout_distance_atr"": null, ""freshness_score"": null}",ENTRY_CHECK,BTC-USDT-SWAP,закрытие_не_удержалось_выше_канала,закрытие не удержалось выше канала,rejected,2026-03-27 04:44:46,
False,нет свежего пробоя Donchian на последней закрытой свече,False,"{""score"": null, ""liquidity_score"": null, ""breakout_distance_atr"": null, ""freshness_score"": null}",ENTRY_CHECK,INJ-USDT-SWAP,no_fresh_breakout,нет свежего пробоя Donchian на последней закрытой свече,rejected,2026-03-27 04:45:15,
False,нет свежего пробоя Donchian на последней закрытой свече,False,"{""score"": null, ""liquidity_score"": null, ""breakout_distance_atr"": null, ""freshness_score"": null}",ENTRY_CHECK,LINK-USDT-SWAP,no_fresh_breakout,нет свежего пробоя Donchian на последней закрытой свече,rejected,2026-03-27 04:45:23,
False,нет свежего пробоя Donchian на последней закрытой свече,False,"{""score"": null, ""liquidity_score"": null, ""breakout_distance_atr"": null, ""freshness_score"": null}",ENTRY_CHECK,LRC-USDT-SWAP,no_fresh_breakout,нет свежего пробоя Donchian на последней закрытой свече,rejected,2026-03-27 04:45:27,
False,нет свежего пробоя Donchian на последней закрытой свече,False,"{""score"": null, ""liquidity_score"": null, ""breakout_distance_atr"": null, ""freshness_score"": null}",ENTRY_CHECK,MET-USDT-SWAP,no_fresh_breakout,нет свежего пробоя Donchian на последней закрытой свече,rejected,2026-03-27 04:45:34,
False,нет свежего пробоя Donchian на последней закрытой свече,False,"{""score"": null, ""liquidity_score"": null, ""breakout_distance_atr"": null, ""freshness_score"": null}",ENTRY_CHECK,OP-USDT-SWAP,no_fresh_breakout,нет свежего пробоя Donchian на последней закрытой свече,rejected,2026-03-27 04:45:40,
False,нет свежего пробоя Donchian на последней закрытой свече,False,"{""score"": null, ""liquidity_score"": null, ""breakout_distance_atr"": null, ""freshness_score"": null}",ENTRY_CHECK,SYRUP-USDT-SWAP,no_fresh_breakout,нет свежего пробоя Donchian на последней закрытой свече,rejected,2026-03-27 04:46:01,
False,нет свежего пробоя Donchian на последней закрытой свече,False,"{""score"": null, ""liquidity_score"": null, ""breakout_distance_atr"": null, ""freshness_score"": null}",ENTRY_CHECK,TON-USDT-SWAP,no_fresh_breakout,нет свежего пробоя Donchian на последней закрытой свече,rejected,2026-03-27 04:46:05,
False,нет свежего пробоя Donchian на последней закрытой свече,False,"{""score"": null, ""liquidity_score"": null, ""breakout_distance_atr"": null, ""freshness_score"": null}",ENTRY_CHECK,XAG-USDT-SWAP,no_fresh_breakout,нет свежего пробоя Donchian на последней закрытой свече,rejected,2026-03-27 04:46:10,
False,нет свежего пробоя Donchian на последней закрытой свече,False,"{""score"": null, ""liquidity_score"": null, ""breakout_distance_atr"": null, ""freshness_score"": null}",ENTRY_CHECK,XTZ-USDT-SWAP,no_fresh_breakout,нет свежего пробоя Donchian на последней закрытой свече,rejected,2026-03-27 04:46:17,
True,ATR stop update,True,"{""price"": 1.332, ""prev_stop_price"": 1.3266, ""stop_price"": 1.3278, ""peak_unrealized_pnl"": 0.0}",STOP_MOVE_CHECK,DOT-USDT-SWAP,unknown,ATR stop update,TRAIL_UPDATE,2026-03-27 04:47:10,20260327_004300_DOT-USDT-SWAP_long
True,pyramid_added,True,"{""units"": 4, ""last_price"": null, ""next_pyramid_price"": 0.8771833333333334, ""retry_after_sec"": null}",ADD_UNIT_CHECK,FIL-USDT-SWAP,unknown,,pyramid_added,2026-03-27 04:47:54,20260327_041221_FIL-USDT-SWAP_long
True,ATR stop update,True,"{""price"": 0.05933, ""prev_stop_price"": 0.059201, ""stop_price"": 0.059213, ""peak_unrealized_pnl"": 3.43799999999654}",STOP_MOVE_CHECK,CFX-USDT-SWAP,unknown,ATR stop update,TRAIL_UPDATE,2026-03-27 04:48:08,20260327_041717_CFX-USDT-SWAP_long
True,pyramid_added,True,"{""units"": 3, ""last_price"": null, ""next_pyramid_price"": 0.0593046643431462, ""retry_after_sec"": null}",ADD_UNIT_CHECK,CFX-USDT-SWAP,unknown,,pyramid_added,2026-03-27 04:48:09,20260327_041717_CFX-USDT-SWAP_long
True,ATR stop update,True,"{""price"": 4.302, ""prev_stop_price"": 4.2989999999999995, ""stop_price"": 4.2995, ""peak_unrealized_pnl"": 4.090100000000515}",STOP_MOVE_CHECK,KSM-USDT-SWAP,unknown,ATR stop update,TRAIL_UPDATE,2026-03-27 04:48:23,20260327_042150_KSM-USDT-SWAP_long
True,ATR stop update,True,"{""price"": 0.05589, ""prev_stop_price"": 0.055821, ""stop_price"": 0.055831000000000006, ""peak_unrealized_pnl"": 0.0}",STOP_MOVE_CHECK,MINA-USDT-SWAP,unknown,ATR stop update,TRAIL_UPDATE,2026-03-27 04:48:34,20260327_042155_MINA-USDT-SWAP_long
True,ATR stop update,True,"{""price"": 3.401, ""prev_stop_price"": 2.829889195148842, ""stop_price"": 2.827189195148842, ""peak_unrealized_pnl"": 0.0}",STOP_MOVE_CHECK,NEO-USDT-SWAP,unknown,ATR stop update,TRAIL_UPDATE,2026-03-27 04:48:41,20260327_042414_NEO-USDT-SWAP_short
True,ATR stop update,True,"{""price"": 0.2892, ""prev_stop_price"": 0.2851, ""stop_price"": 0.28783000000000003, ""peak_unrealized_pnl"": 0.0}",STOP_MOVE_CHECK,LDO-USDT-SWAP,unknown,ATR stop update,TRAIL_UPDATE,2026-03-27 04:48:45,20260327_043617_LDO-USDT-SWAP_long
False,нет свежего пробоя Donchian на последней закрытой свече,False,"{""score"": null, ""liquidity_score"": null, ""breakout_distance_atr"": null, ""freshness_score"": null}",ENTRY_CHECK,1INCH-USDT-SWAP,no_fresh_breakout,нет свежего пробоя Donchian на последней закрытой свече,rejected,2026-03-27 04:49:05,
False,нет свежего пробоя Donchian на последней закрытой свече,False,"{""score"": null, ""liquidity_score"": null, ""breakout_distance_atr"": null, ""freshness_score"": null}",ENTRY_CHECK,ALGO-USDT-SWAP,no_fresh_breakout,нет свежего пробоя Donchian на последней закрытой свече,rejected,2026-03-27 04:49:16,
False,нет свежего пробоя Donchian на последней закрытой свече,False,"{""score"": null, ""liquidity_score"": null, ""breakout_distance_atr"": null, ""freshness_score"": null}",ENTRY_CHECK,ASTER-USDT-SWAP,no_fresh_breakout,нет свежего пробоя Donchian на последней закрытой свече,rejected,2026-03-27 04:49:20,
False,нет свежего пробоя Donchian на последней закрытой свече,False,"{""score"": null, ""liquidity_score"": null, ""breakout_distance_atr"": null, ""freshness_score"": null}",ENTRY_CHECK,AUCTION-USDT-SWAP,no_fresh_breakout,нет свежего пробоя Donchian на последней закрытой свече,rejected,2026-03-27 04:49:23,
False,нет свежего пробоя Donchian на последней закрытой свече,False,"{""score"": null, ""liquidity_score"": null, ""breakout_distance_atr"": null, ""freshness_score"": null}",ENTRY_CHECK,BAND-USDT-SWAP,no_fresh_breakout,нет свежего пробоя Donchian на последней закрытой свече,rejected,2026-03-27 04:49:27,
False,нет свежего пробоя Donchian на последней закрытой свече,False,"{""score"": null, ""liquidity_score"": null, ""breakout_distance_atr"": null, ""freshness_score"": null}",ENTRY_CHECK,BNB-USDT-SWAP,no_fresh_breakout,нет свежего пробоя Donchian на последней закрытой свече,rejected,2026-03-27 04:49:33,
False,нет свежего пробоя Donchian на последней закрытой свече,False,"{""score"": null, ""liquidity_score"": null, ""breakout_distance_atr"": null, ""freshness_score"": null}",ENTRY_CHECK,BOME-USDT-SWAP,no_fresh_breakout,нет свежего пробоя Donchian на последней закрытой свече,rejected,2026-03-27 04:49:35,
False,нет свежего пробоя Donchian на последней закрытой свече,False,"{""score"": null, ""liquidity_score"": null, ""breakout_distance_atr"": null, ""freshness_score"": null}",ENTRY_CHECK,LINK-USDT-SWAP,no_fresh_breakout,нет свежего пробоя Donchian на последней закрытой свече,rejected,2026-03-27 04:50:14,
False,нет свежего пробоя Donchian на последней закрытой свече,False,"{""score"": null, ""liquidity_score"": null, ""breakout_distance_atr"": null, ""freshness_score"": null}",ENTRY_CHECK,LRC-USDT-SWAP,no_fresh_breakout,нет свежего пробоя Donchian на последней закрытой свече,rejected,2026-03-27 04:50:18,
False,нет свежего пробоя Donchian на последней закрытой свече,False,"{""score"": null, ""liquidity_score"": null, ""breakout_distance_atr"": null, ""freshness_score"": null}",ENTRY_CHECK,MET-USDT-SWAP,no_fresh_breakout,нет свежего пробоя Donchian на последней закрытой свече,rejected,2026-03-27 04:50:26,
False,нет свежего пробоя Donchian на последней закрытой свече,False,"{""score"": null, ""liquidity_score"": null, ""breakout_distance_atr"": null, ""freshness_score"": null}",ENTRY_CHECK,OP-USDT-SWAP,no_fresh_breakout,нет свежего пробоя Donchian на последней закрытой свече,rejected,2026-03-27 04:50:31,
False,нет свежего пробоя Donchian на последней закрытой свече,False,"{""score"": null, ""liquidity_score"": null, ""breakout_distance_atr"": null, ""freshness_score"": null}",ENTRY_CHECK,SYRUP-USDT-SWAP,no_fresh_breakout,нет свежего пробоя Donchian на последней закрытой свече,rejected,2026-03-27 04:50:53,
False,нет свежего пробоя Donchian на последней закрытой свече,False,"{""score"": null, ""liquidity_score"": null, ""breakout_distance_atr"": null, ""freshness_score"": null}",ENTRY_CHECK,THETA-USDT-SWAP,no_fresh_breakout,нет свежего пробоя Donchian на последней закрытой свече,rejected,2026-03-27 04:50:55,
False,нет свежего пробоя Donchian на последней закрытой свече,False,"{""score"": null, ""liquidity_score"": null, ""breakout_distance_atr"": null, ""freshness_score"": null}",ENTRY_CHECK,TON-USDT-SWAP,no_fresh_breakout,нет свежего пробоя Donchian на последней закрытой свече,rejected,2026-03-27 04:50:56,
False,нет свежего пробоя Donchian на последней закрытой свече,False,"{""score"": null, ""liquidity_score"": null, ""breakout_distance_atr"": null, ""freshness_score"": null}",ENTRY_CHECK,XAG-USDT-SWAP,no_fresh_breakout,нет свежего пробоя Donchian на последней закрытой свече,rejected,2026-03-27 04:51:02,
False,нет свежего пробоя Donchian на последней закрытой свече,False,"{""score"": null, ""liquidity_score"": null, ""breakout_distance_atr"": null, ""freshness_score"": null}",ENTRY_CHECK,XTZ-USDT-SWAP,no_fresh_breakout,нет свежего пробоя Donchian на последней закрытой свече,rejected,2026-03-27 04:51:09,
True,TURTLE stop update,True,"{""price"": 0.0362, ""prev_stop_price"": 0.036, ""stop_price"": 0.0361, ""peak_unrealized_pnl"": 523.9331999995414}",STOP_MOVE_CHECK,YGG-USDT-SWAP,unknown,TURTLE stop update,TRAIL_UPDATE,2026-03-27 04:52:12,20260327_014759_YGG-USDT-SWAP_long
True,ATR stop update,True,"{""price"": 4.302, ""prev_stop_price"": 4.2995, ""stop_price"": 4.3, ""peak_unrealized_pnl"": 4.090100000000515}",STOP_MOVE_CHECK,KSM-USDT-SWAP,unknown,ATR stop update,TRAIL_UPDATE,2026-03-27 04:53:06,20260327_042150_KSM-USDT-SWAP_long
True,ATR stop update,True,"{""price"": 0.2892, ""prev_stop_price"": 0.28783000000000003, ""stop_price"": 0.28797, ""peak_unrealized_pnl"": 0.0}",STOP_MOVE_CHECK,LDO-USDT-SWAP,unknown,ATR stop update,TRAIL_UPDATE,2026-03-27 04:53:34,20260327_043617_LDO-USDT-SWAP_long
False,нет свежего пробоя Donchian на последней закрытой свече,False,"{""score"": null, ""liquidity_score"": null, ""breakout_distance_atr"": null, ""freshness_score"": null}",ENTRY_CHECK,1INCH-USDT-SWAP,no_fresh_breakout,нет свежего пробоя Donchian на последней закрытой свече,rejected,2026-03-27 04:53:42,
False,нет свежего пробоя Donchian на последней закрытой свече,False,"{""score"": null, ""liquidity_score"": null, ""breakout_distance_atr"": null, ""freshness_score"": null}",ENTRY_CHECK,ALGO-USDT-SWAP,no_fresh_breakout,нет свежего пробоя Donchian на последней закрытой свече,rejected,2026-03-27 04:53:55,
False,нет свежего пробоя Donchian на последней закрытой свече,False,"{""score"": null, ""liquidity_score"": null, ""breakout_distance_atr"": null, ""freshness_score"": null}",ENTRY_CHECK,AUCTION-USDT-SWAP,no_fresh_breakout,нет свежего пробоя Donchian на последней закрытой свече,rejected,2026-03-27 04:54:03,
False,нет свежего пробоя Donchian на последней закрытой свече,False,"{""score"": null, ""liquidity_score"": null, ""breakout_distance_atr"": null, ""freshness_score"": null}",ENTRY_CHECK,BAND-USDT-SWAP,no_fresh_breakout,нет свежего пробоя Donchian на последней закрытой свече,rejected,2026-03-27 04:54:06,
False,нет свежего пробоя Donchian на последней закрытой свече,False,"{""score"": null, ""liquidity_score"": null, ""breakout_distance_atr"": null, ""freshness_score"": null}",ENTRY_CHECK,BNB-USDT-SWAP,no_fresh_breakout,нет свежего пробоя Donchian на последней закрытой свече,rejected,2026-03-27 04:54:13,
False,нет свежего пробоя Donchian на последней закрытой свече,False,"{""score"": null, ""liquidity_score"": null, ""breakout_distance_atr"": null, ""freshness_score"": null}",ENTRY_CHECK,BTC-USDT-SWAP,no_fresh_breakout,нет свежего пробоя Donchian на последней закрытой свече,rejected,2026-03-27 04:54:17,
False,нет свежего пробоя Donchian на последней закрытой свече,False,"{""score"": null, ""liquidity_score"": null, ""breakout_distance_atr"": null, ""freshness_score"": null}",ENTRY_CHECK,LINK-USDT-SWAP,no_fresh_breakout,нет свежего пробоя Donchian на последней закрытой свече,rejected,2026-03-27 04:54:54,
False,нет свежего пробоя Donchian на последней закрытой свече,False,"{""score"": null, ""liquidity_score"": null, ""breakout_distance_atr"": null, ""freshness_score"": null}",ENTRY_CHECK,LRC-USDT-SWAP,no_fresh_breakout,нет свежего пробоя Donchian на последней закрытой свече,rejected,2026-03-27 04:54:58,
False,нет свежего пробоя Donchian на последней закрытой свече,False,"{""score"": null, ""liquidity_score"": null, ""breakout_distance_atr"": null, ""freshness_score"": null}",ENTRY_CHECK,OP-USDT-SWAP,no_fresh_breakout,нет свежего пробоя Donchian на последней закрытой свече,rejected,2026-03-27 04:55:10,
False,нет свежего пробоя Donchian на последней закрытой свече,False,"{""score"": null, ""liquidity_score"": null, ""breakout_distance_atr"": null, ""freshness_score"": null}",ENTRY_CHECK,TON-USDT-SWAP,no_fresh_breakout,нет свежего пробоя Donchian на последней закрытой свече,rejected,2026-03-27 04:55:34,
False,нет свежего пробоя Donchian на последней закрытой свече,False,"{""score"": null, ""liquidity_score"": null, ""breakout_distance_atr"": null, ""freshness_score"": null}",ENTRY_CHECK,XAG-USDT-SWAP,no_fresh_breakout,нет свежего пробоя Donchian на последней закрытой свече,rejected,2026-03-27 04:55:40,
False,нет свежего пробоя Donchian на последней закрытой свече,False,"{""score"": null, ""liquidity_score"": null, ""breakout_distance_atr"": null, ""freshness_score"": null}",ENTRY_CHECK,XTZ-USDT-SWAP,no_fresh_breakout,нет свежего пробоя Donchian на последней закрытой свече,rejected,2026-03-27 04:55:48,
False,нет свежего пробоя Donchian на последней закрытой свече,False,"{""score"": null, ""liquidity_score"": null, ""breakout_distance_atr"": null, ""freshness_score"": null}",ENTRY_CHECK,1INCH-USDT-SWAP,no_fresh_breakout,нет свежего пробоя Donchian на последней закрытой свече,rejected,2026-03-27 04:58:31,
False,нет свежего пробоя Donchian на последней закрытой свече,False,"{""score"": null, ""liquidity_score"": null, ""breakout_distance_atr"": null, ""freshness_score"": null}",ENTRY_CHECK,ALGO-USDT-SWAP,no_fresh_breakout,нет свежего пробоя Donchian на последней закрытой свече,rejected,2026-03-27 04:58:44,
False,нет свежего пробоя Donchian на последней закрытой свече,False,"{""score"": null, ""liquidity_score"": null, ""breakout_distance_atr"": null, ""freshness_score"": null}",ENTRY_CHECK,ASTER-USDT-SWAP,no_fresh_breakout,нет свежего пробоя Donchian на последней закрытой свече,rejected,2026-03-27 04:58:48,
False,нет свежего пробоя Donchian на последней закрытой свече,False,"{""score"": null, ""liquidity_score"": null, ""breakout_distance_atr"": null, ""freshness_score"": null}",ENTRY_CHECK,AUCTION-USDT-SWAP,no_fresh_breakout,нет свежего пробоя Donchian на последней закрытой свече,rejected,2026-03-27 04:58:51,
False,нет свежего пробоя Donchian на последней закрытой свече,False,"{""score"": null, ""liquidity_score"": null, ""breakout_distance_atr"": null, ""freshness_score"": null}",ENTRY_CHECK,AVAX-USDT-SWAP,no_fresh_breakout,нет свежего пробоя Donchian на последней закрытой свече,rejected,2026-03-27 04:58:53,
False,нет свежего пробоя Donchian на последней закрытой свече,False,"{""score"": null, ""liquidity_score"": null, ""breakout_distance_atr"": null, ""freshness_score"": null}",ENTRY_CHECK,BAND-USDT-SWAP,no_fresh_breakout,нет свежего пробоя Donchian на последней закрытой свече,rejected,2026-03-27 04:58:57,
False,нет свежего пробоя Donchian на последней закрытой свече,False,"{""score"": null, ""liquidity_score"": null, ""breakout_distance_atr"": null, ""freshness_score"": null}",ENTRY_CHECK,BCH-USDT-SWAP,no_fresh_breakout,нет свежего пробоя Donchian на последней закрытой свече,rejected,2026-03-27 04:58:58,
False,закрытие не удержалось ниже канала,False,"{""score"": null, ""liquidity_score"": null, ""breakout_distance_atr"": null, ""freshness_score"": null}",ENTRY_CHECK,BNB-USDT-SWAP,закрытие_не_удержалось_ниже_канала,закрытие не удержалось ниже канала,rejected,2026-03-27 04:59:03,
False,закрытие не удержалось ниже канала,False,"{""score"": null, ""liquidity_score"": null, ""breakout_distance_atr"": null, ""freshness_score"": null}",ENTRY_CHECK,BNB-USDT-SWAP,закрытие_не_удержалось_ниже_канала,закрытие не удержалось ниже канала,rejected,2026-03-27 04:59:03,
False,нет свежего пробоя Donchian на последней закрытой свече,False,"{""score"": null, ""liquidity_score"": null, ""breakout_distance_atr"": null, ""freshness_score"": null}",ENTRY_CHECK,BTC-USDT-SWAP,no_fresh_breakout,нет свежего пробоя Donchian на последней закрытой свече,rejected,2026-03-27 04:59:06,
False,нет свежего пробоя Donchian на последней закрытой свече,False,"{""score"": null, ""liquidity_score"": null, ""breakout_distance_atr"": null, ""freshness_score"": null}",ENTRY_CHECK,COMP-USDT-SWAP,no_fresh_breakout,нет свежего пробоя Donchian на последней закрытой свече,rejected,2026-03-27 04:59:15,
False,нет свежего пробоя Donchian на последней закрытой свече,False,"{""score"": null, ""liquidity_score"": null, ""breakout_distance_atr"": null, ""freshness_score"": null}",ENTRY_CHECK,LINK-USDT-SWAP,no_fresh_breakout,нет свежего пробоя Donchian на последней закрытой свече,rejected,2026-03-27 04:59:45,
False,нет свежего пробоя Donchian на последней закрытой свече,False,"{""score"": null, ""liquidity_score"": null, ""breakout_distance_atr"": null, ""freshness_score"": null}",ENTRY_CHECK,LQTY-USDT-SWAP,no_fresh_breakout,нет свежего пробоя Donchian на последней закрытой свече,rejected,2026-03-27 04:59:48,
False,нет свежего пробоя Donchian на последней закрытой свече,False,"{""score"": null, ""liquidity_score"": null, ""breakout_distance_atr"": null, ""freshness_score"": null}",ENTRY_CHECK,LRC-USDT-SWAP,no_fresh_breakout,нет свежего пробоя Donchian на последней закрытой свече,rejected,2026-03-27 04:59:49,
False,нет свежего пробоя Donchian на последней закрытой свече,False,"{""score"": null, ""liquidity_score"": null, ""breakout_distance_atr"": null, ""freshness_score"": null}",ENTRY_CHECK,MET-USDT-SWAP,no_fresh_breakout,нет свежего пробоя Donchian на последней закрытой свече,rejected,2026-03-27 04:59:57,
False,нет свежего пробоя Donchian на последней закрытой свече,False,"{""score"": null, ""liquidity_score"": null, ""breakout_distance_atr"": null, ""freshness_score"": null}",ENTRY_CHECK,SYRUP-USDT-SWAP,no_fresh_breakout,нет свежего пробоя Donchian на последней закрытой свече,rejected,2026-03-27 05:00:24,
False,нет свежего пробоя Donchian на последней закрытой свече,False,"{""score"": null, ""liquidity_score"": null, ""breakout_distance_atr"": null, ""freshness_score"": null}",ENTRY_CHECK,TON-USDT-SWAP,no_fresh_breakout,нет свежего пробоя Donchian на последней закрытой свече,rejected,2026-03-27 05:00:27,
False,нет свежего пробоя Donchian на последней закрытой свече,False,"{""score"": null, ""liquidity_score"": null, ""breakout_distance_atr"": null, ""freshness_score"": null}",ENTRY_CHECK,TSLA-USDT-SWAP,no_fresh_breakout,нет свежего пробоя Donchian на последней закрытой свече,rejected,2026-03-27 05:00:31,
False,нет свежего пробоя Donchian на последней закрытой свече,False,"{""score"": null, ""liquidity_score"": null, ""breakout_distance_atr"": null, ""freshness_score"": null}",ENTRY_CHECK,XTZ-USDT-SWAP,no_fresh_breakout,нет свежего пробоя Donchian на последней закрытой свече,rejected,2026-03-27 05:00:40,
True,ATR stop update,True,"{""price"": 0.05592, ""prev_stop_price"": 0.055831000000000006, ""stop_price"": 0.055856, ""peak_unrealized_pnl"": 0.0}",STOP_MOVE_CHECK,MINA-USDT-SWAP,unknown,ATR stop update,TRAIL_UPDATE,2026-03-27 05:02:45,20260327_042155_MINA-USDT-SWAP_long
True,pyramid_added,True,"{""units"": 2, ""last_price"": null, ""next_pyramid_price"": 0.28925667749721506, ""retry_after_sec"": null}",ADD_UNIT_CHECK,LDO-USDT-SWAP,unknown,,pyramid_added,2026-03-27 05:03:02,20260327_043617_LDO-USDT-SWAP_long
False,нет свежего пробоя Donchian на последней закрытой свече,False,"{""score"": null, ""liquidity_score"": null, ""breakout_distance_atr"": null, ""freshness_score"": null}",ENTRY_CHECK,1INCH-USDT-SWAP,no_fresh_breakout,нет свежего пробоя Donchian на последней закрытой свече,rejected,2026-03-27 05:03:28,
False,закрытие не удержалось выше канала,False,"{""score"": null, ""liquidity_score"": null, ""breakout_distance_atr"": null, ""freshness_score"": null}",ENTRY_CHECK,ALGO-USDT-SWAP,закрытие_не_удержалось_выше_канала,закрытие не удержалось выше канала,rejected,2026-03-27 05:03:28,
False,нет свежего пробоя Donchian на последней закрытой свече,False,"{""score"": null, ""liquidity_score"": null, ""breakout_distance_atr"": null, ""freshness_score"": null}",ENTRY_CHECK,ASTER-USDT-SWAP,no_fresh_breakout,нет свежего пробоя Donchian на последней закрытой свече,rejected,2026-03-27 05:03:30,
False,momentum chase blocked after 3 same-side candles,False,"{""score"": null, ""liquidity_score"": null, ""breakout_distance_atr"": 0.6818, ""freshness_score"": null}",ENTRY_CHECK,AUCTION-USDT-SWAP,blacklist,momentum chase blocked after 3 same-side candles,rejected,2026-03-27 05:03:33,
False,нет свежего пробоя Donchian на последней закрытой свече,False,"{""score"": null, ""liquidity_score"": null, ""breakout_distance_atr"": null, ""freshness_score"": null}",ENTRY_CHECK,AVAX-USDT-SWAP,no_fresh_breakout,нет свежего пробоя Donchian на последней закрытой свече,rejected,2026-03-27 05:03:35,
False,нет свежего пробоя Donchian на последней закрытой свече,False,"{""score"": null, ""liquidity_score"": null, ""breakout_distance_atr"": null, ""freshness_score"": null}",ENTRY_CHECK,BAND-USDT-SWAP,no_fresh_breakout,нет свежего пробоя Donchian на последней закрытой свече,rejected,2026-03-27 05:03:38,
False,нет свежего пробоя Donchian на последней закрытой свече,False,"{""score"": null, ""liquidity_score"": null, ""breakout_distance_atr"": null, ""freshness_score"": null}",ENTRY_CHECK,BNB-USDT-SWAP,no_fresh_breakout,нет свежего пробоя Donchian на последней закрытой свече,rejected,2026-03-27 05:03:44,
False,нет свежего пробоя Donchian на последней закрытой свече,False,"{""score"": null, ""liquidity_score"": null, ""breakout_distance_atr"": null, ""freshness_score"": null}",ENTRY_CHECK,BOME-USDT-SWAP,no_fresh_breakout,нет свежего пробоя Donchian на последней закрытой свече,rejected,2026-03-27 05:03:46,
False,нет свежего пробоя Donchian на последней закрытой свече,False,"{""score"": null, ""liquidity_score"": null, ""breakout_distance_atr"": null, ""freshness_score"": null}",ENTRY_CHECK,LINK-USDT-SWAP,no_fresh_breakout,нет свежего пробоя Donchian на последней закрытой свече,rejected,2026-03-27 05:04:26,
False,нет свежего пробоя Donchian на последней закрытой свече,False,"{""score"": null, ""liquidity_score"": null, ""breakout_distance_atr"": null, ""freshness_score"": null}",ENTRY_CHECK,MET-USDT-SWAP,no_fresh_breakout,нет свежего пробоя Donchian на последней закрытой свече,rejected,2026-03-27 05:04:37,
False,нет свежего пробоя Donchian на последней закрытой свече,False,"{""score"": null, ""liquidity_score"": null, ""breakout_distance_atr"": null, ""freshness_score"": null}",ENTRY_CHECK,OP-USDT-SWAP,no_fresh_breakout,нет свежего пробоя Donchian на последней закрытой свече,rejected,2026-03-27 05:04:43,
False,нет свежего пробоя Donchian на последней закрытой свече,False,"{""score"": null, ""liquidity_score"": null, ""breakout_distance_atr"": null, ""freshness_score"": null}",ENTRY_CHECK,SYRUP-USDT-SWAP,no_fresh_breakout,нет свежего пробоя Donchian на последней закрытой свече,rejected,2026-03-27 05:05:04,
False,нет свежего пробоя Donchian на последней закрытой свече,False,"{""score"": null, ""liquidity_score"": null, ""breakout_distance_atr"": null, ""freshness_score"": null}",ENTRY_CHECK,TON-USDT-SWAP,no_fresh_breakout,нет свежего пробоя Donchian на последней закрытой свече,rejected,2026-03-27 05:05:07,
False,нет свежего пробоя Donchian на последней закрытой свече,False,"{""score"": null, ""liquidity_score"": null, ""breakout_distance_atr"": null, ""freshness_score"": null}",ENTRY_CHECK,XTZ-USDT-SWAP,no_fresh_breakout,нет свежего пробоя Donchian на последней закрытой свече,rejected,2026-03-27 05:05:20,
True,Синхронизация: позиция отсутствует на бирже,True,"{""units"": 1, ""last_price"": null, ""next_pyramid_price"": null, ""retry_after_sec"": null}",EXIT_CHECK,XLM-USDT-SWAP,синхронизация:_позиция_отсутствует_на_бирже,Синхронизация: позиция отсутствует на бирже,position_closed,2026-03-27 05:05:40,20260326_235555_XLM-USDT-SWAP_short
True,TURTLE stop update,True,"{""price"": 0.0367, ""prev_stop_price"": 0.0361, ""stop_price"": 0.0362, ""peak_unrealized_pnl"": 675.0371999995416}",STOP_MOVE_CHECK,YGG-USDT-SWAP,unknown,TURTLE stop update,TRAIL_UPDATE,2026-03-27 05:06:28,20260327_014759_YGG-USDT-SWAP_long
True,Новый пик open PnL,True,"{""price"": 0.0367, ""prev_stop_price"": null, ""stop_price"": 0.0362, ""peak_unrealized_pnl"": 675.0371999995416}",EXIT_CHECK,YGG-USDT-SWAP,unknown,Новый пик open PnL,PEAK_PNL,2026-03-27 05:06:28,20260327_014759_YGG-USDT-SWAP_long
True,pyramid_added,True,"{""units"": 4, ""last_price"": null, ""next_pyramid_price"": 0.0593062762287642, ""retry_after_sec"": null}",ADD_UNIT_CHECK,CFX-USDT-SWAP,unknown,,pyramid_added,2026-03-27 05:07:29,20260327_041717_CFX-USDT-SWAP_long
True,ATR stop update,True,"{""price"": 0.2897, ""prev_stop_price"": 0.28799, ""stop_price"": 0.28805000000000003, ""peak_unrealized_pnl"": 0.0}",STOP_MOVE_CHECK,LDO-USDT-SWAP,unknown,ATR stop update,TRAIL_UPDATE,2026-03-27 05:08:09,20260327_043617_LDO-USDT-SWAP_long
True,pyramid_added,True,"{""units"": 3, ""last_price"": null, ""next_pyramid_price"": 0.28961458874860757, ""retry_after_sec"": null}",ADD_UNIT_CHECK,LDO-USDT-SWAP,unknown,,pyramid_added,2026-03-27 05:08:10,20260327_043617_LDO-USDT-SWAP_long
False,нет свежего пробоя Donchian на последней закрытой свече,False,"{""score"": null, ""liquidity_score"": null, ""breakout_distance_atr"": null, ""freshness_score"": null}",ENTRY_CHECK,1INCH-USDT-SWAP,no_fresh_breakout,нет свежего пробоя Donchian на последней закрытой свече,rejected,2026-03-27 05:08:37,
False,нет свежего пробоя Donchian на последней закрытой свече,False,"{""score"": null, ""liquidity_score"": null, ""breakout_distance_atr"": null, ""freshness_score"": null}",ENTRY_CHECK,ALGO-USDT-SWAP,no_fresh_breakout,нет свежего пробоя Donchian на последней закрытой свече,rejected,2026-03-27 05:08:48,
False,нет свежего пробоя Donchian на последней закрытой свече,False,"{""score"": null, ""liquidity_score"": null, ""breakout_distance_atr"": null, ""freshness_score"": null}",ENTRY_CHECK,ARB-USDT-SWAP,no_fresh_breakout,нет свежего пробоя Donchian на последней закрытой свече,rejected,2026-03-27 05:08:50,
False,нет свежего пробоя Donchian на последней закрытой свече,False,"{""score"": null, ""liquidity_score"": null, ""breakout_distance_atr"": null, ""freshness_score"": null}",ENTRY_CHECK,ASTER-USDT-SWAP,no_fresh_breakout,нет свежего пробоя Donchian на последней закрытой свече,rejected,2026-03-27 05:08:51,
False,нет свежего пробоя Donchian на последней закрытой свече,False,"{""score"": null, ""liquidity_score"": null, ""breakout_distance_atr"": null, ""freshness_score"": null}",ENTRY_CHECK,AVAX-USDT-SWAP,no_fresh_breakout,нет свежего пробоя Donchian на последней закрытой свече,rejected,2026-03-27 05:08:52,
False,oversized breakout candle 14.00 ATR > 3.50 ATR,False,"{""score"": null, ""liquidity_score"": null, ""breakout_distance_atr"": 10.0, ""freshness_score"": null}",ENTRY_CHECK,BAND-USDT-SWAP,oversized_breakout_candle_14.00_atr_>_3.50_atr,oversized breakout candle 14.00 ATR > 3.50 ATR,rejected,2026-03-27 05:08:53,
False,закрытие не удержалось выше канала,False,"{""score"": null, ""liquidity_score"": null, ""breakout_distance_atr"": null, ""freshness_score"": null}",ENTRY_CHECK,BNB-USDT-SWAP,закрытие_не_удержалось_выше_канала,закрытие не удержалось выше канала,rejected,2026-03-27 05:08:54,
False,закрытие не удержалось выше канала,False,"{""score"": null, ""liquidity_score"": null, ""breakout_distance_atr"": null, ""freshness_score"": null}",ENTRY_CHECK,BNB-USDT-SWAP,закрытие_не_удержалось_выше_канала,закрытие не удержалось выше канала,rejected,2026-03-27 05:08:54,
False,нет свежего пробоя Donchian на последней закрытой свече,False,"{""score"": null, ""liquidity_score"": null, ""breakout_distance_atr"": null, ""freshness_score"": null}",ENTRY_CHECK,BOME-USDT-SWAP,no_fresh_breakout,нет свежего пробоя Donchian на последней закрытой свече,rejected,2026-03-27 05:08:56,
False,classic_turtle_breakout_short,True,"{""score"": null, ""liquidity_score"": 4.8577, ""breakout_distance_atr"": 0.5882, ""freshness_score"": 0.5982}",ENTRY_CHECK,COMP-USDT-SWAP,classic_turtle_breakout_short,classic_turtle_breakout_short,candidate,2026-03-27 05:09:07,
False,нет свежего пробоя Donchian на последней закрытой свече,False,"{""score"": null, ""liquidity_score"": null, ""breakout_distance_atr"": null, ""freshness_score"": null}",ENTRY_CHECK,LRC-USDT-SWAP,no_fresh_breakout,нет свежего пробоя Donchian на последней закрытой свече,rejected,2026-03-27 05:09:39,
False,нет свежего пробоя Donchian на последней закрытой свече,False,"{""score"": null, ""liquidity_score"": null, ""breakout_distance_atr"": null, ""freshness_score"": null}",ENTRY_CHECK,MET-USDT-SWAP,no_fresh_breakout,нет свежего пробоя Donchian на последней закрытой свече,rejected,2026-03-27 05:09:47,
False,нет свежего пробоя Donchian на последней закрытой свече,False,"{""score"": null, ""liquidity_score"": null, ""breakout_distance_atr"": null, ""freshness_score"": null}",ENTRY_CHECK,OP-USDT-SWAP,no_fresh_breakout,нет свежего пробоя Donchian на последней закрытой свече,rejected,2026-03-27 05:09:53,
False,classic_turtle_breakout_short,True,"{""score"": null, ""liquidity_score"": 3.1909, ""breakout_distance_atr"": 0.5405, ""freshness_score"": 0.5505}",ENTRY_CHECK,SYRUP-USDT-SWAP,classic_turtle_breakout_short,classic_turtle_breakout_short,candidate,2026-03-27 05:10:12,
False,classic_turtle_breakout_short,True,"{""score"": null, ""liquidity_score"": 3.1909, ""breakout_distance_atr"": 0.5405, ""freshness_score"": 0.5505}",ENTRY_CHECK,SYRUP-USDT-SWAP,classic_turtle_breakout_short,classic_turtle_breakout_short,candidate,2026-03-27 05:10:12,
False,нет свежего пробоя Donchian на последней закрытой свече,False,"{""score"": null, ""liquidity_score"": null, ""breakout_distance_atr"": null, ""freshness_score"": null}",ENTRY_CHECK,TON-USDT-SWAP,no_fresh_breakout,нет свежего пробоя Donchian на последней закрытой свече,rejected,2026-03-27 05:10:16,
False,нет свежего пробоя Donchian на последней закрытой свече,False,"{""score"": null, ""liquidity_score"": null, ""breakout_distance_atr"": null, ""freshness_score"": null}",ENTRY_CHECK,TSLA-USDT-SWAP,no_fresh_breakout,нет свежего пробоя Donchian на последней закрытой свече,rejected,2026-03-27 05:10:19,
False,нет свежего пробоя Donchian на последней закрытой свече,False,"{""score"": null, ""liquidity_score"": null, ""breakout_distance_atr"": null, ""freshness_score"": null}",ENTRY_CHECK,XLM-USDT-SWAP,no_fresh_breakout,нет свежего пробоя Donchian на последней закрытой свече,rejected,2026-03-27 05:10:24,
False,нет свежего пробоя Donchian на последней закрытой свече,False,"{""score"": null, ""liquidity_score"": null, ""breakout_distance_atr"": null, ""freshness_score"": null}",ENTRY_CHECK,XTZ-USDT-SWAP,no_fresh_breakout,нет свежего пробоя Donchian на последней закрытой свече,rejected,2026-03-27 05:10:31,
False,classic_turtle_breakout_short,True,"{""score"": null, ""liquidity_score"": 4.8577, ""breakout_distance_atr"": 0.5882, ""freshness_score"": 0.5982}",ENTRY_RANK,COMP-USDT-SWAP,classic_turtle_breakout_short,classic_turtle_breakout_short,ranked_candidate,2026-03-27 05:10:38,
False,classic_turtle_breakout_short,True,"{""score"": null, ""liquidity_score"": 3.1909, ""breakout_distance_atr"": 0.5405, ""freshness_score"": 0.5505}",ENTRY_RANK,SYRUP-USDT-SWAP,classic_turtle_breakout_short,classic_turtle_breakout_short,ranked_candidate,2026-03-27 05:10:38,
False,classic_turtle_breakout_short,True,"{""score"": null, ""liquidity_score"": 3.1909, ""breakout_distance_atr"": 0.5405, ""freshness_score"": 0.5505}",ENTRY_RANK,SYRUP-USDT-SWAP,classic_turtle_breakout_short,classic_turtle_breakout_short,ranked_candidate,2026-03-27 05:10:38,
True,entry_sent,True,"{""score"": null, ""liquidity_score"": null, ""breakout_distance_atr"": 0.5405, ""freshness_score"": null}",ENTRY_EXECUTION,SYRUP-USDT-SWAP,unknown,,entry_sent,2026-03-27 05:10:40,
True,position_opened,True,"{""units"": null, ""last_price"": null, ""next_pyramid_price"": null, ""retry_after_sec"": null}",ENTRY_EXECUTION,SYRUP-USDT-SWAP,unknown,,position_opened,2026-03-27 05:10:40,20260327_051040_SYRUP-USDT-SWAP_short
False,entry_failed,False,"{""score"": null, ""liquidity_score"": null, ""breakout_distance_atr"": null, ""freshness_score"": null}",ENTRY_EXECUTION,COMP-USDT-SWAP,unknown,,entry_failed,2026-03-27 05:10:41,
True,TURTLE stop update,True,"{""price"": 0.05942, ""prev_stop_price"": 0.05926, ""stop_price"": 0.05928, ""peak_unrealized_pnl"": 11.148999999981244}",STOP_MOVE_CHECK,CFX-USDT-SWAP,unknown,TURTLE stop update,TRAIL_UPDATE,2026-03-27 05:12:12,20260327_041717_CFX-USDT-SWAP_long
True,ATR stop update,True,"{""price"": 4.313, ""prev_stop_price"": 4.3, ""stop_price"": 4.3092, ""peak_unrealized_pnl"": 10.55810000000076}",STOP_MOVE_CHECK,KSM-USDT-SWAP,unknown,ATR stop update,TRAIL_UPDATE,2026-03-27 05:12:22,20260327_042150_KSM-USDT-SWAP_long
True,ATR stop update,True,"{""price"": 0.2896, ""prev_stop_price"": 0.2881770887486076, ""stop_price"": 0.28833000000000003, ""peak_unrealized_pnl"": 0.0}",STOP_MOVE_CHECK,LDO-USDT-SWAP,unknown,ATR stop update,TRAIL_UPDATE,2026-03-27 05:12:49,20260327_043617_LDO-USDT-SWAP_long
False,нет свежего пробоя Donchian на последней закрытой свече,False,"{""score"": null, ""liquidity_score"": null, ""breakout_distance_atr"": null, ""freshness_score"": null}",ENTRY_CHECK,1INCH-USDT-SWAP,no_fresh_breakout,нет свежего пробоя Donchian на последней закрытой свече,rejected,2026-03-27 05:13:17,
False,нет свежего пробоя Donchian на последней закрытой свече,False,"{""score"": null, ""liquidity_score"": null, ""breakout_distance_atr"": null, ""freshness_score"": null}",ENTRY_CHECK,ALGO-USDT-SWAP,no_fresh_breakout,нет свежего пробоя Donchian на последней закрытой свече,rejected,2026-03-27 05:13:28,
False,нет свежего пробоя Donchian на последней закрытой свече,False,"{""score"": null, ""liquidity_score"": null, ""breakout_distance_atr"": null, ""freshness_score"": null}",ENTRY_CHECK,ASTER-USDT-SWAP,no_fresh_breakout,нет свежего пробоя Donchian на последней закрытой свече,rejected,2026-03-27 05:13:33,
False,нет свежего пробоя Donchian на последней закрытой свече,False,"{""score"": null, ""liquidity_score"": null, ""breakout_distance_atr"": null, ""freshness_score"": null}",ENTRY_CHECK,AVAX-USDT-SWAP,no_fresh_breakout,нет свежего пробоя Donchian на последней закрытой свече,rejected,2026-03-27 05:13:37,
False,нет свежего пробоя Donchian на последней закрытой свече,False,"{""score"": null, ""liquidity_score"": null, ""breakout_distance_atr"": null, ""freshness_score"": null}",ENTRY_CHECK,BAND-USDT-SWAP,no_fresh_breakout,нет свежего пробоя Donchian на последней закрытой свече,rejected,2026-03-27 05:13:41,
False,нет свежего пробоя Donchian на последней закрытой свече,False,"{""score"": null, ""liquidity_score"": null, ""breakout_distance_atr"": null, ""freshness_score"": null}",ENTRY_CHECK,BNB-USDT-SWAP,no_fresh_breakout,нет свежего пробоя Donchian на последней закрытой свече,rejected,2026-03-27 05:13:45,
False,нет свежего пробоя Donchian на последней закрытой свече,False,"{""score"": null, ""liquidity_score"": null, ""breakout_distance_atr"": null, ""freshness_score"": null}",ENTRY_CHECK,BTC-USDT-SWAP,no_fresh_breakout,нет свежего пробоя Donchian на последней закрытой свече,rejected,2026-03-27 05:13:46,
False,momentum chase blocked after 3 same-side candles,False,"{""score"": null, ""liquidity_score"": null, ""breakout_distance_atr"": 1.0526, ""freshness_score"": null}",ENTRY_CHECK,COMP-USDT-SWAP,blacklist,momentum chase blocked after 3 same-side candles,rejected,2026-03-27 05:13:48,
False,нет свежего пробоя Donchian на последней закрытой свече,False,"{""score"": null, ""liquidity_score"": null, ""breakout_distance_atr"": null, ""freshness_score"": null}",ENTRY_CHECK,LINK-USDT-SWAP,no_fresh_breakout,нет свежего пробоя Donchian на последней закрытой свече,rejected,2026-03-27 05:14:15,
False,classic_turtle_breakout_long,True,"{""score"": null, ""liquidity_score"": 83.2804, ""breakout_distance_atr"": 7.4419, ""freshness_score"": 7.4519}",ENTRY_CHECK,LRC-USDT-SWAP,classic_turtle_breakout_long,classic_turtle_breakout_long,candidate,2026-03-27 05:14:20,
False,classic_turtle_breakout_long,True,"{""score"": null, ""liquidity_score"": 83.2804, ""breakout_distance_atr"": 7.4419, ""freshness_score"": 7.4519}",ENTRY_CHECK,LRC-USDT-SWAP,classic_turtle_breakout_long,classic_turtle_breakout_long,candidate,2026-03-27 05:14:20,
False,нет свежего пробоя Donchian на последней закрытой свече,False,"{""score"": null, ""liquidity_score"": null, ""breakout_distance_atr"": null, ""freshness_score"": null}",ENTRY_CHECK,MET-USDT-SWAP,no_fresh_breakout,нет свежего пробоя Donchian на последней закрытой свече,rejected,2026-03-27 05:14:27,
False,нет свежего пробоя Donchian на последней закрытой свече,False,"{""score"": null, ""liquidity_score"": null, ""breakout_distance_atr"": null, ""freshness_score"": null}",ENTRY_CHECK,OP-USDT-SWAP,no_fresh_breakout,нет свежего пробоя Donchian на последней закрытой свече,rejected,2026-03-27 05:14:33,
False,нет свежего пробоя Donchian на последней закрытой свече,False,"{""score"": null, ""liquidity_score"": null, ""breakout_distance_atr"": null, ""freshness_score"": null}",ENTRY_CHECK,XLM-USDT-SWAP,no_fresh_breakout,нет свежего пробоя Donchian на последней закрытой свече,rejected,2026-03-27 05:15:04,
False,ATR warmup: цена или ATR недоступны после прогрева,False,"{""score"": null, ""liquidity_score"": null, ""breakout_distance_atr"": null, ""freshness_score"": null}",ENTRY_CHECK,XSR-USDT-SWAP,atr_warmup:_цена_или_atr_недоступны_после_прогрева,ATR warmup: цена или ATR недоступны после прогрева,rejected,2026-03-27 05:15:08,
False,нет свежего пробоя Donchian на последней закрытой свече,False,"{""score"": null, ""liquidity_score"": null, ""breakout_distance_atr"": null, ""freshness_score"": null}",ENTRY_CHECK,XTZ-USDT-SWAP,no_fresh_breakout,нет свежего пробоя Donchian на последней закрытой свече,rejected,2026-03-27 05:15:09,
False,classic_turtle_breakout_long,True,"{""score"": null, ""liquidity_score"": 83.2804, ""breakout_distance_atr"": 7.4419, ""freshness_score"": 7.4519}",ENTRY_RANK,LRC-USDT-SWAP,classic_turtle_breakout_long,classic_turtle_breakout_long,ranked_candidate,2026-03-27 05:15:16,
False,classic_turtle_breakout_long,True,"{""score"": null, ""liquidity_score"": 83.2804, ""breakout_distance_atr"": 7.4419, ""freshness_score"": 7.4519}",ENTRY_RANK,LRC-USDT-SWAP,classic_turtle_breakout_long,classic_turtle_breakout_long,ranked_candidate,2026-03-27 05:15:16,
True,entry_sent,True,"{""score"": null, ""liquidity_score"": null, ""breakout_distance_atr"": 7.4419, ""freshness_score"": null}",ENTRY_EXECUTION,LRC-USDT-SWAP,unknown,,entry_sent,2026-03-27 05:15:18,
True,position_opened,True,"{""units"": null, ""last_price"": null, ""next_pyramid_price"": null, ""retry_after_sec"": null}",ENTRY_EXECUTION,LRC-USDT-SWAP,unknown,,position_opened,2026-03-27 05:15:18,20260327_051518_LRC-USDT-SWAP_long
True,Канальный выход 10 свечей,True,"{""units"": 4, ""last_price"": null, ""next_pyramid_price"": null, ""retry_after_sec"": null}",EXIT_CHECK,FIL-USDT-SWAP,канальный_выход_10_свечей,Канальный выход 10 свечей,position_closed,2026-03-27 05:16:38,20260327_041221_FIL-USDT-SWAP_long
True,TURTLE stop update,True,"{""price"": 0.875, ""prev_stop_price"": 0.873, ""stop_price"": 0.874, ""peak_unrealized_pnl"": 8.021999999999117}",STOP_MOVE_CHECK,FIL-USDT-SWAP,unknown,TURTLE stop update,TRAIL_UPDATE,2026-03-27 05:16:38,20260327_041221_FIL-USDT-SWAP_long
False,недостаточный прогресс 0.00 ATR,False,"{""units"": 1, ""last_price"": 0.2172, ""next_pyramid_price"": 0.2172075, ""retry_after_sec"": null}",ADD_UNIT_CHECK,SYRUP-USDT-SWAP,недостаточный_прогресс_0.00_atr,недостаточный прогресс 0.00 ATR,pyramid_skipped,2026-03-27 05:17:16,
False,нет свежего пробоя Donchian на последней закрытой свече,False,"{""score"": null, ""liquidity_score"": null, ""breakout_distance_atr"": null, ""freshness_score"": null}",ENTRY_CHECK,1INCH-USDT-SWAP,no_fresh_breakout,нет свежего пробоя Donchian на последней закрытой свече,rejected,2026-03-27 05:17:44,
False,нет свежего пробоя Donchian на последней закрытой свече,False,"{""score"": null, ""liquidity_score"": null, ""breakout_distance_atr"": null, ""freshness_score"": null}",ENTRY_CHECK,ALGO-USDT-SWAP,no_fresh_breakout,нет свежего пробоя Donchian на последней закрытой свече,rejected,2026-03-27 05:17:56,
False,нет свежего пробоя Donchian на последней закрытой свече,False,"{""score"": null, ""liquidity_score"": null, ""breakout_distance_atr"": null, ""freshness_score"": null}",ENTRY_CHECK,ASTER-USDT-SWAP,no_fresh_breakout,нет свежего пробоя Donchian на последней закрытой свече,rejected,2026-03-27 05:18:00,
False,нет свежего пробоя Donchian на последней закрытой свече,False,"{""score"": null, ""liquidity_score"": null, ""breakout_distance_atr"": null, ""freshness_score"": null}",ENTRY_CHECK,BAND-USDT-SWAP,no_fresh_breakout,нет свежего пробоя Donchian на последней закрытой свече,rejected,2026-03-27 05:18:07,
False,нет свежего пробоя Donchian на последней закрытой свече,False,"{""score"": null, ""liquidity_score"": null, ""breakout_distance_atr"": null, ""freshness_score"": null}",ENTRY_CHECK,BCH-USDT-SWAP,no_fresh_breakout,нет свежего пробоя Donchian на последней закрытой свече,rejected,2026-03-27 05:18:09,
False,нет свежего пробоя Donchian на последней закрытой свече,False,"{""score"": null, ""liquidity_score"": null, ""breakout_distance_atr"": null, ""freshness_score"": null}",ENTRY_CHECK,BNB-USDT-SWAP,no_fresh_breakout,нет свежего пробоя Donchian на последней закрытой свече,rejected,2026-03-27 05:18:15,
False,нет свежего пробоя Donchian на последней закрытой свече,False,"{""score"": null, ""liquidity_score"": null, ""breakout_distance_atr"": null, ""freshness_score"": null}",ENTRY_CHECK,BOME-USDT-SWAP,no_fresh_breakout,нет свежего пробоя Donchian на последней закрытой свече,rejected,2026-03-27 05:18:16,
False,нет свежего пробоя Donchian на последней закрытой свече,False,"{""score"": null, ""liquidity_score"": null, ""breakout_distance_atr"": null, ""freshness_score"": null}",ENTRY_CHECK,COMP-USDT-SWAP,no_fresh_breakout,нет свежего пробоя Donchian на последней закрытой свече,rejected,2026-03-27 05:18:27,
False,нет свежего пробоя Donchian на последней закрытой свече,False,"{""score"": null, ""liquidity_score"": null, ""breakout_distance_atr"": null, ""freshness_score"": null}",ENTRY_CHECK,IOTA-USDT-SWAP,no_fresh_breakout,нет свежего пробоя Donchian на последней закрытой свече,rejected,2026-03-27 05:18:44,
False,нет свежего пробоя Donchian на последней закрытой свече,False,"{""score"": null, ""liquidity_score"": null, ""breakout_distance_atr"": null, ""freshness_score"": null}",ENTRY_CHECK,LINK-USDT-SWAP,no_fresh_breakout,нет свежего пробоя Donchian на последней закрытой свече,rejected,2026-03-27 05:18:49,
False,classic_turtle_breakout_long,True,"{""score"": null, ""liquidity_score"": 15.9094, ""breakout_distance_atr"": 0.6154, ""freshness_score"": 0.6254}",ENTRY_CHECK,LQTY-USDT-SWAP,classic_turtle_breakout_long,classic_turtle_breakout_long,candidate,2026-03-27 05:18:52,
False,нет свежего пробоя Donchian на последней закрытой свече,False,"{""score"": null, ""liquidity_score"": null, ""breakout_distance_atr"": null, ""freshness_score"": null}",ENTRY_CHECK,OP-USDT-SWAP,no_fresh_breakout,нет свежего пробоя Donchian на последней закрытой свече,rejected,2026-03-27 05:19:05,
False,закрытие не удержалось ниже канала,False,"{""score"": null, ""liquidity_score"": null, ""breakout_distance_atr"": null, ""freshness_score"": null}",ENTRY_CHECK,TON-USDT-SWAP,закрытие_не_удержалось_ниже_канала,закрытие не удержалось ниже канала,rejected,2026-03-27 05:19:28,
False,закрытие не удержалось ниже канала,False,"{""score"": null, ""liquidity_score"": null, ""breakout_distance_atr"": null, ""freshness_score"": null}",ENTRY_CHECK,TON-USDT-SWAP,закрытие_не_удержалось_ниже_канала,закрытие не удержалось ниже канала,rejected,2026-03-27 05:19:28,
False,нет свежего пробоя Donchian на последней закрытой свече,False,"{""score"": null, ""liquidity_score"": null, ""breakout_distance_atr"": null, ""freshness_score"": null}",ENTRY_CHECK,XLM-USDT-SWAP,no_fresh_breakout,нет свежего пробоя Donchian на последней закрытой свече,rejected,2026-03-27 05:19:37,
False,нет свежего пробоя Donchian на последней закрытой свече,False,"{""score"": null, ""liquidity_score"": null, ""breakout_distance_atr"": null, ""freshness_score"": null}",ENTRY_CHECK,XTZ-USDT-SWAP,no_fresh_breakout,нет свежего пробоя Donchian на последней закрытой свече,rejected,2026-03-27 05:19:43,
False,classic_turtle_breakout_long,True,"{""score"": null, ""liquidity_score"": 15.9094, ""breakout_distance_atr"": 0.6154, ""freshness_score"": 0.6254}",ENTRY_RANK,LQTY-USDT-SWAP,classic_turtle_breakout_long,classic_turtle_breakout_long,ranked_candidate,2026-03-27 05:19:50,
True,entry_sent,True,"{""score"": null, ""liquidity_score"": null, ""breakout_distance_atr"": 0.6154, ""freshness_score"": null}",ENTRY_EXECUTION,LQTY-USDT-SWAP,unknown,,entry_sent,2026-03-27 05:19:53,
True,position_opened,True,"{""units"": null, ""last_price"": null, ""next_pyramid_price"": null, ""retry_after_sec"": null}",ENTRY_EXECUTION,LQTY-USDT-SWAP,unknown,,position_opened,2026-03-27 05:19:53,20260327_051952_LQTY-USDT-SWAP_long
True,Синхронизация: позиция отсутствует на бирже,True,"{""units"": 3, ""last_price"": null, ""next_pyramid_price"": null, ""retry_after_sec"": null}",EXIT_CHECK,LDO-USDT-SWAP,синхронизация:_позиция_отсутствует_на_бирже,Синхронизация: позиция отсутствует на бирже,position_closed,2026-03-27 05:21:51,20260327_043617_LDO-USDT-SWAP_long
True,ATR stop update,True,"{""price"": 0.2171, ""prev_stop_price"": 0.2206, ""stop_price"": 0.21701, ""peak_unrealized_pnl"": 1.9840000000000568}",STOP_MOVE_CHECK,SYRUP-USDT-SWAP,unknown,ATR stop update,TRAIL_UPDATE,2026-03-27 05:21:56,20260327_051040_SYRUP-USDT-SWAP_short
True,pyramid_added,True,"{""units"": 2, ""last_price"": null, ""next_pyramid_price"": 0.2171225, ""retry_after_sec"": null}",ADD_UNIT_CHECK,SYRUP-USDT-SWAP,unknown,,pyramid_added,2026-03-27 05:21:57,20260327_051040_SYRUP-USDT-SWAP_short
True,pyramid_added,True,"{""units"": 2, ""last_price"": null, ""next_pyramid_price"": 0.0233472425, ""retry_after_sec"": null}",ADD_UNIT_CHECK,LRC-USDT-SWAP,unknown,,pyramid_added,2026-03-27 05:22:02,20260327_051518_LRC-USDT-SWAP_long
False,нет свежего пробоя Donchian на последней закрытой свече,False,"{""score"": null, ""liquidity_score"": null, ""breakout_distance_atr"": null, ""freshness_score"": null}",ENTRY_CHECK,1INCH-USDT-SWAP,no_fresh_breakout,нет свежего пробоя Donchian на последней закрытой свече,rejected,2026-03-27 05:22:30,
False,нет свежего пробоя Donchian на последней закрытой свече,False,"{""score"": null, ""liquidity_score"": null, ""breakout_distance_atr"": null, ""freshness_score"": null}",ENTRY_CHECK,AAVE-USDT-SWAP,no_fresh_breakout,нет свежего пробоя Donchian на последней закрытой свече,rejected,2026-03-27 05:22:34,
False,нет свежего пробоя Donchian на последней закрытой свече,False,"{""score"": null, ""liquidity_score"": null, ""breakout_distance_atr"": null, ""freshness_score"": null}",ENTRY_CHECK,ALGO-USDT-SWAP,no_fresh_breakout,нет свежего пробоя Donchian на последней закрытой свече,rejected,2026-03-27 05:22:41,
False,нет свежего пробоя Donchian на последней закрытой свече,False,"{""score"": null, ""liquidity_score"": null, ""breakout_distance_atr"": null, ""freshness_score"": null}",ENTRY_CHECK,BAND-USDT-SWAP,no_fresh_breakout,нет свежего пробоя Donchian на последней закрытой свече,rejected,2026-03-27 05:22:54,
False,нет свежего пробоя Donchian на последней закрытой свече,False,"{""score"": null, ""liquidity_score"": null, ""breakout_distance_atr"": null, ""freshness_score"": null}",ENTRY_CHECK,BCH-USDT-SWAP,no_fresh_breakout,нет свежего пробоя Donchian на последней закрытой свече,rejected,2026-03-27 05:22:56,
False,нет свежего пробоя Donchian на последней закрытой свече,False,"{""score"": null, ""liquidity_score"": null, ""breakout_distance_atr"": null, ""freshness_score"": null}",ENTRY_CHECK,BNB-USDT-SWAP,no_fresh_breakout,нет свежего пробоя Donchian на последней закрытой свече,rejected,2026-03-27 05:23:00,
False,нет свежего пробоя Donchian на последней закрытой свече,False,"{""score"": null, ""liquidity_score"": null, ""breakout_distance_atr"": null, ""freshness_score"": null}",ENTRY_CHECK,BOME-USDT-SWAP,no_fresh_breakout,нет свежего пробоя Donchian на последней закрытой свече,rejected,2026-03-27 05:23:01,
False,нет свежего пробоя Donchian на последней закрытой свече,False,"{""score"": null, ""liquidity_score"": null, ""breakout_distance_atr"": null, ""freshness_score"": null}",ENTRY_CHECK,IOTA-USDT-SWAP,no_fresh_breakout,нет свежего пробоя Donchian на последней закрытой свече,rejected,2026-03-27 05:23:21,
False,нет свежего пробоя Donchian на последней закрытой свече,False,"{""score"": null, ""liquidity_score"": null, ""breakout_distance_atr"": null, ""freshness_score"": null}",ENTRY_CHECK,KAITO-USDT-SWAP,no_fresh_breakout,нет свежего пробоя Donchian на последней закрытой свече,rejected,2026-03-27 05:23:24,
False,нет свежего пробоя Donchian на последней закрытой свече,False,"{""score"": null, ""liquidity_score"": null, ""breakout_distance_atr"": null, ""freshness_score"": null}",ENTRY_CHECK,LDO-USDT-SWAP,no_fresh_breakout,нет свежего пробоя Donchian на последней закрытой свече,rejected,2026-03-27 05:23:26,
False,нет свежего пробоя Donchian на последней закрытой свече,False,"{""score"": null, ""liquidity_score"": null, ""breakout_distance_atr"": null, ""freshness_score"": null}",ENTRY_CHECK,LINK-USDT-SWAP,no_fresh_breakout,нет свежего пробоя Donchian на последней закрытой свече,rejected,2026-03-27 05:23:29,
False,нет свежего пробоя Donchian на последней закрытой свече,False,"{""score"": null, ""liquidity_score"": null, ""breakout_distance_atr"": null, ""freshness_score"": null}",ENTRY_CHECK,OP-USDT-SWAP,no_fresh_breakout,нет свежего пробоя Donchian на последней закрытой свече,rejected,2026-03-27 05:23:43,
False,нет свежего пробоя Donchian на последней закрытой свече,False,"{""score"": null, ""liquidity_score"": null, ""breakout_distance_atr"": null, ""freshness_score"": null}",ENTRY_CHECK,TON-USDT-SWAP,no_fresh_breakout,нет свежего пробоя Donchian на последней закрытой свече,rejected,2026-03-27 05:24:06,
False,нет свежего пробоя Donchian на последней закрытой свече,False,"{""score"": null, ""liquidity_score"": null, ""breakout_distance_atr"": null, ""freshness_score"": null}",ENTRY_CHECK,XLM-USDT-SWAP,no_fresh_breakout,нет свежего пробоя Donchian на последней закрытой свече,rejected,2026-03-27 05:24:14,
False,нет свежего пробоя Donchian на последней закрытой свече,False,"{""score"": null, ""liquidity_score"": null, ""breakout_distance_atr"": null, ""freshness_score"": null}",ENTRY_CHECK,XTZ-USDT-SWAP,no_fresh_breakout,нет свежего пробоя Donchian на последней закрытой свече,rejected,2026-03-27 05:24:20,
True,ATR stop update,True,"{""price"": 0.2166, ""prev_stop_price"": 0.21701, ""stop_price"": 0.21692999999999998, ""peak_unrealized_pnl"": 5.952000000000446}",STOP_MOVE_CHECK,SYRUP-USDT-SWAP,unknown,ATR stop update,TRAIL_UPDATE,2026-03-27 05:26:31,20260327_051040_SYRUP-USDT-SWAP_short
True,pyramid_added,True,"{""units"": 3, ""last_price"": null, ""next_pyramid_price"": 0.2168175, ""retry_after_sec"": null}",ADD_UNIT_CHECK,SYRUP-USDT-SWAP,unknown,,pyramid_added,2026-03-27 05:26:32,20260327_051040_SYRUP-USDT-SWAP_short
True,ATR stop update,True,"{""price"": 0.0233, ""prev_stop_price"": 0.02297, ""stop_price"": 0.023261, ""peak_unrealized_pnl"": 0.0}",STOP_MOVE_CHECK,LRC-USDT-SWAP,unknown,ATR stop update,TRAIL_UPDATE,2026-03-27 05:26:53,20260327_051518_LRC-USDT-SWAP_long
True,ATR stop update,True,"{""price"": 0.2743, ""prev_stop_price"": 0.2605, ""stop_price"": 0.27364999999999995, ""peak_unrealized_pnl"": 0.0}",STOP_MOVE_CHECK,LQTY-USDT-SWAP,unknown,ATR stop update,TRAIL_UPDATE,2026-03-27 05:26:58,20260327_051952_LQTY-USDT-SWAP_long
False,нет свежего пробоя Donchian на последней закрытой свече,False,"{""score"": null, ""liquidity_score"": null, ""breakout_distance_atr"": null, ""freshness_score"": null}",ENTRY_CHECK,1INCH-USDT-SWAP,no_fresh_breakout,нет свежего пробоя Donchian на последней закрытой свече,rejected,2026-03-27 05:27:21,
False,нет свежего пробоя Donchian на последней закрытой свече,False,"{""score"": null, ""liquidity_score"": null, ""breakout_distance_atr"": null, ""freshness_score"": null}",ENTRY_CHECK,AAVE-USDT-SWAP,no_fresh_breakout,нет свежего пробоя Donchian на последней закрытой свече,rejected,2026-03-27 05:27:25,
False,нет свежего пробоя Donchian на последней закрытой свече,False,"{""score"": null, ""liquidity_score"": null, ""breakout_distance_atr"": null, ""freshness_score"": null}",ENTRY_CHECK,ALGO-USDT-SWAP,no_fresh_breakout,нет свежего пробоя Donchian на последней закрытой свече,rejected,2026-03-27 05:27:34,
False,нет свежего пробоя Donchian на последней закрытой свече,False,"{""score"": null, ""liquidity_score"": null, ""breakout_distance_atr"": null, ""freshness_score"": null}",ENTRY_CHECK,AUCTION-USDT-SWAP,no_fresh_breakout,нет свежего пробоя Donchian на последней закрытой свече,rejected,2026-03-27 05:27:41,
False,нет свежего пробоя Donchian на последней закрытой свече,False,"{""score"": null, ""liquidity_score"": null, ""breakout_distance_atr"": null, ""freshness_score"": null}",ENTRY_CHECK,BAND-USDT-SWAP,no_fresh_breakout,нет свежего пробоя Donchian на последней закрытой свече,rejected,2026-03-27 05:27:46,
False,нет свежего пробоя Donchian на последней закрытой свече,False,"{""score"": null, ""liquidity_score"": null, ""breakout_distance_atr"": null, ""freshness_score"": null}",ENTRY_CHECK,BOME-USDT-SWAP,no_fresh_breakout,нет свежего пробоя Donchian на последней закрытой свече,rejected,2026-03-27 05:27:53,
False,нет свежего пробоя Donchian на последней закрытой свече,False,"{""score"": null, ""liquidity_score"": null, ""breakout_distance_atr"": null, ""freshness_score"": null}",ENTRY_CHECK,BTC-USDT-SWAP,no_fresh_breakout,нет свежего пробоя Donchian на последней закрытой свече,rejected,2026-03-27 05:27:56,
False,нет свежего пробоя Donchian на последней закрытой свече,False,"{""score"": null, ""liquidity_score"": null, ""breakout_distance_atr"": null, ""freshness_score"": null}",ENTRY_CHECK,KAITO-USDT-SWAP,no_fresh_breakout,нет свежего пробоя Donchian на последней закрытой свече,rejected,2026-03-27 05:28:25,
False,нет свежего пробоя Donchian на последней закрытой свече,False,"{""score"": null, ""liquidity_score"": null, ""breakout_distance_atr"": null, ""freshness_score"": null}",ENTRY_CHECK,LDO-USDT-SWAP,no_fresh_breakout,нет свежего пробоя Donchian на последней закрытой свече,rejected,2026-03-27 05:28:26,
False,нет свежего пробоя Donchian на последней закрытой свече,False,"{""score"": null, ""liquidity_score"": null, ""breakout_distance_atr"": null, ""freshness_score"": null}",ENTRY_CHECK,LINK-USDT-SWAP,no_fresh_breakout,нет свежего пробоя Donchian на последней закрытой свече,rejected,2026-03-27 05:28:26,
False,нет свежего пробоя Donchian на последней закрытой свече,False,"{""score"": null, ""liquidity_score"": null, ""breakout_distance_atr"": null, ""freshness_score"": null}",ENTRY_CHECK,NEAR-USDT-SWAP,no_fresh_breakout,нет свежего пробоя Donchian на последней закрытой свече,rejected,2026-03-27 05:28:35,
False,нет свежего пробоя Donchian на последней закрытой свече,False,"{""score"": null, ""liquidity_score"": null, ""breakout_distance_atr"": null, ""freshness_score"": null}",ENTRY_CHECK,OP-USDT-SWAP,no_fresh_breakout,нет свежего пробоя Donchian на последней закрытой свече,rejected,2026-03-27 05:28:37,
False,нет свежего пробоя Donchian на последней закрытой свече,False,"{""score"": null, ""liquidity_score"": null, ""breakout_distance_atr"": null, ""freshness_score"": null}",ENTRY_CHECK,TSLA-USDT-SWAP,no_fresh_breakout,нет свежего пробоя Donchian на последней закрытой свече,rejected,2026-03-27 05:29:05,
False,нет свежего пробоя Donchian на последней закрытой свече,False,"{""score"": null, ""liquidity_score"": null, ""breakout_distance_atr"": null, ""freshness_score"": null}",ENTRY_CHECK,XLM-USDT-SWAP,no_fresh_breakout,нет свежего пробоя Donchian на последней закрытой свече,rejected,2026-03-27 05:29:09,
False,нет свежего пробоя Donchian на последней закрытой свече,False,"{""score"": null, ""liquidity_score"": null, ""breakout_distance_atr"": null, ""freshness_score"": null}",ENTRY_CHECK,XTZ-USDT-SWAP,no_fresh_breakout,нет свежего пробоя Donchian на последней закрытой свече,rejected,2026-03-27 05:29:14,
True,TURTLE stop update,True,"{""price"": 0.0594, ""prev_stop_price"": 0.05928, ""stop_price"": 0.05929, ""peak_unrealized_pnl"": 23.48659999998074}",STOP_MOVE_CHECK,CFX-USDT-SWAP,unknown,TURTLE stop update,TRAIL_UPDATE,2026-03-27 05:30:44,20260327_041717_CFX-USDT-SWAP_long
True,pyramid_added,True,"{""units"": 4, ""last_price"": null, ""next_pyramid_price"": 0.2166916666666667, ""retry_after_sec"": null}",ADD_UNIT_CHECK,SYRUP-USDT-SWAP,unknown,,pyramid_added,2026-03-27 05:31:29,20260327_051040_SYRUP-USDT-SWAP_short
True,ATR stop update,True,"{""price"": 0.2165, ""prev_stop_price"": 0.21692999999999998, ""stop_price"": 0.21689999999999998, ""peak_unrealized_pnl"": 10.91200000000045}",STOP_MOVE_CHECK,SYRUP-USDT-SWAP,unknown,ATR stop update,TRAIL_UPDATE,2026-03-27 05:31:29,20260327_051040_SYRUP-USDT-SWAP_short
True,pyramid_added,True,"{""units"": 2, ""last_price"": null, ""next_pyramid_price"": 0.27458499999999997, ""retry_after_sec"": null}",ADD_UNIT_CHECK,LQTY-USDT-SWAP,unknown,,pyramid_added,2026-03-27 05:31:51,20260327_051952_LQTY-USDT-SWAP_long
True,ATR stop update,True,"{""price"": 0.2746, ""prev_stop_price"": 0.27364999999999995, ""stop_price"": 0.27436, ""peak_unrealized_pnl"": 0.0}",STOP_MOVE_CHECK,LQTY-USDT-SWAP,unknown,ATR stop update,TRAIL_UPDATE,2026-03-27 05:31:51,20260327_051952_LQTY-USDT-SWAP_long
False,нет свежего пробоя Donchian на последней закрытой свече,False,"{""score"": null, ""liquidity_score"": null, ""breakout_distance_atr"": null, ""freshness_score"": null}",ENTRY_CHECK,1INCH-USDT-SWAP,no_fresh_breakout,нет свежего пробоя Donchian на последней закрытой свече,rejected,2026-03-27 05:32:17,
False,нет свежего пробоя Donchian на последней закрытой свече,False,"{""score"": null, ""liquidity_score"": null, ""breakout_distance_atr"": null, ""freshness_score"": null}",ENTRY_CHECK,AAVE-USDT-SWAP,no_fresh_breakout,нет свежего пробоя Donchian на последней закрытой свече,rejected,2026-03-27 05:32:21,
False,нет свежего пробоя Donchian на последней закрытой свече,False,"{""score"": null, ""liquidity_score"": null, ""breakout_distance_atr"": null, ""freshness_score"": null}",ENTRY_CHECK,ALGO-USDT-SWAP,no_fresh_breakout,нет свежего пробоя Donchian на последней закрытой свече,rejected,2026-03-27 05:32:29,
False,нет свежего пробоя Donchian на последней закрытой свече,False,"{""score"": null, ""liquidity_score"": null, ""breakout_distance_atr"": null, ""freshness_score"": null}",ENTRY_CHECK,ASTER-USDT-SWAP,no_fresh_breakout,нет свежего пробоя Donchian на последней закрытой свече,rejected,2026-03-27 05:32:34,
False,закрытие не удержалось выше канала,False,"{""score"": null, ""liquidity_score"": null, ""breakout_distance_atr"": null, ""freshness_score"": null}",ENTRY_CHECK,AUCTION-USDT-SWAP,закрытие_не_удержалось_выше_канала,закрытие не удержалось выше канала,rejected,2026-03-27 05:32:36,
False,закрытие не удержалось выше канала,False,"{""score"": null, ""liquidity_score"": null, ""breakout_distance_atr"": null, ""freshness_score"": null}",ENTRY_CHECK,AUCTION-USDT-SWAP,закрытие_не_удержалось_выше_канала,закрытие не удержалось выше канала,rejected,2026-03-27 05:32:36,
False,нет свежего пробоя Donchian на последней закрытой свече,False,"{""score"": null, ""liquidity_score"": null, ""breakout_distance_atr"": null, ""freshness_score"": null}",ENTRY_CHECK,BAND-USDT-SWAP,no_fresh_breakout,нет свежего пробоя Donchian на последней закрытой свече,rejected,2026-03-27 05:32:41,
False,нет свежего пробоя Donchian на последней закрытой свече,False,"{""score"": null, ""liquidity_score"": null, ""breakout_distance_atr"": null, ""freshness_score"": null}",ENTRY_CHECK,COMP-USDT-SWAP,no_fresh_breakout,нет свежего пробоя Donchian на последней закрытой свече,rejected,2026-03-27 05:33:01,
False,нет свежего пробоя Donchian на последней закрытой свече,False,"{""score"": null, ""liquidity_score"": null, ""breakout_distance_atr"": null, ""freshness_score"": null}",ENTRY_CHECK,LDO-USDT-SWAP,no_fresh_breakout,нет свежего пробоя Donchian на последней закрытой свече,rejected,2026-03-27 05:33:29,
False,нет свежего пробоя Donchian на последней закрытой свече,False,"{""score"": null, ""liquidity_score"": null, ""breakout_distance_atr"": null, ""freshness_score"": null}",ENTRY_CHECK,LINK-USDT-SWAP,no_fresh_breakout,нет свежего пробоя Donchian на последней закрытой свече,rejected,2026-03-27 05:33:32,
False,нет свежего пробоя Donchian на последней закрытой свече,False,"{""score"": null, ""liquidity_score"": null, ""breakout_distance_atr"": null, ""freshness_score"": null}",ENTRY_CHECK,NEAR-USDT-SWAP,no_fresh_breakout,нет свежего пробоя Donchian на последней закрытой свече,rejected,2026-03-27 05:33:34,
False,нет свежего пробоя Donchian на последней закрытой свече,False,"{""score"": null, ""liquidity_score"": null, ""breakout_distance_atr"": null, ""freshness_score"": null}",ENTRY_CHECK,OP-USDT-SWAP,no_fresh_breakout,нет свежего пробоя Donchian на последней закрытой свече,rejected,2026-03-27 05:33:36,
False,нет свежего пробоя Donchian на последней закрытой свече,False,"{""score"": null, ""liquidity_score"": null, ""breakout_distance_atr"": null, ""freshness_score"": null}",ENTRY_CHECK,TSLA-USDT-SWAP,no_fresh_breakout,нет свежего пробоя Donchian на последней закрытой свече,rejected,2026-03-27 05:34:04,
False,нет свежего пробоя Donchian на последней закрытой свече,False,"{""score"": null, ""liquidity_score"": null, ""breakout_distance_atr"": null, ""freshness_score"": null}",ENTRY_CHECK,XLM-USDT-SWAP,no_fresh_breakout,нет свежего пробоя Donchian на последней закрытой свече,rejected,2026-03-27 05:34:08,
False,нет свежего пробоя Donchian на последней закрытой свече,False,"{""score"": null, ""liquidity_score"": null, ""breakout_distance_atr"": null, ""freshness_score"": null}",ENTRY_CHECK,XTZ-USDT-SWAP,no_fresh_breakout,нет свежего пробоя Donchian на последней закрытой свече,rejected,2026-03-27 05:34:13,
True,ATR stop update,True,"{""price"": 0.05598, ""prev_stop_price"": 0.055856, ""stop_price"": 0.05588, ""peak_unrealized_pnl"": 2.0422500000000583}",STOP_MOVE_CHECK,MINA-USDT-SWAP,unknown,ATR stop update,TRAIL_UPDATE,2026-03-27 05:36:03,20260327_042155_MINA-USDT-SWAP_long
True,Синхронизация: позиция отсутствует на бирже,True,"{""units"": 4, ""last_price"": null, ""next_pyramid_price"": null, ""retry_after_sec"": null}",EXIT_CHECK,SYRUP-USDT-SWAP,синхронизация:_позиция_отсутствует_на_бирже,Синхронизация: позиция отсутствует на бирже,position_closed,2026-03-27 05:36:22,20260327_051040_SYRUP-USDT-SWAP_short
True,ATR stop update,True,"{""price"": 0.2753, ""prev_stop_price"": 0.27436, ""stop_price"": 0.27442999999999995, ""peak_unrealized_pnl"": 6.107049999991851}",STOP_MOVE_CHECK,LQTY-USDT-SWAP,unknown,ATR stop update,TRAIL_UPDATE,2026-03-27 05:36:47,20260327_051952_LQTY-USDT-SWAP_long
True,pyramid_added,True,"{""units"": 3, ""last_price"": null, ""next_pyramid_price"": 0.27534173241161247, ""retry_after_sec"": null}",ADD_UNIT_CHECK,LQTY-USDT-SWAP,unknown,,pyramid_added,2026-03-27 05:36:48,20260327_051952_LQTY-USDT-SWAP_long
False,закрытие не удержалось выше канала,False,"{""score"": null, ""liquidity_score"": null, ""breakout_distance_atr"": null, ""freshness_score"": null}",ENTRY_CHECK,1INCH-USDT-SWAP,закрытие_не_удержалось_выше_канала,закрытие не удержалось выше канала,rejected,2026-03-27 05:37:14,
False,закрытие не удержалось выше канала,False,"{""score"": null, ""liquidity_score"": null, ""breakout_distance_atr"": null, ""freshness_score"": null}",ENTRY_CHECK,AAVE-USDT-SWAP,закрытие_не_удержалось_выше_канала,закрытие не удержалось выше канала,rejected,2026-03-27 05:37:19,
False,закрытие не удержалось выше канала,False,"{""score"": null, ""liquidity_score"": null, ""breakout_distance_atr"": null, ""freshness_score"": null}",ENTRY_CHECK,AAVE-USDT-SWAP,закрытие_не_удержалось_выше_канала,закрытие не удержалось выше канала,rejected,2026-03-27 05:37:19,
False,momentum chase blocked after 3 same-side candles,False,"{""score"": null, ""liquidity_score"": null, ""breakout_distance_atr"": 0.5, ""freshness_score"": null}",ENTRY_CHECK,ALGO-USDT-SWAP,blacklist,momentum chase blocked after 3 same-side candles,rejected,2026-03-27 05:37:28,
False,нет свежего пробоя Donchian на последней закрытой свече,False,"{""score"": null, ""liquidity_score"": null, ""breakout_distance_atr"": null, ""freshness_score"": null}",ENTRY_CHECK,ASTER-USDT-SWAP,no_fresh_breakout,нет свежего пробоя Donchian на последней закрытой свече,rejected,2026-03-27 05:37:33,
False,нет свежего пробоя Donchian на последней закрытой свече,False,"{""score"": null, ""liquidity_score"": null, ""breakout_distance_atr"": null, ""freshness_score"": null}",ENTRY_CHECK,AUCTION-USDT-SWAP,no_fresh_breakout,нет свежего пробоя Donchian на последней закрытой свече,rejected,2026-03-27 05:37:35,
False,нет свежего пробоя Donchian на последней закрытой свече,False,"{""score"": null, ""liquidity_score"": null, ""breakout_distance_atr"": null, ""freshness_score"": null}",ENTRY_CHECK,BAND-USDT-SWAP,no_fresh_breakout,нет свежего пробоя Donchian на последней закрытой свече,rejected,2026-03-27 05:37:40,
False,нет свежего пробоя Donchian на последней закрытой свече,False,"{""score"": null, ""liquidity_score"": null, ""breakout_distance_atr"": null, ""freshness_score"": null}",ENTRY_CHECK,BTC-USDT-SWAP,no_fresh_breakout,нет свежего пробоя Donchian на последней закрытой свече,rejected,2026-03-27 05:37:52,
False,нет свежего пробоя Donchian на последней закрытой свече,False,"{""score"": null, ""liquidity_score"": null, ""breakout_distance_atr"": null, ""freshness_score"": null}",ENTRY_CHECK,COMP-USDT-SWAP,no_fresh_breakout,нет свежего пробоя Donchian на последней закрытой свече,rejected,2026-03-27 05:38:00,
False,classic_turtle_breakout_long,True,"{""score"": null, ""liquidity_score"": 21.1932, ""breakout_distance_atr"": 0.2632, ""freshness_score"": 0.6679}",ENTRY_CHECK,LINK-USDT-SWAP,classic_turtle_breakout_long,classic_turtle_breakout_long,candidate,2026-03-27 05:38:32,
False,classic_turtle_breakout_long,True,"{""score"": null, ""liquidity_score"": 21.1932, ""breakout_distance_atr"": 0.2632, ""freshness_score"": 0.6679}",ENTRY_CHECK,LINK-USDT-SWAP,classic_turtle_breakout_long,classic_turtle_breakout_long,candidate,2026-03-27 05:38:32,
False,нет свежего пробоя Donchian на последней закрытой свече,False,"{""score"": null, ""liquidity_score"": null, ""breakout_distance_atr"": null, ""freshness_score"": null}",ENTRY_CHECK,NEAR-USDT-SWAP,no_fresh_breakout,нет свежего пробоя Donchian на последней закрытой свече,rejected,2026-03-27 05:38:45,
False,нет свежего пробоя Donchian на последней закрытой свече,False,"{""score"": null, ""liquidity_score"": null, ""breakout_distance_atr"": null, ""freshness_score"": null}",ENTRY_CHECK,OP-USDT-SWAP,no_fresh_breakout,нет свежего пробоя Donchian на последней закрытой свече,rejected,2026-03-27 05:38:48,
False,нет свежего пробоя Donchian на последней закрытой свече,False,"{""score"": null, ""liquidity_score"": null, ""breakout_distance_atr"": null, ""freshness_score"": null}",ENTRY_CHECK,SYRUP-USDT-SWAP,no_fresh_breakout,нет свежего пробоя Donchian на последней закрытой свече,rejected,2026-03-27 05:39:08,
False,нет свежего пробоя Donchian на последней закрытой свече,False,"{""score"": null, ""liquidity_score"": null, ""breakout_distance_atr"": null, ""freshness_score"": null}",ENTRY_CHECK,TSLA-USDT-SWAP,no_fresh_breakout,нет свежего пробоя Donchian на последней закрытой свече,rejected,2026-03-27 05:39:15,
False,нет свежего пробоя Donchian на последней закрытой свече,False,"{""score"": null, ""liquidity_score"": null, ""breakout_distance_atr"": null, ""freshness_score"": null}",ENTRY_CHECK,XTZ-USDT-SWAP,no_fresh_breakout,нет свежего пробоя Donchian на последней закрытой свече,rejected,2026-03-27 05:39:24,
False,classic_turtle_breakout_long,True,"{""score"": null, ""liquidity_score"": 21.1932, ""breakout_distance_atr"": 0.2632, ""freshness_score"": 0.6679}",ENTRY_RANK,LINK-USDT-SWAP,classic_turtle_breakout_long,classic_turtle_breakout_long,ranked_candidate,2026-03-27 05:39:31,
False,classic_turtle_breakout_long,True,"{""score"": null, ""liquidity_score"": 21.1932, ""breakout_distance_atr"": 0.2632, ""freshness_score"": 0.6679}",ENTRY_RANK,LINK-USDT-SWAP,classic_turtle_breakout_long,classic_turtle_breakout_long,ranked_candidate,2026-03-27 05:39:31,
True,entry_sent,True,"{""score"": null, ""liquidity_score"": null, ""breakout_distance_atr"": 0.2632, ""freshness_score"": null}",ENTRY_EXECUTION,LINK-USDT-SWAP,unknown,,entry_sent,2026-03-27 05:39:33,
True,position_opened,True,"{""units"": null, ""last_price"": null, ""next_pyramid_price"": null, ""retry_after_sec"": null}",ENTRY_EXECUTION,LINK-USDT-SWAP,unknown,,position_opened,2026-03-27 05:39:33,20260327_053933_LINK-USDT-SWAP_long
True,TURTLE stop update,True,"{""price"": 0.0368, ""prev_stop_price"": 0.0362, ""stop_price"": 0.0363, ""peak_unrealized_pnl"": 705.2579999995404}",STOP_MOVE_CHECK,YGG-USDT-SWAP,unknown,TURTLE stop update,TRAIL_UPDATE,2026-03-27 05:40:21,20260327_014759_YGG-USDT-SWAP_long
False,нет свежего пробоя Donchian на последней закрытой свече,False,"{""score"": null, ""liquidity_score"": null, ""breakout_distance_atr"": null, ""freshness_score"": null}",ENTRY_CHECK,1INCH-USDT-SWAP,no_fresh_breakout,нет свежего пробоя Donchian на последней закрытой свече,rejected,2026-03-27 05:42:07,
False,нет свежего пробоя Donchian на последней закрытой свече,False,"{""score"": null, ""liquidity_score"": null, ""breakout_distance_atr"": null, ""freshness_score"": null}",ENTRY_CHECK,AAVE-USDT-SWAP,no_fresh_breakout,нет свежего пробоя Donchian на последней закрытой свече,rejected,2026-03-27 05:42:11,
False,нет свежего пробоя Donchian на последней закрытой свече,False,"{""score"": null, ""liquidity_score"": null, ""breakout_distance_atr"": null, ""freshness_score"": null}",ENTRY_CHECK,ALGO-USDT-SWAP,no_fresh_breakout,нет свежего пробоя Donchian на последней закрытой свече,rejected,2026-03-27 05:42:19,
False,нет свежего пробоя Donchian на последней закрытой свече,False,"{""score"": null, ""liquidity_score"": null, ""breakout_distance_atr"": null, ""freshness_score"": null}",ENTRY_CHECK,ASTER-USDT-SWAP,no_fresh_breakout,нет свежего пробоя Donchian на последней закрытой свече,rejected,2026-03-27 05:42:24,
False,нет свежего пробоя Donchian на последней закрытой свече,False,"{""score"": null, ""liquidity_score"": null, ""breakout_distance_atr"": null, ""freshness_score"": null}",ENTRY_CHECK,BAND-USDT-SWAP,no_fresh_breakout,нет свежего пробоя Donchian на последней закрытой свече,rejected,2026-03-27 05:42:30,
False,нет свежего пробоя Donchian на последней закрытой свече,False,"{""score"": null, ""liquidity_score"": null, ""breakout_distance_atr"": null, ""freshness_score"": null}",ENTRY_CHECK,BCH-USDT-SWAP,no_fresh_breakout,нет свежего пробоя Donchian на последней закрытой свече,rejected,2026-03-27 05:42:32,
False,нет свежего пробоя Donchian на последней закрытой свече,False,"{""score"": null, ""liquidity_score"": null, ""breakout_distance_atr"": null, ""freshness_score"": null}",ENTRY_CHECK,BOME-USDT-SWAP,no_fresh_breakout,нет свежего пробоя Donchian на последней закрытой свече,rejected,2026-03-27 05:42:38,
False,нет свежего пробоя Donchian на последней закрытой свече,False,"{""score"": null, ""liquidity_score"": null, ""breakout_distance_atr"": null, ""freshness_score"": null}",ENTRY_CHECK,IMX-USDT-SWAP,no_fresh_breakout,нет свежего пробоя Donchian на последней закрытой свече,rejected,2026-03-27 05:43:12,
False,нет свежего пробоя Donchian на последней закрытой свече,False,"{""score"": null, ""liquidity_score"": null, ""breakout_distance_atr"": null, ""freshness_score"": null}",ENTRY_CHECK,NEAR-USDT-SWAP,no_fresh_breakout,нет свежего пробоя Donchian на последней закрытой свече,rejected,2026-03-27 05:43:33,
False,нет свежего пробоя Donchian на последней закрытой свече,False,"{""score"": null, ""liquidity_score"": null, ""breakout_distance_atr"": null, ""freshness_score"": null}",ENTRY_CHECK,OP-USDT-SWAP,no_fresh_breakout,нет свежего пробоя Donchian на последней закрытой свече,rejected,2026-03-27 05:43:36,
False,нет свежего пробоя Donchian на последней закрытой свече,False,"{""score"": null, ""liquidity_score"": null, ""breakout_distance_atr"": null, ""freshness_score"": null}",ENTRY_CHECK,TON-USDT-SWAP,no_fresh_breakout,нет свежего пробоя Donchian на последней закрытой свече,rejected,2026-03-27 05:44:03,
False,нет свежего пробоя Donchian на последней закрытой свече,False,"{""score"": null, ""liquidity_score"": null, ""breakout_distance_atr"": null, ""freshness_score"": null}",ENTRY_CHECK,XLM-USDT-SWAP,no_fresh_breakout,нет свежего пробоя Donchian на последней закрытой свече,rejected,2026-03-27 05:44:10,
False,нет свежего пробоя Donchian на последней закрытой свече,False,"{""score"": null, ""liquidity_score"": null, ""breakout_distance_atr"": null, ""freshness_score"": null}",ENTRY_CHECK,XTZ-USDT-SWAP,no_fresh_breakout,нет свежего пробоя Donchian на последней закрытой свече,rejected,2026-03-27 05:44:16,
False,нет свежего пробоя Donchian на последней закрытой свече,False,"{""score"": null, ""liquidity_score"": null, ""breakout_distance_atr"": null, ""freshness_score"": null}",ENTRY_CHECK,YFI-USDT-SWAP,no_fresh_breakout,нет свежего пробоя Donchian на последней закрытой свече,rejected,2026-03-27 05:44:19,
True,ATR stop update,True,"{""price"": 86.67, ""prev_stop_price"": 85.875, ""stop_price"": 85.855, ""peak_unrealized_pnl"": 0.0}",STOP_MOVE_CHECK,SOL-USDT-SWAP,unknown,ATR stop update,TRAIL_UPDATE,2026-03-27 05:44:44,20260326_235556_SOL-USDT-SWAP_short
True,TURTLE stop update,True,"{""price"": 0.0368, ""prev_stop_price"": 0.0363, ""stop_price"": 0.0364, ""peak_unrealized_pnl"": 705.2579999995404}",STOP_MOVE_CHECK,YGG-USDT-SWAP,unknown,TURTLE stop update,TRAIL_UPDATE,2026-03-27 05:45:13,20260327_014759_YGG-USDT-SWAP_long
True,Синхронизация: позиция отсутствует на бирже,True,"{""units"": 3, ""last_price"": null, ""next_pyramid_price"": null, ""retry_after_sec"": null}",EXIT_CHECK,LQTY-USDT-SWAP,синхронизация:_позиция_отсутствует_на_бирже,Синхронизация: позиция отсутствует на бирже,position_closed,2026-03-27 05:46:34,20260327_051952_LQTY-USDT-SWAP_long
True,ATR stop update,True,"{""price"": 8.943, ""prev_stop_price"": 8.876, ""stop_price"": 8.9383, ""peak_unrealized_pnl"": 0.0}",STOP_MOVE_CHECK,LINK-USDT-SWAP,unknown,ATR stop update,TRAIL_UPDATE,2026-03-27 05:46:39,20260327_053933_LINK-USDT-SWAP_long
False,закрытие не удержалось ниже канала,False,"{""score"": null, ""liquidity_score"": null, ""breakout_distance_atr"": null, ""freshness_score"": null}",ENTRY_CHECK,1INCH-USDT-SWAP,закрытие_не_удержалось_ниже_канала,закрытие не удержалось ниже канала,rejected,2026-03-27 05:47:01,
False,нет свежего пробоя Donchian на последней закрытой свече,False,"{""score"": null, ""liquidity_score"": null, ""breakout_distance_atr"": null, ""freshness_score"": null}",ENTRY_CHECK,AAVE-USDT-SWAP,no_fresh_breakout,нет свежего пробоя Donchian на последней закрытой свече,rejected,2026-03-27 05:47:05,
False,нет свежего пробоя Donchian на последней закрытой свече,False,"{""score"": null, ""liquidity_score"": null, ""breakout_distance_atr"": null, ""freshness_score"": null}",ENTRY_CHECK,ALGO-USDT-SWAP,no_fresh_breakout,нет свежего пробоя Donchian на последней закрытой свече,rejected,2026-03-27 05:47:14,
False,нет свежего пробоя Donchian на последней закрытой свече,False,"{""score"": null, ""liquidity_score"": null, ""breakout_distance_atr"": null, ""freshness_score"": null}",ENTRY_CHECK,BAND-USDT-SWAP,no_fresh_breakout,нет свежего пробоя Donchian на последней закрытой свече,rejected,2026-03-27 05:47:26,
False,нет свежего пробоя Donchian на последней закрытой свече,False,"{""score"": null, ""liquidity_score"": null, ""breakout_distance_atr"": null, ""freshness_score"": null}",ENTRY_CHECK,BCH-USDT-SWAP,no_fresh_breakout,нет свежего пробоя Donchian на последней закрытой свече,rejected,2026-03-27 05:47:28,
False,нет свежего пробоя Donchian на последней закрытой свече,False,"{""score"": null, ""liquidity_score"": null, ""breakout_distance_atr"": null, ""freshness_score"": null}",ENTRY_CHECK,BOME-USDT-SWAP,no_fresh_breakout,нет свежего пробоя Donchian на последней закрытой свече,rejected,2026-03-27 05:47:34,
False,нет свежего пробоя Donchian на последней закрытой свече,False,"{""score"": null, ""liquidity_score"": null, ""breakout_distance_atr"": null, ""freshness_score"": null}",ENTRY_CHECK,BTC-USDT-SWAP,no_fresh_breakout,нет свежего пробоя Donchian на последней закрытой свече,rejected,2026-03-27 05:47:37,
False,нет свежего пробоя Donchian на последней закрытой свече,False,"{""score"": null, ""liquidity_score"": null, ""breakout_distance_atr"": null, ""freshness_score"": null}",ENTRY_CHECK,INJ-USDT-SWAP,no_fresh_breakout,нет свежего пробоя Donchian на последней закрытой свече,rejected,2026-03-27 05:48:11,
False,нет свежего пробоя Donchian на последней закрытой свече,False,"{""score"": null, ""liquidity_score"": null, ""breakout_distance_atr"": null, ""freshness_score"": null}",ENTRY_CHECK,KAITO-USDT-SWAP,no_fresh_breakout,нет свежего пробоя Donchian на последней закрытой свече,rejected,2026-03-27 05:48:15,
False,нет свежего пробоя Donchian на последней закрытой свече,False,"{""score"": null, ""liquidity_score"": null, ""breakout_distance_atr"": null, ""freshness_score"": null}",ENTRY_CHECK,LQTY-USDT-SWAP,no_fresh_breakout,нет свежего пробоя Donchian на последней закрытой свече,rejected,2026-03-27 05:48:20,
False,нет свежего пробоя Donchian на последней закрытой свече,False,"{""score"": null, ""liquidity_score"": null, ""breakout_distance_atr"": null, ""freshness_score"": null}",ENTRY_CHECK,OP-USDT-SWAP,no_fresh_breakout,нет свежего пробоя Donchian на последней закрытой свече,rejected,2026-03-27 05:48:34,
False,нет свежего пробоя Donchian на последней закрытой свече,False,"{""score"": null, ""liquidity_score"": null, ""breakout_distance_atr"": null, ""freshness_score"": null}",ENTRY_CHECK,TON-USDT-SWAP,no_fresh_breakout,нет свежего пробоя Donchian на последней закрытой свече,rejected,2026-03-27 05:49:01,
False,нет свежего пробоя Donchian на последней закрытой свече,False,"{""score"": null, ""liquidity_score"": null, ""breakout_distance_atr"": null, ""freshness_score"": null}",ENTRY_CHECK,TSLA-USDT-SWAP,no_fresh_breakout,нет свежего пробоя Donchian на последней закрытой свече,rejected,2026-03-27 05:49:04,
False,нет свежего пробоя Donchian на последней закрытой свече,False,"{""score"": null, ""liquidity_score"": null, ""breakout_distance_atr"": null, ""freshness_score"": null}",ENTRY_CHECK,XTZ-USDT-SWAP,no_fresh_breakout,нет свежего пробоя Donchian на последней закрытой свече,rejected,2026-03-27 05:49:13,
False,нет свежего пробоя Donchian на последней закрытой свече,False,"{""score"": null, ""liquidity_score"": null, ""breakout_distance_atr"": null, ""freshness_score"": null}",ENTRY_CHECK,YFI-USDT-SWAP,no_fresh_breakout,нет свежего пробоя Donchian на последней закрытой свече,rejected,2026-03-27 05:49:17,
True,TURTLE stop update,True,"{""price"": 0.05948, ""prev_stop_price"": 0.05929, ""stop_price"": 0.05933, ""peak_unrealized_pnl"": 23.48659999998074}",STOP_MOVE_CHECK,CFX-USDT-SWAP,unknown,TURTLE stop update,TRAIL_UPDATE,2026-03-27 05:50:44,20260327_041717_CFX-USDT-SWAP_long
True,ATR stop update,True,"{""price"": 8.942, ""prev_stop_price"": 8.9383, ""stop_price"": 8.9399, ""peak_unrealized_pnl"": 0.0}",STOP_MOVE_CHECK,LINK-USDT-SWAP,unknown,ATR stop update,TRAIL_UPDATE,2026-03-27 05:51:37,20260327_053933_LINK-USDT-SWAP_long
False,нет свежего пробоя Donchian на последней закрытой свече,False,"{""score"": null, ""liquidity_score"": null, ""breakout_distance_atr"": null, ""freshness_score"": null}",ENTRY_CHECK,1INCH-USDT-SWAP,no_fresh_breakout,нет свежего пробоя Donchian на последней закрытой свече,rejected,2026-03-27 05:51:58,
False,нет свежего пробоя Donchian на последней закрытой свече,False,"{""score"": null, ""liquidity_score"": null, ""breakout_distance_atr"": null, ""freshness_score"": null}",ENTRY_CHECK,AAVE-USDT-SWAP,no_fresh_breakout,нет свежего пробоя Donchian на последней закрытой свече,rejected,2026-03-27 05:52:02,
False,нет свежего пробоя Donchian на последней закрытой свече,False,"{""score"": null, ""liquidity_score"": null, ""breakout_distance_atr"": null, ""freshness_score"": null}",ENTRY_CHECK,ALGO-USDT-SWAP,no_fresh_breakout,нет свежего пробоя Donchian на последней закрытой свече,rejected,2026-03-27 05:52:09,
False,нет свежего пробоя Donchian на последней закрытой свече,False,"{""score"": null, ""liquidity_score"": null, ""breakout_distance_atr"": null, ""freshness_score"": null}",ENTRY_CHECK,ASTER-USDT-SWAP,no_fresh_breakout,нет свежего пробоя Donchian на последней закрытой свече,rejected,2026-03-27 05:52:13,
False,нет свежего пробоя Donchian на последней закрытой свече,False,"{""score"": null, ""liquidity_score"": null, ""breakout_distance_atr"": null, ""freshness_score"": null}",ENTRY_CHECK,BAND-USDT-SWAP,no_fresh_breakout,нет свежего пробоя Donchian на последней закрытой свече,rejected,2026-03-27 05:52:21,
False,нет свежего пробоя Donchian на последней закрытой свече,False,"{""score"": null, ""liquidity_score"": null, ""breakout_distance_atr"": null, ""freshness_score"": null}",ENTRY_CHECK,BCH-USDT-SWAP,no_fresh_breakout,нет свежего пробоя Donchian на последней закрытой свече,rejected,2026-03-27 05:52:23,
False,нет свежего пробоя Donchian на последней закрытой свече,False,"{""score"": null, ""liquidity_score"": null, ""breakout_distance_atr"": null, ""freshness_score"": null}",ENTRY_CHECK,BTC-USDT-SWAP,no_fresh_breakout,нет свежего пробоя Donchian на последней закрытой свече,rejected,2026-03-27 05:52:32,
False,нет свежего пробоя Donchian на последней закрытой свече,False,"{""score"": null, ""liquidity_score"": null, ""breakout_distance_atr"": null, ""freshness_score"": null}",ENTRY_CHECK,INJ-USDT-SWAP,no_fresh_breakout,нет свежего пробоя Donchian на последней закрытой свече,rejected,2026-03-27 05:53:00,
False,нет свежего пробоя Donchian на последней закрытой свече,False,"{""score"": null, ""liquidity_score"": null, ""breakout_distance_atr"": null, ""freshness_score"": null}",ENTRY_CHECK,LQTY-USDT-SWAP,no_fresh_breakout,нет свежего пробоя Donchian на последней закрытой свече,rejected,2026-03-27 05:53:06,
False,ATR warmup: цена или ATR недоступны после прогрева,False,"{""score"": null, ""liquidity_score"": null, ""breakout_distance_atr"": null, ""freshness_score"": null}",ENTRY_CHECK,MET-USDT-SWAP,atr_warmup:_цена_или_atr_недоступны_после_прогрева,ATR warmup: цена или ATR недоступны после прогрева,rejected,2026-03-27 05:53:13,
False,нет свежего пробоя Donchian на последней закрытой свече,False,"{""score"": null, ""liquidity_score"": null, ""breakout_distance_atr"": null, ""freshness_score"": null}",ENTRY_CHECK,OP-USDT-SWAP,no_fresh_breakout,нет свежего пробоя Donchian на последней закрытой свече,rejected,2026-03-27 05:53:17,
False,нет свежего пробоя Donchian на последней закрытой свече,False,"{""score"": null, ""liquidity_score"": null, ""breakout_distance_atr"": null, ""freshness_score"": null}",ENTRY_CHECK,SYRUP-USDT-SWAP,no_fresh_breakout,нет свежего пробоя Donchian на последней закрытой свече,rejected,2026-03-27 05:53:35,
False,нет свежего пробоя Donchian на последней закрытой свече,False,"{""score"": null, ""liquidity_score"": null, ""breakout_distance_atr"": null, ""freshness_score"": null}",ENTRY_CHECK,TON-USDT-SWAP,no_fresh_breakout,нет свежего пробоя Donchian на последней закрытой свече,rejected,2026-03-27 05:53:37,
False,нет свежего пробоя Donchian на последней закрытой свече,False,"{""score"": null, ""liquidity_score"": null, ""breakout_distance_atr"": null, ""freshness_score"": null}",ENTRY_CHECK,TSLA-USDT-SWAP,no_fresh_breakout,нет свежего пробоя Donchian на последней закрытой свече,rejected,2026-03-27 05:53:41,
False,нет свежего пробоя Donchian на последней закрытой свече,False,"{""score"": null, ""liquidity_score"": null, ""breakout_distance_atr"": null, ""freshness_score"": null}",ENTRY_CHECK,XLM-USDT-SWAP,no_fresh_breakout,нет свежего пробоя Donchian на последней закрытой свече,rejected,2026-03-27 05:53:44,
False,нет свежего пробоя Donchian на последней закрытой свече,False,"{""score"": null, ""liquidity_score"": null, ""breakout_distance_atr"": null, ""freshness_score"": null}",ENTRY_CHECK,XTZ-USDT-SWAP,no_fresh_breakout,нет свежего пробоя Donchian на последней закрытой свече,rejected,2026-03-27 05:53:48,
False,нет свежего пробоя Donchian на последней закрытой свече,False,"{""score"": null, ""liquidity_score"": null, ""breakout_distance_atr"": null, ""freshness_score"": null}",ENTRY_CHECK,YFI-USDT-SWAP,no_fresh_breakout,нет свежего пробоя Donchian на последней закрытой свече,rejected,2026-03-27 05:53:51,
True,ATR stop update,True,"{""price"": 86.61, ""prev_stop_price"": 85.855, ""stop_price"": 85.83600000000001, ""peak_unrealized_pnl"": 0.0}",STOP_MOVE_CHECK,SOL-USDT-SWAP,unknown,ATR stop update,TRAIL_UPDATE,2026-03-27 05:54:15,20260326_235556_SOL-USDT-SWAP_short
True,TURTLE stop update,True,"{""price"": 0.0369, ""prev_stop_price"": 0.0364, ""stop_price"": 0.0366, ""peak_unrealized_pnl"": 735.4787999995413}",STOP_MOVE_CHECK,YGG-USDT-SWAP,unknown,TURTLE stop update,TRAIL_UPDATE,2026-03-27 05:54:43,20260327_014759_YGG-USDT-SWAP_long
True,TURTLE stop update,True,"{""price"": 0.05948, ""prev_stop_price"": 0.05933, ""stop_price"": 0.05939, ""peak_unrealized_pnl"": 23.48659999998074}",STOP_MOVE_CHECK,CFX-USDT-SWAP,unknown,TURTLE stop update,TRAIL_UPDATE,2026-03-27 05:55:21,20260327_041717_CFX-USDT-SWAP_long
False,нет свежего пробоя Donchian на последней закрытой свече,False,"{""score"": null, ""liquidity_score"": null, ""breakout_distance_atr"": null, ""freshness_score"": null}",ENTRY_CHECK,1INCH-USDT-SWAP,no_fresh_breakout,нет свежего пробоя Donchian на последней закрытой свече,rejected,2026-03-27 05:56:40,
False,нет свежего пробоя Donchian на последней закрытой свече,False,"{""score"": null, ""liquidity_score"": null, ""breakout_distance_atr"": null, ""freshness_score"": null}",ENTRY_CHECK,AAVE-USDT-SWAP,no_fresh_breakout,нет свежего пробоя Donchian на последней закрытой свече,rejected,2026-03-27 05:56:44,
False,нет свежего пробоя Donchian на последней закрытой свече,False,"{""score"": null, ""liquidity_score"": null, ""breakout_distance_atr"": null, ""freshness_score"": null}",ENTRY_CHECK,ALGO-USDT-SWAP,no_fresh_breakout,нет свежего пробоя Donchian на последней закрытой свече,rejected,2026-03-27 05:56:53,
False,нет свежего пробоя Donchian на последней закрытой свече,False,"{""score"": null, ""liquidity_score"": null, ""breakout_distance_atr"": null, ""freshness_score"": null}",ENTRY_CHECK,ASTER-USDT-SWAP,no_fresh_breakout,нет свежего пробоя Donchian на последней закрытой свече,rejected,2026-03-27 05:56:57,
False,нет свежего пробоя Donchian на последней закрытой свече,False,"{""score"": null, ""liquidity_score"": null, ""breakout_distance_atr"": null, ""freshness_score"": null}",ENTRY_CHECK,BAND-USDT-SWAP,no_fresh_breakout,нет свежего пробоя Donchian на последней закрытой свече,rejected,2026-03-27 05:57:04,
False,нет свежего пробоя Donchian на последней закрытой свече,False,"{""score"": null, ""liquidity_score"": null, ""breakout_distance_atr"": null, ""freshness_score"": null}",ENTRY_CHECK,BOME-USDT-SWAP,no_fresh_breakout,нет свежего пробоя Donchian на последней закрытой свече,rejected,2026-03-27 05:57:10,
False,нет свежего пробоя Donchian на последней закрытой свече,False,"{""score"": null, ""liquidity_score"": null, ""breakout_distance_atr"": null, ""freshness_score"": null}",ENTRY_CHECK,BTC-USDT-SWAP,no_fresh_breakout,нет свежего пробоя Donchian на последней закрытой свече,rejected,2026-03-27 05:57:13,
False,нет свежего пробоя Donchian на последней закрытой свече,False,"{""score"": null, ""liquidity_score"": null, ""breakout_distance_atr"": null, ""freshness_score"": null}",ENTRY_CHECK,INJ-USDT-SWAP,no_fresh_breakout,нет свежего пробоя Donchian на последней закрытой свече,rejected,2026-03-27 05:57:46,
False,канал слишком узкий: 0.00 ATR < 0.50 ATR,False,"{""score"": null, ""liquidity_score"": null, ""breakout_distance_atr"": null, ""freshness_score"": null}",ENTRY_CHECK,MET-USDT-SWAP,канал_слишком_узкий:_0.00_atr_<_0.50_atr,канал слишком узкий: 0.00 ATR < 0.50 ATR,rejected,2026-03-27 05:58:04,
False,нет свежего пробоя Donchian на последней закрытой свече,False,"{""score"": null, ""liquidity_score"": null, ""breakout_distance_atr"": null, ""freshness_score"": null}",ENTRY_CHECK,OP-USDT-SWAP,no_fresh_breakout,нет свежего пробоя Donchian на последней закрытой свече,rejected,2026-03-27 05:58:09,
False,нет свежего пробоя Donchian на последней закрытой свече,False,"{""score"": null, ""liquidity_score"": null, ""breakout_distance_atr"": null, ""freshness_score"": null}",ENTRY_CHECK,SYRUP-USDT-SWAP,no_fresh_breakout,нет свежего пробоя Donchian на последней закрытой свече,rejected,2026-03-27 05:58:32,
False,нет свежего пробоя Donchian на последней закрытой свече,False,"{""score"": null, ""liquidity_score"": null, ""breakout_distance_atr"": null, ""freshness_score"": null}",ENTRY_CHECK,TON-USDT-SWAP,no_fresh_breakout,нет свежего пробоя Donchian на последней закрытой свече,rejected,2026-03-27 05:58:35,
False,нет свежего пробоя Donchian на последней закрытой свече,False,"{""score"": null, ""liquidity_score"": null, ""breakout_distance_atr"": null, ""freshness_score"": null}",ENTRY_CHECK,TSLA-USDT-SWAP,no_fresh_breakout,нет свежего пробоя Donchian на последней закрытой свече,rejected,2026-03-27 05:58:40,
False,нет свежего пробоя Donchian на последней закрытой свече,False,"{""score"": null, ""liquidity_score"": null, ""breakout_distance_atr"": null, ""freshness_score"": null}",ENTRY_CHECK,XTZ-USDT-SWAP,no_fresh_breakout,нет свежего пробоя Donchian на последней закрытой свече,rejected,2026-03-27 05:58:51,
False,нет свежего пробоя Donchian на последней закрытой свече,False,"{""score"": null, ""liquidity_score"": null, ""breakout_distance_atr"": null, ""freshness_score"": null}",ENTRY_CHECK,YFI-USDT-SWAP,no_fresh_breakout,нет свежего пробоя Donchian на последней закрытой свече,rejected,2026-03-27 05:58:54,
True,TURTLE stop update,True,"{""price"": 0.05948, ""prev_stop_price"": 0.05939, ""stop_price"": 0.0594, ""peak_unrealized_pnl"": 23.48659999998074}",STOP_MOVE_CHECK,CFX-USDT-SWAP,unknown,TURTLE stop update,TRAIL_UPDATE,2026-03-27 06:00:22,20260327_041717_CFX-USDT-SWAP_long
False,нет свежего пробоя Donchian на последней закрытой свече,False,"{""score"": null, ""liquidity_score"": null, ""breakout_distance_atr"": null, ""freshness_score"": null}",ENTRY_CHECK,1INCH-USDT-SWAP,no_fresh_breakout,нет свежего пробоя Donchian на последней закрытой свече,rejected,2026-03-27 06:01:24,
False,нет свежего пробоя Donchian на последней закрытой свече,False,"{""score"": null, ""liquidity_score"": null, ""breakout_distance_atr"": null, ""freshness_score"": null}",ENTRY_CHECK,AAVE-USDT-SWAP,no_fresh_breakout,нет свежего пробоя Donchian на последней закрытой свече,rejected,2026-03-27 06:01:28,
False,нет свежего пробоя Donchian на последней закрытой свече,False,"{""score"": null, ""liquidity_score"": null, ""breakout_distance_atr"": null, ""freshness_score"": null}",ENTRY_CHECK,ALGO-USDT-SWAP,no_fresh_breakout,нет свежего пробоя Donchian на последней закрытой свече,rejected,2026-03-27 06:01:36,
False,classic_turtle_breakout_short,True,"{""score"": null, ""liquidity_score"": 18.8609, ""breakout_distance_atr"": 0.2667, ""freshness_score"": 0.2767}",ENTRY_CHECK,ASTER-USDT-SWAP,classic_turtle_breakout_short,classic_turtle_breakout_short,candidate,2026-03-27 06:01:41,
False,нет свежего пробоя Donchian на последней закрытой свече,False,"{""score"": null, ""liquidity_score"": null, ""breakout_distance_atr"": null, ""freshness_score"": null}",ENTRY_CHECK,BAND-USDT-SWAP,no_fresh_breakout,нет свежего пробоя Donchian на последней закрытой свече,rejected,2026-03-27 06:01:48,
False,нет свежего пробоя Donchian на последней закрытой свече,False,"{""score"": null, ""liquidity_score"": null, ""breakout_distance_atr"": null, ""freshness_score"": null}",ENTRY_CHECK,BOME-USDT-SWAP,no_fresh_breakout,нет свежего пробоя Donchian на последней закрытой свече,rejected,2026-03-27 06:01:55,
False,нет свежего пробоя Donchian на последней закрытой свече,False,"{""score"": null, ""liquidity_score"": null, ""breakout_distance_atr"": null, ""freshness_score"": null}",ENTRY_CHECK,BTC-USDT-SWAP,no_fresh_breakout,нет свежего пробоя Donchian на последней закрытой свече,rejected,2026-03-27 06:01:58,
False,нет свежего пробоя Donchian на последней закрытой свече,False,"{""score"": null, ""liquidity_score"": null, ""breakout_distance_atr"": null, ""freshness_score"": null}",ENTRY_CHECK,COMP-USDT-SWAP,no_fresh_breakout,нет свежего пробоя Donchian на последней закрытой свече,rejected,2026-03-27 06:02:07,
False,нет свежего пробоя Donchian на последней закрытой свече,False,"{""score"": null, ""liquidity_score"": null, ""breakout_distance_atr"": null, ""freshness_score"": null}",ENTRY_CHECK,INJ-USDT-SWAP,no_fresh_breakout,нет свежего пробоя Donchian на последней закрытой свече,rejected,2026-03-27 06:02:29,
False,нет свежего пробоя Donchian на последней закрытой свече,False,"{""score"": null, ""liquidity_score"": null, ""breakout_distance_atr"": null, ""freshness_score"": null}",ENTRY_CHECK,IOTA-USDT-SWAP,no_fresh_breakout,нет свежего пробоя Donchian на последней закрытой свече,rejected,2026-03-27 06:02:31,
False,нет свежего пробоя Donchian на последней закрытой свече,False,"{""score"": null, ""liquidity_score"": null, ""breakout_distance_atr"": null, ""freshness_score"": null}",ENTRY_CHECK,LQTY-USDT-SWAP,no_fresh_breakout,нет свежего пробоя Donchian на последней закрытой свече,rejected,2026-03-27 06:02:40,
False,нет свежего пробоя Donchian на последней закрытой свече,False,"{""score"": null, ""liquidity_score"": null, ""breakout_distance_atr"": null, ""freshness_score"": null}",ENTRY_CHECK,MET-USDT-SWAP,no_fresh_breakout,нет свежего пробоя Donchian на последней закрытой свече,rejected,2026-03-27 06:02:48,
False,нет свежего пробоя Donchian на последней закрытой свече,False,"{""score"": null, ""liquidity_score"": null, ""breakout_distance_atr"": null, ""freshness_score"": null}",ENTRY_CHECK,TON-USDT-SWAP,no_fresh_breakout,нет свежего пробоя Donchian на последней закрытой свече,rejected,2026-03-27 06:03:19,
False,нет свежего пробоя Donchian на последней закрытой свече,False,"{""score"": null, ""liquidity_score"": null, ""breakout_distance_atr"": null, ""freshness_score"": null}",ENTRY_CHECK,XLM-USDT-SWAP,no_fresh_breakout,нет свежего пробоя Donchian на последней закрытой свече,rejected,2026-03-27 06:03:28,
False,нет свежего пробоя Donchian на последней закрытой свече,False,"{""score"": null, ""liquidity_score"": null, ""breakout_distance_atr"": null, ""freshness_score"": null}",ENTRY_CHECK,XTZ-USDT-SWAP,no_fresh_breakout,нет свежего пробоя Donchian на последней закрытой свече,rejected,2026-03-27 06:03:34,
False,нет свежего пробоя Donchian на последней закрытой свече,False,"{""score"": null, ""liquidity_score"": null, ""breakout_distance_atr"": null, ""freshness_score"": null}",ENTRY_CHECK,YFI-USDT-SWAP,no_fresh_breakout,нет свежего пробоя Donchian на последней закрытой свече,rejected,2026-03-27 06:03:37,
False,classic_turtle_breakout_short,True,"{""score"": null, ""liquidity_score"": 18.8609, ""breakout_distance_atr"": 0.2667, ""freshness_score"": 0.2767}",ENTRY_RANK,ASTER-USDT-SWAP,classic_turtle_breakout_short,classic_turtle_breakout_short,ranked_candidate,2026-03-27 06:03:41,
False,entry_failed,False,"{""score"": null, ""liquidity_score"": null, ""breakout_distance_atr"": null, ""freshness_score"": null}",ENTRY_EXECUTION,ASTER-USDT-SWAP,unknown,,entry_failed,2026-03-27 06:03:41,
True,ATR stop update,True,"{""price"": 1.331, ""prev_stop_price"": 1.3278, ""stop_price"": 1.3291, ""peak_unrealized_pnl"": 3.576600000000003}",STOP_MOVE_CHECK,DOT-USDT-SWAP,unknown,ATR stop update,TRAIL_UPDATE,2026-03-27 06:04:20,20260327_004300_DOT-USDT-SWAP_long
True,TURTLE stop update,True,"{""price"": 4.318, ""prev_stop_price"": 4.291, ""stop_price"": 4.296, ""peak_unrealized_pnl"": 45.054100000000794}",STOP_MOVE_CHECK,KSM-USDT-SWAP,unknown,TURTLE stop update,TRAIL_UPDATE,2026-03-27 06:05:16,20260327_042150_KSM-USDT-SWAP_long
False,нет свежего пробоя Donchian на последней закрытой свече,False,"{""score"": null, ""liquidity_score"": null, ""breakout_distance_atr"": null, ""freshness_score"": null}",ENTRY_CHECK,1INCH-USDT-SWAP,no_fresh_breakout,нет свежего пробоя Donchian на последней закрытой свече,rejected,2026-03-27 06:06:24,
False,нет свежего пробоя Donchian на последней закрытой свече,False,"{""score"": null, ""liquidity_score"": null, ""breakout_distance_atr"": null, ""freshness_score"": null}",ENTRY_CHECK,ALGO-USDT-SWAP,no_fresh_breakout,нет свежего пробоя Donchian на последней закрытой свече,rejected,2026-03-27 06:06:24,
False,нет свежего пробоя Donchian на последней закрытой свече,False,"{""score"": null, ""liquidity_score"": null, ""breakout_distance_atr"": null, ""freshness_score"": null}",ENTRY_CHECK,ASTER-USDT-SWAP,no_fresh_breakout,нет свежего пробоя Donchian на последней закрытой свече,rejected,2026-03-27 06:06:28,
False,нет свежего пробоя Donchian на последней закрытой свече,False,"{""score"": null, ""liquidity_score"": null, ""breakout_distance_atr"": null, ""freshness_score"": null}",ENTRY_CHECK,AXS-USDT-SWAP,no_fresh_breakout,нет свежего пробоя Donchian на последней закрытой свече,rejected,2026-03-27 06:06:34,
False,нет свежего пробоя Donchian на последней закрытой свече,False,"{""score"": null, ""liquidity_score"": null, ""breakout_distance_atr"": null, ""freshness_score"": null}",ENTRY_CHECK,BAND-USDT-SWAP,no_fresh_breakout,нет свежего пробоя Donchian на последней закрытой свече,rejected,2026-03-27 06:06:35,
False,закрытие не удержалось выше канала,False,"{""score"": null, ""liquidity_score"": null, ""breakout_distance_atr"": null, ""freshness_score"": null}",ENTRY_CHECK,BCH-USDT-SWAP,закрытие_не_удержалось_выше_канала,закрытие не удержалось выше канала,rejected,2026-03-27 06:06:37,
False,нет свежего пробоя Donchian на последней закрытой свече,False,"{""score"": null, ""liquidity_score"": null, ""breakout_distance_atr"": null, ""freshness_score"": null}",ENTRY_CHECK,BOME-USDT-SWAP,no_fresh_breakout,нет свежего пробоя Donchian на последней закрытой свече,rejected,2026-03-27 06:06:43,
False,нет свежего пробоя Donchian на последней закрытой свече,False,"{""score"": null, ""liquidity_score"": null, ""breakout_distance_atr"": null, ""freshness_score"": null}",ENTRY_CHECK,BTC-USDT-SWAP,no_fresh_breakout,нет свежего пробоя Donchian на последней закрытой свече,rejected,2026-03-27 06:06:46,
False,нет свежего пробоя Donchian на последней закрытой свече,False,"{""score"": null, ""liquidity_score"": null, ""breakout_distance_atr"": null, ""freshness_score"": null}",ENTRY_CHECK,FIL-USDT-SWAP,no_fresh_breakout,нет свежего пробоя Donchian на последней закрытой свече,rejected,2026-03-27 06:07:05,
False,нет свежего пробоя Donchian на последней закрытой свече,False,"{""score"": null, ""liquidity_score"": null, ""breakout_distance_atr"": null, ""freshness_score"": null}",ENTRY_CHECK,IMX-USDT-SWAP,no_fresh_breakout,нет свежего пробоя Donchian на последней закрытой свече,rejected,2026-03-27 06:07:16,
False,нет свежего пробоя Donchian на последней закрытой свече,False,"{""score"": null, ""liquidity_score"": null, ""breakout_distance_atr"": null, ""freshness_score"": null}",ENTRY_CHECK,INJ-USDT-SWAP,no_fresh_breakout,нет свежего пробоя Donchian на последней закрытой свече,rejected,2026-03-27 06:07:18,
False,нет свежего пробоя Donchian на последней закрытой свече,False,"{""score"": null, ""liquidity_score"": null, ""breakout_distance_atr"": null, ""freshness_score"": null}",ENTRY_CHECK,IOTA-USDT-SWAP,no_fresh_breakout,нет свежего пробоя Donchian на последней закрытой свече,rejected,2026-03-27 06:07:19,
False,нет свежего пробоя Donchian на последней закрытой свече,False,"{""score"": null, ""liquidity_score"": null, ""breakout_distance_atr"": null, ""freshness_score"": null}",ENTRY_CHECK,LQTY-USDT-SWAP,no_fresh_breakout,нет свежего пробоя Donchian на последней закрытой свече,rejected,2026-03-27 06:07:28,
False,нет свежего пробоя Donchian на последней закрытой свече,False,"{""score"": null, ""liquidity_score"": null, ""breakout_distance_atr"": null, ""freshness_score"": null}",ENTRY_CHECK,MET-USDT-SWAP,no_fresh_breakout,нет свежего пробоя Donchian на последней закрытой свече,rejected,2026-03-27 06:07:36,
False,закрытие не удержалось ниже канала,False,"{""score"": null, ""liquidity_score"": null, ""breakout_distance_atr"": null, ""freshness_score"": null}",ENTRY_CHECK,OP-USDT-SWAP,закрытие_не_удержалось_ниже_канала,закрытие не удержалось ниже канала,rejected,2026-03-27 06:07:42,
False,нет свежего пробоя Donchian на последней закрытой свече,False,"{""score"": null, ""liquidity_score"": null, ""breakout_distance_atr"": null, ""freshness_score"": null}",ENTRY_CHECK,SUI-USDT-SWAP,no_fresh_breakout,нет свежего пробоя Donchian на последней закрытой свече,rejected,2026-03-27 06:08:01,
False,нет свежего пробоя Donchian на последней закрытой свече,False,"{""score"": null, ""liquidity_score"": null, ""breakout_distance_atr"": null, ""freshness_score"": null}",ENTRY_CHECK,SYRUP-USDT-SWAP,no_fresh_breakout,нет свежего пробоя Donchian на последней закрытой свече,rejected,2026-03-27 06:08:03,
False,закрытие не удержалось ниже канала,False,"{""score"": null, ""liquidity_score"": null, ""breakout_distance_atr"": null, ""freshness_score"": null}",ENTRY_CHECK,TON-USDT-SWAP,закрытие_не_удержалось_ниже_канала,закрытие не удержалось ниже канала,rejected,2026-03-27 06:08:06,
False,закрытие не удержалось ниже канала,False,"{""score"": null, ""liquidity_score"": null, ""breakout_distance_atr"": null, ""freshness_score"": null}",ENTRY_CHECK,TON-USDT-SWAP,закрытие_не_удержалось_ниже_канала,закрытие не удержалось ниже канала,rejected,2026-03-27 06:08:06,
False,нет свежего пробоя Donchian на последней закрытой свече,False,"{""score"": null, ""liquidity_score"": null, ""breakout_distance_atr"": null, ""freshness_score"": null}",ENTRY_CHECK,XTZ-USDT-SWAP,no_fresh_breakout,нет свежего пробоя Donchian на последней закрытой свече,rejected,2026-03-27 06:08:19,
False,нет свежего пробоя Donchian на последней закрытой свече,False,"{""score"": null, ""liquidity_score"": null, ""breakout_distance_atr"": null, ""freshness_score"": null}",ENTRY_CHECK,YFI-USDT-SWAP,no_fresh_breakout,нет свежего пробоя Donchian на последней закрытой свече,rejected,2026-03-27 06:08:22,
True,TURTLE stop update,True,"{""price"": 0.0371, ""prev_stop_price"": 0.0366, ""stop_price"": 0.0368, ""peak_unrealized_pnl"": 765.69959999954}",STOP_MOVE_CHECK,YGG-USDT-SWAP,unknown,TURTLE stop update,TRAIL_UPDATE,2026-03-27 06:09:14,20260327_014759_YGG-USDT-SWAP_long
True,ATR stop update,True,"{""price"": 0.845, ""prev_stop_price"": 0.8525, ""stop_price"": 0.8526, ""peak_unrealized_pnl"": 0.0}",STOP_MOVE_CHECK,QTUM-USDT-SWAP,unknown,ATR stop update,TRAIL_UPDATE,2026-03-27 06:09:25,20260327_021139_QTUM-USDT-SWAP_long
True,ATR stop update,True,"{""price"": 8.21, ""prev_stop_price"": 8.216, ""stop_price"": 8.212, ""peak_unrealized_pnl"": 0.0}",STOP_MOVE_CHECK,ETC-USDT-SWAP,unknown,ATR stop update,TRAIL_UPDATE,2026-03-27 06:09:44,20260327_040802_ETC-USDT-SWAP_short
True,Канальный выход 10 свечей,True,"{""units"": 4, ""last_price"": null, ""next_pyramid_price"": null, ""retry_after_sec"": null}",EXIT_CHECK,CFX-USDT-SWAP,канальный_выход_10_свечей,Канальный выход 10 свечей,position_closed,2026-03-27 06:09:54,20260327_041717_CFX-USDT-SWAP_long
False,закрытие не удержалось ниже канала,False,"{""score"": null, ""liquidity_score"": null, ""breakout_distance_atr"": null, ""freshness_score"": null}",ENTRY_CHECK,1INCH-USDT-SWAP,закрытие_не_удержалось_ниже_канала,закрытие не удержалось ниже канала,rejected,2026-03-27 06:11:27,
False,нет свежего пробоя Donchian на последней закрытой свече,False,"{""score"": null, ""liquidity_score"": null, ""breakout_distance_atr"": null, ""freshness_score"": null}",ENTRY_CHECK,AAVE-USDT-SWAP,no_fresh_breakout,нет свежего пробоя Donchian на последней закрытой свече,rejected,2026-03-27 06:11:31,
False,нет свежего пробоя Donchian на последней закрытой свече,False,"{""score"": null, ""liquidity_score"": null, ""breakout_distance_atr"": null, ""freshness_score"": null}",ENTRY_CHECK,ALGO-USDT-SWAP,no_fresh_breakout,нет свежего пробоя Donchian на последней закрытой свече,rejected,2026-03-27 06:11:41,
False,classic_turtle_breakout_short,True,"{""score"": null, ""liquidity_score"": 18.7698, ""breakout_distance_atr"": 0.7453, ""freshness_score"": 0.7553}",ENTRY_CHECK,ASTER-USDT-SWAP,classic_turtle_breakout_short,classic_turtle_breakout_short,candidate,2026-03-27 06:11:43,
False,oversized breakout candle 8.92 ATR > 3.50 ATR,False,"{""score"": null, ""liquidity_score"": null, ""breakout_distance_atr"": 5.8874, ""freshness_score"": null}",ENTRY_CHECK,AXS-USDT-SWAP,oversized_breakout_candle_8.92_atr_>_3.50_atr,oversized breakout candle 8.92 ATR > 3.50 ATR,rejected,2026-03-27 06:11:43,
False,нет свежего пробоя Donchian на последней закрытой свече,False,"{""score"": null, ""liquidity_score"": null, ""breakout_distance_atr"": null, ""freshness_score"": null}",ENTRY_CHECK,BOME-USDT-SWAP,no_fresh_breakout,нет свежего пробоя Donchian на последней закрытой свече,rejected,2026-03-27 06:11:46,
False,закрытие не удержалось ниже канала,False,"{""score"": null, ""liquidity_score"": null, ""breakout_distance_atr"": null, ""freshness_score"": null}",ENTRY_CHECK,BTC-USDT-SWAP,закрытие_не_удержалось_ниже_канала,закрытие не удержалось ниже канала,rejected,2026-03-27 06:11:49,
False,нет свежего пробоя Donchian на последней закрытой свече,False,"{""score"": null, ""liquidity_score"": null, ""breakout_distance_atr"": null, ""freshness_score"": null}",ENTRY_CHECK,CHZ-USDT-SWAP,no_fresh_breakout,нет свежего пробоя Donchian на последней закрытой свече,rejected,2026-03-27 06:11:56,
False,нет свежего пробоя Donchian на последней закрытой свече,False,"{""score"": null, ""liquidity_score"": null, ""breakout_distance_atr"": null, ""freshness_score"": null}",ENTRY_CHECK,FIL-USDT-SWAP,no_fresh_breakout,нет свежего пробоя Donchian на последней закрытой свече,rejected,2026-03-27 06:12:09,
False,нет свежего пробоя Donchian на последней закрытой свече,False,"{""score"": null, ""liquidity_score"": null, ""breakout_distance_atr"": null, ""freshness_score"": null}",ENTRY_CHECK,IMX-USDT-SWAP,no_fresh_breakout,нет свежего пробоя Donchian на последней закрытой свече,rejected,2026-03-27 06:12:19,
False,нет свежего пробоя Donchian на последней закрытой свече,False,"{""score"": null, ""liquidity_score"": null, ""breakout_distance_atr"": null, ""freshness_score"": null}",ENTRY_CHECK,INJ-USDT-SWAP,no_fresh_breakout,нет свежего пробоя Donchian на последней закрытой свече,rejected,2026-03-27 06:12:20,
False,нет свежего пробоя Donchian на последней закрытой свече,False,"{""score"": null, ""liquidity_score"": null, ""breakout_distance_atr"": null, ""freshness_score"": null}",ENTRY_CHECK,LDO-USDT-SWAP,no_fresh_breakout,нет свежего пробоя Donchian на последней закрытой свече,rejected,2026-03-27 06:12:25,
False,нет свежего пробоя Donchian на последней закрытой свече,False,"{""score"": null, ""liquidity_score"": null, ""breakout_distance_atr"": null, ""freshness_score"": null}",ENTRY_CHECK,MET-USDT-SWAP,no_fresh_breakout,нет свежего пробоя Donchian на последней закрытой свече,rejected,2026-03-27 06:12:37,
False,нет свежего пробоя Donchian на последней закрытой свече,False,"{""score"": null, ""liquidity_score"": null, ""breakout_distance_atr"": null, ""freshness_score"": null}",ENTRY_CHECK,OP-USDT-SWAP,no_fresh_breakout,нет свежего пробоя Donchian на последней закрытой свече,rejected,2026-03-27 06:12:43,
False,нет свежего пробоя Donchian на последней закрытой свече,False,"{""score"": null, ""liquidity_score"": null, ""breakout_distance_atr"": null, ""freshness_score"": null}",ENTRY_CHECK,SYRUP-USDT-SWAP,no_fresh_breakout,нет свежего пробоя Donchian на последней закрытой свече,rejected,2026-03-27 06:13:05,
False,нет свежего пробоя Donchian на последней закрытой свече,False,"{""score"": null, ""liquidity_score"": null, ""breakout_distance_atr"": null, ""freshness_score"": null}",ENTRY_CHECK,TON-USDT-SWAP,no_fresh_breakout,нет свежего пробоя Donchian на последней закрытой свече,rejected,2026-03-27 06:13:09,
False,нет свежего пробоя Donchian на последней закрытой свече,False,"{""score"": null, ""liquidity_score"": null, ""breakout_distance_atr"": null, ""freshness_score"": null}",ENTRY_CHECK,TSLA-USDT-SWAP,no_fresh_breakout,нет свежего пробоя Donchian на последней закрытой свече,rejected,2026-03-27 06:13:13,
False,classic_turtle_breakout_short,True,"{""score"": null, ""liquidity_score"": 570.6552, ""breakout_distance_atr"": 0.8095, ""freshness_score"": 0.8195}",ENTRY_CHECK,XLM-USDT-SWAP,classic_turtle_breakout_short,classic_turtle_breakout_short,candidate,2026-03-27 06:13:17,
False,нет свежего пробоя Donchian на последней закрытой свече,False,"{""score"": null, ""liquidity_score"": null, ""breakout_distance_atr"": null, ""freshness_score"": null}",ENTRY_CHECK,XTZ-USDT-SWAP,no_fresh_breakout,нет свежего пробоя Donchian на последней закрытой свече,rejected,2026-03-27 06:13:23,
False,нет свежего пробоя Donchian на последней закрытой свече,False,"{""score"": null, ""liquidity_score"": null, ""breakout_distance_atr"": null, ""freshness_score"": null}",ENTRY_CHECK,YFI-USDT-SWAP,no_fresh_breakout,нет свежего пробоя Donchian на последней закрытой свече,rejected,2026-03-27 06:13:26,
False,classic_turtle_breakout_short,True,"{""score"": null, ""liquidity_score"": 18.7698, ""breakout_distance_atr"": 0.7453, ""freshness_score"": 0.7553}",ENTRY_RANK,ASTER-USDT-SWAP,classic_turtle_breakout_short,classic_turtle_breakout_short,ranked_candidate,2026-03-27 06:13:30,
False,classic_turtle_breakout_short,True,"{""score"": null, ""liquidity_score"": 570.6552, ""breakout_distance_atr"": 0.8095, ""freshness_score"": 0.8195}",ENTRY_RANK,XLM-USDT-SWAP,classic_turtle_breakout_short,classic_turtle_breakout_short,ranked_candidate,2026-03-27 06:13:30,
False,entry_failed,False,"{""score"": null, ""liquidity_score"": null, ""breakout_distance_atr"": null, ""freshness_score"": null}",ENTRY_EXECUTION,ASTER-USDT-SWAP,unknown,,entry_failed,2026-03-27 06:13:31,
True,entry_sent,True,"{""score"": null, ""liquidity_score"": null, ""breakout_distance_atr"": 0.8095, ""freshness_score"": null}",ENTRY_EXECUTION,XLM-USDT-SWAP,unknown,,entry_sent,2026-03-27 06:13:33,
True,position_opened,True,"{""units"": null, ""last_price"": null, ""next_pyramid_price"": null, ""retry_after_sec"": null}",ENTRY_EXECUTION,XLM-USDT-SWAP,unknown,,position_opened,2026-03-27 06:13:33,20260327_061333_XLM-USDT-SWAP_short
True,ATR stop update,True,"{""price"": 8.19, ""prev_stop_price"": 8.212, ""stop_price"": 8.21, ""peak_unrealized_pnl"": 2.8970000000004528}",STOP_MOVE_CHECK,ETC-USDT-SWAP,unknown,ATR stop update,TRAIL_UPDATE,2026-03-27 06:14:47,20260327_040802_ETC-USDT-SWAP_short
True,TURTLE stop update,True,"{""price"": 4.313, ""prev_stop_price"": 4.296, ""stop_price"": 4.302, ""peak_unrealized_pnl"": 45.054100000000794}",STOP_MOVE_CHECK,KSM-USDT-SWAP,unknown,TURTLE stop update,TRAIL_UPDATE,2026-03-27 06:14:58,20260327_042150_KSM-USDT-SWAP_long
True,SYNC confirmed close after stop fault: PENDING_RECHECK,True,"{""units"": 1, ""last_price"": null, ""next_pyramid_price"": null, ""retry_after_sec"": null}",EXIT_CHECK,NEO-USDT-SWAP,sync_confirmed_close_after_stop_fault:_pending_recheck,SYNC confirmed close after stop fault: PENDING_RECHECK,position_closed,2026-03-27 06:15:58,20260327_042414_NEO-USDT-SWAP_short
False,нет свежего пробоя Donchian на последней закрытой свече,False,"{""score"": null, ""liquidity_score"": null, ""breakout_distance_atr"": null, ""freshness_score"": null}",ENTRY_CHECK,1INCH-USDT-SWAP,no_fresh_breakout,нет свежего пробоя Donchian на последней закрытой свече,rejected,2026-03-27 06:16:15,
False,нет свежего пробоя Donchian на последней закрытой свече,False,"{""score"": null, ""liquidity_score"": null, ""breakout_distance_atr"": null, ""freshness_score"": null}",ENTRY_CHECK,AAVE-USDT-SWAP,no_fresh_breakout,нет свежего пробоя Donchian на последней закрытой свече,rejected,2026-03-27 06:16:20,
False,нет свежего пробоя Donchian на последней закрытой свече,False,"{""score"": null, ""liquidity_score"": null, ""breakout_distance_atr"": null, ""freshness_score"": null}",ENTRY_CHECK,ADA-USDT-SWAP,no_fresh_breakout,нет свежего пробоя Donchian на последней закрытой свече,rejected,2026-03-27 06:16:23,
False,нет свежего пробоя Donchian на последней закрытой свече,False,"{""score"": null, ""liquidity_score"": null, ""breakout_distance_atr"": null, ""freshness_score"": null}",ENTRY_CHECK,ALGO-USDT-SWAP,no_fresh_breakout,нет свежего пробоя Donchian на последней закрытой свече,rejected,2026-03-27 06:16:27,
False,нет свежего пробоя Donchian на последней закрытой свече,False,"{""score"": null, ""liquidity_score"": null, ""breakout_distance_atr"": null, ""freshness_score"": null}",ENTRY_CHECK,AXS-USDT-SWAP,no_fresh_breakout,нет свежего пробоя Donchian на последней закрытой свече,rejected,2026-03-27 06:16:38,
False,нет свежего пробоя Donchian на последней закрытой свече,False,"{""score"": null, ""liquidity_score"": null, ""breakout_distance_atr"": null, ""freshness_score"": null}",ENTRY_CHECK,BAND-USDT-SWAP,no_fresh_breakout,нет свежего пробоя Donchian на последней закрытой свече,rejected,2026-03-27 06:16:40,
False,нет свежего пробоя Donchian на последней закрытой свече,False,"{""score"": null, ""liquidity_score"": null, ""breakout_distance_atr"": null, ""freshness_score"": null}",ENTRY_CHECK,BTC-USDT-SWAP,no_fresh_breakout,нет свежего пробоя Donchian на последней закрытой свече,rejected,2026-03-27 06:16:45,
False,нет свежего пробоя Donchian на последней закрытой свече,False,"{""score"": null, ""liquidity_score"": null, ""breakout_distance_atr"": null, ""freshness_score"": null}",ENTRY_CHECK,CFX-USDT-SWAP,no_fresh_breakout,нет свежего пробоя Donchian на последней закрытой свече,rejected,2026-03-27 06:16:47,
False,нет свежего пробоя Donchian на последней закрытой свече,False,"{""score"": null, ""liquidity_score"": null, ""breakout_distance_atr"": null, ""freshness_score"": null}",ENTRY_CHECK,CHZ-USDT-SWAP,no_fresh_breakout,нет свежего пробоя Donchian на последней закрытой свече,rejected,2026-03-27 06:16:48,
False,momentum chase blocked after 3 same-side candles,False,"{""score"": null, ""liquidity_score"": null, ""breakout_distance_atr"": 0.9524, ""freshness_score"": null}",ENTRY_CHECK,FIL-USDT-SWAP,blacklist,momentum chase blocked after 3 same-side candles,rejected,2026-03-27 06:17:00,
False,classic_turtle_breakout_long,True,"{""score"": null, ""liquidity_score"": 5.8206, ""breakout_distance_atr"": 2.5, ""freshness_score"": 2.51}",ENTRY_CHECK,IMX-USDT-SWAP,classic_turtle_breakout_long,classic_turtle_breakout_long,candidate,2026-03-27 06:17:12,
False,classic_turtle_breakout_long,True,"{""score"": null, ""liquidity_score"": 5.8206, ""breakout_distance_atr"": 2.5, ""freshness_score"": 2.51}",ENTRY_CHECK,IMX-USDT-SWAP,classic_turtle_breakout_long,classic_turtle_breakout_long,candidate,2026-03-27 06:17:12,
False,нет свежего пробоя Donchian на последней закрытой свече,False,"{""score"": null, ""liquidity_score"": null, ""breakout_distance_atr"": null, ""freshness_score"": null}",ENTRY_CHECK,INJ-USDT-SWAP,no_fresh_breakout,нет свежего пробоя Donchian на последней закрытой свече,rejected,2026-03-27 06:17:13,
False,classic_turtle_breakout_short,True,"{""score"": null, ""liquidity_score"": 6.326, ""breakout_distance_atr"": 0.354, ""freshness_score"": 0.364}",ENTRY_CHECK,LDO-USDT-SWAP,classic_turtle_breakout_short,classic_turtle_breakout_short,candidate,2026-03-27 06:17:19,
False,classic_turtle_breakout_short,True,"{""score"": null, ""liquidity_score"": 8.4869, ""breakout_distance_atr"": 1.4286, ""freshness_score"": 1.4386}",ENTRY_CHECK,MET-USDT-SWAP,classic_turtle_breakout_short,classic_turtle_breakout_short,candidate,2026-03-27 06:17:32,
False,classic_turtle_breakout_short,True,"{""score"": null, ""liquidity_score"": 8.4869, ""breakout_distance_atr"": 1.4286, ""freshness_score"": 1.4386}",ENTRY_CHECK,MET-USDT-SWAP,classic_turtle_breakout_short,classic_turtle_breakout_short,candidate,2026-03-27 06:17:32,
False,закрытие не удержалось ниже канала,False,"{""score"": null, ""liquidity_score"": null, ""breakout_distance_atr"": null, ""freshness_score"": null}",ENTRY_CHECK,OP-USDT-SWAP,закрытие_не_удержалось_ниже_канала,закрытие не удержалось ниже канала,rejected,2026-03-27 06:17:39,
False,нет свежего пробоя Donchian на последней закрытой свече,False,"{""score"": null, ""liquidity_score"": null, ""breakout_distance_atr"": null, ""freshness_score"": null}",ENTRY_CHECK,SYRUP-USDT-SWAP,no_fresh_breakout,нет свежего пробоя Donchian на последней закрытой свече,rejected,2026-03-27 06:18:01,
False,нет свежего пробоя Donchian на последней закрытой свече,False,"{""score"": null, ""liquidity_score"": null, ""breakout_distance_atr"": null, ""freshness_score"": null}",ENTRY_CHECK,TON-USDT-SWAP,no_fresh_breakout,нет свежего пробоя Donchian на последней закрытой свече,rejected,2026-03-27 06:18:03,
False,нет свежего пробоя Donchian на последней закрытой свече,False,"{""score"": null, ""liquidity_score"": null, ""breakout_distance_atr"": null, ""freshness_score"": null}",ENTRY_CHECK,TSLA-USDT-SWAP,no_fresh_breakout,нет свежего пробоя Donchian на последней закрытой свече,rejected,2026-03-27 06:18:07,
False,нет свежего пробоя Donchian на последней закрытой свече,False,"{""score"": null, ""liquidity_score"": null, ""breakout_distance_atr"": null, ""freshness_score"": null}",ENTRY_CHECK,XSR-USDT-SWAP,no_fresh_breakout,нет свежего пробоя Donchian на последней закрытой свече,rejected,2026-03-27 06:18:14,
False,нет свежего пробоя Donchian на последней закрытой свече,False,"{""score"": null, ""liquidity_score"": null, ""breakout_distance_atr"": null, ""freshness_score"": null}",ENTRY_CHECK,XTZ-USDT-SWAP,no_fresh_breakout,нет свежего пробоя Donchian на последней закрытой свече,rejected,2026-03-27 06:18:16,
False,нет свежего пробоя Donchian на последней закрытой свече,False,"{""score"": null, ""liquidity_score"": null, ""breakout_distance_atr"": null, ""freshness_score"": null}",ENTRY_CHECK,YFI-USDT-SWAP,no_fresh_breakout,нет свежего пробоя Donchian на последней закрытой свече,rejected,2026-03-27 06:18:19,
False,classic_turtle_breakout_long,True,"{""score"": null, ""liquidity_score"": 5.8206, ""breakout_distance_atr"": 2.5, ""freshness_score"": 2.51}",ENTRY_RANK,IMX-USDT-SWAP,classic_turtle_breakout_long,classic_turtle_breakout_long,ranked_candidate,2026-03-27 06:18:23,
False,classic_turtle_breakout_long,True,"{""score"": null, ""liquidity_score"": 5.8206, ""breakout_distance_atr"": 2.5, ""freshness_score"": 2.51}",ENTRY_RANK,IMX-USDT-SWAP,classic_turtle_breakout_long,classic_turtle_breakout_long,ranked_candidate,2026-03-27 06:18:23,
False,classic_turtle_breakout_short,True,"{""score"": null, ""liquidity_score"": 6.326, ""breakout_distance_atr"": 0.354, ""freshness_score"": 0.364}",ENTRY_RANK,LDO-USDT-SWAP,classic_turtle_breakout_short,classic_turtle_breakout_short,ranked_candidate,2026-03-27 06:18:23,
False,classic_turtle_breakout_short,True,"{""score"": null, ""liquidity_score"": 8.4869, ""breakout_distance_atr"": 1.4286, ""freshness_score"": 1.4386}",ENTRY_RANK,MET-USDT-SWAP,classic_turtle_breakout_short,classic_turtle_breakout_short,ranked_candidate,2026-03-27 06:18:23,
False,classic_turtle_breakout_short,True,"{""score"": null, ""liquidity_score"": 8.4869, ""breakout_distance_atr"": 1.4286, ""freshness_score"": 1.4386}",ENTRY_RANK,MET-USDT-SWAP,classic_turtle_breakout_short,classic_turtle_breakout_short,ranked_candidate,2026-03-27 06:18:23,
True,entry_sent,True,"{""score"": null, ""liquidity_score"": null, ""breakout_distance_atr"": 1.4286, ""freshness_score"": null}",ENTRY_EXECUTION,MET-USDT-SWAP,unknown,,entry_sent,2026-03-27 06:18:25,
True,position_opened,True,"{""units"": null, ""last_price"": null, ""next_pyramid_price"": null, ""retry_after_sec"": null}",ENTRY_EXECUTION,MET-USDT-SWAP,unknown,,position_opened,2026-03-27 06:18:25,20260327_061825_MET-USDT-SWAP_short
True,entry_sent,True,"{""score"": null, ""liquidity_score"": null, ""breakout_distance_atr"": 2.5, ""freshness_score"": null}",ENTRY_EXECUTION,IMX-USDT-SWAP,unknown,,entry_sent,2026-03-27 06:18:28,
True,position_opened,True,"{""units"": null, ""last_price"": null, ""next_pyramid_price"": null, ""retry_after_sec"": null}",ENTRY_EXECUTION,IMX-USDT-SWAP,unknown,,position_opened,2026-03-27 06:18:28,20260327_061827_IMX-USDT-SWAP_long
True,entry_sent,True,"{""score"": null, ""liquidity_score"": null, ""breakout_distance_atr"": 0.354, ""freshness_score"": null}",ENTRY_EXECUTION,LDO-USDT-SWAP,unknown,,entry_sent,2026-03-27 06:18:30,
True,position_opened,True,"{""units"": null, ""last_price"": null, ""next_pyramid_price"": null, ""retry_after_sec"": null}",ENTRY_EXECUTION,LDO-USDT-SWAP,unknown,,position_opened,2026-03-27 06:18:30,20260327_061830_LDO-USDT-SWAP_short
True,ATR stop update,True,"{""price"": 0.17397, ""prev_stop_price"": 0.17543, ""stop_price"": 0.174035, ""peak_unrealized_pnl"": 0.0}",STOP_MOVE_CHECK,XLM-USDT-SWAP,unknown,ATR stop update,TRAIL_UPDATE,2026-03-27 06:20:21,20260327_061333_XLM-USDT-SWAP_short
True,pyramid_added,True,"{""units"": 2, ""last_price"": null, ""next_pyramid_price"": 0.1490266461474838, ""retry_after_sec"": null}",ADD_UNIT_CHECK,IMX-USDT-SWAP,unknown,,pyramid_added,2026-03-27 06:20:31,20260327_061827_IMX-USDT-SWAP_long
True,pyramid_added,True,"{""units"": 2, ""last_price"": null, ""next_pyramid_price"": 0.2865118654348638, ""retry_after_sec"": null}",ADD_UNIT_CHECK,LDO-USDT-SWAP,unknown,,pyramid_added,2026-03-27 06:20:36,20260327_061830_LDO-USDT-SWAP_short
False,нет свежего пробоя Donchian на последней закрытой свече,False,"{""score"": null, ""liquidity_score"": null, ""breakout_distance_atr"": null, ""freshness_score"": null}",ENTRY_CHECK,AAVE-USDT-SWAP,no_fresh_breakout,нет свежего пробоя Donchian на последней закрытой свече,rejected,2026-03-27 06:21:02,
False,закрытие не удержалось ниже канала,False,"{""score"": null, ""liquidity_score"": null, ""breakout_distance_atr"": null, ""freshness_score"": null}",ENTRY_CHECK,ADA-USDT-SWAP,закрытие_не_удержалось_ниже_канала,закрытие не удержалось ниже канала,rejected,2026-03-27 06:21:04,
False,нет свежего пробоя Donchian на последней закрытой свече,False,"{""score"": null, ""liquidity_score"": null, ""breakout_distance_atr"": null, ""freshness_score"": null}",ENTRY_CHECK,ALGO-USDT-SWAP,no_fresh_breakout,нет свежего пробоя Donchian на последней закрытой свече,rejected,2026-03-27 06:21:09,
False,нет свежего пробоя Donchian на последней закрытой свече,False,"{""score"": null, ""liquidity_score"": null, ""breakout_distance_atr"": null, ""freshness_score"": null}",ENTRY_CHECK,ASTER-USDT-SWAP,no_fresh_breakout,нет свежего пробоя Donchian на последней закрытой свече,rejected,2026-03-27 06:21:13,
False,нет свежего пробоя Donchian на последней закрытой свече,False,"{""score"": null, ""liquidity_score"": null, ""breakout_distance_atr"": null, ""freshness_score"": null}",ENTRY_CHECK,AXS-USDT-SWAP,no_fresh_breakout,нет свежего пробоя Donchian на последней закрытой свече,rejected,2026-03-27 06:21:19,
False,нет свежего пробоя Donchian на последней закрытой свече,False,"{""score"": null, ""liquidity_score"": null, ""breakout_distance_atr"": null, ""freshness_score"": null}",ENTRY_CHECK,BAND-USDT-SWAP,no_fresh_breakout,нет свежего пробоя Donchian на последней закрытой свече,rejected,2026-03-27 06:21:20,
False,нет свежего пробоя Donchian на последней закрытой свече,False,"{""score"": null, ""liquidity_score"": null, ""breakout_distance_atr"": null, ""freshness_score"": null}",ENTRY_CHECK,BOME-USDT-SWAP,no_fresh_breakout,нет свежего пробоя Donchian на последней закрытой свече,rejected,2026-03-27 06:21:27,
False,нет свежего пробоя Donchian на последней закрытой свече,False,"{""score"": null, ""liquidity_score"": null, ""breakout_distance_atr"": null, ""freshness_score"": null}",ENTRY_CHECK,CHZ-USDT-SWAP,no_fresh_breakout,нет свежего пробоя Donchian на последней закрытой свече,rejected,2026-03-27 06:21:38,
False,нет свежего пробоя Donchian на последней закрытой свече,False,"{""score"": null, ""liquidity_score"": null, ""breakout_distance_atr"": null, ""freshness_score"": null}",ENTRY_CHECK,FIL-USDT-SWAP,no_fresh_breakout,нет свежего пробоя Donchian на последней закрытой свече,rejected,2026-03-27 06:21:44,
False,нет свежего пробоя Donchian на последней закрытой свече,False,"{""score"": null, ""liquidity_score"": null, ""breakout_distance_atr"": null, ""freshness_score"": null}",ENTRY_CHECK,INJ-USDT-SWAP,no_fresh_breakout,нет свежего пробоя Donchian на последней закрытой свече,rejected,2026-03-27 06:21:57,
False,нет свежего пробоя Donchian на последней закрытой свече,False,"{""score"": null, ""liquidity_score"": null, ""breakout_distance_atr"": null, ""freshness_score"": null}",ENTRY_CHECK,LQTY-USDT-SWAP,no_fresh_breakout,нет свежего пробоя Donchian на последней закрытой свече,rejected,2026-03-27 06:22:05,
False,нет свежего пробоя Donchian на последней закрытой свече,False,"{""score"": null, ""liquidity_score"": null, ""breakout_distance_atr"": null, ""freshness_score"": null}",ENTRY_CHECK,OP-USDT-SWAP,no_fresh_breakout,нет свежего пробоя Donchian на последней закрытой свече,rejected,2026-03-27 06:22:18,
False,нет свежего пробоя Donchian на последней закрытой свече,False,"{""score"": null, ""liquidity_score"": null, ""breakout_distance_atr"": null, ""freshness_score"": null}",ENTRY_CHECK,SYRUP-USDT-SWAP,no_fresh_breakout,нет свежего пробоя Donchian на последней закрытой свече,rejected,2026-03-27 06:22:38,
False,нет свежего пробоя Donchian на последней закрытой свече,False,"{""score"": null, ""liquidity_score"": null, ""breakout_distance_atr"": null, ""freshness_score"": null}",ENTRY_CHECK,TON-USDT-SWAP,no_fresh_breakout,нет свежего пробоя Donchian на последней закрытой свече,rejected,2026-03-27 06:22:41,
False,нет свежего пробоя Donchian на последней закрытой свече,False,"{""score"": null, ""liquidity_score"": null, ""breakout_distance_atr"": null, ""freshness_score"": null}",ENTRY_CHECK,TSLA-USDT-SWAP,no_fresh_breakout,нет свежего пробоя Donchian на последней закрытой свече,rejected,2026-03-27 06:22:45,
False,нет свежего пробоя Donchian на последней закрытой свече,False,"{""score"": null, ""liquidity_score"": null, ""breakout_distance_atr"": null, ""freshness_score"": null}",ENTRY_CHECK,XSR-USDT-SWAP,no_fresh_breakout,нет свежего пробоя Donchian на последней закрытой свече,rejected,2026-03-27 06:22:51,
False,нет свежего пробоя Donchian на последней закрытой свече,False,"{""score"": null, ""liquidity_score"": null, ""breakout_distance_atr"": null, ""freshness_score"": null}",ENTRY_CHECK,XTZ-USDT-SWAP,no_fresh_breakout,нет свежего пробоя Donchian на последней закрытой свече,rejected,2026-03-27 06:22:53,
False,нет свежего пробоя Donchian на последней закрытой свече,False,"{""score"": null, ""liquidity_score"": null, ""breakout_distance_atr"": null, ""freshness_score"": null}",ENTRY_CHECK,YFI-USDT-SWAP,no_fresh_breakout,нет свежего пробоя Donchian на последней закрытой свече,rejected,2026-03-27 06:22:56,
False,нет свежего пробоя Donchian на последней закрытой свече,False,"{""score"": null, ""liquidity_score"": null, ""breakout_distance_atr"": null, ""freshness_score"": null}",ENTRY_CHECK,AAVE-USDT-SWAP,no_fresh_breakout,нет свежего пробоя Donchian на последней закрытой свече,rejected,2026-03-27 06:25:50,
False,нет свежего пробоя Donchian на последней закрытой свече,False,"{""score"": null, ""liquidity_score"": null, ""breakout_distance_atr"": null, ""freshness_score"": null}",ENTRY_CHECK,ADA-USDT-SWAP,no_fresh_breakout,нет свежего пробоя Donchian на последней закрытой свече,rejected,2026-03-27 06:25:53,
False,нет свежего пробоя Donchian на последней закрытой свече,False,"{""score"": null, ""liquidity_score"": null, ""breakout_distance_atr"": null, ""freshness_score"": null}",ENTRY_CHECK,ALGO-USDT-SWAP,no_fresh_breakout,нет свежего пробоя Donchian на последней закрытой свече,rejected,2026-03-27 06:25:59,
False,нет свежего пробоя Donchian на последней закрытой свече,False,"{""score"": null, ""liquidity_score"": null, ""breakout_distance_atr"": null, ""freshness_score"": null}",ENTRY_CHECK,ASTER-USDT-SWAP,no_fresh_breakout,нет свежего пробоя Donchian на последней закрытой свече,rejected,2026-03-27 06:26:03,
False,нет свежего пробоя Donchian на последней закрытой свече,False,"{""score"": null, ""liquidity_score"": null, ""breakout_distance_atr"": null, ""freshness_score"": null}",ENTRY_CHECK,BAND-USDT-SWAP,no_fresh_breakout,нет свежего пробоя Donchian на последней закрытой свече,rejected,2026-03-27 06:26:10,
False,classic_turtle_breakout_short,True,"{""score"": null, ""liquidity_score"": 0.9602, ""breakout_distance_atr"": 1.3675, ""freshness_score"": 1.3775}",ENTRY_CHECK,BCH-USDT-SWAP,classic_turtle_breakout_short,classic_turtle_breakout_short,candidate,2026-03-27 06:26:12,
False,нет свежего пробоя Donchian на последней закрытой свече,False,"{""score"": null, ""liquidity_score"": null, ""breakout_distance_atr"": null, ""freshness_score"": null}",ENTRY_CHECK,BOME-USDT-SWAP,no_fresh_breakout,нет свежего пробоя Donchian на последней закрытой свече,rejected,2026-03-27 06:26:19,
False,закрытие не удержалось ниже канала,False,"{""score"": null, ""liquidity_score"": null, ""breakout_distance_atr"": null, ""freshness_score"": null}",ENTRY_CHECK,BTC-USDT-SWAP,закрытие_не_удержалось_ниже_канала,закрытие не удержалось ниже канала,rejected,2026-03-27 06:26:21,
False,нет свежего пробоя Donchian на последней закрытой свече,False,"{""score"": null, ""liquidity_score"": null, ""breakout_distance_atr"": null, ""freshness_score"": null}",ENTRY_CHECK,FIL-USDT-SWAP,no_fresh_breakout,нет свежего пробоя Donchian на последней закрытой свече,rejected,2026-03-27 06:26:40,
False,нет свежего пробоя Donchian на последней закрытой свече,False,"{""score"": null, ""liquidity_score"": null, ""breakout_distance_atr"": null, ""freshness_score"": null}",ENTRY_CHECK,INJ-USDT-SWAP,no_fresh_breakout,нет свежего пробоя Donchian на последней закрытой свече,rejected,2026-03-27 06:26:41,
False,нет свежего пробоя Donchian на последней закрытой свече,False,"{""score"": null, ""liquidity_score"": null, ""breakout_distance_atr"": null, ""freshness_score"": null}",ENTRY_CHECK,LQTY-USDT-SWAP,no_fresh_breakout,нет свежего пробоя Donchian на последней закрытой свече,rejected,2026-03-27 06:26:51,
False,нет свежего пробоя Donchian на последней закрытой свече,False,"{""score"": null, ""liquidity_score"": null, ""breakout_distance_atr"": null, ""freshness_score"": null}",ENTRY_CHECK,OP-USDT-SWAP,no_fresh_breakout,нет свежего пробоя Donchian на последней закрытой свече,rejected,2026-03-27 06:27:05,
False,нет свежего пробоя Donchian на последней закрытой свече,False,"{""score"": null, ""liquidity_score"": null, ""breakout_distance_atr"": null, ""freshness_score"": null}",ENTRY_CHECK,SYRUP-USDT-SWAP,no_fresh_breakout,нет свежего пробоя Donchian на последней закрытой свече,rejected,2026-03-27 06:27:29,
False,нет свежего пробоя Donchian на последней закрытой свече,False,"{""score"": null, ""liquidity_score"": null, ""breakout_distance_atr"": null, ""freshness_score"": null}",ENTRY_CHECK,TSLA-USDT-SWAP,no_fresh_breakout,нет свежего пробоя Donchian на последней закрытой свече,rejected,2026-03-27 06:27:36,
False,нет свежего пробоя Donchian на последней закрытой свече,False,"{""score"": null, ""liquidity_score"": null, ""breakout_distance_atr"": null, ""freshness_score"": null}",ENTRY_CHECK,YFI-USDT-SWAP,no_fresh_breakout,нет свежего пробоя Donchian на последней закрытой свече,rejected,2026-03-27 06:27:47,
False,rotation_started,True,"{""units"": null, ""last_price"": null, ""next_pyramid_price"": null, ""retry_after_sec"": null}",ROTATION_CHECK,,unknown,,rotation_started,2026-03-27 06:27:51,
False,classic_turtle_breakout_short,True,"{""score"": null, ""liquidity_score"": 0.9602, ""breakout_distance_atr"": 1.3675, ""freshness_score"": 1.3775}",ENTRY_RANK,BCH-USDT-SWAP,classic_turtle_breakout_short,classic_turtle_breakout_short,ranked_candidate,2026-03-27 06:27:51,
True,Ротация под новый сигнал BCH-USDT-SWAP,True,"{""units"": 1, ""last_price"": null, ""next_pyramid_price"": null, ""retry_after_sec"": null}",EXIT_CHECK,LINK-USDT-SWAP,rotation_block,Ротация под новый сигнал BCH-USDT-SWAP,position_closed,2026-03-27 06:27:52,20260327_053933_LINK-USDT-SWAP_long
True,rotation_completed,True,"{""units"": null, ""last_price"": null, ""next_pyramid_price"": null, ""retry_after_sec"": null}",ROTATION_CHECK,,unknown,,rotation_completed,2026-03-27 06:27:54,
False,entry_failed,False,"{""score"": null, ""liquidity_score"": null, ""breakout_distance_atr"": null, ""freshness_score"": null}",ENTRY_EXECUTION,BCH-USDT-SWAP,unknown,,entry_failed,2026-03-27 06:27:54,
True,ATR stop update,True,"{""price"": 0.1359, ""prev_stop_price"": 0.1386, ""stop_price"": 0.13621, ""peak_unrealized_pnl"": 1.7399999999998084}",STOP_MOVE_CHECK,MET-USDT-SWAP,unknown,ATR stop update,TRAIL_UPDATE,2026-03-27 06:29:47,20260327_061825_MET-USDT-SWAP_short
True,pyramid_added,True,"{""units"": 3, ""last_price"": null, ""next_pyramid_price"": 0.1490520730737419, ""retry_after_sec"": null}",ADD_UNIT_CHECK,IMX-USDT-SWAP,unknown,,pyramid_added,2026-03-27 06:29:59,20260327_061827_IMX-USDT-SWAP_long
False,нет свежего пробоя Donchian на последней закрытой свече,False,"{""score"": null, ""liquidity_score"": null, ""breakout_distance_atr"": null, ""freshness_score"": null}",ENTRY_CHECK,AAVE-USDT-SWAP,no_fresh_breakout,нет свежего пробоя Donchian на последней закрытой свече,rejected,2026-03-27 06:30:28,
False,нет свежего пробоя Donchian на последней закрытой свече,False,"{""score"": null, ""liquidity_score"": null, ""breakout_distance_atr"": null, ""freshness_score"": null}",ENTRY_CHECK,ADA-USDT-SWAP,no_fresh_breakout,нет свежего пробоя Donchian на последней закрытой свече,rejected,2026-03-27 06:30:31,
False,нет свежего пробоя Donchian на последней закрытой свече,False,"{""score"": null, ""liquidity_score"": null, ""breakout_distance_atr"": null, ""freshness_score"": null}",ENTRY_CHECK,ALGO-USDT-SWAP,no_fresh_breakout,нет свежего пробоя Donchian на последней закрытой свече,rejected,2026-03-27 06:30:36,
False,нет свежего пробоя Donchian на последней закрытой свече,False,"{""score"": null, ""liquidity_score"": null, ""breakout_distance_atr"": null, ""freshness_score"": null}",ENTRY_CHECK,ASTER-USDT-SWAP,no_fresh_breakout,нет свежего пробоя Donchian на последней закрытой свече,rejected,2026-03-27 06:30:41,
False,нет свежего пробоя Donchian на последней закрытой свече,False,"{""score"": null, ""liquidity_score"": null, ""breakout_distance_atr"": null, ""freshness_score"": null}",ENTRY_CHECK,BAND-USDT-SWAP,no_fresh_breakout,нет свежего пробоя Donchian на последней закрытой свече,rejected,2026-03-27 06:30:48,
False,нет свежего пробоя Donchian на последней закрытой свече,False,"{""score"": null, ""liquidity_score"": null, ""breakout_distance_atr"": null, ""freshness_score"": null}",ENTRY_CHECK,BOME-USDT-SWAP,no_fresh_breakout,нет свежего пробоя Donchian на последней закрытой свече,rejected,2026-03-27 06:30:56,
False,нет свежего пробоя Donchian на последней закрытой свече,False,"{""score"": null, ""liquidity_score"": null, ""breakout_distance_atr"": null, ""freshness_score"": null}",ENTRY_CHECK,CHZ-USDT-SWAP,no_fresh_breakout,нет свежего пробоя Donchian на последней закрытой свече,rejected,2026-03-27 06:31:06,
False,нет свежего пробоя Donchian на последней закрытой свече,False,"{""score"": null, ""liquidity_score"": null, ""breakout_distance_atr"": null, ""freshness_score"": null}",ENTRY_CHECK,FIL-USDT-SWAP,no_fresh_breakout,нет свежего пробоя Donchian на последней закрытой свече,rejected,2026-03-27 06:31:20,
False,нет свежего пробоя Donchian на последней закрытой свече,False,"{""score"": null, ""liquidity_score"": null, ""breakout_distance_atr"": null, ""freshness_score"": null}",ENTRY_CHECK,INJ-USDT-SWAP,no_fresh_breakout,нет свежего пробоя Donchian на последней закрытой свече,rejected,2026-03-27 06:31:30,
False,"инструмент недавно закрыт ротацией, повторный вход временно заблокирован",False,"{""score"": null, ""liquidity_score"": null, ""breakout_distance_atr"": null, ""freshness_score"": null}",ENTRY_CHECK,LINK-USDT-SWAP,rotation_block,"инструмент недавно закрыт ротацией, повторный вход временно заблокирован",rejected,2026-03-27 06:31:31,
False,нет свежего пробоя Donchian на последней закрытой свече,False,"{""score"": null, ""liquidity_score"": null, ""breakout_distance_atr"": null, ""freshness_score"": null}",ENTRY_CHECK,LQTY-USDT-SWAP,no_fresh_breakout,нет свежего пробоя Donchian на последней закрытой свече,rejected,2026-03-27 06:31:32,
False,нет свежего пробоя Donchian на последней закрытой свече,False,"{""score"": null, ""liquidity_score"": null, ""breakout_distance_atr"": null, ""freshness_score"": null}",ENTRY_CHECK,OP-USDT-SWAP,no_fresh_breakout,нет свежего пробоя Donchian на последней закрытой свече,rejected,2026-03-27 06:31:45,
False,нет свежего пробоя Donchian на последней закрытой свече,False,"{""score"": null, ""liquidity_score"": null, ""breakout_distance_atr"": null, ""freshness_score"": null}",ENTRY_CHECK,SYRUP-USDT-SWAP,no_fresh_breakout,нет свежего пробоя Donchian на последней закрытой свече,rejected,2026-03-27 06:32:06,
False,нет свежего пробоя Donchian на последней закрытой свече,False,"{""score"": null, ""liquidity_score"": null, ""breakout_distance_atr"": null, ""freshness_score"": null}",ENTRY_CHECK,THETA-USDT-SWAP,no_fresh_breakout,нет свежего пробоя Donchian на последней закрытой свече,rejected,2026-03-27 06:32:07,
False,нет свежего пробоя Donchian на последней закрытой свече,False,"{""score"": null, ""liquidity_score"": null, ""breakout_distance_atr"": null, ""freshness_score"": null}",ENTRY_CHECK,TSLA-USDT-SWAP,no_fresh_breakout,нет свежего пробоя Donchian на последней закрытой свече,rejected,2026-03-27 06:32:13,
False,нет свежего пробоя Donchian на последней закрытой свече,False,"{""score"": null, ""liquidity_score"": null, ""breakout_distance_atr"": null, ""freshness_score"": null}",ENTRY_CHECK,YFI-USDT-SWAP,no_fresh_breakout,нет свежего пробоя Donchian на последней закрытой свече,rejected,2026-03-27 06:32:25,
True,Канальный выход 10 свечей,True,"{""units"": 4, ""last_price"": null, ""next_pyramid_price"": null, ""retry_after_sec"": null}",EXIT_CHECK,YGG-USDT-SWAP,канальный_выход_10_свечей,Канальный выход 10 свечей,position_closed,2026-03-27 06:33:16,20260327_014759_YGG-USDT-SWAP_long
True,Канальный выход 20 свечей,True,"{""units"": 4, ""last_price"": null, ""next_pyramid_price"": null, ""retry_after_sec"": null}",EXIT_CHECK,KSM-USDT-SWAP,канальный_выход_20_свечей,Канальный выход 20 свечей,position_closed,2026-03-27 06:33:54,20260327_042150_KSM-USDT-SWAP_long
True,ATR stop update,True,"{""price"": 0.1494, ""prev_stop_price"": 0.14891, ""stop_price"": 0.14909, ""peak_unrealized_pnl"": 8.679999999982996}",STOP_MOVE_CHECK,IMX-USDT-SWAP,unknown,ATR stop update,TRAIL_UPDATE,2026-03-27 06:34:36,20260327_061827_IMX-USDT-SWAP_long
True,pyramid_added,True,"{""units"": 4, ""last_price"": null, ""next_pyramid_price"": 0.1491934105851417, ""retry_after_sec"": null}",ADD_UNIT_CHECK,IMX-USDT-SWAP,unknown,,pyramid_added,2026-03-27 06:34:37,20260327_061827_IMX-USDT-SWAP_long
True,Синхронизация: позиция отсутствует на бирже,True,"{""units"": 2, ""last_price"": null, ""next_pyramid_price"": null, ""retry_after_sec"": null}",EXIT_CHECK,LDO-USDT-SWAP,синхронизация:_позиция_отсутствует_на_бирже,Синхронизация: позиция отсутствует на бирже,position_closed,2026-03-27 06:34:52,20260327_061830_LDO-USDT-SWAP_short
False,нет свежего пробоя Donchian на последней закрытой свече,False,"{""score"": null, ""liquidity_score"": null, ""breakout_distance_atr"": null, ""freshness_score"": null}",ENTRY_CHECK,AAVE-USDT-SWAP,no_fresh_breakout,нет свежего пробоя Donchian на последней закрытой свече,rejected,2026-03-27 06:35:20,
False,нет свежего пробоя Donchian на последней закрытой свече,False,"{""score"": null, ""liquidity_score"": null, ""breakout_distance_atr"": null, ""freshness_score"": null}",ENTRY_CHECK,ADA-USDT-SWAP,no_fresh_breakout,нет свежего пробоя Donchian на последней закрытой свече,rejected,2026-03-27 06:35:23,
False,нет свежего пробоя Donchian на последней закрытой свече,False,"{""score"": null, ""liquidity_score"": null, ""breakout_distance_atr"": null, ""freshness_score"": null}",ENTRY_CHECK,ALGO-USDT-SWAP,no_fresh_breakout,нет свежего пробоя Donchian на последней закрытой свече,rejected,2026-03-27 06:35:28,
False,нет свежего пробоя Donchian на последней закрытой свече,False,"{""score"": null, ""liquidity_score"": null, ""breakout_distance_atr"": null, ""freshness_score"": null}",ENTRY_CHECK,ASTER-USDT-SWAP,no_fresh_breakout,нет свежего пробоя Donchian на последней закрытой свече,rejected,2026-03-27 06:35:33,
False,нет свежего пробоя Donchian на последней закрытой свече,False,"{""score"": null, ""liquidity_score"": null, ""breakout_distance_atr"": null, ""freshness_score"": null}",ENTRY_CHECK,AXS-USDT-SWAP,no_fresh_breakout,нет свежего пробоя Donchian на последней закрытой свече,rejected,2026-03-27 06:35:40,
False,нет свежего пробоя Donchian на последней закрытой свече,False,"{""score"": null, ""liquidity_score"": null, ""breakout_distance_atr"": null, ""freshness_score"": null}",ENTRY_CHECK,BAND-USDT-SWAP,no_fresh_breakout,нет свежего пробоя Donchian на последней закрытой свече,rejected,2026-03-27 06:35:41,
False,нет свежего пробоя Donchian на последней закрытой свече,False,"{""score"": null, ""liquidity_score"": null, ""breakout_distance_atr"": null, ""freshness_score"": null}",ENTRY_CHECK,BOME-USDT-SWAP,no_fresh_breakout,нет свежего пробоя Donchian на последней закрытой свече,rejected,2026-03-27 06:35:49,
False,закрытие не удержалось ниже канала,False,"{""score"": null, ""liquidity_score"": null, ""breakout_distance_atr"": null, ""freshness_score"": null}",ENTRY_CHECK,FIL-USDT-SWAP,закрытие_не_удержалось_ниже_канала,закрытие не удержалось ниже канала,rejected,2026-03-27 06:36:14,
False,нет свежего пробоя Donchian на последней закрытой свече,False,"{""score"": null, ""liquidity_score"": null, ""breakout_distance_atr"": null, ""freshness_score"": null}",ENTRY_CHECK,INJ-USDT-SWAP,no_fresh_breakout,нет свежего пробоя Donchian на последней закрытой свече,rejected,2026-03-27 06:36:27,
False,classic_turtle_breakout_short,True,"{""score"": null, ""liquidity_score"": 1.4498, ""breakout_distance_atr"": 3.4783, ""freshness_score"": 3.4883}",ENTRY_CHECK,KSM-USDT-SWAP,classic_turtle_breakout_short,classic_turtle_breakout_short,candidate,2026-03-27 06:36:33,
False,нет свежего пробоя Donchian на последней закрытой свече,False,"{""score"": null, ""liquidity_score"": null, ""breakout_distance_atr"": null, ""freshness_score"": null}",ENTRY_CHECK,LDO-USDT-SWAP,no_fresh_breakout,нет свежего пробоя Donchian на последней закрытой свече,rejected,2026-03-27 06:36:35,
False,"инструмент недавно закрыт ротацией, повторный вход временно заблокирован",False,"{""score"": null, ""liquidity_score"": null, ""breakout_distance_atr"": null, ""freshness_score"": null}",ENTRY_CHECK,LINK-USDT-SWAP,rotation_block,"инструмент недавно закрыт ротацией, повторный вход временно заблокирован",rejected,2026-03-27 06:36:38,
False,нет свежего пробоя Donchian на последней закрытой свече,False,"{""score"": null, ""liquidity_score"": null, ""breakout_distance_atr"": null, ""freshness_score"": null}",ENTRY_CHECK,LQTY-USDT-SWAP,no_fresh_breakout,нет свежего пробоя Donchian на последней закрытой свече,rejected,2026-03-27 06:36:41,
False,нет свежего пробоя Donchian на последней закрытой свече,False,"{""score"": null, ""liquidity_score"": null, ""breakout_distance_atr"": null, ""freshness_score"": null}",ENTRY_CHECK,OP-USDT-SWAP,no_fresh_breakout,нет свежего пробоя Donchian на последней закрытой свече,rejected,2026-03-27 06:36:56,
False,нет свежего пробоя Donchian на последней закрытой свече,False,"{""score"": null, ""liquidity_score"": null, ""breakout_distance_atr"": null, ""freshness_score"": null}",ENTRY_CHECK,TON-USDT-SWAP,no_fresh_breakout,нет свежего пробоя Donchian на последней закрытой свече,rejected,2026-03-27 06:37:21,
False,нет свежего пробоя Donchian на последней закрытой свече,False,"{""score"": null, ""liquidity_score"": null, ""breakout_distance_atr"": null, ""freshness_score"": null}",ENTRY_CHECK,YGG-USDT-SWAP,no_fresh_breakout,нет свежего пробоя Donchian на последней закрытой свече,rejected,2026-03-27 06:37:41,
False,classic_turtle_breakout_short,True,"{""score"": null, ""liquidity_score"": 1.4498, ""breakout_distance_atr"": 3.4783, ""freshness_score"": 3.4883}",ENTRY_RANK,KSM-USDT-SWAP,classic_turtle_breakout_short,classic_turtle_breakout_short,ranked_candidate,2026-03-27 06:37:46,
False,entry_failed,False,"{""score"": null, ""liquidity_score"": null, ""breakout_distance_atr"": null, ""freshness_score"": null}",ENTRY_EXECUTION,KSM-USDT-SWAP,unknown,,entry_failed,2026-03-27 06:37:48,
False,Service temporarily unavailable. Please try again later.,False,"{""units"": null, ""last_price"": null, ""next_pyramid_price"": null, ""retry_after_sec"": null}",RISK_CHECK,KSM-USDT-SWAP,service_temporarily_unavailable._please_try_again_later.,Service temporarily unavailable. Please try again later.,order_rejected,2026-03-27 06:37:48,
False,нет свежего пробоя Donchian на последней закрытой свече,False,"{""score"": null, ""liquidity_score"": null, ""breakout_distance_atr"": null, ""freshness_score"": null}",ENTRY_CHECK,AAVE-USDT-SWAP,no_fresh_breakout,нет свежего пробоя Donchian на последней закрытой свече,rejected,2026-03-27 06:40:05,
False,нет свежего пробоя Donchian на последней закрытой свече,False,"{""score"": null, ""liquidity_score"": null, ""breakout_distance_atr"": null, ""freshness_score"": null}",ENTRY_CHECK,ADA-USDT-SWAP,no_fresh_breakout,нет свежего пробоя Donchian на последней закрытой свече,rejected,2026-03-27 06:40:07,
False,нет свежего пробоя Donchian на последней закрытой свече,False,"{""score"": null, ""liquidity_score"": null, ""breakout_distance_atr"": null, ""freshness_score"": null}",ENTRY_CHECK,ALGO-USDT-SWAP,no_fresh_breakout,нет свежего пробоя Donchian на последней закрытой свече,rejected,2026-03-27 06:40:12,
False,нет свежего пробоя Donchian на последней закрытой свече,False,"{""score"": null, ""liquidity_score"": null, ""breakout_distance_atr"": null, ""freshness_score"": null}",ENTRY_CHECK,ASTER-USDT-SWAP,no_fresh_breakout,нет свежего пробоя Donchian на последней закрытой свече,rejected,2026-03-27 06:40:16,
False,нет свежего пробоя Donchian на последней закрытой свече,False,"{""score"": null, ""liquidity_score"": null, ""breakout_distance_atr"": null, ""freshness_score"": null}",ENTRY_CHECK,AXS-USDT-SWAP,no_fresh_breakout,нет свежего пробоя Donchian на последней закрытой свече,rejected,2026-03-27 06:40:23,
False,нет свежего пробоя Donchian на последней закрытой свече,False,"{""score"": null, ""liquidity_score"": null, ""breakout_distance_atr"": null, ""freshness_score"": null}",ENTRY_CHECK,BAND-USDT-SWAP,no_fresh_breakout,нет свежего пробоя Donchian на последней закрытой свече,rejected,2026-03-27 06:40:25,
False,нет свежего пробоя Donchian на последней закрытой свече,False,"{""score"": null, ""liquidity_score"": null, ""breakout_distance_atr"": null, ""freshness_score"": null}",ENTRY_CHECK,BOME-USDT-SWAP,no_fresh_breakout,нет свежего пробоя Donchian на последней закрытой свече,rejected,2026-03-27 06:40:33,
False,нет свежего пробоя Donchian на последней закрытой свече,False,"{""score"": null, ""liquidity_score"": null, ""breakout_distance_atr"": null, ""freshness_score"": null}",ENTRY_CHECK,FIL-USDT-SWAP,no_fresh_breakout,нет свежего пробоя Donchian на последней закрытой свече,rejected,2026-03-27 06:40:58,
False,нет свежего пробоя Donchian на последней закрытой свече,False,"{""score"": null, ""liquidity_score"": null, ""breakout_distance_atr"": null, ""freshness_score"": null}",ENTRY_CHECK,INJ-USDT-SWAP,no_fresh_breakout,нет свежего пробоя Donchian на последней закрытой свече,rejected,2026-03-27 06:41:09,
False,нет свежего пробоя Donchian на последней закрытой свече,False,"{""score"": null, ""liquidity_score"": null, ""breakout_distance_atr"": null, ""freshness_score"": null}",ENTRY_CHECK,KSM-USDT-SWAP,no_fresh_breakout,нет свежего пробоя Donchian на последней закрытой свече,rejected,2026-03-27 06:41:15,
False,нет свежего пробоя Donchian на последней закрытой свече,False,"{""score"": null, ""liquidity_score"": null, ""breakout_distance_atr"": null, ""freshness_score"": null}",ENTRY_CHECK,LDO-USDT-SWAP,no_fresh_breakout,нет свежего пробоя Donchian на последней закрытой свече,rejected,2026-03-27 06:41:17,
False,"инструмент недавно закрыт ротацией, повторный вход временно заблокирован",False,"{""score"": null, ""liquidity_score"": null, ""breakout_distance_atr"": null, ""freshness_score"": null}",ENTRY_CHECK,LINK-USDT-SWAP,rotation_block,"инструмент недавно закрыт ротацией, повторный вход временно заблокирован",rejected,2026-03-27 06:41:21,
False,нет свежего пробоя Donchian на последней закрытой свече,False,"{""score"": null, ""liquidity_score"": null, ""breakout_distance_atr"": null, ""freshness_score"": null}",ENTRY_CHECK,LQTY-USDT-SWAP,no_fresh_breakout,нет свежего пробоя Donchian на последней закрытой свече,rejected,2026-03-27 06:41:24,
False,нет свежего пробоя Donchian на последней закрытой свече,False,"{""score"": null, ""liquidity_score"": null, ""breakout_distance_atr"": null, ""freshness_score"": null}",ENTRY_CHECK,OP-USDT-SWAP,no_fresh_breakout,нет свежего пробоя Donchian на последней закрытой свече,rejected,2026-03-27 06:41:38,
False,нет свежего пробоя Donchian на последней закрытой свече,False,"{""score"": null, ""liquidity_score"": null, ""breakout_distance_atr"": null, ""freshness_score"": null}",ENTRY_CHECK,TON-USDT-SWAP,no_fresh_breakout,нет свежего пробоя Donchian на последней закрытой свече,rejected,2026-03-27 06:42:03,
False,нет свежего пробоя Donchian на последней закрытой свече,False,"{""score"": null, ""liquidity_score"": null, ""breakout_distance_atr"": null, ""freshness_score"": null}",ENTRY_CHECK,YGG-USDT-SWAP,no_fresh_breakout,нет свежего пробоя Donchian на последней закрытой свече,rejected,2026-03-27 06:42:21,
False,нет свежего пробоя Donchian на последней закрытой свече,False,"{""score"": null, ""liquidity_score"": null, ""breakout_distance_atr"": null, ""freshness_score"": null}",ENTRY_CHECK,AAVE-USDT-SWAP,no_fresh_breakout,нет свежего пробоя Donchian на последней закрытой свече,rejected,2026-03-27 06:44:48,
False,нет свежего пробоя Donchian на последней закрытой свече,False,"{""score"": null, ""liquidity_score"": null, ""breakout_distance_atr"": null, ""freshness_score"": null}",ENTRY_CHECK,ADA-USDT-SWAP,no_fresh_breakout,нет свежего пробоя Donchian на последней закрытой свече,rejected,2026-03-27 06:44:51,
False,нет свежего пробоя Donchian на последней закрытой свече,False,"{""score"": null, ""liquidity_score"": null, ""breakout_distance_atr"": null, ""freshness_score"": null}",ENTRY_CHECK,ALGO-USDT-SWAP,no_fresh_breakout,нет свежего пробоя Donchian на последней закрытой свече,rejected,2026-03-27 06:44:56,
False,нет свежего пробоя Donchian на последней закрытой свече,False,"{""score"": null, ""liquidity_score"": null, ""breakout_distance_atr"": null, ""freshness_score"": null}",ENTRY_CHECK,ASTER-USDT-SWAP,no_fresh_breakout,нет свежего пробоя Donchian на последней закрытой свече,rejected,2026-03-27 06:45:01,
False,нет свежего пробоя Donchian на последней закрытой свече,False,"{""score"": null, ""liquidity_score"": null, ""breakout_distance_atr"": null, ""freshness_score"": null}",ENTRY_CHECK,AXS-USDT-SWAP,no_fresh_breakout,нет свежего пробоя Donchian на последней закрытой свече,rejected,2026-03-27 06:45:06,
False,нет свежего пробоя Donchian на последней закрытой свече,False,"{""score"": null, ""liquidity_score"": null, ""breakout_distance_atr"": null, ""freshness_score"": null}",ENTRY_CHECK,BAND-USDT-SWAP,no_fresh_breakout,нет свежего пробоя Donchian на последней закрытой свече,rejected,2026-03-27 06:45:07,
False,нет свежего пробоя Donchian на последней закрытой свече,False,"{""score"": null, ""liquidity_score"": null, ""breakout_distance_atr"": null, ""freshness_score"": null}",ENTRY_CHECK,BOME-USDT-SWAP,no_fresh_breakout,нет свежего пробоя Donchian на последней закрытой свече,rejected,2026-03-27 06:45:15,
False,нет свежего пробоя Donchian на последней закрытой свече,False,"{""score"": null, ""liquidity_score"": null, ""breakout_distance_atr"": null, ""freshness_score"": null}",ENTRY_CHECK,FIL-USDT-SWAP,no_fresh_breakout,нет свежего пробоя Donchian на последней закрытой свече,rejected,2026-03-27 06:45:41,
False,нет свежего пробоя Donchian на последней закрытой свече,False,"{""score"": null, ""liquidity_score"": null, ""breakout_distance_atr"": null, ""freshness_score"": null}",ENTRY_CHECK,INJ-USDT-SWAP,no_fresh_breakout,нет свежего пробоя Donchian на последней закрытой свече,rejected,2026-03-27 06:45:54,
False,нет свежего пробоя Donchian на последней закрытой свече,False,"{""score"": null, ""liquidity_score"": null, ""breakout_distance_atr"": null, ""freshness_score"": null}",ENTRY_CHECK,KSM-USDT-SWAP,no_fresh_breakout,нет свежего пробоя Donchian на последней закрытой свече,rejected,2026-03-27 06:46:00,
False,нет свежего пробоя Donchian на последней закрытой свече,False,"{""score"": null, ""liquidity_score"": null, ""breakout_distance_atr"": null, ""freshness_score"": null}",ENTRY_CHECK,LDO-USDT-SWAP,no_fresh_breakout,нет свежего пробоя Donchian на последней закрытой свече,rejected,2026-03-27 06:46:01,
False,нет свежего пробоя Donchian на последней закрытой свече,False,"{""score"": null, ""liquidity_score"": null, ""breakout_distance_atr"": null, ""freshness_score"": null}",ENTRY_CHECK,LINK-USDT-SWAP,no_fresh_breakout,нет свежего пробоя Donchian на последней закрытой свече,rejected,2026-03-27 06:46:04,
False,нет свежего пробоя Donchian на последней закрытой свече,False,"{""score"": null, ""liquidity_score"": null, ""breakout_distance_atr"": null, ""freshness_score"": null}",ENTRY_CHECK,LQTY-USDT-SWAP,no_fresh_breakout,нет свежего пробоя Donchian на последней закрытой свече,rejected,2026-03-27 06:46:06,
False,нет свежего пробоя Donchian на последней закрытой свече,False,"{""score"": null, ""liquidity_score"": null, ""breakout_distance_atr"": null, ""freshness_score"": null}",ENTRY_CHECK,OP-USDT-SWAP,no_fresh_breakout,нет свежего пробоя Donchian на последней закрытой свече,rejected,2026-03-27 06:46:20,
False,нет свежего пробоя Donchian на последней закрытой свече,False,"{""score"": null, ""liquidity_score"": null, ""breakout_distance_atr"": null, ""freshness_score"": null}",ENTRY_CHECK,TON-USDT-SWAP,no_fresh_breakout,нет свежего пробоя Donchian на последней закрытой свече,rejected,2026-03-27 06:46:47,
False,нет свежего пробоя Donchian на последней закрытой свече,False,"{""score"": null, ""liquidity_score"": null, ""breakout_distance_atr"": null, ""freshness_score"": null}",ENTRY_CHECK,YGG-USDT-SWAP,no_fresh_breakout,нет свежего пробоя Donchian на последней закрытой свече,rejected,2026-03-27 06:47:04,
True,ATR stop update,True,"{""price"": 8.21, ""prev_stop_price"": 8.21, ""stop_price"": 8.208, ""peak_unrealized_pnl"": 2.8970000000004528}",STOP_MOVE_CHECK,ETC-USDT-SWAP,unknown,ATR stop update,TRAIL_UPDATE,2026-03-27 06:48:13,20260327_040802_ETC-USDT-SWAP_short
True,ATR stop update,True,"{""price"": 0.17429, ""prev_stop_price"": 0.174035, ""stop_price"": 0.17397200000000002, ""peak_unrealized_pnl"": 0.0}",STOP_MOVE_CHECK,XLM-USDT-SWAP,unknown,ATR stop update,TRAIL_UPDATE,2026-03-27 06:48:43,20260327_061333_XLM-USDT-SWAP_short
False,нет свежего пробоя Donchian на последней закрытой свече,False,"{""score"": null, ""liquidity_score"": null, ""breakout_distance_atr"": null, ""freshness_score"": null}",ENTRY_CHECK,AAVE-USDT-SWAP,no_fresh_breakout,нет свежего пробоя Donchian на последней закрытой свече,rejected,2026-03-27 06:49:31,
False,нет свежего пробоя Donchian на последней закрытой свече,False,"{""score"": null, ""liquidity_score"": null, ""breakout_distance_atr"": null, ""freshness_score"": null}",ENTRY_CHECK,ADA-USDT-SWAP,no_fresh_breakout,нет свежего пробоя Donchian на последней закрытой свече,rejected,2026-03-27 06:49:35,
False,нет свежего пробоя Donchian на последней закрытой свече,False,"{""score"": null, ""liquidity_score"": null, ""breakout_distance_atr"": null, ""freshness_score"": null}",ENTRY_CHECK,ALGO-USDT-SWAP,no_fresh_breakout,нет свежего пробоя Donchian на последней закрытой свече,rejected,2026-03-27 06:49:39,
False,нет свежего пробоя Donchian на последней закрытой свече,False,"{""score"": null, ""liquidity_score"": null, ""breakout_distance_atr"": null, ""freshness_score"": null}",ENTRY_CHECK,ASTER-USDT-SWAP,no_fresh_breakout,нет свежего пробоя Donchian на последней закрытой свече,rejected,2026-03-27 06:49:44,
False,нет свежего пробоя Donchian на последней закрытой свече,False,"{""score"": null, ""liquidity_score"": null, ""breakout_distance_atr"": null, ""freshness_score"": null}",ENTRY_CHECK,AXS-USDT-SWAP,no_fresh_breakout,нет свежего пробоя Donchian на последней закрытой свече,rejected,2026-03-27 06:49:51,
False,нет свежего пробоя Donchian на последней закрытой свече,False,"{""score"": null, ""liquidity_score"": null, ""breakout_distance_atr"": null, ""freshness_score"": null}",ENTRY_CHECK,BOME-USDT-SWAP,no_fresh_breakout,нет свежего пробоя Donchian на последней закрытой свече,rejected,2026-03-27 06:49:58,
False,нет свежего пробоя Donchian на последней закрытой свече,False,"{""score"": null, ""liquidity_score"": null, ""breakout_distance_atr"": null, ""freshness_score"": null}",ENTRY_CHECK,FIL-USDT-SWAP,no_fresh_breakout,нет свежего пробоя Donchian на последней закрытой свече,rejected,2026-03-27 06:50:20,
False,нет свежего пробоя Donchian на последней закрытой свече,False,"{""score"": null, ""liquidity_score"": null, ""breakout_distance_atr"": null, ""freshness_score"": null}",ENTRY_CHECK,INJ-USDT-SWAP,no_fresh_breakout,нет свежего пробоя Donchian на последней закрытой свече,rejected,2026-03-27 06:50:33,
False,нет свежего пробоя Donchian на последней закрытой свече,False,"{""score"": null, ""liquidity_score"": null, ""breakout_distance_atr"": null, ""freshness_score"": null}",ENTRY_CHECK,KAITO-USDT-SWAP,no_fresh_breakout,нет свежего пробоя Donchian на последней закрытой свече,rejected,2026-03-27 06:50:38,
False,нет свежего пробоя Donchian на последней закрытой свече,False,"{""score"": null, ""liquidity_score"": null, ""breakout_distance_atr"": null, ""freshness_score"": null}",ENTRY_CHECK,KSM-USDT-SWAP,no_fresh_breakout,нет свежего пробоя Donchian на последней закрытой свече,rejected,2026-03-27 06:50:40,
False,нет свежего пробоя Donchian на последней закрытой свече,False,"{""score"": null, ""liquidity_score"": null, ""breakout_distance_atr"": null, ""freshness_score"": null}",ENTRY_CHECK,LDO-USDT-SWAP,no_fresh_breakout,нет свежего пробоя Donchian на последней закрытой свече,rejected,2026-03-27 06:50:41,
False,нет свежего пробоя Donchian на последней закрытой свече,False,"{""score"": null, ""liquidity_score"": null, ""breakout_distance_atr"": null, ""freshness_score"": null}",ENTRY_CHECK,LINK-USDT-SWAP,no_fresh_breakout,нет свежего пробоя Donchian на последней закрытой свече,rejected,2026-03-27 06:50:45,
False,нет свежего пробоя Donchian на последней закрытой свече,False,"{""score"": null, ""liquidity_score"": null, ""breakout_distance_atr"": null, ""freshness_score"": null}",ENTRY_CHECK,LQTY-USDT-SWAP,no_fresh_breakout,нет свежего пробоя Donchian на последней закрытой свече,rejected,2026-03-27 06:50:48,
False,нет свежего пробоя Donchian на последней закрытой свече,False,"{""score"": null, ""liquidity_score"": null, ""breakout_distance_atr"": null, ""freshness_score"": null}",ENTRY_CHECK,OP-USDT-SWAP,no_fresh_breakout,нет свежего пробоя Donchian на последней закрытой свече,rejected,2026-03-27 06:51:02,
False,нет свежего пробоя Donchian на последней закрытой свече,False,"{""score"": null, ""liquidity_score"": null, ""breakout_distance_atr"": null, ""freshness_score"": null}",ENTRY_CHECK,TON-USDT-SWAP,no_fresh_breakout,нет свежего пробоя Donchian на последней закрытой свече,rejected,2026-03-27 06:51:28,
False,нет свежего пробоя Donchian на последней закрытой свече,False,"{""score"": null, ""liquidity_score"": null, ""breakout_distance_atr"": null, ""freshness_score"": null}",ENTRY_CHECK,YGG-USDT-SWAP,no_fresh_breakout,нет свежего пробоя Donchian на последней закрытой свече,rejected,2026-03-27 06:51:46,
True,Синхронизация: позиция отсутствует на бирже,True,"{""units"": 4, ""last_price"": null, ""next_pyramid_price"": null, ""retry_after_sec"": null}",EXIT_CHECK,IMX-USDT-SWAP,синхронизация:_позиция_отсутствует_на_бирже,Синхронизация: позиция отсутствует на бирже,position_closed,2026-03-27 06:53:43,20260327_061827_IMX-USDT-SWAP_long
False,нет свежего пробоя Donchian на последней закрытой свече,False,"{""score"": null, ""liquidity_score"": null, ""breakout_distance_atr"": null, ""freshness_score"": null}",ENTRY_CHECK,1INCH-USDT-SWAP,no_fresh_breakout,нет свежего пробоя Donchian на последней закрытой свече,rejected,2026-03-27 06:54:04,
False,нет свежего пробоя Donchian на последней закрытой свече,False,"{""score"": null, ""liquidity_score"": null, ""breakout_distance_atr"": null, ""freshness_score"": null}",ENTRY_CHECK,AAVE-USDT-SWAP,no_fresh_breakout,нет свежего пробоя Donchian на последней закрытой свече,rejected,2026-03-27 06:54:09,
False,нет свежего пробоя Donchian на последней закрытой свече,False,"{""score"": null, ""liquidity_score"": null, ""breakout_distance_atr"": null, ""freshness_score"": null}",ENTRY_CHECK,ALGO-USDT-SWAP,no_fresh_breakout,нет свежего пробоя Donchian на последней закрытой свече,rejected,2026-03-27 06:54:17,
False,нет свежего пробоя Donchian на последней закрытой свече,False,"{""score"": null, ""liquidity_score"": null, ""breakout_distance_atr"": null, ""freshness_score"": null}",ENTRY_CHECK,ASTER-USDT-SWAP,no_fresh_breakout,нет свежего пробоя Donchian на последней закрытой свече,rejected,2026-03-27 06:54:22,
False,нет свежего пробоя Donchian на последней закрытой свече,False,"{""score"": null, ""liquidity_score"": null, ""breakout_distance_atr"": null, ""freshness_score"": null}",ENTRY_CHECK,AXS-USDT-SWAP,no_fresh_breakout,нет свежего пробоя Donchian на последней закрытой свече,rejected,2026-03-27 06:54:27,
False,нет свежего пробоя Donchian на последней закрытой свече,False,"{""score"": null, ""liquidity_score"": null, ""breakout_distance_atr"": null, ""freshness_score"": null}",ENTRY_CHECK,BAND-USDT-SWAP,no_fresh_breakout,нет свежего пробоя Donchian на последней закрытой свече,rejected,2026-03-27 06:54:29,
False,нет свежего пробоя Donchian на последней закрытой свече,False,"{""score"": null, ""liquidity_score"": null, ""breakout_distance_atr"": null, ""freshness_score"": null}",ENTRY_CHECK,BCH-USDT-SWAP,no_fresh_breakout,нет свежего пробоя Donchian на последней закрытой свече,rejected,2026-03-27 06:54:31,
False,нет свежего пробоя Donchian на последней закрытой свече,False,"{""score"": null, ""liquidity_score"": null, ""breakout_distance_atr"": null, ""freshness_score"": null}",ENTRY_CHECK,BOME-USDT-SWAP,no_fresh_breakout,нет свежего пробоя Donchian на последней закрытой свече,rejected,2026-03-27 06:54:38,
False,нет свежего пробоя Donchian на последней закрытой свече,False,"{""score"": null, ""liquidity_score"": null, ""breakout_distance_atr"": null, ""freshness_score"": null}",ENTRY_CHECK,CHZ-USDT-SWAP,no_fresh_breakout,нет свежего пробоя Donchian на последней закрытой свече,rejected,2026-03-27 06:54:49,
False,нет свежего пробоя Donchian на последней закрытой свече,False,"{""score"": null, ""liquidity_score"": null, ""breakout_distance_atr"": null, ""freshness_score"": null}",ENTRY_CHECK,FIL-USDT-SWAP,no_fresh_breakout,нет свежего пробоя Donchian на последней закрытой свече,rejected,2026-03-27 06:55:01,
False,нет свежего пробоя Donchian на последней закрытой свече,False,"{""score"": null, ""liquidity_score"": null, ""breakout_distance_atr"": null, ""freshness_score"": null}",ENTRY_CHECK,INJ-USDT-SWAP,no_fresh_breakout,нет свежего пробоя Donchian на последней закрытой свече,rejected,2026-03-27 06:55:12,
False,нет свежего пробоя Donchian на последней закрытой свече,False,"{""score"": null, ""liquidity_score"": null, ""breakout_distance_atr"": null, ""freshness_score"": null}",ENTRY_CHECK,KAITO-USDT-SWAP,no_fresh_breakout,нет свежего пробоя Donchian на последней закрытой свече,rejected,2026-03-27 06:55:16,
False,нет свежего пробоя Donchian на последней закрытой свече,False,"{""score"": null, ""liquidity_score"": null, ""breakout_distance_atr"": null, ""freshness_score"": null}",ENTRY_CHECK,KSM-USDT-SWAP,no_fresh_breakout,нет свежего пробоя Donchian на последней закрытой свече,rejected,2026-03-27 06:55:17,
False,нет свежего пробоя Donchian на последней закрытой свече,False,"{""score"": null, ""liquidity_score"": null, ""breakout_distance_atr"": null, ""freshness_score"": null}",ENTRY_CHECK,LDO-USDT-SWAP,no_fresh_breakout,нет свежего пробоя Donchian на последней закрытой свече,rejected,2026-03-27 06:55:19,
False,нет свежего пробоя Donchian на последней закрытой свече,False,"{""score"": null, ""liquidity_score"": null, ""breakout_distance_atr"": null, ""freshness_score"": null}",ENTRY_CHECK,LINK-USDT-SWAP,no_fresh_breakout,нет свежего пробоя Donchian на последней закрытой свече,rejected,2026-03-27 06:55:22,
False,нет свежего пробоя Donchian на последней закрытой свече,False,"{""score"": null, ""liquidity_score"": null, ""breakout_distance_atr"": null, ""freshness_score"": null}",ENTRY_CHECK,LQTY-USDT-SWAP,no_fresh_breakout,нет свежего пробоя Donchian на последней закрытой свече,rejected,2026-03-27 06:55:25,
False,нет свежего пробоя Donchian на последней закрытой свече,False,"{""score"": null, ""liquidity_score"": null, ""breakout_distance_atr"": null, ""freshness_score"": null}",ENTRY_CHECK,OP-USDT-SWAP,no_fresh_breakout,нет свежего пробоя Donchian на последней закрытой свече,rejected,2026-03-27 06:55:37,
False,нет свежего пробоя Donchian на последней закрытой свече,False,"{""score"": null, ""liquidity_score"": null, ""breakout_distance_atr"": null, ""freshness_score"": null}",ENTRY_CHECK,SYRUP-USDT-SWAP,no_fresh_breakout,нет свежего пробоя Donchian на последней закрытой свече,rejected,2026-03-27 06:55:59,
False,нет свежего пробоя Donchian на последней закрытой свече,False,"{""score"": null, ""liquidity_score"": null, ""breakout_distance_atr"": null, ""freshness_score"": null}",ENTRY_CHECK,THETA-USDT-SWAP,no_fresh_breakout,нет свежего пробоя Donchian на последней закрытой свече,rejected,2026-03-27 06:56:00,
False,ATR warmup: цена или ATR недоступны после прогрева,False,"{""score"": null, ""liquidity_score"": null, ""breakout_distance_atr"": null, ""freshness_score"": null}",ENTRY_CHECK,TSLA-USDT-SWAP,atr_warmup:_цена_или_atr_недоступны_после_прогрева,ATR warmup: цена или ATR недоступны после прогрева,rejected,2026-03-27 06:56:05,
False,нет свежего пробоя Donchian на последней закрытой свече,False,"{""score"": null, ""liquidity_score"": null, ""breakout_distance_atr"": null, ""freshness_score"": null}",ENTRY_CHECK,YGG-USDT-SWAP,no_fresh_breakout,нет свежего пробоя Donchian на последней закрытой свече,rejected,2026-03-27 06:56:17,
True,ATR stop update,True,"{""price"": 0.0558, ""prev_stop_price"": 0.05588, ""stop_price"": 0.055891, ""peak_unrealized_pnl"": 2.8591500000000254}",STOP_MOVE_CHECK,MINA-USDT-SWAP,unknown,ATR stop update,TRAIL_UPDATE,2026-03-27 06:57:37,20260327_042155_MINA-USDT-SWAP_long
True,ATR stop update,True,"{""price"": 0.02332, ""prev_stop_price"": 0.023261, ""stop_price"": 0.02327, ""peak_unrealized_pnl"": 11.000149999999959}",STOP_MOVE_CHECK,LRC-USDT-SWAP,unknown,ATR stop update,TRAIL_UPDATE,2026-03-27 06:57:48,20260327_051518_LRC-USDT-SWAP_long
False,нет свежего пробоя Donchian на последней закрытой свече,False,"{""score"": null, ""liquidity_score"": null, ""breakout_distance_atr"": null, ""freshness_score"": null}",ENTRY_CHECK,1INCH-USDT-SWAP,no_fresh_breakout,нет свежего пробоя Donchian на последней закрытой свече,rejected,2026-03-27 06:58:14,
False,нет свежего пробоя Donchian на последней закрытой свече,False,"{""score"": null, ""liquidity_score"": null, ""breakout_distance_atr"": null, ""freshness_score"": null}",ENTRY_CHECK,AAVE-USDT-SWAP,no_fresh_breakout,нет свежего пробоя Donchian на последней закрытой свече,rejected,2026-03-27 06:58:19,
False,нет свежего пробоя Donchian на последней закрытой свече,False,"{""score"": null, ""liquidity_score"": null, ""breakout_distance_atr"": null, ""freshness_score"": null}",ENTRY_CHECK,ADA-USDT-SWAP,no_fresh_breakout,нет свежего пробоя Donchian на последней закрытой свече,rejected,2026-03-27 06:58:22,
False,нет свежего пробоя Donchian на последней закрытой свече,False,"{""score"": null, ""liquidity_score"": null, ""breakout_distance_atr"": null, ""freshness_score"": null}",ENTRY_CHECK,ALGO-USDT-SWAP,no_fresh_breakout,нет свежего пробоя Donchian на последней закрытой свече,rejected,2026-03-27 06:58:27,
False,нет свежего пробоя Donchian на последней закрытой свече,False,"{""score"": null, ""liquidity_score"": null, ""breakout_distance_atr"": null, ""freshness_score"": null}",ENTRY_CHECK,ASTER-USDT-SWAP,no_fresh_breakout,нет свежего пробоя Donchian на последней закрытой свече,rejected,2026-03-27 06:58:31,
False,нет свежего пробоя Donchian на последней закрытой свече,False,"{""score"": null, ""liquidity_score"": null, ""breakout_distance_atr"": null, ""freshness_score"": null}",ENTRY_CHECK,AXS-USDT-SWAP,no_fresh_breakout,нет свежего пробоя Donchian на последней закрытой свече,rejected,2026-03-27 06:58:38,
False,нет свежего пробоя Donchian на последней закрытой свече,False,"{""score"": null, ""liquidity_score"": null, ""breakout_distance_atr"": null, ""freshness_score"": null}",ENTRY_CHECK,BAND-USDT-SWAP,no_fresh_breakout,нет свежего пробоя Donchian на последней закрытой свече,rejected,2026-03-27 06:58:39,
False,нет свежего пробоя Donchian на последней закрытой свече,False,"{""score"": null, ""liquidity_score"": null, ""breakout_distance_atr"": null, ""freshness_score"": null}",ENTRY_CHECK,BCH-USDT-SWAP,no_fresh_breakout,нет свежего пробоя Donchian на последней закрытой свече,rejected,2026-03-27 06:58:41,
False,нет свежего пробоя Donchian на последней закрытой свече,False,"{""score"": null, ""liquidity_score"": null, ""breakout_distance_atr"": null, ""freshness_score"": null}",ENTRY_CHECK,BOME-USDT-SWAP,no_fresh_breakout,нет свежего пробоя Donchian на последней закрытой свече,rejected,2026-03-27 06:58:47,
False,нет свежего пробоя Donchian на последней закрытой свече,False,"{""score"": null, ""liquidity_score"": null, ""breakout_distance_atr"": null, ""freshness_score"": null}",ENTRY_CHECK,BTC-USDT-SWAP,no_fresh_breakout,нет свежего пробоя Donchian на последней закрытой свече,rejected,2026-03-27 06:58:49,
False,нет свежего пробоя Donchian на последней закрытой свече,False,"{""score"": null, ""liquidity_score"": null, ""breakout_distance_atr"": null, ""freshness_score"": null}",ENTRY_CHECK,CFX-USDT-SWAP,no_fresh_breakout,нет свежего пробоя Donchian на последней закрытой свече,rejected,2026-03-27 06:58:56,
False,нет свежего пробоя Donchian на последней закрытой свече,False,"{""score"": null, ""liquidity_score"": null, ""breakout_distance_atr"": null, ""freshness_score"": null}",ENTRY_CHECK,CHZ-USDT-SWAP,no_fresh_breakout,нет свежего пробоя Donchian на последней закрытой свече,rejected,2026-03-27 06:58:57,
False,нет свежего пробоя Donchian на последней закрытой свече,False,"{""score"": null, ""liquidity_score"": null, ""breakout_distance_atr"": null, ""freshness_score"": null}",ENTRY_CHECK,COMP-USDT-SWAP,no_fresh_breakout,нет свежего пробоя Donchian на последней закрытой свече,rejected,2026-03-27 06:59:00,
False,нет свежего пробоя Donchian на последней закрытой свече,False,"{""score"": null, ""liquidity_score"": null, ""breakout_distance_atr"": null, ""freshness_score"": null}",ENTRY_CHECK,FIL-USDT-SWAP,no_fresh_breakout,нет свежего пробоя Donchian на последней закрытой свече,rejected,2026-03-27 06:59:10,
False,нет свежего пробоя Donchian на последней закрытой свече,False,"{""score"": null, ""liquidity_score"": null, ""breakout_distance_atr"": null, ""freshness_score"": null}",ENTRY_CHECK,INJ-USDT-SWAP,no_fresh_breakout,нет свежего пробоя Donchian на последней закрытой свече,rejected,2026-03-27 06:59:24,
False,нет свежего пробоя Donchian на последней закрытой свече,False,"{""score"": null, ""liquidity_score"": null, ""breakout_distance_atr"": null, ""freshness_score"": null}",ENTRY_CHECK,KAITO-USDT-SWAP,no_fresh_breakout,нет свежего пробоя Donchian на последней закрытой свече,rejected,2026-03-27 06:59:28,
False,нет свежего пробоя Donchian на последней закрытой свече,False,"{""score"": null, ""liquidity_score"": null, ""breakout_distance_atr"": null, ""freshness_score"": null}",ENTRY_CHECK,KSM-USDT-SWAP,no_fresh_breakout,нет свежего пробоя Donchian на последней закрытой свече,rejected,2026-03-27 06:59:30,
False,нет свежего пробоя Donchian на последней закрытой свече,False,"{""score"": null, ""liquidity_score"": null, ""breakout_distance_atr"": null, ""freshness_score"": null}",ENTRY_CHECK,LDO-USDT-SWAP,no_fresh_breakout,нет свежего пробоя Donchian на последней закрытой свече,rejected,2026-03-27 06:59:32,
False,нет свежего пробоя Donchian на последней закрытой свече,False,"{""score"": null, ""liquidity_score"": null, ""breakout_distance_atr"": null, ""freshness_score"": null}",ENTRY_CHECK,LQTY-USDT-SWAP,no_fresh_breakout,нет свежего пробоя Donchian на последней закрытой свече,rejected,2026-03-27 06:59:39,
False,нет свежего пробоя Donchian на последней закрытой свече,False,"{""score"": null, ""liquidity_score"": null, ""breakout_distance_atr"": null, ""freshness_score"": null}",ENTRY_CHECK,OP-USDT-SWAP,no_fresh_breakout,нет свежего пробоя Donchian на последней закрытой свече,rejected,2026-03-27 06:59:52,
False,нет свежего пробоя Donchian на последней закрытой свече,False,"{""score"": null, ""liquidity_score"": null, ""breakout_distance_atr"": null, ""freshness_score"": null}",ENTRY_CHECK,TON-USDT-SWAP,no_fresh_breakout,нет свежего пробоя Donchian на последней закрытой свече,rejected,2026-03-27 07:00:17,
False,нет свежего пробоя Donchian на последней закрытой свече,False,"{""score"": null, ""liquidity_score"": null, ""breakout_distance_atr"": null, ""freshness_score"": null}",ENTRY_CHECK,YGG-USDT-SWAP,no_fresh_breakout,нет свежего пробоя Donchian на последней закрытой свече,rejected,2026-03-27 07:00:34,
True,ATR stop update,True,"{""price"": 86.36, ""prev_stop_price"": 85.83600000000001, ""stop_price"": 85.82300000000001, ""peak_unrealized_pnl"": 0.0}",STOP_MOVE_CHECK,SOL-USDT-SWAP,unknown,ATR stop update,TRAIL_UPDATE,2026-03-27 07:00:58,20260326_235556_SOL-USDT-SWAP_short
True,ATR stop update,True,"{""price"": 8.19, ""prev_stop_price"": 8.208, ""stop_price"": 8.188000000000002, ""peak_unrealized_pnl"": 2.8970000000004528}",STOP_MOVE_CHECK,ETC-USDT-SWAP,unknown,ATR stop update,TRAIL_UPDATE,2026-03-27 07:01:45,20260327_040802_ETC-USDT-SWAP_short
True,Синхронизация: позиция отсутствует на бирже,True,"{""units"": 1, ""last_price"": null, ""next_pyramid_price"": null, ""retry_after_sec"": null}",EXIT_CHECK,MINA-USDT-SWAP,синхронизация:_позиция_отсутствует_на_бирже,Синхронизация: позиция отсутствует на бирже,position_closed,2026-03-27 07:01:57,20260327_042155_MINA-USDT-SWAP_long
True,ATR stop update,True,"{""price"": 0.02332, ""prev_stop_price"": 0.02327, ""stop_price"": 0.023282999999999998, ""peak_unrealized_pnl"": 11.000149999999959}",STOP_MOVE_CHECK,LRC-USDT-SWAP,unknown,ATR stop update,TRAIL_UPDATE,2026-03-27 07:02:10,20260327_051518_LRC-USDT-SWAP_long
True,ATR stop update,True,"{""price"": 0.17451, ""prev_stop_price"": 0.17397200000000002, ""stop_price"": 0.17394, ""peak_unrealized_pnl"": 0.0}",STOP_MOVE_CHECK,XLM-USDT-SWAP,unknown,ATR stop update,TRAIL_UPDATE,2026-03-27 07:02:21,20260327_061333_XLM-USDT-SWAP_short
False,закрытие не удержалось выше канала,False,"{""score"": null, ""liquidity_score"": null, ""breakout_distance_atr"": null, ""freshness_score"": null}",ENTRY_CHECK,1INCH-USDT-SWAP,закрытие_не_удержалось_выше_канала,закрытие не удержалось выше канала,rejected,2026-03-27 07:02:39,
False,закрытие не удержалось выше канала,False,"{""score"": null, ""liquidity_score"": null, ""breakout_distance_atr"": null, ""freshness_score"": null}",ENTRY_CHECK,1INCH-USDT-SWAP,закрытие_не_удержалось_выше_канала,закрытие не удержалось выше канала,rejected,2026-03-27 07:02:39,
False,нет свежего пробоя Donchian на последней закрытой свече,False,"{""score"": null, ""liquidity_score"": null, ""breakout_distance_atr"": null, ""freshness_score"": null}",ENTRY_CHECK,AAVE-USDT-SWAP,no_fresh_breakout,нет свежего пробоя Donchian на последней закрытой свече,rejected,2026-03-27 07:02:44,
False,закрытие не удержалось ниже канала,False,"{""score"": null, ""liquidity_score"": null, ""breakout_distance_atr"": null, ""freshness_score"": null}",ENTRY_CHECK,ADA-USDT-SWAP,закрытие_не_удержалось_ниже_канала,закрытие не удержалось ниже канала,rejected,2026-03-27 07:02:47,
False,закрытие не удержалось ниже канала,False,"{""score"": null, ""liquidity_score"": null, ""breakout_distance_atr"": null, ""freshness_score"": null}",ENTRY_CHECK,ADA-USDT-SWAP,закрытие_не_удержалось_ниже_канала,закрытие не удержалось ниже канала,rejected,2026-03-27 07:02:47,
False,нет свежего пробоя Donchian на последней закрытой свече,False,"{""score"": null, ""liquidity_score"": null, ""breakout_distance_atr"": null, ""freshness_score"": null}",ENTRY_CHECK,ALGO-USDT-SWAP,no_fresh_breakout,нет свежего пробоя Donchian на последней закрытой свече,rejected,2026-03-27 07:02:52,
False,нет свежего пробоя Donchian на последней закрытой свече,False,"{""score"": null, ""liquidity_score"": null, ""breakout_distance_atr"": null, ""freshness_score"": null}",ENTRY_CHECK,ARB-USDT-SWAP,no_fresh_breakout,нет свежего пробоя Donchian на последней закрытой свече,rejected,2026-03-27 07:02:54,
False,нет свежего пробоя Donchian на последней закрытой свече,False,"{""score"": null, ""liquidity_score"": null, ""breakout_distance_atr"": null, ""freshness_score"": null}",ENTRY_CHECK,BCH-USDT-SWAP,no_fresh_breakout,нет свежего пробоя Donchian на последней закрытой свече,rejected,2026-03-27 07:03:06,
False,нет свежего пробоя Donchian на последней закрытой свече,False,"{""score"": null, ""liquidity_score"": null, ""breakout_distance_atr"": null, ""freshness_score"": null}",ENTRY_CHECK,CFX-USDT-SWAP,no_fresh_breakout,нет свежего пробоя Donchian на последней закрытой свече,rejected,2026-03-27 07:03:23,
False,нет свежего пробоя Donchian на последней закрытой свече,False,"{""score"": null, ""liquidity_score"": null, ""breakout_distance_atr"": null, ""freshness_score"": null}",ENTRY_CHECK,COMP-USDT-SWAP,no_fresh_breakout,нет свежего пробоя Donchian на последней закрытой свече,rejected,2026-03-27 07:03:27,
False,нет свежего пробоя Donchian на последней закрытой свече,False,"{""score"": null, ""liquidity_score"": null, ""breakout_distance_atr"": null, ""freshness_score"": null}",ENTRY_CHECK,FIL-USDT-SWAP,no_fresh_breakout,нет свежего пробоя Donchian на последней закрытой свече,rejected,2026-03-27 07:03:37,
False,нет свежего пробоя Donchian на последней закрытой свече,False,"{""score"": null, ""liquidity_score"": null, ""breakout_distance_atr"": null, ""freshness_score"": null}",ENTRY_CHECK,KSM-USDT-SWAP,no_fresh_breakout,нет свежего пробоя Donchian на последней закрытой свече,rejected,2026-03-27 07:03:55,
False,нет свежего пробоя Donchian на последней закрытой свече,False,"{""score"": null, ""liquidity_score"": null, ""breakout_distance_atr"": null, ""freshness_score"": null}",ENTRY_CHECK,LDO-USDT-SWAP,no_fresh_breakout,нет свежего пробоя Donchian на последней закрытой свече,rejected,2026-03-27 07:03:57,
False,нет свежего пробоя Donchian на последней закрытой свече,False,"{""score"": null, ""liquidity_score"": null, ""breakout_distance_atr"": null, ""freshness_score"": null}",ENTRY_CHECK,MINA-USDT-SWAP,no_fresh_breakout,нет свежего пробоя Donchian на последней закрытой свече,rejected,2026-03-27 07:04:10,
False,нет свежего пробоя Donchian на последней закрытой свече,False,"{""score"": null, ""liquidity_score"": null, ""breakout_distance_atr"": null, ""freshness_score"": null}",ENTRY_CHECK,SUI-USDT-SWAP,no_fresh_breakout,нет свежего пробоя Donchian на последней закрытой свече,rejected,2026-03-27 07:04:36,
False,нет свежего пробоя Donchian на последней закрытой свече,False,"{""score"": null, ""liquidity_score"": null, ""breakout_distance_atr"": null, ""freshness_score"": null}",ENTRY_CHECK,SYRUP-USDT-SWAP,no_fresh_breakout,нет свежего пробоя Donchian на последней закрытой свече,rejected,2026-03-27 07:04:38,
False,нет свежего пробоя Donchian на последней закрытой свече,False,"{""score"": null, ""liquidity_score"": null, ""breakout_distance_atr"": null, ""freshness_score"": null}",ENTRY_CHECK,TON-USDT-SWAP,no_fresh_breakout,нет свежего пробоя Donchian на последней закрытой свече,rejected,2026-03-27 07:04:41,
False,нет свежего пробоя Donchian на последней закрытой свече,False,"{""score"": null, ""liquidity_score"": null, ""breakout_distance_atr"": null, ""freshness_score"": null}",ENTRY_CHECK,TSLA-USDT-SWAP,no_fresh_breakout,нет свежего пробоя Donchian на последней закрытой свече,rejected,2026-03-27 07:04:46,
False,нет свежего пробоя Donchian на последней закрытой свече,False,"{""score"": null, ""liquidity_score"": null, ""breakout_distance_atr"": null, ""freshness_score"": null}",ENTRY_CHECK,YGG-USDT-SWAP,no_fresh_breakout,нет свежего пробоя Donchian на последней закрытой свече,rejected,2026-03-27 07:05:00,
True,pyramid_added,True,"{""units"": 2, ""last_price"": null, ""next_pyramid_price"": 0.091845, ""retry_after_sec"": null}",ADD_UNIT_CHECK,DOGE-USDT-SWAP,unknown,,pyramid_added,2026-03-27 07:05:58,20260327_021929_DOGE-USDT-SWAP_short
True,ATR stop update,True,"{""price"": 8.16, ""prev_stop_price"": 8.188000000000002, ""stop_price"": 8.180000000000001, ""peak_unrealized_pnl"": 20.27900000000008}",STOP_MOVE_CHECK,ETC-USDT-SWAP,unknown,ATR stop update,TRAIL_UPDATE,2026-03-27 07:06:11,20260327_040802_ETC-USDT-SWAP_short
True,pyramid_added,True,"{""units"": 3, ""last_price"": null, ""next_pyramid_price"": 8.1775, ""retry_after_sec"": null}",ADD_UNIT_CHECK,ETC-USDT-SWAP,unknown,,pyramid_added,2026-03-27 07:06:12,20260327_040802_ETC-USDT-SWAP_short
False,закрытие не удержалось ниже канала,False,"{""score"": null, ""liquidity_score"": null, ""breakout_distance_atr"": null, ""freshness_score"": null}",ENTRY_CHECK,1INCH-USDT-SWAP,закрытие_не_удержалось_ниже_канала,закрытие не удержалось ниже канала,rejected,2026-03-27 07:07:04,
False,закрытие не удержалось ниже канала,False,"{""score"": null, ""liquidity_score"": null, ""breakout_distance_atr"": null, ""freshness_score"": null}",ENTRY_CHECK,1INCH-USDT-SWAP,закрытие_не_удержалось_ниже_канала,закрытие не удержалось ниже канала,rejected,2026-03-27 07:07:04,
False,classic_turtle_breakout_short,True,"{""score"": null, ""liquidity_score"": 3.0493, ""breakout_distance_atr"": 1.573, ""freshness_score"": 1.6579}",ENTRY_CHECK,AAVE-USDT-SWAP,classic_turtle_breakout_short,classic_turtle_breakout_short,candidate,2026-03-27 07:07:04,
False,нет свежего пробоя Donchian на последней закрытой свече,False,"{""score"": null, ""liquidity_score"": null, ""breakout_distance_atr"": null, ""freshness_score"": null}",ENTRY_CHECK,ADA-USDT-SWAP,no_fresh_breakout,нет свежего пробоя Donchian на последней закрытой свече,rejected,2026-03-27 07:07:04,
False,закрытие не удержалось ниже канала,False,"{""score"": null, ""liquidity_score"": null, ""breakout_distance_atr"": null, ""freshness_score"": null}",ENTRY_CHECK,ALGO-USDT-SWAP,закрытие_не_удержалось_ниже_канала,закрытие не удержалось ниже канала,rejected,2026-03-27 07:07:04,
False,oversized breakout candle 9.69 ATR > 3.50 ATR,False,"{""score"": null, ""liquidity_score"": null, ""breakout_distance_atr"": 5.3875, ""freshness_score"": null}",ENTRY_CHECK,AXS-USDT-SWAP,oversized_breakout_candle_9.69_atr_>_3.50_atr,oversized breakout candle 9.69 ATR > 3.50 ATR,rejected,2026-03-27 07:07:13,
False,нет свежего пробоя Donchian на последней закрытой свече,False,"{""score"": null, ""liquidity_score"": null, ""breakout_distance_atr"": null, ""freshness_score"": null}",ENTRY_CHECK,CFX-USDT-SWAP,no_fresh_breakout,нет свежего пробоя Donchian на последней закрытой свече,rejected,2026-03-27 07:07:31,
False,oversized breakout candle 4.18 ATR > 3.50 ATR,False,"{""score"": null, ""liquidity_score"": null, ""breakout_distance_atr"": 1.194, ""freshness_score"": null}",ENTRY_CHECK,CHZ-USDT-SWAP,oversized_breakout_candle_4.18_atr_>_3.50_atr,oversized breakout candle 4.18 ATR > 3.50 ATR,rejected,2026-03-27 07:07:32,
False,закрытие не удержалось ниже канала,False,"{""score"": null, ""liquidity_score"": null, ""breakout_distance_atr"": null, ""freshness_score"": null}",ENTRY_CHECK,FIL-USDT-SWAP,закрытие_не_удержалось_ниже_канала,закрытие не удержалось ниже канала,rejected,2026-03-27 07:07:46,
False,закрытие не удержалось ниже канала,False,"{""score"": null, ""liquidity_score"": null, ""breakout_distance_atr"": null, ""freshness_score"": null}",ENTRY_CHECK,FIL-USDT-SWAP,закрытие_не_удержалось_ниже_канала,закрытие не удержалось ниже канала,rejected,2026-03-27 07:07:46,
False,oversized breakout candle 4.56 ATR > 3.50 ATR,False,"{""score"": null, ""liquidity_score"": null, ""breakout_distance_atr"": 1.4035, ""freshness_score"": null}",ENTRY_CHECK,INJ-USDT-SWAP,oversized_breakout_candle_4.56_atr_>_3.50_atr,oversized breakout candle 4.56 ATR > 3.50 ATR,rejected,2026-03-27 07:08:00,
False,нет свежего пробоя Donchian на последней закрытой свече,False,"{""score"": null, ""liquidity_score"": null, ""breakout_distance_atr"": null, ""freshness_score"": null}",ENTRY_CHECK,KAITO-USDT-SWAP,no_fresh_breakout,нет свежего пробоя Donchian на последней закрытой свече,rejected,2026-03-27 07:08:04,
False,нет свежего пробоя Donchian на последней закрытой свече,False,"{""score"": null, ""liquidity_score"": null, ""breakout_distance_atr"": null, ""freshness_score"": null}",ENTRY_CHECK,LDO-USDT-SWAP,no_fresh_breakout,нет свежего пробоя Donchian на последней закрытой свече,rejected,2026-03-27 07:08:07,
False,oversized breakout candle 4.05 ATR > 3.50 ATR,False,"{""score"": null, ""liquidity_score"": null, ""breakout_distance_atr"": 1.9608, ""freshness_score"": null}",ENTRY_CHECK,MINA-USDT-SWAP,oversized_breakout_candle_4.05_atr_>_3.50_atr,oversized breakout candle 4.05 ATR > 3.50 ATR,rejected,2026-03-27 07:08:20,
False,oversized breakout candle 4.05 ATR > 3.50 ATR,False,"{""score"": null, ""liquidity_score"": null, ""breakout_distance_atr"": 3.7908, ""freshness_score"": null}",ENTRY_CHECK,MINA-USDT-SWAP,oversized_breakout_candle_4.05_atr_>_3.50_atr,oversized breakout candle 4.05 ATR > 3.50 ATR,rejected,2026-03-27 07:08:20,
False,закрытие не удержалось ниже канала,False,"{""score"": null, ""liquidity_score"": null, ""breakout_distance_atr"": null, ""freshness_score"": null}",ENTRY_CHECK,SUI-USDT-SWAP,закрытие_не_удержалось_ниже_канала,закрытие не удержалось ниже канала,rejected,2026-03-27 07:08:46,
False,classic_turtle_breakout_short,True,"{""score"": null, ""liquidity_score"": 303.2769, ""breakout_distance_atr"": 2.2945, ""freshness_score"": 2.4096}",ENTRY_CHECK,SUI-USDT-SWAP,classic_turtle_breakout_short,classic_turtle_breakout_short,candidate,2026-03-27 07:08:46,
False,нет свежего пробоя Donchian на последней закрытой свече,False,"{""score"": null, ""liquidity_score"": null, ""breakout_distance_atr"": null, ""freshness_score"": null}",ENTRY_CHECK,TSLA-USDT-SWAP,no_fresh_breakout,нет свежего пробоя Donchian на последней закрытой свече,rejected,2026-03-27 07:08:56,
False,нет свежего пробоя Donchian на последней закрытой свече,False,"{""score"": null, ""liquidity_score"": null, ""breakout_distance_atr"": null, ""freshness_score"": null}",ENTRY_CHECK,YGG-USDT-SWAP,no_fresh_breakout,нет свежего пробоя Donchian на последней закрытой свече,rejected,2026-03-27 07:09:08,
False,classic_turtle_breakout_short,True,"{""score"": null, ""liquidity_score"": 3.0493, ""breakout_distance_atr"": 1.573, ""freshness_score"": 1.6579}",ENTRY_RANK,AAVE-USDT-SWAP,classic_turtle_breakout_short,classic_turtle_breakout_short,ranked_candidate,2026-03-27 07:09:12,
False,classic_turtle_breakout_short,True,"{""score"": null, ""liquidity_score"": 303.2769, ""breakout_distance_atr"": 2.2945, ""freshness_score"": 2.4096}",ENTRY_RANK,SUI-USDT-SWAP,classic_turtle_breakout_short,classic_turtle_breakout_short,ranked_candidate,2026-03-27 07:09:12,
False,entry_failed,False,"{""score"": null, ""liquidity_score"": null, ""breakout_distance_atr"": null, ""freshness_score"": null}",ENTRY_EXECUTION,AAVE-USDT-SWAP,unknown,,entry_failed,2026-03-27 07:09:15,
True,entry_sent,True,"{""score"": null, ""liquidity_score"": null, ""breakout_distance_atr"": 2.2945, ""freshness_score"": null}",ENTRY_EXECUTION,SUI-USDT-SWAP,unknown,,entry_sent,2026-03-27 07:09:15,
True,position_opened,True,"{""units"": null, ""last_price"": null, ""next_pyramid_price"": null, ""retry_after_sec"": null}",ENTRY_EXECUTION,SUI-USDT-SWAP,unknown,,position_opened,2026-03-27 07:09:15,20260327_070914_SUI-USDT-SWAP_short
True,ATR stop update,True,"{""price"": 0.0917, ""prev_stop_price"": 0.09198500000000001, ""stop_price"": 0.09193, ""peak_unrealized_pnl"": 9.329600000000191}",STOP_MOVE_CHECK,DOGE-USDT-SWAP,unknown,ATR stop update,TRAIL_UPDATE,2026-03-27 07:10:13,20260327_021929_DOGE-USDT-SWAP_short
True,pyramid_added,True,"{""units"": 3, ""last_price"": null, ""next_pyramid_price"": 0.0917925, ""retry_after_sec"": null}",ADD_UNIT_CHECK,DOGE-USDT-SWAP,unknown,,pyramid_added,2026-03-27 07:10:14,20260327_021929_DOGE-USDT-SWAP_short
True,pyramid_added,True,"{""units"": 4, ""last_price"": null, ""next_pyramid_price"": 8.165333333333333, ""retry_after_sec"": null}",ADD_UNIT_CHECK,ETC-USDT-SWAP,unknown,,pyramid_added,2026-03-27 07:10:27,20260327_040802_ETC-USDT-SWAP_short
True,pyramid_added,True,"{""units"": 3, ""last_price"": null, ""next_pyramid_price"": 0.02332849625, ""retry_after_sec"": null}",ADD_UNIT_CHECK,LRC-USDT-SWAP,unknown,,pyramid_added,2026-03-27 07:10:38,20260327_051518_LRC-USDT-SWAP_long
True,ATR stop update,True,"{""price"": 0.02339, ""prev_stop_price"": 0.023282999999999998, ""stop_price"": 0.023336000000000003, ""peak_unrealized_pnl"": 11.000149999999959}",STOP_MOVE_CHECK,LRC-USDT-SWAP,unknown,ATR stop update,TRAIL_UPDATE,2026-03-27 07:10:38,20260327_051518_LRC-USDT-SWAP_long
True,pyramid_added,True,"{""units"": 2, ""last_price"": null, ""next_pyramid_price"": 0.1735235042504959, ""retry_after_sec"": null}",ADD_UNIT_CHECK,XLM-USDT-SWAP,unknown,,pyramid_added,2026-03-27 07:10:53,20260327_061333_XLM-USDT-SWAP_short
True,ATR stop update,True,"{""price"": 0.17318, ""prev_stop_price"": 0.17394, ""stop_price"": 0.173646, ""peak_unrealized_pnl"": 0.0}",STOP_MOVE_CHECK,XLM-USDT-SWAP,unknown,ATR stop update,TRAIL_UPDATE,2026-03-27 07:10:53,20260327_061333_XLM-USDT-SWAP_short
False,нет свежего пробоя Donchian на последней закрытой свече,False,"{""score"": null, ""liquidity_score"": null, ""breakout_distance_atr"": null, ""freshness_score"": null}",ENTRY_CHECK,1INCH-USDT-SWAP,no_fresh_breakout,нет свежего пробоя Donchian на последней закрытой свече,rejected,2026-03-27 07:11:34,
False,нет свежего пробоя Donchian на последней закрытой свече,False,"{""score"": null, ""liquidity_score"": null, ""breakout_distance_atr"": null, ""freshness_score"": null}",ENTRY_CHECK,AAVE-USDT-SWAP,no_fresh_breakout,нет свежего пробоя Donchian на последней закрытой свече,rejected,2026-03-27 07:11:38,
False,нет свежего пробоя Donchian на последней закрытой свече,False,"{""score"": null, ""liquidity_score"": null, ""breakout_distance_atr"": null, ""freshness_score"": null}",ENTRY_CHECK,ADA-USDT-SWAP,no_fresh_breakout,нет свежего пробоя Donchian на последней закрытой свече,rejected,2026-03-27 07:11:41,
False,нет свежего пробоя Donchian на последней закрытой свече,False,"{""score"": null, ""liquidity_score"": null, ""breakout_distance_atr"": null, ""freshness_score"": null}",ENTRY_CHECK,ALGO-USDT-SWAP,no_fresh_breakout,нет свежего пробоя Donchian на последней закрытой свече,rejected,2026-03-27 07:11:46,
False,нет свежего пробоя Donchian на последней закрытой свече,False,"{""score"": null, ""liquidity_score"": null, ""breakout_distance_atr"": null, ""freshness_score"": null}",ENTRY_CHECK,ARB-USDT-SWAP,no_fresh_breakout,нет свежего пробоя Donchian на последней закрытой свече,rejected,2026-03-27 07:11:47,
False,classic_turtle_breakout_short,True,"{""score"": null, ""liquidity_score"": 18.1935, ""breakout_distance_atr"": 0.7207, ""freshness_score"": 0.7307}",ENTRY_CHECK,ASTER-USDT-SWAP,classic_turtle_breakout_short,classic_turtle_breakout_short,candidate,2026-03-27 07:11:48,
False,oversized breakout candle 6.15 ATR > 3.50 ATR,False,"{""score"": null, ""liquidity_score"": null, ""breakout_distance_atr"": 3.0769, ""freshness_score"": null}",ENTRY_CHECK,BAND-USDT-SWAP,oversized_breakout_candle_6.15_atr_>_3.50_atr,oversized breakout candle 6.15 ATR > 3.50 ATR,rejected,2026-03-27 07:11:48,
False,нет свежего пробоя Donchian на последней закрытой свече,False,"{""score"": null, ""liquidity_score"": null, ""breakout_distance_atr"": null, ""freshness_score"": null}",ENTRY_CHECK,BCH-USDT-SWAP,no_fresh_breakout,нет свежего пробоя Donchian на последней закрытой свече,rejected,2026-03-27 07:11:49,
False,нет свежего пробоя Donchian на последней закрытой свече,False,"{""score"": null, ""liquidity_score"": null, ""breakout_distance_atr"": null, ""freshness_score"": null}",ENTRY_CHECK,BTC-USDT-SWAP,no_fresh_breakout,нет свежего пробоя Donchian на последней закрытой свече,rejected,2026-03-27 07:11:55,
False,нет свежего пробоя Donchian на последней закрытой свече,False,"{""score"": null, ""liquidity_score"": null, ""breakout_distance_atr"": null, ""freshness_score"": null}",ENTRY_CHECK,CHZ-USDT-SWAP,no_fresh_breakout,нет свежего пробоя Donchian на последней закрытой свече,rejected,2026-03-27 07:12:03,
False,classic_turtle_breakout_short,True,"{""score"": null, ""liquidity_score"": 4.7159, ""breakout_distance_atr"": 2.7586, ""freshness_score"": 2.7686}",ENTRY_CHECK,COMP-USDT-SWAP,classic_turtle_breakout_short,classic_turtle_breakout_short,candidate,2026-03-27 07:12:06,
False,classic_turtle_breakout_short,True,"{""score"": null, ""liquidity_score"": 4.7159, ""breakout_distance_atr"": 2.7586, ""freshness_score"": 2.7686}",ENTRY_CHECK,COMP-USDT-SWAP,classic_turtle_breakout_short,classic_turtle_breakout_short,candidate,2026-03-27 07:12:06,
False,нет свежего пробоя Donchian на последней закрытой свече,False,"{""score"": null, ""liquidity_score"": null, ""breakout_distance_atr"": null, ""freshness_score"": null}",ENTRY_CHECK,FIL-USDT-SWAP,no_fresh_breakout,нет свежего пробоя Donchian на последней закрытой свече,rejected,2026-03-27 07:12:17,
False,нет свежего пробоя Donchian на последней закрытой свече,False,"{""score"": null, ""liquidity_score"": null, ""breakout_distance_atr"": null, ""freshness_score"": null}",ENTRY_CHECK,INJ-USDT-SWAP,no_fresh_breakout,нет свежего пробоя Donchian на последней закрытой свече,rejected,2026-03-27 07:12:31,
False,нет свежего пробоя Donchian на последней закрытой свече,False,"{""score"": null, ""liquidity_score"": null, ""breakout_distance_atr"": null, ""freshness_score"": null}",ENTRY_CHECK,IOTA-USDT-SWAP,no_fresh_breakout,нет свежего пробоя Donchian на последней закрытой свече,rejected,2026-03-27 07:12:32,
False,нет свежего пробоя Donchian на последней закрытой свече,False,"{""score"": null, ""liquidity_score"": null, ""breakout_distance_atr"": null, ""freshness_score"": null}",ENTRY_CHECK,KAITO-USDT-SWAP,no_fresh_breakout,нет свежего пробоя Donchian на последней закрытой свече,rejected,2026-03-27 07:12:35,
False,нет свежего пробоя Donchian на последней закрытой свече,False,"{""score"": null, ""liquidity_score"": null, ""breakout_distance_atr"": null, ""freshness_score"": null}",ENTRY_CHECK,KSM-USDT-SWAP,no_fresh_breakout,нет свежего пробоя Donchian на последней закрытой свече,rejected,2026-03-27 07:12:36,
False,classic_turtle_breakout_short,True,"{""score"": null, ""liquidity_score"": 7.8934, ""breakout_distance_atr"": 0.2564, ""freshness_score"": 0.2664}",ENTRY_CHECK,LDO-USDT-SWAP,classic_turtle_breakout_short,classic_turtle_breakout_short,candidate,2026-03-27 07:12:39,
False,нет свежего пробоя Donchian на последней закрытой свече,False,"{""score"": null, ""liquidity_score"": null, ""breakout_distance_atr"": null, ""freshness_score"": null}",ENTRY_CHECK,LQTY-USDT-SWAP,no_fresh_breakout,нет свежего пробоя Donchian на последней закрытой свече,rejected,2026-03-27 07:12:43,
False,нет свежего пробоя Donchian на последней закрытой свече,False,"{""score"": null, ""liquidity_score"": null, ""breakout_distance_atr"": null, ""freshness_score"": null}",ENTRY_CHECK,MINA-USDT-SWAP,no_fresh_breakout,нет свежего пробоя Donchian на последней закрытой свече,rejected,2026-03-27 07:12:51,
False,classic_turtle_breakout_short,True,"{""score"": null, ""liquidity_score"": 6.1606, ""breakout_distance_atr"": 2.3529, ""freshness_score"": 2.3629}",ENTRY_CHECK,SYRUP-USDT-SWAP,classic_turtle_breakout_short,classic_turtle_breakout_short,candidate,2026-03-27 07:13:18,
False,classic_turtle_breakout_short,True,"{""score"": null, ""liquidity_score"": 6.1606, ""breakout_distance_atr"": 2.3529, ""freshness_score"": 2.3629}",ENTRY_CHECK,SYRUP-USDT-SWAP,classic_turtle_breakout_short,classic_turtle_breakout_short,candidate,2026-03-27 07:13:18,
False,нет свежего пробоя Donchian на последней закрытой свече,False,"{""score"": null, ""liquidity_score"": null, ""breakout_distance_atr"": null, ""freshness_score"": null}",ENTRY_CHECK,TON-USDT-SWAP,no_fresh_breakout,нет свежего пробоя Donchian на последней закрытой свече,rejected,2026-03-27 07:13:22,
False,нет свежего пробоя Donchian на последней закрытой свече,False,"{""score"": null, ""liquidity_score"": null, ""breakout_distance_atr"": null, ""freshness_score"": null}",ENTRY_CHECK,TSLA-USDT-SWAP,no_fresh_breakout,нет свежего пробоя Donchian на последней закрытой свече,rejected,2026-03-27 07:13:27,
False,нет свежего пробоя Donchian на последней закрытой свече,False,"{""score"": null, ""liquidity_score"": null, ""breakout_distance_atr"": null, ""freshness_score"": null}",ENTRY_CHECK,YGG-USDT-SWAP,no_fresh_breakout,нет свежего пробоя Donchian на последней закрытой свече,rejected,2026-03-27 07:13:40,
False,classic_turtle_breakout_short,True,"{""score"": null, ""liquidity_score"": 18.1935, ""breakout_distance_atr"": 0.7207, ""freshness_score"": 0.7307}",ENTRY_RANK,ASTER-USDT-SWAP,classic_turtle_breakout_short,classic_turtle_breakout_short,ranked_candidate,2026-03-27 07:13:45,
False,classic_turtle_breakout_short,True,"{""score"": null, ""liquidity_score"": 4.7159, ""breakout_distance_atr"": 2.7586, ""freshness_score"": 2.7686}",ENTRY_RANK,COMP-USDT-SWAP,classic_turtle_breakout_short,classic_turtle_breakout_short,ranked_candidate,2026-03-27 07:13:45,
False,classic_turtle_breakout_short,True,"{""score"": null, ""liquidity_score"": 4.7159, ""breakout_distance_atr"": 2.7586, ""freshness_score"": 2.7686}",ENTRY_RANK,COMP-USDT-SWAP,classic_turtle_breakout_short,classic_turtle_breakout_short,ranked_candidate,2026-03-27 07:13:45,
False,entry_failed,False,"{""score"": null, ""liquidity_score"": null, ""breakout_distance_atr"": null, ""freshness_score"": null}",ENTRY_EXECUTION,COMP-USDT-SWAP,unknown,,entry_failed,2026-03-27 07:13:45,
False,classic_turtle_breakout_short,True,"{""score"": null, ""liquidity_score"": 7.8934, ""breakout_distance_atr"": 0.2564, ""freshness_score"": 0.2664}",ENTRY_RANK,LDO-USDT-SWAP,classic_turtle_breakout_short,classic_turtle_breakout_short,ranked_candidate,2026-03-27 07:13:45,
False,classic_turtle_breakout_short,True,"{""score"": null, ""liquidity_score"": 6.1606, ""breakout_distance_atr"": 2.3529, ""freshness_score"": 2.3629}",ENTRY_RANK,SYRUP-USDT-SWAP,classic_turtle_breakout_short,classic_turtle_breakout_short,ranked_candidate,2026-03-27 07:13:45,
False,classic_turtle_breakout_short,True,"{""score"": null, ""liquidity_score"": 6.1606, ""breakout_distance_atr"": 2.3529, ""freshness_score"": 2.3629}",ENTRY_RANK,SYRUP-USDT-SWAP,classic_turtle_breakout_short,classic_turtle_breakout_short,ranked_candidate,2026-03-27 07:13:45,
True,entry_sent,True,"{""score"": null, ""liquidity_score"": null, ""breakout_distance_atr"": 2.3529, ""freshness_score"": null}",ENTRY_EXECUTION,SYRUP-USDT-SWAP,unknown,,entry_sent,2026-03-27 07:13:48,
True,position_opened,True,"{""units"": null, ""last_price"": null, ""next_pyramid_price"": null, ""retry_after_sec"": null}",ENTRY_EXECUTION,SYRUP-USDT-SWAP,unknown,,position_opened,2026-03-27 07:13:48,20260327_071347_SYRUP-USDT-SWAP_short
False,entry_failed,False,"{""score"": null, ""liquidity_score"": null, ""breakout_distance_atr"": null, ""freshness_score"": null}",ENTRY_EXECUTION,COMP-USDT-SWAP,unknown,,entry_failed,2026-03-27 07:13:50,
False,entry_failed,False,"{""score"": null, ""liquidity_score"": null, ""breakout_distance_atr"": null, ""freshness_score"": null}",ENTRY_EXECUTION,LDO-USDT-SWAP,unknown,,entry_failed,2026-03-27 07:13:50,
False,Your SL price should be higher than the primary order price.,False,"{""units"": null, ""last_price"": null, ""next_pyramid_price"": null, ""retry_after_sec"": null}",RISK_CHECK,LDO-USDT-SWAP,your_sl_price_should_be_higher_than_the_primary_order_price.,Your SL price should be higher than the primary order price.,order_rejected,2026-03-27 07:13:50,
False,entry_failed,False,"{""score"": null, ""liquidity_score"": null, ""breakout_distance_atr"": null, ""freshness_score"": null}",ENTRY_EXECUTION,ASTER-USDT-SWAP,unknown,,entry_failed,2026-03-27 07:13:51,
True,ATR stop update,True,"{""price"": 0.9202, ""prev_stop_price"": 0.93271, ""stop_price"": 0.9220480000000001, ""peak_unrealized_pnl"": 0.2080700000005518}",STOP_MOVE_CHECK,SUI-USDT-SWAP,unknown,ATR stop update,TRAIL_UPDATE,2026-03-27 07:15:27,20260327_070914_SUI-USDT-SWAP_short
True,pyramid_added,True,"{""units"": 2, ""last_price"": null, ""next_pyramid_price"": 0.21572249999999998, ""retry_after_sec"": null}",ADD_UNIT_CHECK,SYRUP-USDT-SWAP,unknown,,pyramid_added,2026-03-27 07:15:32,20260327_071347_SYRUP-USDT-SWAP_short
False,нет свежего пробоя Donchian на последней закрытой свече,False,"{""score"": null, ""liquidity_score"": null, ""breakout_distance_atr"": null, ""freshness_score"": null}",ENTRY_CHECK,1INCH-USDT-SWAP,no_fresh_breakout,нет свежего пробоя Donchian на последней закрытой свече,rejected,2026-03-27 07:15:55,
False,нет свежего пробоя Donchian на последней закрытой свече,False,"{""score"": null, ""liquidity_score"": null, ""breakout_distance_atr"": null, ""freshness_score"": null}",ENTRY_CHECK,AAVE-USDT-SWAP,no_fresh_breakout,нет свежего пробоя Donchian на последней закрытой свече,rejected,2026-03-27 07:16:00,
False,нет свежего пробоя Donchian на последней закрытой свече,False,"{""score"": null, ""liquidity_score"": null, ""breakout_distance_atr"": null, ""freshness_score"": null}",ENTRY_CHECK,ALGO-USDT-SWAP,no_fresh_breakout,нет свежего пробоя Donchian на последней закрытой свече,rejected,2026-03-27 07:16:07,
False,нет свежего пробоя Donchian на последней закрытой свече,False,"{""score"": null, ""liquidity_score"": null, ""breakout_distance_atr"": null, ""freshness_score"": null}",ENTRY_CHECK,BAND-USDT-SWAP,no_fresh_breakout,нет свежего пробоя Donchian на последней закрытой свече,rejected,2026-03-27 07:16:18,
False,нет свежего пробоя Donchian на последней закрытой свече,False,"{""score"": null, ""liquidity_score"": null, ""breakout_distance_atr"": null, ""freshness_score"": null}",ENTRY_CHECK,BCH-USDT-SWAP,no_fresh_breakout,нет свежего пробоя Donchian на последней закрытой свече,rejected,2026-03-27 07:16:19,
False,нет свежего пробоя Donchian на последней закрытой свече,False,"{""score"": null, ""liquidity_score"": null, ""breakout_distance_atr"": null, ""freshness_score"": null}",ENTRY_CHECK,BTC-USDT-SWAP,no_fresh_breakout,нет свежего пробоя Donchian на последней закрытой свече,rejected,2026-03-27 07:16:23,
False,нет свежего пробоя Donchian на последней закрытой свече,False,"{""score"": null, ""liquidity_score"": null, ""breakout_distance_atr"": null, ""freshness_score"": null}",ENTRY_CHECK,FIL-USDT-SWAP,no_fresh_breakout,нет свежего пробоя Donchian на последней закрытой свече,rejected,2026-03-27 07:16:34,
False,нет свежего пробоя Donchian на последней закрытой свече,False,"{""score"": null, ""liquidity_score"": null, ""breakout_distance_atr"": null, ""freshness_score"": null}",ENTRY_CHECK,KAITO-USDT-SWAP,no_fresh_breakout,нет свежего пробоя Donchian на последней закрытой свече,rejected,2026-03-27 07:16:52,
False,нет свежего пробоя Donchian на последней закрытой свече,False,"{""score"": null, ""liquidity_score"": null, ""breakout_distance_atr"": null, ""freshness_score"": null}",ENTRY_CHECK,KSM-USDT-SWAP,no_fresh_breakout,нет свежего пробоя Donchian на последней закрытой свече,rejected,2026-03-27 07:16:54,
False,закрытие не удержалось ниже канала,False,"{""score"": null, ""liquidity_score"": null, ""breakout_distance_atr"": null, ""freshness_score"": null}",ENTRY_CHECK,LDO-USDT-SWAP,закрытие_не_удержалось_ниже_канала,закрытие не удержалось ниже канала,rejected,2026-03-27 07:16:56,
False,нет свежего пробоя Donchian на последней закрытой свече,False,"{""score"": null, ""liquidity_score"": null, ""breakout_distance_atr"": null, ""freshness_score"": null}",ENTRY_CHECK,MINA-USDT-SWAP,no_fresh_breakout,нет свежего пробоя Donchian на последней закрытой свече,rejected,2026-03-27 07:17:07,
False,нет свежего пробоя Donchian на последней закрытой свече,False,"{""score"": null, ""liquidity_score"": null, ""breakout_distance_atr"": null, ""freshness_score"": null}",ENTRY_CHECK,THETA-USDT-SWAP,no_fresh_breakout,нет свежего пробоя Donchian на последней закрытой свече,rejected,2026-03-27 07:17:33,
False,нет свежего пробоя Donchian на последней закрытой свече,False,"{""score"": null, ""liquidity_score"": null, ""breakout_distance_atr"": null, ""freshness_score"": null}",ENTRY_CHECK,TON-USDT-SWAP,no_fresh_breakout,нет свежего пробоя Donchian на последней закрытой свече,rejected,2026-03-27 07:17:35,
False,закрытие не удержалось ниже канала,False,"{""score"": null, ""liquidity_score"": null, ""breakout_distance_atr"": null, ""freshness_score"": null}",ENTRY_CHECK,YGG-USDT-SWAP,закрытие_не_удержалось_ниже_канала,закрытие не удержалось ниже канала,rejected,2026-03-27 07:17:53,
True,pyramid_added,True,"{""units"": 4, ""last_price"": null, ""next_pyramid_price"": 0.091545, ""retry_after_sec"": null}",ADD_UNIT_CHECK,DOGE-USDT-SWAP,unknown,,pyramid_added,2026-03-27 07:18:54,20260327_021929_DOGE-USDT-SWAP_short
True,ATR stop update,True,"{""price"": 0.0916, ""prev_stop_price"": 0.09193, ""stop_price"": 0.09187, ""peak_unrealized_pnl"": 10.976000000005644}",STOP_MOVE_CHECK,DOGE-USDT-SWAP,unknown,ATR stop update,TRAIL_UPDATE,2026-03-27 07:18:54,20260327_021929_DOGE-USDT-SWAP_short
True,TURTLE stop update,True,"{""price"": 8.15, ""prev_stop_price"": 8.22, ""stop_price"": 8.21, ""peak_unrealized_pnl"": 28.97000000000041}",STOP_MOVE_CHECK,ETC-USDT-SWAP,unknown,TURTLE stop update,TRAIL_UPDATE,2026-03-27 07:19:08,20260327_040802_ETC-USDT-SWAP_short
True,pyramid_added,True,"{""units"": 4, ""last_price"": null, ""next_pyramid_price"": 0.023371248125, ""retry_after_sec"": null}",ADD_UNIT_CHECK,LRC-USDT-SWAP,unknown,,pyramid_added,2026-03-27 07:19:18,20260327_051518_LRC-USDT-SWAP_long
True,Синхронизация: позиция отсутствует на бирже,True,"{""units"": 2, ""last_price"": null, ""next_pyramid_price"": null, ""retry_after_sec"": null}",EXIT_CHECK,XLM-USDT-SWAP,синхронизация:_позиция_отсутствует_на_бирже,Синхронизация: позиция отсутствует на бирже,position_closed,2026-03-27 07:19:30,20260327_061333_XLM-USDT-SWAP_short
False,нет свежего пробоя Donchian на последней закрытой свече,False,"{""score"": null, ""liquidity_score"": null, ""breakout_distance_atr"": null, ""freshness_score"": null}",ENTRY_CHECK,1INCH-USDT-SWAP,no_fresh_breakout,нет свежего пробоя Donchian на последней закрытой свече,rejected,2026-03-27 07:20:24,
False,нет свежего пробоя Donchian на последней закрытой свече,False,"{""score"": null, ""liquidity_score"": null, ""breakout_distance_atr"": null, ""freshness_score"": null}",ENTRY_CHECK,AAVE-USDT-SWAP,no_fresh_breakout,нет свежего пробоя Donchian на последней закрытой свече,rejected,2026-03-27 07:20:29,
False,нет свежего пробоя Donchian на последней закрытой свече,False,"{""score"": null, ""liquidity_score"": null, ""breakout_distance_atr"": null, ""freshness_score"": null}",ENTRY_CHECK,ALGO-USDT-SWAP,no_fresh_breakout,нет свежего пробоя Donchian на последней закрытой свече,rejected,2026-03-27 07:20:37,
False,нет свежего пробоя Donchian на последней закрытой свече,False,"{""score"": null, ""liquidity_score"": null, ""breakout_distance_atr"": null, ""freshness_score"": null}",ENTRY_CHECK,ASTER-USDT-SWAP,no_fresh_breakout,нет свежего пробоя Donchian на последней закрытой свече,rejected,2026-03-27 07:20:41,
False,нет свежего пробоя Donchian на последней закрытой свече,False,"{""score"": null, ""liquidity_score"": null, ""breakout_distance_atr"": null, ""freshness_score"": null}",ENTRY_CHECK,BAND-USDT-SWAP,no_fresh_breakout,нет свежего пробоя Donchian на последней закрытой свече,rejected,2026-03-27 07:20:49,
False,нет свежего пробоя Donchian на последней закрытой свече,False,"{""score"": null, ""liquidity_score"": null, ""breakout_distance_atr"": null, ""freshness_score"": null}",ENTRY_CHECK,BCH-USDT-SWAP,no_fresh_breakout,нет свежего пробоя Donchian на последней закрытой свече,rejected,2026-03-27 07:20:50,
False,нет свежего пробоя Donchian на последней закрытой свече,False,"{""score"": null, ""liquidity_score"": null, ""breakout_distance_atr"": null, ""freshness_score"": null}",ENTRY_CHECK,BTC-USDT-SWAP,no_fresh_breakout,нет свежего пробоя Donchian на последней закрытой свече,rejected,2026-03-27 07:20:58,
False,нет свежего пробоя Donchian на последней закрытой свече,False,"{""score"": null, ""liquidity_score"": null, ""breakout_distance_atr"": null, ""freshness_score"": null}",ENTRY_CHECK,COMP-USDT-SWAP,no_fresh_breakout,нет свежего пробоя Donchian на последней закрытой свече,rejected,2026-03-27 07:21:08,
False,нет свежего пробоя Donchian на последней закрытой свече,False,"{""score"": null, ""liquidity_score"": null, ""breakout_distance_atr"": null, ""freshness_score"": null}",ENTRY_CHECK,FIL-USDT-SWAP,no_fresh_breakout,нет свежего пробоя Donchian на последней закрытой свече,rejected,2026-03-27 07:21:11,
False,нет свежего пробоя Donchian на последней закрытой свече,False,"{""score"": null, ""liquidity_score"": null, ""breakout_distance_atr"": null, ""freshness_score"": null}",ENTRY_CHECK,INJ-USDT-SWAP,no_fresh_breakout,нет свежего пробоя Donchian на последней закрытой свече,rejected,2026-03-27 07:21:24,
False,нет свежего пробоя Donchian на последней закрытой свече,False,"{""score"": null, ""liquidity_score"": null, ""breakout_distance_atr"": null, ""freshness_score"": null}",ENTRY_CHECK,KAITO-USDT-SWAP,no_fresh_breakout,нет свежего пробоя Donchian на последней закрытой свече,rejected,2026-03-27 07:21:28,
False,нет свежего пробоя Donchian на последней закрытой свече,False,"{""score"": null, ""liquidity_score"": null, ""breakout_distance_atr"": null, ""freshness_score"": null}",ENTRY_CHECK,KSM-USDT-SWAP,no_fresh_breakout,нет свежего пробоя Donchian на последней закрытой свече,rejected,2026-03-27 07:21:30,
False,нет свежего пробоя Donchian на последней закрытой свече,False,"{""score"": null, ""liquidity_score"": null, ""breakout_distance_atr"": null, ""freshness_score"": null}",ENTRY_CHECK,LDO-USDT-SWAP,no_fresh_breakout,нет свежего пробоя Donchian на последней закрытой свече,rejected,2026-03-27 07:21:31,
False,нет свежего пробоя Donchian на последней закрытой свече,False,"{""score"": null, ""liquidity_score"": null, ""breakout_distance_atr"": null, ""freshness_score"": null}",ENTRY_CHECK,LQTY-USDT-SWAP,no_fresh_breakout,нет свежего пробоя Donchian на последней закрытой свече,rejected,2026-03-27 07:21:36,
False,нет свежего пробоя Donchian на последней закрытой свече,False,"{""score"": null, ""liquidity_score"": null, ""breakout_distance_atr"": null, ""freshness_score"": null}",ENTRY_CHECK,MINA-USDT-SWAP,no_fresh_breakout,нет свежего пробоя Donchian на последней закрытой свече,rejected,2026-03-27 07:21:44,
False,нет свежего пробоя Donchian на последней закрытой свече,False,"{""score"": null, ""liquidity_score"": null, ""breakout_distance_atr"": null, ""freshness_score"": null}",ENTRY_CHECK,TON-USDT-SWAP,no_fresh_breakout,нет свежего пробоя Donchian на последней закрытой свече,rejected,2026-03-27 07:22:11,
False,нет свежего пробоя Donchian на последней закрытой свече,False,"{""score"": null, ""liquidity_score"": null, ""breakout_distance_atr"": null, ""freshness_score"": null}",ENTRY_CHECK,XLM-USDT-SWAP,no_fresh_breakout,нет свежего пробоя Donchian на последней закрытой свече,rejected,2026-03-27 07:22:21,
False,нет свежего пробоя Donchian на последней закрытой свече,False,"{""score"": null, ""liquidity_score"": null, ""breakout_distance_atr"": null, ""freshness_score"": null}",ENTRY_CHECK,YGG-USDT-SWAP,no_fresh_breakout,нет свежего пробоя Donchian на последней закрытой свече,rejected,2026-03-27 07:22:30,
True,ATR stop update,True,"{""price"": 0.2163, ""prev_stop_price"": 0.2206, ""stop_price"": 0.21617999999999998, ""peak_unrealized_pnl"": 1.957000000001758}",STOP_MOVE_CHECK,SYRUP-USDT-SWAP,unknown,ATR stop update,TRAIL_UPDATE,2026-03-27 07:24:22,20260327_071347_SYRUP-USDT-SWAP_short
False,нет свежего пробоя Donchian на последней закрытой свече,False,"{""score"": null, ""liquidity_score"": null, ""breakout_distance_atr"": null, ""freshness_score"": null}",ENTRY_CHECK,1INCH-USDT-SWAP,no_fresh_breakout,нет свежего пробоя Donchian на последней закрытой свече,rejected,2026-03-27 07:24:45,
False,нет свежего пробоя Donchian на последней закрытой свече,False,"{""score"": null, ""liquidity_score"": null, ""breakout_distance_atr"": null, ""freshness_score"": null}",ENTRY_CHECK,AAVE-USDT-SWAP,no_fresh_breakout,нет свежего пробоя Donchian на последней закрытой свече,rejected,2026-03-27 07:24:50,
False,нет свежего пробоя Donchian на последней закрытой свече,False,"{""score"": null, ""liquidity_score"": null, ""breakout_distance_atr"": null, ""freshness_score"": null}",ENTRY_CHECK,ALGO-USDT-SWAP,no_fresh_breakout,нет свежего пробоя Donchian на последней закрытой свече,rejected,2026-03-27 07:24:57,
False,нет свежего пробоя Donchian на последней закрытой свече,False,"{""score"": null, ""liquidity_score"": null, ""breakout_distance_atr"": null, ""freshness_score"": null}",ENTRY_CHECK,BCH-USDT-SWAP,no_fresh_breakout,нет свежего пробоя Donchian на последней закрытой свече,rejected,2026-03-27 07:25:09,
False,нет свежего пробоя Donchian на последней закрытой свече,False,"{""score"": null, ""liquidity_score"": null, ""breakout_distance_atr"": null, ""freshness_score"": null}",ENTRY_CHECK,BTC-USDT-SWAP,no_fresh_breakout,нет свежего пробоя Donchian на последней закрытой свече,rejected,2026-03-27 07:25:18,
False,нет свежего пробоя Donchian на последней закрытой свече,False,"{""score"": null, ""liquidity_score"": null, ""breakout_distance_atr"": null, ""freshness_score"": null}",ENTRY_CHECK,FIL-USDT-SWAP,no_fresh_breakout,нет свежего пробоя Donchian на последней закрытой свече,rejected,2026-03-27 07:25:37,
False,нет свежего пробоя Donchian на последней закрытой свече,False,"{""score"": null, ""liquidity_score"": null, ""breakout_distance_atr"": null, ""freshness_score"": null}",ENTRY_CHECK,INJ-USDT-SWAP,no_fresh_breakout,нет свежего пробоя Donchian на последней закрытой свече,rejected,2026-03-27 07:25:39,
False,нет свежего пробоя Donchian на последней закрытой свече,False,"{""score"": null, ""liquidity_score"": null, ""breakout_distance_atr"": null, ""freshness_score"": null}",ENTRY_CHECK,KSM-USDT-SWAP,no_fresh_breakout,нет свежего пробоя Donchian на последней закрытой свече,rejected,2026-03-27 07:25:44,
False,нет свежего пробоя Donchian на последней закрытой свече,False,"{""score"": null, ""liquidity_score"": null, ""breakout_distance_atr"": null, ""freshness_score"": null}",ENTRY_CHECK,LDO-USDT-SWAP,no_fresh_breakout,нет свежего пробоя Donchian на последней закрытой свече,rejected,2026-03-27 07:25:46,
False,нет свежего пробоя Donchian на последней закрытой свече,False,"{""score"": null, ""liquidity_score"": null, ""breakout_distance_atr"": null, ""freshness_score"": null}",ENTRY_CHECK,LIT-USDT-SWAP,no_fresh_breakout,нет свежего пробоя Donchian на последней закрытой свече,rejected,2026-03-27 07:25:50,
False,нет свежего пробоя Donchian на последней закрытой свече,False,"{""score"": null, ""liquidity_score"": null, ""breakout_distance_atr"": null, ""freshness_score"": null}",ENTRY_CHECK,MINA-USDT-SWAP,no_fresh_breakout,нет свежего пробоя Donchian на последней закрытой свече,rejected,2026-03-27 07:25:59,
False,нет свежего пробоя Donchian на последней закрытой свече,False,"{""score"": null, ""liquidity_score"": null, ""breakout_distance_atr"": null, ""freshness_score"": null}",ENTRY_CHECK,TSLA-USDT-SWAP,no_fresh_breakout,нет свежего пробоя Donchian на последней закрытой свече,rejected,2026-03-27 07:26:32,
False,нет свежего пробоя Donchian на последней закрытой свече,False,"{""score"": null, ""liquidity_score"": null, ""breakout_distance_atr"": null, ""freshness_score"": null}",ENTRY_CHECK,XLM-USDT-SWAP,no_fresh_breakout,нет свежего пробоя Donchian на последней закрытой свече,rejected,2026-03-27 07:26:37,
False,нет свежего пробоя Donchian на последней закрытой свече,False,"{""score"": null, ""liquidity_score"": null, ""breakout_distance_atr"": null, ""freshness_score"": null}",ENTRY_CHECK,YFI-USDT-SWAP,no_fresh_breakout,нет свежего пробоя Donchian на последней закрытой свече,rejected,2026-03-27 07:26:46,
False,нет свежего пробоя Donchian на последней закрытой свече,False,"{""score"": null, ""liquidity_score"": null, ""breakout_distance_atr"": null, ""freshness_score"": null}",ENTRY_CHECK,YGG-USDT-SWAP,no_fresh_breakout,нет свежего пробоя Donchian на последней закрытой свече,rejected,2026-03-27 07:26:48,
True,Канальный выход 10 свечей,True,"{""units"": 4, ""last_price"": null, ""next_pyramid_price"": null, ""retry_after_sec"": null}",EXIT_CHECK,ETC-USDT-SWAP,канальный_выход_10_свечей,Канальный выход 10 свечей,position_closed,2026-03-27 07:27:56,20260327_040802_ETC-USDT-SWAP_short
False,нет свежего пробоя Donchian на последней закрытой свече,False,"{""score"": null, ""liquidity_score"": null, ""breakout_distance_atr"": null, ""freshness_score"": null}",ENTRY_CHECK,AAVE-USDT-SWAP,no_fresh_breakout,нет свежего пробоя Donchian на последней закрытой свече,rejected,2026-03-27 07:29:02,
False,нет свежего пробоя Donchian на последней закрытой свече,False,"{""score"": null, ""liquidity_score"": null, ""breakout_distance_atr"": null, ""freshness_score"": null}",ENTRY_CHECK,ADA-USDT-SWAP,no_fresh_breakout,нет свежего пробоя Donchian на последней закрытой свече,rejected,2026-03-27 07:29:05,
False,нет свежего пробоя Donchian на последней закрытой свече,False,"{""score"": null, ""liquidity_score"": null, ""breakout_distance_atr"": null, ""freshness_score"": null}",ENTRY_CHECK,ALGO-USDT-SWAP,no_fresh_breakout,нет свежего пробоя Donchian на последней закрытой свече,rejected,2026-03-27 07:29:08,
False,нет свежего пробоя Donchian на последней закрытой свече,False,"{""score"": null, ""liquidity_score"": null, ""breakout_distance_atr"": null, ""freshness_score"": null}",ENTRY_CHECK,ASTER-USDT-SWAP,no_fresh_breakout,нет свежего пробоя Donchian на последней закрытой свече,rejected,2026-03-27 07:29:12,
False,нет свежего пробоя Donchian на последней закрытой свече,False,"{""score"": null, ""liquidity_score"": null, ""breakout_distance_atr"": null, ""freshness_score"": null}",ENTRY_CHECK,BCH-USDT-SWAP,no_fresh_breakout,нет свежего пробоя Donchian на последней закрытой свече,rejected,2026-03-27 07:29:21,
False,нет свежего пробоя Donchian на последней закрытой свече,False,"{""score"": null, ""liquidity_score"": null, ""breakout_distance_atr"": null, ""freshness_score"": null}",ENTRY_CHECK,BTC-USDT-SWAP,no_fresh_breakout,нет свежего пробоя Donchian на последней закрытой свече,rejected,2026-03-27 07:29:30,
False,закрытие не удержалось выше канала,False,"{""score"": null, ""liquidity_score"": null, ""breakout_distance_atr"": null, ""freshness_score"": null}",ENTRY_CHECK,COMP-USDT-SWAP,закрытие_не_удержалось_выше_канала,закрытие не удержалось выше канала,rejected,2026-03-27 07:29:42,
False,нет свежего пробоя Donchian на последней закрытой свече,False,"{""score"": null, ""liquidity_score"": null, ""breakout_distance_atr"": null, ""freshness_score"": null}",ENTRY_CHECK,FIL-USDT-SWAP,no_fresh_breakout,нет свежего пробоя Donchian на последней закрытой свече,rejected,2026-03-27 07:29:55,
False,нет свежего пробоя Donchian на последней закрытой свече,False,"{""score"": null, ""liquidity_score"": null, ""breakout_distance_atr"": null, ""freshness_score"": null}",ENTRY_CHECK,INJ-USDT-SWAP,no_fresh_breakout,нет свежего пробоя Donchian на последней закрытой свече,rejected,2026-03-27 07:30:06,
False,нет свежего пробоя Donchian на последней закрытой свече,False,"{""score"": null, ""liquidity_score"": null, ""breakout_distance_atr"": null, ""freshness_score"": null}",ENTRY_CHECK,IOTA-USDT-SWAP,no_fresh_breakout,нет свежего пробоя Donchian на последней закрытой свече,rejected,2026-03-27 07:30:06,
False,нет свежего пробоя Donchian на последней закрытой свече,False,"{""score"": null, ""liquidity_score"": null, ""breakout_distance_atr"": null, ""freshness_score"": null}",ENTRY_CHECK,KSM-USDT-SWAP,no_fresh_breakout,нет свежего пробоя Donchian на последней закрытой свече,rejected,2026-03-27 07:30:07,
False,нет свежего пробоя Donchian на последней закрытой свече,False,"{""score"": null, ""liquidity_score"": null, ""breakout_distance_atr"": null, ""freshness_score"": null}",ENTRY_CHECK,LDO-USDT-SWAP,no_fresh_breakout,нет свежего пробоя Donchian на последней закрытой свече,rejected,2026-03-27 07:30:07,
False,нет свежего пробоя Donchian на последней закрытой свече,False,"{""score"": null, ""liquidity_score"": null, ""breakout_distance_atr"": null, ""freshness_score"": null}",ENTRY_CHECK,LINK-USDT-SWAP,no_fresh_breakout,нет свежего пробоя Donchian на последней закрытой свече,rejected,2026-03-27 07:30:07,
False,classic_turtle_breakout_short,True,"{""score"": null, ""liquidity_score"": 4.5769, ""breakout_distance_atr"": 0.4651, ""freshness_score"": 0.4751}",ENTRY_CHECK,LIT-USDT-SWAP,classic_turtle_breakout_short,classic_turtle_breakout_short,candidate,2026-03-27 07:30:08,
False,нет свежего пробоя Donchian на последней закрытой свече,False,"{""score"": null, ""liquidity_score"": null, ""breakout_distance_atr"": null, ""freshness_score"": null}",ENTRY_CHECK,MINA-USDT-SWAP,no_fresh_breakout,нет свежего пробоя Donchian на последней закрытой свече,rejected,2026-03-27 07:30:17,
False,нет свежего пробоя Donchian на последней закрытой свече,False,"{""score"": null, ""liquidity_score"": null, ""breakout_distance_atr"": null, ""freshness_score"": null}",ENTRY_CHECK,TSLA-USDT-SWAP,no_fresh_breakout,нет свежего пробоя Donchian на последней закрытой свече,rejected,2026-03-27 07:30:51,
False,нет свежего пробоя Donchian на последней закрытой свече,False,"{""score"": null, ""liquidity_score"": null, ""breakout_distance_atr"": null, ""freshness_score"": null}",ENTRY_CHECK,XLM-USDT-SWAP,no_fresh_breakout,нет свежего пробоя Donchian на последней закрытой свече,rejected,2026-03-27 07:30:55,
False,нет свежего пробоя Donchian на последней закрытой свече,False,"{""score"": null, ""liquidity_score"": null, ""breakout_distance_atr"": null, ""freshness_score"": null}",ENTRY_CHECK,YGG-USDT-SWAP,no_fresh_breakout,нет свежего пробоя Donchian на последней закрытой свече,rejected,2026-03-27 07:31:07,
False,classic_turtle_breakout_short,True,"{""score"": null, ""liquidity_score"": 4.5769, ""breakout_distance_atr"": 0.4651, ""freshness_score"": 0.4751}",ENTRY_RANK,LIT-USDT-SWAP,classic_turtle_breakout_short,classic_turtle_breakout_short,ranked_candidate,2026-03-27 07:31:11,
False,entry_failed,False,"{""score"": null, ""liquidity_score"": null, ""breakout_distance_atr"": null, ""freshness_score"": null}",ENTRY_EXECUTION,LIT-USDT-SWAP,unknown,,entry_failed,2026-03-27 07:31:11,
False,нет свежего пробоя Donchian на последней закрытой свече,False,"{""score"": null, ""liquidity_score"": null, ""breakout_distance_atr"": null, ""freshness_score"": null}",ENTRY_CHECK,AAVE-USDT-SWAP,no_fresh_breakout,нет свежего пробоя Donchian на последней закрытой свече,rejected,2026-03-27 07:33:11,
False,нет свежего пробоя Donchian на последней закрытой свече,False,"{""score"": null, ""liquidity_score"": null, ""breakout_distance_atr"": null, ""freshness_score"": null}",ENTRY_CHECK,ADA-USDT-SWAP,no_fresh_breakout,нет свежего пробоя Donchian на последней закрытой свече,rejected,2026-03-27 07:33:15,
False,нет свежего пробоя Donchian на последней закрытой свече,False,"{""score"": null, ""liquidity_score"": null, ""breakout_distance_atr"": null, ""freshness_score"": null}",ENTRY_CHECK,ALGO-USDT-SWAP,no_fresh_breakout,нет свежего пробоя Donchian на последней закрытой свече,rejected,2026-03-27 07:33:19,
False,нет свежего пробоя Donchian на последней закрытой свече,False,"{""score"": null, ""liquidity_score"": null, ""breakout_distance_atr"": null, ""freshness_score"": null}",ENTRY_CHECK,ASTER-USDT-SWAP,no_fresh_breakout,нет свежего пробоя Donchian на последней закрытой свече,rejected,2026-03-27 07:33:25,
False,нет свежего пробоя Donchian на последней закрытой свече,False,"{""score"": null, ""liquidity_score"": null, ""breakout_distance_atr"": null, ""freshness_score"": null}",ENTRY_CHECK,BTC-USDT-SWAP,no_fresh_breakout,нет свежего пробоя Donchian на последней закрытой свече,rejected,2026-03-27 07:33:42,
False,нет свежего пробоя Donchian на последней закрытой свече,False,"{""score"": null, ""liquidity_score"": null, ""breakout_distance_atr"": null, ""freshness_score"": null}",ENTRY_CHECK,CFX-USDT-SWAP,no_fresh_breakout,нет свежего пробоя Donchian на последней закрытой свече,rejected,2026-03-27 07:33:48,
False,нет свежего пробоя Donchian на последней закрытой свече,False,"{""score"": null, ""liquidity_score"": null, ""breakout_distance_atr"": null, ""freshness_score"": null}",ENTRY_CHECK,COMP-USDT-SWAP,no_fresh_breakout,нет свежего пробоя Donchian на последней закрытой свече,rejected,2026-03-27 07:33:53,
False,нет свежего пробоя Donchian на последней закрытой свече,False,"{""score"": null, ""liquidity_score"": null, ""breakout_distance_atr"": null, ""freshness_score"": null}",ENTRY_CHECK,FIL-USDT-SWAP,no_fresh_breakout,нет свежего пробоя Donchian на последней закрытой свече,rejected,2026-03-27 07:34:04,
False,нет свежего пробоя Donchian на последней закрытой свече,False,"{""score"": null, ""liquidity_score"": null, ""breakout_distance_atr"": null, ""freshness_score"": null}",ENTRY_CHECK,INJ-USDT-SWAP,no_fresh_breakout,нет свежего пробоя Donchian на последней закрытой свече,rejected,2026-03-27 07:34:17,
False,нет свежего пробоя Donchian на последней закрытой свече,False,"{""score"": null, ""liquidity_score"": null, ""breakout_distance_atr"": null, ""freshness_score"": null}",ENTRY_CHECK,KAITO-USDT-SWAP,no_fresh_breakout,нет свежего пробоя Donchian на последней закрытой свече,rejected,2026-03-27 07:34:21,
False,нет свежего пробоя Donchian на последней закрытой свече,False,"{""score"": null, ""liquidity_score"": null, ""breakout_distance_atr"": null, ""freshness_score"": null}",ENTRY_CHECK,KSM-USDT-SWAP,no_fresh_breakout,нет свежего пробоя Donchian на последней закрытой свече,rejected,2026-03-27 07:34:22,
False,нет свежего пробоя Donchian на последней закрытой свече,False,"{""score"": null, ""liquidity_score"": null, ""breakout_distance_atr"": null, ""freshness_score"": null}",ENTRY_CHECK,LDO-USDT-SWAP,no_fresh_breakout,нет свежего пробоя Donchian на последней закрытой свече,rejected,2026-03-27 07:34:24,
False,нет свежего пробоя Donchian на последней закрытой свече,False,"{""score"": null, ""liquidity_score"": null, ""breakout_distance_atr"": null, ""freshness_score"": null}",ENTRY_CHECK,LINK-USDT-SWAP,no_fresh_breakout,нет свежего пробоя Donchian на последней закрытой свече,rejected,2026-03-27 07:34:26,
False,нет свежего пробоя Donchian на последней закрытой свече,False,"{""score"": null, ""liquidity_score"": null, ""breakout_distance_atr"": null, ""freshness_score"": null}",ENTRY_CHECK,MINA-USDT-SWAP,no_fresh_breakout,нет свежего пробоя Donchian на последней закрытой свече,rejected,2026-03-27 07:34:37,
False,нет свежего пробоя Donchian на последней закрытой свече,False,"{""score"": null, ""liquidity_score"": null, ""breakout_distance_atr"": null, ""freshness_score"": null}",ENTRY_CHECK,TON-USDT-SWAP,no_fresh_breakout,нет свежего пробоя Donchian на последней закрытой свече,rejected,2026-03-27 07:35:06,
False,нет свежего пробоя Donchian на последней закрытой свече,False,"{""score"": null, ""liquidity_score"": null, ""breakout_distance_atr"": null, ""freshness_score"": null}",ENTRY_CHECK,YGG-USDT-SWAP,no_fresh_breakout,нет свежего пробоя Donchian на последней закрытой свече,rejected,2026-03-27 07:35:25,
