atr,block_reason,cycle_id,inst_id,price,reason,side,stage,system_name,ts
0.0,закрытие_не_удержалось_ниже_канала,1,1INCH-USDT-SWAP,0.0,закрытие не удержалось ниже канала,short,rejected,Turtle 20,
0.0009500000000000029,no_fresh_breakout,1,2Z-USDT-SWAP,0.0776,нет свежего пробоя Donchian на последней закрытой свече,,rejected,,
0.0,закрытие_не_удержалось_ниже_канала,2,1INCH-USDT-SWAP,0.0,закрытие не удержалось ниже канала,short,rejected,Turtle 20,
0.0009500000000000029,no_fresh_breakout,2,2Z-USDT-SWAP,0.0776,нет свежего пробоя Donchian на последней закрытой свече,,rejected,,
8.99999999999998e-06,no_fresh_breakout,2,ACT-USDT-SWAP,0.01359,нет свежего пробоя Donchian на последней закрытой свече,,rejected,,
1.9499999999999725e-05,no_fresh_breakout,2,AI16Z-USDT-SWAP,0.05926,нет свежего пробоя Donchian на последней закрытой свече,,rejected,,
0.0,закрытие_не_удержалось_ниже_канала,3,1INCH-USDT-SWAP,0.0,закрытие не удержалось ниже канала,short,rejected,Turtle 20,
0.0009500000000000029,no_fresh_breakout,3,2Z-USDT-SWAP,0.0776,нет свежего пробоя Donchian на последней закрытой свече,,rejected,,
8.99999999999998e-06,no_fresh_breakout,3,ACT-USDT-SWAP,0.01359,нет свежего пробоя Donchian на последней закрытой свече,,rejected,,
1.9499999999999725e-05,no_fresh_breakout,3,AI16Z-USDT-SWAP,0.05926,нет свежего пробоя Donchian на последней закрытой свече,,rejected,,
0.0008749999999999987,no_fresh_breakout,3,ARB-USDT-SWAP,0.1005,нет свежего пробоя Donchian на последней закрытой свече,,rejected,,
0.010280000000000006,no_fresh_breakout,3,ASTER-USDT-SWAP,0.6875,нет свежего пробоя Donchian на последней закрытой свече,,rejected,,
0.0,закрытие_не_удержалось_ниже_канала,4,1INCH-USDT-SWAP,0.0,закрытие не удержалось ниже канала,short,rejected,Turtle 20,
0.0009500000000000029,no_fresh_breakout,4,2Z-USDT-SWAP,0.0776,нет свежего пробоя Donchian на последней закрытой свече,,rejected,,
8.99999999999998e-06,no_fresh_breakout,4,ACT-USDT-SWAP,0.01359,нет свежего пробоя Donchian на последней закрытой свече,,rejected,,
1.9499999999999725e-05,no_fresh_breakout,4,AI16Z-USDT-SWAP,0.05926,нет свежего пробоя Donchian на последней закрытой свече,,rejected,,
0.0008749999999999987,no_fresh_breakout,4,ARB-USDT-SWAP,0.1005,нет свежего пробоя Donchian на последней закрытой свече,,rejected,,
0.010280000000000006,no_fresh_breakout,4,ASTER-USDT-SWAP,0.6875,нет свежего пробоя Donchian на последней закрытой свече,,rejected,,
0.0416500000000001,no_fresh_breakout,4,AUCTION-USDT-SWAP,4.973,нет свежего пробоя Donchian на последней закрытой свече,,rejected,,
0.0,закрытие_не_удержалось_ниже_канала,4,AXS-USDT-SWAP,0.0,закрытие не удержалось ниже канала,short,rejected,Turtle 55,
0.0,закрытие_не_удержалось_ниже_канала,4,AXS-USDT-SWAP,0.0,закрытие не удержалось ниже канала,short,rejected,Turtle 20,
0.0,закрытие_не_удержалось_ниже_канала,5,1INCH-USDT-SWAP,0.0,закрытие не удержалось ниже канала,short,rejected,Turtle 20,
0.0009500000000000029,no_fresh_breakout,5,2Z-USDT-SWAP,0.0776,нет свежего пробоя Donchian на последней закрытой свече,,rejected,,
8.99999999999998e-06,no_fresh_breakout,5,ACT-USDT-SWAP,0.01359,нет свежего пробоя Donchian на последней закрытой свече,,rejected,,
1.9499999999999725e-05,no_fresh_breakout,5,AI16Z-USDT-SWAP,0.05926,нет свежего пробоя Donchian на последней закрытой свече,,rejected,,
0.0008749999999999987,no_fresh_breakout,5,ARB-USDT-SWAP,0.1005,нет свежего пробоя Donchian на последней закрытой свече,,rejected,,
0.010280000000000006,no_fresh_breakout,5,ASTER-USDT-SWAP,0.6875,нет свежего пробоя Donchian на последней закрытой свече,,rejected,,
0.0416500000000001,no_fresh_breakout,5,AUCTION-USDT-SWAP,4.973,нет свежего пробоя Donchian на последней закрытой свече,,rejected,,
0.0,закрытие_не_удержалось_ниже_канала,5,AXS-USDT-SWAP,0.0,закрытие не удержалось ниже канала,short,rejected,Turtle 55,
0.0,закрытие_не_удержалось_ниже_канала,5,AXS-USDT-SWAP,0.0,закрытие не удержалось ниже канала,short,rejected,Turtle 20,
4.9999999999998654e-05,no_fresh_breakout,6,1INCH-USDT-SWAP,0.0966,нет свежего пробоя Donchian на последней закрытой свече,,rejected,,
0.0,blacklist,6,2Z-USDT-SWAP,0.0,momentum chase blocked after 4 same-side candles,short,rejected,Turtle 20,
8.99999999999998e-06,no_fresh_breakout,6,ACT-USDT-SWAP,0.01359,нет свежего пробоя Donchian на последней закрытой свече,,rejected,,
1.9499999999999725e-05,no_fresh_breakout,6,AI16Z-USDT-SWAP,0.05926,нет свежего пробоя Donchian на последней закрытой свече,,rejected,,
0.0006449999999999991,no_fresh_breakout,6,ARB-USDT-SWAP,0.1006,нет свежего пробоя Donchian на последней закрытой свече,,rejected,,
0.009415000000000007,no_fresh_breakout,6,ASTER-USDT-SWAP,0.6929,нет свежего пробоя Donchian на последней закрытой свече,,rejected,,
0.03120000000000007,no_fresh_breakout,6,AUCTION-USDT-SWAP,4.961,нет свежего пробоя Donchian на последней закрытой свече,,rejected,,
0.008499999999999985,no_fresh_breakout,6,AXS-USDT-SWAP,1.1928,нет свежего пробоя Donchian на последней закрытой свече,,rejected,,
4.070000000000005,no_fresh_breakout,6,BNB-USDT-SWAP,725.0,нет свежего пробоя Donchian на последней закрытой свече,,rejected,,
2.200000000000002e-06,no_fresh_breakout,6,BOME-USDT-SWAP,0.000425,нет свежего пробоя Donchian на последней закрытой свече,,rejected,,
252.44499999999897,no_fresh_breakout,6,BTC-USDT-SWAP,69990.2,нет свежего пробоя Donchian на последней закрытой свече,,rejected,,
4.9999999999998654e-05,no_fresh_breakout,7,1INCH-USDT-SWAP,0.0966,нет свежего пробоя Donchian на последней закрытой свече,,rejected,,
0.0,blacklist,7,2Z-USDT-SWAP,0.0,momentum chase blocked after 4 same-side candles,short,rejected,Turtle 20,
8.99999999999998e-06,no_fresh_breakout,7,ACT-USDT-SWAP,0.01359,нет свежего пробоя Donchian на последней закрытой свече,,rejected,,
1.9499999999999725e-05,no_fresh_breakout,7,AI16Z-USDT-SWAP,0.05926,нет свежего пробоя Donchian на последней закрытой свече,,rejected,,
0.0006449999999999991,no_fresh_breakout,7,ARB-USDT-SWAP,0.1006,нет свежего пробоя Donchian на последней закрытой свече,,rejected,,
0.009415000000000007,no_fresh_breakout,7,ASTER-USDT-SWAP,0.6929,нет свежего пробоя Donchian на последней закрытой свече,,rejected,,
0.03120000000000007,no_fresh_breakout,7,AUCTION-USDT-SWAP,4.961,нет свежего пробоя Donchian на последней закрытой свече,,rejected,,
0.008499999999999985,no_fresh_breakout,7,AXS-USDT-SWAP,1.1928,нет свежего пробоя Donchian на последней закрытой свече,,rejected,,
4.070000000000005,no_fresh_breakout,7,BNB-USDT-SWAP,725.0,нет свежего пробоя Donchian на последней закрытой свече,,rejected,,
2.200000000000002e-06,no_fresh_breakout,7,BOME-USDT-SWAP,0.000425,нет свежего пробоя Donchian на последней закрытой свече,,rejected,,
252.44499999999897,no_fresh_breakout,7,BTC-USDT-SWAP,69990.2,нет свежего пробоя Donchian на последней закрытой свече,,rejected,,
0.0,закрытие_не_удержалось_выше_канала,7,CFX-USDT-SWAP,0.0,закрытие не удержалось выше канала,long,rejected,Turtle 20,
4.9999999999998654e-05,no_fresh_breakout,8,1INCH-USDT-SWAP,0.0966,нет свежего пробоя Donchian на последней закрытой свече,,rejected,,
0.0,blacklist,8,2Z-USDT-SWAP,0.0,momentum chase blocked after 4 same-side candles,short,rejected,Turtle 20,
8.99999999999998e-06,no_fresh_breakout,8,ACT-USDT-SWAP,0.01359,нет свежего пробоя Donchian на последней закрытой свече,,rejected,,
1.9499999999999725e-05,no_fresh_breakout,8,AI16Z-USDT-SWAP,0.05926,нет свежего пробоя Donchian на последней закрытой свече,,rejected,,
0.0006449999999999991,no_fresh_breakout,8,ARB-USDT-SWAP,0.1006,нет свежего пробоя Donchian на последней закрытой свече,,rejected,,
0.009415000000000007,no_fresh_breakout,8,ASTER-USDT-SWAP,0.6929,нет свежего пробоя Donchian на последней закрытой свече,,rejected,,
0.03120000000000007,no_fresh_breakout,8,AUCTION-USDT-SWAP,4.961,нет свежего пробоя Donchian на последней закрытой свече,,rejected,,
0.008499999999999985,no_fresh_breakout,8,AXS-USDT-SWAP,1.1928,нет свежего пробоя Donchian на последней закрытой свече,,rejected,,
4.070000000000005,no_fresh_breakout,8,BNB-USDT-SWAP,725.0,нет свежего пробоя Donchian на последней закрытой свече,,rejected,,
2.200000000000002e-06,no_fresh_breakout,8,BOME-USDT-SWAP,0.000425,нет свежего пробоя Donchian на последней закрытой свече,,rejected,,
252.44499999999897,no_fresh_breakout,8,BTC-USDT-SWAP,69990.2,нет свежего пробоя Donchian на последней закрытой свече,,rejected,,
0.0,закрытие_не_удержалось_выше_канала,8,CFX-USDT-SWAP,0.0,закрытие не удержалось выше канала,long,rejected,Turtle 20,
0.00029849999999999983,no_fresh_breakout,8,CHZ-USDT-SWAP,0.03562,нет свежего пробоя Donchian на последней закрытой свече,,rejected,,
0.10300000000000012,no_fresh_breakout,8,COMP-USDT-SWAP,18.5,нет свежего пробоя Donchian на последней закрытой свече,,rejected,,
4.9999999999998654e-05,no_fresh_breakout,9,1INCH-USDT-SWAP,0.0966,нет свежего пробоя Donchian на последней закрытой свече,,rejected,,
0.0,blacklist,9,2Z-USDT-SWAP,0.0,momentum chase blocked after 4 same-side candles,short,rejected,Turtle 20,
8.99999999999998e-06,no_fresh_breakout,9,ACT-USDT-SWAP,0.01359,нет свежего пробоя Donchian на последней закрытой свече,,rejected,,
1.9499999999999725e-05,no_fresh_breakout,9,AI16Z-USDT-SWAP,0.05926,нет свежего пробоя Donchian на последней закрытой свече,,rejected,,
0.0006449999999999991,no_fresh_breakout,9,ARB-USDT-SWAP,0.1006,нет свежего пробоя Donchian на последней закрытой свече,,rejected,,
0.009415000000000007,no_fresh_breakout,9,ASTER-USDT-SWAP,0.6929,нет свежего пробоя Donchian на последней закрытой свече,,rejected,,
0.03120000000000007,no_fresh_breakout,9,AUCTION-USDT-SWAP,4.961,нет свежего пробоя Donchian на последней закрытой свече,,rejected,,
0.008499999999999985,no_fresh_breakout,9,AXS-USDT-SWAP,1.1928,нет свежего пробоя Donchian на последней закрытой свече,,rejected,,
4.070000000000005,no_fresh_breakout,9,BNB-USDT-SWAP,725.0,нет свежего пробоя Donchian на последней закрытой свече,,rejected,,
2.200000000000002e-06,no_fresh_breakout,9,BOME-USDT-SWAP,0.000425,нет свежего пробоя Donchian на последней закрытой свече,,rejected,,
252.44499999999897,no_fresh_breakout,9,BTC-USDT-SWAP,69990.2,нет свежего пробоя Donchian на последней закрытой свече,,rejected,,
0.0,закрытие_не_удержалось_выше_канала,9,CFX-USDT-SWAP,0.0,закрытие не удержалось выше канала,long,rejected,Turtle 20,
0.00029849999999999983,no_fresh_breakout,9,CHZ-USDT-SWAP,0.03562,нет свежего пробоя Donchian на последней закрытой свече,,rejected,,
0.10300000000000012,no_fresh_breakout,9,COMP-USDT-SWAP,18.5,нет свежего пробоя Donchian на последней закрытой свече,,rejected,,
0.002335000000000001,no_fresh_breakout,9,CRV-USDT-SWAP,0.2378,нет свежего пробоя Donchian на последней закрытой свече,,rejected,,
0.0007025000000000011,no_fresh_breakout,9,DOGE-USDT-SWAP,0.094,нет свежего пробоя Donchian на последней закрытой свече,,rejected,,
0.022150000000000024,no_fresh_breakout,9,DOT-USDT-SWAP,1.538,нет свежего пробоя Donchian на последней закрытой свече,,rejected,,
4.9999999999998654e-05,no_fresh_breakout,10,1INCH-USDT-SWAP,0.0966,нет свежего пробоя Donchian на последней закрытой свече,,rejected,,
0.0,blacklist,10,2Z-USDT-SWAP,0.0,momentum chase blocked after 4 same-side candles,short,rejected,Turtle 20,
8.99999999999998e-06,no_fresh_breakout,10,ACT-USDT-SWAP,0.01359,нет свежего пробоя Donchian на последней закрытой свече,,rejected,,
1.9499999999999725e-05,no_fresh_breakout,10,AI16Z-USDT-SWAP,0.05926,нет свежего пробоя Donchian на последней закрытой свече,,rejected,,
0.0006449999999999991,no_fresh_breakout,10,ARB-USDT-SWAP,0.1006,нет свежего пробоя Donchian на последней закрытой свече,,rejected,,
0.009415000000000007,no_fresh_breakout,10,ASTER-USDT-SWAP,0.6929,нет свежего пробоя Donchian на последней закрытой свече,,rejected,,
0.03120000000000007,no_fresh_breakout,10,AUCTION-USDT-SWAP,4.961,нет свежего пробоя Donchian на последней закрытой свече,,rejected,,
0.008499999999999985,no_fresh_breakout,10,AXS-USDT-SWAP,1.1928,нет свежего пробоя Donchian на последней закрытой свече,,rejected,,
4.070000000000005,no_fresh_breakout,10,BNB-USDT-SWAP,725.0,нет свежего пробоя Donchian на последней закрытой свече,,rejected,,
2.200000000000002e-06,no_fresh_breakout,10,BOME-USDT-SWAP,0.000425,нет свежего пробоя Donchian на последней закрытой свече,,rejected,,
252.44499999999897,no_fresh_breakout,10,BTC-USDT-SWAP,69990.2,нет свежего пробоя Donchian на последней закрытой свече,,rejected,,
0.0,закрытие_не_удержалось_выше_канала,10,CFX-USDT-SWAP,0.0,закрытие не удержалось выше канала,long,rejected,Turtle 20,
0.00029849999999999983,no_fresh_breakout,10,CHZ-USDT-SWAP,0.03562,нет свежего пробоя Donchian на последней закрытой свече,,rejected,,
0.10300000000000012,no_fresh_breakout,10,COMP-USDT-SWAP,18.5,нет свежего пробоя Donchian на последней закрытой свече,,rejected,,
0.002335000000000001,no_fresh_breakout,10,CRV-USDT-SWAP,0.2378,нет свежего пробоя Donchian на последней закрытой свече,,rejected,,
0.0007025000000000011,no_fresh_breakout,10,DOGE-USDT-SWAP,0.094,нет свежего пробоя Donchian на последней закрытой свече,,rejected,,
0.022150000000000024,no_fresh_breakout,10,DOT-USDT-SWAP,1.538,нет свежего пробоя Donchian на последней закрытой свече,,rejected,,
20.9875,no_fresh_breakout,10,ETH-USDT-SWAP,2222.59,нет свежего пробоя Donchian на последней закрытой свече,,rejected,,
4.9999999999998654e-05,no_fresh_breakout,11,1INCH-USDT-SWAP,0.0966,нет свежего пробоя Donchian на последней закрытой свече,,rejected,,
0.0,blacklist,11,2Z-USDT-SWAP,0.0,momentum chase blocked after 4 same-side candles,short,rejected,Turtle 20,
8.99999999999998e-06,no_fresh_breakout,11,ACT-USDT-SWAP,0.01359,нет свежего пробоя Donchian на последней закрытой свече,,rejected,,
1.9499999999999725e-05,no_fresh_breakout,11,AI16Z-USDT-SWAP,0.05926,нет свежего пробоя Donchian на последней закрытой свече,,rejected,,
0.0006449999999999991,no_fresh_breakout,11,ARB-USDT-SWAP,0.1006,нет свежего пробоя Donchian на последней закрытой свече,,rejected,,
0.009415000000000007,no_fresh_breakout,11,ASTER-USDT-SWAP,0.6929,нет свежего пробоя Donchian на последней закрытой свече,,rejected,,
0.03120000000000007,no_fresh_breakout,11,AUCTION-USDT-SWAP,4.961,нет свежего пробоя Donchian на последней закрытой свече,,rejected,,
0.008499999999999985,no_fresh_breakout,11,AXS-USDT-SWAP,1.1928,нет свежего пробоя Donchian на последней закрытой свече,,rejected,,
4.070000000000005,no_fresh_breakout,11,BNB-USDT-SWAP,725.0,нет свежего пробоя Donchian на последней закрытой свече,,rejected,,
2.200000000000002e-06,no_fresh_breakout,11,BOME-USDT-SWAP,0.000425,нет свежего пробоя Donchian на последней закрытой свече,,rejected,,
252.44499999999897,no_fresh_breakout,11,BTC-USDT-SWAP,69990.2,нет свежего пробоя Donchian на последней закрытой свече,,rejected,,
0.0,закрытие_не_удержалось_выше_канала,11,CFX-USDT-SWAP,0.0,закрытие не удержалось выше канала,long,rejected,Turtle 20,
0.00029849999999999983,no_fresh_breakout,11,CHZ-USDT-SWAP,0.03562,нет свежего пробоя Donchian на последней закрытой свече,,rejected,,
0.10300000000000012,no_fresh_breakout,11,COMP-USDT-SWAP,18.5,нет свежего пробоя Donchian на последней закрытой свече,,rejected,,
0.002335000000000001,no_fresh_breakout,11,CRV-USDT-SWAP,0.2378,нет свежего пробоя Donchian на последней закрытой свече,,rejected,,
0.0007025000000000011,no_fresh_breakout,11,DOGE-USDT-SWAP,0.094,нет свежего пробоя Donchian на последней закрытой свече,,rejected,,
0.022150000000000024,no_fresh_breakout,11,DOT-USDT-SWAP,1.538,нет свежего пробоя Donchian на последней закрытой свече,,rejected,,
20.9875,no_fresh_breakout,11,ETH-USDT-SWAP,2222.59,нет свежего пробоя Donchian на последней закрытой свече,,rejected,,
0.023085,no_fresh_breakout,11,ETHW-USDT-SWAP,0.3581,нет свежего пробоя Donchian на последней закрытой свече,,rejected,,
0.00040000000000000034,no_fresh_breakout,11,FIL-USDT-SWAP,0.909,нет свежего пробоя Donchian на последней закрытой свече,,rejected,,
1.8699999999999957e-07,no_fresh_breakout,11,FLOKI-USDT-SWAP,2.95e-05,нет свежего пробоя Donchian на последней закрытой свече,,rejected,,
2.599999999999998e-05,no_fresh_breakout,11,GMT-USDT-SWAP,0.01094,нет свежего пробоя Donchian на последней закрытой свече,,rejected,,
4.9999999999998654e-05,no_fresh_breakout,12,1INCH-USDT-SWAP,0.0966,нет свежего пробоя Donchian на последней закрытой свече,,rejected,,
0.0,blacklist,12,2Z-USDT-SWAP,0.0,momentum chase blocked after 4 same-side candles,short,rejected,Turtle 20,
8.99999999999998e-06,no_fresh_breakout,12,ACT-USDT-SWAP,0.01359,нет свежего пробоя Donchian на последней закрытой свече,,rejected,,
1.9499999999999725e-05,no_fresh_breakout,12,AI16Z-USDT-SWAP,0.05926,нет свежего пробоя Donchian на последней закрытой свече,,rejected,,
0.0006449999999999991,no_fresh_breakout,12,ARB-USDT-SWAP,0.1006,нет свежего пробоя Donchian на последней закрытой свече,,rejected,,
0.009415000000000007,no_fresh_breakout,12,ASTER-USDT-SWAP,0.6929,нет свежего пробоя Donchian на последней закрытой свече,,rejected,,
0.03120000000000007,no_fresh_breakout,12,AUCTION-USDT-SWAP,4.961,нет свежего пробоя Donchian на последней закрытой свече,,rejected,,
0.008499999999999985,no_fresh_breakout,12,AXS-USDT-SWAP,1.1928,нет свежего пробоя Donchian на последней закрытой свече,,rejected,,
4.070000000000005,no_fresh_breakout,12,BNB-USDT-SWAP,725.0,нет свежего пробоя Donchian на последней закрытой свече,,rejected,,
2.200000000000002e-06,no_fresh_breakout,12,BOME-USDT-SWAP,0.000425,нет свежего пробоя Donchian на последней закрытой свече,,rejected,,
252.44499999999897,no_fresh_breakout,12,BTC-USDT-SWAP,69990.2,нет свежего пробоя Donchian на последней закрытой свече,,rejected,,
0.0,закрытие_не_удержалось_выше_канала,12,CFX-USDT-SWAP,0.0,закрытие не удержалось выше канала,long,rejected,Turtle 20,
0.00029849999999999983,no_fresh_breakout,12,CHZ-USDT-SWAP,0.03562,нет свежего пробоя Donchian на последней закрытой свече,,rejected,,
0.10300000000000012,no_fresh_breakout,12,COMP-USDT-SWAP,18.5,нет свежего пробоя Donchian на последней закрытой свече,,rejected,,
0.002335000000000001,no_fresh_breakout,12,CRV-USDT-SWAP,0.2378,нет свежего пробоя Donchian на последней закрытой свече,,rejected,,
0.0007025000000000011,no_fresh_breakout,12,DOGE-USDT-SWAP,0.094,нет свежего пробоя Donchian на последней закрытой свече,,rejected,,
0.022150000000000024,no_fresh_breakout,12,DOT-USDT-SWAP,1.538,нет свежего пробоя Donchian на последней закрытой свече,,rejected,,
20.9875,no_fresh_breakout,12,ETH-USDT-SWAP,2222.59,нет свежего пробоя Donchian на последней закрытой свече,,rejected,,
0.023085,no_fresh_breakout,12,ETHW-USDT-SWAP,0.3581,нет свежего пробоя Donchian на последней закрытой свече,,rejected,,
0.00040000000000000034,no_fresh_breakout,12,FIL-USDT-SWAP,0.909,нет свежего пробоя Donchian на последней закрытой свече,,rejected,,
1.8699999999999957e-07,no_fresh_breakout,12,FLOKI-USDT-SWAP,2.95e-05,нет свежего пробоя Donchian на последней закрытой свече,,rejected,,
2.599999999999998e-05,no_fresh_breakout,12,GMT-USDT-SWAP,0.01094,нет свежего пробоя Donchian на последней закрытой свече,,rejected,,
4.300000000000016e-05,no_fresh_breakout,12,HOME-USDT-SWAP,0.02121,нет свежего пробоя Donchian на последней закрытой свече,,rejected,,
4.9999999999998654e-05,no_fresh_breakout,13,1INCH-USDT-SWAP,0.0966,нет свежего пробоя Donchian на последней закрытой свече,,rejected,,
0.0,blacklist,13,2Z-USDT-SWAP,0.0,momentum chase blocked after 4 same-side candles,short,rejected,Turtle 20,
8.99999999999998e-06,no_fresh_breakout,13,ACT-USDT-SWAP,0.01359,нет свежего пробоя Donchian на последней закрытой свече,,rejected,,
1.9499999999999725e-05,no_fresh_breakout,13,AI16Z-USDT-SWAP,0.05926,нет свежего пробоя Donchian на последней закрытой свече,,rejected,,
0.0006449999999999991,no_fresh_breakout,13,ARB-USDT-SWAP,0.1006,нет свежего пробоя Donchian на последней закрытой свече,,rejected,,
0.009415000000000007,no_fresh_breakout,13,ASTER-USDT-SWAP,0.6929,нет свежего пробоя Donchian на последней закрытой свече,,rejected,,
0.03120000000000007,no_fresh_breakout,13,AUCTION-USDT-SWAP,4.961,нет свежего пробоя Donchian на последней закрытой свече,,rejected,,
0.008499999999999985,no_fresh_breakout,13,AXS-USDT-SWAP,1.1928,нет свежего пробоя Donchian на последней закрытой свече,,rejected,,
4.070000000000005,no_fresh_breakout,13,BNB-USDT-SWAP,725.0,нет свежего пробоя Donchian на последней закрытой свече,,rejected,,
2.200000000000002e-06,no_fresh_breakout,13,BOME-USDT-SWAP,0.000425,нет свежего пробоя Donchian на последней закрытой свече,,rejected,,
252.44499999999897,no_fresh_breakout,13,BTC-USDT-SWAP,69990.2,нет свежего пробоя Donchian на последней закрытой свече,,rejected,,
0.0,закрытие_не_удержалось_выше_канала,13,CFX-USDT-SWAP,0.0,закрытие не удержалось выше канала,long,rejected,Turtle 20,
0.00029849999999999983,no_fresh_breakout,13,CHZ-USDT-SWAP,0.03562,нет свежего пробоя Donchian на последней закрытой свече,,rejected,,
0.10300000000000012,no_fresh_breakout,13,COMP-USDT-SWAP,18.5,нет свежего пробоя Donchian на последней закрытой свече,,rejected,,
0.002335000000000001,no_fresh_breakout,13,CRV-USDT-SWAP,0.2378,нет свежего пробоя Donchian на последней закрытой свече,,rejected,,
0.0007025000000000011,no_fresh_breakout,13,DOGE-USDT-SWAP,0.094,нет свежего пробоя Donchian на последней закрытой свече,,rejected,,
0.022150000000000024,no_fresh_breakout,13,DOT-USDT-SWAP,1.538,нет свежего пробоя Donchian на последней закрытой свече,,rejected,,
20.9875,no_fresh_breakout,13,ETH-USDT-SWAP,2222.59,нет свежего пробоя Donchian на последней закрытой свече,,rejected,,
0.023085,no_fresh_breakout,13,ETHW-USDT-SWAP,0.3581,нет свежего пробоя Donchian на последней закрытой свече,,rejected,,
0.00040000000000000034,no_fresh_breakout,13,FIL-USDT-SWAP,0.909,нет свежего пробоя Donchian на последней закрытой свече,,rejected,,
1.8699999999999957e-07,no_fresh_breakout,13,FLOKI-USDT-SWAP,2.95e-05,нет свежего пробоя Donchian на последней закрытой свече,,rejected,,
2.599999999999998e-05,no_fresh_breakout,13,GMT-USDT-SWAP,0.01094,нет свежего пробоя Donchian на последней закрытой свече,,rejected,,
4.300000000000016e-05,no_fresh_breakout,13,HOME-USDT-SWAP,0.02121,нет свежего пробоя Donchian на последней закрытой свече,,rejected,,
0.01715000000000002,no_fresh_breakout,13,ICP-USDT-SWAP,2.527,нет свежего пробоя Donchian на последней закрытой свече,,rejected,,
0.013850000000000052,no_fresh_breakout,13,INJ-USDT-SWAP,3.005,нет свежего пробоя Donchian на последней закрытой свече,,rejected,,
1.4499999999999929e-05,no_fresh_breakout,13,IOTA-USDT-SWAP,0.06254,нет свежего пробоя Donchian на последней закрытой свече,,rejected,,
4.9999999999998654e-05,no_fresh_breakout,14,1INCH-USDT-SWAP,0.0966,нет свежего пробоя Donchian на последней закрытой свече,,rejected,,
0.0,blacklist,14,2Z-USDT-SWAP,0.0,momentum chase blocked after 4 same-side candles,short,rejected,Turtle 20,
8.99999999999998e-06,no_fresh_breakout,14,ACT-USDT-SWAP,0.01359,нет свежего пробоя Donchian на последней закрытой свече,,rejected,,
1.9499999999999725e-05,no_fresh_breakout,14,AI16Z-USDT-SWAP,0.05926,нет свежего пробоя Donchian на последней закрытой свече,,rejected,,
0.0006449999999999991,no_fresh_breakout,14,ARB-USDT-SWAP,0.1006,нет свежего пробоя Donchian на последней закрытой свече,,rejected,,
0.009415000000000007,no_fresh_breakout,14,ASTER-USDT-SWAP,0.6929,нет свежего пробоя Donchian на последней закрытой свече,,rejected,,
0.03120000000000007,no_fresh_breakout,14,AUCTION-USDT-SWAP,4.961,нет свежего пробоя Donchian на последней закрытой свече,,rejected,,
0.008499999999999985,no_fresh_breakout,14,AXS-USDT-SWAP,1.1928,нет свежего пробоя Donchian на последней закрытой свече,,rejected,,
4.070000000000005,no_fresh_breakout,14,BNB-USDT-SWAP,725.0,нет свежего пробоя Donchian на последней закрытой свече,,rejected,,
2.200000000000002e-06,no_fresh_breakout,14,BOME-USDT-SWAP,0.000425,нет свежего пробоя Donchian на последней закрытой свече,,rejected,,
252.44499999999897,no_fresh_breakout,14,BTC-USDT-SWAP,69990.2,нет свежего пробоя Donchian на последней закрытой свече,,rejected,,
0.0,закрытие_не_удержалось_выше_канала,14,CFX-USDT-SWAP,0.0,закрытие не удержалось выше канала,long,rejected,Turtle 20,
0.00029849999999999983,no_fresh_breakout,14,CHZ-USDT-SWAP,0.03562,нет свежего пробоя Donchian на последней закрытой свече,,rejected,,
0.10300000000000012,no_fresh_breakout,14,COMP-USDT-SWAP,18.5,нет свежего пробоя Donchian на последней закрытой свече,,rejected,,
0.002335000000000001,no_fresh_breakout,14,CRV-USDT-SWAP,0.2378,нет свежего пробоя Donchian на последней закрытой свече,,rejected,,
0.0007025000000000011,no_fresh_breakout,14,DOGE-USDT-SWAP,0.094,нет свежего пробоя Donchian на последней закрытой свече,,rejected,,
0.022150000000000024,no_fresh_breakout,14,DOT-USDT-SWAP,1.538,нет свежего пробоя Donchian на последней закрытой свече,,rejected,,
20.9875,no_fresh_breakout,14,ETH-USDT-SWAP,2222.59,нет свежего пробоя Donchian на последней закрытой свече,,rejected,,
0.023085,no_fresh_breakout,14,ETHW-USDT-SWAP,0.3581,нет свежего пробоя Donchian на последней закрытой свече,,rejected,,
0.00040000000000000034,no_fresh_breakout,14,FIL-USDT-SWAP,0.909,нет свежего пробоя Donchian на последней закрытой свече,,rejected,,
1.8699999999999957e-07,no_fresh_breakout,14,FLOKI-USDT-SWAP,2.95e-05,нет свежего пробоя Donchian на последней закрытой свече,,rejected,,
2.599999999999998e-05,no_fresh_breakout,14,GMT-USDT-SWAP,0.01094,нет свежего пробоя Donchian на последней закрытой свече,,rejected,,
4.300000000000016e-05,no_fresh_breakout,14,HOME-USDT-SWAP,0.02121,нет свежего пробоя Donchian на последней закрытой свече,,rejected,,
0.01715000000000002,no_fresh_breakout,14,ICP-USDT-SWAP,2.527,нет свежего пробоя Donchian на последней закрытой свече,,rejected,,
0.013850000000000052,no_fresh_breakout,14,INJ-USDT-SWAP,3.005,нет свежего пробоя Donchian на последней закрытой свече,,rejected,,
1.4499999999999929e-05,no_fresh_breakout,14,IOTA-USDT-SWAP,0.06254,нет свежего пробоя Donchian на последней закрытой свече,,rejected,,
0.0003049999999999983,no_fresh_breakout,14,JUP-USDT-SWAP,0.1619,нет свежего пробоя Donchian на последней закрытой свече,,rejected,,
0.02420000000000009,no_fresh_breakout,14,KSM-USDT-SWAP,4.521,нет свежего пробоя Donchian на последней закрытой свече,,rejected,,
0.0017399999999999998,no_fresh_breakout,14,LDO-USDT-SWAP,0.2991,нет свежего пробоя Donchian на последней закрытой свече,,rejected,,
4.9999999999998654e-05,no_fresh_breakout,15,1INCH-USDT-SWAP,0.0966,нет свежего пробоя Donchian на последней закрытой свече,,rejected,,
0.0,blacklist,15,2Z-USDT-SWAP,0.0,momentum chase blocked after 4 same-side candles,short,rejected,Turtle 20,
8.99999999999998e-06,no_fresh_breakout,15,ACT-USDT-SWAP,0.01359,нет свежего пробоя Donchian на последней закрытой свече,,rejected,,
1.9499999999999725e-05,no_fresh_breakout,15,AI16Z-USDT-SWAP,0.05926,нет свежего пробоя Donchian на последней закрытой свече,,rejected,,
0.0006449999999999991,no_fresh_breakout,15,ARB-USDT-SWAP,0.1006,нет свежего пробоя Donchian на последней закрытой свече,,rejected,,
0.009415000000000007,no_fresh_breakout,15,ASTER-USDT-SWAP,0.6929,нет свежего пробоя Donchian на последней закрытой свече,,rejected,,
0.03120000000000007,no_fresh_breakout,15,AUCTION-USDT-SWAP,4.961,нет свежего пробоя Donchian на последней закрытой свече,,rejected,,
0.008499999999999985,no_fresh_breakout,15,AXS-USDT-SWAP,1.1928,нет свежего пробоя Donchian на последней закрытой свече,,rejected,,
4.070000000000005,no_fresh_breakout,15,BNB-USDT-SWAP,725.0,нет свежего пробоя Donchian на последней закрытой свече,,rejected,,
2.200000000000002e-06,no_fresh_breakout,15,BOME-USDT-SWAP,0.000425,нет свежего пробоя Donchian на последней закрытой свече,,rejected,,
252.44499999999897,no_fresh_breakout,15,BTC-USDT-SWAP,69990.2,нет свежего пробоя Donchian на последней закрытой свече,,rejected,,
0.0,закрытие_не_удержалось_выше_канала,15,CFX-USDT-SWAP,0.0,закрытие не удержалось выше канала,long,rejected,Turtle 20,
0.00029849999999999983,no_fresh_breakout,15,CHZ-USDT-SWAP,0.03562,нет свежего пробоя Donchian на последней закрытой свече,,rejected,,
0.10300000000000012,no_fresh_breakout,15,COMP-USDT-SWAP,18.5,нет свежего пробоя Donchian на последней закрытой свече,,rejected,,
0.002335000000000001,no_fresh_breakout,15,CRV-USDT-SWAP,0.2378,нет свежего пробоя Donchian на последней закрытой свече,,rejected,,
0.0007025000000000011,no_fresh_breakout,15,DOGE-USDT-SWAP,0.094,нет свежего пробоя Donchian на последней закрытой свече,,rejected,,
0.022150000000000024,no_fresh_breakout,15,DOT-USDT-SWAP,1.538,нет свежего пробоя Donchian на последней закрытой свече,,rejected,,
20.9875,no_fresh_breakout,15,ETH-USDT-SWAP,2222.59,нет свежего пробоя Donchian на последней закрытой свече,,rejected,,
0.023085,no_fresh_breakout,15,ETHW-USDT-SWAP,0.3581,нет свежего пробоя Donchian на последней закрытой свече,,rejected,,
0.00040000000000000034,no_fresh_breakout,15,FIL-USDT-SWAP,0.909,нет свежего пробоя Donchian на последней закрытой свече,,rejected,,
1.8699999999999957e-07,no_fresh_breakout,15,FLOKI-USDT-SWAP,2.95e-05,нет свежего пробоя Donchian на последней закрытой свече,,rejected,,
2.599999999999998e-05,no_fresh_breakout,15,GMT-USDT-SWAP,0.01094,нет свежего пробоя Donchian на последней закрытой свече,,rejected,,
4.300000000000016e-05,no_fresh_breakout,15,HOME-USDT-SWAP,0.02121,нет свежего пробоя Donchian на последней закрытой свече,,rejected,,
0.01715000000000002,no_fresh_breakout,15,ICP-USDT-SWAP,2.527,нет свежего пробоя Donchian на последней закрытой свече,,rejected,,
0.013850000000000052,no_fresh_breakout,15,INJ-USDT-SWAP,3.005,нет свежего пробоя Donchian на последней закрытой свече,,rejected,,
1.4499999999999929e-05,no_fresh_breakout,15,IOTA-USDT-SWAP,0.06254,нет свежего пробоя Donchian на последней закрытой свече,,rejected,,
0.0002899999999999986,no_fresh_breakout,15,JUP-USDT-SWAP,0.1619,нет свежего пробоя Donchian на последней закрытой свече,,rejected,,
0.025050000000000107,no_fresh_breakout,15,KSM-USDT-SWAP,4.521,нет свежего пробоя Donchian на последней закрытой свече,,rejected,,
0.0018000000000000017,no_fresh_breakout,15,LDO-USDT-SWAP,0.2993,нет свежего пробоя Donchian на последней закрытой свече,,rejected,,
0.040449999999999785,no_fresh_breakout,15,LINK-USDT-SWAP,9.098,нет свежего пробоя Donchian на последней закрытой свече,,rejected,,
0.001100000000000001,no_fresh_breakout,15,LIT-USDT-SWAP,1.12,нет свежего пробоя Donchian на последней закрытой свече,,rejected,,
0.002949999999999986,no_fresh_breakout,15,LPT-USDT-SWAP,2.229,нет свежего пробоя Donchian на последней закрытой свече,,rejected,,
4.9999999999998654e-05,no_fresh_breakout,16,1INCH-USDT-SWAP,0.0966,нет свежего пробоя Donchian на последней закрытой свече,,rejected,,
0.0010250000000000023,no_fresh_breakout,16,2Z-USDT-SWAP,0.0773,нет свежего пробоя Donchian на последней закрытой свече,,rejected,,
9.49999999999996e-06,no_fresh_breakout,16,ACT-USDT-SWAP,0.0136,нет свежего пробоя Donchian на последней закрытой свече,,rejected,,
2.099999999999984e-05,no_fresh_breakout,16,AI16Z-USDT-SWAP,0.05929,нет свежего пробоя Donchian на последней закрытой свече,,rejected,,
0.0006449999999999991,no_fresh_breakout,16,ARB-USDT-SWAP,0.1006,нет свежего пробоя Donchian на последней закрытой свече,,rejected,,
0.009470000000000001,no_fresh_breakout,16,ASTER-USDT-SWAP,0.6875,нет свежего пробоя Donchian на последней закрытой свече,,rejected,,
0.03100000000000005,no_fresh_breakout,16,AUCTION-USDT-SWAP,4.966,нет свежего пробоя Donchian на последней закрытой свече,,rejected,,
0.008584999999999999,no_fresh_breakout,16,AXS-USDT-SWAP,1.1909,нет свежего пробоя Donchian на последней закрытой свече,,rejected,,
3.990000000000009,no_fresh_breakout,16,BNB-USDT-SWAP,725.0,нет свежего пробоя Donchian на последней закрытой свече,,rejected,,
2.1500000000000036e-06,no_fresh_breakout,16,BOME-USDT-SWAP,0.000425,нет свежего пробоя Donchian на последней закрытой свече,,rejected,,
260.8499999999993,no_fresh_breakout,16,BTC-USDT-SWAP,69972.1,нет свежего пробоя Donchian на последней закрытой свече,,rejected,,
0.0004924999999999988,no_fresh_breakout,16,CFX-USDT-SWAP,0.06219,нет свежего пробоя Donchian на последней закрытой свече,,rejected,,
0.0002905000000000001,no_fresh_breakout,16,CHZ-USDT-SWAP,0.03563,нет свежего пробоя Donchian на последней закрытой свече,,rejected,,
0.0,закрытие_не_удержалось_ниже_канала,16,COMP-USDT-SWAP,0.0,закрытие не удержалось ниже канала,short,rejected,Turtle 20,
0.002375000000000002,no_fresh_breakout,16,CRV-USDT-SWAP,0.2377,нет свежего пробоя Donchian на последней закрытой свече,,rejected,,
0.0006475000000000016,no_fresh_breakout,16,DOGE-USDT-SWAP,0.0939,нет свежего пробоя Donchian на последней закрытой свече,,rejected,,
0.022850000000000027,no_fresh_breakout,16,DOT-USDT-SWAP,1.537,нет свежего пробоя Donchian на последней закрытой свече,,rejected,,
19.783500000000004,no_fresh_breakout,16,ETH-USDT-SWAP,2228.94,нет свежего пробоя Donchian на последней закрытой свече,,rejected,,
0.022195000000000006,no_fresh_breakout,16,ETHW-USDT-SWAP,0.3627,нет свежего пробоя Donchian на последней закрытой свече,,rejected,,
0.0004500000000000004,no_fresh_breakout,16,FIL-USDT-SWAP,0.91,нет свежего пробоя Donchian на последней закрытой свече,,rejected,,
1.8549999999999967e-07,no_fresh_breakout,16,FLOKI-USDT-SWAP,2.95e-05,нет свежего пробоя Donchian на последней закрытой свече,,rejected,,
2.599999999999998e-05,no_fresh_breakout,16,GMT-USDT-SWAP,0.01094,нет свежего пробоя Donchian на последней закрытой свече,,rejected,,
3.6500000000000074e-05,no_fresh_breakout,16,HOME-USDT-SWAP,0.02121,нет свежего пробоя Donchian на последней закрытой свече,,rejected,,
0.01785000000000001,no_fresh_breakout,16,ICP-USDT-SWAP,2.528,нет свежего пробоя Donchian на последней закрытой свече,,rejected,,
0.014450000000000051,no_fresh_breakout,16,INJ-USDT-SWAP,3.005,нет свежего пробоя Donchian на последней закрытой свече,,rejected,,
1.4499999999999929e-05,no_fresh_breakout,16,IOTA-USDT-SWAP,0.06254,нет свежего пробоя Donchian на последней закрытой свече,,rejected,,
0.0002899999999999986,no_fresh_breakout,16,JUP-USDT-SWAP,0.1619,нет свежего пробоя Donchian на последней закрытой свече,,rejected,,
0.025050000000000107,no_fresh_breakout,16,KSM-USDT-SWAP,4.521,нет свежего пробоя Donchian на последней закрытой свече,,rejected,,
0.0018000000000000017,no_fresh_breakout,16,LDO-USDT-SWAP,0.2993,нет свежего пробоя Donchian на последней закрытой свече,,rejected,,
0.040449999999999785,no_fresh_breakout,16,LINK-USDT-SWAP,9.098,нет свежего пробоя Donchian на последней закрытой свече,,rejected,,
0.001100000000000001,no_fresh_breakout,16,LIT-USDT-SWAP,1.12,нет свежего пробоя Donchian на последней закрытой свече,,rejected,,
0.002949999999999986,no_fresh_breakout,16,LPT-USDT-SWAP,2.229,нет свежего пробоя Donchian на последней закрытой свече,,rejected,,
0.445999999999999,no_fresh_breakout,16,LTC-USDT-SWAP,55.33,нет свежего пробоя Donchian на последней закрытой свече,,rejected,,
0.004346000000000002,no_fresh_breakout,16,MAGIC-USDT-SWAP,0.06213,нет свежего пробоя Donchian на последней закрытой свече,,rejected,,
4.9999999999998654e-05,no_fresh_breakout,17,1INCH-USDT-SWAP,0.0966,нет свежего пробоя Donchian на последней закрытой свече,,rejected,,
0.0010250000000000023,no_fresh_breakout,17,2Z-USDT-SWAP,0.0773,нет свежего пробоя Donchian на последней закрытой свече,,rejected,,
9.49999999999996e-06,no_fresh_breakout,17,ACT-USDT-SWAP,0.0136,нет свежего пробоя Donchian на последней закрытой свече,,rejected,,
2.099999999999984e-05,no_fresh_breakout,17,AI16Z-USDT-SWAP,0.05929,нет свежего пробоя Donchian на последней закрытой свече,,rejected,,
0.0006449999999999991,no_fresh_breakout,17,ARB-USDT-SWAP,0.1006,нет свежего пробоя Donchian на последней закрытой свече,,rejected,,
0.009470000000000001,no_fresh_breakout,17,ASTER-USDT-SWAP,0.6875,нет свежего пробоя Donchian на последней закрытой свече,,rejected,,
0.03100000000000005,no_fresh_breakout,17,AUCTION-USDT-SWAP,4.966,нет свежего пробоя Donchian на последней закрытой свече,,rejected,,
0.008584999999999999,no_fresh_breakout,17,AXS-USDT-SWAP,1.1909,нет свежего пробоя Donchian на последней закрытой свече,,rejected,,
3.990000000000009,no_fresh_breakout,17,BNB-USDT-SWAP,725.0,нет свежего пробоя Donchian на последней закрытой свече,,rejected,,
2.1500000000000036e-06,no_fresh_breakout,17,BOME-USDT-SWAP,0.000425,нет свежего пробоя Donchian на последней закрытой свече,,rejected,,
260.8499999999993,no_fresh_breakout,17,BTC-USDT-SWAP,69972.1,нет свежего пробоя Donchian на последней закрытой свече,,rejected,,
0.0004924999999999988,no_fresh_breakout,17,CFX-USDT-SWAP,0.06219,нет свежего пробоя Donchian на последней закрытой свече,,rejected,,
0.0002905000000000001,no_fresh_breakout,17,CHZ-USDT-SWAP,0.03563,нет свежего пробоя Donchian на последней закрытой свече,,rejected,,
0.0,закрытие_не_удержалось_ниже_канала,17,COMP-USDT-SWAP,0.0,закрытие не удержалось ниже канала,short,rejected,Turtle 20,
0.002375000000000002,no_fresh_breakout,17,CRV-USDT-SWAP,0.2377,нет свежего пробоя Donchian на последней закрытой свече,,rejected,,
0.0006475000000000016,no_fresh_breakout,17,DOGE-USDT-SWAP,0.0939,нет свежего пробоя Donchian на последней закрытой свече,,rejected,,
0.022850000000000027,no_fresh_breakout,17,DOT-USDT-SWAP,1.537,нет свежего пробоя Donchian на последней закрытой свече,,rejected,,
19.783500000000004,no_fresh_breakout,17,ETH-USDT-SWAP,2228.94,нет свежего пробоя Donchian на последней закрытой свече,,rejected,,
0.022195000000000006,no_fresh_breakout,17,ETHW-USDT-SWAP,0.3627,нет свежего пробоя Donchian на последней закрытой свече,,rejected,,
0.0004500000000000004,no_fresh_breakout,17,FIL-USDT-SWAP,0.91,нет свежего пробоя Donchian на последней закрытой свече,,rejected,,
1.8549999999999967e-07,no_fresh_breakout,17,FLOKI-USDT-SWAP,2.95e-05,нет свежего пробоя Donchian на последней закрытой свече,,rejected,,
2.599999999999998e-05,no_fresh_breakout,17,GMT-USDT-SWAP,0.01094,нет свежего пробоя Donchian на последней закрытой свече,,rejected,,
3.6500000000000074e-05,no_fresh_breakout,17,HOME-USDT-SWAP,0.02121,нет свежего пробоя Donchian на последней закрытой свече,,rejected,,
0.01785000000000001,no_fresh_breakout,17,ICP-USDT-SWAP,2.528,нет свежего пробоя Donchian на последней закрытой свече,,rejected,,
0.014450000000000051,no_fresh_breakout,17,INJ-USDT-SWAP,3.005,нет свежего пробоя Donchian на последней закрытой свече,,rejected,,
1.4499999999999929e-05,no_fresh_breakout,17,IOTA-USDT-SWAP,0.06254,нет свежего пробоя Donchian на последней закрытой свече,,rejected,,
0.0002899999999999986,no_fresh_breakout,17,JUP-USDT-SWAP,0.1619,нет свежего пробоя Donchian на последней закрытой свече,,rejected,,
0.025050000000000107,no_fresh_breakout,17,KSM-USDT-SWAP,4.521,нет свежего пробоя Donchian на последней закрытой свече,,rejected,,
0.0018000000000000017,no_fresh_breakout,17,LDO-USDT-SWAP,0.2993,нет свежего пробоя Donchian на последней закрытой свече,,rejected,,
0.040449999999999785,no_fresh_breakout,17,LINK-USDT-SWAP,9.098,нет свежего пробоя Donchian на последней закрытой свече,,rejected,,
0.001100000000000001,no_fresh_breakout,17,LIT-USDT-SWAP,1.12,нет свежего пробоя Donchian на последней закрытой свече,,rejected,,
0.002949999999999986,no_fresh_breakout,17,LPT-USDT-SWAP,2.229,нет свежего пробоя Donchian на последней закрытой свече,,rejected,,
0.445999999999999,no_fresh_breakout,17,LTC-USDT-SWAP,55.33,нет свежего пробоя Donchian на последней закрытой свече,,rejected,,
0.004346000000000002,no_fresh_breakout,17,MAGIC-USDT-SWAP,0.06213,нет свежего пробоя Donchian на последней закрытой свече,,rejected,,
0.0,atr_warmup:_цена_или_atr_недоступны_после_прогрева,17,MET-USDT-SWAP,0.0,ATR warmup: цена или ATR недоступны после прогрева,,rejected,,
4.9999999999998654e-05,no_fresh_breakout,18,1INCH-USDT-SWAP,0.0966,нет свежего пробоя Donchian на последней закрытой свече,,rejected,,
0.0010250000000000023,no_fresh_breakout,18,2Z-USDT-SWAP,0.0773,нет свежего пробоя Donchian на последней закрытой свече,,rejected,,
9.49999999999996e-06,no_fresh_breakout,18,ACT-USDT-SWAP,0.0136,нет свежего пробоя Donchian на последней закрытой свече,,rejected,,
2.099999999999984e-05,no_fresh_breakout,18,AI16Z-USDT-SWAP,0.05929,нет свежего пробоя Donchian на последней закрытой свече,,rejected,,
0.0006449999999999991,no_fresh_breakout,18,ARB-USDT-SWAP,0.1006,нет свежего пробоя Donchian на последней закрытой свече,,rejected,,
0.009470000000000001,no_fresh_breakout,18,ASTER-USDT-SWAP,0.6875,нет свежего пробоя Donchian на последней закрытой свече,,rejected,,
0.03100000000000005,no_fresh_breakout,18,AUCTION-USDT-SWAP,4.966,нет свежего пробоя Donchian на последней закрытой свече,,rejected,,
0.008584999999999999,no_fresh_breakout,18,AXS-USDT-SWAP,1.1909,нет свежего пробоя Donchian на последней закрытой свече,,rejected,,
3.990000000000009,no_fresh_breakout,18,BNB-USDT-SWAP,725.0,нет свежего пробоя Donchian на последней закрытой свече,,rejected,,
2.1500000000000036e-06,no_fresh_breakout,18,BOME-USDT-SWAP,0.000425,нет свежего пробоя Donchian на последней закрытой свече,,rejected,,
260.8499999999993,no_fresh_breakout,18,BTC-USDT-SWAP,69972.1,нет свежего пробоя Donchian на последней закрытой свече,,rejected,,
0.0004924999999999988,no_fresh_breakout,18,CFX-USDT-SWAP,0.06219,нет свежего пробоя Donchian на последней закрытой свече,,rejected,,
0.0002905000000000001,no_fresh_breakout,18,CHZ-USDT-SWAP,0.03563,нет свежего пробоя Donchian на последней закрытой свече,,rejected,,
0.0,закрытие_не_удержалось_ниже_канала,18,COMP-USDT-SWAP,0.0,закрытие не удержалось ниже канала,short,rejected,Turtle 20,
0.002375000000000002,no_fresh_breakout,18,CRV-USDT-SWAP,0.2377,нет свежего пробоя Donchian на последней закрытой свече,,rejected,,
0.0006475000000000016,no_fresh_breakout,18,DOGE-USDT-SWAP,0.0939,нет свежего пробоя Donchian на последней закрытой свече,,rejected,,
0.022850000000000027,no_fresh_breakout,18,DOT-USDT-SWAP,1.537,нет свежего пробоя Donchian на последней закрытой свече,,rejected,,
19.783500000000004,no_fresh_breakout,18,ETH-USDT-SWAP,2228.94,нет свежего пробоя Donchian на последней закрытой свече,,rejected,,
0.022195000000000006,no_fresh_breakout,18,ETHW-USDT-SWAP,0.3627,нет свежего пробоя Donchian на последней закрытой свече,,rejected,,
0.0004500000000000004,no_fresh_breakout,18,FIL-USDT-SWAP,0.91,нет свежего пробоя Donchian на последней закрытой свече,,rejected,,
1.8549999999999967e-07,no_fresh_breakout,18,FLOKI-USDT-SWAP,2.95e-05,нет свежего пробоя Donchian на последней закрытой свече,,rejected,,
2.599999999999998e-05,no_fresh_breakout,18,GMT-USDT-SWAP,0.01094,нет свежего пробоя Donchian на последней закрытой свече,,rejected,,
3.6500000000000074e-05,no_fresh_breakout,18,HOME-USDT-SWAP,0.02121,нет свежего пробоя Donchian на последней закрытой свече,,rejected,,
0.01785000000000001,no_fresh_breakout,18,ICP-USDT-SWAP,2.528,нет свежего пробоя Donchian на последней закрытой свече,,rejected,,
0.014450000000000051,no_fresh_breakout,18,INJ-USDT-SWAP,3.005,нет свежего пробоя Donchian на последней закрытой свече,,rejected,,
1.4499999999999929e-05,no_fresh_breakout,18,IOTA-USDT-SWAP,0.06254,нет свежего пробоя Donchian на последней закрытой свече,,rejected,,
0.0002899999999999986,no_fresh_breakout,18,JUP-USDT-SWAP,0.1619,нет свежего пробоя Donchian на последней закрытой свече,,rejected,,
0.025050000000000107,no_fresh_breakout,18,KSM-USDT-SWAP,4.521,нет свежего пробоя Donchian на последней закрытой свече,,rejected,,
0.0018000000000000017,no_fresh_breakout,18,LDO-USDT-SWAP,0.2993,нет свежего пробоя Donchian на последней закрытой свече,,rejected,,
0.040449999999999785,no_fresh_breakout,18,LINK-USDT-SWAP,9.098,нет свежего пробоя Donchian на последней закрытой свече,,rejected,,
0.001100000000000001,no_fresh_breakout,18,LIT-USDT-SWAP,1.12,нет свежего пробоя Donchian на последней закрытой свече,,rejected,,
0.002949999999999986,no_fresh_breakout,18,LPT-USDT-SWAP,2.229,нет свежего пробоя Donchian на последней закрытой свече,,rejected,,
0.445999999999999,no_fresh_breakout,18,LTC-USDT-SWAP,55.33,нет свежего пробоя Donchian на последней закрытой свече,,rejected,,
0.004346000000000002,no_fresh_breakout,18,MAGIC-USDT-SWAP,0.06213,нет свежего пробоя Donchian на последней закрытой свече,,rejected,,
0.0,atr_warmup:_цена_или_atr_недоступны_после_прогрева,18,MET-USDT-SWAP,0.0,ATR warmup: цена или ATR недоступны после прогрева,,rejected,,
0.0,закрытие_не_удержалось_ниже_канала,18,NEAR-USDT-SWAP,0.0,закрытие не удержалось ниже канала,short,rejected,Turtle 55,
0.0,закрытие_не_удержалось_ниже_канала,18,NEAR-USDT-SWAP,0.0,закрытие не удержалось ниже канала,short,rejected,Turtle 20,
4.9999999999998654e-05,no_fresh_breakout,19,1INCH-USDT-SWAP,0.0966,нет свежего пробоя Donchian на последней закрытой свече,,rejected,,
0.0010250000000000023,no_fresh_breakout,19,2Z-USDT-SWAP,0.0773,нет свежего пробоя Donchian на последней закрытой свече,,rejected,,
9.49999999999996e-06,no_fresh_breakout,19,ACT-USDT-SWAP,0.0136,нет свежего пробоя Donchian на последней закрытой свече,,rejected,,
2.099999999999984e-05,no_fresh_breakout,19,AI16Z-USDT-SWAP,0.05929,нет свежего пробоя Donchian на последней закрытой свече,,rejected,,
0.0006449999999999991,no_fresh_breakout,19,ARB-USDT-SWAP,0.1006,нет свежего пробоя Donchian на последней закрытой свече,,rejected,,
0.009470000000000001,no_fresh_breakout,19,ASTER-USDT-SWAP,0.6875,нет свежего пробоя Donchian на последней закрытой свече,,rejected,,
0.03100000000000005,no_fresh_breakout,19,AUCTION-USDT-SWAP,4.966,нет свежего пробоя Donchian на последней закрытой свече,,rejected,,
0.008584999999999999,no_fresh_breakout,19,AXS-USDT-SWAP,1.1909,нет свежего пробоя Donchian на последней закрытой свече,,rejected,,
3.990000000000009,no_fresh_breakout,19,BNB-USDT-SWAP,725.0,нет свежего пробоя Donchian на последней закрытой свече,,rejected,,
2.1500000000000036e-06,no_fresh_breakout,19,BOME-USDT-SWAP,0.000425,нет свежего пробоя Donchian на последней закрытой свече,,rejected,,
260.8499999999993,no_fresh_breakout,19,BTC-USDT-SWAP,69972.1,нет свежего пробоя Donchian на последней закрытой свече,,rejected,,
0.0004924999999999988,no_fresh_breakout,19,CFX-USDT-SWAP,0.06219,нет свежего пробоя Donchian на последней закрытой свече,,rejected,,
0.0002905000000000001,no_fresh_breakout,19,CHZ-USDT-SWAP,0.03563,нет свежего пробоя Donchian на последней закрытой свече,,rejected,,
0.0,закрытие_не_удержалось_ниже_канала,19,COMP-USDT-SWAP,0.0,закрытие не удержалось ниже канала,short,rejected,Turtle 20,
0.002375000000000002,no_fresh_breakout,19,CRV-USDT-SWAP,0.2377,нет свежего пробоя Donchian на последней закрытой свече,,rejected,,
0.0006475000000000016,no_fresh_breakout,19,DOGE-USDT-SWAP,0.0939,нет свежего пробоя Donchian на последней закрытой свече,,rejected,,
0.022850000000000027,no_fresh_breakout,19,DOT-USDT-SWAP,1.537,нет свежего пробоя Donchian на последней закрытой свече,,rejected,,
19.783500000000004,no_fresh_breakout,19,ETH-USDT-SWAP,2228.94,нет свежего пробоя Donchian на последней закрытой свече,,rejected,,
0.022195000000000006,no_fresh_breakout,19,ETHW-USDT-SWAP,0.3627,нет свежего пробоя Donchian на последней закрытой свече,,rejected,,
0.0004500000000000004,no_fresh_breakout,19,FIL-USDT-SWAP,0.91,нет свежего пробоя Donchian на последней закрытой свече,,rejected,,
1.8549999999999967e-07,no_fresh_breakout,19,FLOKI-USDT-SWAP,2.95e-05,нет свежего пробоя Donchian на последней закрытой свече,,rejected,,
2.599999999999998e-05,no_fresh_breakout,19,GMT-USDT-SWAP,0.01094,нет свежего пробоя Donchian на последней закрытой свече,,rejected,,
3.6500000000000074e-05,no_fresh_breakout,19,HOME-USDT-SWAP,0.02121,нет свежего пробоя Donchian на последней закрытой свече,,rejected,,
0.01785000000000001,no_fresh_breakout,19,ICP-USDT-SWAP,2.528,нет свежего пробоя Donchian на последней закрытой свече,,rejected,,
0.014450000000000051,no_fresh_breakout,19,INJ-USDT-SWAP,3.005,нет свежего пробоя Donchian на последней закрытой свече,,rejected,,
1.4499999999999929e-05,no_fresh_breakout,19,IOTA-USDT-SWAP,0.06254,нет свежего пробоя Donchian на последней закрытой свече,,rejected,,
0.0002899999999999986,no_fresh_breakout,19,JUP-USDT-SWAP,0.1619,нет свежего пробоя Donchian на последней закрытой свече,,rejected,,
0.025050000000000107,no_fresh_breakout,19,KSM-USDT-SWAP,4.521,нет свежего пробоя Donchian на последней закрытой свече,,rejected,,
0.0018000000000000017,no_fresh_breakout,19,LDO-USDT-SWAP,0.2993,нет свежего пробоя Donchian на последней закрытой свече,,rejected,,
0.040449999999999785,no_fresh_breakout,19,LINK-USDT-SWAP,9.098,нет свежего пробоя Donchian на последней закрытой свече,,rejected,,
0.001100000000000001,no_fresh_breakout,19,LIT-USDT-SWAP,1.12,нет свежего пробоя Donchian на последней закрытой свече,,rejected,,
0.002949999999999986,no_fresh_breakout,19,LPT-USDT-SWAP,2.229,нет свежего пробоя Donchian на последней закрытой свече,,rejected,,
0.445999999999999,no_fresh_breakout,19,LTC-USDT-SWAP,55.33,нет свежего пробоя Donchian на последней закрытой свече,,rejected,,
0.004346000000000002,no_fresh_breakout,19,MAGIC-USDT-SWAP,0.06213,нет свежего пробоя Donchian на последней закрытой свече,,rejected,,
0.0,atr_warmup:_цена_или_atr_недоступны_после_прогрева,19,MET-USDT-SWAP,0.0,ATR warmup: цена или ATR недоступны после прогрева,,rejected,,
0.0,закрытие_не_удержалось_ниже_канала,19,NEAR-USDT-SWAP,0.0,закрытие не удержалось ниже канала,short,rejected,Turtle 55,
0.0,закрытие_не_удержалось_ниже_канала,19,NEAR-USDT-SWAP,0.0,закрытие не удержалось ниже канала,short,rejected,Turtle 20,
1.5999999999999847e-07,no_fresh_breakout,19,NOT-USDT-SWAP,0.0003864,нет свежего пробоя Donchian на последней закрытой свече,,rejected,,
0.0010439999999999991,no_fresh_breakout,19,OP-USDT-SWAP,0.12196,нет свежего пробоя Donchian на последней закрытой свече,,rejected,,
4.9999999999998654e-05,no_fresh_breakout,20,1INCH-USDT-SWAP,0.0966,нет свежего пробоя Donchian на последней закрытой свече,,rejected,,
0.0010250000000000023,no_fresh_breakout,20,2Z-USDT-SWAP,0.0773,нет свежего пробоя Donchian на последней закрытой свече,,rejected,,
9.49999999999996e-06,no_fresh_breakout,20,ACT-USDT-SWAP,0.0136,нет свежего пробоя Donchian на последней закрытой свече,,rejected,,
2.099999999999984e-05,no_fresh_breakout,20,AI16Z-USDT-SWAP,0.05929,нет свежего пробоя Donchian на последней закрытой свече,,rejected,,
0.0006449999999999991,no_fresh_breakout,20,ARB-USDT-SWAP,0.1006,нет свежего пробоя Donchian на последней закрытой свече,,rejected,,
0.009470000000000001,no_fresh_breakout,20,ASTER-USDT-SWAP,0.6875,нет свежего пробоя Donchian на последней закрытой свече,,rejected,,
0.03100000000000005,no_fresh_breakout,20,AUCTION-USDT-SWAP,4.966,нет свежего пробоя Donchian на последней закрытой свече,,rejected,,
0.008584999999999999,no_fresh_breakout,20,AXS-USDT-SWAP,1.1909,нет свежего пробоя Donchian на последней закрытой свече,,rejected,,
3.990000000000009,no_fresh_breakout,20,BNB-USDT-SWAP,725.0,нет свежего пробоя Donchian на последней закрытой свече,,rejected,,
2.1500000000000036e-06,no_fresh_breakout,20,BOME-USDT-SWAP,0.000425,нет свежего пробоя Donchian на последней закрытой свече,,rejected,,
260.8499999999993,no_fresh_breakout,20,BTC-USDT-SWAP,69972.1,нет свежего пробоя Donchian на последней закрытой свече,,rejected,,
0.0004924999999999988,no_fresh_breakout,20,CFX-USDT-SWAP,0.06219,нет свежего пробоя Donchian на последней закрытой свече,,rejected,,
0.0002905000000000001,no_fresh_breakout,20,CHZ-USDT-SWAP,0.03563,нет свежего пробоя Donchian на последней закрытой свече,,rejected,,
0.0,закрытие_не_удержалось_ниже_канала,20,COMP-USDT-SWAP,0.0,закрытие не удержалось ниже канала,short,rejected,Turtle 20,
0.002375000000000002,no_fresh_breakout,20,CRV-USDT-SWAP,0.2377,нет свежего пробоя Donchian на последней закрытой свече,,rejected,,
0.0006475000000000016,no_fresh_breakout,20,DOGE-USDT-SWAP,0.0939,нет свежего пробоя Donchian на последней закрытой свече,,rejected,,
0.022850000000000027,no_fresh_breakout,20,DOT-USDT-SWAP,1.537,нет свежего пробоя Donchian на последней закрытой свече,,rejected,,
19.783500000000004,no_fresh_breakout,20,ETH-USDT-SWAP,2228.94,нет свежего пробоя Donchian на последней закрытой свече,,rejected,,
0.022195000000000006,no_fresh_breakout,20,ETHW-USDT-SWAP,0.3627,нет свежего пробоя Donchian на последней закрытой свече,,rejected,,
0.0004500000000000004,no_fresh_breakout,20,FIL-USDT-SWAP,0.91,нет свежего пробоя Donchian на последней закрытой свече,,rejected,,
1.8549999999999967e-07,no_fresh_breakout,20,FLOKI-USDT-SWAP,2.95e-05,нет свежего пробоя Donchian на последней закрытой свече,,rejected,,
2.599999999999998e-05,no_fresh_breakout,20,GMT-USDT-SWAP,0.01094,нет свежего пробоя Donchian на последней закрытой свече,,rejected,,
3.6500000000000074e-05,no_fresh_breakout,20,HOME-USDT-SWAP,0.02121,нет свежего пробоя Donchian на последней закрытой свече,,rejected,,
0.01785000000000001,no_fresh_breakout,20,ICP-USDT-SWAP,2.528,нет свежего пробоя Donchian на последней закрытой свече,,rejected,,
0.014450000000000051,no_fresh_breakout,20,INJ-USDT-SWAP,3.005,нет свежего пробоя Donchian на последней закрытой свече,,rejected,,
1.4499999999999929e-05,no_fresh_breakout,20,IOTA-USDT-SWAP,0.06254,нет свежего пробоя Donchian на последней закрытой свече,,rejected,,
0.0002899999999999986,no_fresh_breakout,20,JUP-USDT-SWAP,0.1619,нет свежего пробоя Donchian на последней закрытой свече,,rejected,,
0.025050000000000107,no_fresh_breakout,20,KSM-USDT-SWAP,4.521,нет свежего пробоя Donchian на последней закрытой свече,,rejected,,
0.0018000000000000017,no_fresh_breakout,20,LDO-USDT-SWAP,0.2993,нет свежего пробоя Donchian на последней закрытой свече,,rejected,,
0.040449999999999785,no_fresh_breakout,20,LINK-USDT-SWAP,9.098,нет свежего пробоя Donchian на последней закрытой свече,,rejected,,
0.001100000000000001,no_fresh_breakout,20,LIT-USDT-SWAP,1.12,нет свежего пробоя Donchian на последней закрытой свече,,rejected,,
0.002949999999999986,no_fresh_breakout,20,LPT-USDT-SWAP,2.229,нет свежего пробоя Donchian на последней закрытой свече,,rejected,,
0.445999999999999,no_fresh_breakout,20,LTC-USDT-SWAP,55.33,нет свежего пробоя Donchian на последней закрытой свече,,rejected,,
0.004346000000000002,no_fresh_breakout,20,MAGIC-USDT-SWAP,0.06213,нет свежего пробоя Donchian на последней закрытой свече,,rejected,,
0.0,atr_warmup:_цена_или_atr_недоступны_после_прогрева,20,MET-USDT-SWAP,0.0,ATR warmup: цена или ATR недоступны после прогрева,,rejected,,
0.0,закрытие_не_удержалось_ниже_канала,20,NEAR-USDT-SWAP,0.0,закрытие не удержалось ниже канала,short,rejected,Turtle 55,
0.0,закрытие_не_удержалось_ниже_канала,20,NEAR-USDT-SWAP,0.0,закрытие не удержалось ниже канала,short,rejected,Turtle 20,
1.5999999999999847e-07,no_fresh_breakout,20,NOT-USDT-SWAP,0.0003864,нет свежего пробоя Donchian на последней закрытой свече,,rejected,,
0.0010439999999999991,no_fresh_breakout,20,OP-USDT-SWAP,0.12196,нет свежего пробоя Donchian на последней закрытой свече,,rejected,,
0.00025049999999999866,no_fresh_breakout,20,RESOLV-USDT-SWAP,0.06317,нет свежего пробоя Donchian на последней закрытой свече,,rejected,,
4.9999999999998654e-05,no_fresh_breakout,21,1INCH-USDT-SWAP,0.0966,нет свежего пробоя Donchian на последней закрытой свече,,rejected,,
0.0010250000000000023,no_fresh_breakout,21,2Z-USDT-SWAP,0.0773,нет свежего пробоя Donchian на последней закрытой свече,,rejected,,
9.49999999999996e-06,no_fresh_breakout,21,ACT-USDT-SWAP,0.0136,нет свежего пробоя Donchian на последней закрытой свече,,rejected,,
2.099999999999984e-05,no_fresh_breakout,21,AI16Z-USDT-SWAP,0.05929,нет свежего пробоя Donchian на последней закрытой свече,,rejected,,
0.0006449999999999991,no_fresh_breakout,21,ARB-USDT-SWAP,0.1006,нет свежего пробоя Donchian на последней закрытой свече,,rejected,,
0.009470000000000001,no_fresh_breakout,21,ASTER-USDT-SWAP,0.6875,нет свежего пробоя Donchian на последней закрытой свече,,rejected,,
0.03100000000000005,no_fresh_breakout,21,AUCTION-USDT-SWAP,4.966,нет свежего пробоя Donchian на последней закрытой свече,,rejected,,
0.008584999999999999,no_fresh_breakout,21,AXS-USDT-SWAP,1.1909,нет свежего пробоя Donchian на последней закрытой свече,,rejected,,
3.990000000000009,no_fresh_breakout,21,BNB-USDT-SWAP,725.0,нет свежего пробоя Donchian на последней закрытой свече,,rejected,,
2.1500000000000036e-06,no_fresh_breakout,21,BOME-USDT-SWAP,0.000425,нет свежего пробоя Donchian на последней закрытой свече,,rejected,,
260.8499999999993,no_fresh_breakout,21,BTC-USDT-SWAP,69972.1,нет свежего пробоя Donchian на последней закрытой свече,,rejected,,
0.0004924999999999988,no_fresh_breakout,21,CFX-USDT-SWAP,0.06219,нет свежего пробоя Donchian на последней закрытой свече,,rejected,,
0.0002905000000000001,no_fresh_breakout,21,CHZ-USDT-SWAP,0.03563,нет свежего пробоя Donchian на последней закрытой свече,,rejected,,
0.0,закрытие_не_удержалось_ниже_канала,21,COMP-USDT-SWAP,0.0,закрытие не удержалось ниже канала,short,rejected,Turtle 20,
0.002375000000000002,no_fresh_breakout,21,CRV-USDT-SWAP,0.2377,нет свежего пробоя Donchian на последней закрытой свече,,rejected,,
0.0006475000000000016,no_fresh_breakout,21,DOGE-USDT-SWAP,0.0939,нет свежего пробоя Donchian на последней закрытой свече,,rejected,,
0.022850000000000027,no_fresh_breakout,21,DOT-USDT-SWAP,1.537,нет свежего пробоя Donchian на последней закрытой свече,,rejected,,
19.783500000000004,no_fresh_breakout,21,ETH-USDT-SWAP,2228.94,нет свежего пробоя Donchian на последней закрытой свече,,rejected,,
0.022195000000000006,no_fresh_breakout,21,ETHW-USDT-SWAP,0.3627,нет свежего пробоя Donchian на последней закрытой свече,,rejected,,
0.0004500000000000004,no_fresh_breakout,21,FIL-USDT-SWAP,0.91,нет свежего пробоя Donchian на последней закрытой свече,,rejected,,
1.8549999999999967e-07,no_fresh_breakout,21,FLOKI-USDT-SWAP,2.95e-05,нет свежего пробоя Donchian на последней закрытой свече,,rejected,,
2.599999999999998e-05,no_fresh_breakout,21,GMT-USDT-SWAP,0.01094,нет свежего пробоя Donchian на последней закрытой свече,,rejected,,
3.6500000000000074e-05,no_fresh_breakout,21,HOME-USDT-SWAP,0.02121,нет свежего пробоя Donchian на последней закрытой свече,,rejected,,
0.01785000000000001,no_fresh_breakout,21,ICP-USDT-SWAP,2.528,нет свежего пробоя Donchian на последней закрытой свече,,rejected,,
0.014450000000000051,no_fresh_breakout,21,INJ-USDT-SWAP,3.005,нет свежего пробоя Donchian на последней закрытой свече,,rejected,,
1.4499999999999929e-05,no_fresh_breakout,21,IOTA-USDT-SWAP,0.06254,нет свежего пробоя Donchian на последней закрытой свече,,rejected,,
0.0002899999999999986,no_fresh_breakout,21,JUP-USDT-SWAP,0.1619,нет свежего пробоя Donchian на последней закрытой свече,,rejected,,
0.025050000000000107,no_fresh_breakout,21,KSM-USDT-SWAP,4.521,нет свежего пробоя Donchian на последней закрытой свече,,rejected,,
0.0018000000000000017,no_fresh_breakout,21,LDO-USDT-SWAP,0.2993,нет свежего пробоя Donchian на последней закрытой свече,,rejected,,
0.040449999999999785,no_fresh_breakout,21,LINK-USDT-SWAP,9.098,нет свежего пробоя Donchian на последней закрытой свече,,rejected,,
0.001100000000000001,no_fresh_breakout,21,LIT-USDT-SWAP,1.12,нет свежего пробоя Donchian на последней закрытой свече,,rejected,,
0.002949999999999986,no_fresh_breakout,21,LPT-USDT-SWAP,2.229,нет свежего пробоя Donchian на последней закрытой свече,,rejected,,
0.445999999999999,no_fresh_breakout,21,LTC-USDT-SWAP,55.33,нет свежего пробоя Donchian на последней закрытой свече,,rejected,,
0.004346000000000002,no_fresh_breakout,21,MAGIC-USDT-SWAP,0.06213,нет свежего пробоя Donchian на последней закрытой свече,,rejected,,
0.0,atr_warmup:_цена_или_atr_недоступны_после_прогрева,21,MET-USDT-SWAP,0.0,ATR warmup: цена или ATR недоступны после прогрева,,rejected,,
0.0,закрытие_не_удержалось_ниже_канала,21,NEAR-USDT-SWAP,0.0,закрытие не удержалось ниже канала,short,rejected,Turtle 55,
0.0,закрытие_не_удержалось_ниже_канала,21,NEAR-USDT-SWAP,0.0,закрытие не удержалось ниже канала,short,rejected,Turtle 20,
1.5999999999999847e-07,no_fresh_breakout,21,NOT-USDT-SWAP,0.0003864,нет свежего пробоя Donchian на последней закрытой свече,,rejected,,
0.0010439999999999991,no_fresh_breakout,21,OP-USDT-SWAP,0.12196,нет свежего пробоя Donchian на последней закрытой свече,,rejected,,
0.00025049999999999866,no_fresh_breakout,21,RESOLV-USDT-SWAP,0.06317,нет свежего пробоя Donchian на последней закрытой свече,,rejected,,
5.399999999999988e-05,no_fresh_breakout,21,SKY-USDT-SWAP,0.03269,нет свежего пробоя Donchian на последней закрытой свече,,rejected,,
4.9999999999998654e-05,no_fresh_breakout,22,1INCH-USDT-SWAP,0.0966,нет свежего пробоя Donchian на последней закрытой свече,,rejected,,
0.0010250000000000023,no_fresh_breakout,22,2Z-USDT-SWAP,0.0773,нет свежего пробоя Donchian на последней закрытой свече,,rejected,,
9.49999999999996e-06,no_fresh_breakout,22,ACT-USDT-SWAP,0.0136,нет свежего пробоя Donchian на последней закрытой свече,,rejected,,
2.099999999999984e-05,no_fresh_breakout,22,AI16Z-USDT-SWAP,0.05929,нет свежего пробоя Donchian на последней закрытой свече,,rejected,,
0.0006449999999999991,no_fresh_breakout,22,ARB-USDT-SWAP,0.1006,нет свежего пробоя Donchian на последней закрытой свече,,rejected,,
0.009470000000000001,no_fresh_breakout,22,ASTER-USDT-SWAP,0.6875,нет свежего пробоя Donchian на последней закрытой свече,,rejected,,
0.03100000000000005,no_fresh_breakout,22,AUCTION-USDT-SWAP,4.966,нет свежего пробоя Donchian на последней закрытой свече,,rejected,,
0.008584999999999999,no_fresh_breakout,22,AXS-USDT-SWAP,1.1909,нет свежего пробоя Donchian на последней закрытой свече,,rejected,,
3.990000000000009,no_fresh_breakout,22,BNB-USDT-SWAP,725.0,нет свежего пробоя Donchian на последней закрытой свече,,rejected,,
2.1500000000000036e-06,no_fresh_breakout,22,BOME-USDT-SWAP,0.000425,нет свежего пробоя Donchian на последней закрытой свече,,rejected,,
260.8499999999993,no_fresh_breakout,22,BTC-USDT-SWAP,69972.1,нет свежего пробоя Donchian на последней закрытой свече,,rejected,,
0.0004924999999999988,no_fresh_breakout,22,CFX-USDT-SWAP,0.06219,нет свежего пробоя Donchian на последней закрытой свече,,rejected,,
0.0002905000000000001,no_fresh_breakout,22,CHZ-USDT-SWAP,0.03563,нет свежего пробоя Donchian на последней закрытой свече,,rejected,,
0.0,закрытие_не_удержалось_ниже_канала,22,COMP-USDT-SWAP,0.0,закрытие не удержалось ниже канала,short,rejected,Turtle 20,
0.002375000000000002,no_fresh_breakout,22,CRV-USDT-SWAP,0.2377,нет свежего пробоя Donchian на последней закрытой свече,,rejected,,
0.0006475000000000016,no_fresh_breakout,22,DOGE-USDT-SWAP,0.0939,нет свежего пробоя Donchian на последней закрытой свече,,rejected,,
0.022850000000000027,no_fresh_breakout,22,DOT-USDT-SWAP,1.537,нет свежего пробоя Donchian на последней закрытой свече,,rejected,,
19.783500000000004,no_fresh_breakout,22,ETH-USDT-SWAP,2228.94,нет свежего пробоя Donchian на последней закрытой свече,,rejected,,
0.022195000000000006,no_fresh_breakout,22,ETHW-USDT-SWAP,0.3627,нет свежего пробоя Donchian на последней закрытой свече,,rejected,,
0.0004500000000000004,no_fresh_breakout,22,FIL-USDT-SWAP,0.91,нет свежего пробоя Donchian на последней закрытой свече,,rejected,,
1.8549999999999967e-07,no_fresh_breakout,22,FLOKI-USDT-SWAP,2.95e-05,нет свежего пробоя Donchian на последней закрытой свече,,rejected,,
2.599999999999998e-05,no_fresh_breakout,22,GMT-USDT-SWAP,0.01094,нет свежего пробоя Donchian на последней закрытой свече,,rejected,,
3.6500000000000074e-05,no_fresh_breakout,22,HOME-USDT-SWAP,0.02121,нет свежего пробоя Donchian на последней закрытой свече,,rejected,,
0.01785000000000001,no_fresh_breakout,22,ICP-USDT-SWAP,2.528,нет свежего пробоя Donchian на последней закрытой свече,,rejected,,
0.014450000000000051,no_fresh_breakout,22,INJ-USDT-SWAP,3.005,нет свежего пробоя Donchian на последней закрытой свече,,rejected,,
1.4499999999999929e-05,no_fresh_breakout,22,IOTA-USDT-SWAP,0.06254,нет свежего пробоя Donchian на последней закрытой свече,,rejected,,
0.0002899999999999986,no_fresh_breakout,22,JUP-USDT-SWAP,0.1619,нет свежего пробоя Donchian на последней закрытой свече,,rejected,,
0.025050000000000107,no_fresh_breakout,22,KSM-USDT-SWAP,4.521,нет свежего пробоя Donchian на последней закрытой свече,,rejected,,
0.0018000000000000017,no_fresh_breakout,22,LDO-USDT-SWAP,0.2993,нет свежего пробоя Donchian на последней закрытой свече,,rejected,,
0.040449999999999785,no_fresh_breakout,22,LINK-USDT-SWAP,9.098,нет свежего пробоя Donchian на последней закрытой свече,,rejected,,
0.001100000000000001,no_fresh_breakout,22,LIT-USDT-SWAP,1.12,нет свежего пробоя Donchian на последней закрытой свече,,rejected,,
0.002949999999999986,no_fresh_breakout,22,LPT-USDT-SWAP,2.229,нет свежего пробоя Donchian на последней закрытой свече,,rejected,,
0.445999999999999,no_fresh_breakout,22,LTC-USDT-SWAP,55.33,нет свежего пробоя Donchian на последней закрытой свече,,rejected,,
0.004346000000000002,no_fresh_breakout,22,MAGIC-USDT-SWAP,0.06213,нет свежего пробоя Donchian на последней закрытой свече,,rejected,,
0.0,atr_warmup:_цена_или_atr_недоступны_после_прогрева,22,MET-USDT-SWAP,0.0,ATR warmup: цена или ATR недоступны после прогрева,,rejected,,
0.0,закрытие_не_удержалось_ниже_канала,22,NEAR-USDT-SWAP,0.0,закрытие не удержалось ниже канала,short,rejected,Turtle 55,
0.0,закрытие_не_удержалось_ниже_канала,22,NEAR-USDT-SWAP,0.0,закрытие не удержалось ниже канала,short,rejected,Turtle 20,
1.5999999999999847e-07,no_fresh_breakout,22,NOT-USDT-SWAP,0.0003864,нет свежего пробоя Donchian на последней закрытой свече,,rejected,,
0.0010439999999999991,no_fresh_breakout,22,OP-USDT-SWAP,0.12196,нет свежего пробоя Donchian на последней закрытой свече,,rejected,,
0.00025049999999999866,no_fresh_breakout,22,RESOLV-USDT-SWAP,0.06317,нет свежего пробоя Donchian на последней закрытой свече,,rejected,,
5.399999999999988e-05,no_fresh_breakout,22,SKY-USDT-SWAP,0.03269,нет свежего пробоя Donchian на последней закрытой свече,,rejected,,
4.9999999999998654e-05,no_fresh_breakout,23,1INCH-USDT-SWAP,0.0966,нет свежего пробоя Donchian на последней закрытой свече,,rejected,,
0.0010250000000000023,no_fresh_breakout,23,2Z-USDT-SWAP,0.0773,нет свежего пробоя Donchian на последней закрытой свече,,rejected,,
9.49999999999996e-06,no_fresh_breakout,23,ACT-USDT-SWAP,0.0136,нет свежего пробоя Donchian на последней закрытой свече,,rejected,,
2.099999999999984e-05,no_fresh_breakout,23,AI16Z-USDT-SWAP,0.05929,нет свежего пробоя Donchian на последней закрытой свече,,rejected,,
0.0006449999999999991,no_fresh_breakout,23,ARB-USDT-SWAP,0.1006,нет свежего пробоя Donchian на последней закрытой свече,,rejected,,
0.009470000000000001,no_fresh_breakout,23,ASTER-USDT-SWAP,0.6875,нет свежего пробоя Donchian на последней закрытой свече,,rejected,,
0.03100000000000005,no_fresh_breakout,23,AUCTION-USDT-SWAP,4.966,нет свежего пробоя Donchian на последней закрытой свече,,rejected,,
0.008584999999999999,no_fresh_breakout,23,AXS-USDT-SWAP,1.1909,нет свежего пробоя Donchian на последней закрытой свече,,rejected,,
3.990000000000009,no_fresh_breakout,23,BNB-USDT-SWAP,725.0,нет свежего пробоя Donchian на последней закрытой свече,,rejected,,
2.1500000000000036e-06,no_fresh_breakout,23,BOME-USDT-SWAP,0.000425,нет свежего пробоя Donchian на последней закрытой свече,,rejected,,
260.8499999999993,no_fresh_breakout,23,BTC-USDT-SWAP,69972.1,нет свежего пробоя Donchian на последней закрытой свече,,rejected,,
0.0004924999999999988,no_fresh_breakout,23,CFX-USDT-SWAP,0.06219,нет свежего пробоя Donchian на последней закрытой свече,,rejected,,
0.0002905000000000001,no_fresh_breakout,23,CHZ-USDT-SWAP,0.03563,нет свежего пробоя Donchian на последней закрытой свече,,rejected,,
0.0,закрытие_не_удержалось_ниже_канала,23,COMP-USDT-SWAP,0.0,закрытие не удержалось ниже канала,short,rejected,Turtle 20,
0.002375000000000002,no_fresh_breakout,23,CRV-USDT-SWAP,0.2377,нет свежего пробоя Donchian на последней закрытой свече,,rejected,,
0.0006475000000000016,no_fresh_breakout,23,DOGE-USDT-SWAP,0.0939,нет свежего пробоя Donchian на последней закрытой свече,,rejected,,
0.022850000000000027,no_fresh_breakout,23,DOT-USDT-SWAP,1.537,нет свежего пробоя Donchian на последней закрытой свече,,rejected,,
19.783500000000004,no_fresh_breakout,23,ETH-USDT-SWAP,2228.94,нет свежего пробоя Donchian на последней закрытой свече,,rejected,,
0.020790000000000006,no_fresh_breakout,23,ETHW-USDT-SWAP,0.3627,нет свежего пробоя Donchian на последней закрытой свече,,rejected,,
0.0004500000000000004,no_fresh_breakout,23,FIL-USDT-SWAP,0.91,нет свежего пробоя Donchian на последней закрытой свече,,rejected,,
1.8549999999999967e-07,no_fresh_breakout,23,FLOKI-USDT-SWAP,2.95e-05,нет свежего пробоя Donchian на последней закрытой свече,,rejected,,
4.49999999999999e-06,no_fresh_breakout,23,GMT-USDT-SWAP,0.01094,нет свежего пробоя Donchian на последней закрытой свече,,rejected,,
2.9500000000000185e-05,no_fresh_breakout,23,HOME-USDT-SWAP,0.02121,нет свежего пробоя Donchian на последней закрытой свече,,rejected,,
0.016800000000000037,no_fresh_breakout,23,ICP-USDT-SWAP,2.526,нет свежего пробоя Donchian на последней закрытой свече,,rejected,,
0.014450000000000051,no_fresh_breakout,23,INJ-USDT-SWAP,3.005,нет свежего пробоя Donchian на последней закрытой свече,,rejected,,
1.2000000000000205e-05,no_fresh_breakout,23,IOTA-USDT-SWAP,0.06254,нет свежего пробоя Donchian на последней закрытой свече,,rejected,,
0.0002899999999999986,no_fresh_breakout,23,JUP-USDT-SWAP,0.1618,нет свежего пробоя Donchian на последней закрытой свече,,rejected,,
0.024500000000000098,no_fresh_breakout,23,KSM-USDT-SWAP,4.533,нет свежего пробоя Donchian на последней закрытой свече,,rejected,,
0.0018000000000000017,no_fresh_breakout,23,LDO-USDT-SWAP,0.2993,нет свежего пробоя Donchian на последней закрытой свече,,rejected,,
0.040449999999999785,no_fresh_breakout,23,LINK-USDT-SWAP,9.098,нет свежего пробоя Donchian на последней закрытой свече,,rejected,,
0.001100000000000001,no_fresh_breakout,23,LIT-USDT-SWAP,1.12,нет свежего пробоя Donchian на последней закрытой свече,,rejected,,
0.002949999999999986,no_fresh_breakout,23,LPT-USDT-SWAP,2.233,нет свежего пробоя Donchian на последней закрытой свече,,rejected,,
0.31749999999999934,no_fresh_breakout,23,LTC-USDT-SWAP,55.35,нет свежего пробоя Donchian на последней закрытой свече,,rejected,,
0.0037820000000000015,no_fresh_breakout,23,MAGIC-USDT-SWAP,0.06264,нет свежего пробоя Donchian на последней закрытой свече,,rejected,,
0.0,atr_warmup:_цена_или_atr_недоступны_после_прогрева,23,MET-USDT-SWAP,0.0,ATR warmup: цена или ATR недоступны после прогрева,,rejected,,
0.007825000000000026,no_fresh_breakout,23,NEAR-USDT-SWAP,1.3547,нет свежего пробоя Donchian на последней закрытой свече,,rejected,,
1.0999999999999997e-07,no_fresh_breakout,23,NOT-USDT-SWAP,0.0003864,нет свежего пробоя Donchian на последней закрытой свече,,rejected,,
0.0010439999999999991,no_fresh_breakout,23,OP-USDT-SWAP,0.12196,нет свежего пробоя Donchian на последней закрытой свече,,rejected,,
0.000245999999999999,no_fresh_breakout,23,RESOLV-USDT-SWAP,0.06311,нет свежего пробоя Donchian на последней закрытой свече,,rejected,,
4.0499999999999914e-05,no_fresh_breakout,23,SKY-USDT-SWAP,0.03269,нет свежего пробоя Donchian на последней закрытой свече,,rejected,,
0.0002799999999999983,no_fresh_breakout,23,SYRUP-USDT-SWAP,0.2471,нет свежего пробоя Donchian на последней закрытой свече,,rejected,,
3.499999999999892e-05,no_fresh_breakout,24,1INCH-USDT-SWAP,0.0966,нет свежего пробоя Donchian на последней закрытой свече,,rejected,,
0.0010250000000000016,no_fresh_breakout,24,2Z-USDT-SWAP,0.0776,нет свежего пробоя Donchian на последней закрытой свече,,rejected,,
7.999999999999934e-06,no_fresh_breakout,24,ACT-USDT-SWAP,0.0136,нет свежего пробоя Donchian на последней закрытой свече,,rejected,,
2.099999999999984e-05,no_fresh_breakout,24,AI16Z-USDT-SWAP,0.05929,нет свежего пробоя Donchian на последней закрытой свече,,rejected,,
0.0006449999999999991,no_fresh_breakout,24,ARB-USDT-SWAP,0.1005,нет свежего пробоя Donchian на последней закрытой свече,,rejected,,
0.009440000000000004,no_fresh_breakout,24,ASTER-USDT-SWAP,0.6952,нет свежего пробоя Donchian на последней закрытой свече,,rejected,,
0.0,закрытие_не_удержалось_выше_канала,24,AUCTION-USDT-SWAP,0.0,закрытие не удержалось выше канала,long,rejected,Turtle 20,
0.0,закрытие_не_удержалось_ниже_канала,24,AXS-USDT-SWAP,0.0,закрытие не удержалось ниже канала,short,rejected,Turtle 55,
0.0,закрытие_не_удержалось_ниже_канала,24,AXS-USDT-SWAP,0.0,закрытие не удержалось ниже канала,short,rejected,Turtle 20,
3.4400000000000093,no_fresh_breakout,24,BNB-USDT-SWAP,725.4,нет свежего пробоя Donchian на последней закрытой свече,,rejected,,
0.0,закрытие_не_удержалось_ниже_канала,24,BOME-USDT-SWAP,0.0,закрытие не удержалось ниже канала,short,rejected,Turtle 20,
0.0,blacklist,24,BTC-USDT-SWAP,0.0,momentum chase blocked after 4 same-side candles,short,rejected,Turtle 20,
0.0004859999999999986,no_fresh_breakout,24,CFX-USDT-SWAP,0.06196,нет свежего пробоя Donchian на последней закрытой свече,,rejected,,
0.0002870000000000001,no_fresh_breakout,24,CHZ-USDT-SWAP,0.03574,нет свежего пробоя Donchian на последней закрытой свече,,rejected,,
0.1045,no_fresh_breakout,24,COMP-USDT-SWAP,18.5,нет свежего пробоя Donchian на последней закрытой свече,,rejected,,
0.002315000000000002,no_fresh_breakout,24,CRV-USDT-SWAP,0.2385,нет свежего пробоя Donchian на последней закрытой свече,,rejected,,
0.00044500000000000236,no_fresh_breakout,24,DOGE-USDT-SWAP,0.0939,нет свежего пробоя Donchian на последней закрытой свече,,rejected,,
0.02110000000000003,no_fresh_breakout,24,DOT-USDT-SWAP,1.539,нет свежего пробоя Donchian на последней закрытой свече,,rejected,,
20.324,no_fresh_breakout,24,ETH-USDT-SWAP,2232.84,нет свежего пробоя Donchian на последней закрытой свече,,rejected,,
0.020790000000000006,no_fresh_breakout,24,ETHW-USDT-SWAP,0.3627,нет свежего пробоя Donchian на последней закрытой свече,,rejected,,
0.0004500000000000004,no_fresh_breakout,24,FIL-USDT-SWAP,0.91,нет свежего пробоя Donchian на последней закрытой свече,,rejected,,
1.8449999999999967e-07,no_fresh_breakout,24,FLOKI-USDT-SWAP,2.949e-05,нет свежего пробоя Donchian на последней закрытой свече,,rejected,,
4.49999999999999e-06,no_fresh_breakout,24,GMT-USDT-SWAP,0.01094,нет свежего пробоя Donchian на последней закрытой свече,,rejected,,
2.9500000000000185e-05,no_fresh_breakout,24,HOME-USDT-SWAP,0.02121,нет свежего пробоя Donchian на последней закрытой свече,,rejected,,
0.016800000000000037,no_fresh_breakout,24,ICP-USDT-SWAP,2.526,нет свежего пробоя Donchian на последней закрытой свече,,rejected,,
0.014200000000000056,no_fresh_breakout,24,INJ-USDT-SWAP,3.014,нет свежего пробоя Donchian на последней закрытой свече,,rejected,,
1.2000000000000205e-05,no_fresh_breakout,24,IOTA-USDT-SWAP,0.06254,нет свежего пробоя Donchian на последней закрытой свече,,rejected,,
0.0002899999999999986,no_fresh_breakout,24,JUP-USDT-SWAP,0.1618,нет свежего пробоя Donchian на последней закрытой свече,,rejected,,
0.024500000000000098,no_fresh_breakout,24,KSM-USDT-SWAP,4.533,нет свежего пробоя Donchian на последней закрытой свече,,rejected,,
0.001680000000000001,no_fresh_breakout,24,LDO-USDT-SWAP,0.2993,нет свежего пробоя Donchian на последней закрытой свече,,rejected,,
0.040899999999999805,no_fresh_breakout,24,LINK-USDT-SWAP,9.098,нет свежего пробоя Donchian на последней закрытой свече,,rejected,,
0.001100000000000001,no_fresh_breakout,24,LIT-USDT-SWAP,1.12,нет свежего пробоя Donchian на последней закрытой свече,,rejected,,
0.002949999999999986,no_fresh_breakout,24,LPT-USDT-SWAP,2.233,нет свежего пробоя Donchian на последней закрытой свече,,rejected,,
0.31749999999999934,no_fresh_breakout,24,LTC-USDT-SWAP,55.35,нет свежего пробоя Donchian на последней закрытой свече,,rejected,,
0.0037820000000000015,no_fresh_breakout,24,MAGIC-USDT-SWAP,0.06264,нет свежего пробоя Donchian на последней закрытой свече,,rejected,,
0.0,atr_warmup:_цена_или_atr_недоступны_после_прогрева,24,MET-USDT-SWAP,0.0,ATR warmup: цена или ATR недоступны после прогрева,,rejected,,
0.007825000000000026,no_fresh_breakout,24,NEAR-USDT-SWAP,1.3547,нет свежего пробоя Donchian на последней закрытой свече,,rejected,,
1.0999999999999997e-07,no_fresh_breakout,24,NOT-USDT-SWAP,0.0003864,нет свежего пробоя Donchian на последней закрытой свече,,rejected,,
0.0010269999999999988,no_fresh_breakout,24,OP-USDT-SWAP,0.12152,нет свежего пробоя Donchian на последней закрытой свече,,rejected,,
0.000245999999999999,no_fresh_breakout,24,RESOLV-USDT-SWAP,0.06311,нет свежего пробоя Donchian на последней закрытой свече,,rejected,,
4.0499999999999914e-05,no_fresh_breakout,24,SKY-USDT-SWAP,0.03269,нет свежего пробоя Donchian на последней закрытой свече,,rejected,,
0.0002799999999999983,no_fresh_breakout,24,SYRUP-USDT-SWAP,0.2471,нет свежего пробоя Donchian на последней закрытой свече,,rejected,,
0.009449999999999981,no_fresh_breakout,24,TON-USDT-SWAP,1.249,нет свежего пробоя Donchian на последней закрытой свече,,rejected,,
3.499999999999892e-05,no_fresh_breakout,25,1INCH-USDT-SWAP,0.0966,нет свежего пробоя Donchian на последней закрытой свече,,rejected,,
0.0010250000000000016,no_fresh_breakout,25,2Z-USDT-SWAP,0.0776,нет свежего пробоя Donchian на последней закрытой свече,,rejected,,
7.999999999999934e-06,no_fresh_breakout,25,ACT-USDT-SWAP,0.0136,нет свежего пробоя Donchian на последней закрытой свече,,rejected,,
2.099999999999984e-05,no_fresh_breakout,25,AI16Z-USDT-SWAP,0.05929,нет свежего пробоя Donchian на последней закрытой свече,,rejected,,
0.0006449999999999991,no_fresh_breakout,25,ARB-USDT-SWAP,0.1005,нет свежего пробоя Donchian на последней закрытой свече,,rejected,,
0.009440000000000004,no_fresh_breakout,25,ASTER-USDT-SWAP,0.6952,нет свежего пробоя Donchian на последней закрытой свече,,rejected,,
0.0,закрытие_не_удержалось_выше_канала,25,AUCTION-USDT-SWAP,0.0,закрытие не удержалось выше канала,long,rejected,Turtle 20,
0.0,закрытие_не_удержалось_ниже_канала,25,AXS-USDT-SWAP,0.0,закрытие не удержалось ниже канала,short,rejected,Turtle 55,
0.0,закрытие_не_удержалось_ниже_канала,25,AXS-USDT-SWAP,0.0,закрытие не удержалось ниже канала,short,rejected,Turtle 20,
3.4400000000000093,no_fresh_breakout,25,BNB-USDT-SWAP,725.4,нет свежего пробоя Donchian на последней закрытой свече,,rejected,,
0.0,закрытие_не_удержалось_ниже_канала,25,BOME-USDT-SWAP,0.0,закрытие не удержалось ниже канала,short,rejected,Turtle 20,
0.0,blacklist,25,BTC-USDT-SWAP,0.0,momentum chase blocked after 4 same-side candles,short,rejected,Turtle 20,
0.0004859999999999986,no_fresh_breakout,25,CFX-USDT-SWAP,0.06196,нет свежего пробоя Donchian на последней закрытой свече,,rejected,,
0.0002870000000000001,no_fresh_breakout,25,CHZ-USDT-SWAP,0.03574,нет свежего пробоя Donchian на последней закрытой свече,,rejected,,
0.1045,no_fresh_breakout,25,COMP-USDT-SWAP,18.5,нет свежего пробоя Donchian на последней закрытой свече,,rejected,,
0.002315000000000002,no_fresh_breakout,25,CRV-USDT-SWAP,0.2385,нет свежего пробоя Donchian на последней закрытой свече,,rejected,,
0.00044500000000000236,no_fresh_breakout,25,DOGE-USDT-SWAP,0.0939,нет свежего пробоя Donchian на последней закрытой свече,,rejected,,
0.02110000000000003,no_fresh_breakout,25,DOT-USDT-SWAP,1.539,нет свежего пробоя Donchian на последней закрытой свече,,rejected,,
20.324,no_fresh_breakout,25,ETH-USDT-SWAP,2232.84,нет свежего пробоя Donchian на последней закрытой свече,,rejected,,
0.020790000000000006,no_fresh_breakout,25,ETHW-USDT-SWAP,0.3627,нет свежего пробоя Donchian на последней закрытой свече,,rejected,,
0.0004500000000000004,no_fresh_breakout,25,FIL-USDT-SWAP,0.91,нет свежего пробоя Donchian на последней закрытой свече,,rejected,,
1.8449999999999967e-07,no_fresh_breakout,25,FLOKI-USDT-SWAP,2.949e-05,нет свежего пробоя Donchian на последней закрытой свече,,rejected,,
4.49999999999999e-06,no_fresh_breakout,25,GMT-USDT-SWAP,0.01094,нет свежего пробоя Donchian на последней закрытой свече,,rejected,,
2.9500000000000185e-05,no_fresh_breakout,25,HOME-USDT-SWAP,0.02121,нет свежего пробоя Donchian на последней закрытой свече,,rejected,,
0.016800000000000037,no_fresh_breakout,25,ICP-USDT-SWAP,2.526,нет свежего пробоя Donchian на последней закрытой свече,,rejected,,
0.014200000000000056,no_fresh_breakout,25,INJ-USDT-SWAP,3.014,нет свежего пробоя Donchian на последней закрытой свече,,rejected,,
1.2000000000000205e-05,no_fresh_breakout,25,IOTA-USDT-SWAP,0.06254,нет свежего пробоя Donchian на последней закрытой свече,,rejected,,
0.0002899999999999986,no_fresh_breakout,25,JUP-USDT-SWAP,0.1618,нет свежего пробоя Donchian на последней закрытой свече,,rejected,,
0.024500000000000098,no_fresh_breakout,25,KSM-USDT-SWAP,4.533,нет свежего пробоя Donchian на последней закрытой свече,,rejected,,
0.001680000000000001,no_fresh_breakout,25,LDO-USDT-SWAP,0.2993,нет свежего пробоя Donchian на последней закрытой свече,,rejected,,
0.040899999999999805,no_fresh_breakout,25,LINK-USDT-SWAP,9.098,нет свежего пробоя Donchian на последней закрытой свече,,rejected,,
0.001100000000000001,no_fresh_breakout,25,LIT-USDT-SWAP,1.12,нет свежего пробоя Donchian на последней закрытой свече,,rejected,,
0.002949999999999986,no_fresh_breakout,25,LPT-USDT-SWAP,2.233,нет свежего пробоя Donchian на последней закрытой свече,,rejected,,
0.31749999999999934,no_fresh_breakout,25,LTC-USDT-SWAP,55.35,нет свежего пробоя Donchian на последней закрытой свече,,rejected,,
0.0037820000000000015,no_fresh_breakout,25,MAGIC-USDT-SWAP,0.06264,нет свежего пробоя Donchian на последней закрытой свече,,rejected,,
0.0,atr_warmup:_цена_или_atr_недоступны_после_прогрева,25,MET-USDT-SWAP,0.0,ATR warmup: цена или ATR недоступны после прогрева,,rejected,,
0.007825000000000026,no_fresh_breakout,25,NEAR-USDT-SWAP,1.3547,нет свежего пробоя Donchian на последней закрытой свече,,rejected,,
1.0999999999999997e-07,no_fresh_breakout,25,NOT-USDT-SWAP,0.0003864,нет свежего пробоя Donchian на последней закрытой свече,,rejected,,
0.0010269999999999988,no_fresh_breakout,25,OP-USDT-SWAP,0.12152,нет свежего пробоя Donchian на последней закрытой свече,,rejected,,
0.000245999999999999,no_fresh_breakout,25,RESOLV-USDT-SWAP,0.06311,нет свежего пробоя Donchian на последней закрытой свече,,rejected,,
4.0499999999999914e-05,no_fresh_breakout,25,SKY-USDT-SWAP,0.03269,нет свежего пробоя Donchian на последней закрытой свече,,rejected,,
0.0002799999999999983,no_fresh_breakout,25,SYRUP-USDT-SWAP,0.2471,нет свежего пробоя Donchian на последней закрытой свече,,rejected,,
0.009449999999999981,no_fresh_breakout,25,TON-USDT-SWAP,1.249,нет свежего пробоя Donchian на последней закрытой свече,,rejected,,
0.00023499999999999633,no_fresh_breakout,25,TRX-USDT-SWAP,0.303,нет свежего пробоя Donchian на последней закрытой свече,,rejected,,
3.499999999999892e-05,no_fresh_breakout,26,1INCH-USDT-SWAP,0.0966,нет свежего пробоя Donchian на последней закрытой свече,,rejected,,
0.0010250000000000016,no_fresh_breakout,26,2Z-USDT-SWAP,0.0776,нет свежего пробоя Donchian на последней закрытой свече,,rejected,,
7.999999999999934e-06,no_fresh_breakout,26,ACT-USDT-SWAP,0.0136,нет свежего пробоя Donchian на последней закрытой свече,,rejected,,
2.099999999999984e-05,no_fresh_breakout,26,AI16Z-USDT-SWAP,0.05929,нет свежего пробоя Donchian на последней закрытой свече,,rejected,,
0.0006449999999999991,no_fresh_breakout,26,ARB-USDT-SWAP,0.1005,нет свежего пробоя Donchian на последней закрытой свече,,rejected,,
0.009440000000000004,no_fresh_breakout,26,ASTER-USDT-SWAP,0.6952,нет свежего пробоя Donchian на последней закрытой свече,,rejected,,
0.0,закрытие_не_удержалось_выше_канала,26,AUCTION-USDT-SWAP,0.0,закрытие не удержалось выше канала,long,rejected,Turtle 20,
0.0,закрытие_не_удержалось_ниже_канала,26,AXS-USDT-SWAP,0.0,закрытие не удержалось ниже канала,short,rejected,Turtle 55,
0.0,закрытие_не_удержалось_ниже_канала,26,AXS-USDT-SWAP,0.0,закрытие не удержалось ниже канала,short,rejected,Turtle 20,
3.4400000000000093,no_fresh_breakout,26,BNB-USDT-SWAP,725.4,нет свежего пробоя Donchian на последней закрытой свече,,rejected,,
0.0,закрытие_не_удержалось_ниже_канала,26,BOME-USDT-SWAP,0.0,закрытие не удержалось ниже канала,short,rejected,Turtle 20,
0.0,blacklist,26,BTC-USDT-SWAP,0.0,momentum chase blocked after 4 same-side candles,short,rejected,Turtle 20,
0.0004859999999999986,no_fresh_breakout,26,CFX-USDT-SWAP,0.06196,нет свежего пробоя Donchian на последней закрытой свече,,rejected,,
0.0002870000000000001,no_fresh_breakout,26,CHZ-USDT-SWAP,0.03574,нет свежего пробоя Donchian на последней закрытой свече,,rejected,,
0.1045,no_fresh_breakout,26,COMP-USDT-SWAP,18.5,нет свежего пробоя Donchian на последней закрытой свече,,rejected,,
0.002315000000000002,no_fresh_breakout,26,CRV-USDT-SWAP,0.2385,нет свежего пробоя Donchian на последней закрытой свече,,rejected,,
0.00044500000000000236,no_fresh_breakout,26,DOGE-USDT-SWAP,0.0939,нет свежего пробоя Donchian на последней закрытой свече,,rejected,,
0.02110000000000003,no_fresh_breakout,26,DOT-USDT-SWAP,1.539,нет свежего пробоя Donchian на последней закрытой свече,,rejected,,
20.324,no_fresh_breakout,26,ETH-USDT-SWAP,2232.84,нет свежего пробоя Donchian на последней закрытой свече,,rejected,,
0.020790000000000006,no_fresh_breakout,26,ETHW-USDT-SWAP,0.3627,нет свежего пробоя Donchian на последней закрытой свече,,rejected,,
0.0004500000000000004,no_fresh_breakout,26,FIL-USDT-SWAP,0.91,нет свежего пробоя Donchian на последней закрытой свече,,rejected,,
1.8449999999999967e-07,no_fresh_breakout,26,FLOKI-USDT-SWAP,2.949e-05,нет свежего пробоя Donchian на последней закрытой свече,,rejected,,
4.49999999999999e-06,no_fresh_breakout,26,GMT-USDT-SWAP,0.01094,нет свежего пробоя Donchian на последней закрытой свече,,rejected,,
2.9500000000000185e-05,no_fresh_breakout,26,HOME-USDT-SWAP,0.02121,нет свежего пробоя Donchian на последней закрытой свече,,rejected,,
0.016800000000000037,no_fresh_breakout,26,ICP-USDT-SWAP,2.526,нет свежего пробоя Donchian на последней закрытой свече,,rejected,,
0.014200000000000056,no_fresh_breakout,26,INJ-USDT-SWAP,3.014,нет свежего пробоя Donchian на последней закрытой свече,,rejected,,
1.2000000000000205e-05,no_fresh_breakout,26,IOTA-USDT-SWAP,0.06254,нет свежего пробоя Donchian на последней закрытой свече,,rejected,,
0.0002899999999999986,no_fresh_breakout,26,JUP-USDT-SWAP,0.1618,нет свежего пробоя Donchian на последней закрытой свече,,rejected,,
0.024500000000000098,no_fresh_breakout,26,KSM-USDT-SWAP,4.533,нет свежего пробоя Donchian на последней закрытой свече,,rejected,,
0.001680000000000001,no_fresh_breakout,26,LDO-USDT-SWAP,0.2993,нет свежего пробоя Donchian на последней закрытой свече,,rejected,,
0.040899999999999805,no_fresh_breakout,26,LINK-USDT-SWAP,9.098,нет свежего пробоя Donchian на последней закрытой свече,,rejected,,
0.001100000000000001,no_fresh_breakout,26,LIT-USDT-SWAP,1.12,нет свежего пробоя Donchian на последней закрытой свече,,rejected,,
0.002949999999999986,no_fresh_breakout,26,LPT-USDT-SWAP,2.233,нет свежего пробоя Donchian на последней закрытой свече,,rejected,,
0.31749999999999934,no_fresh_breakout,26,LTC-USDT-SWAP,55.35,нет свежего пробоя Donchian на последней закрытой свече,,rejected,,
0.0037820000000000015,no_fresh_breakout,26,MAGIC-USDT-SWAP,0.06264,нет свежего пробоя Donchian на последней закрытой свече,,rejected,,
0.0,atr_warmup:_цена_или_atr_недоступны_после_прогрева,26,MET-USDT-SWAP,0.0,ATR warmup: цена или ATR недоступны после прогрева,,rejected,,
0.007825000000000026,no_fresh_breakout,26,NEAR-USDT-SWAP,1.3547,нет свежего пробоя Donchian на последней закрытой свече,,rejected,,
1.0999999999999997e-07,no_fresh_breakout,26,NOT-USDT-SWAP,0.0003864,нет свежего пробоя Donchian на последней закрытой свече,,rejected,,
0.0010269999999999988,no_fresh_breakout,26,OP-USDT-SWAP,0.12152,нет свежего пробоя Donchian на последней закрытой свече,,rejected,,
0.000245999999999999,no_fresh_breakout,26,RESOLV-USDT-SWAP,0.06311,нет свежего пробоя Donchian на последней закрытой свече,,rejected,,
4.0499999999999914e-05,no_fresh_breakout,26,SKY-USDT-SWAP,0.03269,нет свежего пробоя Donchian на последней закрытой свече,,rejected,,
0.0002799999999999983,no_fresh_breakout,26,SYRUP-USDT-SWAP,0.2471,нет свежего пробоя Donchian на последней закрытой свече,,rejected,,
0.009449999999999981,no_fresh_breakout,26,TON-USDT-SWAP,1.249,нет свежего пробоя Donchian на последней закрытой свече,,rejected,,
0.00023499999999999633,no_fresh_breakout,26,TRX-USDT-SWAP,0.303,нет свежего пробоя Donchian на последней закрытой свече,,rejected,,
0.6155000000000002,no_fresh_breakout,26,XAG-USDT-SWAP,70.66,нет свежего пробоя Donchian на последней закрытой свече,,rejected,,
99.82000000000002,no_fresh_breakout,26,XAU-USDT-SWAP,4912.4,нет свежего пробоя Donchian на последней закрытой свече,,rejected,,
0.0012440000000000033,no_fresh_breakout,26,XLM-USDT-SWAP,0.16731,нет свежего пробоя Donchian на последней закрытой свече,,rejected,,
3.499999999999892e-05,no_fresh_breakout,27,1INCH-USDT-SWAP,0.0966,нет свежего пробоя Donchian на последней закрытой свече,,rejected,,
0.0010250000000000016,no_fresh_breakout,27,2Z-USDT-SWAP,0.0776,нет свежего пробоя Donchian на последней закрытой свече,,rejected,,
7.999999999999934e-06,no_fresh_breakout,27,ACT-USDT-SWAP,0.0136,нет свежего пробоя Donchian на последней закрытой свече,,rejected,,
2.099999999999984e-05,no_fresh_breakout,27,AI16Z-USDT-SWAP,0.05929,нет свежего пробоя Donchian на последней закрытой свече,,rejected,,
0.0006449999999999991,no_fresh_breakout,27,ARB-USDT-SWAP,0.1005,нет свежего пробоя Donchian на последней закрытой свече,,rejected,,
0.009440000000000004,no_fresh_breakout,27,ASTER-USDT-SWAP,0.6952,нет свежего пробоя Donchian на последней закрытой свече,,rejected,,
0.0,закрытие_не_удержалось_выше_канала,27,AUCTION-USDT-SWAP,0.0,закрытие не удержалось выше канала,long,rejected,Turtle 20,
0.0,закрытие_не_удержалось_ниже_канала,27,AXS-USDT-SWAP,0.0,закрытие не удержалось ниже канала,short,rejected,Turtle 55,
0.0,закрытие_не_удержалось_ниже_канала,27,AXS-USDT-SWAP,0.0,закрытие не удержалось ниже канала,short,rejected,Turtle 20,
3.4400000000000093,no_fresh_breakout,27,BNB-USDT-SWAP,725.4,нет свежего пробоя Donchian на последней закрытой свече,,rejected,,
0.0,закрытие_не_удержалось_ниже_канала,27,BOME-USDT-SWAP,0.0,закрытие не удержалось ниже канала,short,rejected,Turtle 20,
0.0,blacklist,27,BTC-USDT-SWAP,0.0,momentum chase blocked after 4 same-side candles,short,rejected,Turtle 20,
0.0004859999999999986,no_fresh_breakout,27,CFX-USDT-SWAP,0.06196,нет свежего пробоя Donchian на последней закрытой свече,,rejected,,
0.0002870000000000001,no_fresh_breakout,27,CHZ-USDT-SWAP,0.03574,нет свежего пробоя Donchian на последней закрытой свече,,rejected,,
0.1045,no_fresh_breakout,27,COMP-USDT-SWAP,18.5,нет свежего пробоя Donchian на последней закрытой свече,,rejected,,
0.002315000000000002,no_fresh_breakout,27,CRV-USDT-SWAP,0.2385,нет свежего пробоя Donchian на последней закрытой свече,,rejected,,
0.00044500000000000236,no_fresh_breakout,27,DOGE-USDT-SWAP,0.0939,нет свежего пробоя Donchian на последней закрытой свече,,rejected,,
0.02110000000000003,no_fresh_breakout,27,DOT-USDT-SWAP,1.539,нет свежего пробоя Donchian на последней закрытой свече,,rejected,,
20.324,no_fresh_breakout,27,ETH-USDT-SWAP,2232.84,нет свежего пробоя Donchian на последней закрытой свече,,rejected,,
0.020790000000000006,no_fresh_breakout,27,ETHW-USDT-SWAP,0.3627,нет свежего пробоя Donchian на последней закрытой свече,,rejected,,
0.0004500000000000004,no_fresh_breakout,27,FIL-USDT-SWAP,0.91,нет свежего пробоя Donchian на последней закрытой свече,,rejected,,
1.8449999999999967e-07,no_fresh_breakout,27,FLOKI-USDT-SWAP,2.949e-05,нет свежего пробоя Donchian на последней закрытой свече,,rejected,,
4.49999999999999e-06,no_fresh_breakout,27,GMT-USDT-SWAP,0.01094,нет свежего пробоя Donchian на последней закрытой свече,,rejected,,
2.9500000000000185e-05,no_fresh_breakout,27,HOME-USDT-SWAP,0.02121,нет свежего пробоя Donchian на последней закрытой свече,,rejected,,
0.016800000000000037,no_fresh_breakout,27,ICP-USDT-SWAP,2.526,нет свежего пробоя Donchian на последней закрытой свече,,rejected,,
0.014200000000000056,no_fresh_breakout,27,INJ-USDT-SWAP,3.014,нет свежего пробоя Donchian на последней закрытой свече,,rejected,,
1.2000000000000205e-05,no_fresh_breakout,27,IOTA-USDT-SWAP,0.06254,нет свежего пробоя Donchian на последней закрытой свече,,rejected,,
0.0002899999999999986,no_fresh_breakout,27,JUP-USDT-SWAP,0.1618,нет свежего пробоя Donchian на последней закрытой свече,,rejected,,
0.024500000000000098,no_fresh_breakout,27,KSM-USDT-SWAP,4.533,нет свежего пробоя Donchian на последней закрытой свече,,rejected,,
0.001680000000000001,no_fresh_breakout,27,LDO-USDT-SWAP,0.2993,нет свежего пробоя Donchian на последней закрытой свече,,rejected,,
0.040899999999999805,no_fresh_breakout,27,LINK-USDT-SWAP,9.098,нет свежего пробоя Donchian на последней закрытой свече,,rejected,,
0.001100000000000001,no_fresh_breakout,27,LIT-USDT-SWAP,1.12,нет свежего пробоя Donchian на последней закрытой свече,,rejected,,
0.002949999999999986,no_fresh_breakout,27,LPT-USDT-SWAP,2.233,нет свежего пробоя Donchian на последней закрытой свече,,rejected,,
0.31749999999999934,no_fresh_breakout,27,LTC-USDT-SWAP,55.35,нет свежего пробоя Donchian на последней закрытой свече,,rejected,,
0.0037820000000000015,no_fresh_breakout,27,MAGIC-USDT-SWAP,0.06264,нет свежего пробоя Donchian на последней закрытой свече,,rejected,,
0.0,atr_warmup:_цена_или_atr_недоступны_после_прогрева,27,MET-USDT-SWAP,0.0,ATR warmup: цена или ATR недоступны после прогрева,,rejected,,
0.007825000000000026,no_fresh_breakout,27,NEAR-USDT-SWAP,1.3547,нет свежего пробоя Donchian на последней закрытой свече,,rejected,,
1.0999999999999997e-07,no_fresh_breakout,27,NOT-USDT-SWAP,0.0003864,нет свежего пробоя Donchian на последней закрытой свече,,rejected,,
0.0010269999999999988,no_fresh_breakout,27,OP-USDT-SWAP,0.12152,нет свежего пробоя Donchian на последней закрытой свече,,rejected,,
0.000245999999999999,no_fresh_breakout,27,RESOLV-USDT-SWAP,0.06311,нет свежего пробоя Donchian на последней закрытой свече,,rejected,,
4.0499999999999914e-05,no_fresh_breakout,27,SKY-USDT-SWAP,0.03269,нет свежего пробоя Donchian на последней закрытой свече,,rejected,,
0.0002799999999999983,no_fresh_breakout,27,SYRUP-USDT-SWAP,0.2471,нет свежего пробоя Donchian на последней закрытой свече,,rejected,,
0.009449999999999981,no_fresh_breakout,27,TON-USDT-SWAP,1.249,нет свежего пробоя Donchian на последней закрытой свече,,rejected,,
0.00023499999999999633,no_fresh_breakout,27,TRX-USDT-SWAP,0.303,нет свежего пробоя Donchian на последней закрытой свече,,rejected,,
0.6155000000000002,no_fresh_breakout,27,XAG-USDT-SWAP,70.66,нет свежего пробоя Donchian на последней закрытой свече,,rejected,,
99.82000000000002,no_fresh_breakout,27,XAU-USDT-SWAP,4912.4,нет свежего пробоя Donchian на последней закрытой свече,,rejected,,
0.0012440000000000033,no_fresh_breakout,27,XLM-USDT-SWAP,0.16731,нет свежего пробоя Donchian на последней закрытой свече,,rejected,,
0.004635,no_fresh_breakout,27,XRP-USDT-SWAP,1.4573,нет свежего пробоя Donchian на последней закрытой свече,,rejected,,
8.499999999999896e-05,no_fresh_breakout,27,XTZ-USDT-SWAP,0.3932,нет свежего пробоя Donchian на последней закрытой свече,,rejected,,
0.0002250000000000009,no_fresh_breakout,27,YB-USDT-SWAP,0.1232,нет свежего пробоя Donchian на последней закрытой свече,,rejected,,
3.499999999999892e-05,no_fresh_breakout,28,1INCH-USDT-SWAP,0.0966,нет свежего пробоя Donchian на последней закрытой свече,,rejected,,
0.0010250000000000016,no_fresh_breakout,28,2Z-USDT-SWAP,0.0776,нет свежего пробоя Donchian на последней закрытой свече,,rejected,,
7.999999999999934e-06,no_fresh_breakout,28,ACT-USDT-SWAP,0.0136,нет свежего пробоя Donchian на последней закрытой свече,,rejected,,
2.099999999999984e-05,no_fresh_breakout,28,AI16Z-USDT-SWAP,0.05929,нет свежего пробоя Donchian на последней закрытой свече,,rejected,,
0.0006449999999999991,no_fresh_breakout,28,ARB-USDT-SWAP,0.1005,нет свежего пробоя Donchian на последней закрытой свече,,rejected,,
0.009440000000000004,no_fresh_breakout,28,ASTER-USDT-SWAP,0.6952,нет свежего пробоя Donchian на последней закрытой свече,,rejected,,
0.0,закрытие_не_удержалось_выше_канала,28,AUCTION-USDT-SWAP,0.0,закрытие не удержалось выше канала,long,rejected,Turtle 20,
0.0,закрытие_не_удержалось_ниже_канала,28,AXS-USDT-SWAP,0.0,закрытие не удержалось ниже канала,short,rejected,Turtle 55,
0.0,закрытие_не_удержалось_ниже_канала,28,AXS-USDT-SWAP,0.0,закрытие не удержалось ниже канала,short,rejected,Turtle 20,
3.4400000000000093,no_fresh_breakout,28,BNB-USDT-SWAP,725.4,нет свежего пробоя Donchian на последней закрытой свече,,rejected,,
0.0,закрытие_не_удержалось_ниже_канала,28,BOME-USDT-SWAP,0.0,закрытие не удержалось ниже канала,short,rejected,Turtle 20,
0.0,blacklist,28,BTC-USDT-SWAP,0.0,momentum chase blocked after 4 same-side candles,short,rejected,Turtle 20,
0.0004859999999999986,no_fresh_breakout,28,CFX-USDT-SWAP,0.06196,нет свежего пробоя Donchian на последней закрытой свече,,rejected,,
0.0002870000000000001,no_fresh_breakout,28,CHZ-USDT-SWAP,0.03574,нет свежего пробоя Donchian на последней закрытой свече,,rejected,,
0.1045,no_fresh_breakout,28,COMP-USDT-SWAP,18.5,нет свежего пробоя Donchian на последней закрытой свече,,rejected,,
0.002315000000000002,no_fresh_breakout,28,CRV-USDT-SWAP,0.2385,нет свежего пробоя Donchian на последней закрытой свече,,rejected,,
0.00044500000000000236,no_fresh_breakout,28,DOGE-USDT-SWAP,0.0939,нет свежего пробоя Donchian на последней закрытой свече,,rejected,,
0.02110000000000003,no_fresh_breakout,28,DOT-USDT-SWAP,1.539,нет свежего пробоя Donchian на последней закрытой свече,,rejected,,
20.324,no_fresh_breakout,28,ETH-USDT-SWAP,2232.84,нет свежего пробоя Donchian на последней закрытой свече,,rejected,,
0.020790000000000006,no_fresh_breakout,28,ETHW-USDT-SWAP,0.3627,нет свежего пробоя Donchian на последней закрытой свече,,rejected,,
0.0004500000000000004,no_fresh_breakout,28,FIL-USDT-SWAP,0.91,нет свежего пробоя Donchian на последней закрытой свече,,rejected,,
1.8449999999999967e-07,no_fresh_breakout,28,FLOKI-USDT-SWAP,2.949e-05,нет свежего пробоя Donchian на последней закрытой свече,,rejected,,
4.49999999999999e-06,no_fresh_breakout,28,GMT-USDT-SWAP,0.01094,нет свежего пробоя Donchian на последней закрытой свече,,rejected,,
2.9500000000000185e-05,no_fresh_breakout,28,HOME-USDT-SWAP,0.02121,нет свежего пробоя Donchian на последней закрытой свече,,rejected,,
0.016800000000000037,no_fresh_breakout,28,ICP-USDT-SWAP,2.526,нет свежего пробоя Donchian на последней закрытой свече,,rejected,,
0.014200000000000056,no_fresh_breakout,28,INJ-USDT-SWAP,3.014,нет свежего пробоя Donchian на последней закрытой свече,,rejected,,
1.2000000000000205e-05,no_fresh_breakout,28,IOTA-USDT-SWAP,0.06254,нет свежего пробоя Donchian на последней закрытой свече,,rejected,,
0.0002899999999999986,no_fresh_breakout,28,JUP-USDT-SWAP,0.1618,нет свежего пробоя Donchian на последней закрытой свече,,rejected,,
0.024500000000000098,no_fresh_breakout,28,KSM-USDT-SWAP,4.533,нет свежего пробоя Donchian на последней закрытой свече,,rejected,,
0.001680000000000001,no_fresh_breakout,28,LDO-USDT-SWAP,0.2993,нет свежего пробоя Donchian на последней закрытой свече,,rejected,,
0.040899999999999805,no_fresh_breakout,28,LINK-USDT-SWAP,9.098,нет свежего пробоя Donchian на последней закрытой свече,,rejected,,
0.001100000000000001,no_fresh_breakout,28,LIT-USDT-SWAP,1.12,нет свежего пробоя Donchian на последней закрытой свече,,rejected,,
0.002949999999999986,no_fresh_breakout,28,LPT-USDT-SWAP,2.233,нет свежего пробоя Donchian на последней закрытой свече,,rejected,,
0.31749999999999934,no_fresh_breakout,28,LTC-USDT-SWAP,55.35,нет свежего пробоя Donchian на последней закрытой свече,,rejected,,
0.0037820000000000015,no_fresh_breakout,28,MAGIC-USDT-SWAP,0.06264,нет свежего пробоя Donchian на последней закрытой свече,,rejected,,
0.0,atr_warmup:_цена_или_atr_недоступны_после_прогрева,28,MET-USDT-SWAP,0.0,ATR warmup: цена или ATR недоступны после прогрева,,rejected,,
0.007825000000000026,no_fresh_breakout,28,NEAR-USDT-SWAP,1.3547,нет свежего пробоя Donchian на последней закрытой свече,,rejected,,
1.0999999999999997e-07,no_fresh_breakout,28,NOT-USDT-SWAP,0.0003864,нет свежего пробоя Donchian на последней закрытой свече,,rejected,,
0.0010269999999999988,no_fresh_breakout,28,OP-USDT-SWAP,0.12152,нет свежего пробоя Donchian на последней закрытой свече,,rejected,,
0.000245999999999999,no_fresh_breakout,28,RESOLV-USDT-SWAP,0.06311,нет свежего пробоя Donchian на последней закрытой свече,,rejected,,
4.0499999999999914e-05,no_fresh_breakout,28,SKY-USDT-SWAP,0.03269,нет свежего пробоя Donchian на последней закрытой свече,,rejected,,
0.0002799999999999983,no_fresh_breakout,28,SYRUP-USDT-SWAP,0.2471,нет свежего пробоя Donchian на последней закрытой свече,,rejected,,
0.009449999999999981,no_fresh_breakout,28,TON-USDT-SWAP,1.249,нет свежего пробоя Donchian на последней закрытой свече,,rejected,,
0.00023499999999999633,no_fresh_breakout,28,TRX-USDT-SWAP,0.303,нет свежего пробоя Donchian на последней закрытой свече,,rejected,,
0.6155000000000002,no_fresh_breakout,28,XAG-USDT-SWAP,70.66,нет свежего пробоя Donchian на последней закрытой свече,,rejected,,
99.82000000000002,no_fresh_breakout,28,XAU-USDT-SWAP,4912.4,нет свежего пробоя Donchian на последней закрытой свече,,rejected,,
0.0012440000000000033,no_fresh_breakout,28,XLM-USDT-SWAP,0.16731,нет свежего пробоя Donchian на последней закрытой свече,,rejected,,
0.004635,no_fresh_breakout,28,XRP-USDT-SWAP,1.4573,нет свежего пробоя Donchian на последней закрытой свече,,rejected,,
8.499999999999896e-05,no_fresh_breakout,28,XTZ-USDT-SWAP,0.3932,нет свежего пробоя Donchian на последней закрытой свече,,rejected,,
0.0002250000000000009,no_fresh_breakout,28,YB-USDT-SWAP,0.1232,нет свежего пробоя Donchian на последней закрытой свече,,rejected,,
0.00017499999999999946,no_fresh_breakout,28,YGG-USDT-SWAP,0.04,нет свежего пробоя Donchian на последней закрытой свече,,rejected,,
0.0,atr_warmup:_цена_или_atr_недоступны_после_прогрева,28,ZBCN-USDT-SWAP,0.0,ATR warmup: цена или ATR недоступны после прогрева,,rejected,,
3.499999999999892e-05,no_fresh_breakout,29,1INCH-USDT-SWAP,0.0966,нет свежего пробоя Donchian на последней закрытой свече,,rejected,,
0.0010250000000000016,no_fresh_breakout,29,2Z-USDT-SWAP,0.0776,нет свежего пробоя Donchian на последней закрытой свече,,rejected,,
7.999999999999934e-06,no_fresh_breakout,29,ACT-USDT-SWAP,0.0136,нет свежего пробоя Donchian на последней закрытой свече,,rejected,,
2.099999999999984e-05,no_fresh_breakout,29,AI16Z-USDT-SWAP,0.05929,нет свежего пробоя Donchian на последней закрытой свече,,rejected,,
0.0006449999999999991,no_fresh_breakout,29,ARB-USDT-SWAP,0.1005,нет свежего пробоя Donchian на последней закрытой свече,,rejected,,
0.009440000000000004,no_fresh_breakout,29,ASTER-USDT-SWAP,0.6952,нет свежего пробоя Donchian на последней закрытой свече,,rejected,,
0.0,закрытие_не_удержалось_выше_канала,29,AUCTION-USDT-SWAP,0.0,закрытие не удержалось выше канала,long,rejected,Turtle 20,
0.0,закрытие_не_удержалось_ниже_канала,29,AXS-USDT-SWAP,0.0,закрытие не удержалось ниже канала,short,rejected,Turtle 55,
0.0,закрытие_не_удержалось_ниже_канала,29,AXS-USDT-SWAP,0.0,закрытие не удержалось ниже канала,short,rejected,Turtle 20,
3.4400000000000093,no_fresh_breakout,29,BNB-USDT-SWAP,725.4,нет свежего пробоя Donchian на последней закрытой свече,,rejected,,
0.0,закрытие_не_удержалось_ниже_канала,29,BOME-USDT-SWAP,0.0,закрытие не удержалось ниже канала,short,rejected,Turtle 20,
0.0,blacklist,29,BTC-USDT-SWAP,0.0,momentum chase blocked after 4 same-side candles,short,rejected,Turtle 20,
0.0004859999999999986,no_fresh_breakout,29,CFX-USDT-SWAP,0.06196,нет свежего пробоя Donchian на последней закрытой свече,,rejected,,
0.0002870000000000001,no_fresh_breakout,29,CHZ-USDT-SWAP,0.03574,нет свежего пробоя Donchian на последней закрытой свече,,rejected,,
0.1045,no_fresh_breakout,29,COMP-USDT-SWAP,18.5,нет свежего пробоя Donchian на последней закрытой свече,,rejected,,
0.002315000000000002,no_fresh_breakout,29,CRV-USDT-SWAP,0.2385,нет свежего пробоя Donchian на последней закрытой свече,,rejected,,
0.00044500000000000236,no_fresh_breakout,29,DOGE-USDT-SWAP,0.0939,нет свежего пробоя Donchian на последней закрытой свече,,rejected,,
0.02110000000000003,no_fresh_breakout,29,DOT-USDT-SWAP,1.539,нет свежего пробоя Donchian на последней закрытой свече,,rejected,,
20.324,no_fresh_breakout,29,ETH-USDT-SWAP,2232.84,нет свежего пробоя Donchian на последней закрытой свече,,rejected,,
0.020790000000000006,no_fresh_breakout,29,ETHW-USDT-SWAP,0.3627,нет свежего пробоя Donchian на последней закрытой свече,,rejected,,
0.0004500000000000004,no_fresh_breakout,29,FIL-USDT-SWAP,0.91,нет свежего пробоя Donchian на последней закрытой свече,,rejected,,
1.8449999999999967e-07,no_fresh_breakout,29,FLOKI-USDT-SWAP,2.949e-05,нет свежего пробоя Donchian на последней закрытой свече,,rejected,,
4.49999999999999e-06,no_fresh_breakout,29,GMT-USDT-SWAP,0.01094,нет свежего пробоя Donchian на последней закрытой свече,,rejected,,
2.9500000000000185e-05,no_fresh_breakout,29,HOME-USDT-SWAP,0.02121,нет свежего пробоя Donchian на последней закрытой свече,,rejected,,
0.016800000000000037,no_fresh_breakout,29,ICP-USDT-SWAP,2.526,нет свежего пробоя Donchian на последней закрытой свече,,rejected,,
0.014200000000000056,no_fresh_breakout,29,INJ-USDT-SWAP,3.014,нет свежего пробоя Donchian на последней закрытой свече,,rejected,,
1.2000000000000205e-05,no_fresh_breakout,29,IOTA-USDT-SWAP,0.06254,нет свежего пробоя Donchian на последней закрытой свече,,rejected,,
0.0002899999999999986,no_fresh_breakout,29,JUP-USDT-SWAP,0.1618,нет свежего пробоя Donchian на последней закрытой свече,,rejected,,
0.024500000000000098,no_fresh_breakout,29,KSM-USDT-SWAP,4.533,нет свежего пробоя Donchian на последней закрытой свече,,rejected,,
0.001680000000000001,no_fresh_breakout,29,LDO-USDT-SWAP,0.2993,нет свежего пробоя Donchian на последней закрытой свече,,rejected,,
0.040899999999999805,no_fresh_breakout,29,LINK-USDT-SWAP,9.098,нет свежего пробоя Donchian на последней закрытой свече,,rejected,,
0.001100000000000001,no_fresh_breakout,29,LIT-USDT-SWAP,1.12,нет свежего пробоя Donchian на последней закрытой свече,,rejected,,
0.002949999999999986,no_fresh_breakout,29,LPT-USDT-SWAP,2.233,нет свежего пробоя Donchian на последней закрытой свече,,rejected,,
0.31749999999999934,no_fresh_breakout,29,LTC-USDT-SWAP,55.35,нет свежего пробоя Donchian на последней закрытой свече,,rejected,,
0.0037820000000000015,no_fresh_breakout,29,MAGIC-USDT-SWAP,0.06264,нет свежего пробоя Donchian на последней закрытой свече,,rejected,,
0.0,atr_warmup:_цена_или_atr_недоступны_после_прогрева,29,MET-USDT-SWAP,0.0,ATR warmup: цена или ATR недоступны после прогрева,,rejected,,
0.007825000000000026,no_fresh_breakout,29,NEAR-USDT-SWAP,1.3547,нет свежего пробоя Donchian на последней закрытой свече,,rejected,,
1.0999999999999997e-07,no_fresh_breakout,29,NOT-USDT-SWAP,0.0003864,нет свежего пробоя Donchian на последней закрытой свече,,rejected,,
0.0010269999999999988,no_fresh_breakout,29,OP-USDT-SWAP,0.12152,нет свежего пробоя Donchian на последней закрытой свече,,rejected,,
0.000245999999999999,no_fresh_breakout,29,RESOLV-USDT-SWAP,0.06311,нет свежего пробоя Donchian на последней закрытой свече,,rejected,,
4.0499999999999914e-05,no_fresh_breakout,29,SKY-USDT-SWAP,0.03269,нет свежего пробоя Donchian на последней закрытой свече,,rejected,,
0.0002799999999999983,no_fresh_breakout,29,SYRUP-USDT-SWAP,0.2471,нет свежего пробоя Donchian на последней закрытой свече,,rejected,,
0.009449999999999981,no_fresh_breakout,29,TON-USDT-SWAP,1.249,нет свежего пробоя Donchian на последней закрытой свече,,rejected,,
0.00023499999999999633,no_fresh_breakout,29,TRX-USDT-SWAP,0.303,нет свежего пробоя Donchian на последней закрытой свече,,rejected,,
0.6155000000000002,no_fresh_breakout,29,XAG-USDT-SWAP,70.66,нет свежего пробоя Donchian на последней закрытой свече,,rejected,,
99.82000000000002,no_fresh_breakout,29,XAU-USDT-SWAP,4912.4,нет свежего пробоя Donchian на последней закрытой свече,,rejected,,
0.0012440000000000033,no_fresh_breakout,29,XLM-USDT-SWAP,0.16731,нет свежего пробоя Donchian на последней закрытой свече,,rejected,,
0.004635,no_fresh_breakout,29,XRP-USDT-SWAP,1.4573,нет свежего пробоя Donchian на последней закрытой свече,,rejected,,
8.499999999999896e-05,no_fresh_breakout,29,XTZ-USDT-SWAP,0.3932,нет свежего пробоя Donchian на последней закрытой свече,,rejected,,
0.0002250000000000009,no_fresh_breakout,29,YB-USDT-SWAP,0.1232,нет свежего пробоя Donchian на последней закрытой свече,,rejected,,
0.00017499999999999946,no_fresh_breakout,29,YGG-USDT-SWAP,0.04,нет свежего пробоя Donchian на последней закрытой свече,,rejected,,
0.0,atr_warmup:_цена_или_atr_недоступны_после_прогрева,29,ZBCN-USDT-SWAP,0.0,ATR warmup: цена или ATR недоступны после прогрева,,rejected,,
3.499999999999892e-05,no_fresh_breakout,30,1INCH-USDT-SWAP,0.0966,нет свежего пробоя Donchian на последней закрытой свече,,rejected,,
0.0010250000000000016,no_fresh_breakout,30,2Z-USDT-SWAP,0.0776,нет свежего пробоя Donchian на последней закрытой свече,,rejected,,
7.999999999999934e-06,no_fresh_breakout,30,ACT-USDT-SWAP,0.0136,нет свежего пробоя Donchian на последней закрытой свече,,rejected,,
2.099999999999984e-05,no_fresh_breakout,30,AI16Z-USDT-SWAP,0.05929,нет свежего пробоя Donchian на последней закрытой свече,,rejected,,
0.0006449999999999991,no_fresh_breakout,30,ARB-USDT-SWAP,0.1005,нет свежего пробоя Donchian на последней закрытой свече,,rejected,,
0.009440000000000004,no_fresh_breakout,30,ASTER-USDT-SWAP,0.6952,нет свежего пробоя Donchian на последней закрытой свече,,rejected,,
0.0,закрытие_не_удержалось_выше_канала,30,AUCTION-USDT-SWAP,0.0,закрытие не удержалось выше канала,long,rejected,Turtle 20,
0.0,закрытие_не_удержалось_ниже_канала,30,AXS-USDT-SWAP,0.0,закрытие не удержалось ниже канала,short,rejected,Turtle 55,
0.0,закрытие_не_удержалось_ниже_канала,30,AXS-USDT-SWAP,0.0,закрытие не удержалось ниже канала,short,rejected,Turtle 20,
3.4400000000000093,no_fresh_breakout,30,BNB-USDT-SWAP,725.4,нет свежего пробоя Donchian на последней закрытой свече,,rejected,,
0.0,закрытие_не_удержалось_ниже_канала,30,BOME-USDT-SWAP,0.0,закрытие не удержалось ниже канала,short,rejected,Turtle 20,
0.0,blacklist,30,BTC-USDT-SWAP,0.0,momentum chase blocked after 4 same-side candles,short,rejected,Turtle 20,
0.0004859999999999986,no_fresh_breakout,30,CFX-USDT-SWAP,0.06196,нет свежего пробоя Donchian на последней закрытой свече,,rejected,,
0.0002870000000000001,no_fresh_breakout,30,CHZ-USDT-SWAP,0.03574,нет свежего пробоя Donchian на последней закрытой свече,,rejected,,
0.1045,no_fresh_breakout,30,COMP-USDT-SWAP,18.5,нет свежего пробоя Donchian на последней закрытой свече,,rejected,,
0.002315000000000002,no_fresh_breakout,30,CRV-USDT-SWAP,0.2385,нет свежего пробоя Donchian на последней закрытой свече,,rejected,,
0.00044500000000000236,no_fresh_breakout,30,DOGE-USDT-SWAP,0.0939,нет свежего пробоя Donchian на последней закрытой свече,,rejected,,
0.02110000000000003,no_fresh_breakout,30,DOT-USDT-SWAP,1.539,нет свежего пробоя Donchian на последней закрытой свече,,rejected,,
20.324,no_fresh_breakout,30,ETH-USDT-SWAP,2232.84,нет свежего пробоя Donchian на последней закрытой свече,,rejected,,
0.020790000000000006,no_fresh_breakout,30,ETHW-USDT-SWAP,0.3627,нет свежего пробоя Donchian на последней закрытой свече,,rejected,,
0.0004500000000000004,no_fresh_breakout,30,FIL-USDT-SWAP,0.91,нет свежего пробоя Donchian на последней закрытой свече,,rejected,,
1.8449999999999967e-07,no_fresh_breakout,30,FLOKI-USDT-SWAP,2.949e-05,нет свежего пробоя Donchian на последней закрытой свече,,rejected,,
4.49999999999999e-06,no_fresh_breakout,30,GMT-USDT-SWAP,0.01094,нет свежего пробоя Donchian на последней закрытой свече,,rejected,,
2.9500000000000185e-05,no_fresh_breakout,30,HOME-USDT-SWAP,0.02121,нет свежего пробоя Donchian на последней закрытой свече,,rejected,,
0.016800000000000037,no_fresh_breakout,30,ICP-USDT-SWAP,2.526,нет свежего пробоя Donchian на последней закрытой свече,,rejected,,
0.014200000000000056,no_fresh_breakout,30,INJ-USDT-SWAP,3.014,нет свежего пробоя Donchian на последней закрытой свече,,rejected,,
1.2000000000000205e-05,no_fresh_breakout,30,IOTA-USDT-SWAP,0.06254,нет свежего пробоя Donchian на последней закрытой свече,,rejected,,
0.0002899999999999986,no_fresh_breakout,30,JUP-USDT-SWAP,0.1618,нет свежего пробоя Donchian на последней закрытой свече,,rejected,,
0.024500000000000098,no_fresh_breakout,30,KSM-USDT-SWAP,4.533,нет свежего пробоя Donchian на последней закрытой свече,,rejected,,
0.001680000000000001,no_fresh_breakout,30,LDO-USDT-SWAP,0.2993,нет свежего пробоя Donchian на последней закрытой свече,,rejected,,
0.040899999999999805,no_fresh_breakout,30,LINK-USDT-SWAP,9.098,нет свежего пробоя Donchian на последней закрытой свече,,rejected,,
0.001100000000000001,no_fresh_breakout,30,LIT-USDT-SWAP,1.12,нет свежего пробоя Donchian на последней закрытой свече,,rejected,,
0.002949999999999986,no_fresh_breakout,30,LPT-USDT-SWAP,2.233,нет свежего пробоя Donchian на последней закрытой свече,,rejected,,
0.31749999999999934,no_fresh_breakout,30,LTC-USDT-SWAP,55.35,нет свежего пробоя Donchian на последней закрытой свече,,rejected,,
0.0037820000000000015,no_fresh_breakout,30,MAGIC-USDT-SWAP,0.06264,нет свежего пробоя Donchian на последней закрытой свече,,rejected,,
0.0,atr_warmup:_цена_или_atr_недоступны_после_прогрева,30,MET-USDT-SWAP,0.0,ATR warmup: цена или ATR недоступны после прогрева,,rejected,,
0.007825000000000026,no_fresh_breakout,30,NEAR-USDT-SWAP,1.3547,нет свежего пробоя Donchian на последней закрытой свече,,rejected,,
1.0999999999999997e-07,no_fresh_breakout,30,NOT-USDT-SWAP,0.0003864,нет свежего пробоя Donchian на последней закрытой свече,,rejected,,
0.0010269999999999988,no_fresh_breakout,30,OP-USDT-SWAP,0.12152,нет свежего пробоя Donchian на последней закрытой свече,,rejected,,
0.000245999999999999,no_fresh_breakout,30,RESOLV-USDT-SWAP,0.06311,нет свежего пробоя Donchian на последней закрытой свече,,rejected,,
4.0499999999999914e-05,no_fresh_breakout,30,SKY-USDT-SWAP,0.03269,нет свежего пробоя Donchian на последней закрытой свече,,rejected,,
0.0002799999999999983,no_fresh_breakout,30,SYRUP-USDT-SWAP,0.2471,нет свежего пробоя Donchian на последней закрытой свече,,rejected,,
0.009449999999999981,no_fresh_breakout,30,TON-USDT-SWAP,1.249,нет свежего пробоя Donchian на последней закрытой свече,,rejected,,
0.00023499999999999633,no_fresh_breakout,30,TRX-USDT-SWAP,0.303,нет свежего пробоя Donchian на последней закрытой свече,,rejected,,
0.6155000000000002,no_fresh_breakout,30,XAG-USDT-SWAP,70.66,нет свежего пробоя Donchian на последней закрытой свече,,rejected,,
99.82000000000002,no_fresh_breakout,30,XAU-USDT-SWAP,4912.4,нет свежего пробоя Donchian на последней закрытой свече,,rejected,,
0.0012440000000000033,no_fresh_breakout,30,XLM-USDT-SWAP,0.16731,нет свежего пробоя Donchian на последней закрытой свече,,rejected,,
0.004635,no_fresh_breakout,30,XRP-USDT-SWAP,1.4573,нет свежего пробоя Donchian на последней закрытой свече,,rejected,,
8.499999999999896e-05,no_fresh_breakout,30,XTZ-USDT-SWAP,0.3932,нет свежего пробоя Donchian на последней закрытой свече,,rejected,,
0.0002250000000000009,no_fresh_breakout,30,YB-USDT-SWAP,0.1232,нет свежего пробоя Donchian на последней закрытой свече,,rejected,,
0.00017499999999999946,no_fresh_breakout,30,YGG-USDT-SWAP,0.04,нет свежего пробоя Donchian на последней закрытой свече,,rejected,,
0.0,atr_warmup:_цена_или_atr_недоступны_после_прогрева,30,ZBCN-USDT-SWAP,0.0,ATR warmup: цена или ATR недоступны после прогрева,,rejected,,
3.499999999999892e-05,no_fresh_breakout,31,1INCH-USDT-SWAP,0.0966,нет свежего пробоя Donchian на последней закрытой свече,,rejected,,
0.0010250000000000016,no_fresh_breakout,31,2Z-USDT-SWAP,0.0776,нет свежего пробоя Donchian на последней закрытой свече,,rejected,,
7.999999999999934e-06,no_fresh_breakout,31,ACT-USDT-SWAP,0.0136,нет свежего пробоя Donchian на последней закрытой свече,,rejected,,
2.099999999999984e-05,no_fresh_breakout,31,AI16Z-USDT-SWAP,0.05929,нет свежего пробоя Donchian на последней закрытой свече,,rejected,,
0.0006449999999999991,no_fresh_breakout,31,ARB-USDT-SWAP,0.1005,нет свежего пробоя Donchian на последней закрытой свече,,rejected,,
0.009440000000000004,no_fresh_breakout,31,ASTER-USDT-SWAP,0.6952,нет свежего пробоя Donchian на последней закрытой свече,,rejected,,
0.0,закрытие_не_удержалось_выше_канала,31,AUCTION-USDT-SWAP,0.0,закрытие не удержалось выше канала,long,rejected,Turtle 20,
0.0,закрытие_не_удержалось_ниже_канала,31,AXS-USDT-SWAP,0.0,закрытие не удержалось ниже канала,short,rejected,Turtle 55,
0.0,закрытие_не_удержалось_ниже_канала,31,AXS-USDT-SWAP,0.0,закрытие не удержалось ниже канала,short,rejected,Turtle 20,
