action_taken,condition,condition_result,context_json_short,decision_type,inst_id,reason_code,reason_text,stage,timestamp,trade_id
False,закрытие не удержалось ниже канала,False,"{""score"": null, ""liquidity_score"": null, ""breakout_distance_atr"": null, ""freshness_score"": null}",ENTRY_CHECK,1INCH-USDT-SWAP,закрытие_не_удержалось_ниже_канала,закрытие не удержалось ниже канала,rejected,2026-03-19 14:43:24,
False,нет свежего пробоя Donchian на последней закрытой свече,False,"{""score"": null, ""liquidity_score"": null, ""breakout_distance_atr"": null, ""freshness_score"": null}",ENTRY_CHECK,2Z-USDT-SWAP,no_fresh_breakout,нет свежего пробоя Donchian на последней закрытой свече,rejected,2026-03-19 14:43:24,
False,закрытие не удержалось ниже канала,False,"{""score"": null, ""liquidity_score"": null, ""breakout_distance_atr"": null, ""freshness_score"": null}",ENTRY_CHECK,1INCH-USDT-SWAP,закрытие_не_удержалось_ниже_канала,закрытие не удержалось ниже канала,rejected,2026-03-19 14:43:44,
False,нет свежего пробоя Donchian на последней закрытой свече,False,"{""score"": null, ""liquidity_score"": null, ""breakout_distance_atr"": null, ""freshness_score"": null}",ENTRY_CHECK,2Z-USDT-SWAP,no_fresh_breakout,нет свежего пробоя Donchian на последней закрытой свече,rejected,2026-03-19 14:43:45,
False,нет свежего пробоя Donchian на последней закрытой свече,False,"{""score"": null, ""liquidity_score"": null, ""breakout_distance_atr"": null, ""freshness_score"": null}",ENTRY_CHECK,ACT-USDT-SWAP,no_fresh_breakout,нет свежего пробоя Donchian на последней закрытой свече,rejected,2026-03-19 14:43:45,
False,нет свежего пробоя Donchian на последней закрытой свече,False,"{""score"": null, ""liquidity_score"": null, ""breakout_distance_atr"": null, ""freshness_score"": null}",ENTRY_CHECK,AI16Z-USDT-SWAP,no_fresh_breakout,нет свежего пробоя Donchian на последней закрытой свече,rejected,2026-03-19 14:43:45,
False,закрытие не удержалось ниже канала,False,"{""score"": null, ""liquidity_score"": null, ""breakout_distance_atr"": null, ""freshness_score"": null}",ENTRY_CHECK,1INCH-USDT-SWAP,закрытие_не_удержалось_ниже_канала,закрытие не удержалось ниже канала,rejected,2026-03-19 14:44:06,
False,нет свежего пробоя Donchian на последней закрытой свече,False,"{""score"": null, ""liquidity_score"": null, ""breakout_distance_atr"": null, ""freshness_score"": null}",ENTRY_CHECK,2Z-USDT-SWAP,no_fresh_breakout,нет свежего пробоя Donchian на последней закрытой свече,rejected,2026-03-19 14:44:06,
False,нет свежего пробоя Donchian на последней закрытой свече,False,"{""score"": null, ""liquidity_score"": null, ""breakout_distance_atr"": null, ""freshness_score"": null}",ENTRY_CHECK,ACT-USDT-SWAP,no_fresh_breakout,нет свежего пробоя Donchian на последней закрытой свече,rejected,2026-03-19 14:44:07,
False,нет свежего пробоя Donchian на последней закрытой свече,False,"{""score"": null, ""liquidity_score"": null, ""breakout_distance_atr"": null, ""freshness_score"": null}",ENTRY_CHECK,AI16Z-USDT-SWAP,no_fresh_breakout,нет свежего пробоя Donchian на последней закрытой свече,rejected,2026-03-19 14:44:07,
False,нет свежего пробоя Donchian на последней закрытой свече,False,"{""score"": null, ""liquidity_score"": null, ""breakout_distance_atr"": null, ""freshness_score"": null}",ENTRY_CHECK,ARB-USDT-SWAP,no_fresh_breakout,нет свежего пробоя Donchian на последней закрытой свече,rejected,2026-03-19 14:44:07,
False,нет свежего пробоя Donchian на последней закрытой свече,False,"{""score"": null, ""liquidity_score"": null, ""breakout_distance_atr"": null, ""freshness_score"": null}",ENTRY_CHECK,ASTER-USDT-SWAP,no_fresh_breakout,нет свежего пробоя Donchian на последней закрытой свече,rejected,2026-03-19 14:44:08,
False,закрытие не удержалось ниже канала,False,"{""score"": null, ""liquidity_score"": null, ""breakout_distance_atr"": null, ""freshness_score"": null}",ENTRY_CHECK,1INCH-USDT-SWAP,закрытие_не_удержалось_ниже_канала,закрытие не удержалось ниже канала,rejected,2026-03-19 14:44:28,
False,нет свежего пробоя Donchian на последней закрытой свече,False,"{""score"": null, ""liquidity_score"": null, ""breakout_distance_atr"": null, ""freshness_score"": null}",ENTRY_CHECK,2Z-USDT-SWAP,no_fresh_breakout,нет свежего пробоя Donchian на последней закрытой свече,rejected,2026-03-19 14:44:29,
False,нет свежего пробоя Donchian на последней закрытой свече,False,"{""score"": null, ""liquidity_score"": null, ""breakout_distance_atr"": null, ""freshness_score"": null}",ENTRY_CHECK,ACT-USDT-SWAP,no_fresh_breakout,нет свежего пробоя Donchian на последней закрытой свече,rejected,2026-03-19 14:44:29,
False,нет свежего пробоя Donchian на последней закрытой свече,False,"{""score"": null, ""liquidity_score"": null, ""breakout_distance_atr"": null, ""freshness_score"": null}",ENTRY_CHECK,AI16Z-USDT-SWAP,no_fresh_breakout,нет свежего пробоя Donchian на последней закрытой свече,rejected,2026-03-19 14:44:29,
False,нет свежего пробоя Donchian на последней закрытой свече,False,"{""score"": null, ""liquidity_score"": null, ""breakout_distance_atr"": null, ""freshness_score"": null}",ENTRY_CHECK,ARB-USDT-SWAP,no_fresh_breakout,нет свежего пробоя Donchian на последней закрытой свече,rejected,2026-03-19 14:44:30,
False,нет свежего пробоя Donchian на последней закрытой свече,False,"{""score"": null, ""liquidity_score"": null, ""breakout_distance_atr"": null, ""freshness_score"": null}",ENTRY_CHECK,ASTER-USDT-SWAP,no_fresh_breakout,нет свежего пробоя Donchian на последней закрытой свече,rejected,2026-03-19 14:44:30,
False,нет свежего пробоя Donchian на последней закрытой свече,False,"{""score"": null, ""liquidity_score"": null, ""breakout_distance_atr"": null, ""freshness_score"": null}",ENTRY_CHECK,AUCTION-USDT-SWAP,no_fresh_breakout,нет свежего пробоя Donchian на последней закрытой свече,rejected,2026-03-19 14:44:31,
False,закрытие не удержалось ниже канала,False,"{""score"": null, ""liquidity_score"": null, ""breakout_distance_atr"": null, ""freshness_score"": null}",ENTRY_CHECK,AXS-USDT-SWAP,закрытие_не_удержалось_ниже_канала,закрытие не удержалось ниже канала,rejected,2026-03-19 14:44:31,
False,закрытие не удержалось ниже канала,False,"{""score"": null, ""liquidity_score"": null, ""breakout_distance_atr"": null, ""freshness_score"": null}",ENTRY_CHECK,AXS-USDT-SWAP,закрытие_не_удержалось_ниже_канала,закрытие не удержалось ниже канала,rejected,2026-03-19 14:44:31,
False,закрытие не удержалось ниже канала,False,"{""score"": null, ""liquidity_score"": null, ""breakout_distance_atr"": null, ""freshness_score"": null}",ENTRY_CHECK,1INCH-USDT-SWAP,закрытие_не_удержалось_ниже_канала,закрытие не удержалось ниже канала,rejected,2026-03-19 14:44:52,
False,нет свежего пробоя Donchian на последней закрытой свече,False,"{""score"": null, ""liquidity_score"": null, ""breakout_distance_atr"": null, ""freshness_score"": null}",ENTRY_CHECK,2Z-USDT-SWAP,no_fresh_breakout,нет свежего пробоя Donchian на последней закрытой свече,rejected,2026-03-19 14:44:52,
False,нет свежего пробоя Donchian на последней закрытой свече,False,"{""score"": null, ""liquidity_score"": null, ""breakout_distance_atr"": null, ""freshness_score"": null}",ENTRY_CHECK,ACT-USDT-SWAP,no_fresh_breakout,нет свежего пробоя Donchian на последней закрытой свече,rejected,2026-03-19 14:44:53,
False,нет свежего пробоя Donchian на последней закрытой свече,False,"{""score"": null, ""liquidity_score"": null, ""breakout_distance_atr"": null, ""freshness_score"": null}",ENTRY_CHECK,AI16Z-USDT-SWAP,no_fresh_breakout,нет свежего пробоя Donchian на последней закрытой свече,rejected,2026-03-19 14:44:53,
False,нет свежего пробоя Donchian на последней закрытой свече,False,"{""score"": null, ""liquidity_score"": null, ""breakout_distance_atr"": null, ""freshness_score"": null}",ENTRY_CHECK,ARB-USDT-SWAP,no_fresh_breakout,нет свежего пробоя Donchian на последней закрытой свече,rejected,2026-03-19 14:44:54,
False,нет свежего пробоя Donchian на последней закрытой свече,False,"{""score"": null, ""liquidity_score"": null, ""breakout_distance_atr"": null, ""freshness_score"": null}",ENTRY_CHECK,ASTER-USDT-SWAP,no_fresh_breakout,нет свежего пробоя Donchian на последней закрытой свече,rejected,2026-03-19 14:44:54,
False,нет свежего пробоя Donchian на последней закрытой свече,False,"{""score"": null, ""liquidity_score"": null, ""breakout_distance_atr"": null, ""freshness_score"": null}",ENTRY_CHECK,AUCTION-USDT-SWAP,no_fresh_breakout,нет свежего пробоя Donchian на последней закрытой свече,rejected,2026-03-19 14:44:55,
False,закрытие не удержалось ниже канала,False,"{""score"": null, ""liquidity_score"": null, ""breakout_distance_atr"": null, ""freshness_score"": null}",ENTRY_CHECK,AXS-USDT-SWAP,закрытие_не_удержалось_ниже_канала,закрытие не удержалось ниже канала,rejected,2026-03-19 14:44:55,
False,закрытие не удержалось ниже канала,False,"{""score"": null, ""liquidity_score"": null, ""breakout_distance_atr"": null, ""freshness_score"": null}",ENTRY_CHECK,AXS-USDT-SWAP,закрытие_не_удержалось_ниже_канала,закрытие не удержалось ниже канала,rejected,2026-03-19 14:44:55,
False,classic_turtle_breakout_short,True,"{""score"": null, ""liquidity_score"": 4.9614, ""breakout_distance_atr"": 0.3478, ""freshness_score"": 0.8796}",ENTRY_CHECK,BCH-USDT-SWAP,classic_turtle_breakout_short,classic_turtle_breakout_short,candidate,2026-03-19 14:44:56,
False,classic_turtle_breakout_short,True,"{""score"": null, ""liquidity_score"": 4.9614, ""breakout_distance_atr"": 0.3478, ""freshness_score"": 0.8796}",ENTRY_RANK,BCH-USDT-SWAP,classic_turtle_breakout_short,classic_turtle_breakout_short,ranked_candidate,2026-03-19 14:44:56,
False,entry_failed,False,"{""score"": null, ""liquidity_score"": null, ""breakout_distance_atr"": null, ""freshness_score"": null}",ENTRY_EXECUTION,BCH-USDT-SWAP,unknown,,entry_failed,2026-03-19 14:45:00,
True,position_opened,True,"{""units"": null, ""last_price"": null, ""next_pyramid_price"": null, ""retry_after_sec"": null}",ENTRY_EXECUTION,BCH-USDT-SWAP,unknown,,position_opened,2026-03-19 14:45:00,20260319_144457_BCH-USDT-SWAP_short
False,нет свежего пробоя Donchian на последней закрытой свече,False,"{""score"": null, ""liquidity_score"": null, ""breakout_distance_atr"": null, ""freshness_score"": null}",ENTRY_CHECK,1INCH-USDT-SWAP,no_fresh_breakout,нет свежего пробоя Donchian на последней закрытой свече,rejected,2026-03-19 14:45:19,
False,momentum chase blocked after 4 same-side candles,False,"{""score"": null, ""liquidity_score"": null, ""breakout_distance_atr"": 0.1015, ""freshness_score"": null}",ENTRY_CHECK,2Z-USDT-SWAP,blacklist,momentum chase blocked after 4 same-side candles,rejected,2026-03-19 14:45:20,
False,нет свежего пробоя Donchian на последней закрытой свече,False,"{""score"": null, ""liquidity_score"": null, ""breakout_distance_atr"": null, ""freshness_score"": null}",ENTRY_CHECK,ACT-USDT-SWAP,no_fresh_breakout,нет свежего пробоя Donchian на последней закрытой свече,rejected,2026-03-19 14:45:20,
False,нет свежего пробоя Donchian на последней закрытой свече,False,"{""score"": null, ""liquidity_score"": null, ""breakout_distance_atr"": null, ""freshness_score"": null}",ENTRY_CHECK,AI16Z-USDT-SWAP,no_fresh_breakout,нет свежего пробоя Donchian на последней закрытой свече,rejected,2026-03-19 14:45:21,
False,нет свежего пробоя Donchian на последней закрытой свече,False,"{""score"": null, ""liquidity_score"": null, ""breakout_distance_atr"": null, ""freshness_score"": null}",ENTRY_CHECK,ARB-USDT-SWAP,no_fresh_breakout,нет свежего пробоя Donchian на последней закрытой свече,rejected,2026-03-19 14:45:21,
False,нет свежего пробоя Donchian на последней закрытой свече,False,"{""score"": null, ""liquidity_score"": null, ""breakout_distance_atr"": null, ""freshness_score"": null}",ENTRY_CHECK,ASTER-USDT-SWAP,no_fresh_breakout,нет свежего пробоя Donchian на последней закрытой свече,rejected,2026-03-19 14:45:22,
False,нет свежего пробоя Donchian на последней закрытой свече,False,"{""score"": null, ""liquidity_score"": null, ""breakout_distance_atr"": null, ""freshness_score"": null}",ENTRY_CHECK,AUCTION-USDT-SWAP,no_fresh_breakout,нет свежего пробоя Donchian на последней закрытой свече,rejected,2026-03-19 14:45:22,
False,нет свежего пробоя Donchian на последней закрытой свече,False,"{""score"": null, ""liquidity_score"": null, ""breakout_distance_atr"": null, ""freshness_score"": null}",ENTRY_CHECK,AXS-USDT-SWAP,no_fresh_breakout,нет свежего пробоя Donchian на последней закрытой свече,rejected,2026-03-19 14:45:23,
False,нет свежего пробоя Donchian на последней закрытой свече,False,"{""score"": null, ""liquidity_score"": null, ""breakout_distance_atr"": null, ""freshness_score"": null}",ENTRY_CHECK,BNB-USDT-SWAP,no_fresh_breakout,нет свежего пробоя Donchian на последней закрытой свече,rejected,2026-03-19 14:45:23,
False,нет свежего пробоя Donchian на последней закрытой свече,False,"{""score"": null, ""liquidity_score"": null, ""breakout_distance_atr"": null, ""freshness_score"": null}",ENTRY_CHECK,BOME-USDT-SWAP,no_fresh_breakout,нет свежего пробоя Donchian на последней закрытой свече,rejected,2026-03-19 14:45:23,
False,нет свежего пробоя Donchian на последней закрытой свече,False,"{""score"": null, ""liquidity_score"": null, ""breakout_distance_atr"": null, ""freshness_score"": null}",ENTRY_CHECK,BTC-USDT-SWAP,no_fresh_breakout,нет свежего пробоя Donchian на последней закрытой свече,rejected,2026-03-19 14:45:24,
False,нет свежего пробоя Donchian на последней закрытой свече,False,"{""score"": null, ""liquidity_score"": null, ""breakout_distance_atr"": null, ""freshness_score"": null}",ENTRY_CHECK,1INCH-USDT-SWAP,no_fresh_breakout,нет свежего пробоя Donchian на последней закрытой свече,rejected,2026-03-19 14:45:44,
False,momentum chase blocked after 4 same-side candles,False,"{""score"": null, ""liquidity_score"": null, ""breakout_distance_atr"": 0.1015, ""freshness_score"": null}",ENTRY_CHECK,2Z-USDT-SWAP,blacklist,momentum chase blocked after 4 same-side candles,rejected,2026-03-19 14:45:45,
False,нет свежего пробоя Donchian на последней закрытой свече,False,"{""score"": null, ""liquidity_score"": null, ""breakout_distance_atr"": null, ""freshness_score"": null}",ENTRY_CHECK,ACT-USDT-SWAP,no_fresh_breakout,нет свежего пробоя Donchian на последней закрытой свече,rejected,2026-03-19 14:45:46,
False,нет свежего пробоя Donchian на последней закрытой свече,False,"{""score"": null, ""liquidity_score"": null, ""breakout_distance_atr"": null, ""freshness_score"": null}",ENTRY_CHECK,AI16Z-USDT-SWAP,no_fresh_breakout,нет свежего пробоя Donchian на последней закрытой свече,rejected,2026-03-19 14:45:46,
False,нет свежего пробоя Donchian на последней закрытой свече,False,"{""score"": null, ""liquidity_score"": null, ""breakout_distance_atr"": null, ""freshness_score"": null}",ENTRY_CHECK,ARB-USDT-SWAP,no_fresh_breakout,нет свежего пробоя Donchian на последней закрытой свече,rejected,2026-03-19 14:45:46,
False,нет свежего пробоя Donchian на последней закрытой свече,False,"{""score"": null, ""liquidity_score"": null, ""breakout_distance_atr"": null, ""freshness_score"": null}",ENTRY_CHECK,ASTER-USDT-SWAP,no_fresh_breakout,нет свежего пробоя Donchian на последней закрытой свече,rejected,2026-03-19 14:45:47,
False,нет свежего пробоя Donchian на последней закрытой свече,False,"{""score"": null, ""liquidity_score"": null, ""breakout_distance_atr"": null, ""freshness_score"": null}",ENTRY_CHECK,AUCTION-USDT-SWAP,no_fresh_breakout,нет свежего пробоя Donchian на последней закрытой свече,rejected,2026-03-19 14:45:47,
False,нет свежего пробоя Donchian на последней закрытой свече,False,"{""score"": null, ""liquidity_score"": null, ""breakout_distance_atr"": null, ""freshness_score"": null}",ENTRY_CHECK,AXS-USDT-SWAP,no_fresh_breakout,нет свежего пробоя Donchian на последней закрытой свече,rejected,2026-03-19 14:45:48,
False,нет свежего пробоя Donchian на последней закрытой свече,False,"{""score"": null, ""liquidity_score"": null, ""breakout_distance_atr"": null, ""freshness_score"": null}",ENTRY_CHECK,BNB-USDT-SWAP,no_fresh_breakout,нет свежего пробоя Donchian на последней закрытой свече,rejected,2026-03-19 14:45:48,
False,нет свежего пробоя Donchian на последней закрытой свече,False,"{""score"": null, ""liquidity_score"": null, ""breakout_distance_atr"": null, ""freshness_score"": null}",ENTRY_CHECK,BOME-USDT-SWAP,no_fresh_breakout,нет свежего пробоя Donchian на последней закрытой свече,rejected,2026-03-19 14:45:48,
False,нет свежего пробоя Donchian на последней закрытой свече,False,"{""score"": null, ""liquidity_score"": null, ""breakout_distance_atr"": null, ""freshness_score"": null}",ENTRY_CHECK,BTC-USDT-SWAP,no_fresh_breakout,нет свежего пробоя Donchian на последней закрытой свече,rejected,2026-03-19 14:45:49,
False,закрытие не удержалось выше канала,False,"{""score"": null, ""liquidity_score"": null, ""breakout_distance_atr"": null, ""freshness_score"": null}",ENTRY_CHECK,CFX-USDT-SWAP,закрытие_не_удержалось_выше_канала,закрытие не удержалось выше канала,rejected,2026-03-19 14:45:49,
False,нет свежего пробоя Donchian на последней закрытой свече,False,"{""score"": null, ""liquidity_score"": null, ""breakout_distance_atr"": null, ""freshness_score"": null}",ENTRY_CHECK,1INCH-USDT-SWAP,no_fresh_breakout,нет свежего пробоя Donchian на последней закрытой свече,rejected,2026-03-19 14:46:13,
False,momentum chase blocked after 4 same-side candles,False,"{""score"": null, ""liquidity_score"": null, ""breakout_distance_atr"": 0.1015, ""freshness_score"": null}",ENTRY_CHECK,2Z-USDT-SWAP,blacklist,momentum chase blocked after 4 same-side candles,rejected,2026-03-19 14:46:14,
False,нет свежего пробоя Donchian на последней закрытой свече,False,"{""score"": null, ""liquidity_score"": null, ""breakout_distance_atr"": null, ""freshness_score"": null}",ENTRY_CHECK,ACT-USDT-SWAP,no_fresh_breakout,нет свежего пробоя Donchian на последней закрытой свече,rejected,2026-03-19 14:46:14,
False,нет свежего пробоя Donchian на последней закрытой свече,False,"{""score"": null, ""liquidity_score"": null, ""breakout_distance_atr"": null, ""freshness_score"": null}",ENTRY_CHECK,AI16Z-USDT-SWAP,no_fresh_breakout,нет свежего пробоя Donchian на последней закрытой свече,rejected,2026-03-19 14:46:15,
False,нет свежего пробоя Donchian на последней закрытой свече,False,"{""score"": null, ""liquidity_score"": null, ""breakout_distance_atr"": null, ""freshness_score"": null}",ENTRY_CHECK,ARB-USDT-SWAP,no_fresh_breakout,нет свежего пробоя Donchian на последней закрытой свече,rejected,2026-03-19 14:46:15,
False,нет свежего пробоя Donchian на последней закрытой свече,False,"{""score"": null, ""liquidity_score"": null, ""breakout_distance_atr"": null, ""freshness_score"": null}",ENTRY_CHECK,ASTER-USDT-SWAP,no_fresh_breakout,нет свежего пробоя Donchian на последней закрытой свече,rejected,2026-03-19 14:46:15,
False,нет свежего пробоя Donchian на последней закрытой свече,False,"{""score"": null, ""liquidity_score"": null, ""breakout_distance_atr"": null, ""freshness_score"": null}",ENTRY_CHECK,AUCTION-USDT-SWAP,no_fresh_breakout,нет свежего пробоя Donchian на последней закрытой свече,rejected,2026-03-19 14:46:16,
False,нет свежего пробоя Donchian на последней закрытой свече,False,"{""score"": null, ""liquidity_score"": null, ""breakout_distance_atr"": null, ""freshness_score"": null}",ENTRY_CHECK,AXS-USDT-SWAP,no_fresh_breakout,нет свежего пробоя Donchian на последней закрытой свече,rejected,2026-03-19 14:46:16,
False,нет свежего пробоя Donchian на последней закрытой свече,False,"{""score"": null, ""liquidity_score"": null, ""breakout_distance_atr"": null, ""freshness_score"": null}",ENTRY_CHECK,BNB-USDT-SWAP,no_fresh_breakout,нет свежего пробоя Donchian на последней закрытой свече,rejected,2026-03-19 14:46:17,
False,нет свежего пробоя Donchian на последней закрытой свече,False,"{""score"": null, ""liquidity_score"": null, ""breakout_distance_atr"": null, ""freshness_score"": null}",ENTRY_CHECK,BOME-USDT-SWAP,no_fresh_breakout,нет свежего пробоя Donchian на последней закрытой свече,rejected,2026-03-19 14:46:17,
False,нет свежего пробоя Donchian на последней закрытой свече,False,"{""score"": null, ""liquidity_score"": null, ""breakout_distance_atr"": null, ""freshness_score"": null}",ENTRY_CHECK,BTC-USDT-SWAP,no_fresh_breakout,нет свежего пробоя Donchian на последней закрытой свече,rejected,2026-03-19 14:46:17,
False,закрытие не удержалось выше канала,False,"{""score"": null, ""liquidity_score"": null, ""breakout_distance_atr"": null, ""freshness_score"": null}",ENTRY_CHECK,CFX-USDT-SWAP,закрытие_не_удержалось_выше_канала,закрытие не удержалось выше канала,rejected,2026-03-19 14:46:18,
False,нет свежего пробоя Donchian на последней закрытой свече,False,"{""score"": null, ""liquidity_score"": null, ""breakout_distance_atr"": null, ""freshness_score"": null}",ENTRY_CHECK,CHZ-USDT-SWAP,no_fresh_breakout,нет свежего пробоя Donchian на последней закрытой свече,rejected,2026-03-19 14:46:18,
False,нет свежего пробоя Donchian на последней закрытой свече,False,"{""score"": null, ""liquidity_score"": null, ""breakout_distance_atr"": null, ""freshness_score"": null}",ENTRY_CHECK,COMP-USDT-SWAP,no_fresh_breakout,нет свежего пробоя Donchian на последней закрытой свече,rejected,2026-03-19 14:46:19,
False,нет свежего пробоя Donchian на последней закрытой свече,False,"{""score"": null, ""liquidity_score"": null, ""breakout_distance_atr"": null, ""freshness_score"": null}",ENTRY_CHECK,1INCH-USDT-SWAP,no_fresh_breakout,нет свежего пробоя Donchian на последней закрытой свече,rejected,2026-03-19 14:46:39,
False,momentum chase blocked after 4 same-side candles,False,"{""score"": null, ""liquidity_score"": null, ""breakout_distance_atr"": 0.1015, ""freshness_score"": null}",ENTRY_CHECK,2Z-USDT-SWAP,blacklist,momentum chase blocked after 4 same-side candles,rejected,2026-03-19 14:46:40,
False,нет свежего пробоя Donchian на последней закрытой свече,False,"{""score"": null, ""liquidity_score"": null, ""breakout_distance_atr"": null, ""freshness_score"": null}",ENTRY_CHECK,ACT-USDT-SWAP,no_fresh_breakout,нет свежего пробоя Donchian на последней закрытой свече,rejected,2026-03-19 14:46:41,
False,нет свежего пробоя Donchian на последней закрытой свече,False,"{""score"": null, ""liquidity_score"": null, ""breakout_distance_atr"": null, ""freshness_score"": null}",ENTRY_CHECK,AI16Z-USDT-SWAP,no_fresh_breakout,нет свежего пробоя Donchian на последней закрытой свече,rejected,2026-03-19 14:46:41,
False,нет свежего пробоя Donchian на последней закрытой свече,False,"{""score"": null, ""liquidity_score"": null, ""breakout_distance_atr"": null, ""freshness_score"": null}",ENTRY_CHECK,ARB-USDT-SWAP,no_fresh_breakout,нет свежего пробоя Donchian на последней закрытой свече,rejected,2026-03-19 14:46:41,
False,нет свежего пробоя Donchian на последней закрытой свече,False,"{""score"": null, ""liquidity_score"": null, ""breakout_distance_atr"": null, ""freshness_score"": null}",ENTRY_CHECK,ASTER-USDT-SWAP,no_fresh_breakout,нет свежего пробоя Donchian на последней закрытой свече,rejected,2026-03-19 14:46:41,
False,нет свежего пробоя Donchian на последней закрытой свече,False,"{""score"": null, ""liquidity_score"": null, ""breakout_distance_atr"": null, ""freshness_score"": null}",ENTRY_CHECK,AUCTION-USDT-SWAP,no_fresh_breakout,нет свежего пробоя Donchian на последней закрытой свече,rejected,2026-03-19 14:46:41,
False,нет свежего пробоя Donchian на последней закрытой свече,False,"{""score"": null, ""liquidity_score"": null, ""breakout_distance_atr"": null, ""freshness_score"": null}",ENTRY_CHECK,AXS-USDT-SWAP,no_fresh_breakout,нет свежего пробоя Donchian на последней закрытой свече,rejected,2026-03-19 14:46:41,
False,нет свежего пробоя Donchian на последней закрытой свече,False,"{""score"": null, ""liquidity_score"": null, ""breakout_distance_atr"": null, ""freshness_score"": null}",ENTRY_CHECK,BNB-USDT-SWAP,no_fresh_breakout,нет свежего пробоя Donchian на последней закрытой свече,rejected,2026-03-19 14:46:42,
False,нет свежего пробоя Donchian на последней закрытой свече,False,"{""score"": null, ""liquidity_score"": null, ""breakout_distance_atr"": null, ""freshness_score"": null}",ENTRY_CHECK,BOME-USDT-SWAP,no_fresh_breakout,нет свежего пробоя Donchian на последней закрытой свече,rejected,2026-03-19 14:46:42,
False,нет свежего пробоя Donchian на последней закрытой свече,False,"{""score"": null, ""liquidity_score"": null, ""breakout_distance_atr"": null, ""freshness_score"": null}",ENTRY_CHECK,BTC-USDT-SWAP,no_fresh_breakout,нет свежего пробоя Donchian на последней закрытой свече,rejected,2026-03-19 14:46:43,
False,закрытие не удержалось выше канала,False,"{""score"": null, ""liquidity_score"": null, ""breakout_distance_atr"": null, ""freshness_score"": null}",ENTRY_CHECK,CFX-USDT-SWAP,закрытие_не_удержалось_выше_канала,закрытие не удержалось выше канала,rejected,2026-03-19 14:46:43,
False,нет свежего пробоя Donchian на последней закрытой свече,False,"{""score"": null, ""liquidity_score"": null, ""breakout_distance_atr"": null, ""freshness_score"": null}",ENTRY_CHECK,CHZ-USDT-SWAP,no_fresh_breakout,нет свежего пробоя Donchian на последней закрытой свече,rejected,2026-03-19 14:46:44,
False,нет свежего пробоя Donchian на последней закрытой свече,False,"{""score"": null, ""liquidity_score"": null, ""breakout_distance_atr"": null, ""freshness_score"": null}",ENTRY_CHECK,COMP-USDT-SWAP,no_fresh_breakout,нет свежего пробоя Donchian на последней закрытой свече,rejected,2026-03-19 14:46:44,
False,нет свежего пробоя Donchian на последней закрытой свече,False,"{""score"": null, ""liquidity_score"": null, ""breakout_distance_atr"": null, ""freshness_score"": null}",ENTRY_CHECK,CRV-USDT-SWAP,no_fresh_breakout,нет свежего пробоя Donchian на последней закрытой свече,rejected,2026-03-19 14:46:45,
False,нет свежего пробоя Donchian на последней закрытой свече,False,"{""score"": null, ""liquidity_score"": null, ""breakout_distance_atr"": null, ""freshness_score"": null}",ENTRY_CHECK,DOGE-USDT-SWAP,no_fresh_breakout,нет свежего пробоя Donchian на последней закрытой свече,rejected,2026-03-19 14:46:45,
False,нет свежего пробоя Donchian на последней закрытой свече,False,"{""score"": null, ""liquidity_score"": null, ""breakout_distance_atr"": null, ""freshness_score"": null}",ENTRY_CHECK,DOT-USDT-SWAP,no_fresh_breakout,нет свежего пробоя Donchian на последней закрытой свече,rejected,2026-03-19 14:46:45,
False,нет свежего пробоя Donchian на последней закрытой свече,False,"{""score"": null, ""liquidity_score"": null, ""breakout_distance_atr"": null, ""freshness_score"": null}",ENTRY_CHECK,1INCH-USDT-SWAP,no_fresh_breakout,нет свежего пробоя Donchian на последней закрытой свече,rejected,2026-03-19 14:47:09,
False,momentum chase blocked after 4 same-side candles,False,"{""score"": null, ""liquidity_score"": null, ""breakout_distance_atr"": 0.1015, ""freshness_score"": null}",ENTRY_CHECK,2Z-USDT-SWAP,blacklist,momentum chase blocked after 4 same-side candles,rejected,2026-03-19 14:47:10,
False,нет свежего пробоя Donchian на последней закрытой свече,False,"{""score"": null, ""liquidity_score"": null, ""breakout_distance_atr"": null, ""freshness_score"": null}",ENTRY_CHECK,ACT-USDT-SWAP,no_fresh_breakout,нет свежего пробоя Donchian на последней закрытой свече,rejected,2026-03-19 14:47:10,
False,нет свежего пробоя Donchian на последней закрытой свече,False,"{""score"": null, ""liquidity_score"": null, ""breakout_distance_atr"": null, ""freshness_score"": null}",ENTRY_CHECK,AI16Z-USDT-SWAP,no_fresh_breakout,нет свежего пробоя Donchian на последней закрытой свече,rejected,2026-03-19 14:47:11,
False,нет свежего пробоя Donchian на последней закрытой свече,False,"{""score"": null, ""liquidity_score"": null, ""breakout_distance_atr"": null, ""freshness_score"": null}",ENTRY_CHECK,ARB-USDT-SWAP,no_fresh_breakout,нет свежего пробоя Donchian на последней закрытой свече,rejected,2026-03-19 14:47:11,
False,нет свежего пробоя Donchian на последней закрытой свече,False,"{""score"": null, ""liquidity_score"": null, ""breakout_distance_atr"": null, ""freshness_score"": null}",ENTRY_CHECK,ASTER-USDT-SWAP,no_fresh_breakout,нет свежего пробоя Donchian на последней закрытой свече,rejected,2026-03-19 14:47:11,
False,нет свежего пробоя Donchian на последней закрытой свече,False,"{""score"": null, ""liquidity_score"": null, ""breakout_distance_atr"": null, ""freshness_score"": null}",ENTRY_CHECK,AUCTION-USDT-SWAP,no_fresh_breakout,нет свежего пробоя Donchian на последней закрытой свече,rejected,2026-03-19 14:47:12,
False,нет свежего пробоя Donchian на последней закрытой свече,False,"{""score"": null, ""liquidity_score"": null, ""breakout_distance_atr"": null, ""freshness_score"": null}",ENTRY_CHECK,AXS-USDT-SWAP,no_fresh_breakout,нет свежего пробоя Donchian на последней закрытой свече,rejected,2026-03-19 14:47:12,
False,нет свежего пробоя Donchian на последней закрытой свече,False,"{""score"": null, ""liquidity_score"": null, ""breakout_distance_atr"": null, ""freshness_score"": null}",ENTRY_CHECK,BNB-USDT-SWAP,no_fresh_breakout,нет свежего пробоя Donchian на последней закрытой свече,rejected,2026-03-19 14:47:13,
False,нет свежего пробоя Donchian на последней закрытой свече,False,"{""score"": null, ""liquidity_score"": null, ""breakout_distance_atr"": null, ""freshness_score"": null}",ENTRY_CHECK,BOME-USDT-SWAP,no_fresh_breakout,нет свежего пробоя Donchian на последней закрытой свече,rejected,2026-03-19 14:47:13,
False,нет свежего пробоя Donchian на последней закрытой свече,False,"{""score"": null, ""liquidity_score"": null, ""breakout_distance_atr"": null, ""freshness_score"": null}",ENTRY_CHECK,BTC-USDT-SWAP,no_fresh_breakout,нет свежего пробоя Donchian на последней закрытой свече,rejected,2026-03-19 14:47:14,
False,закрытие не удержалось выше канала,False,"{""score"": null, ""liquidity_score"": null, ""breakout_distance_atr"": null, ""freshness_score"": null}",ENTRY_CHECK,CFX-USDT-SWAP,закрытие_не_удержалось_выше_канала,закрытие не удержалось выше канала,rejected,2026-03-19 14:47:14,
False,нет свежего пробоя Donchian на последней закрытой свече,False,"{""score"": null, ""liquidity_score"": null, ""breakout_distance_atr"": null, ""freshness_score"": null}",ENTRY_CHECK,CHZ-USDT-SWAP,no_fresh_breakout,нет свежего пробоя Donchian на последней закрытой свече,rejected,2026-03-19 14:47:15,
False,нет свежего пробоя Donchian на последней закрытой свече,False,"{""score"": null, ""liquidity_score"": null, ""breakout_distance_atr"": null, ""freshness_score"": null}",ENTRY_CHECK,COMP-USDT-SWAP,no_fresh_breakout,нет свежего пробоя Donchian на последней закрытой свече,rejected,2026-03-19 14:47:15,
False,нет свежего пробоя Donchian на последней закрытой свече,False,"{""score"": null, ""liquidity_score"": null, ""breakout_distance_atr"": null, ""freshness_score"": null}",ENTRY_CHECK,CRV-USDT-SWAP,no_fresh_breakout,нет свежего пробоя Donchian на последней закрытой свече,rejected,2026-03-19 14:47:16,
False,нет свежего пробоя Donchian на последней закрытой свече,False,"{""score"": null, ""liquidity_score"": null, ""breakout_distance_atr"": null, ""freshness_score"": null}",ENTRY_CHECK,DOGE-USDT-SWAP,no_fresh_breakout,нет свежего пробоя Donchian на последней закрытой свече,rejected,2026-03-19 14:47:16,
False,нет свежего пробоя Donchian на последней закрытой свече,False,"{""score"": null, ""liquidity_score"": null, ""breakout_distance_atr"": null, ""freshness_score"": null}",ENTRY_CHECK,DOT-USDT-SWAP,no_fresh_breakout,нет свежего пробоя Donchian на последней закрытой свече,rejected,2026-03-19 14:47:16,
False,нет свежего пробоя Donchian на последней закрытой свече,False,"{""score"": null, ""liquidity_score"": null, ""breakout_distance_atr"": null, ""freshness_score"": null}",ENTRY_CHECK,ETH-USDT-SWAP,no_fresh_breakout,нет свежего пробоя Donchian на последней закрытой свече,rejected,2026-03-19 14:47:17,
False,нет свежего пробоя Donchian на последней закрытой свече,False,"{""score"": null, ""liquidity_score"": null, ""breakout_distance_atr"": null, ""freshness_score"": null}",ENTRY_CHECK,1INCH-USDT-SWAP,no_fresh_breakout,нет свежего пробоя Donchian на последней закрытой свече,rejected,2026-03-19 14:47:38,
False,momentum chase blocked after 4 same-side candles,False,"{""score"": null, ""liquidity_score"": null, ""breakout_distance_atr"": 0.1015, ""freshness_score"": null}",ENTRY_CHECK,2Z-USDT-SWAP,blacklist,momentum chase blocked after 4 same-side candles,rejected,2026-03-19 14:47:39,
False,нет свежего пробоя Donchian на последней закрытой свече,False,"{""score"": null, ""liquidity_score"": null, ""breakout_distance_atr"": null, ""freshness_score"": null}",ENTRY_CHECK,ACT-USDT-SWAP,no_fresh_breakout,нет свежего пробоя Donchian на последней закрытой свече,rejected,2026-03-19 14:47:39,
False,нет свежего пробоя Donchian на последней закрытой свече,False,"{""score"": null, ""liquidity_score"": null, ""breakout_distance_atr"": null, ""freshness_score"": null}",ENTRY_CHECK,AI16Z-USDT-SWAP,no_fresh_breakout,нет свежего пробоя Donchian на последней закрытой свече,rejected,2026-03-19 14:47:40,
False,нет свежего пробоя Donchian на последней закрытой свече,False,"{""score"": null, ""liquidity_score"": null, ""breakout_distance_atr"": null, ""freshness_score"": null}",ENTRY_CHECK,ARB-USDT-SWAP,no_fresh_breakout,нет свежего пробоя Donchian на последней закрытой свече,rejected,2026-03-19 14:47:40,
False,нет свежего пробоя Donchian на последней закрытой свече,False,"{""score"": null, ""liquidity_score"": null, ""breakout_distance_atr"": null, ""freshness_score"": null}",ENTRY_CHECK,ASTER-USDT-SWAP,no_fresh_breakout,нет свежего пробоя Donchian на последней закрытой свече,rejected,2026-03-19 14:47:40,
False,нет свежего пробоя Donchian на последней закрытой свече,False,"{""score"": null, ""liquidity_score"": null, ""breakout_distance_atr"": null, ""freshness_score"": null}",ENTRY_CHECK,AUCTION-USDT-SWAP,no_fresh_breakout,нет свежего пробоя Donchian на последней закрытой свече,rejected,2026-03-19 14:47:41,
False,нет свежего пробоя Donchian на последней закрытой свече,False,"{""score"": null, ""liquidity_score"": null, ""breakout_distance_atr"": null, ""freshness_score"": null}",ENTRY_CHECK,AXS-USDT-SWAP,no_fresh_breakout,нет свежего пробоя Donchian на последней закрытой свече,rejected,2026-03-19 14:47:41,
False,нет свежего пробоя Donchian на последней закрытой свече,False,"{""score"": null, ""liquidity_score"": null, ""breakout_distance_atr"": null, ""freshness_score"": null}",ENTRY_CHECK,BNB-USDT-SWAP,no_fresh_breakout,нет свежего пробоя Donchian на последней закрытой свече,rejected,2026-03-19 14:47:41,
False,нет свежего пробоя Donchian на последней закрытой свече,False,"{""score"": null, ""liquidity_score"": null, ""breakout_distance_atr"": null, ""freshness_score"": null}",ENTRY_CHECK,BOME-USDT-SWAP,no_fresh_breakout,нет свежего пробоя Donchian на последней закрытой свече,rejected,2026-03-19 14:47:42,
False,нет свежего пробоя Donchian на последней закрытой свече,False,"{""score"": null, ""liquidity_score"": null, ""breakout_distance_atr"": null, ""freshness_score"": null}",ENTRY_CHECK,BTC-USDT-SWAP,no_fresh_breakout,нет свежего пробоя Donchian на последней закрытой свече,rejected,2026-03-19 14:47:42,
False,закрытие не удержалось выше канала,False,"{""score"": null, ""liquidity_score"": null, ""breakout_distance_atr"": null, ""freshness_score"": null}",ENTRY_CHECK,CFX-USDT-SWAP,закрытие_не_удержалось_выше_канала,закрытие не удержалось выше канала,rejected,2026-03-19 14:47:43,
False,нет свежего пробоя Donchian на последней закрытой свече,False,"{""score"": null, ""liquidity_score"": null, ""breakout_distance_atr"": null, ""freshness_score"": null}",ENTRY_CHECK,CHZ-USDT-SWAP,no_fresh_breakout,нет свежего пробоя Donchian на последней закрытой свече,rejected,2026-03-19 14:47:43,
False,нет свежего пробоя Donchian на последней закрытой свече,False,"{""score"": null, ""liquidity_score"": null, ""breakout_distance_atr"": null, ""freshness_score"": null}",ENTRY_CHECK,COMP-USDT-SWAP,no_fresh_breakout,нет свежего пробоя Donchian на последней закрытой свече,rejected,2026-03-19 14:47:44,
False,нет свежего пробоя Donchian на последней закрытой свече,False,"{""score"": null, ""liquidity_score"": null, ""breakout_distance_atr"": null, ""freshness_score"": null}",ENTRY_CHECK,CRV-USDT-SWAP,no_fresh_breakout,нет свежего пробоя Donchian на последней закрытой свече,rejected,2026-03-19 14:47:44,
False,нет свежего пробоя Donchian на последней закрытой свече,False,"{""score"": null, ""liquidity_score"": null, ""breakout_distance_atr"": null, ""freshness_score"": null}",ENTRY_CHECK,DOGE-USDT-SWAP,no_fresh_breakout,нет свежего пробоя Donchian на последней закрытой свече,rejected,2026-03-19 14:47:45,
False,нет свежего пробоя Donchian на последней закрытой свече,False,"{""score"": null, ""liquidity_score"": null, ""breakout_distance_atr"": null, ""freshness_score"": null}",ENTRY_CHECK,DOT-USDT-SWAP,no_fresh_breakout,нет свежего пробоя Donchian на последней закрытой свече,rejected,2026-03-19 14:47:45,
False,нет свежего пробоя Donchian на последней закрытой свече,False,"{""score"": null, ""liquidity_score"": null, ""breakout_distance_atr"": null, ""freshness_score"": null}",ENTRY_CHECK,ETH-USDT-SWAP,no_fresh_breakout,нет свежего пробоя Donchian на последней закрытой свече,rejected,2026-03-19 14:47:46,
False,нет свежего пробоя Donchian на последней закрытой свече,False,"{""score"": null, ""liquidity_score"": null, ""breakout_distance_atr"": null, ""freshness_score"": null}",ENTRY_CHECK,ETHW-USDT-SWAP,no_fresh_breakout,нет свежего пробоя Donchian на последней закрытой свече,rejected,2026-03-19 14:47:46,
False,нет свежего пробоя Donchian на последней закрытой свече,False,"{""score"": null, ""liquidity_score"": null, ""breakout_distance_atr"": null, ""freshness_score"": null}",ENTRY_CHECK,FIL-USDT-SWAP,no_fresh_breakout,нет свежего пробоя Donchian на последней закрытой свече,rejected,2026-03-19 14:47:46,
False,нет свежего пробоя Donchian на последней закрытой свече,False,"{""score"": null, ""liquidity_score"": null, ""breakout_distance_atr"": null, ""freshness_score"": null}",ENTRY_CHECK,FLOKI-USDT-SWAP,no_fresh_breakout,нет свежего пробоя Donchian на последней закрытой свече,rejected,2026-03-19 14:47:47,
False,нет свежего пробоя Donchian на последней закрытой свече,False,"{""score"": null, ""liquidity_score"": null, ""breakout_distance_atr"": null, ""freshness_score"": null}",ENTRY_CHECK,GMT-USDT-SWAP,no_fresh_breakout,нет свежего пробоя Donchian на последней закрытой свече,rejected,2026-03-19 14:47:47,
False,нет свежего пробоя Donchian на последней закрытой свече,False,"{""score"": null, ""liquidity_score"": null, ""breakout_distance_atr"": null, ""freshness_score"": null}",ENTRY_CHECK,1INCH-USDT-SWAP,no_fresh_breakout,нет свежего пробоя Donchian на последней закрытой свече,rejected,2026-03-19 14:48:10,
False,momentum chase blocked after 4 same-side candles,False,"{""score"": null, ""liquidity_score"": null, ""breakout_distance_atr"": 0.1015, ""freshness_score"": null}",ENTRY_CHECK,2Z-USDT-SWAP,blacklist,momentum chase blocked after 4 same-side candles,rejected,2026-03-19 14:48:11,
False,нет свежего пробоя Donchian на последней закрытой свече,False,"{""score"": null, ""liquidity_score"": null, ""breakout_distance_atr"": null, ""freshness_score"": null}",ENTRY_CHECK,ACT-USDT-SWAP,no_fresh_breakout,нет свежего пробоя Donchian на последней закрытой свече,rejected,2026-03-19 14:48:11,
False,нет свежего пробоя Donchian на последней закрытой свече,False,"{""score"": null, ""liquidity_score"": null, ""breakout_distance_atr"": null, ""freshness_score"": null}",ENTRY_CHECK,AI16Z-USDT-SWAP,no_fresh_breakout,нет свежего пробоя Donchian на последней закрытой свече,rejected,2026-03-19 14:48:11,
False,нет свежего пробоя Donchian на последней закрытой свече,False,"{""score"": null, ""liquidity_score"": null, ""breakout_distance_atr"": null, ""freshness_score"": null}",ENTRY_CHECK,ARB-USDT-SWAP,no_fresh_breakout,нет свежего пробоя Donchian на последней закрытой свече,rejected,2026-03-19 14:48:12,
False,нет свежего пробоя Donchian на последней закрытой свече,False,"{""score"": null, ""liquidity_score"": null, ""breakout_distance_atr"": null, ""freshness_score"": null}",ENTRY_CHECK,ASTER-USDT-SWAP,no_fresh_breakout,нет свежего пробоя Donchian на последней закрытой свече,rejected,2026-03-19 14:48:12,
False,нет свежего пробоя Donchian на последней закрытой свече,False,"{""score"": null, ""liquidity_score"": null, ""breakout_distance_atr"": null, ""freshness_score"": null}",ENTRY_CHECK,AUCTION-USDT-SWAP,no_fresh_breakout,нет свежего пробоя Donchian на последней закрытой свече,rejected,2026-03-19 14:48:12,
False,нет свежего пробоя Donchian на последней закрытой свече,False,"{""score"": null, ""liquidity_score"": null, ""breakout_distance_atr"": null, ""freshness_score"": null}",ENTRY_CHECK,AXS-USDT-SWAP,no_fresh_breakout,нет свежего пробоя Donchian на последней закрытой свече,rejected,2026-03-19 14:48:13,
False,нет свежего пробоя Donchian на последней закрытой свече,False,"{""score"": null, ""liquidity_score"": null, ""breakout_distance_atr"": null, ""freshness_score"": null}",ENTRY_CHECK,BNB-USDT-SWAP,no_fresh_breakout,нет свежего пробоя Donchian на последней закрытой свече,rejected,2026-03-19 14:48:13,
False,нет свежего пробоя Donchian на последней закрытой свече,False,"{""score"": null, ""liquidity_score"": null, ""breakout_distance_atr"": null, ""freshness_score"": null}",ENTRY_CHECK,BOME-USDT-SWAP,no_fresh_breakout,нет свежего пробоя Donchian на последней закрытой свече,rejected,2026-03-19 14:48:14,
False,нет свежего пробоя Donchian на последней закрытой свече,False,"{""score"": null, ""liquidity_score"": null, ""breakout_distance_atr"": null, ""freshness_score"": null}",ENTRY_CHECK,BTC-USDT-SWAP,no_fresh_breakout,нет свежего пробоя Donchian на последней закрытой свече,rejected,2026-03-19 14:48:14,
False,закрытие не удержалось выше канала,False,"{""score"": null, ""liquidity_score"": null, ""breakout_distance_atr"": null, ""freshness_score"": null}",ENTRY_CHECK,CFX-USDT-SWAP,закрытие_не_удержалось_выше_канала,закрытие не удержалось выше канала,rejected,2026-03-19 14:48:15,
False,нет свежего пробоя Donchian на последней закрытой свече,False,"{""score"": null, ""liquidity_score"": null, ""breakout_distance_atr"": null, ""freshness_score"": null}",ENTRY_CHECK,CHZ-USDT-SWAP,no_fresh_breakout,нет свежего пробоя Donchian на последней закрытой свече,rejected,2026-03-19 14:48:15,
False,нет свежего пробоя Donchian на последней закрытой свече,False,"{""score"": null, ""liquidity_score"": null, ""breakout_distance_atr"": null, ""freshness_score"": null}",ENTRY_CHECK,COMP-USDT-SWAP,no_fresh_breakout,нет свежего пробоя Donchian на последней закрытой свече,rejected,2026-03-19 14:48:16,
False,нет свежего пробоя Donchian на последней закрытой свече,False,"{""score"": null, ""liquidity_score"": null, ""breakout_distance_atr"": null, ""freshness_score"": null}",ENTRY_CHECK,CRV-USDT-SWAP,no_fresh_breakout,нет свежего пробоя Donchian на последней закрытой свече,rejected,2026-03-19 14:48:16,
False,нет свежего пробоя Donchian на последней закрытой свече,False,"{""score"": null, ""liquidity_score"": null, ""breakout_distance_atr"": null, ""freshness_score"": null}",ENTRY_CHECK,DOGE-USDT-SWAP,no_fresh_breakout,нет свежего пробоя Donchian на последней закрытой свече,rejected,2026-03-19 14:48:16,
False,нет свежего пробоя Donchian на последней закрытой свече,False,"{""score"": null, ""liquidity_score"": null, ""breakout_distance_atr"": null, ""freshness_score"": null}",ENTRY_CHECK,DOT-USDT-SWAP,no_fresh_breakout,нет свежего пробоя Donchian на последней закрытой свече,rejected,2026-03-19 14:48:17,
False,нет свежего пробоя Donchian на последней закрытой свече,False,"{""score"": null, ""liquidity_score"": null, ""breakout_distance_atr"": null, ""freshness_score"": null}",ENTRY_CHECK,ETH-USDT-SWAP,no_fresh_breakout,нет свежего пробоя Donchian на последней закрытой свече,rejected,2026-03-19 14:48:17,
False,нет свежего пробоя Donchian на последней закрытой свече,False,"{""score"": null, ""liquidity_score"": null, ""breakout_distance_atr"": null, ""freshness_score"": null}",ENTRY_CHECK,ETHW-USDT-SWAP,no_fresh_breakout,нет свежего пробоя Donchian на последней закрытой свече,rejected,2026-03-19 14:48:18,
False,нет свежего пробоя Donchian на последней закрытой свече,False,"{""score"": null, ""liquidity_score"": null, ""breakout_distance_atr"": null, ""freshness_score"": null}",ENTRY_CHECK,FIL-USDT-SWAP,no_fresh_breakout,нет свежего пробоя Donchian на последней закрытой свече,rejected,2026-03-19 14:48:18,
False,нет свежего пробоя Donchian на последней закрытой свече,False,"{""score"": null, ""liquidity_score"": null, ""breakout_distance_atr"": null, ""freshness_score"": null}",ENTRY_CHECK,FLOKI-USDT-SWAP,no_fresh_breakout,нет свежего пробоя Donchian на последней закрытой свече,rejected,2026-03-19 14:48:18,
False,нет свежего пробоя Donchian на последней закрытой свече,False,"{""score"": null, ""liquidity_score"": null, ""breakout_distance_atr"": null, ""freshness_score"": null}",ENTRY_CHECK,GMT-USDT-SWAP,no_fresh_breakout,нет свежего пробоя Donchian на последней закрытой свече,rejected,2026-03-19 14:48:19,
False,нет свежего пробоя Donchian на последней закрытой свече,False,"{""score"": null, ""liquidity_score"": null, ""breakout_distance_atr"": null, ""freshness_score"": null}",ENTRY_CHECK,HOME-USDT-SWAP,no_fresh_breakout,нет свежего пробоя Donchian на последней закрытой свече,rejected,2026-03-19 14:48:19,
False,нет свежего пробоя Donchian на последней закрытой свече,False,"{""score"": null, ""liquidity_score"": null, ""breakout_distance_atr"": null, ""freshness_score"": null}",ENTRY_CHECK,1INCH-USDT-SWAP,no_fresh_breakout,нет свежего пробоя Donchian на последней закрытой свече,rejected,2026-03-19 14:48:40,
False,momentum chase blocked after 4 same-side candles,False,"{""score"": null, ""liquidity_score"": null, ""breakout_distance_atr"": 0.1015, ""freshness_score"": null}",ENTRY_CHECK,2Z-USDT-SWAP,blacklist,momentum chase blocked after 4 same-side candles,rejected,2026-03-19 14:48:41,
False,нет свежего пробоя Donchian на последней закрытой свече,False,"{""score"": null, ""liquidity_score"": null, ""breakout_distance_atr"": null, ""freshness_score"": null}",ENTRY_CHECK,ACT-USDT-SWAP,no_fresh_breakout,нет свежего пробоя Donchian на последней закрытой свече,rejected,2026-03-19 14:48:41,
False,нет свежего пробоя Donchian на последней закрытой свече,False,"{""score"": null, ""liquidity_score"": null, ""breakout_distance_atr"": null, ""freshness_score"": null}",ENTRY_CHECK,AI16Z-USDT-SWAP,no_fresh_breakout,нет свежего пробоя Donchian на последней закрытой свече,rejected,2026-03-19 14:48:42,
False,нет свежего пробоя Donchian на последней закрытой свече,False,"{""score"": null, ""liquidity_score"": null, ""breakout_distance_atr"": null, ""freshness_score"": null}",ENTRY_CHECK,ARB-USDT-SWAP,no_fresh_breakout,нет свежего пробоя Donchian на последней закрытой свече,rejected,2026-03-19 14:48:42,
False,нет свежего пробоя Donchian на последней закрытой свече,False,"{""score"": null, ""liquidity_score"": null, ""breakout_distance_atr"": null, ""freshness_score"": null}",ENTRY_CHECK,ASTER-USDT-SWAP,no_fresh_breakout,нет свежего пробоя Donchian на последней закрытой свече,rejected,2026-03-19 14:48:42,
False,нет свежего пробоя Donchian на последней закрытой свече,False,"{""score"": null, ""liquidity_score"": null, ""breakout_distance_atr"": null, ""freshness_score"": null}",ENTRY_CHECK,AUCTION-USDT-SWAP,no_fresh_breakout,нет свежего пробоя Donchian на последней закрытой свече,rejected,2026-03-19 14:48:43,
False,нет свежего пробоя Donchian на последней закрытой свече,False,"{""score"": null, ""liquidity_score"": null, ""breakout_distance_atr"": null, ""freshness_score"": null}",ENTRY_CHECK,AXS-USDT-SWAP,no_fresh_breakout,нет свежего пробоя Donchian на последней закрытой свече,rejected,2026-03-19 14:48:43,
False,нет свежего пробоя Donchian на последней закрытой свече,False,"{""score"": null, ""liquidity_score"": null, ""breakout_distance_atr"": null, ""freshness_score"": null}",ENTRY_CHECK,BNB-USDT-SWAP,no_fresh_breakout,нет свежего пробоя Donchian на последней закрытой свече,rejected,2026-03-19 14:48:44,
False,нет свежего пробоя Donchian на последней закрытой свече,False,"{""score"": null, ""liquidity_score"": null, ""breakout_distance_atr"": null, ""freshness_score"": null}",ENTRY_CHECK,BOME-USDT-SWAP,no_fresh_breakout,нет свежего пробоя Donchian на последней закрытой свече,rejected,2026-03-19 14:48:44,
False,нет свежего пробоя Donchian на последней закрытой свече,False,"{""score"": null, ""liquidity_score"": null, ""breakout_distance_atr"": null, ""freshness_score"": null}",ENTRY_CHECK,BTC-USDT-SWAP,no_fresh_breakout,нет свежего пробоя Donchian на последней закрытой свече,rejected,2026-03-19 14:48:44,
False,закрытие не удержалось выше канала,False,"{""score"": null, ""liquidity_score"": null, ""breakout_distance_atr"": null, ""freshness_score"": null}",ENTRY_CHECK,CFX-USDT-SWAP,закрытие_не_удержалось_выше_канала,закрытие не удержалось выше канала,rejected,2026-03-19 14:48:45,
False,нет свежего пробоя Donchian на последней закрытой свече,False,"{""score"": null, ""liquidity_score"": null, ""breakout_distance_atr"": null, ""freshness_score"": null}",ENTRY_CHECK,CHZ-USDT-SWAP,no_fresh_breakout,нет свежего пробоя Donchian на последней закрытой свече,rejected,2026-03-19 14:48:46,
False,нет свежего пробоя Donchian на последней закрытой свече,False,"{""score"": null, ""liquidity_score"": null, ""breakout_distance_atr"": null, ""freshness_score"": null}",ENTRY_CHECK,COMP-USDT-SWAP,no_fresh_breakout,нет свежего пробоя Donchian на последней закрытой свече,rejected,2026-03-19 14:48:46,
False,нет свежего пробоя Donchian на последней закрытой свече,False,"{""score"": null, ""liquidity_score"": null, ""breakout_distance_atr"": null, ""freshness_score"": null}",ENTRY_CHECK,CRV-USDT-SWAP,no_fresh_breakout,нет свежего пробоя Donchian на последней закрытой свече,rejected,2026-03-19 14:48:47,
False,нет свежего пробоя Donchian на последней закрытой свече,False,"{""score"": null, ""liquidity_score"": null, ""breakout_distance_atr"": null, ""freshness_score"": null}",ENTRY_CHECK,DOGE-USDT-SWAP,no_fresh_breakout,нет свежего пробоя Donchian на последней закрытой свече,rejected,2026-03-19 14:48:47,
False,нет свежего пробоя Donchian на последней закрытой свече,False,"{""score"": null, ""liquidity_score"": null, ""breakout_distance_atr"": null, ""freshness_score"": null}",ENTRY_CHECK,DOT-USDT-SWAP,no_fresh_breakout,нет свежего пробоя Donchian на последней закрытой свече,rejected,2026-03-19 14:48:47,
False,нет свежего пробоя Donchian на последней закрытой свече,False,"{""score"": null, ""liquidity_score"": null, ""breakout_distance_atr"": null, ""freshness_score"": null}",ENTRY_CHECK,ETH-USDT-SWAP,no_fresh_breakout,нет свежего пробоя Donchian на последней закрытой свече,rejected,2026-03-19 14:48:48,
False,нет свежего пробоя Donchian на последней закрытой свече,False,"{""score"": null, ""liquidity_score"": null, ""breakout_distance_atr"": null, ""freshness_score"": null}",ENTRY_CHECK,ETHW-USDT-SWAP,no_fresh_breakout,нет свежего пробоя Donchian на последней закрытой свече,rejected,2026-03-19 14:48:48,
False,нет свежего пробоя Donchian на последней закрытой свече,False,"{""score"": null, ""liquidity_score"": null, ""breakout_distance_atr"": null, ""freshness_score"": null}",ENTRY_CHECK,FIL-USDT-SWAP,no_fresh_breakout,нет свежего пробоя Donchian на последней закрытой свече,rejected,2026-03-19 14:48:49,
False,нет свежего пробоя Donchian на последней закрытой свече,False,"{""score"": null, ""liquidity_score"": null, ""breakout_distance_atr"": null, ""freshness_score"": null}",ENTRY_CHECK,FLOKI-USDT-SWAP,no_fresh_breakout,нет свежего пробоя Donchian на последней закрытой свече,rejected,2026-03-19 14:48:49,
False,нет свежего пробоя Donchian на последней закрытой свече,False,"{""score"": null, ""liquidity_score"": null, ""breakout_distance_atr"": null, ""freshness_score"": null}",ENTRY_CHECK,GMT-USDT-SWAP,no_fresh_breakout,нет свежего пробоя Donchian на последней закрытой свече,rejected,2026-03-19 14:48:49,
False,нет свежего пробоя Donchian на последней закрытой свече,False,"{""score"": null, ""liquidity_score"": null, ""breakout_distance_atr"": null, ""freshness_score"": null}",ENTRY_CHECK,HOME-USDT-SWAP,no_fresh_breakout,нет свежего пробоя Donchian на последней закрытой свече,rejected,2026-03-19 14:48:50,
False,нет свежего пробоя Donchian на последней закрытой свече,False,"{""score"": null, ""liquidity_score"": null, ""breakout_distance_atr"": null, ""freshness_score"": null}",ENTRY_CHECK,ICP-USDT-SWAP,no_fresh_breakout,нет свежего пробоя Donchian на последней закрытой свече,rejected,2026-03-19 14:48:50,
False,нет свежего пробоя Donchian на последней закрытой свече,False,"{""score"": null, ""liquidity_score"": null, ""breakout_distance_atr"": null, ""freshness_score"": null}",ENTRY_CHECK,INJ-USDT-SWAP,no_fresh_breakout,нет свежего пробоя Donchian на последней закрытой свече,rejected,2026-03-19 14:48:51,
False,нет свежего пробоя Donchian на последней закрытой свече,False,"{""score"": null, ""liquidity_score"": null, ""breakout_distance_atr"": null, ""freshness_score"": null}",ENTRY_CHECK,IOTA-USDT-SWAP,no_fresh_breakout,нет свежего пробоя Donchian на последней закрытой свече,rejected,2026-03-19 14:48:51,
False,нет свежего пробоя Donchian на последней закрытой свече,False,"{""score"": null, ""liquidity_score"": null, ""breakout_distance_atr"": null, ""freshness_score"": null}",ENTRY_CHECK,1INCH-USDT-SWAP,no_fresh_breakout,нет свежего пробоя Donchian на последней закрытой свече,rejected,2026-03-19 14:49:14,
False,momentum chase blocked after 4 same-side candles,False,"{""score"": null, ""liquidity_score"": null, ""breakout_distance_atr"": 0.1015, ""freshness_score"": null}",ENTRY_CHECK,2Z-USDT-SWAP,blacklist,momentum chase blocked after 4 same-side candles,rejected,2026-03-19 14:49:15,
False,нет свежего пробоя Donchian на последней закрытой свече,False,"{""score"": null, ""liquidity_score"": null, ""breakout_distance_atr"": null, ""freshness_score"": null}",ENTRY_CHECK,ACT-USDT-SWAP,no_fresh_breakout,нет свежего пробоя Donchian на последней закрытой свече,rejected,2026-03-19 14:49:16,
False,нет свежего пробоя Donchian на последней закрытой свече,False,"{""score"": null, ""liquidity_score"": null, ""breakout_distance_atr"": null, ""freshness_score"": null}",ENTRY_CHECK,AI16Z-USDT-SWAP,no_fresh_breakout,нет свежего пробоя Donchian на последней закрытой свече,rejected,2026-03-19 14:49:16,
False,нет свежего пробоя Donchian на последней закрытой свече,False,"{""score"": null, ""liquidity_score"": null, ""breakout_distance_atr"": null, ""freshness_score"": null}",ENTRY_CHECK,ARB-USDT-SWAP,no_fresh_breakout,нет свежего пробоя Donchian на последней закрытой свече,rejected,2026-03-19 14:49:16,
False,нет свежего пробоя Donchian на последней закрытой свече,False,"{""score"": null, ""liquidity_score"": null, ""breakout_distance_atr"": null, ""freshness_score"": null}",ENTRY_CHECK,ASTER-USDT-SWAP,no_fresh_breakout,нет свежего пробоя Donchian на последней закрытой свече,rejected,2026-03-19 14:49:17,
False,нет свежего пробоя Donchian на последней закрытой свече,False,"{""score"": null, ""liquidity_score"": null, ""breakout_distance_atr"": null, ""freshness_score"": null}",ENTRY_CHECK,AUCTION-USDT-SWAP,no_fresh_breakout,нет свежего пробоя Donchian на последней закрытой свече,rejected,2026-03-19 14:49:17,
False,нет свежего пробоя Donchian на последней закрытой свече,False,"{""score"": null, ""liquidity_score"": null, ""breakout_distance_atr"": null, ""freshness_score"": null}",ENTRY_CHECK,AXS-USDT-SWAP,no_fresh_breakout,нет свежего пробоя Donchian на последней закрытой свече,rejected,2026-03-19 14:49:18,
False,нет свежего пробоя Donchian на последней закрытой свече,False,"{""score"": null, ""liquidity_score"": null, ""breakout_distance_atr"": null, ""freshness_score"": null}",ENTRY_CHECK,BNB-USDT-SWAP,no_fresh_breakout,нет свежего пробоя Donchian на последней закрытой свече,rejected,2026-03-19 14:49:18,
False,нет свежего пробоя Donchian на последней закрытой свече,False,"{""score"": null, ""liquidity_score"": null, ""breakout_distance_atr"": null, ""freshness_score"": null}",ENTRY_CHECK,BOME-USDT-SWAP,no_fresh_breakout,нет свежего пробоя Donchian на последней закрытой свече,rejected,2026-03-19 14:49:18,
False,нет свежего пробоя Donchian на последней закрытой свече,False,"{""score"": null, ""liquidity_score"": null, ""breakout_distance_atr"": null, ""freshness_score"": null}",ENTRY_CHECK,BTC-USDT-SWAP,no_fresh_breakout,нет свежего пробоя Donchian на последней закрытой свече,rejected,2026-03-19 14:49:19,
False,закрытие не удержалось выше канала,False,"{""score"": null, ""liquidity_score"": null, ""breakout_distance_atr"": null, ""freshness_score"": null}",ENTRY_CHECK,CFX-USDT-SWAP,закрытие_не_удержалось_выше_канала,закрытие не удержалось выше канала,rejected,2026-03-19 14:49:20,
False,нет свежего пробоя Donchian на последней закрытой свече,False,"{""score"": null, ""liquidity_score"": null, ""breakout_distance_atr"": null, ""freshness_score"": null}",ENTRY_CHECK,CHZ-USDT-SWAP,no_fresh_breakout,нет свежего пробоя Donchian на последней закрытой свече,rejected,2026-03-19 14:49:20,
False,нет свежего пробоя Donchian на последней закрытой свече,False,"{""score"": null, ""liquidity_score"": null, ""breakout_distance_atr"": null, ""freshness_score"": null}",ENTRY_CHECK,COMP-USDT-SWAP,no_fresh_breakout,нет свежего пробоя Donchian на последней закрытой свече,rejected,2026-03-19 14:49:20,
False,нет свежего пробоя Donchian на последней закрытой свече,False,"{""score"": null, ""liquidity_score"": null, ""breakout_distance_atr"": null, ""freshness_score"": null}",ENTRY_CHECK,CRV-USDT-SWAP,no_fresh_breakout,нет свежего пробоя Donchian на последней закрытой свече,rejected,2026-03-19 14:49:21,
False,нет свежего пробоя Donchian на последней закрытой свече,False,"{""score"": null, ""liquidity_score"": null, ""breakout_distance_atr"": null, ""freshness_score"": null}",ENTRY_CHECK,DOGE-USDT-SWAP,no_fresh_breakout,нет свежего пробоя Donchian на последней закрытой свече,rejected,2026-03-19 14:49:21,
False,нет свежего пробоя Donchian на последней закрытой свече,False,"{""score"": null, ""liquidity_score"": null, ""breakout_distance_atr"": null, ""freshness_score"": null}",ENTRY_CHECK,DOT-USDT-SWAP,no_fresh_breakout,нет свежего пробоя Donchian на последней закрытой свече,rejected,2026-03-19 14:49:22,
False,нет свежего пробоя Donchian на последней закрытой свече,False,"{""score"": null, ""liquidity_score"": null, ""breakout_distance_atr"": null, ""freshness_score"": null}",ENTRY_CHECK,ETH-USDT-SWAP,no_fresh_breakout,нет свежего пробоя Donchian на последней закрытой свече,rejected,2026-03-19 14:49:22,
False,нет свежего пробоя Donchian на последней закрытой свече,False,"{""score"": null, ""liquidity_score"": null, ""breakout_distance_atr"": null, ""freshness_score"": null}",ENTRY_CHECK,ETHW-USDT-SWAP,no_fresh_breakout,нет свежего пробоя Donchian на последней закрытой свече,rejected,2026-03-19 14:49:22,
False,нет свежего пробоя Donchian на последней закрытой свече,False,"{""score"": null, ""liquidity_score"": null, ""breakout_distance_atr"": null, ""freshness_score"": null}",ENTRY_CHECK,FIL-USDT-SWAP,no_fresh_breakout,нет свежего пробоя Donchian на последней закрытой свече,rejected,2026-03-19 14:49:23,
False,нет свежего пробоя Donchian на последней закрытой свече,False,"{""score"": null, ""liquidity_score"": null, ""breakout_distance_atr"": null, ""freshness_score"": null}",ENTRY_CHECK,FLOKI-USDT-SWAP,no_fresh_breakout,нет свежего пробоя Donchian на последней закрытой свече,rejected,2026-03-19 14:49:23,
False,нет свежего пробоя Donchian на последней закрытой свече,False,"{""score"": null, ""liquidity_score"": null, ""breakout_distance_atr"": null, ""freshness_score"": null}",ENTRY_CHECK,GMT-USDT-SWAP,no_fresh_breakout,нет свежего пробоя Donchian на последней закрытой свече,rejected,2026-03-19 14:49:24,
False,нет свежего пробоя Donchian на последней закрытой свече,False,"{""score"": null, ""liquidity_score"": null, ""breakout_distance_atr"": null, ""freshness_score"": null}",ENTRY_CHECK,HOME-USDT-SWAP,no_fresh_breakout,нет свежего пробоя Donchian на последней закрытой свече,rejected,2026-03-19 14:49:24,
False,нет свежего пробоя Donchian на последней закрытой свече,False,"{""score"": null, ""liquidity_score"": null, ""breakout_distance_atr"": null, ""freshness_score"": null}",ENTRY_CHECK,ICP-USDT-SWAP,no_fresh_breakout,нет свежего пробоя Donchian на последней закрытой свече,rejected,2026-03-19 14:49:24,
False,нет свежего пробоя Donchian на последней закрытой свече,False,"{""score"": null, ""liquidity_score"": null, ""breakout_distance_atr"": null, ""freshness_score"": null}",ENTRY_CHECK,INJ-USDT-SWAP,no_fresh_breakout,нет свежего пробоя Donchian на последней закрытой свече,rejected,2026-03-19 14:49:25,
False,нет свежего пробоя Donchian на последней закрытой свече,False,"{""score"": null, ""liquidity_score"": null, ""breakout_distance_atr"": null, ""freshness_score"": null}",ENTRY_CHECK,IOTA-USDT-SWAP,no_fresh_breakout,нет свежего пробоя Donchian на последней закрытой свече,rejected,2026-03-19 14:49:25,
False,нет свежего пробоя Donchian на последней закрытой свече,False,"{""score"": null, ""liquidity_score"": null, ""breakout_distance_atr"": null, ""freshness_score"": null}",ENTRY_CHECK,JUP-USDT-SWAP,no_fresh_breakout,нет свежего пробоя Donchian на последней закрытой свече,rejected,2026-03-19 14:49:26,
False,нет свежего пробоя Donchian на последней закрытой свече,False,"{""score"": null, ""liquidity_score"": null, ""breakout_distance_atr"": null, ""freshness_score"": null}",ENTRY_CHECK,KSM-USDT-SWAP,no_fresh_breakout,нет свежего пробоя Donchian на последней закрытой свече,rejected,2026-03-19 14:49:26,
False,нет свежего пробоя Donchian на последней закрытой свече,False,"{""score"": null, ""liquidity_score"": null, ""breakout_distance_atr"": null, ""freshness_score"": null}",ENTRY_CHECK,LDO-USDT-SWAP,no_fresh_breakout,нет свежего пробоя Donchian на последней закрытой свече,rejected,2026-03-19 14:49:26,
False,нет свежего пробоя Donchian на последней закрытой свече,False,"{""score"": null, ""liquidity_score"": null, ""breakout_distance_atr"": null, ""freshness_score"": null}",ENTRY_CHECK,1INCH-USDT-SWAP,no_fresh_breakout,нет свежего пробоя Donchian на последней закрытой свече,rejected,2026-03-19 14:49:50,
False,momentum chase blocked after 4 same-side candles,False,"{""score"": null, ""liquidity_score"": null, ""breakout_distance_atr"": 0.1015, ""freshness_score"": null}",ENTRY_CHECK,2Z-USDT-SWAP,blacklist,momentum chase blocked after 4 same-side candles,rejected,2026-03-19 14:49:51,
False,нет свежего пробоя Donchian на последней закрытой свече,False,"{""score"": null, ""liquidity_score"": null, ""breakout_distance_atr"": null, ""freshness_score"": null}",ENTRY_CHECK,ACT-USDT-SWAP,no_fresh_breakout,нет свежего пробоя Donchian на последней закрытой свече,rejected,2026-03-19 14:49:52,
False,нет свежего пробоя Donchian на последней закрытой свече,False,"{""score"": null, ""liquidity_score"": null, ""breakout_distance_atr"": null, ""freshness_score"": null}",ENTRY_CHECK,AI16Z-USDT-SWAP,no_fresh_breakout,нет свежего пробоя Donchian на последней закрытой свече,rejected,2026-03-19 14:49:52,
False,нет свежего пробоя Donchian на последней закрытой свече,False,"{""score"": null, ""liquidity_score"": null, ""breakout_distance_atr"": null, ""freshness_score"": null}",ENTRY_CHECK,ARB-USDT-SWAP,no_fresh_breakout,нет свежего пробоя Donchian на последней закрытой свече,rejected,2026-03-19 14:49:52,
False,нет свежего пробоя Donchian на последней закрытой свече,False,"{""score"": null, ""liquidity_score"": null, ""breakout_distance_atr"": null, ""freshness_score"": null}",ENTRY_CHECK,ASTER-USDT-SWAP,no_fresh_breakout,нет свежего пробоя Donchian на последней закрытой свече,rejected,2026-03-19 14:49:53,
False,нет свежего пробоя Donchian на последней закрытой свече,False,"{""score"": null, ""liquidity_score"": null, ""breakout_distance_atr"": null, ""freshness_score"": null}",ENTRY_CHECK,AUCTION-USDT-SWAP,no_fresh_breakout,нет свежего пробоя Donchian на последней закрытой свече,rejected,2026-03-19 14:49:53,
False,нет свежего пробоя Donchian на последней закрытой свече,False,"{""score"": null, ""liquidity_score"": null, ""breakout_distance_atr"": null, ""freshness_score"": null}",ENTRY_CHECK,AXS-USDT-SWAP,no_fresh_breakout,нет свежего пробоя Donchian на последней закрытой свече,rejected,2026-03-19 14:49:54,
False,нет свежего пробоя Donchian на последней закрытой свече,False,"{""score"": null, ""liquidity_score"": null, ""breakout_distance_atr"": null, ""freshness_score"": null}",ENTRY_CHECK,BNB-USDT-SWAP,no_fresh_breakout,нет свежего пробоя Donchian на последней закрытой свече,rejected,2026-03-19 14:49:54,
False,нет свежего пробоя Donchian на последней закрытой свече,False,"{""score"": null, ""liquidity_score"": null, ""breakout_distance_atr"": null, ""freshness_score"": null}",ENTRY_CHECK,BOME-USDT-SWAP,no_fresh_breakout,нет свежего пробоя Donchian на последней закрытой свече,rejected,2026-03-19 14:49:54,
False,нет свежего пробоя Donchian на последней закрытой свече,False,"{""score"": null, ""liquidity_score"": null, ""breakout_distance_atr"": null, ""freshness_score"": null}",ENTRY_CHECK,BTC-USDT-SWAP,no_fresh_breakout,нет свежего пробоя Donchian на последней закрытой свече,rejected,2026-03-19 14:49:54,
False,закрытие не удержалось выше канала,False,"{""score"": null, ""liquidity_score"": null, ""breakout_distance_atr"": null, ""freshness_score"": null}",ENTRY_CHECK,CFX-USDT-SWAP,закрытие_не_удержалось_выше_канала,закрытие не удержалось выше канала,rejected,2026-03-19 14:49:55,
False,нет свежего пробоя Donchian на последней закрытой свече,False,"{""score"": null, ""liquidity_score"": null, ""breakout_distance_atr"": null, ""freshness_score"": null}",ENTRY_CHECK,CHZ-USDT-SWAP,no_fresh_breakout,нет свежего пробоя Donchian на последней закрытой свече,rejected,2026-03-19 14:49:55,
False,нет свежего пробоя Donchian на последней закрытой свече,False,"{""score"": null, ""liquidity_score"": null, ""breakout_distance_atr"": null, ""freshness_score"": null}",ENTRY_CHECK,COMP-USDT-SWAP,no_fresh_breakout,нет свежего пробоя Donchian на последней закрытой свече,rejected,2026-03-19 14:49:56,
False,нет свежего пробоя Donchian на последней закрытой свече,False,"{""score"": null, ""liquidity_score"": null, ""breakout_distance_atr"": null, ""freshness_score"": null}",ENTRY_CHECK,CRV-USDT-SWAP,no_fresh_breakout,нет свежего пробоя Donchian на последней закрытой свече,rejected,2026-03-19 14:49:56,
False,нет свежего пробоя Donchian на последней закрытой свече,False,"{""score"": null, ""liquidity_score"": null, ""breakout_distance_atr"": null, ""freshness_score"": null}",ENTRY_CHECK,DOGE-USDT-SWAP,no_fresh_breakout,нет свежего пробоя Donchian на последней закрытой свече,rejected,2026-03-19 14:49:57,
False,нет свежего пробоя Donchian на последней закрытой свече,False,"{""score"": null, ""liquidity_score"": null, ""breakout_distance_atr"": null, ""freshness_score"": null}",ENTRY_CHECK,DOT-USDT-SWAP,no_fresh_breakout,нет свежего пробоя Donchian на последней закрытой свече,rejected,2026-03-19 14:49:57,
False,нет свежего пробоя Donchian на последней закрытой свече,False,"{""score"": null, ""liquidity_score"": null, ""breakout_distance_atr"": null, ""freshness_score"": null}",ENTRY_CHECK,ETH-USDT-SWAP,no_fresh_breakout,нет свежего пробоя Donchian на последней закрытой свече,rejected,2026-03-19 14:49:57,
False,нет свежего пробоя Donchian на последней закрытой свече,False,"{""score"": null, ""liquidity_score"": null, ""breakout_distance_atr"": null, ""freshness_score"": null}",ENTRY_CHECK,ETHW-USDT-SWAP,no_fresh_breakout,нет свежего пробоя Donchian на последней закрытой свече,rejected,2026-03-19 14:49:58,
False,нет свежего пробоя Donchian на последней закрытой свече,False,"{""score"": null, ""liquidity_score"": null, ""breakout_distance_atr"": null, ""freshness_score"": null}",ENTRY_CHECK,FIL-USDT-SWAP,no_fresh_breakout,нет свежего пробоя Donchian на последней закрытой свече,rejected,2026-03-19 14:49:58,
False,нет свежего пробоя Donchian на последней закрытой свече,False,"{""score"": null, ""liquidity_score"": null, ""breakout_distance_atr"": null, ""freshness_score"": null}",ENTRY_CHECK,FLOKI-USDT-SWAP,no_fresh_breakout,нет свежего пробоя Donchian на последней закрытой свече,rejected,2026-03-19 14:49:59,
False,нет свежего пробоя Donchian на последней закрытой свече,False,"{""score"": null, ""liquidity_score"": null, ""breakout_distance_atr"": null, ""freshness_score"": null}",ENTRY_CHECK,GMT-USDT-SWAP,no_fresh_breakout,нет свежего пробоя Donchian на последней закрытой свече,rejected,2026-03-19 14:49:59,
False,нет свежего пробоя Donchian на последней закрытой свече,False,"{""score"": null, ""liquidity_score"": null, ""breakout_distance_atr"": null, ""freshness_score"": null}",ENTRY_CHECK,HOME-USDT-SWAP,no_fresh_breakout,нет свежего пробоя Donchian на последней закрытой свече,rejected,2026-03-19 14:49:59,
False,нет свежего пробоя Donchian на последней закрытой свече,False,"{""score"": null, ""liquidity_score"": null, ""breakout_distance_atr"": null, ""freshness_score"": null}",ENTRY_CHECK,ICP-USDT-SWAP,no_fresh_breakout,нет свежего пробоя Donchian на последней закрытой свече,rejected,2026-03-19 14:50:00,
False,нет свежего пробоя Donchian на последней закрытой свече,False,"{""score"": null, ""liquidity_score"": null, ""breakout_distance_atr"": null, ""freshness_score"": null}",ENTRY_CHECK,INJ-USDT-SWAP,no_fresh_breakout,нет свежего пробоя Donchian на последней закрытой свече,rejected,2026-03-19 14:50:00,
False,нет свежего пробоя Donchian на последней закрытой свече,False,"{""score"": null, ""liquidity_score"": null, ""breakout_distance_atr"": null, ""freshness_score"": null}",ENTRY_CHECK,IOTA-USDT-SWAP,no_fresh_breakout,нет свежего пробоя Donchian на последней закрытой свече,rejected,2026-03-19 14:50:01,
False,нет свежего пробоя Donchian на последней закрытой свече,False,"{""score"": null, ""liquidity_score"": null, ""breakout_distance_atr"": null, ""freshness_score"": null}",ENTRY_CHECK,JUP-USDT-SWAP,no_fresh_breakout,нет свежего пробоя Donchian на последней закрытой свече,rejected,2026-03-19 14:50:01,
False,нет свежего пробоя Donchian на последней закрытой свече,False,"{""score"": null, ""liquidity_score"": null, ""breakout_distance_atr"": null, ""freshness_score"": null}",ENTRY_CHECK,KSM-USDT-SWAP,no_fresh_breakout,нет свежего пробоя Donchian на последней закрытой свече,rejected,2026-03-19 14:50:01,
False,нет свежего пробоя Donchian на последней закрытой свече,False,"{""score"": null, ""liquidity_score"": null, ""breakout_distance_atr"": null, ""freshness_score"": null}",ENTRY_CHECK,LDO-USDT-SWAP,no_fresh_breakout,нет свежего пробоя Donchian на последней закрытой свече,rejected,2026-03-19 14:50:02,
False,нет свежего пробоя Donchian на последней закрытой свече,False,"{""score"": null, ""liquidity_score"": null, ""breakout_distance_atr"": null, ""freshness_score"": null}",ENTRY_CHECK,LINK-USDT-SWAP,no_fresh_breakout,нет свежего пробоя Donchian на последней закрытой свече,rejected,2026-03-19 14:50:02,
False,нет свежего пробоя Donchian на последней закрытой свече,False,"{""score"": null, ""liquidity_score"": null, ""breakout_distance_atr"": null, ""freshness_score"": null}",ENTRY_CHECK,LIT-USDT-SWAP,no_fresh_breakout,нет свежего пробоя Donchian на последней закрытой свече,rejected,2026-03-19 14:50:03,
False,нет свежего пробоя Donchian на последней закрытой свече,False,"{""score"": null, ""liquidity_score"": null, ""breakout_distance_atr"": null, ""freshness_score"": null}",ENTRY_CHECK,LPT-USDT-SWAP,no_fresh_breakout,нет свежего пробоя Donchian на последней закрытой свече,rejected,2026-03-19 14:50:03,
False,нет свежего пробоя Donchian на последней закрытой свече,False,"{""score"": null, ""liquidity_score"": null, ""breakout_distance_atr"": null, ""freshness_score"": null}",ENTRY_CHECK,1INCH-USDT-SWAP,no_fresh_breakout,нет свежего пробоя Donchian на последней закрытой свече,rejected,2026-03-19 14:50:26,
False,нет свежего пробоя Donchian на последней закрытой свече,False,"{""score"": null, ""liquidity_score"": null, ""breakout_distance_atr"": null, ""freshness_score"": null}",ENTRY_CHECK,2Z-USDT-SWAP,no_fresh_breakout,нет свежего пробоя Donchian на последней закрытой свече,rejected,2026-03-19 14:50:27,
False,нет свежего пробоя Donchian на последней закрытой свече,False,"{""score"": null, ""liquidity_score"": null, ""breakout_distance_atr"": null, ""freshness_score"": null}",ENTRY_CHECK,ACT-USDT-SWAP,no_fresh_breakout,нет свежего пробоя Donchian на последней закрытой свече,rejected,2026-03-19 14:50:27,
False,нет свежего пробоя Donchian на последней закрытой свече,False,"{""score"": null, ""liquidity_score"": null, ""breakout_distance_atr"": null, ""freshness_score"": null}",ENTRY_CHECK,AI16Z-USDT-SWAP,no_fresh_breakout,нет свежего пробоя Donchian на последней закрытой свече,rejected,2026-03-19 14:50:28,
False,нет свежего пробоя Donchian на последней закрытой свече,False,"{""score"": null, ""liquidity_score"": null, ""breakout_distance_atr"": null, ""freshness_score"": null}",ENTRY_CHECK,ARB-USDT-SWAP,no_fresh_breakout,нет свежего пробоя Donchian на последней закрытой свече,rejected,2026-03-19 14:50:28,
False,нет свежего пробоя Donchian на последней закрытой свече,False,"{""score"": null, ""liquidity_score"": null, ""breakout_distance_atr"": null, ""freshness_score"": null}",ENTRY_CHECK,ASTER-USDT-SWAP,no_fresh_breakout,нет свежего пробоя Donchian на последней закрытой свече,rejected,2026-03-19 14:50:28,
False,нет свежего пробоя Donchian на последней закрытой свече,False,"{""score"": null, ""liquidity_score"": null, ""breakout_distance_atr"": null, ""freshness_score"": null}",ENTRY_CHECK,AUCTION-USDT-SWAP,no_fresh_breakout,нет свежего пробоя Donchian на последней закрытой свече,rejected,2026-03-19 14:50:29,
False,нет свежего пробоя Donchian на последней закрытой свече,False,"{""score"": null, ""liquidity_score"": null, ""breakout_distance_atr"": null, ""freshness_score"": null}",ENTRY_CHECK,AXS-USDT-SWAP,no_fresh_breakout,нет свежего пробоя Donchian на последней закрытой свече,rejected,2026-03-19 14:50:29,
False,нет свежего пробоя Donchian на последней закрытой свече,False,"{""score"": null, ""liquidity_score"": null, ""breakout_distance_atr"": null, ""freshness_score"": null}",ENTRY_CHECK,BNB-USDT-SWAP,no_fresh_breakout,нет свежего пробоя Donchian на последней закрытой свече,rejected,2026-03-19 14:50:30,
False,нет свежего пробоя Donchian на последней закрытой свече,False,"{""score"": null, ""liquidity_score"": null, ""breakout_distance_atr"": null, ""freshness_score"": null}",ENTRY_CHECK,BOME-USDT-SWAP,no_fresh_breakout,нет свежего пробоя Donchian на последней закрытой свече,rejected,2026-03-19 14:50:30,
False,нет свежего пробоя Donchian на последней закрытой свече,False,"{""score"": null, ""liquidity_score"": null, ""breakout_distance_atr"": null, ""freshness_score"": null}",ENTRY_CHECK,BTC-USDT-SWAP,no_fresh_breakout,нет свежего пробоя Donchian на последней закрытой свече,rejected,2026-03-19 14:50:30,
False,нет свежего пробоя Donchian на последней закрытой свече,False,"{""score"": null, ""liquidity_score"": null, ""breakout_distance_atr"": null, ""freshness_score"": null}",ENTRY_CHECK,CFX-USDT-SWAP,no_fresh_breakout,нет свежего пробоя Donchian на последней закрытой свече,rejected,2026-03-19 14:50:31,
False,нет свежего пробоя Donchian на последней закрытой свече,False,"{""score"": null, ""liquidity_score"": null, ""breakout_distance_atr"": null, ""freshness_score"": null}",ENTRY_CHECK,CHZ-USDT-SWAP,no_fresh_breakout,нет свежего пробоя Donchian на последней закрытой свече,rejected,2026-03-19 14:50:31,
False,закрытие не удержалось ниже канала,False,"{""score"": null, ""liquidity_score"": null, ""breakout_distance_atr"": null, ""freshness_score"": null}",ENTRY_CHECK,COMP-USDT-SWAP,закрытие_не_удержалось_ниже_канала,закрытие не удержалось ниже канала,rejected,2026-03-19 14:50:32,
False,нет свежего пробоя Donchian на последней закрытой свече,False,"{""score"": null, ""liquidity_score"": null, ""breakout_distance_atr"": null, ""freshness_score"": null}",ENTRY_CHECK,CRV-USDT-SWAP,no_fresh_breakout,нет свежего пробоя Donchian на последней закрытой свече,rejected,2026-03-19 14:50:32,
False,нет свежего пробоя Donchian на последней закрытой свече,False,"{""score"": null, ""liquidity_score"": null, ""breakout_distance_atr"": null, ""freshness_score"": null}",ENTRY_CHECK,DOGE-USDT-SWAP,no_fresh_breakout,нет свежего пробоя Donchian на последней закрытой свече,rejected,2026-03-19 14:50:33,
False,нет свежего пробоя Donchian на последней закрытой свече,False,"{""score"": null, ""liquidity_score"": null, ""breakout_distance_atr"": null, ""freshness_score"": null}",ENTRY_CHECK,DOT-USDT-SWAP,no_fresh_breakout,нет свежего пробоя Donchian на последней закрытой свече,rejected,2026-03-19 14:50:33,
False,нет свежего пробоя Donchian на последней закрытой свече,False,"{""score"": null, ""liquidity_score"": null, ""breakout_distance_atr"": null, ""freshness_score"": null}",ENTRY_CHECK,ETH-USDT-SWAP,no_fresh_breakout,нет свежего пробоя Donchian на последней закрытой свече,rejected,2026-03-19 14:50:34,
False,нет свежего пробоя Donchian на последней закрытой свече,False,"{""score"": null, ""liquidity_score"": null, ""breakout_distance_atr"": null, ""freshness_score"": null}",ENTRY_CHECK,ETHW-USDT-SWAP,no_fresh_breakout,нет свежего пробоя Donchian на последней закрытой свече,rejected,2026-03-19 14:50:34,
False,нет свежего пробоя Donchian на последней закрытой свече,False,"{""score"": null, ""liquidity_score"": null, ""breakout_distance_atr"": null, ""freshness_score"": null}",ENTRY_CHECK,FIL-USDT-SWAP,no_fresh_breakout,нет свежего пробоя Donchian на последней закрытой свече,rejected,2026-03-19 14:50:34,
False,нет свежего пробоя Donchian на последней закрытой свече,False,"{""score"": null, ""liquidity_score"": null, ""breakout_distance_atr"": null, ""freshness_score"": null}",ENTRY_CHECK,FLOKI-USDT-SWAP,no_fresh_breakout,нет свежего пробоя Donchian на последней закрытой свече,rejected,2026-03-19 14:50:35,
False,нет свежего пробоя Donchian на последней закрытой свече,False,"{""score"": null, ""liquidity_score"": null, ""breakout_distance_atr"": null, ""freshness_score"": null}",ENTRY_CHECK,GMT-USDT-SWAP,no_fresh_breakout,нет свежего пробоя Donchian на последней закрытой свече,rejected,2026-03-19 14:50:35,
False,нет свежего пробоя Donchian на последней закрытой свече,False,"{""score"": null, ""liquidity_score"": null, ""breakout_distance_atr"": null, ""freshness_score"": null}",ENTRY_CHECK,HOME-USDT-SWAP,no_fresh_breakout,нет свежего пробоя Donchian на последней закрытой свече,rejected,2026-03-19 14:50:36,
False,нет свежего пробоя Donchian на последней закрытой свече,False,"{""score"": null, ""liquidity_score"": null, ""breakout_distance_atr"": null, ""freshness_score"": null}",ENTRY_CHECK,ICP-USDT-SWAP,no_fresh_breakout,нет свежего пробоя Donchian на последней закрытой свече,rejected,2026-03-19 14:50:36,
False,нет свежего пробоя Donchian на последней закрытой свече,False,"{""score"": null, ""liquidity_score"": null, ""breakout_distance_atr"": null, ""freshness_score"": null}",ENTRY_CHECK,INJ-USDT-SWAP,no_fresh_breakout,нет свежего пробоя Donchian на последней закрытой свече,rejected,2026-03-19 14:50:36,
False,нет свежего пробоя Donchian на последней закрытой свече,False,"{""score"": null, ""liquidity_score"": null, ""breakout_distance_atr"": null, ""freshness_score"": null}",ENTRY_CHECK,IOTA-USDT-SWAP,no_fresh_breakout,нет свежего пробоя Donchian на последней закрытой свече,rejected,2026-03-19 14:50:37,
False,нет свежего пробоя Donchian на последней закрытой свече,False,"{""score"": null, ""liquidity_score"": null, ""breakout_distance_atr"": null, ""freshness_score"": null}",ENTRY_CHECK,JUP-USDT-SWAP,no_fresh_breakout,нет свежего пробоя Donchian на последней закрытой свече,rejected,2026-03-19 14:50:37,
False,нет свежего пробоя Donchian на последней закрытой свече,False,"{""score"": null, ""liquidity_score"": null, ""breakout_distance_atr"": null, ""freshness_score"": null}",ENTRY_CHECK,KSM-USDT-SWAP,no_fresh_breakout,нет свежего пробоя Donchian на последней закрытой свече,rejected,2026-03-19 14:50:38,
False,нет свежего пробоя Donchian на последней закрытой свече,False,"{""score"": null, ""liquidity_score"": null, ""breakout_distance_atr"": null, ""freshness_score"": null}",ENTRY_CHECK,LDO-USDT-SWAP,no_fresh_breakout,нет свежего пробоя Donchian на последней закрытой свече,rejected,2026-03-19 14:50:38,
False,нет свежего пробоя Donchian на последней закрытой свече,False,"{""score"": null, ""liquidity_score"": null, ""breakout_distance_atr"": null, ""freshness_score"": null}",ENTRY_CHECK,LINK-USDT-SWAP,no_fresh_breakout,нет свежего пробоя Donchian на последней закрытой свече,rejected,2026-03-19 14:50:38,
False,нет свежего пробоя Donchian на последней закрытой свече,False,"{""score"": null, ""liquidity_score"": null, ""breakout_distance_atr"": null, ""freshness_score"": null}",ENTRY_CHECK,LIT-USDT-SWAP,no_fresh_breakout,нет свежего пробоя Donchian на последней закрытой свече,rejected,2026-03-19 14:50:39,
False,нет свежего пробоя Donchian на последней закрытой свече,False,"{""score"": null, ""liquidity_score"": null, ""breakout_distance_atr"": null, ""freshness_score"": null}",ENTRY_CHECK,LPT-USDT-SWAP,no_fresh_breakout,нет свежего пробоя Donchian на последней закрытой свече,rejected,2026-03-19 14:50:39,
False,нет свежего пробоя Donchian на последней закрытой свече,False,"{""score"": null, ""liquidity_score"": null, ""breakout_distance_atr"": null, ""freshness_score"": null}",ENTRY_CHECK,LTC-USDT-SWAP,no_fresh_breakout,нет свежего пробоя Donchian на последней закрытой свече,rejected,2026-03-19 14:50:40,
False,нет свежего пробоя Donchian на последней закрытой свече,False,"{""score"": null, ""liquidity_score"": null, ""breakout_distance_atr"": null, ""freshness_score"": null}",ENTRY_CHECK,MAGIC-USDT-SWAP,no_fresh_breakout,нет свежего пробоя Donchian на последней закрытой свече,rejected,2026-03-19 14:50:40,
False,нет свежего пробоя Donchian на последней закрытой свече,False,"{""score"": null, ""liquidity_score"": null, ""breakout_distance_atr"": null, ""freshness_score"": null}",ENTRY_CHECK,1INCH-USDT-SWAP,no_fresh_breakout,нет свежего пробоя Donchian на последней закрытой свече,rejected,2026-03-19 14:51:03,
False,нет свежего пробоя Donchian на последней закрытой свече,False,"{""score"": null, ""liquidity_score"": null, ""breakout_distance_atr"": null, ""freshness_score"": null}",ENTRY_CHECK,2Z-USDT-SWAP,no_fresh_breakout,нет свежего пробоя Donchian на последней закрытой свече,rejected,2026-03-19 14:51:03,
False,нет свежего пробоя Donchian на последней закрытой свече,False,"{""score"": null, ""liquidity_score"": null, ""breakout_distance_atr"": null, ""freshness_score"": null}",ENTRY_CHECK,ACT-USDT-SWAP,no_fresh_breakout,нет свежего пробоя Donchian на последней закрытой свече,rejected,2026-03-19 14:51:04,
False,нет свежего пробоя Donchian на последней закрытой свече,False,"{""score"": null, ""liquidity_score"": null, ""breakout_distance_atr"": null, ""freshness_score"": null}",ENTRY_CHECK,AI16Z-USDT-SWAP,no_fresh_breakout,нет свежего пробоя Donchian на последней закрытой свече,rejected,2026-03-19 14:51:04,
False,нет свежего пробоя Donchian на последней закрытой свече,False,"{""score"": null, ""liquidity_score"": null, ""breakout_distance_atr"": null, ""freshness_score"": null}",ENTRY_CHECK,ARB-USDT-SWAP,no_fresh_breakout,нет свежего пробоя Donchian на последней закрытой свече,rejected,2026-03-19 14:51:04,
False,нет свежего пробоя Donchian на последней закрытой свече,False,"{""score"": null, ""liquidity_score"": null, ""breakout_distance_atr"": null, ""freshness_score"": null}",ENTRY_CHECK,ASTER-USDT-SWAP,no_fresh_breakout,нет свежего пробоя Donchian на последней закрытой свече,rejected,2026-03-19 14:51:05,
False,нет свежего пробоя Donchian на последней закрытой свече,False,"{""score"": null, ""liquidity_score"": null, ""breakout_distance_atr"": null, ""freshness_score"": null}",ENTRY_CHECK,AUCTION-USDT-SWAP,no_fresh_breakout,нет свежего пробоя Donchian на последней закрытой свече,rejected,2026-03-19 14:51:05,
False,нет свежего пробоя Donchian на последней закрытой свече,False,"{""score"": null, ""liquidity_score"": null, ""breakout_distance_atr"": null, ""freshness_score"": null}",ENTRY_CHECK,AXS-USDT-SWAP,no_fresh_breakout,нет свежего пробоя Donchian на последней закрытой свече,rejected,2026-03-19 14:51:06,
False,нет свежего пробоя Donchian на последней закрытой свече,False,"{""score"": null, ""liquidity_score"": null, ""breakout_distance_atr"": null, ""freshness_score"": null}",ENTRY_CHECK,BNB-USDT-SWAP,no_fresh_breakout,нет свежего пробоя Donchian на последней закрытой свече,rejected,2026-03-19 14:51:06,
False,нет свежего пробоя Donchian на последней закрытой свече,False,"{""score"": null, ""liquidity_score"": null, ""breakout_distance_atr"": null, ""freshness_score"": null}",ENTRY_CHECK,BOME-USDT-SWAP,no_fresh_breakout,нет свежего пробоя Donchian на последней закрытой свече,rejected,2026-03-19 14:51:07,
False,нет свежего пробоя Donchian на последней закрытой свече,False,"{""score"": null, ""liquidity_score"": null, ""breakout_distance_atr"": null, ""freshness_score"": null}",ENTRY_CHECK,BTC-USDT-SWAP,no_fresh_breakout,нет свежего пробоя Donchian на последней закрытой свече,rejected,2026-03-19 14:51:07,
False,нет свежего пробоя Donchian на последней закрытой свече,False,"{""score"": null, ""liquidity_score"": null, ""breakout_distance_atr"": null, ""freshness_score"": null}",ENTRY_CHECK,CFX-USDT-SWAP,no_fresh_breakout,нет свежего пробоя Donchian на последней закрытой свече,rejected,2026-03-19 14:51:07,
False,нет свежего пробоя Donchian на последней закрытой свече,False,"{""score"": null, ""liquidity_score"": null, ""breakout_distance_atr"": null, ""freshness_score"": null}",ENTRY_CHECK,CHZ-USDT-SWAP,no_fresh_breakout,нет свежего пробоя Donchian на последней закрытой свече,rejected,2026-03-19 14:51:08,
False,закрытие не удержалось ниже канала,False,"{""score"": null, ""liquidity_score"": null, ""breakout_distance_atr"": null, ""freshness_score"": null}",ENTRY_CHECK,COMP-USDT-SWAP,закрытие_не_удержалось_ниже_канала,закрытие не удержалось ниже канала,rejected,2026-03-19 14:51:09,
False,нет свежего пробоя Donchian на последней закрытой свече,False,"{""score"": null, ""liquidity_score"": null, ""breakout_distance_atr"": null, ""freshness_score"": null}",ENTRY_CHECK,CRV-USDT-SWAP,no_fresh_breakout,нет свежего пробоя Donchian на последней закрытой свече,rejected,2026-03-19 14:51:09,
False,нет свежего пробоя Donchian на последней закрытой свече,False,"{""score"": null, ""liquidity_score"": null, ""breakout_distance_atr"": null, ""freshness_score"": null}",ENTRY_CHECK,DOGE-USDT-SWAP,no_fresh_breakout,нет свежего пробоя Donchian на последней закрытой свече,rejected,2026-03-19 14:51:09,
False,нет свежего пробоя Donchian на последней закрытой свече,False,"{""score"": null, ""liquidity_score"": null, ""breakout_distance_atr"": null, ""freshness_score"": null}",ENTRY_CHECK,DOT-USDT-SWAP,no_fresh_breakout,нет свежего пробоя Donchian на последней закрытой свече,rejected,2026-03-19 14:51:10,
False,нет свежего пробоя Donchian на последней закрытой свече,False,"{""score"": null, ""liquidity_score"": null, ""breakout_distance_atr"": null, ""freshness_score"": null}",ENTRY_CHECK,ETH-USDT-SWAP,no_fresh_breakout,нет свежего пробоя Donchian на последней закрытой свече,rejected,2026-03-19 14:51:10,
False,нет свежего пробоя Donchian на последней закрытой свече,False,"{""score"": null, ""liquidity_score"": null, ""breakout_distance_atr"": null, ""freshness_score"": null}",ENTRY_CHECK,ETHW-USDT-SWAP,no_fresh_breakout,нет свежего пробоя Donchian на последней закрытой свече,rejected,2026-03-19 14:51:11,
False,нет свежего пробоя Donchian на последней закрытой свече,False,"{""score"": null, ""liquidity_score"": null, ""breakout_distance_atr"": null, ""freshness_score"": null}",ENTRY_CHECK,FIL-USDT-SWAP,no_fresh_breakout,нет свежего пробоя Donchian на последней закрытой свече,rejected,2026-03-19 14:51:11,
False,нет свежего пробоя Donchian на последней закрытой свече,False,"{""score"": null, ""liquidity_score"": null, ""breakout_distance_atr"": null, ""freshness_score"": null}",ENTRY_CHECK,FLOKI-USDT-SWAP,no_fresh_breakout,нет свежего пробоя Donchian на последней закрытой свече,rejected,2026-03-19 14:51:11,
False,нет свежего пробоя Donchian на последней закрытой свече,False,"{""score"": null, ""liquidity_score"": null, ""breakout_distance_atr"": null, ""freshness_score"": null}",ENTRY_CHECK,GMT-USDT-SWAP,no_fresh_breakout,нет свежего пробоя Donchian на последней закрытой свече,rejected,2026-03-19 14:51:12,
False,нет свежего пробоя Donchian на последней закрытой свече,False,"{""score"": null, ""liquidity_score"": null, ""breakout_distance_atr"": null, ""freshness_score"": null}",ENTRY_CHECK,HOME-USDT-SWAP,no_fresh_breakout,нет свежего пробоя Donchian на последней закрытой свече,rejected,2026-03-19 14:51:12,
False,нет свежего пробоя Donchian на последней закрытой свече,False,"{""score"": null, ""liquidity_score"": null, ""breakout_distance_atr"": null, ""freshness_score"": null}",ENTRY_CHECK,ICP-USDT-SWAP,no_fresh_breakout,нет свежего пробоя Donchian на последней закрытой свече,rejected,2026-03-19 14:51:13,
False,нет свежего пробоя Donchian на последней закрытой свече,False,"{""score"": null, ""liquidity_score"": null, ""breakout_distance_atr"": null, ""freshness_score"": null}",ENTRY_CHECK,INJ-USDT-SWAP,no_fresh_breakout,нет свежего пробоя Donchian на последней закрытой свече,rejected,2026-03-19 14:51:13,
False,нет свежего пробоя Donchian на последней закрытой свече,False,"{""score"": null, ""liquidity_score"": null, ""breakout_distance_atr"": null, ""freshness_score"": null}",ENTRY_CHECK,IOTA-USDT-SWAP,no_fresh_breakout,нет свежего пробоя Donchian на последней закрытой свече,rejected,2026-03-19 14:51:14,
False,нет свежего пробоя Donchian на последней закрытой свече,False,"{""score"": null, ""liquidity_score"": null, ""breakout_distance_atr"": null, ""freshness_score"": null}",ENTRY_CHECK,JUP-USDT-SWAP,no_fresh_breakout,нет свежего пробоя Donchian на последней закрытой свече,rejected,2026-03-19 14:51:14,
False,нет свежего пробоя Donchian на последней закрытой свече,False,"{""score"": null, ""liquidity_score"": null, ""breakout_distance_atr"": null, ""freshness_score"": null}",ENTRY_CHECK,KSM-USDT-SWAP,no_fresh_breakout,нет свежего пробоя Donchian на последней закрытой свече,rejected,2026-03-19 14:51:14,
False,нет свежего пробоя Donchian на последней закрытой свече,False,"{""score"": null, ""liquidity_score"": null, ""breakout_distance_atr"": null, ""freshness_score"": null}",ENTRY_CHECK,LDO-USDT-SWAP,no_fresh_breakout,нет свежего пробоя Donchian на последней закрытой свече,rejected,2026-03-19 14:51:15,
False,нет свежего пробоя Donchian на последней закрытой свече,False,"{""score"": null, ""liquidity_score"": null, ""breakout_distance_atr"": null, ""freshness_score"": null}",ENTRY_CHECK,LINK-USDT-SWAP,no_fresh_breakout,нет свежего пробоя Donchian на последней закрытой свече,rejected,2026-03-19 14:51:15,
False,нет свежего пробоя Donchian на последней закрытой свече,False,"{""score"": null, ""liquidity_score"": null, ""breakout_distance_atr"": null, ""freshness_score"": null}",ENTRY_CHECK,LIT-USDT-SWAP,no_fresh_breakout,нет свежего пробоя Donchian на последней закрытой свече,rejected,2026-03-19 14:51:16,
False,нет свежего пробоя Donchian на последней закрытой свече,False,"{""score"": null, ""liquidity_score"": null, ""breakout_distance_atr"": null, ""freshness_score"": null}",ENTRY_CHECK,LPT-USDT-SWAP,no_fresh_breakout,нет свежего пробоя Donchian на последней закрытой свече,rejected,2026-03-19 14:51:16,
False,нет свежего пробоя Donchian на последней закрытой свече,False,"{""score"": null, ""liquidity_score"": null, ""breakout_distance_atr"": null, ""freshness_score"": null}",ENTRY_CHECK,LTC-USDT-SWAP,no_fresh_breakout,нет свежего пробоя Donchian на последней закрытой свече,rejected,2026-03-19 14:51:16,
False,нет свежего пробоя Donchian на последней закрытой свече,False,"{""score"": null, ""liquidity_score"": null, ""breakout_distance_atr"": null, ""freshness_score"": null}",ENTRY_CHECK,MAGIC-USDT-SWAP,no_fresh_breakout,нет свежего пробоя Donchian на последней закрытой свече,rejected,2026-03-19 14:51:17,
False,ATR warmup: цена или ATR недоступны после прогрева,False,"{""score"": null, ""liquidity_score"": null, ""breakout_distance_atr"": null, ""freshness_score"": null}",ENTRY_CHECK,MET-USDT-SWAP,atr_warmup:_цена_или_atr_недоступны_после_прогрева,ATR warmup: цена или ATR недоступны после прогрева,rejected,2026-03-19 14:51:17,
False,нет свежего пробоя Donchian на последней закрытой свече,False,"{""score"": null, ""liquidity_score"": null, ""breakout_distance_atr"": null, ""freshness_score"": null}",ENTRY_CHECK,1INCH-USDT-SWAP,no_fresh_breakout,нет свежего пробоя Donchian на последней закрытой свече,rejected,2026-03-19 14:51:41,
False,нет свежего пробоя Donchian на последней закрытой свече,False,"{""score"": null, ""liquidity_score"": null, ""breakout_distance_atr"": null, ""freshness_score"": null}",ENTRY_CHECK,2Z-USDT-SWAP,no_fresh_breakout,нет свежего пробоя Donchian на последней закрытой свече,rejected,2026-03-19 14:51:41,
False,нет свежего пробоя Donchian на последней закрытой свече,False,"{""score"": null, ""liquidity_score"": null, ""breakout_distance_atr"": null, ""freshness_score"": null}",ENTRY_CHECK,ACT-USDT-SWAP,no_fresh_breakout,нет свежего пробоя Donchian на последней закрытой свече,rejected,2026-03-19 14:51:41,
False,нет свежего пробоя Donchian на последней закрытой свече,False,"{""score"": null, ""liquidity_score"": null, ""breakout_distance_atr"": null, ""freshness_score"": null}",ENTRY_CHECK,AI16Z-USDT-SWAP,no_fresh_breakout,нет свежего пробоя Donchian на последней закрытой свече,rejected,2026-03-19 14:51:42,
False,нет свежего пробоя Donchian на последней закрытой свече,False,"{""score"": null, ""liquidity_score"": null, ""breakout_distance_atr"": null, ""freshness_score"": null}",ENTRY_CHECK,ARB-USDT-SWAP,no_fresh_breakout,нет свежего пробоя Donchian на последней закрытой свече,rejected,2026-03-19 14:51:42,
False,нет свежего пробоя Donchian на последней закрытой свече,False,"{""score"": null, ""liquidity_score"": null, ""breakout_distance_atr"": null, ""freshness_score"": null}",ENTRY_CHECK,ASTER-USDT-SWAP,no_fresh_breakout,нет свежего пробоя Donchian на последней закрытой свече,rejected,2026-03-19 14:51:43,
False,нет свежего пробоя Donchian на последней закрытой свече,False,"{""score"": null, ""liquidity_score"": null, ""breakout_distance_atr"": null, ""freshness_score"": null}",ENTRY_CHECK,AUCTION-USDT-SWAP,no_fresh_breakout,нет свежего пробоя Donchian на последней закрытой свече,rejected,2026-03-19 14:51:43,
False,нет свежего пробоя Donchian на последней закрытой свече,False,"{""score"": null, ""liquidity_score"": null, ""breakout_distance_atr"": null, ""freshness_score"": null}",ENTRY_CHECK,AXS-USDT-SWAP,no_fresh_breakout,нет свежего пробоя Donchian на последней закрытой свече,rejected,2026-03-19 14:51:43,
False,нет свежего пробоя Donchian на последней закрытой свече,False,"{""score"": null, ""liquidity_score"": null, ""breakout_distance_atr"": null, ""freshness_score"": null}",ENTRY_CHECK,BNB-USDT-SWAP,no_fresh_breakout,нет свежего пробоя Donchian на последней закрытой свече,rejected,2026-03-19 14:51:44,
False,нет свежего пробоя Donchian на последней закрытой свече,False,"{""score"": null, ""liquidity_score"": null, ""breakout_distance_atr"": null, ""freshness_score"": null}",ENTRY_CHECK,BOME-USDT-SWAP,no_fresh_breakout,нет свежего пробоя Donchian на последней закрытой свече,rejected,2026-03-19 14:51:44,
False,нет свежего пробоя Donchian на последней закрытой свече,False,"{""score"": null, ""liquidity_score"": null, ""breakout_distance_atr"": null, ""freshness_score"": null}",ENTRY_CHECK,BTC-USDT-SWAP,no_fresh_breakout,нет свежего пробоя Donchian на последней закрытой свече,rejected,2026-03-19 14:51:44,
False,нет свежего пробоя Donchian на последней закрытой свече,False,"{""score"": null, ""liquidity_score"": null, ""breakout_distance_atr"": null, ""freshness_score"": null}",ENTRY_CHECK,CFX-USDT-SWAP,no_fresh_breakout,нет свежего пробоя Donchian на последней закрытой свече,rejected,2026-03-19 14:51:45,
False,нет свежего пробоя Donchian на последней закрытой свече,False,"{""score"": null, ""liquidity_score"": null, ""breakout_distance_atr"": null, ""freshness_score"": null}",ENTRY_CHECK,CHZ-USDT-SWAP,no_fresh_breakout,нет свежего пробоя Donchian на последней закрытой свече,rejected,2026-03-19 14:51:45,
False,закрытие не удержалось ниже канала,False,"{""score"": null, ""liquidity_score"": null, ""breakout_distance_atr"": null, ""freshness_score"": null}",ENTRY_CHECK,COMP-USDT-SWAP,закрытие_не_удержалось_ниже_канала,закрытие не удержалось ниже канала,rejected,2026-03-19 14:51:46,
False,нет свежего пробоя Donchian на последней закрытой свече,False,"{""score"": null, ""liquidity_score"": null, ""breakout_distance_atr"": null, ""freshness_score"": null}",ENTRY_CHECK,CRV-USDT-SWAP,no_fresh_breakout,нет свежего пробоя Donchian на последней закрытой свече,rejected,2026-03-19 14:51:47,
False,нет свежего пробоя Donchian на последней закрытой свече,False,"{""score"": null, ""liquidity_score"": null, ""breakout_distance_atr"": null, ""freshness_score"": null}",ENTRY_CHECK,DOGE-USDT-SWAP,no_fresh_breakout,нет свежего пробоя Donchian на последней закрытой свече,rejected,2026-03-19 14:51:47,
False,нет свежего пробоя Donchian на последней закрытой свече,False,"{""score"": null, ""liquidity_score"": null, ""breakout_distance_atr"": null, ""freshness_score"": null}",ENTRY_CHECK,DOT-USDT-SWAP,no_fresh_breakout,нет свежего пробоя Donchian на последней закрытой свече,rejected,2026-03-19 14:51:47,
False,нет свежего пробоя Donchian на последней закрытой свече,False,"{""score"": null, ""liquidity_score"": null, ""breakout_distance_atr"": null, ""freshness_score"": null}",ENTRY_CHECK,ETH-USDT-SWAP,no_fresh_breakout,нет свежего пробоя Donchian на последней закрытой свече,rejected,2026-03-19 14:51:48,
False,нет свежего пробоя Donchian на последней закрытой свече,False,"{""score"": null, ""liquidity_score"": null, ""breakout_distance_atr"": null, ""freshness_score"": null}",ENTRY_CHECK,ETHW-USDT-SWAP,no_fresh_breakout,нет свежего пробоя Donchian на последней закрытой свече,rejected,2026-03-19 14:51:48,
False,нет свежего пробоя Donchian на последней закрытой свече,False,"{""score"": null, ""liquidity_score"": null, ""breakout_distance_atr"": null, ""freshness_score"": null}",ENTRY_CHECK,FIL-USDT-SWAP,no_fresh_breakout,нет свежего пробоя Donchian на последней закрытой свече,rejected,2026-03-19 14:51:48,
False,нет свежего пробоя Donchian на последней закрытой свече,False,"{""score"": null, ""liquidity_score"": null, ""breakout_distance_atr"": null, ""freshness_score"": null}",ENTRY_CHECK,FLOKI-USDT-SWAP,no_fresh_breakout,нет свежего пробоя Donchian на последней закрытой свече,rejected,2026-03-19 14:51:49,
False,нет свежего пробоя Donchian на последней закрытой свече,False,"{""score"": null, ""liquidity_score"": null, ""breakout_distance_atr"": null, ""freshness_score"": null}",ENTRY_CHECK,GMT-USDT-SWAP,no_fresh_breakout,нет свежего пробоя Donchian на последней закрытой свече,rejected,2026-03-19 14:51:49,
False,нет свежего пробоя Donchian на последней закрытой свече,False,"{""score"": null, ""liquidity_score"": null, ""breakout_distance_atr"": null, ""freshness_score"": null}",ENTRY_CHECK,HOME-USDT-SWAP,no_fresh_breakout,нет свежего пробоя Donchian на последней закрытой свече,rejected,2026-03-19 14:51:50,
False,нет свежего пробоя Donchian на последней закрытой свече,False,"{""score"": null, ""liquidity_score"": null, ""breakout_distance_atr"": null, ""freshness_score"": null}",ENTRY_CHECK,ICP-USDT-SWAP,no_fresh_breakout,нет свежего пробоя Donchian на последней закрытой свече,rejected,2026-03-19 14:51:50,
False,нет свежего пробоя Donchian на последней закрытой свече,False,"{""score"": null, ""liquidity_score"": null, ""breakout_distance_atr"": null, ""freshness_score"": null}",ENTRY_CHECK,INJ-USDT-SWAP,no_fresh_breakout,нет свежего пробоя Donchian на последней закрытой свече,rejected,2026-03-19 14:51:50,
False,нет свежего пробоя Donchian на последней закрытой свече,False,"{""score"": null, ""liquidity_score"": null, ""breakout_distance_atr"": null, ""freshness_score"": null}",ENTRY_CHECK,IOTA-USDT-SWAP,no_fresh_breakout,нет свежего пробоя Donchian на последней закрытой свече,rejected,2026-03-19 14:51:51,
False,нет свежего пробоя Donchian на последней закрытой свече,False,"{""score"": null, ""liquidity_score"": null, ""breakout_distance_atr"": null, ""freshness_score"": null}",ENTRY_CHECK,JUP-USDT-SWAP,no_fresh_breakout,нет свежего пробоя Donchian на последней закрытой свече,rejected,2026-03-19 14:51:51,
False,нет свежего пробоя Donchian на последней закрытой свече,False,"{""score"": null, ""liquidity_score"": null, ""breakout_distance_atr"": null, ""freshness_score"": null}",ENTRY_CHECK,KSM-USDT-SWAP,no_fresh_breakout,нет свежего пробоя Donchian на последней закрытой свече,rejected,2026-03-19 14:51:52,
False,нет свежего пробоя Donchian на последней закрытой свече,False,"{""score"": null, ""liquidity_score"": null, ""breakout_distance_atr"": null, ""freshness_score"": null}",ENTRY_CHECK,LDO-USDT-SWAP,no_fresh_breakout,нет свежего пробоя Donchian на последней закрытой свече,rejected,2026-03-19 14:51:52,
False,нет свежего пробоя Donchian на последней закрытой свече,False,"{""score"": null, ""liquidity_score"": null, ""breakout_distance_atr"": null, ""freshness_score"": null}",ENTRY_CHECK,LINK-USDT-SWAP,no_fresh_breakout,нет свежего пробоя Donchian на последней закрытой свече,rejected,2026-03-19 14:51:52,
False,нет свежего пробоя Donchian на последней закрытой свече,False,"{""score"": null, ""liquidity_score"": null, ""breakout_distance_atr"": null, ""freshness_score"": null}",ENTRY_CHECK,LIT-USDT-SWAP,no_fresh_breakout,нет свежего пробоя Donchian на последней закрытой свече,rejected,2026-03-19 14:51:53,
False,нет свежего пробоя Donchian на последней закрытой свече,False,"{""score"": null, ""liquidity_score"": null, ""breakout_distance_atr"": null, ""freshness_score"": null}",ENTRY_CHECK,LPT-USDT-SWAP,no_fresh_breakout,нет свежего пробоя Donchian на последней закрытой свече,rejected,2026-03-19 14:51:53,
False,нет свежего пробоя Donchian на последней закрытой свече,False,"{""score"": null, ""liquidity_score"": null, ""breakout_distance_atr"": null, ""freshness_score"": null}",ENTRY_CHECK,LTC-USDT-SWAP,no_fresh_breakout,нет свежего пробоя Donchian на последней закрытой свече,rejected,2026-03-19 14:51:54,
False,нет свежего пробоя Donchian на последней закрытой свече,False,"{""score"": null, ""liquidity_score"": null, ""breakout_distance_atr"": null, ""freshness_score"": null}",ENTRY_CHECK,MAGIC-USDT-SWAP,no_fresh_breakout,нет свежего пробоя Donchian на последней закрытой свече,rejected,2026-03-19 14:51:54,
False,ATR warmup: цена или ATR недоступны после прогрева,False,"{""score"": null, ""liquidity_score"": null, ""breakout_distance_atr"": null, ""freshness_score"": null}",ENTRY_CHECK,MET-USDT-SWAP,atr_warmup:_цена_или_atr_недоступны_после_прогрева,ATR warmup: цена или ATR недоступны после прогрева,rejected,2026-03-19 14:51:54,
False,закрытие не удержалось ниже канала,False,"{""score"": null, ""liquidity_score"": null, ""breakout_distance_atr"": null, ""freshness_score"": null}",ENTRY_CHECK,NEAR-USDT-SWAP,закрытие_не_удержалось_ниже_канала,закрытие не удержалось ниже канала,rejected,2026-03-19 14:51:55,
False,закрытие не удержалось ниже канала,False,"{""score"": null, ""liquidity_score"": null, ""breakout_distance_atr"": null, ""freshness_score"": null}",ENTRY_CHECK,NEAR-USDT-SWAP,закрытие_не_удержалось_ниже_канала,закрытие не удержалось ниже канала,rejected,2026-03-19 14:51:55,
False,нет свежего пробоя Donchian на последней закрытой свече,False,"{""score"": null, ""liquidity_score"": null, ""breakout_distance_atr"": null, ""freshness_score"": null}",ENTRY_CHECK,1INCH-USDT-SWAP,no_fresh_breakout,нет свежего пробоя Donchian на последней закрытой свече,rejected,2026-03-19 14:52:17,
False,нет свежего пробоя Donchian на последней закрытой свече,False,"{""score"": null, ""liquidity_score"": null, ""breakout_distance_atr"": null, ""freshness_score"": null}",ENTRY_CHECK,2Z-USDT-SWAP,no_fresh_breakout,нет свежего пробоя Donchian на последней закрытой свече,rejected,2026-03-19 14:52:18,
False,нет свежего пробоя Donchian на последней закрытой свече,False,"{""score"": null, ""liquidity_score"": null, ""breakout_distance_atr"": null, ""freshness_score"": null}",ENTRY_CHECK,ACT-USDT-SWAP,no_fresh_breakout,нет свежего пробоя Donchian на последней закрытой свече,rejected,2026-03-19 14:52:18,
False,нет свежего пробоя Donchian на последней закрытой свече,False,"{""score"": null, ""liquidity_score"": null, ""breakout_distance_atr"": null, ""freshness_score"": null}",ENTRY_CHECK,AI16Z-USDT-SWAP,no_fresh_breakout,нет свежего пробоя Donchian на последней закрытой свече,rejected,2026-03-19 14:52:18,
False,нет свежего пробоя Donchian на последней закрытой свече,False,"{""score"": null, ""liquidity_score"": null, ""breakout_distance_atr"": null, ""freshness_score"": null}",ENTRY_CHECK,ARB-USDT-SWAP,no_fresh_breakout,нет свежего пробоя Donchian на последней закрытой свече,rejected,2026-03-19 14:52:19,
False,нет свежего пробоя Donchian на последней закрытой свече,False,"{""score"": null, ""liquidity_score"": null, ""breakout_distance_atr"": null, ""freshness_score"": null}",ENTRY_CHECK,ASTER-USDT-SWAP,no_fresh_breakout,нет свежего пробоя Donchian на последней закрытой свече,rejected,2026-03-19 14:52:19,
False,нет свежего пробоя Donchian на последней закрытой свече,False,"{""score"": null, ""liquidity_score"": null, ""breakout_distance_atr"": null, ""freshness_score"": null}",ENTRY_CHECK,AUCTION-USDT-SWAP,no_fresh_breakout,нет свежего пробоя Donchian на последней закрытой свече,rejected,2026-03-19 14:52:20,
False,нет свежего пробоя Donchian на последней закрытой свече,False,"{""score"": null, ""liquidity_score"": null, ""breakout_distance_atr"": null, ""freshness_score"": null}",ENTRY_CHECK,AXS-USDT-SWAP,no_fresh_breakout,нет свежего пробоя Donchian на последней закрытой свече,rejected,2026-03-19 14:52:20,
False,нет свежего пробоя Donchian на последней закрытой свече,False,"{""score"": null, ""liquidity_score"": null, ""breakout_distance_atr"": null, ""freshness_score"": null}",ENTRY_CHECK,BNB-USDT-SWAP,no_fresh_breakout,нет свежего пробоя Donchian на последней закрытой свече,rejected,2026-03-19 14:52:20,
False,нет свежего пробоя Donchian на последней закрытой свече,False,"{""score"": null, ""liquidity_score"": null, ""breakout_distance_atr"": null, ""freshness_score"": null}",ENTRY_CHECK,BOME-USDT-SWAP,no_fresh_breakout,нет свежего пробоя Donchian на последней закрытой свече,rejected,2026-03-19 14:52:21,
False,нет свежего пробоя Donchian на последней закрытой свече,False,"{""score"": null, ""liquidity_score"": null, ""breakout_distance_atr"": null, ""freshness_score"": null}",ENTRY_CHECK,BTC-USDT-SWAP,no_fresh_breakout,нет свежего пробоя Donchian на последней закрытой свече,rejected,2026-03-19 14:52:21,
False,нет свежего пробоя Donchian на последней закрытой свече,False,"{""score"": null, ""liquidity_score"": null, ""breakout_distance_atr"": null, ""freshness_score"": null}",ENTRY_CHECK,CFX-USDT-SWAP,no_fresh_breakout,нет свежего пробоя Donchian на последней закрытой свече,rejected,2026-03-19 14:52:22,
False,нет свежего пробоя Donchian на последней закрытой свече,False,"{""score"": null, ""liquidity_score"": null, ""breakout_distance_atr"": null, ""freshness_score"": null}",ENTRY_CHECK,CHZ-USDT-SWAP,no_fresh_breakout,нет свежего пробоя Donchian на последней закрытой свече,rejected,2026-03-19 14:52:22,
False,закрытие не удержалось ниже канала,False,"{""score"": null, ""liquidity_score"": null, ""breakout_distance_atr"": null, ""freshness_score"": null}",ENTRY_CHECK,COMP-USDT-SWAP,закрытие_не_удержалось_ниже_канала,закрытие не удержалось ниже канала,rejected,2026-03-19 14:52:23,
False,нет свежего пробоя Donchian на последней закрытой свече,False,"{""score"": null, ""liquidity_score"": null, ""breakout_distance_atr"": null, ""freshness_score"": null}",ENTRY_CHECK,CRV-USDT-SWAP,no_fresh_breakout,нет свежего пробоя Donchian на последней закрытой свече,rejected,2026-03-19 14:52:23,
False,нет свежего пробоя Donchian на последней закрытой свече,False,"{""score"": null, ""liquidity_score"": null, ""breakout_distance_atr"": null, ""freshness_score"": null}",ENTRY_CHECK,DOGE-USDT-SWAP,no_fresh_breakout,нет свежего пробоя Donchian на последней закрытой свече,rejected,2026-03-19 14:52:24,
False,нет свежего пробоя Donchian на последней закрытой свече,False,"{""score"": null, ""liquidity_score"": null, ""breakout_distance_atr"": null, ""freshness_score"": null}",ENTRY_CHECK,DOT-USDT-SWAP,no_fresh_breakout,нет свежего пробоя Donchian на последней закрытой свече,rejected,2026-03-19 14:52:24,
False,нет свежего пробоя Donchian на последней закрытой свече,False,"{""score"": null, ""liquidity_score"": null, ""breakout_distance_atr"": null, ""freshness_score"": null}",ENTRY_CHECK,ETH-USDT-SWAP,no_fresh_breakout,нет свежего пробоя Donchian на последней закрытой свече,rejected,2026-03-19 14:52:25,
False,нет свежего пробоя Donchian на последней закрытой свече,False,"{""score"": null, ""liquidity_score"": null, ""breakout_distance_atr"": null, ""freshness_score"": null}",ENTRY_CHECK,ETHW-USDT-SWAP,no_fresh_breakout,нет свежего пробоя Donchian на последней закрытой свече,rejected,2026-03-19 14:52:25,
False,нет свежего пробоя Donchian на последней закрытой свече,False,"{""score"": null, ""liquidity_score"": null, ""breakout_distance_atr"": null, ""freshness_score"": null}",ENTRY_CHECK,FIL-USDT-SWAP,no_fresh_breakout,нет свежего пробоя Donchian на последней закрытой свече,rejected,2026-03-19 14:52:25,
False,нет свежего пробоя Donchian на последней закрытой свече,False,"{""score"": null, ""liquidity_score"": null, ""breakout_distance_atr"": null, ""freshness_score"": null}",ENTRY_CHECK,FLOKI-USDT-SWAP,no_fresh_breakout,нет свежего пробоя Donchian на последней закрытой свече,rejected,2026-03-19 14:52:26,
False,нет свежего пробоя Donchian на последней закрытой свече,False,"{""score"": null, ""liquidity_score"": null, ""breakout_distance_atr"": null, ""freshness_score"": null}",ENTRY_CHECK,GMT-USDT-SWAP,no_fresh_breakout,нет свежего пробоя Donchian на последней закрытой свече,rejected,2026-03-19 14:52:26,
False,нет свежего пробоя Donchian на последней закрытой свече,False,"{""score"": null, ""liquidity_score"": null, ""breakout_distance_atr"": null, ""freshness_score"": null}",ENTRY_CHECK,HOME-USDT-SWAP,no_fresh_breakout,нет свежего пробоя Donchian на последней закрытой свече,rejected,2026-03-19 14:52:27,
False,нет свежего пробоя Donchian на последней закрытой свече,False,"{""score"": null, ""liquidity_score"": null, ""breakout_distance_atr"": null, ""freshness_score"": null}",ENTRY_CHECK,ICP-USDT-SWAP,no_fresh_breakout,нет свежего пробоя Donchian на последней закрытой свече,rejected,2026-03-19 14:52:27,
False,нет свежего пробоя Donchian на последней закрытой свече,False,"{""score"": null, ""liquidity_score"": null, ""breakout_distance_atr"": null, ""freshness_score"": null}",ENTRY_CHECK,INJ-USDT-SWAP,no_fresh_breakout,нет свежего пробоя Donchian на последней закрытой свече,rejected,2026-03-19 14:52:27,
False,нет свежего пробоя Donchian на последней закрытой свече,False,"{""score"": null, ""liquidity_score"": null, ""breakout_distance_atr"": null, ""freshness_score"": null}",ENTRY_CHECK,IOTA-USDT-SWAP,no_fresh_breakout,нет свежего пробоя Donchian на последней закрытой свече,rejected,2026-03-19 14:52:28,
False,нет свежего пробоя Donchian на последней закрытой свече,False,"{""score"": null, ""liquidity_score"": null, ""breakout_distance_atr"": null, ""freshness_score"": null}",ENTRY_CHECK,JUP-USDT-SWAP,no_fresh_breakout,нет свежего пробоя Donchian на последней закрытой свече,rejected,2026-03-19 14:52:28,
False,нет свежего пробоя Donchian на последней закрытой свече,False,"{""score"": null, ""liquidity_score"": null, ""breakout_distance_atr"": null, ""freshness_score"": null}",ENTRY_CHECK,KSM-USDT-SWAP,no_fresh_breakout,нет свежего пробоя Donchian на последней закрытой свече,rejected,2026-03-19 14:52:29,
False,нет свежего пробоя Donchian на последней закрытой свече,False,"{""score"": null, ""liquidity_score"": null, ""breakout_distance_atr"": null, ""freshness_score"": null}",ENTRY_CHECK,LDO-USDT-SWAP,no_fresh_breakout,нет свежего пробоя Donchian на последней закрытой свече,rejected,2026-03-19 14:52:29,
False,нет свежего пробоя Donchian на последней закрытой свече,False,"{""score"": null, ""liquidity_score"": null, ""breakout_distance_atr"": null, ""freshness_score"": null}",ENTRY_CHECK,LINK-USDT-SWAP,no_fresh_breakout,нет свежего пробоя Donchian на последней закрытой свече,rejected,2026-03-19 14:52:29,
False,нет свежего пробоя Donchian на последней закрытой свече,False,"{""score"": null, ""liquidity_score"": null, ""breakout_distance_atr"": null, ""freshness_score"": null}",ENTRY_CHECK,LIT-USDT-SWAP,no_fresh_breakout,нет свежего пробоя Donchian на последней закрытой свече,rejected,2026-03-19 14:52:30,
False,нет свежего пробоя Donchian на последней закрытой свече,False,"{""score"": null, ""liquidity_score"": null, ""breakout_distance_atr"": null, ""freshness_score"": null}",ENTRY_CHECK,LPT-USDT-SWAP,no_fresh_breakout,нет свежего пробоя Donchian на последней закрытой свече,rejected,2026-03-19 14:52:30,
False,нет свежего пробоя Donchian на последней закрытой свече,False,"{""score"": null, ""liquidity_score"": null, ""breakout_distance_atr"": null, ""freshness_score"": null}",ENTRY_CHECK,LTC-USDT-SWAP,no_fresh_breakout,нет свежего пробоя Donchian на последней закрытой свече,rejected,2026-03-19 14:52:31,
False,нет свежего пробоя Donchian на последней закрытой свече,False,"{""score"": null, ""liquidity_score"": null, ""breakout_distance_atr"": null, ""freshness_score"": null}",ENTRY_CHECK,MAGIC-USDT-SWAP,no_fresh_breakout,нет свежего пробоя Donchian на последней закрытой свече,rejected,2026-03-19 14:52:31,
False,ATR warmup: цена или ATR недоступны после прогрева,False,"{""score"": null, ""liquidity_score"": null, ""breakout_distance_atr"": null, ""freshness_score"": null}",ENTRY_CHECK,MET-USDT-SWAP,atr_warmup:_цена_или_atr_недоступны_после_прогрева,ATR warmup: цена или ATR недоступны после прогрева,rejected,2026-03-19 14:52:31,
False,закрытие не удержалось ниже канала,False,"{""score"": null, ""liquidity_score"": null, ""breakout_distance_atr"": null, ""freshness_score"": null}",ENTRY_CHECK,NEAR-USDT-SWAP,закрытие_не_удержалось_ниже_канала,закрытие не удержалось ниже канала,rejected,2026-03-19 14:52:32,
False,закрытие не удержалось ниже канала,False,"{""score"": null, ""liquidity_score"": null, ""breakout_distance_atr"": null, ""freshness_score"": null}",ENTRY_CHECK,NEAR-USDT-SWAP,закрытие_не_удержалось_ниже_канала,закрытие не удержалось ниже канала,rejected,2026-03-19 14:52:32,
False,нет свежего пробоя Donchian на последней закрытой свече,False,"{""score"": null, ""liquidity_score"": null, ""breakout_distance_atr"": null, ""freshness_score"": null}",ENTRY_CHECK,NOT-USDT-SWAP,no_fresh_breakout,нет свежего пробоя Donchian на последней закрытой свече,rejected,2026-03-19 14:52:32,
False,нет свежего пробоя Donchian на последней закрытой свече,False,"{""score"": null, ""liquidity_score"": null, ""breakout_distance_atr"": null, ""freshness_score"": null}",ENTRY_CHECK,OP-USDT-SWAP,no_fresh_breakout,нет свежего пробоя Donchian на последней закрытой свече,rejected,2026-03-19 14:52:33,
False,нет свежего пробоя Donchian на последней закрытой свече,False,"{""score"": null, ""liquidity_score"": null, ""breakout_distance_atr"": null, ""freshness_score"": null}",ENTRY_CHECK,1INCH-USDT-SWAP,no_fresh_breakout,нет свежего пробоя Donchian на последней закрытой свече,rejected,2026-03-19 14:52:56,
False,нет свежего пробоя Donchian на последней закрытой свече,False,"{""score"": null, ""liquidity_score"": null, ""breakout_distance_atr"": null, ""freshness_score"": null}",ENTRY_CHECK,2Z-USDT-SWAP,no_fresh_breakout,нет свежего пробоя Donchian на последней закрытой свече,rejected,2026-03-19 14:52:56,
False,нет свежего пробоя Donchian на последней закрытой свече,False,"{""score"": null, ""liquidity_score"": null, ""breakout_distance_atr"": null, ""freshness_score"": null}",ENTRY_CHECK,ACT-USDT-SWAP,no_fresh_breakout,нет свежего пробоя Donchian на последней закрытой свече,rejected,2026-03-19 14:52:57,
False,нет свежего пробоя Donchian на последней закрытой свече,False,"{""score"": null, ""liquidity_score"": null, ""breakout_distance_atr"": null, ""freshness_score"": null}",ENTRY_CHECK,AI16Z-USDT-SWAP,no_fresh_breakout,нет свежего пробоя Donchian на последней закрытой свече,rejected,2026-03-19 14:52:57,
False,нет свежего пробоя Donchian на последней закрытой свече,False,"{""score"": null, ""liquidity_score"": null, ""breakout_distance_atr"": null, ""freshness_score"": null}",ENTRY_CHECK,ARB-USDT-SWAP,no_fresh_breakout,нет свежего пробоя Donchian на последней закрытой свече,rejected,2026-03-19 14:52:57,
False,нет свежего пробоя Donchian на последней закрытой свече,False,"{""score"": null, ""liquidity_score"": null, ""breakout_distance_atr"": null, ""freshness_score"": null}",ENTRY_CHECK,ASTER-USDT-SWAP,no_fresh_breakout,нет свежего пробоя Donchian на последней закрытой свече,rejected,2026-03-19 14:52:58,
False,нет свежего пробоя Donchian на последней закрытой свече,False,"{""score"": null, ""liquidity_score"": null, ""breakout_distance_atr"": null, ""freshness_score"": null}",ENTRY_CHECK,AUCTION-USDT-SWAP,no_fresh_breakout,нет свежего пробоя Donchian на последней закрытой свече,rejected,2026-03-19 14:52:58,
False,нет свежего пробоя Donchian на последней закрытой свече,False,"{""score"": null, ""liquidity_score"": null, ""breakout_distance_atr"": null, ""freshness_score"": null}",ENTRY_CHECK,AXS-USDT-SWAP,no_fresh_breakout,нет свежего пробоя Donchian на последней закрытой свече,rejected,2026-03-19 14:52:59,
False,нет свежего пробоя Donchian на последней закрытой свече,False,"{""score"": null, ""liquidity_score"": null, ""breakout_distance_atr"": null, ""freshness_score"": null}",ENTRY_CHECK,BNB-USDT-SWAP,no_fresh_breakout,нет свежего пробоя Donchian на последней закрытой свече,rejected,2026-03-19 14:52:59,
False,нет свежего пробоя Donchian на последней закрытой свече,False,"{""score"": null, ""liquidity_score"": null, ""breakout_distance_atr"": null, ""freshness_score"": null}",ENTRY_CHECK,BOME-USDT-SWAP,no_fresh_breakout,нет свежего пробоя Donchian на последней закрытой свече,rejected,2026-03-19 14:52:59,
False,нет свежего пробоя Donchian на последней закрытой свече,False,"{""score"": null, ""liquidity_score"": null, ""breakout_distance_atr"": null, ""freshness_score"": null}",ENTRY_CHECK,BTC-USDT-SWAP,no_fresh_breakout,нет свежего пробоя Donchian на последней закрытой свече,rejected,2026-03-19 14:53:00,
False,нет свежего пробоя Donchian на последней закрытой свече,False,"{""score"": null, ""liquidity_score"": null, ""breakout_distance_atr"": null, ""freshness_score"": null}",ENTRY_CHECK,CFX-USDT-SWAP,no_fresh_breakout,нет свежего пробоя Donchian на последней закрытой свече,rejected,2026-03-19 14:53:00,
False,нет свежего пробоя Donchian на последней закрытой свече,False,"{""score"": null, ""liquidity_score"": null, ""breakout_distance_atr"": null, ""freshness_score"": null}",ENTRY_CHECK,CHZ-USDT-SWAP,no_fresh_breakout,нет свежего пробоя Donchian на последней закрытой свече,rejected,2026-03-19 14:53:01,
False,закрытие не удержалось ниже канала,False,"{""score"": null, ""liquidity_score"": null, ""breakout_distance_atr"": null, ""freshness_score"": null}",ENTRY_CHECK,COMP-USDT-SWAP,закрытие_не_удержалось_ниже_канала,закрытие не удержалось ниже канала,rejected,2026-03-19 14:53:01,
False,нет свежего пробоя Donchian на последней закрытой свече,False,"{""score"": null, ""liquidity_score"": null, ""breakout_distance_atr"": null, ""freshness_score"": null}",ENTRY_CHECK,CRV-USDT-SWAP,no_fresh_breakout,нет свежего пробоя Donchian на последней закрытой свече,rejected,2026-03-19 14:53:02,
False,нет свежего пробоя Donchian на последней закрытой свече,False,"{""score"": null, ""liquidity_score"": null, ""breakout_distance_atr"": null, ""freshness_score"": null}",ENTRY_CHECK,DOGE-USDT-SWAP,no_fresh_breakout,нет свежего пробоя Donchian на последней закрытой свече,rejected,2026-03-19 14:53:02,
False,нет свежего пробоя Donchian на последней закрытой свече,False,"{""score"": null, ""liquidity_score"": null, ""breakout_distance_atr"": null, ""freshness_score"": null}",ENTRY_CHECK,DOT-USDT-SWAP,no_fresh_breakout,нет свежего пробоя Donchian на последней закрытой свече,rejected,2026-03-19 14:53:03,
False,нет свежего пробоя Donchian на последней закрытой свече,False,"{""score"": null, ""liquidity_score"": null, ""breakout_distance_atr"": null, ""freshness_score"": null}",ENTRY_CHECK,ETH-USDT-SWAP,no_fresh_breakout,нет свежего пробоя Donchian на последней закрытой свече,rejected,2026-03-19 14:53:03,
False,нет свежего пробоя Donchian на последней закрытой свече,False,"{""score"": null, ""liquidity_score"": null, ""breakout_distance_atr"": null, ""freshness_score"": null}",ENTRY_CHECK,ETHW-USDT-SWAP,no_fresh_breakout,нет свежего пробоя Donchian на последней закрытой свече,rejected,2026-03-19 14:53:03,
False,нет свежего пробоя Donchian на последней закрытой свече,False,"{""score"": null, ""liquidity_score"": null, ""breakout_distance_atr"": null, ""freshness_score"": null}",ENTRY_CHECK,FIL-USDT-SWAP,no_fresh_breakout,нет свежего пробоя Donchian на последней закрытой свече,rejected,2026-03-19 14:53:04,
False,нет свежего пробоя Donchian на последней закрытой свече,False,"{""score"": null, ""liquidity_score"": null, ""breakout_distance_atr"": null, ""freshness_score"": null}",ENTRY_CHECK,FLOKI-USDT-SWAP,no_fresh_breakout,нет свежего пробоя Donchian на последней закрытой свече,rejected,2026-03-19 14:53:04,
False,нет свежего пробоя Donchian на последней закрытой свече,False,"{""score"": null, ""liquidity_score"": null, ""breakout_distance_atr"": null, ""freshness_score"": null}",ENTRY_CHECK,GMT-USDT-SWAP,no_fresh_breakout,нет свежего пробоя Donchian на последней закрытой свече,rejected,2026-03-19 14:53:05,
False,нет свежего пробоя Donchian на последней закрытой свече,False,"{""score"": null, ""liquidity_score"": null, ""breakout_distance_atr"": null, ""freshness_score"": null}",ENTRY_CHECK,HOME-USDT-SWAP,no_fresh_breakout,нет свежего пробоя Donchian на последней закрытой свече,rejected,2026-03-19 14:53:05,
False,нет свежего пробоя Donchian на последней закрытой свече,False,"{""score"": null, ""liquidity_score"": null, ""breakout_distance_atr"": null, ""freshness_score"": null}",ENTRY_CHECK,ICP-USDT-SWAP,no_fresh_breakout,нет свежего пробоя Donchian на последней закрытой свече,rejected,2026-03-19 14:53:05,
False,нет свежего пробоя Donchian на последней закрытой свече,False,"{""score"": null, ""liquidity_score"": null, ""breakout_distance_atr"": null, ""freshness_score"": null}",ENTRY_CHECK,INJ-USDT-SWAP,no_fresh_breakout,нет свежего пробоя Donchian на последней закрытой свече,rejected,2026-03-19 14:53:06,
False,нет свежего пробоя Donchian на последней закрытой свече,False,"{""score"": null, ""liquidity_score"": null, ""breakout_distance_atr"": null, ""freshness_score"": null}",ENTRY_CHECK,IOTA-USDT-SWAP,no_fresh_breakout,нет свежего пробоя Donchian на последней закрытой свече,rejected,2026-03-19 14:53:06,
False,нет свежего пробоя Donchian на последней закрытой свече,False,"{""score"": null, ""liquidity_score"": null, ""breakout_distance_atr"": null, ""freshness_score"": null}",ENTRY_CHECK,JUP-USDT-SWAP,no_fresh_breakout,нет свежего пробоя Donchian на последней закрытой свече,rejected,2026-03-19 14:53:07,
False,нет свежего пробоя Donchian на последней закрытой свече,False,"{""score"": null, ""liquidity_score"": null, ""breakout_distance_atr"": null, ""freshness_score"": null}",ENTRY_CHECK,KSM-USDT-SWAP,no_fresh_breakout,нет свежего пробоя Donchian на последней закрытой свече,rejected,2026-03-19 14:53:07,
False,нет свежего пробоя Donchian на последней закрытой свече,False,"{""score"": null, ""liquidity_score"": null, ""breakout_distance_atr"": null, ""freshness_score"": null}",ENTRY_CHECK,LDO-USDT-SWAP,no_fresh_breakout,нет свежего пробоя Donchian на последней закрытой свече,rejected,2026-03-19 14:53:08,
False,нет свежего пробоя Donchian на последней закрытой свече,False,"{""score"": null, ""liquidity_score"": null, ""breakout_distance_atr"": null, ""freshness_score"": null}",ENTRY_CHECK,LINK-USDT-SWAP,no_fresh_breakout,нет свежего пробоя Donchian на последней закрытой свече,rejected,2026-03-19 14:53:08,
False,нет свежего пробоя Donchian на последней закрытой свече,False,"{""score"": null, ""liquidity_score"": null, ""breakout_distance_atr"": null, ""freshness_score"": null}",ENTRY_CHECK,LIT-USDT-SWAP,no_fresh_breakout,нет свежего пробоя Donchian на последней закрытой свече,rejected,2026-03-19 14:53:08,
False,нет свежего пробоя Donchian на последней закрытой свече,False,"{""score"": null, ""liquidity_score"": null, ""breakout_distance_atr"": null, ""freshness_score"": null}",ENTRY_CHECK,LPT-USDT-SWAP,no_fresh_breakout,нет свежего пробоя Donchian на последней закрытой свече,rejected,2026-03-19 14:53:09,
False,нет свежего пробоя Donchian на последней закрытой свече,False,"{""score"": null, ""liquidity_score"": null, ""breakout_distance_atr"": null, ""freshness_score"": null}",ENTRY_CHECK,LTC-USDT-SWAP,no_fresh_breakout,нет свежего пробоя Donchian на последней закрытой свече,rejected,2026-03-19 14:53:09,
False,нет свежего пробоя Donchian на последней закрытой свече,False,"{""score"": null, ""liquidity_score"": null, ""breakout_distance_atr"": null, ""freshness_score"": null}",ENTRY_CHECK,MAGIC-USDT-SWAP,no_fresh_breakout,нет свежего пробоя Donchian на последней закрытой свече,rejected,2026-03-19 14:53:10,
False,ATR warmup: цена или ATR недоступны после прогрева,False,"{""score"": null, ""liquidity_score"": null, ""breakout_distance_atr"": null, ""freshness_score"": null}",ENTRY_CHECK,MET-USDT-SWAP,atr_warmup:_цена_или_atr_недоступны_после_прогрева,ATR warmup: цена или ATR недоступны после прогрева,rejected,2026-03-19 14:53:10,
False,закрытие не удержалось ниже канала,False,"{""score"": null, ""liquidity_score"": null, ""breakout_distance_atr"": null, ""freshness_score"": null}",ENTRY_CHECK,NEAR-USDT-SWAP,закрытие_не_удержалось_ниже_канала,закрытие не удержалось ниже канала,rejected,2026-03-19 14:53:11,
False,закрытие не удержалось ниже канала,False,"{""score"": null, ""liquidity_score"": null, ""breakout_distance_atr"": null, ""freshness_score"": null}",ENTRY_CHECK,NEAR-USDT-SWAP,закрытие_не_удержалось_ниже_канала,закрытие не удержалось ниже канала,rejected,2026-03-19 14:53:11,
False,нет свежего пробоя Donchian на последней закрытой свече,False,"{""score"": null, ""liquidity_score"": null, ""breakout_distance_atr"": null, ""freshness_score"": null}",ENTRY_CHECK,NOT-USDT-SWAP,no_fresh_breakout,нет свежего пробоя Donchian на последней закрытой свече,rejected,2026-03-19 14:53:11,
False,нет свежего пробоя Donchian на последней закрытой свече,False,"{""score"": null, ""liquidity_score"": null, ""breakout_distance_atr"": null, ""freshness_score"": null}",ENTRY_CHECK,OP-USDT-SWAP,no_fresh_breakout,нет свежего пробоя Donchian на последней закрытой свече,rejected,2026-03-19 14:53:12,
False,нет свежего пробоя Donchian на последней закрытой свече,False,"{""score"": null, ""liquidity_score"": null, ""breakout_distance_atr"": null, ""freshness_score"": null}",ENTRY_CHECK,RESOLV-USDT-SWAP,no_fresh_breakout,нет свежего пробоя Donchian на последней закрытой свече,rejected,2026-03-19 14:53:12,
False,нет свежего пробоя Donchian на последней закрытой свече,False,"{""score"": null, ""liquidity_score"": null, ""breakout_distance_atr"": null, ""freshness_score"": null}",ENTRY_CHECK,1INCH-USDT-SWAP,no_fresh_breakout,нет свежего пробоя Donchian на последней закрытой свече,rejected,2026-03-19 14:53:35,
False,нет свежего пробоя Donchian на последней закрытой свече,False,"{""score"": null, ""liquidity_score"": null, ""breakout_distance_atr"": null, ""freshness_score"": null}",ENTRY_CHECK,2Z-USDT-SWAP,no_fresh_breakout,нет свежего пробоя Donchian на последней закрытой свече,rejected,2026-03-19 14:53:35,
False,нет свежего пробоя Donchian на последней закрытой свече,False,"{""score"": null, ""liquidity_score"": null, ""breakout_distance_atr"": null, ""freshness_score"": null}",ENTRY_CHECK,ACT-USDT-SWAP,no_fresh_breakout,нет свежего пробоя Donchian на последней закрытой свече,rejected,2026-03-19 14:53:36,
False,нет свежего пробоя Donchian на последней закрытой свече,False,"{""score"": null, ""liquidity_score"": null, ""breakout_distance_atr"": null, ""freshness_score"": null}",ENTRY_CHECK,AI16Z-USDT-SWAP,no_fresh_breakout,нет свежего пробоя Donchian на последней закрытой свече,rejected,2026-03-19 14:53:36,
False,нет свежего пробоя Donchian на последней закрытой свече,False,"{""score"": null, ""liquidity_score"": null, ""breakout_distance_atr"": null, ""freshness_score"": null}",ENTRY_CHECK,ARB-USDT-SWAP,no_fresh_breakout,нет свежего пробоя Donchian на последней закрытой свече,rejected,2026-03-19 14:53:36,
False,нет свежего пробоя Donchian на последней закрытой свече,False,"{""score"": null, ""liquidity_score"": null, ""breakout_distance_atr"": null, ""freshness_score"": null}",ENTRY_CHECK,ASTER-USDT-SWAP,no_fresh_breakout,нет свежего пробоя Donchian на последней закрытой свече,rejected,2026-03-19 14:53:37,
False,нет свежего пробоя Donchian на последней закрытой свече,False,"{""score"": null, ""liquidity_score"": null, ""breakout_distance_atr"": null, ""freshness_score"": null}",ENTRY_CHECK,AUCTION-USDT-SWAP,no_fresh_breakout,нет свежего пробоя Donchian на последней закрытой свече,rejected,2026-03-19 14:53:37,
False,нет свежего пробоя Donchian на последней закрытой свече,False,"{""score"": null, ""liquidity_score"": null, ""breakout_distance_atr"": null, ""freshness_score"": null}",ENTRY_CHECK,AXS-USDT-SWAP,no_fresh_breakout,нет свежего пробоя Donchian на последней закрытой свече,rejected,2026-03-19 14:53:38,
False,нет свежего пробоя Donchian на последней закрытой свече,False,"{""score"": null, ""liquidity_score"": null, ""breakout_distance_atr"": null, ""freshness_score"": null}",ENTRY_CHECK,BNB-USDT-SWAP,no_fresh_breakout,нет свежего пробоя Donchian на последней закрытой свече,rejected,2026-03-19 14:53:38,
False,нет свежего пробоя Donchian на последней закрытой свече,False,"{""score"": null, ""liquidity_score"": null, ""breakout_distance_atr"": null, ""freshness_score"": null}",ENTRY_CHECK,BOME-USDT-SWAP,no_fresh_breakout,нет свежего пробоя Donchian на последней закрытой свече,rejected,2026-03-19 14:53:38,
False,нет свежего пробоя Donchian на последней закрытой свече,False,"{""score"": null, ""liquidity_score"": null, ""breakout_distance_atr"": null, ""freshness_score"": null}",ENTRY_CHECK,BTC-USDT-SWAP,no_fresh_breakout,нет свежего пробоя Donchian на последней закрытой свече,rejected,2026-03-19 14:53:39,
False,нет свежего пробоя Donchian на последней закрытой свече,False,"{""score"": null, ""liquidity_score"": null, ""breakout_distance_atr"": null, ""freshness_score"": null}",ENTRY_CHECK,CFX-USDT-SWAP,no_fresh_breakout,нет свежего пробоя Donchian на последней закрытой свече,rejected,2026-03-19 14:53:39,
False,нет свежего пробоя Donchian на последней закрытой свече,False,"{""score"": null, ""liquidity_score"": null, ""breakout_distance_atr"": null, ""freshness_score"": null}",ENTRY_CHECK,CHZ-USDT-SWAP,no_fresh_breakout,нет свежего пробоя Donchian на последней закрытой свече,rejected,2026-03-19 14:53:40,
False,закрытие не удержалось ниже канала,False,"{""score"": null, ""liquidity_score"": null, ""breakout_distance_atr"": null, ""freshness_score"": null}",ENTRY_CHECK,COMP-USDT-SWAP,закрытие_не_удержалось_ниже_канала,закрытие не удержалось ниже канала,rejected,2026-03-19 14:53:40,
False,нет свежего пробоя Donchian на последней закрытой свече,False,"{""score"": null, ""liquidity_score"": null, ""breakout_distance_atr"": null, ""freshness_score"": null}",ENTRY_CHECK,CRV-USDT-SWAP,no_fresh_breakout,нет свежего пробоя Donchian на последней закрытой свече,rejected,2026-03-19 14:53:41,
False,нет свежего пробоя Donchian на последней закрытой свече,False,"{""score"": null, ""liquidity_score"": null, ""breakout_distance_atr"": null, ""freshness_score"": null}",ENTRY_CHECK,DOGE-USDT-SWAP,no_fresh_breakout,нет свежего пробоя Donchian на последней закрытой свече,rejected,2026-03-19 14:53:41,
False,нет свежего пробоя Donchian на последней закрытой свече,False,"{""score"": null, ""liquidity_score"": null, ""breakout_distance_atr"": null, ""freshness_score"": null}",ENTRY_CHECK,DOT-USDT-SWAP,no_fresh_breakout,нет свежего пробоя Donchian на последней закрытой свече,rejected,2026-03-19 14:53:42,
False,нет свежего пробоя Donchian на последней закрытой свече,False,"{""score"": null, ""liquidity_score"": null, ""breakout_distance_atr"": null, ""freshness_score"": null}",ENTRY_CHECK,ETH-USDT-SWAP,no_fresh_breakout,нет свежего пробоя Donchian на последней закрытой свече,rejected,2026-03-19 14:53:42,
False,нет свежего пробоя Donchian на последней закрытой свече,False,"{""score"": null, ""liquidity_score"": null, ""breakout_distance_atr"": null, ""freshness_score"": null}",ENTRY_CHECK,ETHW-USDT-SWAP,no_fresh_breakout,нет свежего пробоя Donchian на последней закрытой свече,rejected,2026-03-19 14:53:42,
False,нет свежего пробоя Donchian на последней закрытой свече,False,"{""score"": null, ""liquidity_score"": null, ""breakout_distance_atr"": null, ""freshness_score"": null}",ENTRY_CHECK,FIL-USDT-SWAP,no_fresh_breakout,нет свежего пробоя Donchian на последней закрытой свече,rejected,2026-03-19 14:53:43,
False,нет свежего пробоя Donchian на последней закрытой свече,False,"{""score"": null, ""liquidity_score"": null, ""breakout_distance_atr"": null, ""freshness_score"": null}",ENTRY_CHECK,FLOKI-USDT-SWAP,no_fresh_breakout,нет свежего пробоя Donchian на последней закрытой свече,rejected,2026-03-19 14:53:43,
False,нет свежего пробоя Donchian на последней закрытой свече,False,"{""score"": null, ""liquidity_score"": null, ""breakout_distance_atr"": null, ""freshness_score"": null}",ENTRY_CHECK,GMT-USDT-SWAP,no_fresh_breakout,нет свежего пробоя Donchian на последней закрытой свече,rejected,2026-03-19 14:53:44,
False,нет свежего пробоя Donchian на последней закрытой свече,False,"{""score"": null, ""liquidity_score"": null, ""breakout_distance_atr"": null, ""freshness_score"": null}",ENTRY_CHECK,HOME-USDT-SWAP,no_fresh_breakout,нет свежего пробоя Donchian на последней закрытой свече,rejected,2026-03-19 14:53:44,
False,нет свежего пробоя Donchian на последней закрытой свече,False,"{""score"": null, ""liquidity_score"": null, ""breakout_distance_atr"": null, ""freshness_score"": null}",ENTRY_CHECK,ICP-USDT-SWAP,no_fresh_breakout,нет свежего пробоя Donchian на последней закрытой свече,rejected,2026-03-19 14:53:44,
False,нет свежего пробоя Donchian на последней закрытой свече,False,"{""score"": null, ""liquidity_score"": null, ""breakout_distance_atr"": null, ""freshness_score"": null}",ENTRY_CHECK,INJ-USDT-SWAP,no_fresh_breakout,нет свежего пробоя Donchian на последней закрытой свече,rejected,2026-03-19 14:53:45,
False,нет свежего пробоя Donchian на последней закрытой свече,False,"{""score"": null, ""liquidity_score"": null, ""breakout_distance_atr"": null, ""freshness_score"": null}",ENTRY_CHECK,IOTA-USDT-SWAP,no_fresh_breakout,нет свежего пробоя Donchian на последней закрытой свече,rejected,2026-03-19 14:53:45,
False,нет свежего пробоя Donchian на последней закрытой свече,False,"{""score"": null, ""liquidity_score"": null, ""breakout_distance_atr"": null, ""freshness_score"": null}",ENTRY_CHECK,JUP-USDT-SWAP,no_fresh_breakout,нет свежего пробоя Donchian на последней закрытой свече,rejected,2026-03-19 14:53:46,
False,нет свежего пробоя Donchian на последней закрытой свече,False,"{""score"": null, ""liquidity_score"": null, ""breakout_distance_atr"": null, ""freshness_score"": null}",ENTRY_CHECK,KSM-USDT-SWAP,no_fresh_breakout,нет свежего пробоя Donchian на последней закрытой свече,rejected,2026-03-19 14:53:46,
False,нет свежего пробоя Donchian на последней закрытой свече,False,"{""score"": null, ""liquidity_score"": null, ""breakout_distance_atr"": null, ""freshness_score"": null}",ENTRY_CHECK,LDO-USDT-SWAP,no_fresh_breakout,нет свежего пробоя Donchian на последней закрытой свече,rejected,2026-03-19 14:53:46,
False,нет свежего пробоя Donchian на последней закрытой свече,False,"{""score"": null, ""liquidity_score"": null, ""breakout_distance_atr"": null, ""freshness_score"": null}",ENTRY_CHECK,LINK-USDT-SWAP,no_fresh_breakout,нет свежего пробоя Donchian на последней закрытой свече,rejected,2026-03-19 14:53:47,
False,нет свежего пробоя Donchian на последней закрытой свече,False,"{""score"": null, ""liquidity_score"": null, ""breakout_distance_atr"": null, ""freshness_score"": null}",ENTRY_CHECK,LIT-USDT-SWAP,no_fresh_breakout,нет свежего пробоя Donchian на последней закрытой свече,rejected,2026-03-19 14:53:47,
False,нет свежего пробоя Donchian на последней закрытой свече,False,"{""score"": null, ""liquidity_score"": null, ""breakout_distance_atr"": null, ""freshness_score"": null}",ENTRY_CHECK,LPT-USDT-SWAP,no_fresh_breakout,нет свежего пробоя Donchian на последней закрытой свече,rejected,2026-03-19 14:53:48,
False,нет свежего пробоя Donchian на последней закрытой свече,False,"{""score"": null, ""liquidity_score"": null, ""breakout_distance_atr"": null, ""freshness_score"": null}",ENTRY_CHECK,LTC-USDT-SWAP,no_fresh_breakout,нет свежего пробоя Donchian на последней закрытой свече,rejected,2026-03-19 14:53:48,
False,нет свежего пробоя Donchian на последней закрытой свече,False,"{""score"": null, ""liquidity_score"": null, ""breakout_distance_atr"": null, ""freshness_score"": null}",ENTRY_CHECK,MAGIC-USDT-SWAP,no_fresh_breakout,нет свежего пробоя Donchian на последней закрытой свече,rejected,2026-03-19 14:53:48,
False,ATR warmup: цена или ATR недоступны после прогрева,False,"{""score"": null, ""liquidity_score"": null, ""breakout_distance_atr"": null, ""freshness_score"": null}",ENTRY_CHECK,MET-USDT-SWAP,atr_warmup:_цена_или_atr_недоступны_после_прогрева,ATR warmup: цена или ATR недоступны после прогрева,rejected,2026-03-19 14:53:49,
False,закрытие не удержалось ниже канала,False,"{""score"": null, ""liquidity_score"": null, ""breakout_distance_atr"": null, ""freshness_score"": null}",ENTRY_CHECK,NEAR-USDT-SWAP,закрытие_не_удержалось_ниже_канала,закрытие не удержалось ниже канала,rejected,2026-03-19 14:53:50,
False,закрытие не удержалось ниже канала,False,"{""score"": null, ""liquidity_score"": null, ""breakout_distance_atr"": null, ""freshness_score"": null}",ENTRY_CHECK,NEAR-USDT-SWAP,закрытие_не_удержалось_ниже_канала,закрытие не удержалось ниже канала,rejected,2026-03-19 14:53:50,
False,нет свежего пробоя Donchian на последней закрытой свече,False,"{""score"": null, ""liquidity_score"": null, ""breakout_distance_atr"": null, ""freshness_score"": null}",ENTRY_CHECK,NOT-USDT-SWAP,no_fresh_breakout,нет свежего пробоя Donchian на последней закрытой свече,rejected,2026-03-19 14:53:50,
False,нет свежего пробоя Donchian на последней закрытой свече,False,"{""score"": null, ""liquidity_score"": null, ""breakout_distance_atr"": null, ""freshness_score"": null}",ENTRY_CHECK,OP-USDT-SWAP,no_fresh_breakout,нет свежего пробоя Donchian на последней закрытой свече,rejected,2026-03-19 14:53:50,
False,нет свежего пробоя Donchian на последней закрытой свече,False,"{""score"": null, ""liquidity_score"": null, ""breakout_distance_atr"": null, ""freshness_score"": null}",ENTRY_CHECK,RESOLV-USDT-SWAP,no_fresh_breakout,нет свежего пробоя Donchian на последней закрытой свече,rejected,2026-03-19 14:53:51,
False,нет свежего пробоя Donchian на последней закрытой свече,False,"{""score"": null, ""liquidity_score"": null, ""breakout_distance_atr"": null, ""freshness_score"": null}",ENTRY_CHECK,SKY-USDT-SWAP,no_fresh_breakout,нет свежего пробоя Donchian на последней закрытой свече,rejected,2026-03-19 14:53:51,
False,нет свежего пробоя Donchian на последней закрытой свече,False,"{""score"": null, ""liquidity_score"": null, ""breakout_distance_atr"": null, ""freshness_score"": null}",ENTRY_CHECK,1INCH-USDT-SWAP,no_fresh_breakout,нет свежего пробоя Donchian на последней закрытой свече,rejected,2026-03-19 14:54:15,
False,нет свежего пробоя Donchian на последней закрытой свече,False,"{""score"": null, ""liquidity_score"": null, ""breakout_distance_atr"": null, ""freshness_score"": null}",ENTRY_CHECK,2Z-USDT-SWAP,no_fresh_breakout,нет свежего пробоя Donchian на последней закрытой свече,rejected,2026-03-19 14:54:15,
False,нет свежего пробоя Donchian на последней закрытой свече,False,"{""score"": null, ""liquidity_score"": null, ""breakout_distance_atr"": null, ""freshness_score"": null}",ENTRY_CHECK,ACT-USDT-SWAP,no_fresh_breakout,нет свежего пробоя Donchian на последней закрытой свече,rejected,2026-03-19 14:54:15,
False,нет свежего пробоя Donchian на последней закрытой свече,False,"{""score"": null, ""liquidity_score"": null, ""breakout_distance_atr"": null, ""freshness_score"": null}",ENTRY_CHECK,AI16Z-USDT-SWAP,no_fresh_breakout,нет свежего пробоя Donchian на последней закрытой свече,rejected,2026-03-19 14:54:16,
False,нет свежего пробоя Donchian на последней закрытой свече,False,"{""score"": null, ""liquidity_score"": null, ""breakout_distance_atr"": null, ""freshness_score"": null}",ENTRY_CHECK,ARB-USDT-SWAP,no_fresh_breakout,нет свежего пробоя Donchian на последней закрытой свече,rejected,2026-03-19 14:54:16,
False,нет свежего пробоя Donchian на последней закрытой свече,False,"{""score"": null, ""liquidity_score"": null, ""breakout_distance_atr"": null, ""freshness_score"": null}",ENTRY_CHECK,ASTER-USDT-SWAP,no_fresh_breakout,нет свежего пробоя Donchian на последней закрытой свече,rejected,2026-03-19 14:54:17,
False,нет свежего пробоя Donchian на последней закрытой свече,False,"{""score"": null, ""liquidity_score"": null, ""breakout_distance_atr"": null, ""freshness_score"": null}",ENTRY_CHECK,AUCTION-USDT-SWAP,no_fresh_breakout,нет свежего пробоя Donchian на последней закрытой свече,rejected,2026-03-19 14:54:17,
False,нет свежего пробоя Donchian на последней закрытой свече,False,"{""score"": null, ""liquidity_score"": null, ""breakout_distance_atr"": null, ""freshness_score"": null}",ENTRY_CHECK,AXS-USDT-SWAP,no_fresh_breakout,нет свежего пробоя Donchian на последней закрытой свече,rejected,2026-03-19 14:54:17,
False,нет свежего пробоя Donchian на последней закрытой свече,False,"{""score"": null, ""liquidity_score"": null, ""breakout_distance_atr"": null, ""freshness_score"": null}",ENTRY_CHECK,BNB-USDT-SWAP,no_fresh_breakout,нет свежего пробоя Donchian на последней закрытой свече,rejected,2026-03-19 14:54:18,
False,нет свежего пробоя Donchian на последней закрытой свече,False,"{""score"": null, ""liquidity_score"": null, ""breakout_distance_atr"": null, ""freshness_score"": null}",ENTRY_CHECK,BOME-USDT-SWAP,no_fresh_breakout,нет свежего пробоя Donchian на последней закрытой свече,rejected,2026-03-19 14:54:18,
False,нет свежего пробоя Donchian на последней закрытой свече,False,"{""score"": null, ""liquidity_score"": null, ""breakout_distance_atr"": null, ""freshness_score"": null}",ENTRY_CHECK,BTC-USDT-SWAP,no_fresh_breakout,нет свежего пробоя Donchian на последней закрытой свече,rejected,2026-03-19 14:54:19,
False,нет свежего пробоя Donchian на последней закрытой свече,False,"{""score"": null, ""liquidity_score"": null, ""breakout_distance_atr"": null, ""freshness_score"": null}",ENTRY_CHECK,CFX-USDT-SWAP,no_fresh_breakout,нет свежего пробоя Donchian на последней закрытой свече,rejected,2026-03-19 14:54:19,
False,нет свежего пробоя Donchian на последней закрытой свече,False,"{""score"": null, ""liquidity_score"": null, ""breakout_distance_atr"": null, ""freshness_score"": null}",ENTRY_CHECK,CHZ-USDT-SWAP,no_fresh_breakout,нет свежего пробоя Donchian на последней закрытой свече,rejected,2026-03-19 14:54:19,
False,закрытие не удержалось ниже канала,False,"{""score"": null, ""liquidity_score"": null, ""breakout_distance_atr"": null, ""freshness_score"": null}",ENTRY_CHECK,COMP-USDT-SWAP,закрытие_не_удержалось_ниже_канала,закрытие не удержалось ниже канала,rejected,2026-03-19 14:54:19,
False,нет свежего пробоя Donchian на последней закрытой свече,False,"{""score"": null, ""liquidity_score"": null, ""breakout_distance_atr"": null, ""freshness_score"": null}",ENTRY_CHECK,CRV-USDT-SWAP,no_fresh_breakout,нет свежего пробоя Donchian на последней закрытой свече,rejected,2026-03-19 14:54:20,
False,нет свежего пробоя Donchian на последней закрытой свече,False,"{""score"": null, ""liquidity_score"": null, ""breakout_distance_atr"": null, ""freshness_score"": null}",ENTRY_CHECK,DOGE-USDT-SWAP,no_fresh_breakout,нет свежего пробоя Donchian на последней закрытой свече,rejected,2026-03-19 14:54:20,
False,нет свежего пробоя Donchian на последней закрытой свече,False,"{""score"": null, ""liquidity_score"": null, ""breakout_distance_atr"": null, ""freshness_score"": null}",ENTRY_CHECK,DOT-USDT-SWAP,no_fresh_breakout,нет свежего пробоя Donchian на последней закрытой свече,rejected,2026-03-19 14:54:21,
False,нет свежего пробоя Donchian на последней закрытой свече,False,"{""score"": null, ""liquidity_score"": null, ""breakout_distance_atr"": null, ""freshness_score"": null}",ENTRY_CHECK,ETH-USDT-SWAP,no_fresh_breakout,нет свежего пробоя Donchian на последней закрытой свече,rejected,2026-03-19 14:54:21,
False,нет свежего пробоя Donchian на последней закрытой свече,False,"{""score"": null, ""liquidity_score"": null, ""breakout_distance_atr"": null, ""freshness_score"": null}",ENTRY_CHECK,ETHW-USDT-SWAP,no_fresh_breakout,нет свежего пробоя Donchian на последней закрытой свече,rejected,2026-03-19 14:54:21,
False,нет свежего пробоя Donchian на последней закрытой свече,False,"{""score"": null, ""liquidity_score"": null, ""breakout_distance_atr"": null, ""freshness_score"": null}",ENTRY_CHECK,FIL-USDT-SWAP,no_fresh_breakout,нет свежего пробоя Donchian на последней закрытой свече,rejected,2026-03-19 14:54:22,
False,нет свежего пробоя Donchian на последней закрытой свече,False,"{""score"": null, ""liquidity_score"": null, ""breakout_distance_atr"": null, ""freshness_score"": null}",ENTRY_CHECK,FLOKI-USDT-SWAP,no_fresh_breakout,нет свежего пробоя Donchian на последней закрытой свече,rejected,2026-03-19 14:54:22,
False,нет свежего пробоя Donchian на последней закрытой свече,False,"{""score"": null, ""liquidity_score"": null, ""breakout_distance_atr"": null, ""freshness_score"": null}",ENTRY_CHECK,GMT-USDT-SWAP,no_fresh_breakout,нет свежего пробоя Donchian на последней закрытой свече,rejected,2026-03-19 14:54:23,
False,нет свежего пробоя Donchian на последней закрытой свече,False,"{""score"": null, ""liquidity_score"": null, ""breakout_distance_atr"": null, ""freshness_score"": null}",ENTRY_CHECK,HOME-USDT-SWAP,no_fresh_breakout,нет свежего пробоя Donchian на последней закрытой свече,rejected,2026-03-19 14:54:23,
False,нет свежего пробоя Donchian на последней закрытой свече,False,"{""score"": null, ""liquidity_score"": null, ""breakout_distance_atr"": null, ""freshness_score"": null}",ENTRY_CHECK,ICP-USDT-SWAP,no_fresh_breakout,нет свежего пробоя Donchian на последней закрытой свече,rejected,2026-03-19 14:54:23,
False,нет свежего пробоя Donchian на последней закрытой свече,False,"{""score"": null, ""liquidity_score"": null, ""breakout_distance_atr"": null, ""freshness_score"": null}",ENTRY_CHECK,INJ-USDT-SWAP,no_fresh_breakout,нет свежего пробоя Donchian на последней закрытой свече,rejected,2026-03-19 14:54:24,
False,нет свежего пробоя Donchian на последней закрытой свече,False,"{""score"": null, ""liquidity_score"": null, ""breakout_distance_atr"": null, ""freshness_score"": null}",ENTRY_CHECK,IOTA-USDT-SWAP,no_fresh_breakout,нет свежего пробоя Donchian на последней закрытой свече,rejected,2026-03-19 14:54:24,
False,нет свежего пробоя Donchian на последней закрытой свече,False,"{""score"": null, ""liquidity_score"": null, ""breakout_distance_atr"": null, ""freshness_score"": null}",ENTRY_CHECK,JUP-USDT-SWAP,no_fresh_breakout,нет свежего пробоя Donchian на последней закрытой свече,rejected,2026-03-19 14:54:25,
False,нет свежего пробоя Donchian на последней закрытой свече,False,"{""score"": null, ""liquidity_score"": null, ""breakout_distance_atr"": null, ""freshness_score"": null}",ENTRY_CHECK,KSM-USDT-SWAP,no_fresh_breakout,нет свежего пробоя Donchian на последней закрытой свече,rejected,2026-03-19 14:54:25,
False,нет свежего пробоя Donchian на последней закрытой свече,False,"{""score"": null, ""liquidity_score"": null, ""breakout_distance_atr"": null, ""freshness_score"": null}",ENTRY_CHECK,LDO-USDT-SWAP,no_fresh_breakout,нет свежего пробоя Donchian на последней закрытой свече,rejected,2026-03-19 14:54:26,
False,нет свежего пробоя Donchian на последней закрытой свече,False,"{""score"": null, ""liquidity_score"": null, ""breakout_distance_atr"": null, ""freshness_score"": null}",ENTRY_CHECK,LINK-USDT-SWAP,no_fresh_breakout,нет свежего пробоя Donchian на последней закрытой свече,rejected,2026-03-19 14:54:26,
False,нет свежего пробоя Donchian на последней закрытой свече,False,"{""score"": null, ""liquidity_score"": null, ""breakout_distance_atr"": null, ""freshness_score"": null}",ENTRY_CHECK,LIT-USDT-SWAP,no_fresh_breakout,нет свежего пробоя Donchian на последней закрытой свече,rejected,2026-03-19 14:54:26,
False,нет свежего пробоя Donchian на последней закрытой свече,False,"{""score"": null, ""liquidity_score"": null, ""breakout_distance_atr"": null, ""freshness_score"": null}",ENTRY_CHECK,LPT-USDT-SWAP,no_fresh_breakout,нет свежего пробоя Donchian на последней закрытой свече,rejected,2026-03-19 14:54:27,
False,нет свежего пробоя Donchian на последней закрытой свече,False,"{""score"": null, ""liquidity_score"": null, ""breakout_distance_atr"": null, ""freshness_score"": null}",ENTRY_CHECK,LTC-USDT-SWAP,no_fresh_breakout,нет свежего пробоя Donchian на последней закрытой свече,rejected,2026-03-19 14:54:27,
False,нет свежего пробоя Donchian на последней закрытой свече,False,"{""score"": null, ""liquidity_score"": null, ""breakout_distance_atr"": null, ""freshness_score"": null}",ENTRY_CHECK,MAGIC-USDT-SWAP,no_fresh_breakout,нет свежего пробоя Donchian на последней закрытой свече,rejected,2026-03-19 14:54:27,
False,ATR warmup: цена или ATR недоступны после прогрева,False,"{""score"": null, ""liquidity_score"": null, ""breakout_distance_atr"": null, ""freshness_score"": null}",ENTRY_CHECK,MET-USDT-SWAP,atr_warmup:_цена_или_atr_недоступны_после_прогрева,ATR warmup: цена или ATR недоступны после прогрева,rejected,2026-03-19 14:54:28,
False,закрытие не удержалось ниже канала,False,"{""score"": null, ""liquidity_score"": null, ""breakout_distance_atr"": null, ""freshness_score"": null}",ENTRY_CHECK,NEAR-USDT-SWAP,закрытие_не_удержалось_ниже_канала,закрытие не удержалось ниже канала,rejected,2026-03-19 14:54:29,
False,закрытие не удержалось ниже канала,False,"{""score"": null, ""liquidity_score"": null, ""breakout_distance_atr"": null, ""freshness_score"": null}",ENTRY_CHECK,NEAR-USDT-SWAP,закрытие_не_удержалось_ниже_канала,закрытие не удержалось ниже канала,rejected,2026-03-19 14:54:29,
False,нет свежего пробоя Donchian на последней закрытой свече,False,"{""score"": null, ""liquidity_score"": null, ""breakout_distance_atr"": null, ""freshness_score"": null}",ENTRY_CHECK,NOT-USDT-SWAP,no_fresh_breakout,нет свежего пробоя Donchian на последней закрытой свече,rejected,2026-03-19 14:54:29,
False,нет свежего пробоя Donchian на последней закрытой свече,False,"{""score"": null, ""liquidity_score"": null, ""breakout_distance_atr"": null, ""freshness_score"": null}",ENTRY_CHECK,OP-USDT-SWAP,no_fresh_breakout,нет свежего пробоя Donchian на последней закрытой свече,rejected,2026-03-19 14:54:29,
False,нет свежего пробоя Donchian на последней закрытой свече,False,"{""score"": null, ""liquidity_score"": null, ""breakout_distance_atr"": null, ""freshness_score"": null}",ENTRY_CHECK,RESOLV-USDT-SWAP,no_fresh_breakout,нет свежего пробоя Donchian на последней закрытой свече,rejected,2026-03-19 14:54:30,
False,нет свежего пробоя Donchian на последней закрытой свече,False,"{""score"": null, ""liquidity_score"": null, ""breakout_distance_atr"": null, ""freshness_score"": null}",ENTRY_CHECK,SKY-USDT-SWAP,no_fresh_breakout,нет свежего пробоя Donchian на последней закрытой свече,rejected,2026-03-19 14:54:30,
False,нет свежего пробоя Donchian на последней закрытой свече,False,"{""score"": null, ""liquidity_score"": null, ""breakout_distance_atr"": null, ""freshness_score"": null}",ENTRY_CHECK,1INCH-USDT-SWAP,no_fresh_breakout,нет свежего пробоя Donchian на последней закрытой свече,rejected,2026-03-19 14:54:53,
False,нет свежего пробоя Donchian на последней закрытой свече,False,"{""score"": null, ""liquidity_score"": null, ""breakout_distance_atr"": null, ""freshness_score"": null}",ENTRY_CHECK,2Z-USDT-SWAP,no_fresh_breakout,нет свежего пробоя Donchian на последней закрытой свече,rejected,2026-03-19 14:54:53,
False,нет свежего пробоя Donchian на последней закрытой свече,False,"{""score"": null, ""liquidity_score"": null, ""breakout_distance_atr"": null, ""freshness_score"": null}",ENTRY_CHECK,ACT-USDT-SWAP,no_fresh_breakout,нет свежего пробоя Donchian на последней закрытой свече,rejected,2026-03-19 14:54:54,
False,нет свежего пробоя Donchian на последней закрытой свече,False,"{""score"": null, ""liquidity_score"": null, ""breakout_distance_atr"": null, ""freshness_score"": null}",ENTRY_CHECK,AI16Z-USDT-SWAP,no_fresh_breakout,нет свежего пробоя Donchian на последней закрытой свече,rejected,2026-03-19 14:54:54,
False,нет свежего пробоя Donchian на последней закрытой свече,False,"{""score"": null, ""liquidity_score"": null, ""breakout_distance_atr"": null, ""freshness_score"": null}",ENTRY_CHECK,ARB-USDT-SWAP,no_fresh_breakout,нет свежего пробоя Donchian на последней закрытой свече,rejected,2026-03-19 14:54:55,
False,нет свежего пробоя Donchian на последней закрытой свече,False,"{""score"": null, ""liquidity_score"": null, ""breakout_distance_atr"": null, ""freshness_score"": null}",ENTRY_CHECK,ASTER-USDT-SWAP,no_fresh_breakout,нет свежего пробоя Donchian на последней закрытой свече,rejected,2026-03-19 14:54:55,
False,нет свежего пробоя Donchian на последней закрытой свече,False,"{""score"": null, ""liquidity_score"": null, ""breakout_distance_atr"": null, ""freshness_score"": null}",ENTRY_CHECK,AUCTION-USDT-SWAP,no_fresh_breakout,нет свежего пробоя Donchian на последней закрытой свече,rejected,2026-03-19 14:54:55,
False,нет свежего пробоя Donchian на последней закрытой свече,False,"{""score"": null, ""liquidity_score"": null, ""breakout_distance_atr"": null, ""freshness_score"": null}",ENTRY_CHECK,AXS-USDT-SWAP,no_fresh_breakout,нет свежего пробоя Donchian на последней закрытой свече,rejected,2026-03-19 14:54:56,
False,нет свежего пробоя Donchian на последней закрытой свече,False,"{""score"": null, ""liquidity_score"": null, ""breakout_distance_atr"": null, ""freshness_score"": null}",ENTRY_CHECK,BNB-USDT-SWAP,no_fresh_breakout,нет свежего пробоя Donchian на последней закрытой свече,rejected,2026-03-19 14:54:56,
False,нет свежего пробоя Donchian на последней закрытой свече,False,"{""score"": null, ""liquidity_score"": null, ""breakout_distance_atr"": null, ""freshness_score"": null}",ENTRY_CHECK,BOME-USDT-SWAP,no_fresh_breakout,нет свежего пробоя Donchian на последней закрытой свече,rejected,2026-03-19 14:54:57,
False,нет свежего пробоя Donchian на последней закрытой свече,False,"{""score"": null, ""liquidity_score"": null, ""breakout_distance_atr"": null, ""freshness_score"": null}",ENTRY_CHECK,BTC-USDT-SWAP,no_fresh_breakout,нет свежего пробоя Donchian на последней закрытой свече,rejected,2026-03-19 14:54:57,
False,нет свежего пробоя Donchian на последней закрытой свече,False,"{""score"": null, ""liquidity_score"": null, ""breakout_distance_atr"": null, ""freshness_score"": null}",ENTRY_CHECK,CFX-USDT-SWAP,no_fresh_breakout,нет свежего пробоя Donchian на последней закрытой свече,rejected,2026-03-19 14:54:57,
False,нет свежего пробоя Donchian на последней закрытой свече,False,"{""score"": null, ""liquidity_score"": null, ""breakout_distance_atr"": null, ""freshness_score"": null}",ENTRY_CHECK,CHZ-USDT-SWAP,no_fresh_breakout,нет свежего пробоя Donchian на последней закрытой свече,rejected,2026-03-19 14:54:58,
False,закрытие не удержалось ниже канала,False,"{""score"": null, ""liquidity_score"": null, ""breakout_distance_atr"": null, ""freshness_score"": null}",ENTRY_CHECK,COMP-USDT-SWAP,закрытие_не_удержалось_ниже_канала,закрытие не удержалось ниже канала,rejected,2026-03-19 14:54:59,
False,нет свежего пробоя Donchian на последней закрытой свече,False,"{""score"": null, ""liquidity_score"": null, ""breakout_distance_atr"": null, ""freshness_score"": null}",ENTRY_CHECK,CRV-USDT-SWAP,no_fresh_breakout,нет свежего пробоя Donchian на последней закрытой свече,rejected,2026-03-19 14:54:59,
False,нет свежего пробоя Donchian на последней закрытой свече,False,"{""score"": null, ""liquidity_score"": null, ""breakout_distance_atr"": null, ""freshness_score"": null}",ENTRY_CHECK,DOGE-USDT-SWAP,no_fresh_breakout,нет свежего пробоя Donchian на последней закрытой свече,rejected,2026-03-19 14:54:59,
False,нет свежего пробоя Donchian на последней закрытой свече,False,"{""score"": null, ""liquidity_score"": null, ""breakout_distance_atr"": null, ""freshness_score"": null}",ENTRY_CHECK,DOT-USDT-SWAP,no_fresh_breakout,нет свежего пробоя Donchian на последней закрытой свече,rejected,2026-03-19 14:55:00,
False,нет свежего пробоя Donchian на последней закрытой свече,False,"{""score"": null, ""liquidity_score"": null, ""breakout_distance_atr"": null, ""freshness_score"": null}",ENTRY_CHECK,ETH-USDT-SWAP,no_fresh_breakout,нет свежего пробоя Donchian на последней закрытой свече,rejected,2026-03-19 14:55:00,
False,нет свежего пробоя Donchian на последней закрытой свече,False,"{""score"": null, ""liquidity_score"": null, ""breakout_distance_atr"": null, ""freshness_score"": null}",ENTRY_CHECK,ETHW-USDT-SWAP,no_fresh_breakout,нет свежего пробоя Donchian на последней закрытой свече,rejected,2026-03-19 14:55:01,
False,нет свежего пробоя Donchian на последней закрытой свече,False,"{""score"": null, ""liquidity_score"": null, ""breakout_distance_atr"": null, ""freshness_score"": null}",ENTRY_CHECK,FIL-USDT-SWAP,no_fresh_breakout,нет свежего пробоя Donchian на последней закрытой свече,rejected,2026-03-19 14:55:01,
False,нет свежего пробоя Donchian на последней закрытой свече,False,"{""score"": null, ""liquidity_score"": null, ""breakout_distance_atr"": null, ""freshness_score"": null}",ENTRY_CHECK,FLOKI-USDT-SWAP,no_fresh_breakout,нет свежего пробоя Donchian на последней закрытой свече,rejected,2026-03-19 14:55:01,
False,нет свежего пробоя Donchian на последней закрытой свече,False,"{""score"": null, ""liquidity_score"": null, ""breakout_distance_atr"": null, ""freshness_score"": null}",ENTRY_CHECK,GMT-USDT-SWAP,no_fresh_breakout,нет свежего пробоя Donchian на последней закрытой свече,rejected,2026-03-19 14:55:02,
False,нет свежего пробоя Donchian на последней закрытой свече,False,"{""score"": null, ""liquidity_score"": null, ""breakout_distance_atr"": null, ""freshness_score"": null}",ENTRY_CHECK,HOME-USDT-SWAP,no_fresh_breakout,нет свежего пробоя Donchian на последней закрытой свече,rejected,2026-03-19 14:55:02,
False,нет свежего пробоя Donchian на последней закрытой свече,False,"{""score"": null, ""liquidity_score"": null, ""breakout_distance_atr"": null, ""freshness_score"": null}",ENTRY_CHECK,ICP-USDT-SWAP,no_fresh_breakout,нет свежего пробоя Donchian на последней закрытой свече,rejected,2026-03-19 14:55:03,
False,нет свежего пробоя Donchian на последней закрытой свече,False,"{""score"": null, ""liquidity_score"": null, ""breakout_distance_atr"": null, ""freshness_score"": null}",ENTRY_CHECK,INJ-USDT-SWAP,no_fresh_breakout,нет свежего пробоя Donchian на последней закрытой свече,rejected,2026-03-19 14:55:03,
False,нет свежего пробоя Donchian на последней закрытой свече,False,"{""score"": null, ""liquidity_score"": null, ""breakout_distance_atr"": null, ""freshness_score"": null}",ENTRY_CHECK,IOTA-USDT-SWAP,no_fresh_breakout,нет свежего пробоя Donchian на последней закрытой свече,rejected,2026-03-19 14:55:03,
False,нет свежего пробоя Donchian на последней закрытой свече,False,"{""score"": null, ""liquidity_score"": null, ""breakout_distance_atr"": null, ""freshness_score"": null}",ENTRY_CHECK,JUP-USDT-SWAP,no_fresh_breakout,нет свежего пробоя Donchian на последней закрытой свече,rejected,2026-03-19 14:55:04,
False,нет свежего пробоя Donchian на последней закрытой свече,False,"{""score"": null, ""liquidity_score"": null, ""breakout_distance_atr"": null, ""freshness_score"": null}",ENTRY_CHECK,KSM-USDT-SWAP,no_fresh_breakout,нет свежего пробоя Donchian на последней закрытой свече,rejected,2026-03-19 14:55:04,
False,нет свежего пробоя Donchian на последней закрытой свече,False,"{""score"": null, ""liquidity_score"": null, ""breakout_distance_atr"": null, ""freshness_score"": null}",ENTRY_CHECK,LDO-USDT-SWAP,no_fresh_breakout,нет свежего пробоя Donchian на последней закрытой свече,rejected,2026-03-19 14:55:05,
False,нет свежего пробоя Donchian на последней закрытой свече,False,"{""score"": null, ""liquidity_score"": null, ""breakout_distance_atr"": null, ""freshness_score"": null}",ENTRY_CHECK,LINK-USDT-SWAP,no_fresh_breakout,нет свежего пробоя Donchian на последней закрытой свече,rejected,2026-03-19 14:55:05,
False,нет свежего пробоя Donchian на последней закрытой свече,False,"{""score"": null, ""liquidity_score"": null, ""breakout_distance_atr"": null, ""freshness_score"": null}",ENTRY_CHECK,LIT-USDT-SWAP,no_fresh_breakout,нет свежего пробоя Donchian на последней закрытой свече,rejected,2026-03-19 14:55:05,
False,нет свежего пробоя Donchian на последней закрытой свече,False,"{""score"": null, ""liquidity_score"": null, ""breakout_distance_atr"": null, ""freshness_score"": null}",ENTRY_CHECK,LPT-USDT-SWAP,no_fresh_breakout,нет свежего пробоя Donchian на последней закрытой свече,rejected,2026-03-19 14:55:06,
False,нет свежего пробоя Donchian на последней закрытой свече,False,"{""score"": null, ""liquidity_score"": null, ""breakout_distance_atr"": null, ""freshness_score"": null}",ENTRY_CHECK,LTC-USDT-SWAP,no_fresh_breakout,нет свежего пробоя Donchian на последней закрытой свече,rejected,2026-03-19 14:55:06,
False,нет свежего пробоя Donchian на последней закрытой свече,False,"{""score"": null, ""liquidity_score"": null, ""breakout_distance_atr"": null, ""freshness_score"": null}",ENTRY_CHECK,MAGIC-USDT-SWAP,no_fresh_breakout,нет свежего пробоя Donchian на последней закрытой свече,rejected,2026-03-19 14:55:07,
False,ATR warmup: цена или ATR недоступны после прогрева,False,"{""score"": null, ""liquidity_score"": null, ""breakout_distance_atr"": null, ""freshness_score"": null}",ENTRY_CHECK,MET-USDT-SWAP,atr_warmup:_цена_или_atr_недоступны_после_прогрева,ATR warmup: цена или ATR недоступны после прогрева,rejected,2026-03-19 14:55:07,
False,нет свежего пробоя Donchian на последней закрытой свече,False,"{""score"": null, ""liquidity_score"": null, ""breakout_distance_atr"": null, ""freshness_score"": null}",ENTRY_CHECK,NEAR-USDT-SWAP,no_fresh_breakout,нет свежего пробоя Donchian на последней закрытой свече,rejected,2026-03-19 14:55:07,
False,нет свежего пробоя Donchian на последней закрытой свече,False,"{""score"": null, ""liquidity_score"": null, ""breakout_distance_atr"": null, ""freshness_score"": null}",ENTRY_CHECK,NOT-USDT-SWAP,no_fresh_breakout,нет свежего пробоя Donchian на последней закрытой свече,rejected,2026-03-19 14:55:08,
False,нет свежего пробоя Donchian на последней закрытой свече,False,"{""score"": null, ""liquidity_score"": null, ""breakout_distance_atr"": null, ""freshness_score"": null}",ENTRY_CHECK,OP-USDT-SWAP,no_fresh_breakout,нет свежего пробоя Donchian на последней закрытой свече,rejected,2026-03-19 14:55:08,
False,нет свежего пробоя Donchian на последней закрытой свече,False,"{""score"": null, ""liquidity_score"": null, ""breakout_distance_atr"": null, ""freshness_score"": null}",ENTRY_CHECK,RESOLV-USDT-SWAP,no_fresh_breakout,нет свежего пробоя Donchian на последней закрытой свече,rejected,2026-03-19 14:55:09,
False,нет свежего пробоя Donchian на последней закрытой свече,False,"{""score"": null, ""liquidity_score"": null, ""breakout_distance_atr"": null, ""freshness_score"": null}",ENTRY_CHECK,SKY-USDT-SWAP,no_fresh_breakout,нет свежего пробоя Donchian на последней закрытой свече,rejected,2026-03-19 14:55:09,
False,нет свежего пробоя Donchian на последней закрытой свече,False,"{""score"": null, ""liquidity_score"": null, ""breakout_distance_atr"": null, ""freshness_score"": null}",ENTRY_CHECK,SYRUP-USDT-SWAP,no_fresh_breakout,нет свежего пробоя Donchian на последней закрытой свече,rejected,2026-03-19 14:55:09,
True,ATR stop update,True,"{""price"": 455.8, ""prev_stop_price"": 456.65, ""stop_price"": 456.5, ""peak_unrealized_pnl"": 0.0}",STOP_MOVE_CHECK,BCH-USDT-SWAP,unknown,ATR stop update,TRAIL_UPDATE,2026-03-19 14:55:13,20260319_144457_BCH-USDT-SWAP_short
False,нет свежего пробоя Donchian на последней закрытой свече,False,"{""score"": null, ""liquidity_score"": null, ""breakout_distance_atr"": null, ""freshness_score"": null}",ENTRY_CHECK,1INCH-USDT-SWAP,no_fresh_breakout,нет свежего пробоя Donchian на последней закрытой свече,rejected,2026-03-19 14:55:33,
False,нет свежего пробоя Donchian на последней закрытой свече,False,"{""score"": null, ""liquidity_score"": null, ""breakout_distance_atr"": null, ""freshness_score"": null}",ENTRY_CHECK,2Z-USDT-SWAP,no_fresh_breakout,нет свежего пробоя Donchian на последней закрытой свече,rejected,2026-03-19 14:55:33,
False,нет свежего пробоя Donchian на последней закрытой свече,False,"{""score"": null, ""liquidity_score"": null, ""breakout_distance_atr"": null, ""freshness_score"": null}",ENTRY_CHECK,ACT-USDT-SWAP,no_fresh_breakout,нет свежего пробоя Donchian на последней закрытой свече,rejected,2026-03-19 14:55:33,
False,нет свежего пробоя Donchian на последней закрытой свече,False,"{""score"": null, ""liquidity_score"": null, ""breakout_distance_atr"": null, ""freshness_score"": null}",ENTRY_CHECK,AI16Z-USDT-SWAP,no_fresh_breakout,нет свежего пробоя Donchian на последней закрытой свече,rejected,2026-03-19 14:55:34,
False,нет свежего пробоя Donchian на последней закрытой свече,False,"{""score"": null, ""liquidity_score"": null, ""breakout_distance_atr"": null, ""freshness_score"": null}",ENTRY_CHECK,ARB-USDT-SWAP,no_fresh_breakout,нет свежего пробоя Donchian на последней закрытой свече,rejected,2026-03-19 14:55:34,
False,нет свежего пробоя Donchian на последней закрытой свече,False,"{""score"": null, ""liquidity_score"": null, ""breakout_distance_atr"": null, ""freshness_score"": null}",ENTRY_CHECK,ASTER-USDT-SWAP,no_fresh_breakout,нет свежего пробоя Donchian на последней закрытой свече,rejected,2026-03-19 14:55:35,
False,закрытие не удержалось выше канала,False,"{""score"": null, ""liquidity_score"": null, ""breakout_distance_atr"": null, ""freshness_score"": null}",ENTRY_CHECK,AUCTION-USDT-SWAP,закрытие_не_удержалось_выше_канала,закрытие не удержалось выше канала,rejected,2026-03-19 14:55:35,
False,закрытие не удержалось ниже канала,False,"{""score"": null, ""liquidity_score"": null, ""breakout_distance_atr"": null, ""freshness_score"": null}",ENTRY_CHECK,AXS-USDT-SWAP,закрытие_не_удержалось_ниже_канала,закрытие не удержалось ниже канала,rejected,2026-03-19 14:55:35,
False,закрытие не удержалось ниже канала,False,"{""score"": null, ""liquidity_score"": null, ""breakout_distance_atr"": null, ""freshness_score"": null}",ENTRY_CHECK,AXS-USDT-SWAP,закрытие_не_удержалось_ниже_канала,закрытие не удержалось ниже канала,rejected,2026-03-19 14:55:35,
False,нет свежего пробоя Donchian на последней закрытой свече,False,"{""score"": null, ""liquidity_score"": null, ""breakout_distance_atr"": null, ""freshness_score"": null}",ENTRY_CHECK,BNB-USDT-SWAP,no_fresh_breakout,нет свежего пробоя Donchian на последней закрытой свече,rejected,2026-03-19 14:55:35,
False,закрытие не удержалось ниже канала,False,"{""score"": null, ""liquidity_score"": null, ""breakout_distance_atr"": null, ""freshness_score"": null}",ENTRY_CHECK,BOME-USDT-SWAP,закрытие_не_удержалось_ниже_канала,закрытие не удержалось ниже канала,rejected,2026-03-19 14:55:36,
False,momentum chase blocked after 4 same-side candles,False,"{""score"": null, ""liquidity_score"": null, ""breakout_distance_atr"": 0.0972, ""freshness_score"": null}",ENTRY_CHECK,BTC-USDT-SWAP,blacklist,momentum chase blocked after 4 same-side candles,rejected,2026-03-19 14:55:37,
False,нет свежего пробоя Donchian на последней закрытой свече,False,"{""score"": null, ""liquidity_score"": null, ""breakout_distance_atr"": null, ""freshness_score"": null}",ENTRY_CHECK,CFX-USDT-SWAP,no_fresh_breakout,нет свежего пробоя Donchian на последней закрытой свече,rejected,2026-03-19 14:55:37,
False,нет свежего пробоя Donchian на последней закрытой свече,False,"{""score"": null, ""liquidity_score"": null, ""breakout_distance_atr"": null, ""freshness_score"": null}",ENTRY_CHECK,CHZ-USDT-SWAP,no_fresh_breakout,нет свежего пробоя Donchian на последней закрытой свече,rejected,2026-03-19 14:55:38,
False,нет свежего пробоя Donchian на последней закрытой свече,False,"{""score"": null, ""liquidity_score"": null, ""breakout_distance_atr"": null, ""freshness_score"": null}",ENTRY_CHECK,COMP-USDT-SWAP,no_fresh_breakout,нет свежего пробоя Donchian на последней закрытой свече,rejected,2026-03-19 14:55:38,
False,нет свежего пробоя Donchian на последней закрытой свече,False,"{""score"": null, ""liquidity_score"": null, ""breakout_distance_atr"": null, ""freshness_score"": null}",ENTRY_CHECK,CRV-USDT-SWAP,no_fresh_breakout,нет свежего пробоя Donchian на последней закрытой свече,rejected,2026-03-19 14:55:39,
False,нет свежего пробоя Donchian на последней закрытой свече,False,"{""score"": null, ""liquidity_score"": null, ""breakout_distance_atr"": null, ""freshness_score"": null}",ENTRY_CHECK,DOGE-USDT-SWAP,no_fresh_breakout,нет свежего пробоя Donchian на последней закрытой свече,rejected,2026-03-19 14:55:39,
False,нет свежего пробоя Donchian на последней закрытой свече,False,"{""score"": null, ""liquidity_score"": null, ""breakout_distance_atr"": null, ""freshness_score"": null}",ENTRY_CHECK,DOT-USDT-SWAP,no_fresh_breakout,нет свежего пробоя Donchian на последней закрытой свече,rejected,2026-03-19 14:55:39,
False,нет свежего пробоя Donchian на последней закрытой свече,False,"{""score"": null, ""liquidity_score"": null, ""breakout_distance_atr"": null, ""freshness_score"": null}",ENTRY_CHECK,ETH-USDT-SWAP,no_fresh_breakout,нет свежего пробоя Donchian на последней закрытой свече,rejected,2026-03-19 14:55:40,
False,нет свежего пробоя Donchian на последней закрытой свече,False,"{""score"": null, ""liquidity_score"": null, ""breakout_distance_atr"": null, ""freshness_score"": null}",ENTRY_CHECK,ETHW-USDT-SWAP,no_fresh_breakout,нет свежего пробоя Donchian на последней закрытой свече,rejected,2026-03-19 14:55:40,
False,нет свежего пробоя Donchian на последней закрытой свече,False,"{""score"": null, ""liquidity_score"": null, ""breakout_distance_atr"": null, ""freshness_score"": null}",ENTRY_CHECK,FIL-USDT-SWAP,no_fresh_breakout,нет свежего пробоя Donchian на последней закрытой свече,rejected,2026-03-19 14:55:41,
False,нет свежего пробоя Donchian на последней закрытой свече,False,"{""score"": null, ""liquidity_score"": null, ""breakout_distance_atr"": null, ""freshness_score"": null}",ENTRY_CHECK,FLOKI-USDT-SWAP,no_fresh_breakout,нет свежего пробоя Donchian на последней закрытой свече,rejected,2026-03-19 14:55:41,
False,нет свежего пробоя Donchian на последней закрытой свече,False,"{""score"": null, ""liquidity_score"": null, ""breakout_distance_atr"": null, ""freshness_score"": null}",ENTRY_CHECK,GMT-USDT-SWAP,no_fresh_breakout,нет свежего пробоя Donchian на последней закрытой свече,rejected,2026-03-19 14:55:41,
False,нет свежего пробоя Donchian на последней закрытой свече,False,"{""score"": null, ""liquidity_score"": null, ""breakout_distance_atr"": null, ""freshness_score"": null}",ENTRY_CHECK,HOME-USDT-SWAP,no_fresh_breakout,нет свежего пробоя Donchian на последней закрытой свече,rejected,2026-03-19 14:55:42,
False,нет свежего пробоя Donchian на последней закрытой свече,False,"{""score"": null, ""liquidity_score"": null, ""breakout_distance_atr"": null, ""freshness_score"": null}",ENTRY_CHECK,ICP-USDT-SWAP,no_fresh_breakout,нет свежего пробоя Donchian на последней закрытой свече,rejected,2026-03-19 14:55:42,
False,нет свежего пробоя Donchian на последней закрытой свече,False,"{""score"": null, ""liquidity_score"": null, ""breakout_distance_atr"": null, ""freshness_score"": null}",ENTRY_CHECK,INJ-USDT-SWAP,no_fresh_breakout,нет свежего пробоя Donchian на последней закрытой свече,rejected,2026-03-19 14:55:43,
False,нет свежего пробоя Donchian на последней закрытой свече,False,"{""score"": null, ""liquidity_score"": null, ""breakout_distance_atr"": null, ""freshness_score"": null}",ENTRY_CHECK,IOTA-USDT-SWAP,no_fresh_breakout,нет свежего пробоя Donchian на последней закрытой свече,rejected,2026-03-19 14:55:43,
False,нет свежего пробоя Donchian на последней закрытой свече,False,"{""score"": null, ""liquidity_score"": null, ""breakout_distance_atr"": null, ""freshness_score"": null}",ENTRY_CHECK,JUP-USDT-SWAP,no_fresh_breakout,нет свежего пробоя Donchian на последней закрытой свече,rejected,2026-03-19 14:55:43,
False,нет свежего пробоя Donchian на последней закрытой свече,False,"{""score"": null, ""liquidity_score"": null, ""breakout_distance_atr"": null, ""freshness_score"": null}",ENTRY_CHECK,KSM-USDT-SWAP,no_fresh_breakout,нет свежего пробоя Donchian на последней закрытой свече,rejected,2026-03-19 14:55:44,
False,нет свежего пробоя Donchian на последней закрытой свече,False,"{""score"": null, ""liquidity_score"": null, ""breakout_distance_atr"": null, ""freshness_score"": null}",ENTRY_CHECK,LDO-USDT-SWAP,no_fresh_breakout,нет свежего пробоя Donchian на последней закрытой свече,rejected,2026-03-19 14:55:44,
False,нет свежего пробоя Donchian на последней закрытой свече,False,"{""score"": null, ""liquidity_score"": null, ""breakout_distance_atr"": null, ""freshness_score"": null}",ENTRY_CHECK,LINK-USDT-SWAP,no_fresh_breakout,нет свежего пробоя Donchian на последней закрытой свече,rejected,2026-03-19 14:55:45,
False,нет свежего пробоя Donchian на последней закрытой свече,False,"{""score"": null, ""liquidity_score"": null, ""breakout_distance_atr"": null, ""freshness_score"": null}",ENTRY_CHECK,LIT-USDT-SWAP,no_fresh_breakout,нет свежего пробоя Donchian на последней закрытой свече,rejected,2026-03-19 14:55:45,
False,нет свежего пробоя Donchian на последней закрытой свече,False,"{""score"": null, ""liquidity_score"": null, ""breakout_distance_atr"": null, ""freshness_score"": null}",ENTRY_CHECK,LPT-USDT-SWAP,no_fresh_breakout,нет свежего пробоя Donchian на последней закрытой свече,rejected,2026-03-19 14:55:45,
False,нет свежего пробоя Donchian на последней закрытой свече,False,"{""score"": null, ""liquidity_score"": null, ""breakout_distance_atr"": null, ""freshness_score"": null}",ENTRY_CHECK,LTC-USDT-SWAP,no_fresh_breakout,нет свежего пробоя Donchian на последней закрытой свече,rejected,2026-03-19 14:55:46,
False,нет свежего пробоя Donchian на последней закрытой свече,False,"{""score"": null, ""liquidity_score"": null, ""breakout_distance_atr"": null, ""freshness_score"": null}",ENTRY_CHECK,MAGIC-USDT-SWAP,no_fresh_breakout,нет свежего пробоя Donchian на последней закрытой свече,rejected,2026-03-19 14:55:46,
False,ATR warmup: цена или ATR недоступны после прогрева,False,"{""score"": null, ""liquidity_score"": null, ""breakout_distance_atr"": null, ""freshness_score"": null}",ENTRY_CHECK,MET-USDT-SWAP,atr_warmup:_цена_или_atr_недоступны_после_прогрева,ATR warmup: цена или ATR недоступны после прогрева,rejected,2026-03-19 14:55:47,
False,нет свежего пробоя Donchian на последней закрытой свече,False,"{""score"": null, ""liquidity_score"": null, ""breakout_distance_atr"": null, ""freshness_score"": null}",ENTRY_CHECK,NEAR-USDT-SWAP,no_fresh_breakout,нет свежего пробоя Donchian на последней закрытой свече,rejected,2026-03-19 14:55:47,
False,нет свежего пробоя Donchian на последней закрытой свече,False,"{""score"": null, ""liquidity_score"": null, ""breakout_distance_atr"": null, ""freshness_score"": null}",ENTRY_CHECK,NOT-USDT-SWAP,no_fresh_breakout,нет свежего пробоя Donchian на последней закрытой свече,rejected,2026-03-19 14:55:47,
False,нет свежего пробоя Donchian на последней закрытой свече,False,"{""score"": null, ""liquidity_score"": null, ""breakout_distance_atr"": null, ""freshness_score"": null}",ENTRY_CHECK,OP-USDT-SWAP,no_fresh_breakout,нет свежего пробоя Donchian на последней закрытой свече,rejected,2026-03-19 14:55:48,
False,нет свежего пробоя Donchian на последней закрытой свече,False,"{""score"": null, ""liquidity_score"": null, ""breakout_distance_atr"": null, ""freshness_score"": null}",ENTRY_CHECK,RESOLV-USDT-SWAP,no_fresh_breakout,нет свежего пробоя Donchian на последней закрытой свече,rejected,2026-03-19 14:55:48,
False,нет свежего пробоя Donchian на последней закрытой свече,False,"{""score"": null, ""liquidity_score"": null, ""breakout_distance_atr"": null, ""freshness_score"": null}",ENTRY_CHECK,SKY-USDT-SWAP,no_fresh_breakout,нет свежего пробоя Donchian на последней закрытой свече,rejected,2026-03-19 14:55:49,
False,нет свежего пробоя Donchian на последней закрытой свече,False,"{""score"": null, ""liquidity_score"": null, ""breakout_distance_atr"": null, ""freshness_score"": null}",ENTRY_CHECK,SYRUP-USDT-SWAP,no_fresh_breakout,нет свежего пробоя Donchian на последней закрытой свече,rejected,2026-03-19 14:55:49,
False,нет свежего пробоя Donchian на последней закрытой свече,False,"{""score"": null, ""liquidity_score"": null, ""breakout_distance_atr"": null, ""freshness_score"": null}",ENTRY_CHECK,TON-USDT-SWAP,no_fresh_breakout,нет свежего пробоя Donchian на последней закрытой свече,rejected,2026-03-19 14:55:49,
False,нет свежего пробоя Donchian на последней закрытой свече,False,"{""score"": null, ""liquidity_score"": null, ""breakout_distance_atr"": null, ""freshness_score"": null}",ENTRY_CHECK,1INCH-USDT-SWAP,no_fresh_breakout,нет свежего пробоя Donchian на последней закрытой свече,rejected,2026-03-19 14:56:12,
False,нет свежего пробоя Donchian на последней закрытой свече,False,"{""score"": null, ""liquidity_score"": null, ""breakout_distance_atr"": null, ""freshness_score"": null}",ENTRY_CHECK,2Z-USDT-SWAP,no_fresh_breakout,нет свежего пробоя Donchian на последней закрытой свече,rejected,2026-03-19 14:56:13,
False,нет свежего пробоя Donchian на последней закрытой свече,False,"{""score"": null, ""liquidity_score"": null, ""breakout_distance_atr"": null, ""freshness_score"": null}",ENTRY_CHECK,ACT-USDT-SWAP,no_fresh_breakout,нет свежего пробоя Donchian на последней закрытой свече,rejected,2026-03-19 14:56:13,
False,нет свежего пробоя Donchian на последней закрытой свече,False,"{""score"": null, ""liquidity_score"": null, ""breakout_distance_atr"": null, ""freshness_score"": null}",ENTRY_CHECK,AI16Z-USDT-SWAP,no_fresh_breakout,нет свежего пробоя Donchian на последней закрытой свече,rejected,2026-03-19 14:56:13,
False,нет свежего пробоя Donchian на последней закрытой свече,False,"{""score"": null, ""liquidity_score"": null, ""breakout_distance_atr"": null, ""freshness_score"": null}",ENTRY_CHECK,ARB-USDT-SWAP,no_fresh_breakout,нет свежего пробоя Donchian на последней закрытой свече,rejected,2026-03-19 14:56:14,
False,нет свежего пробоя Donchian на последней закрытой свече,False,"{""score"": null, ""liquidity_score"": null, ""breakout_distance_atr"": null, ""freshness_score"": null}",ENTRY_CHECK,ASTER-USDT-SWAP,no_fresh_breakout,нет свежего пробоя Donchian на последней закрытой свече,rejected,2026-03-19 14:56:14,
False,закрытие не удержалось выше канала,False,"{""score"": null, ""liquidity_score"": null, ""breakout_distance_atr"": null, ""freshness_score"": null}",ENTRY_CHECK,AUCTION-USDT-SWAP,закрытие_не_удержалось_выше_канала,закрытие не удержалось выше канала,rejected,2026-03-19 14:56:15,
False,закрытие не удержалось ниже канала,False,"{""score"": null, ""liquidity_score"": null, ""breakout_distance_atr"": null, ""freshness_score"": null}",ENTRY_CHECK,AXS-USDT-SWAP,закрытие_не_удержалось_ниже_канала,закрытие не удержалось ниже канала,rejected,2026-03-19 14:56:16,
False,закрытие не удержалось ниже канала,False,"{""score"": null, ""liquidity_score"": null, ""breakout_distance_atr"": null, ""freshness_score"": null}",ENTRY_CHECK,AXS-USDT-SWAP,закрытие_не_удержалось_ниже_канала,закрытие не удержалось ниже канала,rejected,2026-03-19 14:56:16,
False,нет свежего пробоя Donchian на последней закрытой свече,False,"{""score"": null, ""liquidity_score"": null, ""breakout_distance_atr"": null, ""freshness_score"": null}",ENTRY_CHECK,BNB-USDT-SWAP,no_fresh_breakout,нет свежего пробоя Donchian на последней закрытой свече,rejected,2026-03-19 14:56:16,
False,закрытие не удержалось ниже канала,False,"{""score"": null, ""liquidity_score"": null, ""breakout_distance_atr"": null, ""freshness_score"": null}",ENTRY_CHECK,BOME-USDT-SWAP,закрытие_не_удержалось_ниже_канала,закрытие не удержалось ниже канала,rejected,2026-03-19 14:56:17,
False,momentum chase blocked after 4 same-side candles,False,"{""score"": null, ""liquidity_score"": null, ""breakout_distance_atr"": 0.0972, ""freshness_score"": null}",ENTRY_CHECK,BTC-USDT-SWAP,blacklist,momentum chase blocked after 4 same-side candles,rejected,2026-03-19 14:56:18,
False,нет свежего пробоя Donchian на последней закрытой свече,False,"{""score"": null, ""liquidity_score"": null, ""breakout_distance_atr"": null, ""freshness_score"": null}",ENTRY_CHECK,CFX-USDT-SWAP,no_fresh_breakout,нет свежего пробоя Donchian на последней закрытой свече,rejected,2026-03-19 14:56:18,
False,нет свежего пробоя Donchian на последней закрытой свече,False,"{""score"": null, ""liquidity_score"": null, ""breakout_distance_atr"": null, ""freshness_score"": null}",ENTRY_CHECK,CHZ-USDT-SWAP,no_fresh_breakout,нет свежего пробоя Donchian на последней закрытой свече,rejected,2026-03-19 14:56:19,
False,нет свежего пробоя Donchian на последней закрытой свече,False,"{""score"": null, ""liquidity_score"": null, ""breakout_distance_atr"": null, ""freshness_score"": null}",ENTRY_CHECK,COMP-USDT-SWAP,no_fresh_breakout,нет свежего пробоя Donchian на последней закрытой свече,rejected,2026-03-19 14:56:19,
False,нет свежего пробоя Donchian на последней закрытой свече,False,"{""score"": null, ""liquidity_score"": null, ""breakout_distance_atr"": null, ""freshness_score"": null}",ENTRY_CHECK,CRV-USDT-SWAP,no_fresh_breakout,нет свежего пробоя Donchian на последней закрытой свече,rejected,2026-03-19 14:56:20,
False,нет свежего пробоя Donchian на последней закрытой свече,False,"{""score"": null, ""liquidity_score"": null, ""breakout_distance_atr"": null, ""freshness_score"": null}",ENTRY_CHECK,DOGE-USDT-SWAP,no_fresh_breakout,нет свежего пробоя Donchian на последней закрытой свече,rejected,2026-03-19 14:56:20,
False,нет свежего пробоя Donchian на последней закрытой свече,False,"{""score"": null, ""liquidity_score"": null, ""breakout_distance_atr"": null, ""freshness_score"": null}",ENTRY_CHECK,DOT-USDT-SWAP,no_fresh_breakout,нет свежего пробоя Donchian на последней закрытой свече,rejected,2026-03-19 14:56:20,
False,нет свежего пробоя Donchian на последней закрытой свече,False,"{""score"": null, ""liquidity_score"": null, ""breakout_distance_atr"": null, ""freshness_score"": null}",ENTRY_CHECK,ETH-USDT-SWAP,no_fresh_breakout,нет свежего пробоя Donchian на последней закрытой свече,rejected,2026-03-19 14:56:21,
False,нет свежего пробоя Donchian на последней закрытой свече,False,"{""score"": null, ""liquidity_score"": null, ""breakout_distance_atr"": null, ""freshness_score"": null}",ENTRY_CHECK,ETHW-USDT-SWAP,no_fresh_breakout,нет свежего пробоя Donchian на последней закрытой свече,rejected,2026-03-19 14:56:21,
False,нет свежего пробоя Donchian на последней закрытой свече,False,"{""score"": null, ""liquidity_score"": null, ""breakout_distance_atr"": null, ""freshness_score"": null}",ENTRY_CHECK,FIL-USDT-SWAP,no_fresh_breakout,нет свежего пробоя Donchian на последней закрытой свече,rejected,2026-03-19 14:56:22,
False,нет свежего пробоя Donchian на последней закрытой свече,False,"{""score"": null, ""liquidity_score"": null, ""breakout_distance_atr"": null, ""freshness_score"": null}",ENTRY_CHECK,FLOKI-USDT-SWAP,no_fresh_breakout,нет свежего пробоя Donchian на последней закрытой свече,rejected,2026-03-19 14:56:22,
False,нет свежего пробоя Donchian на последней закрытой свече,False,"{""score"": null, ""liquidity_score"": null, ""breakout_distance_atr"": null, ""freshness_score"": null}",ENTRY_CHECK,GMT-USDT-SWAP,no_fresh_breakout,нет свежего пробоя Donchian на последней закрытой свече,rejected,2026-03-19 14:56:22,
False,нет свежего пробоя Donchian на последней закрытой свече,False,"{""score"": null, ""liquidity_score"": null, ""breakout_distance_atr"": null, ""freshness_score"": null}",ENTRY_CHECK,HOME-USDT-SWAP,no_fresh_breakout,нет свежего пробоя Donchian на последней закрытой свече,rejected,2026-03-19 14:56:23,
False,нет свежего пробоя Donchian на последней закрытой свече,False,"{""score"": null, ""liquidity_score"": null, ""breakout_distance_atr"": null, ""freshness_score"": null}",ENTRY_CHECK,ICP-USDT-SWAP,no_fresh_breakout,нет свежего пробоя Donchian на последней закрытой свече,rejected,2026-03-19 14:56:23,
False,нет свежего пробоя Donchian на последней закрытой свече,False,"{""score"": null, ""liquidity_score"": null, ""breakout_distance_atr"": null, ""freshness_score"": null}",ENTRY_CHECK,INJ-USDT-SWAP,no_fresh_breakout,нет свежего пробоя Donchian на последней закрытой свече,rejected,2026-03-19 14:56:24,
False,нет свежего пробоя Donchian на последней закрытой свече,False,"{""score"": null, ""liquidity_score"": null, ""breakout_distance_atr"": null, ""freshness_score"": null}",ENTRY_CHECK,IOTA-USDT-SWAP,no_fresh_breakout,нет свежего пробоя Donchian на последней закрытой свече,rejected,2026-03-19 14:56:24,
False,нет свежего пробоя Donchian на последней закрытой свече,False,"{""score"": null, ""liquidity_score"": null, ""breakout_distance_atr"": null, ""freshness_score"": null}",ENTRY_CHECK,JUP-USDT-SWAP,no_fresh_breakout,нет свежего пробоя Donchian на последней закрытой свече,rejected,2026-03-19 14:56:24,
False,нет свежего пробоя Donchian на последней закрытой свече,False,"{""score"": null, ""liquidity_score"": null, ""breakout_distance_atr"": null, ""freshness_score"": null}",ENTRY_CHECK,KSM-USDT-SWAP,no_fresh_breakout,нет свежего пробоя Donchian на последней закрытой свече,rejected,2026-03-19 14:56:25,
False,нет свежего пробоя Donchian на последней закрытой свече,False,"{""score"": null, ""liquidity_score"": null, ""breakout_distance_atr"": null, ""freshness_score"": null}",ENTRY_CHECK,LDO-USDT-SWAP,no_fresh_breakout,нет свежего пробоя Donchian на последней закрытой свече,rejected,2026-03-19 14:56:25,
False,нет свежего пробоя Donchian на последней закрытой свече,False,"{""score"": null, ""liquidity_score"": null, ""breakout_distance_atr"": null, ""freshness_score"": null}",ENTRY_CHECK,LINK-USDT-SWAP,no_fresh_breakout,нет свежего пробоя Donchian на последней закрытой свече,rejected,2026-03-19 14:56:26,
False,нет свежего пробоя Donchian на последней закрытой свече,False,"{""score"": null, ""liquidity_score"": null, ""breakout_distance_atr"": null, ""freshness_score"": null}",ENTRY_CHECK,LIT-USDT-SWAP,no_fresh_breakout,нет свежего пробоя Donchian на последней закрытой свече,rejected,2026-03-19 14:56:26,
False,нет свежего пробоя Donchian на последней закрытой свече,False,"{""score"": null, ""liquidity_score"": null, ""breakout_distance_atr"": null, ""freshness_score"": null}",ENTRY_CHECK,LPT-USDT-SWAP,no_fresh_breakout,нет свежего пробоя Donchian на последней закрытой свече,rejected,2026-03-19 14:56:27,
False,нет свежего пробоя Donchian на последней закрытой свече,False,"{""score"": null, ""liquidity_score"": null, ""breakout_distance_atr"": null, ""freshness_score"": null}",ENTRY_CHECK,LTC-USDT-SWAP,no_fresh_breakout,нет свежего пробоя Donchian на последней закрытой свече,rejected,2026-03-19 14:56:27,
False,нет свежего пробоя Donchian на последней закрытой свече,False,"{""score"": null, ""liquidity_score"": null, ""breakout_distance_atr"": null, ""freshness_score"": null}",ENTRY_CHECK,MAGIC-USDT-SWAP,no_fresh_breakout,нет свежего пробоя Donchian на последней закрытой свече,rejected,2026-03-19 14:56:27,
False,ATR warmup: цена или ATR недоступны после прогрева,False,"{""score"": null, ""liquidity_score"": null, ""breakout_distance_atr"": null, ""freshness_score"": null}",ENTRY_CHECK,MET-USDT-SWAP,atr_warmup:_цена_или_atr_недоступны_после_прогрева,ATR warmup: цена или ATR недоступны после прогрева,rejected,2026-03-19 14:56:28,
False,нет свежего пробоя Donchian на последней закрытой свече,False,"{""score"": null, ""liquidity_score"": null, ""breakout_distance_atr"": null, ""freshness_score"": null}",ENTRY_CHECK,NEAR-USDT-SWAP,no_fresh_breakout,нет свежего пробоя Donchian на последней закрытой свече,rejected,2026-03-19 14:56:28,
False,нет свежего пробоя Donchian на последней закрытой свече,False,"{""score"": null, ""liquidity_score"": null, ""breakout_distance_atr"": null, ""freshness_score"": null}",ENTRY_CHECK,NOT-USDT-SWAP,no_fresh_breakout,нет свежего пробоя Donchian на последней закрытой свече,rejected,2026-03-19 14:56:28,
False,нет свежего пробоя Donchian на последней закрытой свече,False,"{""score"": null, ""liquidity_score"": null, ""breakout_distance_atr"": null, ""freshness_score"": null}",ENTRY_CHECK,OP-USDT-SWAP,no_fresh_breakout,нет свежего пробоя Donchian на последней закрытой свече,rejected,2026-03-19 14:56:29,
False,нет свежего пробоя Donchian на последней закрытой свече,False,"{""score"": null, ""liquidity_score"": null, ""breakout_distance_atr"": null, ""freshness_score"": null}",ENTRY_CHECK,RESOLV-USDT-SWAP,no_fresh_breakout,нет свежего пробоя Donchian на последней закрытой свече,rejected,2026-03-19 14:56:30,
False,нет свежего пробоя Donchian на последней закрытой свече,False,"{""score"": null, ""liquidity_score"": null, ""breakout_distance_atr"": null, ""freshness_score"": null}",ENTRY_CHECK,SKY-USDT-SWAP,no_fresh_breakout,нет свежего пробоя Donchian на последней закрытой свече,rejected,2026-03-19 14:56:30,
False,нет свежего пробоя Donchian на последней закрытой свече,False,"{""score"": null, ""liquidity_score"": null, ""breakout_distance_atr"": null, ""freshness_score"": null}",ENTRY_CHECK,SYRUP-USDT-SWAP,no_fresh_breakout,нет свежего пробоя Donchian на последней закрытой свече,rejected,2026-03-19 14:56:30,
False,нет свежего пробоя Donchian на последней закрытой свече,False,"{""score"": null, ""liquidity_score"": null, ""breakout_distance_atr"": null, ""freshness_score"": null}",ENTRY_CHECK,TON-USDT-SWAP,no_fresh_breakout,нет свежего пробоя Donchian на последней закрытой свече,rejected,2026-03-19 14:56:31,
False,нет свежего пробоя Donchian на последней закрытой свече,False,"{""score"": null, ""liquidity_score"": null, ""breakout_distance_atr"": null, ""freshness_score"": null}",ENTRY_CHECK,TRX-USDT-SWAP,no_fresh_breakout,нет свежего пробоя Donchian на последней закрытой свече,rejected,2026-03-19 14:56:31,
False,нет свежего пробоя Donchian на последней закрытой свече,False,"{""score"": null, ""liquidity_score"": null, ""breakout_distance_atr"": null, ""freshness_score"": null}",ENTRY_CHECK,1INCH-USDT-SWAP,no_fresh_breakout,нет свежего пробоя Donchian на последней закрытой свече,rejected,2026-03-19 14:56:54,
False,нет свежего пробоя Donchian на последней закрытой свече,False,"{""score"": null, ""liquidity_score"": null, ""breakout_distance_atr"": null, ""freshness_score"": null}",ENTRY_CHECK,2Z-USDT-SWAP,no_fresh_breakout,нет свежего пробоя Donchian на последней закрытой свече,rejected,2026-03-19 14:56:54,
False,нет свежего пробоя Donchian на последней закрытой свече,False,"{""score"": null, ""liquidity_score"": null, ""breakout_distance_atr"": null, ""freshness_score"": null}",ENTRY_CHECK,ACT-USDT-SWAP,no_fresh_breakout,нет свежего пробоя Donchian на последней закрытой свече,rejected,2026-03-19 14:56:55,
False,нет свежего пробоя Donchian на последней закрытой свече,False,"{""score"": null, ""liquidity_score"": null, ""breakout_distance_atr"": null, ""freshness_score"": null}",ENTRY_CHECK,AI16Z-USDT-SWAP,no_fresh_breakout,нет свежего пробоя Donchian на последней закрытой свече,rejected,2026-03-19 14:56:55,
False,нет свежего пробоя Donchian на последней закрытой свече,False,"{""score"": null, ""liquidity_score"": null, ""breakout_distance_atr"": null, ""freshness_score"": null}",ENTRY_CHECK,ARB-USDT-SWAP,no_fresh_breakout,нет свежего пробоя Donchian на последней закрытой свече,rejected,2026-03-19 14:56:55,
False,нет свежего пробоя Donchian на последней закрытой свече,False,"{""score"": null, ""liquidity_score"": null, ""breakout_distance_atr"": null, ""freshness_score"": null}",ENTRY_CHECK,ASTER-USDT-SWAP,no_fresh_breakout,нет свежего пробоя Donchian на последней закрытой свече,rejected,2026-03-19 14:56:55,
False,закрытие не удержалось выше канала,False,"{""score"": null, ""liquidity_score"": null, ""breakout_distance_atr"": null, ""freshness_score"": null}",ENTRY_CHECK,AUCTION-USDT-SWAP,закрытие_не_удержалось_выше_канала,закрытие не удержалось выше канала,rejected,2026-03-19 14:56:55,
False,закрытие не удержалось ниже канала,False,"{""score"": null, ""liquidity_score"": null, ""breakout_distance_atr"": null, ""freshness_score"": null}",ENTRY_CHECK,AXS-USDT-SWAP,закрытие_не_удержалось_ниже_канала,закрытие не удержалось ниже канала,rejected,2026-03-19 14:56:56,
False,закрытие не удержалось ниже канала,False,"{""score"": null, ""liquidity_score"": null, ""breakout_distance_atr"": null, ""freshness_score"": null}",ENTRY_CHECK,AXS-USDT-SWAP,закрытие_не_удержалось_ниже_канала,закрытие не удержалось ниже канала,rejected,2026-03-19 14:56:56,
False,нет свежего пробоя Donchian на последней закрытой свече,False,"{""score"": null, ""liquidity_score"": null, ""breakout_distance_atr"": null, ""freshness_score"": null}",ENTRY_CHECK,BNB-USDT-SWAP,no_fresh_breakout,нет свежего пробоя Donchian на последней закрытой свече,rejected,2026-03-19 14:56:56,
False,закрытие не удержалось ниже канала,False,"{""score"": null, ""liquidity_score"": null, ""breakout_distance_atr"": null, ""freshness_score"": null}",ENTRY_CHECK,BOME-USDT-SWAP,закрытие_не_удержалось_ниже_канала,закрытие не удержалось ниже канала,rejected,2026-03-19 14:56:57,
False,momentum chase blocked after 4 same-side candles,False,"{""score"": null, ""liquidity_score"": null, ""breakout_distance_atr"": 0.0972, ""freshness_score"": null}",ENTRY_CHECK,BTC-USDT-SWAP,blacklist,momentum chase blocked after 4 same-side candles,rejected,2026-03-19 14:56:58,
False,нет свежего пробоя Donchian на последней закрытой свече,False,"{""score"": null, ""liquidity_score"": null, ""breakout_distance_atr"": null, ""freshness_score"": null}",ENTRY_CHECK,CFX-USDT-SWAP,no_fresh_breakout,нет свежего пробоя Donchian на последней закрытой свече,rejected,2026-03-19 14:56:58,
False,нет свежего пробоя Donchian на последней закрытой свече,False,"{""score"": null, ""liquidity_score"": null, ""breakout_distance_atr"": null, ""freshness_score"": null}",ENTRY_CHECK,CHZ-USDT-SWAP,no_fresh_breakout,нет свежего пробоя Donchian на последней закрытой свече,rejected,2026-03-19 14:56:58,
False,нет свежего пробоя Donchian на последней закрытой свече,False,"{""score"": null, ""liquidity_score"": null, ""breakout_distance_atr"": null, ""freshness_score"": null}",ENTRY_CHECK,COMP-USDT-SWAP,no_fresh_breakout,нет свежего пробоя Donchian на последней закрытой свече,rejected,2026-03-19 14:56:59,
False,нет свежего пробоя Donchian на последней закрытой свече,False,"{""score"": null, ""liquidity_score"": null, ""breakout_distance_atr"": null, ""freshness_score"": null}",ENTRY_CHECK,CRV-USDT-SWAP,no_fresh_breakout,нет свежего пробоя Donchian на последней закрытой свече,rejected,2026-03-19 14:56:59,
False,нет свежего пробоя Donchian на последней закрытой свече,False,"{""score"": null, ""liquidity_score"": null, ""breakout_distance_atr"": null, ""freshness_score"": null}",ENTRY_CHECK,DOGE-USDT-SWAP,no_fresh_breakout,нет свежего пробоя Donchian на последней закрытой свече,rejected,2026-03-19 14:57:00,
False,нет свежего пробоя Donchian на последней закрытой свече,False,"{""score"": null, ""liquidity_score"": null, ""breakout_distance_atr"": null, ""freshness_score"": null}",ENTRY_CHECK,DOT-USDT-SWAP,no_fresh_breakout,нет свежего пробоя Donchian на последней закрытой свече,rejected,2026-03-19 14:57:00,
False,нет свежего пробоя Donchian на последней закрытой свече,False,"{""score"": null, ""liquidity_score"": null, ""breakout_distance_atr"": null, ""freshness_score"": null}",ENTRY_CHECK,ETH-USDT-SWAP,no_fresh_breakout,нет свежего пробоя Donchian на последней закрытой свече,rejected,2026-03-19 14:57:01,
False,нет свежего пробоя Donchian на последней закрытой свече,False,"{""score"": null, ""liquidity_score"": null, ""breakout_distance_atr"": null, ""freshness_score"": null}",ENTRY_CHECK,ETHW-USDT-SWAP,no_fresh_breakout,нет свежего пробоя Donchian на последней закрытой свече,rejected,2026-03-19 14:57:01,
False,нет свежего пробоя Donchian на последней закрытой свече,False,"{""score"": null, ""liquidity_score"": null, ""breakout_distance_atr"": null, ""freshness_score"": null}",ENTRY_CHECK,FIL-USDT-SWAP,no_fresh_breakout,нет свежего пробоя Donchian на последней закрытой свече,rejected,2026-03-19 14:57:01,
False,нет свежего пробоя Donchian на последней закрытой свече,False,"{""score"": null, ""liquidity_score"": null, ""breakout_distance_atr"": null, ""freshness_score"": null}",ENTRY_CHECK,FLOKI-USDT-SWAP,no_fresh_breakout,нет свежего пробоя Donchian на последней закрытой свече,rejected,2026-03-19 14:57:02,
False,нет свежего пробоя Donchian на последней закрытой свече,False,"{""score"": null, ""liquidity_score"": null, ""breakout_distance_atr"": null, ""freshness_score"": null}",ENTRY_CHECK,GMT-USDT-SWAP,no_fresh_breakout,нет свежего пробоя Donchian на последней закрытой свече,rejected,2026-03-19 14:57:02,
False,нет свежего пробоя Donchian на последней закрытой свече,False,"{""score"": null, ""liquidity_score"": null, ""breakout_distance_atr"": null, ""freshness_score"": null}",ENTRY_CHECK,HOME-USDT-SWAP,no_fresh_breakout,нет свежего пробоя Donchian на последней закрытой свече,rejected,2026-03-19 14:57:03,
False,нет свежего пробоя Donchian на последней закрытой свече,False,"{""score"": null, ""liquidity_score"": null, ""breakout_distance_atr"": null, ""freshness_score"": null}",ENTRY_CHECK,ICP-USDT-SWAP,no_fresh_breakout,нет свежего пробоя Donchian на последней закрытой свече,rejected,2026-03-19 14:57:03,
False,нет свежего пробоя Donchian на последней закрытой свече,False,"{""score"": null, ""liquidity_score"": null, ""breakout_distance_atr"": null, ""freshness_score"": null}",ENTRY_CHECK,INJ-USDT-SWAP,no_fresh_breakout,нет свежего пробоя Donchian на последней закрытой свече,rejected,2026-03-19 14:57:03,
False,нет свежего пробоя Donchian на последней закрытой свече,False,"{""score"": null, ""liquidity_score"": null, ""breakout_distance_atr"": null, ""freshness_score"": null}",ENTRY_CHECK,IOTA-USDT-SWAP,no_fresh_breakout,нет свежего пробоя Donchian на последней закрытой свече,rejected,2026-03-19 14:57:04,
False,нет свежего пробоя Donchian на последней закрытой свече,False,"{""score"": null, ""liquidity_score"": null, ""breakout_distance_atr"": null, ""freshness_score"": null}",ENTRY_CHECK,JUP-USDT-SWAP,no_fresh_breakout,нет свежего пробоя Donchian на последней закрытой свече,rejected,2026-03-19 14:57:04,
False,нет свежего пробоя Donchian на последней закрытой свече,False,"{""score"": null, ""liquidity_score"": null, ""breakout_distance_atr"": null, ""freshness_score"": null}",ENTRY_CHECK,KSM-USDT-SWAP,no_fresh_breakout,нет свежего пробоя Donchian на последней закрытой свече,rejected,2026-03-19 14:57:05,
False,нет свежего пробоя Donchian на последней закрытой свече,False,"{""score"": null, ""liquidity_score"": null, ""breakout_distance_atr"": null, ""freshness_score"": null}",ENTRY_CHECK,LDO-USDT-SWAP,no_fresh_breakout,нет свежего пробоя Donchian на последней закрытой свече,rejected,2026-03-19 14:57:05,
False,нет свежего пробоя Donchian на последней закрытой свече,False,"{""score"": null, ""liquidity_score"": null, ""breakout_distance_atr"": null, ""freshness_score"": null}",ENTRY_CHECK,LINK-USDT-SWAP,no_fresh_breakout,нет свежего пробоя Donchian на последней закрытой свече,rejected,2026-03-19 14:57:05,
False,нет свежего пробоя Donchian на последней закрытой свече,False,"{""score"": null, ""liquidity_score"": null, ""breakout_distance_atr"": null, ""freshness_score"": null}",ENTRY_CHECK,LIT-USDT-SWAP,no_fresh_breakout,нет свежего пробоя Donchian на последней закрытой свече,rejected,2026-03-19 14:57:06,
False,нет свежего пробоя Donchian на последней закрытой свече,False,"{""score"": null, ""liquidity_score"": null, ""breakout_distance_atr"": null, ""freshness_score"": null}",ENTRY_CHECK,LPT-USDT-SWAP,no_fresh_breakout,нет свежего пробоя Donchian на последней закрытой свече,rejected,2026-03-19 14:57:06,
False,нет свежего пробоя Donchian на последней закрытой свече,False,"{""score"": null, ""liquidity_score"": null, ""breakout_distance_atr"": null, ""freshness_score"": null}",ENTRY_CHECK,LTC-USDT-SWAP,no_fresh_breakout,нет свежего пробоя Donchian на последней закрытой свече,rejected,2026-03-19 14:57:06,
False,нет свежего пробоя Donchian на последней закрытой свече,False,"{""score"": null, ""liquidity_score"": null, ""breakout_distance_atr"": null, ""freshness_score"": null}",ENTRY_CHECK,MAGIC-USDT-SWAP,no_fresh_breakout,нет свежего пробоя Donchian на последней закрытой свече,rejected,2026-03-19 14:57:07,
False,ATR warmup: цена или ATR недоступны после прогрева,False,"{""score"": null, ""liquidity_score"": null, ""breakout_distance_atr"": null, ""freshness_score"": null}",ENTRY_CHECK,MET-USDT-SWAP,atr_warmup:_цена_или_atr_недоступны_после_прогрева,ATR warmup: цена или ATR недоступны после прогрева,rejected,2026-03-19 14:57:07,
False,нет свежего пробоя Donchian на последней закрытой свече,False,"{""score"": null, ""liquidity_score"": null, ""breakout_distance_atr"": null, ""freshness_score"": null}",ENTRY_CHECK,NEAR-USDT-SWAP,no_fresh_breakout,нет свежего пробоя Donchian на последней закрытой свече,rejected,2026-03-19 14:57:08,
False,нет свежего пробоя Donchian на последней закрытой свече,False,"{""score"": null, ""liquidity_score"": null, ""breakout_distance_atr"": null, ""freshness_score"": null}",ENTRY_CHECK,NOT-USDT-SWAP,no_fresh_breakout,нет свежего пробоя Donchian на последней закрытой свече,rejected,2026-03-19 14:57:08,
False,нет свежего пробоя Donchian на последней закрытой свече,False,"{""score"": null, ""liquidity_score"": null, ""breakout_distance_atr"": null, ""freshness_score"": null}",ENTRY_CHECK,OP-USDT-SWAP,no_fresh_breakout,нет свежего пробоя Donchian на последней закрытой свече,rejected,2026-03-19 14:57:08,
False,нет свежего пробоя Donchian на последней закрытой свече,False,"{""score"": null, ""liquidity_score"": null, ""breakout_distance_atr"": null, ""freshness_score"": null}",ENTRY_CHECK,RESOLV-USDT-SWAP,no_fresh_breakout,нет свежего пробоя Donchian на последней закрытой свече,rejected,2026-03-19 14:57:09,
False,нет свежего пробоя Donchian на последней закрытой свече,False,"{""score"": null, ""liquidity_score"": null, ""breakout_distance_atr"": null, ""freshness_score"": null}",ENTRY_CHECK,SKY-USDT-SWAP,no_fresh_breakout,нет свежего пробоя Donchian на последней закрытой свече,rejected,2026-03-19 14:57:09,
False,нет свежего пробоя Donchian на последней закрытой свече,False,"{""score"": null, ""liquidity_score"": null, ""breakout_distance_atr"": null, ""freshness_score"": null}",ENTRY_CHECK,SYRUP-USDT-SWAP,no_fresh_breakout,нет свежего пробоя Donchian на последней закрытой свече,rejected,2026-03-19 14:57:10,
False,нет свежего пробоя Donchian на последней закрытой свече,False,"{""score"": null, ""liquidity_score"": null, ""breakout_distance_atr"": null, ""freshness_score"": null}",ENTRY_CHECK,TON-USDT-SWAP,no_fresh_breakout,нет свежего пробоя Donchian на последней закрытой свече,rejected,2026-03-19 14:57:10,
False,нет свежего пробоя Donchian на последней закрытой свече,False,"{""score"": null, ""liquidity_score"": null, ""breakout_distance_atr"": null, ""freshness_score"": null}",ENTRY_CHECK,TRX-USDT-SWAP,no_fresh_breakout,нет свежего пробоя Donchian на последней закрытой свече,rejected,2026-03-19 14:57:10,
False,нет свежего пробоя Donchian на последней закрытой свече,False,"{""score"": null, ""liquidity_score"": null, ""breakout_distance_atr"": null, ""freshness_score"": null}",ENTRY_CHECK,XAG-USDT-SWAP,no_fresh_breakout,нет свежего пробоя Donchian на последней закрытой свече,rejected,2026-03-19 14:57:11,
False,нет свежего пробоя Donchian на последней закрытой свече,False,"{""score"": null, ""liquidity_score"": null, ""breakout_distance_atr"": null, ""freshness_score"": null}",ENTRY_CHECK,XAU-USDT-SWAP,no_fresh_breakout,нет свежего пробоя Donchian на последней закрытой свече,rejected,2026-03-19 14:57:11,
False,нет свежего пробоя Donchian на последней закрытой свече,False,"{""score"": null, ""liquidity_score"": null, ""breakout_distance_atr"": null, ""freshness_score"": null}",ENTRY_CHECK,XLM-USDT-SWAP,no_fresh_breakout,нет свежего пробоя Donchian на последней закрытой свече,rejected,2026-03-19 14:57:12,
False,нет свежего пробоя Donchian на последней закрытой свече,False,"{""score"": null, ""liquidity_score"": null, ""breakout_distance_atr"": null, ""freshness_score"": null}",ENTRY_CHECK,1INCH-USDT-SWAP,no_fresh_breakout,нет свежего пробоя Donchian на последней закрытой свече,rejected,2026-03-19 14:57:34,
False,нет свежего пробоя Donchian на последней закрытой свече,False,"{""score"": null, ""liquidity_score"": null, ""breakout_distance_atr"": null, ""freshness_score"": null}",ENTRY_CHECK,2Z-USDT-SWAP,no_fresh_breakout,нет свежего пробоя Donchian на последней закрытой свече,rejected,2026-03-19 14:57:35,
False,нет свежего пробоя Donchian на последней закрытой свече,False,"{""score"": null, ""liquidity_score"": null, ""breakout_distance_atr"": null, ""freshness_score"": null}",ENTRY_CHECK,ACT-USDT-SWAP,no_fresh_breakout,нет свежего пробоя Donchian на последней закрытой свече,rejected,2026-03-19 14:57:35,
False,нет свежего пробоя Donchian на последней закрытой свече,False,"{""score"": null, ""liquidity_score"": null, ""breakout_distance_atr"": null, ""freshness_score"": null}",ENTRY_CHECK,AI16Z-USDT-SWAP,no_fresh_breakout,нет свежего пробоя Donchian на последней закрытой свече,rejected,2026-03-19 14:57:35,
False,нет свежего пробоя Donchian на последней закрытой свече,False,"{""score"": null, ""liquidity_score"": null, ""breakout_distance_atr"": null, ""freshness_score"": null}",ENTRY_CHECK,ARB-USDT-SWAP,no_fresh_breakout,нет свежего пробоя Donchian на последней закрытой свече,rejected,2026-03-19 14:57:36,
False,нет свежего пробоя Donchian на последней закрытой свече,False,"{""score"": null, ""liquidity_score"": null, ""breakout_distance_atr"": null, ""freshness_score"": null}",ENTRY_CHECK,ASTER-USDT-SWAP,no_fresh_breakout,нет свежего пробоя Donchian на последней закрытой свече,rejected,2026-03-19 14:57:36,
False,закрытие не удержалось выше канала,False,"{""score"": null, ""liquidity_score"": null, ""breakout_distance_atr"": null, ""freshness_score"": null}",ENTRY_CHECK,AUCTION-USDT-SWAP,закрытие_не_удержалось_выше_канала,закрытие не удержалось выше канала,rejected,2026-03-19 14:57:37,
False,закрытие не удержалось ниже канала,False,"{""score"": null, ""liquidity_score"": null, ""breakout_distance_atr"": null, ""freshness_score"": null}",ENTRY_CHECK,AXS-USDT-SWAP,закрытие_не_удержалось_ниже_канала,закрытие не удержалось ниже канала,rejected,2026-03-19 14:57:38,
False,закрытие не удержалось ниже канала,False,"{""score"": null, ""liquidity_score"": null, ""breakout_distance_atr"": null, ""freshness_score"": null}",ENTRY_CHECK,AXS-USDT-SWAP,закрытие_не_удержалось_ниже_канала,закрытие не удержалось ниже канала,rejected,2026-03-19 14:57:38,
False,нет свежего пробоя Donchian на последней закрытой свече,False,"{""score"": null, ""liquidity_score"": null, ""breakout_distance_atr"": null, ""freshness_score"": null}",ENTRY_CHECK,BNB-USDT-SWAP,no_fresh_breakout,нет свежего пробоя Donchian на последней закрытой свече,rejected,2026-03-19 14:57:38,
False,закрытие не удержалось ниже канала,False,"{""score"": null, ""liquidity_score"": null, ""breakout_distance_atr"": null, ""freshness_score"": null}",ENTRY_CHECK,BOME-USDT-SWAP,закрытие_не_удержалось_ниже_канала,закрытие не удержалось ниже канала,rejected,2026-03-19 14:57:39,
False,momentum chase blocked after 4 same-side candles,False,"{""score"": null, ""liquidity_score"": null, ""breakout_distance_atr"": 0.0972, ""freshness_score"": null}",ENTRY_CHECK,BTC-USDT-SWAP,blacklist,momentum chase blocked after 4 same-side candles,rejected,2026-03-19 14:57:40,
False,нет свежего пробоя Donchian на последней закрытой свече,False,"{""score"": null, ""liquidity_score"": null, ""breakout_distance_atr"": null, ""freshness_score"": null}",ENTRY_CHECK,CFX-USDT-SWAP,no_fresh_breakout,нет свежего пробоя Donchian на последней закрытой свече,rejected,2026-03-19 14:57:40,
False,нет свежего пробоя Donchian на последней закрытой свече,False,"{""score"": null, ""liquidity_score"": null, ""breakout_distance_atr"": null, ""freshness_score"": null}",ENTRY_CHECK,CHZ-USDT-SWAP,no_fresh_breakout,нет свежего пробоя Donchian на последней закрытой свече,rejected,2026-03-19 14:57:41,
False,нет свежего пробоя Donchian на последней закрытой свече,False,"{""score"": null, ""liquidity_score"": null, ""breakout_distance_atr"": null, ""freshness_score"": null}",ENTRY_CHECK,COMP-USDT-SWAP,no_fresh_breakout,нет свежего пробоя Donchian на последней закрытой свече,rejected,2026-03-19 14:57:41,
False,нет свежего пробоя Donchian на последней закрытой свече,False,"{""score"": null, ""liquidity_score"": null, ""breakout_distance_atr"": null, ""freshness_score"": null}",ENTRY_CHECK,CRV-USDT-SWAP,no_fresh_breakout,нет свежего пробоя Donchian на последней закрытой свече,rejected,2026-03-19 14:57:42,
False,нет свежего пробоя Donchian на последней закрытой свече,False,"{""score"": null, ""liquidity_score"": null, ""breakout_distance_atr"": null, ""freshness_score"": null}",ENTRY_CHECK,DOGE-USDT-SWAP,no_fresh_breakout,нет свежего пробоя Donchian на последней закрытой свече,rejected,2026-03-19 14:57:42,
False,нет свежего пробоя Donchian на последней закрытой свече,False,"{""score"": null, ""liquidity_score"": null, ""breakout_distance_atr"": null, ""freshness_score"": null}",ENTRY_CHECK,DOT-USDT-SWAP,no_fresh_breakout,нет свежего пробоя Donchian на последней закрытой свече,rejected,2026-03-19 14:57:42,
False,нет свежего пробоя Donchian на последней закрытой свече,False,"{""score"": null, ""liquidity_score"": null, ""breakout_distance_atr"": null, ""freshness_score"": null}",ENTRY_CHECK,ETH-USDT-SWAP,no_fresh_breakout,нет свежего пробоя Donchian на последней закрытой свече,rejected,2026-03-19 14:57:43,
False,нет свежего пробоя Donchian на последней закрытой свече,False,"{""score"": null, ""liquidity_score"": null, ""breakout_distance_atr"": null, ""freshness_score"": null}",ENTRY_CHECK,ETHW-USDT-SWAP,no_fresh_breakout,нет свежего пробоя Donchian на последней закрытой свече,rejected,2026-03-19 14:57:43,
False,нет свежего пробоя Donchian на последней закрытой свече,False,"{""score"": null, ""liquidity_score"": null, ""breakout_distance_atr"": null, ""freshness_score"": null}",ENTRY_CHECK,FIL-USDT-SWAP,no_fresh_breakout,нет свежего пробоя Donchian на последней закрытой свече,rejected,2026-03-19 14:57:44,
False,нет свежего пробоя Donchian на последней закрытой свече,False,"{""score"": null, ""liquidity_score"": null, ""breakout_distance_atr"": null, ""freshness_score"": null}",ENTRY_CHECK,FLOKI-USDT-SWAP,no_fresh_breakout,нет свежего пробоя Donchian на последней закрытой свече,rejected,2026-03-19 14:57:44,
False,нет свежего пробоя Donchian на последней закрытой свече,False,"{""score"": null, ""liquidity_score"": null, ""breakout_distance_atr"": null, ""freshness_score"": null}",ENTRY_CHECK,GMT-USDT-SWAP,no_fresh_breakout,нет свежего пробоя Donchian на последней закрытой свече,rejected,2026-03-19 14:57:44,
False,нет свежего пробоя Donchian на последней закрытой свече,False,"{""score"": null, ""liquidity_score"": null, ""breakout_distance_atr"": null, ""freshness_score"": null}",ENTRY_CHECK,HOME-USDT-SWAP,no_fresh_breakout,нет свежего пробоя Donchian на последней закрытой свече,rejected,2026-03-19 14:57:45,
False,нет свежего пробоя Donchian на последней закрытой свече,False,"{""score"": null, ""liquidity_score"": null, ""breakout_distance_atr"": null, ""freshness_score"": null}",ENTRY_CHECK,ICP-USDT-SWAP,no_fresh_breakout,нет свежего пробоя Donchian на последней закрытой свече,rejected,2026-03-19 14:57:45,
False,нет свежего пробоя Donchian на последней закрытой свече,False,"{""score"": null, ""liquidity_score"": null, ""breakout_distance_atr"": null, ""freshness_score"": null}",ENTRY_CHECK,INJ-USDT-SWAP,no_fresh_breakout,нет свежего пробоя Donchian на последней закрытой свече,rejected,2026-03-19 14:57:46,
False,нет свежего пробоя Donchian на последней закрытой свече,False,"{""score"": null, ""liquidity_score"": null, ""breakout_distance_atr"": null, ""freshness_score"": null}",ENTRY_CHECK,IOTA-USDT-SWAP,no_fresh_breakout,нет свежего пробоя Donchian на последней закрытой свече,rejected,2026-03-19 14:57:46,
False,нет свежего пробоя Donchian на последней закрытой свече,False,"{""score"": null, ""liquidity_score"": null, ""breakout_distance_atr"": null, ""freshness_score"": null}",ENTRY_CHECK,JUP-USDT-SWAP,no_fresh_breakout,нет свежего пробоя Donchian на последней закрытой свече,rejected,2026-03-19 14:57:46,
False,нет свежего пробоя Donchian на последней закрытой свече,False,"{""score"": null, ""liquidity_score"": null, ""breakout_distance_atr"": null, ""freshness_score"": null}",ENTRY_CHECK,KSM-USDT-SWAP,no_fresh_breakout,нет свежего пробоя Donchian на последней закрытой свече,rejected,2026-03-19 14:57:47,
False,нет свежего пробоя Donchian на последней закрытой свече,False,"{""score"": null, ""liquidity_score"": null, ""breakout_distance_atr"": null, ""freshness_score"": null}",ENTRY_CHECK,LDO-USDT-SWAP,no_fresh_breakout,нет свежего пробоя Donchian на последней закрытой свече,rejected,2026-03-19 14:57:47,
False,нет свежего пробоя Donchian на последней закрытой свече,False,"{""score"": null, ""liquidity_score"": null, ""breakout_distance_atr"": null, ""freshness_score"": null}",ENTRY_CHECK,LINK-USDT-SWAP,no_fresh_breakout,нет свежего пробоя Donchian на последней закрытой свече,rejected,2026-03-19 14:57:48,
False,нет свежего пробоя Donchian на последней закрытой свече,False,"{""score"": null, ""liquidity_score"": null, ""breakout_distance_atr"": null, ""freshness_score"": null}",ENTRY_CHECK,LIT-USDT-SWAP,no_fresh_breakout,нет свежего пробоя Donchian на последней закрытой свече,rejected,2026-03-19 14:57:48,
False,нет свежего пробоя Donchian на последней закрытой свече,False,"{""score"": null, ""liquidity_score"": null, ""breakout_distance_atr"": null, ""freshness_score"": null}",ENTRY_CHECK,LPT-USDT-SWAP,no_fresh_breakout,нет свежего пробоя Donchian на последней закрытой свече,rejected,2026-03-19 14:57:48,
False,нет свежего пробоя Donchian на последней закрытой свече,False,"{""score"": null, ""liquidity_score"": null, ""breakout_distance_atr"": null, ""freshness_score"": null}",ENTRY_CHECK,LTC-USDT-SWAP,no_fresh_breakout,нет свежего пробоя Donchian на последней закрытой свече,rejected,2026-03-19 14:57:49,
False,нет свежего пробоя Donchian на последней закрытой свече,False,"{""score"": null, ""liquidity_score"": null, ""breakout_distance_atr"": null, ""freshness_score"": null}",ENTRY_CHECK,MAGIC-USDT-SWAP,no_fresh_breakout,нет свежего пробоя Donchian на последней закрытой свече,rejected,2026-03-19 14:57:49,
False,ATR warmup: цена или ATR недоступны после прогрева,False,"{""score"": null, ""liquidity_score"": null, ""breakout_distance_atr"": null, ""freshness_score"": null}",ENTRY_CHECK,MET-USDT-SWAP,atr_warmup:_цена_или_atr_недоступны_после_прогрева,ATR warmup: цена или ATR недоступны после прогрева,rejected,2026-03-19 14:57:50,
False,нет свежего пробоя Donchian на последней закрытой свече,False,"{""score"": null, ""liquidity_score"": null, ""breakout_distance_atr"": null, ""freshness_score"": null}",ENTRY_CHECK,NEAR-USDT-SWAP,no_fresh_breakout,нет свежего пробоя Donchian на последней закрытой свече,rejected,2026-03-19 14:57:50,
False,нет свежего пробоя Donchian на последней закрытой свече,False,"{""score"": null, ""liquidity_score"": null, ""breakout_distance_atr"": null, ""freshness_score"": null}",ENTRY_CHECK,NOT-USDT-SWAP,no_fresh_breakout,нет свежего пробоя Donchian на последней закрытой свече,rejected,2026-03-19 14:57:50,
False,нет свежего пробоя Donchian на последней закрытой свече,False,"{""score"": null, ""liquidity_score"": null, ""breakout_distance_atr"": null, ""freshness_score"": null}",ENTRY_CHECK,OP-USDT-SWAP,no_fresh_breakout,нет свежего пробоя Donchian на последней закрытой свече,rejected,2026-03-19 14:57:51,
False,нет свежего пробоя Donchian на последней закрытой свече,False,"{""score"": null, ""liquidity_score"": null, ""breakout_distance_atr"": null, ""freshness_score"": null}",ENTRY_CHECK,RESOLV-USDT-SWAP,no_fresh_breakout,нет свежего пробоя Donchian на последней закрытой свече,rejected,2026-03-19 14:57:51,
False,нет свежего пробоя Donchian на последней закрытой свече,False,"{""score"": null, ""liquidity_score"": null, ""breakout_distance_atr"": null, ""freshness_score"": null}",ENTRY_CHECK,SKY-USDT-SWAP,no_fresh_breakout,нет свежего пробоя Donchian на последней закрытой свече,rejected,2026-03-19 14:57:52,
False,нет свежего пробоя Donchian на последней закрытой свече,False,"{""score"": null, ""liquidity_score"": null, ""breakout_distance_atr"": null, ""freshness_score"": null}",ENTRY_CHECK,SYRUP-USDT-SWAP,no_fresh_breakout,нет свежего пробоя Donchian на последней закрытой свече,rejected,2026-03-19 14:57:52,
False,нет свежего пробоя Donchian на последней закрытой свече,False,"{""score"": null, ""liquidity_score"": null, ""breakout_distance_atr"": null, ""freshness_score"": null}",ENTRY_CHECK,TON-USDT-SWAP,no_fresh_breakout,нет свежего пробоя Donchian на последней закрытой свече,rejected,2026-03-19 14:57:52,
False,нет свежего пробоя Donchian на последней закрытой свече,False,"{""score"": null, ""liquidity_score"": null, ""breakout_distance_atr"": null, ""freshness_score"": null}",ENTRY_CHECK,TRX-USDT-SWAP,no_fresh_breakout,нет свежего пробоя Donchian на последней закрытой свече,rejected,2026-03-19 14:57:53,
False,нет свежего пробоя Donchian на последней закрытой свече,False,"{""score"": null, ""liquidity_score"": null, ""breakout_distance_atr"": null, ""freshness_score"": null}",ENTRY_CHECK,XAG-USDT-SWAP,no_fresh_breakout,нет свежего пробоя Donchian на последней закрытой свече,rejected,2026-03-19 14:57:53,
False,нет свежего пробоя Donchian на последней закрытой свече,False,"{""score"": null, ""liquidity_score"": null, ""breakout_distance_atr"": null, ""freshness_score"": null}",ENTRY_CHECK,XAU-USDT-SWAP,no_fresh_breakout,нет свежего пробоя Donchian на последней закрытой свече,rejected,2026-03-19 14:57:54,
False,нет свежего пробоя Donchian на последней закрытой свече,False,"{""score"": null, ""liquidity_score"": null, ""breakout_distance_atr"": null, ""freshness_score"": null}",ENTRY_CHECK,XLM-USDT-SWAP,no_fresh_breakout,нет свежего пробоя Donchian на последней закрытой свече,rejected,2026-03-19 14:57:54,
False,нет свежего пробоя Donchian на последней закрытой свече,False,"{""score"": null, ""liquidity_score"": null, ""breakout_distance_atr"": null, ""freshness_score"": null}",ENTRY_CHECK,XRP-USDT-SWAP,no_fresh_breakout,нет свежего пробоя Donchian на последней закрытой свече,rejected,2026-03-19 14:57:54,
False,нет свежего пробоя Donchian на последней закрытой свече,False,"{""score"": null, ""liquidity_score"": null, ""breakout_distance_atr"": null, ""freshness_score"": null}",ENTRY_CHECK,XTZ-USDT-SWAP,no_fresh_breakout,нет свежего пробоя Donchian на последней закрытой свече,rejected,2026-03-19 14:57:55,
False,нет свежего пробоя Donchian на последней закрытой свече,False,"{""score"": null, ""liquidity_score"": null, ""breakout_distance_atr"": null, ""freshness_score"": null}",ENTRY_CHECK,YB-USDT-SWAP,no_fresh_breakout,нет свежего пробоя Donchian на последней закрытой свече,rejected,2026-03-19 14:57:55,
False,нет свежего пробоя Donchian на последней закрытой свече,False,"{""score"": null, ""liquidity_score"": null, ""breakout_distance_atr"": null, ""freshness_score"": null}",ENTRY_CHECK,1INCH-USDT-SWAP,no_fresh_breakout,нет свежего пробоя Donchian на последней закрытой свече,rejected,2026-03-19 14:58:19,
False,нет свежего пробоя Donchian на последней закрытой свече,False,"{""score"": null, ""liquidity_score"": null, ""breakout_distance_atr"": null, ""freshness_score"": null}",ENTRY_CHECK,2Z-USDT-SWAP,no_fresh_breakout,нет свежего пробоя Donchian на последней закрытой свече,rejected,2026-03-19 14:58:19,
False,нет свежего пробоя Donchian на последней закрытой свече,False,"{""score"": null, ""liquidity_score"": null, ""breakout_distance_atr"": null, ""freshness_score"": null}",ENTRY_CHECK,ACT-USDT-SWAP,no_fresh_breakout,нет свежего пробоя Donchian на последней закрытой свече,rejected,2026-03-19 14:58:20,
False,нет свежего пробоя Donchian на последней закрытой свече,False,"{""score"": null, ""liquidity_score"": null, ""breakout_distance_atr"": null, ""freshness_score"": null}",ENTRY_CHECK,AI16Z-USDT-SWAP,no_fresh_breakout,нет свежего пробоя Donchian на последней закрытой свече,rejected,2026-03-19 14:58:20,
False,нет свежего пробоя Donchian на последней закрытой свече,False,"{""score"": null, ""liquidity_score"": null, ""breakout_distance_atr"": null, ""freshness_score"": null}",ENTRY_CHECK,ARB-USDT-SWAP,no_fresh_breakout,нет свежего пробоя Donchian на последней закрытой свече,rejected,2026-03-19 14:58:20,
False,нет свежего пробоя Donchian на последней закрытой свече,False,"{""score"": null, ""liquidity_score"": null, ""breakout_distance_atr"": null, ""freshness_score"": null}",ENTRY_CHECK,ASTER-USDT-SWAP,no_fresh_breakout,нет свежего пробоя Donchian на последней закрытой свече,rejected,2026-03-19 14:58:21,
False,закрытие не удержалось выше канала,False,"{""score"": null, ""liquidity_score"": null, ""breakout_distance_atr"": null, ""freshness_score"": null}",ENTRY_CHECK,AUCTION-USDT-SWAP,закрытие_не_удержалось_выше_канала,закрытие не удержалось выше канала,rejected,2026-03-19 14:58:22,
False,закрытие не удержалось ниже канала,False,"{""score"": null, ""liquidity_score"": null, ""breakout_distance_atr"": null, ""freshness_score"": null}",ENTRY_CHECK,AXS-USDT-SWAP,закрытие_не_удержалось_ниже_канала,закрытие не удержалось ниже канала,rejected,2026-03-19 14:58:22,
False,закрытие не удержалось ниже канала,False,"{""score"": null, ""liquidity_score"": null, ""breakout_distance_atr"": null, ""freshness_score"": null}",ENTRY_CHECK,AXS-USDT-SWAP,закрытие_не_удержалось_ниже_канала,закрытие не удержалось ниже канала,rejected,2026-03-19 14:58:22,
False,нет свежего пробоя Donchian на последней закрытой свече,False,"{""score"": null, ""liquidity_score"": null, ""breakout_distance_atr"": null, ""freshness_score"": null}",ENTRY_CHECK,BNB-USDT-SWAP,no_fresh_breakout,нет свежего пробоя Donchian на последней закрытой свече,rejected,2026-03-19 14:58:22,
False,закрытие не удержалось ниже канала,False,"{""score"": null, ""liquidity_score"": null, ""breakout_distance_atr"": null, ""freshness_score"": null}",ENTRY_CHECK,BOME-USDT-SWAP,закрытие_не_удержалось_ниже_канала,закрытие не удержалось ниже канала,rejected,2026-03-19 14:58:22,
False,momentum chase blocked after 4 same-side candles,False,"{""score"": null, ""liquidity_score"": null, ""breakout_distance_atr"": 0.0972, ""freshness_score"": null}",ENTRY_CHECK,BTC-USDT-SWAP,blacklist,momentum chase blocked after 4 same-side candles,rejected,2026-03-19 14:58:23,
False,нет свежего пробоя Donchian на последней закрытой свече,False,"{""score"": null, ""liquidity_score"": null, ""breakout_distance_atr"": null, ""freshness_score"": null}",ENTRY_CHECK,CFX-USDT-SWAP,no_fresh_breakout,нет свежего пробоя Donchian на последней закрытой свече,rejected,2026-03-19 14:58:24,
False,нет свежего пробоя Donchian на последней закрытой свече,False,"{""score"": null, ""liquidity_score"": null, ""breakout_distance_atr"": null, ""freshness_score"": null}",ENTRY_CHECK,CHZ-USDT-SWAP,no_fresh_breakout,нет свежего пробоя Donchian на последней закрытой свече,rejected,2026-03-19 14:58:24,
False,нет свежего пробоя Donchian на последней закрытой свече,False,"{""score"": null, ""liquidity_score"": null, ""breakout_distance_atr"": null, ""freshness_score"": null}",ENTRY_CHECK,COMP-USDT-SWAP,no_fresh_breakout,нет свежего пробоя Donchian на последней закрытой свече,rejected,2026-03-19 14:58:24,
False,нет свежего пробоя Donchian на последней закрытой свече,False,"{""score"": null, ""liquidity_score"": null, ""breakout_distance_atr"": null, ""freshness_score"": null}",ENTRY_CHECK,CRV-USDT-SWAP,no_fresh_breakout,нет свежего пробоя Donchian на последней закрытой свече,rejected,2026-03-19 14:58:25,
False,нет свежего пробоя Donchian на последней закрытой свече,False,"{""score"": null, ""liquidity_score"": null, ""breakout_distance_atr"": null, ""freshness_score"": null}",ENTRY_CHECK,DOGE-USDT-SWAP,no_fresh_breakout,нет свежего пробоя Donchian на последней закрытой свече,rejected,2026-03-19 14:58:25,
False,нет свежего пробоя Donchian на последней закрытой свече,False,"{""score"": null, ""liquidity_score"": null, ""breakout_distance_atr"": null, ""freshness_score"": null}",ENTRY_CHECK,DOT-USDT-SWAP,no_fresh_breakout,нет свежего пробоя Donchian на последней закрытой свече,rejected,2026-03-19 14:58:26,
False,нет свежего пробоя Donchian на последней закрытой свече,False,"{""score"": null, ""liquidity_score"": null, ""breakout_distance_atr"": null, ""freshness_score"": null}",ENTRY_CHECK,ETH-USDT-SWAP,no_fresh_breakout,нет свежего пробоя Donchian на последней закрытой свече,rejected,2026-03-19 14:58:26,
False,нет свежего пробоя Donchian на последней закрытой свече,False,"{""score"": null, ""liquidity_score"": null, ""breakout_distance_atr"": null, ""freshness_score"": null}",ENTRY_CHECK,ETHW-USDT-SWAP,no_fresh_breakout,нет свежего пробоя Donchian на последней закрытой свече,rejected,2026-03-19 14:58:26,
False,нет свежего пробоя Donchian на последней закрытой свече,False,"{""score"": null, ""liquidity_score"": null, ""breakout_distance_atr"": null, ""freshness_score"": null}",ENTRY_CHECK,FIL-USDT-SWAP,no_fresh_breakout,нет свежего пробоя Donchian на последней закрытой свече,rejected,2026-03-19 14:58:27,
False,нет свежего пробоя Donchian на последней закрытой свече,False,"{""score"": null, ""liquidity_score"": null, ""breakout_distance_atr"": null, ""freshness_score"": null}",ENTRY_CHECK,FLOKI-USDT-SWAP,no_fresh_breakout,нет свежего пробоя Donchian на последней закрытой свече,rejected,2026-03-19 14:58:27,
False,нет свежего пробоя Donchian на последней закрытой свече,False,"{""score"": null, ""liquidity_score"": null, ""breakout_distance_atr"": null, ""freshness_score"": null}",ENTRY_CHECK,GMT-USDT-SWAP,no_fresh_breakout,нет свежего пробоя Donchian на последней закрытой свече,rejected,2026-03-19 14:58:28,
False,нет свежего пробоя Donchian на последней закрытой свече,False,"{""score"": null, ""liquidity_score"": null, ""breakout_distance_atr"": null, ""freshness_score"": null}",ENTRY_CHECK,HOME-USDT-SWAP,no_fresh_breakout,нет свежего пробоя Donchian на последней закрытой свече,rejected,2026-03-19 14:58:28,
False,нет свежего пробоя Donchian на последней закрытой свече,False,"{""score"": null, ""liquidity_score"": null, ""breakout_distance_atr"": null, ""freshness_score"": null}",ENTRY_CHECK,ICP-USDT-SWAP,no_fresh_breakout,нет свежего пробоя Donchian на последней закрытой свече,rejected,2026-03-19 14:58:28,
False,нет свежего пробоя Donchian на последней закрытой свече,False,"{""score"": null, ""liquidity_score"": null, ""breakout_distance_atr"": null, ""freshness_score"": null}",ENTRY_CHECK,INJ-USDT-SWAP,no_fresh_breakout,нет свежего пробоя Donchian на последней закрытой свече,rejected,2026-03-19 14:58:29,
False,нет свежего пробоя Donchian на последней закрытой свече,False,"{""score"": null, ""liquidity_score"": null, ""breakout_distance_atr"": null, ""freshness_score"": null}",ENTRY_CHECK,IOTA-USDT-SWAP,no_fresh_breakout,нет свежего пробоя Donchian на последней закрытой свече,rejected,2026-03-19 14:58:29,
False,нет свежего пробоя Donchian на последней закрытой свече,False,"{""score"": null, ""liquidity_score"": null, ""breakout_distance_atr"": null, ""freshness_score"": null}",ENTRY_CHECK,JUP-USDT-SWAP,no_fresh_breakout,нет свежего пробоя Donchian на последней закрытой свече,rejected,2026-03-19 14:58:30,
False,нет свежего пробоя Donchian на последней закрытой свече,False,"{""score"": null, ""liquidity_score"": null, ""breakout_distance_atr"": null, ""freshness_score"": null}",ENTRY_CHECK,KSM-USDT-SWAP,no_fresh_breakout,нет свежего пробоя Donchian на последней закрытой свече,rejected,2026-03-19 14:58:30,
False,нет свежего пробоя Donchian на последней закрытой свече,False,"{""score"": null, ""liquidity_score"": null, ""breakout_distance_atr"": null, ""freshness_score"": null}",ENTRY_CHECK,LDO-USDT-SWAP,no_fresh_breakout,нет свежего пробоя Donchian на последней закрытой свече,rejected,2026-03-19 14:58:31,
False,нет свежего пробоя Donchian на последней закрытой свече,False,"{""score"": null, ""liquidity_score"": null, ""breakout_distance_atr"": null, ""freshness_score"": null}",ENTRY_CHECK,LINK-USDT-SWAP,no_fresh_breakout,нет свежего пробоя Donchian на последней закрытой свече,rejected,2026-03-19 14:58:31,
False,нет свежего пробоя Donchian на последней закрытой свече,False,"{""score"": null, ""liquidity_score"": null, ""breakout_distance_atr"": null, ""freshness_score"": null}",ENTRY_CHECK,LIT-USDT-SWAP,no_fresh_breakout,нет свежего пробоя Donchian на последней закрытой свече,rejected,2026-03-19 14:58:31,
False,нет свежего пробоя Donchian на последней закрытой свече,False,"{""score"": null, ""liquidity_score"": null, ""breakout_distance_atr"": null, ""freshness_score"": null}",ENTRY_CHECK,LPT-USDT-SWAP,no_fresh_breakout,нет свежего пробоя Donchian на последней закрытой свече,rejected,2026-03-19 14:58:32,
False,нет свежего пробоя Donchian на последней закрытой свече,False,"{""score"": null, ""liquidity_score"": null, ""breakout_distance_atr"": null, ""freshness_score"": null}",ENTRY_CHECK,LTC-USDT-SWAP,no_fresh_breakout,нет свежего пробоя Donchian на последней закрытой свече,rejected,2026-03-19 14:58:32,
False,нет свежего пробоя Donchian на последней закрытой свече,False,"{""score"": null, ""liquidity_score"": null, ""breakout_distance_atr"": null, ""freshness_score"": null}",ENTRY_CHECK,MAGIC-USDT-SWAP,no_fresh_breakout,нет свежего пробоя Donchian на последней закрытой свече,rejected,2026-03-19 14:58:33,
False,ATR warmup: цена или ATR недоступны после прогрева,False,"{""score"": null, ""liquidity_score"": null, ""breakout_distance_atr"": null, ""freshness_score"": null}",ENTRY_CHECK,MET-USDT-SWAP,atr_warmup:_цена_или_atr_недоступны_после_прогрева,ATR warmup: цена или ATR недоступны после прогрева,rejected,2026-03-19 14:58:33,
False,нет свежего пробоя Donchian на последней закрытой свече,False,"{""score"": null, ""liquidity_score"": null, ""breakout_distance_atr"": null, ""freshness_score"": null}",ENTRY_CHECK,NEAR-USDT-SWAP,no_fresh_breakout,нет свежего пробоя Donchian на последней закрытой свече,rejected,2026-03-19 14:58:33,
False,нет свежего пробоя Donchian на последней закрытой свече,False,"{""score"": null, ""liquidity_score"": null, ""breakout_distance_atr"": null, ""freshness_score"": null}",ENTRY_CHECK,NOT-USDT-SWAP,no_fresh_breakout,нет свежего пробоя Donchian на последней закрытой свече,rejected,2026-03-19 14:58:34,
False,нет свежего пробоя Donchian на последней закрытой свече,False,"{""score"": null, ""liquidity_score"": null, ""breakout_distance_atr"": null, ""freshness_score"": null}",ENTRY_CHECK,OP-USDT-SWAP,no_fresh_breakout,нет свежего пробоя Donchian на последней закрытой свече,rejected,2026-03-19 14:58:34,
False,нет свежего пробоя Donchian на последней закрытой свече,False,"{""score"": null, ""liquidity_score"": null, ""breakout_distance_atr"": null, ""freshness_score"": null}",ENTRY_CHECK,RESOLV-USDT-SWAP,no_fresh_breakout,нет свежего пробоя Donchian на последней закрытой свече,rejected,2026-03-19 14:58:35,
False,нет свежего пробоя Donchian на последней закрытой свече,False,"{""score"": null, ""liquidity_score"": null, ""breakout_distance_atr"": null, ""freshness_score"": null}",ENTRY_CHECK,SKY-USDT-SWAP,no_fresh_breakout,нет свежего пробоя Donchian на последней закрытой свече,rejected,2026-03-19 14:58:35,
False,нет свежего пробоя Donchian на последней закрытой свече,False,"{""score"": null, ""liquidity_score"": null, ""breakout_distance_atr"": null, ""freshness_score"": null}",ENTRY_CHECK,SYRUP-USDT-SWAP,no_fresh_breakout,нет свежего пробоя Donchian на последней закрытой свече,rejected,2026-03-19 14:58:35,
False,нет свежего пробоя Donchian на последней закрытой свече,False,"{""score"": null, ""liquidity_score"": null, ""breakout_distance_atr"": null, ""freshness_score"": null}",ENTRY_CHECK,TON-USDT-SWAP,no_fresh_breakout,нет свежего пробоя Donchian на последней закрытой свече,rejected,2026-03-19 14:58:36,
False,нет свежего пробоя Donchian на последней закрытой свече,False,"{""score"": null, ""liquidity_score"": null, ""breakout_distance_atr"": null, ""freshness_score"": null}",ENTRY_CHECK,TRX-USDT-SWAP,no_fresh_breakout,нет свежего пробоя Donchian на последней закрытой свече,rejected,2026-03-19 14:58:36,
False,нет свежего пробоя Donchian на последней закрытой свече,False,"{""score"": null, ""liquidity_score"": null, ""breakout_distance_atr"": null, ""freshness_score"": null}",ENTRY_CHECK,XAG-USDT-SWAP,no_fresh_breakout,нет свежего пробоя Donchian на последней закрытой свече,rejected,2026-03-19 14:58:37,
False,нет свежего пробоя Donchian на последней закрытой свече,False,"{""score"": null, ""liquidity_score"": null, ""breakout_distance_atr"": null, ""freshness_score"": null}",ENTRY_CHECK,XAU-USDT-SWAP,no_fresh_breakout,нет свежего пробоя Donchian на последней закрытой свече,rejected,2026-03-19 14:58:37,
False,нет свежего пробоя Donchian на последней закрытой свече,False,"{""score"": null, ""liquidity_score"": null, ""breakout_distance_atr"": null, ""freshness_score"": null}",ENTRY_CHECK,XLM-USDT-SWAP,no_fresh_breakout,нет свежего пробоя Donchian на последней закрытой свече,rejected,2026-03-19 14:58:38,
False,нет свежего пробоя Donchian на последней закрытой свече,False,"{""score"": null, ""liquidity_score"": null, ""breakout_distance_atr"": null, ""freshness_score"": null}",ENTRY_CHECK,XRP-USDT-SWAP,no_fresh_breakout,нет свежего пробоя Donchian на последней закрытой свече,rejected,2026-03-19 14:58:38,
False,нет свежего пробоя Donchian на последней закрытой свече,False,"{""score"": null, ""liquidity_score"": null, ""breakout_distance_atr"": null, ""freshness_score"": null}",ENTRY_CHECK,XTZ-USDT-SWAP,no_fresh_breakout,нет свежего пробоя Donchian на последней закрытой свече,rejected,2026-03-19 14:58:38,
False,нет свежего пробоя Donchian на последней закрытой свече,False,"{""score"": null, ""liquidity_score"": null, ""breakout_distance_atr"": null, ""freshness_score"": null}",ENTRY_CHECK,YB-USDT-SWAP,no_fresh_breakout,нет свежего пробоя Donchian на последней закрытой свече,rejected,2026-03-19 14:58:39,
False,нет свежего пробоя Donchian на последней закрытой свече,False,"{""score"": null, ""liquidity_score"": null, ""breakout_distance_atr"": null, ""freshness_score"": null}",ENTRY_CHECK,YGG-USDT-SWAP,no_fresh_breakout,нет свежего пробоя Donchian на последней закрытой свече,rejected,2026-03-19 14:58:39,
False,ATR warmup: цена или ATR недоступны после прогрева,False,"{""score"": null, ""liquidity_score"": null, ""breakout_distance_atr"": null, ""freshness_score"": null}",ENTRY_CHECK,ZBCN-USDT-SWAP,atr_warmup:_цена_или_atr_недоступны_после_прогрева,ATR warmup: цена или ATR недоступны после прогрева,rejected,2026-03-19 14:58:40,
False,нет свежего пробоя Donchian на последней закрытой свече,False,"{""score"": null, ""liquidity_score"": null, ""breakout_distance_atr"": null, ""freshness_score"": null}",ENTRY_CHECK,1INCH-USDT-SWAP,no_fresh_breakout,нет свежего пробоя Donchian на последней закрытой свече,rejected,2026-03-19 14:58:52,
False,нет свежего пробоя Donchian на последней закрытой свече,False,"{""score"": null, ""liquidity_score"": null, ""breakout_distance_atr"": null, ""freshness_score"": null}",ENTRY_CHECK,2Z-USDT-SWAP,no_fresh_breakout,нет свежего пробоя Donchian на последней закрытой свече,rejected,2026-03-19 14:58:52,
False,нет свежего пробоя Donchian на последней закрытой свече,False,"{""score"": null, ""liquidity_score"": null, ""breakout_distance_atr"": null, ""freshness_score"": null}",ENTRY_CHECK,ACT-USDT-SWAP,no_fresh_breakout,нет свежего пробоя Donchian на последней закрытой свече,rejected,2026-03-19 14:58:53,
False,нет свежего пробоя Donchian на последней закрытой свече,False,"{""score"": null, ""liquidity_score"": null, ""breakout_distance_atr"": null, ""freshness_score"": null}",ENTRY_CHECK,AI16Z-USDT-SWAP,no_fresh_breakout,нет свежего пробоя Donchian на последней закрытой свече,rejected,2026-03-19 14:58:53,
False,нет свежего пробоя Donchian на последней закрытой свече,False,"{""score"": null, ""liquidity_score"": null, ""breakout_distance_atr"": null, ""freshness_score"": null}",ENTRY_CHECK,ARB-USDT-SWAP,no_fresh_breakout,нет свежего пробоя Donchian на последней закрытой свече,rejected,2026-03-19 14:58:54,
False,нет свежего пробоя Donchian на последней закрытой свече,False,"{""score"": null, ""liquidity_score"": null, ""breakout_distance_atr"": null, ""freshness_score"": null}",ENTRY_CHECK,ASTER-USDT-SWAP,no_fresh_breakout,нет свежего пробоя Donchian на последней закрытой свече,rejected,2026-03-19 14:58:54,
False,закрытие не удержалось выше канала,False,"{""score"": null, ""liquidity_score"": null, ""breakout_distance_atr"": null, ""freshness_score"": null}",ENTRY_CHECK,AUCTION-USDT-SWAP,закрытие_не_удержалось_выше_канала,закрытие не удержалось выше канала,rejected,2026-03-19 14:58:55,
False,закрытие не удержалось ниже канала,False,"{""score"": null, ""liquidity_score"": null, ""breakout_distance_atr"": null, ""freshness_score"": null}",ENTRY_CHECK,AXS-USDT-SWAP,закрытие_не_удержалось_ниже_канала,закрытие не удержалось ниже канала,rejected,2026-03-19 14:58:56,
False,закрытие не удержалось ниже канала,False,"{""score"": null, ""liquidity_score"": null, ""breakout_distance_atr"": null, ""freshness_score"": null}",ENTRY_CHECK,AXS-USDT-SWAP,закрытие_не_удержалось_ниже_канала,закрытие не удержалось ниже канала,rejected,2026-03-19 14:58:56,
False,нет свежего пробоя Donchian на последней закрытой свече,False,"{""score"": null, ""liquidity_score"": null, ""breakout_distance_atr"": null, ""freshness_score"": null}",ENTRY_CHECK,BNB-USDT-SWAP,no_fresh_breakout,нет свежего пробоя Donchian на последней закрытой свече,rejected,2026-03-19 14:58:56,
False,закрытие не удержалось ниже канала,False,"{""score"": null, ""liquidity_score"": null, ""breakout_distance_atr"": null, ""freshness_score"": null}",ENTRY_CHECK,BOME-USDT-SWAP,закрытие_не_удержалось_ниже_канала,закрытие не удержалось ниже канала,rejected,2026-03-19 14:58:57,
False,momentum chase blocked after 4 same-side candles,False,"{""score"": null, ""liquidity_score"": null, ""breakout_distance_atr"": 0.0972, ""freshness_score"": null}",ENTRY_CHECK,BTC-USDT-SWAP,blacklist,momentum chase blocked after 4 same-side candles,rejected,2026-03-19 14:58:58,
False,нет свежего пробоя Donchian на последней закрытой свече,False,"{""score"": null, ""liquidity_score"": null, ""breakout_distance_atr"": null, ""freshness_score"": null}",ENTRY_CHECK,CFX-USDT-SWAP,no_fresh_breakout,нет свежего пробоя Donchian на последней закрытой свече,rejected,2026-03-19 14:58:58,
False,нет свежего пробоя Donchian на последней закрытой свече,False,"{""score"": null, ""liquidity_score"": null, ""breakout_distance_atr"": null, ""freshness_score"": null}",ENTRY_CHECK,CHZ-USDT-SWAP,no_fresh_breakout,нет свежего пробоя Donchian на последней закрытой свече,rejected,2026-03-19 14:58:59,
False,нет свежего пробоя Donchian на последней закрытой свече,False,"{""score"": null, ""liquidity_score"": null, ""breakout_distance_atr"": null, ""freshness_score"": null}",ENTRY_CHECK,COMP-USDT-SWAP,no_fresh_breakout,нет свежего пробоя Donchian на последней закрытой свече,rejected,2026-03-19 14:58:59,
False,нет свежего пробоя Donchian на последней закрытой свече,False,"{""score"": null, ""liquidity_score"": null, ""breakout_distance_atr"": null, ""freshness_score"": null}",ENTRY_CHECK,CRV-USDT-SWAP,no_fresh_breakout,нет свежего пробоя Donchian на последней закрытой свече,rejected,2026-03-19 14:58:59,
False,нет свежего пробоя Donchian на последней закрытой свече,False,"{""score"": null, ""liquidity_score"": null, ""breakout_distance_atr"": null, ""freshness_score"": null}",ENTRY_CHECK,DOGE-USDT-SWAP,no_fresh_breakout,нет свежего пробоя Donchian на последней закрытой свече,rejected,2026-03-19 14:59:00,
False,нет свежего пробоя Donchian на последней закрытой свече,False,"{""score"": null, ""liquidity_score"": null, ""breakout_distance_atr"": null, ""freshness_score"": null}",ENTRY_CHECK,DOT-USDT-SWAP,no_fresh_breakout,нет свежего пробоя Donchian на последней закрытой свече,rejected,2026-03-19 14:59:00,
False,нет свежего пробоя Donchian на последней закрытой свече,False,"{""score"": null, ""liquidity_score"": null, ""breakout_distance_atr"": null, ""freshness_score"": null}",ENTRY_CHECK,ETH-USDT-SWAP,no_fresh_breakout,нет свежего пробоя Donchian на последней закрытой свече,rejected,2026-03-19 14:59:01,
False,нет свежего пробоя Donchian на последней закрытой свече,False,"{""score"": null, ""liquidity_score"": null, ""breakout_distance_atr"": null, ""freshness_score"": null}",ENTRY_CHECK,ETHW-USDT-SWAP,no_fresh_breakout,нет свежего пробоя Donchian на последней закрытой свече,rejected,2026-03-19 14:59:01,
False,нет свежего пробоя Donchian на последней закрытой свече,False,"{""score"": null, ""liquidity_score"": null, ""breakout_distance_atr"": null, ""freshness_score"": null}",ENTRY_CHECK,FIL-USDT-SWAP,no_fresh_breakout,нет свежего пробоя Donchian на последней закрытой свече,rejected,2026-03-19 14:59:01,
False,нет свежего пробоя Donchian на последней закрытой свече,False,"{""score"": null, ""liquidity_score"": null, ""breakout_distance_atr"": null, ""freshness_score"": null}",ENTRY_CHECK,FLOKI-USDT-SWAP,no_fresh_breakout,нет свежего пробоя Donchian на последней закрытой свече,rejected,2026-03-19 14:59:02,
False,нет свежего пробоя Donchian на последней закрытой свече,False,"{""score"": null, ""liquidity_score"": null, ""breakout_distance_atr"": null, ""freshness_score"": null}",ENTRY_CHECK,GMT-USDT-SWAP,no_fresh_breakout,нет свежего пробоя Donchian на последней закрытой свече,rejected,2026-03-19 14:59:02,
False,нет свежего пробоя Donchian на последней закрытой свече,False,"{""score"": null, ""liquidity_score"": null, ""breakout_distance_atr"": null, ""freshness_score"": null}",ENTRY_CHECK,HOME-USDT-SWAP,no_fresh_breakout,нет свежего пробоя Donchian на последней закрытой свече,rejected,2026-03-19 14:59:03,
False,нет свежего пробоя Donchian на последней закрытой свече,False,"{""score"": null, ""liquidity_score"": null, ""breakout_distance_atr"": null, ""freshness_score"": null}",ENTRY_CHECK,ICP-USDT-SWAP,no_fresh_breakout,нет свежего пробоя Donchian на последней закрытой свече,rejected,2026-03-19 14:59:03,
False,нет свежего пробоя Donchian на последней закрытой свече,False,"{""score"": null, ""liquidity_score"": null, ""breakout_distance_atr"": null, ""freshness_score"": null}",ENTRY_CHECK,INJ-USDT-SWAP,no_fresh_breakout,нет свежего пробоя Donchian на последней закрытой свече,rejected,2026-03-19 14:59:03,
False,нет свежего пробоя Donchian на последней закрытой свече,False,"{""score"": null, ""liquidity_score"": null, ""breakout_distance_atr"": null, ""freshness_score"": null}",ENTRY_CHECK,IOTA-USDT-SWAP,no_fresh_breakout,нет свежего пробоя Donchian на последней закрытой свече,rejected,2026-03-19 14:59:04,
False,нет свежего пробоя Donchian на последней закрытой свече,False,"{""score"": null, ""liquidity_score"": null, ""breakout_distance_atr"": null, ""freshness_score"": null}",ENTRY_CHECK,JUP-USDT-SWAP,no_fresh_breakout,нет свежего пробоя Donchian на последней закрытой свече,rejected,2026-03-19 14:59:04,
False,нет свежего пробоя Donchian на последней закрытой свече,False,"{""score"": null, ""liquidity_score"": null, ""breakout_distance_atr"": null, ""freshness_score"": null}",ENTRY_CHECK,KSM-USDT-SWAP,no_fresh_breakout,нет свежего пробоя Donchian на последней закрытой свече,rejected,2026-03-19 14:59:05,
False,нет свежего пробоя Donchian на последней закрытой свече,False,"{""score"": null, ""liquidity_score"": null, ""breakout_distance_atr"": null, ""freshness_score"": null}",ENTRY_CHECK,LDO-USDT-SWAP,no_fresh_breakout,нет свежего пробоя Donchian на последней закрытой свече,rejected,2026-03-19 14:59:05,
False,нет свежего пробоя Donchian на последней закрытой свече,False,"{""score"": null, ""liquidity_score"": null, ""breakout_distance_atr"": null, ""freshness_score"": null}",ENTRY_CHECK,LINK-USDT-SWAP,no_fresh_breakout,нет свежего пробоя Donchian на последней закрытой свече,rejected,2026-03-19 14:59:05,
False,нет свежего пробоя Donchian на последней закрытой свече,False,"{""score"": null, ""liquidity_score"": null, ""breakout_distance_atr"": null, ""freshness_score"": null}",ENTRY_CHECK,LIT-USDT-SWAP,no_fresh_breakout,нет свежего пробоя Donchian на последней закрытой свече,rejected,2026-03-19 14:59:06,
False,нет свежего пробоя Donchian на последней закрытой свече,False,"{""score"": null, ""liquidity_score"": null, ""breakout_distance_atr"": null, ""freshness_score"": null}",ENTRY_CHECK,LPT-USDT-SWAP,no_fresh_breakout,нет свежего пробоя Donchian на последней закрытой свече,rejected,2026-03-19 14:59:06,
False,нет свежего пробоя Donchian на последней закрытой свече,False,"{""score"": null, ""liquidity_score"": null, ""breakout_distance_atr"": null, ""freshness_score"": null}",ENTRY_CHECK,LTC-USDT-SWAP,no_fresh_breakout,нет свежего пробоя Donchian на последней закрытой свече,rejected,2026-03-19 14:59:07,
False,нет свежего пробоя Donchian на последней закрытой свече,False,"{""score"": null, ""liquidity_score"": null, ""breakout_distance_atr"": null, ""freshness_score"": null}",ENTRY_CHECK,MAGIC-USDT-SWAP,no_fresh_breakout,нет свежего пробоя Donchian на последней закрытой свече,rejected,2026-03-19 14:59:07,
False,ATR warmup: цена или ATR недоступны после прогрева,False,"{""score"": null, ""liquidity_score"": null, ""breakout_distance_atr"": null, ""freshness_score"": null}",ENTRY_CHECK,MET-USDT-SWAP,atr_warmup:_цена_или_atr_недоступны_после_прогрева,ATR warmup: цена или ATR недоступны после прогрева,rejected,2026-03-19 14:59:07,
False,нет свежего пробоя Donchian на последней закрытой свече,False,"{""score"": null, ""liquidity_score"": null, ""breakout_distance_atr"": null, ""freshness_score"": null}",ENTRY_CHECK,NEAR-USDT-SWAP,no_fresh_breakout,нет свежего пробоя Donchian на последней закрытой свече,rejected,2026-03-19 14:59:08,
False,нет свежего пробоя Donchian на последней закрытой свече,False,"{""score"": null, ""liquidity_score"": null, ""breakout_distance_atr"": null, ""freshness_score"": null}",ENTRY_CHECK,NOT-USDT-SWAP,no_fresh_breakout,нет свежего пробоя Donchian на последней закрытой свече,rejected,2026-03-19 14:59:08,
False,нет свежего пробоя Donchian на последней закрытой свече,False,"{""score"": null, ""liquidity_score"": null, ""breakout_distance_atr"": null, ""freshness_score"": null}",ENTRY_CHECK,OP-USDT-SWAP,no_fresh_breakout,нет свежего пробоя Donchian на последней закрытой свече,rejected,2026-03-19 14:59:09,
False,нет свежего пробоя Donchian на последней закрытой свече,False,"{""score"": null, ""liquidity_score"": null, ""breakout_distance_atr"": null, ""freshness_score"": null}",ENTRY_CHECK,RESOLV-USDT-SWAP,no_fresh_breakout,нет свежего пробоя Donchian на последней закрытой свече,rejected,2026-03-19 14:59:09,
False,нет свежего пробоя Donchian на последней закрытой свече,False,"{""score"": null, ""liquidity_score"": null, ""breakout_distance_atr"": null, ""freshness_score"": null}",ENTRY_CHECK,SKY-USDT-SWAP,no_fresh_breakout,нет свежего пробоя Donchian на последней закрытой свече,rejected,2026-03-19 14:59:09,
False,нет свежего пробоя Donchian на последней закрытой свече,False,"{""score"": null, ""liquidity_score"": null, ""breakout_distance_atr"": null, ""freshness_score"": null}",ENTRY_CHECK,SYRUP-USDT-SWAP,no_fresh_breakout,нет свежего пробоя Donchian на последней закрытой свече,rejected,2026-03-19 14:59:10,
False,нет свежего пробоя Donchian на последней закрытой свече,False,"{""score"": null, ""liquidity_score"": null, ""breakout_distance_atr"": null, ""freshness_score"": null}",ENTRY_CHECK,TON-USDT-SWAP,no_fresh_breakout,нет свежего пробоя Donchian на последней закрытой свече,rejected,2026-03-19 14:59:10,
False,нет свежего пробоя Donchian на последней закрытой свече,False,"{""score"": null, ""liquidity_score"": null, ""breakout_distance_atr"": null, ""freshness_score"": null}",ENTRY_CHECK,TRX-USDT-SWAP,no_fresh_breakout,нет свежего пробоя Donchian на последней закрытой свече,rejected,2026-03-19 14:59:11,
False,нет свежего пробоя Donchian на последней закрытой свече,False,"{""score"": null, ""liquidity_score"": null, ""breakout_distance_atr"": null, ""freshness_score"": null}",ENTRY_CHECK,XAG-USDT-SWAP,no_fresh_breakout,нет свежего пробоя Donchian на последней закрытой свече,rejected,2026-03-19 14:59:11,
False,нет свежего пробоя Donchian на последней закрытой свече,False,"{""score"": null, ""liquidity_score"": null, ""breakout_distance_atr"": null, ""freshness_score"": null}",ENTRY_CHECK,XAU-USDT-SWAP,no_fresh_breakout,нет свежего пробоя Donchian на последней закрытой свече,rejected,2026-03-19 14:59:12,
False,нет свежего пробоя Donchian на последней закрытой свече,False,"{""score"": null, ""liquidity_score"": null, ""breakout_distance_atr"": null, ""freshness_score"": null}",ENTRY_CHECK,XLM-USDT-SWAP,no_fresh_breakout,нет свежего пробоя Donchian на последней закрытой свече,rejected,2026-03-19 14:59:12,
False,нет свежего пробоя Donchian на последней закрытой свече,False,"{""score"": null, ""liquidity_score"": null, ""breakout_distance_atr"": null, ""freshness_score"": null}",ENTRY_CHECK,XRP-USDT-SWAP,no_fresh_breakout,нет свежего пробоя Donchian на последней закрытой свече,rejected,2026-03-19 14:59:13,
False,нет свежего пробоя Donchian на последней закрытой свече,False,"{""score"": null, ""liquidity_score"": null, ""breakout_distance_atr"": null, ""freshness_score"": null}",ENTRY_CHECK,XTZ-USDT-SWAP,no_fresh_breakout,нет свежего пробоя Donchian на последней закрытой свече,rejected,2026-03-19 14:59:13,
False,нет свежего пробоя Donchian на последней закрытой свече,False,"{""score"": null, ""liquidity_score"": null, ""breakout_distance_atr"": null, ""freshness_score"": null}",ENTRY_CHECK,YB-USDT-SWAP,no_fresh_breakout,нет свежего пробоя Donchian на последней закрытой свече,rejected,2026-03-19 14:59:13,
False,нет свежего пробоя Donchian на последней закрытой свече,False,"{""score"": null, ""liquidity_score"": null, ""breakout_distance_atr"": null, ""freshness_score"": null}",ENTRY_CHECK,YGG-USDT-SWAP,no_fresh_breakout,нет свежего пробоя Donchian на последней закрытой свече,rejected,2026-03-19 14:59:14,
False,ATR warmup: цена или ATR недоступны после прогрева,False,"{""score"": null, ""liquidity_score"": null, ""breakout_distance_atr"": null, ""freshness_score"": null}",ENTRY_CHECK,ZBCN-USDT-SWAP,atr_warmup:_цена_или_atr_недоступны_после_прогрева,ATR warmup: цена или ATR недоступны после прогрева,rejected,2026-03-19 14:59:14,
False,нет свежего пробоя Donchian на последней закрытой свече,False,"{""score"": null, ""liquidity_score"": null, ""breakout_distance_atr"": null, ""freshness_score"": null}",ENTRY_CHECK,1INCH-USDT-SWAP,no_fresh_breakout,нет свежего пробоя Donchian на последней закрытой свече,rejected,2026-03-19 14:59:23,
False,нет свежего пробоя Donchian на последней закрытой свече,False,"{""score"": null, ""liquidity_score"": null, ""breakout_distance_atr"": null, ""freshness_score"": null}",ENTRY_CHECK,2Z-USDT-SWAP,no_fresh_breakout,нет свежего пробоя Donchian на последней закрытой свече,rejected,2026-03-19 14:59:24,
False,нет свежего пробоя Donchian на последней закрытой свече,False,"{""score"": null, ""liquidity_score"": null, ""breakout_distance_atr"": null, ""freshness_score"": null}",ENTRY_CHECK,ACT-USDT-SWAP,no_fresh_breakout,нет свежего пробоя Donchian на последней закрытой свече,rejected,2026-03-19 14:59:24,
False,нет свежего пробоя Donchian на последней закрытой свече,False,"{""score"": null, ""liquidity_score"": null, ""breakout_distance_atr"": null, ""freshness_score"": null}",ENTRY_CHECK,AI16Z-USDT-SWAP,no_fresh_breakout,нет свежего пробоя Donchian на последней закрытой свече,rejected,2026-03-19 14:59:25,
False,нет свежего пробоя Donchian на последней закрытой свече,False,"{""score"": null, ""liquidity_score"": null, ""breakout_distance_atr"": null, ""freshness_score"": null}",ENTRY_CHECK,ARB-USDT-SWAP,no_fresh_breakout,нет свежего пробоя Donchian на последней закрытой свече,rejected,2026-03-19 14:59:25,
False,нет свежего пробоя Donchian на последней закрытой свече,False,"{""score"": null, ""liquidity_score"": null, ""breakout_distance_atr"": null, ""freshness_score"": null}",ENTRY_CHECK,ASTER-USDT-SWAP,no_fresh_breakout,нет свежего пробоя Donchian на последней закрытой свече,rejected,2026-03-19 14:59:25,
False,закрытие не удержалось выше канала,False,"{""score"": null, ""liquidity_score"": null, ""breakout_distance_atr"": null, ""freshness_score"": null}",ENTRY_CHECK,AUCTION-USDT-SWAP,закрытие_не_удержалось_выше_канала,закрытие не удержалось выше канала,rejected,2026-03-19 14:59:26,
False,закрытие не удержалось ниже канала,False,"{""score"": null, ""liquidity_score"": null, ""breakout_distance_atr"": null, ""freshness_score"": null}",ENTRY_CHECK,AXS-USDT-SWAP,закрытие_не_удержалось_ниже_канала,закрытие не удержалось ниже канала,rejected,2026-03-19 14:59:27,
False,закрытие не удержалось ниже канала,False,"{""score"": null, ""liquidity_score"": null, ""breakout_distance_atr"": null, ""freshness_score"": null}",ENTRY_CHECK,AXS-USDT-SWAP,закрытие_не_удержалось_ниже_канала,закрытие не удержалось ниже канала,rejected,2026-03-19 14:59:27,
False,нет свежего пробоя Donchian на последней закрытой свече,False,"{""score"": null, ""liquidity_score"": null, ""breakout_distance_atr"": null, ""freshness_score"": null}",ENTRY_CHECK,BNB-USDT-SWAP,no_fresh_breakout,нет свежего пробоя Donchian на последней закрытой свече,rejected,2026-03-19 14:59:27,
False,закрытие не удержалось ниже канала,False,"{""score"": null, ""liquidity_score"": null, ""breakout_distance_atr"": null, ""freshness_score"": null}",ENTRY_CHECK,BOME-USDT-SWAP,закрытие_не_удержалось_ниже_канала,закрытие не удержалось ниже канала,rejected,2026-03-19 14:59:28,
False,momentum chase blocked after 4 same-side candles,False,"{""score"": null, ""liquidity_score"": null, ""breakout_distance_atr"": 0.0972, ""freshness_score"": null}",ENTRY_CHECK,BTC-USDT-SWAP,blacklist,momentum chase blocked after 4 same-side candles,rejected,2026-03-19 14:59:29,
False,нет свежего пробоя Donchian на последней закрытой свече,False,"{""score"": null, ""liquidity_score"": null, ""breakout_distance_atr"": null, ""freshness_score"": null}",ENTRY_CHECK,CFX-USDT-SWAP,no_fresh_breakout,нет свежего пробоя Donchian на последней закрытой свече,rejected,2026-03-19 14:59:29,
False,нет свежего пробоя Donchian на последней закрытой свече,False,"{""score"": null, ""liquidity_score"": null, ""breakout_distance_atr"": null, ""freshness_score"": null}",ENTRY_CHECK,CHZ-USDT-SWAP,no_fresh_breakout,нет свежего пробоя Donchian на последней закрытой свече,rejected,2026-03-19 14:59:30,
False,нет свежего пробоя Donchian на последней закрытой свече,False,"{""score"": null, ""liquidity_score"": null, ""breakout_distance_atr"": null, ""freshness_score"": null}",ENTRY_CHECK,COMP-USDT-SWAP,no_fresh_breakout,нет свежего пробоя Donchian на последней закрытой свече,rejected,2026-03-19 14:59:30,
False,нет свежего пробоя Donchian на последней закрытой свече,False,"{""score"": null, ""liquidity_score"": null, ""breakout_distance_atr"": null, ""freshness_score"": null}",ENTRY_CHECK,CRV-USDT-SWAP,no_fresh_breakout,нет свежего пробоя Donchian на последней закрытой свече,rejected,2026-03-19 14:59:31,
False,нет свежего пробоя Donchian на последней закрытой свече,False,"{""score"": null, ""liquidity_score"": null, ""breakout_distance_atr"": null, ""freshness_score"": null}",ENTRY_CHECK,DOGE-USDT-SWAP,no_fresh_breakout,нет свежего пробоя Donchian на последней закрытой свече,rejected,2026-03-19 14:59:31,
False,нет свежего пробоя Donchian на последней закрытой свече,False,"{""score"": null, ""liquidity_score"": null, ""breakout_distance_atr"": null, ""freshness_score"": null}",ENTRY_CHECK,DOT-USDT-SWAP,no_fresh_breakout,нет свежего пробоя Donchian на последней закрытой свече,rejected,2026-03-19 14:59:31,
False,нет свежего пробоя Donchian на последней закрытой свече,False,"{""score"": null, ""liquidity_score"": null, ""breakout_distance_atr"": null, ""freshness_score"": null}",ENTRY_CHECK,ETH-USDT-SWAP,no_fresh_breakout,нет свежего пробоя Donchian на последней закрытой свече,rejected,2026-03-19 14:59:32,
False,нет свежего пробоя Donchian на последней закрытой свече,False,"{""score"": null, ""liquidity_score"": null, ""breakout_distance_atr"": null, ""freshness_score"": null}",ENTRY_CHECK,ETHW-USDT-SWAP,no_fresh_breakout,нет свежего пробоя Donchian на последней закрытой свече,rejected,2026-03-19 14:59:32,
False,нет свежего пробоя Donchian на последней закрытой свече,False,"{""score"": null, ""liquidity_score"": null, ""breakout_distance_atr"": null, ""freshness_score"": null}",ENTRY_CHECK,FIL-USDT-SWAP,no_fresh_breakout,нет свежего пробоя Donchian на последней закрытой свече,rejected,2026-03-19 14:59:33,
False,нет свежего пробоя Donchian на последней закрытой свече,False,"{""score"": null, ""liquidity_score"": null, ""breakout_distance_atr"": null, ""freshness_score"": null}",ENTRY_CHECK,FLOKI-USDT-SWAP,no_fresh_breakout,нет свежего пробоя Donchian на последней закрытой свече,rejected,2026-03-19 14:59:33,
False,нет свежего пробоя Donchian на последней закрытой свече,False,"{""score"": null, ""liquidity_score"": null, ""breakout_distance_atr"": null, ""freshness_score"": null}",ENTRY_CHECK,GMT-USDT-SWAP,no_fresh_breakout,нет свежего пробоя Donchian на последней закрытой свече,rejected,2026-03-19 14:59:33,
False,нет свежего пробоя Donchian на последней закрытой свече,False,"{""score"": null, ""liquidity_score"": null, ""breakout_distance_atr"": null, ""freshness_score"": null}",ENTRY_CHECK,HOME-USDT-SWAP,no_fresh_breakout,нет свежего пробоя Donchian на последней закрытой свече,rejected,2026-03-19 14:59:34,
False,нет свежего пробоя Donchian на последней закрытой свече,False,"{""score"": null, ""liquidity_score"": null, ""breakout_distance_atr"": null, ""freshness_score"": null}",ENTRY_CHECK,ICP-USDT-SWAP,no_fresh_breakout,нет свежего пробоя Donchian на последней закрытой свече,rejected,2026-03-19 14:59:34,
False,нет свежего пробоя Donchian на последней закрытой свече,False,"{""score"": null, ""liquidity_score"": null, ""breakout_distance_atr"": null, ""freshness_score"": null}",ENTRY_CHECK,INJ-USDT-SWAP,no_fresh_breakout,нет свежего пробоя Donchian на последней закрытой свече,rejected,2026-03-19 14:59:35,
False,нет свежего пробоя Donchian на последней закрытой свече,False,"{""score"": null, ""liquidity_score"": null, ""breakout_distance_atr"": null, ""freshness_score"": null}",ENTRY_CHECK,IOTA-USDT-SWAP,no_fresh_breakout,нет свежего пробоя Donchian на последней закрытой свече,rejected,2026-03-19 14:59:35,
False,нет свежего пробоя Donchian на последней закрытой свече,False,"{""score"": null, ""liquidity_score"": null, ""breakout_distance_atr"": null, ""freshness_score"": null}",ENTRY_CHECK,JUP-USDT-SWAP,no_fresh_breakout,нет свежего пробоя Donchian на последней закрытой свече,rejected,2026-03-19 14:59:36,
False,нет свежего пробоя Donchian на последней закрытой свече,False,"{""score"": null, ""liquidity_score"": null, ""breakout_distance_atr"": null, ""freshness_score"": null}",ENTRY_CHECK,KSM-USDT-SWAP,no_fresh_breakout,нет свежего пробоя Donchian на последней закрытой свече,rejected,2026-03-19 14:59:36,
False,нет свежего пробоя Donchian на последней закрытой свече,False,"{""score"": null, ""liquidity_score"": null, ""breakout_distance_atr"": null, ""freshness_score"": null}",ENTRY_CHECK,LDO-USDT-SWAP,no_fresh_breakout,нет свежего пробоя Donchian на последней закрытой свече,rejected,2026-03-19 14:59:36,
False,нет свежего пробоя Donchian на последней закрытой свече,False,"{""score"": null, ""liquidity_score"": null, ""breakout_distance_atr"": null, ""freshness_score"": null}",ENTRY_CHECK,LINK-USDT-SWAP,no_fresh_breakout,нет свежего пробоя Donchian на последней закрытой свече,rejected,2026-03-19 14:59:37,
False,нет свежего пробоя Donchian на последней закрытой свече,False,"{""score"": null, ""liquidity_score"": null, ""breakout_distance_atr"": null, ""freshness_score"": null}",ENTRY_CHECK,LIT-USDT-SWAP,no_fresh_breakout,нет свежего пробоя Donchian на последней закрытой свече,rejected,2026-03-19 14:59:37,
False,нет свежего пробоя Donchian на последней закрытой свече,False,"{""score"": null, ""liquidity_score"": null, ""breakout_distance_atr"": null, ""freshness_score"": null}",ENTRY_CHECK,LPT-USDT-SWAP,no_fresh_breakout,нет свежего пробоя Donchian на последней закрытой свече,rejected,2026-03-19 14:59:38,
False,нет свежего пробоя Donchian на последней закрытой свече,False,"{""score"": null, ""liquidity_score"": null, ""breakout_distance_atr"": null, ""freshness_score"": null}",ENTRY_CHECK,LTC-USDT-SWAP,no_fresh_breakout,нет свежего пробоя Donchian на последней закрытой свече,rejected,2026-03-19 14:59:38,
False,нет свежего пробоя Donchian на последней закрытой свече,False,"{""score"": null, ""liquidity_score"": null, ""breakout_distance_atr"": null, ""freshness_score"": null}",ENTRY_CHECK,MAGIC-USDT-SWAP,no_fresh_breakout,нет свежего пробоя Donchian на последней закрытой свече,rejected,2026-03-19 14:59:38,
False,ATR warmup: цена или ATR недоступны после прогрева,False,"{""score"": null, ""liquidity_score"": null, ""breakout_distance_atr"": null, ""freshness_score"": null}",ENTRY_CHECK,MET-USDT-SWAP,atr_warmup:_цена_или_atr_недоступны_после_прогрева,ATR warmup: цена или ATR недоступны после прогрева,rejected,2026-03-19 14:59:39,
False,нет свежего пробоя Donchian на последней закрытой свече,False,"{""score"": null, ""liquidity_score"": null, ""breakout_distance_atr"": null, ""freshness_score"": null}",ENTRY_CHECK,NEAR-USDT-SWAP,no_fresh_breakout,нет свежего пробоя Donchian на последней закрытой свече,rejected,2026-03-19 14:59:39,
False,нет свежего пробоя Donchian на последней закрытой свече,False,"{""score"": null, ""liquidity_score"": null, ""breakout_distance_atr"": null, ""freshness_score"": null}",ENTRY_CHECK,NOT-USDT-SWAP,no_fresh_breakout,нет свежего пробоя Donchian на последней закрытой свече,rejected,2026-03-19 14:59:40,
False,нет свежего пробоя Donchian на последней закрытой свече,False,"{""score"": null, ""liquidity_score"": null, ""breakout_distance_atr"": null, ""freshness_score"": null}",ENTRY_CHECK,OP-USDT-SWAP,no_fresh_breakout,нет свежего пробоя Donchian на последней закрытой свече,rejected,2026-03-19 14:59:40,
False,нет свежего пробоя Donchian на последней закрытой свече,False,"{""score"": null, ""liquidity_score"": null, ""breakout_distance_atr"": null, ""freshness_score"": null}",ENTRY_CHECK,RESOLV-USDT-SWAP,no_fresh_breakout,нет свежего пробоя Donchian на последней закрытой свече,rejected,2026-03-19 14:59:40,
False,нет свежего пробоя Donchian на последней закрытой свече,False,"{""score"": null, ""liquidity_score"": null, ""breakout_distance_atr"": null, ""freshness_score"": null}",ENTRY_CHECK,SKY-USDT-SWAP,no_fresh_breakout,нет свежего пробоя Donchian на последней закрытой свече,rejected,2026-03-19 14:59:41,
False,нет свежего пробоя Donchian на последней закрытой свече,False,"{""score"": null, ""liquidity_score"": null, ""breakout_distance_atr"": null, ""freshness_score"": null}",ENTRY_CHECK,SYRUP-USDT-SWAP,no_fresh_breakout,нет свежего пробоя Donchian на последней закрытой свече,rejected,2026-03-19 14:59:41,
False,нет свежего пробоя Donchian на последней закрытой свече,False,"{""score"": null, ""liquidity_score"": null, ""breakout_distance_atr"": null, ""freshness_score"": null}",ENTRY_CHECK,TON-USDT-SWAP,no_fresh_breakout,нет свежего пробоя Donchian на последней закрытой свече,rejected,2026-03-19 14:59:42,
False,нет свежего пробоя Donchian на последней закрытой свече,False,"{""score"": null, ""liquidity_score"": null, ""breakout_distance_atr"": null, ""freshness_score"": null}",ENTRY_CHECK,TRX-USDT-SWAP,no_fresh_breakout,нет свежего пробоя Donchian на последней закрытой свече,rejected,2026-03-19 14:59:42,
False,нет свежего пробоя Donchian на последней закрытой свече,False,"{""score"": null, ""liquidity_score"": null, ""breakout_distance_atr"": null, ""freshness_score"": null}",ENTRY_CHECK,XAG-USDT-SWAP,no_fresh_breakout,нет свежего пробоя Donchian на последней закрытой свече,rejected,2026-03-19 14:59:42,
False,нет свежего пробоя Donchian на последней закрытой свече,False,"{""score"": null, ""liquidity_score"": null, ""breakout_distance_atr"": null, ""freshness_score"": null}",ENTRY_CHECK,XAU-USDT-SWAP,no_fresh_breakout,нет свежего пробоя Donchian на последней закрытой свече,rejected,2026-03-19 14:59:43,
False,нет свежего пробоя Donchian на последней закрытой свече,False,"{""score"": null, ""liquidity_score"": null, ""breakout_distance_atr"": null, ""freshness_score"": null}",ENTRY_CHECK,XLM-USDT-SWAP,no_fresh_breakout,нет свежего пробоя Donchian на последней закрытой свече,rejected,2026-03-19 14:59:43,
False,нет свежего пробоя Donchian на последней закрытой свече,False,"{""score"": null, ""liquidity_score"": null, ""breakout_distance_atr"": null, ""freshness_score"": null}",ENTRY_CHECK,XRP-USDT-SWAP,no_fresh_breakout,нет свежего пробоя Donchian на последней закрытой свече,rejected,2026-03-19 14:59:44,
False,нет свежего пробоя Donchian на последней закрытой свече,False,"{""score"": null, ""liquidity_score"": null, ""breakout_distance_atr"": null, ""freshness_score"": null}",ENTRY_CHECK,XTZ-USDT-SWAP,no_fresh_breakout,нет свежего пробоя Donchian на последней закрытой свече,rejected,2026-03-19 14:59:44,
False,нет свежего пробоя Donchian на последней закрытой свече,False,"{""score"": null, ""liquidity_score"": null, ""breakout_distance_atr"": null, ""freshness_score"": null}",ENTRY_CHECK,YB-USDT-SWAP,no_fresh_breakout,нет свежего пробоя Donchian на последней закрытой свече,rejected,2026-03-19 14:59:44,
False,нет свежего пробоя Donchian на последней закрытой свече,False,"{""score"": null, ""liquidity_score"": null, ""breakout_distance_atr"": null, ""freshness_score"": null}",ENTRY_CHECK,YGG-USDT-SWAP,no_fresh_breakout,нет свежего пробоя Donchian на последней закрытой свече,rejected,2026-03-19 14:59:45,
False,ATR warmup: цена или ATR недоступны после прогрева,False,"{""score"": null, ""liquidity_score"": null, ""breakout_distance_atr"": null, ""freshness_score"": null}",ENTRY_CHECK,ZBCN-USDT-SWAP,atr_warmup:_цена_или_atr_недоступны_после_прогрева,ATR warmup: цена или ATR недоступны после прогрева,rejected,2026-03-19 14:59:45,
False,нет свежего пробоя Donchian на последней закрытой свече,False,"{""score"": null, ""liquidity_score"": null, ""breakout_distance_atr"": null, ""freshness_score"": null}",ENTRY_CHECK,1INCH-USDT-SWAP,no_fresh_breakout,нет свежего пробоя Donchian на последней закрытой свече,rejected,2026-03-19 14:59:52,
False,нет свежего пробоя Donchian на последней закрытой свече,False,"{""score"": null, ""liquidity_score"": null, ""breakout_distance_atr"": null, ""freshness_score"": null}",ENTRY_CHECK,2Z-USDT-SWAP,no_fresh_breakout,нет свежего пробоя Donchian на последней закрытой свече,rejected,2026-03-19 14:59:52,
False,нет свежего пробоя Donchian на последней закрытой свече,False,"{""score"": null, ""liquidity_score"": null, ""breakout_distance_atr"": null, ""freshness_score"": null}",ENTRY_CHECK,ACT-USDT-SWAP,no_fresh_breakout,нет свежего пробоя Donchian на последней закрытой свече,rejected,2026-03-19 14:59:53,
False,нет свежего пробоя Donchian на последней закрытой свече,False,"{""score"": null, ""liquidity_score"": null, ""breakout_distance_atr"": null, ""freshness_score"": null}",ENTRY_CHECK,AI16Z-USDT-SWAP,no_fresh_breakout,нет свежего пробоя Donchian на последней закрытой свече,rejected,2026-03-19 14:59:53,
False,нет свежего пробоя Donchian на последней закрытой свече,False,"{""score"": null, ""liquidity_score"": null, ""breakout_distance_atr"": null, ""freshness_score"": null}",ENTRY_CHECK,ARB-USDT-SWAP,no_fresh_breakout,нет свежего пробоя Donchian на последней закрытой свече,rejected,2026-03-19 14:59:54,
False,нет свежего пробоя Donchian на последней закрытой свече,False,"{""score"": null, ""liquidity_score"": null, ""breakout_distance_atr"": null, ""freshness_score"": null}",ENTRY_CHECK,ASTER-USDT-SWAP,no_fresh_breakout,нет свежего пробоя Donchian на последней закрытой свече,rejected,2026-03-19 14:59:54,
False,закрытие не удержалось выше канала,False,"{""score"": null, ""liquidity_score"": null, ""breakout_distance_atr"": null, ""freshness_score"": null}",ENTRY_CHECK,AUCTION-USDT-SWAP,закрытие_не_удержалось_выше_канала,закрытие не удержалось выше канала,rejected,2026-03-19 14:59:55,
False,закрытие не удержалось ниже канала,False,"{""score"": null, ""liquidity_score"": null, ""breakout_distance_atr"": null, ""freshness_score"": null}",ENTRY_CHECK,AXS-USDT-SWAP,закрытие_не_удержалось_ниже_канала,закрытие не удержалось ниже канала,rejected,2026-03-19 14:59:56,
False,закрытие не удержалось ниже канала,False,"{""score"": null, ""liquidity_score"": null, ""breakout_distance_atr"": null, ""freshness_score"": null}",ENTRY_CHECK,AXS-USDT-SWAP,закрытие_не_удержалось_ниже_канала,закрытие не удержалось ниже канала,rejected,2026-03-19 14:59:56,
