2026-03-16 15:49:23,318 | INFO | HTTP Request: GET https://www.okx.com/api/v5/public/instruments?instType=SWAP "HTTP/2 200 OK"
2026-03-16 15:49:23,328 | INFO | Loaded 115 swap instruments
2026-03-16 15:49:23,435 | WARNING | Balance poller failed: [WinError 10035] Операция на незаблокированном сокете не может быть завершена немедленно
2026-03-16 15:49:23,440 | ERROR | Ошибка в цикле стратегии: [WinError 10035] Операция на незаблокированном сокете не может быть завершена немедленно
Traceback (most recent call last):
  File "C:\Users\Home\AppData\Local\Python\pythoncore-3.14-64\Lib\site-packages\httpx\_transports\default.py", line 101, in map_httpcore_exceptions
    yield
  File "C:\Users\Home\AppData\Local\Python\pythoncore-3.14-64\Lib\site-packages\httpx\_transports\default.py", line 250, in handle_request
    resp = self._pool.handle_request(req)
  File "C:\Users\Home\AppData\Local\Python\pythoncore-3.14-64\Lib\site-packages\httpcore\_sync\connection_pool.py", line 256, in handle_request
    raise exc from None
  File "C:\Users\Home\AppData\Local\Python\pythoncore-3.14-64\Lib\site-packages\httpcore\_sync\connection_pool.py", line 236, in handle_request
    response = connection.handle_request(
        pool_request.request
    )
  File "C:\Users\Home\AppData\Local\Python\pythoncore-3.14-64\Lib\site-packages\httpcore\_sync\connection.py", line 103, in handle_request
    return self._connection.handle_request(request)
           ~~~~~~~~~~~~~~~~~~~~~~~~~~~~~~~^^^^^^^^^
  File "C:\Users\Home\AppData\Local\Python\pythoncore-3.14-64\Lib\site-packages\httpcore\_sync\http2.py", line 187, in handle_request
    raise exc
  File "C:\Users\Home\AppData\Local\Python\pythoncore-3.14-64\Lib\site-packages\httpcore\_sync\http2.py", line 150, in handle_request
    status, headers = self._receive_response(
                      ~~~~~~~~~~~~~~~~~~~~~~^
        request=request, stream_id=stream_id
        ^^^^^^^^^^^^^^^^^^^^^^^^^^^^^^^^^^^^
    )
    ^
  File "C:\Users\Home\AppData\Local\Python\pythoncore-3.14-64\Lib\site-packages\httpcore\_sync\http2.py", line 294, in _receive_response
    event = self._receive_stream_event(request, stream_id)
  File "C:\Users\Home\AppData\Local\Python\pythoncore-3.14-64\Lib\site-packages\httpcore\_sync\http2.py", line 336, in _receive_stream_event
    self._receive_events(request, stream_id)
    ~~~~~~~~~~~~~~~~~~~~^^^^^^^^^^^^^^^^^^^^
  File "C:\Users\Home\AppData\Local\Python\pythoncore-3.14-64\Lib\site-packages\httpcore\_sync\http2.py", line 364, in _receive_events
    events = self._read_incoming_data(request)
  File "C:\Users\Home\AppData\Local\Python\pythoncore-3.14-64\Lib\site-packages\httpcore\_sync\http2.py", line 438, in _read_incoming_data
    raise self._read_exception  # pragma: nocover
    ^^^^^^^^^^^^^^^^^^^^^^^^^^
  File "C:\Users\Home\AppData\Local\Python\pythoncore-3.14-64\Lib\site-packages\httpx\_transports\default.py", line 101, in map_httpcore_exceptions
    yield
  File "C:\Users\Home\AppData\Local\Python\pythoncore-3.14-64\Lib\site-packages\httpx\_transports\default.py", line 250, in handle_request
    resp = self._pool.handle_request(req)
  File "C:\Users\Home\AppData\Local\Python\pythoncore-3.14-64\Lib\site-packages\httpcore\_sync\connection_pool.py", line 256, in handle_request
    raise exc from None
  File "C:\Users\Home\AppData\Local\Python\pythoncore-3.14-64\Lib\site-packages\httpcore\_sync\connection_pool.py", line 236, in handle_request
    response = connection.handle_request(
        pool_request.request
    )
  File "C:\Users\Home\AppData\Local\Python\pythoncore-3.14-64\Lib\site-packages\httpcore\_sync\connection.py", line 103, in handle_request
    return self._connection.handle_request(request)
           ~~~~~~~~~~~~~~~~~~~~~~~~~~~~~~~^^^^^^^^^
  File "C:\Users\Home\AppData\Local\Python\pythoncore-3.14-64\Lib\site-packages\httpcore\_sync\http2.py", line 187, in handle_request
    raise exc
  File "C:\Users\Home\AppData\Local\Python\pythoncore-3.14-64\Lib\site-packages\httpcore\_sync\http2.py", line 150, in handle_request
    status, headers = self._receive_response(
                      ~~~~~~~~~~~~~~~~~~~~~~^
        request=request, stream_id=stream_id
        ^^^^^^^^^^^^^^^^^^^^^^^^^^^^^^^^^^^^
    )
    ^
  File "C:\Users\Home\AppData\Local\Python\pythoncore-3.14-64\Lib\site-packages\httpcore\_sync\http2.py", line 294, in _receive_response
    event = self._receive_stream_event(request, stream_id)
  File "C:\Users\Home\AppData\Local\Python\pythoncore-3.14-64\Lib\site-packages\httpcore\_sync\http2.py", line 336, in _receive_stream_event
    self._receive_events(request, stream_id)
    ~~~~~~~~~~~~~~~~~~~~^^^^^^^^^^^^^^^^^^^^
  File "C:\Users\Home\AppData\Local\Python\pythoncore-3.14-64\Lib\site-packages\httpcore\_sync\http2.py", line 364, in _receive_events
    events = self._read_incoming_data(request)
  File "C:\Users\Home\AppData\Local\Python\pythoncore-3.14-64\Lib\site-packages\httpcore\_sync\http2.py", line 455, in _read_incoming_data
    raise exc
  File "C:\Users\Home\AppData\Local\Python\pythoncore-3.14-64\Lib\site-packages\httpcore\_sync\http2.py", line 441, in _read_incoming_data
    data = self._network_stream.read(self.READ_NUM_BYTES, timeout)
  File "C:\Users\Home\AppData\Local\Python\pythoncore-3.14-64\Lib\site-packages\httpcore\_backends\sync.py", line 126, in read
    with map_exceptions(exc_map):
         ~~~~~~~~~~~~~~^^^^^^^^^
  File "C:\Users\Home\AppData\Local\Python\pythoncore-3.14-64\Lib\contextlib.py", line 162, in __exit__
    self.gen.throw(value)
    ~~~~~~~~~~~~~~^^^^^^^
  File "C:\Users\Home\AppData\Local\Python\pythoncore-3.14-64\Lib\site-packages\httpcore\_exceptions.py", line 14, in map_exceptions
    raise to_exc(exc) from exc
httpcore.ReadError: [WinError 10035] Операция на незаблокированном сокете не может быть завершена немедленно

The above exception was the direct cause of the following exception:

Traceback (most recent call last):
  File "D:\GIT\okx-trading-bot\v08x\084_7\main_v084_7.py", line 2560, in run_loop
    self.sync_positions_from_exchange()
    ~~~~~~~~~~~~~~~~~~~~~~~~~~~~~~~~~^^
  File "D:\GIT\okx-trading-bot\v08x\084_7\main_v084_7.py", line 2585, in sync_positions_from_exchange
    exchange_positions = self.gateway.get_positions()
  File "D:\GIT\okx-trading-bot\v08x\084_7\okx_gateway.py", line 48, in get_positions
    resp = self.account_api.get_positions(instType="SWAP")
  File "C:\Users\Home\AppData\Local\Python\pythoncore-3.14-64\Lib\site-packages\okx\Account.py", line 28, in get_positions
    return self._request_with_params(GET, POSITION_INFO, params)
           ~~~~~~~~~~~~~~~~~~~~~~~~~^^^^^^^^^^^^^^^^^^^^^^^^^^^^
  File "C:\Users\Home\AppData\Local\Python\pythoncore-3.14-64\Lib\site-packages\okx\okxclient.py", line 64, in _request_with_params
    return self._request(method, request_path, params)
           ~~~~~~~~~~~~~^^^^^^^^^^^^^^^^^^^^^^^^^^^^^^
  File "C:\Users\Home\AppData\Local\Python\pythoncore-3.14-64\Lib\site-packages\okx\okxclient.py", line 55, in _request
    response = self.get(request_path, headers=header)
  File "C:\Users\Home\AppData\Local\Python\pythoncore-3.14-64\Lib\site-packages\httpx\_client.py", line 1053, in get
    return self.request(
           ~~~~~~~~~~~~^
        "GET",
        ^^^^^^
    ...<7 lines>...
        extensions=extensions,
        ^^^^^^^^^^^^^^^^^^^^^^
    )
    ^
  File "C:\Users\Home\AppData\Local\Python\pythoncore-3.14-64\Lib\site-packages\httpx\_client.py", line 825, in request
    return self.send(request, auth=auth, follow_redirects=follow_redirects)
           ~~~~~~~~~^^^^^^^^^^^^^^^^^^^^^^^^^^^^^^^^^^^^^^^^^^^^^^^^^^^^^^^
  File "C:\Users\Home\AppData\Local\Python\pythoncore-3.14-64\Lib\site-packages\httpx\_client.py", line 914, in send
    response = self._send_handling_auth(
        request,
    ...<2 lines>...
        history=[],
    )
  File "C:\Users\Home\AppData\Local\Python\pythoncore-3.14-64\Lib\site-packages\httpx\_client.py", line 942, in _send_handling_auth
    response = self._send_handling_redirects(
        request,
        follow_redirects=follow_redirects,
        history=history,
    )
  File "C:\Users\Home\AppData\Local\Python\pythoncore-3.14-64\Lib\site-packages\httpx\_client.py", line 979, in _send_handling_redirects
    response = self._send_single_request(request)
  File "C:\Users\Home\AppData\Local\Python\pythoncore-3.14-64\Lib\site-packages\httpx\_client.py", line 1014, in _send_single_request
    response = transport.handle_request(request)
  File "C:\Users\Home\AppData\Local\Python\pythoncore-3.14-64\Lib\site-packages\httpx\_transports\default.py", line 249, in handle_request
    with map_httpcore_exceptions():
         ~~~~~~~~~~~~~~~~~~~~~~~^^
  File "C:\Users\Home\AppData\Local\Python\pythoncore-3.14-64\Lib\contextlib.py", line 162, in __exit__
    self.gen.throw(value)
    ~~~~~~~~~~~~~~^^^^^^^
  File "C:\Users\Home\AppData\Local\Python\pythoncore-3.14-64\Lib\site-packages\httpx\_transports\default.py", line 118, in map_httpcore_exceptions
    raise mapped_exc(message) from exc
httpx.ReadError: [WinError 10035] Операция на незаблокированном сокете не может быть завершена немедленно
2026-03-16 15:49:23,711 | INFO | HTTP Request: GET https://www.okx.com/api/v5/market/ticker?instId=1INCH-USDT-SWAP "HTTP/2 200 OK"
2026-03-16 15:49:24,012 | INFO | HTTP Request: GET https://www.okx.com/api/v5/market/candles?instId=1INCH-USDT-SWAP&bar=5m&limit=89 "HTTP/2 200 OK"
2026-03-16 15:49:24,373 | INFO | HTTP Request: GET https://www.okx.com/api/v5/market/ticker?instId=2Z-USDT-SWAP "HTTP/2 200 OK"
2026-03-16 15:49:24,651 | INFO | HTTP Request: GET https://www.okx.com/api/v5/market/candles?instId=2Z-USDT-SWAP&bar=5m&limit=89 "HTTP/2 200 OK"
2026-03-16 15:49:25,023 | INFO | HTTP Request: GET https://www.okx.com/api/v5/market/ticker?instId=A-USDT-SWAP "HTTP/2 200 OK"
2026-03-16 15:49:25,311 | INFO | HTTP Request: GET https://www.okx.com/api/v5/account/balance "HTTP/2 200 OK"
2026-03-16 15:49:25,355 | INFO | HTTP Request: GET https://www.okx.com/api/v5/market/candles?instId=A-USDT-SWAP&bar=5m&limit=89 "HTTP/2 200 OK"
2026-03-16 15:49:25,657 | INFO | HTTP Request: GET https://www.okx.com/api/v5/market/candles?instId=BTC-USDT-SWAP&bar=5m&limit=64 "HTTP/2 200 OK"
2026-03-16 15:49:25,775 | INFO | HTTP Request: GET https://www.okx.com/api/v5/market/ticker?instId=AAVE-USDT-SWAP "HTTP/2 200 OK"
2026-03-16 15:49:26,076 | INFO | HTTP Request: GET https://www.okx.com/api/v5/market/candles?instId=AAVE-USDT-SWAP&bar=5m&limit=89 "HTTP/2 200 OK"
2026-03-16 15:49:26,506 | INFO | HTTP Request: GET https://www.okx.com/api/v5/market/ticker?instId=ACT-USDT-SWAP "HTTP/2 200 OK"
2026-03-16 15:49:26,813 | INFO | HTTP Request: GET https://www.okx.com/api/v5/market/candles?instId=ACT-USDT-SWAP&bar=5m&limit=89 "HTTP/2 200 OK"
2026-03-16 15:49:27,184 | INFO | HTTP Request: GET https://www.okx.com/api/v5/market/ticker?instId=ADA-USDT-SWAP "HTTP/2 200 OK"
2026-03-16 15:49:27,465 | INFO | HTTP Request: GET https://www.okx.com/api/v5/market/candles?instId=ADA-USDT-SWAP&bar=5m&limit=89 "HTTP/2 200 OK"
2026-03-16 15:49:27,901 | INFO | HTTP Request: GET https://www.okx.com/api/v5/market/ticker?instId=AI16Z-USDT-SWAP "HTTP/2 200 OK"
2026-03-16 15:49:28,217 | INFO | HTTP Request: GET https://www.okx.com/api/v5/market/candles?instId=AI16Z-USDT-SWAP&bar=5m&limit=89 "HTTP/2 200 OK"
2026-03-16 15:49:28,579 | INFO | HTTP Request: GET https://www.okx.com/api/v5/market/ticker?instId=AKITA-USDT-SWAP "HTTP/2 200 OK"
2026-03-16 15:49:28,824 | INFO | HTTP Request: GET https://www.okx.com/api/v5/account/balance "HTTP/2 200 OK"
2026-03-16 15:49:28,878 | INFO | HTTP Request: GET https://www.okx.com/api/v5/account/positions?instType=SWAP "HTTP/2 200 OK"
2026-03-16 15:49:28,926 | INFO | HTTP Request: GET https://www.okx.com/api/v5/market/candles?instId=AKITA-USDT-SWAP&bar=5m&limit=89 "HTTP/2 200 OK"
2026-03-16 15:49:29,115 | INFO | HTTP Request: GET https://www.okx.com/api/v5/market/candles?instId=ETH-USDT-SWAP&bar=5m&limit=26 "HTTP/2 200 OK"
2026-03-16 15:49:29,360 | INFO | HTTP Request: GET https://www.okx.com/api/v5/market/ticker?instId=ALGO-USDT-SWAP "HTTP/2 200 OK"
2026-03-16 15:49:29,432 | INFO | HTTP Request: GET https://www.okx.com/api/v5/market/candles?instId=XAG-USDT-SWAP&bar=5m&limit=26 "HTTP/2 200 OK"
2026-03-16 15:49:29,658 | INFO | HTTP Request: GET https://www.okx.com/api/v5/market/candles?instId=ALGO-USDT-SWAP&bar=5m&limit=89 "HTTP/2 200 OK"
2026-03-16 15:49:29,703 | INFO | HTTP Request: GET https://www.okx.com/api/v5/market/candles?instId=ICP-USDT-SWAP&bar=5m&limit=26 "HTTP/2 200 OK"
2026-03-16 15:49:30,010 | INFO | HTTP Request: GET https://www.okx.com/api/v5/market/candles?instId=BREV-USDT-SWAP&bar=5m&limit=26 "HTTP/2 200 OK"
2026-03-16 15:49:30,032 | INFO | HTTP Request: GET https://www.okx.com/api/v5/market/ticker?instId=ARB-USDT-SWAP "HTTP/2 200 OK"
2026-03-16 15:49:30,250 | INFO | HTTP Request: GET https://www.okx.com/api/v5/market/candles?instId=1INCH-USDT-SWAP&bar=5m&limit=71 "HTTP/2 200 OK"
2026-03-16 15:49:30,274 | INFO | HTTP Request: GET https://www.okx.com/api/v5/market/candles?instId=ARB-USDT-SWAP&bar=5m&limit=89 "HTTP/2 200 OK"
2026-03-16 15:49:30,501 | INFO | HTTP Request: GET https://www.okx.com/api/v5/market/candles?instId=2Z-USDT-SWAP&bar=5m&limit=71 "HTTP/2 200 OK"
2026-03-16 15:49:30,649 | INFO | HTTP Request: GET https://www.okx.com/api/v5/market/ticker?instId=ASP-USDT-SWAP "HTTP/2 200 OK"
2026-03-16 15:49:30,749 | INFO | HTTP Request: GET https://www.okx.com/api/v5/market/candles?instId=A-USDT-SWAP&bar=5m&limit=71 "HTTP/2 200 OK"
2026-03-16 15:49:30,948 | INFO | HTTP Request: GET https://www.okx.com/api/v5/market/candles?instId=ASP-USDT-SWAP&bar=5m&limit=89 "HTTP/2 200 OK"
2026-03-16 15:49:31,068 | INFO | HTTP Request: GET https://www.okx.com/api/v5/market/candles?instId=AAVE-USDT-SWAP&bar=5m&limit=71 "HTTP/2 200 OK"
2026-03-16 15:49:31,378 | INFO | HTTP Request: GET https://www.okx.com/api/v5/market/candles?instId=BTC-USDT-SWAP&bar=5m&limit=64 "HTTP/2 200 OK"
2026-03-16 15:49:31,379 | INFO | HTTP Request: GET https://www.okx.com/api/v5/market/candles?instId=ACT-USDT-SWAP&bar=5m&limit=71 "HTTP/2 200 OK"
2026-03-16 15:49:31,380 | INFO | HTTP Request: GET https://www.okx.com/api/v5/market/ticker?instId=ASTER-USDT-SWAP "HTTP/2 200 OK"
2026-03-16 15:49:31,642 | INFO | HTTP Request: GET https://www.okx.com/api/v5/market/candles?instId=ASTER-USDT-SWAP&bar=5m&limit=71 "HTTP/2 200 OK"
2026-03-16 15:49:31,696 | INFO | ASTER-USDT-SWAP: Turtle 20 short-сигнал отклонён (закрытие не удержалось ниже канала)
2026-03-16 15:49:31,707 | INFO | HTTP Request: GET https://www.okx.com/api/v5/market/candles?instId=ASTER-USDT-SWAP&bar=5m&limit=89 "HTTP/2 200 OK"
2026-03-16 15:49:31,935 | INFO | HTTP Request: GET https://www.okx.com/api/v5/market/candles?instId=ATOM-USDT-SWAP&bar=5m&limit=71 "HTTP/2 200 OK"
2026-03-16 15:49:32,158 | INFO | HTTP Request: GET https://www.okx.com/api/v5/market/ticker?instId=ATOM-USDT-SWAP "HTTP/2 200 OK"
2026-03-16 15:49:32,191 | INFO | HTTP Request: GET https://www.okx.com/api/v5/market/candles?instId=AUCTION-USDT-SWAP&bar=5m&limit=71 "HTTP/2 200 OK"
2026-03-16 15:49:32,432 | INFO | HTTP Request: GET https://www.okx.com/api/v5/market/candles?instId=AVAX-USDT-SWAP&bar=5m&limit=71 "HTTP/2 200 OK"
2026-03-16 15:49:32,469 | INFO | HTTP Request: GET https://www.okx.com/api/v5/market/candles?instId=ATOM-USDT-SWAP&bar=5m&limit=89 "HTTP/2 200 OK"
2026-03-16 15:49:32,745 | INFO | HTTP Request: GET https://www.okx.com/api/v5/market/candles?instId=AXS-USDT-SWAP&bar=5m&limit=71 "HTTP/2 200 OK"
2026-03-16 15:49:32,836 | INFO | HTTP Request: GET https://www.okx.com/api/v5/market/ticker?instId=AUCTION-USDT-SWAP "HTTP/2 200 OK"
2026-03-16 15:49:33,165 | INFO | HTTP Request: GET https://www.okx.com/api/v5/market/candles?instId=BAND-USDT-SWAP&bar=5m&limit=71 "HTTP/2 200 OK"
2026-03-16 15:49:33,304 | INFO | HTTP Request: GET https://www.okx.com/api/v5/market/ticker?instId=AVAX-USDT-SWAP "HTTP/2 200 OK"
2026-03-16 15:49:33,500 | INFO | HTTP Request: GET https://www.okx.com/api/v5/market/candles?instId=BCH-USDT-SWAP&bar=5m&limit=71 "HTTP/2 200 OK"
2026-03-16 15:49:33,674 | INFO | HTTP Request: GET https://www.okx.com/api/v5/market/ticker?instId=AXS-USDT-SWAP "HTTP/2 200 OK"
2026-03-16 15:49:33,759 | INFO | HTTP Request: GET https://www.okx.com/api/v5/market/candles?instId=BIO-USDT-SWAP&bar=5m&limit=71 "HTTP/2 200 OK"
2026-03-16 15:49:34,008 | INFO | HTTP Request: GET https://www.okx.com/api/v5/market/candles?instId=BLUAI-USDT-SWAP&bar=5m&limit=71 "HTTP/2 200 OK"
2026-03-16 15:49:34,074 | INFO | HTTP Request: GET https://www.okx.com/api/v5/market/ticker?instId=BAND-USDT-SWAP "HTTP/2 200 OK"
2026-03-16 15:49:34,253 | INFO | HTTP Request: GET https://www.okx.com/api/v5/account/balance "HTTP/2 200 OK"
2026-03-16 15:49:34,255 | INFO | HTTP Request: GET https://www.okx.com/api/v5/market/candles?instId=BNB-USDT-SWAP&bar=5m&limit=71 "HTTP/2 200 OK"
2026-03-16 15:49:34,470 | INFO | HTTP Request: GET https://www.okx.com/api/v5/market/ticker?instId=BCH-USDT-SWAP "HTTP/2 200 OK"
2026-03-16 15:49:34,507 | INFO | HTTP Request: GET https://www.okx.com/api/v5/market/candles?instId=BOME-USDT-SWAP&bar=5m&limit=71 "HTTP/2 200 OK"
2026-03-16 15:49:34,825 | INFO | HTTP Request: GET https://www.okx.com/api/v5/market/candles?instId=BRETT-USDT-SWAP&bar=5m&limit=71 "HTTP/2 200 OK"
2026-03-16 15:49:34,890 | INFO | HTTP Request: GET https://www.okx.com/api/v5/market/ticker?instId=BIO-USDT-SWAP "HTTP/2 200 OK"
2026-03-16 15:49:35,123 | INFO | HTTP Request: GET https://www.okx.com/api/v5/market/candles?instId=BTC-USDT-SWAP&bar=5m&limit=71 "HTTP/2 200 OK"
2026-03-16 15:49:35,366 | INFO | HTTP Request: GET https://www.okx.com/api/v5/market/ticker?instId=BLUAI-USDT-SWAP "HTTP/2 200 OK"
2026-03-16 15:49:35,455 | INFO | HTTP Request: GET https://www.okx.com/api/v5/market/candles?instId=CAT-USDT-SWAP&bar=5m&limit=71 "HTTP/2 200 OK"
2026-03-16 15:49:35,708 | INFO | HTTP Request: GET https://www.okx.com/api/v5/market/candles?instId=CATI-USDT-SWAP&bar=5m&limit=71 "HTTP/2 200 OK"
2026-03-16 15:49:35,733 | INFO | HTTP Request: GET https://www.okx.com/api/v5/market/ticker?instId=BNB-USDT-SWAP "HTTP/2 200 OK"
2026-03-16 15:49:36,091 | INFO | HTTP Request: GET https://www.okx.com/api/v5/market/candles?instId=CELO-USDT-SWAP&bar=5m&limit=71 "HTTP/2 200 OK"
2026-03-16 15:49:36,109 | INFO | HTTP Request: GET https://www.okx.com/api/v5/market/ticker?instId=BOME-USDT-SWAP "HTTP/2 200 OK"
2026-03-16 15:49:36,455 | INFO | HTTP Request: GET https://www.okx.com/api/v5/market/candles?instId=CFX-USDT-SWAP&bar=5m&limit=71 "HTTP/2 200 OK"
2026-03-16 15:49:36,587 | INFO | HTTP Request: GET https://www.okx.com/api/v5/market/ticker?instId=BRETT-USDT-SWAP "HTTP/2 200 OK"
2026-03-16 15:49:36,774 | INFO | HTTP Request: GET https://www.okx.com/api/v5/market/candles?instId=CHZ-USDT-SWAP&bar=5m&limit=71 "HTTP/2 200 OK"
2026-03-16 15:49:37,005 | INFO | HTTP Request: GET https://www.okx.com/api/v5/market/ticker?instId=BREV-USDT-SWAP "HTTP/2 200 OK"
2026-03-16 15:49:37,044 | INFO | HTTP Request: GET https://www.okx.com/api/v5/market/candles?instId=COAI-USDT-SWAP&bar=5m&limit=71 "HTTP/2 200 OK"
2026-03-16 15:49:37,295 | INFO | HTTP Request: GET https://www.okx.com/api/v5/market/candles?instId=COMP-USDT-SWAP&bar=5m&limit=71 "HTTP/2 200 OK"
2026-03-16 15:49:37,440 | INFO | HTTP Request: GET https://www.okx.com/api/v5/market/ticker?instId=BTC-USDT-SWAP "HTTP/2 200 OK"
2026-03-16 15:49:37,562 | INFO | HTTP Request: GET https://www.okx.com/api/v5/market/candles?instId=CRO-USDT-SWAP&bar=5m&limit=71 "HTTP/2 200 OK"
2026-03-16 15:49:37,803 | INFO | HTTP Request: GET https://www.okx.com/api/v5/market/ticker?instId=CAT-USDT-SWAP "HTTP/2 200 OK"
2026-03-16 15:49:37,856 | INFO | HTTP Request: GET https://www.okx.com/api/v5/market/candles?instId=CRV-USDT-SWAP&bar=5m&limit=71 "HTTP/2 200 OK"
2026-03-16 15:49:38,204 | INFO | HTTP Request: GET https://www.okx.com/api/v5/market/candles?instId=DOGE-USDT-SWAP&bar=5m&limit=71 "HTTP/2 200 OK"
2026-03-16 15:49:38,229 | INFO | HTTP Request: GET https://www.okx.com/api/v5/market/ticker?instId=CATI-USDT-SWAP "HTTP/2 200 OK"
2026-03-16 15:49:38,524 | INFO | HTTP Request: GET https://www.okx.com/api/v5/market/candles?instId=DOT-USDT-SWAP&bar=5m&limit=71 "HTTP/2 200 OK"
2026-03-16 15:49:38,648 | INFO | HTTP Request: GET https://www.okx.com/api/v5/market/ticker?instId=CELO-USDT-SWAP "HTTP/2 200 OK"
2026-03-16 15:49:38,771 | INFO | HTTP Request: GET https://www.okx.com/api/v5/market/candles?instId=ENA-USDT-SWAP&bar=5m&limit=71 "HTTP/2 200 OK"
2026-03-16 15:49:39,079 | INFO | HTTP Request: GET https://www.okx.com/api/v5/market/ticker?instId=CFX-USDT-SWAP "HTTP/2 200 OK"
2026-03-16 15:49:39,087 | INFO | HTTP Request: GET https://www.okx.com/api/v5/market/candles?instId=EOS-USDT-SWAP&bar=5m&limit=71 "HTTP/2 200 OK"
2026-03-16 15:49:39,405 | INFO | HTTP Request: GET https://www.okx.com/api/v5/market/candles?instId=ETC-USDT-SWAP&bar=5m&limit=71 "HTTP/2 200 OK"
2026-03-16 15:49:39,518 | INFO | HTTP Request: GET https://www.okx.com/api/v5/market/ticker?instId=CHZ-USDT-SWAP "HTTP/2 200 OK"
2026-03-16 15:49:39,706 | INFO | HTTP Request: GET https://www.okx.com/api/v5/market/candles?instId=ETHFI-USDT-SWAP&bar=5m&limit=71 "HTTP/2 200 OK"
2026-03-16 15:49:39,723 | INFO | HTTP Request: GET https://www.okx.com/api/v5/account/balance "HTTP/2 200 OK"
2026-03-16 15:49:39,956 | INFO | HTTP Request: GET https://www.okx.com/api/v5/market/ticker?instId=COAI-USDT-SWAP "HTTP/2 200 OK"
2026-03-16 15:49:39,979 | INFO | HTTP Request: GET https://www.okx.com/api/v5/market/candles?instId=ETHW-USDT-SWAP&bar=5m&limit=71 "HTTP/2 200 OK"
2026-03-16 15:49:40,217 | INFO | HTTP Request: GET https://www.okx.com/api/v5/market/candles?instId=FIL-USDT-SWAP&bar=5m&limit=71 "HTTP/2 200 OK"
2026-03-16 15:49:40,386 | INFO | HTTP Request: GET https://www.okx.com/api/v5/market/ticker?instId=COMP-USDT-SWAP "HTTP/2 200 OK"
2026-03-16 15:49:40,458 | INFO | HTTP Request: GET https://www.okx.com/api/v5/market/candles?instId=FLOKI-USDT-SWAP&bar=5m&limit=71 "HTTP/2 200 OK"
2026-03-16 15:49:40,698 | INFO | HTTP Request: GET https://www.okx.com/api/v5/market/candles?instId=GMT-USDT-SWAP&bar=5m&limit=71 "HTTP/2 200 OK"
2026-03-16 15:49:40,778 | INFO | HTTP Request: GET https://www.okx.com/api/v5/market/ticker?instId=CRO-USDT-SWAP "HTTP/2 200 OK"
2026-03-16 15:49:40,824 | INFO | HTTP Request: GET https://www.okx.com/api/v5/market/candles?instId=BTC-USDT-SWAP&bar=5m&limit=64 "HTTP/2 200 OK"
2026-03-16 15:49:40,998 | INFO | HTTP Request: GET https://www.okx.com/api/v5/market/candles?instId=H-USDT-SWAP&bar=5m&limit=71 "HTTP/2 200 OK"
2026-03-16 15:49:41,159 | INFO | HTTP Request: GET https://www.okx.com/api/v5/market/ticker?instId=CRV-USDT-SWAP "HTTP/2 200 OK"
2026-03-16 15:49:41,346 | INFO | HTTP Request: GET https://www.okx.com/api/v5/market/candles?instId=HBAR-USDT-SWAP&bar=5m&limit=71 "HTTP/2 200 OK"
2026-03-16 15:49:41,590 | INFO | HTTP Request: GET https://www.okx.com/api/v5/market/ticker?instId=DOGE-USDT-SWAP "HTTP/2 200 OK"
2026-03-16 15:49:41,676 | INFO | HTTP Request: GET https://www.okx.com/api/v5/market/candles?instId=HMSTR-USDT-SWAP&bar=5m&limit=71 "HTTP/2 200 OK"
2026-03-16 15:49:41,935 | INFO | HTTP Request: GET https://www.okx.com/api/v5/market/candles?instId=HOME-USDT-SWAP&bar=5m&limit=71 "HTTP/2 200 OK"
2026-03-16 15:49:42,009 | INFO | HTTP Request: GET https://www.okx.com/api/v5/market/ticker?instId=DOT-USDT-SWAP "HTTP/2 200 OK"
2026-03-16 15:49:42,172 | INFO | HTTP Request: GET https://www.okx.com/api/v5/market/candles?instId=IMX-USDT-SWAP&bar=5m&limit=71 "HTTP/2 200 OK"
2026-03-16 15:49:42,461 | INFO | HTTP Request: GET https://www.okx.com/api/v5/market/ticker?instId=ENA-USDT-SWAP "HTTP/2 200 OK"
2026-03-16 15:49:42,465 | INFO | HTTP Request: GET https://www.okx.com/api/v5/market/candles?instId=INJ-USDT-SWAP&bar=5m&limit=71 "HTTP/2 200 OK"
2026-03-16 15:49:42,782 | INFO | HTTP Request: GET https://www.okx.com/api/v5/market/candles?instId=IOTA-USDT-SWAP&bar=5m&limit=71 "HTTP/2 200 OK"
2026-03-16 15:49:42,836 | INFO | HTTP Request: GET https://www.okx.com/api/v5/market/ticker?instId=EOS-USDT-SWAP "HTTP/2 200 OK"
2026-03-16 15:49:43,103 | INFO | HTTP Request: GET https://www.okx.com/api/v5/market/candles?instId=JUP-USDT-SWAP&bar=5m&limit=71 "HTTP/2 200 OK"
2026-03-16 15:49:43,260 | INFO | HTTP Request: GET https://www.okx.com/api/v5/market/ticker?instId=ETC-USDT-SWAP "HTTP/2 200 OK"
2026-03-16 15:49:43,403 | INFO | HTTP Request: GET https://www.okx.com/api/v5/market/candles?instId=KAITO-USDT-SWAP&bar=5m&limit=71 "HTTP/2 200 OK"
2026-03-16 15:49:43,643 | INFO | HTTP Request: GET https://www.okx.com/api/v5/market/candles?instId=KSM-USDT-SWAP&bar=5m&limit=71 "HTTP/2 200 OK"
2026-03-16 15:49:43,703 | INFO | HTTP Request: GET https://www.okx.com/api/v5/market/ticker?instId=ETH-USDT-SWAP "HTTP/2 200 OK"
2026-03-16 15:49:43,900 | INFO | HTTP Request: GET https://www.okx.com/api/v5/market/candles?instId=LDO-USDT-SWAP&bar=5m&limit=71 "HTTP/2 200 OK"
2026-03-16 15:49:44,154 | INFO | HTTP Request: GET https://www.okx.com/api/v5/market/candles?instId=LINEA-USDT-SWAP&bar=5m&limit=71 "HTTP/2 200 OK"
2026-03-16 15:49:44,159 | INFO | HTTP Request: GET https://www.okx.com/api/v5/market/ticker?instId=ETHFI-USDT-SWAP "HTTP/2 200 OK"
2026-03-16 15:49:44,405 | INFO | HTTP Request: GET https://www.okx.com/api/v5/market/candles?instId=LINK-USDT-SWAP&bar=5m&limit=71 "HTTP/2 200 OK"
2026-03-16 15:49:44,596 | INFO | HTTP Request: GET https://www.okx.com/api/v5/market/ticker?instId=ETHW-USDT-SWAP "HTTP/2 200 OK"
2026-03-16 15:49:44,641 | INFO | HTTP Request: GET https://www.okx.com/api/v5/market/candles?instId=LIT-USDT-SWAP&bar=5m&limit=71 "HTTP/2 200 OK"
2026-03-16 15:49:44,882 | INFO | HTTP Request: GET https://www.okx.com/api/v5/market/candles?instId=LPT-USDT-SWAP&bar=5m&limit=71 "HTTP/2 200 OK"
2026-03-16 15:49:45,041 | INFO | HTTP Request: GET https://www.okx.com/api/v5/market/ticker?instId=FIL-USDT-SWAP "HTTP/2 200 OK"
2026-03-16 15:49:45,117 | INFO | HTTP Request: GET https://www.okx.com/api/v5/account/balance "HTTP/2 200 OK"
2026-03-16 15:49:45,130 | INFO | HTTP Request: GET https://www.okx.com/api/v5/market/candles?instId=LQTY-USDT-SWAP&bar=5m&limit=71 "HTTP/2 200 OK"
2026-03-16 15:49:45,428 | INFO | HTTP Request: GET https://www.okx.com/api/v5/market/candles?instId=LRC-USDT-SWAP&bar=5m&limit=71 "HTTP/2 200 OK"
2026-03-16 15:49:45,444 | INFO | HTTP Request: GET https://www.okx.com/api/v5/market/ticker?instId=FLOKI-USDT-SWAP "HTTP/2 200 OK"
2026-03-16 15:49:45,686 | INFO | HTTP Request: GET https://www.okx.com/api/v5/market/candles?instId=LTC-USDT-SWAP&bar=5m&limit=71 "HTTP/2 200 OK"
2026-03-16 15:49:45,888 | INFO | HTTP Request: GET https://www.okx.com/api/v5/market/ticker?instId=GMT-USDT-SWAP "HTTP/2 200 OK"
2026-03-16 15:49:45,937 | INFO | HTTP Request: GET https://www.okx.com/api/v5/market/candles?instId=MAGIC-USDT-SWAP&bar=5m&limit=71 "HTTP/2 200 OK"
2026-03-16 15:49:46,245 | INFO | HTTP Request: GET https://www.okx.com/api/v5/market/candles?instId=MAJOR-USDT-SWAP&bar=5m&limit=71 "HTTP/2 200 OK"
2026-03-16 15:49:46,249 | INFO | HTTP Request: GET https://www.okx.com/api/v5/market/ticker?instId=H-USDT-SWAP "HTTP/2 200 OK"
2026-03-16 15:49:46,540 | INFO | HTTP Request: GET https://www.okx.com/api/v5/market/candles?instId=MASK-USDT-SWAP&bar=5m&limit=71 "HTTP/2 200 OK"
2026-03-16 15:49:46,665 | INFO | HTTP Request: GET https://www.okx.com/api/v5/market/ticker?instId=HBAR-USDT-SWAP "HTTP/2 200 OK"
2026-03-16 15:49:46,926 | INFO | HTTP Request: GET https://www.okx.com/api/v5/market/candles?instId=MET-USDT-SWAP&bar=5m&limit=71 "HTTP/2 200 OK"
2026-03-16 15:49:47,061 | INFO | HTTP Request: GET https://www.okx.com/api/v5/market/candles?instId=BTC-USDT-SWAP&bar=5m&limit=64 "HTTP/2 200 OK"
2026-03-16 15:49:47,085 | INFO | HTTP Request: GET https://www.okx.com/api/v5/market/ticker?instId=HMSTR-USDT-SWAP "HTTP/2 200 OK"
2026-03-16 15:49:47,206 | INFO | HTTP Request: GET https://www.okx.com/api/v5/market/candles?instId=MINA-USDT-SWAP&bar=5m&limit=71 "HTTP/2 200 OK"
2026-03-16 15:49:47,442 | INFO | HTTP Request: GET https://www.okx.com/api/v5/market/ticker?instId=HOME-USDT-SWAP "HTTP/2 200 OK"
2026-03-16 15:49:47,689 | INFO | HTTP Request: GET https://www.okx.com/api/v5/market/candles?instId=MKR-USDT-SWAP&bar=5m&limit=71 "HTTP/2 200 OK"
2026-03-16 15:49:47,863 | INFO | HTTP Request: GET https://www.okx.com/api/v5/market/ticker?instId=ICP-USDT-SWAP "HTTP/2 200 OK"
2026-03-16 15:49:47,924 | INFO | HTTP Request: GET https://www.okx.com/api/v5/market/candles?instId=MUBARAK-USDT-SWAP&bar=5m&limit=71 "HTTP/2 200 OK"
2026-03-16 15:49:48,216 | INFO | HTTP Request: GET https://www.okx.com/api/v5/market/ticker?instId=MUBARAK-USDT-SWAP "HTTP/2 200 OK"
2026-03-16 15:49:48,335 | INFO | HTTP Request: GET https://www.okx.com/api/v5/market/ticker?instId=IMX-USDT-SWAP "HTTP/2 200 OK"
2026-03-16 15:49:48,479 | INFO | HTTP Request: GET https://www.okx.com/api/v5/market/candles?instId=NEAR-USDT-SWAP&bar=5m&limit=71 "HTTP/2 200 OK"
2026-03-16 15:49:48,772 | INFO | HTTP Request: GET https://www.okx.com/api/v5/market/ticker?instId=INJ-USDT-SWAP "HTTP/2 200 OK"
2026-03-16 15:49:48,799 | INFO | HTTP Request: GET https://www.okx.com/api/v5/market/candles?instId=NEO-USDT-SWAP&bar=5m&limit=71 "HTTP/2 200 OK"
2026-03-16 15:49:49,106 | INFO | HTTP Request: GET https://www.okx.com/api/v5/market/candles?instId=NOT-USDT-SWAP&bar=5m&limit=71 "HTTP/2 200 OK"
2026-03-16 15:49:49,199 | INFO | HTTP Request: GET https://www.okx.com/api/v5/market/ticker?instId=IOTA-USDT-SWAP "HTTP/2 200 OK"
2026-03-16 15:49:49,418 | INFO | HTTP Request: GET https://www.okx.com/api/v5/market/candles?instId=OP-USDT-SWAP&bar=5m&limit=71 "HTTP/2 200 OK"
2026-03-16 15:49:49,579 | INFO | HTTP Request: GET https://www.okx.com/api/v5/market/ticker?instId=JUP-USDT-SWAP "HTTP/2 200 OK"
2026-03-16 15:49:49,670 | INFO | HTTP Request: GET https://www.okx.com/api/v5/market/candles?instId=PEPE-USDT-SWAP&bar=5m&limit=71 "HTTP/2 200 OK"
2026-03-16 15:49:49,978 | INFO | HTTP Request: GET https://www.okx.com/api/v5/market/ticker?instId=KAITO-USDT-SWAP "HTTP/2 200 OK"
2026-03-16 15:49:49,984 | INFO | HTTP Request: GET https://www.okx.com/api/v5/market/candles?instId=PIGGY-USDT-SWAP&bar=5m&limit=71 "HTTP/2 200 OK"
2026-03-16 15:49:50,297 | INFO | HTTP Request: GET https://www.okx.com/api/v5/market/candles?instId=QTUM-USDT-SWAP&bar=5m&limit=71 "HTTP/2 200 OK"
2026-03-16 15:49:50,411 | INFO | HTTP Request: GET https://www.okx.com/api/v5/market/ticker?instId=KSM-USDT-SWAP "HTTP/2 200 OK"
2026-03-16 15:49:50,534 | INFO | HTTP Request: GET https://www.okx.com/api/v5/market/candles?instId=RAVE-USDT-SWAP&bar=5m&limit=71 "HTTP/2 200 OK"
2026-03-16 15:49:50,539 | INFO | HTTP Request: GET https://www.okx.com/api/v5/account/balance "HTTP/2 200 OK"
2026-03-16 15:49:50,783 | INFO | HTTP Request: GET https://www.okx.com/api/v5/market/ticker?instId=LDO-USDT-SWAP "HTTP/2 200 OK"
2026-03-16 15:49:50,786 | INFO | HTTP Request: GET https://www.okx.com/api/v5/market/candles?instId=RESOLV-USDT-SWAP&bar=5m&limit=71 "HTTP/2 200 OK"
2026-03-16 15:49:51,086 | INFO | HTTP Request: GET https://www.okx.com/api/v5/market/candles?instId=ROBO-USDT-SWAP&bar=5m&limit=71 "HTTP/2 200 OK"
2026-03-16 15:49:51,156 | INFO | HTTP Request: GET https://www.okx.com/api/v5/market/ticker?instId=LINEA-USDT-SWAP "HTTP/2 200 OK"
2026-03-16 15:49:51,406 | INFO | HTTP Request: GET https://www.okx.com/api/v5/market/candles?instId=SAND-USDT-SWAP&bar=5m&limit=71 "HTTP/2 200 OK"
2026-03-16 15:49:51,572 | INFO | HTTP Request: GET https://www.okx.com/api/v5/market/ticker?instId=LINK-USDT-SWAP "HTTP/2 200 OK"
2026-03-16 15:49:51,713 | INFO | HTTP Request: GET https://www.okx.com/api/v5/market/candles?instId=SCR-USDT-SWAP&bar=5m&limit=71 "HTTP/2 200 OK"
2026-03-16 15:49:51,955 | INFO | HTTP Request: GET https://www.okx.com/api/v5/market/candles?instId=SHIB-USDT-SWAP&bar=5m&limit=71 "HTTP/2 200 OK"
2026-03-16 15:49:51,967 | INFO | HTTP Request: GET https://www.okx.com/api/v5/market/ticker?instId=LIT-USDT-SWAP "HTTP/2 200 OK"
2026-03-16 15:49:52,277 | INFO | HTTP Request: GET https://www.okx.com/api/v5/market/candles?instId=SKY-USDT-SWAP&bar=5m&limit=71 "HTTP/2 200 OK"
2026-03-16 15:49:52,402 | INFO | HTTP Request: GET https://www.okx.com/api/v5/market/ticker?instId=LPT-USDT-SWAP "HTTP/2 200 OK"
2026-03-16 15:49:52,534 | INFO | HTTP Request: GET https://www.okx.com/api/v5/market/candles?instId=SOL-USDT-SWAP&bar=5m&limit=71 "HTTP/2 200 OK"
2026-03-16 15:49:52,843 | INFO | HTTP Request: GET https://www.okx.com/api/v5/market/ticker?instId=LQTY-USDT-SWAP "HTTP/2 200 OK"
2026-03-16 15:49:52,847 | INFO | HTTP Request: GET https://www.okx.com/api/v5/market/ticker?instId=SOL-USDT-SWAP "HTTP/2 200 OK"
2026-03-16 15:49:52,853 | INFO | SOL-USDT-SWAP: Turtle 20 short-сигнал отклонён (закрытие не удержалось ниже канала)
2026-03-16 15:49:53,088 | INFO | HTTP Request: GET https://www.okx.com/api/v5/market/candles?instId=SOLV-USDT-SWAP&bar=5m&limit=71 "HTTP/2 200 OK"
2026-03-16 15:49:53,213 | INFO | HTTP Request: GET https://www.okx.com/api/v5/market/ticker?instId=LRC-USDT-SWAP "HTTP/2 200 OK"
2026-03-16 15:49:53,255 | INFO | HTTP Request: GET https://www.okx.com/api/v5/market/candles?instId=BTC-USDT-SWAP&bar=5m&limit=64 "HTTP/2 200 OK"
2026-03-16 15:49:53,327 | INFO | HTTP Request: GET https://www.okx.com/api/v5/market/candles?instId=SPK-USDT-SWAP&bar=5m&limit=71 "HTTP/2 200 OK"
2026-03-16 15:49:53,574 | INFO | HTTP Request: GET https://www.okx.com/api/v5/market/ticker?instId=LTC-USDT-SWAP "HTTP/2 200 OK"
2026-03-16 15:49:53,613 | INFO | HTTP Request: GET https://www.okx.com/api/v5/market/candles?instId=STRK-USDT-SWAP&bar=5m&limit=71 "HTTP/2 200 OK"
2026-03-16 15:49:53,852 | INFO | HTTP Request: GET https://www.okx.com/api/v5/market/candles?instId=SUI-USDT-SWAP&bar=5m&limit=71 "HTTP/2 200 OK"
2026-03-16 15:49:53,994 | INFO | HTTP Request: GET https://www.okx.com/api/v5/market/ticker?instId=MAGIC-USDT-SWAP "HTTP/2 200 OK"
2026-03-16 15:49:54,099 | INFO | HTTP Request: GET https://www.okx.com/api/v5/market/candles?instId=SUSHI-USDT-SWAP&bar=5m&limit=71 "HTTP/2 200 OK"
2026-03-16 15:49:54,412 | INFO | HTTP Request: GET https://www.okx.com/api/v5/market/ticker?instId=MAJOR-USDT-SWAP "HTTP/2 200 OK"
2026-03-16 15:49:54,486 | INFO | HTTP Request: GET https://www.okx.com/api/v5/market/candles?instId=SYRUP-USDT-SWAP&bar=5m&limit=71 "HTTP/2 200 OK"
2026-03-16 15:49:54,771 | INFO | HTTP Request: GET https://www.okx.com/api/v5/market/candles?instId=TEST1234-USDT-SWAP&bar=5m&limit=71 "HTTP/2 200 OK"
2026-03-16 15:49:54,783 | INFO | HTTP Request: GET https://www.okx.com/api/v5/market/ticker?instId=MASK-USDT-SWAP "HTTP/2 200 OK"
2026-03-16 15:49:55,138 | INFO | HTTP Request: GET https://www.okx.com/api/v5/market/candles?instId=TEST3103-USDT-SWAP&bar=5m&limit=71 "HTTP/2 200 OK"
2026-03-16 15:49:55,260 | INFO | HTTP Request: GET https://www.okx.com/api/v5/market/ticker?instId=MET-USDT-SWAP "HTTP/2 200 OK"
2026-03-16 15:49:55,456 | INFO | HTTP Request: GET https://www.okx.com/api/v5/market/candles?instId=TEST3110-USDT-SWAP&bar=5m&limit=71 "HTTP/2 200 OK"
2026-03-16 15:49:55,698 | INFO | HTTP Request: GET https://www.okx.com/api/v5/market/ticker?instId=MINA-USDT-SWAP "HTTP/2 200 OK"
2026-03-16 15:49:55,795 | INFO | HTTP Request: GET https://www.okx.com/api/v5/market/candles?instId=THETA-USDT-SWAP&bar=5m&limit=71 "HTTP/2 200 OK"
2026-03-16 15:49:55,994 | INFO | HTTP Request: GET https://www.okx.com/api/v5/account/balance "HTTP/2 200 OK"
2026-03-16 15:49:56,116 | INFO | HTTP Request: GET https://www.okx.com/api/v5/market/candles?instId=TON-USDT-SWAP&bar=5m&limit=71 "HTTP/2 200 OK"
2026-03-16 15:49:56,128 | INFO | HTTP Request: GET https://www.okx.com/api/v5/market/ticker?instId=MKR-USDT-SWAP "HTTP/2 200 OK"
2026-03-16 15:49:56,356 | INFO | HTTP Request: GET https://www.okx.com/api/v5/market/candles?instId=TRIA-USDT-SWAP&bar=5m&limit=71 "HTTP/2 200 OK"
2026-03-16 15:49:56,618 | INFO | HTTP Request: GET https://www.okx.com/api/v5/market/ticker?instId=NEAR-USDT-SWAP "HTTP/2 200 OK"
2026-03-16 15:49:56,669 | INFO | HTTP Request: GET https://www.okx.com/api/v5/market/candles?instId=TRX-USDT-SWAP&bar=5m&limit=71 "HTTP/2 200 OK"
2026-03-16 15:49:56,991 | INFO | HTTP Request: GET https://www.okx.com/api/v5/market/candles?instId=TSLA-USDT-SWAP&bar=5m&limit=71 "HTTP/2 200 OK"
2026-03-16 15:49:57,095 | INFO | HTTP Request: GET https://www.okx.com/api/v5/market/ticker?instId=NEO-USDT-SWAP "HTTP/2 200 OK"
2026-03-16 15:49:57,286 | INFO | HTTP Request: GET https://www.okx.com/api/v5/market/candles?instId=XAU-USDT-SWAP&bar=5m&limit=71 "HTTP/2 200 OK"
2026-03-16 15:49:57,531 | INFO | HTTP Request: GET https://www.okx.com/api/v5/market/ticker?instId=NOT-USDT-SWAP "HTTP/2 200 OK"
2026-03-16 15:49:57,544 | INFO | HTTP Request: GET https://www.okx.com/api/v5/market/candles?instId=XLM-USDT-SWAP&bar=5m&limit=71 "HTTP/2 200 OK"
2026-03-16 15:49:57,796 | INFO | HTTP Request: GET https://www.okx.com/api/v5/market/candles?instId=XPL-USDT-SWAP&bar=5m&limit=71 "HTTP/2 200 OK"
2026-03-16 15:49:57,894 | INFO | HTTP Request: GET https://www.okx.com/api/v5/market/ticker?instId=OP-USDT-SWAP "HTTP/2 200 OK"
2026-03-16 15:49:58,092 | INFO | HTTP Request: GET https://www.okx.com/api/v5/market/candles?instId=XRP-USDT-SWAP&bar=5m&limit=71 "HTTP/2 200 OK"
2026-03-16 15:49:58,262 | INFO | HTTP Request: GET https://www.okx.com/api/v5/market/ticker?instId=PEPE-USDT-SWAP "HTTP/2 200 OK"
2026-03-16 15:49:58,412 | INFO | HTTP Request: GET https://www.okx.com/api/v5/market/candles?instId=XSR-USDT-SWAP&bar=5m&limit=71 "HTTP/2 200 OK"
2026-03-16 15:49:58,635 | INFO | HTTP Request: GET https://www.okx.com/api/v5/market/ticker?instId=PIGGY-USDT-SWAP "HTTP/2 200 OK"
2026-03-16 15:49:58,725 | INFO | HTTP Request: GET https://www.okx.com/api/v5/market/candles?instId=XTZ-USDT-SWAP&bar=5m&limit=71 "HTTP/2 200 OK"
2026-03-16 15:49:58,990 | INFO | HTTP Request: GET https://www.okx.com/api/v5/market/ticker?instId=QTUM-USDT-SWAP "HTTP/2 200 OK"
2026-03-16 15:49:59,067 | INFO | HTTP Request: GET https://www.okx.com/api/v5/market/candles?instId=YB-USDT-SWAP&bar=5m&limit=71 "HTTP/2 200 OK"
2026-03-16 15:49:59,366 | INFO | HTTP Request: GET https://www.okx.com/api/v5/market/ticker?instId=RAVE-USDT-SWAP "HTTP/2 200 OK"
2026-03-16 15:49:59,501 | INFO | HTTP Request: GET https://www.okx.com/api/v5/market/candles?instId=BTC-USDT-SWAP&bar=5m&limit=64 "HTTP/2 200 OK"
2026-03-16 15:49:59,603 | INFO | HTTP Request: GET https://www.okx.com/api/v5/market/candles?instId=YFI-USDT-SWAP&bar=5m&limit=71 "HTTP/2 200 OK"
2026-03-16 15:49:59,741 | INFO | HTTP Request: GET https://www.okx.com/api/v5/market/ticker?instId=RESOLV-USDT-SWAP "HTTP/2 200 OK"
2026-03-16 15:49:59,979 | INFO | HTTP Request: GET https://www.okx.com/api/v5/market/candles?instId=YGG-USDT-SWAP&bar=5m&limit=71 "HTTP/2 200 OK"
2026-03-16 15:50:00,112 | INFO | HTTP Request: GET https://www.okx.com/api/v5/market/ticker?instId=ROBO-USDT-SWAP "HTTP/2 200 OK"
2026-03-16 15:50:00,288 | INFO | HTTP Request: GET https://www.okx.com/api/v5/market/candles?instId=ZAMA-USDT-SWAP&bar=5m&limit=71 "HTTP/2 200 OK"
2026-03-16 15:50:00,532 | INFO | HTTP Request: GET https://www.okx.com/api/v5/market/ticker?instId=SAND-USDT-SWAP "HTTP/2 200 OK"
2026-03-16 15:50:00,642 | INFO | HTTP Request: GET https://www.okx.com/api/v5/market/candles?instId=ZBCN-USDT-SWAP&bar=5m&limit=71 "HTTP/2 200 OK"
2026-03-16 15:50:00,879 | INFO | HTTP Request: GET https://www.okx.com/api/v5/market/candles?instId=ZETA-USDT-SWAP&bar=5m&limit=71 "HTTP/2 200 OK"
2026-03-16 15:50:00,905 | INFO | HTTP Request: GET https://www.okx.com/api/v5/market/ticker?instId=SCR-USDT-SWAP "HTTP/2 200 OK"
2026-03-16 15:50:01,192 | INFO | HTTP Request: GET https://www.okx.com/api/v5/market/candles?instId=ZIL-USDT-SWAP&bar=5m&limit=71 "HTTP/2 200 OK"
2026-03-16 15:50:01,328 | INFO | HTTP Request: GET https://www.okx.com/api/v5/market/ticker?instId=SHIB-USDT-SWAP "HTTP/2 200 OK"
2026-03-16 15:50:01,409 | INFO | HTTP Request: GET https://www.okx.com/api/v5/account/balance "HTTP/2 200 OK"
2026-03-16 15:50:01,521 | INFO | HTTP Request: GET https://www.okx.com/api/v5/account/balance "HTTP/2 200 OK"
2026-03-16 15:50:01,544 | INFO | Placing order MUBARAK-USDT-SWAP buy qty=863.0
2026-03-16 15:50:01,745 | INFO | HTTP Request: GET https://www.okx.com/api/v5/market/ticker?instId=SKY-USDT-SWAP "HTTP/2 200 OK"
2026-03-16 15:50:01,890 | INFO | HTTP Request: POST https://www.okx.com/api/v5/trade/order "HTTP/2 200 OK"
2026-03-16 15:50:01,897 | WARNING | Instrument MUBARAK-USDT-SWAP blocked by exchange compliance: You can't trade this pair or borrow this crypto due to local compliance restrictions. 
2026-03-16 15:50:02,221 | INFO | HTTP Request: GET https://www.okx.com/api/v5/market/candles?instId=ETH-USDT-SWAP&bar=5m&limit=26 "HTTP/2 200 OK"
2026-03-16 15:50:02,229 | INFO | HTTP Request: GET https://www.okx.com/api/v5/market/ticker?instId=SOLV-USDT-SWAP "HTTP/2 200 OK"
2026-03-16 15:50:02,462 | INFO | HTTP Request: GET https://www.okx.com/api/v5/market/ticker?instId=ETH-USDT-SWAP "HTTP/2 200 OK"
2026-03-16 15:50:02,471 | INFO | Placing exchange stop ETH-USDT-SWAP long payload={'instId': 'ETH-USDT-SWAP', 'tdMode': 'isolated', 'side': 'sell', 'posSide': 'net', 'ordType': 'conditional', 'sz': '24.24', 'slTriggerPx': '2306.894', 'slOrdPx': '-1'}
2026-03-16 15:50:02,668 | INFO | HTTP Request: GET https://www.okx.com/api/v5/market/ticker?instId=SPK-USDT-SWAP "HTTP/2 200 OK"
2026-03-16 15:50:02,714 | INFO | HTTP Request: POST https://www.okx.com/api/v5/trade/order-algo "HTTP/2 200 OK"
2026-03-16 15:50:02,954 | INFO | HTTP Request: GET https://www.okx.com/api/v5/market/candles?instId=XAG-USDT-SWAP&bar=5m&limit=26 "HTTP/2 200 OK"
2026-03-16 15:50:03,098 | INFO | HTTP Request: GET https://www.okx.com/api/v5/market/ticker?instId=STRK-USDT-SWAP "HTTP/2 200 OK"
2026-03-16 15:50:03,269 | INFO | HTTP Request: GET https://www.okx.com/api/v5/market/ticker?instId=XAG-USDT-SWAP "HTTP/2 200 OK"
2026-03-16 15:50:03,309 | INFO | Placing exchange stop XAG-USDT-SWAP long payload={'instId': 'XAG-USDT-SWAP', 'tdMode': 'isolated', 'side': 'sell', 'posSide': 'net', 'ordType': 'conditional', 'sz': '1810', 'slTriggerPx': '79.556', 'slOrdPx': '-1'}
2026-03-16 15:50:03,473 | INFO | HTTP Request: GET https://www.okx.com/api/v5/market/ticker?instId=SUI-USDT-SWAP "HTTP/2 200 OK"
2026-03-16 15:50:03,558 | INFO | HTTP Request: POST https://www.okx.com/api/v5/trade/order-algo "HTTP/2 200 OK"
2026-03-16 15:50:03,814 | INFO | HTTP Request: GET https://www.okx.com/api/v5/market/candles?instId=ICP-USDT-SWAP&bar=5m&limit=26 "HTTP/2 200 OK"
2026-03-16 15:50:03,952 | INFO | HTTP Request: GET https://www.okx.com/api/v5/market/ticker?instId=SUSHI-USDT-SWAP "HTTP/2 200 OK"
2026-03-16 15:50:04,161 | INFO | HTTP Request: GET https://www.okx.com/api/v5/market/ticker?instId=ICP-USDT-SWAP "HTTP/2 200 OK"
2026-03-16 15:50:04,176 | INFO | Placing exchange stop ICP-USDT-SWAP long payload={'instId': 'ICP-USDT-SWAP', 'tdMode': 'isolated', 'side': 'sell', 'posSide': 'net', 'ordType': 'conditional', 'sz': '52986', 'slTriggerPx': '2.695328258408', 'slOrdPx': '-1'}
2026-03-16 15:50:04,340 | INFO | HTTP Request: GET https://www.okx.com/api/v5/market/ticker?instId=SYRUP-USDT-SWAP "HTTP/2 200 OK"
2026-03-16 15:50:04,490 | INFO | HTTP Request: POST https://www.okx.com/api/v5/trade/order-algo "HTTP/2 200 OK"
2026-03-16 15:50:04,750 | INFO | HTTP Request: GET https://www.okx.com/api/v5/market/ticker?instId=TEST1234-USDT-SWAP "HTTP/2 200 OK"
2026-03-16 15:50:04,801 | INFO | HTTP Request: GET https://www.okx.com/api/v5/market/candles?instId=BREV-USDT-SWAP&bar=5m&limit=26 "HTTP/2 200 OK"
2026-03-16 15:50:05,036 | INFO | HTTP Request: GET https://www.okx.com/api/v5/market/ticker?instId=BREV-USDT-SWAP "HTTP/2 200 OK"
2026-03-16 15:50:05,041 | INFO | Placing exchange stop BREV-USDT-SWAP long payload={'instId': 'BREV-USDT-SWAP', 'tdMode': 'isolated', 'side': 'sell', 'posSide': 'net', 'ordType': 'conditional', 'sz': '120000', 'slTriggerPx': '1.008904996667', 'slOrdPx': '-1'}
2026-03-16 15:50:05,168 | INFO | HTTP Request: GET https://www.okx.com/api/v5/market/ticker?instId=TEST3103-USDT-SWAP "HTTP/2 200 OK"
2026-03-16 15:50:05,286 | INFO | HTTP Request: POST https://www.okx.com/api/v5/trade/order-algo "HTTP/2 200 OK"
2026-03-16 15:50:05,538 | INFO | HTTP Request: POST https://www.okx.com/api/v5/trade/cancel-algos "HTTP/2 200 OK"
2026-03-16 15:50:05,543 | INFO | Closing position BREV-USDT-SWAP. Защита тренда: откат от пика 23095003333.33R → 3695003333.33R
2026-03-16 15:50:05,598 | INFO | HTTP Request: GET https://www.okx.com/api/v5/market/ticker?instId=TEST3110-USDT-SWAP "HTTP/2 200 OK"
2026-03-16 15:50:05,826 | INFO | HTTP Request: GET https://www.okx.com/api/v5/market/candles?instId=BTC-USDT-SWAP&bar=5m&limit=64 "HTTP/2 200 OK"
2026-03-16 15:50:05,863 | INFO | HTTP Request: POST https://www.okx.com/api/v5/trade/close-position "HTTP/2 200 OK"
2026-03-16 15:50:05,870 | WARNING | Failed to load json context : [Errno 13] Permission denied: '.'
2026-03-16 15:50:06,018 | INFO | HTTP Request: GET https://www.okx.com/api/v5/market/ticker?instId=THETA-USDT-SWAP "HTTP/2 200 OK"
2026-03-16 15:50:06,108 | INFO | HTTP Request: GET https://www.okx.com/api/v5/market/candles?instId=BREV-USDT-SWAP&bar=5m&limit=97 "HTTP/2 200 OK"
2026-03-16 15:50:06,442 | INFO | HTTP Request: GET https://www.okx.com/api/v5/market/ticker?instId=TON-USDT-SWAP "HTTP/2 200 OK"
2026-03-16 15:50:06,684 | INFO | HTTP Request: GET https://www.okx.com/api/v5/account/balance "HTTP/2 200 OK"
2026-03-16 15:50:06,886 | INFO | HTTP Request: GET https://www.okx.com/api/v5/market/ticker?instId=TRIA-USDT-SWAP "HTTP/2 200 OK"
2026-03-16 15:50:07,250 | INFO | HTTP Request: GET https://www.okx.com/api/v5/market/ticker?instId=TRX-USDT-SWAP "HTTP/2 200 OK"
2026-03-16 15:50:07,654 | INFO | HTTP Request: GET https://www.okx.com/api/v5/market/ticker?instId=TSLA-USDT-SWAP "HTTP/2 200 OK"
2026-03-16 15:50:08,250 | INFO | HTTP Request: GET https://www.okx.com/api/v5/market/ticker?instId=XAU-USDT-SWAP "HTTP/2 200 OK"
2026-03-16 15:50:08,674 | INFO | HTTP Request: GET https://www.okx.com/api/v5/market/ticker?instId=XLM-USDT-SWAP "HTTP/2 200 OK"
2026-03-16 15:50:09,031 | INFO | HTTP Request: GET https://www.okx.com/api/v5/market/ticker?instId=XPL-USDT-SWAP "HTTP/2 200 OK"
2026-03-16 15:50:09,522 | INFO | HTTP Request: GET https://www.okx.com/api/v5/market/ticker?instId=XRP-USDT-SWAP "HTTP/2 200 OK"
2026-03-16 15:50:09,887 | INFO | HTTP Request: GET https://www.okx.com/api/v5/market/ticker?instId=XSR-USDT-SWAP "HTTP/2 200 OK"
2026-03-16 15:50:10,288 | INFO | HTTP Request: GET https://www.okx.com/api/v5/market/ticker?instId=XTZ-USDT-SWAP "HTTP/2 200 OK"
2026-03-16 15:50:11,011 | INFO | HTTP Request: GET https://www.okx.com/api/v5/market/ticker?instId=YB-USDT-SWAP "HTTP/2 200 OK"
2026-03-16 15:50:11,418 | INFO | HTTP Request: GET https://www.okx.com/api/v5/account/positions?instType=SWAP "HTTP/2 200 OK"
2026-03-16 15:50:11,473 | INFO | HTTP Request: GET https://www.okx.com/api/v5/market/ticker?instId=YFI-USDT-SWAP "HTTP/2 200 OK"
2026-03-16 15:50:11,752 | INFO | HTTP Request: GET https://www.okx.com/api/v5/market/candles?instId=BREV-USDT-SWAP&bar=5m&limit=26 "HTTP/2 200 OK"
2026-03-16 15:50:11,842 | INFO | HTTP Request: GET https://www.okx.com/api/v5/market/ticker?instId=YGG-USDT-SWAP "HTTP/2 200 OK"
2026-03-16 15:50:12,016 | INFO | HTTP Request: GET https://www.okx.com/api/v5/market/candles?instId=1INCH-USDT-SWAP&bar=5m&limit=71 "HTTP/2 200 OK"
2026-03-16 15:50:12,029 | INFO | HTTP Request: GET https://www.okx.com/api/v5/account/balance "HTTP/2 200 OK"
2026-03-16 15:50:12,086 | INFO | HTTP Request: GET https://www.okx.com/api/v5/market/candles?instId=BTC-USDT-SWAP&bar=5m&limit=64 "HTTP/2 200 OK"
2026-03-16 15:50:12,305 | INFO | HTTP Request: GET https://www.okx.com/api/v5/market/ticker?instId=ZAMA-USDT-SWAP "HTTP/2 200 OK"
2026-03-16 15:50:12,316 | INFO | HTTP Request: GET https://www.okx.com/api/v5/market/candles?instId=2Z-USDT-SWAP&bar=5m&limit=71 "HTTP/2 200 OK"
2026-03-16 15:50:12,570 | INFO | HTTP Request: GET https://www.okx.com/api/v5/market/candles?instId=A-USDT-SWAP&bar=5m&limit=71 "HTTP/2 200 OK"
2026-03-16 15:50:12,735 | INFO | HTTP Request: GET https://www.okx.com/api/v5/market/ticker?instId=ZBCN-USDT-SWAP "HTTP/2 200 OK"
2026-03-16 15:50:12,822 | INFO | HTTP Request: GET https://www.okx.com/api/v5/market/ticker?instId=A-USDT-SWAP "HTTP/2 200 OK"
2026-03-16 15:50:13,132 | INFO | HTTP Request: GET https://www.okx.com/api/v5/market/candles?instId=AAVE-USDT-SWAP&bar=5m&limit=71 "HTTP/2 200 OK"
2026-03-16 15:50:13,136 | INFO | HTTP Request: GET https://www.okx.com/api/v5/market/ticker?instId=ZETA-USDT-SWAP "HTTP/2 200 OK"
2026-03-16 15:50:13,433 | INFO | HTTP Request: GET https://www.okx.com/api/v5/market/candles?instId=ACT-USDT-SWAP&bar=5m&limit=71 "HTTP/2 200 OK"
2026-03-16 15:50:13,558 | INFO | HTTP Request: GET https://www.okx.com/api/v5/market/ticker?instId=ZIL-USDT-SWAP "HTTP/2 200 OK"
2026-03-16 15:50:13,737 | INFO | HTTP Request: GET https://www.okx.com/api/v5/market/candles?instId=ADA-USDT-SWAP&bar=5m&limit=71 "HTTP/2 200 OK"
2026-03-16 15:50:13,978 | INFO | HTTP Request: GET https://www.okx.com/api/v5/market/ticker?instId=ETH-USDT-SWAP "HTTP/2 200 OK"
2026-03-16 15:50:14,002 | INFO | HTTP Request: GET https://www.okx.com/api/v5/market/candles?instId=AI16Z-USDT-SWAP&bar=5m&limit=71 "HTTP/2 200 OK"
2026-03-16 15:50:14,335 | INFO | HTTP Request: GET https://www.okx.com/api/v5/market/candles?instId=AKITA-USDT-SWAP&bar=5m&limit=71 "HTTP/2 200 OK"
2026-03-16 15:50:14,398 | INFO | HTTP Request: GET https://www.okx.com/api/v5/market/candles?instId=ETH-USDT-SWAP&bar=5m&limit=89 "HTTP/2 200 OK"
2026-03-16 15:50:14,633 | INFO | HTTP Request: GET https://www.okx.com/api/v5/market/candles?instId=ALGO-USDT-SWAP&bar=5m&limit=71 "HTTP/2 200 OK"
2026-03-16 15:50:14,802 | INFO | HTTP Request: GET https://www.okx.com/api/v5/market/ticker?instId=XAG-USDT-SWAP "HTTP/2 200 OK"
2026-03-16 15:50:14,903 | INFO | HTTP Request: GET https://www.okx.com/api/v5/market/candles?instId=ARB-USDT-SWAP&bar=5m&limit=71 "HTTP/2 200 OK"
2026-03-16 15:50:15,052 | INFO | HTTP Request: GET https://www.okx.com/api/v5/market/candles?instId=XAG-USDT-SWAP&bar=5m&limit=89 "HTTP/2 200 OK"
2026-03-16 15:50:15,215 | INFO | HTTP Request: GET https://www.okx.com/api/v5/market/candles?instId=ASP-USDT-SWAP&bar=5m&limit=71 "HTTP/2 200 OK"
2026-03-16 15:50:15,478 | INFO | HTTP Request: GET https://www.okx.com/api/v5/market/ticker?instId=ICP-USDT-SWAP "HTTP/2 200 OK"
2026-03-16 15:50:15,511 | INFO | HTTP Request: GET https://www.okx.com/api/v5/market/candles?instId=ASTER-USDT-SWAP&bar=5m&limit=71 "HTTP/2 200 OK"
2026-03-16 15:50:15,727 | INFO | HTTP Request: GET https://www.okx.com/api/v5/market/candles?instId=ICP-USDT-SWAP&bar=5m&limit=89 "HTTP/2 200 OK"
2026-03-16 15:50:15,837 | INFO | HTTP Request: GET https://www.okx.com/api/v5/market/candles?instId=ATOM-USDT-SWAP&bar=5m&limit=71 "HTTP/2 200 OK"
2026-03-16 15:50:16,097 | INFO | HTTP Request: GET https://www.okx.com/api/v5/market/candles?instId=AUCTION-USDT-SWAP&bar=5m&limit=71 "HTTP/2 200 OK"
2026-03-16 15:50:16,146 | INFO | HTTP Request: GET https://www.okx.com/api/v5/market/ticker?instId=BREV-USDT-SWAP "HTTP/2 200 OK"
2026-03-16 15:50:16,451 | INFO | HTTP Request: GET https://www.okx.com/api/v5/market/candles?instId=AVAX-USDT-SWAP&bar=5m&limit=71 "HTTP/2 200 OK"
2026-03-16 15:50:16,587 | INFO | HTTP Request: GET https://www.okx.com/api/v5/market/ticker?instId=1INCH-USDT-SWAP "HTTP/2 200 OK"
2026-03-16 15:50:16,700 | INFO | HTTP Request: GET https://www.okx.com/api/v5/market/candles?instId=AXS-USDT-SWAP&bar=5m&limit=71 "HTTP/2 200 OK"
2026-03-16 15:50:17,012 | INFO | HTTP Request: GET https://www.okx.com/api/v5/market/ticker?instId=2Z-USDT-SWAP "HTTP/2 200 OK"
2026-03-16 15:50:17,014 | INFO | HTTP Request: GET https://www.okx.com/api/v5/market/candles?instId=BAND-USDT-SWAP&bar=5m&limit=71 "HTTP/2 200 OK"
2026-03-16 15:50:17,259 | INFO | HTTP Request: GET https://www.okx.com/api/v5/market/candles?instId=BCH-USDT-SWAP&bar=5m&limit=71 "HTTP/2 200 OK"
2026-03-16 15:50:17,417 | INFO | HTTP Request: GET https://www.okx.com/api/v5/account/balance "HTTP/2 200 OK"
2026-03-16 15:50:17,510 | INFO | HTTP Request: GET https://www.okx.com/api/v5/market/candles?instId=BIO-USDT-SWAP&bar=5m&limit=71 "HTTP/2 200 OK"
2026-03-16 15:50:17,581 | INFO | HTTP Request: GET https://www.okx.com/api/v5/market/ticker?instId=AAVE-USDT-SWAP "HTTP/2 200 OK"
2026-03-16 15:50:17,746 | INFO | HTTP Request: GET https://www.okx.com/api/v5/market/candles?instId=BLUAI-USDT-SWAP&bar=5m&limit=71 "HTTP/2 200 OK"
2026-03-16 15:50:17,986 | INFO | HTTP Request: GET https://www.okx.com/api/v5/market/candles?instId=BNB-USDT-SWAP&bar=5m&limit=71 "HTTP/2 200 OK"
2026-03-16 15:50:18,044 | INFO | HTTP Request: GET https://www.okx.com/api/v5/market/ticker?instId=ACT-USDT-SWAP "HTTP/2 200 OK"
2026-03-16 15:50:18,235 | INFO | HTTP Request: GET https://www.okx.com/api/v5/market/candles?instId=BOME-USDT-SWAP&bar=5m&limit=71 "HTTP/2 200 OK"
2026-03-16 15:50:18,318 | INFO | HTTP Request: GET https://www.okx.com/api/v5/market/candles?instId=BTC-USDT-SWAP&bar=5m&limit=64 "HTTP/2 200 OK"
2026-03-16 15:50:18,449 | INFO | HTTP Request: GET https://www.okx.com/api/v5/market/ticker?instId=ADA-USDT-SWAP "HTTP/2 200 OK"
2026-03-16 15:50:18,471 | INFO | HTTP Request: GET https://www.okx.com/api/v5/market/candles?instId=BRETT-USDT-SWAP&bar=5m&limit=71 "HTTP/2 200 OK"
2026-03-16 15:50:18,784 | INFO | HTTP Request: GET https://www.okx.com/api/v5/market/candles?instId=BTC-USDT-SWAP&bar=5m&limit=71 "HTTP/2 200 OK"
2026-03-16 15:50:18,890 | INFO | HTTP Request: GET https://www.okx.com/api/v5/market/ticker?instId=AI16Z-USDT-SWAP "HTTP/2 200 OK"
2026-03-16 15:50:19,018 | INFO | HTTP Request: GET https://www.okx.com/api/v5/market/candles?instId=CAT-USDT-SWAP&bar=5m&limit=71 "HTTP/2 200 OK"
2026-03-16 15:50:19,274 | INFO | HTTP Request: GET https://www.okx.com/api/v5/market/candles?instId=CATI-USDT-SWAP&bar=5m&limit=71 "HTTP/2 200 OK"
2026-03-16 15:50:19,317 | INFO | HTTP Request: GET https://www.okx.com/api/v5/market/ticker?instId=AKITA-USDT-SWAP "HTTP/2 200 OK"
2026-03-16 15:50:19,619 | INFO | HTTP Request: GET https://www.okx.com/api/v5/market/candles?instId=CELO-USDT-SWAP&bar=5m&limit=71 "HTTP/2 200 OK"
2026-03-16 15:50:19,755 | INFO | HTTP Request: GET https://www.okx.com/api/v5/market/ticker?instId=ALGO-USDT-SWAP "HTTP/2 200 OK"
2026-03-16 15:50:19,866 | INFO | HTTP Request: GET https://www.okx.com/api/v5/market/candles?instId=CFX-USDT-SWAP&bar=5m&limit=71 "HTTP/2 200 OK"
2026-03-16 15:50:20,173 | INFO | HTTP Request: GET https://www.okx.com/api/v5/market/ticker?instId=ARB-USDT-SWAP "HTTP/2 200 OK"
2026-03-16 15:50:20,278 | INFO | HTTP Request: GET https://www.okx.com/api/v5/market/candles?instId=CHZ-USDT-SWAP&bar=5m&limit=71 "HTTP/2 200 OK"
2026-03-16 15:50:20,530 | INFO | HTTP Request: GET https://www.okx.com/api/v5/market/ticker?instId=ASP-USDT-SWAP "HTTP/2 200 OK"
2026-03-16 15:50:20,572 | INFO | HTTP Request: GET https://www.okx.com/api/v5/market/candles?instId=COAI-USDT-SWAP&bar=5m&limit=71 "HTTP/2 200 OK"
2026-03-16 15:50:20,821 | INFO | HTTP Request: GET https://www.okx.com/api/v5/market/candles?instId=COMP-USDT-SWAP&bar=5m&limit=71 "HTTP/2 200 OK"
2026-03-16 15:50:20,891 | INFO | HTTP Request: GET https://www.okx.com/api/v5/market/ticker?instId=ASTER-USDT-SWAP "HTTP/2 200 OK"
2026-03-16 15:50:21,053 | INFO | HTTP Request: GET https://www.okx.com/api/v5/market/candles?instId=CRO-USDT-SWAP&bar=5m&limit=71 "HTTP/2 200 OK"
2026-03-16 15:50:21,304 | INFO | HTTP Request: GET https://www.okx.com/api/v5/market/candles?instId=CRV-USDT-SWAP&bar=5m&limit=71 "HTTP/2 200 OK"
2026-03-16 15:50:21,348 | INFO | HTTP Request: GET https://www.okx.com/api/v5/market/ticker?instId=ATOM-USDT-SWAP "HTTP/2 200 OK"
2026-03-16 15:50:21,556 | INFO | HTTP Request: GET https://www.okx.com/api/v5/market/candles?instId=DOGE-USDT-SWAP&bar=5m&limit=71 "HTTP/2 200 OK"
2026-03-16 15:50:21,722 | INFO | HTTP Request: GET https://www.okx.com/api/v5/market/ticker?instId=AUCTION-USDT-SWAP "HTTP/2 200 OK"
2026-03-16 15:50:21,872 | INFO | HTTP Request: GET https://www.okx.com/api/v5/market/candles?instId=DOT-USDT-SWAP&bar=5m&limit=71 "HTTP/2 200 OK"
2026-03-16 15:50:22,126 | INFO | HTTP Request: GET https://www.okx.com/api/v5/market/candles?instId=ENA-USDT-SWAP&bar=5m&limit=71 "HTTP/2 200 OK"
2026-03-16 15:50:22,138 | INFO | HTTP Request: GET https://www.okx.com/api/v5/market/ticker?instId=AVAX-USDT-SWAP "HTTP/2 200 OK"
2026-03-16 15:50:22,429 | INFO | HTTP Request: GET https://www.okx.com/api/v5/market/candles?instId=EOS-USDT-SWAP&bar=5m&limit=71 "HTTP/2 200 OK"
2026-03-16 15:50:22,495 | INFO | HTTP Request: GET https://www.okx.com/api/v5/market/ticker?instId=AXS-USDT-SWAP "HTTP/2 200 OK"
2026-03-16 15:50:22,754 | INFO | HTTP Request: GET https://www.okx.com/api/v5/market/candles?instId=ETC-USDT-SWAP&bar=5m&limit=71 "HTTP/2 200 OK"
2026-03-16 15:50:22,915 | INFO | HTTP Request: GET https://www.okx.com/api/v5/account/balance "HTTP/2 200 OK"
2026-03-16 15:50:22,925 | INFO | HTTP Request: GET https://www.okx.com/api/v5/market/ticker?instId=BAND-USDT-SWAP "HTTP/2 200 OK"
2026-03-16 15:50:23,049 | INFO | HTTP Request: GET https://www.okx.com/api/v5/market/candles?instId=ETHFI-USDT-SWAP&bar=5m&limit=71 "HTTP/2 200 OK"
2026-03-16 15:50:23,360 | INFO | HTTP Request: GET https://www.okx.com/api/v5/market/ticker?instId=BCH-USDT-SWAP "HTTP/2 200 OK"
2026-03-16 15:50:23,377 | INFO | HTTP Request: GET https://www.okx.com/api/v5/market/candles?instId=ETHW-USDT-SWAP&bar=5m&limit=71 "HTTP/2 200 OK"
2026-03-16 15:50:23,653 | INFO | HTTP Request: GET https://www.okx.com/api/v5/market/candles?instId=FIL-USDT-SWAP&bar=5m&limit=71 "HTTP/2 200 OK"
2026-03-16 15:50:23,814 | INFO | HTTP Request: GET https://www.okx.com/api/v5/market/ticker?instId=BIO-USDT-SWAP "HTTP/2 200 OK"
2026-03-16 15:50:24,035 | INFO | HTTP Request: GET https://www.okx.com/api/v5/market/candles?instId=FLOKI-USDT-SWAP&bar=5m&limit=71 "HTTP/2 200 OK"
2026-03-16 15:50:24,174 | INFO | HTTP Request: GET https://www.okx.com/api/v5/market/ticker?instId=BLUAI-USDT-SWAP "HTTP/2 200 OK"
2026-03-16 15:50:24,280 | INFO | HTTP Request: GET https://www.okx.com/api/v5/market/ticker?instId=FLOKI-USDT-SWAP "HTTP/2 200 OK"
2026-03-16 15:50:24,285 | INFO | FLOKI-USDT-SWAP: Turtle 20 long-сигнал отклонён (закрытие не удержалось выше канала)
2026-03-16 15:50:24,518 | INFO | HTTP Request: GET https://www.okx.com/api/v5/market/candles?instId=BTC-USDT-SWAP&bar=5m&limit=64 "HTTP/2 200 OK"
2026-03-16 15:50:24,522 | INFO | HTTP Request: GET https://www.okx.com/api/v5/market/candles?instId=GMT-USDT-SWAP&bar=5m&limit=71 "HTTP/2 200 OK"
2026-03-16 15:50:24,546 | INFO | HTTP Request: GET https://www.okx.com/api/v5/market/ticker?instId=BNB-USDT-SWAP "HTTP/2 200 OK"
2026-03-16 15:50:24,826 | INFO | HTTP Request: GET https://www.okx.com/api/v5/market/candles?instId=H-USDT-SWAP&bar=5m&limit=71 "HTTP/2 200 OK"
2026-03-16 15:50:24,973 | INFO | HTTP Request: GET https://www.okx.com/api/v5/market/ticker?instId=BOME-USDT-SWAP "HTTP/2 200 OK"
2026-03-16 15:50:25,155 | INFO | HTTP Request: GET https://www.okx.com/api/v5/market/ticker?instId=H-USDT-SWAP "HTTP/2 200 OK"
2026-03-16 15:50:25,193 | INFO | H-USDT-SWAP: Turtle 20 long-сигнал отклонён (закрытие не удержалось выше канала)
2026-03-16 15:50:25,343 | INFO | HTTP Request: GET https://www.okx.com/api/v5/market/ticker?instId=BRETT-USDT-SWAP "HTTP/2 200 OK"
2026-03-16 15:50:25,531 | INFO | HTTP Request: GET https://www.okx.com/api/v5/market/candles?instId=HBAR-USDT-SWAP&bar=5m&limit=71 "HTTP/2 200 OK"
2026-03-16 15:50:25,711 | INFO | HTTP Request: GET https://www.okx.com/api/v5/market/ticker?instId=BTC-USDT-SWAP "HTTP/2 200 OK"
2026-03-16 15:50:25,856 | INFO | HTTP Request: GET https://www.okx.com/api/v5/market/ticker?instId=HBAR-USDT-SWAP "HTTP/2 200 OK"
2026-03-16 15:50:25,869 | INFO | HBAR-USDT-SWAP: Turtle 55 long-сигнал отклонён (закрытие не удержалось выше канала)
2026-03-16 15:50:25,877 | INFO | HBAR-USDT-SWAP: Turtle 20 long-сигнал отклонён (закрытие не удержалось выше канала)
2026-03-16 15:50:26,133 | INFO | HTTP Request: GET https://www.okx.com/api/v5/market/candles?instId=HMSTR-USDT-SWAP&bar=5m&limit=71 "HTTP/2 200 OK"
2026-03-16 15:50:26,175 | INFO | HTTP Request: GET https://www.okx.com/api/v5/market/ticker?instId=CAT-USDT-SWAP "HTTP/2 200 OK"
2026-03-16 15:50:26,437 | INFO | HTTP Request: GET https://www.okx.com/api/v5/market/candles?instId=HOME-USDT-SWAP&bar=5m&limit=71 "HTTP/2 200 OK"
2026-03-16 15:50:26,611 | INFO | HTTP Request: GET https://www.okx.com/api/v5/market/ticker?instId=CATI-USDT-SWAP "HTTP/2 200 OK"
2026-03-16 15:50:26,747 | INFO | HTTP Request: GET https://www.okx.com/api/v5/market/candles?instId=IMX-USDT-SWAP&bar=5m&limit=71 "HTTP/2 200 OK"
2026-03-16 15:50:27,078 | INFO | HTTP Request: GET https://www.okx.com/api/v5/market/candles?instId=INJ-USDT-SWAP&bar=5m&limit=71 "HTTP/2 200 OK"
2026-03-16 15:50:27,079 | INFO | HTTP Request: GET https://www.okx.com/api/v5/market/ticker?instId=CELO-USDT-SWAP "HTTP/2 200 OK"
2026-03-16 15:50:27,381 | INFO | HTTP Request: GET https://www.okx.com/api/v5/market/candles?instId=IOTA-USDT-SWAP&bar=5m&limit=71 "HTTP/2 200 OK"
2026-03-16 15:50:27,468 | INFO | HTTP Request: GET https://www.okx.com/api/v5/market/ticker?instId=CFX-USDT-SWAP "HTTP/2 200 OK"
2026-03-16 15:50:27,763 | INFO | HTTP Request: GET https://www.okx.com/api/v5/market/candles?instId=JUP-USDT-SWAP&bar=5m&limit=71 "HTTP/2 200 OK"
2026-03-16 15:50:27,909 | INFO | HTTP Request: GET https://www.okx.com/api/v5/market/ticker?instId=CHZ-USDT-SWAP "HTTP/2 200 OK"
2026-03-16 15:50:28,126 | INFO | HTTP Request: GET https://www.okx.com/api/v5/market/candles?instId=KAITO-USDT-SWAP&bar=5m&limit=71 "HTTP/2 200 OK"
2026-03-16 15:50:28,219 | INFO | HTTP Request: GET https://www.okx.com/api/v5/account/balance "HTTP/2 200 OK"
2026-03-16 15:50:28,271 | INFO | HTTP Request: GET https://www.okx.com/api/v5/market/ticker?instId=COAI-USDT-SWAP "HTTP/2 200 OK"
2026-03-16 15:50:28,434 | INFO | HTTP Request: GET https://www.okx.com/api/v5/market/candles?instId=KSM-USDT-SWAP&bar=5m&limit=71 "HTTP/2 200 OK"
2026-03-16 15:50:28,711 | INFO | HTTP Request: GET https://www.okx.com/api/v5/market/ticker?instId=COMP-USDT-SWAP "HTTP/2 200 OK"
2026-03-16 15:50:28,716 | INFO | HTTP Request: GET https://www.okx.com/api/v5/market/candles?instId=LDO-USDT-SWAP&bar=5m&limit=71 "HTTP/2 200 OK"
2026-03-16 15:50:28,952 | INFO | HTTP Request: GET https://www.okx.com/api/v5/market/ticker?instId=LDO-USDT-SWAP "HTTP/2 200 OK"
2026-03-16 15:50:28,960 | INFO | LDO-USDT-SWAP: Turtle 20 long-сигнал отклонён (закрытие не удержалось выше канала)
2026-03-16 15:50:29,144 | INFO | HTTP Request: GET https://www.okx.com/api/v5/market/ticker?instId=CRO-USDT-SWAP "HTTP/2 200 OK"
2026-03-16 15:50:29,277 | INFO | HTTP Request: GET https://www.okx.com/api/v5/market/candles?instId=LINEA-USDT-SWAP&bar=5m&limit=71 "HTTP/2 200 OK"
2026-03-16 15:50:29,583 | INFO | HTTP Request: GET https://www.okx.com/api/v5/market/ticker?instId=CRV-USDT-SWAP "HTTP/2 200 OK"
2026-03-16 15:50:29,592 | INFO | HTTP Request: GET https://www.okx.com/api/v5/market/candles?instId=LINK-USDT-SWAP&bar=5m&limit=71 "HTTP/2 200 OK"
2026-03-16 15:50:29,912 | INFO | HTTP Request: GET https://www.okx.com/api/v5/market/candles?instId=LIT-USDT-SWAP&bar=5m&limit=71 "HTTP/2 200 OK"
2026-03-16 15:50:30,017 | INFO | HTTP Request: GET https://www.okx.com/api/v5/market/ticker?instId=DOGE-USDT-SWAP "HTTP/2 200 OK"
2026-03-16 15:50:30,151 | INFO | HTTP Request: GET https://www.okx.com/api/v5/market/ticker?instId=LIT-USDT-SWAP "HTTP/2 200 OK"
2026-03-16 15:50:30,159 | INFO | LIT-USDT-SWAP: Turtle 55 short-сигнал отклонён (закрытие не удержалось ниже канала)
2026-03-16 15:50:30,168 | INFO | LIT-USDT-SWAP: Turtle 20 short-сигнал отклонён (закрытие не удержалось ниже канала)
2026-03-16 15:50:30,421 | INFO | HTTP Request: GET https://www.okx.com/api/v5/market/candles?instId=LPT-USDT-SWAP&bar=5m&limit=71 "HTTP/2 200 OK"
2026-03-16 15:50:30,435 | INFO | HTTP Request: GET https://www.okx.com/api/v5/market/ticker?instId=DOT-USDT-SWAP "HTTP/2 200 OK"
2026-03-16 15:50:30,722 | INFO | HTTP Request: GET https://www.okx.com/api/v5/market/candles?instId=LQTY-USDT-SWAP&bar=5m&limit=71 "HTTP/2 200 OK"
2026-03-16 15:50:30,806 | INFO | HTTP Request: GET https://www.okx.com/api/v5/market/ticker?instId=ENA-USDT-SWAP "HTTP/2 200 OK"
2026-03-16 15:50:30,845 | INFO | HTTP Request: GET https://www.okx.com/api/v5/market/candles?instId=BTC-USDT-SWAP&bar=5m&limit=64 "HTTP/2 200 OK"
2026-03-16 15:50:30,994 | INFO | HTTP Request: GET https://www.okx.com/api/v5/market/candles?instId=LRC-USDT-SWAP&bar=5m&limit=71 "HTTP/2 200 OK"
2026-03-16 15:50:31,235 | INFO | HTTP Request: GET https://www.okx.com/api/v5/market/candles?instId=LTC-USDT-SWAP&bar=5m&limit=71 "HTTP/2 200 OK"
2026-03-16 15:50:31,277 | INFO | HTTP Request: GET https://www.okx.com/api/v5/market/ticker?instId=EOS-USDT-SWAP "HTTP/2 200 OK"
2026-03-16 15:50:31,475 | INFO | HTTP Request: GET https://www.okx.com/api/v5/market/candles?instId=MAGIC-USDT-SWAP&bar=5m&limit=71 "HTTP/2 200 OK"
2026-03-16 15:50:31,706 | INFO | HTTP Request: GET https://www.okx.com/api/v5/market/ticker?instId=ETC-USDT-SWAP "HTTP/2 200 OK"
2026-03-16 15:50:31,806 | INFO | HTTP Request: GET https://www.okx.com/api/v5/market/candles?instId=MAJOR-USDT-SWAP&bar=5m&limit=71 "HTTP/2 200 OK"
2026-03-16 15:50:32,121 | INFO | HTTP Request: GET https://www.okx.com/api/v5/market/candles?instId=MASK-USDT-SWAP&bar=5m&limit=71 "HTTP/2 200 OK"
2026-03-16 15:50:32,130 | INFO | HTTP Request: GET https://www.okx.com/api/v5/market/ticker?instId=ETHFI-USDT-SWAP "HTTP/2 200 OK"
2026-03-16 15:50:32,380 | INFO | HTTP Request: GET https://www.okx.com/api/v5/market/candles?instId=MET-USDT-SWAP&bar=5m&limit=71 "HTTP/2 200 OK"
2026-03-16 15:50:32,578 | INFO | HTTP Request: GET https://www.okx.com/api/v5/market/ticker?instId=ETHW-USDT-SWAP "HTTP/2 200 OK"
2026-03-16 15:50:32,618 | INFO | HTTP Request: GET https://www.okx.com/api/v5/market/candles?instId=MINA-USDT-SWAP&bar=5m&limit=71 "HTTP/2 200 OK"
2026-03-16 15:50:32,918 | INFO | HTTP Request: GET https://www.okx.com/api/v5/market/candles?instId=MKR-USDT-SWAP&bar=5m&limit=71 "HTTP/2 200 OK"
2026-03-16 15:50:33,016 | INFO | HTTP Request: GET https://www.okx.com/api/v5/market/ticker?instId=FIL-USDT-SWAP "HTTP/2 200 OK"
2026-03-16 15:50:33,229 | INFO | HTTP Request: GET https://www.okx.com/api/v5/market/candles?instId=NEAR-USDT-SWAP&bar=5m&limit=71 "HTTP/2 200 OK"
2026-03-16 15:50:33,530 | INFO | HTTP Request: GET https://www.okx.com/api/v5/market/candles?instId=NEO-USDT-SWAP&bar=5m&limit=71 "HTTP/2 200 OK"
2026-03-16 15:50:33,569 | INFO | HTTP Request: GET https://www.okx.com/api/v5/market/ticker?instId=GMT-USDT-SWAP "HTTP/2 200 OK"
2026-03-16 15:50:33,628 | INFO | HTTP Request: GET https://www.okx.com/api/v5/account/balance "HTTP/2 200 OK"
2026-03-16 15:50:33,850 | INFO | HTTP Request: GET https://www.okx.com/api/v5/market/candles?instId=NOT-USDT-SWAP&bar=5m&limit=71 "HTTP/2 200 OK"
2026-03-16 15:50:34,202 | INFO | HTTP Request: GET https://www.okx.com/api/v5/market/candles?instId=OP-USDT-SWAP&bar=5m&limit=71 "HTTP/2 200 OK"
2026-03-16 15:50:34,242 | INFO | HTTP Request: GET https://www.okx.com/api/v5/market/ticker?instId=HMSTR-USDT-SWAP "HTTP/2 200 OK"
2026-03-16 15:50:34,516 | INFO | HTTP Request: GET https://www.okx.com/api/v5/market/ticker?instId=OP-USDT-SWAP "HTTP/2 200 OK"
2026-03-16 15:50:34,552 | INFO | OP-USDT-SWAP: Turtle 20 long-сигнал отклонён (закрытие не удержалось выше канала)
2026-03-16 15:50:34,668 | INFO | HTTP Request: GET https://www.okx.com/api/v5/market/ticker?instId=HOME-USDT-SWAP "HTTP/2 200 OK"
2026-03-16 15:50:34,792 | INFO | HTTP Request: GET https://www.okx.com/api/v5/market/candles?instId=PEPE-USDT-SWAP&bar=5m&limit=71 "HTTP/2 200 OK"
2026-03-16 15:50:35,092 | INFO | HTTP Request: GET https://www.okx.com/api/v5/market/candles?instId=PIGGY-USDT-SWAP&bar=5m&limit=71 "HTTP/2 200 OK"
2026-03-16 15:50:35,097 | INFO | HTTP Request: GET https://www.okx.com/api/v5/market/ticker?instId=IMX-USDT-SWAP "HTTP/2 200 OK"
2026-03-16 15:50:35,338 | INFO | HTTP Request: GET https://www.okx.com/api/v5/market/candles?instId=QTUM-USDT-SWAP&bar=5m&limit=71 "HTTP/2 200 OK"
2026-03-16 15:50:35,521 | INFO | HTTP Request: GET https://www.okx.com/api/v5/market/ticker?instId=INJ-USDT-SWAP "HTTP/2 200 OK"
2026-03-16 15:50:35,590 | INFO | HTTP Request: GET https://www.okx.com/api/v5/market/candles?instId=RAVE-USDT-SWAP&bar=5m&limit=71 "HTTP/2 200 OK"
2026-03-16 15:50:35,900 | INFO | HTTP Request: GET https://www.okx.com/api/v5/market/candles?instId=RESOLV-USDT-SWAP&bar=5m&limit=71 "HTTP/2 200 OK"
2026-03-16 15:50:35,914 | INFO | HTTP Request: GET https://www.okx.com/api/v5/market/ticker?instId=IOTA-USDT-SWAP "HTTP/2 200 OK"
2026-03-16 15:50:36,218 | INFO | HTTP Request: GET https://www.okx.com/api/v5/market/candles?instId=ROBO-USDT-SWAP&bar=5m&limit=71 "HTTP/2 200 OK"
2026-03-16 15:50:36,351 | INFO | HTTP Request: GET https://www.okx.com/api/v5/market/ticker?instId=JUP-USDT-SWAP "HTTP/2 200 OK"
2026-03-16 15:50:36,534 | INFO | HTTP Request: GET https://www.okx.com/api/v5/market/candles?instId=SAND-USDT-SWAP&bar=5m&limit=71 "HTTP/2 200 OK"
2026-03-16 15:50:36,770 | INFO | HTTP Request: GET https://www.okx.com/api/v5/market/ticker?instId=KAITO-USDT-SWAP "HTTP/2 200 OK"
2026-03-16 15:50:36,794 | INFO | HTTP Request: GET https://www.okx.com/api/v5/market/ticker?instId=SAND-USDT-SWAP "HTTP/2 200 OK"
2026-03-16 15:50:36,800 | INFO | SAND-USDT-SWAP: Turtle 55 short-сигнал отклонён (закрытие не удержалось ниже канала)
2026-03-16 15:50:36,805 | INFO | SAND-USDT-SWAP: Turtle 20 short-сигнал отклонён (закрытие не удержалось ниже канала)
2026-03-16 15:50:37,019 | INFO | HTTP Request: GET https://www.okx.com/api/v5/market/candles?instId=BTC-USDT-SWAP&bar=5m&limit=64 "HTTP/2 200 OK"
2026-03-16 15:50:37,053 | INFO | HTTP Request: GET https://www.okx.com/api/v5/market/candles?instId=SCR-USDT-SWAP&bar=5m&limit=71 "HTTP/2 200 OK"
2026-03-16 15:50:37,197 | INFO | HTTP Request: GET https://www.okx.com/api/v5/market/ticker?instId=KSM-USDT-SWAP "HTTP/2 200 OK"
2026-03-16 15:50:37,290 | INFO | HTTP Request: GET https://www.okx.com/api/v5/market/candles?instId=SHIB-USDT-SWAP&bar=5m&limit=71 "HTTP/2 200 OK"
2026-03-16 15:50:37,619 | INFO | HTTP Request: GET https://www.okx.com/api/v5/market/candles?instId=SKY-USDT-SWAP&bar=5m&limit=71 "HTTP/2 200 OK"
2026-03-16 15:50:37,747 | INFO | HTTP Request: GET https://www.okx.com/api/v5/market/ticker?instId=LINEA-USDT-SWAP "HTTP/2 200 OK"
2026-03-16 15:50:37,933 | INFO | HTTP Request: GET https://www.okx.com/api/v5/market/candles?instId=SOL-USDT-SWAP&bar=5m&limit=71 "HTTP/2 200 OK"
2026-03-16 15:50:38,103 | INFO | HTTP Request: GET https://www.okx.com/api/v5/market/ticker?instId=LINK-USDT-SWAP "HTTP/2 200 OK"
2026-03-16 15:50:38,192 | INFO | HTTP Request: GET https://www.okx.com/api/v5/market/candles?instId=SOLV-USDT-SWAP&bar=5m&limit=71 "HTTP/2 200 OK"
2026-03-16 15:50:38,522 | INFO | HTTP Request: GET https://www.okx.com/api/v5/market/candles?instId=SPK-USDT-SWAP&bar=5m&limit=71 "HTTP/2 200 OK"
2026-03-16 15:50:38,661 | INFO | HTTP Request: GET https://www.okx.com/api/v5/market/ticker?instId=LPT-USDT-SWAP "HTTP/2 200 OK"
2026-03-16 15:50:38,849 | INFO | HTTP Request: GET https://www.okx.com/api/v5/market/candles?instId=STRK-USDT-SWAP&bar=5m&limit=71 "HTTP/2 200 OK"
2026-03-16 15:50:39,053 | INFO | HTTP Request: GET https://www.okx.com/api/v5/account/balance "HTTP/2 200 OK"
2026-03-16 15:50:39,084 | INFO | HTTP Request: GET https://www.okx.com/api/v5/market/ticker?instId=LQTY-USDT-SWAP "HTTP/2 200 OK"
2026-03-16 15:50:39,181 | INFO | HTTP Request: GET https://www.okx.com/api/v5/market/candles?instId=SUI-USDT-SWAP&bar=5m&limit=71 "HTTP/2 200 OK"
2026-03-16 15:50:39,488 | INFO | HTTP Request: GET https://www.okx.com/api/v5/market/candles?instId=SUSHI-USDT-SWAP&bar=5m&limit=71 "HTTP/2 200 OK"
2026-03-16 15:50:39,505 | INFO | HTTP Request: GET https://www.okx.com/api/v5/market/ticker?instId=LRC-USDT-SWAP "HTTP/2 200 OK"
2026-03-16 15:50:39,745 | INFO | HTTP Request: GET https://www.okx.com/api/v5/market/candles?instId=SYRUP-USDT-SWAP&bar=5m&limit=71 "HTTP/2 200 OK"
2026-03-16 15:50:39,864 | INFO | HTTP Request: GET https://www.okx.com/api/v5/market/ticker?instId=LTC-USDT-SWAP "HTTP/2 200 OK"
2026-03-16 15:50:39,992 | INFO | HTTP Request: GET https://www.okx.com/api/v5/market/candles?instId=TEST1234-USDT-SWAP&bar=5m&limit=71 "HTTP/2 200 OK"
2026-03-16 15:50:40,233 | INFO | HTTP Request: GET https://www.okx.com/api/v5/market/ticker?instId=MAGIC-USDT-SWAP "HTTP/2 200 OK"
2026-03-16 15:50:40,306 | INFO | HTTP Request: GET https://www.okx.com/api/v5/market/candles?instId=TEST3103-USDT-SWAP&bar=5m&limit=71 "HTTP/2 200 OK"
2026-03-16 15:50:40,648 | INFO | HTTP Request: GET https://www.okx.com/api/v5/market/ticker?instId=MAJOR-USDT-SWAP "HTTP/2 200 OK"
2026-03-16 15:50:40,654 | INFO | HTTP Request: GET https://www.okx.com/api/v5/market/candles?instId=TEST3110-USDT-SWAP&bar=5m&limit=71 "HTTP/2 200 OK"
2026-03-16 15:50:40,953 | INFO | HTTP Request: GET https://www.okx.com/api/v5/market/candles?instId=THETA-USDT-SWAP&bar=5m&limit=71 "HTTP/2 200 OK"
2026-03-16 15:50:41,069 | INFO | HTTP Request: GET https://www.okx.com/api/v5/market/ticker?instId=MASK-USDT-SWAP "HTTP/2 200 OK"
2026-03-16 15:50:41,283 | INFO | HTTP Request: GET https://www.okx.com/api/v5/market/candles?instId=TON-USDT-SWAP&bar=5m&limit=71 "HTTP/2 200 OK"
2026-03-16 15:50:41,423 | INFO | HTTP Request: GET https://www.okx.com/api/v5/market/ticker?instId=MET-USDT-SWAP "HTTP/2 200 OK"
2026-03-16 15:50:41,518 | INFO | HTTP Request: GET https://www.okx.com/api/v5/market/ticker?instId=TON-USDT-SWAP "HTTP/2 200 OK"
2026-03-16 15:50:41,533 | INFO | TON-USDT-SWAP: Turtle 20 long-сигнал отклонён (закрытие не удержалось выше канала)
2026-03-16 15:50:41,779 | INFO | HTTP Request: GET https://www.okx.com/api/v5/market/candles?instId=TRIA-USDT-SWAP&bar=5m&limit=71 "HTTP/2 200 OK"
2026-03-16 15:50:41,792 | INFO | HTTP Request: GET https://www.okx.com/api/v5/market/ticker?instId=MINA-USDT-SWAP "HTTP/2 200 OK"
2026-03-16 15:50:42,089 | INFO | HTTP Request: GET https://www.okx.com/api/v5/market/candles?instId=TRX-USDT-SWAP&bar=5m&limit=71 "HTTP/2 200 OK"
2026-03-16 15:50:42,150 | INFO | HTTP Request: GET https://www.okx.com/api/v5/market/ticker?instId=MKR-USDT-SWAP "HTTP/2 200 OK"
2026-03-16 15:50:42,332 | INFO | HTTP Request: GET https://www.okx.com/api/v5/market/ticker?instId=TRX-USDT-SWAP "HTTP/2 200 OK"
2026-03-16 15:50:42,338 | INFO | TRX-USDT-SWAP: Turtle 55 long-сигнал отклонён (закрытие не удержалось выше канала)
2026-03-16 15:50:42,348 | INFO | TRX-USDT-SWAP: Turtle 20 long-сигнал отклонён (закрытие не удержалось выше канала)
2026-03-16 15:50:42,561 | INFO | HTTP Request: GET https://www.okx.com/api/v5/market/ticker?instId=NEAR-USDT-SWAP "HTTP/2 200 OK"
2026-03-16 15:50:42,660 | INFO | HTTP Request: GET https://www.okx.com/api/v5/market/candles?instId=TSLA-USDT-SWAP&bar=5m&limit=71 "HTTP/2 200 OK"
2026-03-16 15:50:42,910 | INFO | HTTP Request: GET https://www.okx.com/api/v5/market/candles?instId=XAU-USDT-SWAP&bar=5m&limit=71 "HTTP/2 200 OK"
2026-03-16 15:50:42,978 | INFO | HTTP Request: GET https://www.okx.com/api/v5/market/ticker?instId=NEO-USDT-SWAP "HTTP/2 200 OK"
2026-03-16 15:50:43,207 | INFO | HTTP Request: GET https://www.okx.com/api/v5/market/candles?instId=XLM-USDT-SWAP&bar=5m&limit=71 "HTTP/2 200 OK"
2026-03-16 15:50:43,251 | INFO | HTTP Request: GET https://www.okx.com/api/v5/market/candles?instId=BTC-USDT-SWAP&bar=5m&limit=64 "HTTP/2 200 OK"
2026-03-16 15:50:43,371 | INFO | HTTP Request: GET https://www.okx.com/api/v5/market/ticker?instId=NOT-USDT-SWAP "HTTP/2 200 OK"
2026-03-16 15:50:43,525 | INFO | HTTP Request: GET https://www.okx.com/api/v5/market/candles?instId=XPL-USDT-SWAP&bar=5m&limit=71 "HTTP/2 200 OK"
2026-03-16 15:50:43,766 | INFO | HTTP Request: GET https://www.okx.com/api/v5/market/candles?instId=XRP-USDT-SWAP&bar=5m&limit=71 "HTTP/2 200 OK"
2026-03-16 15:50:43,918 | INFO | HTTP Request: GET https://www.okx.com/api/v5/market/ticker?instId=PEPE-USDT-SWAP "HTTP/2 200 OK"
2026-03-16 15:50:44,013 | INFO | HTTP Request: GET https://www.okx.com/api/v5/market/ticker?instId=XRP-USDT-SWAP "HTTP/2 200 OK"
2026-03-16 15:50:44,030 | INFO | XRP-USDT-SWAP: Turtle 20 short-сигнал отклонён (закрытие не удержалось ниже канала)
2026-03-16 15:50:44,333 | INFO | HTTP Request: GET https://www.okx.com/api/v5/market/candles?instId=XSR-USDT-SWAP&bar=5m&limit=71 "HTTP/2 200 OK"
2026-03-16 15:50:44,338 | INFO | HTTP Request: GET https://www.okx.com/api/v5/market/ticker?instId=PIGGY-USDT-SWAP "HTTP/2 200 OK"
2026-03-16 15:50:44,498 | INFO | HTTP Request: GET https://www.okx.com/api/v5/account/balance "HTTP/2 200 OK"
2026-03-16 15:50:44,596 | INFO | HTTP Request: GET https://www.okx.com/api/v5/market/candles?instId=XTZ-USDT-SWAP&bar=5m&limit=71 "HTTP/2 200 OK"
2026-03-16 15:50:44,704 | INFO | HTTP Request: GET https://www.okx.com/api/v5/market/ticker?instId=QTUM-USDT-SWAP "HTTP/2 200 OK"
2026-03-16 15:50:44,844 | INFO | HTTP Request: GET https://www.okx.com/api/v5/market/candles?instId=YB-USDT-SWAP&bar=5m&limit=71 "HTTP/2 200 OK"
2026-03-16 15:50:45,129 | INFO | HTTP Request: GET https://www.okx.com/api/v5/market/ticker?instId=RAVE-USDT-SWAP "HTTP/2 200 OK"
2026-03-16 15:50:45,163 | INFO | HTTP Request: GET https://www.okx.com/api/v5/market/candles?instId=YFI-USDT-SWAP&bar=5m&limit=71 "HTTP/2 200 OK"
2026-03-16 15:50:45,421 | INFO | HTTP Request: GET https://www.okx.com/api/v5/market/candles?instId=YGG-USDT-SWAP&bar=5m&limit=71 "HTTP/2 200 OK"
2026-03-16 15:50:45,575 | INFO | HTTP Request: GET https://www.okx.com/api/v5/market/ticker?instId=RESOLV-USDT-SWAP "HTTP/2 200 OK"
2026-03-16 15:50:45,780 | INFO | HTTP Request: GET https://www.okx.com/api/v5/market/ticker?instId=YGG-USDT-SWAP "HTTP/2 200 OK"
2026-03-16 15:50:45,789 | INFO | YGG-USDT-SWAP: Turtle 20 short-сигнал отклонён (закрытие не удержалось ниже канала)
2026-03-16 15:50:45,944 | INFO | HTTP Request: GET https://www.okx.com/api/v5/market/ticker?instId=ROBO-USDT-SWAP "HTTP/2 200 OK"
2026-03-16 15:50:46,088 | INFO | HTTP Request: GET https://www.okx.com/api/v5/market/candles?instId=ZAMA-USDT-SWAP&bar=5m&limit=71 "HTTP/2 200 OK"
2026-03-16 15:50:46,401 | INFO | HTTP Request: GET https://www.okx.com/api/v5/market/candles?instId=ZBCN-USDT-SWAP&bar=5m&limit=71 "HTTP/2 200 OK"
2026-03-16 15:50:46,488 | INFO | HTTP Request: GET https://www.okx.com/api/v5/market/ticker?instId=SCR-USDT-SWAP "HTTP/2 200 OK"
2026-03-16 15:50:46,641 | INFO | HTTP Request: GET https://www.okx.com/api/v5/market/candles?instId=ZETA-USDT-SWAP&bar=5m&limit=71 "HTTP/2 200 OK"
2026-03-16 15:50:46,892 | INFO | HTTP Request: GET https://www.okx.com/api/v5/market/candles?instId=ZIL-USDT-SWAP&bar=5m&limit=71 "HTTP/2 200 OK"
2026-03-16 15:50:46,930 | INFO | HTTP Request: GET https://www.okx.com/api/v5/market/ticker?instId=SHIB-USDT-SWAP "HTTP/2 200 OK"
2026-03-16 15:50:47,274 | INFO | HTTP Request: GET https://www.okx.com/api/v5/account/balance "HTTP/2 200 OK"
2026-03-16 15:50:47,279 | INFO | Placing order A-USDT-SWAP sell qty=166.0
2026-03-16 15:50:47,308 | INFO | HTTP Request: GET https://www.okx.com/api/v5/market/ticker?instId=SKY-USDT-SWAP "HTTP/2 200 OK"
2026-03-16 15:50:47,718 | INFO | HTTP Request: POST https://www.okx.com/api/v5/trade/order "HTTP/2 200 OK"
2026-03-16 15:50:47,723 | WARNING | Instrument A-USDT-SWAP blocked by exchange compliance: You can't trade this pair or borrow this crypto due to local compliance restrictions. 
2026-03-16 15:50:47,747 | INFO | HTTP Request: GET https://www.okx.com/api/v5/market/ticker?instId=SOL-USDT-SWAP "HTTP/2 200 OK"
2026-03-16 15:50:48,092 | INFO | HTTP Request: GET https://www.okx.com/api/v5/account/balance "HTTP/2 200 OK"
2026-03-16 15:50:48,099 | INFO | Placing order A-USDT-SWAP sell qty=166.0
2026-03-16 15:50:48,116 | INFO | HTTP Request: GET https://www.okx.com/api/v5/market/ticker?instId=SOLV-USDT-SWAP "HTTP/2 200 OK"
2026-03-16 15:50:48,472 | INFO | HTTP Request: POST https://www.okx.com/api/v5/trade/order "HTTP/2 200 OK"
2026-03-16 15:50:48,477 | WARNING | Instrument A-USDT-SWAP blocked by exchange compliance: You can't trade this pair or borrow this crypto due to local compliance restrictions. 
2026-03-16 15:50:48,483 | INFO | HTTP Request: GET https://www.okx.com/api/v5/market/ticker?instId=SPK-USDT-SWAP "HTTP/2 200 OK"
2026-03-16 15:50:48,718 | INFO | HTTP Request: GET https://www.okx.com/api/v5/market/candles?instId=ETH-USDT-SWAP&bar=5m&limit=26 "HTTP/2 200 OK"
2026-03-16 15:50:48,907 | INFO | HTTP Request: GET https://www.okx.com/api/v5/market/ticker?instId=STRK-USDT-SWAP "HTTP/2 200 OK"
2026-03-16 15:50:49,018 | INFO | HTTP Request: GET https://www.okx.com/api/v5/market/ticker?instId=ETH-USDT-SWAP "HTTP/2 200 OK"
2026-03-16 15:50:49,278 | INFO | HTTP Request: GET https://www.okx.com/api/v5/market/ticker?instId=SUI-USDT-SWAP "HTTP/2 200 OK"
2026-03-16 15:50:49,390 | INFO | HTTP Request: GET https://www.okx.com/api/v5/trade/orders-algo-pending?ordType=conditional&instType=SWAP&instId=ETH-USDT-SWAP "HTTP/2 200 OK"
2026-03-16 15:50:49,573 | INFO | HTTP Request: GET https://www.okx.com/api/v5/market/candles?instId=BTC-USDT-SWAP&bar=5m&limit=64 "HTTP/2 200 OK"
2026-03-16 15:50:49,632 | INFO | HTTP Request: GET https://www.okx.com/api/v5/market/ticker?instId=SUSHI-USDT-SWAP "HTTP/2 200 OK"
2026-03-16 15:50:49,752 | INFO | HTTP Request: GET https://www.okx.com/api/v5/trade/orders-algo-pending?ordType=oco&instType=SWAP&instId=ETH-USDT-SWAP "HTTP/2 200 OK"
2026-03-16 15:50:49,887 | INFO | HTTP Request: GET https://www.okx.com/api/v5/account/balance "HTTP/2 200 OK"
2026-03-16 15:50:50,055 | INFO | HTTP Request: GET https://www.okx.com/api/v5/market/ticker?instId=SYRUP-USDT-SWAP "HTTP/2 200 OK"
2026-03-16 15:50:50,122 | INFO | HTTP Request: GET https://www.okx.com/api/v5/trade/orders-algo-pending?ordType=trigger&instType=SWAP&instId=ETH-USDT-SWAP "HTTP/2 200 OK"
2026-03-16 15:50:50,455 | INFO | HTTP Request: GET https://www.okx.com/api/v5/market/ticker?instId=TEST1234-USDT-SWAP "HTTP/2 200 OK"
2026-03-16 15:50:50,486 | INFO | HTTP Request: GET https://www.okx.com/api/v5/trade/orders-algo-pending?ordType=move_order_stop&instType=SWAP&instId=ETH-USDT-SWAP "HTTP/2 200 OK"
2026-03-16 15:50:50,818 | INFO | HTTP Request: GET https://www.okx.com/api/v5/market/ticker?instId=TEST3103-USDT-SWAP "HTTP/2 200 OK"
2026-03-16 15:50:50,864 | INFO | HTTP Request: GET https://www.okx.com/api/v5/trade/orders-algo-pending?ordType=iceberg&instType=SWAP&instId=ETH-USDT-SWAP "HTTP/2 200 OK"
2026-03-16 15:50:51,232 | INFO | HTTP Request: GET https://www.okx.com/api/v5/trade/orders-algo-pending?ordType=twap&instType=SWAP&instId=ETH-USDT-SWAP "HTTP/2 200 OK"
2026-03-16 15:50:51,240 | INFO | HTTP Request: GET https://www.okx.com/api/v5/market/ticker?instId=TEST3110-USDT-SWAP "HTTP/2 200 OK"
2026-03-16 15:50:51,637 | INFO | HTTP Request: GET https://www.okx.com/api/v5/trade/orders-algo-pending?ordType=chase&instType=SWAP&instId=ETH-USDT-SWAP "HTTP/2 200 OK"
2026-03-16 15:50:51,706 | INFO | HTTP Request: GET https://www.okx.com/api/v5/market/ticker?instId=THETA-USDT-SWAP "HTTP/2 200 OK"
2026-03-16 15:50:52,070 | INFO | HTTP Request: POST https://www.okx.com/api/v5/trade/cancel-algos "HTTP/2 200 OK"
2026-03-16 15:50:52,116 | INFO | Closing position ETH-USDT-SWAP. Защита тренда: откат от пика 1.41R → -0.19R
2026-03-16 15:50:52,261 | INFO | HTTP Request: GET https://www.okx.com/api/v5/market/ticker?instId=TRIA-USDT-SWAP "HTTP/2 200 OK"
2026-03-16 15:50:52,489 | INFO | HTTP Request: POST https://www.okx.com/api/v5/trade/close-position "HTTP/2 200 OK"
2026-03-16 15:50:52,498 | WARNING | Failed to load json context : [Errno 13] Permission denied: '.'
2026-03-16 15:50:52,735 | INFO | HTTP Request: GET https://www.okx.com/api/v5/market/ticker?instId=TSLA-USDT-SWAP "HTTP/2 200 OK"
2026-03-16 15:50:52,750 | INFO | HTTP Request: GET https://www.okx.com/api/v5/market/candles?instId=ETH-USDT-SWAP&bar=5m&limit=97 "HTTP/2 200 OK"
2026-03-16 15:50:53,084 | INFO | HTTP Request: GET https://www.okx.com/api/v5/market/candles?instId=XAG-USDT-SWAP&bar=5m&limit=26 "HTTP/2 200 OK"
2026-03-16 15:50:53,120 | INFO | HTTP Request: GET https://www.okx.com/api/v5/market/ticker?instId=XAU-USDT-SWAP "HTTP/2 200 OK"
2026-03-16 15:50:53,400 | INFO | HTTP Request: GET https://www.okx.com/api/v5/market/ticker?instId=XAG-USDT-SWAP "HTTP/2 200 OK"
2026-03-16 15:50:53,556 | INFO | HTTP Request: GET https://www.okx.com/api/v5/market/ticker?instId=XLM-USDT-SWAP "HTTP/2 200 OK"
2026-03-16 15:50:53,799 | INFO | HTTP Request: GET https://www.okx.com/api/v5/trade/orders-algo-pending?ordType=conditional&instType=SWAP&instId=XAG-USDT-SWAP "HTTP/2 200 OK"
2026-03-16 15:50:53,927 | INFO | HTTP Request: GET https://www.okx.com/api/v5/market/ticker?instId=XPL-USDT-SWAP "HTTP/2 200 OK"
2026-03-16 15:50:54,162 | INFO | HTTP Request: GET https://www.okx.com/api/v5/trade/orders-algo-pending?ordType=oco&instType=SWAP&instId=XAG-USDT-SWAP "HTTP/2 200 OK"
2026-03-16 15:50:54,547 | INFO | HTTP Request: GET https://www.okx.com/api/v5/trade/orders-algo-pending?ordType=trigger&instType=SWAP&instId=XAG-USDT-SWAP "HTTP/2 200 OK"
2026-03-16 15:50:54,985 | INFO | HTTP Request: GET https://www.okx.com/api/v5/trade/orders-algo-pending?ordType=move_order_stop&instType=SWAP&instId=XAG-USDT-SWAP "HTTP/2 200 OK"
2026-03-16 15:50:55,352 | INFO | HTTP Request: GET https://www.okx.com/api/v5/trade/orders-algo-pending?ordType=iceberg&instType=SWAP&instId=XAG-USDT-SWAP "HTTP/2 200 OK"
2026-03-16 15:50:55,418 | INFO | HTTP Request: GET https://www.okx.com/api/v5/account/balance "HTTP/2 200 OK"
2026-03-16 15:50:55,622 | INFO | HTTP Request: GET https://www.okx.com/api/v5/market/ticker?instId=ICP-USDT-SWAP "HTTP/2 200 OK"
2026-03-16 15:50:55,751 | INFO | HTTP Request: GET https://www.okx.com/api/v5/trade/orders-algo-pending?ordType=twap&instType=SWAP&instId=XAG-USDT-SWAP "HTTP/2 200 OK"
2026-03-16 15:50:55,820 | INFO | HTTP Request: GET https://www.okx.com/api/v5/market/candles?instId=BTC-USDT-SWAP&bar=5m&limit=64 "HTTP/2 200 OK"
2026-03-16 15:50:55,858 | INFO | HTTP Request: GET https://www.okx.com/api/v5/market/candles?instId=ICP-USDT-SWAP&bar=5m&limit=89 "HTTP/2 200 OK"
2026-03-16 15:50:56,107 | INFO | HTTP Request: GET https://www.okx.com/api/v5/trade/orders-algo-pending?ordType=chase&instType=SWAP&instId=XAG-USDT-SWAP "HTTP/2 200 OK"
2026-03-16 15:50:56,301 | INFO | HTTP Request: GET https://www.okx.com/api/v5/market/ticker?instId=BREV-USDT-SWAP "HTTP/2 200 OK"
2026-03-16 15:50:56,482 | INFO | HTTP Request: GET https://www.okx.com/api/v5/trade/orders-algo-pending?ordType=conditional&instType=SWAP&instId=ICP-USDT-SWAP "HTTP/2 200 OK"
2026-03-16 15:50:56,615 | INFO | HTTP Request: GET https://www.okx.com/api/v5/market/candles?instId=BREV-USDT-SWAP&bar=5m&limit=89 "HTTP/2 200 OK"
2026-03-16 15:50:56,890 | INFO | HTTP Request: GET https://www.okx.com/api/v5/trade/orders-algo-pending?ordType=oco&instType=SWAP&instId=ICP-USDT-SWAP "HTTP/2 200 OK"
2026-03-16 15:50:57,040 | INFO | HTTP Request: GET https://www.okx.com/api/v5/market/ticker?instId=1INCH-USDT-SWAP "HTTP/2 200 OK"
2026-03-16 15:50:57,277 | INFO | HTTP Request: GET https://www.okx.com/api/v5/market/candles?instId=1INCH-USDT-SWAP&bar=5m&limit=89 "HTTP/2 200 OK"
2026-03-16 15:50:57,305 | INFO | HTTP Request: GET https://www.okx.com/api/v5/trade/orders-algo-pending?ordType=trigger&instType=SWAP&instId=ICP-USDT-SWAP "HTTP/2 200 OK"
2026-03-16 15:50:57,653 | INFO | HTTP Request: GET https://www.okx.com/api/v5/market/ticker?instId=2Z-USDT-SWAP "HTTP/2 200 OK"
2026-03-16 15:50:57,672 | INFO | HTTP Request: GET https://www.okx.com/api/v5/trade/orders-algo-pending?ordType=move_order_stop&instType=SWAP&instId=ICP-USDT-SWAP "HTTP/2 200 OK"
2026-03-16 15:50:57,971 | INFO | HTTP Request: GET https://www.okx.com/api/v5/market/candles?instId=2Z-USDT-SWAP&bar=5m&limit=89 "HTTP/2 200 OK"
2026-03-16 15:50:58,037 | INFO | HTTP Request: GET https://www.okx.com/api/v5/trade/orders-algo-pending?ordType=iceberg&instType=SWAP&instId=ICP-USDT-SWAP "HTTP/2 200 OK"
2026-03-16 15:50:58,349 | INFO | HTTP Request: GET https://www.okx.com/api/v5/market/ticker?instId=AAVE-USDT-SWAP "HTTP/2 200 OK"
2026-03-16 15:50:58,460 | INFO | HTTP Request: GET https://www.okx.com/api/v5/trade/orders-algo-pending?ordType=twap&instType=SWAP&instId=ICP-USDT-SWAP "HTTP/2 200 OK"
2026-03-16 15:50:58,702 | INFO | HTTP Request: GET https://www.okx.com/api/v5/market/candles?instId=AAVE-USDT-SWAP&bar=5m&limit=89 "HTTP/2 200 OK"
2026-03-16 15:50:58,857 | INFO | HTTP Request: GET https://www.okx.com/api/v5/trade/orders-algo-pending?ordType=chase&instType=SWAP&instId=ICP-USDT-SWAP "HTTP/2 200 OK"
2026-03-16 15:50:58,914 | INFO | Placing exchange stop BREV-USDT-SWAP long payload={'instId': 'BREV-USDT-SWAP', 'tdMode': 'isolated', 'side': 'sell', 'posSide': 'net', 'ordType': 'conditional', 'sz': '120000', 'slTriggerPx': '1.008904996667', 'slOrdPx': '-1'}
2026-03-16 15:50:59,151 | INFO | HTTP Request: GET https://www.okx.com/api/v5/market/ticker?instId=ACT-USDT-SWAP "HTTP/2 200 OK"
2026-03-16 15:50:59,289 | INFO | HTTP Request: POST https://www.okx.com/api/v5/trade/order-algo "HTTP/2 200 OK"
2026-03-16 15:50:59,400 | INFO | HTTP Request: GET https://www.okx.com/api/v5/market/candles?instId=ACT-USDT-SWAP&bar=5m&limit=89 "HTTP/2 200 OK"
2026-03-16 15:50:59,661 | INFO | HTTP Request: POST https://www.okx.com/api/v5/trade/cancel-algos "HTTP/2 200 OK"
2026-03-16 15:50:59,712 | INFO | Closing position BREV-USDT-SWAP. Защита тренда: откат от пика 23095003333.33R → 3695003333.33R
2026-03-16 15:50:59,854 | INFO | HTTP Request: GET https://www.okx.com/api/v5/market/ticker?instId=ADA-USDT-SWAP "HTTP/2 200 OK"
2026-03-16 15:51:00,093 | INFO | HTTP Request: POST https://www.okx.com/api/v5/trade/close-position "HTTP/2 200 OK"
2026-03-16 15:51:00,104 | WARNING | Failed to load json context : [Errno 13] Permission denied: '.'
2026-03-16 15:51:00,163 | INFO | HTTP Request: GET https://www.okx.com/api/v5/market/candles?instId=ADA-USDT-SWAP&bar=5m&limit=89 "HTTP/2 200 OK"
2026-03-16 15:51:00,412 | INFO | HTTP Request: GET https://www.okx.com/api/v5/market/candles?instId=BREV-USDT-SWAP&bar=5m&limit=97 "HTTP/2 200 OK"
2026-03-16 15:51:00,638 | INFO | HTTP Request: GET https://www.okx.com/api/v5/market/ticker?instId=AI16Z-USDT-SWAP "HTTP/2 200 OK"
2026-03-16 15:51:00,721 | INFO | HTTP Request: GET https://www.okx.com/api/v5/market/candles?instId=BTC-USDT-SWAP&bar=5m&limit=64 "HTTP/2 200 OK"
2026-03-16 15:51:00,834 | INFO | HTTP Request: GET https://www.okx.com/api/v5/account/balance "HTTP/2 200 OK"
2026-03-16 15:51:00,941 | INFO | HTTP Request: GET https://www.okx.com/api/v5/market/candles?instId=AI16Z-USDT-SWAP&bar=5m&limit=89 "HTTP/2 200 OK"
2026-03-16 15:51:01,371 | INFO | HTTP Request: GET https://www.okx.com/api/v5/market/ticker?instId=AKITA-USDT-SWAP "HTTP/2 200 OK"
2026-03-16 15:51:01,668 | INFO | HTTP Request: GET https://www.okx.com/api/v5/market/candles?instId=AKITA-USDT-SWAP&bar=5m&limit=89 "HTTP/2 200 OK"
2026-03-16 15:51:02,090 | INFO | HTTP Request: GET https://www.okx.com/api/v5/market/ticker?instId=ALGO-USDT-SWAP "HTTP/2 200 OK"
2026-03-16 15:51:02,332 | INFO | HTTP Request: GET https://www.okx.com/api/v5/market/candles?instId=ALGO-USDT-SWAP&bar=5m&limit=89 "HTTP/2 200 OK"
2026-03-16 15:51:02,761 | INFO | HTTP Request: GET https://www.okx.com/api/v5/market/ticker?instId=ARB-USDT-SWAP "HTTP/2 200 OK"
2026-03-16 15:51:03,014 | INFO | HTTP Request: GET https://www.okx.com/api/v5/market/candles?instId=ARB-USDT-SWAP&bar=5m&limit=89 "HTTP/2 200 OK"
2026-03-16 15:51:03,371 | INFO | HTTP Request: GET https://www.okx.com/api/v5/market/ticker?instId=ASP-USDT-SWAP "HTTP/2 200 OK"
2026-03-16 15:51:03,726 | INFO | HTTP Request: GET https://www.okx.com/api/v5/market/candles?instId=ASP-USDT-SWAP&bar=5m&limit=89 "HTTP/2 200 OK"
2026-03-16 15:51:04,151 | INFO | HTTP Request: GET https://www.okx.com/api/v5/market/ticker?instId=ASTER-USDT-SWAP "HTTP/2 200 OK"
2026-03-16 15:51:04,472 | INFO | HTTP Request: GET https://www.okx.com/api/v5/market/candles?instId=ASTER-USDT-SWAP&bar=5m&limit=89 "HTTP/2 200 OK"
2026-03-16 15:51:04,893 | INFO | HTTP Request: GET https://www.okx.com/api/v5/market/ticker?instId=ATOM-USDT-SWAP "HTTP/2 200 OK"
2026-03-16 15:51:05,132 | INFO | HTTP Request: GET https://www.okx.com/api/v5/market/candles?instId=ATOM-USDT-SWAP&bar=5m&limit=89 "HTTP/2 200 OK"
2026-03-16 15:51:05,204 | INFO | HTTP Request: GET https://www.okx.com/api/v5/market/candles?instId=BTC-USDT-SWAP&bar=5m&limit=64 "HTTP/2 200 OK"
2026-03-16 15:51:05,508 | INFO | HTTP Request: GET https://www.okx.com/api/v5/market/ticker?instId=AUCTION-USDT-SWAP "HTTP/2 200 OK"
2026-03-16 15:51:05,850 | INFO | HTTP Request: GET https://www.okx.com/api/v5/market/candles?instId=AUCTION-USDT-SWAP&bar=5m&limit=89 "HTTP/2 200 OK"
2026-03-16 15:51:06,122 | INFO | HTTP Request: GET https://www.okx.com/api/v5/account/positions?instType=SWAP "HTTP/2 200 OK"
2026-03-16 15:51:06,234 | INFO | HTTP Request: GET https://www.okx.com/api/v5/account/balance "HTTP/2 200 OK"
2026-03-16 15:51:06,275 | INFO | HTTP Request: GET https://www.okx.com/api/v5/market/ticker?instId=AVAX-USDT-SWAP "HTTP/2 200 OK"
2026-03-16 15:51:06,395 | INFO | HTTP Request: GET https://www.okx.com/api/v5/market/candles?instId=BREV-USDT-SWAP&bar=5m&limit=26 "HTTP/2 200 OK"
2026-03-16 15:51:06,585 | INFO | HTTP Request: GET https://www.okx.com/api/v5/market/candles?instId=AVAX-USDT-SWAP&bar=5m&limit=89 "HTTP/2 200 OK"
2026-03-16 15:51:06,733 | INFO | HTTP Request: GET https://www.okx.com/api/v5/market/candles?instId=1INCH-USDT-SWAP&bar=5m&limit=71 "HTTP/2 200 OK"
2026-03-16 15:51:06,971 | INFO | HTTP Request: GET https://www.okx.com/api/v5/market/candles?instId=2Z-USDT-SWAP&bar=5m&limit=71 "HTTP/2 200 OK"
2026-03-16 15:51:06,982 | INFO | HTTP Request: GET https://www.okx.com/api/v5/market/ticker?instId=AXS-USDT-SWAP "HTTP/2 200 OK"
2026-03-16 15:51:07,210 | INFO | HTTP Request: GET https://www.okx.com/api/v5/market/candles?instId=AAVE-USDT-SWAP&bar=5m&limit=71 "HTTP/2 200 OK"
2026-03-16 15:51:07,230 | INFO | HTTP Request: GET https://www.okx.com/api/v5/market/candles?instId=AXS-USDT-SWAP&bar=5m&limit=89 "HTTP/2 200 OK"
2026-03-16 15:51:07,511 | INFO | HTTP Request: GET https://www.okx.com/api/v5/market/candles?instId=ACT-USDT-SWAP&bar=5m&limit=71 "HTTP/2 200 OK"
2026-03-16 15:51:07,587 | INFO | HTTP Request: GET https://www.okx.com/api/v5/market/ticker?instId=BAND-USDT-SWAP "HTTP/2 200 OK"
2026-03-16 15:51:07,826 | INFO | HTTP Request: GET https://www.okx.com/api/v5/market/candles?instId=BAND-USDT-SWAP&bar=5m&limit=89 "HTTP/2 200 OK"
2026-03-16 15:51:07,857 | INFO | HTTP Request: GET https://www.okx.com/api/v5/market/candles?instId=ADA-USDT-SWAP&bar=5m&limit=71 "HTTP/2 200 OK"
2026-03-16 15:51:08,111 | INFO | HTTP Request: GET https://www.okx.com/api/v5/market/candles?instId=AI16Z-USDT-SWAP&bar=5m&limit=71 "HTTP/2 200 OK"
2026-03-16 15:51:08,264 | INFO | HTTP Request: GET https://www.okx.com/api/v5/market/ticker?instId=BCH-USDT-SWAP "HTTP/2 200 OK"
2026-03-16 15:51:08,417 | INFO | HTTP Request: GET https://www.okx.com/api/v5/market/candles?instId=AKITA-USDT-SWAP&bar=5m&limit=71 "HTTP/2 200 OK"
2026-03-16 15:51:08,574 | INFO | HTTP Request: GET https://www.okx.com/api/v5/market/candles?instId=BCH-USDT-SWAP&bar=5m&limit=89 "HTTP/2 200 OK"
2026-03-16 15:51:08,669 | INFO | HTTP Request: GET https://www.okx.com/api/v5/market/candles?instId=ALGO-USDT-SWAP&bar=5m&limit=71 "HTTP/2 200 OK"
2026-03-16 15:51:08,979 | INFO | HTTP Request: GET https://www.okx.com/api/v5/market/ticker?instId=BIO-USDT-SWAP "HTTP/2 200 OK"
2026-03-16 15:51:08,979 | INFO | HTTP Request: GET https://www.okx.com/api/v5/market/candles?instId=ARB-USDT-SWAP&bar=5m&limit=71 "HTTP/2 200 OK"
2026-03-16 15:51:09,297 | INFO | HTTP Request: GET https://www.okx.com/api/v5/market/candles?instId=ASP-USDT-SWAP&bar=5m&limit=71 "HTTP/2 200 OK"
2026-03-16 15:51:09,357 | INFO | HTTP Request: GET https://www.okx.com/api/v5/market/candles?instId=BIO-USDT-SWAP&bar=5m&limit=89 "HTTP/2 200 OK"
2026-03-16 15:51:09,536 | INFO | HTTP Request: GET https://www.okx.com/api/v5/market/candles?instId=ASTER-USDT-SWAP&bar=5m&limit=71 "HTTP/2 200 OK"
2026-03-16 15:51:09,838 | INFO | HTTP Request: GET https://www.okx.com/api/v5/market/candles?instId=ATOM-USDT-SWAP&bar=5m&limit=71 "HTTP/2 200 OK"
2026-03-16 15:51:09,848 | INFO | HTTP Request: GET https://www.okx.com/api/v5/market/ticker?instId=BLUAI-USDT-SWAP "HTTP/2 200 OK"
2026-03-16 15:51:10,102 | INFO | HTTP Request: GET https://www.okx.com/api/v5/market/candles?instId=AUCTION-USDT-SWAP&bar=5m&limit=71 "HTTP/2 200 OK"
2026-03-16 15:51:10,191 | INFO | HTTP Request: GET https://www.okx.com/api/v5/market/candles?instId=BLUAI-USDT-SWAP&bar=5m&limit=89 "HTTP/2 200 OK"
2026-03-16 15:51:10,416 | INFO | HTTP Request: GET https://www.okx.com/api/v5/market/candles?instId=BLUAI-USDT-SWAP&bar=5m&limit=71 "HTTP/2 200 OK"
2026-03-16 15:51:10,640 | INFO | HTTP Request: GET https://www.okx.com/api/v5/market/ticker?instId=BNB-USDT-SWAP "HTTP/2 200 OK"
2026-03-16 15:51:10,719 | INFO | HTTP Request: GET https://www.okx.com/api/v5/market/candles?instId=BNB-USDT-SWAP&bar=5m&limit=71 "HTTP/2 200 OK"
2026-03-16 15:51:10,994 | INFO | HTTP Request: GET https://www.okx.com/api/v5/market/candles?instId=BOME-USDT-SWAP&bar=5m&limit=71 "HTTP/2 200 OK"
2026-03-16 15:51:11,008 | INFO | HTTP Request: GET https://www.okx.com/api/v5/market/candles?instId=BNB-USDT-SWAP&bar=5m&limit=89 "HTTP/2 200 OK"
2026-03-16 15:51:11,301 | INFO | HTTP Request: GET https://www.okx.com/api/v5/market/candles?instId=BRETT-USDT-SWAP&bar=5m&limit=71 "HTTP/2 200 OK"
2026-03-16 15:51:11,395 | INFO | HTTP Request: GET https://www.okx.com/api/v5/market/candles?instId=BTC-USDT-SWAP&bar=5m&limit=64 "HTTP/2 200 OK"
2026-03-16 15:51:11,434 | INFO | HTTP Request: GET https://www.okx.com/api/v5/market/ticker?instId=BOME-USDT-SWAP "HTTP/2 200 OK"
2026-03-16 15:51:11,563 | INFO | HTTP Request: GET https://www.okx.com/api/v5/market/candles?instId=BTC-USDT-SWAP&bar=5m&limit=71 "HTTP/2 200 OK"
2026-03-16 15:51:11,751 | INFO | HTTP Request: GET https://www.okx.com/api/v5/account/balance "HTTP/2 200 OK"
2026-03-16 15:51:11,852 | INFO | HTTP Request: GET https://www.okx.com/api/v5/market/ticker?instId=BRETT-USDT-SWAP "HTTP/2 200 OK"
2026-03-16 15:51:11,885 | INFO | HTTP Request: GET https://www.okx.com/api/v5/market/candles?instId=CAT-USDT-SWAP&bar=5m&limit=71 "HTTP/2 200 OK"
2026-03-16 15:51:12,185 | INFO | HTTP Request: GET https://www.okx.com/api/v5/market/candles?instId=CATI-USDT-SWAP&bar=5m&limit=71 "HTTP/2 200 OK"
2026-03-16 15:51:12,241 | INFO | HTTP Request: GET https://www.okx.com/api/v5/market/ticker?instId=BTC-USDT-SWAP "HTTP/2 200 OK"
2026-03-16 15:51:12,490 | INFO | HTTP Request: GET https://www.okx.com/api/v5/market/candles?instId=CELO-USDT-SWAP&bar=5m&limit=71 "HTTP/2 200 OK"
2026-03-16 15:51:12,601 | INFO | HTTP Request: GET https://www.okx.com/api/v5/market/ticker?instId=CAT-USDT-SWAP "HTTP/2 200 OK"
2026-03-16 15:51:12,799 | INFO | HTTP Request: GET https://www.okx.com/api/v5/market/candles?instId=CFX-USDT-SWAP&bar=5m&limit=71 "HTTP/2 200 OK"
2026-03-16 15:51:12,966 | INFO | HTTP Request: GET https://www.okx.com/api/v5/market/ticker?instId=CATI-USDT-SWAP "HTTP/2 200 OK"
2026-03-16 15:51:13,126 | INFO | HTTP Request: GET https://www.okx.com/api/v5/market/candles?instId=CHZ-USDT-SWAP&bar=5m&limit=71 "HTTP/2 200 OK"
2026-03-16 15:51:13,364 | INFO | HTTP Request: GET https://www.okx.com/api/v5/market/candles?instId=COAI-USDT-SWAP&bar=5m&limit=71 "HTTP/2 200 OK"
2026-03-16 15:51:13,365 | INFO | HTTP Request: GET https://www.okx.com/api/v5/market/ticker?instId=CELO-USDT-SWAP "HTTP/2 200 OK"
2026-03-16 15:51:13,601 | INFO | HTTP Request: GET https://www.okx.com/api/v5/market/candles?instId=COMP-USDT-SWAP&bar=5m&limit=71 "HTTP/2 200 OK"
2026-03-16 15:51:13,795 | INFO | HTTP Request: GET https://www.okx.com/api/v5/market/ticker?instId=CFX-USDT-SWAP "HTTP/2 200 OK"
2026-03-16 15:51:13,912 | INFO | HTTP Request: GET https://www.okx.com/api/v5/market/candles?instId=CRO-USDT-SWAP&bar=5m&limit=71 "HTTP/2 200 OK"
2026-03-16 15:51:14,149 | INFO | HTTP Request: GET https://www.okx.com/api/v5/market/candles?instId=CRV-USDT-SWAP&bar=5m&limit=71 "HTTP/2 200 OK"
2026-03-16 15:51:14,168 | INFO | HTTP Request: GET https://www.okx.com/api/v5/market/ticker?instId=CHZ-USDT-SWAP "HTTP/2 200 OK"
2026-03-16 15:51:14,409 | INFO | HTTP Request: GET https://www.okx.com/api/v5/market/candles?instId=DOGE-USDT-SWAP&bar=5m&limit=71 "HTTP/2 200 OK"
2026-03-16 15:51:14,619 | INFO | HTTP Request: GET https://www.okx.com/api/v5/market/ticker?instId=COAI-USDT-SWAP "HTTP/2 200 OK"
2026-03-16 15:51:14,661 | INFO | HTTP Request: GET https://www.okx.com/api/v5/market/candles?instId=DOT-USDT-SWAP&bar=5m&limit=71 "HTTP/2 200 OK"
2026-03-16 15:51:14,980 | INFO | HTTP Request: GET https://www.okx.com/api/v5/market/ticker?instId=COMP-USDT-SWAP "HTTP/2 200 OK"
2026-03-16 15:51:14,989 | INFO | HTTP Request: GET https://www.okx.com/api/v5/market/candles?instId=ENA-USDT-SWAP&bar=5m&limit=71 "HTTP/2 200 OK"
2026-03-16 15:51:15,230 | INFO | HTTP Request: GET https://www.okx.com/api/v5/market/candles?instId=EOS-USDT-SWAP&bar=5m&limit=71 "HTTP/2 200 OK"
2026-03-16 15:51:15,399 | INFO | HTTP Request: GET https://www.okx.com/api/v5/market/ticker?instId=CRO-USDT-SWAP "HTTP/2 200 OK"
2026-03-16 15:51:15,548 | INFO | HTTP Request: GET https://www.okx.com/api/v5/market/candles?instId=ETC-USDT-SWAP&bar=5m&limit=71 "HTTP/2 200 OK"
2026-03-16 15:51:15,787 | INFO | HTTP Request: GET https://www.okx.com/api/v5/market/candles?instId=ETH-USDT-SWAP&bar=5m&limit=71 "HTTP/2 200 OK"
2026-03-16 15:51:15,856 | INFO | HTTP Request: GET https://www.okx.com/api/v5/market/ticker?instId=CRV-USDT-SWAP "HTTP/2 200 OK"
2026-03-16 15:51:16,086 | INFO | HTTP Request: GET https://www.okx.com/api/v5/market/candles?instId=ETHFI-USDT-SWAP&bar=5m&limit=71 "HTTP/2 200 OK"
2026-03-16 15:51:16,316 | INFO | HTTP Request: GET https://www.okx.com/api/v5/market/ticker?instId=DOGE-USDT-SWAP "HTTP/2 200 OK"
2026-03-16 15:51:16,466 | INFO | HTTP Request: GET https://www.okx.com/api/v5/market/candles?instId=ETHW-USDT-SWAP&bar=5m&limit=71 "HTTP/2 200 OK"
2026-03-16 15:51:16,676 | INFO | HTTP Request: GET https://www.okx.com/api/v5/market/ticker?instId=DOT-USDT-SWAP "HTTP/2 200 OK"
2026-03-16 15:51:16,720 | INFO | HTTP Request: GET https://www.okx.com/api/v5/market/candles?instId=FIL-USDT-SWAP&bar=5m&limit=71 "HTTP/2 200 OK"
2026-03-16 15:51:17,033 | INFO | HTTP Request: GET https://www.okx.com/api/v5/market/candles?instId=FLOKI-USDT-SWAP&bar=5m&limit=71 "HTTP/2 200 OK"
2026-03-16 15:51:17,102 | INFO | HTTP Request: GET https://www.okx.com/api/v5/market/ticker?instId=ENA-USDT-SWAP "HTTP/2 200 OK"
2026-03-16 15:51:17,234 | INFO | HTTP Request: GET https://www.okx.com/api/v5/account/balance "HTTP/2 200 OK"
2026-03-16 15:51:17,267 | INFO | HTTP Request: GET https://www.okx.com/api/v5/market/ticker?instId=FLOKI-USDT-SWAP "HTTP/2 200 OK"
2026-03-16 15:51:17,272 | INFO | FLOKI-USDT-SWAP: Turtle 20 long-сигнал отклонён (закрытие не удержалось выше канала)
2026-03-16 15:51:17,518 | INFO | HTTP Request: GET https://www.okx.com/api/v5/market/ticker?instId=EOS-USDT-SWAP "HTTP/2 200 OK"
2026-03-16 15:51:17,522 | INFO | HTTP Request: GET https://www.okx.com/api/v5/market/candles?instId=GMT-USDT-SWAP&bar=5m&limit=71 "HTTP/2 200 OK"
2026-03-16 15:51:17,700 | INFO | HTTP Request: GET https://www.okx.com/api/v5/market/candles?instId=BTC-USDT-SWAP&bar=5m&limit=64 "HTTP/2 200 OK"
2026-03-16 15:51:17,776 | INFO | HTTP Request: GET https://www.okx.com/api/v5/market/candles?instId=H-USDT-SWAP&bar=5m&limit=71 "HTTP/2 200 OK"
2026-03-16 15:51:17,890 | INFO | HTTP Request: GET https://www.okx.com/api/v5/market/ticker?instId=ETC-USDT-SWAP "HTTP/2 200 OK"
2026-03-16 15:51:18,079 | INFO | HTTP Request: GET https://www.okx.com/api/v5/market/ticker?instId=H-USDT-SWAP "HTTP/2 200 OK"
2026-03-16 15:51:18,101 | INFO | H-USDT-SWAP: Turtle 20 long-сигнал отклонён (закрытие не удержалось выше канала)
2026-03-16 15:51:18,249 | INFO | HTTP Request: GET https://www.okx.com/api/v5/market/ticker?instId=ETH-USDT-SWAP "HTTP/2 200 OK"
2026-03-16 15:51:18,414 | INFO | HTTP Request: GET https://www.okx.com/api/v5/market/candles?instId=HBAR-USDT-SWAP&bar=5m&limit=71 "HTTP/2 200 OK"
2026-03-16 15:51:18,664 | INFO | HTTP Request: GET https://www.okx.com/api/v5/market/ticker?instId=ETHFI-USDT-SWAP "HTTP/2 200 OK"
2026-03-16 15:51:18,773 | INFO | HTTP Request: GET https://www.okx.com/api/v5/market/ticker?instId=HBAR-USDT-SWAP "HTTP/2 200 OK"
2026-03-16 15:51:18,786 | INFO | HBAR-USDT-SWAP: Turtle 55 long-сигнал отклонён (закрытие не удержалось выше канала)
2026-03-16 15:51:18,794 | INFO | HBAR-USDT-SWAP: Turtle 20 long-сигнал отклонён (закрытие не удержалось выше канала)
2026-03-16 15:51:19,023 | INFO | HTTP Request: GET https://www.okx.com/api/v5/market/ticker?instId=ETHW-USDT-SWAP "HTTP/2 200 OK"
2026-03-16 15:51:19,109 | INFO | HTTP Request: GET https://www.okx.com/api/v5/market/candles?instId=HMSTR-USDT-SWAP&bar=5m&limit=71 "HTTP/2 200 OK"
2026-03-16 15:51:19,433 | INFO | HTTP Request: GET https://www.okx.com/api/v5/market/candles?instId=HOME-USDT-SWAP&bar=5m&limit=71 "HTTP/2 200 OK"
2026-03-16 15:51:19,446 | INFO | HTTP Request: GET https://www.okx.com/api/v5/market/ticker?instId=FIL-USDT-SWAP "HTTP/2 200 OK"
2026-03-16 15:51:19,683 | INFO | HTTP Request: GET https://www.okx.com/api/v5/market/candles?instId=IMX-USDT-SWAP&bar=5m&limit=71 "HTTP/2 200 OK"
2026-03-16 15:51:19,981 | INFO | HTTP Request: GET https://www.okx.com/api/v5/market/candles?instId=INJ-USDT-SWAP&bar=5m&limit=71 "HTTP/2 200 OK"
2026-03-16 15:51:19,990 | INFO | HTTP Request: GET https://www.okx.com/api/v5/market/ticker?instId=GMT-USDT-SWAP "HTTP/2 200 OK"
2026-03-16 15:51:20,301 | INFO | HTTP Request: GET https://www.okx.com/api/v5/market/candles?instId=IOTA-USDT-SWAP&bar=5m&limit=71 "HTTP/2 200 OK"
2026-03-16 15:51:20,626 | INFO | HTTP Request: GET https://www.okx.com/api/v5/market/candles?instId=JUP-USDT-SWAP&bar=5m&limit=71 "HTTP/2 200 OK"
2026-03-16 15:51:20,672 | INFO | HTTP Request: GET https://www.okx.com/api/v5/market/ticker?instId=HMSTR-USDT-SWAP "HTTP/2 200 OK"
2026-03-16 15:51:20,932 | INFO | HTTP Request: GET https://www.okx.com/api/v5/market/candles?instId=KAITO-USDT-SWAP&bar=5m&limit=71 "HTTP/2 200 OK"
2026-03-16 15:51:21,034 | INFO | HTTP Request: GET https://www.okx.com/api/v5/market/ticker?instId=HOME-USDT-SWAP "HTTP/2 200 OK"
2026-03-16 15:51:21,229 | INFO | HTTP Request: GET https://www.okx.com/api/v5/market/candles?instId=KSM-USDT-SWAP&bar=5m&limit=71 "HTTP/2 200 OK"
2026-03-16 15:51:21,519 | INFO | HTTP Request: GET https://www.okx.com/api/v5/market/ticker?instId=IMX-USDT-SWAP "HTTP/2 200 OK"
2026-03-16 15:51:21,526 | INFO | HTTP Request: GET https://www.okx.com/api/v5/market/candles?instId=LDO-USDT-SWAP&bar=5m&limit=71 "HTTP/2 200 OK"
2026-03-16 15:51:21,817 | INFO | HTTP Request: GET https://www.okx.com/api/v5/market/ticker?instId=LDO-USDT-SWAP "HTTP/2 200 OK"
2026-03-16 15:51:21,825 | INFO | LDO-USDT-SWAP: Turtle 20 long-сигнал отклонён (закрытие не удержалось выше канала)
2026-03-16 15:51:21,985 | INFO | HTTP Request: GET https://www.okx.com/api/v5/market/ticker?instId=INJ-USDT-SWAP "HTTP/2 200 OK"
2026-03-16 15:51:22,080 | INFO | HTTP Request: GET https://www.okx.com/api/v5/market/candles?instId=LINEA-USDT-SWAP&bar=5m&limit=71 "HTTP/2 200 OK"
2026-03-16 15:51:22,334 | INFO | HTTP Request: GET https://www.okx.com/api/v5/market/candles?instId=LINK-USDT-SWAP&bar=5m&limit=71 "HTTP/2 200 OK"
2026-03-16 15:51:22,457 | INFO | HTTP Request: GET https://www.okx.com/api/v5/market/ticker?instId=IOTA-USDT-SWAP "HTTP/2 200 OK"
2026-03-16 15:51:22,614 | INFO | HTTP Request: GET https://www.okx.com/api/v5/account/balance "HTTP/2 200 OK"
2026-03-16 15:51:22,659 | INFO | HTTP Request: GET https://www.okx.com/api/v5/market/candles?instId=LIT-USDT-SWAP&bar=5m&limit=71 "HTTP/2 200 OK"
2026-03-16 15:51:22,837 | INFO | HTTP Request: GET https://www.okx.com/api/v5/market/ticker?instId=JUP-USDT-SWAP "HTTP/2 200 OK"
2026-03-16 15:51:22,958 | INFO | HTTP Request: GET https://www.okx.com/api/v5/market/ticker?instId=LIT-USDT-SWAP "HTTP/2 200 OK"
2026-03-16 15:51:22,975 | INFO | LIT-USDT-SWAP: Turtle 55 short-сигнал отклонён (закрытие не удержалось ниже канала)
2026-03-16 15:51:22,981 | INFO | LIT-USDT-SWAP: Turtle 20 short-сигнал отклонён (закрытие не удержалось ниже канала)
2026-03-16 15:51:23,221 | INFO | HTTP Request: GET https://www.okx.com/api/v5/market/ticker?instId=KAITO-USDT-SWAP "HTTP/2 200 OK"
2026-03-16 15:51:23,289 | INFO | HTTP Request: GET https://www.okx.com/api/v5/market/candles?instId=LPT-USDT-SWAP&bar=5m&limit=71 "HTTP/2 200 OK"
2026-03-16 15:51:23,579 | INFO | HTTP Request: GET https://www.okx.com/api/v5/market/ticker?instId=KSM-USDT-SWAP "HTTP/2 200 OK"
2026-03-16 15:51:23,637 | INFO | HTTP Request: GET https://www.okx.com/api/v5/market/candles?instId=LQTY-USDT-SWAP&bar=5m&limit=71 "HTTP/2 200 OK"
2026-03-16 15:51:23,879 | INFO | HTTP Request: GET https://www.okx.com/api/v5/market/candles?instId=BTC-USDT-SWAP&bar=5m&limit=64 "HTTP/2 200 OK"
2026-03-16 15:51:24,015 | INFO | HTTP Request: GET https://www.okx.com/api/v5/market/candles?instId=LRC-USDT-SWAP&bar=5m&limit=71 "HTTP/2 200 OK"
2026-03-16 15:51:24,074 | INFO | HTTP Request: GET https://www.okx.com/api/v5/market/ticker?instId=LINEA-USDT-SWAP "HTTP/2 200 OK"
2026-03-16 15:51:24,267 | INFO | HTTP Request: GET https://www.okx.com/api/v5/market/candles?instId=LTC-USDT-SWAP&bar=5m&limit=71 "HTTP/2 200 OK"
2026-03-16 15:51:24,562 | INFO | HTTP Request: GET https://www.okx.com/api/v5/market/ticker?instId=LINK-USDT-SWAP "HTTP/2 200 OK"
2026-03-16 15:51:24,577 | INFO | HTTP Request: GET https://www.okx.com/api/v5/market/candles?instId=MAGIC-USDT-SWAP&bar=5m&limit=71 "HTTP/2 200 OK"
2026-03-16 15:51:24,827 | INFO | HTTP Request: GET https://www.okx.com/api/v5/market/candles?instId=MAJOR-USDT-SWAP&bar=5m&limit=71 "HTTP/2 200 OK"
2026-03-16 15:51:25,134 | INFO | HTTP Request: GET https://www.okx.com/api/v5/market/ticker?instId=LPT-USDT-SWAP "HTTP/2 200 OK"
2026-03-16 15:51:25,141 | INFO | HTTP Request: GET https://www.okx.com/api/v5/market/candles?instId=MASK-USDT-SWAP&bar=5m&limit=71 "HTTP/2 200 OK"
2026-03-16 15:51:25,456 | INFO | HTTP Request: GET https://www.okx.com/api/v5/market/candles?instId=MET-USDT-SWAP&bar=5m&limit=71 "HTTP/2 200 OK"
2026-03-16 15:51:25,512 | INFO | HTTP Request: GET https://www.okx.com/api/v5/market/ticker?instId=LQTY-USDT-SWAP "HTTP/2 200 OK"
2026-03-16 15:51:25,773 | INFO | HTTP Request: GET https://www.okx.com/api/v5/market/candles?instId=MINA-USDT-SWAP&bar=5m&limit=71 "HTTP/2 200 OK"
2026-03-16 15:51:25,928 | INFO | HTTP Request: GET https://www.okx.com/api/v5/market/ticker?instId=LRC-USDT-SWAP "HTTP/2 200 OK"
2026-03-16 15:51:26,079 | INFO | HTTP Request: GET https://www.okx.com/api/v5/market/candles?instId=MKR-USDT-SWAP&bar=5m&limit=71 "HTTP/2 200 OK"
2026-03-16 15:51:26,380 | INFO | HTTP Request: GET https://www.okx.com/api/v5/market/candles?instId=NEAR-USDT-SWAP&bar=5m&limit=71 "HTTP/2 200 OK"
2026-03-16 15:51:26,381 | INFO | HTTP Request: GET https://www.okx.com/api/v5/market/ticker?instId=LTC-USDT-SWAP "HTTP/2 200 OK"
2026-03-16 15:51:26,697 | INFO | HTTP Request: GET https://www.okx.com/api/v5/market/candles?instId=NEO-USDT-SWAP&bar=5m&limit=71 "HTTP/2 200 OK"
2026-03-16 15:51:26,750 | INFO | HTTP Request: GET https://www.okx.com/api/v5/market/ticker?instId=MAGIC-USDT-SWAP "HTTP/2 200 OK"
2026-03-16 15:51:27,015 | INFO | HTTP Request: GET https://www.okx.com/api/v5/market/candles?instId=NOT-USDT-SWAP&bar=5m&limit=71 "HTTP/2 200 OK"
2026-03-16 15:51:27,110 | INFO | HTTP Request: GET https://www.okx.com/api/v5/market/ticker?instId=MAJOR-USDT-SWAP "HTTP/2 200 OK"
2026-03-16 15:51:27,356 | INFO | HTTP Request: GET https://www.okx.com/api/v5/market/candles?instId=OP-USDT-SWAP&bar=5m&limit=71 "HTTP/2 200 OK"
2026-03-16 15:51:27,534 | INFO | HTTP Request: GET https://www.okx.com/api/v5/market/ticker?instId=MASK-USDT-SWAP "HTTP/2 200 OK"
2026-03-16 15:51:27,670 | INFO | HTTP Request: GET https://www.okx.com/api/v5/market/ticker?instId=OP-USDT-SWAP "HTTP/2 200 OK"
2026-03-16 15:51:27,681 | INFO | OP-USDT-SWAP: Turtle 20 long-сигнал отклонён (закрытие не удержалось выше канала)
2026-03-16 15:51:27,929 | INFO | HTTP Request: GET https://www.okx.com/api/v5/market/candles?instId=PEPE-USDT-SWAP&bar=5m&limit=71 "HTTP/2 200 OK"
2026-03-16 15:51:27,941 | INFO | HTTP Request: GET https://www.okx.com/api/v5/market/ticker?instId=MET-USDT-SWAP "HTTP/2 200 OK"
2026-03-16 15:51:27,949 | INFO | HTTP Request: GET https://www.okx.com/api/v5/account/balance "HTTP/2 200 OK"
2026-03-16 15:51:28,236 | INFO | HTTP Request: GET https://www.okx.com/api/v5/market/candles?instId=PIGGY-USDT-SWAP&bar=5m&limit=71 "HTTP/2 200 OK"
2026-03-16 15:51:28,364 | INFO | HTTP Request: GET https://www.okx.com/api/v5/market/ticker?instId=MINA-USDT-SWAP "HTTP/2 200 OK"
2026-03-16 15:51:28,581 | INFO | HTTP Request: GET https://www.okx.com/api/v5/market/candles?instId=QTUM-USDT-SWAP&bar=5m&limit=71 "HTTP/2 200 OK"
2026-03-16 15:51:28,737 | INFO | HTTP Request: GET https://www.okx.com/api/v5/market/ticker?instId=MKR-USDT-SWAP "HTTP/2 200 OK"
2026-03-16 15:51:28,883 | INFO | HTTP Request: GET https://www.okx.com/api/v5/market/candles?instId=RAVE-USDT-SWAP&bar=5m&limit=71 "HTTP/2 200 OK"
2026-03-16 15:51:29,133 | INFO | HTTP Request: GET https://www.okx.com/api/v5/market/candles?instId=RESOLV-USDT-SWAP&bar=5m&limit=71 "HTTP/2 200 OK"
2026-03-16 15:51:29,298 | INFO | HTTP Request: GET https://www.okx.com/api/v5/market/ticker?instId=NEAR-USDT-SWAP "HTTP/2 200 OK"
2026-03-16 15:51:29,373 | INFO | HTTP Request: GET https://www.okx.com/api/v5/market/candles?instId=ROBO-USDT-SWAP&bar=5m&limit=71 "HTTP/2 200 OK"
2026-03-16 15:51:29,608 | INFO | HTTP Request: GET https://www.okx.com/api/v5/market/candles?instId=SAND-USDT-SWAP&bar=5m&limit=71 "HTTP/2 200 OK"
2026-03-16 15:51:29,698 | INFO | HTTP Request: GET https://www.okx.com/api/v5/market/ticker?instId=NEO-USDT-SWAP "HTTP/2 200 OK"
2026-03-16 15:51:29,915 | INFO | HTTP Request: GET https://www.okx.com/api/v5/market/ticker?instId=SAND-USDT-SWAP "HTTP/2 200 OK"
2026-03-16 15:51:29,926 | INFO | SAND-USDT-SWAP: Turtle 55 short-сигнал отклонён (закрытие не удержалось ниже канала)
2026-03-16 15:51:29,930 | INFO | SAND-USDT-SWAP: Turtle 20 short-сигнал отклонён (закрытие не удержалось ниже канала)
2026-03-16 15:51:30,150 | INFO | HTTP Request: GET https://www.okx.com/api/v5/market/ticker?instId=NOT-USDT-SWAP "HTTP/2 200 OK"
2026-03-16 15:51:30,166 | INFO | HTTP Request: GET https://www.okx.com/api/v5/market/candles?instId=SCR-USDT-SWAP&bar=5m&limit=71 "HTTP/2 200 OK"
2026-03-16 15:51:30,193 | INFO | HTTP Request: GET https://www.okx.com/api/v5/market/candles?instId=BTC-USDT-SWAP&bar=5m&limit=64 "HTTP/2 200 OK"
2026-03-16 15:51:30,539 | INFO | HTTP Request: GET https://www.okx.com/api/v5/market/candles?instId=SHIB-USDT-SWAP&bar=5m&limit=71 "HTTP/2 200 OK"
2026-03-16 15:51:30,692 | INFO | HTTP Request: GET https://www.okx.com/api/v5/market/ticker?instId=PEPE-USDT-SWAP "HTTP/2 200 OK"
2026-03-16 15:51:30,774 | INFO | HTTP Request: GET https://www.okx.com/api/v5/market/candles?instId=SKY-USDT-SWAP&bar=5m&limit=71 "HTTP/2 200 OK"
2026-03-16 15:51:31,050 | INFO | HTTP Request: GET https://www.okx.com/api/v5/market/candles?instId=SOL-USDT-SWAP&bar=5m&limit=71 "HTTP/2 200 OK"
2026-03-16 15:51:31,061 | INFO | HTTP Request: GET https://www.okx.com/api/v5/market/ticker?instId=PIGGY-USDT-SWAP "HTTP/2 200 OK"
2026-03-16 15:51:31,349 | INFO | HTTP Request: GET https://www.okx.com/api/v5/market/candles?instId=SOLV-USDT-SWAP&bar=5m&limit=71 "HTTP/2 200 OK"
2026-03-16 15:51:31,495 | INFO | HTTP Request: GET https://www.okx.com/api/v5/market/ticker?instId=QTUM-USDT-SWAP "HTTP/2 200 OK"
2026-03-16 15:51:31,604 | INFO | HTTP Request: GET https://www.okx.com/api/v5/market/candles?instId=SPK-USDT-SWAP&bar=5m&limit=71 "HTTP/2 200 OK"
2026-03-16 15:51:31,856 | INFO | HTTP Request: GET https://www.okx.com/api/v5/market/candles?instId=STRK-USDT-SWAP&bar=5m&limit=71 "HTTP/2 200 OK"
2026-03-16 15:51:31,911 | INFO | HTTP Request: GET https://www.okx.com/api/v5/market/ticker?instId=RAVE-USDT-SWAP "HTTP/2 200 OK"
2026-03-16 15:51:32,099 | INFO | HTTP Request: GET https://www.okx.com/api/v5/market/candles?instId=SUI-USDT-SWAP&bar=5m&limit=71 "HTTP/2 200 OK"
2026-03-16 15:51:32,391 | INFO | HTTP Request: GET https://www.okx.com/api/v5/market/ticker?instId=RESOLV-USDT-SWAP "HTTP/2 200 OK"
2026-03-16 15:51:32,414 | INFO | HTTP Request: GET https://www.okx.com/api/v5/market/candles?instId=SUSHI-USDT-SWAP&bar=5m&limit=71 "HTTP/2 200 OK"
2026-03-16 15:51:32,665 | INFO | HTTP Request: GET https://www.okx.com/api/v5/market/candles?instId=SYRUP-USDT-SWAP&bar=5m&limit=71 "HTTP/2 200 OK"
2026-03-16 15:51:32,769 | INFO | HTTP Request: GET https://www.okx.com/api/v5/market/ticker?instId=ROBO-USDT-SWAP "HTTP/2 200 OK"
2026-03-16 15:51:32,914 | INFO | HTTP Request: GET https://www.okx.com/api/v5/market/candles?instId=TEST1234-USDT-SWAP&bar=5m&limit=71 "HTTP/2 200 OK"
2026-03-16 15:51:33,162 | INFO | HTTP Request: GET https://www.okx.com/api/v5/market/candles?instId=TEST3103-USDT-SWAP&bar=5m&limit=71 "HTTP/2 200 OK"
2026-03-16 15:51:33,304 | INFO | HTTP Request: GET https://www.okx.com/api/v5/market/ticker?instId=SCR-USDT-SWAP "HTTP/2 200 OK"
2026-03-16 15:51:33,332 | INFO | HTTP Request: GET https://www.okx.com/api/v5/account/balance "HTTP/2 200 OK"
2026-03-16 15:51:33,400 | INFO | HTTP Request: GET https://www.okx.com/api/v5/market/candles?instId=TEST3110-USDT-SWAP&bar=5m&limit=71 "HTTP/2 200 OK"
2026-03-16 15:51:33,685 | INFO | HTTP Request: GET https://www.okx.com/api/v5/market/candles?instId=THETA-USDT-SWAP&bar=5m&limit=71 "HTTP/2 200 OK"
2026-03-16 15:51:33,738 | INFO | HTTP Request: GET https://www.okx.com/api/v5/market/ticker?instId=SHIB-USDT-SWAP "HTTP/2 200 OK"
2026-03-16 15:51:33,932 | INFO | HTTP Request: GET https://www.okx.com/api/v5/market/candles?instId=TON-USDT-SWAP&bar=5m&limit=71 "HTTP/2 200 OK"
2026-03-16 15:51:34,098 | INFO | HTTP Request: GET https://www.okx.com/api/v5/market/ticker?instId=SKY-USDT-SWAP "HTTP/2 200 OK"
2026-03-16 15:51:34,248 | INFO | HTTP Request: GET https://www.okx.com/api/v5/market/ticker?instId=TON-USDT-SWAP "HTTP/2 200 OK"
2026-03-16 15:51:34,255 | INFO | TON-USDT-SWAP: Turtle 20 long-сигнал отклонён (закрытие не удержалось выше канала)
2026-03-16 15:51:34,502 | INFO | HTTP Request: GET https://www.okx.com/api/v5/market/ticker?instId=SOL-USDT-SWAP "HTTP/2 200 OK"
2026-03-16 15:51:34,556 | INFO | HTTP Request: GET https://www.okx.com/api/v5/market/candles?instId=TRIA-USDT-SWAP&bar=5m&limit=71 "HTTP/2 200 OK"
2026-03-16 15:51:34,881 | INFO | HTTP Request: GET https://www.okx.com/api/v5/market/candles?instId=TRX-USDT-SWAP&bar=5m&limit=71 "HTTP/2 200 OK"
2026-03-16 15:51:34,935 | INFO | HTTP Request: GET https://www.okx.com/api/v5/market/ticker?instId=SOLV-USDT-SWAP "HTTP/2 200 OK"
2026-03-16 15:51:35,131 | INFO | HTTP Request: GET https://www.okx.com/api/v5/market/ticker?instId=TRX-USDT-SWAP "HTTP/2 200 OK"
2026-03-16 15:51:35,145 | INFO | TRX-USDT-SWAP: Turtle 55 long-сигнал отклонён (закрытие не удержалось выше канала)
2026-03-16 15:51:35,152 | INFO | TRX-USDT-SWAP: Turtle 20 long-сигнал отклонён (закрытие не удержалось выше канала)
2026-03-16 15:51:35,305 | INFO | HTTP Request: GET https://www.okx.com/api/v5/market/ticker?instId=SPK-USDT-SWAP "HTTP/2 200 OK"
2026-03-16 15:51:35,449 | INFO | HTTP Request: GET https://www.okx.com/api/v5/market/candles?instId=TSLA-USDT-SWAP&bar=5m&limit=71 "HTTP/2 200 OK"
2026-03-16 15:51:35,727 | INFO | HTTP Request: GET https://www.okx.com/api/v5/market/ticker?instId=STRK-USDT-SWAP "HTTP/2 200 OK"
2026-03-16 15:51:35,836 | INFO | HTTP Request: GET https://www.okx.com/api/v5/market/candles?instId=XAU-USDT-SWAP&bar=5m&limit=71 "HTTP/2 200 OK"
2026-03-16 15:51:36,169 | INFO | HTTP Request: GET https://www.okx.com/api/v5/market/candles?instId=XLM-USDT-SWAP&bar=5m&limit=71 "HTTP/2 200 OK"
2026-03-16 15:51:36,176 | INFO | HTTP Request: GET https://www.okx.com/api/v5/market/ticker?instId=SUI-USDT-SWAP "HTTP/2 200 OK"
2026-03-16 15:51:36,386 | INFO | HTTP Request: GET https://www.okx.com/api/v5/market/candles?instId=BTC-USDT-SWAP&bar=5m&limit=64 "HTTP/2 200 OK"
2026-03-16 15:51:36,420 | INFO | HTTP Request: GET https://www.okx.com/api/v5/market/candles?instId=XPL-USDT-SWAP&bar=5m&limit=71 "HTTP/2 200 OK"
2026-03-16 15:51:36,549 | INFO | HTTP Request: GET https://www.okx.com/api/v5/market/ticker?instId=SUSHI-USDT-SWAP "HTTP/2 200 OK"
2026-03-16 15:51:36,659 | INFO | HTTP Request: GET https://www.okx.com/api/v5/market/candles?instId=XRP-USDT-SWAP&bar=5m&limit=71 "HTTP/2 200 OK"
2026-03-16 15:51:36,899 | INFO | HTTP Request: GET https://www.okx.com/api/v5/market/ticker?instId=XRP-USDT-SWAP "HTTP/2 200 OK"
2026-03-16 15:51:36,905 | INFO | XRP-USDT-SWAP: Turtle 20 short-сигнал отклонён (закрытие не удержалось ниже канала)
2026-03-16 15:51:36,969 | INFO | HTTP Request: GET https://www.okx.com/api/v5/market/ticker?instId=SYRUP-USDT-SWAP "HTTP/2 200 OK"
2026-03-16 15:51:37,140 | INFO | HTTP Request: GET https://www.okx.com/api/v5/market/candles?instId=XSR-USDT-SWAP&bar=5m&limit=71 "HTTP/2 200 OK"
2026-03-16 15:51:37,427 | INFO | HTTP Request: GET https://www.okx.com/api/v5/market/ticker?instId=TEST1234-USDT-SWAP "HTTP/2 200 OK"
2026-03-16 15:51:37,442 | INFO | HTTP Request: GET https://www.okx.com/api/v5/market/candles?instId=XTZ-USDT-SWAP&bar=5m&limit=71 "HTTP/2 200 OK"
2026-03-16 15:51:37,814 | INFO | HTTP Request: GET https://www.okx.com/api/v5/market/candles?instId=YB-USDT-SWAP&bar=5m&limit=71 "HTTP/2 200 OK"
2026-03-16 15:51:37,866 | INFO | HTTP Request: GET https://www.okx.com/api/v5/market/ticker?instId=TEST3103-USDT-SWAP "HTTP/2 200 OK"
2026-03-16 15:51:38,153 | INFO | HTTP Request: GET https://www.okx.com/api/v5/market/candles?instId=YFI-USDT-SWAP&bar=5m&limit=71 "HTTP/2 200 OK"
2026-03-16 15:51:38,411 | INFO | HTTP Request: GET https://www.okx.com/api/v5/market/candles?instId=YGG-USDT-SWAP&bar=5m&limit=71 "HTTP/2 200 OK"
2026-03-16 15:51:38,654 | INFO | HTTP Request: GET https://www.okx.com/api/v5/account/balance "HTTP/2 200 OK"
2026-03-16 15:51:38,662 | INFO | HTTP Request: GET https://www.okx.com/api/v5/market/ticker?instId=YGG-USDT-SWAP "HTTP/2 200 OK"
2026-03-16 15:51:38,668 | INFO | YGG-USDT-SWAP: Turtle 20 short-сигнал отклонён (закрытие не удержалось ниже канала)
2026-03-16 15:51:38,905 | INFO | HTTP Request: GET https://www.okx.com/api/v5/market/candles?instId=ZAMA-USDT-SWAP&bar=5m&limit=71 "HTTP/2 200 OK"
2026-03-16 15:51:39,161 | INFO | HTTP Request: GET https://www.okx.com/api/v5/market/candles?instId=ZBCN-USDT-SWAP&bar=5m&limit=71 "HTTP/2 200 OK"
2026-03-16 15:51:39,439 | INFO | HTTP Request: GET https://www.okx.com/api/v5/market/ticker?instId=XSR-USDT-SWAP "HTTP/2 200 OK"
2026-03-16 15:51:39,513 | INFO | HTTP Request: GET https://www.okx.com/api/v5/market/candles?instId=ZETA-USDT-SWAP&bar=5m&limit=71 "HTTP/2 200 OK"
2026-03-16 15:51:39,809 | INFO | HTTP Request: GET https://www.okx.com/api/v5/market/ticker?instId=XTZ-USDT-SWAP "HTTP/2 200 OK"
2026-03-16 15:51:39,836 | INFO | HTTP Request: GET https://www.okx.com/api/v5/market/candles?instId=ZIL-USDT-SWAP&bar=5m&limit=71 "HTTP/2 200 OK"
2026-03-16 15:51:40,110 | INFO | HTTP Request: GET https://www.okx.com/api/v5/market/candles?instId=XAG-USDT-SWAP&bar=5m&limit=26 "HTTP/2 200 OK"
2026-03-16 15:51:40,225 | INFO | HTTP Request: GET https://www.okx.com/api/v5/market/ticker?instId=YB-USDT-SWAP "HTTP/2 200 OK"
2026-03-16 15:51:40,392 | INFO | HTTP Request: GET https://www.okx.com/api/v5/market/ticker?instId=XAG-USDT-SWAP "HTTP/2 200 OK"
2026-03-16 15:51:40,717 | INFO | HTTP Request: GET https://www.okx.com/api/v5/market/ticker?instId=YFI-USDT-SWAP "HTTP/2 200 OK"
2026-03-16 15:51:40,805 | INFO | HTTP Request: GET https://www.okx.com/api/v5/trade/orders-algo-pending?ordType=conditional&instType=SWAP&instId=XAG-USDT-SWAP "HTTP/2 200 OK"
2026-03-16 15:51:41,191 | INFO | HTTP Request: GET https://www.okx.com/api/v5/trade/orders-algo-pending?ordType=oco&instType=SWAP&instId=XAG-USDT-SWAP "HTTP/2 200 OK"
2026-03-16 15:51:41,261 | INFO | HTTP Request: GET https://www.okx.com/api/v5/market/ticker?instId=ZAMA-USDT-SWAP "HTTP/2 200 OK"
2026-03-16 15:51:41,605 | INFO | HTTP Request: GET https://www.okx.com/api/v5/trade/orders-algo-pending?ordType=trigger&instType=SWAP&instId=XAG-USDT-SWAP "HTTP/2 200 OK"
2026-03-16 15:51:41,688 | INFO | HTTP Request: GET https://www.okx.com/api/v5/market/ticker?instId=ZBCN-USDT-SWAP "HTTP/2 200 OK"
2026-03-16 15:51:41,981 | INFO | HTTP Request: GET https://www.okx.com/api/v5/trade/orders-algo-pending?ordType=move_order_stop&instType=SWAP&instId=XAG-USDT-SWAP "HTTP/2 200 OK"
2026-03-16 15:51:42,070 | INFO | HTTP Request: GET https://www.okx.com/api/v5/market/ticker?instId=ZETA-USDT-SWAP "HTTP/2 200 OK"
2026-03-16 15:51:42,394 | INFO | HTTP Request: GET https://www.okx.com/api/v5/trade/orders-algo-pending?ordType=iceberg&instType=SWAP&instId=XAG-USDT-SWAP "HTTP/2 200 OK"
2026-03-16 15:51:42,542 | INFO | HTTP Request: GET https://www.okx.com/api/v5/market/ticker?instId=ZIL-USDT-SWAP "HTTP/2 200 OK"
2026-03-16 15:51:42,696 | INFO | HTTP Request: GET https://www.okx.com/api/v5/market/candles?instId=BTC-USDT-SWAP&bar=5m&limit=64 "HTTP/2 200 OK"
2026-03-16 15:51:42,809 | INFO | HTTP Request: GET https://www.okx.com/api/v5/trade/orders-algo-pending?ordType=twap&instType=SWAP&instId=XAG-USDT-SWAP "HTTP/2 200 OK"
2026-03-16 15:51:43,085 | INFO | HTTP Request: GET https://www.okx.com/api/v5/market/ticker?instId=ICP-USDT-SWAP "HTTP/2 200 OK"
2026-03-16 15:51:43,183 | INFO | HTTP Request: GET https://www.okx.com/api/v5/trade/orders-algo-pending?ordType=chase&instType=SWAP&instId=XAG-USDT-SWAP "HTTP/2 200 OK"
2026-03-16 15:51:43,353 | INFO | HTTP Request: GET https://www.okx.com/api/v5/market/candles?instId=ICP-USDT-SWAP&bar=5m&limit=89 "HTTP/2 200 OK"
2026-03-16 15:51:43,469 | INFO | HTTP Request: GET https://www.okx.com/api/v5/market/candles?instId=ICP-USDT-SWAP&bar=5m&limit=26 "HTTP/2 200 OK"
2026-03-16 15:51:43,791 | INFO | HTTP Request: GET https://www.okx.com/api/v5/market/ticker?instId=BREV-USDT-SWAP "HTTP/2 200 OK"
2026-03-16 15:51:43,842 | INFO | HTTP Request: GET https://www.okx.com/api/v5/trade/orders-algo-pending?ordType=conditional&instType=SWAP&instId=ICP-USDT-SWAP "HTTP/2 200 OK"
2026-03-16 15:51:44,029 | INFO | HTTP Request: GET https://www.okx.com/api/v5/market/candles?instId=BREV-USDT-SWAP&bar=5m&limit=89 "HTTP/2 200 OK"
2026-03-16 15:51:44,105 | INFO | HTTP Request: GET https://www.okx.com/api/v5/account/balance "HTTP/2 200 OK"
2026-03-16 15:51:44,217 | INFO | HTTP Request: GET https://www.okx.com/api/v5/trade/orders-algo-pending?ordType=oco&instType=SWAP&instId=ICP-USDT-SWAP "HTTP/2 200 OK"
2026-03-16 15:51:44,405 | INFO | HTTP Request: GET https://www.okx.com/api/v5/market/ticker?instId=1INCH-USDT-SWAP "HTTP/2 200 OK"
2026-03-16 15:51:44,650 | INFO | HTTP Request: GET https://www.okx.com/api/v5/trade/orders-algo-pending?ordType=trigger&instType=SWAP&instId=ICP-USDT-SWAP "HTTP/2 200 OK"
2026-03-16 15:51:44,711 | INFO | HTTP Request: GET https://www.okx.com/api/v5/market/candles?instId=1INCH-USDT-SWAP&bar=5m&limit=89 "HTTP/2 200 OK"
2026-03-16 15:51:45,017 | INFO | HTTP Request: GET https://www.okx.com/api/v5/trade/orders-algo-pending?ordType=move_order_stop&instType=SWAP&instId=ICP-USDT-SWAP "HTTP/2 200 OK"
2026-03-16 15:51:45,118 | INFO | HTTP Request: GET https://www.okx.com/api/v5/market/ticker?instId=2Z-USDT-SWAP "HTTP/2 200 OK"
2026-03-16 15:51:45,402 | INFO | HTTP Request: GET https://www.okx.com/api/v5/market/candles?instId=2Z-USDT-SWAP&bar=5m&limit=89 "HTTP/2 200 OK"
2026-03-16 15:51:45,423 | INFO | HTTP Request: GET https://www.okx.com/api/v5/trade/orders-algo-pending?ordType=iceberg&instType=SWAP&instId=ICP-USDT-SWAP "HTTP/2 200 OK"
2026-03-16 15:51:45,769 | INFO | HTTP Request: GET https://www.okx.com/api/v5/market/ticker?instId=AAVE-USDT-SWAP "HTTP/2 200 OK"
2026-03-16 15:51:45,796 | INFO | HTTP Request: GET https://www.okx.com/api/v5/trade/orders-algo-pending?ordType=twap&instType=SWAP&instId=ICP-USDT-SWAP "HTTP/2 200 OK"
2026-03-16 15:51:46,071 | INFO | HTTP Request: GET https://www.okx.com/api/v5/market/candles?instId=AAVE-USDT-SWAP&bar=5m&limit=89 "HTTP/2 200 OK"
2026-03-16 15:51:46,167 | INFO | HTTP Request: GET https://www.okx.com/api/v5/trade/orders-algo-pending?ordType=chase&instType=SWAP&instId=ICP-USDT-SWAP "HTTP/2 200 OK"
2026-03-16 15:51:46,213 | INFO | Placing exchange stop BREV-USDT-SWAP long payload={'instId': 'BREV-USDT-SWAP', 'tdMode': 'isolated', 'side': 'sell', 'posSide': 'net', 'ordType': 'conditional', 'sz': '120000', 'slTriggerPx': '1.008904996667', 'slOrdPx': '-1'}
2026-03-16 15:51:46,458 | INFO | HTTP Request: GET https://www.okx.com/api/v5/market/ticker?instId=ACT-USDT-SWAP "HTTP/2 200 OK"
2026-03-16 15:51:46,595 | INFO | HTTP Request: POST https://www.okx.com/api/v5/trade/order-algo "HTTP/2 200 OK"
2026-03-16 15:51:46,750 | INFO | HTTP Request: GET https://www.okx.com/api/v5/market/candles?instId=ACT-USDT-SWAP&bar=5m&limit=89 "HTTP/2 200 OK"
2026-03-16 15:51:46,975 | INFO | HTTP Request: POST https://www.okx.com/api/v5/trade/cancel-algos "HTTP/2 200 OK"
2026-03-16 15:51:46,980 | INFO | Closing position BREV-USDT-SWAP. Защита тренда: откат от пика 23295003333.33R → 3695003333.33R
2026-03-16 15:51:47,110 | INFO | HTTP Request: GET https://www.okx.com/api/v5/market/ticker?instId=ADA-USDT-SWAP "HTTP/2 200 OK"
2026-03-16 15:51:47,348 | INFO | HTTP Request: POST https://www.okx.com/api/v5/trade/close-position "HTTP/2 200 OK"
2026-03-16 15:51:47,358 | WARNING | Failed to load json context : [Errno 13] Permission denied: '.'
2026-03-16 15:51:47,361 | INFO | HTTP Request: GET https://www.okx.com/api/v5/market/candles?instId=ADA-USDT-SWAP&bar=5m&limit=89 "HTTP/2 200 OK"
2026-03-16 15:51:47,609 | INFO | HTTP Request: GET https://www.okx.com/api/v5/market/candles?instId=BREV-USDT-SWAP&bar=5m&limit=97 "HTTP/2 200 OK"
2026-03-16 15:51:47,740 | INFO | HTTP Request: GET https://www.okx.com/api/v5/market/ticker?instId=AI16Z-USDT-SWAP "HTTP/2 200 OK"
2026-03-16 15:51:47,925 | INFO | HTTP Request: GET https://www.okx.com/api/v5/market/candles?instId=BTC-USDT-SWAP&bar=5m&limit=64 "HTTP/2 200 OK"
2026-03-16 15:51:48,045 | INFO | HTTP Request: GET https://www.okx.com/api/v5/market/candles?instId=AI16Z-USDT-SWAP&bar=5m&limit=89 "HTTP/2 200 OK"
2026-03-16 15:51:48,470 | INFO | HTTP Request: GET https://www.okx.com/api/v5/market/ticker?instId=AKITA-USDT-SWAP "HTTP/2 200 OK"
2026-03-16 15:51:48,723 | INFO | HTTP Request: GET https://www.okx.com/api/v5/market/candles?instId=AKITA-USDT-SWAP&bar=5m&limit=89 "HTTP/2 200 OK"
2026-03-16 15:51:49,120 | INFO | HTTP Request: GET https://www.okx.com/api/v5/market/ticker?instId=ALGO-USDT-SWAP "HTTP/2 200 OK"
2026-03-16 15:51:49,458 | INFO | HTTP Request: GET https://www.okx.com/api/v5/market/candles?instId=ALGO-USDT-SWAP&bar=5m&limit=89 "HTTP/2 200 OK"
2026-03-16 15:51:49,603 | INFO | HTTP Request: GET https://www.okx.com/api/v5/account/balance "HTTP/2 200 OK"
2026-03-16 15:51:49,833 | INFO | HTTP Request: GET https://www.okx.com/api/v5/market/ticker?instId=ARB-USDT-SWAP "HTTP/2 200 OK"
2026-03-16 15:51:50,071 | INFO | HTTP Request: GET https://www.okx.com/api/v5/market/candles?instId=ARB-USDT-SWAP&bar=5m&limit=89 "HTTP/2 200 OK"
2026-03-16 15:51:50,495 | INFO | HTTP Request: GET https://www.okx.com/api/v5/market/ticker?instId=ASP-USDT-SWAP "HTTP/2 200 OK"
2026-03-16 15:51:50,733 | INFO | HTTP Request: GET https://www.okx.com/api/v5/market/candles?instId=ASP-USDT-SWAP&bar=5m&limit=89 "HTTP/2 200 OK"
2026-03-16 15:51:51,150 | INFO | HTTP Request: GET https://www.okx.com/api/v5/market/ticker?instId=ASTER-USDT-SWAP "HTTP/2 200 OK"
2026-03-16 15:51:51,454 | INFO | HTTP Request: GET https://www.okx.com/api/v5/market/candles?instId=ASTER-USDT-SWAP&bar=5m&limit=89 "HTTP/2 200 OK"
2026-03-16 15:51:51,881 | INFO | HTTP Request: GET https://www.okx.com/api/v5/market/ticker?instId=ATOM-USDT-SWAP "HTTP/2 200 OK"
2026-03-16 15:51:52,118 | INFO | HTTP Request: GET https://www.okx.com/api/v5/market/candles?instId=ATOM-USDT-SWAP&bar=5m&limit=89 "HTTP/2 200 OK"
2026-03-16 15:51:52,476 | INFO | HTTP Request: GET https://www.okx.com/api/v5/market/ticker?instId=AUCTION-USDT-SWAP "HTTP/2 200 OK"
2026-03-16 15:51:52,822 | INFO | HTTP Request: GET https://www.okx.com/api/v5/market/candles?instId=AUCTION-USDT-SWAP&bar=5m&limit=89 "HTTP/2 200 OK"
2026-03-16 15:51:53,200 | INFO | HTTP Request: GET https://www.okx.com/api/v5/market/ticker?instId=AVAX-USDT-SWAP "HTTP/2 200 OK"
2026-03-16 15:51:53,329 | INFO | HTTP Request: GET https://www.okx.com/api/v5/account/positions?instType=SWAP "HTTP/2 200 OK"
2026-03-16 15:51:53,537 | INFO | HTTP Request: GET https://www.okx.com/api/v5/market/candles?instId=AVAX-USDT-SWAP&bar=5m&limit=89 "HTTP/2 200 OK"
2026-03-16 15:51:53,647 | INFO | HTTP Request: GET https://www.okx.com/api/v5/market/candles?instId=BREV-USDT-SWAP&bar=5m&limit=26 "HTTP/2 200 OK"
2026-03-16 15:51:53,900 | INFO | HTTP Request: GET https://www.okx.com/api/v5/market/ticker?instId=AXS-USDT-SWAP "HTTP/2 200 OK"
2026-03-16 15:51:53,978 | INFO | HTTP Request: GET https://www.okx.com/api/v5/market/candles?instId=1INCH-USDT-SWAP&bar=5m&limit=71 "HTTP/2 200 OK"
2026-03-16 15:51:54,196 | INFO | HTTP Request: GET https://www.okx.com/api/v5/market/candles?instId=AXS-USDT-SWAP&bar=5m&limit=89 "HTTP/2 200 OK"
2026-03-16 15:51:54,255 | INFO | HTTP Request: GET https://www.okx.com/api/v5/market/candles?instId=2Z-USDT-SWAP&bar=5m&limit=71 "HTTP/2 200 OK"
2026-03-16 15:51:54,549 | INFO | HTTP Request: GET https://www.okx.com/api/v5/market/candles?instId=AAVE-USDT-SWAP&bar=5m&limit=71 "HTTP/2 200 OK"
2026-03-16 15:51:54,565 | INFO | HTTP Request: GET https://www.okx.com/api/v5/market/ticker?instId=BAND-USDT-SWAP "HTTP/2 200 OK"
2026-03-16 15:51:54,803 | INFO | HTTP Request: GET https://www.okx.com/api/v5/market/candles?instId=BAND-USDT-SWAP&bar=5m&limit=89 "HTTP/2 200 OK"
2026-03-16 15:51:54,876 | INFO | HTTP Request: GET https://www.okx.com/api/v5/market/candles?instId=ACT-USDT-SWAP&bar=5m&limit=71 "HTTP/2 200 OK"
2026-03-16 15:51:54,978 | INFO | HTTP Request: GET https://www.okx.com/api/v5/account/balance "HTTP/2 200 OK"
2026-03-16 15:51:55,138 | INFO | HTTP Request: GET https://www.okx.com/api/v5/market/candles?instId=BTC-USDT-SWAP&bar=5m&limit=64 "HTTP/2 200 OK"
2026-03-16 15:51:55,170 | INFO | HTTP Request: GET https://www.okx.com/api/v5/market/ticker?instId=BCH-USDT-SWAP "HTTP/2 200 OK"
2026-03-16 15:51:55,206 | INFO | HTTP Request: GET https://www.okx.com/api/v5/market/candles?instId=ADA-USDT-SWAP&bar=5m&limit=71 "HTTP/2 200 OK"
2026-03-16 15:51:55,423 | INFO | HTTP Request: GET https://www.okx.com/api/v5/market/candles?instId=BCH-USDT-SWAP&bar=5m&limit=89 "HTTP/2 200 OK"
2026-03-16 15:51:55,502 | INFO | HTTP Request: GET https://www.okx.com/api/v5/market/candles?instId=AI16Z-USDT-SWAP&bar=5m&limit=71 "HTTP/2 200 OK"
2026-03-16 15:51:55,833 | INFO | HTTP Request: GET https://www.okx.com/api/v5/market/candles?instId=AKITA-USDT-SWAP&bar=5m&limit=71 "HTTP/2 200 OK"
2026-03-16 15:51:55,838 | INFO | HTTP Request: GET https://www.okx.com/api/v5/market/ticker?instId=BIO-USDT-SWAP "HTTP/2 200 OK"
2026-03-16 15:51:56,074 | INFO | HTTP Request: GET https://www.okx.com/api/v5/market/candles?instId=BIO-USDT-SWAP&bar=5m&limit=89 "HTTP/2 200 OK"
2026-03-16 15:51:56,133 | INFO | HTTP Request: GET https://www.okx.com/api/v5/market/candles?instId=ALGO-USDT-SWAP&bar=5m&limit=71 "HTTP/2 200 OK"
2026-03-16 15:51:56,444 | INFO | HTTP Request: GET https://www.okx.com/api/v5/market/candles?instId=ARB-USDT-SWAP&bar=5m&limit=71 "HTTP/2 200 OK"
2026-03-16 15:51:56,487 | INFO | HTTP Request: GET https://www.okx.com/api/v5/market/ticker?instId=BLUAI-USDT-SWAP "HTTP/2 200 OK"
2026-03-16 15:51:56,731 | INFO | HTTP Request: GET https://www.okx.com/api/v5/market/candles?instId=ASP-USDT-SWAP&bar=5m&limit=71 "HTTP/2 200 OK"
2026-03-16 15:51:56,850 | INFO | HTTP Request: GET https://www.okx.com/api/v5/market/candles?instId=BLUAI-USDT-SWAP&bar=5m&limit=89 "HTTP/2 200 OK"
2026-03-16 15:51:57,025 | INFO | HTTP Request: GET https://www.okx.com/api/v5/market/candles?instId=ASTER-USDT-SWAP&bar=5m&limit=71 "HTTP/2 200 OK"
2026-03-16 15:51:57,272 | INFO | HTTP Request: GET https://www.okx.com/api/v5/market/ticker?instId=BNB-USDT-SWAP "HTTP/2 200 OK"
2026-03-16 15:51:57,310 | INFO | HTTP Request: GET https://www.okx.com/api/v5/market/candles?instId=ATOM-USDT-SWAP&bar=5m&limit=71 "HTTP/2 200 OK"
2026-03-16 15:51:57,522 | INFO | HTTP Request: GET https://www.okx.com/api/v5/market/candles?instId=BNB-USDT-SWAP&bar=5m&limit=89 "HTTP/2 200 OK"
2026-03-16 15:51:57,607 | INFO | HTTP Request: GET https://www.okx.com/api/v5/market/candles?instId=AUCTION-USDT-SWAP&bar=5m&limit=71 "HTTP/2 200 OK"
2026-03-16 15:51:57,933 | INFO | HTTP Request: GET https://www.okx.com/api/v5/market/candles?instId=AVAX-USDT-SWAP&bar=5m&limit=71 "HTTP/2 200 OK"
2026-03-16 15:51:57,941 | INFO | HTTP Request: GET https://www.okx.com/api/v5/market/ticker?instId=BOME-USDT-SWAP "HTTP/2 200 OK"
2026-03-16 15:51:58,188 | INFO | HTTP Request: GET https://www.okx.com/api/v5/market/candles?instId=BOME-USDT-SWAP&bar=5m&limit=89 "HTTP/2 200 OK"
2026-03-16 15:51:58,232 | INFO | HTTP Request: GET https://www.okx.com/api/v5/market/candles?instId=BOME-USDT-SWAP&bar=5m&limit=71 "HTTP/2 200 OK"
2026-03-16 15:51:58,482 | INFO | HTTP Request: GET https://www.okx.com/api/v5/market/candles?instId=BRETT-USDT-SWAP&bar=5m&limit=71 "HTTP/2 200 OK"
2026-03-16 15:51:58,547 | INFO | HTTP Request: GET https://www.okx.com/api/v5/market/ticker?instId=BRETT-USDT-SWAP "HTTP/2 200 OK"
2026-03-16 15:51:58,786 | INFO | HTTP Request: GET https://www.okx.com/api/v5/market/candles?instId=BTC-USDT-SWAP&bar=5m&limit=71 "HTTP/2 200 OK"
2026-03-16 15:51:58,840 | INFO | HTTP Request: GET https://www.okx.com/api/v5/market/candles?instId=BRETT-USDT-SWAP&bar=5m&limit=89 "HTTP/2 200 OK"
2026-03-16 15:51:59,098 | INFO | HTTP Request: GET https://www.okx.com/api/v5/market/candles?instId=CAT-USDT-SWAP&bar=5m&limit=71 "HTTP/2 200 OK"
2026-03-16 15:51:59,271 | INFO | HTTP Request: GET https://www.okx.com/api/v5/market/ticker?instId=BTC-USDT-SWAP "HTTP/2 200 OK"
2026-03-16 15:51:59,388 | INFO | HTTP Request: GET https://www.okx.com/api/v5/market/candles?instId=CATI-USDT-SWAP&bar=5m&limit=71 "HTTP/2 200 OK"
2026-03-16 15:51:59,635 | INFO | HTTP Request: GET https://www.okx.com/api/v5/market/ticker?instId=CAT-USDT-SWAP "HTTP/2 200 OK"
2026-03-16 15:51:59,697 | INFO | HTTP Request: GET https://www.okx.com/api/v5/market/candles?instId=CELO-USDT-SWAP&bar=5m&limit=71 "HTTP/2 200 OK"
2026-03-16 15:52:00,005 | INFO | HTTP Request: GET https://www.okx.com/api/v5/market/ticker?instId=CATI-USDT-SWAP "HTTP/2 200 OK"
2026-03-16 15:52:00,045 | INFO | HTTP Request: GET https://www.okx.com/api/v5/market/candles?instId=CFX-USDT-SWAP&bar=5m&limit=71 "HTTP/2 200 OK"
2026-03-16 15:52:00,359 | INFO | HTTP Request: GET https://www.okx.com/api/v5/market/candles?instId=CHZ-USDT-SWAP&bar=5m&limit=71 "HTTP/2 200 OK"
2026-03-16 15:52:00,401 | INFO | HTTP Request: GET https://www.okx.com/api/v5/market/ticker?instId=CELO-USDT-SWAP "HTTP/2 200 OK"
2026-03-16 15:52:00,440 | INFO | HTTP Request: GET https://www.okx.com/api/v5/account/balance "HTTP/2 200 OK"
2026-03-16 15:52:00,667 | INFO | HTTP Request: GET https://www.okx.com/api/v5/market/candles?instId=COAI-USDT-SWAP&bar=5m&limit=71 "HTTP/2 200 OK"
2026-03-16 15:52:00,776 | INFO | HTTP Request: GET https://www.okx.com/api/v5/market/ticker?instId=CFX-USDT-SWAP "HTTP/2 200 OK"
2026-03-16 15:52:00,968 | INFO | HTTP Request: GET https://www.okx.com/api/v5/market/candles?instId=COMP-USDT-SWAP&bar=5m&limit=71 "HTTP/2 200 OK"
2026-03-16 15:52:01,150 | INFO | HTTP Request: GET https://www.okx.com/api/v5/market/ticker?instId=CHZ-USDT-SWAP "HTTP/2 200 OK"
2026-03-16 15:52:01,287 | INFO | HTTP Request: GET https://www.okx.com/api/v5/market/candles?instId=CRO-USDT-SWAP&bar=5m&limit=71 "HTTP/2 200 OK"
2026-03-16 15:52:01,549 | INFO | HTTP Request: GET https://www.okx.com/api/v5/market/candles?instId=CRV-USDT-SWAP&bar=5m&limit=71 "HTTP/2 200 OK"
2026-03-16 15:52:01,616 | INFO | HTTP Request: GET https://www.okx.com/api/v5/market/ticker?instId=COAI-USDT-SWAP "HTTP/2 200 OK"
2026-03-16 15:52:01,907 | INFO | HTTP Request: GET https://www.okx.com/api/v5/market/candles?instId=DOGE-USDT-SWAP&bar=5m&limit=71 "HTTP/2 200 OK"
2026-03-16 15:52:02,063 | INFO | HTTP Request: GET https://www.okx.com/api/v5/market/ticker?instId=COMP-USDT-SWAP "HTTP/2 200 OK"
2026-03-16 15:52:02,173 | INFO | HTTP Request: GET https://www.okx.com/api/v5/market/candles?instId=DOT-USDT-SWAP&bar=5m&limit=71 "HTTP/2 200 OK"
2026-03-16 15:52:02,413 | INFO | HTTP Request: GET https://www.okx.com/api/v5/market/candles?instId=ENA-USDT-SWAP&bar=5m&limit=71 "HTTP/2 200 OK"
2026-03-16 15:52:02,493 | INFO | HTTP Request: GET https://www.okx.com/api/v5/market/ticker?instId=CRO-USDT-SWAP "HTTP/2 200 OK"
2026-03-16 15:52:02,725 | INFO | HTTP Request: GET https://www.okx.com/api/v5/market/candles?instId=EOS-USDT-SWAP&bar=5m&limit=71 "HTTP/2 200 OK"
2026-03-16 15:52:02,898 | INFO | HTTP Request: GET https://www.okx.com/api/v5/market/ticker?instId=CRV-USDT-SWAP "HTTP/2 200 OK"
2026-03-16 15:52:02,969 | INFO | HTTP Request: GET https://www.okx.com/api/v5/market/candles?instId=ETC-USDT-SWAP&bar=5m&limit=71 "HTTP/2 200 OK"
2026-03-16 15:52:03,207 | INFO | HTTP Request: GET https://www.okx.com/api/v5/market/candles?instId=ETH-USDT-SWAP&bar=5m&limit=71 "HTTP/2 200 OK"
2026-03-16 15:52:03,293 | INFO | HTTP Request: GET https://www.okx.com/api/v5/market/ticker?instId=DOGE-USDT-SWAP "HTTP/2 200 OK"
2026-03-16 15:52:03,459 | INFO | HTTP Request: GET https://www.okx.com/api/v5/market/candles?instId=ETHFI-USDT-SWAP&bar=5m&limit=71 "HTTP/2 200 OK"
2026-03-16 15:52:03,682 | INFO | HTTP Request: GET https://www.okx.com/api/v5/market/ticker?instId=DOT-USDT-SWAP "HTTP/2 200 OK"
2026-03-16 15:52:03,694 | INFO | HTTP Request: GET https://www.okx.com/api/v5/market/candles?instId=ETHW-USDT-SWAP&bar=5m&limit=71 "HTTP/2 200 OK"
2026-03-16 15:52:04,018 | INFO | HTTP Request: GET https://www.okx.com/api/v5/market/candles?instId=FIL-USDT-SWAP&bar=5m&limit=71 "HTTP/2 200 OK"
2026-03-16 15:52:04,042 | INFO | HTTP Request: GET https://www.okx.com/api/v5/market/ticker?instId=ENA-USDT-SWAP "HTTP/2 200 OK"
2026-03-16 15:52:04,267 | INFO | HTTP Request: GET https://www.okx.com/api/v5/market/candles?instId=FLOKI-USDT-SWAP&bar=5m&limit=71 "HTTP/2 200 OK"
2026-03-16 15:52:04,416 | INFO | HTTP Request: GET https://www.okx.com/api/v5/market/ticker?instId=EOS-USDT-SWAP "HTTP/2 200 OK"
2026-03-16 15:52:04,565 | INFO | HTTP Request: GET https://www.okx.com/api/v5/market/ticker?instId=FLOKI-USDT-SWAP "HTTP/2 200 OK"
2026-03-16 15:52:04,570 | INFO | FLOKI-USDT-SWAP: Turtle 20 long-сигнал отклонён (закрытие не удержалось выше канала)
2026-03-16 15:52:04,573 | INFO | HTTP Request: GET https://www.okx.com/api/v5/market/candles?instId=BTC-USDT-SWAP&bar=5m&limit=64 "HTTP/2 200 OK"
2026-03-16 15:52:04,769 | INFO | HTTP Request: GET https://www.okx.com/api/v5/market/ticker?instId=ETC-USDT-SWAP "HTTP/2 200 OK"
2026-03-16 15:52:04,824 | INFO | HTTP Request: GET https://www.okx.com/api/v5/market/candles?instId=GMT-USDT-SWAP&bar=5m&limit=71 "HTTP/2 200 OK"
2026-03-16 15:52:05,061 | INFO | HTTP Request: GET https://www.okx.com/api/v5/market/candles?instId=H-USDT-SWAP&bar=5m&limit=71 "HTTP/2 200 OK"
2026-03-16 15:52:05,208 | INFO | HTTP Request: GET https://www.okx.com/api/v5/market/ticker?instId=ETH-USDT-SWAP "HTTP/2 200 OK"
2026-03-16 15:52:05,297 | INFO | HTTP Request: GET https://www.okx.com/api/v5/market/ticker?instId=H-USDT-SWAP "HTTP/2 200 OK"
2026-03-16 15:52:05,318 | INFO | H-USDT-SWAP: Turtle 20 long-сигнал отклонён (закрытие не удержалось выше канала)
2026-03-16 15:52:05,564 | INFO | HTTP Request: GET https://www.okx.com/api/v5/market/ticker?instId=ETHFI-USDT-SWAP "HTTP/2 200 OK"
2026-03-16 15:52:05,616 | INFO | HTTP Request: GET https://www.okx.com/api/v5/market/candles?instId=HBAR-USDT-SWAP&bar=5m&limit=71 "HTTP/2 200 OK"
2026-03-16 15:52:05,868 | INFO | HTTP Request: GET https://www.okx.com/api/v5/market/ticker?instId=HBAR-USDT-SWAP "HTTP/2 200 OK"
2026-03-16 15:52:05,874 | INFO | HBAR-USDT-SWAP: Turtle 55 long-сигнал отклонён (закрытие не удержалось выше канала)
2026-03-16 15:52:05,882 | INFO | HBAR-USDT-SWAP: Turtle 20 long-сигнал отклонён (закрытие не удержалось выше канала)
2026-03-16 15:52:05,883 | INFO | HTTP Request: GET https://www.okx.com/api/v5/account/balance "HTTP/2 200 OK"
2026-03-16 15:52:05,919 | INFO | HTTP Request: GET https://www.okx.com/api/v5/market/ticker?instId=ETHW-USDT-SWAP "HTTP/2 200 OK"
2026-03-16 15:52:06,190 | INFO | HTTP Request: GET https://www.okx.com/api/v5/market/candles?instId=HMSTR-USDT-SWAP&bar=5m&limit=71 "HTTP/2 200 OK"
2026-03-16 15:52:06,293 | INFO | HTTP Request: GET https://www.okx.com/api/v5/market/ticker?instId=FIL-USDT-SWAP "HTTP/2 200 OK"
2026-03-16 15:52:06,469 | INFO | HTTP Request: GET https://www.okx.com/api/v5/market/candles?instId=HOME-USDT-SWAP&bar=5m&limit=71 "HTTP/2 200 OK"
2026-03-16 15:52:06,788 | INFO | HTTP Request: GET https://www.okx.com/api/v5/market/candles?instId=IMX-USDT-SWAP&bar=5m&limit=71 "HTTP/2 200 OK"
2026-03-16 15:52:06,867 | INFO | HTTP Request: GET https://www.okx.com/api/v5/market/ticker?instId=GMT-USDT-SWAP "HTTP/2 200 OK"
2026-03-16 15:52:07,029 | INFO | HTTP Request: GET https://www.okx.com/api/v5/market/candles?instId=INJ-USDT-SWAP&bar=5m&limit=71 "HTTP/2 200 OK"
2026-03-16 15:52:07,271 | INFO | HTTP Request: GET https://www.okx.com/api/v5/market/candles?instId=IOTA-USDT-SWAP&bar=5m&limit=71 "HTTP/2 200 OK"
2026-03-16 15:52:07,520 | INFO | HTTP Request: GET https://www.okx.com/api/v5/market/candles?instId=JUP-USDT-SWAP&bar=5m&limit=71 "HTTP/2 200 OK"
2026-03-16 15:52:07,557 | INFO | HTTP Request: GET https://www.okx.com/api/v5/market/ticker?instId=HMSTR-USDT-SWAP "HTTP/2 200 OK"
2026-03-16 15:52:07,828 | INFO | HTTP Request: GET https://www.okx.com/api/v5/market/candles?instId=KAITO-USDT-SWAP&bar=5m&limit=71 "HTTP/2 200 OK"
2026-03-16 15:52:08,000 | INFO | HTTP Request: GET https://www.okx.com/api/v5/market/ticker?instId=HOME-USDT-SWAP "HTTP/2 200 OK"
2026-03-16 15:52:08,171 | INFO | HTTP Request: GET https://www.okx.com/api/v5/market/candles?instId=KSM-USDT-SWAP&bar=5m&limit=71 "HTTP/2 200 OK"
2026-03-16 15:52:08,417 | INFO | HTTP Request: GET https://www.okx.com/api/v5/market/ticker?instId=IMX-USDT-SWAP "HTTP/2 200 OK"
2026-03-16 15:52:08,461 | INFO | HTTP Request: GET https://www.okx.com/api/v5/market/candles?instId=LDO-USDT-SWAP&bar=5m&limit=71 "HTTP/2 200 OK"
2026-03-16 15:52:08,770 | INFO | HTTP Request: GET https://www.okx.com/api/v5/market/ticker?instId=LDO-USDT-SWAP "HTTP/2 200 OK"
2026-03-16 15:52:08,773 | INFO | HTTP Request: GET https://www.okx.com/api/v5/market/ticker?instId=INJ-USDT-SWAP "HTTP/2 200 OK"
2026-03-16 15:52:08,776 | INFO | LDO-USDT-SWAP: Turtle 20 long-сигнал отклонён (закрытие не удержалось выше канала)
2026-03-16 15:52:09,087 | INFO | HTTP Request: GET https://www.okx.com/api/v5/market/candles?instId=LINEA-USDT-SWAP&bar=5m&limit=71 "HTTP/2 200 OK"
2026-03-16 15:52:09,200 | INFO | HTTP Request: GET https://www.okx.com/api/v5/market/ticker?instId=IOTA-USDT-SWAP "HTTP/2 200 OK"
2026-03-16 15:52:09,393 | INFO | HTTP Request: GET https://www.okx.com/api/v5/market/candles?instId=LINK-USDT-SWAP&bar=5m&limit=71 "HTTP/2 200 OK"
2026-03-16 15:52:09,632 | INFO | HTTP Request: GET https://www.okx.com/api/v5/market/ticker?instId=JUP-USDT-SWAP "HTTP/2 200 OK"
2026-03-16 15:52:09,710 | INFO | HTTP Request: GET https://www.okx.com/api/v5/market/candles?instId=LIT-USDT-SWAP&bar=5m&limit=71 "HTTP/2 200 OK"
2026-03-16 15:52:09,986 | INFO | HTTP Request: GET https://www.okx.com/api/v5/market/ticker?instId=LIT-USDT-SWAP "HTTP/2 200 OK"
2026-03-16 15:52:09,991 | INFO | LIT-USDT-SWAP: Turtle 55 short-сигнал отклонён (закрытие не удержалось ниже канала)
2026-03-16 15:52:09,997 | INFO | LIT-USDT-SWAP: Turtle 20 short-сигнал отклонён (закрытие не удержалось ниже канала)
2026-03-16 15:52:10,071 | INFO | HTTP Request: GET https://www.okx.com/api/v5/market/ticker?instId=KAITO-USDT-SWAP "HTTP/2 200 OK"
2026-03-16 15:52:10,264 | INFO | HTTP Request: GET https://www.okx.com/api/v5/market/candles?instId=LPT-USDT-SWAP&bar=5m&limit=71 "HTTP/2 200 OK"
2026-03-16 15:52:10,523 | INFO | HTTP Request: GET https://www.okx.com/api/v5/market/ticker?instId=KSM-USDT-SWAP "HTTP/2 200 OK"
2026-03-16 15:52:10,615 | INFO | HTTP Request: GET https://www.okx.com/api/v5/market/candles?instId=LQTY-USDT-SWAP&bar=5m&limit=71 "HTTP/2 200 OK"
2026-03-16 15:52:10,822 | INFO | HTTP Request: GET https://www.okx.com/api/v5/market/candles?instId=BTC-USDT-SWAP&bar=5m&limit=64 "HTTP/2 200 OK"
2026-03-16 15:52:10,932 | INFO | HTTP Request: GET https://www.okx.com/api/v5/market/candles?instId=LRC-USDT-SWAP&bar=5m&limit=71 "HTTP/2 200 OK"
2026-03-16 15:52:11,065 | INFO | HTTP Request: GET https://www.okx.com/api/v5/market/ticker?instId=LINEA-USDT-SWAP "HTTP/2 200 OK"
2026-03-16 15:52:11,188 | INFO | HTTP Request: GET https://www.okx.com/api/v5/market/candles?instId=LTC-USDT-SWAP&bar=5m&limit=71 "HTTP/2 200 OK"
2026-03-16 15:52:11,279 | INFO | HTTP Request: GET https://www.okx.com/api/v5/account/balance "HTTP/2 200 OK"
2026-03-16 15:52:11,423 | INFO | HTTP Request: GET https://www.okx.com/api/v5/market/ticker?instId=LINK-USDT-SWAP "HTTP/2 200 OK"
2026-03-16 15:52:11,490 | INFO | HTTP Request: GET https://www.okx.com/api/v5/market/candles?instId=MAGIC-USDT-SWAP&bar=5m&limit=71 "HTTP/2 200 OK"
2026-03-16 15:52:11,845 | INFO | HTTP Request: GET https://www.okx.com/api/v5/market/candles?instId=MAJOR-USDT-SWAP&bar=5m&limit=71 "HTTP/2 200 OK"
2026-03-16 15:52:11,901 | INFO | HTTP Request: GET https://www.okx.com/api/v5/market/ticker?instId=LPT-USDT-SWAP "HTTP/2 200 OK"
2026-03-16 15:52:12,149 | INFO | HTTP Request: GET https://www.okx.com/api/v5/market/candles?instId=MASK-USDT-SWAP&bar=5m&limit=71 "HTTP/2 200 OK"
2026-03-16 15:52:12,374 | INFO | HTTP Request: GET https://www.okx.com/api/v5/market/ticker?instId=LQTY-USDT-SWAP "HTTP/2 200 OK"
2026-03-16 15:52:12,407 | INFO | HTTP Request: GET https://www.okx.com/api/v5/market/candles?instId=MET-USDT-SWAP&bar=5m&limit=71 "HTTP/2 200 OK"
2026-03-16 15:52:12,783 | INFO | HTTP Request: GET https://www.okx.com/api/v5/market/candles?instId=MINA-USDT-SWAP&bar=5m&limit=71 "HTTP/2 200 OK"
2026-03-16 15:52:12,800 | INFO | HTTP Request: GET https://www.okx.com/api/v5/market/ticker?instId=LRC-USDT-SWAP "HTTP/2 200 OK"
2026-03-16 15:52:13,111 | INFO | HTTP Request: GET https://www.okx.com/api/v5/market/candles?instId=MKR-USDT-SWAP&bar=5m&limit=71 "HTTP/2 200 OK"
2026-03-16 15:52:13,189 | INFO | HTTP Request: GET https://www.okx.com/api/v5/market/ticker?instId=LTC-USDT-SWAP "HTTP/2 200 OK"
2026-03-16 15:52:13,423 | INFO | HTTP Request: GET https://www.okx.com/api/v5/market/candles?instId=NEAR-USDT-SWAP&bar=5m&limit=71 "HTTP/2 200 OK"
2026-03-16 15:52:13,654 | INFO | HTTP Request: GET https://www.okx.com/api/v5/market/ticker?instId=MAGIC-USDT-SWAP "HTTP/2 200 OK"
2026-03-16 15:52:13,735 | INFO | HTTP Request: GET https://www.okx.com/api/v5/market/candles?instId=NEO-USDT-SWAP&bar=5m&limit=71 "HTTP/2 200 OK"
2026-03-16 15:52:13,999 | INFO | HTTP Request: GET https://www.okx.com/api/v5/market/candles?instId=NOT-USDT-SWAP&bar=5m&limit=71 "HTTP/2 200 OK"
2026-03-16 15:52:14,072 | INFO | HTTP Request: GET https://www.okx.com/api/v5/market/ticker?instId=MAJOR-USDT-SWAP "HTTP/2 200 OK"
2026-03-16 15:52:14,249 | INFO | HTTP Request: GET https://www.okx.com/api/v5/market/candles?instId=OP-USDT-SWAP&bar=5m&limit=71 "HTTP/2 200 OK"
2026-03-16 15:52:14,479 | INFO | HTTP Request: GET https://www.okx.com/api/v5/market/ticker?instId=MASK-USDT-SWAP "HTTP/2 200 OK"
2026-03-16 15:52:14,557 | INFO | HTTP Request: GET https://www.okx.com/api/v5/market/ticker?instId=OP-USDT-SWAP "HTTP/2 200 OK"
2026-03-16 15:52:14,588 | INFO | OP-USDT-SWAP: Turtle 20 long-сигнал отклонён (закрытие не удержалось выше канала)
2026-03-16 15:52:14,832 | INFO | HTTP Request: GET https://www.okx.com/api/v5/market/candles?instId=PEPE-USDT-SWAP&bar=5m&limit=71 "HTTP/2 200 OK"
2026-03-16 15:52:14,896 | INFO | HTTP Request: GET https://www.okx.com/api/v5/market/ticker?instId=MET-USDT-SWAP "HTTP/2 200 OK"
2026-03-16 15:52:15,071 | INFO | HTTP Request: GET https://www.okx.com/api/v5/market/candles?instId=PIGGY-USDT-SWAP&bar=5m&limit=71 "HTTP/2 200 OK"
2026-03-16 15:52:15,309 | INFO | HTTP Request: GET https://www.okx.com/api/v5/market/ticker?instId=MINA-USDT-SWAP "HTTP/2 200 OK"
2026-03-16 15:52:15,380 | INFO | HTTP Request: GET https://www.okx.com/api/v5/market/candles?instId=QTUM-USDT-SWAP&bar=5m&limit=71 "HTTP/2 200 OK"
2026-03-16 15:52:15,663 | INFO | HTTP Request: GET https://www.okx.com/api/v5/market/ticker?instId=MKR-USDT-SWAP "HTTP/2 200 OK"
2026-03-16 15:52:15,726 | INFO | HTTP Request: GET https://www.okx.com/api/v5/market/candles?instId=RAVE-USDT-SWAP&bar=5m&limit=71 "HTTP/2 200 OK"
2026-03-16 15:52:16,012 | INFO | HTTP Request: GET https://www.okx.com/api/v5/market/candles?instId=RESOLV-USDT-SWAP&bar=5m&limit=71 "HTTP/2 200 OK"
2026-03-16 15:52:16,084 | INFO | HTTP Request: GET https://www.okx.com/api/v5/market/ticker?instId=NEAR-USDT-SWAP "HTTP/2 200 OK"
2026-03-16 15:52:16,320 | INFO | HTTP Request: GET https://www.okx.com/api/v5/market/candles?instId=ROBO-USDT-SWAP&bar=5m&limit=71 "HTTP/2 200 OK"
2026-03-16 15:52:16,472 | INFO | HTTP Request: GET https://www.okx.com/api/v5/market/ticker?instId=NEO-USDT-SWAP "HTTP/2 200 OK"
2026-03-16 15:52:16,556 | INFO | HTTP Request: GET https://www.okx.com/api/v5/market/candles?instId=SAND-USDT-SWAP&bar=5m&limit=71 "HTTP/2 200 OK"
2026-03-16 15:52:16,727 | INFO | HTTP Request: GET https://www.okx.com/api/v5/account/balance "HTTP/2 200 OK"
2026-03-16 15:52:16,795 | INFO | HTTP Request: GET https://www.okx.com/api/v5/market/ticker?instId=SAND-USDT-SWAP "HTTP/2 200 OK"
2026-03-16 15:52:16,800 | INFO | SAND-USDT-SWAP: Turtle 55 short-сигнал отклонён (закрытие не удержалось ниже канала)
2026-03-16 15:52:16,807 | INFO | SAND-USDT-SWAP: Turtle 20 short-сигнал отклонён (закрытие не удержалось ниже канала)
2026-03-16 15:52:16,964 | INFO | HTTP Request: GET https://www.okx.com/api/v5/market/ticker?instId=NOT-USDT-SWAP "HTTP/2 200 OK"
2026-03-16 15:52:17,072 | INFO | HTTP Request: GET https://www.okx.com/api/v5/market/candles?instId=BTC-USDT-SWAP&bar=5m&limit=64 "HTTP/2 200 OK"
2026-03-16 15:52:17,105 | INFO | HTTP Request: GET https://www.okx.com/api/v5/market/candles?instId=SCR-USDT-SWAP&bar=5m&limit=71 "HTTP/2 200 OK"
2026-03-16 15:52:17,363 | INFO | HTTP Request: GET https://www.okx.com/api/v5/market/candles?instId=SHIB-USDT-SWAP&bar=5m&limit=71 "HTTP/2 200 OK"
2026-03-16 15:52:17,569 | INFO | HTTP Request: GET https://www.okx.com/api/v5/market/ticker?instId=PEPE-USDT-SWAP "HTTP/2 200 OK"
2026-03-16 15:52:17,614 | INFO | HTTP Request: GET https://www.okx.com/api/v5/market/candles?instId=SKY-USDT-SWAP&bar=5m&limit=71 "HTTP/2 200 OK"
2026-03-16 15:52:17,866 | INFO | HTTP Request: GET https://www.okx.com/api/v5/market/candles?instId=SOL-USDT-SWAP&bar=5m&limit=71 "HTTP/2 200 OK"
2026-03-16 15:52:18,009 | INFO | HTTP Request: GET https://www.okx.com/api/v5/market/ticker?instId=PIGGY-USDT-SWAP "HTTP/2 200 OK"
2026-03-16 15:52:18,169 | INFO | HTTP Request: GET https://www.okx.com/api/v5/market/candles?instId=SOLV-USDT-SWAP&bar=5m&limit=71 "HTTP/2 200 OK"
2026-03-16 15:52:18,381 | INFO | HTTP Request: GET https://www.okx.com/api/v5/market/ticker?instId=QTUM-USDT-SWAP "HTTP/2 200 OK"
2026-03-16 15:52:18,530 | INFO | HTTP Request: GET https://www.okx.com/api/v5/market/candles?instId=SPK-USDT-SWAP&bar=5m&limit=71 "HTTP/2 200 OK"
2026-03-16 15:52:18,787 | INFO | HTTP Request: GET https://www.okx.com/api/v5/market/candles?instId=STRK-USDT-SWAP&bar=5m&limit=71 "HTTP/2 200 OK"
2026-03-16 15:52:18,843 | INFO | HTTP Request: GET https://www.okx.com/api/v5/market/ticker?instId=RAVE-USDT-SWAP "HTTP/2 200 OK"
2026-03-16 15:52:19,040 | INFO | HTTP Request: GET https://www.okx.com/api/v5/market/candles?instId=SUI-USDT-SWAP&bar=5m&limit=71 "HTTP/2 200 OK"
2026-03-16 15:52:19,280 | INFO | HTTP Request: GET https://www.okx.com/api/v5/market/candles?instId=SUSHI-USDT-SWAP&bar=5m&limit=71 "HTTP/2 200 OK"
2026-03-16 15:52:19,311 | INFO | HTTP Request: GET https://www.okx.com/api/v5/market/ticker?instId=RESOLV-USDT-SWAP "HTTP/2 200 OK"
2026-03-16 15:52:19,526 | INFO | HTTP Request: GET https://www.okx.com/api/v5/market/candles?instId=SYRUP-USDT-SWAP&bar=5m&limit=71 "HTTP/2 200 OK"
2026-03-16 15:52:19,684 | INFO | HTTP Request: GET https://www.okx.com/api/v5/market/ticker?instId=ROBO-USDT-SWAP "HTTP/2 200 OK"
2026-03-16 15:52:19,833 | INFO | HTTP Request: GET https://www.okx.com/api/v5/market/candles?instId=TEST1234-USDT-SWAP&bar=5m&limit=71 "HTTP/2 200 OK"
2026-03-16 15:52:20,076 | INFO | HTTP Request: GET https://www.okx.com/api/v5/market/candles?instId=TEST3103-USDT-SWAP&bar=5m&limit=71 "HTTP/2 200 OK"
2026-03-16 15:52:20,282 | INFO | HTTP Request: GET https://www.okx.com/api/v5/market/ticker?instId=SCR-USDT-SWAP "HTTP/2 200 OK"
2026-03-16 15:52:20,381 | INFO | HTTP Request: GET https://www.okx.com/api/v5/market/candles?instId=TEST3110-USDT-SWAP&bar=5m&limit=71 "HTTP/2 200 OK"
2026-03-16 15:52:20,623 | INFO | HTTP Request: GET https://www.okx.com/api/v5/market/candles?instId=THETA-USDT-SWAP&bar=5m&limit=71 "HTTP/2 200 OK"
2026-03-16 15:52:20,653 | INFO | HTTP Request: GET https://www.okx.com/api/v5/market/ticker?instId=SHIB-USDT-SWAP "HTTP/2 200 OK"
2026-03-16 15:52:20,931 | INFO | HTTP Request: GET https://www.okx.com/api/v5/market/candles?instId=TON-USDT-SWAP&bar=5m&limit=71 "HTTP/2 200 OK"
2026-03-16 15:52:21,017 | INFO | HTTP Request: GET https://www.okx.com/api/v5/market/ticker?instId=SKY-USDT-SWAP "HTTP/2 200 OK"
2026-03-16 15:52:21,200 | INFO | HTTP Request: GET https://www.okx.com/api/v5/market/ticker?instId=TON-USDT-SWAP "HTTP/2 200 OK"
2026-03-16 15:52:21,206 | INFO | TON-USDT-SWAP: Turtle 20 long-сигнал отклонён (закрытие не удержалось выше канала)
2026-03-16 15:52:21,421 | INFO | HTTP Request: GET https://www.okx.com/api/v5/market/ticker?instId=SOL-USDT-SWAP "HTTP/2 200 OK"
2026-03-16 15:52:21,506 | INFO | HTTP Request: GET https://www.okx.com/api/v5/market/candles?instId=TRIA-USDT-SWAP&bar=5m&limit=71 "HTTP/2 200 OK"
2026-03-16 15:52:21,775 | INFO | HTTP Request: GET https://www.okx.com/api/v5/market/ticker?instId=SOLV-USDT-SWAP "HTTP/2 200 OK"
2026-03-16 15:52:21,781 | INFO | HTTP Request: GET https://www.okx.com/api/v5/market/candles?instId=TRX-USDT-SWAP&bar=5m&limit=71 "HTTP/2 200 OK"
2026-03-16 15:52:22,022 | INFO | HTTP Request: GET https://www.okx.com/api/v5/market/ticker?instId=TRX-USDT-SWAP "HTTP/2 200 OK"
2026-03-16 15:52:22,031 | INFO | TRX-USDT-SWAP: Turtle 55 long-сигнал отклонён (закрытие не удержалось выше канала)
2026-03-16 15:52:22,049 | INFO | TRX-USDT-SWAP: Turtle 20 long-сигнал отклонён (закрытие не удержалось выше канала)
2026-03-16 15:52:22,077 | INFO | HTTP Request: GET https://www.okx.com/api/v5/account/balance "HTTP/2 200 OK"
2026-03-16 15:52:22,133 | INFO | HTTP Request: GET https://www.okx.com/api/v5/market/ticker?instId=SPK-USDT-SWAP "HTTP/2 200 OK"
2026-03-16 15:52:22,339 | INFO | HTTP Request: GET https://www.okx.com/api/v5/market/candles?instId=TSLA-USDT-SWAP&bar=5m&limit=71 "HTTP/2 200 OK"
2026-03-16 15:52:22,494 | INFO | HTTP Request: GET https://www.okx.com/api/v5/market/ticker?instId=STRK-USDT-SWAP "HTTP/2 200 OK"
2026-03-16 15:52:22,678 | INFO | HTTP Request: GET https://www.okx.com/api/v5/market/candles?instId=XAU-USDT-SWAP&bar=5m&limit=71 "HTTP/2 200 OK"
2026-03-16 15:52:22,868 | INFO | HTTP Request: GET https://www.okx.com/api/v5/market/ticker?instId=SUI-USDT-SWAP "HTTP/2 200 OK"
2026-03-16 15:52:23,006 | INFO | HTTP Request: GET https://www.okx.com/api/v5/market/candles?instId=XLM-USDT-SWAP&bar=5m&limit=71 "HTTP/2 200 OK"
2026-03-16 15:52:23,262 | INFO | HTTP Request: GET https://www.okx.com/api/v5/market/candles?instId=BTC-USDT-SWAP&bar=5m&limit=64 "HTTP/2 200 OK"
2026-03-16 15:52:23,264 | INFO | HTTP Request: GET https://www.okx.com/api/v5/market/ticker?instId=SUSHI-USDT-SWAP "HTTP/2 200 OK"
2026-03-16 15:52:23,266 | INFO | HTTP Request: GET https://www.okx.com/api/v5/market/candles?instId=XPL-USDT-SWAP&bar=5m&limit=71 "HTTP/2 200 OK"
2026-03-16 15:52:23,580 | INFO | HTTP Request: GET https://www.okx.com/api/v5/market/candles?instId=XRP-USDT-SWAP&bar=5m&limit=71 "HTTP/2 200 OK"
2026-03-16 15:52:23,711 | INFO | HTTP Request: GET https://www.okx.com/api/v5/market/ticker?instId=SYRUP-USDT-SWAP "HTTP/2 200 OK"
2026-03-16 15:52:23,878 | INFO | HTTP Request: GET https://www.okx.com/api/v5/market/ticker?instId=XRP-USDT-SWAP "HTTP/2 200 OK"
2026-03-16 15:52:23,925 | INFO | XRP-USDT-SWAP: Turtle 20 short-сигнал отклонён (закрытие не удержалось ниже канала)
2026-03-16 15:52:24,101 | INFO | HTTP Request: GET https://www.okx.com/api/v5/market/ticker?instId=TEST1234-USDT-SWAP "HTTP/2 200 OK"
2026-03-16 15:52:24,165 | INFO | HTTP Request: GET https://www.okx.com/api/v5/market/candles?instId=XSR-USDT-SWAP&bar=5m&limit=71 "HTTP/2 200 OK"
2026-03-16 15:52:24,466 | INFO | HTTP Request: GET https://www.okx.com/api/v5/market/candles?instId=XTZ-USDT-SWAP&bar=5m&limit=71 "HTTP/2 200 OK"
2026-03-16 15:52:24,555 | INFO | HTTP Request: GET https://www.okx.com/api/v5/market/ticker?instId=TEST3103-USDT-SWAP "HTTP/2 200 OK"
2026-03-16 15:52:24,782 | INFO | HTTP Request: GET https://www.okx.com/api/v5/market/candles?instId=YB-USDT-SWAP&bar=5m&limit=71 "HTTP/2 200 OK"
2026-03-16 15:52:24,995 | INFO | HTTP Request: GET https://www.okx.com/api/v5/market/ticker?instId=TEST3110-USDT-SWAP "HTTP/2 200 OK"
2026-03-16 15:52:25,024 | INFO | HTTP Request: GET https://www.okx.com/api/v5/market/candles?instId=YFI-USDT-SWAP&bar=5m&limit=71 "HTTP/2 200 OK"
2026-03-16 15:52:25,333 | INFO | HTTP Request: GET https://www.okx.com/api/v5/market/candles?instId=YGG-USDT-SWAP&bar=5m&limit=71 "HTTP/2 200 OK"
2026-03-16 15:52:25,357 | INFO | HTTP Request: GET https://www.okx.com/api/v5/market/ticker?instId=THETA-USDT-SWAP "HTTP/2 200 OK"
2026-03-16 15:52:25,635 | INFO | HTTP Request: GET https://www.okx.com/api/v5/market/ticker?instId=YGG-USDT-SWAP "HTTP/2 200 OK"
2026-03-16 15:52:25,673 | INFO | YGG-USDT-SWAP: Turtle 20 short-сигнал отклонён (закрытие не удержалось ниже канала)
2026-03-16 15:52:25,854 | INFO | HTTP Request: GET https://www.okx.com/api/v5/market/ticker?instId=TRIA-USDT-SWAP "HTTP/2 200 OK"
2026-03-16 15:52:26,004 | INFO | HTTP Request: GET https://www.okx.com/api/v5/market/candles?instId=ZAMA-USDT-SWAP&bar=5m&limit=71 "HTTP/2 200 OK"
2026-03-16 15:52:26,299 | INFO | HTTP Request: GET https://www.okx.com/api/v5/market/candles?instId=ZBCN-USDT-SWAP&bar=5m&limit=71 "HTTP/2 200 OK"
2026-03-16 15:52:26,430 | INFO | HTTP Request: GET https://www.okx.com/api/v5/market/ticker?instId=TSLA-USDT-SWAP "HTTP/2 200 OK"
2026-03-16 15:52:26,555 | INFO | HTTP Request: GET https://www.okx.com/api/v5/market/candles?instId=ZETA-USDT-SWAP&bar=5m&limit=71 "HTTP/2 200 OK"
2026-03-16 15:52:26,808 | INFO | HTTP Request: GET https://www.okx.com/api/v5/market/candles?instId=ZIL-USDT-SWAP&bar=5m&limit=71 "HTTP/2 200 OK"
2026-03-16 15:52:26,860 | INFO | HTTP Request: GET https://www.okx.com/api/v5/market/ticker?instId=XAU-USDT-SWAP "HTTP/2 200 OK"
2026-03-16 15:52:27,062 | INFO | HTTP Request: GET https://www.okx.com/api/v5/market/candles?instId=XAG-USDT-SWAP&bar=5m&limit=26 "HTTP/2 200 OK"
2026-03-16 15:52:27,232 | INFO | HTTP Request: GET https://www.okx.com/api/v5/market/ticker?instId=XLM-USDT-SWAP "HTTP/2 200 OK"
2026-03-16 15:52:27,374 | INFO | HTTP Request: GET https://www.okx.com/api/v5/market/ticker?instId=XAG-USDT-SWAP "HTTP/2 200 OK"
2026-03-16 15:52:27,506 | INFO | HTTP Request: GET https://www.okx.com/api/v5/account/balance "HTTP/2 200 OK"
2026-03-16 15:52:27,706 | INFO | HTTP Request: GET https://www.okx.com/api/v5/market/ticker?instId=XPL-USDT-SWAP "HTTP/2 200 OK"
2026-03-16 15:52:27,819 | INFO | HTTP Request: GET https://www.okx.com/api/v5/trade/orders-algo-pending?ordType=conditional&instType=SWAP&instId=XAG-USDT-SWAP "HTTP/2 200 OK"
2026-03-16 15:52:28,195 | INFO | HTTP Request: GET https://www.okx.com/api/v5/trade/orders-algo-pending?ordType=oco&instType=SWAP&instId=XAG-USDT-SWAP "HTTP/2 200 OK"
2026-03-16 15:52:28,602 | INFO | HTTP Request: GET https://www.okx.com/api/v5/trade/orders-algo-pending?ordType=trigger&instType=SWAP&instId=XAG-USDT-SWAP "HTTP/2 200 OK"
2026-03-16 15:52:29,018 | INFO | HTTP Request: GET https://www.okx.com/api/v5/trade/orders-algo-pending?ordType=move_order_stop&instType=SWAP&instId=XAG-USDT-SWAP "HTTP/2 200 OK"
2026-03-16 15:52:29,416 | INFO | HTTP Request: GET https://www.okx.com/api/v5/trade/orders-algo-pending?ordType=iceberg&instType=SWAP&instId=XAG-USDT-SWAP "HTTP/2 200 OK"
2026-03-16 15:52:29,462 | INFO | HTTP Request: GET https://www.okx.com/api/v5/market/ticker?instId=ICP-USDT-SWAP "HTTP/2 200 OK"
2026-03-16 15:52:29,591 | INFO | HTTP Request: GET https://www.okx.com/api/v5/market/candles?instId=BTC-USDT-SWAP&bar=5m&limit=64 "HTTP/2 200 OK"
2026-03-16 15:52:29,766 | INFO | HTTP Request: GET https://www.okx.com/api/v5/market/candles?instId=ICP-USDT-SWAP&bar=5m&limit=89 "HTTP/2 200 OK"
2026-03-16 15:52:29,819 | INFO | HTTP Request: GET https://www.okx.com/api/v5/trade/orders-algo-pending?ordType=twap&instType=SWAP&instId=XAG-USDT-SWAP "HTTP/2 200 OK"
2026-03-16 15:52:30,156 | INFO | HTTP Request: GET https://www.okx.com/api/v5/market/ticker?instId=BREV-USDT-SWAP "HTTP/2 200 OK"
2026-03-16 15:52:30,186 | INFO | HTTP Request: GET https://www.okx.com/api/v5/trade/orders-algo-pending?ordType=chase&instType=SWAP&instId=XAG-USDT-SWAP "HTTP/2 200 OK"
2026-03-16 15:52:30,402 | INFO | HTTP Request: GET https://www.okx.com/api/v5/market/candles?instId=BREV-USDT-SWAP&bar=5m&limit=89 "HTTP/2 200 OK"
2026-03-16 15:52:30,551 | INFO | HTTP Request: GET https://www.okx.com/api/v5/trade/orders-algo-pending?ordType=conditional&instType=SWAP&instId=ICP-USDT-SWAP "HTTP/2 200 OK"
2026-03-16 15:52:30,828 | INFO | HTTP Request: GET https://www.okx.com/api/v5/market/ticker?instId=1INCH-USDT-SWAP "HTTP/2 200 OK"
2026-03-16 15:52:30,916 | INFO | HTTP Request: GET https://www.okx.com/api/v5/trade/orders-algo-pending?ordType=oco&instType=SWAP&instId=ICP-USDT-SWAP "HTTP/2 200 OK"
2026-03-16 15:52:31,276 | INFO | HTTP Request: GET https://www.okx.com/api/v5/market/candles?instId=1INCH-USDT-SWAP&bar=5m&limit=89 "HTTP/2 200 OK"
2026-03-16 15:52:31,324 | INFO | HTTP Request: GET https://www.okx.com/api/v5/trade/orders-algo-pending?ordType=trigger&instType=SWAP&instId=ICP-USDT-SWAP "HTTP/2 200 OK"
2026-03-16 15:52:31,648 | INFO | HTTP Request: GET https://www.okx.com/api/v5/market/ticker?instId=2Z-USDT-SWAP "HTTP/2 200 OK"
2026-03-16 15:52:31,694 | INFO | HTTP Request: GET https://www.okx.com/api/v5/trade/orders-algo-pending?ordType=move_order_stop&instType=SWAP&instId=ICP-USDT-SWAP "HTTP/2 200 OK"
2026-03-16 15:52:31,953 | INFO | HTTP Request: GET https://www.okx.com/api/v5/market/candles?instId=2Z-USDT-SWAP&bar=5m&limit=89 "HTTP/2 200 OK"
2026-03-16 15:52:32,056 | INFO | HTTP Request: GET https://www.okx.com/api/v5/trade/orders-algo-pending?ordType=iceberg&instType=SWAP&instId=ICP-USDT-SWAP "HTTP/2 200 OK"
2026-03-16 15:52:32,381 | INFO | HTTP Request: GET https://www.okx.com/api/v5/market/ticker?instId=AAVE-USDT-SWAP "HTTP/2 200 OK"
2026-03-16 15:52:32,432 | INFO | HTTP Request: GET https://www.okx.com/api/v5/trade/orders-algo-pending?ordType=twap&instType=SWAP&instId=ICP-USDT-SWAP "HTTP/2 200 OK"
2026-03-16 15:52:32,619 | INFO | HTTP Request: GET https://www.okx.com/api/v5/market/candles?instId=AAVE-USDT-SWAP&bar=5m&limit=89 "HTTP/2 200 OK"
2026-03-16 15:52:32,805 | INFO | HTTP Request: GET https://www.okx.com/api/v5/trade/orders-algo-pending?ordType=chase&instType=SWAP&instId=ICP-USDT-SWAP "HTTP/2 200 OK"
2026-03-16 15:52:32,822 | INFO | HTTP Request: GET https://www.okx.com/api/v5/account/balance "HTTP/2 200 OK"
2026-03-16 15:52:32,856 | INFO | Placing exchange stop BREV-USDT-SWAP long payload={'instId': 'BREV-USDT-SWAP', 'tdMode': 'isolated', 'side': 'sell', 'posSide': 'net', 'ordType': 'conditional', 'sz': '120000', 'slTriggerPx': '1.008904996667', 'slOrdPx': '-1'}
2026-03-16 15:52:33,009 | INFO | HTTP Request: GET https://www.okx.com/api/v5/market/ticker?instId=ACT-USDT-SWAP "HTTP/2 200 OK"
2026-03-16 15:52:33,232 | INFO | HTTP Request: POST https://www.okx.com/api/v5/trade/order-algo "HTTP/2 200 OK"
2026-03-16 15:52:33,262 | INFO | HTTP Request: GET https://www.okx.com/api/v5/market/candles?instId=ACT-USDT-SWAP&bar=5m&limit=89 "HTTP/2 200 OK"
2026-03-16 15:52:33,619 | INFO | HTTP Request: POST https://www.okx.com/api/v5/trade/cancel-algos "HTTP/2 200 OK"
2026-03-16 15:52:33,637 | INFO | HTTP Request: GET https://www.okx.com/api/v5/market/ticker?instId=ADA-USDT-SWAP "HTTP/2 200 OK"
2026-03-16 15:52:33,675 | INFO | Closing position BREV-USDT-SWAP. Защита тренда: откат от пика 23295003333.33R → 3695003333.33R
2026-03-16 15:52:33,915 | INFO | HTTP Request: GET https://www.okx.com/api/v5/market/candles?instId=ADA-USDT-SWAP&bar=5m&limit=89 "HTTP/2 200 OK"
2026-03-16 15:52:34,050 | INFO | HTTP Request: POST https://www.okx.com/api/v5/trade/close-position "HTTP/2 200 OK"
2026-03-16 15:52:34,060 | WARNING | Failed to load json context : [Errno 13] Permission denied: '.'
2026-03-16 15:52:34,292 | INFO | HTTP Request: GET https://www.okx.com/api/v5/market/ticker?instId=AI16Z-USDT-SWAP "HTTP/2 200 OK"
2026-03-16 15:52:34,311 | INFO | HTTP Request: GET https://www.okx.com/api/v5/market/candles?instId=BREV-USDT-SWAP&bar=5m&limit=97 "HTTP/2 200 OK"
2026-03-16 15:52:34,551 | INFO | HTTP Request: GET https://www.okx.com/api/v5/market/candles?instId=AI16Z-USDT-SWAP&bar=5m&limit=89 "HTTP/2 200 OK"
2026-03-16 15:52:34,635 | INFO | HTTP Request: GET https://www.okx.com/api/v5/market/candles?instId=BTC-USDT-SWAP&bar=5m&limit=64 "HTTP/2 200 OK"
2026-03-16 15:52:34,973 | INFO | HTTP Request: GET https://www.okx.com/api/v5/market/ticker?instId=AKITA-USDT-SWAP "HTTP/2 200 OK"
2026-03-16 15:52:35,224 | INFO | HTTP Request: GET https://www.okx.com/api/v5/market/candles?instId=AKITA-USDT-SWAP&bar=5m&limit=89 "HTTP/2 200 OK"
2026-03-16 15:52:35,671 | INFO | HTTP Request: GET https://www.okx.com/api/v5/market/ticker?instId=ALGO-USDT-SWAP "HTTP/2 200 OK"
2026-03-16 15:52:35,984 | INFO | HTTP Request: GET https://www.okx.com/api/v5/market/candles?instId=ALGO-USDT-SWAP&bar=5m&limit=89 "HTTP/2 200 OK"
2026-03-16 15:52:36,417 | INFO | HTTP Request: GET https://www.okx.com/api/v5/market/ticker?instId=ARB-USDT-SWAP "HTTP/2 200 OK"
2026-03-16 15:52:36,719 | INFO | HTTP Request: GET https://www.okx.com/api/v5/market/candles?instId=ARB-USDT-SWAP&bar=5m&limit=89 "HTTP/2 200 OK"
2026-03-16 15:52:37,086 | INFO | HTTP Request: GET https://www.okx.com/api/v5/market/ticker?instId=ASP-USDT-SWAP "HTTP/2 200 OK"
2026-03-16 15:52:37,381 | INFO | HTTP Request: GET https://www.okx.com/api/v5/market/candles?instId=ASP-USDT-SWAP&bar=5m&limit=89 "HTTP/2 200 OK"
2026-03-16 15:52:37,820 | INFO | HTTP Request: GET https://www.okx.com/api/v5/market/ticker?instId=ASTER-USDT-SWAP "HTTP/2 200 OK"
2026-03-16 15:52:38,122 | INFO | HTTP Request: GET https://www.okx.com/api/v5/market/candles?instId=ASTER-USDT-SWAP&bar=5m&limit=89 "HTTP/2 200 OK"
2026-03-16 15:52:38,165 | INFO | HTTP Request: GET https://www.okx.com/api/v5/account/balance "HTTP/2 200 OK"
2026-03-16 15:52:38,552 | INFO | HTTP Request: GET https://www.okx.com/api/v5/market/ticker?instId=ATOM-USDT-SWAP "HTTP/2 200 OK"
2026-03-16 15:52:38,815 | INFO | HTTP Request: GET https://www.okx.com/api/v5/market/candles?instId=ATOM-USDT-SWAP&bar=5m&limit=89 "HTTP/2 200 OK"
2026-03-16 15:52:39,175 | INFO | HTTP Request: GET https://www.okx.com/api/v5/market/ticker?instId=AUCTION-USDT-SWAP "HTTP/2 200 OK"
2026-03-16 15:52:39,465 | INFO | HTTP Request: GET https://www.okx.com/api/v5/market/candles?instId=AUCTION-USDT-SWAP&bar=5m&limit=89 "HTTP/2 200 OK"
2026-03-16 15:52:39,910 | INFO | HTTP Request: GET https://www.okx.com/api/v5/market/ticker?instId=AVAX-USDT-SWAP "HTTP/2 200 OK"
2026-03-16 15:52:39,974 | INFO | HTTP Request: GET https://www.okx.com/api/v5/account/positions?instType=SWAP "HTTP/2 200 OK"
2026-03-16 15:52:40,148 | INFO | HTTP Request: GET https://www.okx.com/api/v5/market/candles?instId=AVAX-USDT-SWAP&bar=5m&limit=89 "HTTP/2 200 OK"
2026-03-16 15:52:40,338 | INFO | HTTP Request: GET https://www.okx.com/api/v5/market/candles?instId=BREV-USDT-SWAP&bar=5m&limit=26 "HTTP/2 200 OK"
2026-03-16 15:52:40,560 | INFO | HTTP Request: GET https://www.okx.com/api/v5/market/ticker?instId=AXS-USDT-SWAP "HTTP/2 200 OK"
2026-03-16 15:52:40,663 | INFO | HTTP Request: GET https://www.okx.com/api/v5/market/candles?instId=1INCH-USDT-SWAP&bar=5m&limit=71 "HTTP/2 200 OK"
2026-03-16 15:52:40,798 | INFO | HTTP Request: GET https://www.okx.com/api/v5/market/candles?instId=AXS-USDT-SWAP&bar=5m&limit=89 "HTTP/2 200 OK"
2026-03-16 15:52:40,990 | INFO | HTTP Request: GET https://www.okx.com/api/v5/market/candles?instId=2Z-USDT-SWAP&bar=5m&limit=71 "HTTP/2 200 OK"
2026-03-16 15:52:41,241 | INFO | HTTP Request: GET https://www.okx.com/api/v5/market/ticker?instId=BAND-USDT-SWAP "HTTP/2 200 OK"
2026-03-16 15:52:41,251 | INFO | HTTP Request: GET https://www.okx.com/api/v5/market/candles?instId=AAVE-USDT-SWAP&bar=5m&limit=71 "HTTP/2 200 OK"
2026-03-16 15:52:41,548 | INFO | HTTP Request: GET https://www.okx.com/api/v5/market/candles?instId=BAND-USDT-SWAP&bar=5m&limit=89 "HTTP/2 200 OK"
2026-03-16 15:52:41,574 | INFO | HTTP Request: GET https://www.okx.com/api/v5/market/candles?instId=ACT-USDT-SWAP&bar=5m&limit=71 "HTTP/2 200 OK"
2026-03-16 15:52:41,891 | INFO | HTTP Request: GET https://www.okx.com/api/v5/market/candles?instId=ADA-USDT-SWAP&bar=5m&limit=71 "HTTP/2 200 OK"
2026-03-16 15:52:41,924 | INFO | HTTP Request: GET https://www.okx.com/api/v5/market/ticker?instId=BCH-USDT-SWAP "HTTP/2 200 OK"
2026-03-16 15:52:42,094 | INFO | HTTP Request: GET https://www.okx.com/api/v5/market/candles?instId=BTC-USDT-SWAP&bar=5m&limit=64 "HTTP/2 200 OK"
2026-03-16 15:52:42,195 | INFO | HTTP Request: GET https://www.okx.com/api/v5/market/candles?instId=AI16Z-USDT-SWAP&bar=5m&limit=71 "HTTP/2 200 OK"
2026-03-16 15:52:42,248 | INFO | HTTP Request: GET https://www.okx.com/api/v5/market/candles?instId=BCH-USDT-SWAP&bar=5m&limit=89 "HTTP/2 200 OK"
2026-03-16 15:52:42,473 | INFO | HTTP Request: GET https://www.okx.com/api/v5/market/candles?instId=AKITA-USDT-SWAP&bar=5m&limit=71 "HTTP/2 200 OK"
2026-03-16 15:52:42,671 | INFO | HTTP Request: GET https://www.okx.com/api/v5/market/ticker?instId=BIO-USDT-SWAP "HTTP/2 200 OK"
2026-03-16 15:52:42,776 | INFO | HTTP Request: GET https://www.okx.com/api/v5/market/candles?instId=ALGO-USDT-SWAP&bar=5m&limit=71 "HTTP/2 200 OK"
2026-03-16 15:52:42,938 | INFO | HTTP Request: GET https://www.okx.com/api/v5/market/candles?instId=BIO-USDT-SWAP&bar=5m&limit=89 "HTTP/2 200 OK"
2026-03-16 15:52:43,031 | INFO | HTTP Request: GET https://www.okx.com/api/v5/market/candles?instId=ARB-USDT-SWAP&bar=5m&limit=71 "HTTP/2 200 OK"
2026-03-16 15:52:43,281 | INFO | HTTP Request: GET https://www.okx.com/api/v5/market/candles?instId=ASP-USDT-SWAP&bar=5m&limit=71 "HTTP/2 200 OK"
2026-03-16 15:52:43,293 | INFO | HTTP Request: GET https://www.okx.com/api/v5/market/ticker?instId=BLUAI-USDT-SWAP "HTTP/2 200 OK"
2026-03-16 15:52:43,482 | INFO | HTTP Request: GET https://www.okx.com/api/v5/account/balance "HTTP/2 200 OK"
2026-03-16 15:52:43,522 | INFO | HTTP Request: GET https://www.okx.com/api/v5/market/candles?instId=ASTER-USDT-SWAP&bar=5m&limit=71 "HTTP/2 200 OK"
2026-03-16 15:52:43,597 | INFO | HTTP Request: GET https://www.okx.com/api/v5/market/candles?instId=BLUAI-USDT-SWAP&bar=5m&limit=89 "HTTP/2 200 OK"
2026-03-16 15:52:43,769 | INFO | HTTP Request: GET https://www.okx.com/api/v5/market/candles?instId=ATOM-USDT-SWAP&bar=5m&limit=71 "HTTP/2 200 OK"
2026-03-16 15:52:44,009 | INFO | HTTP Request: GET https://www.okx.com/api/v5/market/candles?instId=AUCTION-USDT-SWAP&bar=5m&limit=71 "HTTP/2 200 OK"
2026-03-16 15:52:44,077 | INFO | HTTP Request: GET https://www.okx.com/api/v5/market/ticker?instId=BNB-USDT-SWAP "HTTP/2 200 OK"
2026-03-16 15:52:44,253 | INFO | HTTP Request: GET https://www.okx.com/api/v5/market/candles?instId=BNB-USDT-SWAP&bar=5m&limit=71 "HTTP/2 200 OK"
2026-03-16 15:52:44,354 | INFO | HTTP Request: GET https://www.okx.com/api/v5/market/candles?instId=BNB-USDT-SWAP&bar=5m&limit=89 "HTTP/2 200 OK"
2026-03-16 15:52:44,554 | INFO | HTTP Request: GET https://www.okx.com/api/v5/market/candles?instId=BOME-USDT-SWAP&bar=5m&limit=71 "HTTP/2 200 OK"
2026-03-16 15:52:44,783 | INFO | HTTP Request: GET https://www.okx.com/api/v5/market/ticker?instId=BOME-USDT-SWAP "HTTP/2 200 OK"
2026-03-16 15:52:44,873 | INFO | HTTP Request: GET https://www.okx.com/api/v5/market/candles?instId=BRETT-USDT-SWAP&bar=5m&limit=71 "HTTP/2 200 OK"
2026-03-16 15:52:45,025 | INFO | HTTP Request: GET https://www.okx.com/api/v5/market/candles?instId=BOME-USDT-SWAP&bar=5m&limit=89 "HTTP/2 200 OK"
2026-03-16 15:52:45,143 | INFO | HTTP Request: GET https://www.okx.com/api/v5/market/candles?instId=BTC-USDT-SWAP&bar=5m&limit=71 "HTTP/2 200 OK"
2026-03-16 15:52:45,442 | INFO | HTTP Request: GET https://www.okx.com/api/v5/market/candles?instId=CAT-USDT-SWAP&bar=5m&limit=71 "HTTP/2 200 OK"
2026-03-16 15:52:45,475 | INFO | HTTP Request: GET https://www.okx.com/api/v5/market/ticker?instId=BRETT-USDT-SWAP "HTTP/2 200 OK"
2026-03-16 15:52:45,839 | INFO | HTTP Request: GET https://www.okx.com/api/v5/market/candles?instId=CATI-USDT-SWAP&bar=5m&limit=71 "HTTP/2 200 OK"
2026-03-16 15:52:45,922 | INFO | HTTP Request: GET https://www.okx.com/api/v5/market/ticker?instId=BTC-USDT-SWAP "HTTP/2 200 OK"
2026-03-16 15:52:46,192 | INFO | HTTP Request: GET https://www.okx.com/api/v5/market/candles?instId=CELO-USDT-SWAP&bar=5m&limit=71 "HTTP/2 200 OK"
2026-03-16 15:52:46,347 | INFO | HTTP Request: GET https://www.okx.com/api/v5/market/ticker?instId=CAT-USDT-SWAP "HTTP/2 200 OK"
2026-03-16 15:52:46,548 | INFO | HTTP Request: GET https://www.okx.com/api/v5/market/candles?instId=CFX-USDT-SWAP&bar=5m&limit=71 "HTTP/2 200 OK"
2026-03-16 15:52:46,790 | INFO | HTTP Request: GET https://www.okx.com/api/v5/market/ticker?instId=CATI-USDT-SWAP "HTTP/2 200 OK"
2026-03-16 15:52:46,804 | INFO | HTTP Request: GET https://www.okx.com/api/v5/market/candles?instId=CHZ-USDT-SWAP&bar=5m&limit=71 "HTTP/2 200 OK"
2026-03-16 15:52:47,108 | INFO | HTTP Request: GET https://www.okx.com/api/v5/market/candles?instId=COAI-USDT-SWAP&bar=5m&limit=71 "HTTP/2 200 OK"
2026-03-16 15:52:47,234 | INFO | HTTP Request: GET https://www.okx.com/api/v5/market/ticker?instId=CELO-USDT-SWAP "HTTP/2 200 OK"
2026-03-16 15:52:47,428 | INFO | HTTP Request: GET https://www.okx.com/api/v5/market/candles?instId=COMP-USDT-SWAP&bar=5m&limit=71 "HTTP/2 200 OK"
2026-03-16 15:52:47,610 | INFO | HTTP Request: GET https://www.okx.com/api/v5/market/ticker?instId=CFX-USDT-SWAP "HTTP/2 200 OK"
2026-03-16 15:52:47,751 | INFO | HTTP Request: GET https://www.okx.com/api/v5/market/candles?instId=CRO-USDT-SWAP&bar=5m&limit=71 "HTTP/2 200 OK"
2026-03-16 15:52:47,988 | INFO | HTTP Request: GET https://www.okx.com/api/v5/market/candles?instId=CRV-USDT-SWAP&bar=5m&limit=71 "HTTP/2 200 OK"
2026-03-16 15:52:48,013 | INFO | HTTP Request: GET https://www.okx.com/api/v5/market/ticker?instId=CHZ-USDT-SWAP "HTTP/2 200 OK"
2026-03-16 15:52:48,229 | INFO | HTTP Request: GET https://www.okx.com/api/v5/market/candles?instId=DOGE-USDT-SWAP&bar=5m&limit=71 "HTTP/2 200 OK"
2026-03-16 15:52:48,388 | INFO | HTTP Request: GET https://www.okx.com/api/v5/market/ticker?instId=COAI-USDT-SWAP "HTTP/2 200 OK"
2026-03-16 15:52:48,485 | INFO | HTTP Request: GET https://www.okx.com/api/v5/market/candles?instId=DOT-USDT-SWAP&bar=5m&limit=71 "HTTP/2 200 OK"
2026-03-16 15:52:48,740 | INFO | HTTP Request: GET https://www.okx.com/api/v5/market/candles?instId=ENA-USDT-SWAP&bar=5m&limit=71 "HTTP/2 200 OK"
2026-03-16 15:52:48,806 | INFO | HTTP Request: GET https://www.okx.com/api/v5/market/ticker?instId=COMP-USDT-SWAP "HTTP/2 200 OK"
2026-03-16 15:52:48,820 | INFO | HTTP Request: GET https://www.okx.com/api/v5/account/balance "HTTP/2 200 OK"
2026-03-16 15:52:49,042 | INFO | HTTP Request: GET https://www.okx.com/api/v5/market/candles?instId=EOS-USDT-SWAP&bar=5m&limit=71 "HTTP/2 200 OK"
2026-03-16 15:52:49,294 | INFO | HTTP Request: GET https://www.okx.com/api/v5/market/ticker?instId=CRO-USDT-SWAP "HTTP/2 200 OK"
2026-03-16 15:52:49,356 | INFO | HTTP Request: GET https://www.okx.com/api/v5/market/candles?instId=ETC-USDT-SWAP&bar=5m&limit=71 "HTTP/2 200 OK"
2026-03-16 15:52:49,657 | INFO | HTTP Request: GET https://www.okx.com/api/v5/market/ticker?instId=CRV-USDT-SWAP "HTTP/2 200 OK"
2026-03-16 15:52:49,722 | INFO | HTTP Request: GET https://www.okx.com/api/v5/market/candles?instId=ETH-USDT-SWAP&bar=5m&limit=71 "HTTP/2 200 OK"
2026-03-16 15:52:50,003 | INFO | HTTP Request: GET https://www.okx.com/api/v5/market/candles?instId=ETHFI-USDT-SWAP&bar=5m&limit=71 "HTTP/2 200 OK"
2026-03-16 15:52:50,087 | INFO | HTTP Request: GET https://www.okx.com/api/v5/market/ticker?instId=DOGE-USDT-SWAP "HTTP/2 200 OK"
2026-03-16 15:52:50,265 | INFO | HTTP Request: GET https://www.okx.com/api/v5/market/candles?instId=ETHW-USDT-SWAP&bar=5m&limit=71 "HTTP/2 200 OK"
2026-03-16 15:52:50,553 | INFO | HTTP Request: GET https://www.okx.com/api/v5/market/ticker?instId=DOT-USDT-SWAP "HTTP/2 200 OK"
2026-03-16 15:52:50,565 | INFO | HTTP Request: GET https://www.okx.com/api/v5/market/candles?instId=FIL-USDT-SWAP&bar=5m&limit=71 "HTTP/2 200 OK"
2026-03-16 15:52:50,815 | INFO | HTTP Request: GET https://www.okx.com/api/v5/market/candles?instId=XAG-USDT-SWAP&bar=5m&limit=26 "HTTP/2 200 OK"
2026-03-16 15:52:50,943 | INFO | HTTP Request: GET https://www.okx.com/api/v5/market/ticker?instId=ENA-USDT-SWAP "HTTP/2 200 OK"
2026-03-16 15:52:51,122 | INFO | HTTP Request: GET https://www.okx.com/api/v5/market/ticker?instId=XAG-USDT-SWAP "HTTP/2 200 OK"
2026-03-16 15:52:51,384 | INFO | HTTP Request: GET https://www.okx.com/api/v5/market/ticker?instId=EOS-USDT-SWAP "HTTP/2 200 OK"
2026-03-16 15:52:51,423 | INFO | HTTP Request: GET https://www.okx.com/api/v5/market/candles?instId=ICP-USDT-SWAP&bar=5m&limit=26 "HTTP/2 200 OK"
2026-03-16 15:52:51,656 | INFO | HTTP Request: GET https://www.okx.com/api/v5/market/ticker?instId=ICP-USDT-SWAP "HTTP/2 200 OK"
2026-03-16 15:52:51,744 | INFO | HTTP Request: GET https://www.okx.com/api/v5/market/ticker?instId=ETC-USDT-SWAP "HTTP/2 200 OK"
2026-03-16 15:52:51,915 | INFO | HTTP Request: GET https://www.okx.com/api/v5/market/candles?instId=BREV-USDT-SWAP&bar=5m&limit=26 "HTTP/2 200 OK"
2026-03-16 15:52:52,135 | INFO | HTTP Request: GET https://www.okx.com/api/v5/market/ticker?instId=ETH-USDT-SWAP "HTTP/2 200 OK"
2026-03-16 15:52:52,217 | INFO | HTTP Request: GET https://www.okx.com/api/v5/market/ticker?instId=BREV-USDT-SWAP "HTTP/2 200 OK"
2026-03-16 15:52:52,246 | INFO | Placing exchange stop BREV-USDT-SWAP long payload={'instId': 'BREV-USDT-SWAP', 'tdMode': 'isolated', 'side': 'sell', 'posSide': 'net', 'ordType': 'conditional', 'sz': '120000', 'slTriggerPx': '1.008904996667', 'slOrdPx': '-1'}
2026-03-16 15:52:52,494 | INFO | HTTP Request: GET https://www.okx.com/api/v5/market/ticker?instId=ETHFI-USDT-SWAP "HTTP/2 200 OK"
2026-03-16 15:52:52,571 | INFO | HTTP Request: POST https://www.okx.com/api/v5/trade/order-algo "HTTP/2 200 OK"
2026-03-16 15:52:52,849 | INFO | HTTP Request: GET https://www.okx.com/api/v5/market/ticker?instId=ETHW-USDT-SWAP "HTTP/2 200 OK"
2026-03-16 15:52:52,870 | INFO | HTTP Request: POST https://www.okx.com/api/v5/trade/cancel-algos "HTTP/2 200 OK"
2026-03-16 15:52:52,878 | INFO | Closing position BREV-USDT-SWAP. Защита тренда: откат от пика 23295003333.33R → 3695003333.33R
2026-03-16 15:52:53,122 | INFO | HTTP Request: GET https://www.okx.com/api/v5/market/candles?instId=BTC-USDT-SWAP&bar=5m&limit=64 "HTTP/2 200 OK"
2026-03-16 15:52:53,133 | INFO | HTTP Request: POST https://www.okx.com/api/v5/trade/close-position "HTTP/2 200 OK"
2026-03-16 15:52:53,142 | WARNING | Failed to load json context : [Errno 13] Permission denied: '.'
2026-03-16 15:52:53,276 | INFO | HTTP Request: GET https://www.okx.com/api/v5/market/ticker?instId=FIL-USDT-SWAP "HTTP/2 200 OK"
2026-03-16 15:52:53,453 | INFO | HTTP Request: GET https://www.okx.com/api/v5/market/candles?instId=BREV-USDT-SWAP&bar=5m&limit=97 "HTTP/2 200 OK"
2026-03-16 15:52:53,703 | INFO | HTTP Request: GET https://www.okx.com/api/v5/market/ticker?instId=FLOKI-USDT-SWAP "HTTP/2 200 OK"
2026-03-16 15:52:53,941 | INFO | HTTP Request: GET https://www.okx.com/api/v5/market/candles?instId=FLOKI-USDT-SWAP&bar=5m&limit=89 "HTTP/2 200 OK"
