block_reason,cooldown_blocked,inst_id,last_exit_reason,last_trade_pnl,price,recovery_blocked,side,ts
cooldown после ATR-стопа ещё активен 1780s; цена отошла только на 0.00 ATR,True,DOT-USDT-SWAP,Ошибка: первичный стоп не подтверждён на бирже,0.0,1.496,True,short,2026-03-21 20:23:09
cooldown после ATR-стопа ещё активен 1752s; цена отошла только на 0.00 ATR,True,DOT-USDT-SWAP,Ошибка: первичный стоп не подтверждён на бирже,0.0,1.496,True,short,2026-03-21 20:23:37
cooldown после ATR-стопа ещё активен 1727s; цена отошла только на 0.00 ATR,True,DOT-USDT-SWAP,Ошибка: первичный стоп не подтверждён на бирже,0.0,1.496,True,short,2026-03-21 20:24:02
cooldown после ATR-стопа ещё активен 1693s; цена отошла только на 0.00 ATR,True,DOT-USDT-SWAP,Ошибка: первичный стоп не подтверждён на бирже,0.0,1.496,True,short,2026-03-21 20:24:36
cooldown после ATR-стопа ещё активен 1663s; цена отошла только на 0.53 ATR,True,DOT-USDT-SWAP,Ошибка: первичный стоп не подтверждён на бирже,0.0,1.497,True,short,2026-03-21 20:25:06
cooldown после ATR-стопа ещё активен 1637s; цена отошла только на 0.53 ATR,True,DOT-USDT-SWAP,Ошибка: первичный стоп не подтверждён на бирже,0.0,1.497,True,short,2026-03-21 20:25:32
cooldown после ATR-стопа ещё активен 1608s; цена отошла только на 0.53 ATR,True,DOT-USDT-SWAP,Ошибка: первичный стоп не подтверждён на бирже,0.0,1.497,True,short,2026-03-21 20:26:01
cooldown после ATR-стопа ещё активен 1581s; цена отошла только на 0.53 ATR,True,DOT-USDT-SWAP,Ошибка: первичный стоп не подтверждён на бирже,0.0,1.497,True,short,2026-03-21 20:26:29
cooldown после ATR-стопа ещё активен 1552s; цена отошла только на 0.53 ATR,True,DOT-USDT-SWAP,Ошибка: первичный стоп не подтверждён на бирже,0.0,1.497,True,short,2026-03-21 20:26:57
cooldown после ATR-стопа ещё активен 1511s; цена отошла только на 0.53 ATR,True,DOT-USDT-SWAP,Ошибка: первичный стоп не подтверждён на бирже,0.0,1.497,True,short,2026-03-21 20:27:38
cooldown после ATR-стопа ещё активен 1489s; цена отошла только на 0.53 ATR,True,DOT-USDT-SWAP,Ошибка: первичный стоп не подтверждён на бирже,0.0,1.497,True,short,2026-03-21 20:28:01
cooldown после ATR-стопа ещё активен 1465s; цена отошла только на 0.53 ATR,True,DOT-USDT-SWAP,Ошибка: первичный стоп не подтверждён на бирже,0.0,1.497,True,short,2026-03-21 20:28:25
cooldown после ATR-стопа ещё активен 1441s; цена отошла только на 0.53 ATR,True,DOT-USDT-SWAP,Ошибка: первичный стоп не подтверждён на бирже,0.0,1.497,True,short,2026-03-21 20:28:48
cooldown после ATR-стопа ещё активен 1418s; цена отошла только на 0.53 ATR,True,DOT-USDT-SWAP,Ошибка: первичный стоп не подтверждён на бирже,0.0,1.497,True,short,2026-03-21 20:29:12
cooldown после ATR-стопа ещё активен 1392s; цена отошла только на 0.53 ATR,True,DOT-USDT-SWAP,Ошибка: первичный стоп не подтверждён на бирже,0.0,1.497,True,short,2026-03-21 20:29:38
cooldown после ATR-стопа ещё активен 1369s; цена отошла только на 0.53 ATR,True,DOT-USDT-SWAP,Ошибка: первичный стоп не подтверждён на бирже,0.0,1.497,True,short,2026-03-21 20:30:00
cooldown после ATR-стопа ещё активен 1333s; цена отошла только на 0.00 ATR,True,DOT-USDT-SWAP,Ошибка: первичный стоп не подтверждён на бирже,0.0,1.496,True,short,2026-03-21 20:30:36
cooldown после ATR-стопа ещё активен 1303s; цена отошла только на 0.00 ATR,True,DOT-USDT-SWAP,Ошибка: первичный стоп не подтверждён на бирже,0.0,1.496,True,short,2026-03-21 20:31:07
cooldown после ATR-стопа ещё активен 1277s; цена отошла только на 0.00 ATR,True,DOT-USDT-SWAP,Ошибка: первичный стоп не подтверждён на бирже,0.0,1.496,True,short,2026-03-21 20:31:33
cooldown после ATR-стопа ещё активен 1252s; цена отошла только на 0.00 ATR,True,DOT-USDT-SWAP,Ошибка: первичный стоп не подтверждён на бирже,0.0,1.496,True,short,2026-03-21 20:31:57
cooldown после ATR-стопа ещё активен 1224s; цена отошла только на 0.00 ATR,True,DOT-USDT-SWAP,Ошибка: первичный стоп не подтверждён на бирже,0.0,1.496,True,short,2026-03-21 20:32:25
cooldown после ATR-стопа ещё активен 1199s; цена отошла только на 0.00 ATR,True,DOT-USDT-SWAP,Ошибка: первичный стоп не подтверждён на бирже,0.0,1.496,True,short,2026-03-21 20:32:50
cooldown после ATR-стопа ещё активен 1174s; цена отошла только на 0.00 ATR,True,DOT-USDT-SWAP,Ошибка: первичный стоп не подтверждён на бирже,0.0,1.496,True,short,2026-03-21 20:33:15
cooldown после ATR-стопа ещё активен 1142s; цена отошла только на 0.00 ATR,True,DOT-USDT-SWAP,Ошибка: первичный стоп не подтверждён на бирже,0.0,1.496,True,short,2026-03-21 20:33:47
cooldown после ATR-стопа ещё активен 1117s; цена отошла только на 0.00 ATR,True,DOT-USDT-SWAP,Ошибка: первичный стоп не подтверждён на бирже,0.0,1.496,True,short,2026-03-21 20:34:12
cooldown после ATR-стопа ещё активен 1092s; цена отошла только на 0.00 ATR,True,DOT-USDT-SWAP,Ошибка: первичный стоп не подтверждён на бирже,0.0,1.496,True,short,2026-03-21 20:34:37
cooldown после ATR-стопа ещё активен 1064s; цена отошла только на 0.53 ATR,True,DOT-USDT-SWAP,Ошибка: первичный стоп не подтверждён на бирже,0.0,1.497,True,short,2026-03-21 20:35:06
cooldown после ATR-стопа ещё активен 1031s; цена отошла только на 0.53 ATR,True,DOT-USDT-SWAP,Ошибка: первичный стоп не подтверждён на бирже,0.0,1.497,True,short,2026-03-21 20:35:38
cooldown после ATR-стопа ещё активен 996s; цена отошла только на 0.53 ATR,True,DOT-USDT-SWAP,Ошибка: первичный стоп не подтверждён на бирже,0.0,1.497,True,short,2026-03-21 20:36:13
cooldown после ATR-стопа ещё активен 969s; цена отошла только на 0.53 ATR,True,DOT-USDT-SWAP,Ошибка: первичный стоп не подтверждён на бирже,0.0,1.497,True,short,2026-03-21 20:36:40
cooldown после ATR-стопа ещё активен 944s; цена отошла только на 0.53 ATR,True,DOT-USDT-SWAP,Ошибка: первичный стоп не подтверждён на бирже,0.0,1.497,True,short,2026-03-21 20:37:05
cooldown после ATR-стопа ещё активен 911s; цена отошла только на 0.53 ATR,True,DOT-USDT-SWAP,Ошибка: первичный стоп не подтверждён на бирже,0.0,1.497,True,short,2026-03-21 20:37:38
cooldown после ATR-стопа ещё активен 886s; цена отошла только на 0.53 ATR,True,DOT-USDT-SWAP,Ошибка: первичный стоп не подтверждён на бирже,0.0,1.497,True,short,2026-03-21 20:38:03
cooldown после ATR-стопа ещё активен 861s; цена отошла только на 0.53 ATR,True,DOT-USDT-SWAP,Ошибка: первичный стоп не подтверждён на бирже,0.0,1.497,True,short,2026-03-21 20:38:28
cooldown после ATR-стопа ещё активен 830s; цена отошла только на 0.53 ATR,True,DOT-USDT-SWAP,Ошибка: первичный стоп не подтверждён на бирже,0.0,1.497,True,short,2026-03-21 20:38:59
cooldown после ATR-стопа ещё активен 805s; цена отошла только на 0.53 ATR,True,DOT-USDT-SWAP,Ошибка: первичный стоп не подтверждён на бирже,0.0,1.497,True,short,2026-03-21 20:39:24
cooldown после ATR-стопа ещё активен 781s; цена отошла только на 0.53 ATR,True,DOT-USDT-SWAP,Ошибка: первичный стоп не подтверждён на бирже,0.0,1.497,True,short,2026-03-21 20:39:49
cooldown после ATR-стопа ещё активен 749s; цена отошла только на 0.53 ATR,True,DOT-USDT-SWAP,Ошибка: первичный стоп не подтверждён на бирже,0.0,1.497,True,short,2026-03-21 20:40:20
cooldown после ATR-стопа ещё активен 717s; цена отошла только на 0.53 ATR,True,DOT-USDT-SWAP,Ошибка: первичный стоп не подтверждён на бирже,0.0,1.497,True,short,2026-03-21 20:40:53
cooldown после ATR-стопа ещё активен 690s; цена отошла только на 0.53 ATR,True,DOT-USDT-SWAP,Ошибка: первичный стоп не подтверждён на бирже,0.0,1.497,True,short,2026-03-21 20:41:20
cooldown после ATR-стопа ещё активен 670s; цена отошла только на 0.53 ATR,True,DOT-USDT-SWAP,Ошибка: первичный стоп не подтверждён на бирже,0.0,1.497,True,short,2026-03-21 20:41:39
cooldown после ATR-стопа ещё активен 653s; цена отошла только на 0.53 ATR,True,DOT-USDT-SWAP,Ошибка: первичный стоп не подтверждён на бирже,0.0,1.497,True,short,2026-03-21 20:41:56
cooldown после ATR-стопа ещё активен 635s; цена отошла только на 0.53 ATR,True,DOT-USDT-SWAP,Ошибка: первичный стоп не подтверждён на бирже,0.0,1.497,True,short,2026-03-21 20:42:14
cooldown после ATR-стопа ещё активен 615s; цена отошла только на 0.53 ATR,True,DOT-USDT-SWAP,Ошибка: первичный стоп не подтверждён на бирже,0.0,1.497,True,short,2026-03-21 20:42:34
cooldown после ATR-стопа ещё активен 594s; цена отошла только на 0.53 ATR,True,DOT-USDT-SWAP,Ошибка: первичный стоп не подтверждён на бирже,0.0,1.497,True,short,2026-03-21 20:42:55
cooldown после ATR-стопа ещё активен 577s; цена отошла только на 0.53 ATR,True,DOT-USDT-SWAP,Ошибка: первичный стоп не подтверждён на бирже,0.0,1.497,True,short,2026-03-21 20:43:13
cooldown после ATR-стопа ещё активен 560s; цена отошла только на 0.53 ATR,True,DOT-USDT-SWAP,Ошибка: первичный стоп не подтверждён на бирже,0.0,1.497,True,short,2026-03-21 20:43:29
cooldown после ATR-стопа ещё активен 538s; цена отошла только на 0.53 ATR,True,DOT-USDT-SWAP,Ошибка: первичный стоп не подтверждён на бирже,0.0,1.497,True,short,2026-03-21 20:43:51
cooldown после ATR-стопа ещё активен 518s; цена отошла только на 0.53 ATR,True,DOT-USDT-SWAP,Ошибка: первичный стоп не подтверждён на бирже,0.0,1.497,True,short,2026-03-21 20:44:12
cooldown после ATR-стопа ещё активен 502s; цена отошла только на 0.53 ATR,True,DOT-USDT-SWAP,Ошибка: первичный стоп не подтверждён на бирже,0.0,1.497,True,short,2026-03-21 20:44:27
cooldown после ATR-стопа ещё активен 484s; цена отошла только на 0.53 ATR,True,DOT-USDT-SWAP,Ошибка: первичный стоп не подтверждён на бирже,0.0,1.497,True,short,2026-03-21 20:44:45
cooldown после ATR-стопа ещё активен 1585s; цена отошла только на 0.00 ATR,True,AXS-USDT-SWAP,ATR стоп 2.0N,0.0,1.1486,True,long,2026-03-21 20:45:04
cooldown после ATR-стопа ещё активен 1789s; цена отошла только на 0.88 ATR,True,FLOKI-USDT-SWAP,Ошибка: первичный стоп не подтверждён на бирже,0.0,2.97e-05,True,short,2026-03-21 20:58:02
cooldown после ATR-стопа ещё активен 1762s; цена отошла только на 0.88 ATR,True,FLOKI-USDT-SWAP,Ошибка: первичный стоп не подтверждён на бирже,0.0,2.97e-05,True,short,2026-03-21 20:58:29
cooldown после ATR-стопа ещё активен 1745s; цена отошла только на 0.88 ATR,True,FLOKI-USDT-SWAP,Ошибка: первичный стоп не подтверждён на бирже,0.0,2.97e-05,True,short,2026-03-21 20:58:46
cooldown после ATR-стопа ещё активен 1728s; цена отошла только на 0.88 ATR,True,FLOKI-USDT-SWAP,Ошибка: первичный стоп не подтверждён на бирже,0.0,2.97e-05,True,short,2026-03-21 20:59:03
cooldown после ATR-стопа ещё активен 1707s; цена отошла только на 0.88 ATR,True,FLOKI-USDT-SWAP,Ошибка: первичный стоп не подтверждён на бирже,0.0,2.97e-05,True,short,2026-03-21 20:59:24
cooldown после ATR-стопа ещё активен 1691s; цена отошла только на 0.88 ATR,True,FLOKI-USDT-SWAP,Ошибка: первичный стоп не подтверждён на бирже,0.0,2.97e-05,True,short,2026-03-21 20:59:40
cooldown после ATR-стопа ещё активен 1673s; цена отошла только на 0.88 ATR,True,FLOKI-USDT-SWAP,Ошибка: первичный стоп не подтверждён на бирже,0.0,2.97e-05,True,short,2026-03-21 20:59:58
cooldown после ATR-стопа ещё активен 1685s; цена отошла только на 0.00 ATR,True,AXS-USDT-SWAP,ATR стоп 2.0N,0.0,1.2436,True,short,2026-03-21 21:00:12
cooldown после ATR-стопа ещё активен 1656s; цена отошла только на 0.29 ATR,True,FLOKI-USDT-SWAP,Ошибка: первичный стоп не подтверждён на бирже,0.0,2.972e-05,True,short,2026-03-21 21:00:15
cooldown после ATR-стопа ещё активен 1621s; цена отошла только на 0.29 ATR,True,FLOKI-USDT-SWAP,Ошибка: первичный стоп не подтверждён на бирже,0.0,2.972e-05,True,short,2026-03-21 21:00:49
cooldown после ATR-стопа ещё активен 1596s; цена отошла только на 0.29 ATR,True,FLOKI-USDT-SWAP,Ошибка: первичный стоп не подтверждён на бирже,0.0,2.972e-05,True,short,2026-03-21 21:01:15
cooldown после ATR-стопа ещё активен 1566s; цена отошла только на 0.29 ATR,True,FLOKI-USDT-SWAP,Ошибка: первичный стоп не подтверждён на бирже,0.0,2.972e-05,True,short,2026-03-21 21:01:45
cooldown после ATR-стопа ещё активен 1536s; цена отошла только на 0.29 ATR,True,FLOKI-USDT-SWAP,Ошибка: первичный стоп не подтверждён на бирже,0.0,2.972e-05,True,short,2026-03-21 21:02:15
cooldown после ATR-стопа ещё активен 1512s; цена отошла только на 0.29 ATR,True,FLOKI-USDT-SWAP,Ошибка: первичный стоп не подтверждён на бирже,0.0,2.972e-05,True,short,2026-03-21 21:02:39
cooldown после ATR-стопа ещё активен 1485s; цена отошла только на 0.29 ATR,True,FLOKI-USDT-SWAP,Ошибка: первичный стоп не подтверждён на бирже,0.0,2.972e-05,True,short,2026-03-21 21:03:06
cooldown после ATR-стопа ещё активен 1460s; цена отошла только на 0.29 ATR,True,FLOKI-USDT-SWAP,Ошибка: первичный стоп не подтверждён на бирже,0.0,2.972e-05,True,short,2026-03-21 21:03:31
cooldown после ATR-стопа ещё активен 1436s; цена отошла только на 0.29 ATR,True,FLOKI-USDT-SWAP,Ошибка: первичный стоп не подтверждён на бирже,0.0,2.972e-05,True,short,2026-03-21 21:03:55
cooldown после ATR-стопа ещё активен 1409s; цена отошла только на 0.29 ATR,True,FLOKI-USDT-SWAP,Ошибка: первичный стоп не подтверждён на бирже,0.0,2.972e-05,True,short,2026-03-21 21:04:22
cooldown после ATR-стопа ещё активен 1383s; цена отошла только на 0.29 ATR,True,FLOKI-USDT-SWAP,Ошибка: первичный стоп не подтверждён на бирже,0.0,2.972e-05,True,short,2026-03-21 21:04:48
cooldown после ATR-стопа ещё активен 1358s; цена отошла только на 0.59 ATR,True,FLOKI-USDT-SWAP,Ошибка: первичный стоп не подтверждён на бирже,0.0,2.971e-05,True,short,2026-03-21 21:05:13
cooldown после ATR-стопа ещё активен 1329s; цена отошла только на 0.59 ATR,True,FLOKI-USDT-SWAP,Ошибка: первичный стоп не подтверждён на бирже,0.0,2.971e-05,True,short,2026-03-21 21:05:42
cooldown после ATR-стопа ещё активен 1305s; цена отошла только на 0.59 ATR,True,FLOKI-USDT-SWAP,Ошибка: первичный стоп не подтверждён на бирже,0.0,2.971e-05,True,short,2026-03-21 21:06:05
cooldown после ATR-стопа ещё активен 1282s; цена отошла только на 0.59 ATR,True,FLOKI-USDT-SWAP,Ошибка: первичный стоп не подтверждён на бирже,0.0,2.971e-05,True,short,2026-03-21 21:06:29
cooldown после ATR-стопа ещё активен 1253s; цена отошла только на 0.59 ATR,True,FLOKI-USDT-SWAP,Ошибка: первичный стоп не подтверждён на бирже,0.0,2.971e-05,True,short,2026-03-21 21:06:58
cooldown после ATR-стопа ещё активен 1227s; цена отошла только на 0.59 ATR,True,FLOKI-USDT-SWAP,Ошибка: первичный стоп не подтверждён на бирже,0.0,2.971e-05,True,short,2026-03-21 21:07:24
cooldown после ATR-стопа ещё активен 1203s; цена отошла только на 0.59 ATR,True,FLOKI-USDT-SWAP,Ошибка: первичный стоп не подтверждён на бирже,0.0,2.971e-05,True,short,2026-03-21 21:07:48
cooldown после ATR-стопа ещё активен 1175s; цена отошла только на 0.59 ATR,True,FLOKI-USDT-SWAP,Ошибка: первичный стоп не подтверждён на бирже,0.0,2.971e-05,True,short,2026-03-21 21:08:16
cooldown после ATR-стопа ещё активен 1148s; цена отошла только на 0.59 ATR,True,FLOKI-USDT-SWAP,Ошибка: первичный стоп не подтверждён на бирже,0.0,2.971e-05,True,short,2026-03-21 21:08:43
cooldown после ATR-стопа ещё активен 1122s; цена отошла только на 0.59 ATR,True,FLOKI-USDT-SWAP,Ошибка: первичный стоп не подтверждён на бирже,0.0,2.971e-05,True,short,2026-03-21 21:09:09
cooldown после ATR-стопа ещё активен 1093s; цена отошла только на 0.59 ATR,True,FLOKI-USDT-SWAP,Ошибка: первичный стоп не подтверждён на бирже,0.0,2.971e-05,True,short,2026-03-21 21:09:38
cooldown после ATR-стопа ещё активен 1065s; цена отошла только на 0.00 ATR,True,FLOKI-USDT-SWAP,Ошибка: первичный стоп не подтверждён на бирже,0.0,2.973e-05,True,short,2026-03-21 21:10:06
cooldown после ATR-стопа ещё активен 1026s; цена отошла только на 0.00 ATR,True,FLOKI-USDT-SWAP,Ошибка: первичный стоп не подтверждён на бирже,0.0,2.973e-05,True,short,2026-03-21 21:10:45
cooldown после ATR-стопа ещё активен 996s; цена отошла только на 0.00 ATR,True,FLOKI-USDT-SWAP,Ошибка: первичный стоп не подтверждён на бирже,0.0,2.973e-05,True,short,2026-03-21 21:11:15
cooldown после ATR-стопа ещё активен 966s; цена отошла только на 0.00 ATR,True,FLOKI-USDT-SWAP,Ошибка: первичный стоп не подтверждён на бирже,0.0,2.973e-05,True,short,2026-03-21 21:11:45
cooldown после ATR-стопа ещё активен 939s; цена отошла только на 0.00 ATR,True,FLOKI-USDT-SWAP,Ошибка: первичный стоп не подтверждён на бирже,0.0,2.973e-05,True,short,2026-03-21 21:12:11
cooldown после ATR-стопа ещё активен 914s; цена отошла только на 0.00 ATR,True,FLOKI-USDT-SWAP,Ошибка: первичный стоп не подтверждён на бирже,0.0,2.973e-05,True,short,2026-03-21 21:12:37
cooldown после ATR-стопа ещё активен 885s; цена отошла только на 0.00 ATR,True,FLOKI-USDT-SWAP,Ошибка: первичный стоп не подтверждён на бирже,0.0,2.973e-05,True,short,2026-03-21 21:13:06
cooldown после ATR-стопа ещё активен 859s; цена отошла только на 0.00 ATR,True,FLOKI-USDT-SWAP,Ошибка: первичный стоп не подтверждён на бирже,0.0,2.973e-05,True,short,2026-03-21 21:13:32
cooldown после ATR-стопа ещё активен 834s; цена отошла только на 0.00 ATR,True,FLOKI-USDT-SWAP,Ошибка: первичный стоп не подтверждён на бирже,0.0,2.973e-05,True,short,2026-03-21 21:13:57
cooldown после ATR-стопа ещё активен 807s; цена отошла только на 0.00 ATR,True,FLOKI-USDT-SWAP,Ошибка: первичный стоп не подтверждён на бирже,0.0,2.973e-05,True,short,2026-03-21 21:14:24
cooldown после ATR-стопа ещё активен 767s; цена отошла только на 0.29 ATR,True,FLOKI-USDT-SWAP,Ошибка: первичный стоп не подтверждён на бирже,0.0,2.972e-05,True,short,2026-03-21 21:15:04
cooldown после ATR-стопа ещё активен 654s; цена отошла только на 0.29 ATR,True,FLOKI-USDT-SWAP,Ошибка: первичный стоп не подтверждён на бирже,0.0,2.972e-05,True,short,2026-03-21 21:16:57
cooldown после ATR-стопа ещё активен 1781s; цена отошла только на 0.83 ATR,True,COMP-USDT-SWAP,Ошибка: первичный стоп не подтверждён на бирже,0.0,19.23,True,long,2026-03-21 21:18:18
cooldown после ATR-стопа ещё активен 571s; цена отошла только на 0.29 ATR,True,FLOKI-USDT-SWAP,Ошибка: первичный стоп не подтверждён на бирже,0.0,2.972e-05,True,short,2026-03-21 21:18:20
cooldown после ATR-стопа ещё активен 1747s; цена отошла только на 0.83 ATR,True,COMP-USDT-SWAP,Ошибка: первичный стоп не подтверждён на бирже,0.0,19.23,True,long,2026-03-21 21:18:52
cooldown после ATR-стопа ещё активен 537s; цена отошла только на 0.29 ATR,True,FLOKI-USDT-SWAP,Ошибка: первичный стоп не подтверждён на бирже,0.0,2.972e-05,True,short,2026-03-21 21:18:54
cooldown после ATR-стопа ещё активен 1720s; цена отошла только на 0.83 ATR,True,COMP-USDT-SWAP,Ошибка: первичный стоп не подтверждён на бирже,0.0,19.23,True,long,2026-03-21 21:19:19
cooldown после ATR-стопа ещё активен 510s; цена отошла только на 0.29 ATR,True,FLOKI-USDT-SWAP,Ошибка: первичный стоп не подтверждён на бирже,0.0,2.972e-05,True,short,2026-03-21 21:19:21
cooldown после ATR-стопа ещё активен 1685s; цена отошла только на 0.83 ATR,True,COMP-USDT-SWAP,Ошибка: первичный стоп не подтверждён на бирже,0.0,19.23,True,long,2026-03-21 21:19:55
cooldown после ATR-стопа ещё активен 474s; цена отошла только на 0.29 ATR,True,FLOKI-USDT-SWAP,Ошибка: первичный стоп не подтверждён на бирже,0.0,2.972e-05,True,short,2026-03-21 21:19:57
cooldown после ATR-стопа ещё активен 1643s; цена отошла только на 0.83 ATR,True,COMP-USDT-SWAP,Ошибка: первичный стоп не подтверждён на бирже,0.0,19.23,True,long,2026-03-21 21:20:37
cooldown после ATR-стопа ещё активен 433s; цена отошла только на 0.00 ATR,True,FLOKI-USDT-SWAP,Ошибка: первичный стоп не подтверждён на бирже,0.0,2.973e-05,True,short,2026-03-21 21:20:38
cooldown после ATR-стопа ещё активен 1540s; цена отошла только на 0.83 ATR,True,COMP-USDT-SWAP,Ошибка: первичный стоп не подтверждён на бирже,0.0,19.23,True,long,2026-03-21 21:22:19
cooldown после ATR-стопа ещё активен 330s; цена отошла только на 0.00 ATR,True,FLOKI-USDT-SWAP,Ошибка: первичный стоп не подтверждён на бирже,0.0,2.973e-05,True,short,2026-03-21 21:22:21
cooldown после ATR-стопа ещё активен 1439s; цена отошла только на 0.83 ATR,True,COMP-USDT-SWAP,Ошибка: первичный стоп не подтверждён на бирже,0.0,19.23,True,long,2026-03-21 21:24:00
cooldown после ATR-стопа ещё активен 229s; цена отошла только на 0.00 ATR,True,FLOKI-USDT-SWAP,Ошибка: первичный стоп не подтверждён на бирже,0.0,2.973e-05,True,short,2026-03-21 21:24:02
cooldown после ATR-стопа ещё активен 1367s; цена отошла только на 0.00 ATR,True,COMP-USDT-SWAP,Ошибка: первичный стоп не подтверждён на бирже,0.0,19.24,True,long,2026-03-21 21:25:12
cooldown после ATR-стопа ещё активен 1313s; цена отошла только на 0.00 ATR,True,COMP-USDT-SWAP,Ошибка: первичный стоп не подтверждён на бирже,0.0,19.24,True,long,2026-03-21 21:26:07
cooldown после ATR-стопа ещё активен 1285s; цена отошла только на 0.00 ATR,True,COMP-USDT-SWAP,Ошибка: первичный стоп не подтверждён на бирже,0.0,19.24,True,long,2026-03-21 21:26:35
cooldown после ATR-стопа ещё активен 1251s; цена отошла только на 0.00 ATR,True,COMP-USDT-SWAP,Ошибка: первичный стоп не подтверждён на бирже,0.0,19.24,True,long,2026-03-21 21:27:09
cooldown после ATR-стопа ещё активен 1223s; цена отошла только на 0.00 ATR,True,COMP-USDT-SWAP,Ошибка: первичный стоп не подтверждён на бирже,0.0,19.24,True,long,2026-03-21 21:27:36
cooldown после ATR-стопа ещё активен 1184s; цена отошла только на 0.00 ATR,True,COMP-USDT-SWAP,Ошибка: первичный стоп не подтверждён на бирже,0.0,19.24,True,long,2026-03-21 21:28:16
cooldown после ATR-стопа ещё активен 1156s; цена отошла только на 0.00 ATR,True,COMP-USDT-SWAP,Ошибка: первичный стоп не подтверждён на бирже,0.0,19.24,True,long,2026-03-21 21:28:43
cooldown после ATR-стопа ещё активен 1121s; цена отошла только на 0.00 ATR,True,COMP-USDT-SWAP,Ошибка: первичный стоп не подтверждён на бирже,0.0,19.24,True,long,2026-03-21 21:29:18
cooldown после ATR-стопа ещё активен 1093s; цена отошла только на 0.00 ATR,True,COMP-USDT-SWAP,Ошибка: первичный стоп не подтверждён на бирже,0.0,19.24,True,long,2026-03-21 21:29:46
cooldown после ATR-стопа ещё активен 1781s; цена отошла только на 0.91 ATR,True,COMP-USDT-SWAP,Ошибка: первичный стоп не подтверждён на бирже,0.0,19.28,True,long,2026-03-21 21:33:16
cooldown после ATR-стопа ещё активен 1747s; цена отошла только на 0.91 ATR,True,COMP-USDT-SWAP,Ошибка: первичный стоп не подтверждён на бирже,0.0,19.28,True,long,2026-03-21 21:33:51
cooldown после ATR-стопа ещё активен 1720s; цена отошла только на 0.91 ATR,True,COMP-USDT-SWAP,Ошибка: первичный стоп не подтверждён на бирже,0.0,19.28,True,long,2026-03-21 21:34:17
cooldown после ATR-стопа ещё активен 1685s; цена отошла только на 0.91 ATR,True,COMP-USDT-SWAP,Ошибка: первичный стоп не подтверждён на бирже,0.0,19.28,True,long,2026-03-21 21:34:52
cooldown после ATR-стопа ещё активен 584s; цена отошла только на 0.87 ATR,True,IMX-USDT-SWAP,Ошибка: первичный стоп не подтверждён на бирже,0.0,0.1627,True,long,2026-03-21 21:45:09
cooldown после ATR-стопа ещё активен 463s; цена отошла только на 0.87 ATR,True,IMX-USDT-SWAP,Ошибка: первичный стоп не подтверждён на бирже,0.0,0.1627,True,long,2026-03-21 21:47:10
cooldown после ATR-стопа ещё активен 423s; цена отошла только на 0.87 ATR,True,IMX-USDT-SWAP,Ошибка: первичный стоп не подтверждён на бирже,0.0,0.1627,True,long,2026-03-21 21:47:49
cooldown после ATR-стопа ещё активен 1778s; цена отошла только на 0.58 ATR,True,NEAR-USDT-SWAP,ATR стоп 2.0N,0.0,1.3242,True,long,2026-03-21 21:47:51
cooldown после ATR-стопа ещё активен 404s; цена отошла только на 0.87 ATR,True,IMX-USDT-SWAP,Ошибка: первичный стоп не подтверждён на бирже,0.0,0.1627,True,long,2026-03-21 21:48:08
cooldown после ATR-стопа ещё активен 1759s; цена отошла только на 0.58 ATR,True,NEAR-USDT-SWAP,ATR стоп 2.0N,0.0,1.3242,True,long,2026-03-21 21:48:09
cooldown после ATR-стопа ещё активен 385s; цена отошла только на 0.87 ATR,True,IMX-USDT-SWAP,Ошибка: первичный стоп не подтверждён на бирже,0.0,0.1627,True,long,2026-03-21 21:48:27
cooldown после ATR-стопа ещё активен 1740s; цена отошла только на 0.58 ATR,True,NEAR-USDT-SWAP,ATR стоп 2.0N,0.0,1.3242,True,long,2026-03-21 21:48:28
cooldown после ATR-стопа ещё активен 354s; цена отошла только на 0.87 ATR,True,IMX-USDT-SWAP,Ошибка: первичный стоп не подтверждён на бирже,0.0,0.1627,True,long,2026-03-21 21:48:58
cooldown после ATR-стопа ещё активен 1708s; цена отошла только на 0.58 ATR,True,NEAR-USDT-SWAP,ATR стоп 2.0N,0.0,1.3242,True,long,2026-03-21 21:49:00
cooldown после ATR-стопа ещё активен 333s; цена отошла только на 0.87 ATR,True,IMX-USDT-SWAP,Ошибка: первичный стоп не подтверждён на бирже,0.0,0.1627,True,long,2026-03-21 21:49:19
cooldown после ATR-стопа ещё активен 1688s; цена отошла только на 0.58 ATR,True,NEAR-USDT-SWAP,ATR стоп 2.0N,0.0,1.3242,True,long,2026-03-21 21:49:20
cooldown после ATR-стопа ещё активен 314s; цена отошла только на 0.87 ATR,True,IMX-USDT-SWAP,Ошибка: первичный стоп не подтверждён на бирже,0.0,0.1627,True,long,2026-03-21 21:49:38
cooldown после ATR-стопа ещё активен 1669s; цена отошла только на 0.58 ATR,True,NEAR-USDT-SWAP,ATR стоп 2.0N,0.0,1.3242,True,long,2026-03-21 21:49:39
cooldown после ATR-стопа ещё активен 771s; цена отошла только на 0.00 ATR,True,COMP-USDT-SWAP,Ошибка: первичный стоп не подтверждён на бирже,0.0,19.29,True,long,2026-03-21 21:50:07
cooldown после ATR-стопа ещё активен 1638s; цена отошла только на 0.13 ATR,True,NEAR-USDT-SWAP,ATR стоп 2.0N,0.0,1.3235,True,long,2026-03-21 21:50:10
cooldown после ATR-стопа ещё активен 746s; цена отошла только на 0.00 ATR,True,COMP-USDT-SWAP,Ошибка: первичный стоп не подтверждён на бирже,0.0,19.29,True,long,2026-03-21 21:50:32
cooldown после ATR-стопа ещё активен 1613s; цена отошла только на 0.13 ATR,True,NEAR-USDT-SWAP,ATR стоп 2.0N,0.0,1.3235,True,long,2026-03-21 21:50:36
cooldown после ATR-стопа ещё активен 728s; цена отошла только на 0.00 ATR,True,COMP-USDT-SWAP,Ошибка: первичный стоп не подтверждён на бирже,0.0,19.29,True,long,2026-03-21 21:50:50
cooldown после ATR-стопа ещё активен 1595s; цена отошла только на 0.13 ATR,True,NEAR-USDT-SWAP,ATR стоп 2.0N,0.0,1.3235,True,long,2026-03-21 21:50:54
cooldown после ATR-стопа ещё активен 701s; цена отошла только на 0.00 ATR,True,COMP-USDT-SWAP,Ошибка: первичный стоп не подтверждён на бирже,0.0,19.29,True,long,2026-03-21 21:51:16
cooldown после ATR-стопа ещё активен 1568s; цена отошла только на 0.13 ATR,True,NEAR-USDT-SWAP,ATR стоп 2.0N,0.0,1.3235,True,long,2026-03-21 21:51:20
cooldown после ATR-стопа ещё активен 683s; цена отошла только на 0.00 ATR,True,COMP-USDT-SWAP,Ошибка: первичный стоп не подтверждён на бирже,0.0,19.29,True,long,2026-03-21 21:51:34
cooldown после ATR-стопа ещё активен 1550s; цена отошла только на 0.13 ATR,True,NEAR-USDT-SWAP,ATR стоп 2.0N,0.0,1.3235,True,long,2026-03-21 21:51:38
cooldown после ATR-стопа ещё активен 664s; цена отошла только на 0.00 ATR,True,COMP-USDT-SWAP,Ошибка: первичный стоп не подтверждён на бирже,0.0,19.29,True,long,2026-03-21 21:51:53
cooldown после ATR-стопа ещё активен 1530s; цена отошла только на 0.13 ATR,True,NEAR-USDT-SWAP,ATR стоп 2.0N,0.0,1.3235,True,long,2026-03-21 21:51:58
cooldown после ATR-стопа ещё активен 639s; цена отошла только на 0.00 ATR,True,COMP-USDT-SWAP,Ошибка: первичный стоп не подтверждён на бирже,0.0,19.29,True,long,2026-03-21 21:52:19
cooldown после ATR-стопа ещё активен 1506s; цена отошла только на 0.13 ATR,True,NEAR-USDT-SWAP,ATR стоп 2.0N,0.0,1.3235,True,long,2026-03-21 21:52:23
cooldown после ATR-стопа ещё активен 622s; цена отошла только на 0.00 ATR,True,COMP-USDT-SWAP,Ошибка: первичный стоп не подтверждён на бирже,0.0,19.29,True,long,2026-03-21 21:52:36
cooldown после ATR-стопа ещё активен 1488s; цена отошла только на 0.13 ATR,True,NEAR-USDT-SWAP,ATR стоп 2.0N,0.0,1.3235,True,long,2026-03-21 21:52:40
cooldown после ATR-стопа ещё активен 604s; цена отошла только на 0.00 ATR,True,COMP-USDT-SWAP,Ошибка: первичный стоп не подтверждён на бирже,0.0,19.29,True,long,2026-03-21 21:52:54
cooldown после ATR-стопа ещё активен 1471s; цена отошла только на 0.13 ATR,True,NEAR-USDT-SWAP,ATR стоп 2.0N,0.0,1.3235,True,long,2026-03-21 21:52:58
cooldown после ATR-стопа ещё активен 578s; цена отошла только на 0.00 ATR,True,COMP-USDT-SWAP,Ошибка: первичный стоп не подтверждён на бирже,0.0,19.29,True,long,2026-03-21 21:53:19
cooldown после ATR-стопа ещё активен 1445s; цена отошла только на 0.13 ATR,True,NEAR-USDT-SWAP,ATR стоп 2.0N,0.0,1.3235,True,long,2026-03-21 21:53:24
cooldown после ATR-стопа ещё активен 560s; цена отошла только на 0.00 ATR,True,COMP-USDT-SWAP,Ошибка: первичный стоп не подтверждён на бирже,0.0,19.29,True,long,2026-03-21 21:53:37
cooldown после ATR-стопа ещё активен 1427s; цена отошла только на 0.13 ATR,True,NEAR-USDT-SWAP,ATR стоп 2.0N,0.0,1.3235,True,long,2026-03-21 21:53:41
cooldown после ATR-стопа ещё активен 542s; цена отошла только на 0.00 ATR,True,COMP-USDT-SWAP,Ошибка: первичный стоп не подтверждён на бирже,0.0,19.29,True,long,2026-03-21 21:53:55
cooldown после ATR-стопа ещё активен 1409s; цена отошла только на 0.13 ATR,True,NEAR-USDT-SWAP,ATR стоп 2.0N,0.0,1.3235,True,long,2026-03-21 21:53:59
cooldown после ATR-стопа ещё активен 514s; цена отошла только на 0.00 ATR,True,COMP-USDT-SWAP,Ошибка: первичный стоп не подтверждён на бирже,0.0,19.29,True,long,2026-03-21 21:54:24
cooldown после ATR-стопа ещё активен 1380s; цена отошла только на 0.13 ATR,True,NEAR-USDT-SWAP,ATR стоп 2.0N,0.0,1.3235,True,long,2026-03-21 21:54:28
cooldown после ATR-стопа ещё активен 495s; цена отошла только на 0.00 ATR,True,COMP-USDT-SWAP,Ошибка: первичный стоп не подтверждён на бирже,0.0,19.29,True,long,2026-03-21 21:54:42
cooldown после ATR-стопа ещё активен 1362s; цена отошла только на 0.13 ATR,True,NEAR-USDT-SWAP,ATR стоп 2.0N,0.0,1.3235,True,long,2026-03-21 21:54:47
cooldown после ATR-стопа ещё активен 1599s; цена отошла только на 0.83 ATR,True,MINA-USDT-SWAP,ATR стоп 2.0N,0.0,0.05898,True,long,2026-03-21 21:55:05
cooldown после ATR-стопа ещё активен 1343s; цена отошла только на 0.83 ATR,True,NEAR-USDT-SWAP,ATR стоп 2.0N,0.0,1.322,True,long,2026-03-21 21:55:05
cooldown после ATR-стопа ещё активен 1505s; цена отошла только на 0.83 ATR,True,MINA-USDT-SWAP,ATR стоп 2.0N,0.0,0.05898,True,long,2026-03-21 21:56:39
cooldown после ATR-стопа ещё активен 1249s; цена отошла только на 0.83 ATR,True,NEAR-USDT-SWAP,ATR стоп 2.0N,0.0,1.322,True,long,2026-03-21 21:56:39
cooldown после ATR-стопа ещё активен 1429s; цена отошла только на 0.83 ATR,True,MINA-USDT-SWAP,ATR стоп 2.0N,0.0,0.05898,True,long,2026-03-21 21:57:55
cooldown после ATR-стопа ещё активен 1173s; цена отошла только на 0.83 ATR,True,NEAR-USDT-SWAP,ATR стоп 2.0N,0.0,1.322,True,long,2026-03-21 21:57:55
cooldown после ATR-стопа ещё активен 1781s; цена отошла только на 0.00 ATR,True,PEPE-USDT-SWAP,Ошибка: первичный стоп не подтверждён на бирже,0.0,3.405e-06,True,short,2026-03-21 21:57:55
cooldown после ATR-стопа ещё активен 1405s; цена отошла только на 0.83 ATR,True,MINA-USDT-SWAP,ATR стоп 2.0N,0.0,0.05898,True,long,2026-03-21 21:58:19
cooldown после ATR-стопа ещё активен 1149s; цена отошла только на 0.83 ATR,True,NEAR-USDT-SWAP,ATR стоп 2.0N,0.0,1.322,True,long,2026-03-21 21:58:19
cooldown после ATR-стопа ещё активен 1756s; цена отошла только на 0.00 ATR,True,PEPE-USDT-SWAP,Ошибка: первичный стоп не подтверждён на бирже,0.0,3.405e-06,True,short,2026-03-21 21:58:20
cooldown после ATR-стопа ещё активен 1385s; цена отошла только на 0.83 ATR,True,MINA-USDT-SWAP,ATR стоп 2.0N,0.0,0.05898,True,long,2026-03-21 21:58:39
cooldown после ATR-стопа ещё активен 1129s; цена отошла только на 0.83 ATR,True,NEAR-USDT-SWAP,ATR стоп 2.0N,0.0,1.322,True,long,2026-03-21 21:58:39
cooldown после ATR-стопа ещё активен 1736s; цена отошла только на 0.00 ATR,True,PEPE-USDT-SWAP,Ошибка: первичный стоп не подтверждён на бирже,0.0,3.405e-06,True,short,2026-03-21 21:58:40
cooldown после ATR-стопа ещё активен 1363s; цена отошла только на 0.83 ATR,True,MINA-USDT-SWAP,ATR стоп 2.0N,0.0,0.05898,True,long,2026-03-21 21:59:01
cooldown после ATR-стопа ещё активен 1107s; цена отошла только на 0.83 ATR,True,NEAR-USDT-SWAP,ATR стоп 2.0N,0.0,1.322,True,long,2026-03-21 21:59:01
cooldown после ATR-стопа ещё активен 1714s; цена отошла только на 0.00 ATR,True,PEPE-USDT-SWAP,Ошибка: первичный стоп не подтверждён на бирже,0.0,3.405e-06,True,short,2026-03-21 21:59:02
cooldown после ATR-стопа ещё активен 1341s; цена отошла только на 0.83 ATR,True,MINA-USDT-SWAP,ATR стоп 2.0N,0.0,0.05898,True,long,2026-03-21 21:59:23
cooldown после ATR-стопа ещё активен 1085s; цена отошла только на 0.83 ATR,True,NEAR-USDT-SWAP,ATR стоп 2.0N,0.0,1.322,True,long,2026-03-21 21:59:23
cooldown после ATR-стопа ещё активен 1692s; цена отошла только на 0.00 ATR,True,PEPE-USDT-SWAP,Ошибка: первичный стоп не подтверждён на бирже,0.0,3.405e-06,True,short,2026-03-21 21:59:24
cooldown после ATR-стопа ещё активен 1320s; цена отошла только на 0.83 ATR,True,MINA-USDT-SWAP,ATR стоп 2.0N,0.0,0.05898,True,long,2026-03-21 21:59:43
cooldown после ATR-стопа ещё активен 1065s; цена отошла только на 0.83 ATR,True,NEAR-USDT-SWAP,ATR стоп 2.0N,0.0,1.322,True,long,2026-03-21 21:59:43
cooldown после ATR-стопа ещё активен 1672s; цена отошла только на 0.00 ATR,True,PEPE-USDT-SWAP,Ошибка: первичный стоп не подтверждён на бирже,0.0,3.405e-06,True,short,2026-03-21 21:59:44
cooldown после ATR-стопа ещё активен 1299s; цена отошла только на 0.83 ATR,True,MINA-USDT-SWAP,ATR стоп 2.0N,0.0,0.05898,True,long,2026-03-21 22:00:04
cooldown после ATR-стопа ещё активен 1044s; цена отошла только на 0.06 ATR,True,NEAR-USDT-SWAP,ATR стоп 2.0N,0.0,1.3232,True,long,2026-03-21 22:00:04
cooldown после ATR-стопа ещё активен 1651s; цена отошла только на 1.04 ATR,True,PEPE-USDT-SWAP,Ошибка: первичный стоп не подтверждён на бирже,0.0,3.409e-06,True,short,2026-03-21 22:00:05
cooldown после ATR-стопа ещё активен 1276s; цена отошла только на 0.83 ATR,True,MINA-USDT-SWAP,ATR стоп 2.0N,0.0,0.05898,True,long,2026-03-21 22:00:27
cooldown после ATR-стопа ещё активен 1020s; цена отошла только на 0.06 ATR,True,NEAR-USDT-SWAP,ATR стоп 2.0N,0.0,1.3232,True,long,2026-03-21 22:00:28
cooldown после ATR-стопа ещё активен 1628s; цена отошла только на 1.04 ATR,True,PEPE-USDT-SWAP,Ошибка: первичный стоп не подтверждён на бирже,0.0,3.409e-06,True,short,2026-03-21 22:00:28
cooldown после ATR-стопа ещё активен 1258s; цена отошла только на 0.83 ATR,True,MINA-USDT-SWAP,ATR стоп 2.0N,0.0,0.05898,True,long,2026-03-21 22:00:46
cooldown после ATR-стопа ещё активен 1002s; цена отошла только на 0.06 ATR,True,NEAR-USDT-SWAP,ATR стоп 2.0N,0.0,1.3232,True,long,2026-03-21 22:00:46
cooldown после ATR-стопа ещё активен 1609s; цена отошла только на 1.04 ATR,True,PEPE-USDT-SWAP,Ошибка: первичный стоп не подтверждён на бирже,0.0,3.409e-06,True,short,2026-03-21 22:00:47
cooldown после ATR-стопа ещё активен 1238s; цена отошла только на 0.83 ATR,True,MINA-USDT-SWAP,ATR стоп 2.0N,0.0,0.05898,True,long,2026-03-21 22:01:05
cooldown после ATR-стопа ещё активен 983s; цена отошла только на 0.06 ATR,True,NEAR-USDT-SWAP,ATR стоп 2.0N,0.0,1.3232,True,long,2026-03-21 22:01:06
cooldown после ATR-стопа ещё активен 1590s; цена отошла только на 1.04 ATR,True,PEPE-USDT-SWAP,Ошибка: первичный стоп не подтверждён на бирже,0.0,3.409e-06,True,short,2026-03-21 22:01:06
cooldown после ATR-стопа ещё активен 1215s; цена отошла только на 0.83 ATR,True,MINA-USDT-SWAP,ATR стоп 2.0N,0.0,0.05898,True,long,2026-03-21 22:01:28
cooldown после ATR-стопа ещё активен 959s; цена отошла только на 0.06 ATR,True,NEAR-USDT-SWAP,ATR стоп 2.0N,0.0,1.3232,True,long,2026-03-21 22:01:29
cooldown после ATR-стопа ещё активен 1567s; цена отошла только на 1.04 ATR,True,PEPE-USDT-SWAP,Ошибка: первичный стоп не подтверждён на бирже,0.0,3.409e-06,True,short,2026-03-21 22:01:29
cooldown после ATR-стопа ещё активен 1197s; цена отошла только на 0.83 ATR,True,MINA-USDT-SWAP,ATR стоп 2.0N,0.0,0.05898,True,long,2026-03-21 22:01:47
cooldown после ATR-стопа ещё активен 941s; цена отошла только на 0.06 ATR,True,NEAR-USDT-SWAP,ATR стоп 2.0N,0.0,1.3232,True,long,2026-03-21 22:01:47
cooldown после ATR-стопа ещё активен 1549s; цена отошла только на 1.04 ATR,True,PEPE-USDT-SWAP,Ошибка: первичный стоп не подтверждён на бирже,0.0,3.409e-06,True,short,2026-03-21 22:01:47
cooldown после ATR-стопа ещё активен 1181s; цена отошла только на 0.83 ATR,True,MINA-USDT-SWAP,ATR стоп 2.0N,0.0,0.05898,True,long,2026-03-21 22:02:03
cooldown после ATR-стопа ещё активен 925s; цена отошла только на 0.06 ATR,True,NEAR-USDT-SWAP,ATR стоп 2.0N,0.0,1.3232,True,long,2026-03-21 22:02:03
cooldown после ATR-стопа ещё активен 1533s; цена отошла только на 1.04 ATR,True,PEPE-USDT-SWAP,Ошибка: первичный стоп не подтверждён на бирже,0.0,3.409e-06,True,short,2026-03-21 22:02:03
cooldown после ATR-стопа ещё активен 1160s; цена отошла только на 0.83 ATR,True,MINA-USDT-SWAP,ATR стоп 2.0N,0.0,0.05898,True,long,2026-03-21 22:02:23
cooldown после ATR-стопа ещё активен 905s; цена отошла только на 0.06 ATR,True,NEAR-USDT-SWAP,ATR стоп 2.0N,0.0,1.3232,True,long,2026-03-21 22:02:23
cooldown после ATR-стопа ещё активен 1512s; цена отошла только на 1.04 ATR,True,PEPE-USDT-SWAP,Ошибка: первичный стоп не подтверждён на бирже,0.0,3.409e-06,True,short,2026-03-21 22:02:24
cooldown после ATR-стопа ещё активен 1136s; цена отошла только на 0.83 ATR,True,MINA-USDT-SWAP,ATR стоп 2.0N,0.0,0.05898,True,long,2026-03-21 22:02:47
cooldown после ATR-стопа ещё активен 881s; цена отошла только на 0.06 ATR,True,NEAR-USDT-SWAP,ATR стоп 2.0N,0.0,1.3232,True,long,2026-03-21 22:02:47
cooldown после ATR-стопа ещё активен 1488s; цена отошла только на 1.04 ATR,True,PEPE-USDT-SWAP,Ошибка: первичный стоп не подтверждён на бирже,0.0,3.409e-06,True,short,2026-03-21 22:02:48
cooldown после ATR-стопа ещё активен 1118s; цена отошла только на 0.83 ATR,True,MINA-USDT-SWAP,ATR стоп 2.0N,0.0,0.05898,True,long,2026-03-21 22:03:05
cooldown после ATR-стопа ещё активен 863s; цена отошла только на 0.06 ATR,True,NEAR-USDT-SWAP,ATR стоп 2.0N,0.0,1.3232,True,long,2026-03-21 22:03:06
cooldown после ATR-стопа ещё активен 1470s; цена отошла только на 1.04 ATR,True,PEPE-USDT-SWAP,Ошибка: первичный стоп не подтверждён на бирже,0.0,3.409e-06,True,short,2026-03-21 22:03:06
cooldown после ATR-стопа ещё активен 1098s; цена отошла только на 0.83 ATR,True,MINA-USDT-SWAP,ATR стоп 2.0N,0.0,0.05898,True,long,2026-03-21 22:03:26
cooldown после ATR-стопа ещё активен 842s; цена отошла только на 0.06 ATR,True,NEAR-USDT-SWAP,ATR стоп 2.0N,0.0,1.3232,True,long,2026-03-21 22:03:26
cooldown после ATR-стопа ещё активен 1449s; цена отошла только на 1.04 ATR,True,PEPE-USDT-SWAP,Ошибка: первичный стоп не подтверждён на бирже,0.0,3.409e-06,True,short,2026-03-21 22:03:27
cooldown после ATR-стопа ещё активен 1075s; цена отошла только на 0.83 ATR,True,MINA-USDT-SWAP,ATR стоп 2.0N,0.0,0.05898,True,long,2026-03-21 22:03:49
cooldown после ATR-стопа ещё активен 819s; цена отошла только на 0.06 ATR,True,NEAR-USDT-SWAP,ATR стоп 2.0N,0.0,1.3232,True,long,2026-03-21 22:03:49
cooldown после ATR-стопа ещё активен 1427s; цена отошла только на 1.04 ATR,True,PEPE-USDT-SWAP,Ошибка: первичный стоп не подтверждён на бирже,0.0,3.409e-06,True,short,2026-03-21 22:03:49
cooldown после ATR-стопа ещё активен 1056s; цена отошла только на 0.83 ATR,True,MINA-USDT-SWAP,ATR стоп 2.0N,0.0,0.05898,True,long,2026-03-21 22:04:07
cooldown после ATR-стопа ещё активен 800s; цена отошла только на 0.06 ATR,True,NEAR-USDT-SWAP,ATR стоп 2.0N,0.0,1.3232,True,long,2026-03-21 22:04:08
cooldown после ATR-стопа ещё активен 1408s; цена отошла только на 1.04 ATR,True,PEPE-USDT-SWAP,Ошибка: первичный стоп не подтверждён на бирже,0.0,3.409e-06,True,short,2026-03-21 22:04:08
cooldown после ATR-стопа ещё активен 1034s; цена отошла только на 0.83 ATR,True,MINA-USDT-SWAP,ATR стоп 2.0N,0.0,0.05898,True,long,2026-03-21 22:04:30
cooldown после ATR-стопа ещё активен 778s; цена отошла только на 0.06 ATR,True,NEAR-USDT-SWAP,ATR стоп 2.0N,0.0,1.3232,True,long,2026-03-21 22:04:30
cooldown после ATR-стопа ещё активен 1386s; цена отошла только на 1.04 ATR,True,PEPE-USDT-SWAP,Ошибка: первичный стоп не подтверждён на бирже,0.0,3.409e-06,True,short,2026-03-21 22:04:30
cooldown после ATR-стопа ещё активен 1012s; цена отошла только на 0.83 ATR,True,MINA-USDT-SWAP,ATR стоп 2.0N,0.0,0.05898,True,long,2026-03-21 22:04:52
cooldown после ATR-стопа ещё активен 756s; цена отошла только на 0.06 ATR,True,NEAR-USDT-SWAP,ATR стоп 2.0N,0.0,1.3232,True,long,2026-03-21 22:04:52
cooldown после ATR-стопа ещё активен 1363s; цена отошла только на 1.04 ATR,True,PEPE-USDT-SWAP,Ошибка: первичный стоп не подтверждён на бирже,0.0,3.409e-06,True,short,2026-03-21 22:04:53
cooldown после ATR-стопа ещё активен 991s; цена отошла только на 0.83 ATR,True,MINA-USDT-SWAP,ATR стоп 2.0N,0.0,0.05898,True,long,2026-03-21 22:05:13
cooldown после ATR-стопа ещё активен 735s; цена отошла только на 0.19 ATR,True,NEAR-USDT-SWAP,ATR стоп 2.0N,0.0,1.323,True,long,2026-03-21 22:05:13
cooldown после ATR-стопа ещё активен 1343s; цена отошла только на 0.26 ATR,True,PEPE-USDT-SWAP,Ошибка: первичный стоп не подтверждён на бирже,0.0,3.406e-06,True,short,2026-03-21 22:05:13
cooldown после ATR-стопа ещё активен 955s; цена отошла только на 0.83 ATR,True,MINA-USDT-SWAP,ATR стоп 2.0N,0.0,0.05898,True,long,2026-03-21 22:05:48
cooldown после ATR-стопа ещё активен 700s; цена отошла только на 0.19 ATR,True,NEAR-USDT-SWAP,ATR стоп 2.0N,0.0,1.323,True,long,2026-03-21 22:05:48
cooldown после ATR-стопа ещё активен 1307s; цена отошла только на 0.26 ATR,True,PEPE-USDT-SWAP,Ошибка: первичный стоп не подтверждён на бирже,0.0,3.406e-06,True,short,2026-03-21 22:05:49
cooldown после ATR-стопа ещё активен 930s; цена отошла только на 0.83 ATR,True,MINA-USDT-SWAP,ATR стоп 2.0N,0.0,0.05898,True,long,2026-03-21 22:06:13
cooldown после ATR-стопа ещё активен 675s; цена отошла только на 0.19 ATR,True,NEAR-USDT-SWAP,ATR стоп 2.0N,0.0,1.323,True,long,2026-03-21 22:06:13
cooldown после ATR-стопа ещё активен 1282s; цена отошла только на 0.26 ATR,True,PEPE-USDT-SWAP,Ошибка: первичный стоп не подтверждён на бирже,0.0,3.406e-06,True,short,2026-03-21 22:06:14
cooldown после ATR-стопа ещё активен 911s; цена отошла только на 0.83 ATR,True,MINA-USDT-SWAP,ATR стоп 2.0N,0.0,0.05898,True,long,2026-03-21 22:06:32
cooldown после ATR-стопа ещё активен 655s; цена отошла только на 0.19 ATR,True,NEAR-USDT-SWAP,ATR стоп 2.0N,0.0,1.323,True,long,2026-03-21 22:06:33
cooldown после ATR-стопа ещё активен 1263s; цена отошла только на 0.26 ATR,True,PEPE-USDT-SWAP,Ошибка: первичный стоп не подтверждён на бирже,0.0,3.406e-06,True,short,2026-03-21 22:06:33
cooldown после ATR-стопа ещё активен 889s; цена отошла только на 0.83 ATR,True,MINA-USDT-SWAP,ATR стоп 2.0N,0.0,0.05898,True,long,2026-03-21 22:06:55
cooldown после ATR-стопа ещё активен 633s; цена отошла только на 0.19 ATR,True,NEAR-USDT-SWAP,ATR стоп 2.0N,0.0,1.323,True,long,2026-03-21 22:06:55
cooldown после ATR-стопа ещё активен 1241s; цена отошла только на 0.26 ATR,True,PEPE-USDT-SWAP,Ошибка: первичный стоп не подтверждён на бирже,0.0,3.406e-06,True,short,2026-03-21 22:06:55
cooldown после ATR-стопа ещё активен 865s; цена отошла только на 0.83 ATR,True,MINA-USDT-SWAP,ATR стоп 2.0N,0.0,0.05898,True,long,2026-03-21 22:07:19
cooldown после ATR-стопа ещё активен 609s; цена отошла только на 0.19 ATR,True,NEAR-USDT-SWAP,ATR стоп 2.0N,0.0,1.323,True,long,2026-03-21 22:07:19
cooldown после ATR-стопа ещё активен 1216s; цена отошла только на 0.26 ATR,True,PEPE-USDT-SWAP,Ошибка: первичный стоп не подтверждён на бирже,0.0,3.406e-06,True,short,2026-03-21 22:07:20
cooldown после ATR-стопа ещё активен 845s; цена отошла только на 0.83 ATR,True,MINA-USDT-SWAP,ATR стоп 2.0N,0.0,0.05898,True,long,2026-03-21 22:07:38
cooldown после ATR-стопа ещё активен 589s; цена отошла только на 0.19 ATR,True,NEAR-USDT-SWAP,ATR стоп 2.0N,0.0,1.323,True,long,2026-03-21 22:07:39
cooldown после ATR-стопа ещё активен 1197s; цена отошла только на 0.26 ATR,True,PEPE-USDT-SWAP,Ошибка: первичный стоп не подтверждён на бирже,0.0,3.406e-06,True,short,2026-03-21 22:07:39
cooldown после ATR-стопа ещё активен 824s; цена отошла только на 0.83 ATR,True,MINA-USDT-SWAP,ATR стоп 2.0N,0.0,0.05898,True,long,2026-03-21 22:08:00
cooldown после ATR-стопа ещё активен 568s; цена отошла только на 0.19 ATR,True,NEAR-USDT-SWAP,ATR стоп 2.0N,0.0,1.323,True,long,2026-03-21 22:08:00
cooldown после ATR-стопа ещё активен 1175s; цена отошла только на 0.26 ATR,True,PEPE-USDT-SWAP,Ошибка: первичный стоп не подтверждён на бирже,0.0,3.406e-06,True,short,2026-03-21 22:08:01
cooldown после ATR-стопа ещё активен 801s; цена отошла только на 0.83 ATR,True,MINA-USDT-SWAP,ATR стоп 2.0N,0.0,0.05898,True,long,2026-03-21 22:08:23
cooldown после ATR-стопа ещё активен 545s; цена отошла только на 0.19 ATR,True,NEAR-USDT-SWAP,ATR стоп 2.0N,0.0,1.323,True,long,2026-03-21 22:08:23
cooldown после ATR-стопа ещё активен 1152s; цена отошла только на 0.26 ATR,True,PEPE-USDT-SWAP,Ошибка: первичный стоп не подтверждён на бирже,0.0,3.406e-06,True,short,2026-03-21 22:08:24
cooldown после ATR-стопа ещё активен 782s; цена отошла только на 0.83 ATR,True,MINA-USDT-SWAP,ATR стоп 2.0N,0.0,0.05898,True,long,2026-03-21 22:08:41
cooldown после ATR-стопа ещё активен 526s; цена отошла только на 0.19 ATR,True,NEAR-USDT-SWAP,ATR стоп 2.0N,0.0,1.323,True,long,2026-03-21 22:08:42
cooldown после ATR-стопа ещё активен 1134s; цена отошла только на 0.26 ATR,True,PEPE-USDT-SWAP,Ошибка: первичный стоп не подтверждён на бирже,0.0,3.406e-06,True,short,2026-03-21 22:08:42
cooldown после ATR-стопа ещё активен 763s; цена отошла только на 0.83 ATR,True,MINA-USDT-SWAP,ATR стоп 2.0N,0.0,0.05898,True,long,2026-03-21 22:09:01
cooldown после ATR-стопа ещё активен 507s; цена отошла только на 0.19 ATR,True,NEAR-USDT-SWAP,ATR стоп 2.0N,0.0,1.323,True,long,2026-03-21 22:09:01
cooldown после ATR-стопа ещё активен 1114s; цена отошла только на 0.26 ATR,True,PEPE-USDT-SWAP,Ошибка: первичный стоп не подтверждён на бирже,0.0,3.406e-06,True,short,2026-03-21 22:09:02
cooldown после ATR-стопа ещё активен 739s; цена отошла только на 0.83 ATR,True,MINA-USDT-SWAP,ATR стоп 2.0N,0.0,0.05898,True,long,2026-03-21 22:09:24
cooldown после ATR-стопа ещё активен 483s; цена отошла только на 0.19 ATR,True,NEAR-USDT-SWAP,ATR стоп 2.0N,0.0,1.323,True,long,2026-03-21 22:09:25
cooldown после ATR-стопа ещё активен 1091s; цена отошла только на 0.26 ATR,True,PEPE-USDT-SWAP,Ошибка: первичный стоп не подтверждён на бирже,0.0,3.406e-06,True,short,2026-03-21 22:09:25
cooldown после ATR-стопа ещё активен 721s; цена отошла только на 0.83 ATR,True,MINA-USDT-SWAP,ATR стоп 2.0N,0.0,0.05898,True,long,2026-03-21 22:09:42
cooldown после ATR-стопа ещё активен 465s; цена отошла только на 0.19 ATR,True,NEAR-USDT-SWAP,ATR стоп 2.0N,0.0,1.323,True,long,2026-03-21 22:09:43
cooldown после ATR-стопа ещё активен 1073s; цена отошла только на 0.26 ATR,True,PEPE-USDT-SWAP,Ошибка: первичный стоп не подтверждён на бирже,0.0,3.406e-06,True,short,2026-03-21 22:09:43
cooldown после ATR-стопа ещё активен 701s; цена отошла только на 0.83 ATR,True,MINA-USDT-SWAP,ATR стоп 2.0N,0.0,0.05898,True,long,2026-03-21 22:10:02
cooldown после ATR-стопа ещё активен 446s; цена отошла только на 0.19 ATR,True,NEAR-USDT-SWAP,ATR стоп 2.0N,0.0,1.323,True,long,2026-03-21 22:10:03
cooldown после ATR-стопа ещё активен 1053s; цена отошла только на 0.26 ATR,True,PEPE-USDT-SWAP,Ошибка: первичный стоп не подтверждён на бирже,0.0,3.406e-06,True,short,2026-03-21 22:10:03
cooldown после ATR-стопа ещё активен 671s; цена отошла только на 0.83 ATR,True,MINA-USDT-SWAP,ATR стоп 2.0N,0.0,0.05898,True,long,2026-03-21 22:10:32
cooldown после ATR-стопа ещё активен 1023s; цена отошла только на 0.26 ATR,True,PEPE-USDT-SWAP,Ошибка: первичный стоп не подтверждён на бирже,0.0,3.406e-06,True,short,2026-03-21 22:10:33
cooldown после ATR-стопа ещё активен 646s; цена отошла только на 0.83 ATR,True,MINA-USDT-SWAP,ATR стоп 2.0N,0.0,0.05898,True,long,2026-03-21 22:10:58
cooldown после ATR-стопа ещё активен 997s; цена отошла только на 0.26 ATR,True,PEPE-USDT-SWAP,Ошибка: первичный стоп не подтверждён на бирже,0.0,3.406e-06,True,short,2026-03-21 22:10:59
cooldown после ATR-стопа ещё активен 625s; цена отошла только на 0.83 ATR,True,MINA-USDT-SWAP,ATR стоп 2.0N,0.0,0.05898,True,long,2026-03-21 22:11:18
cooldown после ATR-стопа ещё активен 977s; цена отошла только на 0.26 ATR,True,PEPE-USDT-SWAP,Ошибка: первичный стоп не подтверждён на бирже,0.0,3.406e-06,True,short,2026-03-21 22:11:19
cooldown после ATR-стопа ещё активен 602s; цена отошла только на 0.83 ATR,True,MINA-USDT-SWAP,ATR стоп 2.0N,0.0,0.05898,True,long,2026-03-21 22:11:42
cooldown после ATR-стопа ещё активен 953s; цена отошла только на 0.26 ATR,True,PEPE-USDT-SWAP,Ошибка: первичный стоп не подтверждён на бирже,0.0,3.406e-06,True,short,2026-03-21 22:11:43
cooldown после ATR-стопа ещё активен 584s; цена отошла только на 0.83 ATR,True,MINA-USDT-SWAP,ATR стоп 2.0N,0.0,0.05898,True,long,2026-03-21 22:12:00
cooldown после ATR-стопа ещё активен 935s; цена отошла только на 0.26 ATR,True,PEPE-USDT-SWAP,Ошибка: первичный стоп не подтверждён на бирже,0.0,3.406e-06,True,short,2026-03-21 22:12:01
cooldown после ATR-стопа ещё активен 565s; цена отошла только на 0.83 ATR,True,MINA-USDT-SWAP,ATR стоп 2.0N,0.0,0.05898,True,long,2026-03-21 22:12:19
cooldown после ATR-стопа ещё активен 916s; цена отошла только на 0.26 ATR,True,PEPE-USDT-SWAP,Ошибка: первичный стоп не подтверждён на бирже,0.0,3.406e-06,True,short,2026-03-21 22:12:20
cooldown после ATR-стопа ещё активен 546s; цена отошла только на 0.83 ATR,True,MINA-USDT-SWAP,ATR стоп 2.0N,0.0,0.05898,True,long,2026-03-21 22:12:37
cooldown после ATR-стопа ещё активен 898s; цена отошла только на 0.26 ATR,True,PEPE-USDT-SWAP,Ошибка: первичный стоп не подтверждён на бирже,0.0,3.406e-06,True,short,2026-03-21 22:12:38
cooldown после ATR-стопа ещё активен 524s; цена отошла только на 0.83 ATR,True,MINA-USDT-SWAP,ATR стоп 2.0N,0.0,0.05898,True,long,2026-03-21 22:13:00
cooldown после ATR-стопа ещё активен 875s; цена отошла только на 0.26 ATR,True,PEPE-USDT-SWAP,Ошибка: первичный стоп не подтверждён на бирже,0.0,3.406e-06,True,short,2026-03-21 22:13:01
cooldown после ATR-стопа ещё активен 508s; цена отошла только на 0.83 ATR,True,MINA-USDT-SWAP,ATR стоп 2.0N,0.0,0.05898,True,long,2026-03-21 22:13:15
cooldown после ATR-стопа ещё активен 860s; цена отошла только на 0.26 ATR,True,PEPE-USDT-SWAP,Ошибка: первичный стоп не подтверждён на бирже,0.0,3.406e-06,True,short,2026-03-21 22:13:16
cooldown после ATR-стопа ещё активен 488s; цена отошла только на 0.83 ATR,True,MINA-USDT-SWAP,ATR стоп 2.0N,0.0,0.05898,True,long,2026-03-21 22:13:35
cooldown после ATR-стопа ещё активен 840s; цена отошла только на 0.26 ATR,True,PEPE-USDT-SWAP,Ошибка: первичный стоп не подтверждён на бирже,0.0,3.406e-06,True,short,2026-03-21 22:13:36
cooldown после ATR-стопа ещё активен 470s; цена отошла только на 0.83 ATR,True,MINA-USDT-SWAP,ATR стоп 2.0N,0.0,0.05898,True,long,2026-03-21 22:13:53
cooldown после ATR-стопа ещё активен 822s; цена отошла только на 0.26 ATR,True,PEPE-USDT-SWAP,Ошибка: первичный стоп не подтверждён на бирже,0.0,3.406e-06,True,short,2026-03-21 22:13:54
cooldown после ATR-стопа ещё активен 450s; цена отошла только на 0.83 ATR,True,MINA-USDT-SWAP,ATR стоп 2.0N,0.0,0.05898,True,long,2026-03-21 22:14:14
cooldown после ATR-стопа ещё активен 802s; цена отошла только на 0.26 ATR,True,PEPE-USDT-SWAP,Ошибка: первичный стоп не подтверждён на бирже,0.0,3.406e-06,True,short,2026-03-21 22:14:14
cooldown после ATR-стопа ещё активен 432s; цена отошла только на 0.83 ATR,True,MINA-USDT-SWAP,ATR стоп 2.0N,0.0,0.05898,True,long,2026-03-21 22:14:31
cooldown после ATR-стопа ещё активен 784s; цена отошла только на 0.26 ATR,True,PEPE-USDT-SWAP,Ошибка: первичный стоп не подтверждён на бирже,0.0,3.406e-06,True,short,2026-03-21 22:14:32
cooldown после ATR-стопа ещё активен 403s; цена отошла только на 0.83 ATR,True,MINA-USDT-SWAP,ATR стоп 2.0N,0.0,0.05898,True,long,2026-03-21 22:15:01
cooldown после ATR-стопа ещё активен 754s; цена отошла только на 0.26 ATR,True,PEPE-USDT-SWAP,Ошибка: первичный стоп не подтверждён на бирже,0.0,3.406e-06,True,short,2026-03-21 22:15:02
cooldown после ATR-стопа ещё активен 367s; цена отошла только на 0.83 ATR,True,MINA-USDT-SWAP,ATR стоп 2.0N,0.0,0.05898,True,long,2026-03-21 22:15:37
cooldown после ATR-стопа ещё активен 718s; цена отошла только на 0.26 ATR,True,PEPE-USDT-SWAP,Ошибка: первичный стоп не подтверждён на бирже,0.0,3.404e-06,True,short,2026-03-21 22:15:38
cooldown после ATR-стопа ещё активен 329s; цена отошла только на 0.83 ATR,True,MINA-USDT-SWAP,ATR стоп 2.0N,0.0,0.05898,True,long,2026-03-21 22:16:14
cooldown после ATR-стопа ещё активен 681s; цена отошла только на 0.26 ATR,True,PEPE-USDT-SWAP,Ошибка: первичный стоп не подтверждён на бирже,0.0,3.404e-06,True,short,2026-03-21 22:16:15
cooldown после ATR-стопа ещё активен 1783s; цена отошла только на 0.95 ATR,True,ALGO-USDT-SWAP,ATR стоп 2.0N,0.0,0.0885,True,short,2026-03-21 22:16:52
cooldown после ATR-стопа ещё активен 285s; цена отошла только на 0.83 ATR,True,MINA-USDT-SWAP,ATR стоп 2.0N,0.0,0.05898,True,long,2026-03-21 22:16:58
cooldown после ATR-стопа ещё активен 637s; цена отошла только на 0.26 ATR,True,PEPE-USDT-SWAP,Ошибка: первичный стоп не подтверждён на бирже,0.0,3.404e-06,True,short,2026-03-21 22:16:59
cooldown после ATR-стопа ещё активен 1753s; цена отошла только на 0.95 ATR,True,ALGO-USDT-SWAP,ATR стоп 2.0N,0.0,0.0885,True,short,2026-03-21 22:17:23
cooldown после ATR-стопа ещё активен 255s; цена отошла только на 0.83 ATR,True,MINA-USDT-SWAP,ATR стоп 2.0N,0.0,0.05898,True,long,2026-03-21 22:17:29
cooldown после ATR-стопа ещё активен 606s; цена отошла только на 0.26 ATR,True,PEPE-USDT-SWAP,Ошибка: первичный стоп не подтверждён на бирже,0.0,3.404e-06,True,short,2026-03-21 22:17:30
cooldown после ATR-стопа ещё активен 1719s; цена отошла только на 0.95 ATR,True,ALGO-USDT-SWAP,ATR стоп 2.0N,0.0,0.0885,True,short,2026-03-21 22:17:57
cooldown после ATR-стопа ещё активен 221s; цена отошла только на 0.83 ATR,True,MINA-USDT-SWAP,ATR стоп 2.0N,0.0,0.05898,True,long,2026-03-21 22:18:02
cooldown после ATR-стопа ещё активен 573s; цена отошла только на 0.26 ATR,True,PEPE-USDT-SWAP,Ошибка: первичный стоп не подтверждён на бирже,0.0,3.404e-06,True,short,2026-03-21 22:18:03
cooldown после ATR-стопа ещё активен 1689s; цена отошла только на 0.95 ATR,True,ALGO-USDT-SWAP,ATR стоп 2.0N,0.0,0.0885,True,short,2026-03-21 22:18:26
cooldown после ATR-стопа ещё активен 191s; цена отошла только на 0.83 ATR,True,MINA-USDT-SWAP,ATR стоп 2.0N,0.0,0.05898,True,long,2026-03-21 22:18:33
cooldown после ATR-стопа ещё активен 542s; цена отошла только на 0.26 ATR,True,PEPE-USDT-SWAP,Ошибка: первичный стоп не подтверждён на бирже,0.0,3.404e-06,True,short,2026-03-21 22:18:34
cooldown после ATR-стопа ещё активен 1656s; цена отошла только на 0.95 ATR,True,ALGO-USDT-SWAP,ATR стоп 2.0N,0.0,0.0885,True,short,2026-03-21 22:19:00
cooldown после ATR-стопа ещё активен 158s; цена отошла только на 0.83 ATR,True,MINA-USDT-SWAP,ATR стоп 2.0N,0.0,0.05898,True,long,2026-03-21 22:19:06
cooldown после ATR-стопа ещё активен 509s; цена отошла только на 0.26 ATR,True,PEPE-USDT-SWAP,Ошибка: первичный стоп не подтверждён на бирже,0.0,3.404e-06,True,short,2026-03-21 22:19:07
cooldown после ATR-стопа ещё активен 1625s; цена отошла только на 0.95 ATR,True,ALGO-USDT-SWAP,ATR стоп 2.0N,0.0,0.0885,True,short,2026-03-21 22:19:31
cooldown после ATR-стопа ещё активен 127s; цена отошла только на 0.83 ATR,True,MINA-USDT-SWAP,ATR стоп 2.0N,0.0,0.05898,True,long,2026-03-21 22:19:36
cooldown после ATR-стопа ещё активен 479s; цена отошла только на 0.26 ATR,True,PEPE-USDT-SWAP,Ошибка: первичный стоп не подтверждён на бирже,0.0,3.404e-06,True,short,2026-03-21 22:19:37
cooldown после ATR-стопа ещё активен 1592s; цена отошла только на 0.95 ATR,True,ALGO-USDT-SWAP,ATR стоп 2.0N,0.0,0.0887,True,short,2026-03-21 22:20:04
cooldown после ATR-стопа ещё активен 94s; цена отошла только на 0.83 ATR,True,MINA-USDT-SWAP,ATR стоп 2.0N,0.0,0.05898,True,long,2026-03-21 22:20:10
cooldown после ATR-стопа ещё активен 445s; цена отошла только на 0.26 ATR,True,PEPE-USDT-SWAP,Ошибка: первичный стоп не подтверждён на бирже,0.0,3.406e-06,True,short,2026-03-21 22:20:11
cooldown после ATR-стопа ещё активен 1494s; цена отошла только на 0.95 ATR,True,ALGO-USDT-SWAP,ATR стоп 2.0N,0.0,0.0887,True,short,2026-03-21 22:21:42
cooldown после ATR-стопа ещё активен 348s; цена отошла только на 0.26 ATR,True,PEPE-USDT-SWAP,Ошибка: первичный стоп не подтверждён на бирже,0.0,3.406e-06,True,short,2026-03-21 22:21:48
cooldown после ATR-стопа ещё активен 1456s; цена отошла только на 0.95 ATR,True,ALGO-USDT-SWAP,ATR стоп 2.0N,0.0,0.0887,True,short,2026-03-21 22:22:20
cooldown после ATR-стопа ещё активен 310s; цена отошла только на 0.26 ATR,True,PEPE-USDT-SWAP,Ошибка: первичный стоп не подтверждён на бирже,0.0,3.406e-06,True,short,2026-03-21 22:22:26
cooldown после ATR-стопа ещё активен 1428s; цена отошла только на 0.95 ATR,True,ALGO-USDT-SWAP,ATR стоп 2.0N,0.0,0.0887,True,short,2026-03-21 22:22:48
cooldown после ATR-стопа ещё активен 283s; цена отошла только на 0.26 ATR,True,PEPE-USDT-SWAP,Ошибка: первичный стоп не подтверждён на бирже,0.0,3.406e-06,True,short,2026-03-21 22:22:53
cooldown после ATR-стопа ещё активен 1391s; цена отошла только на 0.95 ATR,True,ALGO-USDT-SWAP,ATR стоп 2.0N,0.0,0.0887,True,short,2026-03-21 22:23:24
cooldown после ATR-стопа ещё активен 246s; цена отошла только на 0.26 ATR,True,PEPE-USDT-SWAP,Ошибка: первичный стоп не подтверждён на бирже,0.0,3.406e-06,True,short,2026-03-21 22:23:30
cooldown после ATR-стопа ещё активен 1366s; цена отошла только на 0.95 ATR,True,ALGO-USDT-SWAP,ATR стоп 2.0N,0.0,0.0887,True,short,2026-03-21 22:23:50
cooldown после ATR-стопа ещё активен 220s; цена отошла только на 0.26 ATR,True,PEPE-USDT-SWAP,Ошибка: первичный стоп не подтверждён на бирже,0.0,3.406e-06,True,short,2026-03-21 22:23:56
cooldown после ATR-стопа ещё активен 1325s; цена отошла только на 0.95 ATR,True,ALGO-USDT-SWAP,ATR стоп 2.0N,0.0,0.0887,True,short,2026-03-21 22:24:31
cooldown после ATR-стопа ещё активен 179s; цена отошла только на 0.26 ATR,True,PEPE-USDT-SWAP,Ошибка: первичный стоп не подтверждён на бирже,0.0,3.406e-06,True,short,2026-03-21 22:24:37
cooldown после ATR-стопа ещё активен 1296s; цена отошла только на 0.95 ATR,True,ALGO-USDT-SWAP,ATR стоп 2.0N,0.0,0.0887,True,short,2026-03-21 22:25:00
cooldown после ATR-стопа ещё активен 150s; цена отошла только на 0.52 ATR,True,PEPE-USDT-SWAP,Ошибка: первичный стоп не подтверждён на бирже,0.0,3.403e-06,True,short,2026-03-21 22:25:06
cooldown после ATR-стопа ещё активен 1250s; цена отошла только на 0.00 ATR,True,ALGO-USDT-SWAP,ATR стоп 2.0N,0.0,0.0886,True,short,2026-03-21 22:25:46
cooldown после ATR-стопа ещё активен 104s; цена отошла только на 0.52 ATR,True,PEPE-USDT-SWAP,Ошибка: первичный стоп не подтверждён на бирже,0.0,3.403e-06,True,short,2026-03-21 22:25:52
cooldown после ATR-стопа ещё активен 1216s; цена отошла только на 0.00 ATR,True,ALGO-USDT-SWAP,ATR стоп 2.0N,0.0,0.0886,True,short,2026-03-21 22:26:20
cooldown после ATR-стопа ещё активен 70s; цена отошла только на 0.52 ATR,True,PEPE-USDT-SWAP,Ошибка: первичный стоп не подтверждён на бирже,0.0,3.403e-06,True,short,2026-03-21 22:26:26
cooldown после ATR-стопа ещё активен 1175s; цена отошла только на 0.00 ATR,True,ALGO-USDT-SWAP,ATR стоп 2.0N,0.0,0.0886,True,short,2026-03-21 22:27:01
cooldown после ATR-стопа ещё активен 29s; цена отошла только на 0.52 ATR,True,PEPE-USDT-SWAP,Ошибка: первичный стоп не подтверждён на бирже,0.0,3.403e-06,True,short,2026-03-21 22:27:07
cooldown после ATR-стопа ещё активен 1144s; цена отошла только на 0.00 ATR,True,ALGO-USDT-SWAP,ATR стоп 2.0N,0.0,0.0886,True,short,2026-03-21 22:27:31
cooldown после ATR-стопа ещё активен 1105s; цена отошла только на 0.00 ATR,True,ALGO-USDT-SWAP,ATR стоп 2.0N,0.0,0.0886,True,short,2026-03-21 22:28:10
cooldown после ATR-стопа ещё активен 1075s; цена отошла только на 0.00 ATR,True,ALGO-USDT-SWAP,ATR стоп 2.0N,0.0,0.0886,True,short,2026-03-21 22:28:41
cooldown после ATR-стопа ещё активен 1040s; цена отошла только на 0.00 ATR,True,ALGO-USDT-SWAP,ATR стоп 2.0N,0.0,0.0886,True,short,2026-03-21 22:29:16
cooldown после ATR-стопа ещё активен 1009s; цена отошла только на 0.00 ATR,True,ALGO-USDT-SWAP,ATR стоп 2.0N,0.0,0.0886,True,short,2026-03-21 22:29:46
cooldown после ATR-стопа ещё активен 974s; цена отошла только на 0.95 ATR,True,ALGO-USDT-SWAP,ATR стоп 2.0N,0.0,0.0887,True,short,2026-03-21 22:30:21
cooldown после ATR-стопа ещё активен 933s; цена отошла только на 0.95 ATR,True,ALGO-USDT-SWAP,ATR стоп 2.0N,0.0,0.0887,True,short,2026-03-21 22:31:03
cooldown после ATR-стопа ещё активен 897s; цена отошла только на 0.95 ATR,True,ALGO-USDT-SWAP,ATR стоп 2.0N,0.0,0.0887,True,short,2026-03-21 22:31:38
cooldown после ATR-стопа ещё активен 878s; цена отошла только на 0.95 ATR,True,ALGO-USDT-SWAP,ATR стоп 2.0N,0.0,0.0887,True,short,2026-03-21 22:31:57
cooldown после ATR-стопа ещё активен 860s; цена отошла только на 0.95 ATR,True,ALGO-USDT-SWAP,ATR стоп 2.0N,0.0,0.0887,True,short,2026-03-21 22:32:16
cooldown после ATR-стопа ещё активен 835s; цена отошла только на 0.95 ATR,True,ALGO-USDT-SWAP,ATR стоп 2.0N,0.0,0.0887,True,short,2026-03-21 22:32:41
cooldown после ATR-стопа ещё активен 817s; цена отошла только на 0.95 ATR,True,ALGO-USDT-SWAP,ATR стоп 2.0N,0.0,0.0887,True,short,2026-03-21 22:32:59
cooldown после ATR-стопа ещё активен 799s; цена отошла только на 0.95 ATR,True,ALGO-USDT-SWAP,ATR стоп 2.0N,0.0,0.0887,True,short,2026-03-21 22:33:17
cooldown после ATR-стопа ещё активен 773s; цена отошла только на 0.95 ATR,True,ALGO-USDT-SWAP,ATR стоп 2.0N,0.0,0.0887,True,short,2026-03-21 22:33:43
cooldown после ATR-стопа ещё активен 757s; цена отошла только на 0.95 ATR,True,ALGO-USDT-SWAP,ATR стоп 2.0N,0.0,0.0887,True,short,2026-03-21 22:33:59
cooldown после ATR-стопа ещё активен 738s; цена отошла только на 0.95 ATR,True,ALGO-USDT-SWAP,ATR стоп 2.0N,0.0,0.0887,True,short,2026-03-21 22:34:18
cooldown после ATR-стопа ещё активен 711s; цена отошла только на 0.95 ATR,True,ALGO-USDT-SWAP,ATR стоп 2.0N,0.0,0.0887,True,short,2026-03-21 22:34:44
cooldown после ATR-стопа ещё активен 696s; цена отошла только на 0.95 ATR,True,ALGO-USDT-SWAP,ATR стоп 2.0N,0.0,0.0887,True,short,2026-03-21 22:35:00
cooldown после ATR-стопа ещё активен 593s; цена отошла только на 0.00 ATR,True,ALGO-USDT-SWAP,ATR стоп 2.0N,0.0,0.0886,True,short,2026-03-21 22:36:43
cooldown после ATR-стопа ещё активен 509s; цена отошла только на 0.00 ATR,True,ALGO-USDT-SWAP,ATR стоп 2.0N,0.0,0.0886,True,short,2026-03-21 22:38:07
cooldown после ATR-стопа ещё активен 442s; цена отошла только на 0.00 ATR,True,ALGO-USDT-SWAP,ATR стоп 2.0N,0.0,0.0886,True,short,2026-03-21 22:39:14
cooldown после ATR-стопа ещё активен 1745s; цена отошла только на 0.40 ATR,True,SOL-USDT-SWAP,ATR стоп 2.0N,0.0,89.69,True,long,2026-03-21 22:39:22
cooldown после ATR-стопа ещё активен 409s; цена отошла только на 0.00 ATR,True,ALGO-USDT-SWAP,ATR стоп 2.0N,0.0,0.0886,True,short,2026-03-21 22:39:47
cooldown после ATR-стопа ещё активен 1712s; цена отошла только на 0.40 ATR,True,SOL-USDT-SWAP,ATR стоп 2.0N,0.0,89.69,True,long,2026-03-21 22:39:55
cooldown после ATR-стопа ещё активен 1792s; цена отошла только на 0.00 ATR,True,BAND-USDT-SWAP,Ошибка: первичный стоп не подтверждён на бирже,0.0,0.2224,True,short,2026-03-21 22:40:55
cooldown после ATR-стопа ещё активен 932s; цена отошла только на 0.29 ATR,True,LTC-USDT-SWAP,Канальный выход 10 свечей,0.0,55.88,True,long,2026-03-21 22:41:00
cooldown после ATR-стопа ещё активен 1645s; цена отошла только на 0.20 ATR,True,SOL-USDT-SWAP,ATR стоп 2.0N,0.0,89.67,True,long,2026-03-21 22:41:02
cooldown после ATR-стопа ещё активен 1753s; цена отошла только на 0.00 ATR,True,BAND-USDT-SWAP,Ошибка: первичный стоп не подтверждён на бирже,0.0,0.2224,True,short,2026-03-21 22:41:34
cooldown после ATR-стопа ещё активен 1787s; цена отошла только на 0.00 ATR,True,LDO-USDT-SWAP,ATR стоп 2.0N,0.0,0.297,True,short,2026-03-21 22:41:38
cooldown после ATR-стопа ещё активен 893s; цена отошла только на 0.29 ATR,True,LTC-USDT-SWAP,Канальный выход 10 свечей,0.0,55.88,True,long,2026-03-21 22:41:39
cooldown после ATR-стопа ещё активен 1606s; цена отошла только на 0.20 ATR,True,SOL-USDT-SWAP,ATR стоп 2.0N,0.0,89.67,True,long,2026-03-21 22:41:41
cooldown после ATR-стопа ещё активен 1731s; цена отошла только на 0.00 ATR,True,BAND-USDT-SWAP,Ошибка: первичный стоп не подтверждён на бирже,0.0,0.2224,True,short,2026-03-21 22:41:55
cooldown после ATR-стопа ещё активен 1766s; цена отошла только на 0.00 ATR,True,LDO-USDT-SWAP,ATR стоп 2.0N,0.0,0.297,True,short,2026-03-21 22:41:59
cooldown после ATR-стопа ещё активен 872s; цена отошла только на 0.29 ATR,True,LTC-USDT-SWAP,Канальный выход 10 свечей,0.0,55.88,True,long,2026-03-21 22:42:00
cooldown после ATR-стопа ещё активен 1585s; цена отошла только на 0.20 ATR,True,SOL-USDT-SWAP,ATR стоп 2.0N,0.0,89.67,True,long,2026-03-21 22:42:02
cooldown после ATR-стопа ещё активен 1712s; цена отошла только на 0.00 ATR,True,BAND-USDT-SWAP,Ошибка: первичный стоп не подтверждён на бирже,0.0,0.2224,True,short,2026-03-21 22:42:15
cooldown после ATR-стопа ещё активен 1746s; цена отошла только на 0.00 ATR,True,LDO-USDT-SWAP,ATR стоп 2.0N,0.0,0.297,True,short,2026-03-21 22:42:18
cooldown после ATR-стопа ещё активен 852s; цена отошла только на 0.29 ATR,True,LTC-USDT-SWAP,Канальный выход 10 свечей,0.0,55.88,True,long,2026-03-21 22:42:19
cooldown после ATR-стопа ещё активен 1566s; цена отошла только на 0.20 ATR,True,SOL-USDT-SWAP,ATR стоп 2.0N,0.0,89.67,True,long,2026-03-21 22:42:21
cooldown после ATR-стопа ещё активен 1688s; цена отошла только на 0.00 ATR,True,BAND-USDT-SWAP,Ошибка: первичный стоп не подтверждён на бирже,0.0,0.2224,True,short,2026-03-21 22:42:39
cooldown после ATR-стопа ещё активен 1722s; цена отошла только на 0.00 ATR,True,LDO-USDT-SWAP,ATR стоп 2.0N,0.0,0.297,True,short,2026-03-21 22:42:43
cooldown после ATR-стопа ещё активен 828s; цена отошла только на 0.29 ATR,True,LTC-USDT-SWAP,Канальный выход 10 свечей,0.0,55.88,True,long,2026-03-21 22:42:43
cooldown после ATR-стопа ещё активен 1541s; цена отошла только на 0.20 ATR,True,SOL-USDT-SWAP,ATR стоп 2.0N,0.0,89.67,True,long,2026-03-21 22:42:45
cooldown после ATR-стопа ещё активен 1662s; цена отошла только на 0.00 ATR,True,BAND-USDT-SWAP,Ошибка: первичный стоп не подтверждён на бирже,0.0,0.2224,True,short,2026-03-21 22:43:04
cooldown после ATR-стопа ещё активен 1696s; цена отошла только на 0.00 ATR,True,LDO-USDT-SWAP,ATR стоп 2.0N,0.0,0.297,True,short,2026-03-21 22:43:08
cooldown после ATR-стопа ещё активен 802s; цена отошла только на 0.29 ATR,True,LTC-USDT-SWAP,Канальный выход 10 свечей,0.0,55.88,True,long,2026-03-21 22:43:09
cooldown после ATR-стопа ещё активен 1515s; цена отошла только на 0.20 ATR,True,SOL-USDT-SWAP,ATR стоп 2.0N,0.0,89.67,True,long,2026-03-21 22:43:11
cooldown после ATR-стопа ещё активен 1641s; цена отошла только на 0.00 ATR,True,BAND-USDT-SWAP,Ошибка: первичный стоп не подтверждён на бирже,0.0,0.2224,True,short,2026-03-21 22:43:25
cooldown после ATR-стопа ещё активен 1675s; цена отошла только на 0.00 ATR,True,LDO-USDT-SWAP,ATR стоп 2.0N,0.0,0.297,True,short,2026-03-21 22:43:29
cooldown после ATR-стопа ещё активен 781s; цена отошла только на 0.29 ATR,True,LTC-USDT-SWAP,Канальный выход 10 свечей,0.0,55.88,True,long,2026-03-21 22:43:30
cooldown после ATR-стопа ещё активен 1494s; цена отошла только на 0.20 ATR,True,SOL-USDT-SWAP,ATR стоп 2.0N,0.0,89.67,True,long,2026-03-21 22:43:32
cooldown после ATR-стопа ещё активен 1616s; цена отошла только на 0.00 ATR,True,BAND-USDT-SWAP,Ошибка: первичный стоп не подтверждён на бирже,0.0,0.2224,True,short,2026-03-21 22:43:50
cooldown после ATR-стопа ещё активен 1650s; цена отошла только на 0.00 ATR,True,LDO-USDT-SWAP,ATR стоп 2.0N,0.0,0.297,True,short,2026-03-21 22:43:55
cooldown после ATR-стопа ещё активен 755s; цена отошла только на 0.29 ATR,True,LTC-USDT-SWAP,Канальный выход 10 свечей,0.0,55.88,True,long,2026-03-21 22:43:56
cooldown после ATR-стопа ещё активен 1468s; цена отошла только на 0.20 ATR,True,SOL-USDT-SWAP,ATR стоп 2.0N,0.0,89.67,True,long,2026-03-21 22:43:58
cooldown после ATR-стопа ещё активен 1591s; цена отошла только на 0.00 ATR,True,BAND-USDT-SWAP,Ошибка: первичный стоп не подтверждён на бирже,0.0,0.2224,True,short,2026-03-21 22:44:16
cooldown после ATR-стопа ещё активен 1625s; цена отошла только на 0.00 ATR,True,LDO-USDT-SWAP,ATR стоп 2.0N,0.0,0.297,True,short,2026-03-21 22:44:20
cooldown после ATR-стопа ещё активен 731s; цена отошла только на 0.29 ATR,True,LTC-USDT-SWAP,Канальный выход 10 свечей,0.0,55.88,True,long,2026-03-21 22:44:20
cooldown после ATR-стопа ещё активен 1444s; цена отошла только на 0.20 ATR,True,SOL-USDT-SWAP,ATR стоп 2.0N,0.0,89.67,True,long,2026-03-21 22:44:22
cooldown после ATR-стопа ещё активен 1570s; цена отошла только на 0.00 ATR,True,BAND-USDT-SWAP,Ошибка: первичный стоп не подтверждён на бирже,0.0,0.2224,True,short,2026-03-21 22:44:36
cooldown после ATR-стопа ещё активен 1602s; цена отошла только на 0.00 ATR,True,LDO-USDT-SWAP,ATR стоп 2.0N,0.0,0.297,True,short,2026-03-21 22:44:43
cooldown после ATR-стопа ещё активен 707s; цена отошла только на 0.29 ATR,True,LTC-USDT-SWAP,Канальный выход 10 свечей,0.0,55.88,True,long,2026-03-21 22:44:44
cooldown после ATR-стопа ещё активен 1419s; цена отошла только на 0.20 ATR,True,SOL-USDT-SWAP,ATR стоп 2.0N,0.0,89.67,True,long,2026-03-21 22:44:48
cooldown после ATR-стопа ещё активен 1546s; цена отошла только на 0.00 ATR,True,LDO-USDT-SWAP,ATR стоп 2.0N,0.0,0.297,True,short,2026-03-21 22:45:39
cooldown после ATR-стопа ещё активен 652s; цена отошла только на 0.57 ATR,True,LTC-USDT-SWAP,Канальный выход 10 свечей,0.0,55.85,True,long,2026-03-21 22:45:39
cooldown после ATR-стопа ещё активен 1365s; цена отошла только на 0.51 ATR,True,SOL-USDT-SWAP,ATR стоп 2.0N,0.0,89.7,True,long,2026-03-21 22:45:41
cooldown после ATR-стопа ещё активен 1503s; цена отошла только на 0.00 ATR,True,LDO-USDT-SWAP,ATR стоп 2.0N,0.0,0.297,True,short,2026-03-21 22:46:22
cooldown после ATR-стопа ещё активен 609s; цена отошла только на 0.57 ATR,True,LTC-USDT-SWAP,Канальный выход 10 свечей,0.0,55.85,True,long,2026-03-21 22:46:22
cooldown после ATR-стопа ещё активен 1323s; цена отошла только на 0.51 ATR,True,SOL-USDT-SWAP,ATR стоп 2.0N,0.0,89.7,True,long,2026-03-21 22:46:24
cooldown после ATR-стопа ещё активен 1479s; цена отошла только на 0.00 ATR,True,LDO-USDT-SWAP,ATR стоп 2.0N,0.0,0.297,True,short,2026-03-21 22:46:46
cooldown после ATR-стопа ещё активен 585s; цена отошла только на 0.57 ATR,True,LTC-USDT-SWAP,Канальный выход 10 свечей,0.0,55.85,True,long,2026-03-21 22:46:46
cooldown после ATR-стопа ещё активен 1298s; цена отошла только на 0.51 ATR,True,SOL-USDT-SWAP,ATR стоп 2.0N,0.0,89.7,True,long,2026-03-21 22:46:48
cooldown после ATR-стопа ещё активен 1459s; цена отошла только на 0.00 ATR,True,LDO-USDT-SWAP,ATR стоп 2.0N,0.0,0.297,True,short,2026-03-21 22:47:05
cooldown после ATR-стопа ещё активен 566s; цена отошла только на 0.57 ATR,True,LTC-USDT-SWAP,Канальный выход 10 свечей,0.0,55.85,True,long,2026-03-21 22:47:06
cooldown после ATR-стопа ещё активен 1278s; цена отошла только на 0.51 ATR,True,SOL-USDT-SWAP,ATR стоп 2.0N,0.0,89.7,True,long,2026-03-21 22:47:08
cooldown после ATR-стопа ещё активен 1439s; цена отошла только на 0.00 ATR,True,LDO-USDT-SWAP,ATR стоп 2.0N,0.0,0.297,True,short,2026-03-21 22:47:26
cooldown после ATR-стопа ещё активен 545s; цена отошла только на 0.57 ATR,True,LTC-USDT-SWAP,Канальный выход 10 свечей,0.0,55.85,True,long,2026-03-21 22:47:26
cooldown после ATR-стопа ещё активен 1259s; цена отошла только на 0.51 ATR,True,SOL-USDT-SWAP,ATR стоп 2.0N,0.0,89.7,True,long,2026-03-21 22:47:28
cooldown после ATR-стопа ещё активен 1417s; цена отошла только на 0.00 ATR,True,LDO-USDT-SWAP,ATR стоп 2.0N,0.0,0.297,True,short,2026-03-21 22:47:48
cooldown после ATR-стопа ещё активен 523s; цена отошла только на 0.57 ATR,True,LTC-USDT-SWAP,Канальный выход 10 свечей,0.0,55.85,True,long,2026-03-21 22:47:48
cooldown после ATR-стопа ещё активен 1236s; цена отошла только на 0.51 ATR,True,SOL-USDT-SWAP,ATR стоп 2.0N,0.0,89.7,True,long,2026-03-21 22:47:50
cooldown после ATR-стопа ещё активен 1397s; цена отошла только на 0.00 ATR,True,LDO-USDT-SWAP,ATR стоп 2.0N,0.0,0.297,True,short,2026-03-21 22:48:07
cooldown после ATR-стопа ещё активен 504s; цена отошла только на 0.57 ATR,True,LTC-USDT-SWAP,Канальный выход 10 свечей,0.0,55.85,True,long,2026-03-21 22:48:08
cooldown после ATR-стопа ещё активен 1216s; цена отошла только на 0.51 ATR,True,SOL-USDT-SWAP,ATR стоп 2.0N,0.0,89.7,True,long,2026-03-21 22:48:10
cooldown после ATR-стопа ещё активен 1362s; цена отошла только на 0.00 ATR,True,LDO-USDT-SWAP,ATR стоп 2.0N,0.0,0.297,True,short,2026-03-21 22:48:43
cooldown после ATR-стопа ещё активен 468s; цена отошла только на 0.57 ATR,True,LTC-USDT-SWAP,Канальный выход 10 свечей,0.0,55.85,True,long,2026-03-21 22:48:43
cooldown после ATR-стопа ещё активен 1181s; цена отошла только на 0.51 ATR,True,SOL-USDT-SWAP,ATR стоп 2.0N,0.0,89.7,True,long,2026-03-21 22:48:45
cooldown после ATR-стопа ещё активен 1333s; цена отошла только на 0.00 ATR,True,LDO-USDT-SWAP,ATR стоп 2.0N,0.0,0.297,True,short,2026-03-21 22:49:12
cooldown после ATR-стопа ещё активен 439s; цена отошла только на 0.57 ATR,True,LTC-USDT-SWAP,Канальный выход 10 свечей,0.0,55.85,True,long,2026-03-21 22:49:12
cooldown после ATR-стопа ещё активен 1152s; цена отошла только на 0.51 ATR,True,SOL-USDT-SWAP,ATR стоп 2.0N,0.0,89.7,True,long,2026-03-21 22:49:14
cooldown после ATR-стопа ещё активен 1309s; цена отошла только на 0.00 ATR,True,LDO-USDT-SWAP,ATR стоп 2.0N,0.0,0.297,True,short,2026-03-21 22:49:35
cooldown после ATR-стопа ещё активен 416s; цена отошла только на 0.57 ATR,True,LTC-USDT-SWAP,Канальный выход 10 свечей,0.0,55.85,True,long,2026-03-21 22:49:36
cooldown после ATR-стопа ещё активен 1129s; цена отошла только на 0.51 ATR,True,SOL-USDT-SWAP,ATR стоп 2.0N,0.0,89.7,True,long,2026-03-21 22:49:37
cooldown после ATR-стопа ещё активен 1291s; цена отошла только на 0.00 ATR,True,LDO-USDT-SWAP,ATR стоп 2.0N,0.0,0.297,True,short,2026-03-21 22:49:54
cooldown после ATR-стопа ещё активен 397s; цена отошла только на 0.57 ATR,True,LTC-USDT-SWAP,Канальный выход 10 свечей,0.0,55.85,True,long,2026-03-21 22:49:54
cooldown после ATR-стопа ещё активен 1110s; цена отошла только на 0.51 ATR,True,SOL-USDT-SWAP,ATR стоп 2.0N,0.0,89.7,True,long,2026-03-21 22:49:56
cooldown после ATR-стопа ещё активен 1272s; цена отошла только на 0.00 ATR,True,LDO-USDT-SWAP,ATR стоп 2.0N,0.0,0.297,True,short,2026-03-21 22:50:13
cooldown после ATR-стопа ещё активен 378s; цена отошла только на 0.57 ATR,True,LTC-USDT-SWAP,Канальный выход 10 свечей,0.0,55.85,True,long,2026-03-21 22:50:13
cooldown после ATR-стопа ещё активен 1091s; цена отошла только на 0.71 ATR,True,SOL-USDT-SWAP,ATR стоп 2.0N,0.0,89.72,True,long,2026-03-21 22:50:15
cooldown после ATR-стопа ещё активен 1249s; цена отошла только на 0.00 ATR,True,LDO-USDT-SWAP,ATR стоп 2.0N,0.0,0.297,True,short,2026-03-21 22:50:36
cooldown после ATR-стопа ещё активен 355s; цена отошла только на 0.57 ATR,True,LTC-USDT-SWAP,Канальный выход 10 свечей,0.0,55.85,True,long,2026-03-21 22:50:36
cooldown после ATR-стопа ещё активен 1069s; цена отошла только на 0.71 ATR,True,SOL-USDT-SWAP,ATR стоп 2.0N,0.0,89.72,True,long,2026-03-21 22:50:38
cooldown после ATR-стопа ещё активен 1230s; цена отошла только на 0.00 ATR,True,LDO-USDT-SWAP,ATR стоп 2.0N,0.0,0.297,True,short,2026-03-21 22:50:55
cooldown после ATR-стопа ещё активен 336s; цена отошла только на 0.57 ATR,True,LTC-USDT-SWAP,Канальный выход 10 свечей,0.0,55.85,True,long,2026-03-21 22:50:55
cooldown после ATR-стопа ещё активен 1049s; цена отошла только на 0.71 ATR,True,SOL-USDT-SWAP,ATR стоп 2.0N,0.0,89.72,True,long,2026-03-21 22:50:57
cooldown после ATR-стопа ещё активен 1212s; цена отошла только на 0.00 ATR,True,LDO-USDT-SWAP,ATR стоп 2.0N,0.0,0.297,True,short,2026-03-21 22:51:13
cooldown после ATR-стопа ещё активен 318s; цена отошла только на 0.57 ATR,True,LTC-USDT-SWAP,Канальный выход 10 свечей,0.0,55.85,True,long,2026-03-21 22:51:13
cooldown после ATR-стопа ещё активен 1031s; цена отошла только на 0.71 ATR,True,SOL-USDT-SWAP,ATR стоп 2.0N,0.0,89.72,True,long,2026-03-21 22:51:15
cooldown после ATR-стопа ещё активен 1188s; цена отошла только на 0.00 ATR,True,LDO-USDT-SWAP,ATR стоп 2.0N,0.0,0.297,True,short,2026-03-21 22:51:36
cooldown после ATR-стопа ещё активен 295s; цена отошла только на 0.57 ATR,True,LTC-USDT-SWAP,Канальный выход 10 свечей,0.0,55.85,True,long,2026-03-21 22:51:37
cooldown после ATR-стопа ещё активен 1008s; цена отошла только на 0.71 ATR,True,SOL-USDT-SWAP,ATR стоп 2.0N,0.0,89.72,True,long,2026-03-21 22:51:39
cooldown после ATR-стопа ещё активен 1170s; цена отошла только на 0.00 ATR,True,LDO-USDT-SWAP,ATR стоп 2.0N,0.0,0.297,True,short,2026-03-21 22:51:55
cooldown после ATR-стопа ещё активен 276s; цена отошла только на 0.57 ATR,True,LTC-USDT-SWAP,Канальный выход 10 свечей,0.0,55.85,True,long,2026-03-21 22:51:55
cooldown после ATR-стопа ещё активен 990s; цена отошла только на 0.71 ATR,True,SOL-USDT-SWAP,ATR стоп 2.0N,0.0,89.72,True,long,2026-03-21 22:51:57
cooldown после ATR-стопа ещё активен 1154s; цена отошла только на 0.00 ATR,True,LDO-USDT-SWAP,ATR стоп 2.0N,0.0,0.297,True,short,2026-03-21 22:52:10
cooldown после ATR-стопа ещё активен 260s; цена отошла только на 0.57 ATR,True,LTC-USDT-SWAP,Канальный выход 10 свечей,0.0,55.85,True,long,2026-03-21 22:52:11
cooldown после ATR-стопа ещё активен 973s; цена отошла только на 0.71 ATR,True,SOL-USDT-SWAP,ATR стоп 2.0N,0.0,89.72,True,long,2026-03-21 22:52:13
cooldown после ATR-стопа ещё активен 1127s; цена отошла только на 0.00 ATR,True,LDO-USDT-SWAP,ATR стоп 2.0N,0.0,0.297,True,short,2026-03-21 22:52:37
cooldown после ATR-стопа ещё активен 234s; цена отошла только на 0.57 ATR,True,LTC-USDT-SWAP,Канальный выход 10 свечей,0.0,55.85,True,long,2026-03-21 22:52:38
cooldown после ATR-стопа ещё активен 947s; цена отошла только на 0.71 ATR,True,SOL-USDT-SWAP,ATR стоп 2.0N,0.0,89.72,True,long,2026-03-21 22:52:40
cooldown после ATR-стопа ещё активен 1109s; цена отошла только на 0.00 ATR,True,LDO-USDT-SWAP,ATR стоп 2.0N,0.0,0.297,True,short,2026-03-21 22:52:55
cooldown после ATR-стопа ещё активен 216s; цена отошла только на 0.57 ATR,True,LTC-USDT-SWAP,Канальный выход 10 свечей,0.0,55.85,True,long,2026-03-21 22:52:56
cooldown после ATR-стопа ещё активен 929s; цена отошла только на 0.71 ATR,True,SOL-USDT-SWAP,ATR стоп 2.0N,0.0,89.72,True,long,2026-03-21 22:52:57
cooldown после ATR-стопа ещё активен 1091s; цена отошла только на 0.00 ATR,True,LDO-USDT-SWAP,ATR стоп 2.0N,0.0,0.297,True,short,2026-03-21 22:53:14
cooldown после ATR-стопа ещё активен 197s; цена отошла только на 0.57 ATR,True,LTC-USDT-SWAP,Канальный выход 10 свечей,0.0,55.85,True,long,2026-03-21 22:53:14
cooldown после ATR-стопа ещё активен 911s; цена отошла только на 0.71 ATR,True,SOL-USDT-SWAP,ATR стоп 2.0N,0.0,89.72,True,long,2026-03-21 22:53:16
cooldown после ATR-стопа ещё активен 1065s; цена отошла только на 0.00 ATR,True,LDO-USDT-SWAP,ATR стоп 2.0N,0.0,0.297,True,short,2026-03-21 22:53:40
cooldown после ATR-стопа ещё активен 171s; цена отошла только на 0.57 ATR,True,LTC-USDT-SWAP,Канальный выход 10 свечей,0.0,55.85,True,long,2026-03-21 22:53:40
cooldown после ATR-стопа ещё активен 884s; цена отошла только на 0.71 ATR,True,SOL-USDT-SWAP,ATR стоп 2.0N,0.0,89.72,True,long,2026-03-21 22:53:43
cooldown после ATR-стопа ещё активен 1045s; цена отошла только на 0.00 ATR,True,LDO-USDT-SWAP,ATR стоп 2.0N,0.0,0.297,True,short,2026-03-21 22:53:59
cooldown после ATR-стопа ещё активен 152s; цена отошла только на 0.57 ATR,True,LTC-USDT-SWAP,Канальный выход 10 свечей,0.0,55.85,True,long,2026-03-21 22:54:00
cooldown после ATR-стопа ещё активен 865s; цена отошла только на 0.71 ATR,True,SOL-USDT-SWAP,ATR стоп 2.0N,0.0,89.72,True,long,2026-03-21 22:54:02
cooldown после ATR-стопа ещё активен 1026s; цена отошла только на 0.00 ATR,True,LDO-USDT-SWAP,ATR стоп 2.0N,0.0,0.297,True,short,2026-03-21 22:54:19
cooldown после ATR-стопа ещё активен 132s; цена отошла только на 0.57 ATR,True,LTC-USDT-SWAP,Канальный выход 10 свечей,0.0,55.85,True,long,2026-03-21 22:54:19
cooldown после ATR-стопа ещё активен 845s; цена отошла только на 0.71 ATR,True,SOL-USDT-SWAP,ATR стоп 2.0N,0.0,89.72,True,long,2026-03-21 22:54:21
cooldown после ATR-стопа ещё активен 1002s; цена отошла только на 0.00 ATR,True,LDO-USDT-SWAP,ATR стоп 2.0N,0.0,0.297,True,short,2026-03-21 22:54:43
cooldown после ATR-стопа ещё активен 108s; цена отошла только на 0.57 ATR,True,LTC-USDT-SWAP,Канальный выход 10 свечей,0.0,55.85,True,long,2026-03-21 22:54:43
cooldown после ATR-стопа ещё активен 821s; цена отошла только на 0.71 ATR,True,SOL-USDT-SWAP,ATR стоп 2.0N,0.0,89.72,True,long,2026-03-21 22:54:45
cooldown после ATR-стопа ещё активен 981s; цена отошла только на 0.00 ATR,True,LDO-USDT-SWAP,ATR стоп 2.0N,0.0,0.297,True,short,2026-03-21 22:55:03
cooldown после ATR-стопа ещё активен 87s; цена отошла только на 0.57 ATR,True,LTC-USDT-SWAP,Канальный выход 10 свечей,0.0,55.85,True,long,2026-03-21 22:55:04
cooldown после ATR-стопа ещё активен 800s; цена отошла только на 1.01 ATR,True,SOL-USDT-SWAP,ATR стоп 2.0N,0.0,89.75,True,long,2026-03-21 22:55:07
cooldown после ATR-стопа ещё активен 1387s; цена отошла только на 0.85 ATR,True,AVAX-USDT-SWAP,ATR стоп 2.0N,0.0,9.481,True,short,2026-03-21 22:55:22
cooldown после ATR-стопа ещё активен 958s; цена отошла только на 0.00 ATR,True,LDO-USDT-SWAP,ATR стоп 2.0N,0.0,0.297,True,short,2026-03-21 22:55:27
cooldown после ATR-стопа ещё активен 64s; цена отошла только на 0.57 ATR,True,LTC-USDT-SWAP,Канальный выход 10 свечей,0.0,55.85,True,long,2026-03-21 22:55:28
cooldown после ATR-стопа ещё активен 776s; цена отошла только на 1.01 ATR,True,SOL-USDT-SWAP,ATR стоп 2.0N,0.0,89.75,True,long,2026-03-21 22:55:30
cooldown после ATR-стопа ещё активен 1356s; цена отошла только на 0.85 ATR,True,AVAX-USDT-SWAP,ATR стоп 2.0N,0.0,9.481,True,short,2026-03-21 22:55:53
cooldown после ATR-стопа ещё активен 926s; цена отошла только на 0.00 ATR,True,LDO-USDT-SWAP,ATR стоп 2.0N,0.0,0.297,True,short,2026-03-21 22:55:59
cooldown после ATR-стопа ещё активен 32s; цена отошла только на 0.57 ATR,True,LTC-USDT-SWAP,Канальный выход 10 свечей,0.0,55.85,True,long,2026-03-21 22:55:59
cooldown после ATR-стопа ещё активен 745s; цена отошла только на 1.01 ATR,True,SOL-USDT-SWAP,ATR стоп 2.0N,0.0,89.75,True,long,2026-03-21 22:56:02
cooldown после ATR-стопа ещё активен 1333s; цена отошла только на 0.85 ATR,True,AVAX-USDT-SWAP,ATR стоп 2.0N,0.0,9.481,True,short,2026-03-21 22:56:16
cooldown после ATR-стопа ещё активен 904s; цена отошла только на 0.00 ATR,True,LDO-USDT-SWAP,ATR стоп 2.0N,0.0,0.297,True,short,2026-03-21 22:56:21
cooldown после ATR-стопа ещё активен 9s; цена отошла только на 0.57 ATR,True,LTC-USDT-SWAP,Канальный выход 10 свечей,0.0,55.85,True,long,2026-03-21 22:56:22
cooldown после ATR-стопа ещё активен 722s; цена отошла только на 1.01 ATR,True,SOL-USDT-SWAP,ATR стоп 2.0N,0.0,89.75,True,long,2026-03-21 22:56:25
cooldown после ATR-стопа ещё активен 1309s; цена отошла только на 0.85 ATR,True,AVAX-USDT-SWAP,ATR стоп 2.0N,0.0,9.481,True,short,2026-03-21 22:56:40
cooldown после ATR-стопа ещё активен 880s; цена отошла только на 0.00 ATR,True,LDO-USDT-SWAP,ATR стоп 2.0N,0.0,0.297,True,short,2026-03-21 22:56:45
cooldown после ATR-стопа ещё активен 698s; цена отошла только на 1.01 ATR,True,SOL-USDT-SWAP,ATR стоп 2.0N,0.0,89.75,True,long,2026-03-21 22:56:48
cooldown после ATR-стопа ещё активен 1269s; цена отошла только на 0.85 ATR,True,AVAX-USDT-SWAP,ATR стоп 2.0N,0.0,9.481,True,short,2026-03-21 22:57:20
cooldown после ATR-стопа ещё активен 1786s; цена отошла только на 0.98 ATR,True,DOGE-USDT-SWAP,ATR стоп 2.0N,0.0,0.094,True,short,2026-03-21 22:57:23
cooldown после ATR-стопа ещё активен 838s; цена отошла только на 0.00 ATR,True,LDO-USDT-SWAP,ATR стоп 2.0N,0.0,0.297,True,short,2026-03-21 22:57:26
cooldown после ATR-стопа ещё активен 657s; цена отошла только на 1.01 ATR,True,SOL-USDT-SWAP,ATR стоп 2.0N,0.0,89.75,True,long,2026-03-21 22:57:30
cooldown после ATR-стопа ещё активен 1246s; цена отошла только на 0.85 ATR,True,AVAX-USDT-SWAP,ATR стоп 2.0N,0.0,9.481,True,short,2026-03-21 22:57:43
cooldown после ATR-стопа ещё активен 1763s; цена отошла только на 0.98 ATR,True,DOGE-USDT-SWAP,ATR стоп 2.0N,0.0,0.094,True,short,2026-03-21 22:57:47
cooldown после ATR-стопа ещё активен 815s; цена отошла только на 0.00 ATR,True,LDO-USDT-SWAP,ATR стоп 2.0N,0.0,0.297,True,short,2026-03-21 22:57:50
cooldown после ATR-стопа ещё активен 634s; цена отошла только на 1.01 ATR,True,SOL-USDT-SWAP,ATR стоп 2.0N,0.0,89.75,True,long,2026-03-21 22:57:53
cooldown после ATR-стопа ещё активен 1223s; цена отошла только на 0.85 ATR,True,AVAX-USDT-SWAP,ATR стоп 2.0N,0.0,9.481,True,short,2026-03-21 22:58:06
cooldown после ATR-стопа ещё активен 1740s; цена отошла только на 0.98 ATR,True,DOGE-USDT-SWAP,ATR стоп 2.0N,0.0,0.094,True,short,2026-03-21 22:58:10
cooldown после ATR-стопа ещё активен 791s; цена отошла только на 0.00 ATR,True,LDO-USDT-SWAP,ATR стоп 2.0N,0.0,0.297,True,short,2026-03-21 22:58:13
cooldown после ATR-стопа ещё активен 610s; цена отошла только на 1.01 ATR,True,SOL-USDT-SWAP,ATR стоп 2.0N,0.0,89.75,True,long,2026-03-21 22:58:17
cooldown после ATR-стопа ещё активен 1197s; цена отошла только на 0.85 ATR,True,AVAX-USDT-SWAP,ATR стоп 2.0N,0.0,9.481,True,short,2026-03-21 22:58:32
cooldown после ATR-стопа ещё активен 1715s; цена отошла только на 0.98 ATR,True,DOGE-USDT-SWAP,ATR стоп 2.0N,0.0,0.094,True,short,2026-03-21 22:58:35
cooldown после ATR-стопа ещё активен 766s; цена отошла только на 0.00 ATR,True,LDO-USDT-SWAP,ATR стоп 2.0N,0.0,0.297,True,short,2026-03-21 22:58:38
cooldown после ATR-стопа ещё активен 585s; цена отошла только на 1.01 ATR,True,SOL-USDT-SWAP,ATR стоп 2.0N,0.0,89.75,True,long,2026-03-21 22:58:42
cooldown после ATR-стопа ещё активен 1176s; цена отошла только на 0.85 ATR,True,AVAX-USDT-SWAP,ATR стоп 2.0N,0.0,9.481,True,short,2026-03-21 22:58:53
cooldown после ATR-стопа ещё активен 1693s; цена отошла только на 0.98 ATR,True,DOGE-USDT-SWAP,ATR стоп 2.0N,0.0,0.094,True,short,2026-03-21 22:58:57
cooldown после ATR-стопа ещё активен 745s; цена отошла только на 0.00 ATR,True,LDO-USDT-SWAP,ATR стоп 2.0N,0.0,0.297,True,short,2026-03-21 22:59:00
cooldown после ATR-стопа ещё активен 563s; цена отошла только на 1.01 ATR,True,SOL-USDT-SWAP,ATR стоп 2.0N,0.0,89.75,True,long,2026-03-21 22:59:03
cooldown после ATR-стопа ещё активен 1153s; цена отошла только на 0.85 ATR,True,AVAX-USDT-SWAP,ATR стоп 2.0N,0.0,9.481,True,short,2026-03-21 22:59:16
cooldown после ATR-стопа ещё активен 1670s; цена отошла только на 0.98 ATR,True,DOGE-USDT-SWAP,ATR стоп 2.0N,0.0,0.094,True,short,2026-03-21 22:59:20
cooldown после ATR-стопа ещё активен 722s; цена отошла только на 0.00 ATR,True,LDO-USDT-SWAP,ATR стоп 2.0N,0.0,0.297,True,short,2026-03-21 22:59:23
cooldown после ATR-стопа ещё активен 540s; цена отошла только на 1.01 ATR,True,SOL-USDT-SWAP,ATR стоп 2.0N,0.0,89.75,True,long,2026-03-21 22:59:26
cooldown после ATR-стопа ещё активен 1128s; цена отошла только на 0.85 ATR,True,AVAX-USDT-SWAP,ATR стоп 2.0N,0.0,9.481,True,short,2026-03-21 22:59:41
cooldown после ATR-стопа ещё активен 1645s; цена отошла только на 0.98 ATR,True,DOGE-USDT-SWAP,ATR стоп 2.0N,0.0,0.094,True,short,2026-03-21 22:59:45
cooldown после ATR-стопа ещё активен 697s; цена отошла только на 0.00 ATR,True,LDO-USDT-SWAP,ATR стоп 2.0N,0.0,0.297,True,short,2026-03-21 22:59:48
cooldown после ATR-стопа ещё активен 515s; цена отошла только на 1.01 ATR,True,SOL-USDT-SWAP,ATR стоп 2.0N,0.0,89.75,True,long,2026-03-21 22:59:51
cooldown после ATR-стопа ещё активен 1103s; цена отошла только на 0.34 ATR,True,AVAX-USDT-SWAP,ATR стоп 2.0N,0.0,9.488,True,short,2026-03-21 23:00:06
cooldown после ATR-стопа ещё активен 1621s; цена отошла только на 0.49 ATR,True,DOGE-USDT-SWAP,ATR стоп 2.0N,0.0,0.09405,True,short,2026-03-21 23:00:09
cooldown после ATR-стопа ещё активен 491s; цена отошла только на 1.01 ATR,True,SOL-USDT-SWAP,ATR стоп 2.0N,0.0,89.75,True,long,2026-03-21 23:00:15
cooldown после ATR-стопа ещё активен 1080s; цена отошла только на 0.34 ATR,True,AVAX-USDT-SWAP,ATR стоп 2.0N,0.0,9.488,True,short,2026-03-21 23:00:29
cooldown после ATR-стопа ещё активен 1598s; цена отошла только на 0.49 ATR,True,DOGE-USDT-SWAP,ATR стоп 2.0N,0.0,0.09405,True,short,2026-03-21 23:00:32
cooldown после ATR-стопа ещё активен 468s; цена отошла только на 1.01 ATR,True,SOL-USDT-SWAP,ATR стоп 2.0N,0.0,89.75,True,long,2026-03-21 23:00:38
cooldown после ATR-стопа ещё активен 1056s; цена отошла только на 0.34 ATR,True,AVAX-USDT-SWAP,ATR стоп 2.0N,0.0,9.488,True,short,2026-03-21 23:00:53
cooldown после ATR-стопа ещё активен 1573s; цена отошла только на 0.49 ATR,True,DOGE-USDT-SWAP,ATR стоп 2.0N,0.0,0.09405,True,short,2026-03-21 23:00:57
cooldown после ATR-стопа ещё активен 444s; цена отошла только на 1.01 ATR,True,SOL-USDT-SWAP,ATR стоп 2.0N,0.0,89.75,True,long,2026-03-21 23:01:03
cooldown после ATR-стопа ещё активен 1033s; цена отошла только на 0.34 ATR,True,AVAX-USDT-SWAP,ATR стоп 2.0N,0.0,9.488,True,short,2026-03-21 23:01:16
cooldown после ATR-стопа ещё активен 1550s; цена отошла только на 0.49 ATR,True,DOGE-USDT-SWAP,ATR стоп 2.0N,0.0,0.09405,True,short,2026-03-21 23:01:20
cooldown после ATR-стопа ещё активен 421s; цена отошла только на 1.01 ATR,True,SOL-USDT-SWAP,ATR стоп 2.0N,0.0,89.75,True,long,2026-03-21 23:01:25
cooldown после ATR-стопа ещё активен 1010s; цена отошла только на 0.34 ATR,True,AVAX-USDT-SWAP,ATR стоп 2.0N,0.0,9.488,True,short,2026-03-21 23:01:39
cooldown после ATR-стопа ещё активен 1528s; цена отошла только на 0.49 ATR,True,DOGE-USDT-SWAP,ATR стоп 2.0N,0.0,0.09405,True,short,2026-03-21 23:01:42
cooldown после ATR-стопа ещё активен 398s; цена отошла только на 1.01 ATR,True,SOL-USDT-SWAP,ATR стоп 2.0N,0.0,89.75,True,long,2026-03-21 23:01:48
cooldown после ATR-стопа ещё активен 984s; цена отошла только на 0.34 ATR,True,AVAX-USDT-SWAP,ATR стоп 2.0N,0.0,9.488,True,short,2026-03-21 23:02:05
cooldown после ATR-стопа ещё активен 1502s; цена отошла только на 0.49 ATR,True,DOGE-USDT-SWAP,ATR стоп 2.0N,0.0,0.09405,True,short,2026-03-21 23:02:08
cooldown после ATR-стопа ещё активен 373s; цена отошла только на 1.01 ATR,True,SOL-USDT-SWAP,ATR стоп 2.0N,0.0,89.75,True,long,2026-03-21 23:02:14
cooldown после ATR-стопа ещё активен 961s; цена отошла только на 0.34 ATR,True,AVAX-USDT-SWAP,ATR стоп 2.0N,0.0,9.488,True,short,2026-03-21 23:02:28
cooldown после ATR-стопа ещё активен 1478s; цена отошла только на 0.49 ATR,True,DOGE-USDT-SWAP,ATR стоп 2.0N,0.0,0.09405,True,short,2026-03-21 23:02:32
cooldown после ATR-стопа ещё активен 349s; цена отошла только на 1.01 ATR,True,SOL-USDT-SWAP,ATR стоп 2.0N,0.0,89.75,True,long,2026-03-21 23:02:38
cooldown после ATR-стопа ещё активен 938s; цена отошла только на 0.34 ATR,True,AVAX-USDT-SWAP,ATR стоп 2.0N,0.0,9.488,True,short,2026-03-21 23:02:51
cooldown после ATR-стопа ещё активен 1456s; цена отошла только на 0.49 ATR,True,DOGE-USDT-SWAP,ATR стоп 2.0N,0.0,0.09405,True,short,2026-03-21 23:02:53
cooldown после ATR-стопа ещё активен 327s; цена отошла только на 1.01 ATR,True,SOL-USDT-SWAP,ATR стоп 2.0N,0.0,89.75,True,long,2026-03-21 23:03:00
cooldown после ATR-стопа ещё активен 914s; цена отошла только на 0.34 ATR,True,AVAX-USDT-SWAP,ATR стоп 2.0N,0.0,9.488,True,short,2026-03-21 23:03:15
cooldown после ATR-стопа ещё активен 1431s; цена отошла только на 0.49 ATR,True,DOGE-USDT-SWAP,ATR стоп 2.0N,0.0,0.09405,True,short,2026-03-21 23:03:18
cooldown после ATR-стопа ещё активен 302s; цена отошла только на 1.01 ATR,True,SOL-USDT-SWAP,ATR стоп 2.0N,0.0,89.75,True,long,2026-03-21 23:03:24
cooldown после ATR-стопа ещё активен 891s; цена отошла только на 0.34 ATR,True,AVAX-USDT-SWAP,ATR стоп 2.0N,0.0,9.488,True,short,2026-03-21 23:03:38
cooldown после ATR-стопа ещё активен 1408s; цена отошла только на 0.49 ATR,True,DOGE-USDT-SWAP,ATR стоп 2.0N,0.0,0.09405,True,short,2026-03-21 23:03:42
cooldown после ATR-стопа ещё активен 278s; цена отошла только на 1.01 ATR,True,SOL-USDT-SWAP,ATR стоп 2.0N,0.0,89.75,True,long,2026-03-21 23:03:48
cooldown после ATR-стопа ещё активен 868s; цена отошла только на 0.34 ATR,True,AVAX-USDT-SWAP,ATR стоп 2.0N,0.0,9.488,True,short,2026-03-21 23:04:01
cooldown после ATR-стопа ещё активен 1385s; цена отошла только на 0.49 ATR,True,DOGE-USDT-SWAP,ATR стоп 2.0N,0.0,0.09405,True,short,2026-03-21 23:04:05
cooldown после ATR-стопа ещё активен 256s; цена отошла только на 1.01 ATR,True,SOL-USDT-SWAP,ATR стоп 2.0N,0.0,89.75,True,long,2026-03-21 23:04:11
cooldown после ATR-стопа ещё активен 842s; цена отошла только на 0.34 ATR,True,AVAX-USDT-SWAP,ATR стоп 2.0N,0.0,9.488,True,short,2026-03-21 23:04:27
cooldown после ATR-стопа ещё активен 1360s; цена отошла только на 0.49 ATR,True,DOGE-USDT-SWAP,ATR стоп 2.0N,0.0,0.09405,True,short,2026-03-21 23:04:30
cooldown после ATR-стопа ещё активен 230s; цена отошла только на 1.01 ATR,True,SOL-USDT-SWAP,ATR стоп 2.0N,0.0,89.75,True,long,2026-03-21 23:04:36
cooldown после ATR-стопа ещё активен 819s; цена отошла только на 0.34 ATR,True,AVAX-USDT-SWAP,ATR стоп 2.0N,0.0,9.488,True,short,2026-03-21 23:04:50
cooldown после ATR-стопа ещё активен 1336s; цена отошла только на 0.49 ATR,True,DOGE-USDT-SWAP,ATR стоп 2.0N,0.0,0.09405,True,short,2026-03-21 23:04:53
cooldown после ATR-стопа ещё активен 207s; цена отошла только на 1.01 ATR,True,SOL-USDT-SWAP,ATR стоп 2.0N,0.0,89.75,True,long,2026-03-21 23:05:00
cooldown после ATR-стопа ещё активен 796s; цена отошла только на 0.51 ATR,True,AVAX-USDT-SWAP,ATR стоп 2.0N,0.0,9.483,True,short,2026-03-21 23:05:13
cooldown после ATR-стопа ещё активен 759s; цена отошла только на 0.51 ATR,True,AVAX-USDT-SWAP,ATR стоп 2.0N,0.0,9.483,True,short,2026-03-21 23:05:50
cooldown после ATR-стопа ещё активен 736s; цена отошла только на 0.51 ATR,True,AVAX-USDT-SWAP,ATR стоп 2.0N,0.0,9.483,True,short,2026-03-21 23:06:13
cooldown после ATR-стопа ещё активен 712s; цена отошла только на 0.51 ATR,True,AVAX-USDT-SWAP,ATR стоп 2.0N,0.0,9.483,True,short,2026-03-21 23:06:37
cooldown после ATR-стопа ещё активен 688s; цена отошла только на 0.51 ATR,True,AVAX-USDT-SWAP,ATR стоп 2.0N,0.0,9.483,True,short,2026-03-21 23:07:01
cooldown после ATR-стопа ещё активен 665s; цена отошла только на 0.51 ATR,True,AVAX-USDT-SWAP,ATR стоп 2.0N,0.0,9.483,True,short,2026-03-21 23:07:24
cooldown после ATR-стопа ещё активен 639s; цена отошла только на 0.51 ATR,True,AVAX-USDT-SWAP,ATR стоп 2.0N,0.0,9.483,True,short,2026-03-21 23:07:50
cooldown после ATR-стопа ещё активен 615s; цена отошла только на 0.51 ATR,True,AVAX-USDT-SWAP,ATR стоп 2.0N,0.0,9.483,True,short,2026-03-21 23:08:14
cooldown после ATR-стопа ещё активен 592s; цена отошла только на 0.51 ATR,True,AVAX-USDT-SWAP,ATR стоп 2.0N,0.0,9.483,True,short,2026-03-21 23:08:37
cooldown после ATR-стопа ещё активен 567s; цена отошла только на 0.51 ATR,True,AVAX-USDT-SWAP,ATR стоп 2.0N,0.0,9.483,True,short,2026-03-21 23:09:02
cooldown после ATR-стопа ещё активен 544s; цена отошла только на 0.51 ATR,True,AVAX-USDT-SWAP,ATR стоп 2.0N,0.0,9.483,True,short,2026-03-21 23:09:25
cooldown после ATR-стопа ещё активен 521s; цена отошла только на 0.51 ATR,True,AVAX-USDT-SWAP,ATR стоп 2.0N,0.0,9.483,True,short,2026-03-21 23:09:48
cooldown после ATR-стопа ещё активен 494s; цена отошла только на 0.34 ATR,True,AVAX-USDT-SWAP,ATR стоп 2.0N,0.0,9.488,True,short,2026-03-21 23:10:15
cooldown после ATR-стопа ещё активен 450s; цена отошла только на 0.34 ATR,True,AVAX-USDT-SWAP,ATR стоп 2.0N,0.0,9.488,True,short,2026-03-21 23:10:59
cooldown после ATR-стопа ещё активен 418s; цена отошла только на 0.34 ATR,True,AVAX-USDT-SWAP,ATR стоп 2.0N,0.0,9.488,True,short,2026-03-21 23:11:31
cooldown после ATR-стопа ещё активен 385s; цена отошла только на 0.34 ATR,True,AVAX-USDT-SWAP,ATR стоп 2.0N,0.0,9.488,True,short,2026-03-21 23:12:04
cooldown после ATR-стопа ещё активен 357s; цена отошла только на 0.34 ATR,True,AVAX-USDT-SWAP,ATR стоп 2.0N,0.0,9.488,True,short,2026-03-21 23:12:32
cooldown после ATR-стопа ещё активен 330s; цена отошла только на 0.34 ATR,True,AVAX-USDT-SWAP,ATR стоп 2.0N,0.0,9.488,True,short,2026-03-21 23:12:59
cooldown после ATR-стопа ещё активен 301s; цена отошла только на 0.34 ATR,True,AVAX-USDT-SWAP,ATR стоп 2.0N,0.0,9.488,True,short,2026-03-21 23:13:28
cooldown после ATR-стопа ещё активен 272s; цена отошла только на 0.34 ATR,True,AVAX-USDT-SWAP,ATR стоп 2.0N,0.0,9.488,True,short,2026-03-21 23:13:57
cooldown после ATR-стопа ещё активен 240s; цена отошла только на 0.34 ATR,True,AVAX-USDT-SWAP,ATR стоп 2.0N,0.0,9.488,True,short,2026-03-21 23:14:29
cooldown после ATR-стопа ещё активен 713s; цена отошла только на 0.49 ATR,True,DOGE-USDT-SWAP,ATR стоп 2.0N,0.0,0.09405,True,short,2026-03-21 23:15:17
cooldown после ATR-стопа ещё активен 701s; цена отошла только на 0.74 ATR,True,FLOKI-USDT-SWAP,Канальный выход 10 свечей,0.0,2.975e-05,True,short,2026-03-21 23:15:18
cooldown после ATR-стопа ещё активен 601s; цена отошла только на 0.49 ATR,True,DOGE-USDT-SWAP,ATR стоп 2.0N,0.0,0.09405,True,short,2026-03-21 23:17:09
cooldown после ATR-стопа ещё активен 589s; цена отошла только на 0.74 ATR,True,FLOKI-USDT-SWAP,Канальный выход 10 свечей,0.0,2.975e-05,True,short,2026-03-21 23:17:10
cooldown после ATR-стопа ещё активен 1775s; цена отошла только на 0.00 ATR,True,CELO-USDT-SWAP,Ошибка: первичный стоп не подтверждён на бирже,0.0,0.0845,True,long,2026-03-21 23:18:16
cooldown после ATR-стопа ещё активен 532s; цена отошла только на 0.49 ATR,True,DOGE-USDT-SWAP,ATR стоп 2.0N,0.0,0.09405,True,short,2026-03-21 23:18:17
cooldown после ATR-стопа ещё активен 521s; цена отошла только на 0.74 ATR,True,FLOKI-USDT-SWAP,Канальный выход 10 свечей,0.0,2.975e-05,True,short,2026-03-21 23:18:18
cooldown после ATR-стопа ещё активен 1731s; цена отошла только на 0.00 ATR,True,CELO-USDT-SWAP,Ошибка: первичный стоп не подтверждён на бирже,0.0,0.0845,True,long,2026-03-21 23:18:59
cooldown после ATR-стопа ещё активен 489s; цена отошла только на 0.49 ATR,True,DOGE-USDT-SWAP,ATR стоп 2.0N,0.0,0.09405,True,short,2026-03-21 23:19:01
cooldown после ATR-стопа ещё активен 478s; цена отошла только на 0.74 ATR,True,FLOKI-USDT-SWAP,Канальный выход 10 свечей,0.0,2.975e-05,True,short,2026-03-21 23:19:01
cooldown после ATR-стопа ещё активен 1693s; цена отошла только на 0.00 ATR,True,CELO-USDT-SWAP,Ошибка: первичный стоп не подтверждён на бирже,0.0,0.0845,True,long,2026-03-21 23:19:37
cooldown после ATR-стопа ещё активен 451s; цена отошла только на 0.49 ATR,True,DOGE-USDT-SWAP,ATR стоп 2.0N,0.0,0.09405,True,short,2026-03-21 23:19:39
cooldown после ATR-стопа ещё активен 440s; цена отошла только на 0.74 ATR,True,FLOKI-USDT-SWAP,Канальный выход 10 свечей,0.0,2.975e-05,True,short,2026-03-21 23:19:39
cooldown после ATR-стопа ещё активен 1650s; цена отошла только на 0.00 ATR,True,CELO-USDT-SWAP,Ошибка: первичный стоп не подтверждён на бирже,0.0,0.0845,True,long,2026-03-21 23:20:21
cooldown после ATR-стопа ещё активен 407s; цена отошла только на 0.49 ATR,True,DOGE-USDT-SWAP,ATR стоп 2.0N,0.0,0.09405,True,short,2026-03-21 23:20:22
cooldown после ATR-стопа ещё активен 1726s; цена отошла только на 0.26 ATR,True,MASK-USDT-SWAP,ATR стоп 2.0N,0.0,0.468,True,short,2026-03-21 23:20:26
cooldown после ATR-стопа ещё активен 336s; цена отошла только на 0.49 ATR,True,DOGE-USDT-SWAP,ATR стоп 2.0N,0.0,0.09405,True,short,2026-03-21 23:21:34
cooldown после ATR-стопа ещё активен 1654s; цена отошла только на 0.26 ATR,True,MASK-USDT-SWAP,ATR стоп 2.0N,0.0,0.468,True,short,2026-03-21 23:21:37
cooldown после ATR-стопа ещё активен 280s; цена отошла только на 0.49 ATR,True,DOGE-USDT-SWAP,ATR стоп 2.0N,0.0,0.09405,True,short,2026-03-21 23:22:30
cooldown после ATR-стопа ещё активен 1598s; цена отошла только на 0.26 ATR,True,MASK-USDT-SWAP,ATR стоп 2.0N,0.0,0.468,True,short,2026-03-21 23:22:33
cooldown после ATR-стопа ещё активен 236s; цена отошла только на 0.49 ATR,True,DOGE-USDT-SWAP,ATR стоп 2.0N,0.0,0.09405,True,short,2026-03-21 23:23:14
cooldown после ATR-стопа ещё активен 1554s; цена отошла только на 0.26 ATR,True,MASK-USDT-SWAP,ATR стоп 2.0N,0.0,0.468,True,short,2026-03-21 23:23:17
cooldown после ATR-стопа ещё активен 185s; цена отошла только на 0.49 ATR,True,DOGE-USDT-SWAP,ATR стоп 2.0N,0.0,0.09405,True,short,2026-03-21 23:24:05
cooldown после ATR-стопа ещё активен 1503s; цена отошла только на 0.26 ATR,True,MASK-USDT-SWAP,ATR стоп 2.0N,0.0,0.468,True,short,2026-03-21 23:24:08
cooldown после ATR-стопа ещё активен 141s; цена отошла только на 0.49 ATR,True,DOGE-USDT-SWAP,ATR стоп 2.0N,0.0,0.09405,True,short,2026-03-21 23:24:49
cooldown после ATR-стопа ещё активен 1458s; цена отошла только на 0.26 ATR,True,MASK-USDT-SWAP,ATR стоп 2.0N,0.0,0.468,True,short,2026-03-21 23:24:54
cooldown после ATR-стопа ещё активен 84s; цена отошла только на 0.98 ATR,True,DOGE-USDT-SWAP,ATR стоп 2.0N,0.0,0.0942,True,short,2026-03-21 23:25:46
cooldown после ATR-стопа ещё активен 1707s; цена отошла только на 0.00 ATR,True,INJ-USDT-SWAP,Канальный выход 10 свечей,0.0,3.104,True,short,2026-03-21 23:25:48
cooldown после ATR-стопа ещё активен 1401s; цена отошла только на 0.26 ATR,True,MASK-USDT-SWAP,ATR стоп 2.0N,0.0,0.468,True,short,2026-03-21 23:25:50
cooldown после ATR-стопа ещё активен 2s; цена отошла только на 0.98 ATR,True,DOGE-USDT-SWAP,ATR стоп 2.0N,0.0,0.0942,True,short,2026-03-21 23:27:08
cooldown после ATR-стопа ещё активен 1624s; цена отошла только на 0.00 ATR,True,INJ-USDT-SWAP,Канальный выход 10 свечей,0.0,3.104,True,short,2026-03-21 23:27:11
cooldown после ATR-стопа ещё активен 1319s; цена отошла только на 0.26 ATR,True,MASK-USDT-SWAP,ATR стоп 2.0N,0.0,0.468,True,short,2026-03-21 23:27:12
cooldown после ATR-стопа ещё активен 1564s; цена отошла только на 0.00 ATR,True,INJ-USDT-SWAP,Канальный выход 10 свечей,0.0,3.104,True,short,2026-03-21 23:28:11
cooldown после ATR-стопа ещё активен 1259s; цена отошла только на 0.26 ATR,True,MASK-USDT-SWAP,ATR стоп 2.0N,0.0,0.468,True,short,2026-03-21 23:28:12
cooldown после ATR-стопа ещё активен 1529s; цена отошла только на 0.00 ATR,True,INJ-USDT-SWAP,Канальный выход 10 свечей,0.0,3.104,True,short,2026-03-21 23:28:47
cooldown после ATR-стопа ещё активен 1223s; цена отошла только на 0.26 ATR,True,MASK-USDT-SWAP,ATR стоп 2.0N,0.0,0.468,True,short,2026-03-21 23:28:48
cooldown после ATR-стопа ещё активен 1483s; цена отошла только на 0.00 ATR,True,INJ-USDT-SWAP,Канальный выход 10 свечей,0.0,3.104,True,short,2026-03-21 23:29:32
cooldown после ATR-стопа ещё активен 1178s; цена отошла только на 0.26 ATR,True,MASK-USDT-SWAP,ATR стоп 2.0N,0.0,0.468,True,short,2026-03-21 23:29:33
cooldown после ATR-стопа ещё активен 1452s; цена отошла только на 0.00 ATR,True,INJ-USDT-SWAP,Канальный выход 10 свечей,0.0,3.104,True,short,2026-03-21 23:30:03
cooldown после ATR-стопа ещё активен 1147s; цена отошла только на 1.04 ATR,True,MASK-USDT-SWAP,ATR стоп 2.0N,0.0,0.4677,True,short,2026-03-21 23:30:04
cooldown после ATR-стопа ещё активен 1317s; цена отошла только на 0.91 ATR,True,SUI-USDT-SWAP,ATR стоп 2.0N,0.0,0.9619,True,short,2026-03-21 23:30:07
cooldown после ATR-стопа ещё активен 1391s; цена отошла только на 0.95 ATR,True,INJ-USDT-SWAP,Канальный выход 10 свечей,0.0,3.106,True,short,2026-03-21 23:31:05
cooldown после ATR-стопа ещё активен 1085s; цена отошла только на 1.04 ATR,True,MASK-USDT-SWAP,ATR стоп 2.0N,0.0,0.4677,True,short,2026-03-21 23:31:06
cooldown после ATR-стопа ещё активен 1255s; цена отошла только на 0.91 ATR,True,SUI-USDT-SWAP,ATR стоп 2.0N,0.0,0.9619,True,short,2026-03-21 23:31:08
cooldown после ATR-стопа ещё активен 1354s; цена отошла только на 0.95 ATR,True,INJ-USDT-SWAP,Канальный выход 10 свечей,0.0,3.106,True,short,2026-03-21 23:31:42
cooldown после ATR-стопа ещё активен 1048s; цена отошла только на 1.04 ATR,True,MASK-USDT-SWAP,ATR стоп 2.0N,0.0,0.4677,True,short,2026-03-21 23:31:43
cooldown после ATR-стопа ещё активен 1219s; цена отошла только на 0.91 ATR,True,SUI-USDT-SWAP,ATR стоп 2.0N,0.0,0.9619,True,short,2026-03-21 23:31:45
cooldown после ATR-стопа ещё активен 1320s; цена отошла только на 0.95 ATR,True,INJ-USDT-SWAP,Канальный выход 10 свечей,0.0,3.106,True,short,2026-03-21 23:32:16
cooldown после ATR-стопа ещё активен 1014s; цена отошла только на 1.04 ATR,True,MASK-USDT-SWAP,ATR стоп 2.0N,0.0,0.4677,True,short,2026-03-21 23:32:17
cooldown после ATR-стопа ещё активен 1184s; цена отошла только на 0.91 ATR,True,SUI-USDT-SWAP,ATR стоп 2.0N,0.0,0.9619,True,short,2026-03-21 23:32:19
cooldown после ATR-стопа ещё активен 1293s; цена отошла только на 0.95 ATR,True,INJ-USDT-SWAP,Канальный выход 10 свечей,0.0,3.106,True,short,2026-03-21 23:32:42
cooldown после ATR-стопа ещё активен 988s; цена отошла только на 1.04 ATR,True,MASK-USDT-SWAP,ATR стоп 2.0N,0.0,0.4677,True,short,2026-03-21 23:32:44
cooldown после ATR-стопа ещё активен 1158s; цена отошла только на 0.91 ATR,True,SUI-USDT-SWAP,ATR стоп 2.0N,0.0,0.9619,True,short,2026-03-21 23:32:45
cooldown после ATR-стопа ещё активен 1259s; цена отошла только на 0.95 ATR,True,INJ-USDT-SWAP,Канальный выход 10 свечей,0.0,3.106,True,short,2026-03-21 23:33:16
cooldown после ATR-стопа ещё активен 954s; цена отошла только на 1.04 ATR,True,MASK-USDT-SWAP,ATR стоп 2.0N,0.0,0.4677,True,short,2026-03-21 23:33:17
cooldown после ATR-стопа ещё активен 1124s; цена отошла только на 0.91 ATR,True,SUI-USDT-SWAP,ATR стоп 2.0N,0.0,0.9619,True,short,2026-03-21 23:33:19
cooldown после ATR-стопа ещё активен 1234s; цена отошла только на 0.95 ATR,True,INJ-USDT-SWAP,Канальный выход 10 свечей,0.0,3.106,True,short,2026-03-21 23:33:41
cooldown после ATR-стопа ещё активен 929s; цена отошла только на 1.04 ATR,True,MASK-USDT-SWAP,ATR стоп 2.0N,0.0,0.4677,True,short,2026-03-21 23:33:43
cooldown после ATR-стопа ещё активен 1207s; цена отошла только на 0.95 ATR,True,INJ-USDT-SWAP,Канальный выход 10 свечей,0.0,3.106,True,short,2026-03-21 23:34:09
cooldown после ATR-стопа ещё активен 901s; цена отошла только на 1.04 ATR,True,MASK-USDT-SWAP,ATR стоп 2.0N,0.0,0.4677,True,short,2026-03-21 23:34:10
cooldown после ATR-стопа ещё активен 1174s; цена отошла только на 0.95 ATR,True,INJ-USDT-SWAP,Канальный выход 10 свечей,0.0,3.106,True,short,2026-03-21 23:34:41
cooldown после ATR-стопа ещё активен 869s; цена отошла только на 1.04 ATR,True,MASK-USDT-SWAP,ATR стоп 2.0N,0.0,0.4677,True,short,2026-03-21 23:34:42
cooldown после ATR-стопа ещё активен 843s; цена отошла только на 1.04 ATR,True,MASK-USDT-SWAP,ATR стоп 2.0N,0.0,0.4677,True,short,2026-03-21 23:35:08
cooldown после ATR-стопа ещё активен 794s; цена отошла только на 1.04 ATR,True,MASK-USDT-SWAP,ATR стоп 2.0N,0.0,0.4677,True,short,2026-03-21 23:35:57
cooldown после ATR-стопа ещё активен 695s; цена отошла только на 1.04 ATR,True,MASK-USDT-SWAP,ATR стоп 2.0N,0.0,0.4677,True,short,2026-03-21 23:37:37
cooldown после ATR-стопа ещё активен 628s; цена отошла только на 1.04 ATR,True,MASK-USDT-SWAP,ATR стоп 2.0N,0.0,0.4677,True,short,2026-03-21 23:38:43
cooldown после ATR-стопа ещё активен 600s; цена отошла только на 1.04 ATR,True,MASK-USDT-SWAP,ATR стоп 2.0N,0.0,0.4677,True,short,2026-03-21 23:39:11
cooldown после ATR-стопа ещё активен 583s; цена отошла только на 1.04 ATR,True,MASK-USDT-SWAP,ATR стоп 2.0N,0.0,0.4677,True,short,2026-03-21 23:39:28
cooldown после ATR-стопа ещё активен 565s; цена отошла только на 1.04 ATR,True,MASK-USDT-SWAP,ATR стоп 2.0N,0.0,0.4677,True,short,2026-03-21 23:39:46
cooldown после ATR-стопа ещё активен 854s; цена отошла только на 0.95 ATR,True,INJ-USDT-SWAP,Канальный выход 10 свечей,0.0,3.106,True,short,2026-03-21 23:40:02
cooldown после ATR-стопа ещё активен 549s; цена отошла только на 0.78 ATR,True,MASK-USDT-SWAP,ATR стоп 2.0N,0.0,0.4684,True,short,2026-03-21 23:40:03
cooldown после ATR-стопа ещё активен 814s; цена отошла только на 0.95 ATR,True,INJ-USDT-SWAP,Канальный выход 10 свечей,0.0,3.106,True,short,2026-03-21 23:40:41
cooldown после ATR-стопа ещё активен 509s; цена отошла только на 0.78 ATR,True,MASK-USDT-SWAP,ATR стоп 2.0N,0.0,0.4684,True,short,2026-03-21 23:40:42
cooldown после ATR-стопа ещё активен 792s; цена отошла только на 0.95 ATR,True,INJ-USDT-SWAP,Канальный выход 10 свечей,0.0,3.106,True,short,2026-03-21 23:41:03
cooldown после ATR-стопа ещё активен 487s; цена отошла только на 0.78 ATR,True,MASK-USDT-SWAP,ATR стоп 2.0N,0.0,0.4684,True,short,2026-03-21 23:41:04
cooldown после ATR-стопа ещё активен 775s; цена отошла только на 0.95 ATR,True,INJ-USDT-SWAP,Канальный выход 10 свечей,0.0,3.106,True,short,2026-03-21 23:41:21
cooldown после ATR-стопа ещё активен 469s; цена отошла только на 0.78 ATR,True,MASK-USDT-SWAP,ATR стоп 2.0N,0.0,0.4684,True,short,2026-03-21 23:41:22
cooldown после ATR-стопа ещё активен 746s; цена отошла только на 0.95 ATR,True,INJ-USDT-SWAP,Канальный выход 10 свечей,0.0,3.106,True,short,2026-03-21 23:41:50
cooldown после ATR-стопа ещё активен 440s; цена отошла только на 0.78 ATR,True,MASK-USDT-SWAP,ATR стоп 2.0N,0.0,0.4684,True,short,2026-03-21 23:41:51
cooldown после ATR-стопа ещё активен 1575s; цена отошла только на 0.71 ATR,True,CRV-USDT-SWAP,Ошибка: первичный стоп не подтверждён на бирже,0.0,0.2348,True,long,2026-03-21 23:42:15
cooldown после ATR-стопа ещё активен 719s; цена отошла только на 0.95 ATR,True,INJ-USDT-SWAP,Канальный выход 10 свечей,0.0,3.106,True,short,2026-03-21 23:42:17
cooldown после ATR-стопа ещё активен 413s; цена отошла только на 0.78 ATR,True,MASK-USDT-SWAP,ATR стоп 2.0N,0.0,0.4684,True,short,2026-03-21 23:42:18
cooldown после ATR-стопа ещё активен 1490s; цена отошла только на 0.71 ATR,True,CRV-USDT-SWAP,Ошибка: первичный стоп не подтверждён на бирже,0.0,0.2348,True,long,2026-03-21 23:43:40
cooldown после ATR-стопа ещё активен 634s; цена отошла только на 0.95 ATR,True,INJ-USDT-SWAP,Канальный выход 10 свечей,0.0,3.106,True,short,2026-03-21 23:43:41
cooldown после ATR-стопа ещё активен 329s; цена отошла только на 0.78 ATR,True,MASK-USDT-SWAP,ATR стоп 2.0N,0.0,0.4684,True,short,2026-03-21 23:43:43
cooldown после ATR-стопа ещё активен 1427s; цена отошла только на 0.71 ATR,True,CRV-USDT-SWAP,Ошибка: первичный стоп не подтверждён на бирже,0.0,0.2348,True,long,2026-03-21 23:44:43
cooldown после ATR-стопа ещё активен 571s; цена отошла только на 0.95 ATR,True,INJ-USDT-SWAP,Канальный выход 10 свечей,0.0,3.106,True,short,2026-03-21 23:44:44
cooldown после ATR-стопа ещё активен 266s; цена отошла только на 0.78 ATR,True,MASK-USDT-SWAP,ATR стоп 2.0N,0.0,0.4684,True,short,2026-03-21 23:44:45
cooldown после ATR-стопа ещё активен 1784s; цена отошла только на 0.56 ATR,True,XTZ-USDT-SWAP,Ошибка: первичный стоп не подтверждён на бирже,0.0,0.3962,True,long,2026-03-21 23:44:48
cooldown после ATR-стопа ещё активен 1564s; цена отошла только на 0.43 ATR,True,BAND-USDT-SWAP,ATR стоп 2.0N,0.0,0.2241,True,long,2026-03-21 23:45:04
cooldown после ATR-стопа ещё активен 549s; цена отошла только на 0.00 ATR,True,INJ-USDT-SWAP,Канальный выход 10 свечей,0.0,3.104,True,short,2026-03-21 23:45:06
cooldown после ATR-стопа ещё активен 244s; цена отошла только на 0.78 ATR,True,MASK-USDT-SWAP,ATR стоп 2.0N,0.0,0.4684,True,short,2026-03-21 23:45:08
cooldown после ATR-стопа ещё активен 1542s; цена отошла только на 0.43 ATR,True,BAND-USDT-SWAP,ATR стоп 2.0N,0.0,0.2241,True,long,2026-03-21 23:45:25
cooldown после ATR-стопа ещё активен 528s; цена отошла только на 0.00 ATR,True,INJ-USDT-SWAP,Канальный выход 10 свечей,0.0,3.104,True,short,2026-03-21 23:45:28
cooldown после ATR-стопа ещё активен 222s; цена отошла только на 0.78 ATR,True,MASK-USDT-SWAP,ATR стоп 2.0N,0.0,0.4684,True,short,2026-03-21 23:45:29
cooldown после ATR-стопа ещё активен 1523s; цена отошла только на 0.43 ATR,True,BAND-USDT-SWAP,ATR стоп 2.0N,0.0,0.2241,True,long,2026-03-21 23:45:44
cooldown после ATR-стопа ещё активен 509s; цена отошла только на 0.00 ATR,True,INJ-USDT-SWAP,Канальный выход 10 свечей,0.0,3.104,True,short,2026-03-21 23:45:47
cooldown после ATR-стопа ещё активен 204s; цена отошла только на 0.78 ATR,True,MASK-USDT-SWAP,ATR стоп 2.0N,0.0,0.4684,True,short,2026-03-21 23:45:48
cooldown после ATR-стопа ещё активен 1504s; цена отошла только на 0.43 ATR,True,BAND-USDT-SWAP,ATR стоп 2.0N,0.0,0.2241,True,long,2026-03-21 23:46:03
cooldown после ATR-стопа ещё активен 490s; цена отошла только на 0.00 ATR,True,INJ-USDT-SWAP,Канальный выход 10 свечей,0.0,3.104,True,short,2026-03-21 23:46:06
cooldown после ATR-стопа ещё активен 184s; цена отошла только на 0.78 ATR,True,MASK-USDT-SWAP,ATR стоп 2.0N,0.0,0.4684,True,short,2026-03-21 23:46:07
cooldown после ATR-стопа ещё активен 1488s; цена отошла только на 0.43 ATR,True,BAND-USDT-SWAP,ATR стоп 2.0N,0.0,0.2241,True,long,2026-03-21 23:46:19
cooldown после ATR-стопа ещё активен 473s; цена отошла только на 0.00 ATR,True,INJ-USDT-SWAP,Канальный выход 10 свечей,0.0,3.104,True,short,2026-03-21 23:46:22
cooldown после ATR-стопа ещё активен 168s; цена отошла только на 0.78 ATR,True,MASK-USDT-SWAP,ATR стоп 2.0N,0.0,0.4684,True,short,2026-03-21 23:46:24
cooldown после ATR-стопа ещё активен 1468s; цена отошла только на 0.43 ATR,True,BAND-USDT-SWAP,ATR стоп 2.0N,0.0,0.2241,True,long,2026-03-21 23:46:39
cooldown после ATR-стопа ещё активен 453s; цена отошла только на 0.00 ATR,True,INJ-USDT-SWAP,Канальный выход 10 свечей,0.0,3.104,True,short,2026-03-21 23:46:42
cooldown после ATR-стопа ещё активен 148s; цена отошла только на 0.78 ATR,True,MASK-USDT-SWAP,ATR стоп 2.0N,0.0,0.4684,True,short,2026-03-21 23:46:44
cooldown после ATR-стопа ещё активен 1452s; цена отошла только на 0.43 ATR,True,BAND-USDT-SWAP,ATR стоп 2.0N,0.0,0.2241,True,long,2026-03-21 23:46:55
cooldown после ATR-стопа ещё активен 437s; цена отошла только на 0.00 ATR,True,INJ-USDT-SWAP,Канальный выход 10 свечей,0.0,3.104,True,short,2026-03-21 23:46:58
cooldown после ATR-стопа ещё активен 132s; цена отошла только на 0.78 ATR,True,MASK-USDT-SWAP,ATR стоп 2.0N,0.0,0.4684,True,short,2026-03-21 23:47:00
cooldown после ATR-стопа ещё активен 1430s; цена отошла только на 0.43 ATR,True,BAND-USDT-SWAP,ATR стоп 2.0N,0.0,0.2241,True,long,2026-03-21 23:47:17
cooldown после ATR-стопа ещё активен 415s; цена отошла только на 0.00 ATR,True,INJ-USDT-SWAP,Канальный выход 10 свечей,0.0,3.104,True,short,2026-03-21 23:47:20
cooldown после ATR-стопа ещё активен 110s; цена отошла только на 0.78 ATR,True,MASK-USDT-SWAP,ATR стоп 2.0N,0.0,0.4684,True,short,2026-03-21 23:47:21
cooldown после ATR-стопа ещё активен 1413s; цена отошла только на 0.43 ATR,True,BAND-USDT-SWAP,ATR стоп 2.0N,0.0,0.2241,True,long,2026-03-21 23:47:34
cooldown после ATR-стопа ещё активен 398s; цена отошла только на 0.00 ATR,True,INJ-USDT-SWAP,Канальный выход 10 свечей,0.0,3.104,True,short,2026-03-21 23:47:37
cooldown после ATR-стопа ещё активен 93s; цена отошла только на 0.78 ATR,True,MASK-USDT-SWAP,ATR стоп 2.0N,0.0,0.4684,True,short,2026-03-21 23:47:38
cooldown после ATR-стопа ещё активен 1395s; цена отошла только на 0.43 ATR,True,BAND-USDT-SWAP,ATR стоп 2.0N,0.0,0.2241,True,long,2026-03-21 23:47:52
cooldown после ATR-стопа ещё активен 381s; цена отошла только на 0.00 ATR,True,INJ-USDT-SWAP,Канальный выход 10 свечей,0.0,3.104,True,short,2026-03-21 23:47:55
cooldown после ATR-стопа ещё активен 75s; цена отошла только на 0.78 ATR,True,MASK-USDT-SWAP,ATR стоп 2.0N,0.0,0.4684,True,short,2026-03-21 23:47:56
cooldown после ATR-стопа ещё активен 1378s; цена отошла только на 0.43 ATR,True,BAND-USDT-SWAP,ATR стоп 2.0N,0.0,0.2241,True,long,2026-03-21 23:48:09
cooldown после ATR-стопа ещё активен 363s; цена отошла только на 0.00 ATR,True,INJ-USDT-SWAP,Канальный выход 10 свечей,0.0,3.104,True,short,2026-03-21 23:48:12
cooldown после ATR-стопа ещё активен 58s; цена отошла только на 0.78 ATR,True,MASK-USDT-SWAP,ATR стоп 2.0N,0.0,0.4684,True,short,2026-03-21 23:48:13
cooldown после ATR-стопа ещё активен 1356s; цена отошла только на 0.43 ATR,True,BAND-USDT-SWAP,ATR стоп 2.0N,0.0,0.2241,True,long,2026-03-21 23:48:31
cooldown после ATR-стопа ещё активен 342s; цена отошла только на 0.00 ATR,True,INJ-USDT-SWAP,Канальный выход 10 свечей,0.0,3.104,True,short,2026-03-21 23:48:34
cooldown после ATR-стопа ещё активен 36s; цена отошла только на 0.78 ATR,True,MASK-USDT-SWAP,ATR стоп 2.0N,0.0,0.4684,True,short,2026-03-21 23:48:35
cooldown после ATR-стопа ещё активен 1341s; цена отошла только на 0.43 ATR,True,BAND-USDT-SWAP,ATR стоп 2.0N,0.0,0.2241,True,long,2026-03-21 23:48:46
cooldown после ATR-стопа ещё активен 327s; цена отошла только на 0.00 ATR,True,INJ-USDT-SWAP,Канальный выход 10 свечей,0.0,3.104,True,short,2026-03-21 23:48:49
cooldown после ATR-стопа ещё активен 22s; цена отошла только на 0.78 ATR,True,MASK-USDT-SWAP,ATR стоп 2.0N,0.0,0.4684,True,short,2026-03-21 23:48:50
cooldown после ATR-стопа ещё активен 1323s; цена отошла только на 0.43 ATR,True,BAND-USDT-SWAP,ATR стоп 2.0N,0.0,0.2241,True,long,2026-03-21 23:49:04
cooldown после ATR-стопа ещё активен 308s; цена отошла только на 0.00 ATR,True,INJ-USDT-SWAP,Канальный выход 10 свечей,0.0,3.104,True,short,2026-03-21 23:49:07
cooldown после ATR-стопа ещё активен 3s; цена отошла только на 0.78 ATR,True,MASK-USDT-SWAP,ATR стоп 2.0N,0.0,0.4684,True,short,2026-03-21 23:49:09
cooldown после ATR-стопа ещё активен 1305s; цена отошла только на 0.43 ATR,True,BAND-USDT-SWAP,ATR стоп 2.0N,0.0,0.2241,True,long,2026-03-21 23:49:22
cooldown после ATR-стопа ещё активен 291s; цена отошла только на 0.00 ATR,True,INJ-USDT-SWAP,Канальный выход 10 свечей,0.0,3.104,True,short,2026-03-21 23:49:25
cooldown после ATR-стопа ещё активен 1285s; цена отошла только на 0.43 ATR,True,BAND-USDT-SWAP,ATR стоп 2.0N,0.0,0.2241,True,long,2026-03-21 23:49:42
cooldown после ATR-стопа ещё активен 271s; цена отошла только на 0.00 ATR,True,INJ-USDT-SWAP,Канальный выход 10 свечей,0.0,3.104,True,short,2026-03-21 23:49:45
cooldown после ATR-стопа ещё активен 1268s; цена отошла только на 0.43 ATR,True,BAND-USDT-SWAP,ATR стоп 2.0N,0.0,0.2241,True,long,2026-03-21 23:49:59
cooldown после ATR-стопа ещё активен 1165s; цена отошла только на 0.43 ATR,True,BAND-USDT-SWAP,ATR стоп 2.0N,0.0,0.2241,True,long,2026-03-21 23:51:42
cooldown после ATR-стопа ещё активен 1789s; цена отошла только на 0.40 ATR,True,INJ-USDT-SWAP,Ошибка: первичный стоп не подтверждён на бирже,0.0,3.111,True,long,2026-03-21 23:51:44
cooldown после ATR-стопа ещё активен 1134s; цена отошла только на 0.43 ATR,True,BAND-USDT-SWAP,ATR стоп 2.0N,0.0,0.2241,True,long,2026-03-21 23:52:13
cooldown после ATR-стопа ещё активен 1758s; цена отошла только на 0.40 ATR,True,INJ-USDT-SWAP,Ошибка: первичный стоп не подтверждён на бирже,0.0,3.111,True,long,2026-03-21 23:52:16
cooldown после ATR-стопа ещё активен 1115s; цена отошла только на 0.43 ATR,True,BAND-USDT-SWAP,ATR стоп 2.0N,0.0,0.2241,True,long,2026-03-21 23:52:32
cooldown после ATR-стопа ещё активен 1739s; цена отошла только на 0.40 ATR,True,INJ-USDT-SWAP,Ошибка: первичный стоп не подтверждён на бирже,0.0,3.111,True,long,2026-03-21 23:52:35
cooldown после ATR-стопа ещё активен 1097s; цена отошла только на 0.43 ATR,True,BAND-USDT-SWAP,ATR стоп 2.0N,0.0,0.2241,True,long,2026-03-21 23:52:50
cooldown после ATR-стопа ещё активен 1721s; цена отошла только на 0.40 ATR,True,INJ-USDT-SWAP,Ошибка: первичный стоп не подтверждён на бирже,0.0,3.111,True,long,2026-03-21 23:52:53
cooldown после ATR-стопа ещё активен 1069s; цена отошла только на 0.43 ATR,True,BAND-USDT-SWAP,ATR стоп 2.0N,0.0,0.2241,True,long,2026-03-21 23:53:18
cooldown после ATR-стопа ещё активен 1693s; цена отошла только на 0.40 ATR,True,INJ-USDT-SWAP,Ошибка: первичный стоп не подтверждён на бирже,0.0,3.111,True,long,2026-03-21 23:53:21
cooldown после ATR-стопа ещё активен 1051s; цена отошла только на 0.43 ATR,True,BAND-USDT-SWAP,ATR стоп 2.0N,0.0,0.2241,True,long,2026-03-21 23:53:36
cooldown после ATR-стопа ещё активен 1675s; цена отошла только на 0.40 ATR,True,INJ-USDT-SWAP,Ошибка: первичный стоп не подтверждён на бирже,0.0,3.111,True,long,2026-03-21 23:53:39
cooldown после ATR-стопа ещё активен 1032s; цена отошла только на 0.43 ATR,True,BAND-USDT-SWAP,ATR стоп 2.0N,0.0,0.2241,True,long,2026-03-21 23:53:55
cooldown после ATR-стопа ещё активен 1656s; цена отошла только на 0.40 ATR,True,INJ-USDT-SWAP,Ошибка: первичный стоп не подтверждён на бирже,0.0,3.111,True,long,2026-03-21 23:53:58
cooldown после ATR-стопа ещё активен 1005s; цена отошла только на 0.43 ATR,True,BAND-USDT-SWAP,ATR стоп 2.0N,0.0,0.2241,True,long,2026-03-21 23:54:22
cooldown после ATR-стопа ещё активен 1628s; цена отошла только на 0.40 ATR,True,INJ-USDT-SWAP,Ошибка: первичный стоп не подтверждён на бирже,0.0,3.111,True,long,2026-03-21 23:54:25
cooldown после ATR-стопа ещё активен 987s; цена отошла только на 0.43 ATR,True,BAND-USDT-SWAP,ATR стоп 2.0N,0.0,0.2241,True,long,2026-03-21 23:54:40
cooldown после ATR-стопа ещё активен 1611s; цена отошла только на 0.40 ATR,True,INJ-USDT-SWAP,Ошибка: первичный стоп не подтверждён на бирже,0.0,3.111,True,long,2026-03-21 23:54:43
cooldown после ATR-стопа ещё активен 969s; цена отошла только на 0.43 ATR,True,BAND-USDT-SWAP,ATR стоп 2.0N,0.0,0.2241,True,long,2026-03-21 23:54:58
cooldown после ATR-стопа ещё активен 932s; цена отошла только на 0.43 ATR,True,BAND-USDT-SWAP,ATR стоп 2.0N,0.0,0.2241,True,long,2026-03-21 23:55:36
cooldown после ATR-стопа ещё активен 904s; цена отошла только на 0.43 ATR,True,BAND-USDT-SWAP,ATR стоп 2.0N,0.0,0.2241,True,long,2026-03-21 23:56:04
cooldown после ATR-стопа ещё активен 854s; цена отошла только на 0.43 ATR,True,BAND-USDT-SWAP,ATR стоп 2.0N,0.0,0.2241,True,long,2026-03-21 23:56:53
cooldown после ATR-стопа ещё активен 825s; цена отошла только на 0.43 ATR,True,BAND-USDT-SWAP,ATR стоп 2.0N,0.0,0.2241,True,long,2026-03-21 23:57:22
cooldown после ATR-стопа ещё активен 780s; цена отошла только на 0.43 ATR,True,BAND-USDT-SWAP,ATR стоп 2.0N,0.0,0.2241,True,long,2026-03-21 23:58:07
cooldown после ATR-стопа ещё активен 754s; цена отошла только на 0.43 ATR,True,BAND-USDT-SWAP,ATR стоп 2.0N,0.0,0.2241,True,long,2026-03-21 23:58:33
cooldown после ATR-стопа ещё активен 708s; цена отошла только на 0.43 ATR,True,BAND-USDT-SWAP,ATR стоп 2.0N,0.0,0.2241,True,long,2026-03-21 23:59:19
cooldown после ATR-стопа ещё активен 683s; цена отошла только на 0.43 ATR,True,BAND-USDT-SWAP,ATR стоп 2.0N,0.0,0.2241,True,long,2026-03-21 23:59:44
cooldown после ATR-стопа ещё активен 656s; цена отошла только на 0.43 ATR,True,BAND-USDT-SWAP,ATR стоп 2.0N,0.0,0.2241,True,long,2026-03-22 00:00:11
cooldown после ATR-стопа ещё активен 612s; цена отошла только на 0.43 ATR,True,BAND-USDT-SWAP,ATR стоп 2.0N,0.0,0.2241,True,long,2026-03-22 00:00:55
cooldown после ATR-стопа ещё активен 576s; цена отошла только на 0.43 ATR,True,BAND-USDT-SWAP,ATR стоп 2.0N,0.0,0.2241,True,long,2026-03-22 00:01:32
cooldown после ATR-стопа ещё активен 553s; цена отошла только на 0.43 ATR,True,BAND-USDT-SWAP,ATR стоп 2.0N,0.0,0.2241,True,long,2026-03-22 00:01:54
cooldown после ATR-стопа ещё активен 535s; цена отошла только на 0.43 ATR,True,BAND-USDT-SWAP,ATR стоп 2.0N,0.0,0.2241,True,long,2026-03-22 00:02:12
cooldown после ATR-стопа ещё активен 511s; цена отошла только на 0.43 ATR,True,BAND-USDT-SWAP,ATR стоп 2.0N,0.0,0.2241,True,long,2026-03-22 00:02:36
cooldown после ATR-стопа ещё активен 485s; цена отошла только на 0.43 ATR,True,BAND-USDT-SWAP,ATR стоп 2.0N,0.0,0.2241,True,long,2026-03-22 00:03:02
cooldown после ATR-стопа ещё активен 467s; цена отошла только на 0.43 ATR,True,BAND-USDT-SWAP,ATR стоп 2.0N,0.0,0.2241,True,long,2026-03-22 00:03:20
cooldown после ATR-стопа ещё активен 445s; цена отошла только на 0.43 ATR,True,BAND-USDT-SWAP,ATR стоп 2.0N,0.0,0.2241,True,long,2026-03-22 00:03:42
cooldown после ATR-стопа ещё активен 423s; цена отошла только на 0.43 ATR,True,BAND-USDT-SWAP,ATR стоп 2.0N,0.0,0.2241,True,long,2026-03-22 00:04:04
cooldown после ATR-стопа ещё активен 406s; цена отошла только на 0.43 ATR,True,BAND-USDT-SWAP,ATR стоп 2.0N,0.0,0.2241,True,long,2026-03-22 00:04:21
cooldown после ATR-стопа ещё активен 383s; цена отошла только на 0.43 ATR,True,BAND-USDT-SWAP,ATR стоп 2.0N,0.0,0.2241,True,long,2026-03-22 00:04:45
cooldown после ATR-стопа ещё активен 362s; цена отошла только на 0.43 ATR,True,BAND-USDT-SWAP,ATR стоп 2.0N,0.0,0.2241,True,long,2026-03-22 00:05:05
cooldown после ATR-стопа ещё активен 324s; цена отошла только на 0.43 ATR,True,BAND-USDT-SWAP,ATR стоп 2.0N,0.0,0.2241,True,long,2026-03-22 00:05:44
cooldown после ATR-стопа ещё активен 1645s; цена отошла только на 0.00 ATR,True,LDO-USDT-SWAP,ATR стоп 2.0N,0.0,0.2978,True,long,2026-03-22 00:05:46
cooldown после ATR-стопа ещё активен 284s; цена отошла только на 0.43 ATR,True,BAND-USDT-SWAP,ATR стоп 2.0N,0.0,0.2241,True,long,2026-03-22 00:06:23
cooldown после ATR-стопа ещё активен 1605s; цена отошла только на 0.00 ATR,True,LDO-USDT-SWAP,ATR стоп 2.0N,0.0,0.2978,True,long,2026-03-22 00:06:26
cooldown после ATR-стопа ещё активен 262s; цена отошла только на 0.43 ATR,True,BAND-USDT-SWAP,ATR стоп 2.0N,0.0,0.2241,True,long,2026-03-22 00:06:45
cooldown после ATR-стопа ещё активен 1583s; цена отошла только на 0.00 ATR,True,LDO-USDT-SWAP,ATR стоп 2.0N,0.0,0.2978,True,long,2026-03-22 00:06:48
cooldown после ATR-стопа ещё активен 243s; цена отошла только на 0.43 ATR,True,BAND-USDT-SWAP,ATR стоп 2.0N,0.0,0.2241,True,long,2026-03-22 00:07:05
cooldown после ATR-стопа ещё активен 1563s; цена отошла только на 0.00 ATR,True,LDO-USDT-SWAP,ATR стоп 2.0N,0.0,0.2978,True,long,2026-03-22 00:07:08
cooldown после ATR-стопа ещё активен 210s; цена отошла только на 0.43 ATR,True,BAND-USDT-SWAP,ATR стоп 2.0N,0.0,0.2241,True,long,2026-03-22 00:07:37
cooldown после ATR-стопа ещё активен 1530s; цена отошла только на 0.00 ATR,True,LDO-USDT-SWAP,ATR стоп 2.0N,0.0,0.2978,True,long,2026-03-22 00:07:40
cooldown после ATR-стопа ещё активен 193s; цена отошла только на 0.43 ATR,True,BAND-USDT-SWAP,ATR стоп 2.0N,0.0,0.2241,True,long,2026-03-22 00:07:55
cooldown после ATR-стопа ещё активен 1513s; цена отошла только на 0.00 ATR,True,LDO-USDT-SWAP,ATR стоп 2.0N,0.0,0.2978,True,long,2026-03-22 00:07:58
cooldown после ATR-стопа ещё активен 176s; цена отошла только на 0.43 ATR,True,BAND-USDT-SWAP,ATR стоп 2.0N,0.0,0.2241,True,long,2026-03-22 00:08:12
cooldown после ATR-стопа ещё активен 1496s; цена отошла только на 0.00 ATR,True,LDO-USDT-SWAP,ATR стоп 2.0N,0.0,0.2978,True,long,2026-03-22 00:08:15
cooldown после ATR-стопа ещё активен 147s; цена отошла только на 0.43 ATR,True,BAND-USDT-SWAP,ATR стоп 2.0N,0.0,0.2241,True,long,2026-03-22 00:08:40
cooldown после ATR-стопа ещё активен 1467s; цена отошла только на 0.00 ATR,True,LDO-USDT-SWAP,ATR стоп 2.0N,0.0,0.2978,True,long,2026-03-22 00:08:43
cooldown после ATR-стопа ещё активен 130s; цена отошла только на 0.43 ATR,True,BAND-USDT-SWAP,ATR стоп 2.0N,0.0,0.2241,True,long,2026-03-22 00:08:57
cooldown после ATR-стопа ещё активен 1450s; цена отошла только на 0.00 ATR,True,LDO-USDT-SWAP,ATR стоп 2.0N,0.0,0.2978,True,long,2026-03-22 00:09:00
cooldown после ATR-стопа ещё активен 113s; цена отошла только на 0.43 ATR,True,BAND-USDT-SWAP,ATR стоп 2.0N,0.0,0.2241,True,long,2026-03-22 00:09:14
cooldown после ATR-стопа ещё активен 1433s; цена отошла только на 0.00 ATR,True,LDO-USDT-SWAP,ATR стоп 2.0N,0.0,0.2978,True,long,2026-03-22 00:09:17
cooldown после ATR-стопа ещё активен 78s; цена отошла только на 0.43 ATR,True,BAND-USDT-SWAP,ATR стоп 2.0N,0.0,0.2241,True,long,2026-03-22 00:09:49
cooldown после ATR-стопа ещё активен 1399s; цена отошла только на 0.00 ATR,True,LDO-USDT-SWAP,ATR стоп 2.0N,0.0,0.2978,True,long,2026-03-22 00:09:52
cooldown после ATR-стопа ещё активен 61s; цена отошла только на 0.22 ATR,True,BAND-USDT-SWAP,ATR стоп 2.0N,0.0,0.224,True,long,2026-03-22 00:10:06
cooldown после ATR-стопа ещё активен 684s; цена отошла только на 0.00 ATR,True,INJ-USDT-SWAP,Ошибка: первичный стоп не подтверждён на бирже,0.0,3.11,True,long,2026-03-22 00:10:10
cooldown после ATR-стопа ещё активен 1381s; цена отошла только на 0.00 ATR,True,LDO-USDT-SWAP,ATR стоп 2.0N,0.0,0.2978,True,long,2026-03-22 00:10:10
cooldown после ATR-стопа ещё активен 29s; цена отошла только на 0.22 ATR,True,BAND-USDT-SWAP,ATR стоп 2.0N,0.0,0.224,True,long,2026-03-22 00:10:39
cooldown после ATR-стопа ещё активен 1789s; цена отошла только на 0.00 ATR,True,IMX-USDT-SWAP,ATR стоп 2.0N,0.0,0.1614,True,short,2026-03-22 00:10:41
cooldown после ATR-стопа ещё активен 652s; цена отошла только на 0.00 ATR,True,INJ-USDT-SWAP,Ошибка: первичный стоп не подтверждён на бирже,0.0,3.11,True,long,2026-03-22 00:10:42
cooldown после ATR-стопа ещё активен 1349s; цена отошла только на 0.00 ATR,True,LDO-USDT-SWAP,ATR стоп 2.0N,0.0,0.2978,True,long,2026-03-22 00:10:42
cooldown после ATR-стопа ещё активен 1s; цена отошла только на 0.22 ATR,True,BAND-USDT-SWAP,ATR стоп 2.0N,0.0,0.224,True,long,2026-03-22 00:11:08
cooldown после ATR-стопа ещё активен 1760s; цена отошла только на 0.00 ATR,True,IMX-USDT-SWAP,ATR стоп 2.0N,0.0,0.1614,True,short,2026-03-22 00:11:10
cooldown после ATR-стопа ещё активен 623s; цена отошла только на 0.00 ATR,True,INJ-USDT-SWAP,Ошибка: первичный стоп не подтверждён на бирже,0.0,3.11,True,long,2026-03-22 00:11:11
cooldown после ATR-стопа ещё активен 1320s; цена отошла только на 0.00 ATR,True,LDO-USDT-SWAP,ATR стоп 2.0N,0.0,0.2978,True,long,2026-03-22 00:11:11
cooldown после ATR-стопа ещё активен 1743s; цена отошла только на 0.00 ATR,True,IMX-USDT-SWAP,ATR стоп 2.0N,0.0,0.1614,True,short,2026-03-22 00:11:28
cooldown после ATR-стопа ещё активен 605s; цена отошла только на 0.00 ATR,True,INJ-USDT-SWAP,Ошибка: первичный стоп не подтверждён на бирже,0.0,3.11,True,long,2026-03-22 00:11:28
cooldown после ATR-стопа ещё активен 1302s; цена отошла только на 0.00 ATR,True,LDO-USDT-SWAP,ATR стоп 2.0N,0.0,0.2978,True,long,2026-03-22 00:11:29
cooldown после ATR-стопа ещё активен 1725s; цена отошла только на 0.00 ATR,True,IMX-USDT-SWAP,ATR стоп 2.0N,0.0,0.1614,True,short,2026-03-22 00:11:45
cooldown после ATR-стопа ещё активен 588s; цена отошла только на 0.00 ATR,True,INJ-USDT-SWAP,Ошибка: первичный стоп не подтверждён на бирже,0.0,3.11,True,long,2026-03-22 00:11:46
cooldown после ATR-стопа ещё активен 1285s; цена отошла только на 0.00 ATR,True,LDO-USDT-SWAP,ATR стоп 2.0N,0.0,0.2978,True,long,2026-03-22 00:11:46
cooldown после ATR-стопа ещё активен 1698s; цена отошла только на 0.00 ATR,True,IMX-USDT-SWAP,ATR стоп 2.0N,0.0,0.1614,True,short,2026-03-22 00:12:12
cooldown после ATR-стопа ещё активен 561s; цена отошла только на 0.00 ATR,True,INJ-USDT-SWAP,Ошибка: первичный стоп не подтверждён на бирже,0.0,3.11,True,long,2026-03-22 00:12:13
cooldown после ATR-стопа ещё активен 1258s; цена отошла только на 0.00 ATR,True,LDO-USDT-SWAP,ATR стоп 2.0N,0.0,0.2978,True,long,2026-03-22 00:12:13
cooldown после ATR-стопа ещё активен 1680s; цена отошла только на 0.00 ATR,True,IMX-USDT-SWAP,ATR стоп 2.0N,0.0,0.1614,True,short,2026-03-22 00:12:31
cooldown после ATR-стопа ещё активен 542s; цена отошла только на 0.00 ATR,True,INJ-USDT-SWAP,Ошибка: первичный стоп не подтверждён на бирже,0.0,3.11,True,long,2026-03-22 00:12:31
cooldown после ATR-стопа ещё активен 1239s; цена отошла только на 0.00 ATR,True,LDO-USDT-SWAP,ATR стоп 2.0N,0.0,0.2978,True,long,2026-03-22 00:12:31
cooldown после ATR-стопа ещё активен 1662s; цена отошла только на 0.00 ATR,True,IMX-USDT-SWAP,ATR стоп 2.0N,0.0,0.1614,True,short,2026-03-22 00:12:48
cooldown после ATR-стопа ещё активен 525s; цена отошла только на 0.00 ATR,True,INJ-USDT-SWAP,Ошибка: первичный стоп не подтверждён на бирже,0.0,3.11,True,long,2026-03-22 00:12:49
cooldown после ATR-стопа ещё активен 1222s; цена отошла только на 0.00 ATR,True,LDO-USDT-SWAP,ATR стоп 2.0N,0.0,0.2978,True,long,2026-03-22 00:12:49
cooldown после ATR-стопа ещё активен 1628s; цена отошла только на 0.00 ATR,True,IMX-USDT-SWAP,ATR стоп 2.0N,0.0,0.1614,True,short,2026-03-22 00:13:22
cooldown после ATR-стопа ещё активен 491s; цена отошла только на 0.00 ATR,True,INJ-USDT-SWAP,Ошибка: первичный стоп не подтверждён на бирже,0.0,3.11,True,long,2026-03-22 00:13:23
cooldown после ATR-стопа ещё активен 1188s; цена отошла только на 0.00 ATR,True,LDO-USDT-SWAP,ATR стоп 2.0N,0.0,0.2978,True,long,2026-03-22 00:13:23
cooldown после ATR-стопа ещё активен 1610s; цена отошла только на 0.00 ATR,True,IMX-USDT-SWAP,ATR стоп 2.0N,0.0,0.1614,True,short,2026-03-22 00:13:41
cooldown после ATR-стопа ещё активен 473s; цена отошла только на 0.00 ATR,True,INJ-USDT-SWAP,Ошибка: первичный стоп не подтверждён на бирже,0.0,3.11,True,long,2026-03-22 00:13:41
cooldown после ATR-стопа ещё активен 1169s; цена отошла только на 0.00 ATR,True,LDO-USDT-SWAP,ATR стоп 2.0N,0.0,0.2978,True,long,2026-03-22 00:13:41
cooldown после ATR-стопа ещё активен 1586s; цена отошла только на 0.00 ATR,True,IMX-USDT-SWAP,ATR стоп 2.0N,0.0,0.1614,True,short,2026-03-22 00:14:04
cooldown после ATR-стопа ещё активен 449s; цена отошла только на 0.00 ATR,True,INJ-USDT-SWAP,Ошибка: первичный стоп не подтверждён на бирже,0.0,3.11,True,long,2026-03-22 00:14:05
cooldown после ATR-стопа ещё активен 1146s; цена отошла только на 0.00 ATR,True,LDO-USDT-SWAP,ATR стоп 2.0N,0.0,0.2978,True,long,2026-03-22 00:14:05
cooldown после ATR-стопа ещё активен 1564s; цена отошла только на 0.00 ATR,True,IMX-USDT-SWAP,ATR стоп 2.0N,0.0,0.1614,True,short,2026-03-22 00:14:26
cooldown после ATR-стопа ещё активен 427s; цена отошла только на 0.00 ATR,True,INJ-USDT-SWAP,Ошибка: первичный стоп не подтверждён на бирже,0.0,3.11,True,long,2026-03-22 00:14:26
cooldown после ATR-стопа ещё активен 1124s; цена отошла только на 0.00 ATR,True,LDO-USDT-SWAP,ATR стоп 2.0N,0.0,0.2978,True,long,2026-03-22 00:14:27
cooldown после ATR-стопа ещё активен 1548s; цена отошла только на 0.00 ATR,True,IMX-USDT-SWAP,ATR стоп 2.0N,0.0,0.1614,True,short,2026-03-22 00:14:43
cooldown после ATR-стопа ещё активен 411s; цена отошла только на 0.00 ATR,True,INJ-USDT-SWAP,Ошибка: первичный стоп не подтверждён на бирже,0.0,3.11,True,long,2026-03-22 00:14:43
cooldown после ATR-стопа ещё активен 1107s; цена отошла только на 0.00 ATR,True,LDO-USDT-SWAP,ATR стоп 2.0N,0.0,0.2978,True,long,2026-03-22 00:14:43
cooldown после ATR-стопа ещё активен 1531s; цена отошла только на 0.00 ATR,True,IMX-USDT-SWAP,ATR стоп 2.0N,0.0,0.1614,True,short,2026-03-22 00:14:59
cooldown после ATR-стопа ещё активен 394s; цена отошла только на 0.00 ATR,True,INJ-USDT-SWAP,Ошибка: первичный стоп не подтверждён на бирже,0.0,3.11,True,long,2026-03-22 00:15:00
cooldown после ATR-стопа ещё активен 1090s; цена отошла только на 0.00 ATR,True,LDO-USDT-SWAP,ATR стоп 2.0N,0.0,0.2978,True,long,2026-03-22 00:15:00
cooldown после ATR-стопа ещё активен 1688s; цена отошла только на 0.00 ATR,True,XTZ-USDT-SWAP,ATR стоп 2.0N,0.0,0.395,True,long,2026-03-22 00:15:04
cooldown после ATR-стопа ещё активен 1697s; цена отошла только на 0.69 ATR,True,AAVE-USDT-SWAP,ATR стоп 2.0N,0.0,111.76,True,long,2026-03-22 00:15:33
cooldown после ATR-стопа ещё активен 1054s; цена отошла только на 0.00 ATR,True,LDO-USDT-SWAP,ATR стоп 2.0N,0.0,0.2978,True,long,2026-03-22 00:15:37
cooldown после ATR-стопа ещё активен 1651s; цена отошла только на 0.00 ATR,True,XTZ-USDT-SWAP,ATR стоп 2.0N,0.0,0.395,True,long,2026-03-22 00:15:40
cooldown после ATR-стопа ещё активен 1656s; цена отошла только на 0.69 ATR,True,AAVE-USDT-SWAP,ATR стоп 2.0N,0.0,111.76,True,long,2026-03-22 00:16:14
cooldown после ATR-стопа ещё активен 1012s; цена отошла только на 0.00 ATR,True,LDO-USDT-SWAP,ATR стоп 2.0N,0.0,0.2978,True,long,2026-03-22 00:16:19
cooldown после ATR-стопа ещё активен 1610s; цена отошла только на 0.00 ATR,True,XTZ-USDT-SWAP,ATR стоп 2.0N,0.0,0.395,True,long,2026-03-22 00:16:22
cooldown после ATR-стопа ещё активен 1629s; цена отошла только на 0.69 ATR,True,AAVE-USDT-SWAP,ATR стоп 2.0N,0.0,111.76,True,long,2026-03-22 00:16:41
cooldown после ATR-стопа ещё активен 987s; цена отошла только на 0.00 ATR,True,LDO-USDT-SWAP,ATR стоп 2.0N,0.0,0.2978,True,long,2026-03-22 00:16:44
cooldown после ATR-стопа ещё активен 1584s; цена отошла только на 0.00 ATR,True,XTZ-USDT-SWAP,ATR стоп 2.0N,0.0,0.395,True,long,2026-03-22 00:16:48
cooldown после ATR-стопа ещё активен 1602s; цена отошла только на 0.69 ATR,True,AAVE-USDT-SWAP,ATR стоп 2.0N,0.0,111.76,True,long,2026-03-22 00:17:07
cooldown после ATR-стопа ещё активен 959s; цена отошла только на 0.00 ATR,True,LDO-USDT-SWAP,ATR стоп 2.0N,0.0,0.2978,True,long,2026-03-22 00:17:12
cooldown после ATR-стопа ещё активен 1555s; цена отошла только на 0.00 ATR,True,XTZ-USDT-SWAP,ATR стоп 2.0N,0.0,0.395,True,long,2026-03-22 00:17:17
cooldown после ATR-стопа ещё активен 1575s; цена отошла только на 0.69 ATR,True,AAVE-USDT-SWAP,ATR стоп 2.0N,0.0,111.76,True,long,2026-03-22 00:17:34
cooldown после ATR-стопа ещё активен 932s; цена отошла только на 0.00 ATR,True,LDO-USDT-SWAP,ATR стоп 2.0N,0.0,0.2978,True,long,2026-03-22 00:17:38
cooldown после ATR-стопа ещё активен 1530s; цена отошла только на 0.00 ATR,True,XTZ-USDT-SWAP,ATR стоп 2.0N,0.0,0.395,True,long,2026-03-22 00:17:42
cooldown после ATR-стопа ещё активен 1548s; цена отошла только на 0.69 ATR,True,AAVE-USDT-SWAP,ATR стоп 2.0N,0.0,111.76,True,long,2026-03-22 00:18:01
cooldown после ATR-стопа ещё активен 906s; цена отошла только на 0.00 ATR,True,LDO-USDT-SWAP,ATR стоп 2.0N,0.0,0.2978,True,long,2026-03-22 00:18:05
cooldown после ATR-стопа ещё активен 1503s; цена отошла только на 0.00 ATR,True,XTZ-USDT-SWAP,ATR стоп 2.0N,0.0,0.395,True,long,2026-03-22 00:18:09
cooldown после ATR-стопа ещё активен 1521s; цена отошла только на 0.69 ATR,True,AAVE-USDT-SWAP,ATR стоп 2.0N,0.0,111.76,True,long,2026-03-22 00:18:29
cooldown после ATR-стопа ещё активен 878s; цена отошла только на 0.00 ATR,True,LDO-USDT-SWAP,ATR стоп 2.0N,0.0,0.2978,True,long,2026-03-22 00:18:33
cooldown после ATR-стопа ещё активен 1475s; цена отошла только на 0.00 ATR,True,XTZ-USDT-SWAP,ATR стоп 2.0N,0.0,0.395,True,long,2026-03-22 00:18:36
cooldown после ATR-стопа ещё активен 1496s; цена отошла только на 0.69 ATR,True,AAVE-USDT-SWAP,ATR стоп 2.0N,0.0,111.76,True,long,2026-03-22 00:18:53
cooldown после ATR-стопа ещё активен 853s; цена отошла только на 0.00 ATR,True,LDO-USDT-SWAP,ATR стоп 2.0N,0.0,0.2978,True,long,2026-03-22 00:18:58
cooldown после ATR-стопа ещё активен 1450s; цена отошла только на 0.00 ATR,True,XTZ-USDT-SWAP,ATR стоп 2.0N,0.0,0.395,True,long,2026-03-22 00:19:01
cooldown после ATR-стопа ещё активен 1469s; цена отошла только на 0.69 ATR,True,AAVE-USDT-SWAP,ATR стоп 2.0N,0.0,111.76,True,long,2026-03-22 00:19:20
cooldown после ATR-стопа ещё активен 826s; цена отошла только на 0.00 ATR,True,LDO-USDT-SWAP,ATR стоп 2.0N,0.0,0.2978,True,long,2026-03-22 00:19:24
cooldown после ATR-стопа ещё активен 1423s; цена отошла только на 0.00 ATR,True,XTZ-USDT-SWAP,ATR стоп 2.0N,0.0,0.395,True,long,2026-03-22 00:19:28
cooldown после ATR-стопа ещё активен 1437s; цена отошла только на 0.69 ATR,True,AAVE-USDT-SWAP,ATR стоп 2.0N,0.0,111.76,True,long,2026-03-22 00:19:52
cooldown после ATR-стопа ещё активен 794s; цена отошла только на 0.00 ATR,True,LDO-USDT-SWAP,ATR стоп 2.0N,0.0,0.2978,True,long,2026-03-22 00:19:57
cooldown после ATR-стопа ещё активен 1391s; цена отошла только на 0.00 ATR,True,XTZ-USDT-SWAP,ATR стоп 2.0N,0.0,0.395,True,long,2026-03-22 00:20:01
cooldown после ATR-стопа ещё активен 1412s; цена отошла только на 0.10 ATR,True,AAVE-USDT-SWAP,ATR стоп 2.0N,0.0,111.7,True,long,2026-03-22 00:20:17
cooldown после ATR-стопа ещё активен 1367s; цена отошла только на 0.00 ATR,True,XTZ-USDT-SWAP,ATR стоп 2.0N,0.0,0.395,True,long,2026-03-22 00:20:25
cooldown после ATR-стопа ещё активен 1386s; цена отошла только на 0.10 ATR,True,AAVE-USDT-SWAP,ATR стоп 2.0N,0.0,111.7,True,long,2026-03-22 00:20:43
cooldown после ATR-стопа ещё активен 1341s; цена отошла только на 0.00 ATR,True,XTZ-USDT-SWAP,ATR стоп 2.0N,0.0,0.395,True,long,2026-03-22 00:20:51
cooldown после ATR-стопа ещё активен 1362s; цена отошла только на 0.10 ATR,True,AAVE-USDT-SWAP,ATR стоп 2.0N,0.0,111.7,True,long,2026-03-22 00:21:08
cooldown после ATR-стопа ещё активен 1316s; цена отошла только на 0.00 ATR,True,XTZ-USDT-SWAP,ATR стоп 2.0N,0.0,0.395,True,long,2026-03-22 00:21:16
cooldown после ATR-стопа ещё активен 1336s; цена отошла только на 0.10 ATR,True,AAVE-USDT-SWAP,ATR стоп 2.0N,0.0,111.7,True,long,2026-03-22 00:21:33
cooldown после ATR-стопа ещё активен 1290s; цена отошла только на 0.00 ATR,True,XTZ-USDT-SWAP,ATR стоп 2.0N,0.0,0.395,True,long,2026-03-22 00:21:41
cooldown после ATR-стопа ещё активен 1310s; цена отошла только на 0.10 ATR,True,AAVE-USDT-SWAP,ATR стоп 2.0N,0.0,111.7,True,long,2026-03-22 00:22:00
cooldown после ATR-стопа ещё активен 1264s; цена отошла только на 0.00 ATR,True,XTZ-USDT-SWAP,ATR стоп 2.0N,0.0,0.395,True,long,2026-03-22 00:22:07
cooldown после ATR-стопа ещё активен 1285s; цена отошла только на 0.10 ATR,True,AAVE-USDT-SWAP,ATR стоп 2.0N,0.0,111.7,True,long,2026-03-22 00:22:24
cooldown после ATR-стопа ещё активен 1239s; цена отошла только на 0.00 ATR,True,XTZ-USDT-SWAP,ATR стоп 2.0N,0.0,0.395,True,long,2026-03-22 00:22:33
cooldown после ATR-стопа ещё активен 1260s; цена отошла только на 0.10 ATR,True,AAVE-USDT-SWAP,ATR стоп 2.0N,0.0,111.7,True,long,2026-03-22 00:22:49
cooldown после ATR-стопа ещё активен 1215s; цена отошла только на 0.00 ATR,True,XTZ-USDT-SWAP,ATR стоп 2.0N,0.0,0.395,True,long,2026-03-22 00:22:57
cooldown после ATR-стопа ещё активен 1234s; цена отошла только на 0.10 ATR,True,AAVE-USDT-SWAP,ATR стоп 2.0N,0.0,111.7,True,long,2026-03-22 00:23:15
cooldown после ATR-стопа ещё активен 1188s; цена отошла только на 0.00 ATR,True,XTZ-USDT-SWAP,ATR стоп 2.0N,0.0,0.395,True,long,2026-03-22 00:23:23
cooldown после ATR-стопа ещё активен 1209s; цена отошла только на 0.10 ATR,True,AAVE-USDT-SWAP,ATR стоп 2.0N,0.0,111.7,True,long,2026-03-22 00:23:40
cooldown после ATR-стопа ещё активен 1164s; цена отошла только на 0.00 ATR,True,XTZ-USDT-SWAP,ATR стоп 2.0N,0.0,0.395,True,long,2026-03-22 00:23:48
cooldown после ATR-стопа ещё активен 1185s; цена отошла только на 0.10 ATR,True,AAVE-USDT-SWAP,ATR стоп 2.0N,0.0,111.7,True,long,2026-03-22 00:24:05
cooldown после ATR-стопа ещё активен 1139s; цена отошла только на 0.00 ATR,True,XTZ-USDT-SWAP,ATR стоп 2.0N,0.0,0.395,True,long,2026-03-22 00:24:12
cooldown после ATR-стопа ещё активен 1158s; цена отошла только на 0.10 ATR,True,AAVE-USDT-SWAP,ATR стоп 2.0N,0.0,111.7,True,long,2026-03-22 00:24:31
cooldown после ATR-стопа ещё активен 1113s; цена отошла только на 0.00 ATR,True,XTZ-USDT-SWAP,ATR стоп 2.0N,0.0,0.395,True,long,2026-03-22 00:24:39
cooldown после ATR-стопа ещё активен 1134s; цена отошла только на 0.10 ATR,True,AAVE-USDT-SWAP,ATR стоп 2.0N,0.0,111.7,True,long,2026-03-22 00:24:55
cooldown после ATR-стопа ещё активен 1087s; цена отошла только на 0.59 ATR,True,AAVE-USDT-SWAP,ATR стоп 2.0N,0.0,111.63,True,long,2026-03-22 00:25:42
cooldown после ATR-стопа ещё активен 444s; цена отошла только на 0.74 ATR,True,LDO-USDT-SWAP,ATR стоп 2.0N,0.0,0.2977,True,long,2026-03-22 00:25:46
cooldown после ATR-стопа ещё активен 1051s; цена отошла только на 0.59 ATR,True,AAVE-USDT-SWAP,ATR стоп 2.0N,0.0,111.63,True,long,2026-03-22 00:26:18
cooldown после ATR-стопа ещё активен 408s; цена отошла только на 0.74 ATR,True,LDO-USDT-SWAP,ATR стоп 2.0N,0.0,0.2977,True,long,2026-03-22 00:26:22
cooldown после ATR-стопа ещё активен 1016s; цена отошла только на 0.59 ATR,True,AAVE-USDT-SWAP,ATR стоп 2.0N,0.0,111.63,True,long,2026-03-22 00:26:54
cooldown после ATR-стопа ещё активен 373s; цена отошла только на 0.74 ATR,True,LDO-USDT-SWAP,ATR стоп 2.0N,0.0,0.2977,True,long,2026-03-22 00:26:58
cooldown после ATR-стопа ещё активен 983s; цена отошла только на 0.59 ATR,True,AAVE-USDT-SWAP,ATR стоп 2.0N,0.0,111.63,True,long,2026-03-22 00:27:27
cooldown после ATR-стопа ещё активен 340s; цена отошла только на 0.74 ATR,True,LDO-USDT-SWAP,ATR стоп 2.0N,0.0,0.2977,True,long,2026-03-22 00:27:31
cooldown после ATR-стопа ещё активен 955s; цена отошла только на 0.59 ATR,True,AAVE-USDT-SWAP,ATR стоп 2.0N,0.0,111.63,True,long,2026-03-22 00:27:54
cooldown после ATR-стопа ещё активен 312s; цена отошла только на 0.74 ATR,True,LDO-USDT-SWAP,ATR стоп 2.0N,0.0,0.2977,True,long,2026-03-22 00:27:58
cooldown после ATR-стопа ещё активен 929s; цена отошла только на 0.59 ATR,True,AAVE-USDT-SWAP,ATR стоп 2.0N,0.0,111.63,True,long,2026-03-22 00:28:20
cooldown после ATR-стопа ещё активен 286s; цена отошла только на 0.74 ATR,True,LDO-USDT-SWAP,ATR стоп 2.0N,0.0,0.2977,True,long,2026-03-22 00:28:24
cooldown после ATR-стопа ещё активен 910s; цена отошла только на 0.59 ATR,True,AAVE-USDT-SWAP,ATR стоп 2.0N,0.0,111.63,True,long,2026-03-22 00:28:39
cooldown после ATR-стопа ещё активен 267s; цена отошла только на 0.74 ATR,True,LDO-USDT-SWAP,ATR стоп 2.0N,0.0,0.2977,True,long,2026-03-22 00:28:44
cooldown после ATR-стопа ещё активен 892s; цена отошла только на 0.59 ATR,True,AAVE-USDT-SWAP,ATR стоп 2.0N,0.0,111.63,True,long,2026-03-22 00:28:57
cooldown после ATR-стопа ещё активен 250s; цена отошла только на 0.74 ATR,True,LDO-USDT-SWAP,ATR стоп 2.0N,0.0,0.2977,True,long,2026-03-22 00:29:01
cooldown после ATR-стопа ещё активен 875s; цена отошла только на 0.59 ATR,True,AAVE-USDT-SWAP,ATR стоп 2.0N,0.0,111.63,True,long,2026-03-22 00:29:15
cooldown после ATR-стопа ещё активен 232s; цена отошла только на 0.74 ATR,True,LDO-USDT-SWAP,ATR стоп 2.0N,0.0,0.2977,True,long,2026-03-22 00:29:19
cooldown после ATR-стопа ещё активен 859s; цена отошла только на 0.59 ATR,True,AAVE-USDT-SWAP,ATR стоп 2.0N,0.0,111.63,True,long,2026-03-22 00:29:31
cooldown после ATR-стопа ещё активен 216s; цена отошла только на 0.74 ATR,True,LDO-USDT-SWAP,ATR стоп 2.0N,0.0,0.2977,True,long,2026-03-22 00:29:35
cooldown после ATR-стопа ещё активен 839s; цена отошла только на 0.59 ATR,True,AAVE-USDT-SWAP,ATR стоп 2.0N,0.0,111.63,True,long,2026-03-22 00:29:50
cooldown после ATR-стопа ещё активен 196s; цена отошла только на 0.74 ATR,True,LDO-USDT-SWAP,ATR стоп 2.0N,0.0,0.2977,True,long,2026-03-22 00:29:54
cooldown после ATR-стопа ещё активен 820s; цена отошла только на 0.10 ATR,True,AAVE-USDT-SWAP,ATR стоп 2.0N,0.0,111.7,True,long,2026-03-22 00:30:09
cooldown после ATR-стопа ещё активен 177s; цена отошла только на 0.74 ATR,True,LDO-USDT-SWAP,ATR стоп 2.0N,0.0,0.2977,True,long,2026-03-22 00:30:14
cooldown после ATR-стопа ещё активен 799s; цена отошла только на 0.10 ATR,True,AAVE-USDT-SWAP,ATR стоп 2.0N,0.0,111.7,True,long,2026-03-22 00:30:30
cooldown после ATR-стопа ещё активен 156s; цена отошла только на 0.74 ATR,True,LDO-USDT-SWAP,ATR стоп 2.0N,0.0,0.2977,True,long,2026-03-22 00:30:35
cooldown после ATR-стопа ещё активен 784s; цена отошла только на 0.10 ATR,True,AAVE-USDT-SWAP,ATR стоп 2.0N,0.0,111.7,True,long,2026-03-22 00:30:46
cooldown после ATR-стопа ещё активен 141s; цена отошла только на 0.74 ATR,True,LDO-USDT-SWAP,ATR стоп 2.0N,0.0,0.2977,True,long,2026-03-22 00:30:50
cooldown после ATR-стопа ещё активен 766s; цена отошла только на 0.10 ATR,True,AAVE-USDT-SWAP,ATR стоп 2.0N,0.0,111.7,True,long,2026-03-22 00:31:03
cooldown после ATR-стопа ещё активен 123s; цена отошла только на 0.74 ATR,True,LDO-USDT-SWAP,ATR стоп 2.0N,0.0,0.2977,True,long,2026-03-22 00:31:07
cooldown после ATR-стопа ещё активен 748s; цена отошла только на 0.10 ATR,True,AAVE-USDT-SWAP,ATR стоп 2.0N,0.0,111.7,True,long,2026-03-22 00:31:21
cooldown после ATR-стопа ещё активен 105s; цена отошла только на 0.74 ATR,True,LDO-USDT-SWAP,ATR стоп 2.0N,0.0,0.2977,True,long,2026-03-22 00:31:25
cooldown после ATR-стопа ещё активен 729s; цена отошла только на 0.10 ATR,True,AAVE-USDT-SWAP,ATR стоп 2.0N,0.0,111.7,True,long,2026-03-22 00:31:40
cooldown после ATR-стопа ещё активен 87s; цена отошла только на 0.74 ATR,True,LDO-USDT-SWAP,ATR стоп 2.0N,0.0,0.2977,True,long,2026-03-22 00:31:44
cooldown после ATR-стопа ещё активен 714s; цена отошла только на 0.10 ATR,True,AAVE-USDT-SWAP,ATR стоп 2.0N,0.0,111.7,True,long,2026-03-22 00:31:55
cooldown после ATR-стопа ещё активен 71s; цена отошла только на 0.74 ATR,True,LDO-USDT-SWAP,ATR стоп 2.0N,0.0,0.2977,True,long,2026-03-22 00:31:59
cooldown после ATR-стопа ещё активен 686s; цена отошла только на 0.10 ATR,True,AAVE-USDT-SWAP,ATR стоп 2.0N,0.0,111.7,True,long,2026-03-22 00:32:23
cooldown после ATR-стопа ещё активен 43s; цена отошла только на 0.74 ATR,True,LDO-USDT-SWAP,ATR стоп 2.0N,0.0,0.2977,True,long,2026-03-22 00:32:28
cooldown после ATR-стопа ещё активен 668s; цена отошла только на 0.10 ATR,True,AAVE-USDT-SWAP,ATR стоп 2.0N,0.0,111.7,True,long,2026-03-22 00:32:41
cooldown после ATR-стопа ещё активен 25s; цена отошла только на 0.74 ATR,True,LDO-USDT-SWAP,ATR стоп 2.0N,0.0,0.2977,True,long,2026-03-22 00:32:45
cooldown после ATR-стопа ещё активен 653s; цена отошла только на 0.10 ATR,True,AAVE-USDT-SWAP,ATR стоп 2.0N,0.0,111.7,True,long,2026-03-22 00:32:57
cooldown после ATR-стопа ещё активен 10s; цена отошла только на 0.74 ATR,True,LDO-USDT-SWAP,ATR стоп 2.0N,0.0,0.2977,True,long,2026-03-22 00:33:01
cooldown после ATR-стопа ещё активен 637s; цена отошла только на 0.10 ATR,True,AAVE-USDT-SWAP,ATR стоп 2.0N,0.0,111.7,True,long,2026-03-22 00:33:12
cooldown после ATR-стопа ещё активен 620s; цена отошла только на 0.10 ATR,True,AAVE-USDT-SWAP,ATR стоп 2.0N,0.0,111.7,True,long,2026-03-22 00:33:30
cooldown после ATR-стопа ещё активен 602s; цена отошла только на 0.10 ATR,True,AAVE-USDT-SWAP,ATR стоп 2.0N,0.0,111.7,True,long,2026-03-22 00:33:48
cooldown после ATR-стопа ещё активен 586s; цена отошла только на 0.10 ATR,True,AAVE-USDT-SWAP,ATR стоп 2.0N,0.0,111.7,True,long,2026-03-22 00:34:03
cooldown после ATR-стопа ещё активен 571s; цена отошла только на 0.10 ATR,True,AAVE-USDT-SWAP,ATR стоп 2.0N,0.0,111.7,True,long,2026-03-22 00:34:18
cooldown после ATR-стопа ещё активен 555s; цена отошла только на 0.10 ATR,True,AAVE-USDT-SWAP,ATR стоп 2.0N,0.0,111.7,True,long,2026-03-22 00:34:35
cooldown после ATR-стопа ещё активен 537s; цена отошла только на 0.10 ATR,True,AAVE-USDT-SWAP,ATR стоп 2.0N,0.0,111.7,True,long,2026-03-22 00:34:52
cooldown после ATR-стопа ещё активен 522s; цена отошла только на 0.10 ATR,True,AAVE-USDT-SWAP,ATR стоп 2.0N,0.0,111.7,True,long,2026-03-22 00:35:07
cooldown после ATR-стопа ещё активен 428s; цена отошла только на 0.10 ATR,True,AAVE-USDT-SWAP,ATR стоп 2.0N,0.0,111.7,True,long,2026-03-22 00:36:41
cooldown после ATR-стопа ещё активен 343s; цена отошла только на 0.10 ATR,True,AAVE-USDT-SWAP,ATR стоп 2.0N,0.0,111.7,True,long,2026-03-22 00:38:06
cooldown после ATR-стопа ещё активен 1791s; цена отошла только на 0.00 ATR,True,COMP-USDT-SWAP,Ошибка: первичный стоп не подтверждён на бирже,0.0,19.23,True,short,2026-03-22 00:38:08
cooldown после ATR-стопа ещё активен 323s; цена отошла только на 0.10 ATR,True,AAVE-USDT-SWAP,ATR стоп 2.0N,0.0,111.7,True,long,2026-03-22 00:38:27
cooldown после ATR-стопа ещё активен 1771s; цена отошла только на 0.00 ATR,True,COMP-USDT-SWAP,Ошибка: первичный стоп не подтверждён на бирже,0.0,19.23,True,short,2026-03-22 00:38:28
cooldown после ATR-стопа ещё активен 307s; цена отошла только на 0.10 ATR,True,AAVE-USDT-SWAP,ATR стоп 2.0N,0.0,111.7,True,long,2026-03-22 00:38:43
cooldown после ATR-стопа ещё активен 1755s; цена отошла только на 0.00 ATR,True,COMP-USDT-SWAP,Ошибка: первичный стоп не подтверждён на бирже,0.0,19.23,True,short,2026-03-22 00:38:44
cooldown после ATR-стопа ещё активен 291s; цена отошла только на 0.10 ATR,True,AAVE-USDT-SWAP,ATR стоп 2.0N,0.0,111.7,True,long,2026-03-22 00:38:59
cooldown после ATR-стопа ещё активен 1739s; цена отошла только на 0.00 ATR,True,COMP-USDT-SWAP,Ошибка: первичный стоп не подтверждён на бирже,0.0,19.23,True,short,2026-03-22 00:39:00
cooldown после ATR-стопа ещё активен 276s; цена отошла только на 0.10 ATR,True,AAVE-USDT-SWAP,ATR стоп 2.0N,0.0,111.7,True,long,2026-03-22 00:39:13
cooldown после ATR-стопа ещё активен 1724s; цена отошла только на 0.00 ATR,True,COMP-USDT-SWAP,Ошибка: первичный стоп не подтверждён на бирже,0.0,19.23,True,short,2026-03-22 00:39:15
cooldown после ATR-стопа ещё активен 255s; цена отошла только на 0.10 ATR,True,AAVE-USDT-SWAP,ATR стоп 2.0N,0.0,111.7,True,long,2026-03-22 00:39:34
cooldown после ATR-стопа ещё активен 1704s; цена отошла только на 0.00 ATR,True,COMP-USDT-SWAP,Ошибка: первичный стоп не подтверждён на бирже,0.0,19.23,True,short,2026-03-22 00:39:36
cooldown после ATR-стопа ещё активен 240s; цена отошла только на 0.10 ATR,True,AAVE-USDT-SWAP,ATR стоп 2.0N,0.0,111.7,True,long,2026-03-22 00:39:50
cooldown после ATR-стопа ещё активен 1688s; цена отошла только на 0.00 ATR,True,COMP-USDT-SWAP,Ошибка: первичный стоп не подтверждён на бирже,0.0,19.23,True,short,2026-03-22 00:39:51
cooldown после ATR-стопа ещё активен 225s; цена отошла только на 0.99 ATR,True,AAVE-USDT-SWAP,ATR стоп 2.0N,0.0,111.79,True,long,2026-03-22 00:40:04
cooldown после ATR-стопа ещё активен 201s; цена отошла только на 0.99 ATR,True,AAVE-USDT-SWAP,ATR стоп 2.0N,0.0,111.79,True,long,2026-03-22 00:40:29
cooldown после ATR-стопа ещё активен 169s; цена отошла только на 0.99 ATR,True,AAVE-USDT-SWAP,ATR стоп 2.0N,0.0,111.79,True,long,2026-03-22 00:41:00
cooldown после ATR-стопа ещё активен 1786s; цена отошла только на 0.00 ATR,True,MASK-USDT-SWAP,ATR стоп 2.0N,0.0,0.4665,True,short,2026-03-22 00:41:04
cooldown после ATR-стопа ещё активен 155s; цена отошла только на 0.99 ATR,True,AAVE-USDT-SWAP,ATR стоп 2.0N,0.0,111.79,True,long,2026-03-22 00:41:14
cooldown после ATR-стопа ещё активен 1771s; цена отошла только на 0.00 ATR,True,MASK-USDT-SWAP,ATR стоп 2.0N,0.0,0.4665,True,short,2026-03-22 00:41:19
cooldown после ATR-стопа ещё активен 141s; цена отошла только на 0.99 ATR,True,AAVE-USDT-SWAP,ATR стоп 2.0N,0.0,111.79,True,long,2026-03-22 00:41:29
cooldown после ATR-стопа ещё активен 1755s; цена отошла только на 0.00 ATR,True,MASK-USDT-SWAP,ATR стоп 2.0N,0.0,0.4665,True,short,2026-03-22 00:41:34
cooldown после ATR-стопа ещё активен 123s; цена отошла только на 0.99 ATR,True,AAVE-USDT-SWAP,ATR стоп 2.0N,0.0,111.79,True,long,2026-03-22 00:41:46
cooldown после ATR-стопа ещё активен 1739s; цена отошла только на 0.00 ATR,True,MASK-USDT-SWAP,ATR стоп 2.0N,0.0,0.4665,True,short,2026-03-22 00:41:51
cooldown после ATR-стопа ещё активен 107s; цена отошла только на 0.99 ATR,True,AAVE-USDT-SWAP,ATR стоп 2.0N,0.0,111.79,True,long,2026-03-22 00:42:03
cooldown после ATR-стопа ещё активен 1722s; цена отошла только на 0.00 ATR,True,MASK-USDT-SWAP,ATR стоп 2.0N,0.0,0.4665,True,short,2026-03-22 00:42:07
cooldown после ATR-стопа ещё активен 92s; цена отошла только на 0.99 ATR,True,AAVE-USDT-SWAP,ATR стоп 2.0N,0.0,111.79,True,long,2026-03-22 00:42:18
cooldown после ATR-стопа ещё активен 1707s; цена отошла только на 0.00 ATR,True,MASK-USDT-SWAP,ATR стоп 2.0N,0.0,0.4665,True,short,2026-03-22 00:42:23
cooldown после ATR-стопа ещё активен 76s; цена отошла только на 0.99 ATR,True,AAVE-USDT-SWAP,ATR стоп 2.0N,0.0,111.79,True,long,2026-03-22 00:42:33
cooldown после ATR-стопа ещё активен 1692s; цена отошла только на 0.00 ATR,True,MASK-USDT-SWAP,ATR стоп 2.0N,0.0,0.4665,True,short,2026-03-22 00:42:38
cooldown после ATR-стопа ещё активен 60s; цена отошла только на 0.99 ATR,True,AAVE-USDT-SWAP,ATR стоп 2.0N,0.0,111.79,True,long,2026-03-22 00:42:49
cooldown после ATR-стопа ещё активен 1676s; цена отошла только на 0.00 ATR,True,MASK-USDT-SWAP,ATR стоп 2.0N,0.0,0.4665,True,short,2026-03-22 00:42:54
cooldown после ATR-стопа ещё активен 42s; цена отошла только на 0.99 ATR,True,AAVE-USDT-SWAP,ATR стоп 2.0N,0.0,111.79,True,long,2026-03-22 00:43:07
cooldown после ATR-стопа ещё активен 1658s; цена отошла только на 0.00 ATR,True,MASK-USDT-SWAP,ATR стоп 2.0N,0.0,0.4665,True,short,2026-03-22 00:43:12
cooldown после ATR-стопа ещё активен 28s; цена отошла только на 0.99 ATR,True,AAVE-USDT-SWAP,ATR стоп 2.0N,0.0,111.79,True,long,2026-03-22 00:43:22
cooldown после ATR-стопа ещё активен 1643s; цена отошла только на 0.00 ATR,True,MASK-USDT-SWAP,ATR стоп 2.0N,0.0,0.4665,True,short,2026-03-22 00:43:27
cooldown после ATR-стопа ещё активен 13s; цена отошла только на 0.99 ATR,True,AAVE-USDT-SWAP,ATR стоп 2.0N,0.0,111.79,True,long,2026-03-22 00:43:37
cooldown после ATR-стопа ещё активен 1628s; цена отошла только на 0.00 ATR,True,MASK-USDT-SWAP,ATR стоп 2.0N,0.0,0.4665,True,short,2026-03-22 00:43:41
cooldown после ATR-стопа ещё активен 1610s; цена отошла только на 0.00 ATR,True,MASK-USDT-SWAP,ATR стоп 2.0N,0.0,0.4665,True,short,2026-03-22 00:43:59
cooldown после ATR-стопа ещё активен 1593s; цена отошла только на 0.00 ATR,True,MASK-USDT-SWAP,ATR стоп 2.0N,0.0,0.4665,True,short,2026-03-22 00:44:16
cooldown после ATR-стопа ещё активен 1578s; цена отошла только на 0.00 ATR,True,MASK-USDT-SWAP,ATR стоп 2.0N,0.0,0.4665,True,short,2026-03-22 00:44:31
cooldown после ATR-стопа ещё активен 1563s; цена отошла только на 0.00 ATR,True,MASK-USDT-SWAP,ATR стоп 2.0N,0.0,0.4665,True,short,2026-03-22 00:44:46
cooldown после ATR-стопа ещё активен 1030s; цена отошла только на 0.50 ATR,True,LQTY-USDT-SWAP,ATR стоп 2.0N,0.0,0.2899,True,long,2026-03-22 00:45:03
cooldown после ATR-стопа ещё активен 1546s; цена отошла только на 0.45 ATR,True,MASK-USDT-SWAP,ATR стоп 2.0N,0.0,0.4667,True,short,2026-03-22 00:45:04
cooldown после ATR-стопа ещё активен 1005s; цена отошла только на 0.50 ATR,True,LQTY-USDT-SWAP,ATR стоп 2.0N,0.0,0.2899,True,long,2026-03-22 00:45:28
cooldown после ATR-стопа ещё активен 1521s; цена отошла только на 0.45 ATR,True,MASK-USDT-SWAP,ATR стоп 2.0N,0.0,0.4667,True,short,2026-03-22 00:45:28
cooldown после ATR-стопа ещё активен 990s; цена отошла только на 0.50 ATR,True,LQTY-USDT-SWAP,ATR стоп 2.0N,0.0,0.2899,True,long,2026-03-22 00:45:43
cooldown после ATR-стопа ещё активен 1506s; цена отошла только на 0.45 ATR,True,MASK-USDT-SWAP,ATR стоп 2.0N,0.0,0.4667,True,short,2026-03-22 00:45:44
cooldown после ATR-стопа ещё активен 975s; цена отошла только на 0.50 ATR,True,LQTY-USDT-SWAP,ATR стоп 2.0N,0.0,0.2899,True,long,2026-03-22 00:45:58
cooldown после ATR-стопа ещё активен 1491s; цена отошла только на 0.45 ATR,True,MASK-USDT-SWAP,ATR стоп 2.0N,0.0,0.4667,True,short,2026-03-22 00:45:59
cooldown после ATR-стопа ещё активен 957s; цена отошла только на 0.50 ATR,True,LQTY-USDT-SWAP,ATR стоп 2.0N,0.0,0.2899,True,long,2026-03-22 00:46:16
cooldown после ATR-стопа ещё активен 1473s; цена отошла только на 0.45 ATR,True,MASK-USDT-SWAP,ATR стоп 2.0N,0.0,0.4667,True,short,2026-03-22 00:46:16
cooldown после ATR-стопа ещё активен 939s; цена отошла только на 0.50 ATR,True,LQTY-USDT-SWAP,ATR стоп 2.0N,0.0,0.2899,True,long,2026-03-22 00:46:34
cooldown после ATR-стопа ещё активен 1455s; цена отошла только на 0.45 ATR,True,MASK-USDT-SWAP,ATR стоп 2.0N,0.0,0.4667,True,short,2026-03-22 00:46:35
cooldown после ATR-стопа ещё активен 923s; цена отошла только на 0.50 ATR,True,LQTY-USDT-SWAP,ATR стоп 2.0N,0.0,0.2899,True,long,2026-03-22 00:46:50
cooldown после ATR-стопа ещё активен 1439s; цена отошла только на 0.45 ATR,True,MASK-USDT-SWAP,ATR стоп 2.0N,0.0,0.4667,True,short,2026-03-22 00:46:51
cooldown после ATR-стопа ещё активен 908s; цена отошла только на 0.50 ATR,True,LQTY-USDT-SWAP,ATR стоп 2.0N,0.0,0.2899,True,long,2026-03-22 00:47:05
cooldown после ATR-стопа ещё активен 1424s; цена отошла только на 0.45 ATR,True,MASK-USDT-SWAP,ATR стоп 2.0N,0.0,0.4667,True,short,2026-03-22 00:47:06
cooldown после ATR-стопа ещё активен 890s; цена отошла только на 0.50 ATR,True,LQTY-USDT-SWAP,ATR стоп 2.0N,0.0,0.2899,True,long,2026-03-22 00:47:23
cooldown после ATR-стопа ещё активен 1406s; цена отошла только на 0.45 ATR,True,MASK-USDT-SWAP,ATR стоп 2.0N,0.0,0.4667,True,short,2026-03-22 00:47:24
cooldown после ATR-стопа ещё активен 873s; цена отошла только на 0.50 ATR,True,LQTY-USDT-SWAP,ATR стоп 2.0N,0.0,0.2899,True,long,2026-03-22 00:47:40
cooldown после ATR-стопа ещё активен 1389s; цена отошла только на 0.45 ATR,True,MASK-USDT-SWAP,ATR стоп 2.0N,0.0,0.4667,True,short,2026-03-22 00:47:40
cooldown после ATR-стопа ещё активен 858s; цена отошла только на 0.50 ATR,True,LQTY-USDT-SWAP,ATR стоп 2.0N,0.0,0.2899,True,long,2026-03-22 00:47:55
cooldown после ATR-стопа ещё активен 1374s; цена отошла только на 0.45 ATR,True,MASK-USDT-SWAP,ATR стоп 2.0N,0.0,0.4667,True,short,2026-03-22 00:47:55
cooldown после ATR-стопа ещё активен 843s; цена отошла только на 0.50 ATR,True,LQTY-USDT-SWAP,ATR стоп 2.0N,0.0,0.2899,True,long,2026-03-22 00:48:09
cooldown после ATR-стопа ещё активен 1359s; цена отошла только на 0.45 ATR,True,MASK-USDT-SWAP,ATR стоп 2.0N,0.0,0.4667,True,short,2026-03-22 00:48:10
cooldown после ATR-стопа ещё активен 826s; цена отошла только на 0.50 ATR,True,LQTY-USDT-SWAP,ATR стоп 2.0N,0.0,0.2899,True,long,2026-03-22 00:48:26
cooldown после ATR-стопа ещё активен 1343s; цена отошла только на 0.45 ATR,True,MASK-USDT-SWAP,ATR стоп 2.0N,0.0,0.4667,True,short,2026-03-22 00:48:27
cooldown после ATR-стопа ещё активен 810s; цена отошла только на 0.50 ATR,True,LQTY-USDT-SWAP,ATR стоп 2.0N,0.0,0.2899,True,long,2026-03-22 00:48:43
cooldown после ATR-стопа ещё активен 1326s; цена отошла только на 0.45 ATR,True,MASK-USDT-SWAP,ATR стоп 2.0N,0.0,0.4667,True,short,2026-03-22 00:48:44
cooldown после ATR-стопа ещё активен 795s; цена отошла только на 0.50 ATR,True,LQTY-USDT-SWAP,ATR стоп 2.0N,0.0,0.2899,True,long,2026-03-22 00:48:58
cooldown после ATR-стопа ещё активен 1311s; цена отошла только на 0.45 ATR,True,MASK-USDT-SWAP,ATR стоп 2.0N,0.0,0.4667,True,short,2026-03-22 00:48:59
cooldown после ATR-стопа ещё активен 780s; цена отошла только на 0.50 ATR,True,LQTY-USDT-SWAP,ATR стоп 2.0N,0.0,0.2899,True,long,2026-03-22 00:49:13
cooldown после ATR-стопа ещё активен 1296s; цена отошла только на 0.45 ATR,True,MASK-USDT-SWAP,ATR стоп 2.0N,0.0,0.4667,True,short,2026-03-22 00:49:14
cooldown после ATR-стопа ещё активен 763s; цена отошла только на 0.50 ATR,True,LQTY-USDT-SWAP,ATR стоп 2.0N,0.0,0.2899,True,long,2026-03-22 00:49:30
cooldown после ATR-стопа ещё активен 1279s; цена отошла только на 0.45 ATR,True,MASK-USDT-SWAP,ATR стоп 2.0N,0.0,0.4667,True,short,2026-03-22 00:49:30
cooldown после ATR-стопа ещё активен 744s; цена отошла только на 0.50 ATR,True,LQTY-USDT-SWAP,ATR стоп 2.0N,0.0,0.2899,True,long,2026-03-22 00:49:48
cooldown после ATR-стопа ещё активен 1261s; цена отошла только на 0.45 ATR,True,MASK-USDT-SWAP,ATR стоп 2.0N,0.0,0.4667,True,short,2026-03-22 00:49:49
cooldown после ATR-стопа ещё активен 729s; цена отошла только на 0.20 ATR,True,LQTY-USDT-SWAP,ATR стоп 2.0N,0.0,0.2902,True,long,2026-03-22 00:50:04
cooldown после ATR-стопа ещё активен 1245s; цена отошла только на 0.45 ATR,True,MASK-USDT-SWAP,ATR стоп 2.0N,0.0,0.4667,True,short,2026-03-22 00:50:04
cooldown после ATR-стопа ещё активен 1789s; цена отошла только на 0.43 ATR,True,KSM-USDT-SWAP,ATR стоп 2.0N,0.0,4.56,True,short,2026-03-22 00:50:35
cooldown после ATR-стопа ещё активен 697s; цена отошла только на 0.20 ATR,True,LQTY-USDT-SWAP,ATR стоп 2.0N,0.0,0.2902,True,long,2026-03-22 00:50:36
cooldown после ATR-стопа ещё активен 1213s; цена отошла только на 0.45 ATR,True,MASK-USDT-SWAP,ATR стоп 2.0N,0.0,0.4663,True,short,2026-03-22 00:50:36
cooldown после ATR-стопа ещё активен 1758s; цена отошла только на 0.43 ATR,True,KSM-USDT-SWAP,ATR стоп 2.0N,0.0,4.56,True,short,2026-03-22 00:51:06
cooldown после ATR-стопа ещё активен 666s; цена отошла только на 0.20 ATR,True,LQTY-USDT-SWAP,ATR стоп 2.0N,0.0,0.2902,True,long,2026-03-22 00:51:06
cooldown после ATR-стопа ещё активен 1183s; цена отошла только на 0.45 ATR,True,MASK-USDT-SWAP,ATR стоп 2.0N,0.0,0.4663,True,short,2026-03-22 00:51:07
cooldown после ATR-стопа ещё активен 1740s; цена отошла только на 0.43 ATR,True,KSM-USDT-SWAP,ATR стоп 2.0N,0.0,4.56,True,short,2026-03-22 00:51:24
cooldown после ATR-стопа ещё активен 647s; цена отошла только на 0.20 ATR,True,LQTY-USDT-SWAP,ATR стоп 2.0N,0.0,0.2902,True,long,2026-03-22 00:51:25
cooldown после ATR-стопа ещё активен 1164s; цена отошла только на 0.45 ATR,True,MASK-USDT-SWAP,ATR стоп 2.0N,0.0,0.4663,True,short,2026-03-22 00:51:26
cooldown после ATR-стопа ещё активен 1723s; цена отошла только на 0.43 ATR,True,KSM-USDT-SWAP,ATR стоп 2.0N,0.0,4.56,True,short,2026-03-22 00:51:41
cooldown после ATR-стопа ещё активен 630s; цена отошла только на 0.20 ATR,True,LQTY-USDT-SWAP,ATR стоп 2.0N,0.0,0.2902,True,long,2026-03-22 00:51:42
cooldown после ATR-стопа ещё активен 1147s; цена отошла только на 0.45 ATR,True,MASK-USDT-SWAP,ATR стоп 2.0N,0.0,0.4663,True,short,2026-03-22 00:51:43
cooldown после ATR-стопа ещё активен 1702s; цена отошла только на 0.43 ATR,True,KSM-USDT-SWAP,ATR стоп 2.0N,0.0,4.56,True,short,2026-03-22 00:52:02
cooldown после ATR-стопа ещё активен 610s; цена отошла только на 0.20 ATR,True,LQTY-USDT-SWAP,ATR стоп 2.0N,0.0,0.2902,True,long,2026-03-22 00:52:03
cooldown после ATR-стопа ещё активен 1126s; цена отошла только на 0.45 ATR,True,MASK-USDT-SWAP,ATR стоп 2.0N,0.0,0.4663,True,short,2026-03-22 00:52:04
cooldown после ATR-стопа ещё активен 1683s; цена отошла только на 0.43 ATR,True,KSM-USDT-SWAP,ATR стоп 2.0N,0.0,4.56,True,short,2026-03-22 00:52:21
cooldown после ATR-стопа ещё активен 590s; цена отошла только на 0.20 ATR,True,LQTY-USDT-SWAP,ATR стоп 2.0N,0.0,0.2902,True,long,2026-03-22 00:52:22
cooldown после ATR-стопа ещё активен 1107s; цена отошла только на 0.45 ATR,True,MASK-USDT-SWAP,ATR стоп 2.0N,0.0,0.4663,True,short,2026-03-22 00:52:23
cooldown после ATR-стопа ещё активен 1667s; цена отошла только на 0.43 ATR,True,KSM-USDT-SWAP,ATR стоп 2.0N,0.0,4.56,True,short,2026-03-22 00:52:37
cooldown после ATR-стопа ещё активен 575s; цена отошла только на 0.20 ATR,True,LQTY-USDT-SWAP,ATR стоп 2.0N,0.0,0.2902,True,long,2026-03-22 00:52:38
cooldown после ATR-стопа ещё активен 1091s; цена отошла только на 0.45 ATR,True,MASK-USDT-SWAP,ATR стоп 2.0N,0.0,0.4663,True,short,2026-03-22 00:52:38
cooldown после ATR-стопа ещё активен 1649s; цена отошла только на 0.43 ATR,True,KSM-USDT-SWAP,ATR стоп 2.0N,0.0,4.56,True,short,2026-03-22 00:52:55
cooldown после ATR-стопа ещё активен 557s; цена отошла только на 0.20 ATR,True,LQTY-USDT-SWAP,ATR стоп 2.0N,0.0,0.2902,True,long,2026-03-22 00:52:56
cooldown после ATR-стопа ещё активен 1073s; цена отошла только на 0.45 ATR,True,MASK-USDT-SWAP,ATR стоп 2.0N,0.0,0.4663,True,short,2026-03-22 00:52:56
cooldown после ATR-стопа ещё активен 1627s; цена отошла только на 0.43 ATR,True,KSM-USDT-SWAP,ATR стоп 2.0N,0.0,4.56,True,short,2026-03-22 00:53:17
cooldown после ATR-стопа ещё активен 535s; цена отошла только на 0.20 ATR,True,LQTY-USDT-SWAP,ATR стоп 2.0N,0.0,0.2902,True,long,2026-03-22 00:53:17
cooldown после ATR-стопа ещё активен 1051s; цена отошла только на 0.45 ATR,True,MASK-USDT-SWAP,ATR стоп 2.0N,0.0,0.4663,True,short,2026-03-22 00:53:18
cooldown после ATR-стопа ещё активен 1608s; цена отошла только на 0.43 ATR,True,KSM-USDT-SWAP,ATR стоп 2.0N,0.0,4.56,True,short,2026-03-22 00:53:36
cooldown после ATR-стопа ещё активен 516s; цена отошла только на 0.20 ATR,True,LQTY-USDT-SWAP,ATR стоп 2.0N,0.0,0.2902,True,long,2026-03-22 00:53:37
cooldown после ATR-стопа ещё активен 1032s; цена отошла только на 0.45 ATR,True,MASK-USDT-SWAP,ATR стоп 2.0N,0.0,0.4663,True,short,2026-03-22 00:53:37
cooldown после ATR-стопа ещё активен 1592s; цена отошла только на 0.43 ATR,True,KSM-USDT-SWAP,ATR стоп 2.0N,0.0,4.56,True,short,2026-03-22 00:53:52
cooldown после ATR-стопа ещё активен 500s; цена отошла только на 0.20 ATR,True,LQTY-USDT-SWAP,ATR стоп 2.0N,0.0,0.2902,True,long,2026-03-22 00:53:52
cooldown после ATR-стопа ещё активен 1017s; цена отошла только на 0.45 ATR,True,MASK-USDT-SWAP,ATR стоп 2.0N,0.0,0.4663,True,short,2026-03-22 00:53:53
cooldown после ATR-стопа ещё активен 1574s; цена отошла только на 0.43 ATR,True,KSM-USDT-SWAP,ATR стоп 2.0N,0.0,4.56,True,short,2026-03-22 00:54:10
cooldown после ATR-стопа ещё активен 482s; цена отошла только на 0.20 ATR,True,LQTY-USDT-SWAP,ATR стоп 2.0N,0.0,0.2902,True,long,2026-03-22 00:54:11
cooldown после ATR-стопа ещё активен 998s; цена отошла только на 0.45 ATR,True,MASK-USDT-SWAP,ATR стоп 2.0N,0.0,0.4663,True,short,2026-03-22 00:54:11
cooldown после ATR-стопа ещё активен 1555s; цена отошла только на 0.43 ATR,True,KSM-USDT-SWAP,ATR стоп 2.0N,0.0,4.56,True,short,2026-03-22 00:54:29
cooldown после ATR-стопа ещё активен 463s; цена отошла только на 0.20 ATR,True,LQTY-USDT-SWAP,ATR стоп 2.0N,0.0,0.2902,True,long,2026-03-22 00:54:30
cooldown после ATR-стопа ещё активен 979s; цена отошла только на 0.45 ATR,True,MASK-USDT-SWAP,ATR стоп 2.0N,0.0,0.4663,True,short,2026-03-22 00:54:30
cooldown после ATR-стопа ещё активен 1538s; цена отошла только на 0.43 ATR,True,KSM-USDT-SWAP,ATR стоп 2.0N,0.0,4.56,True,short,2026-03-22 00:54:46
cooldown после ATR-стопа ещё активен 446s; цена отошла только на 0.20 ATR,True,LQTY-USDT-SWAP,ATR стоп 2.0N,0.0,0.2902,True,long,2026-03-22 00:54:47
cooldown после ATR-стопа ещё активен 962s; цена отошла только на 0.45 ATR,True,MASK-USDT-SWAP,ATR стоп 2.0N,0.0,0.4663,True,short,2026-03-22 00:54:48
cooldown после ATR-стопа ещё активен 429s; цена отошла только на 0.30 ATR,True,LQTY-USDT-SWAP,ATR стоп 2.0N,0.0,0.2907,True,long,2026-03-22 00:55:04
cooldown после ATR-стопа ещё активен 394s; цена отошла только на 0.30 ATR,True,LQTY-USDT-SWAP,ATR стоп 2.0N,0.0,0.2907,True,long,2026-03-22 00:55:38
cooldown после ATR-стопа ещё активен 329s; цена отошла только на 0.30 ATR,True,LQTY-USDT-SWAP,ATR стоп 2.0N,0.0,0.2907,True,long,2026-03-22 00:56:44
cooldown после ATR-стопа ещё активен 308s; цена отошла только на 0.30 ATR,True,LQTY-USDT-SWAP,ATR стоп 2.0N,0.0,0.2907,True,long,2026-03-22 00:57:04
cooldown после ATR-стопа ещё активен 287s; цена отошла только на 0.30 ATR,True,LQTY-USDT-SWAP,ATR стоп 2.0N,0.0,0.2907,True,long,2026-03-22 00:57:26
cooldown после ATR-стопа ещё активен 270s; цена отошла только на 0.30 ATR,True,LQTY-USDT-SWAP,ATR стоп 2.0N,0.0,0.2907,True,long,2026-03-22 00:57:43
cooldown после ATR-стопа ещё активен 257s; цена отошла только на 0.30 ATR,True,LQTY-USDT-SWAP,ATR стоп 2.0N,0.0,0.2907,True,long,2026-03-22 00:57:56
cooldown после ATR-стопа ещё активен 232s; цена отошла только на 0.30 ATR,True,LQTY-USDT-SWAP,ATR стоп 2.0N,0.0,0.2907,True,long,2026-03-22 00:58:21
cooldown после ATR-стопа ещё активен 210s; цена отошла только на 0.30 ATR,True,LQTY-USDT-SWAP,ATR стоп 2.0N,0.0,0.2907,True,long,2026-03-22 00:58:43
cooldown после ATR-стопа ещё активен 193s; цена отошла только на 0.30 ATR,True,LQTY-USDT-SWAP,ATR стоп 2.0N,0.0,0.2907,True,long,2026-03-22 00:59:00
cooldown после ATR-стопа ещё активен 171s; цена отошла только на 0.30 ATR,True,LQTY-USDT-SWAP,ATR стоп 2.0N,0.0,0.2907,True,long,2026-03-22 00:59:21
cooldown после ATR-стопа ещё активен 155s; цена отошла только на 0.30 ATR,True,LQTY-USDT-SWAP,ATR стоп 2.0N,0.0,0.2907,True,long,2026-03-22 00:59:38
cooldown после ATR-стопа ещё активен 135s; цена отошла только на 0.30 ATR,True,LQTY-USDT-SWAP,ATR стоп 2.0N,0.0,0.2907,True,long,2026-03-22 00:59:58
cooldown после ATR-стопа ещё активен 37s; цена отошла только на 0.30 ATR,True,LQTY-USDT-SWAP,ATR стоп 2.0N,0.0,0.2907,True,long,2026-03-22 01:01:36
cooldown после ATR-стопа ещё активен 6s; цена отошла только на 0.30 ATR,True,LQTY-USDT-SWAP,ATR стоп 2.0N,0.0,0.2907,True,long,2026-03-22 01:02:06
cooldown после ATR-стопа ещё активен 1750s; цена отошла только на 0.83 ATR,True,IMX-USDT-SWAP,Ошибка: первичный стоп не подтверждён на бирже,0.0,0.1605,True,short,2026-03-22 01:08:31
cooldown после ATR-стопа ещё активен 1665s; цена отошла только на 0.83 ATR,True,IMX-USDT-SWAP,Ошибка: первичный стоп не подтверждён на бирже,0.0,0.1605,True,short,2026-03-22 01:09:56
cooldown после ATR-стопа ещё активен 1591s; цена отошла только на 0.83 ATR,True,IMX-USDT-SWAP,Ошибка: первичный стоп не подтверждён на бирже,0.0,0.1605,True,short,2026-03-22 01:11:10
cooldown после ATR-стопа ещё активен 1494s; цена отошла только на 0.83 ATR,True,IMX-USDT-SWAP,Ошибка: первичный стоп не подтверждён на бирже,0.0,0.1605,True,short,2026-03-22 01:12:47
cooldown после ATR-стопа ещё активен 1792s; цена отошла только на 0.00 ATR,True,ADA-USDT-SWAP,Ошибка: первичный стоп не подтверждён на бирже,0.0,0.2646,True,short,2026-03-22 01:13:55
cooldown после ATR-стопа ещё активен 1422s; цена отошла только на 0.83 ATR,True,IMX-USDT-SWAP,Ошибка: первичный стоп не подтверждён на бирже,0.0,0.1605,True,short,2026-03-22 01:13:59
cooldown после ATR-стопа ещё активен 1757s; цена отошла только на 0.00 ATR,True,ADA-USDT-SWAP,Ошибка: первичный стоп не подтверждён на бирже,0.0,0.2646,True,short,2026-03-22 01:14:30
cooldown после ATR-стопа ещё активен 1388s; цена отошла только на 0.83 ATR,True,IMX-USDT-SWAP,Ошибка: первичный стоп не подтверждён на бирже,0.0,0.1605,True,short,2026-03-22 01:14:33
cooldown после ATR-стопа ещё активен 1740s; цена отошла только на 0.00 ATR,True,ADA-USDT-SWAP,Ошибка: первичный стоп не подтверждён на бирже,0.0,0.2646,True,short,2026-03-22 01:14:47
cooldown после ATR-стопа ещё активен 1371s; цена отошла только на 0.83 ATR,True,IMX-USDT-SWAP,Ошибка: первичный стоп не подтверждён на бирже,0.0,0.1605,True,short,2026-03-22 01:14:51
cooldown после ATR-стопа ещё активен 1724s; цена отошла только на 0.39 ATR,True,ADA-USDT-SWAP,Ошибка: первичный стоп не подтверждён на бирже,0.0,0.2648,True,short,2026-03-22 01:15:03
cooldown после ATR-стопа ещё активен 1582s; цена отошла только на 0.98 ATR,True,MINA-USDT-SWAP,ATR стоп 2.0N,0.0,0.05868,True,short,2026-03-22 01:15:07
cooldown после ATR-стопа ещё активен 1754s; цена отошла только на 0.00 ATR,True,OP-USDT-SWAP,ATR стоп 2.0N,0.0,0.12207,True,short,2026-03-22 01:15:08
cooldown после ATR-стопа ещё активен 1694s; цена отошла только на 0.39 ATR,True,ADA-USDT-SWAP,Ошибка: первичный стоп не подтверждён на бирже,0.0,0.2648,True,short,2026-03-22 01:15:33
cooldown после ATR-стопа ещё активен 1551s; цена отошла только на 0.98 ATR,True,MINA-USDT-SWAP,ATR стоп 2.0N,0.0,0.05868,True,short,2026-03-22 01:15:38
cooldown после ATR-стопа ещё активен 1723s; цена отошла только на 0.00 ATR,True,OP-USDT-SWAP,ATR стоп 2.0N,0.0,0.12207,True,short,2026-03-22 01:15:38
cooldown после ATR-стопа ещё активен 1666s; цена отошла только на 0.39 ATR,True,ADA-USDT-SWAP,Ошибка: первичный стоп не подтверждён на бирже,0.0,0.2648,True,short,2026-03-22 01:16:01
cooldown после ATR-стопа ещё активен 1523s; цена отошла только на 0.98 ATR,True,MINA-USDT-SWAP,ATR стоп 2.0N,0.0,0.05868,True,short,2026-03-22 01:16:06
cooldown после ATR-стопа ещё активен 1695s; цена отошла только на 0.00 ATR,True,OP-USDT-SWAP,ATR стоп 2.0N,0.0,0.12207,True,short,2026-03-22 01:16:06
cooldown после ATR-стопа ещё активен 1641s; цена отошла только на 0.39 ATR,True,ADA-USDT-SWAP,Ошибка: первичный стоп не подтверждён на бирже,0.0,0.2648,True,short,2026-03-22 01:16:26
cooldown после ATR-стопа ещё активен 1499s; цена отошла только на 0.98 ATR,True,MINA-USDT-SWAP,ATR стоп 2.0N,0.0,0.05868,True,short,2026-03-22 01:16:31
cooldown после ATR-стопа ещё активен 1670s; цена отошла только на 0.00 ATR,True,OP-USDT-SWAP,ATR стоп 2.0N,0.0,0.12207,True,short,2026-03-22 01:16:31
cooldown после ATR-стопа ещё активен 1611s; цена отошла только на 0.39 ATR,True,ADA-USDT-SWAP,Ошибка: первичный стоп не подтверждён на бирже,0.0,0.2648,True,short,2026-03-22 01:16:56
cooldown после ATR-стопа ещё активен 1468s; цена отошла только на 0.98 ATR,True,MINA-USDT-SWAP,ATR стоп 2.0N,0.0,0.05868,True,short,2026-03-22 01:17:01
cooldown после ATR-стопа ещё активен 1640s; цена отошла только на 0.00 ATR,True,OP-USDT-SWAP,ATR стоп 2.0N,0.0,0.12207,True,short,2026-03-22 01:17:01
cooldown после ATR-стопа ещё активен 1585s; цена отошла только на 0.39 ATR,True,ADA-USDT-SWAP,Ошибка: первичный стоп не подтверждён на бирже,0.0,0.2648,True,short,2026-03-22 01:17:22
cooldown после ATR-стопа ещё активен 1442s; цена отошла только на 0.98 ATR,True,MINA-USDT-SWAP,ATR стоп 2.0N,0.0,0.05868,True,short,2026-03-22 01:17:27
cooldown после ATR-стопа ещё активен 1613s; цена отошла только на 0.00 ATR,True,OP-USDT-SWAP,ATR стоп 2.0N,0.0,0.12207,True,short,2026-03-22 01:17:28
cooldown после ATR-стопа ещё активен 1559s; цена отошла только на 0.39 ATR,True,ADA-USDT-SWAP,Ошибка: первичный стоп не подтверждён на бирже,0.0,0.2648,True,short,2026-03-22 01:17:48
cooldown после ATR-стопа ещё активен 1417s; цена отошла только на 0.98 ATR,True,MINA-USDT-SWAP,ATR стоп 2.0N,0.0,0.05868,True,short,2026-03-22 01:17:53
cooldown после ATR-стопа ещё активен 1588s; цена отошла только на 0.00 ATR,True,OP-USDT-SWAP,ATR стоп 2.0N,0.0,0.12207,True,short,2026-03-22 01:17:53
cooldown после ATR-стопа ещё активен 1529s; цена отошла только на 0.39 ATR,True,ADA-USDT-SWAP,Ошибка: первичный стоп не подтверждён на бирже,0.0,0.2648,True,short,2026-03-22 01:18:18
cooldown после ATR-стопа ещё активен 1387s; цена отошла только на 0.98 ATR,True,MINA-USDT-SWAP,ATR стоп 2.0N,0.0,0.05868,True,short,2026-03-22 01:18:23
cooldown после ATR-стопа ещё активен 1558s; цена отошла только на 0.00 ATR,True,OP-USDT-SWAP,ATR стоп 2.0N,0.0,0.12207,True,short,2026-03-22 01:18:23
cooldown после ATR-стопа ещё активен 1501s; цена отошла только на 0.39 ATR,True,ADA-USDT-SWAP,Ошибка: первичный стоп не подтверждён на бирже,0.0,0.2648,True,short,2026-03-22 01:18:46
cooldown после ATR-стопа ещё активен 1358s; цена отошла только на 0.98 ATR,True,MINA-USDT-SWAP,ATR стоп 2.0N,0.0,0.05868,True,short,2026-03-22 01:18:51
cooldown после ATR-стопа ещё активен 1529s; цена отошла только на 0.00 ATR,True,OP-USDT-SWAP,ATR стоп 2.0N,0.0,0.12207,True,short,2026-03-22 01:18:52
cooldown после ATR-стопа ещё активен 1476s; цена отошла только на 0.39 ATR,True,ADA-USDT-SWAP,Ошибка: первичный стоп не подтверждён на бирже,0.0,0.2648,True,short,2026-03-22 01:19:11
cooldown после ATR-стопа ещё активен 1333s; цена отошла только на 0.98 ATR,True,MINA-USDT-SWAP,ATR стоп 2.0N,0.0,0.05868,True,short,2026-03-22 01:19:16
cooldown после ATR-стопа ещё активен 1505s; цена отошла только на 0.00 ATR,True,OP-USDT-SWAP,ATR стоп 2.0N,0.0,0.12207,True,short,2026-03-22 01:19:16
cooldown после ATR-стопа ещё активен 1445s; цена отошла только на 0.39 ATR,True,ADA-USDT-SWAP,Ошибка: первичный стоп не подтверждён на бирже,0.0,0.2648,True,short,2026-03-22 01:19:42
cooldown после ATR-стопа ещё активен 1302s; цена отошла только на 0.98 ATR,True,MINA-USDT-SWAP,ATR стоп 2.0N,0.0,0.05868,True,short,2026-03-22 01:19:47
cooldown после ATR-стопа ещё активен 1474s; цена отошла только на 0.00 ATR,True,OP-USDT-SWAP,ATR стоп 2.0N,0.0,0.12207,True,short,2026-03-22 01:19:47
cooldown после ATR-стопа ещё активен 1417s; цена отошла только на 0.39 ATR,True,ADA-USDT-SWAP,Ошибка: первичный стоп не подтверждён на бирже,0.0,0.2648,True,short,2026-03-22 01:20:10
cooldown после ATR-стопа ещё активен 1048s; цена отошла только на 0.83 ATR,True,IMX-USDT-SWAP,Ошибка: первичный стоп не подтверждён на бирже,0.0,0.1605,True,short,2026-03-22 01:20:13
cooldown после ATR-стопа ещё активен 1274s; цена отошла только на 0.39 ATR,True,MINA-USDT-SWAP,ATR стоп 2.0N,0.0,0.05871,True,short,2026-03-22 01:20:15
cooldown после ATR-стопа ещё активен 1446s; цена отошла только на 0.87 ATR,True,OP-USDT-SWAP,ATR стоп 2.0N,0.0,0.12194,True,short,2026-03-22 01:20:15
cooldown после ATR-стопа ещё активен 1392s; цена отошла только на 0.39 ATR,True,ADA-USDT-SWAP,Ошибка: первичный стоп не подтверждён на бирже,0.0,0.2648,True,short,2026-03-22 01:20:35
cooldown после ATR-стопа ещё активен 1022s; цена отошла только на 0.83 ATR,True,IMX-USDT-SWAP,Ошибка: первичный стоп не подтверждён на бирже,0.0,0.1605,True,short,2026-03-22 01:20:39
cooldown после ATR-стопа ещё активен 1249s; цена отошла только на 0.39 ATR,True,MINA-USDT-SWAP,ATR стоп 2.0N,0.0,0.05871,True,short,2026-03-22 01:20:40
cooldown после ATR-стопа ещё активен 1421s; цена отошла только на 0.87 ATR,True,OP-USDT-SWAP,ATR стоп 2.0N,0.0,0.12194,True,short,2026-03-22 01:20:41
cooldown после ATR-стопа ещё активен 1361s; цена отошла только на 0.39 ATR,True,ADA-USDT-SWAP,Ошибка: первичный стоп не подтверждён на бирже,0.0,0.2648,True,short,2026-03-22 01:21:06
cooldown после ATR-стопа ещё активен 992s; цена отошла только на 0.83 ATR,True,IMX-USDT-SWAP,Ошибка: первичный стоп не подтверждён на бирже,0.0,0.1605,True,short,2026-03-22 01:21:09
cooldown после ATR-стопа ещё активен 1218s; цена отошла только на 0.39 ATR,True,MINA-USDT-SWAP,ATR стоп 2.0N,0.0,0.05871,True,short,2026-03-22 01:21:11
cooldown после ATR-стопа ещё активен 1390s; цена отошла только на 0.87 ATR,True,OP-USDT-SWAP,ATR стоп 2.0N,0.0,0.12194,True,short,2026-03-22 01:21:11
cooldown после ATR-стопа ещё активен 1334s; цена отошла только на 0.39 ATR,True,ADA-USDT-SWAP,Ошибка: первичный стоп не подтверждён на бирже,0.0,0.2648,True,short,2026-03-22 01:21:33
cooldown после ATR-стопа ещё активен 964s; цена отошла только на 0.83 ATR,True,IMX-USDT-SWAP,Ошибка: первичный стоп не подтверждён на бирже,0.0,0.1605,True,short,2026-03-22 01:21:37
cooldown после ATR-стопа ещё активен 1190s; цена отошла только на 0.39 ATR,True,MINA-USDT-SWAP,ATR стоп 2.0N,0.0,0.05871,True,short,2026-03-22 01:21:39
cooldown после ATR-стопа ещё активен 1362s; цена отошла только на 0.87 ATR,True,OP-USDT-SWAP,ATR стоп 2.0N,0.0,0.12194,True,short,2026-03-22 01:21:39
cooldown после ATR-стопа ещё активен 1308s; цена отошла только на 0.39 ATR,True,ADA-USDT-SWAP,Ошибка: первичный стоп не подтверждён на бирже,0.0,0.2648,True,short,2026-03-22 01:21:59
cooldown после ATR-стопа ещё активен 939s; цена отошла только на 0.83 ATR,True,IMX-USDT-SWAP,Ошибка: первичный стоп не подтверждён на бирже,0.0,0.1605,True,short,2026-03-22 01:22:02
cooldown после ATR-стопа ещё активен 1165s; цена отошла только на 0.39 ATR,True,MINA-USDT-SWAP,ATR стоп 2.0N,0.0,0.05871,True,short,2026-03-22 01:22:04
cooldown после ATR-стопа ещё активен 1337s; цена отошла только на 0.87 ATR,True,OP-USDT-SWAP,ATR стоп 2.0N,0.0,0.12194,True,short,2026-03-22 01:22:04
cooldown после ATR-стопа ещё активен 1278s; цена отошла только на 0.39 ATR,True,ADA-USDT-SWAP,Ошибка: первичный стоп не подтверждён на бирже,0.0,0.2648,True,short,2026-03-22 01:22:29
cooldown после ATR-стопа ещё активен 908s; цена отошла только на 0.83 ATR,True,IMX-USDT-SWAP,Ошибка: первичный стоп не подтверждён на бирже,0.0,0.1605,True,short,2026-03-22 01:22:33
cooldown после ATR-стопа ещё активен 1134s; цена отошла только на 0.39 ATR,True,MINA-USDT-SWAP,ATR стоп 2.0N,0.0,0.05871,True,short,2026-03-22 01:22:35
cooldown после ATR-стопа ещё активен 1306s; цена отошла только на 0.87 ATR,True,OP-USDT-SWAP,ATR стоп 2.0N,0.0,0.12194,True,short,2026-03-22 01:22:36
cooldown после ATR-стопа ещё активен 1250s; цена отошла только на 0.39 ATR,True,ADA-USDT-SWAP,Ошибка: первичный стоп не подтверждён на бирже,0.0,0.2648,True,short,2026-03-22 01:22:57
cooldown после ATR-стопа ещё активен 881s; цена отошла только на 0.83 ATR,True,IMX-USDT-SWAP,Ошибка: первичный стоп не подтверждён на бирже,0.0,0.1605,True,short,2026-03-22 01:23:00
cooldown после ATR-стопа ещё активен 1107s; цена отошла только на 0.39 ATR,True,MINA-USDT-SWAP,ATR стоп 2.0N,0.0,0.05871,True,short,2026-03-22 01:23:02
cooldown после ATR-стопа ещё активен 1279s; цена отошла только на 0.87 ATR,True,OP-USDT-SWAP,ATR стоп 2.0N,0.0,0.12194,True,short,2026-03-22 01:23:02
cooldown после ATR-стопа ещё активен 1225s; цена отошла только на 0.39 ATR,True,ADA-USDT-SWAP,Ошибка: первичный стоп не подтверждён на бирже,0.0,0.2648,True,short,2026-03-22 01:23:22
cooldown после ATR-стопа ещё активен 855s; цена отошла только на 0.83 ATR,True,IMX-USDT-SWAP,Ошибка: первичный стоп не подтверждён на бирже,0.0,0.1605,True,short,2026-03-22 01:23:26
cooldown после ATR-стопа ещё активен 1081s; цена отошла только на 0.39 ATR,True,MINA-USDT-SWAP,ATR стоп 2.0N,0.0,0.05871,True,short,2026-03-22 01:23:28
cooldown после ATR-стопа ещё активен 1252s; цена отошла только на 0.87 ATR,True,OP-USDT-SWAP,ATR стоп 2.0N,0.0,0.12194,True,short,2026-03-22 01:23:29
cooldown после ATR-стопа ещё активен 1194s; цена отошла только на 0.39 ATR,True,ADA-USDT-SWAP,Ошибка: первичный стоп не подтверждён на бирже,0.0,0.2648,True,short,2026-03-22 01:23:53
cooldown после ATR-стопа ещё активен 825s; цена отошла только на 0.83 ATR,True,IMX-USDT-SWAP,Ошибка: первичный стоп не подтверждён на бирже,0.0,0.1605,True,short,2026-03-22 01:23:56
cooldown после ATR-стопа ещё активен 1051s; цена отошла только на 0.39 ATR,True,MINA-USDT-SWAP,ATR стоп 2.0N,0.0,0.05871,True,short,2026-03-22 01:23:58
cooldown после ATR-стопа ещё активен 1223s; цена отошла только на 0.87 ATR,True,OP-USDT-SWAP,ATR стоп 2.0N,0.0,0.12194,True,short,2026-03-22 01:23:58
cooldown после ATR-стопа ещё активен 1166s; цена отошла только на 0.39 ATR,True,ADA-USDT-SWAP,Ошибка: первичный стоп не подтверждён на бирже,0.0,0.2648,True,short,2026-03-22 01:24:21
cooldown после ATR-стопа ещё активен 796s; цена отошла только на 0.83 ATR,True,IMX-USDT-SWAP,Ошибка: первичный стоп не подтверждён на бирже,0.0,0.1605,True,short,2026-03-22 01:24:25
cooldown после ATR-стопа ещё активен 1022s; цена отошла только на 0.39 ATR,True,MINA-USDT-SWAP,ATR стоп 2.0N,0.0,0.05871,True,short,2026-03-22 01:24:28
cooldown после ATR-стопа ещё активен 1193s; цена отошла только на 0.87 ATR,True,OP-USDT-SWAP,ATR стоп 2.0N,0.0,0.12194,True,short,2026-03-22 01:24:28
cooldown после ATR-стопа ещё активен 1137s; цена отошла только на 0.39 ATR,True,ADA-USDT-SWAP,Ошибка: первичный стоп не подтверждён на бирже,0.0,0.2648,True,short,2026-03-22 01:24:50
cooldown после ATR-стопа ещё активен 765s; цена отошла только на 0.83 ATR,True,IMX-USDT-SWAP,Ошибка: первичный стоп не подтверждён на бирже,0.0,0.1605,True,short,2026-03-22 01:24:56
cooldown после ATR-стопа ещё активен 990s; цена отошла только на 0.39 ATR,True,MINA-USDT-SWAP,ATR стоп 2.0N,0.0,0.05871,True,short,2026-03-22 01:24:59
cooldown после ATR-стопа ещё активен 1161s; цена отошла только на 0.87 ATR,True,OP-USDT-SWAP,ATR стоп 2.0N,0.0,0.12194,True,short,2026-03-22 01:25:00
cooldown после ATR-стопа ещё активен 1093s; цена отошла только на 0.00 ATR,True,ADA-USDT-SWAP,Ошибка: первичный стоп не подтверждён на бирже,0.0,0.2646,True,short,2026-03-22 01:25:34
cooldown после ATR-стопа ещё активен 946s; цена отошла только на 0.78 ATR,True,MINA-USDT-SWAP,ATR стоп 2.0N,0.0,0.05869,True,short,2026-03-22 01:25:43
cooldown после ATR-стопа ещё активен 967s; цена отошла только на 0.00 ATR,True,ADA-USDT-SWAP,Ошибка: первичный стоп не подтверждён на бирже,0.0,0.2646,True,short,2026-03-22 01:27:40
cooldown после ATR-стопа ещё активен 821s; цена отошла только на 0.78 ATR,True,MINA-USDT-SWAP,ATR стоп 2.0N,0.0,0.05869,True,short,2026-03-22 01:27:48
cooldown после ATR-стопа ещё активен 885s; цена отошла только на 0.00 ATR,True,ADA-USDT-SWAP,Ошибка: первичный стоп не подтверждён на бирже,0.0,0.2646,True,short,2026-03-22 01:29:02
cooldown после ATR-стопа ещё активен 740s; цена отошла только на 0.78 ATR,True,MINA-USDT-SWAP,ATR стоп 2.0N,0.0,0.05869,True,short,2026-03-22 01:29:09
cooldown после ATR-стопа ещё активен 814s; цена отошла только на 0.39 ATR,True,ADA-USDT-SWAP,Ошибка: первичный стоп не подтверждён на бирже,0.0,0.2648,True,short,2026-03-22 01:30:13
cooldown после ATR-стопа ещё активен 668s; цена отошла только на 0.98 ATR,True,MINA-USDT-SWAP,ATR стоп 2.0N,0.0,0.05868,True,short,2026-03-22 01:30:21
cooldown после ATR-стопа ещё активен 768s; цена отошла только на 0.39 ATR,True,ADA-USDT-SWAP,Ошибка: первичный стоп не подтверждён на бирже,0.0,0.2648,True,short,2026-03-22 01:30:59
cooldown после ATR-стопа ещё активен 621s; цена отошла только на 0.98 ATR,True,MINA-USDT-SWAP,ATR стоп 2.0N,0.0,0.05868,True,short,2026-03-22 01:31:09
cooldown после ATR-стопа ещё активен 731s; цена отошла только на 0.39 ATR,True,ADA-USDT-SWAP,Ошибка: первичный стоп не подтверждён на бирже,0.0,0.2648,True,short,2026-03-22 01:31:36
cooldown после ATR-стопа ещё активен 584s; цена отошла только на 0.98 ATR,True,MINA-USDT-SWAP,ATR стоп 2.0N,0.0,0.05868,True,short,2026-03-22 01:31:45
cooldown после ATR-стопа ещё активен 685s; цена отошла только на 0.39 ATR,True,ADA-USDT-SWAP,Ошибка: первичный стоп не подтверждён на бирже,0.0,0.2648,True,short,2026-03-22 01:32:22
cooldown после ATR-стопа ещё активен 539s; цена отошла только на 0.98 ATR,True,MINA-USDT-SWAP,ATR стоп 2.0N,0.0,0.05868,True,short,2026-03-22 01:32:30
cooldown после ATR-стопа ещё активен 663s; цена отошла только на 0.39 ATR,True,ADA-USDT-SWAP,Ошибка: первичный стоп не подтверждён на бирже,0.0,0.2648,True,short,2026-03-22 01:32:44
cooldown после ATR-стопа ещё активен 517s; цена отошла только на 0.98 ATR,True,MINA-USDT-SWAP,ATR стоп 2.0N,0.0,0.05868,True,short,2026-03-22 01:32:52
cooldown после ATR-стопа ещё активен 631s; цена отошла только на 0.39 ATR,True,ADA-USDT-SWAP,Ошибка: первичный стоп не подтверждён на бирже,0.0,0.2648,True,short,2026-03-22 01:33:16
cooldown после ATR-стопа ещё активен 483s; цена отошла только на 0.98 ATR,True,MINA-USDT-SWAP,ATR стоп 2.0N,0.0,0.05868,True,short,2026-03-22 01:33:26
cooldown после ATR-стопа ещё активен 608s; цена отошла только на 0.39 ATR,True,ADA-USDT-SWAP,Ошибка: первичный стоп не подтверждён на бирже,0.0,0.2648,True,short,2026-03-22 01:33:39
cooldown после ATR-стопа ещё активен 461s; цена отошла только на 0.98 ATR,True,MINA-USDT-SWAP,ATR стоп 2.0N,0.0,0.05868,True,short,2026-03-22 01:33:48
cooldown после ATR-стопа ещё активен 585s; цена отошла только на 0.39 ATR,True,ADA-USDT-SWAP,Ошибка: первичный стоп не подтверждён на бирже,0.0,0.2648,True,short,2026-03-22 01:34:02
cooldown после ATR-стопа ещё активен 438s; цена отошла только на 0.98 ATR,True,MINA-USDT-SWAP,ATR стоп 2.0N,0.0,0.05868,True,short,2026-03-22 01:34:11
cooldown после ATR-стопа ещё активен 545s; цена отошла только на 0.39 ATR,True,ADA-USDT-SWAP,Ошибка: первичный стоп не подтверждён на бирже,0.0,0.2648,True,short,2026-03-22 01:34:42
cooldown после ATR-стопа ещё активен 399s; цена отошла только на 0.98 ATR,True,MINA-USDT-SWAP,ATR стоп 2.0N,0.0,0.05868,True,short,2026-03-22 01:34:51
cooldown после ATR-стопа ещё активен 523s; цена отошла только на 0.78 ATR,True,ADA-USDT-SWAP,Ошибка: первичный стоп не подтверждён на бирже,0.0,0.265,True,short,2026-03-22 01:35:04
cooldown после ATR-стопа ещё активен 151s; цена отошла только на 0.83 ATR,True,IMX-USDT-SWAP,Ошибка: первичный стоп не подтверждён на бирже,0.0,0.1605,True,short,2026-03-22 01:35:10
cooldown после ATR-стопа ещё активен 376s; цена отошла только на 0.39 ATR,True,MINA-USDT-SWAP,ATR стоп 2.0N,0.0,0.05875,True,short,2026-03-22 01:35:13
cooldown после ATR-стопа ещё активен 1760s; цена отошла только на 0.00 ATR,True,NEAR-USDT-SWAP,ATR стоп 2.0N,0.0,1.3178,True,short,2026-03-22 01:35:14
cooldown после ATR-стопа ещё активен 418s; цена отошла только на 0.78 ATR,True,ADA-USDT-SWAP,Ошибка: первичный стоп не подтверждён на бирже,0.0,0.265,True,short,2026-03-22 01:36:49
cooldown после ATR-стопа ещё активен 1722s; цена отошла только на 0.60 ATR,True,CFX-USDT-SWAP,Канальный выход 10 свечей,0.0,0.06353,True,short,2026-03-22 01:36:52
cooldown после ATR-стопа ещё активен 46s; цена отошла только на 0.83 ATR,True,IMX-USDT-SWAP,Ошибка: первичный стоп не подтверждён на бирже,0.0,0.1605,True,short,2026-03-22 01:36:55
cooldown после ATR-стопа ещё активен 1786s; цена отошла только на 0.66 ATR,True,INJ-USDT-SWAP,Ошибка: первичный стоп не подтверждён на бирже,0.0,3.113,True,long,2026-03-22 01:36:55
cooldown после ATR-стопа ещё активен 270s; цена отошла только на 0.39 ATR,True,MINA-USDT-SWAP,ATR стоп 2.0N,0.0,0.05875,True,short,2026-03-22 01:36:59
cooldown после ATR-стопа ещё активен 1654s; цена отошла только на 0.00 ATR,True,NEAR-USDT-SWAP,ATR стоп 2.0N,0.0,1.3178,True,short,2026-03-22 01:36:59
cooldown после ATR-стопа ещё активен 390s; цена отошла только на 0.78 ATR,True,ADA-USDT-SWAP,Ошибка: первичный стоп не подтверждён на бирже,0.0,0.265,True,short,2026-03-22 01:37:17
cooldown после ATR-стопа ещё активен 1694s; цена отошла только на 0.60 ATR,True,CFX-USDT-SWAP,Канальный выход 10 свечей,0.0,0.06353,True,short,2026-03-22 01:37:20
cooldown после ATR-стопа ещё активен 18s; цена отошла только на 0.83 ATR,True,IMX-USDT-SWAP,Ошибка: первичный стоп не подтверждён на бирже,0.0,0.1605,True,short,2026-03-22 01:37:23
cooldown после ATR-стопа ещё активен 1758s; цена отошла только на 0.66 ATR,True,INJ-USDT-SWAP,Ошибка: первичный стоп не подтверждён на бирже,0.0,3.113,True,long,2026-03-22 01:37:23
cooldown после ATR-стопа ещё активен 243s; цена отошла только на 0.39 ATR,True,MINA-USDT-SWAP,ATR стоп 2.0N,0.0,0.05875,True,short,2026-03-22 01:37:26
cooldown после ATR-стопа ещё активен 1627s; цена отошла только на 0.00 ATR,True,NEAR-USDT-SWAP,ATR стоп 2.0N,0.0,1.3178,True,short,2026-03-22 01:37:27
cooldown после ATR-стопа ещё активен 368s; цена отошла только на 0.78 ATR,True,ADA-USDT-SWAP,Ошибка: первичный стоп не подтверждён на бирже,0.0,0.265,True,short,2026-03-22 01:37:39
cooldown после ATR-стопа ещё активен 1672s; цена отошла только на 0.60 ATR,True,CFX-USDT-SWAP,Канальный выход 10 свечей,0.0,0.06353,True,short,2026-03-22 01:37:41
cooldown после ATR-стопа ещё активен 1736s; цена отошла только на 0.66 ATR,True,INJ-USDT-SWAP,Ошибка: первичный стоп не подтверждён на бирже,0.0,3.113,True,long,2026-03-22 01:37:45
cooldown после ATR-стопа ещё активен 221s; цена отошла только на 0.39 ATR,True,MINA-USDT-SWAP,ATR стоп 2.0N,0.0,0.05875,True,short,2026-03-22 01:37:48
cooldown после ATR-стопа ещё активен 1605s; цена отошла только на 0.00 ATR,True,NEAR-USDT-SWAP,ATR стоп 2.0N,0.0,1.3178,True,short,2026-03-22 01:37:48
cooldown после ATR-стопа ещё активен 346s; цена отошла только на 0.78 ATR,True,ADA-USDT-SWAP,Ошибка: первичный стоп не подтверждён на бирже,0.0,0.265,True,short,2026-03-22 01:38:01
cooldown после ATR-стопа ещё активен 1650s; цена отошла только на 0.60 ATR,True,CFX-USDT-SWAP,Канальный выход 10 свечей,0.0,0.06353,True,short,2026-03-22 01:38:03
cooldown после ATR-стопа ещё активен 1715s; цена отошла только на 0.66 ATR,True,INJ-USDT-SWAP,Ошибка: первичный стоп не подтверждён на бирже,0.0,3.113,True,long,2026-03-22 01:38:06
cooldown после ATR-стопа ещё активен 199s; цена отошла только на 0.39 ATR,True,MINA-USDT-SWAP,ATR стоп 2.0N,0.0,0.05875,True,short,2026-03-22 01:38:10
cooldown после ATR-стопа ещё активен 1583s; цена отошла только на 0.00 ATR,True,NEAR-USDT-SWAP,ATR стоп 2.0N,0.0,1.3178,True,short,2026-03-22 01:38:10
cooldown после ATR-стопа ещё активен 320s; цена отошла только на 0.78 ATR,True,ADA-USDT-SWAP,Ошибка: первичный стоп не подтверждён на бирже,0.0,0.265,True,short,2026-03-22 01:38:27
cooldown после ATR-стопа ещё активен 1624s; цена отошла только на 0.60 ATR,True,CFX-USDT-SWAP,Канальный выход 10 свечей,0.0,0.06353,True,short,2026-03-22 01:38:30
cooldown после ATR-стопа ещё активен 1688s; цена отошла только на 0.66 ATR,True,INJ-USDT-SWAP,Ошибка: первичный стоп не подтверждён на бирже,0.0,3.113,True,long,2026-03-22 01:38:33
cooldown после ATR-стопа ещё активен 173s; цена отошла только на 0.39 ATR,True,MINA-USDT-SWAP,ATR стоп 2.0N,0.0,0.05875,True,short,2026-03-22 01:38:36
cooldown после ATR-стопа ещё активен 1557s; цена отошла только на 0.00 ATR,True,NEAR-USDT-SWAP,ATR стоп 2.0N,0.0,1.3178,True,short,2026-03-22 01:38:37
cooldown после ATR-стопа ещё активен 298s; цена отошла только на 0.78 ATR,True,ADA-USDT-SWAP,Ошибка: первичный стоп не подтверждён на бирже,0.0,0.265,True,short,2026-03-22 01:38:49
cooldown после ATR-стопа ещё активен 1602s; цена отошла только на 0.60 ATR,True,CFX-USDT-SWAP,Канальный выход 10 свечей,0.0,0.06353,True,short,2026-03-22 01:38:52
cooldown после ATR-стопа ещё активен 1666s; цена отошла только на 0.66 ATR,True,INJ-USDT-SWAP,Ошибка: первичный стоп не подтверждён на бирже,0.0,3.113,True,long,2026-03-22 01:38:55
cooldown после ATR-стопа ещё активен 151s; цена отошла только на 0.39 ATR,True,MINA-USDT-SWAP,ATR стоп 2.0N,0.0,0.05875,True,short,2026-03-22 01:38:58
cooldown после ATR-стопа ещё активен 1535s; цена отошла только на 0.00 ATR,True,NEAR-USDT-SWAP,ATR стоп 2.0N,0.0,1.3178,True,short,2026-03-22 01:38:59
cooldown после ATR-стопа ещё активен 276s; цена отошла только на 0.78 ATR,True,ADA-USDT-SWAP,Ошибка: первичный стоп не подтверждён на бирже,0.0,0.265,True,short,2026-03-22 01:39:11
cooldown после ATR-стопа ещё активен 1580s; цена отошла только на 0.60 ATR,True,CFX-USDT-SWAP,Канальный выход 10 свечей,0.0,0.06353,True,short,2026-03-22 01:39:14
cooldown после ATR-стопа ещё активен 1644s; цена отошла только на 0.66 ATR,True,INJ-USDT-SWAP,Ошибка: первичный стоп не подтверждён на бирже,0.0,3.113,True,long,2026-03-22 01:39:17
cooldown после ATR-стопа ещё активен 129s; цена отошла только на 0.39 ATR,True,MINA-USDT-SWAP,ATR стоп 2.0N,0.0,0.05875,True,short,2026-03-22 01:39:20
cooldown после ATR-стопа ещё активен 1513s; цена отошла только на 0.00 ATR,True,NEAR-USDT-SWAP,ATR стоп 2.0N,0.0,1.3178,True,short,2026-03-22 01:39:21
cooldown после ATR-стопа ещё активен 249s; цена отошла только на 0.78 ATR,True,ADA-USDT-SWAP,Ошибка: первичный стоп не подтверждён на бирже,0.0,0.265,True,short,2026-03-22 01:39:38
cooldown после ATR-стопа ещё активен 1552s; цена отошла только на 0.60 ATR,True,CFX-USDT-SWAP,Канальный выход 10 свечей,0.0,0.06353,True,short,2026-03-22 01:39:41
cooldown после ATR-стопа ещё активен 1616s; цена отошла только на 0.66 ATR,True,INJ-USDT-SWAP,Ошибка: первичный стоп не подтверждён на бирже,0.0,3.113,True,long,2026-03-22 01:39:45
cooldown после ATR-стопа ещё активен 101s; цена отошла только на 0.39 ATR,True,MINA-USDT-SWAP,ATR стоп 2.0N,0.0,0.05875,True,short,2026-03-22 01:39:48
cooldown после ATR-стопа ещё активен 1485s; цена отошла только на 0.00 ATR,True,NEAR-USDT-SWAP,ATR стоп 2.0N,0.0,1.3178,True,short,2026-03-22 01:39:49
cooldown после ATR-стопа ещё активен 1530s; цена отошла только на 0.70 ATR,True,CFX-USDT-SWAP,Канальный выход 10 свечей,0.0,0.06366,True,short,2026-03-22 01:40:03
cooldown после ATR-стопа ещё активен 1595s; цена отошла только на 0.98 ATR,True,INJ-USDT-SWAP,Ошибка: первичный стоп не подтверждён на бирже,0.0,3.112,True,long,2026-03-22 01:40:06
cooldown после ATR-стопа ещё активен 80s; цена отошла только на 0.39 ATR,True,MINA-USDT-SWAP,ATR стоп 2.0N,0.0,0.05875,True,short,2026-03-22 01:40:09
cooldown после ATR-стопа ещё активен 1464s; цена отошла только на 0.83 ATR,True,NEAR-USDT-SWAP,ATR стоп 2.0N,0.0,1.3166,True,short,2026-03-22 01:40:09
cooldown после ATR-стопа ещё активен 1502s; цена отошла только на 0.70 ATR,True,CFX-USDT-SWAP,Канальный выход 10 свечей,0.0,0.06366,True,short,2026-03-22 01:40:31
cooldown после ATR-стопа ещё активен 1567s; цена отошла только на 0.98 ATR,True,INJ-USDT-SWAP,Ошибка: первичный стоп не подтверждён на бирже,0.0,3.112,True,long,2026-03-22 01:40:35
cooldown после ATR-стопа ещё активен 52s; цена отошла только на 0.39 ATR,True,MINA-USDT-SWAP,ATR стоп 2.0N,0.0,0.05875,True,short,2026-03-22 01:40:37
cooldown после ATR-стопа ещё активен 1436s; цена отошла только на 0.83 ATR,True,NEAR-USDT-SWAP,ATR стоп 2.0N,0.0,1.3166,True,short,2026-03-22 01:40:38
cooldown после ATR-стопа ещё активен 1477s; цена отошла только на 0.70 ATR,True,CFX-USDT-SWAP,Канальный выход 10 свечей,0.0,0.06366,True,short,2026-03-22 01:40:57
cooldown после ATR-стопа ещё активен 1541s; цена отошла только на 0.98 ATR,True,INJ-USDT-SWAP,Ошибка: первичный стоп не подтверждён на бирже,0.0,3.112,True,long,2026-03-22 01:41:00
cooldown после ATR-стопа ещё активен 26s; цена отошла только на 0.39 ATR,True,MINA-USDT-SWAP,ATR стоп 2.0N,0.0,0.05875,True,short,2026-03-22 01:41:03
cooldown после ATR-стопа ещё активен 1410s; цена отошла только на 0.83 ATR,True,NEAR-USDT-SWAP,ATR стоп 2.0N,0.0,1.3166,True,short,2026-03-22 01:41:03
cooldown после ATR-стопа ещё активен 1456s; цена отошла только на 0.70 ATR,True,CFX-USDT-SWAP,Канальный выход 10 свечей,0.0,0.06366,True,short,2026-03-22 01:41:18
cooldown после ATR-стопа ещё активен 1520s; цена отошла только на 0.98 ATR,True,INJ-USDT-SWAP,Ошибка: первичный стоп не подтверждён на бирже,0.0,3.112,True,long,2026-03-22 01:41:21
cooldown после ATR-стопа ещё активен 6s; цена отошла только на 0.39 ATR,True,MINA-USDT-SWAP,ATR стоп 2.0N,0.0,0.05875,True,short,2026-03-22 01:41:23
cooldown после ATR-стопа ещё активен 1390s; цена отошла только на 0.83 ATR,True,NEAR-USDT-SWAP,ATR стоп 2.0N,0.0,1.3166,True,short,2026-03-22 01:41:24
cooldown после ATR-стопа ещё активен 1435s; цена отошла только на 0.70 ATR,True,CFX-USDT-SWAP,Канальный выход 10 свечей,0.0,0.06366,True,short,2026-03-22 01:41:38
cooldown после ATR-стопа ещё активен 1500s; цена отошла только на 0.98 ATR,True,INJ-USDT-SWAP,Ошибка: первичный стоп не подтверждён на бирже,0.0,3.112,True,long,2026-03-22 01:41:41
cooldown после ATR-стопа ещё активен 1369s; цена отошла только на 0.83 ATR,True,NEAR-USDT-SWAP,ATR стоп 2.0N,0.0,1.3166,True,short,2026-03-22 01:41:44
cooldown после ATR-стопа ещё активен 1409s; цена отошла только на 0.70 ATR,True,CFX-USDT-SWAP,Канальный выход 10 свечей,0.0,0.06366,True,short,2026-03-22 01:42:05
cooldown после ATR-стопа ещё активен 1473s; цена отошла только на 0.98 ATR,True,INJ-USDT-SWAP,Ошибка: первичный стоп не подтверждён на бирже,0.0,3.112,True,long,2026-03-22 01:42:08
cooldown после ATR-стопа ещё активен 1343s; цена отошла только на 0.83 ATR,True,NEAR-USDT-SWAP,ATR стоп 2.0N,0.0,1.3166,True,short,2026-03-22 01:42:11
cooldown после ATR-стопа ещё активен 1388s; цена отошла только на 0.70 ATR,True,CFX-USDT-SWAP,Канальный выход 10 свечей,0.0,0.06366,True,short,2026-03-22 01:42:25
cooldown после ATR-стопа ещё активен 1453s; цена отошла только на 0.98 ATR,True,INJ-USDT-SWAP,Ошибка: первичный стоп не подтверждён на бирже,0.0,3.112,True,long,2026-03-22 01:42:29
cooldown после ATR-стопа ещё активен 1322s; цена отошла только на 0.83 ATR,True,NEAR-USDT-SWAP,ATR стоп 2.0N,0.0,1.3166,True,short,2026-03-22 01:42:31
cooldown после ATR-стопа ещё активен 1367s; цена отошла только на 0.70 ATR,True,CFX-USDT-SWAP,Канальный выход 10 свечей,0.0,0.06366,True,short,2026-03-22 01:42:46
cooldown после ATR-стопа ещё активен 1431s; цена отошла только на 0.98 ATR,True,INJ-USDT-SWAP,Ошибка: первичный стоп не подтверждён на бирже,0.0,3.112,True,long,2026-03-22 01:42:50
cooldown после ATR-стопа ещё активен 1301s; цена отошла только на 0.83 ATR,True,NEAR-USDT-SWAP,ATR стоп 2.0N,0.0,1.3166,True,short,2026-03-22 01:42:53
cooldown после ATR-стопа ещё активен 1341s; цена отошла только на 0.70 ATR,True,CFX-USDT-SWAP,Канальный выход 10 свечей,0.0,0.06366,True,short,2026-03-22 01:43:12
cooldown после ATR-стопа ещё активен 1405s; цена отошла только на 0.98 ATR,True,INJ-USDT-SWAP,Ошибка: первичный стоп не подтверждён на бирже,0.0,3.112,True,long,2026-03-22 01:43:16
cooldown после ATR-стопа ещё активен 1275s; цена отошла только на 0.83 ATR,True,NEAR-USDT-SWAP,ATR стоп 2.0N,0.0,1.3166,True,short,2026-03-22 01:43:19
cooldown после ATR-стопа ещё активен 1320s; цена отошла только на 0.70 ATR,True,CFX-USDT-SWAP,Канальный выход 10 свечей,0.0,0.06366,True,short,2026-03-22 01:43:33
cooldown после ATR-стопа ещё активен 1385s; цена отошла только на 0.98 ATR,True,INJ-USDT-SWAP,Ошибка: первичный стоп не подтверждён на бирже,0.0,3.112,True,long,2026-03-22 01:43:36
cooldown после ATR-стопа ещё активен 1254s; цена отошла только на 0.83 ATR,True,NEAR-USDT-SWAP,ATR стоп 2.0N,0.0,1.3166,True,short,2026-03-22 01:43:40
cooldown после ATR-стопа ещё активен 1299s; цена отошла только на 0.70 ATR,True,CFX-USDT-SWAP,Канальный выход 10 свечей,0.0,0.06366,True,short,2026-03-22 01:43:54
cooldown после ATR-стопа ещё активен 1363s; цена отошла только на 0.98 ATR,True,INJ-USDT-SWAP,Ошибка: первичный стоп не подтверждён на бирже,0.0,3.112,True,long,2026-03-22 01:43:58
cooldown после ATR-стопа ещё активен 1233s; цена отошла только на 0.83 ATR,True,NEAR-USDT-SWAP,ATR стоп 2.0N,0.0,1.3166,True,short,2026-03-22 01:44:01
cooldown после ATR-стопа ещё активен 1273s; цена отошла только на 0.70 ATR,True,CFX-USDT-SWAP,Канальный выход 10 свечей,0.0,0.06366,True,short,2026-03-22 01:44:20
cooldown после ATR-стопа ещё активен 1338s; цена отошла только на 0.98 ATR,True,INJ-USDT-SWAP,Ошибка: первичный стоп не подтверждён на бирже,0.0,3.112,True,long,2026-03-22 01:44:23
cooldown после ATR-стопа ещё активен 1207s; цена отошла только на 0.83 ATR,True,NEAR-USDT-SWAP,ATR стоп 2.0N,0.0,1.3166,True,short,2026-03-22 01:44:26
cooldown после ATR-стопа ещё активен 1252s; цена отошла только на 0.70 ATR,True,CFX-USDT-SWAP,Канальный выход 10 свечей,0.0,0.06366,True,short,2026-03-22 01:44:41
cooldown после ATR-стопа ещё активен 1316s; цена отошла только на 0.98 ATR,True,INJ-USDT-SWAP,Ошибка: первичный стоп не подтверждён на бирже,0.0,3.112,True,long,2026-03-22 01:44:45
cooldown после ATR-стопа ещё активен 1186s; цена отошла только на 0.83 ATR,True,NEAR-USDT-SWAP,ATR стоп 2.0N,0.0,1.3166,True,short,2026-03-22 01:44:48
cooldown после ATR-стопа ещё активен 1234s; цена отошла только на 0.70 ATR,True,CFX-USDT-SWAP,Канальный выход 10 свечей,0.0,0.06366,True,short,2026-03-22 01:45:00
cooldown после ATR-стопа ещё активен 1167s; цена отошла только на 0.90 ATR,True,NEAR-USDT-SWAP,ATR стоп 2.0N,0.0,1.3165,True,short,2026-03-22 01:45:06
cooldown после ATR-стопа ещё активен 1177s; цена отошла только на 0.40 ATR,True,CFX-USDT-SWAP,Канальный выход 10 свечей,0.0,0.06363,True,short,2026-03-22 01:45:57
cooldown после ATR-стопа ещё активен 1111s; цена отошла только на 0.90 ATR,True,NEAR-USDT-SWAP,ATR стоп 2.0N,0.0,1.3165,True,short,2026-03-22 01:46:03
cooldown после ATR-стопа ещё активен 1119s; цена отошла только на 0.40 ATR,True,CFX-USDT-SWAP,Канальный выход 10 свечей,0.0,0.06363,True,short,2026-03-22 01:46:54
cooldown после ATR-стопа ещё активен 1053s; цена отошла только на 0.90 ATR,True,NEAR-USDT-SWAP,ATR стоп 2.0N,0.0,1.3165,True,short,2026-03-22 01:47:00
cooldown после ATR-стопа ещё активен 1094s; цена отошла только на 0.40 ATR,True,CFX-USDT-SWAP,Канальный выход 10 свечей,0.0,0.06363,True,short,2026-03-22 01:47:20
cooldown после ATR-стопа ещё активен 1028s; цена отошла только на 0.90 ATR,True,NEAR-USDT-SWAP,ATR стоп 2.0N,0.0,1.3165,True,short,2026-03-22 01:47:26
cooldown после ATR-стопа ещё активен 1076s; цена отошла только на 0.40 ATR,True,CFX-USDT-SWAP,Канальный выход 10 свечей,0.0,0.06363,True,short,2026-03-22 01:47:38
cooldown после ATR-стопа ещё активен 1009s; цена отошла только на 0.90 ATR,True,NEAR-USDT-SWAP,ATR стоп 2.0N,0.0,1.3165,True,short,2026-03-22 01:47:44
cooldown после ATR-стопа ещё активен 1055s; цена отошла только на 0.40 ATR,True,CFX-USDT-SWAP,Канальный выход 10 свечей,0.0,0.06363,True,short,2026-03-22 01:47:58
cooldown после ATR-стопа ещё активен 989s; цена отошла только на 0.90 ATR,True,NEAR-USDT-SWAP,ATR стоп 2.0N,0.0,1.3165,True,short,2026-03-22 01:48:04
cooldown после ATR-стопа ещё активен 1030s; цена отошла только на 0.40 ATR,True,CFX-USDT-SWAP,Канальный выход 10 свечей,0.0,0.06363,True,short,2026-03-22 01:48:24
cooldown после ATR-стопа ещё активен 964s; цена отошла только на 0.90 ATR,True,NEAR-USDT-SWAP,ATR стоп 2.0N,0.0,1.3165,True,short,2026-03-22 01:48:30
cooldown после ATR-стопа ещё активен 1010s; цена отошла только на 0.40 ATR,True,CFX-USDT-SWAP,Канальный выход 10 свечей,0.0,0.06363,True,short,2026-03-22 01:48:44
cooldown после ATR-стопа ещё активен 943s; цена отошла только на 0.90 ATR,True,NEAR-USDT-SWAP,ATR стоп 2.0N,0.0,1.3165,True,short,2026-03-22 01:48:50
cooldown после ATR-стопа ещё активен 989s; цена отошла только на 0.40 ATR,True,CFX-USDT-SWAP,Канальный выход 10 свечей,0.0,0.06363,True,short,2026-03-22 01:49:04
cooldown после ATR-стопа ещё активен 923s; цена отошла только на 0.90 ATR,True,NEAR-USDT-SWAP,ATR стоп 2.0N,0.0,1.3165,True,short,2026-03-22 01:49:11
cooldown после ATR-стопа ещё активен 963s; цена отошла только на 0.40 ATR,True,CFX-USDT-SWAP,Канальный выход 10 свечей,0.0,0.06363,True,short,2026-03-22 01:49:30
cooldown после ATR-стопа ещё активен 897s; цена отошла только на 0.90 ATR,True,NEAR-USDT-SWAP,ATR стоп 2.0N,0.0,1.3165,True,short,2026-03-22 01:49:36
cooldown после ATR-стопа ещё активен 943s; цена отошла только на 0.40 ATR,True,CFX-USDT-SWAP,Канальный выход 10 свечей,0.0,0.06363,True,short,2026-03-22 01:49:50
cooldown после ATR-стопа ещё активен 877s; цена отошла только на 0.90 ATR,True,NEAR-USDT-SWAP,ATR стоп 2.0N,0.0,1.3165,True,short,2026-03-22 01:49:56
cooldown после ATR-стопа ещё активен 925s; цена отошла только на 0.60 ATR,True,CFX-USDT-SWAP,Канальный выход 10 свечей,0.0,0.06353,True,short,2026-03-22 01:50:09
cooldown после ATR-стопа ещё активен 858s; цена отошла только на 0.83 ATR,True,NEAR-USDT-SWAP,ATR стоп 2.0N,0.0,1.3166,True,short,2026-03-22 01:50:16
cooldown после ATR-стопа ещё активен 874s; цена отошла только на 0.60 ATR,True,CFX-USDT-SWAP,Канальный выход 10 свечей,0.0,0.06353,True,short,2026-03-22 01:50:59
cooldown после ATR-стопа ещё активен 808s; цена отошла только на 0.83 ATR,True,NEAR-USDT-SWAP,ATR стоп 2.0N,0.0,1.3166,True,short,2026-03-22 01:51:05
cooldown после ATR-стопа ещё активен 853s; цена отошла только на 0.60 ATR,True,CFX-USDT-SWAP,Канальный выход 10 свечей,0.0,0.06353,True,short,2026-03-22 01:51:21
cooldown после ATR-стопа ещё активен 787s; цена отошла только на 0.83 ATR,True,NEAR-USDT-SWAP,ATR стоп 2.0N,0.0,1.3166,True,short,2026-03-22 01:51:27
cooldown после ATR-стопа ещё активен 829s; цена отошла только на 0.60 ATR,True,CFX-USDT-SWAP,Канальный выход 10 свечей,0.0,0.06353,True,short,2026-03-22 01:51:45
cooldown после ATR-стопа ещё активен 763s; цена отошла только на 0.83 ATR,True,NEAR-USDT-SWAP,ATR стоп 2.0N,0.0,1.3166,True,short,2026-03-22 01:51:51
cooldown после ATR-стопа ещё активен 802s; цена отошла только на 0.60 ATR,True,CFX-USDT-SWAP,Канальный выход 10 свечей,0.0,0.06353,True,short,2026-03-22 01:52:11
cooldown после ATR-стопа ещё активен 736s; цена отошла только на 0.83 ATR,True,NEAR-USDT-SWAP,ATR стоп 2.0N,0.0,1.3166,True,short,2026-03-22 01:52:17
cooldown после ATR-стопа ещё активен 781s; цена отошла только на 0.60 ATR,True,CFX-USDT-SWAP,Канальный выход 10 свечей,0.0,0.06353,True,short,2026-03-22 01:52:33
cooldown после ATR-стопа ещё активен 715s; цена отошла только на 0.83 ATR,True,NEAR-USDT-SWAP,ATR стоп 2.0N,0.0,1.3166,True,short,2026-03-22 01:52:39
cooldown после ATR-стопа ещё активен 757s; цена отошла только на 0.60 ATR,True,CFX-USDT-SWAP,Канальный выход 10 свечей,0.0,0.06353,True,short,2026-03-22 01:52:57
cooldown после ATR-стопа ещё активен 690s; цена отошла только на 0.83 ATR,True,NEAR-USDT-SWAP,ATR стоп 2.0N,0.0,1.3166,True,short,2026-03-22 01:53:03
cooldown после ATR-стопа ещё активен 729s; цена отошла только на 0.60 ATR,True,CFX-USDT-SWAP,Канальный выход 10 свечей,0.0,0.06353,True,short,2026-03-22 01:53:24
cooldown после ATR-стопа ещё активен 664s; цена отошла только на 0.83 ATR,True,NEAR-USDT-SWAP,ATR стоп 2.0N,0.0,1.3166,True,short,2026-03-22 01:53:30
cooldown после ATR-стопа ещё активен 708s; цена отошла только на 0.60 ATR,True,CFX-USDT-SWAP,Канальный выход 10 свечей,0.0,0.06353,True,short,2026-03-22 01:53:45
cooldown после ATR-стопа ещё активен 643s; цена отошла только на 0.83 ATR,True,NEAR-USDT-SWAP,ATR стоп 2.0N,0.0,1.3166,True,short,2026-03-22 01:53:51
cooldown после ATR-стопа ещё активен 684s; цена отошла только на 0.60 ATR,True,CFX-USDT-SWAP,Канальный выход 10 свечей,0.0,0.06353,True,short,2026-03-22 01:54:09
cooldown после ATR-стопа ещё активен 618s; цена отошла только на 0.83 ATR,True,NEAR-USDT-SWAP,ATR стоп 2.0N,0.0,1.3166,True,short,2026-03-22 01:54:15
cooldown после ATR-стопа ещё активен 657s; цена отошла только на 0.60 ATR,True,CFX-USDT-SWAP,Канальный выход 10 свечей,0.0,0.06353,True,short,2026-03-22 01:54:36
cooldown после ATR-стопа ещё активен 591s; цена отошла только на 0.83 ATR,True,NEAR-USDT-SWAP,ATR стоп 2.0N,0.0,1.3166,True,short,2026-03-22 01:54:43
cooldown после ATR-стопа ещё активен 635s; цена отошла только на 0.60 ATR,True,CFX-USDT-SWAP,Канальный выход 10 свечей,0.0,0.06353,True,short,2026-03-22 01:54:58
cooldown после ATR-стопа ещё активен 507s; цена отошла только на 1.00 ATR,True,CFX-USDT-SWAP,Канальный выход 10 свечей,0.0,0.06349,True,short,2026-03-22 01:57:07
cooldown после ATR-стопа ещё активен 454s; цена отошла только на 1.00 ATR,True,CFX-USDT-SWAP,Канальный выход 10 свечей,0.0,0.06349,True,short,2026-03-22 01:57:59
cooldown после ATR-стопа ещё активен 432s; цена отошла только на 1.00 ATR,True,CFX-USDT-SWAP,Канальный выход 10 свечей,0.0,0.06349,True,short,2026-03-22 01:58:21
cooldown после ATR-стопа ещё активен 393s; цена отошла только на 1.00 ATR,True,CFX-USDT-SWAP,Канальный выход 10 свечей,0.0,0.06349,True,short,2026-03-22 01:59:01
cooldown после ATR-стопа ещё активен 355s; цена отошла только на 1.00 ATR,True,CFX-USDT-SWAP,Канальный выход 10 свечей,0.0,0.06349,True,short,2026-03-22 01:59:39
cooldown после ATR-стопа ещё активен 318s; цена отошла только на 0.90 ATR,True,CFX-USDT-SWAP,Канальный выход 10 свечей,0.0,0.06368,True,short,2026-03-22 02:00:16
cooldown после ATR-стопа ещё активен 289s; цена отошла только на 0.90 ATR,True,CFX-USDT-SWAP,Канальный выход 10 свечей,0.0,0.06368,True,short,2026-03-22 02:00:44
cooldown после ATR-стопа ещё активен 254s; цена отошла только на 0.90 ATR,True,CFX-USDT-SWAP,Канальный выход 10 свечей,0.0,0.06368,True,short,2026-03-22 02:01:19
cooldown после ATR-стопа ещё активен 226s; цена отошла только на 0.90 ATR,True,CFX-USDT-SWAP,Канальный выход 10 свечей,0.0,0.06368,True,short,2026-03-22 02:01:48
cooldown после ATR-стопа ещё активен 193s; цена отошла только на 0.90 ATR,True,CFX-USDT-SWAP,Канальный выход 10 свечей,0.0,0.06368,True,short,2026-03-22 02:02:21
cooldown после ATR-стопа ещё активен 166s; цена отошла только на 0.90 ATR,True,CFX-USDT-SWAP,Канальный выход 10 свечей,0.0,0.06368,True,short,2026-03-22 02:02:48
cooldown после ATR-стопа ещё активен 132s; цена отошла только на 0.90 ATR,True,CFX-USDT-SWAP,Канальный выход 10 свечей,0.0,0.06368,True,short,2026-03-22 02:03:22
cooldown после ATR-стопа ещё активен 104s; цена отошла только на 0.90 ATR,True,CFX-USDT-SWAP,Канальный выход 10 свечей,0.0,0.06368,True,short,2026-03-22 02:03:49
cooldown после ATR-стопа ещё активен 71s; цена отошла только на 0.90 ATR,True,CFX-USDT-SWAP,Канальный выход 10 свечей,0.0,0.06368,True,short,2026-03-22 02:04:23
cooldown после ATR-стопа ещё активен 42s; цена отошла только на 0.90 ATR,True,CFX-USDT-SWAP,Канальный выход 10 свечей,0.0,0.06368,True,short,2026-03-22 02:04:51
cooldown после ATR-стопа ещё активен 1686s; цена отошла только на 0.00 ATR,True,IMX-USDT-SWAP,ATR стоп 2.0N,0.0,0.1601,True,short,2026-03-22 02:20:17
cooldown после ATR-стопа ещё активен 1603s; цена отошла только на 0.00 ATR,True,IMX-USDT-SWAP,ATR стоп 2.0N,0.0,0.1601,True,short,2026-03-22 02:21:41
cooldown после ATR-стопа ещё активен 1531s; цена отошла только на 0.00 ATR,True,IMX-USDT-SWAP,ATR стоп 2.0N,0.0,0.1601,True,short,2026-03-22 02:22:53
cooldown после ATR-стопа ещё активен 1465s; цена отошла только на 0.00 ATR,True,IMX-USDT-SWAP,ATR стоп 2.0N,0.0,0.1601,True,short,2026-03-22 02:23:58
cooldown после ATR-стопа ещё активен 1400s; цена отошла только на 0.00 ATR,True,IMX-USDT-SWAP,ATR стоп 2.0N,0.0,0.1601,True,short,2026-03-22 02:25:04
cooldown после ATR-стопа ещё активен 1321s; цена отошла только на 0.51 ATR,True,IMX-USDT-SWAP,ATR стоп 2.0N,0.0,0.16,True,short,2026-03-22 02:26:23
cooldown после ATR-стопа ещё активен 1256s; цена отошла только на 0.51 ATR,True,IMX-USDT-SWAP,ATR стоп 2.0N,0.0,0.16,True,short,2026-03-22 02:27:28
cooldown после ATR-стопа ещё активен 1190s; цена отошла только на 0.51 ATR,True,IMX-USDT-SWAP,ATR стоп 2.0N,0.0,0.16,True,short,2026-03-22 02:28:33
cooldown после ATR-стопа ещё активен 1125s; цена отошла только на 0.51 ATR,True,IMX-USDT-SWAP,ATR стоп 2.0N,0.0,0.16,True,short,2026-03-22 02:29:39
cooldown после ATR-стопа ещё активен 1048s; цена отошла только на 1.03 ATR,True,IMX-USDT-SWAP,ATR стоп 2.0N,0.0,0.1599,True,short,2026-03-22 02:30:56
cooldown после ATR-стопа ещё активен 1779s; цена отошла только на 0.71 ATR,True,ALGO-USDT-SWAP,Ошибка: первичный стоп не подтверждён на бирже,0.0,0.0882,True,short,2026-03-22 02:33:24
cooldown после ATR-стопа ещё активен 893s; цена отошла только на 1.03 ATR,True,IMX-USDT-SWAP,ATR стоп 2.0N,0.0,0.1599,True,short,2026-03-22 02:33:30
cooldown после ATR-стопа ещё активен 1714s; цена отошла только на 0.71 ATR,True,ALGO-USDT-SWAP,Ошибка: первичный стоп не подтверждён на бирже,0.0,0.0882,True,short,2026-03-22 02:34:29
cooldown после ATR-стопа ещё активен 828s; цена отошла только на 1.03 ATR,True,IMX-USDT-SWAP,ATR стоп 2.0N,0.0,0.1599,True,short,2026-03-22 02:34:35
cooldown после ATR-стопа ещё активен 750s; цена отошла только на 1.03 ATR,True,IMX-USDT-SWAP,ATR стоп 2.0N,0.0,0.1599,True,short,2026-03-22 02:35:54
cooldown после ATR-стопа ещё активен 642s; цена отошла только на 1.03 ATR,True,IMX-USDT-SWAP,ATR стоп 2.0N,0.0,0.1599,True,short,2026-03-22 02:37:42
cooldown после ATR-стопа ещё активен 564s; цена отошла только на 1.03 ATR,True,IMX-USDT-SWAP,ATR стоп 2.0N,0.0,0.1599,True,short,2026-03-22 02:38:59
cooldown после ATR-стопа ещё активен 493s; цена отошла только на 1.03 ATR,True,IMX-USDT-SWAP,ATR стоп 2.0N,0.0,0.1599,True,short,2026-03-22 02:40:11
cooldown после ATR-стопа ещё активен 1680s; цена отошла только на 0.91 ATR,True,ARB-USDT-SWAP,ATR стоп 2.0N,0.0,0.0993,True,short,2026-03-22 02:41:43
cooldown после ATR-стопа ещё активен 395s; цена отошла только на 1.03 ATR,True,IMX-USDT-SWAP,ATR стоп 2.0N,0.0,0.1599,True,short,2026-03-22 02:41:49
cooldown после ATR-стопа ещё активен 1609s; цена отошла только на 0.91 ATR,True,ARB-USDT-SWAP,ATR стоп 2.0N,0.0,0.0993,True,short,2026-03-22 02:42:53
cooldown после ATR-стопа ещё активен 325s; цена отошла только на 1.03 ATR,True,IMX-USDT-SWAP,ATR стоп 2.0N,0.0,0.1599,True,short,2026-03-22 02:42:58
cooldown после ATR-стопа ещё активен 1549s; цена отошла только на 0.91 ATR,True,ARB-USDT-SWAP,ATR стоп 2.0N,0.0,0.0993,True,short,2026-03-22 02:43:54
cooldown после ATR-стопа ещё активен 264s; цена отошла только на 1.03 ATR,True,IMX-USDT-SWAP,ATR стоп 2.0N,0.0,0.1599,True,short,2026-03-22 02:44:00
cooldown после ATR-стопа ещё активен 1480s; цена отошла только на 0.91 ATR,True,ARB-USDT-SWAP,ATR стоп 2.0N,0.0,0.0993,True,short,2026-03-22 02:45:03
cooldown после ATR-стопа ещё активен 1774s; цена отошла только на 0.00 ATR,True,AVAX-USDT-SWAP,Канальный выход 10 свечей,0.0,9.472,True,short,2026-03-22 02:45:04
cooldown после ATR-стопа ещё активен 194s; цена отошла только на 1.03 ATR,True,IMX-USDT-SWAP,ATR стоп 2.0N,0.0,0.1599,True,short,2026-03-22 02:45:09
cooldown после ATR-стопа ещё активен 1376s; цена отошла только на 0.91 ATR,True,ARB-USDT-SWAP,ATR стоп 2.0N,0.0,0.0993,True,short,2026-03-22 02:46:47
cooldown после ATR-стопа ещё активен 1670s; цена отошла только на 0.00 ATR,True,AVAX-USDT-SWAP,Канальный выход 10 свечей,0.0,9.472,True,short,2026-03-22 02:46:48
cooldown после ATR-стопа ещё активен 92s; цена отошла только на 1.03 ATR,True,IMX-USDT-SWAP,ATR стоп 2.0N,0.0,0.1599,True,short,2026-03-22 02:46:52
cooldown после ATR-стопа ещё активен 1292s; цена отошла только на 0.91 ATR,True,ARB-USDT-SWAP,ATR стоп 2.0N,0.0,0.0993,True,short,2026-03-22 02:48:11
cooldown после ATR-стопа ещё активен 1586s; цена отошла только на 0.00 ATR,True,AVAX-USDT-SWAP,Канальный выход 10 свечей,0.0,9.472,True,short,2026-03-22 02:48:12
cooldown после ATR-стопа ещё активен 7s; цена отошла только на 1.03 ATR,True,IMX-USDT-SWAP,ATR стоп 2.0N,0.0,0.1599,True,short,2026-03-22 02:48:17
cooldown после ATR-стопа ещё активен 1224s; цена отошла только на 0.91 ATR,True,ARB-USDT-SWAP,ATR стоп 2.0N,0.0,0.0993,True,short,2026-03-22 02:49:19
cooldown после ATR-стопа ещё активен 1518s; цена отошла только на 0.00 ATR,True,AVAX-USDT-SWAP,Канальный выход 10 свечей,0.0,9.472,True,short,2026-03-22 02:49:20
cooldown после ATR-стопа ещё активен 767s; цена отошла только на 0.71 ATR,True,ALGO-USDT-SWAP,Ошибка: первичный стоп не подтверждён на бирже,0.0,0.0882,True,short,2026-03-22 02:50:15
cooldown после ATR-стопа ещё активен 1767s; цена отошла только на 0.00 ATR,True,INJ-USDT-SWAP,ATR стоп 2.0N,0.0,3.091,True,long,2026-03-22 02:50:26
cooldown после ATR-стопа ещё активен 585s; цена отошла только на 0.71 ATR,True,ALGO-USDT-SWAP,Ошибка: первичный стоп не подтверждён на бирже,0.0,0.0882,True,short,2026-03-22 02:53:18
cooldown после ATR-стопа ещё активен 1587s; цена отошла только на 0.00 ATR,True,INJ-USDT-SWAP,ATR стоп 2.0N,0.0,3.091,True,long,2026-03-22 02:53:26
cooldown после ATR-стопа ещё активен 938s; цена отошла только на 1.07 ATR,True,XRP-USDT-SWAP,ATR стоп 2.0N,0.0,1.4456,True,long,2026-03-22 02:55:42
cooldown после ATR-стопа ещё активен 847s; цена отошла только на 1.07 ATR,True,XRP-USDT-SWAP,ATR стоп 2.0N,0.0,1.4456,True,long,2026-03-22 02:57:13
cooldown после ATR-стопа ещё активен 799s; цена отошла только на 1.07 ATR,True,XRP-USDT-SWAP,ATR стоп 2.0N,0.0,1.4456,True,long,2026-03-22 02:58:02
cooldown после ATR-стопа ещё активен 778s; цена отошла только на 1.07 ATR,True,XRP-USDT-SWAP,ATR стоп 2.0N,0.0,1.4456,True,long,2026-03-22 02:58:23
cooldown после ATR-стопа ещё активен 729s; цена отошла только на 1.07 ATR,True,XRP-USDT-SWAP,ATR стоп 2.0N,0.0,1.4456,True,long,2026-03-22 02:59:11
cooldown после ATR-стопа ещё активен 703s; цена отошла только на 1.07 ATR,True,XRP-USDT-SWAP,ATR стоп 2.0N,0.0,1.4456,True,long,2026-03-22 02:59:37
cooldown после ATR-стопа ещё активен 643s; цена отошла только на 0.13 ATR,True,XRP-USDT-SWAP,ATR стоп 2.0N,0.0,1.4449,True,long,2026-03-22 03:00:37
cooldown после ATR-стопа ещё активен 490s; цена отошла только на 0.13 ATR,True,XRP-USDT-SWAP,ATR стоп 2.0N,0.0,1.4449,True,long,2026-03-22 03:03:10
cooldown после ATR-стопа ещё активен 434s; цена отошла только на 0.13 ATR,True,XRP-USDT-SWAP,ATR стоп 2.0N,0.0,1.4449,True,long,2026-03-22 03:04:06
cooldown после ATR-стопа ещё активен 406s; цена отошла только на 0.13 ATR,True,XRP-USDT-SWAP,ATR стоп 2.0N,0.0,1.4449,True,long,2026-03-22 03:04:35
cooldown после ATR-стопа ещё активен 361s; цена отошла только на 0.00 ATR,True,XRP-USDT-SWAP,ATR стоп 2.0N,0.0,1.4448,True,long,2026-03-22 03:05:20
cooldown после ATR-стопа ещё активен 332s; цена отошла только на 0.00 ATR,True,XRP-USDT-SWAP,ATR стоп 2.0N,0.0,1.4448,True,long,2026-03-22 03:05:49
cooldown после ATR-стопа ещё активен 287s; цена отошла только на 0.00 ATR,True,XRP-USDT-SWAP,ATR стоп 2.0N,0.0,1.4448,True,long,2026-03-22 03:06:34
cooldown после ATR-стопа ещё активен 258s; цена отошла только на 0.00 ATR,True,XRP-USDT-SWAP,ATR стоп 2.0N,0.0,1.4448,True,long,2026-03-22 03:07:03
cooldown после ATR-стопа ещё активен 218s; цена отошла только на 0.00 ATR,True,XRP-USDT-SWAP,ATR стоп 2.0N,0.0,1.4448,True,long,2026-03-22 03:07:43
cooldown после ATR-стопа ещё активен 191s; цена отошла только на 0.00 ATR,True,XRP-USDT-SWAP,ATR стоп 2.0N,0.0,1.4448,True,long,2026-03-22 03:08:10
cooldown после ATR-стопа ещё активен 148s; цена отошла только на 0.00 ATR,True,XRP-USDT-SWAP,ATR стоп 2.0N,0.0,1.4448,True,long,2026-03-22 03:08:52
cooldown после ATR-стопа ещё активен 114s; цена отошла только на 0.00 ATR,True,XRP-USDT-SWAP,ATR стоп 2.0N,0.0,1.4448,True,long,2026-03-22 03:09:26
cooldown после ATR-стопа ещё активен 73s; цена отошла только на 0.93 ATR,True,XRP-USDT-SWAP,ATR стоп 2.0N,0.0,1.4441,True,long,2026-03-22 03:10:07
cooldown после ATR-стопа ещё активен 39s; цена отошла только на 0.93 ATR,True,XRP-USDT-SWAP,ATR стоп 2.0N,0.0,1.4441,True,long,2026-03-22 03:10:42
cooldown после ATR-стопа ещё активен 1684s; цена отошла только на 0.27 ATR,True,IMX-USDT-SWAP,ATR стоп 2.0N,0.0,0.1618,True,long,2026-03-22 04:05:02
cooldown после ATR-стопа ещё активен 1613s; цена отошла только на 0.27 ATR,True,IMX-USDT-SWAP,ATR стоп 2.0N,0.0,0.1618,True,long,2026-03-22 04:06:12
cooldown после ATR-стопа ещё активен 1579s; цена отошла только на 0.27 ATR,True,IMX-USDT-SWAP,ATR стоп 2.0N,0.0,0.1618,True,long,2026-03-22 04:06:47
cooldown после ATR-стопа ещё активен 1537s; цена отошла только на 0.27 ATR,True,IMX-USDT-SWAP,ATR стоп 2.0N,0.0,0.1618,True,long,2026-03-22 04:07:28
cooldown после ATR-стопа ещё активен 1503s; цена отошла только на 0.27 ATR,True,IMX-USDT-SWAP,ATR стоп 2.0N,0.0,0.1618,True,long,2026-03-22 04:08:03
cooldown после ATR-стопа ещё активен 1460s; цена отошла только на 0.27 ATR,True,IMX-USDT-SWAP,ATR стоп 2.0N,0.0,0.1618,True,long,2026-03-22 04:08:46
cooldown после ATR-стопа ещё активен 1425s; цена отошла только на 0.27 ATR,True,IMX-USDT-SWAP,ATR стоп 2.0N,0.0,0.1618,True,long,2026-03-22 04:09:20
cooldown после ATR-стопа ещё активен 1383s; цена отошла только на 1.06 ATR,True,IMX-USDT-SWAP,ATR стоп 2.0N,0.0,0.1638,True,long,2026-03-22 04:10:03
cooldown после ATR-стопа ещё активен 1303s; цена отошла только на 1.06 ATR,True,IMX-USDT-SWAP,ATR стоп 2.0N,0.0,0.1638,True,long,2026-03-22 04:11:22
cooldown после ATR-стопа ещё активен 1256s; цена отошла только на 1.06 ATR,True,IMX-USDT-SWAP,ATR стоп 2.0N,0.0,0.1638,True,long,2026-03-22 04:12:09
cooldown после ATR-стопа ещё активен 1221s; цена отошла только на 1.06 ATR,True,IMX-USDT-SWAP,ATR стоп 2.0N,0.0,0.1638,True,long,2026-03-22 04:12:45
cooldown после ATR-стопа ещё активен 1174s; цена отошла только на 1.06 ATR,True,IMX-USDT-SWAP,ATR стоп 2.0N,0.0,0.1638,True,long,2026-03-22 04:13:31
cooldown после ATR-стопа ещё активен 1140s; цена отошла только на 1.06 ATR,True,IMX-USDT-SWAP,ATR стоп 2.0N,0.0,0.1638,True,long,2026-03-22 04:14:06
cooldown после ATR-стопа ещё активен 1093s; цена отошла только на 1.06 ATR,True,IMX-USDT-SWAP,ATR стоп 2.0N,0.0,0.1638,True,long,2026-03-22 04:14:52
cooldown после ATR-стопа ещё активен 1741s; цена отошла только на 0.30 ATR,True,SAND-USDT-SWAP,Ошибка: первичный стоп не подтверждён на бирже,0.0,0.0784,True,short,2026-03-22 04:43:28
cooldown после ATR-стопа ещё активен 1613s; цена отошла только на 0.00 ATR,True,MINA-USDT-SWAP,ATR стоп 2.0N,0.0,0.05709,True,short,2026-03-22 04:56:45
cooldown после ATR-стопа ещё активен 1431s; цена отошла только на 0.00 ATR,True,MINA-USDT-SWAP,ATR стоп 2.0N,0.0,0.05709,True,short,2026-03-22 04:59:47
cooldown после ATR-стопа ещё активен 1258s; цена отошла только на 0.00 ATR,True,MINA-USDT-SWAP,ATR стоп 2.0N,0.0,0.05709,True,short,2026-03-22 05:02:39
cooldown после ATR-стопа ещё активен 1185s; цена отошла только на 0.00 ATR,True,MINA-USDT-SWAP,ATR стоп 2.0N,0.0,0.05709,True,short,2026-03-22 05:03:53
cooldown после ATR-стопа ещё активен 1122s; цена отошла только на 0.00 ATR,True,MINA-USDT-SWAP,ATR стоп 2.0N,0.0,0.05709,True,short,2026-03-22 05:04:56
cooldown после ATR-стопа ещё активен 1048s; цена отошла только на 0.40 ATR,True,MINA-USDT-SWAP,ATR стоп 2.0N,0.0,0.05704,True,short,2026-03-22 05:06:09
cooldown после ATR-стопа ещё активен 985s; цена отошла только на 0.40 ATR,True,MINA-USDT-SWAP,ATR стоп 2.0N,0.0,0.05704,True,short,2026-03-22 05:07:13
cooldown после ATR-стопа ещё активен 921s; цена отошла только на 0.40 ATR,True,MINA-USDT-SWAP,ATR стоп 2.0N,0.0,0.05704,True,short,2026-03-22 05:08:17
cooldown после ATR-стопа ещё активен 859s; цена отошла только на 0.40 ATR,True,MINA-USDT-SWAP,ATR стоп 2.0N,0.0,0.05704,True,short,2026-03-22 05:09:18
cooldown после ATR-стопа ещё активен 797s; цена отошла только на 0.40 ATR,True,MINA-USDT-SWAP,ATR стоп 2.0N,0.0,0.05704,True,short,2026-03-22 05:10:20
cooldown после ATR-стопа ещё активен 723s; цена отошла только на 0.40 ATR,True,MINA-USDT-SWAP,ATR стоп 2.0N,0.0,0.05704,True,short,2026-03-22 05:11:35
cooldown после ATR-стопа ещё активен 658s; цена отошла только на 0.40 ATR,True,MINA-USDT-SWAP,ATR стоп 2.0N,0.0,0.05704,True,short,2026-03-22 05:12:39
cooldown после ATR-стопа ещё активен 593s; цена отошла только на 0.40 ATR,True,MINA-USDT-SWAP,ATR стоп 2.0N,0.0,0.05704,True,short,2026-03-22 05:13:44
cooldown после ATR-стопа ещё активен 528s; цена отошла только на 0.40 ATR,True,MINA-USDT-SWAP,ATR стоп 2.0N,0.0,0.05704,True,short,2026-03-22 05:14:49
cooldown после ATR-стопа ещё активен 466s; цена отошла только на 0.16 ATR,True,MINA-USDT-SWAP,ATR стоп 2.0N,0.0,0.05711,True,short,2026-03-22 05:15:51
cooldown после ATR-стопа ещё активен 392s; цена отошла только на 0.16 ATR,True,MINA-USDT-SWAP,ATR стоп 2.0N,0.0,0.05711,True,short,2026-03-22 05:17:05
cooldown после ATR-стопа ещё активен 329s; цена отошла только на 0.16 ATR,True,MINA-USDT-SWAP,ATR стоп 2.0N,0.0,0.05711,True,short,2026-03-22 05:18:09
cooldown после ATR-стопа ещё активен 265s; цена отошла только на 0.16 ATR,True,MINA-USDT-SWAP,ATR стоп 2.0N,0.0,0.05711,True,short,2026-03-22 05:19:12
cooldown после ATR-стопа ещё активен 188s; цена отошла только на 0.32 ATR,True,MINA-USDT-SWAP,ATR стоп 2.0N,0.0,0.05713,True,short,2026-03-22 05:20:29
cooldown после ATR-стопа ещё активен 101s; цена отошла только на 0.32 ATR,True,MINA-USDT-SWAP,ATR стоп 2.0N,0.0,0.05713,True,short,2026-03-22 05:21:56
cooldown после ATR-стопа ещё активен 24s; цена отошла только на 0.32 ATR,True,MINA-USDT-SWAP,ATR стоп 2.0N,0.0,0.05713,True,short,2026-03-22 05:23:14
cooldown после ATR-стопа ещё активен 1771s; цена отошла только на 0.21 ATR,True,AUCTION-USDT-SWAP,Ошибка: первичный стоп не подтверждён на бирже,0.0,4.719,True,long,2026-03-22 05:37:04
cooldown после ATR-стопа ещё активен 1695s; цена отошла только на 0.00 ATR,True,ETC-USDT-SWAP,Ошибка: первичный стоп не подтверждён на бирже,0.0,8.22,True,long,2026-03-22 05:37:06
cooldown после ATR-стопа ещё активен 1626s; цена отошла только на 0.00 ATR,True,FIL-USDT-SWAP,Ошибка: первичный стоп не подтверждён на бирже,0.0,0.886,True,long,2026-03-22 05:37:07
cooldown после ATR-стопа ещё активен 1727s; цена отошла только на 0.00 ATR,True,TSLA-USDT-SWAP,Ошибка: первичный стоп не подтверждён на бирже,0.0,371.25,True,short,2026-03-22 05:37:10
cooldown после ATR-стопа ещё активен 1636s; цена отошла только на 0.21 ATR,True,AUCTION-USDT-SWAP,Ошибка: первичный стоп не подтверждён на бирже,0.0,4.719,True,long,2026-03-22 05:39:20
cooldown после ATR-стопа ещё активен 1560s; цена отошла только на 0.00 ATR,True,ETC-USDT-SWAP,Ошибка: первичный стоп не подтверждён на бирже,0.0,8.22,True,long,2026-03-22 05:39:21
cooldown после ATR-стопа ещё активен 1490s; цена отошла только на 0.00 ATR,True,FIL-USDT-SWAP,Ошибка: первичный стоп не подтверждён на бирже,0.0,0.886,True,long,2026-03-22 05:39:22
cooldown после ATR-стопа ещё активен 1592s; цена отошла только на 0.00 ATR,True,TSLA-USDT-SWAP,Ошибка: первичный стоп не подтверждён на бирже,0.0,371.25,True,short,2026-03-22 05:39:25
cooldown после ATR-стопа ещё активен 1458s; цена отошла только на 0.21 ATR,True,AUCTION-USDT-SWAP,Ошибка: первичный стоп не подтверждён на бирже,0.0,4.715,True,long,2026-03-22 05:42:18
cooldown после ATR-стопа ещё активен 1592s; цена отошла только на 0.15 ATR,True,CFX-USDT-SWAP,ATR стоп 2.0N,0.0,0.06205,True,long,2026-03-22 05:42:18
cooldown после ATR-стопа ещё активен 1382s; цена отошла только на 0.95 ATR,True,ETC-USDT-SWAP,Ошибка: первичный стоп не подтверждён на бирже,0.0,8.2,True,long,2026-03-22 05:42:19
cooldown после ATR-стопа ещё активен 1313s; цена отошла только на 0.49 ATR,True,FIL-USDT-SWAP,Ошибка: первичный стоп не подтверждён на бирже,0.0,0.885,True,long,2026-03-22 05:42:20
cooldown после ATR-стопа ещё активен 1353s; цена отошла только на 0.21 ATR,True,AUCTION-USDT-SWAP,Ошибка: первичный стоп не подтверждён на бирже,0.0,4.715,True,long,2026-03-22 05:44:02
cooldown после ATR-стопа ещё активен 1488s; цена отошла только на 0.15 ATR,True,CFX-USDT-SWAP,ATR стоп 2.0N,0.0,0.06205,True,long,2026-03-22 05:44:03
cooldown после ATR-стопа ещё активен 1277s; цена отошла только на 0.95 ATR,True,ETC-USDT-SWAP,Ошибка: первичный стоп не подтверждён на бирже,0.0,8.2,True,long,2026-03-22 05:44:04
cooldown после ATR-стопа ещё активен 1208s; цена отошла только на 0.49 ATR,True,FIL-USDT-SWAP,Ошибка: первичный стоп не подтверждён на бирже,0.0,0.885,True,long,2026-03-22 05:44:05
cooldown после ATR-стопа ещё активен 1174s; цена отошла только на 0.21 ATR,True,AUCTION-USDT-SWAP,Ошибка: первичный стоп не подтверждён на бирже,0.0,4.715,True,long,2026-03-22 05:47:01
cooldown после ATR-стопа ещё активен 1308s; цена отошла только на 0.30 ATR,True,CFX-USDT-SWAP,ATR стоп 2.0N,0.0,0.06211,True,long,2026-03-22 05:47:02
cooldown после ATR-стопа ещё активен 1098s; цена отошла только на 0.48 ATR,True,ETC-USDT-SWAP,Ошибка: первичный стоп не подтверждён на бирже,0.0,8.21,True,long,2026-03-22 05:47:03
cooldown после ATR-стопа ещё активен 1028s; цена отошла только на 0.98 ATR,True,FIL-USDT-SWAP,Ошибка: первичный стоп не подтверждён на бирже,0.0,0.884,True,long,2026-03-22 05:47:05
cooldown после ATR-стопа ещё активен 1129s; цена отошла только на 0.85 ATR,True,TSLA-USDT-SWAP,Ошибка: первичный стоп не подтверждён на бирже,0.0,371.1,True,short,2026-03-22 05:47:09
cooldown после ATR-стопа ещё активен 1103s; цена отошла только на 0.21 ATR,True,AUCTION-USDT-SWAP,Ошибка: первичный стоп не подтверждён на бирже,0.0,4.715,True,long,2026-03-22 05:48:13
cooldown после ATR-стопа ещё активен 1237s; цена отошла только на 0.30 ATR,True,CFX-USDT-SWAP,ATR стоп 2.0N,0.0,0.06211,True,long,2026-03-22 05:48:13
cooldown после ATR-стопа ещё активен 1027s; цена отошла только на 0.48 ATR,True,ETC-USDT-SWAP,Ошибка: первичный стоп не подтверждён на бирже,0.0,8.21,True,long,2026-03-22 05:48:14
cooldown после ATR-стопа ещё активен 957s; цена отошла только на 0.98 ATR,True,FIL-USDT-SWAP,Ошибка: первичный стоп не подтверждён на бирже,0.0,0.884,True,long,2026-03-22 05:48:15
cooldown после ATR-стопа ещё активен 1059s; цена отошла только на 0.85 ATR,True,TSLA-USDT-SWAP,Ошибка: первичный стоп не подтверждён на бирже,0.0,371.1,True,short,2026-03-22 05:48:18
cooldown после ATR-стопа ещё активен 1031s; цена отошла только на 0.21 ATR,True,AUCTION-USDT-SWAP,Ошибка: первичный стоп не подтверждён на бирже,0.0,4.715,True,long,2026-03-22 05:49:25
cooldown после ATR-стопа ещё активен 1165s; цена отошла только на 0.30 ATR,True,CFX-USDT-SWAP,ATR стоп 2.0N,0.0,0.06211,True,long,2026-03-22 05:49:26
cooldown после ATR-стопа ещё активен 954s; цена отошла только на 0.48 ATR,True,ETC-USDT-SWAP,Ошибка: первичный стоп не подтверждён на бирже,0.0,8.21,True,long,2026-03-22 05:49:27
cooldown после ATR-стопа ещё активен 886s; цена отошла только на 0.98 ATR,True,FIL-USDT-SWAP,Ошибка: первичный стоп не подтверждён на бирже,0.0,0.884,True,long,2026-03-22 05:49:27
cooldown после ATR-стопа ещё активен 987s; цена отошла только на 0.85 ATR,True,TSLA-USDT-SWAP,Ошибка: первичный стоп не подтверждён на бирже,0.0,371.1,True,short,2026-03-22 05:49:30
cooldown после ATR-стопа ещё активен 963s; цена отошла только на 0.42 ATR,True,AUCTION-USDT-SWAP,Ошибка: первичный стоп не подтверждён на бирже,0.0,4.721,True,long,2026-03-22 05:50:33
cooldown после ATR-стопа ещё активен 1098s; цена отошла только на 0.97 ATR,True,CFX-USDT-SWAP,ATR стоп 2.0N,0.0,0.0622,True,long,2026-03-22 05:50:33
cooldown после ATR-стопа ещё активен 887s; цена отошла только на 0.48 ATR,True,ETC-USDT-SWAP,Ошибка: первичный стоп не подтверждён на бирже,0.0,8.23,True,long,2026-03-22 05:50:34
cooldown после ATR-стопа ещё активен 817s; цена отошла только на 0.00 ATR,True,FIL-USDT-SWAP,Ошибка: первичный стоп не подтверждён на бирже,0.0,0.886,True,long,2026-03-22 05:50:35
cooldown после ATR-стопа ещё активен 918s; цена отошла только на 0.28 ATR,True,TSLA-USDT-SWAP,Ошибка: первичный стоп не подтверждён на бирже,0.0,371.2,True,short,2026-03-22 05:50:40
cooldown после ATR-стопа ещё активен 896s; цена отошла только на 0.42 ATR,True,AUCTION-USDT-SWAP,Ошибка: первичный стоп не подтверждён на бирже,0.0,4.721,True,long,2026-03-22 05:51:39
cooldown после ATR-стопа ещё активен 1031s; цена отошла только на 0.97 ATR,True,CFX-USDT-SWAP,ATR стоп 2.0N,0.0,0.0622,True,long,2026-03-22 05:51:40
cooldown после ATR-стопа ещё активен 820s; цена отошла только на 0.48 ATR,True,ETC-USDT-SWAP,Ошибка: первичный стоп не подтверждён на бирже,0.0,8.23,True,long,2026-03-22 05:51:41
cooldown после ATR-стопа ещё активен 751s; цена отошла только на 0.00 ATR,True,FIL-USDT-SWAP,Ошибка: первичный стоп не подтверждён на бирже,0.0,0.886,True,long,2026-03-22 05:51:42
cooldown после ATR-стопа ещё активен 851s; цена отошла только на 0.28 ATR,True,TSLA-USDT-SWAP,Ошибка: первичный стоп не подтверждён на бирже,0.0,371.2,True,short,2026-03-22 05:51:46
cooldown после ATR-стопа ещё активен 833s; цена отошла только на 0.42 ATR,True,AUCTION-USDT-SWAP,Ошибка: первичный стоп не подтверждён на бирже,0.0,4.721,True,long,2026-03-22 05:52:42
cooldown после ATR-стопа ещё активен 968s; цена отошла только на 0.97 ATR,True,CFX-USDT-SWAP,ATR стоп 2.0N,0.0,0.0622,True,long,2026-03-22 05:52:43
cooldown после ATR-стопа ещё активен 757s; цена отошла только на 0.48 ATR,True,ETC-USDT-SWAP,Ошибка: первичный стоп не подтверждён на бирже,0.0,8.23,True,long,2026-03-22 05:52:44
cooldown после ATR-стопа ещё активен 688s; цена отошла только на 0.00 ATR,True,FIL-USDT-SWAP,Ошибка: первичный стоп не подтверждён на бирже,0.0,0.886,True,long,2026-03-22 05:52:45
cooldown после ATR-стопа ещё активен 788s; цена отошла только на 0.28 ATR,True,TSLA-USDT-SWAP,Ошибка: первичный стоп не подтверждён на бирже,0.0,371.2,True,short,2026-03-22 05:52:49
cooldown после ATR-стопа ещё активен 769s; цена отошла только на 0.42 ATR,True,AUCTION-USDT-SWAP,Ошибка: первичный стоп не подтверждён на бирже,0.0,4.721,True,long,2026-03-22 05:53:46
cooldown после ATR-стопа ещё активен 904s; цена отошла только на 0.97 ATR,True,CFX-USDT-SWAP,ATR стоп 2.0N,0.0,0.0622,True,long,2026-03-22 05:53:47
cooldown после ATR-стопа ещё активен 693s; цена отошла только на 0.48 ATR,True,ETC-USDT-SWAP,Ошибка: первичный стоп не подтверждён на бирже,0.0,8.23,True,long,2026-03-22 05:53:48
cooldown после ATR-стопа ещё активен 623s; цена отошла только на 0.00 ATR,True,FIL-USDT-SWAP,Ошибка: первичный стоп не подтверждён на бирже,0.0,0.886,True,long,2026-03-22 05:53:49
cooldown после ATR-стопа ещё активен 724s; цена отошла только на 0.28 ATR,True,TSLA-USDT-SWAP,Ошибка: первичный стоп не подтверждён на бирже,0.0,371.2,True,short,2026-03-22 05:53:53
cooldown после ATR-стопа ещё активен 709s; цена отошла только на 0.42 ATR,True,AUCTION-USDT-SWAP,Ошибка: первичный стоп не подтверждён на бирже,0.0,4.721,True,long,2026-03-22 05:54:47
cooldown после ATR-стопа ещё активен 843s; цена отошла только на 0.97 ATR,True,CFX-USDT-SWAP,ATR стоп 2.0N,0.0,0.0622,True,long,2026-03-22 05:54:47
cooldown после ATR-стопа ещё активен 633s; цена отошла только на 0.48 ATR,True,ETC-USDT-SWAP,Ошибка: первичный стоп не подтверждён на бирже,0.0,8.23,True,long,2026-03-22 05:54:48
cooldown после ATR-стопа ещё активен 563s; цена отошла только на 0.00 ATR,True,FIL-USDT-SWAP,Ошибка: первичный стоп не подтверждён на бирже,0.0,0.886,True,long,2026-03-22 05:54:50
cooldown после ATR-стопа ещё активен 663s; цена отошла только на 0.28 ATR,True,TSLA-USDT-SWAP,Ошибка: первичный стоп не подтверждён на бирже,0.0,371.2,True,short,2026-03-22 05:54:54
cooldown после ATR-стопа ещё активен 673s; цена отошла только на 0.84 ATR,True,AUCTION-USDT-SWAP,Ошибка: первичный стоп не подтверждён на бирже,0.0,4.725,True,long,2026-03-22 05:55:23
cooldown после ATR-стопа ещё активен 807s; цена отошла только на 0.67 ATR,True,CFX-USDT-SWAP,ATR стоп 2.0N,0.0,0.06216,True,long,2026-03-22 05:55:24
cooldown после ATR-стопа ещё активен 596s; цена отошла только на 0.48 ATR,True,ETC-USDT-SWAP,Ошибка: первичный стоп не подтверждён на бирже,0.0,8.21,True,long,2026-03-22 05:55:25
cooldown после ATR-стопа ещё активен 527s; цена отошла только на 0.00 ATR,True,FIL-USDT-SWAP,Ошибка: первичный стоп не подтверждён на бирже,0.0,0.886,True,long,2026-03-22 05:55:26
cooldown после ATR-стопа ещё активен 627s; цена отошла только на 0.85 ATR,True,TSLA-USDT-SWAP,Ошибка: первичный стоп не подтверждён на бирже,0.0,371.4,True,short,2026-03-22 05:55:30
cooldown после ATR-стопа ещё активен 569s; цена отошла только на 0.84 ATR,True,AUCTION-USDT-SWAP,Ошибка: первичный стоп не подтверждён на бирже,0.0,4.725,True,long,2026-03-22 05:57:06
cooldown после ATR-стопа ещё активен 705s; цена отошла только на 0.67 ATR,True,CFX-USDT-SWAP,ATR стоп 2.0N,0.0,0.06216,True,long,2026-03-22 05:57:06
cooldown после ATR-стопа ещё активен 494s; цена отошла только на 0.48 ATR,True,ETC-USDT-SWAP,Ошибка: первичный стоп не подтверждён на бирже,0.0,8.21,True,long,2026-03-22 05:57:07
cooldown после ATR-стопа ещё активен 425s; цена отошла только на 0.00 ATR,True,FIL-USDT-SWAP,Ошибка: первичный стоп не подтверждён на бирже,0.0,0.886,True,long,2026-03-22 05:57:08
cooldown после ATR-стопа ещё активен 506s; цена отошла только на 0.84 ATR,True,AUCTION-USDT-SWAP,Ошибка: первичный стоп не подтверждён на бирже,0.0,4.725,True,long,2026-03-22 05:58:10
cooldown после ATR-стопа ещё активен 640s; цена отошла только на 0.67 ATR,True,CFX-USDT-SWAP,ATR стоп 2.0N,0.0,0.06216,True,long,2026-03-22 05:58:11
cooldown после ATR-стопа ещё активен 430s; цена отошла только на 0.48 ATR,True,ETC-USDT-SWAP,Ошибка: первичный стоп не подтверждён на бирже,0.0,8.21,True,long,2026-03-22 05:58:11
cooldown после ATR-стопа ещё активен 360s; цена отошла только на 0.00 ATR,True,FIL-USDT-SWAP,Ошибка: первичный стоп не подтверждён на бирже,0.0,0.886,True,long,2026-03-22 05:58:12
cooldown после ATR-стопа ещё активен 440s; цена отошла только на 0.84 ATR,True,AUCTION-USDT-SWAP,Ошибка: первичный стоп не подтверждён на бирже,0.0,4.725,True,long,2026-03-22 05:59:16
cooldown после ATR-стопа ещё активен 574s; цена отошла только на 0.67 ATR,True,CFX-USDT-SWAP,ATR стоп 2.0N,0.0,0.06216,True,long,2026-03-22 05:59:17
cooldown после ATR-стопа ещё активен 363s; цена отошла только на 0.48 ATR,True,ETC-USDT-SWAP,Ошибка: первичный стоп не подтверждён на бирже,0.0,8.21,True,long,2026-03-22 05:59:17
cooldown после ATR-стопа ещё активен 294s; цена отошла только на 0.00 ATR,True,FIL-USDT-SWAP,Ошибка: первичный стоп не подтверждён на бирже,0.0,0.886,True,long,2026-03-22 05:59:19
cooldown после ATR-стопа ещё активен 373s; цена отошла только на 0.53 ATR,True,AUCTION-USDT-SWAP,Ошибка: первичный стоп не подтверждён на бирже,0.0,4.722,True,long,2026-03-22 06:00:22
cooldown после ATR-стопа ещё активен 507s; цена отошла только на 0.52 ATR,True,CFX-USDT-SWAP,ATR стоп 2.0N,0.0,0.06214,True,long,2026-03-22 06:00:23
cooldown после ATR-стопа ещё активен 297s; цена отошла только на 0.00 ATR,True,ETC-USDT-SWAP,Ошибка: первичный стоп не подтверждён на бирже,0.0,8.22,True,long,2026-03-22 06:00:24
cooldown после ATR-стопа ещё активен 227s; цена отошла только на 0.49 ATR,True,FIL-USDT-SWAP,Ошибка: первичный стоп не подтверждён на бирже,0.0,0.887,True,long,2026-03-22 06:00:25
cooldown после ATR-стопа ещё активен 240s; цена отошла только на 0.53 ATR,True,AUCTION-USDT-SWAP,Ошибка: первичный стоп не подтверждён на бирже,0.0,4.722,True,long,2026-03-22 06:02:35
cooldown после ATR-стопа ещё активен 374s; цена отошла только на 0.52 ATR,True,CFX-USDT-SWAP,ATR стоп 2.0N,0.0,0.06214,True,long,2026-03-22 06:02:37
cooldown после ATR-стопа ещё активен 163s; цена отошла только на 0.00 ATR,True,ETC-USDT-SWAP,Ошибка: первичный стоп не подтверждён на бирже,0.0,8.22,True,long,2026-03-22 06:02:38
cooldown после ATR-стопа ещё активен 94s; цена отошла только на 0.49 ATR,True,FIL-USDT-SWAP,Ошибка: первичный стоп не подтверждён на бирже,0.0,0.887,True,long,2026-03-22 06:02:39
cooldown после ATR-стопа ещё активен 180s; цена отошла только на 0.53 ATR,True,AUCTION-USDT-SWAP,Ошибка: первичный стоп не подтверждён на бирже,0.0,4.722,True,long,2026-03-22 06:03:35
cooldown после ATR-стопа ещё активен 314s; цена отошла только на 0.52 ATR,True,CFX-USDT-SWAP,ATR стоп 2.0N,0.0,0.06214,True,long,2026-03-22 06:03:36
cooldown после ATR-стопа ещё активен 104s; цена отошла только на 0.00 ATR,True,ETC-USDT-SWAP,Ошибка: первичный стоп не подтверждён на бирже,0.0,8.22,True,long,2026-03-22 06:03:37
cooldown после ATR-стопа ещё активен 34s; цена отошла только на 0.49 ATR,True,FIL-USDT-SWAP,Ошибка: первичный стоп не подтверждён на бирже,0.0,0.887,True,long,2026-03-22 06:03:38
cooldown после ATR-стопа ещё активен 153s; цена отошла только на 0.53 ATR,True,AUCTION-USDT-SWAP,Ошибка: первичный стоп не подтверждён на бирже,0.0,4.722,True,long,2026-03-22 06:04:02
cooldown после ATR-стопа ещё активен 287s; цена отошла только на 0.52 ATR,True,CFX-USDT-SWAP,ATR стоп 2.0N,0.0,0.06214,True,long,2026-03-22 06:04:04
cooldown после ATR-стопа ещё активен 76s; цена отошла только на 0.00 ATR,True,ETC-USDT-SWAP,Ошибка: первичный стоп не подтверждён на бирже,0.0,8.22,True,long,2026-03-22 06:04:05
cooldown после ATR-стопа ещё активен 7s; цена отошла только на 0.49 ATR,True,FIL-USDT-SWAP,Ошибка: первичный стоп не подтверждён на бирже,0.0,0.887,True,long,2026-03-22 06:04:06
cooldown после ATR-стопа ещё активен 101s; цена отошла только на 0.53 ATR,True,AUCTION-USDT-SWAP,Ошибка: первичный стоп не подтверждён на бирже,0.0,4.722,True,long,2026-03-22 06:04:54
cooldown после ATR-стопа ещё активен 235s; цена отошла только на 0.52 ATR,True,CFX-USDT-SWAP,ATR стоп 2.0N,0.0,0.06214,True,long,2026-03-22 06:04:55
cooldown после ATR-стопа ещё активен 25s; цена отошла только на 0.00 ATR,True,ETC-USDT-SWAP,Ошибка: первичный стоп не подтверждён на бирже,0.0,8.22,True,long,2026-03-22 06:04:56
cooldown после ATR-стопа ещё активен 16s; цена отошла только на 0.63 ATR,True,AUCTION-USDT-SWAP,Ошибка: первичный стоп не подтверждён на бирже,0.0,4.711,True,long,2026-03-22 06:06:20
cooldown после ATR-стопа ещё активен 1732s; цена отошла только на 0.29 ATR,True,LPT-USDT-SWAP,Ошибка: первичный стоп не подтверждён на бирже,0.0,2.189,True,long,2026-03-22 06:34:16
cooldown после ATR-стопа ещё активен 1684s; цена отошла только на 0.00 ATR,True,1INCH-USDT-SWAP,Ошибка: первичный стоп не подтверждён на бирже,0.0,0.0928,True,long,2026-03-22 06:39:11
cooldown после ATR-стопа ещё активен 1711s; цена отошла только на 1.03 ATR,True,LDO-USDT-SWAP,Ошибка: первичный стоп не подтверждён на бирже,0.0,0.2906,True,long,2026-03-22 06:39:17
cooldown после ATR-стопа ещё активен 1430s; цена отошла только на 0.29 ATR,True,LPT-USDT-SWAP,Ошибка: первичный стоп не подтверждён на бирже,0.0,2.189,True,long,2026-03-22 06:39:17
cooldown после ATR-стопа ещё активен 1748s; цена отошла только на 0.83 ATR,True,SAND-USDT-SWAP,Ошибка: первичный стоп не подтверждён на бирже,0.0,0.0795,True,long,2026-03-22 06:39:19
cooldown после ATR-стопа ещё активен 1545s; цена отошла только на 0.77 ATR,True,1INCH-USDT-SWAP,Ошибка: первичный стоп не подтверждён на бирже,0.0,0.0929,True,long,2026-03-22 06:41:30
cooldown после ATR-стопа ещё активен 1291s; цена отошла только на 0.00 ATR,True,LPT-USDT-SWAP,Ошибка: первичный стоп не подтверждён на бирже,0.0,2.19,True,long,2026-03-22 06:41:36
cooldown после ATR-стопа ещё активен 1609s; цена отошла только на 0.00 ATR,True,SAND-USDT-SWAP,Ошибка: первичный стоп не подтверждён на бирже,0.0,0.0794,True,long,2026-03-22 06:41:38
cooldown после ATR-стопа ещё активен 1386s; цена отошла только на 0.77 ATR,True,1INCH-USDT-SWAP,Ошибка: первичный стоп не подтверждён на бирже,0.0,0.0929,True,long,2026-03-22 06:44:09
cooldown после ATR-стопа ещё активен 1133s; цена отошла только на 0.00 ATR,True,LPT-USDT-SWAP,Ошибка: первичный стоп не подтверждён на бирже,0.0,2.19,True,long,2026-03-22 06:44:15
cooldown после ATR-стопа ещё активен 1451s; цена отошла только на 0.00 ATR,True,SAND-USDT-SWAP,Ошибка: первичный стоп не подтверждён на бирже,0.0,0.0794,True,long,2026-03-22 06:44:16
cooldown после ATR-стопа ещё активен 1303s; цена отошла только на 0.77 ATR,True,1INCH-USDT-SWAP,Ошибка: первичный стоп не подтверждён на бирже,0.0,0.0927,True,long,2026-03-22 06:45:32
cooldown после ATR-стопа ещё активен 1050s; цена отошла только на 0.86 ATR,True,LPT-USDT-SWAP,Ошибка: первичный стоп не подтверждён на бирже,0.0,2.187,True,long,2026-03-22 06:45:37
cooldown после ATR-стопа ещё активен 1368s; цена отошла только на 0.00 ATR,True,SAND-USDT-SWAP,Ошибка: первичный стоп не подтверждён на бирже,0.0,0.0794,True,long,2026-03-22 06:45:38
cooldown после ATR-стопа ещё активен 1530s; цена отошла только на 0.00 ATR,True,XTZ-USDT-SWAP,ATR стоп 2.0N,0.0,0.3906,True,long,2026-03-22 06:45:39
cooldown после ATR-стопа ещё активен 1123s; цена отошла только на 0.77 ATR,True,1INCH-USDT-SWAP,Ошибка: первичный стоп не подтверждён на бирже,0.0,0.0927,True,long,2026-03-22 06:48:32
cooldown после ATR-стопа ещё активен 870s; цена отошла только на 0.86 ATR,True,LPT-USDT-SWAP,Ошибка: первичный стоп не подтверждён на бирже,0.0,2.187,True,long,2026-03-22 06:48:37
cooldown после ATR-стопа ещё активен 1188s; цена отошла только на 0.00 ATR,True,SAND-USDT-SWAP,Ошибка: первичный стоп не подтверждён на бирже,0.0,0.0794,True,long,2026-03-22 06:48:39
cooldown после ATR-стопа ещё активен 1349s; цена отошла только на 0.00 ATR,True,XTZ-USDT-SWAP,ATR стоп 2.0N,0.0,0.3906,True,long,2026-03-22 06:48:39
cooldown после ATR-стопа ещё активен 1042s; цена отошла только на 0.77 ATR,True,1INCH-USDT-SWAP,Ошибка: первичный стоп не подтверждён на бирже,0.0,0.0927,True,long,2026-03-22 06:49:53
cooldown после ATR-стопа ещё активен 789s; цена отошла только на 0.86 ATR,True,LPT-USDT-SWAP,Ошибка: первичный стоп не подтверждён на бирже,0.0,2.187,True,long,2026-03-22 06:49:58
cooldown после ATR-стопа ещё активен 1107s; цена отошла только на 0.00 ATR,True,SAND-USDT-SWAP,Ошибка: первичный стоп не подтверждён на бирже,0.0,0.0794,True,long,2026-03-22 06:49:59
cooldown после ATR-стопа ещё активен 1268s; цена отошла только на 0.00 ATR,True,XTZ-USDT-SWAP,ATR стоп 2.0N,0.0,0.3906,True,long,2026-03-22 06:50:00
cooldown после ATR-стопа ещё активен 895s; цена отошла только на 0.00 ATR,True,LDO-USDT-SWAP,Ошибка: первичный стоп не подтверждён на бирже,0.0,0.2902,True,long,2026-03-22 06:52:53
cooldown после ATR-стопа ещё активен 1767s; цена отошла только на 0.66 ATR,True,LTC-USDT-SWAP,ATR стоп 2.0N,0.0,54.75,True,long,2026-03-22 06:52:53
cooldown после ATR-стопа ещё активен 1094s; цена отошла только на 0.46 ATR,True,XTZ-USDT-SWAP,ATR стоп 2.0N,0.0,0.3903,True,long,2026-03-22 06:52:55
cooldown после ATR-стопа ещё активен 812s; цена отошла только на 0.00 ATR,True,LDO-USDT-SWAP,Ошибка: первичный стоп не подтверждён на бирже,0.0,0.2902,True,long,2026-03-22 06:54:16
cooldown после ATR-стопа ещё активен 1684s; цена отошла только на 0.66 ATR,True,LTC-USDT-SWAP,ATR стоп 2.0N,0.0,54.75,True,long,2026-03-22 06:54:17
cooldown после ATR-стопа ещё активен 1010s; цена отошла только на 0.46 ATR,True,XTZ-USDT-SWAP,ATR стоп 2.0N,0.0,0.3903,True,long,2026-03-22 06:54:19
cooldown после ATR-стопа ещё активен 739s; цена отошла только на 1.03 ATR,True,LDO-USDT-SWAP,Ошибка: первичный стоп не подтверждён на бирже,0.0,0.2898,True,long,2026-03-22 06:55:28
cooldown после ATR-стопа ещё активен 1612s; цена отошла только на 0.00 ATR,True,LTC-USDT-SWAP,ATR стоп 2.0N,0.0,54.7,True,long,2026-03-22 06:55:29
cooldown после ATR-стопа ещё активен 937s; цена отошла только на 0.62 ATR,True,XTZ-USDT-SWAP,ATR стоп 2.0N,0.0,0.3902,True,long,2026-03-22 06:55:31
cooldown после ATR-стопа ещё активен 596s; цена отошла только на 1.03 ATR,True,LDO-USDT-SWAP,Ошибка: первичный стоп не подтверждён на бирже,0.0,0.2898,True,long,2026-03-22 06:57:52
cooldown после ATR-стопа ещё активен 1468s; цена отошла только на 0.00 ATR,True,LTC-USDT-SWAP,ATR стоп 2.0N,0.0,54.7,True,long,2026-03-22 06:57:52
cooldown после ATR-стопа ещё активен 794s; цена отошла только на 0.62 ATR,True,XTZ-USDT-SWAP,ATR стоп 2.0N,0.0,0.3902,True,long,2026-03-22 06:57:55
cooldown после ATR-стопа ещё активен 527s; цена отошла только на 1.03 ATR,True,LDO-USDT-SWAP,Ошибка: первичный стоп не подтверждён на бирже,0.0,0.2898,True,long,2026-03-22 06:59:01
cooldown после ATR-стопа ещё активен 1399s; цена отошла только на 0.00 ATR,True,LTC-USDT-SWAP,ATR стоп 2.0N,0.0,54.7,True,long,2026-03-22 06:59:01
cooldown после ATR-стопа ещё активен 725s; цена отошла только на 0.62 ATR,True,XTZ-USDT-SWAP,ATR стоп 2.0N,0.0,0.3902,True,long,2026-03-22 06:59:04
cooldown после ATR-стопа ещё активен 457s; цена отошла только на 1.03 ATR,True,LDO-USDT-SWAP,Ошибка: первичный стоп не подтверждён на бирже,0.0,0.2898,True,long,2026-03-22 07:00:11
cooldown после ATR-стопа ещё активен 656s; цена отошла только на 0.62 ATR,True,XTZ-USDT-SWAP,ATR стоп 2.0N,0.0,0.3902,True,long,2026-03-22 07:00:13
cooldown после ATR-стопа ещё активен 275s; цена отошла только на 1.03 ATR,True,LDO-USDT-SWAP,Ошибка: первичный стоп не подтверждён на бирже,0.0,0.2898,True,long,2026-03-22 07:03:12
cooldown после ATR-стопа ещё активен 1148s; цена отошла только на 0.00 ATR,True,LTC-USDT-SWAP,ATR стоп 2.0N,0.0,54.7,True,long,2026-03-22 07:03:13
cooldown после ATR-стопа ещё активен 474s; цена отошла только на 0.62 ATR,True,XTZ-USDT-SWAP,ATR стоп 2.0N,0.0,0.3902,True,long,2026-03-22 07:03:15
cooldown после ATR-стопа ещё активен 200s; цена отошла только на 1.03 ATR,True,LDO-USDT-SWAP,Ошибка: первичный стоп не подтверждён на бирже,0.0,0.2898,True,long,2026-03-22 07:04:28
cooldown после ATR-стопа ещё активен 1072s; цена отошла только на 0.00 ATR,True,LTC-USDT-SWAP,ATR стоп 2.0N,0.0,54.7,True,long,2026-03-22 07:04:29
cooldown после ATR-стопа ещё активен 398s; цена отошла только на 0.62 ATR,True,XTZ-USDT-SWAP,ATR стоп 2.0N,0.0,0.3902,True,long,2026-03-22 07:04:30
cooldown после ATR-стопа ещё активен 93s; цена отошла только на 0.77 ATR,True,1INCH-USDT-SWAP,Ошибка: первичный стоп не подтверждён на бирже,0.0,0.0929,True,long,2026-03-22 07:05:42
cooldown после ATR-стопа ещё активен 993s; цена отошла только на 0.53 ATR,True,LTC-USDT-SWAP,ATR стоп 2.0N,0.0,54.74,True,long,2026-03-22 07:05:48
cooldown после ATR-стопа ещё активен 319s; цена отошла только на 0.62 ATR,True,XTZ-USDT-SWAP,ATR стоп 2.0N,0.0,0.3902,True,long,2026-03-22 07:05:50
cooldown после ATR-стопа ещё активен 858s; цена отошла только на 0.53 ATR,True,LTC-USDT-SWAP,ATR стоп 2.0N,0.0,54.74,True,long,2026-03-22 07:08:02
cooldown после ATR-стопа ещё активен 184s; цена отошла только на 0.62 ATR,True,XTZ-USDT-SWAP,ATR стоп 2.0N,0.0,0.3902,True,long,2026-03-22 07:08:04
cooldown после ATR-стопа ещё активен 789s; цена отошла только на 0.53 ATR,True,LTC-USDT-SWAP,ATR стоп 2.0N,0.0,54.74,True,long,2026-03-22 07:09:11
cooldown после ATR-стопа ещё активен 114s; цена отошла только на 0.62 ATR,True,XTZ-USDT-SWAP,ATR стоп 2.0N,0.0,0.3902,True,long,2026-03-22 07:09:14
cooldown после ATR-стопа ещё активен 724s; цена отошла только на 1.05 ATR,True,LTC-USDT-SWAP,ATR стоп 2.0N,0.0,54.78,True,long,2026-03-22 07:10:17
cooldown после ATR-стопа ещё активен 49s; цена отошла только на 0.62 ATR,True,XTZ-USDT-SWAP,ATR стоп 2.0N,0.0,0.3902,True,long,2026-03-22 07:10:19
cooldown после ATR-стопа ещё активен 562s; цена отошла только на 1.05 ATR,True,LTC-USDT-SWAP,ATR стоп 2.0N,0.0,54.78,True,long,2026-03-22 07:12:58
cooldown после ATR-стопа ещё активен 492s; цена отошла только на 1.05 ATR,True,LTC-USDT-SWAP,ATR стоп 2.0N,0.0,54.78,True,long,2026-03-22 07:14:08
cooldown после ATR-стопа ещё активен 434s; цена отошла только на 0.53 ATR,True,LTC-USDT-SWAP,ATR стоп 2.0N,0.0,54.74,True,long,2026-03-22 07:15:07
cooldown после ATR-стопа ещё активен 295s; цена отошла только на 0.53 ATR,True,LTC-USDT-SWAP,ATR стоп 2.0N,0.0,54.74,True,long,2026-03-22 07:17:26
cooldown после ATR-стопа ещё активен 238s; цена отошла только на 0.53 ATR,True,LTC-USDT-SWAP,ATR стоп 2.0N,0.0,54.74,True,long,2026-03-22 07:18:22
cooldown после ATR-стопа ещё активен 203s; цена отошла только на 0.53 ATR,True,LTC-USDT-SWAP,ATR стоп 2.0N,0.0,54.74,True,long,2026-03-22 07:18:57
cooldown после ATR-стопа ещё активен 145s; цена отошла только на 0.53 ATR,True,LTC-USDT-SWAP,ATR стоп 2.0N,0.0,54.74,True,long,2026-03-22 07:19:56
cooldown после ATR-стопа ещё активен 1s; цена отошла только на 0.92 ATR,True,LTC-USDT-SWAP,ATR стоп 2.0N,0.0,54.77,True,long,2026-03-22 07:22:20
cooldown после ATR-стопа ещё активен 34s; цена отошла только на 0.16 ATR,True,IMX-USDT-SWAP,Ошибка: первичный стоп не подтверждён на бирже,0.0,0.1663,True,long,2026-03-22 07:32:10
cooldown после ATR-стопа ещё активен 1475s; цена отошла только на 0.00 ATR,True,MAGIC-USDT-SWAP,Канальный выход 10 свечей,0.0,0.05957,True,long,2026-03-22 08:21:31
cooldown после ATR-стопа ещё активен 1391s; цена отошла только на 0.00 ATR,True,MAGIC-USDT-SWAP,Канальный выход 10 свечей,0.0,0.05957,True,long,2026-03-22 08:22:55
cooldown после ATR-стопа ещё активен 1329s; цена отошла только на 0.00 ATR,True,MAGIC-USDT-SWAP,Канальный выход 10 свечей,0.0,0.05957,True,long,2026-03-22 08:23:57
cooldown после ATR-стопа ещё активен 1264s; цена отошла только на 0.00 ATR,True,MAGIC-USDT-SWAP,Канальный выход 10 свечей,0.0,0.05957,True,long,2026-03-22 08:25:02
cooldown после ATR-стопа ещё активен 1145s; цена отошла только на 0.00 ATR,True,MAGIC-USDT-SWAP,Канальный выход 10 свечей,0.0,0.05957,True,long,2026-03-22 08:27:00
cooldown после ATR-стопа ещё активен 1084s; цена отошла только на 0.00 ATR,True,MAGIC-USDT-SWAP,Канальный выход 10 свечей,0.0,0.05957,True,long,2026-03-22 08:28:02
cooldown после ATR-стопа ещё активен 1020s; цена отошла только на 0.00 ATR,True,MAGIC-USDT-SWAP,Канальный выход 10 свечей,0.0,0.05957,True,long,2026-03-22 08:29:06
cooldown после ATR-стопа ещё активен 956s; цена отошла только на 0.00 ATR,True,MAGIC-USDT-SWAP,Канальный выход 10 свечей,0.0,0.05957,True,long,2026-03-22 08:30:10
cooldown после ATR-стопа ещё активен 748s; цена отошла только на 0.00 ATR,True,MAGIC-USDT-SWAP,Канальный выход 10 свечей,0.0,0.05957,True,long,2026-03-22 08:33:38
cooldown после ATR-стопа ещё активен 672s; цена отошла только на 0.00 ATR,True,MAGIC-USDT-SWAP,Канальный выход 10 свечей,0.0,0.05957,True,long,2026-03-22 08:34:54
cooldown после ATR-стопа ещё активен 539s; цена отошла только на 0.00 ATR,True,MAGIC-USDT-SWAP,Канальный выход 10 свечей,0.0,0.05957,True,long,2026-03-22 08:37:07
cooldown после ATR-стопа ещё активен 451s; цена отошла только на 0.00 ATR,True,MAGIC-USDT-SWAP,Канальный выход 10 свечей,0.0,0.05957,True,long,2026-03-22 08:38:35
cooldown после ATR-стопа ещё активен 371s; цена отошла только на 0.00 ATR,True,MAGIC-USDT-SWAP,Канальный выход 10 свечей,0.0,0.05957,True,long,2026-03-22 08:39:55
cooldown после ATR-стопа ещё активен 240s; цена отошла только на 0.00 ATR,True,MAGIC-USDT-SWAP,Канальный выход 10 свечей,0.0,0.05957,True,long,2026-03-22 08:42:05
cooldown после ATR-стопа ещё активен 155s; цена отошла только на 0.00 ATR,True,MAGIC-USDT-SWAP,Канальный выход 10 свечей,0.0,0.05957,True,long,2026-03-22 08:43:31
cooldown после ATR-стопа ещё активен 83s; цена отошла только на 0.00 ATR,True,MAGIC-USDT-SWAP,Канальный выход 10 свечей,0.0,0.05957,True,long,2026-03-22 08:44:43
cooldown после ATR-стопа ещё активен 1687s; цена отошла только на 0.89 ATR,True,AUCTION-USDT-SWAP,ATR стоп 2.0N,0.0,4.704,True,short,2026-03-22 09:55:43
cooldown после ATR-стопа ещё активен 1557s; цена отошла только на 0.89 ATR,True,AUCTION-USDT-SWAP,ATR стоп 2.0N,0.0,4.704,True,short,2026-03-22 09:57:53
cooldown после ATR-стопа ещё активен 1482s; цена отошла только на 0.89 ATR,True,AUCTION-USDT-SWAP,ATR стоп 2.0N,0.0,4.704,True,short,2026-03-22 09:59:08
cooldown после ATR-стопа ещё активен 1409s; цена отошла только на 0.44 ATR,True,AUCTION-USDT-SWAP,ATR стоп 2.0N,0.0,4.71,True,short,2026-03-22 10:00:21
cooldown после ATR-стопа ещё активен 1268s; цена отошла только на 0.44 ATR,True,AUCTION-USDT-SWAP,ATR стоп 2.0N,0.0,4.71,True,short,2026-03-22 10:02:42
cooldown после ATR-стопа ещё активен 1200s; цена отошла только на 0.44 ATR,True,AUCTION-USDT-SWAP,ATR стоп 2.0N,0.0,4.71,True,short,2026-03-22 10:03:50
cooldown после ATR-стопа ещё активен 1133s; цена отошла только на 0.44 ATR,True,AUCTION-USDT-SWAP,ATR стоп 2.0N,0.0,4.71,True,short,2026-03-22 10:04:57
cooldown после ATR-стопа ещё активен 1042s; цена отошла только на 0.22 ATR,True,AUCTION-USDT-SWAP,ATR стоп 2.0N,0.0,4.709,True,short,2026-03-22 10:06:28
cooldown после ATR-стопа ещё активен 943s; цена отошла только на 0.22 ATR,True,AUCTION-USDT-SWAP,ATR стоп 2.0N,0.0,4.709,True,short,2026-03-22 10:08:07
cooldown после ATR-стопа ещё активен 1786s; цена отошла только на 0.56 ATR,True,MAGIC-USDT-SWAP,Ошибка: первичный стоп не подтверждён на бирже,0.0,0.0601,True,long,2026-03-22 10:08:13
cooldown после ATR-стопа ещё активен 886s; цена отошла только на 0.22 ATR,True,AUCTION-USDT-SWAP,ATR стоп 2.0N,0.0,4.709,True,short,2026-03-22 10:09:04
cooldown после ATR-стопа ещё активен 1729s; цена отошла только на 0.56 ATR,True,MAGIC-USDT-SWAP,Ошибка: первичный стоп не подтверждён на бирже,0.0,0.0601,True,long,2026-03-22 10:09:09
cooldown после ATR-стопа ещё активен 851s; цена отошла только на 0.22 ATR,True,AUCTION-USDT-SWAP,ATR стоп 2.0N,0.0,4.709,True,short,2026-03-22 10:09:39
cooldown после ATR-стопа ещё активен 1693s; цена отошла только на 0.56 ATR,True,MAGIC-USDT-SWAP,Ошибка: первичный стоп не подтверждён на бирже,0.0,0.0601,True,long,2026-03-22 10:09:45
cooldown после ATR-стопа ещё активен 774s; цена отошла только на 0.00 ATR,True,AUCTION-USDT-SWAP,ATR стоп 2.0N,0.0,4.708,True,short,2026-03-22 10:10:56
cooldown после ATR-стопа ещё активен 1618s; цена отошла только на 0.00 ATR,True,MAGIC-USDT-SWAP,Ошибка: первичный стоп не подтверждён на бирже,0.0,0.06012,True,long,2026-03-22 10:11:01
cooldown после ATR-стопа ещё активен 708s; цена отошла только на 0.00 ATR,True,AUCTION-USDT-SWAP,ATR стоп 2.0N,0.0,4.708,True,short,2026-03-22 10:12:02
cooldown после ATR-стопа ещё активен 1551s; цена отошла только на 0.00 ATR,True,MAGIC-USDT-SWAP,Ошибка: первичный стоп не подтверждён на бирже,0.0,0.06012,True,long,2026-03-22 10:12:08
cooldown после ATR-стопа ещё активен 666s; цена отошла только на 0.00 ATR,True,AUCTION-USDT-SWAP,ATR стоп 2.0N,0.0,4.708,True,short,2026-03-22 10:12:44
cooldown после ATR-стопа ещё активен 1510s; цена отошла только на 0.00 ATR,True,MAGIC-USDT-SWAP,Ошибка: первичный стоп не подтверждён на бирже,0.0,0.06012,True,long,2026-03-22 10:12:49
cooldown после ATR-стопа ещё активен 628s; цена отошла только на 0.00 ATR,True,AUCTION-USDT-SWAP,ATR стоп 2.0N,0.0,4.708,True,short,2026-03-22 10:13:22
cooldown после ATR-стопа ещё активен 1472s; цена отошла только на 0.00 ATR,True,MAGIC-USDT-SWAP,Ошибка: первичный стоп не подтверждён на бирже,0.0,0.06012,True,long,2026-03-22 10:13:27
cooldown после ATR-стопа ещё активен 586s; цена отошла только на 0.00 ATR,True,AUCTION-USDT-SWAP,ATR стоп 2.0N,0.0,4.708,True,short,2026-03-22 10:14:04
cooldown после ATR-стопа ещё активен 1429s; цена отошла только на 0.00 ATR,True,MAGIC-USDT-SWAP,Ошибка: первичный стоп не подтверждён на бирже,0.0,0.06012,True,long,2026-03-22 10:14:09
cooldown после ATR-стопа ещё активен 537s; цена отошла только на 0.00 ATR,True,AUCTION-USDT-SWAP,ATR стоп 2.0N,0.0,4.708,True,short,2026-03-22 10:14:53
cooldown после ATR-стопа ещё активен 1380s; цена отошла только на 0.00 ATR,True,MAGIC-USDT-SWAP,Ошибка: первичный стоп не подтверждён на бирже,0.0,0.06012,True,long,2026-03-22 10:14:58
cooldown после ATR-стопа ещё активен 449s; цена отошла только на 0.00 ATR,True,AUCTION-USDT-SWAP,ATR стоп 2.0N,0.0,4.708,True,short,2026-03-22 10:16:21
cooldown после ATR-стопа ещё активен 1291s; цена отошла только на 0.00 ATR,True,MAGIC-USDT-SWAP,Ошибка: первичный стоп не подтверждён на бирже,0.0,0.06012,True,long,2026-03-22 10:16:27
cooldown после ATR-стопа ещё активен 382s; цена отошла только на 0.00 ATR,True,AUCTION-USDT-SWAP,ATR стоп 2.0N,0.0,4.708,True,short,2026-03-22 10:17:28
cooldown после ATR-стопа ещё активен 1225s; цена отошла только на 0.00 ATR,True,MAGIC-USDT-SWAP,Ошибка: первичный стоп не подтверждён на бирже,0.0,0.06012,True,long,2026-03-22 10:17:33
cooldown после ATR-стопа ещё активен 339s; цена отошла только на 0.00 ATR,True,AUCTION-USDT-SWAP,ATR стоп 2.0N,0.0,4.708,True,short,2026-03-22 10:18:11
cooldown после ATR-стопа ещё активен 1182s; цена отошла только на 0.00 ATR,True,MAGIC-USDT-SWAP,Ошибка: первичный стоп не подтверждён на бирже,0.0,0.06012,True,long,2026-03-22 10:18:16
cooldown после ATR-стопа ещё активен 289s; цена отошла только на 0.00 ATR,True,AUCTION-USDT-SWAP,ATR стоп 2.0N,0.0,4.708,True,short,2026-03-22 10:19:01
cooldown после ATR-стопа ещё активен 1132s; цена отошла только на 0.00 ATR,True,MAGIC-USDT-SWAP,Ошибка: первичный стоп не подтверждён на бирже,0.0,0.06012,True,long,2026-03-22 10:19:07
cooldown после ATR-стопа ещё активен 254s; цена отошла только на 0.00 ATR,True,AUCTION-USDT-SWAP,ATR стоп 2.0N,0.0,4.708,True,short,2026-03-22 10:19:36
cooldown после ATR-стопа ещё активен 1097s; цена отошла только на 0.00 ATR,True,MAGIC-USDT-SWAP,Ошибка: первичный стоп не подтверждён на бирже,0.0,0.06012,True,long,2026-03-22 10:19:41
cooldown после ATR-стопа ещё активен 193s; цена отошла только на 0.67 ATR,True,AUCTION-USDT-SWAP,ATR стоп 2.0N,0.0,4.711,True,short,2026-03-22 10:20:37
cooldown после ATR-стопа ещё активен 1036s; цена отошла только на 0.00 ATR,True,MAGIC-USDT-SWAP,Ошибка: первичный стоп не подтверждён на бирже,0.0,0.06012,True,long,2026-03-22 10:20:43
cooldown после ATR-стопа ещё активен 108s; цена отошла только на 0.67 ATR,True,AUCTION-USDT-SWAP,ATR стоп 2.0N,0.0,4.711,True,short,2026-03-22 10:22:02
cooldown после ATR-стопа ещё активен 952s; цена отошла только на 0.00 ATR,True,MAGIC-USDT-SWAP,Ошибка: первичный стоп не подтверждён на бирже,0.0,0.06012,True,long,2026-03-22 10:22:07
cooldown после ATR-стопа ещё активен 45s; цена отошла только на 0.67 ATR,True,AUCTION-USDT-SWAP,ATR стоп 2.0N,0.0,4.711,True,short,2026-03-22 10:23:05
cooldown после ATR-стопа ещё активен 888s; цена отошла только на 0.00 ATR,True,MAGIC-USDT-SWAP,Ошибка: первичный стоп не подтверждён на бирже,0.0,0.06012,True,long,2026-03-22 10:23:10
cooldown после ATR-стопа ещё активен 1776s; цена отошла только на 0.49 ATR,True,CFX-USDT-SWAP,ATR стоп 2.0N,0.0,0.06255,True,long,2026-03-22 10:24:23
cooldown после ATR-стопа ещё активен 811s; цена отошла только на 0.00 ATR,True,MAGIC-USDT-SWAP,Ошибка: первичный стоп не подтверждён на бирже,0.0,0.06012,True,long,2026-03-22 10:24:28
cooldown после ATR-стопа ещё активен 1707s; цена отошла только на 0.00 ATR,True,CFX-USDT-SWAP,ATR стоп 2.0N,0.0,0.06249,True,long,2026-03-22 10:25:31
cooldown после ATR-стопа ещё активен 1611s; цена отошла только на 0.00 ATR,True,CFX-USDT-SWAP,ATR стоп 2.0N,0.0,0.06249,True,long,2026-03-22 10:27:08
cooldown после ATR-стопа ещё активен 1542s; цена отошла только на 0.00 ATR,True,CFX-USDT-SWAP,ATR стоп 2.0N,0.0,0.06249,True,long,2026-03-22 10:28:17
cooldown после ATR-стопа ещё активен 1473s; цена отошла только на 0.00 ATR,True,CFX-USDT-SWAP,ATR стоп 2.0N,0.0,0.06249,True,long,2026-03-22 10:29:26
cooldown после ATR-стопа ещё активен 1405s; цена отошла только на 1.05 ATR,True,CFX-USDT-SWAP,ATR стоп 2.0N,0.0,0.06262,True,long,2026-03-22 10:30:34
cooldown после ATR-стопа ещё активен 1310s; цена отошла только на 1.05 ATR,True,CFX-USDT-SWAP,ATR стоп 2.0N,0.0,0.06262,True,long,2026-03-22 10:32:09
cooldown после ATR-стопа ещё активен 1246s; цена отошла только на 1.05 ATR,True,CFX-USDT-SWAP,ATR стоп 2.0N,0.0,0.06262,True,long,2026-03-22 10:33:13
cooldown после ATR-стопа ещё активен 1177s; цена отошла только на 1.05 ATR,True,CFX-USDT-SWAP,ATR стоп 2.0N,0.0,0.06262,True,long,2026-03-22 10:34:22
cooldown после ATR-стопа ещё активен 1108s; цена отошла только на 1.05 ATR,True,CFX-USDT-SWAP,ATR стоп 2.0N,0.0,0.06236,True,long,2026-03-22 10:35:30
cooldown после ATR-стопа ещё активен 1002s; цена отошла только на 1.05 ATR,True,CFX-USDT-SWAP,ATR стоп 2.0N,0.0,0.06236,True,long,2026-03-22 10:37:17
cooldown после ATR-стопа ещё активен 934s; цена отошла только на 1.05 ATR,True,CFX-USDT-SWAP,ATR стоп 2.0N,0.0,0.06236,True,long,2026-03-22 10:38:24
cooldown после ATR-стопа ещё активен 867s; цена отошла только на 1.05 ATR,True,CFX-USDT-SWAP,ATR стоп 2.0N,0.0,0.06236,True,long,2026-03-22 10:39:32
