2026-03-28 17:10:14,410 | INFO | root | okx_gateway:refresh_instruments:103 | Loaded 108 swap instruments
2026-03-28 17:14:02,027 | INFO | root | okx_gateway:place_market_order:596 | Placing order KAITO-USDT-SWAP buy qty=7420.0 attached_stop=True attached_stop_px=0.3805
2026-03-28 17:16:30,289 | WARNING | root | market_data_cache:_run:142 | Market-data worker temporary fetch failure for LIT-USDT-SWAP: [WinError 10035] Операция на незаблокированном сокете не может быть завершена немедленно
2026-03-28 17:17:05,740 | WARNING | root | market_data_cache:_run:142 | Market-data worker temporary fetch failure for ATOM-USDT-SWAP: [WinError 10035] Операция на незаблокированном сокете не может быть завершена немедленно
2026-03-28 17:19:19,140 | WARNING | root | market_data_cache:_run:142 | Market-data worker temporary fetch failure for BLUAI-USDT-SWAP: [WinError 10035] Операция на незаблокированном сокете не может быть завершена немедленно
2026-03-28 17:19:26,015 | WARNING | root | market_data_cache:_run:142 | Market-data worker temporary fetch failure for COAI-USDT-SWAP: [WinError 10035] Операция на незаблокированном сокете не может быть завершена немедленно
2026-03-28 17:22:21,754 | WARNING | root | market_data_cache:_run:142 | Market-data worker temporary fetch failure for 1INCH-USDT-SWAP: [WinError 10035] Операция на незаблокированном сокете не может быть завершена немедленно
2026-03-28 17:23:40,128 | WARNING | root | market_data_cache:_run:142 | Market-data worker temporary fetch failure for AKITA-USDT-SWAP: [WinError 10035] Операция на незаблокированном сокете не может быть завершена немедленно
2026-03-28 17:26:50,666 | WARNING | root | market_data_cache:_run:142 | Market-data worker temporary fetch failure for CHZ-USDT-SWAP: [WinError 10035] Операция на незаблокированном сокете не может быть завершена немедленно
2026-03-28 17:31:06,445 | WARNING | root | market_data_cache:_run:142 | Market-data worker temporary fetch failure for AVAX-USDT-SWAP: [WinError 10035] Операция на незаблокированном сокете не может быть завершена немедленно
2026-03-28 17:32:09,758 | WARNING | root | market_data_cache:_run:142 | Market-data worker temporary fetch failure for ZIL-USDT-SWAP: [WinError 10035] Операция на незаблокированном сокете не может быть завершена немедленно
2026-03-28 17:32:47,521 | WARNING | root | market_data_cache:_run:142 | Market-data worker temporary fetch failure for IMX-USDT-SWAP: [WinError 10035] Операция на незаблокированном сокете не может быть завершена немедленно
2026-03-28 17:33:16,424 | WARNING | root | market_data_cache:_run:142 | Market-data worker temporary fetch failure for ROBO-USDT-SWAP: [WinError 10035] Операция на незаблокированном сокете не может быть завершена немедленно
2026-03-28 17:39:37,684 | WARNING | root | market_data_cache:_run:142 | Market-data worker temporary fetch failure for PEPE-USDT-SWAP: [WinError 10035] Операция на незаблокированном сокете не может быть завершена немедленно
2026-03-28 17:41:16,724 | WARNING | root | market_data_cache:_run:142 | Market-data worker temporary fetch failure for AVAX-USDT-SWAP: [WinError 10035] Операция на незаблокированном сокете не может быть завершена немедленно
2026-03-28 17:41:22,660 | WARNING | root | market_data_cache:_run:142 | Market-data worker temporary fetch failure for BNB-USDT-SWAP: [WinError 10035] Операция на незаблокированном сокете не может быть завершена немедленно
2026-03-28 17:47:24,654 | WARNING | root | market_data_cache:_run:142 | Market-data worker temporary fetch failure for ETHW-USDT-SWAP: [WinError 10035] Операция на незаблокированном сокете не может быть завершена немедленно
2026-03-28 17:48:26,466 | WARNING | root | market_data_cache:_run:142 | Market-data worker temporary fetch failure for ARB-USDT-SWAP: [WinError 10035] Операция на незаблокированном сокете не может быть завершена немедленно
2026-03-28 17:49:53,095 | INFO | root | okx_gateway:place_market_order:596 | Placing order XLM-USDT-SWAP buy qty=170.98 attached_stop=True attached_stop_px=0.16506
2026-03-28 17:51:37,211 | WARNING | root | market_data_cache:_run:142 | Market-data worker temporary fetch failure for CFX-USDT-SWAP: [WinError 10035] Операция на незаблокированном сокете не может быть завершена немедленно
2026-03-28 17:52:20,706 | WARNING | root | market_data_cache:_run:142 | Market-data worker temporary fetch failure for YFI-USDT-SWAP: [WinError 10035] Операция на незаблокированном сокете не может быть завершена немедленно
2026-03-28 17:55:09,307 | INFO | root | okx_gateway:amend_exchange_stop:395 | Amending exchange stop XLM-USDT-SWAP algo=3429497606710321152 payload=[{'instId': 'XLM-USDT-SWAP', 'algoId': '3429497606710321152', 'newSlTriggerPx': '0.1686', 'newSlOrdPx': '-1', 'newSlTriggerPxType': 'mark'}]
2026-03-28 17:55:11,727 | INFO | root | okx_gateway:place_exchange_stop:372 | Placing exchange stop XLM-USDT-SWAP long payload={'instId': 'XLM-USDT-SWAP', 'tdMode': 'isolated', 'side': 'sell', 'posSide': 'net', 'ordType': 'conditional', 'reduceOnly': 'true', 'closeFraction': '1', 'algoClOrdId': 'SLUSDTSWAP709711727', 'slTriggerPx': '0.1686', 'slTriggerPxType': 'mark', 'slOrdPx': '-1'}
2026-03-28 17:55:38,567 | WARNING | root | market_data_cache:_run:142 | Market-data worker temporary fetch failure for BIO-USDT-SWAP: [WinError 10035] Операция на незаблокированном сокете не может быть завершена немедленно
2026-03-28 17:56:07,166 | WARNING | root | market_data_cache:_run:142 | Market-data worker temporary fetch failure for HMSTR-USDT-SWAP: [WinError 10035] Операция на незаблокированном сокете не может быть завершена немедленно
2026-03-28 17:57:20,369 | INFO | root | okx_gateway:amend_exchange_stop:395 | Amending exchange stop XLM-USDT-SWAP algo=3429508292320518144 payload=[{'instId': 'XLM-USDT-SWAP', 'algoId': '3429508292320518144', 'newSlTriggerPx': '0.16869', 'newSlOrdPx': '-1', 'newSlTriggerPxType': 'mark'}]
2026-03-28 17:57:23,060 | INFO | root | okx_gateway:place_exchange_stop:372 | Placing exchange stop XLM-USDT-SWAP long payload={'instId': 'XLM-USDT-SWAP', 'tdMode': 'isolated', 'side': 'sell', 'posSide': 'net', 'ordType': 'conditional', 'reduceOnly': 'true', 'closeFraction': '1', 'algoClOrdId': 'SLUSDTSWAP709843059', 'slTriggerPx': '0.16869', 'slTriggerPxType': 'mark', 'slOrdPx': '-1'}
2026-03-28 17:59:22,864 | INFO | root | okx_gateway:amend_exchange_stop:395 | Amending exchange stop XLM-USDT-SWAP algo=3429512699292508160 payload=[{'instId': 'XLM-USDT-SWAP', 'algoId': '3429512699292508160', 'newSlTriggerPx': '0.1688', 'newSlOrdPx': '-1', 'newSlTriggerPxType': 'mark'}]
2026-03-28 17:59:25,426 | INFO | root | okx_gateway:place_exchange_stop:372 | Placing exchange stop XLM-USDT-SWAP long payload={'instId': 'XLM-USDT-SWAP', 'tdMode': 'isolated', 'side': 'sell', 'posSide': 'net', 'ordType': 'conditional', 'reduceOnly': 'true', 'closeFraction': '1', 'algoClOrdId': 'SLUSDTSWAP709965426', 'slTriggerPx': '0.1688', 'slTriggerPxType': 'mark', 'slOrdPx': '-1'}
2026-03-28 18:02:03,262 | WARNING | root | market_data_cache:_run:142 | Market-data worker temporary fetch failure for ROBO-USDT-SWAP: [WinError 10035] Операция на незаблокированном сокете не может быть завершена немедленно
2026-03-28 18:05:40,558 | WARNING | root | market_data_cache:_run:142 | Market-data worker temporary fetch failure for ENA-USDT-SWAP: [WinError 10035] Операция на незаблокированном сокете не может быть завершена немедленно
2026-03-28 18:07:37,235 | WARNING | root | market_data_cache:_run:142 | Market-data worker temporary fetch failure for JUP-USDT-SWAP: [WinError 10035] Операция на незаблокированном сокете не может быть завершена немедленно
2026-03-28 18:11:22,061 | INFO | root | okx_gateway:place_market_order:596 | Placing order YB-USDT-SWAP buy qty=2553.0 attached_stop=True attached_stop_px=0.1083
2026-03-28 18:11:43,135 | WARNING | root | market_data_cache:_run:142 | Market-data worker temporary fetch failure for DOT-USDT-SWAP: [WinError 10035] Операция на незаблокированном сокете не может быть завершена немедленно
2026-03-28 18:20:36,360 | INFO | root | okx_gateway:amend_exchange_stop:395 | Amending exchange stop XLM-USDT-SWAP algo=3429516805046362112 payload=[{'instId': 'XLM-USDT-SWAP', 'algoId': '3429516805046362112', 'newSlTriggerPx': '0.16997', 'newSlOrdPx': '-1', 'newSlTriggerPxType': 'mark'}]
2026-03-28 18:20:41,922 | INFO | root | okx_gateway:place_exchange_stop:372 | Placing exchange stop XLM-USDT-SWAP long payload={'instId': 'XLM-USDT-SWAP', 'tdMode': 'isolated', 'side': 'sell', 'posSide': 'net', 'ordType': 'conditional', 'reduceOnly': 'true', 'closeFraction': '1', 'algoClOrdId': 'SLUSDTSWAP711241922', 'slTriggerPx': '0.16997', 'slTriggerPxType': 'mark', 'slOrdPx': '-1'}
2026-03-28 18:20:44,373 | INFO | root | okx_gateway:place_market_order:596 | Placing order XLM-USDT-SWAP buy qty=170.98 attached_stop=False attached_stop_px=
2026-03-28 18:21:53,180 | WARNING | root | market_data_cache:_run:142 | Market-data worker temporary fetch failure for SOLV-USDT-SWAP: [WinError 10035] Операция на незаблокированном сокете не может быть завершена немедленно
2026-03-28 18:25:38,911 | INFO | root | okx_gateway:place_market_order:596 | Placing order THETA-USDT-SWAP buy qty=1723.0 attached_stop=True attached_stop_px=0.1526
2026-03-28 18:25:41,633 | INFO | root | okx_gateway:amend_exchange_stop:395 | Amending exchange stop XLM-USDT-SWAP algo=3429559638990086144 payload=[{'instId': 'XLM-USDT-SWAP', 'algoId': '3429559638990086144', 'newSlTriggerPx': '0.17008', 'newSlOrdPx': '-1', 'newSlTriggerPxType': 'mark'}]
2026-03-28 18:25:47,176 | INFO | root | okx_gateway:place_exchange_stop:372 | Placing exchange stop XLM-USDT-SWAP long payload={'instId': 'XLM-USDT-SWAP', 'tdMode': 'isolated', 'side': 'sell', 'posSide': 'net', 'ordType': 'conditional', 'reduceOnly': 'true', 'closeFraction': '1', 'algoClOrdId': 'SLUSDTSWAP711547176', 'slTriggerPx': '0.17008', 'slTriggerPxType': 'mark', 'slOrdPx': '-1'}
2026-03-28 18:25:49,669 | INFO | root | okx_gateway:place_market_order:596 | Placing order XLM-USDT-SWAP buy qty=170.98 attached_stop=False attached_stop_px=
2026-03-28 18:27:09,729 | WARNING | root | market_data_cache:_run:142 | Market-data worker temporary fetch failure for FLOKI-USDT-SWAP: [WinError 10035] Операция на незаблокированном сокете не может быть завершена немедленно
2026-03-28 18:28:23,645 | WARNING | root | market_data_cache:_run:142 | Market-data worker temporary fetch failure for AXS-USDT-SWAP: [WinError 10035] Операция на незаблокированном сокете не может быть завершена немедленно
2026-03-28 18:28:45,907 | INFO | root | okx_gateway:place_exchange_stop:372 | Placing exchange stop XLM-USDT-SWAP long payload={'instId': 'XLM-USDT-SWAP', 'tdMode': 'isolated', 'side': 'sell', 'posSide': 'net', 'ordType': 'conditional', 'reduceOnly': 'true', 'closeFraction': '1', 'algoClOrdId': 'SLUSDTSWAP711725907', 'slTriggerPx': '0.16966', 'slTriggerPxType': 'mark', 'slOrdPx': '-1'}
2026-03-28 18:28:46,990 | INFO | root | okx_gateway:close_position:428 | Closing position XLM-USDT-SWAP. Синхронизация: позиция отсутствует на бирже
2026-03-28 18:32:06,286 | WARNING | root | market_data_cache:_run:142 | Market-data worker temporary fetch failure for LRC-USDT-SWAP: [WinError 10035] Операция на незаблокированном сокете не может быть завершена немедленно
2026-03-28 18:37:10,301 | INFO | root | okx_gateway:place_market_order:596 | Placing order RESOLV-USDT-SWAP buy qty=7139.0 attached_stop=True attached_stop_px=0.03937
2026-03-28 18:37:12,628 | INFO | root | okx_gateway:amend_exchange_stop:395 | Amending exchange stop THETA-USDT-SWAP algo=3429569607810506752 payload=[{'instId': 'THETA-USDT-SWAP', 'algoId': '3429569607810506752', 'newSlTriggerPx': '0.1552', 'newSlOrdPx': '-1', 'newSlTriggerPxType': 'mark'}]
2026-03-28 18:37:18,271 | INFO | root | okx_gateway:place_exchange_stop:372 | Placing exchange stop THETA-USDT-SWAP long payload={'instId': 'THETA-USDT-SWAP', 'tdMode': 'isolated', 'side': 'sell', 'posSide': 'net', 'ordType': 'conditional', 'reduceOnly': 'true', 'closeFraction': '1', 'algoClOrdId': 'SLUSDTSWAP712238271', 'slTriggerPx': '0.1552', 'slTriggerPxType': 'mark', 'slOrdPx': '-1'}
2026-03-28 18:41:40,910 | WARNING | root | market_data_cache:_run:142 | Market-data worker temporary fetch failure for BOME-USDT-SWAP: [WinError 10035] Операция на незаблокированном сокете не может быть завершена немедленно
2026-03-28 18:46:23,455 | WARNING | root | market_data_cache:_run:142 | Market-data worker temporary fetch failure for MAGIC-USDT-SWAP: [WinError 10035] Операция на незаблокированном сокете не может быть завершена немедленно
2026-03-28 18:46:59,759 | WARNING | root | market_data_cache:_run:142 | Market-data worker temporary fetch failure for ADA-USDT-SWAP: [WinError 10035] Операция на незаблокированном сокете не может быть завершена немедленно
2026-03-28 18:48:01,473 | INFO | root | okx_gateway:place_market_order:596 | Placing order LIT-USDT-SWAP sell qty=330.0 attached_stop=True attached_stop_px=0.885
2026-03-28 18:48:03,429 | INFO | root | okx_gateway:place_market_order:596 | Placing order LIT-USDT-SWAP sell qty=330.0 attached_stop=False attached_stop_px=
2026-03-28 18:49:25,230 | WARNING | root | market_data_cache:_run:142 | Market-data worker temporary fetch failure for QTUM-USDT-SWAP: [WinError 10035] Операция на незаблокированном сокете не может быть завершена немедленно
2026-03-28 18:56:28,532 | INFO | root | okx_gateway:place_exchange_stop:372 | Placing exchange stop LIT-USDT-SWAP short payload={'instId': 'LIT-USDT-SWAP', 'tdMode': 'isolated', 'side': 'buy', 'posSide': 'net', 'ordType': 'conditional', 'reduceOnly': 'true', 'closeFraction': '1', 'algoClOrdId': 'SLUSDTSWAP713388532', 'slTriggerPx': '0.879', 'slTriggerPxType': 'mark', 'slOrdPx': '-1'}
2026-03-28 18:59:23,159 | INFO | root | okx_gateway:place_exchange_stop:372 | Placing exchange stop LIT-USDT-SWAP short payload={'instId': 'LIT-USDT-SWAP', 'tdMode': 'isolated', 'side': 'buy', 'posSide': 'net', 'ordType': 'conditional', 'reduceOnly': 'true', 'closeFraction': '1', 'algoClOrdId': 'SLUSDTSWAP713563159', 'slTriggerPx': '0.884', 'slTriggerPxType': 'mark', 'slOrdPx': '-1'}
2026-03-28 18:59:24,253 | INFO | root | okx_gateway:close_position:428 | Closing position LIT-USDT-SWAP. Синхронизация: позиция отсутствует на бирже
2026-03-28 19:01:23,944 | WARNING | root | market_data_cache:_run:142 | Market-data worker temporary fetch failure for XRP-USDT-SWAP: [WinError 10035] Операция на незаблокированном сокете не может быть завершена немедленно
2026-03-28 19:04:50,178 | WARNING | root | market_data_cache:_run:142 | Market-data worker temporary fetch failure for CHZ-USDT-SWAP: [WinError 10035] Операция на незаблокированном сокете не может быть завершена немедленно
2026-03-28 19:06:30,923 | INFO | root | okx_gateway:place_market_order:596 | Placing order TON-USDT-SWAP buy qty=2310.0 attached_stop=True attached_stop_px=1.241
2026-03-28 19:09:10,928 | WARNING | root | market_data_cache:_run:142 | Market-data worker temporary fetch failure for IMX-USDT-SWAP: [WinError 10035] Операция на незаблокированном сокете не может быть завершена немедленно
2026-03-28 19:09:31,028 | WARNING | root | market_data_cache:_run:142 | Market-data worker temporary fetch failure for NEO-USDT-SWAP: [WinError 10035] Операция на незаблокированном сокете не может быть завершена немедленно
2026-03-28 19:09:54,496 | WARNING | root | market_data_cache:_run:142 | Market-data worker temporary fetch failure for XTZ-USDT-SWAP: [WinError 10035] Операция на незаблокированном сокете не может быть завершена немедленно
2026-03-28 19:10:28,855 | WARNING | root | market_data_cache:_run:142 | Market-data worker temporary fetch failure for COMP-USDT-SWAP: [WinError 10035] Операция на незаблокированном сокете не может быть завершена немедленно
2026-03-28 19:12:19,101 | WARNING | root | market_data_cache:_run:142 | Market-data worker temporary fetch failure for ASTER-USDT-SWAP: [WinError 10035] Операция на незаблокированном сокете не может быть завершена немедленно
2026-03-28 19:12:59,537 | WARNING | root | market_data_cache:_run:142 | Market-data worker temporary fetch failure for IOTA-USDT-SWAP: [WinError 10035] Операция на незаблокированном сокете не может быть завершена немедленно
2026-03-28 19:14:48,783 | WARNING | root | market_data_cache:_run:142 | Market-data worker temporary fetch failure for XRP-USDT-SWAP: [WinError 10035] Операция на незаблокированном сокете не может быть завершена немедленно
2026-03-28 19:15:09,754 | WARNING | root | market_data_cache:_run:142 | Market-data worker temporary fetch failure for BAND-USDT-SWAP: [WinError 10035] Операция на незаблокированном сокете не может быть завершена немедленно
2026-03-28 19:24:36,886 | WARNING | root | market_data_cache:_run:142 | Market-data worker temporary fetch failure for SOL-USDT-SWAP: [WinError 10035] Операция на незаблокированном сокете не может быть завершена немедленно
2026-03-28 19:26:57,209 | WARNING | root | market_data_cache:_run:142 | Market-data worker temporary fetch failure for JUP-USDT-SWAP: [WinError 10035] Операция на незаблокированном сокете не может быть завершена немедленно
2026-03-28 19:28:12,517 | WARNING | root | market_data_cache:_run:142 | Market-data worker temporary fetch failure for LIT-USDT-SWAP: [WinError 10035] Операция на незаблокированном сокете не может быть завершена немедленно
2026-03-28 19:29:59,455 | WARNING | root | market_data_cache:_run:142 | Market-data worker temporary fetch failure for A-USDT-SWAP: [WinError 10035] Операция на незаблокированном сокете не может быть завершена немедленно
2026-03-28 19:35:28,268 | WARNING | root | market_data_cache:_run:142 | Market-data worker temporary fetch failure for CAT-USDT-SWAP: [WinError 10035] Операция на незаблокированном сокете не может быть завершена немедленно
2026-03-28 19:37:37,452 | WARNING | root | market_data_cache:_run:142 | Market-data worker temporary fetch failure for CAT-USDT-SWAP: [WinError 10035] Операция на незаблокированном сокете не может быть завершена немедленно
2026-03-28 19:37:47,011 | INFO | root | okx_gateway:place_market_order:596 | Placing order LDO-USDT-SWAP buy qty=9282.0 attached_stop=True attached_stop_px=0.3004
2026-03-28 19:38:59,966 | WARNING | root | market_data_cache:_run:142 | Market-data worker temporary fetch failure for MAJOR-USDT-SWAP: [WinError 10035] Операция на незаблокированном сокете не может быть завершена немедленно
2026-03-28 19:40:41,501 | WARNING | root | market_data_cache:_run:142 | Market-data worker temporary fetch failure for NEAR-USDT-SWAP: [WinError 10035] Операция на незаблокированном сокете не может быть завершена немедленно
2026-03-28 19:41:03,378 | WARNING | root | market_data_cache:_run:142 | Market-data worker temporary fetch failure for ZIL-USDT-SWAP: [WinError 10035] Операция на незаблокированном сокете не может быть завершена немедленно
2026-03-28 19:41:18,362 | WARNING | root | market_data_cache:_run:142 | Market-data worker temporary fetch failure for AVAX-USDT-SWAP: [WinError 10035] Операция на незаблокированном сокете не может быть завершена немедленно
2026-03-28 19:42:21,904 | WARNING | root | market_data_cache:_run:142 | Market-data worker temporary fetch failure for 2Z-USDT-SWAP: [WinError 10035] Операция на незаблокированном сокете не может быть завершена немедленно
2026-03-28 19:44:15,061 | WARNING | root | market_data_cache:_run:142 | Market-data worker temporary fetch failure for CAT-USDT-SWAP: [WinError 10035] Операция на незаблокированном сокете не может быть завершена немедленно
2026-03-28 19:45:13,205 | INFO | root | okx_gateway:amend_exchange_stop:395 | Amending exchange stop LDO-USDT-SWAP algo=3429714833606795264 payload=[{'instId': 'LDO-USDT-SWAP', 'algoId': '3429714833606795264', 'newSlTriggerPx': '0.3102', 'newSlOrdPx': '-1', 'newSlTriggerPxType': 'mark'}]
2026-03-28 19:45:18,896 | INFO | root | okx_gateway:place_exchange_stop:372 | Placing exchange stop LDO-USDT-SWAP long payload={'instId': 'LDO-USDT-SWAP', 'tdMode': 'isolated', 'side': 'sell', 'posSide': 'net', 'ordType': 'conditional', 'reduceOnly': 'true', 'closeFraction': '1', 'algoClOrdId': 'SLUSDTSWAP716318896', 'slTriggerPx': '0.3102', 'slTriggerPxType': 'mark', 'slOrdPx': '-1'}
2026-03-28 19:47:32,681 | WARNING | root | market_data_cache:_run:142 | Market-data worker temporary fetch failure for MAJOR-USDT-SWAP: [WinError 10035] Операция на незаблокированном сокете не может быть завершена немедленно
2026-03-28 19:50:34,075 | INFO | root | okx_gateway:amend_exchange_stop:395 | Amending exchange stop LDO-USDT-SWAP algo=3429729993633390592 payload=[{'instId': 'LDO-USDT-SWAP', 'algoId': '3429729993633390592', 'newSlTriggerPx': '0.3106', 'newSlOrdPx': '-1', 'newSlTriggerPxType': 'mark'}]
2026-03-28 19:50:40,099 | INFO | root | okx_gateway:place_exchange_stop:372 | Placing exchange stop LDO-USDT-SWAP long payload={'instId': 'LDO-USDT-SWAP', 'tdMode': 'isolated', 'side': 'sell', 'posSide': 'net', 'ordType': 'conditional', 'reduceOnly': 'true', 'closeFraction': '1', 'algoClOrdId': 'SLUSDTSWAP716640099', 'slTriggerPx': '0.3106', 'slTriggerPxType': 'mark', 'slOrdPx': '-1'}
2026-03-28 19:50:52,359 | WARNING | root | market_data_cache:_run:142 | Market-data worker temporary fetch failure for ASP-USDT-SWAP: [WinError 10035] Операция на незаблокированном сокете не может быть завершена немедленно
2026-03-28 19:51:26,537 | WARNING | root | market_data_cache:_run:142 | Market-data worker temporary fetch failure for HMSTR-USDT-SWAP: [WinError 10035] Операция на незаблокированном сокете не может быть завершена немедленно
2026-03-28 19:54:03,743 | WARNING | root | market_data_cache:_run:142 | Market-data worker temporary fetch failure for DOGE-USDT-SWAP: [WinError 10035] Операция на незаблокированном сокете не может быть завершена немедленно
2026-03-28 19:54:06,844 | WARNING | root | market_data_cache:_run:142 | Market-data worker temporary fetch failure for EOS-USDT-SWAP: [WinError 10035] Операция на незаблокированном сокете не может быть завершена немедленно
2026-03-28 19:58:37,609 | WARNING | root | market_data_cache:_run:142 | Market-data worker temporary fetch failure for EOS-USDT-SWAP: [WinError 10035] Операция на незаблокированном сокете не может быть завершена немедленно
2026-03-28 19:58:59,460 | WARNING | root | market_data_cache:_run:142 | Market-data worker temporary fetch failure for MET-USDT-SWAP: [WinError 10035] Операция на незаблокированном сокете не может быть завершена немедленно
2026-03-28 19:59:13,342 | WARNING | root | market_data_cache:_run:142 | Market-data worker temporary fetch failure for TRX-USDT-SWAP: [WinError 10035] Операция на незаблокированном сокете не может быть завершена немедленно
2026-03-28 20:00:39,045 | INFO | root | okx_gateway:place_market_order:596 | Placing order CFX-USDT-SWAP buy qty=4969.2 attached_stop=True attached_stop_px=0.05608
2026-03-28 20:02:41,611 | INFO | root | okx_gateway:place_market_order:596 | Placing order OP-USDT-SWAP buy qty=26851.0 attached_stop=True attached_stop_px=0.10422
2026-03-28 20:03:23,424 | WARNING | root | market_data_cache:_run:142 | Market-data worker temporary fetch failure for LRC-USDT-SWAP: [WinError 10035] Операция на незаблокированном сокете не может быть завершена немедленно
2026-03-28 20:06:45,498 | INFO | root | okx_gateway:place_market_order:596 | Placing order XLM-USDT-SWAP buy qty=163.85 attached_stop=True attached_stop_px=0.16558
2026-03-28 20:06:47,529 | INFO | root | okx_gateway:place_market_order:596 | Placing order LIT-USDT-SWAP buy qty=307.0 attached_stop=True attached_stop_px=0.848
2026-03-28 20:06:49,482 | INFO | root | okx_gateway:amend_exchange_stop:395 | Amending exchange stop LDO-USDT-SWAP algo=3429740770746523648 payload=[{'instId': 'LDO-USDT-SWAP', 'algoId': '3429740770746523648', 'newSlTriggerPx': '0.3127', 'newSlOrdPx': '-1', 'newSlTriggerPxType': 'mark'}]
2026-03-28 20:06:51,926 | INFO | root | okx_gateway:place_exchange_stop:372 | Placing exchange stop LDO-USDT-SWAP long payload={'instId': 'LDO-USDT-SWAP', 'tdMode': 'isolated', 'side': 'sell', 'posSide': 'net', 'ordType': 'conditional', 'reduceOnly': 'true', 'closeFraction': '1', 'algoClOrdId': 'SLUSDTSWAP717611926', 'slTriggerPx': '0.3127', 'slTriggerPxType': 'mark', 'slOrdPx': '-1'}
2026-03-28 20:06:54,176 | INFO | root | okx_gateway:place_market_order:596 | Placing order LDO-USDT-SWAP buy qty=9282.0 attached_stop=False attached_stop_px=
2026-03-28 20:07:21,577 | WARNING | root | market_data_cache:_run:142 | Market-data worker temporary fetch failure for CRV-USDT-SWAP: [WinError 10035] Операция на незаблокированном сокете не может быть завершена немедленно
2026-03-28 20:07:29,261 | WARNING | root | market_data_cache:_run:142 | Market-data worker temporary fetch failure for ETHFI-USDT-SWAP: [WinError 10035] Операция на незаблокированном сокете не может быть завершена немедленно
2026-03-28 20:10:39,013 | WARNING | root | market_data_cache:_run:142 | Market-data worker temporary fetch failure for NOT-USDT-SWAP: [WinError 10035] Операция на незаблокированном сокете не может быть завершена немедленно
2026-03-28 20:10:49,150 | WARNING | root | market_data_cache:_run:142 | Market-data worker temporary fetch failure for STRK-USDT-SWAP: [WinError 10035] Операция на незаблокированном сокете не может быть завершена немедленно
2026-03-28 20:11:40,094 | INFO | root | okx_gateway:place_market_order:596 | Placing order LDO-USDT-SWAP buy qty=9282.0 attached_stop=False attached_stop_px=
2026-03-28 20:11:43,533 | INFO | root | okx_gateway:amend_exchange_stop:395 | Amending exchange stop CFX-USDT-SWAP algo=3429760871092805632 payload=[{'instId': 'CFX-USDT-SWAP', 'algoId': '3429760871092805632', 'newSlTriggerPx': '0.05727', 'newSlOrdPx': '-1', 'newSlTriggerPxType': 'mark'}]
2026-03-28 20:11:48,959 | INFO | root | okx_gateway:place_exchange_stop:372 | Placing exchange stop CFX-USDT-SWAP long payload={'instId': 'CFX-USDT-SWAP', 'tdMode': 'isolated', 'side': 'sell', 'posSide': 'net', 'ordType': 'conditional', 'reduceOnly': 'true', 'closeFraction': '1', 'algoClOrdId': 'SLUSDTSWAP717908959', 'slTriggerPx': '0.05727', 'slTriggerPxType': 'mark', 'slOrdPx': '-1'}
2026-03-28 20:11:53,094 | INFO | root | okx_gateway:amend_exchange_stop:395 | Amending exchange stop OP-USDT-SWAP algo=3429764985033940992 payload=[{'instId': 'OP-USDT-SWAP', 'algoId': '3429764985033940992', 'newSlTriggerPx': '0.10514', 'newSlOrdPx': '-1', 'newSlTriggerPxType': 'mark'}]
2026-03-28 20:11:58,503 | INFO | root | okx_gateway:place_exchange_stop:372 | Placing exchange stop OP-USDT-SWAP long payload={'instId': 'OP-USDT-SWAP', 'tdMode': 'isolated', 'side': 'sell', 'posSide': 'net', 'ordType': 'conditional', 'reduceOnly': 'true', 'closeFraction': '1', 'algoClOrdId': 'SLUSDTSWAP717918503', 'slTriggerPx': '0.10514', 'slTriggerPxType': 'mark', 'slOrdPx': '-1'}
2026-03-28 20:12:27,650 | WARNING | root | market_data_cache:_run:142 | Market-data worker temporary fetch failure for CATI-USDT-SWAP: [WinError 10035] Операция на незаблокированном сокете не может быть завершена немедленно
2026-03-28 20:12:38,559 | WARNING | root | market_data_cache:_run:142 | Market-data worker temporary fetch failure for FIL-USDT-SWAP: [WinError 10035] Операция на незаблокированном сокете не может быть завершена немедленно
2026-03-28 20:12:41,377 | WARNING | root | market_data_cache:_run:142 | Market-data worker temporary fetch failure for HBAR-USDT-SWAP: [WinError 10035] Операция на незаблокированном сокете не может быть завершена немедленно
2026-03-28 20:13:38,400 | WARNING | root | market_data_cache:_run:142 | Market-data worker temporary fetch failure for BNB-USDT-SWAP: [WinError 10035] Операция на незаблокированном сокете не может быть завершена немедленно
2026-03-28 20:13:56,646 | INFO | root | okx_gateway:amend_exchange_stop:395 | Amending exchange stop LDO-USDT-SWAP algo=3429773377366482944 payload=[{'instId': 'LDO-USDT-SWAP', 'algoId': '3429773377366482944', 'newSlTriggerPx': '0.3128', 'newSlOrdPx': '-1', 'newSlTriggerPxType': 'mark'}]
2026-03-28 20:14:02,095 | INFO | root | okx_gateway:place_exchange_stop:372 | Placing exchange stop LDO-USDT-SWAP long payload={'instId': 'LDO-USDT-SWAP', 'tdMode': 'isolated', 'side': 'sell', 'posSide': 'net', 'ordType': 'conditional', 'reduceOnly': 'true', 'closeFraction': '1', 'algoClOrdId': 'SLUSDTSWAP718042095', 'slTriggerPx': '0.3128', 'slTriggerPxType': 'mark', 'slOrdPx': '-1'}
2026-03-28 20:14:12,347 | INFO | root | okx_gateway:place_exchange_stop:372 | Placing exchange stop CFX-USDT-SWAP long payload={'instId': 'CFX-USDT-SWAP', 'tdMode': 'isolated', 'side': 'sell', 'posSide': 'net', 'ordType': 'conditional', 'reduceOnly': 'true', 'closeFraction': '1', 'algoClOrdId': 'SLUSDTSWAP718052347', 'slTriggerPx': '0.0572', 'slTriggerPxType': 'mark', 'slOrdPx': '-1'}
2026-03-28 20:14:13,459 | INFO | root | okx_gateway:close_position:428 | Closing position CFX-USDT-SWAP. Синхронизация: позиция отсутствует на бирже
2026-03-28 20:16:37,293 | INFO | root | okx_gateway:place_market_order:596 | Placing order LDO-USDT-SWAP buy qty=9282.0 attached_stop=False attached_stop_px=
2026-03-28 20:16:44,610 | INFO | root | okx_gateway:amend_exchange_stop:395 | Amending exchange stop XLM-USDT-SWAP algo=3429773165403136000 payload=[{'instId': 'XLM-USDT-SWAP', 'algoId': '3429773165403136000', 'newSlTriggerPx': '0.171', 'newSlOrdPx': '-1', 'newSlTriggerPxType': 'mark'}]
2026-03-28 20:16:47,047 | INFO | root | okx_gateway:place_exchange_stop:372 | Placing exchange stop XLM-USDT-SWAP long payload={'instId': 'XLM-USDT-SWAP', 'tdMode': 'isolated', 'side': 'sell', 'posSide': 'net', 'ordType': 'conditional', 'reduceOnly': 'true', 'closeFraction': '1', 'algoClOrdId': 'SLUSDTSWAP718207047', 'slTriggerPx': '0.171', 'slTriggerPxType': 'mark', 'slOrdPx': '-1'}
2026-03-28 20:16:50,906 | INFO | root | okx_gateway:amend_exchange_stop:395 | Amending exchange stop LIT-USDT-SWAP algo=3429773231505367040 payload=[{'instId': 'LIT-USDT-SWAP', 'algoId': '3429773231505367040', 'newSlTriggerPx': '0.875', 'newSlOrdPx': '-1', 'newSlTriggerPxType': 'mark'}]
2026-03-28 20:16:53,401 | INFO | root | okx_gateway:place_exchange_stop:372 | Placing exchange stop LIT-USDT-SWAP long payload={'instId': 'LIT-USDT-SWAP', 'tdMode': 'isolated', 'side': 'sell', 'posSide': 'net', 'ordType': 'conditional', 'reduceOnly': 'true', 'closeFraction': '1', 'algoClOrdId': 'SLUSDTSWAP718213401', 'slTriggerPx': '0.875', 'slTriggerPxType': 'mark', 'slOrdPx': '-1'}
2026-03-28 20:17:47,333 | WARNING | root | market_data_cache:_run:142 | Market-data worker temporary fetch failure for NEO-USDT-SWAP: [WinError 10035] Операция на незаблокированном сокете не может быть завершена немедленно
2026-03-28 20:18:45,453 | WARNING | root | market_data_cache:_run:142 | Market-data worker temporary fetch failure for CRV-USDT-SWAP: [WinError 10035] Операция на незаблокированном сокете не может быть завершена немедленно
2026-03-28 20:19:18,294 | INFO | root | okx_gateway:place_exchange_stop:372 | Placing exchange stop OP-USDT-SWAP long payload={'instId': 'OP-USDT-SWAP', 'tdMode': 'isolated', 'side': 'sell', 'posSide': 'net', 'ordType': 'conditional', 'reduceOnly': 'true', 'closeFraction': '1', 'algoClOrdId': 'SLUSDTSWAP718358294', 'slTriggerPx': '0.10494', 'slTriggerPxType': 'mark', 'slOrdPx': '-1'}
2026-03-28 20:19:19,387 | INFO | root | okx_gateway:close_position:428 | Closing position OP-USDT-SWAP. Синхронизация: позиция отсутствует на бирже
2026-03-28 20:21:59,982 | INFO | root | okx_gateway:amend_exchange_stop:395 | Amending exchange stop LDO-USDT-SWAP algo=3429787813758197760 payload=[{'instId': 'LDO-USDT-SWAP', 'algoId': '3429787813758197760', 'newSlTriggerPx': '0.3129', 'newSlOrdPx': '-1', 'newSlTriggerPxType': 'mark'}]
2026-03-28 20:22:06,580 | INFO | root | okx_gateway:place_exchange_stop:372 | Placing exchange stop LDO-USDT-SWAP long payload={'instId': 'LDO-USDT-SWAP', 'tdMode': 'isolated', 'side': 'sell', 'posSide': 'net', 'ordType': 'conditional', 'reduceOnly': 'true', 'closeFraction': '1', 'algoClOrdId': 'SLUSDTSWAP718526580', 'slTriggerPx': '0.3129', 'slTriggerPxType': 'mark', 'slOrdPx': '-1'}
2026-03-28 20:22:16,834 | INFO | root | okx_gateway:place_exchange_stop:372 | Placing exchange stop XLM-USDT-SWAP long payload={'instId': 'XLM-USDT-SWAP', 'tdMode': 'isolated', 'side': 'sell', 'posSide': 'net', 'ordType': 'conditional', 'reduceOnly': 'true', 'closeFraction': '1', 'algoClOrdId': 'SLUSDTSWAP718536834', 'slTriggerPx': '0.17086', 'slTriggerPxType': 'mark', 'slOrdPx': '-1'}
2026-03-28 20:22:17,904 | INFO | root | okx_gateway:close_position:428 | Closing position XLM-USDT-SWAP. Синхронизация: позиция отсутствует на бирже
2026-03-28 20:23:07,031 | WARNING | root | market_data_cache:_run:142 | Market-data worker temporary fetch failure for JUP-USDT-SWAP: [WinError 10035] Операция на незаблокированном сокете не может быть завершена немедленно
2026-03-28 20:26:59,648 | INFO | root | okx_gateway:amend_exchange_stop:395 | Amending exchange stop LDO-USDT-SWAP algo=3429804069873868800 payload=[{'instId': 'LDO-USDT-SWAP', 'algoId': '3429804069873868800', 'newSlTriggerPx': '0.3131', 'newSlOrdPx': '-1', 'newSlTriggerPxType': 'mark'}]
2026-03-28 20:27:05,519 | INFO | root | okx_gateway:place_exchange_stop:372 | Placing exchange stop LDO-USDT-SWAP long payload={'instId': 'LDO-USDT-SWAP', 'tdMode': 'isolated', 'side': 'sell', 'posSide': 'net', 'ordType': 'conditional', 'reduceOnly': 'true', 'closeFraction': '1', 'algoClOrdId': 'SLUSDTSWAP718825519', 'slTriggerPx': '0.3131', 'slTriggerPxType': 'mark', 'slOrdPx': '-1'}
2026-03-28 20:27:15,441 | INFO | root | okx_gateway:place_exchange_stop:372 | Placing exchange stop LIT-USDT-SWAP long payload={'instId': 'LIT-USDT-SWAP', 'tdMode': 'isolated', 'side': 'sell', 'posSide': 'net', 'ordType': 'conditional', 'reduceOnly': 'true', 'closeFraction': '1', 'algoClOrdId': 'SLUSDTSWAP718835441', 'slTriggerPx': '0.873', 'slTriggerPxType': 'mark', 'slOrdPx': '-1'}
2026-03-28 20:27:16,528 | INFO | root | okx_gateway:close_position:428 | Closing position LIT-USDT-SWAP. Синхронизация: позиция отсутствует на бирже
2026-03-28 20:29:17,696 | WARNING | root | market_data_cache:_run:142 | Market-data worker temporary fetch failure for XPL-USDT-SWAP: [WinError 10035] Операция на незаблокированном сокете не может быть завершена немедленно
2026-03-28 20:31:28,080 | INFO | root | okx_gateway:amend_exchange_stop:395 | Amending exchange stop LDO-USDT-SWAP algo=3429814100434444288 payload=[{'instId': 'LDO-USDT-SWAP', 'algoId': '3429814100434444288', 'newSlTriggerPx': '0.3136', 'newSlOrdPx': '-1', 'newSlTriggerPxType': 'mark'}]
2026-03-28 20:31:30,757 | INFO | root | okx_gateway:place_exchange_stop:372 | Placing exchange stop LDO-USDT-SWAP long payload={'instId': 'LDO-USDT-SWAP', 'tdMode': 'isolated', 'side': 'sell', 'posSide': 'net', 'ordType': 'conditional', 'reduceOnly': 'true', 'closeFraction': '1', 'algoClOrdId': 'SLUSDTSWAP719090757', 'slTriggerPx': '0.3136', 'slTriggerPxType': 'mark', 'slOrdPx': '-1'}
2026-03-28 20:32:18,072 | INFO | root | okx_gateway:refresh_instruments:103 | Loaded 109 swap instruments
2026-03-28 20:32:20,362 | INFO | root | okx_gateway:close_position:428 | Closing position LDO-USDT-SWAP. reset_test
2026-03-28 20:33:04,921 | INFO | root | okx_gateway:refresh_instruments:103 | Loaded 108 swap instruments
2026-03-28 20:34:39,061 | WARNING | root | market_data_cache:_run:142 | Market-data worker temporary fetch failure for ARB-USDT-SWAP: [WinError 10035] Операция на незаблокированном сокете не может быть завершена немедленно
2026-03-28 20:43:18,765 | INFO | root | okx_gateway:place_market_order:596 | Placing order TSLA-USDT-SWAP sell qty=800.0 attached_stop=True attached_stop_px=362.68
2026-03-28 20:45:59,784 | INFO | root | okx_gateway:place_market_order:596 | Placing order TSLA-USDT-SWAP sell qty=800.0 attached_stop=False attached_stop_px=
2026-03-28 20:48:41,307 | INFO | root | okx_gateway:place_exchange_stop:372 | Placing exchange stop TSLA-USDT-SWAP short payload={'instId': 'TSLA-USDT-SWAP', 'tdMode': 'isolated', 'side': 'buy', 'posSide': 'net', 'ordType': 'conditional', 'reduceOnly': 'true', 'closeFraction': '1', 'algoClOrdId': 'SLUSDTSWAP720121307', 'slTriggerPx': '362.68', 'slTriggerPxType': 'mark', 'slOrdPx': '-1'}
2026-03-28 20:50:38,418 | WARNING | root | market_data_cache:_run:142 | Market-data worker temporary fetch failure for COAI-USDT-SWAP: [WinError 10035] Операция на незаблокированном сокете не может быть завершена немедленно
2026-03-28 20:51:24,314 | INFO | root | okx_gateway:place_market_order:596 | Placing order KAITO-USDT-SWAP sell qty=7208.0 attached_stop=True attached_stop_px=0.3993
2026-03-28 20:51:25,979 | INFO | root | okx_gateway:place_market_order:596 | Placing order LINK-USDT-SWAP sell qty=329.11 attached_stop=True attached_stop_px=8.65
2026-03-28 20:51:27,922 | INFO | root | okx_gateway:amend_exchange_stop:395 | Amending exchange stop TSLA-USDT-SWAP algo=3429857579831222272 payload=[{'instId': 'TSLA-USDT-SWAP', 'algoId': '3429857579831222272', 'newSlTriggerPx': '361.62', 'newSlOrdPx': '-1', 'newSlTriggerPxType': 'mark'}]
2026-03-28 20:51:30,305 | INFO | root | okx_gateway:place_exchange_stop:372 | Placing exchange stop TSLA-USDT-SWAP short payload={'instId': 'TSLA-USDT-SWAP', 'tdMode': 'isolated', 'side': 'buy', 'posSide': 'net', 'ordType': 'conditional', 'reduceOnly': 'true', 'closeFraction': '1', 'algoClOrdId': 'SLUSDTSWAP720290305', 'slTriggerPx': '361.62', 'slTriggerPxType': 'mark', 'slOrdPx': '-1'}
2026-03-28 20:55:45,913 | WARNING | root | market_data_cache:_run:142 | Market-data worker temporary fetch failure for QTUM-USDT-SWAP: [WinError 10035] Операция на незаблокированном сокете не может быть завершена немедленно
2026-03-28 20:56:10,209 | WARNING | root | market_data_cache:_run:142 | Market-data worker temporary fetch failure for A-USDT-SWAP: [WinError 10035] Операция на незаблокированном сокете не может быть завершена немедленно
2026-03-28 20:56:15,299 | INFO | root | okx_gateway:amend_exchange_stop:395 | Amending exchange stop TSLA-USDT-SWAP algo=3429863248248528896 payload=[{'instId': 'TSLA-USDT-SWAP', 'algoId': '3429863248248528896', 'newSlTriggerPx': '361.58', 'newSlOrdPx': '-1', 'newSlTriggerPxType': 'mark'}]
2026-03-28 20:56:19,992 | INFO | root | okx_gateway:place_exchange_stop:372 | Placing exchange stop TSLA-USDT-SWAP short payload={'instId': 'TSLA-USDT-SWAP', 'tdMode': 'isolated', 'side': 'buy', 'posSide': 'net', 'ordType': 'conditional', 'reduceOnly': 'true', 'closeFraction': '1', 'algoClOrdId': 'SLUSDTSWAP720579992', 'slTriggerPx': '361.58', 'slTriggerPxType': 'mark', 'slOrdPx': '-1'}
2026-03-28 20:57:06,412 | WARNING | root | market_data_cache:_run:142 | Market-data worker temporary fetch failure for LRC-USDT-SWAP: [WinError 10035] Операция на незаблокированном сокете не может быть завершена немедленно
2026-03-28 20:59:17,604 | INFO | root | okx_gateway:amend_exchange_stop:395 | Amending exchange stop TSLA-USDT-SWAP algo=3429872972356476928 payload=[{'instId': 'TSLA-USDT-SWAP', 'algoId': '3429872972356476928', 'newSlTriggerPx': '361.68', 'newSlOrdPx': '-1', 'newSlTriggerPxType': 'mark'}]
2026-03-28 20:59:20,257 | INFO | root | okx_gateway:place_exchange_stop:372 | Placing exchange stop TSLA-USDT-SWAP short payload={'instId': 'TSLA-USDT-SWAP', 'tdMode': 'isolated', 'side': 'buy', 'posSide': 'net', 'ordType': 'conditional', 'reduceOnly': 'true', 'closeFraction': '1', 'algoClOrdId': 'SLUSDTSWAP720760257', 'slTriggerPx': '361.68', 'slTriggerPxType': 'mark', 'slOrdPx': '-1'}
2026-03-28 21:01:01,900 | WARNING | root | market_data_cache:_run:142 | Market-data worker temporary fetch failure for CELO-USDT-SWAP: [WinError 10035] Операция на незаблокированном сокете не может быть завершена немедленно
2026-03-28 21:02:01,250 | INFO | root | okx_gateway:amend_exchange_stop:395 | Amending exchange stop TSLA-USDT-SWAP algo=3429879018932232192 payload=[{'instId': 'TSLA-USDT-SWAP', 'algoId': '3429879018932232192', 'newSlTriggerPx': '361.67', 'newSlOrdPx': '-1', 'newSlTriggerPxType': 'mark'}]
2026-03-28 21:02:03,715 | INFO | root | okx_gateway:place_exchange_stop:372 | Placing exchange stop TSLA-USDT-SWAP short payload={'instId': 'TSLA-USDT-SWAP', 'tdMode': 'isolated', 'side': 'buy', 'posSide': 'net', 'ordType': 'conditional', 'reduceOnly': 'true', 'closeFraction': '1', 'algoClOrdId': 'SLUSDTSWAP720923715', 'slTriggerPx': '361.67', 'slTriggerPxType': 'mark', 'slOrdPx': '-1'}
2026-03-28 21:02:10,212 | INFO | root | okx_gateway:amend_exchange_stop:395 | Amending exchange stop LINK-USDT-SWAP algo=3429863104803332096 payload=[{'instId': 'LINK-USDT-SWAP', 'algoId': '3429863104803332096', 'newSlTriggerPx': '8.613', 'newSlOrdPx': '-1', 'newSlTriggerPxType': 'mark'}]
2026-03-28 21:02:13,840 | INFO | root | okx_gateway:place_exchange_stop:372 | Placing exchange stop LINK-USDT-SWAP short payload={'instId': 'LINK-USDT-SWAP', 'tdMode': 'isolated', 'side': 'buy', 'posSide': 'net', 'ordType': 'conditional', 'reduceOnly': 'true', 'closeFraction': '1', 'algoClOrdId': 'SLUSDTSWAP720933840', 'slTriggerPx': '8.613', 'slTriggerPxType': 'mark', 'slOrdPx': '-1'}
2026-03-28 21:04:03,460 | WARNING | root | market_data_cache:_run:142 | Market-data worker temporary fetch failure for TRIA-USDT-SWAP: [WinError 10035] Операция на незаблокированном сокете не может быть завершена немедленно
2026-03-28 21:04:30,418 | INFO | root | okx_gateway:amend_exchange_stop:395 | Amending exchange stop TSLA-USDT-SWAP algo=3429884501894193152 payload=[{'instId': 'TSLA-USDT-SWAP', 'algoId': '3429884501894193152', 'newSlTriggerPx': '361.68', 'newSlOrdPx': '-1', 'newSlTriggerPxType': 'mark'}]
2026-03-28 21:04:34,155 | INFO | root | okx_gateway:place_exchange_stop:372 | Placing exchange stop TSLA-USDT-SWAP short payload={'instId': 'TSLA-USDT-SWAP', 'tdMode': 'isolated', 'side': 'buy', 'posSide': 'net', 'ordType': 'conditional', 'reduceOnly': 'true', 'closeFraction': '1', 'algoClOrdId': 'SLUSDTSWAP721074155', 'slTriggerPx': '361.68', 'slTriggerPxType': 'mark', 'slOrdPx': '-1'}
2026-03-28 21:06:53,308 | INFO | root | okx_gateway:place_market_order:596 | Placing order YB-USDT-SWAP buy qty=2616.0 attached_stop=True attached_stop_px=0.1069
2026-03-28 21:06:54,989 | INFO | root | okx_gateway:amend_exchange_stop:395 | Amending exchange stop TSLA-USDT-SWAP algo=3429889549856497664 payload=[{'instId': 'TSLA-USDT-SWAP', 'algoId': '3429889549856497664', 'newSlTriggerPx': '361.7', 'newSlOrdPx': '-1', 'newSlTriggerPxType': 'mark'}]
2026-03-28 21:06:58,669 | INFO | root | okx_gateway:place_exchange_stop:372 | Placing exchange stop TSLA-USDT-SWAP short payload={'instId': 'TSLA-USDT-SWAP', 'tdMode': 'isolated', 'side': 'buy', 'posSide': 'net', 'ordType': 'conditional', 'reduceOnly': 'true', 'closeFraction': '1', 'algoClOrdId': 'SLUSDTSWAP721218669', 'slTriggerPx': '361.71', 'slTriggerPxType': 'mark', 'slOrdPx': '-1'}
2026-03-28 21:09:18,142 | INFO | root | okx_gateway:amend_exchange_stop:395 | Amending exchange stop TSLA-USDT-SWAP algo=3429894398807465984 payload=[{'instId': 'TSLA-USDT-SWAP', 'algoId': '3429894398807465984', 'newSlTriggerPx': '361.83', 'newSlOrdPx': '-1', 'newSlTriggerPxType': 'mark'}]
2026-03-28 21:09:22,254 | INFO | root | okx_gateway:place_exchange_stop:372 | Placing exchange stop TSLA-USDT-SWAP short payload={'instId': 'TSLA-USDT-SWAP', 'tdMode': 'isolated', 'side': 'buy', 'posSide': 'net', 'ordType': 'conditional', 'reduceOnly': 'true', 'closeFraction': '1', 'algoClOrdId': 'SLUSDTSWAP721362254', 'slTriggerPx': '361.83', 'slTriggerPxType': 'mark', 'slOrdPx': '-1'}
2026-03-28 21:11:38,789 | INFO | root | okx_gateway:place_market_order:596 | Placing order LTC-USDT-SWAP sell qty=52.4 attached_stop=True attached_stop_px=54.84
2026-03-28 21:12:01,166 | WARNING | root | market_data_cache:_run:142 | Market-data worker temporary fetch failure for CRV-USDT-SWAP: [WinError 10035] Операция на незаблокированном сокете не может быть завершена немедленно
2026-03-28 21:14:09,864 | WARNING | root | market_data_cache:_run:142 | Market-data worker temporary fetch failure for XSR-USDT-SWAP: [WinError 10035] Операция на незаблокированном сокете не может быть завершена немедленно
2026-03-28 21:14:31,432 | INFO | root | okx_gateway:place_exchange_stop:372 | Placing exchange stop LINK-USDT-SWAP short payload={'instId': 'LINK-USDT-SWAP', 'tdMode': 'isolated', 'side': 'buy', 'posSide': 'net', 'ordType': 'conditional', 'reduceOnly': 'true', 'closeFraction': '1', 'algoClOrdId': 'SLUSDTSWAP721671432', 'slTriggerPx': '8.62', 'slTriggerPxType': 'mark', 'slOrdPx': '-1'}
2026-03-28 21:14:32,507 | INFO | root | okx_gateway:close_position:428 | Closing position LINK-USDT-SWAP. Синхронизация: позиция отсутствует на бирже
2026-03-28 21:16:53,117 | INFO | root | okx_gateway:place_market_order:596 | Placing order MINA-USDT-SWAP buy qty=52175.0 attached_stop=True attached_stop_px=0.05274
2026-03-28 21:16:55,515 | INFO | root | okx_gateway:amend_exchange_stop:395 | Amending exchange stop TSLA-USDT-SWAP algo=3429899216653475840 payload=[{'instId': 'TSLA-USDT-SWAP', 'algoId': '3429899216653475840', 'newSlTriggerPx': '361.84', 'newSlOrdPx': '-1', 'newSlTriggerPxType': 'mark'}]
2026-03-28 21:17:01,026 | INFO | root | okx_gateway:place_exchange_stop:372 | Placing exchange stop TSLA-USDT-SWAP short payload={'instId': 'TSLA-USDT-SWAP', 'tdMode': 'isolated', 'side': 'buy', 'posSide': 'net', 'ordType': 'conditional', 'reduceOnly': 'true', 'closeFraction': '1', 'algoClOrdId': 'SLUSDTSWAP721821026', 'slTriggerPx': '361.84', 'slTriggerPxType': 'mark', 'slOrdPx': '-1'}
2026-03-28 21:17:31,214 | WARNING | root | market_data_cache:_run:142 | Market-data worker temporary fetch failure for LIT-USDT-SWAP: [WinError 10035] Операция на незаблокированном сокете не может быть завершена немедленно
2026-03-28 21:18:04,031 | WARNING | root | market_data_cache:_run:142 | Market-data worker temporary fetch failure for AAVE-USDT-SWAP: [WinError 10035] Операция на незаблокированном сокете не может быть завершена немедленно
2026-03-28 21:19:33,191 | WARNING | root | market_data_cache:_run:142 | Market-data worker temporary fetch failure for BIO-USDT-SWAP: [WinError 10035] Операция на незаблокированном сокете не может быть завершена немедленно
2026-03-28 21:22:29,594 | INFO | root | okx_gateway:place_market_order:596 | Placing order QTUM-USDT-SWAP buy qty=3324.0 attached_stop=True attached_stop_px=0.824
2026-03-28 21:22:40,062 | INFO | root | okx_gateway:amend_exchange_stop:395 | Amending exchange stop LTC-USDT-SWAP algo=3429903803376558080 payload=[{'instId': 'LTC-USDT-SWAP', 'algoId': '3429903803376558080', 'newSlTriggerPx': '54.08', 'newSlOrdPx': '-1', 'newSlTriggerPxType': 'mark'}]
2026-03-28 21:22:45,719 | INFO | root | okx_gateway:place_exchange_stop:372 | Placing exchange stop LTC-USDT-SWAP short payload={'instId': 'LTC-USDT-SWAP', 'tdMode': 'isolated', 'side': 'buy', 'posSide': 'net', 'ordType': 'conditional', 'reduceOnly': 'true', 'closeFraction': '1', 'algoClOrdId': 'SLUSDTSWAP722165719', 'slTriggerPx': '54.08', 'slTriggerPxType': 'mark', 'slOrdPx': '-1'}
2026-03-28 21:24:20,425 | WARNING | root | market_data_cache:_run:142 | Market-data worker temporary fetch failure for LIT-USDT-SWAP: [WinError 10035] Операция на незаблокированном сокете не может быть завершена немедленно
2026-03-28 21:25:27,069 | INFO | root | okx_gateway:place_market_order:596 | Placing order XLM-USDT-SWAP sell qty=162.87 attached_stop=True attached_stop_px=0.17167
2026-03-28 21:25:29,056 | INFO | root | okx_gateway:amend_exchange_stop:395 | Amending exchange stop TSLA-USDT-SWAP algo=3429914612232183808 payload=[{'instId': 'TSLA-USDT-SWAP', 'algoId': '3429914612232183808', 'newSlTriggerPx': '361.85', 'newSlOrdPx': '-1', 'newSlTriggerPxType': 'mark'}]
2026-03-28 21:25:32,657 | INFO | root | okx_gateway:place_exchange_stop:372 | Placing exchange stop TSLA-USDT-SWAP short payload={'instId': 'TSLA-USDT-SWAP', 'tdMode': 'isolated', 'side': 'buy', 'posSide': 'net', 'ordType': 'conditional', 'reduceOnly': 'true', 'closeFraction': '1', 'algoClOrdId': 'SLUSDTSWAP722332657', 'slTriggerPx': '361.85', 'slTriggerPxType': 'mark', 'slOrdPx': '-1'}
2026-03-28 21:25:39,291 | INFO | root | okx_gateway:place_exchange_stop:372 | Placing exchange stop LTC-USDT-SWAP short payload={'instId': 'LTC-USDT-SWAP', 'tdMode': 'isolated', 'side': 'buy', 'posSide': 'net', 'ordType': 'conditional', 'reduceOnly': 'true', 'closeFraction': '1', 'algoClOrdId': 'SLUSDTSWAP722339291', 'slTriggerPx': '54.13', 'slTriggerPxType': 'mark', 'slOrdPx': '-1'}
2026-03-28 21:25:40,344 | INFO | root | okx_gateway:close_position:428 | Closing position LTC-USDT-SWAP. Синхронизация: позиция отсутствует на бирже
2026-03-28 21:25:43,795 | INFO | root | okx_gateway:amend_exchange_stop:395 | Amending exchange stop MINA-USDT-SWAP algo=3429914350708940800 payload=[{'instId': 'MINA-USDT-SWAP', 'algoId': '3429914350708940800', 'newSlTriggerPx': '0.05348', 'newSlOrdPx': '-1', 'newSlTriggerPxType': 'mark'}]
2026-03-28 21:25:46,527 | INFO | root | okx_gateway:place_exchange_stop:372 | Placing exchange stop MINA-USDT-SWAP long payload={'instId': 'MINA-USDT-SWAP', 'tdMode': 'isolated', 'side': 'sell', 'posSide': 'net', 'ordType': 'conditional', 'reduceOnly': 'true', 'closeFraction': '1', 'algoClOrdId': 'SLUSDTSWAP722346527', 'slTriggerPx': '0.05348', 'slTriggerPxType': 'mark', 'slOrdPx': '-1'}
2026-03-28 21:28:25,825 | INFO | root | okx_gateway:amend_exchange_stop:395 | Amending exchange stop TSLA-USDT-SWAP algo=3429931777605853184 payload=[{'instId': 'TSLA-USDT-SWAP', 'algoId': '3429931777605853184', 'newSlTriggerPx': '361.77', 'newSlOrdPx': '-1', 'newSlTriggerPxType': 'mark'}]
2026-03-28 21:28:28,676 | INFO | root | okx_gateway:place_exchange_stop:372 | Placing exchange stop TSLA-USDT-SWAP short payload={'instId': 'TSLA-USDT-SWAP', 'tdMode': 'isolated', 'side': 'buy', 'posSide': 'net', 'ordType': 'conditional', 'reduceOnly': 'true', 'closeFraction': '1', 'algoClOrdId': 'SLUSDTSWAP722508676', 'slTriggerPx': '361.77', 'slTriggerPxType': 'mark', 'slOrdPx': '-1'}
2026-03-28 21:31:25,835 | INFO | root | okx_gateway:amend_exchange_stop:395 | Amending exchange stop QTUM-USDT-SWAP algo=3429925640567349248 payload=[{'instId': 'QTUM-USDT-SWAP', 'algoId': '3429925640567349248', 'newSlTriggerPx': '0.827', 'newSlOrdPx': '-1', 'newSlTriggerPxType': 'mark'}]
2026-03-28 21:31:31,436 | INFO | root | okx_gateway:place_exchange_stop:372 | Placing exchange stop QTUM-USDT-SWAP long payload={'instId': 'QTUM-USDT-SWAP', 'tdMode': 'isolated', 'side': 'sell', 'posSide': 'net', 'ordType': 'conditional', 'reduceOnly': 'true', 'closeFraction': '1', 'algoClOrdId': 'SLUSDTSWAP722691436', 'slTriggerPx': '0.827', 'slTriggerPxType': 'mark', 'slOrdPx': '-1'}
2026-03-28 21:37:09,855 | INFO | root | okx_gateway:amend_exchange_stop:395 | Amending exchange stop MINA-USDT-SWAP algo=3429932242972270592 payload=[{'instId': 'MINA-USDT-SWAP', 'algoId': '3429932242972270592', 'newSlTriggerPx': '0.05369', 'newSlOrdPx': '-1', 'newSlTriggerPxType': 'mark'}]
2026-03-28 21:37:12,677 | INFO | root | okx_gateway:place_exchange_stop:372 | Placing exchange stop MINA-USDT-SWAP long payload={'instId': 'MINA-USDT-SWAP', 'tdMode': 'isolated', 'side': 'sell', 'posSide': 'net', 'ordType': 'conditional', 'reduceOnly': 'true', 'closeFraction': '1', 'algoClOrdId': 'SLUSDTSWAP723032677', 'slTriggerPx': '0.05369', 'slTriggerPxType': 'mark', 'slOrdPx': '-1'}
2026-03-28 21:37:14,805 | INFO | root | okx_gateway:place_market_order:596 | Placing order MINA-USDT-SWAP buy qty=52175.0 attached_stop=False attached_stop_px=
2026-03-28 21:37:22,439 | INFO | root | okx_gateway:amend_exchange_stop:395 | Amending exchange stop XLM-USDT-SWAP algo=3429931594197327872 payload=[{'instId': 'XLM-USDT-SWAP', 'algoId': '3429931594197327872', 'newSlTriggerPx': '0.17095', 'newSlOrdPx': '-1', 'newSlTriggerPxType': 'mark'}]
2026-03-28 21:37:25,027 | INFO | root | okx_gateway:place_exchange_stop:372 | Placing exchange stop XLM-USDT-SWAP short payload={'instId': 'XLM-USDT-SWAP', 'tdMode': 'isolated', 'side': 'buy', 'posSide': 'net', 'ordType': 'conditional', 'reduceOnly': 'true', 'closeFraction': '1', 'algoClOrdId': 'SLUSDTSWAP723045027', 'slTriggerPx': '0.17095', 'slTriggerPxType': 'mark', 'slOrdPx': '-1'}
2026-03-28 21:40:11,038 | INFO | root | okx_gateway:amend_exchange_stop:395 | Amending exchange stop MINA-USDT-SWAP algo=3429955266480005120 payload=[{'instId': 'MINA-USDT-SWAP', 'algoId': '3429955266480005120', 'newSlTriggerPx': '0.05378', 'newSlOrdPx': '-1', 'newSlTriggerPxType': 'mark'}]
2026-03-28 21:40:17,605 | INFO | root | okx_gateway:place_exchange_stop:372 | Placing exchange stop MINA-USDT-SWAP long payload={'instId': 'MINA-USDT-SWAP', 'tdMode': 'isolated', 'side': 'sell', 'posSide': 'net', 'ordType': 'conditional', 'reduceOnly': 'true', 'closeFraction': '1', 'algoClOrdId': 'SLUSDTSWAP723217605', 'slTriggerPx': '0.05378', 'slTriggerPxType': 'mark', 'slOrdPx': '-1'}
2026-03-28 21:40:20,104 | INFO | root | okx_gateway:place_market_order:596 | Placing order MINA-USDT-SWAP buy qty=52175.0 attached_stop=False attached_stop_px=
2026-03-28 21:41:20,343 | WARNING | root | market_data_cache:_run:142 | Market-data worker temporary fetch failure for DOGE-USDT-SWAP: [WinError 10035] Операция на незаблокированном сокете не может быть завершена немедленно
2026-03-28 21:42:40,502 | INFO | root | okx_gateway:amend_exchange_stop:395 | Amending exchange stop TSLA-USDT-SWAP algo=3429937684058300416 payload=[{'instId': 'TSLA-USDT-SWAP', 'algoId': '3429937684058300416', 'newSlTriggerPx': '361.7', 'newSlOrdPx': '-1', 'newSlTriggerPxType': 'mark'}]
2026-03-28 21:42:43,300 | INFO | root | okx_gateway:place_exchange_stop:372 | Placing exchange stop TSLA-USDT-SWAP short payload={'instId': 'TSLA-USDT-SWAP', 'tdMode': 'isolated', 'side': 'buy', 'posSide': 'net', 'ordType': 'conditional', 'reduceOnly': 'true', 'closeFraction': '1', 'algoClOrdId': 'SLUSDTSWAP723363300', 'slTriggerPx': '361.7', 'slTriggerPxType': 'mark', 'slOrdPx': '-1'}
2026-03-28 21:42:52,041 | INFO | root | okx_gateway:amend_exchange_stop:395 | Amending exchange stop QTUM-USDT-SWAP algo=3429943818378895360 payload=[{'instId': 'QTUM-USDT-SWAP', 'algoId': '3429943818378895360', 'newSlTriggerPx': '0.828', 'newSlOrdPx': '-1', 'newSlTriggerPxType': 'mark'}]
2026-03-28 21:42:54,745 | INFO | root | okx_gateway:place_exchange_stop:372 | Placing exchange stop QTUM-USDT-SWAP long payload={'instId': 'QTUM-USDT-SWAP', 'tdMode': 'isolated', 'side': 'sell', 'posSide': 'net', 'ordType': 'conditional', 'reduceOnly': 'true', 'closeFraction': '1', 'algoClOrdId': 'SLUSDTSWAP723374745', 'slTriggerPx': '0.828', 'slTriggerPxType': 'mark', 'slOrdPx': '-1'}
2026-03-28 21:44:10,660 | WARNING | root | market_data_cache:_run:142 | Market-data worker temporary fetch failure for MAJOR-USDT-SWAP: [WinError 10035] Операция на незаблокированном сокете не может быть завершена немедленно
2026-03-28 21:45:03,716 | WARNING | root | market_data_cache:_run:142 | Market-data worker temporary fetch failure for CFX-USDT-SWAP: [WinError 10035] Операция на незаблокированном сокете не может быть завершена немедленно
2026-03-28 21:45:06,868 | INFO | root | okx_gateway:amend_exchange_stop:395 | Amending exchange stop TSLA-USDT-SWAP algo=3429966360145649664 payload=[{'instId': 'TSLA-USDT-SWAP', 'algoId': '3429966360145649664', 'newSlTriggerPx': '361.64', 'newSlOrdPx': '-1', 'newSlTriggerPxType': 'mark'}]
2026-03-28 21:45:09,823 | INFO | root | okx_gateway:place_exchange_stop:372 | Placing exchange stop TSLA-USDT-SWAP short payload={'instId': 'TSLA-USDT-SWAP', 'tdMode': 'isolated', 'side': 'buy', 'posSide': 'net', 'ordType': 'conditional', 'reduceOnly': 'true', 'closeFraction': '1', 'algoClOrdId': 'SLUSDTSWAP723509823', 'slTriggerPx': '361.64', 'slTriggerPxType': 'mark', 'slOrdPx': '-1'}
2026-03-28 21:45:17,743 | INFO | root | okx_gateway:amend_exchange_stop:395 | Amending exchange stop MINA-USDT-SWAP algo=3429961473378836480 payload=[{'instId': 'MINA-USDT-SWAP', 'algoId': '3429961473378836480', 'newSlTriggerPx': '0.05385', 'newSlOrdPx': '-1', 'newSlTriggerPxType': 'mark'}]
2026-03-28 21:45:20,616 | INFO | root | okx_gateway:place_exchange_stop:372 | Placing exchange stop MINA-USDT-SWAP long payload={'instId': 'MINA-USDT-SWAP', 'tdMode': 'isolated', 'side': 'sell', 'posSide': 'net', 'ordType': 'conditional', 'reduceOnly': 'true', 'closeFraction': '1', 'algoClOrdId': 'SLUSDTSWAP723520616', 'slTriggerPx': '0.05385', 'slTriggerPxType': 'mark', 'slOrdPx': '-1'}
2026-03-28 21:45:22,683 | INFO | root | okx_gateway:place_market_order:596 | Placing order MINA-USDT-SWAP buy qty=52175.0 attached_stop=False attached_stop_px=
2026-03-28 21:45:30,751 | INFO | root | okx_gateway:place_exchange_stop:372 | Placing exchange stop XLM-USDT-SWAP short payload={'instId': 'XLM-USDT-SWAP', 'tdMode': 'isolated', 'side': 'buy', 'posSide': 'net', 'ordType': 'conditional', 'reduceOnly': 'true', 'closeFraction': '1', 'algoClOrdId': 'SLUSDTSWAP723530751', 'slTriggerPx': '0.17111', 'slTriggerPxType': 'mark', 'slOrdPx': '-1'}
2026-03-28 21:45:31,705 | INFO | root | okx_gateway:close_position:428 | Closing position XLM-USDT-SWAP. Синхронизация: позиция отсутствует на бирже
2026-03-28 21:48:09,779 | INFO | root | okx_gateway:amend_exchange_stop:395 | Amending exchange stop TSLA-USDT-SWAP algo=3429971278487183360 payload=[{'instId': 'TSLA-USDT-SWAP', 'algoId': '3429971278487183360', 'newSlTriggerPx': '361.73', 'newSlOrdPx': '-1', 'newSlTriggerPxType': 'mark'}]
2026-03-28 21:48:15,623 | INFO | root | okx_gateway:place_exchange_stop:372 | Placing exchange stop TSLA-USDT-SWAP short payload={'instId': 'TSLA-USDT-SWAP', 'tdMode': 'isolated', 'side': 'buy', 'posSide': 'net', 'ordType': 'conditional', 'reduceOnly': 'true', 'closeFraction': '1', 'algoClOrdId': 'SLUSDTSWAP723695623', 'slTriggerPx': '361.73', 'slTriggerPxType': 'mark', 'slOrdPx': '-1'}
2026-03-28 21:48:30,445 | INFO | root | okx_gateway:place_exchange_stop:372 | Placing exchange stop MINA-USDT-SWAP long payload={'instId': 'MINA-USDT-SWAP', 'tdMode': 'isolated', 'side': 'sell', 'posSide': 'net', 'ordType': 'conditional', 'reduceOnly': 'true', 'closeFraction': '1', 'algoClOrdId': 'SLUSDTSWAP723710445', 'slTriggerPx': '0.05378', 'slTriggerPxType': 'mark', 'slOrdPx': '-1'}
2026-03-28 21:48:31,514 | INFO | root | okx_gateway:close_position:428 | Closing position MINA-USDT-SWAP. Синхронизация: позиция отсутствует на бирже
2026-03-28 21:51:26,463 | INFO | root | okx_gateway:amend_exchange_stop:395 | Amending exchange stop TSLA-USDT-SWAP algo=3429977513236193280 payload=[{'instId': 'TSLA-USDT-SWAP', 'algoId': '3429977513236193280', 'newSlTriggerPx': '361.74', 'newSlOrdPx': '-1', 'newSlTriggerPxType': 'mark'}]
2026-03-28 21:51:32,284 | INFO | root | okx_gateway:place_exchange_stop:372 | Placing exchange stop TSLA-USDT-SWAP short payload={'instId': 'TSLA-USDT-SWAP', 'tdMode': 'isolated', 'side': 'buy', 'posSide': 'net', 'ordType': 'conditional', 'reduceOnly': 'true', 'closeFraction': '1', 'algoClOrdId': 'SLUSDTSWAP723892284', 'slTriggerPx': '361.74', 'slTriggerPxType': 'mark', 'slOrdPx': '-1'}
2026-03-28 21:58:42,141 | WARNING | root | market_data_cache:_run:142 | Market-data worker temporary fetch failure for LPT-USDT-SWAP: [WinError 10035] Операция на незаблокированном сокете не может быть завершена немедленно
2026-03-28 21:58:56,267 | WARNING | root | market_data_cache:_run:142 | Market-data worker temporary fetch failure for ROBO-USDT-SWAP: [WinError 10035] Операция на незаблокированном сокете не может быть завершена немедленно
2026-03-28 21:59:20,333 | WARNING | root | market_data_cache:_run:142 | Market-data worker temporary fetch failure for AUCTION-USDT-SWAP: [WinError 10035] Операция на незаблокированном сокете не может быть завершена немедленно
2026-03-28 21:59:21,139 | WARNING | root | market_data_cache:_run:142 | Market-data worker temporary fetch failure for AVAX-USDT-SWAP: [WinError 10035] Операция на незаблокированном сокете не может быть завершена немедленно
2026-03-28 22:00:31,227 | INFO | root | okx_gateway:amend_exchange_stop:395 | Amending exchange stop TSLA-USDT-SWAP algo=3429984111950127104 payload=[{'instId': 'TSLA-USDT-SWAP', 'algoId': '3429984111950127104', 'newSlTriggerPx': '361.75', 'newSlOrdPx': '-1', 'newSlTriggerPxType': 'mark'}]
2026-03-28 22:00:34,520 | INFO | root | okx_gateway:place_exchange_stop:372 | Placing exchange stop TSLA-USDT-SWAP short payload={'instId': 'TSLA-USDT-SWAP', 'tdMode': 'isolated', 'side': 'buy', 'posSide': 'net', 'ordType': 'conditional', 'reduceOnly': 'true', 'closeFraction': '1', 'algoClOrdId': 'SLUSDTSWAP724434520', 'slTriggerPx': '361.75', 'slTriggerPxType': 'mark', 'slOrdPx': '-1'}
2026-03-28 22:00:41,010 | INFO | root | okx_gateway:amend_exchange_stop:395 | Amending exchange stop QTUM-USDT-SWAP algo=3429966746491379712 payload=[{'instId': 'QTUM-USDT-SWAP', 'algoId': '3429966746491379712', 'newSlTriggerPx': '0.827', 'newSlOrdPx': '-1', 'newSlTriggerPxType': 'mark'}]
2026-03-28 22:00:43,907 | INFO | root | okx_gateway:place_exchange_stop:372 | Placing exchange stop QTUM-USDT-SWAP long payload={'instId': 'QTUM-USDT-SWAP', 'tdMode': 'isolated', 'side': 'sell', 'posSide': 'net', 'ordType': 'conditional', 'reduceOnly': 'true', 'closeFraction': '1', 'algoClOrdId': 'SLUSDTSWAP724443907', 'slTriggerPx': '0.827', 'slTriggerPxType': 'mark', 'slOrdPx': '-1'}
2026-03-28 22:02:36,263 | WARNING | root | market_data_cache:_run:142 | Market-data worker temporary fetch failure for ICP-USDT-SWAP: [WinError 10035] Операция на незаблокированном сокете не может быть завершена немедленно
2026-03-28 22:03:10,370 | WARNING | root | market_data_cache:_run:142 | Market-data worker temporary fetch failure for XTZ-USDT-SWAP: [WinError 10035] Операция на незаблокированном сокете не может быть завершена немедленно
2026-03-28 22:03:39,333 | INFO | root | okx_gateway:amend_exchange_stop:395 | Amending exchange stop TSLA-USDT-SWAP algo=3430002306169790464 payload=[{'instId': 'TSLA-USDT-SWAP', 'algoId': '3430002306169790464', 'newSlTriggerPx': '361.71', 'newSlOrdPx': '-1', 'newSlTriggerPxType': 'mark'}]
2026-03-28 22:03:45,281 | INFO | root | okx_gateway:place_exchange_stop:372 | Placing exchange stop TSLA-USDT-SWAP short payload={'instId': 'TSLA-USDT-SWAP', 'tdMode': 'isolated', 'side': 'buy', 'posSide': 'net', 'ordType': 'conditional', 'reduceOnly': 'true', 'closeFraction': '1', 'algoClOrdId': 'SLUSDTSWAP724625281', 'slTriggerPx': '361.71', 'slTriggerPxType': 'mark', 'slOrdPx': '-1'}
2026-03-28 22:03:54,451 | INFO | root | okx_gateway:amend_exchange_stop:395 | Amending exchange stop QTUM-USDT-SWAP algo=3430002618964205568 payload=[{'instId': 'QTUM-USDT-SWAP', 'algoId': '3430002618964205568', 'newSlTriggerPx': '0.828', 'newSlOrdPx': '-1', 'newSlTriggerPxType': 'mark'}]
2026-03-28 22:04:00,217 | INFO | root | okx_gateway:place_exchange_stop:372 | Placing exchange stop QTUM-USDT-SWAP long payload={'instId': 'QTUM-USDT-SWAP', 'tdMode': 'isolated', 'side': 'sell', 'posSide': 'net', 'ordType': 'conditional', 'reduceOnly': 'true', 'closeFraction': '1', 'algoClOrdId': 'SLUSDTSWAP724640217', 'slTriggerPx': '0.828', 'slTriggerPxType': 'mark', 'slOrdPx': '-1'}
2026-03-28 22:07:03,283 | INFO | root | okx_gateway:amend_exchange_stop:395 | Amending exchange stop TSLA-USDT-SWAP algo=3430008706912575488 payload=[{'instId': 'TSLA-USDT-SWAP', 'algoId': '3430008706912575488', 'newSlTriggerPx': '361.78', 'newSlOrdPx': '-1', 'newSlTriggerPxType': 'mark'}]
2026-03-28 22:07:08,982 | INFO | root | okx_gateway:place_exchange_stop:372 | Placing exchange stop TSLA-USDT-SWAP short payload={'instId': 'TSLA-USDT-SWAP', 'tdMode': 'isolated', 'side': 'buy', 'posSide': 'net', 'ordType': 'conditional', 'reduceOnly': 'true', 'closeFraction': '1', 'algoClOrdId': 'SLUSDTSWAP724828982', 'slTriggerPx': '361.78', 'slTriggerPxType': 'mark', 'slOrdPx': '-1'}
2026-03-28 22:09:35,700 | WARNING | root | market_data_cache:_run:142 | Market-data worker temporary fetch failure for BCH-USDT-SWAP: [WinError 10035] Операция на незаблокированном сокете не может быть завершена немедленно
2026-03-28 22:09:50,132 | WARNING | root | market_data_cache:_run:142 | Market-data worker temporary fetch failure for ENA-USDT-SWAP: [WinError 10035] Операция на незаблокированном сокете не может быть завершена немедленно
2026-03-28 22:09:58,589 | INFO | root | okx_gateway:amend_exchange_stop:395 | Amending exchange stop TSLA-USDT-SWAP algo=3430015541950373888 payload=[{'instId': 'TSLA-USDT-SWAP', 'algoId': '3430015541950373888', 'newSlTriggerPx': '361.83', 'newSlOrdPx': '-1', 'newSlTriggerPxType': 'mark'}]
2026-03-28 22:10:01,485 | INFO | root | okx_gateway:place_exchange_stop:372 | Placing exchange stop TSLA-USDT-SWAP short payload={'instId': 'TSLA-USDT-SWAP', 'tdMode': 'isolated', 'side': 'buy', 'posSide': 'net', 'ordType': 'conditional', 'reduceOnly': 'true', 'closeFraction': '1', 'algoClOrdId': 'SLUSDTSWAP725001485', 'slTriggerPx': '361.83', 'slTriggerPxType': 'mark', 'slOrdPx': '-1'}
2026-03-28 22:12:17,671 | INFO | root | okx_gateway:amend_exchange_stop:395 | Amending exchange stop QTUM-USDT-SWAP algo=3430009207880245248 payload=[{'instId': 'QTUM-USDT-SWAP', 'algoId': '3430009207880245248', 'newSlTriggerPx': '0.827', 'newSlOrdPx': '-1', 'newSlTriggerPxType': 'mark'}]
2026-03-28 22:12:21,748 | INFO | root | okx_gateway:place_exchange_stop:372 | Placing exchange stop QTUM-USDT-SWAP long payload={'instId': 'QTUM-USDT-SWAP', 'tdMode': 'isolated', 'side': 'sell', 'posSide': 'net', 'ordType': 'conditional', 'reduceOnly': 'true', 'closeFraction': '1', 'algoClOrdId': 'SLUSDTSWAP725141748', 'slTriggerPx': '0.827', 'slTriggerPxType': 'mark', 'slOrdPx': '-1'}
2026-03-28 22:15:08,376 | WARNING | root | market_data_cache:_run:142 | Market-data worker temporary fetch failure for LRC-USDT-SWAP: [WinError 10035] Операция на незаблокированном сокете не может быть завершена немедленно
2026-03-28 22:17:27,063 | INFO | root | okx_gateway:place_market_order:596 | Placing order LINK-USDT-SWAP sell qty=327.17 attached_stop=True attached_stop_px=8.618
2026-03-28 22:17:29,518 | INFO | root | okx_gateway:place_market_order:596 | Placing order LIT-USDT-SWAP sell qty=322.0 attached_stop=True attached_stop_px=0.873
2026-03-28 22:17:31,696 | INFO | root | okx_gateway:place_market_order:596 | Placing order INJ-USDT-SWAP sell qty=9676.0 attached_stop=True attached_stop_px=2.897
2026-03-28 22:17:34,580 | INFO | root | okx_gateway:amend_exchange_stop:395 | Amending exchange stop TSLA-USDT-SWAP algo=3430021328210845696 payload=[{'instId': 'TSLA-USDT-SWAP', 'algoId': '3430021328210845696', 'newSlTriggerPx': '361.88', 'newSlOrdPx': '-1', 'newSlTriggerPxType': 'mark'}]
2026-03-28 22:17:37,278 | INFO | root | okx_gateway:place_exchange_stop:372 | Placing exchange stop TSLA-USDT-SWAP short payload={'instId': 'TSLA-USDT-SWAP', 'tdMode': 'isolated', 'side': 'buy', 'posSide': 'net', 'ordType': 'conditional', 'reduceOnly': 'true', 'closeFraction': '1', 'algoClOrdId': 'SLUSDTSWAP725457278', 'slTriggerPx': '361.88', 'slTriggerPxType': 'mark', 'slOrdPx': '-1'}
2026-03-28 22:20:32,534 | INFO | root | okx_gateway:amend_exchange_stop:395 | Amending exchange stop TSLA-USDT-SWAP algo=3430036621918298112 payload=[{'instId': 'TSLA-USDT-SWAP', 'algoId': '3430036621918298112', 'newSlTriggerPx': '361.94', 'newSlOrdPx': '-1', 'newSlTriggerPxType': 'mark'}]
2026-03-28 22:20:38,179 | INFO | root | okx_gateway:place_exchange_stop:372 | Placing exchange stop TSLA-USDT-SWAP short payload={'instId': 'TSLA-USDT-SWAP', 'tdMode': 'isolated', 'side': 'buy', 'posSide': 'net', 'ordType': 'conditional', 'reduceOnly': 'true', 'closeFraction': '1', 'algoClOrdId': 'SLUSDTSWAP725638179', 'slTriggerPx': '361.94', 'slTriggerPxType': 'mark', 'slOrdPx': '-1'}
2026-03-28 22:23:31,422 | INFO | root | okx_gateway:amend_exchange_stop:395 | Amending exchange stop TSLA-USDT-SWAP algo=3430042693726986240 payload=[{'instId': 'TSLA-USDT-SWAP', 'algoId': '3430042693726986240', 'newSlTriggerPx': '362.01', 'newSlOrdPx': '-1', 'newSlTriggerPxType': 'mark'}]
2026-03-28 22:23:36,983 | INFO | root | okx_gateway:place_exchange_stop:372 | Placing exchange stop TSLA-USDT-SWAP short payload={'instId': 'TSLA-USDT-SWAP', 'tdMode': 'isolated', 'side': 'buy', 'posSide': 'net', 'ordType': 'conditional', 'reduceOnly': 'true', 'closeFraction': '1', 'algoClOrdId': 'SLUSDTSWAP725816983', 'slTriggerPx': '362.01', 'slTriggerPxType': 'mark', 'slOrdPx': '-1'}
2026-03-28 22:23:46,032 | INFO | root | okx_gateway:amend_exchange_stop:395 | Amending exchange stop QTUM-USDT-SWAP algo=3430026034555478016 payload=[{'instId': 'QTUM-USDT-SWAP', 'algoId': '3430026034555478016', 'newSlTriggerPx': '0.828', 'newSlOrdPx': '-1', 'newSlTriggerPxType': 'mark'}]
2026-03-28 22:23:51,551 | INFO | root | okx_gateway:place_exchange_stop:372 | Placing exchange stop QTUM-USDT-SWAP long payload={'instId': 'QTUM-USDT-SWAP', 'tdMode': 'isolated', 'side': 'sell', 'posSide': 'net', 'ordType': 'conditional', 'reduceOnly': 'true', 'closeFraction': '1', 'algoClOrdId': 'SLUSDTSWAP725831551', 'slTriggerPx': '0.828', 'slTriggerPxType': 'mark', 'slOrdPx': '-1'}
2026-03-28 22:26:52,862 | INFO | root | okx_gateway:amend_exchange_stop:395 | Amending exchange stop LINK-USDT-SWAP algo=3430036284864028672 payload=[{'instId': 'LINK-USDT-SWAP', 'algoId': '3430036284864028672', 'newSlTriggerPx': '8.598', 'newSlOrdPx': '-1', 'newSlTriggerPxType': 'mark'}]
2026-03-28 22:26:58,419 | INFO | root | okx_gateway:place_exchange_stop:372 | Placing exchange stop LINK-USDT-SWAP short payload={'instId': 'LINK-USDT-SWAP', 'tdMode': 'isolated', 'side': 'buy', 'posSide': 'net', 'ordType': 'conditional', 'reduceOnly': 'true', 'closeFraction': '1', 'algoClOrdId': 'SLUSDTSWAP726018419', 'slTriggerPx': '8.598', 'slTriggerPxType': 'mark', 'slOrdPx': '-1'}
2026-03-28 22:27:02,797 | INFO | root | okx_gateway:amend_exchange_stop:395 | Amending exchange stop LIT-USDT-SWAP algo=3430036363146518528 payload=[{'instId': 'LIT-USDT-SWAP', 'algoId': '3430036363146518528', 'newSlTriggerPx': '0.872', 'newSlOrdPx': '-1', 'newSlTriggerPxType': 'mark'}]
2026-03-28 22:27:08,305 | INFO | root | okx_gateway:place_exchange_stop:372 | Placing exchange stop LIT-USDT-SWAP short payload={'instId': 'LIT-USDT-SWAP', 'tdMode': 'isolated', 'side': 'buy', 'posSide': 'net', 'ordType': 'conditional', 'reduceOnly': 'true', 'closeFraction': '1', 'algoClOrdId': 'SLUSDTSWAP726028305', 'slTriggerPx': '0.872', 'slTriggerPxType': 'mark', 'slOrdPx': '-1'}
2026-03-28 22:27:12,763 | INFO | root | okx_gateway:amend_exchange_stop:395 | Amending exchange stop INJ-USDT-SWAP algo=3430036436194516992 payload=[{'instId': 'INJ-USDT-SWAP', 'algoId': '3430036436194516992', 'newSlTriggerPx': '2.886', 'newSlOrdPx': '-1', 'newSlTriggerPxType': 'mark'}]
2026-03-28 22:27:18,300 | INFO | root | okx_gateway:place_exchange_stop:372 | Placing exchange stop INJ-USDT-SWAP short payload={'instId': 'INJ-USDT-SWAP', 'tdMode': 'isolated', 'side': 'buy', 'posSide': 'net', 'ordType': 'conditional', 'reduceOnly': 'true', 'closeFraction': '1', 'algoClOrdId': 'SLUSDTSWAP726038300', 'slTriggerPx': '2.886', 'slTriggerPxType': 'mark', 'slOrdPx': '-1'}
2026-03-28 22:29:21,017 | WARNING | root | market_data_cache:_run:142 | Market-data worker temporary fetch failure for BCH-USDT-SWAP: [WinError 10035] Операция на незаблокированном сокете не может быть завершена немедленно
2026-03-28 22:29:56,975 | INFO | root | okx_gateway:amend_exchange_stop:395 | Amending exchange stop TSLA-USDT-SWAP algo=3430048693360091136 payload=[{'instId': 'TSLA-USDT-SWAP', 'algoId': '3430048693360091136', 'newSlTriggerPx': '361.99', 'newSlOrdPx': '-1', 'newSlTriggerPxType': 'mark'}]
2026-03-28 22:30:02,876 | INFO | root | okx_gateway:place_exchange_stop:372 | Placing exchange stop TSLA-USDT-SWAP short payload={'instId': 'TSLA-USDT-SWAP', 'tdMode': 'isolated', 'side': 'buy', 'posSide': 'net', 'ordType': 'conditional', 'reduceOnly': 'true', 'closeFraction': '1', 'algoClOrdId': 'SLUSDTSWAP726202876', 'slTriggerPx': '361.99', 'slTriggerPxType': 'mark', 'slOrdPx': '-1'}
2026-03-28 22:30:19,255 | INFO | root | okx_gateway:amend_exchange_stop:395 | Amending exchange stop LINK-USDT-SWAP algo=3430055452497764352 payload=[{'instId': 'LINK-USDT-SWAP', 'algoId': '3430055452497764352', 'newSlTriggerPx': '8.597', 'newSlOrdPx': '-1', 'newSlTriggerPxType': 'mark'}]
2026-03-28 22:30:25,167 | INFO | root | okx_gateway:place_exchange_stop:372 | Placing exchange stop LINK-USDT-SWAP short payload={'instId': 'LINK-USDT-SWAP', 'tdMode': 'isolated', 'side': 'buy', 'posSide': 'net', 'ordType': 'conditional', 'reduceOnly': 'true', 'closeFraction': '1', 'algoClOrdId': 'SLUSDTSWAP726225167', 'slTriggerPx': '8.597', 'slTriggerPxType': 'mark', 'slOrdPx': '-1'}
2026-03-28 22:33:14,127 | INFO | root | okx_gateway:amend_exchange_stop:395 | Amending exchange stop TSLA-USDT-SWAP algo=3430061641746964480 payload=[{'instId': 'TSLA-USDT-SWAP', 'algoId': '3430061641746964480', 'newSlTriggerPx': '361.82', 'newSlOrdPx': '-1', 'newSlTriggerPxType': 'mark'}]
2026-03-28 22:33:17,299 | INFO | root | okx_gateway:place_exchange_stop:372 | Placing exchange stop TSLA-USDT-SWAP short payload={'instId': 'TSLA-USDT-SWAP', 'tdMode': 'isolated', 'side': 'buy', 'posSide': 'net', 'ordType': 'conditional', 'reduceOnly': 'true', 'closeFraction': '1', 'algoClOrdId': 'SLUSDTSWAP726397299', 'slTriggerPx': '361.82', 'slTriggerPxType': 'mark', 'slOrdPx': '-1'}
2026-03-28 22:35:54,703 | WARNING | root | market_data_cache:_run:142 | Market-data worker temporary fetch failure for STRK-USDT-SWAP: [WinError 10035] Операция на незаблокированном сокете не может быть завершена немедленно
2026-03-28 22:36:12,855 | INFO | root | okx_gateway:place_market_order:596 | Placing order SYRUP-USDT-SWAP sell qty=1337.0 attached_stop=True attached_stop_px=0.2089
2026-03-28 22:36:21,285 | INFO | root | okx_gateway:amend_exchange_stop:395 | Amending exchange stop QTUM-USDT-SWAP algo=3430049181946175488 payload=[{'instId': 'QTUM-USDT-SWAP', 'algoId': '3430049181946175488', 'newSlTriggerPx': '0.827', 'newSlOrdPx': '-1', 'newSlTriggerPxType': 'mark'}]
2026-03-28 22:36:27,038 | INFO | root | okx_gateway:place_exchange_stop:372 | Placing exchange stop QTUM-USDT-SWAP long payload={'instId': 'QTUM-USDT-SWAP', 'tdMode': 'isolated', 'side': 'sell', 'posSide': 'net', 'ordType': 'conditional', 'reduceOnly': 'true', 'closeFraction': '1', 'algoClOrdId': 'SLUSDTSWAP726587038', 'slTriggerPx': '0.827', 'slTriggerPxType': 'mark', 'slOrdPx': '-1'}
2026-03-28 22:36:45,177 | INFO | root | okx_gateway:amend_exchange_stop:395 | Amending exchange stop INJ-USDT-SWAP algo=3430056119425654784 payload=[{'instId': 'INJ-USDT-SWAP', 'algoId': '3430056119425654784', 'newSlTriggerPx': '2.887', 'newSlOrdPx': '-1', 'newSlTriggerPxType': 'mark'}]
2026-03-28 22:36:50,826 | INFO | root | okx_gateway:place_exchange_stop:372 | Placing exchange stop INJ-USDT-SWAP short payload={'instId': 'INJ-USDT-SWAP', 'tdMode': 'isolated', 'side': 'buy', 'posSide': 'net', 'ordType': 'conditional', 'reduceOnly': 'true', 'closeFraction': '1', 'algoClOrdId': 'SLUSDTSWAP726610826', 'slTriggerPx': '2.887', 'slTriggerPxType': 'mark', 'slOrdPx': '-1'}
2026-03-28 22:39:30,790 | INFO | root | okx_gateway:amend_exchange_stop:395 | Amending exchange stop TSLA-USDT-SWAP algo=3430068163554140160 payload=[{'instId': 'TSLA-USDT-SWAP', 'algoId': '3430068163554140160', 'newSlTriggerPx': '361.92', 'newSlOrdPx': '-1', 'newSlTriggerPxType': 'mark'}]
2026-03-28 22:39:36,497 | INFO | root | okx_gateway:place_exchange_stop:372 | Placing exchange stop TSLA-USDT-SWAP short payload={'instId': 'TSLA-USDT-SWAP', 'tdMode': 'isolated', 'side': 'buy', 'posSide': 'net', 'ordType': 'conditional', 'reduceOnly': 'true', 'closeFraction': '1', 'algoClOrdId': 'SLUSDTSWAP726776497', 'slTriggerPx': '361.92', 'slTriggerPxType': 'mark', 'slOrdPx': '-1'}
2026-03-28 22:39:54,747 | INFO | root | okx_gateway:amend_exchange_stop:395 | Amending exchange stop LIT-USDT-SWAP algo=3430055784216879104 payload=[{'instId': 'LIT-USDT-SWAP', 'algoId': '3430055784216879104', 'newSlTriggerPx': '0.871', 'newSlOrdPx': '-1', 'newSlTriggerPxType': 'mark'}]
2026-03-28 22:40:00,589 | INFO | root | okx_gateway:place_exchange_stop:372 | Placing exchange stop LIT-USDT-SWAP short payload={'instId': 'LIT-USDT-SWAP', 'tdMode': 'isolated', 'side': 'buy', 'posSide': 'net', 'ordType': 'conditional', 'reduceOnly': 'true', 'closeFraction': '1', 'algoClOrdId': 'SLUSDTSWAP726800589', 'slTriggerPx': '0.871', 'slTriggerPxType': 'mark', 'slOrdPx': '-1'}
2026-03-28 22:40:09,515 | INFO | root | okx_gateway:amend_exchange_stop:395 | Amending exchange stop INJ-USDT-SWAP algo=3430075329908400128 payload=[{'instId': 'INJ-USDT-SWAP', 'algoId': '3430075329908400128', 'newSlTriggerPx': '2.886', 'newSlOrdPx': '-1', 'newSlTriggerPxType': 'mark'}]
2026-03-28 22:40:15,248 | INFO | root | okx_gateway:place_exchange_stop:372 | Placing exchange stop INJ-USDT-SWAP short payload={'instId': 'INJ-USDT-SWAP', 'tdMode': 'isolated', 'side': 'buy', 'posSide': 'net', 'ordType': 'conditional', 'reduceOnly': 'true', 'closeFraction': '1', 'algoClOrdId': 'SLUSDTSWAP726815248', 'slTriggerPx': '2.886', 'slTriggerPxType': 'mark', 'slOrdPx': '-1'}
2026-03-28 22:40:33,030 | WARNING | root | market_data_cache:_run:142 | Market-data worker temporary fetch failure for LIT-USDT-SWAP: [WinError 10035] Операция на незаблокированном сокете не может быть завершена немедленно
2026-03-28 22:42:21,419 | INFO | root | okx_gateway:amend_exchange_stop:395 | Amending exchange stop TSLA-USDT-SWAP algo=3430080889441574912 payload=[{'instId': 'TSLA-USDT-SWAP', 'algoId': '3430080889441574912', 'newSlTriggerPx': '361.91', 'newSlOrdPx': '-1', 'newSlTriggerPxType': 'mark'}]
2026-03-28 22:42:27,029 | INFO | root | okx_gateway:place_exchange_stop:372 | Placing exchange stop TSLA-USDT-SWAP short payload={'instId': 'TSLA-USDT-SWAP', 'tdMode': 'isolated', 'side': 'buy', 'posSide': 'net', 'ordType': 'conditional', 'reduceOnly': 'true', 'closeFraction': '1', 'algoClOrdId': 'SLUSDTSWAP726947029', 'slTriggerPx': '361.91', 'slTriggerPxType': 'mark', 'slOrdPx': '-1'}
2026-03-28 22:42:36,004 | INFO | root | okx_gateway:amend_exchange_stop:395 | Amending exchange stop QTUM-USDT-SWAP algo=3430074531849789440 payload=[{'instId': 'QTUM-USDT-SWAP', 'algoId': '3430074531849789440', 'newSlTriggerPx': '0.826', 'newSlOrdPx': '-1', 'newSlTriggerPxType': 'mark'}]
2026-03-28 22:42:41,603 | INFO | root | okx_gateway:place_exchange_stop:372 | Placing exchange stop QTUM-USDT-SWAP long payload={'instId': 'QTUM-USDT-SWAP', 'tdMode': 'isolated', 'side': 'sell', 'posSide': 'net', 'ordType': 'conditional', 'reduceOnly': 'true', 'closeFraction': '1', 'algoClOrdId': 'SLUSDTSWAP726961603', 'slTriggerPx': '0.826', 'slTriggerPxType': 'mark', 'slOrdPx': '-1'}
2026-03-28 22:42:50,152 | INFO | root | okx_gateway:amend_exchange_stop:395 | Amending exchange stop LINK-USDT-SWAP algo=3430062389641699328 payload=[{'instId': 'LINK-USDT-SWAP', 'algoId': '3430062389641699328', 'newSlTriggerPx': '8.596', 'newSlOrdPx': '-1', 'newSlTriggerPxType': 'mark'}]
2026-03-28 22:42:55,779 | INFO | root | okx_gateway:place_exchange_stop:372 | Placing exchange stop LINK-USDT-SWAP short payload={'instId': 'LINK-USDT-SWAP', 'tdMode': 'isolated', 'side': 'buy', 'posSide': 'net', 'ordType': 'conditional', 'reduceOnly': 'true', 'closeFraction': '1', 'algoClOrdId': 'SLUSDTSWAP726975779', 'slTriggerPx': '8.596', 'slTriggerPxType': 'mark', 'slOrdPx': '-1'}
2026-03-28 22:44:41,864 | WARNING | root | market_data_cache:_run:142 | Market-data worker temporary fetch failure for HBAR-USDT-SWAP: [WinError 10035] Операция на незаблокированном сокете не может быть завершена немедленно
2026-03-28 22:45:15,726 | INFO | root | okx_gateway:amend_exchange_stop:395 | Amending exchange stop TSLA-USDT-SWAP algo=3430086611109765120 payload=[{'instId': 'TSLA-USDT-SWAP', 'algoId': '3430086611109765120', 'newSlTriggerPx': '361.97', 'newSlOrdPx': '-1', 'newSlTriggerPxType': 'mark'}]
2026-03-28 22:45:20,651 | INFO | root | okx_gateway:place_exchange_stop:372 | Placing exchange stop TSLA-USDT-SWAP short payload={'instId': 'TSLA-USDT-SWAP', 'tdMode': 'isolated', 'side': 'buy', 'posSide': 'net', 'ordType': 'conditional', 'reduceOnly': 'true', 'closeFraction': '1', 'algoClOrdId': 'SLUSDTSWAP727120651', 'slTriggerPx': '361.97', 'slTriggerPxType': 'mark', 'slOrdPx': '-1'}
2026-03-28 22:48:20,238 | INFO | root | okx_gateway:amend_exchange_stop:395 | Amending exchange stop QTUM-USDT-SWAP algo=3430087100064948224 payload=[{'instId': 'QTUM-USDT-SWAP', 'algoId': '3430087100064948224', 'newSlTriggerPx': '0.827', 'newSlOrdPx': '-1', 'newSlTriggerPxType': 'mark'}]
2026-03-28 22:48:25,954 | INFO | root | okx_gateway:place_exchange_stop:372 | Placing exchange stop QTUM-USDT-SWAP long payload={'instId': 'QTUM-USDT-SWAP', 'tdMode': 'isolated', 'side': 'sell', 'posSide': 'net', 'ordType': 'conditional', 'reduceOnly': 'true', 'closeFraction': '1', 'algoClOrdId': 'SLUSDTSWAP727305954', 'slTriggerPx': '0.827', 'slTriggerPxType': 'mark', 'slOrdPx': '-1'}
2026-03-28 22:48:55,810 | WARNING | root | market_data_cache:_run:142 | Market-data worker temporary fetch failure for LPT-USDT-SWAP: [WinError 10035] Операция на незаблокированном сокете не может быть завершена немедленно
2026-03-28 22:51:12,326 | WARNING | root | market_data_cache:_run:142 | Market-data worker temporary fetch failure for BAND-USDT-SWAP: [WinError 10035] Операция на незаблокированном сокете не может быть завершена немедленно
2026-03-28 22:51:17,841 | INFO | root | okx_gateway:amend_exchange_stop:395 | Amending exchange stop TSLA-USDT-SWAP algo=3430092436863803392 payload=[{'instId': 'TSLA-USDT-SWAP', 'algoId': '3430092436863803392', 'newSlTriggerPx': '361.89', 'newSlOrdPx': '-1', 'newSlTriggerPxType': 'mark'}]
2026-03-28 22:51:20,298 | INFO | root | okx_gateway:place_exchange_stop:372 | Placing exchange stop TSLA-USDT-SWAP short payload={'instId': 'TSLA-USDT-SWAP', 'tdMode': 'isolated', 'side': 'buy', 'posSide': 'net', 'ordType': 'conditional', 'reduceOnly': 'true', 'closeFraction': '1', 'algoClOrdId': 'SLUSDTSWAP727480298', 'slTriggerPx': '361.89', 'slTriggerPxType': 'mark', 'slOrdPx': '-1'}
2026-03-28 22:51:25,281 | INFO | root | okx_gateway:amend_exchange_stop:395 | Amending exchange stop QTUM-USDT-SWAP algo=3430098654768488448 payload=[{'instId': 'QTUM-USDT-SWAP', 'algoId': '3430098654768488448', 'newSlTriggerPx': '0.826', 'newSlOrdPx': '-1', 'newSlTriggerPxType': 'mark'}]
2026-03-28 22:51:28,017 | INFO | root | okx_gateway:place_exchange_stop:372 | Placing exchange stop QTUM-USDT-SWAP long payload={'instId': 'QTUM-USDT-SWAP', 'tdMode': 'isolated', 'side': 'sell', 'posSide': 'net', 'ordType': 'conditional', 'reduceOnly': 'true', 'closeFraction': '1', 'algoClOrdId': 'SLUSDTSWAP727488017', 'slTriggerPx': '0.826', 'slTriggerPxType': 'mark', 'slOrdPx': '-1'}
2026-03-28 22:51:40,588 | INFO | root | okx_gateway:amend_exchange_stop:395 | Amending exchange stop INJ-USDT-SWAP algo=3430082189474488320 payload=[{'instId': 'INJ-USDT-SWAP', 'algoId': '3430082189474488320', 'newSlTriggerPx': '2.882', 'newSlOrdPx': '-1', 'newSlTriggerPxType': 'mark'}]
2026-03-28 22:51:43,197 | INFO | root | okx_gateway:place_exchange_stop:372 | Placing exchange stop INJ-USDT-SWAP short payload={'instId': 'INJ-USDT-SWAP', 'tdMode': 'isolated', 'side': 'buy', 'posSide': 'net', 'ordType': 'conditional', 'reduceOnly': 'true', 'closeFraction': '1', 'algoClOrdId': 'SLUSDTSWAP727503197', 'slTriggerPx': '2.882', 'slTriggerPxType': 'mark', 'slOrdPx': '-1'}
2026-03-28 22:53:01,260 | WARNING | root | market_data_cache:_run:142 | Market-data worker temporary fetch failure for RAVE-USDT-SWAP: [WinError 10035] Операция на незаблокированном сокете не может быть завершена немедленно
2026-03-28 22:53:49,578 | WARNING | root | market_data_cache:_run:142 | Market-data worker temporary fetch failure for BRETT-USDT-SWAP: [WinError 10035] Операция на незаблокированном сокете не может быть завершена немедленно
2026-03-28 22:54:22,800 | INFO | root | okx_gateway:amend_exchange_stop:395 | Amending exchange stop INJ-USDT-SWAP algo=3430105270997835776 payload=[{'instId': 'INJ-USDT-SWAP', 'algoId': '3430105270997835776', 'newSlTriggerPx': '2.883', 'newSlOrdPx': '-1', 'newSlTriggerPxType': 'mark'}]
2026-03-28 22:54:28,553 | INFO | root | okx_gateway:place_exchange_stop:372 | Placing exchange stop INJ-USDT-SWAP short payload={'instId': 'INJ-USDT-SWAP', 'tdMode': 'isolated', 'side': 'buy', 'posSide': 'net', 'ordType': 'conditional', 'reduceOnly': 'true', 'closeFraction': '1', 'algoClOrdId': 'SLUSDTSWAP727668553', 'slTriggerPx': '2.883', 'slTriggerPxType': 'mark', 'slOrdPx': '-1'}
2026-03-28 22:55:31,013 | WARNING | root | market_data_cache:_run:142 | Market-data worker temporary fetch failure for EOS-USDT-SWAP: [WinError 10035] Операция на незаблокированном сокете не может быть завершена немедленно
2026-03-28 22:55:40,077 | WARNING | root | market_data_cache:_run:142 | Market-data worker temporary fetch failure for HBAR-USDT-SWAP: [WinError 10035] Операция на незаблокированном сокете не может быть завершена немедленно
2026-03-28 22:57:16,912 | INFO | root | okx_gateway:place_market_order:596 | Placing order MET-USDT-SWAP sell qty=1931.0 attached_stop=True attached_stop_px=0.1852
2026-03-28 22:57:19,252 | INFO | root | okx_gateway:place_market_order:596 | Placing order THETA-USDT-SWAP sell qty=1764.0 attached_stop=True attached_stop_px=0.1572
2026-03-28 22:57:27,460 | INFO | root | okx_gateway:amend_exchange_stop:395 | Amending exchange stop QTUM-USDT-SWAP algo=3430104761641558016 payload=[{'instId': 'QTUM-USDT-SWAP', 'algoId': '3430104761641558016', 'newSlTriggerPx': '0.827', 'newSlOrdPx': '-1', 'newSlTriggerPxType': 'mark'}]
2026-03-28 22:57:30,128 | INFO | root | okx_gateway:place_exchange_stop:372 | Placing exchange stop QTUM-USDT-SWAP long payload={'instId': 'QTUM-USDT-SWAP', 'tdMode': 'isolated', 'side': 'sell', 'posSide': 'net', 'ordType': 'conditional', 'reduceOnly': 'true', 'closeFraction': '1', 'algoClOrdId': 'SLUSDTSWAP727850128', 'slTriggerPx': '0.827', 'slTriggerPxType': 'mark', 'slOrdPx': '-1'}
2026-03-28 22:57:38,127 | INFO | root | okx_gateway:amend_exchange_stop:395 | Amending exchange stop LIT-USDT-SWAP algo=3430081697331634176 payload=[{'instId': 'LIT-USDT-SWAP', 'algoId': '3430081697331634176', 'newSlTriggerPx': '0.872', 'newSlOrdPx': '-1', 'newSlTriggerPxType': 'mark'}]
2026-03-28 22:57:40,949 | INFO | root | okx_gateway:place_exchange_stop:372 | Placing exchange stop LIT-USDT-SWAP short payload={'instId': 'LIT-USDT-SWAP', 'tdMode': 'isolated', 'side': 'buy', 'posSide': 'net', 'ordType': 'conditional', 'reduceOnly': 'true', 'closeFraction': '1', 'algoClOrdId': 'SLUSDTSWAP727860949', 'slTriggerPx': '0.872', 'slTriggerPxType': 'mark', 'slOrdPx': '-1'}
2026-03-28 22:57:45,830 | INFO | root | okx_gateway:place_market_order:596 | Placing order LIT-USDT-SWAP sell qty=322.0 attached_stop=False attached_stop_px=
2026-03-28 22:57:48,520 | INFO | root | okx_gateway:amend_exchange_stop:395 | Amending exchange stop INJ-USDT-SWAP algo=3430110821605531648 payload=[{'instId': 'INJ-USDT-SWAP', 'algoId': '3430110821605531648', 'newSlTriggerPx': '2.885', 'newSlOrdPx': '-1', 'newSlTriggerPxType': 'mark'}]
2026-03-28 22:57:50,958 | INFO | root | okx_gateway:place_exchange_stop:372 | Placing exchange stop INJ-USDT-SWAP short payload={'instId': 'INJ-USDT-SWAP', 'tdMode': 'isolated', 'side': 'buy', 'posSide': 'net', 'ordType': 'conditional', 'reduceOnly': 'true', 'closeFraction': '1', 'algoClOrdId': 'SLUSDTSWAP727870958', 'slTriggerPx': '2.885', 'slTriggerPxType': 'mark', 'slOrdPx': '-1'}
2026-03-28 22:58:10,258 | INFO | root | okx_gateway:place_exchange_stop:372 | Placing exchange stop MET-USDT-SWAP short payload={'instId': 'MET-USDT-SWAP', 'tdMode': 'isolated', 'side': 'buy', 'posSide': 'net', 'ordType': 'conditional', 'reduceOnly': 'true', 'closeFraction': '1', 'algoClOrdId': 'SLUSDTSWAP727890258', 'slTriggerPx': '0.1852', 'slTriggerPxType': 'mark', 'slOrdPx': '-1'}
2026-03-28 22:58:11,223 | INFO | root | okx_gateway:close_position:428 | Closing position MET-USDT-SWAP. Синхронизация: позиция отсутствует на бирже
2026-03-28 23:00:56,011 | INFO | root | okx_gateway:amend_exchange_stop:395 | Amending exchange stop TSLA-USDT-SWAP algo=3430104502467125248 payload=[{'instId': 'TSLA-USDT-SWAP', 'algoId': '3430104502467125248', 'newSlTriggerPx': '361.93', 'newSlOrdPx': '-1', 'newSlTriggerPxType': 'mark'}]
2026-03-28 23:00:58,703 | INFO | root | okx_gateway:place_exchange_stop:372 | Placing exchange stop TSLA-USDT-SWAP short payload={'instId': 'TSLA-USDT-SWAP', 'tdMode': 'isolated', 'side': 'buy', 'posSide': 'net', 'ordType': 'conditional', 'reduceOnly': 'true', 'closeFraction': '1', 'algoClOrdId': 'SLUSDTSWAP728058703', 'slTriggerPx': '361.93', 'slTriggerPxType': 'mark', 'slOrdPx': '-1'}
2026-03-28 23:01:09,578 | INFO | root | okx_gateway:place_exchange_stop:372 | Placing exchange stop LINK-USDT-SWAP short payload={'instId': 'LINK-USDT-SWAP', 'tdMode': 'isolated', 'side': 'buy', 'posSide': 'net', 'ordType': 'conditional', 'reduceOnly': 'true', 'closeFraction': '1', 'algoClOrdId': 'SLUSDTSWAP728069578', 'slTriggerPx': '8.606', 'slTriggerPxType': 'mark', 'slOrdPx': '-1'}
2026-03-28 23:01:10,603 | INFO | root | okx_gateway:close_position:428 | Closing position LINK-USDT-SWAP. Синхронизация: позиция отсутствует на бирже
2026-03-28 23:01:13,631 | INFO | root | okx_gateway:amend_exchange_stop:395 | Amending exchange stop LIT-USDT-SWAP algo=3430117277008486400 payload=[{'instId': 'LIT-USDT-SWAP', 'algoId': '3430117277008486400', 'newSlTriggerPx': '0.873', 'newSlOrdPx': '-1', 'newSlTriggerPxType': 'mark'}]
2026-03-28 23:01:16,230 | INFO | root | okx_gateway:place_exchange_stop:372 | Placing exchange stop LIT-USDT-SWAP short payload={'instId': 'LIT-USDT-SWAP', 'tdMode': 'isolated', 'side': 'buy', 'posSide': 'net', 'ordType': 'conditional', 'reduceOnly': 'true', 'closeFraction': '1', 'algoClOrdId': 'SLUSDTSWAP728076230', 'slTriggerPx': '0.873', 'slTriggerPxType': 'mark', 'slOrdPx': '-1'}
2026-03-28 23:01:20,951 | INFO | root | okx_gateway:place_market_order:596 | Placing order LIT-USDT-SWAP sell qty=322.0 attached_stop=False attached_stop_px=
2026-03-28 23:01:23,935 | INFO | root | okx_gateway:amend_exchange_stop:395 | Amending exchange stop INJ-USDT-SWAP algo=3430117610908639232 payload=[{'instId': 'INJ-USDT-SWAP', 'algoId': '3430117610908639232', 'newSlTriggerPx': '2.887', 'newSlOrdPx': '-1', 'newSlTriggerPxType': 'mark'}]
2026-03-28 23:01:26,444 | INFO | root | okx_gateway:place_exchange_stop:372 | Placing exchange stop INJ-USDT-SWAP short payload={'instId': 'INJ-USDT-SWAP', 'tdMode': 'isolated', 'side': 'buy', 'posSide': 'net', 'ordType': 'conditional', 'reduceOnly': 'true', 'closeFraction': '1', 'algoClOrdId': 'SLUSDTSWAP728086444', 'slTriggerPx': '2.887', 'slTriggerPxType': 'mark', 'slOrdPx': '-1'}
2026-03-28 23:04:02,068 | WARNING | root | market_data_cache:_run:142 | Market-data worker temporary fetch failure for DOT-USDT-SWAP: [WinError 10035] Операция на незаблокированном сокете не может быть завершена немедленно
2026-03-28 23:04:14,434 | INFO | root | okx_gateway:amend_exchange_stop:395 | Amending exchange stop TSLA-USDT-SWAP algo=3430123910686138368 payload=[{'instId': 'TSLA-USDT-SWAP', 'algoId': '3430123910686138368', 'newSlTriggerPx': '362.07', 'newSlOrdPx': '-1', 'newSlTriggerPxType': 'mark'}]
2026-03-28 23:04:16,890 | INFO | root | okx_gateway:place_exchange_stop:372 | Placing exchange stop TSLA-USDT-SWAP short payload={'instId': 'TSLA-USDT-SWAP', 'tdMode': 'isolated', 'side': 'buy', 'posSide': 'net', 'ordType': 'conditional', 'reduceOnly': 'true', 'closeFraction': '1', 'algoClOrdId': 'SLUSDTSWAP728256890', 'slTriggerPx': '362.07', 'slTriggerPxType': 'mark', 'slOrdPx': '-1'}
2026-03-28 23:04:23,750 | INFO | root | okx_gateway:amend_exchange_stop:395 | Amending exchange stop QTUM-USDT-SWAP algo=3430116911936266240 payload=[{'instId': 'QTUM-USDT-SWAP', 'algoId': '3430116911936266240', 'newSlTriggerPx': '0.829', 'newSlOrdPx': '-1', 'newSlTriggerPxType': 'mark'}]
2026-03-28 23:04:26,294 | INFO | root | okx_gateway:place_exchange_stop:372 | Placing exchange stop QTUM-USDT-SWAP long payload={'instId': 'QTUM-USDT-SWAP', 'tdMode': 'isolated', 'side': 'sell', 'posSide': 'net', 'ordType': 'conditional', 'reduceOnly': 'true', 'closeFraction': '1', 'algoClOrdId': 'SLUSDTSWAP728266294', 'slTriggerPx': '0.829', 'slTriggerPxType': 'mark', 'slOrdPx': '-1'}
2026-03-28 23:04:32,685 | INFO | root | okx_gateway:amend_exchange_stop:395 | Amending exchange stop LIT-USDT-SWAP algo=3430124498626895872 payload=[{'instId': 'LIT-USDT-SWAP', 'algoId': '3430124498626895872', 'newSlTriggerPx': '0.874', 'newSlOrdPx': '-1', 'newSlTriggerPxType': 'mark'}]
2026-03-28 23:04:36,254 | INFO | root | okx_gateway:place_exchange_stop:372 | Placing exchange stop LIT-USDT-SWAP short payload={'instId': 'LIT-USDT-SWAP', 'tdMode': 'isolated', 'side': 'buy', 'posSide': 'net', 'ordType': 'conditional', 'reduceOnly': 'true', 'closeFraction': '1', 'algoClOrdId': 'SLUSDTSWAP728276254', 'slTriggerPx': '0.874', 'slTriggerPxType': 'mark', 'slOrdPx': '-1'}
2026-03-28 23:04:49,181 | INFO | root | okx_gateway:place_exchange_stop:372 | Placing exchange stop INJ-USDT-SWAP short payload={'instId': 'INJ-USDT-SWAP', 'tdMode': 'isolated', 'side': 'buy', 'posSide': 'net', 'ordType': 'conditional', 'reduceOnly': 'true', 'closeFraction': '1', 'algoClOrdId': 'SLUSDTSWAP728289181', 'slTriggerPx': '2.895', 'slTriggerPxType': 'mark', 'slOrdPx': '-1'}
2026-03-28 23:04:50,138 | INFO | root | okx_gateway:close_position:428 | Closing position INJ-USDT-SWAP. Синхронизация: позиция отсутствует на бирже
2026-03-28 23:06:07,312 | WARNING | root | market_data_cache:_run:142 | Market-data worker temporary fetch failure for SUI-USDT-SWAP: [WinError 10035] Операция на незаблокированном сокете не может быть завершена немедленно
2026-03-28 23:07:15,705 | INFO | root | okx_gateway:place_market_order:596 | Placing order CHZ-USDT-SWAP buy qty=6480.0 attached_stop=True attached_stop_px=0.03906
2026-03-28 23:07:17,427 | INFO | root | okx_gateway:place_market_order:596 | Placing order LDO-USDT-SWAP buy qty=8551.0 attached_stop=True attached_stop_px=0.3095
2026-03-28 23:07:19,768 | INFO | root | okx_gateway:place_market_order:596 | Placing order LTC-USDT-SWAP buy qty=48.8 attached_stop=True attached_stop_px=54.06
2026-03-28 23:07:21,833 | INFO | root | okx_gateway:amend_exchange_stop:395 | Amending exchange stop TSLA-USDT-SWAP algo=3430130560402808832 payload=[{'instId': 'TSLA-USDT-SWAP', 'algoId': '3430130560402808832', 'newSlTriggerPx': '362.08', 'newSlOrdPx': '-1', 'newSlTriggerPxType': 'mark'}]
2026-03-28 23:07:27,369 | INFO | root | okx_gateway:place_exchange_stop:372 | Placing exchange stop TSLA-USDT-SWAP short payload={'instId': 'TSLA-USDT-SWAP', 'tdMode': 'isolated', 'side': 'buy', 'posSide': 'net', 'ordType': 'conditional', 'reduceOnly': 'true', 'closeFraction': '1', 'algoClOrdId': 'SLUSDTSWAP728447369', 'slTriggerPx': '362.08', 'slTriggerPxType': 'mark', 'slOrdPx': '-1'}
2026-03-28 23:08:09,179 | INFO | root | okx_gateway:amend_exchange_stop:395 | Amending exchange stop THETA-USDT-SWAP algo=3430116550722805760 payload=[{'instId': 'THETA-USDT-SWAP', 'algoId': '3430116550722805760', 'newSlTriggerPx': '0.1557', 'newSlOrdPx': '-1', 'newSlTriggerPxType': 'mark'}]
2026-03-28 23:08:14,619 | INFO | root | okx_gateway:place_exchange_stop:372 | Placing exchange stop THETA-USDT-SWAP short payload={'instId': 'THETA-USDT-SWAP', 'tdMode': 'isolated', 'side': 'buy', 'posSide': 'net', 'ordType': 'conditional', 'reduceOnly': 'true', 'closeFraction': '1', 'algoClOrdId': 'SLUSDTSWAP728494619', 'slTriggerPx': '0.1557', 'slTriggerPxType': 'mark', 'slOrdPx': '-1'}
2026-03-28 23:10:27,743 | INFO | root | okx_gateway:amend_exchange_stop:395 | Amending exchange stop TSLA-USDT-SWAP algo=3430136954334044160 payload=[{'instId': 'TSLA-USDT-SWAP', 'algoId': '3430136954334044160', 'newSlTriggerPx': '362.19', 'newSlOrdPx': '-1', 'newSlTriggerPxType': 'mark'}]
2026-03-28 23:10:33,242 | INFO | root | okx_gateway:place_exchange_stop:372 | Placing exchange stop TSLA-USDT-SWAP short payload={'instId': 'TSLA-USDT-SWAP', 'tdMode': 'isolated', 'side': 'buy', 'posSide': 'net', 'ordType': 'conditional', 'reduceOnly': 'true', 'closeFraction': '1', 'algoClOrdId': 'SLUSDTSWAP728633242', 'slTriggerPx': '362.19', 'slTriggerPxType': 'mark', 'slOrdPx': '-1'}
2026-03-28 23:11:24,424 | INFO | root | okx_gateway:amend_exchange_stop:395 | Amending exchange stop MET-USDT-SWAP algo=3430132218125967360 payload=[{'instId': 'MET-USDT-SWAP', 'algoId': '3430132218125967360', 'newSlTriggerPx': '0.1528', 'newSlOrdPx': '-1', 'newSlTriggerPxType': 'mark'}]
2026-03-28 23:11:29,928 | INFO | root | okx_gateway:place_exchange_stop:372 | Placing exchange stop MET-USDT-SWAP short payload={'instId': 'MET-USDT-SWAP', 'tdMode': 'isolated', 'side': 'buy', 'posSide': 'net', 'ordType': 'conditional', 'reduceOnly': 'true', 'closeFraction': '1', 'algoClOrdId': 'SLUSDTSWAP728689928', 'slTriggerPx': '0.1528', 'slTriggerPxType': 'mark', 'slOrdPx': '-1'}
2026-03-28 23:13:23,858 | INFO | root | okx_gateway:amend_exchange_stop:395 | Amending exchange stop TSLA-USDT-SWAP algo=3430143190861438976 payload=[{'instId': 'TSLA-USDT-SWAP', 'algoId': '3430143190861438976', 'newSlTriggerPx': '362.15', 'newSlOrdPx': '-1', 'newSlTriggerPxType': 'mark'}]
2026-03-28 23:13:29,330 | INFO | root | okx_gateway:place_exchange_stop:372 | Placing exchange stop TSLA-USDT-SWAP short payload={'instId': 'TSLA-USDT-SWAP', 'tdMode': 'isolated', 'side': 'buy', 'posSide': 'net', 'ordType': 'conditional', 'reduceOnly': 'true', 'closeFraction': '1', 'algoClOrdId': 'SLUSDTSWAP728809330', 'slTriggerPx': '362.15', 'slTriggerPxType': 'mark', 'slOrdPx': '-1'}
2026-03-28 23:13:38,057 | INFO | root | okx_gateway:amend_exchange_stop:395 | Amending exchange stop QTUM-USDT-SWAP algo=3430130876485558272 payload=[{'instId': 'QTUM-USDT-SWAP', 'algoId': '3430130876485558272', 'newSlTriggerPx': '0.828', 'newSlOrdPx': '-1', 'newSlTriggerPxType': 'mark'}]
2026-03-28 23:13:43,546 | INFO | root | okx_gateway:place_exchange_stop:372 | Placing exchange stop QTUM-USDT-SWAP long payload={'instId': 'QTUM-USDT-SWAP', 'tdMode': 'isolated', 'side': 'sell', 'posSide': 'net', 'ordType': 'conditional', 'reduceOnly': 'true', 'closeFraction': '1', 'algoClOrdId': 'SLUSDTSWAP728823545', 'slTriggerPx': '0.828', 'slTriggerPxType': 'mark', 'slOrdPx': '-1'}
2026-03-28 23:16:57,172 | INFO | root | okx_gateway:amend_exchange_stop:395 | Amending exchange stop LDO-USDT-SWAP algo=3430136621742514176 payload=[{'instId': 'LDO-USDT-SWAP', 'algoId': '3430136621742514176', 'newSlTriggerPx': '0.3128', 'newSlOrdPx': '-1', 'newSlTriggerPxType': 'mark'}]
2026-03-28 23:17:02,696 | INFO | root | okx_gateway:place_exchange_stop:372 | Placing exchange stop LDO-USDT-SWAP long payload={'instId': 'LDO-USDT-SWAP', 'tdMode': 'isolated', 'side': 'sell', 'posSide': 'net', 'ordType': 'conditional', 'reduceOnly': 'true', 'closeFraction': '1', 'algoClOrdId': 'SLUSDTSWAP729022696', 'slTriggerPx': '0.3128', 'slTriggerPxType': 'mark', 'slOrdPx': '-1'}
2026-03-28 23:17:06,863 | INFO | root | okx_gateway:amend_exchange_stop:395 | Amending exchange stop LTC-USDT-SWAP algo=3430136700897419264 payload=[{'instId': 'LTC-USDT-SWAP', 'algoId': '3430136700897419264', 'newSlTriggerPx': '54.13', 'newSlOrdPx': '-1', 'newSlTriggerPxType': 'mark'}]
2026-03-28 23:17:12,417 | INFO | root | okx_gateway:place_exchange_stop:372 | Placing exchange stop LTC-USDT-SWAP long payload={'instId': 'LTC-USDT-SWAP', 'tdMode': 'isolated', 'side': 'sell', 'posSide': 'net', 'ordType': 'conditional', 'reduceOnly': 'true', 'closeFraction': '1', 'algoClOrdId': 'SLUSDTSWAP729032417', 'slTriggerPx': '54.13', 'slTriggerPxType': 'mark', 'slOrdPx': '-1'}
2026-03-28 23:19:41,353 | INFO | root | okx_gateway:amend_exchange_stop:395 | Amending exchange stop THETA-USDT-SWAP algo=3430138539311194112 payload=[{'instId': 'THETA-USDT-SWAP', 'algoId': '3430138539311194112', 'newSlTriggerPx': '0.1554', 'newSlOrdPx': '-1', 'newSlTriggerPxType': 'mark'}]
2026-03-28 23:19:47,126 | INFO | root | okx_gateway:place_exchange_stop:372 | Placing exchange stop THETA-USDT-SWAP short payload={'instId': 'THETA-USDT-SWAP', 'tdMode': 'isolated', 'side': 'buy', 'posSide': 'net', 'ordType': 'conditional', 'reduceOnly': 'true', 'closeFraction': '1', 'algoClOrdId': 'SLUSDTSWAP729187126', 'slTriggerPx': '0.1554', 'slTriggerPxType': 'mark', 'slOrdPx': '-1'}
2026-03-28 23:20:02,460 | INFO | root | okx_gateway:place_exchange_stop:372 | Placing exchange stop LTC-USDT-SWAP long payload={'instId': 'LTC-USDT-SWAP', 'tdMode': 'isolated', 'side': 'sell', 'posSide': 'net', 'ordType': 'conditional', 'reduceOnly': 'true', 'closeFraction': '1', 'algoClOrdId': 'SLUSDTSWAP729202460', 'slTriggerPx': '54.1', 'slTriggerPxType': 'mark', 'slOrdPx': '-1'}
2026-03-28 23:20:03,555 | INFO | root | okx_gateway:close_position:428 | Closing position LTC-USDT-SWAP. Синхронизация: позиция отсутствует на бирже
2026-03-28 23:20:07,180 | INFO | root | okx_gateway:amend_exchange_stop:395 | Amending exchange stop MET-USDT-SWAP algo=3430145093062189056 payload=[{'instId': 'MET-USDT-SWAP', 'algoId': '3430145093062189056', 'newSlTriggerPx': '0.1502', 'newSlOrdPx': '-1', 'newSlTriggerPxType': 'mark'}]
2026-03-28 23:20:13,240 | INFO | root | okx_gateway:place_exchange_stop:372 | Placing exchange stop MET-USDT-SWAP short payload={'instId': 'MET-USDT-SWAP', 'tdMode': 'isolated', 'side': 'buy', 'posSide': 'net', 'ordType': 'conditional', 'reduceOnly': 'true', 'closeFraction': '1', 'algoClOrdId': 'SLUSDTSWAP729213240', 'slTriggerPx': '0.1502', 'slTriggerPxType': 'mark', 'slOrdPx': '-1'}
2026-03-28 23:22:21,732 | INFO | root | okx_gateway:amend_exchange_stop:395 | Amending exchange stop LIT-USDT-SWAP algo=3430131212264759296 payload=[{'instId': 'LIT-USDT-SWAP', 'algoId': '3430131212264759296', 'newSlTriggerPx': '0.873', 'newSlOrdPx': '-1', 'newSlTriggerPxType': 'mark'}]
2026-03-28 23:22:27,552 | INFO | root | okx_gateway:place_exchange_stop:372 | Placing exchange stop LIT-USDT-SWAP short payload={'instId': 'LIT-USDT-SWAP', 'tdMode': 'isolated', 'side': 'buy', 'posSide': 'net', 'ordType': 'conditional', 'reduceOnly': 'true', 'closeFraction': '1', 'algoClOrdId': 'SLUSDTSWAP729347552', 'slTriggerPx': '0.873', 'slTriggerPxType': 'mark', 'slOrdPx': '-1'}
2026-03-28 23:22:55,794 | INFO | root | okx_gateway:amend_exchange_stop:395 | Amending exchange stop THETA-USDT-SWAP algo=3430161775822462976 payload=[{'instId': 'THETA-USDT-SWAP', 'algoId': '3430161775822462976', 'newSlTriggerPx': '0.1553', 'newSlOrdPx': '-1', 'newSlTriggerPxType': 'mark'}]
2026-03-28 23:23:01,976 | INFO | root | okx_gateway:place_exchange_stop:372 | Placing exchange stop THETA-USDT-SWAP short payload={'instId': 'THETA-USDT-SWAP', 'tdMode': 'isolated', 'side': 'buy', 'posSide': 'net', 'ordType': 'conditional', 'reduceOnly': 'true', 'closeFraction': '1', 'algoClOrdId': 'SLUSDTSWAP729381976', 'slTriggerPx': '0.1553', 'slTriggerPxType': 'mark', 'slOrdPx': '-1'}
2026-03-28 23:23:25,606 | WARNING | root | market_data_cache:_run:142 | Market-data worker temporary fetch failure for DOGE-USDT-SWAP: [WinError 10035] Операция на незаблокированном сокете не может быть завершена немедленно
2026-03-28 23:24:56,908 | WARNING | root | market_data_cache:_run:142 | Market-data worker temporary fetch failure for CFX-USDT-SWAP: [WinError 10035] Операция на незаблокированном сокете не может быть завершена немедленно
2026-03-28 23:25:31,971 | INFO | root | okx_gateway:amend_exchange_stop:395 | Amending exchange stop QTUM-USDT-SWAP algo=3430149576236294144 payload=[{'instId': 'QTUM-USDT-SWAP', 'algoId': '3430149576236294144', 'newSlTriggerPx': '0.827', 'newSlOrdPx': '-1', 'newSlTriggerPxType': 'mark'}]
2026-03-28 23:25:34,729 | INFO | root | okx_gateway:place_exchange_stop:372 | Placing exchange stop QTUM-USDT-SWAP long payload={'instId': 'QTUM-USDT-SWAP', 'tdMode': 'isolated', 'side': 'sell', 'posSide': 'net', 'ordType': 'conditional', 'reduceOnly': 'true', 'closeFraction': '1', 'algoClOrdId': 'SLUSDTSWAP729534729', 'slTriggerPx': '0.827', 'slTriggerPxType': 'mark', 'slOrdPx': '-1'}
2026-03-28 23:25:40,544 | INFO | root | okx_gateway:amend_exchange_stop:395 | Amending exchange stop LIT-USDT-SWAP algo=3430167158557335552 payload=[{'instId': 'LIT-USDT-SWAP', 'algoId': '3430167158557335552', 'newSlTriggerPx': '0.872', 'newSlOrdPx': '-1', 'newSlTriggerPxType': 'mark'}]
2026-03-28 23:25:43,178 | INFO | root | okx_gateway:place_exchange_stop:372 | Placing exchange stop LIT-USDT-SWAP short payload={'instId': 'LIT-USDT-SWAP', 'tdMode': 'isolated', 'side': 'buy', 'posSide': 'net', 'ordType': 'conditional', 'reduceOnly': 'true', 'closeFraction': '1', 'algoClOrdId': 'SLUSDTSWAP729543178', 'slTriggerPx': '0.872', 'slTriggerPxType': 'mark', 'slOrdPx': '-1'}
2026-03-28 23:26:02,414 | WARNING | root | market_data_cache:_run:142 | Market-data worker temporary fetch failure for ETC-USDT-SWAP: [WinError 10035] Операция на незаблокированном сокете не может быть завершена немедленно
2026-03-28 23:26:03,787 | INFO | root | okx_gateway:amend_exchange_stop:395 | Amending exchange stop LDO-USDT-SWAP algo=3430156258936971264 payload=[{'instId': 'LDO-USDT-SWAP', 'algoId': '3430156258936971264', 'newSlTriggerPx': '0.3129', 'newSlOrdPx': '-1', 'newSlTriggerPxType': 'mark'}]
2026-03-28 23:26:06,446 | INFO | root | okx_gateway:place_exchange_stop:372 | Placing exchange stop LDO-USDT-SWAP long payload={'instId': 'LDO-USDT-SWAP', 'tdMode': 'isolated', 'side': 'sell', 'posSide': 'net', 'ordType': 'conditional', 'reduceOnly': 'true', 'closeFraction': '1', 'algoClOrdId': 'SLUSDTSWAP729566446', 'slTriggerPx': '0.3129', 'slTriggerPxType': 'mark', 'slOrdPx': '-1'}
2026-03-28 23:26:08,350 | INFO | root | okx_gateway:amend_exchange_stop:395 | Amending exchange stop LDO-USDT-SWAP algo=3430174503723163648 payload=[{'instId': 'LDO-USDT-SWAP', 'algoId': '3430174503723163648', 'newSlTriggerPx': '0.313', 'newSlOrdPx': '-1', 'newSlTriggerPxType': 'mark'}]
2026-03-28 23:26:11,096 | INFO | root | okx_gateway:place_exchange_stop:372 | Placing exchange stop LDO-USDT-SWAP long payload={'instId': 'LDO-USDT-SWAP', 'tdMode': 'isolated', 'side': 'sell', 'posSide': 'net', 'ordType': 'conditional', 'reduceOnly': 'true', 'closeFraction': '1', 'algoClOrdId': 'SLUSDTSWAP729571096', 'slTriggerPx': '0.313', 'slTriggerPxType': 'mark', 'slOrdPx': '-1'}
2026-03-28 23:28:10,095 | INFO | root | okx_gateway:place_market_order:596 | Placing order DOT-USDT-SWAP buy qty=2065.3 attached_stop=True attached_stop_px=1.277
2026-03-28 23:28:16,615 | INFO | root | okx_gateway:amend_exchange_stop:395 | Amending exchange stop QTUM-USDT-SWAP algo=3430173437564641280 payload=[{'instId': 'QTUM-USDT-SWAP', 'algoId': '3430173437564641280', 'newSlTriggerPx': '0.826', 'newSlOrdPx': '-1', 'newSlTriggerPxType': 'mark'}]
2026-03-28 23:28:19,050 | INFO | root | okx_gateway:place_exchange_stop:372 | Placing exchange stop QTUM-USDT-SWAP long payload={'instId': 'QTUM-USDT-SWAP', 'tdMode': 'isolated', 'side': 'sell', 'posSide': 'net', 'ordType': 'conditional', 'reduceOnly': 'true', 'closeFraction': '1', 'algoClOrdId': 'SLUSDTSWAP729699049', 'slTriggerPx': '0.826', 'slTriggerPxType': 'mark', 'slOrdPx': '-1'}
2026-03-28 23:30:45,981 | INFO | root | okx_gateway:amend_exchange_stop:395 | Amending exchange stop QTUM-USDT-SWAP algo=3430178950994026496 payload=[{'instId': 'QTUM-USDT-SWAP', 'algoId': '3430178950994026496', 'newSlTriggerPx': '0.828', 'newSlOrdPx': '-1', 'newSlTriggerPxType': 'mark'}]
2026-03-28 23:30:51,471 | INFO | root | okx_gateway:place_exchange_stop:372 | Placing exchange stop QTUM-USDT-SWAP long payload={'instId': 'QTUM-USDT-SWAP', 'tdMode': 'isolated', 'side': 'sell', 'posSide': 'net', 'ordType': 'conditional', 'reduceOnly': 'true', 'closeFraction': '1', 'algoClOrdId': 'SLUSDTSWAP729851471', 'slTriggerPx': '0.828', 'slTriggerPxType': 'mark', 'slOrdPx': '-1'}
2026-03-28 23:31:32,966 | INFO | root | okx_gateway:amend_exchange_stop:395 | Amending exchange stop LDO-USDT-SWAP algo=3430174657704452096 payload=[{'instId': 'LDO-USDT-SWAP', 'algoId': '3430174657704452096', 'newSlTriggerPx': '0.3129', 'newSlOrdPx': '-1', 'newSlTriggerPxType': 'mark'}]
2026-03-28 23:31:38,467 | INFO | root | okx_gateway:place_exchange_stop:372 | Placing exchange stop LDO-USDT-SWAP long payload={'instId': 'LDO-USDT-SWAP', 'tdMode': 'isolated', 'side': 'sell', 'posSide': 'net', 'ordType': 'conditional', 'reduceOnly': 'true', 'closeFraction': '1', 'algoClOrdId': 'SLUSDTSWAP729898467', 'slTriggerPx': '0.3129', 'slTriggerPxType': 'mark', 'slOrdPx': '-1'}
2026-03-28 23:31:42,964 | INFO | root | okx_gateway:amend_exchange_stop:395 | Amending exchange stop MET-USDT-SWAP algo=3430162652130009088 payload=[{'instId': 'MET-USDT-SWAP', 'algoId': '3430162652130009088', 'newSlTriggerPx': '0.1469', 'newSlOrdPx': '-1', 'newSlTriggerPxType': 'mark'}]
2026-03-28 23:31:48,460 | INFO | root | okx_gateway:place_exchange_stop:372 | Placing exchange stop MET-USDT-SWAP short payload={'instId': 'MET-USDT-SWAP', 'tdMode': 'isolated', 'side': 'buy', 'posSide': 'net', 'ordType': 'conditional', 'reduceOnly': 'true', 'closeFraction': '1', 'algoClOrdId': 'SLUSDTSWAP729908460', 'slTriggerPx': '0.1469', 'slTriggerPxType': 'mark', 'slOrdPx': '-1'}
2026-03-28 23:33:32,724 | WARNING | root | market_data_cache:_run:142 | Market-data worker temporary fetch failure for AKITA-USDT-SWAP: [WinError 10035] Операция на незаблокированном сокете не может быть завершена немедленно
2026-03-28 23:34:31,336 | INFO | root | okx_gateway:place_exchange_stop:372 | Placing exchange stop LDO-USDT-SWAP long payload={'instId': 'LDO-USDT-SWAP', 'tdMode': 'isolated', 'side': 'sell', 'posSide': 'net', 'ordType': 'conditional', 'reduceOnly': 'true', 'closeFraction': '1', 'algoClOrdId': 'SLUSDTSWAP730071336', 'slTriggerPx': '0.312', 'slTriggerPxType': 'mark', 'slOrdPx': '-1'}
2026-03-28 23:34:32,412 | INFO | root | okx_gateway:close_position:428 | Closing position LDO-USDT-SWAP. Синхронизация: позиция отсутствует на бирже
2026-03-28 23:36:34,585 | WARNING | root | market_data_cache:_run:142 | Market-data worker temporary fetch failure for AUCTION-USDT-SWAP: [WinError 10035] Операция на незаблокированном сокете не может быть завершена немедленно
2026-03-28 23:37:14,205 | INFO | root | okx_gateway:place_exchange_stop:372 | Placing exchange stop QTUM-USDT-SWAP long payload={'instId': 'QTUM-USDT-SWAP', 'tdMode': 'isolated', 'side': 'sell', 'posSide': 'net', 'ordType': 'conditional', 'reduceOnly': 'true', 'closeFraction': '1', 'algoClOrdId': 'SLUSDTSWAP730234205', 'slTriggerPx': '0.825', 'slTriggerPxType': 'mark', 'slOrdPx': '-1'}
2026-03-28 23:37:15,281 | INFO | root | okx_gateway:close_position:428 | Closing position QTUM-USDT-SWAP. Синхронизация: позиция отсутствует на бирже
2026-03-28 23:37:45,134 | INFO | root | okx_gateway:amend_exchange_stop:395 | Amending exchange stop THETA-USDT-SWAP algo=3430168313869983744 payload=[{'instId': 'THETA-USDT-SWAP', 'algoId': '3430168313869983744', 'newSlTriggerPx': '0.1552', 'newSlOrdPx': '-1', 'newSlTriggerPxType': 'mark'}]
2026-03-28 23:37:50,826 | INFO | root | okx_gateway:place_exchange_stop:372 | Placing exchange stop THETA-USDT-SWAP short payload={'instId': 'THETA-USDT-SWAP', 'tdMode': 'isolated', 'side': 'buy', 'posSide': 'net', 'ordType': 'conditional', 'reduceOnly': 'true', 'closeFraction': '1', 'algoClOrdId': 'SLUSDTSWAP730270826', 'slTriggerPx': '0.1552', 'slTriggerPxType': 'mark', 'slOrdPx': '-1'}
2026-03-28 23:37:58,015 | INFO | root | okx_gateway:amend_exchange_stop:395 | Amending exchange stop THETA-USDT-SWAP algo=3430198138491985920 payload=[{'instId': 'THETA-USDT-SWAP', 'algoId': '3430198138491985920', 'newSlTriggerPx': '0.1553', 'newSlOrdPx': '-1', 'newSlTriggerPxType': 'mark'}]
2026-03-28 23:38:03,519 | INFO | root | okx_gateway:place_exchange_stop:372 | Placing exchange stop THETA-USDT-SWAP short payload={'instId': 'THETA-USDT-SWAP', 'tdMode': 'isolated', 'side': 'buy', 'posSide': 'net', 'ordType': 'conditional', 'reduceOnly': 'true', 'closeFraction': '1', 'algoClOrdId': 'SLUSDTSWAP730283519', 'slTriggerPx': '0.1553', 'slTriggerPxType': 'mark', 'slOrdPx': '-1'}
2026-03-28 23:38:09,009 | INFO | root | okx_gateway:amend_exchange_stop:395 | Amending exchange stop DOT-USDT-SWAP algo=3430178657224974336 payload=[{'instId': 'DOT-USDT-SWAP', 'algoId': '3430178657224974336', 'newSlTriggerPx': '1.281', 'newSlOrdPx': '-1', 'newSlTriggerPxType': 'mark'}]
2026-03-28 23:38:14,549 | INFO | root | okx_gateway:place_exchange_stop:372 | Placing exchange stop DOT-USDT-SWAP long payload={'instId': 'DOT-USDT-SWAP', 'tdMode': 'isolated', 'side': 'sell', 'posSide': 'net', 'ordType': 'conditional', 'reduceOnly': 'true', 'closeFraction': '1', 'algoClOrdId': 'SLUSDTSWAP730294549', 'slTriggerPx': '1.281', 'slTriggerPxType': 'mark', 'slOrdPx': '-1'}
2026-03-28 23:40:43,305 | INFO | root | okx_gateway:amend_exchange_stop:395 | Amending exchange stop THETA-USDT-SWAP algo=3430198564599717888 payload=[{'instId': 'THETA-USDT-SWAP', 'algoId': '3430198564599717888', 'newSlTriggerPx': '0.155', 'newSlOrdPx': '-1', 'newSlTriggerPxType': 'mark'}]
2026-03-28 23:40:48,936 | INFO | root | okx_gateway:place_exchange_stop:372 | Placing exchange stop THETA-USDT-SWAP short payload={'instId': 'THETA-USDT-SWAP', 'tdMode': 'isolated', 'side': 'buy', 'posSide': 'net', 'ordType': 'conditional', 'reduceOnly': 'true', 'closeFraction': '1', 'algoClOrdId': 'SLUSDTSWAP730448936', 'slTriggerPx': '0.155', 'slTriggerPxType': 'mark', 'slOrdPx': '-1'}
2026-03-28 23:40:55,934 | INFO | root | okx_gateway:place_market_order:596 | Placing order THETA-USDT-SWAP sell qty=1764.0 attached_stop=False attached_stop_px=
2026-03-28 23:40:59,164 | INFO | root | okx_gateway:amend_exchange_stop:395 | Amending exchange stop MET-USDT-SWAP algo=3430185979909332992 payload=[{'instId': 'MET-USDT-SWAP', 'algoId': '3430185979909332992', 'newSlTriggerPx': '0.1457', 'newSlOrdPx': '-1', 'newSlTriggerPxType': 'mark'}]
2026-03-28 23:41:04,806 | INFO | root | okx_gateway:place_exchange_stop:372 | Placing exchange stop MET-USDT-SWAP short payload={'instId': 'MET-USDT-SWAP', 'tdMode': 'isolated', 'side': 'buy', 'posSide': 'net', 'ordType': 'conditional', 'reduceOnly': 'true', 'closeFraction': '1', 'algoClOrdId': 'SLUSDTSWAP730464806', 'slTriggerPx': '0.1457', 'slTriggerPxType': 'mark', 'slOrdPx': '-1'}
2026-03-28 23:41:56,675 | WARNING | root | market_data_cache:_run:142 | Market-data worker temporary fetch failure for XRP-USDT-SWAP: [WinError 10035] Операция на незаблокированном сокете не может быть завершена немедленно
2026-03-28 23:43:43,206 | INFO | root | okx_gateway:amend_exchange_stop:395 | Amending exchange stop LIT-USDT-SWAP algo=3430173720831156224 payload=[{'instId': 'LIT-USDT-SWAP', 'algoId': '3430173720831156224', 'newSlTriggerPx': '0.871', 'newSlOrdPx': '-1', 'newSlTriggerPxType': 'mark'}]
2026-03-28 23:43:48,976 | INFO | root | okx_gateway:place_exchange_stop:372 | Placing exchange stop LIT-USDT-SWAP short payload={'instId': 'LIT-USDT-SWAP', 'tdMode': 'isolated', 'side': 'buy', 'posSide': 'net', 'ordType': 'conditional', 'reduceOnly': 'true', 'closeFraction': '1', 'algoClOrdId': 'SLUSDTSWAP730628976', 'slTriggerPx': '0.871', 'slTriggerPxType': 'mark', 'slOrdPx': '-1'}
2026-03-28 23:44:12,359 | INFO | root | okx_gateway:place_exchange_stop:372 | Placing exchange stop DOT-USDT-SWAP long payload={'instId': 'DOT-USDT-SWAP', 'tdMode': 'isolated', 'side': 'sell', 'posSide': 'net', 'ordType': 'conditional', 'reduceOnly': 'true', 'closeFraction': '1', 'algoClOrdId': 'SLUSDTSWAP730652359', 'slTriggerPx': '1.278', 'slTriggerPxType': 'mark', 'slOrdPx': '-1'}
2026-03-28 23:44:13,440 | INFO | root | okx_gateway:close_position:428 | Closing position DOT-USDT-SWAP. Синхронизация: позиция отсутствует на бирже
2026-03-28 23:47:10,523 | INFO | root | okx_gateway:amend_exchange_stop:395 | Amending exchange stop THETA-USDT-SWAP algo=3430204115408740352 payload=[{'instId': 'THETA-USDT-SWAP', 'algoId': '3430204115408740352', 'newSlTriggerPx': '0.1548', 'newSlOrdPx': '-1', 'newSlTriggerPxType': 'mark'}]
2026-03-28 23:47:16,548 | INFO | root | okx_gateway:place_exchange_stop:372 | Placing exchange stop THETA-USDT-SWAP short payload={'instId': 'THETA-USDT-SWAP', 'tdMode': 'isolated', 'side': 'buy', 'posSide': 'net', 'ordType': 'conditional', 'reduceOnly': 'true', 'closeFraction': '1', 'algoClOrdId': 'SLUSDTSWAP730836548', 'slTriggerPx': '0.1548', 'slTriggerPxType': 'mark', 'slOrdPx': '-1'}
2026-03-28 23:47:19,031 | INFO | root | okx_gateway:place_market_order:596 | Placing order THETA-USDT-SWAP sell qty=1764.0 attached_stop=False attached_stop_px=
2026-03-28 23:48:36,892 | WARNING | root | market_data_cache:_run:142 | Market-data worker temporary fetch failure for NEO-USDT-SWAP: [WinError 10035] Операция на незаблокированном сокете не может быть завершена немедленно
2026-03-28 23:50:08,818 | INFO | root | okx_gateway:amend_exchange_stop:395 | Amending exchange stop LIT-USDT-SWAP algo=3430210156984885248 payload=[{'instId': 'LIT-USDT-SWAP', 'algoId': '3430210156984885248', 'newSlTriggerPx': '0.872', 'newSlOrdPx': '-1', 'newSlTriggerPxType': 'mark'}]
2026-03-28 23:50:14,566 | INFO | root | okx_gateway:place_exchange_stop:372 | Placing exchange stop LIT-USDT-SWAP short payload={'instId': 'LIT-USDT-SWAP', 'tdMode': 'isolated', 'side': 'buy', 'posSide': 'net', 'ordType': 'conditional', 'reduceOnly': 'true', 'closeFraction': '1', 'algoClOrdId': 'SLUSDTSWAP731014566', 'slTriggerPx': '0.872', 'slTriggerPxType': 'mark', 'slOrdPx': '-1'}
2026-03-28 23:50:48,674 | INFO | root | okx_gateway:amend_exchange_stop:395 | Amending exchange stop THETA-USDT-SWAP algo=3430217122247434240 payload=[{'instId': 'THETA-USDT-SWAP', 'algoId': '3430217122247434240', 'newSlTriggerPx': '0.1546', 'newSlOrdPx': '-1', 'newSlTriggerPxType': 'mark'}]
2026-03-28 23:50:54,440 | INFO | root | okx_gateway:place_exchange_stop:372 | Placing exchange stop THETA-USDT-SWAP short payload={'instId': 'THETA-USDT-SWAP', 'tdMode': 'isolated', 'side': 'buy', 'posSide': 'net', 'ordType': 'conditional', 'reduceOnly': 'true', 'closeFraction': '1', 'algoClOrdId': 'SLUSDTSWAP731054440', 'slTriggerPx': '0.1546', 'slTriggerPxType': 'mark', 'slOrdPx': '-1'}
2026-03-28 23:50:56,897 | INFO | root | okx_gateway:place_market_order:596 | Placing order THETA-USDT-SWAP sell qty=1764.0 attached_stop=False attached_stop_px=
2026-03-28 23:53:44,070 | INFO | root | okx_gateway:amend_exchange_stop:395 | Amending exchange stop LIT-USDT-SWAP algo=3430223096580497408 payload=[{'instId': 'LIT-USDT-SWAP', 'algoId': '3430223096580497408', 'newSlTriggerPx': '0.873', 'newSlOrdPx': '-1', 'newSlTriggerPxType': 'mark'}]
2026-03-28 23:53:49,796 | INFO | root | okx_gateway:place_exchange_stop:372 | Placing exchange stop LIT-USDT-SWAP short payload={'instId': 'LIT-USDT-SWAP', 'tdMode': 'isolated', 'side': 'buy', 'posSide': 'net', 'ordType': 'conditional', 'reduceOnly': 'true', 'closeFraction': '1', 'algoClOrdId': 'SLUSDTSWAP731229796', 'slTriggerPx': '0.873', 'slTriggerPxType': 'mark', 'slOrdPx': '-1'}
2026-03-28 23:54:08,795 | INFO | root | okx_gateway:amend_exchange_stop:395 | Amending exchange stop THETA-USDT-SWAP algo=3430224434093711360 payload=[{'instId': 'THETA-USDT-SWAP', 'algoId': '3430224434093711360', 'newSlTriggerPx': '0.1548', 'newSlOrdPx': '-1', 'newSlTriggerPxType': 'mark'}]
2026-03-28 23:54:14,525 | INFO | root | okx_gateway:place_exchange_stop:372 | Placing exchange stop THETA-USDT-SWAP short payload={'instId': 'THETA-USDT-SWAP', 'tdMode': 'isolated', 'side': 'buy', 'posSide': 'net', 'ordType': 'conditional', 'reduceOnly': 'true', 'closeFraction': '1', 'algoClOrdId': 'SLUSDTSWAP731254525', 'slTriggerPx': '0.1548', 'slTriggerPxType': 'mark', 'slOrdPx': '-1'}
2026-03-28 23:54:41,866 | WARNING | root | market_data_cache:_run:142 | Market-data worker temporary fetch failure for ADA-USDT-SWAP: [WinError 10035] Операция на незаблокированном сокете не может быть завершена немедленно
2026-03-28 23:56:02,854 | WARNING | root | market_data_cache:_run:142 | Market-data worker temporary fetch failure for YGG-USDT-SWAP: [WinError 10035] Операция на незаблокированном сокете не может быть завершена немедленно
2026-03-28 23:58:34,842 | ERROR | root | market_data_cache:_run:146 | Market-data worker fetch failed for ASP-USDT-SWAP: <ConnectionTerminated error_code:1, last_stream_id:1433, additional_data:None>
2026-03-28 23:58:36,215 | WARNING | root | market_data_cache:_run:142 | Market-data worker temporary fetch failure for ATOM-USDT-SWAP: [WinError 10035] Операция на незаблокированном сокете не может быть завершена немедленно
2026-03-28 23:59:26,613 | WARNING | root | okx_ws_manager:_on_private_error:424 | Private WS error: Connection to remote host was lost.
2026-03-28 23:59:52,581 | INFO | root | okx_gateway:amend_exchange_stop:395 | Amending exchange stop LIT-USDT-SWAP algo=3430230318366679040 payload=[{'instId': 'LIT-USDT-SWAP', 'algoId': '3430230318366679040', 'newSlTriggerPx': '0.872', 'newSlOrdPx': '-1', 'newSlTriggerPxType': 'mark'}]
2026-03-28 23:59:58,496 | INFO | root | okx_gateway:place_exchange_stop:372 | Placing exchange stop LIT-USDT-SWAP short payload={'instId': 'LIT-USDT-SWAP', 'tdMode': 'isolated', 'side': 'buy', 'posSide': 'net', 'ordType': 'conditional', 'reduceOnly': 'true', 'closeFraction': '1', 'algoClOrdId': 'SLUSDTSWAP731598496', 'slTriggerPx': '0.872', 'slTriggerPxType': 'mark', 'slOrdPx': '-1'}
2026-03-29 00:00:17,581 | INFO | root | okx_gateway:amend_exchange_stop:395 | Amending exchange stop THETA-USDT-SWAP algo=3430231148671098880 payload=[{'instId': 'THETA-USDT-SWAP', 'algoId': '3430231148671098880', 'newSlTriggerPx': '0.1546', 'newSlOrdPx': '-1', 'newSlTriggerPxType': 'mark'}]
2026-03-29 00:00:23,331 | INFO | root | okx_gateway:place_exchange_stop:372 | Placing exchange stop THETA-USDT-SWAP short payload={'instId': 'THETA-USDT-SWAP', 'tdMode': 'isolated', 'side': 'buy', 'posSide': 'net', 'ordType': 'conditional', 'reduceOnly': 'true', 'closeFraction': '1', 'algoClOrdId': 'SLUSDTSWAP731623331', 'slTriggerPx': '0.1546', 'slTriggerPxType': 'mark', 'slOrdPx': '-1'}
2026-03-29 00:01:49,880 | WARNING | root | market_data_cache:_run:142 | Market-data worker temporary fetch failure for IOTA-USDT-SWAP: [WinError 10035] Операция на незаблокированном сокете не может быть завершена немедленно
2026-03-29 00:02:47,945 | WARNING | root | market_data_cache:_run:142 | Market-data worker temporary fetch failure for ASTER-USDT-SWAP: [WinError 10035] Операция на незаблокированном сокете не может быть завершена немедленно
2026-03-29 00:03:14,441 | WARNING | root | market_data_cache:_run:142 | Market-data worker temporary fetch failure for ETH-USDT-SWAP: [WinError 10035] Операция на незаблокированном сокете не может быть завершена немедленно
2026-03-29 00:03:52,439 | INFO | root | okx_gateway:amend_exchange_stop:395 | Amending exchange stop THETA-USDT-SWAP algo=3430243523881164800 payload=[{'instId': 'THETA-USDT-SWAP', 'algoId': '3430243523881164800', 'newSlTriggerPx': '0.1545', 'newSlOrdPx': '-1', 'newSlTriggerPxType': 'mark'}]
2026-03-29 00:03:58,186 | INFO | root | okx_gateway:place_exchange_stop:372 | Placing exchange stop THETA-USDT-SWAP short payload={'instId': 'THETA-USDT-SWAP', 'tdMode': 'isolated', 'side': 'buy', 'posSide': 'net', 'ordType': 'conditional', 'reduceOnly': 'true', 'closeFraction': '1', 'algoClOrdId': 'SLUSDTSWAP731838186', 'slTriggerPx': '0.1545', 'slTriggerPxType': 'mark', 'slOrdPx': '-1'}
2026-03-29 00:06:51,859 | INFO | root | okx_gateway:place_market_order:596 | Placing order LPT-USDT-SWAP sell qty=12480.0 attached_stop=True attached_stop_px=2.097
2026-03-29 00:10:20,563 | INFO | root | okx_gateway:amend_exchange_stop:395 | Amending exchange stop LIT-USDT-SWAP algo=3430242691127271424 payload=[{'instId': 'LIT-USDT-SWAP', 'algoId': '3430242691127271424', 'newSlTriggerPx': '0.871', 'newSlOrdPx': '-1', 'newSlTriggerPxType': 'mark'}]
2026-03-29 00:10:26,355 | INFO | root | okx_gateway:place_exchange_stop:372 | Placing exchange stop LIT-USDT-SWAP short payload={'instId': 'LIT-USDT-SWAP', 'tdMode': 'isolated', 'side': 'buy', 'posSide': 'net', 'ordType': 'conditional', 'reduceOnly': 'true', 'closeFraction': '1', 'algoClOrdId': 'SLUSDTSWAP732226355', 'slTriggerPx': '0.871', 'slTriggerPxType': 'mark', 'slOrdPx': '-1'}
2026-03-29 00:10:57,023 | INFO | root | okx_gateway:amend_exchange_stop:395 | Amending exchange stop MET-USDT-SWAP algo=3430204648253120512 payload=[{'instId': 'MET-USDT-SWAP', 'algoId': '3430204648253120512', 'newSlTriggerPx': '0.1444', 'newSlOrdPx': '-1', 'newSlTriggerPxType': 'mark'}]
2026-03-29 00:11:02,707 | INFO | root | okx_gateway:place_exchange_stop:372 | Placing exchange stop MET-USDT-SWAP short payload={'instId': 'MET-USDT-SWAP', 'tdMode': 'isolated', 'side': 'buy', 'posSide': 'net', 'ordType': 'conditional', 'reduceOnly': 'true', 'closeFraction': '1', 'algoClOrdId': 'SLUSDTSWAP732262707', 'slTriggerPx': '0.1444', 'slTriggerPxType': 'mark', 'slOrdPx': '-1'}
2026-03-29 00:12:20,349 | WARNING | root | market_data_cache:_run:142 | Market-data worker temporary fetch failure for STRK-USDT-SWAP: [WinError 10035] Операция на незаблокированном сокете не может быть завершена немедленно
2026-03-29 00:13:04,904 | WARNING | root | market_data_cache:_run:142 | Market-data worker temporary fetch failure for COAI-USDT-SWAP: [WinError 10035] Операция на незаблокированном сокете не может быть завершена немедленно
2026-03-29 00:13:42,763 | INFO | root | okx_gateway:place_market_order:596 | Placing order RESOLV-USDT-SWAP sell qty=6631.0 attached_stop=True attached_stop_px=0.04064
2026-03-29 00:15:24,391 | WARNING | root | market_data_cache:_run:142 | Market-data worker temporary fetch failure for 2Z-USDT-SWAP: [WinError 10035] Операция на незаблокированном сокете не может быть завершена немедленно
2026-03-29 00:16:38,687 | INFO | root | okx_gateway:place_market_order:596 | Placing order DOT-USDT-SWAP sell qty=2027.9 attached_stop=True attached_stop_px=1.285
2026-03-29 00:17:17,377 | INFO | root | okx_gateway:amend_exchange_stop:395 | Amending exchange stop LPT-USDT-SWAP algo=3430256565683576832 payload=[{'instId': 'LPT-USDT-SWAP', 'algoId': '3430256565683576832', 'newSlTriggerPx': '2.088', 'newSlOrdPx': '-1', 'newSlTriggerPxType': 'mark'}]
2026-03-29 00:17:23,000 | INFO | root | okx_gateway:place_exchange_stop:372 | Placing exchange stop LPT-USDT-SWAP short payload={'instId': 'LPT-USDT-SWAP', 'tdMode': 'isolated', 'side': 'buy', 'posSide': 'net', 'ordType': 'conditional', 'reduceOnly': 'true', 'closeFraction': '1', 'algoClOrdId': 'SLUSDTSWAP732643000', 'slTriggerPx': '2.088', 'slTriggerPxType': 'mark', 'slOrdPx': '-1'}
2026-03-29 00:17:48,623 | WARNING | root | market_data_cache:_run:142 | Market-data worker temporary fetch failure for SAND-USDT-SWAP: [WinError 10035] Операция на незаблокированном сокете не может быть завершена немедленно
2026-03-29 00:18:08,688 | WARNING | root | market_data_cache:_run:142 | Market-data worker temporary fetch failure for DOT-USDT-SWAP: [WinError 10035] Операция на незаблокированном сокете не может быть завершена немедленно
2026-03-29 00:20:22,426 | INFO | root | okx_gateway:amend_exchange_stop:395 | Amending exchange stop THETA-USDT-SWAP algo=3430250734225285120 payload=[{'instId': 'THETA-USDT-SWAP', 'algoId': '3430250734225285120', 'newSlTriggerPx': '0.1542', 'newSlOrdPx': '-1', 'newSlTriggerPxType': 'mark'}]
2026-03-29 00:20:28,052 | INFO | root | okx_gateway:place_exchange_stop:372 | Placing exchange stop THETA-USDT-SWAP short payload={'instId': 'THETA-USDT-SWAP', 'tdMode': 'isolated', 'side': 'buy', 'posSide': 'net', 'ordType': 'conditional', 'reduceOnly': 'true', 'closeFraction': '1', 'algoClOrdId': 'SLUSDTSWAP732828052', 'slTriggerPx': '0.1542', 'slTriggerPxType': 'mark', 'slOrdPx': '-1'}
2026-03-29 00:20:46,114 | INFO | root | okx_gateway:place_market_order:596 | Placing order DOT-USDT-SWAP sell qty=2027.9 attached_stop=False attached_stop_px=
2026-03-29 00:20:56,993 | WARNING | root | market_data_cache:_run:142 | Market-data worker temporary fetch failure for ACT-USDT-SWAP: [WinError 10035] Операция на незаблокированном сокете не может быть завершена немедленно
2026-03-29 00:24:11,915 | INFO | root | okx_gateway:place_exchange_stop:372 | Placing exchange stop DOT-USDT-SWAP short payload={'instId': 'DOT-USDT-SWAP', 'tdMode': 'isolated', 'side': 'buy', 'posSide': 'net', 'ordType': 'conditional', 'reduceOnly': 'true', 'closeFraction': '1', 'algoClOrdId': 'SLUSDTSWAP733051915', 'slTriggerPx': '1.285', 'slTriggerPxType': 'mark', 'slOrdPx': '-1'}
2026-03-29 00:26:43,347 | INFO | root | okx_gateway:place_market_order:596 | Placing order LDO-USDT-SWAP sell qty=8163.0 attached_stop=True attached_stop_px=0.3163
2026-03-29 00:26:46,030 | INFO | root | okx_gateway:amend_exchange_stop:395 | Amending exchange stop TSLA-USDT-SWAP algo=3430149098991607808 payload=[{'instId': 'TSLA-USDT-SWAP', 'algoId': '3430149098991607808', 'newSlTriggerPx': '361.98', 'newSlOrdPx': '-1', 'newSlTriggerPxType': 'mark'}]
2026-03-29 00:26:51,743 | INFO | root | okx_gateway:place_exchange_stop:372 | Placing exchange stop TSLA-USDT-SWAP short payload={'instId': 'TSLA-USDT-SWAP', 'tdMode': 'isolated', 'side': 'buy', 'posSide': 'net', 'ordType': 'conditional', 'reduceOnly': 'true', 'closeFraction': '1', 'algoClOrdId': 'SLUSDTSWAP733211743', 'slTriggerPx': '361.98', 'slTriggerPxType': 'mark', 'slOrdPx': '-1'}
2026-03-29 00:27:44,401 | INFO | root | okx_gateway:amend_exchange_stop:395 | Amending exchange stop DOT-USDT-SWAP algo=3430291461588213760 payload=[{'instId': 'DOT-USDT-SWAP', 'algoId': '3430291461588213760', 'newSlTriggerPx': '1.279', 'newSlOrdPx': '-1', 'newSlTriggerPxType': 'mark'}]
2026-03-29 00:27:50,028 | INFO | root | okx_gateway:place_exchange_stop:372 | Placing exchange stop DOT-USDT-SWAP short payload={'instId': 'DOT-USDT-SWAP', 'tdMode': 'isolated', 'side': 'buy', 'posSide': 'net', 'ordType': 'conditional', 'reduceOnly': 'true', 'closeFraction': '1', 'algoClOrdId': 'SLUSDTSWAP733270028', 'slTriggerPx': '1.28', 'slTriggerPxType': 'mark', 'slOrdPx': '-1'}
2026-03-29 00:28:16,165 | INFO | root | okx_gateway:place_market_order:596 | Placing order LDO-USDT-SWAP sell qty=8163.0 attached_stop=False attached_stop_px=
2026-03-29 00:30:41,210 | WARNING | root | market_data_cache:_run:142 | Market-data worker temporary fetch failure for SUI-USDT-SWAP: [WinError 10035] Операция на незаблокированном сокете не может быть завершена немедленно
2026-03-29 00:30:44,142 | INFO | root | okx_gateway:amend_exchange_stop:395 | Amending exchange stop TSLA-USDT-SWAP algo=3430296824626634752 payload=[{'instId': 'TSLA-USDT-SWAP', 'algoId': '3430296824626634752', 'newSlTriggerPx': '361.88', 'newSlOrdPx': '-1', 'newSlTriggerPxType': 'mark'}]
2026-03-29 00:30:49,745 | INFO | root | okx_gateway:place_exchange_stop:372 | Placing exchange stop TSLA-USDT-SWAP short payload={'instId': 'TSLA-USDT-SWAP', 'tdMode': 'isolated', 'side': 'buy', 'posSide': 'net', 'ordType': 'conditional', 'reduceOnly': 'true', 'closeFraction': '1', 'algoClOrdId': 'SLUSDTSWAP733449745', 'slTriggerPx': '361.88', 'slTriggerPxType': 'mark', 'slOrdPx': '-1'}
2026-03-29 00:31:34,017 | INFO | root | okx_gateway:amend_exchange_stop:395 | Amending exchange stop LPT-USDT-SWAP algo=3430277739905900544 payload=[{'instId': 'LPT-USDT-SWAP', 'algoId': '3430277739905900544', 'newSlTriggerPx': '2.087', 'newSlOrdPx': '-1', 'newSlTriggerPxType': 'mark'}]
2026-03-29 00:31:39,640 | INFO | root | okx_gateway:place_exchange_stop:372 | Placing exchange stop LPT-USDT-SWAP short payload={'instId': 'LPT-USDT-SWAP', 'tdMode': 'isolated', 'side': 'buy', 'posSide': 'net', 'ordType': 'conditional', 'reduceOnly': 'true', 'closeFraction': '1', 'algoClOrdId': 'SLUSDTSWAP733499640', 'slTriggerPx': '2.087', 'slTriggerPxType': 'mark', 'slOrdPx': '-1'}
2026-03-29 00:31:47,389 | INFO | root | okx_gateway:amend_exchange_stop:395 | Amending exchange stop LPT-USDT-SWAP algo=3430306484947607552 payload=[{'instId': 'LPT-USDT-SWAP', 'algoId': '3430306484947607552', 'newSlTriggerPx': '2.086', 'newSlOrdPx': '-1', 'newSlTriggerPxType': 'mark'}]
2026-03-29 00:31:52,958 | INFO | root | okx_gateway:place_exchange_stop:372 | Placing exchange stop LPT-USDT-SWAP short payload={'instId': 'LPT-USDT-SWAP', 'tdMode': 'isolated', 'side': 'buy', 'posSide': 'net', 'ordType': 'conditional', 'reduceOnly': 'true', 'closeFraction': '1', 'algoClOrdId': 'SLUSDTSWAP733512958', 'slTriggerPx': '2.086', 'slTriggerPxType': 'mark', 'slOrdPx': '-1'}
2026-03-29 00:31:57,709 | INFO | root | okx_gateway:amend_exchange_stop:395 | Amending exchange stop DOT-USDT-SWAP algo=3430298780246040576 payload=[{'instId': 'DOT-USDT-SWAP', 'algoId': '3430298780246040576', 'newSlTriggerPx': '1.285', 'newSlOrdPx': '-1', 'newSlTriggerPxType': 'mark'}]
2026-03-29 00:32:03,328 | INFO | root | okx_gateway:place_exchange_stop:372 | Placing exchange stop DOT-USDT-SWAP short payload={'instId': 'DOT-USDT-SWAP', 'tdMode': 'isolated', 'side': 'buy', 'posSide': 'net', 'ordType': 'conditional', 'reduceOnly': 'true', 'closeFraction': '1', 'algoClOrdId': 'SLUSDTSWAP733523328', 'slTriggerPx': '1.285', 'slTriggerPxType': 'mark', 'slOrdPx': '-1'}
2026-03-29 00:32:06,832 | INFO | root | okx_gateway:amend_exchange_stop:395 | Amending exchange stop DOT-USDT-SWAP algo=3430307279516557312 payload=[{'instId': 'DOT-USDT-SWAP', 'algoId': '3430307279516557312', 'newSlTriggerPx': '1.28', 'newSlOrdPx': '-1', 'newSlTriggerPxType': 'mark'}]
2026-03-29 00:32:12,441 | INFO | root | okx_gateway:place_exchange_stop:372 | Placing exchange stop DOT-USDT-SWAP short payload={'instId': 'DOT-USDT-SWAP', 'tdMode': 'isolated', 'side': 'buy', 'posSide': 'net', 'ordType': 'conditional', 'reduceOnly': 'true', 'closeFraction': '1', 'algoClOrdId': 'SLUSDTSWAP733532441', 'slTriggerPx': '1.28', 'slTriggerPxType': 'mark', 'slOrdPx': '-1'}
2026-03-29 00:32:23,229 | INFO | root | okx_gateway:place_exchange_stop:372 | Placing exchange stop LDO-USDT-SWAP short payload={'instId': 'LDO-USDT-SWAP', 'tdMode': 'isolated', 'side': 'buy', 'posSide': 'net', 'ordType': 'conditional', 'reduceOnly': 'true', 'closeFraction': '1', 'algoClOrdId': 'SLUSDTSWAP733543229', 'slTriggerPx': '0.3163', 'slTriggerPxType': 'mark', 'slOrdPx': '-1'}
2026-03-29 00:32:33,270 | WARNING | root | market_data_cache:_run:142 | Market-data worker temporary fetch failure for ASTER-USDT-SWAP: [WinError 10035] Операция на незаблокированном сокете не может быть завершена немедленно
2026-03-29 00:32:53,889 | WARNING | root | market_data_cache:_run:142 | Market-data worker temporary fetch failure for CRV-USDT-SWAP: [WinError 10035] Операция на незаблокированном сокете не может быть завершена немедленно
2026-03-29 00:34:19,762 | WARNING | root | market_data_cache:_run:142 | Market-data worker temporary fetch failure for CATI-USDT-SWAP: [WinError 10035] Операция на незаблокированном сокете не может быть завершена немедленно
2026-03-29 00:34:52,278 | INFO | root | okx_gateway:amend_exchange_stop:395 | Amending exchange stop TSLA-USDT-SWAP algo=3430304810782777344 payload=[{'instId': 'TSLA-USDT-SWAP', 'algoId': '3430304810782777344', 'newSlTriggerPx': '361.94', 'newSlOrdPx': '-1', 'newSlTriggerPxType': 'mark'}]
2026-03-29 00:34:58,198 | INFO | root | okx_gateway:place_exchange_stop:372 | Placing exchange stop TSLA-USDT-SWAP short payload={'instId': 'TSLA-USDT-SWAP', 'tdMode': 'isolated', 'side': 'buy', 'posSide': 'net', 'ordType': 'conditional', 'reduceOnly': 'true', 'closeFraction': '1', 'algoClOrdId': 'SLUSDTSWAP733698198', 'slTriggerPx': '361.94', 'slTriggerPxType': 'mark', 'slOrdPx': '-1'}
2026-03-29 00:35:31,319 | INFO | root | okx_gateway:amend_exchange_stop:395 | Amending exchange stop MET-USDT-SWAP algo=3430264979625172992 payload=[{'instId': 'MET-USDT-SWAP', 'algoId': '3430264979625172992', 'newSlTriggerPx': '0.1426', 'newSlOrdPx': '-1', 'newSlTriggerPxType': 'mark'}]
2026-03-29 00:35:37,068 | INFO | root | okx_gateway:place_exchange_stop:372 | Placing exchange stop MET-USDT-SWAP short payload={'instId': 'MET-USDT-SWAP', 'tdMode': 'isolated', 'side': 'buy', 'posSide': 'net', 'ordType': 'conditional', 'reduceOnly': 'true', 'closeFraction': '1', 'algoClOrdId': 'SLUSDTSWAP733737068', 'slTriggerPx': '0.1426', 'slTriggerPxType': 'mark', 'slOrdPx': '-1'}
2026-03-29 00:35:46,577 | INFO | root | okx_gateway:place_market_order:596 | Placing order LPT-USDT-SWAP sell qty=12480.0 attached_stop=False attached_stop_px=
2026-03-29 00:35:50,321 | INFO | root | okx_gateway:amend_exchange_stop:395 | Amending exchange stop DOT-USDT-SWAP algo=3430307585566531584 payload=[{'instId': 'DOT-USDT-SWAP', 'algoId': '3430307585566531584', 'newSlTriggerPx': '1.279', 'newSlOrdPx': '-1', 'newSlTriggerPxType': 'mark'}]
2026-03-29 00:35:56,091 | INFO | root | okx_gateway:place_exchange_stop:372 | Placing exchange stop DOT-USDT-SWAP short payload={'instId': 'DOT-USDT-SWAP', 'tdMode': 'isolated', 'side': 'buy', 'posSide': 'net', 'ordType': 'conditional', 'reduceOnly': 'true', 'closeFraction': '1', 'algoClOrdId': 'SLUSDTSWAP733756091', 'slTriggerPx': '1.279', 'slTriggerPxType': 'mark', 'slOrdPx': '-1'}
2026-03-29 00:36:04,945 | INFO | root | okx_gateway:amend_exchange_stop:395 | Amending exchange stop LDO-USDT-SWAP algo=3430307947283308544 payload=[{'instId': 'LDO-USDT-SWAP', 'algoId': '3430307947283308544', 'newSlTriggerPx': '0.3099', 'newSlOrdPx': '-1', 'newSlTriggerPxType': 'mark'}]
2026-03-29 00:36:10,791 | INFO | root | okx_gateway:place_exchange_stop:372 | Placing exchange stop LDO-USDT-SWAP short payload={'instId': 'LDO-USDT-SWAP', 'tdMode': 'isolated', 'side': 'buy', 'posSide': 'net', 'ordType': 'conditional', 'reduceOnly': 'true', 'closeFraction': '1', 'algoClOrdId': 'SLUSDTSWAP733770791', 'slTriggerPx': '0.3099', 'slTriggerPxType': 'mark', 'slOrdPx': '-1'}
2026-03-29 00:36:13,253 | INFO | root | okx_gateway:place_market_order:596 | Placing order LDO-USDT-SWAP sell qty=8163.0 attached_stop=False attached_stop_px=
2026-03-29 00:38:42,337 | INFO | root | okx_gateway:place_market_order:596 | Placing order INJ-USDT-SWAP sell qty=8404.0 attached_stop=True attached_stop_px=2.895
2026-03-29 00:38:45,806 | INFO | root | okx_gateway:amend_exchange_stop:395 | Amending exchange stop TSLA-USDT-SWAP algo=3430313147247190016 payload=[{'instId': 'TSLA-USDT-SWAP', 'algoId': '3430313147247190016', 'newSlTriggerPx': '361.88', 'newSlOrdPx': '-1', 'newSlTriggerPxType': 'mark'}]
2026-03-29 00:38:51,406 | INFO | root | okx_gateway:place_exchange_stop:372 | Placing exchange stop TSLA-USDT-SWAP short payload={'instId': 'TSLA-USDT-SWAP', 'tdMode': 'isolated', 'side': 'buy', 'posSide': 'net', 'ordType': 'conditional', 'reduceOnly': 'true', 'closeFraction': '1', 'algoClOrdId': 'SLUSDTSWAP733931406', 'slTriggerPx': '361.88', 'slTriggerPxType': 'mark', 'slOrdPx': '-1'}
2026-03-29 00:39:40,489 | INFO | root | okx_gateway:amend_exchange_stop:395 | Amending exchange stop LPT-USDT-SWAP algo=3430306931724869632 payload=[{'instId': 'LPT-USDT-SWAP', 'algoId': '3430306931724869632', 'newSlTriggerPx': '2.084', 'newSlOrdPx': '-1', 'newSlTriggerPxType': 'mark'}]
2026-03-29 00:39:46,306 | INFO | root | okx_gateway:place_exchange_stop:372 | Placing exchange stop LPT-USDT-SWAP short payload={'instId': 'LPT-USDT-SWAP', 'tdMode': 'isolated', 'side': 'buy', 'posSide': 'net', 'ordType': 'conditional', 'reduceOnly': 'true', 'closeFraction': '1', 'algoClOrdId': 'SLUSDTSWAP733986306', 'slTriggerPx': '2.084', 'slTriggerPxType': 'mark', 'slOrdPx': '-1'}
2026-03-29 00:42:37,648 | INFO | root | okx_gateway:place_exchange_stop:372 | Placing exchange stop TSLA-USDT-SWAP short payload={'instId': 'TSLA-USDT-SWAP', 'tdMode': 'isolated', 'side': 'buy', 'posSide': 'net', 'ordType': 'conditional', 'reduceOnly': 'true', 'closeFraction': '1', 'algoClOrdId': 'SLUSDTSWAP734157647', 'slTriggerPx': '371.87', 'slTriggerPxType': 'mark', 'slOrdPx': '-1'}
2026-03-29 00:43:20,673 | INFO | root | okx_gateway:amend_exchange_stop:395 | Amending exchange stop THETA-USDT-SWAP algo=3430283949522640896 payload=[{'instId': 'THETA-USDT-SWAP', 'algoId': '3430283949522640896', 'newSlTriggerPx': '0.1541', 'newSlOrdPx': '-1', 'newSlTriggerPxType': 'mark'}]
2026-03-29 00:43:26,730 | INFO | root | okx_gateway:place_exchange_stop:372 | Placing exchange stop THETA-USDT-SWAP short payload={'instId': 'THETA-USDT-SWAP', 'tdMode': 'isolated', 'side': 'buy', 'posSide': 'net', 'ordType': 'conditional', 'reduceOnly': 'true', 'closeFraction': '1', 'algoClOrdId': 'SLUSDTSWAP734206730', 'slTriggerPx': '0.1541', 'slTriggerPxType': 'mark', 'slOrdPx': '-1'}
2026-03-29 00:43:43,485 | INFO | root | okx_gateway:place_market_order:596 | Placing order LPT-USDT-SWAP sell qty=12480.0 attached_stop=False attached_stop_px=
2026-03-29 00:43:46,862 | INFO | root | okx_gateway:amend_exchange_stop:395 | Amending exchange stop DOT-USDT-SWAP algo=3430315090082357248 payload=[{'instId': 'DOT-USDT-SWAP', 'algoId': '3430315090082357248', 'newSlTriggerPx': '1.28', 'newSlOrdPx': '-1', 'newSlTriggerPxType': 'mark'}]
2026-03-29 00:43:52,540 | INFO | root | okx_gateway:place_exchange_stop:372 | Placing exchange stop DOT-USDT-SWAP short payload={'instId': 'DOT-USDT-SWAP', 'tdMode': 'isolated', 'side': 'buy', 'posSide': 'net', 'ordType': 'conditional', 'reduceOnly': 'true', 'closeFraction': '1', 'algoClOrdId': 'SLUSDTSWAP734232540', 'slTriggerPx': '1.281', 'slTriggerPxType': 'mark', 'slOrdPx': '-1'}
2026-03-29 00:44:21,767 | INFO | root | okx_gateway:place_exchange_stop:372 | Placing exchange stop LDO-USDT-SWAP short payload={'instId': 'LDO-USDT-SWAP', 'tdMode': 'isolated', 'side': 'buy', 'posSide': 'net', 'ordType': 'conditional', 'reduceOnly': 'true', 'closeFraction': '1', 'algoClOrdId': 'SLUSDTSWAP734261766', 'slTriggerPx': '0.3102', 'slTriggerPxType': 'mark', 'slOrdPx': '-1'}
2026-03-29 00:44:21,767 | WARNING | root | market_data_cache:_run:142 | Market-data worker temporary fetch failure for KSM-USDT-SWAP: [WinError 10035] Операция на незаблокированном сокете не может быть завершена немедленно
2026-03-29 00:44:22,874 | INFO | root | okx_gateway:close_position:428 | Closing position LDO-USDT-SWAP. Синхронизация: позиция отсутствует на бирже
2026-03-29 00:47:30,844 | INFO | root | okx_gateway:amend_exchange_stop:395 | Amending exchange stop THETA-USDT-SWAP algo=3430330211655573504 payload=[{'instId': 'THETA-USDT-SWAP', 'algoId': '3430330211655573504', 'newSlTriggerPx': '0.154', 'newSlOrdPx': '-1', 'newSlTriggerPxType': 'mark'}]
2026-03-29 00:47:36,470 | INFO | root | okx_gateway:place_exchange_stop:372 | Placing exchange stop THETA-USDT-SWAP short payload={'instId': 'THETA-USDT-SWAP', 'tdMode': 'isolated', 'side': 'buy', 'posSide': 'net', 'ordType': 'conditional', 'reduceOnly': 'true', 'closeFraction': '1', 'algoClOrdId': 'SLUSDTSWAP734456470', 'slTriggerPx': '0.154', 'slTriggerPxType': 'mark', 'slOrdPx': '-1'}
2026-03-29 00:47:52,595 | INFO | root | okx_gateway:place_market_order:596 | Placing order LPT-USDT-SWAP sell qty=12480.0 attached_stop=False attached_stop_px=
2026-03-29 00:47:55,969 | INFO | root | okx_gateway:amend_exchange_stop:395 | Amending exchange stop DOT-USDT-SWAP algo=3430331077762572288 payload=[{'instId': 'DOT-USDT-SWAP', 'algoId': '3430331077762572288', 'newSlTriggerPx': '1.278', 'newSlOrdPx': '-1', 'newSlTriggerPxType': 'mark'}]
2026-03-29 00:48:01,666 | INFO | root | okx_gateway:place_exchange_stop:372 | Placing exchange stop DOT-USDT-SWAP short payload={'instId': 'DOT-USDT-SWAP', 'tdMode': 'isolated', 'side': 'buy', 'posSide': 'net', 'ordType': 'conditional', 'reduceOnly': 'true', 'closeFraction': '1', 'algoClOrdId': 'SLUSDTSWAP734481666', 'slTriggerPx': '1.278', 'slTriggerPxType': 'mark', 'slOrdPx': '-1'}
2026-03-29 00:48:09,028 | INFO | root | okx_gateway:amend_exchange_stop:395 | Amending exchange stop DOT-USDT-SWAP algo=3430339436976889856 payload=[{'instId': 'DOT-USDT-SWAP', 'algoId': '3430339436976889856', 'newSlTriggerPx': '1.28', 'newSlOrdPx': '-1', 'newSlTriggerPxType': 'mark'}]
2026-03-29 00:48:14,659 | INFO | root | okx_gateway:place_exchange_stop:372 | Placing exchange stop DOT-USDT-SWAP short payload={'instId': 'DOT-USDT-SWAP', 'tdMode': 'isolated', 'side': 'buy', 'posSide': 'net', 'ordType': 'conditional', 'reduceOnly': 'true', 'closeFraction': '1', 'algoClOrdId': 'SLUSDTSWAP734494659', 'slTriggerPx': '1.28', 'slTriggerPxType': 'mark', 'slOrdPx': '-1'}
2026-03-29 00:48:19,093 | INFO | root | okx_gateway:amend_exchange_stop:395 | Amending exchange stop INJ-USDT-SWAP algo=3430320674177376256 payload=[{'instId': 'INJ-USDT-SWAP', 'algoId': '3430320674177376256', 'newSlTriggerPx': '2.883', 'newSlOrdPx': '-1', 'newSlTriggerPxType': 'mark'}]
2026-03-29 00:48:24,715 | INFO | root | okx_gateway:place_exchange_stop:372 | Placing exchange stop INJ-USDT-SWAP short payload={'instId': 'INJ-USDT-SWAP', 'tdMode': 'isolated', 'side': 'buy', 'posSide': 'net', 'ordType': 'conditional', 'reduceOnly': 'true', 'closeFraction': '1', 'algoClOrdId': 'SLUSDTSWAP734504715', 'slTriggerPx': '2.883', 'slTriggerPxType': 'mark', 'slOrdPx': '-1'}
2026-03-29 00:48:39,044 | WARNING | root | market_data_cache:_run:142 | Market-data worker temporary fetch failure for MINA-USDT-SWAP: [WinError 10035] Операция на незаблокированном сокете не может быть завершена немедленно
2026-03-29 00:48:52,780 | WARNING | root | market_data_cache:_run:142 | Market-data worker temporary fetch failure for SOLV-USDT-SWAP: [WinError 10035] Операция на незаблокированном сокете не может быть завершена немедленно
2026-03-29 00:49:00,477 | WARNING | root | market_data_cache:_run:142 | Market-data worker temporary fetch failure for TRX-USDT-SWAP: [WinError 10035] Операция на незаблокированном сокете не может быть завершена немедленно
2026-03-29 00:50:01,408 | WARNING | root | market_data_cache:_run:142 | Market-data worker temporary fetch failure for MKR-USDT-SWAP: [WinError 10035] Операция на незаблокированном сокете не может быть завершена немедленно
2026-03-29 00:50:59,400 | INFO | root | okx_gateway:amend_exchange_stop:395 | Amending exchange stop LIT-USDT-SWAP algo=3430263759351144448 payload=[{'instId': 'LIT-USDT-SWAP', 'algoId': '3430263759351144448', 'newSlTriggerPx': '0.863', 'newSlOrdPx': '-1', 'newSlTriggerPxType': 'mark'}]
2026-03-29 00:51:05,187 | INFO | root | okx_gateway:place_exchange_stop:372 | Placing exchange stop LIT-USDT-SWAP short payload={'instId': 'LIT-USDT-SWAP', 'tdMode': 'isolated', 'side': 'buy', 'posSide': 'net', 'ordType': 'conditional', 'reduceOnly': 'true', 'closeFraction': '1', 'algoClOrdId': 'SLUSDTSWAP734665187', 'slTriggerPx': '0.863', 'slTriggerPxType': 'mark', 'slOrdPx': '-1'}
2026-03-29 00:51:12,958 | INFO | root | okx_gateway:amend_exchange_stop:395 | Amending exchange stop LIT-USDT-SWAP algo=3430345594752032768 payload=[{'instId': 'LIT-USDT-SWAP', 'algoId': '3430345594752032768', 'newSlTriggerPx': '0.871', 'newSlOrdPx': '-1', 'newSlTriggerPxType': 'mark'}]
2026-03-29 00:51:19,376 | INFO | root | okx_gateway:place_exchange_stop:372 | Placing exchange stop LIT-USDT-SWAP short payload={'instId': 'LIT-USDT-SWAP', 'tdMode': 'isolated', 'side': 'buy', 'posSide': 'net', 'ordType': 'conditional', 'reduceOnly': 'true', 'closeFraction': '1', 'algoClOrdId': 'SLUSDTSWAP734679376', 'slTriggerPx': '0.871', 'slTriggerPxType': 'mark', 'slOrdPx': '-1'}
2026-03-29 00:51:24,084 | INFO | root | okx_gateway:amend_exchange_stop:395 | Amending exchange stop THETA-USDT-SWAP algo=3430338591103213568 payload=[{'instId': 'THETA-USDT-SWAP', 'algoId': '3430338591103213568', 'newSlTriggerPx': '0.1538', 'newSlOrdPx': '-1', 'newSlTriggerPxType': 'mark'}]
2026-03-29 00:51:29,902 | INFO | root | okx_gateway:place_exchange_stop:372 | Placing exchange stop THETA-USDT-SWAP short payload={'instId': 'THETA-USDT-SWAP', 'tdMode': 'isolated', 'side': 'buy', 'posSide': 'net', 'ordType': 'conditional', 'reduceOnly': 'true', 'closeFraction': '1', 'algoClOrdId': 'SLUSDTSWAP734689902', 'slTriggerPx': '0.1538', 'slTriggerPxType': 'mark', 'slOrdPx': '-1'}
2026-03-29 00:51:49,521 | INFO | root | okx_gateway:amend_exchange_stop:395 | Amending exchange stop DOT-USDT-SWAP algo=3430339872781852672 payload=[{'instId': 'DOT-USDT-SWAP', 'algoId': '3430339872781852672', 'newSlTriggerPx': '1.277', 'newSlOrdPx': '-1', 'newSlTriggerPxType': 'mark'}]
2026-03-29 00:51:55,294 | INFO | root | okx_gateway:place_exchange_stop:372 | Placing exchange stop DOT-USDT-SWAP short payload={'instId': 'DOT-USDT-SWAP', 'tdMode': 'isolated', 'side': 'buy', 'posSide': 'net', 'ordType': 'conditional', 'reduceOnly': 'true', 'closeFraction': '1', 'algoClOrdId': 'SLUSDTSWAP734715294', 'slTriggerPx': '1.277', 'slTriggerPxType': 'mark', 'slOrdPx': '-1'}
2026-03-29 00:52:03,833 | INFO | root | okx_gateway:amend_exchange_stop:395 | Amending exchange stop INJ-USDT-SWAP algo=3430340210037448704 payload=[{'instId': 'INJ-USDT-SWAP', 'algoId': '3430340210037448704', 'newSlTriggerPx': '2.882', 'newSlOrdPx': '-1', 'newSlTriggerPxType': 'mark'}]
2026-03-29 00:52:09,675 | INFO | root | okx_gateway:place_exchange_stop:372 | Placing exchange stop INJ-USDT-SWAP short payload={'instId': 'INJ-USDT-SWAP', 'tdMode': 'isolated', 'side': 'buy', 'posSide': 'net', 'ordType': 'conditional', 'reduceOnly': 'true', 'closeFraction': '1', 'algoClOrdId': 'SLUSDTSWAP734729675', 'slTriggerPx': '2.882', 'slTriggerPxType': 'mark', 'slOrdPx': '-1'}
2026-03-29 00:53:32,034 | WARNING | root | market_data_cache:_run:142 | Market-data worker temporary fetch failure for ACT-USDT-SWAP: [WinError 10035] Операция на незаблокированном сокете не может быть завершена немедленно
2026-03-29 00:54:43,896 | INFO | root | okx_gateway:amend_exchange_stop:395 | Amending exchange stop LIT-USDT-SWAP algo=3430346070990086144 payload=[{'instId': 'LIT-USDT-SWAP', 'algoId': '3430346070990086144', 'newSlTriggerPx': '0.863', 'newSlOrdPx': '-1', 'newSlTriggerPxType': 'mark'}]
2026-03-29 00:54:50,418 | INFO | root | okx_gateway:place_exchange_stop:372 | Placing exchange stop LIT-USDT-SWAP short payload={'instId': 'LIT-USDT-SWAP', 'tdMode': 'isolated', 'side': 'buy', 'posSide': 'net', 'ordType': 'conditional', 'reduceOnly': 'true', 'closeFraction': '1', 'algoClOrdId': 'SLUSDTSWAP734890418', 'slTriggerPx': '0.863', 'slTriggerPxType': 'mark', 'slOrdPx': '-1'}
2026-03-29 00:55:07,956 | INFO | root | okx_gateway:amend_exchange_stop:395 | Amending exchange stop LPT-USDT-SWAP algo=3430322815050801152 payload=[{'instId': 'LPT-USDT-SWAP', 'algoId': '3430322815050801152', 'newSlTriggerPx': '2.081', 'newSlOrdPx': '-1', 'newSlTriggerPxType': 'mark'}]
2026-03-29 00:55:13,703 | INFO | root | okx_gateway:place_exchange_stop:372 | Placing exchange stop LPT-USDT-SWAP short payload={'instId': 'LPT-USDT-SWAP', 'tdMode': 'isolated', 'side': 'buy', 'posSide': 'net', 'ordType': 'conditional', 'reduceOnly': 'true', 'closeFraction': '1', 'algoClOrdId': 'SLUSDTSWAP734913703', 'slTriggerPx': '2.081', 'slTriggerPxType': 'mark', 'slOrdPx': '-1'}
2026-03-29 00:55:22,951 | INFO | root | okx_gateway:amend_exchange_stop:395 | Amending exchange stop DOT-USDT-SWAP algo=3430347276231729152 payload=[{'instId': 'DOT-USDT-SWAP', 'algoId': '3430347276231729152', 'newSlTriggerPx': '1.276', 'newSlOrdPx': '-1', 'newSlTriggerPxType': 'mark'}]
2026-03-29 00:55:28,826 | INFO | root | okx_gateway:place_exchange_stop:372 | Placing exchange stop DOT-USDT-SWAP short payload={'instId': 'DOT-USDT-SWAP', 'tdMode': 'isolated', 'side': 'buy', 'posSide': 'net', 'ordType': 'conditional', 'reduceOnly': 'true', 'closeFraction': '1', 'algoClOrdId': 'SLUSDTSWAP734928826', 'slTriggerPx': '1.276', 'slTriggerPxType': 'mark', 'slOrdPx': '-1'}
2026-03-29 00:55:32,266 | INFO | root | okx_gateway:amend_exchange_stop:395 | Amending exchange stop DOT-USDT-SWAP algo=3430354441210257408 payload=[{'instId': 'DOT-USDT-SWAP', 'algoId': '3430354441210257408', 'newSlTriggerPx': '1.273', 'newSlOrdPx': '-1', 'newSlTriggerPxType': 'mark'}]
2026-03-29 00:55:38,399 | INFO | root | okx_gateway:place_exchange_stop:372 | Placing exchange stop DOT-USDT-SWAP short payload={'instId': 'DOT-USDT-SWAP', 'tdMode': 'isolated', 'side': 'buy', 'posSide': 'net', 'ordType': 'conditional', 'reduceOnly': 'true', 'closeFraction': '1', 'algoClOrdId': 'SLUSDTSWAP734938399', 'slTriggerPx': '1.273', 'slTriggerPxType': 'mark', 'slOrdPx': '-1'}
2026-03-29 00:55:40,864 | INFO | root | okx_gateway:place_market_order:596 | Placing order DOT-USDT-SWAP sell qty=2027.9 attached_stop=False attached_stop_px=
2026-03-29 00:55:44,949 | INFO | root | okx_gateway:amend_exchange_stop:395 | Amending exchange stop INJ-USDT-SWAP algo=3430347758778015744 payload=[{'instId': 'INJ-USDT-SWAP', 'algoId': '3430347758778015744', 'newSlTriggerPx': '2.877', 'newSlOrdPx': '-1', 'newSlTriggerPxType': 'mark'}]
2026-03-29 00:55:50,642 | INFO | root | okx_gateway:place_exchange_stop:372 | Placing exchange stop INJ-USDT-SWAP short payload={'instId': 'INJ-USDT-SWAP', 'tdMode': 'isolated', 'side': 'buy', 'posSide': 'net', 'ordType': 'conditional', 'reduceOnly': 'true', 'closeFraction': '1', 'algoClOrdId': 'SLUSDTSWAP734950642', 'slTriggerPx': '2.877', 'slTriggerPxType': 'mark', 'slOrdPx': '-1'}
2026-03-29 00:55:57,887 | INFO | root | okx_gateway:amend_exchange_stop:395 | Amending exchange stop INJ-USDT-SWAP algo=3430355173065973760 payload=[{'instId': 'INJ-USDT-SWAP', 'algoId': '3430355173065973760', 'newSlTriggerPx': '2.87', 'newSlOrdPx': '-1', 'newSlTriggerPxType': 'mark'}]
2026-03-29 00:56:03,700 | INFO | root | okx_gateway:place_exchange_stop:372 | Placing exchange stop INJ-USDT-SWAP short payload={'instId': 'INJ-USDT-SWAP', 'tdMode': 'isolated', 'side': 'buy', 'posSide': 'net', 'ordType': 'conditional', 'reduceOnly': 'true', 'closeFraction': '1', 'algoClOrdId': 'SLUSDTSWAP734963700', 'slTriggerPx': '2.87', 'slTriggerPxType': 'mark', 'slOrdPx': '-1'}
2026-03-29 00:56:06,202 | INFO | root | okx_gateway:place_market_order:596 | Placing order INJ-USDT-SWAP sell qty=8404.0 attached_stop=False attached_stop_px=
2026-03-29 00:58:33,953 | INFO | root | okx_gateway:place_market_order:596 | Placing order DOGE-USDT-SWAP sell qty=26.47 attached_stop=True attached_stop_px=0.0932
2026-03-29 00:58:35,517 | INFO | root | okx_gateway:place_market_order:596 | Placing order XLM-USDT-SWAP sell qty=141.37 attached_stop=True attached_stop_px=0.17161
2026-03-29 00:58:45,569 | INFO | root | okx_gateway:amend_exchange_stop:395 | Amending exchange stop LIT-USDT-SWAP algo=3430353152350969856 payload=[{'instId': 'LIT-USDT-SWAP', 'algoId': '3430353152350969856', 'newSlTriggerPx': '0.858', 'newSlOrdPx': '-1', 'newSlTriggerPxType': 'mark'}]
2026-03-29 00:58:51,193 | INFO | root | okx_gateway:place_exchange_stop:372 | Placing exchange stop LIT-USDT-SWAP short payload={'instId': 'LIT-USDT-SWAP', 'tdMode': 'isolated', 'side': 'buy', 'posSide': 'net', 'ordType': 'conditional', 'reduceOnly': 'true', 'closeFraction': '1', 'algoClOrdId': 'SLUSDTSWAP735131193', 'slTriggerPx': '0.858', 'slTriggerPxType': 'mark', 'slOrdPx': '-1'}
2026-03-29 00:58:58,947 | INFO | root | okx_gateway:amend_exchange_stop:395 | Amending exchange stop LIT-USDT-SWAP algo=3430361231452889088 payload=[{'instId': 'LIT-USDT-SWAP', 'algoId': '3430361231452889088', 'newSlTriggerPx': '0.863', 'newSlOrdPx': '-1', 'newSlTriggerPxType': 'mark'}]
2026-03-29 00:59:04,567 | INFO | root | okx_gateway:place_exchange_stop:372 | Placing exchange stop LIT-USDT-SWAP short payload={'instId': 'LIT-USDT-SWAP', 'tdMode': 'isolated', 'side': 'buy', 'posSide': 'net', 'ordType': 'conditional', 'reduceOnly': 'true', 'closeFraction': '1', 'algoClOrdId': 'SLUSDTSWAP735144567', 'slTriggerPx': '0.863', 'slTriggerPxType': 'mark', 'slOrdPx': '-1'}
2026-03-29 00:59:07,075 | INFO | root | okx_gateway:place_market_order:596 | Placing order LIT-USDT-SWAP sell qty=322.0 attached_stop=False attached_stop_px=
2026-03-29 00:59:10,816 | INFO | root | okx_gateway:amend_exchange_stop:395 | Amending exchange stop THETA-USDT-SWAP algo=3430346424217591808 payload=[{'instId': 'THETA-USDT-SWAP', 'algoId': '3430346424217591808', 'newSlTriggerPx': '0.1537', 'newSlOrdPx': '-1', 'newSlTriggerPxType': 'mark'}]
2026-03-29 00:59:16,390 | INFO | root | okx_gateway:place_exchange_stop:372 | Placing exchange stop THETA-USDT-SWAP short payload={'instId': 'THETA-USDT-SWAP', 'tdMode': 'isolated', 'side': 'buy', 'posSide': 'net', 'ordType': 'conditional', 'reduceOnly': 'true', 'closeFraction': '1', 'algoClOrdId': 'SLUSDTSWAP735156390', 'slTriggerPx': '0.1537', 'slTriggerPxType': 'mark', 'slOrdPx': '-1'}
2026-03-29 00:59:28,138 | INFO | root | okx_gateway:amend_exchange_stop:395 | Amending exchange stop LPT-USDT-SWAP algo=3430353933800136704 payload=[{'instId': 'LPT-USDT-SWAP', 'algoId': '3430353933800136704', 'newSlTriggerPx': '2.082', 'newSlOrdPx': '-1', 'newSlTriggerPxType': 'mark'}]
2026-03-29 00:59:33,755 | INFO | root | okx_gateway:place_exchange_stop:372 | Placing exchange stop LPT-USDT-SWAP short payload={'instId': 'LPT-USDT-SWAP', 'tdMode': 'isolated', 'side': 'buy', 'posSide': 'net', 'ordType': 'conditional', 'reduceOnly': 'true', 'closeFraction': '1', 'algoClOrdId': 'SLUSDTSWAP735173755', 'slTriggerPx': '2.082', 'slTriggerPxType': 'mark', 'slOrdPx': '-1'}
2026-03-29 01:01:28,814 | WARNING | root | market_data_cache:_run:142 | Market-data worker temporary fetch failure for SOLV-USDT-SWAP: [WinError 10035] Операция на незаблокированном сокете не может быть завершена немедленно
2026-03-29 01:02:32,758 | INFO | root | okx_gateway:amend_exchange_stop:395 | Amending exchange stop LIT-USDT-SWAP algo=3430361680008536064 payload=[{'instId': 'LIT-USDT-SWAP', 'algoId': '3430361680008536064', 'newSlTriggerPx': '0.858', 'newSlOrdPx': '-1', 'newSlTriggerPxType': 'mark'}]
2026-03-29 01:02:38,374 | INFO | root | okx_gateway:place_exchange_stop:372 | Placing exchange stop LIT-USDT-SWAP short payload={'instId': 'LIT-USDT-SWAP', 'tdMode': 'isolated', 'side': 'buy', 'posSide': 'net', 'ordType': 'conditional', 'reduceOnly': 'true', 'closeFraction': '1', 'algoClOrdId': 'SLUSDTSWAP735358374', 'slTriggerPx': '0.858', 'slTriggerPxType': 'mark', 'slOrdPx': '-1'}
2026-03-29 01:02:52,748 | INFO | root | okx_gateway:amend_exchange_stop:395 | Amending exchange stop THETA-USDT-SWAP algo=3430362076890357760 payload=[{'instId': 'THETA-USDT-SWAP', 'algoId': '3430362076890357760', 'newSlTriggerPx': '0.1536', 'newSlOrdPx': '-1', 'newSlTriggerPxType': 'mark'}]
2026-03-29 01:02:59,560 | INFO | root | okx_gateway:place_exchange_stop:372 | Placing exchange stop THETA-USDT-SWAP short payload={'instId': 'THETA-USDT-SWAP', 'tdMode': 'isolated', 'side': 'buy', 'posSide': 'net', 'ordType': 'conditional', 'reduceOnly': 'true', 'closeFraction': '1', 'algoClOrdId': 'SLUSDTSWAP735379560', 'slTriggerPx': '0.1536', 'slTriggerPxType': 'mark', 'slOrdPx': '-1'}
2026-03-29 01:03:10,748 | INFO | root | okx_gateway:amend_exchange_stop:395 | Amending exchange stop LPT-USDT-SWAP algo=3430362659462406144 payload=[{'instId': 'LPT-USDT-SWAP', 'algoId': '3430362659462406144', 'newSlTriggerPx': '2.082', 'newSlOrdPx': '-1', 'newSlTriggerPxType': 'mark'}]
2026-03-29 01:03:22,059 | INFO | root | okx_gateway:place_exchange_stop:372 | Placing exchange stop LPT-USDT-SWAP short payload={'instId': 'LPT-USDT-SWAP', 'tdMode': 'isolated', 'side': 'buy', 'posSide': 'net', 'ordType': 'conditional', 'reduceOnly': 'true', 'closeFraction': '1', 'algoClOrdId': 'SLUSDTSWAP735402059', 'slTriggerPx': '2.083', 'slTriggerPxType': 'mark', 'slOrdPx': '-1'}
2026-03-29 01:03:33,063 | INFO | root | okx_gateway:amend_exchange_stop:395 | Amending exchange stop DOT-USDT-SWAP algo=3430354762259062784 payload=[{'instId': 'DOT-USDT-SWAP', 'algoId': '3430354762259062784', 'newSlTriggerPx': '1.271', 'newSlOrdPx': '-1', 'newSlTriggerPxType': 'mark'}]
2026-03-29 01:03:38,689 | INFO | root | okx_gateway:place_exchange_stop:372 | Placing exchange stop DOT-USDT-SWAP short payload={'instId': 'DOT-USDT-SWAP', 'tdMode': 'isolated', 'side': 'buy', 'posSide': 'net', 'ordType': 'conditional', 'reduceOnly': 'true', 'closeFraction': '1', 'algoClOrdId': 'SLUSDTSWAP735418689', 'slTriggerPx': '1.271', 'slTriggerPxType': 'mark', 'slOrdPx': '-1'}
2026-03-29 01:03:41,190 | INFO | root | okx_gateway:place_market_order:596 | Placing order DOT-USDT-SWAP sell qty=2027.9 attached_stop=False attached_stop_px=
2026-03-29 01:03:45,308 | INFO | root | okx_gateway:amend_exchange_stop:395 | Amending exchange stop INJ-USDT-SWAP algo=3430355611454627840 payload=[{'instId': 'INJ-USDT-SWAP', 'algoId': '3430355611454627840', 'newSlTriggerPx': '2.869', 'newSlOrdPx': '-1', 'newSlTriggerPxType': 'mark'}]
2026-03-29 01:03:50,933 | INFO | root | okx_gateway:place_exchange_stop:372 | Placing exchange stop INJ-USDT-SWAP short payload={'instId': 'INJ-USDT-SWAP', 'tdMode': 'isolated', 'side': 'buy', 'posSide': 'net', 'ordType': 'conditional', 'reduceOnly': 'true', 'closeFraction': '1', 'algoClOrdId': 'SLUSDTSWAP735430933', 'slTriggerPx': '2.869', 'slTriggerPxType': 'mark', 'slOrdPx': '-1'}
2026-03-29 01:06:39,301 | INFO | root | okx_gateway:amend_exchange_stop:395 | Amending exchange stop THETA-USDT-SWAP algo=3430369565300056064 payload=[{'instId': 'THETA-USDT-SWAP', 'algoId': '3430369565300056064', 'newSlTriggerPx': '0.1534', 'newSlOrdPx': '-1', 'newSlTriggerPxType': 'mark'}]
2026-03-29 01:06:44,933 | INFO | root | okx_gateway:place_exchange_stop:372 | Placing exchange stop THETA-USDT-SWAP short payload={'instId': 'THETA-USDT-SWAP', 'tdMode': 'isolated', 'side': 'buy', 'posSide': 'net', 'ordType': 'conditional', 'reduceOnly': 'true', 'closeFraction': '1', 'algoClOrdId': 'SLUSDTSWAP735604933', 'slTriggerPx': '0.1534', 'slTriggerPxType': 'mark', 'slOrdPx': '-1'}
2026-03-29 01:07:09,746 | INFO | root | okx_gateway:amend_exchange_stop:395 | Amending exchange stop INJ-USDT-SWAP algo=3430371289695870976 payload=[{'instId': 'INJ-USDT-SWAP', 'algoId': '3430371289695870976', 'newSlTriggerPx': '2.87', 'newSlOrdPx': '-1', 'newSlTriggerPxType': 'mark'}]
2026-03-29 01:07:15,368 | INFO | root | okx_gateway:place_exchange_stop:372 | Placing exchange stop INJ-USDT-SWAP short payload={'instId': 'INJ-USDT-SWAP', 'tdMode': 'isolated', 'side': 'buy', 'posSide': 'net', 'ordType': 'conditional', 'reduceOnly': 'true', 'closeFraction': '1', 'algoClOrdId': 'SLUSDTSWAP735635368', 'slTriggerPx': '2.87', 'slTriggerPxType': 'mark', 'slOrdPx': '-1'}
2026-03-29 01:07:23,866 | INFO | root | okx_gateway:amend_exchange_stop:395 | Amending exchange stop DOGE-USDT-SWAP algo=3430360657135230976 payload=[{'instId': 'DOGE-USDT-SWAP', 'algoId': '3430360657135230976', 'newSlTriggerPx': '0.09195', 'newSlOrdPx': '-1', 'newSlTriggerPxType': 'mark'}]
2026-03-29 01:07:29,490 | INFO | root | okx_gateway:place_exchange_stop:372 | Placing exchange stop DOGE-USDT-SWAP short payload={'instId': 'DOGE-USDT-SWAP', 'tdMode': 'isolated', 'side': 'buy', 'posSide': 'net', 'ordType': 'conditional', 'reduceOnly': 'true', 'closeFraction': '1', 'algoClOrdId': 'SLUSDTSWAP735649490', 'slTriggerPx': '0.09195', 'slTriggerPxType': 'mark', 'slOrdPx': '-1'}
2026-03-29 01:07:33,493 | INFO | root | okx_gateway:amend_exchange_stop:395 | Amending exchange stop XLM-USDT-SWAP algo=3430360707332661248 payload=[{'instId': 'XLM-USDT-SWAP', 'algoId': '3430360707332661248', 'newSlTriggerPx': '0.17009', 'newSlOrdPx': '-1', 'newSlTriggerPxType': 'mark'}]
2026-03-29 01:07:39,134 | INFO | root | okx_gateway:place_exchange_stop:372 | Placing exchange stop XLM-USDT-SWAP short payload={'instId': 'XLM-USDT-SWAP', 'tdMode': 'isolated', 'side': 'buy', 'posSide': 'net', 'ordType': 'conditional', 'reduceOnly': 'true', 'closeFraction': '1', 'algoClOrdId': 'SLUSDTSWAP735659134', 'slTriggerPx': '0.17009', 'slTriggerPxType': 'mark', 'slOrdPx': '-1'}
2026-03-29 01:10:28,859 | INFO | root | okx_gateway:amend_exchange_stop:395 | Amending exchange stop LIT-USDT-SWAP algo=3430368854751404032 payload=[{'instId': 'LIT-USDT-SWAP', 'algoId': '3430368854751404032', 'newSlTriggerPx': '0.857', 'newSlOrdPx': '-1', 'newSlTriggerPxType': 'mark'}]
2026-03-29 01:10:34,667 | INFO | root | okx_gateway:place_exchange_stop:372 | Placing exchange stop LIT-USDT-SWAP short payload={'instId': 'LIT-USDT-SWAP', 'tdMode': 'isolated', 'side': 'buy', 'posSide': 'net', 'ordType': 'conditional', 'reduceOnly': 'true', 'closeFraction': '1', 'algoClOrdId': 'SLUSDTSWAP735834667', 'slTriggerPx': '0.857', 'slTriggerPxType': 'mark', 'slOrdPx': '-1'}
2026-03-29 01:10:43,922 | INFO | root | okx_gateway:amend_exchange_stop:395 | Amending exchange stop THETA-USDT-SWAP algo=3430377127697276928 payload=[{'instId': 'THETA-USDT-SWAP', 'algoId': '3430377127697276928', 'newSlTriggerPx': '0.1532', 'newSlOrdPx': '-1', 'newSlTriggerPxType': 'mark'}]
2026-03-29 01:10:49,668 | INFO | root | okx_gateway:place_exchange_stop:372 | Placing exchange stop THETA-USDT-SWAP short payload={'instId': 'THETA-USDT-SWAP', 'tdMode': 'isolated', 'side': 'buy', 'posSide': 'net', 'ordType': 'conditional', 'reduceOnly': 'true', 'closeFraction': '1', 'algoClOrdId': 'SLUSDTSWAP735849668', 'slTriggerPx': '0.1532', 'slTriggerPxType': 'mark', 'slOrdPx': '-1'}
2026-03-29 01:11:05,830 | INFO | root | okx_gateway:amend_exchange_stop:395 | Amending exchange stop LPT-USDT-SWAP algo=3430370320375439360 payload=[{'instId': 'LPT-USDT-SWAP', 'algoId': '3430370320375439360', 'newSlTriggerPx': '2.081', 'newSlOrdPx': '-1', 'newSlTriggerPxType': 'mark'}]
2026-03-29 01:11:11,608 | INFO | root | okx_gateway:place_exchange_stop:372 | Placing exchange stop LPT-USDT-SWAP short payload={'instId': 'LPT-USDT-SWAP', 'tdMode': 'isolated', 'side': 'buy', 'posSide': 'net', 'ordType': 'conditional', 'reduceOnly': 'true', 'closeFraction': '1', 'algoClOrdId': 'SLUSDTSWAP735871608', 'slTriggerPx': '2.081', 'slTriggerPxType': 'mark', 'slOrdPx': '-1'}
2026-03-29 01:11:22,730 | INFO | root | okx_gateway:amend_exchange_stop:395 | Amending exchange stop INJ-USDT-SWAP algo=3430378148959969280 payload=[{'instId': 'INJ-USDT-SWAP', 'algoId': '3430378148959969280', 'newSlTriggerPx': '2.868', 'newSlOrdPx': '-1', 'newSlTriggerPxType': 'mark'}]
2026-03-29 01:11:28,479 | INFO | root | okx_gateway:place_exchange_stop:372 | Placing exchange stop INJ-USDT-SWAP short payload={'instId': 'INJ-USDT-SWAP', 'tdMode': 'isolated', 'side': 'buy', 'posSide': 'net', 'ordType': 'conditional', 'reduceOnly': 'true', 'closeFraction': '1', 'algoClOrdId': 'SLUSDTSWAP735888479', 'slTriggerPx': '2.868', 'slTriggerPxType': 'mark', 'slOrdPx': '-1'}
2026-03-29 01:11:36,977 | INFO | root | okx_gateway:amend_exchange_stop:395 | Amending exchange stop DOGE-USDT-SWAP algo=3430378622949875712 payload=[{'instId': 'DOGE-USDT-SWAP', 'algoId': '3430378622949875712', 'newSlTriggerPx': '0.09185', 'newSlOrdPx': '-1', 'newSlTriggerPxType': 'mark'}]
2026-03-29 01:11:42,748 | INFO | root | okx_gateway:place_exchange_stop:372 | Placing exchange stop DOGE-USDT-SWAP short payload={'instId': 'DOGE-USDT-SWAP', 'tdMode': 'isolated', 'side': 'buy', 'posSide': 'net', 'ordType': 'conditional', 'reduceOnly': 'true', 'closeFraction': '1', 'algoClOrdId': 'SLUSDTSWAP735902748', 'slTriggerPx': '0.09185', 'slTriggerPxType': 'mark', 'slOrdPx': '-1'}
2026-03-29 01:11:47,527 | INFO | root | okx_gateway:amend_exchange_stop:395 | Amending exchange stop XLM-USDT-SWAP algo=3430378946213273600 payload=[{'instId': 'XLM-USDT-SWAP', 'algoId': '3430378946213273600', 'newSlTriggerPx': '0.16998', 'newSlOrdPx': '-1', 'newSlTriggerPxType': 'mark'}]
2026-03-29 01:11:53,727 | INFO | root | okx_gateway:place_exchange_stop:372 | Placing exchange stop XLM-USDT-SWAP short payload={'instId': 'XLM-USDT-SWAP', 'tdMode': 'isolated', 'side': 'buy', 'posSide': 'net', 'ordType': 'conditional', 'reduceOnly': 'true', 'closeFraction': '1', 'algoClOrdId': 'SLUSDTSWAP735913727', 'slTriggerPx': '0.16998', 'slTriggerPxType': 'mark', 'slOrdPx': '-1'}
2026-03-29 01:11:56,231 | INFO | root | okx_gateway:place_market_order:596 | Placing order XLM-USDT-SWAP sell qty=141.37 attached_stop=False attached_stop_px=
2026-03-29 01:13:19,288 | WARNING | root | market_data_cache:_run:142 | Market-data worker temporary fetch failure for COMP-USDT-SWAP: [WinError 10035] Операция на незаблокированном сокете не может быть завершена немедленно
2026-03-29 01:14:22,725 | WARNING | root | market_data_cache:_run:142 | Market-data worker temporary fetch failure for ARB-USDT-SWAP: [WinError 10035] Операция на незаблокированном сокете не может быть завершена немедленно
2026-03-29 01:14:40,216 | INFO | root | okx_gateway:amend_exchange_stop:395 | Amending exchange stop LIT-USDT-SWAP algo=3430384836089831424 payload=[{'instId': 'LIT-USDT-SWAP', 'algoId': '3430384836089831424', 'newSlTriggerPx': '0.858', 'newSlOrdPx': '-1', 'newSlTriggerPxType': 'mark'}]
2026-03-29 01:14:46,203 | INFO | root | okx_gateway:place_exchange_stop:372 | Placing exchange stop LIT-USDT-SWAP short payload={'instId': 'LIT-USDT-SWAP', 'tdMode': 'isolated', 'side': 'buy', 'posSide': 'net', 'ordType': 'conditional', 'reduceOnly': 'true', 'closeFraction': '1', 'algoClOrdId': 'SLUSDTSWAP736086203', 'slTriggerPx': '0.858', 'slTriggerPxType': 'mark', 'slOrdPx': '-1'}
2026-03-29 01:15:30,855 | INFO | root | okx_gateway:amend_exchange_stop:395 | Amending exchange stop DOGE-USDT-SWAP algo=3430387120811106304 payload=[{'instId': 'DOGE-USDT-SWAP', 'algoId': '3430387120811106304', 'newSlTriggerPx': '0.0918', 'newSlOrdPx': '-1', 'newSlTriggerPxType': 'mark'}]
2026-03-29 01:15:36,656 | INFO | root | okx_gateway:place_exchange_stop:372 | Placing exchange stop DOGE-USDT-SWAP short payload={'instId': 'DOGE-USDT-SWAP', 'tdMode': 'isolated', 'side': 'buy', 'posSide': 'net', 'ordType': 'conditional', 'reduceOnly': 'true', 'closeFraction': '1', 'algoClOrdId': 'SLUSDTSWAP736136656', 'slTriggerPx': '0.0918', 'slTriggerPxType': 'mark', 'slOrdPx': '-1'}
2026-03-29 01:15:39,161 | INFO | root | okx_gateway:place_market_order:596 | Placing order DOGE-USDT-SWAP sell qty=26.47 attached_stop=False attached_stop_px=
2026-03-29 01:15:42,166 | INFO | root | okx_gateway:amend_exchange_stop:395 | Amending exchange stop XLM-USDT-SWAP algo=3430387489171660800 payload=[{'instId': 'XLM-USDT-SWAP', 'algoId': '3430387489171660800', 'newSlTriggerPx': '0.16983', 'newSlOrdPx': '-1', 'newSlTriggerPxType': 'mark'}]
2026-03-29 01:15:48,348 | INFO | root | okx_gateway:place_exchange_stop:372 | Placing exchange stop XLM-USDT-SWAP short payload={'instId': 'XLM-USDT-SWAP', 'tdMode': 'isolated', 'side': 'buy', 'posSide': 'net', 'ordType': 'conditional', 'reduceOnly': 'true', 'closeFraction': '1', 'algoClOrdId': 'SLUSDTSWAP736148348', 'slTriggerPx': '0.16983', 'slTriggerPxType': 'mark', 'slOrdPx': '-1'}
2026-03-29 01:15:50,803 | INFO | root | okx_gateway:place_market_order:596 | Placing order XLM-USDT-SWAP sell qty=141.37 attached_stop=False attached_stop_px=
2026-03-29 01:17:44,731 | WARNING | root | market_data_cache:_run:142 | Market-data worker temporary fetch failure for JUP-USDT-SWAP: [WinError 10035] Операция на незаблокированном сокете не может быть завершена немедленно
2026-03-29 01:18:19,028 | WARNING | root | market_data_cache:_run:142 | Market-data worker temporary fetch failure for INJ-USDT-SWAP: [WinError 10035] Операция на незаблокированном сокете не может быть завершена немедленно
2026-03-29 01:18:39,906 | INFO | root | okx_gateway:place_exchange_stop:372 | Placing exchange stop LIT-USDT-SWAP short payload={'instId': 'LIT-USDT-SWAP', 'tdMode': 'isolated', 'side': 'buy', 'posSide': 'net', 'ordType': 'conditional', 'reduceOnly': 'true', 'closeFraction': '1', 'algoClOrdId': 'SLUSDTSWAP736319906', 'slTriggerPx': '0.862', 'slTriggerPxType': 'mark', 'slOrdPx': '-1'}
2026-03-29 01:18:40,989 | INFO | root | okx_gateway:close_position:428 | Closing position LIT-USDT-SWAP. Синхронизация: позиция отсутствует на бирже
2026-03-29 01:18:45,088 | INFO | root | okx_gateway:amend_exchange_stop:395 | Amending exchange stop THETA-USDT-SWAP algo=3430385340211617792 payload=[{'instId': 'THETA-USDT-SWAP', 'algoId': '3430385340211617792', 'newSlTriggerPx': '0.1531', 'newSlOrdPx': '-1', 'newSlTriggerPxType': 'mark'}]
2026-03-29 01:18:50,842 | INFO | root | okx_gateway:place_exchange_stop:372 | Placing exchange stop THETA-USDT-SWAP short payload={'instId': 'THETA-USDT-SWAP', 'tdMode': 'isolated', 'side': 'buy', 'posSide': 'net', 'ordType': 'conditional', 'reduceOnly': 'true', 'closeFraction': '1', 'algoClOrdId': 'SLUSDTSWAP736330842', 'slTriggerPx': '0.1531', 'slTriggerPxType': 'mark', 'slOrdPx': '-1'}
2026-03-29 01:19:03,148 | INFO | root | okx_gateway:amend_exchange_stop:395 | Amending exchange stop LPT-USDT-SWAP algo=3430386075825430528 payload=[{'instId': 'LPT-USDT-SWAP', 'algoId': '3430386075825430528', 'newSlTriggerPx': '2.084', 'newSlOrdPx': '-1', 'newSlTriggerPxType': 'mark'}]
2026-03-29 01:19:08,905 | INFO | root | okx_gateway:place_exchange_stop:372 | Placing exchange stop LPT-USDT-SWAP short payload={'instId': 'LPT-USDT-SWAP', 'tdMode': 'isolated', 'side': 'buy', 'posSide': 'net', 'ordType': 'conditional', 'reduceOnly': 'true', 'closeFraction': '1', 'algoClOrdId': 'SLUSDTSWAP736348905', 'slTriggerPx': '2.084', 'slTriggerPxType': 'mark', 'slOrdPx': '-1'}
2026-03-29 01:19:35,091 | INFO | root | okx_gateway:place_exchange_stop:372 | Placing exchange stop INJ-USDT-SWAP short payload={'instId': 'INJ-USDT-SWAP', 'tdMode': 'isolated', 'side': 'buy', 'posSide': 'net', 'ordType': 'conditional', 'reduceOnly': 'true', 'closeFraction': '1', 'algoClOrdId': 'SLUSDTSWAP736375091', 'slTriggerPx': '2.873', 'slTriggerPxType': 'mark', 'slOrdPx': '-1'}
2026-03-29 01:19:36,173 | INFO | root | okx_gateway:close_position:428 | Closing position INJ-USDT-SWAP. Синхронизация: позиция отсутствует на бирже
2026-03-29 01:21:08,021 | WARNING | root | market_data_cache:_run:142 | Market-data worker temporary fetch failure for THETA-USDT-SWAP: [WinError 10035] Операция на незаблокированном сокете не может быть завершена немедленно
2026-03-29 01:22:38,084 | INFO | root | okx_gateway:place_exchange_stop:372 | Placing exchange stop THETA-USDT-SWAP short payload={'instId': 'THETA-USDT-SWAP', 'tdMode': 'isolated', 'side': 'buy', 'posSide': 'net', 'ordType': 'conditional', 'reduceOnly': 'true', 'closeFraction': '1', 'algoClOrdId': 'SLUSDTSWAP736558084', 'slTriggerPx': '0.1535', 'slTriggerPxType': 'mark', 'slOrdPx': '-1'}
2026-03-29 01:22:39,173 | INFO | root | okx_gateway:close_position:428 | Closing position THETA-USDT-SWAP. Синхронизация: позиция отсутствует на бирже
2026-03-29 01:23:22,333 | INFO | root | okx_gateway:place_exchange_stop:372 | Placing exchange stop DOT-USDT-SWAP short payload={'instId': 'DOT-USDT-SWAP', 'tdMode': 'isolated', 'side': 'buy', 'posSide': 'net', 'ordType': 'conditional', 'reduceOnly': 'true', 'closeFraction': '1', 'algoClOrdId': 'SLUSDTSWAP736602333', 'slTriggerPx': '1.273', 'slTriggerPxType': 'mark', 'slOrdPx': '-1'}
2026-03-29 01:23:23,419 | INFO | root | okx_gateway:close_position:428 | Closing position DOT-USDT-SWAP. Синхронизация: позиция отсутствует на бирже
2026-03-29 01:25:27,265 | WARNING | root | market_data_cache:_run:142 | Market-data worker temporary fetch failure for ACT-USDT-SWAP: [WinError 10035] Операция на незаблокированном сокете не может быть завершена немедленно
2026-03-29 01:26:10,831 | INFO | root | okx_gateway:amend_exchange_stop:395 | Amending exchange stop MET-USDT-SWAP algo=3430314452011278336 payload=[{'instId': 'MET-USDT-SWAP', 'algoId': '3430314452011278336', 'newSlTriggerPx': '0.1427', 'newSlOrdPx': '-1', 'newSlTriggerPxType': 'mark'}]
2026-03-29 01:26:16,588 | INFO | root | okx_gateway:place_exchange_stop:372 | Placing exchange stop MET-USDT-SWAP short payload={'instId': 'MET-USDT-SWAP', 'tdMode': 'isolated', 'side': 'buy', 'posSide': 'net', 'ordType': 'conditional', 'reduceOnly': 'true', 'closeFraction': '1', 'algoClOrdId': 'SLUSDTSWAP736776588', 'slTriggerPx': '0.1427', 'slTriggerPxType': 'mark', 'slOrdPx': '-1'}
2026-03-29 01:26:51,635 | INFO | root | okx_gateway:amend_exchange_stop:395 | Amending exchange stop DOGE-USDT-SWAP algo=3430394969595404288 payload=[{'instId': 'DOGE-USDT-SWAP', 'algoId': '3430394969595404288', 'newSlTriggerPx': '0.0919', 'newSlOrdPx': '-1', 'newSlTriggerPxType': 'mark'}]
2026-03-29 01:26:57,759 | INFO | root | okx_gateway:place_exchange_stop:372 | Placing exchange stop DOGE-USDT-SWAP short payload={'instId': 'DOGE-USDT-SWAP', 'tdMode': 'isolated', 'side': 'buy', 'posSide': 'net', 'ordType': 'conditional', 'reduceOnly': 'true', 'closeFraction': '1', 'algoClOrdId': 'SLUSDTSWAP736817759', 'slTriggerPx': '0.0919', 'slTriggerPxType': 'mark', 'slOrdPx': '-1'}
2026-03-29 01:27:55,386 | WARNING | root | market_data_cache:_run:142 | Market-data worker temporary fetch failure for ROBO-USDT-SWAP: [WinError 10035] Операция на незаблокированном сокете не может быть завершена немедленно
2026-03-29 01:28:11,510 | WARNING | root | market_data_cache:_run:142 | Market-data worker temporary fetch failure for YGG-USDT-SWAP: [WinError 10035] Операция на незаблокированном сокете не может быть завершена немедленно
2026-03-29 01:28:43,764 | WARNING | root | market_data_cache:_run:142 | Market-data worker temporary fetch failure for CAT-USDT-SWAP: [WinError 10035] Операция на незаблокированном сокете не может быть завершена немедленно
2026-03-29 01:29:47,673 | INFO | root | okx_gateway:amend_exchange_stop:395 | Amending exchange stop MET-USDT-SWAP algo=3430416444465438720 payload=[{'instId': 'MET-USDT-SWAP', 'algoId': '3430416444465438720', 'newSlTriggerPx': '0.1426', 'newSlOrdPx': '-1', 'newSlTriggerPxType': 'mark'}]
2026-03-29 01:29:53,442 | INFO | root | okx_gateway:place_exchange_stop:372 | Placing exchange stop MET-USDT-SWAP short payload={'instId': 'MET-USDT-SWAP', 'tdMode': 'isolated', 'side': 'buy', 'posSide': 'net', 'ordType': 'conditional', 'reduceOnly': 'true', 'closeFraction': '1', 'algoClOrdId': 'SLUSDTSWAP736993442', 'slTriggerPx': '0.1426', 'slTriggerPxType': 'mark', 'slOrdPx': '-1'}
2026-03-29 01:32:14,191 | WARNING | root | market_data_cache:_run:142 | Market-data worker temporary fetch failure for XSR-USDT-SWAP: [WinError 10035] Операция на незаблокированном сокете не может быть завершена немедленно
2026-03-29 01:33:20,937 | INFO | root | okx_gateway:amend_exchange_stop:395 | Amending exchange stop LPT-USDT-SWAP algo=3430402091724922880 payload=[{'instId': 'LPT-USDT-SWAP', 'algoId': '3430402091724922880', 'newSlTriggerPx': '2.083', 'newSlOrdPx': '-1', 'newSlTriggerPxType': 'mark'}]
2026-03-29 01:33:26,691 | INFO | root | okx_gateway:place_exchange_stop:372 | Placing exchange stop LPT-USDT-SWAP short payload={'instId': 'LPT-USDT-SWAP', 'tdMode': 'isolated', 'side': 'buy', 'posSide': 'net', 'ordType': 'conditional', 'reduceOnly': 'true', 'closeFraction': '1', 'algoClOrdId': 'SLUSDTSWAP737206691', 'slTriggerPx': '2.083', 'slTriggerPxType': 'mark', 'slOrdPx': '-1'}
2026-03-29 01:33:46,192 | INFO | root | okx_gateway:amend_exchange_stop:395 | Amending exchange stop DOGE-USDT-SWAP algo=3430417823485485056 payload=[{'instId': 'DOGE-USDT-SWAP', 'algoId': '3430417823485485056', 'newSlTriggerPx': '0.09185', 'newSlOrdPx': '-1', 'newSlTriggerPxType': 'mark'}]
2026-03-29 01:33:52,063 | INFO | root | okx_gateway:place_exchange_stop:372 | Placing exchange stop DOGE-USDT-SWAP short payload={'instId': 'DOGE-USDT-SWAP', 'tdMode': 'isolated', 'side': 'buy', 'posSide': 'net', 'ordType': 'conditional', 'reduceOnly': 'true', 'closeFraction': '1', 'algoClOrdId': 'SLUSDTSWAP737232063', 'slTriggerPx': '0.09185', 'slTriggerPxType': 'mark', 'slOrdPx': '-1'}
2026-03-29 01:37:10,620 | INFO | root | okx_gateway:amend_exchange_stop:395 | Amending exchange stop DOGE-USDT-SWAP algo=3430431725388652544 payload=[{'instId': 'DOGE-USDT-SWAP', 'algoId': '3430431725388652544', 'newSlTriggerPx': '0.0918', 'newSlOrdPx': '-1', 'newSlTriggerPxType': 'mark'}]
2026-03-29 01:37:16,427 | INFO | root | okx_gateway:place_exchange_stop:372 | Placing exchange stop DOGE-USDT-SWAP short payload={'instId': 'DOGE-USDT-SWAP', 'tdMode': 'isolated', 'side': 'buy', 'posSide': 'net', 'ordType': 'conditional', 'reduceOnly': 'true', 'closeFraction': '1', 'algoClOrdId': 'SLUSDTSWAP737436427', 'slTriggerPx': '0.0918', 'slTriggerPxType': 'mark', 'slOrdPx': '-1'}
2026-03-29 01:37:25,310 | INFO | root | okx_gateway:amend_exchange_stop:395 | Amending exchange stop XLM-USDT-SWAP algo=3430395362048040960 payload=[{'instId': 'XLM-USDT-SWAP', 'algoId': '3430395362048040960', 'newSlTriggerPx': '0.16975', 'newSlOrdPx': '-1', 'newSlTriggerPxType': 'mark'}]
2026-03-29 01:37:31,117 | INFO | root | okx_gateway:place_exchange_stop:372 | Placing exchange stop XLM-USDT-SWAP short payload={'instId': 'XLM-USDT-SWAP', 'tdMode': 'isolated', 'side': 'buy', 'posSide': 'net', 'ordType': 'conditional', 'reduceOnly': 'true', 'closeFraction': '1', 'algoClOrdId': 'SLUSDTSWAP737451117', 'slTriggerPx': '0.16975', 'slTriggerPxType': 'mark', 'slOrdPx': '-1'}
2026-03-29 01:37:41,992 | WARNING | root | market_data_cache:_run:142 | Market-data worker temporary fetch failure for PIGGY-USDT-SWAP: [WinError 10035] Операция на незаблокированном сокете не может быть завершена немедленно
2026-03-29 01:37:51,962 | WARNING | root | market_data_cache:_run:142 | Market-data worker temporary fetch failure for SUSHI-USDT-SWAP: [WinError 10035] Операция на незаблокированном сокете не может быть завершена немедленно
2026-03-29 01:38:02,940 | WARNING | root | market_data_cache:_run:142 | Market-data worker temporary fetch failure for LPT-USDT-SWAP: [WinError 10035] Операция на незаблокированном сокете не может быть завершена немедленно
2026-03-29 01:40:16,362 | INFO | root | okx_gateway:amend_exchange_stop:395 | Amending exchange stop LPT-USDT-SWAP algo=3430430874146267136 payload=[{'instId': 'LPT-USDT-SWAP', 'algoId': '3430430874146267136', 'newSlTriggerPx': '2.082', 'newSlOrdPx': '-1', 'newSlTriggerPxType': 'mark'}]
2026-03-29 01:40:22,114 | INFO | root | okx_gateway:place_exchange_stop:372 | Placing exchange stop LPT-USDT-SWAP short payload={'instId': 'LPT-USDT-SWAP', 'tdMode': 'isolated', 'side': 'buy', 'posSide': 'net', 'ordType': 'conditional', 'reduceOnly': 'true', 'closeFraction': '1', 'algoClOrdId': 'SLUSDTSWAP737622114', 'slTriggerPx': '2.082', 'slTriggerPxType': 'mark', 'slOrdPx': '-1'}
2026-03-29 01:40:40,487 | INFO | root | okx_gateway:close_position:428 | Closing position LPT-USDT-SWAP. Канальный выход 10 свечей
2026-03-29 01:40:49,737 | INFO | root | okx_gateway:place_market_order:596 | Placing order DOGE-USDT-SWAP sell qty=26.47 attached_stop=False attached_stop_px=
2026-03-29 01:41:16,989 | WARNING | root | market_data_cache:_run:142 | Market-data worker temporary fetch failure for CRO-USDT-SWAP: [WinError 10035] Операция на незаблокированном сокете не может быть завершена немедленно
2026-03-29 01:41:32,362 | WARNING | root | market_data_cache:_run:142 | Market-data worker temporary fetch failure for HOME-USDT-SWAP: [WinError 10035] Операция на незаблокированном сокете не может быть завершена немедленно
2026-03-29 01:43:20,048 | INFO | root | okx_gateway:place_market_order:596 | Placing order THETA-USDT-SWAP sell qty=1624.0 attached_stop=True attached_stop_px=0.1564
2026-03-29 01:43:30,484 | INFO | root | okx_gateway:amend_exchange_stop:395 | Amending exchange stop MET-USDT-SWAP algo=3430423718562979840 payload=[{'instId': 'MET-USDT-SWAP', 'algoId': '3430423718562979840', 'newSlTriggerPx': '0.142', 'newSlOrdPx': '-1', 'newSlTriggerPxType': 'mark'}]
2026-03-29 01:43:36,046 | INFO | root | okx_gateway:place_exchange_stop:372 | Placing exchange stop MET-USDT-SWAP short payload={'instId': 'MET-USDT-SWAP', 'tdMode': 'isolated', 'side': 'buy', 'posSide': 'net', 'ordType': 'conditional', 'reduceOnly': 'true', 'closeFraction': '1', 'algoClOrdId': 'SLUSDTSWAP737816046', 'slTriggerPx': '0.142', 'slTriggerPxType': 'mark', 'slOrdPx': '-1'}
2026-03-29 01:46:38,850 | INFO | root | okx_gateway:amend_exchange_stop:395 | Amending exchange stop MET-USDT-SWAP algo=3430451320338079744 payload=[{'instId': 'MET-USDT-SWAP', 'algoId': '3430451320338079744', 'newSlTriggerPx': '0.1419', 'newSlOrdPx': '-1', 'newSlTriggerPxType': 'mark'}]
2026-03-29 01:46:44,850 | INFO | root | okx_gateway:place_exchange_stop:372 | Placing exchange stop MET-USDT-SWAP short payload={'instId': 'MET-USDT-SWAP', 'tdMode': 'isolated', 'side': 'buy', 'posSide': 'net', 'ordType': 'conditional', 'reduceOnly': 'true', 'closeFraction': '1', 'algoClOrdId': 'SLUSDTSWAP738004850', 'slTriggerPx': '0.1419', 'slTriggerPxType': 'mark', 'slOrdPx': '-1'}
2026-03-29 01:46:54,295 | INFO | root | okx_gateway:place_market_order:596 | Placing order DOGE-USDT-SWAP sell qty=26.47 attached_stop=False attached_stop_px=
2026-03-29 01:46:57,293 | INFO | root | okx_gateway:place_market_order:596 | Placing order XLM-USDT-SWAP sell qty=141.37 attached_stop=False attached_stop_px=
2026-03-29 01:49:42,901 | INFO | root | okx_gateway:amend_exchange_stop:395 | Amending exchange stop MET-USDT-SWAP algo=3430457655951712256 payload=[{'instId': 'MET-USDT-SWAP', 'algoId': '3430457655951712256', 'newSlTriggerPx': '0.142', 'newSlOrdPx': '-1', 'newSlTriggerPxType': 'mark'}]
2026-03-29 01:49:48,964 | INFO | root | okx_gateway:place_exchange_stop:372 | Placing exchange stop MET-USDT-SWAP short payload={'instId': 'MET-USDT-SWAP', 'tdMode': 'isolated', 'side': 'buy', 'posSide': 'net', 'ordType': 'conditional', 'reduceOnly': 'true', 'closeFraction': '1', 'algoClOrdId': 'SLUSDTSWAP738188964', 'slTriggerPx': '0.142', 'slTriggerPxType': 'mark', 'slOrdPx': '-1'}
2026-03-29 01:51:47,157 | WARNING | root | market_data_cache:_run:142 | Market-data worker temporary fetch failure for SCR-USDT-SWAP: [WinError 10035] Операция на незаблокированном сокете не может быть завершена немедленно
2026-03-29 01:52:39,467 | WARNING | root | market_data_cache:_run:142 | Market-data worker temporary fetch failure for CFX-USDT-SWAP: [WinError 10035] Операция на незаблокированном сокете не может быть завершена немедленно
2026-03-29 01:52:49,781 | INFO | root | okx_gateway:amend_exchange_stop:395 | Amending exchange stop MET-USDT-SWAP algo=3430463833993732096 payload=[{'instId': 'MET-USDT-SWAP', 'algoId': '3430463833993732096', 'newSlTriggerPx': '0.1421', 'newSlOrdPx': '-1', 'newSlTriggerPxType': 'mark'}]
2026-03-29 01:52:55,401 | INFO | root | okx_gateway:place_exchange_stop:372 | Placing exchange stop MET-USDT-SWAP short payload={'instId': 'MET-USDT-SWAP', 'tdMode': 'isolated', 'side': 'buy', 'posSide': 'net', 'ordType': 'conditional', 'reduceOnly': 'true', 'closeFraction': '1', 'algoClOrdId': 'SLUSDTSWAP738375401', 'slTriggerPx': '0.1421', 'slTriggerPxType': 'mark', 'slOrdPx': '-1'}
2026-03-29 01:53:16,839 | INFO | root | okx_gateway:place_exchange_stop:372 | Placing exchange stop XLM-USDT-SWAP short payload={'instId': 'XLM-USDT-SWAP', 'tdMode': 'isolated', 'side': 'buy', 'posSide': 'net', 'ordType': 'conditional', 'reduceOnly': 'true', 'closeFraction': '1', 'algoClOrdId': 'SLUSDTSWAP738396839', 'slTriggerPx': '0.16989', 'slTriggerPxType': 'mark', 'slOrdPx': '-1'}
2026-03-29 01:53:17,915 | INFO | root | okx_gateway:close_position:428 | Closing position XLM-USDT-SWAP. Синхронизация: позиция отсутствует на бирже
2026-03-29 01:53:22,032 | INFO | root | okx_gateway:amend_exchange_stop:395 | Amending exchange stop THETA-USDT-SWAP algo=3430450787527254016 payload=[{'instId': 'THETA-USDT-SWAP', 'algoId': '3430450787527254016', 'newSlTriggerPx': '0.1529', 'newSlOrdPx': '-1', 'newSlTriggerPxType': 'mark'}]
2026-03-29 01:53:27,655 | INFO | root | okx_gateway:place_exchange_stop:372 | Placing exchange stop THETA-USDT-SWAP short payload={'instId': 'THETA-USDT-SWAP', 'tdMode': 'isolated', 'side': 'buy', 'posSide': 'net', 'ordType': 'conditional', 'reduceOnly': 'true', 'closeFraction': '1', 'algoClOrdId': 'SLUSDTSWAP738407655', 'slTriggerPx': '0.1529', 'slTriggerPxType': 'mark', 'slOrdPx': '-1'}
2026-03-29 01:56:08,582 | INFO | root | okx_gateway:amend_exchange_stop:395 | Amending exchange stop MET-USDT-SWAP algo=3430470089747816448 payload=[{'instId': 'MET-USDT-SWAP', 'algoId': '3430470089747816448', 'newSlTriggerPx': '0.1422', 'newSlOrdPx': '-1', 'newSlTriggerPxType': 'mark'}]
2026-03-29 01:56:14,363 | INFO | root | okx_gateway:place_exchange_stop:372 | Placing exchange stop MET-USDT-SWAP short payload={'instId': 'MET-USDT-SWAP', 'tdMode': 'isolated', 'side': 'buy', 'posSide': 'net', 'ordType': 'conditional', 'reduceOnly': 'true', 'closeFraction': '1', 'algoClOrdId': 'SLUSDTSWAP738574363', 'slTriggerPx': '0.1422', 'slTriggerPxType': 'mark', 'slOrdPx': '-1'}
2026-03-29 01:57:49,957 | WARNING | root | market_data_cache:_run:142 | Market-data worker temporary fetch failure for XRP-USDT-SWAP: [WinError 10035] Операция на незаблокированном сокете не может быть завершена немедленно
2026-03-29 01:59:19,078 | INFO | root | okx_gateway:amend_exchange_stop:395 | Amending exchange stop MET-USDT-SWAP algo=3430476766610022400 payload=[{'instId': 'MET-USDT-SWAP', 'algoId': '3430476766610022400', 'newSlTriggerPx': '0.142', 'newSlOrdPx': '-1', 'newSlTriggerPxType': 'mark'}]
2026-03-29 01:59:24,829 | INFO | root | okx_gateway:place_exchange_stop:372 | Placing exchange stop MET-USDT-SWAP short payload={'instId': 'MET-USDT-SWAP', 'tdMode': 'isolated', 'side': 'buy', 'posSide': 'net', 'ordType': 'conditional', 'reduceOnly': 'true', 'closeFraction': '1', 'algoClOrdId': 'SLUSDTSWAP738764829', 'slTriggerPx': '0.142', 'slTriggerPxType': 'mark', 'slOrdPx': '-1'}
2026-03-29 02:02:36,635 | INFO | root | okx_gateway:amend_exchange_stop:395 | Amending exchange stop MET-USDT-SWAP algo=3430483156548280320 payload=[{'instId': 'MET-USDT-SWAP', 'algoId': '3430483156548280320', 'newSlTriggerPx': '0.1419', 'newSlOrdPx': '-1', 'newSlTriggerPxType': 'mark'}]
2026-03-29 02:02:42,448 | INFO | root | okx_gateway:place_exchange_stop:372 | Placing exchange stop MET-USDT-SWAP short payload={'instId': 'MET-USDT-SWAP', 'tdMode': 'isolated', 'side': 'buy', 'posSide': 'net', 'ordType': 'conditional', 'reduceOnly': 'true', 'closeFraction': '1', 'algoClOrdId': 'SLUSDTSWAP738962448', 'slTriggerPx': '0.1419', 'slTriggerPxType': 'mark', 'slOrdPx': '-1'}
2026-03-29 02:03:05,016 | INFO | root | okx_gateway:place_exchange_stop:372 | Placing exchange stop THETA-USDT-SWAP short payload={'instId': 'THETA-USDT-SWAP', 'tdMode': 'isolated', 'side': 'buy', 'posSide': 'net', 'ordType': 'conditional', 'reduceOnly': 'true', 'closeFraction': '1', 'algoClOrdId': 'SLUSDTSWAP738985016', 'slTriggerPx': '0.1534', 'slTriggerPxType': 'mark', 'slOrdPx': '-1'}
2026-03-29 02:03:06,101 | INFO | root | okx_gateway:close_position:428 | Closing position THETA-USDT-SWAP. Синхронизация: позиция отсутствует на бирже
2026-03-29 02:06:14,118 | INFO | root | okx_gateway:amend_exchange_stop:395 | Amending exchange stop DOGE-USDT-SWAP algo=3430438583411236864 payload=[{'instId': 'DOGE-USDT-SWAP', 'algoId': '3430438583411236864', 'newSlTriggerPx': '0.09175', 'newSlOrdPx': '-1', 'newSlTriggerPxType': 'mark'}]
2026-03-29 02:06:20,324 | INFO | root | okx_gateway:place_exchange_stop:372 | Placing exchange stop DOGE-USDT-SWAP short payload={'instId': 'DOGE-USDT-SWAP', 'tdMode': 'isolated', 'side': 'buy', 'posSide': 'net', 'ordType': 'conditional', 'reduceOnly': 'true', 'closeFraction': '1', 'algoClOrdId': 'SLUSDTSWAP739180324', 'slTriggerPx': '0.09175', 'slTriggerPxType': 'mark', 'slOrdPx': '-1'}
2026-03-29 02:06:55,193 | WARNING | root | market_data_cache:_run:142 | Market-data worker temporary fetch failure for FIL-USDT-SWAP: [WinError 10035] Операция на незаблокированном сокете не может быть завершена немедленно
2026-03-29 02:08:14,130 | WARNING | root | market_data_cache:_run:142 | Market-data worker temporary fetch failure for CAT-USDT-SWAP: [WinError 10035] Операция на незаблокированном сокете не может быть завершена немедленно
2026-03-29 02:09:04,187 | INFO | root | okx_gateway:place_market_order:596 | Placing order ICP-USDT-SWAP sell qty=121273.0 attached_stop=True attached_stop_px=2.265
2026-03-29 02:11:56,254 | INFO | root | okx_gateway:place_market_order:596 | Placing order NEAR-USDT-SWAP sell qty=230.1 attached_stop=True attached_stop_px=1.1918
2026-03-29 02:11:58,558 | INFO | root | okx_gateway:place_market_order:596 | Placing order LINK-USDT-SWAP sell qty=315.53 attached_stop=True attached_stop_px=8.626
2026-03-29 02:12:00,935 | INFO | root | okx_gateway:place_market_order:596 | Placing order INJ-USDT-SWAP sell qty=9322.0 attached_stop=True attached_stop_px=2.897
2026-03-29 02:12:10,631 | INFO | root | okx_gateway:amend_exchange_stop:395 | Amending exchange stop MET-USDT-SWAP algo=3430489787440914432 payload=[{'instId': 'MET-USDT-SWAP', 'algoId': '3430489787440914432', 'newSlTriggerPx': '0.1418', 'newSlOrdPx': '-1', 'newSlTriggerPxType': 'mark'}]
2026-03-29 02:12:16,260 | INFO | root | okx_gateway:place_exchange_stop:372 | Placing exchange stop MET-USDT-SWAP short payload={'instId': 'MET-USDT-SWAP', 'tdMode': 'isolated', 'side': 'buy', 'posSide': 'net', 'ordType': 'conditional', 'reduceOnly': 'true', 'closeFraction': '1', 'algoClOrdId': 'SLUSDTSWAP739536260', 'slTriggerPx': '0.1418', 'slTriggerPxType': 'mark', 'slOrdPx': '-1'}
2026-03-29 02:12:23,690 | INFO | root | okx_gateway:amend_exchange_stop:395 | Amending exchange stop MET-USDT-SWAP algo=3430509042618163200 payload=[{'instId': 'MET-USDT-SWAP', 'algoId': '3430509042618163200', 'newSlTriggerPx': '0.1412', 'newSlOrdPx': '-1', 'newSlTriggerPxType': 'mark'}]
2026-03-29 02:12:29,682 | INFO | root | okx_gateway:place_exchange_stop:372 | Placing exchange stop MET-USDT-SWAP short payload={'instId': 'MET-USDT-SWAP', 'tdMode': 'isolated', 'side': 'buy', 'posSide': 'net', 'ordType': 'conditional', 'reduceOnly': 'true', 'closeFraction': '1', 'algoClOrdId': 'SLUSDTSWAP739549682', 'slTriggerPx': '0.1412', 'slTriggerPxType': 'mark', 'slOrdPx': '-1'}
2026-03-29 02:12:34,067 | INFO | root | okx_gateway:amend_exchange_stop:395 | Amending exchange stop DOGE-USDT-SWAP algo=3430497098817429504 payload=[{'instId': 'DOGE-USDT-SWAP', 'algoId': '3430497098817429504', 'newSlTriggerPx': '0.091', 'newSlOrdPx': '-1', 'newSlTriggerPxType': 'mark'}]
2026-03-29 02:12:39,685 | INFO | root | okx_gateway:place_exchange_stop:372 | Placing exchange stop DOGE-USDT-SWAP short payload={'instId': 'DOGE-USDT-SWAP', 'tdMode': 'isolated', 'side': 'buy', 'posSide': 'net', 'ordType': 'conditional', 'reduceOnly': 'true', 'closeFraction': '1', 'algoClOrdId': 'SLUSDTSWAP739559685', 'slTriggerPx': '0.091', 'slTriggerPxType': 'mark', 'slOrdPx': '-1'}
2026-03-29 02:12:43,687 | INFO | root | okx_gateway:place_market_order:596 | Placing order ICP-USDT-SWAP sell qty=121273.0 attached_stop=False attached_stop_px=
2026-03-29 02:15:29,808 | INFO | root | okx_gateway:place_market_order:596 | Placing order THETA-USDT-SWAP sell qty=1721.0 attached_stop=True attached_stop_px=0.154
2026-03-29 02:15:47,364 | INFO | root | okx_gateway:amend_exchange_stop:395 | Amending exchange stop DOGE-USDT-SWAP algo=3430509827724763136 payload=[{'instId': 'DOGE-USDT-SWAP', 'algoId': '3430509827724763136', 'newSlTriggerPx': '0.09085', 'newSlOrdPx': '-1', 'newSlTriggerPxType': 'mark'}]
2026-03-29 02:15:52,995 | INFO | root | okx_gateway:place_exchange_stop:372 | Placing exchange stop DOGE-USDT-SWAP short payload={'instId': 'DOGE-USDT-SWAP', 'tdMode': 'isolated', 'side': 'buy', 'posSide': 'net', 'ordType': 'conditional', 'reduceOnly': 'true', 'closeFraction': '1', 'algoClOrdId': 'SLUSDTSWAP739752995', 'slTriggerPx': '0.09085', 'slTriggerPxType': 'mark', 'slOrdPx': '-1'}
2026-03-29 02:16:08,371 | INFO | root | okx_gateway:place_exchange_stop:372 | Placing exchange stop ICP-USDT-SWAP short payload={'instId': 'ICP-USDT-SWAP', 'tdMode': 'isolated', 'side': 'buy', 'posSide': 'net', 'ordType': 'conditional', 'reduceOnly': 'true', 'closeFraction': '1', 'algoClOrdId': 'SLUSDTSWAP739768371', 'slTriggerPx': '2.221', 'slTriggerPxType': 'mark', 'slOrdPx': '-1'}
2026-03-29 02:16:19,365 | INFO | root | okx_gateway:amend_exchange_stop:395 | Amending exchange stop ICP-USDT-SWAP algo=3430516829561643008 payload=[{'instId': 'ICP-USDT-SWAP', 'algoId': '3430516829561643008', 'newSlTriggerPx': '2.22', 'newSlOrdPx': '-1', 'newSlTriggerPxType': 'mark'}]
2026-03-29 02:16:25,305 | INFO | root | okx_gateway:place_exchange_stop:372 | Placing exchange stop ICP-USDT-SWAP short payload={'instId': 'ICP-USDT-SWAP', 'tdMode': 'isolated', 'side': 'buy', 'posSide': 'net', 'ordType': 'conditional', 'reduceOnly': 'true', 'closeFraction': '1', 'algoClOrdId': 'SLUSDTSWAP739785305', 'slTriggerPx': '2.22', 'slTriggerPxType': 'mark', 'slOrdPx': '-1'}
2026-03-29 02:17:42,674 | WARNING | root | market_data_cache:_run:142 | Market-data worker temporary fetch failure for THETA-USDT-SWAP: [WinError 10035] Операция на незаблокированном сокете не может быть завершена немедленно
2026-03-29 02:17:43,113 | WARNING | root | market_data_cache:_run:142 | Market-data worker temporary fetch failure for 1INCH-USDT-SWAP: [WinError 10035] Операция на незаблокированном сокете не может быть завершена немедленно
2026-03-29 02:18:15,554 | WARNING | root | market_data_cache:_run:142 | Market-data worker temporary fetch failure for ETHFI-USDT-SWAP: [WinError 10035] Операция на незаблокированном сокете не может быть завершена немедленно
2026-03-29 02:19:14,357 | INFO | root | okx_gateway:amend_exchange_stop:395 | Amending exchange stop ICP-USDT-SWAP algo=3430517397772394496 payload=[{'instId': 'ICP-USDT-SWAP', 'algoId': '3430517397772394496', 'newSlTriggerPx': '2.221', 'newSlOrdPx': '-1', 'newSlTriggerPxType': 'mark'}]
2026-03-29 02:19:19,965 | INFO | root | okx_gateway:place_exchange_stop:372 | Placing exchange stop ICP-USDT-SWAP short payload={'instId': 'ICP-USDT-SWAP', 'tdMode': 'isolated', 'side': 'buy', 'posSide': 'net', 'ordType': 'conditional', 'reduceOnly': 'true', 'closeFraction': '1', 'algoClOrdId': 'SLUSDTSWAP739959965', 'slTriggerPx': '2.221', 'slTriggerPxType': 'mark', 'slOrdPx': '-1'}
2026-03-29 02:20:10,610 | WARNING | root | market_data_cache:_run:142 | Market-data worker temporary fetch failure for XLM-USDT-SWAP: [WinError 10035] Операция на незаблокированном сокете не может быть завершена немедленно
2026-03-29 02:20:30,120 | WARNING | root | market_data_cache:_run:142 | Market-data worker temporary fetch failure for AI16Z-USDT-SWAP: [WinError 10035] Операция на незаблокированном сокете не может быть завершена немедленно
2026-03-29 02:21:44,358 | WARNING | root | market_data_cache:_run:142 | Market-data worker temporary fetch failure for ACT-USDT-SWAP: [WinError 10035] Операция на незаблокированном сокете не может быть завершена немедленно
2026-03-29 02:22:10,909 | INFO | root | okx_gateway:amend_exchange_stop:395 | Amending exchange stop DOGE-USDT-SWAP algo=3430516314064904192 payload=[{'instId': 'DOGE-USDT-SWAP', 'algoId': '3430516314064904192', 'newSlTriggerPx': '0.0909', 'newSlOrdPx': '-1', 'newSlTriggerPxType': 'mark'}]
2026-03-29 02:22:16,614 | INFO | root | okx_gateway:place_exchange_stop:372 | Placing exchange stop DOGE-USDT-SWAP short payload={'instId': 'DOGE-USDT-SWAP', 'tdMode': 'isolated', 'side': 'buy', 'posSide': 'net', 'ordType': 'conditional', 'reduceOnly': 'true', 'closeFraction': '1', 'algoClOrdId': 'SLUSDTSWAP740136614', 'slTriggerPx': '0.091', 'slTriggerPxType': 'mark', 'slOrdPx': '-1'}
2026-03-29 02:22:31,485 | INFO | root | okx_gateway:amend_exchange_stop:395 | Amending exchange stop DOGE-USDT-SWAP algo=3430529186115444736 payload=[{'instId': 'DOGE-USDT-SWAP', 'algoId': '3430529186115444736', 'newSlTriggerPx': '0.09105', 'newSlOrdPx': '-1', 'newSlTriggerPxType': 'mark'}]
2026-03-29 02:22:37,105 | INFO | root | okx_gateway:place_exchange_stop:372 | Placing exchange stop DOGE-USDT-SWAP short payload={'instId': 'DOGE-USDT-SWAP', 'tdMode': 'isolated', 'side': 'buy', 'posSide': 'net', 'ordType': 'conditional', 'reduceOnly': 'true', 'closeFraction': '1', 'algoClOrdId': 'SLUSDTSWAP740157105', 'slTriggerPx': '0.09105', 'slTriggerPxType': 'mark', 'slOrdPx': '-1'}
2026-03-29 02:22:49,665 | INFO | root | okx_gateway:amend_exchange_stop:395 | Amending exchange stop ICP-USDT-SWAP algo=3430523259798773760 payload=[{'instId': 'ICP-USDT-SWAP', 'algoId': '3430523259798773760', 'newSlTriggerPx': '2.223', 'newSlOrdPx': '-1', 'newSlTriggerPxType': 'mark'}]
2026-03-29 02:22:55,308 | INFO | root | okx_gateway:place_exchange_stop:372 | Placing exchange stop ICP-USDT-SWAP short payload={'instId': 'ICP-USDT-SWAP', 'tdMode': 'isolated', 'side': 'buy', 'posSide': 'net', 'ordType': 'conditional', 'reduceOnly': 'true', 'closeFraction': '1', 'algoClOrdId': 'SLUSDTSWAP740175308', 'slTriggerPx': '2.224', 'slTriggerPxType': 'mark', 'slOrdPx': '-1'}
2026-03-29 02:23:18,906 | INFO | root | okx_gateway:amend_exchange_stop:395 | Amending exchange stop NEAR-USDT-SWAP algo=3430508373978996736 payload=[{'instId': 'NEAR-USDT-SWAP', 'algoId': '3430508373978996736', 'newSlTriggerPx': '1.1708', 'newSlOrdPx': '-1', 'newSlTriggerPxType': 'mark'}]
2026-03-29 02:23:24,541 | INFO | root | okx_gateway:place_exchange_stop:372 | Placing exchange stop NEAR-USDT-SWAP short payload={'instId': 'NEAR-USDT-SWAP', 'tdMode': 'isolated', 'side': 'buy', 'posSide': 'net', 'ordType': 'conditional', 'reduceOnly': 'true', 'closeFraction': '1', 'algoClOrdId': 'SLUSDTSWAP740204541', 'slTriggerPx': '1.1708', 'slTriggerPxType': 'mark', 'slOrdPx': '-1'}
2026-03-29 02:23:28,921 | INFO | root | okx_gateway:amend_exchange_stop:395 | Amending exchange stop LINK-USDT-SWAP algo=3430508449241587712 payload=[{'instId': 'LINK-USDT-SWAP', 'algoId': '3430508449241587712', 'newSlTriggerPx': '8.464', 'newSlOrdPx': '-1', 'newSlTriggerPxType': 'mark'}]
2026-03-29 02:23:34,540 | INFO | root | okx_gateway:place_exchange_stop:372 | Placing exchange stop LINK-USDT-SWAP short payload={'instId': 'LINK-USDT-SWAP', 'tdMode': 'isolated', 'side': 'buy', 'posSide': 'net', 'ordType': 'conditional', 'reduceOnly': 'true', 'closeFraction': '1', 'algoClOrdId': 'SLUSDTSWAP740214540', 'slTriggerPx': '8.464', 'slTriggerPxType': 'mark', 'slOrdPx': '-1'}
2026-03-29 02:23:39,290 | INFO | root | okx_gateway:amend_exchange_stop:395 | Amending exchange stop INJ-USDT-SWAP algo=3430508529000472576 payload=[{'instId': 'INJ-USDT-SWAP', 'algoId': '3430508529000472576', 'newSlTriggerPx': '2.85', 'newSlOrdPx': '-1', 'newSlTriggerPxType': 'mark'}]
2026-03-29 02:23:44,983 | INFO | root | okx_gateway:place_exchange_stop:372 | Placing exchange stop INJ-USDT-SWAP short payload={'instId': 'INJ-USDT-SWAP', 'tdMode': 'isolated', 'side': 'buy', 'posSide': 'net', 'ordType': 'conditional', 'reduceOnly': 'true', 'closeFraction': '1', 'algoClOrdId': 'SLUSDTSWAP740224983', 'slTriggerPx': '2.85', 'slTriggerPxType': 'mark', 'slOrdPx': '-1'}
2026-03-29 02:26:22,980 | INFO | root | okx_gateway:amend_exchange_stop:395 | Amending exchange stop DOGE-USDT-SWAP algo=3430529873410875392 payload=[{'instId': 'DOGE-USDT-SWAP', 'algoId': '3430529873410875392', 'newSlTriggerPx': '0.0911', 'newSlOrdPx': '-1', 'newSlTriggerPxType': 'mark'}]
2026-03-29 02:26:28,788 | INFO | root | okx_gateway:place_exchange_stop:372 | Placing exchange stop DOGE-USDT-SWAP short payload={'instId': 'DOGE-USDT-SWAP', 'tdMode': 'isolated', 'side': 'buy', 'posSide': 'net', 'ordType': 'conditional', 'reduceOnly': 'true', 'closeFraction': '1', 'algoClOrdId': 'SLUSDTSWAP740388788', 'slTriggerPx': '0.0911', 'slTriggerPxType': 'mark', 'slOrdPx': '-1'}
2026-03-29 02:26:43,286 | INFO | root | okx_gateway:place_exchange_stop:372 | Placing exchange stop ICP-USDT-SWAP short payload={'instId': 'ICP-USDT-SWAP', 'tdMode': 'isolated', 'side': 'buy', 'posSide': 'net', 'ordType': 'conditional', 'reduceOnly': 'true', 'closeFraction': '1', 'algoClOrdId': 'SLUSDTSWAP740403286', 'slTriggerPx': '2.229', 'slTriggerPxType': 'mark', 'slOrdPx': '-1'}
2026-03-29 02:26:44,362 | INFO | root | okx_gateway:close_position:428 | Closing position ICP-USDT-SWAP. Синхронизация: позиция отсутствует на бирже
2026-03-29 02:26:54,281 | INFO | root | okx_gateway:place_exchange_stop:372 | Placing exchange stop NEAR-USDT-SWAP short payload={'instId': 'NEAR-USDT-SWAP', 'tdMode': 'isolated', 'side': 'buy', 'posSide': 'net', 'ordType': 'conditional', 'reduceOnly': 'true', 'closeFraction': '1', 'algoClOrdId': 'SLUSDTSWAP740414281', 'slTriggerPx': '1.1719', 'slTriggerPxType': 'mark', 'slOrdPx': '-1'}
2026-03-29 02:26:55,368 | INFO | root | okx_gateway:close_position:428 | Closing position NEAR-USDT-SWAP. Синхронизация: позиция отсутствует на бирже
2026-03-29 02:27:06,535 | INFO | root | okx_gateway:amend_exchange_stop:395 | Amending exchange stop INJ-USDT-SWAP algo=3430532151018610688 payload=[{'instId': 'INJ-USDT-SWAP', 'algoId': '3430532151018610688', 'newSlTriggerPx': '2.851', 'newSlOrdPx': '-1', 'newSlTriggerPxType': 'mark'}]
2026-03-29 02:27:12,157 | INFO | root | okx_gateway:place_exchange_stop:372 | Placing exchange stop INJ-USDT-SWAP short payload={'instId': 'INJ-USDT-SWAP', 'tdMode': 'isolated', 'side': 'buy', 'posSide': 'net', 'ordType': 'conditional', 'reduceOnly': 'true', 'closeFraction': '1', 'algoClOrdId': 'SLUSDTSWAP740432157', 'slTriggerPx': '2.851', 'slTriggerPxType': 'mark', 'slOrdPx': '-1'}
2026-03-29 02:27:20,656 | INFO | root | okx_gateway:amend_exchange_stop:395 | Amending exchange stop THETA-USDT-SWAP algo=3430515539997712384 payload=[{'instId': 'THETA-USDT-SWAP', 'algoId': '3430515539997712384', 'newSlTriggerPx': '0.1525', 'newSlOrdPx': '-1', 'newSlTriggerPxType': 'mark'}]
2026-03-29 02:27:27,272 | INFO | root | okx_gateway:place_exchange_stop:372 | Placing exchange stop THETA-USDT-SWAP short payload={'instId': 'THETA-USDT-SWAP', 'tdMode': 'isolated', 'side': 'buy', 'posSide': 'net', 'ordType': 'conditional', 'reduceOnly': 'true', 'closeFraction': '1', 'algoClOrdId': 'SLUSDTSWAP740447272', 'slTriggerPx': '0.1526', 'slTriggerPxType': 'mark', 'slOrdPx': '-1'}
2026-03-29 02:30:31,291 | INFO | root | okx_gateway:amend_exchange_stop:395 | Amending exchange stop MET-USDT-SWAP algo=3430509491677126656 payload=[{'instId': 'MET-USDT-SWAP', 'algoId': '3430509491677126656', 'newSlTriggerPx': '0.141', 'newSlOrdPx': '-1', 'newSlTriggerPxType': 'mark'}]
2026-03-29 02:30:43,060 | INFO | root | okx_gateway:place_exchange_stop:372 | Placing exchange stop MET-USDT-SWAP short payload={'instId': 'MET-USDT-SWAP', 'tdMode': 'isolated', 'side': 'buy', 'posSide': 'net', 'ordType': 'conditional', 'reduceOnly': 'true', 'closeFraction': '1', 'algoClOrdId': 'SLUSDTSWAP740643060', 'slTriggerPx': '0.141', 'slTriggerPxType': 'mark', 'slOrdPx': '-1'}
2026-03-29 02:30:52,787 | INFO | root | okx_gateway:place_market_order:596 | Placing order MET-USDT-SWAP sell qty=1931.0 attached_stop=False attached_stop_px=
2026-03-29 02:30:56,529 | INFO | root | okx_gateway:amend_exchange_stop:395 | Amending exchange stop DOGE-USDT-SWAP algo=3430537647804997632 payload=[{'instId': 'DOGE-USDT-SWAP', 'algoId': '3430537647804997632', 'newSlTriggerPx': '0.09105', 'newSlOrdPx': '-1', 'newSlTriggerPxType': 'mark'}]
2026-03-29 02:31:02,497 | INFO | root | okx_gateway:place_exchange_stop:372 | Placing exchange stop DOGE-USDT-SWAP short payload={'instId': 'DOGE-USDT-SWAP', 'tdMode': 'isolated', 'side': 'buy', 'posSide': 'net', 'ordType': 'conditional', 'reduceOnly': 'true', 'closeFraction': '1', 'algoClOrdId': 'SLUSDTSWAP740662497', 'slTriggerPx': '0.09105', 'slTriggerPxType': 'mark', 'slOrdPx': '-1'}
2026-03-29 02:31:11,402 | INFO | root | okx_gateway:amend_exchange_stop:395 | Amending exchange stop LINK-USDT-SWAP algo=3430531800509014016 payload=[{'instId': 'LINK-USDT-SWAP', 'algoId': '3430531800509014016', 'newSlTriggerPx': '8.466', 'newSlOrdPx': '-1', 'newSlTriggerPxType': 'mark'}]
2026-03-29 02:31:17,278 | INFO | root | okx_gateway:place_exchange_stop:372 | Placing exchange stop LINK-USDT-SWAP short payload={'instId': 'LINK-USDT-SWAP', 'tdMode': 'isolated', 'side': 'buy', 'posSide': 'net', 'ordType': 'conditional', 'reduceOnly': 'true', 'closeFraction': '1', 'algoClOrdId': 'SLUSDTSWAP740677278', 'slTriggerPx': '8.466', 'slTriggerPxType': 'mark', 'slOrdPx': '-1'}
2026-03-29 02:31:25,782 | INFO | root | okx_gateway:amend_exchange_stop:395 | Amending exchange stop INJ-USDT-SWAP algo=3430539102523842560 payload=[{'instId': 'INJ-USDT-SWAP', 'algoId': '3430539102523842560', 'newSlTriggerPx': '2.85', 'newSlOrdPx': '-1', 'newSlTriggerPxType': 'mark'}]
2026-03-29 02:31:31,529 | INFO | root | okx_gateway:place_exchange_stop:372 | Placing exchange stop INJ-USDT-SWAP short payload={'instId': 'INJ-USDT-SWAP', 'tdMode': 'isolated', 'side': 'buy', 'posSide': 'net', 'ordType': 'conditional', 'reduceOnly': 'true', 'closeFraction': '1', 'algoClOrdId': 'SLUSDTSWAP740691529', 'slTriggerPx': '2.85', 'slTriggerPxType': 'mark', 'slOrdPx': '-1'}
2026-03-29 02:31:40,475 | INFO | root | okx_gateway:amend_exchange_stop:395 | Amending exchange stop THETA-USDT-SWAP algo=3430539610470834176 payload=[{'instId': 'THETA-USDT-SWAP', 'algoId': '3430539610470834176', 'newSlTriggerPx': '0.154', 'newSlOrdPx': '-1', 'newSlTriggerPxType': 'mark'}]
2026-03-29 02:31:46,244 | INFO | root | okx_gateway:place_exchange_stop:372 | Placing exchange stop THETA-USDT-SWAP short payload={'instId': 'THETA-USDT-SWAP', 'tdMode': 'isolated', 'side': 'buy', 'posSide': 'net', 'ordType': 'conditional', 'reduceOnly': 'true', 'closeFraction': '1', 'algoClOrdId': 'SLUSDTSWAP740706244', 'slTriggerPx': '0.154', 'slTriggerPxType': 'mark', 'slOrdPx': '-1'}
2026-03-29 02:31:49,718 | INFO | root | okx_gateway:amend_exchange_stop:395 | Amending exchange stop THETA-USDT-SWAP algo=3430548299357446144 payload=[{'instId': 'THETA-USDT-SWAP', 'algoId': '3430548299357446144', 'newSlTriggerPx': '0.1526', 'newSlOrdPx': '-1', 'newSlTriggerPxType': 'mark'}]
2026-03-29 02:31:55,968 | INFO | root | okx_gateway:place_exchange_stop:372 | Placing exchange stop THETA-USDT-SWAP short payload={'instId': 'THETA-USDT-SWAP', 'tdMode': 'isolated', 'side': 'buy', 'posSide': 'net', 'ordType': 'conditional', 'reduceOnly': 'true', 'closeFraction': '1', 'algoClOrdId': 'SLUSDTSWAP740715968', 'slTriggerPx': '0.1526', 'slTriggerPxType': 'mark', 'slOrdPx': '-1'}
2026-03-29 02:34:36,727 | INFO | root | okx_gateway:place_exchange_stop:372 | Placing exchange stop MET-USDT-SWAP short payload={'instId': 'MET-USDT-SWAP', 'tdMode': 'isolated', 'side': 'buy', 'posSide': 'net', 'ordType': 'conditional', 'reduceOnly': 'true', 'closeFraction': '1', 'algoClOrdId': 'SLUSDTSWAP740876726', 'slTriggerPx': '0.1418', 'slTriggerPxType': 'mark', 'slOrdPx': '-1'}
2026-03-29 02:34:37,809 | INFO | root | okx_gateway:close_position:428 | Closing position MET-USDT-SWAP. Синхронизация: позиция отсутствует на бирже
2026-03-29 02:34:54,834 | INFO | root | okx_gateway:place_exchange_stop:372 | Placing exchange stop LINK-USDT-SWAP short payload={'instId': 'LINK-USDT-SWAP', 'tdMode': 'isolated', 'side': 'buy', 'posSide': 'net', 'ordType': 'conditional', 'reduceOnly': 'true', 'closeFraction': '1', 'algoClOrdId': 'SLUSDTSWAP740894834', 'slTriggerPx': '8.475', 'slTriggerPxType': 'mark', 'slOrdPx': '-1'}
2026-03-29 02:34:55,924 | INFO | root | okx_gateway:close_position:428 | Closing position LINK-USDT-SWAP. Синхронизация: позиция отсутствует на бирже
2026-03-29 02:37:53,270 | INFO | root | okx_gateway:amend_exchange_stop:395 | Amending exchange stop DOGE-USDT-SWAP algo=3430546832928104448 payload=[{'instId': 'DOGE-USDT-SWAP', 'algoId': '3430546832928104448', 'newSlTriggerPx': '0.091', 'newSlOrdPx': '-1', 'newSlTriggerPxType': 'mark'}]
2026-03-29 02:37:59,016 | INFO | root | okx_gateway:place_exchange_stop:372 | Placing exchange stop DOGE-USDT-SWAP short payload={'instId': 'DOGE-USDT-SWAP', 'tdMode': 'isolated', 'side': 'buy', 'posSide': 'net', 'ordType': 'conditional', 'reduceOnly': 'true', 'closeFraction': '1', 'algoClOrdId': 'SLUSDTSWAP741079016', 'slTriggerPx': '0.091', 'slTriggerPxType': 'mark', 'slOrdPx': '-1'}
2026-03-29 02:41:02,013 | INFO | root | okx_gateway:amend_exchange_stop:395 | Amending exchange stop DOGE-USDT-SWAP algo=3430560807677943808 payload=[{'instId': 'DOGE-USDT-SWAP', 'algoId': '3430560807677943808', 'newSlTriggerPx': '0.09105', 'newSlOrdPx': '-1', 'newSlTriggerPxType': 'mark'}]
2026-03-29 02:41:07,768 | INFO | root | okx_gateway:place_exchange_stop:372 | Placing exchange stop DOGE-USDT-SWAP short payload={'instId': 'DOGE-USDT-SWAP', 'tdMode': 'isolated', 'side': 'buy', 'posSide': 'net', 'ordType': 'conditional', 'reduceOnly': 'true', 'closeFraction': '1', 'algoClOrdId': 'SLUSDTSWAP741267768', 'slTriggerPx': '0.09105', 'slTriggerPxType': 'mark', 'slOrdPx': '-1'}
2026-03-29 02:41:16,995 | INFO | root | okx_gateway:amend_exchange_stop:395 | Amending exchange stop INJ-USDT-SWAP algo=3430547805738196992 payload=[{'instId': 'INJ-USDT-SWAP', 'algoId': '3430547805738196992', 'newSlTriggerPx': '2.848', 'newSlOrdPx': '-1', 'newSlTriggerPxType': 'mark'}]
2026-03-29 02:41:22,706 | INFO | root | okx_gateway:place_exchange_stop:372 | Placing exchange stop INJ-USDT-SWAP short payload={'instId': 'INJ-USDT-SWAP', 'tdMode': 'isolated', 'side': 'buy', 'posSide': 'net', 'ordType': 'conditional', 'reduceOnly': 'true', 'closeFraction': '1', 'algoClOrdId': 'SLUSDTSWAP741282706', 'slTriggerPx': '2.848', 'slTriggerPxType': 'mark', 'slOrdPx': '-1'}
2026-03-29 02:43:29,884 | WARNING | root | market_data_cache:_run:142 | Market-data worker temporary fetch failure for COAI-USDT-SWAP: [WinError 10035] Операция на незаблокированном сокете не может быть завершена немедленно
2026-03-29 02:44:12,951 | INFO | root | okx_gateway:amend_exchange_stop:395 | Amending exchange stop DOGE-USDT-SWAP algo=3430567141546745856 payload=[{'instId': 'DOGE-USDT-SWAP', 'algoId': '3430567141546745856', 'newSlTriggerPx': '0.091', 'newSlOrdPx': '-1', 'newSlTriggerPxType': 'mark'}]
2026-03-29 02:44:19,071 | INFO | root | okx_gateway:place_exchange_stop:372 | Placing exchange stop DOGE-USDT-SWAP short payload={'instId': 'DOGE-USDT-SWAP', 'tdMode': 'isolated', 'side': 'buy', 'posSide': 'net', 'ordType': 'conditional', 'reduceOnly': 'true', 'closeFraction': '1', 'algoClOrdId': 'SLUSDTSWAP741459071', 'slTriggerPx': '0.091', 'slTriggerPxType': 'mark', 'slOrdPx': '-1'}
2026-03-29 02:44:27,613 | INFO | root | okx_gateway:amend_exchange_stop:395 | Amending exchange stop INJ-USDT-SWAP algo=3430567642413752320 payload=[{'instId': 'INJ-USDT-SWAP', 'algoId': '3430567642413752320', 'newSlTriggerPx': '2.844', 'newSlOrdPx': '-1', 'newSlTriggerPxType': 'mark'}]
2026-03-29 02:44:33,449 | INFO | root | okx_gateway:place_exchange_stop:372 | Placing exchange stop INJ-USDT-SWAP short payload={'instId': 'INJ-USDT-SWAP', 'tdMode': 'isolated', 'side': 'buy', 'posSide': 'net', 'ordType': 'conditional', 'reduceOnly': 'true', 'closeFraction': '1', 'algoClOrdId': 'SLUSDTSWAP741473449', 'slTriggerPx': '2.844', 'slTriggerPxType': 'mark', 'slOrdPx': '-1'}
2026-03-29 02:44:47,951 | WARNING | root | market_data_cache:_run:142 | Market-data worker temporary fetch failure for CRO-USDT-SWAP: [WinError 10035] Операция на незаблокированном сокете не может быть завершена немедленно
2026-03-29 02:44:48,822 | WARNING | root | market_data_cache:_run:142 | Market-data worker temporary fetch failure for CRV-USDT-SWAP: [WinError 10035] Операция на незаблокированном сокете не может быть завершена немедленно
2026-03-29 02:46:12,080 | WARNING | root | market_data_cache:_run:142 | Market-data worker temporary fetch failure for BLUAI-USDT-SWAP: [WinError 10035] Операция на незаблокированном сокете не может быть завершена немедленно
2026-03-29 02:46:16,257 | WARNING | root | market_data_cache:_run:142 | Market-data worker temporary fetch failure for CAT-USDT-SWAP: [WinError 10035] Операция на незаблокированном сокете не может быть завершена немедленно
2026-03-29 02:47:08,942 | INFO | root | okx_gateway:amend_exchange_stop:395 | Amending exchange stop DOGE-USDT-SWAP algo=3430573560375369728 payload=[{'instId': 'DOGE-USDT-SWAP', 'algoId': '3430573560375369728', 'newSlTriggerPx': '0.0909', 'newSlOrdPx': '-1', 'newSlTriggerPxType': 'mark'}]
2026-03-29 02:47:14,698 | INFO | root | okx_gateway:place_exchange_stop:372 | Placing exchange stop DOGE-USDT-SWAP short payload={'instId': 'DOGE-USDT-SWAP', 'tdMode': 'isolated', 'side': 'buy', 'posSide': 'net', 'ordType': 'conditional', 'reduceOnly': 'true', 'closeFraction': '1', 'algoClOrdId': 'SLUSDTSWAP741634698', 'slTriggerPx': '0.0909', 'slTriggerPxType': 'mark', 'slOrdPx': '-1'}
2026-03-29 02:50:07,878 | INFO | root | okx_gateway:amend_exchange_stop:395 | Amending exchange stop INJ-USDT-SWAP algo=3430574042686775296 payload=[{'instId': 'INJ-USDT-SWAP', 'algoId': '3430574042686775296', 'newSlTriggerPx': '2.829', 'newSlOrdPx': '-1', 'newSlTriggerPxType': 'mark'}]
2026-03-29 02:50:13,691 | INFO | root | okx_gateway:place_exchange_stop:372 | Placing exchange stop INJ-USDT-SWAP short payload={'instId': 'INJ-USDT-SWAP', 'tdMode': 'isolated', 'side': 'buy', 'posSide': 'net', 'ordType': 'conditional', 'reduceOnly': 'true', 'closeFraction': '1', 'algoClOrdId': 'SLUSDTSWAP741813691', 'slTriggerPx': '2.829', 'slTriggerPxType': 'mark', 'slOrdPx': '-1'}
2026-03-29 02:50:50,811 | WARNING | root | market_data_cache:_run:142 | Market-data worker temporary fetch failure for MAGIC-USDT-SWAP: [WinError 10035] Операция на незаблокированном сокете не может быть завершена немедленно
2026-03-29 02:52:52,555 | INFO | root | okx_gateway:place_market_order:596 | Placing order LPT-USDT-SWAP sell qty=13165.0 attached_stop=True attached_stop_px=2.099
2026-03-29 02:52:54,246 | WARNING | root | market_data_cache:_run:142 | Market-data worker temporary fetch failure for AXS-USDT-SWAP: [WinError 10035] Операция на незаблокированном сокете не может быть завершена немедленно
2026-03-29 02:52:56,182 | INFO | root | okx_gateway:amend_exchange_stop:395 | Amending exchange stop DOGE-USDT-SWAP algo=3430579452869173248 payload=[{'instId': 'DOGE-USDT-SWAP', 'algoId': '3430579452869173248', 'newSlTriggerPx': '0.091', 'newSlOrdPx': '-1', 'newSlTriggerPxType': 'mark'}]
2026-03-29 02:53:01,806 | INFO | root | okx_gateway:place_exchange_stop:372 | Placing exchange stop DOGE-USDT-SWAP short payload={'instId': 'DOGE-USDT-SWAP', 'tdMode': 'isolated', 'side': 'buy', 'posSide': 'net', 'ordType': 'conditional', 'reduceOnly': 'true', 'closeFraction': '1', 'algoClOrdId': 'SLUSDTSWAP741981806', 'slTriggerPx': '0.091', 'slTriggerPxType': 'mark', 'slOrdPx': '-1'}
2026-03-29 02:53:10,869 | INFO | root | okx_gateway:amend_exchange_stop:395 | Amending exchange stop INJ-USDT-SWAP algo=3430585459112501248 payload=[{'instId': 'INJ-USDT-SWAP', 'algoId': '3430585459112501248', 'newSlTriggerPx': '2.818', 'newSlOrdPx': '-1', 'newSlTriggerPxType': 'mark'}]
2026-03-29 02:53:16,447 | INFO | root | okx_gateway:place_exchange_stop:372 | Placing exchange stop INJ-USDT-SWAP short payload={'instId': 'INJ-USDT-SWAP', 'tdMode': 'isolated', 'side': 'buy', 'posSide': 'net', 'ordType': 'conditional', 'reduceOnly': 'true', 'closeFraction': '1', 'algoClOrdId': 'SLUSDTSWAP741996447', 'slTriggerPx': '2.818', 'slTriggerPxType': 'mark', 'slOrdPx': '-1'}
2026-03-29 02:53:18,959 | INFO | root | okx_gateway:place_market_order:596 | Placing order INJ-USDT-SWAP sell qty=9322.0 attached_stop=False attached_stop_px=
2026-03-29 02:56:11,106 | INFO | root | okx_gateway:place_market_order:596 | Placing order INJ-USDT-SWAP sell qty=9322.0 attached_stop=False attached_stop_px=
2026-03-29 02:56:12,996 | INFO | root | okx_gateway:amend_exchange_stop:395 | Amending exchange stop INJ-USDT-SWAP algo=3430591591621156864 payload=[{'instId': 'INJ-USDT-SWAP', 'algoId': '3430591591621156864', 'newSlTriggerPx': '2.82', 'newSlOrdPx': '-1', 'newSlTriggerPxType': 'mark'}]
2026-03-29 02:56:18,614 | INFO | root | okx_gateway:place_exchange_stop:372 | Placing exchange stop INJ-USDT-SWAP short payload={'instId': 'INJ-USDT-SWAP', 'tdMode': 'isolated', 'side': 'buy', 'posSide': 'net', 'ordType': 'conditional', 'reduceOnly': 'true', 'closeFraction': '1', 'algoClOrdId': 'SLUSDTSWAP742178614', 'slTriggerPx': '2.828', 'slTriggerPxType': 'mark', 'slOrdPx': '-1'}
2026-03-29 02:56:34,142 | INFO | root | okx_gateway:amend_exchange_stop:395 | Amending exchange stop INJ-USDT-SWAP algo=3430597703762272256 payload=[{'instId': 'INJ-USDT-SWAP', 'algoId': '3430597703762272256', 'newSlTriggerPx': '2.82', 'newSlOrdPx': '-1', 'newSlTriggerPxType': 'mark'}]
2026-03-29 02:56:39,804 | INFO | root | okx_gateway:place_exchange_stop:372 | Placing exchange stop INJ-USDT-SWAP short payload={'instId': 'INJ-USDT-SWAP', 'tdMode': 'isolated', 'side': 'buy', 'posSide': 'net', 'ordType': 'conditional', 'reduceOnly': 'true', 'closeFraction': '1', 'algoClOrdId': 'SLUSDTSWAP742199804', 'slTriggerPx': '2.828', 'slTriggerPxType': 'mark', 'slOrdPx': '-1'}
2026-03-29 02:57:39,490 | WARNING | root | market_data_cache:_run:142 | Market-data worker temporary fetch failure for HMSTR-USDT-SWAP: [WinError 10035] Операция на незаблокированном сокете не может быть завершена немедленно
2026-03-29 02:59:38,174 | INFO | root | okx_gateway:amend_exchange_stop:395 | Amending exchange stop DOGE-USDT-SWAP algo=3430591100384272384 payload=[{'instId': 'DOGE-USDT-SWAP', 'algoId': '3430591100384272384', 'newSlTriggerPx': '0.09105', 'newSlOrdPx': '-1', 'newSlTriggerPxType': 'mark'}]
2026-03-29 02:59:43,805 | INFO | root | okx_gateway:place_exchange_stop:372 | Placing exchange stop DOGE-USDT-SWAP short payload={'instId': 'DOGE-USDT-SWAP', 'tdMode': 'isolated', 'side': 'buy', 'posSide': 'net', 'ordType': 'conditional', 'reduceOnly': 'true', 'closeFraction': '1', 'algoClOrdId': 'SLUSDTSWAP742383805', 'slTriggerPx': '0.09105', 'slTriggerPxType': 'mark', 'slOrdPx': '-1'}
2026-03-29 02:59:52,296 | INFO | root | okx_gateway:amend_exchange_stop:395 | Amending exchange stop INJ-USDT-SWAP algo=3430598414881349632 payload=[{'instId': 'INJ-USDT-SWAP', 'algoId': '3430598414881349632', 'newSlTriggerPx': '2.819', 'newSlOrdPx': '-1', 'newSlTriggerPxType': 'mark'}]
2026-03-29 02:59:57,927 | INFO | root | okx_gateway:place_exchange_stop:372 | Placing exchange stop INJ-USDT-SWAP short payload={'instId': 'INJ-USDT-SWAP', 'tdMode': 'isolated', 'side': 'buy', 'posSide': 'net', 'ordType': 'conditional', 'reduceOnly': 'true', 'closeFraction': '1', 'algoClOrdId': 'SLUSDTSWAP742397927', 'slTriggerPx': '2.819', 'slTriggerPxType': 'mark', 'slOrdPx': '-1'}
2026-03-29 03:00:50,158 | WARNING | root | market_data_cache:_run:142 | Market-data worker temporary fetch failure for NOT-USDT-SWAP: [WinError 10035] Операция на незаблокированном сокете не может быть завершена немедленно
2026-03-29 03:02:50,714 | INFO | root | okx_gateway:place_exchange_stop:372 | Placing exchange stop INJ-USDT-SWAP short payload={'instId': 'INJ-USDT-SWAP', 'tdMode': 'isolated', 'side': 'buy', 'posSide': 'net', 'ordType': 'conditional', 'reduceOnly': 'true', 'closeFraction': '1', 'algoClOrdId': 'SLUSDTSWAP742570714', 'slTriggerPx': '2.825', 'slTriggerPxType': 'mark', 'slOrdPx': '-1'}
2026-03-29 03:02:51,814 | INFO | root | okx_gateway:close_position:428 | Closing position INJ-USDT-SWAP. Синхронизация: позиция отсутствует на бирже
2026-03-29 03:02:55,602 | INFO | root | okx_gateway:amend_exchange_stop:395 | Amending exchange stop LPT-USDT-SWAP algo=3430590793797427200 payload=[{'instId': 'LPT-USDT-SWAP', 'algoId': '3430590793797427200', 'newSlTriggerPx': '2.064', 'newSlOrdPx': '-1', 'newSlTriggerPxType': 'mark'}]
2026-03-29 03:03:01,228 | INFO | root | okx_gateway:place_exchange_stop:372 | Placing exchange stop LPT-USDT-SWAP short payload={'instId': 'LPT-USDT-SWAP', 'tdMode': 'isolated', 'side': 'buy', 'posSide': 'net', 'ordType': 'conditional', 'reduceOnly': 'true', 'closeFraction': '1', 'algoClOrdId': 'SLUSDTSWAP742581228', 'slTriggerPx': '2.064', 'slTriggerPxType': 'mark', 'slOrdPx': '-1'}
2026-03-29 03:03:13,855 | WARNING | root | market_data_cache:_run:142 | Market-data worker temporary fetch failure for GMT-USDT-SWAP: [WinError 10035] Операция на незаблокированном сокете не может быть завершена немедленно
2026-03-29 03:03:32,986 | WARNING | root | market_data_cache:_run:142 | Market-data worker temporary fetch failure for MASK-USDT-SWAP: [WinError 10035] Операция на незаблокированном сокете не может быть завершена немедленно
2026-03-29 03:05:54,224 | INFO | root | okx_gateway:amend_exchange_stop:395 | Amending exchange stop DOGE-USDT-SWAP algo=3430604588796174336 payload=[{'instId': 'DOGE-USDT-SWAP', 'algoId': '3430604588796174336', 'newSlTriggerPx': '0.09095', 'newSlOrdPx': '-1', 'newSlTriggerPxType': 'mark'}]
2026-03-29 03:06:00,239 | INFO | root | okx_gateway:place_exchange_stop:372 | Placing exchange stop DOGE-USDT-SWAP short payload={'instId': 'DOGE-USDT-SWAP', 'tdMode': 'isolated', 'side': 'buy', 'posSide': 'net', 'ordType': 'conditional', 'reduceOnly': 'true', 'closeFraction': '1', 'algoClOrdId': 'SLUSDTSWAP742760239', 'slTriggerPx': '0.09095', 'slTriggerPxType': 'mark', 'slOrdPx': '-1'}
2026-03-29 03:06:14,729 | INFO | root | okx_gateway:place_exchange_stop:372 | Placing exchange stop LPT-USDT-SWAP short payload={'instId': 'LPT-USDT-SWAP', 'tdMode': 'isolated', 'side': 'buy', 'posSide': 'net', 'ordType': 'conditional', 'reduceOnly': 'true', 'closeFraction': '1', 'algoClOrdId': 'SLUSDTSWAP742774729', 'slTriggerPx': '2.066', 'slTriggerPxType': 'mark', 'slOrdPx': '-1'}
2026-03-29 03:06:15,814 | INFO | root | okx_gateway:close_position:428 | Closing position LPT-USDT-SWAP. Синхронизация: позиция отсутствует на бирже
2026-03-29 03:07:42,294 | WARNING | root | market_data_cache:_run:142 | Market-data worker temporary fetch failure for LRC-USDT-SWAP: [WinError 10035] Операция на незаблокированном сокете не может быть завершена немедленно
2026-03-29 03:11:56,090 | INFO | root | okx_gateway:place_market_order:596 | Placing order MET-USDT-SWAP sell qty=1961.0 attached_stop=True attached_stop_px=0.1679
2026-03-29 03:11:58,780 | INFO | root | okx_gateway:place_market_order:596 | Placing order MINA-USDT-SWAP sell qty=50800.0 attached_stop=True attached_stop_px=0.05376
2026-03-29 03:12:52,463 | WARNING | root | market_data_cache:_run:142 | Market-data worker temporary fetch failure for BIO-USDT-SWAP: [WinError 10035] Операция на незаблокированном сокете не может быть завершена немедленно
2026-03-29 03:12:55,158 | WARNING | root | market_data_cache:_run:142 | Market-data worker temporary fetch failure for BOME-USDT-SWAP: [WinError 10035] Операция на незаблокированном сокете не может быть завершена немедленно
2026-03-29 03:13:29,001 | WARNING | root | market_data_cache:_run:142 | Market-data worker temporary fetch failure for LIT-USDT-SWAP: [WinError 10035] Операция на незаблокированном сокете не может быть завершена немедленно
2026-03-29 03:14:28,905 | WARNING | root | market_data_cache:_run:142 | Market-data worker temporary fetch failure for BLUAI-USDT-SWAP: [WinError 10035] Операция на незаблокированном сокете не может быть завершена немедленно
2026-03-29 03:15:04,217 | INFO | root | okx_gateway:place_market_order:596 | Placing order XLM-USDT-SWAP sell qty=158.96 attached_stop=True attached_stop_px=0.17178
2026-03-29 03:15:06,155 | INFO | root | okx_gateway:place_market_order:596 | Placing order ETHFI-USDT-SWAP sell qty=5629.0 attached_stop=True attached_stop_px=0.6198
2026-03-29 03:15:15,784 | INFO | root | okx_gateway:amend_exchange_stop:395 | Amending exchange stop DOGE-USDT-SWAP algo=3430617219993001984 payload=[{'instId': 'DOGE-USDT-SWAP', 'algoId': '3430617219993001984', 'newSlTriggerPx': '0.0909', 'newSlOrdPx': '-1', 'newSlTriggerPxType': 'mark'}]
2026-03-29 03:15:21,403 | INFO | root | okx_gateway:place_exchange_stop:372 | Placing exchange stop DOGE-USDT-SWAP short payload={'instId': 'DOGE-USDT-SWAP', 'tdMode': 'isolated', 'side': 'buy', 'posSide': 'net', 'ordType': 'conditional', 'reduceOnly': 'true', 'closeFraction': '1', 'algoClOrdId': 'SLUSDTSWAP743321403', 'slTriggerPx': '0.0909', 'slTriggerPxType': 'mark', 'slOrdPx': '-1'}
2026-03-29 03:15:30,713 | INFO | root | okx_gateway:place_market_order:596 | Placing order MINA-USDT-SWAP sell qty=50800.0 attached_stop=False attached_stop_px=
2026-03-29 03:16:12,902 | WARNING | root | market_data_cache:_run:142 | Market-data worker temporary fetch failure for ICP-USDT-SWAP: [WinError 10035] Операция на незаблокированном сокете не может быть завершена немедленно
2026-03-29 03:16:33,465 | WARNING | root | market_data_cache:_run:142 | Market-data worker temporary fetch failure for OP-USDT-SWAP: [WinError 10035] Операция на незаблокированном сокете не может быть завершена немедленно
2026-03-29 03:18:01,955 | INFO | root | okx_gateway:place_market_order:596 | Placing order THETA-USDT-SWAP sell qty=1661.0 attached_stop=True attached_stop_px=0.1559
2026-03-29 03:18:04,268 | INFO | root | okx_gateway:place_market_order:596 | Placing order LPT-USDT-SWAP sell qty=12097.0 attached_stop=True attached_stop_px=2.084
2026-03-29 03:18:28,499 | INFO | root | okx_gateway:place_exchange_stop:372 | Placing exchange stop MINA-USDT-SWAP short payload={'instId': 'MINA-USDT-SWAP', 'tdMode': 'isolated', 'side': 'buy', 'posSide': 'net', 'ordType': 'conditional', 'reduceOnly': 'true', 'closeFraction': '1', 'algoClOrdId': 'SLUSDTSWAP743508499', 'slTriggerPx': '0.05376', 'slTriggerPxType': 'mark', 'slOrdPx': '-1'}
2026-03-29 03:18:56,521 | WARNING | root | market_data_cache:_run:142 | Market-data worker temporary fetch failure for ETHW-USDT-SWAP: [WinError 10035] Операция на незаблокированном сокете не может быть завершена немедленно
2026-03-29 03:20:08,356 | WARNING | root | market_data_cache:_run:142 | Market-data worker temporary fetch failure for AVAX-USDT-SWAP: [WinError 10035] Операция на незаблокированном сокете не может быть завершена немедленно
2026-03-29 03:21:21,151 | INFO | root | okx_gateway:amend_exchange_stop:395 | Amending exchange stop MET-USDT-SWAP algo=3430629164464824320 payload=[{'instId': 'MET-USDT-SWAP', 'algoId': '3430629164464824320', 'newSlTriggerPx': '0.1399', 'newSlOrdPx': '-1', 'newSlTriggerPxType': 'mark'}]
2026-03-29 03:21:26,838 | INFO | root | okx_gateway:place_exchange_stop:372 | Placing exchange stop MET-USDT-SWAP short payload={'instId': 'MET-USDT-SWAP', 'tdMode': 'isolated', 'side': 'buy', 'posSide': 'net', 'ordType': 'conditional', 'reduceOnly': 'true', 'closeFraction': '1', 'algoClOrdId': 'SLUSDTSWAP743686837', 'slTriggerPx': '0.1399', 'slTriggerPxType': 'mark', 'slOrdPx': '-1'}
2026-03-29 03:21:31,604 | INFO | root | okx_gateway:amend_exchange_stop:395 | Amending exchange stop MINA-USDT-SWAP algo=3430642326928973824 payload=[{'instId': 'MINA-USDT-SWAP', 'algoId': '3430642326928973824', 'newSlTriggerPx': '0.05309', 'newSlOrdPx': '-1', 'newSlTriggerPxType': 'mark'}]
2026-03-29 03:21:37,264 | INFO | root | okx_gateway:place_exchange_stop:372 | Placing exchange stop MINA-USDT-SWAP short payload={'instId': 'MINA-USDT-SWAP', 'tdMode': 'isolated', 'side': 'buy', 'posSide': 'net', 'ordType': 'conditional', 'reduceOnly': 'true', 'closeFraction': '1', 'algoClOrdId': 'SLUSDTSWAP743697264', 'slTriggerPx': '0.05309', 'slTriggerPxType': 'mark', 'slOrdPx': '-1'}
2026-03-29 03:21:39,769 | INFO | root | okx_gateway:place_market_order:596 | Placing order MINA-USDT-SWAP sell qty=50800.0 attached_stop=False attached_stop_px=
2026-03-29 03:22:50,264 | WARNING | root | market_data_cache:_run:142 | Market-data worker temporary fetch failure for ALGO-USDT-SWAP: [WinError 10035] Операция на незаблокированном сокете не может быть завершена немедленно
2026-03-29 03:24:09,390 | INFO | root | okx_gateway:amend_exchange_stop:395 | Amending exchange stop DOGE-USDT-SWAP algo=3430636049800716288 payload=[{'instId': 'DOGE-USDT-SWAP', 'algoId': '3430636049800716288', 'newSlTriggerPx': '0.0908', 'newSlOrdPx': '-1', 'newSlTriggerPxType': 'mark'}]
2026-03-29 03:24:15,005 | INFO | root | okx_gateway:place_exchange_stop:372 | Placing exchange stop DOGE-USDT-SWAP short payload={'instId': 'DOGE-USDT-SWAP', 'tdMode': 'isolated', 'side': 'buy', 'posSide': 'net', 'ordType': 'conditional', 'reduceOnly': 'true', 'closeFraction': '1', 'algoClOrdId': 'SLUSDTSWAP743855005', 'slTriggerPx': '0.0908', 'slTriggerPxType': 'mark', 'slOrdPx': '-1'}
2026-03-29 03:26:26,156 | WARNING | root | market_data_cache:_run:142 | Market-data worker temporary fetch failure for TON-USDT-SWAP: [WinError 10035] Операция на незаблокированном сокете не может быть завершена немедленно
2026-03-29 03:27:06,388 | INFO | root | okx_gateway:place_market_order:596 | Placing order MINA-USDT-SWAP sell qty=50800.0 attached_stop=False attached_stop_px=
2026-03-29 03:27:09,757 | INFO | root | okx_gateway:amend_exchange_stop:395 | Amending exchange stop XLM-USDT-SWAP algo=3430635476791681024 payload=[{'instId': 'XLM-USDT-SWAP', 'algoId': '3430635476791681024', 'newSlTriggerPx': '0.16799', 'newSlOrdPx': '-1', 'newSlTriggerPxType': 'mark'}]
2026-03-29 03:27:15,386 | INFO | root | okx_gateway:place_exchange_stop:372 | Placing exchange stop XLM-USDT-SWAP short payload={'instId': 'XLM-USDT-SWAP', 'tdMode': 'isolated', 'side': 'buy', 'posSide': 'net', 'ordType': 'conditional', 'reduceOnly': 'true', 'closeFraction': '1', 'algoClOrdId': 'SLUSDTSWAP744035386', 'slTriggerPx': '0.16799', 'slTriggerPxType': 'mark', 'slOrdPx': '-1'}
2026-03-29 03:27:17,884 | INFO | root | okx_gateway:place_market_order:596 | Placing order XLM-USDT-SWAP sell qty=158.96 attached_stop=False attached_stop_px=
2026-03-29 03:27:21,317 | INFO | root | okx_gateway:amend_exchange_stop:395 | Amending exchange stop ETHFI-USDT-SWAP algo=3430635539706241024 payload=[{'instId': 'ETHFI-USDT-SWAP', 'algoId': '3430635539706241024', 'newSlTriggerPx': '0.4591', 'newSlOrdPx': '-1', 'newSlTriggerPxType': 'mark'}]
2026-03-29 03:27:26,942 | INFO | root | okx_gateway:place_exchange_stop:372 | Placing exchange stop ETHFI-USDT-SWAP short payload={'instId': 'ETHFI-USDT-SWAP', 'tdMode': 'isolated', 'side': 'buy', 'posSide': 'net', 'ordType': 'conditional', 'reduceOnly': 'true', 'closeFraction': '1', 'algoClOrdId': 'SLUSDTSWAP744046942', 'slTriggerPx': '0.4591', 'slTriggerPxType': 'mark', 'slOrdPx': '-1'}
2026-03-29 03:27:31,316 | INFO | root | okx_gateway:amend_exchange_stop:395 | Amending exchange stop THETA-USDT-SWAP algo=3430641441091969024 payload=[{'instId': 'THETA-USDT-SWAP', 'algoId': '3430641441091969024', 'newSlTriggerPx': '0.1513', 'newSlOrdPx': '-1', 'newSlTriggerPxType': 'mark'}]
2026-03-29 03:27:36,888 | INFO | root | okx_gateway:place_exchange_stop:372 | Placing exchange stop THETA-USDT-SWAP short payload={'instId': 'THETA-USDT-SWAP', 'tdMode': 'isolated', 'side': 'buy', 'posSide': 'net', 'ordType': 'conditional', 'reduceOnly': 'true', 'closeFraction': '1', 'algoClOrdId': 'SLUSDTSWAP744056888', 'slTriggerPx': '0.1513', 'slTriggerPxType': 'mark', 'slOrdPx': '-1'}
2026-03-29 03:27:39,388 | INFO | root | okx_gateway:place_market_order:596 | Placing order THETA-USDT-SWAP sell qty=1661.0 attached_stop=False attached_stop_px=
2026-03-29 03:27:43,131 | INFO | root | okx_gateway:amend_exchange_stop:395 | Amending exchange stop LPT-USDT-SWAP algo=3430641515817689088 payload=[{'instId': 'LPT-USDT-SWAP', 'algoId': '3430641515817689088', 'newSlTriggerPx': '2.054', 'newSlOrdPx': '-1', 'newSlTriggerPxType': 'mark'}]
2026-03-29 03:27:48,694 | INFO | root | okx_gateway:place_exchange_stop:372 | Placing exchange stop LPT-USDT-SWAP short payload={'instId': 'LPT-USDT-SWAP', 'tdMode': 'isolated', 'side': 'buy', 'posSide': 'net', 'ordType': 'conditional', 'reduceOnly': 'true', 'closeFraction': '1', 'algoClOrdId': 'SLUSDTSWAP744068694', 'slTriggerPx': '2.054', 'slTriggerPxType': 'mark', 'slOrdPx': '-1'}
2026-03-29 03:27:51,195 | INFO | root | okx_gateway:place_market_order:596 | Placing order LPT-USDT-SWAP sell qty=12097.0 attached_stop=False attached_stop_px=
2026-03-29 03:28:36,506 | WARNING | root | market_data_cache:_run:142 | Market-data worker temporary fetch failure for CRO-USDT-SWAP: [WinError 10035] Операция на незаблокированном сокете не может быть завершена немедленно
2026-03-29 03:29:19,818 | WARNING | root | market_data_cache:_run:142 | Market-data worker temporary fetch failure for SUSHI-USDT-SWAP: [WinError 10035] Операция на незаблокированном сокете не может быть завершена немедленно
2026-03-29 03:30:31,269 | INFO | root | okx_gateway:place_market_order:596 | Placing order XLM-USDT-SWAP sell qty=158.96 attached_stop=False attached_stop_px=
2026-03-29 03:30:42,132 | INFO | root | okx_gateway:place_market_order:596 | Placing order THETA-USDT-SWAP sell qty=1661.0 attached_stop=False attached_stop_px=
2026-03-29 03:30:51,007 | INFO | root | okx_gateway:place_market_order:596 | Placing order LPT-USDT-SWAP sell qty=12097.0 attached_stop=False attached_stop_px=
2026-03-29 03:33:15,438 | INFO | root | okx_gateway:place_market_order:596 | Placing order NEAR-USDT-SWAP sell qty=200.1 attached_stop=True attached_stop_px=1.1921
2026-03-29 03:33:27,751 | INFO | root | okx_gateway:amend_exchange_stop:395 | Amending exchange stop MET-USDT-SWAP algo=3430648311127040000 payload=[{'instId': 'MET-USDT-SWAP', 'algoId': '3430648311127040000', 'newSlTriggerPx': '0.1401', 'newSlOrdPx': '-1', 'newSlTriggerPxType': 'mark'}]
2026-03-29 03:33:33,376 | INFO | root | okx_gateway:place_exchange_stop:372 | Placing exchange stop MET-USDT-SWAP short payload={'instId': 'MET-USDT-SWAP', 'tdMode': 'isolated', 'side': 'buy', 'posSide': 'net', 'ordType': 'conditional', 'reduceOnly': 'true', 'closeFraction': '1', 'algoClOrdId': 'SLUSDTSWAP744413376', 'slTriggerPx': '0.1401', 'slTriggerPxType': 'mark', 'slOrdPx': '-1'}
2026-03-29 03:33:47,812 | INFO | root | okx_gateway:place_exchange_stop:372 | Placing exchange stop MINA-USDT-SWAP short payload={'instId': 'MINA-USDT-SWAP', 'tdMode': 'isolated', 'side': 'buy', 'posSide': 'net', 'ordType': 'conditional', 'reduceOnly': 'true', 'closeFraction': '1', 'algoClOrdId': 'SLUSDTSWAP744427812', 'slTriggerPx': '0.05328', 'slTriggerPxType': 'mark', 'slOrdPx': '-1'}
2026-03-29 03:33:48,894 | INFO | root | okx_gateway:close_position:428 | Closing position MINA-USDT-SWAP. Синхронизация: позиция отсутствует на бирже
2026-03-29 03:34:02,745 | INFO | root | okx_gateway:place_exchange_stop:372 | Placing exchange stop THETA-USDT-SWAP short payload={'instId': 'THETA-USDT-SWAP', 'tdMode': 'isolated', 'side': 'buy', 'posSide': 'net', 'ordType': 'conditional', 'reduceOnly': 'true', 'closeFraction': '1', 'algoClOrdId': 'SLUSDTSWAP744442745', 'slTriggerPx': '0.1519', 'slTriggerPxType': 'mark', 'slOrdPx': '-1'}
2026-03-29 03:34:03,831 | INFO | root | okx_gateway:close_position:428 | Closing position THETA-USDT-SWAP. Синхронизация: позиция отсутствует на бирже
2026-03-29 03:34:16,562 | INFO | root | okx_gateway:place_market_order:596 | Placing order NEAR-USDT-SWAP sell qty=200.1 attached_stop=False attached_stop_px=
2026-03-29 03:36:50,303 | INFO | root | okx_gateway:amend_exchange_stop:395 | Amending exchange stop MET-USDT-SWAP algo=3430672689764065280 payload=[{'instId': 'MET-USDT-SWAP', 'algoId': '3430672689764065280', 'newSlTriggerPx': '0.1398', 'newSlOrdPx': '-1', 'newSlTriggerPxType': 'mark'}]
2026-03-29 03:36:55,928 | INFO | root | okx_gateway:place_exchange_stop:372 | Placing exchange stop MET-USDT-SWAP short payload={'instId': 'MET-USDT-SWAP', 'tdMode': 'isolated', 'side': 'buy', 'posSide': 'net', 'ordType': 'conditional', 'reduceOnly': 'true', 'closeFraction': '1', 'algoClOrdId': 'SLUSDTSWAP744615928', 'slTriggerPx': '0.1398', 'slTriggerPxType': 'mark', 'slOrdPx': '-1'}
2026-03-29 03:37:19,302 | INFO | root | okx_gateway:place_exchange_stop:372 | Placing exchange stop NEAR-USDT-SWAP short payload={'instId': 'NEAR-USDT-SWAP', 'tdMode': 'isolated', 'side': 'buy', 'posSide': 'net', 'ordType': 'conditional', 'reduceOnly': 'true', 'closeFraction': '1', 'algoClOrdId': 'SLUSDTSWAP744639302', 'slTriggerPx': '1.1921', 'slTriggerPxType': 'mark', 'slOrdPx': '-1'}
2026-03-29 03:38:27,802 | WARNING | root | market_data_cache:_run:142 | Market-data worker temporary fetch failure for MET-USDT-SWAP: [WinError 10035] Операция на незаблокированном сокете не может быть завершена немедленно
2026-03-29 03:39:38,867 | WARNING | root | market_data_cache:_run:142 | Market-data worker temporary fetch failure for YGG-USDT-SWAP: [WinError 10035] Операция на незаблокированном сокете не может быть завершена немедленно
2026-03-29 03:42:51,189 | INFO | root | okx_gateway:amend_exchange_stop:395 | Amending exchange stop ETHFI-USDT-SWAP algo=3430660394212220928 payload=[{'instId': 'ETHFI-USDT-SWAP', 'algoId': '3430660394212220928', 'newSlTriggerPx': '0.4585', 'newSlOrdPx': '-1', 'newSlTriggerPxType': 'mark'}]
2026-03-29 03:42:57,174 | INFO | root | okx_gateway:place_exchange_stop:372 | Placing exchange stop ETHFI-USDT-SWAP short payload={'instId': 'ETHFI-USDT-SWAP', 'tdMode': 'isolated', 'side': 'buy', 'posSide': 'net', 'ordType': 'conditional', 'reduceOnly': 'true', 'closeFraction': '1', 'algoClOrdId': 'SLUSDTSWAP744977174', 'slTriggerPx': '0.4585', 'slTriggerPxType': 'mark', 'slOrdPx': '-1'}
2026-03-29 03:42:59,671 | INFO | root | okx_gateway:place_market_order:596 | Placing order ETHFI-USDT-SWAP sell qty=5629.0 attached_stop=False attached_stop_px=
2026-03-29 03:43:08,543 | INFO | root | okx_gateway:amend_exchange_stop:395 | Amending exchange stop LPT-USDT-SWAP algo=3430661124323106816 payload=[{'instId': 'LPT-USDT-SWAP', 'algoId': '3430661124323106816', 'newSlTriggerPx': '2.052', 'newSlOrdPx': '-1', 'newSlTriggerPxType': 'mark'}]
2026-03-29 03:43:14,792 | INFO | root | okx_gateway:place_exchange_stop:372 | Placing exchange stop LPT-USDT-SWAP short payload={'instId': 'LPT-USDT-SWAP', 'tdMode': 'isolated', 'side': 'buy', 'posSide': 'net', 'ordType': 'conditional', 'reduceOnly': 'true', 'closeFraction': '1', 'algoClOrdId': 'SLUSDTSWAP744994792', 'slTriggerPx': '2.052', 'slTriggerPxType': 'mark', 'slOrdPx': '-1'}
2026-03-29 03:43:17,299 | INFO | root | okx_gateway:place_market_order:596 | Placing order LPT-USDT-SWAP sell qty=12097.0 attached_stop=False attached_stop_px=
2026-03-29 03:43:20,735 | INFO | root | okx_gateway:amend_exchange_stop:395 | Amending exchange stop NEAR-USDT-SWAP algo=3430680270482006016 payload=[{'instId': 'NEAR-USDT-SWAP', 'algoId': '3430680270482006016', 'newSlTriggerPx': '1.167', 'newSlOrdPx': '-1', 'newSlTriggerPxType': 'mark'}]
2026-03-29 03:43:26,536 | INFO | root | okx_gateway:place_exchange_stop:372 | Placing exchange stop NEAR-USDT-SWAP short payload={'instId': 'NEAR-USDT-SWAP', 'tdMode': 'isolated', 'side': 'buy', 'posSide': 'net', 'ordType': 'conditional', 'reduceOnly': 'true', 'closeFraction': '1', 'algoClOrdId': 'SLUSDTSWAP745006536', 'slTriggerPx': '1.167', 'slTriggerPxType': 'mark', 'slOrdPx': '-1'}
2026-03-29 03:43:29,048 | INFO | root | okx_gateway:place_market_order:596 | Placing order NEAR-USDT-SWAP sell qty=200.1 attached_stop=False attached_stop_px=
2026-03-29 03:45:22,917 | WARNING | root | market_data_cache:_run:142 | Market-data worker temporary fetch failure for ZETA-USDT-SWAP: [WinError 10035] Операция на незаблокированном сокете не может быть завершена немедленно
2026-03-29 03:46:18,798 | INFO | root | okx_gateway:place_market_order:596 | Placing order NEAR-USDT-SWAP sell qty=200.1 attached_stop=False attached_stop_px=
2026-03-29 03:48:06,293 | WARNING | root | market_data_cache:_run:142 | Market-data worker temporary fetch failure for XPL-USDT-SWAP: [WinError 10035] Операция на незаблокированном сокете не может быть завершена немедленно
2026-03-29 03:48:33,287 | WARNING | root | market_data_cache:_run:142 | Market-data worker temporary fetch failure for ASP-USDT-SWAP: [WinError 10035] Операция на незаблокированном сокете не может быть завершена немедленно
2026-03-29 03:49:17,473 | WARNING | root | market_data_cache:_run:142 | Market-data worker temporary fetch failure for LQTY-USDT-SWAP: [WinError 10035] Операция на незаблокированном сокете не может быть завершена немедленно
2026-03-29 03:51:41,851 | INFO | root | okx_gateway:amend_exchange_stop:395 | Amending exchange stop DOGE-USDT-SWAP algo=3430653954210750464 payload=[{'instId': 'DOGE-USDT-SWAP', 'algoId': '3430653954210750464', 'newSlTriggerPx': '0.0909', 'newSlOrdPx': '-1', 'newSlTriggerPxType': 'mark'}]
2026-03-29 03:51:47,665 | INFO | root | okx_gateway:place_exchange_stop:372 | Placing exchange stop DOGE-USDT-SWAP short payload={'instId': 'DOGE-USDT-SWAP', 'tdMode': 'isolated', 'side': 'buy', 'posSide': 'net', 'ordType': 'conditional', 'reduceOnly': 'true', 'closeFraction': '1', 'algoClOrdId': 'SLUSDTSWAP745507665', 'slTriggerPx': '0.0909', 'slTriggerPxType': 'mark', 'slOrdPx': '-1'}
2026-03-29 03:51:59,781 | INFO | root | okx_gateway:amend_exchange_stop:395 | Amending exchange stop XLM-USDT-SWAP algo=3430660006725640192 payload=[{'instId': 'XLM-USDT-SWAP', 'algoId': '3430660006725640192', 'newSlTriggerPx': '0.16798', 'newSlOrdPx': '-1', 'newSlTriggerPxType': 'mark'}]
2026-03-29 03:52:05,601 | INFO | root | okx_gateway:place_exchange_stop:372 | Placing exchange stop XLM-USDT-SWAP short payload={'instId': 'XLM-USDT-SWAP', 'tdMode': 'isolated', 'side': 'buy', 'posSide': 'net', 'ordType': 'conditional', 'reduceOnly': 'true', 'closeFraction': '1', 'algoClOrdId': 'SLUSDTSWAP745525601', 'slTriggerPx': '0.16798', 'slTriggerPxType': 'mark', 'slOrdPx': '-1'}
2026-03-29 03:52:09,977 | INFO | root | okx_gateway:amend_exchange_stop:395 | Amending exchange stop ETHFI-USDT-SWAP algo=3430691607585054720 payload=[{'instId': 'ETHFI-USDT-SWAP', 'algoId': '3430691607585054720', 'newSlTriggerPx': '0.4581', 'newSlOrdPx': '-1', 'newSlTriggerPxType': 'mark'}]
2026-03-29 03:52:15,847 | INFO | root | okx_gateway:place_exchange_stop:372 | Placing exchange stop ETHFI-USDT-SWAP short payload={'instId': 'ETHFI-USDT-SWAP', 'tdMode': 'isolated', 'side': 'buy', 'posSide': 'net', 'ordType': 'conditional', 'reduceOnly': 'true', 'closeFraction': '1', 'algoClOrdId': 'SLUSDTSWAP745535847', 'slTriggerPx': '0.4581', 'slTriggerPxType': 'mark', 'slOrdPx': '-1'}
2026-03-29 03:52:18,409 | INFO | root | okx_gateway:place_market_order:596 | Placing order ETHFI-USDT-SWAP sell qty=5629.0 attached_stop=False attached_stop_px=
2026-03-29 03:52:24,094 | INFO | root | okx_gateway:amend_exchange_stop:395 | Amending exchange stop NEAR-USDT-SWAP algo=3430692592843841536 payload=[{'instId': 'NEAR-USDT-SWAP', 'algoId': '3430692592843841536', 'newSlTriggerPx': '1.1657', 'newSlOrdPx': '-1', 'newSlTriggerPxType': 'mark'}]
2026-03-29 03:52:30,056 | INFO | root | okx_gateway:place_exchange_stop:372 | Placing exchange stop NEAR-USDT-SWAP short payload={'instId': 'NEAR-USDT-SWAP', 'tdMode': 'isolated', 'side': 'buy', 'posSide': 'net', 'ordType': 'conditional', 'reduceOnly': 'true', 'closeFraction': '1', 'algoClOrdId': 'SLUSDTSWAP745550056', 'slTriggerPx': '1.1657', 'slTriggerPxType': 'mark', 'slOrdPx': '-1'}
2026-03-29 03:52:52,471 | WARNING | root | market_data_cache:_run:142 | Market-data worker temporary fetch failure for ATOM-USDT-SWAP: [WinError 10035] Операция на незаблокированном сокете не может быть завершена немедленно
2026-03-29 03:54:17,597 | WARNING | root | market_data_cache:_run:142 | Market-data worker temporary fetch failure for 2Z-USDT-SWAP: [WinError 10035] Операция на незаблокированном сокете не может быть завершена немедленно
2026-03-29 03:54:42,162 | WARNING | root | market_data_cache:_run:142 | Market-data worker temporary fetch failure for CATI-USDT-SWAP: [WinError 10035] Операция на незаблокированном сокете не может быть завершена немедленно
2026-03-29 03:55:07,721 | INFO | root | okx_gateway:amend_exchange_stop:395 | Amending exchange stop DOGE-USDT-SWAP algo=3430709407909240832 payload=[{'instId': 'DOGE-USDT-SWAP', 'algoId': '3430709407909240832', 'newSlTriggerPx': '0.09085', 'newSlOrdPx': '-1', 'newSlTriggerPxType': 'mark'}]
2026-03-29 03:55:13,527 | INFO | root | okx_gateway:place_exchange_stop:372 | Placing exchange stop DOGE-USDT-SWAP short payload={'instId': 'DOGE-USDT-SWAP', 'tdMode': 'isolated', 'side': 'buy', 'posSide': 'net', 'ordType': 'conditional', 'reduceOnly': 'true', 'closeFraction': '1', 'algoClOrdId': 'SLUSDTSWAP745713527', 'slTriggerPx': '0.09085', 'slTriggerPxType': 'mark', 'slOrdPx': '-1'}
2026-03-29 03:55:22,406 | INFO | root | okx_gateway:amend_exchange_stop:395 | Amending exchange stop MET-USDT-SWAP algo=3430679486415593472 payload=[{'instId': 'MET-USDT-SWAP', 'algoId': '3430679486415593472', 'newSlTriggerPx': '0.1399', 'newSlOrdPx': '-1', 'newSlTriggerPxType': 'mark'}]
2026-03-29 03:55:28,150 | INFO | root | okx_gateway:place_exchange_stop:372 | Placing exchange stop MET-USDT-SWAP short payload={'instId': 'MET-USDT-SWAP', 'tdMode': 'isolated', 'side': 'buy', 'posSide': 'net', 'ordType': 'conditional', 'reduceOnly': 'true', 'closeFraction': '1', 'algoClOrdId': 'SLUSDTSWAP745728150', 'slTriggerPx': '0.1399', 'slTriggerPxType': 'mark', 'slOrdPx': '-1'}
2026-03-29 03:55:37,341 | INFO | root | okx_gateway:amend_exchange_stop:395 | Amending exchange stop XLM-USDT-SWAP algo=3430710009607315456 payload=[{'instId': 'XLM-USDT-SWAP', 'algoId': '3430710009607315456', 'newSlTriggerPx': '0.16793', 'newSlOrdPx': '-1', 'newSlTriggerPxType': 'mark'}]
2026-03-29 03:55:43,156 | INFO | root | okx_gateway:place_exchange_stop:372 | Placing exchange stop XLM-USDT-SWAP short payload={'instId': 'XLM-USDT-SWAP', 'tdMode': 'isolated', 'side': 'buy', 'posSide': 'net', 'ordType': 'conditional', 'reduceOnly': 'true', 'closeFraction': '1', 'algoClOrdId': 'SLUSDTSWAP745743156', 'slTriggerPx': '0.16793', 'slTriggerPxType': 'mark', 'slOrdPx': '-1'}
2026-03-29 03:55:46,651 | INFO | root | okx_gateway:amend_exchange_stop:395 | Amending exchange stop XLM-USDT-SWAP algo=3430717309441105920 payload=[{'instId': 'XLM-USDT-SWAP', 'algoId': '3430717309441105920', 'newSlTriggerPx': '0.16785', 'newSlOrdPx': '-1', 'newSlTriggerPxType': 'mark'}]
2026-03-29 03:55:52,464 | INFO | root | okx_gateway:place_exchange_stop:372 | Placing exchange stop XLM-USDT-SWAP short payload={'instId': 'XLM-USDT-SWAP', 'tdMode': 'isolated', 'side': 'buy', 'posSide': 'net', 'ordType': 'conditional', 'reduceOnly': 'true', 'closeFraction': '1', 'algoClOrdId': 'SLUSDTSWAP745752464', 'slTriggerPx': '0.16785', 'slTriggerPxType': 'mark', 'slOrdPx': '-1'}
2026-03-29 03:56:25,024 | WARNING | root | market_data_cache:_run:142 | Market-data worker temporary fetch failure for JUP-USDT-SWAP: [WinError 10035] Операция на незаблокированном сокете не может быть завершена немедленно
2026-03-29 03:59:28,840 | WARNING | root | market_data_cache:_run:142 | Market-data worker temporary fetch failure for MASK-USDT-SWAP: [WinError 10035] Операция на незаблокированном сокете не может быть завершена немедленно
2026-03-29 04:01:45,895 | INFO | root | okx_gateway:amend_exchange_stop:395 | Amending exchange stop MET-USDT-SWAP algo=3430716806158180352 payload=[{'instId': 'MET-USDT-SWAP', 'algoId': '3430716806158180352', 'newSlTriggerPx': '0.1401', 'newSlOrdPx': '-1', 'newSlTriggerPxType': 'mark'}]
2026-03-29 04:01:51,692 | INFO | root | okx_gateway:place_exchange_stop:372 | Placing exchange stop MET-USDT-SWAP short payload={'instId': 'MET-USDT-SWAP', 'tdMode': 'isolated', 'side': 'buy', 'posSide': 'net', 'ordType': 'conditional', 'reduceOnly': 'true', 'closeFraction': '1', 'algoClOrdId': 'SLUSDTSWAP746111692', 'slTriggerPx': '0.1401', 'slTriggerPxType': 'mark', 'slOrdPx': '-1'}
2026-03-29 04:02:04,709 | INFO | root | okx_gateway:amend_exchange_stop:395 | Amending exchange stop LPT-USDT-SWAP algo=3430692198780592128 payload=[{'instId': 'LPT-USDT-SWAP', 'algoId': '3430692198780592128', 'newSlTriggerPx': '2.054', 'newSlOrdPx': '-1', 'newSlTriggerPxType': 'mark'}]
2026-03-29 04:02:10,648 | INFO | root | okx_gateway:place_exchange_stop:372 | Placing exchange stop LPT-USDT-SWAP short payload={'instId': 'LPT-USDT-SWAP', 'tdMode': 'isolated', 'side': 'buy', 'posSide': 'net', 'ordType': 'conditional', 'reduceOnly': 'true', 'closeFraction': '1', 'algoClOrdId': 'SLUSDTSWAP746130647', 'slTriggerPx': '2.054', 'slTriggerPxType': 'mark', 'slOrdPx': '-1'}
2026-03-29 04:02:25,211 | INFO | root | okx_gateway:place_exchange_stop:372 | Placing exchange stop NEAR-USDT-SWAP short payload={'instId': 'NEAR-USDT-SWAP', 'tdMode': 'isolated', 'side': 'buy', 'posSide': 'net', 'ordType': 'conditional', 'reduceOnly': 'true', 'closeFraction': '1', 'algoClOrdId': 'SLUSDTSWAP746145211', 'slTriggerPx': '1.1668', 'slTriggerPxType': 'mark', 'slOrdPx': '-1'}
2026-03-29 04:02:26,332 | INFO | root | okx_gateway:close_position:428 | Closing position NEAR-USDT-SWAP. Синхронизация: позиция отсутствует на бирже
2026-03-29 04:05:03,647 | INFO | root | okx_gateway:amend_exchange_stop:395 | Amending exchange stop DOGE-USDT-SWAP algo=3430716315625938944 payload=[{'instId': 'DOGE-USDT-SWAP', 'algoId': '3430716315625938944', 'newSlTriggerPx': '0.09095', 'newSlOrdPx': '-1', 'newSlTriggerPxType': 'mark'}]
2026-03-29 04:05:09,458 | INFO | root | okx_gateway:place_exchange_stop:372 | Placing exchange stop DOGE-USDT-SWAP short payload={'instId': 'DOGE-USDT-SWAP', 'tdMode': 'isolated', 'side': 'buy', 'posSide': 'net', 'ordType': 'conditional', 'reduceOnly': 'true', 'closeFraction': '1', 'algoClOrdId': 'SLUSDTSWAP746309458', 'slTriggerPx': '0.09095', 'slTriggerPxType': 'mark', 'slOrdPx': '-1'}
2026-03-29 04:05:37,140 | INFO | root | okx_gateway:amend_exchange_stop:395 | Amending exchange stop MET-USDT-SWAP algo=3430729676329672704 payload=[{'instId': 'MET-USDT-SWAP', 'algoId': '3430729676329672704', 'newSlTriggerPx': '0.1402', 'newSlOrdPx': '-1', 'newSlTriggerPxType': 'mark'}]
2026-03-29 04:05:42,893 | INFO | root | okx_gateway:place_exchange_stop:372 | Placing exchange stop MET-USDT-SWAP short payload={'instId': 'MET-USDT-SWAP', 'tdMode': 'isolated', 'side': 'buy', 'posSide': 'net', 'ordType': 'conditional', 'reduceOnly': 'true', 'closeFraction': '1', 'algoClOrdId': 'SLUSDTSWAP746342893', 'slTriggerPx': '0.1402', 'slTriggerPxType': 'mark', 'slOrdPx': '-1'}
2026-03-29 04:05:57,094 | INFO | root | okx_gateway:place_exchange_stop:372 | Placing exchange stop XLM-USDT-SWAP short payload={'instId': 'XLM-USDT-SWAP', 'tdMode': 'isolated', 'side': 'buy', 'posSide': 'net', 'ordType': 'conditional', 'reduceOnly': 'true', 'closeFraction': '1', 'algoClOrdId': 'SLUSDTSWAP746357094', 'slTriggerPx': '0.16814', 'slTriggerPxType': 'mark', 'slOrdPx': '-1'}
2026-03-29 04:05:57,094 | WARNING | root | market_data_cache:_run:142 | Market-data worker temporary fetch failure for BLUAI-USDT-SWAP: [WinError 10035] Операция на незаблокированном сокете не может быть завершена немедленно
2026-03-29 04:05:58,186 | INFO | root | okx_gateway:close_position:428 | Closing position XLM-USDT-SWAP. Синхронизация: позиция отсутствует на бирже
2026-03-29 04:06:07,706 | INFO | root | okx_gateway:place_exchange_stop:372 | Placing exchange stop ETHFI-USDT-SWAP short payload={'instId': 'ETHFI-USDT-SWAP', 'tdMode': 'isolated', 'side': 'buy', 'posSide': 'net', 'ordType': 'conditional', 'reduceOnly': 'true', 'closeFraction': '1', 'algoClOrdId': 'SLUSDTSWAP746367706', 'slTriggerPx': '0.4596', 'slTriggerPxType': 'mark', 'slOrdPx': '-1'}
2026-03-29 04:06:08,822 | INFO | root | okx_gateway:close_position:428 | Closing position ETHFI-USDT-SWAP. Синхронизация: позиция отсутствует на бирже
2026-03-29 04:07:48,574 | WARNING | root | market_data_cache:_run:142 | Market-data worker temporary fetch failure for H-USDT-SWAP: [WinError 10035] Операция на незаблокированном сокете не может быть завершена немедленно
2026-03-29 04:09:32,066 | INFO | root | okx_gateway:place_exchange_stop:372 | Placing exchange stop DOGE-USDT-SWAP short payload={'instId': 'DOGE-USDT-SWAP', 'tdMode': 'isolated', 'side': 'buy', 'posSide': 'net', 'ordType': 'conditional', 'reduceOnly': 'true', 'closeFraction': '1', 'algoClOrdId': 'SLUSDTSWAP746572066', 'slTriggerPx': '0.09105', 'slTriggerPxType': 'mark', 'slOrdPx': '-1'}
2026-03-29 04:09:33,149 | INFO | root | okx_gateway:close_position:428 | Closing position DOGE-USDT-SWAP. Синхронизация: позиция отсутствует на бирже
2026-03-29 04:09:50,322 | INFO | root | okx_gateway:place_exchange_stop:372 | Placing exchange stop LPT-USDT-SWAP short payload={'instId': 'LPT-USDT-SWAP', 'tdMode': 'isolated', 'side': 'buy', 'posSide': 'net', 'ordType': 'conditional', 'reduceOnly': 'true', 'closeFraction': '1', 'algoClOrdId': 'SLUSDTSWAP746590322', 'slTriggerPx': '2.065', 'slTriggerPxType': 'mark', 'slOrdPx': '-1'}
2026-03-29 04:09:51,394 | INFO | root | okx_gateway:close_position:428 | Closing position LPT-USDT-SWAP. Синхронизация: позиция отсутствует на бирже
2026-03-29 04:11:03,637 | WARNING | root | market_data_cache:_run:142 | Market-data worker temporary fetch failure for PIGGY-USDT-SWAP: [WinError 10035] Операция на незаблокированном сокете не может быть завершена немедленно
2026-03-29 04:11:59,693 | WARNING | root | market_data_cache:_run:142 | Market-data worker temporary fetch failure for CRV-USDT-SWAP: [WinError 10035] Операция на незаблокированном сокете не может быть завершена немедленно
2026-03-29 04:12:38,947 | INFO | root | okx_gateway:place_market_order:596 | Placing order FIL-USDT-SWAP buy qty=35240.0 attached_stop=True attached_stop_px=0.797
2026-03-29 04:12:53,955 | INFO | root | okx_gateway:place_exchange_stop:372 | Placing exchange stop MET-USDT-SWAP short payload={'instId': 'MET-USDT-SWAP', 'tdMode': 'isolated', 'side': 'buy', 'posSide': 'net', 'ordType': 'conditional', 'reduceOnly': 'true', 'closeFraction': '1', 'algoClOrdId': 'SLUSDTSWAP746773954', 'slTriggerPx': '0.1405', 'slTriggerPxType': 'mark', 'slOrdPx': '-1'}
2026-03-29 04:12:55,121 | INFO | root | okx_gateway:close_position:428 | Closing position MET-USDT-SWAP. Синхронизация: позиция отсутствует на бирже
2026-03-29 04:17:58,814 | WARNING | root | market_data_cache:_run:142 | Market-data worker temporary fetch failure for SOL-USDT-SWAP: [WinError 10035] Операция на незаблокированном сокете не может быть завершена немедленно
2026-03-29 04:20:55,865 | WARNING | root | market_data_cache:_run:142 | Market-data worker temporary fetch failure for XAU-USDT-SWAP: [WinError 10035] Операция на незаблокированном сокете не может быть завершена немедленно
2026-03-29 04:21:20,488 | INFO | root | okx_gateway:place_market_order:596 | Placing order MAGIC-USDT-SWAP buy qty=48699.0 attached_stop=True attached_stop_px=0.05733
2026-03-29 04:21:30,677 | INFO | root | okx_gateway:amend_exchange_stop:395 | Amending exchange stop FIL-USDT-SWAP algo=3430751397959000064 payload=[{'instId': 'FIL-USDT-SWAP', 'algoId': '3430751397959000064', 'newSlTriggerPx': '0.804', 'newSlOrdPx': '-1', 'newSlTriggerPxType': 'mark'}]
2026-03-29 04:21:36,362 | INFO | root | okx_gateway:place_exchange_stop:372 | Placing exchange stop FIL-USDT-SWAP long payload={'instId': 'FIL-USDT-SWAP', 'tdMode': 'isolated', 'side': 'sell', 'posSide': 'net', 'ordType': 'conditional', 'reduceOnly': 'true', 'closeFraction': '1', 'algoClOrdId': 'SLUSDTSWAP747296362', 'slTriggerPx': '0.804', 'slTriggerPxType': 'mark', 'slOrdPx': '-1'}
2026-03-29 04:21:38,879 | INFO | root | okx_gateway:place_market_order:596 | Placing order FIL-USDT-SWAP buy qty=35240.0 attached_stop=False attached_stop_px=
2026-03-29 04:24:12,102 | WARNING | root | market_data_cache:_run:142 | Market-data worker temporary fetch failure for BAND-USDT-SWAP: [WinError 10035] Операция на незаблокированном сокете не может быть завершена немедленно
2026-03-29 04:30:02,912 | WARNING | root | market_data_cache:_run:142 | Market-data worker temporary fetch failure for ENA-USDT-SWAP: [WinError 10035] Операция на незаблокированном сокете не может быть завершена немедленно
2026-03-29 04:30:05,816 | WARNING | root | market_data_cache:_run:142 | Market-data worker temporary fetch failure for ETH-USDT-SWAP: [WinError 10035] Операция на незаблокированном сокете не может быть завершена немедленно
2026-03-29 04:30:17,850 | WARNING | root | market_data_cache:_run:142 | Market-data worker temporary fetch failure for IOTA-USDT-SWAP: [WinError 10035] Операция на незаблокированном сокете не может быть завершена немедленно
2026-03-29 04:30:31,604 | WARNING | root | market_data_cache:_run:142 | Market-data worker temporary fetch failure for MINA-USDT-SWAP: [WinError 10035] Операция на незаблокированном сокете не может быть завершена немедленно
2026-03-29 04:30:50,290 | WARNING | root | market_data_cache:_run:142 | Market-data worker temporary fetch failure for STRK-USDT-SWAP: [WinError 10035] Операция на незаблокированном сокете не может быть завершена немедленно
2026-03-29 04:32:11,848 | INFO | root | okx_gateway:place_market_order:596 | Placing order NEO-USDT-SWAP buy qty=1057.0 attached_stop=True attached_stop_px=2.561
2026-03-29 04:32:21,601 | INFO | root | okx_gateway:amend_exchange_stop:395 | Amending exchange stop FIL-USDT-SWAP algo=3430769426084225024 payload=[{'instId': 'FIL-USDT-SWAP', 'algoId': '3430769426084225024', 'newSlTriggerPx': '0.805', 'newSlOrdPx': '-1', 'newSlTriggerPxType': 'mark'}]
2026-03-29 04:32:27,160 | INFO | root | okx_gateway:place_exchange_stop:372 | Placing exchange stop FIL-USDT-SWAP long payload={'instId': 'FIL-USDT-SWAP', 'tdMode': 'isolated', 'side': 'sell', 'posSide': 'net', 'ordType': 'conditional', 'reduceOnly': 'true', 'closeFraction': '1', 'algoClOrdId': 'SLUSDTSWAP747947160', 'slTriggerPx': '0.805', 'slTriggerPxType': 'mark', 'slOrdPx': '-1'}
2026-03-29 04:32:31,161 | INFO | root | okx_gateway:amend_exchange_stop:395 | Amending exchange stop MAGIC-USDT-SWAP algo=3430768897736138752 payload=[{'instId': 'MAGIC-USDT-SWAP', 'algoId': '3430768897736138752', 'newSlTriggerPx': '0.05747', 'newSlOrdPx': '-1', 'newSlTriggerPxType': 'mark'}]
2026-03-29 04:32:36,789 | INFO | root | okx_gateway:place_exchange_stop:372 | Placing exchange stop MAGIC-USDT-SWAP long payload={'instId': 'MAGIC-USDT-SWAP', 'tdMode': 'isolated', 'side': 'sell', 'posSide': 'net', 'ordType': 'conditional', 'reduceOnly': 'true', 'closeFraction': '1', 'algoClOrdId': 'SLUSDTSWAP747956789', 'slTriggerPx': '0.05747', 'slTriggerPxType': 'mark', 'slOrdPx': '-1'}
2026-03-29 04:35:28,095 | INFO | root | okx_gateway:place_market_order:596 | Placing order FIL-USDT-SWAP buy qty=35240.0 attached_stop=False attached_stop_px=
2026-03-29 04:35:31,534 | INFO | root | okx_gateway:amend_exchange_stop:395 | Amending exchange stop MAGIC-USDT-SWAP algo=3430791586571968512 payload=[{'instId': 'MAGIC-USDT-SWAP', 'algoId': '3430791586571968512', 'newSlTriggerPx': '0.05748', 'newSlOrdPx': '-1', 'newSlTriggerPxType': 'mark'}]
2026-03-29 04:35:37,161 | INFO | root | okx_gateway:place_exchange_stop:372 | Placing exchange stop MAGIC-USDT-SWAP long payload={'instId': 'MAGIC-USDT-SWAP', 'tdMode': 'isolated', 'side': 'sell', 'posSide': 'net', 'ordType': 'conditional', 'reduceOnly': 'true', 'closeFraction': '1', 'algoClOrdId': 'SLUSDTSWAP748137161', 'slTriggerPx': '0.05748', 'slTriggerPxType': 'mark', 'slOrdPx': '-1'}
2026-03-29 04:38:05,652 | WARNING | root | market_data_cache:_run:142 | Market-data worker temporary fetch failure for AI16Z-USDT-SWAP: [WinError 10035] Операция на незаблокированном сокете не может быть завершена немедленно
2026-03-29 04:38:21,836 | INFO | root | okx_gateway:amend_exchange_stop:395 | Amending exchange stop FIL-USDT-SWAP algo=3430791263509897216 payload=[{'instId': 'FIL-USDT-SWAP', 'algoId': '3430791263509897216', 'newSlTriggerPx': '0.804', 'newSlOrdPx': '-1', 'newSlTriggerPxType': 'mark'}]
2026-03-29 04:38:27,462 | INFO | root | okx_gateway:place_exchange_stop:372 | Placing exchange stop FIL-USDT-SWAP long payload={'instId': 'FIL-USDT-SWAP', 'tdMode': 'isolated', 'side': 'sell', 'posSide': 'net', 'ordType': 'conditional', 'reduceOnly': 'true', 'closeFraction': '1', 'algoClOrdId': 'SLUSDTSWAP748307462', 'slTriggerPx': '0.804', 'slTriggerPxType': 'mark', 'slOrdPx': '-1'}
2026-03-29 04:38:41,961 | INFO | root | okx_gateway:place_exchange_stop:372 | Placing exchange stop MAGIC-USDT-SWAP long payload={'instId': 'MAGIC-USDT-SWAP', 'tdMode': 'isolated', 'side': 'sell', 'posSide': 'net', 'ordType': 'conditional', 'reduceOnly': 'true', 'closeFraction': '1', 'algoClOrdId': 'SLUSDTSWAP748321961', 'slTriggerPx': '0.0574', 'slTriggerPxType': 'mark', 'slOrdPx': '-1'}
2026-03-29 04:38:43,061 | INFO | root | okx_gateway:close_position:428 | Closing position MAGIC-USDT-SWAP. Синхронизация: позиция отсутствует на бирже
2026-03-29 04:39:04,532 | WARNING | root | market_data_cache:_run:142 | Market-data worker temporary fetch failure for MKR-USDT-SWAP: [WinError 10035] Операция на незаблокированном сокете не может быть завершена немедленно
2026-03-29 04:41:25,340 | INFO | root | okx_gateway:amend_exchange_stop:395 | Amending exchange stop FIL-USDT-SWAP algo=3430803353071083520 payload=[{'instId': 'FIL-USDT-SWAP', 'algoId': '3430803353071083520', 'newSlTriggerPx': '0.803', 'newSlOrdPx': '-1', 'newSlTriggerPxType': 'mark'}]
2026-03-29 04:41:30,957 | INFO | root | okx_gateway:place_exchange_stop:372 | Placing exchange stop FIL-USDT-SWAP long payload={'instId': 'FIL-USDT-SWAP', 'tdMode': 'isolated', 'side': 'sell', 'posSide': 'net', 'ordType': 'conditional', 'reduceOnly': 'true', 'closeFraction': '1', 'algoClOrdId': 'SLUSDTSWAP748490957', 'slTriggerPx': '0.803', 'slTriggerPxType': 'mark', 'slOrdPx': '-1'}
2026-03-29 04:41:40,208 | INFO | root | okx_gateway:amend_exchange_stop:395 | Amending exchange stop NEO-USDT-SWAP algo=3430790753146986496 payload=[{'instId': 'NEO-USDT-SWAP', 'algoId': '3430790753146986496', 'newSlTriggerPx': '2.574', 'newSlOrdPx': '-1', 'newSlTriggerPxType': 'mark'}]
2026-03-29 04:41:45,898 | INFO | root | okx_gateway:place_exchange_stop:372 | Placing exchange stop NEO-USDT-SWAP long payload={'instId': 'NEO-USDT-SWAP', 'tdMode': 'isolated', 'side': 'sell', 'posSide': 'net', 'ordType': 'conditional', 'reduceOnly': 'true', 'closeFraction': '1', 'algoClOrdId': 'SLUSDTSWAP748505898', 'slTriggerPx': '2.574', 'slTriggerPxType': 'mark', 'slOrdPx': '-1'}
2026-03-29 04:43:23,526 | WARNING | root | market_data_cache:_run:142 | Market-data worker temporary fetch failure for SCR-USDT-SWAP: [WinError 10035] Операция на незаблокированном сокете не может быть завершена немедленно
2026-03-29 04:44:01,329 | WARNING | root | market_data_cache:_run:142 | Market-data worker temporary fetch failure for BAND-USDT-SWAP: [WinError 10035] Операция на незаблокированном сокете не может быть завершена немедленно
2026-03-29 04:44:27,645 | INFO | root | okx_gateway:amend_exchange_stop:395 | Amending exchange stop FIL-USDT-SWAP algo=3430809510074474496 payload=[{'instId': 'FIL-USDT-SWAP', 'algoId': '3430809510074474496', 'newSlTriggerPx': '0.804', 'newSlOrdPx': '-1', 'newSlTriggerPxType': 'mark'}]
2026-03-29 04:44:33,515 | INFO | root | okx_gateway:place_exchange_stop:372 | Placing exchange stop FIL-USDT-SWAP long payload={'instId': 'FIL-USDT-SWAP', 'tdMode': 'isolated', 'side': 'sell', 'posSide': 'net', 'ordType': 'conditional', 'reduceOnly': 'true', 'closeFraction': '1', 'algoClOrdId': 'SLUSDTSWAP748673515', 'slTriggerPx': '0.804', 'slTriggerPxType': 'mark', 'slOrdPx': '-1'}
2026-03-29 04:44:42,897 | INFO | root | okx_gateway:amend_exchange_stop:395 | Amending exchange stop NEO-USDT-SWAP algo=3430810011679678464 payload=[{'instId': 'NEO-USDT-SWAP', 'algoId': '3430810011679678464', 'newSlTriggerPx': '2.573', 'newSlOrdPx': '-1', 'newSlTriggerPxType': 'mark'}]
2026-03-29 04:44:48,700 | INFO | root | okx_gateway:place_exchange_stop:372 | Placing exchange stop NEO-USDT-SWAP long payload={'instId': 'NEO-USDT-SWAP', 'tdMode': 'isolated', 'side': 'sell', 'posSide': 'net', 'ordType': 'conditional', 'reduceOnly': 'true', 'closeFraction': '1', 'algoClOrdId': 'SLUSDTSWAP748688700', 'slTriggerPx': '2.573', 'slTriggerPxType': 'mark', 'slOrdPx': '-1'}
2026-03-29 04:46:16,710 | WARNING | root | market_data_cache:_run:142 | Market-data worker temporary fetch failure for MKR-USDT-SWAP: [WinError 10035] Операция на незаблокированном сокете не может быть завершена немедленно
2026-03-29 04:47:40,517 | INFO | root | okx_gateway:place_exchange_stop:372 | Placing exchange stop FIL-USDT-SWAP long payload={'instId': 'FIL-USDT-SWAP', 'tdMode': 'isolated', 'side': 'sell', 'posSide': 'net', 'ordType': 'conditional', 'reduceOnly': 'true', 'closeFraction': '1', 'algoClOrdId': 'SLUSDTSWAP748860517', 'slTriggerPx': '0.803', 'slTriggerPxType': 'mark', 'slOrdPx': '-1'}
2026-03-29 04:47:41,635 | INFO | root | okx_gateway:close_position:428 | Closing position FIL-USDT-SWAP. Синхронизация: позиция отсутствует на бирже
2026-03-29 04:47:45,887 | INFO | root | okx_gateway:amend_exchange_stop:395 | Amending exchange stop NEO-USDT-SWAP algo=3430816145463402496 payload=[{'instId': 'NEO-USDT-SWAP', 'algoId': '3430816145463402496', 'newSlTriggerPx': '2.572', 'newSlOrdPx': '-1', 'newSlTriggerPxType': 'mark'}]
2026-03-29 04:47:51,698 | INFO | root | okx_gateway:place_exchange_stop:372 | Placing exchange stop NEO-USDT-SWAP long payload={'instId': 'NEO-USDT-SWAP', 'tdMode': 'isolated', 'side': 'sell', 'posSide': 'net', 'ordType': 'conditional', 'reduceOnly': 'true', 'closeFraction': '1', 'algoClOrdId': 'SLUSDTSWAP748871698', 'slTriggerPx': '2.572', 'slTriggerPxType': 'mark', 'slOrdPx': '-1'}
2026-03-29 04:50:36,568 | INFO | root | okx_gateway:amend_exchange_stop:395 | Amending exchange stop NEO-USDT-SWAP algo=3430822285454696448 payload=[{'instId': 'NEO-USDT-SWAP', 'algoId': '3430822285454696448', 'newSlTriggerPx': '2.571', 'newSlOrdPx': '-1', 'newSlTriggerPxType': 'mark'}]
2026-03-29 04:50:42,323 | INFO | root | okx_gateway:place_exchange_stop:372 | Placing exchange stop NEO-USDT-SWAP long payload={'instId': 'NEO-USDT-SWAP', 'tdMode': 'isolated', 'side': 'sell', 'posSide': 'net', 'ordType': 'conditional', 'reduceOnly': 'true', 'closeFraction': '1', 'algoClOrdId': 'SLUSDTSWAP749042323', 'slTriggerPx': '2.571', 'slTriggerPxType': 'mark', 'slOrdPx': '-1'}
2026-03-29 04:52:01,194 | WARNING | root | market_data_cache:_run:142 | Market-data worker temporary fetch failure for IOTA-USDT-SWAP: [WinError 10035] Операция на незаблокированном сокете не может быть завершена немедленно
2026-03-29 04:52:18,132 | WARNING | root | market_data_cache:_run:142 | Market-data worker temporary fetch failure for MKR-USDT-SWAP: [WinError 10035] Операция на незаблокированном сокете не может быть завершена немедленно
2026-03-29 04:53:15,067 | WARNING | root | market_data_cache:_run:142 | Market-data worker temporary fetch failure for CELO-USDT-SWAP: [WinError 10035] Операция на незаблокированном сокете не может быть завершена немедленно
2026-03-29 04:53:18,377 | INFO | root | okx_gateway:place_market_order:596 | Placing order LQTY-USDT-SWAP buy qty=10471.8 attached_stop=True attached_stop_px=0.2644
2026-03-29 04:53:29,007 | INFO | root | okx_gateway:amend_exchange_stop:395 | Amending exchange stop NEO-USDT-SWAP algo=3430828010813874176 payload=[{'instId': 'NEO-USDT-SWAP', 'algoId': '3430828010813874176', 'newSlTriggerPx': '2.572', 'newSlOrdPx': '-1', 'newSlTriggerPxType': 'mark'}]
2026-03-29 04:53:34,638 | INFO | root | okx_gateway:place_exchange_stop:372 | Placing exchange stop NEO-USDT-SWAP long payload={'instId': 'NEO-USDT-SWAP', 'tdMode': 'isolated', 'side': 'sell', 'posSide': 'net', 'ordType': 'conditional', 'reduceOnly': 'true', 'closeFraction': '1', 'algoClOrdId': 'SLUSDTSWAP749214638', 'slTriggerPx': '2.572', 'slTriggerPxType': 'mark', 'slOrdPx': '-1'}
2026-03-29 04:58:50,175 | WARNING | root | market_data_cache:_run:142 | Market-data worker temporary fetch failure for ADA-USDT-SWAP: [WinError 10035] Операция на незаблокированном сокете не может быть завершена немедленно
2026-03-29 04:59:07,189 | INFO | root | okx_gateway:place_market_order:596 | Placing order THETA-USDT-SWAP buy qty=1823.0 attached_stop=True attached_stop_px=0.1506
2026-03-29 04:59:28,308 | INFO | root | okx_gateway:place_market_order:596 | Placing order THETA-USDT-SWAP buy qty=1823.0 attached_stop=False attached_stop_px=
2026-03-29 05:00:13,876 | WARNING | root | market_data_cache:_run:142 | Market-data worker temporary fetch failure for LQTY-USDT-SWAP: [WinError 10035] Операция на незаблокированном сокете не может быть завершена немедленно
2026-03-29 05:01:56,361 | WARNING | root | market_data_cache:_run:142 | Market-data worker temporary fetch failure for AUCTION-USDT-SWAP: [WinError 10035] Операция на незаблокированном сокете не может быть завершена немедленно
2026-03-29 05:02:14,745 | INFO | root | okx_gateway:amend_exchange_stop:395 | Amending exchange stop LQTY-USDT-SWAP algo=3430833250808193024 payload=[{'instId': 'LQTY-USDT-SWAP', 'algoId': '3430833250808193024', 'newSlTriggerPx': '0.2672', 'newSlOrdPx': '-1', 'newSlTriggerPxType': 'mark'}]
2026-03-29 05:02:20,366 | INFO | root | okx_gateway:place_exchange_stop:372 | Placing exchange stop LQTY-USDT-SWAP long payload={'instId': 'LQTY-USDT-SWAP', 'tdMode': 'isolated', 'side': 'sell', 'posSide': 'net', 'ordType': 'conditional', 'reduceOnly': 'true', 'closeFraction': '1', 'algoClOrdId': 'SLUSDTSWAP749740366', 'slTriggerPx': '0.2672', 'slTriggerPxType': 'mark', 'slOrdPx': '-1'}
2026-03-29 05:02:31,114 | INFO | root | okx_gateway:place_exchange_stop:372 | Placing exchange stop THETA-USDT-SWAP long payload={'instId': 'THETA-USDT-SWAP', 'tdMode': 'isolated', 'side': 'sell', 'posSide': 'net', 'ordType': 'conditional', 'reduceOnly': 'true', 'closeFraction': '1', 'algoClOrdId': 'SLUSDTSWAP749751114', 'slTriggerPx': '0.1506', 'slTriggerPxType': 'mark', 'slOrdPx': '-1'}
2026-03-29 05:02:47,493 | WARNING | root | market_data_cache:_run:142 | Market-data worker temporary fetch failure for MINA-USDT-SWAP: [WinError 10035] Операция на незаблокированном сокете не может быть завершена немедленно
2026-03-29 05:03:08,495 | WARNING | root | market_data_cache:_run:142 | Market-data worker temporary fetch failure for ZIL-USDT-SWAP: [WinError 10035] Операция на незаблокированном сокете не может быть завершена немедленно
2026-03-29 05:05:29,919 | INFO | root | okx_gateway:amend_exchange_stop:395 | Amending exchange stop NEO-USDT-SWAP algo=3430833793047814144 payload=[{'instId': 'NEO-USDT-SWAP', 'algoId': '3430833793047814144', 'newSlTriggerPx': '2.571', 'newSlOrdPx': '-1', 'newSlTriggerPxType': 'mark'}]
2026-03-29 05:05:35,741 | INFO | root | okx_gateway:place_exchange_stop:372 | Placing exchange stop NEO-USDT-SWAP long payload={'instId': 'NEO-USDT-SWAP', 'tdMode': 'isolated', 'side': 'sell', 'posSide': 'net', 'ordType': 'conditional', 'reduceOnly': 'true', 'closeFraction': '1', 'algoClOrdId': 'SLUSDTSWAP749935741', 'slTriggerPx': '2.571', 'slTriggerPxType': 'mark', 'slOrdPx': '-1'}
2026-03-29 05:05:46,860 | INFO | root | okx_gateway:amend_exchange_stop:395 | Amending exchange stop THETA-USDT-SWAP algo=3430851794228830208 payload=[{'instId': 'THETA-USDT-SWAP', 'algoId': '3430851794228830208', 'newSlTriggerPx': '0.1516', 'newSlOrdPx': '-1', 'newSlTriggerPxType': 'mark'}]
2026-03-29 05:05:52,731 | INFO | root | okx_gateway:place_exchange_stop:372 | Placing exchange stop THETA-USDT-SWAP long payload={'instId': 'THETA-USDT-SWAP', 'tdMode': 'isolated', 'side': 'sell', 'posSide': 'net', 'ordType': 'conditional', 'reduceOnly': 'true', 'closeFraction': '1', 'algoClOrdId': 'SLUSDTSWAP749952731', 'slTriggerPx': '0.1516', 'slTriggerPxType': 'mark', 'slOrdPx': '-1'}
2026-03-29 05:06:31,922 | WARNING | root | market_data_cache:_run:142 | Market-data worker temporary fetch failure for CATI-USDT-SWAP: [WinError 10035] Операция на незаблокированном сокете не может быть завершена немедленно
2026-03-29 05:07:59,302 | WARNING | root | market_data_cache:_run:142 | Market-data worker temporary fetch failure for BCH-USDT-SWAP: [WinError 10035] Операция на незаблокированном сокете не может быть завершена немедленно
2026-03-29 05:08:47,106 | INFO | root | okx_gateway:amend_exchange_stop:395 | Amending exchange stop NEO-USDT-SWAP algo=3430857988947402752 payload=[{'instId': 'NEO-USDT-SWAP', 'algoId': '3430857988947402752', 'newSlTriggerPx': '2.574', 'newSlOrdPx': '-1', 'newSlTriggerPxType': 'mark'}]
2026-03-29 05:08:52,915 | INFO | root | okx_gateway:place_exchange_stop:372 | Placing exchange stop NEO-USDT-SWAP long payload={'instId': 'NEO-USDT-SWAP', 'tdMode': 'isolated', 'side': 'sell', 'posSide': 'net', 'ordType': 'conditional', 'reduceOnly': 'true', 'closeFraction': '1', 'algoClOrdId': 'SLUSDTSWAP750132915', 'slTriggerPx': '2.574', 'slTriggerPxType': 'mark', 'slOrdPx': '-1'}
2026-03-29 05:11:58,785 | INFO | root | okx_gateway:amend_exchange_stop:395 | Amending exchange stop NEO-USDT-SWAP algo=3430864605310967808 payload=[{'instId': 'NEO-USDT-SWAP', 'algoId': '3430864605310967808', 'newSlTriggerPx': '2.575', 'newSlOrdPx': '-1', 'newSlTriggerPxType': 'mark'}]
2026-03-29 05:12:04,662 | INFO | root | okx_gateway:place_exchange_stop:372 | Placing exchange stop NEO-USDT-SWAP long payload={'instId': 'NEO-USDT-SWAP', 'tdMode': 'isolated', 'side': 'sell', 'posSide': 'net', 'ordType': 'conditional', 'reduceOnly': 'true', 'closeFraction': '1', 'algoClOrdId': 'SLUSDTSWAP750324662', 'slTriggerPx': '2.575', 'slTriggerPxType': 'mark', 'slOrdPx': '-1'}
2026-03-29 05:12:23,056 | INFO | root | okx_gateway:amend_exchange_stop:395 | Amending exchange stop LQTY-USDT-SWAP algo=3430851433518686208 payload=[{'instId': 'LQTY-USDT-SWAP', 'algoId': '3430851433518686208', 'newSlTriggerPx': '0.2671', 'newSlOrdPx': '-1', 'newSlTriggerPxType': 'mark'}]
2026-03-29 05:12:31,843 | INFO | root | okx_gateway:place_exchange_stop:372 | Placing exchange stop LQTY-USDT-SWAP long payload={'instId': 'LQTY-USDT-SWAP', 'tdMode': 'isolated', 'side': 'sell', 'posSide': 'net', 'ordType': 'conditional', 'reduceOnly': 'true', 'closeFraction': '1', 'algoClOrdId': 'SLUSDTSWAP750351843', 'slTriggerPx': '0.2671', 'slTriggerPxType': 'mark', 'slOrdPx': '-1'}
2026-03-29 05:12:32,934 | INFO | root | okx_gateway:close_position:428 | Closing position LQTY-USDT-SWAP. Синхронизация: позиция отсутствует на бирже
2026-03-29 05:16:38,995 | WARNING | root | market_data_cache:_run:142 | Market-data worker temporary fetch failure for CFX-USDT-SWAP: [WinError 10035] Операция на незаблокированном сокете не может быть завершена немедленно
2026-03-29 05:16:41,098 | WARNING | root | market_data_cache:_run:142 | Market-data worker temporary fetch failure for COMP-USDT-SWAP: [WinError 10035] Операция на незаблокированном сокете не может быть завершена немедленно
2026-03-29 05:17:43,905 | WARNING | root | market_data_cache:_run:142 | Market-data worker temporary fetch failure for ZETA-USDT-SWAP: [WinError 10035] Операция на незаблокированном сокете не может быть завершена немедленно
2026-03-29 05:18:29,099 | WARNING | root | market_data_cache:_run:142 | Market-data worker temporary fetch failure for FIL-USDT-SWAP: [WinError 10035] Операция на незаблокированном сокете не может быть завершена немедленно
2026-03-29 05:18:50,344 | INFO | root | okx_gateway:amend_exchange_stop:395 | Amending exchange stop NEO-USDT-SWAP algo=3430871039373303808 payload=[{'instId': 'NEO-USDT-SWAP', 'algoId': '3430871039373303808', 'newSlTriggerPx': '2.572', 'newSlOrdPx': '-1', 'newSlTriggerPxType': 'mark'}]
2026-03-29 05:18:56,147 | INFO | root | okx_gateway:place_exchange_stop:372 | Placing exchange stop NEO-USDT-SWAP long payload={'instId': 'NEO-USDT-SWAP', 'tdMode': 'isolated', 'side': 'sell', 'posSide': 'net', 'ordType': 'conditional', 'reduceOnly': 'true', 'closeFraction': '1', 'algoClOrdId': 'SLUSDTSWAP750736147', 'slTriggerPx': '2.572', 'slTriggerPxType': 'mark', 'slOrdPx': '-1'}
2026-03-29 05:21:06,774 | WARNING | root | market_data_cache:_run:142 | Market-data worker temporary fetch failure for BIO-USDT-SWAP: [WinError 10035] Операция на незаблокированном сокете не может быть завершена немедленно
2026-03-29 05:21:10,275 | WARNING | root | market_data_cache:_run:142 | Market-data worker temporary fetch failure for BRETT-USDT-SWAP: [WinError 10035] Операция на незаблокированном сокете не может быть завершена немедленно
2026-03-29 05:21:45,278 | INFO | root | okx_gateway:amend_exchange_stop:395 | Amending exchange stop NEO-USDT-SWAP algo=3430884846048993280 payload=[{'instId': 'NEO-USDT-SWAP', 'algoId': '3430884846048993280', 'newSlTriggerPx': '2.575', 'newSlOrdPx': '-1', 'newSlTriggerPxType': 'mark'}]
2026-03-29 05:21:51,093 | INFO | root | okx_gateway:place_exchange_stop:372 | Placing exchange stop NEO-USDT-SWAP long payload={'instId': 'NEO-USDT-SWAP', 'tdMode': 'isolated', 'side': 'sell', 'posSide': 'net', 'ordType': 'conditional', 'reduceOnly': 'true', 'closeFraction': '1', 'algoClOrdId': 'SLUSDTSWAP750911093', 'slTriggerPx': '2.575', 'slTriggerPxType': 'mark', 'slOrdPx': '-1'}
2026-03-29 05:22:40,835 | WARNING | root | market_data_cache:_run:142 | Market-data worker temporary fetch failure for CRV-USDT-SWAP: [WinError 10035] Операция на незаблокированном сокете не может быть завершена немедленно
2026-03-29 05:23:50,395 | WARNING | root | market_data_cache:_run:142 | Market-data worker temporary fetch failure for 1INCH-USDT-SWAP: [WinError 10035] Операция на незаблокированном сокете не может быть завершена немедленно
2026-03-29 05:26:43,016 | WARNING | root | market_data_cache:_run:142 | Market-data worker temporary fetch failure for 2Z-USDT-SWAP: [WinError 10035] Операция на незаблокированном сокете не может быть завершена немедленно
2026-03-29 05:27:20,879 | INFO | root | okx_gateway:place_market_order:596 | Placing order LTC-USDT-SWAP buy qty=51.8 attached_stop=True attached_stop_px=53.73
2026-03-29 05:27:52,345 | WARNING | root | market_data_cache:_run:142 | Market-data worker temporary fetch failure for SHIB-USDT-SWAP: [WinError 10035] Операция на незаблокированном сокете не может быть завершена немедленно
2026-03-29 05:29:03,704 | WARNING | root | market_data_cache:_run:142 | Market-data worker temporary fetch failure for MKR-USDT-SWAP: [WinError 10035] Операция на незаблокированном сокете не может быть завершена немедленно
2026-03-29 05:30:01,645 | WARNING | root | market_data_cache:_run:142 | Market-data worker temporary fetch failure for CELO-USDT-SWAP: [WinError 10035] Операция на незаблокированном сокете не может быть завершена немедленно
2026-03-29 05:30:11,267 | WARNING | root | market_data_cache:_run:142 | Market-data worker temporary fetch failure for ETC-USDT-SWAP: [WinError 10035] Операция на незаблокированном сокете не может быть завершена немедленно
2026-03-29 05:30:20,718 | INFO | root | okx_gateway:amend_exchange_stop:395 | Amending exchange stop NEO-USDT-SWAP algo=3430890716396871680 payload=[{'instId': 'NEO-USDT-SWAP', 'algoId': '3430890716396871680', 'newSlTriggerPx': '2.573', 'newSlOrdPx': '-1', 'newSlTriggerPxType': 'mark'}]
2026-03-29 05:30:26,329 | INFO | root | okx_gateway:place_exchange_stop:372 | Placing exchange stop NEO-USDT-SWAP long payload={'instId': 'NEO-USDT-SWAP', 'tdMode': 'isolated', 'side': 'sell', 'posSide': 'net', 'ordType': 'conditional', 'reduceOnly': 'true', 'closeFraction': '1', 'algoClOrdId': 'SLUSDTSWAP751426329', 'slTriggerPx': '2.573', 'slTriggerPxType': 'mark', 'slOrdPx': '-1'}
2026-03-29 05:30:48,325 | WARNING | root | market_data_cache:_run:142 | Market-data worker temporary fetch failure for SUI-USDT-SWAP: [WinError 10035] Операция на незаблокированном сокете не может быть завершена немедленно
2026-03-29 05:32:36,512 | WARNING | root | market_data_cache:_run:142 | Market-data worker temporary fetch failure for AI16Z-USDT-SWAP: [WinError 10035] Операция на незаблокированном сокете не может быть завершена немедленно
2026-03-29 05:33:11,630 | INFO | root | okx_gateway:amend_exchange_stop:395 | Amending exchange stop NEO-USDT-SWAP algo=3430908004613316608 payload=[{'instId': 'NEO-USDT-SWAP', 'algoId': '3430908004613316608', 'newSlTriggerPx': '2.571', 'newSlOrdPx': '-1', 'newSlTriggerPxType': 'mark'}]
2026-03-29 05:33:17,255 | INFO | root | okx_gateway:place_exchange_stop:372 | Placing exchange stop NEO-USDT-SWAP long payload={'instId': 'NEO-USDT-SWAP', 'tdMode': 'isolated', 'side': 'sell', 'posSide': 'net', 'ordType': 'conditional', 'reduceOnly': 'true', 'closeFraction': '1', 'algoClOrdId': 'SLUSDTSWAP751597255', 'slTriggerPx': '2.571', 'slTriggerPxType': 'mark', 'slOrdPx': '-1'}
2026-03-29 05:36:04,627 | INFO | root | okx_gateway:amend_exchange_stop:395 | Amending exchange stop NEO-USDT-SWAP algo=3430913739938160640 payload=[{'instId': 'NEO-USDT-SWAP', 'algoId': '3430913739938160640', 'newSlTriggerPx': '2.57', 'newSlOrdPx': '-1', 'newSlTriggerPxType': 'mark'}]
2026-03-29 05:36:10,261 | INFO | root | okx_gateway:place_exchange_stop:372 | Placing exchange stop NEO-USDT-SWAP long payload={'instId': 'NEO-USDT-SWAP', 'tdMode': 'isolated', 'side': 'sell', 'posSide': 'net', 'ordType': 'conditional', 'reduceOnly': 'true', 'closeFraction': '1', 'algoClOrdId': 'SLUSDTSWAP751770261', 'slTriggerPx': '2.57', 'slTriggerPxType': 'mark', 'slOrdPx': '-1'}
2026-03-29 05:36:19,506 | INFO | root | okx_gateway:amend_exchange_stop:395 | Amending exchange stop LTC-USDT-SWAP algo=3430901786339532800 payload=[{'instId': 'LTC-USDT-SWAP', 'algoId': '3430901786339532800', 'newSlTriggerPx': '53.99', 'newSlOrdPx': '-1', 'newSlTriggerPxType': 'mark'}]
2026-03-29 05:36:25,125 | INFO | root | okx_gateway:place_exchange_stop:372 | Placing exchange stop LTC-USDT-SWAP long payload={'instId': 'LTC-USDT-SWAP', 'tdMode': 'isolated', 'side': 'sell', 'posSide': 'net', 'ordType': 'conditional', 'reduceOnly': 'true', 'closeFraction': '1', 'algoClOrdId': 'SLUSDTSWAP751785125', 'slTriggerPx': '53.99', 'slTriggerPxType': 'mark', 'slOrdPx': '-1'}
2026-03-29 05:39:03,561 | INFO | root | okx_gateway:place_exchange_stop:372 | Placing exchange stop TSLA-USDT-SWAP short payload={'instId': 'TSLA-USDT-SWAP', 'tdMode': 'isolated', 'side': 'buy', 'posSide': 'net', 'ordType': 'conditional', 'reduceOnly': 'true', 'closeFraction': '1', 'algoClOrdId': 'SLUSDTSWAP751943561', 'slTriggerPx': '362.03', 'slTriggerPxType': 'mark', 'slOrdPx': '-1'}
2026-03-29 05:39:04,688 | INFO | root | okx_gateway:close_position:428 | Closing position TSLA-USDT-SWAP. Синхронизация: позиция отсутствует на бирже
2026-03-29 05:39:08,567 | INFO | root | okx_gateway:amend_exchange_stop:395 | Amending exchange stop NEO-USDT-SWAP algo=3430919545190440960 payload=[{'instId': 'NEO-USDT-SWAP', 'algoId': '3430919545190440960', 'newSlTriggerPx': '2.571', 'newSlOrdPx': '-1', 'newSlTriggerPxType': 'mark'}]
2026-03-29 05:39:14,378 | INFO | root | okx_gateway:place_exchange_stop:372 | Placing exchange stop NEO-USDT-SWAP long payload={'instId': 'NEO-USDT-SWAP', 'tdMode': 'isolated', 'side': 'sell', 'posSide': 'net', 'ordType': 'conditional', 'reduceOnly': 'true', 'closeFraction': '1', 'algoClOrdId': 'SLUSDTSWAP751954378', 'slTriggerPx': '2.571', 'slTriggerPxType': 'mark', 'slOrdPx': '-1'}
2026-03-29 05:40:46,509 | WARNING | root | market_data_cache:_run:142 | Market-data worker temporary fetch failure for LRC-USDT-SWAP: [WinError 10035] Операция на незаблокированном сокете не может быть завершена немедленно
2026-03-29 05:41:14,620 | WARNING | root | market_data_cache:_run:142 | Market-data worker temporary fetch failure for XPL-USDT-SWAP: [WinError 10035] Операция на незаблокированном сокете не может быть завершена немедленно
2026-03-29 05:42:10,438 | INFO | root | okx_gateway:amend_exchange_stop:395 | Amending exchange stop NEO-USDT-SWAP algo=3430925722729144320 payload=[{'instId': 'NEO-USDT-SWAP', 'algoId': '3430925722729144320', 'newSlTriggerPx': '2.574', 'newSlOrdPx': '-1', 'newSlTriggerPxType': 'mark'}]
2026-03-29 05:42:16,271 | INFO | root | okx_gateway:place_exchange_stop:372 | Placing exchange stop NEO-USDT-SWAP long payload={'instId': 'NEO-USDT-SWAP', 'tdMode': 'isolated', 'side': 'sell', 'posSide': 'net', 'ordType': 'conditional', 'reduceOnly': 'true', 'closeFraction': '1', 'algoClOrdId': 'SLUSDTSWAP752136271', 'slTriggerPx': '2.574', 'slTriggerPxType': 'mark', 'slOrdPx': '-1'}
2026-03-29 05:42:25,547 | INFO | root | okx_gateway:amend_exchange_stop:395 | Amending exchange stop LTC-USDT-SWAP algo=3430920043607973888 payload=[{'instId': 'LTC-USDT-SWAP', 'algoId': '3430920043607973888', 'newSlTriggerPx': '54.01', 'newSlOrdPx': '-1', 'newSlTriggerPxType': 'mark'}]
2026-03-29 05:42:31,305 | INFO | root | okx_gateway:place_exchange_stop:372 | Placing exchange stop LTC-USDT-SWAP long payload={'instId': 'LTC-USDT-SWAP', 'tdMode': 'isolated', 'side': 'sell', 'posSide': 'net', 'ordType': 'conditional', 'reduceOnly': 'true', 'closeFraction': '1', 'algoClOrdId': 'SLUSDTSWAP752151305', 'slTriggerPx': '54.01', 'slTriggerPxType': 'mark', 'slOrdPx': '-1'}
2026-03-29 05:42:33,812 | INFO | root | okx_gateway:place_market_order:596 | Placing order LTC-USDT-SWAP buy qty=51.8 attached_stop=False attached_stop_px=
2026-03-29 05:45:14,558 | INFO | root | okx_gateway:amend_exchange_stop:395 | Amending exchange stop NEO-USDT-SWAP algo=3430931826011889664 payload=[{'instId': 'NEO-USDT-SWAP', 'algoId': '3430931826011889664', 'newSlTriggerPx': '2.572', 'newSlOrdPx': '-1', 'newSlTriggerPxType': 'mark'}]
2026-03-29 05:45:20,363 | INFO | root | okx_gateway:place_exchange_stop:372 | Placing exchange stop NEO-USDT-SWAP long payload={'instId': 'NEO-USDT-SWAP', 'tdMode': 'isolated', 'side': 'sell', 'posSide': 'net', 'ordType': 'conditional', 'reduceOnly': 'true', 'closeFraction': '1', 'algoClOrdId': 'SLUSDTSWAP752320363', 'slTriggerPx': '2.572', 'slTriggerPxType': 'mark', 'slOrdPx': '-1'}
2026-03-29 05:45:27,754 | WARNING | root | market_data_cache:_run:142 | Market-data worker temporary fetch failure for MINA-USDT-SWAP: [WinError 10035] Операция на незаблокированном сокете не может быть завершена немедленно
2026-03-29 05:47:41,609 | WARNING | root | market_data_cache:_run:142 | Market-data worker temporary fetch failure for BAND-USDT-SWAP: [WinError 10035] Операция на незаблокированном сокете не может быть завершена немедленно
2026-03-29 05:48:08,988 | INFO | root | okx_gateway:place_market_order:596 | Placing order LINK-USDT-SWAP buy qty=326.99 attached_stop=True attached_stop_px=8.446
2026-03-29 05:48:11,858 | INFO | root | okx_gateway:amend_exchange_stop:395 | Amending exchange stop NEO-USDT-SWAP algo=3430938003248603136 payload=[{'instId': 'NEO-USDT-SWAP', 'algoId': '3430938003248603136', 'newSlTriggerPx': '2.568', 'newSlOrdPx': '-1', 'newSlTriggerPxType': 'mark'}]
2026-03-29 05:48:17,491 | INFO | root | okx_gateway:place_exchange_stop:372 | Placing exchange stop NEO-USDT-SWAP long payload={'instId': 'NEO-USDT-SWAP', 'tdMode': 'isolated', 'side': 'sell', 'posSide': 'net', 'ordType': 'conditional', 'reduceOnly': 'true', 'closeFraction': '1', 'algoClOrdId': 'SLUSDTSWAP752497491', 'slTriggerPx': '2.568', 'slTriggerPxType': 'mark', 'slOrdPx': '-1'}
2026-03-29 05:49:42,234 | WARNING | root | market_data_cache:_run:142 | Market-data worker temporary fetch failure for LINEA-USDT-SWAP: [WinError 10035] Операция на незаблокированном сокете не может быть завершена немедленно
2026-03-29 05:49:58,717 | WARNING | root | market_data_cache:_run:142 | Market-data worker temporary fetch failure for PIGGY-USDT-SWAP: [WinError 10035] Операция на незаблокированном сокете не может быть завершена немедленно
2026-03-29 05:50:35,178 | WARNING | root | market_data_cache:_run:142 | Market-data worker temporary fetch failure for ALGO-USDT-SWAP: [WinError 10035] Операция на незаблокированном сокете не может быть завершена немедленно
2026-03-29 05:51:02,057 | INFO | root | okx_gateway:place_market_order:596 | Placing order THETA-USDT-SWAP buy qty=1824.0 attached_stop=True attached_stop_px=0.1515
2026-03-29 05:51:04,855 | INFO | root | okx_gateway:amend_exchange_stop:395 | Amending exchange stop NEO-USDT-SWAP algo=3430943946476707840 payload=[{'instId': 'NEO-USDT-SWAP', 'algoId': '3430943946476707840', 'newSlTriggerPx': '2.572', 'newSlOrdPx': '-1', 'newSlTriggerPxType': 'mark'}]
2026-03-29 05:51:10,476 | INFO | root | okx_gateway:place_exchange_stop:372 | Placing exchange stop NEO-USDT-SWAP long payload={'instId': 'NEO-USDT-SWAP', 'tdMode': 'isolated', 'side': 'sell', 'posSide': 'net', 'ordType': 'conditional', 'reduceOnly': 'true', 'closeFraction': '1', 'algoClOrdId': 'SLUSDTSWAP752670476', 'slTriggerPx': '2.572', 'slTriggerPxType': 'mark', 'slOrdPx': '-1'}
2026-03-29 05:52:07,675 | WARNING | root | market_data_cache:_run:142 | Market-data worker temporary fetch failure for BCH-USDT-SWAP: [WinError 10035] Операция на незаблокированном сокете не может быть завершена немедленно
2026-03-29 05:56:53,286 | INFO | root | okx_gateway:amend_exchange_stop:395 | Amending exchange stop LTC-USDT-SWAP algo=3430932330636992512 payload=[{'instId': 'LTC-USDT-SWAP', 'algoId': '3430932330636992512', 'newSlTriggerPx': '54.02', 'newSlOrdPx': '-1', 'newSlTriggerPxType': 'mark'}]
2026-03-29 05:56:59,283 | INFO | root | okx_gateway:place_exchange_stop:372 | Placing exchange stop LTC-USDT-SWAP long payload={'instId': 'LTC-USDT-SWAP', 'tdMode': 'isolated', 'side': 'sell', 'posSide': 'net', 'ordType': 'conditional', 'reduceOnly': 'true', 'closeFraction': '1', 'algoClOrdId': 'SLUSDTSWAP753019283', 'slTriggerPx': '54.02', 'slTriggerPxType': 'mark', 'slOrdPx': '-1'}
2026-03-29 05:57:01,805 | INFO | root | okx_gateway:place_market_order:596 | Placing order LTC-USDT-SWAP buy qty=51.8 attached_stop=False attached_stop_px=
2026-03-29 05:57:05,286 | INFO | root | okx_gateway:amend_exchange_stop:395 | Amending exchange stop LINK-USDT-SWAP algo=3430943665055686656 payload=[{'instId': 'LINK-USDT-SWAP', 'algoId': '3430943665055686656', 'newSlTriggerPx': '8.482', 'newSlOrdPx': '-1', 'newSlTriggerPxType': 'mark'}]
2026-03-29 05:57:10,909 | INFO | root | okx_gateway:place_exchange_stop:372 | Placing exchange stop LINK-USDT-SWAP long payload={'instId': 'LINK-USDT-SWAP', 'tdMode': 'isolated', 'side': 'sell', 'posSide': 'net', 'ordType': 'conditional', 'reduceOnly': 'true', 'closeFraction': '1', 'algoClOrdId': 'SLUSDTSWAP753030909', 'slTriggerPx': '8.482', 'slTriggerPxType': 'mark', 'slOrdPx': '-1'}
2026-03-29 05:57:13,415 | INFO | root | okx_gateway:place_market_order:596 | Placing order LINK-USDT-SWAP buy qty=326.99 attached_stop=False attached_stop_px=
2026-03-29 05:59:50,974 | INFO | root | okx_gateway:place_market_order:596 | Placing order DOGE-USDT-SWAP buy qty=29.69 attached_stop=True attached_stop_px=0.0908
2026-03-29 05:59:53,812 | INFO | root | okx_gateway:amend_exchange_stop:395 | Amending exchange stop NEO-USDT-SWAP algo=3430949751292780544 payload=[{'instId': 'NEO-USDT-SWAP', 'algoId': '3430949751292780544', 'newSlTriggerPx': '2.566', 'newSlOrdPx': '-1', 'newSlTriggerPxType': 'mark'}]
2026-03-29 05:59:59,537 | INFO | root | okx_gateway:place_exchange_stop:372 | Placing exchange stop NEO-USDT-SWAP long payload={'instId': 'NEO-USDT-SWAP', 'tdMode': 'isolated', 'side': 'sell', 'posSide': 'net', 'ordType': 'conditional', 'reduceOnly': 'true', 'closeFraction': '1', 'algoClOrdId': 'SLUSDTSWAP753199537', 'slTriggerPx': '2.566', 'slTriggerPxType': 'mark', 'slOrdPx': '-1'}
2026-03-29 06:00:11,653 | INFO | root | okx_gateway:amend_exchange_stop:395 | Amending exchange stop THETA-USDT-SWAP algo=3430949472556113920 payload=[{'instId': 'THETA-USDT-SWAP', 'algoId': '3430949472556113920', 'newSlTriggerPx': '0.1516', 'newSlOrdPx': '-1', 'newSlTriggerPxType': 'mark'}]
2026-03-29 06:00:17,413 | INFO | root | okx_gateway:place_exchange_stop:372 | Placing exchange stop THETA-USDT-SWAP long payload={'instId': 'THETA-USDT-SWAP', 'tdMode': 'isolated', 'side': 'sell', 'posSide': 'net', 'ordType': 'conditional', 'reduceOnly': 'true', 'closeFraction': '1', 'algoClOrdId': 'SLUSDTSWAP753217413', 'slTriggerPx': '0.1516', 'slTriggerPxType': 'mark', 'slOrdPx': '-1'}
2026-03-29 06:03:00,216 | INFO | root | okx_gateway:amend_exchange_stop:395 | Amending exchange stop NEO-USDT-SWAP algo=3430967503265030144 payload=[{'instId': 'NEO-USDT-SWAP', 'algoId': '3430967503265030144', 'newSlTriggerPx': '2.569', 'newSlOrdPx': '-1', 'newSlTriggerPxType': 'mark'}]
2026-03-29 06:03:05,837 | INFO | root | okx_gateway:place_exchange_stop:372 | Placing exchange stop NEO-USDT-SWAP long payload={'instId': 'NEO-USDT-SWAP', 'tdMode': 'isolated', 'side': 'sell', 'posSide': 'net', 'ordType': 'conditional', 'reduceOnly': 'true', 'closeFraction': '1', 'algoClOrdId': 'SLUSDTSWAP753385836', 'slTriggerPx': '2.569', 'slTriggerPxType': 'mark', 'slOrdPx': '-1'}
2026-03-29 06:03:14,525 | WARNING | root | market_data_cache:_run:142 | Market-data worker temporary fetch failure for ICP-USDT-SWAP: [WinError 10035] Операция на незаблокированном сокете не может быть завершена немедленно
2026-03-29 06:04:08,711 | WARNING | root | market_data_cache:_run:142 | Market-data worker temporary fetch failure for BIO-USDT-SWAP: [WinError 10035] Операция на незаблокированном сокете не может быть завершена немедленно
2026-03-29 06:04:35,837 | WARNING | root | market_data_cache:_run:142 | Market-data worker temporary fetch failure for HMSTR-USDT-SWAP: [WinError 10035] Операция на незаблокированном сокете не может быть завершена немедленно
2026-03-29 06:06:06,461 | INFO | root | okx_gateway:amend_exchange_stop:395 | Amending exchange stop NEO-USDT-SWAP algo=3430973754690592768 payload=[{'instId': 'NEO-USDT-SWAP', 'algoId': '3430973754690592768', 'newSlTriggerPx': '2.57', 'newSlOrdPx': '-1', 'newSlTriggerPxType': 'mark'}]
2026-03-29 06:06:12,083 | INFO | root | okx_gateway:place_exchange_stop:372 | Placing exchange stop NEO-USDT-SWAP long payload={'instId': 'NEO-USDT-SWAP', 'tdMode': 'isolated', 'side': 'sell', 'posSide': 'net', 'ordType': 'conditional', 'reduceOnly': 'true', 'closeFraction': '1', 'algoClOrdId': 'SLUSDTSWAP753572083', 'slTriggerPx': '2.57', 'slTriggerPxType': 'mark', 'slOrdPx': '-1'}
2026-03-29 06:06:20,585 | INFO | root | okx_gateway:place_market_order:596 | Placing order LTC-USDT-SWAP buy qty=51.8 attached_stop=False attached_stop_px=
2026-03-29 06:06:23,647 | INFO | root | okx_gateway:place_market_order:596 | Placing order LINK-USDT-SWAP buy qty=326.99 attached_stop=False attached_stop_px=
2026-03-29 06:06:34,896 | INFO | root | okx_gateway:amend_exchange_stop:395 | Amending exchange stop DOGE-USDT-SWAP algo=3430967219864297472 payload=[{'instId': 'DOGE-USDT-SWAP', 'algoId': '3430967219864297472', 'newSlTriggerPx': '0.09085', 'newSlOrdPx': '-1', 'newSlTriggerPxType': 'mark'}]
2026-03-29 06:06:40,526 | INFO | root | okx_gateway:place_exchange_stop:372 | Placing exchange stop DOGE-USDT-SWAP long payload={'instId': 'DOGE-USDT-SWAP', 'tdMode': 'isolated', 'side': 'sell', 'posSide': 'net', 'ordType': 'conditional', 'reduceOnly': 'true', 'closeFraction': '1', 'algoClOrdId': 'SLUSDTSWAP753600526', 'slTriggerPx': '0.09085', 'slTriggerPxType': 'mark', 'slOrdPx': '-1'}
2026-03-29 06:07:32,708 | WARNING | root | market_data_cache:_run:142 | Market-data worker temporary fetch failure for FIL-USDT-SWAP: [WinError 10035] Операция на незаблокированном сокете не может быть завершена немедленно
2026-03-29 06:09:28,708 | INFO | root | okx_gateway:place_market_order:596 | Placing order LDO-USDT-SWAP buy qty=8551.0 attached_stop=True attached_stop_px=0.305
2026-03-29 06:09:31,836 | INFO | root | okx_gateway:amend_exchange_stop:395 | Amending exchange stop NEO-USDT-SWAP algo=3430980003800899584 payload=[{'instId': 'NEO-USDT-SWAP', 'algoId': '3430980003800899584', 'newSlTriggerPx': '2.569', 'newSlOrdPx': '-1', 'newSlTriggerPxType': 'mark'}]
2026-03-29 06:09:37,452 | INFO | root | okx_gateway:place_exchange_stop:372 | Placing exchange stop NEO-USDT-SWAP long payload={'instId': 'NEO-USDT-SWAP', 'tdMode': 'isolated', 'side': 'sell', 'posSide': 'net', 'ordType': 'conditional', 'reduceOnly': 'true', 'closeFraction': '1', 'algoClOrdId': 'SLUSDTSWAP753777452', 'slTriggerPx': '2.569', 'slTriggerPxType': 'mark', 'slOrdPx': '-1'}
2026-03-29 06:12:45,826 | INFO | root | okx_gateway:place_market_order:596 | Placing order ETHFI-USDT-SWAP buy qty=5655.0 attached_stop=True attached_stop_px=0.4558
2026-03-29 06:12:48,642 | INFO | root | okx_gateway:amend_exchange_stop:395 | Amending exchange stop NEO-USDT-SWAP algo=3430986894606163968 payload=[{'instId': 'NEO-USDT-SWAP', 'algoId': '3430986894606163968', 'newSlTriggerPx': '2.565', 'newSlOrdPx': '-1', 'newSlTriggerPxType': 'mark'}]
2026-03-29 06:12:54,263 | INFO | root | okx_gateway:place_exchange_stop:372 | Placing exchange stop NEO-USDT-SWAP long payload={'instId': 'NEO-USDT-SWAP', 'tdMode': 'isolated', 'side': 'sell', 'posSide': 'net', 'ordType': 'conditional', 'reduceOnly': 'true', 'closeFraction': '1', 'algoClOrdId': 'SLUSDTSWAP753974263', 'slTriggerPx': '2.565', 'slTriggerPxType': 'mark', 'slOrdPx': '-1'}
2026-03-29 06:13:05,950 | INFO | root | okx_gateway:place_market_order:596 | Placing order LINK-USDT-SWAP buy qty=326.99 attached_stop=False attached_stop_px=
2026-03-29 06:13:07,825 | INFO | root | okx_gateway:amend_exchange_stop:395 | Amending exchange stop LINK-USDT-SWAP algo=3430961845048270848 payload=[{'instId': 'LINK-USDT-SWAP', 'algoId': '3430961845048270848', 'newSlTriggerPx': '8.484', 'newSlOrdPx': '-1', 'newSlTriggerPxType': 'mark'}]
2026-03-29 06:13:13,634 | INFO | root | okx_gateway:place_exchange_stop:372 | Placing exchange stop LINK-USDT-SWAP long payload={'instId': 'LINK-USDT-SWAP', 'tdMode': 'isolated', 'side': 'sell', 'posSide': 'net', 'ordType': 'conditional', 'reduceOnly': 'true', 'closeFraction': '1', 'algoClOrdId': 'SLUSDTSWAP753993634', 'slTriggerPx': '8.484', 'slTriggerPxType': 'mark', 'slOrdPx': '-1'}
2026-03-29 06:14:00,203 | WARNING | root | market_data_cache:_run:142 | Market-data worker temporary fetch failure for LTC-USDT-SWAP: [WinError 10035] Операция на незаблокированном сокете не может быть завершена немедленно
2026-03-29 06:16:30,073 | INFO | root | okx_gateway:amend_exchange_stop:395 | Amending exchange stop LINK-USDT-SWAP algo=3430994149141471232 payload=[{'instId': 'LINK-USDT-SWAP', 'algoId': '3430994149141471232', 'newSlTriggerPx': '8.485', 'newSlOrdPx': '-1', 'newSlTriggerPxType': 'mark'}]
2026-03-29 06:16:35,698 | INFO | root | okx_gateway:place_exchange_stop:372 | Placing exchange stop LINK-USDT-SWAP long payload={'instId': 'LINK-USDT-SWAP', 'tdMode': 'isolated', 'side': 'sell', 'posSide': 'net', 'ordType': 'conditional', 'reduceOnly': 'true', 'closeFraction': '1', 'algoClOrdId': 'SLUSDTSWAP754195698', 'slTriggerPx': '8.485', 'slTriggerPxType': 'mark', 'slOrdPx': '-1'}
2026-03-29 06:16:40,067 | INFO | root | okx_gateway:amend_exchange_stop:395 | Amending exchange stop THETA-USDT-SWAP algo=3430968103016947712 payload=[{'instId': 'THETA-USDT-SWAP', 'algoId': '3430968103016947712', 'newSlTriggerPx': '0.1519', 'newSlOrdPx': '-1', 'newSlTriggerPxType': 'mark'}]
2026-03-29 06:16:45,695 | INFO | root | okx_gateway:place_exchange_stop:372 | Placing exchange stop THETA-USDT-SWAP long payload={'instId': 'THETA-USDT-SWAP', 'tdMode': 'isolated', 'side': 'sell', 'posSide': 'net', 'ordType': 'conditional', 'reduceOnly': 'true', 'closeFraction': '1', 'algoClOrdId': 'SLUSDTSWAP754205695', 'slTriggerPx': '0.1519', 'slTriggerPxType': 'mark', 'slOrdPx': '-1'}
2026-03-29 06:16:53,448 | INFO | root | okx_gateway:amend_exchange_stop:395 | Amending exchange stop THETA-USDT-SWAP algo=3431001264358776832 payload=[{'instId': 'THETA-USDT-SWAP', 'algoId': '3431001264358776832', 'newSlTriggerPx': '0.1516', 'newSlOrdPx': '-1', 'newSlTriggerPxType': 'mark'}]
2026-03-29 06:16:59,071 | INFO | root | okx_gateway:place_exchange_stop:372 | Placing exchange stop THETA-USDT-SWAP long payload={'instId': 'THETA-USDT-SWAP', 'tdMode': 'isolated', 'side': 'sell', 'posSide': 'net', 'ordType': 'conditional', 'reduceOnly': 'true', 'closeFraction': '1', 'algoClOrdId': 'SLUSDTSWAP754219071', 'slTriggerPx': '0.1516', 'slTriggerPxType': 'mark', 'slOrdPx': '-1'}
2026-03-29 06:17:08,644 | INFO | root | okx_gateway:amend_exchange_stop:395 | Amending exchange stop DOGE-USDT-SWAP algo=3430980958088945664 payload=[{'instId': 'DOGE-USDT-SWAP', 'algoId': '3430980958088945664', 'newSlTriggerPx': '0.09095', 'newSlOrdPx': '-1', 'newSlTriggerPxType': 'mark'}]
2026-03-29 06:17:14,628 | INFO | root | okx_gateway:place_exchange_stop:372 | Placing exchange stop DOGE-USDT-SWAP long payload={'instId': 'DOGE-USDT-SWAP', 'tdMode': 'isolated', 'side': 'sell', 'posSide': 'net', 'ordType': 'conditional', 'reduceOnly': 'true', 'closeFraction': '1', 'algoClOrdId': 'SLUSDTSWAP754234628', 'slTriggerPx': '0.09095', 'slTriggerPxType': 'mark', 'slOrdPx': '-1'}
2026-03-29 06:17:18,693 | INFO | root | okx_gateway:amend_exchange_stop:395 | Amending exchange stop LDO-USDT-SWAP algo=3430986605668950016 payload=[{'instId': 'LDO-USDT-SWAP', 'algoId': '3430986605668950016', 'newSlTriggerPx': '0.3087', 'newSlOrdPx': '-1', 'newSlTriggerPxType': 'mark'}]
2026-03-29 06:17:24,382 | INFO | root | okx_gateway:place_exchange_stop:372 | Placing exchange stop LDO-USDT-SWAP long payload={'instId': 'LDO-USDT-SWAP', 'tdMode': 'isolated', 'side': 'sell', 'posSide': 'net', 'ordType': 'conditional', 'reduceOnly': 'true', 'closeFraction': '1', 'algoClOrdId': 'SLUSDTSWAP754244382', 'slTriggerPx': '0.3087', 'slTriggerPxType': 'mark', 'slOrdPx': '-1'}
2026-03-29 06:18:38,575 | WARNING | root | market_data_cache:_run:142 | Market-data worker temporary fetch failure for AAVE-USDT-SWAP: [WinError 10035] Операция на незаблокированном сокете не может быть завершена немедленно
2026-03-29 06:18:54,633 | WARNING | root | market_data_cache:_run:142 | Market-data worker temporary fetch failure for BOME-USDT-SWAP: [WinError 10035] Операция на незаблокированном сокете не может быть завершена немедленно
2026-03-29 06:19:45,689 | WARNING | root | market_data_cache:_run:142 | Market-data worker temporary fetch failure for THETA-USDT-SWAP: [WinError 10035] Операция на незаблокированном сокете не может быть завершена немедленно
2026-03-29 06:20:08,942 | INFO | root | okx_gateway:amend_exchange_stop:395 | Amending exchange stop NEO-USDT-SWAP algo=3430993498722361344 payload=[{'instId': 'NEO-USDT-SWAP', 'algoId': '3430993498722361344', 'newSlTriggerPx': '2.571', 'newSlOrdPx': '-1', 'newSlTriggerPxType': 'mark'}]
2026-03-29 06:20:14,632 | INFO | root | okx_gateway:place_exchange_stop:372 | Placing exchange stop NEO-USDT-SWAP long payload={'instId': 'NEO-USDT-SWAP', 'tdMode': 'isolated', 'side': 'sell', 'posSide': 'net', 'ordType': 'conditional', 'reduceOnly': 'true', 'closeFraction': '1', 'algoClOrdId': 'SLUSDTSWAP754414632', 'slTriggerPx': '2.571', 'slTriggerPxType': 'mark', 'slOrdPx': '-1'}
2026-03-29 06:20:25,437 | INFO | root | okx_gateway:amend_exchange_stop:395 | Amending exchange stop LINK-USDT-SWAP algo=3431000928848011264 payload=[{'instId': 'LINK-USDT-SWAP', 'algoId': '3431000928848011264', 'newSlTriggerPx': '8.534', 'newSlOrdPx': '-1', 'newSlTriggerPxType': 'mark'}]
2026-03-29 06:20:31,062 | INFO | root | okx_gateway:place_exchange_stop:372 | Placing exchange stop LINK-USDT-SWAP long payload={'instId': 'LINK-USDT-SWAP', 'tdMode': 'isolated', 'side': 'sell', 'posSide': 'net', 'ordType': 'conditional', 'reduceOnly': 'true', 'closeFraction': '1', 'algoClOrdId': 'SLUSDTSWAP754431062', 'slTriggerPx': '8.534', 'slTriggerPxType': 'mark', 'slOrdPx': '-1'}
2026-03-29 06:20:36,436 | INFO | root | okx_gateway:amend_exchange_stop:395 | Amending exchange stop THETA-USDT-SWAP algo=3431001713283522560 payload=[{'instId': 'THETA-USDT-SWAP', 'algoId': '3431001713283522560', 'newSlTriggerPx': '0.1522', 'newSlOrdPx': '-1', 'newSlTriggerPxType': 'mark'}]
2026-03-29 06:20:42,129 | INFO | root | okx_gateway:place_exchange_stop:372 | Placing exchange stop THETA-USDT-SWAP long payload={'instId': 'THETA-USDT-SWAP', 'tdMode': 'isolated', 'side': 'sell', 'posSide': 'net', 'ordType': 'conditional', 'reduceOnly': 'true', 'closeFraction': '1', 'algoClOrdId': 'SLUSDTSWAP754442129', 'slTriggerPx': '0.1522', 'slTriggerPxType': 'mark', 'slOrdPx': '-1'}
2026-03-29 06:20:49,936 | INFO | root | okx_gateway:amend_exchange_stop:395 | Amending exchange stop THETA-USDT-SWAP algo=3431009197767352320 payload=[{'instId': 'THETA-USDT-SWAP', 'algoId': '3431009197767352320', 'newSlTriggerPx': '0.1523', 'newSlOrdPx': '-1', 'newSlTriggerPxType': 'mark'}]
2026-03-29 06:20:55,629 | INFO | root | okx_gateway:place_exchange_stop:372 | Placing exchange stop THETA-USDT-SWAP long payload={'instId': 'THETA-USDT-SWAP', 'tdMode': 'isolated', 'side': 'sell', 'posSide': 'net', 'ordType': 'conditional', 'reduceOnly': 'true', 'closeFraction': '1', 'algoClOrdId': 'SLUSDTSWAP754455629', 'slTriggerPx': '0.1523', 'slTriggerPxType': 'mark', 'slOrdPx': '-1'}
2026-03-29 06:20:58,128 | INFO | root | okx_gateway:place_market_order:596 | Placing order THETA-USDT-SWAP buy qty=1824.0 attached_stop=False attached_stop_px=
2026-03-29 06:21:01,561 | INFO | root | okx_gateway:amend_exchange_stop:395 | Amending exchange stop DOGE-USDT-SWAP algo=3431002235256266752 payload=[{'instId': 'DOGE-USDT-SWAP', 'algoId': '3431002235256266752', 'newSlTriggerPx': '0.09115', 'newSlOrdPx': '-1', 'newSlTriggerPxType': 'mark'}]
2026-03-29 06:21:07,194 | INFO | root | okx_gateway:place_exchange_stop:372 | Placing exchange stop DOGE-USDT-SWAP long payload={'instId': 'DOGE-USDT-SWAP', 'tdMode': 'isolated', 'side': 'sell', 'posSide': 'net', 'ordType': 'conditional', 'reduceOnly': 'true', 'closeFraction': '1', 'algoClOrdId': 'SLUSDTSWAP754467194', 'slTriggerPx': '0.09115', 'slTriggerPxType': 'mark', 'slOrdPx': '-1'}
2026-03-29 06:21:10,314 | INFO | root | okx_gateway:place_market_order:596 | Placing order DOGE-USDT-SWAP buy qty=29.69 attached_stop=False attached_stop_px=
2026-03-29 06:21:13,756 | INFO | root | okx_gateway:amend_exchange_stop:395 | Amending exchange stop LDO-USDT-SWAP algo=3431002562311315456 payload=[{'instId': 'LDO-USDT-SWAP', 'algoId': '3431002562311315456', 'newSlTriggerPx': '0.3096', 'newSlOrdPx': '-1', 'newSlTriggerPxType': 'mark'}]
2026-03-29 06:21:19,311 | INFO | root | okx_gateway:place_exchange_stop:372 | Placing exchange stop LDO-USDT-SWAP long payload={'instId': 'LDO-USDT-SWAP', 'tdMode': 'isolated', 'side': 'sell', 'posSide': 'net', 'ordType': 'conditional', 'reduceOnly': 'true', 'closeFraction': '1', 'algoClOrdId': 'SLUSDTSWAP754479311', 'slTriggerPx': '0.3096', 'slTriggerPxType': 'mark', 'slOrdPx': '-1'}
2026-03-29 06:21:26,684 | INFO | root | okx_gateway:amend_exchange_stop:395 | Amending exchange stop LDO-USDT-SWAP algo=3431010445220470784 payload=[{'instId': 'LDO-USDT-SWAP', 'algoId': '3431010445220470784', 'newSlTriggerPx': '0.3104', 'newSlOrdPx': '-1', 'newSlTriggerPxType': 'mark'}]
2026-03-29 06:21:32,310 | INFO | root | okx_gateway:place_exchange_stop:372 | Placing exchange stop LDO-USDT-SWAP long payload={'instId': 'LDO-USDT-SWAP', 'tdMode': 'isolated', 'side': 'sell', 'posSide': 'net', 'ordType': 'conditional', 'reduceOnly': 'true', 'closeFraction': '1', 'algoClOrdId': 'SLUSDTSWAP754492310', 'slTriggerPx': '0.3104', 'slTriggerPxType': 'mark', 'slOrdPx': '-1'}
2026-03-29 06:21:34,815 | INFO | root | okx_gateway:place_market_order:596 | Placing order LDO-USDT-SWAP buy qty=8551.0 attached_stop=False attached_stop_px=
2026-03-29 06:21:38,466 | INFO | root | okx_gateway:amend_exchange_stop:395 | Amending exchange stop ETHFI-USDT-SWAP algo=3430993220153466880 payload=[{'instId': 'ETHFI-USDT-SWAP', 'algoId': '3430993220153466880', 'newSlTriggerPx': '0.4623', 'newSlOrdPx': '-1', 'newSlTriggerPxType': 'mark'}]
2026-03-29 06:21:44,124 | INFO | root | okx_gateway:place_exchange_stop:372 | Placing exchange stop ETHFI-USDT-SWAP long payload={'instId': 'ETHFI-USDT-SWAP', 'tdMode': 'isolated', 'side': 'sell', 'posSide': 'net', 'ordType': 'conditional', 'reduceOnly': 'true', 'closeFraction': '1', 'algoClOrdId': 'SLUSDTSWAP754504124', 'slTriggerPx': '0.4623', 'slTriggerPxType': 'mark', 'slOrdPx': '-1'}
2026-03-29 06:21:46,632 | INFO | root | okx_gateway:place_market_order:596 | Placing order ETHFI-USDT-SWAP buy qty=5655.0 attached_stop=False attached_stop_px=
2026-03-29 06:23:56,186 | WARNING | root | market_data_cache:_run:142 | Market-data worker temporary fetch failure for ZETA-USDT-SWAP: [WinError 10035] Операция на незаблокированном сокете не может быть завершена немедленно
2026-03-29 06:24:14,619 | INFO | root | okx_gateway:place_market_order:596 | Placing order XRP-USDT-SWAP buy qty=18.77 attached_stop=True attached_stop_px=1.3316
2026-03-29 06:24:17,124 | INFO | root | okx_gateway:amend_exchange_stop:395 | Amending exchange stop NEO-USDT-SWAP algo=3431008274852700160 payload=[{'instId': 'NEO-USDT-SWAP', 'algoId': '3431008274852700160', 'newSlTriggerPx': '2.568', 'newSlOrdPx': '-1', 'newSlTriggerPxType': 'mark'}]
2026-03-29 06:24:22,752 | INFO | root | okx_gateway:place_exchange_stop:372 | Placing exchange stop NEO-USDT-SWAP long payload={'instId': 'NEO-USDT-SWAP', 'tdMode': 'isolated', 'side': 'sell', 'posSide': 'net', 'ordType': 'conditional', 'reduceOnly': 'true', 'closeFraction': '1', 'algoClOrdId': 'SLUSDTSWAP754662752', 'slTriggerPx': '2.568', 'slTriggerPxType': 'mark', 'slOrdPx': '-1'}
2026-03-29 06:24:40,324 | INFO | root | okx_gateway:place_exchange_stop:372 | Placing exchange stop THETA-USDT-SWAP long payload={'instId': 'THETA-USDT-SWAP', 'tdMode': 'isolated', 'side': 'sell', 'posSide': 'net', 'ordType': 'conditional', 'reduceOnly': 'true', 'closeFraction': '1', 'algoClOrdId': 'SLUSDTSWAP754680324', 'slTriggerPx': '0.1521', 'slTriggerPxType': 'mark', 'slOrdPx': '-1'}
2026-03-29 06:24:41,434 | INFO | root | okx_gateway:close_position:428 | Closing position THETA-USDT-SWAP. Синхронизация: позиция отсутствует на бирже
2026-03-29 06:24:59,058 | INFO | root | okx_gateway:place_market_order:596 | Placing order XRP-USDT-SWAP buy qty=18.77 attached_stop=False attached_stop_px=
2026-03-29 06:25:34,306 | WARNING | root | market_data_cache:_run:142 | Market-data worker temporary fetch failure for ACT-USDT-SWAP: [WinError 10035] Операция на незаблокированном сокете не может быть завершена немедленно
2026-03-29 06:27:26,301 | INFO | root | okx_gateway:amend_exchange_stop:395 | Amending exchange stop NEO-USDT-SWAP algo=3431016600747466752 payload=[{'instId': 'NEO-USDT-SWAP', 'algoId': '3431016600747466752', 'newSlTriggerPx': '2.569', 'newSlOrdPx': '-1', 'newSlTriggerPxType': 'mark'}]
2026-03-29 06:27:31,909 | INFO | root | okx_gateway:place_exchange_stop:372 | Placing exchange stop NEO-USDT-SWAP long payload={'instId': 'NEO-USDT-SWAP', 'tdMode': 'isolated', 'side': 'sell', 'posSide': 'net', 'ordType': 'conditional', 'reduceOnly': 'true', 'closeFraction': '1', 'algoClOrdId': 'SLUSDTSWAP754851909', 'slTriggerPx': '2.569', 'slTriggerPxType': 'mark', 'slOrdPx': '-1'}
2026-03-29 06:27:41,800 | INFO | root | okx_gateway:amend_exchange_stop:395 | Amending exchange stop LTC-USDT-SWAP algo=3430961454877335552 payload=[{'instId': 'LTC-USDT-SWAP', 'algoId': '3430961454877335552', 'newSlTriggerPx': '54.04', 'newSlOrdPx': '-1', 'newSlTriggerPxType': 'mark'}]
2026-03-29 06:27:47,436 | INFO | root | okx_gateway:place_exchange_stop:372 | Placing exchange stop LTC-USDT-SWAP long payload={'instId': 'LTC-USDT-SWAP', 'tdMode': 'isolated', 'side': 'sell', 'posSide': 'net', 'ordType': 'conditional', 'reduceOnly': 'true', 'closeFraction': '1', 'algoClOrdId': 'SLUSDTSWAP754867436', 'slTriggerPx': '54.04', 'slTriggerPxType': 'mark', 'slOrdPx': '-1'}
2026-03-29 06:27:59,305 | INFO | root | okx_gateway:place_market_order:596 | Placing order DOGE-USDT-SWAP buy qty=29.69 attached_stop=False attached_stop_px=
2026-03-29 06:28:02,428 | INFO | root | okx_gateway:place_market_order:596 | Placing order LDO-USDT-SWAP buy qty=8551.0 attached_stop=False attached_stop_px=
2026-03-29 06:28:11,550 | INFO | root | okx_gateway:place_exchange_stop:372 | Placing exchange stop ETHFI-USDT-SWAP long payload={'instId': 'ETHFI-USDT-SWAP', 'tdMode': 'isolated', 'side': 'sell', 'posSide': 'net', 'ordType': 'conditional', 'reduceOnly': 'true', 'closeFraction': '1', 'algoClOrdId': 'SLUSDTSWAP754891550', 'slTriggerPx': '0.4619', 'slTriggerPxType': 'mark', 'slOrdPx': '-1'}
2026-03-29 06:28:12,674 | INFO | root | okx_gateway:close_position:428 | Closing position ETHFI-USDT-SWAP. Синхронизация: позиция отсутствует на бирже
2026-03-29 06:28:22,862 | INFO | root | okx_gateway:place_exchange_stop:372 | Placing exchange stop XRP-USDT-SWAP long payload={'instId': 'XRP-USDT-SWAP', 'tdMode': 'isolated', 'side': 'sell', 'posSide': 'net', 'ordType': 'conditional', 'reduceOnly': 'true', 'closeFraction': '1', 'algoClOrdId': 'SLUSDTSWAP754902862', 'slTriggerPx': '1.3316', 'slTriggerPxType': 'mark', 'slOrdPx': '-1'}
2026-03-29 06:29:14,059 | WARNING | root | market_data_cache:_run:142 | Market-data worker temporary fetch failure for JUP-USDT-SWAP: [WinError 10035] Операция на незаблокированном сокете не может быть завершена немедленно
2026-03-29 06:31:14,919 | INFO | root | okx_gateway:amend_exchange_stop:395 | Amending exchange stop DOGE-USDT-SWAP algo=3431010038842744832 payload=[{'instId': 'DOGE-USDT-SWAP', 'algoId': '3431010038842744832', 'newSlTriggerPx': '0.0912', 'newSlOrdPx': '-1', 'newSlTriggerPxType': 'mark'}]
2026-03-29 06:31:20,735 | INFO | root | okx_gateway:place_exchange_stop:372 | Placing exchange stop DOGE-USDT-SWAP long payload={'instId': 'DOGE-USDT-SWAP', 'tdMode': 'isolated', 'side': 'sell', 'posSide': 'net', 'ordType': 'conditional', 'reduceOnly': 'true', 'closeFraction': '1', 'algoClOrdId': 'SLUSDTSWAP755080735', 'slTriggerPx': '0.0912', 'slTriggerPxType': 'mark', 'slOrdPx': '-1'}
2026-03-29 06:31:23,239 | INFO | root | okx_gateway:place_market_order:596 | Placing order DOGE-USDT-SWAP buy qty=29.69 attached_stop=False attached_stop_px=
2026-03-29 06:31:25,923 | INFO | root | okx_gateway:place_market_order:596 | Placing order LDO-USDT-SWAP buy qty=8551.0 attached_stop=False attached_stop_px=
2026-03-29 06:31:28,994 | INFO | root | okx_gateway:amend_exchange_stop:395 | Amending exchange stop XRP-USDT-SWAP algo=3431024657133035520 payload=[{'instId': 'XRP-USDT-SWAP', 'algoId': '3431024657133035520', 'newSlTriggerPx': '1.3359', 'newSlOrdPx': '-1', 'newSlTriggerPxType': 'mark'}]
2026-03-29 06:31:34,993 | INFO | root | okx_gateway:place_exchange_stop:372 | Placing exchange stop XRP-USDT-SWAP long payload={'instId': 'XRP-USDT-SWAP', 'tdMode': 'isolated', 'side': 'sell', 'posSide': 'net', 'ordType': 'conditional', 'reduceOnly': 'true', 'closeFraction': '1', 'algoClOrdId': 'SLUSDTSWAP755094993', 'slTriggerPx': '1.3359', 'slTriggerPxType': 'mark', 'slOrdPx': '-1'}
2026-03-29 06:33:01,420 | WARNING | root | market_data_cache:_run:142 | Market-data worker temporary fetch failure for 1INCH-USDT-SWAP: [WinError 10035] Операция на незаблокированном сокете не может быть завершена немедленно
2026-03-29 06:33:36,045 | WARNING | root | market_data_cache:_run:142 | Market-data worker temporary fetch failure for ENA-USDT-SWAP: [WinError 10035] Операция на незаблокированном сокете не может быть завершена немедленно
2026-03-29 06:34:20,366 | INFO | root | okx_gateway:place_exchange_stop:372 | Placing exchange stop LDO-USDT-SWAP long payload={'instId': 'LDO-USDT-SWAP', 'tdMode': 'isolated', 'side': 'sell', 'posSide': 'net', 'ordType': 'conditional', 'reduceOnly': 'true', 'closeFraction': '1', 'algoClOrdId': 'SLUSDTSWAP755260366', 'slTriggerPx': '0.3101', 'slTriggerPxType': 'mark', 'slOrdPx': '-1'}
2026-03-29 06:34:21,476 | INFO | root | okx_gateway:close_position:428 | Closing position LDO-USDT-SWAP. Синхронизация: позиция отсутствует на бирже
2026-03-29 06:34:49,609 | WARNING | root | market_data_cache:_run:142 | Market-data worker temporary fetch failure for ENA-USDT-SWAP: [WinError 10035] Операция на незаблокированном сокете не может быть завершена немедленно
2026-03-29 06:35:15,042 | WARNING | root | market_data_cache:_run:142 | Market-data worker temporary fetch failure for MAJOR-USDT-SWAP: [WinError 10035] Операция на незаблокированном сокете не может быть завершена немедленно
2026-03-29 06:39:20,409 | WARNING | root | market_data_cache:_run:142 | Market-data worker temporary fetch failure for DOT-USDT-SWAP: [WinError 10035] Операция на незаблокированном сокете не может быть завершена немедленно
2026-03-29 06:42:28,517 | INFO | root | okx_gateway:place_market_order:596 | Placing order MAGIC-USDT-SWAP sell qty=43804.0 attached_stop=True attached_stop_px=0.0579
2026-03-29 06:42:39,214 | INFO | root | okx_gateway:amend_exchange_stop:395 | Amending exchange stop LTC-USDT-SWAP algo=3431023468467281920 payload=[{'instId': 'LTC-USDT-SWAP', 'algoId': '3431023468467281920', 'newSlTriggerPx': '54.07', 'newSlOrdPx': '-1', 'newSlTriggerPxType': 'mark'}]
2026-03-29 06:42:44,911 | INFO | root | okx_gateway:place_exchange_stop:372 | Placing exchange stop LTC-USDT-SWAP long payload={'instId': 'LTC-USDT-SWAP', 'tdMode': 'isolated', 'side': 'sell', 'posSide': 'net', 'ordType': 'conditional', 'reduceOnly': 'true', 'closeFraction': '1', 'algoClOrdId': 'SLUSDTSWAP755764910', 'slTriggerPx': '54.07', 'slTriggerPxType': 'mark', 'slOrdPx': '-1'}
2026-03-29 06:49:13,895 | WARNING | root | market_data_cache:_run:142 | Market-data worker temporary fetch failure for A-USDT-SWAP: [WinError 10035] Операция на незаблокированном сокете не может быть завершена немедленно
2026-03-29 06:51:25,518 | INFO | root | okx_gateway:amend_exchange_stop:395 | Amending exchange stop MAGIC-USDT-SWAP algo=3431053036297216000 payload=[{'instId': 'MAGIC-USDT-SWAP', 'algoId': '3431053036297216000', 'newSlTriggerPx': '0.05738', 'newSlOrdPx': '-1', 'newSlTriggerPxType': 'mark'}]
2026-03-29 06:51:31,203 | INFO | root | okx_gateway:place_exchange_stop:372 | Placing exchange stop MAGIC-USDT-SWAP short payload={'instId': 'MAGIC-USDT-SWAP', 'tdMode': 'isolated', 'side': 'buy', 'posSide': 'net', 'ordType': 'conditional', 'reduceOnly': 'true', 'closeFraction': '1', 'algoClOrdId': 'SLUSDTSWAP756291203', 'slTriggerPx': '0.05738', 'slTriggerPxType': 'mark', 'slOrdPx': '-1'}
2026-03-29 06:54:27,136 | INFO | root | okx_gateway:place_exchange_stop:372 | Placing exchange stop MAGIC-USDT-SWAP short payload={'instId': 'MAGIC-USDT-SWAP', 'tdMode': 'isolated', 'side': 'buy', 'posSide': 'net', 'ordType': 'conditional', 'reduceOnly': 'true', 'closeFraction': '1', 'algoClOrdId': 'SLUSDTSWAP756467136', 'slTriggerPx': '0.05747', 'slTriggerPxType': 'mark', 'slOrdPx': '-1'}
2026-03-29 06:54:28,259 | INFO | root | okx_gateway:close_position:428 | Closing position MAGIC-USDT-SWAP. Синхронизация: позиция отсутствует на бирже
2026-03-29 06:57:03,508 | INFO | root | okx_gateway:place_market_order:596 | Placing order XLM-USDT-SWAP buy qty=149.32 attached_stop=True attached_stop_px=0.16711
2026-03-29 06:57:13,892 | INFO | root | okx_gateway:amend_exchange_stop:395 | Amending exchange stop LTC-USDT-SWAP algo=3431053582664032256 payload=[{'instId': 'LTC-USDT-SWAP', 'algoId': '3431053582664032256', 'newSlTriggerPx': '54.11', 'newSlOrdPx': '-1', 'newSlTriggerPxType': 'mark'}]
2026-03-29 06:57:19,577 | INFO | root | okx_gateway:place_exchange_stop:372 | Placing exchange stop LTC-USDT-SWAP long payload={'instId': 'LTC-USDT-SWAP', 'tdMode': 'isolated', 'side': 'sell', 'posSide': 'net', 'ordType': 'conditional', 'reduceOnly': 'true', 'closeFraction': '1', 'algoClOrdId': 'SLUSDTSWAP756639577', 'slTriggerPx': '54.11', 'slTriggerPxType': 'mark', 'slOrdPx': '-1'}
2026-03-29 07:00:06,751 | INFO | root | okx_gateway:place_market_order:596 | Placing order CFX-USDT-SWAP buy qty=4273.9 attached_stop=True attached_stop_px=0.0561
2026-03-29 07:02:02,942 | WARNING | root | market_data_cache:_run:142 | Market-data worker temporary fetch failure for MINA-USDT-SWAP: [WinError 10035] Операция на незаблокированном сокете не может быть завершена немедленно
2026-03-29 07:02:04,751 | WARNING | root | market_data_cache:_run:142 | Market-data worker temporary fetch failure for NEAR-USDT-SWAP: [WinError 10035] Операция на незаблокированном сокете не может быть завершена немедленно
2026-03-29 07:03:22,441 | INFO | root | okx_gateway:place_exchange_stop:372 | Placing exchange stop DOGE-USDT-SWAP long payload={'instId': 'DOGE-USDT-SWAP', 'tdMode': 'isolated', 'side': 'sell', 'posSide': 'net', 'ordType': 'conditional', 'reduceOnly': 'true', 'closeFraction': '1', 'algoClOrdId': 'SLUSDTSWAP757002441', 'slTriggerPx': '0.0911', 'slTriggerPxType': 'mark', 'slOrdPx': '-1'}
2026-03-29 07:03:23,559 | INFO | root | okx_gateway:close_position:428 | Closing position DOGE-USDT-SWAP. Синхронизация: позиция отсутствует на бирже
2026-03-29 07:03:33,498 | INFO | root | okx_gateway:place_exchange_stop:372 | Placing exchange stop XRP-USDT-SWAP long payload={'instId': 'XRP-USDT-SWAP', 'tdMode': 'isolated', 'side': 'sell', 'posSide': 'net', 'ordType': 'conditional', 'reduceOnly': 'true', 'closeFraction': '1', 'algoClOrdId': 'SLUSDTSWAP757013497', 'slTriggerPx': '1.335', 'slTriggerPxType': 'mark', 'slOrdPx': '-1'}
2026-03-29 07:03:34,620 | INFO | root | okx_gateway:close_position:428 | Closing position XRP-USDT-SWAP. Синхронизация: позиция отсутствует на бирже
2026-03-29 07:04:10,938 | WARNING | root | market_data_cache:_run:142 | Market-data worker temporary fetch failure for AI16Z-USDT-SWAP: [WinError 10035] Операция на незаблокированном сокете не может быть завершена немедленно
2026-03-29 07:04:37,689 | WARNING | root | market_data_cache:_run:142 | Market-data worker temporary fetch failure for DOGE-USDT-SWAP: [WinError 10035] Операция на незаблокированном сокете не может быть завершена немедленно
2026-03-29 07:06:31,309 | INFO | root | okx_gateway:amend_exchange_stop:395 | Amending exchange stop XLM-USDT-SWAP algo=3431082396559433728 payload=[{'instId': 'XLM-USDT-SWAP', 'algoId': '3431082396559433728', 'newSlTriggerPx': '0.16875', 'newSlOrdPx': '-1', 'newSlTriggerPxType': 'mark'}]
2026-03-29 07:06:36,995 | INFO | root | okx_gateway:place_exchange_stop:372 | Placing exchange stop XLM-USDT-SWAP long payload={'instId': 'XLM-USDT-SWAP', 'tdMode': 'isolated', 'side': 'sell', 'posSide': 'net', 'ordType': 'conditional', 'reduceOnly': 'true', 'closeFraction': '1', 'algoClOrdId': 'SLUSDTSWAP757196995', 'slTriggerPx': '0.16875', 'slTriggerPxType': 'mark', 'slOrdPx': '-1'}
2026-03-29 07:07:14,812 | WARNING | root | market_data_cache:_run:142 | Market-data worker temporary fetch failure for ARB-USDT-SWAP: [WinError 10035] Операция на незаблокированном сокете не может быть завершена немедленно
2026-03-29 07:07:52,118 | WARNING | root | market_data_cache:_run:142 | Market-data worker temporary fetch failure for HMSTR-USDT-SWAP: [WinError 10035] Операция на незаблокированном сокете не может быть завершена немедленно
2026-03-29 07:08:51,060 | WARNING | root | market_data_cache:_run:142 | Market-data worker temporary fetch failure for AKITA-USDT-SWAP: [WinError 10035] Операция на незаблокированном сокете не может быть завершена немедленно
2026-03-29 07:12:23,834 | INFO | root | okx_gateway:place_market_order:596 | Placing order LQTY-USDT-SWAP buy qty=9687.9 attached_stop=True attached_stop_px=0.2648
2026-03-29 07:12:27,052 | INFO | root | okx_gateway:amend_exchange_stop:395 | Amending exchange stop LTC-USDT-SWAP algo=3431082931484188672 payload=[{'instId': 'LTC-USDT-SWAP', 'algoId': '3431082931484188672', 'newSlTriggerPx': '54.16', 'newSlOrdPx': '-1', 'newSlTriggerPxType': 'mark'}]
2026-03-29 07:12:32,740 | INFO | root | okx_gateway:place_exchange_stop:372 | Placing exchange stop LTC-USDT-SWAP long payload={'instId': 'LTC-USDT-SWAP', 'tdMode': 'isolated', 'side': 'sell', 'posSide': 'net', 'ordType': 'conditional', 'reduceOnly': 'true', 'closeFraction': '1', 'algoClOrdId': 'SLUSDTSWAP757552740', 'slTriggerPx': '54.16', 'slTriggerPxType': 'mark', 'slOrdPx': '-1'}
2026-03-29 07:12:39,551 | INFO | root | okx_gateway:amend_exchange_stop:395 | Amending exchange stop CFX-USDT-SWAP algo=3431088545073553408 payload=[{'instId': 'CFX-USDT-SWAP', 'algoId': '3431088545073553408', 'newSlTriggerPx': '0.05682', 'newSlOrdPx': '-1', 'newSlTriggerPxType': 'mark'}]
2026-03-29 07:12:45,243 | INFO | root | okx_gateway:place_exchange_stop:372 | Placing exchange stop CFX-USDT-SWAP long payload={'instId': 'CFX-USDT-SWAP', 'tdMode': 'isolated', 'side': 'sell', 'posSide': 'net', 'ordType': 'conditional', 'reduceOnly': 'true', 'closeFraction': '1', 'algoClOrdId': 'SLUSDTSWAP757565243', 'slTriggerPx': '0.05682', 'slTriggerPxType': 'mark', 'slOrdPx': '-1'}
2026-03-29 07:15:43,862 | INFO | root | okx_gateway:amend_exchange_stop:395 | Amending exchange stop LTC-USDT-SWAP algo=3431113572015759360 payload=[{'instId': 'LTC-USDT-SWAP', 'algoId': '3431113572015759360', 'newSlTriggerPx': '54.14', 'newSlOrdPx': '-1', 'newSlTriggerPxType': 'mark'}]
2026-03-29 07:15:49,482 | INFO | root | okx_gateway:place_exchange_stop:372 | Placing exchange stop LTC-USDT-SWAP long payload={'instId': 'LTC-USDT-SWAP', 'tdMode': 'isolated', 'side': 'sell', 'posSide': 'net', 'ordType': 'conditional', 'reduceOnly': 'true', 'closeFraction': '1', 'algoClOrdId': 'SLUSDTSWAP757749482', 'slTriggerPx': '54.14', 'slTriggerPxType': 'mark', 'slOrdPx': '-1'}
2026-03-29 07:15:56,550 | INFO | root | okx_gateway:close_position:428 | Closing position LTC-USDT-SWAP. Канальный выход 10 свечей
2026-03-29 07:16:06,483 | INFO | root | okx_gateway:place_exchange_stop:372 | Placing exchange stop XLM-USDT-SWAP long payload={'instId': 'XLM-USDT-SWAP', 'tdMode': 'isolated', 'side': 'sell', 'posSide': 'net', 'ordType': 'conditional', 'reduceOnly': 'true', 'closeFraction': '1', 'algoClOrdId': 'SLUSDTSWAP757766483', 'slTriggerPx': '0.16861', 'slTriggerPxType': 'mark', 'slOrdPx': '-1'}
2026-03-29 07:16:07,607 | INFO | root | okx_gateway:close_position:428 | Closing position XLM-USDT-SWAP. Синхронизация: позиция отсутствует на бирже
2026-03-29 07:17:56,977 | WARNING | root | market_data_cache:_run:142 | Market-data worker temporary fetch failure for BAND-USDT-SWAP: [WinError 10035] Операция на незаблокированном сокете не может быть завершена немедленно
2026-03-29 07:19:00,276 | WARNING | root | market_data_cache:_run:142 | Market-data worker temporary fetch failure for AAVE-USDT-SWAP: [WinError 10035] Операция на незаблокированном сокете не может быть завершена немедленно
2026-03-29 07:20:57,601 | WARNING | root | market_data_cache:_run:142 | Market-data worker temporary fetch failure for CELO-USDT-SWAP: [WinError 10035] Операция на незаблокированном сокете не может быть завершена немедленно
2026-03-29 07:21:44,792 | INFO | root | okx_gateway:place_exchange_stop:372 | Placing exchange stop CFX-USDT-SWAP long payload={'instId': 'CFX-USDT-SWAP', 'tdMode': 'isolated', 'side': 'sell', 'posSide': 'net', 'ordType': 'conditional', 'reduceOnly': 'true', 'closeFraction': '1', 'algoClOrdId': 'SLUSDTSWAP758104792', 'slTriggerPx': '0.05676', 'slTriggerPxType': 'mark', 'slOrdPx': '-1'}
2026-03-29 07:21:45,909 | INFO | root | okx_gateway:close_position:428 | Closing position CFX-USDT-SWAP. Синхронизация: позиция отсутствует на бирже
2026-03-29 07:21:49,416 | INFO | root | okx_gateway:amend_exchange_stop:395 | Amending exchange stop LQTY-USDT-SWAP algo=3431113278179598336 payload=[{'instId': 'LQTY-USDT-SWAP', 'algoId': '3431113278179598336', 'newSlTriggerPx': '0.2703', 'newSlOrdPx': '-1', 'newSlTriggerPxType': 'mark'}]
2026-03-29 07:21:55,158 | INFO | root | okx_gateway:place_exchange_stop:372 | Placing exchange stop LQTY-USDT-SWAP long payload={'instId': 'LQTY-USDT-SWAP', 'tdMode': 'isolated', 'side': 'sell', 'posSide': 'net', 'ordType': 'conditional', 'reduceOnly': 'true', 'closeFraction': '1', 'algoClOrdId': 'SLUSDTSWAP758115158', 'slTriggerPx': '0.2703', 'slTriggerPxType': 'mark', 'slOrdPx': '-1'}
2026-03-29 07:23:33,473 | WARNING | root | market_data_cache:_run:142 | Market-data worker temporary fetch failure for AI16Z-USDT-SWAP: [WinError 10035] Операция на незаблокированном сокете не может быть завершена немедленно
2026-03-29 07:29:43,844 | WARNING | root | market_data_cache:_run:142 | Market-data worker temporary fetch failure for AXS-USDT-SWAP: [WinError 10035] Операция на незаблокированном сокете не может быть завершена немедленно
2026-03-29 07:30:08,345 | WARNING | root | market_data_cache:_run:142 | Market-data worker temporary fetch failure for ETHFI-USDT-SWAP: [WinError 10035] Операция на незаблокированном сокете не может быть завершена немедленно
2026-03-29 07:30:09,209 | INFO | root | okx_gateway:place_market_order:596 | Placing order TSLA-USDT-SWAP buy qty=785.0 attached_stop=True attached_stop_px=361.35
2026-03-29 07:31:29,839 | WARNING | root | market_data_cache:_run:142 | Market-data worker temporary fetch failure for ETHW-USDT-SWAP: [WinError 10035] Операция на незаблокированном сокете не может быть завершена немедленно
2026-03-29 07:31:37,776 | WARNING | root | market_data_cache:_run:142 | Market-data worker temporary fetch failure for ICP-USDT-SWAP: [WinError 10035] Операция на незаблокированном сокете не может быть завершена немедленно
2026-03-29 07:32:23,166 | WARNING | root | market_data_cache:_run:142 | Market-data worker temporary fetch failure for XSR-USDT-SWAP: [WinError 10035] Операция на незаблокированном сокете не может быть завершена немедленно
2026-03-29 07:32:34,775 | WARNING | root | market_data_cache:_run:142 | Market-data worker temporary fetch failure for AAVE-USDT-SWAP: [WinError 10035] Операция на незаблокированном сокете не может быть завершена немедленно
2026-03-29 07:36:04,702 | INFO | root | okx_gateway:amend_exchange_stop:395 | Amending exchange stop LQTY-USDT-SWAP algo=3431132443665850368 payload=[{'instId': 'LQTY-USDT-SWAP', 'algoId': '3431132443665850368', 'newSlTriggerPx': '0.2706', 'newSlOrdPx': '-1', 'newSlTriggerPxType': 'mark'}]
2026-03-29 07:36:11,081 | INFO | root | okx_gateway:place_exchange_stop:372 | Placing exchange stop LQTY-USDT-SWAP long payload={'instId': 'LQTY-USDT-SWAP', 'tdMode': 'isolated', 'side': 'sell', 'posSide': 'net', 'ordType': 'conditional', 'reduceOnly': 'true', 'closeFraction': '1', 'algoClOrdId': 'SLUSDTSWAP758971081', 'slTriggerPx': '0.2706', 'slTriggerPxType': 'mark', 'slOrdPx': '-1'}
2026-03-29 07:36:13,657 | INFO | root | okx_gateway:place_market_order:596 | Placing order LQTY-USDT-SWAP buy qty=9687.9 attached_stop=False attached_stop_px=
2026-03-29 07:36:17,213 | INFO | root | okx_gateway:place_market_order:596 | Placing order TSLA-USDT-SWAP buy qty=785.0 attached_stop=False attached_stop_px=
2026-03-29 07:38:57,884 | INFO | root | okx_gateway:place_market_order:596 | Placing order THETA-USDT-SWAP sell qty=1809.0 attached_stop=True attached_stop_px=0.1529
2026-03-29 07:39:14,202 | INFO | root | okx_gateway:place_exchange_stop:372 | Placing exchange stop TSLA-USDT-SWAP long payload={'instId': 'TSLA-USDT-SWAP', 'tdMode': 'isolated', 'side': 'sell', 'posSide': 'net', 'ordType': 'conditional', 'reduceOnly': 'true', 'closeFraction': '1', 'algoClOrdId': 'SLUSDTSWAP759154202', 'slTriggerPx': '361.35', 'slTriggerPxType': 'mark', 'slOrdPx': '-1'}
2026-03-29 07:40:51,258 | WARNING | root | market_data_cache:_run:142 | Market-data worker temporary fetch failure for NOT-USDT-SWAP: [WinError 10035] Операция на незаблокированном сокете не может быть завершена немедленно
2026-03-29 07:41:16,834 | WARNING | root | market_data_cache:_run:142 | Market-data worker temporary fetch failure for ZIL-USDT-SWAP: [WinError 10035] Операция на незаблокированном сокете не может быть завершена немедленно
2026-03-29 07:42:00,589 | INFO | root | okx_gateway:place_market_order:596 | Placing order KSM-USDT-SWAP buy qty=6576.0 attached_stop=True attached_stop_px=4.025
2026-03-29 07:42:09,565 | INFO | root | okx_gateway:amend_exchange_stop:395 | Amending exchange stop LQTY-USDT-SWAP algo=3431161164347039744 payload=[{'instId': 'LQTY-USDT-SWAP', 'algoId': '3431161164347039744', 'newSlTriggerPx': '0.271', 'newSlOrdPx': '-1', 'newSlTriggerPxType': 'mark'}]
2026-03-29 07:42:15,638 | INFO | root | okx_gateway:place_exchange_stop:372 | Placing exchange stop LQTY-USDT-SWAP long payload={'instId': 'LQTY-USDT-SWAP', 'tdMode': 'isolated', 'side': 'sell', 'posSide': 'net', 'ordType': 'conditional', 'reduceOnly': 'true', 'closeFraction': '1', 'algoClOrdId': 'SLUSDTSWAP759335638', 'slTriggerPx': '0.271', 'slTriggerPxType': 'mark', 'slOrdPx': '-1'}
2026-03-29 07:42:18,138 | INFO | root | okx_gateway:place_market_order:596 | Placing order LQTY-USDT-SWAP buy qty=9687.9 attached_stop=False attached_stop_px=
2026-03-29 07:42:22,009 | INFO | root | okx_gateway:amend_exchange_stop:395 | Amending exchange stop TSLA-USDT-SWAP algo=3431167308096430080 payload=[{'instId': 'TSLA-USDT-SWAP', 'algoId': '3431167308096430080', 'newSlTriggerPx': '361.57', 'newSlOrdPx': '-1', 'newSlTriggerPxType': 'mark'}]
2026-03-29 07:42:27,634 | INFO | root | okx_gateway:place_exchange_stop:372 | Placing exchange stop TSLA-USDT-SWAP long payload={'instId': 'TSLA-USDT-SWAP', 'tdMode': 'isolated', 'side': 'sell', 'posSide': 'net', 'ordType': 'conditional', 'reduceOnly': 'true', 'closeFraction': '1', 'algoClOrdId': 'SLUSDTSWAP759347634', 'slTriggerPx': '361.57', 'slTriggerPxType': 'mark', 'slOrdPx': '-1'}
2026-03-29 07:45:11,595 | WARNING | root | market_data_cache:_run:142 | Market-data worker temporary fetch failure for FIL-USDT-SWAP: [WinError 10035] Операция на незаблокированном сокете не может быть завершена немедленно
2026-03-29 07:45:23,437 | INFO | root | okx_gateway:amend_exchange_stop:395 | Amending exchange stop LQTY-USDT-SWAP algo=3431173395809918976 payload=[{'instId': 'LQTY-USDT-SWAP', 'algoId': '3431173395809918976', 'newSlTriggerPx': '0.2711', 'newSlOrdPx': '-1', 'newSlTriggerPxType': 'mark'}]
2026-03-29 07:45:34,876 | INFO | root | okx_gateway:place_exchange_stop:372 | Placing exchange stop LQTY-USDT-SWAP long payload={'instId': 'LQTY-USDT-SWAP', 'tdMode': 'isolated', 'side': 'sell', 'posSide': 'net', 'ordType': 'conditional', 'reduceOnly': 'true', 'closeFraction': '1', 'algoClOrdId': 'SLUSDTSWAP759534876', 'slTriggerPx': '0.271', 'slTriggerPxType': 'mark', 'slOrdPx': '-1'}
2026-03-29 07:45:43,570 | INFO | root | okx_gateway:place_market_order:596 | Placing order LQTY-USDT-SWAP buy qty=9687.9 attached_stop=False attached_stop_px=
2026-03-29 07:45:47,815 | INFO | root | okx_gateway:amend_exchange_stop:395 | Amending exchange stop TSLA-USDT-SWAP algo=3431173798563766272 payload=[{'instId': 'TSLA-USDT-SWAP', 'algoId': '3431173798563766272', 'newSlTriggerPx': '361.6', 'newSlOrdPx': '-1', 'newSlTriggerPxType': 'mark'}]
2026-03-29 07:45:53,498 | INFO | root | okx_gateway:place_exchange_stop:372 | Placing exchange stop TSLA-USDT-SWAP long payload={'instId': 'TSLA-USDT-SWAP', 'tdMode': 'isolated', 'side': 'sell', 'posSide': 'net', 'ordType': 'conditional', 'reduceOnly': 'true', 'closeFraction': '1', 'algoClOrdId': 'SLUSDTSWAP759553498', 'slTriggerPx': '361.6', 'slTriggerPxType': 'mark', 'slOrdPx': '-1'}
2026-03-29 07:46:02,187 | INFO | root | okx_gateway:amend_exchange_stop:395 | Amending exchange stop THETA-USDT-SWAP algo=3431166765387046912 payload=[{'instId': 'THETA-USDT-SWAP', 'algoId': '3431166765387046912', 'newSlTriggerPx': '0.1516', 'newSlOrdPx': '-1', 'newSlTriggerPxType': 'mark'}]
2026-03-29 07:46:07,819 | INFO | root | okx_gateway:place_exchange_stop:372 | Placing exchange stop THETA-USDT-SWAP short payload={'instId': 'THETA-USDT-SWAP', 'tdMode': 'isolated', 'side': 'buy', 'posSide': 'net', 'ordType': 'conditional', 'reduceOnly': 'true', 'closeFraction': '1', 'algoClOrdId': 'SLUSDTSWAP759567819', 'slTriggerPx': '0.1516', 'slTriggerPxType': 'mark', 'slOrdPx': '-1'}
2026-03-29 07:47:02,005 | WARNING | root | market_data_cache:_run:142 | Market-data worker temporary fetch failure for NOT-USDT-SWAP: [WinError 10035] Операция на незаблокированном сокете не может быть завершена немедленно
2026-03-29 07:47:19,255 | WARNING | root | market_data_cache:_run:142 | Market-data worker temporary fetch failure for XAG-USDT-SWAP: [WinError 10035] Операция на незаблокированном сокете не может быть завершена немедленно
2026-03-29 07:47:48,882 | WARNING | root | market_data_cache:_run:142 | Market-data worker temporary fetch failure for BAND-USDT-SWAP: [WinError 10035] Операция на незаблокированном сокете не может быть завершена немедленно
2026-03-29 07:48:39,196 | WARNING | root | market_data_cache:_run:142 | Market-data worker temporary fetch failure for TRIA-USDT-SWAP: [WinError 10035] Операция на незаблокированном сокете не может быть завершена немедленно
2026-03-29 07:48:47,811 | INFO | root | okx_gateway:amend_exchange_stop:395 | Amending exchange stop LQTY-USDT-SWAP algo=3431180081194950656 payload=[{'instId': 'LQTY-USDT-SWAP', 'algoId': '3431180081194950656', 'newSlTriggerPx': '0.2711', 'newSlOrdPx': '-1', 'newSlTriggerPxType': 'mark'}]
2026-03-29 07:48:53,434 | INFO | root | okx_gateway:place_exchange_stop:372 | Placing exchange stop LQTY-USDT-SWAP long payload={'instId': 'LQTY-USDT-SWAP', 'tdMode': 'isolated', 'side': 'sell', 'posSide': 'net', 'ordType': 'conditional', 'reduceOnly': 'true', 'closeFraction': '1', 'algoClOrdId': 'SLUSDTSWAP759733434', 'slTriggerPx': '0.2711', 'slTriggerPxType': 'mark', 'slOrdPx': '-1'}
2026-03-29 07:48:58,497 | INFO | root | okx_gateway:amend_exchange_stop:395 | Amending exchange stop TSLA-USDT-SWAP algo=3431180706079137792 payload=[{'instId': 'TSLA-USDT-SWAP', 'algoId': '3431180706079137792', 'newSlTriggerPx': '361.47', 'newSlOrdPx': '-1', 'newSlTriggerPxType': 'mark'}]
2026-03-29 07:49:04,681 | INFO | root | okx_gateway:place_exchange_stop:372 | Placing exchange stop TSLA-USDT-SWAP long payload={'instId': 'TSLA-USDT-SWAP', 'tdMode': 'isolated', 'side': 'sell', 'posSide': 'net', 'ordType': 'conditional', 'reduceOnly': 'true', 'closeFraction': '1', 'algoClOrdId': 'SLUSDTSWAP759744681', 'slTriggerPx': '361.47', 'slTriggerPxType': 'mark', 'slOrdPx': '-1'}
2026-03-29 07:50:00,243 | WARNING | root | market_data_cache:_run:142 | Market-data worker temporary fetch failure for NOT-USDT-SWAP: [WinError 10035] Операция на незаблокированном сокете не может быть завершена немедленно
2026-03-29 07:52:00,120 | INFO | root | okx_gateway:amend_exchange_stop:395 | Amending exchange stop TSLA-USDT-SWAP algo=3431187121082556416 payload=[{'instId': 'TSLA-USDT-SWAP', 'algoId': '3431187121082556416', 'newSlTriggerPx': '361.46', 'newSlOrdPx': '-1', 'newSlTriggerPxType': 'mark'}]
2026-03-29 07:52:05,866 | INFO | root | okx_gateway:place_exchange_stop:372 | Placing exchange stop TSLA-USDT-SWAP long payload={'instId': 'TSLA-USDT-SWAP', 'tdMode': 'isolated', 'side': 'sell', 'posSide': 'net', 'ordType': 'conditional', 'reduceOnly': 'true', 'closeFraction': '1', 'algoClOrdId': 'SLUSDTSWAP759925866', 'slTriggerPx': '361.46', 'slTriggerPxType': 'mark', 'slOrdPx': '-1'}
2026-03-29 07:52:22,862 | INFO | root | okx_gateway:amend_exchange_stop:395 | Amending exchange stop KSM-USDT-SWAP algo=3431172896620634112 payload=[{'instId': 'KSM-USDT-SWAP', 'algoId': '3431172896620634112', 'newSlTriggerPx': '4.106', 'newSlOrdPx': '-1', 'newSlTriggerPxType': 'mark'}]
2026-03-29 07:52:28,496 | INFO | root | okx_gateway:place_exchange_stop:372 | Placing exchange stop KSM-USDT-SWAP long payload={'instId': 'KSM-USDT-SWAP', 'tdMode': 'isolated', 'side': 'sell', 'posSide': 'net', 'ordType': 'conditional', 'reduceOnly': 'true', 'closeFraction': '1', 'algoClOrdId': 'SLUSDTSWAP759948496', 'slTriggerPx': '4.106', 'slTriggerPxType': 'mark', 'slOrdPx': '-1'}
2026-03-29 07:55:12,054 | INFO | root | okx_gateway:amend_exchange_stop:395 | Amending exchange stop TSLA-USDT-SWAP algo=3431193200608763904 payload=[{'instId': 'TSLA-USDT-SWAP', 'algoId': '3431193200608763904', 'newSlTriggerPx': '361.36', 'newSlOrdPx': '-1', 'newSlTriggerPxType': 'mark'}]
2026-03-29 07:55:18,369 | INFO | root | okx_gateway:place_exchange_stop:372 | Placing exchange stop TSLA-USDT-SWAP long payload={'instId': 'TSLA-USDT-SWAP', 'tdMode': 'isolated', 'side': 'sell', 'posSide': 'net', 'ordType': 'conditional', 'reduceOnly': 'true', 'closeFraction': '1', 'algoClOrdId': 'SLUSDTSWAP760118369', 'slTriggerPx': '361.36', 'slTriggerPxType': 'mark', 'slOrdPx': '-1'}
2026-03-29 07:58:22,170 | INFO | root | okx_gateway:amend_exchange_stop:395 | Amending exchange stop TSLA-USDT-SWAP algo=3431199660172468224 payload=[{'instId': 'TSLA-USDT-SWAP', 'algoId': '3431199660172468224', 'newSlTriggerPx': '361.31', 'newSlOrdPx': '-1', 'newSlTriggerPxType': 'mark'}]
2026-03-29 07:58:27,976 | INFO | root | okx_gateway:place_exchange_stop:372 | Placing exchange stop TSLA-USDT-SWAP long payload={'instId': 'TSLA-USDT-SWAP', 'tdMode': 'isolated', 'side': 'sell', 'posSide': 'net', 'ordType': 'conditional', 'reduceOnly': 'true', 'closeFraction': '1', 'algoClOrdId': 'SLUSDTSWAP760307976', 'slTriggerPx': '361.31', 'slTriggerPxType': 'mark', 'slOrdPx': '-1'}
2026-03-29 07:58:57,236 | WARNING | root | market_data_cache:_run:142 | Market-data worker temporary fetch failure for STRK-USDT-SWAP: [WinError 10035] Операция на незаблокированном сокете не может быть завершена немедленно
2026-03-29 08:01:29,192 | INFO | root | okx_gateway:place_market_order:596 | Placing order MINA-USDT-SWAP sell qty=49126.0 attached_stop=True attached_stop_px=0.05351
2026-03-29 08:01:34,232 | INFO | root | okx_gateway:amend_exchange_stop:395 | Amending exchange stop TSLA-USDT-SWAP algo=3431206021992112128 payload=[{'instId': 'TSLA-USDT-SWAP', 'algoId': '3431206021992112128', 'newSlTriggerPx': '361.12', 'newSlOrdPx': '-1', 'newSlTriggerPxType': 'mark'}]
2026-03-29 08:01:39,990 | INFO | root | okx_gateway:place_exchange_stop:372 | Placing exchange stop TSLA-USDT-SWAP long payload={'instId': 'TSLA-USDT-SWAP', 'tdMode': 'isolated', 'side': 'sell', 'posSide': 'net', 'ordType': 'conditional', 'reduceOnly': 'true', 'closeFraction': '1', 'algoClOrdId': 'SLUSDTSWAP760499990', 'slTriggerPx': '361.12', 'slTriggerPxType': 'mark', 'slOrdPx': '-1'}
2026-03-29 08:01:55,127 | INFO | root | okx_gateway:amend_exchange_stop:395 | Amending exchange stop THETA-USDT-SWAP algo=3431181186746376192 payload=[{'instId': 'THETA-USDT-SWAP', 'algoId': '3431181186746376192', 'newSlTriggerPx': '0.1515', 'newSlOrdPx': '-1', 'newSlTriggerPxType': 'mark'}]
2026-03-29 08:02:00,986 | INFO | root | okx_gateway:place_exchange_stop:372 | Placing exchange stop THETA-USDT-SWAP short payload={'instId': 'THETA-USDT-SWAP', 'tdMode': 'isolated', 'side': 'buy', 'posSide': 'net', 'ordType': 'conditional', 'reduceOnly': 'true', 'closeFraction': '1', 'algoClOrdId': 'SLUSDTSWAP760520986', 'slTriggerPx': '0.1515', 'slTriggerPxType': 'mark', 'slOrdPx': '-1'}
2026-03-29 08:02:05,523 | INFO | root | okx_gateway:amend_exchange_stop:395 | Amending exchange stop KSM-USDT-SWAP algo=3431193960616648704 payload=[{'instId': 'KSM-USDT-SWAP', 'algoId': '3431193960616648704', 'newSlTriggerPx': '4.101', 'newSlOrdPx': '-1', 'newSlTriggerPxType': 'mark'}]
2026-03-29 08:02:11,477 | INFO | root | okx_gateway:place_exchange_stop:372 | Placing exchange stop KSM-USDT-SWAP long payload={'instId': 'KSM-USDT-SWAP', 'tdMode': 'isolated', 'side': 'sell', 'posSide': 'net', 'ordType': 'conditional', 'reduceOnly': 'true', 'closeFraction': '1', 'algoClOrdId': 'SLUSDTSWAP760531477', 'slTriggerPx': '4.101', 'slTriggerPxType': 'mark', 'slOrdPx': '-1'}
2026-03-29 08:03:00,755 | WARNING | root | market_data_cache:_run:142 | Market-data worker temporary fetch failure for HBAR-USDT-SWAP: [WinError 10035] Операция на незаблокированном сокете не может быть завершена немедленно
2026-03-29 08:05:06,045 | INFO | root | okx_gateway:amend_exchange_stop:395 | Amending exchange stop TSLA-USDT-SWAP algo=3431212465718124544 payload=[{'instId': 'TSLA-USDT-SWAP', 'algoId': '3431212465718124544', 'newSlTriggerPx': '361.17', 'newSlOrdPx': '-1', 'newSlTriggerPxType': 'mark'}]
2026-03-29 08:05:11,788 | INFO | root | okx_gateway:place_exchange_stop:372 | Placing exchange stop TSLA-USDT-SWAP long payload={'instId': 'TSLA-USDT-SWAP', 'tdMode': 'isolated', 'side': 'sell', 'posSide': 'net', 'ordType': 'conditional', 'reduceOnly': 'true', 'closeFraction': '1', 'algoClOrdId': 'SLUSDTSWAP760711788', 'slTriggerPx': '361.17', 'slTriggerPxType': 'mark', 'slOrdPx': '-1'}
2026-03-29 08:05:26,412 | INFO | root | okx_gateway:amend_exchange_stop:395 | Amending exchange stop THETA-USDT-SWAP algo=3431213171300720640 payload=[{'instId': 'THETA-USDT-SWAP', 'algoId': '3431213171300720640', 'newSlTriggerPx': '0.1514', 'newSlOrdPx': '-1', 'newSlTriggerPxType': 'mark'}]
2026-03-29 08:05:32,196 | INFO | root | okx_gateway:place_exchange_stop:372 | Placing exchange stop THETA-USDT-SWAP short payload={'instId': 'THETA-USDT-SWAP', 'tdMode': 'isolated', 'side': 'buy', 'posSide': 'net', 'ordType': 'conditional', 'reduceOnly': 'true', 'closeFraction': '1', 'algoClOrdId': 'SLUSDTSWAP760732196', 'slTriggerPx': '0.1514', 'slTriggerPxType': 'mark', 'slOrdPx': '-1'}
2026-03-29 08:05:37,061 | INFO | root | okx_gateway:amend_exchange_stop:395 | Amending exchange stop KSM-USDT-SWAP algo=3431213521575436288 payload=[{'instId': 'KSM-USDT-SWAP', 'algoId': '3431213521575436288', 'newSlTriggerPx': '4.095', 'newSlOrdPx': '-1', 'newSlTriggerPxType': 'mark'}]
2026-03-29 08:05:42,761 | INFO | root | okx_gateway:place_exchange_stop:372 | Placing exchange stop KSM-USDT-SWAP long payload={'instId': 'KSM-USDT-SWAP', 'tdMode': 'isolated', 'side': 'sell', 'posSide': 'net', 'ordType': 'conditional', 'reduceOnly': 'true', 'closeFraction': '1', 'algoClOrdId': 'SLUSDTSWAP760742761', 'slTriggerPx': '4.095', 'slTriggerPxType': 'mark', 'slOrdPx': '-1'}
2026-03-29 08:05:51,768 | INFO | root | okx_gateway:place_market_order:596 | Placing order MINA-USDT-SWAP sell qty=49126.0 attached_stop=False attached_stop_px=
2026-03-29 08:06:18,479 | WARNING | root | market_data_cache:_run:142 | Market-data worker temporary fetch failure for PIGGY-USDT-SWAP: [WinError 10035] Операция на незаблокированном сокете не может быть завершена немедленно
2026-03-29 08:08:47,248 | INFO | root | okx_gateway:place_market_order:596 | Placing order SOL-USDT-SWAP sell qty=30.97 attached_stop=True attached_stop_px=83.2
2026-03-29 08:08:49,348 | INFO | root | okx_gateway:place_market_order:596 | Placing order XRP-USDT-SWAP sell qty=18.95 attached_stop=True attached_stop_px=1.3391
2026-03-29 08:08:55,369 | INFO | root | okx_gateway:amend_exchange_stop:395 | Amending exchange stop TSLA-USDT-SWAP algo=3431219571707961344 payload=[{'instId': 'TSLA-USDT-SWAP', 'algoId': '3431219571707961344', 'newSlTriggerPx': '361.2', 'newSlOrdPx': '-1', 'newSlTriggerPxType': 'mark'}]
2026-03-29 08:09:00,994 | INFO | root | okx_gateway:place_exchange_stop:372 | Placing exchange stop TSLA-USDT-SWAP long payload={'instId': 'TSLA-USDT-SWAP', 'tdMode': 'isolated', 'side': 'sell', 'posSide': 'net', 'ordType': 'conditional', 'reduceOnly': 'true', 'closeFraction': '1', 'algoClOrdId': 'SLUSDTSWAP760940994', 'slTriggerPx': '361.2', 'slTriggerPxType': 'mark', 'slOrdPx': '-1'}
2026-03-29 08:09:11,891 | INFO | root | okx_gateway:amend_exchange_stop:395 | Amending exchange stop KSM-USDT-SWAP algo=3431220611291373568 payload=[{'instId': 'KSM-USDT-SWAP', 'algoId': '3431220611291373568', 'newSlTriggerPx': '4.098', 'newSlOrdPx': '-1', 'newSlTriggerPxType': 'mark'}]
2026-03-29 08:09:17,656 | INFO | root | okx_gateway:place_exchange_stop:372 | Placing exchange stop KSM-USDT-SWAP long payload={'instId': 'KSM-USDT-SWAP', 'tdMode': 'isolated', 'side': 'sell', 'posSide': 'net', 'ordType': 'conditional', 'reduceOnly': 'true', 'closeFraction': '1', 'algoClOrdId': 'SLUSDTSWAP760957656', 'slTriggerPx': '4.098', 'slTriggerPxType': 'mark', 'slOrdPx': '-1'}
2026-03-29 08:09:33,520 | INFO | root | okx_gateway:place_exchange_stop:372 | Placing exchange stop MINA-USDT-SWAP short payload={'instId': 'MINA-USDT-SWAP', 'tdMode': 'isolated', 'side': 'buy', 'posSide': 'net', 'ordType': 'conditional', 'reduceOnly': 'true', 'closeFraction': '1', 'algoClOrdId': 'SLUSDTSWAP760973520', 'slTriggerPx': '0.05351', 'slTriggerPxType': 'mark', 'slOrdPx': '-1'}
2026-03-29 08:12:34,397 | INFO | root | okx_gateway:amend_exchange_stop:395 | Amending exchange stop TSLA-USDT-SWAP algo=3431227262517993472 payload=[{'instId': 'TSLA-USDT-SWAP', 'algoId': '3431227262517993472', 'newSlTriggerPx': '361.21', 'newSlOrdPx': '-1', 'newSlTriggerPxType': 'mark'}]
2026-03-29 08:12:40,337 | INFO | root | okx_gateway:place_exchange_stop:372 | Placing exchange stop TSLA-USDT-SWAP long payload={'instId': 'TSLA-USDT-SWAP', 'tdMode': 'isolated', 'side': 'sell', 'posSide': 'net', 'ordType': 'conditional', 'reduceOnly': 'true', 'closeFraction': '1', 'algoClOrdId': 'SLUSDTSWAP761160337', 'slTriggerPx': '361.21', 'slTriggerPxType': 'mark', 'slOrdPx': '-1'}
2026-03-29 08:12:51,464 | INFO | root | okx_gateway:amend_exchange_stop:395 | Amending exchange stop KSM-USDT-SWAP algo=3431227821903929344 payload=[{'instId': 'KSM-USDT-SWAP', 'algoId': '3431227821903929344', 'newSlTriggerPx': '4.095', 'newSlOrdPx': '-1', 'newSlTriggerPxType': 'mark'}]
2026-03-29 08:12:57,215 | INFO | root | okx_gateway:place_exchange_stop:372 | Placing exchange stop KSM-USDT-SWAP long payload={'instId': 'KSM-USDT-SWAP', 'tdMode': 'isolated', 'side': 'sell', 'posSide': 'net', 'ordType': 'conditional', 'reduceOnly': 'true', 'closeFraction': '1', 'algoClOrdId': 'SLUSDTSWAP761177215', 'slTriggerPx': '4.095', 'slTriggerPxType': 'mark', 'slOrdPx': '-1'}
2026-03-29 08:13:06,380 | INFO | root | okx_gateway:amend_exchange_stop:395 | Amending exchange stop MINA-USDT-SWAP algo=3431228354345656320 payload=[{'instId': 'MINA-USDT-SWAP', 'algoId': '3431228354345656320', 'newSlTriggerPx': '0.05326', 'newSlOrdPx': '-1', 'newSlTriggerPxType': 'mark'}]
2026-03-29 08:13:12,109 | INFO | root | okx_gateway:place_exchange_stop:372 | Placing exchange stop MINA-USDT-SWAP short payload={'instId': 'MINA-USDT-SWAP', 'tdMode': 'isolated', 'side': 'buy', 'posSide': 'net', 'ordType': 'conditional', 'reduceOnly': 'true', 'closeFraction': '1', 'algoClOrdId': 'SLUSDTSWAP761192109', 'slTriggerPx': '0.05326', 'slTriggerPxType': 'mark', 'slOrdPx': '-1'}
2026-03-29 08:13:14,711 | INFO | root | okx_gateway:place_market_order:596 | Placing order MINA-USDT-SWAP sell qty=49126.0 attached_stop=False attached_stop_px=
2026-03-29 08:14:05,034 | WARNING | root | market_data_cache:_run:142 | Market-data worker temporary fetch failure for BAND-USDT-SWAP: [WinError 10035] Операция на незаблокированном сокете не может быть завершена немедленно
2026-03-29 08:14:53,461 | WARNING | root | market_data_cache:_run:142 | Market-data worker temporary fetch failure for NEAR-USDT-SWAP: [WinError 10035] Операция на незаблокированном сокете не может быть завершена немедленно
2026-03-29 08:16:15,645 | INFO | root | okx_gateway:amend_exchange_stop:395 | Amending exchange stop TSLA-USDT-SWAP algo=3431234622615543808 payload=[{'instId': 'TSLA-USDT-SWAP', 'algoId': '3431234622615543808', 'newSlTriggerPx': '361.3', 'newSlOrdPx': '-1', 'newSlTriggerPxType': 'mark'}]
2026-03-29 08:16:21,459 | INFO | root | okx_gateway:place_exchange_stop:372 | Placing exchange stop TSLA-USDT-SWAP long payload={'instId': 'TSLA-USDT-SWAP', 'tdMode': 'isolated', 'side': 'sell', 'posSide': 'net', 'ordType': 'conditional', 'reduceOnly': 'true', 'closeFraction': '1', 'algoClOrdId': 'SLUSDTSWAP761381459', 'slTriggerPx': '361.3', 'slTriggerPxType': 'mark', 'slOrdPx': '-1'}
2026-03-29 08:16:40,466 | INFO | root | okx_gateway:amend_exchange_stop:395 | Amending exchange stop MINA-USDT-SWAP algo=3431235688472076288 payload=[{'instId': 'MINA-USDT-SWAP', 'algoId': '3431235688472076288', 'newSlTriggerPx': '0.05323', 'newSlOrdPx': '-1', 'newSlTriggerPxType': 'mark'}]
2026-03-29 08:16:46,275 | INFO | root | okx_gateway:place_exchange_stop:372 | Placing exchange stop MINA-USDT-SWAP short payload={'instId': 'MINA-USDT-SWAP', 'tdMode': 'isolated', 'side': 'buy', 'posSide': 'net', 'ordType': 'conditional', 'reduceOnly': 'true', 'closeFraction': '1', 'algoClOrdId': 'SLUSDTSWAP761406275', 'slTriggerPx': '0.05323', 'slTriggerPxType': 'mark', 'slOrdPx': '-1'}
2026-03-29 08:16:51,025 | INFO | root | okx_gateway:amend_exchange_stop:395 | Amending exchange stop SOL-USDT-SWAP algo=3431226807217905664 payload=[{'instId': 'SOL-USDT-SWAP', 'algoId': '3431226807217905664', 'newSlTriggerPx': '82.59', 'newSlOrdPx': '-1', 'newSlTriggerPxType': 'mark'}]
2026-03-29 08:16:56,838 | INFO | root | okx_gateway:place_exchange_stop:372 | Placing exchange stop SOL-USDT-SWAP short payload={'instId': 'SOL-USDT-SWAP', 'tdMode': 'isolated', 'side': 'buy', 'posSide': 'net', 'ordType': 'conditional', 'reduceOnly': 'true', 'closeFraction': '1', 'algoClOrdId': 'SLUSDTSWAP761416838', 'slTriggerPx': '82.59', 'slTriggerPxType': 'mark', 'slOrdPx': '-1'}
2026-03-29 08:17:01,077 | INFO | root | okx_gateway:amend_exchange_stop:395 | Amending exchange stop XRP-USDT-SWAP algo=3431226873857007616 payload=[{'instId': 'XRP-USDT-SWAP', 'algoId': '3431226873857007616', 'newSlTriggerPx': '1.3332', 'newSlOrdPx': '-1', 'newSlTriggerPxType': 'mark'}]
2026-03-29 08:17:06,786 | INFO | root | okx_gateway:place_exchange_stop:372 | Placing exchange stop XRP-USDT-SWAP short payload={'instId': 'XRP-USDT-SWAP', 'tdMode': 'isolated', 'side': 'buy', 'posSide': 'net', 'ordType': 'conditional', 'reduceOnly': 'true', 'closeFraction': '1', 'algoClOrdId': 'SLUSDTSWAP761426786', 'slTriggerPx': '1.3332', 'slTriggerPxType': 'mark', 'slOrdPx': '-1'}
2026-03-29 08:17:09,352 | INFO | root | okx_gateway:place_market_order:596 | Placing order XRP-USDT-SWAP sell qty=18.95 attached_stop=False attached_stop_px=
2026-03-29 08:17:40,523 | WARNING | root | market_data_cache:_run:142 | Market-data worker temporary fetch failure for LINEA-USDT-SWAP: [WinError 10035] Операция на незаблокированном сокете не может быть завершена немедленно
2026-03-29 08:19:59,210 | INFO | root | okx_gateway:amend_exchange_stop:395 | Amending exchange stop TSLA-USDT-SWAP algo=3431242042003775488 payload=[{'instId': 'TSLA-USDT-SWAP', 'algoId': '3431242042003775488', 'newSlTriggerPx': '361.32', 'newSlOrdPx': '-1', 'newSlTriggerPxType': 'mark'}]
2026-03-29 08:20:05,315 | INFO | root | okx_gateway:place_exchange_stop:372 | Placing exchange stop TSLA-USDT-SWAP long payload={'instId': 'TSLA-USDT-SWAP', 'tdMode': 'isolated', 'side': 'sell', 'posSide': 'net', 'ordType': 'conditional', 'reduceOnly': 'true', 'closeFraction': '1', 'algoClOrdId': 'SLUSDTSWAP761605315', 'slTriggerPx': '361.32', 'slTriggerPxType': 'mark', 'slOrdPx': '-1'}
2026-03-29 08:20:14,414 | INFO | root | okx_gateway:amend_exchange_stop:395 | Amending exchange stop THETA-USDT-SWAP algo=3431220256352591872 payload=[{'instId': 'THETA-USDT-SWAP', 'algoId': '3431220256352591872', 'newSlTriggerPx': '0.1512', 'newSlOrdPx': '-1', 'newSlTriggerPxType': 'mark'}]
2026-03-29 08:20:20,291 | INFO | root | okx_gateway:place_exchange_stop:372 | Placing exchange stop THETA-USDT-SWAP short payload={'instId': 'THETA-USDT-SWAP', 'tdMode': 'isolated', 'side': 'buy', 'posSide': 'net', 'ordType': 'conditional', 'reduceOnly': 'true', 'closeFraction': '1', 'algoClOrdId': 'SLUSDTSWAP761620291', 'slTriggerPx': '0.1512', 'slTriggerPxType': 'mark', 'slOrdPx': '-1'}
2026-03-29 08:20:22,858 | INFO | root | okx_gateway:place_market_order:596 | Placing order THETA-USDT-SWAP sell qty=1809.0 attached_stop=False attached_stop_px=
2026-03-29 08:20:26,739 | INFO | root | okx_gateway:amend_exchange_stop:395 | Amending exchange stop KSM-USDT-SWAP algo=3431235188745920512 payload=[{'instId': 'KSM-USDT-SWAP', 'algoId': '3431235188745920512', 'newSlTriggerPx': '4.096', 'newSlOrdPx': '-1', 'newSlTriggerPxType': 'mark'}]
2026-03-29 08:20:32,756 | INFO | root | okx_gateway:place_exchange_stop:372 | Placing exchange stop KSM-USDT-SWAP long payload={'instId': 'KSM-USDT-SWAP', 'tdMode': 'isolated', 'side': 'sell', 'posSide': 'net', 'ordType': 'conditional', 'reduceOnly': 'true', 'closeFraction': '1', 'algoClOrdId': 'SLUSDTSWAP761632756', 'slTriggerPx': '4.096', 'slTriggerPxType': 'mark', 'slOrdPx': '-1'}
2026-03-29 08:20:42,394 | INFO | root | okx_gateway:amend_exchange_stop:395 | Amending exchange stop MINA-USDT-SWAP algo=3431242874556342272 payload=[{'instId': 'MINA-USDT-SWAP', 'algoId': '3431242874556342272', 'newSlTriggerPx': '0.05321', 'newSlOrdPx': '-1', 'newSlTriggerPxType': 'mark'}]
2026-03-29 08:20:48,351 | INFO | root | okx_gateway:place_exchange_stop:372 | Placing exchange stop MINA-USDT-SWAP short payload={'instId': 'MINA-USDT-SWAP', 'tdMode': 'isolated', 'side': 'buy', 'posSide': 'net', 'ordType': 'conditional', 'reduceOnly': 'true', 'closeFraction': '1', 'algoClOrdId': 'SLUSDTSWAP761648351', 'slTriggerPx': '0.05321', 'slTriggerPxType': 'mark', 'slOrdPx': '-1'}
2026-03-29 08:20:50,946 | INFO | root | okx_gateway:place_market_order:596 | Placing order MINA-USDT-SWAP sell qty=49126.0 attached_stop=False attached_stop_px=
2026-03-29 08:21:42,558 | WARNING | root | market_data_cache:_run:142 | Market-data worker temporary fetch failure for ETH-USDT-SWAP: [WinError 10035] Операция на незаблокированном сокете не может быть завершена немедленно
2026-03-29 08:23:45,095 | INFO | root | okx_gateway:place_market_order:596 | Placing order MAGIC-USDT-SWAP sell qty=42016.0 attached_stop=True attached_stop_px=0.05791
2026-03-29 08:23:48,447 | INFO | root | okx_gateway:amend_exchange_stop:395 | Amending exchange stop LQTY-USDT-SWAP algo=3431186744366948352 payload=[{'instId': 'LQTY-USDT-SWAP', 'algoId': '3431186744366948352', 'newSlTriggerPx': '0.2712', 'newSlOrdPx': '-1', 'newSlTriggerPxType': 'mark'}]
2026-03-29 08:23:54,444 | INFO | root | okx_gateway:place_exchange_stop:372 | Placing exchange stop LQTY-USDT-SWAP long payload={'instId': 'LQTY-USDT-SWAP', 'tdMode': 'isolated', 'side': 'sell', 'posSide': 'net', 'ordType': 'conditional', 'reduceOnly': 'true', 'closeFraction': '1', 'algoClOrdId': 'SLUSDTSWAP761834444', 'slTriggerPx': '0.2712', 'slTriggerPxType': 'mark', 'slOrdPx': '-1'}
2026-03-29 08:23:58,587 | INFO | root | okx_gateway:amend_exchange_stop:395 | Amending exchange stop TSLA-USDT-SWAP algo=3431249555411525632 payload=[{'instId': 'TSLA-USDT-SWAP', 'algoId': '3431249555411525632', 'newSlTriggerPx': '361.31', 'newSlOrdPx': '-1', 'newSlTriggerPxType': 'mark'}]
2026-03-29 08:24:02,355 | WARNING | root | market_data_cache:_run:142 | Market-data worker temporary fetch failure for A-USDT-SWAP: [WinError 10035] Операция на незаблокированном сокете не может быть завершена немедленно
2026-03-29 08:24:04,449 | INFO | root | okx_gateway:place_exchange_stop:372 | Placing exchange stop TSLA-USDT-SWAP long payload={'instId': 'TSLA-USDT-SWAP', 'tdMode': 'isolated', 'side': 'sell', 'posSide': 'net', 'ordType': 'conditional', 'reduceOnly': 'true', 'closeFraction': '1', 'algoClOrdId': 'SLUSDTSWAP761844449', 'slTriggerPx': '361.31', 'slTriggerPxType': 'mark', 'slOrdPx': '-1'}
2026-03-29 08:24:13,136 | INFO | root | okx_gateway:amend_exchange_stop:395 | Amending exchange stop THETA-USDT-SWAP algo=3431250055909433344 payload=[{'instId': 'THETA-USDT-SWAP', 'algoId': '3431250055909433344', 'newSlTriggerPx': '0.151', 'newSlOrdPx': '-1', 'newSlTriggerPxType': 'mark'}]
2026-03-29 08:24:18,930 | INFO | root | okx_gateway:place_exchange_stop:372 | Placing exchange stop THETA-USDT-SWAP short payload={'instId': 'THETA-USDT-SWAP', 'tdMode': 'isolated', 'side': 'buy', 'posSide': 'net', 'ordType': 'conditional', 'reduceOnly': 'true', 'closeFraction': '1', 'algoClOrdId': 'SLUSDTSWAP761858930', 'slTriggerPx': '0.151', 'slTriggerPxType': 'mark', 'slOrdPx': '-1'}
2026-03-29 08:24:24,518 | INFO | root | okx_gateway:amend_exchange_stop:395 | Amending exchange stop KSM-USDT-SWAP algo=3431250474299645952 payload=[{'instId': 'KSM-USDT-SWAP', 'algoId': '3431250474299645952', 'newSlTriggerPx': '4.095', 'newSlOrdPx': '-1', 'newSlTriggerPxType': 'mark'}]
2026-03-29 08:24:30,206 | INFO | root | okx_gateway:place_exchange_stop:372 | Placing exchange stop KSM-USDT-SWAP long payload={'instId': 'KSM-USDT-SWAP', 'tdMode': 'isolated', 'side': 'sell', 'posSide': 'net', 'ordType': 'conditional', 'reduceOnly': 'true', 'closeFraction': '1', 'algoClOrdId': 'SLUSDTSWAP761870206', 'slTriggerPx': '4.095', 'slTriggerPxType': 'mark', 'slOrdPx': '-1'}
2026-03-29 08:24:39,200 | INFO | root | okx_gateway:amend_exchange_stop:395 | Amending exchange stop MINA-USDT-SWAP algo=3431250997715230720 payload=[{'instId': 'MINA-USDT-SWAP', 'algoId': '3431250997715230720', 'newSlTriggerPx': '0.05318', 'newSlOrdPx': '-1', 'newSlTriggerPxType': 'mark'}]
2026-03-29 08:24:44,887 | INFO | root | okx_gateway:place_exchange_stop:372 | Placing exchange stop MINA-USDT-SWAP short payload={'instId': 'MINA-USDT-SWAP', 'tdMode': 'isolated', 'side': 'buy', 'posSide': 'net', 'ordType': 'conditional', 'reduceOnly': 'true', 'closeFraction': '1', 'algoClOrdId': 'SLUSDTSWAP761884887', 'slTriggerPx': '0.05318', 'slTriggerPxType': 'mark', 'slOrdPx': '-1'}
2026-03-29 08:25:05,162 | INFO | root | okx_gateway:place_market_order:596 | Placing order MAGIC-USDT-SWAP sell qty=42016.0 attached_stop=False attached_stop_px=
2026-03-29 08:25:22,634 | WARNING | root | market_data_cache:_run:142 | Market-data worker temporary fetch failure for XAU-USDT-SWAP: [WinError 10035] Операция на незаблокированном сокете не может быть завершена немедленно
2026-03-29 08:27:05,724 | WARNING | root | market_data_cache:_run:142 | Market-data worker temporary fetch failure for 2Z-USDT-SWAP: [WinError 10035] Операция на незаблокированном сокете не может быть завершена немедленно
2026-03-29 08:27:39,520 | INFO | root | okx_gateway:amend_exchange_stop:395 | Amending exchange stop LQTY-USDT-SWAP algo=3431257241926590464 payload=[{'instId': 'LQTY-USDT-SWAP', 'algoId': '3431257241926590464', 'newSlTriggerPx': '0.2713', 'newSlOrdPx': '-1', 'newSlTriggerPxType': 'mark'}]
2026-03-29 08:27:45,296 | INFO | root | okx_gateway:place_exchange_stop:372 | Placing exchange stop LQTY-USDT-SWAP long payload={'instId': 'LQTY-USDT-SWAP', 'tdMode': 'isolated', 'side': 'sell', 'posSide': 'net', 'ordType': 'conditional', 'reduceOnly': 'true', 'closeFraction': '1', 'algoClOrdId': 'SLUSDTSWAP762065296', 'slTriggerPx': '0.2713', 'slTriggerPxType': 'mark', 'slOrdPx': '-1'}
2026-03-29 08:27:50,846 | INFO | root | okx_gateway:amend_exchange_stop:395 | Amending exchange stop TSLA-USDT-SWAP algo=3431257577605128192 payload=[{'instId': 'TSLA-USDT-SWAP', 'algoId': '3431257577605128192', 'newSlTriggerPx': '361.17', 'newSlOrdPx': '-1', 'newSlTriggerPxType': 'mark'}]
2026-03-29 08:27:56,730 | INFO | root | okx_gateway:place_exchange_stop:372 | Placing exchange stop TSLA-USDT-SWAP long payload={'instId': 'TSLA-USDT-SWAP', 'tdMode': 'isolated', 'side': 'sell', 'posSide': 'net', 'ordType': 'conditional', 'reduceOnly': 'true', 'closeFraction': '1', 'algoClOrdId': 'SLUSDTSWAP762076730', 'slTriggerPx': '361.17', 'slTriggerPxType': 'mark', 'slOrdPx': '-1'}
2026-03-29 08:28:11,639 | INFO | root | okx_gateway:place_exchange_stop:372 | Placing exchange stop THETA-USDT-SWAP short payload={'instId': 'THETA-USDT-SWAP', 'tdMode': 'isolated', 'side': 'buy', 'posSide': 'net', 'ordType': 'conditional', 'reduceOnly': 'true', 'closeFraction': '1', 'algoClOrdId': 'SLUSDTSWAP762091639', 'slTriggerPx': '0.1513', 'slTriggerPxType': 'mark', 'slOrdPx': '-1'}
2026-03-29 08:28:12,750 | INFO | root | okx_gateway:close_position:428 | Closing position THETA-USDT-SWAP. Синхронизация: позиция отсутствует на бирже
2026-03-29 08:28:16,751 | INFO | root | okx_gateway:amend_exchange_stop:395 | Amending exchange stop KSM-USDT-SWAP algo=3431258442000850944 payload=[{'instId': 'KSM-USDT-SWAP', 'algoId': '3431258442000850944', 'newSlTriggerPx': '4.096', 'newSlOrdPx': '-1', 'newSlTriggerPxType': 'mark'}]
2026-03-29 08:28:22,430 | INFO | root | okx_gateway:place_exchange_stop:372 | Placing exchange stop KSM-USDT-SWAP long payload={'instId': 'KSM-USDT-SWAP', 'tdMode': 'isolated', 'side': 'sell', 'posSide': 'net', 'ordType': 'conditional', 'reduceOnly': 'true', 'closeFraction': '1', 'algoClOrdId': 'SLUSDTSWAP762102430', 'slTriggerPx': '4.096', 'slTriggerPxType': 'mark', 'slOrdPx': '-1'}
2026-03-29 08:28:41,830 | INFO | root | okx_gateway:place_market_order:596 | Placing order XRP-USDT-SWAP sell qty=18.95 attached_stop=False attached_stop_px=
2026-03-29 08:28:51,439 | INFO | root | okx_gateway:place_exchange_stop:372 | Placing exchange stop MAGIC-USDT-SWAP short payload={'instId': 'MAGIC-USDT-SWAP', 'tdMode': 'isolated', 'side': 'buy', 'posSide': 'net', 'ordType': 'conditional', 'reduceOnly': 'true', 'closeFraction': '1', 'algoClOrdId': 'SLUSDTSWAP762131439', 'slTriggerPx': '0.05791', 'slTriggerPxType': 'mark', 'slOrdPx': '-1'}
2026-03-29 08:31:36,826 | INFO | root | okx_gateway:amend_exchange_stop:395 | Amending exchange stop TSLA-USDT-SWAP algo=3431265371561484288 payload=[{'instId': 'TSLA-USDT-SWAP', 'algoId': '3431265371561484288', 'newSlTriggerPx': '361.27', 'newSlOrdPx': '-1', 'newSlTriggerPxType': 'mark'}]
2026-03-29 08:31:42,829 | INFO | root | okx_gateway:place_exchange_stop:372 | Placing exchange stop TSLA-USDT-SWAP long payload={'instId': 'TSLA-USDT-SWAP', 'tdMode': 'isolated', 'side': 'sell', 'posSide': 'net', 'ordType': 'conditional', 'reduceOnly': 'true', 'closeFraction': '1', 'algoClOrdId': 'SLUSDTSWAP762302828', 'slTriggerPx': '361.27', 'slTriggerPxType': 'mark', 'slOrdPx': '-1'}
2026-03-29 08:31:52,269 | INFO | root | okx_gateway:amend_exchange_stop:395 | Amending exchange stop KSM-USDT-SWAP algo=3431266233675505664 payload=[{'instId': 'KSM-USDT-SWAP', 'algoId': '3431266233675505664', 'newSlTriggerPx': '4.095', 'newSlOrdPx': '-1', 'newSlTriggerPxType': 'mark'}]
2026-03-29 08:31:58,262 | INFO | root | okx_gateway:place_exchange_stop:372 | Placing exchange stop KSM-USDT-SWAP long payload={'instId': 'KSM-USDT-SWAP', 'tdMode': 'isolated', 'side': 'sell', 'posSide': 'net', 'ordType': 'conditional', 'reduceOnly': 'true', 'closeFraction': '1', 'algoClOrdId': 'SLUSDTSWAP762318262', 'slTriggerPx': '4.095', 'slTriggerPxType': 'mark', 'slOrdPx': '-1'}
2026-03-29 08:32:10,673 | INFO | root | okx_gateway:amend_exchange_stop:395 | Amending exchange stop MAGIC-USDT-SWAP algo=3431267207056023552 payload=[{'instId': 'MAGIC-USDT-SWAP', 'algoId': '3431267207056023552', 'newSlTriggerPx': '0.05723', 'newSlOrdPx': '-1', 'newSlTriggerPxType': 'mark'}]
2026-03-29 08:32:16,528 | INFO | root | okx_gateway:place_exchange_stop:372 | Placing exchange stop MAGIC-USDT-SWAP short payload={'instId': 'MAGIC-USDT-SWAP', 'tdMode': 'isolated', 'side': 'buy', 'posSide': 'net', 'ordType': 'conditional', 'reduceOnly': 'true', 'closeFraction': '1', 'algoClOrdId': 'SLUSDTSWAP762336528', 'slTriggerPx': '0.05723', 'slTriggerPxType': 'mark', 'slOrdPx': '-1'}
2026-03-29 08:32:56,364 | WARNING | root | market_data_cache:_run:142 | Market-data worker temporary fetch failure for 1INCH-USDT-SWAP: [WinError 10035] Операция на незаблокированном сокете не может быть завершена немедленно
2026-03-29 08:33:40,363 | WARNING | root | market_data_cache:_run:142 | Market-data worker temporary fetch failure for LIT-USDT-SWAP: [WinError 10035] Операция на незаблокированном сокете не может быть завершена немедленно
2026-03-29 08:33:46,656 | WARNING | root | market_data_cache:_run:142 | Market-data worker temporary fetch failure for MINA-USDT-SWAP: [WinError 10035] Операция на незаблокированном сокете не может быть завершена немедленно
2026-03-29 08:34:58,341 | INFO | root | okx_gateway:amend_exchange_stop:395 | Amending exchange stop TSLA-USDT-SWAP algo=3431272958151450624 payload=[{'instId': 'TSLA-USDT-SWAP', 'algoId': '3431272958151450624', 'newSlTriggerPx': '361.23', 'newSlOrdPx': '-1', 'newSlTriggerPxType': 'mark'}]
2026-03-29 08:35:04,298 | INFO | root | okx_gateway:place_exchange_stop:372 | Placing exchange stop TSLA-USDT-SWAP long payload={'instId': 'TSLA-USDT-SWAP', 'tdMode': 'isolated', 'side': 'sell', 'posSide': 'net', 'ordType': 'conditional', 'reduceOnly': 'true', 'closeFraction': '1', 'algoClOrdId': 'SLUSDTSWAP762504298', 'slTriggerPx': '361.23', 'slTriggerPxType': 'mark', 'slOrdPx': '-1'}
2026-03-29 08:35:20,727 | INFO | root | okx_gateway:amend_exchange_stop:395 | Amending exchange stop XRP-USDT-SWAP algo=3431243562992623616 payload=[{'instId': 'XRP-USDT-SWAP', 'algoId': '3431243562992623616', 'newSlTriggerPx': '1.3323', 'newSlOrdPx': '-1', 'newSlTriggerPxType': 'mark'}]
2026-03-29 08:35:26,728 | INFO | root | okx_gateway:place_exchange_stop:372 | Placing exchange stop XRP-USDT-SWAP short payload={'instId': 'XRP-USDT-SWAP', 'tdMode': 'isolated', 'side': 'buy', 'posSide': 'net', 'ordType': 'conditional', 'reduceOnly': 'true', 'closeFraction': '1', 'algoClOrdId': 'SLUSDTSWAP762526728', 'slTriggerPx': '1.3323', 'slTriggerPxType': 'mark', 'slOrdPx': '-1'}
2026-03-29 08:35:29,347 | INFO | root | okx_gateway:place_market_order:596 | Placing order XRP-USDT-SWAP sell qty=18.95 attached_stop=False attached_stop_px=
2026-03-29 08:35:32,900 | INFO | root | okx_gateway:amend_exchange_stop:395 | Amending exchange stop MAGIC-USDT-SWAP algo=3431274088768036864 payload=[{'instId': 'MAGIC-USDT-SWAP', 'algoId': '3431274088768036864', 'newSlTriggerPx': '0.05722', 'newSlOrdPx': '-1', 'newSlTriggerPxType': 'mark'}]
2026-03-29 08:35:38,878 | INFO | root | okx_gateway:place_exchange_stop:372 | Placing exchange stop MAGIC-USDT-SWAP short payload={'instId': 'MAGIC-USDT-SWAP', 'tdMode': 'isolated', 'side': 'buy', 'posSide': 'net', 'ordType': 'conditional', 'reduceOnly': 'true', 'closeFraction': '1', 'algoClOrdId': 'SLUSDTSWAP762538878', 'slTriggerPx': '0.05722', 'slTriggerPxType': 'mark', 'slOrdPx': '-1'}
2026-03-29 08:36:50,392 | WARNING | root | market_data_cache:_run:142 | Market-data worker temporary fetch failure for MASK-USDT-SWAP: [WinError 10035] Операция на незаблокированном сокете не может быть завершена немедленно
2026-03-29 08:37:06,652 | WARNING | root | market_data_cache:_run:142 | Market-data worker temporary fetch failure for SOL-USDT-SWAP: [WinError 10035] Операция на незаблокированном сокете не может быть завершена немедленно
2026-03-29 08:38:16,979 | INFO | root | okx_gateway:place_market_order:596 | Placing order INJ-USDT-SWAP sell qty=8748.0 attached_stop=True attached_stop_px=2.846
2026-03-29 08:38:22,450 | INFO | root | okx_gateway:amend_exchange_stop:395 | Amending exchange stop TSLA-USDT-SWAP algo=3431279718731964416 payload=[{'instId': 'TSLA-USDT-SWAP', 'algoId': '3431279718731964416', 'newSlTriggerPx': '361.17', 'newSlOrdPx': '-1', 'newSlTriggerPxType': 'mark'}]
2026-03-29 08:38:28,262 | INFO | root | okx_gateway:place_exchange_stop:372 | Placing exchange stop TSLA-USDT-SWAP long payload={'instId': 'TSLA-USDT-SWAP', 'tdMode': 'isolated', 'side': 'sell', 'posSide': 'net', 'ordType': 'conditional', 'reduceOnly': 'true', 'closeFraction': '1', 'algoClOrdId': 'SLUSDTSWAP762708262', 'slTriggerPx': '361.17', 'slTriggerPxType': 'mark', 'slOrdPx': '-1'}
2026-03-29 08:38:37,435 | INFO | root | okx_gateway:amend_exchange_stop:395 | Amending exchange stop KSM-USDT-SWAP algo=3431273476198326272 payload=[{'instId': 'KSM-USDT-SWAP', 'algoId': '3431273476198326272', 'newSlTriggerPx': '4.096', 'newSlOrdPx': '-1', 'newSlTriggerPxType': 'mark'}]
2026-03-29 08:38:43,224 | INFO | root | okx_gateway:place_exchange_stop:372 | Placing exchange stop KSM-USDT-SWAP long payload={'instId': 'KSM-USDT-SWAP', 'tdMode': 'isolated', 'side': 'sell', 'posSide': 'net', 'ordType': 'conditional', 'reduceOnly': 'true', 'closeFraction': '1', 'algoClOrdId': 'SLUSDTSWAP762723224', 'slTriggerPx': '4.096', 'slTriggerPxType': 'mark', 'slOrdPx': '-1'}
2026-03-29 08:41:42,385 | INFO | root | okx_gateway:amend_exchange_stop:395 | Amending exchange stop TSLA-USDT-SWAP algo=3431286562091261952 payload=[{'instId': 'TSLA-USDT-SWAP', 'algoId': '3431286562091261952', 'newSlTriggerPx': '361.11', 'newSlOrdPx': '-1', 'newSlTriggerPxType': 'mark'}]
2026-03-29 08:41:48,248 | INFO | root | okx_gateway:place_exchange_stop:372 | Placing exchange stop TSLA-USDT-SWAP long payload={'instId': 'TSLA-USDT-SWAP', 'tdMode': 'isolated', 'side': 'sell', 'posSide': 'net', 'ordType': 'conditional', 'reduceOnly': 'true', 'closeFraction': '1', 'algoClOrdId': 'SLUSDTSWAP762908248', 'slTriggerPx': '361.11', 'slTriggerPxType': 'mark', 'slOrdPx': '-1'}
2026-03-29 08:41:57,004 | INFO | root | okx_gateway:amend_exchange_stop:395 | Amending exchange stop KSM-USDT-SWAP algo=3431287064535326720 payload=[{'instId': 'KSM-USDT-SWAP', 'algoId': '3431287064535326720', 'newSlTriggerPx': '4.097', 'newSlOrdPx': '-1', 'newSlTriggerPxType': 'mark'}]
2026-03-29 08:42:02,757 | INFO | root | okx_gateway:place_exchange_stop:372 | Placing exchange stop KSM-USDT-SWAP long payload={'instId': 'KSM-USDT-SWAP', 'tdMode': 'isolated', 'side': 'sell', 'posSide': 'net', 'ordType': 'conditional', 'reduceOnly': 'true', 'closeFraction': '1', 'algoClOrdId': 'SLUSDTSWAP762922757', 'slTriggerPx': '4.097', 'slTriggerPxType': 'mark', 'slOrdPx': '-1'}
2026-03-29 08:42:13,220 | INFO | root | okx_gateway:amend_exchange_stop:395 | Amending exchange stop MAGIC-USDT-SWAP algo=3431280878608015360 payload=[{'instId': 'MAGIC-USDT-SWAP', 'algoId': '3431280878608015360', 'newSlTriggerPx': '0.05724', 'newSlOrdPx': '-1', 'newSlTriggerPxType': 'mark'}]
2026-03-29 08:42:19,031 | INFO | root | okx_gateway:place_exchange_stop:372 | Placing exchange stop MAGIC-USDT-SWAP short payload={'instId': 'MAGIC-USDT-SWAP', 'tdMode': 'isolated', 'side': 'buy', 'posSide': 'net', 'ordType': 'conditional', 'reduceOnly': 'true', 'closeFraction': '1', 'algoClOrdId': 'SLUSDTSWAP762939031', 'slTriggerPx': '0.05724', 'slTriggerPxType': 'mark', 'slOrdPx': '-1'}
2026-03-29 08:44:39,671 | WARNING | root | market_data_cache:_run:142 | Market-data worker temporary fetch failure for YFI-USDT-SWAP: [WinError 10035] Операция на незаблокированном сокете не может быть завершена немедленно
2026-03-29 08:44:56,122 | WARNING | root | market_data_cache:_run:142 | Market-data worker temporary fetch failure for AI16Z-USDT-SWAP: [WinError 10035] Операция на незаблокированном сокете не может быть завершена немедленно
2026-03-29 08:45:01,501 | INFO | root | okx_gateway:amend_exchange_stop:395 | Amending exchange stop TSLA-USDT-SWAP algo=3431293272776335360 payload=[{'instId': 'TSLA-USDT-SWAP', 'algoId': '3431293272776335360', 'newSlTriggerPx': '361.11', 'newSlOrdPx': '-1', 'newSlTriggerPxType': 'mark'}]
2026-03-29 08:45:07,392 | INFO | root | okx_gateway:place_exchange_stop:372 | Placing exchange stop TSLA-USDT-SWAP long payload={'instId': 'TSLA-USDT-SWAP', 'tdMode': 'isolated', 'side': 'sell', 'posSide': 'net', 'ordType': 'conditional', 'reduceOnly': 'true', 'closeFraction': '1', 'algoClOrdId': 'SLUSDTSWAP763107392', 'slTriggerPx': '361.07', 'slTriggerPxType': 'mark', 'slOrdPx': '-1'}
2026-03-29 08:45:17,738 | INFO | root | okx_gateway:amend_exchange_stop:395 | Amending exchange stop KSM-USDT-SWAP algo=3431293759751806976 payload=[{'instId': 'KSM-USDT-SWAP', 'algoId': '3431293759751806976', 'newSlTriggerPx': '4.098', 'newSlOrdPx': '-1', 'newSlTriggerPxType': 'mark'}]
2026-03-29 08:45:23,547 | INFO | root | okx_gateway:place_exchange_stop:372 | Placing exchange stop KSM-USDT-SWAP long payload={'instId': 'KSM-USDT-SWAP', 'tdMode': 'isolated', 'side': 'sell', 'posSide': 'net', 'ordType': 'conditional', 'reduceOnly': 'true', 'closeFraction': '1', 'algoClOrdId': 'SLUSDTSWAP763123547', 'slTriggerPx': '4.098', 'slTriggerPxType': 'mark', 'slOrdPx': '-1'}
2026-03-29 08:45:36,519 | INFO | root | okx_gateway:amend_exchange_stop:395 | Amending exchange stop MAGIC-USDT-SWAP algo=3431294305313316864 payload=[{'instId': 'MAGIC-USDT-SWAP', 'algoId': '3431294305313316864', 'newSlTriggerPx': '0.05726', 'newSlOrdPx': '-1', 'newSlTriggerPxType': 'mark'}]
2026-03-29 08:45:42,352 | INFO | root | okx_gateway:place_exchange_stop:372 | Placing exchange stop MAGIC-USDT-SWAP short payload={'instId': 'MAGIC-USDT-SWAP', 'tdMode': 'isolated', 'side': 'buy', 'posSide': 'net', 'ordType': 'conditional', 'reduceOnly': 'true', 'closeFraction': '1', 'algoClOrdId': 'SLUSDTSWAP763142352', 'slTriggerPx': '0.05726', 'slTriggerPxType': 'mark', 'slOrdPx': '-1'}
2026-03-29 08:45:51,871 | INFO | root | okx_gateway:amend_exchange_stop:395 | Amending exchange stop INJ-USDT-SWAP algo=3431286188529770496 payload=[{'instId': 'INJ-USDT-SWAP', 'algoId': '3431286188529770496', 'newSlTriggerPx': '2.831', 'newSlOrdPx': '-1', 'newSlTriggerPxType': 'mark'}]
2026-03-29 08:45:57,775 | INFO | root | okx_gateway:place_exchange_stop:372 | Placing exchange stop INJ-USDT-SWAP short payload={'instId': 'INJ-USDT-SWAP', 'tdMode': 'isolated', 'side': 'buy', 'posSide': 'net', 'ordType': 'conditional', 'reduceOnly': 'true', 'closeFraction': '1', 'algoClOrdId': 'SLUSDTSWAP763157775', 'slTriggerPx': '2.831', 'slTriggerPxType': 'mark', 'slOrdPx': '-1'}
2026-03-29 08:47:09,825 | WARNING | root | market_data_cache:_run:142 | Market-data worker temporary fetch failure for LINK-USDT-SWAP: [WinError 10035] Операция на незаблокированном сокете не может быть завершена немедленно
2026-03-29 08:48:42,688 | INFO | root | okx_gateway:place_exchange_stop:372 | Placing exchange stop LQTY-USDT-SWAP long payload={'instId': 'LQTY-USDT-SWAP', 'tdMode': 'isolated', 'side': 'sell', 'posSide': 'net', 'ordType': 'conditional', 'reduceOnly': 'true', 'closeFraction': '1', 'algoClOrdId': 'SLUSDTSWAP763322688', 'slTriggerPx': '0.2711', 'slTriggerPxType': 'mark', 'slOrdPx': '-1'}
2026-03-29 08:48:43,807 | INFO | root | okx_gateway:close_position:428 | Closing position LQTY-USDT-SWAP. Синхронизация: позиция отсутствует на бирже
2026-03-29 08:48:47,915 | INFO | root | okx_gateway:amend_exchange_stop:395 | Amending exchange stop TSLA-USDT-SWAP algo=3431299955208577024 payload=[{'instId': 'TSLA-USDT-SWAP', 'algoId': '3431299955208577024', 'newSlTriggerPx': '361.02', 'newSlOrdPx': '-1', 'newSlTriggerPxType': 'mark'}]
2026-03-29 08:48:53,941 | INFO | root | okx_gateway:place_exchange_stop:372 | Placing exchange stop TSLA-USDT-SWAP long payload={'instId': 'TSLA-USDT-SWAP', 'tdMode': 'isolated', 'side': 'sell', 'posSide': 'net', 'ordType': 'conditional', 'reduceOnly': 'true', 'closeFraction': '1', 'algoClOrdId': 'SLUSDTSWAP763333941', 'slTriggerPx': '361.02', 'slTriggerPxType': 'mark', 'slOrdPx': '-1'}
2026-03-29 08:49:03,271 | INFO | root | okx_gateway:amend_exchange_stop:395 | Amending exchange stop KSM-USDT-SWAP algo=3431300497079099392 payload=[{'instId': 'KSM-USDT-SWAP', 'algoId': '3431300497079099392', 'newSlTriggerPx': '4.096', 'newSlOrdPx': '-1', 'newSlTriggerPxType': 'mark'}]
2026-03-29 08:49:09,243 | INFO | root | okx_gateway:place_exchange_stop:372 | Placing exchange stop KSM-USDT-SWAP long payload={'instId': 'KSM-USDT-SWAP', 'tdMode': 'isolated', 'side': 'sell', 'posSide': 'net', 'ordType': 'conditional', 'reduceOnly': 'true', 'closeFraction': '1', 'algoClOrdId': 'SLUSDTSWAP763349243', 'slTriggerPx': '4.096', 'slTriggerPxType': 'mark', 'slOrdPx': '-1'}
2026-03-29 08:49:19,355 | INFO | root | okx_gateway:amend_exchange_stop:395 | Amending exchange stop MAGIC-USDT-SWAP algo=3431301127801757696 payload=[{'instId': 'MAGIC-USDT-SWAP', 'algoId': '3431301127801757696', 'newSlTriggerPx': '0.05722', 'newSlOrdPx': '-1', 'newSlTriggerPxType': 'mark'}]
2026-03-29 08:49:25,426 | INFO | root | okx_gateway:place_exchange_stop:372 | Placing exchange stop MAGIC-USDT-SWAP short payload={'instId': 'MAGIC-USDT-SWAP', 'tdMode': 'isolated', 'side': 'buy', 'posSide': 'net', 'ordType': 'conditional', 'reduceOnly': 'true', 'closeFraction': '1', 'algoClOrdId': 'SLUSDTSWAP763365426', 'slTriggerPx': '0.05722', 'slTriggerPxType': 'mark', 'slOrdPx': '-1'}
2026-03-29 08:52:14,265 | INFO | root | okx_gateway:amend_exchange_stop:395 | Amending exchange stop TSLA-USDT-SWAP algo=3431307556898037760 payload=[{'instId': 'TSLA-USDT-SWAP', 'algoId': '3431307556898037760', 'newSlTriggerPx': '361.11', 'newSlOrdPx': '-1', 'newSlTriggerPxType': 'mark'}]
2026-03-29 08:52:20,420 | INFO | root | okx_gateway:place_exchange_stop:372 | Placing exchange stop TSLA-USDT-SWAP long payload={'instId': 'TSLA-USDT-SWAP', 'tdMode': 'isolated', 'side': 'sell', 'posSide': 'net', 'ordType': 'conditional', 'reduceOnly': 'true', 'closeFraction': '1', 'algoClOrdId': 'SLUSDTSWAP763540420', 'slTriggerPx': '361.11', 'slTriggerPxType': 'mark', 'slOrdPx': '-1'}
2026-03-29 08:52:29,264 | INFO | root | okx_gateway:amend_exchange_stop:395 | Amending exchange stop KSM-USDT-SWAP algo=3431308070213738496 payload=[{'instId': 'KSM-USDT-SWAP', 'algoId': '3431308070213738496', 'newSlTriggerPx': '4.098', 'newSlOrdPx': '-1', 'newSlTriggerPxType': 'mark'}]
2026-03-29 08:52:35,175 | INFO | root | okx_gateway:place_exchange_stop:372 | Placing exchange stop KSM-USDT-SWAP long payload={'instId': 'KSM-USDT-SWAP', 'tdMode': 'isolated', 'side': 'sell', 'posSide': 'net', 'ordType': 'conditional', 'reduceOnly': 'true', 'closeFraction': '1', 'algoClOrdId': 'SLUSDTSWAP763555175', 'slTriggerPx': '4.098', 'slTriggerPxType': 'mark', 'slOrdPx': '-1'}
2026-03-29 08:52:44,791 | INFO | root | okx_gateway:amend_exchange_stop:395 | Amending exchange stop XRP-USDT-SWAP algo=3431280470988775424 payload=[{'instId': 'XRP-USDT-SWAP', 'algoId': '3431280470988775424', 'newSlTriggerPx': '1.3315', 'newSlOrdPx': '-1', 'newSlTriggerPxType': 'mark'}]
2026-03-29 08:52:50,822 | INFO | root | okx_gateway:place_exchange_stop:372 | Placing exchange stop XRP-USDT-SWAP short payload={'instId': 'XRP-USDT-SWAP', 'tdMode': 'isolated', 'side': 'buy', 'posSide': 'net', 'ordType': 'conditional', 'reduceOnly': 'true', 'closeFraction': '1', 'algoClOrdId': 'SLUSDTSWAP763570822', 'slTriggerPx': '1.3315', 'slTriggerPxType': 'mark', 'slOrdPx': '-1'}
2026-03-29 08:53:01,575 | INFO | root | okx_gateway:place_exchange_stop:372 | Placing exchange stop MAGIC-USDT-SWAP short payload={'instId': 'MAGIC-USDT-SWAP', 'tdMode': 'isolated', 'side': 'buy', 'posSide': 'net', 'ordType': 'conditional', 'reduceOnly': 'true', 'closeFraction': '1', 'algoClOrdId': 'SLUSDTSWAP763581575', 'slTriggerPx': '0.05732', 'slTriggerPxType': 'mark', 'slOrdPx': '-1'}
2026-03-29 08:53:02,680 | INFO | root | okx_gateway:close_position:428 | Closing position MAGIC-USDT-SWAP. Синхронизация: позиция отсутствует на бирже
2026-03-29 08:53:06,835 | INFO | root | okx_gateway:amend_exchange_stop:395 | Amending exchange stop INJ-USDT-SWAP algo=3431301645345316864 payload=[{'instId': 'INJ-USDT-SWAP', 'algoId': '3431301645345316864', 'newSlTriggerPx': '2.832', 'newSlOrdPx': '-1', 'newSlTriggerPxType': 'mark'}]
2026-03-29 08:53:12,970 | INFO | root | okx_gateway:place_exchange_stop:372 | Placing exchange stop INJ-USDT-SWAP short payload={'instId': 'INJ-USDT-SWAP', 'tdMode': 'isolated', 'side': 'buy', 'posSide': 'net', 'ordType': 'conditional', 'reduceOnly': 'true', 'closeFraction': '1', 'algoClOrdId': 'SLUSDTSWAP763592970', 'slTriggerPx': '2.832', 'slTriggerPxType': 'mark', 'slOrdPx': '-1'}
2026-03-29 08:54:15,779 | WARNING | root | market_data_cache:_run:142 | Market-data worker temporary fetch failure for ENA-USDT-SWAP: [WinError 10035] Операция на незаблокированном сокете не может быть завершена немедленно
2026-03-29 08:54:38,044 | WARNING | root | market_data_cache:_run:142 | Market-data worker temporary fetch failure for LPT-USDT-SWAP: [WinError 10035] Операция на незаблокированном сокете не может быть завершена немедленно
2026-03-29 08:56:00,508 | INFO | root | okx_gateway:amend_exchange_stop:395 | Amending exchange stop TSLA-USDT-SWAP algo=3431314485250711552 payload=[{'instId': 'TSLA-USDT-SWAP', 'algoId': '3431314485250711552', 'newSlTriggerPx': '361.06', 'newSlOrdPx': '-1', 'newSlTriggerPxType': 'mark'}]
2026-03-29 08:56:06,768 | INFO | root | okx_gateway:place_exchange_stop:372 | Placing exchange stop TSLA-USDT-SWAP long payload={'instId': 'TSLA-USDT-SWAP', 'tdMode': 'isolated', 'side': 'sell', 'posSide': 'net', 'ordType': 'conditional', 'reduceOnly': 'true', 'closeFraction': '1', 'algoClOrdId': 'SLUSDTSWAP763766768', 'slTriggerPx': '361.06', 'slTriggerPxType': 'mark', 'slOrdPx': '-1'}
2026-03-29 08:56:16,122 | INFO | root | okx_gateway:amend_exchange_stop:395 | Amending exchange stop KSM-USDT-SWAP algo=3431314980145029120 payload=[{'instId': 'KSM-USDT-SWAP', 'algoId': '3431314980145029120', 'newSlTriggerPx': '4.104', 'newSlOrdPx': '-1', 'newSlTriggerPxType': 'mark'}]
2026-03-29 08:56:22,254 | INFO | root | okx_gateway:place_exchange_stop:372 | Placing exchange stop KSM-USDT-SWAP long payload={'instId': 'KSM-USDT-SWAP', 'tdMode': 'isolated', 'side': 'sell', 'posSide': 'net', 'ordType': 'conditional', 'reduceOnly': 'true', 'closeFraction': '1', 'algoClOrdId': 'SLUSDTSWAP763782254', 'slTriggerPx': '4.104', 'slTriggerPxType': 'mark', 'slOrdPx': '-1'}
2026-03-29 08:56:37,432 | INFO | root | okx_gateway:place_exchange_stop:372 | Placing exchange stop XRP-USDT-SWAP short payload={'instId': 'XRP-USDT-SWAP', 'tdMode': 'isolated', 'side': 'buy', 'posSide': 'net', 'ordType': 'conditional', 'reduceOnly': 'true', 'closeFraction': '1', 'algoClOrdId': 'SLUSDTSWAP763797432', 'slTriggerPx': '1.3334', 'slTriggerPxType': 'mark', 'slOrdPx': '-1'}
2026-03-29 08:56:38,533 | INFO | root | okx_gateway:close_position:428 | Closing position XRP-USDT-SWAP. Синхронизация: позиция отсутствует на бирже
2026-03-29 08:56:48,960 | INFO | root | okx_gateway:place_exchange_stop:372 | Placing exchange stop INJ-USDT-SWAP short payload={'instId': 'INJ-USDT-SWAP', 'tdMode': 'isolated', 'side': 'buy', 'posSide': 'net', 'ordType': 'conditional', 'reduceOnly': 'true', 'closeFraction': '1', 'algoClOrdId': 'SLUSDTSWAP763808960', 'slTriggerPx': '2.835', 'slTriggerPxType': 'mark', 'slOrdPx': '-1'}
2026-03-29 08:56:50,062 | INFO | root | okx_gateway:close_position:428 | Closing position INJ-USDT-SWAP. Синхронизация: позиция отсутствует на бирже
2026-03-29 08:57:45,840 | WARNING | root | market_data_cache:_run:142 | Market-data worker temporary fetch failure for MASK-USDT-SWAP: [WinError 10035] Операция на незаблокированном сокете не может быть завершена немедленно
2026-03-29 08:59:42,680 | INFO | root | okx_gateway:amend_exchange_stop:395 | Amending exchange stop TSLA-USDT-SWAP algo=3431322080564830208 payload=[{'instId': 'TSLA-USDT-SWAP', 'algoId': '3431322080564830208', 'newSlTriggerPx': '361.2', 'newSlOrdPx': '-1', 'newSlTriggerPxType': 'mark'}]
2026-03-29 08:59:49,146 | INFO | root | okx_gateway:place_exchange_stop:372 | Placing exchange stop TSLA-USDT-SWAP long payload={'instId': 'TSLA-USDT-SWAP', 'tdMode': 'isolated', 'side': 'sell', 'posSide': 'net', 'ordType': 'conditional', 'reduceOnly': 'true', 'closeFraction': '1', 'algoClOrdId': 'SLUSDTSWAP763989146', 'slTriggerPx': '361.2', 'slTriggerPxType': 'mark', 'slOrdPx': '-1'}
2026-03-29 08:59:58,440 | INFO | root | okx_gateway:amend_exchange_stop:395 | Amending exchange stop KSM-USDT-SWAP algo=3431322600390090752 payload=[{'instId': 'KSM-USDT-SWAP', 'algoId': '3431322600390090752', 'newSlTriggerPx': '4.105', 'newSlOrdPx': '-1', 'newSlTriggerPxType': 'mark'}]
2026-03-29 09:00:04,683 | INFO | root | okx_gateway:place_exchange_stop:372 | Placing exchange stop KSM-USDT-SWAP long payload={'instId': 'KSM-USDT-SWAP', 'tdMode': 'isolated', 'side': 'sell', 'posSide': 'net', 'ordType': 'conditional', 'reduceOnly': 'true', 'closeFraction': '1', 'algoClOrdId': 'SLUSDTSWAP764004683', 'slTriggerPx': '4.105', 'slTriggerPxType': 'mark', 'slOrdPx': '-1'}
2026-03-29 09:02:36,658 | WARNING | root | market_data_cache:_run:142 | Market-data worker temporary fetch failure for ACT-USDT-SWAP: [WinError 10035] Операция на незаблокированном сокете не может быть завершена немедленно
2026-03-29 09:02:58,559 | INFO | root | okx_gateway:amend_exchange_stop:395 | Amending exchange stop TSLA-USDT-SWAP algo=3431329543473160192 payload=[{'instId': 'TSLA-USDT-SWAP', 'algoId': '3431329543473160192', 'newSlTriggerPx': '361.21', 'newSlOrdPx': '-1', 'newSlTriggerPxType': 'mark'}]
2026-03-29 09:03:04,750 | INFO | root | okx_gateway:place_exchange_stop:372 | Placing exchange stop TSLA-USDT-SWAP long payload={'instId': 'TSLA-USDT-SWAP', 'tdMode': 'isolated', 'side': 'sell', 'posSide': 'net', 'ordType': 'conditional', 'reduceOnly': 'true', 'closeFraction': '1', 'algoClOrdId': 'SLUSDTSWAP764184750', 'slTriggerPx': '361.21', 'slTriggerPxType': 'mark', 'slOrdPx': '-1'}
2026-03-29 09:04:50,028 | INFO | root | okx_gateway:amend_exchange_stop:395 | Amending exchange stop TSLA-USDT-SWAP algo=3431336106854277120 payload=[{'instId': 'TSLA-USDT-SWAP', 'algoId': '3431336106854277120', 'newSlTriggerPx': '361.22', 'newSlOrdPx': '-1', 'newSlTriggerPxType': 'mark'}]
2026-03-29 09:04:55,967 | INFO | root | okx_gateway:place_exchange_stop:372 | Placing exchange stop TSLA-USDT-SWAP long payload={'instId': 'TSLA-USDT-SWAP', 'tdMode': 'isolated', 'side': 'sell', 'posSide': 'net', 'ordType': 'conditional', 'reduceOnly': 'true', 'closeFraction': '1', 'algoClOrdId': 'SLUSDTSWAP764295967', 'slTriggerPx': '361.22', 'slTriggerPxType': 'mark', 'slOrdPx': '-1'}
2026-03-29 09:05:25,897 | INFO | root | okx_gateway:refresh_instruments:103 | Loaded 109 swap instruments
2026-03-29 09:05:28,725 | INFO | root | okx_gateway:close_position:428 | Closing position KSM-USDT-SWAP. reset_test
2026-03-29 09:05:30,914 | INFO | root | okx_gateway:close_position:428 | Closing position TSLA-USDT-SWAP. reset_test
2026-03-29 09:11:10,069 | INFO | root | okx_gateway:refresh_instruments:103 | Loaded 108 swap instruments
2026-03-29 09:14:55,836 | WARNING | root | market_data_cache:_run:142 | Market-data worker temporary fetch failure for HOME-USDT-SWAP: [WinError 10035] Операция на незаблокированном сокете не может быть завершена немедленно
2026-03-29 09:16:15,336 | WARNING | root | market_data_cache:_run:142 | Market-data worker temporary fetch failure for CATI-USDT-SWAP: [WinError 10035] Операция на незаблокированном сокете не может быть завершена немедленно
2026-03-29 09:17:50,273 | INFO | root | okx_gateway:refresh_instruments:103 | Loaded 109 swap instruments
2026-03-29 09:31:53,429 | INFO | root | okx_gateway:refresh_instruments:103 | Loaded 108 swap instruments
2026-03-29 09:35:09,282 | INFO | root | okx_gateway:refresh_instruments:103 | Loaded 109 swap instruments
