block_reason,breakout_id,channel_exit_level,close_reason_code,duration_sec,entry_atr,entry_context_file,entry_distance_atr,entry_px,exchange_stop_status,exit_px,final_stop_price,initial_stop_price,inst_id,mae_abs,mae_pct,mae_r,mfe_abs,mfe_pct,mfe_r,peak_price,peak_unrealized_pnl,planned_risk_pct,pnl,pnl_pct,position_health_state,position_notional_usdt,qty,reason,risk_amount_usdt,risk_per_contract,side,stop_confirmed,stop_state,system_name,time,trade_context_file,trade_id,trough_price,units
,,0.16515,stopout_cooldown,1213,0.00014350000000000056,D:\GIT\okx-trading-bot\v09x\094\094_2\logs\entry_context\20260321_082016_XLM-USDT-SWAP_long.json,1.5128177363908581,0.1662770893451721,cancel_error,0.16611,0.166193,0.1659900893451721,XLM-USDT-SWAP,0.00145709,0.876302,5.076966,0.00024291,0.146088,0.846379,0.1665,6.2730799999951525,1.0,-5.548040000004666,-0.11570875703514098,HEALTHY,4794.466300000004,288.32,ATR стоп 2.0N,717.980879411229,0.02870000000000011,long,True,ACTIVE,Turtle 55,2026-03-21 08:40:29,D:\GIT\okx-trading-bot\v09x\094\094_2\logs\trade_context\20260321_084029_XLM-USDT-SWAP_long_trade.json,20260321_082016_XLM-USDT-SWAP_long,0.16611,2
market_already_crossed_stop,,4.843,stopout_cooldown,492,0.00470000000000006,D:\GIT\okx-trading-bot\v09x\094\094_2\logs\entry_context\20260321_080019_AUCTION-USDT-SWAP_short.json,0.6652649117595423,4.82187325491473,cancel_error,4.834,4.831273254914731,4.831273254914731,AUCTION-USDT-SWAP,0.02212675,0.458883,2.353909,0.01387325,0.287715,1.475878,4.834,0.0,1.0,-5.9588399999996495,-0.2514944803434861,STOP_UNVERIFIED,2369.3720800000006,4913.8,ATR стоп 2.0N,717.8304858238229,0.000940000000000012,short,False,ERROR,Turtle 20,2026-03-21 08:08:32,D:\GIT\okx-trading-bot\v09x\094\094_2\logs\trade_context\20260321_080832_AUCTION-USDT-SWAP_short_trade.json,20260321_080019_AUCTION-USDT-SWAP_short,4.821,1
,,111.72,stopout_cooldown,730,0.12399999999999878,D:\GIT\okx-trading-bot\v09x\094\094_2\logs\entry_context\20260321_075035_AAVE-USDT-SWAP_short.json,0.3225806451612293,111.26,cancel_error,111.56,111.43599999999999,111.50800000000001,AAVE-USDT-SWAP,0.56,0.503326,2.258065,0.26,0.233687,1.048387,111.56,0.8392000000001313,1.0,-6.293999999999941,-0.26963868416321873,HEALTHY,2334.2348,209.8,ATR стоп 2.0N,717.9273866538272,0.024799999999999756,short,True,ACTIVE,Turtle 20,2026-03-21 08:02:45,D:\GIT\okx-trading-bot\v09x\094\094_2\logs\trade_context\20260321_080245_AAVE-USDT-SWAP_short_trade.json,20260321_075035_AAVE-USDT-SWAP_short,111.21,1
,,9.14,stopout_cooldown,1618,0.011249999999999982,D:\GIT\okx-trading-bot\v09x\094\094_2\logs\entry_context\20260321_073543_LINK-USDT-SWAP_short.json,1.3329202473597808,9.105004647217202,cancel_error,9.119,9.1138,9.1275046472172,LINK-USDT-SWAP,0.05499535,0.604012,2.444238,0.00900465,0.098898,0.400207,9.119,3.52595000000072,1.0,-13.996429999999629,-0.18905645865842008,HEALTHY,7404.641488333333,813.39,ATR стоп 2.0N,718.5177879445117,0.022499999999999964,short,True,ACTIVE,Turtle 20,2026-03-21 08:02:42,D:\GIT\okx-trading-bot\v09x\094\094_2\logs\trade_context\20260321_080242_LINK-USDT-SWAP_short_trade.json,20260321_073543_LINK-USDT-SWAP_short,9.096,3
,,1.447,stopout_cooldown,1654,0.0012799999999999923,D:\GIT\okx-trading-bot\v09x\094\094_2\logs\entry_context\20260321_073506_XRP-USDT-SWAP_short.json,0.0,1.4442,cancel_error,1.4462,1.44587,1.4467599999999998,XRP-USDT-SWAP,0.0032,0.221576,1.25,0.0025,0.173106,0.976563,1.4462,0.8704999999999041,1.0,-3.4820000000000033,-0.13848497438027987,HEALTHY,2514.3522,17.41,ATR стоп 2.0N,718.5556903253615,0.25599999999999845,short,True,ACTIVE,Turtle 20,2026-03-21 08:02:40,D:\GIT\okx-trading-bot\v09x\094\094_2\logs\trade_context\20260321_080240_XRP-USDT-SWAP_short_trade.json,20260321_073505_XRP-USDT-SWAP_short,1.4436,1
market_already_crossed_stop,,0.299,stopout_cooldown,690,0.00012500000000000288,D:\GIT\okx-trading-bot\v09x\094\094_2\logs\entry_context\20260321_075040_LDO-USDT-SWAP_short.json,2.3999999999996806,0.2982,cancel_error,0.2984,0.29815,0.29845000000000005,LDO-USDT-SWAP,0.0013,0.435949,5.2,0.0003,0.100604,1.2,0.2984,0.843000000008505,1.0,-8.43539999999176,-0.12201784659622153,STOP_UNVERIFIED,6915.043500000005,23196.0,ATR стоп 2.0N,717.9099046527828,0.00025000000000000575,short,False,ERROR,Turtle 20,2026-03-21 08:02:10,D:\GIT\okx-trading-bot\v09x\094\094_2\logs\trade_context\20260321_080210_LDO-USDT-SWAP_short_trade.json,20260321_075039_LDO-USDT-SWAP_short,0.2979,3
,,0.9691,stopout_cooldown,1311,0.0011770000000000057,D:\GIT\okx-trading-bot\v09x\094\094_2\logs\entry_context\20260321_073552_SUI-USDT-SWAP_short.json,0.18532263964401244,0.963931875253139,cancelled,0.966,0.9658420000000001,0.9662858752531389,SUI-USDT-SWAP,0.00521812,0.541338,2.216705,0.00113188,0.117423,0.480831,0.966,0.0,1.0,-5.1061999999998635,-0.21455092418412974,HEALTHY,2379.9478,2469.0,ATR стоп 2.0N,718.4829686427302,0.0023540000000000115,short,True,ACTIVE,Turtle 20,2026-03-21 07:57:43,D:\GIT\okx-trading-bot\v09x\094\094_2\logs\trade_context\20260321_075743_SUI-USDT-SWAP_short_trade.json,20260321_073552_SUI-USDT-SWAP_short,0.9635,1
market_already_crossed_stop,,0.16573,stopout_cooldown,1192,0.00014699999999999574,D:\GIT\okx-trading-bot\v09x\094\094_2\logs\entry_context\20260321_073548_XLM-USDT-SWAP_short.json,0.2720997307157089,0.1651500013395848,cancel_error,0.16545,0.1654060013395848,0.16544400133958478,XLM-USDT-SWAP,0.00058,0.351195,1.972785,0.00033,0.199819,1.122454,0.16545,0.0,1.0,-4.4789799999992095,-0.18165223008285353,STOP_UNVERIFIED,2465.6895200000013,149.3,ATR стоп 2.0N,718.5112785095687,0.02939999999999915,short,False,ERROR,Turtle 20,2026-03-21 07:55:40,D:\GIT\okx-trading-bot\v09x\094\094_2\logs\trade_context\20260321_075540_XLM-USDT-SWAP_short_trade.json,20260321_073547_XLM-USDT-SWAP_short,0.1651500013395848,1
,,0.12347,stopout_cooldown,448,0.00010699999999999946,D:\GIT\okx-trading-bot\v09x\094\094_2\logs\entry_context\20260321_073539_OP-USDT-SWAP_short.json,1.9624002178916302,0.1224900231766856,cancelled,0.1228,0.1227040231766856,0.1227040231766856,OP-USDT-SWAP,0.00130998,1.069456,6.121387,0.00019002,0.155134,0.887959,0.1228,0.0,1.0,-6.286019999992844,-0.2530629150647482,HEALTHY,2483.975180000007,20279.0,ATR стоп 2.0N,718.5394153267569,0.0002139999999999989,short,True,ACTIVE,Turtle 55,2026-03-21 07:43:08,D:\GIT\okx-trading-bot\v09x\094\094_2\logs\trade_context\20260321_074308_OP-USDT-SWAP_short_trade.json,20260321_073538_OP-USDT-SWAP_short,0.12248,1
market_already_crossed_stop,,0.2216,ошибка:_первичный_стоп_не_подтверждён_на_бирже,64,7.500000000000006e-05,D:\GIT\okx-trading-bot\v09x\094\094_2\logs\entry_context\20260321_074138_BAND-USDT-SWAP_long.json,6.079631583999855,0.2227559723688,cancel_skipped,0.2225,0.22260597236879998,0.22260597236879998,BAND-USDT-SWAP,0.00115597,0.518941,7.706482,0.0,0.0,0.0,0.2227559723688,0.0,1.0,-2.668000000002231,-0.11491156267459798,STOP_UNVERIFIED,2321.7855000000022,10423.0,Ошибка: первичный стоп не подтверждён на бирже,718.2534706025789,0.00015000000000000012,long,False,ERROR,Turtle 20,2026-03-21 07:42:42,D:\GIT\okx-trading-bot\v09x\094\094_2\logs\trade_context\20260321_074242_BAND-USDT-SWAP_long_trade.json,20260321_074138_BAND-USDT-SWAP_long,0.2227559723688,1
market_already_crossed_stop,,0.2216,ошибка:_первичный_стоп_не_подтверждён_на_бирже,53,7.500000000000006e-05,D:\GIT\okx-trading-bot\v09x\094\094_2\logs\entry_context\20260321_074026_BAND-USDT-SWAP_long.json,6.419056754600004,0.222781429256595,cancel_skipped,0.2225,0.222631429256595,0.222631429256595,BAND-USDT-SWAP,0.00118143,0.530309,7.876195,0.0,0.0,0.0,0.222781429256595,0.0,1.0,-2.9339000000028226,-0.12632527654306888,STOP_UNVERIFIED,2322.4964000000027,10425.0,Ошибка: первичный стоп не подтверждён на бирже,718.3052251742847,0.00015000000000000012,long,False,ERROR,Turtle 20,2026-03-21 07:41:19,D:\GIT\okx-trading-bot\v09x\094\094_2\logs\trade_context\20260321_074119_BAND-USDT-SWAP_long_trade.json,20260321_074026_BAND-USDT-SWAP_long,0.222781429256595,1
market_already_crossed_stop,,1.1966,stopout_cooldown,103,0.00036999999999999257,D:\GIT\okx-trading-bot\v09x\094\094_2\logs\entry_context\20260321_073815_AXS-USDT-SWAP_long.json,5.85066065758495,1.2014647444433064,cancel_error,1.2006,1.2007247444433065,1.2007247444433065,AXS-USDT-SWAP,0.04736474,3.94225,64.006411,0.01513526,1.259734,20.453048,1.2017,0.0,1.0,-1.6885000000003325,-0.07197418378740748,STOP_UNVERIFIED,2345.9800600000003,19526.0,ATR стоп 2.0N,718.3500238973928,7.399999999999852e-05,long,False,ERROR,Turtle 20,2026-03-21 07:39:58,D:\GIT\okx-trading-bot\v09x\094\094_2\logs\trade_context\20260321_073958_AXS-USDT-SWAP_long_trade.json,20260321_073815_AXS-USDT-SWAP_long,1.2006,1
,,1.514,ошибка:_первичный_стоп_не_подтверждён_на_бирже,104,0.0012499999999999955,D:\GIT\okx-trading-bot\v09x\094\094_2\logs\entry_context\20260321_073601_DOT-USDT-SWAP_short.json,0.7999999999999148,1.508,cancelled,1.508,1.5105,1.5105,DOT-USDT-SWAP,0.006,0.397878,2.4,0.007,0.464191,2.8,1.508,0.0,1.0,0.0,0.0,HEALTHY,2334.9872,1548.4,Ошибка: первичный стоп не подтверждён на бирже,718.4497916036557,0.002499999999999991,short,True,ACTIVE,Turtle 20,2026-03-21 07:37:45,D:\GIT\okx-trading-bot\v09x\094\094_2\logs\trade_context\20260321_073745_DOT-USDT-SWAP_short_trade.json,20260321_073601_DOT-USDT-SWAP_short,1.508,1
market_already_crossed_stop,,0.2688,stopout_cooldown,10,0.000250000000000003,D:\GIT\okx-trading-bot\v09x\094\094_2\logs\entry_context\20260321_073025_ETHW-USDT-SWAP_long.json,1.4969562977604587,0.2702742390744401,cancel_skipped,0.2696,0.2697742390744401,0.2697742390744401,ETHW-USDT-SWAP,0.00177424,0.656459,3.548478,0.0,0.0,0.0,0.2702742390744401,0.0,1.0,-6.282290000002947,-0.24946479425824383,STOP_UNVERIFIED,2518.3072500000035,93176.0,ATR стоп 2.0N,718.6994782124764,5.00000000000006e-05,long,False,ERROR,Turtle 20,2026-03-21 07:30:35,D:\GIT\okx-trading-bot\v09x\094\094_2\logs\trade_context\20260321_073035_ETHW-USDT-SWAP_long_trade.json,20260321_073025_ETHW-USDT-SWAP_long,0.2696,1
,,0.469,stopout_cooldown,1382,0.001595000000000002,D:\GIT\okx-trading-bot\v09x\094\094_2\logs\entry_context\20260321_070549_MASK-USDT-SWAP_long.json,1.68723402726725,0.4783911382734913,cancel_error,0.4765,0.47683000000000003,0.47520113827349125,MASK-USDT-SWAP,0.01489114,3.112754,4.668068,0.00220886,0.461727,0.692433,0.4806,12.089199999999458,1.0,-43.23050000000313,-0.5742556962471319,HEALTHY,7522.502766666668,15708.0,ATR стоп 2.0N,719.8911263603331,0.003190000000000004,long,True,ACTIVE,Turtle 55,2026-03-21 07:28:51,D:\GIT\okx-trading-bot\v09x\094\094_2\logs\trade_context\20260321_072851_MASK-USDT-SWAP_long_trade.json,20260321_070548_MASK-USDT-SWAP_long,0.4765,3
market_already_crossed_stop,,2.247,stopout_cooldown,10,0.0012499999999999955,D:\GIT\okx-trading-bot\v09x\094\094_2\logs\entry_context\20260321_072137_LPT-USDT-SWAP_short.json,4.711596975493765,2.236110503780633,cancel_skipped,2.24,2.2386105037806328,2.2386105037806328,LPT-USDT-SWAP,0.0148895,0.665866,5.955798,0.0071105,0.317985,2.844202,2.24,0.0,1.0,-4.269499999999601,-0.17394025084142142,STOP_UNVERIFIED,2454.578500000001,10977.0,ATR стоп 2.0N,719.3782205462583,0.0002499999999999991,short,False,ERROR,Turtle 20,2026-03-21 07:21:48,D:\GIT\okx-trading-bot\v09x\094\094_2\logs\trade_context\20260321_072148_LPT-USDT-SWAP_short_trade.json,20260321_072136_LPT-USDT-SWAP_short,2.236110503780633,1
market_already_crossed_stop,,2.247,stopout_cooldown,14,0.0012499999999999955,D:\GIT\okx-trading-bot\v09x\094\094_2\logs\entry_context\20260321_072058_LPT-USDT-SWAP_short.json,3.180615777008467,2.2380242302787394,cancel_error,2.243,2.2405242302787394,2.2405242302787394,LPT-USDT-SWAP,0.01297577,0.579787,5.190308,0.00902423,0.403223,3.609692,2.243,0.0,1.0,-5.462399999999732,-0.22232867964261235,STOP_UNVERIFIED,2456.9030000000002,10978.0,ATR стоп 2.0N,719.4933306320015,0.0002499999999999991,short,False,ERROR,Turtle 20,2026-03-21 07:21:12,D:\GIT\okx-trading-bot\v09x\094\094_2\logs\trade_context\20260321_072112_LPT-USDT-SWAP_short_trade.json,20260321_072058_LPT-USDT-SWAP_short,2.2380242302787394,1
market_already_crossed_stop,,2.247,stopout_cooldown,10,0.0012499999999999955,D:\GIT\okx-trading-bot\v09x\094\094_2\logs\entry_context\20260321_072024_LPT-USDT-SWAP_short.json,3.1872495446265363,2.238015938069217,cancel_error,2.247,2.240515938069217,2.240515938069217,LPT-USDT-SWAP,0.01298406,0.580159,5.193625,0.00901594,0.402854,3.606375,2.247,0.0,1.0,-9.864499999999788,-0.4014297565071761,STOP_UNVERIFIED,2457.3415,10980.0,ATR стоп 2.0N,719.5637875950283,0.0002499999999999991,short,False,ERROR,Turtle 20,2026-03-21 07:20:34,D:\GIT\okx-trading-bot\v09x\094\094_2\logs\trade_context\20260321_072034_LPT-USDT-SWAP_short_trade.json,20260321_072024_LPT-USDT-SWAP_short,2.238015938069217,1
,,3.423e-06,stopout_cooldown,401,3.8000000000000315e-09,D:\GIT\okx-trading-bot\v09x\094\094_2\logs\entry_context\20260321_070506_PEPE-USDT-SWAP_long.json,0.45523086842110244,3.4377298773e-06,cancel_error,3.43e-06,3.4301298773e-06,3.4301298773e-06,PEPE-USDT-SWAP,3e-08,0.806633,3.648668,0.0,0.066036,0.2987,3.44e-06,0.1979999390999608,1.0,-5.666000060899859,-0.2248541210594146,HEALTHY,2519.8560000609,73.3,ATR стоп 2.0N,719.894544306999,0.07600000000000064,long,True,ACTIVE,Turtle 55,2026-03-21 07:11:48,D:\GIT\okx-trading-bot\v09x\094\094_2\logs\trade_context\20260321_071148_PEPE-USDT-SWAP_long_trade.json,20260321_070506_PEPE-USDT-SWAP_long,3.43e-06,1
market_already_crossed_stop,,0.1633,stopout_cooldown,15,0.00010499999999999954,D:\GIT\okx-trading-bot\v09x\094\094_2\logs\entry_context\20260321_071012_IMX-USDT-SWAP_short.json,4.0877538025277955,0.1625707858507346,cancel_error,0.163,0.16278078585073458,0.16278078585073458,IMX-USDT-SWAP,0.00182921,1.12518,8.710544,0.0,0.0,0.0,0.163,0.0,1.0,-6.5158999999982905,-0.264016777073036,STOP_UNVERIFIED,2467.9871000000016,15181.0,ATR стоп 2.0N,719.8602220984096,0.0002099999999999991,short,False,ERROR,Turtle 20,2026-03-21 07:10:27,D:\GIT\okx-trading-bot\v09x\094\094_2\logs\trade_context\20260321_071027_IMX-USDT-SWAP_short_trade.json,20260321_071011_IMX-USDT-SWAP_short,0.1625707858507346,1
,,4.814,stopout_cooldown,996,0.005100000000000016,D:\GIT\okx-trading-bot\v09x\094\094_2\logs\entry_context\20260321_063548_AUCTION-USDT-SWAP_long.json,0.7010430805900622,4.837575319711009,cancel_error,4.828,4.8329,4.827375319711009,AUCTION-USDT-SWAP,0.02957532,0.611367,2.899541,0.05142468,1.063026,5.041635,4.844,3.210220000000306,1.0,-9.859569999999557,-0.20393457461256306,HEALTHY,4834.527805,9993.4,ATR стоп 2.0N,720.4898581716822,0.0010200000000000033,long,True,ACTIVE,Turtle 20,2026-03-21 06:52:25,D:\GIT\okx-trading-bot\v09x\094\094_2\logs\trade_context\20260321_065225_AUCTION-USDT-SWAP_long_trade.json,20260321_063548_AUCTION-USDT-SWAP_long,4.828,2
market_already_crossed_stop,,471.7,stopout_cooldown,1317,0.514999999999992,D:\GIT\okx-trading-bot\v09x\094\094_2\logs\entry_context\20260321_062533_BCH-USDT-SWAP_short.json,0.38834951456309075,469.6,cancel_error,470.7,470.63,470.63,BCH-USDT-SWAP,7.1,1.511925,6.893204,0.2,0.042589,0.194175,470.7,1.0536000000002397,1.0,-5.794799999999821,-0.23424190800680703,STOP_UNVERIFIED,2473.8528000000006,52.68,ATR стоп 2.0N,720.7310682606588,0.10299999999999841,short,False,ERROR,Turtle 55,2026-03-21 06:47:31,D:\GIT\okx-trading-bot\v09x\094\094_2\logs\trade_context\20260321_064731_BCH-USDT-SWAP_short_trade.json,20260321_062532_BCH-USDT-SWAP_short,469.5,1
market_already_crossed_stop,,0.4662,stopout_cooldown,634,0.0009099999999999997,D:\GIT\okx-trading-bot\v09x\094\094_2\logs\entry_context\20260321_063540_MASK-USDT-SWAP_long.json,1.4285714285713937,0.4735,cancel_error,0.4714,0.47335,0.47168,MASK-USDT-SWAP,0.0107,2.259768,5.879121,0.0017,0.359029,0.934066,0.4752,9.813500000000065,1.0,-32.75540000000073,-0.6681615515144068,STOP_UNVERIFIED,4896.7862000000005,10330.0,ATR стоп 2.0N,720.5329164176973,0.0018199999999999994,long,False,ERROR,Turtle 55,2026-03-21 06:46:15,D:\GIT\okx-trading-bot\v09x\094\094_2\logs\trade_context\20260321_064615_MASK-USDT-SWAP_long_trade.json,20260321_063539_MASK-USDT-SWAP_long,0.4714,2
market_already_crossed_stop,,0.1525,stopout_cooldown,19,3.999999999999976e-05,D:\GIT\okx-trading-bot\v09x\094\094_2\logs\entry_context\20260321_063942_MET-USDT-SWAP_short.json,0.0,0.1524,cancel_error,0.1525,0.15248,0.15248,MET-USDT-SWAP,0.0001,0.065617,1.25,0.0004,0.262467,5.0,0.1525,0.0,1.0,-1.569999999999827,-0.06561679790025525,STOP_UNVERIFIED,2392.68,1570.0,ATR стоп 2.0N,720.2857300781423,0.0007999999999999952,short,False,ERROR,Turtle 55,2026-03-21 06:40:01,D:\GIT\okx-trading-bot\v09x\094\094_2\logs\trade_context\20260321_064001_MET-USDT-SWAP_short_trade.json,20260321_063942_MET-USDT-SWAP_short,0.1524,1
market_already_crossed_stop,,0.1525,stopout_cooldown,15,3.999999999999976e-05,D:\GIT\okx-trading-bot\v09x\094\094_2\logs\entry_context\20260321_063905_MET-USDT-SWAP_short.json,0.0,0.1524,cancel_error,0.1525,0.15248,0.15248,MET-USDT-SWAP,0.0001,0.065617,1.25,0.0004,0.262467,5.0,0.1525,0.0,1.0,-1.569999999999827,-0.06561679790025525,STOP_UNVERIFIED,2392.68,1570.0,ATR стоп 2.0N,720.331020959841,0.0007999999999999952,short,False,ERROR,Turtle 55,2026-03-21 06:39:20,D:\GIT\okx-trading-bot\v09x\094\094_2\logs\trade_context\20260321_063920_MET-USDT-SWAP_short_trade.json,20260321_063904_MET-USDT-SWAP_short,0.1524,1
market_already_crossed_stop,,0.1525,stopout_cooldown,20,3.999999999999976e-05,D:\GIT\okx-trading-bot\v09x\094\094_2\logs\entry_context\20260321_063822_MET-USDT-SWAP_short.json,0.0,0.1524,cancel_error,0.1525,0.15248,0.15248,MET-USDT-SWAP,0.0001,0.065617,1.25,0.0004,0.262467,5.0,0.1525,0.0,1.0,-1.569999999999827,-0.06561679790025525,STOP_UNVERIFIED,2392.68,1570.0,ATR стоп 2.0N,720.3307473399426,0.0007999999999999952,short,False,ERROR,Turtle 55,2026-03-21 06:38:43,D:\GIT\okx-trading-bot\v09x\094\094_2\logs\trade_context\20260321_063843_MET-USDT-SWAP_short_trade.json,20260321_063821_MET-USDT-SWAP_short,0.1524,1
market_already_crossed_stop,,0.1525,stopout_cooldown,15,3.999999999999976e-05,D:\GIT\okx-trading-bot\v09x\094\094_2\logs\entry_context\20260321_063744_MET-USDT-SWAP_short.json,0.0,0.1524,cancel_error,0.1525,0.15248,0.15248,MET-USDT-SWAP,0.0001,0.065617,1.25,0.0004,0.262467,5.0,0.1525,0.0,1.0,-1.569999999999827,-0.06561679790025525,STOP_UNVERIFIED,2392.68,1570.0,ATR стоп 2.0N,720.385346172776,0.0007999999999999952,short,False,ERROR,Turtle 55,2026-03-21 06:38:00,D:\GIT\okx-trading-bot\v09x\094\094_2\logs\trade_context\20260321_063800_MET-USDT-SWAP_short_trade.json,20260321_063744_MET-USDT-SWAP_short,0.1524,1
market_already_crossed_stop,,0.1525,stopout_cooldown,20,3.999999999999976e-05,D:\GIT\okx-trading-bot\v09x\094\094_2\logs\entry_context\20260321_063703_MET-USDT-SWAP_short.json,0.0,0.1522,cancel_error,0.1523,0.15228,0.15228,MET-USDT-SWAP,0.0003,0.197109,3.75,0.0002,0.131406,2.5,0.1523,0.0,1.0,-1.569999999999827,-0.06570302233902037,STOP_UNVERIFIED,2389.54,1570.0,ATR стоп 2.0N,720.4577010637071,0.0007999999999999952,short,False,ERROR,Turtle 55,2026-03-21 06:37:23,D:\GIT\okx-trading-bot\v09x\094\094_2\logs\trade_context\20260321_063723_MET-USDT-SWAP_short_trade.json,20260321_063702_MET-USDT-SWAP_short,0.1522,1
,,0.1525,ошибка:_первичный_стоп_не_подтверждён_на_бирже,51,3.999999999999976e-05,D:\GIT\okx-trading-bot\v09x\094\094_2\logs\entry_context\20260321_063544_MET-USDT-SWAP_short.json,0.0,0.1522,cancel_error,0.1523,0.15228,0.15228,MET-USDT-SWAP,0.0003,0.197109,3.75,0.0002,0.131406,2.5,0.1522,0.0,1.0,-1.588999999999825,-0.06570302233902035,HEALTHY,2418.458,1589.0,Ошибка: первичный стоп не подтверждён на бирже,720.5227311413488,0.0007999999999999952,short,True,ACTIVE,Turtle 55,2026-03-21 06:36:36,D:\GIT\okx-trading-bot\v09x\094\094_2\logs\trade_context\20260321_063636_MET-USDT-SWAP_short_trade.json,20260321_063544_MET-USDT-SWAP_short,0.1522,1
market_already_crossed_stop,,0.1525,stopout_cooldown,10,3.999999999999976e-05,D:\GIT\okx-trading-bot\v09x\094\094_2\logs\entry_context\20260321_063507_MET-USDT-SWAP_short.json,0.0,0.1522,cancel_error,0.1523,0.15228,0.15228,MET-USDT-SWAP,0.0003,0.197109,3.75,0.0002,0.131406,2.5,0.1523,0.0,1.0,-1.607999999999823,-0.06570302233902035,STOP_UNVERIFIED,2447.376,1608.0,ATR стоп 2.0N,720.5459824013883,0.0007999999999999952,short,False,ERROR,Turtle 55,2026-03-21 06:35:18,D:\GIT\okx-trading-bot\v09x\094\094_2\logs\trade_context\20260321_063518_MET-USDT-SWAP_short_trade.json,20260321_063506_MET-USDT-SWAP_short,0.1522,1
,,3.426e-06,ошибка:_первичный_стоп_не_подтверждён_на_бирже,163,4.550000000000003e-09,D:\GIT\okx-trading-bot\v09x\094\094_2\logs\entry_context\20260321_063019_PEPE-USDT-SWAP_long.json,0.0,3.4338987342e-06,cancelled,3.431e-06,3.4247987342e-06,3.4247987342e-06,PEPE-USDT-SWAP,2e-08,0.695965,2.626235,0.0,0.061192,0.230908,3.434e-06,0.0,1.0,-2.0610000162000066,-0.08441524996442074,HEALTHY,2441.5020000162,71.1,Ошибка: первичный стоп не подтверждён на бирже,720.7127642247566,0.09100000000000005,long,True,ACTIVE,Turtle 20,2026-03-21 06:33:02,D:\GIT\okx-trading-bot\v09x\094\094_2\logs\trade_context\20260321_063302_PEPE-USDT-SWAP_long_trade.json,20260321_063019_PEPE-USDT-SWAP_long,3.4338987342e-06,1
,,0.283,ошибка:_первичный_стоп_не_подтверждён_на_бирже,71,0.00019999999999998909,D:\GIT\okx-trading-bot\v09x\094\094_2\logs\entry_context\20260321_063024_LQTY-USDT-SWAP_short.json,4.355053037160233,0.281228989392568,cancel_error,0.2818,0.281628989392568,0.281628989392568,LQTY-USDT-SWAP,0.00227101,0.807531,5.677527,0.0,0.0,0.0,0.281228989392568,0.0,1.0,-4.920169999998369,-0.20304116181810183,HEALTHY,2423.2377100000017,8616.6,Ошибка: первичный стоп не подтверждён на бирже,720.6728415058957,0.00039999999999997817,short,True,ACTIVE,Turtle 20,2026-03-21 06:31:36,D:\GIT\okx-trading-bot\v09x\094\094_2\logs\trade_context\20260321_063136_LQTY-USDT-SWAP_short_trade.json,20260321_063024_LQTY-USDT-SWAP_short,0.281228989392568,1
exchange_stop_place_error,,0.1715,ошибка:_первичный_стоп_не_подтверждён_на_бирже,74,0.00014500000000000206,D:\GIT\okx-trading-bot\v09x\094\094_2\logs\entry_context\20260321_062202_THETA-USDT-SWAP_short.json,5.47594750456821,0.1699059876118376,cancel_skipped,0.1698,0.1701959876118376,0.1701959876118376,THETA-USDT-SWAP,0.00239401,1.409022,8.255215,0.0,0.0,0.0,0.1699059876118376,0.0,1.0,1.5400000000000726,0.06238015112199503,STOP_UNVERIFIED,2468.734,1453.0,Ошибка: первичный стоп не подтверждён на бирже,720.8315928292674,0.0029000000000000414,short,False,ERROR,Turtle 55,2026-03-21 06:23:16,D:\GIT\okx-trading-bot\v09x\094\094_2\logs\trade_context\20260321_062316_THETA-USDT-SWAP_short_trade.json,20260321_062202_THETA-USDT-SWAP_short,0.1698,1
market_already_crossed_stop,,0.1715,stopout_cooldown,13,0.00014500000000000206,D:\GIT\okx-trading-bot\v09x\094\094_2\logs\entry_context\20260321_062125_THETA-USDT-SWAP_short.json,4.793435469335107,0.1700049518569464,cancel_error,0.1705,0.1702949518569464,0.1702949518569464,THETA-USDT-SWAP,0.00229505,1.349989,7.913959,0.0,0.0,0.0,0.1705,0.0,1.0,-7.19799999999967,-0.2911963078994248,STOP_UNVERIFIED,2471.8720000000003,1454.0,ATR стоп 2.0N,720.9420151239511,0.0029000000000000414,short,False,ERROR,Turtle 55,2026-03-21 06:21:38,D:\GIT\okx-trading-bot\v09x\094\094_2\logs\trade_context\20260321_062138_THETA-USDT-SWAP_short_trade.json,20260321_062125_THETA-USDT-SWAP_short,0.1700049518569464,1
,,0.05766,stopout_cooldown,307,6.950000000000012e-05,D:\GIT\okx-trading-bot\v09x\094\094_2\logs\entry_context\20260321_061624_MINA-USDT-SWAP_long.json,2.4306958824546814,0.0601589333638306,cancel_error,0.05999,0.0600199333638306,0.0600199333638306,MINA-USDT-SWAP,0.00249893,4.153886,17.977938,2.107e-05,0.035018,0.151559,0.06018,0.0,1.0,-6.647190000006474,-0.2808117670719351,HEALTHY,2367.1337100000064,39348.0,ATR стоп 2.0N,721.4072591574129,0.00013900000000000023,long,True,ACTIVE,Turtle 20,2026-03-21 06:21:31,D:\GIT\okx-trading-bot\v09x\094\094_2\logs\trade_context\20260321_062131_MINA-USDT-SWAP_long_trade.json,20260321_061624_MINA-USDT-SWAP_long,0.05999,1
market_already_crossed_stop,,0.1715,stopout_cooldown,17,0.00014500000000000206,D:\GIT\okx-trading-bot\v09x\094\094_2\logs\entry_context\20260321_062045_THETA-USDT-SWAP_short.json,5.914344635748175,0.1698424200278165,cancel_error,0.1705,0.1701324200278165,0.1701324200278165,THETA-USDT-SWAP,0.00245758,1.446977,8.474414,0.0,0.0,0.0,0.1705,0.0,1.0,-9.455999999999012,-0.38717063268164825,STOP_UNVERIFIED,2442.334000000001,1438.0,ATR стоп 2.0N,721.1173797788167,0.0029000000000000414,short,False,ERROR,Turtle 55,2026-03-21 06:21:02,D:\GIT\okx-trading-bot\v09x\094\094_2\logs\trade_context\20260321_062102_THETA-USDT-SWAP_short_trade.json,20260321_062045_THETA-USDT-SWAP_short,0.1698424200278165,1
market_already_crossed_stop,,0.1715,stopout_cooldown,12,0.00014500000000000206,D:\GIT\okx-trading-bot\v09x\094\094_2\logs\entry_context\20260321_062010_THETA-USDT-SWAP_short.json,5.753201285309515,0.1698657858136301,cancel_error,0.1705,0.1701557858136301,0.1701557858136301,THETA-USDT-SWAP,0.00243421,1.433022,8.393842,0.0,0.0,0.0,0.1705,0.0,1.0,-9.119999999999358,-0.37336193591436234,STOP_UNVERIFIED,2442.670000000001,1438.0,ATR стоп 2.0N,721.2161025380099,0.0029000000000000414,short,False,ERROR,Turtle 55,2026-03-21 06:20:22,D:\GIT\okx-trading-bot\v09x\094\094_2\logs\trade_context\20260321_062022_THETA-USDT-SWAP_short_trade.json,20260321_062010_THETA-USDT-SWAP_short,0.1698657858136301,1
market_already_crossed_stop,,0.0944,stopout_cooldown,2008,0.00013749999999999803,D:\GIT\okx-trading-bot\v09x\094\094_2\logs\entry_context\20260321_054550_DOGE-USDT-SWAP_long.json,0.7272727272727585,0.09465,cancel_error,0.0946,0.09466000000000001,0.094375,DOGE-USDT-SWAP,0.0008,0.845219,2.909091,0.0003,0.316957,1.090909,0.09495,7.415299999989673,1.0,-11.5065000000147,-0.15831134564663993,STOP_UNVERIFIED,7265.07625000001,76.71,ATR стоп 2.0N,721.7591264503175,0.2749999999999961,long,False,ERROR,Turtle 20,2026-03-21 06:19:19,D:\GIT\okx-trading-bot\v09x\094\094_2\logs\trade_context\20260321_061919_DOGE-USDT-SWAP_long_trade.json,20260321_054549_DOGE-USDT-SWAP_long,0.09455,3
market_already_crossed_stop,,0.4651,stopout_cooldown,1727,0.000714999999999999,D:\GIT\okx-trading-bot\v09x\094\094_2\logs\entry_context\20260321_053021_MASK-USDT-SWAP_long.json,1.5035310198194731,0.4688750246791709,cancel_error,0.4698,0.47012,0.46744502467917093,MASK-USDT-SWAP,0.00867502,1.850178,6.066451,0.00262498,0.559845,1.835647,0.4722,20.77669999999584,1.0,-8.812700000007801,-0.12329897274745014,STOP_UNVERIFIED,7135.592216666671,15195.0,ATR стоп 2.0N,721.9666397355851,0.001429999999999998,long,False,ERROR,Turtle 55,2026-03-21 05:59:08,D:\GIT\okx-trading-bot\v09x\094\094_2\logs\trade_context\20260321_055908_MASK-USDT-SWAP_long_trade.json,20260321_053020_MASK-USDT-SWAP_long,0.4687,3
exchange_stop_place_error,,4.551,ошибка:_первичный_стоп_не_подтверждён_на_бирже,48,0.0023000000000000576,D:\GIT\okx-trading-bot\v09x\094\094_2\logs\entry_context\20260321_055619_KSM-USDT-SWAP_long.json,4.71229593376023,4.568838280647649,cancel_skipped,4.566,4.564238280647649,4.564238280647649,KSM-USDT-SWAP,0.04483828,0.981393,9.747452,0.0,0.0,0.0,4.568838280647649,0.0,1.0,-1.4725000000001947,-0.06212258944841572,STOP_UNVERIFIED,2370.3133000000003,5188.0,Ошибка: первичный стоп не подтверждён на бирже,721.8587385158379,0.00046000000000001156,long,False,ERROR,Turtle 20,2026-03-21 05:57:08,D:\GIT\okx-trading-bot\v09x\094\094_2\logs\trade_context\20260321_055708_KSM-USDT-SWAP_long_trade.json,20260321_055618_KSM-USDT-SWAP_long,4.568838280647649,1
,,19.08,ошибка:_первичный_стоп_не_подтверждён_на_бирже,139,0.02200000000000024,D:\GIT\okx-trading-bot\v09x\094\094_2\logs\entry_context\20260321_054545_COMP-USDT-SWAP_long.json,0.9090909090908798,19.23,cancelled,19.23,19.186,19.186,COMP-USDT-SWAP,0.24,1.24805,5.454545,0.01,0.052002,0.227273,19.23,0.0,1.0,0.0,0.0,HEALTHY,2451.2481000000002,1274.7,Ошибка: первичный стоп не подтверждён на бирже,721.784126940461,0.004400000000000049,long,True,ACTIVE,Turtle 55,2026-03-21 05:48:05,D:\GIT\okx-trading-bot\v09x\094\094_2\logs\trade_context\20260321_054805_COMP-USDT-SWAP_long_trade.json,20260321_054545_COMP-USDT-SWAP_long,19.23,1
,,0.16524,stopout_cooldown,3041,0.00014999999999999874,D:\GIT\okx-trading-bot\v09x\094\094_2\logs\entry_context\20260321_043529_XLM-USDT-SWAP_short.json,0.46004926659922746,0.1651109926100101,cancel_error,0.16536,0.165275,0.1654109926100101,XLM-USDT-SWAP,0.00079901,0.483921,2.663358,0.00029099,0.176241,0.969975,0.16536,9.029140000011008,1.0,-17.168459999988748,-0.21844883682952074,HEALTHY,7861.356755000006,476.32,ATR стоп 2.0N,723.4895271704806,0.02999999999999975,short,True,ACTIVE,Turtle 20,2026-03-21 05:26:10,D:\GIT\okx-trading-bot\v09x\094\094_2\logs\trade_context\20260321_052610_XLM-USDT-SWAP_short_trade.json,20260321_043528_XLM-USDT-SWAP_short,0.16482,4
market_already_crossed_stop,,111.47,stopout_cooldown,1211,0.15700000000000217,D:\GIT\okx-trading-bot\v09x\094\094_2\logs\entry_context\20260321_050529_AAVE-USDT-SWAP_short.json,0.7643312101910107,111.04,cancel_error,111.33,111.309,111.35400000000001,AAVE-USDT-SWAP,0.99,0.891571,3.152866,0.13,0.117075,0.414013,111.33,0.0,1.0,-5.46939999999985,-0.26116714697405624,STOP_UNVERIFIED,2094.2144000000003,188.6,ATR стоп 2.0N,722.8851294565756,0.031400000000000435,short,False,ERROR,Turtle 20,2026-03-21 05:25:41,D:\GIT\okx-trading-bot\v09x\094\094_2\logs\trade_context\20260321_052541_AAVE-USDT-SWAP_short_trade.json,20260321_050529_AAVE-USDT-SWAP_short,111.0,1
,,471.3,канальный_выход_10_свечей,3620,0.7650000000000062,D:\GIT\okx-trading-bot\v09x\094\094_2\logs\entry_context\20260321_042036_BCH-USDT-SWAP_short.json,0.26143790849671505,471.3,cancel_error,471.4,471.3,472.83000000000004,BCH-USDT-SWAP,5.4,1.145767,3.529412,1.0,0.212179,0.653595,471.6,6.629299999999522,1.0,-12.74389999999988,-0.15373446739208188,HEALTHY,8294.489341666667,176.12,Канальный выход 10 свечей,723.1536100268764,0.15300000000000125,short,True,ACTIVE,Turtle 20,2026-03-21 05:20:56,D:\GIT\okx-trading-bot\v09x\094\094_2\logs\trade_context\20260321_052056_BCH-USDT-SWAP_short_trade.json,20260321_042036_BCH-USDT-SWAP_short,470.3,4
market_already_crossed_stop,,2.976e-05,stopout_cooldown,782,3.650000000000041e-08,D:\GIT\okx-trading-bot\v09x\094\094_2\logs\entry_context\20260321_050525_FLOKI-USDT-SWAP_short.json,1.0955061561644082,2.95200140253e-05,cancel_error,2.96e-05,2.95930140253e-05,2.95930140253e-05,FLOKI-USDT-SWAP,3.1e-07,1.050087,4.246383,2e-08,0.067798,0.274165,2.96e-05,0.0,1.0,-5.702999996110069,-0.27095507011429376,STOP_UNVERIFIED,2104.77700000389,713.0,ATR стоп 2.0N,722.8922951586577,0.0073000000000000825,short,False,ERROR,Turtle 55,2026-03-21 05:18:28,D:\GIT\okx-trading-bot\v09x\094\094_2\logs\trade_context\20260321_051828_FLOKI-USDT-SWAP_short_trade.json,20260321_050524_FLOKI-USDT-SWAP_short,2.95200140253e-05,1
,,0.3082,канальный_выход_10_свечей,6316,0.00020500000000000517,D:\GIT\okx-trading-bot\v09x\094\094_2\logs\entry_context\20260321_031520_TRX-USDT-SWAP_short.json,0.9756097560976997,0.3092,cancelled,0.3082,0.3084,0.30961,TRX-USDT-SWAP,0.0015,0.485123,3.658537,0.0013,0.42044,3.170732,0.3092,24.885000000016642,1.0,15.585000000017668,0.162856323313613,HEALTHY,9575.733750000014,31.0,Канальный выход 10 свечей,724.0167103117959,0.41000000000001036,short,True,ACTIVE,Turtle 20,2026-03-21 05:00:36,D:\GIT\okx-trading-bot\v09x\094\094_2\logs\trade_context\20260321_050036_TRX-USDT-SWAP_short_trade.json,20260321_031519_TRX-USDT-SWAP_short,0.3079,4
,,0.4657,канальный_выход_10_свечей,5107,0.0004750000000000032,D:\GIT\okx-trading-bot\v09x\094\094_2\logs\entry_context\20260321_033035_MASK-USDT-SWAP_long.json,0.0,0.462853319713994,cancelled,0.4657,0.4653,0.461903319713994,MASK-USDT-SWAP,0.00285332,0.616463,3.003494,0.00494668,1.068736,5.207032,0.4675,88.86289999999367,1.0,45.78689999999407,0.5046712475782659,HEALTHY,9066.231675000005,19580.0,Канальный выход 10 свечей,723.0107298229526,0.0009500000000000064,long,True,ACTIVE,Turtle 20,2026-03-21 04:55:42,D:\GIT\okx-trading-bot\v09x\094\094_2\logs\trade_context\20260321_045542_MASK-USDT-SWAP_long_trade.json,20260321_033035_MASK-USDT-SWAP_long,0.462853319713994,4
market_already_crossed_stop,,2.745,stopout_cooldown,1919,0.002549999999999941,D:\GIT\okx-trading-bot\v09x\094\094_2\logs\entry_context\20260321_042045_NEO-USDT-SWAP_short.json,3.5230524642290377,2.7310162162162164,cancel_error,2.732,2.7283999999999997,2.7361162162162165,NEO-USDT-SWAP,0.02698378,0.988049,5.290938,0.00801622,0.293525,1.571807,2.732,3.712000000000133,1.0,-5.906000000000251,-0.14628030437003742,STOP_UNVERIFIED,4039.679,1480.0,ATR стоп 2.0N,723.1136239517107,0.005099999999999882,short,False,ERROR,Turtle 20,2026-03-21 04:52:45,D:\GIT\okx-trading-bot\v09x\094\094_2\logs\trade_context\20260321_045245_NEO-USDT-SWAP_short_trade.json,20260321_042045_NEO-USDT-SWAP_short,2.723,2
,,18.99,ошибка:_первичный_стоп_не_подтверждён_на_бирже,105,0.026000000000000155,D:\GIT\okx-trading-bot\v09x\094\094_2\logs\entry_context\20260321_044047_COMP-USDT-SWAP_long.json,1.1538461538461906,19.17,cancelled,19.16,19.118000000000002,19.118000000000002,COMP-USDT-SWAP,0.2,1.043297,3.846154,0.01,0.052165,0.192308,19.17,0.0,1.0,-1.0011000000001566,-0.052164840897243415,HEALTHY,1919.1087000000005,1001.1,Ошибка: первичный стоп не подтверждён на бирже,723.3539157072421,0.005200000000000031,long,True,ACTIVE,Turtle 55,2026-03-21 04:42:32,D:\GIT\okx-trading-bot\v09x\094\094_2\logs\trade_context\20260321_044232_COMP-USDT-SWAP_long_trade.json,20260321_044047_COMP-USDT-SWAP_long,19.17,1
market_already_crossed_stop,,0.4013,stopout_cooldown,989,0.0007449999999999928,D:\GIT\okx-trading-bot\v09x\094\094_2\logs\entry_context\20260321_042041_XTZ-USDT-SWAP_short.json,1.6236951491479918,0.3992903471138848,cancel_error,0.3998,0.39925,0.40078034711388477,XTZ-USDT-SWAP,0.00830965,2.081105,5.576948,0.00159035,0.398293,1.067347,0.3998,5.591300000001162,1.0,-12.954199999995538,-0.3169304965073723,STOP_UNVERIFIED,4091.258200000003,10256.0,ATR стоп 2.0N,723.1268272312092,0.0014899999999999857,short,False,ERROR,Turtle 20,2026-03-21 04:37:11,D:\GIT\okx-trading-bot\v09x\094\094_2\logs\trade_context\20260321_043711_XTZ-USDT-SWAP_short_trade.json,20260321_042040_XTZ-USDT-SWAP_short,0.3977,2
,,0.1713,ошибка:_первичный_стоп_не_подтверждён_на_бирже,174,0.00012999999999999955,D:\GIT\okx-trading-bot\v09x\094\094_2\logs\entry_context\20260321_041454_THETA-USDT-SWAP_long.json,0.0,0.1721,cancelled,0.1721,0.17184,0.17184,THETA-USDT-SWAP,0.0014,0.813481,5.384615,0.0002,0.116212,0.769231,0.1721,0.0,1.0,0.0,0.0,HEALTHY,2123.714,1234.0,Ошибка: первичный стоп не подтверждён на бирже,723.3019992149947,0.002599999999999991,long,True,ACTIVE,Turtle 55,2026-03-21 04:17:48,D:\GIT\okx-trading-bot\v09x\094\094_2\logs\trade_context\20260321_041748_THETA-USDT-SWAP_long_trade.json,20260321_041454_THETA-USDT-SWAP_long,0.1721,1
,,0.2356,ошибка:_первичный_стоп_не_подтверждён_на_бирже,80,0.00017500000000000016,D:\GIT\okx-trading-bot\v09x\094\094_2\logs\entry_context\20260321_040938_CRV-USDT-SWAP_long.json,0.0,0.2362,cancelled,0.2362,0.23585,0.23585,CRV-USDT-SWAP,0.0013,0.550381,3.714286,0.001,0.42337,2.857143,0.2362,0.0,1.0,0.0,0.0,HEALTHY,2126.9809999999998,9005.0,Ошибка: первичный стоп не подтверждён на бирже,723.3334422479543,0.0003500000000000003,long,True,ACTIVE,Turtle 20,2026-03-21 04:10:58,D:\GIT\okx-trading-bot\v09x\094\094_2\logs\trade_context\20260321_041058_CRV-USDT-SWAP_long_trade.json,20260321_040938_CRV-USDT-SWAP_long,0.2362,1
,,0.2355,ошибка:_первичный_стоп_не_подтверждён_на_бирже,123,0.00017500000000000016,D:\GIT\okx-trading-bot\v09x\094\094_2\logs\entry_context\20260321_040657_CRV-USDT-SWAP_long.json,1.7142857142856824,0.2365,cancelled,0.2365,0.23615,0.23615,CRV-USDT-SWAP,0.0016,0.676533,4.571429,0.0007,0.295983,2.0,0.2365,0.0,1.0,0.0,0.0,HEALTHY,2067.7194999999997,8743.0,Ошибка: первичный стоп не подтверждён на бирже,723.3247590948154,0.0003500000000000003,long,True,ACTIVE,Turtle 20,2026-03-21 04:09:01,D:\GIT\okx-trading-bot\v09x\094\094_2\logs\trade_context\20260321_040901_CRV-USDT-SWAP_long_trade.json,20260321_040656_CRV-USDT-SWAP_long,0.2365,1
exchange_stop_place_error,,0.02295,ошибка:_первичный_стоп_не_подтверждён_на_бирже,66,1.349999999999997e-05,D:\GIT\okx-trading-bot\v09x\094\094_2\logs\entry_context\20260321_040647_LRC-USDT-SWAP_long.json,1.4392592592593243,0.02311943,cancel_skipped,0.02312,0.02309243,0.02309243,LRC-USDT-SWAP,0.00030943,1.338398,11.46037,5.7e-07,0.002465,0.021111,0.02311943,0.0,1.0,0.022800000000072762,0.002465458707251083,STOP_UNVERIFIED,924.7772,4000.0,Ошибка: первичный стоп не подтверждён на бирже,723.3333947311934,0.0002699999999999994,long,False,ERROR,Turtle 55,2026-03-21 04:07:53,D:\GIT\okx-trading-bot\v09x\094\094_2\logs\trade_context\20260321_040753_LRC-USDT-SWAP_long_trade.json,20260321_040647_LRC-USDT-SWAP_long,0.02311943,1
,,3.081,ошибка:_первичный_стоп_не_подтверждён_на_бирже,80,0.002149999999999963,D:\GIT\okx-trading-bot\v09x\094\094_2\logs\entry_context\20260321_040449_INJ-USDT-SWAP_long.json,3.7209302325582065,3.095,cancel_error,3.095,3.0907000000000004,3.0907000000000004,INJ-USDT-SWAP,0.023,0.743134,5.348837,0.015,0.484653,3.488372,3.095,0.0,1.0,0.0,0.0,HEALTHY,2105.5285,6803.0,Ошибка: первичный стоп не подтверждён на бирже,723.4217688929941,0.00042999999999999267,long,True,ACTIVE,Turtle 20,2026-03-21 04:06:09,D:\GIT\okx-trading-bot\v09x\094\094_2\logs\trade_context\20260321_040609_INJ-USDT-SWAP_long_trade.json,20260321_040448_INJ-USDT-SWAP_long,3.095,1
,,3.081,ошибка:_первичный_стоп_не_подтверждён_на_бирже,80,0.002149999999999963,D:\GIT\okx-trading-bot\v09x\094\094_2\logs\entry_context\20260321_040253_INJ-USDT-SWAP_long.json,4.18604651162793,3.096,cancelled,3.096,3.0917000000000003,3.0917000000000003,INJ-USDT-SWAP,0.024,0.775194,5.581395,0.014,0.452196,3.255814,3.096,0.0,1.0,0.0,0.0,HEALTHY,2106.2088,6803.0,Ошибка: первичный стоп не подтверждён на бирже,723.2739682406915,0.00042999999999999267,long,True,ACTIVE,Turtle 20,2026-03-21 04:04:14,D:\GIT\okx-trading-bot\v09x\094\094_2\logs\trade_context\20260321_040414_INJ-USDT-SWAP_long_trade.json,20260321_040253_INJ-USDT-SWAP_long,3.096,1
,,3.081,ошибка:_первичный_стоп_не_подтверждён_на_бирже,105,0.002149999999999963,D:\GIT\okx-trading-bot\v09x\094\094_2\logs\entry_context\20260321_040031_INJ-USDT-SWAP_long.json,1.9464105156724016,3.091184782608696,cancelled,3.092,3.086884782608696,3.086884782608696,INJ-USDT-SWAP,0.01918478,0.620629,4.461577,0.01881522,0.608673,4.375632,3.091184782608696,0.0,1.0,0.5549999999999685,0.026372328043628882,HEALTHY,2104.4786,6808.0,Ошибка: первичный стоп не подтверждён на бирже,723.2224750821186,0.00042999999999999267,long,True,ACTIVE,Turtle 20,2026-03-21 04:02:17,D:\GIT\okx-trading-bot\v09x\094\094_2\logs\trade_context\20260321_040217_INJ-USDT-SWAP_long_trade.json,20260321_040030_INJ-USDT-SWAP_long,3.091184782608696,1
market_already_crossed_stop,,470.8,stopout_cooldown,1299,0.7049999999999954,D:\GIT\okx-trading-bot\v09x\094\094_2\logs\entry_context\20260321_031030_BCH-USDT-SWAP_long.json,0.8510638297872718,475.1,cancel_error,474.9,474.98,473.69000000000005,BCH-USDT-SWAP,8.9,1.87329,6.312057,1.6,0.336771,1.134752,476.6,7.660500000000001,1.0,-9.674700000000144,-0.19905547869821508,STOP_UNVERIFIED,4856.487349999999,102.14,ATR стоп 2.0N,723.9587910668353,0.1409999999999991,long,False,ERROR,Turtle 55,2026-03-21 03:32:10,D:\GIT\okx-trading-bot\v09x\094\094_2\logs\trade_context\20260321_033210_BCH-USDT-SWAP_long_trade.json,20260321_031029_BCH-USDT-SWAP_long,474.4,2
,,18.97,ошибка:_первичный_стоп_не_подтверждён_на_бирже,144,0.01600000000000019,D:\GIT\okx-trading-bot\v09x\094\094_2\logs\entry_context\20260321_032748_COMP-USDT-SWAP_long.json,3.7500000000000973,19.1,cancelled,19.12,19.068,19.068,COMP-USDT-SWAP,0.24,1.256545,7.5,0.02,0.104712,0.625,19.1,0.0,1.0,2.3511999999999498,0.1047120418848145,HEALTHY,2245.396,1175.6,Ошибка: первичный стоп не подтверждён на бирже,723.264201752161,0.0032000000000000383,long,True,ACTIVE,Turtle 55,2026-03-21 03:30:12,D:\GIT\okx-trading-bot\v09x\094\094_2\logs\trade_context\20260321_033012_COMP-USDT-SWAP_long_trade.json,20260321_032747_COMP-USDT-SWAP_long,19.1,1
,,18.97,ошибка:_первичный_стоп_не_подтверждён_на_бирже,80,0.01600000000000019,D:\GIT\okx-trading-bot\v09x\094\094_2\logs\entry_context\20260321_032554_COMP-USDT-SWAP_long.json,3.125000000000007,19.09,cancelled,19.09,19.058,19.058,COMP-USDT-SWAP,0.23,1.204819,7.1875,0.0,0.0,0.0,19.09,0.0,1.0,0.0,0.0,HEALTHY,2286.4093000000003,1197.7,Ошибка: первичный стоп не подтверждён на бирже,723.3646965872899,0.0032000000000000383,long,True,ACTIVE,Turtle 55,2026-03-21 03:27:14,D:\GIT\okx-trading-bot\v09x\094\094_2\logs\trade_context\20260321_032714_COMP-USDT-SWAP_long_trade.json,20260321_032554_COMP-USDT-SWAP_long,19.09,1
market_already_crossed_stop,,371.65,ошибка:_первичный_стоп_не_подтверждён_на_бирже,58,0.1839999999999918,D:\GIT\okx-trading-bot\v09x\094\094_2\logs\entry_context\20260321_032011_TSLA-USDT-SWAP_long.json,11.101778656127074,374.7227272727273,cancel_skipped,372.99,374.3547272727273,374.3547272727273,TSLA-USDT-SWAP,8.81272727,2.3518,23.947628,6.22727273,1.661835,16.921937,374.7227272727273,0.0,1.0,-1.334200000000012,-0.46240250366938385,STOP_UNVERIFIED,288.53650000000005,77.0,Ошибка: первичный стоп не подтверждён на бирже,724.2727815407235,0.003679999999999836,long,False,ERROR,Turtle 20,2026-03-21 03:21:09,D:\GIT\okx-trading-bot\v09x\094\094_2\logs\trade_context\20260321_032109_TSLA-USDT-SWAP_long_trade.json,20260321_032011_TSLA-USDT-SWAP_long,374.7227272727273,1
,,0.31,stopout_cooldown,352,0.00018000000000001072,D:\GIT\okx-trading-bot\v09x\094\094_2\logs\entry_context\20260321_030017_TRX-USDT-SWAP_short.json,1.1111111111109226,0.3094,cancel_error,0.3099,0.30976000000000004,0.30976000000000004,TRX-USDT-SWAP,0.0013,0.420168,3.611111,0.0002,0.064641,0.555556,0.3099,0.0,1.0,-3.9200000000000035,-0.16160310277957352,HEALTHY,2425.696,7.84,ATR стоп 2.0N,724.0420368177989,0.3600000000000214,short,True,ACTIVE,Turtle 20,2026-03-21 03:06:09,D:\GIT\okx-trading-bot\v09x\094\094_2\logs\trade_context\20260321_030609_TRX-USDT-SWAP_short_trade.json,20260321_030016_TRX-USDT-SWAP_short,0.3094,1
,,0.1243,stopout_cooldown,1399,0.0002500000000000002,D:\GIT\okx-trading-bot\v09x\094\094_2\logs\entry_context\20260321_021036_OP-USDT-SWAP_short.json,1.7341095676595681,0.1233664726080851,cancel_error,0.1238,0.12366,0.1238664726080851,OP-USDT-SWAP,0.00203353,1.648363,4.067055,0.00106647,0.864475,2.132945,0.1238,0.0,1.0,-8.332829999996147,-0.3514142722489418,HEALTHY,2371.226970000004,19221.0,ATR стоп 2.0N,726.5442164050736,0.0005000000000000004,short,True,ACTIVE,Turtle 20,2026-03-21 02:33:55,D:\GIT\okx-trading-bot\v09x\094\094_2\logs\trade_context\20260321_023355_OP-USDT-SWAP_short_trade.json,20260321_021036_OP-USDT-SWAP_short,0.1233,1
market_already_crossed_stop,,1.129,stopout_cooldown,409,0.004599999999999993,D:\GIT\okx-trading-bot\v09x\094\094_2\logs\entry_context\20260321_021028_LIT-USDT-SWAP_short.json,1.7391304347826129,1.08,cancel_error,1.098,1.0892,1.0892,LIT-USDT-SWAP,0.065,6.018519,7.065217,0.012,1.111111,1.304348,1.098,26.760000000000023,1.0,-109.27000000000085,-2.2822543083372326,STOP_UNVERIFIED,4802.305,446.0,ATR стоп 2.0N,726.6159760028104,0.09199999999999986,short,False,ERROR,Turtle 55,2026-03-21 02:17:18,D:\GIT\okx-trading-bot\v09x\094\094_2\logs\trade_context\20260321_021718_LIT-USDT-SWAP_short_trade.json,20260321_021027_LIT-USDT-SWAP_short,1.067,2
,,1.518,ошибка:_первичный_стоп_не_подтверждён_на_бирже,145,0.0019499999999999962,D:\GIT\okx-trading-bot\v09x\094\094_2\logs\entry_context\20260321_021041_DOT-USDT-SWAP_short.json,1.538461538461486,1.506,cancelled,1.506,1.5099,1.5099,DOT-USDT-SWAP,0.015,0.996016,3.846154,0.009,0.59761,2.307692,1.506,0.0,1.0,0.0,0.0,HEALTHY,2357.4924,1565.4,Ошибка: первичный стоп не подтверждён на бирже,726.4692476188503,0.0038999999999999924,short,True,ACTIVE,Turtle 20,2026-03-21 02:13:06,D:\GIT\okx-trading-bot\v09x\094\094_2\logs\trade_context\20260321_021306_DOT-USDT-SWAP_short_trade.json,20260321_021041_DOT-USDT-SWAP_short,1.506,1
,,0.1029,ошибка:_первичный_стоп_не_подтверждён_на_бирже,86,0.00029000000000000065,D:\GIT\okx-trading-bot\v09x\094\094_2\logs\entry_context\20260321_021032_ENA-USDT-SWAP_short.json,1.077146375790699,0.1014876275510207,cancelled,0.1016,0.1020676275510207,0.1020676275510207,ENA-USDT-SWAP,0.00211237,2.081409,3.642021,0.00098763,0.973151,1.702806,0.1014876275510207,0.0,1.0,-2.642999999993081,-0.11072526936626326,HEALTHY,2386.989000000007,2352.0,Ошибка: первичный стоп не подтверждён на бирже,726.5974781156178,0.0058000000000000135,short,True,ACTIVE,Turtle 20,2026-03-21 02:11:58,D:\GIT\okx-trading-bot\v09x\094\094_2\logs\trade_context\20260321_021158_ENA-USDT-SWAP_short_trade.json,20260321_021032_ENA-USDT-SWAP_short,0.1014876275510207,1
,,0.1519,stopout_cooldown,674,0.00014999999999999874,D:\GIT\okx-trading-bot\v09x\094\094_2\logs\entry_context\20260321_015341_MET-USDT-SWAP_long.json,0.0,0.1528,cancel_error,0.1525,0.1525,0.1525,MET-USDT-SWAP,0.0016,1.04712,5.333333,0.0003,0.196335,1.0,0.1528,0.0,1.0,-8.195999999999856,-0.19633507853402793,HEALTHY,4174.496,2732.0,ATR стоп 2.0N,728.7340476286247,0.002999999999999975,long,True,ACTIVE,Turtle 55,2026-03-21 02:04:56,D:\GIT\okx-trading-bot\v09x\094\094_2\logs\trade_context\20260321_020456_MET-USDT-SWAP_long_trade.json,20260321_015341_MET-USDT-SWAP_long,0.1525,2
market_already_crossed_stop,,472.2,канальный_выход_10_свечей,6178,0.5899999999999949,D:\GIT\okx-trading-bot\v09x\094\094_2\logs\entry_context\20260321_002151_BCH-USDT-SWAP_long.json,1.1864406779660928,469.2,cancel_error,472.2,472.2,468.02,BCH-USDT-SWAP,4.8,1.023018,4.067797,4.6,0.980392,3.898305,473.8,72.20680000000011,1.0,44.63080000000011,0.5167818511041902,STOP_UNVERIFIED,8631.297366666668,183.84,Канальный выход 10 свечей,733.3442410442821,0.11799999999999898,long,False,ERROR,Turtle 20,2026-03-21 02:04:50,D:\GIT\okx-trading-bot\v09x\094\094_2\logs\trade_context\20260321_020450_BCH-USDT-SWAP_long_trade.json,20260321_002150_BCH-USDT-SWAP_long,468.3,4
market_already_crossed_stop,,642.9,канальный_выход_10_свечей,6071,0.9549999999999954,D:\GIT\okx-trading-bot\v09x\094\094_2\logs\entry_context\20260321_002208_BNB-USDT-SWAP_long.json,1.6753926701569808,641.8,cancel_error,642.7,642.9,639.89,BNB-USDT-SWAP,5.8,0.903708,3.036649,2.2,0.342786,1.151832,644.0,6.884999999999447,1.0,-8.731999999999426,-0.10570148892385213,STOP_UNVERIFIED,8253.44,1284.0,Канальный выход 10 свечей,733.2870128749367,0.01909999999999991,long,False,ERROR,Turtle 20,2026-03-21 02:03:20,D:\GIT\okx-trading-bot\v09x\094\094_2\logs\trade_context\20260321_020320_BNB-USDT-SWAP_long_trade.json,20260321_002207_BNB-USDT-SWAP_long,640.6,4
market_already_crossed_stop,,0.96171,stopout_cooldown,3410,0.0022315000000000087,D:\GIT\okx-trading-bot\v09x\094\094_2\logs\entry_context\20260321_010534_SUI-USDT-SWAP_long.json,1.4340129957427596,0.9705,cancel_error,0.9661,0.966732,0.966037,SUI-USDT-SWAP,0.02182,2.248326,4.889088,0.00029,0.029882,0.064979,0.97079,0.0,1.0,-10.03200000000016,-0.4533745492014497,STOP_UNVERIFIED,2212.7400000000002,2280.0,ATR стоп 2.0N,731.7819753343182,0.004463000000000017,long,False,ERROR,Turtle 55,2026-03-21 02:02:24,D:\GIT\okx-trading-bot\v09x\094\094_2\logs\trade_context\20260321_020224_SUI-USDT-SWAP_long_trade.json,20260321_010534_SUI-USDT-SWAP_long,0.9661,1
,,0.2798,stopout_cooldown,1800,0.0006399999999999961,D:\GIT\okx-trading-bot\v09x\094\094_2\logs\entry_context\20260321_013014_LQTY-USDT-SWAP_long.json,0.6633918991418406,0.2815245708154508,cancel_error,0.28,0.2803645708154508,0.2802445708154508,LQTY-USDT-SWAP,0.00502457,1.784772,3.925446,0.00057543,0.204397,0.449554,0.2815245708154508,0.0,1.0,-10.940930000000872,-0.5415409429574,HEALTHY,2020.332930000001,7176.4,ATR стоп 2.0N,728.7431578977245,0.0012799999999999923,long,True,ACTIVE,Turtle 20,2026-03-21 02:00:14,D:\GIT\okx-trading-bot\v09x\094\094_2\logs\trade_context\20260321_020014_LQTY-USDT-SWAP_long_trade.json,20260321_013013_LQTY-USDT-SWAP_long,0.28,1
,,0.02303,ошибка:_первичный_стоп_не_подтверждён_на_бирже,63,3.299999999999952e-05,D:\GIT\okx-trading-bot\v09x\094\094_2\logs\entry_context\20260321_015336_LRC-USDT-SWAP_short.json,0.30303030303040024,0.02286,cancel_error,0.02291,0.022926,0.022926,LRC-USDT-SWAP,0.00045,1.968504,6.818182,5e-05,0.218723,0.757576,0.02286,0.0,1.0,-2.0000000000000573,-0.2187226596675478,HEALTHY,914.4,4000.0,Ошибка: первичный стоп не подтверждён на бирже,728.7593021841489,0.0006599999999999905,short,True,ACTIVE,Turtle 55,2026-03-21 01:54:40,D:\GIT\okx-trading-bot\v09x\094\094_2\logs\trade_context\20260321_015440_LRC-USDT-SWAP_short_trade.json,20260321_015335_LRC-USDT-SWAP_short,0.02286,1
,,0.02303,ошибка:_первичный_стоп_не_подтверждён_на_бирже,94,3.299999999999952e-05,D:\GIT\okx-trading-bot\v09x\094\094_2\logs\entry_context\20260321_015126_LRC-USDT-SWAP_short.json,0.6060606060606953,0.02285,cancelled,0.02285,0.022916,0.022916,LRC-USDT-SWAP,0.00046,2.013129,6.969697,4e-05,0.175055,0.606061,0.02285,0.0,1.0,0.0,0.0,HEALTHY,913.9999999999999,4000.0,Ошибка: первичный стоп не подтверждён на бирже,728.9223004697288,0.0006599999999999905,short,True,ACTIVE,Turtle 55,2026-03-21 01:53:00,D:\GIT\okx-trading-bot\v09x\094\094_2\logs\trade_context\20260321_015300_LRC-USDT-SWAP_short_trade.json,20260321_015125_LRC-USDT-SWAP_short,0.02285,1
market_already_crossed_stop,,0.1517,stopout_cooldown,111,0.00014999999999999874,D:\GIT\okx-trading-bot\v09x\094\094_2\logs\entry_context\20260321_015007_MET-USDT-SWAP_long.json,2.0000000000001665,0.1531,cancel_error,0.1528,0.15280000000000002,0.15280000000000002,MET-USDT-SWAP,0.0019,1.241019,6.333333,0.0,0.0,0.0,0.1531,0.0,1.0,-4.098000000000307,-0.19595035924234,STOP_UNVERIFIED,2091.346,1366.0,ATR стоп 2.0N,728.9548466605489,0.002999999999999975,long,False,ERROR,Turtle 55,2026-03-21 01:51:58,D:\GIT\okx-trading-bot\v09x\094\094_2\logs\trade_context\20260321_015158_MET-USDT-SWAP_long_trade.json,20260321_015006_MET-USDT-SWAP_long,0.1528,1
,,0.5628,stopout_cooldown,972,0.0021550000000000124,D:\GIT\okx-trading-bot\v09x\094\094_2\logs\entry_context\20260321_012601_ETHFI-USDT-SWAP_long.json,0.0,0.5776881586402267,cancel_error,0.5731,0.5733781586402267,0.5733781586402267,ETHFI-USDT-SWAP,0.02048816,3.546578,4.753633,0.00201184,0.348257,0.466785,0.5777,0.0,1.0,-16.196200000000104,-0.7942275727143782,HEALTHY,2039.2392000000002,3530.0,ATR стоп 2.0N,729.01095306203,0.004310000000000025,long,True,ACTIVE,Turtle 55,2026-03-21 01:42:13,D:\GIT\okx-trading-bot\v09x\094\094_2\logs\trade_context\20260321_014213_ETHFI-USDT-SWAP_long_trade.json,20260321_012600_ETHFI-USDT-SWAP_long,0.5731,1
,,0.1515,ошибка:_первичный_стоп_не_подтверждён_на_бирже,62,0.00013000000000000094,D:\GIT\okx-trading-bot\v09x\094\094_2\logs\entry_context\20260321_013514_MET-USDT-SWAP_long.json,0.769230769230679,0.1527,cancelled,0.1527,0.15244,0.15244,MET-USDT-SWAP,0.0015,0.982318,5.769231,0.0,0.0,0.0,0.1527,0.0,1.0,0.0,0.0,HEALTHY,2041.599,1337.0,Ошибка: первичный стоп не подтверждён на бирже,728.5937043327165,0.002600000000000019,long,True,ACTIVE,Turtle 55,2026-03-21 01:36:16,D:\GIT\okx-trading-bot\v09x\094\094_2\logs\trade_context\20260321_013616_MET-USDT-SWAP_long_trade.json,20260321_013514_MET-USDT-SWAP_long,0.1527,1
market_already_crossed_stop,,55.51,stopout_cooldown,1266,0.07300000000000076,D:\GIT\okx-trading-bot\v09x\094\094_2\logs\entry_context\20260321_010526_LTC-USDT-SWAP_long.json,2.876712328767105,56.38,cancel_error,56.24,56.254,56.234,LTC-USDT-SWAP,1.08,1.915573,7.39726,0.03,0.05321,0.205479,56.41,0.40199999999992,1.0,-5.628000000000023,-0.24831500532103684,STOP_UNVERIFIED,2266.476,40.2,ATR стоп 2.0N,731.7848623200275,0.14600000000000152,long,False,ERROR,Turtle 55,2026-03-21 01:26:32,D:\GIT\okx-trading-bot\v09x\094\094_2\logs\trade_context\20260321_012632_LTC-USDT-SWAP_long_trade.json,20260321_010525_LTC-USDT-SWAP_long,56.24,1
,,0.2183,ошибка:_первичный_стоп_не_подтверждён_на_бирже,94,0.00040000000000000034,D:\GIT\okx-trading-bot\v09x\094\094_2\logs\entry_context\20260321_012411_BAND-USDT-SWAP_long.json,0.0,0.2223655255600231,cancelled,0.2222,0.2215655255600231,0.2215655255600231,BAND-USDT-SWAP,0.00496553,2.233046,6.206907,0.00103447,0.465213,1.293093,0.2223655255600231,0.0,1.0,-1.4409000000009389,-0.07443849922608749,HEALTHY,1935.691900000001,8705.0,Ошибка: первичный стоп не подтверждён на бирже,729.2460922238643,0.0008000000000000007,long,True,ACTIVE,Turtle 55,2026-03-21 01:25:46,D:\GIT\okx-trading-bot\v09x\094\094_2\logs\trade_context\20260321_012546_BAND-USDT-SWAP_long_trade.json,20260321_012411_BAND-USDT-SWAP_long,0.2223655255600231,1
,,0.2181,ошибка:_первичный_стоп_не_подтверждён_на_бирже,94,0.00040000000000000034,D:\GIT\okx-trading-bot\v09x\094\094_2\logs\entry_context\20260321_012222_BAND-USDT-SWAP_long.json,0.0,0.2225914771422008,cancelled,0.2223,0.2217914771422008,0.2217914771422008,BAND-USDT-SWAP,0.00519148,2.332289,6.489346,0.00080852,0.363232,1.010654,0.2225914771422008,0.0,1.0,-2.5376000000000873,-0.13094712607283848,HEALTHY,1937.8814,8706.0,Ошибка: первичный стоп не подтверждён на бирже,729.5738415092358,0.0008000000000000007,long,True,ACTIVE,Turtle 55,2026-03-21 01:23:56,D:\GIT\okx-trading-bot\v09x\094\094_2\logs\trade_context\20260321_012356_BAND-USDT-SWAP_long_trade.json,20260321_012222_BAND-USDT-SWAP_long,0.2225914771422008,1
,,18.82,ошибка:_первичный_стоп_не_подтверждён_на_бирже,109,0.027000000000000135,D:\GIT\okx-trading-bot\v09x\094\094_2\logs\entry_context\20260321_012016_COMP-USDT-SWAP_long.json,0.7407407407407213,19.04,cancelled,19.03,18.985999999999997,18.985999999999997,COMP-USDT-SWAP,0.25,1.313025,4.62963,0.0,0.0,0.0,19.04,0.0,1.0,-1.0486999999997915,-0.0525210084033509,HEALTHY,1996.7248,1048.7,Ошибка: первичный стоп не подтверждён на бирже,730.1958707833687,0.005400000000000027,long,True,ACTIVE,Turtle 55,2026-03-21 01:22:05,D:\GIT\okx-trading-bot\v09x\094\094_2\logs\trade_context\20260321_012205_COMP-USDT-SWAP_long_trade.json,20260321_012016_COMP-USDT-SWAP_long,19.04,1
,,1.509,ошибка:_первичный_стоп_не_подтверждён_на_бирже,342,0.0021499999999999965,D:\GIT\okx-trading-bot\v09x\094\094_2\logs\entry_context\20260321_010600_DOT-USDT-SWAP_long.json,1.8604651162790744,1.519,cancelled,1.519,1.5147,1.5147,DOT-USDT-SWAP,0.023,1.514154,5.348837,0.002,0.131666,0.465116,1.519,0.0,1.0,0.0,0.0,HEALTHY,2057.1816999999996,1354.3,Ошибка: первичный стоп не подтверждён на бирже,730.9870715228924,0.004299999999999993,long,True,ACTIVE,Turtle 20,2026-03-21 01:11:42,D:\GIT\okx-trading-bot\v09x\094\094_2\logs\trade_context\20260321_011142_DOT-USDT-SWAP_long_trade.json,20260321_010559_DOT-USDT-SWAP_long,1.519,1
,,0.1626,ошибка:_первичный_стоп_не_подтверждён_на_бирже,284,0.0003250000000000003,D:\GIT\okx-trading-bot\v09x\094\094_2\logs\entry_context\20260321_010551_IMX-USDT-SWAP_long.json,3.1995479268214875,0.164239853076217,cancelled,0.164,0.16358985307621698,0.16358985307621698,IMX-USDT-SWAP,0.00333985,2.033522,5.138236,6.015e-05,0.036621,0.092534,0.164239853076217,0.0,1.0,-3.1344000000036156,-0.1460382920007139,HEALTHY,2146.2864000000036,13068.0,Ошибка: первичный стоп не подтверждён на бирже,731.6857120190191,0.0006500000000000006,long,True,ACTIVE,Turtle 20,2026-03-21 01:10:35,D:\GIT\okx-trading-bot\v09x\094\094_2\logs\trade_context\20260321_011035_IMX-USDT-SWAP_long_trade.json,20260321_010551_IMX-USDT-SWAP_long,0.164239853076217,1
exchange_stop_place_error,,0.0813,ошибка:_первичный_стоп_не_подтверждён_на_бирже,227,0.00010000000000000009,D:\GIT\okx-trading-bot\v09x\094\094_2\logs\entry_context\20260321_010547_SAND-USDT-SWAP_long.json,6.533002670736915,0.0826533002670737,cancel_skipped,0.0827,0.08245330026707369,0.08245330026707369,SAND-USDT-SWAP,0.0016533,2.000283,8.266501,0.0,0.0,0.0,0.0826533002670737,0.0,1.0,1.2239999999983295,0.05650074803474467,STOP_UNVERIFIED,2166.3430000000017,2621.0,Ошибка: первичный стоп не подтверждён на бирже,731.705066324037,0.0020000000000000018,long,False,ERROR,Turtle 20,2026-03-21 01:09:34,D:\GIT\okx-trading-bot\v09x\094\094_2\logs\trade_context\20260321_010934_SAND-USDT-SWAP_long_trade.json,20260321_010546_SAND-USDT-SWAP_long,0.0826533002670737,1
,,0.1005,ошибка:_первичный_стоп_не_подтверждён_на_бирже,184,0.0002800000000000004,D:\GIT\okx-trading-bot\v09x\094\094_2\logs\entry_context\20260321_010522_ENA-USDT-SWAP_long.json,2.9676293855407034,0.1035309362279514,cancelled,0.1032,0.10297093622795139,0.10297093622795139,ENA-USDT-SWAP,0.00323094,3.120745,5.769529,0.0,0.0,0.0,0.1035309362279514,0.0,1.0,-7.317000000005405,-0.3196496042716662,HEALTHY,2289.0690000000054,2211.0,Ошибка: первичный стоп не подтверждён на бирже,731.8846200500461,0.005600000000000008,long,True,ACTIVE,Turtle 55,2026-03-21 01:08:27,D:\GIT\okx-trading-bot\v09x\094\094_2\logs\trade_context\20260321_010827_ENA-USDT-SWAP_long_trade.json,20260321_010521_ENA-USDT-SWAP_long,0.1035309362279514,1
,,0.0922,ошибка:_первичный_стоп_не_подтверждён_на_бирже,127,0.00011999999999999996,D:\GIT\okx-trading-bot\v09x\094\094_2\logs\entry_context\20260321_010518_HBAR-USDT-SWAP_long.json,4.666666666667519,0.0938600000000001,cancel_error,0.0937,0.09362000000000009,0.09362000000000009,HBAR-USDT-SWAP,0.00166,1.768592,6.916667,0.0,0.0,0.0,0.0938600000000001,0.0,1.0,-3.928000000002225,-0.17046665246120868,HEALTHY,2304.263000000002,245.5,Ошибка: первичный стоп не подтверждён на бирже,731.9253177676709,0.023999999999999994,long,True,ACTIVE,Turtle 55,2026-03-21 01:07:25,D:\GIT\okx-trading-bot\v09x\094\094_2\logs\trade_context\20260321_010725_HBAR-USDT-SWAP_long_trade.json,20260321_010517_HBAR-USDT-SWAP_long,0.0938600000000001,1
,,0.09335,stopout_cooldown,1244,0.00018750000000000293,D:\GIT\okx-trading-bot\v09x\094\094_2\logs\entry_context\20260321_002159_DOGE-USDT-SWAP_long.json,2.6666666666666274,0.0942,cancel_error,0.09395,0.09396499999999999,0.093825,DOGE-USDT-SWAP,0.00125,1.326964,3.333333,0.00015,0.159236,0.4,0.0943,3.5759999999998544,1.0,-13.409999999999764,-0.3183023872678989,HEALTHY,4211.8575,44.7,ATR стоп 2.0N,733.3258625216157,0.3750000000000059,long,True,ACTIVE,Turtle 20,2026-03-21 00:42:43,D:\GIT\okx-trading-bot\v09x\094\094_2\logs\trade_context\20260321_004243_DOGE-USDT-SWAP_long_trade.json,20260321_002159_DOGE-USDT-SWAP_long,0.09395,2
market_already_crossed_stop,,2.471,stopout_cooldown,210,0.004700000000000015,D:\GIT\okx-trading-bot\v09x\094\094_2\logs\entry_context\20260321_003807_ICP-USDT-SWAP_long.json,2.3395934258264814,2.5119960891013844,cancel_error,2.5,2.5025960891013845,2.5025960891013845,ICP-USDT-SWAP,0.04599609,1.831057,4.893201,0.00300391,0.119583,0.319565,2.5119960891013844,0.0,1.0,-9.152967999999884,-0.4775520612245756,STOP_UNVERIFIED,1916.642968,76299.6,ATR стоп 2.0N,732.9402194747221,9.40000000000003e-05,long,False,ERROR,Turtle 20,2026-03-21 00:41:38,D:\GIT\okx-trading-bot\v09x\094\094_2\logs\trade_context\20260321_004138_ICP-USDT-SWAP_long_trade.json,20260321_003807_ICP-USDT-SWAP_long,2.5,1
market_already_crossed_stop,,2.945e-05,stopout_cooldown,869,6.050000000000002e-08,D:\GIT\okx-trading-bot\v09x\094\094_2\logs\entry_context\20260321_002701_FLOKI-USDT-SWAP_long.json,1.1570247933884463,2.97e-05,cancel_error,2.971e-05,2.9721e-05,2.9579e-05,FLOKI-USDT-SWAP,3.8e-07,1.279461,3.140496,2.8e-07,0.942761,2.31405,2.984e-05,11.836999920960107,1.0,-14.839000079039984,-0.24281126449946935,STOP_UNVERIFIED,6103.385833378679,2052.0,ATR стоп 2.0N,732.610746691021,0.012100000000000003,long,False,ERROR,Turtle 20,2026-03-21 00:41:31,D:\GIT\okx-trading-bot\v09x\094\094_2\logs\trade_context\20260321_004131_FLOKI-USDT-SWAP_long_trade.json,20260321_002701_FLOKI-USDT-SWAP_long,2.97e-05,3
,,18.86,ошибка:_первичный_стоп_не_подтверждён_на_бирже,116,0.022499999999999788,D:\GIT\okx-trading-bot\v09x\094\094_2\logs\entry_context\20260321_003812_COMP-USDT-SWAP_long.json,2.2222222222222747,19.01,cancel_error,18.97,18.965000000000003,18.965000000000003,COMP-USDT-SWAP,0.22,1.157286,4.888889,0.0,0.0,0.0,19.01,0.0,1.0,-4.046800000000274,-0.21041557075224987,HEALTHY,1923.2417000000003,1011.7,Ошибка: первичный стоп не подтверждён на бирже,732.886614203101,0.004499999999999958,long,True,ACTIVE,Turtle 20,2026-03-21 00:40:08,D:\GIT\okx-trading-bot\v09x\094\094_2\logs\trade_context\20260321_004008_COMP-USDT-SWAP_long_trade.json,20260321_003812_COMP-USDT-SWAP_long,19.01,1
,,0.12261,ошибка:_первичный_стоп_не_подтверждён_на_бирже,97,0.00017500000000000016,D:\GIT\okx-trading-bot\v09x\094\094_2\logs\entry_context\20260321_003804_OP-USDT-SWAP_long.json,4.971890384135983,0.1248700808172238,cancel_error,0.1242,0.1245200808172238,0.1245200808172238,OP-USDT-SWAP,0.00257008,2.058204,7.343088,0.0,0.0,0.0,0.1248700808172238,0.0,1.0,-10.364140000000392,-0.5366223941222639,HEALTHY,1931.3655400000005,15467.0,Ошибка: первичный стоп не подтверждён на бирже,733.0114163753947,0.0003500000000000003,long,True,ACTIVE,Turtle 20,2026-03-21 00:39:42,D:\GIT\okx-trading-bot\v09x\094\094_2\logs\trade_context\20260321_003942_OP-USDT-SWAP_long_trade.json,20260321_003804_OP-USDT-SWAP_long,0.1248700808172238,1
,,109.78,rotation_block,996,0.1905000000000001,D:\GIT\okx-trading-bot\v09x\094\094_2\logs\entry_context\20260321_002134_AAVE-USDT-SWAP_long.json,2.9921259842519308,111.22,cancelled,111.17,110.839,110.839,AAVE-USDT-SWAP,1.76,1.582449,4.619423,0.0,0.0,0.0,111.22,0.0,1.0,-1.017999999999942,-0.04495594317568526,HEALTHY,2264.4392000000003,203.6,Ротация под новый сигнал COMP-USDT-SWAP,733.4971761927808,0.03810000000000002,long,True,ACTIVE,Turtle 55,2026-03-21 00:38:10,D:\GIT\okx-trading-bot\v09x\094\094_2\logs\trade_context\20260321_003810_AAVE-USDT-SWAP_long_trade.json,20260321_002134_AAVE-USDT-SWAP_long,111.03,1
market_already_crossed_stop,,0.3972,stopout_cooldown,665,0.0010749999999999983,D:\GIT\okx-trading-bot\v09x\094\094_2\logs\entry_context\20260321_002142_XTZ-USDT-SWAP_long.json,3.6985532097310947,0.4071759447004609,cancel_skipped,0.4042,0.40502594470046094,0.40502594470046094,XTZ-USDT-SWAP,0.01237594,3.039459,5.756253,0.00172406,0.423418,0.801886,0.4089,8.267999999999534,1.0,-16.144500000000487,-0.7308743896082008,STOP_UNVERIFIED,2208.9295000000006,5425.0,ATR стоп 2.0N,733.4358731910262,0.0021499999999999965,long,False,ERROR,Turtle 55,2026-03-21 00:32:48,D:\GIT\okx-trading-bot\v09x\094\094_2\logs\trade_context\20260321_003248_XTZ-USDT-SWAP_long_trade.json,20260321_002142_XTZ-USDT-SWAP_long,0.4042,1
,,0.0752,ошибка:_первичный_стоп_не_подтверждён_на_бирже,256,0.00012000000000000205,D:\GIT\okx-trading-bot\v09x\094\094_2\logs\entry_context\20260321_002217_2Z-USDT-SWAP_long.json,1.7359050445149273,0.0759083086053418,cancelled,0.0758,0.0756683086053418,0.0756683086053418,2Z-USDT-SWAP,0.00080831,1.064849,3.367953,0.00019169,0.25253,0.798714,0.0759083086053418,0.0,1.0,-2.9200000000147117,-0.14268346552800162,HEALTHY,2046.488000000015,2696.0,Ошибка: первичный стоп не подтверждён на бирже,733.1007985611244,0.002400000000000041,long,True,ACTIVE,Turtle 20,2026-03-21 00:26:33,D:\GIT\okx-trading-bot\v09x\094\094_2\logs\trade_context\20260321_002633_2Z-USDT-SWAP_long_trade.json,20260321_002217_2Z-USDT-SWAP_long,0.0759083086053418,1
,,18.81,ошибка:_первичный_стоп_не_подтверждён_на_бирже,199,0.02099999999999973,D:\GIT\okx-trading-bot\v09x\094\094_2\logs\entry_context\20260321_002212_COMP-USDT-SWAP_long.json,2.857142857143002,18.96,cancelled,18.95,18.918000000000003,18.918000000000003,COMP-USDT-SWAP,0.17,0.896624,4.047619,0.05,0.263713,1.190476,18.96,0.0,1.0,-1.0790000000001687,-0.05274261603376352,HEALTHY,2045.784,1079.0,Ошибка: первичный стоп не подтверждён на бирже,733.1925946115542,0.004199999999999946,long,True,ACTIVE,Turtle 20,2026-03-21 00:25:31,D:\GIT\okx-trading-bot\v09x\094\094_2\logs\trade_context\20260321_002531_COMP-USDT-SWAP_long_trade.json,20260321_002211_COMP-USDT-SWAP_long,18.96,1
,,0.0889,ошибка:_первичный_стоп_не_подтверждён_на_бирже,141,0.00012499999999999802,D:\GIT\okx-trading-bot\v09x\094\094_2\logs\entry_context\20260321_002203_ALGO-USDT-SWAP_long.json,3.2000000000000313,0.0899,cancelled,0.0898,0.08965,0.08965,ALGO-USDT-SWAP,0.0012,1.334816,4.8,0.0004,0.444939,1.6,0.0899,0.0,1.0,-2.314999999999745,-0.1112347052280189,HEALTHY,2081.185,2315.0,Ошибка: первичный стоп не подтверждён на бирже,733.2958737706031,0.0024999999999999606,long,True,ACTIVE,Turtle 20,2026-03-21 00:24:24,D:\GIT\okx-trading-bot\v09x\094\094_2\logs\trade_context\20260321_002424_ALGO-USDT-SWAP_long_trade.json,20260321_002203_ALGO-USDT-SWAP_long,0.0899,1
,,2728.7,rotation_block,133,2.7249999999999774,D:\GIT\okx-trading-bot\v09x\094\094_2\logs\entry_context\20260321_002003_YFI-USDT-SWAP_long.json,2.7273889769494977,2758.132134962187,cancelled,2754.8,2752.6821349621873,2752.6821349621873,YFI-USDT-SWAP,44.13213496,1.600073,8.097639,0.0,0.0,0.0,2758.132134962187,0.0,1.0,-2.863969999999689,-0.12081128818843329,HEALTHY,2370.61457,8595.0,Ротация под новый сигнал 2Z-USDT-SWAP,733.7220633872524,0.0005449999999999955,long,True,ACTIVE,Turtle 20,2026-03-21 00:22:16,D:\GIT\okx-trading-bot\v09x\094\094_2\logs\trade_context\20260321_002216_YFI-USDT-SWAP_long_trade.json,20260321_002003_YFI-USDT-SWAP_long,2755.0,1
,,5.98e-06,stopout_cooldown,2531,9.999999999999989e-09,D:\GIT\okx-trading-bot\v09x\094\094_2\logs\entry_context\20260320_233623_SHIB-USDT-SWAP_short.json,1.9999999999999831,5.91e-06,cancel_error,5.93e-06,5.93e-06,5.93e-06,SHIB-USDT-SWAP,2.2e-07,3.722504,11.0,3e-08,0.507614,1.5,5.93e-06,11.010000293600113,1.0,-25.689999706400158,-0.593723487661159,HEALTHY,4332.4350001468,734.0,ATR стоп 2.0N,736.2232977196771,0.019999999999999976,short,True,ACTIVE,Turtle 55,2026-03-21 00:18:34,D:\GIT\okx-trading-bot\v09x\094\094_2\logs\trade_context\20260321_001834_SHIB-USDT-SWAP_short_trade.json,20260320_233623_SHIB-USDT-SWAP_short,5.88e-06,2
market_already_crossed_stop,,4.493,stopout_cooldown,229,0.0061000000000000386,D:\GIT\okx-trading-bot\v09x\094\094_2\logs\entry_context\20260320_235955_KSM-USDT-SWAP_long.json,1.0667221436298644,4.522507005076142,cancel_error,4.507,4.510307005076142,4.510307005076142,KSM-USDT-SWAP,0.04450701,0.984122,3.648115,0.00449299,0.099347,0.368278,4.522507005076142,0.0,1.0,-7.63720000000021,-0.342885153273112,STOP_UNVERIFIED,2227.3347000000003,4925.0,ATR стоп 2.0N,733.8240673412997,0.0012200000000000078,long,False,ERROR,Turtle 20,2026-03-21 00:03:45,D:\GIT\okx-trading-bot\v09x\094\094_2\logs\trade_context\20260321_000345_KSM-USDT-SWAP_long_trade.json,20260320_235955_KSM-USDT-SWAP_long,4.507,1
,,2.963e-05,stopout_cooldown,847,7.799999999999993e-08,D:\GIT\okx-trading-bot\v09x\094\094_2\logs\entry_context\20260320_233510_FLOKI-USDT-SWAP_short.json,0.25641025641025417,2.932e-05,cancel_error,2.949e-05,2.9476e-05,2.9476e-05,FLOKI-USDT-SWAP,6.7e-07,2.28513,4.294872,0.0,0.0,0.0,2.949e-05,0.0,1.0,-12.971000000000005,-0.5798090040927697,HEALTHY,2237.116,763.0,ATR стоп 2.0N,736.4456681606611,0.015599999999999985,short,True,ACTIVE,Turtle 55,2026-03-20 23:49:17,D:\GIT\okx-trading-bot\v09x\094\094_2\logs\trade_context\20260320_234917_FLOKI-USDT-SWAP_short_trade.json,20260320_233510_FLOKI-USDT-SWAP_short,2.932e-05,1
market_already_crossed_stop,,2.219,stopout_cooldown,474,0.0029999999999999584,D:\GIT\okx-trading-bot\v09x\094\094_2\logs\entry_context\20260320_233754_LPT-USDT-SWAP_short.json,0.6623531010121567,2.2050129406969634,cancel_error,2.212,2.211012940696963,2.211012940696963,LPT-USDT-SWAP,0.03398706,1.541354,5.66451,0.00501294,0.227343,0.83549,2.212,0.0,1.0,-6.857100000000296,-0.3168715781245393,STOP_UNVERIFIED,2163.9997,9814.0,ATR стоп 2.0N,735.5839071159879,0.0005999999999999917,short,False,ERROR,Turtle 55,2026-03-20 23:45:48,D:\GIT\okx-trading-bot\v09x\094\094_2\logs\trade_context\20260320_234548_LPT-USDT-SWAP_short_trade.json,20260320_233754_LPT-USDT-SWAP_short,2.2050129406969634,1
,,2.219,stopout_cooldown,136,0.0029999999999999584,D:\GIT\okx-trading-bot\v09x\094\094_2\logs\entry_context\20260320_233515_LPT-USDT-SWAP_short.json,2.323610836464332,2.200029167490607,cancel_error,2.209,2.2060291674906067,2.2060291674906067,LPT-USDT-SWAP,0.03897083,1.771378,6.495139,0.0,0.0,0.0,2.209,0.0,1.0,-9.073100000000204,-0.4077597080053905,HEALTHY,2225.1095,10114.0,ATR стоп 2.0N,736.4268559674654,0.0005999999999999917,short,True,ACTIVE,Turtle 55,2026-03-20 23:37:32,D:\GIT\okx-trading-bot\v09x\094\094_2\logs\trade_context\20260320_233732_LPT-USDT-SWAP_short_trade.json,20260320_233514_LPT-USDT-SWAP_short,2.200029167490607,1
market_already_crossed_stop,,88.36,stopout_cooldown,2085,0.28900000000000076,D:\GIT\okx-trading-bot\v09x\094\094_2\logs\entry_context\20260320_225618_SOL-USDT-SWAP_long.json,0.44982698961936024,88.99,cancel_error,88.77,88.771,88.41199999999999,SOL-USDT-SWAP,1.16,1.303517,2.00692,0.31,0.348354,0.536332,89.28,7.450100000000161,1.0,-15.413999999999854,-0.33681374200067044,STOP_UNVERIFIED,4574.3614,51.38,ATR стоп 2.0N,736.7173239990655,0.5780000000000015,long,False,ERROR,Turtle 20,2026-03-20 23:31:03,D:\GIT\okx-trading-bot\v09x\094\094_2\logs\trade_context\20260320_233103_SOL-USDT-SWAP_long_trade.json,20260320_225618_SOL-USDT-SWAP_long,88.77,2
market_already_crossed_stop,,9.419,stopout_cooldown,1939,0.026599999999999825,D:\GIT\okx-trading-bot\v09x\094\094_2\logs\entry_context\20260320_225612_AVAX-USDT-SWAP_long.json,0.6007150743992871,9.52897902097902,cancel_error,9.488,9.4893,9.47577902097902,AVAX-USDT-SWAP,0.11597902,1.217119,2.180057,0.00602098,0.063186,0.113176,9.535,0.7344000000000429,1.0,-9.962000000000074,-0.4300462923551598,STOP_UNVERIFIED,2316.4948,243.1,ATR стоп 2.0N,736.6980651399853,0.05319999999999965,long,False,ERROR,Turtle 55,2026-03-20 23:28:31,D:\GIT\okx-trading-bot\v09x\094\094_2\logs\trade_context\20260320_232831_AVAX-USDT-SWAP_long_trade.json,20260320_225611_AVAX-USDT-SWAP_long,9.488,1
,,1.143,ошибка:_первичный_стоп_не_подтверждён_на_бирже,58,0.003149999999999964,D:\GIT\okx-trading-bot\v09x\094\094_2\logs\entry_context\20260320_232542_LIT-USDT-SWAP_short.json,1.2698412698412855,1.116,cancel_error,1.145,1.1223,1.1223,LIT-USDT-SWAP,0.045,4.032258,7.142857,0.0,0.0,0.0,1.116,0.0,1.0,-56.549999999999834,-2.5985663082437194,HEALTHY,2176.2000000000003,195.0,Ошибка: первичный стоп не подтверждён на бирже,736.1137707264116,0.06299999999999928,short,True,ACTIVE,Turtle 55,2026-03-20 23:26:41,D:\GIT\okx-trading-bot\v09x\094\094_2\logs\trade_context\20260320_232641_LIT-USDT-SWAP_short_trade.json,20260320_232541_LIT-USDT-SWAP_short,1.116,1
,,0.3948,stopout_cooldown,410,0.0005000000000000004,D:\GIT\okx-trading-bot\v09x\094\094_2\logs\entry_context\20260320_231556_XTZ-USDT-SWAP_long.json,1.887441860465409,0.3996437209302327,cancel_error,0.3972,0.3986437209302327,0.3986437209302327,XTZ-USDT-SWAP,0.00484372,1.21201,4.843721,0.00035628,0.089149,0.356279,0.4,0.0,1.0,-27.62430000000604,-0.6182256003448546,HEALTHY,4468.168550000004,11180.0,ATR стоп 2.0N,736.8677926446844,0.0010000000000000009,long,True,ACTIVE,Turtle 55,2026-03-20 23:22:46,D:\GIT\okx-trading-bot\v09x\094\094_2\logs\trade_context\20260320_232246_XTZ-USDT-SWAP_long_trade.json,20260320_231556_XTZ-USDT-SWAP_long,0.3972,2
,,0.3085,ошибка:_первичный_стоп_не_подтверждён_на_бирже,82,0.00039500000000000093,D:\GIT\okx-trading-bot\v09x\094\094_2\logs\entry_context\20260320_230508_TRX-USDT-SWAP_long.json,1.9692511274022497,0.3106778541953239,cancelled,0.3103,0.3098878541953239,0.3098878541953239,TRX-USDT-SWAP,0.00427785,1.376942,5.415005,0.0,0.0,0.0,0.3106778541953239,0.0,1.0,-2.7470000000045998,-0.1216225071151422,HEALTHY,2258.6280000000047,7.27,Ошибка: первичный стоп не подтверждён на бирже,736.8303759412535,0.7900000000000018,long,True,ACTIVE,Turtle 55,2026-03-20 23:06:30,D:\GIT\okx-trading-bot\v09x\094\094_2\logs\trade_context\20260320_230630_TRX-USDT-SWAP_long_trade.json,20260320_230508_TRX-USDT-SWAP_long,0.3106778541953239,1
,,2.962e-05,канальный_выход_10_свечей,3190,7.699999999999978e-08,D:\GIT\okx-trading-bot\v09x\094\094_2\logs\entry_context\20260320_220220_FLOKI-USDT-SWAP_short.json,0.0,2.95924400565e-05,cancelled,2.962e-05,2.963e-05,2.9746440056499998e-05,FLOKI-USDT-SWAP,4e-07,1.343451,2.581558,2.5e-07,0.853056,1.639221,2.962e-05,58.36300010068024,1.0,-21.04499989931996,-0.25115801687045647,HEALTHY,8388.91891671781,2836.0,Канальный выход 10 свечей,739.6485845876718,0.015399999999999955,short,True,ACTIVE,Turtle 20,2026-03-20 22:55:30,D:\GIT\okx-trading-bot\v09x\094\094_2\logs\trade_context\20260320_225530_FLOKI-USDT-SWAP_short_trade.json,20260320_220220_FLOKI-USDT-SWAP_short,2.935e-05,4
market_already_crossed_stop,,3.108,stopout_cooldown,597,0.0068499999999999785,D:\GIT\okx-trading-bot\v09x\094\094_2\logs\entry_context\20260320_224358_INJ-USDT-SWAP_short.json,0.0,3.065639667705088,cancel_error,3.081,3.079339667705088,3.079339667705088,INJ-USDT-SWAP,0.04236033,1.381778,3.091995,0.01563967,0.51016,1.141582,3.081,0.0,1.0,-15.230999999999623,-0.4296264729113506,STOP_UNVERIFIED,3543.9129000000003,11556.0,ATR стоп 2.0N,738.7850320485712,0.0013699999999999958,short,False,ERROR,Turtle 55,2026-03-20 22:53:56,D:\GIT\okx-trading-bot\v09x\094\094_2\logs\trade_context\20260320_225356_INJ-USDT-SWAP_short_trade.json,20260320_224358_INJ-USDT-SWAP_short,3.065639667705088,2
market_already_crossed_stop,,0.96275,stopout_cooldown,196,0.001909999999999995,D:\GIT\okx-trading-bot\v09x\094\094_2\logs\entry_context\20260320_224130_SUI-USDT-SWAP_short.json,1.0628272251309385,0.94868,cancel_error,0.95344,0.9524999999999999,0.9524999999999999,SUI-USDT-SWAP,0.01562,1.646498,4.089005,0.0,0.0,0.0,0.95344,0.0,1.0,-8.563239999999976,-0.5017497997217172,STOP_UNVERIFIED,1706.6753199999998,1799.0,ATR стоп 2.0N,739.7103630107848,0.00381999999999999,short,False,ERROR,Turtle 55,2026-03-20 22:44:47,D:\GIT\okx-trading-bot\v09x\094\094_2\logs\trade_context\20260320_224447_SUI-USDT-SWAP_short_trade.json,20260320_224130_SUI-USDT-SWAP_short,0.94868,1
,,6.13e-06,ошибка:_первичный_стоп_не_подтверждён_на_бирже,70,1.2499999999999965e-08,D:\GIT\okx-trading-bot\v09x\094\094_2\logs\entry_context\20260320_224134_SHIB-USDT-SWAP_short.json,0.7999999999999946,5.93e-06,cancelled,5.93e-06,5.955e-06,5.955e-06,SHIB-USDT-SWAP,2.2e-07,3.709949,8.8,0.0,0.0,0.0,5.93e-06,0.0,1.0,0.0,0.0,HEALTHY,1695.3869999999997,285.9,Ошибка: первичный стоп не подтверждён на бирже,739.7126961441239,0.02499999999999993,short,True,ACTIVE,Turtle 55,2026-03-20 22:42:44,D:\GIT\okx-trading-bot\v09x\094\094_2\logs\trade_context\20260320_224244_SHIB-USDT-SWAP_short_trade.json,20260320_224134_SHIB-USDT-SWAP_short,5.93e-06,1
,,0.2341,ошибка:_первичный_стоп_не_подтверждён_на_бирже,66,0.0004900000000000002,D:\GIT\okx-trading-bot\v09x\094\094_2\logs\entry_context\20260320_223021_CRV-USDT-SWAP_short.json,0.7825064232963469,0.2312165718525848,cancelled,0.2314,0.2321965718525848,0.2321965718525848,CRV-USDT-SWAP,0.00358343,1.549815,3.656559,0.00011657,0.050417,0.118951,0.2312165718525848,0.0,1.0,-1.4831999999993428,-0.07933174769676608,HEALTHY,1869.6172000000006,8086.0,Ошибка: первичный стоп не подтверждён на бирже,739.7890821811955,0.0009800000000000004,short,True,ACTIVE,Turtle 55,2026-03-20 22:31:27,D:\GIT\okx-trading-bot\v09x\094\094_2\logs\trade_context\20260320_223127_CRV-USDT-SWAP_short_trade.json,20260320_223020_CRV-USDT-SWAP_short,0.2312165718525848,1
,,0.1652,ошибка:_первичный_стоп_не_подтверждён_на_бирже,186,0.0003250000000000003,D:\GIT\okx-trading-bot\v09x\094\094_2\logs\entry_context\20260320_222548_IMX-USDT-SWAP_short.json,1.7027818156461594,0.162046595909915,cancelled,0.1622,0.162696595909915,0.162696595909915,IMX-USDT-SWAP,0.0031534,1.945986,4.851391,0.0,0.0,0.0,0.1621,0.0,1.0,-1.7777999999952812,-0.09466665388657662,HEALTHY,1877.9580000000049,11589.0,Ошибка: первичный стоп не подтверждён на бирже,740.9132989555914,0.0006500000000000006,short,True,ACTIVE,Turtle 55,2026-03-20 22:28:54,D:\GIT\okx-trading-bot\v09x\094\094_2\logs\trade_context\20260320_222854_IMX-USDT-SWAP_short_trade.json,20260320_222548_IMX-USDT-SWAP_short,0.162046595909915,1
,,0.0994,ошибка:_первичный_стоп_не_подтверждён_на_бирже,105,0.00022999999999999827,D:\GIT\okx-trading-bot\v09x\094\094_2\logs\entry_context\20260320_222557_ARB-USDT-SWAP_short.json,1.3043478260870036,0.0986,cancelled,0.0986,0.09906,0.09906,ARB-USDT-SWAP,0.0019,1.926978,4.130435,0.0,0.0,0.0,0.0986,0.0,1.0,0.0,0.0,HEALTHY,1845.299,1871.5,Ошибка: первичный стоп не подтверждён на бирже,740.9095914319156,0.004599999999999965,short,True,ACTIVE,Turtle 20,2026-03-20 22:27:43,D:\GIT\okx-trading-bot\v09x\094\094_2\logs\trade_context\20260320_222743_ARB-USDT-SWAP_short_trade.json,20260320_222557_ARB-USDT-SWAP_short,0.0986,1
,,0.3076,stopout_cooldown,1758,0.00032000000000000084,D:\GIT\okx-trading-bot\v09x\094\094_2\logs\entry_context\20260320_215528_TRX-USDT-SWAP_long.json,0.9375000000000677,0.3094,cancel_error,0.3087,0.30889999999999995,0.30876000000000003,TRX-USDT-SWAP,0.003,0.969619,4.6875,0.0,0.0,0.0,0.3096,0.0,1.0,-5.278000000000255,-0.22624434389141362,HEALTHY,2332.876,7.54,ATR стоп 2.0N,740.3598981043478,0.6400000000000017,long,True,ACTIVE,Turtle 55,2026-03-20 22:24:47,D:\GIT\okx-trading-bot\v09x\094\094_2\logs\trade_context\20260320_222447_TRX-USDT-SWAP_long_trade.json,20260320_215528_TRX-USDT-SWAP_long,0.3087,1
,,0.0952,ошибка:_первичный_стоп_не_подтверждён_на_бирже,84,0.00010000000000000078,D:\GIT\okx-trading-bot\v09x\094\094_2\logs\entry_context\20260320_221516_1INCH-USDT-SWAP_short.json,2.552608352297933,0.0942447391647702,cancel_error,0.0945,0.09444473916477021,0.09444473916477021,1INCH-USDT-SWAP,0.00095526,1.013596,4.776304,0.0,0.0,0.0,0.0942447391647702,0.0,1.0,-5.494999999991802,-0.270848895643413,HEALTHY,2028.806500000008,21527.0,Ошибка: первичный стоп не подтверждён на бирже,740.2654656926253,0.00020000000000000155,short,True,ACTIVE,Turtle 55,2026-03-20 22:16:40,D:\GIT\okx-trading-bot\v09x\094\094_2\logs\trade_context\20260320_221640_1INCH-USDT-SWAP_short_trade.json,20260320_221516_1INCH-USDT-SWAP_short,0.0942447391647702,1
,,0.2711,ошибка:_первичный_стоп_не_подтверждён_на_бирже,64,0.000525000000000006,D:\GIT\okx-trading-bot\v09x\094\094_2\logs\entry_context\20260320_221513_ETHW-USDT-SWAP_short.json,2.334790479645338,0.2654742349981862,cancel_error,0.267,0.26652423499818617,0.26652423499818617,ETHW-USDT-SWAP,0.00562577,2.119138,5.357871,0.0,0.0,0.0,0.2654742349981862,0.0,1.0,-11.767309999989052,-0.5747318574340232,HEALTHY,2047.443490000011,77124.0,Ошибка: первичный стоп не подтверждён на бирже,740.3562649519505,0.00010500000000000121,short,True,ACTIVE,Turtle 55,2026-03-20 22:16:17,D:\GIT\okx-trading-bot\v09x\094\094_2\logs\trade_context\20260320_221617_ETHW-USDT-SWAP_short_trade.json,20260320_221513_ETHW-USDT-SWAP_short,0.2654742349981862,1
,,0.1022,ошибка:_первичный_стоп_не_подтверждён_на_бирже,85,0.0002699999999999994,D:\GIT\okx-trading-bot\v09x\094\094_2\logs\entry_context\20260320_220440_ENA-USDT-SWAP_short.json,0.0,0.1010174055062997,cancelled,0.1012,0.1015574055062997,0.1015574055062997,ENA-USDT-SWAP,0.00168259,1.665648,3.115916,0.00031741,0.314209,0.587788,0.1010174055062997,0.0,1.0,-3.9129999999973677,-0.1807554775190797,HEALTHY,2164.8030000000026,2143.0,Ошибка: первичный стоп не подтверждён на бирже,739.437839402472,0.005399999999999988,short,True,ACTIVE,Turtle 20,2026-03-20 22:06:05,D:\GIT\okx-trading-bot\v09x\094\094_2\logs\trade_context\20260320_220605_ENA-USDT-SWAP_short_trade.json,20260320_220440_ENA-USDT-SWAP_short,0.1010174055062997,1
,,0.1023,ошибка:_первичный_стоп_не_подтверждён_на_бирже,98,0.0002699999999999994,D:\GIT\okx-trading-bot\v09x\094\094_2\logs\entry_context\20260320_220225_ENA-USDT-SWAP_short.json,0.5867455339677947,0.1008415787058287,cancel_error,0.1012,0.1013815787058287,0.1013815787058287,ENA-USDT-SWAP,0.00185842,1.842912,3.441521,0.0,0.0,0.0,0.1008415787058287,0.0,1.0,-7.809999999992542,-0.35543007038482544,HEALTHY,2197.3380000000075,2179.0,Ошибка: первичный стоп не подтверждён на бирже,739.4273180242121,0.005399999999999988,short,True,ACTIVE,Turtle 20,2026-03-20 22:04:04,D:\GIT\okx-trading-bot\v09x\094\094_2\logs\trade_context\20260320_220404_ENA-USDT-SWAP_short_trade.json,20260320_220224_ENA-USDT-SWAP_short,0.1008415787058287,1
,,0.2979,ошибка:_первичный_стоп_не_подтверждён_на_бирже,82,0.00038499999999999646,D:\GIT\okx-trading-bot\v09x\094\094_2\logs\entry_context\20260320_220010_LDO-USDT-SWAP_short.json,0.0,0.2948,cancelled,0.295,0.29557,0.29557,LDO-USDT-SWAP,0.0031,1.05156,4.025974,0.0002,0.067843,0.25974,0.2948,0.0,1.0,-1.5467999999998296,-0.06784260515603052,HEALTHY,2279.9832,7734.0,Ошибка: первичный стоп не подтверждён на бирже,739.9545129382218,0.0007699999999999929,short,True,ACTIVE,Turtle 55,2026-03-20 22:01:32,D:\GIT\okx-trading-bot\v09x\094\094_2\logs\trade_context\20260320_220132_LDO-USDT-SWAP_short_trade.json,20260320_220009_LDO-USDT-SWAP_short,0.2948,1
market_already_crossed_stop,,2.239,stopout_cooldown,776,0.004149999999999943,D:\GIT\okx-trading-bot\v09x\094\094_2\logs\entry_context\20260320_214034_LPT-USDT-SWAP_short.json,1.443220635454727,2.210010634362863,cancel_error,2.221,2.218310634362863,2.218310634362863,LPT-USDT-SWAP,0.02898937,1.31173,3.492695,1.063e-05,0.000481,0.001281,2.221,0.0,1.0,-11.883899999999874,-0.4972539709206022,STOP_UNVERIFIED,2389.9055000000003,10814.0,ATR стоп 2.0N,740.6260230131519,0.0008299999999999886,short,False,ERROR,Turtle 20,2026-03-20 21:53:30,D:\GIT\okx-trading-bot\v09x\094\094_2\logs\trade_context\20260320_215330_LPT-USDT-SWAP_short_trade.json,20260320_214034_LPT-USDT-SWAP_short,2.210010634362863,1
market_already_crossed_stop,,0.2008,stopout_cooldown,700,0.00025500000000000105,D:\GIT\okx-trading-bot\v09x\094\094_2\logs\entry_context\20260320_213524_SUSHI-USDT-SWAP_short.json,2.7443134639650713,0.1990002000666889,cancel_error,0.1999,0.19941,0.1995102000666889,SUSHI-USDT-SWAP,0.0022998,1.155677,4.509412,2e-07,0.000101,0.000392,0.1999,0.0023999999998332,1.0,-10.793999999999977,-0.45216031592408507,STOP_UNVERIFIED,2387.2064,11996.0,ATR стоп 2.0N,740.7108894921055,0.0005100000000000021,short,False,ERROR,Turtle 20,2026-03-20 21:47:04,D:\GIT\okx-trading-bot\v09x\094\094_2\logs\trade_context\20260320_214704_SUSHI-USDT-SWAP_short_trade.json,20260320_213524_SUSHI-USDT-SWAP_short,0.199,1
market_already_crossed_stop,,0.0903,stopout_cooldown,14,0.00014000000000000194,D:\GIT\okx-trading-bot\v09x\094\094_2\logs\entry_context\20260320_214037_ALGO-USDT-SWAP_short.json,2.4142373973256603,0.0890620067643744,cancel_error,0.0894,0.0893420067643744,0.0893420067643744,ALGO-USDT-SWAP,0.00123799,1.390035,4.421404,0.0,0.0,0.0,0.0894,0.0,1.0,-8.99399999999714,-0.3795032785638932,STOP_UNVERIFIED,2369.9400000000023,2661.0,ATR стоп 2.0N,740.6041647243379,0.0028000000000000386,short,False,ERROR,Turtle 20,2026-03-20 21:40:51,D:\GIT\okx-trading-bot\v09x\094\094_2\logs\trade_context\20260320_214051_ALGO-USDT-SWAP_short_trade.json,20260320_214037_ALGO-USDT-SWAP_short,0.0890620067643744,1
,,0.0408,ошибка:_первичный_стоп_не_подтверждён_на_бирже,149,6.500000000000082e-05,D:\GIT\okx-trading-bot\v09x\094\094_2\logs\entry_context\20260320_213521_YGG-USDT-SWAP_short.json,1.5384615384615632,0.0404,cancelled,0.0404,0.04053,0.04053,YGG-USDT-SWAP,0.0008,1.980198,6.153846,0.0,0.0,0.0,0.0404,0.0,1.0,0.0,0.0,HEALTHY,2420.364,59910.0,Ошибка: первичный стоп не подтверждён на бирже,740.7414005803848,0.00013000000000000164,short,True,ACTIVE,Turtle 20,2026-03-20 21:37:51,D:\GIT\okx-trading-bot\v09x\094\094_2\logs\trade_context\20260320_213751_YGG-USDT-SWAP_short_trade.json,20260320_213521_YGG-USDT-SWAP_short,0.0404,1
,,0.913,ошибка:_первичный_стоп_не_подтверждён_на_бирже,108,0.0019000000000000017,D:\GIT\okx-trading-bot\v09x\094\094_2\logs\entry_context\20260320_213518_FIL-USDT-SWAP_short.json,2.1052631578947367,0.898,cancelled,0.898,0.9018,0.9018,FIL-USDT-SWAP,0.015,1.670379,3.947368,0.004,0.445434,1.052632,0.898,0.0,1.0,0.0,0.0,HEALTHY,2446.152,27240.0,Ошибка: первичный стоп не подтверждён на бирже,740.7692326287116,0.00038000000000000035,short,True,ACTIVE,Turtle 20,2026-03-20 21:37:07,D:\GIT\okx-trading-bot\v09x\094\094_2\logs\trade_context\20260320_213707_FIL-USDT-SWAP_short_trade.json,20260320_213518_FIL-USDT-SWAP_short,0.898,1
,,0.0763,ошибка:_первичный_стоп_не_подтверждён_на_бирже,67,9.500000000000202e-05,D:\GIT\okx-trading-bot\v09x\094\094_2\logs\entry_context\20260320_213515_2Z-USDT-SWAP_short.json,2.392082003238981,0.0754727522096923,cancelled,0.0754,0.0756627522096923,0.0756627522096923,2Z-USDT-SWAP,0.00092725,1.228586,4.880252,0.0,0.0,0.0,0.0754727522096923,0.0,1.0,2.3870000000043814,0.09639533151006202,HEALTHY,2476.2610000000045,3281.0,Ошибка: первичный стоп не подтверждён на бирже,740.76450134661,0.0019000000000000405,short,True,ACTIVE,Turtle 55,2026-03-20 21:36:23,D:\GIT\okx-trading-bot\v09x\094\094_2\logs\trade_context\20260320_213623_2Z-USDT-SWAP_short_trade.json,20260320_213515_2Z-USDT-SWAP_short,0.0754727522096923,1
,,0.06401,канальный_выход_10_свечей,5554,0.00019549999999999985,D:\GIT\okx-trading-bot\v09x\094\094_2\logs\entry_context\20260320_200024_CFX-USDT-SWAP_long.json,1.3807876437232924,0.0639099439843479,cancel_error,0.064,0.06401,0.0635189439843479,CFX-USDT-SWAP,0.00106994,1.674143,2.73643,0.00098006,1.533495,2.506537,0.06489,111.1443199999596,1.0,-20.190400000039176,-0.21093615098649607,HEALTHY,9555.664808333357,14924.4,Канальный выход 10 свечей,748.9292439297739,0.003909999999999997,long,True,ACTIVE,Turtle 20,2026-03-20 21:32:59,D:\GIT\okx-trading-bot\v09x\094\094_2\logs\trade_context\20260320_213259_CFX-USDT-SWAP_long_trade.json,20260320_200023_CFX-USDT-SWAP_long,0.06381,4
,,109.6,stopout_cooldown,538,0.22150000000000175,D:\GIT\okx-trading-bot\v09x\094\094_2\logs\entry_context\20260320_211545_AAVE-USDT-SWAP_long.json,0.36117381489840933,110.62,cancel_error,110.02,110.177,110.177,AAVE-USDT-SWAP,2.19,1.97975,4.943567,0.03,0.02712,0.06772,110.62,0.0,1.0,-13.134000000000189,-0.5423973964925045,HEALTHY,2421.4718000000003,218.9,ATR стоп 2.0N,742.2690939737062,0.04430000000000035,long,True,ACTIVE,Turtle 20,2026-03-20 21:24:43,D:\GIT\okx-trading-bot\v09x\094\094_2\logs\trade_context\20260320_212443_AAVE-USDT-SWAP_long_trade.json,20260320_211545_AAVE-USDT-SWAP_long,110.02,1
,,2.495,stopout_cooldown,1305,0.005099999999999927,D:\GIT\okx-trading-bot\v09x\094\094_2\logs\entry_context\20260320_210040_ICP-USDT-SWAP_long.json,1.9514578942108909,2.5179524352604754,cancel_error,2.51,2.5100000000000002,2.5077524352604756,ICP-USDT-SWAP,0.02895244,1.14984,2.838474,0.00304756,0.121033,0.298781,2.52,2.90201000000007,1.0,-7.572619000000044,-0.3158294473363617,HEALTHY,2397.6925089999995,95223.9,ATR стоп 2.0N,742.1602559682442,0.00010199999999999854,long,True,ACTIVE,Turtle 20,2026-03-20 21:22:26,D:\GIT\okx-trading-bot\v09x\094\094_2\logs\trade_context\20260320_212226_ICP-USDT-SWAP_long_trade.json,20260320_210039_ICP-USDT-SWAP_long,2.51,1
market_already_crossed_stop,,0.123,stopout_cooldown,1063,0.00027900000000000006,D:\GIT\okx-trading-bot\v09x\094\094_2\logs\entry_context\20260320_210043_OP-USDT-SWAP_long.json,2.7745707174136314,0.1245741052301584,cancel_error,0.1238,0.124088,0.1240161052301584,OP-USDT-SWAP,0.00257411,2.066324,4.613092,0.00012589,0.10106,0.225618,0.1247,2.0267199999984284,1.0,-14.815600000001682,-0.6214013969662442,STOP_UNVERIFIED,2384.2238000000016,19139.0,ATR стоп 2.0N,742.1073411516643,0.0005580000000000001,long,False,ERROR,Turtle 20,2026-03-20 21:18:27,D:\GIT\okx-trading-bot\v09x\094\094_2\logs\trade_context\20260320_211827_OP-USDT-SWAP_long_trade.json,20260320_210043_OP-USDT-SWAP_long,0.1238,1
,,0.0894,ошибка:_первичный_стоп_не_подтверждён_на_бирже,95,0.00017500000000000225,D:\GIT\okx-trading-bot\v09x\094\094_2\logs\entry_context\20260320_211043_ALGO-USDT-SWAP_long.json,1.3248024087331791,0.0902318404215283,cancelled,0.0902,0.0898818404215283,0.0898818404215283,ALGO-USDT-SWAP,0.00133184,1.47602,3.805258,0.0,0.0,0.0,0.0902318404215283,0.0,1.0,-0.846000000007026,-0.03528734577457073,HEALTHY,2397.4600000000073,2657.0,Ошибка: первичный стоп не подтверждён на бирже,742.5140102984271,0.0035000000000000447,long,True,ACTIVE,Turtle 20,2026-03-20 21:12:19,D:\GIT\okx-trading-bot\v09x\094\094_2\logs\trade_context\20260320_211219_ALGO-USDT-SWAP_long_trade.json,20260320_211043_ALGO-USDT-SWAP_long,0.0902,1
,,8.38,ошибка:_первичный_стоп_не_подтверждён_на_бирже,103,0.017499999999999627,D:\GIT\okx-trading-bot\v09x\094\094_2\logs\entry_context\20260320_210030_ETC-USDT-SWAP_long.json,1.1428571428571428,8.45,cancelled,8.45,8.415,8.415,ETC-USDT-SWAP,0.14,1.656805,4.0,0.0,0.0,0.0,8.45,0.0,1.0,0.0,0.0,HEALTHY,2467.3999999999996,29.2,Ошибка: первичный стоп не подтверждён на бирже,742.1995728638371,0.34999999999999254,long,True,ACTIVE,Turtle 55,2026-03-20 21:02:13,D:\GIT\okx-trading-bot\v09x\094\094_2\logs\trade_context\20260320_210213_ETC-USDT-SWAP_long_trade.json,20260320_210030_ETC-USDT-SWAP_long,8.45,1
,,3.074,ошибка:_первичный_стоп_не_подтверждён_на_бирже,127,0.005049999999999999,D:\GIT\okx-trading-bot\v09x\094\094_2\logs\entry_context\20260320_205923_INJ-USDT-SWAP_long.json,3.168316831683172,3.103,cancelled,3.103,3.0929,3.0929,INJ-USDT-SWAP,0.032,1.03126,3.168317,0.0,0.0,0.0,3.103,0.0,1.0,0.0,0.0,HEALTHY,2493.5708000000004,8036.0,Ошибка: первичный стоп не подтверждён на бирже,742.212646417949,0.0010099999999999998,long,True,ACTIVE,Turtle 20,2026-03-20 21:01:30,D:\GIT\okx-trading-bot\v09x\094\094_2\logs\trade_context\20260320_210130_INJ-USDT-SWAP_long_trade.json,20260320_205923_INJ-USDT-SWAP_long,3.103,1
,,3.074,ошибка:_первичный_стоп_не_подтверждён_на_бирже,95,0.005049999999999999,D:\GIT\okx-trading-bot\v09x\094\094_2\logs\entry_context\20260320_205722_INJ-USDT-SWAP_long.json,1.9801980198019384,3.097,cancelled,3.101,3.0869,3.0869,INJ-USDT-SWAP,0.026,0.839522,2.574257,0.011,0.355182,1.089109,3.1,0.0,1.0,3.214400000000003,0.12915724895059746,HEALTHY,2488.7492,8036.0,Ошибка: первичный стоп не подтверждён на бирже,741.9666893911998,0.0010099999999999998,long,True,ACTIVE,Turtle 20,2026-03-20 20:58:57,D:\GIT\okx-trading-bot\v09x\094\094_2\logs\trade_context\20260320_205857_INJ-USDT-SWAP_long_trade.json,20260320_205721_INJ-USDT-SWAP_long,3.097,1
market_already_crossed_stop,,0.2348,stopout_cooldown,1214,0.0005150000000000002,D:\GIT\okx-trading-bot\v09x\094\094_2\logs\entry_context\20260320_203606_CRV-USDT-SWAP_short.json,0.5825242718447037,0.2327,cancel_error,0.2335,0.23346,0.23373,CRV-USDT-SWAP,0.0032,1.375161,3.106796,0.0003,0.128921,0.291262,0.2335,2.9252999999999485,1.0,-7.8008000000002236,-0.34379028792437605,STOP_UNVERIFIED,2269.0577,9751.0,ATR стоп 2.0N,744.0924715102909,0.0010300000000000003,short,False,ERROR,Turtle 55,2026-03-20 20:56:20,D:\GIT\okx-trading-bot\v09x\094\094_2\logs\trade_context\20260320_205620_CRV-USDT-SWAP_short_trade.json,20260320_203606_CRV-USDT-SWAP_short,0.2324,1
,,9.5,stopout_cooldown,1173,0.01875000000000009,D:\GIT\okx-trading-bot\v09x\094\094_2\logs\entry_context\20260320_203609_AVAX-USDT-SWAP_short.json,0.9589239176124381,9.421020176544767,cancel_error,9.455,9.4536,9.458520176544766,AVAX-USDT-SWAP,0.10897982,1.156773,2.906129,0.00802018,0.085131,0.213871,9.455,2.6216999999999775,1.0,-8.083800000000005,-0.36068093283391817,HEALTHY,2241.2607000000003,237.9,ATR стоп 2.0N,744.085056266497,0.03750000000000018,short,True,ACTIVE,Turtle 20,2026-03-20 20:55:42,D:\GIT\okx-trading-bot\v09x\094\094_2\logs\trade_context\20260320_205542_AVAX-USDT-SWAP_short_trade.json,20260320_203609_AVAX-USDT-SWAP_short,9.413,1
,,110.52,stopout_cooldown,1081,0.25050000000000167,D:\GIT\okx-trading-bot\v09x\094\094_2\logs\entry_context\20260320_203612_AAVE-USDT-SWAP_short.json,0.5588822355288839,109.68,cancel_error,110.14,110.095,110.18100000000001,AAVE-USDT-SWAP,0.88,0.802334,1.756487,1.25,1.139679,2.49501,110.14,1.4140000000001494,1.0,-9.291999999999874,-0.4194018964259607,HEALTHY,2215.536,202.0,ATR стоп 2.0N,744.081322208826,0.05010000000000034,short,True,ACTIVE,Turtle 20,2026-03-20 20:54:14,D:\GIT\okx-trading-bot\v09x\094\094_2\logs\trade_context\20260320_205414_AAVE-USDT-SWAP_short_trade.json,20260320_203612_AAVE-USDT-SWAP_short,109.6,1
market_already_crossed_stop,,9.03,stopout_cooldown,1127,0.02129999999999992,D:\GIT\okx-trading-bot\v09x\094\094_2\logs\entry_context\20260320_203518_LINK-USDT-SWAP_short.json,0.5633802816901643,8.977,cancel_error,9.001,9.0004,9.0196,LINK-USDT-SWAP,0.105,1.169656,2.464789,0.02,0.222792,0.469484,9.001,4.921190000000033,1.0,-6.216239999999775,-0.2673498941739906,STOP_UNVERIFIED,2325.13277,259.01,ATR стоп 2.0N,744.0955340440509,0.04259999999999984,short,False,ERROR,Turtle 20,2026-03-20 20:54:05,D:\GIT\okx-trading-bot\v09x\094\094_2\logs\trade_context\20260320_205405_LINK-USDT-SWAP_short_trade.json,20260320_203518_LINK-USDT-SWAP_short,8.957,1
,,55.53,stopout_cooldown,993,0.05550000000000068,D:\GIT\okx-trading-bot\v09x\094\094_2\logs\entry_context\20260320_203515_LTC-USDT-SWAP_short.json,1.081081081081109,55.33,cancel_error,55.4,55.38,55.441,LTC-USDT-SWAP,0.27,0.487981,2.432432,0.13,0.234954,1.171171,55.4,2.5499999999997947,1.0,-8.50000000000012,-0.18083182640144924,HEALTHY,4701.775,85.0,ATR стоп 2.0N,744.1300652435538,0.11100000000000136,short,True,ACTIVE,Turtle 20,2026-03-20 20:51:49,D:\GIT\okx-trading-bot\v09x\094\094_2\logs\trade_context\20260320_205149_LTC-USDT-SWAP_short_trade.json,20260320_203515_LTC-USDT-SWAP_short,55.27,2
,,0.1227,stopout_cooldown,1656,0.00031450000000000087,D:\GIT\okx-trading-bot\v09x\094\094_2\logs\entry_context\20260320_200528_OP-USDT-SWAP_long.json,1.2692796602833105,0.1237991884531591,cancel_error,0.123,0.123239,0.1231701884531591,OP-USDT-SWAP,0.00179919,1.453312,2.860395,0.00059081,0.477234,0.939287,0.1238,0.0,1.0,-14.673100000001073,-0.6455522553457468,HEALTHY,2272.953100000001,18360.0,ATR стоп 2.0N,748.6911119571485,0.0006290000000000017,long,True,ACTIVE,Turtle 20,2026-03-20 20:33:04,D:\GIT\okx-trading-bot\v09x\094\094_2\logs\trade_context\20260320_203304_OP-USDT-SWAP_long_trade.json,20260320_200528_OP-USDT-SWAP_long,0.123,1
,,1.166,ошибка:_первичный_стоп_не_подтверждён_на_бирже,100,0.0032500000000000194,D:\GIT\okx-trading-bot\v09x\094\094_2\logs\entry_context\20260320_203013_LIT-USDT-SWAP_short.json,1.8461538461538367,1.15,cancelled,1.15,1.1564999999999999,1.1564999999999999,LIT-USDT-SWAP,0.02,1.73913,3.076923,0.023,2.0,3.538462,1.15,0.0,1.0,0.0,0.0,HEALTHY,2414.9999999999995,210.0,Ошибка: первичный стоп не подтверждён на бирже,745.916537144886,0.06500000000000039,short,True,ACTIVE,Turtle 20,2026-03-20 20:31:53,D:\GIT\okx-trading-bot\v09x\094\094_2\logs\trade_context\20260320_203153_LIT-USDT-SWAP_short_trade.json,20260320_203012_LIT-USDT-SWAP_short,1.15,1
,,4.854,stopout_cooldown,409,0.006649999999999911,D:\GIT\okx-trading-bot\v09x\094\094_2\logs\entry_context\20260320_202027_AUCTION-USDT-SWAP_long.json,1.084359915525202,4.886210993438242,cancel_error,4.872,4.872910993438242,4.872910993438242,AUCTION-USDT-SWAP,0.03721099,0.761551,2.797819,0.00778901,0.159408,0.58564,4.886210993438242,0.0,1.0,-7.125250000000242,-0.2908387185352066,HEALTHY,2449.8973300000002,5013.9,ATR стоп 2.0N,744.9775167687179,0.0013299999999999822,long,True,ACTIVE,Turtle 20,2026-03-20 20:27:17,D:\GIT\okx-trading-bot\v09x\094\094_2\logs\trade_context\20260320_202717_AUCTION-USDT-SWAP_long_trade.json,20260320_202027_AUCTION-USDT-SWAP_long,4.872,1
,,0.5536,stopout_cooldown,1140,0.002990000000000004,D:\GIT\okx-trading-bot\v09x\094\094_2\logs\entry_context\20260320_195012_ETHFI-USDT-SWAP_long.json,1.036789297658896,0.5721,cancel_error,0.5708,0.57096,0.5661200000000001,ETHFI-USDT-SWAP,0.029,5.069044,4.849498,0.0056,0.97885,0.936455,0.5774,32.24059999999938,1.0,-37.66900000000343,-0.5285389865729492,HEALTHY,7117.650033333335,12420.0,ATR стоп 2.0N,749.8116158818672,0.005980000000000008,long,True,ACTIVE,Turtle 55,2026-03-20 20:09:12,D:\GIT\okx-trading-bot\v09x\094\094_2\logs\trade_context\20260320_200912_ETHFI-USDT-SWAP_long_trade.json,20260320_195012_ETHFI-USDT-SWAP_long,0.5708,3
,,0.06032,канальный_выход_10_свечей,6687,0.00025149999999999966,D:\GIT\okx-trading-bot\v09x\094\094_2\logs\entry_context\20260320_181406_MINA-USDT-SWAP_short.json,0.0,0.0605279288007173,cancelled,0.06038,0.06082,0.061030928800717296,MINA-USDT-SWAP,0.00226207,3.737235,4.497159,0.00357793,5.911203,7.113179,0.06076,231.65902000019292,1.0,-117.3575499997688,-1.425251803959297,HEALTHY,8336.586722680919,138316.0,Канальный выход 10 свечей,752.6113162059795,0.0005029999999999993,short,True,ACTIVE,Turtle 20,2026-03-20 20:05:33,D:\GIT\okx-trading-bot\v09x\094\094_2\logs\trade_context\20260320_200533_MINA-USDT-SWAP_short_trade.json,20260320_181405_MINA-USDT-SWAP_short,0.05705,4
,,0.0835,ошибка:_первичный_стоп_не_подтверждён_на_бирже,49,0.0001649999999999964,D:\GIT\okx-trading-bot\v09x\094\094_2\logs\entry_context\20260320_195016_CELO-USDT-SWAP_long.json,5.736661598035866,0.0847465491636759,cancel_error,0.0838,0.0844165491636759,0.0844165491636759,CELO-USDT-SWAP,0.00134655,1.588913,4.080452,0.00065345,0.771065,1.980154,0.0847465491636759,0.0,1.0,-24.220300000138856,-1.1169176479950496,HEALTHY,2168.494700000139,25588.0,Ошибка: первичный стоп не подтверждён на бирже,749.7075145278477,0.0003299999999999928,long,True,ACTIVE,Turtle 20,2026-03-20 19:51:06,D:\GIT\okx-trading-bot\v09x\094\094_2\logs\trade_context\20260320_195106_CELO-USDT-SWAP_long_trade.json,20260320_195016_CELO-USDT-SWAP_long,0.0847465491636759,1
market_already_crossed_stop,,0.06201,stopout_cooldown,1109,0.0001009999999999997,D:\GIT\okx-trading-bot\v09x\094\094_2\logs\entry_context\20260320_192012_IOTA-USDT-SWAP_long.json,0.3670641663712858,0.0622670734808035,cancel_error,0.06207,0.062083,0.0620650734808035,IOTA-USDT-SWAP,0.00051707,0.830412,2.55977,7.293e-05,0.117119,0.361022,0.06228,3.261499999998435,1.0,-7.7509000000016615,-0.3164970983649272,STOP_UNVERIFIED,2448.9640000000018,3933.0,ATR стоп 2.0N,749.7431280789862,0.002019999999999994,long,False,ERROR,Turtle 20,2026-03-20 19:38:41,D:\GIT\okx-trading-bot\v09x\094\094_2\logs\trade_context\20260320_193841_IOTA-USDT-SWAP_long_trade.json,20260320_192012_IOTA-USDT-SWAP_long,0.06207,1
market_already_crossed_stop,,2.975e-05,stopout_cooldown,389,7.949999999999966e-08,D:\GIT\okx-trading-bot\v09x\094\094_2\logs\entry_context\20260320_192543_FLOKI-USDT-SWAP_long.json,0.0,2.985e-05,cancel_error,2.968e-05,2.9691e-05,2.9691e-05,FLOKI-USDT-SWAP,3.6e-07,1.20603,2.264151,9e-08,0.301508,0.566038,2.985e-05,0.0,1.0,-26.38400000000001,-0.5695142378559466,STOP_UNVERIFIED,4632.72,1552.0,ATR стоп 2.0N,749.9441536124251,0.01589999999999993,long,False,ERROR,Turtle 20,2026-03-20 19:32:13,D:\GIT\okx-trading-bot\v09x\094\094_2\logs\trade_context\20260320_193213_FLOKI-USDT-SWAP_long_trade.json,20260320_192543_FLOKI-USDT-SWAP_long,2.968e-05,2
,,1.156,stopout_cooldown,418,0.003800000000000037,D:\GIT\okx-trading-bot\v09x\094\094_2\logs\entry_context\20260320_192510_LIT-USDT-SWAP_long.json,1.3157894736841698,1.17,cancel_error,1.161,1.1623999999999999,1.1623999999999999,LIT-USDT-SWAP,0.043,3.675214,5.657895,0.005,0.42735,0.657895,1.17,0.0,1.0,-18.179999999999794,-0.7692307692307606,HEALTHY,2363.3999999999996,202.0,ATR стоп 2.0N,749.9536018736777,0.07600000000000073,long,True,ACTIVE,Turtle 20,2026-03-20 19:32:08,D:\GIT\okx-trading-bot\v09x\094\094_2\logs\trade_context\20260320_193208_LIT-USDT-SWAP_long_trade.json,20260320_192510_LIT-USDT-SWAP_long,1.161,1
,,2718.5,stopout_cooldown,1556,5.675000000000023,D:\GIT\okx-trading-bot\v09x\094\094_2\logs\entry_context\20260320_190542_YFI-USDT-SWAP_long.json,0.8475795489903214,2770.1100139405203,cancelled,2759.5,2759.8199999999997,2758.7600139405204,YFI-USDT-SWAP,51.61001394,1.863103,4.547138,2.88998606,0.104327,0.254624,2771.2,0.4217800000000687,1.0,-9.133099999999853,-0.3830177822225689,HEALTHY,2384.5107000000003,8608.0,ATR стоп 2.0N,751.4030870598734,0.0011350000000000047,long,True,ACTIVE,Turtle 55,2026-03-20 19:31:38,D:\GIT\okx-trading-bot\v09x\094\094_2\logs\trade_context\20260320_193138_YFI-USDT-SWAP_long_trade.json,20260320_190541_YFI-USDT-SWAP_long,2759.5,1
,,1.156,ошибка:_первичный_стоп_не_подтверждён_на_бирже,66,0.0035500000000000197,D:\GIT\okx-trading-bot\v09x\094\094_2\logs\entry_context\20260320_191520_LIT-USDT-SWAP_long.json,0.0,1.163,cancelled,1.163,1.1559,1.1559,LIT-USDT-SWAP,0.036,3.095443,5.070423,0.012,1.031814,1.690141,1.163,0.0,1.0,0.0,0.0,HEALTHY,2349.26,202.0,Ошибка: первичный стоп не подтверждён на бирже,751.4161250076689,0.0710000000000004,long,True,ACTIVE,Turtle 20,2026-03-20 19:16:26,D:\GIT\okx-trading-bot\v09x\094\094_2\logs\trade_context\20260320_191626_LIT-USDT-SWAP_long_trade.json,20260320_191520_LIT-USDT-SWAP_long,1.163,1
,,2.217,ошибка:_первичный_стоп_не_подтверждён_на_бирже,58,0.0036999999999999924,D:\GIT\okx-trading-bot\v09x\094\094_2\logs\entry_context\20260320_190545_LPT-USDT-SWAP_long.json,1.1777067341041678,2.2333575149161855,cancelled,2.231,2.2259575149161854,2.2259575149161854,LPT-USDT-SWAP,0.11335751,5.075655,15.318583,0.06464249,2.894408,8.735471,2.2333575149161855,0.0,1.0,-2.4893000000004095,-0.10555922643106723,HEALTHY,2358.2022000000006,10559.0,Ошибка: первичный стоп не подтверждён на бирже,751.3245404901264,0.0007399999999999985,long,True,ACTIVE,Turtle 20,2026-03-20 19:06:44,D:\GIT\okx-trading-bot\v09x\094\094_2\logs\trade_context\20260320_190644_LPT-USDT-SWAP_long_trade.json,20260320_190545_LPT-USDT-SWAP_long,2.2333575149161855,1
,,0.3052,stopout_cooldown,1084,0.0004249999999999948,D:\GIT\okx-trading-bot\v09x\094\094_2\logs\entry_context\20260320_184519_TRX-USDT-SWAP_long.json,0.47058823529407157,0.308,cancel_error,0.307,0.30722,0.30715000000000003,TRX-USDT-SWAP,0.0029,0.941558,3.411765,0.0,0.0,0.0,0.3081,0.7819999999999139,1.0,-7.820000000000007,-0.324675324675325,HEALTHY,2408.56,7.82,ATR стоп 2.0N,752.3339051215911,0.8499999999999897,long,True,ACTIVE,Turtle 55,2026-03-20 19:03:23,D:\GIT\okx-trading-bot\v09x\094\094_2\logs\trade_context\20260320_190323_TRX-USDT-SWAP_long_trade.json,20260320_184519_TRX-USDT-SWAP_long,0.307,1
,,70371.8,stopout_cooldown,446,328.41500000000013,D:\GIT\okx-trading-bot\v09x\094\094_2\logs\entry_context\20260320_181051_BTC-USDT-SWAP_short.json,0.0,69550.0,cancelled,70228.9,70206.83,70206.83,BTC-USDT-SWAP,1124.3,1.616535,1.711706,150.0,0.215672,0.22837,70228.9,0.4787400000000882,1.0,-20.570669999999822,-0.9761322789360087,HEALTHY,2107.3650000000002,3.03,ATR стоп 2.0N,755.5535252357722,6.5683000000000025,short,True,ACTIVE,Turtle 55,2026-03-20 18:18:17,D:\GIT\okx-trading-bot\v09x\094\094_2\logs\trade_context\20260320_181817_BTC-USDT-SWAP_short_trade.json,20260320_181051_BTC-USDT-SWAP_short,69532.7,1
market_already_crossed_stop,,464.2,stopout_cooldown,1422,0.9849999999999909,D:\GIT\okx-trading-bot\v09x\094\094_2\logs\entry_context\20260320_173038_BCH-USDT-SWAP_long.json,1.1167512690355663,469.8,cancel_error,469.4,469.48,467.83000000000004,BCH-USDT-SWAP,5.6,1.191997,2.84264,2.4,0.510856,1.218274,471.7,8.41279999999982,1.0,-9.395600000000524,-0.18997874072460533,STOP_UNVERIFIED,4943.011399999999,105.16,ATR стоп 2.0N,757.2461660456652,0.19699999999999818,long,False,ERROR,Turtle 20,2026-03-20 17:54:21,D:\GIT\okx-trading-bot\v09x\094\094_2\logs\trade_context\20260320_175421_BCH-USDT-SWAP_long_trade.json,20260320_173038_BCH-USDT-SWAP_long,469.3,2
market_already_crossed_stop,,0.2756,stopout_cooldown,1657,0.0006049999999999973,D:\GIT\okx-trading-bot\v09x\094\094_2\logs\entry_context\20260320_171524_LQTY-USDT-SWAP_long.json,0.7899158998979224,0.2793778991194382,cancel_error,0.2786,0.27873,0.27816789911943823,LQTY-USDT-SWAP,0.0039779,1.423842,3.28752,0.0005221,0.18688,0.431488,0.2799,8.283139999998337,1.0,-6.987790000001477,-0.2784397484160493,STOP_UNVERIFIED,2509.6237300000016,8982.9,ATR стоп 2.0N,756.8396543174696,0.0012099999999999945,long,False,ERROR,Turtle 55,2026-03-20 17:43:02,D:\GIT\okx-trading-bot\v09x\094\094_2\logs\trade_context\20260320_174302_LQTY-USDT-SWAP_long_trade.json,20260320_171524_LQTY-USDT-SWAP_long,0.2786,1
,,0.1006,stopout_cooldown,406,0.0003050000000000018,D:\GIT\okx-trading-bot\v09x\094\094_2\logs\entry_context\20260320_172024_ARB-USDT-SWAP_short.json,0.8865923342829262,0.0993295893380437,cancel_error,0.1,0.0999395893380437,0.0999395893380437,ARB-USDT-SWAP,0.00197041,1.98371,3.230181,2.959e-05,0.029789,0.048507,0.1,3.228200000006699,1.0,-16.700599999993525,-0.6749355015198226,HEALTHY,2474.3994000000066,2491.1,ATR стоп 2.0N,757.0288637440586,0.006100000000000036,short,True,ACTIVE,Turtle 55,2026-03-20 17:27:10,D:\GIT\okx-trading-bot\v09x\094\094_2\logs\trade_context\20260320_172710_ARB-USDT-SWAP_short_trade.json,20260320_172023_ARB-USDT-SWAP_short,0.0993,1
,,0.2756,stopout_cooldown,254,0.0003949999999999981,D:\GIT\okx-trading-bot\v09x\094\094_2\logs\entry_context\20260320_164632_LQTY-USDT-SWAP_long.json,2.121497253701592,0.2786379914152121,cancel_error,0.2777,0.2778479914152121,0.2778479914152121,LQTY-USDT-SWAP,0.00323799,1.162078,4.098723,0.00026201,0.094032,0.331656,0.2786379914152121,0.0,1.0,-8.806520000001974,-0.33663443037613877,HEALTHY,2616.0485100000024,9388.7,ATR стоп 2.0N,756.256186454182,0.0007899999999999962,long,True,ACTIVE,Turtle 20,2026-03-20 16:50:46,D:\GIT\okx-trading-bot\v09x\094\094_2\logs\trade_context\20260320_165046_LQTY-USDT-SWAP_long_trade.json,20260320_164632_LQTY-USDT-SWAP_long,0.2777,1
,,467.5,stopout_cooldown,560,0.6649999999999977,D:\GIT\okx-trading-bot\v09x\094\094_2\logs\entry_context\20260320_163650_BCH-USDT-SWAP_short.json,1.804511278195478,464.6,cancel_error,466.4,465.93,465.93,BCH-USDT-SWAP,5.0,1.076195,3.759398,2.8,0.602669,2.105263,466.4,0.0,1.0,-9.347399999999764,-0.38743004735255154,HEALTHY,2412.6678,51.93,ATR стоп 2.0N,758.2345587716127,0.13299999999999954,short,True,ACTIVE,Turtle 20,2026-03-20 16:46:10,D:\GIT\okx-trading-bot\v09x\094\094_2\logs\trade_context\20260320_164610_BCH-USDT-SWAP_short_trade.json,20260320_163650_BCH-USDT-SWAP_short,464.6,1
,,70674.3,stopout_cooldown,571,160.07500000000073,D:\GIT\okx-trading-bot\v09x\094\094_2\logs\entry_context\20260320_163637_BTC-USDT-SWAP_short.json,0.5298680283731576,70027.68137535817,cancel_error,70371.8,70347.83137535816,70347.83137535816,BTC-USDT-SWAP,737.01862464,1.052468,2.302104,212.88137536,0.303996,0.664943,70371.8,1.775759999999906,1.0,-12.009740000000095,-0.4914037104803064,HEALTHY,2443.96608,3.49,ATR стоп 2.0N,758.2488007137962,3.2015000000000144,short,True,ACTIVE,Turtle 55,2026-03-20 16:46:09,D:\GIT\okx-trading-bot\v09x\094\094_2\logs\trade_context\20260320_164609_BTC-USDT-SWAP_short_trade.json,20260320_163636_BTC-USDT-SWAP_short,69949.4,1
market_already_crossed_stop,,0.125,stopout_cooldown,312,0.0003275000000000028,D:\GIT\okx-trading-bot\v09x\094\094_2\logs\entry_context\20260320_163910_OP-USDT-SWAP_short.json,1.8158255849670057,0.1237053171209233,cancel_error,0.1244,0.1243603171209233,0.1243603171209233,OP-USDT-SWAP,0.00229468,1.854959,3.503333,0.00030532,0.24681,0.466133,0.1244,0.0,1.0,-13.483099999999716,-0.5615626678339478,STOP_UNVERIFIED,2400.9965,19409.0,ATR стоп 2.0N,758.0615631377987,0.0006550000000000056,short,False,ERROR,Turtle 20,2026-03-20 16:44:22,D:\GIT\okx-trading-bot\v09x\094\094_2\logs\trade_context\20260320_164422_OP-USDT-SWAP_short_trade.json,20260320_163910_OP-USDT-SWAP_short,0.1237053171209233,1
market_already_crossed_stop,,0.09435,stopout_cooldown,444,0.00016499999999999919,D:\GIT\okx-trading-bot\v09x\094\094_2\logs\entry_context\20260320_163641_DOGE-USDT-SWAP_short.json,0.6060606060605424,0.09345,cancel_error,0.09385,0.09378,0.09378,DOGE-USDT-SWAP,0.0012,1.284109,3.636364,0.00025,0.267523,0.757576,0.09385,0.7758000000000581,1.0,-10.343999999999937,-0.42803638309256026,STOP_UNVERIFIED,2416.617,25.86,ATR стоп 2.0N,758.2677450315725,0.32999999999999835,short,False,ERROR,Turtle 55,2026-03-20 16:44:05,D:\GIT\okx-trading-bot\v09x\094\094_2\logs\trade_context\20260320_164405_DOGE-USDT-SWAP_short_trade.json,20260320_163641_DOGE-USDT-SWAP_short,0.0934,1
market_already_crossed_stop,,89.57,stopout_cooldown,517,0.24299999999999927,D:\GIT\okx-trading-bot\v09x\094\094_2\logs\entry_context\20260320_163519_SOL-USDT-SWAP_short.json,0.9876543209876363,88.61,cancel_error,89.16,89.096,89.096,SOL-USDT-SWAP,0.96,1.083399,1.975309,0.05,0.056427,0.102881,89.16,0.0,1.0,-15.795999999999918,-0.6206974382123882,STOP_UNVERIFIED,2544.8792,28.72,ATR стоп 2.0N,758.7787899000025,0.48599999999999854,short,False,ERROR,Turtle 20,2026-03-20 16:43:56,D:\GIT\okx-trading-bot\v09x\094\094_2\logs\trade_context\20260320_164356_SOL-USDT-SWAP_short_trade.json,20260320_163519_SOL-USDT-SWAP_short,88.57,1
market_already_crossed_stop,,72.55,stopout_cooldown,1719,0.3290000000000006,D:\GIT\okx-trading-bot\v09x\094\094_2\logs\entry_context\20260320_161506_XAG-USDT-SWAP_short.json,0.21276595744683058,71.27,cancel_error,71.82,71.77,71.928,XAG-USDT-SWAP,1.28,1.795987,1.945289,0.42,0.589308,0.638298,71.82,8.461699999999624,1.0,-20.234499999999898,-0.7717132033113474,STOP_UNVERIFIED,2622.0233,3679.0,ATR стоп 2.0N,758.5820712731792,0.006580000000000013,short,False,ERROR,Turtle 55,2026-03-20 16:43:46,D:\GIT\okx-trading-bot\v09x\094\094_2\logs\trade_context\20260320_164346_XAG-USDT-SWAP_short_trade.json,20260320_161505_XAG-USDT-SWAP_short,70.97,1
,,0.466,stopout_cooldown,1597,0.0009400000000000019,D:\GIT\okx-trading-bot\v09x\094\094_2\logs\entry_context\20260320_161559_MASK-USDT-SWAP_short.json,0.0,0.4645878326996198,cancel_error,0.4651,0.46458,0.4664678326996198,MASK-USDT-SWAP,0.00571217,1.229513,3.038387,0.00278783,0.600066,1.48289,0.4653,29.09180000000549,1.0,-37.736499999992056,-0.36861940508699204,HEALTHY,10253.010441666673,22092.0,ATR стоп 2.0N,758.5294437445968,0.0018800000000000038,short,True,ACTIVE,Turtle 20,2026-03-20 16:42:36,D:\GIT\okx-trading-bot\v09x\094\094_2\logs\trade_context\20260320_164236_MASK-USDT-SWAP_short_trade.json,20260320_161558_MASK-USDT-SWAP_short,0.4618,4
,,0.1006,ошибка:_первичный_стоп_не_подтверждён_на_бирже,108,0.00018500000000000252,D:\GIT\okx-trading-bot\v09x\094\094_2\logs\entry_context\20260320_163655_ARB-USDT-SWAP_short.json,1.0810810810810223,0.0999,cancel_error,0.1001,0.10027000000000001,0.10027000000000001,ARB-USDT-SWAP,0.0014,1.401401,3.783784,0.0,0.0,0.0,0.0999,0.0,1.0,-4.772599999999806,-0.20020020020019205,HEALTHY,2383.9137,2386.3,Ошибка: первичный стоп не подтверждён на бирже,758.2128438488879,0.0037000000000000505,short,True,ACTIVE,Turtle 20,2026-03-20 16:38:44,D:\GIT\okx-trading-bot\v09x\094\094_2\logs\trade_context\20260320_163844_ARB-USDT-SWAP_short_trade.json,20260320_163655_ARB-USDT-SWAP_short,0.0999,1
,,0.0963,ошибка:_первичный_стоп_не_подтверждён_на_бирже,75,0.00010500000000000093,D:\GIT\okx-trading-bot\v09x\094\094_2\logs\entry_context\20260320_163632_1INCH-USDT-SWAP_short.json,5.203741955617058,0.0951536070946602,cancel_error,0.0954,0.0953636070946602,0.0953636070946602,1INCH-USDT-SWAP,0.00164639,1.730247,7.839966,0.0,0.0,0.0,0.0951536070946602,0.0,1.0,-6.390199999987743,-0.2589422648945782,HEALTHY,2467.808800000012,25935.0,Ошибка: первичный стоп не подтверждён на бирже,758.280762921871,0.00021000000000000185,short,True,ACTIVE,Turtle 55,2026-03-20 16:37:48,D:\GIT\okx-trading-bot\v09x\094\094_2\logs\trade_context\20260320_163748_1INCH-USDT-SWAP_short_trade.json,20260320_163632_1INCH-USDT-SWAP_short,0.0951536070946602,1
,,0.2993,ошибка:_первичный_стоп_не_подтверждён_на_бирже,106,0.0003800000000000081,D:\GIT\okx-trading-bot\v09x\094\094_2\logs\entry_context\20260320_161555_LDO-USDT-SWAP_short.json,0.5262554390789042,0.29730002293315,cancelled,0.2978,0.29806002293315004,0.29806002293315004,LDO-USDT-SWAP,0.00259998,0.87453,3.421022,0.0,0.0,0.0,0.29730002293315,0.0,1.0,-4.36029999999894,-0.16817256248999135,HEALTHY,2592.753500000001,8721.0,Ошибка: первичный стоп не подтверждён на бирже,758.5676596958011,0.0007600000000000162,short,True,ACTIVE,Turtle 55,2026-03-20 16:17:41,D:\GIT\okx-trading-bot\v09x\094\094_2\logs\trade_context\20260320_161741_LDO-USDT-SWAP_short_trade.json,20260320_161555_LDO-USDT-SWAP_short,0.2973,1
market_already_crossed_stop,,0.2776,stopout_cooldown,442,0.00028499999999999636,D:\GIT\okx-trading-bot\v09x\094\094_2\logs\entry_context\20260320_155309_LQTY-USDT-SWAP_short.json,2.583969367704909,0.2755635687302041,cancel_error,0.2762,0.2761335687302041,0.2761335687302041,LQTY-USDT-SWAP,0.00313643,1.138188,5.502511,0.00016357,0.059358,0.286963,0.2762,0.0,1.0,-6.048069999997424,-0.2309562445894331,STOP_UNVERIFIED,2618.7081500000027,9503.1,ATR стоп 2.0N,758.7131723745313,0.0005699999999999927,short,False,ERROR,Turtle 20,2026-03-20 16:00:31,D:\GIT\okx-trading-bot\v09x\094\094_2\logs\trade_context\20260320_160031_LQTY-USDT-SWAP_short_trade.json,20260320_155308_LQTY-USDT-SWAP_short,0.2755635687302041,1
market_already_crossed_stop,,0.2728,stopout_cooldown,7,0.00048000000000000267,D:\GIT\okx-trading-bot\v09x\094\094_2\logs\entry_context\20260320_155043_ETHW-USDT-SWAP_short.json,3.750228309330729,0.2679998904115212,cancel_skipped,0.2692,0.26895989041152124,0.26895989041152124,ETHW-USDT-SWAP,0.00620011,2.313475,6.458447,0.0,0.0,0.0,0.2692,0.0,1.0,-11.71762999998902,-0.44780226836509857,STOP_UNVERIFIED,2616.6973300000113,97638.0,ATR стоп 2.0N,758.934114948362,9.600000000000054e-05,short,False,ERROR,Turtle 20,2026-03-20 15:50:50,D:\GIT\okx-trading-bot\v09x\094\094_2\logs\trade_context\20260320_155050_ETHW-USDT-SWAP_short_trade.json,20260320_155042_ETHW-USDT-SWAP_short,0.2679998904115212,1
