action,inst_id,latency_ms,price,qty,response_code,response_message,side,success,timestamp,trade_id
position_opened,DOGE-USDT-SWAP,0.0,0.0937,28.35,,,short,True,2026-03-20 15:49:56,20260320_154953_DOGE-USDT-SWAP_short
OPEN,DOGE-USDT-SWAP,0.0,0.0937,28.35,,Первичный вход,short,True,2026-03-20 15:49:56,20260320_154953_DOGE-USDT-SWAP_short
position_opened,ETHW-USDT-SWAP,0.0,0.2679998904115212,97638.0,,,short,True,2026-03-20 15:50:45,20260320_155042_ETHW-USDT-SWAP_short
OPEN,ETHW-USDT-SWAP,0.0,0.2679998904115212,97638.0,,Первичный вход,short,True,2026-03-20 15:50:45,20260320_155042_ETHW-USDT-SWAP_short
position_closed,ETHW-USDT-SWAP,0.0,0.0,97638.0,stopout_cooldown,ATR стоп 2.0N,short,True,2026-03-20 15:50:50,20260320_155042_ETHW-USDT-SWAP_short
CLOSE,ETHW-USDT-SWAP,0.0,0.2692,97638.0,,ATR стоп 2.0N,short,True,2026-03-20 15:50:50,20260320_155042_ETHW-USDT-SWAP_short
position_opened,LQTY-USDT-SWAP,0.0,0.2755635687302041,9503.1,,,short,True,2026-03-20 15:53:12,20260320_155308_LQTY-USDT-SWAP_short
OPEN,LQTY-USDT-SWAP,0.0,0.2755635687302041,9503.1,,Первичный вход,short,True,2026-03-20 15:53:12,20260320_155308_LQTY-USDT-SWAP_short
position_closed,LQTY-USDT-SWAP,0.0,0.0,9503.1,stopout_cooldown,ATR стоп 2.0N,short,True,2026-03-20 16:00:31,20260320_155308_LQTY-USDT-SWAP_short
CLOSE,LQTY-USDT-SWAP,0.0,0.2762,9503.1,,ATR стоп 2.0N,short,True,2026-03-20 16:00:31,20260320_155308_LQTY-USDT-SWAP_short
position_opened,XAG-USDT-SWAP,0.0,71.27,3679.0,,,short,True,2026-03-20 16:15:09,20260320_161505_XAG-USDT-SWAP_short
OPEN,XAG-USDT-SWAP,0.0,71.27,3679.0,,Первичный вход,short,True,2026-03-20 16:15:09,20260320_161505_XAG-USDT-SWAP_short
position_opened,LDO-USDT-SWAP,0.0,0.29730002293315,8721.0,,,short,True,2026-03-20 16:15:57,20260320_161555_LDO-USDT-SWAP_short
OPEN,LDO-USDT-SWAP,0.0,0.29730002293315,8721.0,,Первичный вход,short,True,2026-03-20 16:15:57,20260320_161555_LDO-USDT-SWAP_short
position_opened,MASK-USDT-SWAP,0.0,0.4645878326996198,5523.0,,,short,True,2026-03-20 16:16:01,20260320_161558_MASK-USDT-SWAP_short
OPEN,MASK-USDT-SWAP,0.0,0.4645878326996198,5523.0,,Первичный вход,short,True,2026-03-20 16:16:01,20260320_161558_MASK-USDT-SWAP_short
position_closed,LDO-USDT-SWAP,0.0,0.0,8721.0,ошибка:_первичный_стоп_не_подтверждён_на_бирже,Ошибка: первичный стоп не подтверждён на бирже,short,True,2026-03-20 16:17:41,20260320_161555_LDO-USDT-SWAP_short
CLOSE,LDO-USDT-SWAP,0.0,0.2978,8721.0,,Ошибка: первичный стоп не подтверждён на бирже,short,True,2026-03-20 16:17:41,20260320_161555_LDO-USDT-SWAP_short
position_opened,FLOKI-USDT-SWAP,0.0,2.967e-05,863.0,,,short,True,2026-03-20 16:35:18,20260320_163514_FLOKI-USDT-SWAP_short
OPEN,FLOKI-USDT-SWAP,0.0,2.967e-05,863.0,,Первичный вход,short,True,2026-03-20 16:35:18,20260320_163514_FLOKI-USDT-SWAP_short
position_opened,SOL-USDT-SWAP,0.0,88.61,28.72,,,short,True,2026-03-20 16:35:22,20260320_163519_SOL-USDT-SWAP_short
OPEN,SOL-USDT-SWAP,0.0,88.61,28.72,,Первичный вход,short,True,2026-03-20 16:35:22,20260320_163519_SOL-USDT-SWAP_short
position_opened,OP-USDT-SWAP,0.0,0.1234311090926946,20368.0,,,short,True,2026-03-20 16:35:27,20260320_163523_OP-USDT-SWAP_short
OPEN,OP-USDT-SWAP,0.0,0.1234311090926946,20368.0,,Первичный вход,short,True,2026-03-20 16:35:27,20260320_163523_OP-USDT-SWAP_short
position_opened,1INCH-USDT-SWAP,0.0,0.0951536070946602,25935.0,,,short,True,2026-03-20 16:36:35,20260320_163632_1INCH-USDT-SWAP_short
OPEN,1INCH-USDT-SWAP,0.0,0.0951536070946602,25935.0,,Первичный вход,short,True,2026-03-20 16:36:35,20260320_163632_1INCH-USDT-SWAP_short
position_opened,BTC-USDT-SWAP,0.0,70027.68137535817,3.49,,,short,True,2026-03-20 16:36:40,20260320_163636_BTC-USDT-SWAP_short
OPEN,BTC-USDT-SWAP,0.0,70027.68137535817,3.49,,Первичный вход,short,True,2026-03-20 16:36:40,20260320_163636_BTC-USDT-SWAP_short
position_opened,DOGE-USDT-SWAP,0.0,0.09345,25.86,,,short,True,2026-03-20 16:36:44,20260320_163641_DOGE-USDT-SWAP_short
OPEN,DOGE-USDT-SWAP,0.0,0.09345,25.86,,Первичный вход,short,True,2026-03-20 16:36:44,20260320_163641_DOGE-USDT-SWAP_short
position_opened,LINK-USDT-SWAP,0.0,9.033,264.39,,,short,True,2026-03-20 16:36:49,20260320_163645_LINK-USDT-SWAP_short
OPEN,LINK-USDT-SWAP,0.0,9.033,264.39,,Первичный вход,short,True,2026-03-20 16:36:49,20260320_163645_LINK-USDT-SWAP_short
position_opened,BCH-USDT-SWAP,0.0,464.6,51.93,,,short,True,2026-03-20 16:36:53,20260320_163650_BCH-USDT-SWAP_short
OPEN,BCH-USDT-SWAP,0.0,464.6,51.93,,Первичный вход,short,True,2026-03-20 16:36:53,20260320_163650_BCH-USDT-SWAP_short
position_opened,ARB-USDT-SWAP,0.0,0.0999,2386.3,,,short,True,2026-03-20 16:36:58,20260320_163655_ARB-USDT-SWAP_short
OPEN,ARB-USDT-SWAP,0.0,0.0999,2386.3,,Первичный вход,short,True,2026-03-20 16:36:58,20260320_163655_ARB-USDT-SWAP_short
position_closed,1INCH-USDT-SWAP,0.0,0.0,25935.0,ошибка:_первичный_стоп_не_подтверждён_на_бирже,Ошибка: первичный стоп не подтверждён на бирже,short,True,2026-03-20 16:37:47,20260320_163632_1INCH-USDT-SWAP_short
CLOSE,1INCH-USDT-SWAP,0.0,0.0954,25935.0,,Ошибка: первичный стоп не подтверждён на бирже,short,True,2026-03-20 16:37:47,20260320_163632_1INCH-USDT-SWAP_short
position_closed,ARB-USDT-SWAP,0.0,0.0,2386.3,ошибка:_первичный_стоп_не_подтверждён_на_бирже,Ошибка: первичный стоп не подтверждён на бирже,short,True,2026-03-20 16:38:43,20260320_163655_ARB-USDT-SWAP_short
CLOSE,ARB-USDT-SWAP,0.0,0.1001,2386.3,,Ошибка: первичный стоп не подтверждён на бирже,short,True,2026-03-20 16:38:43,20260320_163655_ARB-USDT-SWAP_short
position_opened,OP-USDT-SWAP,0.0,0.1237053171209233,19409.0,,,short,True,2026-03-20 16:39:12,20260320_163910_OP-USDT-SWAP_short
OPEN,OP-USDT-SWAP,0.0,0.1237053171209233,19409.0,,Первичный вход,short,True,2026-03-20 16:39:12,20260320_163910_OP-USDT-SWAP_short
position_closed,MASK-USDT-SWAP,0.0,0.0,22092.0,stopout_cooldown,ATR стоп 2.0N,short,True,2026-03-20 16:42:36,20260320_161558_MASK-USDT-SWAP_short
CLOSE,MASK-USDT-SWAP,0.0,0.4651,22092.0,,ATR стоп 2.0N,short,True,2026-03-20 16:42:36,20260320_161558_MASK-USDT-SWAP_short
position_closed,XAG-USDT-SWAP,0.0,0.0,3679.0,stopout_cooldown,ATR стоп 2.0N,short,True,2026-03-20 16:43:45,20260320_161505_XAG-USDT-SWAP_short
CLOSE,XAG-USDT-SWAP,0.0,71.82,3679.0,,ATR стоп 2.0N,short,True,2026-03-20 16:43:45,20260320_161505_XAG-USDT-SWAP_short
position_closed,SOL-USDT-SWAP,0.0,0.0,28.72,stopout_cooldown,ATR стоп 2.0N,short,True,2026-03-20 16:43:56,20260320_163519_SOL-USDT-SWAP_short
CLOSE,SOL-USDT-SWAP,0.0,89.16,28.72,,ATR стоп 2.0N,short,True,2026-03-20 16:43:56,20260320_163519_SOL-USDT-SWAP_short
position_closed,DOGE-USDT-SWAP,0.0,0.0,25.86,stopout_cooldown,ATR стоп 2.0N,short,True,2026-03-20 16:44:05,20260320_163641_DOGE-USDT-SWAP_short
CLOSE,DOGE-USDT-SWAP,0.0,0.09385,25.86,,ATR стоп 2.0N,short,True,2026-03-20 16:44:05,20260320_163641_DOGE-USDT-SWAP_short
position_closed,OP-USDT-SWAP,0.0,0.0,19409.0,stopout_cooldown,ATR стоп 2.0N,short,True,2026-03-20 16:44:22,20260320_163910_OP-USDT-SWAP_short
CLOSE,OP-USDT-SWAP,0.0,0.1244,19409.0,,ATR стоп 2.0N,short,True,2026-03-20 16:44:22,20260320_163910_OP-USDT-SWAP_short
position_opened,YFI-USDT-SWAP,0.0,2750.324273575999,9533.0,,,long,True,2026-03-20 16:46:04,20260320_164602_YFI-USDT-SWAP_long
OPEN,YFI-USDT-SWAP,0.0,2750.324273575999,9533.0,,Первичный вход,long,True,2026-03-20 16:46:04,20260320_164602_YFI-USDT-SWAP_long
position_opened,LQTY-USDT-SWAP,0.0,0.2786487093476458,9390.6,,,long,True,2026-03-20 16:46:07,20260320_164605_LQTY-USDT-SWAP_long
OPEN,LQTY-USDT-SWAP,0.0,0.2786487093476458,9390.6,,Первичный вход,long,True,2026-03-20 16:46:07,20260320_164605_LQTY-USDT-SWAP_long
position_closed,BTC-USDT-SWAP,0.0,0.0,3.49,stopout_cooldown,ATR стоп 2.0N,short,True,2026-03-20 16:46:08,20260320_163636_BTC-USDT-SWAP_short
CLOSE,BTC-USDT-SWAP,0.0,70371.8,3.49,,ATR стоп 2.0N,short,True,2026-03-20 16:46:08,20260320_163636_BTC-USDT-SWAP_short
position_closed,BCH-USDT-SWAP,0.0,0.0,51.93,stopout_cooldown,ATR стоп 2.0N,short,True,2026-03-20 16:46:10,20260320_163650_BCH-USDT-SWAP_short
CLOSE,BCH-USDT-SWAP,0.0,466.4,51.93,,ATR стоп 2.0N,short,True,2026-03-20 16:46:10,20260320_163650_BCH-USDT-SWAP_short
position_opened,LQTY-USDT-SWAP,0.0,0.2786379914152121,9388.7,,,long,True,2026-03-20 16:46:34,20260320_164632_LQTY-USDT-SWAP_long
OPEN,LQTY-USDT-SWAP,0.0,0.2786379914152121,9388.7,,Первичный вход,long,True,2026-03-20 16:46:34,20260320_164632_LQTY-USDT-SWAP_long
position_opened,YFI-USDT-SWAP,0.0,2745.287794117647,9520.0,,,long,True,2026-03-20 16:47:22,20260320_164720_YFI-USDT-SWAP_long
OPEN,YFI-USDT-SWAP,0.0,2745.287794117647,9520.0,,Первичный вход,long,True,2026-03-20 16:47:22,20260320_164720_YFI-USDT-SWAP_long
position_closed,LQTY-USDT-SWAP,0.0,0.0,9388.7,stopout_cooldown,ATR стоп 2.0N,long,True,2026-03-20 16:50:46,20260320_164632_LQTY-USDT-SWAP_long
CLOSE,LQTY-USDT-SWAP,0.0,0.2777,9388.7,,ATR стоп 2.0N,long,True,2026-03-20 16:50:46,20260320_164632_LQTY-USDT-SWAP_long
position_opened,XAG-USDT-SWAP,0.0,70.83,3609.0,,,short,True,2026-03-20 16:55:26,20260320_165523_XAG-USDT-SWAP_short
OPEN,XAG-USDT-SWAP,0.0,70.83,3609.0,,Первичный вход,short,True,2026-03-20 16:55:26,20260320_165523_XAG-USDT-SWAP_short
position_opened,OP-USDT-SWAP,0.0,0.122944542705234,20501.0,,,short,True,2026-03-20 17:15:23,20260320_171521_OP-USDT-SWAP_short
OPEN,OP-USDT-SWAP,0.0,0.122944542705234,20501.0,,Первичный вход,short,True,2026-03-20 17:15:23,20260320_171521_OP-USDT-SWAP_short
position_opened,LQTY-USDT-SWAP,0.0,0.2793778991194382,8982.9,,,long,True,2026-03-20 17:15:26,20260320_171524_LQTY-USDT-SWAP_long
OPEN,LQTY-USDT-SWAP,0.0,0.2793778991194382,8982.9,,Первичный вход,long,True,2026-03-20 17:15:26,20260320_171524_LQTY-USDT-SWAP_long
position_opened,ARB-USDT-SWAP,0.0,0.0993295893380437,2491.1,,,short,True,2026-03-20 17:20:26,20260320_172023_ARB-USDT-SWAP_short
OPEN,ARB-USDT-SWAP,0.0,0.0993295893380437,2491.1,,Первичный вход,short,True,2026-03-20 17:20:26,20260320_172023_ARB-USDT-SWAP_short
position_opened,CFX-USDT-SWAP,0.0,0.06336,3860.3,,,short,True,2026-03-20 17:20:29,20260320_172027_CFX-USDT-SWAP_short
OPEN,CFX-USDT-SWAP,0.0,0.06336,3860.3,,Первичный вход,short,True,2026-03-20 17:20:29,20260320_172027_CFX-USDT-SWAP_short
position_opened,AUCTION-USDT-SWAP,0.0,4.865627833145797,4976.8,,,short,True,2026-03-20 17:20:32,20260320_172030_AUCTION-USDT-SWAP_short
OPEN,AUCTION-USDT-SWAP,0.0,4.865627833145797,4976.8,,Первичный вход,short,True,2026-03-20 17:20:32,20260320_172030_AUCTION-USDT-SWAP_short
position_closed,ARB-USDT-SWAP,0.0,0.0,2491.1,stopout_cooldown,ATR стоп 2.0N,short,True,2026-03-20 17:27:10,20260320_172023_ARB-USDT-SWAP_short
CLOSE,ARB-USDT-SWAP,0.0,0.1,2491.1,,ATR стоп 2.0N,short,True,2026-03-20 17:27:10,20260320_172023_ARB-USDT-SWAP_short
position_opened,BCH-USDT-SWAP,0.0,469.8,52.58,,,long,True,2026-03-20 17:30:40,20260320_173038_BCH-USDT-SWAP_long
OPEN,BCH-USDT-SWAP,0.0,469.8,52.58,,Первичный вход,long,True,2026-03-20 17:30:40,20260320_173038_BCH-USDT-SWAP_long
position_closed,LQTY-USDT-SWAP,0.0,0.0,8982.9,stopout_cooldown,ATR стоп 2.0N,long,True,2026-03-20 17:43:01,20260320_171524_LQTY-USDT-SWAP_long
CLOSE,LQTY-USDT-SWAP,0.0,0.2786,8982.9,,ATR стоп 2.0N,long,True,2026-03-20 17:43:01,20260320_171524_LQTY-USDT-SWAP_long
position_closed,BCH-USDT-SWAP,0.0,0.0,105.16,stopout_cooldown,ATR стоп 2.0N,long,True,2026-03-20 17:54:20,20260320_173038_BCH-USDT-SWAP_long
CLOSE,BCH-USDT-SWAP,0.0,469.4,105.16,,ATR стоп 2.0N,long,True,2026-03-20 17:54:20,20260320_173038_BCH-USDT-SWAP_long
position_opened,COMP-USDT-SWAP,0.0,18.93,1331.9,,,short,True,2026-03-20 17:55:37,20260320_175533_COMP-USDT-SWAP_short
OPEN,COMP-USDT-SWAP,0.0,18.93,1331.9,,Первичный вход,short,True,2026-03-20 17:55:37,20260320_175533_COMP-USDT-SWAP_short
position_opened,MASK-USDT-SWAP,0.0,0.4606924357314593,5407.0,,,short,True,2026-03-20 17:55:41,20260320_175537_MASK-USDT-SWAP_short
OPEN,MASK-USDT-SWAP,0.0,0.4606924357314593,5407.0,,Первичный вход,short,True,2026-03-20 17:55:41,20260320_175537_MASK-USDT-SWAP_short
position_opened,XLM-USDT-SWAP,0.0,0.1655500013435444,148.86,,,short,True,2026-03-20 18:05:20,20260320_180518_XLM-USDT-SWAP_short
OPEN,XLM-USDT-SWAP,0.0,0.1655500013435444,148.86,,Первичный вход,short,True,2026-03-20 18:05:20,20260320_180518_XLM-USDT-SWAP_short
position_opened,YFI-USDT-SWAP,0.0,2720.0064781961773,8737.0,,,short,True,2026-03-20 18:05:24,20260320_180522_YFI-USDT-SWAP_short
OPEN,YFI-USDT-SWAP,0.0,2720.0064781961773,8737.0,,Первичный вход,short,True,2026-03-20 18:05:24,20260320_180522_YFI-USDT-SWAP_short
position_opened,OP-USDT-SWAP,0.0,0.1222072973958334,19200.0,,,short,True,2026-03-20 18:05:28,20260320_180525_OP-USDT-SWAP_short
OPEN,OP-USDT-SWAP,0.0,0.1222072973958334,19200.0,,Первичный вход,short,True,2026-03-20 18:05:28,20260320_180525_OP-USDT-SWAP_short
position_opened,TRX-USDT-SWAP,0.0,0.3057,7.63,,,short,True,2026-03-20 18:05:31,20260320_180529_TRX-USDT-SWAP_short
OPEN,TRX-USDT-SWAP,0.0,0.3057,7.63,,Первичный вход,short,True,2026-03-20 18:05:31,20260320_180529_TRX-USDT-SWAP_short
position_opened,LTC-USDT-SWAP,0.0,55.2,40.7,,,short,True,2026-03-20 18:10:10,20260320_181008_LTC-USDT-SWAP_short
OPEN,LTC-USDT-SWAP,0.0,55.2,40.7,,Первичный вход,short,True,2026-03-20 18:10:10,20260320_181008_LTC-USDT-SWAP_short
position_opened,MINA-USDT-SWAP,0.0,0.0601529414652123,8149.0,,,short,True,2026-03-20 18:10:14,20260320_181011_MINA-USDT-SWAP_short
OPEN,MINA-USDT-SWAP,0.0,0.0601529414652123,8149.0,,Первичный вход,short,True,2026-03-20 18:10:14,20260320_181011_MINA-USDT-SWAP_short
position_opened,BTC-USDT-SWAP,0.0,69550.0,3.03,,,short,True,2026-03-20 18:10:53,20260320_181051_BTC-USDT-SWAP_short
OPEN,BTC-USDT-SWAP,0.0,69550.0,3.03,,Первичный вход,short,True,2026-03-20 18:10:53,20260320_181051_BTC-USDT-SWAP_short
position_opened,IOTA-USDT-SWAP,0.0,0.06177,3378.0,,,short,True,2026-03-20 18:10:57,20260320_181054_IOTA-USDT-SWAP_short
OPEN,IOTA-USDT-SWAP,0.0,0.06177,3378.0,,Первичный вход,short,True,2026-03-20 18:10:57,20260320_181054_IOTA-USDT-SWAP_short
position_opened,MINA-USDT-SWAP,0.0,0.0605279288007173,34579.0,,,short,True,2026-03-20 18:14:08,20260320_181405_MINA-USDT-SWAP_short
OPEN,MINA-USDT-SWAP,0.0,0.0605279288007173,34579.0,,Первичный вход,short,True,2026-03-20 18:14:08,20260320_181405_MINA-USDT-SWAP_short
position_closed,BTC-USDT-SWAP,0.0,0.0,3.03,stopout_cooldown,ATR стоп 2.0N,short,True,2026-03-20 18:18:17,20260320_181051_BTC-USDT-SWAP_short
CLOSE,BTC-USDT-SWAP,0.0,70228.9,3.03,,ATR стоп 2.0N,short,True,2026-03-20 18:18:17,20260320_181051_BTC-USDT-SWAP_short
position_opened,ENA-USDT-SWAP,0.0,0.1009557307200684,2347.0,,,short,True,2026-03-20 18:20:36,20260320_182034_ENA-USDT-SWAP_short
OPEN,ENA-USDT-SWAP,0.0,0.1009557307200684,2347.0,,Первичный вход,short,True,2026-03-20 18:20:36,20260320_182034_ENA-USDT-SWAP_short
position_opened,ENA-USDT-SWAP,0.0,0.101874897456932,2438.0,,,short,True,2026-03-20 18:23:52,20260320_182350_ENA-USDT-SWAP_short
OPEN,ENA-USDT-SWAP,0.0,0.101874897456932,2438.0,,Первичный вход,short,True,2026-03-20 18:23:52,20260320_182350_ENA-USDT-SWAP_short
position_opened,TRX-USDT-SWAP,0.0,0.308,7.82,,,long,True,2026-03-20 18:45:21,20260320_184519_TRX-USDT-SWAP_long
OPEN,TRX-USDT-SWAP,0.0,0.308,7.82,,Первичный вход,long,True,2026-03-20 18:45:21,20260320_184519_TRX-USDT-SWAP_long
position_opened,ETHW-USDT-SWAP,0.0,0.2707000045428219,88051.0,,,long,True,2026-03-20 18:50:25,20260320_185023_ETHW-USDT-SWAP_long
OPEN,ETHW-USDT-SWAP,0.0,0.2707000045428219,88051.0,,Первичный вход,long,True,2026-03-20 18:50:25,20260320_185023_ETHW-USDT-SWAP_long
position_closed,TRX-USDT-SWAP,0.0,0.0,7.82,stopout_cooldown,ATR стоп 2.0N,long,True,2026-03-20 19:03:23,20260320_184519_TRX-USDT-SWAP_long
CLOSE,TRX-USDT-SWAP,0.0,0.307,7.82,,ATR стоп 2.0N,long,True,2026-03-20 19:03:23,20260320_184519_TRX-USDT-SWAP_long
position_opened,YFI-USDT-SWAP,0.0,2770.1100139405203,8608.0,,,long,True,2026-03-20 19:05:44,20260320_190541_YFI-USDT-SWAP_long
OPEN,YFI-USDT-SWAP,0.0,2770.1100139405203,8608.0,,Первичный вход,long,True,2026-03-20 19:05:44,20260320_190541_YFI-USDT-SWAP_long
position_opened,LPT-USDT-SWAP,0.0,2.2333575149161855,10559.0,,,long,True,2026-03-20 19:05:47,20260320_190545_LPT-USDT-SWAP_long
OPEN,LPT-USDT-SWAP,0.0,2.2333575149161855,10559.0,,Первичный вход,long,True,2026-03-20 19:05:47,20260320_190545_LPT-USDT-SWAP_long
position_closed,LPT-USDT-SWAP,0.0,0.0,10559.0,ошибка:_первичный_стоп_не_подтверждён_на_бирже,Ошибка: первичный стоп не подтверждён на бирже,long,True,2026-03-20 19:06:43,20260320_190545_LPT-USDT-SWAP_long
CLOSE,LPT-USDT-SWAP,0.0,2.231,10559.0,,Ошибка: первичный стоп не подтверждён на бирже,long,True,2026-03-20 19:06:43,20260320_190545_LPT-USDT-SWAP_long
position_opened,LQTY-USDT-SWAP,0.0,0.2807506013473002,8505.9,,,long,True,2026-03-20 19:15:19,20260320_191516_LQTY-USDT-SWAP_long
OPEN,LQTY-USDT-SWAP,0.0,0.2807506013473002,8505.9,,Первичный вход,long,True,2026-03-20 19:15:19,20260320_191516_LQTY-USDT-SWAP_long
position_opened,LIT-USDT-SWAP,0.0,1.163,202.0,,,long,True,2026-03-20 19:15:22,20260320_191520_LIT-USDT-SWAP_long
OPEN,LIT-USDT-SWAP,0.0,1.163,202.0,,Первичный вход,long,True,2026-03-20 19:15:22,20260320_191520_LIT-USDT-SWAP_long
position_closed,LIT-USDT-SWAP,0.0,0.0,202.0,ошибка:_первичный_стоп_не_подтверждён_на_бирже,Ошибка: первичный стоп не подтверждён на бирже,long,True,2026-03-20 19:16:26,20260320_191520_LIT-USDT-SWAP_long
CLOSE,LIT-USDT-SWAP,0.0,1.163,202.0,,Ошибка: первичный стоп не подтверждён на бирже,long,True,2026-03-20 19:16:26,20260320_191520_LIT-USDT-SWAP_long
position_opened,IOTA-USDT-SWAP,0.0,0.0622670734808035,3933.0,,,long,True,2026-03-20 19:20:15,20260320_192012_IOTA-USDT-SWAP_long
OPEN,IOTA-USDT-SWAP,0.0,0.0622670734808035,3933.0,,Первичный вход,long,True,2026-03-20 19:20:15,20260320_192012_IOTA-USDT-SWAP_long
position_opened,LIT-USDT-SWAP,0.0,1.17,202.0,,,long,True,2026-03-20 19:25:12,20260320_192510_LIT-USDT-SWAP_long
OPEN,LIT-USDT-SWAP,0.0,1.17,202.0,,Первичный вход,long,True,2026-03-20 19:25:12,20260320_192510_LIT-USDT-SWAP_long
position_opened,FLOKI-USDT-SWAP,0.0,2.985e-05,776.0,,,long,True,2026-03-20 19:25:45,20260320_192543_FLOKI-USDT-SWAP_long
OPEN,FLOKI-USDT-SWAP,0.0,2.985e-05,776.0,,Первичный вход,long,True,2026-03-20 19:25:45,20260320_192543_FLOKI-USDT-SWAP_long
position_closed,YFI-USDT-SWAP,0.0,0.0,8608.0,stopout_cooldown,ATR стоп 2.0N,long,True,2026-03-20 19:31:38,20260320_190541_YFI-USDT-SWAP_long
CLOSE,YFI-USDT-SWAP,0.0,2759.5,8608.0,,ATR стоп 2.0N,long,True,2026-03-20 19:31:38,20260320_190541_YFI-USDT-SWAP_long
position_closed,LIT-USDT-SWAP,0.0,0.0,202.0,stopout_cooldown,ATR стоп 2.0N,long,True,2026-03-20 19:32:08,20260320_192510_LIT-USDT-SWAP_long
CLOSE,LIT-USDT-SWAP,0.0,1.161,202.0,,ATR стоп 2.0N,long,True,2026-03-20 19:32:08,20260320_192510_LIT-USDT-SWAP_long
position_closed,FLOKI-USDT-SWAP,0.0,0.0,1552.0,stopout_cooldown,ATR стоп 2.0N,long,True,2026-03-20 19:32:12,20260320_192543_FLOKI-USDT-SWAP_long
CLOSE,FLOKI-USDT-SWAP,0.0,2.968e-05,1552.0,,ATR стоп 2.0N,long,True,2026-03-20 19:32:12,20260320_192543_FLOKI-USDT-SWAP_long
position_closed,IOTA-USDT-SWAP,0.0,0.0,3933.0,stopout_cooldown,ATR стоп 2.0N,long,True,2026-03-20 19:38:41,20260320_192012_IOTA-USDT-SWAP_long
CLOSE,IOTA-USDT-SWAP,0.0,0.06207,3933.0,,ATR стоп 2.0N,long,True,2026-03-20 19:38:41,20260320_192012_IOTA-USDT-SWAP_long
position_opened,ETHFI-USDT-SWAP,0.0,0.5721,4140.0,,,long,True,2026-03-20 19:50:15,20260320_195012_ETHFI-USDT-SWAP_long
OPEN,ETHFI-USDT-SWAP,0.0,0.5721,4140.0,,Первичный вход,long,True,2026-03-20 19:50:15,20260320_195012_ETHFI-USDT-SWAP_long
position_opened,CELO-USDT-SWAP,0.0,0.0847465491636759,25588.0,,,long,True,2026-03-20 19:50:19,20260320_195016_CELO-USDT-SWAP_long
OPEN,CELO-USDT-SWAP,0.0,0.0847465491636759,25588.0,,Первичный вход,long,True,2026-03-20 19:50:19,20260320_195016_CELO-USDT-SWAP_long
position_closed,CELO-USDT-SWAP,0.0,0.0,25588.0,ошибка:_первичный_стоп_не_подтверждён_на_бирже,Ошибка: первичный стоп не подтверждён на бирже,long,True,2026-03-20 19:51:05,20260320_195016_CELO-USDT-SWAP_long
CLOSE,CELO-USDT-SWAP,0.0,0.0838,25588.0,,Ошибка: первичный стоп не подтверждён на бирже,long,True,2026-03-20 19:51:05,20260320_195016_CELO-USDT-SWAP_long
position_opened,CFX-USDT-SWAP,0.0,0.0639099439843479,3731.1,,,long,True,2026-03-20 20:00:26,20260320_200023_CFX-USDT-SWAP_long
OPEN,CFX-USDT-SWAP,0.0,0.0639099439843479,3731.1,,Первичный вход,long,True,2026-03-20 20:00:26,20260320_200023_CFX-USDT-SWAP_long
OPEN,COMP-USDT-SWAP,0.0,19.07,1235.4,,Первичный вход,long,True,2026-03-20 20:00:28,20260320_200026_COMP-USDT-SWAP_long
position_opened,COMP-USDT-SWAP,0.0,19.07,1235.4,,,long,True,2026-03-20 20:00:29,20260320_200026_COMP-USDT-SWAP_long
position_opened,OP-USDT-SWAP,0.0,0.1237991884531591,18360.0,,,long,True,2026-03-20 20:05:31,20260320_200528_OP-USDT-SWAP_long
OPEN,OP-USDT-SWAP,0.0,0.1237991884531591,18360.0,,Первичный вход,long,True,2026-03-20 20:05:31,20260320_200528_OP-USDT-SWAP_long
position_closed,MINA-USDT-SWAP,0.0,0.0,138316.0,канальный_выход_10_свечей,Канальный выход 10 свечей,short,True,2026-03-20 20:05:33,20260320_181405_MINA-USDT-SWAP_short
CLOSE,MINA-USDT-SWAP,0.0,0.06038,138316.0,,Канальный выход 10 свечей,short,True,2026-03-20 20:05:33,20260320_181405_MINA-USDT-SWAP_short
position_closed,ETHFI-USDT-SWAP,0.0,0.0,12420.0,stopout_cooldown,ATR стоп 2.0N,long,True,2026-03-20 20:09:12,20260320_195012_ETHFI-USDT-SWAP_long
CLOSE,ETHFI-USDT-SWAP,0.0,0.5708,12420.0,,ATR стоп 2.0N,long,True,2026-03-20 20:09:12,20260320_195012_ETHFI-USDT-SWAP_long
position_opened,AUCTION-USDT-SWAP,0.0,4.886210993438242,5013.9,,,long,True,2026-03-20 20:20:29,20260320_202027_AUCTION-USDT-SWAP_long
OPEN,AUCTION-USDT-SWAP,0.0,4.886210993438242,5013.9,,Первичный вход,long,True,2026-03-20 20:20:29,20260320_202027_AUCTION-USDT-SWAP_long
position_closed,AUCTION-USDT-SWAP,0.0,0.0,5013.9,stopout_cooldown,ATR стоп 2.0N,long,True,2026-03-20 20:27:16,20260320_202027_AUCTION-USDT-SWAP_long
CLOSE,AUCTION-USDT-SWAP,0.0,4.872,5013.9,,ATR стоп 2.0N,long,True,2026-03-20 20:27:16,20260320_202027_AUCTION-USDT-SWAP_long
position_opened,LIT-USDT-SWAP,0.0,1.15,210.0,,,short,True,2026-03-20 20:30:15,20260320_203012_LIT-USDT-SWAP_short
OPEN,LIT-USDT-SWAP,0.0,1.15,210.0,,Первичный вход,short,True,2026-03-20 20:30:15,20260320_203012_LIT-USDT-SWAP_short
position_closed,LIT-USDT-SWAP,0.0,0.0,210.0,ошибка:_первичный_стоп_не_подтверждён_на_бирже,Ошибка: первичный стоп не подтверждён на бирже,short,True,2026-03-20 20:31:53,20260320_203012_LIT-USDT-SWAP_short
CLOSE,LIT-USDT-SWAP,0.0,1.15,210.0,,Ошибка: первичный стоп не подтверждён на бирже,short,True,2026-03-20 20:31:53,20260320_203012_LIT-USDT-SWAP_short
position_closed,OP-USDT-SWAP,0.0,0.0,18360.0,stopout_cooldown,ATR стоп 2.0N,long,True,2026-03-20 20:33:04,20260320_200528_OP-USDT-SWAP_long
CLOSE,OP-USDT-SWAP,0.0,0.123,18360.0,,ATR стоп 2.0N,long,True,2026-03-20 20:33:04,20260320_200528_OP-USDT-SWAP_long
position_opened,SOL-USDT-SWAP,0.0,88.28,27.28,,,short,True,2026-03-20 20:35:11,20260320_203509_SOL-USDT-SWAP_short
OPEN,SOL-USDT-SWAP,0.0,88.28,27.28,,Первичный вход,short,True,2026-03-20 20:35:11,20260320_203509_SOL-USDT-SWAP_short
position_opened,XRP-USDT-SWAP,0.0,1.431447805171377,16.63,,,short,True,2026-03-20 20:35:14,20260320_203512_XRP-USDT-SWAP_short
OPEN,XRP-USDT-SWAP,0.0,1.431447805171377,16.63,,Первичный вход,short,True,2026-03-20 20:35:14,20260320_203512_XRP-USDT-SWAP_short
position_opened,LTC-USDT-SWAP,0.0,55.33,42.5,,,short,True,2026-03-20 20:35:17,20260320_203515_LTC-USDT-SWAP_short
OPEN,LTC-USDT-SWAP,0.0,55.33,42.5,,Первичный вход,short,True,2026-03-20 20:35:17,20260320_203515_LTC-USDT-SWAP_short
position_opened,LINK-USDT-SWAP,0.0,8.977,259.01,,,short,True,2026-03-20 20:35:20,20260320_203518_LINK-USDT-SWAP_short
OPEN,LINK-USDT-SWAP,0.0,8.977,259.01,,Первичный вход,short,True,2026-03-20 20:35:20,20260320_203518_LINK-USDT-SWAP_short
position_opened,YFI-USDT-SWAP,0.0,2742.1115375531413,8468.0,,,short,True,2026-03-20 20:35:23,20260320_203521_YFI-USDT-SWAP_short
OPEN,YFI-USDT-SWAP,0.0,2742.1115375531413,8468.0,,Первичный вход,short,True,2026-03-20 20:35:23,20260320_203521_YFI-USDT-SWAP_short
position_opened,IOTA-USDT-SWAP,0.0,0.0618936582073435,3704.0,,,short,True,2026-03-20 20:35:26,20260320_203524_IOTA-USDT-SWAP_short
OPEN,IOTA-USDT-SWAP,0.0,0.0618936582073435,3704.0,,Первичный вход,short,True,2026-03-20 20:35:26,20260320_203524_IOTA-USDT-SWAP_short
position_opened,CRV-USDT-SWAP,0.0,0.2327,9751.0,,,short,True,2026-03-20 20:36:08,20260320_203606_CRV-USDT-SWAP_short
OPEN,CRV-USDT-SWAP,0.0,0.2327,9751.0,,Первичный вход,short,True,2026-03-20 20:36:08,20260320_203606_CRV-USDT-SWAP_short
position_opened,AVAX-USDT-SWAP,0.0,9.421020176544767,237.9,,,short,True,2026-03-20 20:36:11,20260320_203609_AVAX-USDT-SWAP_short
OPEN,AVAX-USDT-SWAP,0.0,9.421020176544767,237.9,,Первичный вход,short,True,2026-03-20 20:36:11,20260320_203609_AVAX-USDT-SWAP_short
position_opened,AAVE-USDT-SWAP,0.0,109.68,202.0,,,short,True,2026-03-20 20:36:14,20260320_203612_AAVE-USDT-SWAP_short
OPEN,AAVE-USDT-SWAP,0.0,109.68,202.0,,Первичный вход,short,True,2026-03-20 20:36:14,20260320_203612_AAVE-USDT-SWAP_short
position_closed,LTC-USDT-SWAP,0.0,0.0,85.0,stopout_cooldown,ATR стоп 2.0N,short,True,2026-03-20 20:51:48,20260320_203515_LTC-USDT-SWAP_short
CLOSE,LTC-USDT-SWAP,0.0,55.4,85.0,,ATR стоп 2.0N,short,True,2026-03-20 20:51:48,20260320_203515_LTC-USDT-SWAP_short
position_closed,LINK-USDT-SWAP,0.0,0.0,259.01,stopout_cooldown,ATR стоп 2.0N,short,True,2026-03-20 20:54:05,20260320_203518_LINK-USDT-SWAP_short
CLOSE,LINK-USDT-SWAP,0.0,9.001,259.01,,ATR стоп 2.0N,short,True,2026-03-20 20:54:05,20260320_203518_LINK-USDT-SWAP_short
position_closed,AAVE-USDT-SWAP,0.0,0.0,202.0,stopout_cooldown,ATR стоп 2.0N,short,True,2026-03-20 20:54:13,20260320_203612_AAVE-USDT-SWAP_short
CLOSE,AAVE-USDT-SWAP,0.0,110.14,202.0,,ATR стоп 2.0N,short,True,2026-03-20 20:54:13,20260320_203612_AAVE-USDT-SWAP_short
position_closed,AVAX-USDT-SWAP,0.0,0.0,237.9,stopout_cooldown,ATR стоп 2.0N,short,True,2026-03-20 20:55:42,20260320_203609_AVAX-USDT-SWAP_short
CLOSE,AVAX-USDT-SWAP,0.0,9.455,237.9,,ATR стоп 2.0N,short,True,2026-03-20 20:55:42,20260320_203609_AVAX-USDT-SWAP_short
position_closed,CRV-USDT-SWAP,0.0,0.0,9751.0,stopout_cooldown,ATR стоп 2.0N,short,True,2026-03-20 20:56:20,20260320_203606_CRV-USDT-SWAP_short
CLOSE,CRV-USDT-SWAP,0.0,0.2335,9751.0,,ATR стоп 2.0N,short,True,2026-03-20 20:56:20,20260320_203606_CRV-USDT-SWAP_short
position_opened,INJ-USDT-SWAP,0.0,3.097,8036.0,,,long,True,2026-03-20 20:57:24,20260320_205721_INJ-USDT-SWAP_long
OPEN,INJ-USDT-SWAP,0.0,3.097,8036.0,,Первичный вход,long,True,2026-03-20 20:57:24,20260320_205721_INJ-USDT-SWAP_long
position_closed,INJ-USDT-SWAP,0.0,0.0,8036.0,ошибка:_первичный_стоп_не_подтверждён_на_бирже,Ошибка: первичный стоп не подтверждён на бирже,long,True,2026-03-20 20:58:57,20260320_205721_INJ-USDT-SWAP_long
CLOSE,INJ-USDT-SWAP,0.0,3.101,8036.0,,Ошибка: первичный стоп не подтверждён на бирже,long,True,2026-03-20 20:58:57,20260320_205721_INJ-USDT-SWAP_long
position_opened,INJ-USDT-SWAP,0.0,3.103,8036.0,,,long,True,2026-03-20 20:59:26,20260320_205923_INJ-USDT-SWAP_long
OPEN,INJ-USDT-SWAP,0.0,3.103,8036.0,,Первичный вход,long,True,2026-03-20 20:59:26,20260320_205923_INJ-USDT-SWAP_long
position_opened,ETC-USDT-SWAP,0.0,8.45,29.2,,,long,True,2026-03-20 21:00:32,20260320_210030_ETC-USDT-SWAP_long
OPEN,ETC-USDT-SWAP,0.0,8.45,29.2,,Первичный вход,long,True,2026-03-20 21:00:32,20260320_210030_ETC-USDT-SWAP_long
position_opened,IOTA-USDT-SWAP,0.0,0.062360780574625,3933.0,,,long,True,2026-03-20 21:00:35,20260320_210033_IOTA-USDT-SWAP_long
OPEN,IOTA-USDT-SWAP,0.0,0.062360780574625,3933.0,,Первичный вход,long,True,2026-03-20 21:00:35,20260320_210033_IOTA-USDT-SWAP_long
position_opened,AUCTION-USDT-SWAP,0.0,4.8938352205066105,4954.5,,,long,True,2026-03-20 21:00:38,20260320_210036_AUCTION-USDT-SWAP_long
OPEN,AUCTION-USDT-SWAP,0.0,4.8938352205066105,4954.5,,Первичный вход,long,True,2026-03-20 21:00:38,20260320_210036_AUCTION-USDT-SWAP_long
position_opened,ICP-USDT-SWAP,0.0,2.5179524352604754,95223.9,,,long,True,2026-03-20 21:00:42,20260320_210039_ICP-USDT-SWAP_long
OPEN,ICP-USDT-SWAP,0.0,2.5179524352604754,95223.9,,Первичный вход,long,True,2026-03-20 21:00:42,20260320_210039_ICP-USDT-SWAP_long
position_opened,OP-USDT-SWAP,0.0,0.1245741052301584,19139.0,,,long,True,2026-03-20 21:00:45,20260320_210043_OP-USDT-SWAP_long
OPEN,OP-USDT-SWAP,0.0,0.1245741052301584,19139.0,,Первичный вход,long,True,2026-03-20 21:00:45,20260320_210043_OP-USDT-SWAP_long
position_closed,INJ-USDT-SWAP,0.0,0.0,8036.0,ошибка:_первичный_стоп_не_подтверждён_на_бирже,Ошибка: первичный стоп не подтверждён на бирже,long,True,2026-03-20 21:01:30,20260320_205923_INJ-USDT-SWAP_long
CLOSE,INJ-USDT-SWAP,0.0,3.103,8036.0,,Ошибка: первичный стоп не подтверждён на бирже,long,True,2026-03-20 21:01:30,20260320_205923_INJ-USDT-SWAP_long
position_closed,ETC-USDT-SWAP,0.0,0.0,29.2,ошибка:_первичный_стоп_не_подтверждён_на_бирже,Ошибка: первичный стоп не подтверждён на бирже,long,True,2026-03-20 21:02:13,20260320_210030_ETC-USDT-SWAP_long
CLOSE,ETC-USDT-SWAP,0.0,8.45,29.2,,Ошибка: первичный стоп не подтверждён на бирже,long,True,2026-03-20 21:02:13,20260320_210030_ETC-USDT-SWAP_long
position_opened,ALGO-USDT-SWAP,0.0,0.0902318404215283,2657.0,,,long,True,2026-03-20 21:10:45,20260320_211043_ALGO-USDT-SWAP_long
OPEN,ALGO-USDT-SWAP,0.0,0.0902318404215283,2657.0,,Первичный вход,long,True,2026-03-20 21:10:45,20260320_211043_ALGO-USDT-SWAP_long
position_closed,ALGO-USDT-SWAP,0.0,0.0,2657.0,ошибка:_первичный_стоп_не_подтверждён_на_бирже,Ошибка: первичный стоп не подтверждён на бирже,long,True,2026-03-20 21:12:18,20260320_211043_ALGO-USDT-SWAP_long
CLOSE,ALGO-USDT-SWAP,0.0,0.0902,2657.0,,Ошибка: первичный стоп не подтверждён на бирже,long,True,2026-03-20 21:12:18,20260320_211043_ALGO-USDT-SWAP_long
position_opened,AAVE-USDT-SWAP,0.0,110.62,218.9,,,long,True,2026-03-20 21:15:47,20260320_211545_AAVE-USDT-SWAP_long
OPEN,AAVE-USDT-SWAP,0.0,110.62,218.9,,Первичный вход,long,True,2026-03-20 21:15:47,20260320_211545_AAVE-USDT-SWAP_long
position_closed,OP-USDT-SWAP,0.0,0.0,19139.0,stopout_cooldown,ATR стоп 2.0N,long,True,2026-03-20 21:18:26,20260320_210043_OP-USDT-SWAP_long
CLOSE,OP-USDT-SWAP,0.0,0.1238,19139.0,,ATR стоп 2.0N,long,True,2026-03-20 21:18:26,20260320_210043_OP-USDT-SWAP_long
position_closed,ICP-USDT-SWAP,0.0,0.0,95223.9,stopout_cooldown,ATR стоп 2.0N,long,True,2026-03-20 21:22:25,20260320_210039_ICP-USDT-SWAP_long
CLOSE,ICP-USDT-SWAP,0.0,2.51,95223.9,,ATR стоп 2.0N,long,True,2026-03-20 21:22:25,20260320_210039_ICP-USDT-SWAP_long
position_closed,AAVE-USDT-SWAP,0.0,0.0,218.9,stopout_cooldown,ATR стоп 2.0N,long,True,2026-03-20 21:24:43,20260320_211545_AAVE-USDT-SWAP_long
CLOSE,AAVE-USDT-SWAP,0.0,110.02,218.9,,ATR стоп 2.0N,long,True,2026-03-20 21:24:43,20260320_211545_AAVE-USDT-SWAP_long
position_opened,XAG-USDT-SWAP,0.0,69.16,3595.0,,,short,True,2026-03-20 21:25:20,20260320_212516_XAG-USDT-SWAP_short
OPEN,XAG-USDT-SWAP,0.0,69.16,3595.0,,Первичный вход,short,True,2026-03-20 21:25:20,20260320_212516_XAG-USDT-SWAP_short
position_opened,BCH-USDT-SWAP,0.0,464.8,52.78,,,short,True,2026-03-20 21:25:24,20260320_212521_BCH-USDT-SWAP_short
OPEN,BCH-USDT-SWAP,0.0,464.8,52.78,,Первичный вход,short,True,2026-03-20 21:25:24,20260320_212521_BCH-USDT-SWAP_short
position_opened,BCH-USDT-SWAP,0.0,466.0,52.77,,,short,True,2026-03-20 21:28:14,20260320_212812_BCH-USDT-SWAP_short
OPEN,BCH-USDT-SWAP,0.0,466.0,52.77,,Первичный вход,short,True,2026-03-20 21:28:14,20260320_212812_BCH-USDT-SWAP_short
position_closed,CFX-USDT-SWAP,0.0,0.0,14924.4,канальный_выход_10_свечей,Канальный выход 10 свечей,long,True,2026-03-20 21:32:58,20260320_200023_CFX-USDT-SWAP_long
CLOSE,CFX-USDT-SWAP,0.0,0.064,14924.4,,Канальный выход 10 свечей,long,True,2026-03-20 21:32:58,20260320_200023_CFX-USDT-SWAP_long
position_opened,2Z-USDT-SWAP,0.0,0.0754727522096923,3281.0,,,short,True,2026-03-20 21:35:18,20260320_213515_2Z-USDT-SWAP_short
OPEN,2Z-USDT-SWAP,0.0,0.0754727522096923,3281.0,,Первичный вход,short,True,2026-03-20 21:35:18,20260320_213515_2Z-USDT-SWAP_short
position_opened,FIL-USDT-SWAP,0.0,0.898,27240.0,,,short,True,2026-03-20 21:35:20,20260320_213518_FIL-USDT-SWAP_short
OPEN,FIL-USDT-SWAP,0.0,0.898,27240.0,,Первичный вход,short,True,2026-03-20 21:35:20,20260320_213518_FIL-USDT-SWAP_short
position_opened,YGG-USDT-SWAP,0.0,0.0404,59910.0,,,short,True,2026-03-20 21:35:23,20260320_213521_YGG-USDT-SWAP_short
OPEN,YGG-USDT-SWAP,0.0,0.0404,59910.0,,Первичный вход,short,True,2026-03-20 21:35:23,20260320_213521_YGG-USDT-SWAP_short
position_opened,SUSHI-USDT-SWAP,0.0,0.1990002000666889,11996.0,,,short,True,2026-03-20 21:35:26,20260320_213524_SUSHI-USDT-SWAP_short
OPEN,SUSHI-USDT-SWAP,0.0,0.1990002000666889,11996.0,,Первичный вход,short,True,2026-03-20 21:35:26,20260320_213524_SUSHI-USDT-SWAP_short
position_opened,ETHFI-USDT-SWAP,0.0,0.5642381088825215,4188.0,,,short,True,2026-03-20 21:35:29,20260320_213527_ETHFI-USDT-SWAP_short
OPEN,ETHFI-USDT-SWAP,0.0,0.5642381088825215,4188.0,,Первичный вход,short,True,2026-03-20 21:35:29,20260320_213527_ETHFI-USDT-SWAP_short
position_closed,2Z-USDT-SWAP,0.0,0.0,3281.0,ошибка:_первичный_стоп_не_подтверждён_на_бирже,Ошибка: первичный стоп не подтверждён на бирже,short,True,2026-03-20 21:36:23,20260320_213515_2Z-USDT-SWAP_short
CLOSE,2Z-USDT-SWAP,0.0,0.0754,3281.0,,Ошибка: первичный стоп не подтверждён на бирже,short,True,2026-03-20 21:36:23,20260320_213515_2Z-USDT-SWAP_short
position_closed,FIL-USDT-SWAP,0.0,0.0,27240.0,ошибка:_первичный_стоп_не_подтверждён_на_бирже,Ошибка: первичный стоп не подтверждён на бирже,short,True,2026-03-20 21:37:06,20260320_213518_FIL-USDT-SWAP_short
CLOSE,FIL-USDT-SWAP,0.0,0.898,27240.0,,Ошибка: первичный стоп не подтверждён на бирже,short,True,2026-03-20 21:37:06,20260320_213518_FIL-USDT-SWAP_short
position_closed,YGG-USDT-SWAP,0.0,0.0,59910.0,ошибка:_первичный_стоп_не_подтверждён_на_бирже,Ошибка: первичный стоп не подтверждён на бирже,short,True,2026-03-20 21:37:50,20260320_213521_YGG-USDT-SWAP_short
CLOSE,YGG-USDT-SWAP,0.0,0.0404,59910.0,,Ошибка: первичный стоп не подтверждён на бирже,short,True,2026-03-20 21:37:50,20260320_213521_YGG-USDT-SWAP_short
position_opened,LPT-USDT-SWAP,0.0,2.210010634362863,10814.0,,,short,True,2026-03-20 21:40:36,20260320_214034_LPT-USDT-SWAP_short
OPEN,LPT-USDT-SWAP,0.0,2.210010634362863,10814.0,,Первичный вход,short,True,2026-03-20 21:40:36,20260320_214034_LPT-USDT-SWAP_short
position_opened,ALGO-USDT-SWAP,0.0,0.0890620067643744,2661.0,,,short,True,2026-03-20 21:40:39,20260320_214037_ALGO-USDT-SWAP_short
OPEN,ALGO-USDT-SWAP,0.0,0.0890620067643744,2661.0,,Первичный вход,short,True,2026-03-20 21:40:39,20260320_214037_ALGO-USDT-SWAP_short
position_closed,ALGO-USDT-SWAP,0.0,0.0,2661.0,stopout_cooldown,ATR стоп 2.0N,short,True,2026-03-20 21:40:51,20260320_214037_ALGO-USDT-SWAP_short
CLOSE,ALGO-USDT-SWAP,0.0,0.0894,2661.0,,ATR стоп 2.0N,short,True,2026-03-20 21:40:51,20260320_214037_ALGO-USDT-SWAP_short
position_closed,SUSHI-USDT-SWAP,0.0,0.0,11996.0,stopout_cooldown,ATR стоп 2.0N,short,True,2026-03-20 21:47:04,20260320_213524_SUSHI-USDT-SWAP_short
CLOSE,SUSHI-USDT-SWAP,0.0,0.1999,11996.0,,ATR стоп 2.0N,short,True,2026-03-20 21:47:04,20260320_213524_SUSHI-USDT-SWAP_short
position_closed,LPT-USDT-SWAP,0.0,0.0,10814.0,stopout_cooldown,ATR стоп 2.0N,short,True,2026-03-20 21:53:30,20260320_214034_LPT-USDT-SWAP_short
CLOSE,LPT-USDT-SWAP,0.0,2.221,10814.0,,ATR стоп 2.0N,short,True,2026-03-20 21:53:30,20260320_214034_LPT-USDT-SWAP_short
position_opened,TRX-USDT-SWAP,0.0,0.3094,7.54,,,long,True,2026-03-20 21:55:30,20260320_215528_TRX-USDT-SWAP_long
OPEN,TRX-USDT-SWAP,0.0,0.3094,7.54,,Первичный вход,long,True,2026-03-20 21:55:30,20260320_215528_TRX-USDT-SWAP_long
position_opened,LDO-USDT-SWAP,0.0,0.2948,7734.0,,,short,True,2026-03-20 22:00:13,20260320_220009_LDO-USDT-SWAP_short
OPEN,LDO-USDT-SWAP,0.0,0.2948,7734.0,,Первичный вход,short,True,2026-03-20 22:00:13,20260320_220009_LDO-USDT-SWAP_short
position_opened,XLM-USDT-SWAP,0.0,0.1642133799533801,137.28,,,short,True,2026-03-20 22:00:17,20260320_220013_XLM-USDT-SWAP_short
OPEN,XLM-USDT-SWAP,0.0,0.1642133799533801,137.28,,Первичный вход,short,True,2026-03-20 22:00:17,20260320_220013_XLM-USDT-SWAP_short
position_closed,LDO-USDT-SWAP,0.0,0.0,7734.0,ошибка:_первичный_стоп_не_подтверждён_на_бирже,Ошибка: первичный стоп не подтверждён на бирже,short,True,2026-03-20 22:01:32,20260320_220009_LDO-USDT-SWAP_short
CLOSE,LDO-USDT-SWAP,0.0,0.295,7734.0,,Ошибка: первичный стоп не подтверждён на бирже,short,True,2026-03-20 22:01:32,20260320_220009_LDO-USDT-SWAP_short
position_opened,COMP-USDT-SWAP,0.0,18.87,1126.0,,,short,True,2026-03-20 22:02:19,20260320_220215_COMP-USDT-SWAP_short
OPEN,COMP-USDT-SWAP,0.0,18.87,1126.0,,Первичный вход,short,True,2026-03-20 22:02:19,20260320_220215_COMP-USDT-SWAP_short
position_opened,FLOKI-USDT-SWAP,0.0,2.95924400565e-05,709.0,,,short,True,2026-03-20 22:02:23,20260320_220220_FLOKI-USDT-SWAP_short
OPEN,FLOKI-USDT-SWAP,0.0,2.95924400565e-05,709.0,,Первичный вход,short,True,2026-03-20 22:02:23,20260320_220220_FLOKI-USDT-SWAP_short
position_opened,ENA-USDT-SWAP,0.0,0.1008415787058287,2179.0,,,short,True,2026-03-20 22:02:28,20260320_220224_ENA-USDT-SWAP_short
OPEN,ENA-USDT-SWAP,0.0,0.1008415787058287,2179.0,,Первичный вход,short,True,2026-03-20 22:02:28,20260320_220224_ENA-USDT-SWAP_short
position_closed,ENA-USDT-SWAP,0.0,0.0,2179.0,ошибка:_первичный_стоп_не_подтверждён_на_бирже,Ошибка: первичный стоп не подтверждён на бирже,short,True,2026-03-20 22:04:03,20260320_220224_ENA-USDT-SWAP_short
CLOSE,ENA-USDT-SWAP,0.0,0.1012,2179.0,,Ошибка: первичный стоп не подтверждён на бирже,short,True,2026-03-20 22:04:03,20260320_220224_ENA-USDT-SWAP_short
position_opened,ENA-USDT-SWAP,0.0,0.1010174055062997,2143.0,,,short,True,2026-03-20 22:04:43,20260320_220440_ENA-USDT-SWAP_short
OPEN,ENA-USDT-SWAP,0.0,0.1010174055062997,2143.0,,Первичный вход,short,True,2026-03-20 22:04:43,20260320_220440_ENA-USDT-SWAP_short
position_closed,ENA-USDT-SWAP,0.0,0.0,2143.0,ошибка:_первичный_стоп_не_подтверждён_на_бирже,Ошибка: первичный стоп не подтверждён на бирже,short,True,2026-03-20 22:06:05,20260320_220440_ENA-USDT-SWAP_short
CLOSE,ENA-USDT-SWAP,0.0,0.1012,2143.0,,Ошибка: первичный стоп не подтверждён на бирже,short,True,2026-03-20 22:06:05,20260320_220440_ENA-USDT-SWAP_short
position_opened,ETHW-USDT-SWAP,0.0,0.2654742349981862,77124.0,,,short,True,2026-03-20 22:15:15,20260320_221513_ETHW-USDT-SWAP_short
OPEN,ETHW-USDT-SWAP,0.0,0.2654742349981862,77124.0,,Первичный вход,short,True,2026-03-20 22:15:15,20260320_221513_ETHW-USDT-SWAP_short
position_opened,1INCH-USDT-SWAP,0.0,0.0942447391647702,21527.0,,,short,True,2026-03-20 22:15:18,20260320_221516_1INCH-USDT-SWAP_short
OPEN,1INCH-USDT-SWAP,0.0,0.0942447391647702,21527.0,,Первичный вход,short,True,2026-03-20 22:15:18,20260320_221516_1INCH-USDT-SWAP_short
position_closed,ETHW-USDT-SWAP,0.0,0.0,77124.0,ошибка:_первичный_стоп_не_подтверждён_на_бирже,Ошибка: первичный стоп не подтверждён на бирже,short,True,2026-03-20 22:16:17,20260320_221513_ETHW-USDT-SWAP_short
CLOSE,ETHW-USDT-SWAP,0.0,0.267,77124.0,,Ошибка: первичный стоп не подтверждён на бирже,short,True,2026-03-20 22:16:17,20260320_221513_ETHW-USDT-SWAP_short
position_closed,1INCH-USDT-SWAP,0.0,0.0,21527.0,ошибка:_первичный_стоп_не_подтверждён_на_бирже,Ошибка: первичный стоп не подтверждён на бирже,short,True,2026-03-20 22:16:40,20260320_221516_1INCH-USDT-SWAP_short
CLOSE,1INCH-USDT-SWAP,0.0,0.0945,21527.0,,Ошибка: первичный стоп не подтверждён на бирже,short,True,2026-03-20 22:16:40,20260320_221516_1INCH-USDT-SWAP_short
position_closed,TRX-USDT-SWAP,0.0,0.0,7.54,stopout_cooldown,ATR стоп 2.0N,long,True,2026-03-20 22:24:46,20260320_215528_TRX-USDT-SWAP_long
CLOSE,TRX-USDT-SWAP,0.0,0.3087,7.54,,ATR стоп 2.0N,long,True,2026-03-20 22:24:46,20260320_215528_TRX-USDT-SWAP_long
position_opened,YFI-USDT-SWAP,0.0,2715.3727676767676,7425.0,,,short,True,2026-03-20 22:25:08,20260320_222506_YFI-USDT-SWAP_short
OPEN,YFI-USDT-SWAP,0.0,2715.3727676767676,7425.0,,Первичный вход,short,True,2026-03-20 22:25:08,20260320_222506_YFI-USDT-SWAP_short
position_opened,IMX-USDT-SWAP,0.0,0.162046595909915,11589.0,,,short,True,2026-03-20 22:25:52,20260320_222548_IMX-USDT-SWAP_short
OPEN,IMX-USDT-SWAP,0.0,0.162046595909915,11589.0,,Первичный вход,short,True,2026-03-20 22:25:52,20260320_222548_IMX-USDT-SWAP_short
position_opened,INJ-USDT-SWAP,0.0,3.0571401085347807,6081.0,,,short,True,2026-03-20 22:25:56,20260320_222552_INJ-USDT-SWAP_short
OPEN,INJ-USDT-SWAP,0.0,3.0571401085347807,6081.0,,Первичный вход,short,True,2026-03-20 22:25:56,20260320_222552_INJ-USDT-SWAP_short
position_opened,ARB-USDT-SWAP,0.0,0.0986,1871.5,,,short,True,2026-03-20 22:26:00,20260320_222557_ARB-USDT-SWAP_short
OPEN,ARB-USDT-SWAP,0.0,0.0986,1871.5,,Первичный вход,short,True,2026-03-20 22:26:00,20260320_222557_ARB-USDT-SWAP_short
position_closed,ARB-USDT-SWAP,0.0,0.0,1871.5,ошибка:_первичный_стоп_не_подтверждён_на_бирже,Ошибка: первичный стоп не подтверждён на бирже,short,True,2026-03-20 22:27:42,20260320_222557_ARB-USDT-SWAP_short
CLOSE,ARB-USDT-SWAP,0.0,0.0986,1871.5,,Ошибка: первичный стоп не подтверждён на бирже,short,True,2026-03-20 22:27:42,20260320_222557_ARB-USDT-SWAP_short
position_closed,IMX-USDT-SWAP,0.0,0.0,11589.0,ошибка:_первичный_стоп_не_подтверждён_на_бирже,Ошибка: первичный стоп не подтверждён на бирже,short,True,2026-03-20 22:28:54,20260320_222548_IMX-USDT-SWAP_short
CLOSE,IMX-USDT-SWAP,0.0,0.1622,11589.0,,Ошибка: первичный стоп не подтверждён на бирже,short,True,2026-03-20 22:28:54,20260320_222548_IMX-USDT-SWAP_short
position_opened,CRV-USDT-SWAP,0.0,0.2312165718525848,8086.0,,,short,True,2026-03-20 22:30:23,20260320_223020_CRV-USDT-SWAP_short
OPEN,CRV-USDT-SWAP,0.0,0.2312165718525848,8086.0,,Первичный вход,short,True,2026-03-20 22:30:23,20260320_223020_CRV-USDT-SWAP_short
position_closed,CRV-USDT-SWAP,0.0,0.0,8086.0,ошибка:_первичный_стоп_не_подтверждён_на_бирже,Ошибка: первичный стоп не подтверждён на бирже,short,True,2026-03-20 22:31:27,20260320_223020_CRV-USDT-SWAP_short
CLOSE,CRV-USDT-SWAP,0.0,0.2314,8086.0,,Ошибка: первичный стоп не подтверждён на бирже,short,True,2026-03-20 22:31:27,20260320_223020_CRV-USDT-SWAP_short
position_opened,IOTA-USDT-SWAP,0.0,0.0616845071801568,3064.0,,,short,True,2026-03-20 22:35:13,20260320_223509_IOTA-USDT-SWAP_short
OPEN,IOTA-USDT-SWAP,0.0,0.0616845071801568,3064.0,,Первичный вход,short,True,2026-03-20 22:35:13,20260320_223509_IOTA-USDT-SWAP_short
position_opened,LQTY-USDT-SWAP,0.0,0.2800853860238941,6662.8,,,short,True,2026-03-20 22:35:17,20260320_223513_LQTY-USDT-SWAP_short
OPEN,LQTY-USDT-SWAP,0.0,0.2800853860238941,6662.8,,Первичный вход,short,True,2026-03-20 22:35:17,20260320_223513_LQTY-USDT-SWAP_short
position_opened,THETA-USDT-SWAP,0.0,0.1693,1092.0,,,short,True,2026-03-20 22:40:08,20260320_224006_THETA-USDT-SWAP_short
OPEN,THETA-USDT-SWAP,0.0,0.1693,1092.0,,Первичный вход,short,True,2026-03-20 22:40:08,20260320_224006_THETA-USDT-SWAP_short
position_opened,YGG-USDT-SWAP,0.0,0.0397860841636078,45768.0,,,short,True,2026-03-20 22:40:11,20260320_224009_YGG-USDT-SWAP_short
OPEN,YGG-USDT-SWAP,0.0,0.0397860841636078,45768.0,,Первичный вход,short,True,2026-03-20 22:40:11,20260320_224009_YGG-USDT-SWAP_short
position_opened,IMX-USDT-SWAP,0.0,0.1609386387995714,11196.0,,,short,True,2026-03-20 22:40:14,20260320_224012_IMX-USDT-SWAP_short
OPEN,IMX-USDT-SWAP,0.0,0.1609386387995714,11196.0,,Первичный вход,short,True,2026-03-20 22:40:14,20260320_224012_IMX-USDT-SWAP_short
position_opened,LDO-USDT-SWAP,0.0,0.294,6065.0,,,short,True,2026-03-20 22:40:17,20260320_224015_LDO-USDT-SWAP_short
OPEN,LDO-USDT-SWAP,0.0,0.294,6065.0,,Первичный вход,short,True,2026-03-20 22:40:17,20260320_224015_LDO-USDT-SWAP_short
position_opened,LTC-USDT-SWAP,0.0,55.320188679245284,31.8,,,short,True,2026-03-20 22:40:20,20260320_224018_LTC-USDT-SWAP_short
OPEN,LTC-USDT-SWAP,0.0,55.320188679245284,31.8,,Первичный вход,short,True,2026-03-20 22:40:20,20260320_224018_LTC-USDT-SWAP_short
position_opened,SUI-USDT-SWAP,0.0,0.94868,1799.0,,,short,True,2026-03-20 22:41:33,20260320_224130_SUI-USDT-SWAP_short
OPEN,SUI-USDT-SWAP,0.0,0.94868,1799.0,,Первичный вход,short,True,2026-03-20 22:41:33,20260320_224130_SUI-USDT-SWAP_short
position_opened,SHIB-USDT-SWAP,0.0,5.93e-06,285.9,,,short,True,2026-03-20 22:41:36,20260320_224134_SHIB-USDT-SWAP_short
OPEN,SHIB-USDT-SWAP,0.0,5.93e-06,285.9,,Первичный вход,short,True,2026-03-20 22:41:36,20260320_224134_SHIB-USDT-SWAP_short
position_closed,SHIB-USDT-SWAP,0.0,0.0,285.9,ошибка:_первичный_стоп_не_подтверждён_на_бирже,Ошибка: первичный стоп не подтверждён на бирже,short,True,2026-03-20 22:42:44,20260320_224134_SHIB-USDT-SWAP_short
CLOSE,SHIB-USDT-SWAP,0.0,5.93e-06,285.9,,Ошибка: первичный стоп не подтверждён на бирже,short,True,2026-03-20 22:42:44,20260320_224134_SHIB-USDT-SWAP_short
position_opened,THETA-USDT-SWAP,0.0,0.1698,1055.0,,,short,True,2026-03-20 22:43:57,20260320_224354_THETA-USDT-SWAP_short
OPEN,THETA-USDT-SWAP,0.0,0.1698,1055.0,,Первичный вход,short,True,2026-03-20 22:43:57,20260320_224354_THETA-USDT-SWAP_short
position_opened,INJ-USDT-SWAP,0.0,3.065639667705088,5778.0,,,short,True,2026-03-20 22:44:01,20260320_224358_INJ-USDT-SWAP_short
OPEN,INJ-USDT-SWAP,0.0,3.065639667705088,5778.0,,Первичный вход,short,True,2026-03-20 22:44:01,20260320_224358_INJ-USDT-SWAP_short
OPEN,LTC-USDT-SWAP,0.0,55.38,31.6,,Первичный вход,short,True,2026-03-20 22:44:05,20260320_224402_LTC-USDT-SWAP_short
position_opened,LTC-USDT-SWAP,0.0,55.38,31.6,,,short,True,2026-03-20 22:44:06,20260320_224402_LTC-USDT-SWAP_short
position_closed,SUI-USDT-SWAP,0.0,0.0,1799.0,stopout_cooldown,ATR стоп 2.0N,short,True,2026-03-20 22:44:46,20260320_224130_SUI-USDT-SWAP_short
CLOSE,SUI-USDT-SWAP,0.0,0.95344,1799.0,,ATR стоп 2.0N,short,True,2026-03-20 22:44:46,20260320_224130_SUI-USDT-SWAP_short
position_closed,INJ-USDT-SWAP,0.0,0.0,11556.0,stopout_cooldown,ATR стоп 2.0N,short,True,2026-03-20 22:53:55,20260320_224358_INJ-USDT-SWAP_short
CLOSE,INJ-USDT-SWAP,0.0,3.081,11556.0,,ATR стоп 2.0N,short,True,2026-03-20 22:53:55,20260320_224358_INJ-USDT-SWAP_short
position_opened,BTC-USDT-SWAP,0.0,70130.5,3.28,,,long,True,2026-03-20 22:55:16,20260320_225513_BTC-USDT-SWAP_long
OPEN,BTC-USDT-SWAP,0.0,70130.5,3.28,,Первичный вход,long,True,2026-03-20 22:55:16,20260320_225513_BTC-USDT-SWAP_long
position_closed,FLOKI-USDT-SWAP,0.0,0.0,2836.0,канальный_выход_10_свечей,Канальный выход 10 свечей,short,True,2026-03-20 22:55:30,20260320_220220_FLOKI-USDT-SWAP_short
CLOSE,FLOKI-USDT-SWAP,0.0,2.962e-05,2836.0,,Канальный выход 10 свечей,short,True,2026-03-20 22:55:30,20260320_220220_FLOKI-USDT-SWAP_short
position_opened,AVAX-USDT-SWAP,0.0,9.52897902097902,243.1,,,long,True,2026-03-20 22:56:14,20260320_225611_AVAX-USDT-SWAP_long
OPEN,AVAX-USDT-SWAP,0.0,9.52897902097902,243.1,,Первичный вход,long,True,2026-03-20 22:56:14,20260320_225611_AVAX-USDT-SWAP_long
position_opened,LINK-USDT-SWAP,0.0,9.04,253.15,,,long,True,2026-03-20 22:56:17,20260320_225615_LINK-USDT-SWAP_long
OPEN,LINK-USDT-SWAP,0.0,9.04,253.15,,Первичный вход,long,True,2026-03-20 22:56:17,20260320_225615_LINK-USDT-SWAP_long
position_opened,SOL-USDT-SWAP,0.0,88.99,25.69,,,long,True,2026-03-20 22:56:20,20260320_225618_SOL-USDT-SWAP_long
OPEN,SOL-USDT-SWAP,0.0,88.99,25.69,,Первичный вход,long,True,2026-03-20 22:56:20,20260320_225618_SOL-USDT-SWAP_long
position_opened,TRX-USDT-SWAP,0.0,0.3106778541953239,7.27,,,long,True,2026-03-20 23:05:10,20260320_230508_TRX-USDT-SWAP_long
OPEN,TRX-USDT-SWAP,0.0,0.3106778541953239,7.27,,Первичный вход,long,True,2026-03-20 23:05:10,20260320_230508_TRX-USDT-SWAP_long
position_closed,TRX-USDT-SWAP,0.0,0.0,7.27,ошибка:_первичный_стоп_не_подтверждён_на_бирже,Ошибка: первичный стоп не подтверждён на бирже,long,True,2026-03-20 23:06:30,20260320_230508_TRX-USDT-SWAP_long
CLOSE,TRX-USDT-SWAP,0.0,0.3103,7.27,,Ошибка: первичный стоп не подтверждён на бирже,long,True,2026-03-20 23:06:30,20260320_230508_TRX-USDT-SWAP_long
position_opened,XTZ-USDT-SWAP,0.0,0.3996437209302327,5590.0,,,long,True,2026-03-20 23:15:59,20260320_231556_XTZ-USDT-SWAP_long
OPEN,XTZ-USDT-SWAP,0.0,0.3996437209302327,5590.0,,Первичный вход,long,True,2026-03-20 23:15:59,20260320_231556_XTZ-USDT-SWAP_long
position_opened,AAVE-USDT-SWAP,0.0,110.54,199.5,,,long,True,2026-03-20 23:16:03,20260320_231600_AAVE-USDT-SWAP_long
OPEN,AAVE-USDT-SWAP,0.0,110.54,199.5,,Первичный вход,long,True,2026-03-20 23:16:03,20260320_231600_AAVE-USDT-SWAP_long
position_opened,ARB-USDT-SWAP,0.0,0.0993,2190.6,,,long,True,2026-03-20 23:16:08,20260320_231604_ARB-USDT-SWAP_long
OPEN,ARB-USDT-SWAP,0.0,0.0993,2190.6,,Первичный вход,long,True,2026-03-20 23:16:08,20260320_231604_ARB-USDT-SWAP_long
position_closed,XTZ-USDT-SWAP,0.0,0.0,11180.0,stopout_cooldown,ATR стоп 2.0N,long,True,2026-03-20 23:22:46,20260320_231556_XTZ-USDT-SWAP_long
CLOSE,XTZ-USDT-SWAP,0.0,0.3972,11180.0,,ATR стоп 2.0N,long,True,2026-03-20 23:22:46,20260320_231556_XTZ-USDT-SWAP_long
position_opened,LIT-USDT-SWAP,0.0,1.116,195.0,,,short,True,2026-03-20 23:25:44,20260320_232541_LIT-USDT-SWAP_short
OPEN,LIT-USDT-SWAP,0.0,1.116,195.0,,Первичный вход,short,True,2026-03-20 23:25:44,20260320_232541_LIT-USDT-SWAP_short
position_closed,LIT-USDT-SWAP,0.0,0.0,195.0,ошибка:_первичный_стоп_не_подтверждён_на_бирже,Ошибка: первичный стоп не подтверждён на бирже,short,True,2026-03-20 23:26:40,20260320_232541_LIT-USDT-SWAP_short
CLOSE,LIT-USDT-SWAP,0.0,1.145,195.0,,Ошибка: первичный стоп не подтверждён на бирже,short,True,2026-03-20 23:26:40,20260320_232541_LIT-USDT-SWAP_short
position_opened,LIT-USDT-SWAP,0.0,1.104,193.0,,,short,True,2026-03-20 23:27:05,20260320_232703_LIT-USDT-SWAP_short
OPEN,LIT-USDT-SWAP,0.0,1.104,193.0,,Первичный вход,short,True,2026-03-20 23:27:05,20260320_232703_LIT-USDT-SWAP_short
position_closed,AVAX-USDT-SWAP,0.0,0.0,243.1,stopout_cooldown,ATR стоп 2.0N,long,True,2026-03-20 23:28:31,20260320_225611_AVAX-USDT-SWAP_long
CLOSE,AVAX-USDT-SWAP,0.0,9.488,243.1,,ATR стоп 2.0N,long,True,2026-03-20 23:28:31,20260320_225611_AVAX-USDT-SWAP_long
position_closed,SOL-USDT-SWAP,0.0,0.0,51.38,stopout_cooldown,ATR стоп 2.0N,long,True,2026-03-20 23:31:03,20260320_225618_SOL-USDT-SWAP_long
CLOSE,SOL-USDT-SWAP,0.0,88.77,51.38,,ATR стоп 2.0N,long,True,2026-03-20 23:31:03,20260320_225618_SOL-USDT-SWAP_long
position_opened,FLOKI-USDT-SWAP,0.0,2.932e-05,763.0,,,short,True,2026-03-20 23:35:13,20260320_233510_FLOKI-USDT-SWAP_short
OPEN,FLOKI-USDT-SWAP,0.0,2.932e-05,763.0,,Первичный вход,short,True,2026-03-20 23:35:13,20260320_233510_FLOKI-USDT-SWAP_short
position_opened,LPT-USDT-SWAP,0.0,2.200029167490607,10114.0,,,short,True,2026-03-20 23:35:18,20260320_233514_LPT-USDT-SWAP_short
OPEN,LPT-USDT-SWAP,0.0,2.200029167490607,10114.0,,Первичный вход,short,True,2026-03-20 23:35:18,20260320_233514_LPT-USDT-SWAP_short
position_opened,AUCTION-USDT-SWAP,0.0,4.82558936413139,4554.4,,,short,True,2026-03-20 23:36:22,20260320_233619_AUCTION-USDT-SWAP_short
OPEN,AUCTION-USDT-SWAP,0.0,4.82558936413139,4554.4,,Первичный вход,short,True,2026-03-20 23:36:22,20260320_233619_AUCTION-USDT-SWAP_short
position_opened,SHIB-USDT-SWAP,0.0,5.91e-06,367.0,,,short,True,2026-03-20 23:36:25,20260320_233623_SHIB-USDT-SWAP_short
OPEN,SHIB-USDT-SWAP,0.0,5.91e-06,367.0,,Первичный вход,short,True,2026-03-20 23:36:25,20260320_233623_SHIB-USDT-SWAP_short
position_closed,LPT-USDT-SWAP,0.0,0.0,10114.0,stopout_cooldown,ATR стоп 2.0N,short,True,2026-03-20 23:37:31,20260320_233514_LPT-USDT-SWAP_short
CLOSE,LPT-USDT-SWAP,0.0,2.209,10114.0,,ATR стоп 2.0N,short,True,2026-03-20 23:37:31,20260320_233514_LPT-USDT-SWAP_short
position_opened,LPT-USDT-SWAP,0.0,2.2050129406969634,9814.0,,,short,True,2026-03-20 23:37:56,20260320_233754_LPT-USDT-SWAP_short
OPEN,LPT-USDT-SWAP,0.0,2.2050129406969634,9814.0,,Первичный вход,short,True,2026-03-20 23:37:56,20260320_233754_LPT-USDT-SWAP_short
position_opened,AUCTION-USDT-SWAP,0.0,4.834427202230549,4590.8,,,short,True,2026-03-20 23:39:15,20260320_233912_AUCTION-USDT-SWAP_short
OPEN,AUCTION-USDT-SWAP,0.0,4.834427202230549,4590.8,,Первичный вход,short,True,2026-03-20 23:39:15,20260320_233912_AUCTION-USDT-SWAP_short
position_closed,LPT-USDT-SWAP,0.0,0.0,9814.0,stopout_cooldown,ATR стоп 2.0N,short,True,2026-03-20 23:45:48,20260320_233754_LPT-USDT-SWAP_short
CLOSE,LPT-USDT-SWAP,0.0,2.212,9814.0,,ATR стоп 2.0N,short,True,2026-03-20 23:45:48,20260320_233754_LPT-USDT-SWAP_short
position_closed,FLOKI-USDT-SWAP,0.0,0.0,763.0,stopout_cooldown,ATR стоп 2.0N,short,True,2026-03-20 23:49:17,20260320_233510_FLOKI-USDT-SWAP_short
CLOSE,FLOKI-USDT-SWAP,0.0,2.949e-05,763.0,,ATR стоп 2.0N,short,True,2026-03-20 23:49:17,20260320_233510_FLOKI-USDT-SWAP_short
position_opened,ETHW-USDT-SWAP,0.0,0.2693137775071759,80479.0,,,long,True,2026-03-20 23:57:03,20260320_235701_ETHW-USDT-SWAP_long
OPEN,ETHW-USDT-SWAP,0.0,0.2693137775071759,80479.0,,Первичный вход,long,True,2026-03-20 23:57:03,20260320_235701_ETHW-USDT-SWAP_long
position_opened,KSM-USDT-SWAP,0.0,4.522507005076142,4925.0,,,long,True,2026-03-20 23:59:57,20260320_235955_KSM-USDT-SWAP_long
OPEN,KSM-USDT-SWAP,0.0,4.522507005076142,4925.0,,Первичный вход,long,True,2026-03-20 23:59:57,20260320_235955_KSM-USDT-SWAP_long
position_closed,KSM-USDT-SWAP,0.0,0.0,4925.0,stopout_cooldown,ATR стоп 2.0N,long,True,2026-03-21 00:03:44,20260320_235955_KSM-USDT-SWAP_long
CLOSE,KSM-USDT-SWAP,0.0,4.507,4925.0,,ATR стоп 2.0N,long,True,2026-03-21 00:03:44,20260320_235955_KSM-USDT-SWAP_long
position_opened,CRV-USDT-SWAP,0.0,0.2343,10136.0,,,long,True,2026-03-21 00:10:44,20260321_001041_CRV-USDT-SWAP_long
OPEN,CRV-USDT-SWAP,0.0,0.2343,10136.0,,Первичный вход,long,True,2026-03-21 00:10:44,20260321_001041_CRV-USDT-SWAP_long
position_closed,SHIB-USDT-SWAP,0.0,0.0,734.0,stopout_cooldown,ATR стоп 2.0N,short,True,2026-03-21 00:18:34,20260320_233623_SHIB-USDT-SWAP_short
CLOSE,SHIB-USDT-SWAP,0.0,5.93e-06,734.0,,ATR стоп 2.0N,short,True,2026-03-21 00:18:34,20260320_233623_SHIB-USDT-SWAP_short
position_opened,YFI-USDT-SWAP,0.0,2758.132134962187,8595.0,,,long,True,2026-03-21 00:20:05,20260321_002003_YFI-USDT-SWAP_long
OPEN,YFI-USDT-SWAP,0.0,2758.132134962187,8595.0,,Первичный вход,long,True,2026-03-21 00:20:05,20260321_002003_YFI-USDT-SWAP_long
position_opened,LINK-USDT-SWAP,0.0,9.080999642303565,251.61,,,long,True,2026-03-21 00:21:28,20260321_002125_LINK-USDT-SWAP_long
OPEN,LINK-USDT-SWAP,0.0,9.080999642303565,251.61,,Первичный вход,long,True,2026-03-21 00:21:28,20260321_002125_LINK-USDT-SWAP_long
position_opened,BTC-USDT-SWAP,0.0,70435.4,3.24,,,long,True,2026-03-21 00:21:33,20260321_002129_BTC-USDT-SWAP_long
OPEN,BTC-USDT-SWAP,0.0,70435.4,3.24,,Первичный вход,long,True,2026-03-21 00:21:33,20260321_002129_BTC-USDT-SWAP_long
position_opened,AAVE-USDT-SWAP,0.0,111.22,203.6,,,long,True,2026-03-21 00:21:37,20260321_002134_AAVE-USDT-SWAP_long
OPEN,AAVE-USDT-SWAP,0.0,111.22,203.6,,Первичный вход,long,True,2026-03-21 00:21:37,20260321_002134_AAVE-USDT-SWAP_long
position_opened,SOL-USDT-SWAP,0.0,89.56,24.89,,,long,True,2026-03-21 00:21:41,20260321_002138_SOL-USDT-SWAP_long
OPEN,SOL-USDT-SWAP,0.0,89.56,24.89,,Первичный вход,long,True,2026-03-21 00:21:41,20260321_002138_SOL-USDT-SWAP_long
position_opened,XTZ-USDT-SWAP,0.0,0.4071759447004609,5425.0,,,long,True,2026-03-21 00:21:45,20260321_002142_XTZ-USDT-SWAP_long
OPEN,XTZ-USDT-SWAP,0.0,0.4071759447004609,5425.0,,Первичный вход,long,True,2026-03-21 00:21:45,20260321_002142_XTZ-USDT-SWAP_long
position_opened,AVAX-USDT-SWAP,0.0,9.55797894736842,228.0,,,long,True,2026-03-21 00:21:50,20260321_002146_AVAX-USDT-SWAP_long
OPEN,AVAX-USDT-SWAP,0.0,9.55797894736842,228.0,,Первичный вход,long,True,2026-03-21 00:21:50,20260321_002146_AVAX-USDT-SWAP_long
position_opened,BCH-USDT-SWAP,0.0,469.2,45.96,,,long,True,2026-03-21 00:21:54,20260321_002150_BCH-USDT-SWAP_long
OPEN,BCH-USDT-SWAP,0.0,469.2,45.96,,Первичный вход,long,True,2026-03-21 00:21:54,20260321_002150_BCH-USDT-SWAP_long
position_opened,NEAR-USDT-SWAP,0.0,1.3272430442919527,160.3,,,long,True,2026-03-21 00:21:58,20260321_002155_NEAR-USDT-SWAP_long
OPEN,NEAR-USDT-SWAP,0.0,1.3272430442919527,160.3,,Первичный вход,long,True,2026-03-21 00:21:58,20260321_002155_NEAR-USDT-SWAP_long
position_opened,DOGE-USDT-SWAP,0.0,0.0942,22.35,,,long,True,2026-03-21 00:22:02,20260321_002159_DOGE-USDT-SWAP_long
OPEN,DOGE-USDT-SWAP,0.0,0.0942,22.35,,Первичный вход,long,True,2026-03-21 00:22:02,20260321_002159_DOGE-USDT-SWAP_long
position_opened,ALGO-USDT-SWAP,0.0,0.0899,2315.0,,,long,True,2026-03-21 00:22:06,20260321_002203_ALGO-USDT-SWAP_long
OPEN,ALGO-USDT-SWAP,0.0,0.0899,2315.0,,Первичный вход,long,True,2026-03-21 00:22:06,20260321_002203_ALGO-USDT-SWAP_long
position_opened,BNB-USDT-SWAP,0.0,641.8,321.0,,,long,True,2026-03-21 00:22:10,20260321_002207_BNB-USDT-SWAP_long
OPEN,BNB-USDT-SWAP,0.0,641.8,321.0,,Первичный вход,long,True,2026-03-21 00:22:10,20260321_002207_BNB-USDT-SWAP_long
position_opened,COMP-USDT-SWAP,0.0,18.96,1079.0,,,long,True,2026-03-21 00:22:15,20260321_002211_COMP-USDT-SWAP_long
OPEN,COMP-USDT-SWAP,0.0,18.96,1079.0,,Первичный вход,long,True,2026-03-21 00:22:15,20260321_002211_COMP-USDT-SWAP_long
position_closed,YFI-USDT-SWAP,0.0,0.0,8595.0,rotation_block,Ротация под новый сигнал 2Z-USDT-SWAP,long,True,2026-03-21 00:22:16,20260321_002003_YFI-USDT-SWAP_long
CLOSE,YFI-USDT-SWAP,0.0,2754.8,8595.0,,Ротация под новый сигнал 2Z-USDT-SWAP,long,True,2026-03-21 00:22:16,20260321_002003_YFI-USDT-SWAP_long
position_opened,2Z-USDT-SWAP,0.0,0.0759083086053418,2696.0,,,long,True,2026-03-21 00:22:20,20260321_002217_2Z-USDT-SWAP_long
OPEN,2Z-USDT-SWAP,0.0,0.0759083086053418,2696.0,,Первичный вход,long,True,2026-03-21 00:22:20,20260321_002217_2Z-USDT-SWAP_long
position_closed,ALGO-USDT-SWAP,0.0,0.0,2315.0,ошибка:_первичный_стоп_не_подтверждён_на_бирже,Ошибка: первичный стоп не подтверждён на бирже,long,True,2026-03-21 00:24:24,20260321_002203_ALGO-USDT-SWAP_long
CLOSE,ALGO-USDT-SWAP,0.0,0.0898,2315.0,,Ошибка: первичный стоп не подтверждён на бирже,long,True,2026-03-21 00:24:24,20260321_002203_ALGO-USDT-SWAP_long
position_closed,COMP-USDT-SWAP,0.0,0.0,1079.0,ошибка:_первичный_стоп_не_подтверждён_на_бирже,Ошибка: первичный стоп не подтверждён на бирже,long,True,2026-03-21 00:25:31,20260321_002211_COMP-USDT-SWAP_long
CLOSE,COMP-USDT-SWAP,0.0,18.95,1079.0,,Ошибка: первичный стоп не подтверждён на бирже,long,True,2026-03-21 00:25:31,20260321_002211_COMP-USDT-SWAP_long
position_closed,2Z-USDT-SWAP,0.0,0.0,2696.0,ошибка:_первичный_стоп_не_подтверждён_на_бирже,Ошибка: первичный стоп не подтверждён на бирже,long,True,2026-03-21 00:26:33,20260321_002217_2Z-USDT-SWAP_long
CLOSE,2Z-USDT-SWAP,0.0,0.0758,2696.0,,Ошибка: первичный стоп не подтверждён на бирже,long,True,2026-03-21 00:26:33,20260321_002217_2Z-USDT-SWAP_long
position_opened,LDO-USDT-SWAP,0.0,0.2978481068724105,6999.0,,,long,True,2026-03-21 00:26:56,20260321_002654_LDO-USDT-SWAP_long
OPEN,LDO-USDT-SWAP,0.0,0.2978481068724105,6999.0,,Первичный вход,long,True,2026-03-21 00:26:56,20260321_002654_LDO-USDT-SWAP_long
position_opened,KSM-USDT-SWAP,0.0,4.539474774179335,4539.0,,,long,True,2026-03-21 00:27:00,20260321_002657_KSM-USDT-SWAP_long
OPEN,KSM-USDT-SWAP,0.0,4.539474774179335,4539.0,,Первичный вход,long,True,2026-03-21 00:27:00,20260321_002657_KSM-USDT-SWAP_long
position_opened,FLOKI-USDT-SWAP,0.0,2.97e-05,684.0,,,long,True,2026-03-21 00:27:03,20260321_002701_FLOKI-USDT-SWAP_long
OPEN,FLOKI-USDT-SWAP,0.0,2.97e-05,684.0,,Первичный вход,long,True,2026-03-21 00:27:03,20260321_002701_FLOKI-USDT-SWAP_long
position_opened,CFX-USDT-SWAP,0.0,0.06499,3092.3,,,long,True,2026-03-21 00:32:28,20260321_003226_CFX-USDT-SWAP_long
OPEN,CFX-USDT-SWAP,0.0,0.06499,3092.3,,Первичный вход,long,True,2026-03-21 00:32:28,20260321_003226_CFX-USDT-SWAP_long
position_closed,XTZ-USDT-SWAP,0.0,0.0,5425.0,stopout_cooldown,ATR стоп 2.0N,long,True,2026-03-21 00:32:47,20260321_002142_XTZ-USDT-SWAP_long
CLOSE,XTZ-USDT-SWAP,0.0,0.4042,5425.0,,ATR стоп 2.0N,long,True,2026-03-21 00:32:47,20260321_002142_XTZ-USDT-SWAP_long
position_opened,OP-USDT-SWAP,0.0,0.1248700808172238,15467.0,,,long,True,2026-03-21 00:38:06,20260321_003804_OP-USDT-SWAP_long
OPEN,OP-USDT-SWAP,0.0,0.1248700808172238,15467.0,,Первичный вход,long,True,2026-03-21 00:38:06,20260321_003804_OP-USDT-SWAP_long
position_opened,ICP-USDT-SWAP,0.0,2.5119960891013844,76299.6,,,long,True,2026-03-21 00:38:09,20260321_003807_ICP-USDT-SWAP_long
OPEN,ICP-USDT-SWAP,0.0,2.5119960891013844,76299.6,,Первичный вход,long,True,2026-03-21 00:38:09,20260321_003807_ICP-USDT-SWAP_long
position_closed,AAVE-USDT-SWAP,0.0,0.0,203.6,rotation_block,Ротация под новый сигнал COMP-USDT-SWAP,long,True,2026-03-21 00:38:10,20260321_002134_AAVE-USDT-SWAP_long
CLOSE,AAVE-USDT-SWAP,0.0,111.17,203.6,,Ротация под новый сигнал COMP-USDT-SWAP,long,True,2026-03-21 00:38:10,20260321_002134_AAVE-USDT-SWAP_long
position_opened,COMP-USDT-SWAP,0.0,19.01,1011.7,,,long,True,2026-03-21 00:38:14,20260321_003812_COMP-USDT-SWAP_long
OPEN,COMP-USDT-SWAP,0.0,19.01,1011.7,,Первичный вход,long,True,2026-03-21 00:38:14,20260321_003812_COMP-USDT-SWAP_long
position_closed,OP-USDT-SWAP,0.0,0.0,15467.0,ошибка:_первичный_стоп_не_подтверждён_на_бирже,Ошибка: первичный стоп не подтверждён на бирже,long,True,2026-03-21 00:39:41,20260321_003804_OP-USDT-SWAP_long
CLOSE,OP-USDT-SWAP,0.0,0.1242,15467.0,,Ошибка: первичный стоп не подтверждён на бирже,long,True,2026-03-21 00:39:41,20260321_003804_OP-USDT-SWAP_long
position_closed,COMP-USDT-SWAP,0.0,0.0,1011.7,ошибка:_первичный_стоп_не_подтверждён_на_бирже,Ошибка: первичный стоп не подтверждён на бирже,long,True,2026-03-21 00:40:08,20260321_003812_COMP-USDT-SWAP_long
CLOSE,COMP-USDT-SWAP,0.0,18.97,1011.7,,Ошибка: первичный стоп не подтверждён на бирже,long,True,2026-03-21 00:40:08,20260321_003812_COMP-USDT-SWAP_long
position_closed,FLOKI-USDT-SWAP,0.0,0.0,2052.0,stopout_cooldown,ATR стоп 2.0N,long,True,2026-03-21 00:41:30,20260321_002701_FLOKI-USDT-SWAP_long
CLOSE,FLOKI-USDT-SWAP,0.0,2.971e-05,2052.0,,ATR стоп 2.0N,long,True,2026-03-21 00:41:30,20260321_002701_FLOKI-USDT-SWAP_long
position_closed,ICP-USDT-SWAP,0.0,0.0,76299.6,stopout_cooldown,ATR стоп 2.0N,long,True,2026-03-21 00:41:37,20260321_003807_ICP-USDT-SWAP_long
CLOSE,ICP-USDT-SWAP,0.0,2.5,76299.6,,ATR стоп 2.0N,long,True,2026-03-21 00:41:37,20260321_003807_ICP-USDT-SWAP_long
position_closed,DOGE-USDT-SWAP,0.0,0.0,44.7,stopout_cooldown,ATR стоп 2.0N,long,True,2026-03-21 00:42:43,20260321_002159_DOGE-USDT-SWAP_long
CLOSE,DOGE-USDT-SWAP,0.0,0.09395,44.7,,ATR стоп 2.0N,long,True,2026-03-21 00:42:43,20260321_002159_DOGE-USDT-SWAP_long
position_opened,HBAR-USDT-SWAP,0.0,0.0938600000000001,245.5,,,long,True,2026-03-21 01:05:21,20260321_010517_HBAR-USDT-SWAP_long
OPEN,HBAR-USDT-SWAP,0.0,0.0938600000000001,245.5,,Первичный вход,long,True,2026-03-21 01:05:21,20260321_010517_HBAR-USDT-SWAP_long
position_opened,ENA-USDT-SWAP,0.0,0.1035309362279514,2211.0,,,long,True,2026-03-21 01:05:25,20260321_010521_ENA-USDT-SWAP_long
OPEN,ENA-USDT-SWAP,0.0,0.1035309362279514,2211.0,,Первичный вход,long,True,2026-03-21 01:05:25,20260321_010521_ENA-USDT-SWAP_long
position_opened,LTC-USDT-SWAP,0.0,56.38,40.2,,,long,True,2026-03-21 01:05:29,20260321_010525_LTC-USDT-SWAP_long
OPEN,LTC-USDT-SWAP,0.0,56.38,40.2,,Первичный вход,long,True,2026-03-21 01:05:29,20260321_010525_LTC-USDT-SWAP_long
position_opened,ZIL-USDT-SWAP,0.0,0.0041404071613142,5418.0,,,long,True,2026-03-21 01:05:33,20260321_010530_ZIL-USDT-SWAP_long
OPEN,ZIL-USDT-SWAP,0.0,0.0041404071613142,5418.0,,Первичный вход,long,True,2026-03-21 01:05:33,20260321_010530_ZIL-USDT-SWAP_long
position_opened,SUI-USDT-SWAP,0.0,0.9705,2280.0,,,long,True,2026-03-21 01:05:37,20260321_010534_SUI-USDT-SWAP_long
OPEN,SUI-USDT-SWAP,0.0,0.9705,2280.0,,Первичный вход,long,True,2026-03-21 01:05:37,20260321_010534_SUI-USDT-SWAP_long
position_opened,SOL-USDT-SWAP,0.0,90.18931501230517,24.38,,,long,True,2026-03-21 01:05:41,20260321_010538_SOL-USDT-SWAP_long
OPEN,SOL-USDT-SWAP,0.0,90.18931501230517,24.38,,Первичный вход,long,True,2026-03-21 01:05:41,20260321_010538_SOL-USDT-SWAP_long
position_opened,OP-USDT-SWAP,0.0,0.1253536055008921,17379.0,,,long,True,2026-03-21 01:05:45,20260321_010542_OP-USDT-SWAP_long
OPEN,OP-USDT-SWAP,0.0,0.1253536055008921,17379.0,,Первичный вход,long,True,2026-03-21 01:05:45,20260321_010542_OP-USDT-SWAP_long
position_opened,SAND-USDT-SWAP,0.0,0.0826533002670737,2621.0,,,long,True,2026-03-21 01:05:50,20260321_010546_SAND-USDT-SWAP_long
OPEN,SAND-USDT-SWAP,0.0,0.0826533002670737,2621.0,,Первичный вход,long,True,2026-03-21 01:05:50,20260321_010546_SAND-USDT-SWAP_long
position_opened,IMX-USDT-SWAP,0.0,0.164239853076217,13068.0,,,long,True,2026-03-21 01:05:54,20260321_010551_IMX-USDT-SWAP_long
OPEN,IMX-USDT-SWAP,0.0,0.164239853076217,13068.0,,Первичный вход,long,True,2026-03-21 01:05:54,20260321_010551_IMX-USDT-SWAP_long
position_opened,XLM-USDT-SWAP,0.0,0.16590492418941,128.61,,,long,True,2026-03-21 01:05:58,20260321_010555_XLM-USDT-SWAP_long
OPEN,XLM-USDT-SWAP,0.0,0.16590492418941,128.61,,Первичный вход,long,True,2026-03-21 01:05:58,20260321_010555_XLM-USDT-SWAP_long
position_opened,DOT-USDT-SWAP,0.0,1.519,1354.3,,,long,True,2026-03-21 01:06:03,20260321_010559_DOT-USDT-SWAP_long
OPEN,DOT-USDT-SWAP,0.0,1.519,1354.3,,Первичный вход,long,True,2026-03-21 01:06:03,20260321_010559_DOT-USDT-SWAP_long
position_closed,HBAR-USDT-SWAP,0.0,0.0,245.5,ошибка:_первичный_стоп_не_подтверждён_на_бирже,Ошибка: первичный стоп не подтверждён на бирже,long,True,2026-03-21 01:07:25,20260321_010517_HBAR-USDT-SWAP_long
CLOSE,HBAR-USDT-SWAP,0.0,0.0937,245.5,,Ошибка: первичный стоп не подтверждён на бирже,long,True,2026-03-21 01:07:25,20260321_010517_HBAR-USDT-SWAP_long
position_closed,ENA-USDT-SWAP,0.0,0.0,2211.0,ошибка:_первичный_стоп_не_подтверждён_на_бирже,Ошибка: первичный стоп не подтверждён на бирже,long,True,2026-03-21 01:08:26,20260321_010521_ENA-USDT-SWAP_long
CLOSE,ENA-USDT-SWAP,0.0,0.1032,2211.0,,Ошибка: первичный стоп не подтверждён на бирже,long,True,2026-03-21 01:08:26,20260321_010521_ENA-USDT-SWAP_long
position_closed,SAND-USDT-SWAP,0.0,0.0,2621.0,ошибка:_первичный_стоп_не_подтверждён_на_бирже,Ошибка: первичный стоп не подтверждён на бирже,long,True,2026-03-21 01:09:34,20260321_010546_SAND-USDT-SWAP_long
CLOSE,SAND-USDT-SWAP,0.0,0.0827,2621.0,,Ошибка: первичный стоп не подтверждён на бирже,long,True,2026-03-21 01:09:34,20260321_010546_SAND-USDT-SWAP_long
position_closed,IMX-USDT-SWAP,0.0,0.0,13068.0,ошибка:_первичный_стоп_не_подтверждён_на_бирже,Ошибка: первичный стоп не подтверждён на бирже,long,True,2026-03-21 01:10:35,20260321_010551_IMX-USDT-SWAP_long
CLOSE,IMX-USDT-SWAP,0.0,0.164,13068.0,,Ошибка: первичный стоп не подтверждён на бирже,long,True,2026-03-21 01:10:35,20260321_010551_IMX-USDT-SWAP_long
position_closed,DOT-USDT-SWAP,0.0,0.0,1354.3,ошибка:_первичный_стоп_не_подтверждён_на_бирже,Ошибка: первичный стоп не подтверждён на бирже,long,True,2026-03-21 01:11:42,20260321_010559_DOT-USDT-SWAP_long
CLOSE,DOT-USDT-SWAP,0.0,1.519,1354.3,,Ошибка: первичный стоп не подтверждён на бирже,long,True,2026-03-21 01:11:42,20260321_010559_DOT-USDT-SWAP_long
position_opened,COMP-USDT-SWAP,0.0,19.04,1048.7,,,long,True,2026-03-21 01:20:19,20260321_012016_COMP-USDT-SWAP_long
OPEN,COMP-USDT-SWAP,0.0,19.04,1048.7,,Первичный вход,long,True,2026-03-21 01:20:19,20260321_012016_COMP-USDT-SWAP_long
position_closed,COMP-USDT-SWAP,0.0,0.0,1048.7,ошибка:_первичный_стоп_не_подтверждён_на_бирже,Ошибка: первичный стоп не подтверждён на бирже,long,True,2026-03-21 01:22:05,20260321_012016_COMP-USDT-SWAP_long
CLOSE,COMP-USDT-SWAP,0.0,19.03,1048.7,,Ошибка: первичный стоп не подтверждён на бирже,long,True,2026-03-21 01:22:05,20260321_012016_COMP-USDT-SWAP_long
position_opened,BAND-USDT-SWAP,0.0,0.2225914771422008,8706.0,,,long,True,2026-03-21 01:22:25,20260321_012222_BAND-USDT-SWAP_long
OPEN,BAND-USDT-SWAP,0.0,0.2225914771422008,8706.0,,Первичный вход,long,True,2026-03-21 01:22:25,20260321_012222_BAND-USDT-SWAP_long
position_closed,BAND-USDT-SWAP,0.0,0.0,8706.0,ошибка:_первичный_стоп_не_подтверждён_на_бирже,Ошибка: первичный стоп не подтверждён на бирже,long,True,2026-03-21 01:23:56,20260321_012222_BAND-USDT-SWAP_long
CLOSE,BAND-USDT-SWAP,0.0,0.2223,8706.0,,Ошибка: первичный стоп не подтверждён на бирже,long,True,2026-03-21 01:23:56,20260321_012222_BAND-USDT-SWAP_long
position_opened,BAND-USDT-SWAP,0.0,0.2223655255600231,8705.0,,,long,True,2026-03-21 01:24:14,20260321_012411_BAND-USDT-SWAP_long
OPEN,BAND-USDT-SWAP,0.0,0.2223655255600231,8705.0,,Первичный вход,long,True,2026-03-21 01:24:14,20260321_012411_BAND-USDT-SWAP_long
position_closed,BAND-USDT-SWAP,0.0,0.0,8705.0,ошибка:_первичный_стоп_не_подтверждён_на_бирже,Ошибка: первичный стоп не подтверждён на бирже,long,True,2026-03-21 01:25:45,20260321_012411_BAND-USDT-SWAP_long
CLOSE,BAND-USDT-SWAP,0.0,0.2222,8705.0,,Ошибка: первичный стоп не подтверждён на бирже,long,True,2026-03-21 01:25:45,20260321_012411_BAND-USDT-SWAP_long
position_opened,ETHFI-USDT-SWAP,0.0,0.5776881586402267,3530.0,,,long,True,2026-03-21 01:26:04,20260321_012600_ETHFI-USDT-SWAP_long
OPEN,ETHFI-USDT-SWAP,0.0,0.5776881586402267,3530.0,,Первичный вход,long,True,2026-03-21 01:26:04,20260321_012600_ETHFI-USDT-SWAP_long
position_closed,LTC-USDT-SWAP,0.0,0.0,40.2,stopout_cooldown,ATR стоп 2.0N,long,True,2026-03-21 01:26:32,20260321_010525_LTC-USDT-SWAP_long
CLOSE,LTC-USDT-SWAP,0.0,56.24,40.2,,ATR стоп 2.0N,long,True,2026-03-21 01:26:32,20260321_010525_LTC-USDT-SWAP_long
position_opened,LQTY-USDT-SWAP,0.0,0.2815245708154508,7176.4,,,long,True,2026-03-21 01:30:17,20260321_013013_LQTY-USDT-SWAP_long
OPEN,LQTY-USDT-SWAP,0.0,0.2815245708154508,7176.4,,Первичный вход,long,True,2026-03-21 01:30:17,20260321_013013_LQTY-USDT-SWAP_long
position_opened,MET-USDT-SWAP,0.0,0.1527,1337.0,,,long,True,2026-03-21 01:35:16,20260321_013514_MET-USDT-SWAP_long
OPEN,MET-USDT-SWAP,0.0,0.1527,1337.0,,Первичный вход,long,True,2026-03-21 01:35:16,20260321_013514_MET-USDT-SWAP_long
position_closed,MET-USDT-SWAP,0.0,0.0,1337.0,ошибка:_первичный_стоп_не_подтверждён_на_бирже,Ошибка: первичный стоп не подтверждён на бирже,long,True,2026-03-21 01:36:16,20260321_013514_MET-USDT-SWAP_long
CLOSE,MET-USDT-SWAP,0.0,0.1527,1337.0,,Ошибка: первичный стоп не подтверждён на бирже,long,True,2026-03-21 01:36:16,20260321_013514_MET-USDT-SWAP_long
position_closed,ETHFI-USDT-SWAP,0.0,0.0,3530.0,stopout_cooldown,ATR стоп 2.0N,long,True,2026-03-21 01:42:13,20260321_012600_ETHFI-USDT-SWAP_long
CLOSE,ETHFI-USDT-SWAP,0.0,0.5731,3530.0,,ATR стоп 2.0N,long,True,2026-03-21 01:42:13,20260321_012600_ETHFI-USDT-SWAP_long
position_opened,MET-USDT-SWAP,0.0,0.1531,1366.0,,,long,True,2026-03-21 01:50:10,20260321_015006_MET-USDT-SWAP_long
OPEN,MET-USDT-SWAP,0.0,0.1531,1366.0,,Первичный вход,long,True,2026-03-21 01:50:10,20260321_015006_MET-USDT-SWAP_long
position_opened,LRC-USDT-SWAP,0.0,0.02285,4000.0,,,short,True,2026-03-21 01:51:29,20260321_015125_LRC-USDT-SWAP_short
OPEN,LRC-USDT-SWAP,0.0,0.02285,4000.0,,Первичный вход,short,True,2026-03-21 01:51:29,20260321_015125_LRC-USDT-SWAP_short
position_closed,MET-USDT-SWAP,0.0,0.0,1366.0,stopout_cooldown,ATR стоп 2.0N,long,True,2026-03-21 01:51:58,20260321_015006_MET-USDT-SWAP_long
CLOSE,MET-USDT-SWAP,0.0,0.1528,1366.0,,ATR стоп 2.0N,long,True,2026-03-21 01:51:58,20260321_015006_MET-USDT-SWAP_long
position_closed,LRC-USDT-SWAP,0.0,0.0,4000.0,ошибка:_первичный_стоп_не_подтверждён_на_бирже,Ошибка: первичный стоп не подтверждён на бирже,short,True,2026-03-21 01:53:00,20260321_015125_LRC-USDT-SWAP_short
CLOSE,LRC-USDT-SWAP,0.0,0.02285,4000.0,,Ошибка: первичный стоп не подтверждён на бирже,short,True,2026-03-21 01:53:00,20260321_015125_LRC-USDT-SWAP_short
position_opened,LRC-USDT-SWAP,0.0,0.02286,4000.0,,,short,True,2026-03-21 01:53:39,20260321_015335_LRC-USDT-SWAP_short
OPEN,LRC-USDT-SWAP,0.0,0.02286,4000.0,,Первичный вход,short,True,2026-03-21 01:53:39,20260321_015335_LRC-USDT-SWAP_short
position_opened,MET-USDT-SWAP,0.0,0.1528,1366.0,,,long,True,2026-03-21 01:53:44,20260321_015341_MET-USDT-SWAP_long
OPEN,MET-USDT-SWAP,0.0,0.1528,1366.0,,Первичный вход,long,True,2026-03-21 01:53:44,20260321_015341_MET-USDT-SWAP_long
position_closed,LRC-USDT-SWAP,0.0,0.0,4000.0,ошибка:_первичный_стоп_не_подтверждён_на_бирже,Ошибка: первичный стоп не подтверждён на бирже,short,True,2026-03-21 01:54:39,20260321_015335_LRC-USDT-SWAP_short
CLOSE,LRC-USDT-SWAP,0.0,0.02291,4000.0,,Ошибка: первичный стоп не подтверждён на бирже,short,True,2026-03-21 01:54:39,20260321_015335_LRC-USDT-SWAP_short
position_closed,LQTY-USDT-SWAP,0.0,0.0,7176.4,stopout_cooldown,ATR стоп 2.0N,long,True,2026-03-21 02:00:14,20260321_013013_LQTY-USDT-SWAP_long
CLOSE,LQTY-USDT-SWAP,0.0,0.28,7176.4,,ATR стоп 2.0N,long,True,2026-03-21 02:00:14,20260321_013013_LQTY-USDT-SWAP_long
position_closed,SUI-USDT-SWAP,0.0,0.0,2280.0,stopout_cooldown,ATR стоп 2.0N,long,True,2026-03-21 02:02:24,20260321_010534_SUI-USDT-SWAP_long
CLOSE,SUI-USDT-SWAP,0.0,0.9661,2280.0,,ATR стоп 2.0N,long,True,2026-03-21 02:02:24,20260321_010534_SUI-USDT-SWAP_long
position_closed,BNB-USDT-SWAP,0.0,0.0,1284.0,канальный_выход_10_свечей,Канальный выход 10 свечей,long,True,2026-03-21 02:03:19,20260321_002207_BNB-USDT-SWAP_long
CLOSE,BNB-USDT-SWAP,0.0,642.7,1284.0,,Канальный выход 10 свечей,long,True,2026-03-21 02:03:19,20260321_002207_BNB-USDT-SWAP_long
position_closed,BCH-USDT-SWAP,0.0,0.0,183.84,канальный_выход_10_свечей,Канальный выход 10 свечей,long,True,2026-03-21 02:04:49,20260321_002150_BCH-USDT-SWAP_long
CLOSE,BCH-USDT-SWAP,0.0,472.2,183.84,,Канальный выход 10 свечей,long,True,2026-03-21 02:04:49,20260321_002150_BCH-USDT-SWAP_long
position_closed,MET-USDT-SWAP,0.0,0.0,2732.0,stopout_cooldown,ATR стоп 2.0N,long,True,2026-03-21 02:04:55,20260321_015341_MET-USDT-SWAP_long
CLOSE,MET-USDT-SWAP,0.0,0.1525,2732.0,,ATR стоп 2.0N,long,True,2026-03-21 02:04:55,20260321_015341_MET-USDT-SWAP_long
position_opened,IOTA-USDT-SWAP,0.0,0.0616313282078474,3772.0,,,short,True,2026-03-21 02:05:36,20260321_020533_IOTA-USDT-SWAP_short
OPEN,IOTA-USDT-SWAP,0.0,0.0616313282078474,3772.0,,Первичный вход,short,True,2026-03-21 02:05:36,20260321_020533_IOTA-USDT-SWAP_short
position_opened,LIT-USDT-SWAP,0.0,1.08,223.0,,,short,True,2026-03-21 02:10:31,20260321_021027_LIT-USDT-SWAP_short
OPEN,LIT-USDT-SWAP,0.0,1.08,223.0,,Первичный вход,short,True,2026-03-21 02:10:31,20260321_021027_LIT-USDT-SWAP_short
position_opened,ENA-USDT-SWAP,0.0,0.1014876275510207,2352.0,,,short,True,2026-03-21 02:10:35,20260321_021032_ENA-USDT-SWAP_short
OPEN,ENA-USDT-SWAP,0.0,0.1014876275510207,2352.0,,Первичный вход,short,True,2026-03-21 02:10:35,20260321_021032_ENA-USDT-SWAP_short
position_opened,OP-USDT-SWAP,0.0,0.1233664726080851,19221.0,,,short,True,2026-03-21 02:10:39,20260321_021036_OP-USDT-SWAP_short
OPEN,OP-USDT-SWAP,0.0,0.1233664726080851,19221.0,,Первичный вход,short,True,2026-03-21 02:10:39,20260321_021036_OP-USDT-SWAP_short
position_opened,DOT-USDT-SWAP,0.0,1.506,1565.4,,,short,True,2026-03-21 02:10:44,20260321_021041_DOT-USDT-SWAP_short
OPEN,DOT-USDT-SWAP,0.0,1.506,1565.4,,Первичный вход,short,True,2026-03-21 02:10:44,20260321_021041_DOT-USDT-SWAP_short
position_closed,ENA-USDT-SWAP,0.0,0.0,2352.0,ошибка:_первичный_стоп_не_подтверждён_на_бирже,Ошибка: первичный стоп не подтверждён на бирже,short,True,2026-03-21 02:11:58,20260321_021032_ENA-USDT-SWAP_short
CLOSE,ENA-USDT-SWAP,0.0,0.1016,2352.0,,Ошибка: первичный стоп не подтверждён на бирже,short,True,2026-03-21 02:11:58,20260321_021032_ENA-USDT-SWAP_short
position_closed,DOT-USDT-SWAP,0.0,0.0,1565.4,ошибка:_первичный_стоп_не_подтверждён_на_бирже,Ошибка: первичный стоп не подтверждён на бирже,short,True,2026-03-21 02:13:06,20260321_021041_DOT-USDT-SWAP_short
CLOSE,DOT-USDT-SWAP,0.0,1.506,1565.4,,Ошибка: первичный стоп не подтверждён на бирже,short,True,2026-03-21 02:13:06,20260321_021041_DOT-USDT-SWAP_short
position_opened,1INCH-USDT-SWAP,0.0,0.0951041771681201,24203.0,,,short,True,2026-03-21 02:16:23,20260321_021619_1INCH-USDT-SWAP_short
OPEN,1INCH-USDT-SWAP,0.0,0.0951041771681201,24203.0,,Первичный вход,short,True,2026-03-21 02:16:23,20260321_021619_1INCH-USDT-SWAP_short
position_closed,LIT-USDT-SWAP,0.0,0.0,446.0,stopout_cooldown,ATR стоп 2.0N,short,True,2026-03-21 02:17:17,20260321_021027_LIT-USDT-SWAP_short
CLOSE,LIT-USDT-SWAP,0.0,1.098,446.0,,ATR стоп 2.0N,short,True,2026-03-21 02:17:17,20260321_021027_LIT-USDT-SWAP_short
position_closed,OP-USDT-SWAP,0.0,0.0,19221.0,stopout_cooldown,ATR стоп 2.0N,short,True,2026-03-21 02:33:55,20260321_021036_OP-USDT-SWAP_short
CLOSE,OP-USDT-SWAP,0.0,0.1238,19221.0,,ATR стоп 2.0N,short,True,2026-03-21 02:33:55,20260321_021036_OP-USDT-SWAP_short
position_opened,TRX-USDT-SWAP,0.0,0.3094,7.84,,,short,True,2026-03-21 03:00:20,20260321_030016_TRX-USDT-SWAP_short
OPEN,TRX-USDT-SWAP,0.0,0.3094,7.84,,Первичный вход,short,True,2026-03-21 03:00:20,20260321_030016_TRX-USDT-SWAP_short
position_closed,TRX-USDT-SWAP,0.0,0.0,7.84,stopout_cooldown,ATR стоп 2.0N,short,True,2026-03-21 03:06:09,20260321_030016_TRX-USDT-SWAP_short
CLOSE,TRX-USDT-SWAP,0.0,0.3099,7.84,,ATR стоп 2.0N,short,True,2026-03-21 03:06:09,20260321_030016_TRX-USDT-SWAP_short
position_opened,BCH-USDT-SWAP,0.0,475.1,51.07,,,long,True,2026-03-21 03:10:33,20260321_031029_BCH-USDT-SWAP_long
OPEN,BCH-USDT-SWAP,0.0,475.1,51.07,,Первичный вход,long,True,2026-03-21 03:10:33,20260321_031029_BCH-USDT-SWAP_long
position_opened,TRX-USDT-SWAP,0.0,0.3092,7.75,,,short,True,2026-03-21 03:15:22,20260321_031519_TRX-USDT-SWAP_short
OPEN,TRX-USDT-SWAP,0.0,0.3092,7.75,,Первичный вход,short,True,2026-03-21 03:15:22,20260321_031519_TRX-USDT-SWAP_short
position_opened,TSLA-USDT-SWAP,0.0,374.7227272727273,77.0,,,long,True,2026-03-21 03:20:15,20260321_032011_TSLA-USDT-SWAP_long
OPEN,TSLA-USDT-SWAP,0.0,374.7227272727273,77.0,,Первичный вход,long,True,2026-03-21 03:20:15,20260321_032011_TSLA-USDT-SWAP_long
position_closed,TSLA-USDT-SWAP,0.0,0.0,77.0,ошибка:_первичный_стоп_не_подтверждён_на_бирже,Ошибка: первичный стоп не подтверждён на бирже,long,True,2026-03-21 03:21:09,20260321_032011_TSLA-USDT-SWAP_long
CLOSE,TSLA-USDT-SWAP,0.0,372.99,77.0,,Ошибка: первичный стоп не подтверждён на бирже,long,True,2026-03-21 03:21:09,20260321_032011_TSLA-USDT-SWAP_long
position_opened,COMP-USDT-SWAP,0.0,19.09,1197.7,,,long,True,2026-03-21 03:25:57,20260321_032554_COMP-USDT-SWAP_long
OPEN,COMP-USDT-SWAP,0.0,19.09,1197.7,,Первичный вход,long,True,2026-03-21 03:25:57,20260321_032554_COMP-USDT-SWAP_long
position_opened,SUI-USDT-SWAP,0.0,0.969666907216495,2328.0,,,long,True,2026-03-21 03:26:02,20260321_032558_SUI-USDT-SWAP_long
OPEN,SUI-USDT-SWAP,0.0,0.969666907216495,2328.0,,Первичный вход,long,True,2026-03-21 03:26:02,20260321_032558_SUI-USDT-SWAP_long
position_opened,LTC-USDT-SWAP,0.0,56.33,39.8,,,long,True,2026-03-21 03:26:06,20260321_032603_LTC-USDT-SWAP_long
OPEN,LTC-USDT-SWAP,0.0,56.33,39.8,,Первичный вход,long,True,2026-03-21 03:26:06,20260321_032603_LTC-USDT-SWAP_long
position_closed,COMP-USDT-SWAP,0.0,0.0,1197.7,ошибка:_первичный_стоп_не_подтверждён_на_бирже,Ошибка: первичный стоп не подтверждён на бирже,long,True,2026-03-21 03:27:14,20260321_032554_COMP-USDT-SWAP_long
CLOSE,COMP-USDT-SWAP,0.0,19.09,1197.7,,Ошибка: первичный стоп не подтверждён на бирже,long,True,2026-03-21 03:27:14,20260321_032554_COMP-USDT-SWAP_long
position_opened,COMP-USDT-SWAP,0.0,19.1,1175.6,,,long,True,2026-03-21 03:27:51,20260321_032747_COMP-USDT-SWAP_long
OPEN,COMP-USDT-SWAP,0.0,19.1,1175.6,,Первичный вход,long,True,2026-03-21 03:27:51,20260321_032747_COMP-USDT-SWAP_long
position_closed,COMP-USDT-SWAP,0.0,0.0,1175.6,ошибка:_первичный_стоп_не_подтверждён_на_бирже,Ошибка: первичный стоп не подтверждён на бирже,long,True,2026-03-21 03:30:12,20260321_032747_COMP-USDT-SWAP_long
CLOSE,COMP-USDT-SWAP,0.0,19.12,1175.6,,Ошибка: первичный стоп не подтверждён на бирже,long,True,2026-03-21 03:30:12,20260321_032747_COMP-USDT-SWAP_long
position_opened,MASK-USDT-SWAP,0.0,0.462853319713994,4895.0,,,long,True,2026-03-21 03:30:38,20260321_033035_MASK-USDT-SWAP_long
OPEN,MASK-USDT-SWAP,0.0,0.462853319713994,4895.0,,Первичный вход,long,True,2026-03-21 03:30:38,20260321_033035_MASK-USDT-SWAP_long
position_opened,LDO-USDT-SWAP,0.0,0.2986,7486.0,,,long,True,2026-03-21 03:30:43,20260321_033039_LDO-USDT-SWAP_long
OPEN,LDO-USDT-SWAP,0.0,0.2986,7486.0,,Первичный вход,long,True,2026-03-21 03:30:43,20260321_033039_LDO-USDT-SWAP_long
position_closed,BCH-USDT-SWAP,0.0,0.0,102.14,stopout_cooldown,ATR стоп 2.0N,long,True,2026-03-21 03:32:09,20260321_031029_BCH-USDT-SWAP_long
CLOSE,BCH-USDT-SWAP,0.0,474.9,102.14,,ATR стоп 2.0N,long,True,2026-03-21 03:32:09,20260321_031029_BCH-USDT-SWAP_long
position_opened,AUCTION-USDT-SWAP,0.0,4.864707102656952,4584.2,,,short,True,2026-03-21 03:45:39,20260321_034536_AUCTION-USDT-SWAP_short
OPEN,AUCTION-USDT-SWAP,0.0,4.864707102656952,4584.2,,Первичный вход,short,True,2026-03-21 03:45:39,20260321_034536_AUCTION-USDT-SWAP_short
position_opened,BNB-USDT-SWAP,0.0,641.5,344.0,,,short,True,2026-03-21 03:50:46,20260321_035043_BNB-USDT-SWAP_short
OPEN,BNB-USDT-SWAP,0.0,641.5,344.0,,Первичный вход,short,True,2026-03-21 03:50:46,20260321_035043_BNB-USDT-SWAP_short
position_opened,AXS-USDT-SWAP,0.0,1.2057852899415007,17607.0,,,short,True,2026-03-21 03:55:56,20260321_035553_AXS-USDT-SWAP_short
OPEN,AXS-USDT-SWAP,0.0,1.2057852899415007,17607.0,,Первичный вход,short,True,2026-03-21 03:55:56,20260321_035553_AXS-USDT-SWAP_short
position_opened,INJ-USDT-SWAP,0.0,3.091184782608696,6808.0,,,long,True,2026-03-21 04:00:34,20260321_040030_INJ-USDT-SWAP_long
OPEN,INJ-USDT-SWAP,0.0,3.091184782608696,6808.0,,Первичный вход,long,True,2026-03-21 04:00:34,20260321_040030_INJ-USDT-SWAP_long
position_closed,INJ-USDT-SWAP,0.0,0.0,6808.0,ошибка:_первичный_стоп_не_подтверждён_на_бирже,Ошибка: первичный стоп не подтверждён на бирже,long,True,2026-03-21 04:02:16,20260321_040030_INJ-USDT-SWAP_long
CLOSE,INJ-USDT-SWAP,0.0,3.092,6808.0,,Ошибка: первичный стоп не подтверждён на бирже,long,True,2026-03-21 04:02:16,20260321_040030_INJ-USDT-SWAP_long
position_opened,INJ-USDT-SWAP,0.0,3.096,6803.0,,,long,True,2026-03-21 04:02:56,20260321_040253_INJ-USDT-SWAP_long
OPEN,INJ-USDT-SWAP,0.0,3.096,6803.0,,Первичный вход,long,True,2026-03-21 04:02:56,20260321_040253_INJ-USDT-SWAP_long
position_closed,INJ-USDT-SWAP,0.0,0.0,6803.0,ошибка:_первичный_стоп_не_подтверждён_на_бирже,Ошибка: первичный стоп не подтверждён на бирже,long,True,2026-03-21 04:04:13,20260321_040253_INJ-USDT-SWAP_long
CLOSE,INJ-USDT-SWAP,0.0,3.096,6803.0,,Ошибка: первичный стоп не подтверждён на бирже,long,True,2026-03-21 04:04:13,20260321_040253_INJ-USDT-SWAP_long
position_opened,INJ-USDT-SWAP,0.0,3.095,6803.0,,,long,True,2026-03-21 04:04:52,20260321_040448_INJ-USDT-SWAP_long
OPEN,INJ-USDT-SWAP,0.0,3.095,6803.0,,Первичный вход,long,True,2026-03-21 04:04:52,20260321_040448_INJ-USDT-SWAP_long
position_closed,INJ-USDT-SWAP,0.0,0.0,6803.0,ошибка:_первичный_стоп_не_подтверждён_на_бирже,Ошибка: первичный стоп не подтверждён на бирже,long,True,2026-03-21 04:06:09,20260321_040448_INJ-USDT-SWAP_long
CLOSE,INJ-USDT-SWAP,0.0,3.095,6803.0,,Ошибка: первичный стоп не подтверждён на бирже,long,True,2026-03-21 04:06:09,20260321_040448_INJ-USDT-SWAP_long
position_opened,LRC-USDT-SWAP,0.0,0.02311943,4000.0,,,long,True,2026-03-21 04:06:51,20260321_040647_LRC-USDT-SWAP_long
OPEN,LRC-USDT-SWAP,0.0,0.02311943,4000.0,,Первичный вход,long,True,2026-03-21 04:06:51,20260321_040647_LRC-USDT-SWAP_long
position_opened,KSM-USDT-SWAP,0.0,4.557925691871867,4589.0,,,long,True,2026-03-21 04:06:55,20260321_040652_KSM-USDT-SWAP_long
OPEN,KSM-USDT-SWAP,0.0,4.557925691871867,4589.0,,Первичный вход,long,True,2026-03-21 04:06:55,20260321_040652_KSM-USDT-SWAP_long
position_opened,CRV-USDT-SWAP,0.0,0.2365,8743.0,,,long,True,2026-03-21 04:07:00,20260321_040656_CRV-USDT-SWAP_long
OPEN,CRV-USDT-SWAP,0.0,0.2365,8743.0,,Первичный вход,long,True,2026-03-21 04:07:00,20260321_040656_CRV-USDT-SWAP_long
position_closed,LRC-USDT-SWAP,0.0,0.0,4000.0,ошибка:_первичный_стоп_не_подтверждён_на_бирже,Ошибка: первичный стоп не подтверждён на бирже,long,True,2026-03-21 04:07:53,20260321_040647_LRC-USDT-SWAP_long
CLOSE,LRC-USDT-SWAP,0.0,0.02312,4000.0,,Ошибка: первичный стоп не подтверждён на бирже,long,True,2026-03-21 04:07:53,20260321_040647_LRC-USDT-SWAP_long
position_closed,CRV-USDT-SWAP,0.0,0.0,8743.0,ошибка:_первичный_стоп_не_подтверждён_на_бирже,Ошибка: первичный стоп не подтверждён на бирже,long,True,2026-03-21 04:09:00,20260321_040656_CRV-USDT-SWAP_long
CLOSE,CRV-USDT-SWAP,0.0,0.2365,8743.0,,Ошибка: первичный стоп не подтверждён на бирже,long,True,2026-03-21 04:09:00,20260321_040656_CRV-USDT-SWAP_long
position_opened,CRV-USDT-SWAP,0.0,0.2362,9005.0,,,long,True,2026-03-21 04:09:41,20260321_040938_CRV-USDT-SWAP_long
OPEN,CRV-USDT-SWAP,0.0,0.2362,9005.0,,Первичный вход,long,True,2026-03-21 04:09:41,20260321_040938_CRV-USDT-SWAP_long
position_closed,CRV-USDT-SWAP,0.0,0.0,9005.0,ошибка:_первичный_стоп_не_подтверждён_на_бирже,Ошибка: первичный стоп не подтверждён на бирже,long,True,2026-03-21 04:10:58,20260321_040938_CRV-USDT-SWAP_long
CLOSE,CRV-USDT-SWAP,0.0,0.2362,9005.0,,Ошибка: первичный стоп не подтверждён на бирже,long,True,2026-03-21 04:10:58,20260321_040938_CRV-USDT-SWAP_long
position_opened,THETA-USDT-SWAP,0.0,0.1721,1234.0,,,long,True,2026-03-21 04:14:57,20260321_041454_THETA-USDT-SWAP_long
OPEN,THETA-USDT-SWAP,0.0,0.1721,1234.0,,Первичный вход,long,True,2026-03-21 04:14:57,20260321_041454_THETA-USDT-SWAP_long
position_closed,THETA-USDT-SWAP,0.0,0.0,1234.0,ошибка:_первичный_стоп_не_подтверждён_на_бирже,Ошибка: первичный стоп не подтверждён на бирже,long,True,2026-03-21 04:17:48,20260321_041454_THETA-USDT-SWAP_long
CLOSE,THETA-USDT-SWAP,0.0,0.1721,1234.0,,Ошибка: первичный стоп не подтверждён на бирже,long,True,2026-03-21 04:17:48,20260321_041454_THETA-USDT-SWAP_long
position_opened,BNB-USDT-SWAP,0.0,641.0,327.0,,,short,True,2026-03-21 04:20:35,20260321_042032_BNB-USDT-SWAP_short
OPEN,BNB-USDT-SWAP,0.0,641.0,327.0,,Первичный вход,short,True,2026-03-21 04:20:35,20260321_042032_BNB-USDT-SWAP_short
position_opened,BCH-USDT-SWAP,0.0,471.3,44.03,,,short,True,2026-03-21 04:20:39,20260321_042036_BCH-USDT-SWAP_short
OPEN,BCH-USDT-SWAP,0.0,471.3,44.03,,Первичный вход,short,True,2026-03-21 04:20:39,20260321_042036_BCH-USDT-SWAP_short
position_opened,XTZ-USDT-SWAP,0.0,0.3992903471138848,5128.0,,,short,True,2026-03-21 04:20:44,20260321_042040_XTZ-USDT-SWAP_short
OPEN,XTZ-USDT-SWAP,0.0,0.3992903471138848,5128.0,,Первичный вход,short,True,2026-03-21 04:20:44,20260321_042040_XTZ-USDT-SWAP_short
position_opened,NEO-USDT-SWAP,0.0,2.7310162162162164,740.0,,,short,True,2026-03-21 04:20:48,20260321_042045_NEO-USDT-SWAP_short
OPEN,NEO-USDT-SWAP,0.0,2.7310162162162164,740.0,,Первичный вход,short,True,2026-03-21 04:20:48,20260321_042045_NEO-USDT-SWAP_short
position_opened,SUI-USDT-SWAP,0.0,0.9644077896786758,2054.0,,,short,True,2026-03-21 04:35:27,20260321_043524_SUI-USDT-SWAP_short
OPEN,SUI-USDT-SWAP,0.0,0.9644077896786758,2054.0,,Первичный вход,short,True,2026-03-21 04:35:27,20260321_043524_SUI-USDT-SWAP_short
position_opened,XLM-USDT-SWAP,0.0,0.1651109926100101,119.08,,,short,True,2026-03-21 04:35:31,20260321_043528_XLM-USDT-SWAP_short
OPEN,XLM-USDT-SWAP,0.0,0.1651109926100101,119.08,,Первичный вход,short,True,2026-03-21 04:35:31,20260321_043528_XLM-USDT-SWAP_short
position_closed,XTZ-USDT-SWAP,0.0,0.0,10256.0,stopout_cooldown,ATR стоп 2.0N,short,True,2026-03-21 04:37:10,20260321_042040_XTZ-USDT-SWAP_short
CLOSE,XTZ-USDT-SWAP,0.0,0.3998,10256.0,,ATR стоп 2.0N,short,True,2026-03-21 04:37:10,20260321_042040_XTZ-USDT-SWAP_short
position_opened,COMP-USDT-SWAP,0.0,19.17,1001.1,,,long,True,2026-03-21 04:40:50,20260321_044047_COMP-USDT-SWAP_long
OPEN,COMP-USDT-SWAP,0.0,19.17,1001.1,,Первичный вход,long,True,2026-03-21 04:40:50,20260321_044047_COMP-USDT-SWAP_long
position_closed,COMP-USDT-SWAP,0.0,0.0,1001.1,ошибка:_первичный_стоп_не_подтверждён_на_бирже,Ошибка: первичный стоп не подтверждён на бирже,long,True,2026-03-21 04:42:32,20260321_044047_COMP-USDT-SWAP_long
CLOSE,COMP-USDT-SWAP,0.0,19.16,1001.1,,Ошибка: первичный стоп не подтверждён на бирже,long,True,2026-03-21 04:42:32,20260321_044047_COMP-USDT-SWAP_long
position_closed,NEO-USDT-SWAP,0.0,0.0,1480.0,stopout_cooldown,ATR стоп 2.0N,short,True,2026-03-21 04:52:44,20260321_042045_NEO-USDT-SWAP_short
CLOSE,NEO-USDT-SWAP,0.0,2.732,1480.0,,ATR стоп 2.0N,short,True,2026-03-21 04:52:44,20260321_042045_NEO-USDT-SWAP_short
position_closed,MASK-USDT-SWAP,0.0,0.0,19580.0,канальный_выход_10_свечей,Канальный выход 10 свечей,long,True,2026-03-21 04:55:42,20260321_033035_MASK-USDT-SWAP_long
CLOSE,MASK-USDT-SWAP,0.0,0.4657,19580.0,,Канальный выход 10 свечей,long,True,2026-03-21 04:55:42,20260321_033035_MASK-USDT-SWAP_long
position_closed,TRX-USDT-SWAP,0.0,0.0,31.0,канальный_выход_10_свечей,Канальный выход 10 свечей,short,True,2026-03-21 05:00:36,20260321_031519_TRX-USDT-SWAP_short
CLOSE,TRX-USDT-SWAP,0.0,0.3082,31.0,,Канальный выход 10 свечей,short,True,2026-03-21 05:00:36,20260321_031519_TRX-USDT-SWAP_short
position_opened,FLOKI-USDT-SWAP,0.0,2.95200140253e-05,713.0,,,short,True,2026-03-21 05:05:28,20260321_050524_FLOKI-USDT-SWAP_short
OPEN,FLOKI-USDT-SWAP,0.0,2.95200140253e-05,713.0,,Первичный вход,short,True,2026-03-21 05:05:28,20260321_050524_FLOKI-USDT-SWAP_short
position_opened,AAVE-USDT-SWAP,0.0,111.04,188.6,,,short,True,2026-03-21 05:05:32,20260321_050529_AAVE-USDT-SWAP_short
OPEN,AAVE-USDT-SWAP,0.0,111.04,188.6,,Первичный вход,short,True,2026-03-21 05:05:32,20260321_050529_AAVE-USDT-SWAP_short
position_closed,FLOKI-USDT-SWAP,0.0,0.0,713.0,stopout_cooldown,ATR стоп 2.0N,short,True,2026-03-21 05:18:27,20260321_050524_FLOKI-USDT-SWAP_short
CLOSE,FLOKI-USDT-SWAP,0.0,2.96e-05,713.0,,ATR стоп 2.0N,short,True,2026-03-21 05:18:27,20260321_050524_FLOKI-USDT-SWAP_short
position_closed,BCH-USDT-SWAP,0.0,0.0,176.12,канальный_выход_10_свечей,Канальный выход 10 свечей,short,True,2026-03-21 05:20:56,20260321_042036_BCH-USDT-SWAP_short
CLOSE,BCH-USDT-SWAP,0.0,471.4,176.12,,Канальный выход 10 свечей,short,True,2026-03-21 05:20:56,20260321_042036_BCH-USDT-SWAP_short
position_closed,AAVE-USDT-SWAP,0.0,0.0,188.6,stopout_cooldown,ATR стоп 2.0N,short,True,2026-03-21 05:25:40,20260321_050529_AAVE-USDT-SWAP_short
CLOSE,AAVE-USDT-SWAP,0.0,111.33,188.6,,ATR стоп 2.0N,short,True,2026-03-21 05:25:40,20260321_050529_AAVE-USDT-SWAP_short
position_closed,XLM-USDT-SWAP,0.0,0.0,476.32,stopout_cooldown,ATR стоп 2.0N,short,True,2026-03-21 05:26:10,20260321_043528_XLM-USDT-SWAP_short
CLOSE,XLM-USDT-SWAP,0.0,0.16536,476.32,,ATR стоп 2.0N,short,True,2026-03-21 05:26:10,20260321_043528_XLM-USDT-SWAP_short
position_opened,MASK-USDT-SWAP,0.0,0.4688750246791709,5065.0,,,long,True,2026-03-21 05:30:24,20260321_053020_MASK-USDT-SWAP_long
OPEN,MASK-USDT-SWAP,0.0,0.4688750246791709,5065.0,,Первичный вход,long,True,2026-03-21 05:30:24,20260321_053020_MASK-USDT-SWAP_long
position_opened,COMP-USDT-SWAP,0.0,19.23,1274.7,,,long,True,2026-03-21 05:45:48,20260321_054545_COMP-USDT-SWAP_long
OPEN,COMP-USDT-SWAP,0.0,19.23,1274.7,,Первичный вход,long,True,2026-03-21 05:45:48,20260321_054545_COMP-USDT-SWAP_long
position_opened,DOGE-USDT-SWAP,0.0,0.09465,25.57,,,long,True,2026-03-21 05:45:53,20260321_054549_DOGE-USDT-SWAP_long
OPEN,DOGE-USDT-SWAP,0.0,0.09465,25.57,,Первичный вход,long,True,2026-03-21 05:45:53,20260321_054549_DOGE-USDT-SWAP_long
position_closed,COMP-USDT-SWAP,0.0,0.0,1274.7,ошибка:_первичный_стоп_не_подтверждён_на_бирже,Ошибка: первичный стоп не подтверждён на бирже,long,True,2026-03-21 05:48:04,20260321_054545_COMP-USDT-SWAP_long
CLOSE,COMP-USDT-SWAP,0.0,19.23,1274.7,,Ошибка: первичный стоп не подтверждён на бирже,long,True,2026-03-21 05:48:04,20260321_054545_COMP-USDT-SWAP_long
position_opened,KSM-USDT-SWAP,0.0,4.568838280647649,5188.0,,,long,True,2026-03-21 05:56:22,20260321_055618_KSM-USDT-SWAP_long
OPEN,KSM-USDT-SWAP,0.0,4.568838280647649,5188.0,,Первичный вход,long,True,2026-03-21 05:56:22,20260321_055618_KSM-USDT-SWAP_long
position_closed,KSM-USDT-SWAP,0.0,0.0,5188.0,ошибка:_первичный_стоп_не_подтверждён_на_бирже,Ошибка: первичный стоп не подтверждён на бирже,long,True,2026-03-21 05:57:07,20260321_055618_KSM-USDT-SWAP_long
CLOSE,KSM-USDT-SWAP,0.0,4.566,5188.0,,Ошибка: первичный стоп не подтверждён на бирже,long,True,2026-03-21 05:57:07,20260321_055618_KSM-USDT-SWAP_long
position_closed,MASK-USDT-SWAP,0.0,0.0,15195.0,stopout_cooldown,ATR стоп 2.0N,long,True,2026-03-21 05:59:08,20260321_053020_MASK-USDT-SWAP_long
CLOSE,MASK-USDT-SWAP,0.0,0.4698,15195.0,,ATR стоп 2.0N,long,True,2026-03-21 05:59:08,20260321_053020_MASK-USDT-SWAP_long
position_opened,AAVE-USDT-SWAP,0.0,111.80854108956602,216.6,,,long,True,2026-03-21 06:10:44,20260321_061041_AAVE-USDT-SWAP_long
OPEN,AAVE-USDT-SWAP,0.0,111.80854108956602,216.6,,Первичный вход,long,True,2026-03-21 06:10:44,20260321_061041_AAVE-USDT-SWAP_long
position_opened,MINA-USDT-SWAP,0.0,0.0601326966151066,39824.0,,,long,True,2026-03-21 06:15:12,20260321_061508_MINA-USDT-SWAP_long
OPEN,MINA-USDT-SWAP,0.0,0.0601326966151066,39824.0,,Первичный вход,long,True,2026-03-21 06:15:12,20260321_061508_MINA-USDT-SWAP_long
position_opened,MINA-USDT-SWAP,0.0,0.0601589333638306,39348.0,,,long,True,2026-03-21 06:16:27,20260321_061624_MINA-USDT-SWAP_long
OPEN,MINA-USDT-SWAP,0.0,0.0601589333638306,39348.0,,Первичный вход,long,True,2026-03-21 06:16:27,20260321_061624_MINA-USDT-SWAP_long
position_closed,DOGE-USDT-SWAP,0.0,0.0,76.71,stopout_cooldown,ATR стоп 2.0N,long,True,2026-03-21 06:19:18,20260321_054549_DOGE-USDT-SWAP_long
CLOSE,DOGE-USDT-SWAP,0.0,0.0946,76.71,,ATR стоп 2.0N,long,True,2026-03-21 06:19:18,20260321_054549_DOGE-USDT-SWAP_long
position_opened,THETA-USDT-SWAP,0.0,0.1698657858136301,1438.0,,,short,True,2026-03-21 06:20:13,20260321_062010_THETA-USDT-SWAP_short
OPEN,THETA-USDT-SWAP,0.0,0.1698657858136301,1438.0,,Первичный вход,short,True,2026-03-21 06:20:13,20260321_062010_THETA-USDT-SWAP_short
position_closed,THETA-USDT-SWAP,0.0,0.0,1438.0,stopout_cooldown,ATR стоп 2.0N,short,True,2026-03-21 06:20:22,20260321_062010_THETA-USDT-SWAP_short
CLOSE,THETA-USDT-SWAP,0.0,0.1705,1438.0,,ATR стоп 2.0N,short,True,2026-03-21 06:20:22,20260321_062010_THETA-USDT-SWAP_short
position_opened,THETA-USDT-SWAP,0.0,0.1698424200278165,1438.0,,,short,True,2026-03-21 06:20:48,20260321_062045_THETA-USDT-SWAP_short
OPEN,THETA-USDT-SWAP,0.0,0.1698424200278165,1438.0,,Первичный вход,short,True,2026-03-21 06:20:48,20260321_062045_THETA-USDT-SWAP_short
position_closed,THETA-USDT-SWAP,0.0,0.0,1438.0,stopout_cooldown,ATR стоп 2.0N,short,True,2026-03-21 06:21:02,20260321_062045_THETA-USDT-SWAP_short
CLOSE,THETA-USDT-SWAP,0.0,0.1705,1438.0,,ATR стоп 2.0N,short,True,2026-03-21 06:21:02,20260321_062045_THETA-USDT-SWAP_short
position_opened,THETA-USDT-SWAP,0.0,0.1700049518569464,1454.0,,,short,True,2026-03-21 06:21:28,20260321_062125_THETA-USDT-SWAP_short
OPEN,THETA-USDT-SWAP,0.0,0.1700049518569464,1454.0,,Первичный вход,short,True,2026-03-21 06:21:28,20260321_062125_THETA-USDT-SWAP_short
position_closed,MINA-USDT-SWAP,0.0,0.0,39348.0,stopout_cooldown,ATR стоп 2.0N,long,True,2026-03-21 06:21:31,20260321_061624_MINA-USDT-SWAP_long
CLOSE,MINA-USDT-SWAP,0.0,0.05999,39348.0,,ATR стоп 2.0N,long,True,2026-03-21 06:21:31,20260321_061624_MINA-USDT-SWAP_long
position_closed,THETA-USDT-SWAP,0.0,0.0,1454.0,stopout_cooldown,ATR стоп 2.0N,short,True,2026-03-21 06:21:38,20260321_062125_THETA-USDT-SWAP_short
CLOSE,THETA-USDT-SWAP,0.0,0.1705,1454.0,,ATR стоп 2.0N,short,True,2026-03-21 06:21:38,20260321_062125_THETA-USDT-SWAP_short
position_opened,THETA-USDT-SWAP,0.0,0.1699059876118376,1453.0,,,short,True,2026-03-21 06:22:06,20260321_062202_THETA-USDT-SWAP_short
OPEN,THETA-USDT-SWAP,0.0,0.1699059876118376,1453.0,,Первичный вход,short,True,2026-03-21 06:22:06,20260321_062202_THETA-USDT-SWAP_short
position_closed,THETA-USDT-SWAP,0.0,0.0,1453.0,ошибка:_первичный_стоп_не_подтверждён_на_бирже,Ошибка: первичный стоп не подтверждён на бирже,short,True,2026-03-21 06:23:16,20260321_062202_THETA-USDT-SWAP_short
CLOSE,THETA-USDT-SWAP,0.0,0.1698,1453.0,,Ошибка: первичный стоп не подтверждён на бирже,short,True,2026-03-21 06:23:16,20260321_062202_THETA-USDT-SWAP_short
position_opened,BCH-USDT-SWAP,0.0,469.6,52.68,,,short,True,2026-03-21 06:25:36,20260321_062532_BCH-USDT-SWAP_short
OPEN,BCH-USDT-SWAP,0.0,469.6,52.68,,Первичный вход,short,True,2026-03-21 06:25:36,20260321_062532_BCH-USDT-SWAP_short
position_opened,PEPE-USDT-SWAP,0.0,3.4338987342e-06,71.1,,,long,True,2026-03-21 06:30:22,20260321_063019_PEPE-USDT-SWAP_long
OPEN,PEPE-USDT-SWAP,0.0,3.4338987342e-06,71.1,,Первичный вход,long,True,2026-03-21 06:30:22,20260321_063019_PEPE-USDT-SWAP_long
position_opened,LQTY-USDT-SWAP,0.0,0.281228989392568,8616.6,,,short,True,2026-03-21 06:30:27,20260321_063024_LQTY-USDT-SWAP_short
OPEN,LQTY-USDT-SWAP,0.0,0.281228989392568,8616.6,,Первичный вход,short,True,2026-03-21 06:30:27,20260321_063024_LQTY-USDT-SWAP_short
position_closed,LQTY-USDT-SWAP,0.0,0.0,8616.6,ошибка:_первичный_стоп_не_подтверждён_на_бирже,Ошибка: первичный стоп не подтверждён на бирже,short,True,2026-03-21 06:31:35,20260321_063024_LQTY-USDT-SWAP_short
CLOSE,LQTY-USDT-SWAP,0.0,0.2818,8616.6,,Ошибка: первичный стоп не подтверждён на бирже,short,True,2026-03-21 06:31:35,20260321_063024_LQTY-USDT-SWAP_short
position_closed,PEPE-USDT-SWAP,0.0,0.0,71.1,ошибка:_первичный_стоп_не_подтверждён_на_бирже,Ошибка: первичный стоп не подтверждён на бирже,long,True,2026-03-21 06:33:02,20260321_063019_PEPE-USDT-SWAP_long
CLOSE,PEPE-USDT-SWAP,0.0,3.431e-06,71.1,,Ошибка: первичный стоп не подтверждён на бирже,long,True,2026-03-21 06:33:02,20260321_063019_PEPE-USDT-SWAP_long
OPEN,MET-USDT-SWAP,0.0,0.1522,1608.0,,Первичный вход,short,True,2026-03-21 06:35:09,20260321_063506_MET-USDT-SWAP_short
position_opened,MET-USDT-SWAP,0.0,0.1522,1608.0,,,short,True,2026-03-21 06:35:10,20260321_063506_MET-USDT-SWAP_short
position_closed,MET-USDT-SWAP,0.0,0.0,1608.0,stopout_cooldown,ATR стоп 2.0N,short,True,2026-03-21 06:35:17,20260321_063506_MET-USDT-SWAP_short
CLOSE,MET-USDT-SWAP,0.0,0.1523,1608.0,,ATR стоп 2.0N,short,True,2026-03-21 06:35:17,20260321_063506_MET-USDT-SWAP_short
position_opened,MASK-USDT-SWAP,0.0,0.4735,5165.0,,,long,True,2026-03-21 06:35:43,20260321_063539_MASK-USDT-SWAP_long
OPEN,MASK-USDT-SWAP,0.0,0.4735,5165.0,,Первичный вход,long,True,2026-03-21 06:35:43,20260321_063539_MASK-USDT-SWAP_long
position_opened,MET-USDT-SWAP,0.0,0.1522,1589.0,,,short,True,2026-03-21 06:35:47,20260321_063544_MET-USDT-SWAP_short
OPEN,MET-USDT-SWAP,0.0,0.1522,1589.0,,Первичный вход,short,True,2026-03-21 06:35:47,20260321_063544_MET-USDT-SWAP_short
position_opened,AUCTION-USDT-SWAP,0.0,4.837575319711009,4996.7,,,long,True,2026-03-21 06:35:51,20260321_063548_AUCTION-USDT-SWAP_long
OPEN,AUCTION-USDT-SWAP,0.0,4.837575319711009,4996.7,,Первичный вход,long,True,2026-03-21 06:35:51,20260321_063548_AUCTION-USDT-SWAP_long
position_closed,MET-USDT-SWAP,0.0,0.0,1589.0,ошибка:_первичный_стоп_не_подтверждён_на_бирже,Ошибка: первичный стоп не подтверждён на бирже,short,True,2026-03-21 06:36:35,20260321_063544_MET-USDT-SWAP_short
CLOSE,MET-USDT-SWAP,0.0,0.1523,1589.0,,Ошибка: первичный стоп не подтверждён на бирже,short,True,2026-03-21 06:36:35,20260321_063544_MET-USDT-SWAP_short
position_opened,MET-USDT-SWAP,0.0,0.1522,1570.0,,,short,True,2026-03-21 06:37:06,20260321_063702_MET-USDT-SWAP_short
OPEN,MET-USDT-SWAP,0.0,0.1522,1570.0,,Первичный вход,short,True,2026-03-21 06:37:06,20260321_063702_MET-USDT-SWAP_short
position_closed,MET-USDT-SWAP,0.0,0.0,1570.0,stopout_cooldown,ATR стоп 2.0N,short,True,2026-03-21 06:37:23,20260321_063702_MET-USDT-SWAP_short
CLOSE,MET-USDT-SWAP,0.0,0.1523,1570.0,,ATR стоп 2.0N,short,True,2026-03-21 06:37:23,20260321_063702_MET-USDT-SWAP_short
position_opened,MET-USDT-SWAP,0.0,0.1524,1570.0,,,short,True,2026-03-21 06:37:47,20260321_063744_MET-USDT-SWAP_short
OPEN,MET-USDT-SWAP,0.0,0.1524,1570.0,,Первичный вход,short,True,2026-03-21 06:37:47,20260321_063744_MET-USDT-SWAP_short
position_closed,MET-USDT-SWAP,0.0,0.0,1570.0,stopout_cooldown,ATR стоп 2.0N,short,True,2026-03-21 06:37:59,20260321_063744_MET-USDT-SWAP_short
CLOSE,MET-USDT-SWAP,0.0,0.1525,1570.0,,ATR стоп 2.0N,short,True,2026-03-21 06:37:59,20260321_063744_MET-USDT-SWAP_short
position_opened,MET-USDT-SWAP,0.0,0.1524,1570.0,,,short,True,2026-03-21 06:38:25,20260321_063821_MET-USDT-SWAP_short
OPEN,MET-USDT-SWAP,0.0,0.1524,1570.0,,Первичный вход,short,True,2026-03-21 06:38:25,20260321_063821_MET-USDT-SWAP_short
position_closed,MET-USDT-SWAP,0.0,0.0,1570.0,stopout_cooldown,ATR стоп 2.0N,short,True,2026-03-21 06:38:42,20260321_063821_MET-USDT-SWAP_short
CLOSE,MET-USDT-SWAP,0.0,0.1525,1570.0,,ATR стоп 2.0N,short,True,2026-03-21 06:38:42,20260321_063821_MET-USDT-SWAP_short
position_opened,MET-USDT-SWAP,0.0,0.1524,1570.0,,,short,True,2026-03-21 06:39:08,20260321_063904_MET-USDT-SWAP_short
OPEN,MET-USDT-SWAP,0.0,0.1524,1570.0,,Первичный вход,short,True,2026-03-21 06:39:08,20260321_063904_MET-USDT-SWAP_short
position_closed,MET-USDT-SWAP,0.0,0.0,1570.0,stopout_cooldown,ATR стоп 2.0N,short,True,2026-03-21 06:39:20,20260321_063904_MET-USDT-SWAP_short
CLOSE,MET-USDT-SWAP,0.0,0.1525,1570.0,,ATR стоп 2.0N,short,True,2026-03-21 06:39:20,20260321_063904_MET-USDT-SWAP_short
position_opened,MET-USDT-SWAP,0.0,0.1524,1570.0,,,short,True,2026-03-21 06:39:45,20260321_063942_MET-USDT-SWAP_short
OPEN,MET-USDT-SWAP,0.0,0.1524,1570.0,,Первичный вход,short,True,2026-03-21 06:39:45,20260321_063942_MET-USDT-SWAP_short
position_closed,MET-USDT-SWAP,0.0,0.0,1570.0,stopout_cooldown,ATR стоп 2.0N,short,True,2026-03-21 06:40:01,20260321_063942_MET-USDT-SWAP_short
CLOSE,MET-USDT-SWAP,0.0,0.1525,1570.0,,ATR стоп 2.0N,short,True,2026-03-21 06:40:01,20260321_063942_MET-USDT-SWAP_short
position_closed,MASK-USDT-SWAP,0.0,0.0,10330.0,stopout_cooldown,ATR стоп 2.0N,long,True,2026-03-21 06:46:14,20260321_063539_MASK-USDT-SWAP_long
CLOSE,MASK-USDT-SWAP,0.0,0.4714,10330.0,,ATR стоп 2.0N,long,True,2026-03-21 06:46:14,20260321_063539_MASK-USDT-SWAP_long
position_closed,BCH-USDT-SWAP,0.0,0.0,52.68,stopout_cooldown,ATR стоп 2.0N,short,True,2026-03-21 06:47:30,20260321_062532_BCH-USDT-SWAP_short
CLOSE,BCH-USDT-SWAP,0.0,470.7,52.68,,ATR стоп 2.0N,short,True,2026-03-21 06:47:30,20260321_062532_BCH-USDT-SWAP_short
position_closed,AUCTION-USDT-SWAP,0.0,0.0,9993.4,stopout_cooldown,ATR стоп 2.0N,long,True,2026-03-21 06:52:24,20260321_063548_AUCTION-USDT-SWAP_long
CLOSE,AUCTION-USDT-SWAP,0.0,4.828,9993.4,,ATR стоп 2.0N,long,True,2026-03-21 06:52:24,20260321_063548_AUCTION-USDT-SWAP_long
position_opened,PEPE-USDT-SWAP,0.0,3.4377298773e-06,73.3,,,long,True,2026-03-21 07:05:09,20260321_070506_PEPE-USDT-SWAP_long
OPEN,PEPE-USDT-SWAP,0.0,3.4377298773e-06,73.3,,Первичный вход,long,True,2026-03-21 07:05:09,20260321_070506_PEPE-USDT-SWAP_long
position_opened,MASK-USDT-SWAP,0.0,0.4783911382734913,5236.0,,,long,True,2026-03-21 07:05:52,20260321_070548_MASK-USDT-SWAP_long
OPEN,MASK-USDT-SWAP,0.0,0.4783911382734913,5236.0,,Первичный вход,long,True,2026-03-21 07:05:52,20260321_070548_MASK-USDT-SWAP_long
position_opened,IMX-USDT-SWAP,0.0,0.1625707858507346,15181.0,,,short,True,2026-03-21 07:10:16,20260321_071011_IMX-USDT-SWAP_short
OPEN,IMX-USDT-SWAP,0.0,0.1625707858507346,15181.0,,Первичный вход,short,True,2026-03-21 07:10:16,20260321_071011_IMX-USDT-SWAP_short
position_closed,IMX-USDT-SWAP,0.0,0.0,15181.0,stopout_cooldown,ATR стоп 2.0N,short,True,2026-03-21 07:10:27,20260321_071011_IMX-USDT-SWAP_short
CLOSE,IMX-USDT-SWAP,0.0,0.163,15181.0,,ATR стоп 2.0N,short,True,2026-03-21 07:10:27,20260321_071011_IMX-USDT-SWAP_short
position_closed,PEPE-USDT-SWAP,0.0,0.0,73.3,stopout_cooldown,ATR стоп 2.0N,long,True,2026-03-21 07:11:47,20260321_070506_PEPE-USDT-SWAP_long
CLOSE,PEPE-USDT-SWAP,0.0,3.43e-06,73.3,,ATR стоп 2.0N,long,True,2026-03-21 07:11:47,20260321_070506_PEPE-USDT-SWAP_long
position_opened,LPT-USDT-SWAP,0.0,2.238015938069217,10980.0,,,short,True,2026-03-21 07:20:27,20260321_072024_LPT-USDT-SWAP_short
OPEN,LPT-USDT-SWAP,0.0,2.238015938069217,10980.0,,Первичный вход,short,True,2026-03-21 07:20:27,20260321_072024_LPT-USDT-SWAP_short
position_closed,LPT-USDT-SWAP,0.0,0.0,10980.0,stopout_cooldown,ATR стоп 2.0N,short,True,2026-03-21 07:20:34,20260321_072024_LPT-USDT-SWAP_short
CLOSE,LPT-USDT-SWAP,0.0,2.247,10980.0,,ATR стоп 2.0N,short,True,2026-03-21 07:20:34,20260321_072024_LPT-USDT-SWAP_short
position_opened,LPT-USDT-SWAP,0.0,2.2380242302787394,10978.0,,,short,True,2026-03-21 07:21:01,20260321_072058_LPT-USDT-SWAP_short
OPEN,LPT-USDT-SWAP,0.0,2.2380242302787394,10978.0,,Первичный вход,short,True,2026-03-21 07:21:01,20260321_072058_LPT-USDT-SWAP_short
position_closed,LPT-USDT-SWAP,0.0,0.0,10978.0,stopout_cooldown,ATR стоп 2.0N,short,True,2026-03-21 07:21:12,20260321_072058_LPT-USDT-SWAP_short
CLOSE,LPT-USDT-SWAP,0.0,2.243,10978.0,,ATR стоп 2.0N,short,True,2026-03-21 07:21:12,20260321_072058_LPT-USDT-SWAP_short
position_opened,LPT-USDT-SWAP,0.0,2.236110503780633,10977.0,,,short,True,2026-03-21 07:21:40,20260321_072136_LPT-USDT-SWAP_short
OPEN,LPT-USDT-SWAP,0.0,2.236110503780633,10977.0,,Первичный вход,short,True,2026-03-21 07:21:40,20260321_072136_LPT-USDT-SWAP_short
position_closed,LPT-USDT-SWAP,0.0,0.0,10977.0,stopout_cooldown,ATR стоп 2.0N,short,True,2026-03-21 07:21:47,20260321_072136_LPT-USDT-SWAP_short
CLOSE,LPT-USDT-SWAP,0.0,2.24,10977.0,,ATR стоп 2.0N,short,True,2026-03-21 07:21:47,20260321_072136_LPT-USDT-SWAP_short
position_opened,FLOKI-USDT-SWAP,0.0,2.98259878791e-05,825.0,,,long,True,2026-03-21 07:25:27,20260321_072523_FLOKI-USDT-SWAP_long
OPEN,FLOKI-USDT-SWAP,0.0,2.98259878791e-05,825.0,,Первичный вход,long,True,2026-03-21 07:25:27,20260321_072523_FLOKI-USDT-SWAP_long
position_closed,MASK-USDT-SWAP,0.0,0.0,15708.0,stopout_cooldown,ATR стоп 2.0N,long,True,2026-03-21 07:28:51,20260321_070548_MASK-USDT-SWAP_long
CLOSE,MASK-USDT-SWAP,0.0,0.4765,15708.0,,ATR стоп 2.0N,long,True,2026-03-21 07:28:51,20260321_070548_MASK-USDT-SWAP_long
position_opened,ETHW-USDT-SWAP,0.0,0.2702742390744401,93176.0,,,long,True,2026-03-21 07:30:29,20260321_073025_ETHW-USDT-SWAP_long
OPEN,ETHW-USDT-SWAP,0.0,0.2702742390744401,93176.0,,Первичный вход,long,True,2026-03-21 07:30:29,20260321_073025_ETHW-USDT-SWAP_long
position_closed,ETHW-USDT-SWAP,0.0,0.0,93176.0,stopout_cooldown,ATR стоп 2.0N,long,True,2026-03-21 07:30:35,20260321_073025_ETHW-USDT-SWAP_long
CLOSE,ETHW-USDT-SWAP,0.0,0.2696,93176.0,,ATR стоп 2.0N,long,True,2026-03-21 07:30:35,20260321_073025_ETHW-USDT-SWAP_long
position_opened,XRP-USDT-SWAP,0.0,1.4442,17.41,,,short,True,2026-03-21 07:35:09,20260321_073505_XRP-USDT-SWAP_short
OPEN,XRP-USDT-SWAP,0.0,1.4442,17.41,,Первичный вход,short,True,2026-03-21 07:35:09,20260321_073505_XRP-USDT-SWAP_short
position_opened,OP-USDT-SWAP,0.0,0.1224900231766856,20279.0,,,short,True,2026-03-21 07:35:42,20260321_073538_OP-USDT-SWAP_short
OPEN,OP-USDT-SWAP,0.0,0.1224900231766856,20279.0,,Первичный вход,short,True,2026-03-21 07:35:42,20260321_073538_OP-USDT-SWAP_short
position_opened,LINK-USDT-SWAP,0.0,9.105004647217202,271.13,,,short,True,2026-03-21 07:35:46,20260321_073543_LINK-USDT-SWAP_short
OPEN,LINK-USDT-SWAP,0.0,9.105004647217202,271.13,,Первичный вход,short,True,2026-03-21 07:35:46,20260321_073543_LINK-USDT-SWAP_short
position_opened,XLM-USDT-SWAP,0.0,0.1651500013395848,149.3,,,short,True,2026-03-21 07:35:51,20260321_073547_XLM-USDT-SWAP_short
OPEN,XLM-USDT-SWAP,0.0,0.1651500013395848,149.3,,Первичный вход,short,True,2026-03-21 07:35:51,20260321_073547_XLM-USDT-SWAP_short
position_opened,SUI-USDT-SWAP,0.0,0.963931875253139,2469.0,,,short,True,2026-03-21 07:35:55,20260321_073552_SUI-USDT-SWAP_short
OPEN,SUI-USDT-SWAP,0.0,0.963931875253139,2469.0,,Первичный вход,short,True,2026-03-21 07:35:55,20260321_073552_SUI-USDT-SWAP_short
position_opened,AXS-USDT-SWAP,0.0,1.2019136093169913,19663.0,,,long,True,2026-03-21 07:36:00,20260321_073556_AXS-USDT-SWAP_long
OPEN,AXS-USDT-SWAP,0.0,1.2019136093169913,19663.0,,Первичный вход,long,True,2026-03-21 07:36:00,20260321_073556_AXS-USDT-SWAP_long
position_opened,DOT-USDT-SWAP,0.0,1.508,1548.4,,,short,True,2026-03-21 07:36:04,20260321_073601_DOT-USDT-SWAP_short
OPEN,DOT-USDT-SWAP,0.0,1.508,1548.4,,Первичный вход,short,True,2026-03-21 07:36:04,20260321_073601_DOT-USDT-SWAP_short
position_opened,PEPE-USDT-SWAP,0.0,3.4219183977e-06,67.4,,,short,True,2026-03-21 07:36:09,20260321_073605_PEPE-USDT-SWAP_short
OPEN,PEPE-USDT-SWAP,0.0,3.4219183977e-06,67.4,,Первичный вход,short,True,2026-03-21 07:36:09,20260321_073605_PEPE-USDT-SWAP_short
position_closed,DOT-USDT-SWAP,0.0,0.0,1548.4,ошибка:_первичный_стоп_не_подтверждён_на_бирже,Ошибка: первичный стоп не подтверждён на бирже,short,True,2026-03-21 07:37:45,20260321_073601_DOT-USDT-SWAP_short
CLOSE,DOT-USDT-SWAP,0.0,1.508,1548.4,,Ошибка: первичный стоп не подтверждён на бирже,short,True,2026-03-21 07:37:45,20260321_073601_DOT-USDT-SWAP_short
position_opened,AXS-USDT-SWAP,0.0,1.2014647444433064,19526.0,,,long,True,2026-03-21 07:38:19,20260321_073815_AXS-USDT-SWAP_long
OPEN,AXS-USDT-SWAP,0.0,1.2014647444433064,19526.0,,Первичный вход,long,True,2026-03-21 07:38:19,20260321_073815_AXS-USDT-SWAP_long
position_closed,AXS-USDT-SWAP,0.0,0.0,19526.0,stopout_cooldown,ATR стоп 2.0N,long,True,2026-03-21 07:39:58,20260321_073815_AXS-USDT-SWAP_long
CLOSE,AXS-USDT-SWAP,0.0,1.2006,19526.0,,ATR стоп 2.0N,long,True,2026-03-21 07:39:58,20260321_073815_AXS-USDT-SWAP_long
position_opened,ETHFI-USDT-SWAP,0.0,0.5923998738011106,3962.0,,,long,True,2026-03-21 07:40:24,20260321_074020_ETHFI-USDT-SWAP_long
OPEN,ETHFI-USDT-SWAP,0.0,0.5923998738011106,3962.0,,Первичный вход,long,True,2026-03-21 07:40:24,20260321_074020_ETHFI-USDT-SWAP_long
position_opened,BAND-USDT-SWAP,0.0,0.222781429256595,10425.0,,,long,True,2026-03-21 07:40:30,20260321_074026_BAND-USDT-SWAP_long
OPEN,BAND-USDT-SWAP,0.0,0.222781429256595,10425.0,,Первичный вход,long,True,2026-03-21 07:40:30,20260321_074026_BAND-USDT-SWAP_long
position_closed,BAND-USDT-SWAP,0.0,0.0,10425.0,ошибка:_первичный_стоп_не_подтверждён_на_бирже,Ошибка: первичный стоп не подтверждён на бирже,long,True,2026-03-21 07:41:19,20260321_074026_BAND-USDT-SWAP_long
CLOSE,BAND-USDT-SWAP,0.0,0.2225,10425.0,,Ошибка: первичный стоп не подтверждён на бирже,long,True,2026-03-21 07:41:19,20260321_074026_BAND-USDT-SWAP_long
position_opened,BAND-USDT-SWAP,0.0,0.2227559723688,10423.0,,,long,True,2026-03-21 07:41:42,20260321_074138_BAND-USDT-SWAP_long
OPEN,BAND-USDT-SWAP,0.0,0.2227559723688,10423.0,,Первичный вход,long,True,2026-03-21 07:41:42,20260321_074138_BAND-USDT-SWAP_long
position_closed,BAND-USDT-SWAP,0.0,0.0,10423.0,ошибка:_первичный_стоп_не_подтверждён_на_бирже,Ошибка: первичный стоп не подтверждён на бирже,long,True,2026-03-21 07:42:42,20260321_074138_BAND-USDT-SWAP_long
CLOSE,BAND-USDT-SWAP,0.0,0.2225,10423.0,,Ошибка: первичный стоп не подтверждён на бирже,long,True,2026-03-21 07:42:42,20260321_074138_BAND-USDT-SWAP_long
position_closed,OP-USDT-SWAP,0.0,0.0,20279.0,stopout_cooldown,ATR стоп 2.0N,short,True,2026-03-21 07:43:07,20260321_073538_OP-USDT-SWAP_short
CLOSE,OP-USDT-SWAP,0.0,0.1228,20279.0,,ATR стоп 2.0N,short,True,2026-03-21 07:43:07,20260321_073538_OP-USDT-SWAP_short
position_opened,AAVE-USDT-SWAP,0.0,111.26,209.8,,,short,True,2026-03-21 07:50:38,20260321_075035_AAVE-USDT-SWAP_short
OPEN,AAVE-USDT-SWAP,0.0,111.26,209.8,,Первичный вход,short,True,2026-03-21 07:50:38,20260321_075035_AAVE-USDT-SWAP_short
position_opened,LDO-USDT-SWAP,0.0,0.2982,7732.0,,,short,True,2026-03-21 07:50:43,20260321_075039_LDO-USDT-SWAP_short
OPEN,LDO-USDT-SWAP,0.0,0.2982,7732.0,,Первичный вход,short,True,2026-03-21 07:50:43,20260321_075039_LDO-USDT-SWAP_short
position_closed,XLM-USDT-SWAP,0.0,0.0,149.3,stopout_cooldown,ATR стоп 2.0N,short,True,2026-03-21 07:55:40,20260321_073547_XLM-USDT-SWAP_short
CLOSE,XLM-USDT-SWAP,0.0,0.16545,149.3,,ATR стоп 2.0N,short,True,2026-03-21 07:55:40,20260321_073547_XLM-USDT-SWAP_short
position_closed,SUI-USDT-SWAP,0.0,0.0,2469.0,stopout_cooldown,ATR стоп 2.0N,short,True,2026-03-21 07:57:43,20260321_073552_SUI-USDT-SWAP_short
CLOSE,SUI-USDT-SWAP,0.0,0.966,2469.0,,ATR стоп 2.0N,short,True,2026-03-21 07:57:43,20260321_073552_SUI-USDT-SWAP_short
position_opened,AUCTION-USDT-SWAP,0.0,4.82187325491473,4913.8,,,short,True,2026-03-21 08:00:23,20260321_080019_AUCTION-USDT-SWAP_short
OPEN,AUCTION-USDT-SWAP,0.0,4.82187325491473,4913.8,,Первичный вход,short,True,2026-03-21 08:00:23,20260321_080019_AUCTION-USDT-SWAP_short
position_closed,LDO-USDT-SWAP,0.0,0.0,23196.0,stopout_cooldown,ATR стоп 2.0N,short,True,2026-03-21 08:02:10,20260321_075039_LDO-USDT-SWAP_short
CLOSE,LDO-USDT-SWAP,0.0,0.2984,23196.0,,ATR стоп 2.0N,short,True,2026-03-21 08:02:10,20260321_075039_LDO-USDT-SWAP_short
position_closed,XRP-USDT-SWAP,0.0,0.0,17.41,stopout_cooldown,ATR стоп 2.0N,short,True,2026-03-21 08:02:40,20260321_073505_XRP-USDT-SWAP_short
CLOSE,XRP-USDT-SWAP,0.0,1.4462,17.41,,ATR стоп 2.0N,short,True,2026-03-21 08:02:40,20260321_073505_XRP-USDT-SWAP_short
position_closed,LINK-USDT-SWAP,0.0,0.0,813.39,stopout_cooldown,ATR стоп 2.0N,short,True,2026-03-21 08:02:41,20260321_073543_LINK-USDT-SWAP_short
CLOSE,LINK-USDT-SWAP,0.0,9.119,813.39,,ATR стоп 2.0N,short,True,2026-03-21 08:02:41,20260321_073543_LINK-USDT-SWAP_short
position_closed,AAVE-USDT-SWAP,0.0,0.0,209.8,stopout_cooldown,ATR стоп 2.0N,short,True,2026-03-21 08:02:45,20260321_075035_AAVE-USDT-SWAP_short
CLOSE,AAVE-USDT-SWAP,0.0,111.56,209.8,,ATR стоп 2.0N,short,True,2026-03-21 08:02:45,20260321_075035_AAVE-USDT-SWAP_short
position_opened,XTZ-USDT-SWAP,0.0,0.3990231620039038,6148.0,,,long,True,2026-03-21 08:05:25,20260321_080522_XTZ-USDT-SWAP_long
OPEN,XTZ-USDT-SWAP,0.0,0.3990231620039038,6148.0,,Первичный вход,long,True,2026-03-21 08:05:25,20260321_080522_XTZ-USDT-SWAP_long
position_closed,AUCTION-USDT-SWAP,0.0,0.0,4913.8,stopout_cooldown,ATR стоп 2.0N,short,True,2026-03-21 08:08:31,20260321_080019_AUCTION-USDT-SWAP_short
CLOSE,AUCTION-USDT-SWAP,0.0,4.834,4913.8,,ATR стоп 2.0N,short,True,2026-03-21 08:08:31,20260321_080019_AUCTION-USDT-SWAP_short
position_opened,XLM-USDT-SWAP,0.0,0.1662770893451721,144.16,,,long,True,2026-03-21 08:20:19,20260321_082016_XLM-USDT-SWAP_long
OPEN,XLM-USDT-SWAP,0.0,0.1662770893451721,144.16,,Первичный вход,long,True,2026-03-21 08:20:19,20260321_082016_XLM-USDT-SWAP_long
position_opened,COMP-USDT-SWAP,0.0,19.28,1156.0,,,short,True,2026-03-21 08:30:11,20260321_083008_COMP-USDT-SWAP_short
OPEN,COMP-USDT-SWAP,0.0,19.28,1156.0,,Первичный вход,short,True,2026-03-21 08:30:11,20260321_083008_COMP-USDT-SWAP_short
position_opened,FLOKI-USDT-SWAP,0.0,2.99469293479e-05,736.0,,,long,True,2026-03-21 08:35:16,20260321_083513_FLOKI-USDT-SWAP_long
OPEN,FLOKI-USDT-SWAP,0.0,2.99469293479e-05,736.0,,Первичный вход,long,True,2026-03-21 08:35:16,20260321_083513_FLOKI-USDT-SWAP_long
position_opened,SUI-USDT-SWAP,0.0,0.9706539973439576,2259.0,,,long,True,2026-03-21 08:35:21,20260321_083517_SUI-USDT-SWAP_long
OPEN,SUI-USDT-SWAP,0.0,0.9706539973439576,2259.0,,Первичный вход,long,True,2026-03-21 08:35:21,20260321_083517_SUI-USDT-SWAP_long
position_opened,PEPE-USDT-SWAP,0.0,3.456e-06,63.0,,,long,True,2026-03-21 08:35:25,20260321_083522_PEPE-USDT-SWAP_long
OPEN,PEPE-USDT-SWAP,0.0,3.456e-06,63.0,,Первичный вход,long,True,2026-03-21 08:35:25,20260321_083522_PEPE-USDT-SWAP_long
position_opened,XRP-USDT-SWAP,0.0,1.4478,14.93,,,long,True,2026-03-21 08:35:30,20260321_083526_XRP-USDT-SWAP_long
OPEN,XRP-USDT-SWAP,0.0,1.4478,14.93,,Первичный вход,long,True,2026-03-21 08:35:30,20260321_083526_XRP-USDT-SWAP_long
position_opened,AUCTION-USDT-SWAP,0.0,4.813658441721383,4782.2,,,short,True,2026-03-21 08:40:26,20260321_084023_AUCTION-USDT-SWAP_short
OPEN,AUCTION-USDT-SWAP,0.0,4.813658441721383,4782.2,,Первичный вход,short,True,2026-03-21 08:40:26,20260321_084023_AUCTION-USDT-SWAP_short
position_closed,XLM-USDT-SWAP,0.0,0.0,288.32,stopout_cooldown,ATR стоп 2.0N,long,True,2026-03-21 08:40:29,20260321_082016_XLM-USDT-SWAP_long
CLOSE,XLM-USDT-SWAP,0.0,0.16611,288.32,,ATR стоп 2.0N,long,True,2026-03-21 08:40:29,20260321_082016_XLM-USDT-SWAP_long
position_opened,CFX-USDT-SWAP,0.0,0.0655499933483718,3457.8,,,long,True,2026-03-21 09:15:22,20260321_091519_CFX-USDT-SWAP_long
OPEN,CFX-USDT-SWAP,0.0,0.0655499933483718,3457.8,,Первичный вход,long,True,2026-03-21 09:15:22,20260321_091519_CFX-USDT-SWAP_long
