available_after_bans,cache_errors,cache_fetch_count,closed_trades,connectivity_components_down,connectivity_state,event,loop_duration_sec,open_positions,signals_blocked,signals_found,symbols_scanned,ts
112,0,0,0,[],CONNECTED,SYSTEM_HEALTH,0.0,0,0,0,112,2026-03-22 19:54:29
112,0,0,0,[],CONNECTED,SYSTEM_HEALTH,3.6428945064544678,0,0,0,112,2026-03-22 19:55:00
112,0,0,0,[],CONNECTED,SYSTEM_HEALTH,4.417787075042725,0,0,0,112,2026-03-22 19:56:05
112,1,223,0,[],RECOVERING,SYSTEM_HEALTH,1.2729430198669434,0,0,0,112,2026-03-22 19:57:03
112,1,402,0,[],CONNECTED,SYSTEM_HEALTH,6.0934977531433105,0,0,0,112,2026-03-22 19:58:07
112,1,402,0,[],CONNECTED,SYSTEM_HEALTH,5.653551816940308,0,0,0,112,2026-03-22 19:59:03
112,1,586,0,[],CONNECTED,SYSTEM_HEALTH,8.959657907485962,0,0,0,112,2026-03-22 20:00:06
112,1,761,0,[],CONNECTED,SYSTEM_HEALTH,8.566469430923462,0,0,0,112,2026-03-22 20:01:13
112,2,937,0,[],CONNECTED,SYSTEM_HEALTH,4.266935110092163,0,0,0,112,2026-03-22 20:02:06
112,2,937,0,[],CONNECTED,SYSTEM_HEALTH,5.364738702774048,0,0,0,112,2026-03-22 20:03:07
112,2,1102,0,[],CONNECTED,SYSTEM_HEALTH,7.771804094314575,0,0,0,112,2026-03-22 20:04:04
112,2,1265,0,[],CONNECTED,SYSTEM_HEALTH,5.03882098197937,0,0,0,112,2026-03-22 20:05:01
111,2,1594,0,[],CONNECTED,SYSTEM_HEALTH,5.03882098197937,2,0,4,112,2026-03-22 20:06:30
111,2,1755,0,[],CONNECTED,SYSTEM_HEALTH,91.54201865196228,3,0,2,112,2026-03-22 20:08:32
111,2,1942,1,[],CONNECTED,SYSTEM_HEALTH,91.54201865196228,2,0,2,112,2026-03-22 20:09:28
111,2,2289,1,[],CONNECTED,SYSTEM_HEALTH,172.6618480682373,3,0,2,112,2026-03-22 20:11:28
111,2,2662,1,[],CONNECTED,SYSTEM_HEALTH,172.6618480682373,3,0,2,112,2026-03-22 20:14:01
110,2,2845,1,[],CONNECTED,SYSTEM_HEALTH,267.5419063568115,1,0,2,112,2026-03-22 20:15:07
110,2,3024,1,[],CONNECTED,SYSTEM_HEALTH,9.423991441726685,0,0,0,112,2026-03-22 20:16:13
110,2,3175,1,[],CONNECTED,SYSTEM_HEALTH,8.134288787841797,0,0,0,112,2026-03-22 20:17:00
110,3,3335,1,[],CONNECTED,SYSTEM_HEALTH,8.38308048248291,0,0,0,112,2026-03-22 20:18:10
110,3,3484,1,[],CONNECTED,SYSTEM_HEALTH,4.8340935707092285,0,0,0,112,2026-03-22 20:19:07
110,3,3484,1,[],CONNECTED,SYSTEM_HEALTH,5.9382851123809814,1,0,1,112,2026-03-22 20:20:09
110,3,3641,1,[],CONNECTED,SYSTEM_HEALTH,10.185866594314575,1,0,0,112,2026-03-22 20:21:01
110,3,3792,1,[],CONNECTED,SYSTEM_HEALTH,6.203906774520874,1,0,0,112,2026-03-22 20:22:02
110,3,3943,1,[],CONNECTED,SYSTEM_HEALTH,7.656280994415283,1,0,0,112,2026-03-22 20:23:07
110,3,4100,1,[],CONNECTED,SYSTEM_HEALTH,5.823709964752197,1,0,0,112,2026-03-22 20:24:02
110,3,4254,1,[],CONNECTED,SYSTEM_HEALTH,10.848654985427856,1,0,0,112,2026-03-22 20:25:04
110,3,4407,1,[],CONNECTED,SYSTEM_HEALTH,29.136061668395996,4,0,0,112,2026-03-22 20:26:06
110,3,4559,1,[],CONNECTED,SYSTEM_HEALTH,20.16274404525757,4,0,0,112,2026-03-22 20:27:05
110,3,4708,1,[],CONNECTED,SYSTEM_HEALTH,3.859520196914673,4,0,0,112,2026-03-22 20:28:00
110,3,4866,1,[],CONNECTED,SYSTEM_HEALTH,11.256078004837036,4,0,0,112,2026-03-22 20:29:01
110,4,5012,1,[],CONNECTED,SYSTEM_HEALTH,13.564449310302734,4,0,0,112,2026-03-22 20:30:01
110,5,5167,1,[],CONNECTED,SYSTEM_HEALTH,14.029563665390015,4,0,0,112,2026-03-22 20:31:03
110,5,5319,1,[],CONNECTED,SYSTEM_HEALTH,17.45467472076416,3,0,0,112,2026-03-22 20:32:12
110,5,5319,1,[],CONNECTED,SYSTEM_HEALTH,3.1737163066864014,3,0,0,112,2026-03-22 20:33:01
110,5,5623,1,[],CONNECTED,SYSTEM_HEALTH,3.529142379760742,3,0,0,112,2026-03-22 20:34:08
110,5,5623,1,[],CONNECTED,SYSTEM_HEALTH,13.093579053878784,3,0,0,112,2026-03-22 20:35:00
109,5,5778,1,[],CONNECTED,SYSTEM_HEALTH,50.97374367713928,3,0,1,112,2026-03-22 20:36:04
109,5,5932,1,[],CONNECTED,SYSTEM_HEALTH,5.89895224571228,3,0,0,112,2026-03-22 20:37:08
109,5,6080,1,[],CONNECTED,SYSTEM_HEALTH,11.481310844421387,3,0,0,112,2026-03-22 20:38:03
109,6,6228,1,[],CONNECTED,SYSTEM_HEALTH,13.658328294754028,3,0,0,112,2026-03-22 20:39:04
109,6,6381,1,[],CONNECTED,SYSTEM_HEALTH,12.326298952102661,3,0,0,112,2026-03-22 20:40:06
108,6,6531,2,[],CONNECTED,SYSTEM_HEALTH,5.495867490768433,2,0,0,112,2026-03-22 20:41:00
108,6,6679,2,[],CONNECTED,SYSTEM_HEALTH,15.832743167877197,2,0,0,112,2026-03-22 20:42:08
108,6,6827,2,[],CONNECTED,SYSTEM_HEALTH,16.33977723121643,2,0,0,112,2026-03-22 20:43:05
108,6,6975,2,[],CONNECTED,SYSTEM_HEALTH,2.8870608806610107,2,0,0,112,2026-03-22 20:44:07
108,6,7120,2,[],CONNECTED,SYSTEM_HEALTH,2.564525842666626,2,0,0,112,2026-03-22 20:45:03
108,6,7270,2,[],CONNECTED,SYSTEM_HEALTH,2.1348717212677,2,0,0,112,2026-03-22 20:46:10
108,6,7422,2,[],CONNECTED,SYSTEM_HEALTH,4.248834609985352,2,0,0,112,2026-03-22 20:47:04
108,6,7574,2,[],CONNECTED,SYSTEM_HEALTH,1.9468169212341309,2,0,0,112,2026-03-22 20:48:06
108,6,7574,2,[],CONNECTED,SYSTEM_HEALTH,4.650080680847168,2,0,0,112,2026-03-22 20:49:01
108,7,7877,2,[],CONNECTED,SYSTEM_HEALTH,4.971333265304565,2,0,0,112,2026-03-22 20:50:23
108,7,7877,2,[],CONNECTED,SYSTEM_HEALTH,20.07629156112671,2,0,0,112,2026-03-22 20:51:13
108,7,8029,2,[],CONNECTED,SYSTEM_HEALTH,18.01646590232849,2,0,0,112,2026-03-22 20:52:00
108,7,8185,2,[],CONNECTED,SYSTEM_HEALTH,19.710589170455933,2,0,0,112,2026-03-22 20:53:13
108,7,8185,2,[],CONNECTED,SYSTEM_HEALTH,18.334546327590942,2,0,0,112,2026-03-22 20:54:00
108,7,8337,2,[],CONNECTED,SYSTEM_HEALTH,19.31011986732483,2,0,0,112,2026-03-22 20:55:14
108,7,8489,2,[],CONNECTED,SYSTEM_HEALTH,17.193822145462036,2,0,0,112,2026-03-22 20:56:02
108,7,8647,2,[],CONNECTED,SYSTEM_HEALTH,19.53568744659424,2,0,0,112,2026-03-22 20:57:12
108,7,8647,2,[],CONNECTED,SYSTEM_HEALTH,19.301069021224976,2,0,0,112,2026-03-22 20:58:01
108,7,8800,2,[],CONNECTED,SYSTEM_HEALTH,21.204750061035156,2,0,0,112,2026-03-22 20:59:15
108,7,8955,2,[],CONNECTED,SYSTEM_HEALTH,8.937814235687256,2,0,0,112,2026-03-22 21:00:09
108,7,9112,2,[],CONNECTED,SYSTEM_HEALTH,21.355123281478882,2,0,0,112,2026-03-22 21:01:00
108,7,9112,2,[],CONNECTED,SYSTEM_HEALTH,20.125569343566895,2,0,0,112,2026-03-22 21:02:13
108,7,9268,2,[],CONNECTED,SYSTEM_HEALTH,18.157028198242188,2,0,0,112,2026-03-22 21:03:02
108,7,9419,2,[],CONNECTED,SYSTEM_HEALTH,18.265033960342407,2,0,0,112,2026-03-22 21:04:15
108,7,9570,2,[],CONNECTED,SYSTEM_HEALTH,20.08565640449524,2,0,0,112,2026-03-22 21:05:02
108,7,9717,2,[],CONNECTED,SYSTEM_HEALTH,16.22580337524414,11,0,11,112,2026-03-22 21:06:10
108,7,9901,2,[],CONNECTED,SYSTEM_HEALTH,16.22580337524414,11,0,11,112,2026-03-22 21:08:36
108,7,10276,2,[],CONNECTED,SYSTEM_HEALTH,16.22580337524414,11,0,11,112,2026-03-22 21:10:45
108,7,10276,3,[],CONNECTED,SYSTEM_HEALTH,16.22580337524414,10,0,11,112,2026-03-22 21:11:40
108,7,10276,3,[],CONNECTED,SYSTEM_HEALTH,392.3401708602905,7,0,0,112,2026-03-22 21:12:00
108,7,10623,3,[],CONNECTED,SYSTEM_HEALTH,392.3401708602905,7,0,0,112,2026-03-22 21:14:15
108,8,10975,3,[],CONNECTED,SYSTEM_HEALTH,152.80455446243286,7,0,0,112,2026-03-22 21:16:24
108,8,10975,3,[],CONNECTED,SYSTEM_HEALTH,133.7525029182434,7,0,0,112,2026-03-22 21:17:02
108,9,11152,3,[],CONNECTED,SYSTEM_HEALTH,133.7525029182434,7,0,0,112,2026-03-22 21:18:33
108,9,11336,3,[],CONNECTED,SYSTEM_HEALTH,114.92371940612793,7,0,0,112,2026-03-22 21:19:07
108,9,11501,3,[],CONNECTED,SYSTEM_HEALTH,114.92371940612793,7,0,0,112,2026-03-22 21:20:07
108,9,11664,3,[],CONNECTED,SYSTEM_HEALTH,88.55514287948608,7,0,0,112,2026-03-22 21:21:36
108,9,11664,3,[],CONNECTED,SYSTEM_HEALTH,83.69321489334106,7,0,0,112,2026-03-22 21:22:02
108,9,11830,3,[],CONNECTED,SYSTEM_HEALTH,83.69321489334106,7,0,0,112,2026-03-22 21:23:02
108,10,12016,3,['market_data'],DEGRADED,SYSTEM_HEALTH,80.94362354278564,7,0,0,112,2026-03-22 21:24:16
108,11,12178,3,[],CONNECTED,SYSTEM_HEALTH,68.099036693573,7,0,0,112,2026-03-22 21:25:37
108,11,12178,3,[],CONNECTED,SYSTEM_HEALTH,76.75678205490112,7,0,0,112,2026-03-22 21:26:01
108,11,12529,3,[],CONNECTED,SYSTEM_HEALTH,76.75678205490112,7,0,0,112,2026-03-22 21:27:41
108,11,12529,3,[],CONNECTED,SYSTEM_HEALTH,119.1815550327301,6,0,0,112,2026-03-22 21:28:01
108,11,12696,3,[],CONNECTED,SYSTEM_HEALTH,119.1815550327301,6,0,0,112,2026-03-22 21:29:00
108,11,12865,3,[],CONNECTED,SYSTEM_HEALTH,73.587238073349,6,0,0,112,2026-03-22 21:30:18
108,11,13038,4,[],CONNECTED,SYSTEM_HEALTH,73.3507490158081,5,0,0,112,2026-03-22 21:31:05
108,11,13038,4,[],CONNECTED,SYSTEM_HEALTH,73.3507490158081,5,0,0,112,2026-03-22 21:32:00
108,11,13221,5,[],CONNECTED,SYSTEM_HEALTH,13.045032024383545,3,0,0,112,2026-03-22 21:33:03
108,11,13383,5,[],CONNECTED,SYSTEM_HEALTH,17.660683631896973,3,0,0,112,2026-03-22 21:34:00
108,11,13536,5,[],CONNECTED,SYSTEM_HEALTH,3.326616048812866,3,0,0,112,2026-03-22 21:35:05
107,11,13685,5,[],CONNECTED,SYSTEM_HEALTH,48.136451721191406,4,0,18,112,2026-03-22 21:36:01
107,11,13835,5,[],CONNECTED,SYSTEM_HEALTH,48.136451721191406,13,0,18,112,2026-03-22 21:37:20
107,11,14188,5,[],CONNECTED,SYSTEM_HEALTH,48.136451721191406,13,0,18,112,2026-03-22 21:39:23
107,11,14546,5,[],CONNECTED,SYSTEM_HEALTH,48.136451721191406,13,0,18,112,2026-03-22 21:41:40
107,11,14726,5,[],CONNECTED,SYSTEM_HEALTH,48.136451721191406,13,0,18,112,2026-03-22 21:42:44
107,11,14726,5,[],CONNECTED,SYSTEM_HEALTH,424.93100023269653,13,0,6,112,2026-03-22 21:43:07
106,11,14901,5,[],CONNECTED,SYSTEM_HEALTH,424.93100023269653,14,0,6,112,2026-03-22 21:44:19
106,11,15425,5,[],CONNECTED,SYSTEM_HEALTH,424.93100023269653,14,0,6,112,2026-03-22 21:47:06
106,11,15778,5,[],CONNECTED,SYSTEM_HEALTH,424.93100023269653,14,0,6,112,2026-03-22 21:50:12
106,11,15956,6,[],CONNECTED,SYSTEM_HEALTH,424.93100023269653,13,0,6,112,2026-03-22 21:51:01
106,12,16311,6,['market_data'],DEGRADED,SYSTEM_HEALTH,496.6230237483978,9,0,0,112,2026-03-22 21:53:38
106,12,16494,6,['market_data'],DEGRADED,SYSTEM_HEALTH,496.6230237483978,9,0,0,112,2026-03-22 21:55:05
106,12,16676,6,[],CONNECTED,SYSTEM_HEALTH,247.68504691123962,9,0,0,112,2026-03-22 21:56:04
106,12,16857,6,[],CONNECTED,SYSTEM_HEALTH,247.68504691123962,9,0,0,112,2026-03-22 21:58:43
106,12,17039,6,[],CONNECTED,SYSTEM_HEALTH,247.68504691123962,9,0,0,112,2026-03-22 21:59:58
106,12,17039,6,[],CONNECTED,SYSTEM_HEALTH,247.68504691123962,9,0,0,112,2026-03-22 22:00:01
106,12,17222,7,[],CONNECTED,SYSTEM_HEALTH,311.3673062324524,7,0,2,112,2026-03-22 22:01:03
106,12,17389,7,[],CONNECTED,SYSTEM_HEALTH,311.3673062324524,7,0,2,112,2026-03-22 22:02:25
106,12,17756,7,[],CONNECTED,SYSTEM_HEALTH,311.3673062324524,7,0,2,112,2026-03-22 22:05:16
106,12,17756,7,[],CONNECTED,SYSTEM_HEALTH,271.5170912742615,11,0,10,112,2026-03-22 22:06:00
106,12,18102,7,[],CONNECTED,SYSTEM_HEALTH,271.5170912742615,11,0,10,112,2026-03-22 22:08:40
106,14,18282,7,[],CONNECTED,SYSTEM_HEALTH,214.49064755439758,11,0,10,112,2026-03-22 22:09:02
106,14,18440,7,[],CONNECTED,SYSTEM_HEALTH,214.49064755439758,11,0,0,112,2026-03-22 22:11:34
106,14,18624,7,[],CONNECTED,SYSTEM_HEALTH,214.49064755439758,11,0,0,112,2026-03-22 22:12:53
106,14,18624,7,[],CONNECTED,SYSTEM_HEALTH,239.13001155853271,10,0,0,112,2026-03-22 22:13:06
106,14,18962,7,[],CONNECTED,SYSTEM_HEALTH,239.13001155853271,10,0,0,112,2026-03-22 22:15:12
106,14,19145,7,[],CONNECTED,SYSTEM_HEALTH,239.13001155853271,10,0,0,112,2026-03-22 22:16:06
106,15,19304,7,[],CONNECTED,SYSTEM_HEALTH,181.5010964870453,11,0,2,112,2026-03-22 22:17:54
106,15,19304,7,[],CONNECTED,SYSTEM_HEALTH,181.5010964870453,11,0,2,112,2026-03-22 22:18:00
106,15,19643,7,[],CONNECTED,SYSTEM_HEALTH,118.31257820129395,11,0,0,112,2026-03-22 22:19:42
106,15,19643,7,[],CONNECTED,SYSTEM_HEALTH,97.7992033958435,12,0,2,112,2026-03-22 22:20:10
106,15,19803,7,[],CONNECTED,SYSTEM_HEALTH,97.7992033958435,12,0,2,112,2026-03-22 22:21:35
106,15,19983,7,[],CONNECTED,SYSTEM_HEALTH,97.7992033958435,12,0,2,112,2026-03-22 22:22:46
106,15,20153,7,[],CONNECTED,SYSTEM_HEALTH,97.7992033958435,12,0,2,112,2026-03-22 22:23:01
106,15,20317,7,[],CONNECTED,SYSTEM_HEALTH,205.34302973747253,12,0,0,112,2026-03-22 22:24:46
106,16,20317,7,[],CONNECTED,SYSTEM_HEALTH,205.34302973747253,12,0,0,112,2026-03-22 22:25:00
106,16,20652,7,[],CONNECTED,SYSTEM_HEALTH,92.55702567100525,12,0,0,112,2026-03-22 22:26:43
106,16,20652,7,[],CONNECTED,SYSTEM_HEALTH,92.55702567100525,12,0,0,112,2026-03-22 22:27:01
106,16,20985,7,[],CONNECTED,SYSTEM_HEALTH,124.38264441490173,12,0,0,112,2026-03-22 22:28:32
106,16,20985,7,[],CONNECTED,SYSTEM_HEALTH,90.86422395706177,12,0,0,112,2026-03-22 22:29:02
106,16,21140,7,[],CONNECTED,SYSTEM_HEALTH,90.86422395706177,12,0,0,112,2026-03-22 22:30:11
106,16,21320,7,[],CONNECTED,SYSTEM_HEALTH,108.77642703056335,14,0,4,112,2026-03-22 22:31:10
106,16,21476,7,[],CONNECTED,SYSTEM_HEALTH,108.77642703056335,14,0,4,112,2026-03-22 22:32:41
106,16,21652,7,[],CONNECTED,SYSTEM_HEALTH,108.77642703056335,14,0,4,112,2026-03-22 22:33:01
106,16,21803,7,[],CONNECTED,SYSTEM_HEALTH,141.3357961177826,14,0,0,112,2026-03-22 22:34:31
106,16,21803,7,[],CONNECTED,SYSTEM_HEALTH,100.74917316436768,14,0,0,112,2026-03-22 22:35:07
106,16,21981,7,[],CONNECTED,SYSTEM_HEALTH,100.74917316436768,14,0,0,112,2026-03-22 22:36:15
106,16,22138,7,[],CONNECTED,SYSTEM_HEALTH,100.74917316436768,14,0,0,112,2026-03-22 22:37:12
106,16,22465,7,[],CONNECTED,SYSTEM_HEALTH,139.07361698150635,13,0,2,112,2026-03-22 22:38:39
106,16,22465,8,[],CONNECTED,SYSTEM_HEALTH,139.07361698150635,12,0,2,112,2026-03-22 22:39:04
106,16,22821,8,[],CONNECTED,SYSTEM_HEALTH,139.07361698150635,12,0,2,112,2026-03-22 22:41:37
106,16,22994,8,[],CONNECTED,SYSTEM_HEALTH,257.40232586860657,11,0,0,112,2026-03-22 22:42:00
106,16,23329,8,[],CONNECTED,SYSTEM_HEALTH,257.40232586860657,11,0,0,112,2026-03-22 22:44:26
106,16,23329,8,[],CONNECTED,SYSTEM_HEALTH,163.26794123649597,11,0,0,112,2026-03-22 22:45:02
106,16,23673,8,[],CONNECTED,SYSTEM_HEALTH,163.26794123649597,11,0,0,112,2026-03-22 22:47:08
106,16,24016,8,[],CONNECTED,SYSTEM_HEALTH,157.08961296081543,11,0,0,112,2026-03-22 22:49:33
106,16,24191,8,[],CONNECTED,SYSTEM_HEALTH,140.55173444747925,11,0,0,112,2026-03-22 22:50:00
106,16,24527,8,[],CONNECTED,SYSTEM_HEALTH,140.55173444747925,11,0,0,112,2026-03-22 22:52:12
106,16,24527,8,[],CONNECTED,SYSTEM_HEALTH,154.1013433933258,13,0,4,112,2026-03-22 22:53:01
106,16,24864,8,[],CONNECTED,SYSTEM_HEALTH,154.1013433933258,13,0,4,112,2026-03-22 22:54:40
106,16,24864,8,[],CONNECTED,SYSTEM_HEALTH,151.00492691993713,13,0,0,112,2026-03-22 22:55:13
106,16,25203,8,[],CONNECTED,SYSTEM_HEALTH,151.00492691993713,13,0,0,112,2026-03-22 22:57:14
106,17,25378,8,[],CONNECTED,SYSTEM_HEALTH,145.75638508796692,12,0,0,112,2026-03-22 22:58:50
106,17,25544,8,[],CONNECTED,SYSTEM_HEALTH,90.87215209007263,12,0,0,112,2026-03-22 22:59:02
106,17,25702,8,[],CONNECTED,SYSTEM_HEALTH,90.87215209007263,12,0,0,112,2026-03-22 23:00:25
106,17,25702,8,[],CONNECTED,SYSTEM_HEALTH,98.71252965927124,10,0,0,112,2026-03-22 23:01:00
106,17,25874,9,[],CONNECTED,SYSTEM_HEALTH,98.71252965927124,9,0,0,112,2026-03-22 23:02:05
106,17,26047,9,[],CONNECTED,SYSTEM_HEALTH,14.753279685974121,8,0,0,112,2026-03-22 23:03:01
106,18,26201,9,[],CONNECTED,SYSTEM_HEALTH,25.00241255760193,8,0,0,112,2026-03-22 23:04:05
106,18,26354,9,[],CONNECTED,SYSTEM_HEALTH,19.02045464515686,8,0,0,112,2026-03-22 23:05:00
106,18,26496,9,[],CONNECTED,SYSTEM_HEALTH,7.299532175064087,8,0,0,112,2026-03-22 23:06:00
106,18,26644,9,[],CONNECTED,SYSTEM_HEALTH,7.497506141662598,8,0,0,112,2026-03-22 23:07:01
106,18,26789,9,[],CONNECTED,SYSTEM_HEALTH,7.685370445251465,8,0,0,112,2026-03-22 23:08:00
106,18,26936,9,[],CONNECTED,SYSTEM_HEALTH,9.324085474014282,8,0,0,112,2026-03-22 23:09:03
106,18,27084,10,[],CONNECTED,SYSTEM_HEALTH,13.959665298461914,7,0,0,112,2026-03-22 23:10:04
106,18,27234,10,[],CONNECTED,SYSTEM_HEALTH,14.301958560943604,7,0,0,112,2026-03-22 23:11:00
106,18,27371,10,[],CONNECTED,SYSTEM_HEALTH,13.631767511367798,7,0,0,112,2026-03-22 23:12:00
106,18,27515,10,[],CONNECTED,SYSTEM_HEALTH,14.559525966644287,7,0,0,112,2026-03-22 23:13:02
106,18,27656,10,[],CONNECTED,SYSTEM_HEALTH,25.863450288772583,7,0,0,112,2026-03-22 23:14:00
106,18,27656,10,[],CONNECTED,SYSTEM_HEALTH,23.485584497451782,7,0,0,112,2026-03-22 23:15:00
106,18,27943,10,[],CONNECTED,SYSTEM_HEALTH,39.184128522872925,7,0,0,112,2026-03-22 23:16:06
106,18,27943,10,[],CONNECTED,SYSTEM_HEALTH,5.331855535507202,7,0,0,112,2026-03-22 23:17:00
106,18,28094,10,[],CONNECTED,SYSTEM_HEALTH,13.69296145439148,7,0,0,112,2026-03-22 23:18:02
106,18,28242,10,[],CONNECTED,SYSTEM_HEALTH,12.114074468612671,7,0,0,112,2026-03-22 23:19:03
106,18,28390,10,[],CONNECTED,SYSTEM_HEALTH,11.243863582611084,7,0,0,112,2026-03-22 23:20:04
106,18,28538,10,[],CONNECTED,SYSTEM_HEALTH,11.243863582611084,7,0,0,112,2026-03-22 23:21:14
106,18,28702,11,[],CONNECTED,SYSTEM_HEALTH,76.3858425617218,8,0,2,112,2026-03-22 23:22:12
106,18,28854,13,[],CONNECTED,SYSTEM_HEALTH,76.3858425617218,6,0,2,112,2026-03-22 23:23:00
106,19,29022,13,[],CONNECTED,SYSTEM_HEALTH,6.275392293930054,4,0,0,112,2026-03-22 23:24:06
106,19,29173,13,[],CONNECTED,SYSTEM_HEALTH,12.93502163887024,4,0,0,112,2026-03-22 23:25:00
106,19,29319,13,[],CONNECTED,SYSTEM_HEALTH,4.5041327476501465,7,0,3,112,2026-03-22 23:26:01
106,19,29469,13,[],CONNECTED,SYSTEM_HEALTH,18.38028120994568,6,0,0,112,2026-03-22 23:27:00
106,19,29616,14,[],CONNECTED,SYSTEM_HEALTH,14.567990779876709,5,0,1,112,2026-03-22 23:28:10
106,19,29616,14,[],CONNECTED,SYSTEM_HEALTH,25.53006863594055,6,0,0,112,2026-03-22 23:29:02
106,19,29769,14,[],CONNECTED,SYSTEM_HEALTH,10.424452304840088,6,0,0,112,2026-03-22 23:30:03
106,19,29920,14,[],CONNECTED,SYSTEM_HEALTH,19.8652982711792,6,0,0,112,2026-03-22 23:31:04
106,19,30065,14,[],CONNECTED,SYSTEM_HEALTH,3.8879077434539795,6,0,0,112,2026-03-22 23:32:01
106,19,30214,14,[],CONNECTED,SYSTEM_HEALTH,3.1454403400421143,6,0,0,112,2026-03-22 23:33:07
106,19,30365,14,[],CONNECTED,SYSTEM_HEALTH,19.128449201583862,6,0,0,112,2026-03-22 23:34:00
106,19,30510,14,[],CONNECTED,SYSTEM_HEALTH,20.254271745681763,6,0,0,112,2026-03-22 23:35:01
106,19,30661,14,[],CONNECTED,SYSTEM_HEALTH,40.50364303588867,7,0,0,112,2026-03-22 23:36:01
106,19,30811,14,[],CONNECTED,SYSTEM_HEALTH,4.9584996700286865,7,0,0,112,2026-03-22 23:37:01
106,19,30963,15,[],CONNECTED,SYSTEM_HEALTH,15.370556354522705,6,0,0,112,2026-03-22 23:38:09
106,19,31108,15,[],CONNECTED,SYSTEM_HEALTH,18.18048906326294,6,0,0,112,2026-03-22 23:39:01
105,19,31256,15,[],CONNECTED,SYSTEM_HEALTH,16.439507007598877,6,0,1,112,2026-03-22 23:40:04
105,19,31560,15,[],CONNECTED,SYSTEM_HEALTH,26.830917835235596,7,0,2,112,2026-03-22 23:42:02
105,19,31719,15,[],CONNECTED,SYSTEM_HEALTH,12.36318826675415,6,0,0,112,2026-03-22 23:43:03
105,19,32211,16,[],CONNECTED,SYSTEM_HEALTH,15.027297258377075,7,0,2,112,2026-03-22 23:46:20
105,19,32211,16,[],CONNECTED,SYSTEM_HEALTH,179.28292632102966,7,0,0,112,2026-03-22 23:47:07
105,19,32721,16,[],CONNECTED,SYSTEM_HEALTH,179.28292632102966,7,0,0,112,2026-03-22 23:50:05
105,19,33063,16,[],CONNECTED,SYSTEM_HEALTH,219.55457949638367,7,0,0,112,2026-03-22 23:52:57
105,19,33237,16,[],CONNECTED,SYSTEM_HEALTH,167.06508803367615,4,0,0,112,2026-03-22 23:53:04
105,19,33393,16,[],CONNECTED,SYSTEM_HEALTH,167.06508803367615,4,0,0,112,2026-03-22 23:54:57
105,19,33393,16,[],CONNECTED,SYSTEM_HEALTH,114.51195502281189,4,0,0,112,2026-03-22 23:55:03
105,19,33899,16,[],CONNECTED,SYSTEM_HEALTH,114.51195502281189,6,0,4,112,2026-03-22 23:57:47
105,19,33899,16,[],CONNECTED,SYSTEM_HEALTH,176.11808228492737,6,0,4,112,2026-03-22 23:58:05
105,19,34070,16,[],CONNECTED,SYSTEM_HEALTH,176.11808228492737,6,0,0,112,2026-03-22 23:59:18
105,19,34245,16,[],CONNECTED,SYSTEM_HEALTH,79.997318983078,6,0,0,112,2026-03-23 00:00:45
105,21,34395,16,[],CONNECTED,SYSTEM_HEALTH,82.75068950653076,7,0,1,112,2026-03-23 00:01:09
105,21,34549,16,[],CONNECTED,SYSTEM_HEALTH,82.75068950653076,7,0,1,112,2026-03-23 00:02:26
105,21,34901,16,[],CONNECTED,SYSTEM_HEALTH,82.75068950653076,7,0,1,112,2026-03-23 00:04:36
105,21,35067,16,[],CONNECTED,SYSTEM_HEALTH,219.8736264705658,7,0,0,112,2026-03-23 00:05:55
105,21,35067,16,[],CONNECTED,SYSTEM_HEALTH,219.8736264705658,7,0,0,112,2026-03-23 00:06:08
105,21,35420,16,[],CONNECTED,SYSTEM_HEALTH,219.8736264705658,7,0,0,112,2026-03-23 00:08:23
105,21,35594,16,[],CONNECTED,SYSTEM_HEALTH,222.29878306388855,6,0,0,112,2026-03-23 00:09:52
105,21,35753,17,[],CONNECTED,SYSTEM_HEALTH,222.29878306388855,5,0,0,112,2026-03-23 00:10:03
105,21,35928,17,[],CONNECTED,SYSTEM_HEALTH,222.29878306388855,5,0,0,112,2026-03-23 00:11:41
105,21,35928,17,[],CONNECTED,SYSTEM_HEALTH,193.2135636806488,7,0,5,112,2026-03-23 00:12:00
105,21,36101,17,[],CONNECTED,SYSTEM_HEALTH,193.2135636806488,8,0,5,112,2026-03-23 00:13:11
105,21,36441,17,[],CONNECTED,SYSTEM_HEALTH,193.2135636806488,8,0,5,112,2026-03-23 00:15:00
105,21,36794,17,[],CONNECTED,SYSTEM_HEALTH,193.2135636806488,8,0,5,112,2026-03-23 00:17:05
105,21,36963,17,[],CONNECTED,SYSTEM_HEALTH,327.37235283851624,8,0,0,112,2026-03-23 00:18:50
105,21,37315,17,[],CONNECTED,SYSTEM_HEALTH,327.37235283851624,8,0,0,112,2026-03-23 00:21:04
105,21,38018,17,[],CONNECTED,SYSTEM_HEALTH,327.37235283851624,8,0,0,112,2026-03-23 00:25:22
105,21,38195,18,[],CONNECTED,SYSTEM_HEALTH,327.37235283851624,7,0,0,112,2026-03-23 00:26:09
105,21,38352,18,[],CONNECTED,SYSTEM_HEALTH,531.0094306468964,7,0,2,112,2026-03-23 00:27:50
105,21,38881,18,[],CONNECTED,SYSTEM_HEALTH,531.0094306468964,7,0,2,112,2026-03-23 00:31:04
105,21,39234,18,[],CONNECTED,SYSTEM_HEALTH,531.0094306468964,7,0,2,112,2026-03-23 00:33:31
105,21,39410,19,[],CONNECTED,SYSTEM_HEALTH,531.0094306468964,6,0,2,112,2026-03-23 00:34:47
105,21,39410,19,[],CONNECTED,SYSTEM_HEALTH,512.6351280212402,6,0,1,112,2026-03-23 00:35:03
105,21,39746,19,[],CONNECTED,SYSTEM_HEALTH,512.6351280212402,6,0,1,112,2026-03-23 00:36:24
105,21,40099,19,[],CONNECTED,SYSTEM_HEALTH,512.6351280212402,6,0,1,112,2026-03-23 00:39:04
105,21,40431,20,[],CONNECTED,SYSTEM_HEALTH,288.2832398414612,5,0,0,112,2026-03-23 00:40:57
105,21,40606,20,[],CONNECTED,SYSTEM_HEALTH,288.2832398414612,5,0,0,112,2026-03-23 00:43:00
105,21,40935,20,[],CONNECTED,SYSTEM_HEALTH,198.05961394309998,6,0,1,112,2026-03-23 00:44:25
105,21,41112,20,[],CONNECTED,SYSTEM_HEALTH,198.05961394309998,6,0,1,112,2026-03-23 00:46:04
105,21,41456,20,[],CONNECTED,SYSTEM_HEALTH,182.75183582305908,6,0,0,112,2026-03-23 00:47:56
105,21,41808,20,[],CONNECTED,SYSTEM_HEALTH,182.75183582305908,6,0,0,112,2026-03-23 00:50:35
105,21,41979,20,[],CONNECTED,SYSTEM_HEALTH,265.7488582134247,6,0,0,112,2026-03-23 00:51:55
105,21,42329,20,[],CONNECTED,SYSTEM_HEALTH,265.7488582134247,6,0,0,112,2026-03-23 00:53:55
105,21,42329,20,[],CONNECTED,SYSTEM_HEALTH,265.7488582134247,6,0,0,112,2026-03-23 00:54:00
105,21,42496,20,[],CONNECTED,SYSTEM_HEALTH,193.3791139125824,6,0,0,112,2026-03-23 00:55:33
105,21,43024,20,[],CONNECTED,SYSTEM_HEALTH,193.3791139125824,6,0,0,112,2026-03-23 00:58:13
105,22,43184,20,[],CONNECTED,SYSTEM_HEALTH,253.30604147911072,6,0,0,112,2026-03-23 00:59:33
105,22,43367,20,[],CONNECTED,SYSTEM_HEALTH,253.30604147911072,6,0,0,112,2026-03-23 01:01:10
105,22,43544,20,[],CONNECTED,SYSTEM_HEALTH,181.81632566452026,6,0,0,112,2026-03-23 01:03:01
105,22,43908,20,[],CONNECTED,SYSTEM_HEALTH,181.81632566452026,6,0,0,112,2026-03-23 01:05:43
105,22,43908,20,[],CONNECTED,SYSTEM_HEALTH,181.81632566452026,6,0,0,112,2026-03-23 01:06:11
105,22,44091,20,[],CONNECTED,SYSTEM_HEALTH,308.99163031578064,5,0,2,112,2026-03-23 01:07:03
105,22,44253,20,[],CONNECTED,SYSTEM_HEALTH,308.99163031578064,5,0,2,112,2026-03-23 01:08:50
105,22,44436,20,[],CONNECTED,SYSTEM_HEALTH,308.99163031578064,5,0,2,112,2026-03-23 01:10:40
105,22,44617,20,[],CONNECTED,SYSTEM_HEALTH,241.38386726379395,5,0,0,112,2026-03-23 01:11:20
105,22,44776,20,[],CONNECTED,SYSTEM_HEALTH,241.38386726379395,5,0,0,112,2026-03-23 01:12:53
105,22,44958,20,[],CONNECTED,SYSTEM_HEALTH,241.38386726379395,5,0,0,112,2026-03-23 01:14:22
105,22,45135,20,[],CONNECTED,SYSTEM_HEALTH,214.26102352142334,5,0,0,112,2026-03-23 01:15:43
105,22,45317,20,[],CONNECTED,SYSTEM_HEALTH,214.26102352142334,5,0,0,112,2026-03-23 01:17:11
105,22,45489,20,[],CONNECTED,SYSTEM_HEALTH,164.5549943447113,5,0,0,112,2026-03-23 01:18:40
105,22,45489,20,[],CONNECTED,SYSTEM_HEALTH,84.6177384853363,5,0,0,112,2026-03-23 01:19:01
105,22,45663,21,[],CONNECTED,SYSTEM_HEALTH,17.752365827560425,4,0,0,112,2026-03-23 01:20:04
105,23,45810,21,[],CONNECTED,SYSTEM_HEALTH,21.50803279876709,4,0,0,112,2026-03-23 01:21:00
105,24,45810,21,[],CONNECTED,SYSTEM_HEALTH,26.05383586883545,4,0,0,112,2026-03-23 01:22:05
105,24,45958,21,[],CONNECTED,SYSTEM_HEALTH,16.827129125595093,4,0,0,112,2026-03-23 01:23:02
105,24,46109,21,[],CONNECTED,SYSTEM_HEALTH,17.069402933120728,4,0,0,112,2026-03-23 01:24:13
105,25,46256,21,[],CONNECTED,SYSTEM_HEALTH,22.38126492500305,4,0,0,112,2026-03-23 01:25:05
105,25,46256,21,[],CONNECTED,SYSTEM_HEALTH,31.178804636001587,5,0,1,112,2026-03-23 01:26:04
105,25,46410,21,[],CONNECTED,SYSTEM_HEALTH,6.4776694774627686,5,0,0,112,2026-03-23 01:27:02
105,25,46565,21,[],CONNECTED,SYSTEM_HEALTH,16.670602321624756,5,0,0,112,2026-03-23 01:28:01
105,25,46718,21,[],CONNECTED,SYSTEM_HEALTH,44.25917887687683,4,0,0,112,2026-03-23 01:29:01
105,25,46718,21,[],CONNECTED,SYSTEM_HEALTH,14.847440242767334,4,0,0,112,2026-03-23 01:30:02
105,25,46875,21,[],CONNECTED,SYSTEM_HEALTH,29.265087842941284,5,0,1,112,2026-03-23 01:31:01
105,25,47026,21,[],CONNECTED,SYSTEM_HEALTH,22.442501544952393,5,0,0,112,2026-03-23 01:32:01
105,26,47026,21,[],CONNECTED,SYSTEM_HEALTH,29.540464162826538,5,0,0,112,2026-03-23 01:33:00
105,27,47173,21,[],CONNECTED,SYSTEM_HEALTH,29.815231800079346,5,0,0,112,2026-03-23 01:34:03
105,27,47315,21,[],CONNECTED,SYSTEM_HEALTH,30.569219827651978,5,0,0,112,2026-03-23 01:35:10
105,27,47457,21,[],CONNECTED,SYSTEM_HEALTH,67.43709588050842,5,0,0,112,2026-03-23 01:36:04
105,27,47622,21,[],CONNECTED,SYSTEM_HEALTH,19.636282205581665,5,0,0,112,2026-03-23 01:37:09
105,27,47622,21,[],CONNECTED,SYSTEM_HEALTH,25.008002758026123,5,0,0,112,2026-03-23 01:38:03
105,27,47779,21,[],CONNECTED,SYSTEM_HEALTH,19.121987104415894,5,0,0,112,2026-03-23 01:39:01
105,28,47940,22,[],CONNECTED,SYSTEM_HEALTH,37.81395077705383,4,0,0,112,2026-03-23 01:40:06
105,28,47940,22,[],CONNECTED,SYSTEM_HEALTH,34.99065041542053,4,0,0,112,2026-03-23 01:41:03
105,30,48099,22,[],CONNECTED,SYSTEM_HEALTH,17.249408721923828,4,0,0,112,2026-03-23 01:42:01
105,30,48253,22,[],CONNECTED,SYSTEM_HEALTH,22.198766231536865,4,0,0,112,2026-03-23 01:43:05
105,31,48407,22,[],CONNECTED,SYSTEM_HEALTH,20.318169593811035,4,0,0,112,2026-03-23 01:44:00
105,31,48562,22,[],CONNECTED,SYSTEM_HEALTH,18.25235629081726,4,0,0,112,2026-03-23 01:45:25
105,32,48562,22,[],CONNECTED,SYSTEM_HEALTH,46.99562215805054,4,0,0,112,2026-03-23 01:46:02
105,32,48720,22,[],CONNECTED,SYSTEM_HEALTH,17.003013849258423,4,0,0,112,2026-03-23 01:47:00
105,32,48874,22,[],CONNECTED,SYSTEM_HEALTH,19.812668323516846,4,0,0,112,2026-03-23 01:48:03
105,32,48874,22,[],CONNECTED,SYSTEM_HEALTH,19.62518548965454,4,0,0,112,2026-03-23 01:49:09
105,34,49031,22,[],CONNECTED,SYSTEM_HEALTH,16.256208896636963,4,0,0,112,2026-03-23 01:50:00
105,34,49186,23,[],CONNECTED,SYSTEM_HEALTH,20.21602201461792,3,0,0,112,2026-03-23 01:51:06
105,34,49186,23,[],CONNECTED,SYSTEM_HEALTH,11.18022108078003,3,0,0,112,2026-03-23 01:52:06
105,35,49355,23,[],CONNECTED,SYSTEM_HEALTH,11.069693088531494,3,0,0,112,2026-03-23 01:53:06
105,36,49513,23,[],CONNECTED,SYSTEM_HEALTH,4.869592666625977,3,0,0,112,2026-03-23 01:54:00
105,36,49669,23,[],CONNECTED,SYSTEM_HEALTH,2.2593741416931152,4,0,3,112,2026-03-23 01:55:15
105,37,49669,23,[],CONNECTED,SYSTEM_HEALTH,44.25503468513489,5,0,0,112,2026-03-23 01:56:00
105,37,49819,23,[],CONNECTED,SYSTEM_HEALTH,29.50479555130005,4,0,0,112,2026-03-23 01:57:00
105,38,49965,23,[],CONNECTED,SYSTEM_HEALTH,15.998547792434692,4,0,0,112,2026-03-23 01:58:07
105,38,50114,23,[],CONNECTED,SYSTEM_HEALTH,21.623709440231323,4,0,0,112,2026-03-23 01:59:08
105,38,50114,23,[],CONNECTED,SYSTEM_HEALTH,25.812286376953125,4,0,0,112,2026-03-23 02:00:02
105,39,50261,23,[],CONNECTED,SYSTEM_HEALTH,20.376468181610107,4,0,0,112,2026-03-23 02:01:02
105,39,50409,23,[],CONNECTED,SYSTEM_HEALTH,21.131431579589844,4,0,0,112,2026-03-23 02:02:02
105,39,50559,23,[],CONNECTED,SYSTEM_HEALTH,21.57524800300598,4,0,0,112,2026-03-23 02:03:15
105,40,50559,23,[],CONNECTED,SYSTEM_HEALTH,24.62578582763672,4,0,0,112,2026-03-23 02:04:08
105,41,50707,23,[],CONNECTED,SYSTEM_HEALTH,21.56702971458435,4,0,0,112,2026-03-23 02:05:02
105,41,50856,23,[],CONNECTED,SYSTEM_HEALTH,62.0648467540741,5,0,4,112,2026-03-23 02:06:11
105,41,51010,23,[],CONNECTED,SYSTEM_HEALTH,62.05638313293457,6,0,4,112,2026-03-23 02:07:01
105,41,51010,23,[],CONNECTED,SYSTEM_HEALTH,34.44739317893982,6,0,0,112,2026-03-23 02:08:04
105,43,51160,23,[],CONNECTED,SYSTEM_HEALTH,34.248446226119995,6,0,0,112,2026-03-23 02:09:05
105,43,51314,23,[],CONNECTED,SYSTEM_HEALTH,19.754031658172607,6,0,0,112,2026-03-23 02:10:03
105,43,51464,23,[],CONNECTED,SYSTEM_HEALTH,40.1854944229126,6,0,0,112,2026-03-23 02:11:07
105,43,51464,23,[],CONNECTED,SYSTEM_HEALTH,9.475884199142456,6,0,0,112,2026-03-23 02:12:06
105,43,51620,23,[],CONNECTED,SYSTEM_HEALTH,13.49347734451294,6,0,0,112,2026-03-23 02:13:06
105,43,51786,23,[],CONNECTED,SYSTEM_HEALTH,31.612367868423462,6,0,0,112,2026-03-23 02:14:03
105,44,51786,23,[],CONNECTED,SYSTEM_HEALTH,17.179381132125854,6,0,0,112,2026-03-23 02:15:02
105,44,51943,23,[],CONNECTED,SYSTEM_HEALTH,45.69624710083008,10,0,7,112,2026-03-23 02:16:00
105,44,52090,23,[],CONNECTED,SYSTEM_HEALTH,45.69624710083008,12,0,7,112,2026-03-23 02:17:05
105,44,52450,23,[],CONNECTED,SYSTEM_HEALTH,45.69624710083008,12,0,7,112,2026-03-23 02:19:52
105,44,52450,23,[],CONNECTED,SYSTEM_HEALTH,45.69624710083008,12,0,7,112,2026-03-23 02:20:05
105,44,52628,23,[],CONNECTED,SYSTEM_HEALTH,277.74534130096436,12,0,0,112,2026-03-23 02:21:08
105,44,52628,24,[],CONNECTED,SYSTEM_HEALTH,277.74534130096436,11,0,0,112,2026-03-23 02:22:08
105,45,52985,24,[],CONNECTED,SYSTEM_HEALTH,277.74534130096436,11,0,0,112,2026-03-23 02:24:56
105,45,52985,24,[],CONNECTED,SYSTEM_HEALTH,277.74534130096436,11,0,0,112,2026-03-23 02:25:00
105,45,53166,24,[],CONNECTED,SYSTEM_HEALTH,293.40521216392517,10,0,0,112,2026-03-23 02:26:15
105,45,53512,24,[],CONNECTED,SYSTEM_HEALTH,293.40521216392517,10,0,0,112,2026-03-23 02:28:27
105,45,53512,24,[],CONNECTED,SYSTEM_HEALTH,230.0759584903717,10,0,0,112,2026-03-23 02:29:05
105,45,53692,24,[],CONNECTED,SYSTEM_HEALTH,43.384087562561035,10,0,0,112,2026-03-23 02:30:01
105,45,53852,24,[],CONNECTED,SYSTEM_HEALTH,16.36268925666809,10,0,0,112,2026-03-23 02:31:10
105,45,53852,24,[],CONNECTED,SYSTEM_HEALTH,20.87010931968689,9,0,0,112,2026-03-23 02:32:00
105,45,54013,24,[],CONNECTED,SYSTEM_HEALTH,19.815503358840942,9,0,0,112,2026-03-23 02:33:00
105,45,54167,24,[],CONNECTED,SYSTEM_HEALTH,17.013476371765137,9,0,0,112,2026-03-23 02:34:07
105,47,54167,24,[],CONNECTED,SYSTEM_HEALTH,34.08321571350098,9,0,0,112,2026-03-23 02:35:00
105,47,54327,24,[],CONNECTED,SYSTEM_HEALTH,34.08321571350098,9,0,0,112,2026-03-23 02:36:10
105,47,54487,24,[],CONNECTED,SYSTEM_HEALTH,87.12863636016846,9,0,0,112,2026-03-23 02:37:12
105,47,54652,24,[],CONNECTED,SYSTEM_HEALTH,76.99901795387268,8,0,0,112,2026-03-23 02:38:00
105,48,54652,24,[],CONNECTED,SYSTEM_HEALTH,34.4584424495697,7,0,0,112,2026-03-23 02:39:00
105,49,54812,24,[],CONNECTED,SYSTEM_HEALTH,19.06562852859497,7,0,0,112,2026-03-23 02:40:02
105,49,54971,24,[],CONNECTED,SYSTEM_HEALTH,28.443572521209717,7,0,0,112,2026-03-23 02:41:47
105,49,54971,24,[],CONNECTED,SYSTEM_HEALTH,100.36227011680603,7,0,0,112,2026-03-23 02:42:05
105,49,55143,24,[],CONNECTED,SYSTEM_HEALTH,17.940741777420044,7,0,0,112,2026-03-23 02:43:06
105,49,55297,24,[],CONNECTED,SYSTEM_HEALTH,50.74452090263367,6,0,0,112,2026-03-23 02:44:01
105,49,55458,24,[],CONNECTED,SYSTEM_HEALTH,32.533469676971436,6,0,0,112,2026-03-23 02:45:00
105,49,55458,24,[],CONNECTED,SYSTEM_HEALTH,2.237745761871338,6,0,0,112,2026-03-23 02:46:15
105,49,55620,24,[],CONNECTED,SYSTEM_HEALTH,2.237745761871338,6,0,0,112,2026-03-23 02:47:40
105,49,55799,24,[],CONNECTED,SYSTEM_HEALTH,146.90225338935852,5,0,0,112,2026-03-23 02:48:00
105,50,55799,24,[],CONNECTED,SYSTEM_HEALTH,14.329341888427734,4,0,0,112,2026-03-23 02:49:03
105,51,55962,24,[],CONNECTED,SYSTEM_HEALTH,12.644676208496094,2,0,0,112,2026-03-23 02:50:05
105,51,56121,25,[],CONNECTED,SYSTEM_HEALTH,10.588477611541748,1,0,0,112,2026-03-23 02:51:02
105,51,56280,25,[],CONNECTED,SYSTEM_HEALTH,4.918688535690308,1,0,0,112,2026-03-23 02:52:04
105,51,56280,25,[],CONNECTED,SYSTEM_HEALTH,4.257708549499512,1,0,0,112,2026-03-23 02:53:07
105,51,56440,25,[],CONNECTED,SYSTEM_HEALTH,5.001088619232178,1,0,0,112,2026-03-23 02:54:01
105,51,56597,25,[],CONNECTED,SYSTEM_HEALTH,10.929049491882324,1,0,0,112,2026-03-23 02:55:02
105,51,56757,25,[],CONNECTED,SYSTEM_HEALTH,14.234294414520264,1,0,0,112,2026-03-23 02:56:09
105,52,56757,25,[],CONNECTED,SYSTEM_HEALTH,2.933121681213379,1,0,0,112,2026-03-23 02:57:07
105,53,56911,25,[],CONNECTED,SYSTEM_HEALTH,13.178012371063232,1,0,0,112,2026-03-23 02:58:00
105,53,57070,25,[],CONNECTED,SYSTEM_HEALTH,3.252902030944824,1,0,0,112,2026-03-23 02:59:07
105,54,57070,25,[],CONNECTED,SYSTEM_HEALTH,15.642809629440308,1,0,0,112,2026-03-23 03:00:07
105,54,57223,25,[],CONNECTED,SYSTEM_HEALTH,11.680829286575317,1,0,0,112,2026-03-23 03:01:06
105,54,57382,25,[],CONNECTED,SYSTEM_HEALTH,12.737589597702026,1,0,0,112,2026-03-23 03:02:01
105,54,57537,25,[],CONNECTED,SYSTEM_HEALTH,4.894687175750732,1,0,0,112,2026-03-23 03:03:05
105,55,57537,25,[],CONNECTED,SYSTEM_HEALTH,12.560839653015137,1,0,0,112,2026-03-23 03:04:01
105,55,57693,25,[],CONNECTED,SYSTEM_HEALTH,3.702690362930298,1,0,0,112,2026-03-23 03:05:23
105,55,57846,25,[],CONNECTED,SYSTEM_HEALTH,19.882290363311768,1,0,0,112,2026-03-23 03:06:09
105,55,57846,25,[],CONNECTED,SYSTEM_HEALTH,22.40342426300049,1,0,0,112,2026-03-23 03:07:06
105,56,57999,25,[],CONNECTED,SYSTEM_HEALTH,18.06155300140381,1,0,0,112,2026-03-23 03:08:11
105,56,58144,25,[],CONNECTED,SYSTEM_HEALTH,17.936826467514038,1,0,0,112,2026-03-23 03:09:03
105,57,58292,25,[],CONNECTED,SYSTEM_HEALTH,17.936826467514038,2,0,1,112,2026-03-23 03:10:34
105,57,58292,25,[],CONNECTED,SYSTEM_HEALTH,92.93626809120178,3,0,1,112,2026-03-23 03:11:13
105,57,58468,25,[],CONNECTED,SYSTEM_HEALTH,25.370672464370728,3,0,1,112,2026-03-23 03:12:03
105,57,58623,26,[],CONNECTED,SYSTEM_HEALTH,23.56127095222473,2,0,0,112,2026-03-23 03:13:03
105,58,58769,26,[],CONNECTED,SYSTEM_HEALTH,18.52259135246277,2,0,0,112,2026-03-23 03:14:06
105,58,58769,26,[],CONNECTED,SYSTEM_HEALTH,21.308175802230835,2,0,0,112,2026-03-23 03:15:00
105,58,58914,26,[],CONNECTED,SYSTEM_HEALTH,19.308427810668945,2,0,0,112,2026-03-23 03:16:12
105,58,59061,26,[],CONNECTED,SYSTEM_HEALTH,19.36868691444397,2,0,0,112,2026-03-23 03:17:03
105,58,59215,26,[],CONNECTED,SYSTEM_HEALTH,22.556816816329956,2,0,0,112,2026-03-23 03:18:02
105,58,59215,26,[],CONNECTED,SYSTEM_HEALTH,17.93529963493347,2,0,0,112,2026-03-23 03:19:06
105,59,59363,26,[],CONNECTED,SYSTEM_HEALTH,21.18872570991516,2,0,0,112,2026-03-23 03:20:00
105,59,59513,26,[],CONNECTED,SYSTEM_HEALTH,42.254271030426025,3,0,0,112,2026-03-23 03:21:11
105,59,59668,26,[],CONNECTED,SYSTEM_HEALTH,20.494218349456787,3,0,0,112,2026-03-23 03:22:02
105,60,59668,26,[],CONNECTED,SYSTEM_HEALTH,22.183640003204346,3,0,0,112,2026-03-23 03:23:01
105,60,59820,26,[],CONNECTED,SYSTEM_HEALTH,20.2535138130188,3,0,0,112,2026-03-23 03:24:08
105,60,59971,27,[],CONNECTED,SYSTEM_HEALTH,20.29702615737915,2,0,0,112,2026-03-23 03:25:05
104,60,60125,27,[],CONNECTED,SYSTEM_HEALTH,20.31356120109558,2,0,0,112,2026-03-23 03:26:09
104,60,60125,27,[],CONNECTED,SYSTEM_HEALTH,18.09526515007019,2,0,0,112,2026-03-23 03:27:01
104,60,60276,27,[],CONNECTED,SYSTEM_HEALTH,17.747354745864868,2,0,0,112,2026-03-23 03:28:03
104,61,60427,27,[],CONNECTED,SYSTEM_HEALTH,16.996339321136475,2,0,0,112,2026-03-23 03:29:01
104,61,60427,27,[],CONNECTED,SYSTEM_HEALTH,19.386330366134644,2,0,0,112,2026-03-23 03:30:04
104,61,60575,27,[],CONNECTED,SYSTEM_HEALTH,28.062287092208862,3,0,0,112,2026-03-23 03:31:00
104,61,60726,27,[],CONNECTED,SYSTEM_HEALTH,22.185147047042847,3,0,0,112,2026-03-23 03:32:00
104,61,60878,27,[],CONNECTED,SYSTEM_HEALTH,16.381955862045288,3,0,0,112,2026-03-23 03:33:03
104,61,61030,27,[],CONNECTED,SYSTEM_HEALTH,16.74839687347412,3,0,0,112,2026-03-23 03:34:12
104,61,61030,27,[],CONNECTED,SYSTEM_HEALTH,19.22235918045044,3,0,0,112,2026-03-23 03:35:03
104,61,61180,27,[],CONNECTED,SYSTEM_HEALTH,32.25188231468201,7,0,4,112,2026-03-23 03:36:01
104,62,61330,27,[],CONNECTED,SYSTEM_HEALTH,26.000295162200928,7,0,0,112,2026-03-23 03:37:02
104,63,61330,27,[],CONNECTED,SYSTEM_HEALTH,31.991862297058105,7,0,0,112,2026-03-23 03:38:01
104,64,61476,27,[],CONNECTED,SYSTEM_HEALTH,30.920764923095703,7,0,0,112,2026-03-23 03:39:01
104,64,61626,27,[],CONNECTED,SYSTEM_HEALTH,28.31202745437622,7,0,0,112,2026-03-23 03:40:03
104,64,61956,27,[],CONNECTED,SYSTEM_HEALTH,26.326659440994263,7,0,0,112,2026-03-23 03:42:20
104,65,61956,27,[],CONNECTED,SYSTEM_HEALTH,149.46224975585938,7,0,0,112,2026-03-23 03:43:09
104,66,62115,27,[],CONNECTED,SYSTEM_HEALTH,37.393160820007324,7,0,0,112,2026-03-23 03:44:00
104,66,62262,28,[],CONNECTED,SYSTEM_HEALTH,33.42706251144409,6,0,0,112,2026-03-23 03:45:03
104,66,62262,28,[],CONNECTED,SYSTEM_HEALTH,33.42706251144409,6,0,0,112,2026-03-23 03:46:10
104,66,62411,29,[],CONNECTED,SYSTEM_HEALTH,33.42706251144409,5,0,0,112,2026-03-23 03:47:27
104,66,62592,29,[],CONNECTED,SYSTEM_HEALTH,33.42706251144409,5,0,0,112,2026-03-23 03:48:29
104,67,62764,29,[],CONNECTED,SYSTEM_HEALTH,17.720072984695435,2,0,0,112,2026-03-23 03:49:12
104,68,62764,29,[],CONNECTED,SYSTEM_HEALTH,16.822819709777832,2,0,0,112,2026-03-23 03:50:02
104,68,62918,29,[],CONNECTED,SYSTEM_HEALTH,15.901870965957642,1,0,0,112,2026-03-23 03:51:10
104,68,63067,29,[],CONNECTED,SYSTEM_HEALTH,15.835179805755615,1,0,0,112,2026-03-23 03:52:01
104,68,63067,29,[],CONNECTED,SYSTEM_HEALTH,16.628013610839844,1,0,0,112,2026-03-23 03:53:03
104,68,63219,29,[],CONNECTED,SYSTEM_HEALTH,2.9352619647979736,1,0,0,112,2026-03-23 03:54:02
104,70,63368,29,[],CONNECTED,SYSTEM_HEALTH,14.80116891860962,1,0,0,112,2026-03-23 03:55:07
104,71,63520,29,[],CONNECTED,SYSTEM_HEALTH,27.366573572158813,1,0,0,112,2026-03-23 03:56:05
104,71,63520,29,[],CONNECTED,SYSTEM_HEALTH,17.941381216049194,1,0,0,112,2026-03-23 03:57:15
104,73,63668,29,[],CONNECTED,SYSTEM_HEALTH,17.676664113998413,1,0,0,112,2026-03-23 03:58:00
104,73,63814,29,[],CONNECTED,SYSTEM_HEALTH,16.74308729171753,1,0,0,112,2026-03-23 03:59:10
104,73,63961,29,[],CONNECTED,SYSTEM_HEALTH,22.18134093284607,1,0,0,112,2026-03-23 04:00:02
104,73,63961,29,[],CONNECTED,SYSTEM_HEALTH,31.252824068069458,1,0,0,112,2026-03-23 04:01:03
104,73,64109,29,[],CONNECTED,SYSTEM_HEALTH,18.967873334884644,1,0,0,112,2026-03-23 04:02:15
104,74,64261,29,[],CONNECTED,SYSTEM_HEALTH,17.123551845550537,1,0,0,112,2026-03-23 04:03:06
104,75,64414,29,[],CONNECTED,SYSTEM_HEALTH,20.188810348510742,1,0,0,112,2026-03-23 04:04:08
104,76,64414,29,[],CONNECTED,SYSTEM_HEALTH,17.033183336257935,1,0,2,112,2026-03-23 04:05:20
104,76,64560,29,[],CONNECTED,SYSTEM_HEALTH,19.37532138824463,1,0,0,112,2026-03-23 04:06:11
104,76,64712,29,[],CONNECTED,SYSTEM_HEALTH,21.614349365234375,1,0,0,112,2026-03-23 04:07:00
104,76,64857,29,[],CONNECTED,SYSTEM_HEALTH,20.180542945861816,1,0,0,112,2026-03-23 04:08:12
104,76,64857,29,[],CONNECTED,SYSTEM_HEALTH,18.363195180892944,1,0,0,112,2026-03-23 04:09:02
104,77,65006,29,[],CONNECTED,SYSTEM_HEALTH,18.484503269195557,2,0,3,112,2026-03-23 04:10:17
104,77,65147,29,[],CONNECTED,SYSTEM_HEALTH,41.24311137199402,4,0,1,112,2026-03-23 04:11:05
104,77,65291,29,[],CONNECTED,SYSTEM_HEALTH,41.24311137199402,4,0,1,112,2026-03-23 04:12:50
104,77,65291,29,[],CONNECTED,SYSTEM_HEALTH,130.74727392196655,4,0,0,112,2026-03-23 04:13:14
104,77,65639,29,[],CONNECTED,SYSTEM_HEALTH,130.74727392196655,4,0,0,112,2026-03-23 04:15:30
104,77,65986,29,[],CONNECTED,SYSTEM_HEALTH,154.3122444152832,4,0,0,112,2026-03-23 04:18:39
104,77,65986,29,[],CONNECTED,SYSTEM_HEALTH,184.81616497039795,4,0,0,112,2026-03-23 04:19:02
104,77,66324,29,[],CONNECTED,SYSTEM_HEALTH,184.81616497039795,4,0,0,112,2026-03-23 04:21:18
104,77,66494,29,[],CONNECTED,SYSTEM_HEALTH,153.4960949420929,9,0,7,112,2026-03-23 04:22:01
104,77,66848,29,[],CONNECTED,SYSTEM_HEALTH,153.4960949420929,9,0,7,112,2026-03-23 04:24:54
104,77,66848,29,[],CONNECTED,SYSTEM_HEALTH,153.4960949420929,9,0,7,112,2026-03-23 04:25:00
104,78,67026,29,[],CONNECTED,SYSTEM_HEALTH,239.1791112422943,9,0,7,112,2026-03-23 04:26:24
104,79,67026,29,[],CONNECTED,SYSTEM_HEALTH,239.1791112422943,12,0,4,112,2026-03-23 04:27:02
104,79,67358,29,[],CONNECTED,SYSTEM_HEALTH,239.1791112422943,12,0,4,112,2026-03-23 04:29:44
104,79,67358,29,[],CONNECTED,SYSTEM_HEALTH,239.1791112422943,12,0,4,112,2026-03-23 04:30:02
104,79,67717,29,[],CONNECTED,SYSTEM_HEALTH,239.1791112422943,12,0,4,112,2026-03-23 04:32:50
104,79,67717,29,[],CONNECTED,SYSTEM_HEALTH,448.9365985393524,11,0,4,112,2026-03-23 04:33:03
104,79,68072,29,[],CONNECTED,SYSTEM_HEALTH,448.9365985393524,12,0,1,112,2026-03-23 04:35:27
104,79,68072,29,[],CONNECTED,SYSTEM_HEALTH,448.9365985393524,12,0,1,112,2026-03-23 04:36:15
104,79,68252,29,[],CONNECTED,SYSTEM_HEALTH,448.9365985393524,12,0,1,112,2026-03-23 04:37:03
104,79,68609,29,[],CONNECTED,SYSTEM_HEALTH,448.9365985393524,12,0,1,112,2026-03-23 04:39:44
104,79,68609,29,[],CONNECTED,SYSTEM_HEALTH,448.9365985393524,12,0,1,112,2026-03-23 04:40:00
104,79,68962,29,[],CONNECTED,SYSTEM_HEALTH,425.23870730400085,12,0,2,112,2026-03-23 04:42:55
104,79,68962,29,[],CONNECTED,SYSTEM_HEALTH,425.23870730400085,12,0,2,112,2026-03-23 04:43:16
104,79,69142,29,[],CONNECTED,SYSTEM_HEALTH,425.23870730400085,12,0,2,112,2026-03-23 04:45:11
104,79,69321,29,[],CONNECTED,SYSTEM_HEALTH,336.8342924118042,12,0,2,112,2026-03-23 04:46:12
104,79,69488,29,[],CONNECTED,SYSTEM_HEALTH,336.8342924118042,12,0,2,112,2026-03-23 04:47:00
104,79,69488,29,[],CONNECTED,SYSTEM_HEALTH,89.86632943153381,12,0,0,112,2026-03-23 04:48:01
104,80,69806,29,[],CONNECTED,SYSTEM_HEALTH,37.119659185409546,12,0,0,112,2026-03-23 04:49:37
104,81,69806,29,[],CONNECTED,SYSTEM_HEALTH,97.36297011375427,12,0,0,112,2026-03-23 04:50:22
104,82,69969,30,[],CONNECTED,SYSTEM_HEALTH,97.36297011375427,11,0,0,112,2026-03-23 04:51:43
104,82,70146,30,[],CONNECTED,SYSTEM_HEALTH,97.36297011375427,11,0,0,112,2026-03-23 04:52:27
104,82,70146,30,[],CONNECTED,SYSTEM_HEALTH,173.68428254127502,10,0,0,112,2026-03-23 04:53:07
104,82,70311,30,[],CONNECTED,SYSTEM_HEALTH,44.81160068511963,10,0,0,112,2026-03-23 04:54:00
104,82,70458,30,[],CONNECTED,SYSTEM_HEALTH,45.6826171875,10,0,0,112,2026-03-23 04:55:03
104,82,70458,30,[],CONNECTED,SYSTEM_HEALTH,41.5035514831543,10,0,0,112,2026-03-23 04:56:05
104,82,70609,30,[],CONNECTED,SYSTEM_HEALTH,58.81142997741699,10,0,0,112,2026-03-23 04:57:06
104,82,70771,30,[],CONNECTED,SYSTEM_HEALTH,31.4145405292511,10,0,0,112,2026-03-23 04:58:00
104,82,70771,30,[],CONNECTED,SYSTEM_HEALTH,33.68346309661865,10,0,0,112,2026-03-23 04:59:02
104,82,70927,30,[],CONNECTED,SYSTEM_HEALTH,33.682408571243286,10,0,0,112,2026-03-23 05:00:00
104,82,71076,30,[],CONNECTED,SYSTEM_HEALTH,85.50143504142761,8,0,0,112,2026-03-23 05:01:12
104,82,71240,30,[],CONNECTED,SYSTEM_HEALTH,49.88543128967285,8,0,0,112,2026-03-23 05:02:07
104,82,71240,30,[],CONNECTED,SYSTEM_HEALTH,24.351030349731445,8,0,0,112,2026-03-23 05:03:00
104,83,71387,32,[],CONNECTED,SYSTEM_HEALTH,20.18219518661499,5,0,0,112,2026-03-23 05:04:11
104,83,71535,32,[],CONNECTED,SYSTEM_HEALTH,19.242060899734497,4,0,0,112,2026-03-23 05:05:15
104,83,71682,32,[],CONNECTED,SYSTEM_HEALTH,17.18047285079956,4,0,0,112,2026-03-23 05:06:11
104,83,71833,32,[],CONNECTED,SYSTEM_HEALTH,31.745287895202637,4,0,0,112,2026-03-23 05:07:14
104,84,71833,32,[],CONNECTED,SYSTEM_HEALTH,29.09456443786621,3,0,0,112,2026-03-23 05:08:12
104,85,71979,32,[],CONNECTED,SYSTEM_HEALTH,18.30313467979431,3,0,0,112,2026-03-23 05:09:03
104,85,72126,32,[],CONNECTED,SYSTEM_HEALTH,17.25191068649292,3,0,0,112,2026-03-23 05:10:04
104,85,72451,32,[],CONNECTED,SYSTEM_HEALTH,17.25191068649292,5,0,4,112,2026-03-23 05:13:40
104,85,72629,32,[],CONNECTED,SYSTEM_HEALTH,217.68301606178284,5,0,0,112,2026-03-23 05:14:03
104,85,72782,32,[],CONNECTED,SYSTEM_HEALTH,217.68301606178284,5,0,0,112,2026-03-23 05:16:20
103,85,72961,32,[],CONNECTED,SYSTEM_HEALTH,155.04933047294617,3,0,2,112,2026-03-23 05:17:02
103,86,73104,32,[],CONNECTED,SYSTEM_HEALTH,26.56417679786682,3,0,0,112,2026-03-23 05:18:06
103,86,73104,32,[],CONNECTED,SYSTEM_HEALTH,20.550987720489502,3,0,0,112,2026-03-23 05:19:00
103,86,73246,33,[],CONNECTED,SYSTEM_HEALTH,21.692345142364502,2,0,0,112,2026-03-23 05:20:17
103,86,73389,33,[],CONNECTED,SYSTEM_HEALTH,23.238778829574585,2,0,0,112,2026-03-23 05:21:09
103,87,73535,33,[],CONNECTED,SYSTEM_HEALTH,18.995884656906128,2,0,0,112,2026-03-23 05:22:01
103,89,73535,33,[],CONNECTED,SYSTEM_HEALTH,18.671032190322876,2,0,0,112,2026-03-23 05:23:00
103,90,73674,33,[],CONNECTED,SYSTEM_HEALTH,19.77431583404541,2,0,0,112,2026-03-23 05:24:11
103,90,73817,33,[],CONNECTED,SYSTEM_HEALTH,23.556339263916016,2,0,0,112,2026-03-23 05:25:18
103,90,73961,33,[],CONNECTED,SYSTEM_HEALTH,47.06772446632385,3,0,5,112,2026-03-23 05:26:01
103,90,73961,33,[],CONNECTED,SYSTEM_HEALTH,56.615774154663086,5,0,0,112,2026-03-23 05:27:00
103,91,74105,33,[],CONNECTED,SYSTEM_HEALTH,35.203434228897095,5,0,0,112,2026-03-23 05:28:03
103,92,74243,33,[],CONNECTED,SYSTEM_HEALTH,31.353843927383423,5,0,0,112,2026-03-23 05:29:04
103,92,74391,33,[],CONNECTED,SYSTEM_HEALTH,34.00278902053833,6,0,6,112,2026-03-23 05:30:15
103,92,74527,33,[],CONNECTED,SYSTEM_HEALTH,34.00278902053833,9,0,6,112,2026-03-23 05:32:07
103,92,74877,33,[],CONNECTED,SYSTEM_HEALTH,34.00278902053833,9,0,6,112,2026-03-23 05:35:08
103,92,75055,34,[],CONNECTED,SYSTEM_HEALTH,34.00278902053833,8,0,6,112,2026-03-23 05:36:21
103,92,75229,34,[],CONNECTED,SYSTEM_HEALTH,396.43218994140625,8,0,0,112,2026-03-23 05:37:07
103,92,75229,34,[],CONNECTED,SYSTEM_HEALTH,396.43218994140625,8,0,0,112,2026-03-23 05:38:02
103,92,75560,34,[],CONNECTED,SYSTEM_HEALTH,396.43218994140625,8,0,0,112,2026-03-23 05:40:48
103,92,75739,35,[],CONNECTED,SYSTEM_HEALTH,396.43218994140625,7,0,0,112,2026-03-23 05:41:17
103,92,76075,35,[],CONNECTED,SYSTEM_HEALTH,284.35994815826416,7,0,0,112,2026-03-23 05:44:38
103,93,76075,35,[],CONNECTED,SYSTEM_HEALTH,195.81103658676147,7,0,0,112,2026-03-23 05:45:02
103,93,76419,36,[],CONNECTED,SYSTEM_HEALTH,195.81103658676147,6,0,0,112,2026-03-23 05:47:43
103,94,76593,36,[],CONNECTED,SYSTEM_HEALTH,181.34855341911316,6,0,4,112,2026-03-23 05:48:10
103,94,76746,36,[],CONNECTED,SYSTEM_HEALTH,181.34855341911316,7,0,4,112,2026-03-23 05:50:39
103,94,77101,36,[],CONNECTED,SYSTEM_HEALTH,181.34855341911316,7,0,4,112,2026-03-23 05:53:21
103,94,77278,36,[],CONNECTED,SYSTEM_HEALTH,181.34855341911316,7,0,4,112,2026-03-23 05:54:31
103,95,77629,36,[],CONNECTED,SYSTEM_HEALTH,402.28449273109436,3,0,0,112,2026-03-23 05:57:03
103,95,77968,36,[],CONNECTED,SYSTEM_HEALTH,147.09257888793945,4,0,1,112,2026-03-23 05:59:28
103,95,77968,36,[],CONNECTED,SYSTEM_HEALTH,146.43535494804382,4,0,0,112,2026-03-23 06:00:02
103,95,78122,36,[],CONNECTED,SYSTEM_HEALTH,22.079918384552002,4,0,0,112,2026-03-23 06:01:00
103,95,78122,36,[],CONNECTED,SYSTEM_HEALTH,22.797363758087158,4,0,0,112,2026-03-23 06:02:06
103,95,78270,36,[],CONNECTED,SYSTEM_HEALTH,22.500328302383423,4,0,0,112,2026-03-23 06:03:02
103,96,78417,36,[],CONNECTED,SYSTEM_HEALTH,28.061161756515503,4,0,0,112,2026-03-23 06:04:02
103,98,78560,36,[],CONNECTED,SYSTEM_HEALTH,22.61664867401123,5,0,16,112,2026-03-23 06:05:20
103,99,78697,36,[],CONNECTED,SYSTEM_HEALTH,22.61664867401123,12,0,16,112,2026-03-23 06:06:15
103,99,79047,36,[],CONNECTED,SYSTEM_HEALTH,22.61664867401123,12,0,16,112,2026-03-23 06:09:30
103,99,79047,36,[],CONNECTED,SYSTEM_HEALTH,287.48779702186584,13,0,6,112,2026-03-23 06:10:05
103,99,79394,36,[],CONNECTED,SYSTEM_HEALTH,287.48779702186584,15,0,6,112,2026-03-23 06:12:07
103,99,79571,36,[],CONNECTED,SYSTEM_HEALTH,287.48779702186584,15,0,6,112,2026-03-23 06:13:34
103,100,79571,36,[],CONNECTED,SYSTEM_HEALTH,225.58573365211487,10,0,0,112,2026-03-23 06:14:01
103,100,79736,37,[],CONNECTED,SYSTEM_HEALTH,20.810399293899536,9,0,2,112,2026-03-23 06:15:11
103,100,79887,38,[],CONNECTED,SYSTEM_HEALTH,20.810399293899536,9,0,2,112,2026-03-23 06:16:02
103,100,79887,40,[],CONNECTED,SYSTEM_HEALTH,123.49062991142273,7,0,2,112,2026-03-23 06:17:02
103,101,80060,40,[],CONNECTED,SYSTEM_HEALTH,26.24815797805786,6,0,0,112,2026-03-23 06:18:06
103,101,80206,40,[],CONNECTED,SYSTEM_HEALTH,29.684873819351196,6,0,0,112,2026-03-23 06:19:01
103,101,80348,40,[],CONNECTED,SYSTEM_HEALTH,43.43121314048767,5,0,0,112,2026-03-23 06:20:00
103,101,80670,40,[],CONNECTED,SYSTEM_HEALTH,43.43121314048767,6,0,1,112,2026-03-23 06:23:13
103,101,81014,40,[],CONNECTED,SYSTEM_HEALTH,195.515394449234,6,0,0,112,2026-03-23 06:25:56
103,101,81014,40,[],CONNECTED,SYSTEM_HEALTH,157.9091899394989,6,0,0,112,2026-03-23 06:26:03
103,101,81351,40,[],CONNECTED,SYSTEM_HEALTH,157.9091899394989,6,0,0,112,2026-03-23 06:29:40
103,101,81529,40,[],CONNECTED,SYSTEM_HEALTH,219.28151845932007,5,0,0,112,2026-03-23 06:30:03
103,101,81681,40,[],CONNECTED,SYSTEM_HEALTH,219.28151845932007,5,0,0,112,2026-03-23 06:32:21
103,101,82013,40,[],CONNECTED,SYSTEM_HEALTH,155.57275891304016,6,0,2,112,2026-03-23 06:34:50
103,101,82013,40,[],CONNECTED,SYSTEM_HEALTH,150.0564694404602,6,0,2,112,2026-03-23 06:35:03
103,101,82343,40,[],CONNECTED,SYSTEM_HEALTH,150.0564694404602,7,0,1,112,2026-03-23 06:37:02
103,101,82507,40,[],CONNECTED,SYSTEM_HEALTH,129.13932347297668,7,0,0,112,2026-03-23 06:38:58
103,101,82507,40,[],CONNECTED,SYSTEM_HEALTH,129.13932347297668,7,0,0,112,2026-03-23 06:39:01
103,101,82837,40,[],CONNECTED,SYSTEM_HEALTH,109.35410737991333,7,0,0,112,2026-03-23 06:40:52
103,101,82837,40,[],CONNECTED,SYSTEM_HEALTH,108.82654643058777,7,0,0,112,2026-03-23 06:41:05
103,101,82991,40,[],CONNECTED,SYSTEM_HEALTH,108.82654643058777,7,0,0,112,2026-03-23 06:42:10
103,101,82991,40,[],CONNECTED,SYSTEM_HEALTH,108.82654643058777,7,0,0,112,2026-03-23 06:43:24
103,101,83166,40,[],CONNECTED,SYSTEM_HEALTH,147.49265575408936,6,0,0,112,2026-03-23 06:44:01
103,102,83315,40,[],CONNECTED,SYSTEM_HEALTH,24.312644958496094,6,0,0,112,2026-03-23 06:45:00
103,103,83315,40,[],CONNECTED,SYSTEM_HEALTH,35.18866443634033,6,0,0,112,2026-03-23 06:46:14
103,103,83462,40,[],CONNECTED,SYSTEM_HEALTH,26.145800828933716,6,0,0,112,2026-03-23 06:47:01
103,104,83610,40,[],CONNECTED,SYSTEM_HEALTH,3.3645894527435303,6,0,0,112,2026-03-23 06:48:00
103,105,83753,40,[],CONNECTED,SYSTEM_HEALTH,34.76486420631409,6,0,0,112,2026-03-23 06:49:10
103,105,83753,40,[],CONNECTED,SYSTEM_HEALTH,34.223766565322876,6,0,0,112,2026-03-23 06:50:06
103,106,83898,40,[],CONNECTED,SYSTEM_HEALTH,34.223766565322876,7,0,1,112,2026-03-23 06:51:01
103,106,84044,41,[],CONNECTED,SYSTEM_HEALTH,34.223766565322876,6,0,1,112,2026-03-23 06:52:16
103,106,84214,41,[],CONNECTED,SYSTEM_HEALTH,31.853564262390137,5,0,0,112,2026-03-23 06:53:00
103,106,84214,42,[],CONNECTED,SYSTEM_HEALTH,22.25570297241211,4,0,0,112,2026-03-23 06:54:03
103,108,84356,42,[],CONNECTED,SYSTEM_HEALTH,20.25029945373535,4,0,0,112,2026-03-23 06:55:02
103,109,84495,42,[],CONNECTED,SYSTEM_HEALTH,20.238136291503906,4,0,0,112,2026-03-23 06:56:00
103,109,84639,42,[],CONNECTED,SYSTEM_HEALTH,20.93928050994873,4,0,0,112,2026-03-23 06:57:15
103,109,84639,42,[],CONNECTED,SYSTEM_HEALTH,24.30655789375305,4,0,0,112,2026-03-23 06:58:02
103,109,84781,42,[],CONNECTED,SYSTEM_HEALTH,21.39003086090088,4,0,0,112,2026-03-23 06:59:06
103,109,84921,42,[],CONNECTED,SYSTEM_HEALTH,30.658366918563843,4,0,0,112,2026-03-23 07:00:00
103,109,85235,43,[],CONNECTED,SYSTEM_HEALTH,25.44888138771057,4,0,1,112,2026-03-23 07:02:10
103,110,85387,44,[],CONNECTED,SYSTEM_HEALTH,119.85576462745667,3,0,1,112,2026-03-23 07:04:26
103,110,85563,44,[],CONNECTED,SYSTEM_HEALTH,131.0975844860077,4,0,1,112,2026-03-23 07:05:01
103,110,85714,45,[],CONNECTED,SYSTEM_HEALTH,131.0975844860077,3,0,1,112,2026-03-23 07:06:39
103,110,85714,45,[],CONNECTED,SYSTEM_HEALTH,128.14263463020325,2,0,0,112,2026-03-23 07:07:04
103,110,85871,45,[],CONNECTED,SYSTEM_HEALTH,20.74743914604187,2,0,0,112,2026-03-23 07:08:00
103,110,86018,45,[],CONNECTED,SYSTEM_HEALTH,19.823972463607788,2,0,0,112,2026-03-23 07:09:03
103,111,86018,45,[],CONNECTED,SYSTEM_HEALTH,28.141936540603638,2,0,0,112,2026-03-23 07:10:02
103,112,86160,45,[],CONNECTED,SYSTEM_HEALTH,20.568286180496216,2,0,0,112,2026-03-23 07:11:19
103,112,86303,45,[],CONNECTED,SYSTEM_HEALTH,20.968416690826416,2,0,0,112,2026-03-23 07:12:16
103,112,86443,45,[],CONNECTED,SYSTEM_HEALTH,22.91512942314148,2,0,0,112,2026-03-23 07:13:00
103,112,86443,45,[],CONNECTED,SYSTEM_HEALTH,20.80872392654419,1,0,0,112,2026-03-23 07:14:00
103,113,86730,45,[],CONNECTED,SYSTEM_HEALTH,21.867074489593506,1,0,0,112,2026-03-23 07:16:24
103,113,86882,45,[],CONNECTED,SYSTEM_HEALTH,89.68273615837097,1,0,0,112,2026-03-23 07:17:25
103,114,87023,45,[],RECOVERING,SYSTEM_HEALTH,26.11570906639099,1,0,0,112,2026-03-23 07:18:03
103,114,87164,45,[],CONNECTED,SYSTEM_HEALTH,23.17644739151001,1,0,0,112,2026-03-23 07:19:20
103,114,87164,45,[],CONNECTED,SYSTEM_HEALTH,22.51098108291626,1,0,0,112,2026-03-23 07:20:12
103,114,87304,45,[],CONNECTED,SYSTEM_HEALTH,22.689927101135254,1,0,0,112,2026-03-23 07:21:09
103,115,87444,45,[],CONNECTED,SYSTEM_HEALTH,22.13111424446106,1,0,0,112,2026-03-23 07:22:07
103,119,87444,45,[],CONNECTED,SYSTEM_HEALTH,20.627903699874878,1,0,0,112,2026-03-23 07:23:00
103,119,87577,45,[],CONNECTED,SYSTEM_HEALTH,22.10384249687195,1,0,0,112,2026-03-23 07:24:03
103,119,87716,45,[],CONNECTED,SYSTEM_HEALTH,24.35709023475647,2,0,2,112,2026-03-23 07:25:25
103,119,88203,45,[],CONNECTED,SYSTEM_HEALTH,24.35709023475647,3,0,2,112,2026-03-23 07:28:28
103,119,88380,45,[],CONNECTED,SYSTEM_HEALTH,24.35709023475647,3,0,2,112,2026-03-23 07:31:12
103,119,88882,45,[],CONNECTED,SYSTEM_HEALTH,375.04228043556213,2,0,0,112,2026-03-23 07:34:20
103,119,89237,45,[],CONNECTED,SYSTEM_HEALTH,375.04228043556213,2,0,0,112,2026-03-23 07:37:36
103,119,89587,45,[],CONNECTED,SYSTEM_HEALTH,379.27902269363403,1,0,0,112,2026-03-23 07:41:13
103,119,90088,45,[],CONNECTED,SYSTEM_HEALTH,211.87797045707703,1,0,0,112,2026-03-23 07:44:57
103,119,90088,45,[],CONNECTED,SYSTEM_HEALTH,219.0379021167755,1,0,0,112,2026-03-23 07:45:04
103,119,90425,45,[],CONNECTED,SYSTEM_HEALTH,219.0379021167755,1,0,0,112,2026-03-23 07:47:12
103,119,90581,45,[],CONNECTED,SYSTEM_HEALTH,129.72275519371033,1,0,0,112,2026-03-23 07:48:54
103,119,90581,45,[],CONNECTED,SYSTEM_HEALTH,97.11436080932617,1,0,0,112,2026-03-23 07:49:01
103,119,90750,45,[],CONNECTED,SYSTEM_HEALTH,97.11436080932617,1,0,0,112,2026-03-23 07:50:31
103,119,90920,45,[],CONNECTED,SYSTEM_HEALTH,92.0898084640503,2,0,1,112,2026-03-23 07:52:16
103,119,91227,45,[],CONNECTED,SYSTEM_HEALTH,106.41295123100281,2,0,0,112,2026-03-23 07:54:04
103,119,91382,45,[],CONNECTED,SYSTEM_HEALTH,100.16158485412598,2,0,0,112,2026-03-23 07:55:46
103,119,91382,45,[],CONNECTED,SYSTEM_HEALTH,98.55806303024292,3,0,14,112,2026-03-23 07:56:20
103,119,91901,45,[],CONNECTED,SYSTEM_HEALTH,98.55806303024292,12,0,14,112,2026-03-23 07:59:39
103,119,92079,45,[],CONNECTED,SYSTEM_HEALTH,98.55806303024292,12,0,14,112,2026-03-23 08:01:07
103,119,92436,45,[],CONNECTED,SYSTEM_HEALTH,98.55806303024292,12,0,14,112,2026-03-23 08:04:09
103,120,92601,45,[],CONNECTED,SYSTEM_HEALTH,511.041255235672,14,0,3,112,2026-03-23 08:06:20
103,120,92779,45,[],CONNECTED,SYSTEM_HEALTH,511.041255235672,14,0,3,112,2026-03-23 08:07:12
103,120,92952,45,[],CONNECTED,SYSTEM_HEALTH,511.041255235672,14,0,3,112,2026-03-23 08:08:09
103,120,93483,45,[],CONNECTED,SYSTEM_HEALTH,511.041255235672,14,0,3,112,2026-03-23 08:12:34
103,121,93483,45,[],CONNECTED,SYSTEM_HEALTH,511.041255235672,14,0,3,112,2026-03-23 08:13:12
103,121,93832,45,[],CONNECTED,SYSTEM_HEALTH,511.041255235672,14,0,3,112,2026-03-23 08:15:50
103,121,93832,45,[],CONNECTED,SYSTEM_HEALTH,511.041255235672,14,0,3,112,2026-03-23 08:16:10
103,121,94004,45,[],CONNECTED,SYSTEM_HEALTH,697.6677527427673,15,0,3,112,2026-03-23 08:17:53
103,121,94004,45,[],CONNECTED,SYSTEM_HEALTH,697.6677527427673,15,0,3,112,2026-03-23 08:18:00
103,121,94351,45,[],CONNECTED,SYSTEM_HEALTH,697.6677527427673,15,0,3,112,2026-03-23 08:20:50
103,121,94351,45,[],CONNECTED,SYSTEM_HEALTH,697.6677527427673,15,0,3,112,2026-03-23 08:21:06
103,121,94700,46,[],CONNECTED,SYSTEM_HEALTH,697.6677527427673,14,0,3,112,2026-03-23 08:23:35
103,121,94878,46,[],CONNECTED,SYSTEM_HEALTH,697.6677527427673,14,0,3,112,2026-03-23 08:24:57
103,121,94878,46,[],CONNECTED,SYSTEM_HEALTH,521.9582374095917,5,0,3,112,2026-03-23 08:25:04
103,121,95053,46,[],CONNECTED,SYSTEM_HEALTH,521.9582374095917,5,0,0,112,2026-03-23 08:26:34
103,121,95218,47,[],CONNECTED,SYSTEM_HEALTH,521.9582374095917,4,0,0,112,2026-03-23 08:27:08
103,122,95387,47,[],CONNECTED,SYSTEM_HEALTH,161.91713738441467,4,0,0,112,2026-03-23 08:29:20
103,122,95702,47,[],CONNECTED,SYSTEM_HEALTH,100.95506358146667,4,0,0,112,2026-03-23 08:31:11
103,122,95883,48,[],CONNECTED,SYSTEM_HEALTH,100.95506358146667,3,0,0,112,2026-03-23 08:32:56
103,122,95883,48,[],CONNECTED,SYSTEM_HEALTH,201.38362622261047,2,0,0,112,2026-03-23 08:33:03
103,122,96044,48,[],CONNECTED,SYSTEM_HEALTH,18.64968514442444,2,0,0,112,2026-03-23 08:34:04
103,122,96044,48,[],CONNECTED,SYSTEM_HEALTH,19.873504877090454,2,0,0,112,2026-03-23 08:35:02
103,122,96191,48,[],CONNECTED,SYSTEM_HEALTH,50.74280881881714,3,0,0,112,2026-03-23 08:36:16
103,122,96332,48,[],CONNECTED,SYSTEM_HEALTH,28.933436393737793,3,0,0,112,2026-03-23 08:37:17
103,122,96473,48,[],CONNECTED,SYSTEM_HEALTH,28.93400478363037,3,0,0,112,2026-03-23 08:38:00
103,124,96615,48,[],CONNECTED,SYSTEM_HEALTH,20.129286766052246,3,0,0,112,2026-03-23 08:39:11
103,125,96615,48,[],CONNECTED,SYSTEM_HEALTH,21.930177688598633,2,0,0,112,2026-03-23 08:40:08
103,125,96761,48,[],CONNECTED,SYSTEM_HEALTH,22.99143099784851,2,0,0,112,2026-03-23 08:41:02
103,126,96904,48,[],RECOVERING,SYSTEM_HEALTH,25.42449426651001,2,0,0,112,2026-03-23 08:42:05
103,127,97045,48,[],CONNECTED,SYSTEM_HEALTH,19.019569635391235,2,0,0,112,2026-03-23 08:43:13
103,127,97045,48,[],CONNECTED,SYSTEM_HEALTH,19.78252148628235,2,0,0,112,2026-03-23 08:44:04
103,128,97189,48,[],CONNECTED,SYSTEM_HEALTH,19.366384744644165,2,0,0,112,2026-03-23 08:45:04
103,129,97335,48,[],CONNECTED,SYSTEM_HEALTH,56.57413125038147,3,0,2,112,2026-03-23 08:46:06
103,129,97493,48,[],CONNECTED,SYSTEM_HEALTH,20.195800304412842,3,0,0,112,2026-03-23 08:47:10
103,129,97493,48,[],CONNECTED,SYSTEM_HEALTH,21.616618871688843,3,0,0,112,2026-03-23 08:48:01
103,129,97639,48,[],CONNECTED,SYSTEM_HEALTH,21.772714138031006,3,0,0,112,2026-03-23 08:49:04
103,129,97786,48,[],CONNECTED,SYSTEM_HEALTH,20.482396364212036,4,0,2,112,2026-03-23 08:50:16
103,130,97938,48,[],CONNECTED,SYSTEM_HEALTH,17.798121690750122,4,0,0,112,2026-03-23 08:51:07
103,132,97938,48,[],CONNECTED,SYSTEM_HEALTH,22.935359954833984,4,0,0,112,2026-03-23 08:52:01
103,133,98087,48,[],CONNECTED,SYSTEM_HEALTH,20.981971263885498,4,0,0,112,2026-03-23 08:53:03
103,133,98231,48,[],CONNECTED,SYSTEM_HEALTH,25.78393030166626,4,0,0,112,2026-03-23 08:54:03
103,133,98379,48,[],CONNECTED,SYSTEM_HEALTH,25.550425052642822,4,0,0,112,2026-03-23 08:55:05
103,133,98379,48,[],CONNECTED,SYSTEM_HEALTH,52.76505160331726,4,0,0,112,2026-03-23 08:56:03
103,133,98524,48,[],CONNECTED,SYSTEM_HEALTH,23.943641662597656,3,0,0,112,2026-03-23 08:57:00
103,134,98670,48,[],CONNECTED,SYSTEM_HEALTH,22.805882215499878,3,0,0,112,2026-03-23 08:58:16
103,134,98815,48,[],CONNECTED,SYSTEM_HEALTH,22.609580755233765,3,0,0,112,2026-03-23 08:59:05
103,135,98815,48,[],CONNECTED,SYSTEM_HEALTH,21.125446557998657,3,0,0,112,2026-03-23 09:00:00
103,135,98960,48,[],CONNECTED,SYSTEM_HEALTH,38.83312392234802,3,0,0,112,2026-03-23 09:01:03
103,136,99110,48,[],CONNECTED,SYSTEM_HEALTH,24.05967879295349,3,0,0,112,2026-03-23 09:02:06
103,138,99252,48,[],CONNECTED,SYSTEM_HEALTH,17.5432767868042,3,0,0,112,2026-03-23 09:03:12
103,138,99252,48,[],CONNECTED,SYSTEM_HEALTH,21.130111694335938,3,0,0,112,2026-03-23 09:04:05
103,139,99396,48,[],CONNECTED,SYSTEM_HEALTH,25.547240257263184,3,0,0,112,2026-03-23 09:05:00
102,139,99539,48,[],CONNECTED,SYSTEM_HEALTH,23.81944704055786,9,0,9,112,2026-03-23 09:06:00
102,139,99859,48,[],CONNECTED,SYSTEM_HEALTH,23.81944704055786,9,0,9,112,2026-03-23 09:09:23
102,139,100035,48,[],CONNECTED,SYSTEM_HEALTH,258.7295093536377,9,0,0,112,2026-03-23 09:10:01
102,139,100188,48,[],CONNECTED,SYSTEM_HEALTH,258.7295093536377,9,0,0,112,2026-03-23 09:12:23
102,139,100366,48,[],CONNECTED,SYSTEM_HEALTH,173.40939331054688,12,0,3,112,2026-03-23 09:13:03
102,140,100511,48,[],CONNECTED,SYSTEM_HEALTH,77.886727809906,12,0,0,112,2026-03-23 09:14:13
102,140,100837,48,[],CONNECTED,SYSTEM_HEALTH,77.886727809906,12,0,0,112,2026-03-23 09:17:21
102,140,101013,48,[],CONNECTED,SYSTEM_HEALTH,77.886727809906,12,0,0,112,2026-03-23 09:18:15
102,140,101013,48,[],CONNECTED,SYSTEM_HEALTH,262.53758001327515,12,0,2,112,2026-03-23 09:19:13
102,140,101168,48,[],CONNECTED,SYSTEM_HEALTH,262.53758001327515,12,0,2,112,2026-03-23 09:20:03
102,140,101516,48,[],CONNECTED,SYSTEM_HEALTH,262.53758001327515,12,0,2,112,2026-03-23 09:22:19
102,140,101516,48,[],CONNECTED,SYSTEM_HEALTH,262.53758001327515,12,0,2,112,2026-03-23 09:23:11
102,140,101688,48,[],CONNECTED,SYSTEM_HEALTH,299.3261423110962,11,0,0,112,2026-03-23 09:24:01
102,140,102017,48,[],CONNECTED,SYSTEM_HEALTH,299.3261423110962,11,0,0,112,2026-03-23 09:26:50
102,140,102017,49,[],CONNECTED,SYSTEM_HEALTH,299.3261423110962,10,0,0,112,2026-03-23 09:27:22
102,140,102190,50,[],CONNECTED,SYSTEM_HEALTH,299.3261423110962,9,0,0,112,2026-03-23 09:28:01
102,140,102190,50,[],CONNECTED,SYSTEM_HEALTH,279.0992228984833,10,0,1,112,2026-03-23 09:29:03
102,140,102511,50,[],CONNECTED,SYSTEM_HEALTH,279.0992228984833,10,0,1,112,2026-03-23 09:30:44
102,140,102511,50,[],CONNECTED,SYSTEM_HEALTH,164.49514055252075,10,0,1,112,2026-03-23 09:31:04
102,140,102670,50,[],CONNECTED,SYSTEM_HEALTH,164.49514055252075,10,0,0,112,2026-03-23 09:32:07
102,140,102670,50,[],CONNECTED,SYSTEM_HEALTH,164.49514055252075,10,0,0,112,2026-03-23 09:33:24
102,140,102844,50,[],CONNECTED,SYSTEM_HEALTH,153.84196996688843,10,0,0,112,2026-03-23 09:34:02
102,140,102998,50,[],CONNECTED,SYSTEM_HEALTH,153.84196996688843,10,0,0,112,2026-03-23 09:35:35
102,140,102998,50,[],CONNECTED,SYSTEM_HEALTH,153.84196996688843,10,0,0,112,2026-03-23 09:36:11
102,141,103346,50,['market_data'],DEGRADED,SYSTEM_HEALTH,150.39976620674133,9,0,0,112,2026-03-23 09:38:11
102,141,103522,50,['market_data'],DEGRADED,SYSTEM_HEALTH,150.39976620674133,9,0,0,112,2026-03-23 09:39:32
102,141,103522,50,[],CONNECTED,SYSTEM_HEALTH,206.05193328857422,10,0,4,112,2026-03-23 09:40:05
102,141,103859,50,[],CONNECTED,SYSTEM_HEALTH,206.05193328857422,12,0,4,112,2026-03-23 09:42:04
102,141,103859,50,[],CONNECTED,SYSTEM_HEALTH,206.05193328857422,12,0,4,112,2026-03-23 09:43:27
102,142,104032,50,[],CONNECTED,SYSTEM_HEALTH,206.05193328857422,12,0,4,112,2026-03-23 09:44:01
102,142,104384,50,[],CONNECTED,SYSTEM_HEALTH,206.05193328857422,12,0,4,112,2026-03-23 09:46:52
102,142,104384,50,[],CONNECTED,SYSTEM_HEALTH,432.1797471046448,12,0,4,112,2026-03-23 09:47:06
102,142,104550,50,[],CONNECTED,SYSTEM_HEALTH,432.1797471046448,12,0,0,112,2026-03-23 09:48:47
102,142,104727,50,[],CONNECTED,SYSTEM_HEALTH,432.1797471046448,12,0,0,112,2026-03-23 09:50:09
102,142,104902,50,[],CONNECTED,SYSTEM_HEALTH,432.1797471046448,12,0,0,112,2026-03-23 09:51:16
102,142,105253,50,[],CONNECTED,SYSTEM_HEALTH,432.1797471046448,12,0,0,112,2026-03-23 09:53:49
102,142,105253,50,[],CONNECTED,SYSTEM_HEALTH,432.1797471046448,12,0,0,112,2026-03-23 09:54:09
102,143,105414,50,[],CONNECTED,SYSTEM_HEALTH,425.156409740448,12,0,0,112,2026-03-23 09:56:00
102,143,105592,50,[],CONNECTED,SYSTEM_HEALTH,425.156409740448,12,0,0,112,2026-03-23 09:57:34
102,143,105945,50,[],CONNECTED,SYSTEM_HEALTH,425.156409740448,12,0,0,112,2026-03-23 10:00:09
102,144,106115,50,[],CONNECTED,SYSTEM_HEALTH,357.62707710266113,11,0,0,112,2026-03-23 10:02:01
102,144,106293,50,[],CONNECTED,SYSTEM_HEALTH,357.62707710266113,11,0,0,112,2026-03-23 10:03:31
102,144,106293,50,[],CONNECTED,SYSTEM_HEALTH,198.264244556427,11,0,0,112,2026-03-23 10:04:00
102,144,106624,50,[],CONNECTED,SYSTEM_HEALTH,198.264244556427,11,0,0,112,2026-03-23 10:06:16
102,144,106801,50,[],CONNECTED,SYSTEM_HEALTH,198.264244556427,11,0,0,112,2026-03-23 10:08:16
102,144,106973,50,[],CONNECTED,SYSTEM_HEALTH,279.8201014995575,14,0,20,112,2026-03-23 10:09:02
102,144,107291,51,[],CONNECTED,SYSTEM_HEALTH,279.8201014995575,16,0,20,112,2026-03-23 10:11:19
102,144,107467,51,[],CONNECTED,SYSTEM_HEALTH,279.8201014995575,16,0,20,112,2026-03-23 10:12:40
102,144,107640,51,[],CONNECTED,SYSTEM_HEALTH,279.8201014995575,16,0,20,112,2026-03-23 10:14:08
102,146,107986,51,[],CONNECTED,SYSTEM_HEALTH,279.8201014995575,16,0,20,112,2026-03-23 10:17:03
102,148,107986,51,[],CONNECTED,SYSTEM_HEALTH,537.6077237129211,15,0,0,112,2026-03-23 10:18:04
102,148,108147,51,[],CONNECTED,SYSTEM_HEALTH,537.6077237129211,15,0,0,112,2026-03-23 10:19:37
102,148,108325,51,[],CONNECTED,SYSTEM_HEALTH,537.6077237129211,15,0,0,112,2026-03-23 10:21:00
102,148,108848,51,[],CONNECTED,SYSTEM_HEALTH,537.6077237129211,15,0,0,112,2026-03-23 10:24:22
102,148,109201,51,[],CONNECTED,SYSTEM_HEALTH,537.6077237129211,15,0,0,112,2026-03-23 10:27:47
102,148,109201,51,[],CONNECTED,SYSTEM_HEALTH,537.6077237129211,15,0,0,112,2026-03-23 10:28:03
102,148,109370,51,[],CONNECTED,SYSTEM_HEALTH,635.878913640976,16,0,6,112,2026-03-23 10:29:10
102,148,109543,51,[],CONNECTED,SYSTEM_HEALTH,635.878913640976,16,0,6,112,2026-03-23 10:30:43
102,148,109720,51,[],CONNECTED,SYSTEM_HEALTH,635.878913640976,16,0,6,112,2026-03-23 10:32:06
102,148,109897,51,[],CONNECTED,SYSTEM_HEALTH,635.878913640976,16,0,6,112,2026-03-23 10:34:00
102,148,110074,51,[],CONNECTED,SYSTEM_HEALTH,635.878913640976,16,0,6,112,2026-03-23 10:35:57
102,148,110074,51,[],CONNECTED,SYSTEM_HEALTH,635.878913640976,16,0,6,112,2026-03-23 10:36:01
102,148,110251,51,[],CONNECTED,SYSTEM_HEALTH,478.7578058242798,16,0,0,112,2026-03-23 10:37:06
102,148,110412,51,[],CONNECTED,SYSTEM_HEALTH,478.7578058242798,16,0,0,112,2026-03-23 10:38:20
102,148,110589,51,[],CONNECTED,SYSTEM_HEALTH,478.7578058242798,16,0,0,112,2026-03-23 10:39:58
102,148,110589,52,[],CONNECTED,SYSTEM_HEALTH,478.7578058242798,15,0,0,112,2026-03-23 10:40:35
102,148,110765,52,[],CONNECTED,SYSTEM_HEALTH,478.7578058242798,15,0,0,112,2026-03-23 10:41:05
102,148,110939,53,[],CONNECTED,SYSTEM_HEALTH,478.7578058242798,14,0,0,112,2026-03-23 10:42:55
102,148,111115,54,[],CONNECTED,SYSTEM_HEALTH,478.7578058242798,13,0,0,112,2026-03-23 10:44:12
102,148,111291,56,[],CONNECTED,SYSTEM_HEALTH,478.7578058242798,11,0,0,112,2026-03-23 10:45:19
102,149,111291,57,['market_data'],DEGRADED,SYSTEM_HEALTH,547.0366792678833,4,0,0,112,2026-03-23 10:46:03
102,149,111465,58,[],CONNECTED,SYSTEM_HEALTH,75.96604466438293,3,0,0,112,2026-03-23 10:47:05
102,149,111465,59,[],CONNECTED,SYSTEM_HEALTH,20.520456075668335,2,0,0,112,2026-03-23 10:48:01
102,150,111614,59,[],CONNECTED,SYSTEM_HEALTH,18.73411202430725,2,0,0,112,2026-03-23 10:49:03
102,151,111756,59,[],CONNECTED,SYSTEM_HEALTH,24.8534095287323,2,0,0,112,2026-03-23 10:50:13
102,152,111897,59,[],CONNECTED,SYSTEM_HEALTH,23.169323205947876,2,0,0,112,2026-03-23 10:51:03
102,155,112043,59,[],CONNECTED,SYSTEM_HEALTH,20.077869653701782,2,0,0,112,2026-03-23 10:52:10
102,156,112043,59,[],CONNECTED,SYSTEM_HEALTH,19.04820704460144,2,0,0,112,2026-03-23 10:53:00
102,157,112191,59,[],CONNECTED,SYSTEM_HEALTH,18.129385948181152,2,0,0,112,2026-03-23 10:54:01
102,157,112338,59,[],CONNECTED,SYSTEM_HEALTH,24.57554817199707,2,0,0,112,2026-03-23 10:55:11
102,157,112338,59,[],CONNECTED,SYSTEM_HEALTH,25.410887479782104,2,0,0,112,2026-03-23 10:56:03
102,158,112486,59,[],CONNECTED,SYSTEM_HEALTH,19.048071146011353,2,0,0,112,2026-03-23 10:57:09
102,159,112632,59,[],CONNECTED,SYSTEM_HEALTH,19.83352565765381,2,0,0,112,2026-03-23 10:58:00
102,159,112778,59,[],CONNECTED,SYSTEM_HEALTH,19.235434532165527,2,0,0,112,2026-03-23 10:59:17
102,159,112920,59,[],CONNECTED,SYSTEM_HEALTH,22.936367511749268,3,0,1,112,2026-03-23 11:00:15
102,159,112920,60,[],CONNECTED,SYSTEM_HEALTH,49.20746994018555,2,0,0,112,2026-03-23 11:01:07
102,160,113062,60,[],CONNECTED,SYSTEM_HEALTH,21.980283737182617,2,0,0,112,2026-03-23 11:02:05
102,162,113205,60,[],CONNECTED,SYSTEM_HEALTH,22.329325437545776,2,0,0,112,2026-03-23 11:03:13
102,162,113205,60,[],CONNECTED,SYSTEM_HEALTH,20.20705533027649,2,0,0,112,2026-03-23 11:04:08
102,162,113351,60,[],CONNECTED,SYSTEM_HEALTH,22.158490419387817,2,0,0,112,2026-03-23 11:05:01
102,164,113497,60,[],CONNECTED,SYSTEM_HEALTH,2.4672443866729736,2,0,0,112,2026-03-23 11:06:14
102,164,113647,60,[],CONNECTED,SYSTEM_HEALTH,25.20724654197693,2,0,0,112,2026-03-23 11:07:08
102,164,113647,60,[],CONNECTED,SYSTEM_HEALTH,18.36356830596924,2,0,0,112,2026-03-23 11:08:01
102,164,113798,60,[],CONNECTED,SYSTEM_HEALTH,19.10446071624756,2,0,0,112,2026-03-23 11:09:15
102,164,113943,60,[],CONNECTED,SYSTEM_HEALTH,17.65700936317444,1,0,0,112,2026-03-23 11:10:04
102,164,114094,60,[],CONNECTED,SYSTEM_HEALTH,18.1267671585083,1,0,0,112,2026-03-23 11:11:13
102,164,114094,60,[],CONNECTED,SYSTEM_HEALTH,23.15053391456604,1,0,0,112,2026-03-23 11:12:07
102,164,114239,60,[],CONNECTED,SYSTEM_HEALTH,22.771339416503906,1,0,0,112,2026-03-23 11:13:06
102,164,114384,60,[],CONNECTED,SYSTEM_HEALTH,19.096269369125366,1,0,0,112,2026-03-23 11:14:16
102,166,114384,60,[],CONNECTED,SYSTEM_HEALTH,18.7702693939209,1,0,0,112,2026-03-23 11:15:04
102,166,114526,60,[],CONNECTED,SYSTEM_HEALTH,20.122333526611328,1,0,0,112,2026-03-23 11:16:05
102,166,114670,60,[],CONNECTED,SYSTEM_HEALTH,25.221452474594116,1,0,0,112,2026-03-23 11:17:01
102,166,114808,60,[],CONNECTED,SYSTEM_HEALTH,20.673417806625366,1,0,0,112,2026-03-23 11:18:13
102,166,114808,60,[],CONNECTED,SYSTEM_HEALTH,20.52866554260254,1,0,0,112,2026-03-23 11:19:04
102,166,114952,60,[],CONNECTED,SYSTEM_HEALTH,19.977966785430908,1,0,0,112,2026-03-23 11:20:05
102,166,115095,60,[],CONNECTED,SYSTEM_HEALTH,21.504874229431152,1,0,0,112,2026-03-23 11:21:15
102,166,115242,60,[],CONNECTED,SYSTEM_HEALTH,18.929528951644897,1,0,0,112,2026-03-23 11:22:06
102,167,115242,60,[],CONNECTED,SYSTEM_HEALTH,19.13163113594055,1,0,0,112,2026-03-23 11:23:02
102,167,115384,60,[],CONNECTED,SYSTEM_HEALTH,19.94954800605774,1,0,0,112,2026-03-23 11:24:12
102,169,115526,60,[],CONNECTED,SYSTEM_HEALTH,21.378827571868896,1,0,0,112,2026-03-23 11:25:02
102,169,115672,60,[],CONNECTED,SYSTEM_HEALTH,20.24579882621765,1,0,0,112,2026-03-23 11:26:16
102,169,115672,60,[],CONNECTED,SYSTEM_HEALTH,19.052067518234253,1,0,0,112,2026-03-23 11:27:06
102,169,115818,60,[],CONNECTED,SYSTEM_HEALTH,18.205418586730957,1,0,0,112,2026-03-23 11:28:00
102,171,115967,60,[],CONNECTED,SYSTEM_HEALTH,17.120322227478027,1,0,0,112,2026-03-23 11:29:04
102,174,116111,60,[],CONNECTED,SYSTEM_HEALTH,18.364415884017944,2,0,1,112,2026-03-23 11:30:19
102,174,116111,60,[],CONNECTED,SYSTEM_HEALTH,24.88161540031433,2,0,0,112,2026-03-23 11:31:16
102,174,116260,60,[],CONNECTED,SYSTEM_HEALTH,21.523210525512695,2,0,0,112,2026-03-23 11:32:09
102,176,116401,60,[],CONNECTED,SYSTEM_HEALTH,19.78688383102417,2,0,0,112,2026-03-23 11:33:05
102,177,116550,60,[],CONNECTED,SYSTEM_HEALTH,11.128212451934814,2,0,1,112,2026-03-23 11:34:03
102,179,116550,60,[],CONNECTED,SYSTEM_HEALTH,19.43291473388672,2,0,0,112,2026-03-23 11:35:04
102,179,116691,60,[],CONNECTED,SYSTEM_HEALTH,22.5054931640625,2,0,0,112,2026-03-23 11:36:05
102,179,116842,60,[],CONNECTED,SYSTEM_HEALTH,17.783858060836792,2,0,0,112,2026-03-23 11:37:11
102,179,116985,60,[],CONNECTED,SYSTEM_HEALTH,17.357149600982666,2,0,0,112,2026-03-23 11:38:06
102,179,116985,60,[],CONNECTED,SYSTEM_HEALTH,22.34078550338745,2,0,0,112,2026-03-23 11:39:00
102,179,117136,60,[],CONNECTED,SYSTEM_HEALTH,21.69927144050598,2,0,0,112,2026-03-23 11:40:19
102,179,117278,60,[],CONNECTED,SYSTEM_HEALTH,21.69927144050598,2,0,0,112,2026-03-23 11:41:32
102,180,117278,60,['market_data'],DEGRADED,SYSTEM_HEALTH,104.08521819114685,2,0,0,112,2026-03-23 11:42:01
102,181,117456,60,[],CONNECTED,SYSTEM_HEALTH,22.10331130027771,2,0,0,112,2026-03-23 11:43:04
102,182,117601,60,[],CONNECTED,SYSTEM_HEALTH,15.526057481765747,2,0,0,112,2026-03-23 11:44:06
102,182,117751,60,[],CONNECTED,SYSTEM_HEALTH,16.594598054885864,2,0,0,112,2026-03-23 11:45:01
102,182,117751,60,[],CONNECTED,SYSTEM_HEALTH,29.939640998840332,2,0,0,112,2026-03-23 11:46:12
102,182,117898,60,[],CONNECTED,SYSTEM_HEALTH,16.121889352798462,2,0,0,112,2026-03-23 11:47:07
102,183,118046,60,[],CONNECTED,SYSTEM_HEALTH,5.3004467487335205,2,0,0,112,2026-03-23 11:48:05
102,183,118189,60,[],CONNECTED,SYSTEM_HEALTH,6.945859909057617,2,0,0,112,2026-03-23 11:49:01
102,183,118334,60,[],CONNECTED,SYSTEM_HEALTH,13.389601469039917,2,0,0,112,2026-03-23 11:50:05
102,183,118481,60,[],CONNECTED,SYSTEM_HEALTH,23.317693948745728,2,0,0,112,2026-03-23 11:51:00
102,184,118624,60,[],CONNECTED,SYSTEM_HEALTH,15.24601149559021,2,0,0,112,2026-03-23 11:52:07
102,185,118624,60,[],CONNECTED,SYSTEM_HEALTH,1.8604233264923096,2,0,0,112,2026-03-23 11:53:01
102,185,118769,60,[],CONNECTED,SYSTEM_HEALTH,17.44190502166748,2,0,0,112,2026-03-23 11:54:13
102,186,118916,60,[],CONNECTED,SYSTEM_HEALTH,20.266921997070312,2,0,0,112,2026-03-23 11:55:00
102,186,119064,60,[],CONNECTED,SYSTEM_HEALTH,16.8629150390625,2,0,0,112,2026-03-23 11:57:07
102,186,119241,60,[],CONNECTED,SYSTEM_HEALTH,28.71221399307251,2,0,0,112,2026-03-23 11:58:02
102,186,119391,60,[],CONNECTED,SYSTEM_HEALTH,20.845667123794556,2,0,0,112,2026-03-23 11:59:12
102,188,119391,60,[],CONNECTED,SYSTEM_HEALTH,16.434558153152466,2,0,0,112,2026-03-23 12:00:02
102,189,119541,60,[],CONNECTED,SYSTEM_HEALTH,32.4101939201355,2,0,0,112,2026-03-23 12:01:04
102,189,119683,60,[],CONNECTED,SYSTEM_HEALTH,20.17212986946106,2,0,0,112,2026-03-23 12:02:02
102,189,119829,60,[],CONNECTED,SYSTEM_HEALTH,16.929001569747925,2,0,0,112,2026-03-23 12:03:13
102,190,119973,60,[],CONNECTED,SYSTEM_HEALTH,24.859492778778076,2,0,0,112,2026-03-23 12:04:08
102,190,119973,60,[],CONNECTED,SYSTEM_HEALTH,19.868034839630127,2,0,0,112,2026-03-23 12:05:01
102,190,120118,60,[],CONNECTED,SYSTEM_HEALTH,19.868034839630127,2,0,0,112,2026-03-23 12:06:33
102,190,120294,60,[],CONNECTED,SYSTEM_HEALTH,114.57522416114807,4,0,4,112,2026-03-23 12:07:02
102,190,120450,61,[],CONNECTED,SYSTEM_HEALTH,114.57522416114807,3,0,4,112,2026-03-23 12:08:45
102,190,120450,61,[],CONNECTED,SYSTEM_HEALTH,127.295978307724,4,0,2,112,2026-03-23 12:09:07
102,190,120790,61,[],CONNECTED,SYSTEM_HEALTH,127.295978307724,4,0,2,112,2026-03-23 12:11:35
102,190,120790,61,[],CONNECTED,SYSTEM_HEALTH,164.69127130508423,5,0,2,112,2026-03-23 12:12:03
102,191,121122,61,[],CONNECTED,SYSTEM_HEALTH,164.69127130508423,5,0,2,112,2026-03-23 12:14:58
102,191,121122,61,[],CONNECTED,SYSTEM_HEALTH,164.69127130508423,5,0,2,112,2026-03-23 12:15:05
102,191,121635,61,[],CONNECTED,SYSTEM_HEALTH,205.1500928401947,5,0,0,112,2026-03-23 12:19:13
102,191,121809,61,[],CONNECTED,SYSTEM_HEALTH,246.508695602417,5,0,0,112,2026-03-23 12:20:40
102,191,121809,61,[],CONNECTED,SYSTEM_HEALTH,246.508695602417,5,0,0,112,2026-03-23 12:21:04
102,191,121984,61,[],CONNECTED,SYSTEM_HEALTH,44.664294958114624,5,0,0,112,2026-03-23 12:22:01
102,191,122138,62,[],CONNECTED,SYSTEM_HEALTH,29.022552967071533,4,0,0,112,2026-03-23 12:23:02
102,191,122138,62,[],CONNECTED,SYSTEM_HEALTH,18.472784757614136,4,0,0,112,2026-03-23 12:24:06
102,192,122286,63,[],CONNECTED,SYSTEM_HEALTH,61.882871866226196,3,0,2,112,2026-03-23 12:25:13
102,192,122618,63,[],CONNECTED,SYSTEM_HEALTH,61.882871866226196,3,0,2,112,2026-03-23 12:28:20
102,193,122944,63,[],CONNECTED,SYSTEM_HEALTH,205.62827324867249,3,0,0,112,2026-03-23 12:30:36
102,193,123117,63,[],CONNECTED,SYSTEM_HEALTH,131.0394058227539,3,0,0,112,2026-03-23 12:31:12
102,193,123440,63,[],CONNECTED,SYSTEM_HEALTH,131.0394058227539,3,0,0,112,2026-03-23 12:34:00
102,193,123781,63,[],CONNECTED,SYSTEM_HEALTH,199.45540976524353,3,0,0,112,2026-03-23 12:36:35
102,193,123781,63,[],CONNECTED,SYSTEM_HEALTH,149.64771437644958,4,0,21,112,2026-03-23 12:37:00
102,193,123947,64,[],CONNECTED,SYSTEM_HEALTH,149.64771437644958,16,0,21,112,2026-03-23 12:38:14
102,193,124277,64,[],CONNECTED,SYSTEM_HEALTH,149.64771437644958,16,0,21,112,2026-03-23 12:40:44
102,194,124449,64,[],CONNECTED,SYSTEM_HEALTH,149.64771437644958,16,0,21,112,2026-03-23 12:41:03
102,194,124449,64,[],CONNECTED,SYSTEM_HEALTH,299.7858159542084,14,0,2,112,2026-03-23 12:42:12
102,194,124614,65,[],CONNECTED,SYSTEM_HEALTH,299.7858159542084,13,0,2,112,2026-03-23 12:43:05
102,194,124784,68,[],CONNECTED,SYSTEM_HEALTH,299.7858159542084,10,0,2,112,2026-03-23 12:44:10
102,194,124784,68,[],CONNECTED,SYSTEM_HEALTH,153.65204429626465,10,0,1,112,2026-03-23 12:45:01
102,194,125119,68,[],CONNECTED,SYSTEM_HEALTH,153.65204429626465,10,0,1,112,2026-03-23 12:47:57
102,194,125119,68,[],CONNECTED,SYSTEM_HEALTH,213.16437435150146,4,0,1,112,2026-03-23 12:48:04
102,196,125296,68,[],CONNECTED,SYSTEM_HEALTH,17.797831773757935,4,0,0,112,2026-03-23 12:49:11
102,196,125448,68,[],CONNECTED,SYSTEM_HEALTH,27.874765396118164,4,0,0,112,2026-03-23 12:50:07
102,197,125448,68,[],CONNECTED,SYSTEM_HEALTH,18.255837202072144,4,0,0,112,2026-03-23 12:51:01
102,197,125595,68,[],CONNECTED,SYSTEM_HEALTH,16.325089693069458,4,0,0,112,2026-03-23 12:52:16
102,198,125742,68,[],CONNECTED,SYSTEM_HEALTH,17.693203926086426,4,0,0,112,2026-03-23 12:53:10
102,200,125891,68,[],CONNECTED,SYSTEM_HEALTH,30.017646074295044,4,0,0,112,2026-03-23 12:54:07
102,201,125891,68,[],CONNECTED,SYSTEM_HEALTH,17.501888036727905,4,0,0,112,2026-03-23 12:55:00
102,201,126038,68,[],CONNECTED,SYSTEM_HEALTH,17.501888036727905,4,0,0,112,2026-03-23 12:56:17
102,201,126203,69,[],CONNECTED,SYSTEM_HEALTH,99.62452125549316,3,0,0,112,2026-03-23 12:57:20
102,202,126354,69,[],CONNECTED,SYSTEM_HEALTH,7.8079259395599365,1,0,0,112,2026-03-23 12:58:08
102,202,126504,69,[],CONNECTED,SYSTEM_HEALTH,5.753233909606934,1,0,0,112,2026-03-23 12:59:04
102,202,126504,69,[],CONNECTED,SYSTEM_HEALTH,4.1296305656433105,1,0,0,112,2026-03-23 13:00:02
102,202,126801,69,[],CONNECTED,SYSTEM_HEALTH,4.1296305656433105,2,0,1,112,2026-03-23 13:02:01
102,203,127141,69,[],CONNECTED,SYSTEM_HEALTH,121.6777720451355,2,0,0,112,2026-03-23 13:04:34
102,203,127487,69,[],CONNECTED,SYSTEM_HEALTH,147.2785246372223,1,0,0,112,2026-03-23 13:07:06
102,203,127820,69,[],CONNECTED,SYSTEM_HEALTH,146.85556387901306,4,0,3,112,2026-03-23 13:11:03
102,203,128170,69,[],CONNECTED,SYSTEM_HEALTH,146.85556387901306,4,0,3,112,2026-03-23 13:12:54
102,203,128170,69,[],CONNECTED,SYSTEM_HEALTH,146.85556387901306,4,0,3,112,2026-03-23 13:13:00
102,203,128325,69,[],CONNECTED,SYSTEM_HEALTH,349.80970549583435,4,0,0,112,2026-03-23 13:15:34
102,203,128504,69,[],CONNECTED,SYSTEM_HEALTH,349.80970549583435,4,0,0,112,2026-03-23 13:16:10
102,203,128674,69,[],CONNECTED,SYSTEM_HEALTH,202.00335383415222,4,0,0,112,2026-03-23 13:18:06
102,203,128853,69,[],CONNECTED,SYSTEM_HEALTH,105.07662558555603,4,0,0,112,2026-03-23 13:19:56
102,203,129002,69,[],CONNECTED,SYSTEM_HEALTH,105.07662558555603,4,0,0,112,2026-03-23 13:20:00
102,204,129159,69,[],CONNECTED,SYSTEM_HEALTH,102.93823337554932,4,0,0,112,2026-03-23 13:22:06
102,204,129333,69,[],CONNECTED,SYSTEM_HEALTH,126.03485155105591,4,0,0,112,2026-03-23 13:24:06
102,204,129663,70,[],CONNECTED,SYSTEM_HEALTH,128.25563430786133,2,0,0,112,2026-03-23 13:26:20
102,204,129663,70,[],CONNECTED,SYSTEM_HEALTH,14.146146774291992,2,0,0,112,2026-03-23 13:27:01
102,205,129834,70,[],CONNECTED,SYSTEM_HEALTH,14.531199216842651,2,0,0,112,2026-03-23 13:28:05
102,206,129981,70,[],CONNECTED,SYSTEM_HEALTH,24.864283800125122,2,0,0,112,2026-03-23 13:29:07
102,208,130128,70,[],CONNECTED,SYSTEM_HEALTH,17.5547091960907,2,0,0,112,2026-03-23 13:30:10
102,209,130128,71,[],CONNECTED,SYSTEM_HEALTH,18.193811655044556,1,0,0,112,2026-03-23 13:31:07
102,212,130271,71,[],CONNECTED,SYSTEM_HEALTH,15.4391450881958,1,0,0,112,2026-03-23 13:32:02
102,213,130418,71,[],CONNECTED,SYSTEM_HEALTH,19.429553270339966,1,0,0,112,2026-03-23 13:33:03
102,215,130563,71,[],CONNECTED,SYSTEM_HEALTH,16.020711183547974,1,0,0,112,2026-03-23 13:34:12
102,216,130563,71,[],CONNECTED,SYSTEM_HEALTH,16.502196073532104,1,0,0,112,2026-03-23 13:35:05
102,217,130714,71,[],CONNECTED,SYSTEM_HEALTH,16.88399076461792,1,0,0,112,2026-03-23 13:36:05
102,217,130861,71,[],CONNECTED,SYSTEM_HEALTH,8.67346453666687,0,0,0,112,2026-03-23 13:37:13
102,219,131005,71,[],CONNECTED,SYSTEM_HEALTH,8.637142181396484,0,0,0,112,2026-03-23 13:38:08
102,219,131149,71,[],CONNECTED,SYSTEM_HEALTH,8.971561908721924,0,0,0,112,2026-03-23 13:39:06
102,220,131149,71,[],CONNECTED,SYSTEM_HEALTH,7.785129070281982,0,0,0,112,2026-03-23 13:40:12
102,222,131303,71,[],CONNECTED,SYSTEM_HEALTH,16.297796726226807,0,0,0,112,2026-03-23 13:41:12
102,223,131448,71,[],CONNECTED,SYSTEM_HEALTH,16.598243951797485,0,0,0,112,2026-03-23 13:42:18
102,223,131597,71,[],CONNECTED,SYSTEM_HEALTH,16.503487586975098,0,0,0,112,2026-03-23 13:43:03
102,225,131597,71,[],CONNECTED,SYSTEM_HEALTH,15.170189142227173,0,0,0,112,2026-03-23 13:44:09
102,225,131741,71,[],CONNECTED,SYSTEM_HEALTH,15.42423129081726,0,0,0,112,2026-03-23 13:45:15
102,225,131892,71,[],CONNECTED,SYSTEM_HEALTH,2.462941884994507,0,0,0,112,2026-03-23 13:46:06
102,225,131892,71,[],CONNECTED,SYSTEM_HEALTH,3.2541496753692627,0,0,0,112,2026-03-23 13:47:02
102,225,132042,71,[],CONNECTED,SYSTEM_HEALTH,4.6902995109558105,0,0,0,112,2026-03-23 13:48:01
102,226,132195,71,[],CONNECTED,SYSTEM_HEALTH,7.795585632324219,0,0,0,112,2026-03-23 13:49:01
102,228,132346,71,[],CONNECTED,SYSTEM_HEALTH,7.528520107269287,0,0,0,112,2026-03-23 13:50:07
102,228,132346,71,[],CONNECTED,SYSTEM_HEALTH,18.593690872192383,1,0,0,112,2026-03-23 13:51:06
102,228,132497,71,[],CONNECTED,SYSTEM_HEALTH,15.908443450927734,1,0,0,112,2026-03-23 13:52:07
102,228,132646,71,[],CONNECTED,SYSTEM_HEALTH,18.007651329040527,1,0,0,112,2026-03-23 13:53:06
102,229,132800,71,[],CONNECTED,SYSTEM_HEALTH,17.40083956718445,1,0,0,112,2026-03-23 13:54:12
102,231,132800,71,[],RECOVERING,SYSTEM_HEALTH,5.635443925857544,1,0,0,112,2026-03-23 13:55:00
102,232,132945,71,[],CONNECTED,SYSTEM_HEALTH,2.92641019821167,1,0,0,112,2026-03-23 13:56:11
102,232,133100,71,[],CONNECTED,SYSTEM_HEALTH,14.905924558639526,1,0,0,112,2026-03-23 13:57:00
102,233,133100,71,[],CONNECTED,SYSTEM_HEALTH,14.415418863296509,1,0,0,112,2026-03-23 13:58:00
102,233,133249,71,[],CONNECTED,SYSTEM_HEALTH,18.48081135749817,1,0,0,112,2026-03-23 13:59:10
102,233,133405,71,[],CONNECTED,SYSTEM_HEALTH,16.08591055870056,1,0,0,112,2026-03-23 14:00:03
102,233,133556,71,[],CONNECTED,SYSTEM_HEALTH,3.2119510173797607,1,0,0,112,2026-03-23 14:01:00
102,233,133556,71,[],CONNECTED,SYSTEM_HEALTH,15.170852661132812,1,0,0,112,2026-03-23 14:02:07
102,233,133710,71,[],CONNECTED,SYSTEM_HEALTH,15.289966821670532,1,0,0,112,2026-03-23 14:03:05
102,233,133860,71,[],CONNECTED,SYSTEM_HEALTH,14.449094772338867,1,0,0,112,2026-03-23 14:04:03
102,233,134017,71,[],CONNECTED,SYSTEM_HEALTH,17.806586027145386,1,0,0,112,2026-03-23 14:05:01
102,233,134017,71,[],CONNECTED,SYSTEM_HEALTH,14.711500406265259,0,0,0,112,2026-03-23 14:06:05
102,235,134165,71,[],CONNECTED,SYSTEM_HEALTH,15.743305921554565,0,0,0,112,2026-03-23 14:07:02
102,235,134318,71,[],CONNECTED,SYSTEM_HEALTH,16.12493109703064,0,0,0,112,2026-03-23 14:08:09
102,235,134467,71,[],CONNECTED,SYSTEM_HEALTH,16.454620838165283,0,0,0,112,2026-03-23 14:09:14
102,235,134467,71,[],CONNECTED,SYSTEM_HEALTH,15.389444828033447,1,0,2,112,2026-03-23 14:10:21
102,236,134620,71,[],CONNECTED,SYSTEM_HEALTH,27.12753129005432,1,0,0,112,2026-03-23 14:11:03
102,237,134753,72,[],CONNECTED,SYSTEM_HEALTH,28.984566926956177,0,0,0,112,2026-03-23 14:12:01
102,237,134886,73,[],CONNECTED,SYSTEM_HEALTH,33.47201609611511,1,0,2,112,2026-03-23 14:13:16
102,237,134886,73,[],CONNECTED,SYSTEM_HEALTH,29.74292826652527,1,0,0,112,2026-03-23 14:14:02
102,237,135017,73,[],CONNECTED,SYSTEM_HEALTH,24.77396583557129,1,0,0,112,2026-03-23 14:15:06
102,240,135149,73,[],CONNECTED,SYSTEM_HEALTH,12.71912407875061,1,0,0,112,2026-03-23 14:16:01
102,240,135298,73,[],CONNECTED,SYSTEM_HEALTH,4.667088747024536,1,0,0,112,2026-03-23 14:17:06
102,240,135451,73,[],CONNECTED,SYSTEM_HEALTH,14.529137372970581,1,0,0,112,2026-03-23 14:18:04
102,240,135451,73,[],CONNECTED,SYSTEM_HEALTH,14.601198196411133,1,0,0,112,2026-03-23 14:19:07
102,240,135604,73,[],CONNECTED,SYSTEM_HEALTH,10.143081665039062,1,0,0,112,2026-03-23 14:20:03
102,240,135759,73,[],CONNECTED,SYSTEM_HEALTH,5.6891233921051025,1,0,0,112,2026-03-23 14:21:03
102,240,135914,73,[],CONNECTED,SYSTEM_HEALTH,4.952229022979736,1,0,0,112,2026-03-23 14:22:02
102,241,136069,73,[],CONNECTED,SYSTEM_HEALTH,8.282760381698608,1,0,0,112,2026-03-23 14:23:01
102,241,136069,73,[],CONNECTED,SYSTEM_HEALTH,4.851863384246826,1,0,0,112,2026-03-23 14:24:04
102,242,136226,73,[],CONNECTED,SYSTEM_HEALTH,7.666775941848755,1,0,0,112,2026-03-23 14:25:01
102,243,136383,73,[],CONNECTED,SYSTEM_HEALTH,6.1972434520721436,1,0,0,112,2026-03-23 14:26:03
102,243,136544,73,[],CONNECTED,SYSTEM_HEALTH,4.981308460235596,1,0,0,112,2026-03-23 14:27:02
102,243,136544,73,[],CONNECTED,SYSTEM_HEALTH,6.257565975189209,1,0,0,112,2026-03-23 14:28:00
102,244,136706,73,[],CONNECTED,SYSTEM_HEALTH,7.257507562637329,1,0,0,112,2026-03-23 14:29:03
102,244,136870,73,[],CONNECTED,SYSTEM_HEALTH,5.2240684032440186,1,0,0,112,2026-03-23 14:30:04
102,244,136870,73,[],CONNECTED,SYSTEM_HEALTH,6.614424228668213,1,0,0,112,2026-03-23 14:31:06
102,246,137040,73,[],CONNECTED,SYSTEM_HEALTH,5.392341613769531,1,0,0,112,2026-03-23 14:32:05
102,246,137211,73,[],CONNECTED,SYSTEM_HEALTH,9.004632949829102,1,0,0,112,2026-03-23 14:33:04
102,246,137211,73,[],CONNECTED,SYSTEM_HEALTH,5.496129035949707,1,0,0,112,2026-03-23 14:34:01
102,247,137379,73,[],CONNECTED,SYSTEM_HEALTH,6.1419172286987305,1,0,0,112,2026-03-23 14:35:01
102,247,137553,73,[],CONNECTED,SYSTEM_HEALTH,2.7911741733551025,1,0,0,112,2026-03-23 14:36:02
102,247,137553,73,[],CONNECTED,SYSTEM_HEALTH,3.667156457901001,1,0,0,112,2026-03-23 14:37:04
102,248,137729,73,[],CONNECTED,SYSTEM_HEALTH,3.120993137359619,1,0,0,112,2026-03-23 14:38:06
102,248,137903,73,[],CONNECTED,SYSTEM_HEALTH,2.7619197368621826,1,0,0,112,2026-03-23 14:39:00
102,248,137903,73,[],CONNECTED,SYSTEM_HEALTH,3.822359085083008,1,0,0,112,2026-03-23 14:40:03
102,249,138076,73,[],CONNECTED,SYSTEM_HEALTH,3.1765854358673096,1,0,0,112,2026-03-23 14:41:06
102,249,138250,73,[],CONNECTED,SYSTEM_HEALTH,3.136087417602539,1,0,0,112,2026-03-23 14:42:00
102,249,138250,73,[],CONNECTED,SYSTEM_HEALTH,3.503817081451416,1,0,0,112,2026-03-23 14:43:03
102,249,138422,73,[],CONNECTED,SYSTEM_HEALTH,2.767735242843628,1,0,0,112,2026-03-23 14:44:05
102,249,138596,73,[],CONNECTED,SYSTEM_HEALTH,3.590207815170288,1,0,0,112,2026-03-23 14:45:01
102,249,138596,73,[],CONNECTED,SYSTEM_HEALTH,3.6191656589508057,1,0,0,112,2026-03-23 14:46:03
102,249,138769,73,[],CONNECTED,SYSTEM_HEALTH,3.6997287273406982,1,0,0,112,2026-03-23 14:47:05
102,249,138944,73,[],CONNECTED,SYSTEM_HEALTH,3.641575574874878,1,0,0,112,2026-03-23 14:48:07
102,249,138944,73,[],CONNECTED,SYSTEM_HEALTH,3.575359582901001,1,0,0,112,2026-03-23 14:49:00
102,249,139117,73,[],CONNECTED,SYSTEM_HEALTH,3.0368399620056152,1,0,0,112,2026-03-23 14:50:02
102,249,139291,73,[],CONNECTED,SYSTEM_HEALTH,3.149738073348999,1,0,0,112,2026-03-23 14:51:02
102,249,139291,73,[],CONNECTED,SYSTEM_HEALTH,6.6479222774505615,1,0,0,112,2026-03-23 14:52:03
102,249,139465,73,[],CONNECTED,SYSTEM_HEALTH,5.524542331695557,1,0,0,112,2026-03-23 14:53:05
102,250,139639,73,[],CONNECTED,SYSTEM_HEALTH,5.895690441131592,1,0,0,112,2026-03-23 14:54:06
102,250,139639,73,[],CONNECTED,SYSTEM_HEALTH,5.919475793838501,1,0,0,112,2026-03-23 14:55:06
102,250,139812,73,[],CONNECTED,SYSTEM_HEALTH,2.907839775085449,1,0,0,112,2026-03-23 14:56:03
102,250,139988,73,[],CONNECTED,SYSTEM_HEALTH,3.9103426933288574,1,0,0,112,2026-03-23 14:57:05
102,250,139988,73,[],CONNECTED,SYSTEM_HEALTH,3.598161458969116,1,0,0,112,2026-03-23 14:58:05
102,250,140161,73,[],CONNECTED,SYSTEM_HEALTH,3.25553035736084,1,0,0,112,2026-03-23 14:59:05
102,250,140338,73,[],CONNECTED,SYSTEM_HEALTH,3.2288105487823486,1,0,0,112,2026-03-23 15:00:00
102,250,140338,73,[],CONNECTED,SYSTEM_HEALTH,3.6097586154937744,1,0,0,112,2026-03-23 15:01:01
102,250,140511,73,[],CONNECTED,SYSTEM_HEALTH,3.9830942153930664,1,0,0,112,2026-03-23 15:02:01
102,251,140686,73,[],CONNECTED,SYSTEM_HEALTH,3.276211738586426,1,0,0,112,2026-03-23 15:03:03
102,251,140686,73,[],CONNECTED,SYSTEM_HEALTH,3.2880406379699707,1,0,0,112,2026-03-23 15:04:04
102,251,140861,73,[],CONNECTED,SYSTEM_HEALTH,3.085723876953125,1,0,0,112,2026-03-23 15:05:05
102,251,141039,73,[],CONNECTED,SYSTEM_HEALTH,3.909123659133911,1,0,0,112,2026-03-23 15:06:07
102,252,141039,73,[],CONNECTED,SYSTEM_HEALTH,3.4599051475524902,1,0,0,112,2026-03-23 15:07:01
102,252,141212,73,[],CONNECTED,SYSTEM_HEALTH,3.7716846466064453,1,0,0,112,2026-03-23 15:08:02
102,252,141388,73,[],CONNECTED,SYSTEM_HEALTH,3.059621810913086,1,0,0,112,2026-03-23 15:09:04
102,252,141388,73,[],CONNECTED,SYSTEM_HEALTH,3.4453883171081543,1,0,0,112,2026-03-23 15:10:04
102,253,141562,73,[],CONNECTED,SYSTEM_HEALTH,2.832585096359253,1,0,0,112,2026-03-23 15:11:05
102,253,141562,73,[],CONNECTED,SYSTEM_HEALTH,2.770066022872925,1,0,0,112,2026-03-23 15:12:00
102,253,141738,73,[],CONNECTED,SYSTEM_HEALTH,4.295995235443115,1,0,0,112,2026-03-23 15:13:00
102,253,141910,73,[],CONNECTED,SYSTEM_HEALTH,5.199712753295898,1,0,0,112,2026-03-23 15:14:05
102,253,142085,73,[],CONNECTED,SYSTEM_HEALTH,5.918076038360596,1,0,0,112,2026-03-23 15:15:03
102,253,142085,73,[],CONNECTED,SYSTEM_HEALTH,6.827010154724121,1,0,0,112,2026-03-23 15:16:02
102,254,142256,73,[],CONNECTED,SYSTEM_HEALTH,2.5953502655029297,1,0,0,112,2026-03-23 15:17:06
102,254,142256,73,[],CONNECTED,SYSTEM_HEALTH,5.073932409286499,1,0,0,112,2026-03-23 15:18:03
102,254,142428,73,[],CONNECTED,SYSTEM_HEALTH,3.0538883209228516,1,0,0,112,2026-03-23 15:19:03
102,254,142601,73,[],CONNECTED,SYSTEM_HEALTH,5.227179050445557,1,0,0,112,2026-03-23 15:20:04
102,254,142601,73,[],CONNECTED,SYSTEM_HEALTH,5.815900087356567,1,0,0,112,2026-03-23 15:21:01
102,254,142772,73,[],CONNECTED,SYSTEM_HEALTH,2.875650405883789,1,0,0,112,2026-03-23 15:22:05
102,254,142938,73,[],CONNECTED,SYSTEM_HEALTH,2.6511318683624268,1,0,0,112,2026-03-23 15:23:02
102,254,142938,73,[],CONNECTED,SYSTEM_HEALTH,2.7440688610076904,1,0,0,112,2026-03-23 15:24:00
102,254,143109,73,[],CONNECTED,SYSTEM_HEALTH,3.039707899093628,1,0,0,112,2026-03-23 15:25:00
102,254,143276,73,[],CONNECTED,SYSTEM_HEALTH,4.258330345153809,1,0,0,112,2026-03-23 15:26:04
102,254,143447,73,[],CONNECTED,SYSTEM_HEALTH,5.395649671554565,1,0,0,112,2026-03-23 15:27:02
102,254,143447,73,[],CONNECTED,SYSTEM_HEALTH,8.039692401885986,1,0,0,112,2026-03-23 15:28:00
102,254,143620,73,[],CONNECTED,SYSTEM_HEALTH,6.101947546005249,1,0,0,112,2026-03-23 15:29:06
102,254,143620,73,[],CONNECTED,SYSTEM_HEALTH,3.1204960346221924,1,0,0,112,2026-03-23 15:30:01
102,255,143789,73,[],CONNECTED,SYSTEM_HEALTH,3.5746610164642334,1,0,0,112,2026-03-23 15:31:01
102,255,143960,73,[],CONNECTED,SYSTEM_HEALTH,3.0019280910491943,1,0,0,112,2026-03-23 15:32:00
102,257,144133,73,[],CONNECTED,SYSTEM_HEALTH,2.839179754257202,1,0,0,112,2026-03-23 15:33:06
102,257,144133,73,[],CONNECTED,SYSTEM_HEALTH,2.572420358657837,1,0,0,112,2026-03-23 15:34:04
102,257,144304,73,[],CONNECTED,SYSTEM_HEALTH,3.183514356613159,1,0,0,112,2026-03-23 15:35:03
102,257,144475,73,[],CONNECTED,SYSTEM_HEALTH,2.736400842666626,1,0,0,112,2026-03-23 15:36:02
102,257,144646,73,[],CONNECTED,SYSTEM_HEALTH,3.367981195449829,1,0,0,112,2026-03-23 15:37:02
102,257,144646,73,[],CONNECTED,SYSTEM_HEALTH,3.2088050842285156,1,0,0,112,2026-03-23 15:38:00
102,257,144817,73,[],CONNECTED,SYSTEM_HEALTH,6.584758281707764,1,0,0,112,2026-03-23 15:39:00
102,257,144988,73,[],CONNECTED,SYSTEM_HEALTH,5.864497423171997,1,0,0,112,2026-03-23 15:40:07
102,257,145160,73,[],CONNECTED,SYSTEM_HEALTH,5.182815313339233,1,0,0,112,2026-03-23 15:41:07
102,258,145330,73,[],CONNECTED,SYSTEM_HEALTH,3.0716350078582764,1,0,0,112,2026-03-23 15:42:02
102,258,145330,73,[],CONNECTED,SYSTEM_HEALTH,2.720017433166504,1,0,0,112,2026-03-23 15:43:00
102,260,145502,73,[],CONNECTED,SYSTEM_HEALTH,2.7121870517730713,1,0,0,112,2026-03-23 15:44:06
102,260,145671,73,[],CONNECTED,SYSTEM_HEALTH,3.418057918548584,1,0,0,112,2026-03-23 15:45:06
102,260,145844,73,[],CONNECTED,SYSTEM_HEALTH,2.8245952129364014,1,0,0,112,2026-03-23 15:46:06
102,260,145844,73,[],CONNECTED,SYSTEM_HEALTH,3.120654582977295,1,0,0,112,2026-03-23 15:47:05
102,260,146015,73,[],CONNECTED,SYSTEM_HEALTH,3.0276081562042236,1,0,0,112,2026-03-23 15:48:03
102,260,146186,73,[],CONNECTED,SYSTEM_HEALTH,3.3735740184783936,1,0,0,112,2026-03-23 15:49:03
102,260,146357,73,[],CONNECTED,SYSTEM_HEALTH,5.287992000579834,1,0,0,112,2026-03-23 15:50:02
102,260,146357,73,[],CONNECTED,SYSTEM_HEALTH,3.415562629699707,1,0,0,112,2026-03-23 15:51:01
102,260,146528,73,[],CONNECTED,SYSTEM_HEALTH,2.9005346298217773,1,0,0,112,2026-03-23 15:52:05
102,260,146700,73,[],CONNECTED,SYSTEM_HEALTH,2.857692241668701,1,0,0,112,2026-03-23 15:53:03
102,260,146872,73,[],CONNECTED,SYSTEM_HEALTH,2.9606893062591553,1,0,0,112,2026-03-23 15:54:02
102,262,146872,73,['market_data'],DEGRADED,SYSTEM_HEALTH,3.347602367401123,1,0,0,112,2026-03-23 15:55:01
102,262,147041,73,[],CONNECTED,SYSTEM_HEALTH,3.0132663249969482,1,0,0,112,2026-03-23 15:56:07
102,262,147217,73,[],CONNECTED,SYSTEM_HEALTH,3.3014400005340576,1,0,0,112,2026-03-23 15:57:07
102,262,147217,73,[],CONNECTED,SYSTEM_HEALTH,3.1619749069213867,1,0,0,112,2026-03-23 15:58:06
102,262,147391,73,[],CONNECTED,SYSTEM_HEALTH,2.4365296363830566,1,0,0,112,2026-03-23 15:59:05
102,262,147566,73,[],CONNECTED,SYSTEM_HEALTH,3.3306620121002197,1,0,0,112,2026-03-23 16:00:05
102,262,147566,73,[],CONNECTED,SYSTEM_HEALTH,2.91292667388916,1,0,0,112,2026-03-23 16:01:05
102,262,147740,73,[],CONNECTED,SYSTEM_HEALTH,3.685865640640259,1,0,0,112,2026-03-23 16:02:06
102,262,147915,73,[],CONNECTED,SYSTEM_HEALTH,3.403841495513916,1,0,0,112,2026-03-23 16:03:06
102,263,147915,73,[],CONNECTED,SYSTEM_HEALTH,2.8207895755767822,1,0,0,112,2026-03-23 16:04:06
102,265,148088,73,[],RECOVERING,SYSTEM_HEALTH,5.105210542678833,1,0,0,112,2026-03-23 16:05:03
102,265,148262,73,[],CONNECTED,SYSTEM_HEALTH,3.3291523456573486,1,0,0,112,2026-03-23 16:06:00
102,265,148434,73,[],CONNECTED,SYSTEM_HEALTH,2.7386889457702637,1,0,0,112,2026-03-23 16:07:07
102,265,148434,73,[],CONNECTED,SYSTEM_HEALTH,3.364636182785034,1,0,0,112,2026-03-23 16:08:07
102,266,148606,73,[],CONNECTED,SYSTEM_HEALTH,2.718427896499634,1,0,0,112,2026-03-23 16:09:05
102,266,148778,73,[],CONNECTED,SYSTEM_HEALTH,3.182952880859375,1,0,0,112,2026-03-23 16:10:04
102,267,148952,73,[],CONNECTED,SYSTEM_HEALTH,3.3655600547790527,1,0,0,112,2026-03-23 16:11:05
102,267,148952,73,[],CONNECTED,SYSTEM_HEALTH,3.702911615371704,1,0,0,112,2026-03-23 16:12:05
102,268,149127,73,[],CONNECTED,SYSTEM_HEALTH,3.1802480220794678,1,0,0,112,2026-03-23 16:13:05
102,268,149301,73,[],CONNECTED,SYSTEM_HEALTH,2.8162333965301514,1,0,0,112,2026-03-23 16:14:06
102,269,149301,73,[],CONNECTED,SYSTEM_HEALTH,2.715078830718994,1,0,0,112,2026-03-23 16:15:01
102,269,149470,73,[],CONNECTED,SYSTEM_HEALTH,5.782153844833374,1,0,0,112,2026-03-23 16:16:01
102,270,149638,73,[],CONNECTED,SYSTEM_HEALTH,7.115556955337524,1,0,0,112,2026-03-23 16:17:06
102,271,149638,73,[],CONNECTED,SYSTEM_HEALTH,5.018899917602539,1,0,0,112,2026-03-23 16:18:02
102,271,149802,73,[],CONNECTED,SYSTEM_HEALTH,3.3803350925445557,1,0,0,112,2026-03-23 16:19:07
102,271,149972,73,[],CONNECTED,SYSTEM_HEALTH,3.0747931003570557,1,0,0,112,2026-03-23 16:20:03
102,272,150135,73,[],CONNECTED,SYSTEM_HEALTH,3.1230578422546387,1,0,0,112,2026-03-23 16:21:00
102,272,150135,73,[],CONNECTED,SYSTEM_HEALTH,2.8725385665893555,1,0,0,112,2026-03-23 16:22:01
102,273,150304,73,[],CONNECTED,SYSTEM_HEALTH,3.3546767234802246,2,0,2,112,2026-03-23 16:23:02
102,273,150472,73,[],CONNECTED,SYSTEM_HEALTH,5.8862926959991455,2,0,0,112,2026-03-23 16:24:07
102,275,150472,73,[],CONNECTED,SYSTEM_HEALTH,3.592463493347168,2,0,0,112,2026-03-23 16:25:00
102,275,150637,73,[],CONNECTED,SYSTEM_HEALTH,3.27734637260437,2,0,0,112,2026-03-23 16:26:02
102,275,150805,73,[],CONNECTED,SYSTEM_HEALTH,6.2177348136901855,2,0,0,112,2026-03-23 16:27:02
102,275,150976,73,[],CONNECTED,SYSTEM_HEALTH,6.478693246841431,2,0,0,112,2026-03-23 16:28:04
102,275,151146,73,[],CONNECTED,SYSTEM_HEALTH,5.5783421993255615,2,0,0,112,2026-03-23 16:29:06
102,275,151146,73,[],CONNECTED,SYSTEM_HEALTH,5.685765504837036,2,0,0,112,2026-03-23 16:30:00
102,275,151315,73,[],CONNECTED,SYSTEM_HEALTH,29.274675130844116,2,0,0,112,2026-03-23 16:31:04
102,275,151486,73,[],CONNECTED,SYSTEM_HEALTH,22.468618392944336,2,0,0,112,2026-03-23 16:32:00
102,275,151650,73,[],CONNECTED,SYSTEM_HEALTH,19.91010808944702,2,0,0,112,2026-03-23 16:33:02
102,275,151820,73,[],CONNECTED,SYSTEM_HEALTH,18.46045756340027,2,0,0,112,2026-03-23 16:34:14
102,275,151820,73,[],CONNECTED,SYSTEM_HEALTH,16.68820834159851,2,0,0,112,2026-03-23 16:35:05
102,275,151988,73,[],CONNECTED,SYSTEM_HEALTH,24.6087863445282,2,0,0,112,2026-03-23 16:36:00
102,275,152161,73,[],CONNECTED,SYSTEM_HEALTH,13.779394626617432,2,0,0,112,2026-03-23 16:37:01
102,276,152161,73,[],CONNECTED,SYSTEM_HEALTH,19.920024633407593,2,0,0,112,2026-03-23 16:38:00
102,276,152327,73,[],CONNECTED,SYSTEM_HEALTH,16.703938245773315,2,0,0,112,2026-03-23 16:39:01
102,276,152501,73,[],CONNECTED,SYSTEM_HEALTH,18.13237428665161,2,0,0,112,2026-03-23 16:40:10
102,276,152674,73,[],CONNECTED,SYSTEM_HEALTH,29.91062903404236,2,0,0,112,2026-03-23 16:41:15
102,276,152674,73,[],CONNECTED,SYSTEM_HEALTH,16.21089267730713,2,0,0,112,2026-03-23 16:42:06
102,276,152847,73,[],CONNECTED,SYSTEM_HEALTH,15.523758888244629,2,0,0,112,2026-03-23 16:43:00
102,276,152847,73,[],CONNECTED,SYSTEM_HEALTH,25.034366130828857,2,0,0,112,2026-03-23 16:44:04
102,276,153023,73,[],CONNECTED,SYSTEM_HEALTH,22.138623237609863,2,0,0,112,2026-03-23 16:45:01
102,276,153198,73,[],CONNECTED,SYSTEM_HEALTH,14.055960655212402,2,0,0,112,2026-03-23 16:46:14
102,276,153370,73,[],CONNECTED,SYSTEM_HEALTH,16.186185359954834,2,0,0,112,2026-03-23 16:47:04
102,276,153370,73,[],CONNECTED,SYSTEM_HEALTH,16.179036378860474,2,0,0,112,2026-03-23 16:48:09
102,276,153544,73,[],CONNECTED,SYSTEM_HEALTH,14.031526803970337,2,0,0,112,2026-03-23 16:49:03
102,276,153718,73,[],CONNECTED,SYSTEM_HEALTH,24.71976590156555,2,0,0,112,2026-03-23 16:50:08
102,276,153718,73,[],CONNECTED,SYSTEM_HEALTH,29.85816788673401,2,0,0,112,2026-03-23 16:51:15
102,276,153890,73,[],CONNECTED,SYSTEM_HEALTH,15.700671195983887,2,0,0,112,2026-03-23 16:52:06
102,276,154062,73,[],CONNECTED,SYSTEM_HEALTH,14.759536743164062,2,0,0,112,2026-03-23 16:53:05
102,277,154062,73,[],CONNECTED,SYSTEM_HEALTH,15.773377418518066,2,0,0,112,2026-03-23 16:54:05
102,277,154234,73,[],CONNECTED,SYSTEM_HEALTH,20.07789921760559,2,0,0,112,2026-03-23 16:55:04
102,277,154405,73,[],CONNECTED,SYSTEM_HEALTH,14.531197786331177,2,0,0,112,2026-03-23 16:56:05
102,278,154577,73,['market_data'],DEGRADED,SYSTEM_HEALTH,22.73931884765625,2,0,0,112,2026-03-23 16:57:02
102,278,154577,73,[],CONNECTED,SYSTEM_HEALTH,15.296553134918213,2,0,0,112,2026-03-23 16:58:03
102,278,154749,73,[],CONNECTED,SYSTEM_HEALTH,15.45880651473999,2,0,0,112,2026-03-23 16:59:12
102,278,154923,73,[],CONNECTED,SYSTEM_HEALTH,15.063597917556763,2,0,0,112,2026-03-23 17:00:00
102,278,154923,74,[],CONNECTED,SYSTEM_HEALTH,6.4891462326049805,1,0,0,112,2026-03-23 17:01:00
102,278,155099,74,[],CONNECTED,SYSTEM_HEALTH,3.0896739959716797,1,0,0,112,2026-03-23 17:02:03
102,278,155273,74,[],CONNECTED,SYSTEM_HEALTH,3.4448513984680176,1,0,0,112,2026-03-23 17:03:05
102,278,155273,74,[],CONNECTED,SYSTEM_HEALTH,3.3124430179595947,1,0,0,112,2026-03-23 17:04:00
102,278,155448,74,[],CONNECTED,SYSTEM_HEALTH,3.658583164215088,1,0,0,112,2026-03-23 17:05:01
102,280,155619,74,[],CONNECTED,SYSTEM_HEALTH,2.737121820449829,1,0,0,112,2026-03-23 17:06:00
102,280,155619,74,[],CONNECTED,SYSTEM_HEALTH,3.47084903717041,1,0,0,112,2026-03-23 17:07:02
102,280,155790,74,[],CONNECTED,SYSTEM_HEALTH,3.423336982727051,1,0,0,112,2026-03-23 17:08:04
102,280,155960,74,[],CONNECTED,SYSTEM_HEALTH,2.7706215381622314,1,0,0,112,2026-03-23 17:09:05
102,280,156132,74,[],CONNECTED,SYSTEM_HEALTH,2.6750404834747314,1,0,0,112,2026-03-23 17:10:04
102,280,156303,74,[],CONNECTED,SYSTEM_HEALTH,3.60693621635437,1,0,0,112,2026-03-23 17:11:04
102,280,156303,74,[],CONNECTED,SYSTEM_HEALTH,2.7147130966186523,1,0,0,112,2026-03-23 17:12:04
102,282,156474,74,[],CONNECTED,SYSTEM_HEALTH,3.8322246074676514,1,0,0,112,2026-03-23 17:13:05
102,282,156644,74,[],CONNECTED,SYSTEM_HEALTH,5.8022613525390625,1,0,0,112,2026-03-23 17:14:00
102,282,156815,74,[],CONNECTED,SYSTEM_HEALTH,2.804499387741089,1,0,0,112,2026-03-23 17:15:05
102,282,156815,74,[],CONNECTED,SYSTEM_HEALTH,4.938214540481567,1,0,0,112,2026-03-23 17:16:02
102,283,156984,74,[],CONNECTED,SYSTEM_HEALTH,2.8227381706237793,1,0,0,112,2026-03-23 17:17:02
102,283,157151,74,[],CONNECTED,SYSTEM_HEALTH,4.679469347000122,1,0,0,112,2026-03-23 17:18:05
102,283,157319,74,[],CONNECTED,SYSTEM_HEALTH,4.767007827758789,1,0,0,112,2026-03-23 17:19:01
102,284,157482,74,[],CONNECTED,SYSTEM_HEALTH,3.7731196880340576,1,0,0,112,2026-03-23 17:20:06
102,284,157482,74,[],CONNECTED,SYSTEM_HEALTH,3.473227024078369,2,0,0,112,2026-03-23 17:21:05
102,285,157644,74,['market_data'],DEGRADED,SYSTEM_HEALTH,2.606180429458618,2,0,0,112,2026-03-23 17:22:05
102,285,157806,74,[],CONNECTED,SYSTEM_HEALTH,4.713473796844482,2,0,0,112,2026-03-23 17:23:05
102,285,157971,74,[],CONNECTED,SYSTEM_HEALTH,5.389702081680298,2,0,0,112,2026-03-23 17:24:06
102,286,158135,74,[],CONNECTED,SYSTEM_HEALTH,4.381935358047485,2,0,0,112,2026-03-23 17:25:00
102,286,158135,74,[],CONNECTED,SYSTEM_HEALTH,6.855060338973999,2,0,0,112,2026-03-23 17:26:02
102,286,158300,74,[],CONNECTED,SYSTEM_HEALTH,4.899725914001465,2,0,0,112,2026-03-23 17:27:00
102,287,158472,74,[],CONNECTED,SYSTEM_HEALTH,5.608467102050781,2,0,0,112,2026-03-23 17:28:02
102,288,158639,74,[],CONNECTED,SYSTEM_HEALTH,5.441934585571289,2,0,0,112,2026-03-23 17:29:05
102,288,158639,74,[],CONNECTED,SYSTEM_HEALTH,7.344468116760254,2,0,0,112,2026-03-23 17:30:00
102,288,158813,74,[],CONNECTED,SYSTEM_HEALTH,30.240870237350464,2,0,0,112,2026-03-23 17:31:00
102,288,158986,74,[],CONNECTED,SYSTEM_HEALTH,5.0852296352386475,2,0,0,112,2026-03-23 17:32:06
102,289,158986,74,[],CONNECTED,SYSTEM_HEALTH,3.628268241882324,2,0,0,112,2026-03-23 17:33:07
102,289,159159,74,[],CONNECTED,SYSTEM_HEALTH,3.652312994003296,2,0,0,112,2026-03-23 17:34:05
102,289,159331,74,[],CONNECTED,SYSTEM_HEALTH,2.987013339996338,2,0,0,112,2026-03-23 17:35:03
102,289,159331,74,[],CONNECTED,SYSTEM_HEALTH,4.3898231983184814,2,0,0,112,2026-03-23 17:36:00
102,289,159504,74,[],CONNECTED,SYSTEM_HEALTH,3.648782730102539,2,0,0,112,2026-03-23 17:37:06
102,289,159677,74,[],CONNECTED,SYSTEM_HEALTH,3.139047861099243,2,0,0,112,2026-03-23 17:38:06
102,289,159677,74,[],CONNECTED,SYSTEM_HEALTH,8.83354902267456,2,0,0,112,2026-03-23 17:39:04
102,289,159850,74,[],CONNECTED,SYSTEM_HEALTH,2.9434096813201904,2,0,0,112,2026-03-23 17:40:00
102,289,160023,74,[],CONNECTED,SYSTEM_HEALTH,2.8168299198150635,1,0,0,112,2026-03-23 17:41:00
102,289,160023,74,[],CONNECTED,SYSTEM_HEALTH,3.3636553287506104,1,0,0,112,2026-03-23 17:42:02
102,289,160199,74,[],CONNECTED,SYSTEM_HEALTH,3.5936954021453857,1,0,0,112,2026-03-23 17:43:03
102,289,160373,74,[],CONNECTED,SYSTEM_HEALTH,3.0953526496887207,1,0,0,112,2026-03-23 17:44:05
102,291,160544,74,[],CONNECTED,SYSTEM_HEALTH,2.72344970703125,1,0,0,112,2026-03-23 17:45:04
102,293,160544,74,[],CONNECTED,SYSTEM_HEALTH,3.7807600498199463,1,0,0,112,2026-03-23 17:46:04
102,293,160714,74,[],CONNECTED,SYSTEM_HEALTH,2.8460288047790527,1,0,0,112,2026-03-23 17:47:05
102,293,160886,74,[],CONNECTED,SYSTEM_HEALTH,3.130133867263794,1,0,0,112,2026-03-23 17:48:05
102,293,161057,74,[],CONNECTED,SYSTEM_HEALTH,3.384737014770508,1,0,0,112,2026-03-23 17:49:05
102,293,161057,74,[],CONNECTED,SYSTEM_HEALTH,3.1241283416748047,1,0,0,112,2026-03-23 17:50:05
102,293,161229,74,[],CONNECTED,SYSTEM_HEALTH,2.835766315460205,1,0,0,112,2026-03-23 17:51:04
102,293,161402,74,[],CONNECTED,SYSTEM_HEALTH,3.8193976879119873,1,0,0,112,2026-03-23 17:52:05
102,293,161575,74,[],CONNECTED,SYSTEM_HEALTH,3.126859188079834,1,0,0,112,2026-03-23 17:53:05
102,293,161575,74,[],CONNECTED,SYSTEM_HEALTH,5.7833027839660645,1,0,0,112,2026-03-23 17:54:05
102,293,161746,74,[],CONNECTED,SYSTEM_HEALTH,6.265751123428345,1,0,0,112,2026-03-23 17:55:05
102,293,161919,74,[],CONNECTED,SYSTEM_HEALTH,5.719042539596558,1,0,0,112,2026-03-23 17:56:06
102,293,162090,74,[],CONNECTED,SYSTEM_HEALTH,2.8696563243865967,1,0,0,112,2026-03-23 17:57:03
102,293,162090,74,[],CONNECTED,SYSTEM_HEALTH,3.5363900661468506,1,0,0,112,2026-03-23 17:58:03
102,293,162262,74,[],CONNECTED,SYSTEM_HEALTH,2.8152992725372314,1,0,0,112,2026-03-23 17:59:04
102,293,162433,74,[],CONNECTED,SYSTEM_HEALTH,2.744414806365967,1,0,0,112,2026-03-23 18:00:03
102,293,162605,74,[],CONNECTED,SYSTEM_HEALTH,3.4862966537475586,1,0,0,112,2026-03-23 18:01:04
102,293,162778,74,[],CONNECTED,SYSTEM_HEALTH,3.0648796558380127,1,0,0,112,2026-03-23 18:02:04
102,294,162778,74,[],CONNECTED,SYSTEM_HEALTH,2.417165994644165,1,0,0,112,2026-03-23 18:03:04
102,294,162949,74,[],CONNECTED,SYSTEM_HEALTH,3.250272750854492,1,0,0,112,2026-03-23 18:04:02
102,294,163121,74,[],CONNECTED,SYSTEM_HEALTH,3.5247108936309814,1,0,0,112,2026-03-23 18:05:04
102,296,163292,74,['market_data'],DEGRADED,SYSTEM_HEALTH,2.5537078380584717,1,0,0,112,2026-03-23 18:06:03
102,296,163292,74,[],CONNECTED,SYSTEM_HEALTH,3.3286595344543457,1,0,0,112,2026-03-23 18:07:02
102,296,163461,74,[],CONNECTED,SYSTEM_HEALTH,5.782712936401367,1,0,0,112,2026-03-23 18:08:01
102,297,163633,74,[],CONNECTED,SYSTEM_HEALTH,5.540789604187012,1,0,0,112,2026-03-23 18:09:02
102,297,163808,74,[],CONNECTED,SYSTEM_HEALTH,5.765281915664673,1,0,0,112,2026-03-23 18:10:03
102,297,163808,74,[],CONNECTED,SYSTEM_HEALTH,6.621654510498047,1,0,0,112,2026-03-23 18:11:04
102,297,163983,74,[],CONNECTED,SYSTEM_HEALTH,5.590819597244263,1,0,0,112,2026-03-23 18:12:04
102,297,164159,74,[],CONNECTED,SYSTEM_HEALTH,5.782365560531616,1,0,0,112,2026-03-23 18:13:06
102,297,164159,74,[],CONNECTED,SYSTEM_HEALTH,3.5921003818511963,1,0,0,112,2026-03-23 18:14:02
102,298,164335,74,[],CONNECTED,SYSTEM_HEALTH,3.981804847717285,1,0,0,112,2026-03-23 18:15:04
102,298,164508,74,[],CONNECTED,SYSTEM_HEALTH,5.242199659347534,1,0,0,112,2026-03-23 18:16:06
102,298,164508,74,[],CONNECTED,SYSTEM_HEALTH,5.403874158859253,1,0,0,112,2026-03-23 18:17:03
102,298,164680,74,[],CONNECTED,SYSTEM_HEALTH,5.833429574966431,1,0,0,112,2026-03-23 18:18:01
102,298,164680,74,[],CONNECTED,SYSTEM_HEALTH,2.6611053943634033,1,0,0,112,2026-03-23 18:19:06
102,298,164854,74,[],CONNECTED,SYSTEM_HEALTH,2.775663375854492,1,0,0,112,2026-03-23 18:20:03
102,298,165027,74,[],CONNECTED,SYSTEM_HEALTH,4.882890462875366,1,0,0,112,2026-03-23 18:21:04
102,298,165027,74,[],CONNECTED,SYSTEM_HEALTH,4.049445390701294,1,0,0,112,2026-03-23 18:22:02
102,300,165194,74,[],CONNECTED,SYSTEM_HEALTH,3.8584470748901367,1,0,0,112,2026-03-23 18:23:07
102,300,165363,74,[],CONNECTED,SYSTEM_HEALTH,7.2114667892456055,1,0,0,112,2026-03-23 18:24:03
102,300,165530,74,[],CONNECTED,SYSTEM_HEALTH,5.714555740356445,1,0,0,112,2026-03-23 18:25:01
