2026-03-16 16:11:29,441 | CRITICAL | Unhandled exception:
Traceback (most recent call last):
  File "C:\Users\Home\AppData\Local\Python\pythoncore-3.14-64\Lib\idlelib\run.py", line 590, in runcode
    exec(code, self.locals)
    ~~~~^^^^^^^^^^^^^^^^^^^
  File "D:\GIT\okx-trading-bot\v08x\084_9\084_1\main_v084_9_1.py", line 8614, in <module>
    main()
    ~~~~^^
  File "D:\GIT\okx-trading-bot\v08x\084_9\084_1\main_v084_9_1.py", line 8606, in main
    window = MainWindow()
  File "D:\GIT\okx-trading-bot\v08x\084_9\084_1\main_v084_9_1.py", line 7090, in __init__
    self._build_ui()
    ~~~~~~~~~~~~~~^^
  File "D:\GIT\okx-trading-bot\v08x\084_9\084_1\main_v084_9_1.py", line 7410, in _build_ui
    ui_module = importlib.import_module(self._ui_layout_module_name)
  File "C:\Users\Home\AppData\Local\Python\pythoncore-3.14-64\Lib\importlib\__init__.py", line 88, in import_module
    return _bootstrap._gcd_import(name[level:], package, level)
           ~~~~~~~~~~~~~~~~~~~~~~^^^^^^^^^^^^^^^^^^^^^^^^^^^^^^
  File "<frozen importlib._bootstrap>", line 1398, in _gcd_import
  File "<frozen importlib._bootstrap>", line 1371, in _find_and_load
  File "<frozen importlib._bootstrap>", line 1335, in _find_and_load_unlocked
ModuleNotFoundError: No module named 'ui_layout_v084_9_1_1'

2026-03-16 16:13:12,230 | INFO | HTTP Request: GET https://www.okx.com/api/v5/public/instruments?instType=SWAP "HTTP/2 200 OK"
2026-03-16 16:13:12,233 | INFO | Loaded 115 swap instruments
2026-03-16 16:13:12,572 | INFO | HTTP Request: GET https://www.okx.com/api/v5/market/ticker?instId=1INCH-USDT-SWAP "HTTP/2 200 OK"
2026-03-16 16:13:12,599 | INFO | HTTP Request: GET https://www.okx.com/api/v5/account/balance "HTTP/2 200 OK"
2026-03-16 16:13:12,681 | INFO | HTTP Request: GET https://www.okx.com/api/v5/account/positions?instType=SWAP "HTTP/2 200 OK"
2026-03-16 16:13:12,872 | INFO | HTTP Request: GET https://www.okx.com/api/v5/market/candles?instId=1INCH-USDT-SWAP&bar=5m&limit=89 "HTTP/2 200 OK"
2026-03-16 16:13:13,013 | INFO | HTTP Request: GET https://www.okx.com/api/v5/market/candles?instId=CRO-USDT-SWAP&bar=5m&limit=26 "HTTP/2 200 OK"
2026-03-16 16:13:13,275 | INFO | HTTP Request: GET https://www.okx.com/api/v5/market/ticker?instId=2Z-USDT-SWAP "HTTP/2 200 OK"
2026-03-16 16:13:13,493 | INFO | HTTP Request: GET https://www.okx.com/api/v5/market/candles?instId=BREV-USDT-SWAP&bar=5m&limit=26 "HTTP/2 200 OK"
2026-03-16 16:13:13,565 | INFO | HTTP Request: GET https://www.okx.com/api/v5/market/candles?instId=2Z-USDT-SWAP&bar=5m&limit=89 "HTTP/2 200 OK"
2026-03-16 16:13:13,775 | INFO | HTTP Request: GET https://www.okx.com/api/v5/market/candles?instId=2Z-USDT-SWAP&bar=5m&limit=71 "HTTP/2 200 OK"
2026-03-16 16:13:13,981 | INFO | HTTP Request: GET https://www.okx.com/api/v5/market/ticker?instId=A-USDT-SWAP "HTTP/2 200 OK"
2026-03-16 16:13:14,078 | INFO | HTTP Request: GET https://www.okx.com/api/v5/market/candles?instId=A-USDT-SWAP&bar=5m&limit=71 "HTTP/2 200 OK"
2026-03-16 16:13:14,092 | INFO | HTTP Request: GET https://www.okx.com/api/v5/market/candles?instId=BTC-USDT-SWAP&bar=5m&limit=64 "HTTP/2 200 OK"
2026-03-16 16:13:14,274 | INFO | HTTP Request: GET https://www.okx.com/api/v5/market/candles?instId=A-USDT-SWAP&bar=5m&limit=89 "HTTP/2 200 OK"
2026-03-16 16:13:14,421 | INFO | HTTP Request: GET https://www.okx.com/api/v5/market/candles?instId=AAVE-USDT-SWAP&bar=5m&limit=71 "HTTP/2 200 OK"
2026-03-16 16:13:14,668 | INFO | HTTP Request: GET https://www.okx.com/api/v5/market/candles?instId=ACT-USDT-SWAP&bar=5m&limit=71 "HTTP/2 200 OK"
2026-03-16 16:13:14,904 | INFO | HTTP Request: GET https://www.okx.com/api/v5/market/ticker?instId=AAVE-USDT-SWAP "HTTP/2 200 OK"
2026-03-16 16:13:15,006 | INFO | HTTP Request: GET https://www.okx.com/api/v5/market/candles?instId=ADA-USDT-SWAP&bar=5m&limit=71 "HTTP/2 200 OK"
2026-03-16 16:13:15,200 | INFO | HTTP Request: GET https://www.okx.com/api/v5/market/candles?instId=AAVE-USDT-SWAP&bar=5m&limit=89 "HTTP/2 200 OK"
2026-03-16 16:13:15,322 | INFO | HTTP Request: GET https://www.okx.com/api/v5/market/candles?instId=AI16Z-USDT-SWAP&bar=5m&limit=71 "HTTP/2 200 OK"
2026-03-16 16:13:15,587 | INFO | HTTP Request: GET https://www.okx.com/api/v5/market/ticker?instId=ACT-USDT-SWAP "HTTP/2 200 OK"
2026-03-16 16:13:15,879 | INFO | HTTP Request: GET https://www.okx.com/api/v5/market/candles?instId=AKITA-USDT-SWAP&bar=5m&limit=71 "HTTP/2 200 OK"
2026-03-16 16:13:16,000 | INFO | HTTP Request: GET https://www.okx.com/api/v5/market/ticker?instId=ADA-USDT-SWAP "HTTP/2 200 OK"
2026-03-16 16:13:16,269 | INFO | HTTP Request: GET https://www.okx.com/api/v5/market/candles?instId=ALGO-USDT-SWAP&bar=5m&limit=71 "HTTP/2 200 OK"
2026-03-16 16:13:16,362 | INFO | HTTP Request: GET https://www.okx.com/api/v5/market/ticker?instId=AI16Z-USDT-SWAP "HTTP/2 200 OK"
2026-03-16 16:13:16,646 | INFO | HTTP Request: GET https://www.okx.com/api/v5/market/candles?instId=ARB-USDT-SWAP&bar=5m&limit=71 "HTTP/2 200 OK"
2026-03-16 16:13:16,856 | INFO | HTTP Request: GET https://www.okx.com/api/v5/market/ticker?instId=AKITA-USDT-SWAP "HTTP/2 200 OK"
2026-03-16 16:13:16,942 | INFO | HTTP Request: GET https://www.okx.com/api/v5/market/candles?instId=ASP-USDT-SWAP&bar=5m&limit=71 "HTTP/2 200 OK"
2026-03-16 16:13:17,223 | INFO | HTTP Request: GET https://www.okx.com/api/v5/market/ticker?instId=ALGO-USDT-SWAP "HTTP/2 200 OK"
2026-03-16 16:13:17,271 | INFO | HTTP Request: GET https://www.okx.com/api/v5/market/candles?instId=ASTER-USDT-SWAP&bar=5m&limit=71 "HTTP/2 200 OK"
2026-03-16 16:13:17,567 | INFO | HTTP Request: GET https://www.okx.com/api/v5/market/ticker?instId=ASTER-USDT-SWAP "HTTP/2 200 OK"
2026-03-16 16:13:17,578 | INFO | ASTER-USDT-SWAP: Turtle 20 short-сигнал отклонён (закрытие не удержалось ниже канала)
2026-03-16 16:13:17,689 | INFO | HTTP Request: GET https://www.okx.com/api/v5/market/ticker?instId=ARB-USDT-SWAP "HTTP/2 200 OK"
2026-03-16 16:13:17,829 | INFO | HTTP Request: GET https://www.okx.com/api/v5/market/candles?instId=ATOM-USDT-SWAP&bar=5m&limit=71 "HTTP/2 200 OK"
2026-03-16 16:13:17,852 | INFO | HTTP Request: GET https://www.okx.com/api/v5/account/balance "HTTP/2 200 OK"
2026-03-16 16:13:18,112 | INFO | HTTP Request: GET https://www.okx.com/api/v5/market/ticker?instId=ASP-USDT-SWAP "HTTP/2 200 OK"
2026-03-16 16:13:18,131 | INFO | HTTP Request: GET https://www.okx.com/api/v5/market/candles?instId=AUCTION-USDT-SWAP&bar=5m&limit=71 "HTTP/2 200 OK"
2026-03-16 16:13:18,499 | INFO | HTTP Request: GET https://www.okx.com/api/v5/market/candles?instId=AVAX-USDT-SWAP&bar=5m&limit=71 "HTTP/2 200 OK"
2026-03-16 16:13:18,692 | INFO | HTTP Request: GET https://www.okx.com/api/v5/market/ticker?instId=ATOM-USDT-SWAP "HTTP/2 200 OK"
2026-03-16 16:13:18,992 | INFO | HTTP Request: GET https://www.okx.com/api/v5/market/candles?instId=AXS-USDT-SWAP&bar=5m&limit=71 "HTTP/2 200 OK"
2026-03-16 16:13:19,073 | INFO | HTTP Request: GET https://www.okx.com/api/v5/market/ticker?instId=AUCTION-USDT-SWAP "HTTP/2 200 OK"
2026-03-16 16:13:19,308 | INFO | HTTP Request: GET https://www.okx.com/api/v5/market/candles?instId=BAND-USDT-SWAP&bar=5m&limit=71 "HTTP/2 200 OK"
2026-03-16 16:13:19,480 | INFO | HTTP Request: GET https://www.okx.com/api/v5/market/ticker?instId=AVAX-USDT-SWAP "HTTP/2 200 OK"
2026-03-16 16:13:19,551 | INFO | HTTP Request: GET https://www.okx.com/api/v5/market/ticker?instId=BAND-USDT-SWAP "HTTP/2 200 OK"
2026-03-16 16:13:19,799 | INFO | HTTP Request: GET https://www.okx.com/api/v5/market/candles?instId=BCH-USDT-SWAP&bar=5m&limit=71 "HTTP/2 200 OK"
2026-03-16 16:13:19,961 | INFO | HTTP Request: GET https://www.okx.com/api/v5/market/ticker?instId=AXS-USDT-SWAP "HTTP/2 200 OK"
2026-03-16 16:13:20,118 | INFO | HTTP Request: GET https://www.okx.com/api/v5/market/candles?instId=BIO-USDT-SWAP&bar=5m&limit=71 "HTTP/2 200 OK"
2026-03-16 16:13:20,360 | INFO | HTTP Request: GET https://www.okx.com/api/v5/market/candles?instId=BTC-USDT-SWAP&bar=5m&limit=64 "HTTP/2 200 OK"
2026-03-16 16:13:20,411 | INFO | HTTP Request: GET https://www.okx.com/api/v5/market/candles?instId=BLUAI-USDT-SWAP&bar=5m&limit=71 "HTTP/2 200 OK"
2026-03-16 16:13:20,813 | INFO | HTTP Request: GET https://www.okx.com/api/v5/market/candles?instId=BNB-USDT-SWAP&bar=5m&limit=71 "HTTP/2 200 OK"
2026-03-16 16:13:21,088 | INFO | HTTP Request: GET https://www.okx.com/api/v5/market/ticker?instId=BCH-USDT-SWAP "HTTP/2 200 OK"
2026-03-16 16:13:21,180 | INFO | HTTP Request: GET https://www.okx.com/api/v5/market/candles?instId=BOME-USDT-SWAP&bar=5m&limit=71 "HTTP/2 200 OK"
2026-03-16 16:13:21,463 | INFO | HTTP Request: GET https://www.okx.com/api/v5/market/candles?instId=BRETT-USDT-SWAP&bar=5m&limit=71 "HTTP/2 200 OK"
2026-03-16 16:13:21,707 | INFO | HTTP Request: GET https://www.okx.com/api/v5/market/ticker?instId=BIO-USDT-SWAP "HTTP/2 200 OK"
2026-03-16 16:13:21,764 | INFO | HTTP Request: GET https://www.okx.com/api/v5/market/candles?instId=BTC-USDT-SWAP&bar=5m&limit=71 "HTTP/2 200 OK"
2026-03-16 16:13:22,074 | INFO | HTTP Request: GET https://www.okx.com/api/v5/market/ticker?instId=BLUAI-USDT-SWAP "HTTP/2 200 OK"
2026-03-16 16:13:22,191 | INFO | HTTP Request: GET https://www.okx.com/api/v5/market/candles?instId=CAT-USDT-SWAP&bar=5m&limit=71 "HTTP/2 200 OK"
2026-03-16 16:13:22,482 | INFO | HTTP Request: GET https://www.okx.com/api/v5/market/ticker?instId=BNB-USDT-SWAP "HTTP/2 200 OK"
2026-03-16 16:13:22,578 | INFO | HTTP Request: GET https://www.okx.com/api/v5/market/candles?instId=CATI-USDT-SWAP&bar=5m&limit=71 "HTTP/2 200 OK"
2026-03-16 16:13:22,923 | INFO | HTTP Request: GET https://www.okx.com/api/v5/market/candles?instId=CELO-USDT-SWAP&bar=5m&limit=71 "HTTP/2 200 OK"
2026-03-16 16:13:23,012 | INFO | HTTP Request: GET https://www.okx.com/api/v5/market/ticker?instId=BOME-USDT-SWAP "HTTP/2 200 OK"
2026-03-16 16:13:23,231 | INFO | HTTP Request: GET https://www.okx.com/api/v5/market/candles?instId=CFX-USDT-SWAP&bar=5m&limit=71 "HTTP/2 200 OK"
2026-03-16 16:13:23,298 | INFO | HTTP Request: GET https://www.okx.com/api/v5/account/balance "HTTP/2 200 OK"
2026-03-16 16:13:23,405 | INFO | HTTP Request: GET https://www.okx.com/api/v5/market/ticker?instId=BRETT-USDT-SWAP "HTTP/2 200 OK"
2026-03-16 16:13:23,484 | INFO | HTTP Request: GET https://www.okx.com/api/v5/market/candles?instId=CHZ-USDT-SWAP&bar=5m&limit=71 "HTTP/2 200 OK"
2026-03-16 16:13:23,801 | INFO | HTTP Request: GET https://www.okx.com/api/v5/market/ticker?instId=BREV-USDT-SWAP "HTTP/2 200 OK"
2026-03-16 16:13:23,925 | INFO | HTTP Request: GET https://www.okx.com/api/v5/market/candles?instId=COAI-USDT-SWAP&bar=5m&limit=71 "HTTP/2 200 OK"
2026-03-16 16:13:24,220 | INFO | HTTP Request: GET https://www.okx.com/api/v5/market/ticker?instId=BTC-USDT-SWAP "HTTP/2 200 OK"
2026-03-16 16:13:24,244 | INFO | HTTP Request: GET https://www.okx.com/api/v5/market/candles?instId=COMP-USDT-SWAP&bar=5m&limit=71 "HTTP/2 200 OK"
2026-03-16 16:13:24,552 | INFO | HTTP Request: GET https://www.okx.com/api/v5/market/candles?instId=CRV-USDT-SWAP&bar=5m&limit=71 "HTTP/2 200 OK"
2026-03-16 16:13:24,724 | INFO | HTTP Request: GET https://www.okx.com/api/v5/market/ticker?instId=CAT-USDT-SWAP "HTTP/2 200 OK"
2026-03-16 16:13:24,799 | INFO | HTTP Request: GET https://www.okx.com/api/v5/market/candles?instId=DOGE-USDT-SWAP&bar=5m&limit=71 "HTTP/2 200 OK"
2026-03-16 16:13:25,112 | INFO | HTTP Request: GET https://www.okx.com/api/v5/market/candles?instId=DOT-USDT-SWAP&bar=5m&limit=71 "HTTP/2 200 OK"
2026-03-16 16:13:25,176 | INFO | HTTP Request: GET https://www.okx.com/api/v5/market/ticker?instId=CATI-USDT-SWAP "HTTP/2 200 OK"
2026-03-16 16:13:25,593 | INFO | HTTP Request: GET https://www.okx.com/api/v5/market/candles?instId=ENA-USDT-SWAP&bar=5m&limit=71 "HTTP/2 200 OK"
2026-03-16 16:13:25,628 | INFO | HTTP Request: GET https://www.okx.com/api/v5/market/ticker?instId=CELO-USDT-SWAP "HTTP/2 200 OK"
2026-03-16 16:13:25,923 | INFO | HTTP Request: GET https://www.okx.com/api/v5/market/candles?instId=EOS-USDT-SWAP&bar=5m&limit=71 "HTTP/2 200 OK"
2026-03-16 16:13:26,041 | INFO | HTTP Request: GET https://www.okx.com/api/v5/market/ticker?instId=CFX-USDT-SWAP "HTTP/2 200 OK"
2026-03-16 16:13:26,230 | INFO | HTTP Request: GET https://www.okx.com/api/v5/market/candles?instId=ETC-USDT-SWAP&bar=5m&limit=71 "HTTP/2 200 OK"
2026-03-16 16:13:26,436 | INFO | HTTP Request: GET https://www.okx.com/api/v5/market/ticker?instId=CHZ-USDT-SWAP "HTTP/2 200 OK"
2026-03-16 16:13:26,491 | INFO | HTTP Request: GET https://www.okx.com/api/v5/market/ticker?instId=ETC-USDT-SWAP "HTTP/2 200 OK"
2026-03-16 16:13:26,672 | INFO | HTTP Request: GET https://www.okx.com/api/v5/market/candles?instId=BTC-USDT-SWAP&bar=5m&limit=64 "HTTP/2 200 OK"
2026-03-16 16:13:26,740 | INFO | HTTP Request: GET https://www.okx.com/api/v5/market/candles?instId=ETH-USDT-SWAP&bar=5m&limit=71 "HTTP/2 200 OK"
2026-03-16 16:13:26,801 | INFO | HTTP Request: GET https://www.okx.com/api/v5/market/ticker?instId=COAI-USDT-SWAP "HTTP/2 200 OK"
2026-03-16 16:13:26,975 | INFO | HTTP Request: GET https://www.okx.com/api/v5/market/candles?instId=ETHFI-USDT-SWAP&bar=5m&limit=71 "HTTP/2 200 OK"
2026-03-16 16:13:27,263 | INFO | HTTP Request: GET https://www.okx.com/api/v5/market/ticker?instId=COMP-USDT-SWAP "HTTP/2 200 OK"
2026-03-16 16:13:27,359 | INFO | HTTP Request: GET https://www.okx.com/api/v5/market/ticker?instId=ETHFI-USDT-SWAP "HTTP/2 200 OK"
2026-03-16 16:13:27,621 | INFO | HTTP Request: GET https://www.okx.com/api/v5/market/candles?instId=ETHW-USDT-SWAP&bar=5m&limit=71 "HTTP/2 200 OK"
2026-03-16 16:13:27,691 | INFO | HTTP Request: GET https://www.okx.com/api/v5/market/ticker?instId=CRO-USDT-SWAP "HTTP/2 200 OK"
2026-03-16 16:13:27,932 | INFO | HTTP Request: GET https://www.okx.com/api/v5/market/candles?instId=FIL-USDT-SWAP&bar=5m&limit=71 "HTTP/2 200 OK"
2026-03-16 16:13:28,182 | INFO | HTTP Request: GET https://www.okx.com/api/v5/market/ticker?instId=FIL-USDT-SWAP "HTTP/2 200 OK"
2026-03-16 16:13:28,207 | INFO | HTTP Request: GET https://www.okx.com/api/v5/market/ticker?instId=CRV-USDT-SWAP "HTTP/2 200 OK"
2026-03-16 16:13:28,489 | INFO | HTTP Request: GET https://www.okx.com/api/v5/market/candles?instId=FLOKI-USDT-SWAP&bar=5m&limit=71 "HTTP/2 200 OK"
2026-03-16 16:13:28,630 | INFO | HTTP Request: GET https://www.okx.com/api/v5/market/ticker?instId=DOGE-USDT-SWAP "HTTP/2 200 OK"
2026-03-16 16:13:28,710 | INFO | HTTP Request: GET https://www.okx.com/api/v5/account/balance "HTTP/2 200 OK"
2026-03-16 16:13:28,808 | INFO | HTTP Request: GET https://www.okx.com/api/v5/market/candles?instId=GMT-USDT-SWAP&bar=5m&limit=71 "HTTP/2 200 OK"
2026-03-16 16:13:29,045 | INFO | HTTP Request: GET https://www.okx.com/api/v5/market/ticker?instId=DOT-USDT-SWAP "HTTP/2 200 OK"
2026-03-16 16:13:29,088 | INFO | HTTP Request: GET https://www.okx.com/api/v5/market/candles?instId=H-USDT-SWAP&bar=5m&limit=71 "HTTP/2 200 OK"
2026-03-16 16:13:29,392 | INFO | HTTP Request: GET https://www.okx.com/api/v5/market/candles?instId=HBAR-USDT-SWAP&bar=5m&limit=71 "HTTP/2 200 OK"
2026-03-16 16:13:29,454 | INFO | HTTP Request: GET https://www.okx.com/api/v5/market/ticker?instId=ENA-USDT-SWAP "HTTP/2 200 OK"
2026-03-16 16:13:29,631 | INFO | HTTP Request: GET https://www.okx.com/api/v5/market/candles?instId=HMSTR-USDT-SWAP&bar=5m&limit=71 "HTTP/2 200 OK"
2026-03-16 16:13:29,919 | INFO | HTTP Request: GET https://www.okx.com/api/v5/market/ticker?instId=EOS-USDT-SWAP "HTTP/2 200 OK"
2026-03-16 16:13:29,929 | INFO | HTTP Request: GET https://www.okx.com/api/v5/market/candles?instId=HOME-USDT-SWAP&bar=5m&limit=71 "HTTP/2 200 OK"
2026-03-16 16:13:30,265 | INFO | HTTP Request: GET https://www.okx.com/api/v5/market/candles?instId=ICP-USDT-SWAP&bar=5m&limit=71 "HTTP/2 200 OK"
2026-03-16 16:13:30,412 | INFO | HTTP Request: GET https://www.okx.com/api/v5/market/ticker?instId=ETH-USDT-SWAP "HTTP/2 200 OK"
2026-03-16 16:13:30,576 | INFO | HTTP Request: GET https://www.okx.com/api/v5/market/candles?instId=IMX-USDT-SWAP&bar=5m&limit=71 "HTTP/2 200 OK"
2026-03-16 16:13:30,872 | INFO | HTTP Request: GET https://www.okx.com/api/v5/market/candles?instId=INJ-USDT-SWAP&bar=5m&limit=71 "HTTP/2 200 OK"
2026-03-16 16:13:30,961 | INFO | HTTP Request: GET https://www.okx.com/api/v5/market/ticker?instId=ETHW-USDT-SWAP "HTTP/2 200 OK"
2026-03-16 16:13:31,173 | INFO | HTTP Request: GET https://www.okx.com/api/v5/market/candles?instId=IOTA-USDT-SWAP&bar=5m&limit=71 "HTTP/2 200 OK"
2026-03-16 16:13:31,425 | INFO | HTTP Request: GET https://www.okx.com/api/v5/market/candles?instId=JUP-USDT-SWAP&bar=5m&limit=71 "HTTP/2 200 OK"
2026-03-16 16:13:31,511 | INFO | HTTP Request: GET https://www.okx.com/api/v5/market/ticker?instId=FLOKI-USDT-SWAP "HTTP/2 200 OK"
2026-03-16 16:13:31,676 | INFO | HTTP Request: GET https://www.okx.com/api/v5/market/candles?instId=KAITO-USDT-SWAP&bar=5m&limit=71 "HTTP/2 200 OK"
2026-03-16 16:13:31,922 | INFO | HTTP Request: GET https://www.okx.com/api/v5/market/candles?instId=KSM-USDT-SWAP&bar=5m&limit=71 "HTTP/2 200 OK"
2026-03-16 16:13:32,060 | INFO | HTTP Request: GET https://www.okx.com/api/v5/market/ticker?instId=GMT-USDT-SWAP "HTTP/2 200 OK"
2026-03-16 16:13:32,223 | INFO | HTTP Request: GET https://www.okx.com/api/v5/market/candles?instId=LDO-USDT-SWAP&bar=5m&limit=71 "HTTP/2 200 OK"
2026-03-16 16:13:32,481 | INFO | HTTP Request: GET https://www.okx.com/api/v5/market/ticker?instId=H-USDT-SWAP "HTTP/2 200 OK"
2026-03-16 16:13:32,618 | INFO | HTTP Request: GET https://www.okx.com/api/v5/market/ticker?instId=LDO-USDT-SWAP "HTTP/2 200 OK"
2026-03-16 16:13:32,622 | INFO | LDO-USDT-SWAP: Turtle 20 short-сигнал отклонён (закрытие не удержалось ниже канала)
2026-03-16 16:13:32,848 | INFO | HTTP Request: GET https://www.okx.com/api/v5/market/candles?instId=BTC-USDT-SWAP&bar=5m&limit=64 "HTTP/2 200 OK"
2026-03-16 16:13:32,902 | INFO | HTTP Request: GET https://www.okx.com/api/v5/market/ticker?instId=HBAR-USDT-SWAP "HTTP/2 200 OK"
2026-03-16 16:13:32,984 | INFO | HTTP Request: GET https://www.okx.com/api/v5/market/candles?instId=LINEA-USDT-SWAP&bar=5m&limit=71 "HTTP/2 200 OK"
2026-03-16 16:13:33,355 | INFO | HTTP Request: GET https://www.okx.com/api/v5/market/candles?instId=LINK-USDT-SWAP&bar=5m&limit=71 "HTTP/2 200 OK"
2026-03-16 16:13:33,400 | INFO | HTTP Request: GET https://www.okx.com/api/v5/market/ticker?instId=HMSTR-USDT-SWAP "HTTP/2 200 OK"
2026-03-16 16:13:33,599 | INFO | HTTP Request: GET https://www.okx.com/api/v5/market/candles?instId=LIT-USDT-SWAP&bar=5m&limit=71 "HTTP/2 200 OK"
2026-03-16 16:13:33,844 | INFO | HTTP Request: GET https://www.okx.com/api/v5/market/ticker?instId=HOME-USDT-SWAP "HTTP/2 200 OK"
2026-03-16 16:13:33,921 | INFO | HTTP Request: GET https://www.okx.com/api/v5/market/candles?instId=LPT-USDT-SWAP&bar=5m&limit=71 "HTTP/2 200 OK"
2026-03-16 16:13:34,133 | INFO | HTTP Request: GET https://www.okx.com/api/v5/account/balance "HTTP/2 200 OK"
2026-03-16 16:13:34,259 | INFO | HTTP Request: GET https://www.okx.com/api/v5/market/candles?instId=LQTY-USDT-SWAP&bar=5m&limit=71 "HTTP/2 200 OK"
2026-03-16 16:13:34,261 | INFO | HTTP Request: GET https://www.okx.com/api/v5/market/ticker?instId=ICP-USDT-SWAP "HTTP/2 200 OK"
2026-03-16 16:13:34,561 | INFO | HTTP Request: GET https://www.okx.com/api/v5/market/candles?instId=LRC-USDT-SWAP&bar=5m&limit=71 "HTTP/2 200 OK"
2026-03-16 16:13:34,756 | INFO | HTTP Request: GET https://www.okx.com/api/v5/market/ticker?instId=IMX-USDT-SWAP "HTTP/2 200 OK"
2026-03-16 16:13:34,869 | INFO | HTTP Request: GET https://www.okx.com/api/v5/market/candles?instId=LTC-USDT-SWAP&bar=5m&limit=71 "HTTP/2 200 OK"
2026-03-16 16:13:35,240 | INFO | HTTP Request: GET https://www.okx.com/api/v5/market/ticker?instId=INJ-USDT-SWAP "HTTP/2 200 OK"
2026-03-16 16:13:35,259 | INFO | HTTP Request: GET https://www.okx.com/api/v5/market/candles?instId=MAGIC-USDT-SWAP&bar=5m&limit=71 "HTTP/2 200 OK"
2026-03-16 16:13:35,584 | INFO | HTTP Request: GET https://www.okx.com/api/v5/market/ticker?instId=MAGIC-USDT-SWAP "HTTP/2 200 OK"
2026-03-16 16:13:35,594 | INFO | MAGIC-USDT-SWAP: Turtle 55 long-сигнал отклонён (закрытие не удержалось выше канала)
2026-03-16 16:13:35,608 | INFO | MAGIC-USDT-SWAP: Turtle 20 long-сигнал отклонён (закрытие не удержалось выше канала)
2026-03-16 16:13:35,705 | INFO | HTTP Request: GET https://www.okx.com/api/v5/market/ticker?instId=IOTA-USDT-SWAP "HTTP/2 200 OK"
2026-03-16 16:13:35,864 | INFO | HTTP Request: GET https://www.okx.com/api/v5/market/candles?instId=MAJOR-USDT-SWAP&bar=5m&limit=71 "HTTP/2 200 OK"
2026-03-16 16:13:36,133 | INFO | HTTP Request: GET https://www.okx.com/api/v5/market/ticker?instId=JUP-USDT-SWAP "HTTP/2 200 OK"
2026-03-16 16:13:36,164 | INFO | HTTP Request: GET https://www.okx.com/api/v5/market/candles?instId=MASK-USDT-SWAP&bar=5m&limit=71 "HTTP/2 200 OK"
2026-03-16 16:13:36,423 | INFO | HTTP Request: GET https://www.okx.com/api/v5/market/candles?instId=MET-USDT-SWAP&bar=5m&limit=71 "HTTP/2 200 OK"
2026-03-16 16:13:36,590 | INFO | HTTP Request: GET https://www.okx.com/api/v5/market/ticker?instId=KAITO-USDT-SWAP "HTTP/2 200 OK"
2026-03-16 16:13:36,833 | INFO | HTTP Request: GET https://www.okx.com/api/v5/market/candles?instId=MINA-USDT-SWAP&bar=5m&limit=71 "HTTP/2 200 OK"
2026-03-16 16:13:37,040 | INFO | HTTP Request: GET https://www.okx.com/api/v5/market/ticker?instId=KSM-USDT-SWAP "HTTP/2 200 OK"
2026-03-16 16:13:37,134 | INFO | HTTP Request: GET https://www.okx.com/api/v5/market/ticker?instId=MINA-USDT-SWAP "HTTP/2 200 OK"
2026-03-16 16:13:37,438 | INFO | HTTP Request: GET https://www.okx.com/api/v5/market/candles?instId=MKR-USDT-SWAP&bar=5m&limit=71 "HTTP/2 200 OK"
2026-03-16 16:13:37,588 | INFO | HTTP Request: GET https://www.okx.com/api/v5/market/ticker?instId=LINEA-USDT-SWAP "HTTP/2 200 OK"
2026-03-16 16:13:37,683 | INFO | HTTP Request: GET https://www.okx.com/api/v5/market/candles?instId=MUBARAK-USDT-SWAP&bar=5m&limit=71 "HTTP/2 200 OK"
2026-03-16 16:13:37,964 | INFO | HTTP Request: GET https://www.okx.com/api/v5/market/ticker?instId=LINK-USDT-SWAP "HTTP/2 200 OK"
2026-03-16 16:13:38,005 | INFO | HTTP Request: GET https://www.okx.com/api/v5/market/candles?instId=NEAR-USDT-SWAP&bar=5m&limit=71 "HTTP/2 200 OK"
2026-03-16 16:13:38,363 | INFO | HTTP Request: GET https://www.okx.com/api/v5/market/candles?instId=NEO-USDT-SWAP&bar=5m&limit=71 "HTTP/2 200 OK"
2026-03-16 16:13:38,373 | INFO | HTTP Request: GET https://www.okx.com/api/v5/market/ticker?instId=LIT-USDT-SWAP "HTTP/2 200 OK"
2026-03-16 16:13:38,662 | INFO | HTTP Request: GET https://www.okx.com/api/v5/market/candles?instId=NOT-USDT-SWAP&bar=5m&limit=71 "HTTP/2 200 OK"
2026-03-16 16:13:38,835 | INFO | HTTP Request: GET https://www.okx.com/api/v5/market/ticker?instId=LPT-USDT-SWAP "HTTP/2 200 OK"
2026-03-16 16:13:38,966 | INFO | HTTP Request: GET https://www.okx.com/api/v5/market/candles?instId=OP-USDT-SWAP&bar=5m&limit=71 "HTTP/2 200 OK"
2026-03-16 16:13:39,116 | INFO | HTTP Request: GET https://www.okx.com/api/v5/market/candles?instId=BTC-USDT-SWAP&bar=5m&limit=64 "HTTP/2 200 OK"
2026-03-16 16:13:39,276 | INFO | HTTP Request: GET https://www.okx.com/api/v5/market/candles?instId=PEPE-USDT-SWAP&bar=5m&limit=71 "HTTP/2 200 OK"
2026-03-16 16:13:39,289 | INFO | HTTP Request: GET https://www.okx.com/api/v5/market/ticker?instId=LQTY-USDT-SWAP "HTTP/2 200 OK"
2026-03-16 16:13:39,616 | INFO | HTTP Request: GET https://www.okx.com/api/v5/account/balance "HTTP/2 200 OK"
2026-03-16 16:13:39,631 | INFO | HTTP Request: GET https://www.okx.com/api/v5/market/candles?instId=PIGGY-USDT-SWAP&bar=5m&limit=71 "HTTP/2 200 OK"
2026-03-16 16:13:39,700 | INFO | HTTP Request: GET https://www.okx.com/api/v5/market/ticker?instId=LRC-USDT-SWAP "HTTP/2 200 OK"
2026-03-16 16:13:39,939 | INFO | HTTP Request: GET https://www.okx.com/api/v5/market/candles?instId=QTUM-USDT-SWAP&bar=5m&limit=71 "HTTP/2 200 OK"
2026-03-16 16:13:40,160 | INFO | HTTP Request: GET https://www.okx.com/api/v5/market/ticker?instId=LTC-USDT-SWAP "HTTP/2 200 OK"
2026-03-16 16:13:40,316 | INFO | HTTP Request: GET https://www.okx.com/api/v5/market/candles?instId=RAVE-USDT-SWAP&bar=5m&limit=71 "HTTP/2 200 OK"
2026-03-16 16:13:40,653 | INFO | HTTP Request: GET https://www.okx.com/api/v5/market/ticker?instId=MAJOR-USDT-SWAP "HTTP/2 200 OK"
2026-03-16 16:13:40,662 | INFO | HTTP Request: GET https://www.okx.com/api/v5/market/candles?instId=RESOLV-USDT-SWAP&bar=5m&limit=71 "HTTP/2 200 OK"
2026-03-16 16:13:40,992 | INFO | HTTP Request: GET https://www.okx.com/api/v5/market/candles?instId=ROBO-USDT-SWAP&bar=5m&limit=71 "HTTP/2 200 OK"
2026-03-16 16:13:41,025 | INFO | HTTP Request: GET https://www.okx.com/api/v5/market/ticker?instId=MASK-USDT-SWAP "HTTP/2 200 OK"
2026-03-16 16:13:41,227 | INFO | HTTP Request: GET https://www.okx.com/api/v5/market/candles?instId=SAND-USDT-SWAP&bar=5m&limit=71 "HTTP/2 200 OK"
2026-03-16 16:13:41,396 | INFO | HTTP Request: GET https://www.okx.com/api/v5/market/ticker?instId=MET-USDT-SWAP "HTTP/2 200 OK"
2026-03-16 16:13:41,590 | INFO | HTTP Request: GET https://www.okx.com/api/v5/market/candles?instId=SCR-USDT-SWAP&bar=5m&limit=71 "HTTP/2 200 OK"
2026-03-16 16:13:41,890 | INFO | HTTP Request: GET https://www.okx.com/api/v5/market/candles?instId=SHIB-USDT-SWAP&bar=5m&limit=71 "HTTP/2 200 OK"
2026-03-16 16:13:41,995 | INFO | HTTP Request: GET https://www.okx.com/api/v5/market/ticker?instId=MKR-USDT-SWAP "HTTP/2 200 OK"
2026-03-16 16:13:42,237 | INFO | HTTP Request: GET https://www.okx.com/api/v5/market/candles?instId=SKY-USDT-SWAP&bar=5m&limit=71 "HTTP/2 200 OK"
2026-03-16 16:13:42,474 | INFO | HTTP Request: GET https://www.okx.com/api/v5/market/ticker?instId=MUBARAK-USDT-SWAP "HTTP/2 200 OK"
2026-03-16 16:13:42,494 | INFO | HTTP Request: GET https://www.okx.com/api/v5/market/candles?instId=SOL-USDT-SWAP&bar=5m&limit=71 "HTTP/2 200 OK"
2026-03-16 16:13:42,874 | INFO | HTTP Request: GET https://www.okx.com/api/v5/market/candles?instId=SOLV-USDT-SWAP&bar=5m&limit=71 "HTTP/2 200 OK"
2026-03-16 16:13:42,890 | INFO | HTTP Request: GET https://www.okx.com/api/v5/market/ticker?instId=NEAR-USDT-SWAP "HTTP/2 200 OK"
2026-03-16 16:13:43,211 | INFO | HTTP Request: GET https://www.okx.com/api/v5/market/candles?instId=SPK-USDT-SWAP&bar=5m&limit=71 "HTTP/2 200 OK"
2026-03-16 16:13:43,258 | INFO | HTTP Request: GET https://www.okx.com/api/v5/market/ticker?instId=NEO-USDT-SWAP "HTTP/2 200 OK"
2026-03-16 16:13:43,541 | INFO | HTTP Request: GET https://www.okx.com/api/v5/market/candles?instId=STRK-USDT-SWAP&bar=5m&limit=71 "HTTP/2 200 OK"
2026-03-16 16:13:43,618 | INFO | HTTP Request: GET https://www.okx.com/api/v5/market/ticker?instId=NOT-USDT-SWAP "HTTP/2 200 OK"
2026-03-16 16:13:43,872 | INFO | HTTP Request: GET https://www.okx.com/api/v5/market/candles?instId=SUI-USDT-SWAP&bar=5m&limit=71 "HTTP/2 200 OK"
2026-03-16 16:13:44,086 | INFO | HTTP Request: GET https://www.okx.com/api/v5/market/ticker?instId=OP-USDT-SWAP "HTTP/2 200 OK"
2026-03-16 16:13:44,180 | INFO | HTTP Request: GET https://www.okx.com/api/v5/market/candles?instId=SUSHI-USDT-SWAP&bar=5m&limit=71 "HTTP/2 200 OK"
2026-03-16 16:13:44,523 | INFO | HTTP Request: GET https://www.okx.com/api/v5/market/ticker?instId=PEPE-USDT-SWAP "HTTP/2 200 OK"
2026-03-16 16:13:44,537 | INFO | HTTP Request: GET https://www.okx.com/api/v5/market/ticker?instId=SUSHI-USDT-SWAP "HTTP/2 200 OK"
2026-03-16 16:13:44,540 | INFO | SUSHI-USDT-SWAP: Turtle 55 long-сигнал отклонён (закрытие не удержалось выше канала)
2026-03-16 16:13:44,547 | INFO | SUSHI-USDT-SWAP: Turtle 20 long-сигнал отклонён (закрытие не удержалось выше канала)
2026-03-16 16:13:44,848 | INFO | HTTP Request: GET https://www.okx.com/api/v5/market/candles?instId=SYRUP-USDT-SWAP&bar=5m&limit=71 "HTTP/2 200 OK"
2026-03-16 16:13:44,936 | INFO | HTTP Request: GET https://www.okx.com/api/v5/market/ticker?instId=PIGGY-USDT-SWAP "HTTP/2 200 OK"
2026-03-16 16:13:44,991 | INFO | HTTP Request: GET https://www.okx.com/api/v5/account/balance "HTTP/2 200 OK"
2026-03-16 16:13:45,091 | INFO | HTTP Request: GET https://www.okx.com/api/v5/market/candles?instId=TEST1234-USDT-SWAP&bar=5m&limit=71 "HTTP/2 200 OK"
2026-03-16 16:13:45,353 | INFO | HTTP Request: GET https://www.okx.com/api/v5/market/candles?instId=BTC-USDT-SWAP&bar=5m&limit=64 "HTTP/2 200 OK"
2026-03-16 16:13:45,392 | INFO | HTTP Request: GET https://www.okx.com/api/v5/market/candles?instId=TEST3103-USDT-SWAP&bar=5m&limit=71 "HTTP/2 200 OK"
2026-03-16 16:13:45,455 | INFO | HTTP Request: GET https://www.okx.com/api/v5/market/ticker?instId=QTUM-USDT-SWAP "HTTP/2 200 OK"
2026-03-16 16:13:45,804 | INFO | HTTP Request: GET https://www.okx.com/api/v5/market/candles?instId=TEST3110-USDT-SWAP&bar=5m&limit=71 "HTTP/2 200 OK"
2026-03-16 16:13:45,872 | INFO | HTTP Request: GET https://www.okx.com/api/v5/market/ticker?instId=RAVE-USDT-SWAP "HTTP/2 200 OK"
2026-03-16 16:13:46,061 | INFO | HTTP Request: GET https://www.okx.com/api/v5/market/candles?instId=THETA-USDT-SWAP&bar=5m&limit=71 "HTTP/2 200 OK"
2026-03-16 16:13:46,345 | INFO | HTTP Request: GET https://www.okx.com/api/v5/market/ticker?instId=RESOLV-USDT-SWAP "HTTP/2 200 OK"
2026-03-16 16:13:46,355 | INFO | HTTP Request: GET https://www.okx.com/api/v5/market/candles?instId=TON-USDT-SWAP&bar=5m&limit=71 "HTTP/2 200 OK"
2026-03-16 16:13:46,681 | INFO | HTTP Request: GET https://www.okx.com/api/v5/market/ticker?instId=TON-USDT-SWAP "HTTP/2 200 OK"
2026-03-16 16:13:46,685 | INFO | TON-USDT-SWAP: Turtle 20 short-сигнал отклонён (закрытие не удержалось ниже канала)
2026-03-16 16:13:46,792 | INFO | HTTP Request: GET https://www.okx.com/api/v5/market/ticker?instId=ROBO-USDT-SWAP "HTTP/2 200 OK"
2026-03-16 16:13:46,984 | INFO | HTTP Request: GET https://www.okx.com/api/v5/market/candles?instId=TRIA-USDT-SWAP&bar=5m&limit=71 "HTTP/2 200 OK"
2026-03-16 16:13:47,162 | INFO | HTTP Request: GET https://www.okx.com/api/v5/market/ticker?instId=SAND-USDT-SWAP "HTTP/2 200 OK"
2026-03-16 16:13:47,305 | INFO | HTTP Request: GET https://www.okx.com/api/v5/market/candles?instId=TRX-USDT-SWAP&bar=5m&limit=71 "HTTP/2 200 OK"
2026-03-16 16:13:47,609 | INFO | HTTP Request: GET https://www.okx.com/api/v5/market/candles?instId=TSLA-USDT-SWAP&bar=5m&limit=71 "HTTP/2 200 OK"
2026-03-16 16:13:47,619 | INFO | HTTP Request: GET https://www.okx.com/api/v5/market/ticker?instId=SCR-USDT-SWAP "HTTP/2 200 OK"
2026-03-16 16:13:47,987 | INFO | HTTP Request: GET https://www.okx.com/api/v5/market/candles?instId=XAG-USDT-SWAP&bar=5m&limit=71 "HTTP/2 200 OK"
2026-03-16 16:13:48,074 | INFO | HTTP Request: GET https://www.okx.com/api/v5/market/ticker?instId=SHIB-USDT-SWAP "HTTP/2 200 OK"
2026-03-16 16:13:48,389 | INFO | HTTP Request: GET https://www.okx.com/api/v5/market/candles?instId=XAU-USDT-SWAP&bar=5m&limit=71 "HTTP/2 200 OK"
2026-03-16 16:13:48,609 | INFO | HTTP Request: GET https://www.okx.com/api/v5/market/ticker?instId=SKY-USDT-SWAP "HTTP/2 200 OK"
2026-03-16 16:13:48,686 | INFO | HTTP Request: GET https://www.okx.com/api/v5/market/candles?instId=XLM-USDT-SWAP&bar=5m&limit=71 "HTTP/2 200 OK"
2026-03-16 16:13:48,966 | INFO | HTTP Request: GET https://www.okx.com/api/v5/market/candles?instId=XPL-USDT-SWAP&bar=5m&limit=71 "HTTP/2 200 OK"
2026-03-16 16:13:48,979 | INFO | HTTP Request: GET https://www.okx.com/api/v5/market/ticker?instId=SOL-USDT-SWAP "HTTP/2 200 OK"
2026-03-16 16:13:49,269 | INFO | HTTP Request: GET https://www.okx.com/api/v5/market/candles?instId=XRP-USDT-SWAP&bar=5m&limit=71 "HTTP/2 200 OK"
2026-03-16 16:13:49,335 | INFO | HTTP Request: GET https://www.okx.com/api/v5/market/ticker?instId=SOLV-USDT-SWAP "HTTP/2 200 OK"
2026-03-16 16:13:49,578 | INFO | HTTP Request: GET https://www.okx.com/api/v5/market/candles?instId=XSR-USDT-SWAP&bar=5m&limit=71 "HTTP/2 200 OK"
2026-03-16 16:13:49,810 | INFO | HTTP Request: GET https://www.okx.com/api/v5/market/ticker?instId=SPK-USDT-SWAP "HTTP/2 200 OK"
2026-03-16 16:13:49,839 | INFO | HTTP Request: GET https://www.okx.com/api/v5/market/candles?instId=XTZ-USDT-SWAP&bar=5m&limit=71 "HTTP/2 200 OK"
2026-03-16 16:13:50,146 | INFO | HTTP Request: GET https://www.okx.com/api/v5/market/ticker?instId=XTZ-USDT-SWAP "HTTP/2 200 OK"
2026-03-16 16:13:50,229 | INFO | HTTP Request: GET https://www.okx.com/api/v5/market/ticker?instId=STRK-USDT-SWAP "HTTP/2 200 OK"
2026-03-16 16:13:50,358 | INFO | HTTP Request: GET https://www.okx.com/api/v5/account/balance "HTTP/2 200 OK"
2026-03-16 16:13:50,447 | INFO | HTTP Request: GET https://www.okx.com/api/v5/market/candles?instId=YB-USDT-SWAP&bar=5m&limit=71 "HTTP/2 200 OK"
2026-03-16 16:13:50,670 | INFO | HTTP Request: GET https://www.okx.com/api/v5/market/ticker?instId=SUI-USDT-SWAP "HTTP/2 200 OK"
2026-03-16 16:13:50,828 | INFO | HTTP Request: GET https://www.okx.com/api/v5/market/candles?instId=YFI-USDT-SWAP&bar=5m&limit=71 "HTTP/2 200 OK"
2026-03-16 16:13:51,145 | INFO | HTTP Request: GET https://www.okx.com/api/v5/market/ticker?instId=SYRUP-USDT-SWAP "HTTP/2 200 OK"
2026-03-16 16:13:51,174 | INFO | HTTP Request: GET https://www.okx.com/api/v5/market/candles?instId=YGG-USDT-SWAP&bar=5m&limit=71 "HTTP/2 200 OK"
2026-03-16 16:13:51,476 | INFO | HTTP Request: GET https://www.okx.com/api/v5/market/candles?instId=ZAMA-USDT-SWAP&bar=5m&limit=71 "HTTP/2 200 OK"
2026-03-16 16:13:51,536 | INFO | HTTP Request: GET https://www.okx.com/api/v5/market/candles?instId=BTC-USDT-SWAP&bar=5m&limit=64 "HTTP/2 200 OK"
2026-03-16 16:13:51,596 | INFO | HTTP Request: GET https://www.okx.com/api/v5/market/ticker?instId=TEST1234-USDT-SWAP "HTTP/2 200 OK"
2026-03-16 16:13:51,733 | INFO | HTTP Request: GET https://www.okx.com/api/v5/market/candles?instId=ZBCN-USDT-SWAP&bar=5m&limit=71 "HTTP/2 200 OK"
2026-03-16 16:13:52,013 | INFO | HTTP Request: GET https://www.okx.com/api/v5/market/ticker?instId=TEST3103-USDT-SWAP "HTTP/2 200 OK"
2026-03-16 16:13:52,082 | INFO | HTTP Request: GET https://www.okx.com/api/v5/market/candles?instId=ZETA-USDT-SWAP&bar=5m&limit=71 "HTTP/2 200 OK"
2026-03-16 16:13:52,381 | INFO | HTTP Request: GET https://www.okx.com/api/v5/market/candles?instId=ZIL-USDT-SWAP&bar=5m&limit=71 "HTTP/2 200 OK"
2026-03-16 16:13:52,464 | INFO | HTTP Request: GET https://www.okx.com/api/v5/market/ticker?instId=TEST3110-USDT-SWAP "HTTP/2 200 OK"
2026-03-16 16:13:52,635 | INFO | HTTP Request: GET https://www.okx.com/api/v5/account/balance "HTTP/2 200 OK"
2026-03-16 16:13:52,638 | INFO | Placing order ETHFI-USDT-SWAP buy qty=1897.0
2026-03-16 16:13:52,966 | INFO | HTTP Request: GET https://www.okx.com/api/v5/market/ticker?instId=THETA-USDT-SWAP "HTTP/2 200 OK"
2026-03-16 16:13:53,056 | INFO | HTTP Request: POST https://www.okx.com/api/v5/trade/order "HTTP/2 200 OK"
2026-03-16 16:13:53,315 | INFO | HTTP Request: GET https://www.okx.com/api/v5/account/positions?instType=SWAP "HTTP/2 200 OK"
2026-03-16 16:13:53,534 | INFO | HTTP Request: GET https://www.okx.com/api/v5/market/ticker?instId=TRIA-USDT-SWAP "HTTP/2 200 OK"
2026-03-16 16:13:53,628 | INFO | HTTP Request: GET https://www.okx.com/api/v5/market/candles?instId=ETHFI-USDT-SWAP&bar=5m&limit=81 "HTTP/2 200 OK"
2026-03-16 16:13:53,641 | INFO | Placing exchange stop ETHFI-USDT-SWAP long payload={'instId': 'ETHFI-USDT-SWAP', 'tdMode': 'isolated', 'side': 'sell', 'posSide': 'net', 'ordType': 'conditional', 'sz': '1897', 'slTriggerPx': '0.74033', 'slOrdPx': '-1'}
2026-03-16 16:13:53,966 | INFO | HTTP Request: GET https://www.okx.com/api/v5/market/ticker?instId=TRX-USDT-SWAP "HTTP/2 200 OK"
2026-03-16 16:13:54,008 | INFO | HTTP Request: POST https://www.okx.com/api/v5/trade/order-algo "HTTP/2 200 OK"
2026-03-16 16:13:54,374 | INFO | HTTP Request: GET https://www.okx.com/api/v5/account/balance "HTTP/2 200 OK"
2026-03-16 16:13:54,405 | INFO | HTTP Request: GET https://www.okx.com/api/v5/market/ticker?instId=TSLA-USDT-SWAP "HTTP/2 200 OK"
2026-03-16 16:13:54,415 | INFO | Placing order XTZ-USDT-SWAP buy qty=3726.0
2026-03-16 16:13:54,772 | INFO | HTTP Request: POST https://www.okx.com/api/v5/trade/order "HTTP/2 200 OK"
2026-03-16 16:13:54,788 | INFO | HTTP Request: GET https://www.okx.com/api/v5/market/ticker?instId=XAG-USDT-SWAP "HTTP/2 200 OK"
2026-03-16 16:13:55,055 | INFO | HTTP Request: GET https://www.okx.com/api/v5/account/positions?instType=SWAP "HTTP/2 200 OK"
2026-03-16 16:13:55,195 | INFO | HTTP Request: GET https://www.okx.com/api/v5/market/ticker?instId=XAU-USDT-SWAP "HTTP/2 200 OK"
2026-03-16 16:13:55,367 | INFO | HTTP Request: GET https://www.okx.com/api/v5/market/candles?instId=XTZ-USDT-SWAP&bar=5m&limit=81 "HTTP/2 200 OK"
2026-03-16 16:13:55,403 | INFO | Placing exchange stop XTZ-USDT-SWAP long payload={'instId': 'XTZ-USDT-SWAP', 'tdMode': 'isolated', 'side': 'sell', 'posSide': 'net', 'ordType': 'conditional', 'sz': '3726', 'slTriggerPx': '0.379810628019', 'slOrdPx': '-1'}
2026-03-16 16:13:55,569 | INFO | HTTP Request: GET https://www.okx.com/api/v5/market/ticker?instId=XLM-USDT-SWAP "HTTP/2 200 OK"
2026-03-16 16:13:55,669 | INFO | HTTP Request: GET https://www.okx.com/api/v5/account/balance "HTTP/2 200 OK"
2026-03-16 16:13:55,773 | INFO | HTTP Request: POST https://www.okx.com/api/v5/trade/order-algo "HTTP/2 200 OK"
2026-03-16 16:13:55,970 | INFO | HTTP Request: GET https://www.okx.com/api/v5/market/ticker?instId=XPL-USDT-SWAP "HTTP/2 200 OK"
2026-03-16 16:13:56,063 | INFO | HTTP Request: GET https://www.okx.com/api/v5/account/balance "HTTP/2 200 OK"
2026-03-16 16:13:56,067 | INFO | Placing order BAND-USDT-SWAP sell qty=5912.0
2026-03-16 16:13:56,388 | INFO | HTTP Request: GET https://www.okx.com/api/v5/market/ticker?instId=XRP-USDT-SWAP "HTTP/2 200 OK"
2026-03-16 16:13:56,425 | INFO | HTTP Request: POST https://www.okx.com/api/v5/trade/order "HTTP/2 200 OK"
2026-03-16 16:13:56,723 | INFO | HTTP Request: GET https://www.okx.com/api/v5/account/positions?instType=SWAP "HTTP/2 200 OK"
2026-03-16 16:13:56,820 | INFO | HTTP Request: GET https://www.okx.com/api/v5/market/ticker?instId=XSR-USDT-SWAP "HTTP/2 200 OK"
2026-03-16 16:13:57,090 | INFO | HTTP Request: GET https://www.okx.com/api/v5/market/candles?instId=BAND-USDT-SWAP&bar=5m&limit=81 "HTTP/2 200 OK"
2026-03-16 16:13:57,139 | INFO | Placing exchange stop BAND-USDT-SWAP short payload={'instId': 'BAND-USDT-SWAP', 'tdMode': 'isolated', 'side': 'buy', 'posSide': 'net', 'ordType': 'conditional', 'sz': '5912', 'slTriggerPx': '0.23692', 'slOrdPx': '-1'}
2026-03-16 16:13:57,374 | INFO | HTTP Request: GET https://www.okx.com/api/v5/market/ticker?instId=YB-USDT-SWAP "HTTP/2 200 OK"
2026-03-16 16:13:57,506 | INFO | HTTP Request: POST https://www.okx.com/api/v5/trade/order-algo "HTTP/2 200 OK"
2026-03-16 16:13:57,781 | INFO | HTTP Request: GET https://www.okx.com/api/v5/market/candles?instId=BTC-USDT-SWAP&bar=5m&limit=64 "HTTP/2 200 OK"
2026-03-16 16:13:57,792 | INFO | HTTP Request: GET https://www.okx.com/api/v5/market/ticker?instId=YFI-USDT-SWAP "HTTP/2 200 OK"
2026-03-16 16:13:57,867 | INFO | HTTP Request: GET https://www.okx.com/api/v5/account/balance "HTTP/2 200 OK"
2026-03-16 16:13:57,920 | INFO | Placing order MINA-USDT-SWAP sell qty=23090.0
2026-03-16 16:13:58,211 | INFO | HTTP Request: GET https://www.okx.com/api/v5/market/ticker?instId=YGG-USDT-SWAP "HTTP/2 200 OK"
2026-03-16 16:13:58,279 | INFO | HTTP Request: POST https://www.okx.com/api/v5/trade/order "HTTP/2 200 OK"
2026-03-16 16:13:58,650 | INFO | HTTP Request: GET https://www.okx.com/api/v5/market/ticker?instId=ZAMA-USDT-SWAP "HTTP/2 200 OK"
2026-03-16 16:13:58,660 | INFO | HTTP Request: GET https://www.okx.com/api/v5/account/positions?instType=SWAP "HTTP/2 200 OK"
2026-03-16 16:13:58,908 | INFO | HTTP Request: GET https://www.okx.com/api/v5/market/candles?instId=MINA-USDT-SWAP&bar=5m&limit=81 "HTTP/2 200 OK"
2026-03-16 16:13:58,918 | INFO | Placing exchange stop MINA-USDT-SWAP short payload={'instId': 'MINA-USDT-SWAP', 'tdMode': 'isolated', 'side': 'buy', 'posSide': 'net', 'ordType': 'conditional', 'sz': '23090', 'slTriggerPx': '0.059989', 'slOrdPx': '-1'}
2026-03-16 16:13:59,072 | INFO | HTTP Request: GET https://www.okx.com/api/v5/market/ticker?instId=ZBCN-USDT-SWAP "HTTP/2 200 OK"
2026-03-16 16:13:59,306 | INFO | HTTP Request: POST https://www.okx.com/api/v5/trade/order-algo "HTTP/2 200 OK"
2026-03-16 16:13:59,493 | INFO | HTTP Request: GET https://www.okx.com/api/v5/market/ticker?instId=ZETA-USDT-SWAP "HTTP/2 200 OK"
2026-03-16 16:13:59,623 | INFO | HTTP Request: GET https://www.okx.com/api/v5/account/balance "HTTP/2 200 OK"
2026-03-16 16:13:59,626 | INFO | Placing order FIL-USDT-SWAP sell qty=14577.0
2026-03-16 16:13:59,881 | INFO | HTTP Request: GET https://www.okx.com/api/v5/market/ticker?instId=ZIL-USDT-SWAP "HTTP/2 200 OK"
2026-03-16 16:13:59,985 | INFO | HTTP Request: POST https://www.okx.com/api/v5/trade/order "HTTP/2 200 OK"
2026-03-16 16:14:00,284 | INFO | HTTP Request: GET https://www.okx.com/api/v5/account/positions?instType=SWAP "HTTP/2 200 OK"
2026-03-16 16:14:00,378 | INFO | HTTP Request: GET https://www.okx.com/api/v5/market/ticker?instId=CRO-USDT-SWAP "HTTP/2 200 OK"
2026-03-16 16:14:00,604 | INFO | HTTP Request: GET https://www.okx.com/api/v5/market/candles?instId=FIL-USDT-SWAP&bar=5m&limit=81 "HTTP/2 200 OK"
2026-03-16 16:14:00,609 | INFO | Placing exchange stop FIL-USDT-SWAP short payload={'instId': 'FIL-USDT-SWAP', 'tdMode': 'isolated', 'side': 'buy', 'posSide': 'net', 'ordType': 'conditional', 'sz': '14577', 'slTriggerPx': '0.939', 'slOrdPx': '-1'}
2026-03-16 16:14:00,670 | INFO | HTTP Request: GET https://www.okx.com/api/v5/market/candles?instId=CRO-USDT-SWAP&bar=5m&limit=89 "HTTP/2 200 OK"
2026-03-16 16:14:00,968 | INFO | HTTP Request: POST https://www.okx.com/api/v5/trade/order-algo "HTTP/2 200 OK"
2026-03-16 16:14:01,021 | INFO | HTTP Request: GET https://www.okx.com/api/v5/account/balance "HTTP/2 200 OK"
2026-03-16 16:14:01,142 | INFO | HTTP Request: GET https://www.okx.com/api/v5/market/ticker?instId=BREV-USDT-SWAP "HTTP/2 200 OK"
2026-03-16 16:14:01,361 | INFO | HTTP Request: GET https://www.okx.com/api/v5/account/balance "HTTP/2 200 OK"
2026-03-16 16:14:01,365 | INFO | Placing order ETC-USDT-SWAP buy qty=14.61
2026-03-16 16:14:01,441 | INFO | HTTP Request: GET https://www.okx.com/api/v5/market/candles?instId=BREV-USDT-SWAP&bar=5m&limit=89 "HTTP/2 200 OK"
2026-03-16 16:14:01,725 | INFO | HTTP Request: POST https://www.okx.com/api/v5/trade/order "HTTP/2 200 OK"
2026-03-16 16:14:01,887 | INFO | HTTP Request: GET https://www.okx.com/api/v5/market/ticker?instId=ETHFI-USDT-SWAP "HTTP/2 200 OK"
2026-03-16 16:14:02,093 | INFO | HTTP Request: GET https://www.okx.com/api/v5/account/positions?instType=SWAP "HTTP/2 200 OK"
2026-03-16 16:14:02,228 | INFO | HTTP Request: GET https://www.okx.com/api/v5/market/candles?instId=ETHFI-USDT-SWAP&bar=5m&limit=89 "HTTP/2 200 OK"
2026-03-16 16:14:02,399 | INFO | HTTP Request: GET https://www.okx.com/api/v5/market/candles?instId=ETC-USDT-SWAP&bar=5m&limit=81 "HTTP/2 200 OK"
2026-03-16 16:14:02,435 | INFO | Placing exchange stop ETC-USDT-SWAP long payload={'instId': 'ETC-USDT-SWAP', 'tdMode': 'isolated', 'side': 'sell', 'posSide': 'net', 'ordType': 'conditional', 'sz': '14.61', 'slTriggerPx': '9.159865845311', 'slOrdPx': '-1'}
2026-03-16 16:14:02,668 | INFO | HTTP Request: GET https://www.okx.com/api/v5/market/ticker?instId=XTZ-USDT-SWAP "HTTP/2 200 OK"
2026-03-16 16:14:02,792 | INFO | HTTP Request: POST https://www.okx.com/api/v5/trade/order-algo "HTTP/2 200 OK"
2026-03-16 16:14:02,802 | INFO | Closing position CRO-USDT-SWAP. Локальный защитный выход 2.0N
2026-03-16 16:14:02,971 | INFO | HTTP Request: GET https://www.okx.com/api/v5/market/candles?instId=XTZ-USDT-SWAP&bar=5m&limit=89 "HTTP/2 200 OK"
2026-03-16 16:14:03,155 | INFO | HTTP Request: POST https://www.okx.com/api/v5/trade/close-position "HTTP/2 200 OK"
2026-03-16 16:14:03,159 | WARNING | Failed to load json context : [Errno 13] Permission denied: '.'
2026-03-16 16:14:03,405 | INFO | HTTP Request: GET https://www.okx.com/api/v5/market/candles?instId=CRO-USDT-SWAP&bar=5m&limit=97 "HTTP/2 200 OK"
2026-03-16 16:14:03,420 | INFO | HTTP Request: GET https://www.okx.com/api/v5/market/ticker?instId=BAND-USDT-SWAP "HTTP/2 200 OK"
2026-03-16 16:14:03,645 | INFO | HTTP Request: GET https://www.okx.com/api/v5/market/candles?instId=BTC-USDT-SWAP&bar=5m&limit=64 "HTTP/2 200 OK"
2026-03-16 16:14:03,650 | INFO | Placing exchange stop BREV-USDT-SWAP long payload={'instId': 'BREV-USDT-SWAP', 'tdMode': 'isolated', 'side': 'sell', 'posSide': 'net', 'ordType': 'conditional', 'sz': '120000', 'slTriggerPx': '1.008904996667', 'slOrdPx': '-1'}
2026-03-16 16:14:03,844 | INFO | HTTP Request: GET https://www.okx.com/api/v5/market/ticker?instId=MINA-USDT-SWAP "HTTP/2 200 OK"
2026-03-16 16:14:04,012 | INFO | HTTP Request: POST https://www.okx.com/api/v5/trade/order-algo "HTTP/2 200 OK"
2026-03-16 16:14:04,211 | INFO | HTTP Request: GET https://www.okx.com/api/v5/market/ticker?instId=1INCH-USDT-SWAP "HTTP/2 200 OK"
2026-03-16 16:14:04,426 | INFO | HTTP Request: POST https://www.okx.com/api/v5/trade/cancel-algos "HTTP/2 200 OK"
2026-03-16 16:14:04,467 | INFO | Closing position BREV-USDT-SWAP. Защита тренда: откат от пика 25395003333.33R → 3695003333.33R
2026-03-16 16:14:04,503 | INFO | HTTP Request: GET https://www.okx.com/api/v5/market/candles?instId=1INCH-USDT-SWAP&bar=5m&limit=89 "HTTP/2 200 OK"
2026-03-16 16:14:04,828 | INFO | HTTP Request: POST https://www.okx.com/api/v5/trade/close-position "HTTP/2 200 OK"
2026-03-16 16:14:04,831 | WARNING | Failed to load json context : [Errno 13] Permission denied: '.'
2026-03-16 16:14:04,922 | INFO | HTTP Request: GET https://www.okx.com/api/v5/market/ticker?instId=2Z-USDT-SWAP "HTTP/2 200 OK"
2026-03-16 16:14:05,130 | INFO | HTTP Request: GET https://www.okx.com/api/v5/market/candles?instId=BREV-USDT-SWAP&bar=5m&limit=97 "HTTP/2 200 OK"
2026-03-16 16:14:05,148 | INFO | Placing order XTZ-USDT-SWAP buy qty=3726.0
2026-03-16 16:14:05,169 | INFO | HTTP Request: GET https://www.okx.com/api/v5/market/candles?instId=2Z-USDT-SWAP&bar=5m&limit=89 "HTTP/2 200 OK"
2026-03-16 16:14:05,502 | INFO | HTTP Request: POST https://www.okx.com/api/v5/trade/order "HTTP/2 200 OK"
2026-03-16 16:14:05,631 | INFO | HTTP Request: GET https://www.okx.com/api/v5/market/ticker?instId=A-USDT-SWAP "HTTP/2 200 OK"
2026-03-16 16:14:05,808 | INFO | HTTP Request: GET https://www.okx.com/api/v5/account/positions?instType=SWAP "HTTP/2 200 OK"
2026-03-16 16:14:05,882 | INFO | HTTP Request: GET https://www.okx.com/api/v5/market/candles?instId=A-USDT-SWAP&bar=5m&limit=89 "HTTP/2 200 OK"
2026-03-16 16:14:06,211 | INFO | HTTP Request: POST https://www.okx.com/api/v5/trade/cancel-algos "HTTP/2 200 OK"
2026-03-16 16:14:06,214 | INFO | Placing exchange stop XTZ-USDT-SWAP long payload={'instId': 'XTZ-USDT-SWAP', 'tdMode': 'isolated', 'side': 'sell', 'posSide': 'net', 'ordType': 'conditional', 'sz': '7452', 'slTriggerPx': '0.382271735776', 'slOrdPx': '-1'}
2026-03-16 16:14:06,276 | INFO | HTTP Request: GET https://www.okx.com/api/v5/account/balance "HTTP/2 200 OK"
2026-03-16 16:14:06,306 | INFO | HTTP Request: GET https://www.okx.com/api/v5/market/ticker?instId=AAVE-USDT-SWAP "HTTP/2 200 OK"
2026-03-16 16:14:06,577 | INFO | HTTP Request: POST https://www.okx.com/api/v5/trade/order-algo "HTTP/2 200 OK"
2026-03-16 16:14:06,660 | INFO | HTTP Request: GET https://www.okx.com/api/v5/market/candles?instId=AAVE-USDT-SWAP&bar=5m&limit=89 "HTTP/2 200 OK"
2026-03-16 16:14:06,937 | INFO | HTTP Request: GET https://www.okx.com/api/v5/market/candles?instId=BAND-USDT-SWAP&bar=5m&limit=26 "HTTP/2 200 OK"
2026-03-16 16:14:07,077 | INFO | HTTP Request: GET https://www.okx.com/api/v5/market/ticker?instId=ACT-USDT-SWAP "HTTP/2 200 OK"
2026-03-16 16:14:07,264 | INFO | HTTP Request: GET https://www.okx.com/api/v5/market/candles?instId=MINA-USDT-SWAP&bar=5m&limit=26 "HTTP/2 200 OK"
2026-03-16 16:14:07,383 | INFO | HTTP Request: GET https://www.okx.com/api/v5/market/candles?instId=ACT-USDT-SWAP&bar=5m&limit=89 "HTTP/2 200 OK"
2026-03-16 16:14:07,586 | INFO | HTTP Request: GET https://www.okx.com/api/v5/market/candles?instId=FIL-USDT-SWAP&bar=5m&limit=26 "HTTP/2 200 OK"
2026-03-16 16:14:07,814 | INFO | HTTP Request: GET https://www.okx.com/api/v5/market/ticker?instId=ADA-USDT-SWAP "HTTP/2 200 OK"
2026-03-16 16:14:07,894 | INFO | HTTP Request: GET https://www.okx.com/api/v5/market/ticker?instId=FIL-USDT-SWAP "HTTP/2 200 OK"
2026-03-16 16:14:08,113 | INFO | HTTP Request: GET https://www.okx.com/api/v5/market/candles?instId=ADA-USDT-SWAP&bar=5m&limit=89 "HTTP/2 200 OK"
2026-03-16 16:14:08,173 | INFO | HTTP Request: GET https://www.okx.com/api/v5/market/candles?instId=ETC-USDT-SWAP&bar=5m&limit=26 "HTTP/2 200 OK"
2026-03-16 16:14:08,542 | INFO | HTTP Request: GET https://www.okx.com/api/v5/market/ticker?instId=AI16Z-USDT-SWAP "HTTP/2 200 OK"
2026-03-16 16:14:08,566 | INFO | HTTP Request: GET https://www.okx.com/api/v5/market/ticker?instId=ETC-USDT-SWAP "HTTP/2 200 OK"
2026-03-16 16:14:08,817 | INFO | HTTP Request: GET https://www.okx.com/api/v5/market/candles?instId=BTC-USDT-SWAP&bar=5m&limit=64 "HTTP/2 200 OK"
2026-03-16 16:14:08,848 | INFO | HTTP Request: GET https://www.okx.com/api/v5/market/candles?instId=AI16Z-USDT-SWAP&bar=5m&limit=89 "HTTP/2 200 OK"
2026-03-16 16:14:09,220 | INFO | HTTP Request: GET https://www.okx.com/api/v5/market/ticker?instId=AKITA-USDT-SWAP "HTTP/2 200 OK"
2026-03-16 16:14:09,568 | INFO | HTTP Request: GET https://www.okx.com/api/v5/market/candles?instId=AKITA-USDT-SWAP&bar=5m&limit=89 "HTTP/2 200 OK"
2026-03-16 16:14:09,938 | INFO | HTTP Request: GET https://www.okx.com/api/v5/market/ticker?instId=ALGO-USDT-SWAP "HTTP/2 200 OK"
2026-03-16 16:14:10,338 | INFO | HTTP Request: GET https://www.okx.com/api/v5/market/candles?instId=ALGO-USDT-SWAP&bar=5m&limit=89 "HTTP/2 200 OK"
2026-03-16 16:14:10,804 | INFO | HTTP Request: GET https://www.okx.com/api/v5/market/ticker?instId=ARB-USDT-SWAP "HTTP/2 200 OK"
2026-03-16 16:14:11,169 | INFO | HTTP Request: GET https://www.okx.com/api/v5/market/candles?instId=ARB-USDT-SWAP&bar=5m&limit=89 "HTTP/2 200 OK"
2026-03-16 16:14:11,579 | INFO | HTTP Request: GET https://www.okx.com/api/v5/market/ticker?instId=ASP-USDT-SWAP "HTTP/2 200 OK"
2026-03-16 16:14:11,636 | INFO | HTTP Request: GET https://www.okx.com/api/v5/account/balance "HTTP/2 200 OK"
2026-03-16 16:14:11,922 | INFO | HTTP Request: GET https://www.okx.com/api/v5/market/candles?instId=ASP-USDT-SWAP&bar=5m&limit=89 "HTTP/2 200 OK"
2026-03-16 16:14:12,312 | INFO | HTTP Request: GET https://www.okx.com/api/v5/market/ticker?instId=ASTER-USDT-SWAP "HTTP/2 200 OK"
2026-03-16 16:14:12,599 | INFO | HTTP Request: GET https://www.okx.com/api/v5/market/candles?instId=ASTER-USDT-SWAP&bar=5m&limit=89 "HTTP/2 200 OK"
2026-03-16 16:14:13,106 | INFO | HTTP Request: GET https://www.okx.com/api/v5/market/ticker?instId=ATOM-USDT-SWAP "HTTP/2 200 OK"
2026-03-16 16:14:13,477 | INFO | HTTP Request: GET https://www.okx.com/api/v5/market/candles?instId=BTC-USDT-SWAP&bar=5m&limit=64 "HTTP/2 200 OK"
2026-03-16 16:14:13,482 | INFO | HTTP Request: GET https://www.okx.com/api/v5/market/candles?instId=ATOM-USDT-SWAP&bar=5m&limit=89 "HTTP/2 200 OK"
2026-03-16 16:14:13,903 | INFO | HTTP Request: GET https://www.okx.com/api/v5/market/ticker?instId=AUCTION-USDT-SWAP "HTTP/2 200 OK"
2026-03-16 16:14:14,127 | INFO | HTTP Request: GET https://www.okx.com/api/v5/account/positions?instType=SWAP "HTTP/2 200 OK"
2026-03-16 16:14:14,206 | INFO | HTTP Request: GET https://www.okx.com/api/v5/market/candles?instId=AUCTION-USDT-SWAP&bar=5m&limit=89 "HTTP/2 200 OK"
2026-03-16 16:14:14,491 | INFO | HTTP Request: GET https://www.okx.com/api/v5/market/candles?instId=CRO-USDT-SWAP&bar=5m&limit=26 "HTTP/2 200 OK"
2026-03-16 16:14:14,656 | INFO | HTTP Request: GET https://www.okx.com/api/v5/market/ticker?instId=AVAX-USDT-SWAP "HTTP/2 200 OK"
2026-03-16 16:14:14,776 | INFO | HTTP Request: GET https://www.okx.com/api/v5/market/candles?instId=BREV-USDT-SWAP&bar=5m&limit=26 "HTTP/2 200 OK"
2026-03-16 16:14:14,953 | INFO | HTTP Request: GET https://www.okx.com/api/v5/market/candles?instId=AVAX-USDT-SWAP&bar=5m&limit=89 "HTTP/2 200 OK"
2026-03-16 16:14:15,016 | INFO | HTTP Request: GET https://www.okx.com/api/v5/market/candles?instId=1INCH-USDT-SWAP&bar=5m&limit=71 "HTTP/2 200 OK"
2026-03-16 16:14:15,383 | INFO | HTTP Request: GET https://www.okx.com/api/v5/market/candles?instId=2Z-USDT-SWAP&bar=5m&limit=71 "HTTP/2 200 OK"
2026-03-16 16:14:15,401 | INFO | HTTP Request: GET https://www.okx.com/api/v5/market/ticker?instId=AXS-USDT-SWAP "HTTP/2 200 OK"
2026-03-16 16:14:15,772 | INFO | HTTP Request: GET https://www.okx.com/api/v5/market/candles?instId=A-USDT-SWAP&bar=5m&limit=71 "HTTP/2 200 OK"
2026-03-16 16:14:16,072 | INFO | HTTP Request: GET https://www.okx.com/api/v5/market/candles?instId=AAVE-USDT-SWAP&bar=5m&limit=71 "HTTP/2 200 OK"
2026-03-16 16:14:16,078 | INFO | HTTP Request: GET https://www.okx.com/api/v5/market/candles?instId=AXS-USDT-SWAP&bar=5m&limit=89 "HTTP/2 200 OK"
2026-03-16 16:14:16,326 | INFO | HTTP Request: GET https://www.okx.com/api/v5/market/candles?instId=ACT-USDT-SWAP&bar=5m&limit=71 "HTTP/2 200 OK"
2026-03-16 16:14:16,447 | INFO | HTTP Request: GET https://www.okx.com/api/v5/market/ticker?instId=BCH-USDT-SWAP "HTTP/2 200 OK"
2026-03-16 16:14:16,633 | INFO | HTTP Request: GET https://www.okx.com/api/v5/market/candles?instId=ADA-USDT-SWAP&bar=5m&limit=71 "HTTP/2 200 OK"
2026-03-16 16:14:16,685 | INFO | HTTP Request: GET https://www.okx.com/api/v5/market/candles?instId=BCH-USDT-SWAP&bar=5m&limit=89 "HTTP/2 200 OK"
2026-03-16 16:14:16,894 | INFO | HTTP Request: GET https://www.okx.com/api/v5/account/balance "HTTP/2 200 OK"
2026-03-16 16:14:16,950 | INFO | HTTP Request: GET https://www.okx.com/api/v5/market/candles?instId=AI16Z-USDT-SWAP&bar=5m&limit=71 "HTTP/2 200 OK"
2026-03-16 16:14:17,118 | INFO | HTTP Request: GET https://www.okx.com/api/v5/market/ticker?instId=BIO-USDT-SWAP "HTTP/2 200 OK"
2026-03-16 16:14:17,305 | INFO | HTTP Request: GET https://www.okx.com/api/v5/market/candles?instId=AKITA-USDT-SWAP&bar=5m&limit=71 "HTTP/2 200 OK"
2026-03-16 16:14:17,357 | INFO | HTTP Request: GET https://www.okx.com/api/v5/market/candles?instId=BIO-USDT-SWAP&bar=5m&limit=89 "HTTP/2 200 OK"
2026-03-16 16:14:17,619 | INFO | HTTP Request: GET https://www.okx.com/api/v5/market/candles?instId=ALGO-USDT-SWAP&bar=5m&limit=71 "HTTP/2 200 OK"
2026-03-16 16:14:17,729 | INFO | HTTP Request: GET https://www.okx.com/api/v5/market/ticker?instId=BLUAI-USDT-SWAP "HTTP/2 200 OK"
2026-03-16 16:14:17,962 | INFO | HTTP Request: GET https://www.okx.com/api/v5/market/candles?instId=ARB-USDT-SWAP&bar=5m&limit=71 "HTTP/2 200 OK"
2026-03-16 16:14:18,112 | INFO | HTTP Request: GET https://www.okx.com/api/v5/market/candles?instId=BLUAI-USDT-SWAP&bar=5m&limit=89 "HTTP/2 200 OK"
2026-03-16 16:14:18,268 | INFO | HTTP Request: GET https://www.okx.com/api/v5/market/candles?instId=ASP-USDT-SWAP&bar=5m&limit=71 "HTTP/2 200 OK"
2026-03-16 16:14:18,521 | INFO | HTTP Request: GET https://www.okx.com/api/v5/market/candles?instId=ASTER-USDT-SWAP&bar=5m&limit=71 "HTTP/2 200 OK"
2026-03-16 16:14:18,601 | INFO | HTTP Request: GET https://www.okx.com/api/v5/market/ticker?instId=BNB-USDT-SWAP "HTTP/2 200 OK"
2026-03-16 16:14:18,814 | INFO | HTTP Request: GET https://www.okx.com/api/v5/market/ticker?instId=ASTER-USDT-SWAP "HTTP/2 200 OK"
2026-03-16 16:14:18,828 | INFO | ASTER-USDT-SWAP: Turtle 20 short-сигнал отклонён (закрытие не удержалось ниже канала)
2026-03-16 16:14:18,876 | INFO | HTTP Request: GET https://www.okx.com/api/v5/market/candles?instId=BNB-USDT-SWAP&bar=5m&limit=89 "HTTP/2 200 OK"
2026-03-16 16:14:19,065 | INFO | HTTP Request: GET https://www.okx.com/api/v5/market/candles?instId=ATOM-USDT-SWAP&bar=5m&limit=71 "HTTP/2 200 OK"
2026-03-16 16:14:19,235 | INFO | HTTP Request: GET https://www.okx.com/api/v5/market/ticker?instId=BOME-USDT-SWAP "HTTP/2 200 OK"
2026-03-16 16:14:19,376 | INFO | HTTP Request: GET https://www.okx.com/api/v5/market/candles?instId=AUCTION-USDT-SWAP&bar=5m&limit=71 "HTTP/2 200 OK"
2026-03-16 16:14:19,586 | INFO | HTTP Request: GET https://www.okx.com/api/v5/market/candles?instId=BOME-USDT-SWAP&bar=5m&limit=89 "HTTP/2 200 OK"
2026-03-16 16:14:19,622 | INFO | HTTP Request: GET https://www.okx.com/api/v5/market/candles?instId=AVAX-USDT-SWAP&bar=5m&limit=71 "HTTP/2 200 OK"
2026-03-16 16:14:19,668 | INFO | HTTP Request: GET https://www.okx.com/api/v5/market/candles?instId=BTC-USDT-SWAP&bar=5m&limit=64 "HTTP/2 200 OK"
2026-03-16 16:14:19,935 | INFO | HTTP Request: GET https://www.okx.com/api/v5/market/candles?instId=BRETT-USDT-SWAP&bar=5m&limit=71 "HTTP/2 200 OK"
2026-03-16 16:14:20,018 | INFO | HTTP Request: GET https://www.okx.com/api/v5/market/ticker?instId=BRETT-USDT-SWAP "HTTP/2 200 OK"
2026-03-16 16:14:20,269 | INFO | HTTP Request: GET https://www.okx.com/api/v5/market/candles?instId=BRETT-USDT-SWAP&bar=5m&limit=89 "HTTP/2 200 OK"
2026-03-16 16:14:20,278 | INFO | HTTP Request: GET https://www.okx.com/api/v5/market/candles?instId=BTC-USDT-SWAP&bar=5m&limit=71 "HTTP/2 200 OK"
2026-03-16 16:14:20,526 | INFO | HTTP Request: GET https://www.okx.com/api/v5/market/candles?instId=CAT-USDT-SWAP&bar=5m&limit=71 "HTTP/2 200 OK"
2026-03-16 16:14:20,637 | INFO | HTTP Request: GET https://www.okx.com/api/v5/market/ticker?instId=BTC-USDT-SWAP "HTTP/2 200 OK"
2026-03-16 16:14:20,776 | INFO | HTTP Request: GET https://www.okx.com/api/v5/market/candles?instId=CATI-USDT-SWAP&bar=5m&limit=71 "HTTP/2 200 OK"
2026-03-16 16:14:21,011 | INFO | HTTP Request: GET https://www.okx.com/api/v5/market/ticker?instId=CAT-USDT-SWAP "HTTP/2 200 OK"
2026-03-16 16:14:21,070 | INFO | HTTP Request: GET https://www.okx.com/api/v5/market/candles?instId=CELO-USDT-SWAP&bar=5m&limit=71 "HTTP/2 200 OK"
2026-03-16 16:14:21,413 | INFO | HTTP Request: GET https://www.okx.com/api/v5/market/candles?instId=CFX-USDT-SWAP&bar=5m&limit=71 "HTTP/2 200 OK"
2026-03-16 16:14:21,444 | INFO | HTTP Request: GET https://www.okx.com/api/v5/market/ticker?instId=CATI-USDT-SWAP "HTTP/2 200 OK"
2026-03-16 16:14:21,663 | INFO | HTTP Request: GET https://www.okx.com/api/v5/market/candles?instId=CHZ-USDT-SWAP&bar=5m&limit=71 "HTTP/2 200 OK"
2026-03-16 16:14:21,872 | INFO | HTTP Request: GET https://www.okx.com/api/v5/market/ticker?instId=CELO-USDT-SWAP "HTTP/2 200 OK"
2026-03-16 16:14:21,898 | INFO | HTTP Request: GET https://www.okx.com/api/v5/market/candles?instId=COAI-USDT-SWAP&bar=5m&limit=71 "HTTP/2 200 OK"
2026-03-16 16:14:22,147 | INFO | HTTP Request: GET https://www.okx.com/api/v5/market/candles?instId=COMP-USDT-SWAP&bar=5m&limit=71 "HTTP/2 200 OK"
2026-03-16 16:14:22,334 | INFO | HTTP Request: GET https://www.okx.com/api/v5/account/balance "HTTP/2 200 OK"
2026-03-16 16:14:22,340 | INFO | HTTP Request: GET https://www.okx.com/api/v5/market/ticker?instId=CFX-USDT-SWAP "HTTP/2 200 OK"
2026-03-16 16:14:22,460 | INFO | HTTP Request: GET https://www.okx.com/api/v5/market/candles?instId=CRV-USDT-SWAP&bar=5m&limit=71 "HTTP/2 200 OK"
2026-03-16 16:14:22,768 | INFO | HTTP Request: GET https://www.okx.com/api/v5/market/candles?instId=DOGE-USDT-SWAP&bar=5m&limit=71 "HTTP/2 200 OK"
2026-03-16 16:14:22,771 | INFO | HTTP Request: GET https://www.okx.com/api/v5/market/ticker?instId=CHZ-USDT-SWAP "HTTP/2 200 OK"
2026-03-16 16:14:23,136 | INFO | HTTP Request: GET https://www.okx.com/api/v5/market/candles?instId=DOT-USDT-SWAP&bar=5m&limit=71 "HTTP/2 200 OK"
2026-03-16 16:14:23,171 | INFO | HTTP Request: GET https://www.okx.com/api/v5/market/ticker?instId=COAI-USDT-SWAP "HTTP/2 200 OK"
2026-03-16 16:14:23,478 | INFO | HTTP Request: GET https://www.okx.com/api/v5/market/candles?instId=ENA-USDT-SWAP&bar=5m&limit=71 "HTTP/2 200 OK"
2026-03-16 16:14:23,553 | INFO | HTTP Request: GET https://www.okx.com/api/v5/market/ticker?instId=COMP-USDT-SWAP "HTTP/2 200 OK"
2026-03-16 16:14:23,825 | INFO | HTTP Request: GET https://www.okx.com/api/v5/market/candles?instId=EOS-USDT-SWAP&bar=5m&limit=71 "HTTP/2 200 OK"
2026-03-16 16:14:23,956 | INFO | HTTP Request: GET https://www.okx.com/api/v5/market/ticker?instId=CRV-USDT-SWAP "HTTP/2 200 OK"
2026-03-16 16:14:24,138 | INFO | HTTP Request: GET https://www.okx.com/api/v5/market/candles?instId=ETH-USDT-SWAP&bar=5m&limit=71 "HTTP/2 200 OK"
2026-03-16 16:14:24,378 | INFO | HTTP Request: GET https://www.okx.com/api/v5/market/ticker?instId=DOGE-USDT-SWAP "HTTP/2 200 OK"
2026-03-16 16:14:24,461 | INFO | HTTP Request: GET https://www.okx.com/api/v5/market/candles?instId=ETHFI-USDT-SWAP&bar=5m&limit=71 "HTTP/2 200 OK"
2026-03-16 16:14:24,777 | INFO | HTTP Request: GET https://www.okx.com/api/v5/market/ticker?instId=ETHFI-USDT-SWAP "HTTP/2 200 OK"
2026-03-16 16:14:24,824 | INFO | HTTP Request: GET https://www.okx.com/api/v5/market/ticker?instId=DOT-USDT-SWAP "HTTP/2 200 OK"
2026-03-16 16:14:25,086 | INFO | HTTP Request: GET https://www.okx.com/api/v5/market/candles?instId=ETHW-USDT-SWAP&bar=5m&limit=71 "HTTP/2 200 OK"
2026-03-16 16:14:25,182 | INFO | HTTP Request: GET https://www.okx.com/api/v5/market/ticker?instId=ENA-USDT-SWAP "HTTP/2 200 OK"
2026-03-16 16:14:25,366 | INFO | HTTP Request: GET https://www.okx.com/api/v5/market/candles?instId=FLOKI-USDT-SWAP&bar=5m&limit=71 "HTTP/2 200 OK"
2026-03-16 16:14:25,659 | INFO | HTTP Request: GET https://www.okx.com/api/v5/market/ticker?instId=EOS-USDT-SWAP "HTTP/2 200 OK"
2026-03-16 16:14:25,671 | INFO | HTTP Request: GET https://www.okx.com/api/v5/market/candles?instId=GMT-USDT-SWAP&bar=5m&limit=71 "HTTP/2 200 OK"
2026-03-16 16:14:25,910 | INFO | HTTP Request: GET https://www.okx.com/api/v5/market/candles?instId=H-USDT-SWAP&bar=5m&limit=71 "HTTP/2 200 OK"
2026-03-16 16:14:26,030 | INFO | HTTP Request: GET https://www.okx.com/api/v5/market/candles?instId=BTC-USDT-SWAP&bar=5m&limit=64 "HTTP/2 200 OK"
2026-03-16 16:14:26,209 | INFO | HTTP Request: GET https://www.okx.com/api/v5/market/ticker?instId=ETH-USDT-SWAP "HTTP/2 200 OK"
2026-03-16 16:14:26,212 | INFO | HTTP Request: GET https://www.okx.com/api/v5/market/candles?instId=HBAR-USDT-SWAP&bar=5m&limit=71 "HTTP/2 200 OK"
2026-03-16 16:14:26,543 | INFO | HTTP Request: GET https://www.okx.com/api/v5/market/candles?instId=HMSTR-USDT-SWAP&bar=5m&limit=71 "HTTP/2 200 OK"
2026-03-16 16:14:26,656 | INFO | HTTP Request: GET https://www.okx.com/api/v5/market/ticker?instId=ETHW-USDT-SWAP "HTTP/2 200 OK"
2026-03-16 16:14:26,925 | INFO | HTTP Request: GET https://www.okx.com/api/v5/market/candles?instId=HOME-USDT-SWAP&bar=5m&limit=71 "HTTP/2 200 OK"
2026-03-16 16:14:27,207 | INFO | HTTP Request: GET https://www.okx.com/api/v5/market/ticker?instId=FLOKI-USDT-SWAP "HTTP/2 200 OK"
2026-03-16 16:14:27,265 | INFO | HTTP Request: GET https://www.okx.com/api/v5/market/candles?instId=ICP-USDT-SWAP&bar=5m&limit=71 "HTTP/2 200 OK"
2026-03-16 16:14:27,627 | INFO | HTTP Request: GET https://www.okx.com/api/v5/market/candles?instId=IMX-USDT-SWAP&bar=5m&limit=71 "HTTP/2 200 OK"
2026-03-16 16:14:27,638 | INFO | HTTP Request: GET https://www.okx.com/api/v5/market/ticker?instId=GMT-USDT-SWAP "HTTP/2 200 OK"
2026-03-16 16:14:27,727 | INFO | HTTP Request: GET https://www.okx.com/api/v5/account/balance "HTTP/2 200 OK"
2026-03-16 16:14:27,877 | INFO | HTTP Request: GET https://www.okx.com/api/v5/market/candles?instId=INJ-USDT-SWAP&bar=5m&limit=71 "HTTP/2 200 OK"
2026-03-16 16:14:28,008 | INFO | HTTP Request: GET https://www.okx.com/api/v5/market/ticker?instId=H-USDT-SWAP "HTTP/2 200 OK"
2026-03-16 16:14:28,131 | INFO | HTTP Request: GET https://www.okx.com/api/v5/market/candles?instId=IOTA-USDT-SWAP&bar=5m&limit=71 "HTTP/2 200 OK"
2026-03-16 16:14:28,368 | INFO | HTTP Request: GET https://www.okx.com/api/v5/market/candles?instId=JUP-USDT-SWAP&bar=5m&limit=71 "HTTP/2 200 OK"
2026-03-16 16:14:28,369 | INFO | HTTP Request: GET https://www.okx.com/api/v5/market/ticker?instId=HBAR-USDT-SWAP "HTTP/2 200 OK"
2026-03-16 16:14:28,690 | INFO | HTTP Request: GET https://www.okx.com/api/v5/market/candles?instId=KAITO-USDT-SWAP&bar=5m&limit=71 "HTTP/2 200 OK"
2026-03-16 16:14:28,789 | INFO | HTTP Request: GET https://www.okx.com/api/v5/market/ticker?instId=HMSTR-USDT-SWAP "HTTP/2 200 OK"
2026-03-16 16:14:28,988 | INFO | HTTP Request: GET https://www.okx.com/api/v5/market/candles?instId=KSM-USDT-SWAP&bar=5m&limit=71 "HTTP/2 200 OK"
2026-03-16 16:14:29,151 | INFO | HTTP Request: GET https://www.okx.com/api/v5/market/ticker?instId=HOME-USDT-SWAP "HTTP/2 200 OK"
2026-03-16 16:14:29,300 | INFO | HTTP Request: GET https://www.okx.com/api/v5/market/candles?instId=LDO-USDT-SWAP&bar=5m&limit=71 "HTTP/2 200 OK"
2026-03-16 16:14:29,602 | INFO | HTTP Request: GET https://www.okx.com/api/v5/market/ticker?instId=LDO-USDT-SWAP "HTTP/2 200 OK"
2026-03-16 16:14:29,614 | INFO | LDO-USDT-SWAP: Turtle 20 short-сигнал отклонён (закрытие не удержалось ниже канала)
2026-03-16 16:14:29,623 | INFO | HTTP Request: GET https://www.okx.com/api/v5/market/ticker?instId=ICP-USDT-SWAP "HTTP/2 200 OK"
2026-03-16 16:14:29,950 | INFO | HTTP Request: GET https://www.okx.com/api/v5/market/candles?instId=LINEA-USDT-SWAP&bar=5m&limit=71 "HTTP/2 200 OK"
2026-03-16 16:14:30,073 | INFO | HTTP Request: GET https://www.okx.com/api/v5/market/ticker?instId=IMX-USDT-SWAP "HTTP/2 200 OK"
2026-03-16 16:14:30,201 | INFO | HTTP Request: GET https://www.okx.com/api/v5/market/candles?instId=LINK-USDT-SWAP&bar=5m&limit=71 "HTTP/2 200 OK"
2026-03-16 16:14:30,446 | INFO | HTTP Request: GET https://www.okx.com/api/v5/market/ticker?instId=INJ-USDT-SWAP "HTTP/2 200 OK"
2026-03-16 16:14:30,504 | INFO | HTTP Request: GET https://www.okx.com/api/v5/market/candles?instId=LIT-USDT-SWAP&bar=5m&limit=71 "HTTP/2 200 OK"
2026-03-16 16:14:30,804 | INFO | HTTP Request: GET https://www.okx.com/api/v5/market/candles?instId=LPT-USDT-SWAP&bar=5m&limit=71 "HTTP/2 200 OK"
2026-03-16 16:14:30,816 | INFO | HTTP Request: GET https://www.okx.com/api/v5/market/ticker?instId=IOTA-USDT-SWAP "HTTP/2 200 OK"
2026-03-16 16:14:31,101 | INFO | HTTP Request: GET https://www.okx.com/api/v5/market/candles?instId=LQTY-USDT-SWAP&bar=5m&limit=71 "HTTP/2 200 OK"
2026-03-16 16:14:31,282 | INFO | HTTP Request: GET https://www.okx.com/api/v5/market/ticker?instId=JUP-USDT-SWAP "HTTP/2 200 OK"
2026-03-16 16:14:31,415 | INFO | HTTP Request: GET https://www.okx.com/api/v5/market/candles?instId=LRC-USDT-SWAP&bar=5m&limit=71 "HTTP/2 200 OK"
2026-03-16 16:14:31,675 | INFO | HTTP Request: GET https://www.okx.com/api/v5/market/ticker?instId=KAITO-USDT-SWAP "HTTP/2 200 OK"
2026-03-16 16:14:31,721 | INFO | HTTP Request: GET https://www.okx.com/api/v5/market/candles?instId=LTC-USDT-SWAP&bar=5m&limit=71 "HTTP/2 200 OK"
2026-03-16 16:14:32,027 | INFO | HTTP Request: GET https://www.okx.com/api/v5/market/candles?instId=MAGIC-USDT-SWAP&bar=5m&limit=71 "HTTP/2 200 OK"
2026-03-16 16:14:32,166 | INFO | HTTP Request: GET https://www.okx.com/api/v5/market/ticker?instId=KSM-USDT-SWAP "HTTP/2 200 OK"
2026-03-16 16:14:32,277 | INFO | HTTP Request: GET https://www.okx.com/api/v5/market/ticker?instId=MAGIC-USDT-SWAP "HTTP/2 200 OK"
2026-03-16 16:14:32,281 | INFO | MAGIC-USDT-SWAP: Turtle 55 long-сигнал отклонён (закрытие не удержалось выше канала)
2026-03-16 16:14:32,285 | INFO | MAGIC-USDT-SWAP: Turtle 20 long-сигнал отклонён (закрытие не удержалось выше канала)
2026-03-16 16:14:32,289 | INFO | HTTP Request: GET https://www.okx.com/api/v5/market/candles?instId=BTC-USDT-SWAP&bar=5m&limit=64 "HTTP/2 200 OK"
2026-03-16 16:14:32,536 | INFO | HTTP Request: GET https://www.okx.com/api/v5/market/candles?instId=MAJOR-USDT-SWAP&bar=5m&limit=71 "HTTP/2 200 OK"
2026-03-16 16:14:32,659 | INFO | HTTP Request: GET https://www.okx.com/api/v5/market/ticker?instId=LINEA-USDT-SWAP "HTTP/2 200 OK"
2026-03-16 16:14:32,839 | INFO | HTTP Request: GET https://www.okx.com/api/v5/market/candles?instId=MASK-USDT-SWAP&bar=5m&limit=71 "HTTP/2 200 OK"
2026-03-16 16:14:33,028 | INFO | HTTP Request: GET https://www.okx.com/api/v5/market/ticker?instId=LINK-USDT-SWAP "HTTP/2 200 OK"
2026-03-16 16:14:33,115 | INFO | HTTP Request: GET https://www.okx.com/api/v5/market/candles?instId=MET-USDT-SWAP&bar=5m&limit=71 "HTTP/2 200 OK"
2026-03-16 16:14:33,180 | INFO | HTTP Request: GET https://www.okx.com/api/v5/account/balance "HTTP/2 200 OK"
2026-03-16 16:14:33,422 | INFO | HTTP Request: GET https://www.okx.com/api/v5/market/candles?instId=MKR-USDT-SWAP&bar=5m&limit=71 "HTTP/2 200 OK"
2026-03-16 16:14:33,482 | INFO | HTTP Request: GET https://www.okx.com/api/v5/market/ticker?instId=LIT-USDT-SWAP "HTTP/2 200 OK"
2026-03-16 16:14:33,806 | INFO | HTTP Request: GET https://www.okx.com/api/v5/market/candles?instId=MUBARAK-USDT-SWAP&bar=5m&limit=71 "HTTP/2 200 OK"
2026-03-16 16:14:33,969 | INFO | HTTP Request: GET https://www.okx.com/api/v5/market/ticker?instId=LPT-USDT-SWAP "HTTP/2 200 OK"
2026-03-16 16:14:34,200 | INFO | HTTP Request: GET https://www.okx.com/api/v5/market/candles?instId=NEAR-USDT-SWAP&bar=5m&limit=71 "HTTP/2 200 OK"
2026-03-16 16:14:34,388 | INFO | HTTP Request: GET https://www.okx.com/api/v5/market/ticker?instId=LQTY-USDT-SWAP "HTTP/2 200 OK"
2026-03-16 16:14:34,510 | INFO | HTTP Request: GET https://www.okx.com/api/v5/market/candles?instId=NEO-USDT-SWAP&bar=5m&limit=71 "HTTP/2 200 OK"
2026-03-16 16:14:34,748 | INFO | HTTP Request: GET https://www.okx.com/api/v5/market/candles?instId=NOT-USDT-SWAP&bar=5m&limit=71 "HTTP/2 200 OK"
2026-03-16 16:14:34,771 | INFO | HTTP Request: GET https://www.okx.com/api/v5/market/ticker?instId=LRC-USDT-SWAP "HTTP/2 200 OK"
2026-03-16 16:14:35,055 | INFO | HTTP Request: GET https://www.okx.com/api/v5/market/candles?instId=OP-USDT-SWAP&bar=5m&limit=71 "HTTP/2 200 OK"
2026-03-16 16:14:35,205 | INFO | HTTP Request: GET https://www.okx.com/api/v5/market/ticker?instId=LTC-USDT-SWAP "HTTP/2 200 OK"
2026-03-16 16:14:35,395 | INFO | HTTP Request: GET https://www.okx.com/api/v5/market/candles?instId=PEPE-USDT-SWAP&bar=5m&limit=71 "HTTP/2 200 OK"
2026-03-16 16:14:35,742 | INFO | HTTP Request: GET https://www.okx.com/api/v5/market/ticker?instId=MAJOR-USDT-SWAP "HTTP/2 200 OK"
2026-03-16 16:14:35,770 | INFO | HTTP Request: GET https://www.okx.com/api/v5/market/candles?instId=PIGGY-USDT-SWAP&bar=5m&limit=71 "HTTP/2 200 OK"
2026-03-16 16:14:36,010 | INFO | HTTP Request: GET https://www.okx.com/api/v5/market/candles?instId=QTUM-USDT-SWAP&bar=5m&limit=71 "HTTP/2 200 OK"
2026-03-16 16:14:36,112 | INFO | HTTP Request: GET https://www.okx.com/api/v5/market/ticker?instId=MASK-USDT-SWAP "HTTP/2 200 OK"
2026-03-16 16:14:36,318 | INFO | HTTP Request: GET https://www.okx.com/api/v5/market/candles?instId=RAVE-USDT-SWAP&bar=5m&limit=71 "HTTP/2 200 OK"
2026-03-16 16:14:36,539 | INFO | HTTP Request: GET https://www.okx.com/api/v5/market/ticker?instId=MET-USDT-SWAP "HTTP/2 200 OK"
2026-03-16 16:14:36,627 | INFO | HTTP Request: GET https://www.okx.com/api/v5/market/candles?instId=RESOLV-USDT-SWAP&bar=5m&limit=71 "HTTP/2 200 OK"
2026-03-16 16:14:36,954 | INFO | HTTP Request: GET https://www.okx.com/api/v5/market/ticker?instId=MKR-USDT-SWAP "HTTP/2 200 OK"
2026-03-16 16:14:36,981 | INFO | HTTP Request: GET https://www.okx.com/api/v5/market/candles?instId=ROBO-USDT-SWAP&bar=5m&limit=71 "HTTP/2 200 OK"
2026-03-16 16:14:37,281 | INFO | HTTP Request: GET https://www.okx.com/api/v5/market/candles?instId=SAND-USDT-SWAP&bar=5m&limit=71 "HTTP/2 200 OK"
2026-03-16 16:14:37,314 | INFO | HTTP Request: GET https://www.okx.com/api/v5/market/ticker?instId=MUBARAK-USDT-SWAP "HTTP/2 200 OK"
2026-03-16 16:14:37,535 | INFO | HTTP Request: GET https://www.okx.com/api/v5/market/candles?instId=SCR-USDT-SWAP&bar=5m&limit=71 "HTTP/2 200 OK"
2026-03-16 16:14:37,688 | INFO | HTTP Request: GET https://www.okx.com/api/v5/market/ticker?instId=NEAR-USDT-SWAP "HTTP/2 200 OK"
2026-03-16 16:14:37,863 | INFO | HTTP Request: GET https://www.okx.com/api/v5/market/candles?instId=SHIB-USDT-SWAP&bar=5m&limit=71 "HTTP/2 200 OK"
2026-03-16 16:14:38,095 | INFO | HTTP Request: GET https://www.okx.com/api/v5/market/ticker?instId=NEO-USDT-SWAP "HTTP/2 200 OK"
2026-03-16 16:14:38,116 | INFO | HTTP Request: GET https://www.okx.com/api/v5/market/candles?instId=SKY-USDT-SWAP&bar=5m&limit=71 "HTTP/2 200 OK"
2026-03-16 16:14:38,364 | INFO | HTTP Request: GET https://www.okx.com/api/v5/market/candles?instId=SOL-USDT-SWAP&bar=5m&limit=71 "HTTP/2 200 OK"
2026-03-16 16:14:38,418 | INFO | HTTP Request: GET https://www.okx.com/api/v5/market/candles?instId=BTC-USDT-SWAP&bar=5m&limit=64 "HTTP/2 200 OK"
2026-03-16 16:14:38,468 | INFO | HTTP Request: GET https://www.okx.com/api/v5/market/ticker?instId=NOT-USDT-SWAP "HTTP/2 200 OK"
2026-03-16 16:14:38,652 | INFO | HTTP Request: GET https://www.okx.com/api/v5/account/balance "HTTP/2 200 OK"
2026-03-16 16:14:38,688 | INFO | HTTP Request: GET https://www.okx.com/api/v5/market/candles?instId=SOLV-USDT-SWAP&bar=5m&limit=71 "HTTP/2 200 OK"
2026-03-16 16:14:38,837 | INFO | HTTP Request: GET https://www.okx.com/api/v5/market/ticker?instId=OP-USDT-SWAP "HTTP/2 200 OK"
2026-03-16 16:14:38,929 | INFO | HTTP Request: GET https://www.okx.com/api/v5/market/candles?instId=SPK-USDT-SWAP&bar=5m&limit=71 "HTTP/2 200 OK"
2026-03-16 16:14:39,192 | INFO | HTTP Request: GET https://www.okx.com/api/v5/market/candles?instId=STRK-USDT-SWAP&bar=5m&limit=71 "HTTP/2 200 OK"
2026-03-16 16:14:39,192 | INFO | HTTP Request: GET https://www.okx.com/api/v5/market/ticker?instId=PEPE-USDT-SWAP "HTTP/2 200 OK"
2026-03-16 16:14:39,524 | INFO | HTTP Request: GET https://www.okx.com/api/v5/market/candles?instId=SUI-USDT-SWAP&bar=5m&limit=71 "HTTP/2 200 OK"
2026-03-16 16:14:39,555 | INFO | HTTP Request: GET https://www.okx.com/api/v5/market/ticker?instId=PIGGY-USDT-SWAP "HTTP/2 200 OK"
2026-03-16 16:14:39,823 | INFO | HTTP Request: GET https://www.okx.com/api/v5/market/candles?instId=SUSHI-USDT-SWAP&bar=5m&limit=71 "HTTP/2 200 OK"
2026-03-16 16:14:39,932 | INFO | HTTP Request: GET https://www.okx.com/api/v5/market/ticker?instId=QTUM-USDT-SWAP "HTTP/2 200 OK"
2026-03-16 16:14:40,205 | INFO | HTTP Request: GET https://www.okx.com/api/v5/market/ticker?instId=SUSHI-USDT-SWAP "HTTP/2 200 OK"
2026-03-16 16:14:40,210 | INFO | SUSHI-USDT-SWAP: Turtle 55 long-сигнал отклонён (закрытие не удержалось выше канала)
2026-03-16 16:14:40,217 | INFO | SUSHI-USDT-SWAP: Turtle 20 long-сигнал отклонён (закрытие не удержалось выше канала)
2026-03-16 16:14:40,387 | INFO | HTTP Request: GET https://www.okx.com/api/v5/market/ticker?instId=RAVE-USDT-SWAP "HTTP/2 200 OK"
2026-03-16 16:14:40,539 | INFO | HTTP Request: GET https://www.okx.com/api/v5/market/candles?instId=SYRUP-USDT-SWAP&bar=5m&limit=71 "HTTP/2 200 OK"
2026-03-16 16:14:40,792 | INFO | HTTP Request: GET https://www.okx.com/api/v5/market/ticker?instId=RESOLV-USDT-SWAP "HTTP/2 200 OK"
2026-03-16 16:14:40,855 | INFO | HTTP Request: GET https://www.okx.com/api/v5/market/candles?instId=TEST1234-USDT-SWAP&bar=5m&limit=71 "HTTP/2 200 OK"
2026-03-16 16:14:41,146 | INFO | HTTP Request: GET https://www.okx.com/api/v5/market/candles?instId=TEST3103-USDT-SWAP&bar=5m&limit=71 "HTTP/2 200 OK"
2026-03-16 16:14:41,219 | INFO | HTTP Request: GET https://www.okx.com/api/v5/market/ticker?instId=ROBO-USDT-SWAP "HTTP/2 200 OK"
2026-03-16 16:14:41,398 | INFO | HTTP Request: GET https://www.okx.com/api/v5/market/candles?instId=TEST3110-USDT-SWAP&bar=5m&limit=71 "HTTP/2 200 OK"
2026-03-16 16:14:41,668 | INFO | HTTP Request: GET https://www.okx.com/api/v5/market/ticker?instId=SAND-USDT-SWAP "HTTP/2 200 OK"
2026-03-16 16:14:41,726 | INFO | HTTP Request: GET https://www.okx.com/api/v5/market/candles?instId=THETA-USDT-SWAP&bar=5m&limit=71 "HTTP/2 200 OK"
2026-03-16 16:14:41,976 | INFO | HTTP Request: GET https://www.okx.com/api/v5/market/candles?instId=TON-USDT-SWAP&bar=5m&limit=71 "HTTP/2 200 OK"
2026-03-16 16:14:42,073 | INFO | HTTP Request: GET https://www.okx.com/api/v5/market/ticker?instId=SCR-USDT-SWAP "HTTP/2 200 OK"
2026-03-16 16:14:42,282 | INFO | HTTP Request: GET https://www.okx.com/api/v5/market/ticker?instId=TON-USDT-SWAP "HTTP/2 200 OK"
2026-03-16 16:14:42,288 | INFO | TON-USDT-SWAP: Turtle 20 short-сигнал отклонён (закрытие не удержалось ниже канала)
2026-03-16 16:14:42,516 | INFO | HTTP Request: GET https://www.okx.com/api/v5/market/ticker?instId=SHIB-USDT-SWAP "HTTP/2 200 OK"
2026-03-16 16:14:42,594 | INFO | HTTP Request: GET https://www.okx.com/api/v5/market/candles?instId=TRIA-USDT-SWAP&bar=5m&limit=71 "HTTP/2 200 OK"
2026-03-16 16:14:42,969 | INFO | HTTP Request: GET https://www.okx.com/api/v5/market/candles?instId=TRX-USDT-SWAP&bar=5m&limit=71 "HTTP/2 200 OK"
2026-03-16 16:14:42,985 | INFO | HTTP Request: GET https://www.okx.com/api/v5/market/ticker?instId=SKY-USDT-SWAP "HTTP/2 200 OK"
2026-03-16 16:14:43,277 | INFO | HTTP Request: GET https://www.okx.com/api/v5/market/candles?instId=TSLA-USDT-SWAP&bar=5m&limit=71 "HTTP/2 200 OK"
2026-03-16 16:14:43,412 | INFO | HTTP Request: GET https://www.okx.com/api/v5/market/ticker?instId=SOL-USDT-SWAP "HTTP/2 200 OK"
2026-03-16 16:14:43,530 | INFO | HTTP Request: GET https://www.okx.com/api/v5/market/candles?instId=XAG-USDT-SWAP&bar=5m&limit=71 "HTTP/2 200 OK"
2026-03-16 16:14:43,777 | INFO | HTTP Request: GET https://www.okx.com/api/v5/market/ticker?instId=SOLV-USDT-SWAP "HTTP/2 200 OK"
2026-03-16 16:14:43,824 | INFO | HTTP Request: GET https://www.okx.com/api/v5/market/candles?instId=XAU-USDT-SWAP&bar=5m&limit=71 "HTTP/2 200 OK"
2026-03-16 16:14:44,055 | INFO | HTTP Request: GET https://www.okx.com/api/v5/account/balance "HTTP/2 200 OK"
2026-03-16 16:14:44,061 | INFO | HTTP Request: GET https://www.okx.com/api/v5/market/candles?instId=XLM-USDT-SWAP&bar=5m&limit=71 "HTTP/2 200 OK"
2026-03-16 16:14:44,201 | INFO | HTTP Request: GET https://www.okx.com/api/v5/market/ticker?instId=SPK-USDT-SWAP "HTTP/2 200 OK"
2026-03-16 16:14:44,371 | INFO | HTTP Request: GET https://www.okx.com/api/v5/market/candles?instId=XPL-USDT-SWAP&bar=5m&limit=71 "HTTP/2 200 OK"
2026-03-16 16:14:44,433 | INFO | HTTP Request: GET https://www.okx.com/api/v5/market/candles?instId=XTZ-USDT-SWAP&bar=5m&limit=81 "HTTP/2 200 OK"
2026-03-16 16:14:44,666 | INFO | HTTP Request: GET https://www.okx.com/api/v5/market/ticker?instId=STRK-USDT-SWAP "HTTP/2 200 OK"
2026-03-16 16:14:44,669 | INFO | HTTP Request: GET https://www.okx.com/api/v5/market/candles?instId=XRP-USDT-SWAP&bar=5m&limit=71 "HTTP/2 200 OK"
2026-03-16 16:14:44,776 | INFO | HTTP Request: GET https://www.okx.com/api/v5/market/candles?instId=BTC-USDT-SWAP&bar=5m&limit=64 "HTTP/2 200 OK"
2026-03-16 16:14:44,975 | INFO | HTTP Request: GET https://www.okx.com/api/v5/market/candles?instId=XSR-USDT-SWAP&bar=5m&limit=71 "HTTP/2 200 OK"
2026-03-16 16:14:45,094 | INFO | HTTP Request: GET https://www.okx.com/api/v5/market/ticker?instId=SUI-USDT-SWAP "HTTP/2 200 OK"
2026-03-16 16:14:45,292 | INFO | HTTP Request: GET https://www.okx.com/api/v5/market/candles?instId=YB-USDT-SWAP&bar=5m&limit=71 "HTTP/2 200 OK"
2026-03-16 16:14:45,540 | INFO | HTTP Request: GET https://www.okx.com/api/v5/market/candles?instId=YFI-USDT-SWAP&bar=5m&limit=71 "HTTP/2 200 OK"
2026-03-16 16:14:45,576 | INFO | HTTP Request: GET https://www.okx.com/api/v5/market/ticker?instId=SYRUP-USDT-SWAP "HTTP/2 200 OK"
2026-03-16 16:14:45,848 | INFO | HTTP Request: GET https://www.okx.com/api/v5/market/candles?instId=YGG-USDT-SWAP&bar=5m&limit=71 "HTTP/2 200 OK"
2026-03-16 16:14:45,997 | INFO | HTTP Request: GET https://www.okx.com/api/v5/market/ticker?instId=TEST1234-USDT-SWAP "HTTP/2 200 OK"
2026-03-16 16:14:46,190 | INFO | HTTP Request: GET https://www.okx.com/api/v5/market/candles?instId=ZAMA-USDT-SWAP&bar=5m&limit=71 "HTTP/2 200 OK"
2026-03-16 16:14:46,459 | INFO | HTTP Request: GET https://www.okx.com/api/v5/market/ticker?instId=TEST3103-USDT-SWAP "HTTP/2 200 OK"
2026-03-16 16:14:46,514 | INFO | HTTP Request: GET https://www.okx.com/api/v5/market/candles?instId=ZBCN-USDT-SWAP&bar=5m&limit=71 "HTTP/2 200 OK"
2026-03-16 16:14:46,873 | INFO | HTTP Request: GET https://www.okx.com/api/v5/market/candles?instId=ZETA-USDT-SWAP&bar=5m&limit=71 "HTTP/2 200 OK"
2026-03-16 16:14:46,929 | INFO | HTTP Request: GET https://www.okx.com/api/v5/market/ticker?instId=TEST3110-USDT-SWAP "HTTP/2 200 OK"
2026-03-16 16:14:47,296 | INFO | HTTP Request: GET https://www.okx.com/api/v5/market/candles?instId=ZIL-USDT-SWAP&bar=5m&limit=71 "HTTP/2 200 OK"
2026-03-16 16:14:47,379 | INFO | HTTP Request: GET https://www.okx.com/api/v5/market/ticker?instId=THETA-USDT-SWAP "HTTP/2 200 OK"
2026-03-16 16:14:47,583 | INFO | HTTP Request: GET https://www.okx.com/api/v5/account/balance "HTTP/2 200 OK"
2026-03-16 16:14:47,586 | INFO | Placing order ETHFI-USDT-SWAP buy qty=1754.0
2026-03-16 16:14:47,853 | INFO | HTTP Request: GET https://www.okx.com/api/v5/market/ticker?instId=TRIA-USDT-SWAP "HTTP/2 200 OK"
2026-03-16 16:14:47,887 | INFO | HTTP Request: POST https://www.okx.com/api/v5/trade/order "HTTP/2 200 OK"
2026-03-16 16:14:48,206 | INFO | HTTP Request: GET https://www.okx.com/api/v5/account/positions?instType=SWAP "HTTP/2 200 OK"
2026-03-16 16:14:48,327 | INFO | HTTP Request: GET https://www.okx.com/api/v5/market/ticker?instId=TRX-USDT-SWAP "HTTP/2 200 OK"
2026-03-16 16:14:48,455 | INFO | HTTP Request: GET https://www.okx.com/api/v5/market/candles?instId=ETHFI-USDT-SWAP&bar=5m&limit=81 "HTTP/2 200 OK"
2026-03-16 16:14:48,459 | INFO | Placing exchange stop ETHFI-USDT-SWAP long payload={'instId': 'ETHFI-USDT-SWAP', 'tdMode': 'isolated', 'side': 'sell', 'posSide': 'net', 'ordType': 'conditional', 'sz': '1754', 'slTriggerPx': '0.74033', 'slOrdPx': '-1'}
2026-03-16 16:14:48,714 | INFO | HTTP Request: POST https://www.okx.com/api/v5/trade/order-algo "HTTP/2 200 OK"
2026-03-16 16:14:48,792 | INFO | HTTP Request: GET https://www.okx.com/api/v5/market/ticker?instId=TSLA-USDT-SWAP "HTTP/2 200 OK"
2026-03-16 16:14:49,018 | INFO | HTTP Request: GET https://www.okx.com/api/v5/market/candles?instId=XTZ-USDT-SWAP&bar=5m&limit=26 "HTTP/2 200 OK"
2026-03-16 16:14:49,147 | INFO | HTTP Request: GET https://www.okx.com/api/v5/market/ticker?instId=XAG-USDT-SWAP "HTTP/2 200 OK"
2026-03-16 16:14:49,265 | INFO | HTTP Request: GET https://www.okx.com/api/v5/market/ticker?instId=XTZ-USDT-SWAP "HTTP/2 200 OK"
2026-03-16 16:14:49,312 | INFO | HTTP Request: GET https://www.okx.com/api/v5/account/balance "HTTP/2 200 OK"
2026-03-16 16:14:49,568 | INFO | HTTP Request: GET https://www.okx.com/api/v5/market/ticker?instId=XAU-USDT-SWAP "HTTP/2 200 OK"
2026-03-16 16:14:49,575 | INFO | HTTP Request: GET https://www.okx.com/api/v5/trade/orders-algo-pending?ordType=conditional&instType=SWAP&instId=XTZ-USDT-SWAP "HTTP/2 200 OK"
2026-03-16 16:14:49,868 | INFO | HTTP Request: GET https://www.okx.com/api/v5/trade/orders-algo-pending?ordType=oco&instType=SWAP&instId=XTZ-USDT-SWAP "HTTP/2 200 OK"
2026-03-16 16:14:49,972 | INFO | HTTP Request: GET https://www.okx.com/api/v5/market/ticker?instId=XLM-USDT-SWAP "HTTP/2 200 OK"
2026-03-16 16:14:50,172 | INFO | HTTP Request: GET https://www.okx.com/api/v5/trade/orders-algo-pending?ordType=trigger&instType=SWAP&instId=XTZ-USDT-SWAP "HTTP/2 200 OK"
2026-03-16 16:14:50,486 | INFO | HTTP Request: GET https://www.okx.com/api/v5/trade/orders-algo-pending?ordType=move_order_stop&instType=SWAP&instId=XTZ-USDT-SWAP "HTTP/2 200 OK"
2026-03-16 16:14:50,498 | INFO | HTTP Request: GET https://www.okx.com/api/v5/market/ticker?instId=XPL-USDT-SWAP "HTTP/2 200 OK"
2026-03-16 16:14:50,741 | INFO | HTTP Request: GET https://www.okx.com/api/v5/trade/orders-algo-pending?ordType=iceberg&instType=SWAP&instId=XTZ-USDT-SWAP "HTTP/2 200 OK"
2026-03-16 16:14:50,924 | INFO | HTTP Request: GET https://www.okx.com/api/v5/market/candles?instId=BTC-USDT-SWAP&bar=5m&limit=64 "HTTP/2 200 OK"
2026-03-16 16:14:51,045 | INFO | HTTP Request: GET https://www.okx.com/api/v5/trade/orders-algo-pending?ordType=twap&instType=SWAP&instId=XTZ-USDT-SWAP "HTTP/2 200 OK"
2026-03-16 16:14:51,306 | INFO | HTTP Request: GET https://www.okx.com/api/v5/trade/orders-algo-pending?ordType=chase&instType=SWAP&instId=XTZ-USDT-SWAP "HTTP/2 200 OK"
2026-03-16 16:14:51,309 | INFO | Placing order XTZ-USDT-SWAP buy qty=3726.0
2026-03-16 16:14:51,611 | INFO | HTTP Request: POST https://www.okx.com/api/v5/trade/order "HTTP/2 200 OK"
2026-03-16 16:14:51,914 | INFO | HTTP Request: GET https://www.okx.com/api/v5/account/positions?instType=SWAP "HTTP/2 200 OK"
2026-03-16 16:14:52,073 | INFO | HTTP Request: GET https://www.okx.com/api/v5/market/ticker?instId=BAND-USDT-SWAP "HTTP/2 200 OK"
2026-03-16 16:14:52,233 | INFO | HTTP Request: POST https://www.okx.com/api/v5/trade/cancel-algos "HTTP/2 200 OK"
2026-03-16 16:14:52,434 | INFO | HTTP Request: GET https://www.okx.com/api/v5/market/candles?instId=BAND-USDT-SWAP&bar=5m&limit=89 "HTTP/2 200 OK"
2026-03-16 16:14:52,536 | INFO | HTTP Request: GET https://www.okx.com/api/v5/market/candles?instId=BAND-USDT-SWAP&bar=5m&limit=26 "HTTP/2 200 OK"
2026-03-16 16:14:52,788 | INFO | HTTP Request: GET https://www.okx.com/api/v5/trade/orders-algo-pending?ordType=conditional&instType=SWAP&instId=BAND-USDT-SWAP "HTTP/2 200 OK"
2026-03-16 16:14:52,857 | INFO | HTTP Request: GET https://www.okx.com/api/v5/market/ticker?instId=MINA-USDT-SWAP "HTTP/2 200 OK"
2026-03-16 16:14:53,034 | INFO | HTTP Request: GET https://www.okx.com/api/v5/trade/orders-algo-pending?ordType=oco&instType=SWAP&instId=BAND-USDT-SWAP "HTTP/2 200 OK"
2026-03-16 16:14:53,199 | INFO | HTTP Request: GET https://www.okx.com/api/v5/market/candles?instId=MINA-USDT-SWAP&bar=5m&limit=89 "HTTP/2 200 OK"
2026-03-16 16:14:53,342 | INFO | HTTP Request: GET https://www.okx.com/api/v5/trade/orders-algo-pending?ordType=trigger&instType=SWAP&instId=BAND-USDT-SWAP "HTTP/2 200 OK"
2026-03-16 16:14:53,592 | INFO | HTTP Request: GET https://www.okx.com/api/v5/trade/orders-algo-pending?ordType=move_order_stop&instType=SWAP&instId=BAND-USDT-SWAP "HTTP/2 200 OK"
2026-03-16 16:14:53,696 | INFO | HTTP Request: GET https://www.okx.com/api/v5/market/ticker?instId=FIL-USDT-SWAP "HTTP/2 200 OK"
2026-03-16 16:14:53,842 | INFO | HTTP Request: GET https://www.okx.com/api/v5/trade/orders-algo-pending?ordType=iceberg&instType=SWAP&instId=BAND-USDT-SWAP "HTTP/2 200 OK"
2026-03-16 16:14:53,933 | INFO | HTTP Request: GET https://www.okx.com/api/v5/market/candles?instId=FIL-USDT-SWAP&bar=5m&limit=89 "HTTP/2 200 OK"
2026-03-16 16:14:54,170 | INFO | HTTP Request: GET https://www.okx.com/api/v5/trade/orders-algo-pending?ordType=twap&instType=SWAP&instId=BAND-USDT-SWAP "HTTP/2 200 OK"
2026-03-16 16:14:54,366 | INFO | HTTP Request: GET https://www.okx.com/api/v5/market/ticker?instId=ETC-USDT-SWAP "HTTP/2 200 OK"
2026-03-16 16:14:54,424 | INFO | HTTP Request: GET https://www.okx.com/api/v5/trade/orders-algo-pending?ordType=chase&instType=SWAP&instId=BAND-USDT-SWAP "HTTP/2 200 OK"
2026-03-16 16:14:54,663 | INFO | HTTP Request: GET https://www.okx.com/api/v5/account/balance "HTTP/2 200 OK"
2026-03-16 16:14:54,677 | INFO | HTTP Request: GET https://www.okx.com/api/v5/market/candles?instId=ETC-USDT-SWAP&bar=5m&limit=89 "HTTP/2 200 OK"
2026-03-16 16:14:54,746 | INFO | HTTP Request: GET https://www.okx.com/api/v5/trade/orders-algo-pending?ordType=conditional&instType=SWAP&instId=MINA-USDT-SWAP "HTTP/2 200 OK"
2026-03-16 16:14:55,028 | INFO | HTTP Request: GET https://www.okx.com/api/v5/trade/orders-algo-pending?ordType=oco&instType=SWAP&instId=MINA-USDT-SWAP "HTTP/2 200 OK"
2026-03-16 16:14:55,071 | INFO | HTTP Request: GET https://www.okx.com/api/v5/market/ticker?instId=CRO-USDT-SWAP "HTTP/2 200 OK"
2026-03-16 16:14:55,113 | INFO | HTTP Request: GET https://www.okx.com/api/v5/market/candles?instId=BAND-USDT-SWAP&bar=5m&limit=61 "HTTP/2 200 OK"
2026-03-16 16:14:55,278 | INFO | HTTP Request: GET https://www.okx.com/api/v5/trade/orders-algo-pending?ordType=trigger&instType=SWAP&instId=MINA-USDT-SWAP "HTTP/2 200 OK"
2026-03-16 16:14:55,324 | INFO | HTTP Request: GET https://www.okx.com/api/v5/market/candles?instId=CRO-USDT-SWAP&bar=5m&limit=89 "HTTP/2 200 OK"
2026-03-16 16:14:55,623 | INFO | HTTP Request: GET https://www.okx.com/api/v5/trade/orders-algo-pending?ordType=move_order_stop&instType=SWAP&instId=MINA-USDT-SWAP "HTTP/2 200 OK"
2026-03-16 16:14:55,745 | INFO | HTTP Request: GET https://www.okx.com/api/v5/market/ticker?instId=BREV-USDT-SWAP "HTTP/2 200 OK"
2026-03-16 16:14:55,936 | INFO | HTTP Request: GET https://www.okx.com/api/v5/trade/orders-algo-pending?ordType=iceberg&instType=SWAP&instId=MINA-USDT-SWAP "HTTP/2 200 OK"
2026-03-16 16:14:55,984 | INFO | HTTP Request: GET https://www.okx.com/api/v5/market/candles?instId=BREV-USDT-SWAP&bar=5m&limit=89 "HTTP/2 200 OK"
2026-03-16 16:14:56,256 | INFO | HTTP Request: GET https://www.okx.com/api/v5/trade/orders-algo-pending?ordType=twap&instType=SWAP&instId=MINA-USDT-SWAP "HTTP/2 200 OK"
2026-03-16 16:14:56,344 | INFO | HTTP Request: GET https://www.okx.com/api/v5/market/ticker?instId=ETHFI-USDT-SWAP "HTTP/2 200 OK"
2026-03-16 16:14:56,614 | INFO | HTTP Request: GET https://www.okx.com/api/v5/trade/orders-algo-pending?ordType=chase&instType=SWAP&instId=MINA-USDT-SWAP "HTTP/2 200 OK"
2026-03-16 16:14:56,817 | INFO | HTTP Request: GET https://www.okx.com/api/v5/market/ticker?instId=1INCH-USDT-SWAP "HTTP/2 200 OK"
2026-03-16 16:14:56,847 | INFO | HTTP Request: GET https://www.okx.com/api/v5/trade/orders-algo-pending?ordType=conditional&instType=SWAP&instId=FIL-USDT-SWAP "HTTP/2 200 OK"
2026-03-16 16:14:57,151 | INFO | HTTP Request: GET https://www.okx.com/api/v5/trade/orders-algo-pending?ordType=oco&instType=SWAP&instId=FIL-USDT-SWAP "HTTP/2 200 OK"
2026-03-16 16:14:57,168 | INFO | HTTP Request: GET https://www.okx.com/api/v5/market/candles?instId=BTC-USDT-SWAP&bar=5m&limit=64 "HTTP/2 200 OK"
2026-03-16 16:14:57,197 | INFO | HTTP Request: GET https://www.okx.com/api/v5/market/candles?instId=1INCH-USDT-SWAP&bar=5m&limit=89 "HTTP/2 200 OK"
2026-03-16 16:14:57,473 | INFO | HTTP Request: GET https://www.okx.com/api/v5/trade/orders-algo-pending?ordType=trigger&instType=SWAP&instId=FIL-USDT-SWAP "HTTP/2 200 OK"
2026-03-16 16:14:57,570 | INFO | HTTP Request: GET https://www.okx.com/api/v5/market/ticker?instId=2Z-USDT-SWAP "HTTP/2 200 OK"
2026-03-16 16:14:57,752 | INFO | HTTP Request: GET https://www.okx.com/api/v5/trade/orders-algo-pending?ordType=move_order_stop&instType=SWAP&instId=FIL-USDT-SWAP "HTTP/2 200 OK"
2026-03-16 16:14:57,909 | INFO | HTTP Request: GET https://www.okx.com/api/v5/market/candles?instId=2Z-USDT-SWAP&bar=5m&limit=89 "HTTP/2 200 OK"
2026-03-16 16:14:58,053 | INFO | HTTP Request: GET https://www.okx.com/api/v5/trade/orders-algo-pending?ordType=iceberg&instType=SWAP&instId=FIL-USDT-SWAP "HTTP/2 200 OK"
2026-03-16 16:14:58,296 | INFO | HTTP Request: GET https://www.okx.com/api/v5/trade/orders-algo-pending?ordType=twap&instType=SWAP&instId=FIL-USDT-SWAP "HTTP/2 200 OK"
2026-03-16 16:14:58,376 | INFO | HTTP Request: GET https://www.okx.com/api/v5/market/ticker?instId=A-USDT-SWAP "HTTP/2 200 OK"
2026-03-16 16:14:58,548 | INFO | HTTP Request: GET https://www.okx.com/api/v5/trade/orders-algo-pending?ordType=chase&instType=SWAP&instId=FIL-USDT-SWAP "HTTP/2 200 OK"
2026-03-16 16:14:58,705 | INFO | HTTP Request: GET https://www.okx.com/api/v5/market/candles?instId=A-USDT-SWAP&bar=5m&limit=89 "HTTP/2 200 OK"
2026-03-16 16:14:58,844 | INFO | HTTP Request: GET https://www.okx.com/api/v5/market/ticker?instId=ETC-USDT-SWAP "HTTP/2 200 OK"
2026-03-16 16:14:59,097 | INFO | HTTP Request: GET https://www.okx.com/api/v5/trade/orders-algo-pending?ordType=conditional&instType=SWAP&instId=ETC-USDT-SWAP "HTTP/2 200 OK"
2026-03-16 16:14:59,176 | INFO | HTTP Request: GET https://www.okx.com/api/v5/market/ticker?instId=AAVE-USDT-SWAP "HTTP/2 200 OK"
2026-03-16 16:14:59,380 | INFO | HTTP Request: GET https://www.okx.com/api/v5/trade/orders-algo-pending?ordType=oco&instType=SWAP&instId=ETC-USDT-SWAP "HTTP/2 200 OK"
2026-03-16 16:14:59,442 | INFO | HTTP Request: GET https://www.okx.com/api/v5/market/candles?instId=AAVE-USDT-SWAP&bar=5m&limit=89 "HTTP/2 200 OK"
2026-03-16 16:14:59,711 | INFO | HTTP Request: GET https://www.okx.com/api/v5/trade/orders-algo-pending?ordType=trigger&instType=SWAP&instId=ETC-USDT-SWAP "HTTP/2 200 OK"
2026-03-16 16:14:59,861 | INFO | HTTP Request: GET https://www.okx.com/api/v5/market/ticker?instId=ACT-USDT-SWAP "HTTP/2 200 OK"
2026-03-16 16:15:00,002 | INFO | HTTP Request: GET https://www.okx.com/api/v5/trade/orders-algo-pending?ordType=move_order_stop&instType=SWAP&instId=ETC-USDT-SWAP "HTTP/2 200 OK"
2026-03-16 16:15:00,116 | INFO | HTTP Request: GET https://www.okx.com/api/v5/market/candles?instId=ACT-USDT-SWAP&bar=5m&limit=89 "HTTP/2 200 OK"
2026-03-16 16:15:00,129 | INFO | HTTP Request: GET https://www.okx.com/api/v5/account/balance "HTTP/2 200 OK"
2026-03-16 16:15:00,251 | INFO | HTTP Request: GET https://www.okx.com/api/v5/trade/orders-algo-pending?ordType=iceberg&instType=SWAP&instId=ETC-USDT-SWAP "HTTP/2 200 OK"
2026-03-16 16:15:00,489 | INFO | HTTP Request: GET https://www.okx.com/api/v5/market/ticker?instId=ADA-USDT-SWAP "HTTP/2 200 OK"
2026-03-16 16:15:00,500 | INFO | HTTP Request: GET https://www.okx.com/api/v5/trade/orders-algo-pending?ordType=twap&instType=SWAP&instId=ETC-USDT-SWAP "HTTP/2 200 OK"
2026-03-16 16:15:00,790 | INFO | HTTP Request: GET https://www.okx.com/api/v5/market/candles?instId=ADA-USDT-SWAP&bar=5m&limit=89 "HTTP/2 200 OK"
2026-03-16 16:15:00,843 | INFO | HTTP Request: GET https://www.okx.com/api/v5/trade/orders-algo-pending?ordType=chase&instType=SWAP&instId=ETC-USDT-SWAP "HTTP/2 200 OK"
2026-03-16 16:15:01,163 | INFO | HTTP Request: GET https://www.okx.com/api/v5/market/ticker?instId=AI16Z-USDT-SWAP "HTTP/2 200 OK"
2026-03-16 16:15:01,263 | INFO | HTTP Request: GET https://www.okx.com/api/v5/market/candles?instId=CRO-USDT-SWAP&bar=5m&limit=26 "HTTP/2 200 OK"
2026-03-16 16:15:01,474 | INFO | HTTP Request: GET https://www.okx.com/api/v5/market/candles?instId=AI16Z-USDT-SWAP&bar=5m&limit=89 "HTTP/2 200 OK"
2026-03-16 16:15:01,635 | INFO | HTTP Request: GET https://www.okx.com/api/v5/market/ticker?instId=CRO-USDT-SWAP "HTTP/2 200 OK"
2026-03-16 16:15:01,680 | INFO | Closing position CRO-USDT-SWAP. Локальный защитный выход 2.0N
2026-03-16 16:15:01,846 | INFO | HTTP Request: GET https://www.okx.com/api/v5/market/ticker?instId=AKITA-USDT-SWAP "HTTP/2 200 OK"
2026-03-16 16:15:01,938 | INFO | HTTP Request: POST https://www.okx.com/api/v5/trade/close-position "HTTP/2 200 OK"
2026-03-16 16:15:01,990 | WARNING | Failed to load json context : [Errno 13] Permission denied: '.'
2026-03-16 16:15:02,188 | INFO | HTTP Request: GET https://www.okx.com/api/v5/market/candles?instId=AKITA-USDT-SWAP&bar=5m&limit=89 "HTTP/2 200 OK"
2026-03-16 16:15:02,318 | INFO | HTTP Request: GET https://www.okx.com/api/v5/market/candles?instId=CRO-USDT-SWAP&bar=5m&limit=97 "HTTP/2 200 OK"
2026-03-16 16:15:02,623 | INFO | HTTP Request: GET https://www.okx.com/api/v5/market/ticker?instId=ALGO-USDT-SWAP "HTTP/2 200 OK"
2026-03-16 16:15:02,636 | INFO | HTTP Request: GET https://www.okx.com/api/v5/market/candles?instId=BTC-USDT-SWAP&bar=5m&limit=64 "HTTP/2 200 OK"
2026-03-16 16:15:02,887 | INFO | HTTP Request: GET https://www.okx.com/api/v5/market/candles?instId=BREV-USDT-SWAP&bar=5m&limit=26 "HTTP/2 200 OK"
2026-03-16 16:15:02,919 | INFO | HTTP Request: GET https://www.okx.com/api/v5/market/candles?instId=ALGO-USDT-SWAP&bar=5m&limit=89 "HTTP/2 200 OK"
2026-03-16 16:15:03,136 | INFO | HTTP Request: GET https://www.okx.com/api/v5/market/ticker?instId=BREV-USDT-SWAP "HTTP/2 200 OK"
2026-03-16 16:15:03,140 | INFO | Placing exchange stop BREV-USDT-SWAP long payload={'instId': 'BREV-USDT-SWAP', 'tdMode': 'isolated', 'side': 'sell', 'posSide': 'net', 'ordType': 'conditional', 'sz': '120000', 'slTriggerPx': '1.008904996667', 'slOrdPx': '-1'}
2026-03-16 16:15:03,290 | INFO | HTTP Request: GET https://www.okx.com/api/v5/market/ticker?instId=ARB-USDT-SWAP "HTTP/2 200 OK"
2026-03-16 16:15:03,396 | INFO | HTTP Request: POST https://www.okx.com/api/v5/trade/order-algo "HTTP/2 200 OK"
2026-03-16 16:15:03,531 | INFO | HTTP Request: GET https://www.okx.com/api/v5/market/candles?instId=ARB-USDT-SWAP&bar=5m&limit=89 "HTTP/2 200 OK"
2026-03-16 16:15:03,704 | INFO | HTTP Request: POST https://www.okx.com/api/v5/trade/cancel-algos "HTTP/2 200 OK"
2026-03-16 16:15:03,738 | INFO | Closing position BREV-USDT-SWAP. Защита тренда: откат от пика 25395003333.33R → 3695003333.33R
2026-03-16 16:15:03,901 | INFO | HTTP Request: GET https://www.okx.com/api/v5/market/ticker?instId=ASP-USDT-SWAP "HTTP/2 200 OK"
2026-03-16 16:15:04,042 | INFO | HTTP Request: POST https://www.okx.com/api/v5/trade/close-position "HTTP/2 200 OK"
2026-03-16 16:15:04,049 | WARNING | Failed to load json context : [Errno 13] Permission denied: '.'
2026-03-16 16:15:04,247 | INFO | HTTP Request: GET https://www.okx.com/api/v5/market/candles?instId=ASP-USDT-SWAP&bar=5m&limit=89 "HTTP/2 200 OK"
2026-03-16 16:15:04,302 | INFO | HTTP Request: GET https://www.okx.com/api/v5/market/candles?instId=BREV-USDT-SWAP&bar=5m&limit=97 "HTTP/2 200 OK"
2026-03-16 16:15:04,607 | INFO | HTTP Request: GET https://www.okx.com/api/v5/market/candles?instId=ETHFI-USDT-SWAP&bar=5m&limit=26 "HTTP/2 200 OK"
2026-03-16 16:15:04,624 | INFO | HTTP Request: GET https://www.okx.com/api/v5/market/ticker?instId=ASTER-USDT-SWAP "HTTP/2 200 OK"
2026-03-16 16:15:04,859 | INFO | HTTP Request: GET https://www.okx.com/api/v5/market/ticker?instId=ETHFI-USDT-SWAP "HTTP/2 200 OK"
2026-03-16 16:15:04,954 | INFO | HTTP Request: GET https://www.okx.com/api/v5/market/candles?instId=ASTER-USDT-SWAP&bar=5m&limit=89 "HTTP/2 200 OK"
2026-03-16 16:15:05,320 | INFO | HTTP Request: GET https://www.okx.com/api/v5/market/ticker?instId=ATOM-USDT-SWAP "HTTP/2 200 OK"
2026-03-16 16:15:05,463 | INFO | HTTP Request: GET https://www.okx.com/api/v5/account/balance "HTTP/2 200 OK"
2026-03-16 16:15:05,672 | INFO | HTTP Request: GET https://www.okx.com/api/v5/market/candles?instId=ATOM-USDT-SWAP&bar=5m&limit=89 "HTTP/2 200 OK"
2026-03-16 16:15:06,095 | INFO | HTTP Request: GET https://www.okx.com/api/v5/market/ticker?instId=AUCTION-USDT-SWAP "HTTP/2 200 OK"
2026-03-16 16:15:06,394 | INFO | HTTP Request: GET https://www.okx.com/api/v5/market/candles?instId=AUCTION-USDT-SWAP&bar=5m&limit=89 "HTTP/2 200 OK"
2026-03-16 16:15:06,756 | INFO | HTTP Request: GET https://www.okx.com/api/v5/market/ticker?instId=AVAX-USDT-SWAP "HTTP/2 200 OK"
2026-03-16 16:15:07,101 | INFO | HTTP Request: GET https://www.okx.com/api/v5/market/candles?instId=AVAX-USDT-SWAP&bar=5m&limit=89 "HTTP/2 200 OK"
2026-03-16 16:15:07,541 | INFO | HTTP Request: GET https://www.okx.com/api/v5/market/ticker?instId=AXS-USDT-SWAP "HTTP/2 200 OK"
2026-03-16 16:15:07,929 | INFO | HTTP Request: GET https://www.okx.com/api/v5/market/candles?instId=AXS-USDT-SWAP&bar=5m&limit=89 "HTTP/2 200 OK"
2026-03-16 16:15:08,363 | INFO | HTTP Request: GET https://www.okx.com/api/v5/market/ticker?instId=BCH-USDT-SWAP "HTTP/2 200 OK"
2026-03-16 16:15:08,687 | INFO | HTTP Request: GET https://www.okx.com/api/v5/market/candles?instId=BCH-USDT-SWAP&bar=5m&limit=89 "HTTP/2 200 OK"
2026-03-16 16:15:09,114 | INFO | HTTP Request: GET https://www.okx.com/api/v5/market/ticker?instId=BIO-USDT-SWAP "HTTP/2 200 OK"
2026-03-16 16:15:09,442 | INFO | HTTP Request: GET https://www.okx.com/api/v5/market/candles?instId=BIO-USDT-SWAP&bar=5m&limit=89 "HTTP/2 200 OK"
2026-03-16 16:15:09,672 | INFO | HTTP Request: GET https://www.okx.com/api/v5/market/candles?instId=BTC-USDT-SWAP&bar=5m&limit=64 "HTTP/2 200 OK"
2026-03-16 16:15:09,852 | INFO | HTTP Request: GET https://www.okx.com/api/v5/market/ticker?instId=BLUAI-USDT-SWAP "HTTP/2 200 OK"
2026-03-16 16:15:10,115 | INFO | HTTP Request: GET https://www.okx.com/api/v5/market/candles?instId=BLUAI-USDT-SWAP&bar=5m&limit=89 "HTTP/2 200 OK"
2026-03-16 16:15:10,181 | INFO | HTTP Request: GET https://www.okx.com/api/v5/account/positions?instType=SWAP "HTTP/2 200 OK"
2026-03-16 16:15:10,492 | INFO | HTTP Request: GET https://www.okx.com/api/v5/market/ticker?instId=BNB-USDT-SWAP "HTTP/2 200 OK"
2026-03-16 16:15:10,525 | INFO | HTTP Request: GET https://www.okx.com/api/v5/market/candles?instId=CRO-USDT-SWAP&bar=5m&limit=26 "HTTP/2 200 OK"
2026-03-16 16:15:10,732 | INFO | HTTP Request: GET https://www.okx.com/api/v5/account/balance "HTTP/2 200 OK"
2026-03-16 16:15:10,819 | INFO | HTTP Request: GET https://www.okx.com/api/v5/market/candles?instId=BNB-USDT-SWAP&bar=5m&limit=89 "HTTP/2 200 OK"
2026-03-16 16:15:10,827 | INFO | HTTP Request: GET https://www.okx.com/api/v5/market/candles?instId=BREV-USDT-SWAP&bar=5m&limit=26 "HTTP/2 200 OK"
2026-03-16 16:15:11,163 | INFO | HTTP Request: GET https://www.okx.com/api/v5/market/candles?instId=1INCH-USDT-SWAP&bar=5m&limit=71 "HTTP/2 200 OK"
2026-03-16 16:15:11,205 | INFO | HTTP Request: GET https://www.okx.com/api/v5/market/ticker?instId=BOME-USDT-SWAP "HTTP/2 200 OK"
2026-03-16 16:15:11,415 | INFO | HTTP Request: GET https://www.okx.com/api/v5/market/candles?instId=2Z-USDT-SWAP&bar=5m&limit=71 "HTTP/2 200 OK"
2026-03-16 16:15:11,531 | INFO | HTTP Request: GET https://www.okx.com/api/v5/market/candles?instId=BOME-USDT-SWAP&bar=5m&limit=89 "HTTP/2 200 OK"
2026-03-16 16:15:11,666 | INFO | HTTP Request: GET https://www.okx.com/api/v5/market/candles?instId=A-USDT-SWAP&bar=5m&limit=71 "HTTP/2 200 OK"
2026-03-16 16:15:11,900 | INFO | HTTP Request: GET https://www.okx.com/api/v5/market/ticker?instId=BRETT-USDT-SWAP "HTTP/2 200 OK"
2026-03-16 16:15:11,918 | INFO | HTTP Request: GET https://www.okx.com/api/v5/market/candles?instId=AAVE-USDT-SWAP&bar=5m&limit=71 "HTTP/2 200 OK"
2026-03-16 16:15:12,197 | INFO | HTTP Request: GET https://www.okx.com/api/v5/market/candles?instId=BRETT-USDT-SWAP&bar=5m&limit=89 "HTTP/2 200 OK"
2026-03-16 16:15:12,200 | INFO | HTTP Request: GET https://www.okx.com/api/v5/market/candles?instId=ACT-USDT-SWAP&bar=5m&limit=71 "HTTP/2 200 OK"
2026-03-16 16:15:12,475 | INFO | HTTP Request: GET https://www.okx.com/api/v5/market/candles?instId=ADA-USDT-SWAP&bar=5m&limit=71 "HTTP/2 200 OK"
2026-03-16 16:15:12,643 | INFO | HTTP Request: GET https://www.okx.com/api/v5/market/ticker?instId=BTC-USDT-SWAP "HTTP/2 200 OK"
2026-03-16 16:15:12,726 | INFO | HTTP Request: GET https://www.okx.com/api/v5/market/candles?instId=AI16Z-USDT-SWAP&bar=5m&limit=71 "HTTP/2 200 OK"
2026-03-16 16:15:13,028 | INFO | HTTP Request: GET https://www.okx.com/api/v5/market/candles?instId=AKITA-USDT-SWAP&bar=5m&limit=71 "HTTP/2 200 OK"
2026-03-16 16:15:13,107 | INFO | HTTP Request: GET https://www.okx.com/api/v5/market/ticker?instId=CAT-USDT-SWAP "HTTP/2 200 OK"
2026-03-16 16:15:13,313 | INFO | HTTP Request: GET https://www.okx.com/api/v5/market/candles?instId=ALGO-USDT-SWAP&bar=5m&limit=71 "HTTP/2 200 OK"
2026-03-16 16:15:13,439 | INFO | HTTP Request: GET https://www.okx.com/api/v5/market/candles?instId=CAT-USDT-SWAP&bar=5m&limit=89 "HTTP/2 200 OK"
2026-03-16 16:15:13,665 | INFO | HTTP Request: GET https://www.okx.com/api/v5/market/candles?instId=ARB-USDT-SWAP&bar=5m&limit=71 "HTTP/2 200 OK"
2026-03-16 16:15:13,901 | INFO | HTTP Request: GET https://www.okx.com/api/v5/market/ticker?instId=CATI-USDT-SWAP "HTTP/2 200 OK"
2026-03-16 16:15:13,968 | INFO | HTTP Request: GET https://www.okx.com/api/v5/market/candles?instId=ASP-USDT-SWAP&bar=5m&limit=71 "HTTP/2 200 OK"
2026-03-16 16:15:14,209 | INFO | HTTP Request: GET https://www.okx.com/api/v5/market/candles?instId=CATI-USDT-SWAP&bar=5m&limit=89 "HTTP/2 200 OK"
2026-03-16 16:15:14,347 | INFO | HTTP Request: GET https://www.okx.com/api/v5/market/candles?instId=ASTER-USDT-SWAP&bar=5m&limit=71 "HTTP/2 200 OK"
2026-03-16 16:15:14,585 | INFO | HTTP Request: GET https://www.okx.com/api/v5/market/candles?instId=ATOM-USDT-SWAP&bar=5m&limit=71 "HTTP/2 200 OK"
2026-03-16 16:15:14,639 | INFO | HTTP Request: GET https://www.okx.com/api/v5/market/ticker?instId=CELO-USDT-SWAP "HTTP/2 200 OK"
2026-03-16 16:15:14,822 | INFO | HTTP Request: GET https://www.okx.com/api/v5/market/candles?instId=AUCTION-USDT-SWAP&bar=5m&limit=71 "HTTP/2 200 OK"
2026-03-16 16:15:14,921 | INFO | HTTP Request: GET https://www.okx.com/api/v5/market/candles?instId=CELO-USDT-SWAP&bar=5m&limit=89 "HTTP/2 200 OK"
2026-03-16 16:15:15,125 | INFO | HTTP Request: GET https://www.okx.com/api/v5/market/candles?instId=AVAX-USDT-SWAP&bar=5m&limit=71 "HTTP/2 200 OK"
2026-03-16 16:15:15,355 | INFO | HTTP Request: GET https://www.okx.com/api/v5/market/ticker?instId=CFX-USDT-SWAP "HTTP/2 200 OK"
2026-03-16 16:15:15,381 | INFO | HTTP Request: GET https://www.okx.com/api/v5/market/ticker?instId=AVAX-USDT-SWAP "HTTP/2 200 OK"
2026-03-16 16:15:15,386 | INFO | AVAX-USDT-SWAP: Turtle 20 short-сигнал отклонён (закрытие не удержалось ниже канала)
2026-03-16 16:15:15,607 | INFO | HTTP Request: GET https://www.okx.com/api/v5/market/candles?instId=CFX-USDT-SWAP&bar=5m&limit=89 "HTTP/2 200 OK"
2026-03-16 16:15:15,693 | INFO | HTTP Request: GET https://www.okx.com/api/v5/market/candles?instId=AXS-USDT-SWAP&bar=5m&limit=71 "HTTP/2 200 OK"
2026-03-16 16:15:15,997 | INFO | HTTP Request: GET https://www.okx.com/api/v5/market/candles?instId=BCH-USDT-SWAP&bar=5m&limit=71 "HTTP/2 200 OK"
2026-03-16 16:15:16,021 | INFO | HTTP Request: GET https://www.okx.com/api/v5/market/candles?instId=BTC-USDT-SWAP&bar=5m&limit=64 "HTTP/2 200 OK"
2026-03-16 16:15:16,027 | INFO | HTTP Request: GET https://www.okx.com/api/v5/market/ticker?instId=CHZ-USDT-SWAP "HTTP/2 200 OK"
2026-03-16 16:15:16,122 | INFO | HTTP Request: GET https://www.okx.com/api/v5/account/balance "HTTP/2 200 OK"
2026-03-16 16:15:16,263 | INFO | HTTP Request: GET https://www.okx.com/api/v5/market/candles?instId=BIO-USDT-SWAP&bar=5m&limit=71 "HTTP/2 200 OK"
2026-03-16 16:15:16,282 | INFO | HTTP Request: GET https://www.okx.com/api/v5/market/candles?instId=CHZ-USDT-SWAP&bar=5m&limit=89 "HTTP/2 200 OK"
2026-03-16 16:15:16,582 | INFO | HTTP Request: GET https://www.okx.com/api/v5/market/candles?instId=BLUAI-USDT-SWAP&bar=5m&limit=71 "HTTP/2 200 OK"
2026-03-16 16:15:16,713 | INFO | HTTP Request: GET https://www.okx.com/api/v5/market/ticker?instId=COAI-USDT-SWAP "HTTP/2 200 OK"
2026-03-16 16:15:16,837 | INFO | HTTP Request: GET https://www.okx.com/api/v5/market/candles?instId=BNB-USDT-SWAP&bar=5m&limit=71 "HTTP/2 200 OK"
2026-03-16 16:15:17,072 | INFO | HTTP Request: GET https://www.okx.com/api/v5/market/candles?instId=BOME-USDT-SWAP&bar=5m&limit=71 "HTTP/2 200 OK"
2026-03-16 16:15:17,074 | INFO | HTTP Request: GET https://www.okx.com/api/v5/market/candles?instId=COAI-USDT-SWAP&bar=5m&limit=89 "HTTP/2 200 OK"
2026-03-16 16:15:17,324 | INFO | HTTP Request: GET https://www.okx.com/api/v5/market/candles?instId=BRETT-USDT-SWAP&bar=5m&limit=71 "HTTP/2 200 OK"
2026-03-16 16:15:17,498 | INFO | HTTP Request: GET https://www.okx.com/api/v5/market/ticker?instId=COMP-USDT-SWAP "HTTP/2 200 OK"
2026-03-16 16:15:17,635 | INFO | HTTP Request: GET https://www.okx.com/api/v5/market/candles?instId=BTC-USDT-SWAP&bar=5m&limit=71 "HTTP/2 200 OK"
2026-03-16 16:15:17,785 | INFO | HTTP Request: GET https://www.okx.com/api/v5/market/candles?instId=COMP-USDT-SWAP&bar=5m&limit=89 "HTTP/2 200 OK"
2026-03-16 16:15:17,938 | INFO | HTTP Request: GET https://www.okx.com/api/v5/market/candles?instId=CAT-USDT-SWAP&bar=5m&limit=71 "HTTP/2 200 OK"
2026-03-16 16:15:18,203 | INFO | HTTP Request: GET https://www.okx.com/api/v5/market/ticker?instId=CRV-USDT-SWAP "HTTP/2 200 OK"
2026-03-16 16:15:18,278 | INFO | HTTP Request: GET https://www.okx.com/api/v5/market/ticker?instId=CATI-USDT-SWAP "HTTP/2 200 OK"
2026-03-16 16:15:18,440 | INFO | HTTP Request: GET https://www.okx.com/api/v5/market/candles?instId=CRV-USDT-SWAP&bar=5m&limit=89 "HTTP/2 200 OK"
2026-03-16 16:15:18,561 | INFO | HTTP Request: GET https://www.okx.com/api/v5/market/candles?instId=CRV-USDT-SWAP&bar=5m&limit=71 "HTTP/2 200 OK"
2026-03-16 16:15:18,810 | INFO | HTTP Request: GET https://www.okx.com/api/v5/market/ticker?instId=DOGE-USDT-SWAP "HTTP/2 200 OK"
2026-03-16 16:15:19,048 | INFO | HTTP Request: GET https://www.okx.com/api/v5/market/candles?instId=DOGE-USDT-SWAP&bar=5m&limit=89 "HTTP/2 200 OK"
2026-03-16 16:15:19,048 | INFO | HTTP Request: GET https://www.okx.com/api/v5/market/candles?instId=DOGE-USDT-SWAP&bar=5m&limit=71 "HTTP/2 200 OK"
2026-03-16 16:15:19,301 | INFO | HTTP Request: GET https://www.okx.com/api/v5/market/candles?instId=DOT-USDT-SWAP&bar=5m&limit=71 "HTTP/2 200 OK"
2026-03-16 16:15:19,404 | INFO | HTTP Request: GET https://www.okx.com/api/v5/market/ticker?instId=DOT-USDT-SWAP "HTTP/2 200 OK"
2026-03-16 16:15:19,554 | INFO | HTTP Request: GET https://www.okx.com/api/v5/market/candles?instId=ENA-USDT-SWAP&bar=5m&limit=71 "HTTP/2 200 OK"
2026-03-16 16:15:19,644 | INFO | HTTP Request: GET https://www.okx.com/api/v5/market/candles?instId=DOT-USDT-SWAP&bar=5m&limit=89 "HTTP/2 200 OK"
2026-03-16 16:15:19,801 | INFO | HTTP Request: GET https://www.okx.com/api/v5/market/candles?instId=EOS-USDT-SWAP&bar=5m&limit=71 "HTTP/2 200 OK"
2026-03-16 16:15:20,082 | INFO | HTTP Request: GET https://www.okx.com/api/v5/market/ticker?instId=ENA-USDT-SWAP "HTTP/2 200 OK"
2026-03-16 16:15:20,128 | INFO | HTTP Request: GET https://www.okx.com/api/v5/market/candles?instId=ETH-USDT-SWAP&bar=5m&limit=71 "HTTP/2 200 OK"
2026-03-16 16:15:20,447 | INFO | HTTP Request: GET https://www.okx.com/api/v5/market/ticker?instId=ETH-USDT-SWAP "HTTP/2 200 OK"
2026-03-16 16:15:20,470 | INFO | HTTP Request: GET https://www.okx.com/api/v5/market/ticker?instId=EOS-USDT-SWAP "HTTP/2 200 OK"
2026-03-16 16:15:20,727 | INFO | HTTP Request: GET https://www.okx.com/api/v5/market/candles?instId=ETHFI-USDT-SWAP&bar=5m&limit=71 "HTTP/2 200 OK"
2026-03-16 16:15:20,995 | INFO | HTTP Request: GET https://www.okx.com/api/v5/market/ticker?instId=ETHW-USDT-SWAP "HTTP/2 200 OK"
2026-03-16 16:15:21,014 | INFO | HTTP Request: GET https://www.okx.com/api/v5/market/candles?instId=ETHW-USDT-SWAP&bar=5m&limit=71 "HTTP/2 200 OK"
2026-03-16 16:15:21,308 | INFO | HTTP Request: GET https://www.okx.com/api/v5/market/candles?instId=FLOKI-USDT-SWAP&bar=5m&limit=71 "HTTP/2 200 OK"
2026-03-16 16:15:21,450 | INFO | HTTP Request: GET https://www.okx.com/api/v5/account/balance "HTTP/2 200 OK"
2026-03-16 16:15:21,485 | INFO | HTTP Request: GET https://www.okx.com/api/v5/market/candles?instId=ETHW-USDT-SWAP&bar=5m&limit=89 "HTTP/2 200 OK"
2026-03-16 16:15:21,627 | INFO | HTTP Request: GET https://www.okx.com/api/v5/market/ticker?instId=FLOKI-USDT-SWAP "HTTP/2 200 OK"
2026-03-16 16:15:21,631 | INFO | FLOKI-USDT-SWAP: Turtle 20 long-сигнал отклонён (закрытие не удержалось выше канала)
2026-03-16 16:15:21,913 | INFO | HTTP Request: GET https://www.okx.com/api/v5/market/ticker?instId=FLOKI-USDT-SWAP "HTTP/2 200 OK"
2026-03-16 16:15:21,937 | INFO | HTTP Request: GET https://www.okx.com/api/v5/market/candles?instId=GMT-USDT-SWAP&bar=5m&limit=71 "HTTP/2 200 OK"
2026-03-16 16:15:22,154 | INFO | HTTP Request: GET https://www.okx.com/api/v5/market/candles?instId=BTC-USDT-SWAP&bar=5m&limit=64 "HTTP/2 200 OK"
2026-03-16 16:15:22,259 | INFO | HTTP Request: GET https://www.okx.com/api/v5/market/candles?instId=H-USDT-SWAP&bar=5m&limit=71 "HTTP/2 200 OK"
2026-03-16 16:15:22,305 | INFO | HTTP Request: GET https://www.okx.com/api/v5/market/ticker?instId=GMT-USDT-SWAP "HTTP/2 200 OK"
2026-03-16 16:15:22,507 | INFO | HTTP Request: GET https://www.okx.com/api/v5/market/candles?instId=HBAR-USDT-SWAP&bar=5m&limit=71 "HTTP/2 200 OK"
2026-03-16 16:15:22,741 | INFO | HTTP Request: GET https://www.okx.com/api/v5/market/ticker?instId=H-USDT-SWAP "HTTP/2 200 OK"
2026-03-16 16:15:22,808 | INFO | HTTP Request: GET https://www.okx.com/api/v5/market/candles?instId=HMSTR-USDT-SWAP&bar=5m&limit=71 "HTTP/2 200 OK"
2026-03-16 16:15:23,150 | INFO | HTTP Request: GET https://www.okx.com/api/v5/market/candles?instId=HOME-USDT-SWAP&bar=5m&limit=71 "HTTP/2 200 OK"
2026-03-16 16:15:23,170 | INFO | HTTP Request: GET https://www.okx.com/api/v5/market/ticker?instId=HBAR-USDT-SWAP "HTTP/2 200 OK"
2026-03-16 16:15:23,430 | INFO | HTTP Request: GET https://www.okx.com/api/v5/market/candles?instId=ICP-USDT-SWAP&bar=5m&limit=71 "HTTP/2 200 OK"
2026-03-16 16:15:23,525 | INFO | HTTP Request: GET https://www.okx.com/api/v5/market/ticker?instId=HMSTR-USDT-SWAP "HTTP/2 200 OK"
2026-03-16 16:15:23,724 | INFO | HTTP Request: GET https://www.okx.com/api/v5/market/candles?instId=IMX-USDT-SWAP&bar=5m&limit=71 "HTTP/2 200 OK"
2026-03-16 16:15:23,881 | INFO | HTTP Request: GET https://www.okx.com/api/v5/market/ticker?instId=HOME-USDT-SWAP "HTTP/2 200 OK"
2026-03-16 16:15:24,078 | INFO | HTTP Request: GET https://www.okx.com/api/v5/market/candles?instId=INJ-USDT-SWAP&bar=5m&limit=71 "HTTP/2 200 OK"
2026-03-16 16:15:24,307 | INFO | HTTP Request: GET https://www.okx.com/api/v5/market/ticker?instId=ICP-USDT-SWAP "HTTP/2 200 OK"
2026-03-16 16:15:24,390 | INFO | HTTP Request: GET https://www.okx.com/api/v5/market/candles?instId=IOTA-USDT-SWAP&bar=5m&limit=71 "HTTP/2 200 OK"
2026-03-16 16:15:24,678 | INFO | HTTP Request: GET https://www.okx.com/api/v5/market/ticker?instId=IMX-USDT-SWAP "HTTP/2 200 OK"
2026-03-16 16:15:24,713 | INFO | HTTP Request: GET https://www.okx.com/api/v5/market/candles?instId=JUP-USDT-SWAP&bar=5m&limit=71 "HTTP/2 200 OK"
2026-03-16 16:15:24,956 | INFO | HTTP Request: GET https://www.okx.com/api/v5/market/candles?instId=KAITO-USDT-SWAP&bar=5m&limit=71 "HTTP/2 200 OK"
2026-03-16 16:15:25,203 | INFO | HTTP Request: GET https://www.okx.com/api/v5/market/ticker?instId=INJ-USDT-SWAP "HTTP/2 200 OK"
2026-03-16 16:15:25,205 | INFO | HTTP Request: GET https://www.okx.com/api/v5/market/candles?instId=KSM-USDT-SWAP&bar=5m&limit=71 "HTTP/2 200 OK"
2026-03-16 16:15:25,440 | INFO | HTTP Request: GET https://www.okx.com/api/v5/market/candles?instId=LDO-USDT-SWAP&bar=5m&limit=71 "HTTP/2 200 OK"
2026-03-16 16:15:25,572 | INFO | HTTP Request: GET https://www.okx.com/api/v5/market/ticker?instId=IOTA-USDT-SWAP "HTTP/2 200 OK"
2026-03-16 16:15:25,757 | INFO | HTTP Request: GET https://www.okx.com/api/v5/market/candles?instId=LINEA-USDT-SWAP&bar=5m&limit=71 "HTTP/2 200 OK"
2026-03-16 16:15:25,931 | INFO | HTTP Request: GET https://www.okx.com/api/v5/market/ticker?instId=JUP-USDT-SWAP "HTTP/2 200 OK"
2026-03-16 16:15:26,093 | INFO | HTTP Request: GET https://www.okx.com/api/v5/market/candles?instId=LINK-USDT-SWAP&bar=5m&limit=71 "HTTP/2 200 OK"
2026-03-16 16:15:26,347 | INFO | HTTP Request: GET https://www.okx.com/api/v5/market/ticker?instId=KAITO-USDT-SWAP "HTTP/2 200 OK"
2026-03-16 16:15:26,375 | INFO | HTTP Request: GET https://www.okx.com/api/v5/market/candles?instId=LIT-USDT-SWAP&bar=5m&limit=71 "HTTP/2 200 OK"
2026-03-16 16:15:26,612 | INFO | HTTP Request: GET https://www.okx.com/api/v5/market/candles?instId=LPT-USDT-SWAP&bar=5m&limit=71 "HTTP/2 200 OK"
2026-03-16 16:15:26,716 | INFO | HTTP Request: GET https://www.okx.com/api/v5/market/ticker?instId=KSM-USDT-SWAP "HTTP/2 200 OK"
2026-03-16 16:15:26,827 | INFO | HTTP Request: GET https://www.okx.com/api/v5/account/balance "HTTP/2 200 OK"
2026-03-16 16:15:26,861 | INFO | HTTP Request: GET https://www.okx.com/api/v5/market/candles?instId=LQTY-USDT-SWAP&bar=5m&limit=71 "HTTP/2 200 OK"
2026-03-16 16:15:27,072 | INFO | HTTP Request: GET https://www.okx.com/api/v5/market/ticker?instId=LDO-USDT-SWAP "HTTP/2 200 OK"
2026-03-16 16:15:27,115 | INFO | HTTP Request: GET https://www.okx.com/api/v5/market/candles?instId=LRC-USDT-SWAP&bar=5m&limit=71 "HTTP/2 200 OK"
2026-03-16 16:15:27,364 | INFO | HTTP Request: GET https://www.okx.com/api/v5/market/ticker?instId=LRC-USDT-SWAP "HTTP/2 200 OK"
2026-03-16 16:15:27,369 | INFO | LRC-USDT-SWAP: Turtle 20 long-сигнал отклонён (закрытие не удержалось выше канала)
2026-03-16 16:15:27,489 | INFO | HTTP Request: GET https://www.okx.com/api/v5/market/ticker?instId=LINEA-USDT-SWAP "HTTP/2 200 OK"
2026-03-16 16:15:27,709 | INFO | HTTP Request: GET https://www.okx.com/api/v5/market/candles?instId=LTC-USDT-SWAP&bar=5m&limit=71 "HTTP/2 200 OK"
2026-03-16 16:15:27,845 | INFO | HTTP Request: GET https://www.okx.com/api/v5/market/ticker?instId=LINK-USDT-SWAP "HTTP/2 200 OK"
2026-03-16 16:15:28,016 | INFO | HTTP Request: GET https://www.okx.com/api/v5/market/candles?instId=MAGIC-USDT-SWAP&bar=5m&limit=71 "HTTP/2 200 OK"
2026-03-16 16:15:28,274 | INFO | HTTP Request: GET https://www.okx.com/api/v5/market/ticker?instId=LIT-USDT-SWAP "HTTP/2 200 OK"
2026-03-16 16:15:28,372 | INFO | HTTP Request: GET https://www.okx.com/api/v5/market/candles?instId=MAJOR-USDT-SWAP&bar=5m&limit=71 "HTTP/2 200 OK"
2026-03-16 16:15:28,475 | INFO | HTTP Request: GET https://www.okx.com/api/v5/market/candles?instId=BTC-USDT-SWAP&bar=5m&limit=64 "HTTP/2 200 OK"
2026-03-16 16:15:28,632 | INFO | HTTP Request: GET https://www.okx.com/api/v5/market/candles?instId=MASK-USDT-SWAP&bar=5m&limit=71 "HTTP/2 200 OK"
2026-03-16 16:15:28,743 | INFO | HTTP Request: GET https://www.okx.com/api/v5/market/ticker?instId=LPT-USDT-SWAP "HTTP/2 200 OK"
2026-03-16 16:15:28,953 | INFO | HTTP Request: GET https://www.okx.com/api/v5/market/candles?instId=MET-USDT-SWAP&bar=5m&limit=71 "HTTP/2 200 OK"
2026-03-16 16:15:29,173 | INFO | HTTP Request: GET https://www.okx.com/api/v5/market/ticker?instId=LQTY-USDT-SWAP "HTTP/2 200 OK"
2026-03-16 16:15:29,203 | INFO | HTTP Request: GET https://www.okx.com/api/v5/market/candles?instId=MKR-USDT-SWAP&bar=5m&limit=71 "HTTP/2 200 OK"
2026-03-16 16:15:29,453 | INFO | HTTP Request: GET https://www.okx.com/api/v5/market/candles?instId=MUBARAK-USDT-SWAP&bar=5m&limit=71 "HTTP/2 200 OK"
2026-03-16 16:15:29,668 | INFO | HTTP Request: GET https://www.okx.com/api/v5/market/ticker?instId=LTC-USDT-SWAP "HTTP/2 200 OK"
2026-03-16 16:15:29,752 | INFO | HTTP Request: GET https://www.okx.com/api/v5/market/candles?instId=NEAR-USDT-SWAP&bar=5m&limit=71 "HTTP/2 200 OK"
2026-03-16 16:15:30,035 | INFO | HTTP Request: GET https://www.okx.com/api/v5/market/ticker?instId=MAGIC-USDT-SWAP "HTTP/2 200 OK"
2026-03-16 16:15:30,114 | INFO | HTTP Request: GET https://www.okx.com/api/v5/market/candles?instId=NEO-USDT-SWAP&bar=5m&limit=71 "HTTP/2 200 OK"
2026-03-16 16:15:30,368 | INFO | HTTP Request: GET https://www.okx.com/api/v5/market/candles?instId=NOT-USDT-SWAP&bar=5m&limit=71 "HTTP/2 200 OK"
2026-03-16 16:15:30,450 | INFO | HTTP Request: GET https://www.okx.com/api/v5/market/ticker?instId=MAJOR-USDT-SWAP "HTTP/2 200 OK"
2026-03-16 16:15:30,727 | INFO | HTTP Request: GET https://www.okx.com/api/v5/market/candles?instId=OP-USDT-SWAP&bar=5m&limit=71 "HTTP/2 200 OK"
2026-03-16 16:15:30,973 | INFO | HTTP Request: GET https://www.okx.com/api/v5/market/ticker?instId=MASK-USDT-SWAP "HTTP/2 200 OK"
2026-03-16 16:15:31,007 | INFO | HTTP Request: GET https://www.okx.com/api/v5/market/ticker?instId=OP-USDT-SWAP "HTTP/2 200 OK"
2026-03-16 16:15:31,010 | INFO | OP-USDT-SWAP: Turtle 20 long-сигнал отклонён (закрытие не удержалось выше канала)
2026-03-16 16:15:31,247 | INFO | HTTP Request: GET https://www.okx.com/api/v5/market/candles?instId=PEPE-USDT-SWAP&bar=5m&limit=71 "HTTP/2 200 OK"
2026-03-16 16:15:31,401 | INFO | HTTP Request: GET https://www.okx.com/api/v5/market/ticker?instId=MET-USDT-SWAP "HTTP/2 200 OK"
2026-03-16 16:15:31,554 | INFO | HTTP Request: GET https://www.okx.com/api/v5/market/candles?instId=PIGGY-USDT-SWAP&bar=5m&limit=71 "HTTP/2 200 OK"
2026-03-16 16:15:31,832 | INFO | HTTP Request: GET https://www.okx.com/api/v5/market/ticker?instId=MKR-USDT-SWAP "HTTP/2 200 OK"
2026-03-16 16:15:31,913 | INFO | HTTP Request: GET https://www.okx.com/api/v5/market/candles?instId=QTUM-USDT-SWAP&bar=5m&limit=71 "HTTP/2 200 OK"
2026-03-16 16:15:32,137 | INFO | HTTP Request: GET https://www.okx.com/api/v5/account/balance "HTTP/2 200 OK"
2026-03-16 16:15:32,288 | INFO | HTTP Request: GET https://www.okx.com/api/v5/market/candles?instId=RAVE-USDT-SWAP&bar=5m&limit=71 "HTTP/2 200 OK"
2026-03-16 16:15:32,303 | INFO | HTTP Request: GET https://www.okx.com/api/v5/market/ticker?instId=MUBARAK-USDT-SWAP "HTTP/2 200 OK"
2026-03-16 16:15:32,598 | INFO | HTTP Request: GET https://www.okx.com/api/v5/market/candles?instId=RESOLV-USDT-SWAP&bar=5m&limit=71 "HTTP/2 200 OK"
2026-03-16 16:15:32,841 | INFO | HTTP Request: GET https://www.okx.com/api/v5/market/ticker?instId=NEAR-USDT-SWAP "HTTP/2 200 OK"
2026-03-16 16:15:32,911 | INFO | HTTP Request: GET https://www.okx.com/api/v5/market/candles?instId=ROBO-USDT-SWAP&bar=5m&limit=71 "HTTP/2 200 OK"
2026-03-16 16:15:33,233 | INFO | HTTP Request: GET https://www.okx.com/api/v5/market/candles?instId=SAND-USDT-SWAP&bar=5m&limit=71 "HTTP/2 200 OK"
2026-03-16 16:15:33,258 | INFO | HTTP Request: GET https://www.okx.com/api/v5/market/ticker?instId=NEO-USDT-SWAP "HTTP/2 200 OK"
2026-03-16 16:15:33,591 | INFO | HTTP Request: GET https://www.okx.com/api/v5/market/candles?instId=SCR-USDT-SWAP&bar=5m&limit=71 "HTTP/2 200 OK"
2026-03-16 16:15:33,651 | INFO | HTTP Request: GET https://www.okx.com/api/v5/market/ticker?instId=NOT-USDT-SWAP "HTTP/2 200 OK"
2026-03-16 16:15:33,921 | INFO | HTTP Request: GET https://www.okx.com/api/v5/market/candles?instId=SHIB-USDT-SWAP&bar=5m&limit=71 "HTTP/2 200 OK"
2026-03-16 16:15:34,173 | INFO | HTTP Request: GET https://www.okx.com/api/v5/market/candles?instId=SKY-USDT-SWAP&bar=5m&limit=71 "HTTP/2 200 OK"
2026-03-16 16:15:34,237 | INFO | HTTP Request: GET https://www.okx.com/api/v5/market/ticker?instId=PEPE-USDT-SWAP "HTTP/2 200 OK"
2026-03-16 16:15:34,479 | INFO | HTTP Request: GET https://www.okx.com/api/v5/market/candles?instId=SOL-USDT-SWAP&bar=5m&limit=71 "HTTP/2 200 OK"
2026-03-16 16:15:34,670 | INFO | HTTP Request: GET https://www.okx.com/api/v5/market/candles?instId=BTC-USDT-SWAP&bar=5m&limit=64 "HTTP/2 200 OK"
2026-03-16 16:15:34,711 | INFO | HTTP Request: GET https://www.okx.com/api/v5/market/ticker?instId=PIGGY-USDT-SWAP "HTTP/2 200 OK"
2026-03-16 16:15:34,736 | INFO | HTTP Request: GET https://www.okx.com/api/v5/market/ticker?instId=SOL-USDT-SWAP "HTTP/2 200 OK"
2026-03-16 16:15:34,740 | INFO | SOL-USDT-SWAP: Turtle 20 short-сигнал отклонён (закрытие не удержалось ниже канала)
2026-03-16 16:15:34,992 | INFO | HTTP Request: GET https://www.okx.com/api/v5/market/candles?instId=SOLV-USDT-SWAP&bar=5m&limit=71 "HTTP/2 200 OK"
2026-03-16 16:15:35,141 | INFO | HTTP Request: GET https://www.okx.com/api/v5/market/ticker?instId=QTUM-USDT-SWAP "HTTP/2 200 OK"
2026-03-16 16:15:35,317 | INFO | HTTP Request: GET https://www.okx.com/api/v5/market/candles?instId=SPK-USDT-SWAP&bar=5m&limit=71 "HTTP/2 200 OK"
2026-03-16 16:15:35,516 | INFO | HTTP Request: GET https://www.okx.com/api/v5/market/ticker?instId=RAVE-USDT-SWAP "HTTP/2 200 OK"
2026-03-16 16:15:35,648 | INFO | HTTP Request: GET https://www.okx.com/api/v5/market/candles?instId=STRK-USDT-SWAP&bar=5m&limit=71 "HTTP/2 200 OK"
2026-03-16 16:15:35,962 | INFO | HTTP Request: GET https://www.okx.com/api/v5/market/candles?instId=SUI-USDT-SWAP&bar=5m&limit=71 "HTTP/2 200 OK"
2026-03-16 16:15:35,988 | INFO | HTTP Request: GET https://www.okx.com/api/v5/market/ticker?instId=RESOLV-USDT-SWAP "HTTP/2 200 OK"
2026-03-16 16:15:36,262 | INFO | HTTP Request: GET https://www.okx.com/api/v5/market/candles?instId=SUSHI-USDT-SWAP&bar=5m&limit=71 "HTTP/2 200 OK"
2026-03-16 16:15:36,348 | INFO | HTTP Request: GET https://www.okx.com/api/v5/market/ticker?instId=ROBO-USDT-SWAP "HTTP/2 200 OK"
2026-03-16 16:15:36,544 | INFO | HTTP Request: GET https://www.okx.com/api/v5/market/candles?instId=SYRUP-USDT-SWAP&bar=5m&limit=71 "HTTP/2 200 OK"
2026-03-16 16:15:36,766 | INFO | HTTP Request: GET https://www.okx.com/api/v5/market/ticker?instId=SAND-USDT-SWAP "HTTP/2 200 OK"
2026-03-16 16:15:36,793 | INFO | HTTP Request: GET https://www.okx.com/api/v5/market/candles?instId=TEST1234-USDT-SWAP&bar=5m&limit=71 "HTTP/2 200 OK"
2026-03-16 16:15:37,040 | INFO | HTTP Request: GET https://www.okx.com/api/v5/market/candles?instId=TEST3103-USDT-SWAP&bar=5m&limit=71 "HTTP/2 200 OK"
2026-03-16 16:15:37,238 | INFO | HTTP Request: GET https://www.okx.com/api/v5/market/ticker?instId=SCR-USDT-SWAP "HTTP/2 200 OK"
2026-03-16 16:15:37,289 | INFO | HTTP Request: GET https://www.okx.com/api/v5/market/candles?instId=TEST3110-USDT-SWAP&bar=5m&limit=71 "HTTP/2 200 OK"
2026-03-16 16:15:37,492 | INFO | HTTP Request: GET https://www.okx.com/api/v5/account/balance "HTTP/2 200 OK"
2026-03-16 16:15:37,611 | INFO | HTTP Request: GET https://www.okx.com/api/v5/market/candles?instId=THETA-USDT-SWAP&bar=5m&limit=71 "HTTP/2 200 OK"
2026-03-16 16:15:37,668 | INFO | HTTP Request: GET https://www.okx.com/api/v5/market/ticker?instId=SHIB-USDT-SWAP "HTTP/2 200 OK"
2026-03-16 16:15:37,912 | INFO | HTTP Request: GET https://www.okx.com/api/v5/market/candles?instId=TON-USDT-SWAP&bar=5m&limit=71 "HTTP/2 200 OK"
2026-03-16 16:15:38,120 | INFO | HTTP Request: GET https://www.okx.com/api/v5/market/ticker?instId=SKY-USDT-SWAP "HTTP/2 200 OK"
2026-03-16 16:15:38,222 | INFO | HTTP Request: GET https://www.okx.com/api/v5/market/candles?instId=TRIA-USDT-SWAP&bar=5m&limit=71 "HTTP/2 200 OK"
2026-03-16 16:15:38,519 | INFO | HTTP Request: GET https://www.okx.com/api/v5/market/candles?instId=TRX-USDT-SWAP&bar=5m&limit=71 "HTTP/2 200 OK"
2026-03-16 16:15:38,678 | INFO | HTTP Request: GET https://www.okx.com/api/v5/market/ticker?instId=SOLV-USDT-SWAP "HTTP/2 200 OK"
2026-03-16 16:15:38,817 | INFO | HTTP Request: GET https://www.okx.com/api/v5/market/candles?instId=TSLA-USDT-SWAP&bar=5m&limit=71 "HTTP/2 200 OK"
2026-03-16 16:15:39,064 | INFO | HTTP Request: GET https://www.okx.com/api/v5/market/candles?instId=XAG-USDT-SWAP&bar=5m&limit=71 "HTTP/2 200 OK"
2026-03-16 16:15:39,110 | INFO | HTTP Request: GET https://www.okx.com/api/v5/market/ticker?instId=SPK-USDT-SWAP "HTTP/2 200 OK"
2026-03-16 16:15:39,382 | INFO | HTTP Request: GET https://www.okx.com/api/v5/market/candles?instId=XAU-USDT-SWAP&bar=5m&limit=71 "HTTP/2 200 OK"
2026-03-16 16:15:39,471 | INFO | HTTP Request: GET https://www.okx.com/api/v5/market/ticker?instId=STRK-USDT-SWAP "HTTP/2 200 OK"
2026-03-16 16:15:39,663 | INFO | HTTP Request: GET https://www.okx.com/api/v5/market/ticker?instId=XAU-USDT-SWAP "HTTP/2 200 OK"
2026-03-16 16:15:39,668 | INFO | XAU-USDT-SWAP: Turtle 20 long-сигнал отклонён (закрытие не удержалось выше канала)
2026-03-16 16:15:39,953 | INFO | HTTP Request: GET https://www.okx.com/api/v5/market/ticker?instId=SUI-USDT-SWAP "HTTP/2 200 OK"
2026-03-16 16:15:39,976 | INFO | HTTP Request: GET https://www.okx.com/api/v5/market/candles?instId=XLM-USDT-SWAP&bar=5m&limit=71 "HTTP/2 200 OK"
2026-03-16 16:15:40,230 | INFO | HTTP Request: GET https://www.okx.com/api/v5/market/candles?instId=XPL-USDT-SWAP&bar=5m&limit=71 "HTTP/2 200 OK"
2026-03-16 16:15:40,346 | INFO | HTTP Request: GET https://www.okx.com/api/v5/market/ticker?instId=SUSHI-USDT-SWAP "HTTP/2 200 OK"
2026-03-16 16:15:40,552 | INFO | HTTP Request: GET https://www.okx.com/api/v5/market/candles?instId=XRP-USDT-SWAP&bar=5m&limit=71 "HTTP/2 200 OK"
2026-03-16 16:15:40,706 | INFO | HTTP Request: GET https://www.okx.com/api/v5/market/ticker?instId=SYRUP-USDT-SWAP "HTTP/2 200 OK"
2026-03-16 16:15:40,804 | INFO | HTTP Request: GET https://www.okx.com/api/v5/market/candles?instId=XSR-USDT-SWAP&bar=5m&limit=71 "HTTP/2 200 OK"
2026-03-16 16:15:40,923 | INFO | HTTP Request: GET https://www.okx.com/api/v5/market/candles?instId=BTC-USDT-SWAP&bar=5m&limit=64 "HTTP/2 200 OK"
2026-03-16 16:15:41,063 | INFO | HTTP Request: GET https://www.okx.com/api/v5/market/candles?instId=YB-USDT-SWAP&bar=5m&limit=71 "HTTP/2 200 OK"
2026-03-16 16:15:41,063 | INFO | HTTP Request: GET https://www.okx.com/api/v5/market/ticker?instId=TEST1234-USDT-SWAP "HTTP/2 200 OK"
2026-03-16 16:15:41,371 | INFO | HTTP Request: GET https://www.okx.com/api/v5/market/candles?instId=YFI-USDT-SWAP&bar=5m&limit=71 "HTTP/2 200 OK"
2026-03-16 16:15:41,435 | INFO | HTTP Request: GET https://www.okx.com/api/v5/market/ticker?instId=TEST3103-USDT-SWAP "HTTP/2 200 OK"
2026-03-16 16:15:41,625 | INFO | HTTP Request: GET https://www.okx.com/api/v5/market/ticker?instId=YFI-USDT-SWAP "HTTP/2 200 OK"
2026-03-16 16:15:41,880 | INFO | HTTP Request: GET https://www.okx.com/api/v5/market/candles?instId=YGG-USDT-SWAP&bar=5m&limit=71 "HTTP/2 200 OK"
2026-03-16 16:15:41,909 | INFO | HTTP Request: GET https://www.okx.com/api/v5/market/ticker?instId=TEST3110-USDT-SWAP "HTTP/2 200 OK"
2026-03-16 16:15:42,187 | INFO | HTTP Request: GET https://www.okx.com/api/v5/market/ticker?instId=YGG-USDT-SWAP "HTTP/2 200 OK"
2026-03-16 16:15:42,284 | INFO | HTTP Request: GET https://www.okx.com/api/v5/market/ticker?instId=THETA-USDT-SWAP "HTTP/2 200 OK"
2026-03-16 16:15:42,539 | INFO | HTTP Request: GET https://www.okx.com/api/v5/market/candles?instId=ZAMA-USDT-SWAP&bar=5m&limit=71 "HTTP/2 200 OK"
2026-03-16 16:15:42,737 | INFO | HTTP Request: GET https://www.okx.com/api/v5/market/ticker?instId=TON-USDT-SWAP "HTTP/2 200 OK"
2026-03-16 16:15:42,821 | INFO | HTTP Request: GET https://www.okx.com/api/v5/account/balance "HTTP/2 200 OK"
2026-03-16 16:15:42,867 | INFO | HTTP Request: GET https://www.okx.com/api/v5/market/candles?instId=ZBCN-USDT-SWAP&bar=5m&limit=71 "HTTP/2 200 OK"
2026-03-16 16:15:43,126 | INFO | HTTP Request: GET https://www.okx.com/api/v5/market/candles?instId=ZETA-USDT-SWAP&bar=5m&limit=71 "HTTP/2 200 OK"
2026-03-16 16:15:43,429 | INFO | HTTP Request: GET https://www.okx.com/api/v5/market/candles?instId=ZIL-USDT-SWAP&bar=5m&limit=71 "HTTP/2 200 OK"
2026-03-16 16:15:43,669 | INFO | HTTP Request: GET https://www.okx.com/api/v5/account/balance "HTTP/2 200 OK"
2026-03-16 16:15:43,672 | INFO | Placing order ETH-USDT-SWAP sell qty=5.84
2026-03-16 16:15:43,985 | INFO | HTTP Request: POST https://www.okx.com/api/v5/trade/order "HTTP/2 200 OK"
2026-03-16 16:15:44,028 | INFO | HTTP Request: GET https://www.okx.com/api/v5/market/ticker?instId=XRP-USDT-SWAP "HTTP/2 200 OK"
2026-03-16 16:15:44,277 | INFO | HTTP Request: GET https://www.okx.com/api/v5/account/positions?instType=SWAP "HTTP/2 200 OK"
2026-03-16 16:15:44,492 | INFO | HTTP Request: GET https://www.okx.com/api/v5/market/ticker?instId=XSR-USDT-SWAP "HTTP/2 200 OK"
2026-03-16 16:15:44,519 | INFO | HTTP Request: GET https://www.okx.com/api/v5/market/candles?instId=ETH-USDT-SWAP&bar=5m&limit=81 "HTTP/2 200 OK"
2026-03-16 16:15:44,523 | INFO | Placing exchange stop ETH-USDT-SWAP short payload={'instId': 'ETH-USDT-SWAP', 'tdMode': 'isolated', 'side': 'buy', 'posSide': 'net', 'ordType': 'conditional', 'sz': '5.84', 'slTriggerPx': '2288.88698630137', 'slOrdPx': '-1'}
2026-03-16 16:15:44,762 | INFO | HTTP Request: POST https://www.okx.com/api/v5/trade/order-algo "HTTP/2 200 OK"
2026-03-16 16:15:44,920 | INFO | HTTP Request: GET https://www.okx.com/api/v5/market/ticker?instId=YB-USDT-SWAP "HTTP/2 200 OK"
2026-03-16 16:15:45,012 | INFO | HTTP Request: GET https://www.okx.com/api/v5/account/balance "HTTP/2 200 OK"
2026-03-16 16:15:45,017 | INFO | Placing order YFI-USDT-SWAP buy qty=3701.0
2026-03-16 16:15:45,344 | INFO | HTTP Request: POST https://www.okx.com/api/v5/trade/order "HTTP/2 200 OK"
2026-03-16 16:15:45,627 | INFO | HTTP Request: GET https://www.okx.com/api/v5/market/ticker?instId=ZAMA-USDT-SWAP "HTTP/2 200 OK"
2026-03-16 16:15:45,665 | INFO | HTTP Request: GET https://www.okx.com/api/v5/account/positions?instType=SWAP "HTTP/2 200 OK"
2026-03-16 16:15:45,968 | INFO | HTTP Request: GET https://www.okx.com/api/v5/market/candles?instId=YFI-USDT-SWAP&bar=5m&limit=81 "HTTP/2 200 OK"
2026-03-16 16:15:45,972 | INFO | Placing exchange stop YFI-USDT-SWAP long payload={'instId': 'YFI-USDT-SWAP', 'tdMode': 'isolated', 'side': 'sell', 'posSide': 'net', 'ordType': 'conditional', 'sz': '3701', 'slTriggerPx': '3446.77', 'slOrdPx': '-1'}
2026-03-16 16:15:46,078 | INFO | HTTP Request: GET https://www.okx.com/api/v5/market/ticker?instId=ZBCN-USDT-SWAP "HTTP/2 200 OK"
2026-03-16 16:15:46,296 | INFO | HTTP Request: POST https://www.okx.com/api/v5/trade/order-algo "HTTP/2 200 OK"
2026-03-16 16:15:46,506 | INFO | HTTP Request: GET https://www.okx.com/api/v5/market/ticker?instId=ZETA-USDT-SWAP "HTTP/2 200 OK"
2026-03-16 16:15:46,552 | INFO | HTTP Request: GET https://www.okx.com/api/v5/account/balance "HTTP/2 200 OK"
2026-03-16 16:15:46,558 | INFO | Placing order DOGE-USDT-SWAP buy qty=12.55
2026-03-16 16:15:46,852 | INFO | HTTP Request: POST https://www.okx.com/api/v5/trade/order "HTTP/2 200 OK"
2026-03-16 16:15:46,862 | INFO | HTTP Request: GET https://www.okx.com/api/v5/market/ticker?instId=ZIL-USDT-SWAP "HTTP/2 200 OK"
2026-03-16 16:15:47,108 | INFO | HTTP Request: GET https://www.okx.com/api/v5/account/positions?instType=SWAP "HTTP/2 200 OK"
2026-03-16 16:15:47,226 | INFO | HTTP Request: GET https://www.okx.com/api/v5/market/candles?instId=BTC-USDT-SWAP&bar=5m&limit=64 "HTTP/2 200 OK"
2026-03-16 16:15:47,237 | INFO | HTTP Request: GET https://www.okx.com/api/v5/market/ticker?instId=XTZ-USDT-SWAP "HTTP/2 200 OK"
2026-03-16 16:15:47,457 | INFO | HTTP Request: GET https://www.okx.com/api/v5/market/candles?instId=DOGE-USDT-SWAP&bar=5m&limit=81 "HTTP/2 200 OK"
2026-03-16 16:15:47,461 | INFO | Placing exchange stop DOGE-USDT-SWAP long payload={'instId': 'DOGE-USDT-SWAP', 'tdMode': 'isolated', 'side': 'sell', 'posSide': 'net', 'ordType': 'conditional', 'sz': '12.55', 'slTriggerPx': '0.099705', 'slOrdPx': '-1'}
2026-03-16 16:15:47,492 | INFO | HTTP Request: GET https://www.okx.com/api/v5/market/candles?instId=XTZ-USDT-SWAP&bar=5m&limit=89 "HTTP/2 200 OK"
2026-03-16 16:15:47,799 | INFO | HTTP Request: POST https://www.okx.com/api/v5/trade/order-algo "HTTP/2 200 OK"
2026-03-16 16:15:47,924 | INFO | HTTP Request: GET https://www.okx.com/api/v5/market/ticker?instId=BAND-USDT-SWAP "HTTP/2 200 OK"
2026-03-16 16:15:48,111 | INFO | HTTP Request: GET https://www.okx.com/api/v5/account/balance "HTTP/2 200 OK"
2026-03-16 16:15:48,112 | INFO | HTTP Request: GET https://www.okx.com/api/v5/account/balance "HTTP/2 200 OK"
2026-03-16 16:15:48,130 | INFO | Placing order CATI-USDT-SWAP buy qty=10000.0
2026-03-16 16:15:48,235 | INFO | HTTP Request: GET https://www.okx.com/api/v5/market/candles?instId=BAND-USDT-SWAP&bar=5m&limit=89 "HTTP/2 200 OK"
2026-03-16 16:15:48,383 | INFO | HTTP Request: POST https://www.okx.com/api/v5/trade/order "HTTP/2 200 OK"
2026-03-16 16:15:48,386 | WARNING | Instrument CATI-USDT-SWAP blocked by exchange compliance: You can't trade this pair or borrow this crypto due to local compliance restrictions. 
2026-03-16 16:15:48,633 | INFO | HTTP Request: GET https://www.okx.com/api/v5/account/balance "HTTP/2 200 OK"
2026-03-16 16:15:48,636 | INFO | Placing order YGG-USDT-SWAP buy qty=24540.0
2026-03-16 16:15:48,658 | INFO | HTTP Request: GET https://www.okx.com/api/v5/market/ticker?instId=MINA-USDT-SWAP "HTTP/2 200 OK"
2026-03-16 16:15:48,885 | INFO | HTTP Request: POST https://www.okx.com/api/v5/trade/order "HTTP/2 200 OK"
2026-03-16 16:15:48,910 | INFO | HTTP Request: GET https://www.okx.com/api/v5/market/candles?instId=MINA-USDT-SWAP&bar=5m&limit=89 "HTTP/2 200 OK"
2026-03-16 16:15:49,135 | INFO | HTTP Request: GET https://www.okx.com/api/v5/account/positions?instType=SWAP "HTTP/2 200 OK"
2026-03-16 16:15:49,340 | INFO | HTTP Request: GET https://www.okx.com/api/v5/market/ticker?instId=FIL-USDT-SWAP "HTTP/2 200 OK"
2026-03-16 16:15:49,372 | INFO | HTTP Request: GET https://www.okx.com/api/v5/market/candles?instId=YGG-USDT-SWAP&bar=5m&limit=81 "HTTP/2 200 OK"
2026-03-16 16:15:49,376 | INFO | Placing exchange stop YGG-USDT-SWAP long payload={'instId': 'YGG-USDT-SWAP', 'tdMode': 'isolated', 'side': 'sell', 'posSide': 'net', 'ordType': 'conditional', 'sz': '24540', 'slTriggerPx': '0.04369', 'slOrdPx': '-1'}
2026-03-16 16:15:49,665 | INFO | HTTP Request: GET https://www.okx.com/api/v5/market/candles?instId=FIL-USDT-SWAP&bar=5m&limit=89 "HTTP/2 200 OK"
2026-03-16 16:15:49,701 | INFO | HTTP Request: POST https://www.okx.com/api/v5/trade/order-algo "HTTP/2 200 OK"
2026-03-16 16:15:49,707 | INFO | Placing exchange stop XTZ-USDT-SWAP long payload={'instId': 'XTZ-USDT-SWAP', 'tdMode': 'isolated', 'side': 'sell', 'posSide': 'net', 'ordType': 'conditional', 'sz': '11178', 'slTriggerPx': '0.38645625', 'slOrdPx': '-1'}
2026-03-16 16:15:50,010 | INFO | HTTP Request: POST https://www.okx.com/api/v5/trade/order-algo "HTTP/2 200 OK"
2026-03-16 16:15:50,015 | INFO | Placing order XTZ-USDT-SWAP buy qty=3726.0
2026-03-16 16:15:50,098 | INFO | HTTP Request: GET https://www.okx.com/api/v5/market/ticker?instId=ETC-USDT-SWAP "HTTP/2 200 OK"
2026-03-16 16:15:50,264 | INFO | HTTP Request: POST https://www.okx.com/api/v5/trade/order "HTTP/2 200 OK"
2026-03-16 16:15:50,380 | INFO | HTTP Request: GET https://www.okx.com/api/v5/market/candles?instId=ETC-USDT-SWAP&bar=5m&limit=89 "HTTP/2 200 OK"
2026-03-16 16:15:50,505 | INFO | HTTP Request: GET https://www.okx.com/api/v5/account/positions?instType=SWAP "HTTP/2 200 OK"
2026-03-16 16:15:50,761 | INFO | HTTP Request: POST https://www.okx.com/api/v5/trade/cancel-algos "HTTP/2 200 OK"
2026-03-16 16:15:50,800 | INFO | HTTP Request: GET https://www.okx.com/api/v5/market/ticker?instId=CRO-USDT-SWAP "HTTP/2 200 OK"
2026-03-16 16:15:51,198 | INFO | HTTP Request: GET https://www.okx.com/api/v5/market/candles?instId=CRO-USDT-SWAP&bar=5m&limit=89 "HTTP/2 200 OK"
2026-03-16 16:15:51,199 | INFO | HTTP Request: GET https://www.okx.com/api/v5/trade/orders-algo-pending?ordType=conditional&instType=SWAP&instId=BAND-USDT-SWAP "HTTP/2 200 OK"
2026-03-16 16:15:51,543 | INFO | HTTP Request: GET https://www.okx.com/api/v5/trade/orders-algo-pending?ordType=oco&instType=SWAP&instId=BAND-USDT-SWAP "HTTP/2 200 OK"
2026-03-16 16:15:51,651 | INFO | HTTP Request: GET https://www.okx.com/api/v5/market/ticker?instId=BREV-USDT-SWAP "HTTP/2 200 OK"
2026-03-16 16:15:51,853 | INFO | HTTP Request: GET https://www.okx.com/api/v5/trade/orders-algo-pending?ordType=trigger&instType=SWAP&instId=BAND-USDT-SWAP "HTTP/2 200 OK"
2026-03-16 16:15:51,900 | INFO | HTTP Request: GET https://www.okx.com/api/v5/market/candles?instId=BREV-USDT-SWAP&bar=5m&limit=89 "HTTP/2 200 OK"
2026-03-16 16:15:52,116 | INFO | HTTP Request: GET https://www.okx.com/api/v5/trade/orders-algo-pending?ordType=move_order_stop&instType=SWAP&instId=BAND-USDT-SWAP "HTTP/2 200 OK"
2026-03-16 16:15:52,272 | INFO | HTTP Request: GET https://www.okx.com/api/v5/market/ticker?instId=ETH-USDT-SWAP "HTTP/2 200 OK"
2026-03-16 16:15:52,439 | INFO | HTTP Request: GET https://www.okx.com/api/v5/trade/orders-algo-pending?ordType=iceberg&instType=SWAP&instId=BAND-USDT-SWAP "HTTP/2 200 OK"
2026-03-16 16:15:52,642 | INFO | HTTP Request: GET https://www.okx.com/api/v5/market/ticker?instId=YFI-USDT-SWAP "HTTP/2 200 OK"
2026-03-16 16:15:52,714 | INFO | HTTP Request: GET https://www.okx.com/api/v5/trade/orders-algo-pending?ordType=twap&instType=SWAP&instId=BAND-USDT-SWAP "HTTP/2 200 OK"
2026-03-16 16:15:53,015 | INFO | HTTP Request: GET https://www.okx.com/api/v5/trade/orders-algo-pending?ordType=chase&instType=SWAP&instId=BAND-USDT-SWAP "HTTP/2 200 OK"
2026-03-16 16:15:53,042 | INFO | HTTP Request: GET https://www.okx.com/api/v5/market/ticker?instId=1INCH-USDT-SWAP "HTTP/2 200 OK"
2026-03-16 16:15:53,288 | INFO | HTTP Request: GET https://www.okx.com/api/v5/market/candles?instId=MINA-USDT-SWAP&bar=5m&limit=26 "HTTP/2 200 OK"
2026-03-16 16:15:53,296 | INFO | HTTP Request: GET https://www.okx.com/api/v5/market/candles?instId=1INCH-USDT-SWAP&bar=5m&limit=89 "HTTP/2 200 OK"
2026-03-16 16:15:53,447 | INFO | HTTP Request: GET https://www.okx.com/api/v5/account/balance "HTTP/2 200 OK"
2026-03-16 16:15:53,478 | INFO | HTTP Request: GET https://www.okx.com/api/v5/market/candles?instId=BTC-USDT-SWAP&bar=5m&limit=64 "HTTP/2 200 OK"
2026-03-16 16:15:53,591 | INFO | HTTP Request: GET https://www.okx.com/api/v5/market/ticker?instId=MINA-USDT-SWAP "HTTP/2 200 OK"
2026-03-16 16:15:53,658 | INFO | HTTP Request: GET https://www.okx.com/api/v5/market/ticker?instId=2Z-USDT-SWAP "HTTP/2 200 OK"
2026-03-16 16:15:53,839 | INFO | HTTP Request: GET https://www.okx.com/api/v5/trade/orders-algo-pending?ordType=conditional&instType=SWAP&instId=MINA-USDT-SWAP "HTTP/2 200 OK"
2026-03-16 16:15:53,931 | INFO | HTTP Request: GET https://www.okx.com/api/v5/market/candles?instId=2Z-USDT-SWAP&bar=5m&limit=89 "HTTP/2 200 OK"
2026-03-16 16:15:54,144 | INFO | HTTP Request: GET https://www.okx.com/api/v5/trade/orders-algo-pending?ordType=oco&instType=SWAP&instId=MINA-USDT-SWAP "HTTP/2 200 OK"
2026-03-16 16:15:54,384 | INFO | HTTP Request: GET https://www.okx.com/api/v5/market/ticker?instId=A-USDT-SWAP "HTTP/2 200 OK"
2026-03-16 16:15:54,393 | INFO | HTTP Request: GET https://www.okx.com/api/v5/trade/orders-algo-pending?ordType=trigger&instType=SWAP&instId=MINA-USDT-SWAP "HTTP/2 200 OK"
2026-03-16 16:15:54,622 | INFO | HTTP Request: GET https://www.okx.com/api/v5/market/candles?instId=A-USDT-SWAP&bar=5m&limit=89 "HTTP/2 200 OK"
2026-03-16 16:15:54,735 | INFO | HTTP Request: GET https://www.okx.com/api/v5/trade/orders-algo-pending?ordType=move_order_stop&instType=SWAP&instId=MINA-USDT-SWAP "HTTP/2 200 OK"
2026-03-16 16:15:55,042 | INFO | HTTP Request: GET https://www.okx.com/api/v5/trade/orders-algo-pending?ordType=iceberg&instType=SWAP&instId=MINA-USDT-SWAP "HTTP/2 200 OK"
2026-03-16 16:15:55,069 | INFO | HTTP Request: GET https://www.okx.com/api/v5/market/ticker?instId=AAVE-USDT-SWAP "HTTP/2 200 OK"
2026-03-16 16:15:55,344 | INFO | HTTP Request: GET https://www.okx.com/api/v5/trade/orders-algo-pending?ordType=twap&instType=SWAP&instId=MINA-USDT-SWAP "HTTP/2 200 OK"
2026-03-16 16:15:55,361 | INFO | HTTP Request: GET https://www.okx.com/api/v5/market/candles?instId=AAVE-USDT-SWAP&bar=5m&limit=89 "HTTP/2 200 OK"
2026-03-16 16:15:55,628 | INFO | HTTP Request: GET https://www.okx.com/api/v5/trade/orders-algo-pending?ordType=chase&instType=SWAP&instId=MINA-USDT-SWAP "HTTP/2 200 OK"
2026-03-16 16:15:55,811 | INFO | HTTP Request: GET https://www.okx.com/api/v5/market/ticker?instId=ACT-USDT-SWAP "HTTP/2 200 OK"
2026-03-16 16:15:55,878 | INFO | HTTP Request: GET https://www.okx.com/api/v5/market/candles?instId=FIL-USDT-SWAP&bar=5m&limit=26 "HTTP/2 200 OK"
2026-03-16 16:15:56,136 | INFO | HTTP Request: GET https://www.okx.com/api/v5/market/candles?instId=ACT-USDT-SWAP&bar=5m&limit=89 "HTTP/2 200 OK"
2026-03-16 16:15:56,180 | INFO | HTTP Request: GET https://www.okx.com/api/v5/market/ticker?instId=FIL-USDT-SWAP "HTTP/2 200 OK"
2026-03-16 16:15:56,424 | INFO | HTTP Request: GET https://www.okx.com/api/v5/trade/orders-algo-pending?ordType=conditional&instType=SWAP&instId=FIL-USDT-SWAP "HTTP/2 200 OK"
2026-03-16 16:15:56,554 | INFO | HTTP Request: GET https://www.okx.com/api/v5/market/ticker?instId=ADA-USDT-SWAP "HTTP/2 200 OK"
2026-03-16 16:15:56,673 | INFO | HTTP Request: GET https://www.okx.com/api/v5/trade/orders-algo-pending?ordType=oco&instType=SWAP&instId=FIL-USDT-SWAP "HTTP/2 200 OK"
2026-03-16 16:15:56,874 | INFO | HTTP Request: GET https://www.okx.com/api/v5/market/candles?instId=ADA-USDT-SWAP&bar=5m&limit=89 "HTTP/2 200 OK"
2026-03-16 16:15:56,983 | INFO | HTTP Request: GET https://www.okx.com/api/v5/trade/orders-algo-pending?ordType=trigger&instType=SWAP&instId=FIL-USDT-SWAP "HTTP/2 200 OK"
2026-03-16 16:15:57,249 | INFO | HTTP Request: GET https://www.okx.com/api/v5/market/ticker?instId=AI16Z-USDT-SWAP "HTTP/2 200 OK"
2026-03-16 16:15:57,331 | INFO | HTTP Request: GET https://www.okx.com/api/v5/trade/orders-algo-pending?ordType=move_order_stop&instType=SWAP&instId=FIL-USDT-SWAP "HTTP/2 200 OK"
2026-03-16 16:15:57,581 | INFO | HTTP Request: GET https://www.okx.com/api/v5/trade/orders-algo-pending?ordType=iceberg&instType=SWAP&instId=FIL-USDT-SWAP "HTTP/2 200 OK"
2026-03-16 16:15:57,596 | INFO | HTTP Request: GET https://www.okx.com/api/v5/market/candles?instId=AI16Z-USDT-SWAP&bar=5m&limit=89 "HTTP/2 200 OK"
2026-03-16 16:15:57,835 | INFO | HTTP Request: GET https://www.okx.com/api/v5/trade/orders-algo-pending?ordType=twap&instType=SWAP&instId=FIL-USDT-SWAP "HTTP/2 200 OK"
2026-03-16 16:15:58,020 | INFO | HTTP Request: GET https://www.okx.com/api/v5/market/ticker?instId=AKITA-USDT-SWAP "HTTP/2 200 OK"
2026-03-16 16:15:58,146 | INFO | HTTP Request: GET https://www.okx.com/api/v5/trade/orders-algo-pending?ordType=chase&instType=SWAP&instId=FIL-USDT-SWAP "HTTP/2 200 OK"
2026-03-16 16:15:58,274 | INFO | HTTP Request: GET https://www.okx.com/api/v5/market/candles?instId=AKITA-USDT-SWAP&bar=5m&limit=89 "HTTP/2 200 OK"
2026-03-16 16:15:58,454 | INFO | HTTP Request: GET https://www.okx.com/api/v5/market/candles?instId=ETC-USDT-SWAP&bar=5m&limit=26 "HTTP/2 200 OK"
2026-03-16 16:15:58,695 | INFO | HTTP Request: GET https://www.okx.com/api/v5/market/ticker?instId=ALGO-USDT-SWAP "HTTP/2 200 OK"
2026-03-16 16:15:58,829 | INFO | HTTP Request: GET https://www.okx.com/api/v5/market/ticker?instId=ETC-USDT-SWAP "HTTP/2 200 OK"
2026-03-16 16:15:58,862 | INFO | HTTP Request: GET https://www.okx.com/api/v5/account/balance "HTTP/2 200 OK"
2026-03-16 16:15:59,046 | INFO | HTTP Request: GET https://www.okx.com/api/v5/market/candles?instId=ALGO-USDT-SWAP&bar=5m&limit=89 "HTTP/2 200 OK"
2026-03-16 16:15:59,137 | INFO | HTTP Request: GET https://www.okx.com/api/v5/trade/orders-algo-pending?ordType=conditional&instType=SWAP&instId=ETC-USDT-SWAP "HTTP/2 200 OK"
2026-03-16 16:15:59,420 | INFO | HTTP Request: GET https://www.okx.com/api/v5/market/ticker?instId=ARB-USDT-SWAP "HTTP/2 200 OK"
2026-03-16 16:15:59,529 | INFO | HTTP Request: GET https://www.okx.com/api/v5/trade/orders-algo-pending?ordType=oco&instType=SWAP&instId=ETC-USDT-SWAP "HTTP/2 200 OK"
2026-03-16 16:15:59,673 | INFO | HTTP Request: GET https://www.okx.com/api/v5/market/candles?instId=BTC-USDT-SWAP&bar=5m&limit=64 "HTTP/2 200 OK"
2026-03-16 16:15:59,722 | INFO | HTTP Request: GET https://www.okx.com/api/v5/market/candles?instId=ARB-USDT-SWAP&bar=5m&limit=89 "HTTP/2 200 OK"
2026-03-16 16:15:59,783 | INFO | HTTP Request: GET https://www.okx.com/api/v5/trade/orders-algo-pending?ordType=trigger&instType=SWAP&instId=ETC-USDT-SWAP "HTTP/2 200 OK"
2026-03-16 16:16:00,085 | INFO | HTTP Request: GET https://www.okx.com/api/v5/trade/orders-algo-pending?ordType=move_order_stop&instType=SWAP&instId=ETC-USDT-SWAP "HTTP/2 200 OK"
2026-03-16 16:16:00,187 | INFO | HTTP Request: GET https://www.okx.com/api/v5/market/ticker?instId=ASP-USDT-SWAP "HTTP/2 200 OK"
2026-03-16 16:16:00,433 | INFO | HTTP Request: GET https://www.okx.com/api/v5/trade/orders-algo-pending?ordType=iceberg&instType=SWAP&instId=ETC-USDT-SWAP "HTTP/2 200 OK"
2026-03-16 16:16:00,489 | INFO | HTTP Request: GET https://www.okx.com/api/v5/market/candles?instId=ASP-USDT-SWAP&bar=5m&limit=89 "HTTP/2 200 OK"
2026-03-16 16:16:00,760 | INFO | HTTP Request: GET https://www.okx.com/api/v5/trade/orders-algo-pending?ordType=twap&instType=SWAP&instId=ETC-USDT-SWAP "HTTP/2 200 OK"
2026-03-16 16:16:00,980 | INFO | HTTP Request: GET https://www.okx.com/api/v5/market/ticker?instId=ASTER-USDT-SWAP "HTTP/2 200 OK"
2026-03-16 16:16:01,051 | INFO | HTTP Request: GET https://www.okx.com/api/v5/trade/orders-algo-pending?ordType=chase&instType=SWAP&instId=ETC-USDT-SWAP "HTTP/2 200 OK"
2026-03-16 16:16:01,304 | INFO | HTTP Request: GET https://www.okx.com/api/v5/market/candles?instId=ASTER-USDT-SWAP&bar=5m&limit=89 "HTTP/2 200 OK"
2026-03-16 16:16:01,362 | INFO | HTTP Request: GET https://www.okx.com/api/v5/market/candles?instId=CRO-USDT-SWAP&bar=5m&limit=26 "HTTP/2 200 OK"
2026-03-16 16:16:01,617 | INFO | HTTP Request: GET https://www.okx.com/api/v5/market/ticker?instId=CRO-USDT-SWAP "HTTP/2 200 OK"
2026-03-16 16:16:01,668 | INFO | Closing position CRO-USDT-SWAP. Локальный защитный выход 2.0N
2026-03-16 16:16:01,786 | INFO | HTTP Request: GET https://www.okx.com/api/v5/market/ticker?instId=ATOM-USDT-SWAP "HTTP/2 200 OK"
2026-03-16 16:16:02,020 | INFO | HTTP Request: POST https://www.okx.com/api/v5/trade/close-position "HTTP/2 200 OK"
2026-03-16 16:16:02,023 | WARNING | Failed to load json context : [Errno 13] Permission denied: '.'
2026-03-16 16:16:02,037 | INFO | HTTP Request: GET https://www.okx.com/api/v5/market/candles?instId=ATOM-USDT-SWAP&bar=5m&limit=89 "HTTP/2 200 OK"
2026-03-16 16:16:02,277 | INFO | HTTP Request: GET https://www.okx.com/api/v5/market/candles?instId=CRO-USDT-SWAP&bar=5m&limit=97 "HTTP/2 200 OK"
2026-03-16 16:16:02,401 | INFO | HTTP Request: GET https://www.okx.com/api/v5/market/ticker?instId=AUCTION-USDT-SWAP "HTTP/2 200 OK"
2026-03-16 16:16:02,587 | INFO | HTTP Request: GET https://www.okx.com/api/v5/market/candles?instId=BREV-USDT-SWAP&bar=5m&limit=26 "HTTP/2 200 OK"
2026-03-16 16:16:02,718 | INFO | HTTP Request: GET https://www.okx.com/api/v5/market/candles?instId=AUCTION-USDT-SWAP&bar=5m&limit=89 "HTTP/2 200 OK"
2026-03-16 16:16:02,857 | INFO | HTTP Request: GET https://www.okx.com/api/v5/market/ticker?instId=BREV-USDT-SWAP "HTTP/2 200 OK"
2026-03-16 16:16:02,861 | INFO | Placing exchange stop BREV-USDT-SWAP long payload={'instId': 'BREV-USDT-SWAP', 'tdMode': 'isolated', 'side': 'sell', 'posSide': 'net', 'ordType': 'conditional', 'sz': '120000', 'slTriggerPx': '1.008904996667', 'slOrdPx': '-1'}
2026-03-16 16:16:03,099 | INFO | HTTP Request: GET https://www.okx.com/api/v5/market/ticker?instId=AVAX-USDT-SWAP "HTTP/2 200 OK"
2026-03-16 16:16:03,123 | INFO | HTTP Request: POST https://www.okx.com/api/v5/trade/order-algo "HTTP/2 200 OK"
2026-03-16 16:16:03,336 | INFO | HTTP Request: GET https://www.okx.com/api/v5/market/candles?instId=AVAX-USDT-SWAP&bar=5m&limit=89 "HTTP/2 200 OK"
2026-03-16 16:16:03,368 | INFO | HTTP Request: POST https://www.okx.com/api/v5/trade/cancel-algos "HTTP/2 200 OK"
2026-03-16 16:16:03,373 | INFO | Closing position BREV-USDT-SWAP. Защита тренда: откат от пика 24895003333.33R → 3695003333.33R
2026-03-16 16:16:03,612 | INFO | HTTP Request: POST https://www.okx.com/api/v5/trade/close-position "HTTP/2 200 OK"
2026-03-16 16:16:03,617 | WARNING | Failed to load json context : [Errno 13] Permission denied: '.'
2026-03-16 16:16:03,767 | INFO | HTTP Request: GET https://www.okx.com/api/v5/market/ticker?instId=AXS-USDT-SWAP "HTTP/2 200 OK"
2026-03-16 16:16:03,932 | INFO | HTTP Request: GET https://www.okx.com/api/v5/market/candles?instId=BREV-USDT-SWAP&bar=5m&limit=97 "HTTP/2 200 OK"
2026-03-16 16:16:04,067 | INFO | HTTP Request: GET https://www.okx.com/api/v5/market/candles?instId=AXS-USDT-SWAP&bar=5m&limit=89 "HTTP/2 200 OK"
2026-03-16 16:16:04,181 | INFO | HTTP Request: GET https://www.okx.com/api/v5/account/balance "HTTP/2 200 OK"
2026-03-16 16:16:04,491 | INFO | HTTP Request: GET https://www.okx.com/api/v5/market/ticker?instId=BCH-USDT-SWAP "HTTP/2 200 OK"
2026-03-16 16:16:04,800 | INFO | HTTP Request: GET https://www.okx.com/api/v5/market/candles?instId=BCH-USDT-SWAP&bar=5m&limit=89 "HTTP/2 200 OK"
2026-03-16 16:16:05,224 | INFO | HTTP Request: GET https://www.okx.com/api/v5/market/ticker?instId=BIO-USDT-SWAP "HTTP/2 200 OK"
2026-03-16 16:16:05,432 | INFO | HTTP Request: GET https://www.okx.com/api/v5/market/candles?instId=BTC-USDT-SWAP&bar=5m&limit=64 "HTTP/2 200 OK"
2026-03-16 16:16:05,532 | INFO | HTTP Request: GET https://www.okx.com/api/v5/market/candles?instId=BIO-USDT-SWAP&bar=5m&limit=89 "HTTP/2 200 OK"
2026-03-16 16:16:05,735 | INFO | HTTP Request: GET https://www.okx.com/api/v5/market/candles?instId=ETH-USDT-SWAP&bar=5m&limit=26 "HTTP/2 200 OK"
2026-03-16 16:16:05,908 | INFO | HTTP Request: GET https://www.okx.com/api/v5/market/ticker?instId=BLUAI-USDT-SWAP "HTTP/2 200 OK"
2026-03-16 16:16:05,986 | INFO | HTTP Request: GET https://www.okx.com/api/v5/market/ticker?instId=ETH-USDT-SWAP "HTTP/2 200 OK"
2026-03-16 16:16:06,228 | INFO | HTTP Request: GET https://www.okx.com/api/v5/market/candles?instId=YFI-USDT-SWAP&bar=5m&limit=26 "HTTP/2 200 OK"
2026-03-16 16:16:06,245 | INFO | HTTP Request: GET https://www.okx.com/api/v5/market/candles?instId=BLUAI-USDT-SWAP&bar=5m&limit=89 "HTTP/2 200 OK"
2026-03-16 16:16:06,527 | INFO | HTTP Request: GET https://www.okx.com/api/v5/market/ticker?instId=YFI-USDT-SWAP "HTTP/2 200 OK"
2026-03-16 16:16:06,715 | INFO | HTTP Request: GET https://www.okx.com/api/v5/market/ticker?instId=BNB-USDT-SWAP "HTTP/2 200 OK"
2026-03-16 16:16:06,856 | INFO | HTTP Request: GET https://www.okx.com/api/v5/market/candles?instId=DOGE-USDT-SWAP&bar=5m&limit=26 "HTTP/2 200 OK"
2026-03-16 16:16:07,007 | INFO | HTTP Request: GET https://www.okx.com/api/v5/market/candles?instId=BNB-USDT-SWAP&bar=5m&limit=89 "HTTP/2 200 OK"
2026-03-16 16:16:07,115 | INFO | HTTP Request: GET https://www.okx.com/api/v5/market/ticker?instId=DOGE-USDT-SWAP "HTTP/2 200 OK"
2026-03-16 16:16:07,418 | INFO | HTTP Request: GET https://www.okx.com/api/v5/market/candles?instId=YGG-USDT-SWAP&bar=5m&limit=26 "HTTP/2 200 OK"
2026-03-16 16:16:07,449 | INFO | HTTP Request: GET https://www.okx.com/api/v5/market/ticker?instId=BOME-USDT-SWAP "HTTP/2 200 OK"
2026-03-16 16:16:07,752 | INFO | HTTP Request: GET https://www.okx.com/api/v5/market/ticker?instId=YGG-USDT-SWAP "HTTP/2 200 OK"
2026-03-16 16:16:08,093 | INFO | HTTP Request: GET https://www.okx.com/api/v5/market/candles?instId=BOME-USDT-SWAP&bar=5m&limit=89 "HTTP/2 200 OK"
2026-03-16 16:16:08,524 | INFO | HTTP Request: GET https://www.okx.com/api/v5/market/ticker?instId=BRETT-USDT-SWAP "HTTP/2 200 OK"
2026-03-16 16:16:08,773 | INFO | HTTP Request: GET https://www.okx.com/api/v5/market/candles?instId=BRETT-USDT-SWAP&bar=5m&limit=89 "HTTP/2 200 OK"
2026-03-16 16:16:09,147 | INFO | HTTP Request: GET https://www.okx.com/api/v5/market/ticker?instId=BTC-USDT-SWAP "HTTP/2 200 OK"
2026-03-16 16:16:09,509 | INFO | HTTP Request: GET https://www.okx.com/api/v5/account/balance "HTTP/2 200 OK"
2026-03-16 16:16:09,641 | INFO | HTTP Request: GET https://www.okx.com/api/v5/market/ticker?instId=CAT-USDT-SWAP "HTTP/2 200 OK"
2026-03-16 16:16:09,950 | INFO | HTTP Request: GET https://www.okx.com/api/v5/market/candles?instId=CAT-USDT-SWAP&bar=5m&limit=89 "HTTP/2 200 OK"
2026-03-16 16:16:10,321 | INFO | HTTP Request: GET https://www.okx.com/api/v5/market/ticker?instId=CATI-USDT-SWAP "HTTP/2 200 OK"
2026-03-16 16:16:10,666 | INFO | HTTP Request: GET https://www.okx.com/api/v5/market/candles?instId=CATI-USDT-SWAP&bar=5m&limit=89 "HTTP/2 200 OK"
2026-03-16 16:16:11,090 | INFO | HTTP Request: GET https://www.okx.com/api/v5/market/ticker?instId=CELO-USDT-SWAP "HTTP/2 200 OK"
2026-03-16 16:16:11,344 | INFO | HTTP Request: GET https://www.okx.com/api/v5/market/candles?instId=CELO-USDT-SWAP&bar=5m&limit=89 "HTTP/2 200 OK"
2026-03-16 16:16:11,753 | INFO | HTTP Request: GET https://www.okx.com/api/v5/market/ticker?instId=CFX-USDT-SWAP "HTTP/2 200 OK"
2026-03-16 16:16:12,106 | INFO | HTTP Request: GET https://www.okx.com/api/v5/market/candles?instId=CFX-USDT-SWAP&bar=5m&limit=89 "HTTP/2 200 OK"
2026-03-16 16:16:12,162 | INFO | HTTP Request: GET https://www.okx.com/api/v5/market/candles?instId=BTC-USDT-SWAP&bar=5m&limit=64 "HTTP/2 200 OK"
2026-03-16 16:16:12,531 | INFO | HTTP Request: GET https://www.okx.com/api/v5/market/ticker?instId=CHZ-USDT-SWAP "HTTP/2 200 OK"
2026-03-16 16:16:12,851 | INFO | HTTP Request: GET https://www.okx.com/api/v5/market/candles?instId=CHZ-USDT-SWAP&bar=5m&limit=89 "HTTP/2 200 OK"
2026-03-16 16:16:13,013 | INFO | HTTP Request: GET https://www.okx.com/api/v5/account/positions?instType=SWAP "HTTP/2 200 OK"
2026-03-16 16:16:13,277 | INFO | HTTP Request: GET https://www.okx.com/api/v5/market/ticker?instId=COAI-USDT-SWAP "HTTP/2 200 OK"
2026-03-16 16:16:13,289 | INFO | HTTP Request: GET https://www.okx.com/api/v5/market/candles?instId=CRO-USDT-SWAP&bar=5m&limit=26 "HTTP/2 200 OK"
2026-03-16 16:16:13,515 | INFO | HTTP Request: GET https://www.okx.com/api/v5/market/candles?instId=COAI-USDT-SWAP&bar=5m&limit=89 "HTTP/2 200 OK"
2026-03-16 16:16:13,591 | INFO | HTTP Request: GET https://www.okx.com/api/v5/market/candles?instId=BREV-USDT-SWAP&bar=5m&limit=26 "HTTP/2 200 OK"
2026-03-16 16:16:13,861 | INFO | HTTP Request: GET https://www.okx.com/api/v5/market/candles?instId=1INCH-USDT-SWAP&bar=5m&limit=71 "HTTP/2 200 OK"
2026-03-16 16:16:13,934 | INFO | HTTP Request: GET https://www.okx.com/api/v5/market/ticker?instId=COMP-USDT-SWAP "HTTP/2 200 OK"
2026-03-16 16:16:14,101 | INFO | HTTP Request: GET https://www.okx.com/api/v5/market/candles?instId=2Z-USDT-SWAP&bar=5m&limit=71 "HTTP/2 200 OK"
2026-03-16 16:16:14,272 | INFO | HTTP Request: GET https://www.okx.com/api/v5/market/candles?instId=COMP-USDT-SWAP&bar=5m&limit=89 "HTTP/2 200 OK"
2026-03-16 16:16:14,430 | INFO | HTTP Request: GET https://www.okx.com/api/v5/market/candles?instId=A-USDT-SWAP&bar=5m&limit=71 "HTTP/2 200 OK"
2026-03-16 16:16:14,597 | INFO | HTTP Request: GET https://www.okx.com/api/v5/market/candles?instId=XTZ-USDT-SWAP&bar=5m&limit=81 "HTTP/2 200 OK"
2026-03-16 16:16:14,684 | INFO | HTTP Request: GET https://www.okx.com/api/v5/market/candles?instId=AAVE-USDT-SWAP&bar=5m&limit=71 "HTTP/2 200 OK"
2026-03-16 16:16:14,725 | INFO | HTTP Request: GET https://www.okx.com/api/v5/market/ticker?instId=CRV-USDT-SWAP "HTTP/2 200 OK"
2026-03-16 16:16:14,771 | INFO | HTTP Request: GET https://www.okx.com/api/v5/account/balance "HTTP/2 200 OK"
2026-03-16 16:16:14,988 | INFO | HTTP Request: GET https://www.okx.com/api/v5/market/candles?instId=ACT-USDT-SWAP&bar=5m&limit=71 "HTTP/2 200 OK"
2026-03-16 16:16:15,142 | INFO | HTTP Request: GET https://www.okx.com/api/v5/market/candles?instId=CRV-USDT-SWAP&bar=5m&limit=89 "HTTP/2 200 OK"
2026-03-16 16:16:15,295 | INFO | HTTP Request: GET https://www.okx.com/api/v5/market/candles?instId=ADA-USDT-SWAP&bar=5m&limit=71 "HTTP/2 200 OK"
2026-03-16 16:16:15,621 | INFO | HTTP Request: GET https://www.okx.com/api/v5/market/candles?instId=AI16Z-USDT-SWAP&bar=5m&limit=71 "HTTP/2 200 OK"
2026-03-16 16:16:15,688 | INFO | HTTP Request: GET https://www.okx.com/api/v5/market/ticker?instId=DOT-USDT-SWAP "HTTP/2 200 OK"
2026-03-16 16:16:15,871 | INFO | HTTP Request: GET https://www.okx.com/api/v5/market/candles?instId=AKITA-USDT-SWAP&bar=5m&limit=71 "HTTP/2 200 OK"
2026-03-16 16:16:16,055 | INFO | HTTP Request: GET https://www.okx.com/api/v5/market/candles?instId=DOT-USDT-SWAP&bar=5m&limit=89 "HTTP/2 200 OK"
2026-03-16 16:16:16,123 | INFO | HTTP Request: GET https://www.okx.com/api/v5/market/candles?instId=ALGO-USDT-SWAP&bar=5m&limit=71 "HTTP/2 200 OK"
2026-03-16 16:16:16,427 | INFO | HTTP Request: GET https://www.okx.com/api/v5/market/candles?instId=ARB-USDT-SWAP&bar=5m&limit=71 "HTTP/2 200 OK"
2026-03-16 16:16:16,538 | INFO | HTTP Request: GET https://www.okx.com/api/v5/market/ticker?instId=ENA-USDT-SWAP "HTTP/2 200 OK"
2026-03-16 16:16:16,664 | INFO | HTTP Request: GET https://www.okx.com/api/v5/market/candles?instId=ASP-USDT-SWAP&bar=5m&limit=71 "HTTP/2 200 OK"
2026-03-16 16:16:16,779 | INFO | HTTP Request: GET https://www.okx.com/api/v5/market/candles?instId=ENA-USDT-SWAP&bar=5m&limit=89 "HTTP/2 200 OK"
2026-03-16 16:16:16,917 | INFO | HTTP Request: GET https://www.okx.com/api/v5/market/candles?instId=ASTER-USDT-SWAP&bar=5m&limit=71 "HTTP/2 200 OK"
2026-03-16 16:16:17,179 | INFO | HTTP Request: GET https://www.okx.com/api/v5/market/ticker?instId=EOS-USDT-SWAP "HTTP/2 200 OK"
2026-03-16 16:16:17,240 | INFO | HTTP Request: GET https://www.okx.com/api/v5/market/candles?instId=ATOM-USDT-SWAP&bar=5m&limit=71 "HTTP/2 200 OK"
2026-03-16 16:16:17,472 | INFO | HTTP Request: GET https://www.okx.com/api/v5/market/candles?instId=EOS-USDT-SWAP&bar=5m&limit=89 "HTTP/2 200 OK"
2026-03-16 16:16:17,622 | INFO | HTTP Request: GET https://www.okx.com/api/v5/market/candles?instId=AUCTION-USDT-SWAP&bar=5m&limit=71 "HTTP/2 200 OK"
2026-03-16 16:16:17,840 | INFO | HTTP Request: GET https://www.okx.com/api/v5/market/ticker?instId=ETHFI-USDT-SWAP "HTTP/2 200 OK"
2026-03-16 16:16:17,926 | INFO | HTTP Request: GET https://www.okx.com/api/v5/market/candles?instId=AVAX-USDT-SWAP&bar=5m&limit=71 "HTTP/2 200 OK"
2026-03-16 16:16:18,091 | INFO | HTTP Request: GET https://www.okx.com/api/v5/market/candles?instId=ETHFI-USDT-SWAP&bar=5m&limit=89 "HTTP/2 200 OK"
2026-03-16 16:16:18,239 | INFO | HTTP Request: GET https://www.okx.com/api/v5/market/ticker?instId=AVAX-USDT-SWAP "HTTP/2 200 OK"
2026-03-16 16:16:18,243 | INFO | AVAX-USDT-SWAP: Turtle 20 short-сигнал отклонён (закрытие не удержалось ниже канала)
2026-03-16 16:16:18,463 | INFO | HTTP Request: GET https://www.okx.com/api/v5/market/ticker?instId=ETHW-USDT-SWAP "HTTP/2 200 OK"
2026-03-16 16:16:18,478 | INFO | HTTP Request: GET https://www.okx.com/api/v5/market/candles?instId=BTC-USDT-SWAP&bar=5m&limit=64 "HTTP/2 200 OK"
2026-03-16 16:16:18,483 | INFO | HTTP Request: GET https://www.okx.com/api/v5/market/candles?instId=AXS-USDT-SWAP&bar=5m&limit=71 "HTTP/2 200 OK"
2026-03-16 16:16:18,720 | INFO | HTTP Request: GET https://www.okx.com/api/v5/market/candles?instId=ETHW-USDT-SWAP&bar=5m&limit=89 "HTTP/2 200 OK"
2026-03-16 16:16:18,792 | INFO | HTTP Request: GET https://www.okx.com/api/v5/market/candles?instId=BCH-USDT-SWAP&bar=5m&limit=71 "HTTP/2 200 OK"
2026-03-16 16:16:19,081 | INFO | HTTP Request: GET https://www.okx.com/api/v5/market/candles?instId=BIO-USDT-SWAP&bar=5m&limit=71 "HTTP/2 200 OK"
2026-03-16 16:16:19,148 | INFO | HTTP Request: GET https://www.okx.com/api/v5/market/ticker?instId=FLOKI-USDT-SWAP "HTTP/2 200 OK"
2026-03-16 16:16:19,378 | INFO | HTTP Request: GET https://www.okx.com/api/v5/market/candles?instId=BLUAI-USDT-SWAP&bar=5m&limit=71 "HTTP/2 200 OK"
2026-03-16 16:16:19,612 | INFO | HTTP Request: GET https://www.okx.com/api/v5/market/candles?instId=BNB-USDT-SWAP&bar=5m&limit=71 "HTTP/2 200 OK"
2026-03-16 16:16:19,786 | INFO | HTTP Request: GET https://www.okx.com/api/v5/market/candles?instId=FLOKI-USDT-SWAP&bar=5m&limit=89 "HTTP/2 200 OK"
2026-03-16 16:16:19,926 | INFO | HTTP Request: GET https://www.okx.com/api/v5/market/candles?instId=BOME-USDT-SWAP&bar=5m&limit=71 "HTTP/2 200 OK"
2026-03-16 16:16:20,177 | INFO | HTTP Request: GET https://www.okx.com/api/v5/market/candles?instId=BRETT-USDT-SWAP&bar=5m&limit=71 "HTTP/2 200 OK"
2026-03-16 16:16:20,182 | INFO | HTTP Request: GET https://www.okx.com/api/v5/market/ticker?instId=GMT-USDT-SWAP "HTTP/2 200 OK"
2026-03-16 16:16:20,203 | INFO | HTTP Request: GET https://www.okx.com/api/v5/account/balance "HTTP/2 200 OK"
2026-03-16 16:16:20,414 | INFO | HTTP Request: GET https://www.okx.com/api/v5/market/candles?instId=BTC-USDT-SWAP&bar=5m&limit=71 "HTTP/2 200 OK"
2026-03-16 16:16:20,420 | INFO | HTTP Request: GET https://www.okx.com/api/v5/market/candles?instId=GMT-USDT-SWAP&bar=5m&limit=89 "HTTP/2 200 OK"
2026-03-16 16:16:20,757 | INFO | HTTP Request: GET https://www.okx.com/api/v5/market/candles?instId=CAT-USDT-SWAP&bar=5m&limit=71 "HTTP/2 200 OK"
2026-03-16 16:16:20,843 | INFO | HTTP Request: GET https://www.okx.com/api/v5/market/ticker?instId=H-USDT-SWAP "HTTP/2 200 OK"
2026-03-16 16:16:20,995 | INFO | HTTP Request: GET https://www.okx.com/api/v5/market/candles?instId=CELO-USDT-SWAP&bar=5m&limit=71 "HTTP/2 200 OK"
2026-03-16 16:16:21,170 | INFO | HTTP Request: GET https://www.okx.com/api/v5/market/candles?instId=H-USDT-SWAP&bar=5m&limit=89 "HTTP/2 200 OK"
2026-03-16 16:16:21,286 | INFO | HTTP Request: GET https://www.okx.com/api/v5/market/candles?instId=CFX-USDT-SWAP&bar=5m&limit=71 "HTTP/2 200 OK"
2026-03-16 16:16:21,614 | INFO | HTTP Request: GET https://www.okx.com/api/v5/market/candles?instId=CHZ-USDT-SWAP&bar=5m&limit=71 "HTTP/2 200 OK"
2026-03-16 16:16:21,629 | INFO | HTTP Request: GET https://www.okx.com/api/v5/market/ticker?instId=HBAR-USDT-SWAP "HTTP/2 200 OK"
2026-03-16 16:16:21,915 | INFO | HTTP Request: GET https://www.okx.com/api/v5/market/candles?instId=COAI-USDT-SWAP&bar=5m&limit=71 "HTTP/2 200 OK"
2026-03-16 16:16:21,931 | INFO | HTTP Request: GET https://www.okx.com/api/v5/market/candles?instId=HBAR-USDT-SWAP&bar=5m&limit=89 "HTTP/2 200 OK"
2026-03-16 16:16:22,186 | INFO | HTTP Request: GET https://www.okx.com/api/v5/market/candles?instId=COMP-USDT-SWAP&bar=5m&limit=71 "HTTP/2 200 OK"
2026-03-16 16:16:22,294 | INFO | HTTP Request: GET https://www.okx.com/api/v5/market/ticker?instId=HMSTR-USDT-SWAP "HTTP/2 200 OK"
2026-03-16 16:16:22,492 | INFO | HTTP Request: GET https://www.okx.com/api/v5/market/candles?instId=CRV-USDT-SWAP&bar=5m&limit=71 "HTTP/2 200 OK"
2026-03-16 16:16:22,648 | INFO | HTTP Request: GET https://www.okx.com/api/v5/market/candles?instId=HMSTR-USDT-SWAP&bar=5m&limit=89 "HTTP/2 200 OK"
2026-03-16 16:16:22,825 | INFO | HTTP Request: GET https://www.okx.com/api/v5/market/candles?instId=DOT-USDT-SWAP&bar=5m&limit=71 "HTTP/2 200 OK"
2026-03-16 16:16:23,077 | INFO | HTTP Request: GET https://www.okx.com/api/v5/market/ticker?instId=HOME-USDT-SWAP "HTTP/2 200 OK"
2026-03-16 16:16:23,102 | INFO | HTTP Request: GET https://www.okx.com/api/v5/market/candles?instId=ENA-USDT-SWAP&bar=5m&limit=71 "HTTP/2 200 OK"
2026-03-16 16:16:23,349 | INFO | HTTP Request: GET https://www.okx.com/api/v5/market/candles?instId=EOS-USDT-SWAP&bar=5m&limit=71 "HTTP/2 200 OK"
2026-03-16 16:16:23,437 | INFO | HTTP Request: GET https://www.okx.com/api/v5/market/candles?instId=HOME-USDT-SWAP&bar=5m&limit=89 "HTTP/2 200 OK"
2026-03-16 16:16:23,648 | INFO | HTTP Request: GET https://www.okx.com/api/v5/market/candles?instId=ETHFI-USDT-SWAP&bar=5m&limit=71 "HTTP/2 200 OK"
2026-03-16 16:16:23,893 | INFO | HTTP Request: GET https://www.okx.com/api/v5/market/ticker?instId=ICP-USDT-SWAP "HTTP/2 200 OK"
2026-03-16 16:16:23,960 | INFO | HTTP Request: GET https://www.okx.com/api/v5/market/candles?instId=ETHW-USDT-SWAP&bar=5m&limit=71 "HTTP/2 200 OK"
2026-03-16 16:16:24,201 | INFO | HTTP Request: GET https://www.okx.com/api/v5/market/candles?instId=ICP-USDT-SWAP&bar=5m&limit=89 "HTTP/2 200 OK"
2026-03-16 16:16:24,249 | INFO | HTTP Request: GET https://www.okx.com/api/v5/market/candles?instId=FLOKI-USDT-SWAP&bar=5m&limit=71 "HTTP/2 200 OK"
2026-03-16 16:16:24,486 | INFO | HTTP Request: GET https://www.okx.com/api/v5/market/ticker?instId=FLOKI-USDT-SWAP "HTTP/2 200 OK"
2026-03-16 16:16:24,490 | INFO | FLOKI-USDT-SWAP: Turtle 20 long-сигнал отклонён (закрытие не удержалось выше канала)
2026-03-16 16:16:24,639 | INFO | HTTP Request: GET https://www.okx.com/api/v5/market/ticker?instId=IMX-USDT-SWAP "HTTP/2 200 OK"
2026-03-16 16:16:24,770 | INFO | HTTP Request: GET https://www.okx.com/api/v5/market/candles?instId=BTC-USDT-SWAP&bar=5m&limit=64 "HTTP/2 200 OK"
2026-03-16 16:16:24,820 | INFO | HTTP Request: GET https://www.okx.com/api/v5/market/candles?instId=GMT-USDT-SWAP&bar=5m&limit=71 "HTTP/2 200 OK"
2026-03-16 16:16:24,940 | INFO | HTTP Request: GET https://www.okx.com/api/v5/market/candles?instId=IMX-USDT-SWAP&bar=5m&limit=89 "HTTP/2 200 OK"
2026-03-16 16:16:25,126 | INFO | HTTP Request: GET https://www.okx.com/api/v5/market/candles?instId=IMX-USDT-SWAP&bar=5m&limit=71 "HTTP/2 200 OK"
2026-03-16 16:16:25,385 | INFO | HTTP Request: GET https://www.okx.com/api/v5/market/candles?instId=INJ-USDT-SWAP&bar=5m&limit=71 "HTTP/2 200 OK"
2026-03-16 16:16:25,412 | INFO | HTTP Request: GET https://www.okx.com/api/v5/market/ticker?instId=INJ-USDT-SWAP "HTTP/2 200 OK"
2026-03-16 16:16:25,634 | INFO | HTTP Request: GET https://www.okx.com/api/v5/account/balance "HTTP/2 200 OK"
2026-03-16 16:16:25,637 | INFO | HTTP Request: GET https://www.okx.com/api/v5/market/candles?instId=IOTA-USDT-SWAP&bar=5m&limit=71 "HTTP/2 200 OK"
2026-03-16 16:16:25,722 | INFO | HTTP Request: GET https://www.okx.com/api/v5/market/candles?instId=INJ-USDT-SWAP&bar=5m&limit=89 "HTTP/2 200 OK"
2026-03-16 16:16:25,937 | INFO | HTTP Request: GET https://www.okx.com/api/v5/market/candles?instId=JUP-USDT-SWAP&bar=5m&limit=71 "HTTP/2 200 OK"
2026-03-16 16:16:26,102 | INFO | HTTP Request: GET https://www.okx.com/api/v5/market/ticker?instId=IOTA-USDT-SWAP "HTTP/2 200 OK"
2026-03-16 16:16:26,183 | INFO | HTTP Request: GET https://www.okx.com/api/v5/market/candles?instId=KAITO-USDT-SWAP&bar=5m&limit=71 "HTTP/2 200 OK"
2026-03-16 16:16:26,422 | INFO | HTTP Request: GET https://www.okx.com/api/v5/market/candles?instId=KSM-USDT-SWAP&bar=5m&limit=71 "HTTP/2 200 OK"
2026-03-16 16:16:26,577 | INFO | HTTP Request: GET https://www.okx.com/api/v5/market/ticker?instId=JUP-USDT-SWAP "HTTP/2 200 OK"
2026-03-16 16:16:26,672 | INFO | HTTP Request: GET https://www.okx.com/api/v5/market/candles?instId=LDO-USDT-SWAP&bar=5m&limit=71 "HTTP/2 200 OK"
2026-03-16 16:16:26,982 | INFO | HTTP Request: GET https://www.okx.com/api/v5/market/candles?instId=LINEA-USDT-SWAP&bar=5m&limit=71 "HTTP/2 200 OK"
2026-03-16 16:16:27,048 | INFO | HTTP Request: GET https://www.okx.com/api/v5/market/ticker?instId=KAITO-USDT-SWAP "HTTP/2 200 OK"
2026-03-16 16:16:27,324 | INFO | HTTP Request: GET https://www.okx.com/api/v5/market/candles?instId=LINK-USDT-SWAP&bar=5m&limit=71 "HTTP/2 200 OK"
2026-03-16 16:16:27,513 | INFO | HTTP Request: GET https://www.okx.com/api/v5/market/ticker?instId=KSM-USDT-SWAP "HTTP/2 200 OK"
2026-03-16 16:16:27,625 | INFO | HTTP Request: GET https://www.okx.com/api/v5/market/candles?instId=LIT-USDT-SWAP&bar=5m&limit=71 "HTTP/2 200 OK"
2026-03-16 16:16:27,933 | INFO | HTTP Request: GET https://www.okx.com/api/v5/market/ticker?instId=LDO-USDT-SWAP "HTTP/2 200 OK"
2026-03-16 16:16:27,994 | INFO | HTTP Request: GET https://www.okx.com/api/v5/market/candles?instId=LPT-USDT-SWAP&bar=5m&limit=71 "HTTP/2 200 OK"
2026-03-16 16:16:28,355 | INFO | HTTP Request: GET https://www.okx.com/api/v5/market/ticker?instId=LINEA-USDT-SWAP "HTTP/2 200 OK"
2026-03-16 16:16:28,371 | INFO | HTTP Request: GET https://www.okx.com/api/v5/market/candles?instId=LQTY-USDT-SWAP&bar=5m&limit=71 "HTTP/2 200 OK"
2026-03-16 16:16:28,677 | INFO | HTTP Request: GET https://www.okx.com/api/v5/market/candles?instId=LRC-USDT-SWAP&bar=5m&limit=71 "HTTP/2 200 OK"
2026-03-16 16:16:28,773 | INFO | HTTP Request: GET https://www.okx.com/api/v5/market/ticker?instId=LINK-USDT-SWAP "HTTP/2 200 OK"
2026-03-16 16:16:28,974 | INFO | HTTP Request: GET https://www.okx.com/api/v5/market/ticker?instId=LRC-USDT-SWAP "HTTP/2 200 OK"
2026-03-16 16:16:28,986 | INFO | LRC-USDT-SWAP: Turtle 20 long-сигнал отклонён (закрытие не удержалось выше канала)
2026-03-16 16:16:29,150 | INFO | HTTP Request: GET https://www.okx.com/api/v5/market/ticker?instId=LIT-USDT-SWAP "HTTP/2 200 OK"
2026-03-16 16:16:29,242 | INFO | HTTP Request: GET https://www.okx.com/api/v5/market/candles?instId=LTC-USDT-SWAP&bar=5m&limit=71 "HTTP/2 200 OK"
2026-03-16 16:16:29,484 | INFO | HTTP Request: GET https://www.okx.com/api/v5/market/candles?instId=MAGIC-USDT-SWAP&bar=5m&limit=71 "HTTP/2 200 OK"
2026-03-16 16:16:29,578 | INFO | HTTP Request: GET https://www.okx.com/api/v5/market/ticker?instId=LPT-USDT-SWAP "HTTP/2 200 OK"
2026-03-16 16:16:29,721 | INFO | HTTP Request: GET https://www.okx.com/api/v5/market/candles?instId=MAJOR-USDT-SWAP&bar=5m&limit=71 "HTTP/2 200 OK"
2026-03-16 16:16:29,943 | INFO | HTTP Request: GET https://www.okx.com/api/v5/market/ticker?instId=LQTY-USDT-SWAP "HTTP/2 200 OK"
2026-03-16 16:16:30,022 | INFO | HTTP Request: GET https://www.okx.com/api/v5/market/candles?instId=MASK-USDT-SWAP&bar=5m&limit=71 "HTTP/2 200 OK"
2026-03-16 16:16:30,299 | INFO | HTTP Request: GET https://www.okx.com/api/v5/market/candles?instId=MET-USDT-SWAP&bar=5m&limit=71 "HTTP/2 200 OK"
2026-03-16 16:16:30,433 | INFO | HTTP Request: GET https://www.okx.com/api/v5/market/ticker?instId=LTC-USDT-SWAP "HTTP/2 200 OK"
2026-03-16 16:16:30,599 | INFO | HTTP Request: GET https://www.okx.com/api/v5/market/candles?instId=MKR-USDT-SWAP&bar=5m&limit=71 "HTTP/2 200 OK"
2026-03-16 16:16:30,874 | INFO | HTTP Request: GET https://www.okx.com/api/v5/market/ticker?instId=MAGIC-USDT-SWAP "HTTP/2 200 OK"
2026-03-16 16:16:30,877 | INFO | HTTP Request: GET https://www.okx.com/api/v5/market/candles?instId=MUBARAK-USDT-SWAP&bar=5m&limit=71 "HTTP/2 200 OK"
2026-03-16 16:16:30,949 | INFO | HTTP Request: GET https://www.okx.com/api/v5/account/balance "HTTP/2 200 OK"
2026-03-16 16:16:30,974 | INFO | HTTP Request: GET https://www.okx.com/api/v5/market/candles?instId=BTC-USDT-SWAP&bar=5m&limit=64 "HTTP/2 200 OK"
2026-03-16 16:16:31,134 | INFO | HTTP Request: GET https://www.okx.com/api/v5/market/candles?instId=NEAR-USDT-SWAP&bar=5m&limit=71 "HTTP/2 200 OK"
2026-03-16 16:16:31,232 | INFO | HTTP Request: GET https://www.okx.com/api/v5/market/ticker?instId=MAJOR-USDT-SWAP "HTTP/2 200 OK"
2026-03-16 16:16:31,445 | INFO | HTTP Request: GET https://www.okx.com/api/v5/market/candles?instId=NEO-USDT-SWAP&bar=5m&limit=71 "HTTP/2 200 OK"
2026-03-16 16:16:31,667 | INFO | HTTP Request: GET https://www.okx.com/api/v5/market/ticker?instId=MASK-USDT-SWAP "HTTP/2 200 OK"
2026-03-16 16:16:31,759 | INFO | HTTP Request: GET https://www.okx.com/api/v5/market/candles?instId=NOT-USDT-SWAP&bar=5m&limit=71 "HTTP/2 200 OK"
2026-03-16 16:16:32,065 | INFO | HTTP Request: GET https://www.okx.com/api/v5/market/ticker?instId=MET-USDT-SWAP "HTTP/2 200 OK"
2026-03-16 16:16:32,078 | INFO | HTTP Request: GET https://www.okx.com/api/v5/market/candles?instId=OP-USDT-SWAP&bar=5m&limit=71 "HTTP/2 200 OK"
2026-03-16 16:16:32,316 | INFO | HTTP Request: GET https://www.okx.com/api/v5/market/ticker?instId=OP-USDT-SWAP "HTTP/2 200 OK"
2026-03-16 16:16:32,320 | INFO | OP-USDT-SWAP: Turtle 20 long-сигнал отклонён (закрытие не удержалось выше канала)
2026-03-16 16:16:32,483 | INFO | HTTP Request: GET https://www.okx.com/api/v5/market/ticker?instId=MKR-USDT-SWAP "HTTP/2 200 OK"
2026-03-16 16:16:32,627 | INFO | HTTP Request: GET https://www.okx.com/api/v5/market/candles?instId=PEPE-USDT-SWAP&bar=5m&limit=71 "HTTP/2 200 OK"
2026-03-16 16:16:32,944 | INFO | HTTP Request: GET https://www.okx.com/api/v5/market/ticker?instId=MUBARAK-USDT-SWAP "HTTP/2 200 OK"
2026-03-16 16:16:32,986 | INFO | HTTP Request: GET https://www.okx.com/api/v5/market/candles?instId=PIGGY-USDT-SWAP&bar=5m&limit=71 "HTTP/2 200 OK"
2026-03-16 16:16:33,224 | INFO | HTTP Request: GET https://www.okx.com/api/v5/market/candles?instId=QTUM-USDT-SWAP&bar=5m&limit=71 "HTTP/2 200 OK"
2026-03-16 16:16:33,313 | INFO | HTTP Request: GET https://www.okx.com/api/v5/market/ticker?instId=NEAR-USDT-SWAP "HTTP/2 200 OK"
2026-03-16 16:16:33,525 | INFO | HTTP Request: GET https://www.okx.com/api/v5/market/candles?instId=RAVE-USDT-SWAP&bar=5m&limit=71 "HTTP/2 200 OK"
2026-03-16 16:16:33,753 | INFO | HTTP Request: GET https://www.okx.com/api/v5/market/ticker?instId=NEO-USDT-SWAP "HTTP/2 200 OK"
2026-03-16 16:16:33,782 | INFO | HTTP Request: GET https://www.okx.com/api/v5/market/candles?instId=RESOLV-USDT-SWAP&bar=5m&limit=71 "HTTP/2 200 OK"
2026-03-16 16:16:34,114 | INFO | HTTP Request: GET https://www.okx.com/api/v5/market/ticker?instId=NOT-USDT-SWAP "HTTP/2 200 OK"
2026-03-16 16:16:34,126 | INFO | HTTP Request: GET https://www.okx.com/api/v5/market/candles?instId=ROBO-USDT-SWAP&bar=5m&limit=71 "HTTP/2 200 OK"
2026-03-16 16:16:34,437 | INFO | HTTP Request: GET https://www.okx.com/api/v5/market/candles?instId=SAND-USDT-SWAP&bar=5m&limit=71 "HTTP/2 200 OK"
2026-03-16 16:16:34,651 | INFO | HTTP Request: GET https://www.okx.com/api/v5/market/ticker?instId=PEPE-USDT-SWAP "HTTP/2 200 OK"
2026-03-16 16:16:34,735 | INFO | HTTP Request: GET https://www.okx.com/api/v5/market/candles?instId=SCR-USDT-SWAP&bar=5m&limit=71 "HTTP/2 200 OK"
2026-03-16 16:16:34,992 | INFO | HTTP Request: GET https://www.okx.com/api/v5/market/candles?instId=SHIB-USDT-SWAP&bar=5m&limit=71 "HTTP/2 200 OK"
2026-03-16 16:16:35,077 | INFO | HTTP Request: GET https://www.okx.com/api/v5/market/ticker?instId=PIGGY-USDT-SWAP "HTTP/2 200 OK"
2026-03-16 16:16:35,309 | INFO | HTTP Request: GET https://www.okx.com/api/v5/market/candles?instId=SKY-USDT-SWAP&bar=5m&limit=71 "HTTP/2 200 OK"
2026-03-16 16:16:35,466 | INFO | HTTP Request: GET https://www.okx.com/api/v5/market/ticker?instId=QTUM-USDT-SWAP "HTTP/2 200 OK"
2026-03-16 16:16:35,608 | INFO | HTTP Request: GET https://www.okx.com/api/v5/market/candles?instId=SOL-USDT-SWAP&bar=5m&limit=71 "HTTP/2 200 OK"
2026-03-16 16:16:35,919 | INFO | HTTP Request: GET https://www.okx.com/api/v5/market/ticker?instId=SOL-USDT-SWAP "HTTP/2 200 OK"
2026-03-16 16:16:35,922 | INFO | SOL-USDT-SWAP: Turtle 20 short-сигнал отклонён (закрытие не удержалось ниже канала)
2026-03-16 16:16:35,941 | INFO | HTTP Request: GET https://www.okx.com/api/v5/market/ticker?instId=RAVE-USDT-SWAP "HTTP/2 200 OK"
2026-03-16 16:16:36,157 | INFO | HTTP Request: GET https://www.okx.com/api/v5/market/candles?instId=SOLV-USDT-SWAP&bar=5m&limit=71 "HTTP/2 200 OK"
2026-03-16 16:16:36,323 | INFO | HTTP Request: GET https://www.okx.com/api/v5/market/ticker?instId=RESOLV-USDT-SWAP "HTTP/2 200 OK"
2026-03-16 16:16:36,414 | INFO | HTTP Request: GET https://www.okx.com/api/v5/account/balance "HTTP/2 200 OK"
2026-03-16 16:16:36,730 | INFO | HTTP Request: GET https://www.okx.com/api/v5/market/ticker?instId=ROBO-USDT-SWAP "HTTP/2 200 OK"
2026-03-16 16:16:37,120 | INFO | HTTP Request: GET https://www.okx.com/api/v5/market/ticker?instId=SAND-USDT-SWAP "HTTP/2 200 OK"
2026-03-16 16:16:37,265 | INFO | HTTP Request: GET https://www.okx.com/api/v5/market/candles?instId=BTC-USDT-SWAP&bar=5m&limit=64 "HTTP/2 200 OK"
2026-03-16 16:16:37,537 | INFO | HTTP Request: GET https://www.okx.com/api/v5/market/candles?instId=SPK-USDT-SWAP&bar=5m&limit=71 "HTTP/2 200 OK"
2026-03-16 16:16:37,595 | INFO | HTTP Request: GET https://www.okx.com/api/v5/market/ticker?instId=SCR-USDT-SWAP "HTTP/2 200 OK"
2026-03-16 16:16:37,815 | INFO | HTTP Request: GET https://www.okx.com/api/v5/market/candles?instId=STRK-USDT-SWAP&bar=5m&limit=71 "HTTP/2 200 OK"
2026-03-16 16:16:38,023 | INFO | HTTP Request: GET https://www.okx.com/api/v5/market/ticker?instId=SHIB-USDT-SWAP "HTTP/2 200 OK"
2026-03-16 16:16:38,097 | INFO | HTTP Request: GET https://www.okx.com/api/v5/market/candles?instId=SUI-USDT-SWAP&bar=5m&limit=71 "HTTP/2 200 OK"
2026-03-16 16:16:38,363 | INFO | HTTP Request: GET https://www.okx.com/api/v5/market/candles?instId=SUSHI-USDT-SWAP&bar=5m&limit=71 "HTTP/2 200 OK"
2026-03-16 16:16:38,450 | INFO | HTTP Request: GET https://www.okx.com/api/v5/market/ticker?instId=SKY-USDT-SWAP "HTTP/2 200 OK"
2026-03-16 16:16:38,673 | INFO | HTTP Request: GET https://www.okx.com/api/v5/market/candles?instId=SYRUP-USDT-SWAP&bar=5m&limit=71 "HTTP/2 200 OK"
2026-03-16 16:16:38,970 | INFO | HTTP Request: GET https://www.okx.com/api/v5/market/candles?instId=TEST1234-USDT-SWAP&bar=5m&limit=71 "HTTP/2 200 OK"
2026-03-16 16:16:39,002 | INFO | HTTP Request: GET https://www.okx.com/api/v5/market/ticker?instId=SOLV-USDT-SWAP "HTTP/2 200 OK"
2026-03-16 16:16:39,277 | INFO | HTTP Request: GET https://www.okx.com/api/v5/market/candles?instId=TEST3103-USDT-SWAP&bar=5m&limit=71 "HTTP/2 200 OK"
2026-03-16 16:16:39,423 | INFO | HTTP Request: GET https://www.okx.com/api/v5/market/ticker?instId=SPK-USDT-SWAP "HTTP/2 200 OK"
2026-03-16 16:16:39,544 | INFO | HTTP Request: GET https://www.okx.com/api/v5/market/candles?instId=TEST3110-USDT-SWAP&bar=5m&limit=71 "HTTP/2 200 OK"
2026-03-16 16:16:39,819 | INFO | HTTP Request: GET https://www.okx.com/api/v5/market/candles?instId=THETA-USDT-SWAP&bar=5m&limit=71 "HTTP/2 200 OK"
2026-03-16 16:16:39,844 | INFO | HTTP Request: GET https://www.okx.com/api/v5/market/ticker?instId=STRK-USDT-SWAP "HTTP/2 200 OK"
2026-03-16 16:16:40,084 | INFO | HTTP Request: GET https://www.okx.com/api/v5/market/candles?instId=TON-USDT-SWAP&bar=5m&limit=71 "HTTP/2 200 OK"
2026-03-16 16:16:40,210 | INFO | HTTP Request: GET https://www.okx.com/api/v5/market/ticker?instId=SUI-USDT-SWAP "HTTP/2 200 OK"
2026-03-16 16:16:40,385 | INFO | HTTP Request: GET https://www.okx.com/api/v5/market/candles?instId=TRIA-USDT-SWAP&bar=5m&limit=71 "HTTP/2 200 OK"
2026-03-16 16:16:40,566 | INFO | HTTP Request: GET https://www.okx.com/api/v5/market/ticker?instId=SUSHI-USDT-SWAP "HTTP/2 200 OK"
2026-03-16 16:16:40,718 | INFO | HTTP Request: GET https://www.okx.com/api/v5/market/candles?instId=TRX-USDT-SWAP&bar=5m&limit=71 "HTTP/2 200 OK"
2026-03-16 16:16:41,001 | INFO | HTTP Request: GET https://www.okx.com/api/v5/market/ticker?instId=SYRUP-USDT-SWAP "HTTP/2 200 OK"
2026-03-16 16:16:41,061 | INFO | HTTP Request: GET https://www.okx.com/api/v5/market/candles?instId=TSLA-USDT-SWAP&bar=5m&limit=71 "HTTP/2 200 OK"
2026-03-16 16:16:41,300 | INFO | HTTP Request: GET https://www.okx.com/api/v5/market/candles?instId=XAG-USDT-SWAP&bar=5m&limit=71 "HTTP/2 200 OK"
2026-03-16 16:16:41,446 | INFO | HTTP Request: GET https://www.okx.com/api/v5/market/ticker?instId=TEST1234-USDT-SWAP "HTTP/2 200 OK"
2026-03-16 16:16:41,664 | INFO | HTTP Request: GET https://www.okx.com/api/v5/market/candles?instId=XAU-USDT-SWAP&bar=5m&limit=71 "HTTP/2 200 OK"
2026-03-16 16:16:41,818 | INFO | HTTP Request: GET https://www.okx.com/api/v5/market/ticker?instId=TEST3103-USDT-SWAP "HTTP/2 200 OK"
2026-03-16 16:16:41,887 | INFO | HTTP Request: GET https://www.okx.com/api/v5/account/balance "HTTP/2 200 OK"
2026-03-16 16:16:41,910 | INFO | HTTP Request: GET https://www.okx.com/api/v5/market/ticker?instId=XAU-USDT-SWAP "HTTP/2 200 OK"
2026-03-16 16:16:41,914 | INFO | XAU-USDT-SWAP: Turtle 20 long-сигнал отклонён (закрытие не удержалось выше канала)
2026-03-16 16:16:42,153 | INFO | HTTP Request: GET https://www.okx.com/api/v5/market/candles?instId=XLM-USDT-SWAP&bar=5m&limit=71 "HTTP/2 200 OK"
2026-03-16 16:16:42,290 | INFO | HTTP Request: GET https://www.okx.com/api/v5/market/ticker?instId=TEST3110-USDT-SWAP "HTTP/2 200 OK"
2026-03-16 16:16:42,403 | INFO | HTTP Request: GET https://www.okx.com/api/v5/market/candles?instId=XPL-USDT-SWAP&bar=5m&limit=71 "HTTP/2 200 OK"
2026-03-16 16:16:42,644 | INFO | HTTP Request: GET https://www.okx.com/api/v5/market/ticker?instId=THETA-USDT-SWAP "HTTP/2 200 OK"
2026-03-16 16:16:42,653 | INFO | HTTP Request: GET https://www.okx.com/api/v5/market/candles?instId=XRP-USDT-SWAP&bar=5m&limit=71 "HTTP/2 200 OK"
2026-03-16 16:16:43,001 | INFO | HTTP Request: GET https://www.okx.com/api/v5/market/candles?instId=XSR-USDT-SWAP&bar=5m&limit=71 "HTTP/2 200 OK"
2026-03-16 16:16:43,076 | INFO | HTTP Request: GET https://www.okx.com/api/v5/market/ticker?instId=TON-USDT-SWAP "HTTP/2 200 OK"
2026-03-16 16:16:43,316 | INFO | HTTP Request: GET https://www.okx.com/api/v5/market/candles?instId=YB-USDT-SWAP&bar=5m&limit=71 "HTTP/2 200 OK"
2026-03-16 16:16:43,418 | INFO | HTTP Request: GET https://www.okx.com/api/v5/market/candles?instId=BTC-USDT-SWAP&bar=5m&limit=64 "HTTP/2 200 OK"
2026-03-16 16:16:43,475 | INFO | HTTP Request: GET https://www.okx.com/api/v5/market/ticker?instId=TRIA-USDT-SWAP "HTTP/2 200 OK"
2026-03-16 16:16:43,625 | INFO | HTTP Request: GET https://www.okx.com/api/v5/market/candles?instId=YGG-USDT-SWAP&bar=5m&limit=71 "HTTP/2 200 OK"
2026-03-16 16:16:43,874 | INFO | HTTP Request: GET https://www.okx.com/api/v5/market/ticker?instId=YGG-USDT-SWAP "HTTP/2 200 OK"
2026-03-16 16:16:43,942 | INFO | HTTP Request: GET https://www.okx.com/api/v5/market/ticker?instId=TRX-USDT-SWAP "HTTP/2 200 OK"
2026-03-16 16:16:44,171 | INFO | HTTP Request: GET https://www.okx.com/api/v5/market/candles?instId=ZAMA-USDT-SWAP&bar=5m&limit=71 "HTTP/2 200 OK"
2026-03-16 16:16:44,362 | INFO | HTTP Request: GET https://www.okx.com/api/v5/market/ticker?instId=TSLA-USDT-SWAP "HTTP/2 200 OK"
2026-03-16 16:16:44,488 | INFO | HTTP Request: GET https://www.okx.com/api/v5/market/candles?instId=ZBCN-USDT-SWAP&bar=5m&limit=71 "HTTP/2 200 OK"
2026-03-16 16:16:44,737 | INFO | HTTP Request: GET https://www.okx.com/api/v5/market/candles?instId=ZETA-USDT-SWAP&bar=5m&limit=71 "HTTP/2 200 OK"
2026-03-16 16:16:44,799 | INFO | HTTP Request: GET https://www.okx.com/api/v5/market/ticker?instId=XAG-USDT-SWAP "HTTP/2 200 OK"
2026-03-16 16:16:45,045 | INFO | HTTP Request: GET https://www.okx.com/api/v5/market/candles?instId=ZIL-USDT-SWAP&bar=5m&limit=71 "HTTP/2 200 OK"
2026-03-16 16:16:45,321 | INFO | HTTP Request: GET https://www.okx.com/api/v5/market/ticker?instId=XLM-USDT-SWAP "HTTP/2 200 OK"
2026-03-16 16:16:45,401 | INFO | HTTP Request: GET https://www.okx.com/api/v5/account/balance "HTTP/2 200 OK"
2026-03-16 16:16:45,453 | INFO | Placing order YGG-USDT-SWAP buy qty=24199.0
2026-03-16 16:16:45,756 | INFO | HTTP Request: POST https://www.okx.com/api/v5/trade/order "HTTP/2 200 OK"
2026-03-16 16:16:45,792 | INFO | HTTP Request: GET https://www.okx.com/api/v5/market/ticker?instId=XPL-USDT-SWAP "HTTP/2 200 OK"
2026-03-16 16:16:46,113 | INFO | HTTP Request: GET https://www.okx.com/api/v5/account/positions?instType=SWAP "HTTP/2 200 OK"
2026-03-16 16:16:46,354 | INFO | HTTP Request: GET https://www.okx.com/api/v5/market/candles?instId=YGG-USDT-SWAP&bar=5m&limit=81 "HTTP/2 200 OK"
2026-03-16 16:16:46,358 | INFO | Placing exchange stop YGG-USDT-SWAP long payload={'instId': 'YGG-USDT-SWAP', 'tdMode': 'isolated', 'side': 'sell', 'posSide': 'net', 'ordType': 'conditional', 'sz': '24199', 'slTriggerPx': '0.04369', 'slOrdPx': '-1'}
2026-03-16 16:16:46,613 | INFO | HTTP Request: POST https://www.okx.com/api/v5/trade/order-algo "HTTP/2 200 OK"
2026-03-16 16:16:46,911 | INFO | HTTP Request: GET https://www.okx.com/api/v5/market/candles?instId=XTZ-USDT-SWAP&bar=5m&limit=26 "HTTP/2 200 OK"
2026-03-16 16:16:47,179 | INFO | HTTP Request: GET https://www.okx.com/api/v5/market/ticker?instId=XTZ-USDT-SWAP "HTTP/2 200 OK"
2026-03-16 16:16:47,210 | INFO | HTTP Request: GET https://www.okx.com/api/v5/market/ticker?instId=XTZ-USDT-SWAP "HTTP/2 200 OK"
2026-03-16 16:16:47,220 | INFO | Placing exchange stop XTZ-USDT-SWAP long payload={'instId': 'XTZ-USDT-SWAP', 'tdMode': 'isolated', 'side': 'sell', 'posSide': 'net', 'ordType': 'conditional', 'sz': '14904', 'slTriggerPx': '0.39023125', 'slOrdPx': '-1'}
2026-03-16 16:16:47,267 | INFO | HTTP Request: GET https://www.okx.com/api/v5/account/balance "HTTP/2 200 OK"
2026-03-16 16:16:47,461 | INFO | HTTP Request: GET https://www.okx.com/api/v5/market/candles?instId=XTZ-USDT-SWAP&bar=5m&limit=89 "HTTP/2 200 OK"
2026-03-16 16:16:47,556 | INFO | HTTP Request: POST https://www.okx.com/api/v5/trade/order-algo "HTTP/2 200 OK"
2026-03-16 16:16:47,846 | INFO | HTTP Request: GET https://www.okx.com/api/v5/market/ticker?instId=BAND-USDT-SWAP "HTTP/2 200 OK"
2026-03-16 16:16:47,959 | INFO | HTTP Request: GET https://www.okx.com/api/v5/market/candles?instId=BAND-USDT-SWAP&bar=5m&limit=26 "HTTP/2 200 OK"
2026-03-16 16:16:48,182 | INFO | HTTP Request: GET https://www.okx.com/api/v5/market/candles?instId=BAND-USDT-SWAP&bar=5m&limit=89 "HTTP/2 200 OK"
2026-03-16 16:16:48,235 | INFO | HTTP Request: GET https://www.okx.com/api/v5/trade/orders-algo-pending?ordType=conditional&instType=SWAP&instId=BAND-USDT-SWAP "HTTP/2 200 OK"
2026-03-16 16:16:48,483 | INFO | HTTP Request: GET https://www.okx.com/api/v5/trade/orders-algo-pending?ordType=oco&instType=SWAP&instId=BAND-USDT-SWAP "HTTP/2 200 OK"
2026-03-16 16:16:48,546 | INFO | HTTP Request: GET https://www.okx.com/api/v5/market/ticker?instId=MINA-USDT-SWAP "HTTP/2 200 OK"
2026-03-16 16:16:48,795 | INFO | HTTP Request: GET https://www.okx.com/api/v5/trade/orders-algo-pending?ordType=trigger&instType=SWAP&instId=BAND-USDT-SWAP "HTTP/2 200 OK"
2026-03-16 16:16:48,848 | INFO | HTTP Request: GET https://www.okx.com/api/v5/market/candles?instId=MINA-USDT-SWAP&bar=5m&limit=89 "HTTP/2 200 OK"
2026-03-16 16:16:49,054 | INFO | HTTP Request: GET https://www.okx.com/api/v5/trade/orders-algo-pending?ordType=move_order_stop&instType=SWAP&instId=BAND-USDT-SWAP "HTTP/2 200 OK"
2026-03-16 16:16:49,269 | INFO | HTTP Request: GET https://www.okx.com/api/v5/market/ticker?instId=FIL-USDT-SWAP "HTTP/2 200 OK"
2026-03-16 16:16:49,371 | INFO | HTTP Request: GET https://www.okx.com/api/v5/trade/orders-algo-pending?ordType=iceberg&instType=SWAP&instId=BAND-USDT-SWAP "HTTP/2 200 OK"
2026-03-16 16:16:49,585 | INFO | HTTP Request: GET https://www.okx.com/api/v5/market/candles?instId=FIL-USDT-SWAP&bar=5m&limit=89 "HTTP/2 200 OK"
2026-03-16 16:16:49,687 | INFO | HTTP Request: GET https://www.okx.com/api/v5/trade/orders-algo-pending?ordType=twap&instType=SWAP&instId=BAND-USDT-SWAP "HTTP/2 200 OK"
2026-03-16 16:16:49,730 | INFO | HTTP Request: GET https://www.okx.com/api/v5/market/candles?instId=BTC-USDT-SWAP&bar=5m&limit=64 "HTTP/2 200 OK"
2026-03-16 16:16:49,939 | INFO | HTTP Request: GET https://www.okx.com/api/v5/trade/orders-algo-pending?ordType=chase&instType=SWAP&instId=BAND-USDT-SWAP "HTTP/2 200 OK"
2026-03-16 16:16:49,954 | INFO | HTTP Request: GET https://www.okx.com/api/v5/market/ticker?instId=ETC-USDT-SWAP "HTTP/2 200 OK"
2026-03-16 16:16:50,191 | INFO | HTTP Request: GET https://www.okx.com/api/v5/trade/orders-algo-pending?ordType=conditional&instType=SWAP&instId=MINA-USDT-SWAP "HTTP/2 200 OK"
2026-03-16 16:16:50,206 | INFO | HTTP Request: GET https://www.okx.com/api/v5/market/candles?instId=ETC-USDT-SWAP&bar=5m&limit=89 "HTTP/2 200 OK"
2026-03-16 16:16:50,492 | INFO | HTTP Request: GET https://www.okx.com/api/v5/trade/orders-algo-pending?ordType=oco&instType=SWAP&instId=MINA-USDT-SWAP "HTTP/2 200 OK"
2026-03-16 16:16:50,629 | INFO | HTTP Request: GET https://www.okx.com/api/v5/market/ticker?instId=ETH-USDT-SWAP "HTTP/2 200 OK"
2026-03-16 16:16:50,751 | INFO | HTTP Request: GET https://www.okx.com/api/v5/trade/orders-algo-pending?ordType=trigger&instType=SWAP&instId=MINA-USDT-SWAP "HTTP/2 200 OK"
2026-03-16 16:16:50,929 | INFO | HTTP Request: GET https://www.okx.com/api/v5/market/candles?instId=ETH-USDT-SWAP&bar=5m&limit=89 "HTTP/2 200 OK"
2026-03-16 16:16:51,004 | INFO | HTTP Request: GET https://www.okx.com/api/v5/trade/orders-algo-pending?ordType=move_order_stop&instType=SWAP&instId=MINA-USDT-SWAP "HTTP/2 200 OK"
2026-03-16 16:16:51,306 | INFO | HTTP Request: GET https://www.okx.com/api/v5/trade/orders-algo-pending?ordType=iceberg&instType=SWAP&instId=MINA-USDT-SWAP "HTTP/2 200 OK"
2026-03-16 16:16:51,389 | INFO | HTTP Request: GET https://www.okx.com/api/v5/market/ticker?instId=YFI-USDT-SWAP "HTTP/2 200 OK"
2026-03-16 16:16:51,567 | INFO | HTTP Request: GET https://www.okx.com/api/v5/trade/orders-algo-pending?ordType=twap&instType=SWAP&instId=MINA-USDT-SWAP "HTTP/2 200 OK"
2026-03-16 16:16:51,664 | INFO | HTTP Request: GET https://www.okx.com/api/v5/market/candles?instId=YFI-USDT-SWAP&bar=5m&limit=89 "HTTP/2 200 OK"
2026-03-16 16:16:51,856 | INFO | HTTP Request: GET https://www.okx.com/api/v5/trade/orders-algo-pending?ordType=chase&instType=SWAP&instId=MINA-USDT-SWAP "HTTP/2 200 OK"
2026-03-16 16:16:51,871 | INFO | Placing order MINA-USDT-SWAP sell qty=23090.0
2026-03-16 16:16:52,034 | INFO | HTTP Request: GET https://www.okx.com/api/v5/market/ticker?instId=DOGE-USDT-SWAP "HTTP/2 200 OK"
2026-03-16 16:16:52,176 | INFO | HTTP Request: POST https://www.okx.com/api/v5/trade/order "HTTP/2 200 OK"
2026-03-16 16:16:52,325 | INFO | HTTP Request: GET https://www.okx.com/api/v5/market/candles?instId=DOGE-USDT-SWAP&bar=5m&limit=89 "HTTP/2 200 OK"
2026-03-16 16:16:52,554 | INFO | HTTP Request: GET https://www.okx.com/api/v5/account/positions?instType=SWAP "HTTP/2 200 OK"
2026-03-16 16:16:52,639 | INFO | HTTP Request: GET https://www.okx.com/api/v5/account/balance "HTTP/2 200 OK"
2026-03-16 16:16:52,698 | INFO | HTTP Request: GET https://www.okx.com/api/v5/market/ticker?instId=CRO-USDT-SWAP "HTTP/2 200 OK"
2026-03-16 16:16:52,868 | INFO | HTTP Request: POST https://www.okx.com/api/v5/trade/cancel-algos "HTTP/2 200 OK"
2026-03-16 16:16:52,903 | INFO | Placing exchange stop MINA-USDT-SWAP short payload={'instId': 'MINA-USDT-SWAP', 'tdMode': 'isolated', 'side': 'buy', 'posSide': 'net', 'ordType': 'conditional', 'sz': '46180', 'slTriggerPx': '0.059728545431', 'slOrdPx': '-1'}
2026-03-16 16:16:53,006 | INFO | HTTP Request: GET https://www.okx.com/api/v5/market/candles?instId=CRO-USDT-SWAP&bar=5m&limit=89 "HTTP/2 200 OK"
2026-03-16 16:16:53,154 | INFO | HTTP Request: POST https://www.okx.com/api/v5/trade/order-algo "HTTP/2 200 OK"
2026-03-16 16:16:53,430 | INFO | HTTP Request: GET https://www.okx.com/api/v5/market/ticker?instId=BREV-USDT-SWAP "HTTP/2 200 OK"
2026-03-16 16:16:53,502 | INFO | HTTP Request: GET https://www.okx.com/api/v5/trade/orders-algo-pending?ordType=conditional&instType=SWAP&instId=FIL-USDT-SWAP "HTTP/2 200 OK"
2026-03-16 16:16:53,761 | INFO | HTTP Request: GET https://www.okx.com/api/v5/market/candles?instId=BREV-USDT-SWAP&bar=5m&limit=89 "HTTP/2 200 OK"
2026-03-16 16:16:53,811 | INFO | HTTP Request: GET https://www.okx.com/api/v5/trade/orders-algo-pending?ordType=oco&instType=SWAP&instId=FIL-USDT-SWAP "HTTP/2 200 OK"
2026-03-16 16:16:54,117 | INFO | HTTP Request: GET https://www.okx.com/api/v5/trade/orders-algo-pending?ordType=trigger&instType=SWAP&instId=FIL-USDT-SWAP "HTTP/2 200 OK"
2026-03-16 16:16:54,298 | INFO | HTTP Request: GET https://www.okx.com/api/v5/market/ticker?instId=1INCH-USDT-SWAP "HTTP/2 200 OK"
2026-03-16 16:16:54,358 | INFO | HTTP Request: GET https://www.okx.com/api/v5/trade/orders-algo-pending?ordType=move_order_stop&instType=SWAP&instId=FIL-USDT-SWAP "HTTP/2 200 OK"
2026-03-16 16:16:54,617 | INFO | HTTP Request: GET https://www.okx.com/api/v5/market/candles?instId=1INCH-USDT-SWAP&bar=5m&limit=89 "HTTP/2 200 OK"
2026-03-16 16:16:54,650 | INFO | HTTP Request: GET https://www.okx.com/api/v5/trade/orders-algo-pending?ordType=iceberg&instType=SWAP&instId=FIL-USDT-SWAP "HTTP/2 200 OK"
2026-03-16 16:16:54,901 | INFO | HTTP Request: GET https://www.okx.com/api/v5/trade/orders-algo-pending?ordType=twap&instType=SWAP&instId=FIL-USDT-SWAP "HTTP/2 200 OK"
2026-03-16 16:16:55,089 | INFO | HTTP Request: GET https://www.okx.com/api/v5/market/ticker?instId=2Z-USDT-SWAP "HTTP/2 200 OK"
2026-03-16 16:16:55,209 | INFO | HTTP Request: GET https://www.okx.com/api/v5/trade/orders-algo-pending?ordType=chase&instType=SWAP&instId=FIL-USDT-SWAP "HTTP/2 200 OK"
2026-03-16 16:16:55,212 | INFO | Placing order FIL-USDT-SWAP sell qty=14577.0
2026-03-16 16:16:55,356 | INFO | HTTP Request: GET https://www.okx.com/api/v5/market/candles?instId=2Z-USDT-SWAP&bar=5m&limit=89 "HTTP/2 200 OK"
2026-03-16 16:16:55,461 | INFO | HTTP Request: POST https://www.okx.com/api/v5/trade/order "HTTP/2 200 OK"
2026-03-16 16:16:55,776 | INFO | HTTP Request: GET https://www.okx.com/api/v5/market/ticker?instId=A-USDT-SWAP "HTTP/2 200 OK"
2026-03-16 16:16:55,814 | INFO | HTTP Request: GET https://www.okx.com/api/v5/account/positions?instType=SWAP "HTTP/2 200 OK"
2026-03-16 16:16:55,913 | INFO | HTTP Request: GET https://www.okx.com/api/v5/market/candles?instId=BTC-USDT-SWAP&bar=5m&limit=64 "HTTP/2 200 OK"
2026-03-16 16:16:56,075 | INFO | HTTP Request: GET https://www.okx.com/api/v5/market/candles?instId=A-USDT-SWAP&bar=5m&limit=89 "HTTP/2 200 OK"
2026-03-16 16:16:56,138 | INFO | HTTP Request: POST https://www.okx.com/api/v5/trade/cancel-algos "HTTP/2 200 OK"
2026-03-16 16:16:56,141 | INFO | Placing exchange stop FIL-USDT-SWAP short payload={'instId': 'FIL-USDT-SWAP', 'tdMode': 'isolated', 'side': 'buy', 'posSide': 'net', 'ordType': 'conditional', 'sz': '29154', 'slTriggerPx': '0.934395', 'slOrdPx': '-1'}
2026-03-16 16:16:56,377 | INFO | HTTP Request: POST https://www.okx.com/api/v5/trade/order-algo "HTTP/2 200 OK"
2026-03-16 16:16:56,498 | INFO | HTTP Request: GET https://www.okx.com/api/v5/market/ticker?instId=AAVE-USDT-SWAP "HTTP/2 200 OK"
2026-03-16 16:16:56,653 | INFO | HTTP Request: GET https://www.okx.com/api/v5/market/candles?instId=ETC-USDT-SWAP&bar=5m&limit=26 "HTTP/2 200 OK"
2026-03-16 16:16:56,778 | INFO | HTTP Request: GET https://www.okx.com/api/v5/market/candles?instId=AAVE-USDT-SWAP&bar=5m&limit=89 "HTTP/2 200 OK"
2026-03-16 16:16:56,888 | INFO | HTTP Request: GET https://www.okx.com/api/v5/market/ticker?instId=ETC-USDT-SWAP "HTTP/2 200 OK"
2026-03-16 16:16:57,182 | INFO | HTTP Request: GET https://www.okx.com/api/v5/trade/orders-algo-pending?ordType=conditional&instType=SWAP&instId=ETC-USDT-SWAP "HTTP/2 200 OK"
2026-03-16 16:16:57,212 | INFO | HTTP Request: GET https://www.okx.com/api/v5/market/ticker?instId=ACT-USDT-SWAP "HTTP/2 200 OK"
2026-03-16 16:16:57,482 | INFO | HTTP Request: GET https://www.okx.com/api/v5/trade/orders-algo-pending?ordType=oco&instType=SWAP&instId=ETC-USDT-SWAP "HTTP/2 200 OK"
2026-03-16 16:16:57,506 | INFO | HTTP Request: GET https://www.okx.com/api/v5/market/candles?instId=ACT-USDT-SWAP&bar=5m&limit=89 "HTTP/2 200 OK"
2026-03-16 16:16:57,824 | INFO | HTTP Request: GET https://www.okx.com/api/v5/trade/orders-algo-pending?ordType=trigger&instType=SWAP&instId=ETC-USDT-SWAP "HTTP/2 200 OK"
2026-03-16 16:16:57,941 | INFO | HTTP Request: GET https://www.okx.com/api/v5/market/ticker?instId=ADA-USDT-SWAP "HTTP/2 200 OK"
2026-03-16 16:16:58,028 | INFO | HTTP Request: GET https://www.okx.com/api/v5/account/balance "HTTP/2 200 OK"
2026-03-16 16:16:58,059 | INFO | HTTP Request: GET https://www.okx.com/api/v5/trade/orders-algo-pending?ordType=move_order_stop&instType=SWAP&instId=ETC-USDT-SWAP "HTTP/2 200 OK"
2026-03-16 16:16:58,312 | INFO | HTTP Request: GET https://www.okx.com/api/v5/trade/orders-algo-pending?ordType=iceberg&instType=SWAP&instId=ETC-USDT-SWAP "HTTP/2 200 OK"
2026-03-16 16:16:58,360 | INFO | HTTP Request: GET https://www.okx.com/api/v5/market/candles?instId=ADA-USDT-SWAP&bar=5m&limit=89 "HTTP/2 200 OK"
2026-03-16 16:16:58,550 | INFO | HTTP Request: GET https://www.okx.com/api/v5/trade/orders-algo-pending?ordType=twap&instType=SWAP&instId=ETC-USDT-SWAP "HTTP/2 200 OK"
2026-03-16 16:16:58,737 | INFO | HTTP Request: GET https://www.okx.com/api/v5/market/ticker?instId=AI16Z-USDT-SWAP "HTTP/2 200 OK"
2026-03-16 16:16:58,863 | INFO | HTTP Request: GET https://www.okx.com/api/v5/trade/orders-algo-pending?ordType=chase&instType=SWAP&instId=ETC-USDT-SWAP "HTTP/2 200 OK"
2026-03-16 16:16:59,017 | INFO | HTTP Request: GET https://www.okx.com/api/v5/market/candles?instId=AI16Z-USDT-SWAP&bar=5m&limit=89 "HTTP/2 200 OK"
2026-03-16 16:16:59,124 | INFO | HTTP Request: GET https://www.okx.com/api/v5/market/candles?instId=ETH-USDT-SWAP&bar=5m&limit=26 "HTTP/2 200 OK"
2026-03-16 16:16:59,429 | INFO | HTTP Request: GET https://www.okx.com/api/v5/market/ticker?instId=ETH-USDT-SWAP "HTTP/2 200 OK"
2026-03-16 16:16:59,439 | INFO | HTTP Request: GET https://www.okx.com/api/v5/market/ticker?instId=AKITA-USDT-SWAP "HTTP/2 200 OK"
2026-03-16 16:16:59,679 | INFO | HTTP Request: GET https://www.okx.com/api/v5/trade/orders-algo-pending?ordType=conditional&instType=SWAP&instId=ETH-USDT-SWAP "HTTP/2 200 OK"
2026-03-16 16:16:59,741 | INFO | HTTP Request: GET https://www.okx.com/api/v5/market/candles?instId=AKITA-USDT-SWAP&bar=5m&limit=89 "HTTP/2 200 OK"
2026-03-16 16:16:59,918 | INFO | HTTP Request: GET https://www.okx.com/api/v5/trade/orders-algo-pending?ordType=oco&instType=SWAP&instId=ETH-USDT-SWAP "HTTP/2 200 OK"
2026-03-16 16:17:00,162 | INFO | HTTP Request: GET https://www.okx.com/api/v5/market/ticker?instId=ALGO-USDT-SWAP "HTTP/2 200 OK"
2026-03-16 16:17:00,170 | INFO | HTTP Request: GET https://www.okx.com/api/v5/trade/orders-algo-pending?ordType=trigger&instType=SWAP&instId=ETH-USDT-SWAP "HTTP/2 200 OK"
2026-03-16 16:17:00,403 | INFO | HTTP Request: GET https://www.okx.com/api/v5/market/candles?instId=ALGO-USDT-SWAP&bar=5m&limit=89 "HTTP/2 200 OK"
2026-03-16 16:17:00,470 | INFO | HTTP Request: GET https://www.okx.com/api/v5/trade/orders-algo-pending?ordType=move_order_stop&instType=SWAP&instId=ETH-USDT-SWAP "HTTP/2 200 OK"
2026-03-16 16:17:00,773 | INFO | HTTP Request: GET https://www.okx.com/api/v5/market/ticker?instId=ARB-USDT-SWAP "HTTP/2 200 OK"
2026-03-16 16:17:00,813 | INFO | HTTP Request: GET https://www.okx.com/api/v5/trade/orders-algo-pending?ordType=iceberg&instType=SWAP&instId=ETH-USDT-SWAP "HTTP/2 200 OK"
2026-03-16 16:17:01,115 | INFO | HTTP Request: GET https://www.okx.com/api/v5/trade/orders-algo-pending?ordType=twap&instType=SWAP&instId=ETH-USDT-SWAP "HTTP/2 200 OK"
2026-03-16 16:17:01,126 | INFO | HTTP Request: GET https://www.okx.com/api/v5/market/candles?instId=ARB-USDT-SWAP&bar=5m&limit=89 "HTTP/2 200 OK"
2026-03-16 16:17:01,419 | INFO | HTTP Request: GET https://www.okx.com/api/v5/trade/orders-algo-pending?ordType=chase&instType=SWAP&instId=ETH-USDT-SWAP "HTTP/2 200 OK"
2026-03-16 16:17:01,559 | INFO | HTTP Request: GET https://www.okx.com/api/v5/market/ticker?instId=ASP-USDT-SWAP "HTTP/2 200 OK"
2026-03-16 16:17:01,739 | INFO | HTTP Request: GET https://www.okx.com/api/v5/market/candles?instId=YFI-USDT-SWAP&bar=5m&limit=26 "HTTP/2 200 OK"
2026-03-16 16:17:01,858 | INFO | HTTP Request: GET https://www.okx.com/api/v5/market/candles?instId=ASP-USDT-SWAP&bar=5m&limit=89 "HTTP/2 200 OK"
2026-03-16 16:17:02,010 | INFO | HTTP Request: GET https://www.okx.com/api/v5/market/ticker?instId=YFI-USDT-SWAP "HTTP/2 200 OK"
2026-03-16 16:17:02,228 | INFO | HTTP Request: GET https://www.okx.com/api/v5/market/candles?instId=BTC-USDT-SWAP&bar=5m&limit=64 "HTTP/2 200 OK"
2026-03-16 16:17:02,255 | INFO | HTTP Request: GET https://www.okx.com/api/v5/trade/orders-algo-pending?ordType=conditional&instType=SWAP&instId=YFI-USDT-SWAP "HTTP/2 200 OK"
2026-03-16 16:17:02,304 | INFO | HTTP Request: GET https://www.okx.com/api/v5/market/ticker?instId=ASTER-USDT-SWAP "HTTP/2 200 OK"
2026-03-16 16:17:02,542 | INFO | HTTP Request: GET https://www.okx.com/api/v5/market/candles?instId=ASTER-USDT-SWAP&bar=5m&limit=89 "HTTP/2 200 OK"
2026-03-16 16:17:02,555 | INFO | HTTP Request: GET https://www.okx.com/api/v5/trade/orders-algo-pending?ordType=oco&instType=SWAP&instId=YFI-USDT-SWAP "HTTP/2 200 OK"
2026-03-16 16:17:02,858 | INFO | HTTP Request: GET https://www.okx.com/api/v5/trade/orders-algo-pending?ordType=trigger&instType=SWAP&instId=YFI-USDT-SWAP "HTTP/2 200 OK"
2026-03-16 16:17:02,969 | INFO | HTTP Request: GET https://www.okx.com/api/v5/market/ticker?instId=ATOM-USDT-SWAP "HTTP/2 200 OK"
2026-03-16 16:17:03,197 | INFO | HTTP Request: GET https://www.okx.com/api/v5/trade/orders-algo-pending?ordType=move_order_stop&instType=SWAP&instId=YFI-USDT-SWAP "HTTP/2 200 OK"
2026-03-16 16:17:03,285 | INFO | HTTP Request: GET https://www.okx.com/api/v5/market/candles?instId=ATOM-USDT-SWAP&bar=5m&limit=89 "HTTP/2 200 OK"
2026-03-16 16:17:03,448 | INFO | HTTP Request: GET https://www.okx.com/api/v5/trade/orders-algo-pending?ordType=iceberg&instType=SWAP&instId=YFI-USDT-SWAP "HTTP/2 200 OK"
2026-03-16 16:17:03,473 | INFO | HTTP Request: GET https://www.okx.com/api/v5/account/balance "HTTP/2 200 OK"
2026-03-16 16:17:03,701 | INFO | HTTP Request: GET https://www.okx.com/api/v5/trade/orders-algo-pending?ordType=twap&instType=SWAP&instId=YFI-USDT-SWAP "HTTP/2 200 OK"
2026-03-16 16:17:03,726 | INFO | HTTP Request: GET https://www.okx.com/api/v5/market/ticker?instId=AUCTION-USDT-SWAP "HTTP/2 200 OK"
2026-03-16 16:17:03,942 | INFO | HTTP Request: GET https://www.okx.com/api/v5/trade/orders-algo-pending?ordType=chase&instType=SWAP&instId=YFI-USDT-SWAP "HTTP/2 200 OK"
2026-03-16 16:17:04,021 | INFO | HTTP Request: GET https://www.okx.com/api/v5/market/candles?instId=AUCTION-USDT-SWAP&bar=5m&limit=89 "HTTP/2 200 OK"
2026-03-16 16:17:04,192 | INFO | HTTP Request: GET https://www.okx.com/api/v5/market/candles?instId=DOGE-USDT-SWAP&bar=5m&limit=26 "HTTP/2 200 OK"
2026-03-16 16:17:04,416 | INFO | HTTP Request: GET https://www.okx.com/api/v5/market/ticker?instId=AVAX-USDT-SWAP "HTTP/2 200 OK"
2026-03-16 16:17:04,488 | INFO | HTTP Request: GET https://www.okx.com/api/v5/market/ticker?instId=DOGE-USDT-SWAP "HTTP/2 200 OK"
2026-03-16 16:17:04,666 | INFO | HTTP Request: GET https://www.okx.com/api/v5/market/candles?instId=AVAX-USDT-SWAP&bar=5m&limit=89 "HTTP/2 200 OK"
2026-03-16 16:17:04,793 | INFO | HTTP Request: GET https://www.okx.com/api/v5/trade/orders-algo-pending?ordType=conditional&instType=SWAP&instId=DOGE-USDT-SWAP "HTTP/2 200 OK"
2026-03-16 16:17:05,043 | INFO | HTTP Request: GET https://www.okx.com/api/v5/trade/orders-algo-pending?ordType=oco&instType=SWAP&instId=DOGE-USDT-SWAP "HTTP/2 200 OK"
2026-03-16 16:17:05,052 | INFO | HTTP Request: GET https://www.okx.com/api/v5/market/ticker?instId=AXS-USDT-SWAP "HTTP/2 200 OK"
2026-03-16 16:17:05,295 | INFO | HTTP Request: GET https://www.okx.com/api/v5/trade/orders-algo-pending?ordType=trigger&instType=SWAP&instId=DOGE-USDT-SWAP "HTTP/2 200 OK"
2026-03-16 16:17:05,298 | INFO | HTTP Request: GET https://www.okx.com/api/v5/market/candles?instId=AXS-USDT-SWAP&bar=5m&limit=89 "HTTP/2 200 OK"
2026-03-16 16:17:05,535 | INFO | HTTP Request: GET https://www.okx.com/api/v5/trade/orders-algo-pending?ordType=move_order_stop&instType=SWAP&instId=DOGE-USDT-SWAP "HTTP/2 200 OK"
2026-03-16 16:17:05,652 | INFO | HTTP Request: GET https://www.okx.com/api/v5/market/ticker?instId=BCH-USDT-SWAP "HTTP/2 200 OK"
2026-03-16 16:17:05,849 | INFO | HTTP Request: GET https://www.okx.com/api/v5/trade/orders-algo-pending?ordType=iceberg&instType=SWAP&instId=DOGE-USDT-SWAP "HTTP/2 200 OK"
2026-03-16 16:17:05,958 | INFO | HTTP Request: GET https://www.okx.com/api/v5/market/candles?instId=BCH-USDT-SWAP&bar=5m&limit=89 "HTTP/2 200 OK"
2026-03-16 16:17:06,105 | INFO | HTTP Request: GET https://www.okx.com/api/v5/trade/orders-algo-pending?ordType=twap&instType=SWAP&instId=DOGE-USDT-SWAP "HTTP/2 200 OK"
2026-03-16 16:17:06,328 | INFO | HTTP Request: GET https://www.okx.com/api/v5/market/ticker?instId=BIO-USDT-SWAP "HTTP/2 200 OK"
2026-03-16 16:17:06,356 | INFO | HTTP Request: GET https://www.okx.com/api/v5/trade/orders-algo-pending?ordType=chase&instType=SWAP&instId=DOGE-USDT-SWAP "HTTP/2 200 OK"
2026-03-16 16:17:06,359 | INFO | Placing exchange stop DOGE-USDT-SWAP long payload={'instId': 'DOGE-USDT-SWAP', 'tdMode': 'isolated', 'side': 'sell', 'posSide': 'net', 'ordType': 'conditional', 'sz': '12.55', 'slTriggerPx': '0.099705', 'slOrdPx': '-1'}
2026-03-16 16:17:06,576 | INFO | HTTP Request: GET https://www.okx.com/api/v5/market/candles?instId=BIO-USDT-SWAP&bar=5m&limit=89 "HTTP/2 200 OK"
2026-03-16 16:17:06,688 | INFO | HTTP Request: POST https://www.okx.com/api/v5/trade/order-algo "HTTP/2 200 OK"
2026-03-16 16:17:06,944 | INFO | HTTP Request: GET https://www.okx.com/api/v5/market/ticker?instId=BLUAI-USDT-SWAP "HTTP/2 200 OK"
2026-03-16 16:17:06,992 | INFO | HTTP Request: GET https://www.okx.com/api/v5/market/candles?instId=CRO-USDT-SWAP&bar=5m&limit=26 "HTTP/2 200 OK"
2026-03-16 16:17:07,229 | INFO | HTTP Request: GET https://www.okx.com/api/v5/market/candles?instId=BLUAI-USDT-SWAP&bar=5m&limit=89 "HTTP/2 200 OK"
2026-03-16 16:17:07,286 | INFO | HTTP Request: GET https://www.okx.com/api/v5/market/ticker?instId=CRO-USDT-SWAP "HTTP/2 200 OK"
2026-03-16 16:17:07,335 | INFO | Closing position CRO-USDT-SWAP. Локальный защитный выход 2.0N
2026-03-16 16:17:07,583 | INFO | HTTP Request: POST https://www.okx.com/api/v5/trade/close-position "HTTP/2 200 OK"
2026-03-16 16:17:07,587 | WARNING | Failed to load json context : [Errno 13] Permission denied: '.'
2026-03-16 16:17:07,662 | INFO | HTTP Request: GET https://www.okx.com/api/v5/market/ticker?instId=BNB-USDT-SWAP "HTTP/2 200 OK"
2026-03-16 16:17:07,894 | INFO | HTTP Request: GET https://www.okx.com/api/v5/market/candles?instId=CRO-USDT-SWAP&bar=5m&limit=97 "HTTP/2 200 OK"
2026-03-16 16:17:07,998 | INFO | HTTP Request: GET https://www.okx.com/api/v5/market/candles?instId=BNB-USDT-SWAP&bar=5m&limit=89 "HTTP/2 200 OK"
2026-03-16 16:17:08,134 | INFO | HTTP Request: GET https://www.okx.com/api/v5/market/candles?instId=BTC-USDT-SWAP&bar=5m&limit=64 "HTTP/2 200 OK"
2026-03-16 16:17:08,418 | INFO | HTTP Request: GET https://www.okx.com/api/v5/market/ticker?instId=BOME-USDT-SWAP "HTTP/2 200 OK"
2026-03-16 16:17:08,504 | INFO | HTTP Request: GET https://www.okx.com/api/v5/market/candles?instId=BREV-USDT-SWAP&bar=5m&limit=26 "HTTP/2 200 OK"
2026-03-16 16:17:08,672 | INFO | HTTP Request: GET https://www.okx.com/api/v5/market/candles?instId=BOME-USDT-SWAP&bar=5m&limit=89 "HTTP/2 200 OK"
2026-03-16 16:17:08,826 | INFO | HTTP Request: GET https://www.okx.com/api/v5/account/balance "HTTP/2 200 OK"
2026-03-16 16:17:08,855 | INFO | HTTP Request: GET https://www.okx.com/api/v5/market/ticker?instId=BREV-USDT-SWAP "HTTP/2 200 OK"
2026-03-16 16:17:08,858 | INFO | Placing exchange stop BREV-USDT-SWAP long payload={'instId': 'BREV-USDT-SWAP', 'tdMode': 'isolated', 'side': 'sell', 'posSide': 'net', 'ordType': 'conditional', 'sz': '120000', 'slTriggerPx': '1.008904996667', 'slOrdPx': '-1'}
2026-03-16 16:17:09,033 | INFO | HTTP Request: GET https://www.okx.com/api/v5/market/ticker?instId=BRETT-USDT-SWAP "HTTP/2 200 OK"
2026-03-16 16:17:09,163 | INFO | HTTP Request: POST https://www.okx.com/api/v5/trade/order-algo "HTTP/2 200 OK"
2026-03-16 16:17:09,371 | INFO | HTTP Request: GET https://www.okx.com/api/v5/market/candles?instId=BRETT-USDT-SWAP&bar=5m&limit=89 "HTTP/2 200 OK"
2026-03-16 16:17:09,410 | INFO | HTTP Request: POST https://www.okx.com/api/v5/trade/cancel-algos "HTTP/2 200 OK"
2026-03-16 16:17:09,490 | INFO | Closing position BREV-USDT-SWAP. Защита тренда: откат от пика 24895003333.33R → 3695003333.33R
2026-03-16 16:17:09,745 | INFO | HTTP Request: GET https://www.okx.com/api/v5/market/ticker?instId=BTC-USDT-SWAP "HTTP/2 200 OK"
2026-03-16 16:17:09,768 | INFO | HTTP Request: POST https://www.okx.com/api/v5/trade/close-position "HTTP/2 200 OK"
2026-03-16 16:17:09,772 | WARNING | Failed to load json context : [Errno 13] Permission denied: '.'
2026-03-16 16:17:10,023 | INFO | HTTP Request: GET https://www.okx.com/api/v5/market/candles?instId=BREV-USDT-SWAP&bar=5m&limit=97 "HTTP/2 200 OK"
2026-03-16 16:17:10,120 | INFO | HTTP Request: GET https://www.okx.com/api/v5/market/ticker?instId=CAT-USDT-SWAP "HTTP/2 200 OK"
2026-03-16 16:17:10,332 | INFO | HTTP Request: GET https://www.okx.com/api/v5/market/candles?instId=YGG-USDT-SWAP&bar=5m&limit=26 "HTTP/2 200 OK"
2026-03-16 16:17:10,435 | INFO | HTTP Request: GET https://www.okx.com/api/v5/market/candles?instId=CAT-USDT-SWAP&bar=5m&limit=89 "HTTP/2 200 OK"
2026-03-16 16:17:10,642 | INFO | HTTP Request: GET https://www.okx.com/api/v5/market/ticker?instId=YGG-USDT-SWAP "HTTP/2 200 OK"
2026-03-16 16:17:10,796 | INFO | HTTP Request: GET https://www.okx.com/api/v5/market/ticker?instId=CELO-USDT-SWAP "HTTP/2 200 OK"
2026-03-16 16:17:11,083 | INFO | HTTP Request: GET https://www.okx.com/api/v5/market/candles?instId=CELO-USDT-SWAP&bar=5m&limit=89 "HTTP/2 200 OK"
2026-03-16 16:17:11,453 | INFO | HTTP Request: GET https://www.okx.com/api/v5/market/ticker?instId=CFX-USDT-SWAP "HTTP/2 200 OK"
2026-03-16 16:17:11,797 | INFO | HTTP Request: GET https://www.okx.com/api/v5/market/candles?instId=CFX-USDT-SWAP&bar=5m&limit=89 "HTTP/2 200 OK"
2026-03-16 16:17:12,172 | INFO | HTTP Request: GET https://www.okx.com/api/v5/market/ticker?instId=CHZ-USDT-SWAP "HTTP/2 200 OK"
2026-03-16 16:17:12,513 | INFO | HTTP Request: GET https://www.okx.com/api/v5/market/candles?instId=CHZ-USDT-SWAP&bar=5m&limit=89 "HTTP/2 200 OK"
2026-03-16 16:17:12,883 | INFO | HTTP Request: GET https://www.okx.com/api/v5/market/ticker?instId=COAI-USDT-SWAP "HTTP/2 200 OK"
2026-03-16 16:17:13,218 | INFO | HTTP Request: GET https://www.okx.com/api/v5/market/candles?instId=COAI-USDT-SWAP&bar=5m&limit=89 "HTTP/2 200 OK"
2026-03-16 16:17:13,654 | INFO | HTTP Request: GET https://www.okx.com/api/v5/market/ticker?instId=COMP-USDT-SWAP "HTTP/2 200 OK"
2026-03-16 16:17:13,905 | INFO | HTTP Request: GET https://www.okx.com/api/v5/market/candles?instId=COMP-USDT-SWAP&bar=5m&limit=89 "HTTP/2 200 OK"
2026-03-16 16:17:14,144 | INFO | HTTP Request: GET https://www.okx.com/api/v5/account/balance "HTTP/2 200 OK"
2026-03-16 16:17:14,262 | INFO | HTTP Request: GET https://www.okx.com/api/v5/market/ticker?instId=CRV-USDT-SWAP "HTTP/2 200 OK"
2026-03-16 16:17:14,511 | INFO | HTTP Request: GET https://www.okx.com/api/v5/market/candles?instId=CRV-USDT-SWAP&bar=5m&limit=89 "HTTP/2 200 OK"
2026-03-16 16:17:14,726 | INFO | HTTP Request: GET https://www.okx.com/api/v5/market/candles?instId=BTC-USDT-SWAP&bar=5m&limit=64 "HTTP/2 200 OK"
2026-03-16 16:17:14,930 | INFO | HTTP Request: GET https://www.okx.com/api/v5/market/ticker?instId=DOT-USDT-SWAP "HTTP/2 200 OK"
2026-03-16 16:17:15,231 | INFO | HTTP Request: GET https://www.okx.com/api/v5/market/candles?instId=DOT-USDT-SWAP&bar=5m&limit=89 "HTTP/2 200 OK"
2026-03-16 16:17:15,590 | INFO | HTTP Request: GET https://www.okx.com/api/v5/market/ticker?instId=ENA-USDT-SWAP "HTTP/2 200 OK"
2026-03-16 16:17:15,924 | INFO | HTTP Request: GET https://www.okx.com/api/v5/account/positions?instType=SWAP "HTTP/2 200 OK"
2026-03-16 16:17:15,940 | INFO | HTTP Request: GET https://www.okx.com/api/v5/market/candles?instId=ENA-USDT-SWAP&bar=5m&limit=89 "HTTP/2 200 OK"
2026-03-16 16:17:16,220 | INFO | HTTP Request: GET https://www.okx.com/api/v5/market/candles?instId=CRO-USDT-SWAP&bar=5m&limit=26 "HTTP/2 200 OK"
2026-03-16 16:17:16,359 | INFO | HTTP Request: GET https://www.okx.com/api/v5/market/ticker?instId=EOS-USDT-SWAP "HTTP/2 200 OK"
2026-03-16 16:17:16,546 | INFO | HTTP Request: GET https://www.okx.com/api/v5/market/candles?instId=BREV-USDT-SWAP&bar=5m&limit=26 "HTTP/2 200 OK"
2026-03-16 16:17:16,596 | INFO | HTTP Request: GET https://www.okx.com/api/v5/market/candles?instId=EOS-USDT-SWAP&bar=5m&limit=89 "HTTP/2 200 OK"
2026-03-16 16:17:16,873 | INFO | HTTP Request: GET https://www.okx.com/api/v5/market/candles?instId=1INCH-USDT-SWAP&bar=5m&limit=71 "HTTP/2 200 OK"
2026-03-16 16:17:17,025 | INFO | HTTP Request: GET https://www.okx.com/api/v5/market/ticker?instId=ETHFI-USDT-SWAP "HTTP/2 200 OK"
2026-03-16 16:17:17,208 | INFO | HTTP Request: GET https://www.okx.com/api/v5/market/candles?instId=2Z-USDT-SWAP&bar=5m&limit=71 "HTTP/2 200 OK"
2026-03-16 16:17:17,273 | INFO | HTTP Request: GET https://www.okx.com/api/v5/market/candles?instId=ETHFI-USDT-SWAP&bar=5m&limit=89 "HTTP/2 200 OK"
2026-03-16 16:17:17,528 | INFO | HTTP Request: GET https://www.okx.com/api/v5/market/candles?instId=A-USDT-SWAP&bar=5m&limit=71 "HTTP/2 200 OK"
2026-03-16 16:17:17,642 | INFO | HTTP Request: GET https://www.okx.com/api/v5/market/ticker?instId=ETHW-USDT-SWAP "HTTP/2 200 OK"
2026-03-16 16:17:17,838 | INFO | HTTP Request: GET https://www.okx.com/api/v5/market/candles?instId=AAVE-USDT-SWAP&bar=5m&limit=71 "HTTP/2 200 OK"
2026-03-16 16:17:17,881 | INFO | HTTP Request: GET https://www.okx.com/api/v5/market/candles?instId=ETHW-USDT-SWAP&bar=5m&limit=89 "HTTP/2 200 OK"
2026-03-16 16:17:18,154 | INFO | HTTP Request: GET https://www.okx.com/api/v5/market/candles?instId=ACT-USDT-SWAP&bar=5m&limit=71 "HTTP/2 200 OK"
2026-03-16 16:17:18,306 | INFO | HTTP Request: GET https://www.okx.com/api/v5/market/ticker?instId=FLOKI-USDT-SWAP "HTTP/2 200 OK"
2026-03-16 16:17:18,486 | INFO | HTTP Request: GET https://www.okx.com/api/v5/market/candles?instId=ADA-USDT-SWAP&bar=5m&limit=71 "HTTP/2 200 OK"
2026-03-16 16:17:18,610 | INFO | HTTP Request: GET https://www.okx.com/api/v5/market/candles?instId=FLOKI-USDT-SWAP&bar=5m&limit=89 "HTTP/2 200 OK"
2026-03-16 16:17:18,750 | INFO | HTTP Request: GET https://www.okx.com/api/v5/market/candles?instId=AI16Z-USDT-SWAP&bar=5m&limit=71 "HTTP/2 200 OK"
2026-03-16 16:17:19,002 | INFO | HTTP Request: GET https://www.okx.com/api/v5/market/candles?instId=AKITA-USDT-SWAP&bar=5m&limit=71 "HTTP/2 200 OK"
2026-03-16 16:17:19,048 | INFO | HTTP Request: GET https://www.okx.com/api/v5/market/ticker?instId=GMT-USDT-SWAP "HTTP/2 200 OK"
2026-03-16 16:17:19,299 | INFO | HTTP Request: GET https://www.okx.com/api/v5/market/candles?instId=GMT-USDT-SWAP&bar=5m&limit=89 "HTTP/2 200 OK"
2026-03-16 16:17:19,307 | INFO | HTTP Request: GET https://www.okx.com/api/v5/market/candles?instId=ALGO-USDT-SWAP&bar=5m&limit=71 "HTTP/2 200 OK"
2026-03-16 16:17:19,469 | INFO | HTTP Request: GET https://www.okx.com/api/v5/account/balance "HTTP/2 200 OK"
2026-03-16 16:17:19,561 | INFO | HTTP Request: GET https://www.okx.com/api/v5/market/candles?instId=ARB-USDT-SWAP&bar=5m&limit=71 "HTTP/2 200 OK"
2026-03-16 16:17:19,658 | INFO | HTTP Request: GET https://www.okx.com/api/v5/market/ticker?instId=H-USDT-SWAP "HTTP/2 200 OK"
2026-03-16 16:17:19,862 | INFO | HTTP Request: GET https://www.okx.com/api/v5/market/candles?instId=ASP-USDT-SWAP&bar=5m&limit=71 "HTTP/2 200 OK"
2026-03-16 16:17:19,911 | INFO | HTTP Request: GET https://www.okx.com/api/v5/market/candles?instId=H-USDT-SWAP&bar=5m&limit=89 "HTTP/2 200 OK"
2026-03-16 16:17:20,162 | INFO | HTTP Request: GET https://www.okx.com/api/v5/market/candles?instId=ASTER-USDT-SWAP&bar=5m&limit=71 "HTTP/2 200 OK"
2026-03-16 16:17:20,285 | INFO | HTTP Request: GET https://www.okx.com/api/v5/market/ticker?instId=HBAR-USDT-SWAP "HTTP/2 200 OK"
2026-03-16 16:17:20,465 | INFO | HTTP Request: GET https://www.okx.com/api/v5/market/candles?instId=ATOM-USDT-SWAP&bar=5m&limit=71 "HTTP/2 200 OK"
2026-03-16 16:17:20,585 | INFO | HTTP Request: GET https://www.okx.com/api/v5/market/candles?instId=HBAR-USDT-SWAP&bar=5m&limit=89 "HTTP/2 200 OK"
2026-03-16 16:17:20,792 | INFO | HTTP Request: GET https://www.okx.com/api/v5/market/candles?instId=AUCTION-USDT-SWAP&bar=5m&limit=71 "HTTP/2 200 OK"
2026-03-16 16:17:20,995 | INFO | HTTP Request: GET https://www.okx.com/api/v5/market/candles?instId=BTC-USDT-SWAP&bar=5m&limit=64 "HTTP/2 200 OK"
2026-03-16 16:17:21,011 | INFO | HTTP Request: GET https://www.okx.com/api/v5/market/ticker?instId=HMSTR-USDT-SWAP "HTTP/2 200 OK"
2026-03-16 16:17:21,112 | INFO | HTTP Request: GET https://www.okx.com/api/v5/market/candles?instId=AVAX-USDT-SWAP&bar=5m&limit=71 "HTTP/2 200 OK"
2026-03-16 16:17:21,294 | INFO | HTTP Request: GET https://www.okx.com/api/v5/market/candles?instId=HMSTR-USDT-SWAP&bar=5m&limit=89 "HTTP/2 200 OK"
2026-03-16 16:17:21,459 | INFO | HTTP Request: GET https://www.okx.com/api/v5/market/ticker?instId=AVAX-USDT-SWAP "HTTP/2 200 OK"
2026-03-16 16:17:21,464 | INFO | AVAX-USDT-SWAP: Turtle 20 short-сигнал отклонён (закрытие не удержалось ниже канала)
2026-03-16 16:17:21,687 | INFO | HTTP Request: GET https://www.okx.com/api/v5/market/ticker?instId=HOME-USDT-SWAP "HTTP/2 200 OK"
2026-03-16 16:17:21,768 | INFO | HTTP Request: GET https://www.okx.com/api/v5/market/candles?instId=AXS-USDT-SWAP&bar=5m&limit=71 "HTTP/2 200 OK"
2026-03-16 16:17:22,056 | INFO | HTTP Request: GET https://www.okx.com/api/v5/market/candles?instId=HOME-USDT-SWAP&bar=5m&limit=89 "HTTP/2 200 OK"
2026-03-16 16:17:22,091 | INFO | HTTP Request: GET https://www.okx.com/api/v5/market/candles?instId=BCH-USDT-SWAP&bar=5m&limit=71 "HTTP/2 200 OK"
2026-03-16 16:17:22,412 | INFO | HTTP Request: GET https://www.okx.com/api/v5/market/candles?instId=BIO-USDT-SWAP&bar=5m&limit=71 "HTTP/2 200 OK"
2026-03-16 16:17:22,508 | INFO | HTTP Request: GET https://www.okx.com/api/v5/market/ticker?instId=ICP-USDT-SWAP "HTTP/2 200 OK"
2026-03-16 16:17:22,649 | INFO | HTTP Request: GET https://www.okx.com/api/v5/market/candles?instId=BLUAI-USDT-SWAP&bar=5m&limit=71 "HTTP/2 200 OK"
2026-03-16 16:17:22,826 | INFO | HTTP Request: GET https://www.okx.com/api/v5/market/candles?instId=ICP-USDT-SWAP&bar=5m&limit=89 "HTTP/2 200 OK"
2026-03-16 16:17:22,900 | INFO | HTTP Request: GET https://www.okx.com/api/v5/market/candles?instId=BNB-USDT-SWAP&bar=5m&limit=71 "HTTP/2 200 OK"
2026-03-16 16:17:23,137 | INFO | HTTP Request: GET https://www.okx.com/api/v5/market/candles?instId=BOME-USDT-SWAP&bar=5m&limit=71 "HTTP/2 200 OK"
2026-03-16 16:17:23,219 | INFO | HTTP Request: GET https://www.okx.com/api/v5/market/ticker?instId=IMX-USDT-SWAP "HTTP/2 200 OK"
2026-03-16 16:17:23,373 | INFO | HTTP Request: GET https://www.okx.com/api/v5/market/candles?instId=BRETT-USDT-SWAP&bar=5m&limit=71 "HTTP/2 200 OK"
2026-03-16 16:17:23,483 | INFO | HTTP Request: GET https://www.okx.com/api/v5/market/candles?instId=IMX-USDT-SWAP&bar=5m&limit=89 "HTTP/2 200 OK"
2026-03-16 16:17:23,671 | INFO | HTTP Request: GET https://www.okx.com/api/v5/market/candles?instId=BTC-USDT-SWAP&bar=5m&limit=71 "HTTP/2 200 OK"
2026-03-16 16:17:23,921 | INFO | HTTP Request: GET https://www.okx.com/api/v5/market/ticker?instId=INJ-USDT-SWAP "HTTP/2 200 OK"
2026-03-16 16:17:23,922 | INFO | HTTP Request: GET https://www.okx.com/api/v5/market/candles?instId=CAT-USDT-SWAP&bar=5m&limit=71 "HTTP/2 200 OK"
2026-03-16 16:17:24,155 | INFO | HTTP Request: GET https://www.okx.com/api/v5/market/candles?instId=INJ-USDT-SWAP&bar=5m&limit=89 "HTTP/2 200 OK"
2026-03-16 16:17:24,222 | INFO | HTTP Request: GET https://www.okx.com/api/v5/market/candles?instId=CELO-USDT-SWAP&bar=5m&limit=71 "HTTP/2 200 OK"
2026-03-16 16:17:24,502 | INFO | HTTP Request: GET https://www.okx.com/api/v5/market/candles?instId=CFX-USDT-SWAP&bar=5m&limit=71 "HTTP/2 200 OK"
2026-03-16 16:17:24,514 | INFO | HTTP Request: GET https://www.okx.com/api/v5/market/ticker?instId=IOTA-USDT-SWAP "HTTP/2 200 OK"
2026-03-16 16:17:24,819 | INFO | HTTP Request: GET https://www.okx.com/api/v5/market/candles?instId=CHZ-USDT-SWAP&bar=5m&limit=71 "HTTP/2 200 OK"
2026-03-16 16:17:24,827 | INFO | HTTP Request: GET https://www.okx.com/api/v5/market/candles?instId=IOTA-USDT-SWAP&bar=5m&limit=89 "HTTP/2 200 OK"
2026-03-16 16:17:24,945 | INFO | HTTP Request: GET https://www.okx.com/api/v5/account/balance "HTTP/2 200 OK"
2026-03-16 16:17:25,124 | INFO | HTTP Request: GET https://www.okx.com/api/v5/market/candles?instId=COAI-USDT-SWAP&bar=5m&limit=71 "HTTP/2 200 OK"
2026-03-16 16:17:25,193 | INFO | HTTP Request: GET https://www.okx.com/api/v5/market/ticker?instId=JUP-USDT-SWAP "HTTP/2 200 OK"
2026-03-16 16:17:25,452 | INFO | HTTP Request: GET https://www.okx.com/api/v5/market/candles?instId=COMP-USDT-SWAP&bar=5m&limit=71 "HTTP/2 200 OK"
2026-03-16 16:17:25,501 | INFO | HTTP Request: GET https://www.okx.com/api/v5/market/candles?instId=JUP-USDT-SWAP&bar=5m&limit=89 "HTTP/2 200 OK"
2026-03-16 16:17:25,796 | INFO | HTTP Request: GET https://www.okx.com/api/v5/market/candles?instId=CRV-USDT-SWAP&bar=5m&limit=71 "HTTP/2 200 OK"
2026-03-16 16:17:25,863 | INFO | HTTP Request: GET https://www.okx.com/api/v5/market/ticker?instId=KAITO-USDT-SWAP "HTTP/2 200 OK"
2026-03-16 16:17:26,085 | INFO | HTTP Request: GET https://www.okx.com/api/v5/market/candles?instId=DOGE-USDT-SWAP&bar=5m&limit=71 "HTTP/2 200 OK"
2026-03-16 16:17:26,494 | INFO | HTTP Request: GET https://www.okx.com/api/v5/market/candles?instId=KAITO-USDT-SWAP&bar=5m&limit=89 "HTTP/2 200 OK"
2026-03-16 16:17:26,495 | INFO | HTTP Request: GET https://www.okx.com/api/v5/market/ticker?instId=DOGE-USDT-SWAP "HTTP/2 200 OK"
2026-03-16 16:17:26,827 | INFO | HTTP Request: GET https://www.okx.com/api/v5/market/candles?instId=DOT-USDT-SWAP&bar=5m&limit=71 "HTTP/2 200 OK"
2026-03-16 16:17:26,883 | INFO | HTTP Request: GET https://www.okx.com/api/v5/market/ticker?instId=KSM-USDT-SWAP "HTTP/2 200 OK"
2026-03-16 16:17:27,077 | INFO | HTTP Request: GET https://www.okx.com/api/v5/market/candles?instId=ENA-USDT-SWAP&bar=5m&limit=71 "HTTP/2 200 OK"
2026-03-16 16:17:27,184 | INFO | HTTP Request: GET https://www.okx.com/api/v5/market/candles?instId=KSM-USDT-SWAP&bar=5m&limit=89 "HTTP/2 200 OK"
2026-03-16 16:17:27,380 | INFO | HTTP Request: GET https://www.okx.com/api/v5/market/candles?instId=EOS-USDT-SWAP&bar=5m&limit=71 "HTTP/2 200 OK"
2026-03-16 16:17:27,609 | INFO | HTTP Request: GET https://www.okx.com/api/v5/market/ticker?instId=LDO-USDT-SWAP "HTTP/2 200 OK"
2026-03-16 16:17:27,630 | INFO | HTTP Request: GET https://www.okx.com/api/v5/market/candles?instId=ETHFI-USDT-SWAP&bar=5m&limit=71 "HTTP/2 200 OK"
2026-03-16 16:17:27,863 | INFO | HTTP Request: GET https://www.okx.com/api/v5/market/candles?instId=LDO-USDT-SWAP&bar=5m&limit=89 "HTTP/2 200 OK"
2026-03-16 16:17:27,866 | INFO | HTTP Request: GET https://www.okx.com/api/v5/market/candles?instId=ETHW-USDT-SWAP&bar=5m&limit=71 "HTTP/2 200 OK"
2026-03-16 16:17:28,182 | INFO | HTTP Request: GET https://www.okx.com/api/v5/market/candles?instId=FLOKI-USDT-SWAP&bar=5m&limit=71 "HTTP/2 200 OK"
2026-03-16 16:17:28,279 | INFO | HTTP Request: GET https://www.okx.com/api/v5/market/ticker?instId=LINEA-USDT-SWAP "HTTP/2 200 OK"
2026-03-16 16:17:28,484 | INFO | HTTP Request: GET https://www.okx.com/api/v5/market/ticker?instId=FLOKI-USDT-SWAP "HTTP/2 200 OK"
2026-03-16 16:17:28,495 | INFO | FLOKI-USDT-SWAP: Turtle 20 long-сигнал отклонён (закрытие не удержалось выше канала)
2026-03-16 16:17:28,604 | INFO | HTTP Request: GET https://www.okx.com/api/v5/market/candles?instId=LINEA-USDT-SWAP&bar=5m&limit=89 "HTTP/2 200 OK"
2026-03-16 16:17:28,750 | INFO | HTTP Request: GET https://www.okx.com/api/v5/market/candles?instId=GMT-USDT-SWAP&bar=5m&limit=71 "HTTP/2 200 OK"
2026-03-16 16:17:28,961 | INFO | HTTP Request: GET https://www.okx.com/api/v5/market/ticker?instId=LINK-USDT-SWAP "HTTP/2 200 OK"
2026-03-16 16:17:28,984 | INFO | HTTP Request: GET https://www.okx.com/api/v5/market/candles?instId=H-USDT-SWAP&bar=5m&limit=71 "HTTP/2 200 OK"
2026-03-16 16:17:29,212 | INFO | HTTP Request: GET https://www.okx.com/api/v5/market/candles?instId=LINK-USDT-SWAP&bar=5m&limit=89 "HTTP/2 200 OK"
2026-03-16 16:17:29,275 | INFO | HTTP Request: GET https://www.okx.com/api/v5/market/candles?instId=HBAR-USDT-SWAP&bar=5m&limit=71 "HTTP/2 200 OK"
2026-03-16 16:17:29,569 | INFO | HTTP Request: GET https://www.okx.com/api/v5/market/ticker?instId=LIT-USDT-SWAP "HTTP/2 200 OK"
2026-03-16 16:17:29,633 | INFO | HTTP Request: GET https://www.okx.com/api/v5/market/candles?instId=HMSTR-USDT-SWAP&bar=5m&limit=71 "HTTP/2 200 OK"
2026-03-16 16:17:29,919 | INFO | HTTP Request: GET https://www.okx.com/api/v5/market/candles?instId=LIT-USDT-SWAP&bar=5m&limit=89 "HTTP/2 200 OK"
2026-03-16 16:17:29,944 | INFO | HTTP Request: GET https://www.okx.com/api/v5/market/candles?instId=HOME-USDT-SWAP&bar=5m&limit=71 "HTTP/2 200 OK"
2026-03-16 16:17:30,184 | INFO | HTTP Request: GET https://www.okx.com/api/v5/market/candles?instId=ICP-USDT-SWAP&bar=5m&limit=71 "HTTP/2 200 OK"
2026-03-16 16:17:30,351 | INFO | HTTP Request: GET https://www.okx.com/api/v5/market/ticker?instId=LPT-USDT-SWAP "HTTP/2 200 OK"
2026-03-16 16:17:30,365 | INFO | HTTP Request: GET https://www.okx.com/api/v5/market/candles?instId=BTC-USDT-SWAP&bar=5m&limit=64 "HTTP/2 200 OK"
2026-03-16 16:17:30,378 | INFO | HTTP Request: GET https://www.okx.com/api/v5/account/balance "HTTP/2 200 OK"
2026-03-16 16:17:30,496 | INFO | HTTP Request: GET https://www.okx.com/api/v5/market/candles?instId=IMX-USDT-SWAP&bar=5m&limit=71 "HTTP/2 200 OK"
2026-03-16 16:17:30,690 | INFO | HTTP Request: GET https://www.okx.com/api/v5/market/candles?instId=LPT-USDT-SWAP&bar=5m&limit=89 "HTTP/2 200 OK"
2026-03-16 16:17:30,749 | INFO | HTTP Request: GET https://www.okx.com/api/v5/market/candles?instId=INJ-USDT-SWAP&bar=5m&limit=71 "HTTP/2 200 OK"
2026-03-16 16:17:31,003 | INFO | HTTP Request: GET https://www.okx.com/api/v5/market/candles?instId=IOTA-USDT-SWAP&bar=5m&limit=71 "HTTP/2 200 OK"
2026-03-16 16:17:31,133 | INFO | HTTP Request: GET https://www.okx.com/api/v5/market/ticker?instId=LQTY-USDT-SWAP "HTTP/2 200 OK"
2026-03-16 16:17:31,304 | INFO | HTTP Request: GET https://www.okx.com/api/v5/market/candles?instId=JUP-USDT-SWAP&bar=5m&limit=71 "HTTP/2 200 OK"
2026-03-16 16:17:31,400 | INFO | HTTP Request: GET https://www.okx.com/api/v5/market/candles?instId=LQTY-USDT-SWAP&bar=5m&limit=89 "HTTP/2 200 OK"
2026-03-16 16:17:31,615 | INFO | HTTP Request: GET https://www.okx.com/api/v5/market/candles?instId=KAITO-USDT-SWAP&bar=5m&limit=71 "HTTP/2 200 OK"
2026-03-16 16:17:31,837 | INFO | HTTP Request: GET https://www.okx.com/api/v5/market/ticker?instId=LRC-USDT-SWAP "HTTP/2 200 OK"
2026-03-16 16:17:31,871 | INFO | HTTP Request: GET https://www.okx.com/api/v5/market/candles?instId=KSM-USDT-SWAP&bar=5m&limit=71 "HTTP/2 200 OK"
2026-03-16 16:17:32,108 | INFO | HTTP Request: GET https://www.okx.com/api/v5/market/candles?instId=LDO-USDT-SWAP&bar=5m&limit=71 "HTTP/2 200 OK"
2026-03-16 16:17:32,147 | INFO | HTTP Request: GET https://www.okx.com/api/v5/market/candles?instId=LRC-USDT-SWAP&bar=5m&limit=89 "HTTP/2 200 OK"
2026-03-16 16:17:32,362 | INFO | HTTP Request: GET https://www.okx.com/api/v5/market/candles?instId=LRC-USDT-SWAP&bar=5m&limit=71 "HTTP/2 200 OK"
2026-03-16 16:17:32,366 | INFO | LRC-USDT-SWAP: Turtle 20 long-сигнал отклонён (закрытие не удержалось выше канала)
2026-03-16 16:17:32,580 | INFO | HTTP Request: GET https://www.okx.com/api/v5/market/ticker?instId=LTC-USDT-SWAP "HTTP/2 200 OK"
2026-03-16 16:17:32,666 | INFO | HTTP Request: GET https://www.okx.com/api/v5/market/candles?instId=LTC-USDT-SWAP&bar=5m&limit=71 "HTTP/2 200 OK"
2026-03-16 16:17:32,882 | INFO | HTTP Request: GET https://www.okx.com/api/v5/market/candles?instId=LTC-USDT-SWAP&bar=5m&limit=89 "HTTP/2 200 OK"
2026-03-16 16:17:33,036 | INFO | HTTP Request: GET https://www.okx.com/api/v5/market/candles?instId=MAGIC-USDT-SWAP&bar=5m&limit=71 "HTTP/2 200 OK"
2026-03-16 16:17:33,299 | INFO | HTTP Request: GET https://www.okx.com/api/v5/market/ticker?instId=MAGIC-USDT-SWAP "HTTP/2 200 OK"
2026-03-16 16:17:33,394 | INFO | HTTP Request: GET https://www.okx.com/api/v5/market/candles?instId=MAJOR-USDT-SWAP&bar=5m&limit=71 "HTTP/2 200 OK"
2026-03-16 16:17:33,583 | INFO | HTTP Request: GET https://www.okx.com/api/v5/market/candles?instId=MAGIC-USDT-SWAP&bar=5m&limit=89 "HTTP/2 200 OK"
2026-03-16 16:17:33,755 | INFO | HTTP Request: GET https://www.okx.com/api/v5/market/candles?instId=MASK-USDT-SWAP&bar=5m&limit=71 "HTTP/2 200 OK"
2026-03-16 16:17:33,999 | INFO | HTTP Request: GET https://www.okx.com/api/v5/market/ticker?instId=MAJOR-USDT-SWAP "HTTP/2 200 OK"
2026-03-16 16:17:34,091 | INFO | HTTP Request: GET https://www.okx.com/api/v5/market/candles?instId=MET-USDT-SWAP&bar=5m&limit=71 "HTTP/2 200 OK"
2026-03-16 16:17:34,357 | INFO | HTTP Request: GET https://www.okx.com/api/v5/market/ticker?instId=MASK-USDT-SWAP "HTTP/2 200 OK"
2026-03-16 16:17:34,392 | INFO | HTTP Request: GET https://www.okx.com/api/v5/market/candles?instId=MKR-USDT-SWAP&bar=5m&limit=71 "HTTP/2 200 OK"
2026-03-16 16:17:34,629 | INFO | HTTP Request: GET https://www.okx.com/api/v5/market/candles?instId=MUBARAK-USDT-SWAP&bar=5m&limit=71 "HTTP/2 200 OK"
2026-03-16 16:17:34,784 | INFO | HTTP Request: GET https://www.okx.com/api/v5/market/ticker?instId=MET-USDT-SWAP "HTTP/2 200 OK"
2026-03-16 16:17:34,871 | INFO | HTTP Request: GET https://www.okx.com/api/v5/market/candles?instId=NEAR-USDT-SWAP&bar=5m&limit=71 "HTTP/2 200 OK"
2026-03-16 16:17:35,138 | INFO | HTTP Request: GET https://www.okx.com/api/v5/market/candles?instId=NEO-USDT-SWAP&bar=5m&limit=71 "HTTP/2 200 OK"
2026-03-16 16:17:35,155 | INFO | HTTP Request: GET https://www.okx.com/api/v5/market/ticker?instId=MKR-USDT-SWAP "HTTP/2 200 OK"
2026-03-16 16:17:35,378 | INFO | HTTP Request: GET https://www.okx.com/api/v5/market/candles?instId=NOT-USDT-SWAP&bar=5m&limit=71 "HTTP/2 200 OK"
2026-03-16 16:17:35,586 | INFO | HTTP Request: GET https://www.okx.com/api/v5/market/ticker?instId=MUBARAK-USDT-SWAP "HTTP/2 200 OK"
2026-03-16 16:17:35,689 | INFO | HTTP Request: GET https://www.okx.com/api/v5/market/candles?instId=OP-USDT-SWAP&bar=5m&limit=71 "HTTP/2 200 OK"
2026-03-16 16:17:35,692 | INFO | HTTP Request: GET https://www.okx.com/api/v5/account/balance "HTTP/2 200 OK"
2026-03-16 16:17:35,985 | INFO | HTTP Request: GET https://www.okx.com/api/v5/market/ticker?instId=OP-USDT-SWAP "HTTP/2 200 OK"
2026-03-16 16:17:35,996 | INFO | HTTP Request: GET https://www.okx.com/api/v5/market/ticker?instId=NEAR-USDT-SWAP "HTTP/2 200 OK"
2026-03-16 16:17:36,001 | INFO | OP-USDT-SWAP: Turtle 20 long-сигнал отклонён (закрытие не удержалось выше канала)
2026-03-16 16:17:36,307 | INFO | HTTP Request: GET https://www.okx.com/api/v5/market/candles?instId=PEPE-USDT-SWAP&bar=5m&limit=71 "HTTP/2 200 OK"
2026-03-16 16:17:36,459 | INFO | HTTP Request: GET https://www.okx.com/api/v5/market/ticker?instId=NEO-USDT-SWAP "HTTP/2 200 OK"
2026-03-16 16:17:36,547 | INFO | HTTP Request: GET https://www.okx.com/api/v5/market/candles?instId=PIGGY-USDT-SWAP&bar=5m&limit=71 "HTTP/2 200 OK"
2026-03-16 16:17:36,610 | INFO | HTTP Request: GET https://www.okx.com/api/v5/market/candles?instId=BTC-USDT-SWAP&bar=5m&limit=64 "HTTP/2 200 OK"
2026-03-16 16:17:36,830 | INFO | HTTP Request: GET https://www.okx.com/api/v5/market/ticker?instId=NOT-USDT-SWAP "HTTP/2 200 OK"
2026-03-16 16:17:36,859 | INFO | HTTP Request: GET https://www.okx.com/api/v5/market/candles?instId=QTUM-USDT-SWAP&bar=5m&limit=71 "HTTP/2 200 OK"
2026-03-16 16:17:37,166 | INFO | HTTP Request: GET https://www.okx.com/api/v5/market/candles?instId=RAVE-USDT-SWAP&bar=5m&limit=71 "HTTP/2 200 OK"
2026-03-16 16:17:37,313 | INFO | HTTP Request: GET https://www.okx.com/api/v5/market/ticker?instId=PEPE-USDT-SWAP "HTTP/2 200 OK"
2026-03-16 16:17:37,473 | INFO | HTTP Request: GET https://www.okx.com/api/v5/market/candles?instId=RESOLV-USDT-SWAP&bar=5m&limit=71 "HTTP/2 200 OK"
2026-03-16 16:17:37,738 | INFO | HTTP Request: GET https://www.okx.com/api/v5/market/ticker?instId=PIGGY-USDT-SWAP "HTTP/2 200 OK"
2026-03-16 16:17:37,781 | INFO | HTTP Request: GET https://www.okx.com/api/v5/market/candles?instId=ROBO-USDT-SWAP&bar=5m&limit=71 "HTTP/2 200 OK"
2026-03-16 16:17:38,031 | INFO | HTTP Request: GET https://www.okx.com/api/v5/market/candles?instId=SAND-USDT-SWAP&bar=5m&limit=71 "HTTP/2 200 OK"
2026-03-16 16:17:38,114 | INFO | HTTP Request: GET https://www.okx.com/api/v5/market/ticker?instId=QTUM-USDT-SWAP "HTTP/2 200 OK"
2026-03-16 16:17:38,280 | INFO | HTTP Request: GET https://www.okx.com/api/v5/market/candles?instId=SCR-USDT-SWAP&bar=5m&limit=71 "HTTP/2 200 OK"
2026-03-16 16:17:38,505 | INFO | HTTP Request: GET https://www.okx.com/api/v5/market/ticker?instId=RAVE-USDT-SWAP "HTTP/2 200 OK"
2026-03-16 16:17:38,585 | INFO | HTTP Request: GET https://www.okx.com/api/v5/market/candles?instId=SHIB-USDT-SWAP&bar=5m&limit=71 "HTTP/2 200 OK"
2026-03-16 16:17:38,851 | INFO | HTTP Request: GET https://www.okx.com/api/v5/market/candles?instId=SKY-USDT-SWAP&bar=5m&limit=71 "HTTP/2 200 OK"
2026-03-16 16:17:38,875 | INFO | HTTP Request: GET https://www.okx.com/api/v5/market/ticker?instId=RESOLV-USDT-SWAP "HTTP/2 200 OK"
2026-03-16 16:17:39,151 | INFO | HTTP Request: GET https://www.okx.com/api/v5/market/candles?instId=SOL-USDT-SWAP&bar=5m&limit=71 "HTTP/2 200 OK"
2026-03-16 16:17:39,233 | INFO | HTTP Request: GET https://www.okx.com/api/v5/market/ticker?instId=ROBO-USDT-SWAP "HTTP/2 200 OK"
2026-03-16 16:17:39,434 | INFO | HTTP Request: GET https://www.okx.com/api/v5/market/ticker?instId=SOL-USDT-SWAP "HTTP/2 200 OK"
2026-03-16 16:17:39,440 | INFO | SOL-USDT-SWAP: Turtle 20 short-сигнал отклонён (закрытие не удержалось ниже канала)
2026-03-16 16:17:39,650 | INFO | HTTP Request: GET https://www.okx.com/api/v5/market/ticker?instId=SAND-USDT-SWAP "HTTP/2 200 OK"
2026-03-16 16:17:39,681 | INFO | HTTP Request: GET https://www.okx.com/api/v5/market/candles?instId=SOLV-USDT-SWAP&bar=5m&limit=71 "HTTP/2 200 OK"
2026-03-16 16:17:39,985 | INFO | HTTP Request: GET https://www.okx.com/api/v5/market/candles?instId=SPK-USDT-SWAP&bar=5m&limit=71 "HTTP/2 200 OK"
2026-03-16 16:17:40,079 | INFO | HTTP Request: GET https://www.okx.com/api/v5/market/ticker?instId=SCR-USDT-SWAP "HTTP/2 200 OK"
2026-03-16 16:17:40,238 | INFO | HTTP Request: GET https://www.okx.com/api/v5/market/candles?instId=STRK-USDT-SWAP&bar=5m&limit=71 "HTTP/2 200 OK"
2026-03-16 16:17:40,524 | INFO | HTTP Request: GET https://www.okx.com/api/v5/market/ticker?instId=SHIB-USDT-SWAP "HTTP/2 200 OK"
2026-03-16 16:17:40,544 | INFO | HTTP Request: GET https://www.okx.com/api/v5/market/candles?instId=SUI-USDT-SWAP&bar=5m&limit=71 "HTTP/2 200 OK"
2026-03-16 16:17:40,796 | INFO | HTTP Request: GET https://www.okx.com/api/v5/market/candles?instId=SUSHI-USDT-SWAP&bar=5m&limit=71 "HTTP/2 200 OK"
2026-03-16 16:17:40,899 | INFO | HTTP Request: GET https://www.okx.com/api/v5/market/ticker?instId=SKY-USDT-SWAP "HTTP/2 200 OK"
2026-03-16 16:17:41,123 | INFO | HTTP Request: GET https://www.okx.com/api/v5/account/balance "HTTP/2 200 OK"
2026-03-16 16:17:41,159 | INFO | HTTP Request: GET https://www.okx.com/api/v5/market/candles?instId=SYRUP-USDT-SWAP&bar=5m&limit=71 "HTTP/2 200 OK"
2026-03-16 16:17:41,409 | INFO | HTTP Request: GET https://www.okx.com/api/v5/market/candles?instId=TEST1234-USDT-SWAP&bar=5m&limit=71 "HTTP/2 200 OK"
2026-03-16 16:17:41,449 | INFO | HTTP Request: GET https://www.okx.com/api/v5/market/ticker?instId=SOLV-USDT-SWAP "HTTP/2 200 OK"
2026-03-16 16:17:41,645 | INFO | HTTP Request: GET https://www.okx.com/api/v5/market/candles?instId=TEST3103-USDT-SWAP&bar=5m&limit=71 "HTTP/2 200 OK"
2026-03-16 16:17:41,812 | INFO | HTTP Request: GET https://www.okx.com/api/v5/market/ticker?instId=SPK-USDT-SWAP "HTTP/2 200 OK"
2026-03-16 16:17:41,953 | INFO | HTTP Request: GET https://www.okx.com/api/v5/market/candles?instId=TEST3110-USDT-SWAP&bar=5m&limit=71 "HTTP/2 200 OK"
2026-03-16 16:17:42,210 | INFO | HTTP Request: GET https://www.okx.com/api/v5/market/ticker?instId=STRK-USDT-SWAP "HTTP/2 200 OK"
2026-03-16 16:17:42,277 | INFO | HTTP Request: GET https://www.okx.com/api/v5/market/candles?instId=THETA-USDT-SWAP&bar=5m&limit=71 "HTTP/2 200 OK"
2026-03-16 16:17:42,519 | INFO | HTTP Request: GET https://www.okx.com/api/v5/market/candles?instId=TON-USDT-SWAP&bar=5m&limit=71 "HTTP/2 200 OK"
2026-03-16 16:17:42,632 | INFO | HTTP Request: GET https://www.okx.com/api/v5/market/ticker?instId=SUI-USDT-SWAP "HTTP/2 200 OK"
2026-03-16 16:17:42,790 | INFO | HTTP Request: GET https://www.okx.com/api/v5/market/candles?instId=BTC-USDT-SWAP&bar=5m&limit=64 "HTTP/2 200 OK"
2026-03-16 16:17:42,821 | INFO | HTTP Request: GET https://www.okx.com/api/v5/market/candles?instId=TRIA-USDT-SWAP&bar=5m&limit=71 "HTTP/2 200 OK"
2026-03-16 16:17:42,988 | INFO | HTTP Request: GET https://www.okx.com/api/v5/market/ticker?instId=SUSHI-USDT-SWAP "HTTP/2 200 OK"
2026-03-16 16:17:43,159 | INFO | HTTP Request: GET https://www.okx.com/api/v5/market/candles?instId=TRX-USDT-SWAP&bar=5m&limit=71 "HTTP/2 200 OK"
2026-03-16 16:17:43,416 | INFO | HTTP Request: GET https://www.okx.com/api/v5/market/ticker?instId=SYRUP-USDT-SWAP "HTTP/2 200 OK"
2026-03-16 16:17:43,498 | INFO | HTTP Request: GET https://www.okx.com/api/v5/market/candles?instId=TSLA-USDT-SWAP&bar=5m&limit=71 "HTTP/2 200 OK"
2026-03-16 16:17:43,771 | INFO | HTTP Request: GET https://www.okx.com/api/v5/market/ticker?instId=TEST1234-USDT-SWAP "HTTP/2 200 OK"
2026-03-16 16:17:43,836 | INFO | HTTP Request: GET https://www.okx.com/api/v5/market/candles?instId=XAG-USDT-SWAP&bar=5m&limit=71 "HTTP/2 200 OK"
2026-03-16 16:17:44,144 | INFO | HTTP Request: GET https://www.okx.com/api/v5/market/ticker?instId=TEST3103-USDT-SWAP "HTTP/2 200 OK"
2026-03-16 16:17:44,186 | INFO | HTTP Request: GET https://www.okx.com/api/v5/market/candles?instId=XAU-USDT-SWAP&bar=5m&limit=71 "HTTP/2 200 OK"
2026-03-16 16:17:44,432 | INFO | HTTP Request: GET https://www.okx.com/api/v5/market/ticker?instId=XAU-USDT-SWAP "HTTP/2 200 OK"
2026-03-16 16:17:44,437 | INFO | XAU-USDT-SWAP: Turtle 20 long-сигнал отклонён (закрытие не удержалось выше канала)
2026-03-16 16:17:44,594 | INFO | HTTP Request: GET https://www.okx.com/api/v5/market/ticker?instId=TEST3110-USDT-SWAP "HTTP/2 200 OK"
2026-03-16 16:17:44,702 | INFO | HTTP Request: GET https://www.okx.com/api/v5/market/candles?instId=XLM-USDT-SWAP&bar=5m&limit=71 "HTTP/2 200 OK"
2026-03-16 16:17:45,001 | INFO | HTTP Request: GET https://www.okx.com/api/v5/market/candles?instId=XPL-USDT-SWAP&bar=5m&limit=71 "HTTP/2 200 OK"
2026-03-16 16:17:45,069 | INFO | HTTP Request: GET https://www.okx.com/api/v5/market/ticker?instId=THETA-USDT-SWAP "HTTP/2 200 OK"
2026-03-16 16:17:45,297 | INFO | HTTP Request: GET https://www.okx.com/api/v5/market/candles?instId=XRP-USDT-SWAP&bar=5m&limit=71 "HTTP/2 200 OK"
2026-03-16 16:17:45,549 | INFO | HTTP Request: GET https://www.okx.com/api/v5/market/candles?instId=XSR-USDT-SWAP&bar=5m&limit=71 "HTTP/2 200 OK"
2026-03-16 16:17:45,866 | INFO | HTTP Request: GET https://www.okx.com/api/v5/market/candles?instId=YB-USDT-SWAP&bar=5m&limit=71 "HTTP/2 200 OK"
2026-03-16 16:17:46,121 | INFO | HTTP Request: GET https://www.okx.com/api/v5/market/candles?instId=YGG-USDT-SWAP&bar=5m&limit=71 "HTTP/2 200 OK"
2026-03-16 16:17:46,411 | INFO | HTTP Request: GET https://www.okx.com/api/v5/market/ticker?instId=YGG-USDT-SWAP "HTTP/2 200 OK"
2026-03-16 16:17:46,449 | INFO | HTTP Request: GET https://www.okx.com/api/v5/market/ticker?instId=XRP-USDT-SWAP "HTTP/2 200 OK"
2026-03-16 16:17:46,540 | INFO | HTTP Request: GET https://www.okx.com/api/v5/account/balance "HTTP/2 200 OK"
2026-03-16 16:17:46,650 | INFO | HTTP Request: GET https://www.okx.com/api/v5/market/candles?instId=ZAMA-USDT-SWAP&bar=5m&limit=71 "HTTP/2 200 OK"
2026-03-16 16:17:46,823 | INFO | HTTP Request: GET https://www.okx.com/api/v5/market/ticker?instId=XSR-USDT-SWAP "HTTP/2 200 OK"
2026-03-16 16:17:46,906 | INFO | HTTP Request: GET https://www.okx.com/api/v5/market/candles?instId=ZBCN-USDT-SWAP&bar=5m&limit=71 "HTTP/2 200 OK"
2026-03-16 16:17:47,209 | INFO | HTTP Request: GET https://www.okx.com/api/v5/market/candles?instId=ZETA-USDT-SWAP&bar=5m&limit=71 "HTTP/2 200 OK"
2026-03-16 16:17:47,278 | INFO | HTTP Request: GET https://www.okx.com/api/v5/market/ticker?instId=YB-USDT-SWAP "HTTP/2 200 OK"
2026-03-16 16:17:47,446 | INFO | HTTP Request: GET https://www.okx.com/api/v5/market/candles?instId=ZIL-USDT-SWAP&bar=5m&limit=71 "HTTP/2 200 OK"
2026-03-16 16:17:47,670 | INFO | HTTP Request: GET https://www.okx.com/api/v5/market/ticker?instId=ZAMA-USDT-SWAP "HTTP/2 200 OK"
2026-03-16 16:17:47,810 | INFO | HTTP Request: GET https://www.okx.com/api/v5/account/balance "HTTP/2 200 OK"
2026-03-16 16:17:47,814 | INFO | Placing order DOGE-USDT-SWAP buy qty=11.77
2026-03-16 16:17:48,096 | INFO | HTTP Request: GET https://www.okx.com/api/v5/market/ticker?instId=ZBCN-USDT-SWAP "HTTP/2 200 OK"
2026-03-16 16:17:48,214 | INFO | HTTP Request: POST https://www.okx.com/api/v5/trade/order "HTTP/2 200 OK"
2026-03-16 16:17:48,543 | INFO | HTTP Request: GET https://www.okx.com/api/v5/market/ticker?instId=ZETA-USDT-SWAP "HTTP/2 200 OK"
2026-03-16 16:17:48,604 | INFO | HTTP Request: GET https://www.okx.com/api/v5/account/positions?instType=SWAP "HTTP/2 200 OK"
2026-03-16 16:17:48,944 | INFO | HTTP Request: GET https://www.okx.com/api/v5/market/candles?instId=DOGE-USDT-SWAP&bar=5m&limit=81 "HTTP/2 200 OK"
2026-03-16 16:17:48,951 | INFO | Placing exchange stop DOGE-USDT-SWAP long payload={'instId': 'DOGE-USDT-SWAP', 'tdMode': 'isolated', 'side': 'sell', 'posSide': 'net', 'ordType': 'conditional', 'sz': '11.77', 'slTriggerPx': '0.099805', 'slOrdPx': '-1'}
2026-03-16 16:17:48,962 | INFO | HTTP Request: GET https://www.okx.com/api/v5/market/ticker?instId=ZIL-USDT-SWAP "HTTP/2 200 OK"
2026-03-16 16:17:49,104 | INFO | HTTP Request: GET https://www.okx.com/api/v5/market/candles?instId=BTC-USDT-SWAP&bar=5m&limit=64 "HTTP/2 200 OK"
2026-03-16 16:17:49,324 | INFO | HTTP Request: POST https://www.okx.com/api/v5/trade/order-algo "HTTP/2 200 OK"
2026-03-16 16:17:49,330 | INFO | HTTP Request: GET https://www.okx.com/api/v5/market/ticker?instId=XTZ-USDT-SWAP "HTTP/2 200 OK"
2026-03-16 16:17:49,646 | INFO | HTTP Request: GET https://www.okx.com/api/v5/market/candles?instId=XTZ-USDT-SWAP&bar=5m&limit=89 "HTTP/2 200 OK"
2026-03-16 16:17:49,695 | INFO | HTTP Request: GET https://www.okx.com/api/v5/account/balance "HTTP/2 200 OK"
2026-03-16 16:17:49,698 | INFO | Placing order YGG-USDT-SWAP buy qty=23013.0
2026-03-16 16:17:50,071 | INFO | HTTP Request: GET https://www.okx.com/api/v5/market/ticker?instId=BAND-USDT-SWAP "HTTP/2 200 OK"
2026-03-16 16:17:50,071 | INFO | HTTP Request: POST https://www.okx.com/api/v5/trade/order "HTTP/2 200 OK"
2026-03-16 16:17:50,406 | INFO | HTTP Request: GET https://www.okx.com/api/v5/market/candles?instId=BAND-USDT-SWAP&bar=5m&limit=89 "HTTP/2 200 OK"
2026-03-16 16:17:50,462 | INFO | HTTP Request: GET https://www.okx.com/api/v5/account/positions?instType=SWAP "HTTP/2 200 OK"
2026-03-16 16:17:50,763 | INFO | HTTP Request: GET https://www.okx.com/api/v5/market/candles?instId=YGG-USDT-SWAP&bar=5m&limit=81 "HTTP/2 200 OK"
2026-03-16 16:17:50,817 | INFO | Placing exchange stop YGG-USDT-SWAP long payload={'instId': 'YGG-USDT-SWAP', 'tdMode': 'isolated', 'side': 'sell', 'posSide': 'net', 'ordType': 'conditional', 'sz': '23013', 'slTriggerPx': '0.04369', 'slOrdPx': '-1'}
2026-03-16 16:17:50,846 | INFO | HTTP Request: GET https://www.okx.com/api/v5/market/ticker?instId=MINA-USDT-SWAP "HTTP/2 200 OK"
2026-03-16 16:17:51,132 | INFO | HTTP Request: GET https://www.okx.com/api/v5/market/candles?instId=MINA-USDT-SWAP&bar=5m&limit=89 "HTTP/2 200 OK"
2026-03-16 16:17:51,182 | INFO | HTTP Request: POST https://www.okx.com/api/v5/trade/order-algo "HTTP/2 200 OK"
2026-03-16 16:17:51,554 | INFO | HTTP Request: GET https://www.okx.com/api/v5/trade/orders-algo-pending?ordType=conditional&instType=SWAP&instId=XTZ-USDT-SWAP "HTTP/2 200 OK"
2026-03-16 16:17:51,580 | INFO | HTTP Request: GET https://www.okx.com/api/v5/market/ticker?instId=FIL-USDT-SWAP "HTTP/2 200 OK"
2026-03-16 16:17:51,879 | INFO | HTTP Request: GET https://www.okx.com/api/v5/market/candles?instId=FIL-USDT-SWAP&bar=5m&limit=89 "HTTP/2 200 OK"
2026-03-16 16:17:51,944 | INFO | HTTP Request: GET https://www.okx.com/api/v5/account/balance "HTTP/2 200 OK"
2026-03-16 16:17:51,950 | INFO | HTTP Request: GET https://www.okx.com/api/v5/trade/orders-algo-pending?ordType=oco&instType=SWAP&instId=XTZ-USDT-SWAP "HTTP/2 200 OK"
2026-03-16 16:17:52,308 | INFO | HTTP Request: GET https://www.okx.com/api/v5/market/ticker?instId=ETC-USDT-SWAP "HTTP/2 200 OK"
2026-03-16 16:17:52,326 | INFO | HTTP Request: GET https://www.okx.com/api/v5/trade/orders-algo-pending?ordType=trigger&instType=SWAP&instId=XTZ-USDT-SWAP "HTTP/2 200 OK"
2026-03-16 16:17:52,661 | INFO | HTTP Request: GET https://www.okx.com/api/v5/market/candles?instId=ETC-USDT-SWAP&bar=5m&limit=89 "HTTP/2 200 OK"
2026-03-16 16:17:52,719 | INFO | HTTP Request: GET https://www.okx.com/api/v5/trade/orders-algo-pending?ordType=move_order_stop&instType=SWAP&instId=XTZ-USDT-SWAP "HTTP/2 200 OK"
2026-03-16 16:17:53,027 | INFO | HTTP Request: GET https://www.okx.com/api/v5/market/ticker?instId=ETH-USDT-SWAP "HTTP/2 200 OK"
2026-03-16 16:17:53,128 | INFO | HTTP Request: GET https://www.okx.com/api/v5/trade/orders-algo-pending?ordType=iceberg&instType=SWAP&instId=XTZ-USDT-SWAP "HTTP/2 200 OK"
2026-03-16 16:17:53,340 | INFO | HTTP Request: GET https://www.okx.com/api/v5/market/candles?instId=ETH-USDT-SWAP&bar=5m&limit=89 "HTTP/2 200 OK"
2026-03-16 16:17:53,538 | INFO | HTTP Request: GET https://www.okx.com/api/v5/trade/orders-algo-pending?ordType=twap&instType=SWAP&instId=XTZ-USDT-SWAP "HTTP/2 200 OK"
2026-03-16 16:17:53,803 | INFO | HTTP Request: GET https://www.okx.com/api/v5/market/ticker?instId=YFI-USDT-SWAP "HTTP/2 200 OK"
2026-03-16 16:17:53,946 | INFO | HTTP Request: GET https://www.okx.com/api/v5/trade/orders-algo-pending?ordType=chase&instType=SWAP&instId=XTZ-USDT-SWAP "HTTP/2 200 OK"
2026-03-16 16:17:54,043 | INFO | HTTP Request: GET https://www.okx.com/api/v5/market/candles?instId=YFI-USDT-SWAP&bar=5m&limit=89 "HTTP/2 200 OK"
2026-03-16 16:17:54,312 | INFO | HTTP Request: GET https://www.okx.com/api/v5/trade/orders-algo-pending?ordType=conditional&instType=SWAP&instId=BAND-USDT-SWAP "HTTP/2 200 OK"
2026-03-16 16:17:54,464 | INFO | HTTP Request: GET https://www.okx.com/api/v5/market/ticker?instId=CRO-USDT-SWAP "HTTP/2 200 OK"
2026-03-16 16:17:54,717 | INFO | HTTP Request: GET https://www.okx.com/api/v5/trade/orders-algo-pending?ordType=oco&instType=SWAP&instId=BAND-USDT-SWAP "HTTP/2 200 OK"
2026-03-16 16:17:54,809 | INFO | HTTP Request: GET https://www.okx.com/api/v5/market/candles?instId=CRO-USDT-SWAP&bar=5m&limit=89 "HTTP/2 200 OK"
2026-03-16 16:17:55,076 | INFO | HTTP Request: GET https://www.okx.com/api/v5/trade/orders-algo-pending?ordType=trigger&instType=SWAP&instId=BAND-USDT-SWAP "HTTP/2 200 OK"
2026-03-16 16:17:55,242 | INFO | HTTP Request: GET https://www.okx.com/api/v5/market/ticker?instId=BREV-USDT-SWAP "HTTP/2 200 OK"
2026-03-16 16:17:55,354 | INFO | HTTP Request: GET https://www.okx.com/api/v5/market/candles?instId=BTC-USDT-SWAP&bar=5m&limit=64 "HTTP/2 200 OK"
2026-03-16 16:17:55,487 | INFO | HTTP Request: GET https://www.okx.com/api/v5/trade/orders-algo-pending?ordType=move_order_stop&instType=SWAP&instId=BAND-USDT-SWAP "HTTP/2 200 OK"
2026-03-16 16:17:55,556 | INFO | HTTP Request: GET https://www.okx.com/api/v5/market/candles?instId=BREV-USDT-SWAP&bar=5m&limit=89 "HTTP/2 200 OK"
2026-03-16 16:17:55,860 | INFO | HTTP Request: GET https://www.okx.com/api/v5/trade/orders-algo-pending?ordType=iceberg&instType=SWAP&instId=BAND-USDT-SWAP "HTTP/2 200 OK"
2026-03-16 16:17:55,959 | INFO | HTTP Request: GET https://www.okx.com/api/v5/market/ticker?instId=DOGE-USDT-SWAP "HTTP/2 200 OK"
2026-03-16 16:17:56,261 | INFO | HTTP Request: GET https://www.okx.com/api/v5/trade/orders-algo-pending?ordType=twap&instType=SWAP&instId=BAND-USDT-SWAP "HTTP/2 200 OK"
2026-03-16 16:17:56,432 | INFO | HTTP Request: GET https://www.okx.com/api/v5/market/ticker?instId=1INCH-USDT-SWAP "HTTP/2 200 OK"
2026-03-16 16:17:56,662 | INFO | HTTP Request: GET https://www.okx.com/api/v5/trade/orders-algo-pending?ordType=chase&instType=SWAP&instId=BAND-USDT-SWAP "HTTP/2 200 OK"
2026-03-16 16:17:56,734 | INFO | HTTP Request: GET https://www.okx.com/api/v5/market/candles?instId=1INCH-USDT-SWAP&bar=5m&limit=89 "HTTP/2 200 OK"
2026-03-16 16:17:56,898 | INFO | HTTP Request: GET https://www.okx.com/api/v5/market/candles?instId=MINA-USDT-SWAP&bar=5m&limit=26 "HTTP/2 200 OK"
2026-03-16 16:17:57,121 | INFO | HTTP Request: GET https://www.okx.com/api/v5/market/ticker?instId=2Z-USDT-SWAP "HTTP/2 200 OK"
2026-03-16 16:17:57,133 | INFO | HTTP Request: GET https://www.okx.com/api/v5/market/ticker?instId=MINA-USDT-SWAP "HTTP/2 200 OK"
2026-03-16 16:17:57,311 | INFO | HTTP Request: GET https://www.okx.com/api/v5/account/balance "HTTP/2 200 OK"
2026-03-16 16:17:57,380 | INFO | HTTP Request: GET https://www.okx.com/api/v5/market/candles?instId=2Z-USDT-SWAP&bar=5m&limit=89 "HTTP/2 200 OK"
2026-03-16 16:17:57,496 | INFO | HTTP Request: GET https://www.okx.com/api/v5/trade/orders-algo-pending?ordType=conditional&instType=SWAP&instId=MINA-USDT-SWAP "HTTP/2 200 OK"
2026-03-16 16:17:57,750 | INFO | HTTP Request: GET https://www.okx.com/api/v5/market/ticker?instId=A-USDT-SWAP "HTTP/2 200 OK"
2026-03-16 16:17:57,855 | INFO | HTTP Request: GET https://www.okx.com/api/v5/trade/orders-algo-pending?ordType=oco&instType=SWAP&instId=MINA-USDT-SWAP "HTTP/2 200 OK"
2026-03-16 16:17:58,261 | INFO | HTTP Request: GET https://www.okx.com/api/v5/market/candles?instId=A-USDT-SWAP&bar=5m&limit=89 "HTTP/2 200 OK"
2026-03-16 16:17:58,274 | INFO | HTTP Request: GET https://www.okx.com/api/v5/trade/orders-algo-pending?ordType=trigger&instType=SWAP&instId=MINA-USDT-SWAP "HTTP/2 200 OK"
2026-03-16 16:17:58,672 | INFO | HTTP Request: GET https://www.okx.com/api/v5/trade/orders-algo-pending?ordType=move_order_stop&instType=SWAP&instId=MINA-USDT-SWAP "HTTP/2 200 OK"
2026-03-16 16:17:58,675 | INFO | HTTP Request: GET https://www.okx.com/api/v5/market/ticker?instId=AAVE-USDT-SWAP "HTTP/2 200 OK"
2026-03-16 16:17:59,027 | INFO | HTTP Request: GET https://www.okx.com/api/v5/market/candles?instId=AAVE-USDT-SWAP&bar=5m&limit=89 "HTTP/2 200 OK"
2026-03-16 16:17:59,083 | INFO | HTTP Request: GET https://www.okx.com/api/v5/trade/orders-algo-pending?ordType=iceberg&instType=SWAP&instId=MINA-USDT-SWAP "HTTP/2 200 OK"
2026-03-16 16:17:59,456 | INFO | HTTP Request: GET https://www.okx.com/api/v5/market/ticker?instId=ACT-USDT-SWAP "HTTP/2 200 OK"
2026-03-16 16:17:59,499 | INFO | HTTP Request: GET https://www.okx.com/api/v5/trade/orders-algo-pending?ordType=twap&instType=SWAP&instId=MINA-USDT-SWAP "HTTP/2 200 OK"
2026-03-16 16:17:59,765 | INFO | HTTP Request: GET https://www.okx.com/api/v5/market/candles?instId=ACT-USDT-SWAP&bar=5m&limit=89 "HTTP/2 200 OK"
2026-03-16 16:17:59,875 | INFO | HTTP Request: GET https://www.okx.com/api/v5/trade/orders-algo-pending?ordType=chase&instType=SWAP&instId=MINA-USDT-SWAP "HTTP/2 200 OK"
2026-03-16 16:17:59,911 | INFO | Placing order MINA-USDT-SWAP sell qty=23090.0
2026-03-16 16:18:00,175 | INFO | HTTP Request: GET https://www.okx.com/api/v5/market/ticker?instId=ADA-USDT-SWAP "HTTP/2 200 OK"
2026-03-16 16:18:00,276 | INFO | HTTP Request: POST https://www.okx.com/api/v5/trade/order "HTTP/2 200 OK"
2026-03-16 16:18:00,466 | INFO | HTTP Request: GET https://www.okx.com/api/v5/market/candles?instId=ADA-USDT-SWAP&bar=5m&limit=89 "HTTP/2 200 OK"
2026-03-16 16:18:00,620 | INFO | HTTP Request: GET https://www.okx.com/api/v5/account/positions?instType=SWAP "HTTP/2 200 OK"
2026-03-16 16:18:00,888 | INFO | HTTP Request: GET https://www.okx.com/api/v5/market/ticker?instId=AI16Z-USDT-SWAP "HTTP/2 200 OK"
2026-03-16 16:18:01,052 | INFO | HTTP Request: POST https://www.okx.com/api/v5/trade/cancel-algos "HTTP/2 200 OK"
2026-03-16 16:18:01,131 | INFO | HTTP Request: GET https://www.okx.com/api/v5/market/candles?instId=AI16Z-USDT-SWAP&bar=5m&limit=89 "HTTP/2 200 OK"
2026-03-16 16:18:01,358 | INFO | HTTP Request: GET https://www.okx.com/api/v5/market/candles?instId=FIL-USDT-SWAP&bar=5m&limit=26 "HTTP/2 200 OK"
2026-03-16 16:18:01,488 | INFO | HTTP Request: GET https://www.okx.com/api/v5/market/ticker?instId=AKITA-USDT-SWAP "HTTP/2 200 OK"
2026-03-16 16:18:01,585 | INFO | HTTP Request: GET https://www.okx.com/api/v5/market/candles?instId=BTC-USDT-SWAP&bar=5m&limit=64 "HTTP/2 200 OK"
2026-03-16 16:18:01,609 | INFO | HTTP Request: GET https://www.okx.com/api/v5/market/ticker?instId=FIL-USDT-SWAP "HTTP/2 200 OK"
2026-03-16 16:18:01,739 | INFO | HTTP Request: GET https://www.okx.com/api/v5/market/candles?instId=AKITA-USDT-SWAP&bar=5m&limit=89 "HTTP/2 200 OK"
2026-03-16 16:18:01,993 | INFO | HTTP Request: GET https://www.okx.com/api/v5/trade/orders-algo-pending?ordType=conditional&instType=SWAP&instId=FIL-USDT-SWAP "HTTP/2 200 OK"
2026-03-16 16:18:02,116 | INFO | HTTP Request: GET https://www.okx.com/api/v5/market/ticker?instId=ALGO-USDT-SWAP "HTTP/2 200 OK"
2026-03-16 16:18:02,400 | INFO | HTTP Request: GET https://www.okx.com/api/v5/market/candles?instId=ALGO-USDT-SWAP&bar=5m&limit=89 "HTTP/2 200 OK"
2026-03-16 16:18:02,428 | INFO | HTTP Request: GET https://www.okx.com/api/v5/trade/orders-algo-pending?ordType=oco&instType=SWAP&instId=FIL-USDT-SWAP "HTTP/2 200 OK"
2026-03-16 16:18:02,656 | INFO | HTTP Request: GET https://www.okx.com/api/v5/account/balance "HTTP/2 200 OK"
2026-03-16 16:18:02,825 | INFO | HTTP Request: GET https://www.okx.com/api/v5/market/ticker?instId=ARB-USDT-SWAP "HTTP/2 200 OK"
2026-03-16 16:18:02,827 | INFO | HTTP Request: GET https://www.okx.com/api/v5/trade/orders-algo-pending?ordType=trigger&instType=SWAP&instId=FIL-USDT-SWAP "HTTP/2 200 OK"
2026-03-16 16:18:03,098 | INFO | HTTP Request: GET https://www.okx.com/api/v5/market/candles?instId=ARB-USDT-SWAP&bar=5m&limit=89 "HTTP/2 200 OK"
2026-03-16 16:18:03,223 | INFO | HTTP Request: GET https://www.okx.com/api/v5/trade/orders-algo-pending?ordType=move_order_stop&instType=SWAP&instId=FIL-USDT-SWAP "HTTP/2 200 OK"
2026-03-16 16:18:03,606 | INFO | HTTP Request: GET https://www.okx.com/api/v5/market/ticker?instId=ASP-USDT-SWAP "HTTP/2 200 OK"
2026-03-16 16:18:03,609 | INFO | HTTP Request: GET https://www.okx.com/api/v5/trade/orders-algo-pending?ordType=iceberg&instType=SWAP&instId=FIL-USDT-SWAP "HTTP/2 200 OK"
2026-03-16 16:18:03,864 | INFO | HTTP Request: GET https://www.okx.com/api/v5/market/candles?instId=ASP-USDT-SWAP&bar=5m&limit=89 "HTTP/2 200 OK"
2026-03-16 16:18:03,992 | INFO | HTTP Request: GET https://www.okx.com/api/v5/trade/orders-algo-pending?ordType=twap&instType=SWAP&instId=FIL-USDT-SWAP "HTTP/2 200 OK"
2026-03-16 16:18:04,280 | INFO | HTTP Request: GET https://www.okx.com/api/v5/market/ticker?instId=ASTER-USDT-SWAP "HTTP/2 200 OK"
2026-03-16 16:18:04,368 | INFO | HTTP Request: GET https://www.okx.com/api/v5/trade/orders-algo-pending?ordType=chase&instType=SWAP&instId=FIL-USDT-SWAP "HTTP/2 200 OK"
2026-03-16 16:18:04,552 | INFO | HTTP Request: GET https://www.okx.com/api/v5/market/candles?instId=ASTER-USDT-SWAP&bar=5m&limit=89 "HTTP/2 200 OK"
2026-03-16 16:18:04,638 | INFO | HTTP Request: GET https://www.okx.com/api/v5/market/candles?instId=ETC-USDT-SWAP&bar=5m&limit=26 "HTTP/2 200 OK"
2026-03-16 16:18:04,944 | INFO | HTTP Request: GET https://www.okx.com/api/v5/market/ticker?instId=ETC-USDT-SWAP "HTTP/2 200 OK"
2026-03-16 16:18:05,026 | INFO | HTTP Request: GET https://www.okx.com/api/v5/market/ticker?instId=ATOM-USDT-SWAP "HTTP/2 200 OK"
2026-03-16 16:18:05,297 | INFO | HTTP Request: GET https://www.okx.com/api/v5/market/candles?instId=ATOM-USDT-SWAP&bar=5m&limit=89 "HTTP/2 200 OK"
2026-03-16 16:18:05,312 | INFO | HTTP Request: GET https://www.okx.com/api/v5/trade/orders-algo-pending?ordType=conditional&instType=SWAP&instId=ETC-USDT-SWAP "HTTP/2 200 OK"
2026-03-16 16:18:05,652 | INFO | HTTP Request: GET https://www.okx.com/api/v5/market/ticker?instId=AUCTION-USDT-SWAP "HTTP/2 200 OK"
2026-03-16 16:18:05,679 | INFO | HTTP Request: GET https://www.okx.com/api/v5/trade/orders-algo-pending?ordType=oco&instType=SWAP&instId=ETC-USDT-SWAP "HTTP/2 200 OK"
2026-03-16 16:18:05,964 | INFO | HTTP Request: GET https://www.okx.com/api/v5/market/candles?instId=AUCTION-USDT-SWAP&bar=5m&limit=89 "HTTP/2 200 OK"
2026-03-16 16:18:06,048 | INFO | HTTP Request: GET https://www.okx.com/api/v5/trade/orders-algo-pending?ordType=trigger&instType=SWAP&instId=ETC-USDT-SWAP "HTTP/2 200 OK"
2026-03-16 16:18:06,409 | INFO | HTTP Request: GET https://www.okx.com/api/v5/market/ticker?instId=AVAX-USDT-SWAP "HTTP/2 200 OK"
2026-03-16 16:18:06,456 | INFO | HTTP Request: GET https://www.okx.com/api/v5/trade/orders-algo-pending?ordType=move_order_stop&instType=SWAP&instId=ETC-USDT-SWAP "HTTP/2 200 OK"
2026-03-16 16:18:06,716 | INFO | HTTP Request: GET https://www.okx.com/api/v5/market/candles?instId=AVAX-USDT-SWAP&bar=5m&limit=89 "HTTP/2 200 OK"
2026-03-16 16:18:06,839 | INFO | HTTP Request: GET https://www.okx.com/api/v5/trade/orders-algo-pending?ordType=iceberg&instType=SWAP&instId=ETC-USDT-SWAP "HTTP/2 200 OK"
2026-03-16 16:18:07,181 | INFO | HTTP Request: GET https://www.okx.com/api/v5/market/ticker?instId=AXS-USDT-SWAP "HTTP/2 200 OK"
2026-03-16 16:18:07,249 | INFO | HTTP Request: GET https://www.okx.com/api/v5/trade/orders-algo-pending?ordType=twap&instType=SWAP&instId=ETC-USDT-SWAP "HTTP/2 200 OK"
2026-03-16 16:18:07,494 | INFO | HTTP Request: GET https://www.okx.com/api/v5/market/candles?instId=AXS-USDT-SWAP&bar=5m&limit=89 "HTTP/2 200 OK"
2026-03-16 16:18:07,674 | INFO | HTTP Request: GET https://www.okx.com/api/v5/trade/orders-algo-pending?ordType=chase&instType=SWAP&instId=ETC-USDT-SWAP "HTTP/2 200 OK"
2026-03-16 16:18:07,796 | INFO | HTTP Request: GET https://www.okx.com/api/v5/market/candles?instId=BTC-USDT-SWAP&bar=5m&limit=64 "HTTP/2 200 OK"
2026-03-16 16:18:07,855 | INFO | HTTP Request: GET https://www.okx.com/api/v5/market/ticker?instId=BCH-USDT-SWAP "HTTP/2 200 OK"
2026-03-16 16:18:08,039 | INFO | HTTP Request: GET https://www.okx.com/api/v5/account/balance "HTTP/2 200 OK"
2026-03-16 16:18:08,043 | INFO | HTTP Request: GET https://www.okx.com/api/v5/market/candles?instId=ETH-USDT-SWAP&bar=5m&limit=26 "HTTP/2 200 OK"
2026-03-16 16:18:08,146 | INFO | HTTP Request: GET https://www.okx.com/api/v5/market/candles?instId=BCH-USDT-SWAP&bar=5m&limit=89 "HTTP/2 200 OK"
2026-03-16 16:18:08,350 | INFO | HTTP Request: GET https://www.okx.com/api/v5/market/ticker?instId=ETH-USDT-SWAP "HTTP/2 200 OK"
2026-03-16 16:18:08,522 | INFO | HTTP Request: GET https://www.okx.com/api/v5/market/ticker?instId=BIO-USDT-SWAP "HTTP/2 200 OK"
2026-03-16 16:18:08,713 | INFO | HTTP Request: GET https://www.okx.com/api/v5/trade/orders-algo-pending?ordType=conditional&instType=SWAP&instId=ETH-USDT-SWAP "HTTP/2 200 OK"
2026-03-16 16:18:08,807 | INFO | HTTP Request: GET https://www.okx.com/api/v5/market/candles?instId=BIO-USDT-SWAP&bar=5m&limit=89 "HTTP/2 200 OK"
2026-03-16 16:18:09,126 | INFO | HTTP Request: GET https://www.okx.com/api/v5/trade/orders-algo-pending?ordType=oco&instType=SWAP&instId=ETH-USDT-SWAP "HTTP/2 200 OK"
2026-03-16 16:18:09,242 | INFO | HTTP Request: GET https://www.okx.com/api/v5/market/ticker?instId=BLUAI-USDT-SWAP "HTTP/2 200 OK"
2026-03-16 16:18:09,498 | INFO | HTTP Request: GET https://www.okx.com/api/v5/trade/orders-algo-pending?ordType=trigger&instType=SWAP&instId=ETH-USDT-SWAP "HTTP/2 200 OK"
2026-03-16 16:18:09,550 | INFO | HTTP Request: GET https://www.okx.com/api/v5/market/candles?instId=BLUAI-USDT-SWAP&bar=5m&limit=89 "HTTP/2 200 OK"
2026-03-16 16:18:09,920 | INFO | HTTP Request: GET https://www.okx.com/api/v5/trade/orders-algo-pending?ordType=move_order_stop&instType=SWAP&instId=ETH-USDT-SWAP "HTTP/2 200 OK"
2026-03-16 16:18:09,970 | INFO | HTTP Request: GET https://www.okx.com/api/v5/market/ticker?instId=BNB-USDT-SWAP "HTTP/2 200 OK"
2026-03-16 16:18:10,273 | INFO | HTTP Request: GET https://www.okx.com/api/v5/market/candles?instId=BNB-USDT-SWAP&bar=5m&limit=89 "HTTP/2 200 OK"
2026-03-16 16:18:10,320 | INFO | HTTP Request: GET https://www.okx.com/api/v5/trade/orders-algo-pending?ordType=iceberg&instType=SWAP&instId=ETH-USDT-SWAP "HTTP/2 200 OK"
2026-03-16 16:18:10,707 | INFO | HTTP Request: GET https://www.okx.com/api/v5/trade/orders-algo-pending?ordType=twap&instType=SWAP&instId=ETH-USDT-SWAP "HTTP/2 200 OK"
2026-03-16 16:18:10,720 | INFO | HTTP Request: GET https://www.okx.com/api/v5/market/ticker?instId=BOME-USDT-SWAP "HTTP/2 200 OK"
2026-03-16 16:18:11,056 | INFO | HTTP Request: GET https://www.okx.com/api/v5/market/candles?instId=BOME-USDT-SWAP&bar=5m&limit=89 "HTTP/2 200 OK"
2026-03-16 16:18:11,111 | INFO | HTTP Request: GET https://www.okx.com/api/v5/trade/orders-algo-pending?ordType=chase&instType=SWAP&instId=ETH-USDT-SWAP "HTTP/2 200 OK"
2026-03-16 16:18:11,412 | INFO | HTTP Request: GET https://www.okx.com/api/v5/market/ticker?instId=BRETT-USDT-SWAP "HTTP/2 200 OK"
2026-03-16 16:18:11,472 | INFO | HTTP Request: GET https://www.okx.com/api/v5/market/candles?instId=YFI-USDT-SWAP&bar=5m&limit=26 "HTTP/2 200 OK"
2026-03-16 16:18:11,711 | INFO | HTTP Request: GET https://www.okx.com/api/v5/market/candles?instId=BRETT-USDT-SWAP&bar=5m&limit=89 "HTTP/2 200 OK"
2026-03-16 16:18:11,798 | INFO | HTTP Request: GET https://www.okx.com/api/v5/market/ticker?instId=YFI-USDT-SWAP "HTTP/2 200 OK"
2026-03-16 16:18:12,077 | INFO | HTTP Request: GET https://www.okx.com/api/v5/market/ticker?instId=BTC-USDT-SWAP "HTTP/2 200 OK"
2026-03-16 16:18:12,174 | INFO | HTTP Request: GET https://www.okx.com/api/v5/trade/orders-algo-pending?ordType=conditional&instType=SWAP&instId=YFI-USDT-SWAP "HTTP/2 200 OK"
2026-03-16 16:18:12,486 | INFO | HTTP Request: GET https://www.okx.com/api/v5/market/ticker?instId=CAT-USDT-SWAP "HTTP/2 200 OK"
2026-03-16 16:18:12,553 | INFO | HTTP Request: GET https://www.okx.com/api/v5/trade/orders-algo-pending?ordType=oco&instType=SWAP&instId=YFI-USDT-SWAP "HTTP/2 200 OK"
2026-03-16 16:18:12,789 | INFO | HTTP Request: GET https://www.okx.com/api/v5/market/candles?instId=CAT-USDT-SWAP&bar=5m&limit=89 "HTTP/2 200 OK"
2026-03-16 16:18:12,948 | INFO | HTTP Request: GET https://www.okx.com/api/v5/trade/orders-algo-pending?ordType=trigger&instType=SWAP&instId=YFI-USDT-SWAP "HTTP/2 200 OK"
2026-03-16 16:18:13,207 | INFO | HTTP Request: GET https://www.okx.com/api/v5/market/ticker?instId=CELO-USDT-SWAP "HTTP/2 200 OK"
2026-03-16 16:18:13,353 | INFO | HTTP Request: GET https://www.okx.com/api/v5/account/balance "HTTP/2 200 OK"
2026-03-16 16:18:13,360 | INFO | HTTP Request: GET https://www.okx.com/api/v5/trade/orders-algo-pending?ordType=move_order_stop&instType=SWAP&instId=YFI-USDT-SWAP "HTTP/2 200 OK"
2026-03-16 16:18:13,512 | INFO | HTTP Request: GET https://www.okx.com/api/v5/market/candles?instId=CELO-USDT-SWAP&bar=5m&limit=89 "HTTP/2 200 OK"
2026-03-16 16:18:13,726 | INFO | HTTP Request: GET https://www.okx.com/api/v5/trade/orders-algo-pending?ordType=iceberg&instType=SWAP&instId=YFI-USDT-SWAP "HTTP/2 200 OK"
2026-03-16 16:18:14,007 | INFO | HTTP Request: GET https://www.okx.com/api/v5/market/ticker?instId=CFX-USDT-SWAP "HTTP/2 200 OK"
2026-03-16 16:18:14,044 | INFO | HTTP Request: GET https://www.okx.com/api/v5/market/candles?instId=BTC-USDT-SWAP&bar=5m&limit=64 "HTTP/2 200 OK"
2026-03-16 16:18:14,147 | INFO | HTTP Request: GET https://www.okx.com/api/v5/trade/orders-algo-pending?ordType=twap&instType=SWAP&instId=YFI-USDT-SWAP "HTTP/2 200 OK"
2026-03-16 16:18:14,243 | INFO | HTTP Request: GET https://www.okx.com/api/v5/market/candles?instId=CFX-USDT-SWAP&bar=5m&limit=89 "HTTP/2 200 OK"
2026-03-16 16:18:14,517 | INFO | HTTP Request: GET https://www.okx.com/api/v5/trade/orders-algo-pending?ordType=chase&instType=SWAP&instId=YFI-USDT-SWAP "HTTP/2 200 OK"
2026-03-16 16:18:14,623 | INFO | HTTP Request: GET https://www.okx.com/api/v5/market/ticker?instId=CHZ-USDT-SWAP "HTTP/2 200 OK"
2026-03-16 16:18:14,862 | INFO | HTTP Request: GET https://www.okx.com/api/v5/market/candles?instId=CRO-USDT-SWAP&bar=5m&limit=26 "HTTP/2 200 OK"
2026-03-16 16:18:14,963 | INFO | HTTP Request: GET https://www.okx.com/api/v5/market/candles?instId=CHZ-USDT-SWAP&bar=5m&limit=89 "HTTP/2 200 OK"
2026-03-16 16:18:15,115 | INFO | HTTP Request: GET https://www.okx.com/api/v5/market/ticker?instId=CRO-USDT-SWAP "HTTP/2 200 OK"
2026-03-16 16:18:15,119 | INFO | Closing position CRO-USDT-SWAP. Локальный защитный выход 2.0N
2026-03-16 16:18:15,336 | INFO | HTTP Request: GET https://www.okx.com/api/v5/market/ticker?instId=COAI-USDT-SWAP "HTTP/2 200 OK"
2026-03-16 16:18:15,486 | INFO | HTTP Request: POST https://www.okx.com/api/v5/trade/close-position "HTTP/2 200 OK"
2026-03-16 16:18:15,489 | WARNING | Failed to load json context : [Errno 13] Permission denied: '.'
2026-03-16 16:18:15,709 | INFO | HTTP Request: GET https://www.okx.com/api/v5/market/candles?instId=COAI-USDT-SWAP&bar=5m&limit=89 "HTTP/2 200 OK"
2026-03-16 16:18:15,814 | INFO | HTTP Request: GET https://www.okx.com/api/v5/market/candles?instId=CRO-USDT-SWAP&bar=5m&limit=97 "HTTP/2 200 OK"
2026-03-16 16:18:16,080 | INFO | HTTP Request: GET https://www.okx.com/api/v5/market/ticker?instId=COMP-USDT-SWAP "HTTP/2 200 OK"
2026-03-16 16:18:16,129 | INFO | HTTP Request: GET https://www.okx.com/api/v5/market/candles?instId=BREV-USDT-SWAP&bar=5m&limit=26 "HTTP/2 200 OK"
2026-03-16 16:18:16,355 | INFO | HTTP Request: GET https://www.okx.com/api/v5/market/candles?instId=COMP-USDT-SWAP&bar=5m&limit=89 "HTTP/2 200 OK"
2026-03-16 16:18:16,377 | INFO | HTTP Request: GET https://www.okx.com/api/v5/market/ticker?instId=BREV-USDT-SWAP "HTTP/2 200 OK"
2026-03-16 16:18:16,383 | INFO | Placing exchange stop BREV-USDT-SWAP long payload={'instId': 'BREV-USDT-SWAP', 'tdMode': 'isolated', 'side': 'sell', 'posSide': 'net', 'ordType': 'conditional', 'sz': '120000', 'slTriggerPx': '1.008904996667', 'slOrdPx': '-1'}
2026-03-16 16:18:16,727 | INFO | HTTP Request: GET https://www.okx.com/api/v5/market/ticker?instId=CRV-USDT-SWAP "HTTP/2 200 OK"
2026-03-16 16:18:16,739 | INFO | HTTP Request: POST https://www.okx.com/api/v5/trade/order-algo "HTTP/2 200 OK"
2026-03-16 16:18:17,022 | INFO | HTTP Request: GET https://www.okx.com/api/v5/market/candles?instId=CRV-USDT-SWAP&bar=5m&limit=89 "HTTP/2 200 OK"
2026-03-16 16:18:17,112 | INFO | HTTP Request: POST https://www.okx.com/api/v5/trade/cancel-algos "HTTP/2 200 OK"
2026-03-16 16:18:17,148 | INFO | Closing position BREV-USDT-SWAP. Защита тренда: откат от пика 24895003333.33R → 3695003333.33R
2026-03-16 16:18:17,468 | INFO | HTTP Request: GET https://www.okx.com/api/v5/market/ticker?instId=DOT-USDT-SWAP "HTTP/2 200 OK"
2026-03-16 16:18:17,518 | INFO | HTTP Request: POST https://www.okx.com/api/v5/trade/close-position "HTTP/2 200 OK"
2026-03-16 16:18:17,521 | WARNING | Failed to load json context : [Errno 13] Permission denied: '.'
2026-03-16 16:18:17,717 | INFO | HTTP Request: GET https://www.okx.com/api/v5/market/candles?instId=DOT-USDT-SWAP&bar=5m&limit=89 "HTTP/2 200 OK"
2026-03-16 16:18:17,825 | INFO | HTTP Request: GET https://www.okx.com/api/v5/market/candles?instId=BREV-USDT-SWAP&bar=5m&limit=97 "HTTP/2 200 OK"
2026-03-16 16:18:18,149 | INFO | HTTP Request: GET https://www.okx.com/api/v5/market/candles?instId=DOGE-USDT-SWAP&bar=5m&limit=26 "HTTP/2 200 OK"
2026-03-16 16:18:18,172 | INFO | HTTP Request: GET https://www.okx.com/api/v5/market/ticker?instId=ENA-USDT-SWAP "HTTP/2 200 OK"
2026-03-16 16:18:18,385 | INFO | HTTP Request: GET https://www.okx.com/api/v5/market/ticker?instId=DOGE-USDT-SWAP "HTTP/2 200 OK"
2026-03-16 16:18:18,480 | INFO | HTTP Request: GET https://www.okx.com/api/v5/market/candles?instId=ENA-USDT-SWAP&bar=5m&limit=89 "HTTP/2 200 OK"
2026-03-16 16:18:18,679 | INFO | HTTP Request: GET https://www.okx.com/api/v5/account/balance "HTTP/2 200 OK"
2026-03-16 16:18:18,754 | INFO | HTTP Request: POST https://www.okx.com/api/v5/trade/cancel-algos "HTTP/2 200 OK"
2026-03-16 16:18:18,796 | INFO | Closing position DOGE-USDT-SWAP. ATR стоп 2.0N
2026-03-16 16:18:18,858 | INFO | HTTP Request: GET https://www.okx.com/api/v5/market/ticker?instId=EOS-USDT-SWAP "HTTP/2 200 OK"
2026-03-16 16:18:19,171 | INFO | HTTP Request: POST https://www.okx.com/api/v5/trade/close-position "HTTP/2 200 OK"
2026-03-16 16:18:19,205 | INFO | HTTP Request: GET https://www.okx.com/api/v5/market/candles?instId=EOS-USDT-SWAP&bar=5m&limit=89 "HTTP/2 200 OK"
2026-03-16 16:18:19,459 | INFO | HTTP Request: GET https://www.okx.com/api/v5/market/candles?instId=DOGE-USDT-SWAP&bar=5m&limit=97 "HTTP/2 200 OK"
2026-03-16 16:18:19,579 | INFO | HTTP Request: GET https://www.okx.com/api/v5/market/ticker?instId=ETHFI-USDT-SWAP "HTTP/2 200 OK"
2026-03-16 16:18:19,763 | INFO | HTTP Request: GET https://www.okx.com/api/v5/market/candles?instId=BTC-USDT-SWAP&bar=5m&limit=64 "HTTP/2 200 OK"
2026-03-16 16:18:19,890 | INFO | HTTP Request: GET https://www.okx.com/api/v5/market/candles?instId=ETHFI-USDT-SWAP&bar=5m&limit=89 "HTTP/2 200 OK"
2026-03-16 16:18:20,019 | INFO | HTTP Request: GET https://www.okx.com/api/v5/market/candles?instId=YGG-USDT-SWAP&bar=5m&limit=26 "HTTP/2 200 OK"
2026-03-16 16:18:20,262 | INFO | HTTP Request: GET https://www.okx.com/api/v5/market/ticker?instId=ETHW-USDT-SWAP "HTTP/2 200 OK"
2026-03-16 16:18:20,320 | INFO | HTTP Request: GET https://www.okx.com/api/v5/market/ticker?instId=YGG-USDT-SWAP "HTTP/2 200 OK"
2026-03-16 16:18:20,635 | INFO | HTTP Request: GET https://www.okx.com/api/v5/market/candles?instId=ETHW-USDT-SWAP&bar=5m&limit=89 "HTTP/2 200 OK"
2026-03-16 16:18:21,091 | INFO | HTTP Request: GET https://www.okx.com/api/v5/market/ticker?instId=FLOKI-USDT-SWAP "HTTP/2 200 OK"
2026-03-16 16:18:21,371 | INFO | HTTP Request: GET https://www.okx.com/api/v5/market/candles?instId=FLOKI-USDT-SWAP&bar=5m&limit=89 "HTTP/2 200 OK"
2026-03-16 16:18:21,823 | INFO | HTTP Request: GET https://www.okx.com/api/v5/market/ticker?instId=GMT-USDT-SWAP "HTTP/2 200 OK"
2026-03-16 16:18:22,074 | INFO | HTTP Request: GET https://www.okx.com/api/v5/market/candles?instId=GMT-USDT-SWAP&bar=5m&limit=89 "HTTP/2 200 OK"
2026-03-16 16:18:22,434 | INFO | HTTP Request: GET https://www.okx.com/api/v5/market/ticker?instId=H-USDT-SWAP "HTTP/2 200 OK"
2026-03-16 16:18:22,728 | INFO | HTTP Request: GET https://www.okx.com/api/v5/market/candles?instId=H-USDT-SWAP&bar=5m&limit=89 "HTTP/2 200 OK"
2026-03-16 16:18:23,083 | INFO | HTTP Request: GET https://www.okx.com/api/v5/market/ticker?instId=HBAR-USDT-SWAP "HTTP/2 200 OK"
2026-03-16 16:18:23,382 | INFO | HTTP Request: GET https://www.okx.com/api/v5/market/candles?instId=HBAR-USDT-SWAP&bar=5m&limit=89 "HTTP/2 200 OK"
2026-03-16 16:18:23,834 | INFO | HTTP Request: GET https://www.okx.com/api/v5/market/ticker?instId=HMSTR-USDT-SWAP "HTTP/2 200 OK"
2026-03-16 16:18:24,009 | INFO | HTTP Request: GET https://www.okx.com/api/v5/account/balance "HTTP/2 200 OK"
2026-03-16 16:18:24,082 | INFO | HTTP Request: GET https://www.okx.com/api/v5/market/candles?instId=HMSTR-USDT-SWAP&bar=5m&limit=89 "HTTP/2 200 OK"
2026-03-16 16:18:24,438 | INFO | HTTP Request: GET https://www.okx.com/api/v5/market/ticker?instId=HOME-USDT-SWAP "HTTP/2 200 OK"
2026-03-16 16:18:24,734 | INFO | HTTP Request: GET https://www.okx.com/api/v5/market/candles?instId=HOME-USDT-SWAP&bar=5m&limit=89 "HTTP/2 200 OK"
2026-03-16 16:18:25,104 | INFO | HTTP Request: GET https://www.okx.com/api/v5/market/ticker?instId=ICP-USDT-SWAP "HTTP/2 200 OK"
2026-03-16 16:18:25,453 | INFO | HTTP Request: GET https://www.okx.com/api/v5/market/candles?instId=ICP-USDT-SWAP&bar=5m&limit=89 "HTTP/2 200 OK"
2026-03-16 16:18:25,827 | INFO | HTTP Request: GET https://www.okx.com/api/v5/market/ticker?instId=IMX-USDT-SWAP "HTTP/2 200 OK"
2026-03-16 16:18:26,101 | INFO | HTTP Request: GET https://www.okx.com/api/v5/market/candles?instId=IMX-USDT-SWAP&bar=5m&limit=89 "HTTP/2 200 OK"
2026-03-16 16:18:26,600 | INFO | HTTP Request: GET https://www.okx.com/api/v5/market/ticker?instId=INJ-USDT-SWAP "HTTP/2 200 OK"
2026-03-16 16:18:26,844 | INFO | HTTP Request: GET https://www.okx.com/api/v5/market/candles?instId=INJ-USDT-SWAP&bar=5m&limit=89 "HTTP/2 200 OK"
2026-03-16 16:18:27,464 | INFO | HTTP Request: GET https://www.okx.com/api/v5/market/candles?instId=BTC-USDT-SWAP&bar=5m&limit=64 "HTTP/2 200 OK"
2026-03-16 16:18:28,304 | INFO | HTTP Request: GET https://www.okx.com/api/v5/market/ticker?instId=IOTA-USDT-SWAP "HTTP/2 200 OK"
2026-03-16 16:18:28,542 | INFO | HTTP Request: GET https://www.okx.com/api/v5/market/candles?instId=IOTA-USDT-SWAP&bar=5m&limit=89 "HTTP/2 200 OK"
2026-03-16 16:18:30,372 | ERROR | Ошибка в цикле стратегии: The read operation timed out
Traceback (most recent call last):
  File "C:\Users\Home\AppData\Local\Python\pythoncore-3.14-64\Lib\site-packages\httpx\_transports\default.py", line 101, in map_httpcore_exceptions
    yield
  File "C:\Users\Home\AppData\Local\Python\pythoncore-3.14-64\Lib\site-packages\httpx\_transports\default.py", line 250, in handle_request
    resp = self._pool.handle_request(req)
  File "C:\Users\Home\AppData\Local\Python\pythoncore-3.14-64\Lib\site-packages\httpcore\_sync\connection_pool.py", line 256, in handle_request
    raise exc from None
  File "C:\Users\Home\AppData\Local\Python\pythoncore-3.14-64\Lib\site-packages\httpcore\_sync\connection_pool.py", line 236, in handle_request
    response = connection.handle_request(
        pool_request.request
    )
  File "C:\Users\Home\AppData\Local\Python\pythoncore-3.14-64\Lib\site-packages\httpcore\_sync\connection.py", line 103, in handle_request
    return self._connection.handle_request(request)
           ~~~~~~~~~~~~~~~~~~~~~~~~~~~~~~~^^^^^^^^^
  File "C:\Users\Home\AppData\Local\Python\pythoncore-3.14-64\Lib\site-packages\httpcore\_sync\http2.py", line 187, in handle_request
    raise exc
  File "C:\Users\Home\AppData\Local\Python\pythoncore-3.14-64\Lib\site-packages\httpcore\_sync\http2.py", line 150, in handle_request
    status, headers = self._receive_response(
                      ~~~~~~~~~~~~~~~~~~~~~~^
        request=request, stream_id=stream_id
        ^^^^^^^^^^^^^^^^^^^^^^^^^^^^^^^^^^^^
    )
    ^
  File "C:\Users\Home\AppData\Local\Python\pythoncore-3.14-64\Lib\site-packages\httpcore\_sync\http2.py", line 294, in _receive_response
    event = self._receive_stream_event(request, stream_id)
  File "C:\Users\Home\AppData\Local\Python\pythoncore-3.14-64\Lib\site-packages\httpcore\_sync\http2.py", line 336, in _receive_stream_event
    self._receive_events(request, stream_id)
    ~~~~~~~~~~~~~~~~~~~~^^^^^^^^^^^^^^^^^^^^
  File "C:\Users\Home\AppData\Local\Python\pythoncore-3.14-64\Lib\site-packages\httpcore\_sync\http2.py", line 364, in _receive_events
    events = self._read_incoming_data(request)
  File "C:\Users\Home\AppData\Local\Python\pythoncore-3.14-64\Lib\site-packages\httpcore\_sync\http2.py", line 438, in _read_incoming_data
    raise self._read_exception  # pragma: nocover
    ^^^^^^^^^^^^^^^^^^^^^^^^^^
  File "C:\Users\Home\AppData\Local\Python\pythoncore-3.14-64\Lib\site-packages\httpx\_transports\default.py", line 101, in map_httpcore_exceptions
    yield
  File "C:\Users\Home\AppData\Local\Python\pythoncore-3.14-64\Lib\site-packages\httpx\_transports\default.py", line 250, in handle_request
    resp = self._pool.handle_request(req)
  File "C:\Users\Home\AppData\Local\Python\pythoncore-3.14-64\Lib\site-packages\httpcore\_sync\connection_pool.py", line 256, in handle_request
    raise exc from None
  File "C:\Users\Home\AppData\Local\Python\pythoncore-3.14-64\Lib\site-packages\httpcore\_sync\connection_pool.py", line 236, in handle_request
    response = connection.handle_request(
        pool_request.request
    )
  File "C:\Users\Home\AppData\Local\Python\pythoncore-3.14-64\Lib\site-packages\httpcore\_sync\connection.py", line 103, in handle_request
    return self._connection.handle_request(request)
           ~~~~~~~~~~~~~~~~~~~~~~~~~~~~~~~^^^^^^^^^
  File "C:\Users\Home\AppData\Local\Python\pythoncore-3.14-64\Lib\site-packages\httpcore\_sync\http2.py", line 187, in handle_request
    raise exc
  File "C:\Users\Home\AppData\Local\Python\pythoncore-3.14-64\Lib\site-packages\httpcore\_sync\http2.py", line 150, in handle_request
    status, headers = self._receive_response(
                      ~~~~~~~~~~~~~~~~~~~~~~^
        request=request, stream_id=stream_id
        ^^^^^^^^^^^^^^^^^^^^^^^^^^^^^^^^^^^^
    )
    ^
  File "C:\Users\Home\AppData\Local\Python\pythoncore-3.14-64\Lib\site-packages\httpcore\_sync\http2.py", line 294, in _receive_response
    event = self._receive_stream_event(request, stream_id)
  File "C:\Users\Home\AppData\Local\Python\pythoncore-3.14-64\Lib\site-packages\httpcore\_sync\http2.py", line 336, in _receive_stream_event
    self._receive_events(request, stream_id)
    ~~~~~~~~~~~~~~~~~~~~^^^^^^^^^^^^^^^^^^^^
  File "C:\Users\Home\AppData\Local\Python\pythoncore-3.14-64\Lib\site-packages\httpcore\_sync\http2.py", line 364, in _receive_events
    events = self._read_incoming_data(request)
  File "C:\Users\Home\AppData\Local\Python\pythoncore-3.14-64\Lib\site-packages\httpcore\_sync\http2.py", line 455, in _read_incoming_data
    raise exc
  File "C:\Users\Home\AppData\Local\Python\pythoncore-3.14-64\Lib\site-packages\httpcore\_sync\http2.py", line 441, in _read_incoming_data
    data = self._network_stream.read(self.READ_NUM_BYTES, timeout)
  File "C:\Users\Home\AppData\Local\Python\pythoncore-3.14-64\Lib\site-packages\httpcore\_backends\sync.py", line 126, in read
    with map_exceptions(exc_map):
         ~~~~~~~~~~~~~~^^^^^^^^^
  File "C:\Users\Home\AppData\Local\Python\pythoncore-3.14-64\Lib\contextlib.py", line 162, in __exit__
    self.gen.throw(value)
    ~~~~~~~~~~~~~~^^^^^^^
  File "C:\Users\Home\AppData\Local\Python\pythoncore-3.14-64\Lib\site-packages\httpcore\_exceptions.py", line 14, in map_exceptions
    raise to_exc(exc) from exc
httpcore.ReadTimeout: The read operation timed out

The above exception was the direct cause of the following exception:

Traceback (most recent call last):
  File "D:\GIT\okx-trading-bot\v08x\084_9\084_1\main_v084_9_1.py", line 2575, in run_loop
    self.sync_positions_from_exchange()
    ~~~~~~~~~~~~~~~~~~~~~~~~~~~~~~~~~^^
  File "D:\GIT\okx-trading-bot\v08x\084_9\084_1\main_v084_9_1.py", line 2600, in sync_positions_from_exchange
    exchange_positions = self.gateway.get_positions()
  File "D:\GIT\okx-trading-bot\v08x\084_9\084_1\okx_gateway.py", line 48, in get_positions
    resp = self.account_api.get_positions(instType="SWAP")
  File "C:\Users\Home\AppData\Local\Python\pythoncore-3.14-64\Lib\site-packages\okx\Account.py", line 28, in get_positions
    return self._request_with_params(GET, POSITION_INFO, params)
           ~~~~~~~~~~~~~~~~~~~~~~~~~^^^^^^^^^^^^^^^^^^^^^^^^^^^^
  File "C:\Users\Home\AppData\Local\Python\pythoncore-3.14-64\Lib\site-packages\okx\okxclient.py", line 64, in _request_with_params
    return self._request(method, request_path, params)
           ~~~~~~~~~~~~~^^^^^^^^^^^^^^^^^^^^^^^^^^^^^^
  File "C:\Users\Home\AppData\Local\Python\pythoncore-3.14-64\Lib\site-packages\okx\okxclient.py", line 55, in _request
    response = self.get(request_path, headers=header)
  File "C:\Users\Home\AppData\Local\Python\pythoncore-3.14-64\Lib\site-packages\httpx\_client.py", line 1053, in get
    return self.request(
           ~~~~~~~~~~~~^
        "GET",
        ^^^^^^
    ...<7 lines>...
        extensions=extensions,
        ^^^^^^^^^^^^^^^^^^^^^^
    )
    ^
  File "C:\Users\Home\AppData\Local\Python\pythoncore-3.14-64\Lib\site-packages\httpx\_client.py", line 825, in request
    return self.send(request, auth=auth, follow_redirects=follow_redirects)
           ~~~~~~~~~^^^^^^^^^^^^^^^^^^^^^^^^^^^^^^^^^^^^^^^^^^^^^^^^^^^^^^^
  File "C:\Users\Home\AppData\Local\Python\pythoncore-3.14-64\Lib\site-packages\httpx\_client.py", line 914, in send
    response = self._send_handling_auth(
        request,
    ...<2 lines>...
        history=[],
    )
  File "C:\Users\Home\AppData\Local\Python\pythoncore-3.14-64\Lib\site-packages\httpx\_client.py", line 942, in _send_handling_auth
    response = self._send_handling_redirects(
        request,
        follow_redirects=follow_redirects,
        history=history,
    )
  File "C:\Users\Home\AppData\Local\Python\pythoncore-3.14-64\Lib\site-packages\httpx\_client.py", line 979, in _send_handling_redirects
    response = self._send_single_request(request)
  File "C:\Users\Home\AppData\Local\Python\pythoncore-3.14-64\Lib\site-packages\httpx\_client.py", line 1014, in _send_single_request
    response = transport.handle_request(request)
  File "C:\Users\Home\AppData\Local\Python\pythoncore-3.14-64\Lib\site-packages\httpx\_transports\default.py", line 249, in handle_request
    with map_httpcore_exceptions():
         ~~~~~~~~~~~~~~~~~~~~~~~^^
  File "C:\Users\Home\AppData\Local\Python\pythoncore-3.14-64\Lib\contextlib.py", line 162, in __exit__
    self.gen.throw(value)
    ~~~~~~~~~~~~~~^^^^^^^
  File "C:\Users\Home\AppData\Local\Python\pythoncore-3.14-64\Lib\site-packages\httpx\_transports\default.py", line 118, in map_httpcore_exceptions
    raise mapped_exc(message) from exc
httpx.ReadTimeout: The read operation timed out
2026-03-16 16:18:30,373 | WARNING | Balance poller failed: The read operation timed out
2026-03-16 16:18:31,051 | INFO | HTTP Request: GET https://www.okx.com/api/v5/market/ticker?instId=JUP-USDT-SWAP "HTTP/2 200 OK"
2026-03-16 16:18:31,402 | INFO | HTTP Request: GET https://www.okx.com/api/v5/market/candles?instId=JUP-USDT-SWAP&bar=5m&limit=89 "HTTP/2 200 OK"
2026-03-16 16:18:31,774 | INFO | HTTP Request: GET https://www.okx.com/api/v5/market/ticker?instId=KAITO-USDT-SWAP "HTTP/2 200 OK"
2026-03-16 16:18:32,063 | INFO | HTTP Request: GET https://www.okx.com/api/v5/market/candles?instId=KAITO-USDT-SWAP&bar=5m&limit=89 "HTTP/2 200 OK"
2026-03-16 16:18:32,470 | INFO | HTTP Request: GET https://www.okx.com/api/v5/market/ticker?instId=KSM-USDT-SWAP "HTTP/2 200 OK"
2026-03-16 16:18:32,769 | INFO | HTTP Request: GET https://www.okx.com/api/v5/market/candles?instId=KSM-USDT-SWAP&bar=5m&limit=89 "HTTP/2 200 OK"
2026-03-16 16:18:32,795 | INFO | HTTP Request: GET https://www.okx.com/api/v5/market/candles?instId=BTC-USDT-SWAP&bar=5m&limit=64 "HTTP/2 200 OK"
2026-03-16 16:18:33,244 | INFO | HTTP Request: GET https://www.okx.com/api/v5/market/ticker?instId=LDO-USDT-SWAP "HTTP/2 200 OK"
2026-03-16 16:18:34,481 | INFO | HTTP Request: GET https://www.okx.com/api/v5/market/candles?instId=LDO-USDT-SWAP&bar=5m&limit=89 "HTTP/2 200 OK"
2026-03-16 16:18:34,843 | INFO | HTTP Request: GET https://www.okx.com/api/v5/market/ticker?instId=LINEA-USDT-SWAP "HTTP/2 200 OK"
2026-03-16 16:18:35,134 | INFO | HTTP Request: GET https://www.okx.com/api/v5/market/candles?instId=LINEA-USDT-SWAP&bar=5m&limit=89 "HTTP/2 200 OK"
2026-03-16 16:18:35,585 | INFO | HTTP Request: GET https://www.okx.com/api/v5/market/ticker?instId=LINK-USDT-SWAP "HTTP/2 200 OK"
2026-03-16 16:18:35,849 | INFO | HTTP Request: GET https://www.okx.com/api/v5/account/positions?instType=SWAP "HTTP/2 200 OK"
2026-03-16 16:18:35,862 | INFO | HTTP Request: GET https://www.okx.com/api/v5/market/candles?instId=LINK-USDT-SWAP&bar=5m&limit=89 "HTTP/2 200 OK"
2026-03-16 16:18:35,884 | INFO | HTTP Request: GET https://www.okx.com/api/v5/account/balance "HTTP/2 200 OK"
2026-03-16 16:18:36,149 | INFO | HTTP Request: GET https://www.okx.com/api/v5/market/candles?instId=CRO-USDT-SWAP&bar=5m&limit=26 "HTTP/2 200 OK"
2026-03-16 16:18:36,389 | INFO | HTTP Request: GET https://www.okx.com/api/v5/market/ticker?instId=LIT-USDT-SWAP "HTTP/2 200 OK"
2026-03-16 16:18:36,520 | INFO | HTTP Request: GET https://www.okx.com/api/v5/market/candles?instId=BREV-USDT-SWAP&bar=5m&limit=26 "HTTP/2 200 OK"
2026-03-16 16:18:36,627 | INFO | HTTP Request: GET https://www.okx.com/api/v5/market/candles?instId=LIT-USDT-SWAP&bar=5m&limit=89 "HTTP/2 200 OK"
2026-03-16 16:18:36,761 | INFO | HTTP Request: GET https://www.okx.com/api/v5/market/candles?instId=1INCH-USDT-SWAP&bar=5m&limit=71 "HTTP/2 200 OK"
2026-03-16 16:18:36,989 | INFO | HTTP Request: GET https://www.okx.com/api/v5/market/ticker?instId=LPT-USDT-SWAP "HTTP/2 200 OK"
2026-03-16 16:18:37,011 | INFO | HTTP Request: GET https://www.okx.com/api/v5/market/candles?instId=2Z-USDT-SWAP&bar=5m&limit=71 "HTTP/2 200 OK"
2026-03-16 16:18:37,271 | INFO | HTTP Request: GET https://www.okx.com/api/v5/market/candles?instId=LPT-USDT-SWAP&bar=5m&limit=89 "HTTP/2 200 OK"
2026-03-16 16:18:37,321 | INFO | HTTP Request: GET https://www.okx.com/api/v5/market/candles?instId=A-USDT-SWAP&bar=5m&limit=71 "HTTP/2 200 OK"
2026-03-16 16:18:37,577 | INFO | HTTP Request: GET https://www.okx.com/api/v5/market/candles?instId=AAVE-USDT-SWAP&bar=5m&limit=71 "HTTP/2 200 OK"
2026-03-16 16:18:37,696 | INFO | HTTP Request: GET https://www.okx.com/api/v5/market/ticker?instId=LQTY-USDT-SWAP "HTTP/2 200 OK"
2026-03-16 16:18:37,829 | INFO | HTTP Request: GET https://www.okx.com/api/v5/market/candles?instId=ACT-USDT-SWAP&bar=5m&limit=71 "HTTP/2 200 OK"
2026-03-16 16:18:37,948 | INFO | HTTP Request: GET https://www.okx.com/api/v5/market/candles?instId=LQTY-USDT-SWAP&bar=5m&limit=89 "HTTP/2 200 OK"
2026-03-16 16:18:38,197 | INFO | HTTP Request: GET https://www.okx.com/api/v5/market/candles?instId=ADA-USDT-SWAP&bar=5m&limit=71 "HTTP/2 200 OK"
2026-03-16 16:18:38,320 | INFO | HTTP Request: GET https://www.okx.com/api/v5/market/ticker?instId=LRC-USDT-SWAP "HTTP/2 200 OK"
2026-03-16 16:18:38,530 | INFO | HTTP Request: GET https://www.okx.com/api/v5/market/candles?instId=AI16Z-USDT-SWAP&bar=5m&limit=71 "HTTP/2 200 OK"
2026-03-16 16:18:38,568 | INFO | HTTP Request: GET https://www.okx.com/api/v5/market/candles?instId=LRC-USDT-SWAP&bar=5m&limit=89 "HTTP/2 200 OK"
2026-03-16 16:18:38,790 | INFO | HTTP Request: GET https://www.okx.com/api/v5/market/candles?instId=AKITA-USDT-SWAP&bar=5m&limit=71 "HTTP/2 200 OK"
2026-03-16 16:18:39,006 | INFO | HTTP Request: GET https://www.okx.com/api/v5/market/ticker?instId=LTC-USDT-SWAP "HTTP/2 200 OK"
2026-03-16 16:18:39,040 | INFO | HTTP Request: GET https://www.okx.com/api/v5/market/candles?instId=BTC-USDT-SWAP&bar=5m&limit=64 "HTTP/2 200 OK"
2026-03-16 16:18:39,142 | INFO | HTTP Request: GET https://www.okx.com/api/v5/market/candles?instId=ALGO-USDT-SWAP&bar=5m&limit=71 "HTTP/2 200 OK"
2026-03-16 16:18:39,357 | INFO | HTTP Request: GET https://www.okx.com/api/v5/market/candles?instId=LTC-USDT-SWAP&bar=5m&limit=89 "HTTP/2 200 OK"
2026-03-16 16:18:39,787 | INFO | HTTP Request: GET https://www.okx.com/api/v5/market/ticker?instId=MAGIC-USDT-SWAP "HTTP/2 200 OK"
2026-03-16 16:18:40,089 | INFO | HTTP Request: GET https://www.okx.com/api/v5/market/candles?instId=MAGIC-USDT-SWAP&bar=5m&limit=89 "HTTP/2 200 OK"
2026-03-16 16:18:40,450 | INFO | HTTP Request: GET https://www.okx.com/api/v5/market/ticker?instId=MAJOR-USDT-SWAP "HTTP/2 200 OK"
2026-03-16 16:18:40,758 | INFO | HTTP Request: GET https://www.okx.com/api/v5/market/candles?instId=MAJOR-USDT-SWAP&bar=5m&limit=89 "HTTP/2 200 OK"
2026-03-16 16:18:41,175 | INFO | HTTP Request: GET https://www.okx.com/api/v5/market/ticker?instId=MASK-USDT-SWAP "HTTP/2 200 OK"
2026-03-16 16:18:41,214 | INFO | HTTP Request: GET https://www.okx.com/api/v5/account/balance "HTTP/2 200 OK"
2026-03-16 16:18:41,461 | INFO | HTTP Request: GET https://www.okx.com/api/v5/market/candles?instId=MASK-USDT-SWAP&bar=5m&limit=89 "HTTP/2 200 OK"
2026-03-16 16:18:41,836 | INFO | HTTP Request: GET https://www.okx.com/api/v5/market/ticker?instId=MET-USDT-SWAP "HTTP/2 200 OK"
2026-03-16 16:18:43,086 | INFO | HTTP Request: GET https://www.okx.com/api/v5/market/candles?instId=MET-USDT-SWAP&bar=5m&limit=89 "HTTP/2 200 OK"
2026-03-16 16:18:43,464 | INFO | HTTP Request: GET https://www.okx.com/api/v5/market/ticker?instId=MKR-USDT-SWAP "HTTP/2 200 OK"
2026-03-16 16:18:43,744 | INFO | HTTP Request: GET https://www.okx.com/api/v5/market/candles?instId=MKR-USDT-SWAP&bar=5m&limit=89 "HTTP/2 200 OK"
2026-03-16 16:18:44,219 | INFO | HTTP Request: GET https://www.okx.com/api/v5/market/ticker?instId=MUBARAK-USDT-SWAP "HTTP/2 200 OK"
2026-03-16 16:18:44,583 | INFO | HTTP Request: GET https://www.okx.com/api/v5/market/candles?instId=MUBARAK-USDT-SWAP&bar=5m&limit=89 "HTTP/2 200 OK"
2026-03-16 16:18:47,012 | INFO | HTTP Request: GET https://www.okx.com/api/v5/market/candles?instId=BTC-USDT-SWAP&bar=5m&limit=64 "HTTP/2 200 OK"
2026-03-16 16:18:51,583 | INFO | HTTP Request: GET https://www.okx.com/api/v5/market/candles?instId=BTC-USDT-SWAP&bar=5m&limit=64 "HTTP/2 200 OK"
2026-03-16 16:18:53,587 | INFO | HTTP Request: GET https://www.okx.com/api/v5/market/ticker?instId=NEAR-USDT-SWAP "HTTP/2 200 OK"
2026-03-16 16:18:53,939 | INFO | HTTP Request: GET https://www.okx.com/api/v5/market/candles?instId=NEAR-USDT-SWAP&bar=5m&limit=89 "HTTP/2 200 OK"
2026-03-16 16:18:54,299 | INFO | HTTP Request: GET https://www.okx.com/api/v5/market/ticker?instId=NEO-USDT-SWAP "HTTP/2 200 OK"
2026-03-16 16:18:54,712 | INFO | HTTP Request: GET https://www.okx.com/api/v5/market/candles?instId=NEO-USDT-SWAP&bar=5m&limit=89 "HTTP/2 200 OK"
2026-03-16 16:18:55,121 | INFO | HTTP Request: GET https://www.okx.com/api/v5/market/ticker?instId=NOT-USDT-SWAP "HTTP/2 200 OK"
2026-03-16 16:18:55,394 | INFO | HTTP Request: GET https://www.okx.com/api/v5/market/candles?instId=NOT-USDT-SWAP&bar=5m&limit=89 "HTTP/2 200 OK"
2026-03-16 16:18:55,820 | INFO | HTTP Request: GET https://www.okx.com/api/v5/market/ticker?instId=OP-USDT-SWAP "HTTP/2 200 OK"
2026-03-16 16:18:56,122 | INFO | HTTP Request: GET https://www.okx.com/api/v5/market/candles?instId=OP-USDT-SWAP&bar=5m&limit=89 "HTTP/2 200 OK"
2026-03-16 16:18:56,260 | INFO | HTTP Request: GET https://www.okx.com/api/v5/market/candles?instId=BTC-USDT-SWAP&bar=5m&limit=64 "HTTP/2 200 OK"
2026-03-16 16:18:56,547 | INFO | HTTP Request: GET https://www.okx.com/api/v5/market/ticker?instId=PEPE-USDT-SWAP "HTTP/2 200 OK"
2026-03-16 16:18:56,914 | INFO | HTTP Request: GET https://www.okx.com/api/v5/market/candles?instId=PEPE-USDT-SWAP&bar=5m&limit=89 "HTTP/2 200 OK"
2026-03-16 16:18:57,344 | INFO | HTTP Request: GET https://www.okx.com/api/v5/market/ticker?instId=PIGGY-USDT-SWAP "HTTP/2 200 OK"
2026-03-16 16:18:57,579 | INFO | HTTP Request: GET https://www.okx.com/api/v5/market/candles?instId=PIGGY-USDT-SWAP&bar=5m&limit=89 "HTTP/2 200 OK"
2026-03-16 16:18:57,948 | INFO | HTTP Request: GET https://www.okx.com/api/v5/market/ticker?instId=QTUM-USDT-SWAP "HTTP/2 200 OK"
2026-03-16 16:18:58,307 | INFO | HTTP Request: GET https://www.okx.com/api/v5/market/candles?instId=QTUM-USDT-SWAP&bar=5m&limit=89 "HTTP/2 200 OK"
2026-03-16 16:18:58,678 | INFO | HTTP Request: GET https://www.okx.com/api/v5/market/ticker?instId=RAVE-USDT-SWAP "HTTP/2 200 OK"
2026-03-16 16:19:00,885 | INFO | HTTP Request: GET https://www.okx.com/api/v5/market/candles?instId=BTC-USDT-SWAP&bar=5m&limit=64 "HTTP/2 200 OK"
2026-03-16 16:19:05,453 | INFO | HTTP Request: GET https://www.okx.com/api/v5/market/candles?instId=BTC-USDT-SWAP&bar=5m&limit=64 "HTTP/2 200 OK"
2026-03-16 16:19:10,202 | INFO | HTTP Request: GET https://www.okx.com/api/v5/market/candles?instId=BTC-USDT-SWAP&bar=5m&limit=64 "HTTP/2 200 OK"
2026-03-16 16:19:14,733 | INFO | HTTP Request: GET https://www.okx.com/api/v5/market/candles?instId=BTC-USDT-SWAP&bar=5m&limit=64 "HTTP/2 200 OK"
2026-03-16 16:19:19,391 | INFO | HTTP Request: GET https://www.okx.com/api/v5/market/candles?instId=BTC-USDT-SWAP&bar=5m&limit=64 "HTTP/2 200 OK"
2026-03-16 16:19:20,358 | INFO | HTTP Request: GET https://www.okx.com/api/v5/market/candles?instId=ARB-USDT-SWAP&bar=5m&limit=71 "HTTP/2 200 OK"
2026-03-16 16:19:21,282 | INFO | HTTP Request: GET https://www.okx.com/api/v5/market/candles?instId=XTZ-USDT-SWAP&bar=5m&limit=26 "HTTP/2 200 OK"
2026-03-16 16:19:21,560 | INFO | HTTP Request: GET https://www.okx.com/api/v5/market/ticker?instId=XTZ-USDT-SWAP "HTTP/2 200 OK"
2026-03-16 16:19:22,872 | INFO | HTTP Request: GET https://www.okx.com/api/v5/trade/orders-algo-pending?ordType=conditional&instType=SWAP&instId=XTZ-USDT-SWAP "HTTP/2 200 OK"
2026-03-16 16:19:23,155 | INFO | HTTP Request: GET https://www.okx.com/api/v5/trade/orders-algo-pending?ordType=oco&instType=SWAP&instId=XTZ-USDT-SWAP "HTTP/2 200 OK"
2026-03-16 16:19:23,423 | INFO | HTTP Request: GET https://www.okx.com/api/v5/trade/orders-algo-pending?ordType=trigger&instType=SWAP&instId=XTZ-USDT-SWAP "HTTP/2 200 OK"
2026-03-16 16:19:23,719 | INFO | HTTP Request: GET https://www.okx.com/api/v5/trade/orders-algo-pending?ordType=move_order_stop&instType=SWAP&instId=XTZ-USDT-SWAP "HTTP/2 200 OK"
2026-03-16 16:19:23,979 | INFO | HTTP Request: GET https://www.okx.com/api/v5/trade/orders-algo-pending?ordType=iceberg&instType=SWAP&instId=XTZ-USDT-SWAP "HTTP/2 200 OK"
2026-03-16 16:19:24,221 | INFO | HTTP Request: GET https://www.okx.com/api/v5/trade/orders-algo-pending?ordType=twap&instType=SWAP&instId=XTZ-USDT-SWAP "HTTP/2 200 OK"
2026-03-16 16:19:24,270 | INFO | HTTP Request: GET https://www.okx.com/api/v5/market/candles?instId=BTC-USDT-SWAP&bar=5m&limit=64 "HTTP/2 200 OK"
2026-03-16 16:19:24,496 | INFO | HTTP Request: GET https://www.okx.com/api/v5/trade/orders-algo-pending?ordType=chase&instType=SWAP&instId=XTZ-USDT-SWAP "HTTP/2 200 OK"
2026-03-16 16:19:24,808 | INFO | HTTP Request: GET https://www.okx.com/api/v5/market/candles?instId=BAND-USDT-SWAP&bar=5m&limit=26 "HTTP/2 200 OK"
2026-03-16 16:19:25,112 | INFO | HTTP Request: GET https://www.okx.com/api/v5/market/ticker?instId=BAND-USDT-SWAP "HTTP/2 200 OK"
2026-03-16 16:19:25,353 | INFO | HTTP Request: GET https://www.okx.com/api/v5/trade/orders-algo-pending?ordType=conditional&instType=SWAP&instId=BAND-USDT-SWAP "HTTP/2 200 OK"
2026-03-16 16:19:25,611 | INFO | HTTP Request: GET https://www.okx.com/api/v5/trade/orders-algo-pending?ordType=oco&instType=SWAP&instId=BAND-USDT-SWAP "HTTP/2 200 OK"
2026-03-16 16:19:25,953 | INFO | HTTP Request: GET https://www.okx.com/api/v5/trade/orders-algo-pending?ordType=trigger&instType=SWAP&instId=BAND-USDT-SWAP "HTTP/2 200 OK"
2026-03-16 16:19:26,260 | INFO | HTTP Request: GET https://www.okx.com/api/v5/trade/orders-algo-pending?ordType=move_order_stop&instType=SWAP&instId=BAND-USDT-SWAP "HTTP/2 200 OK"
2026-03-16 16:19:26,500 | INFO | HTTP Request: GET https://www.okx.com/api/v5/trade/orders-algo-pending?ordType=iceberg&instType=SWAP&instId=BAND-USDT-SWAP "HTTP/2 200 OK"
2026-03-16 16:19:26,805 | INFO | HTTP Request: GET https://www.okx.com/api/v5/trade/orders-algo-pending?ordType=twap&instType=SWAP&instId=BAND-USDT-SWAP "HTTP/2 200 OK"
2026-03-16 16:19:27,128 | INFO | HTTP Request: GET https://www.okx.com/api/v5/trade/orders-algo-pending?ordType=chase&instType=SWAP&instId=BAND-USDT-SWAP "HTTP/2 200 OK"
2026-03-16 16:19:27,381 | INFO | HTTP Request: GET https://www.okx.com/api/v5/market/candles?instId=MINA-USDT-SWAP&bar=5m&limit=26 "HTTP/2 200 OK"
2026-03-16 16:19:27,619 | INFO | HTTP Request: GET https://www.okx.com/api/v5/market/ticker?instId=MINA-USDT-SWAP "HTTP/2 200 OK"
2026-03-16 16:19:27,621 | INFO | Placing exchange stop MINA-USDT-SWAP short payload={'instId': 'MINA-USDT-SWAP', 'tdMode': 'isolated', 'side': 'buy', 'posSide': 'net', 'ordType': 'conditional', 'sz': '69270', 'slTriggerPx': '0.059659750419', 'slOrdPx': '-1'}
2026-03-16 16:19:27,879 | INFO | HTTP Request: POST https://www.okx.com/api/v5/trade/order-algo "HTTP/2 200 OK"
2026-03-16 16:19:28,162 | INFO | HTTP Request: GET https://www.okx.com/api/v5/market/candles?instId=FIL-USDT-SWAP&bar=5m&limit=26 "HTTP/2 200 OK"
2026-03-16 16:19:28,463 | INFO | HTTP Request: GET https://www.okx.com/api/v5/market/ticker?instId=FIL-USDT-SWAP "HTTP/2 200 OK"
2026-03-16 16:19:28,587 | INFO | HTTP Request: GET https://www.okx.com/api/v5/market/candles?instId=BTC-USDT-SWAP&bar=5m&limit=64 "HTTP/2 200 OK"
2026-03-16 16:19:28,713 | INFO | HTTP Request: GET https://www.okx.com/api/v5/trade/orders-algo-pending?ordType=conditional&instType=SWAP&instId=FIL-USDT-SWAP "HTTP/2 200 OK"
2026-03-16 16:19:28,963 | INFO | HTTP Request: GET https://www.okx.com/api/v5/trade/orders-algo-pending?ordType=oco&instType=SWAP&instId=FIL-USDT-SWAP "HTTP/2 200 OK"
2026-03-16 16:19:29,267 | INFO | HTTP Request: GET https://www.okx.com/api/v5/trade/orders-algo-pending?ordType=trigger&instType=SWAP&instId=FIL-USDT-SWAP "HTTP/2 200 OK"
2026-03-16 16:19:29,518 | INFO | HTTP Request: GET https://www.okx.com/api/v5/trade/orders-algo-pending?ordType=move_order_stop&instType=SWAP&instId=FIL-USDT-SWAP "HTTP/2 200 OK"
2026-03-16 16:19:29,824 | INFO | HTTP Request: GET https://www.okx.com/api/v5/trade/orders-algo-pending?ordType=iceberg&instType=SWAP&instId=FIL-USDT-SWAP "HTTP/2 200 OK"
2026-03-16 16:19:30,066 | INFO | HTTP Request: GET https://www.okx.com/api/v5/trade/orders-algo-pending?ordType=twap&instType=SWAP&instId=FIL-USDT-SWAP "HTTP/2 200 OK"
2026-03-16 16:19:30,321 | INFO | HTTP Request: GET https://www.okx.com/api/v5/trade/orders-algo-pending?ordType=chase&instType=SWAP&instId=FIL-USDT-SWAP "HTTP/2 200 OK"
2026-03-16 16:19:30,615 | INFO | HTTP Request: GET https://www.okx.com/api/v5/market/candles?instId=ETC-USDT-SWAP&bar=5m&limit=26 "HTTP/2 200 OK"
2026-03-16 16:19:30,922 | INFO | HTTP Request: GET https://www.okx.com/api/v5/market/ticker?instId=ETC-USDT-SWAP "HTTP/2 200 OK"
2026-03-16 16:19:31,173 | INFO | HTTP Request: GET https://www.okx.com/api/v5/trade/orders-algo-pending?ordType=conditional&instType=SWAP&instId=ETC-USDT-SWAP "HTTP/2 200 OK"
2026-03-16 16:19:31,411 | INFO | HTTP Request: GET https://www.okx.com/api/v5/trade/orders-algo-pending?ordType=oco&instType=SWAP&instId=ETC-USDT-SWAP "HTTP/2 200 OK"
2026-03-16 16:19:31,653 | INFO | HTTP Request: GET https://www.okx.com/api/v5/trade/orders-algo-pending?ordType=trigger&instType=SWAP&instId=ETC-USDT-SWAP "HTTP/2 200 OK"
2026-03-16 16:19:31,903 | INFO | HTTP Request: GET https://www.okx.com/api/v5/trade/orders-algo-pending?ordType=move_order_stop&instType=SWAP&instId=ETC-USDT-SWAP "HTTP/2 200 OK"
2026-03-16 16:19:32,213 | INFO | HTTP Request: GET https://www.okx.com/api/v5/trade/orders-algo-pending?ordType=iceberg&instType=SWAP&instId=ETC-USDT-SWAP "HTTP/2 200 OK"
2026-03-16 16:19:32,455 | INFO | HTTP Request: GET https://www.okx.com/api/v5/trade/orders-algo-pending?ordType=twap&instType=SWAP&instId=ETC-USDT-SWAP "HTTP/2 200 OK"
2026-03-16 16:19:32,764 | INFO | HTTP Request: GET https://www.okx.com/api/v5/trade/orders-algo-pending?ordType=chase&instType=SWAP&instId=ETC-USDT-SWAP "HTTP/2 200 OK"
2026-03-16 16:19:32,768 | INFO | Closing position ETC-USDT-SWAP. Локальный защитный выход 2.0N
2026-03-16 16:19:33,024 | INFO | HTTP Request: POST https://www.okx.com/api/v5/trade/close-position "HTTP/2 200 OK"
2026-03-16 16:19:33,207 | INFO | HTTP Request: GET https://www.okx.com/api/v5/market/candles?instId=BTC-USDT-SWAP&bar=5m&limit=64 "HTTP/2 200 OK"
2026-03-16 16:19:33,327 | INFO | HTTP Request: GET https://www.okx.com/api/v5/market/candles?instId=ETC-USDT-SWAP&bar=5m&limit=97 "HTTP/2 200 OK"
2026-03-16 16:19:33,581 | INFO | HTTP Request: GET https://www.okx.com/api/v5/market/candles?instId=ETH-USDT-SWAP&bar=5m&limit=26 "HTTP/2 200 OK"
2026-03-16 16:19:33,938 | INFO | HTTP Request: GET https://www.okx.com/api/v5/market/ticker?instId=ETH-USDT-SWAP "HTTP/2 200 OK"
2026-03-16 16:19:34,239 | INFO | HTTP Request: GET https://www.okx.com/api/v5/trade/orders-algo-pending?ordType=conditional&instType=SWAP&instId=ETH-USDT-SWAP "HTTP/2 200 OK"
2026-03-16 16:19:34,546 | INFO | HTTP Request: GET https://www.okx.com/api/v5/trade/orders-algo-pending?ordType=oco&instType=SWAP&instId=ETH-USDT-SWAP "HTTP/2 200 OK"
2026-03-16 16:19:34,854 | INFO | HTTP Request: GET https://www.okx.com/api/v5/trade/orders-algo-pending?ordType=trigger&instType=SWAP&instId=ETH-USDT-SWAP "HTTP/2 200 OK"
2026-03-16 16:19:35,095 | INFO | HTTP Request: GET https://www.okx.com/api/v5/trade/orders-algo-pending?ordType=move_order_stop&instType=SWAP&instId=ETH-USDT-SWAP "HTTP/2 200 OK"
2026-03-16 16:19:35,392 | INFO | HTTP Request: GET https://www.okx.com/api/v5/trade/orders-algo-pending?ordType=iceberg&instType=SWAP&instId=ETH-USDT-SWAP "HTTP/2 200 OK"
2026-03-16 16:19:35,652 | INFO | HTTP Request: GET https://www.okx.com/api/v5/trade/orders-algo-pending?ordType=twap&instType=SWAP&instId=ETH-USDT-SWAP "HTTP/2 200 OK"
2026-03-16 16:19:35,931 | INFO | HTTP Request: GET https://www.okx.com/api/v5/trade/orders-algo-pending?ordType=chase&instType=SWAP&instId=ETH-USDT-SWAP "HTTP/2 200 OK"
2026-03-16 16:19:36,261 | INFO | HTTP Request: GET https://www.okx.com/api/v5/market/candles?instId=YFI-USDT-SWAP&bar=5m&limit=26 "HTTP/2 200 OK"
2026-03-16 16:19:36,554 | INFO | HTTP Request: GET https://www.okx.com/api/v5/market/ticker?instId=YFI-USDT-SWAP "HTTP/2 200 OK"
2026-03-16 16:19:36,868 | INFO | HTTP Request: GET https://www.okx.com/api/v5/trade/orders-algo-pending?ordType=conditional&instType=SWAP&instId=YFI-USDT-SWAP "HTTP/2 200 OK"
2026-03-16 16:19:37,184 | INFO | HTTP Request: GET https://www.okx.com/api/v5/trade/orders-algo-pending?ordType=oco&instType=SWAP&instId=YFI-USDT-SWAP "HTTP/2 200 OK"
2026-03-16 16:19:37,437 | INFO | HTTP Request: GET https://www.okx.com/api/v5/trade/orders-algo-pending?ordType=trigger&instType=SWAP&instId=YFI-USDT-SWAP "HTTP/2 200 OK"
2026-03-16 16:19:37,680 | INFO | HTTP Request: GET https://www.okx.com/api/v5/trade/orders-algo-pending?ordType=move_order_stop&instType=SWAP&instId=YFI-USDT-SWAP "HTTP/2 200 OK"
2026-03-16 16:19:37,833 | INFO | HTTP Request: GET https://www.okx.com/api/v5/market/candles?instId=BTC-USDT-SWAP&bar=5m&limit=64 "HTTP/2 200 OK"
2026-03-16 16:19:37,920 | INFO | HTTP Request: GET https://www.okx.com/api/v5/trade/orders-algo-pending?ordType=iceberg&instType=SWAP&instId=YFI-USDT-SWAP "HTTP/2 200 OK"
2026-03-16 16:19:38,223 | INFO | HTTP Request: GET https://www.okx.com/api/v5/trade/orders-algo-pending?ordType=twap&instType=SWAP&instId=YFI-USDT-SWAP "HTTP/2 200 OK"
2026-03-16 16:19:38,479 | INFO | HTTP Request: GET https://www.okx.com/api/v5/trade/orders-algo-pending?ordType=chase&instType=SWAP&instId=YFI-USDT-SWAP "HTTP/2 200 OK"
2026-03-16 16:19:38,827 | INFO | HTTP Request: GET https://www.okx.com/api/v5/market/candles?instId=CRO-USDT-SWAP&bar=5m&limit=26 "HTTP/2 200 OK"
2026-03-16 16:19:39,120 | INFO | HTTP Request: GET https://www.okx.com/api/v5/market/ticker?instId=CRO-USDT-SWAP "HTTP/2 200 OK"
2026-03-16 16:19:39,136 | INFO | Closing position CRO-USDT-SWAP. Локальный защитный выход 2.0N
2026-03-16 16:19:39,377 | INFO | HTTP Request: POST https://www.okx.com/api/v5/trade/close-position "HTTP/2 200 OK"
2026-03-16 16:19:39,381 | WARNING | Failed to load json context : [Errno 13] Permission denied: '.'
2026-03-16 16:19:39,692 | INFO | HTTP Request: GET https://www.okx.com/api/v5/market/candles?instId=CRO-USDT-SWAP&bar=5m&limit=97 "HTTP/2 200 OK"
2026-03-16 16:19:39,948 | INFO | HTTP Request: GET https://www.okx.com/api/v5/market/candles?instId=BREV-USDT-SWAP&bar=5m&limit=26 "HTTP/2 200 OK"
2026-03-16 16:19:40,247 | INFO | HTTP Request: GET https://www.okx.com/api/v5/market/ticker?instId=BREV-USDT-SWAP "HTTP/2 200 OK"
2026-03-16 16:19:40,250 | INFO | Placing exchange stop BREV-USDT-SWAP long payload={'instId': 'BREV-USDT-SWAP', 'tdMode': 'isolated', 'side': 'sell', 'posSide': 'net', 'ordType': 'conditional', 'sz': '120000', 'slTriggerPx': '1.008904996667', 'slOrdPx': '-1'}
2026-03-16 16:19:40,535 | INFO | HTTP Request: POST https://www.okx.com/api/v5/trade/order-algo "HTTP/2 200 OK"
2026-03-16 16:19:40,874 | INFO | HTTP Request: POST https://www.okx.com/api/v5/trade/cancel-algos "HTTP/2 200 OK"
2026-03-16 16:19:40,877 | INFO | Closing position BREV-USDT-SWAP. Защита тренда: откат от пика 27995003333.33R → 3695003333.33R
2026-03-16 16:19:41,114 | INFO | HTTP Request: POST https://www.okx.com/api/v5/trade/close-position "HTTP/2 200 OK"
2026-03-16 16:19:41,118 | WARNING | Failed to load json context : [Errno 13] Permission denied: '.'
2026-03-16 16:19:41,413 | INFO | HTTP Request: GET https://www.okx.com/api/v5/market/candles?instId=BREV-USDT-SWAP&bar=5m&limit=97 "HTTP/2 200 OK"
2026-03-16 16:19:41,669 | INFO | HTTP Request: GET https://www.okx.com/api/v5/market/candles?instId=RAVE-USDT-SWAP&bar=5m&limit=89 "HTTP/2 200 OK"
