2026-03-22 17:44:44,117 | INFO | Telegram worker started | queue=D:\GIT\okx-trading-bot\v09x\097\runtime\telegram_queue
2026-03-22 17:45:05,922 | ERROR | Telegram worker item processing failed: <urlopen error [WinError 10054] Удаленный хост принудительно разорвал существующее подключение>
Traceback (most recent call last):
  File "C:\Users\Home\AppData\Local\Python\pythoncore-3.14-64\Lib\urllib\request.py", line 1321, in do_open
    h.request(req.get_method(), req.selector, req.data, headers,
    ~~~~~~~~~^^^^^^^^^^^^^^^^^^^^^^^^^^^^^^^^^^^^^^^^^^^^^^^^^^^
              encode_chunked=req.has_header('Transfer-encoding'))
              ^^^^^^^^^^^^^^^^^^^^^^^^^^^^^^^^^^^^^^^^^^^^^^^^^^^
  File "C:\Users\Home\AppData\Local\Python\pythoncore-3.14-64\Lib\http\client.py", line 1358, in request
    self._send_request(method, url, body, headers, encode_chunked)
    ~~~~~~~~~~~~~~~~~~^^^^^^^^^^^^^^^^^^^^^^^^^^^^^^^^^^^^^^^^^^^^
  File "C:\Users\Home\AppData\Local\Python\pythoncore-3.14-64\Lib\http\client.py", line 1404, in _send_request
    self.endheaders(body, encode_chunked=encode_chunked)
    ~~~~~~~~~~~~~~~^^^^^^^^^^^^^^^^^^^^^^^^^^^^^^^^^^^^^
  File "C:\Users\Home\AppData\Local\Python\pythoncore-3.14-64\Lib\http\client.py", line 1353, in endheaders
    self._send_output(message_body, encode_chunked=encode_chunked)
    ~~~~~~~~~~~~~~~~~^^^^^^^^^^^^^^^^^^^^^^^^^^^^^^^^^^^^^^^^^^^^^
  File "C:\Users\Home\AppData\Local\Python\pythoncore-3.14-64\Lib\http\client.py", line 1113, in _send_output
    self.send(msg)
    ~~~~~~~~~^^^^^
  File "C:\Users\Home\AppData\Local\Python\pythoncore-3.14-64\Lib\http\client.py", line 1057, in send
    self.connect()
    ~~~~~~~~~~~~^^
  File "C:\Users\Home\AppData\Local\Python\pythoncore-3.14-64\Lib\http\client.py", line 1499, in connect
    self.sock = self._context.wrap_socket(self.sock,
                ~~~~~~~~~~~~~~~~~~~~~~~~~^^^^^^^^^^^
                                          server_hostname=server_hostname)
                                          ^^^^^^^^^^^^^^^^^^^^^^^^^^^^^^^^
  File "C:\Users\Home\AppData\Local\Python\pythoncore-3.14-64\Lib\ssl.py", line 455, in wrap_socket
    return self.sslsocket_class._create(
           ~~~~~~~~~~~~~~~~~~~~~~~~~~~~^
        sock=sock,
        ^^^^^^^^^^
    ...<5 lines>...
        session=session
        ^^^^^^^^^^^^^^^
    )
    ^
  File "C:\Users\Home\AppData\Local\Python\pythoncore-3.14-64\Lib\ssl.py", line 1076, in _create
    self.do_handshake()
    ~~~~~~~~~~~~~~~~~^^
  File "C:\Users\Home\AppData\Local\Python\pythoncore-3.14-64\Lib\ssl.py", line 1372, in do_handshake
    self._sslobj.do_handshake()
    ~~~~~~~~~~~~~~~~~~~~~~~~~^^
ConnectionResetError: [WinError 10054] Удаленный хост принудительно разорвал существующее подключение

During handling of the above exception, another exception occurred:

Traceback (most recent call last):
  File "D:\GIT\okx-trading-bot\v09x\097\telegram_notifier.py", line 190, in run_worker_forever
    processed = worker.process_once()
  File "D:\GIT\okx-trading-bot\v09x\097\telegram_notifier.py", line 105, in process_once
    self._process_file(pending)
    ~~~~~~~~~~~~~~~~~~^^^^^^^^^
  File "D:\GIT\okx-trading-bot\v09x\097\telegram_notifier.py", line 121, in _process_file
    self._send_message(payload)
    ~~~~~~~~~~~~~~~~~~^^^^^^^^^
  File "D:\GIT\okx-trading-bot\v09x\097\telegram_notifier.py", line 134, in _send_message
    with urllib.request.urlopen(request, timeout=25) as response:
         ~~~~~~~~~~~~~~~~~~~~~~^^^^^^^^^^^^^^^^^^^^^
  File "C:\Users\Home\AppData\Local\Python\pythoncore-3.14-64\Lib\urllib\request.py", line 187, in urlopen
    return opener.open(url, data, timeout)
           ~~~~~~~~~~~^^^^^^^^^^^^^^^^^^^^
  File "C:\Users\Home\AppData\Local\Python\pythoncore-3.14-64\Lib\urllib\request.py", line 487, in open
    response = self._open(req, data)
  File "C:\Users\Home\AppData\Local\Python\pythoncore-3.14-64\Lib\urllib\request.py", line 504, in _open
    result = self._call_chain(self.handle_open, protocol, protocol +
                              '_open', req)
  File "C:\Users\Home\AppData\Local\Python\pythoncore-3.14-64\Lib\urllib\request.py", line 464, in _call_chain
    result = func(*args)
  File "C:\Users\Home\AppData\Local\Python\pythoncore-3.14-64\Lib\urllib\request.py", line 1369, in https_open
    return self.do_open(http.client.HTTPSConnection, req,
           ~~~~~~~~~~~~^^^^^^^^^^^^^^^^^^^^^^^^^^^^^^^^^^
                        context=self._context)
                        ^^^^^^^^^^^^^^^^^^^^^^
  File "C:\Users\Home\AppData\Local\Python\pythoncore-3.14-64\Lib\urllib\request.py", line 1324, in do_open
    raise URLError(err)
urllib.error.URLError: <urlopen error [WinError 10054] Удаленный хост принудительно разорвал существующее подключение>
2026-03-22 17:45:28,230 | ERROR | Telegram worker item processing failed: <urlopen error [WinError 10054] Удаленный хост принудительно разорвал существующее подключение>
Traceback (most recent call last):
  File "C:\Users\Home\AppData\Local\Python\pythoncore-3.14-64\Lib\urllib\request.py", line 1321, in do_open
    h.request(req.get_method(), req.selector, req.data, headers,
    ~~~~~~~~~^^^^^^^^^^^^^^^^^^^^^^^^^^^^^^^^^^^^^^^^^^^^^^^^^^^
              encode_chunked=req.has_header('Transfer-encoding'))
              ^^^^^^^^^^^^^^^^^^^^^^^^^^^^^^^^^^^^^^^^^^^^^^^^^^^
  File "C:\Users\Home\AppData\Local\Python\pythoncore-3.14-64\Lib\http\client.py", line 1358, in request
    self._send_request(method, url, body, headers, encode_chunked)
    ~~~~~~~~~~~~~~~~~~^^^^^^^^^^^^^^^^^^^^^^^^^^^^^^^^^^^^^^^^^^^^
  File "C:\Users\Home\AppData\Local\Python\pythoncore-3.14-64\Lib\http\client.py", line 1404, in _send_request
    self.endheaders(body, encode_chunked=encode_chunked)
    ~~~~~~~~~~~~~~~^^^^^^^^^^^^^^^^^^^^^^^^^^^^^^^^^^^^^
  File "C:\Users\Home\AppData\Local\Python\pythoncore-3.14-64\Lib\http\client.py", line 1353, in endheaders
    self._send_output(message_body, encode_chunked=encode_chunked)
    ~~~~~~~~~~~~~~~~~^^^^^^^^^^^^^^^^^^^^^^^^^^^^^^^^^^^^^^^^^^^^^
  File "C:\Users\Home\AppData\Local\Python\pythoncore-3.14-64\Lib\http\client.py", line 1113, in _send_output
    self.send(msg)
    ~~~~~~~~~^^^^^
  File "C:\Users\Home\AppData\Local\Python\pythoncore-3.14-64\Lib\http\client.py", line 1057, in send
    self.connect()
    ~~~~~~~~~~~~^^
  File "C:\Users\Home\AppData\Local\Python\pythoncore-3.14-64\Lib\http\client.py", line 1499, in connect
    self.sock = self._context.wrap_socket(self.sock,
                ~~~~~~~~~~~~~~~~~~~~~~~~~^^^^^^^^^^^
                                          server_hostname=server_hostname)
                                          ^^^^^^^^^^^^^^^^^^^^^^^^^^^^^^^^
  File "C:\Users\Home\AppData\Local\Python\pythoncore-3.14-64\Lib\ssl.py", line 455, in wrap_socket
    return self.sslsocket_class._create(
           ~~~~~~~~~~~~~~~~~~~~~~~~~~~~^
        sock=sock,
        ^^^^^^^^^^
    ...<5 lines>...
        session=session
        ^^^^^^^^^^^^^^^
    )
    ^
  File "C:\Users\Home\AppData\Local\Python\pythoncore-3.14-64\Lib\ssl.py", line 1076, in _create
    self.do_handshake()
    ~~~~~~~~~~~~~~~~~^^
  File "C:\Users\Home\AppData\Local\Python\pythoncore-3.14-64\Lib\ssl.py", line 1372, in do_handshake
    self._sslobj.do_handshake()
    ~~~~~~~~~~~~~~~~~~~~~~~~~^^
ConnectionResetError: [WinError 10054] Удаленный хост принудительно разорвал существующее подключение

During handling of the above exception, another exception occurred:

Traceback (most recent call last):
  File "D:\GIT\okx-trading-bot\v09x\097\telegram_notifier.py", line 190, in run_worker_forever
    processed = worker.process_once()
  File "D:\GIT\okx-trading-bot\v09x\097\telegram_notifier.py", line 105, in process_once
    self._process_file(pending)
    ~~~~~~~~~~~~~~~~~~^^^^^^^^^
  File "D:\GIT\okx-trading-bot\v09x\097\telegram_notifier.py", line 121, in _process_file
    self._send_message(payload)
    ~~~~~~~~~~~~~~~~~~^^^^^^^^^
  File "D:\GIT\okx-trading-bot\v09x\097\telegram_notifier.py", line 134, in _send_message
    with urllib.request.urlopen(request, timeout=25) as response:
         ~~~~~~~~~~~~~~~~~~~~~~^^^^^^^^^^^^^^^^^^^^^
  File "C:\Users\Home\AppData\Local\Python\pythoncore-3.14-64\Lib\urllib\request.py", line 187, in urlopen
    return opener.open(url, data, timeout)
           ~~~~~~~~~~~^^^^^^^^^^^^^^^^^^^^
  File "C:\Users\Home\AppData\Local\Python\pythoncore-3.14-64\Lib\urllib\request.py", line 487, in open
    response = self._open(req, data)
  File "C:\Users\Home\AppData\Local\Python\pythoncore-3.14-64\Lib\urllib\request.py", line 504, in _open
    result = self._call_chain(self.handle_open, protocol, protocol +
                              '_open', req)
  File "C:\Users\Home\AppData\Local\Python\pythoncore-3.14-64\Lib\urllib\request.py", line 464, in _call_chain
    result = func(*args)
  File "C:\Users\Home\AppData\Local\Python\pythoncore-3.14-64\Lib\urllib\request.py", line 1369, in https_open
    return self.do_open(http.client.HTTPSConnection, req,
           ~~~~~~~~~~~~^^^^^^^^^^^^^^^^^^^^^^^^^^^^^^^^^^
                        context=self._context)
                        ^^^^^^^^^^^^^^^^^^^^^^
  File "C:\Users\Home\AppData\Local\Python\pythoncore-3.14-64\Lib\urllib\request.py", line 1324, in do_open
    raise URLError(err)
urllib.error.URLError: <urlopen error [WinError 10054] Удаленный хост принудительно разорвал существующее подключение>
2026-03-22 17:45:50,530 | ERROR | Telegram worker item processing failed: <urlopen error [WinError 10054] Удаленный хост принудительно разорвал существующее подключение>
Traceback (most recent call last):
  File "C:\Users\Home\AppData\Local\Python\pythoncore-3.14-64\Lib\urllib\request.py", line 1321, in do_open
    h.request(req.get_method(), req.selector, req.data, headers,
    ~~~~~~~~~^^^^^^^^^^^^^^^^^^^^^^^^^^^^^^^^^^^^^^^^^^^^^^^^^^^
              encode_chunked=req.has_header('Transfer-encoding'))
              ^^^^^^^^^^^^^^^^^^^^^^^^^^^^^^^^^^^^^^^^^^^^^^^^^^^
  File "C:\Users\Home\AppData\Local\Python\pythoncore-3.14-64\Lib\http\client.py", line 1358, in request
    self._send_request(method, url, body, headers, encode_chunked)
    ~~~~~~~~~~~~~~~~~~^^^^^^^^^^^^^^^^^^^^^^^^^^^^^^^^^^^^^^^^^^^^
  File "C:\Users\Home\AppData\Local\Python\pythoncore-3.14-64\Lib\http\client.py", line 1404, in _send_request
    self.endheaders(body, encode_chunked=encode_chunked)
    ~~~~~~~~~~~~~~~^^^^^^^^^^^^^^^^^^^^^^^^^^^^^^^^^^^^^
  File "C:\Users\Home\AppData\Local\Python\pythoncore-3.14-64\Lib\http\client.py", line 1353, in endheaders
    self._send_output(message_body, encode_chunked=encode_chunked)
    ~~~~~~~~~~~~~~~~~^^^^^^^^^^^^^^^^^^^^^^^^^^^^^^^^^^^^^^^^^^^^^
  File "C:\Users\Home\AppData\Local\Python\pythoncore-3.14-64\Lib\http\client.py", line 1113, in _send_output
    self.send(msg)
    ~~~~~~~~~^^^^^
  File "C:\Users\Home\AppData\Local\Python\pythoncore-3.14-64\Lib\http\client.py", line 1057, in send
    self.connect()
    ~~~~~~~~~~~~^^
  File "C:\Users\Home\AppData\Local\Python\pythoncore-3.14-64\Lib\http\client.py", line 1499, in connect
    self.sock = self._context.wrap_socket(self.sock,
                ~~~~~~~~~~~~~~~~~~~~~~~~~^^^^^^^^^^^
                                          server_hostname=server_hostname)
                                          ^^^^^^^^^^^^^^^^^^^^^^^^^^^^^^^^
  File "C:\Users\Home\AppData\Local\Python\pythoncore-3.14-64\Lib\ssl.py", line 455, in wrap_socket
    return self.sslsocket_class._create(
           ~~~~~~~~~~~~~~~~~~~~~~~~~~~~^
        sock=sock,
        ^^^^^^^^^^
    ...<5 lines>...
        session=session
        ^^^^^^^^^^^^^^^
    )
    ^
  File "C:\Users\Home\AppData\Local\Python\pythoncore-3.14-64\Lib\ssl.py", line 1076, in _create
    self.do_handshake()
    ~~~~~~~~~~~~~~~~~^^
  File "C:\Users\Home\AppData\Local\Python\pythoncore-3.14-64\Lib\ssl.py", line 1372, in do_handshake
    self._sslobj.do_handshake()
    ~~~~~~~~~~~~~~~~~~~~~~~~~^^
ConnectionResetError: [WinError 10054] Удаленный хост принудительно разорвал существующее подключение

During handling of the above exception, another exception occurred:

Traceback (most recent call last):
  File "D:\GIT\okx-trading-bot\v09x\097\telegram_notifier.py", line 190, in run_worker_forever
    processed = worker.process_once()
  File "D:\GIT\okx-trading-bot\v09x\097\telegram_notifier.py", line 105, in process_once
    self._process_file(pending)
    ~~~~~~~~~~~~~~~~~~^^^^^^^^^
  File "D:\GIT\okx-trading-bot\v09x\097\telegram_notifier.py", line 119, in _process_file
    self._send_photo(payload)
    ~~~~~~~~~~~~~~~~^^^^^^^^^
  File "D:\GIT\okx-trading-bot\v09x\097\telegram_notifier.py", line 166, in _send_photo
    with urllib.request.urlopen(request, timeout=40) as response:
         ~~~~~~~~~~~~~~~~~~~~~~^^^^^^^^^^^^^^^^^^^^^
  File "C:\Users\Home\AppData\Local\Python\pythoncore-3.14-64\Lib\urllib\request.py", line 187, in urlopen
    return opener.open(url, data, timeout)
           ~~~~~~~~~~~^^^^^^^^^^^^^^^^^^^^
  File "C:\Users\Home\AppData\Local\Python\pythoncore-3.14-64\Lib\urllib\request.py", line 487, in open
    response = self._open(req, data)
  File "C:\Users\Home\AppData\Local\Python\pythoncore-3.14-64\Lib\urllib\request.py", line 504, in _open
    result = self._call_chain(self.handle_open, protocol, protocol +
                              '_open', req)
  File "C:\Users\Home\AppData\Local\Python\pythoncore-3.14-64\Lib\urllib\request.py", line 464, in _call_chain
    result = func(*args)
  File "C:\Users\Home\AppData\Local\Python\pythoncore-3.14-64\Lib\urllib\request.py", line 1369, in https_open
    return self.do_open(http.client.HTTPSConnection, req,
           ~~~~~~~~~~~~^^^^^^^^^^^^^^^^^^^^^^^^^^^^^^^^^^
                        context=self._context)
                        ^^^^^^^^^^^^^^^^^^^^^^
  File "C:\Users\Home\AppData\Local\Python\pythoncore-3.14-64\Lib\urllib\request.py", line 1324, in do_open
    raise URLError(err)
urllib.error.URLError: <urlopen error [WinError 10054] Удаленный хост принудительно разорвал существующее подключение>
2026-03-22 17:46:12,764 | ERROR | Telegram worker item processing failed: <urlopen error [WinError 10054] Удаленный хост принудительно разорвал существующее подключение>
Traceback (most recent call last):
  File "C:\Users\Home\AppData\Local\Python\pythoncore-3.14-64\Lib\urllib\request.py", line 1321, in do_open
    h.request(req.get_method(), req.selector, req.data, headers,
    ~~~~~~~~~^^^^^^^^^^^^^^^^^^^^^^^^^^^^^^^^^^^^^^^^^^^^^^^^^^^
              encode_chunked=req.has_header('Transfer-encoding'))
              ^^^^^^^^^^^^^^^^^^^^^^^^^^^^^^^^^^^^^^^^^^^^^^^^^^^
  File "C:\Users\Home\AppData\Local\Python\pythoncore-3.14-64\Lib\http\client.py", line 1358, in request
    self._send_request(method, url, body, headers, encode_chunked)
    ~~~~~~~~~~~~~~~~~~^^^^^^^^^^^^^^^^^^^^^^^^^^^^^^^^^^^^^^^^^^^^
  File "C:\Users\Home\AppData\Local\Python\pythoncore-3.14-64\Lib\http\client.py", line 1404, in _send_request
    self.endheaders(body, encode_chunked=encode_chunked)
    ~~~~~~~~~~~~~~~^^^^^^^^^^^^^^^^^^^^^^^^^^^^^^^^^^^^^
  File "C:\Users\Home\AppData\Local\Python\pythoncore-3.14-64\Lib\http\client.py", line 1353, in endheaders
    self._send_output(message_body, encode_chunked=encode_chunked)
    ~~~~~~~~~~~~~~~~~^^^^^^^^^^^^^^^^^^^^^^^^^^^^^^^^^^^^^^^^^^^^^
  File "C:\Users\Home\AppData\Local\Python\pythoncore-3.14-64\Lib\http\client.py", line 1113, in _send_output
    self.send(msg)
    ~~~~~~~~~^^^^^
  File "C:\Users\Home\AppData\Local\Python\pythoncore-3.14-64\Lib\http\client.py", line 1057, in send
    self.connect()
    ~~~~~~~~~~~~^^
  File "C:\Users\Home\AppData\Local\Python\pythoncore-3.14-64\Lib\http\client.py", line 1499, in connect
    self.sock = self._context.wrap_socket(self.sock,
                ~~~~~~~~~~~~~~~~~~~~~~~~~^^^^^^^^^^^
                                          server_hostname=server_hostname)
                                          ^^^^^^^^^^^^^^^^^^^^^^^^^^^^^^^^
  File "C:\Users\Home\AppData\Local\Python\pythoncore-3.14-64\Lib\ssl.py", line 455, in wrap_socket
    return self.sslsocket_class._create(
           ~~~~~~~~~~~~~~~~~~~~~~~~~~~~^
        sock=sock,
        ^^^^^^^^^^
    ...<5 lines>...
        session=session
        ^^^^^^^^^^^^^^^
    )
    ^
  File "C:\Users\Home\AppData\Local\Python\pythoncore-3.14-64\Lib\ssl.py", line 1076, in _create
    self.do_handshake()
    ~~~~~~~~~~~~~~~~~^^
  File "C:\Users\Home\AppData\Local\Python\pythoncore-3.14-64\Lib\ssl.py", line 1372, in do_handshake
    self._sslobj.do_handshake()
    ~~~~~~~~~~~~~~~~~~~~~~~~~^^
ConnectionResetError: [WinError 10054] Удаленный хост принудительно разорвал существующее подключение

During handling of the above exception, another exception occurred:

Traceback (most recent call last):
  File "D:\GIT\okx-trading-bot\v09x\097\telegram_notifier.py", line 190, in run_worker_forever
    processed = worker.process_once()
  File "D:\GIT\okx-trading-bot\v09x\097\telegram_notifier.py", line 105, in process_once
    self._process_file(pending)
    ~~~~~~~~~~~~~~~~~~^^^^^^^^^
  File "D:\GIT\okx-trading-bot\v09x\097\telegram_notifier.py", line 121, in _process_file
    self._send_message(payload)
    ~~~~~~~~~~~~~~~~~~^^^^^^^^^
  File "D:\GIT\okx-trading-bot\v09x\097\telegram_notifier.py", line 134, in _send_message
    with urllib.request.urlopen(request, timeout=25) as response:
         ~~~~~~~~~~~~~~~~~~~~~~^^^^^^^^^^^^^^^^^^^^^
  File "C:\Users\Home\AppData\Local\Python\pythoncore-3.14-64\Lib\urllib\request.py", line 187, in urlopen
    return opener.open(url, data, timeout)
           ~~~~~~~~~~~^^^^^^^^^^^^^^^^^^^^
  File "C:\Users\Home\AppData\Local\Python\pythoncore-3.14-64\Lib\urllib\request.py", line 487, in open
    response = self._open(req, data)
  File "C:\Users\Home\AppData\Local\Python\pythoncore-3.14-64\Lib\urllib\request.py", line 504, in _open
    result = self._call_chain(self.handle_open, protocol, protocol +
                              '_open', req)
  File "C:\Users\Home\AppData\Local\Python\pythoncore-3.14-64\Lib\urllib\request.py", line 464, in _call_chain
    result = func(*args)
  File "C:\Users\Home\AppData\Local\Python\pythoncore-3.14-64\Lib\urllib\request.py", line 1369, in https_open
    return self.do_open(http.client.HTTPSConnection, req,
           ~~~~~~~~~~~~^^^^^^^^^^^^^^^^^^^^^^^^^^^^^^^^^^
                        context=self._context)
                        ^^^^^^^^^^^^^^^^^^^^^^
  File "C:\Users\Home\AppData\Local\Python\pythoncore-3.14-64\Lib\urllib\request.py", line 1324, in do_open
    raise URLError(err)
urllib.error.URLError: <urlopen error [WinError 10054] Удаленный хост принудительно разорвал существующее подключение>
2026-03-22 17:46:35,007 | ERROR | Telegram worker item processing failed: <urlopen error [WinError 10054] Удаленный хост принудительно разорвал существующее подключение>
Traceback (most recent call last):
  File "C:\Users\Home\AppData\Local\Python\pythoncore-3.14-64\Lib\urllib\request.py", line 1321, in do_open
    h.request(req.get_method(), req.selector, req.data, headers,
    ~~~~~~~~~^^^^^^^^^^^^^^^^^^^^^^^^^^^^^^^^^^^^^^^^^^^^^^^^^^^
              encode_chunked=req.has_header('Transfer-encoding'))
              ^^^^^^^^^^^^^^^^^^^^^^^^^^^^^^^^^^^^^^^^^^^^^^^^^^^
  File "C:\Users\Home\AppData\Local\Python\pythoncore-3.14-64\Lib\http\client.py", line 1358, in request
    self._send_request(method, url, body, headers, encode_chunked)
    ~~~~~~~~~~~~~~~~~~^^^^^^^^^^^^^^^^^^^^^^^^^^^^^^^^^^^^^^^^^^^^
  File "C:\Users\Home\AppData\Local\Python\pythoncore-3.14-64\Lib\http\client.py", line 1404, in _send_request
    self.endheaders(body, encode_chunked=encode_chunked)
    ~~~~~~~~~~~~~~~^^^^^^^^^^^^^^^^^^^^^^^^^^^^^^^^^^^^^
  File "C:\Users\Home\AppData\Local\Python\pythoncore-3.14-64\Lib\http\client.py", line 1353, in endheaders
    self._send_output(message_body, encode_chunked=encode_chunked)
    ~~~~~~~~~~~~~~~~~^^^^^^^^^^^^^^^^^^^^^^^^^^^^^^^^^^^^^^^^^^^^^
  File "C:\Users\Home\AppData\Local\Python\pythoncore-3.14-64\Lib\http\client.py", line 1113, in _send_output
    self.send(msg)
    ~~~~~~~~~^^^^^
  File "C:\Users\Home\AppData\Local\Python\pythoncore-3.14-64\Lib\http\client.py", line 1057, in send
    self.connect()
    ~~~~~~~~~~~~^^
  File "C:\Users\Home\AppData\Local\Python\pythoncore-3.14-64\Lib\http\client.py", line 1499, in connect
    self.sock = self._context.wrap_socket(self.sock,
                ~~~~~~~~~~~~~~~~~~~~~~~~~^^^^^^^^^^^
                                          server_hostname=server_hostname)
                                          ^^^^^^^^^^^^^^^^^^^^^^^^^^^^^^^^
  File "C:\Users\Home\AppData\Local\Python\pythoncore-3.14-64\Lib\ssl.py", line 455, in wrap_socket
    return self.sslsocket_class._create(
           ~~~~~~~~~~~~~~~~~~~~~~~~~~~~^
        sock=sock,
        ^^^^^^^^^^
    ...<5 lines>...
        session=session
        ^^^^^^^^^^^^^^^
    )
    ^
  File "C:\Users\Home\AppData\Local\Python\pythoncore-3.14-64\Lib\ssl.py", line 1076, in _create
    self.do_handshake()
    ~~~~~~~~~~~~~~~~~^^
  File "C:\Users\Home\AppData\Local\Python\pythoncore-3.14-64\Lib\ssl.py", line 1372, in do_handshake
    self._sslobj.do_handshake()
    ~~~~~~~~~~~~~~~~~~~~~~~~~^^
ConnectionResetError: [WinError 10054] Удаленный хост принудительно разорвал существующее подключение

During handling of the above exception, another exception occurred:

Traceback (most recent call last):
  File "D:\GIT\okx-trading-bot\v09x\097\telegram_notifier.py", line 190, in run_worker_forever
    processed = worker.process_once()
  File "D:\GIT\okx-trading-bot\v09x\097\telegram_notifier.py", line 105, in process_once
    self._process_file(pending)
    ~~~~~~~~~~~~~~~~~~^^^^^^^^^
  File "D:\GIT\okx-trading-bot\v09x\097\telegram_notifier.py", line 121, in _process_file
    self._send_message(payload)
    ~~~~~~~~~~~~~~~~~~^^^^^^^^^
  File "D:\GIT\okx-trading-bot\v09x\097\telegram_notifier.py", line 134, in _send_message
    with urllib.request.urlopen(request, timeout=25) as response:
         ~~~~~~~~~~~~~~~~~~~~~~^^^^^^^^^^^^^^^^^^^^^
  File "C:\Users\Home\AppData\Local\Python\pythoncore-3.14-64\Lib\urllib\request.py", line 187, in urlopen
    return opener.open(url, data, timeout)
           ~~~~~~~~~~~^^^^^^^^^^^^^^^^^^^^
  File "C:\Users\Home\AppData\Local\Python\pythoncore-3.14-64\Lib\urllib\request.py", line 487, in open
    response = self._open(req, data)
  File "C:\Users\Home\AppData\Local\Python\pythoncore-3.14-64\Lib\urllib\request.py", line 504, in _open
    result = self._call_chain(self.handle_open, protocol, protocol +
                              '_open', req)
  File "C:\Users\Home\AppData\Local\Python\pythoncore-3.14-64\Lib\urllib\request.py", line 464, in _call_chain
    result = func(*args)
  File "C:\Users\Home\AppData\Local\Python\pythoncore-3.14-64\Lib\urllib\request.py", line 1369, in https_open
    return self.do_open(http.client.HTTPSConnection, req,
           ~~~~~~~~~~~~^^^^^^^^^^^^^^^^^^^^^^^^^^^^^^^^^^
                        context=self._context)
                        ^^^^^^^^^^^^^^^^^^^^^^
  File "C:\Users\Home\AppData\Local\Python\pythoncore-3.14-64\Lib\urllib\request.py", line 1324, in do_open
    raise URLError(err)
urllib.error.URLError: <urlopen error [WinError 10054] Удаленный хост принудительно разорвал существующее подключение>
2026-03-22 17:46:57,245 | ERROR | Telegram worker item processing failed: <urlopen error [WinError 10054] Удаленный хост принудительно разорвал существующее подключение>
Traceback (most recent call last):
  File "C:\Users\Home\AppData\Local\Python\pythoncore-3.14-64\Lib\urllib\request.py", line 1321, in do_open
    h.request(req.get_method(), req.selector, req.data, headers,
    ~~~~~~~~~^^^^^^^^^^^^^^^^^^^^^^^^^^^^^^^^^^^^^^^^^^^^^^^^^^^
              encode_chunked=req.has_header('Transfer-encoding'))
              ^^^^^^^^^^^^^^^^^^^^^^^^^^^^^^^^^^^^^^^^^^^^^^^^^^^
  File "C:\Users\Home\AppData\Local\Python\pythoncore-3.14-64\Lib\http\client.py", line 1358, in request
    self._send_request(method, url, body, headers, encode_chunked)
    ~~~~~~~~~~~~~~~~~~^^^^^^^^^^^^^^^^^^^^^^^^^^^^^^^^^^^^^^^^^^^^
  File "C:\Users\Home\AppData\Local\Python\pythoncore-3.14-64\Lib\http\client.py", line 1404, in _send_request
    self.endheaders(body, encode_chunked=encode_chunked)
    ~~~~~~~~~~~~~~~^^^^^^^^^^^^^^^^^^^^^^^^^^^^^^^^^^^^^
  File "C:\Users\Home\AppData\Local\Python\pythoncore-3.14-64\Lib\http\client.py", line 1353, in endheaders
    self._send_output(message_body, encode_chunked=encode_chunked)
    ~~~~~~~~~~~~~~~~~^^^^^^^^^^^^^^^^^^^^^^^^^^^^^^^^^^^^^^^^^^^^^
  File "C:\Users\Home\AppData\Local\Python\pythoncore-3.14-64\Lib\http\client.py", line 1113, in _send_output
    self.send(msg)
    ~~~~~~~~~^^^^^
  File "C:\Users\Home\AppData\Local\Python\pythoncore-3.14-64\Lib\http\client.py", line 1057, in send
    self.connect()
    ~~~~~~~~~~~~^^
  File "C:\Users\Home\AppData\Local\Python\pythoncore-3.14-64\Lib\http\client.py", line 1499, in connect
    self.sock = self._context.wrap_socket(self.sock,
                ~~~~~~~~~~~~~~~~~~~~~~~~~^^^^^^^^^^^
                                          server_hostname=server_hostname)
                                          ^^^^^^^^^^^^^^^^^^^^^^^^^^^^^^^^
  File "C:\Users\Home\AppData\Local\Python\pythoncore-3.14-64\Lib\ssl.py", line 455, in wrap_socket
    return self.sslsocket_class._create(
           ~~~~~~~~~~~~~~~~~~~~~~~~~~~~^
        sock=sock,
        ^^^^^^^^^^
    ...<5 lines>...
        session=session
        ^^^^^^^^^^^^^^^
    )
    ^
  File "C:\Users\Home\AppData\Local\Python\pythoncore-3.14-64\Lib\ssl.py", line 1076, in _create
    self.do_handshake()
    ~~~~~~~~~~~~~~~~~^^
  File "C:\Users\Home\AppData\Local\Python\pythoncore-3.14-64\Lib\ssl.py", line 1372, in do_handshake
    self._sslobj.do_handshake()
    ~~~~~~~~~~~~~~~~~~~~~~~~~^^
ConnectionResetError: [WinError 10054] Удаленный хост принудительно разорвал существующее подключение

During handling of the above exception, another exception occurred:

Traceback (most recent call last):
  File "D:\GIT\okx-trading-bot\v09x\097\telegram_notifier.py", line 190, in run_worker_forever
    processed = worker.process_once()
  File "D:\GIT\okx-trading-bot\v09x\097\telegram_notifier.py", line 105, in process_once
    self._process_file(pending)
    ~~~~~~~~~~~~~~~~~~^^^^^^^^^
  File "D:\GIT\okx-trading-bot\v09x\097\telegram_notifier.py", line 121, in _process_file
    self._send_message(payload)
    ~~~~~~~~~~~~~~~~~~^^^^^^^^^
  File "D:\GIT\okx-trading-bot\v09x\097\telegram_notifier.py", line 134, in _send_message
    with urllib.request.urlopen(request, timeout=25) as response:
         ~~~~~~~~~~~~~~~~~~~~~~^^^^^^^^^^^^^^^^^^^^^
  File "C:\Users\Home\AppData\Local\Python\pythoncore-3.14-64\Lib\urllib\request.py", line 187, in urlopen
    return opener.open(url, data, timeout)
           ~~~~~~~~~~~^^^^^^^^^^^^^^^^^^^^
  File "C:\Users\Home\AppData\Local\Python\pythoncore-3.14-64\Lib\urllib\request.py", line 487, in open
    response = self._open(req, data)
  File "C:\Users\Home\AppData\Local\Python\pythoncore-3.14-64\Lib\urllib\request.py", line 504, in _open
    result = self._call_chain(self.handle_open, protocol, protocol +
                              '_open', req)
  File "C:\Users\Home\AppData\Local\Python\pythoncore-3.14-64\Lib\urllib\request.py", line 464, in _call_chain
    result = func(*args)
  File "C:\Users\Home\AppData\Local\Python\pythoncore-3.14-64\Lib\urllib\request.py", line 1369, in https_open
    return self.do_open(http.client.HTTPSConnection, req,
           ~~~~~~~~~~~~^^^^^^^^^^^^^^^^^^^^^^^^^^^^^^^^^^
                        context=self._context)
                        ^^^^^^^^^^^^^^^^^^^^^^
  File "C:\Users\Home\AppData\Local\Python\pythoncore-3.14-64\Lib\urllib\request.py", line 1324, in do_open
    raise URLError(err)
urllib.error.URLError: <urlopen error [WinError 10054] Удаленный хост принудительно разорвал существующее подключение>
2026-03-22 17:47:19,488 | ERROR | Telegram worker item processing failed: <urlopen error [WinError 10054] Удаленный хост принудительно разорвал существующее подключение>
Traceback (most recent call last):
  File "C:\Users\Home\AppData\Local\Python\pythoncore-3.14-64\Lib\urllib\request.py", line 1321, in do_open
    h.request(req.get_method(), req.selector, req.data, headers,
    ~~~~~~~~~^^^^^^^^^^^^^^^^^^^^^^^^^^^^^^^^^^^^^^^^^^^^^^^^^^^
              encode_chunked=req.has_header('Transfer-encoding'))
              ^^^^^^^^^^^^^^^^^^^^^^^^^^^^^^^^^^^^^^^^^^^^^^^^^^^
  File "C:\Users\Home\AppData\Local\Python\pythoncore-3.14-64\Lib\http\client.py", line 1358, in request
    self._send_request(method, url, body, headers, encode_chunked)
    ~~~~~~~~~~~~~~~~~~^^^^^^^^^^^^^^^^^^^^^^^^^^^^^^^^^^^^^^^^^^^^
  File "C:\Users\Home\AppData\Local\Python\pythoncore-3.14-64\Lib\http\client.py", line 1404, in _send_request
    self.endheaders(body, encode_chunked=encode_chunked)
    ~~~~~~~~~~~~~~~^^^^^^^^^^^^^^^^^^^^^^^^^^^^^^^^^^^^^
  File "C:\Users\Home\AppData\Local\Python\pythoncore-3.14-64\Lib\http\client.py", line 1353, in endheaders
    self._send_output(message_body, encode_chunked=encode_chunked)
    ~~~~~~~~~~~~~~~~~^^^^^^^^^^^^^^^^^^^^^^^^^^^^^^^^^^^^^^^^^^^^^
  File "C:\Users\Home\AppData\Local\Python\pythoncore-3.14-64\Lib\http\client.py", line 1113, in _send_output
    self.send(msg)
    ~~~~~~~~~^^^^^
  File "C:\Users\Home\AppData\Local\Python\pythoncore-3.14-64\Lib\http\client.py", line 1057, in send
    self.connect()
    ~~~~~~~~~~~~^^
  File "C:\Users\Home\AppData\Local\Python\pythoncore-3.14-64\Lib\http\client.py", line 1499, in connect
    self.sock = self._context.wrap_socket(self.sock,
                ~~~~~~~~~~~~~~~~~~~~~~~~~^^^^^^^^^^^
                                          server_hostname=server_hostname)
                                          ^^^^^^^^^^^^^^^^^^^^^^^^^^^^^^^^
  File "C:\Users\Home\AppData\Local\Python\pythoncore-3.14-64\Lib\ssl.py", line 455, in wrap_socket
    return self.sslsocket_class._create(
           ~~~~~~~~~~~~~~~~~~~~~~~~~~~~^
        sock=sock,
        ^^^^^^^^^^
    ...<5 lines>...
        session=session
        ^^^^^^^^^^^^^^^
    )
    ^
  File "C:\Users\Home\AppData\Local\Python\pythoncore-3.14-64\Lib\ssl.py", line 1076, in _create
    self.do_handshake()
    ~~~~~~~~~~~~~~~~~^^
  File "C:\Users\Home\AppData\Local\Python\pythoncore-3.14-64\Lib\ssl.py", line 1372, in do_handshake
    self._sslobj.do_handshake()
    ~~~~~~~~~~~~~~~~~~~~~~~~~^^
ConnectionResetError: [WinError 10054] Удаленный хост принудительно разорвал существующее подключение

During handling of the above exception, another exception occurred:

Traceback (most recent call last):
  File "D:\GIT\okx-trading-bot\v09x\097\telegram_notifier.py", line 190, in run_worker_forever
    processed = worker.process_once()
  File "D:\GIT\okx-trading-bot\v09x\097\telegram_notifier.py", line 105, in process_once
    self._process_file(pending)
    ~~~~~~~~~~~~~~~~~~^^^^^^^^^
  File "D:\GIT\okx-trading-bot\v09x\097\telegram_notifier.py", line 121, in _process_file
    self._send_message(payload)
    ~~~~~~~~~~~~~~~~~~^^^^^^^^^
  File "D:\GIT\okx-trading-bot\v09x\097\telegram_notifier.py", line 134, in _send_message
    with urllib.request.urlopen(request, timeout=25) as response:
         ~~~~~~~~~~~~~~~~~~~~~~^^^^^^^^^^^^^^^^^^^^^
  File "C:\Users\Home\AppData\Local\Python\pythoncore-3.14-64\Lib\urllib\request.py", line 187, in urlopen
    return opener.open(url, data, timeout)
           ~~~~~~~~~~~^^^^^^^^^^^^^^^^^^^^
  File "C:\Users\Home\AppData\Local\Python\pythoncore-3.14-64\Lib\urllib\request.py", line 487, in open
    response = self._open(req, data)
  File "C:\Users\Home\AppData\Local\Python\pythoncore-3.14-64\Lib\urllib\request.py", line 504, in _open
    result = self._call_chain(self.handle_open, protocol, protocol +
                              '_open', req)
  File "C:\Users\Home\AppData\Local\Python\pythoncore-3.14-64\Lib\urllib\request.py", line 464, in _call_chain
    result = func(*args)
  File "C:\Users\Home\AppData\Local\Python\pythoncore-3.14-64\Lib\urllib\request.py", line 1369, in https_open
    return self.do_open(http.client.HTTPSConnection, req,
           ~~~~~~~~~~~~^^^^^^^^^^^^^^^^^^^^^^^^^^^^^^^^^^
                        context=self._context)
                        ^^^^^^^^^^^^^^^^^^^^^^
  File "C:\Users\Home\AppData\Local\Python\pythoncore-3.14-64\Lib\urllib\request.py", line 1324, in do_open
    raise URLError(err)
urllib.error.URLError: <urlopen error [WinError 10054] Удаленный хост принудительно разорвал существующее подключение>
2026-03-22 17:47:41,743 | ERROR | Telegram worker item processing failed: <urlopen error [WinError 10054] Удаленный хост принудительно разорвал существующее подключение>
Traceback (most recent call last):
  File "C:\Users\Home\AppData\Local\Python\pythoncore-3.14-64\Lib\urllib\request.py", line 1321, in do_open
    h.request(req.get_method(), req.selector, req.data, headers,
    ~~~~~~~~~^^^^^^^^^^^^^^^^^^^^^^^^^^^^^^^^^^^^^^^^^^^^^^^^^^^
              encode_chunked=req.has_header('Transfer-encoding'))
              ^^^^^^^^^^^^^^^^^^^^^^^^^^^^^^^^^^^^^^^^^^^^^^^^^^^
  File "C:\Users\Home\AppData\Local\Python\pythoncore-3.14-64\Lib\http\client.py", line 1358, in request
    self._send_request(method, url, body, headers, encode_chunked)
    ~~~~~~~~~~~~~~~~~~^^^^^^^^^^^^^^^^^^^^^^^^^^^^^^^^^^^^^^^^^^^^
  File "C:\Users\Home\AppData\Local\Python\pythoncore-3.14-64\Lib\http\client.py", line 1404, in _send_request
    self.endheaders(body, encode_chunked=encode_chunked)
    ~~~~~~~~~~~~~~~^^^^^^^^^^^^^^^^^^^^^^^^^^^^^^^^^^^^^
  File "C:\Users\Home\AppData\Local\Python\pythoncore-3.14-64\Lib\http\client.py", line 1353, in endheaders
    self._send_output(message_body, encode_chunked=encode_chunked)
    ~~~~~~~~~~~~~~~~~^^^^^^^^^^^^^^^^^^^^^^^^^^^^^^^^^^^^^^^^^^^^^
  File "C:\Users\Home\AppData\Local\Python\pythoncore-3.14-64\Lib\http\client.py", line 1113, in _send_output
    self.send(msg)
    ~~~~~~~~~^^^^^
  File "C:\Users\Home\AppData\Local\Python\pythoncore-3.14-64\Lib\http\client.py", line 1057, in send
    self.connect()
    ~~~~~~~~~~~~^^
  File "C:\Users\Home\AppData\Local\Python\pythoncore-3.14-64\Lib\http\client.py", line 1499, in connect
    self.sock = self._context.wrap_socket(self.sock,
                ~~~~~~~~~~~~~~~~~~~~~~~~~^^^^^^^^^^^
                                          server_hostname=server_hostname)
                                          ^^^^^^^^^^^^^^^^^^^^^^^^^^^^^^^^
  File "C:\Users\Home\AppData\Local\Python\pythoncore-3.14-64\Lib\ssl.py", line 455, in wrap_socket
    return self.sslsocket_class._create(
           ~~~~~~~~~~~~~~~~~~~~~~~~~~~~^
        sock=sock,
        ^^^^^^^^^^
    ...<5 lines>...
        session=session
        ^^^^^^^^^^^^^^^
    )
    ^
  File "C:\Users\Home\AppData\Local\Python\pythoncore-3.14-64\Lib\ssl.py", line 1076, in _create
    self.do_handshake()
    ~~~~~~~~~~~~~~~~~^^
  File "C:\Users\Home\AppData\Local\Python\pythoncore-3.14-64\Lib\ssl.py", line 1372, in do_handshake
    self._sslobj.do_handshake()
    ~~~~~~~~~~~~~~~~~~~~~~~~~^^
ConnectionResetError: [WinError 10054] Удаленный хост принудительно разорвал существующее подключение

During handling of the above exception, another exception occurred:

Traceback (most recent call last):
  File "D:\GIT\okx-trading-bot\v09x\097\telegram_notifier.py", line 190, in run_worker_forever
    processed = worker.process_once()
  File "D:\GIT\okx-trading-bot\v09x\097\telegram_notifier.py", line 105, in process_once
    self._process_file(pending)
    ~~~~~~~~~~~~~~~~~~^^^^^^^^^
  File "D:\GIT\okx-trading-bot\v09x\097\telegram_notifier.py", line 119, in _process_file
    self._send_photo(payload)
    ~~~~~~~~~~~~~~~~^^^^^^^^^
  File "D:\GIT\okx-trading-bot\v09x\097\telegram_notifier.py", line 166, in _send_photo
    with urllib.request.urlopen(request, timeout=40) as response:
         ~~~~~~~~~~~~~~~~~~~~~~^^^^^^^^^^^^^^^^^^^^^
  File "C:\Users\Home\AppData\Local\Python\pythoncore-3.14-64\Lib\urllib\request.py", line 187, in urlopen
    return opener.open(url, data, timeout)
           ~~~~~~~~~~~^^^^^^^^^^^^^^^^^^^^
  File "C:\Users\Home\AppData\Local\Python\pythoncore-3.14-64\Lib\urllib\request.py", line 487, in open
    response = self._open(req, data)
  File "C:\Users\Home\AppData\Local\Python\pythoncore-3.14-64\Lib\urllib\request.py", line 504, in _open
    result = self._call_chain(self.handle_open, protocol, protocol +
                              '_open', req)
  File "C:\Users\Home\AppData\Local\Python\pythoncore-3.14-64\Lib\urllib\request.py", line 464, in _call_chain
    result = func(*args)
  File "C:\Users\Home\AppData\Local\Python\pythoncore-3.14-64\Lib\urllib\request.py", line 1369, in https_open
    return self.do_open(http.client.HTTPSConnection, req,
           ~~~~~~~~~~~~^^^^^^^^^^^^^^^^^^^^^^^^^^^^^^^^^^
                        context=self._context)
                        ^^^^^^^^^^^^^^^^^^^^^^
  File "C:\Users\Home\AppData\Local\Python\pythoncore-3.14-64\Lib\urllib\request.py", line 1324, in do_open
    raise URLError(err)
urllib.error.URLError: <urlopen error [WinError 10054] Удаленный хост принудительно разорвал существующее подключение>
2026-03-22 17:48:03,997 | ERROR | Telegram worker item processing failed: <urlopen error [WinError 10054] Удаленный хост принудительно разорвал существующее подключение>
Traceback (most recent call last):
  File "C:\Users\Home\AppData\Local\Python\pythoncore-3.14-64\Lib\urllib\request.py", line 1321, in do_open
    h.request(req.get_method(), req.selector, req.data, headers,
    ~~~~~~~~~^^^^^^^^^^^^^^^^^^^^^^^^^^^^^^^^^^^^^^^^^^^^^^^^^^^
              encode_chunked=req.has_header('Transfer-encoding'))
              ^^^^^^^^^^^^^^^^^^^^^^^^^^^^^^^^^^^^^^^^^^^^^^^^^^^
  File "C:\Users\Home\AppData\Local\Python\pythoncore-3.14-64\Lib\http\client.py", line 1358, in request
    self._send_request(method, url, body, headers, encode_chunked)
    ~~~~~~~~~~~~~~~~~~^^^^^^^^^^^^^^^^^^^^^^^^^^^^^^^^^^^^^^^^^^^^
  File "C:\Users\Home\AppData\Local\Python\pythoncore-3.14-64\Lib\http\client.py", line 1404, in _send_request
    self.endheaders(body, encode_chunked=encode_chunked)
    ~~~~~~~~~~~~~~~^^^^^^^^^^^^^^^^^^^^^^^^^^^^^^^^^^^^^
  File "C:\Users\Home\AppData\Local\Python\pythoncore-3.14-64\Lib\http\client.py", line 1353, in endheaders
    self._send_output(message_body, encode_chunked=encode_chunked)
    ~~~~~~~~~~~~~~~~~^^^^^^^^^^^^^^^^^^^^^^^^^^^^^^^^^^^^^^^^^^^^^
  File "C:\Users\Home\AppData\Local\Python\pythoncore-3.14-64\Lib\http\client.py", line 1113, in _send_output
    self.send(msg)
    ~~~~~~~~~^^^^^
  File "C:\Users\Home\AppData\Local\Python\pythoncore-3.14-64\Lib\http\client.py", line 1057, in send
    self.connect()
    ~~~~~~~~~~~~^^
  File "C:\Users\Home\AppData\Local\Python\pythoncore-3.14-64\Lib\http\client.py", line 1499, in connect
    self.sock = self._context.wrap_socket(self.sock,
                ~~~~~~~~~~~~~~~~~~~~~~~~~^^^^^^^^^^^
                                          server_hostname=server_hostname)
                                          ^^^^^^^^^^^^^^^^^^^^^^^^^^^^^^^^
  File "C:\Users\Home\AppData\Local\Python\pythoncore-3.14-64\Lib\ssl.py", line 455, in wrap_socket
    return self.sslsocket_class._create(
           ~~~~~~~~~~~~~~~~~~~~~~~~~~~~^
        sock=sock,
        ^^^^^^^^^^
    ...<5 lines>...
        session=session
        ^^^^^^^^^^^^^^^
    )
    ^
  File "C:\Users\Home\AppData\Local\Python\pythoncore-3.14-64\Lib\ssl.py", line 1076, in _create
    self.do_handshake()
    ~~~~~~~~~~~~~~~~~^^
  File "C:\Users\Home\AppData\Local\Python\pythoncore-3.14-64\Lib\ssl.py", line 1372, in do_handshake
    self._sslobj.do_handshake()
    ~~~~~~~~~~~~~~~~~~~~~~~~~^^
ConnectionResetError: [WinError 10054] Удаленный хост принудительно разорвал существующее подключение

During handling of the above exception, another exception occurred:

Traceback (most recent call last):
  File "D:\GIT\okx-trading-bot\v09x\097\telegram_notifier.py", line 190, in run_worker_forever
    processed = worker.process_once()
  File "D:\GIT\okx-trading-bot\v09x\097\telegram_notifier.py", line 105, in process_once
    self._process_file(pending)
    ~~~~~~~~~~~~~~~~~~^^^^^^^^^
  File "D:\GIT\okx-trading-bot\v09x\097\telegram_notifier.py", line 121, in _process_file
    self._send_message(payload)
    ~~~~~~~~~~~~~~~~~~^^^^^^^^^
  File "D:\GIT\okx-trading-bot\v09x\097\telegram_notifier.py", line 134, in _send_message
    with urllib.request.urlopen(request, timeout=25) as response:
         ~~~~~~~~~~~~~~~~~~~~~~^^^^^^^^^^^^^^^^^^^^^
  File "C:\Users\Home\AppData\Local\Python\pythoncore-3.14-64\Lib\urllib\request.py", line 187, in urlopen
    return opener.open(url, data, timeout)
           ~~~~~~~~~~~^^^^^^^^^^^^^^^^^^^^
  File "C:\Users\Home\AppData\Local\Python\pythoncore-3.14-64\Lib\urllib\request.py", line 487, in open
    response = self._open(req, data)
  File "C:\Users\Home\AppData\Local\Python\pythoncore-3.14-64\Lib\urllib\request.py", line 504, in _open
    result = self._call_chain(self.handle_open, protocol, protocol +
                              '_open', req)
  File "C:\Users\Home\AppData\Local\Python\pythoncore-3.14-64\Lib\urllib\request.py", line 464, in _call_chain
    result = func(*args)
  File "C:\Users\Home\AppData\Local\Python\pythoncore-3.14-64\Lib\urllib\request.py", line 1369, in https_open
    return self.do_open(http.client.HTTPSConnection, req,
           ~~~~~~~~~~~~^^^^^^^^^^^^^^^^^^^^^^^^^^^^^^^^^^
                        context=self._context)
                        ^^^^^^^^^^^^^^^^^^^^^^
  File "C:\Users\Home\AppData\Local\Python\pythoncore-3.14-64\Lib\urllib\request.py", line 1324, in do_open
    raise URLError(err)
urllib.error.URLError: <urlopen error [WinError 10054] Удаленный хост принудительно разорвал существующее подключение>
2026-03-22 17:48:26,244 | ERROR | Telegram worker item processing failed: <urlopen error [WinError 10054] Удаленный хост принудительно разорвал существующее подключение>
Traceback (most recent call last):
  File "C:\Users\Home\AppData\Local\Python\pythoncore-3.14-64\Lib\urllib\request.py", line 1321, in do_open
    h.request(req.get_method(), req.selector, req.data, headers,
    ~~~~~~~~~^^^^^^^^^^^^^^^^^^^^^^^^^^^^^^^^^^^^^^^^^^^^^^^^^^^
              encode_chunked=req.has_header('Transfer-encoding'))
              ^^^^^^^^^^^^^^^^^^^^^^^^^^^^^^^^^^^^^^^^^^^^^^^^^^^
  File "C:\Users\Home\AppData\Local\Python\pythoncore-3.14-64\Lib\http\client.py", line 1358, in request
    self._send_request(method, url, body, headers, encode_chunked)
    ~~~~~~~~~~~~~~~~~~^^^^^^^^^^^^^^^^^^^^^^^^^^^^^^^^^^^^^^^^^^^^
  File "C:\Users\Home\AppData\Local\Python\pythoncore-3.14-64\Lib\http\client.py", line 1404, in _send_request
    self.endheaders(body, encode_chunked=encode_chunked)
    ~~~~~~~~~~~~~~~^^^^^^^^^^^^^^^^^^^^^^^^^^^^^^^^^^^^^
  File "C:\Users\Home\AppData\Local\Python\pythoncore-3.14-64\Lib\http\client.py", line 1353, in endheaders
    self._send_output(message_body, encode_chunked=encode_chunked)
    ~~~~~~~~~~~~~~~~~^^^^^^^^^^^^^^^^^^^^^^^^^^^^^^^^^^^^^^^^^^^^^
  File "C:\Users\Home\AppData\Local\Python\pythoncore-3.14-64\Lib\http\client.py", line 1113, in _send_output
    self.send(msg)
    ~~~~~~~~~^^^^^
  File "C:\Users\Home\AppData\Local\Python\pythoncore-3.14-64\Lib\http\client.py", line 1057, in send
    self.connect()
    ~~~~~~~~~~~~^^
  File "C:\Users\Home\AppData\Local\Python\pythoncore-3.14-64\Lib\http\client.py", line 1499, in connect
    self.sock = self._context.wrap_socket(self.sock,
                ~~~~~~~~~~~~~~~~~~~~~~~~~^^^^^^^^^^^
                                          server_hostname=server_hostname)
                                          ^^^^^^^^^^^^^^^^^^^^^^^^^^^^^^^^
  File "C:\Users\Home\AppData\Local\Python\pythoncore-3.14-64\Lib\ssl.py", line 455, in wrap_socket
    return self.sslsocket_class._create(
           ~~~~~~~~~~~~~~~~~~~~~~~~~~~~^
        sock=sock,
        ^^^^^^^^^^
    ...<5 lines>...
        session=session
        ^^^^^^^^^^^^^^^
    )
    ^
  File "C:\Users\Home\AppData\Local\Python\pythoncore-3.14-64\Lib\ssl.py", line 1076, in _create
    self.do_handshake()
    ~~~~~~~~~~~~~~~~~^^
  File "C:\Users\Home\AppData\Local\Python\pythoncore-3.14-64\Lib\ssl.py", line 1372, in do_handshake
    self._sslobj.do_handshake()
    ~~~~~~~~~~~~~~~~~~~~~~~~~^^
ConnectionResetError: [WinError 10054] Удаленный хост принудительно разорвал существующее подключение

During handling of the above exception, another exception occurred:

Traceback (most recent call last):
  File "D:\GIT\okx-trading-bot\v09x\097\telegram_notifier.py", line 190, in run_worker_forever
    processed = worker.process_once()
  File "D:\GIT\okx-trading-bot\v09x\097\telegram_notifier.py", line 105, in process_once
    self._process_file(pending)
    ~~~~~~~~~~~~~~~~~~^^^^^^^^^
  File "D:\GIT\okx-trading-bot\v09x\097\telegram_notifier.py", line 121, in _process_file
    self._send_message(payload)
    ~~~~~~~~~~~~~~~~~~^^^^^^^^^
  File "D:\GIT\okx-trading-bot\v09x\097\telegram_notifier.py", line 134, in _send_message
    with urllib.request.urlopen(request, timeout=25) as response:
         ~~~~~~~~~~~~~~~~~~~~~~^^^^^^^^^^^^^^^^^^^^^
  File "C:\Users\Home\AppData\Local\Python\pythoncore-3.14-64\Lib\urllib\request.py", line 187, in urlopen
    return opener.open(url, data, timeout)
           ~~~~~~~~~~~^^^^^^^^^^^^^^^^^^^^
  File "C:\Users\Home\AppData\Local\Python\pythoncore-3.14-64\Lib\urllib\request.py", line 487, in open
    response = self._open(req, data)
  File "C:\Users\Home\AppData\Local\Python\pythoncore-3.14-64\Lib\urllib\request.py", line 504, in _open
    result = self._call_chain(self.handle_open, protocol, protocol +
                              '_open', req)
  File "C:\Users\Home\AppData\Local\Python\pythoncore-3.14-64\Lib\urllib\request.py", line 464, in _call_chain
    result = func(*args)
  File "C:\Users\Home\AppData\Local\Python\pythoncore-3.14-64\Lib\urllib\request.py", line 1369, in https_open
    return self.do_open(http.client.HTTPSConnection, req,
           ~~~~~~~~~~~~^^^^^^^^^^^^^^^^^^^^^^^^^^^^^^^^^^
                        context=self._context)
                        ^^^^^^^^^^^^^^^^^^^^^^
  File "C:\Users\Home\AppData\Local\Python\pythoncore-3.14-64\Lib\urllib\request.py", line 1324, in do_open
    raise URLError(err)
urllib.error.URLError: <urlopen error [WinError 10054] Удаленный хост принудительно разорвал существующее подключение>
2026-03-22 17:48:48,495 | ERROR | Telegram worker item processing failed: <urlopen error [WinError 10054] Удаленный хост принудительно разорвал существующее подключение>
Traceback (most recent call last):
  File "C:\Users\Home\AppData\Local\Python\pythoncore-3.14-64\Lib\urllib\request.py", line 1321, in do_open
    h.request(req.get_method(), req.selector, req.data, headers,
    ~~~~~~~~~^^^^^^^^^^^^^^^^^^^^^^^^^^^^^^^^^^^^^^^^^^^^^^^^^^^
              encode_chunked=req.has_header('Transfer-encoding'))
              ^^^^^^^^^^^^^^^^^^^^^^^^^^^^^^^^^^^^^^^^^^^^^^^^^^^
  File "C:\Users\Home\AppData\Local\Python\pythoncore-3.14-64\Lib\http\client.py", line 1358, in request
    self._send_request(method, url, body, headers, encode_chunked)
    ~~~~~~~~~~~~~~~~~~^^^^^^^^^^^^^^^^^^^^^^^^^^^^^^^^^^^^^^^^^^^^
  File "C:\Users\Home\AppData\Local\Python\pythoncore-3.14-64\Lib\http\client.py", line 1404, in _send_request
    self.endheaders(body, encode_chunked=encode_chunked)
    ~~~~~~~~~~~~~~~^^^^^^^^^^^^^^^^^^^^^^^^^^^^^^^^^^^^^
  File "C:\Users\Home\AppData\Local\Python\pythoncore-3.14-64\Lib\http\client.py", line 1353, in endheaders
    self._send_output(message_body, encode_chunked=encode_chunked)
    ~~~~~~~~~~~~~~~~~^^^^^^^^^^^^^^^^^^^^^^^^^^^^^^^^^^^^^^^^^^^^^
  File "C:\Users\Home\AppData\Local\Python\pythoncore-3.14-64\Lib\http\client.py", line 1113, in _send_output
    self.send(msg)
    ~~~~~~~~~^^^^^
  File "C:\Users\Home\AppData\Local\Python\pythoncore-3.14-64\Lib\http\client.py", line 1057, in send
    self.connect()
    ~~~~~~~~~~~~^^
  File "C:\Users\Home\AppData\Local\Python\pythoncore-3.14-64\Lib\http\client.py", line 1499, in connect
    self.sock = self._context.wrap_socket(self.sock,
                ~~~~~~~~~~~~~~~~~~~~~~~~~^^^^^^^^^^^
                                          server_hostname=server_hostname)
                                          ^^^^^^^^^^^^^^^^^^^^^^^^^^^^^^^^
  File "C:\Users\Home\AppData\Local\Python\pythoncore-3.14-64\Lib\ssl.py", line 455, in wrap_socket
    return self.sslsocket_class._create(
           ~~~~~~~~~~~~~~~~~~~~~~~~~~~~^
        sock=sock,
        ^^^^^^^^^^
    ...<5 lines>...
        session=session
        ^^^^^^^^^^^^^^^
    )
    ^
  File "C:\Users\Home\AppData\Local\Python\pythoncore-3.14-64\Lib\ssl.py", line 1076, in _create
    self.do_handshake()
    ~~~~~~~~~~~~~~~~~^^
  File "C:\Users\Home\AppData\Local\Python\pythoncore-3.14-64\Lib\ssl.py", line 1372, in do_handshake
    self._sslobj.do_handshake()
    ~~~~~~~~~~~~~~~~~~~~~~~~~^^
ConnectionResetError: [WinError 10054] Удаленный хост принудительно разорвал существующее подключение

During handling of the above exception, another exception occurred:

Traceback (most recent call last):
  File "D:\GIT\okx-trading-bot\v09x\097\telegram_notifier.py", line 190, in run_worker_forever
    processed = worker.process_once()
  File "D:\GIT\okx-trading-bot\v09x\097\telegram_notifier.py", line 105, in process_once
    self._process_file(pending)
    ~~~~~~~~~~~~~~~~~~^^^^^^^^^
  File "D:\GIT\okx-trading-bot\v09x\097\telegram_notifier.py", line 121, in _process_file
    self._send_message(payload)
    ~~~~~~~~~~~~~~~~~~^^^^^^^^^
  File "D:\GIT\okx-trading-bot\v09x\097\telegram_notifier.py", line 134, in _send_message
    with urllib.request.urlopen(request, timeout=25) as response:
         ~~~~~~~~~~~~~~~~~~~~~~^^^^^^^^^^^^^^^^^^^^^
  File "C:\Users\Home\AppData\Local\Python\pythoncore-3.14-64\Lib\urllib\request.py", line 187, in urlopen
    return opener.open(url, data, timeout)
           ~~~~~~~~~~~^^^^^^^^^^^^^^^^^^^^
  File "C:\Users\Home\AppData\Local\Python\pythoncore-3.14-64\Lib\urllib\request.py", line 487, in open
    response = self._open(req, data)
  File "C:\Users\Home\AppData\Local\Python\pythoncore-3.14-64\Lib\urllib\request.py", line 504, in _open
    result = self._call_chain(self.handle_open, protocol, protocol +
                              '_open', req)
  File "C:\Users\Home\AppData\Local\Python\pythoncore-3.14-64\Lib\urllib\request.py", line 464, in _call_chain
    result = func(*args)
  File "C:\Users\Home\AppData\Local\Python\pythoncore-3.14-64\Lib\urllib\request.py", line 1369, in https_open
    return self.do_open(http.client.HTTPSConnection, req,
           ~~~~~~~~~~~~^^^^^^^^^^^^^^^^^^^^^^^^^^^^^^^^^^
                        context=self._context)
                        ^^^^^^^^^^^^^^^^^^^^^^
  File "C:\Users\Home\AppData\Local\Python\pythoncore-3.14-64\Lib\urllib\request.py", line 1324, in do_open
    raise URLError(err)
urllib.error.URLError: <urlopen error [WinError 10054] Удаленный хост принудительно разорвал существующее подключение>
2026-03-22 17:49:10,752 | ERROR | Telegram worker item processing failed: <urlopen error [WinError 10054] Удаленный хост принудительно разорвал существующее подключение>
Traceback (most recent call last):
  File "C:\Users\Home\AppData\Local\Python\pythoncore-3.14-64\Lib\urllib\request.py", line 1321, in do_open
    h.request(req.get_method(), req.selector, req.data, headers,
    ~~~~~~~~~^^^^^^^^^^^^^^^^^^^^^^^^^^^^^^^^^^^^^^^^^^^^^^^^^^^
              encode_chunked=req.has_header('Transfer-encoding'))
              ^^^^^^^^^^^^^^^^^^^^^^^^^^^^^^^^^^^^^^^^^^^^^^^^^^^
  File "C:\Users\Home\AppData\Local\Python\pythoncore-3.14-64\Lib\http\client.py", line 1358, in request
    self._send_request(method, url, body, headers, encode_chunked)
    ~~~~~~~~~~~~~~~~~~^^^^^^^^^^^^^^^^^^^^^^^^^^^^^^^^^^^^^^^^^^^^
  File "C:\Users\Home\AppData\Local\Python\pythoncore-3.14-64\Lib\http\client.py", line 1404, in _send_request
    self.endheaders(body, encode_chunked=encode_chunked)
    ~~~~~~~~~~~~~~~^^^^^^^^^^^^^^^^^^^^^^^^^^^^^^^^^^^^^
  File "C:\Users\Home\AppData\Local\Python\pythoncore-3.14-64\Lib\http\client.py", line 1353, in endheaders
    self._send_output(message_body, encode_chunked=encode_chunked)
    ~~~~~~~~~~~~~~~~~^^^^^^^^^^^^^^^^^^^^^^^^^^^^^^^^^^^^^^^^^^^^^
  File "C:\Users\Home\AppData\Local\Python\pythoncore-3.14-64\Lib\http\client.py", line 1113, in _send_output
    self.send(msg)
    ~~~~~~~~~^^^^^
  File "C:\Users\Home\AppData\Local\Python\pythoncore-3.14-64\Lib\http\client.py", line 1057, in send
    self.connect()
    ~~~~~~~~~~~~^^
  File "C:\Users\Home\AppData\Local\Python\pythoncore-3.14-64\Lib\http\client.py", line 1499, in connect
    self.sock = self._context.wrap_socket(self.sock,
                ~~~~~~~~~~~~~~~~~~~~~~~~~^^^^^^^^^^^
                                          server_hostname=server_hostname)
                                          ^^^^^^^^^^^^^^^^^^^^^^^^^^^^^^^^
  File "C:\Users\Home\AppData\Local\Python\pythoncore-3.14-64\Lib\ssl.py", line 455, in wrap_socket
    return self.sslsocket_class._create(
           ~~~~~~~~~~~~~~~~~~~~~~~~~~~~^
        sock=sock,
        ^^^^^^^^^^
    ...<5 lines>...
        session=session
        ^^^^^^^^^^^^^^^
    )
    ^
  File "C:\Users\Home\AppData\Local\Python\pythoncore-3.14-64\Lib\ssl.py", line 1076, in _create
    self.do_handshake()
    ~~~~~~~~~~~~~~~~~^^
  File "C:\Users\Home\AppData\Local\Python\pythoncore-3.14-64\Lib\ssl.py", line 1372, in do_handshake
    self._sslobj.do_handshake()
    ~~~~~~~~~~~~~~~~~~~~~~~~~^^
ConnectionResetError: [WinError 10054] Удаленный хост принудительно разорвал существующее подключение

During handling of the above exception, another exception occurred:

Traceback (most recent call last):
  File "D:\GIT\okx-trading-bot\v09x\097\telegram_notifier.py", line 190, in run_worker_forever
    processed = worker.process_once()
  File "D:\GIT\okx-trading-bot\v09x\097\telegram_notifier.py", line 105, in process_once
    self._process_file(pending)
    ~~~~~~~~~~~~~~~~~~^^^^^^^^^
  File "D:\GIT\okx-trading-bot\v09x\097\telegram_notifier.py", line 121, in _process_file
    self._send_message(payload)
    ~~~~~~~~~~~~~~~~~~^^^^^^^^^
  File "D:\GIT\okx-trading-bot\v09x\097\telegram_notifier.py", line 134, in _send_message
    with urllib.request.urlopen(request, timeout=25) as response:
         ~~~~~~~~~~~~~~~~~~~~~~^^^^^^^^^^^^^^^^^^^^^
  File "C:\Users\Home\AppData\Local\Python\pythoncore-3.14-64\Lib\urllib\request.py", line 187, in urlopen
    return opener.open(url, data, timeout)
           ~~~~~~~~~~~^^^^^^^^^^^^^^^^^^^^
  File "C:\Users\Home\AppData\Local\Python\pythoncore-3.14-64\Lib\urllib\request.py", line 487, in open
    response = self._open(req, data)
  File "C:\Users\Home\AppData\Local\Python\pythoncore-3.14-64\Lib\urllib\request.py", line 504, in _open
    result = self._call_chain(self.handle_open, protocol, protocol +
                              '_open', req)
  File "C:\Users\Home\AppData\Local\Python\pythoncore-3.14-64\Lib\urllib\request.py", line 464, in _call_chain
    result = func(*args)
  File "C:\Users\Home\AppData\Local\Python\pythoncore-3.14-64\Lib\urllib\request.py", line 1369, in https_open
    return self.do_open(http.client.HTTPSConnection, req,
           ~~~~~~~~~~~~^^^^^^^^^^^^^^^^^^^^^^^^^^^^^^^^^^
                        context=self._context)
                        ^^^^^^^^^^^^^^^^^^^^^^
  File "C:\Users\Home\AppData\Local\Python\pythoncore-3.14-64\Lib\urllib\request.py", line 1324, in do_open
    raise URLError(err)
urllib.error.URLError: <urlopen error [WinError 10054] Удаленный хост принудительно разорвал существующее подключение>
2026-03-22 17:49:32,987 | ERROR | Telegram worker item processing failed: <urlopen error [WinError 10054] Удаленный хост принудительно разорвал существующее подключение>
Traceback (most recent call last):
  File "C:\Users\Home\AppData\Local\Python\pythoncore-3.14-64\Lib\urllib\request.py", line 1321, in do_open
    h.request(req.get_method(), req.selector, req.data, headers,
    ~~~~~~~~~^^^^^^^^^^^^^^^^^^^^^^^^^^^^^^^^^^^^^^^^^^^^^^^^^^^
              encode_chunked=req.has_header('Transfer-encoding'))
              ^^^^^^^^^^^^^^^^^^^^^^^^^^^^^^^^^^^^^^^^^^^^^^^^^^^
  File "C:\Users\Home\AppData\Local\Python\pythoncore-3.14-64\Lib\http\client.py", line 1358, in request
    self._send_request(method, url, body, headers, encode_chunked)
    ~~~~~~~~~~~~~~~~~~^^^^^^^^^^^^^^^^^^^^^^^^^^^^^^^^^^^^^^^^^^^^
  File "C:\Users\Home\AppData\Local\Python\pythoncore-3.14-64\Lib\http\client.py", line 1404, in _send_request
    self.endheaders(body, encode_chunked=encode_chunked)
    ~~~~~~~~~~~~~~~^^^^^^^^^^^^^^^^^^^^^^^^^^^^^^^^^^^^^
  File "C:\Users\Home\AppData\Local\Python\pythoncore-3.14-64\Lib\http\client.py", line 1353, in endheaders
    self._send_output(message_body, encode_chunked=encode_chunked)
    ~~~~~~~~~~~~~~~~~^^^^^^^^^^^^^^^^^^^^^^^^^^^^^^^^^^^^^^^^^^^^^
  File "C:\Users\Home\AppData\Local\Python\pythoncore-3.14-64\Lib\http\client.py", line 1113, in _send_output
    self.send(msg)
    ~~~~~~~~~^^^^^
  File "C:\Users\Home\AppData\Local\Python\pythoncore-3.14-64\Lib\http\client.py", line 1057, in send
    self.connect()
    ~~~~~~~~~~~~^^
  File "C:\Users\Home\AppData\Local\Python\pythoncore-3.14-64\Lib\http\client.py", line 1499, in connect
    self.sock = self._context.wrap_socket(self.sock,
                ~~~~~~~~~~~~~~~~~~~~~~~~~^^^^^^^^^^^
                                          server_hostname=server_hostname)
                                          ^^^^^^^^^^^^^^^^^^^^^^^^^^^^^^^^
  File "C:\Users\Home\AppData\Local\Python\pythoncore-3.14-64\Lib\ssl.py", line 455, in wrap_socket
    return self.sslsocket_class._create(
           ~~~~~~~~~~~~~~~~~~~~~~~~~~~~^
        sock=sock,
        ^^^^^^^^^^
    ...<5 lines>...
        session=session
        ^^^^^^^^^^^^^^^
    )
    ^
  File "C:\Users\Home\AppData\Local\Python\pythoncore-3.14-64\Lib\ssl.py", line 1076, in _create
    self.do_handshake()
    ~~~~~~~~~~~~~~~~~^^
  File "C:\Users\Home\AppData\Local\Python\pythoncore-3.14-64\Lib\ssl.py", line 1372, in do_handshake
    self._sslobj.do_handshake()
    ~~~~~~~~~~~~~~~~~~~~~~~~~^^
ConnectionResetError: [WinError 10054] Удаленный хост принудительно разорвал существующее подключение

During handling of the above exception, another exception occurred:

Traceback (most recent call last):
  File "D:\GIT\okx-trading-bot\v09x\097\telegram_notifier.py", line 190, in run_worker_forever
    processed = worker.process_once()
  File "D:\GIT\okx-trading-bot\v09x\097\telegram_notifier.py", line 105, in process_once
    self._process_file(pending)
    ~~~~~~~~~~~~~~~~~~^^^^^^^^^
  File "D:\GIT\okx-trading-bot\v09x\097\telegram_notifier.py", line 119, in _process_file
    self._send_photo(payload)
    ~~~~~~~~~~~~~~~~^^^^^^^^^
  File "D:\GIT\okx-trading-bot\v09x\097\telegram_notifier.py", line 166, in _send_photo
    with urllib.request.urlopen(request, timeout=40) as response:
         ~~~~~~~~~~~~~~~~~~~~~~^^^^^^^^^^^^^^^^^^^^^
  File "C:\Users\Home\AppData\Local\Python\pythoncore-3.14-64\Lib\urllib\request.py", line 187, in urlopen
    return opener.open(url, data, timeout)
           ~~~~~~~~~~~^^^^^^^^^^^^^^^^^^^^
  File "C:\Users\Home\AppData\Local\Python\pythoncore-3.14-64\Lib\urllib\request.py", line 487, in open
    response = self._open(req, data)
  File "C:\Users\Home\AppData\Local\Python\pythoncore-3.14-64\Lib\urllib\request.py", line 504, in _open
    result = self._call_chain(self.handle_open, protocol, protocol +
                              '_open', req)
  File "C:\Users\Home\AppData\Local\Python\pythoncore-3.14-64\Lib\urllib\request.py", line 464, in _call_chain
    result = func(*args)
  File "C:\Users\Home\AppData\Local\Python\pythoncore-3.14-64\Lib\urllib\request.py", line 1369, in https_open
    return self.do_open(http.client.HTTPSConnection, req,
           ~~~~~~~~~~~~^^^^^^^^^^^^^^^^^^^^^^^^^^^^^^^^^^
                        context=self._context)
                        ^^^^^^^^^^^^^^^^^^^^^^
  File "C:\Users\Home\AppData\Local\Python\pythoncore-3.14-64\Lib\urllib\request.py", line 1324, in do_open
    raise URLError(err)
urllib.error.URLError: <urlopen error [WinError 10054] Удаленный хост принудительно разорвал существующее подключение>
2026-03-22 17:49:55,234 | ERROR | Telegram worker item processing failed: <urlopen error [WinError 10054] Удаленный хост принудительно разорвал существующее подключение>
Traceback (most recent call last):
  File "C:\Users\Home\AppData\Local\Python\pythoncore-3.14-64\Lib\urllib\request.py", line 1321, in do_open
    h.request(req.get_method(), req.selector, req.data, headers,
    ~~~~~~~~~^^^^^^^^^^^^^^^^^^^^^^^^^^^^^^^^^^^^^^^^^^^^^^^^^^^
              encode_chunked=req.has_header('Transfer-encoding'))
              ^^^^^^^^^^^^^^^^^^^^^^^^^^^^^^^^^^^^^^^^^^^^^^^^^^^
  File "C:\Users\Home\AppData\Local\Python\pythoncore-3.14-64\Lib\http\client.py", line 1358, in request
    self._send_request(method, url, body, headers, encode_chunked)
    ~~~~~~~~~~~~~~~~~~^^^^^^^^^^^^^^^^^^^^^^^^^^^^^^^^^^^^^^^^^^^^
  File "C:\Users\Home\AppData\Local\Python\pythoncore-3.14-64\Lib\http\client.py", line 1404, in _send_request
    self.endheaders(body, encode_chunked=encode_chunked)
    ~~~~~~~~~~~~~~~^^^^^^^^^^^^^^^^^^^^^^^^^^^^^^^^^^^^^
  File "C:\Users\Home\AppData\Local\Python\pythoncore-3.14-64\Lib\http\client.py", line 1353, in endheaders
    self._send_output(message_body, encode_chunked=encode_chunked)
    ~~~~~~~~~~~~~~~~~^^^^^^^^^^^^^^^^^^^^^^^^^^^^^^^^^^^^^^^^^^^^^
  File "C:\Users\Home\AppData\Local\Python\pythoncore-3.14-64\Lib\http\client.py", line 1113, in _send_output
    self.send(msg)
    ~~~~~~~~~^^^^^
  File "C:\Users\Home\AppData\Local\Python\pythoncore-3.14-64\Lib\http\client.py", line 1057, in send
    self.connect()
    ~~~~~~~~~~~~^^
  File "C:\Users\Home\AppData\Local\Python\pythoncore-3.14-64\Lib\http\client.py", line 1499, in connect
    self.sock = self._context.wrap_socket(self.sock,
                ~~~~~~~~~~~~~~~~~~~~~~~~~^^^^^^^^^^^
                                          server_hostname=server_hostname)
                                          ^^^^^^^^^^^^^^^^^^^^^^^^^^^^^^^^
  File "C:\Users\Home\AppData\Local\Python\pythoncore-3.14-64\Lib\ssl.py", line 455, in wrap_socket
    return self.sslsocket_class._create(
           ~~~~~~~~~~~~~~~~~~~~~~~~~~~~^
        sock=sock,
        ^^^^^^^^^^
    ...<5 lines>...
        session=session
        ^^^^^^^^^^^^^^^
    )
    ^
  File "C:\Users\Home\AppData\Local\Python\pythoncore-3.14-64\Lib\ssl.py", line 1076, in _create
    self.do_handshake()
    ~~~~~~~~~~~~~~~~~^^
  File "C:\Users\Home\AppData\Local\Python\pythoncore-3.14-64\Lib\ssl.py", line 1372, in do_handshake
    self._sslobj.do_handshake()
    ~~~~~~~~~~~~~~~~~~~~~~~~~^^
ConnectionResetError: [WinError 10054] Удаленный хост принудительно разорвал существующее подключение

During handling of the above exception, another exception occurred:

Traceback (most recent call last):
  File "D:\GIT\okx-trading-bot\v09x\097\telegram_notifier.py", line 190, in run_worker_forever
    processed = worker.process_once()
  File "D:\GIT\okx-trading-bot\v09x\097\telegram_notifier.py", line 105, in process_once
    self._process_file(pending)
    ~~~~~~~~~~~~~~~~~~^^^^^^^^^
  File "D:\GIT\okx-trading-bot\v09x\097\telegram_notifier.py", line 121, in _process_file
    self._send_message(payload)
    ~~~~~~~~~~~~~~~~~~^^^^^^^^^
  File "D:\GIT\okx-trading-bot\v09x\097\telegram_notifier.py", line 134, in _send_message
    with urllib.request.urlopen(request, timeout=25) as response:
         ~~~~~~~~~~~~~~~~~~~~~~^^^^^^^^^^^^^^^^^^^^^
  File "C:\Users\Home\AppData\Local\Python\pythoncore-3.14-64\Lib\urllib\request.py", line 187, in urlopen
    return opener.open(url, data, timeout)
           ~~~~~~~~~~~^^^^^^^^^^^^^^^^^^^^
  File "C:\Users\Home\AppData\Local\Python\pythoncore-3.14-64\Lib\urllib\request.py", line 487, in open
    response = self._open(req, data)
  File "C:\Users\Home\AppData\Local\Python\pythoncore-3.14-64\Lib\urllib\request.py", line 504, in _open
    result = self._call_chain(self.handle_open, protocol, protocol +
                              '_open', req)
  File "C:\Users\Home\AppData\Local\Python\pythoncore-3.14-64\Lib\urllib\request.py", line 464, in _call_chain
    result = func(*args)
  File "C:\Users\Home\AppData\Local\Python\pythoncore-3.14-64\Lib\urllib\request.py", line 1369, in https_open
    return self.do_open(http.client.HTTPSConnection, req,
           ~~~~~~~~~~~~^^^^^^^^^^^^^^^^^^^^^^^^^^^^^^^^^^
                        context=self._context)
                        ^^^^^^^^^^^^^^^^^^^^^^
  File "C:\Users\Home\AppData\Local\Python\pythoncore-3.14-64\Lib\urllib\request.py", line 1324, in do_open
    raise URLError(err)
urllib.error.URLError: <urlopen error [WinError 10054] Удаленный хост принудительно разорвал существующее подключение>
2026-03-22 17:50:17,534 | ERROR | Telegram worker item processing failed: <urlopen error [WinError 10054] Удаленный хост принудительно разорвал существующее подключение>
Traceback (most recent call last):
  File "C:\Users\Home\AppData\Local\Python\pythoncore-3.14-64\Lib\urllib\request.py", line 1321, in do_open
    h.request(req.get_method(), req.selector, req.data, headers,
    ~~~~~~~~~^^^^^^^^^^^^^^^^^^^^^^^^^^^^^^^^^^^^^^^^^^^^^^^^^^^
              encode_chunked=req.has_header('Transfer-encoding'))
              ^^^^^^^^^^^^^^^^^^^^^^^^^^^^^^^^^^^^^^^^^^^^^^^^^^^
  File "C:\Users\Home\AppData\Local\Python\pythoncore-3.14-64\Lib\http\client.py", line 1358, in request
    self._send_request(method, url, body, headers, encode_chunked)
    ~~~~~~~~~~~~~~~~~~^^^^^^^^^^^^^^^^^^^^^^^^^^^^^^^^^^^^^^^^^^^^
  File "C:\Users\Home\AppData\Local\Python\pythoncore-3.14-64\Lib\http\client.py", line 1404, in _send_request
    self.endheaders(body, encode_chunked=encode_chunked)
    ~~~~~~~~~~~~~~~^^^^^^^^^^^^^^^^^^^^^^^^^^^^^^^^^^^^^
  File "C:\Users\Home\AppData\Local\Python\pythoncore-3.14-64\Lib\http\client.py", line 1353, in endheaders
    self._send_output(message_body, encode_chunked=encode_chunked)
    ~~~~~~~~~~~~~~~~~^^^^^^^^^^^^^^^^^^^^^^^^^^^^^^^^^^^^^^^^^^^^^
  File "C:\Users\Home\AppData\Local\Python\pythoncore-3.14-64\Lib\http\client.py", line 1113, in _send_output
    self.send(msg)
    ~~~~~~~~~^^^^^
  File "C:\Users\Home\AppData\Local\Python\pythoncore-3.14-64\Lib\http\client.py", line 1057, in send
    self.connect()
    ~~~~~~~~~~~~^^
  File "C:\Users\Home\AppData\Local\Python\pythoncore-3.14-64\Lib\http\client.py", line 1499, in connect
    self.sock = self._context.wrap_socket(self.sock,
                ~~~~~~~~~~~~~~~~~~~~~~~~~^^^^^^^^^^^
                                          server_hostname=server_hostname)
                                          ^^^^^^^^^^^^^^^^^^^^^^^^^^^^^^^^
  File "C:\Users\Home\AppData\Local\Python\pythoncore-3.14-64\Lib\ssl.py", line 455, in wrap_socket
    return self.sslsocket_class._create(
           ~~~~~~~~~~~~~~~~~~~~~~~~~~~~^
        sock=sock,
        ^^^^^^^^^^
    ...<5 lines>...
        session=session
        ^^^^^^^^^^^^^^^
    )
    ^
  File "C:\Users\Home\AppData\Local\Python\pythoncore-3.14-64\Lib\ssl.py", line 1076, in _create
    self.do_handshake()
    ~~~~~~~~~~~~~~~~~^^
  File "C:\Users\Home\AppData\Local\Python\pythoncore-3.14-64\Lib\ssl.py", line 1372, in do_handshake
    self._sslobj.do_handshake()
    ~~~~~~~~~~~~~~~~~~~~~~~~~^^
ConnectionResetError: [WinError 10054] Удаленный хост принудительно разорвал существующее подключение

During handling of the above exception, another exception occurred:

Traceback (most recent call last):
  File "D:\GIT\okx-trading-bot\v09x\097\telegram_notifier.py", line 190, in run_worker_forever
    processed = worker.process_once()
  File "D:\GIT\okx-trading-bot\v09x\097\telegram_notifier.py", line 105, in process_once
    self._process_file(pending)
    ~~~~~~~~~~~~~~~~~~^^^^^^^^^
  File "D:\GIT\okx-trading-bot\v09x\097\telegram_notifier.py", line 121, in _process_file
    self._send_message(payload)
    ~~~~~~~~~~~~~~~~~~^^^^^^^^^
  File "D:\GIT\okx-trading-bot\v09x\097\telegram_notifier.py", line 134, in _send_message
    with urllib.request.urlopen(request, timeout=25) as response:
         ~~~~~~~~~~~~~~~~~~~~~~^^^^^^^^^^^^^^^^^^^^^
  File "C:\Users\Home\AppData\Local\Python\pythoncore-3.14-64\Lib\urllib\request.py", line 187, in urlopen
    return opener.open(url, data, timeout)
           ~~~~~~~~~~~^^^^^^^^^^^^^^^^^^^^
  File "C:\Users\Home\AppData\Local\Python\pythoncore-3.14-64\Lib\urllib\request.py", line 487, in open
    response = self._open(req, data)
  File "C:\Users\Home\AppData\Local\Python\pythoncore-3.14-64\Lib\urllib\request.py", line 504, in _open
    result = self._call_chain(self.handle_open, protocol, protocol +
                              '_open', req)
  File "C:\Users\Home\AppData\Local\Python\pythoncore-3.14-64\Lib\urllib\request.py", line 464, in _call_chain
    result = func(*args)
  File "C:\Users\Home\AppData\Local\Python\pythoncore-3.14-64\Lib\urllib\request.py", line 1369, in https_open
    return self.do_open(http.client.HTTPSConnection, req,
           ~~~~~~~~~~~~^^^^^^^^^^^^^^^^^^^^^^^^^^^^^^^^^^
                        context=self._context)
                        ^^^^^^^^^^^^^^^^^^^^^^
  File "C:\Users\Home\AppData\Local\Python\pythoncore-3.14-64\Lib\urllib\request.py", line 1324, in do_open
    raise URLError(err)
urllib.error.URLError: <urlopen error [WinError 10054] Удаленный хост принудительно разорвал существующее подключение>
2026-03-22 17:50:39,779 | ERROR | Telegram worker item processing failed: <urlopen error [WinError 10054] Удаленный хост принудительно разорвал существующее подключение>
Traceback (most recent call last):
  File "C:\Users\Home\AppData\Local\Python\pythoncore-3.14-64\Lib\urllib\request.py", line 1321, in do_open
    h.request(req.get_method(), req.selector, req.data, headers,
    ~~~~~~~~~^^^^^^^^^^^^^^^^^^^^^^^^^^^^^^^^^^^^^^^^^^^^^^^^^^^
              encode_chunked=req.has_header('Transfer-encoding'))
              ^^^^^^^^^^^^^^^^^^^^^^^^^^^^^^^^^^^^^^^^^^^^^^^^^^^
  File "C:\Users\Home\AppData\Local\Python\pythoncore-3.14-64\Lib\http\client.py", line 1358, in request
    self._send_request(method, url, body, headers, encode_chunked)
    ~~~~~~~~~~~~~~~~~~^^^^^^^^^^^^^^^^^^^^^^^^^^^^^^^^^^^^^^^^^^^^
  File "C:\Users\Home\AppData\Local\Python\pythoncore-3.14-64\Lib\http\client.py", line 1404, in _send_request
    self.endheaders(body, encode_chunked=encode_chunked)
    ~~~~~~~~~~~~~~~^^^^^^^^^^^^^^^^^^^^^^^^^^^^^^^^^^^^^
  File "C:\Users\Home\AppData\Local\Python\pythoncore-3.14-64\Lib\http\client.py", line 1353, in endheaders
    self._send_output(message_body, encode_chunked=encode_chunked)
    ~~~~~~~~~~~~~~~~~^^^^^^^^^^^^^^^^^^^^^^^^^^^^^^^^^^^^^^^^^^^^^
  File "C:\Users\Home\AppData\Local\Python\pythoncore-3.14-64\Lib\http\client.py", line 1113, in _send_output
    self.send(msg)
    ~~~~~~~~~^^^^^
  File "C:\Users\Home\AppData\Local\Python\pythoncore-3.14-64\Lib\http\client.py", line 1057, in send
    self.connect()
    ~~~~~~~~~~~~^^
  File "C:\Users\Home\AppData\Local\Python\pythoncore-3.14-64\Lib\http\client.py", line 1499, in connect
    self.sock = self._context.wrap_socket(self.sock,
                ~~~~~~~~~~~~~~~~~~~~~~~~~^^^^^^^^^^^
                                          server_hostname=server_hostname)
                                          ^^^^^^^^^^^^^^^^^^^^^^^^^^^^^^^^
  File "C:\Users\Home\AppData\Local\Python\pythoncore-3.14-64\Lib\ssl.py", line 455, in wrap_socket
    return self.sslsocket_class._create(
           ~~~~~~~~~~~~~~~~~~~~~~~~~~~~^
        sock=sock,
        ^^^^^^^^^^
    ...<5 lines>...
        session=session
        ^^^^^^^^^^^^^^^
    )
    ^
  File "C:\Users\Home\AppData\Local\Python\pythoncore-3.14-64\Lib\ssl.py", line 1076, in _create
    self.do_handshake()
    ~~~~~~~~~~~~~~~~~^^
  File "C:\Users\Home\AppData\Local\Python\pythoncore-3.14-64\Lib\ssl.py", line 1372, in do_handshake
    self._sslobj.do_handshake()
    ~~~~~~~~~~~~~~~~~~~~~~~~~^^
ConnectionResetError: [WinError 10054] Удаленный хост принудительно разорвал существующее подключение

During handling of the above exception, another exception occurred:

Traceback (most recent call last):
  File "D:\GIT\okx-trading-bot\v09x\097\telegram_notifier.py", line 190, in run_worker_forever
    processed = worker.process_once()
  File "D:\GIT\okx-trading-bot\v09x\097\telegram_notifier.py", line 105, in process_once
    self._process_file(pending)
    ~~~~~~~~~~~~~~~~~~^^^^^^^^^
  File "D:\GIT\okx-trading-bot\v09x\097\telegram_notifier.py", line 121, in _process_file
    self._send_message(payload)
    ~~~~~~~~~~~~~~~~~~^^^^^^^^^
  File "D:\GIT\okx-trading-bot\v09x\097\telegram_notifier.py", line 134, in _send_message
    with urllib.request.urlopen(request, timeout=25) as response:
         ~~~~~~~~~~~~~~~~~~~~~~^^^^^^^^^^^^^^^^^^^^^
  File "C:\Users\Home\AppData\Local\Python\pythoncore-3.14-64\Lib\urllib\request.py", line 187, in urlopen
    return opener.open(url, data, timeout)
           ~~~~~~~~~~~^^^^^^^^^^^^^^^^^^^^
  File "C:\Users\Home\AppData\Local\Python\pythoncore-3.14-64\Lib\urllib\request.py", line 487, in open
    response = self._open(req, data)
  File "C:\Users\Home\AppData\Local\Python\pythoncore-3.14-64\Lib\urllib\request.py", line 504, in _open
    result = self._call_chain(self.handle_open, protocol, protocol +
                              '_open', req)
  File "C:\Users\Home\AppData\Local\Python\pythoncore-3.14-64\Lib\urllib\request.py", line 464, in _call_chain
    result = func(*args)
  File "C:\Users\Home\AppData\Local\Python\pythoncore-3.14-64\Lib\urllib\request.py", line 1369, in https_open
    return self.do_open(http.client.HTTPSConnection, req,
           ~~~~~~~~~~~~^^^^^^^^^^^^^^^^^^^^^^^^^^^^^^^^^^
                        context=self._context)
                        ^^^^^^^^^^^^^^^^^^^^^^
  File "C:\Users\Home\AppData\Local\Python\pythoncore-3.14-64\Lib\urllib\request.py", line 1324, in do_open
    raise URLError(err)
urllib.error.URLError: <urlopen error [WinError 10054] Удаленный хост принудительно разорвал существующее подключение>
2026-03-22 17:51:02,034 | ERROR | Telegram worker item processing failed: <urlopen error [WinError 10054] Удаленный хост принудительно разорвал существующее подключение>
Traceback (most recent call last):
  File "C:\Users\Home\AppData\Local\Python\pythoncore-3.14-64\Lib\urllib\request.py", line 1321, in do_open
    h.request(req.get_method(), req.selector, req.data, headers,
    ~~~~~~~~~^^^^^^^^^^^^^^^^^^^^^^^^^^^^^^^^^^^^^^^^^^^^^^^^^^^
              encode_chunked=req.has_header('Transfer-encoding'))
              ^^^^^^^^^^^^^^^^^^^^^^^^^^^^^^^^^^^^^^^^^^^^^^^^^^^
  File "C:\Users\Home\AppData\Local\Python\pythoncore-3.14-64\Lib\http\client.py", line 1358, in request
    self._send_request(method, url, body, headers, encode_chunked)
    ~~~~~~~~~~~~~~~~~~^^^^^^^^^^^^^^^^^^^^^^^^^^^^^^^^^^^^^^^^^^^^
  File "C:\Users\Home\AppData\Local\Python\pythoncore-3.14-64\Lib\http\client.py", line 1404, in _send_request
    self.endheaders(body, encode_chunked=encode_chunked)
    ~~~~~~~~~~~~~~~^^^^^^^^^^^^^^^^^^^^^^^^^^^^^^^^^^^^^
  File "C:\Users\Home\AppData\Local\Python\pythoncore-3.14-64\Lib\http\client.py", line 1353, in endheaders
    self._send_output(message_body, encode_chunked=encode_chunked)
    ~~~~~~~~~~~~~~~~~^^^^^^^^^^^^^^^^^^^^^^^^^^^^^^^^^^^^^^^^^^^^^
  File "C:\Users\Home\AppData\Local\Python\pythoncore-3.14-64\Lib\http\client.py", line 1113, in _send_output
    self.send(msg)
    ~~~~~~~~~^^^^^
  File "C:\Users\Home\AppData\Local\Python\pythoncore-3.14-64\Lib\http\client.py", line 1057, in send
    self.connect()
    ~~~~~~~~~~~~^^
  File "C:\Users\Home\AppData\Local\Python\pythoncore-3.14-64\Lib\http\client.py", line 1499, in connect
    self.sock = self._context.wrap_socket(self.sock,
                ~~~~~~~~~~~~~~~~~~~~~~~~~^^^^^^^^^^^
                                          server_hostname=server_hostname)
                                          ^^^^^^^^^^^^^^^^^^^^^^^^^^^^^^^^
  File "C:\Users\Home\AppData\Local\Python\pythoncore-3.14-64\Lib\ssl.py", line 455, in wrap_socket
    return self.sslsocket_class._create(
           ~~~~~~~~~~~~~~~~~~~~~~~~~~~~^
        sock=sock,
        ^^^^^^^^^^
    ...<5 lines>...
        session=session
        ^^^^^^^^^^^^^^^
    )
    ^
  File "C:\Users\Home\AppData\Local\Python\pythoncore-3.14-64\Lib\ssl.py", line 1076, in _create
    self.do_handshake()
    ~~~~~~~~~~~~~~~~~^^
  File "C:\Users\Home\AppData\Local\Python\pythoncore-3.14-64\Lib\ssl.py", line 1372, in do_handshake
    self._sslobj.do_handshake()
    ~~~~~~~~~~~~~~~~~~~~~~~~~^^
ConnectionResetError: [WinError 10054] Удаленный хост принудительно разорвал существующее подключение

During handling of the above exception, another exception occurred:

Traceback (most recent call last):
  File "D:\GIT\okx-trading-bot\v09x\097\telegram_notifier.py", line 190, in run_worker_forever
    processed = worker.process_once()
  File "D:\GIT\okx-trading-bot\v09x\097\telegram_notifier.py", line 105, in process_once
    self._process_file(pending)
    ~~~~~~~~~~~~~~~~~~^^^^^^^^^
  File "D:\GIT\okx-trading-bot\v09x\097\telegram_notifier.py", line 121, in _process_file
    self._send_message(payload)
    ~~~~~~~~~~~~~~~~~~^^^^^^^^^
  File "D:\GIT\okx-trading-bot\v09x\097\telegram_notifier.py", line 134, in _send_message
    with urllib.request.urlopen(request, timeout=25) as response:
         ~~~~~~~~~~~~~~~~~~~~~~^^^^^^^^^^^^^^^^^^^^^
  File "C:\Users\Home\AppData\Local\Python\pythoncore-3.14-64\Lib\urllib\request.py", line 187, in urlopen
    return opener.open(url, data, timeout)
           ~~~~~~~~~~~^^^^^^^^^^^^^^^^^^^^
  File "C:\Users\Home\AppData\Local\Python\pythoncore-3.14-64\Lib\urllib\request.py", line 487, in open
    response = self._open(req, data)
  File "C:\Users\Home\AppData\Local\Python\pythoncore-3.14-64\Lib\urllib\request.py", line 504, in _open
    result = self._call_chain(self.handle_open, protocol, protocol +
                              '_open', req)
  File "C:\Users\Home\AppData\Local\Python\pythoncore-3.14-64\Lib\urllib\request.py", line 464, in _call_chain
    result = func(*args)
  File "C:\Users\Home\AppData\Local\Python\pythoncore-3.14-64\Lib\urllib\request.py", line 1369, in https_open
    return self.do_open(http.client.HTTPSConnection, req,
           ~~~~~~~~~~~~^^^^^^^^^^^^^^^^^^^^^^^^^^^^^^^^^^
                        context=self._context)
                        ^^^^^^^^^^^^^^^^^^^^^^
  File "C:\Users\Home\AppData\Local\Python\pythoncore-3.14-64\Lib\urllib\request.py", line 1324, in do_open
    raise URLError(err)
urllib.error.URLError: <urlopen error [WinError 10054] Удаленный хост принудительно разорвал существующее подключение>
2026-03-22 17:51:24,288 | ERROR | Telegram worker item processing failed: <urlopen error [WinError 10054] Удаленный хост принудительно разорвал существующее подключение>
Traceback (most recent call last):
  File "C:\Users\Home\AppData\Local\Python\pythoncore-3.14-64\Lib\urllib\request.py", line 1321, in do_open
    h.request(req.get_method(), req.selector, req.data, headers,
    ~~~~~~~~~^^^^^^^^^^^^^^^^^^^^^^^^^^^^^^^^^^^^^^^^^^^^^^^^^^^
              encode_chunked=req.has_header('Transfer-encoding'))
              ^^^^^^^^^^^^^^^^^^^^^^^^^^^^^^^^^^^^^^^^^^^^^^^^^^^
  File "C:\Users\Home\AppData\Local\Python\pythoncore-3.14-64\Lib\http\client.py", line 1358, in request
    self._send_request(method, url, body, headers, encode_chunked)
    ~~~~~~~~~~~~~~~~~~^^^^^^^^^^^^^^^^^^^^^^^^^^^^^^^^^^^^^^^^^^^^
  File "C:\Users\Home\AppData\Local\Python\pythoncore-3.14-64\Lib\http\client.py", line 1404, in _send_request
    self.endheaders(body, encode_chunked=encode_chunked)
    ~~~~~~~~~~~~~~~^^^^^^^^^^^^^^^^^^^^^^^^^^^^^^^^^^^^^
  File "C:\Users\Home\AppData\Local\Python\pythoncore-3.14-64\Lib\http\client.py", line 1353, in endheaders
    self._send_output(message_body, encode_chunked=encode_chunked)
    ~~~~~~~~~~~~~~~~~^^^^^^^^^^^^^^^^^^^^^^^^^^^^^^^^^^^^^^^^^^^^^
  File "C:\Users\Home\AppData\Local\Python\pythoncore-3.14-64\Lib\http\client.py", line 1113, in _send_output
    self.send(msg)
    ~~~~~~~~~^^^^^
  File "C:\Users\Home\AppData\Local\Python\pythoncore-3.14-64\Lib\http\client.py", line 1057, in send
    self.connect()
    ~~~~~~~~~~~~^^
  File "C:\Users\Home\AppData\Local\Python\pythoncore-3.14-64\Lib\http\client.py", line 1499, in connect
    self.sock = self._context.wrap_socket(self.sock,
                ~~~~~~~~~~~~~~~~~~~~~~~~~^^^^^^^^^^^
                                          server_hostname=server_hostname)
                                          ^^^^^^^^^^^^^^^^^^^^^^^^^^^^^^^^
  File "C:\Users\Home\AppData\Local\Python\pythoncore-3.14-64\Lib\ssl.py", line 455, in wrap_socket
    return self.sslsocket_class._create(
           ~~~~~~~~~~~~~~~~~~~~~~~~~~~~^
        sock=sock,
        ^^^^^^^^^^
    ...<5 lines>...
        session=session
        ^^^^^^^^^^^^^^^
    )
    ^
  File "C:\Users\Home\AppData\Local\Python\pythoncore-3.14-64\Lib\ssl.py", line 1076, in _create
    self.do_handshake()
    ~~~~~~~~~~~~~~~~~^^
  File "C:\Users\Home\AppData\Local\Python\pythoncore-3.14-64\Lib\ssl.py", line 1372, in do_handshake
    self._sslobj.do_handshake()
    ~~~~~~~~~~~~~~~~~~~~~~~~~^^
ConnectionResetError: [WinError 10054] Удаленный хост принудительно разорвал существующее подключение

During handling of the above exception, another exception occurred:

Traceback (most recent call last):
  File "D:\GIT\okx-trading-bot\v09x\097\telegram_notifier.py", line 190, in run_worker_forever
    processed = worker.process_once()
  File "D:\GIT\okx-trading-bot\v09x\097\telegram_notifier.py", line 105, in process_once
    self._process_file(pending)
    ~~~~~~~~~~~~~~~~~~^^^^^^^^^
  File "D:\GIT\okx-trading-bot\v09x\097\telegram_notifier.py", line 121, in _process_file
    self._send_message(payload)
    ~~~~~~~~~~~~~~~~~~^^^^^^^^^
  File "D:\GIT\okx-trading-bot\v09x\097\telegram_notifier.py", line 134, in _send_message
    with urllib.request.urlopen(request, timeout=25) as response:
         ~~~~~~~~~~~~~~~~~~~~~~^^^^^^^^^^^^^^^^^^^^^
  File "C:\Users\Home\AppData\Local\Python\pythoncore-3.14-64\Lib\urllib\request.py", line 187, in urlopen
    return opener.open(url, data, timeout)
           ~~~~~~~~~~~^^^^^^^^^^^^^^^^^^^^
  File "C:\Users\Home\AppData\Local\Python\pythoncore-3.14-64\Lib\urllib\request.py", line 487, in open
    response = self._open(req, data)
  File "C:\Users\Home\AppData\Local\Python\pythoncore-3.14-64\Lib\urllib\request.py", line 504, in _open
    result = self._call_chain(self.handle_open, protocol, protocol +
                              '_open', req)
  File "C:\Users\Home\AppData\Local\Python\pythoncore-3.14-64\Lib\urllib\request.py", line 464, in _call_chain
    result = func(*args)
  File "C:\Users\Home\AppData\Local\Python\pythoncore-3.14-64\Lib\urllib\request.py", line 1369, in https_open
    return self.do_open(http.client.HTTPSConnection, req,
           ~~~~~~~~~~~~^^^^^^^^^^^^^^^^^^^^^^^^^^^^^^^^^^
                        context=self._context)
                        ^^^^^^^^^^^^^^^^^^^^^^
  File "C:\Users\Home\AppData\Local\Python\pythoncore-3.14-64\Lib\urllib\request.py", line 1324, in do_open
    raise URLError(err)
urllib.error.URLError: <urlopen error [WinError 10054] Удаленный хост принудительно разорвал существующее подключение>
2026-03-22 17:51:46,529 | ERROR | Telegram worker item processing failed: <urlopen error [WinError 10054] Удаленный хост принудительно разорвал существующее подключение>
Traceback (most recent call last):
  File "C:\Users\Home\AppData\Local\Python\pythoncore-3.14-64\Lib\urllib\request.py", line 1321, in do_open
    h.request(req.get_method(), req.selector, req.data, headers,
    ~~~~~~~~~^^^^^^^^^^^^^^^^^^^^^^^^^^^^^^^^^^^^^^^^^^^^^^^^^^^
              encode_chunked=req.has_header('Transfer-encoding'))
              ^^^^^^^^^^^^^^^^^^^^^^^^^^^^^^^^^^^^^^^^^^^^^^^^^^^
  File "C:\Users\Home\AppData\Local\Python\pythoncore-3.14-64\Lib\http\client.py", line 1358, in request
    self._send_request(method, url, body, headers, encode_chunked)
    ~~~~~~~~~~~~~~~~~~^^^^^^^^^^^^^^^^^^^^^^^^^^^^^^^^^^^^^^^^^^^^
  File "C:\Users\Home\AppData\Local\Python\pythoncore-3.14-64\Lib\http\client.py", line 1404, in _send_request
    self.endheaders(body, encode_chunked=encode_chunked)
    ~~~~~~~~~~~~~~~^^^^^^^^^^^^^^^^^^^^^^^^^^^^^^^^^^^^^
  File "C:\Users\Home\AppData\Local\Python\pythoncore-3.14-64\Lib\http\client.py", line 1353, in endheaders
    self._send_output(message_body, encode_chunked=encode_chunked)
    ~~~~~~~~~~~~~~~~~^^^^^^^^^^^^^^^^^^^^^^^^^^^^^^^^^^^^^^^^^^^^^
  File "C:\Users\Home\AppData\Local\Python\pythoncore-3.14-64\Lib\http\client.py", line 1113, in _send_output
    self.send(msg)
    ~~~~~~~~~^^^^^
  File "C:\Users\Home\AppData\Local\Python\pythoncore-3.14-64\Lib\http\client.py", line 1057, in send
    self.connect()
    ~~~~~~~~~~~~^^
  File "C:\Users\Home\AppData\Local\Python\pythoncore-3.14-64\Lib\http\client.py", line 1499, in connect
    self.sock = self._context.wrap_socket(self.sock,
                ~~~~~~~~~~~~~~~~~~~~~~~~~^^^^^^^^^^^
                                          server_hostname=server_hostname)
                                          ^^^^^^^^^^^^^^^^^^^^^^^^^^^^^^^^
  File "C:\Users\Home\AppData\Local\Python\pythoncore-3.14-64\Lib\ssl.py", line 455, in wrap_socket
    return self.sslsocket_class._create(
           ~~~~~~~~~~~~~~~~~~~~~~~~~~~~^
        sock=sock,
        ^^^^^^^^^^
    ...<5 lines>...
        session=session
        ^^^^^^^^^^^^^^^
    )
    ^
  File "C:\Users\Home\AppData\Local\Python\pythoncore-3.14-64\Lib\ssl.py", line 1076, in _create
    self.do_handshake()
    ~~~~~~~~~~~~~~~~~^^
  File "C:\Users\Home\AppData\Local\Python\pythoncore-3.14-64\Lib\ssl.py", line 1372, in do_handshake
    self._sslobj.do_handshake()
    ~~~~~~~~~~~~~~~~~~~~~~~~~^^
ConnectionResetError: [WinError 10054] Удаленный хост принудительно разорвал существующее подключение

During handling of the above exception, another exception occurred:

Traceback (most recent call last):
  File "D:\GIT\okx-trading-bot\v09x\097\telegram_notifier.py", line 190, in run_worker_forever
    processed = worker.process_once()
  File "D:\GIT\okx-trading-bot\v09x\097\telegram_notifier.py", line 105, in process_once
    self._process_file(pending)
    ~~~~~~~~~~~~~~~~~~^^^^^^^^^
  File "D:\GIT\okx-trading-bot\v09x\097\telegram_notifier.py", line 119, in _process_file
    self._send_photo(payload)
    ~~~~~~~~~~~~~~~~^^^^^^^^^
  File "D:\GIT\okx-trading-bot\v09x\097\telegram_notifier.py", line 166, in _send_photo
    with urllib.request.urlopen(request, timeout=40) as response:
         ~~~~~~~~~~~~~~~~~~~~~~^^^^^^^^^^^^^^^^^^^^^
  File "C:\Users\Home\AppData\Local\Python\pythoncore-3.14-64\Lib\urllib\request.py", line 187, in urlopen
    return opener.open(url, data, timeout)
           ~~~~~~~~~~~^^^^^^^^^^^^^^^^^^^^
  File "C:\Users\Home\AppData\Local\Python\pythoncore-3.14-64\Lib\urllib\request.py", line 487, in open
    response = self._open(req, data)
  File "C:\Users\Home\AppData\Local\Python\pythoncore-3.14-64\Lib\urllib\request.py", line 504, in _open
    result = self._call_chain(self.handle_open, protocol, protocol +
                              '_open', req)
  File "C:\Users\Home\AppData\Local\Python\pythoncore-3.14-64\Lib\urllib\request.py", line 464, in _call_chain
    result = func(*args)
  File "C:\Users\Home\AppData\Local\Python\pythoncore-3.14-64\Lib\urllib\request.py", line 1369, in https_open
    return self.do_open(http.client.HTTPSConnection, req,
           ~~~~~~~~~~~~^^^^^^^^^^^^^^^^^^^^^^^^^^^^^^^^^^
                        context=self._context)
                        ^^^^^^^^^^^^^^^^^^^^^^
  File "C:\Users\Home\AppData\Local\Python\pythoncore-3.14-64\Lib\urllib\request.py", line 1324, in do_open
    raise URLError(err)
urllib.error.URLError: <urlopen error [WinError 10054] Удаленный хост принудительно разорвал существующее подключение>
2026-03-22 17:52:08,772 | ERROR | Telegram worker item processing failed: <urlopen error [WinError 10054] Удаленный хост принудительно разорвал существующее подключение>
Traceback (most recent call last):
  File "C:\Users\Home\AppData\Local\Python\pythoncore-3.14-64\Lib\urllib\request.py", line 1321, in do_open
    h.request(req.get_method(), req.selector, req.data, headers,
    ~~~~~~~~~^^^^^^^^^^^^^^^^^^^^^^^^^^^^^^^^^^^^^^^^^^^^^^^^^^^
              encode_chunked=req.has_header('Transfer-encoding'))
              ^^^^^^^^^^^^^^^^^^^^^^^^^^^^^^^^^^^^^^^^^^^^^^^^^^^
  File "C:\Users\Home\AppData\Local\Python\pythoncore-3.14-64\Lib\http\client.py", line 1358, in request
    self._send_request(method, url, body, headers, encode_chunked)
    ~~~~~~~~~~~~~~~~~~^^^^^^^^^^^^^^^^^^^^^^^^^^^^^^^^^^^^^^^^^^^^
  File "C:\Users\Home\AppData\Local\Python\pythoncore-3.14-64\Lib\http\client.py", line 1404, in _send_request
    self.endheaders(body, encode_chunked=encode_chunked)
    ~~~~~~~~~~~~~~~^^^^^^^^^^^^^^^^^^^^^^^^^^^^^^^^^^^^^
  File "C:\Users\Home\AppData\Local\Python\pythoncore-3.14-64\Lib\http\client.py", line 1353, in endheaders
    self._send_output(message_body, encode_chunked=encode_chunked)
    ~~~~~~~~~~~~~~~~~^^^^^^^^^^^^^^^^^^^^^^^^^^^^^^^^^^^^^^^^^^^^^
  File "C:\Users\Home\AppData\Local\Python\pythoncore-3.14-64\Lib\http\client.py", line 1113, in _send_output
    self.send(msg)
    ~~~~~~~~~^^^^^
  File "C:\Users\Home\AppData\Local\Python\pythoncore-3.14-64\Lib\http\client.py", line 1057, in send
    self.connect()
    ~~~~~~~~~~~~^^
  File "C:\Users\Home\AppData\Local\Python\pythoncore-3.14-64\Lib\http\client.py", line 1499, in connect
    self.sock = self._context.wrap_socket(self.sock,
                ~~~~~~~~~~~~~~~~~~~~~~~~~^^^^^^^^^^^
                                          server_hostname=server_hostname)
                                          ^^^^^^^^^^^^^^^^^^^^^^^^^^^^^^^^
  File "C:\Users\Home\AppData\Local\Python\pythoncore-3.14-64\Lib\ssl.py", line 455, in wrap_socket
    return self.sslsocket_class._create(
           ~~~~~~~~~~~~~~~~~~~~~~~~~~~~^
        sock=sock,
        ^^^^^^^^^^
    ...<5 lines>...
        session=session
        ^^^^^^^^^^^^^^^
    )
    ^
  File "C:\Users\Home\AppData\Local\Python\pythoncore-3.14-64\Lib\ssl.py", line 1076, in _create
    self.do_handshake()
    ~~~~~~~~~~~~~~~~~^^
  File "C:\Users\Home\AppData\Local\Python\pythoncore-3.14-64\Lib\ssl.py", line 1372, in do_handshake
    self._sslobj.do_handshake()
    ~~~~~~~~~~~~~~~~~~~~~~~~~^^
ConnectionResetError: [WinError 10054] Удаленный хост принудительно разорвал существующее подключение

During handling of the above exception, another exception occurred:

Traceback (most recent call last):
  File "D:\GIT\okx-trading-bot\v09x\097\telegram_notifier.py", line 190, in run_worker_forever
    processed = worker.process_once()
  File "D:\GIT\okx-trading-bot\v09x\097\telegram_notifier.py", line 105, in process_once
    self._process_file(pending)
    ~~~~~~~~~~~~~~~~~~^^^^^^^^^
  File "D:\GIT\okx-trading-bot\v09x\097\telegram_notifier.py", line 121, in _process_file
    self._send_message(payload)
    ~~~~~~~~~~~~~~~~~~^^^^^^^^^
  File "D:\GIT\okx-trading-bot\v09x\097\telegram_notifier.py", line 134, in _send_message
    with urllib.request.urlopen(request, timeout=25) as response:
         ~~~~~~~~~~~~~~~~~~~~~~^^^^^^^^^^^^^^^^^^^^^
  File "C:\Users\Home\AppData\Local\Python\pythoncore-3.14-64\Lib\urllib\request.py", line 187, in urlopen
    return opener.open(url, data, timeout)
           ~~~~~~~~~~~^^^^^^^^^^^^^^^^^^^^
  File "C:\Users\Home\AppData\Local\Python\pythoncore-3.14-64\Lib\urllib\request.py", line 487, in open
    response = self._open(req, data)
  File "C:\Users\Home\AppData\Local\Python\pythoncore-3.14-64\Lib\urllib\request.py", line 504, in _open
    result = self._call_chain(self.handle_open, protocol, protocol +
                              '_open', req)
  File "C:\Users\Home\AppData\Local\Python\pythoncore-3.14-64\Lib\urllib\request.py", line 464, in _call_chain
    result = func(*args)
  File "C:\Users\Home\AppData\Local\Python\pythoncore-3.14-64\Lib\urllib\request.py", line 1369, in https_open
    return self.do_open(http.client.HTTPSConnection, req,
           ~~~~~~~~~~~~^^^^^^^^^^^^^^^^^^^^^^^^^^^^^^^^^^
                        context=self._context)
                        ^^^^^^^^^^^^^^^^^^^^^^
  File "C:\Users\Home\AppData\Local\Python\pythoncore-3.14-64\Lib\urllib\request.py", line 1324, in do_open
    raise URLError(err)
urllib.error.URLError: <urlopen error [WinError 10054] Удаленный хост принудительно разорвал существующее подключение>
2026-03-22 17:52:31,094 | ERROR | Telegram worker item processing failed: <urlopen error [WinError 10054] Удаленный хост принудительно разорвал существующее подключение>
Traceback (most recent call last):
  File "C:\Users\Home\AppData\Local\Python\pythoncore-3.14-64\Lib\urllib\request.py", line 1321, in do_open
    h.request(req.get_method(), req.selector, req.data, headers,
    ~~~~~~~~~^^^^^^^^^^^^^^^^^^^^^^^^^^^^^^^^^^^^^^^^^^^^^^^^^^^
              encode_chunked=req.has_header('Transfer-encoding'))
              ^^^^^^^^^^^^^^^^^^^^^^^^^^^^^^^^^^^^^^^^^^^^^^^^^^^
  File "C:\Users\Home\AppData\Local\Python\pythoncore-3.14-64\Lib\http\client.py", line 1358, in request
    self._send_request(method, url, body, headers, encode_chunked)
    ~~~~~~~~~~~~~~~~~~^^^^^^^^^^^^^^^^^^^^^^^^^^^^^^^^^^^^^^^^^^^^
  File "C:\Users\Home\AppData\Local\Python\pythoncore-3.14-64\Lib\http\client.py", line 1404, in _send_request
    self.endheaders(body, encode_chunked=encode_chunked)
    ~~~~~~~~~~~~~~~^^^^^^^^^^^^^^^^^^^^^^^^^^^^^^^^^^^^^
  File "C:\Users\Home\AppData\Local\Python\pythoncore-3.14-64\Lib\http\client.py", line 1353, in endheaders
    self._send_output(message_body, encode_chunked=encode_chunked)
    ~~~~~~~~~~~~~~~~~^^^^^^^^^^^^^^^^^^^^^^^^^^^^^^^^^^^^^^^^^^^^^
  File "C:\Users\Home\AppData\Local\Python\pythoncore-3.14-64\Lib\http\client.py", line 1113, in _send_output
    self.send(msg)
    ~~~~~~~~~^^^^^
  File "C:\Users\Home\AppData\Local\Python\pythoncore-3.14-64\Lib\http\client.py", line 1057, in send
    self.connect()
    ~~~~~~~~~~~~^^
  File "C:\Users\Home\AppData\Local\Python\pythoncore-3.14-64\Lib\http\client.py", line 1499, in connect
    self.sock = self._context.wrap_socket(self.sock,
                ~~~~~~~~~~~~~~~~~~~~~~~~~^^^^^^^^^^^
                                          server_hostname=server_hostname)
                                          ^^^^^^^^^^^^^^^^^^^^^^^^^^^^^^^^
  File "C:\Users\Home\AppData\Local\Python\pythoncore-3.14-64\Lib\ssl.py", line 455, in wrap_socket
    return self.sslsocket_class._create(
           ~~~~~~~~~~~~~~~~~~~~~~~~~~~~^
        sock=sock,
        ^^^^^^^^^^
    ...<5 lines>...
        session=session
        ^^^^^^^^^^^^^^^
    )
    ^
  File "C:\Users\Home\AppData\Local\Python\pythoncore-3.14-64\Lib\ssl.py", line 1076, in _create
    self.do_handshake()
    ~~~~~~~~~~~~~~~~~^^
  File "C:\Users\Home\AppData\Local\Python\pythoncore-3.14-64\Lib\ssl.py", line 1372, in do_handshake
    self._sslobj.do_handshake()
    ~~~~~~~~~~~~~~~~~~~~~~~~~^^
ConnectionResetError: [WinError 10054] Удаленный хост принудительно разорвал существующее подключение

During handling of the above exception, another exception occurred:

Traceback (most recent call last):
  File "D:\GIT\okx-trading-bot\v09x\097\telegram_notifier.py", line 190, in run_worker_forever
    processed = worker.process_once()
  File "D:\GIT\okx-trading-bot\v09x\097\telegram_notifier.py", line 105, in process_once
    self._process_file(pending)
    ~~~~~~~~~~~~~~~~~~^^^^^^^^^
  File "D:\GIT\okx-trading-bot\v09x\097\telegram_notifier.py", line 121, in _process_file
    self._send_message(payload)
    ~~~~~~~~~~~~~~~~~~^^^^^^^^^
  File "D:\GIT\okx-trading-bot\v09x\097\telegram_notifier.py", line 134, in _send_message
    with urllib.request.urlopen(request, timeout=25) as response:
         ~~~~~~~~~~~~~~~~~~~~~~^^^^^^^^^^^^^^^^^^^^^
  File "C:\Users\Home\AppData\Local\Python\pythoncore-3.14-64\Lib\urllib\request.py", line 187, in urlopen
    return opener.open(url, data, timeout)
           ~~~~~~~~~~~^^^^^^^^^^^^^^^^^^^^
  File "C:\Users\Home\AppData\Local\Python\pythoncore-3.14-64\Lib\urllib\request.py", line 487, in open
    response = self._open(req, data)
  File "C:\Users\Home\AppData\Local\Python\pythoncore-3.14-64\Lib\urllib\request.py", line 504, in _open
    result = self._call_chain(self.handle_open, protocol, protocol +
                              '_open', req)
  File "C:\Users\Home\AppData\Local\Python\pythoncore-3.14-64\Lib\urllib\request.py", line 464, in _call_chain
    result = func(*args)
  File "C:\Users\Home\AppData\Local\Python\pythoncore-3.14-64\Lib\urllib\request.py", line 1369, in https_open
    return self.do_open(http.client.HTTPSConnection, req,
           ~~~~~~~~~~~~^^^^^^^^^^^^^^^^^^^^^^^^^^^^^^^^^^
                        context=self._context)
                        ^^^^^^^^^^^^^^^^^^^^^^
  File "C:\Users\Home\AppData\Local\Python\pythoncore-3.14-64\Lib\urllib\request.py", line 1324, in do_open
    raise URLError(err)
urllib.error.URLError: <urlopen error [WinError 10054] Удаленный хост принудительно разорвал существующее подключение>
2026-03-22 17:52:53,330 | ERROR | Telegram worker item processing failed: <urlopen error [WinError 10054] Удаленный хост принудительно разорвал существующее подключение>
Traceback (most recent call last):
  File "C:\Users\Home\AppData\Local\Python\pythoncore-3.14-64\Lib\urllib\request.py", line 1321, in do_open
    h.request(req.get_method(), req.selector, req.data, headers,
    ~~~~~~~~~^^^^^^^^^^^^^^^^^^^^^^^^^^^^^^^^^^^^^^^^^^^^^^^^^^^
              encode_chunked=req.has_header('Transfer-encoding'))
              ^^^^^^^^^^^^^^^^^^^^^^^^^^^^^^^^^^^^^^^^^^^^^^^^^^^
  File "C:\Users\Home\AppData\Local\Python\pythoncore-3.14-64\Lib\http\client.py", line 1358, in request
    self._send_request(method, url, body, headers, encode_chunked)
    ~~~~~~~~~~~~~~~~~~^^^^^^^^^^^^^^^^^^^^^^^^^^^^^^^^^^^^^^^^^^^^
  File "C:\Users\Home\AppData\Local\Python\pythoncore-3.14-64\Lib\http\client.py", line 1404, in _send_request
    self.endheaders(body, encode_chunked=encode_chunked)
    ~~~~~~~~~~~~~~~^^^^^^^^^^^^^^^^^^^^^^^^^^^^^^^^^^^^^
  File "C:\Users\Home\AppData\Local\Python\pythoncore-3.14-64\Lib\http\client.py", line 1353, in endheaders
    self._send_output(message_body, encode_chunked=encode_chunked)
    ~~~~~~~~~~~~~~~~~^^^^^^^^^^^^^^^^^^^^^^^^^^^^^^^^^^^^^^^^^^^^^
  File "C:\Users\Home\AppData\Local\Python\pythoncore-3.14-64\Lib\http\client.py", line 1113, in _send_output
    self.send(msg)
    ~~~~~~~~~^^^^^
  File "C:\Users\Home\AppData\Local\Python\pythoncore-3.14-64\Lib\http\client.py", line 1057, in send
    self.connect()
    ~~~~~~~~~~~~^^
  File "C:\Users\Home\AppData\Local\Python\pythoncore-3.14-64\Lib\http\client.py", line 1499, in connect
    self.sock = self._context.wrap_socket(self.sock,
                ~~~~~~~~~~~~~~~~~~~~~~~~~^^^^^^^^^^^
                                          server_hostname=server_hostname)
                                          ^^^^^^^^^^^^^^^^^^^^^^^^^^^^^^^^
  File "C:\Users\Home\AppData\Local\Python\pythoncore-3.14-64\Lib\ssl.py", line 455, in wrap_socket
    return self.sslsocket_class._create(
           ~~~~~~~~~~~~~~~~~~~~~~~~~~~~^
        sock=sock,
        ^^^^^^^^^^
    ...<5 lines>...
        session=session
        ^^^^^^^^^^^^^^^
    )
    ^
  File "C:\Users\Home\AppData\Local\Python\pythoncore-3.14-64\Lib\ssl.py", line 1076, in _create
    self.do_handshake()
    ~~~~~~~~~~~~~~~~~^^
  File "C:\Users\Home\AppData\Local\Python\pythoncore-3.14-64\Lib\ssl.py", line 1372, in do_handshake
    self._sslobj.do_handshake()
    ~~~~~~~~~~~~~~~~~~~~~~~~~^^
ConnectionResetError: [WinError 10054] Удаленный хост принудительно разорвал существующее подключение

During handling of the above exception, another exception occurred:

Traceback (most recent call last):
  File "D:\GIT\okx-trading-bot\v09x\097\telegram_notifier.py", line 190, in run_worker_forever
    processed = worker.process_once()
  File "D:\GIT\okx-trading-bot\v09x\097\telegram_notifier.py", line 105, in process_once
    self._process_file(pending)
    ~~~~~~~~~~~~~~~~~~^^^^^^^^^
  File "D:\GIT\okx-trading-bot\v09x\097\telegram_notifier.py", line 121, in _process_file
    self._send_message(payload)
    ~~~~~~~~~~~~~~~~~~^^^^^^^^^
  File "D:\GIT\okx-trading-bot\v09x\097\telegram_notifier.py", line 134, in _send_message
    with urllib.request.urlopen(request, timeout=25) as response:
         ~~~~~~~~~~~~~~~~~~~~~~^^^^^^^^^^^^^^^^^^^^^
  File "C:\Users\Home\AppData\Local\Python\pythoncore-3.14-64\Lib\urllib\request.py", line 187, in urlopen
    return opener.open(url, data, timeout)
           ~~~~~~~~~~~^^^^^^^^^^^^^^^^^^^^
  File "C:\Users\Home\AppData\Local\Python\pythoncore-3.14-64\Lib\urllib\request.py", line 487, in open
    response = self._open(req, data)
  File "C:\Users\Home\AppData\Local\Python\pythoncore-3.14-64\Lib\urllib\request.py", line 504, in _open
    result = self._call_chain(self.handle_open, protocol, protocol +
                              '_open', req)
  File "C:\Users\Home\AppData\Local\Python\pythoncore-3.14-64\Lib\urllib\request.py", line 464, in _call_chain
    result = func(*args)
  File "C:\Users\Home\AppData\Local\Python\pythoncore-3.14-64\Lib\urllib\request.py", line 1369, in https_open
    return self.do_open(http.client.HTTPSConnection, req,
           ~~~~~~~~~~~~^^^^^^^^^^^^^^^^^^^^^^^^^^^^^^^^^^
                        context=self._context)
                        ^^^^^^^^^^^^^^^^^^^^^^
  File "C:\Users\Home\AppData\Local\Python\pythoncore-3.14-64\Lib\urllib\request.py", line 1324, in do_open
    raise URLError(err)
urllib.error.URLError: <urlopen error [WinError 10054] Удаленный хост принудительно разорвал существующее подключение>
2026-03-22 17:53:15,571 | ERROR | Telegram worker item processing failed: <urlopen error [WinError 10054] Удаленный хост принудительно разорвал существующее подключение>
Traceback (most recent call last):
  File "C:\Users\Home\AppData\Local\Python\pythoncore-3.14-64\Lib\urllib\request.py", line 1321, in do_open
    h.request(req.get_method(), req.selector, req.data, headers,
    ~~~~~~~~~^^^^^^^^^^^^^^^^^^^^^^^^^^^^^^^^^^^^^^^^^^^^^^^^^^^
              encode_chunked=req.has_header('Transfer-encoding'))
              ^^^^^^^^^^^^^^^^^^^^^^^^^^^^^^^^^^^^^^^^^^^^^^^^^^^
  File "C:\Users\Home\AppData\Local\Python\pythoncore-3.14-64\Lib\http\client.py", line 1358, in request
    self._send_request(method, url, body, headers, encode_chunked)
    ~~~~~~~~~~~~~~~~~~^^^^^^^^^^^^^^^^^^^^^^^^^^^^^^^^^^^^^^^^^^^^
  File "C:\Users\Home\AppData\Local\Python\pythoncore-3.14-64\Lib\http\client.py", line 1404, in _send_request
    self.endheaders(body, encode_chunked=encode_chunked)
    ~~~~~~~~~~~~~~~^^^^^^^^^^^^^^^^^^^^^^^^^^^^^^^^^^^^^
  File "C:\Users\Home\AppData\Local\Python\pythoncore-3.14-64\Lib\http\client.py", line 1353, in endheaders
    self._send_output(message_body, encode_chunked=encode_chunked)
    ~~~~~~~~~~~~~~~~~^^^^^^^^^^^^^^^^^^^^^^^^^^^^^^^^^^^^^^^^^^^^^
  File "C:\Users\Home\AppData\Local\Python\pythoncore-3.14-64\Lib\http\client.py", line 1113, in _send_output
    self.send(msg)
    ~~~~~~~~~^^^^^
  File "C:\Users\Home\AppData\Local\Python\pythoncore-3.14-64\Lib\http\client.py", line 1057, in send
    self.connect()
    ~~~~~~~~~~~~^^
  File "C:\Users\Home\AppData\Local\Python\pythoncore-3.14-64\Lib\http\client.py", line 1499, in connect
    self.sock = self._context.wrap_socket(self.sock,
                ~~~~~~~~~~~~~~~~~~~~~~~~~^^^^^^^^^^^
                                          server_hostname=server_hostname)
                                          ^^^^^^^^^^^^^^^^^^^^^^^^^^^^^^^^
  File "C:\Users\Home\AppData\Local\Python\pythoncore-3.14-64\Lib\ssl.py", line 455, in wrap_socket
    return self.sslsocket_class._create(
           ~~~~~~~~~~~~~~~~~~~~~~~~~~~~^
        sock=sock,
        ^^^^^^^^^^
    ...<5 lines>...
        session=session
        ^^^^^^^^^^^^^^^
    )
    ^
  File "C:\Users\Home\AppData\Local\Python\pythoncore-3.14-64\Lib\ssl.py", line 1076, in _create
    self.do_handshake()
    ~~~~~~~~~~~~~~~~~^^
  File "C:\Users\Home\AppData\Local\Python\pythoncore-3.14-64\Lib\ssl.py", line 1372, in do_handshake
    self._sslobj.do_handshake()
    ~~~~~~~~~~~~~~~~~~~~~~~~~^^
ConnectionResetError: [WinError 10054] Удаленный хост принудительно разорвал существующее подключение

During handling of the above exception, another exception occurred:

Traceback (most recent call last):
  File "D:\GIT\okx-trading-bot\v09x\097\telegram_notifier.py", line 190, in run_worker_forever
    processed = worker.process_once()
  File "D:\GIT\okx-trading-bot\v09x\097\telegram_notifier.py", line 105, in process_once
    self._process_file(pending)
    ~~~~~~~~~~~~~~~~~~^^^^^^^^^
  File "D:\GIT\okx-trading-bot\v09x\097\telegram_notifier.py", line 121, in _process_file
    self._send_message(payload)
    ~~~~~~~~~~~~~~~~~~^^^^^^^^^
  File "D:\GIT\okx-trading-bot\v09x\097\telegram_notifier.py", line 134, in _send_message
    with urllib.request.urlopen(request, timeout=25) as response:
         ~~~~~~~~~~~~~~~~~~~~~~^^^^^^^^^^^^^^^^^^^^^
  File "C:\Users\Home\AppData\Local\Python\pythoncore-3.14-64\Lib\urllib\request.py", line 187, in urlopen
    return opener.open(url, data, timeout)
           ~~~~~~~~~~~^^^^^^^^^^^^^^^^^^^^
  File "C:\Users\Home\AppData\Local\Python\pythoncore-3.14-64\Lib\urllib\request.py", line 487, in open
    response = self._open(req, data)
  File "C:\Users\Home\AppData\Local\Python\pythoncore-3.14-64\Lib\urllib\request.py", line 504, in _open
    result = self._call_chain(self.handle_open, protocol, protocol +
                              '_open', req)
  File "C:\Users\Home\AppData\Local\Python\pythoncore-3.14-64\Lib\urllib\request.py", line 464, in _call_chain
    result = func(*args)
  File "C:\Users\Home\AppData\Local\Python\pythoncore-3.14-64\Lib\urllib\request.py", line 1369, in https_open
    return self.do_open(http.client.HTTPSConnection, req,
           ~~~~~~~~~~~~^^^^^^^^^^^^^^^^^^^^^^^^^^^^^^^^^^
                        context=self._context)
                        ^^^^^^^^^^^^^^^^^^^^^^
  File "C:\Users\Home\AppData\Local\Python\pythoncore-3.14-64\Lib\urllib\request.py", line 1324, in do_open
    raise URLError(err)
urllib.error.URLError: <urlopen error [WinError 10054] Удаленный хост принудительно разорвал существующее подключение>
2026-03-22 17:53:37,824 | ERROR | Telegram worker item processing failed: <urlopen error [WinError 10054] Удаленный хост принудительно разорвал существующее подключение>
Traceback (most recent call last):
  File "C:\Users\Home\AppData\Local\Python\pythoncore-3.14-64\Lib\urllib\request.py", line 1321, in do_open
    h.request(req.get_method(), req.selector, req.data, headers,
    ~~~~~~~~~^^^^^^^^^^^^^^^^^^^^^^^^^^^^^^^^^^^^^^^^^^^^^^^^^^^
              encode_chunked=req.has_header('Transfer-encoding'))
              ^^^^^^^^^^^^^^^^^^^^^^^^^^^^^^^^^^^^^^^^^^^^^^^^^^^
  File "C:\Users\Home\AppData\Local\Python\pythoncore-3.14-64\Lib\http\client.py", line 1358, in request
    self._send_request(method, url, body, headers, encode_chunked)
    ~~~~~~~~~~~~~~~~~~^^^^^^^^^^^^^^^^^^^^^^^^^^^^^^^^^^^^^^^^^^^^
  File "C:\Users\Home\AppData\Local\Python\pythoncore-3.14-64\Lib\http\client.py", line 1404, in _send_request
    self.endheaders(body, encode_chunked=encode_chunked)
    ~~~~~~~~~~~~~~~^^^^^^^^^^^^^^^^^^^^^^^^^^^^^^^^^^^^^
  File "C:\Users\Home\AppData\Local\Python\pythoncore-3.14-64\Lib\http\client.py", line 1353, in endheaders
    self._send_output(message_body, encode_chunked=encode_chunked)
    ~~~~~~~~~~~~~~~~~^^^^^^^^^^^^^^^^^^^^^^^^^^^^^^^^^^^^^^^^^^^^^
  File "C:\Users\Home\AppData\Local\Python\pythoncore-3.14-64\Lib\http\client.py", line 1113, in _send_output
    self.send(msg)
    ~~~~~~~~~^^^^^
  File "C:\Users\Home\AppData\Local\Python\pythoncore-3.14-64\Lib\http\client.py", line 1057, in send
    self.connect()
    ~~~~~~~~~~~~^^
  File "C:\Users\Home\AppData\Local\Python\pythoncore-3.14-64\Lib\http\client.py", line 1499, in connect
    self.sock = self._context.wrap_socket(self.sock,
                ~~~~~~~~~~~~~~~~~~~~~~~~~^^^^^^^^^^^
                                          server_hostname=server_hostname)
                                          ^^^^^^^^^^^^^^^^^^^^^^^^^^^^^^^^
  File "C:\Users\Home\AppData\Local\Python\pythoncore-3.14-64\Lib\ssl.py", line 455, in wrap_socket
    return self.sslsocket_class._create(
           ~~~~~~~~~~~~~~~~~~~~~~~~~~~~^
        sock=sock,
        ^^^^^^^^^^
    ...<5 lines>...
        session=session
        ^^^^^^^^^^^^^^^
    )
    ^
  File "C:\Users\Home\AppData\Local\Python\pythoncore-3.14-64\Lib\ssl.py", line 1076, in _create
    self.do_handshake()
    ~~~~~~~~~~~~~~~~~^^
  File "C:\Users\Home\AppData\Local\Python\pythoncore-3.14-64\Lib\ssl.py", line 1372, in do_handshake
    self._sslobj.do_handshake()
    ~~~~~~~~~~~~~~~~~~~~~~~~~^^
ConnectionResetError: [WinError 10054] Удаленный хост принудительно разорвал существующее подключение

During handling of the above exception, another exception occurred:

Traceback (most recent call last):
  File "D:\GIT\okx-trading-bot\v09x\097\telegram_notifier.py", line 190, in run_worker_forever
    processed = worker.process_once()
  File "D:\GIT\okx-trading-bot\v09x\097\telegram_notifier.py", line 105, in process_once
    self._process_file(pending)
    ~~~~~~~~~~~~~~~~~~^^^^^^^^^
  File "D:\GIT\okx-trading-bot\v09x\097\telegram_notifier.py", line 119, in _process_file
    self._send_photo(payload)
    ~~~~~~~~~~~~~~~~^^^^^^^^^
  File "D:\GIT\okx-trading-bot\v09x\097\telegram_notifier.py", line 166, in _send_photo
    with urllib.request.urlopen(request, timeout=40) as response:
         ~~~~~~~~~~~~~~~~~~~~~~^^^^^^^^^^^^^^^^^^^^^
  File "C:\Users\Home\AppData\Local\Python\pythoncore-3.14-64\Lib\urllib\request.py", line 187, in urlopen
    return opener.open(url, data, timeout)
           ~~~~~~~~~~~^^^^^^^^^^^^^^^^^^^^
  File "C:\Users\Home\AppData\Local\Python\pythoncore-3.14-64\Lib\urllib\request.py", line 487, in open
    response = self._open(req, data)
  File "C:\Users\Home\AppData\Local\Python\pythoncore-3.14-64\Lib\urllib\request.py", line 504, in _open
    result = self._call_chain(self.handle_open, protocol, protocol +
                              '_open', req)
  File "C:\Users\Home\AppData\Local\Python\pythoncore-3.14-64\Lib\urllib\request.py", line 464, in _call_chain
    result = func(*args)
  File "C:\Users\Home\AppData\Local\Python\pythoncore-3.14-64\Lib\urllib\request.py", line 1369, in https_open
    return self.do_open(http.client.HTTPSConnection, req,
           ~~~~~~~~~~~~^^^^^^^^^^^^^^^^^^^^^^^^^^^^^^^^^^
                        context=self._context)
                        ^^^^^^^^^^^^^^^^^^^^^^
  File "C:\Users\Home\AppData\Local\Python\pythoncore-3.14-64\Lib\urllib\request.py", line 1324, in do_open
    raise URLError(err)
urllib.error.URLError: <urlopen error [WinError 10054] Удаленный хост принудительно разорвал существующее подключение>
2026-03-22 17:54:00,067 | ERROR | Telegram worker item processing failed: <urlopen error [WinError 10054] Удаленный хост принудительно разорвал существующее подключение>
Traceback (most recent call last):
  File "C:\Users\Home\AppData\Local\Python\pythoncore-3.14-64\Lib\urllib\request.py", line 1321, in do_open
    h.request(req.get_method(), req.selector, req.data, headers,
    ~~~~~~~~~^^^^^^^^^^^^^^^^^^^^^^^^^^^^^^^^^^^^^^^^^^^^^^^^^^^
              encode_chunked=req.has_header('Transfer-encoding'))
              ^^^^^^^^^^^^^^^^^^^^^^^^^^^^^^^^^^^^^^^^^^^^^^^^^^^
  File "C:\Users\Home\AppData\Local\Python\pythoncore-3.14-64\Lib\http\client.py", line 1358, in request
    self._send_request(method, url, body, headers, encode_chunked)
    ~~~~~~~~~~~~~~~~~~^^^^^^^^^^^^^^^^^^^^^^^^^^^^^^^^^^^^^^^^^^^^
  File "C:\Users\Home\AppData\Local\Python\pythoncore-3.14-64\Lib\http\client.py", line 1404, in _send_request
    self.endheaders(body, encode_chunked=encode_chunked)
    ~~~~~~~~~~~~~~~^^^^^^^^^^^^^^^^^^^^^^^^^^^^^^^^^^^^^
  File "C:\Users\Home\AppData\Local\Python\pythoncore-3.14-64\Lib\http\client.py", line 1353, in endheaders
    self._send_output(message_body, encode_chunked=encode_chunked)
    ~~~~~~~~~~~~~~~~~^^^^^^^^^^^^^^^^^^^^^^^^^^^^^^^^^^^^^^^^^^^^^
  File "C:\Users\Home\AppData\Local\Python\pythoncore-3.14-64\Lib\http\client.py", line 1113, in _send_output
    self.send(msg)
    ~~~~~~~~~^^^^^
  File "C:\Users\Home\AppData\Local\Python\pythoncore-3.14-64\Lib\http\client.py", line 1057, in send
    self.connect()
    ~~~~~~~~~~~~^^
  File "C:\Users\Home\AppData\Local\Python\pythoncore-3.14-64\Lib\http\client.py", line 1499, in connect
    self.sock = self._context.wrap_socket(self.sock,
                ~~~~~~~~~~~~~~~~~~~~~~~~~^^^^^^^^^^^
                                          server_hostname=server_hostname)
                                          ^^^^^^^^^^^^^^^^^^^^^^^^^^^^^^^^
  File "C:\Users\Home\AppData\Local\Python\pythoncore-3.14-64\Lib\ssl.py", line 455, in wrap_socket
    return self.sslsocket_class._create(
           ~~~~~~~~~~~~~~~~~~~~~~~~~~~~^
        sock=sock,
        ^^^^^^^^^^
    ...<5 lines>...
        session=session
        ^^^^^^^^^^^^^^^
    )
    ^
  File "C:\Users\Home\AppData\Local\Python\pythoncore-3.14-64\Lib\ssl.py", line 1076, in _create
    self.do_handshake()
    ~~~~~~~~~~~~~~~~~^^
  File "C:\Users\Home\AppData\Local\Python\pythoncore-3.14-64\Lib\ssl.py", line 1372, in do_handshake
    self._sslobj.do_handshake()
    ~~~~~~~~~~~~~~~~~~~~~~~~~^^
ConnectionResetError: [WinError 10054] Удаленный хост принудительно разорвал существующее подключение

During handling of the above exception, another exception occurred:

Traceback (most recent call last):
  File "D:\GIT\okx-trading-bot\v09x\097\telegram_notifier.py", line 190, in run_worker_forever
    processed = worker.process_once()
  File "D:\GIT\okx-trading-bot\v09x\097\telegram_notifier.py", line 105, in process_once
    self._process_file(pending)
    ~~~~~~~~~~~~~~~~~~^^^^^^^^^
  File "D:\GIT\okx-trading-bot\v09x\097\telegram_notifier.py", line 121, in _process_file
    self._send_message(payload)
    ~~~~~~~~~~~~~~~~~~^^^^^^^^^
  File "D:\GIT\okx-trading-bot\v09x\097\telegram_notifier.py", line 134, in _send_message
    with urllib.request.urlopen(request, timeout=25) as response:
         ~~~~~~~~~~~~~~~~~~~~~~^^^^^^^^^^^^^^^^^^^^^
  File "C:\Users\Home\AppData\Local\Python\pythoncore-3.14-64\Lib\urllib\request.py", line 187, in urlopen
    return opener.open(url, data, timeout)
           ~~~~~~~~~~~^^^^^^^^^^^^^^^^^^^^
  File "C:\Users\Home\AppData\Local\Python\pythoncore-3.14-64\Lib\urllib\request.py", line 487, in open
    response = self._open(req, data)
  File "C:\Users\Home\AppData\Local\Python\pythoncore-3.14-64\Lib\urllib\request.py", line 504, in _open
    result = self._call_chain(self.handle_open, protocol, protocol +
                              '_open', req)
  File "C:\Users\Home\AppData\Local\Python\pythoncore-3.14-64\Lib\urllib\request.py", line 464, in _call_chain
    result = func(*args)
  File "C:\Users\Home\AppData\Local\Python\pythoncore-3.14-64\Lib\urllib\request.py", line 1369, in https_open
    return self.do_open(http.client.HTTPSConnection, req,
           ~~~~~~~~~~~~^^^^^^^^^^^^^^^^^^^^^^^^^^^^^^^^^^
                        context=self._context)
                        ^^^^^^^^^^^^^^^^^^^^^^
  File "C:\Users\Home\AppData\Local\Python\pythoncore-3.14-64\Lib\urllib\request.py", line 1324, in do_open
    raise URLError(err)
urllib.error.URLError: <urlopen error [WinError 10054] Удаленный хост принудительно разорвал существующее подключение>
2026-03-22 17:54:22,303 | ERROR | Telegram worker item processing failed: <urlopen error [WinError 10054] Удаленный хост принудительно разорвал существующее подключение>
Traceback (most recent call last):
  File "C:\Users\Home\AppData\Local\Python\pythoncore-3.14-64\Lib\urllib\request.py", line 1321, in do_open
    h.request(req.get_method(), req.selector, req.data, headers,
    ~~~~~~~~~^^^^^^^^^^^^^^^^^^^^^^^^^^^^^^^^^^^^^^^^^^^^^^^^^^^
              encode_chunked=req.has_header('Transfer-encoding'))
              ^^^^^^^^^^^^^^^^^^^^^^^^^^^^^^^^^^^^^^^^^^^^^^^^^^^
  File "C:\Users\Home\AppData\Local\Python\pythoncore-3.14-64\Lib\http\client.py", line 1358, in request
    self._send_request(method, url, body, headers, encode_chunked)
    ~~~~~~~~~~~~~~~~~~^^^^^^^^^^^^^^^^^^^^^^^^^^^^^^^^^^^^^^^^^^^^
  File "C:\Users\Home\AppData\Local\Python\pythoncore-3.14-64\Lib\http\client.py", line 1404, in _send_request
    self.endheaders(body, encode_chunked=encode_chunked)
    ~~~~~~~~~~~~~~~^^^^^^^^^^^^^^^^^^^^^^^^^^^^^^^^^^^^^
  File "C:\Users\Home\AppData\Local\Python\pythoncore-3.14-64\Lib\http\client.py", line 1353, in endheaders
    self._send_output(message_body, encode_chunked=encode_chunked)
    ~~~~~~~~~~~~~~~~~^^^^^^^^^^^^^^^^^^^^^^^^^^^^^^^^^^^^^^^^^^^^^
  File "C:\Users\Home\AppData\Local\Python\pythoncore-3.14-64\Lib\http\client.py", line 1113, in _send_output
    self.send(msg)
    ~~~~~~~~~^^^^^
  File "C:\Users\Home\AppData\Local\Python\pythoncore-3.14-64\Lib\http\client.py", line 1057, in send
    self.connect()
    ~~~~~~~~~~~~^^
  File "C:\Users\Home\AppData\Local\Python\pythoncore-3.14-64\Lib\http\client.py", line 1499, in connect
    self.sock = self._context.wrap_socket(self.sock,
                ~~~~~~~~~~~~~~~~~~~~~~~~~^^^^^^^^^^^
                                          server_hostname=server_hostname)
                                          ^^^^^^^^^^^^^^^^^^^^^^^^^^^^^^^^
  File "C:\Users\Home\AppData\Local\Python\pythoncore-3.14-64\Lib\ssl.py", line 455, in wrap_socket
    return self.sslsocket_class._create(
           ~~~~~~~~~~~~~~~~~~~~~~~~~~~~^
        sock=sock,
        ^^^^^^^^^^
    ...<5 lines>...
        session=session
        ^^^^^^^^^^^^^^^
    )
    ^
  File "C:\Users\Home\AppData\Local\Python\pythoncore-3.14-64\Lib\ssl.py", line 1076, in _create
    self.do_handshake()
    ~~~~~~~~~~~~~~~~~^^
  File "C:\Users\Home\AppData\Local\Python\pythoncore-3.14-64\Lib\ssl.py", line 1372, in do_handshake
    self._sslobj.do_handshake()
    ~~~~~~~~~~~~~~~~~~~~~~~~~^^
ConnectionResetError: [WinError 10054] Удаленный хост принудительно разорвал существующее подключение

During handling of the above exception, another exception occurred:

Traceback (most recent call last):
  File "D:\GIT\okx-trading-bot\v09x\097\telegram_notifier.py", line 190, in run_worker_forever
    processed = worker.process_once()
  File "D:\GIT\okx-trading-bot\v09x\097\telegram_notifier.py", line 105, in process_once
    self._process_file(pending)
    ~~~~~~~~~~~~~~~~~~^^^^^^^^^
  File "D:\GIT\okx-trading-bot\v09x\097\telegram_notifier.py", line 121, in _process_file
    self._send_message(payload)
    ~~~~~~~~~~~~~~~~~~^^^^^^^^^
  File "D:\GIT\okx-trading-bot\v09x\097\telegram_notifier.py", line 134, in _send_message
    with urllib.request.urlopen(request, timeout=25) as response:
         ~~~~~~~~~~~~~~~~~~~~~~^^^^^^^^^^^^^^^^^^^^^
  File "C:\Users\Home\AppData\Local\Python\pythoncore-3.14-64\Lib\urllib\request.py", line 187, in urlopen
    return opener.open(url, data, timeout)
           ~~~~~~~~~~~^^^^^^^^^^^^^^^^^^^^
  File "C:\Users\Home\AppData\Local\Python\pythoncore-3.14-64\Lib\urllib\request.py", line 487, in open
    response = self._open(req, data)
  File "C:\Users\Home\AppData\Local\Python\pythoncore-3.14-64\Lib\urllib\request.py", line 504, in _open
    result = self._call_chain(self.handle_open, protocol, protocol +
                              '_open', req)
  File "C:\Users\Home\AppData\Local\Python\pythoncore-3.14-64\Lib\urllib\request.py", line 464, in _call_chain
    result = func(*args)
  File "C:\Users\Home\AppData\Local\Python\pythoncore-3.14-64\Lib\urllib\request.py", line 1369, in https_open
    return self.do_open(http.client.HTTPSConnection, req,
           ~~~~~~~~~~~~^^^^^^^^^^^^^^^^^^^^^^^^^^^^^^^^^^
                        context=self._context)
                        ^^^^^^^^^^^^^^^^^^^^^^
  File "C:\Users\Home\AppData\Local\Python\pythoncore-3.14-64\Lib\urllib\request.py", line 1324, in do_open
    raise URLError(err)
urllib.error.URLError: <urlopen error [WinError 10054] Удаленный хост принудительно разорвал существующее подключение>
2026-03-22 17:54:44,541 | ERROR | Telegram worker item processing failed: <urlopen error [WinError 10054] Удаленный хост принудительно разорвал существующее подключение>
Traceback (most recent call last):
  File "C:\Users\Home\AppData\Local\Python\pythoncore-3.14-64\Lib\urllib\request.py", line 1321, in do_open
    h.request(req.get_method(), req.selector, req.data, headers,
    ~~~~~~~~~^^^^^^^^^^^^^^^^^^^^^^^^^^^^^^^^^^^^^^^^^^^^^^^^^^^
              encode_chunked=req.has_header('Transfer-encoding'))
              ^^^^^^^^^^^^^^^^^^^^^^^^^^^^^^^^^^^^^^^^^^^^^^^^^^^
  File "C:\Users\Home\AppData\Local\Python\pythoncore-3.14-64\Lib\http\client.py", line 1358, in request
    self._send_request(method, url, body, headers, encode_chunked)
    ~~~~~~~~~~~~~~~~~~^^^^^^^^^^^^^^^^^^^^^^^^^^^^^^^^^^^^^^^^^^^^
  File "C:\Users\Home\AppData\Local\Python\pythoncore-3.14-64\Lib\http\client.py", line 1404, in _send_request
    self.endheaders(body, encode_chunked=encode_chunked)
    ~~~~~~~~~~~~~~~^^^^^^^^^^^^^^^^^^^^^^^^^^^^^^^^^^^^^
  File "C:\Users\Home\AppData\Local\Python\pythoncore-3.14-64\Lib\http\client.py", line 1353, in endheaders
    self._send_output(message_body, encode_chunked=encode_chunked)
    ~~~~~~~~~~~~~~~~~^^^^^^^^^^^^^^^^^^^^^^^^^^^^^^^^^^^^^^^^^^^^^
  File "C:\Users\Home\AppData\Local\Python\pythoncore-3.14-64\Lib\http\client.py", line 1113, in _send_output
    self.send(msg)
    ~~~~~~~~~^^^^^
  File "C:\Users\Home\AppData\Local\Python\pythoncore-3.14-64\Lib\http\client.py", line 1057, in send
    self.connect()
    ~~~~~~~~~~~~^^
  File "C:\Users\Home\AppData\Local\Python\pythoncore-3.14-64\Lib\http\client.py", line 1499, in connect
    self.sock = self._context.wrap_socket(self.sock,
                ~~~~~~~~~~~~~~~~~~~~~~~~~^^^^^^^^^^^
                                          server_hostname=server_hostname)
                                          ^^^^^^^^^^^^^^^^^^^^^^^^^^^^^^^^
  File "C:\Users\Home\AppData\Local\Python\pythoncore-3.14-64\Lib\ssl.py", line 455, in wrap_socket
    return self.sslsocket_class._create(
           ~~~~~~~~~~~~~~~~~~~~~~~~~~~~^
        sock=sock,
        ^^^^^^^^^^
    ...<5 lines>...
        session=session
        ^^^^^^^^^^^^^^^
    )
    ^
  File "C:\Users\Home\AppData\Local\Python\pythoncore-3.14-64\Lib\ssl.py", line 1076, in _create
    self.do_handshake()
    ~~~~~~~~~~~~~~~~~^^
  File "C:\Users\Home\AppData\Local\Python\pythoncore-3.14-64\Lib\ssl.py", line 1372, in do_handshake
    self._sslobj.do_handshake()
    ~~~~~~~~~~~~~~~~~~~~~~~~~^^
ConnectionResetError: [WinError 10054] Удаленный хост принудительно разорвал существующее подключение

During handling of the above exception, another exception occurred:

Traceback (most recent call last):
  File "D:\GIT\okx-trading-bot\v09x\097\telegram_notifier.py", line 190, in run_worker_forever
    processed = worker.process_once()
  File "D:\GIT\okx-trading-bot\v09x\097\telegram_notifier.py", line 105, in process_once
    self._process_file(pending)
    ~~~~~~~~~~~~~~~~~~^^^^^^^^^
  File "D:\GIT\okx-trading-bot\v09x\097\telegram_notifier.py", line 119, in _process_file
    self._send_photo(payload)
    ~~~~~~~~~~~~~~~~^^^^^^^^^
  File "D:\GIT\okx-trading-bot\v09x\097\telegram_notifier.py", line 166, in _send_photo
    with urllib.request.urlopen(request, timeout=40) as response:
         ~~~~~~~~~~~~~~~~~~~~~~^^^^^^^^^^^^^^^^^^^^^
  File "C:\Users\Home\AppData\Local\Python\pythoncore-3.14-64\Lib\urllib\request.py", line 187, in urlopen
    return opener.open(url, data, timeout)
           ~~~~~~~~~~~^^^^^^^^^^^^^^^^^^^^
  File "C:\Users\Home\AppData\Local\Python\pythoncore-3.14-64\Lib\urllib\request.py", line 487, in open
    response = self._open(req, data)
  File "C:\Users\Home\AppData\Local\Python\pythoncore-3.14-64\Lib\urllib\request.py", line 504, in _open
    result = self._call_chain(self.handle_open, protocol, protocol +
                              '_open', req)
  File "C:\Users\Home\AppData\Local\Python\pythoncore-3.14-64\Lib\urllib\request.py", line 464, in _call_chain
    result = func(*args)
  File "C:\Users\Home\AppData\Local\Python\pythoncore-3.14-64\Lib\urllib\request.py", line 1369, in https_open
    return self.do_open(http.client.HTTPSConnection, req,
           ~~~~~~~~~~~~^^^^^^^^^^^^^^^^^^^^^^^^^^^^^^^^^^
                        context=self._context)
                        ^^^^^^^^^^^^^^^^^^^^^^
  File "C:\Users\Home\AppData\Local\Python\pythoncore-3.14-64\Lib\urllib\request.py", line 1324, in do_open
    raise URLError(err)
urllib.error.URLError: <urlopen error [WinError 10054] Удаленный хост принудительно разорвал существующее подключение>
2026-03-22 17:55:06,771 | ERROR | Telegram worker item processing failed: <urlopen error [WinError 10054] Удаленный хост принудительно разорвал существующее подключение>
Traceback (most recent call last):
  File "C:\Users\Home\AppData\Local\Python\pythoncore-3.14-64\Lib\urllib\request.py", line 1321, in do_open
    h.request(req.get_method(), req.selector, req.data, headers,
    ~~~~~~~~~^^^^^^^^^^^^^^^^^^^^^^^^^^^^^^^^^^^^^^^^^^^^^^^^^^^
              encode_chunked=req.has_header('Transfer-encoding'))
              ^^^^^^^^^^^^^^^^^^^^^^^^^^^^^^^^^^^^^^^^^^^^^^^^^^^
  File "C:\Users\Home\AppData\Local\Python\pythoncore-3.14-64\Lib\http\client.py", line 1358, in request
    self._send_request(method, url, body, headers, encode_chunked)
    ~~~~~~~~~~~~~~~~~~^^^^^^^^^^^^^^^^^^^^^^^^^^^^^^^^^^^^^^^^^^^^
  File "C:\Users\Home\AppData\Local\Python\pythoncore-3.14-64\Lib\http\client.py", line 1404, in _send_request
    self.endheaders(body, encode_chunked=encode_chunked)
    ~~~~~~~~~~~~~~~^^^^^^^^^^^^^^^^^^^^^^^^^^^^^^^^^^^^^
  File "C:\Users\Home\AppData\Local\Python\pythoncore-3.14-64\Lib\http\client.py", line 1353, in endheaders
    self._send_output(message_body, encode_chunked=encode_chunked)
    ~~~~~~~~~~~~~~~~~^^^^^^^^^^^^^^^^^^^^^^^^^^^^^^^^^^^^^^^^^^^^^
  File "C:\Users\Home\AppData\Local\Python\pythoncore-3.14-64\Lib\http\client.py", line 1113, in _send_output
    self.send(msg)
    ~~~~~~~~~^^^^^
  File "C:\Users\Home\AppData\Local\Python\pythoncore-3.14-64\Lib\http\client.py", line 1057, in send
    self.connect()
    ~~~~~~~~~~~~^^
  File "C:\Users\Home\AppData\Local\Python\pythoncore-3.14-64\Lib\http\client.py", line 1499, in connect
    self.sock = self._context.wrap_socket(self.sock,
                ~~~~~~~~~~~~~~~~~~~~~~~~~^^^^^^^^^^^
                                          server_hostname=server_hostname)
                                          ^^^^^^^^^^^^^^^^^^^^^^^^^^^^^^^^
  File "C:\Users\Home\AppData\Local\Python\pythoncore-3.14-64\Lib\ssl.py", line 455, in wrap_socket
    return self.sslsocket_class._create(
           ~~~~~~~~~~~~~~~~~~~~~~~~~~~~^
        sock=sock,
        ^^^^^^^^^^
    ...<5 lines>...
        session=session
        ^^^^^^^^^^^^^^^
    )
    ^
  File "C:\Users\Home\AppData\Local\Python\pythoncore-3.14-64\Lib\ssl.py", line 1076, in _create
    self.do_handshake()
    ~~~~~~~~~~~~~~~~~^^
  File "C:\Users\Home\AppData\Local\Python\pythoncore-3.14-64\Lib\ssl.py", line 1372, in do_handshake
    self._sslobj.do_handshake()
    ~~~~~~~~~~~~~~~~~~~~~~~~~^^
ConnectionResetError: [WinError 10054] Удаленный хост принудительно разорвал существующее подключение

During handling of the above exception, another exception occurred:

Traceback (most recent call last):
  File "D:\GIT\okx-trading-bot\v09x\097\telegram_notifier.py", line 190, in run_worker_forever
    processed = worker.process_once()
  File "D:\GIT\okx-trading-bot\v09x\097\telegram_notifier.py", line 105, in process_once
    self._process_file(pending)
    ~~~~~~~~~~~~~~~~~~^^^^^^^^^
  File "D:\GIT\okx-trading-bot\v09x\097\telegram_notifier.py", line 121, in _process_file
    self._send_message(payload)
    ~~~~~~~~~~~~~~~~~~^^^^^^^^^
  File "D:\GIT\okx-trading-bot\v09x\097\telegram_notifier.py", line 134, in _send_message
    with urllib.request.urlopen(request, timeout=25) as response:
         ~~~~~~~~~~~~~~~~~~~~~~^^^^^^^^^^^^^^^^^^^^^
  File "C:\Users\Home\AppData\Local\Python\pythoncore-3.14-64\Lib\urllib\request.py", line 187, in urlopen
    return opener.open(url, data, timeout)
           ~~~~~~~~~~~^^^^^^^^^^^^^^^^^^^^
  File "C:\Users\Home\AppData\Local\Python\pythoncore-3.14-64\Lib\urllib\request.py", line 487, in open
    response = self._open(req, data)
  File "C:\Users\Home\AppData\Local\Python\pythoncore-3.14-64\Lib\urllib\request.py", line 504, in _open
    result = self._call_chain(self.handle_open, protocol, protocol +
                              '_open', req)
  File "C:\Users\Home\AppData\Local\Python\pythoncore-3.14-64\Lib\urllib\request.py", line 464, in _call_chain
    result = func(*args)
  File "C:\Users\Home\AppData\Local\Python\pythoncore-3.14-64\Lib\urllib\request.py", line 1369, in https_open
    return self.do_open(http.client.HTTPSConnection, req,
           ~~~~~~~~~~~~^^^^^^^^^^^^^^^^^^^^^^^^^^^^^^^^^^
                        context=self._context)
                        ^^^^^^^^^^^^^^^^^^^^^^
  File "C:\Users\Home\AppData\Local\Python\pythoncore-3.14-64\Lib\urllib\request.py", line 1324, in do_open
    raise URLError(err)
urllib.error.URLError: <urlopen error [WinError 10054] Удаленный хост принудительно разорвал существующее подключение>
2026-03-22 17:55:29,012 | ERROR | Telegram worker item processing failed: <urlopen error [WinError 10054] Удаленный хост принудительно разорвал существующее подключение>
Traceback (most recent call last):
  File "C:\Users\Home\AppData\Local\Python\pythoncore-3.14-64\Lib\urllib\request.py", line 1321, in do_open
    h.request(req.get_method(), req.selector, req.data, headers,
    ~~~~~~~~~^^^^^^^^^^^^^^^^^^^^^^^^^^^^^^^^^^^^^^^^^^^^^^^^^^^
              encode_chunked=req.has_header('Transfer-encoding'))
              ^^^^^^^^^^^^^^^^^^^^^^^^^^^^^^^^^^^^^^^^^^^^^^^^^^^
  File "C:\Users\Home\AppData\Local\Python\pythoncore-3.14-64\Lib\http\client.py", line 1358, in request
    self._send_request(method, url, body, headers, encode_chunked)
    ~~~~~~~~~~~~~~~~~~^^^^^^^^^^^^^^^^^^^^^^^^^^^^^^^^^^^^^^^^^^^^
  File "C:\Users\Home\AppData\Local\Python\pythoncore-3.14-64\Lib\http\client.py", line 1404, in _send_request
    self.endheaders(body, encode_chunked=encode_chunked)
    ~~~~~~~~~~~~~~~^^^^^^^^^^^^^^^^^^^^^^^^^^^^^^^^^^^^^
  File "C:\Users\Home\AppData\Local\Python\pythoncore-3.14-64\Lib\http\client.py", line 1353, in endheaders
    self._send_output(message_body, encode_chunked=encode_chunked)
    ~~~~~~~~~~~~~~~~~^^^^^^^^^^^^^^^^^^^^^^^^^^^^^^^^^^^^^^^^^^^^^
  File "C:\Users\Home\AppData\Local\Python\pythoncore-3.14-64\Lib\http\client.py", line 1113, in _send_output
    self.send(msg)
    ~~~~~~~~~^^^^^
  File "C:\Users\Home\AppData\Local\Python\pythoncore-3.14-64\Lib\http\client.py", line 1057, in send
    self.connect()
    ~~~~~~~~~~~~^^
  File "C:\Users\Home\AppData\Local\Python\pythoncore-3.14-64\Lib\http\client.py", line 1499, in connect
    self.sock = self._context.wrap_socket(self.sock,
                ~~~~~~~~~~~~~~~~~~~~~~~~~^^^^^^^^^^^
                                          server_hostname=server_hostname)
                                          ^^^^^^^^^^^^^^^^^^^^^^^^^^^^^^^^
  File "C:\Users\Home\AppData\Local\Python\pythoncore-3.14-64\Lib\ssl.py", line 455, in wrap_socket
    return self.sslsocket_class._create(
           ~~~~~~~~~~~~~~~~~~~~~~~~~~~~^
        sock=sock,
        ^^^^^^^^^^
    ...<5 lines>...
        session=session
        ^^^^^^^^^^^^^^^
    )
    ^
  File "C:\Users\Home\AppData\Local\Python\pythoncore-3.14-64\Lib\ssl.py", line 1076, in _create
    self.do_handshake()
    ~~~~~~~~~~~~~~~~~^^
  File "C:\Users\Home\AppData\Local\Python\pythoncore-3.14-64\Lib\ssl.py", line 1372, in do_handshake
    self._sslobj.do_handshake()
    ~~~~~~~~~~~~~~~~~~~~~~~~~^^
ConnectionResetError: [WinError 10054] Удаленный хост принудительно разорвал существующее подключение

During handling of the above exception, another exception occurred:

Traceback (most recent call last):
  File "D:\GIT\okx-trading-bot\v09x\097\telegram_notifier.py", line 190, in run_worker_forever
    processed = worker.process_once()
  File "D:\GIT\okx-trading-bot\v09x\097\telegram_notifier.py", line 105, in process_once
    self._process_file(pending)
    ~~~~~~~~~~~~~~~~~~^^^^^^^^^
  File "D:\GIT\okx-trading-bot\v09x\097\telegram_notifier.py", line 121, in _process_file
    self._send_message(payload)
    ~~~~~~~~~~~~~~~~~~^^^^^^^^^
  File "D:\GIT\okx-trading-bot\v09x\097\telegram_notifier.py", line 134, in _send_message
    with urllib.request.urlopen(request, timeout=25) as response:
         ~~~~~~~~~~~~~~~~~~~~~~^^^^^^^^^^^^^^^^^^^^^
  File "C:\Users\Home\AppData\Local\Python\pythoncore-3.14-64\Lib\urllib\request.py", line 187, in urlopen
    return opener.open(url, data, timeout)
           ~~~~~~~~~~~^^^^^^^^^^^^^^^^^^^^
  File "C:\Users\Home\AppData\Local\Python\pythoncore-3.14-64\Lib\urllib\request.py", line 487, in open
    response = self._open(req, data)
  File "C:\Users\Home\AppData\Local\Python\pythoncore-3.14-64\Lib\urllib\request.py", line 504, in _open
    result = self._call_chain(self.handle_open, protocol, protocol +
                              '_open', req)
  File "C:\Users\Home\AppData\Local\Python\pythoncore-3.14-64\Lib\urllib\request.py", line 464, in _call_chain
    result = func(*args)
  File "C:\Users\Home\AppData\Local\Python\pythoncore-3.14-64\Lib\urllib\request.py", line 1369, in https_open
    return self.do_open(http.client.HTTPSConnection, req,
           ~~~~~~~~~~~~^^^^^^^^^^^^^^^^^^^^^^^^^^^^^^^^^^
                        context=self._context)
                        ^^^^^^^^^^^^^^^^^^^^^^
  File "C:\Users\Home\AppData\Local\Python\pythoncore-3.14-64\Lib\urllib\request.py", line 1324, in do_open
    raise URLError(err)
urllib.error.URLError: <urlopen error [WinError 10054] Удаленный хост принудительно разорвал существующее подключение>
2026-03-22 17:55:51,254 | ERROR | Telegram worker item processing failed: <urlopen error [WinError 10054] Удаленный хост принудительно разорвал существующее подключение>
Traceback (most recent call last):
  File "C:\Users\Home\AppData\Local\Python\pythoncore-3.14-64\Lib\urllib\request.py", line 1321, in do_open
    h.request(req.get_method(), req.selector, req.data, headers,
    ~~~~~~~~~^^^^^^^^^^^^^^^^^^^^^^^^^^^^^^^^^^^^^^^^^^^^^^^^^^^
              encode_chunked=req.has_header('Transfer-encoding'))
              ^^^^^^^^^^^^^^^^^^^^^^^^^^^^^^^^^^^^^^^^^^^^^^^^^^^
  File "C:\Users\Home\AppData\Local\Python\pythoncore-3.14-64\Lib\http\client.py", line 1358, in request
    self._send_request(method, url, body, headers, encode_chunked)
    ~~~~~~~~~~~~~~~~~~^^^^^^^^^^^^^^^^^^^^^^^^^^^^^^^^^^^^^^^^^^^^
  File "C:\Users\Home\AppData\Local\Python\pythoncore-3.14-64\Lib\http\client.py", line 1404, in _send_request
    self.endheaders(body, encode_chunked=encode_chunked)
    ~~~~~~~~~~~~~~~^^^^^^^^^^^^^^^^^^^^^^^^^^^^^^^^^^^^^
  File "C:\Users\Home\AppData\Local\Python\pythoncore-3.14-64\Lib\http\client.py", line 1353, in endheaders
    self._send_output(message_body, encode_chunked=encode_chunked)
    ~~~~~~~~~~~~~~~~~^^^^^^^^^^^^^^^^^^^^^^^^^^^^^^^^^^^^^^^^^^^^^
  File "C:\Users\Home\AppData\Local\Python\pythoncore-3.14-64\Lib\http\client.py", line 1113, in _send_output
    self.send(msg)
    ~~~~~~~~~^^^^^
  File "C:\Users\Home\AppData\Local\Python\pythoncore-3.14-64\Lib\http\client.py", line 1057, in send
    self.connect()
    ~~~~~~~~~~~~^^
  File "C:\Users\Home\AppData\Local\Python\pythoncore-3.14-64\Lib\http\client.py", line 1499, in connect
    self.sock = self._context.wrap_socket(self.sock,
                ~~~~~~~~~~~~~~~~~~~~~~~~~^^^^^^^^^^^
                                          server_hostname=server_hostname)
                                          ^^^^^^^^^^^^^^^^^^^^^^^^^^^^^^^^
  File "C:\Users\Home\AppData\Local\Python\pythoncore-3.14-64\Lib\ssl.py", line 455, in wrap_socket
    return self.sslsocket_class._create(
           ~~~~~~~~~~~~~~~~~~~~~~~~~~~~^
        sock=sock,
        ^^^^^^^^^^
    ...<5 lines>...
        session=session
        ^^^^^^^^^^^^^^^
    )
    ^
  File "C:\Users\Home\AppData\Local\Python\pythoncore-3.14-64\Lib\ssl.py", line 1076, in _create
    self.do_handshake()
    ~~~~~~~~~~~~~~~~~^^
  File "C:\Users\Home\AppData\Local\Python\pythoncore-3.14-64\Lib\ssl.py", line 1372, in do_handshake
    self._sslobj.do_handshake()
    ~~~~~~~~~~~~~~~~~~~~~~~~~^^
ConnectionResetError: [WinError 10054] Удаленный хост принудительно разорвал существующее подключение

During handling of the above exception, another exception occurred:

Traceback (most recent call last):
  File "D:\GIT\okx-trading-bot\v09x\097\telegram_notifier.py", line 190, in run_worker_forever
    processed = worker.process_once()
  File "D:\GIT\okx-trading-bot\v09x\097\telegram_notifier.py", line 105, in process_once
    self._process_file(pending)
    ~~~~~~~~~~~~~~~~~~^^^^^^^^^
  File "D:\GIT\okx-trading-bot\v09x\097\telegram_notifier.py", line 121, in _process_file
    self._send_message(payload)
    ~~~~~~~~~~~~~~~~~~^^^^^^^^^
  File "D:\GIT\okx-trading-bot\v09x\097\telegram_notifier.py", line 134, in _send_message
    with urllib.request.urlopen(request, timeout=25) as response:
         ~~~~~~~~~~~~~~~~~~~~~~^^^^^^^^^^^^^^^^^^^^^
  File "C:\Users\Home\AppData\Local\Python\pythoncore-3.14-64\Lib\urllib\request.py", line 187, in urlopen
    return opener.open(url, data, timeout)
           ~~~~~~~~~~~^^^^^^^^^^^^^^^^^^^^
  File "C:\Users\Home\AppData\Local\Python\pythoncore-3.14-64\Lib\urllib\request.py", line 487, in open
    response = self._open(req, data)
  File "C:\Users\Home\AppData\Local\Python\pythoncore-3.14-64\Lib\urllib\request.py", line 504, in _open
    result = self._call_chain(self.handle_open, protocol, protocol +
                              '_open', req)
  File "C:\Users\Home\AppData\Local\Python\pythoncore-3.14-64\Lib\urllib\request.py", line 464, in _call_chain
    result = func(*args)
  File "C:\Users\Home\AppData\Local\Python\pythoncore-3.14-64\Lib\urllib\request.py", line 1369, in https_open
    return self.do_open(http.client.HTTPSConnection, req,
           ~~~~~~~~~~~~^^^^^^^^^^^^^^^^^^^^^^^^^^^^^^^^^^
                        context=self._context)
                        ^^^^^^^^^^^^^^^^^^^^^^
  File "C:\Users\Home\AppData\Local\Python\pythoncore-3.14-64\Lib\urllib\request.py", line 1324, in do_open
    raise URLError(err)
urllib.error.URLError: <urlopen error [WinError 10054] Удаленный хост принудительно разорвал существующее подключение>
2026-03-22 17:56:13,493 | ERROR | Telegram worker item processing failed: <urlopen error [WinError 10054] Удаленный хост принудительно разорвал существующее подключение>
Traceback (most recent call last):
  File "C:\Users\Home\AppData\Local\Python\pythoncore-3.14-64\Lib\urllib\request.py", line 1321, in do_open
    h.request(req.get_method(), req.selector, req.data, headers,
    ~~~~~~~~~^^^^^^^^^^^^^^^^^^^^^^^^^^^^^^^^^^^^^^^^^^^^^^^^^^^
              encode_chunked=req.has_header('Transfer-encoding'))
              ^^^^^^^^^^^^^^^^^^^^^^^^^^^^^^^^^^^^^^^^^^^^^^^^^^^
  File "C:\Users\Home\AppData\Local\Python\pythoncore-3.14-64\Lib\http\client.py", line 1358, in request
    self._send_request(method, url, body, headers, encode_chunked)
    ~~~~~~~~~~~~~~~~~~^^^^^^^^^^^^^^^^^^^^^^^^^^^^^^^^^^^^^^^^^^^^
  File "C:\Users\Home\AppData\Local\Python\pythoncore-3.14-64\Lib\http\client.py", line 1404, in _send_request
    self.endheaders(body, encode_chunked=encode_chunked)
    ~~~~~~~~~~~~~~~^^^^^^^^^^^^^^^^^^^^^^^^^^^^^^^^^^^^^
  File "C:\Users\Home\AppData\Local\Python\pythoncore-3.14-64\Lib\http\client.py", line 1353, in endheaders
    self._send_output(message_body, encode_chunked=encode_chunked)
    ~~~~~~~~~~~~~~~~~^^^^^^^^^^^^^^^^^^^^^^^^^^^^^^^^^^^^^^^^^^^^^
  File "C:\Users\Home\AppData\Local\Python\pythoncore-3.14-64\Lib\http\client.py", line 1113, in _send_output
    self.send(msg)
    ~~~~~~~~~^^^^^
  File "C:\Users\Home\AppData\Local\Python\pythoncore-3.14-64\Lib\http\client.py", line 1057, in send
    self.connect()
    ~~~~~~~~~~~~^^
  File "C:\Users\Home\AppData\Local\Python\pythoncore-3.14-64\Lib\http\client.py", line 1499, in connect
    self.sock = self._context.wrap_socket(self.sock,
                ~~~~~~~~~~~~~~~~~~~~~~~~~^^^^^^^^^^^
                                          server_hostname=server_hostname)
                                          ^^^^^^^^^^^^^^^^^^^^^^^^^^^^^^^^
  File "C:\Users\Home\AppData\Local\Python\pythoncore-3.14-64\Lib\ssl.py", line 455, in wrap_socket
    return self.sslsocket_class._create(
           ~~~~~~~~~~~~~~~~~~~~~~~~~~~~^
        sock=sock,
        ^^^^^^^^^^
    ...<5 lines>...
        session=session
        ^^^^^^^^^^^^^^^
    )
    ^
  File "C:\Users\Home\AppData\Local\Python\pythoncore-3.14-64\Lib\ssl.py", line 1076, in _create
    self.do_handshake()
    ~~~~~~~~~~~~~~~~~^^
  File "C:\Users\Home\AppData\Local\Python\pythoncore-3.14-64\Lib\ssl.py", line 1372, in do_handshake
    self._sslobj.do_handshake()
    ~~~~~~~~~~~~~~~~~~~~~~~~~^^
ConnectionResetError: [WinError 10054] Удаленный хост принудительно разорвал существующее подключение

During handling of the above exception, another exception occurred:

Traceback (most recent call last):
  File "D:\GIT\okx-trading-bot\v09x\097\telegram_notifier.py", line 190, in run_worker_forever
    processed = worker.process_once()
  File "D:\GIT\okx-trading-bot\v09x\097\telegram_notifier.py", line 105, in process_once
    self._process_file(pending)
    ~~~~~~~~~~~~~~~~~~^^^^^^^^^
  File "D:\GIT\okx-trading-bot\v09x\097\telegram_notifier.py", line 121, in _process_file
    self._send_message(payload)
    ~~~~~~~~~~~~~~~~~~^^^^^^^^^
  File "D:\GIT\okx-trading-bot\v09x\097\telegram_notifier.py", line 134, in _send_message
    with urllib.request.urlopen(request, timeout=25) as response:
         ~~~~~~~~~~~~~~~~~~~~~~^^^^^^^^^^^^^^^^^^^^^
  File "C:\Users\Home\AppData\Local\Python\pythoncore-3.14-64\Lib\urllib\request.py", line 187, in urlopen
    return opener.open(url, data, timeout)
           ~~~~~~~~~~~^^^^^^^^^^^^^^^^^^^^
  File "C:\Users\Home\AppData\Local\Python\pythoncore-3.14-64\Lib\urllib\request.py", line 487, in open
    response = self._open(req, data)
  File "C:\Users\Home\AppData\Local\Python\pythoncore-3.14-64\Lib\urllib\request.py", line 504, in _open
    result = self._call_chain(self.handle_open, protocol, protocol +
                              '_open', req)
  File "C:\Users\Home\AppData\Local\Python\pythoncore-3.14-64\Lib\urllib\request.py", line 464, in _call_chain
    result = func(*args)
  File "C:\Users\Home\AppData\Local\Python\pythoncore-3.14-64\Lib\urllib\request.py", line 1369, in https_open
    return self.do_open(http.client.HTTPSConnection, req,
           ~~~~~~~~~~~~^^^^^^^^^^^^^^^^^^^^^^^^^^^^^^^^^^
                        context=self._context)
                        ^^^^^^^^^^^^^^^^^^^^^^
  File "C:\Users\Home\AppData\Local\Python\pythoncore-3.14-64\Lib\urllib\request.py", line 1324, in do_open
    raise URLError(err)
urllib.error.URLError: <urlopen error [WinError 10054] Удаленный хост принудительно разорвал существующее подключение>
2026-03-22 17:56:35,750 | ERROR | Telegram worker item processing failed: <urlopen error [WinError 10054] Удаленный хост принудительно разорвал существующее подключение>
Traceback (most recent call last):
  File "C:\Users\Home\AppData\Local\Python\pythoncore-3.14-64\Lib\urllib\request.py", line 1321, in do_open
    h.request(req.get_method(), req.selector, req.data, headers,
    ~~~~~~~~~^^^^^^^^^^^^^^^^^^^^^^^^^^^^^^^^^^^^^^^^^^^^^^^^^^^
              encode_chunked=req.has_header('Transfer-encoding'))
              ^^^^^^^^^^^^^^^^^^^^^^^^^^^^^^^^^^^^^^^^^^^^^^^^^^^
  File "C:\Users\Home\AppData\Local\Python\pythoncore-3.14-64\Lib\http\client.py", line 1358, in request
    self._send_request(method, url, body, headers, encode_chunked)
    ~~~~~~~~~~~~~~~~~~^^^^^^^^^^^^^^^^^^^^^^^^^^^^^^^^^^^^^^^^^^^^
  File "C:\Users\Home\AppData\Local\Python\pythoncore-3.14-64\Lib\http\client.py", line 1404, in _send_request
    self.endheaders(body, encode_chunked=encode_chunked)
    ~~~~~~~~~~~~~~~^^^^^^^^^^^^^^^^^^^^^^^^^^^^^^^^^^^^^
  File "C:\Users\Home\AppData\Local\Python\pythoncore-3.14-64\Lib\http\client.py", line 1353, in endheaders
    self._send_output(message_body, encode_chunked=encode_chunked)
    ~~~~~~~~~~~~~~~~~^^^^^^^^^^^^^^^^^^^^^^^^^^^^^^^^^^^^^^^^^^^^^
  File "C:\Users\Home\AppData\Local\Python\pythoncore-3.14-64\Lib\http\client.py", line 1113, in _send_output
    self.send(msg)
    ~~~~~~~~~^^^^^
  File "C:\Users\Home\AppData\Local\Python\pythoncore-3.14-64\Lib\http\client.py", line 1057, in send
    self.connect()
    ~~~~~~~~~~~~^^
  File "C:\Users\Home\AppData\Local\Python\pythoncore-3.14-64\Lib\http\client.py", line 1499, in connect
    self.sock = self._context.wrap_socket(self.sock,
                ~~~~~~~~~~~~~~~~~~~~~~~~~^^^^^^^^^^^
                                          server_hostname=server_hostname)
                                          ^^^^^^^^^^^^^^^^^^^^^^^^^^^^^^^^
  File "C:\Users\Home\AppData\Local\Python\pythoncore-3.14-64\Lib\ssl.py", line 455, in wrap_socket
    return self.sslsocket_class._create(
           ~~~~~~~~~~~~~~~~~~~~~~~~~~~~^
        sock=sock,
        ^^^^^^^^^^
    ...<5 lines>...
        session=session
        ^^^^^^^^^^^^^^^
    )
    ^
  File "C:\Users\Home\AppData\Local\Python\pythoncore-3.14-64\Lib\ssl.py", line 1076, in _create
    self.do_handshake()
    ~~~~~~~~~~~~~~~~~^^
  File "C:\Users\Home\AppData\Local\Python\pythoncore-3.14-64\Lib\ssl.py", line 1372, in do_handshake
    self._sslobj.do_handshake()
    ~~~~~~~~~~~~~~~~~~~~~~~~~^^
ConnectionResetError: [WinError 10054] Удаленный хост принудительно разорвал существующее подключение

During handling of the above exception, another exception occurred:

Traceback (most recent call last):
  File "D:\GIT\okx-trading-bot\v09x\097\telegram_notifier.py", line 190, in run_worker_forever
    processed = worker.process_once()
  File "D:\GIT\okx-trading-bot\v09x\097\telegram_notifier.py", line 105, in process_once
    self._process_file(pending)
    ~~~~~~~~~~~~~~~~~~^^^^^^^^^
  File "D:\GIT\okx-trading-bot\v09x\097\telegram_notifier.py", line 121, in _process_file
    self._send_message(payload)
    ~~~~~~~~~~~~~~~~~~^^^^^^^^^
  File "D:\GIT\okx-trading-bot\v09x\097\telegram_notifier.py", line 134, in _send_message
    with urllib.request.urlopen(request, timeout=25) as response:
         ~~~~~~~~~~~~~~~~~~~~~~^^^^^^^^^^^^^^^^^^^^^
  File "C:\Users\Home\AppData\Local\Python\pythoncore-3.14-64\Lib\urllib\request.py", line 187, in urlopen
    return opener.open(url, data, timeout)
           ~~~~~~~~~~~^^^^^^^^^^^^^^^^^^^^
  File "C:\Users\Home\AppData\Local\Python\pythoncore-3.14-64\Lib\urllib\request.py", line 487, in open
    response = self._open(req, data)
  File "C:\Users\Home\AppData\Local\Python\pythoncore-3.14-64\Lib\urllib\request.py", line 504, in _open
    result = self._call_chain(self.handle_open, protocol, protocol +
                              '_open', req)
  File "C:\Users\Home\AppData\Local\Python\pythoncore-3.14-64\Lib\urllib\request.py", line 464, in _call_chain
    result = func(*args)
  File "C:\Users\Home\AppData\Local\Python\pythoncore-3.14-64\Lib\urllib\request.py", line 1369, in https_open
    return self.do_open(http.client.HTTPSConnection, req,
           ~~~~~~~~~~~~^^^^^^^^^^^^^^^^^^^^^^^^^^^^^^^^^^
                        context=self._context)
                        ^^^^^^^^^^^^^^^^^^^^^^
  File "C:\Users\Home\AppData\Local\Python\pythoncore-3.14-64\Lib\urllib\request.py", line 1324, in do_open
    raise URLError(err)
urllib.error.URLError: <urlopen error [WinError 10054] Удаленный хост принудительно разорвал существующее подключение>
2026-03-22 17:56:58,004 | ERROR | Telegram worker item processing failed: <urlopen error [WinError 10054] Удаленный хост принудительно разорвал существующее подключение>
Traceback (most recent call last):
  File "C:\Users\Home\AppData\Local\Python\pythoncore-3.14-64\Lib\urllib\request.py", line 1321, in do_open
    h.request(req.get_method(), req.selector, req.data, headers,
    ~~~~~~~~~^^^^^^^^^^^^^^^^^^^^^^^^^^^^^^^^^^^^^^^^^^^^^^^^^^^
              encode_chunked=req.has_header('Transfer-encoding'))
              ^^^^^^^^^^^^^^^^^^^^^^^^^^^^^^^^^^^^^^^^^^^^^^^^^^^
  File "C:\Users\Home\AppData\Local\Python\pythoncore-3.14-64\Lib\http\client.py", line 1358, in request
    self._send_request(method, url, body, headers, encode_chunked)
    ~~~~~~~~~~~~~~~~~~^^^^^^^^^^^^^^^^^^^^^^^^^^^^^^^^^^^^^^^^^^^^
  File "C:\Users\Home\AppData\Local\Python\pythoncore-3.14-64\Lib\http\client.py", line 1404, in _send_request
    self.endheaders(body, encode_chunked=encode_chunked)
    ~~~~~~~~~~~~~~~^^^^^^^^^^^^^^^^^^^^^^^^^^^^^^^^^^^^^
  File "C:\Users\Home\AppData\Local\Python\pythoncore-3.14-64\Lib\http\client.py", line 1353, in endheaders
    self._send_output(message_body, encode_chunked=encode_chunked)
    ~~~~~~~~~~~~~~~~~^^^^^^^^^^^^^^^^^^^^^^^^^^^^^^^^^^^^^^^^^^^^^
  File "C:\Users\Home\AppData\Local\Python\pythoncore-3.14-64\Lib\http\client.py", line 1113, in _send_output
    self.send(msg)
    ~~~~~~~~~^^^^^
  File "C:\Users\Home\AppData\Local\Python\pythoncore-3.14-64\Lib\http\client.py", line 1057, in send
    self.connect()
    ~~~~~~~~~~~~^^
  File "C:\Users\Home\AppData\Local\Python\pythoncore-3.14-64\Lib\http\client.py", line 1499, in connect
    self.sock = self._context.wrap_socket(self.sock,
                ~~~~~~~~~~~~~~~~~~~~~~~~~^^^^^^^^^^^
                                          server_hostname=server_hostname)
                                          ^^^^^^^^^^^^^^^^^^^^^^^^^^^^^^^^
  File "C:\Users\Home\AppData\Local\Python\pythoncore-3.14-64\Lib\ssl.py", line 455, in wrap_socket
    return self.sslsocket_class._create(
           ~~~~~~~~~~~~~~~~~~~~~~~~~~~~^
        sock=sock,
        ^^^^^^^^^^
    ...<5 lines>...
        session=session
        ^^^^^^^^^^^^^^^
    )
    ^
  File "C:\Users\Home\AppData\Local\Python\pythoncore-3.14-64\Lib\ssl.py", line 1076, in _create
    self.do_handshake()
    ~~~~~~~~~~~~~~~~~^^
  File "C:\Users\Home\AppData\Local\Python\pythoncore-3.14-64\Lib\ssl.py", line 1372, in do_handshake
    self._sslobj.do_handshake()
    ~~~~~~~~~~~~~~~~~~~~~~~~~^^
ConnectionResetError: [WinError 10054] Удаленный хост принудительно разорвал существующее подключение

During handling of the above exception, another exception occurred:

Traceback (most recent call last):
  File "D:\GIT\okx-trading-bot\v09x\097\telegram_notifier.py", line 190, in run_worker_forever
    processed = worker.process_once()
  File "D:\GIT\okx-trading-bot\v09x\097\telegram_notifier.py", line 105, in process_once
    self._process_file(pending)
    ~~~~~~~~~~~~~~~~~~^^^^^^^^^
  File "D:\GIT\okx-trading-bot\v09x\097\telegram_notifier.py", line 119, in _process_file
    self._send_photo(payload)
    ~~~~~~~~~~~~~~~~^^^^^^^^^
  File "D:\GIT\okx-trading-bot\v09x\097\telegram_notifier.py", line 166, in _send_photo
    with urllib.request.urlopen(request, timeout=40) as response:
         ~~~~~~~~~~~~~~~~~~~~~~^^^^^^^^^^^^^^^^^^^^^
  File "C:\Users\Home\AppData\Local\Python\pythoncore-3.14-64\Lib\urllib\request.py", line 187, in urlopen
    return opener.open(url, data, timeout)
           ~~~~~~~~~~~^^^^^^^^^^^^^^^^^^^^
  File "C:\Users\Home\AppData\Local\Python\pythoncore-3.14-64\Lib\urllib\request.py", line 487, in open
    response = self._open(req, data)
  File "C:\Users\Home\AppData\Local\Python\pythoncore-3.14-64\Lib\urllib\request.py", line 504, in _open
    result = self._call_chain(self.handle_open, protocol, protocol +
                              '_open', req)
  File "C:\Users\Home\AppData\Local\Python\pythoncore-3.14-64\Lib\urllib\request.py", line 464, in _call_chain
    result = func(*args)
  File "C:\Users\Home\AppData\Local\Python\pythoncore-3.14-64\Lib\urllib\request.py", line 1369, in https_open
    return self.do_open(http.client.HTTPSConnection, req,
           ~~~~~~~~~~~~^^^^^^^^^^^^^^^^^^^^^^^^^^^^^^^^^^
                        context=self._context)
                        ^^^^^^^^^^^^^^^^^^^^^^
  File "C:\Users\Home\AppData\Local\Python\pythoncore-3.14-64\Lib\urllib\request.py", line 1324, in do_open
    raise URLError(err)
urllib.error.URLError: <urlopen error [WinError 10054] Удаленный хост принудительно разорвал существующее подключение>
2026-03-22 17:57:20,243 | ERROR | Telegram worker item processing failed: <urlopen error [WinError 10054] Удаленный хост принудительно разорвал существующее подключение>
Traceback (most recent call last):
  File "C:\Users\Home\AppData\Local\Python\pythoncore-3.14-64\Lib\urllib\request.py", line 1321, in do_open
    h.request(req.get_method(), req.selector, req.data, headers,
    ~~~~~~~~~^^^^^^^^^^^^^^^^^^^^^^^^^^^^^^^^^^^^^^^^^^^^^^^^^^^
              encode_chunked=req.has_header('Transfer-encoding'))
              ^^^^^^^^^^^^^^^^^^^^^^^^^^^^^^^^^^^^^^^^^^^^^^^^^^^
  File "C:\Users\Home\AppData\Local\Python\pythoncore-3.14-64\Lib\http\client.py", line 1358, in request
    self._send_request(method, url, body, headers, encode_chunked)
    ~~~~~~~~~~~~~~~~~~^^^^^^^^^^^^^^^^^^^^^^^^^^^^^^^^^^^^^^^^^^^^
  File "C:\Users\Home\AppData\Local\Python\pythoncore-3.14-64\Lib\http\client.py", line 1404, in _send_request
    self.endheaders(body, encode_chunked=encode_chunked)
    ~~~~~~~~~~~~~~~^^^^^^^^^^^^^^^^^^^^^^^^^^^^^^^^^^^^^
  File "C:\Users\Home\AppData\Local\Python\pythoncore-3.14-64\Lib\http\client.py", line 1353, in endheaders
    self._send_output(message_body, encode_chunked=encode_chunked)
    ~~~~~~~~~~~~~~~~~^^^^^^^^^^^^^^^^^^^^^^^^^^^^^^^^^^^^^^^^^^^^^
  File "C:\Users\Home\AppData\Local\Python\pythoncore-3.14-64\Lib\http\client.py", line 1113, in _send_output
    self.send(msg)
    ~~~~~~~~~^^^^^
  File "C:\Users\Home\AppData\Local\Python\pythoncore-3.14-64\Lib\http\client.py", line 1057, in send
    self.connect()
    ~~~~~~~~~~~~^^
  File "C:\Users\Home\AppData\Local\Python\pythoncore-3.14-64\Lib\http\client.py", line 1499, in connect
    self.sock = self._context.wrap_socket(self.sock,
                ~~~~~~~~~~~~~~~~~~~~~~~~~^^^^^^^^^^^
                                          server_hostname=server_hostname)
                                          ^^^^^^^^^^^^^^^^^^^^^^^^^^^^^^^^
  File "C:\Users\Home\AppData\Local\Python\pythoncore-3.14-64\Lib\ssl.py", line 455, in wrap_socket
    return self.sslsocket_class._create(
           ~~~~~~~~~~~~~~~~~~~~~~~~~~~~^
        sock=sock,
        ^^^^^^^^^^
    ...<5 lines>...
        session=session
        ^^^^^^^^^^^^^^^
    )
    ^
  File "C:\Users\Home\AppData\Local\Python\pythoncore-3.14-64\Lib\ssl.py", line 1076, in _create
    self.do_handshake()
    ~~~~~~~~~~~~~~~~~^^
  File "C:\Users\Home\AppData\Local\Python\pythoncore-3.14-64\Lib\ssl.py", line 1372, in do_handshake
    self._sslobj.do_handshake()
    ~~~~~~~~~~~~~~~~~~~~~~~~~^^
ConnectionResetError: [WinError 10054] Удаленный хост принудительно разорвал существующее подключение

During handling of the above exception, another exception occurred:

Traceback (most recent call last):
  File "D:\GIT\okx-trading-bot\v09x\097\telegram_notifier.py", line 190, in run_worker_forever
    processed = worker.process_once()
  File "D:\GIT\okx-trading-bot\v09x\097\telegram_notifier.py", line 105, in process_once
    self._process_file(pending)
    ~~~~~~~~~~~~~~~~~~^^^^^^^^^
  File "D:\GIT\okx-trading-bot\v09x\097\telegram_notifier.py", line 121, in _process_file
    self._send_message(payload)
    ~~~~~~~~~~~~~~~~~~^^^^^^^^^
  File "D:\GIT\okx-trading-bot\v09x\097\telegram_notifier.py", line 134, in _send_message
    with urllib.request.urlopen(request, timeout=25) as response:
         ~~~~~~~~~~~~~~~~~~~~~~^^^^^^^^^^^^^^^^^^^^^
  File "C:\Users\Home\AppData\Local\Python\pythoncore-3.14-64\Lib\urllib\request.py", line 187, in urlopen
    return opener.open(url, data, timeout)
           ~~~~~~~~~~~^^^^^^^^^^^^^^^^^^^^
  File "C:\Users\Home\AppData\Local\Python\pythoncore-3.14-64\Lib\urllib\request.py", line 487, in open
    response = self._open(req, data)
  File "C:\Users\Home\AppData\Local\Python\pythoncore-3.14-64\Lib\urllib\request.py", line 504, in _open
    result = self._call_chain(self.handle_open, protocol, protocol +
                              '_open', req)
  File "C:\Users\Home\AppData\Local\Python\pythoncore-3.14-64\Lib\urllib\request.py", line 464, in _call_chain
    result = func(*args)
  File "C:\Users\Home\AppData\Local\Python\pythoncore-3.14-64\Lib\urllib\request.py", line 1369, in https_open
    return self.do_open(http.client.HTTPSConnection, req,
           ~~~~~~~~~~~~^^^^^^^^^^^^^^^^^^^^^^^^^^^^^^^^^^
                        context=self._context)
                        ^^^^^^^^^^^^^^^^^^^^^^
  File "C:\Users\Home\AppData\Local\Python\pythoncore-3.14-64\Lib\urllib\request.py", line 1324, in do_open
    raise URLError(err)
urllib.error.URLError: <urlopen error [WinError 10054] Удаленный хост принудительно разорвал существующее подключение>
2026-03-22 17:57:42,582 | ERROR | Telegram worker item processing failed: <urlopen error [WinError 10054] Удаленный хост принудительно разорвал существующее подключение>
Traceback (most recent call last):
  File "C:\Users\Home\AppData\Local\Python\pythoncore-3.14-64\Lib\urllib\request.py", line 1321, in do_open
    h.request(req.get_method(), req.selector, req.data, headers,
    ~~~~~~~~~^^^^^^^^^^^^^^^^^^^^^^^^^^^^^^^^^^^^^^^^^^^^^^^^^^^
              encode_chunked=req.has_header('Transfer-encoding'))
              ^^^^^^^^^^^^^^^^^^^^^^^^^^^^^^^^^^^^^^^^^^^^^^^^^^^
  File "C:\Users\Home\AppData\Local\Python\pythoncore-3.14-64\Lib\http\client.py", line 1358, in request
    self._send_request(method, url, body, headers, encode_chunked)
    ~~~~~~~~~~~~~~~~~~^^^^^^^^^^^^^^^^^^^^^^^^^^^^^^^^^^^^^^^^^^^^
  File "C:\Users\Home\AppData\Local\Python\pythoncore-3.14-64\Lib\http\client.py", line 1404, in _send_request
    self.endheaders(body, encode_chunked=encode_chunked)
    ~~~~~~~~~~~~~~~^^^^^^^^^^^^^^^^^^^^^^^^^^^^^^^^^^^^^
  File "C:\Users\Home\AppData\Local\Python\pythoncore-3.14-64\Lib\http\client.py", line 1353, in endheaders
    self._send_output(message_body, encode_chunked=encode_chunked)
    ~~~~~~~~~~~~~~~~~^^^^^^^^^^^^^^^^^^^^^^^^^^^^^^^^^^^^^^^^^^^^^
  File "C:\Users\Home\AppData\Local\Python\pythoncore-3.14-64\Lib\http\client.py", line 1113, in _send_output
    self.send(msg)
    ~~~~~~~~~^^^^^
  File "C:\Users\Home\AppData\Local\Python\pythoncore-3.14-64\Lib\http\client.py", line 1057, in send
    self.connect()
    ~~~~~~~~~~~~^^
  File "C:\Users\Home\AppData\Local\Python\pythoncore-3.14-64\Lib\http\client.py", line 1499, in connect
    self.sock = self._context.wrap_socket(self.sock,
                ~~~~~~~~~~~~~~~~~~~~~~~~~^^^^^^^^^^^
                                          server_hostname=server_hostname)
                                          ^^^^^^^^^^^^^^^^^^^^^^^^^^^^^^^^
  File "C:\Users\Home\AppData\Local\Python\pythoncore-3.14-64\Lib\ssl.py", line 455, in wrap_socket
    return self.sslsocket_class._create(
           ~~~~~~~~~~~~~~~~~~~~~~~~~~~~^
        sock=sock,
        ^^^^^^^^^^
    ...<5 lines>...
        session=session
        ^^^^^^^^^^^^^^^
    )
    ^
  File "C:\Users\Home\AppData\Local\Python\pythoncore-3.14-64\Lib\ssl.py", line 1076, in _create
    self.do_handshake()
    ~~~~~~~~~~~~~~~~~^^
  File "C:\Users\Home\AppData\Local\Python\pythoncore-3.14-64\Lib\ssl.py", line 1372, in do_handshake
    self._sslobj.do_handshake()
    ~~~~~~~~~~~~~~~~~~~~~~~~~^^
ConnectionResetError: [WinError 10054] Удаленный хост принудительно разорвал существующее подключение

During handling of the above exception, another exception occurred:

Traceback (most recent call last):
  File "D:\GIT\okx-trading-bot\v09x\097\telegram_notifier.py", line 190, in run_worker_forever
    processed = worker.process_once()
  File "D:\GIT\okx-trading-bot\v09x\097\telegram_notifier.py", line 105, in process_once
    self._process_file(pending)
    ~~~~~~~~~~~~~~~~~~^^^^^^^^^
  File "D:\GIT\okx-trading-bot\v09x\097\telegram_notifier.py", line 121, in _process_file
    self._send_message(payload)
    ~~~~~~~~~~~~~~~~~~^^^^^^^^^
  File "D:\GIT\okx-trading-bot\v09x\097\telegram_notifier.py", line 134, in _send_message
    with urllib.request.urlopen(request, timeout=25) as response:
         ~~~~~~~~~~~~~~~~~~~~~~^^^^^^^^^^^^^^^^^^^^^
  File "C:\Users\Home\AppData\Local\Python\pythoncore-3.14-64\Lib\urllib\request.py", line 187, in urlopen
    return opener.open(url, data, timeout)
           ~~~~~~~~~~~^^^^^^^^^^^^^^^^^^^^
  File "C:\Users\Home\AppData\Local\Python\pythoncore-3.14-64\Lib\urllib\request.py", line 487, in open
    response = self._open(req, data)
  File "C:\Users\Home\AppData\Local\Python\pythoncore-3.14-64\Lib\urllib\request.py", line 504, in _open
    result = self._call_chain(self.handle_open, protocol, protocol +
                              '_open', req)
  File "C:\Users\Home\AppData\Local\Python\pythoncore-3.14-64\Lib\urllib\request.py", line 464, in _call_chain
    result = func(*args)
  File "C:\Users\Home\AppData\Local\Python\pythoncore-3.14-64\Lib\urllib\request.py", line 1369, in https_open
    return self.do_open(http.client.HTTPSConnection, req,
           ~~~~~~~~~~~~^^^^^^^^^^^^^^^^^^^^^^^^^^^^^^^^^^
                        context=self._context)
                        ^^^^^^^^^^^^^^^^^^^^^^
  File "C:\Users\Home\AppData\Local\Python\pythoncore-3.14-64\Lib\urllib\request.py", line 1324, in do_open
    raise URLError(err)
urllib.error.URLError: <urlopen error [WinError 10054] Удаленный хост принудительно разорвал существующее подключение>
2026-03-22 17:58:04,829 | ERROR | Telegram worker item processing failed: <urlopen error [WinError 10054] Удаленный хост принудительно разорвал существующее подключение>
Traceback (most recent call last):
  File "C:\Users\Home\AppData\Local\Python\pythoncore-3.14-64\Lib\urllib\request.py", line 1321, in do_open
    h.request(req.get_method(), req.selector, req.data, headers,
    ~~~~~~~~~^^^^^^^^^^^^^^^^^^^^^^^^^^^^^^^^^^^^^^^^^^^^^^^^^^^
              encode_chunked=req.has_header('Transfer-encoding'))
              ^^^^^^^^^^^^^^^^^^^^^^^^^^^^^^^^^^^^^^^^^^^^^^^^^^^
  File "C:\Users\Home\AppData\Local\Python\pythoncore-3.14-64\Lib\http\client.py", line 1358, in request
    self._send_request(method, url, body, headers, encode_chunked)
    ~~~~~~~~~~~~~~~~~~^^^^^^^^^^^^^^^^^^^^^^^^^^^^^^^^^^^^^^^^^^^^
  File "C:\Users\Home\AppData\Local\Python\pythoncore-3.14-64\Lib\http\client.py", line 1404, in _send_request
    self.endheaders(body, encode_chunked=encode_chunked)
    ~~~~~~~~~~~~~~~^^^^^^^^^^^^^^^^^^^^^^^^^^^^^^^^^^^^^
  File "C:\Users\Home\AppData\Local\Python\pythoncore-3.14-64\Lib\http\client.py", line 1353, in endheaders
    self._send_output(message_body, encode_chunked=encode_chunked)
    ~~~~~~~~~~~~~~~~~^^^^^^^^^^^^^^^^^^^^^^^^^^^^^^^^^^^^^^^^^^^^^
  File "C:\Users\Home\AppData\Local\Python\pythoncore-3.14-64\Lib\http\client.py", line 1113, in _send_output
    self.send(msg)
    ~~~~~~~~~^^^^^
  File "C:\Users\Home\AppData\Local\Python\pythoncore-3.14-64\Lib\http\client.py", line 1057, in send
    self.connect()
    ~~~~~~~~~~~~^^
  File "C:\Users\Home\AppData\Local\Python\pythoncore-3.14-64\Lib\http\client.py", line 1499, in connect
    self.sock = self._context.wrap_socket(self.sock,
                ~~~~~~~~~~~~~~~~~~~~~~~~~^^^^^^^^^^^
                                          server_hostname=server_hostname)
                                          ^^^^^^^^^^^^^^^^^^^^^^^^^^^^^^^^
  File "C:\Users\Home\AppData\Local\Python\pythoncore-3.14-64\Lib\ssl.py", line 455, in wrap_socket
    return self.sslsocket_class._create(
           ~~~~~~~~~~~~~~~~~~~~~~~~~~~~^
        sock=sock,
        ^^^^^^^^^^
    ...<5 lines>...
        session=session
        ^^^^^^^^^^^^^^^
    )
    ^
  File "C:\Users\Home\AppData\Local\Python\pythoncore-3.14-64\Lib\ssl.py", line 1076, in _create
    self.do_handshake()
    ~~~~~~~~~~~~~~~~~^^
  File "C:\Users\Home\AppData\Local\Python\pythoncore-3.14-64\Lib\ssl.py", line 1372, in do_handshake
    self._sslobj.do_handshake()
    ~~~~~~~~~~~~~~~~~~~~~~~~~^^
ConnectionResetError: [WinError 10054] Удаленный хост принудительно разорвал существующее подключение

During handling of the above exception, another exception occurred:

Traceback (most recent call last):
  File "D:\GIT\okx-trading-bot\v09x\097\telegram_notifier.py", line 190, in run_worker_forever
    processed = worker.process_once()
  File "D:\GIT\okx-trading-bot\v09x\097\telegram_notifier.py", line 105, in process_once
    self._process_file(pending)
    ~~~~~~~~~~~~~~~~~~^^^^^^^^^
  File "D:\GIT\okx-trading-bot\v09x\097\telegram_notifier.py", line 119, in _process_file
    self._send_photo(payload)
    ~~~~~~~~~~~~~~~~^^^^^^^^^
  File "D:\GIT\okx-trading-bot\v09x\097\telegram_notifier.py", line 166, in _send_photo
    with urllib.request.urlopen(request, timeout=40) as response:
         ~~~~~~~~~~~~~~~~~~~~~~^^^^^^^^^^^^^^^^^^^^^
  File "C:\Users\Home\AppData\Local\Python\pythoncore-3.14-64\Lib\urllib\request.py", line 187, in urlopen
    return opener.open(url, data, timeout)
           ~~~~~~~~~~~^^^^^^^^^^^^^^^^^^^^
  File "C:\Users\Home\AppData\Local\Python\pythoncore-3.14-64\Lib\urllib\request.py", line 487, in open
    response = self._open(req, data)
  File "C:\Users\Home\AppData\Local\Python\pythoncore-3.14-64\Lib\urllib\request.py", line 504, in _open
    result = self._call_chain(self.handle_open, protocol, protocol +
                              '_open', req)
  File "C:\Users\Home\AppData\Local\Python\pythoncore-3.14-64\Lib\urllib\request.py", line 464, in _call_chain
    result = func(*args)
  File "C:\Users\Home\AppData\Local\Python\pythoncore-3.14-64\Lib\urllib\request.py", line 1369, in https_open
    return self.do_open(http.client.HTTPSConnection, req,
           ~~~~~~~~~~~~^^^^^^^^^^^^^^^^^^^^^^^^^^^^^^^^^^
                        context=self._context)
                        ^^^^^^^^^^^^^^^^^^^^^^
  File "C:\Users\Home\AppData\Local\Python\pythoncore-3.14-64\Lib\urllib\request.py", line 1324, in do_open
    raise URLError(err)
urllib.error.URLError: <urlopen error [WinError 10054] Удаленный хост принудительно разорвал существующее подключение>
2026-03-22 17:58:27,069 | ERROR | Telegram worker item processing failed: <urlopen error [WinError 10054] Удаленный хост принудительно разорвал существующее подключение>
Traceback (most recent call last):
  File "C:\Users\Home\AppData\Local\Python\pythoncore-3.14-64\Lib\urllib\request.py", line 1321, in do_open
    h.request(req.get_method(), req.selector, req.data, headers,
    ~~~~~~~~~^^^^^^^^^^^^^^^^^^^^^^^^^^^^^^^^^^^^^^^^^^^^^^^^^^^
              encode_chunked=req.has_header('Transfer-encoding'))
              ^^^^^^^^^^^^^^^^^^^^^^^^^^^^^^^^^^^^^^^^^^^^^^^^^^^
  File "C:\Users\Home\AppData\Local\Python\pythoncore-3.14-64\Lib\http\client.py", line 1358, in request
    self._send_request(method, url, body, headers, encode_chunked)
    ~~~~~~~~~~~~~~~~~~^^^^^^^^^^^^^^^^^^^^^^^^^^^^^^^^^^^^^^^^^^^^
  File "C:\Users\Home\AppData\Local\Python\pythoncore-3.14-64\Lib\http\client.py", line 1404, in _send_request
    self.endheaders(body, encode_chunked=encode_chunked)
    ~~~~~~~~~~~~~~~^^^^^^^^^^^^^^^^^^^^^^^^^^^^^^^^^^^^^
  File "C:\Users\Home\AppData\Local\Python\pythoncore-3.14-64\Lib\http\client.py", line 1353, in endheaders
    self._send_output(message_body, encode_chunked=encode_chunked)
    ~~~~~~~~~~~~~~~~~^^^^^^^^^^^^^^^^^^^^^^^^^^^^^^^^^^^^^^^^^^^^^
  File "C:\Users\Home\AppData\Local\Python\pythoncore-3.14-64\Lib\http\client.py", line 1113, in _send_output
    self.send(msg)
    ~~~~~~~~~^^^^^
  File "C:\Users\Home\AppData\Local\Python\pythoncore-3.14-64\Lib\http\client.py", line 1057, in send
    self.connect()
    ~~~~~~~~~~~~^^
  File "C:\Users\Home\AppData\Local\Python\pythoncore-3.14-64\Lib\http\client.py", line 1499, in connect
    self.sock = self._context.wrap_socket(self.sock,
                ~~~~~~~~~~~~~~~~~~~~~~~~~^^^^^^^^^^^
                                          server_hostname=server_hostname)
                                          ^^^^^^^^^^^^^^^^^^^^^^^^^^^^^^^^
  File "C:\Users\Home\AppData\Local\Python\pythoncore-3.14-64\Lib\ssl.py", line 455, in wrap_socket
    return self.sslsocket_class._create(
           ~~~~~~~~~~~~~~~~~~~~~~~~~~~~^
        sock=sock,
        ^^^^^^^^^^
    ...<5 lines>...
        session=session
        ^^^^^^^^^^^^^^^
    )
    ^
  File "C:\Users\Home\AppData\Local\Python\pythoncore-3.14-64\Lib\ssl.py", line 1076, in _create
    self.do_handshake()
    ~~~~~~~~~~~~~~~~~^^
  File "C:\Users\Home\AppData\Local\Python\pythoncore-3.14-64\Lib\ssl.py", line 1372, in do_handshake
    self._sslobj.do_handshake()
    ~~~~~~~~~~~~~~~~~~~~~~~~~^^
ConnectionResetError: [WinError 10054] Удаленный хост принудительно разорвал существующее подключение

During handling of the above exception, another exception occurred:

Traceback (most recent call last):
  File "D:\GIT\okx-trading-bot\v09x\097\telegram_notifier.py", line 190, in run_worker_forever
    processed = worker.process_once()
  File "D:\GIT\okx-trading-bot\v09x\097\telegram_notifier.py", line 105, in process_once
    self._process_file(pending)
    ~~~~~~~~~~~~~~~~~~^^^^^^^^^
  File "D:\GIT\okx-trading-bot\v09x\097\telegram_notifier.py", line 121, in _process_file
    self._send_message(payload)
    ~~~~~~~~~~~~~~~~~~^^^^^^^^^
  File "D:\GIT\okx-trading-bot\v09x\097\telegram_notifier.py", line 134, in _send_message
    with urllib.request.urlopen(request, timeout=25) as response:
         ~~~~~~~~~~~~~~~~~~~~~~^^^^^^^^^^^^^^^^^^^^^
  File "C:\Users\Home\AppData\Local\Python\pythoncore-3.14-64\Lib\urllib\request.py", line 187, in urlopen
    return opener.open(url, data, timeout)
           ~~~~~~~~~~~^^^^^^^^^^^^^^^^^^^^
  File "C:\Users\Home\AppData\Local\Python\pythoncore-3.14-64\Lib\urllib\request.py", line 487, in open
    response = self._open(req, data)
  File "C:\Users\Home\AppData\Local\Python\pythoncore-3.14-64\Lib\urllib\request.py", line 504, in _open
    result = self._call_chain(self.handle_open, protocol, protocol +
                              '_open', req)
  File "C:\Users\Home\AppData\Local\Python\pythoncore-3.14-64\Lib\urllib\request.py", line 464, in _call_chain
    result = func(*args)
  File "C:\Users\Home\AppData\Local\Python\pythoncore-3.14-64\Lib\urllib\request.py", line 1369, in https_open
    return self.do_open(http.client.HTTPSConnection, req,
           ~~~~~~~~~~~~^^^^^^^^^^^^^^^^^^^^^^^^^^^^^^^^^^
                        context=self._context)
                        ^^^^^^^^^^^^^^^^^^^^^^
  File "C:\Users\Home\AppData\Local\Python\pythoncore-3.14-64\Lib\urllib\request.py", line 1324, in do_open
    raise URLError(err)
urllib.error.URLError: <urlopen error [WinError 10054] Удаленный хост принудительно разорвал существующее подключение>
2026-03-22 17:58:49,320 | ERROR | Telegram worker item processing failed: <urlopen error [WinError 10054] Удаленный хост принудительно разорвал существующее подключение>
Traceback (most recent call last):
  File "C:\Users\Home\AppData\Local\Python\pythoncore-3.14-64\Lib\urllib\request.py", line 1321, in do_open
    h.request(req.get_method(), req.selector, req.data, headers,
    ~~~~~~~~~^^^^^^^^^^^^^^^^^^^^^^^^^^^^^^^^^^^^^^^^^^^^^^^^^^^
              encode_chunked=req.has_header('Transfer-encoding'))
              ^^^^^^^^^^^^^^^^^^^^^^^^^^^^^^^^^^^^^^^^^^^^^^^^^^^
  File "C:\Users\Home\AppData\Local\Python\pythoncore-3.14-64\Lib\http\client.py", line 1358, in request
    self._send_request(method, url, body, headers, encode_chunked)
    ~~~~~~~~~~~~~~~~~~^^^^^^^^^^^^^^^^^^^^^^^^^^^^^^^^^^^^^^^^^^^^
  File "C:\Users\Home\AppData\Local\Python\pythoncore-3.14-64\Lib\http\client.py", line 1404, in _send_request
    self.endheaders(body, encode_chunked=encode_chunked)
    ~~~~~~~~~~~~~~~^^^^^^^^^^^^^^^^^^^^^^^^^^^^^^^^^^^^^
  File "C:\Users\Home\AppData\Local\Python\pythoncore-3.14-64\Lib\http\client.py", line 1353, in endheaders
    self._send_output(message_body, encode_chunked=encode_chunked)
    ~~~~~~~~~~~~~~~~~^^^^^^^^^^^^^^^^^^^^^^^^^^^^^^^^^^^^^^^^^^^^^
  File "C:\Users\Home\AppData\Local\Python\pythoncore-3.14-64\Lib\http\client.py", line 1113, in _send_output
    self.send(msg)
    ~~~~~~~~~^^^^^
  File "C:\Users\Home\AppData\Local\Python\pythoncore-3.14-64\Lib\http\client.py", line 1057, in send
    self.connect()
    ~~~~~~~~~~~~^^
  File "C:\Users\Home\AppData\Local\Python\pythoncore-3.14-64\Lib\http\client.py", line 1499, in connect
    self.sock = self._context.wrap_socket(self.sock,
                ~~~~~~~~~~~~~~~~~~~~~~~~~^^^^^^^^^^^
                                          server_hostname=server_hostname)
                                          ^^^^^^^^^^^^^^^^^^^^^^^^^^^^^^^^
  File "C:\Users\Home\AppData\Local\Python\pythoncore-3.14-64\Lib\ssl.py", line 455, in wrap_socket
    return self.sslsocket_class._create(
           ~~~~~~~~~~~~~~~~~~~~~~~~~~~~^
        sock=sock,
        ^^^^^^^^^^
    ...<5 lines>...
        session=session
        ^^^^^^^^^^^^^^^
    )
    ^
  File "C:\Users\Home\AppData\Local\Python\pythoncore-3.14-64\Lib\ssl.py", line 1076, in _create
    self.do_handshake()
    ~~~~~~~~~~~~~~~~~^^
  File "C:\Users\Home\AppData\Local\Python\pythoncore-3.14-64\Lib\ssl.py", line 1372, in do_handshake
    self._sslobj.do_handshake()
    ~~~~~~~~~~~~~~~~~~~~~~~~~^^
ConnectionResetError: [WinError 10054] Удаленный хост принудительно разорвал существующее подключение

During handling of the above exception, another exception occurred:

Traceback (most recent call last):
  File "D:\GIT\okx-trading-bot\v09x\097\telegram_notifier.py", line 190, in run_worker_forever
    processed = worker.process_once()
  File "D:\GIT\okx-trading-bot\v09x\097\telegram_notifier.py", line 105, in process_once
    self._process_file(pending)
    ~~~~~~~~~~~~~~~~~~^^^^^^^^^
  File "D:\GIT\okx-trading-bot\v09x\097\telegram_notifier.py", line 121, in _process_file
    self._send_message(payload)
    ~~~~~~~~~~~~~~~~~~^^^^^^^^^
  File "D:\GIT\okx-trading-bot\v09x\097\telegram_notifier.py", line 134, in _send_message
    with urllib.request.urlopen(request, timeout=25) as response:
         ~~~~~~~~~~~~~~~~~~~~~~^^^^^^^^^^^^^^^^^^^^^
  File "C:\Users\Home\AppData\Local\Python\pythoncore-3.14-64\Lib\urllib\request.py", line 187, in urlopen
    return opener.open(url, data, timeout)
           ~~~~~~~~~~~^^^^^^^^^^^^^^^^^^^^
  File "C:\Users\Home\AppData\Local\Python\pythoncore-3.14-64\Lib\urllib\request.py", line 487, in open
    response = self._open(req, data)
  File "C:\Users\Home\AppData\Local\Python\pythoncore-3.14-64\Lib\urllib\request.py", line 504, in _open
    result = self._call_chain(self.handle_open, protocol, protocol +
                              '_open', req)
  File "C:\Users\Home\AppData\Local\Python\pythoncore-3.14-64\Lib\urllib\request.py", line 464, in _call_chain
    result = func(*args)
  File "C:\Users\Home\AppData\Local\Python\pythoncore-3.14-64\Lib\urllib\request.py", line 1369, in https_open
    return self.do_open(http.client.HTTPSConnection, req,
           ~~~~~~~~~~~~^^^^^^^^^^^^^^^^^^^^^^^^^^^^^^^^^^
                        context=self._context)
                        ^^^^^^^^^^^^^^^^^^^^^^
  File "C:\Users\Home\AppData\Local\Python\pythoncore-3.14-64\Lib\urllib\request.py", line 1324, in do_open
    raise URLError(err)
urllib.error.URLError: <urlopen error [WinError 10054] Удаленный хост принудительно разорвал существующее подключение>
2026-03-22 17:59:11,547 | ERROR | Telegram worker item processing failed: <urlopen error [WinError 10054] Удаленный хост принудительно разорвал существующее подключение>
Traceback (most recent call last):
  File "C:\Users\Home\AppData\Local\Python\pythoncore-3.14-64\Lib\urllib\request.py", line 1321, in do_open
    h.request(req.get_method(), req.selector, req.data, headers,
    ~~~~~~~~~^^^^^^^^^^^^^^^^^^^^^^^^^^^^^^^^^^^^^^^^^^^^^^^^^^^
              encode_chunked=req.has_header('Transfer-encoding'))
              ^^^^^^^^^^^^^^^^^^^^^^^^^^^^^^^^^^^^^^^^^^^^^^^^^^^
  File "C:\Users\Home\AppData\Local\Python\pythoncore-3.14-64\Lib\http\client.py", line 1358, in request
    self._send_request(method, url, body, headers, encode_chunked)
    ~~~~~~~~~~~~~~~~~~^^^^^^^^^^^^^^^^^^^^^^^^^^^^^^^^^^^^^^^^^^^^
  File "C:\Users\Home\AppData\Local\Python\pythoncore-3.14-64\Lib\http\client.py", line 1404, in _send_request
    self.endheaders(body, encode_chunked=encode_chunked)
    ~~~~~~~~~~~~~~~^^^^^^^^^^^^^^^^^^^^^^^^^^^^^^^^^^^^^
  File "C:\Users\Home\AppData\Local\Python\pythoncore-3.14-64\Lib\http\client.py", line 1353, in endheaders
    self._send_output(message_body, encode_chunked=encode_chunked)
    ~~~~~~~~~~~~~~~~~^^^^^^^^^^^^^^^^^^^^^^^^^^^^^^^^^^^^^^^^^^^^^
  File "C:\Users\Home\AppData\Local\Python\pythoncore-3.14-64\Lib\http\client.py", line 1113, in _send_output
    self.send(msg)
    ~~~~~~~~~^^^^^
  File "C:\Users\Home\AppData\Local\Python\pythoncore-3.14-64\Lib\http\client.py", line 1057, in send
    self.connect()
    ~~~~~~~~~~~~^^
  File "C:\Users\Home\AppData\Local\Python\pythoncore-3.14-64\Lib\http\client.py", line 1499, in connect
    self.sock = self._context.wrap_socket(self.sock,
                ~~~~~~~~~~~~~~~~~~~~~~~~~^^^^^^^^^^^
                                          server_hostname=server_hostname)
                                          ^^^^^^^^^^^^^^^^^^^^^^^^^^^^^^^^
  File "C:\Users\Home\AppData\Local\Python\pythoncore-3.14-64\Lib\ssl.py", line 455, in wrap_socket
    return self.sslsocket_class._create(
           ~~~~~~~~~~~~~~~~~~~~~~~~~~~~^
        sock=sock,
        ^^^^^^^^^^
    ...<5 lines>...
        session=session
        ^^^^^^^^^^^^^^^
    )
    ^
  File "C:\Users\Home\AppData\Local\Python\pythoncore-3.14-64\Lib\ssl.py", line 1076, in _create
    self.do_handshake()
    ~~~~~~~~~~~~~~~~~^^
  File "C:\Users\Home\AppData\Local\Python\pythoncore-3.14-64\Lib\ssl.py", line 1372, in do_handshake
    self._sslobj.do_handshake()
    ~~~~~~~~~~~~~~~~~~~~~~~~~^^
ConnectionResetError: [WinError 10054] Удаленный хост принудительно разорвал существующее подключение

During handling of the above exception, another exception occurred:

Traceback (most recent call last):
  File "D:\GIT\okx-trading-bot\v09x\097\telegram_notifier.py", line 190, in run_worker_forever
    processed = worker.process_once()
  File "D:\GIT\okx-trading-bot\v09x\097\telegram_notifier.py", line 105, in process_once
    self._process_file(pending)
    ~~~~~~~~~~~~~~~~~~^^^^^^^^^
  File "D:\GIT\okx-trading-bot\v09x\097\telegram_notifier.py", line 121, in _process_file
    self._send_message(payload)
    ~~~~~~~~~~~~~~~~~~^^^^^^^^^
  File "D:\GIT\okx-trading-bot\v09x\097\telegram_notifier.py", line 134, in _send_message
    with urllib.request.urlopen(request, timeout=25) as response:
         ~~~~~~~~~~~~~~~~~~~~~~^^^^^^^^^^^^^^^^^^^^^
  File "C:\Users\Home\AppData\Local\Python\pythoncore-3.14-64\Lib\urllib\request.py", line 187, in urlopen
    return opener.open(url, data, timeout)
           ~~~~~~~~~~~^^^^^^^^^^^^^^^^^^^^
  File "C:\Users\Home\AppData\Local\Python\pythoncore-3.14-64\Lib\urllib\request.py", line 487, in open
    response = self._open(req, data)
  File "C:\Users\Home\AppData\Local\Python\pythoncore-3.14-64\Lib\urllib\request.py", line 504, in _open
    result = self._call_chain(self.handle_open, protocol, protocol +
                              '_open', req)
  File "C:\Users\Home\AppData\Local\Python\pythoncore-3.14-64\Lib\urllib\request.py", line 464, in _call_chain
    result = func(*args)
  File "C:\Users\Home\AppData\Local\Python\pythoncore-3.14-64\Lib\urllib\request.py", line 1369, in https_open
    return self.do_open(http.client.HTTPSConnection, req,
           ~~~~~~~~~~~~^^^^^^^^^^^^^^^^^^^^^^^^^^^^^^^^^^
                        context=self._context)
                        ^^^^^^^^^^^^^^^^^^^^^^
  File "C:\Users\Home\AppData\Local\Python\pythoncore-3.14-64\Lib\urllib\request.py", line 1324, in do_open
    raise URLError(err)
urllib.error.URLError: <urlopen error [WinError 10054] Удаленный хост принудительно разорвал существующее подключение>
2026-03-22 17:59:33,788 | ERROR | Telegram worker item processing failed: <urlopen error [WinError 10054] Удаленный хост принудительно разорвал существующее подключение>
Traceback (most recent call last):
  File "C:\Users\Home\AppData\Local\Python\pythoncore-3.14-64\Lib\urllib\request.py", line 1321, in do_open
    h.request(req.get_method(), req.selector, req.data, headers,
    ~~~~~~~~~^^^^^^^^^^^^^^^^^^^^^^^^^^^^^^^^^^^^^^^^^^^^^^^^^^^
              encode_chunked=req.has_header('Transfer-encoding'))
              ^^^^^^^^^^^^^^^^^^^^^^^^^^^^^^^^^^^^^^^^^^^^^^^^^^^
  File "C:\Users\Home\AppData\Local\Python\pythoncore-3.14-64\Lib\http\client.py", line 1358, in request
    self._send_request(method, url, body, headers, encode_chunked)
    ~~~~~~~~~~~~~~~~~~^^^^^^^^^^^^^^^^^^^^^^^^^^^^^^^^^^^^^^^^^^^^
  File "C:\Users\Home\AppData\Local\Python\pythoncore-3.14-64\Lib\http\client.py", line 1404, in _send_request
    self.endheaders(body, encode_chunked=encode_chunked)
    ~~~~~~~~~~~~~~~^^^^^^^^^^^^^^^^^^^^^^^^^^^^^^^^^^^^^
  File "C:\Users\Home\AppData\Local\Python\pythoncore-3.14-64\Lib\http\client.py", line 1353, in endheaders
    self._send_output(message_body, encode_chunked=encode_chunked)
    ~~~~~~~~~~~~~~~~~^^^^^^^^^^^^^^^^^^^^^^^^^^^^^^^^^^^^^^^^^^^^^
  File "C:\Users\Home\AppData\Local\Python\pythoncore-3.14-64\Lib\http\client.py", line 1113, in _send_output
    self.send(msg)
    ~~~~~~~~~^^^^^
  File "C:\Users\Home\AppData\Local\Python\pythoncore-3.14-64\Lib\http\client.py", line 1057, in send
    self.connect()
    ~~~~~~~~~~~~^^
  File "C:\Users\Home\AppData\Local\Python\pythoncore-3.14-64\Lib\http\client.py", line 1499, in connect
    self.sock = self._context.wrap_socket(self.sock,
                ~~~~~~~~~~~~~~~~~~~~~~~~~^^^^^^^^^^^
                                          server_hostname=server_hostname)
                                          ^^^^^^^^^^^^^^^^^^^^^^^^^^^^^^^^
  File "C:\Users\Home\AppData\Local\Python\pythoncore-3.14-64\Lib\ssl.py", line 455, in wrap_socket
    return self.sslsocket_class._create(
           ~~~~~~~~~~~~~~~~~~~~~~~~~~~~^
        sock=sock,
        ^^^^^^^^^^
    ...<5 lines>...
        session=session
        ^^^^^^^^^^^^^^^
    )
    ^
  File "C:\Users\Home\AppData\Local\Python\pythoncore-3.14-64\Lib\ssl.py", line 1076, in _create
    self.do_handshake()
    ~~~~~~~~~~~~~~~~~^^
  File "C:\Users\Home\AppData\Local\Python\pythoncore-3.14-64\Lib\ssl.py", line 1372, in do_handshake
    self._sslobj.do_handshake()
    ~~~~~~~~~~~~~~~~~~~~~~~~~^^
ConnectionResetError: [WinError 10054] Удаленный хост принудительно разорвал существующее подключение

During handling of the above exception, another exception occurred:

Traceback (most recent call last):
  File "D:\GIT\okx-trading-bot\v09x\097\telegram_notifier.py", line 190, in run_worker_forever
    processed = worker.process_once()
  File "D:\GIT\okx-trading-bot\v09x\097\telegram_notifier.py", line 105, in process_once
    self._process_file(pending)
    ~~~~~~~~~~~~~~~~~~^^^^^^^^^
  File "D:\GIT\okx-trading-bot\v09x\097\telegram_notifier.py", line 121, in _process_file
    self._send_message(payload)
    ~~~~~~~~~~~~~~~~~~^^^^^^^^^
  File "D:\GIT\okx-trading-bot\v09x\097\telegram_notifier.py", line 134, in _send_message
    with urllib.request.urlopen(request, timeout=25) as response:
         ~~~~~~~~~~~~~~~~~~~~~~^^^^^^^^^^^^^^^^^^^^^
  File "C:\Users\Home\AppData\Local\Python\pythoncore-3.14-64\Lib\urllib\request.py", line 187, in urlopen
    return opener.open(url, data, timeout)
           ~~~~~~~~~~~^^^^^^^^^^^^^^^^^^^^
  File "C:\Users\Home\AppData\Local\Python\pythoncore-3.14-64\Lib\urllib\request.py", line 487, in open
    response = self._open(req, data)
  File "C:\Users\Home\AppData\Local\Python\pythoncore-3.14-64\Lib\urllib\request.py", line 504, in _open
    result = self._call_chain(self.handle_open, protocol, protocol +
                              '_open', req)
  File "C:\Users\Home\AppData\Local\Python\pythoncore-3.14-64\Lib\urllib\request.py", line 464, in _call_chain
    result = func(*args)
  File "C:\Users\Home\AppData\Local\Python\pythoncore-3.14-64\Lib\urllib\request.py", line 1369, in https_open
    return self.do_open(http.client.HTTPSConnection, req,
           ~~~~~~~~~~~~^^^^^^^^^^^^^^^^^^^^^^^^^^^^^^^^^^
                        context=self._context)
                        ^^^^^^^^^^^^^^^^^^^^^^
  File "C:\Users\Home\AppData\Local\Python\pythoncore-3.14-64\Lib\urllib\request.py", line 1324, in do_open
    raise URLError(err)
urllib.error.URLError: <urlopen error [WinError 10054] Удаленный хост принудительно разорвал существующее подключение>
2026-03-22 17:59:56,024 | ERROR | Telegram worker item processing failed: <urlopen error [WinError 10054] Удаленный хост принудительно разорвал существующее подключение>
Traceback (most recent call last):
  File "C:\Users\Home\AppData\Local\Python\pythoncore-3.14-64\Lib\urllib\request.py", line 1321, in do_open
    h.request(req.get_method(), req.selector, req.data, headers,
    ~~~~~~~~~^^^^^^^^^^^^^^^^^^^^^^^^^^^^^^^^^^^^^^^^^^^^^^^^^^^
              encode_chunked=req.has_header('Transfer-encoding'))
              ^^^^^^^^^^^^^^^^^^^^^^^^^^^^^^^^^^^^^^^^^^^^^^^^^^^
  File "C:\Users\Home\AppData\Local\Python\pythoncore-3.14-64\Lib\http\client.py", line 1358, in request
    self._send_request(method, url, body, headers, encode_chunked)
    ~~~~~~~~~~~~~~~~~~^^^^^^^^^^^^^^^^^^^^^^^^^^^^^^^^^^^^^^^^^^^^
  File "C:\Users\Home\AppData\Local\Python\pythoncore-3.14-64\Lib\http\client.py", line 1404, in _send_request
    self.endheaders(body, encode_chunked=encode_chunked)
    ~~~~~~~~~~~~~~~^^^^^^^^^^^^^^^^^^^^^^^^^^^^^^^^^^^^^
  File "C:\Users\Home\AppData\Local\Python\pythoncore-3.14-64\Lib\http\client.py", line 1353, in endheaders
    self._send_output(message_body, encode_chunked=encode_chunked)
    ~~~~~~~~~~~~~~~~~^^^^^^^^^^^^^^^^^^^^^^^^^^^^^^^^^^^^^^^^^^^^^
  File "C:\Users\Home\AppData\Local\Python\pythoncore-3.14-64\Lib\http\client.py", line 1113, in _send_output
    self.send(msg)
    ~~~~~~~~~^^^^^
  File "C:\Users\Home\AppData\Local\Python\pythoncore-3.14-64\Lib\http\client.py", line 1057, in send
    self.connect()
    ~~~~~~~~~~~~^^
  File "C:\Users\Home\AppData\Local\Python\pythoncore-3.14-64\Lib\http\client.py", line 1499, in connect
    self.sock = self._context.wrap_socket(self.sock,
                ~~~~~~~~~~~~~~~~~~~~~~~~~^^^^^^^^^^^
                                          server_hostname=server_hostname)
                                          ^^^^^^^^^^^^^^^^^^^^^^^^^^^^^^^^
  File "C:\Users\Home\AppData\Local\Python\pythoncore-3.14-64\Lib\ssl.py", line 455, in wrap_socket
    return self.sslsocket_class._create(
           ~~~~~~~~~~~~~~~~~~~~~~~~~~~~^
        sock=sock,
        ^^^^^^^^^^
    ...<5 lines>...
        session=session
        ^^^^^^^^^^^^^^^
    )
    ^
  File "C:\Users\Home\AppData\Local\Python\pythoncore-3.14-64\Lib\ssl.py", line 1076, in _create
    self.do_handshake()
    ~~~~~~~~~~~~~~~~~^^
  File "C:\Users\Home\AppData\Local\Python\pythoncore-3.14-64\Lib\ssl.py", line 1372, in do_handshake
    self._sslobj.do_handshake()
    ~~~~~~~~~~~~~~~~~~~~~~~~~^^
ConnectionResetError: [WinError 10054] Удаленный хост принудительно разорвал существующее подключение

During handling of the above exception, another exception occurred:

Traceback (most recent call last):
  File "D:\GIT\okx-trading-bot\v09x\097\telegram_notifier.py", line 190, in run_worker_forever
    processed = worker.process_once()
  File "D:\GIT\okx-trading-bot\v09x\097\telegram_notifier.py", line 105, in process_once
    self._process_file(pending)
    ~~~~~~~~~~~~~~~~~~^^^^^^^^^
  File "D:\GIT\okx-trading-bot\v09x\097\telegram_notifier.py", line 121, in _process_file
    self._send_message(payload)
    ~~~~~~~~~~~~~~~~~~^^^^^^^^^
  File "D:\GIT\okx-trading-bot\v09x\097\telegram_notifier.py", line 134, in _send_message
    with urllib.request.urlopen(request, timeout=25) as response:
         ~~~~~~~~~~~~~~~~~~~~~~^^^^^^^^^^^^^^^^^^^^^
  File "C:\Users\Home\AppData\Local\Python\pythoncore-3.14-64\Lib\urllib\request.py", line 187, in urlopen
    return opener.open(url, data, timeout)
           ~~~~~~~~~~~^^^^^^^^^^^^^^^^^^^^
  File "C:\Users\Home\AppData\Local\Python\pythoncore-3.14-64\Lib\urllib\request.py", line 487, in open
    response = self._open(req, data)
  File "C:\Users\Home\AppData\Local\Python\pythoncore-3.14-64\Lib\urllib\request.py", line 504, in _open
    result = self._call_chain(self.handle_open, protocol, protocol +
                              '_open', req)
  File "C:\Users\Home\AppData\Local\Python\pythoncore-3.14-64\Lib\urllib\request.py", line 464, in _call_chain
    result = func(*args)
  File "C:\Users\Home\AppData\Local\Python\pythoncore-3.14-64\Lib\urllib\request.py", line 1369, in https_open
    return self.do_open(http.client.HTTPSConnection, req,
           ~~~~~~~~~~~~^^^^^^^^^^^^^^^^^^^^^^^^^^^^^^^^^^
                        context=self._context)
                        ^^^^^^^^^^^^^^^^^^^^^^
  File "C:\Users\Home\AppData\Local\Python\pythoncore-3.14-64\Lib\urllib\request.py", line 1324, in do_open
    raise URLError(err)
urllib.error.URLError: <urlopen error [WinError 10054] Удаленный хост принудительно разорвал существующее подключение>
2026-03-22 18:00:18,377 | ERROR | Telegram worker item processing failed: <urlopen error [WinError 10054] Удаленный хост принудительно разорвал существующее подключение>
Traceback (most recent call last):
  File "C:\Users\Home\AppData\Local\Python\pythoncore-3.14-64\Lib\urllib\request.py", line 1321, in do_open
    h.request(req.get_method(), req.selector, req.data, headers,
    ~~~~~~~~~^^^^^^^^^^^^^^^^^^^^^^^^^^^^^^^^^^^^^^^^^^^^^^^^^^^
              encode_chunked=req.has_header('Transfer-encoding'))
              ^^^^^^^^^^^^^^^^^^^^^^^^^^^^^^^^^^^^^^^^^^^^^^^^^^^
  File "C:\Users\Home\AppData\Local\Python\pythoncore-3.14-64\Lib\http\client.py", line 1358, in request
    self._send_request(method, url, body, headers, encode_chunked)
    ~~~~~~~~~~~~~~~~~~^^^^^^^^^^^^^^^^^^^^^^^^^^^^^^^^^^^^^^^^^^^^
  File "C:\Users\Home\AppData\Local\Python\pythoncore-3.14-64\Lib\http\client.py", line 1404, in _send_request
    self.endheaders(body, encode_chunked=encode_chunked)
    ~~~~~~~~~~~~~~~^^^^^^^^^^^^^^^^^^^^^^^^^^^^^^^^^^^^^
  File "C:\Users\Home\AppData\Local\Python\pythoncore-3.14-64\Lib\http\client.py", line 1353, in endheaders
    self._send_output(message_body, encode_chunked=encode_chunked)
    ~~~~~~~~~~~~~~~~~^^^^^^^^^^^^^^^^^^^^^^^^^^^^^^^^^^^^^^^^^^^^^
  File "C:\Users\Home\AppData\Local\Python\pythoncore-3.14-64\Lib\http\client.py", line 1113, in _send_output
    self.send(msg)
    ~~~~~~~~~^^^^^
  File "C:\Users\Home\AppData\Local\Python\pythoncore-3.14-64\Lib\http\client.py", line 1057, in send
    self.connect()
    ~~~~~~~~~~~~^^
  File "C:\Users\Home\AppData\Local\Python\pythoncore-3.14-64\Lib\http\client.py", line 1499, in connect
    self.sock = self._context.wrap_socket(self.sock,
                ~~~~~~~~~~~~~~~~~~~~~~~~~^^^^^^^^^^^
                                          server_hostname=server_hostname)
                                          ^^^^^^^^^^^^^^^^^^^^^^^^^^^^^^^^
  File "C:\Users\Home\AppData\Local\Python\pythoncore-3.14-64\Lib\ssl.py", line 455, in wrap_socket
    return self.sslsocket_class._create(
           ~~~~~~~~~~~~~~~~~~~~~~~~~~~~^
        sock=sock,
        ^^^^^^^^^^
    ...<5 lines>...
        session=session
        ^^^^^^^^^^^^^^^
    )
    ^
  File "C:\Users\Home\AppData\Local\Python\pythoncore-3.14-64\Lib\ssl.py", line 1076, in _create
    self.do_handshake()
    ~~~~~~~~~~~~~~~~~^^
  File "C:\Users\Home\AppData\Local\Python\pythoncore-3.14-64\Lib\ssl.py", line 1372, in do_handshake
    self._sslobj.do_handshake()
    ~~~~~~~~~~~~~~~~~~~~~~~~~^^
ConnectionResetError: [WinError 10054] Удаленный хост принудительно разорвал существующее подключение

During handling of the above exception, another exception occurred:

Traceback (most recent call last):
  File "D:\GIT\okx-trading-bot\v09x\097\telegram_notifier.py", line 190, in run_worker_forever
    processed = worker.process_once()
  File "D:\GIT\okx-trading-bot\v09x\097\telegram_notifier.py", line 105, in process_once
    self._process_file(pending)
    ~~~~~~~~~~~~~~~~~~^^^^^^^^^
  File "D:\GIT\okx-trading-bot\v09x\097\telegram_notifier.py", line 121, in _process_file
    self._send_message(payload)
    ~~~~~~~~~~~~~~~~~~^^^^^^^^^
  File "D:\GIT\okx-trading-bot\v09x\097\telegram_notifier.py", line 134, in _send_message
    with urllib.request.urlopen(request, timeout=25) as response:
         ~~~~~~~~~~~~~~~~~~~~~~^^^^^^^^^^^^^^^^^^^^^
  File "C:\Users\Home\AppData\Local\Python\pythoncore-3.14-64\Lib\urllib\request.py", line 187, in urlopen
    return opener.open(url, data, timeout)
           ~~~~~~~~~~~^^^^^^^^^^^^^^^^^^^^
  File "C:\Users\Home\AppData\Local\Python\pythoncore-3.14-64\Lib\urllib\request.py", line 487, in open
    response = self._open(req, data)
  File "C:\Users\Home\AppData\Local\Python\pythoncore-3.14-64\Lib\urllib\request.py", line 504, in _open
    result = self._call_chain(self.handle_open, protocol, protocol +
                              '_open', req)
  File "C:\Users\Home\AppData\Local\Python\pythoncore-3.14-64\Lib\urllib\request.py", line 464, in _call_chain
    result = func(*args)
  File "C:\Users\Home\AppData\Local\Python\pythoncore-3.14-64\Lib\urllib\request.py", line 1369, in https_open
    return self.do_open(http.client.HTTPSConnection, req,
           ~~~~~~~~~~~~^^^^^^^^^^^^^^^^^^^^^^^^^^^^^^^^^^
                        context=self._context)
                        ^^^^^^^^^^^^^^^^^^^^^^
  File "C:\Users\Home\AppData\Local\Python\pythoncore-3.14-64\Lib\urllib\request.py", line 1324, in do_open
    raise URLError(err)
urllib.error.URLError: <urlopen error [WinError 10054] Удаленный хост принудительно разорвал существующее подключение>
2026-03-22 18:00:40,614 | ERROR | Telegram worker item processing failed: <urlopen error [WinError 10054] Удаленный хост принудительно разорвал существующее подключение>
Traceback (most recent call last):
  File "C:\Users\Home\AppData\Local\Python\pythoncore-3.14-64\Lib\urllib\request.py", line 1321, in do_open
    h.request(req.get_method(), req.selector, req.data, headers,
    ~~~~~~~~~^^^^^^^^^^^^^^^^^^^^^^^^^^^^^^^^^^^^^^^^^^^^^^^^^^^
              encode_chunked=req.has_header('Transfer-encoding'))
              ^^^^^^^^^^^^^^^^^^^^^^^^^^^^^^^^^^^^^^^^^^^^^^^^^^^
  File "C:\Users\Home\AppData\Local\Python\pythoncore-3.14-64\Lib\http\client.py", line 1358, in request
    self._send_request(method, url, body, headers, encode_chunked)
    ~~~~~~~~~~~~~~~~~~^^^^^^^^^^^^^^^^^^^^^^^^^^^^^^^^^^^^^^^^^^^^
  File "C:\Users\Home\AppData\Local\Python\pythoncore-3.14-64\Lib\http\client.py", line 1404, in _send_request
    self.endheaders(body, encode_chunked=encode_chunked)
    ~~~~~~~~~~~~~~~^^^^^^^^^^^^^^^^^^^^^^^^^^^^^^^^^^^^^
  File "C:\Users\Home\AppData\Local\Python\pythoncore-3.14-64\Lib\http\client.py", line 1353, in endheaders
    self._send_output(message_body, encode_chunked=encode_chunked)
    ~~~~~~~~~~~~~~~~~^^^^^^^^^^^^^^^^^^^^^^^^^^^^^^^^^^^^^^^^^^^^^
  File "C:\Users\Home\AppData\Local\Python\pythoncore-3.14-64\Lib\http\client.py", line 1113, in _send_output
    self.send(msg)
    ~~~~~~~~~^^^^^
  File "C:\Users\Home\AppData\Local\Python\pythoncore-3.14-64\Lib\http\client.py", line 1057, in send
    self.connect()
    ~~~~~~~~~~~~^^
  File "C:\Users\Home\AppData\Local\Python\pythoncore-3.14-64\Lib\http\client.py", line 1499, in connect
    self.sock = self._context.wrap_socket(self.sock,
                ~~~~~~~~~~~~~~~~~~~~~~~~~^^^^^^^^^^^
                                          server_hostname=server_hostname)
                                          ^^^^^^^^^^^^^^^^^^^^^^^^^^^^^^^^
  File "C:\Users\Home\AppData\Local\Python\pythoncore-3.14-64\Lib\ssl.py", line 455, in wrap_socket
    return self.sslsocket_class._create(
           ~~~~~~~~~~~~~~~~~~~~~~~~~~~~^
        sock=sock,
        ^^^^^^^^^^
    ...<5 lines>...
        session=session
        ^^^^^^^^^^^^^^^
    )
    ^
  File "C:\Users\Home\AppData\Local\Python\pythoncore-3.14-64\Lib\ssl.py", line 1076, in _create
    self.do_handshake()
    ~~~~~~~~~~~~~~~~~^^
  File "C:\Users\Home\AppData\Local\Python\pythoncore-3.14-64\Lib\ssl.py", line 1372, in do_handshake
    self._sslobj.do_handshake()
    ~~~~~~~~~~~~~~~~~~~~~~~~~^^
ConnectionResetError: [WinError 10054] Удаленный хост принудительно разорвал существующее подключение

During handling of the above exception, another exception occurred:

Traceback (most recent call last):
  File "D:\GIT\okx-trading-bot\v09x\097\telegram_notifier.py", line 190, in run_worker_forever
    processed = worker.process_once()
  File "D:\GIT\okx-trading-bot\v09x\097\telegram_notifier.py", line 105, in process_once
    self._process_file(pending)
    ~~~~~~~~~~~~~~~~~~^^^^^^^^^
  File "D:\GIT\okx-trading-bot\v09x\097\telegram_notifier.py", line 121, in _process_file
    self._send_message(payload)
    ~~~~~~~~~~~~~~~~~~^^^^^^^^^
  File "D:\GIT\okx-trading-bot\v09x\097\telegram_notifier.py", line 134, in _send_message
    with urllib.request.urlopen(request, timeout=25) as response:
         ~~~~~~~~~~~~~~~~~~~~~~^^^^^^^^^^^^^^^^^^^^^
  File "C:\Users\Home\AppData\Local\Python\pythoncore-3.14-64\Lib\urllib\request.py", line 187, in urlopen
    return opener.open(url, data, timeout)
           ~~~~~~~~~~~^^^^^^^^^^^^^^^^^^^^
  File "C:\Users\Home\AppData\Local\Python\pythoncore-3.14-64\Lib\urllib\request.py", line 487, in open
    response = self._open(req, data)
  File "C:\Users\Home\AppData\Local\Python\pythoncore-3.14-64\Lib\urllib\request.py", line 504, in _open
    result = self._call_chain(self.handle_open, protocol, protocol +
                              '_open', req)
  File "C:\Users\Home\AppData\Local\Python\pythoncore-3.14-64\Lib\urllib\request.py", line 464, in _call_chain
    result = func(*args)
  File "C:\Users\Home\AppData\Local\Python\pythoncore-3.14-64\Lib\urllib\request.py", line 1369, in https_open
    return self.do_open(http.client.HTTPSConnection, req,
           ~~~~~~~~~~~~^^^^^^^^^^^^^^^^^^^^^^^^^^^^^^^^^^
                        context=self._context)
                        ^^^^^^^^^^^^^^^^^^^^^^
  File "C:\Users\Home\AppData\Local\Python\pythoncore-3.14-64\Lib\urllib\request.py", line 1324, in do_open
    raise URLError(err)
urllib.error.URLError: <urlopen error [WinError 10054] Удаленный хост принудительно разорвал существующее подключение>
