time,balance_total,balance_available,balance_used
2026-03-30 21:35:39,77037.75941257429,68849.96602591708,8254.874598000033
2026-03-30 21:35:54,77038.38625368752,68851.53634191706,8255.475152000034
2026-03-30 21:36:09,77029.89425829593,68851.53634191706,8246.975592000033
2026-03-30 21:36:24,77035.08302456858,68851.53634191706,8252.940712000034
2026-03-30 21:36:40,77031.65483272058,68851.53634191706,8249.509432000033
2026-03-30 21:36:55,77024.26822593885,68315.49237391708,8778.931778000035
2026-03-30 21:37:10,77021.26630881436,68315.49237391708,8775.155518000034
2026-03-30 21:37:25,77019.59069636776,68315.49237391708,8774.249988000034
2026-03-30 21:37:40,77019.62741482764,68799.31538959708,8289.692132000035
2026-03-30 21:37:56,77016.20259241336,68800.88570559706,8283.922366000033
2026-03-30 21:38:11,77018.69190495167,68800.88570559706,8286.413896000035
2026-03-30 21:38:26,77021.65484722768,68800.88570559706,8288.607896000034
2026-03-30 21:38:41,77020.91983060565,68800.88570559706,8289.415396000033
2026-03-30 21:38:57,77025.91408148878,68800.88570559706,8293.642506000035
2026-03-30 21:39:12,77036.1489625658,68802.45602159706,8300.772750000033
2026-03-30 21:39:27,77039.8335441885,68802.45602159706,8304.460540000033
2026-03-30 21:39:42,77047.55245618027,68802.45602159706,8313.729840000035
2026-03-30 21:39:58,77049.27525985648,68802.45602159706,8314.682320000034
2026-03-30 21:40:13,77053.84965706465,69794.89573359706,7328.364858000035
2026-03-30 21:40:28,77053.97437558067,69794.89573359706,7327.717768000036
2026-03-30 21:40:43,77055.2348234082,69794.89573359706,7327.435518000036
2026-03-30 21:40:58,77055.0107585144,69794.89573359706,7327.211258000036
2026-03-30 21:41:14,77052.05498535967,69305.89868959706,7814.793712000034
2026-03-30 21:41:29,77049.66363588892,69305.89868959706,7810.084692000035
2026-03-30 21:41:44,77048.8924760551,69305.89868959706,7810.084692000035
2026-03-30 21:41:59,77045.67338234065,68820.32297759707,8294.753974000036
2026-03-30 21:42:15,77044.37221444666,68820.32297759707,8293.451634000035
2026-03-30 21:42:30,77045.91448993889,68820.32297759707,8293.451634000035
2026-03-30 21:42:45,77045.92575523378,68820.32297759707,8294.234734000036
2026-03-30 21:43:00,77042.92325408095,68820.32297759707,8292.773194000036
2026-03-30 21:43:16,77046.20944252718,68820.32297759707,8294.518674000035
2026-03-30 21:43:31,77043.52826468565,68820.32297759707,8292.606924000034
2026-03-30 21:43:46,77043.24626871065,68820.32297759707,8292.324674000036
2026-03-30 21:44:01,77035.35168048863,68820.32297759707,8285.194724000035
2026-03-30 21:44:16,77036.68672761566,68820.32297759707,8285.759224000036
2026-03-30 21:44:32,77036.68672761566,68820.32297759707,8285.759224000036
2026-03-30 21:44:47,77039.36783698018,68820.32297759707,8287.670974000035
2026-03-30 21:45:02,77042.80143835278,68820.32297759707,8291.107634000035
2026-03-30 21:45:17,77039.83829864666,68820.32297759707,8288.913634000035
2026-03-30 21:45:33,77048.80044805889,68820.32297759707,8296.340134000035
2026-03-30 21:45:48,77050.3724073937,68820.32297759707,8297.141624000034
2026-03-30 21:46:03,77044.59938824768,68820.32297759707,8292.135374000034
2026-03-30 21:46:18,77039.00353146972,68820.32297759707,8284.991124000035
2026-03-30 21:46:34,77047.16084630495,68820.32297759707,8291.611894000034
2026-03-30 21:46:49,77048.1675972488,68820.32297759707,8294.934894000035
2026-03-30 21:47:04,77049.53837370712,68820.32297759707,8295.535034000035
2026-03-30 21:47:19,77057.54663551622,68820.32297759707,8302.778294000034
2026-03-30 21:47:34,77061.572065207,68820.32297759707,8308.351034000034
2026-03-30 21:47:50,77060.92250358722,68820.32297759707,8306.157034000034
2026-03-30 21:48:05,77063.28691901575,68820.32297759707,8307.751524000034
2026-03-30 21:48:20,77061.06458263531,68820.32297759707,8307.071164000034
2026-03-30 21:48:35,77056.69149383056,68820.32297759707,8301.150554000034
2026-03-30 21:48:51,77056.97350674056,68820.32297759707,8301.432804000035
2026-03-30 21:49:06,77060.95094351617,68821.09670709707,8303.096074500034
2026-03-30 21:49:21,77061.13086632824,68821.86502309707,8304.823528500034
2026-03-30 21:49:36,77055.72855220173,68821.86502309707,8299.416618500034
2026-03-30 21:49:52,77062.38356846815,68821.86502309707,8305.305368500034
2026-03-30 21:50:07,77095.56759021124,68340.17179309706,8820.982778500034
2026-03-30 21:50:22,77116.9648814935,68341.71383859705,8842.401223000035
2026-03-30 21:50:37,77127.28404828724,68341.71383859705,8851.184173000034
2026-03-30 21:50:52,77143.09575783541,68343.25588409706,8867.012807500036
2026-03-30 21:51:08,77157.73213498344,67863.66309209706,9360.481807500035
2026-03-30 21:51:23,77153.70421975573,67862.89477609706,9354.900213500036
2026-03-30 21:51:38,77141.66912106585,67862.89477609706,9345.173283500035
2026-03-30 21:51:53,77136.98476413033,67387.88262714706,9815.497043500036
2026-03-30 21:52:09,77130.96509550133,67387.88262714706,9809.472193500036
2026-03-30 21:52:24,77127.7933780861,66915.22833814706,10277.406853500035
2026-03-30 21:52:39,77125.54687673372,66915.22833814706,10275.158463500036
2026-03-30 21:52:54,77125.60045205517,66915.22833814706,10277.529813500036
2026-03-30 21:53:10,77126.26937932133,66915.22833814706,10275.881573500035
2026-03-30 21:53:25,77121.95760425732,66915.22833814706,10271.566173500034
2026-03-30 21:53:40,77115.93806063119,66915.22833814706,10266.314033500035
2026-03-30 21:53:55,77112.5593249997,66915.22833814706,10262.932423500035
2026-03-30 21:54:11,77112.51458306372,66915.22833814706,10262.115213500034
2026-03-30 21:54:26,77128.19913727288,66915.22833814706,10279.358143500034
2026-03-30 21:54:41,77117.88435072884,66915.22833814706,10270.579523500035
2026-03-30 21:54:56,77113.08033446773,66915.22833814706,10266.543773500034
2026-03-30 21:55:11,77113.9532991137,66915.22833814706,10264.327583500035
2026-03-30 21:55:27,77107.58660930507,66915.22833814706,10258.727873500035
2026-03-30 21:55:42,77107.78672705569,66915.22833814706,10258.928163500035
2026-03-30 21:55:57,77110.31951804395,66915.22833814706,10262.235573500036
2026-03-30 21:56:12,77116.55627518811,66915.22833814706,10266.160303500033
2026-03-30 21:56:28,77112.34235584267,66915.22833814706,10263.487713500035
2026-03-30 21:56:43,77117.65088657668,66915.22833814706,10268.800813500035
2026-03-30 21:56:58,77118.18472616564,66915.22833814706,10270.880163500035
2026-03-30 21:57:13,77119.54544174869,66915.22833814706,10269.924483500035
2026-03-30 21:57:29,77138.91438884406,66915.22833814706,10290.855343500034
2026-03-30 21:57:44,77136.99718826095,66915.22833814706,10288.936473500034
2026-03-30 21:57:59,77141.8098608927,66915.22833814706,10292.207843500035
2026-03-30 21:58:14,77142.94752695855,66915.22833814706,10294.891993500036
2026-03-30 21:58:29,77136.05413942787,66915.22833814706,10287.992603500035
2026-03-30 21:58:45,77135.67674099847,66915.22833814706,10286.842183500035
2026-03-30 21:59:00,77127.51407693188,66915.22833814706,10278.672493500035
2026-03-30 21:59:15,77114.42129641488,66915.22833814706,10265.568443500035
2026-03-30 21:59:30,77110.47348803205,66915.22833814706,10263.162133500035
2026-03-30 21:59:46,77111.97275400918,66915.22833814706,10262.345353500035
2026-03-30 22:00:01,77108.44175324828,66915.22833814706,10259.583753500036
2026-03-30 22:00:16,77098.57710414869,66915.22833814706,10249.710613500034
2026-03-30 22:00:31,77099.60722585337,66915.22833814706,10251.513953500034
2026-03-30 22:00:47,77100.59284116409,65859.45388414706,11306.730213500035
2026-03-30 22:01:02,77103.20739889941,65325.91215614707,11842.888723500035
2026-03-30 22:01:17,77107.27305015591,65325.91215614707,11846.957833500035
2026-03-30 22:01:32,77099.86661829862,65325.91215614707,11841.862103500036
2026-03-30 22:01:48,77093.7565339087,64867.418380147064,12294.240413500034
2026-03-30 22:02:03,77105.1235228085,64867.418380147064,12303.300253500034
2026-03-30 22:02:18,77094.58927863056,64867.418380147064,12293.529313500034
2026-03-30 22:02:33,77096.3165750825,64867.418380147064,12294.485813500034
2026-03-30 22:02:49,77099.72200069016,64867.418380147064,12298.666453500033
2026-03-30 22:03:04,77119.696675091,64867.418380147064,12317.885803500036
2026-03-30 22:03:19,77113.34524957737,64867.418380147064,12309.984113500033
2026-03-30 22:03:34,77114.03399768243,64867.418380147064,12311.445863500034
2026-03-30 22:03:49,77122.0225264355,64867.418380147064,12320.213633500036
2026-03-30 22:04:05,77127.04684110057,64867.418380147064,12326.014813500035
2026-03-30 22:04:20,77122.77766575156,64867.418380147064,12321.741963500035
2026-03-30 22:04:35,77112.06995583703,64867.418380147064,12311.797493500033
2026-03-30 22:04:50,77107.81572024483,64867.418380147064,12307.539553500035
2026-03-30 22:05:06,77105.60856214444,64867.418380147064,12305.330473500035
2026-03-30 22:05:21,77108.99181179077,64867.418380147064,12307.944243500035
2026-03-30 22:05:36,77116.87997073182,64867.418380147064,12318.929303500034
2026-03-30 22:05:51,77137.69743813382,64867.418380147064,12339.765523500033
2026-03-30 22:06:07,77155.68509445405,64867.418380147064,12356.996443500033
2026-03-30 22:06:22,77146.95419187925,64867.418380147064,12348.257763500033
2026-03-30 22:06:37,77147.63034405136,64867.418380147064,12346.616033500033
2026-03-30 22:06:52,77179.2650089325,64867.418380147064,12377.504813500034
2026-03-30 22:07:08,77168.97844289764,64867.418380147064,12374.940303500034
2026-03-30 22:07:23,77177.79654964167,64867.418380147064,12380.673933500035
2026-03-30 22:07:38,77185.07476434756,64867.418380147064,12386.412293500034
2026-03-30 22:07:53,77202.8759142775,64867.418380147064,12403.455903500035
2026-03-30 22:08:08,77230.9795712767,64867.418380147064,12431.584313500034
2026-03-30 22:08:24,77234.12071796398,64867.418380147064,12437.049403500032
2026-03-30 22:08:39,77227.86646580776,64867.418380147064,12429.242113500035
2026-03-30 22:08:54,77223.49965573076,64867.418380147064,12424.871413500034
2026-03-30 22:09:09,77223.00856319246,64867.418380147064,12424.379883500034
2026-03-30 22:09:25,77208.89842240437,64867.418380147064,12410.257173500033
2026-03-30 22:09:40,77212.7328625231,64867.418380147064,12413.321533500033
2026-03-30 22:09:55,77209.51325827028,64867.418380147064,12410.099093500032
2026-03-30 22:10:10,77211.90895686297,64867.418380147064,12410.949973500034
2026-03-30 22:10:26,77241.91204200036,64867.418380147064,12440.978883500033
2026-03-30 22:10:41,77254.43564953099,64867.418380147064,12452.739403500032
2026-03-30 22:10:56,77260.49505477429,64867.418380147064,12461.125793500032
2026-03-30 22:11:11,77264.73830064257,64867.418380147064,12466.146793500033
2026-03-30 22:11:27,77274.22465923056,64867.418380147064,12473.319313500035
2026-03-30 22:11:42,77284.15768199736,64867.418380147064,12485.583473500034
2026-03-30 22:11:57,77260.5493969111,64867.418380147064,12461.180183500033
2026-03-30 22:12:12,77258.04471324205,64867.418380147064,12459.447243500033
2026-03-30 22:12:28,77251.64579376856,64867.418380147064,12450.721013500033
2026-03-30 22:12:43,77259.43881329043,64867.418380147064,12459.294673500033
2026-03-30 22:12:58,77276.71650948723,64867.418380147064,12474.265143500033
2026-03-30 22:13:13,77281.2142857919,64867.418380147064,12481.863273500034
2026-03-30 22:13:29,77282.39778429296,64867.418380147064,12481.499473500035
2026-03-30 22:13:44,77273.71954823252,64867.418380147064,12473.587843500034
2026-03-30 22:13:59,77273.16785862042,64867.418380147064,12473.035673500033
2026-03-30 22:14:14,77262.33176592237,64867.418380147064,12461.416183500034
2026-03-30 22:14:29,77248.57436359212,64867.418380147064,12448.420763500033
2026-03-30 22:14:45,77228.63288250982,64867.418380147064,12430.782883500033
2026-03-30 22:15:00,77222.46118184252,64867.418380147064,12422.284843500032
2026-03-30 22:15:15,77217.86546359892,64867.418380147064,12417.685123500032
2026-03-30 22:15:30,77217.27706595062,64867.418380147064,12417.096213500034
2026-03-30 22:15:46,77209.76927504981,64867.418380147064,12411.902283500032
2026-03-30 22:16:01,77209.9582962919,64867.418380147064,12410.544523500032
2026-03-30 22:16:16,77220.55670148069,64867.418380147064,12421.15226350003
2026-03-30 22:16:31,77233.25082945536,64867.418380147064,12434.631273500032
2026-03-30 22:16:47,77222.58316213665,64867.418380147064,12423.954103500031
2026-03-30 22:17:02,77222.49567097581,64867.418380147064,12424.640143500033
2026-03-30 22:17:17,77222.39962749282,64867.418380147064,12424.544013500032
2026-03-30 22:17:32,77223.96972537429,64867.418380147064,12424.568293500033
2026-03-30 22:17:48,77221.39892704476,64867.418380147064,12422.768813500034
2026-03-30 22:18:03,77228.10094168782,64867.418380147064,12430.250463500033
2026-03-30 22:18:18,77235.75902320581,64867.418380147064,12437.91544350003
2026-03-30 22:18:33,77230.7264242423,64867.418380147064,12431.330943500032
2026-03-30 22:18:49,77223.0026546169,64867.418380147064,12425.921213500033
2026-03-30 22:19:04,77230.03200208438,64867.418380147064,12432.956963500033
2026-03-30 22:19:19,77253.08655999189,64867.418380147064,12453.710773500034
2026-03-30 22:19:34,77261.05559117366,64867.418380147064,12462.460803500035
2026-03-30 22:19:50,77276.41984692703,64867.418380147064,12476.290493500035
2026-03-30 22:20:05,77272.33143519894,64867.418380147064,12476.069063500034
2026-03-30 22:20:20,77263.76678351482,64867.418380147064,12465.948433500032
2026-03-30 22:20:35,77262.69806806705,64867.418380147064,12464.104743500033
2026-03-30 22:20:51,77252.54621436374,64867.418380147064,12456.265623500034
2026-03-30 22:21:06,77251.44470877328,64867.418380147064,12454.389173500032
2026-03-30 22:21:21,77236.54239223318,64867.418380147064,12439.473283500034
2026-03-30 22:21:36,77246.59630140496,64867.418380147064,12447.988633500034
2026-03-30 22:21:51,77256.42604513996,64867.418380147064,12457.827133500034
2026-03-30 22:22:07,77258.39471850389,64867.418380147064,12461.345513500033
2026-03-30 22:22:22,77256.075820623,64867.418380147064,12459.024503500032
2026-03-30 22:22:37,77258.25833272799,64867.418380147064,12461.209003500033
2026-03-30 22:22:52,77269.10501080856,64867.418380147064,12470.517393500033
2026-03-30 22:23:08,77267.22912187439,64867.418380147064,12470.187963500033
2026-03-30 22:23:23,77259.96247048082,64867.418380147064,12462.140693500032
2026-03-30 22:23:38,77256.24521902083,64867.418380147064,12458.420093500034
2026-03-30 22:23:53,77283.7172712247,64867.418380147064,12484.368463500032
2026-03-30 22:24:09,77293.69948223037,64867.418380147064,12495.133773500034
2026-03-30 22:24:24,77305.82788442382,64867.418380147064,12508.047423500035
2026-03-30 22:24:39,77313.79294940781,64867.418380147064,12516.019663500034
2026-03-30 22:24:54,77338.87826926696,64867.418380147064,12538.028573500033
2026-03-30 22:25:10,77344.9216283598,64867.418380147064,12547.176383500033
2026-03-30 22:25:25,77331.58703283209,64867.418380147064,12534.604493500034
2026-03-30 22:25:40,77312.97641738175,64867.418380147064,12516.751473500035
2026-03-30 22:25:55,77304.70489785628,64867.418380147064,12507.697873500032
2026-03-30 22:26:11,77303.74652670053,64867.418380147064,12507.513083500033
2026-03-30 22:26:26,77296.19225142029,64867.418380147064,12499.177473500034
2026-03-30 22:26:41,77293.78360729237,64867.418380147064,12495.217973500034
2026-03-30 22:26:56,77280.34585514295,64867.418380147064,12484.090863500032
2026-03-30 22:27:12,77266.64383261173,64867.418380147064,12470.376223500034
2026-03-30 22:27:27,77275.12457862086,64867.418380147064,12476.542323500033
2026-03-30 22:27:42,77283.13631555534,64867.418380147064,12486.883893500033
2026-03-30 22:27:57,77287.54164064619,64867.418380147064,12490.518983500033
2026-03-30 22:28:13,77271.18254981852,64867.418380147064,12475.693263500036
2026-03-30 22:28:28,77270.16652855583,64867.418380147064,12472.353943500035
2026-03-30 22:28:43,77276.16898826825,64867.418380147064,12477.587663500033
2026-03-30 22:28:58,77282.97706868382,64867.418380147064,12485.176023500033
2026-03-30 22:29:14,77317.48892003782,64867.418380147064,12519.718963500034
2026-03-30 22:29:29,77326.69722509781,64867.418380147064,12528.935563500034
2026-03-30 22:29:44,77311.56679542814,64867.418380147064,12515.340553500035
2026-03-30 22:29:59,77308.31603872498,64867.418380147064,12511.312303500034
2026-03-30 22:30:15,77297.69491037131,64867.418380147064,12502.230303500035
2026-03-30 22:30:30,77313.47033055726,64382.31525065706,13001.574419500033
2026-03-30 22:30:45,77316.25407783991,63891.259793457066,13495.416159500033
2026-03-30 22:31:00,77307.01872966152,63891.259793457066,13486.172399500036
2026-03-30 22:31:16,77304.3971952607,63391.75327328706,13983.054997500034
2026-03-30 22:31:31,77306.90725717387,62875.59736143706,14501.72325750004
2026-03-30 22:31:46,77309.15740896044,62347.26031268706,15030.76353750004
2026-03-30 22:32:01,77305.40165691415,61813.22535468706,15561.813837500053
2026-03-30 22:32:17,77297.46684467816,61813.22535468706,15553.871877500056
2026-03-30 22:32:32,77303.57034346118,61335.68796036706,16038.292705500055
2026-03-30 22:32:47,77310.77051533689,61335.68796036706,16045.499435500054
2026-03-30 22:33:02,77312.96537619428,61335.68796036706,16047.696295500054
2026-03-30 22:33:18,77308.1617992108,60938.61754394706,16439.958759700054
2026-03-30 22:33:33,77279.70854390675,60512.11340259706,16837.98372970006
2026-03-30 22:33:48,77263.26607321006,60512.11340259706,16820.752249700057
2026-03-30 22:34:03,77262.81399045105,60511.862689377056,16820.55047292006
2026-03-30 22:34:18,77242.64664900061,60511.862689377056,16801.91263292006
2026-03-30 22:34:34,77224.60422451084,60511.862689377056,16783.079932920056
2026-03-30 22:34:49,77233.58678293743,60511.862689377056,16792.070672920057
2026-03-30 22:35:04,77233.98167137016,60511.862689377056,16794.787232920058
2026-03-30 22:35:19,77236.20962356619,60511.862689377056,16796.243472920058
2026-03-30 22:35:35,77232.23323816061,60511.862689377056,16791.489632920056
2026-03-30 22:35:50,77237.51545963905,60511.862689377056,16795.229152920056
2026-03-30 22:36:05,77249.51770788505,60511.862689377056,16807.242212920057
2026-03-30 22:36:20,77247.98030751622,60512.11340259706,16807.000489700058
2026-03-30 22:36:36,77230.6264078058,60512.11340259706,16789.630609700056
2026-03-30 22:36:51,77210.84921088205,60512.11340259706,16768.288169700056
2026-03-30 22:37:06,77209.33197762205,60512.11340259706,16766.769569700053
2026-03-30 22:37:21,77172.6389354062,60511.862689377056,16731.840452920056
2026-03-30 22:37:37,77175.92747814798,60511.862689377056,16735.905212920057
2026-03-30 22:37:52,77164.05629244505,60511.862689377056,16721.703812920055
2026-03-30 22:38:07,77162.65381414659,60511.862689377056,16722.619192920058
2026-03-30 22:38:22,77158.94659070935,60511.862689377056,16719.681552920058
2026-03-30 22:38:38,77171.44050067106,60511.862689377056,16729.094672920055
2026-03-30 22:38:53,77179.19612351943,60511.862689377056,16737.630472920056
2026-03-30 22:39:08,77180.888398911,60512.11340259706,16739.846799700055
2026-03-30 22:39:23,77175.964932671,60511.862689377056,16735.169512920056
2026-03-30 22:39:39,77189.4865613174,60511.862689377056,16748.703592920057
2026-03-30 22:39:54,77198.88331834022,60512.11340259706,16757.858289700056
2026-03-30 22:40:09,77202.51936449706,60511.862689377056,16760.201532920055
2026-03-30 22:40:24,77195.18579319581,60511.862689377056,16754.408072920058
2026-03-30 22:40:40,77193.55693794705,60511.862689377056,16751.23103292006
2026-03-30 22:40:55,77183.06538424021,60512.11340259706,16742.02578970006
2026-03-30 22:41:10,77209.66246389753,60512.11340259706,16767.873849700056
2026-03-30 22:41:25,77238.59890407899,60512.11340259706,16795.289089700058
2026-03-30 22:41:41,77273.96400110498,60512.11340259706,16830.685689700058
2026-03-30 22:41:56,77272.26652362262,60512.11340259706,16831.309069700055
2026-03-30 22:42:11,77246.62485748294,60512.11340259706,16804.86990970006
2026-03-30 22:42:26,77243.11581362133,60512.11340259706,16801.357669700057
2026-03-30 22:42:42,77236.57530668497,60512.11340259706,16793.263689700056
2026-03-30 22:42:57,77237.9960716436,60512.36411581706,16795.20877142506
2026-03-30 22:43:12,77229.4883754676,60512.36411581706,16786.693411425058
2026-03-30 22:43:27,77238.90666487288,60512.36411581706,16795.34641142506
2026-03-30 22:43:43,77243.87320447544,60512.36411581706,16802.638891425056
2026-03-30 22:43:58,77249.10290871705,60512.36411581706,16807.87341142506
2026-03-30 22:44:13,77241.80438305512,60512.36411581706,16799.794331425055
2026-03-30 22:44:28,77229.48646686718,60512.36411581706,16789.01263142506
2026-03-30 22:44:44,77224.13639556793,60512.36411581706,16782.110251425056
2026-03-30 22:44:59,77218.37828709077,60512.36411581706,16777.89411142506
2026-03-30 22:45:14,77216.46286898358,60512.36411581706,16773.656171425057
2026-03-30 22:45:30,77220.3222124456,60512.36411581706,16777.51899142506
2026-03-30 22:45:45,77222.42737280905,60512.36411581706,16781.173311425056
2026-03-30 22:46:00,77224.09439773385,60512.36411581706,16782.84187142506
2026-03-30 22:46:15,77222.14834634053,60512.36411581706,16780.12039142506
2026-03-30 22:46:31,77229.34724937193,60512.36411581706,16787.325851425056
2026-03-30 22:46:46,77219.41206944264,60512.36411581706,16778.15523142506
2026-03-30 22:47:01,77211.70524624905,60512.36411581706,16770.44131142506
2026-03-30 22:47:16,77198.74316234745,60512.36411581706,16757.46729142506
2026-03-30 22:47:32,77178.34023032984,60512.36411581706,16737.04557142506
2026-03-30 22:47:47,77167.82556277023,60512.36411581706,16728.840591425058
2026-03-30 22:48:02,77139.35702527338,60512.36411581706,16698.799291425057
2026-03-30 22:48:17,77120.2784179361,60512.36411581706,16680.475571425057
2026-03-30 22:48:33,77105.44114662553,60512.36411581706,16663.306891425054
2026-03-30 22:48:48,77112.4087820216,60512.36411581706,16669.50835142506
2026-03-30 22:49:03,77110.92135509352,60512.36411581706,16668.792091425057
2026-03-30 22:49:18,77105.25089443864,60512.36411581706,16663.88893142506
2026-03-30 22:49:34,77109.73243799353,60512.36411581706,16667.60209142506
2026-03-30 22:49:49,77107.38258966959,60512.36411581706,16664.47763142506
2026-03-30 22:50:04,77103.8784262576,60512.36411581706,16660.97031142506
2026-03-30 22:50:19,77094.86697788353,60512.36411581706,16652.723091425058
2026-03-30 22:50:35,77098.66401942853,60512.36411581706,16656.52359142506
2026-03-30 22:50:50,77084.56043354138,60512.36411581706,16643.95169142506
2026-03-30 22:51:05,77072.30277001511,60512.36411581706,16630.13833142506
2026-03-30 22:51:20,77066.31184672093,60512.36411581706,16624.14195142506
2026-03-30 22:51:36,77058.26319274098,60512.36411581706,16617.629971425056
2026-03-30 22:51:51,77058.39613657813,60512.36411581706,16616.21903142506
2026-03-30 22:52:06,77048.50021007353,60512.36411581706,16606.314091425058
2026-03-30 22:52:21,77028.63950182345,60512.36411581706,16587.206991425057
2026-03-30 22:52:37,77038.19107992674,60512.36411581706,16595.99557142506
2026-03-30 22:52:52,77036.25632789065,60512.36411581706,16594.830831425057
2026-03-30 22:53:07,77044.07309953759,60512.36411581706,16601.11111142506
2026-03-30 22:53:22,77052.2922450677,60512.36411581706,16612.425431425057
2026-03-30 22:53:38,77052.5470653113,60512.36411581706,16612.680491425057
2026-03-30 22:53:53,77045.28758551559,60512.36411581706,16602.32669142506
2026-03-30 22:54:08,77036.86207042693,60512.36411581706,16594.665351425057
2026-03-30 22:54:23,77015.34584302997,60512.36411581706,16574.672671425058
2026-03-30 22:54:39,76985.69449760945,60985.171645817056,16071.414911425056
2026-03-30 22:54:54,76974.26577493903,60985.171645817056,16059.204511425056
2026-03-30 22:55:09,76931.0063018165,60985.171645817056,16017.447091425058
2026-03-30 22:55:24,76923.10825068824,60985.171645817056,16008.000391425056
2026-03-30 22:55:40,76933.90962597661,60985.171645817056,16018.040871425055
2026-03-30 22:55:55,76919.64565511461,60985.171645817056,16003.764051425054
2026-03-30 22:56:10,76917.4896172966,60985.171645817056,16001.606071425056
2026-03-30 22:56:25,76921.4634176546,60985.171645817056,16005.583451425056
2026-03-30 22:56:41,76924.4517057726,60985.171645817056,16008.574431425059
2026-03-30 22:56:56,76915.13465327083,60985.171645817056,16000.019531425058
2026-03-30 22:57:11,76921.17251969861,60985.171645817056,16005.292291425058
2026-03-30 22:57:26,76925.18694939335,60985.171645817056,16007.769091425056
2026-03-30 22:57:42,76921.12186532859,60985.171645817056,16005.24159142506
2026-03-30 22:57:57,76922.9680023086,60985.171645817056,16007.089391425057
2026-03-30 22:58:12,76923.92831532058,60985.171645817056,16007.279951425056
2026-03-30 22:58:27,76932.76798100998,60985.171645817056,16016.127491425059
2026-03-30 22:58:43,76929.65807858786,60985.171645817056,16015.326891425058
2026-03-30 22:58:58,76932.05471165504,60985.171645817056,16017.725731425058
2026-03-30 22:59:13,76930.8443871766,60985.171645817056,16014.972871425058
2026-03-30 22:59:28,76932.95223041828,60985.171645817056,16019.394831425057
2026-03-30 22:59:44,76926.09719153888,60985.171645817056,16012.533411425056
2026-03-30 22:59:59,76920.64148149586,60985.171645817056,16006.301991425056
2026-03-30 23:00:14,76915.09676246106,60449.81699681706,16536.87739142507
2026-03-30 23:00:29,76918.20542349071,60449.81699681706,16537.67717142507
2026-03-30 23:00:45,76929.59107694303,60449.81699681706,16549.84377142507
2026-03-30 23:01:00,76933.25177771234,60449.81699681706,16550.42499142507
2026-03-30 23:01:15,76914.7334969986,60449.81699681706,16533.43159142507
2026-03-30 23:01:30,76894.93545867734,59931.16710556706,17035.347211425073
2026-03-30 23:01:46,76893.34254190467,59931.16710556706,17032.212111425073
2026-03-30 23:02:01,76880.8191515261,59931.16710556706,17020.44753142507
2026-03-30 23:02:16,76876.66557177027,59931.16710556706,17015.51995142507
2026-03-30 23:02:31,76888.22068810518,59931.16710556706,17024.77481142507
2026-03-30 23:02:47,76902.30689527602,59931.16710556706,17039.643811425074
2026-03-30 23:03:02,76903.10688265301,59931.16710556706,17040.44451142507
2026-03-30 23:03:17,76909.33749563912,59931.16710556706,17044.36935142507
2026-03-30 23:03:32,76916.17366247284,59931.16710556706,17054.29347142507
2026-03-30 23:03:48,76917.85706329822,59931.16710556706,17055.207831425072
2026-03-30 23:04:03,76916.14736628401,59931.16710556706,17053.49661142507
2026-03-30 23:04:18,76921.10676182674,59931.16710556706,17056.91929142507
2026-03-30 23:04:34,76919.56981758901,59931.16710556706,17056.922111425072
2026-03-30 23:04:49,76923.56396520884,59931.16710556706,17061.69043142507
2026-03-30 23:05:04,76910.19441273448,59931.16710556706,17049.079331425073
2026-03-30 23:05:19,76877.77116476427,59931.16710556706,17016.62655142507
2026-03-30 23:05:35,76846.82109600883,59931.16710556706,16984.87843142507
2026-03-30 23:05:50,76858.15946149241,59931.16710556706,16995.45705142507
2026-03-30 23:06:05,76857.60954963318,59931.16710556706,16994.13671142507
2026-03-30 23:06:20,76852.58562662442,59931.16710556706,16989.87825142507
2026-03-30 23:06:36,76833.45122854495,59931.16710556706,16969.18743142507
2026-03-30 23:06:51,76782.80202951786,59931.895298867064,16917.76593592507
2026-03-30 23:07:06,76798.73094623991,59931.895298867064,16934.47805592507
2026-03-30 23:07:21,76805.40570727672,59931.895298867064,16941.15869592507
2026-03-30 23:07:37,76812.59648646277,59931.895298867064,16949.12529592507
2026-03-30 23:07:52,76818.95421408952,59931.895298867064,16954.71913592507
2026-03-30 23:08:07,76820.16338592318,59931.895298867064,16956.69893592507
2026-03-30 23:08:22,76821.16590027248,59931.895298867064,16959.24153592507
2026-03-30 23:08:38,76826.16546652328,59931.895298867064,16964.24565592507
2026-03-30 23:08:53,76817.25951831786,59931.895298867064,16955.33159592507
2026-03-30 23:09:08,76826.40442536482,59931.895298867064,16963.71517592507
2026-03-30 23:09:23,76814.17935783682,59931.895298867064,16951.47909592507
2026-03-30 23:09:39,76809.66813277086,59931.895298867064,16947.73329592507
2026-03-30 23:09:54,76813.60402784406,59931.895298867064,16951.67277592507
2026-03-30 23:10:09,76815.84847427883,59931.895298867064,16953.149715925072
2026-03-30 23:10:24,76798.66931676972,59931.895298867064,16937.49385592507
2026-03-30 23:10:40,76793.86176251477,59931.895298867064,16933.451235925073
2026-03-30 23:10:55,76806.24600716152,59931.895298867064,16941.99973592507
2026-03-30 23:11:10,76811.72889796793,59931.895298867064,16947.48745592507
2026-03-30 23:11:25,76807.60165145452,59931.895298867064,16946.43441592507
2026-03-30 23:11:41,76806.18919211371,59931.895298867064,16945.02065592507
2026-03-30 23:11:56,76800.04930407382,59931.895298867064,16940.413975925072
2026-03-30 23:12:11,76788.96169324608,59931.895298867064,16930.08527592507
2026-03-30 23:12:26,76780.02688360172,59931.895298867064,16918.83425592507
2026-03-30 23:12:42,76790.73650168013,59931.895298867064,16929.55373592507
2026-03-30 23:12:57,76801.05999589882,59931.895298867064,16938.34791592507
2026-03-30 23:13:12,76807.04938777836,59931.895298867064,16943.57325592507
2026-03-30 23:13:27,76812.83337031682,59931.895298867064,16950.13189592507
2026-03-30 23:13:43,76816.07523699547,59931.895298867064,16954.14623592507
2026-03-30 23:13:58,76827.18365232038,59931.895298867064,16963.725455925072
2026-03-30 23:14:13,76824.97543044247,59931.895298867064,16963.05453592507
2026-03-30 23:14:28,76813.72993316587,59931.895298867064,16951.79879592507
2026-03-30 23:14:44,76814.45680930058,59931.895298867064,16950.98727592507
2026-03-30 23:14:59,76812.29657796951,59931.895298867064,16948.05563592507
2026-03-30 23:15:14,76809.98285808881,59931.895298867064,16947.27881592507
2026-03-30 23:15:29,76793.21928753216,59931.895298867064,16929.73083592507
2026-03-30 23:15:45,76813.85152840792,59931.895298867064,16949.61195592507
2026-03-30 23:16:00,76831.04678325591,59931.895298867064,16966.82235592507
2026-03-30 23:16:15,76852.31302661881,59931.895298867064,16989.647115925072
2026-03-30 23:16:31,76849.78778447292,59931.895298867064,16988.65939592507
2026-03-30 23:16:46,76845.95463421852,59931.895298867064,16984.82271592507
2026-03-30 23:17:01,76836.21747503459,59931.895298867064,16975.84637592507
2026-03-30 23:17:16,76856.42422597208,59931.895298867064,16994.53197592507
2026-03-30 23:17:32,76862.30295990892,59931.895298867064,17001.18609592507
2026-03-30 23:17:47,76883.53311662297,59931.895298867064,17020.12511592507
2026-03-30 23:18:02,76879.16427732917,59931.895298867064,17018.83315592507
2026-03-30 23:18:17,76873.69227103217,59931.895298867064,17013.35605592507
2026-03-30 23:18:33,76880.00059882618,59931.895298867064,17019.670255925066
2026-03-30 23:18:48,76869.66671901212,59931.895298867064,17008.55663592507
2026-03-30 23:19:03,76850.48601466627,59931.895298867064,16988.58835592507
2026-03-30 23:19:18,76844.95995034881,59931.895298867064,16982.28741592507
2026-03-30 23:19:34,76851.72194245757,59931.895298867064,16991.36527592507
2026-03-30 23:19:49,76849.37946299138,59931.895298867064,16989.02061592507
2026-03-30 23:20:04,76850.21081988516,59931.895298867064,16986.77313592507
2026-03-30 23:20:19,76846.71213667451,59931.895298867064,16985.58091592507
2026-03-30 23:20:35,76822.10950797143,59931.895298867064,16962.49493592507
2026-03-30 23:20:50,76801.86521988908,59931.895298867064,16939.92327592507
2026-03-30 23:21:05,76798.73756379858,59931.895298867064,16938.331575925073
2026-03-30 23:21:20,76797.95398989337,59931.895298867064,16934.46975592507
2026-03-30 23:21:36,76805.02031526157,59931.895298867064,16941.542375925073
2026-03-30 23:21:51,76796.80747124493,59931.895298867064,16935.63029592507
2026-03-30 23:22:06,76799.81945766573,59931.895298867064,16938.645055925073
2026-03-30 23:22:22,76795.72986951353,59931.895298867064,16931.47433592507
2026-03-30 23:22:37,76802.98306172647,59931.895298867064,16941.042135925072
2026-03-30 23:22:52,76805.58528910551,59931.895298867064,16941.33843592507
2026-03-30 23:23:07,76807.17807314637,59931.895298867064,16943.70205592507
2026-03-30 23:23:23,76821.71295149482,59931.895298867064,16959.019475925073
2026-03-30 23:23:38,76821.16859781547,59931.895298867064,16959.24423592507
2026-03-30 23:23:53,76825.87725604877,59931.895298867064,16962.41789592507
2026-03-30 23:24:08,76824.54432096682,59931.895298867064,16961.85339592507
2026-03-30 23:24:24,76824.24213834608,59931.895298867064,16962.32057592507
2026-03-30 23:24:39,76821.82496579977,59931.895298867064,16958.361995925072
2026-03-30 23:24:54,76839.55615098757,59931.895298867064,16976.108975925068
2026-03-30 23:25:09,76837.5966033308,59931.895298867064,16974.91743592507
2026-03-30 23:25:25,76863.54149190222,59931.895298867064,16997.80573592507
2026-03-30 23:25:40,76883.68256349677,59931.895298867064,17020.27469592507
2026-03-30 23:25:55,76887.50266058177,59931.895298867064,17024.09819592507
2026-03-30 23:26:10,76892.20823377432,59931.895298867064,17028.037675925072
2026-03-30 23:26:26,76888.87668733388,59931.895298867064,17027.01399592507
2026-03-30 23:26:41,76891.74945785273,59931.895298867064,17027.57849592507
2026-03-30 23:26:56,76892.96396452388,59931.895298867064,17031.10499592507
2026-03-30 23:27:12,76893.59032358682,59931.895298867064,17030.96159592507
2026-03-30 23:27:27,76894.35767159927,59931.895298867064,17029.41871592507
2026-03-30 23:27:42,76889.97348915925,59931.895298867064,17025.03071592507
2026-03-30 23:27:57,76892.53150175046,59931.895298867064,17027.590955925072
2026-03-30 23:28:13,76890.47024214652,59931.895298867064,17029.37931592507
2026-03-30 23:28:28,76889.55902121858,59931.895298867064,17029.23757592507
2026-03-30 23:28:43,76901.00613947888,59931.895298867064,17039.15449592507
2026-03-30 23:28:58,76899.79113902492,59931.895298867064,17038.70879592507
2026-03-30 23:29:14,76900.77201578731,59931.895298867064,17039.69057592507
2026-03-30 23:29:29,76892.17657710482,59931.895298867064,17029.546575925073
2026-03-30 23:29:44,76892.74910708496,59931.895298867064,17029.349315925072
2026-03-30 23:29:59,76887.11932782653,59931.895298867064,17026.02531592507
2026-03-30 23:30:15,76907.01936246188,59931.895298867064,17045.173195925072
2026-03-30 23:30:30,76908.27999097682,59931.895298867064,17045.664495925073
2026-03-30 23:30:45,76922.00467340827,59931.895298867064,17060.17215592507
2026-03-30 23:31:00,76922.78591051657,59931.895298867064,17059.41287592507
2026-03-30 23:31:16,76922.44052240413,59931.895298867064,17061.37903592507
2026-03-30 23:31:31,76912.49802808378,59931.895298867064,17052.197935925073
2026-03-30 23:31:46,76914.76395880658,59931.895298867064,17054.46597592507
2026-03-30 23:32:02,76918.50785760483,59931.895298867064,17055.901575925072
2026-03-30 23:32:17,76919.77673107196,59931.895298867064,17056.40101592507
2026-03-30 23:32:32,76919.96210003518,59931.895298867064,17059.66895592507
2026-03-30 23:32:47,76924.08243558137,59931.895298867064,17060.71055592507
2026-03-30 23:33:03,76921.57854990455,59931.895298867064,17055.12221592507
2026-03-30 23:33:18,76929.15887238261,59931.895298867064,17063.47959592507
2026-03-30 23:33:33,76935.11861869646,59931.895298867064,17070.21515592507
2026-03-30 23:33:48,76938.62904747832,59931.895298867064,17074.49937592507
2026-03-30 23:34:04,76928.34477871677,59931.895298867064,17064.97669592507
2026-03-30 23:34:19,76970.91744865911,59931.895298867064,17106.816215925068
2026-03-30 23:34:34,76989.73042505326,59931.895298867064,17124.87451592507
2026-03-30 23:34:49,76984.21844465185,59931.895298867064,17119.35773592507
2026-03-30 23:35:05,76984.53044375082,59931.895298867064,17121.98363592507
2026-03-30 23:35:20,76974.52310694045,59931.895298867064,17109.65395592507
2026-03-30 23:35:35,76994.08757821868,59931.895298867064,17132.32071592507
2026-03-30 23:35:51,77002.24011214866,59931.895298867064,17137.39509592507
2026-03-30 23:36:06,76997.75946516811,59931.895298867064,17136.76733592507
2026-03-30 23:36:21,76989.58733716806,59931.895298867064,17127.81637592507
2026-03-30 23:36:36,76976.92270387996,60856.681183367065,16188.04087592507
2026-03-30 23:36:52,76969.36154577577,60856.681183367065,16181.24411592507
2026-03-30 23:37:07,76964.98840680478,60856.681183367065,16179.18021592507
2026-03-30 23:37:22,76957.3940404256,60856.681183367065,16172.34985592507
2026-03-30 23:37:37,76957.52149198395,60856.681183367065,16168.62257592507
2026-03-30 23:37:53,76964.86018824315,60856.681183367065,16175.96773592507
2026-03-30 23:38:08,76964.91220243035,60856.681183367065,16176.01979592507
2026-03-30 23:38:23,76970.81726140156,60856.681183367065,16181.93005592507
2026-03-30 23:38:38,76969.90400577437,60856.681183367065,16181.015995925072
2026-03-30 23:38:54,76956.18670292282,60856.681183367065,16172.68341592507
2026-03-30 23:39:09,76967.97586601958,60856.681183367065,16181.39933592507
2026-03-30 23:39:24,76965.72704118834,60856.681183367065,16175.29335592507
2026-03-30 23:39:40,76961.39447040635,60856.681183367065,16170.957055925073
2026-03-30 23:39:55,76949.36803334716,60856.681183367065,16160.461935925072
2026-03-30 23:40:10,76922.37857295915,60856.681183367065,16131.90757592507
2026-03-30 23:40:25,76921.19939695873,60856.681183367065,16129.956855925067
2026-03-30 23:40:41,76919.07198679574,60856.681183367065,16127.827635925069
2026-03-30 23:40:56,76943.16328539353,60856.681183367065,16151.16869592507
2026-03-30 23:41:11,76945.46871834194,60856.681183367065,16155.01759592507
2026-03-30 23:41:26,76943.43785840998,60856.681183367065,16155.29733592507
2026-03-30 23:41:42,76944.52417323875,60856.681183367065,16154.84301592507
2026-03-30 23:41:57,76936.23067719876,60856.681183367065,16148.854475925067
2026-03-30 23:42:12,76934.43755246476,60856.681183367065,16147.05973592507
2026-03-30 23:42:27,76935.52950198075,60856.681183367065,16146.61121592507
2026-03-30 23:42:43,76938.74334025297,60856.681183367065,16150.59863592507
2026-03-30 23:42:58,76954.10825827517,60856.681183367065,16165.20633592507
2026-03-30 23:43:13,76944.10484426377,60856.681183367065,16155.96491592507
2026-03-30 23:43:29,76939.68098912077,60856.681183367065,16152.30789592507
2026-03-30 23:43:44,76937.16848626998,60856.681183367065,16150.56389592507
2026-03-30 23:43:59,76936.60449996499,60856.681183367065,16149.99939592507
2026-03-30 23:44:14,76937.09288051678,60856.681183367065,16149.71745592507
2026-03-30 23:44:30,76938.47238162096,60856.681183367065,16150.327435925072
2026-03-30 23:44:45,76929.4789655736,60856.681183367065,16143.63807592507
2026-03-30 23:45:00,76917.53548369519,60856.681183367065,16131.683595925067
2026-03-30 23:45:15,76918.81844232677,60856.681183367065,16131.42655592507
2026-03-30 23:45:31,76917.44597178735,60856.681183367065,16127.74123592507
2026-03-30 23:45:46,76917.36603990555,60856.681183367065,16128.43175592507
2026-03-30 23:46:01,76920.97288289314,60856.681183367065,16130.50067592507
2026-03-30 23:46:17,76924.81351644215,60856.681183367065,16135.11519592507
2026-03-30 23:46:32,76924.04359847835,60856.681183367065,16135.11519592507
2026-03-30 23:46:47,76922.50376255077,60856.681183367065,16135.11519592507
2026-03-30 23:47:02,76920.82331610398,60856.681183367065,16134.97445592507
2026-03-30 23:47:18,76921.05463012881,60856.681183367065,16137.51793592507
2026-03-30 23:47:33,76906.88574348482,60856.681183367065,16124.10611592507
2026-03-30 23:47:48,76908.86297032276,60856.681183367065,16121.46211592507
2026-03-30 23:48:03,76944.55860006137,60856.681183367065,16156.41907592507
2026-03-30 23:48:19,76954.86498778578,60856.681183367065,16168.27651592507
2026-03-30 23:48:34,76956.12163174959,60856.681183367065,16170.30527592507
2026-03-30 23:48:49,76951.30104382402,60856.681183367065,16168.56409592507
2026-03-30 23:49:05,76950.38243541622,60856.681183367065,16168.41559592507
2026-03-30 23:49:20,76952.92241713518,60856.681183367065,16166.33217592507
2026-03-30 23:49:35,76935.38423779342,60856.681183367065,16153.40283592507
2026-03-30 23:49:50,76935.06464809642,60856.681183367065,16153.08293592507
2026-03-30 23:50:06,76941.36774146718,60856.681183367065,16154.76697592507
2026-03-30 23:50:21,76947.5577482248,60856.681183367065,16164.04625592507
2026-03-30 23:50:36,76938.24437027522,60856.681183367065,16155.49487592507
2026-03-30 23:50:51,76943.76073800575,60856.681183367065,16154.07891592507
2026-03-30 23:51:07,76937.18896037116,60856.681183367065,16148.272135925072
2026-03-30 23:51:22,76932.08811834782,60856.681183367065,16148.561915925071
2026-03-30 23:51:37,76944.22070105937,60856.681183367065,16156.08087592507
2026-03-30 23:51:52,76945.85054920237,60856.681183367065,16157.71217592507
2026-03-30 23:52:08,76942.52106398717,60856.681183367065,16153.60893592507
2026-03-30 23:52:23,76950.16555558515,60856.681183367065,16159.71847592507
2026-03-30 23:52:38,76948.73001121594,60856.681183367065,16158.28169592507
2026-03-30 23:52:54,76946.62289119996,60856.681183367065,16157.71437592507
2026-03-30 23:53:09,76936.91825781878,60856.681183367065,16149.54267592507
2026-03-30 23:53:24,76935.70370043918,60856.681183367065,16149.09777592507
2026-03-30 23:53:39,76935.43908414876,60856.681183367065,16145.750015925072
2026-03-30 23:53:55,76934.10982768277,60856.681183367065,16146.731715925072
2026-03-30 23:54:10,76911.53123905275,60856.681183367065,16122.591815925072
2026-03-30 23:54:25,76893.99905813758,60856.681183367065,16105.814495925071
2026-03-30 23:54:40,76894.37332275277,60856.681183367065,16106.959415925074
2026-03-30 23:54:56,76888.57009036677,60856.681183367065,16101.150955925072
2026-03-30 23:55:11,76885.22855465839,60856.681183367065,16098.57665592507
2026-03-30 23:55:26,76851.14372443876,60856.681183367065,16063.690875925071
2026-03-30 23:55:42,76824.19539873516,60856.681183367065,16035.94865592507
2026-03-30 23:55:57,76812.16114036877,60856.681183367065,16024.67317592507
2026-03-30 23:56:12,76813.75188419796,60856.681183367065,16023.95685592507
2026-03-30 23:56:27,76811.37238138677,60856.681183367065,16023.11421592507
2026-03-30 23:56:43,76813.40221322718,60856.681183367065,16025.14585592507
2026-03-30 23:56:58,76822.83759687112,60856.681183367065,16029.97233592507
2026-03-30 23:57:13,76827.81497865215,60856.681183367065,16038.032195925072
2026-03-30 23:57:28,76823.85085516812,60856.681183367065,16030.98643592507
2026-03-30 23:57:44,76823.68952917993,60856.681183367065,16030.82497592507
2026-03-30 23:57:59,76824.78136980314,60856.681183367065,16032.68725592507
2026-03-30 23:58:14,76826.11429495252,60856.681183367065,16033.251755925072
2026-03-30 23:58:29,76824.4106634211,60856.681183367065,16030.77719592507
2026-03-30 23:58:45,76824.97392117072,60856.681183367065,16031.34091592507
2026-03-30 23:59:00,76829.60961142991,60856.681183367065,16036.74997592507
2026-03-30 23:59:15,76841.87028304793,60856.681183367065,16049.790535925073
2026-03-30 23:59:31,76836.88945046473,60856.681183367065,16044.805515925073
2026-03-30 23:59:46,76841.41212720433,60856.681183367065,16048.56229592507
2026-03-31 00:00:01,76846.22798538735,60856.681183367065,16056.461235925073
2026-03-31 00:00:16,76867.30583921834,60856.681183367065,16075.24747592507
2026-03-31 00:00:32,76866.59416884034,60856.681183367065,16076.07515592507
2026-03-31 00:00:47,76861.27550895434,60856.681183367065,16069.21207592507
2026-03-31 00:01:02,76864.76133839594,60856.681183367065,16072.70083592507
2026-03-31 00:01:17,76857.48689406473,60856.681183367065,16064.65041592507
2026-03-31 00:01:33,76847.21368790892,60856.681183367065,16054.36867592507
2026-03-31 00:01:48,76861.86379821652,60856.681183367065,16069.030955925073
2026-03-31 00:02:03,76863.68368438633,60856.681183367065,16071.62227592507
2026-03-31 00:02:19,76857.51928683353,60856.681183367065,16065.45269592507
2026-03-31 00:02:34,76851.96951256314,60856.681183367065,16059.89825592507
2026-03-31 00:02:49,76851.03153646232,60856.681183367065,16058.18969592507
2026-03-31 00:03:04,76849.84673719354,60856.681183367065,16057.77369592507
2026-03-31 00:03:20,76845.89510324333,60856.681183367065,16053.048995925072
2026-03-31 00:03:35,76857.56060807571,60856.681183367065,16063.184515925073
2026-03-31 00:03:50,76849.24402996492,60856.681183367065,16054.86119592507
2026-03-31 00:04:05,76849.82893545032,60856.681183367065,16056.986095925071
2026-03-31 00:04:21,76846.79317469952,60856.681183367065,16053.178075925072
2026-03-31 00:04:36,76853.77372594991,60856.681183367065,16060.16435592507
2026-03-31 00:04:51,76853.6966204429,60856.681183367065,16059.31739592507
2026-03-31 00:05:07,76862.26053962871,60856.681183367065,16067.11839592507
2026-03-31 00:05:22,76856.13421771873,60856.681183367065,16063.296615925072
2026-03-31 00:05:37,76867.35816562071,60856.681183367065,16072.990015925072
2026-03-31 00:05:52,76867.35816562071,60856.681183367065,16072.990015925072
2026-03-31 00:06:08,76857.31210952271,60856.681183367065,16062.93581592507
2026-03-31 00:06:23,76856.41579612512,60856.681183367065,16062.038775925072
2026-03-31 00:06:38,76854.20161106891,60856.681183367065,16059.822795925073
2026-03-31 00:06:53,76849.19001375351,60856.681183367065,16054.807135925073
2026-03-31 00:07:09,76842.39388638677,60856.681183367065,16054.93315592507
2026-03-31 00:07:24,76851.00286889955,60856.681183367065,16060.470435925072
2026-03-31 00:07:39,76851.00286889955,60856.681183367065,16060.470435925072
2026-03-31 00:07:55,76848.00763574336,60856.681183367065,16058.242435925073
2026-03-31 00:08:10,76841.78405742373,60856.681183367065,16050.473955925074
2026-03-31 00:08:25,76840.95376377374,60856.681183367065,16049.642955925074
2026-03-31 00:08:40,76838.34786436713,60856.681183367065,16046.265155925072
2026-03-31 00:08:56,76835.14242152731,60856.681183367065,16040.748155925072
2026-03-31 00:09:11,76803.92444782493,60856.681183367065,16011.04347592507
2026-03-31 00:09:26,76741.48446600455,62890.71284476707,13916.057375925067
2026-03-31 00:09:41,76724.28078837437,62890.71284476707,13897.301995925069
2026-03-31 00:09:57,76721.80314216577,62890.71284476707,13893.285335925068
2026-03-31 00:10:12,76666.26522137085,64225.628365427074,12505.09065992507
2026-03-31 00:10:27,76631.7675627969,64225.628365427074,12469.796399925068
2026-03-31 00:10:43,76629.25542810415,64225.628365427074,12466.514619925068
2026-03-31 00:10:58,76612.91240557749,64225.628365427074,12450.925579925066
2026-03-31 00:11:13,76577.58934905774,64225.628365427074,12414.806139925067
2026-03-31 00:11:29,76561.24137382784,64225.628365427074,12396.911039925068
2026-03-31 00:11:44,76558.30202718785,64225.628365427074,12393.969339925068
2026-03-31 00:11:59,76568.30024496741,64225.628365427074,12404.742479925068
2026-03-31 00:12:14,76555.9959254983,64225.628365427074,12393.961819925067
2026-03-31 00:12:30,76506.1490642158,65175.07081762707,11395.397439925066
2026-03-31 00:12:45,76491.72717163712,65175.07081762707,11378.664879925065
2026-03-31 00:13:00,76475.9136173286,65652.67915372708,10886.762199925053
2026-03-31 00:13:15,76445.91635487955,66089.28898402708,10418.59875992506
2026-03-31 00:13:31,76448.67306013814,66089.28898402708,10421.35769992506
2026-03-31 00:13:46,76467.94500743225,66089.28898402708,10438.347579925057
2026-03-31 00:14:01,76485.69884939621,66089.28898402708,10456.881339925056
2026-03-31 00:14:17,76467.76889996894,66089.28898402708,10440.469019925056
2026-03-31 00:14:32,76457.07886735049,66089.28898402708,10430.536139925058
2026-03-31 00:14:47,76456.33802230097,66089.28898402708,10428.263079925058
2026-03-31 00:15:02,76459.13469588642,66089.28898402708,10434.125379925057
2026-03-31 00:15:18,76459.56717230083,66089.28898402708,10434.558219925058
2026-03-31 00:15:33,76461.1255663341,66089.28898402708,10434.586159925058
2026-03-31 00:15:48,76458.7319651361,66089.28898402708,10436.019999925056
2026-03-31 00:16:04,76467.36520722514,66089.28898402708,10440.064999925058
2026-03-31 00:16:19,76455.67748833746,66089.28898402708,10433.728759925058
2026-03-31 00:16:34,76454.70023579491,66089.28898402708,10431.984759925055
2026-03-31 00:16:49,76457.2115984217,66089.28898402708,10430.668979925056
2026-03-31 00:17:05,76452.34425292049,66089.28898402708,10425.797639925058
2026-03-31 00:17:20,76452.95373273689,66089.28898402708,10426.407619925056
2026-03-31 00:17:35,76452.5120012167,66089.28898402708,10429.794619925056
2026-03-31 00:17:51,76452.07623446097,66089.28898402708,10423.997879925057
2026-03-31 00:18:06,76452.84136732962,66089.28898402708,10423.997879925057
2026-03-31 00:18:21,76449.30805720242,66089.28898402708,10424.290479925057
2026-03-31 00:18:36,76467.39785860962,66089.28898402708,10438.565879925056
2026-03-31 00:18:52,76471.58149092701,66089.28898402708,10442.752819925056
2026-03-31 00:19:07,76474.03872176874,66089.28898402708,10450.574019925058
2026-03-31 00:19:22,76472.78840663185,66089.28898402708,10443.194759925054
2026-03-31 00:19:38,76478.51796414096,66089.28898402708,10450.460779925055
2026-03-31 00:19:53,76477.65876478706,66089.28898402708,10448.068919925056
2026-03-31 00:20:08,76457.94497229402,66089.28898402708,10429.105519925057
2026-03-31 00:20:23,76442.01442907186,66089.28898402708,10412.396759925057
2026-03-31 00:20:39,76435.64367944206,66089.28898402708,10409.848979925056
2026-03-31 00:20:54,76435.72221890082,66089.28898402708,10410.693219925057
2026-03-31 00:21:09,76419.14340604546,66089.28898402708,10393.334999925059
2026-03-31 00:21:25,76416.06656313644,66993.52472536708,9487.550751925057
2026-03-31 00:21:40,76431.97627925278,66993.52472536708,9501.942791925057
2026-03-31 00:21:55,76434.97833762641,66993.52472536708,9505.712971925055
2026-03-31 00:22:10,76437.07235949034,66993.52472536708,9506.277471925056
2026-03-31 00:22:26,76431.92300350839,66993.52472536708,9501.889471925057
2026-03-31 00:22:41,76419.81899085944,66993.52472536708,9491.306371925057
2026-03-31 00:22:56,76431.29353590049,67916.53499086708,8578.249215925058
2026-03-31 00:23:12,76397.39563060855,67916.53499086708,8543.557915925057
2026-03-31 00:23:27,76362.81289715134,70019.99162686708,6408.549815925057
2026-03-31 00:23:42,76351.38473856966,70019.99162686708,6399.406375925056
2026-03-31 00:23:57,76352.14893254968,70019.99162686708,6399.406375925056
2026-03-31 00:24:13,76344.3916650567,70467.99702526709,5942.872095925055
2026-03-31 00:24:28,76341.37747137129,70467.99702526709,5941.384795925055
2026-03-31 00:24:43,76342.1359301527,70467.99702526709,5941.379155925055
2026-03-31 00:24:58,76352.22167446336,70467.99702526709,5947.649635925056
2026-03-31 00:25:14,76353.48642384936,70467.99702526709,5948.915435925056
2026-03-31 00:25:29,76357.10656880475,70467.99702526709,5953.303435925056
2026-03-31 00:25:44,76358.43385534629,70467.99702526709,5957.691435925057
2026-03-31 00:26:00,76372.10052131952,70467.99702526709,5969.840035925056
2026-03-31 00:26:15,76378.6185017799,70467.99702526709,5977.128735925056
2026-03-31 00:26:30,76380.91467318394,70467.99702526709,5977.131555925055
2026-03-31 00:26:45,76372.70832207489,70467.99702526709,5972.743555925056
2026-03-31 00:27:01,76375.00154429233,70467.99702526709,5972.743555925056
2026-03-31 00:27:16,76369.8529544465,70467.99702526709,5968.355555925056
2026-03-31 00:27:31,76365.11089620013,70467.99702526709,5962.079435925056
2026-03-31 00:27:47,76364.34941301032,70467.99702526709,5962.082255925057
2026-03-31 00:28:02,76372.14604502394,70467.99702526709,5968.355555925056
2026-03-31 00:28:17,76366.44060531189,70467.99702526709,5966.470255925057
2026-03-31 00:28:32,76370.25951104476,70467.99702526709,5966.467435925057
2026-03-31 00:28:48,76366.44342280208,70467.99702526709,5966.473075925057
2026-03-31 00:29:03,76376.7404770841,70467.99702526709,5975.249075925056
2026-03-31 00:29:18,76376.7404770841,70467.99702526709,5975.249075925056
2026-03-31 00:29:33,76371.5919060631,70467.99702526709,5970.861075925056
2026-03-31 00:29:49,76379.79820692816,70467.99702526709,5975.249075925056
2026-03-31 00:30:04,76377.50490954511,70467.99702526709,5975.249075925056
2026-03-31 00:30:19,76380.11296046872,70467.99702526709,5978.624495925056
2026-03-31 00:30:35,76373.84511823971,70467.99702526709,5972.351195925057
2026-03-31 00:30:50,76380.87742668393,70467.99702526709,5978.624495925056
2026-03-31 00:31:05,76380.11296046872,70467.99702526709,5978.624495925056
2026-03-31 00:31:20,76391.17498727435,70467.99702526709,5987.400495925056
2026-03-31 00:31:36,76383.7326328135,70467.99702526709,5983.012495925055
2026-03-31 00:31:51,76381.5989665177,70467.99702526709,5980.111795925055
2026-03-31 00:32:06,76377.2147840777,70467.99702526709,5975.723795925056
2026-03-31 00:32:22,76383.12511109114,70467.99702526709,5980.108975925056
2026-03-31 00:32:37,76380.8316679111,70467.99702526709,5980.108975925056
2026-03-31 00:32:52,76381.8202738127,70467.99702526709,5980.333295925055
2026-03-31 00:33:07,76377.08127272413,70467.99702526709,5974.059995925056
2026-03-31 00:33:23,76377.07845512114,70467.99702526709,5974.057175925055
2026-03-31 00:33:38,76376.31403457913,70467.99702526709,5974.057175925055
2026-03-31 00:33:53,76377.07845512114,70467.99702526709,5974.057175925055
2026-03-31 00:34:09,76380.74113907515,70467.99702526709,5976.957875925056
2026-03-31 00:34:24,76378.44779042811,70467.99702526709,5976.957875925056
2026-03-31 00:34:39,76374.06360798811,70467.99702526709,5972.569875925056
2026-03-31 00:34:54,76376.35118973274,70467.99702526709,5972.564235925056
2026-03-31 00:35:10,76377.88000095796,70467.99702526709,5972.564235925056
2026-03-31 00:35:25,76376.35118973274,70467.99702526709,5972.564235925056
2026-03-31 00:35:40,76382.26440279797,70467.99702526709,5976.952235925055
2026-03-31 00:35:56,76379.97105432014,70467.99702526709,5976.952235925055
2026-03-31 00:36:11,76378.44215533491,70467.99702526709,5976.952235925055
2026-03-31 00:36:26,76381.51865389469,70467.99702526709,5981.561735925057
2026-03-31 00:36:41,76385.34113183276,70467.99702526709,5981.561735925057
2026-03-31 00:36:57,76381.45709011513,70467.99702526709,5978.439535925055
2026-03-31 00:37:12,76374.7795584583,70467.99702526709,5974.051535925056
2026-03-31 00:37:27,76383.76914065829,70467.99702526709,5983.049035925056
2026-03-31 00:37:43,76392.32782213214,70467.99702526709,5989.319515925056
2026-03-31 00:37:58,76392.32782213214,70467.99702526709,5989.319515925056
2026-03-31 00:38:13,76386.10280976095,70467.99702526709,5981.558915925056
2026-03-31 00:38:28,76381.72126946035,70467.99702526709,5977.173735925057
2026-03-31 00:38:44,76380.95681775274,70467.99702526709,5977.173735925057
2026-03-31 00:38:59,76384.57663624514,70467.99702526709,5981.561735925057
2026-03-31 00:39:14,76368.01143796091,70467.99702526709,5966.512435925055
2026-03-31 00:39:30,76365.15304034714,70467.99702526709,5962.121615925056
2026-03-31 00:39:45,76327.36252960812,72512.50398526713,3879.791995925011
2026-03-31 00:40:00,76325.04857827756,72512.50398526713,3875.182495925012
2026-03-31 00:40:15,76324.28470141275,72512.50398526713,3875.182495925012
2026-03-31 00:40:31,76331.18214440718,72512.50398526713,3879.791995925011
2026-03-31 00:40:46,76323.38614259356,72512.50398526713,3873.5186959250104
2026-03-31 00:41:01,76321.02751408657,72512.50398526713,3870.3936759250114
2026-03-31 00:41:17,76315.52306170318,72512.50398526713,3864.120375925012
2026-03-31 00:41:32,76314.75929545957,72512.50398526713,3864.120375925012
2026-03-31 00:41:47,76313.99552921596,72512.50398526713,3864.120375925012
2026-03-31 00:42:02,76293.23786638337,74001.78738751712,2352.5339359250115
2026-03-31 00:42:18,76281.62522166173,74001.78738751712,2346.260635925011
2026-03-31 00:42:33,76281.62240411513,74001.78738751712,2346.257815925011
2026-03-31 00:42:48,76283.91284547125,74001.78738751712,2346.257815925011
2026-03-31 00:43:04,76286.9258867893,74001.78738751712,2347.745115925011
2026-03-31 00:43:19,76260.14235241665,75483.51550231714,841.5031159250049
2026-03-31 00:43:34,76258.61585204427,75483.51550231714,841.5031159250049
2026-03-31 00:43:49,76263.19535316137,75483.51550231714,841.5031159250049
2026-03-31 00:44:05,76263.19817087716,75483.51550231714,841.5059359250049
2026-03-31 00:44:20,76263.15773598939,75483.51550231714,842.9932359250047
2026-03-31 00:44:35,76260.86794072724,75483.51550231714,842.9932359250047
2026-03-31 00:44:51,76261.63120581463,75483.51550231714,842.9932359250047
2026-03-31 00:45:06,76265.44471350755,75483.51550231714,842.9904159250048
2026-03-31 00:45:21,76260.86512315246,75483.51550231714,842.9904159250048
2026-03-31 00:45:36,76265.48510371991,75483.51550231714,841.5031159250049
2026-03-31 00:45:52,76263.19535316137,75483.51550231714,841.5031159250049
2026-03-31 00:46:07,76266.20797856673,75483.51550231714,842.9904159250048
2026-03-31 00:46:22,76262.38320037723,75483.51550231714,842.9819559250046
2026-03-31 00:46:38,76263.95015011553,75483.51550231714,841.4946559250048
2026-03-31 00:46:53,76263.18690001396,75483.51550231714,841.4946559250048
2026-03-31 00:47:08,76263.95015011553,75483.51550231714,841.4946559250048
2026-03-31 00:47:23,76264.67299530096,75483.51550231714,842.9819559250046
2026-03-31 00:47:39,76259.37346708086,75483.51550231714,841.4974759250049
2026-03-31 00:47:54,76263.18690001396,75483.51550231714,841.4946559250048
2026-03-31 00:48:09,76262.42364991237,75483.51550231714,841.4946559250048
2026-03-31 00:48:25,76263.95015011553,75483.51550231714,841.4946559250048
2026-03-31 00:48:40,76257.84414930288,75483.51550231714,841.4946559250048
2026-03-31 00:48:55,76257.84414930288,75483.51550231714,841.4946559250048
2026-03-31 00:49:10,76257.07808171111,75483.51550231714,841.4918359250048
2026-03-31 00:49:26,76257.84133178448,75483.51550231714,841.4918359250048
2026-03-31 00:49:41,76257.07808171111,75483.51550231714,841.4918359250048
2026-03-31 00:49:56,76258.60458185787,75483.51550231714,841.4918359250048
2026-03-31 00:50:12,76258.60458185787,75483.51550231714,841.4918359250048
2026-03-31 00:50:27,76258.60739940446,75483.51550231714,841.4946559250048
2026-03-31 00:50:42,76257.84414930288,75483.51550231714,841.4946559250048
2026-03-31 00:50:57,76257.84414930288,75483.51550231714,841.4946559250048
2026-03-31 00:51:13,76259.3301404789,75483.51550231714,842.9819559250046
2026-03-31 00:51:28,76257.84133178448,75483.51550231714,841.4918359250048
2026-03-31 00:51:43,76257.84133178448,75483.51550231714,841.4918359250048
2026-03-31 00:51:59,76257.84133178448,75483.51550231714,841.4918359250048
2026-03-31 00:52:14,76259.36783193126,75483.51550231714,841.4918359250048
2026-03-31 00:52:29,76259.37064950605,75483.51550231714,841.4946559250048
2026-03-31 00:52:45,76259.36783193126,75483.51550231714,841.4918359250048
2026-03-31 00:53:00,76260.13108200463,75483.51550231714,841.4918359250048
2026-03-31 00:53:15,76260.13389960762,75483.51550231714,841.4946559250048
2026-03-31 00:53:30,76259.37064950605,75483.51550231714,841.4946559250048
2026-03-31 00:53:46,76259.36783193126,75483.51550231714,841.4918359250048
2026-03-31 00:54:01,76258.60458185787,75483.51550231714,841.4918359250048
2026-03-31 00:54:16,76257.84414930288,75483.51550231714,841.4946559250048
2026-03-31 00:54:32,76259.37064950605,75483.51550231714,841.4946559250048
2026-03-31 00:54:47,76258.61021695107,75483.51550231714,841.4974759250049
2026-03-31 00:55:02,76259.37346708086,75483.51550231714,841.4974759250049
2026-03-31 00:55:17,76260.89433207802,75483.51550231714,841.4918359250048
2026-03-31 00:55:33,76263.1436476924,75483.51550231714,842.9791359250047
2026-03-31 00:55:48,76259.33577551569,75483.51550231714,842.9875959250046
2026-03-31 00:56:03,76259.3301404789,75483.51550231714,842.9819559250046
2026-03-31 00:56:19,76263.1492830112,75483.51550231714,842.9847759250047
2026-03-31 00:56:34,76265.40144611557,75483.51550231714,844.474895925005
2026-03-31 00:56:49,76263.11160640363,75483.51550231714,844.474895925005
2026-03-31 00:57:04,76263.11160640363,75483.51550231714,844.474895925005
2026-03-31 00:57:20,76261.57659395586,75483.51550231714,844.4664359250049
2026-03-31 00:57:35,76260.85385285325,75483.51550231714,842.9791359250047
2026-03-31 00:57:50,76260.85385285325,75483.51550231714,842.9791359250047
2026-03-31 00:58:06,76262.380382746,75483.51550231714,842.9791359250047
2026-03-31 00:58:21,76263.140830033,75483.51550231714,842.9763159250047
2026-03-31 00:58:36,76261.61430019663,75483.51550231714,842.9763159250047
2026-03-31 00:58:51,76261.61430019663,75483.51550231714,842.9763159250047
2026-03-31 00:59:07,76264.626895574,75483.51550231714,844.463615925005
2026-03-31 00:59:22,76267.6018443154,75483.51550231714,847.441035925005
2026-03-31 00:59:37,76267.6046619748,75483.51550231714,847.4438559250051
2026-03-31 00:59:53,76266.84135238122,75483.51550231714,847.4438559250051
2026-03-31 01:00:08,76267.6018443154,75483.51550231714,847.441035925005
2026-03-31 01:00:23,76267.6018443154,75483.51550231714,847.441035925005
2026-03-31 01:00:38,76268.36515388078,75483.51550231714,847.441035925005
2026-03-31 01:00:54,76268.36515388078,75483.51550231714,847.441035925005
2026-03-31 01:01:09,76267.6046619748,75483.51550231714,847.4438559250051
2026-03-31 01:01:24,76268.36797156837,75483.51550231714,847.4438559250051
2026-03-31 01:01:40,76269.13128116196,75483.51550231714,847.4438559250051
2026-03-31 01:01:55,76265.35811934441,75483.51550231714,845.9593759250048
2026-03-31 01:02:10,76265.36093697563,75483.51550231714,845.9621959250047
2026-03-31 01:02:26,76266.08367799364,75483.51550231714,847.449495925005
2026-03-31 01:02:41,76266.84698764361,75483.51550231714,847.449495925005
2026-03-31 01:02:56,76266.84698764361,75483.51550231714,847.449495925005
2026-03-31 01:03:11,76266.84698764361,75483.51550231714,847.449495925005
2026-03-31 01:03:27,76267.6102972936,75483.51550231714,847.449495925005
2026-03-31 01:03:42,76266.84698764361,75483.51550231714,847.449495925005
2026-03-31 01:03:57,76266.08367799364,75483.51550231714,847.449495925005
2026-03-31 01:04:13,76267.6102972936,75483.51550231714,847.449495925005
2026-03-31 01:04:28,76265.32318591845,75483.51550231714,847.452315925005
2026-03-31 01:04:43,76268.37642463118,75483.51550231714,847.452315925005
2026-03-31 01:04:58,76268.37642463118,75483.51550231714,847.452315925005
2026-03-31 01:05:14,76268.37360694358,75483.51550231714,847.449495925005
2026-03-31 01:05:29,76268.37360694358,75483.51550231714,847.449495925005
2026-03-31 01:05:44,76268.37360694358,75483.51550231714,847.449495925005
2026-03-31 01:06:00,76267.6102972936,75483.51550231714,847.449495925005
2026-03-31 01:06:15,76269.13691659356,75483.51550231714,847.449495925005
2026-03-31 01:06:30,76268.37360694358,75483.51550231714,847.449495925005
2026-03-31 01:06:46,76268.37360694358,75483.51550231714,847.449495925005
2026-03-31 01:07:01,76267.6102972936,75483.51550231714,847.449495925005
2026-03-31 01:07:16,76270.66353589353,75483.51550231714,847.449495925005
2026-03-31 01:07:31,76268.33303831161,75483.51550231714,848.9367959250048
2026-03-31 01:07:47,76275.92580414748,75483.51550231714,850.4240959250047
2026-03-31 01:08:02,76272.83184818557,75483.51550231714,851.9113959250049
2026-03-31 01:08:17,76273.59520245455,75483.51550231714,851.9113959250049
2026-03-31 01:08:33,76272.83184818557,75483.51550231714,851.9113959250049
2026-03-31 01:08:48,76273.59520245455,75483.51550231714,851.9113959250049
2026-03-31 01:09:03,76273.59520245455,75483.51550231714,851.9113959250049
2026-03-31 01:09:18,76273.59520245455,75483.51550231714,851.9113959250049
2026-03-31 01:09:34,76272.83184818557,75483.51550231714,851.9113959250049
2026-03-31 01:09:49,76273.59520245455,75483.51550231714,851.9113959250049
2026-03-31 01:10:04,76272.84030124839,75483.51550231714,851.919855925005
2026-03-31 01:10:20,76276.61648934214,75483.51550231714,853.4071559250048
2026-03-31 01:10:35,76278.91786844908,75483.51550231714,853.4184359250047
2026-03-31 01:10:50,76275.10102175217,75483.51550231714,853.4184359250047
2026-03-31 01:11:05,76277.39112977032,75483.51550231714,853.4184359250047
2026-03-31 01:11:21,76275.86439109156,75483.51550231714,853.4184359250047
2026-03-31 01:11:36,76275.86157334755,75483.51550231714,853.4156159250048
2026-03-31 01:11:51,76275.09820403636,75483.51550231714,853.4156159250048
2026-03-31 01:12:07,76275.09820403636,75483.51550231714,853.4156159250048
2026-03-31 01:12:22,76275.09820403636,75483.51550231714,853.4156159250048
2026-03-31 01:12:37,76274.33483472517,75483.51550231714,853.4156159250048
2026-03-31 01:12:53,76273.61210874937,75483.51550231714,851.928315925005
2026-03-31 01:13:08,76272.84875431118,75483.51550231714,851.928315925005
2026-03-31 01:13:23,76275.09820403636,75483.51550231714,853.4156159250048
2026-03-31 01:13:38,76273.61210874937,75483.51550231714,851.928315925005
2026-03-31 01:13:54,76273.60929103356,75483.51550231714,851.925495925005
2026-03-31 01:14:09,76272.0825822136,75483.51550231714,851.925495925005
2026-03-31 01:14:24,76272.84593662358,75483.51550231714,851.925495925005
2026-03-31 01:14:40,76271.31922780361,75483.51550231714,851.925495925005
2026-03-31 01:14:55,76272.84875431118,75483.51550231714,851.928315925005
2026-03-31 01:15:10,76272.84875431118,75483.51550231714,851.928315925005
2026-03-31 01:15:25,76273.571465414,75483.51550231714,853.4156159250048
2026-03-31 01:15:41,76273.571465414,75483.51550231714,853.4156159250048
2026-03-31 01:15:56,76272.085399873,75483.51550231714,851.928315925005
2026-03-31 01:16:11,76272.84875431118,75483.51550231714,851.928315925005
2026-03-31 01:16:27,76273.61210874937,75483.51550231714,851.928315925005
2026-03-31 01:16:42,76272.84593662358,75483.51550231714,851.925495925005
2026-03-31 01:16:57,76272.84875431118,75483.51550231714,851.928315925005
2026-03-31 01:17:13,76272.0825822136,75483.51550231714,851.925495925005
2026-03-31 01:17:28,76272.84593662358,75483.51550231714,851.925495925005
2026-03-31 01:17:43,76273.60929103356,75483.51550231714,851.925495925005
2026-03-31 01:17:58,76272.0797645542,75483.51550231714,851.9226759250049
2026-03-31 01:18:14,76274.36982769954,75483.51550231714,851.9226759250049
2026-03-31 01:18:29,76272.0797645542,75483.51550231714,851.9226759250049
2026-03-31 01:18:44,76272.0797645542,75483.51550231714,851.9226759250049
2026-03-31 01:19:00,76273.60647331776,75483.51550231714,851.9226759250049
2026-03-31 01:19:15,76272.84311893598,75483.51550231714,851.9226759250049
2026-03-31 01:19:30,76272.84311893598,75483.51550231714,851.9226759250049
2026-03-31 01:19:46,76270.54742058463,75483.51550231714,851.9170359250049
2026-03-31 01:20:01,76272.84030124839,75483.51550231714,851.919855925005
2026-03-31 01:20:16,76273.60365560197,75483.51550231714,851.919855925005
2026-03-31 01:20:31,76275.13036430914,75483.51550231714,851.919855925005
2026-03-31 01:20:47,76275.13318208134,75483.51550231714,851.9226759250049
2026-03-31 01:21:02,76274.36982769954,75483.51550231714,851.9226759250049
2026-03-31 01:21:17,76277.3826763691,75483.51550231714,853.4099759250048
2026-03-31 01:21:33,76275.13318208134,75483.51550231714,851.9226759250049
2026-03-31 01:21:48,76275.13318208134,75483.51550231714,851.9226759250049
2026-03-31 01:22:03,76275.13318208134,75483.51550231714,851.9226759250049
2026-03-31 01:22:18,76275.89653646311,75483.51550231714,851.9226759250049
2026-03-31 01:22:34,76274.36982769954,75483.51550231714,851.9226759250049
2026-03-31 01:22:49,76274.36982769954,75483.51550231714,851.9226759250049
2026-03-31 01:23:04,76275.8993542635,75483.51550231714,851.925495925005
2026-03-31 01:23:20,76275.8993542635,75483.51550231714,851.925495925005
2026-03-31 01:23:35,76273.60647331776,75483.51550231714,851.9226759250049
2026-03-31 01:23:50,76275.89653646311,75483.51550231714,851.9226759250049
2026-03-31 01:24:06,76275.13318208134,75483.51550231714,851.9226759250049
2026-03-31 01:24:21,76277.42606308348,75483.51550231714,851.925495925005
2026-03-31 01:24:36,76276.67116215928,75483.51550231714,851.933955925005
2026-03-31 01:24:51,76275.9078076647,75483.51550231714,851.933955925005
2026-03-31 01:25:07,76275.9078076647,75483.51550231714,851.933955925005
2026-03-31 01:25:22,76275.9078076647,75483.51550231714,851.933955925005
2026-03-31 01:25:37,76275.14445317013,75483.51550231714,851.933955925005
2026-03-31 01:25:53,76278.19787114846,75483.51550231714,851.933955925005
2026-03-31 01:26:08,76278.19787114846,75483.51550231714,851.933955925005
2026-03-31 01:26:23,76278.19787114846,75483.51550231714,851.933955925005
2026-03-31 01:26:39,76275.14445317013,75483.51550231714,851.933955925005
2026-03-31 01:26:54,76275.14445317013,75483.51550231714,851.933955925005
2026-03-31 01:27:09,76275.13599985353,75483.51550231714,851.925495925005
2026-03-31 01:27:24,76275.13599985353,75483.51550231714,851.925495925005
2026-03-31 01:27:40,76275.8993542635,75483.51550231714,851.925495925005
2026-03-31 01:27:55,76278.91223273549,75483.51550231714,853.4127959250048
2026-03-31 01:28:10,76279.63220040289,75483.51550231714,854.897275925005
2026-03-31 01:28:26,76278.82534043555,75483.51550231714,856.3817559250049
2026-03-31 01:28:41,76278.82534043555,75483.51550231714,856.3817559250049
2026-03-31 01:28:56,76281.11835518188,75483.51550231714,856.3845759250048
2026-03-31 01:29:12,76281.11835518188,75483.51550231714,856.3845759250048
2026-03-31 01:29:27,76278.06475917876,75483.51550231714,856.3845759250048
2026-03-31 01:29:42,76278.82815817955,75483.51550231714,856.3845759250048
2026-03-31 01:29:57,76280.35495618111,75483.51550231714,856.3845759250048
2026-03-31 01:30:13,76280.39276667387,75483.51550231714,854.894455925005
2026-03-31 01:30:28,76278.10824991953,75483.51550231714,854.9000959250051
2026-03-31 01:30:43,76276.58148160756,75483.51550231714,854.9000959250051
2026-03-31 01:30:59,76276.58148160756,75483.51550231714,854.9000959250051
2026-03-31 01:31:14,76277.30699555318,75483.51550231714,856.3902159250049
2026-03-31 01:31:29,76276.5464141554,75483.51550231714,856.3930359250048
2026-03-31 01:31:45,76276.5464141554,75483.51550231714,856.3930359250048
2026-03-31 01:32:00,76276.5464141554,75483.51550231714,856.3930359250048
2026-03-31 01:32:15,76277.30981324078,75483.51550231714,856.3930359250048
2026-03-31 01:32:30,76278.07321232616,75483.51550231714,856.3930359250048
2026-03-31 01:32:46,76275.78583270122,75483.51550231714,856.3958559250049
2026-03-31 01:33:01,76276.5492318148,75483.51550231714,856.3958559250049
2026-03-31 01:33:16,76275.78583270122,75483.51550231714,856.3958559250049
2026-03-31 01:33:32,76276.5492318148,75483.51550231714,856.3958559250049
2026-03-31 01:33:47,76275.02525119063,75483.51550231714,856.3986759250048
2026-03-31 01:34:02,76276.5492318148,75483.51550231714,856.3958559250049
2026-03-31 01:34:17,76276.5492318148,75483.51550231714,856.3958559250049
2026-03-31 01:34:33,76276.5492318148,75483.51550231714,856.3958559250049
2026-03-31 01:34:48,76277.31263092838,75483.51550231714,856.3958559250049
2026-03-31 01:35:03,76275.78865033241,75483.51550231714,856.3986759250048
2026-03-31 01:35:19,76278.80152902998,75483.51550231714,857.8859759250047
2026-03-31 01:35:34,76279.5241805562,75483.51550231714,859.3732759250049
2026-03-31 01:35:49,76277.99732278063,75483.51550231714,859.3732759250049
2026-03-31 01:36:05,76280.28760944397,75483.51550231714,859.3732759250049
2026-03-31 01:36:20,76278.76075166842,75483.51550231714,859.3732759250049
2026-03-31 01:36:35,76278.76075166842,75483.51550231714,859.3732759250049
2026-03-31 01:36:50,76278.76075166842,75483.51550231714,859.3732759250049
2026-03-31 01:37:06,76277.99732278063,75483.51550231714,859.3732759250049
2026-03-31 01:37:21,76277.99732278063,75483.51550231714,859.3732759250049
2026-03-31 01:37:36,76279.5241805562,75483.51550231714,859.3732759250049
2026-03-31 01:37:52,76278.80152902998,75483.51550231714,857.8859759250047
2026-03-31 01:38:07,76278.03811501521,75483.51550231714,857.8859759250047
2026-03-31 01:38:22,76276.51128698564,75483.51550231714,857.8859759250047
2026-03-31 01:38:38,76275.74787297085,75483.51550231714,857.8859759250047
2026-03-31 01:38:53,76278.76075166842,75483.51550231714,859.3732759250049
2026-03-31 01:39:08,76278.76075166842,75483.51550231714,859.3732759250049
2026-03-31 01:39:23,76279.5241805562,75483.51550231714,859.3732759250049
2026-03-31 01:39:39,76278.76075166842,75483.51550231714,859.3732759250049
2026-03-31 01:39:54,76278.76075166842,75483.51550231714,859.3732759250049
2026-03-31 01:40:09,76277.99450517763,75483.51550231714,859.370455925005
2026-03-31 01:40:25,76277.99450517763,75483.51550231714,859.370455925005
2026-03-31 01:40:40,76277.99450517763,75483.51550231714,859.370455925005
2026-03-31 01:40:55,76277.99450517763,75483.51550231714,859.370455925005
2026-03-31 01:41:11,76278.75793403722,75483.51550231714,859.370455925005
2026-03-31 01:41:26,76278.75511640601,75483.51550231714,859.367635925005
2026-03-31 01:41:41,76278.75511640601,75483.51550231714,859.367635925005
2026-03-31 01:41:57,76278.75511640601,75483.51550231714,859.367635925005
2026-03-31 01:42:12,76277.99168757463,75483.51550231714,859.367635925005
2026-03-31 01:42:27,76278.75511640601,75483.51550231714,859.367635925005
2026-03-31 01:42:42,76278.75511640601,75483.51550231714,859.367635925005
2026-03-31 01:42:58,76280.28197406877,75483.51550231714,859.367635925005
2026-03-31 01:43:13,76281.04540290016,75483.51550231714,859.367635925005
2026-03-31 01:43:28,76279.5185452374,75483.51550231714,859.367635925005
2026-03-31 01:43:44,76279.5185452374,75483.51550231714,859.367635925005
2026-03-31 01:43:59,76279.515727578,75483.51550231714,859.3648159250049
2026-03-31 01:44:14,76278.79589365478,75483.51550231714,857.8803359250047
2026-03-31 01:44:29,76278.0324796964,75483.51550231714,857.8803359250047
2026-03-31 01:44:45,76278.0324796964,75483.51550231714,857.8803359250047
2026-03-31 01:45:00,76278.0324796964,75483.51550231714,857.8803359250047
2026-03-31 01:45:15,76278.0268443776,75483.51550231714,857.8746959250047
2026-03-31 01:45:31,76276.50001657363,75483.51550231714,857.8746959250047
2026-03-31 01:45:46,76277.26343047562,75483.51550231714,857.8746959250047
2026-03-31 01:46:01,76278.79307596717,75483.51550231714,857.8775159250047
2026-03-31 01:46:17,76278.79307596717,75483.51550231714,857.8775159250047
2026-03-31 01:46:32,76276.50283417663,75483.51550231714,857.8775159250047
2026-03-31 01:46:47,76278.74948114362,75483.51550231714,859.361995925005
2026-03-31 01:47:02,76278.75229877482,75483.51550231714,859.3648159250049
2026-03-31 01:47:18,76277.98605236864,75483.51550231714,859.361995925005
2026-03-31 01:47:33,76277.22262359365,75483.51550231714,859.361995925005
2026-03-31 01:47:48,76277.98605236864,75483.51550231714,859.361995925005
2026-03-31 01:48:04,76278.75229877482,75483.51550231714,859.3648159250049
2026-03-31 01:48:19,76281.001793119,75483.51550231714,860.8521159250048
2026-03-31 01:48:34,76281.001793119,75483.51550231714,860.8521159250048
2026-03-31 01:48:50,76280.24116707403,75483.51550231714,860.8549359250047
2026-03-31 01:49:05,76280.20311816206,75483.51550231714,862.345055925005
2026-03-31 01:49:20,76280.20311816206,75483.51550231714,862.345055925005
2026-03-31 01:49:35,76280.20593573686,75483.51550231714,862.347875925005
2026-03-31 01:49:51,76278.71991481486,75483.51550231714,860.8605759250047
2026-03-31 01:50:06,76278.71991481486,75483.51550231714,860.8605759250047
2026-03-31 01:50:21,76281.77368985799,75483.51550231714,860.8605759250047
2026-03-31 01:50:37,76279.48335857564,75483.51550231714,860.8605759250047
2026-03-31 01:50:52,76281.73285300442,75483.51550231714,862.347875925005
2026-03-31 01:51:07,76282.4963116382,75483.51550231714,862.347875925005
2026-03-31 01:51:23,76281.73285300442,75483.51550231714,862.347875925005
2026-03-31 01:51:38,76280.24961996762,75483.51550231714,860.8633959250049
2026-03-31 01:51:53,76280.24680233642,75483.51550231714,860.8605759250047
2026-03-31 01:52:08,76282.53713361877,75483.51550231714,860.8605759250047
2026-03-31 01:52:24,76284.02322890576,75483.51550231714,862.347875925005
2026-03-31 01:52:39,76281.73285300442,75483.51550231714,862.347875925005
2026-03-31 01:52:54,76281.0102460972,75483.51550231714,860.8605759250047
2026-03-31 01:53:10,76280.24961996762,75483.51550231714,860.8633959250049
2026-03-31 01:53:25,76280.24961996762,75483.51550231714,860.8633959250049
2026-03-31 01:53:40,76282.53995133456,75483.51550231714,860.8633959250049
2026-03-31 01:53:56,76281.0130637566,75483.51550231714,860.8633959250049
2026-03-31 01:54:11,76283.26258795957,75483.51550231714,862.3506959250051
2026-03-31 01:54:26,76283.25131720919,75483.51550231714,862.339415925005
2026-03-31 01:54:41,76281.0046107784,75483.51550231714,860.8549359250047
2026-03-31 01:54:57,76279.5185452374,75483.51550231714,859.367635925005
2026-03-31 01:55:12,76281.0046107784,75483.51550231714,860.8549359250047
2026-03-31 01:55:27,76281.76805448277,75483.51550231714,860.8549359250047
2026-03-31 01:55:43,76281.76241910757,75483.51550231714,860.8492959250048
2026-03-31 01:55:58,76280.9989754596,75483.51550231714,860.8492959250048
2026-03-31 01:56:13,76280.27633869358,75483.51550231714,859.361995925005
2026-03-31 01:56:29,76278.74948114362,75483.51550231714,859.361995925005
2026-03-31 01:56:44,76278.74948114362,75483.51550231714,859.361995925005
2026-03-31 01:56:59,76280.27633869358,75483.51550231714,859.361995925005
2026-03-31 01:57:15,76278.75511640601,75483.51550231714,859.367635925005
2026-03-31 01:57:30,76280.24116707403,75483.51550231714,860.8549359250047
2026-03-31 01:57:45,76278.71427966526,75483.51550231714,860.8549359250047
2026-03-31 01:58:01,76282.53149818716,75483.51550231714,860.8549359250047
2026-03-31 01:58:16,76279.47772336964,75483.51550231714,860.8549359250047
2026-03-31 01:58:31,76282.53149818716,75483.51550231714,860.8549359250047
2026-03-31 01:58:46,76278.71427966526,75483.51550231714,860.8549359250047
2026-03-31 01:59:02,76280.96375916463,75483.51550231714,862.342235925005
2026-03-31 01:59:17,76279.48054097263,75483.51550231714,860.8577559250048
2026-03-31 01:59:32,76280.24398470522,75483.51550231714,860.8577559250048
2026-03-31 01:59:48,76282.53431590296,75483.51550231714,860.8577559250048
2026-03-31 02:00:03,76280.24398470522,75483.51550231714,860.8577559250048
2026-03-31 02:00:18,76281.00742843779,75483.51550231714,860.8577559250048
2026-03-31 02:00:34,76280.24398470522,75483.51550231714,860.8577559250048
2026-03-31 02:00:49,76281.00742843779,75483.51550231714,860.8577559250048
2026-03-31 02:01:04,76284.42896190597,75059.16755801713,1288.6300759250203
2026-03-31 02:01:20,76284.42896190597,75059.16755801713,1288.6300759250203
2026-03-31 02:01:35,76284.43177956536,75059.16755801713,1288.6328959250202
2026-03-31 02:01:50,76284.3498796452,74533.76793451713,1817.0071194250208
2026-03-31 02:02:05,76285.87689514628,74533.95159251713,1816.8234614250207
2026-03-31 02:02:21,76297.16600902406,74534.41073751713,1822.3135164250211
2026-03-31 02:02:36,76291.06874138296,74534.91579701712,1821.8197369250208
2026-03-31 02:02:51,76295.650145515,74535.14536951712,1821.590164425021
2026-03-31 02:03:07,76295.56797742964,74535.51268551713,1824.1974484250206
2026-03-31 02:03:22,76297.01282507097,74535.69634351712,1826.9883904250203
2026-03-31 02:03:37,76296.25201577021,74535.51268551713,1827.1748684250203
2026-03-31 02:03:53,76298.46037124668,74535.60451451712,1830.0576394250209
2026-03-31 02:04:08,76300.75134111129,74535.51268551713,1830.1494684250208
2026-03-31 02:04:23,76299.98768448975,74535.55860001713,1830.103553925021
2026-03-31 02:04:39,76300.74852350829,74535.32902751713,1830.3303064250208
2026-03-31 02:04:54,76300.74852350829,74535.32902751713,1830.3303064250208
2026-03-31 02:05:09,76299.2212103216,74535.42085651713,1830.2384774250206
2026-03-31 02:05:24,76301.51218010164,74535.69634351712,1829.9629904250207
2026-03-31 02:05:40,76302.1932224196,74535.69634351712,1832.9375904250203
2026-03-31 02:05:55,76304.49273433124,74535.97183051713,1832.6705634250204
2026-03-31 02:06:10,76307.46483566724,74535.83408701714,1835.7829069250208
2026-03-31 02:06:26,76304.41278850588,74536.01774501713,1835.6020689250208
2026-03-31 02:06:41,76305.94022090216,74535.92591601714,1835.6938979250208
2026-03-31 02:06:56,76306.69830189428,74535.92591601714,1835.6882579250207
2026-03-31 02:07:12,76305.93458575256,74535.74225801713,1835.871915925021
2026-03-31 02:07:27,76302.8797211856,74535.23719851712,1836.376975425021
2026-03-31 02:07:42,76306.69830189428,74535.09945501712,1836.5147189250208
2026-03-31 02:07:58,76307.37631830269,74535.14536951712,1839.4405844250207
2026-03-31 02:08:13,76306.6954842913,74535.74225801713,1835.8690959250212
2026-03-31 02:08:28,76308.22291651838,74535.60451451712,1836.006839425021
2026-03-31 02:08:43,76310.43130174084,74535.83408701714,1838.7518669250205
2026-03-31 02:08:59,76310.34830065467,74536.01774501713,1841.5428089250202
2026-03-31 02:09:14,76311.87585186576,74535.97183051713,1841.5887234250204
2026-03-31 02:09:29,76309.6675558813,74535.97183051713,1838.6141234250208
2026-03-31 02:09:45,76311.10644116702,74535.97183051713,1841.5830834250205
2026-03-31 02:10:00,76311.87021671617,74535.97183051713,1841.5830834250205
2026-03-31 02:10:15,76311.10644116702,74535.74225801713,1841.8126559250204
2026-03-31 02:10:31,76311.10644116702,74535.92591601714,1841.6289979250203
2026-03-31 02:10:46,76311.10644116702,74535.60451451712,1841.9503994250204
2026-03-31 02:11:01,76312.6452626773,74535.42085651713,1842.1453374250202
2026-03-31 02:11:17,76311.1177113534,74535.42085651713,1842.1453374250202
2026-03-31 02:11:32,76314.17281400117,74535.37494201714,1842.1912519250202
2026-03-31 02:11:47,76311.87866944056,74535.37494201714,1842.1884319250205
2026-03-31 02:12:02,76311.1148938068,74535.37494201714,1842.1884319250205
2026-03-31 02:12:18,76311.87866944056,74535.37494201714,1842.1884319250205
2026-03-31 02:12:33,76314.17281400117,74535.37494201714,1842.1912519250202
2026-03-31 02:12:48,76313.41185597044,74535.37494201714,1842.1940719250204
2026-03-31 02:13:04,76311.88430459016,74535.37494201714,1842.1940719250204
2026-03-31 02:13:19,76312.6452626773,74535.37494201714,1842.1912519250202
2026-03-31 02:13:34,76312.6452626773,74535.37494201714,1842.1912519250202
2026-03-31 02:13:50,76313.40903833923,74535.37494201714,1842.1912519250202
2026-03-31 02:14:05,76312.6452626773,74535.37494201714,1842.1912519250202
2026-03-31 02:14:20,76311.87866944056,74535.37494201714,1842.1884319250205
2026-03-31 02:14:36,76306.69830189428,74535.37494201714,1836.239231925021
2026-03-31 02:14:51,76306.69830189428,74535.37494201714,1836.239231925021
2026-03-31 02:15:06,76308.22573417777,74535.37494201714,1836.239231925021
2026-03-31 02:15:22,76307.46201803604,74535.37494201714,1836.239231925021
2026-03-31 02:15:37,76306.69830189428,74535.37494201714,1836.239231925021
2026-03-31 02:15:52,76307.46201803604,74535.37494201714,1836.239231925021
2026-03-31 02:16:07,76305.17086961081,74535.37494201714,1836.239231925021
2026-03-31 02:16:23,76306.69830189428,74535.37494201714,1836.239231925021
2026-03-31 02:16:38,76306.6954842913,74535.37494201714,1836.236411925021
2026-03-31 02:16:53,76307.45920040485,74535.37494201714,1836.236411925021
2026-03-31 02:17:09,76303.72341270129,74535.37494201714,1833.2618119250205
2026-03-31 02:17:24,76304.48709906884,74535.37494201714,1833.2618119250205
2026-03-31 02:17:39,76304.48709906884,74535.37494201714,1833.2618119250205
2026-03-31 02:17:55,76303.72341270129,74535.37494201714,1833.2618119250205
2026-03-31 02:18:10,76304.48709906884,74535.37494201714,1833.2618119250205
2026-03-31 02:18:25,76300.75134111129,74535.37494201714,1830.287211925021
2026-03-31 02:18:41,76298.54289639684,74535.37494201714,1827.3126119250203
2026-03-31 02:18:56,76295.57079506083,74535.37494201714,1824.3380119250205
2026-03-31 02:19:11,76294.80438032829,74535.37494201714,1824.3351919250208
2026-03-31 02:19:26,76295.56797742964,74535.37494201714,1824.3351919250208
2026-03-31 02:19:42,76300.06733246031,74535.37494201714,1827.3097919250204
2026-03-31 02:19:57,76298.54007876564,74535.37494201714,1827.3097919250204
2026-03-31 02:20:12,76297.7792695213,74535.37494201714,1827.3126119250203
2026-03-31 02:20:28,76297.01564264575,74535.37494201714,1827.3126119250203
2026-03-31 02:20:43,76298.54289639684,74535.37494201714,1827.3126119250203
2026-03-31 02:20:58,76296.25201577021,74535.37494201714,1827.3126119250203
2026-03-31 02:21:14,76297.78208712429,74535.37494201714,1827.3154319250202
2026-03-31 02:21:29,76298.54571402803,74535.37494201714,1827.3154319250202
2026-03-31 02:21:44,76298.54571402803,74535.37494201714,1827.3154319250202
2026-03-31 02:22:00,76297.78208712429,74535.37494201714,1827.3154319250202
2026-03-31 02:22:15,76298.54571402803,74535.37494201714,1827.3154319250202
2026-03-31 02:22:30,76297.78208712429,74535.37494201714,1827.3154319250202
2026-03-31 02:22:46,76297.01846022056,74535.37494201714,1827.3154319250202
2026-03-31 02:23:01,76297.01846022056,74535.37494201714,1827.3154319250202
2026-03-31 02:23:16,76297.64152024774,74535.50259753714,1827.8113727250202
2026-03-31 02:23:31,76298.06692112943,74535.50259753714,1827.4728527250202
2026-03-31 02:23:47,76298.02965283443,74535.50259753714,1827.43555272502
2026-03-31 02:24:02,76301.80265221994,74535.50259753714,1830.4474527250204
2026-03-31 02:24:17,76302.02626422794,74535.50259753714,1830.6712527250204
2026-03-31 02:24:33,76300.31260114093,74535.50259753714,1830.4847527250206
2026-03-31 02:24:48,76298.03247043744,74535.50259753714,1827.43837272502
2026-03-31 02:25:03,76298.03247043744,74535.50259753714,1827.43837272502
2026-03-31 02:25:19,76298.03247043744,74535.50259753714,1827.43837272502
2026-03-31 02:25:34,76301.58185784314,74535.50259753714,1830.2264727250206
2026-03-31 02:25:49,76300.77811465444,74535.50259753714,1830.1863527250207
2026-03-31 02:26:05,76301.82726212044,74535.50259753714,1831.2363927250206
2026-03-31 02:26:20,76300.08899360894,74535.50259753714,1830.2609527250206
2026-03-31 02:26:35,76299.32533597342,74535.50259753714,1830.2609527250206
2026-03-31 02:26:50,76297.65696988444,74535.50259753714,1827.0625527250202
2026-03-31 02:27:06,76297.04241592094,74535.50259753714,1827.21175272502
2026-03-31 02:27:21,76301.54740680633,74535.50259753714,1830.1919927250206
2026-03-31 02:27:36,76297.04805107054,74535.50259753714,1827.21739272502
2026-03-31 02:27:52,76299.98282499253,74535.50259753714,1830.1546927250206
2026-03-31 02:28:07,76302.01078599243,74535.50259753714,1831.4200727250204
2026-03-31 02:28:22,76300.85546884744,74535.50259753714,1830.2637727250205
2026-03-31 02:28:38,76300.78093225743,74535.50259753714,1830.1891727250204
2026-03-31 02:28:53,76298.50076813434,74535.50259753714,1827.1427927250202
2026-03-31 02:29:08,76300.78007095816,74535.50272058514,1830.1881876450207
2026-03-31 02:29:24,76301.54067043765,74535.50272058514,1830.1851276450207
2026-03-31 02:29:39,76299.97217009962,74535.50284363313,1830.1437825650207
2026-03-31 02:29:54,76300.73582656587,74535.50284363313,1830.1437825650207
2026-03-31 02:30:10,76302.31609650014,74535.50284363313,1830.9610825650207
2026-03-31 02:30:25,76302.53970850813,74535.50284363313,1831.1848825650206
2026-03-31 02:30:40,76299.74688451199,74012.64716413313,2352.7739825650206
2026-03-31 02:30:55,76302.22739157492,74012.64716413313,2353.727982565021
2026-03-31 02:31:11,76302.66672222693,74012.64716413313,2354.167682565021
2026-03-31 02:31:26,76301.86578578345,74012.64716413313,2354.1303825650207
2026-03-31 02:31:41,76310.82319775608,73590.76799638313,2784.974582565061
2026-03-31 02:31:57,76306.3650903711,73590.76799638313,2780.5126825650614
2026-03-31 02:32:12,76306.3650903711,73590.76799638313,2780.5126825650614
2026-03-31 02:32:27,76310.34660320608,73590.76799638313,2784.497582565061
2026-03-31 02:32:43,76305.7394226411,73590.76799638313,2779.8864825650617
2026-03-31 02:32:58,76306.15563029237,73590.76846294015,2779.538224970061
2026-03-31 02:33:13,76303.38793608172,73590.76846294015,2779.061224970061
2026-03-31 02:33:29,76303.3102585846,73590.76846294015,2778.2191249700613
2026-03-31 02:33:44,76302.3570790246,73590.76846294015,2777.265124970061
2026-03-31 02:33:59,76303.26983254048,73590.76846294015,2777.414324970061
2026-03-31 02:34:15,76301.70940767303,73590.76846294015,2777.381234970061
2026-03-31 02:34:30,76301.56033747703,73590.76846294015,2777.2320349700612
2026-03-31 02:34:45,76302.800607262,73590.76846294015,2777.709034970061
2026-03-31 02:35:01,76301.31050488804,73590.76846294015,2777.7463349700615
2026-03-31 02:35:16,76303.98024182308,73590.95258806014,2778.7055597700614
2026-03-31 02:35:31,76300.90551151612,73590.95258806014,2777.156859770061
2026-03-31 02:35:46,76303.10553223455,73590.95258806014,2777.0657597700615
2026-03-31 02:36:02,76301.57817186759,73590.95258806014,2777.0657597700615
2026-03-31 02:36:17,76302.6961084159,73590.95258806014,2778.184669770061
2026-03-31 02:36:32,76302.81423545167,73590.95258806014,2777.5385497700613
2026-03-31 02:36:48,76302.90525710568,73590.95258806014,2777.629649770061
2026-03-31 02:37:03,76303.57792036305,73590.95258806014,2777.5385497700613
2026-03-31 02:37:18,76304.24216887123,73590.95258806014,2777.439029770061
2026-03-31 02:37:34,76304.53531588454,73590.95258806014,2778.496759770061
2026-03-31 02:37:49,76303.48451190759,73590.95258806014,2778.9737597700614
2026-03-31 02:38:04,76306.25068755906,73590.95258806014,2780.9779597700613
2026-03-31 02:38:20,76305.28497812955,73590.95258806014,2779.2470597700612
2026-03-31 02:38:35,76308.70627393706,73590.95258806014,2783.4356597700607
2026-03-31 02:38:50,76307.9467363919,73590.95258806014,2783.439869770061
2026-03-31 02:39:06,76310.23796816563,73590.95258806014,2783.439869770061
2026-03-31 02:39:21,76308.71048031648,73590.95258806014,2783.439869770061
2026-03-31 02:39:36,76308.71048031648,73590.95258806014,2783.439869770061
2026-03-31 02:39:52,76311.10001114654,73590.95258806014,2785.067039770061
2026-03-31 02:40:07,76316.91102808283,73590.95258806014,2790.11853977006
2026-03-31 02:40:22,76317.75172130683,73590.95258806014,2790.9599397700604
2026-03-31 02:40:38,76316.22408305628,73590.95258806014,2790.9599397700604
2026-03-31 02:40:53,76316.99210860305,73590.95258806014,2790.9641497700604
2026-03-31 02:41:08,76318.51554043211,73590.95258806014,2790.9599397700604
2026-03-31 02:41:24,76317.46449673155,73590.95258806014,2791.4369397700602
2026-03-31 02:41:39,76318.41036757884,73590.95258806014,2791.61913977006
2026-03-31 02:41:54,76316.33237984087,73590.95258806014,2791.06832977006
2026-03-31 02:42:09,76317.64654186154,73590.95258806014,2791.61913977006
2026-03-31 02:42:25,76317.64654186154,73590.95258806014,2791.61913977006
2026-03-31 02:42:40,76318.41036757884,73590.95258806014,2791.61913977006
2026-03-31 02:42:55,76318.40616111523,73590.95258806014,2791.61492977006
2026-03-31 02:43:11,76315.35085841452,73590.95258806014,2791.61492977006
2026-03-31 02:43:26,76310.68936414251,73590.95258806014,2786.949329770061
2026-03-31 02:43:41,76312.21692218086,73590.95258806014,2786.949329770061
2026-03-31 02:43:57,76314.0900888689,73590.95258806014,2790.3530497700604
2026-03-31 02:44:12,76316.39615899329,73590.95258806014,2791.8966497700603
2026-03-31 02:44:27,76314.48561261599,73590.95258806014,2789.9844397700604
2026-03-31 02:44:43,76314.48561261599,73590.95258806014,2789.9844397700604
2026-03-31 02:44:58,76314.77283220628,73590.95258806014,2789.50743977006
2026-03-31 02:45:13,76315.72180538687,73590.95258806014,2790.4572297700606
2026-03-31 02:45:29,76318.31621600881,73590.95258806014,2790.7604497700604
2026-03-31 02:45:44,76315.7375324973,73590.95258806014,2791.2374497700603
2026-03-31 02:45:59,76316.50135439768,73590.95258806014,2791.2374497700603
2026-03-31 02:46:15,76315.37765586258,73590.95258806014,2790.8772597700604
2026-03-31 02:46:30,76316.50556077708,73590.95258806014,2791.2416597700603
2026-03-31 02:46:45,76317.18256657604,73590.95258806014,2791.1547697700603
2026-03-31 02:47:00,76317.18256657604,73590.95258806014,2791.1547697700603
2026-03-31 02:47:16,76316.45438605605,73590.95258806014,2790.4259697700604
2026-03-31 02:47:31,76318.74582741279,73590.95258806014,2790.4259697700604
2026-03-31 02:47:46,76314.64373123451,73590.95258806014,2790.9071797700603
2026-03-31 02:48:02,76323.6921802519,73590.95258806014,2796.140879770061
2026-03-31 02:48:17,76323.40490863723,73590.95258806014,2796.617879770061
2026-03-31 02:48:32,76323.7617224839,73590.95258806014,2796.2104797700613
2026-03-31 02:48:48,76323.68488406258,73590.95258806014,2795.369079770061
2026-03-31 02:49:03,76322.89953869091,73590.95258806014,2795.347579770061
2026-03-31 02:49:18,76322.89953869091,73590.95258806014,2795.347579770061
2026-03-31 02:49:34,76318.71614435452,73590.95258806014,2794.9831797700613
2026-03-31 02:49:49,76321.01192884905,73590.95258806014,2794.987389770061
2026-03-31 02:50:04,76321.08874584528,73590.95258806014,2795.8287897700607
2026-03-31 02:50:20,76320.32487803149,73590.95258806014,2795.8287897700607
2026-03-31 02:50:35,76320.8014630415,73590.95258806014,2796.305789770061
2026-03-31 02:50:50,76321.65635727927,73590.95258806014,2796.396889770061
2026-03-31 02:51:06,76320.89248378448,73590.95258806014,2796.396889770061
2026-03-31 02:51:21,76321.65635727927,73590.95258806014,2796.396889770061
2026-03-31 02:51:36,76315.95367429018,73590.95258806014,2791.45377977006
2026-03-31 02:51:52,76317.48132241755,73590.95258806014,2791.45377977006
2026-03-31 02:52:07,76318.24514648123,73590.95258806014,2791.45377977006
2026-03-31 02:52:22,76315.86265354718,73590.95258806014,2791.36267977006
2026-03-31 02:52:38,76318.15412300522,73590.95258806014,2791.36267977006
2026-03-31 02:52:53,76313.76693801988,73590.95258806014,2788.5006797700603
2026-03-31 02:53:08,76315.0988303945,73590.95258806014,2791.36267977006
2026-03-31 02:53:24,76312.43727251647,73590.95258806014,2787.169869770061
2026-03-31 02:53:39,76314.15844926254,73590.95258806014,2788.1280797700606
2026-03-31 02:53:54,76313.20526016255,73590.95258806014,2787.174079770061
2026-03-31 02:54:10,76311.80432731786,73590.95258806014,2786.5363797700606
2026-03-31 02:54:25,76311.71330566387,73590.95258806014,2786.445279770061
2026-03-31 02:54:40,76313.88538156754,73590.95258806014,2787.8547797700608
2026-03-31 02:54:55,76310.66341049364,73590.95258806014,2783.8656697700612
2026-03-31 02:55:11,76309.89966231104,73590.95258806014,2783.8656697700612
2026-03-31 02:55:26,76309.13591412848,73590.95258806014,2783.8656697700612
2026-03-31 02:55:41,76309.42306776105,73590.95258806014,2783.3886697700614
2026-03-31 02:55:57,76308.65932434848,73590.95258806014,2783.3886697700614
2026-03-31 02:56:12,76309.33204519605,73590.95258806014,2783.2975697700613
2026-03-31 02:56:27,76308.56830269448,73590.95258806014,2783.2975697700613
2026-03-31 02:56:43,76310.09578769763,73590.95258806014,2783.2975697700613
2026-03-31 02:56:58,76309.71021185364,73590.95258806014,2782.9116697700615
2026-03-31 02:57:13,76310.16953569723,73590.95258806014,2783.3713797700616
2026-03-31 02:57:29,76310.16953569723,73590.95258806014,2783.3713797700616
2026-03-31 02:57:44,76311.3188586399,73590.95258806014,2783.7572797700614
2026-03-31 02:57:59,76310.64613501723,73590.95258806014,2783.8483797700615
2026-03-31 02:58:15,76309.40579245755,73590.95258806014,2783.3713797700616
2026-03-31 02:58:30,76310.16953569723,73590.95258806014,2783.3713797700616
2026-03-31 02:58:45,76311.01022892124,73590.95258806014,2784.2127797700614
2026-03-31 02:59:01,76310.89772350523,73590.95258806014,2784.1001797700615
2026-03-31 02:59:16,76310.53362960124,73590.95258806014,2783.7357797700615
2026-03-31 02:59:31,76309.27920079586,73590.95258806014,2784.0090797700614
2026-03-31 02:59:46,76310.04295041253,73590.95258806014,2784.0090797700614
2026-03-31 03:00:02,76310.67590194604,73590.95258806014,2784.6425697700615
2026-03-31 03:00:17,76311.23857840899,73590.95258806014,2782.9125597700613
2026-03-31 03:00:32,76309.6126559645,73590.95258806014,2782.049659770061
2026-03-31 03:00:48,76308.77938440604,73590.95258806014,2781.9800597700614
2026-03-31 03:01:03,76308.67429475955,73590.95258806014,2782.6392597700615
2026-03-31 03:01:18,76307.50115347271,73169.45926251014,3202.1940797700845
2026-03-31 03:01:34,76301.9425266447,73169.45926251014,3196.630779770084
2026-03-31 03:01:49,76303.4633480807,73169.45926251014,3198.152879770084
2026-03-31 03:02:04,76304.13599981513,73169.45926251014,3198.061779770084
2026-03-31 03:02:20,76304.70362829213,73169.45926251014,3198.629879770084
2026-03-31 03:02:35,76305.74038507753,73169.45926251014,3198.9031797700836
2026-03-31 03:02:50,76303.17626650928,73169.45926251014,3198.629879770084
2026-03-31 03:03:06,76304.70362829213,73169.45926251014,3198.629879770084
2026-03-31 03:03:21,76305.74786085912,73169.45926251014,3199.6749797700836
2026-03-31 03:03:36,76306.69265602772,73169.45926251014,3200.6205597700837
2026-03-31 03:03:52,76308.03144391073,73169.45926251014,3201.9604597700836
2026-03-31 03:04:07,76308.90766577594,73169.45926251014,3202.073059770084
2026-03-31 03:04:22,76308.31195182951,73169.45926251014,3203.0055597700834
2026-03-31 03:04:38,76309.26515046951,73169.45926251014,3203.9595597700836
2026-03-31 03:04:53,76310.31600998595,73169.45926251014,3203.482559770084
2026-03-31 03:05:08,76302.81537684271,73169.45926251014,3196.7400597700844
2026-03-31 03:05:23,76302.13524182372,73169.45926251014,3196.0593597700845
2026-03-31 03:05:39,76302.05818695793,73169.45926251014,3195.2179597700842
2026-03-31 03:05:54,76295.14038282128,73169.45926251014,3190.587159770083
2026-03-31 03:06:09,76295.04813991394,73169.45926251014,3188.202159770083
2026-03-31 03:06:25,76294.9549911091,73169.45926251014,3189.6373697700833
2026-03-31 03:06:40,76299.56041929711,73169.45926251014,3194.2466697700843
2026-03-31 03:06:55,76298.43269197778,73169.45926251014,3193.8822697700843
2026-03-31 03:07:11,76300.33667587354,73169.45926251014,3194.2592997700845
2026-03-31 03:07:26,76299.9586145319,73169.45926251014,3194.645199770084
2026-03-31 03:07:41,76301.00928776115,73169.45926251014,3194.1681997700844
2026-03-31 03:07:57,76300.24565148652,73169.45926251014,3194.1681997700844
2026-03-31 03:08:12,76300.24565148652,73169.45926251014,3194.1681997700844
2026-03-31 03:08:27,76299.88155393853,73169.45926251014,3193.8037997700844
2026-03-31 03:08:43,76298.08122098229,73169.45926251014,3193.5304997700846
2026-03-31 03:08:58,76298.05973925728,73169.45926251014,3193.5089997700843
2026-03-31 03:09:13,76304.5855246599,73169.45926251014,3199.2759997700837
2026-03-31 03:09:29,76302.10497039466,73169.45926251014,3198.3219997700835
2026-03-31 03:09:44,76295.68429692666,73169.45926251014,3191.895799770084
2026-03-31 03:09:59,76297.21152402791,73169.45926251014,3191.895799770084
2026-03-31 03:10:15,76297.58955787553,73169.45926251014,3191.5098997700843
2026-03-31 03:10:30,76296.8259481839,73169.45926251014,3191.5098997700843
2026-03-31 03:10:45,76303.73735096853,73169.45926251014,3197.6627997700834
2026-03-31 03:11:00,76302.60958584391,73169.45926251014,3197.2983997700835
2026-03-31 03:11:16,76302.59558051228,73169.45926251014,3198.0486997700837
2026-03-31 03:11:31,76302.4060569519,73169.45926251014,3197.0946997700835
2026-03-31 03:11:46,76299.65995661804,73169.45926251014,3196.639199770084
2026-03-31 03:12:02,76296.45033756466,73169.45926251014,3192.662499770084
2026-03-31 03:12:17,76298.74757655377,73169.45926251014,3191.1403997700836
2026-03-31 03:12:32,76296.1921010631,73169.45926251014,3190.8755197700834
2026-03-31 03:12:48,76295.14148414746,73169.45926251014,3191.352519770084
2026-03-31 03:13:03,76293.7963075758,73169.45926251014,3191.534719770084
2026-03-31 03:13:18,76293.5232480798,73169.45926251014,3191.2614197700836
2026-03-31 03:13:34,76285.73951955745,73169.45926251014,3185.7635097700845
2026-03-31 03:13:49,76289.15781144032,73169.45926251014,3186.1279097700844
2026-03-31 03:14:04,76287.82244920141,73169.45926251014,3185.555599770084
2026-03-31 03:14:20,76290.09161792228,73169.45926251014,3185.5340997700846
2026-03-31 03:14:35,76291.33176717591,73169.45926251014,3186.011099770084
2026-03-31 03:14:50,76292.49477539114,73169.45926251014,3185.646699770084
2026-03-31 03:15:06,76296.03576110228,73169.45926251014,3191.483299770084
2026-03-31 03:15:21,76292.66920402678,73169.45926251014,3185.0570997700843
2026-03-31 03:15:36,76291.90565886315,73169.45926251014,3185.0570997700843
2026-03-31 03:15:52,76289.23365780877,73169.45926251014,3184.6754097700846
2026-03-31 03:16:07,76289.90617567951,73169.45926251014,3184.5843097700845
2026-03-31 03:16:22,76290.2917515235,73169.45926251014,3184.9702097700842
2026-03-31 03:16:38,76292.09952838522,73169.45926251014,3186.015309770084
2026-03-31 03:16:53,76294.0046013424,73169.45926251014,3185.6294097700843
2026-03-31 03:17:08,76299.95020690923,73169.45926251014,3193.8725097700835
2026-03-31 03:17:24,76299.8881837435,73169.45926251014,3194.574709770084
2026-03-31 03:17:39,76298.35669668466,73169.45926251014,3194.5704997700836
2026-03-31 03:17:54,76298.24839990007,73169.45926251014,3194.462109770084
2026-03-31 03:18:10,76299.77567832751,73169.45926251014,3194.462109770084
2026-03-31 03:18:25,76300.67330623823,73169.45926251014,3194.5962097700835
2026-03-31 03:18:40,76293.58745393378,73169.45926251014,3189.032909770084
2026-03-31 03:18:55,76292.15130483333,73169.45926251014,3189.1240097700843
2026-03-31 03:19:11,76291.12103471006,73169.45926251014,3187.3286097700843
2026-03-31 03:19:26,76291.88460258878,73169.45926251014,3187.3286097700843
2026-03-31 03:19:41,76297.69475975378,73169.45926251014,3193.1437097700837
2026-03-31 03:19:57,76298.05464359227,73169.45926251014,3193.5038997700835
2026-03-31 03:20:12,76296.69635719463,73169.45926251014,3193.6730197700836
2026-03-31 03:20:27,76297.72554356528,73169.45926251014,3193.174519770084
2026-03-31 03:20:43,76295.72814280028,73169.45926251014,3191.175419770084
2026-03-31 03:20:58,76293.72013875934,73169.45926251014,3190.6942097700835
2026-03-31 03:21:13,76294.77074727877,73169.45926251014,3190.2172097700836
2026-03-31 03:21:29,76295.27519039622,73169.45926251014,3189.1936097700836
2026-03-31 03:21:44,76286.94932546807,73169.45926251014,3183.1533097700844
2026-03-31 03:21:59,76295.77327664122,73169.45926251014,3189.692109770084
2026-03-31 03:22:15,76294.06404848378,73169.45926251014,3189.5099097700836
2026-03-31 03:22:30,76293.84238233665,73169.45926251014,3190.0522997700837
2026-03-31 03:22:45,76293.84238233665,73169.45926251014,3190.0522997700837
2026-03-31 03:23:01,76292.60220221103,73169.45926251014,3189.5752997700833
2026-03-31 03:23:16,76294.18498744266,73169.45926251014,3190.3951997700833
2026-03-31 03:23:31,76291.9296316974,73169.45926251014,3189.6663997700834
2026-03-31 03:23:47,76294.56427094952,73169.45926251014,3188.4820997700836
2026-03-31 03:24:02,76294.84604836503,73169.45926251014,3191.8210997700835
2026-03-31 03:24:17,76296.07872455228,73169.45926251014,3191.526299770084
2026-03-31 03:24:33,76291.91327310553,73169.45926251014,3185.8288997700843
2026-03-31 03:24:48,76295.89336224427,73169.45926251014,3191.340779770084
2026-03-31 03:25:03,76295.89336224427,73169.45926251014,3191.340779770084
2026-03-31 03:25:19,76296.57015323231,73169.45926251014,3191.253889770084
2026-03-31 03:25:34,76297.33376036384,73169.45926251014,3191.253889770084
2026-03-31 03:25:49,76298.09316094755,73169.45926251014,3191.249679770084
2026-03-31 03:26:05,76295.80233967929,73169.45926251014,3191.249679770084
2026-03-31 03:26:20,76297.02527061231,73169.45926251014,3191.709389770084
2026-03-31 03:26:35,76296.56594676871,73169.45926251014,3191.249679770084
2026-03-31 03:26:51,76295.3611596407,73169.45926251014,3190.0438797700835
2026-03-31 03:27:06,76294.98949771812,73169.45926251014,3188.9076797700836
2026-03-31 03:27:21,76291.33951844646,73169.46570202212,3189.069327250084
2026-03-31 03:27:37,76292.10310379675,73169.46570202212,3189.069327250084
2026-03-31 03:27:52,76292.28514528275,73169.46570202212,3189.251527250083
2026-03-31 03:28:07,76304.45633188008,73169.93765098213,3199.4326456500844
2026-03-31 03:28:23,76290.65345397602,73169.93765098213,3184.089645650084
2026-03-31 03:28:38,76285.93173583863,73169.94409049413,3183.178393130084
2026-03-31 03:28:53,76286.69526706346,73169.94409049413,3183.178393130084
2026-03-31 03:29:09,76290.4380339403,73169.94409049413,3186.1601931300847
2026-03-31 03:29:24,76290.05448200167,73169.94409049413,3186.5405331300844
2026-03-31 03:29:39,76291.0468499079,73169.94409049413,3186.7695331300847
2026-03-31 03:29:55,76288.75614849919,73169.94409049413,3186.7695331300847
2026-03-31 03:30:10,76295.6200341992,73169.94409049413,3193.6395331300846
2026-03-31 03:30:25,76297.2197366559,73169.94409049413,3192.947733130084
2026-03-31 03:30:41,76291.55230662462,73169.94409049413,3186.5112031300846
2026-03-31 03:30:56,76278.82800385734,72145.02671280914,4200.221657130053
2026-03-31 03:31:11,76276.0874302174,71136.47199375913,5204.505267130042
2026-03-31 03:31:27,76281.55551674521,71136.47199375913,5210.742127130041
2026-03-31 03:31:42,76276.49598543,71136.47199375913,5206.442327130041
2026-03-31 03:31:57,76273.49003543923,71136.47199375913,5201.141637130042
2026-03-31 03:32:13,76277.92785867464,71136.47199375913,5204.055097130042
2026-03-31 03:32:28,76275.52974491799,71136.47199375913,5206.239337130042
2026-03-31 03:32:43,76287.41242494763,71136.47199375913,5213.547447130041
2026-03-31 03:32:59,76281.0383583484,71136.47199375913,5209.460407130042
2026-03-31 03:33:14,76274.32328207938,71136.47199375913,5206.560017130042
2026-03-31 03:33:29,76280.08994596169,71136.47199375913,5210.039417130041
2026-03-31 03:33:45,76280.12973340403,71136.47199375913,5207.786917130041
2026-03-31 03:34:00,76276.56689368609,71136.47199375913,5206.513297130042
2026-03-31 03:34:15,76281.11613493881,71136.47199375913,5210.302367130041
2026-03-31 03:34:31,76276.5795016009,71136.47199375913,5204.9977571300415
2026-03-31 03:34:46,76273.51322269319,71136.47199375913,5203.456967130041
2026-03-31 03:35:01,76277.69232197324,71136.47199375913,5203.819367130041
2026-03-31 03:35:17,76280.45151758741,71136.47199375913,5208.873067130042
2026-03-31 03:35:32,76283.88003484093,71136.47199375913,5210.776257130042
2026-03-31 03:35:47,76273.24848537342,71136.47199375913,5201.663907130042
2026-03-31 03:36:03,76276.29380571161,71136.47199375913,5205.475887130043
2026-03-31 03:36:18,76280.05984822974,71136.47199375913,5206.952897130042
2026-03-31 03:36:33,76275.6702144763,71136.47199375913,5205.615837130042
2026-03-31 03:36:49,76283.04468152291,71136.47199375913,5211.468437130042
2026-03-31 03:37:04,76280.85083329461,71136.47199375913,5210.036837130042
2026-03-31 03:37:19,76277.21818108784,71136.47199375913,5203.344837130043
2026-03-31 03:37:35,76275.03114981482,71136.47199375913,5202.684047130042
2026-03-31 03:37:50,76264.97536350941,71136.47199375913,5193.383747130042
2026-03-31 03:38:05,76282.23263020319,71136.47199375913,5212.183967130042
2026-03-31 03:38:21,76263.5956055634,71136.47199375913,5192.766757130042
2026-03-31 03:38:36,76269.39976344994,71136.47199375913,5196.283957130042
2026-03-31 03:38:51,76268.44718684108,71136.47199375913,5199.914577130042
2026-03-31 03:39:06,76253.11079026581,71136.47199375913,5182.272917130041
2026-03-31 03:39:22,76255.09320775513,71136.47199375913,5181.965517130042
2026-03-31 03:39:37,76253.27051184942,71136.47199375913,5180.141307130042
2026-03-31 03:39:52,76252.35406074341,71136.47199375913,5180.751707130042
2026-03-31 03:40:08,76249.96482186519,71136.47199375913,5180.651897130043
2026-03-31 03:40:23,76262.69028485642,71136.47199375913,5190.332807130042
2026-03-31 03:40:38,76266.72966088892,71136.49593172212,5196.643560525043
2026-03-31 03:40:54,76268.31441639429,71136.49593172212,5195.173770525043
2026-03-31 03:41:09,76269.341373312,71136.49593172212,5196.201580525042
2026-03-31 03:41:24,76281.0625681679,71136.49593172212,5204.876320525042
2026-03-31 03:41:40,76268.09881767276,71136.49593172212,5196.485920525042
2026-03-31 03:41:55,76277.10780531568,71136.49593172212,5204.738510525042
2026-03-31 03:42:10,76282.5012776344,71136.49593172212,5212.428910525042
2026-03-31 03:42:26,76277.0332937147,71136.49593172212,5203.899890525042
2026-03-31 03:42:41,76274.31182304183,71136.49593172212,5203.468260525042
2026-03-31 03:42:56,76269.7287494099,71136.49593172212,5199.645260525042
2026-03-31 03:43:12,76273.73486295875,71136.49593172212,5202.126760525042
2026-03-31 03:43:27,76279.43571270382,71136.49593172212,5208.596560525042
2026-03-31 03:43:42,76282.85761141808,71136.49593172212,5210.493150525042
2026-03-31 03:43:58,76273.35401260678,71136.49593172212,5204.037750525042
2026-03-31 03:44:13,76272.8975801266,71136.49593172212,5202.816850525041
2026-03-31 03:44:28,76259.12726032257,71136.49593172212,5190.562410525043
2026-03-31 03:44:44,76259.38700900975,71136.49593172212,5187.766700525042
2026-03-31 03:44:59,76257.67206794977,71136.49593172212,5186.050300525043
2026-03-31 03:45:14,76230.94270122137,71136.49593172212,5155.480350525043
2026-03-31 03:45:30,76234.54245029447,71136.49593172212,5165.955700525043
2026-03-31 03:45:45,76228.7319077197,71136.49593172212,5158.612720525041
2026-03-31 03:46:00,76222.87313074249,71640.99498172213,4645.959190525042
2026-03-31 03:46:16,76230.78008066521,71640.99498172213,4656.927270525042
2026-03-31 03:46:31,76226.11879402689,71640.99498172213,4653.025490525043
2026-03-31 03:46:46,76180.81694004002,71640.99498172213,4606.156980525041
2026-03-31 03:47:02,76159.7677837985,71640.99498172213,4582.800790525042
2026-03-31 03:47:17,76200.9230380044,71640.99498172213,4627.043930525043
2026-03-31 03:47:32,76193.1752620524,71640.99498172213,4619.289330525043
2026-03-31 03:47:48,76184.29578965828,71640.99498172213,4611.165230525043
2026-03-31 03:48:03,76198.76335306522,71640.99498172213,4624.119020525042
2026-03-31 03:48:18,76181.96466398827,71640.99498172213,4605.779440525043
2026-03-31 03:48:34,76181.87181987205,71640.99498172213,4606.449640525043
2026-03-31 03:48:49,76185.27745571976,71640.99498172213,4609.095050525042
2026-03-31 03:49:04,76167.27869076545,71640.99498172213,4591.843950525043
2026-03-31 03:49:20,76161.08390773027,71640.99498172213,4584.880920525043
2026-03-31 03:49:35,76126.153830669,72118.15598632213,4076.5731005250427
2026-03-31 03:49:50,76123.09331792031,72118.15598632213,4071.222090525042
2026-03-31 03:50:06,76128.32235334186,72118.15598632213,4074.930490525042
2026-03-31 03:50:21,76132.91782386886,72118.15598632213,4079.529870525042
2026-03-31 03:50:36,76130.27834610471,72118.15598632213,4075.3629805250416
2026-03-31 03:50:52,76130.51394039899,72118.15598632213,4075.598770525042
2026-03-31 03:51:07,76135.9337252385,72118.15598632213,4083.3110005250414
2026-03-31 03:51:22,76133.42087512182,72118.15598632213,4081.5586405250415
2026-03-31 03:51:38,76133.5008192302,72118.15598632213,4078.5881305250423
2026-03-31 03:51:53,76143.96282840334,72118.15598632213,4087.5334505250426
2026-03-31 03:52:08,76150.17920268142,72118.15598632213,4098.331560525043
2026-03-31 03:52:24,76151.13122383869,72118.15598632213,4096.233180525043
2026-03-31 03:52:39,76152.03329347316,72118.15598632213,4100.950120525042
2026-03-31 03:52:54,76149.33421777499,72118.15598632213,4099.0115105250425
2026-03-31 03:53:10,76151.55296086002,72118.15598632213,4101.995110525043
2026-03-31 03:53:25,76151.99112061795,72118.15598632213,4100.907910525042
2026-03-31 03:53:40,76145.53637545832,72118.15598632213,4093.6846905250422
2026-03-31 03:53:56,76142.67282891313,72118.15598632213,4090.8186505250424
2026-03-31 03:54:11,76145.87633943213,72118.15598632213,4094.0249505250426
2026-03-31 03:54:26,76144.0067021039,72118.15598632213,4089.102740525043
2026-03-31 03:54:42,76137.88877245071,72118.15598632213,4085.2677305250427
2026-03-31 03:54:57,76140.8990735782,72118.15598632213,4085.9925305250426
2026-03-31 03:55:12,76139.50149298935,72118.15598632213,4086.119140525043
2026-03-31 03:55:28,76150.21311107103,72118.15598632213,4096.077080525042
2026-03-31 03:55:43,76150.45766597196,72118.15598632213,4094.7963005250426
2026-03-31 03:55:58,76148.93340692624,72118.15598632213,4094.7963005250426
2026-03-31 03:56:14,76144.69701633662,72118.15598632213,4092.8446005250426
2026-03-31 03:56:29,76137.79770244336,72118.15598632213,4084.4139005250413
2026-03-31 03:56:44,76140.37321201056,72118.15598632213,4084.7035705250414
2026-03-31 03:57:00,76150.96961582857,72118.15598632213,4095.3086705250425
2026-03-31 03:57:15,76148.7717550297,72118.15598632213,4096.160080525043
2026-03-31 03:57:30,76153.7367994145,72118.15598632213,4098.840920525043
2026-03-31 03:57:46,76147.30285728091,72118.15598632213,4095.452710525042
2026-03-31 03:58:01,76151.03764787783,72118.15598632213,4096.902310525043
2026-03-31 03:58:16,76150.27549729486,72118.15598632213,4096.902310525043
2026-03-31 03:58:32,76152.89446927486,72118.15598632213,4099.523510525042
2026-03-31 03:58:47,76150.12894197286,72118.15598632213,4096.755630525043
2026-03-31 03:59:02,76150.30598228713,72118.15598632213,4098.458450525042
2026-03-31 03:59:18,76150.60024560464,72118.15598632213,4096.464540525043
2026-03-31 03:59:33,76149.62304714145,72118.15598632213,4095.4865205250426
2026-03-31 03:59:48,76148.43873946676,72118.15598632213,4097.352400525043
2026-03-31 04:00:04,76143.58942449902,72118.15598632213,4094.0244005250415
2026-03-31 04:00:19,76164.88827586637,72118.15598632213,4111.527520525043
2026-03-31 04:00:34,76160.4207682553,72118.15598632213,4107.819120525042
2026-03-31 04:00:50,76142.50298418872,71611.03983752213,4599.29034052504
2026-03-31 04:01:05,76153.35764896625,71611.03983752213,4607.866070525042
2026-03-31 04:01:20,76102.33808706338,71095.22717760212,5070.328320524703
2026-03-31 04:01:36,76073.453434686,71095.22717760212,5042.181680524704
2026-03-31 04:01:51,76072.589033113,71095.22717760212,5045.126770524703
2026-03-31 04:02:06,76073.30656223724,71095.22717760212,5043.558740524703
2026-03-31 04:02:22,76079.15729941161,71095.22717760212,5047.890340524704
2026-03-31 04:02:37,76088.45982356195,71095.22717760212,5054.914260524703
2026-03-31 04:02:52,76084.7685219162,71095.22717760212,5052.744160524703
2026-03-31 04:03:08,76085.95169555677,71095.22717760212,5053.166200524703
2026-03-31 04:03:23,76093.58252859343,71095.22717760212,5063.089920524703
2026-03-31 04:03:38,76090.36859073036,71095.22717760212,5057.586720524704
2026-03-31 04:03:54,76089.42328695643,71095.22717760212,5058.927140524704
2026-03-31 04:04:09,76098.8167815632,71095.22717760212,5067.566350524704
2026-03-31 04:04:24,76098.63880190566,71095.22717760212,5065.101490524704
2026-03-31 04:04:40,76095.72748383041,71095.22717760212,5065.236700524704
2026-03-31 04:04:55,76102.36163000892,71095.22717760212,5071.876490524704
2026-03-31 04:05:10,76103.60330750121,71095.22717760212,5072.356900524704
2026-03-31 04:05:26,76114.34145244784,71095.22717760212,5080.816870524704
2026-03-31 04:05:41,76106.55445307742,71095.22717760212,5076.072880524704
2026-03-31 04:05:56,76101.40513372242,71095.22717760212,5070.919180524704
2026-03-31 04:06:12,76092.08104228685,71095.22717760212,5062.349380524704
2026-03-31 04:06:27,76094.75590325087,71095.22717760212,5066.551090524704
2026-03-31 04:06:42,76102.28662678356,71095.22717760212,5073.326090524704
2026-03-31 04:06:58,76101.16286016289,71095.22717760212,5072.963690524704
2026-03-31 04:07:13,76098.12703247892,71095.22717760212,5067.638290524704
2026-03-31 04:07:28,76104.0714371877,71095.22717760212,5072.063110524704
2026-03-31 04:07:44,76106.81088698257,71095.22717760212,5074.042510524704
2026-03-31 04:07:59,76096.24965419485,71095.22717760212,5066.5215805247035
2026-03-31 04:08:14,76099.26202724241,71095.22717760212,5068.011970524704
2026-03-31 04:08:30,76097.93064475716,71095.22717760212,5065.154980524704
2026-03-31 04:08:45,76094.45522872904,71095.22717760212,5064.725610524704
2026-03-31 04:09:00,76096.01696755992,71095.22717760212,5065.526430524705
2026-03-31 04:09:16,76091.80869887257,71095.22717760212,5059.028010524704
2026-03-31 04:09:31,76086.12473532399,71095.22717760212,5054.101500524704
2026-03-31 04:09:46,76081.43421169258,71095.22717760212,5049.407080524704
2026-03-31 04:10:02,76079.66243474121,71095.22717760212,5048.395900524703
2026-03-31 04:10:17,76065.75882364425,71095.22717760212,5036.766480524703
2026-03-31 04:10:32,76067.27315543324,71095.22717760212,5037.520140524703
2026-03-31 04:10:48,76062.12388761525,71095.22717760212,5032.366440524703
2026-03-31 04:11:03,76058.70051425045,71095.22717760212,5028.940120524703
2026-03-31 04:11:18,76068.81281019044,71095.22717760212,5039.061120524703
2026-03-31 04:11:34,76072.79076053207,71095.22717760212,5043.804540524703
2026-03-31 04:11:49,76083.75019298404,71095.22717760212,5054.0113605247025
2026-03-31 04:12:04,76081.47599007402,71095.22717760212,5050.210980524703
2026-03-31 04:12:20,76076.61508047655,71095.22717760212,5047.632190524703
2026-03-31 04:12:35,76079.5883570188,71095.22717760212,5048.321760524703
2026-03-31 04:12:50,76088.11851695443,71095.22717760212,5057.621260524705
2026-03-31 04:13:06,76077.66183900365,71095.22717760212,5048.679860524703
2026-03-31 04:13:21,76086.43477989906,71095.22717760212,5057.460440524704
2026-03-31 04:13:36,76099.10245867124,71095.22717760212,5069.376840524705
2026-03-31 04:13:52,76105.78265965993,71095.22717760212,5075.300430524704
2026-03-31 04:14:07,76094.64748324786,71095.22717760212,5064.918030524703
2026-03-31 04:14:22,76093.36497849852,71095.22717760212,5066.683520524703
2026-03-31 04:14:38,76091.90678510917,71095.22717760212,5062.937210524704
2026-03-31 04:14:53,76071.53030808056,71095.22717760212,5042.542990524704
2026-03-31 04:15:08,76075.84381831886,71095.22717760212,5046.098180524703
2026-03-31 04:15:24,76074.49254071568,71095.22717760212,5046.269880524704
2026-03-31 04:15:39,76070.23418753855,71095.22717760212,5045.056070524704
2026-03-31 04:15:55,76070.16748416805,71095.22717760212,5040.416960524704
2026-03-31 04:16:10,76077.02590274996,71095.22717760212,5048.043370524704
2026-03-31 04:16:25,76077.09673987885,71095.22717760212,5047.352180524704
2026-03-31 04:16:41,76075.24905994926,71095.22717760212,5046.264980524704
2026-03-31 04:16:56,76079.71568564685,71095.22717760212,5049.973380524704
2026-03-31 04:17:11,76081.10082706541,71095.22717760212,5050.597600524704
2026-03-31 04:17:26,76081.99972175945,71095.22717760212,5053.021520524703
2026-03-31 04:17:42,76083.11899628043,71095.22717760212,5053.379620524704
2026-03-31 04:17:57,76080.15864859843,71095.22717760212,5049.654620524704
2026-03-31 04:18:13,76075.28034270956,71095.22717760212,5046.296290524703
2026-03-31 04:18:28,76073.80701562026,71095.22717760212,5044.821680524703
2026-03-31 04:18:43,76082.87027036885,71095.22717760212,5053.130680524704
2026-03-31 04:18:59,76074.69843940626,71095.22717760212,5045.713880524703
2026-03-31 04:19:14,76063.58861337126,71095.22717760212,5034.594380524703
2026-03-31 04:19:29,76060.64470081084,71095.22717760212,5030.885980524703
2026-03-31 04:19:45,76051.23169828608,71095.22717760212,5022.988550524704
2026-03-31 04:20:00,76061.36359798243,71529.97127760213,4596.099480524704
2026-03-31 04:20:15,76051.81649991943,71529.97127760213,4586.544260524704
2026-03-31 04:20:31,76047.0075095916,71529.97127760213,4580.207680524703
2026-03-31 04:20:46,76042.90990696393,71529.97127760213,4577.630090524704
2026-03-31 04:21:01,76044.23561477145,71529.97127760213,4579.718670524703
2026-03-31 04:21:17,76044.87301885248,71529.97127760213,4581.880170524703
2026-03-31 04:21:32,76046.27805666937,71529.97127760213,4582.524650524703
2026-03-31 04:21:47,76062.68547737441,71529.97127760213,4596.660570524704
2026-03-31 04:22:03,76049.04306680406,71529.97127760213,4584.530260524704
2026-03-31 04:22:18,76051.01269373593,71529.97127760213,4585.739770524704
2026-03-31 04:22:33,76046.83245956265,71529.97127760213,4582.317750524705
2026-03-31 04:22:49,76050.13429881736,71529.97127760213,4586.384250524704
2026-03-31 04:23:04,76050.89546237265,71529.97127760213,4586.384250524704
2026-03-31 04:23:19,76041.55423195729,71529.97127760213,4578.558460524703
2026-03-31 04:23:35,76050.85654991177,71529.97127760213,4587.107130524704
2026-03-31 04:23:50,76061.45925660343,71529.97127760213,4596.195220524704
2026-03-31 04:24:05,76061.36387411809,71529.97127760213,4598.385550524704
2026-03-31 04:24:21,76067.11700100107,71529.97127760213,4603.381740524705
2026-03-31 04:24:36,76073.34974109342,71529.97127760213,4608.095820524705
2026-03-31 04:24:51,76072.51240579966,71529.97127760213,4608.019800524705
2026-03-31 04:25:07,76067.5435811861,71529.97127760213,4604.570700524705
2026-03-31 04:25:22,76079.19192101592,71529.97127760213,4613.942970524705
2026-03-31 04:25:38,76084.17220335083,71529.97127760213,4618.165360524705
2026-03-31 04:25:53,76082.94142807121,71529.97127760213,4616.933550524704
2026-03-31 04:26:08,76085.73879131745,71529.97127760213,4621.257570524704
2026-03-31 04:26:24,76087.57821424498,71529.97127760213,4623.860770524705
2026-03-31 04:26:39,76083.76840166806,71529.97127760213,4620.0476405247055
2026-03-31 04:26:54,76083.14725493209,71958.63688710213,4189.998193999704
2026-03-31 04:27:10,76096.91522319011,71958.63688710213,4202.253483999704
2026-03-31 04:27:25,76093.19065014897,71958.63688710213,4200.8124839997035
2026-03-31 04:27:40,76091.45189631286,71958.63688710213,4199.834463999704
2026-03-31 04:27:56,76094.22524479488,71958.63688710213,4200.323473999704
2026-03-31 04:28:11,76094.9868343985,71958.63688710213,4200.323473999704
2026-03-31 04:28:26,76087.03098205189,71958.63688710213,4193.885263999705
2026-03-31 04:28:42,76086.26945683037,71958.63688710213,4193.885263999705
2026-03-31 04:28:57,76084.25783160626,71958.63688710213,4193.396253999705
2026-03-31 04:29:12,76091.21795741301,71958.63688710213,4195.789243999705
2026-03-31 04:29:28,76093.7579123654,71958.63688710213,4199.855743999705
2026-03-31 04:29:43,76117.6474891923,71958.63688710213,4224.528123999705
2026-03-31 04:29:58,76109.69128151686,71958.63688710213,4218.089913999704
2026-03-31 04:30:14,76105.70997258923,71958.63688710213,4208.768683999704
2026-03-31 04:30:29,76096.90928939528,71958.63688710213,4203.772073999704
2026-03-31 04:30:44,76104.3353638829,71958.63688710213,4210.442193999705
2026-03-31 04:31:00,76083.27174934253,71438.90982965214,4708.325597449155
2026-03-31 04:31:15,76069.50125956473,71438.93716942213,4693.754223999127
2026-03-31 04:31:31,76061.12427044945,71438.93716942213,4689.179843999128
2026-03-31 04:31:46,76058.13665445014,70936.13868787214,5188.2261639991275
2026-03-31 04:32:01,76060.34573764418,70936.13868787214,5188.9133439991265
2026-03-31 04:32:17,76081.04771104442,71423.07381844214,4724.222039999126
2026-03-31 04:32:32,76073.56452708342,71423.07381844214,4716.732339999126
2026-03-31 04:32:47,76092.55443256584,71423.07381844214,4736.501039999126
2026-03-31 04:33:03,76103.39215445142,71423.07381844214,4746.585939999127
2026-03-31 04:33:18,76094.92094819783,71423.07381844214,4738.869639999126
2026-03-31 04:33:33,76111.48014501302,71423.07381844214,4753.9185399991275
2026-03-31 04:33:49,76103.254724963,71423.07381844214,4745.686039999127
2026-03-31 04:34:04,76093.60177949442,71423.07381844214,4736.787039999126
2026-03-31 04:34:19,76061.80191789678,73063.61879599221,3061.3668599990424
2026-03-31 04:34:35,76076.28803382911,73063.61879599221,3078.1511599990426
2026-03-31 04:34:50,76073.89335886431,73063.61879599221,3079.5648599990427
2026-03-31 04:35:05,76083.99883887754,73063.61879599221,3086.630759999043
2026-03-31 04:35:21,76092.11611444934,73063.61879599221,3090.9440599990435
2026-03-31 04:35:36,76083.53663273367,73063.61879599221,3084.643859999043
2026-03-31 04:35:51,76081.80510578366,73063.61879599221,3082.9108599990427
2026-03-31 04:36:07,76092.69037066055,73063.61879599221,3095.329859999043
2026-03-31 04:36:22,76085.38805768365,73063.61879599221,3086.4968599990425
2026-03-31 04:36:37,76094.54020477222,73063.61879599221,3094.894559999043
2026-03-31 04:36:53,76090.3093651051,73063.61879599221,3092.1845599990434
2026-03-31 04:37:08,76088.4060034051,73063.61879599221,3090.279559999043
2026-03-31 04:37:23,76089.72068022942,73063.61879599221,3093.882059999043
2026-03-31 04:37:39,76092.44795166866,73063.61879599221,3093.5627599990435
2026-03-31 04:37:54,76101.06152226022,73063.61879599221,3101.421359999043
2026-03-31 04:38:10,76109.95244760421,73063.61879599221,3110.319759999042
2026-03-31 04:38:25,76108.17269817779,73063.61879599221,3107.776159999042
2026-03-31 04:38:40,76090.27548601243,73063.61879599221,3094.437359999043
2026-03-31 04:38:56,76085.37863296778,73063.61879599221,3084.963159999043
2026-03-31 04:39:11,76081.08649839878,73063.61879599221,3080.6674599990424
2026-03-31 04:39:26,76077.29357753454,73063.61879599221,3079.9196599990432
2026-03-31 04:39:42,76079.02506982454,73063.61879599221,3081.652659999043
2026-03-31 04:39:57,76078.72034024511,73063.61879599221,3080.5855599990427
2026-03-31 04:40:12,76088.33177981978,73063.61879599221,3087.918759999043
2026-03-31 04:40:28,76083.4802268683,73063.61879599221,3089.1604599990433
2026-03-31 04:40:43,76080.57105561867,73063.61879599221,3081.6757599990424
2026-03-31 04:40:58,76087.24088601378,73063.61879599221,3086.826959999043
2026-03-31 04:41:14,76078.9354550871,73063.61879599221,3080.8008599990426
2026-03-31 04:41:29,76082.45436541222,73063.61879599221,3082.798559999043
2026-03-31 04:41:45,76069.71364570777,73063.61879599221,3069.2851599990427
2026-03-31 04:42:00,76071.90772571367,73063.61879599221,3073.0050599990427
2026-03-31 04:42:15,76054.89817849755,73063.61879599221,3057.504759999042
2026-03-31 04:42:31,76044.23478885398,73063.61879599221,3047.5938599990423
2026-03-31 04:42:46,76047.09083801367,73063.61879599221,3048.1670599990425
2026-03-31 04:43:01,76035.32045135366,73063.61879599221,3036.3866599990433
2026-03-31 04:43:17,76041.07384409911,73063.61879599221,3042.9066599990438
2026-03-31 04:43:32,76042.15393794866,73063.61879599221,3043.2259599990434
2026-03-31 04:43:47,76040.09398733043,73063.61879599221,3044.2111599990435
2026-03-31 04:44:03,76042.93283558197,73063.61879599221,3046.2907599990435
2026-03-31 04:44:18,76048.54211308954,73063.61879599221,3051.1431599990433
2026-03-31 04:44:33,76056.26336986311,73063.61879599221,3058.109259999042
2026-03-31 04:44:49,76065.41753162198,73063.61879599221,3068.7952599990426
2026-03-31 04:45:04,76065.3285670831,73063.61879599221,3067.1822599990423
2026-03-31 04:45:19,76073.06051188712,73063.61879599221,3074.920859999043
2026-03-31 04:45:35,76078.10037500954,73063.61879599221,3080.727159999043
2026-03-31 04:45:50,76072.40197871311,73063.61879599221,3074.261759999043
2026-03-31 04:46:06,76077.50388729511,73063.61879599221,3079.368059999043
2026-03-31 04:46:21,76076.5848783231,73063.61879599221,3078.448259999043
2026-03-31 04:46:36,76075.1996706271,73063.61879599221,3077.061859999043
2026-03-31 04:46:52,76045.95296760753,73063.61879599221,3048.5517599990417
2026-03-31 04:47:07,76056.71235276866,73063.61879599221,3057.7967599990425
2026-03-31 04:47:22,76052.14181744911,73063.61879599221,3053.9841599990423
2026-03-31 04:47:38,76041.13965585643,73063.61879599221,3045.2577599990423
2026-03-31 04:47:53,76044.29753358998,73063.61879599221,3047.6566599990424
2026-03-31 04:48:08,76040.13123692354,73063.61879599221,3042.7249599990423
2026-03-31 04:48:24,76052.8071447751,73063.61879599221,3054.6500599990427
2026-03-31 04:48:39,76049.27557442254,73063.61879599221,3051.8772599990425
2026-03-31 04:48:54,76038.99341485086,73063.61879599221,3043.871359999042
2026-03-31 04:49:10,76038.83550837442,73063.61879599221,3042.9515599990423
2026-03-31 04:49:25,76038.1218849691,73063.61879599221,3039.952159999042
2026-03-31 04:49:40,76053.43115591854,73063.61879599221,3056.0364599990426
2026-03-31 04:49:56,76056.43464035622,73063.61879599221,3056.7569599990425
2026-03-31 04:50:11,76033.81603593254,73063.61879599221,3036.404259999042
2026-03-31 04:50:26,76029.3279542591,73063.61879599221,3031.150659999042
2026-03-31 04:50:42,76029.66045443654,73063.61879599221,3032.245059999042
2026-03-31 04:50:57,76028.00518348599,73063.61879599221,3031.3499599990423
2026-03-31 04:51:12,76024.14138662198,73063.61879599221,3027.482759999042
2026-03-31 04:51:28,76027.18968239242,73063.61879599221,3031.295359999042
2026-03-31 04:51:43,76029.61372307442,73063.61879599221,3033.721559999042
2026-03-31 04:51:58,76034.47875886154,73063.61879599221,3037.067559999042
2026-03-31 04:52:14,76036.40163156866,73063.61879599221,3037.468759999042
2026-03-31 04:52:29,76046.78739030678,73063.61879599221,3046.3398599990423
2026-03-31 04:52:45,76043.99350137399,73063.61879599221,3047.3523599990426
2026-03-31 04:53:00,76044.1305131011,73063.61879599221,3045.9659599990423
2026-03-31 04:53:15,76044.75461108553,73063.61879599221,3047.3523599990426
2026-03-31 04:53:31,76046.69530692243,73063.61879599221,3050.8183599990425
2026-03-31 04:53:46,76049.73988440866,73063.61879599221,3050.8183599990425
2026-03-31 04:54:01,76052.00283707511,73063.61879599221,3053.8450599990424
2026-03-31 04:54:17,76052.96314230865,73063.61879599221,3054.044359999042
2026-03-31 04:54:32,76048.81757323054,73063.61879599221,3051.4188599990425
2026-03-31 04:54:47,76047.54215406867,73063.61879599221,3048.6187599990426
2026-03-31 04:55:03,76044.77540637087,73063.61879599221,3049.6585599990426
2026-03-31 04:55:18,76055.21551730199,73063.61879599221,3058.584259999043
2026-03-31 04:55:33,76058.93490192418,73063.61879599221,3066.116759999042
2026-03-31 04:55:49,76085.28918617511,73063.61879599221,3087.160059999043
2026-03-31 04:56:04,76072.68173791311,73063.61879599221,3074.5417599990424
2026-03-31 04:56:19,76080.21455411511,73063.61879599221,3082.081059999043
2026-03-31 04:56:35,76080.10409606197,73063.61879599221,3083.494759999043
2026-03-31 04:56:50,76082.7204971491,73063.61879599221,3084.5891599990427
2026-03-31 04:57:06,76079.09248706198,73063.61879599221,3082.4822599990434
2026-03-31 04:57:21,76087.4556214371,73063.61879599221,3089.328359999043
2026-03-31 04:57:36,76086.02877129854,73063.61879599221,3088.662459999043
2026-03-31 04:57:52,76087.57141902999,73063.61879599221,3090.968659999043
2026-03-31 04:58:07,76066.1838309231,73063.61879599221,3068.0382599990426
2026-03-31 04:58:22,76079.40071558199,73063.61879599221,3082.790759999043
2026-03-31 04:58:38,76079.08169656598,73063.61879599221,3082.471459999043
2026-03-31 04:58:53,76068.84743207955,73063.61879599221,3071.4661599990427
2026-03-31 04:59:08,76068.43237622197,73063.61879599221,3071.8127599990426
2026-03-31 04:59:24,76069.16645428853,73063.61879599221,3071.7854599990424
2026-03-31 04:59:39,76069.85905120455,73063.61879599221,3072.478659999043
2026-03-31 04:59:54,76081.54737350954,73063.61879599221,3084.1771599990434
2026-03-31 05:00:10,76073.85651191643,73063.61879599221,3078.0037599990433
2026-03-31 05:00:25,76114.18336844299,72543.86590150221,3638.8819399981303
2026-03-31 05:00:40,76050.79008416082,72037.25974450221,4079.7521399981306
2026-03-31 05:00:56,76048.61645809798,72037.25974450221,4078.3384399981296
2026-03-31 05:01:11,76049.37761407983,72037.25974450221,4078.3384399981296
2026-03-31 05:01:26,76045.19475633482,72037.25974450221,4074.15193999813
2026-03-31 05:01:42,76042.52012773367,72037.25974450221,4070.7132399981297
2026-03-31 05:01:57,76043.13403266852,72037.25974450221,4070.5659399981296
2026-03-31 05:02:12,76044.95496513482,72037.25974450221,4073.9119399981296
2026-03-31 05:02:28,76038.90993517169,72037.25974450221,4067.0999399981297
2026-03-31 05:02:43,76044.78051703682,72037.25974450221,4073.7373399981298
2026-03-31 05:02:58,76032.79582761851,72037.25974450221,4060.21893999813
2026-03-31 05:03:14,76025.36528906137,72037.25974450221,4052.0205399981296
2026-03-31 05:03:29,76025.82384814332,72522.10041375221,3569.1619199981305
2026-03-31 05:03:45,76031.80061832065,72522.10041375221,3576.6671199981306
2026-03-31 05:04:00,76031.03963064532,72522.10041375221,3576.6671199981306
2026-03-31 05:04:15,76030.48381524798,72522.10041375221,3574.5875199981306
2026-03-31 05:04:31,76027.50833848998,72522.10041375221,3573.89431999813
2026-03-31 05:04:46,76024.35358652532,72522.10041375221,3569.9751199981306
2026-03-31 05:05:01,76026.49968724865,72522.10041375221,3571.3615199981305
2026-03-31 05:05:17,76025.23440168065,72522.10041375221,3570.0951199981305
2026-03-31 05:05:32,76022.46404174465,72522.10041375221,3567.32231999813
2026-03-31 05:05:47,76033.08029121665,72522.10041375221,3577.9479199981306
2026-03-31 05:06:03,76046.58679502465,72522.10041375221,3591.4663199981296
2026-03-31 05:06:18,76064.80394220997,72522.10041375221,3611.2235199981296
2026-03-31 05:06:33,76055.84760548732,72522.10041375221,3599.211519998129
2026-03-31 05:06:49,76054.51369105198,72522.10041375221,3598.6383199981296
2026-03-31 05:07:04,76055.76160848532,72522.10041375221,3601.411119998129
2026-03-31 05:07:19,76058.02791796865,72522.10041375221,3602.9175199981296
2026-03-31 05:07:35,76064.85145551132,72522.10041375221,3608.223119998129
2026-03-31 05:07:50,76059.43052152732,72522.10041375221,3602.7975199981297
2026-03-31 05:08:05,76054.51369105198,72522.10041375221,3598.6383199981296
2026-03-31 05:08:21,76053.82109413599,72522.10041375221,3597.945119998129
2026-03-31 05:08:36,76061.96114331932,72522.10041375221,3605.3303199981297
2026-03-31 05:08:51,76061.31976461198,72522.10041375221,3605.4503199981295
2026-03-31 05:09:07,76049.06117718131,72522.10041375221,3594.7047199981307
2026-03-31 05:09:22,76035.0072330789,72522.10041375221,3579.114876629323
2026-03-31 05:09:38,76032.3052259918,72522.10041375221,3575.6488766293223
2026-03-31 05:09:53,76028.7738608349,72522.10041375221,3572.876076629323
2026-03-31 05:10:08,76028.34573443577,72522.10041375221,3573.2091931376162
2026-03-31 05:10:24,76026.82382824362,72522.10041375221,3573.2091931376162
2026-03-31 05:10:39,76031.80868435577,72522.10041375221,3576.675193137617
2026-03-31 05:10:54,76029.73091440377,72522.10041375221,3574.595593137617
2026-03-31 05:11:10,76030.9678593008,72522.10041375221,3573.5487473355256
2026-03-31 05:11:25,76030.00178249036,72522.10041375221,3575.6283473355256
2026-03-31 05:11:40,76032.01110968275,72522.10041375221,3578.401147335526
2026-03-31 05:11:56,76045.65444355397,72522.10041375221,3590.533147335526
2026-03-31 05:12:11,76032.9773182012,72522.10041375221,3576.321547335526
2026-03-31 05:12:27,76042.19149363397,72522.10041375221,3587.0671473355264
2026-03-31 05:12:42,76036.42825768392,72522.10041375221,3585.107547335526
2026-03-31 05:12:57,76065.67280699837,72522.10041375221,3611.3311473355243
2026-03-31 05:13:13,76067.81932128198,72522.10041375221,3612.717547335525
2026-03-31 05:13:28,76060.44062025798,72522.10041375221,3605.3323473355244
2026-03-31 05:13:43,76069.58518796714,72522.10041375221,3616.7711473355253
2026-03-31 05:13:59,76067.85130076119,72522.10041375221,3611.2255473355253
2026-03-31 05:14:14,76072.5796308972,72522.10041375221,3615.957947335525
2026-03-31 05:14:29,76061.2193236808,72522.10041375221,3603.825947335525
2026-03-31 05:14:45,76073.13463968197,72522.10041375221,3618.0375473355252
2026-03-31 05:15:00,76072.5796308972,72522.10041375221,3615.957947335525
2026-03-31 05:15:16,76060.18333184275,72522.10041375221,3606.5987473355244
2026-03-31 05:15:31,76078.0005648812,72522.10041375221,3621.3835473355252
2026-03-31 05:15:46,76085.62178137514,72522.10041375221,3632.822347335526
2026-03-31 05:16:02,76082.41669166637,72522.10041375221,3628.0899473355253
2026-03-31 05:16:17,76083.93969547359,72522.10041375221,3628.0899473355253
2026-03-31 05:16:32,76084.49444082237,72522.10041375221,3630.1695473355253
2026-03-31 05:16:48,76087.26477303037,72522.10041375221,3632.942347335526
2026-03-31 05:17:03,76087.19579872275,72522.10041375221,3633.635547335525
2026-03-31 05:17:18,76085.11807036276,72522.10041375221,3631.555947335525
2026-03-31 05:17:34,76098.69339249836,72522.10041375221,3644.3811473355254
2026-03-31 05:17:49,76085.81064648274,72522.10041375221,3632.2491473355253
2026-03-31 05:18:04,76112.96156112198,72522.10041375221,3657.8995473355244
2026-03-31 05:18:20,76119.76756656198,72522.10041375221,3664.7115473355243
2026-03-31 05:18:35,76120.39086454637,72522.10041375221,3666.097947335525
2026-03-31 05:18:51,76119.62898256276,72522.10041375221,3666.097947335525
2026-03-31 05:19:06,76124.20027446443,72522.10041375221,3666.097947335525
2026-03-31 05:19:21,76097.7042850808,72522.10041375221,3640.341947335526
2026-03-31 05:19:37,76098.8497106408,72522.10041375221,3641.488347335526
2026-03-31 05:19:52,76098.96960864081,72522.10041375221,3641.608347335526
2026-03-31 05:20:07,76095.92306029037,72522.10041375221,3641.608347335526
2026-03-31 05:20:23,76094.10324548557,72522.10041375221,3638.2623473355256
2026-03-31 05:20:38,76100.09682652958,72522.10041375221,3644.2611473355255
2026-03-31 05:20:53,76100.02775289796,72522.10041375221,3644.954347335526
2026-03-31 05:21:09,76104.13251242558,72522.10041375221,3648.300347335526
2026-03-31 05:21:24,76099.21526851397,72522.10041375221,3644.141147335526
2026-03-31 05:21:40,76097.20654326558,72522.10041375221,3641.3683473355263
2026-03-31 05:21:55,76096.51394634959,72522.10041375221,3640.675147335526
2026-03-31 05:22:10,76095.05972860997,72522.10041375221,3639.981947335526
2026-03-31 05:22:26,76085.1540076252,72522.10041375221,3628.543147335526
2026-03-31 05:22:41,76099.28433401357,72522.10041375221,3643.4479473355254
2026-03-31 05:22:56,76097.89914018159,72522.10041375221,3642.061547335526
2026-03-31 05:23:12,76094.22906308276,72522.10041375221,3640.675147335526
2026-03-31 05:23:27,76096.5829702572,72522.10041375221,3639.981947335526
2026-03-31 05:23:42,76095.05972860997,72522.10041375221,3639.981947335526
2026-03-31 05:23:58,76096.51394634959,72522.10041375221,3640.675147335526
2026-03-31 05:24:13,76095.2667587408,72522.10041375221,3637.9023473355255
2026-03-31 05:24:29,76101.82931794958,72522.10041375221,3645.9951473355245
2026-03-31 05:24:44,76103.49079248402,72522.10041375221,3644.6087473355246
2026-03-31 05:24:59,76098.92078993436,72522.10041375221,3644.6087473355246
2026-03-31 05:25:15,76112.49637084997,72522.10041375221,3657.4339473355253
2026-03-31 05:25:30,76107.07554537797,72522.10041375221,3652.008347335525
2026-03-31 05:25:45,76105.2559051132,72522.10041375221,3648.662347335525
2026-03-31 05:26:01,76091.0565270892,72522.10041375221,3634.4507473355247
2026-03-31 05:26:16,76094.4686377208,72522.10041375221,3637.1035473355246
2026-03-31 05:26:31,76107.2829363008,72522.10041375221,3649.928747335525
2026-03-31 05:26:47,76106.5212160092,72522.10041375221,3649.928747335525
2026-03-31 05:27:02,76093.0834161608,72522.10041375221,3635.7171473355247
2026-03-31 05:27:17,76095.52691712197,72522.10041375221,3640.4495473355246
2026-03-31 05:27:33,76094.00366612275,72522.10041375221,3640.4495473355246
2026-03-31 05:27:48,76082.8863578203,72522.10041375221,3632.3711473355247
2026-03-31 05:28:04,76112.18318847915,72522.10041375221,3659.407947335525
2026-03-31 05:28:19,76119.4552831372,72522.10041375221,3662.873947335525
2026-03-31 05:28:34,76117.35888806598,72522.10041375221,3662.3007473355256
2026-03-31 05:28:50,76117.35888806598,72522.10041375221,3662.3007473355256
2026-03-31 05:29:05,76117.35888806598,72522.10041375221,3662.3007473355256
2026-03-31 05:29:20,76114.9160426408,72522.10041375221,3657.568347335525
2026-03-31 05:29:36,76103.43613100842,72522.10041375221,3645.3163473355253
2026-03-31 05:29:51,76099.00425436997,72522.10041375221,3643.9299473355254
2026-03-31 05:30:06,76101.77461430598,72522.10041375221,3646.702747335525
2026-03-31 05:30:22,76096.09578152274,72522.10041375221,3642.5435473355246
2026-03-31 05:30:37,76109.09852368238,72522.10041375221,3654.7955473355255
2026-03-31 05:30:53,76110.7603779608,72522.10041375221,3653.4091473355256
2026-03-31 05:31:08,76098.5696602332,72522.10041375221,3641.9703473355253
2026-03-31 05:31:23,76102.72528332121,72522.10041375221,3646.1295473355253
2026-03-31 05:31:39,76102.74351329642,72522.10041375221,3644.6231473355247
2026-03-31 05:31:54,76098.74051574127,73515.61394719222,2647.103250995525
2026-03-31 05:32:09,76082.58289954928,73515.61394719222,2630.9320509955246
2026-03-31 05:32:25,76080.29850316932,73515.61394719222,2630.9320509955246
2026-03-31 05:32:40,76091.58935782137,73515.61394719222,2643.7572509955253
2026-03-31 05:32:55,76093.87413895731,73515.61394719222,2643.7572509955253
2026-03-31 05:33:11,76092.35095153336,73515.61394719222,2643.7572509955253
2026-03-31 05:33:26,76092.05413702127,73515.61394719222,2640.411250995525
2026-03-31 05:33:42,76089.76945626532,73515.61394719222,2640.411250995525
2026-03-31 05:33:57,76086.42636728533,73515.61394719222,2637.065250995525
2026-03-31 05:34:12,76085.66484049334,73515.61394719222,2637.065250995525
2026-03-31 05:34:28,76087.94942086929,73515.61394719222,2637.065250995525
2026-03-31 05:34:43,76086.42636728533,73515.61394719222,2637.065250995525
2026-03-31 05:34:58,76095.43213414142,73515.61394719222,2649.8904509955255
2026-03-31 05:35:14,76098.47875431734,73515.61394719222,2649.8904509955255
2026-03-31 05:35:29,76102.58349834132,73515.61394719222,2653.2364509955255
2026-03-31 05:35:45,76101.06012133336,73515.61394719222,2653.2364509955255
2026-03-31 05:36:00,76106.68830928531,73515.61394719222,2656.5824509955255
2026-03-31 05:36:15,76107.45003124929,73515.61394719222,2656.5824509955255
2026-03-31 05:36:31,76105.16486535735,73515.61394719222,2656.5824509955255
2026-03-31 05:36:46,76107.45003124929,73515.61394719222,2656.5824509955255
2026-03-31 05:37:01,76100.5603838373,73515.61394719222,2650.449250995525
2026-03-31 05:37:17,76093.67085908932,73515.61394719222,2644.3160509955246
2026-03-31 05:37:32,76130.58901720536,73515.61394719222,2682.7916509955257
2026-03-31 05:37:48,76131.35100126134,73515.61394719222,2682.7916509955257
2026-03-31 05:38:03,76149.7944079093,73515.61394719222,2698.9628509955264
2026-03-31 05:38:18,76149.7944079093,73515.61394719222,2698.9628509955264
2026-03-31 05:38:34,76147.21336431729,73515.61394719222,2695.616850995526
2026-03-31 05:38:49,76146.4512520093,73515.61394719222,2695.616850995526
2026-03-31 05:39:04,76149.03226214132,73515.61394719222,2698.9628509955264
2026-03-31 05:39:20,76136.21809181331,73515.61394719222,2686.1376509955257
2026-03-31 05:39:35,76108.77008382128,73515.61394719222,2657.141250995525
2026-03-31 05:39:50,76107.24662871732,73515.61394719222,2657.141250995525
2026-03-31 05:40:06,76108.00835626929,73515.61394719222,2657.141250995525
2026-03-31 05:40:21,76110.58975115731,73515.61394719222,2660.4872509955253
2026-03-31 05:40:36,76111.35151216929,73515.61394719222,2660.4872509955253
2026-03-31 05:40:52,76109.82799014532,73515.61394719222,2660.4872509955253
2026-03-31 05:41:07,76110.58975115731,73515.61394719222,2660.4872509955253
2026-03-31 05:41:23,76110.58975115731,73515.61394719222,2660.4872509955253
2026-03-31 05:41:38,76110.58975115731,73515.61394719222,2660.4872509955253
2026-03-31 05:41:53,76110.58975115731,73515.61394719222,2660.4872509955253
2026-03-31 05:42:09,76110.58975115731,73515.61394719222,2660.4872509955253
2026-03-31 05:42:24,76106.48490116533,73515.61394719222,2657.141250995525
2026-03-31 05:42:39,76094.43245838932,73515.61394719222,2644.3160509955246
2026-03-31 05:42:55,76091.8509017893,73515.61394719222,2640.9700509955246
2026-03-31 05:43:10,76096.71725628927,73515.61394719222,2644.3160509955246
2026-03-31 05:43:25,76097.97888856928,73515.61394719222,2647.103250995525
2026-03-31 05:43:41,76095.39732638128,73515.61394719222,2643.7572509955253
2026-03-31 05:43:56,76096.15892009326,73515.61394719222,2643.7572509955253
2026-03-31 05:44:12,76093.87413895731,73515.61394719222,2643.7572509955253
2026-03-31 05:44:27,76092.05413702127,73515.61394719222,2640.411250995525
2026-03-31 05:44:42,76088.71094766127,73515.61394719222,2637.065250995525
2026-03-31 05:44:58,76111.29266814134,73515.61394719222,2662.7156509955257
2026-03-31 05:45:13,76113.57801802928,73515.61394719222,2662.7156509955257
2026-03-31 05:45:28,76112.81623473331,73515.61394719222,2662.7156509955257
2026-03-31 05:45:44,76109.47311229332,73515.61394719222,2659.3696509955257
2026-03-31 05:45:59,76109.47311229332,73515.61394719222,2659.3696509955257
2026-03-31 05:46:14,76105.36827347732,73515.61394719222,2656.0236509955253
2026-03-31 05:46:30,76089.97269708531,73515.61394719222,2639.8524509955255
2026-03-31 05:46:45,76104.31023324527,73515.61394719222,2652.6776509955257
2026-03-31 05:47:01,76106.59528199321,73515.61394719222,2652.6776509955257
2026-03-31 05:47:16,76103.54855032929,73515.61394719222,2652.6776509955257
2026-03-31 05:47:31,76102.49034279723,73515.61394719222,2649.3316509955257
2026-03-31 05:47:47,76086.33240318124,73515.61394719222,2633.160450995525
2026-03-31 05:48:02,76084.80942769328,73515.61394719222,2633.160450995525
2026-03-31 05:48:17,76087.09389092523,73515.61394719222,2633.160450995525
2026-03-31 05:48:33,76084.80942769328,73515.61394719222,2633.160450995525
2026-03-31 05:48:48,76082.22769261726,73515.61394719222,2629.814450995525
2026-03-31 05:49:03,76085.57091543726,73515.61394719222,2633.160450995525
2026-03-31 05:49:19,76093.51908262928,73515.61394719222,2642.6396509955257
2026-03-31 05:49:34,76093.51908262928,73515.61394719222,2642.6396509955257
2026-03-31 05:49:50,76099.14708651723,73515.61394719222,2645.9856509955257
2026-03-31 05:50:05,76096.10062253331,73515.61394719222,2645.9856509955257
2026-03-31 05:50:20,76091.23433502133,73515.61394719222,2642.6396509955257
2026-03-31 05:50:36,76092.7575000933,73515.61394719222,2642.6396509955257
2026-03-31 05:50:51,76078.42042119734,73515.61394719222,2629.814450995525
2026-03-31 05:51:06,76100.40871327728,73515.61394719222,2648.7728509955264
2026-03-31 05:51:22,76089.41437765332,73515.61394719222,2639.2936509955252
2026-03-31 05:51:37,76078.12304897327,73515.61394719222,2626.468450995525
2026-03-31 05:51:52,76061.96543278128,73515.61394719222,2610.2972509955252
2026-03-31 05:52:08,76059.38346907325,73515.61394719222,2606.951250995525
2026-03-31 05:52:23,76043.06195906941,73515.61394719222,2597.4720509955246
2026-03-31 05:52:38,76073.25708488532,73515.61394719222,2623.1224509955255
2026-03-31 05:52:54,76048.38987508928,73515.61394719222,2597.4720509955246
2026-03-31 05:53:09,76074.0184722493,73515.61394719222,2623.1224509955255
2026-03-31 05:53:25,76069.91396244531,73515.61394719222,2619.7764509955255
2026-03-31 05:53:40,76063.02474442533,73515.61394719222,2613.643250995525
2026-03-31 05:53:55,76061.20417366929,73515.61394719222,2610.2972509955252
2026-03-31 05:54:11,76061.20417366929,73515.61394719222,2610.2972509955252
2026-03-31 05:54:26,76049.15100594927,73515.61394719222,2597.4720509955246
2026-03-31 05:54:41,76066.83120728524,73515.61394719222,2613.643250995525
2026-03-31 05:54:57,76079.94332976532,73515.61394719222,2629.814450995525
2026-03-31 05:55:12,76082.22769261726,73515.61394719222,2629.814450995525
2026-03-31 05:55:28,76086.33240318124,73515.61394719222,2633.160450995525
2026-03-31 05:55:43,76084.80942769328,73515.61394719222,2633.160450995525
2026-03-31 05:55:58,76089.67565946124,73515.61394719222,2636.5064509955255
2026-03-31 05:56:14,76076.09958317326,73515.61394719222,2623.681250995525
2026-03-31 05:56:29,76076.09958317326,73515.61394719222,2623.681250995525
2026-03-31 05:56:44,76071.99500086128,73515.61394719222,2620.335250995525
2026-03-31 05:57:00,76070.47228187732,73515.61394719222,2620.335250995525
2026-03-31 05:57:15,76071.23364136928,73515.61394719222,2620.335250995525
2026-03-31 05:57:31,76058.41934278929,73515.61394719222,2607.5100509955246
2026-03-31 05:57:46,76046.36614719727,73515.61394719222,2594.6848509955257
2026-03-31 05:58:01,76075.33819022129,73515.61394719222,2623.681250995525
2026-03-31 05:58:17,76075.33819022129,73515.61394719222,2623.681250995525
2026-03-31 05:58:32,76088.15261705327,73515.61394719222,2636.5064509955255
2026-03-31 05:58:47,76073.81540431731,73515.61394719222,2623.681250995525
2026-03-31 05:59:03,76074.5767972693,73515.61394719222,2623.681250995525
2026-03-31 05:59:18,76076.09958317326,73515.61394719222,2623.681250995525
2026-03-31 05:59:33,76075.33819022129,73515.61394719222,2623.681250995525
2026-03-31 05:59:49,76062.52376338927,73515.61394719222,2610.8560509955246
2026-03-31 06:00:04,76051.23160945324,73515.61394719222,2598.030850995526
2026-03-31 06:00:19,76064.80755748921,73515.61394719222,2610.8560509955246
2026-03-31 06:00:35,76049.70933655728,73515.61394719222,2598.030850995526
2026-03-31 06:00:50,76048.9482001093,73515.61394719222,2598.030850995526
2026-03-31 06:01:06,76048.42484203976,73000.09861279221,3112.2606109955263
2026-03-31 06:01:21,76043.80526574617,72487.83715279221,3619.898610995526
2026-03-31 06:01:36,76057.3808981878,72487.83715279221,3632.7238109955247
2026-03-31 06:01:52,76054.33987888352,72487.83715279221,3631.203910995525
2026-03-31 06:02:07,76052.51533106853,72487.83715279221,3629.3778109955247
2026-03-31 06:02:22,76054.33987888352,72487.83715279221,3631.203910995525
2026-03-31 06:02:38,76060.2649333529,72487.83715279221,3637.895910995525
2026-03-31 06:02:53,76068.21327699561,72487.83715279221,3647.375110995525
2026-03-31 06:03:09,76078.7427496957,72487.83715279221,3660.200310995526
2026-03-31 06:03:24,76076.92268838496,72487.83715279221,3656.8543109955253
2026-03-31 06:03:39,76078.44558221423,72487.83715279221,3656.8543109955253
2026-03-31 06:03:55,76064.8702214756,72487.83715279221,3644.029110995525
2026-03-31 06:04:10,76054.63813930098,72487.83715279221,3634.549910995525
2026-03-31 06:04:25,76065.9292206277,72487.83715279221,3647.375110995525
2026-03-31 06:04:41,76069.27217576769,72487.83715279221,3650.7211109955256
2026-03-31 06:04:56,76068.21327699561,72487.83715279221,3647.375110995525
2026-03-31 06:05:12,76064.61565140497,72487.83715279221,3644.536310995525
2026-03-31 06:05:27,76051.80186583298,72487.83715279221,3631.711110995525
2026-03-31 06:05:42,76051.80186583298,72487.83715279221,3631.711110995525
2026-03-31 06:05:58,76064.61565140497,72487.83715279221,3644.536310995525
2026-03-31 06:06:13,76065.9292206277,72487.83715279221,3647.375110995525
2026-03-31 06:06:28,76069.27217576769,72487.83715279221,3650.7211109955256
2026-03-31 06:06:44,76084.62053120197,72487.83715279221,3664.5590109955256
2026-03-31 06:06:59,76096.67266456033,72487.83715279221,3677.384210995526
2026-03-31 06:07:15,76094.8529134676,72487.83715279221,3674.038210995526
2026-03-31 06:07:30,76103.56205822597,72487.83715279221,3683.517410995526
2026-03-31 06:07:45,76115.10725848033,72487.83715279221,3695.835410995525
2026-03-31 06:08:01,76118.91134634423,72487.83715279221,3697.355310995525
2026-03-31 06:08:16,76114.80133406034,72487.83715279221,3695.5292109955253
2026-03-31 06:08:31,76103.0504095777,72487.83715279221,3684.5301109955262
2026-03-31 06:08:47,76105.33558059561,72487.83715279221,3684.5301109955262
2026-03-31 06:09:02,76103.81213325034,72487.83715279221,3684.5301109955262
2026-03-31 06:09:18,76104.78436459352,72487.83715279221,3681.6913109955262
2026-03-31 06:09:33,76103.26097402425,72487.83715279221,3681.6913109955262
2026-03-31 06:09:48,76104.78436459352,72487.83715279221,3681.6913109955262
2026-03-31 06:10:04,76104.02266930889,72487.83715279221,3681.6913109955262
2026-03-31 06:10:19,76104.78436459352,72487.83715279221,3681.6913109955262
2026-03-31 06:10:34,76107.36579174889,72487.83715279221,3685.0373109955262
2026-03-31 06:10:50,76106.60406300424,72487.83715279221,3685.0373109955262
2026-03-31 06:11:05,76109.94715198425,72487.83715279221,3688.3833109955267
2026-03-31 06:11:20,76096.3714759556,72487.83715279221,3675.558110995526
2026-03-31 06:11:36,76106.60406300424,72487.83715279221,3685.0373109955262
2026-03-31 06:11:51,76106.60406300424,72487.83715279221,3685.0373109955262
2026-03-31 06:12:07,76092.26681994298,72487.83715279221,3672.212110995526
2026-03-31 06:12:22,76078.69156213033,72487.83715279221,3659.386910995526
2026-03-31 06:12:37,76078.13964860824,72487.83715279221,3656.5481109955253
2026-03-31 06:12:53,76065.32560653223,72487.83715279221,3643.722910995525
2026-03-31 06:13:08,76064.56429093161,72487.83715279221,3643.722910995525
2026-03-31 06:13:23,76066.08692213288,72487.83715279221,3643.722910995525
2026-03-31 06:13:39,76078.90109246089,72487.83715279221,3656.5481109955253
2026-03-31 06:13:54,76080.72126027562,72487.83715279221,3659.894110995526
2026-03-31 06:14:09,76081.23238582289,72487.83715279221,3658.8814109955256
2026-03-31 06:14:25,76078.95234095024,72487.83715279221,3657.3615109955254
2026-03-31 06:14:40,76078.65069710852,72487.83715279221,3655.535410995525
2026-03-31 06:14:56,76077.12782965724,72487.83715279221,3655.535410995525
2026-03-31 06:15:11,76077.88926338288,72487.83715279221,3655.535410995525
2026-03-31 06:15:26,76071.70978231089,72487.83715279221,3649.3506109955256
2026-03-31 06:15:42,76073.5300940756,72487.83715279221,3652.6966109955256
2026-03-31 06:15:57,76071.70978231089,72487.83715279221,3649.3506109955256
2026-03-31 06:16:13,76060.41809923416,72487.83715279221,3636.525410995525
2026-03-31 06:16:28,76069.12389914025,72487.83715279221,3647.524510995526
2026-03-31 06:16:43,76071.40795999016,72487.83715279221,3647.524510995526
2026-03-31 06:16:59,76070.64660637353,72487.83715279221,3647.524510995526
2026-03-31 06:17:14,76058.89561198288,72487.83715279221,3636.525410995525
2026-03-31 06:17:29,76058.89561198288,72487.83715279221,3636.525410995525
2026-03-31 06:17:45,76060.41809923416,72487.83715279221,3636.525410995525
2026-03-31 06:18:00,76059.65685560853,72487.83715279221,3636.525410995525
2026-03-31 06:18:16,76059.65685560853,72487.83715279221,3636.525410995525
2026-03-31 06:18:31,76057.58168382617,72487.83715279221,3633.686610995525
2026-03-31 06:18:46,76056.05925335089,72487.83715279221,3633.686610995525
2026-03-31 06:19:02,76055.29803811325,72487.83715279221,3633.686610995525
2026-03-31 06:19:17,76056.05925335089,72487.83715279221,3633.686610995525
2026-03-31 06:19:32,76072.9820384848,72487.83715279221,3648.337910995526
2026-03-31 06:19:48,76071.91879763742,72487.83715279221,3646.5118109955256
2026-03-31 06:20:03,76072.22067673417,72487.83715279221,3648.337910995526
2026-03-31 06:20:19,76048.41273501689,72487.83715279221,3626.033510995525
2026-03-31 06:20:34,76049.17387372353,72487.83715279221,3626.033510995525
2026-03-31 06:20:49,76049.17387372353,72487.83715279221,3626.033510995525
2026-03-31 06:21:05,76048.87513881008,72487.83715279221,3622.687510995525
2026-03-31 06:21:20,76042.78629683697,72487.83715279221,3622.687510995525
2026-03-31 06:21:35,76050.6961511368,72487.83715279221,3626.033510995525
2026-03-31 06:21:51,76052.21842855008,72487.83715279221,3626.033510995525
2026-03-31 06:22:06,76049.17387372353,72487.83715279221,3626.033510995525
2026-03-31 06:22:21,76050.6961511368,72487.83715279221,3626.033510995525
2026-03-31 06:22:37,76047.65159631024,72487.83715279221,3626.033510995525
2026-03-31 06:22:52,76049.72675945962,72487.83715279221,3628.8723109955254
2026-03-31 06:23:08,76064.06326397689,72487.83715279221,3641.6975109955256
2026-03-31 06:23:23,76076.87743430489,72487.83715279221,3654.522710995526
2026-03-31 06:23:38,76087.40694908096,72487.83715279221,3667.347910995526
2026-03-31 06:23:54,76104.02913516616,72487.83715279221,3680.1731109955267
2026-03-31 06:24:09,76084.32516970352,72487.83715279221,3661.2147109955263
2026-03-31 06:24:25,76081.74347086217,72487.83715279221,3657.868710995526
2026-03-31 06:24:40,76083.26638497943,72487.83715279221,3657.868710995526
2026-03-31 06:24:55,76084.02784203808,72487.83715279221,3657.868710995526
2026-03-31 06:25:11,76084.02784203808,72487.83715279221,3657.868710995526
2026-03-31 06:25:26,76079.92312869943,72487.83715279221,3654.522710995526
2026-03-31 06:25:41,76084.82544541161,72487.83715279221,3664.001910995526
2026-03-31 06:25:57,76083.30240863033,72487.83715279221,3664.001910995526
2026-03-31 06:26:12,76076.11601070625,72487.83715279221,3654.522710995526
2026-03-31 06:26:27,76077.63885790353,72487.83715279221,3654.522710995526
2026-03-31 06:26:43,76087.11000058352,72487.83715279221,3664.001910995526
2026-03-31 06:26:58,76097.6393592356,72487.83715279221,3676.8271109955267
2026-03-31 06:27:14,76099.92429916351,72487.83715279221,3676.8271109955267
2026-03-31 06:27:29,76096.87771259298,72487.83715279221,3676.8271109955267
2026-03-31 06:27:44,76102.20923909143,72487.83715279221,3676.8271109955267
2026-03-31 06:28:00,76102.20923909143,72487.83715279221,3676.8271109955267
2026-03-31 06:28:15,76104.7908152688,72487.83715279221,3680.1731109955267
2026-03-31 06:28:30,76122.47227680207,72487.83715279221,3696.344310995525
2026-03-31 06:28:46,76109.65746521408,72487.83715279221,3683.5191109955267
2026-03-31 06:29:01,76105.08718383824,72487.83715279221,3683.5191109955267
2026-03-31 06:29:16,76117.60537035279,72487.83715279221,3692.998310995525
2026-03-31 06:29:32,76116.08175364352,72487.83715279221,3692.998310995525
2026-03-31 06:29:47,76112.73362564124,72487.83715279221,3691.172210995525
2026-03-31 06:30:03,76100.9824147556,72487.83715279221,3680.1731109955267
2026-03-31 06:30:18,76101.74409485825,72487.83715279221,3680.1731109955267
2026-03-31 06:30:33,76114.55813693424,72487.83715279221,3692.998310995525
2026-03-31 06:30:49,76080.68455229807,72487.83715279221,3654.522710995526
2026-03-31 06:31:04,76088.17301174688,72487.83715279221,3665.828010995526
2026-03-31 06:31:19,76088.17301174688,72487.83715279221,3665.828010995526
2026-03-31 06:31:35,76086.6499384436,72487.83715279221,3665.828010995526
2026-03-31 06:31:50,76087.41147509524,72487.83715279221,3665.828010995526
2026-03-31 06:32:06,76088.17301174688,72487.83715279221,3665.828010995526
2026-03-31 06:32:21,76090.24780533924,72487.83715279221,3668.666810995526
2026-03-31 06:32:36,76089.48624029961,72487.83715279221,3668.666810995526
2026-03-31 06:32:52,76092.06769731997,72487.83715279221,3672.012810995526
2026-03-31 06:33:07,76096.6372883178,72487.83715279221,3672.012810995526
2026-03-31 06:33:23,76095.87568981816,72487.83715279221,3672.012810995526
2026-03-31 06:33:38,76096.93398329924,72487.83715279221,3675.358810995526
2026-03-31 06:33:53,76109.74802537524,72487.83715279221,3688.184010995526
2026-03-31 06:34:09,76126.16031454688,72487.83715279221,3703.848010995525
2026-03-31 06:34:24,76108.9862651636,72487.83715279221,3688.184010995526
2026-03-31 06:34:39,76112.58435561926,72487.83715279221,3691.0228109955265
2026-03-31 06:34:55,76117.45108871852,72487.83715279221,3694.3688109955265
2026-03-31 06:35:10,76120.79424461852,72487.83715279221,3697.714810995526
2026-03-31 06:35:26,76120.0323890989,72487.83715279221,3697.714810995526
2026-03-31 06:35:41,76105.69962588488,72487.83715279221,3683.369710995526
2026-03-31 06:35:56,76104.38663461416,72487.83715279221,3680.5309109955256
2026-03-31 06:36:12,76117.20106144618,72487.83715279221,3693.3561109955263
2026-03-31 06:36:27,76114.92064142853,72487.83715279221,3691.8362109955265
2026-03-31 06:36:42,76113.90880222352,72487.83715279221,3690.8235109955262
2026-03-31 06:36:58,76114.67058883017,72487.83715279221,3690.8235109955262
2026-03-31 06:37:13,76115.4323754368,72487.83715279221,3690.8235109955262
2026-03-31 06:37:29,76132.35210165943,72487.83715279221,3706.994710995525
2026-03-31 06:37:44,76132.35210165943,72487.83715279221,3706.994710995525
2026-03-31 06:37:59,76145.92886156608,72487.83715279221,3719.8199109955253
2026-03-31 06:38:15,76124.43735622762,72487.83715279221,3703.648710995525
2026-03-31 06:38:30,76116.49515490617,72487.83715279221,3692.649610995527
2026-03-31 06:38:45,76111.92937294762,72487.83715279221,3691.1297109955262
2026-03-31 06:39:01,76117.55789785352,72487.83715279221,3694.4757109955267
2026-03-31 06:39:16,76099.11545912361,72487.83715279221,3678.304510995526
2026-03-31 06:39:32,76100.63878195689,72487.83715279221,3678.304510995526
2026-03-31 06:39:47,76102.46331151089,72487.83715279221,3680.130610995526
2026-03-31 06:40:02,76102.46331151089,72487.83715279221,3680.130610995526
2026-03-31 06:40:18,76103.22499118853,72487.83715279221,3680.130610995526
2026-03-31 06:40:33,76114.51567390923,72487.83715279221,3692.955810995526
2026-03-31 06:40:49,76119.38244566853,72487.83715279221,3696.3018109955265
2026-03-31 06:41:04,76117.85876288924,72487.83715279221,3696.3018109955265
2026-03-31 06:41:19,76119.38244566853,72487.83715279221,3696.3018109955265
2026-03-31 06:41:35,76117.85876288924,72487.83715279221,3696.3018109955265
2026-03-31 06:41:50,76130.9226441476,72487.83715279221,3710.1397109955246
2026-03-31 06:42:05,76131.22314112032,72487.83715279221,3711.9658109955244
2026-03-31 06:42:21,76132.7471371796,72487.83715279221,3711.9658109955244
2026-03-31 06:42:36,76135.79512929816,72487.83715279221,3711.9658109955244
2026-03-31 06:42:52,76122.21883268852,72487.83715279221,3699.140610995526
2026-03-31 06:43:07,76120.14428705817,72487.83715279221,3696.3018109955265
2026-03-31 06:43:22,76114.04955594106,72487.83715279221,3696.3018109955265
2026-03-31 06:43:38,76125.03853676906,72487.83715279221,3707.300910995525
2026-03-31 06:43:53,76124.27658538842,72487.83715279221,3707.300910995525
2026-03-31 06:44:09,76152.18975417034,72487.83715279221,3732.951310995526
2026-03-31 06:44:24,76155.78823552297,72487.83715279221,3735.7901109955255
2026-03-31 06:44:39,76157.30678281197,72487.83715279221,3737.3100109955258
2026-03-31 06:44:55,76158.0690342836,72487.83715279221,3737.3100109955258
2026-03-31 06:45:10,76159.89352731561,72487.83715279221,3739.1361109955255
2026-03-31 06:45:25,76158.83128575524,72487.83715279221,3737.3100109955258
2026-03-31 06:45:41,76107.57511745124,72487.83715279221,3686.0092109955262
2026-03-31 06:45:56,76122.21367082025,72487.83715279221,3700.6605109955262
2026-03-31 06:46:12,76116.79607472489,72487.83715279221,3694.4757109955267
2026-03-31 06:46:27,76114.51060533898,72487.83715279221,3694.4757109955267
2026-03-31 06:46:42,76114.51060533898,72487.83715279221,3694.4757109955267
2026-03-31 06:46:58,76129.86011262324,72487.83715279221,3708.313610995525
2026-03-31 06:47:13,76141.9120649396,72487.83715279221,3721.1388109955255
2026-03-31 06:47:29,76141.14997517997,72487.83715279221,3721.1388109955255
2026-03-31 06:47:44,76142.67415469924,72487.83715279221,3721.1388109955255
2026-03-31 06:47:59,76146.77936689889,72487.83715279221,3724.4848109955255
2026-03-31 06:48:15,76129.86011262324,72487.83715279221,3708.313610995525
2026-03-31 06:48:30,76132.44660368489,72487.83715279221,3710.1397109955246
2026-03-31 06:48:45,76133.20858345352,72487.83715279221,3710.1397109955246
2026-03-31 06:49:01,76129.10348124488,72487.83715279221,3706.7937109955246
2026-03-31 06:49:16,76117.81294703016,72487.83715279221,3693.9685109955262
2026-03-31 06:49:32,76115.78254710889,72487.83715279221,3693.461310995526
2026-03-31 06:49:47,76101.44500731562,72487.83715279221,3680.6361109955255
2026-03-31 06:50:02,76128.59671743689,72487.83715279221,3706.2865109955246
2026-03-31 06:50:18,76115.78254710889,72487.83715279221,3693.461310995526
2026-03-31 06:50:33,76135.78165723899,72487.83715279221,3715.765710995525
2026-03-31 06:50:48,76142.17295725351,72487.83715279221,3719.111710995525
2026-03-31 06:51:04,76143.6970962308,72487.83715279221,3719.111710995525
2026-03-31 06:51:19,76167.3078314167,72487.83715279221,3740.4533109955255
2026-03-31 06:51:35,76159.38507514761,72487.83715279221,3738.6272109955257
2026-03-31 06:51:50,76148.85757049851,72487.83715279221,3725.8020109955255
2026-03-31 06:52:06,76156.54877329161,72487.83715279221,3735.7884109955257
2026-03-31 06:52:21,76154.02527421352,72487.83715279221,3730.9741109955253
2026-03-31 06:52:36,76151.43855654688,72487.83715279221,3729.1480109955255
2026-03-31 06:52:52,76152.20072639853,72487.83715279221,3729.1480109955255
2026-03-31 06:53:07,76139.38642781852,72487.83715279221,3716.3228109955253
2026-03-31 06:53:23,76156.01157565671,72487.83715279221,3729.1480109955255
2026-03-31 06:53:38,76150.67638669524,72487.83715279221,3729.1480109955255
2026-03-31 06:53:53,76171.70742834281,72487.83715279221,3747.145310995526
2026-03-31 06:54:09,76167.60188915816,72487.83715279221,3743.799310995526
2026-03-31 06:54:24,76164.55262369961,72487.83715279221,3743.799310995526
2026-03-31 06:54:40,76164.55262369961,72487.83715279221,3743.799310995526
2026-03-31 06:54:55,76170.48254033724,72487.83715279221,3748.9714109955257
2026-03-31 06:55:10,76161.77386053489,72487.83715279221,3739.4922109955255
2026-03-31 06:55:26,76166.64755630743,72487.83715279221,3741.3183109955257
2026-03-31 06:55:41,76159.23750512362,72487.83715279221,3738.4795109955257
2026-03-31 06:55:57,76155.10182544208,72487.83715279221,3729.000310995525
2026-03-31 06:56:12,76169.43530591107,72487.83715279221,3743.345410995525
2026-03-31 06:56:27,76159.23750512362,72487.83715279221,3738.4795109955257
2026-03-31 06:56:43,76186.21333767714,72487.83715279221,3770.821910995526
2026-03-31 06:56:58,76179.96902373944,72487.83715279221,3754.6507109955255
2026-03-31 06:57:13,76165.62974715016,72487.83715279221,3741.8255109955253
2026-03-31 06:57:29,76183.31228001944,72487.83715279221,3757.9967109955255
2026-03-31 06:57:44,76181.78736334217,72487.83715279221,3757.9967109955255
2026-03-31 06:58:00,76181.23823778608,72487.83715279221,3755.1579109955255
2026-03-31 06:58:15,76178.65734453671,72487.83715279221,3751.8119109955255
2026-03-31 06:58:30,76189.1847101488,72487.83715279221,3764.6371109955257
2026-03-31 06:58:46,76189.94723489143,72487.83715279221,3764.6371109955257
2026-03-31 06:59:01,76189.1847101488,72487.83715279221,3764.6371109955257
2026-03-31 06:59:17,76173.0269322448,72487.83715279221,3748.465910995526
2026-03-31 06:59:32,76197.89342287816,72487.83715279221,3774.116310995527
2026-03-31 06:59:47,76172.26456921417,72487.83715279221,3748.465910995526
2026-03-31 07:00:03,76157.64731512035,72487.83715279221,3736.1250094092493
2026-03-31 07:00:18,76123.0585167636,72487.83715279221,3699.9810094092504
2026-03-31 07:00:34,76109.18140203723,72487.83715279221,3685.3297094092495
2026-03-31 07:00:49,76109.50634640818,71976.24155329222,4198.012909409259
2026-03-31 07:01:04,76091.51979665691,71976.24155329222,4181.535509409259
2026-03-31 07:01:20,76090.75821888629,71976.24155329222,4181.535509409259
2026-03-31 07:01:35,76092.28137442755,71976.24155329222,4181.535509409259
2026-03-31 07:01:50,76076.72733044504,71976.24155329222,4169.016509409258
2026-03-31 07:02:06,76060.57068452504,71976.24155329222,4152.845309409259
2026-03-31 07:02:21,76070.49681142367,71976.24155329222,4162.018309409258
2026-03-31 07:02:37,76038.49427115155,71976.24155329222,4127.702109409259
2026-03-31 07:02:52,76056.9274162143,71976.24155329222,4147.674909409259
2026-03-31 07:03:07,76038.94236754504,71976.24155329222,4131.1975094092595
2026-03-31 07:03:23,76003.54415412355,71976.24155329222,4092.721909409258
2026-03-31 07:03:38,75990.72998379555,71976.24155329222,4079.8967094092595
2026-03-31 07:03:54,76003.54415412355,71976.24155329222,4092.721909409258
2026-03-31 07:04:09,76014.83668867829,71976.24155329222,4105.547109409258
2026-03-31 07:04:24,76016.35832445155,71976.24155329222,4105.547109409258
2026-03-31 07:04:40,76013.31505290503,71976.24155329222,4105.547109409258
2026-03-31 07:04:55,76014.07587079167,71976.24155329222,4105.547109409258
2026-03-31 07:05:11,76009.67207957155,71976.24155329222,4098.855109409258
2026-03-31 07:05:26,75999.44037550892,71976.24155329222,4089.375909409258
2026-03-31 07:05:41,76014.53677086481,71976.24155329222,4102.201109409259
2026-03-31 07:05:57,76009.67207957155,71976.24155329222,4098.855109409258
2026-03-31 07:06:12,76028.21072351091,71976.24155329222,4118.171309409258
2026-03-31 07:06:27,76020.15180725428,71976.24155329222,4110.866909409258
2026-03-31 07:06:43,76023.08558626293,71976.24155329222,4113.04170940926
2026-03-31 07:06:58,76010.27154418691,71976.24155329222,4100.21650940926
2026-03-31 07:07:14,76012.0470639768,71976.24155329222,4099.70930940926
2026-03-31 07:07:29,76009.5107796063,71976.24155329222,4100.21650940926
2026-03-31 07:07:44,76006.62252160092,71976.24155329222,4096.564309409258
2026-03-31 07:08:00,75994.56907933156,71976.24155329222,4083.739109409258
2026-03-31 07:08:15,75980.99443744891,71976.24155329222,4070.913909409258
2026-03-31 07:08:31,75979.17222465816,71976.24155329222,4067.567909409258
2026-03-31 07:08:46,75981.75490900355,71976.24155329222,4070.913909409258
2026-03-31 07:09:01,75968.18039537292,71976.24155329222,4058.0887094092595
2026-03-31 07:09:17,75997.91220177154,71976.24155329222,4087.085109409258
2026-03-31 07:09:32,75998.97332403167,71976.24155329222,4090.431109409258
2026-03-31 07:09:48,76000.49465748492,71976.24155329222,4090.431109409258
2026-03-31 07:10:03,76004.90438331955,71976.24155329222,4094.0833094092586
2026-03-31 07:10:18,76001.56126087956,71976.24155329222,4090.7373094092586
2026-03-31 07:10:34,75989.50763208818,71976.24155329222,4077.9121094092584
2026-03-31 07:10:49,75979.32828826092,71976.24155329222,4069.246309409259
2026-03-31 07:11:05,75978.56783338229,71976.24155329222,4069.246309409259
2026-03-31 07:11:20,75964.99359293167,71976.24155329222,4056.421109409259
2026-03-31 07:11:35,75974.46435644368,71976.24155329222,4065.900309409259
2026-03-31 07:11:51,75996.85248256505,71976.24155329222,4089.0697094092575
2026-03-31 07:12:06,75977.80737850367,71976.24155329222,4069.246309409259
2026-03-31 07:12:22,75964.99359293167,71976.24155329222,4056.421109409259
2026-03-31 07:12:37,75980.84919801817,71976.24155329222,4069.246309409259
2026-03-31 07:12:52,75984.19235391817,71976.24155329222,4072.5923094092595
2026-03-31 07:13:08,75983.43186557955,71976.24155329222,4072.5923094092595
2026-03-31 07:13:23,75987.08092468754,71976.24155329222,4076.244509409259
2026-03-31 07:13:39,76001.41640124081,71976.24155329222,4089.0697094092575
2026-03-31 07:13:54,75971.98556453366,71976.24155329222,4063.4193094092584
2026-03-31 07:14:09,75977.60987679954,71976.24155329222,4066.765309409259
2026-03-31 07:14:25,75976.84944673092,71976.24155329222,4066.765309409259
2026-03-31 07:14:40,75974.56815652504,71976.24155329222,4066.765309409259
2026-03-31 07:14:55,75975.32858659366,71976.24155329222,4066.765309409259
2026-03-31 07:15:11,75971.67963705167,71976.24155329222,4063.113109409259
2026-03-31 07:15:26,75990.41887802504,71976.24155329222,4082.630309409259
2026-03-31 07:15:42,76005.30803506641,71976.24155329222,4098.294309409258
2026-03-31 07:15:57,75986.31533416641,71976.24155329222,4079.2843094092595
2026-03-31 07:16:12,75974.26223210504,71976.24155329222,4066.4591094092593
2026-03-31 07:16:28,75975.57756639579,71976.24155329222,4069.2979094092593
2026-03-31 07:16:43,75959.92797727579,71976.24155329222,4053.6339094092586
2026-03-31 07:16:58,75961.44857478504,71976.24155329222,4053.6339094092586
2026-03-31 07:17:14,75962.9691722943,71976.24155329222,4053.6339094092586
2026-03-31 07:17:29,75965.25006855818,71976.24155329222,4053.6339094092586
2026-03-31 07:17:45,75962.20887353967,71976.24155329222,4053.6339094092586
2026-03-31 07:18:00,75975.7830861183,71976.24155329222,4066.4591094092593
2026-03-31 07:18:15,75996.60352819956,71976.24155329222,4085.775309409259
2026-03-31 07:18:31,76003.79243120567,71976.24155329222,4095.2545094092575
2026-03-31 07:18:46,76006.07457608754,71976.24155329222,4095.2545094092575
2026-03-31 07:19:02,76003.49213514818,71976.24155329222,4091.9085094092575
2026-03-31 07:19:17,76026.8379182943,71976.24155329222,4117.558909409258
2026-03-31 07:19:33,76030.43518654292,71976.24155329222,4120.397709409259
2026-03-31 07:19:48,76044.30893328504,71976.24155329222,4136.568909409259
2026-03-31 07:20:03,76033.0172756703,71976.24155329222,4123.743709409258
2026-03-31 07:20:19,76038.13666224817,71976.24155329222,4126.582509409259
2026-03-31 07:20:34,76031.44359974368,71976.24155329222,4122.930309409259
2026-03-31 07:20:49,76037.06969733955,71976.24155329222,4126.276309409259
2026-03-31 07:21:05,76037.83072251818,71976.24155329222,4126.276309409259
2026-03-31 07:21:20,76034.48756661818,71976.24155329222,4122.930309409259
2026-03-31 07:21:36,76037.83072251818,71976.24155329222,4126.276309409259
2026-03-31 07:21:51,76049.88386766755,71976.24155329222,4139.101509409259
2026-03-31 07:22:07,76052.72022629956,71976.24155329222,4141.9403094092595
2026-03-31 07:22:22,76052.77173682292,71976.24155329222,4142.7537094092595
2026-03-31 07:22:37,76053.53292677554,71976.24155329222,4142.7537094092595
2026-03-31 07:22:53,76039.95769474692,71976.24155329222,4129.928509409258
2026-03-31 07:23:08,76054.7493638888,71976.24155329222,4142.4475094092595
2026-03-31 07:23:23,76047.86019021817,71976.24155329222,4136.314309409259
2026-03-31 07:23:39,76047.09906465955,71976.24155329222,4136.314309409259
2026-03-31 07:23:54,76059.91323498756,71976.24155329222,4149.1395094092595
2026-03-31 07:24:10,76059.15198117692,71976.24155329222,4149.1395094092595
2026-03-31 07:24:25,76063.56229409555,71976.24155329222,4152.791709409259
2026-03-31 07:24:40,76049.22579960628,71976.24155329222,4139.966509409259
2026-03-31 07:24:56,76049.22579960628,71976.24155329222,4139.966509409259
2026-03-31 07:25:11,76036.41188578229,71976.24155329222,4127.141309409259
2026-03-31 07:25:27,76040.97808875405,71976.24155329222,4127.141309409259
2026-03-31 07:25:42,76039.50769587817,71976.24155329222,4127.954709409259
2026-03-31 07:25:57,76023.04430166817,71976.24155329222,4111.477309409258
2026-03-31 07:26:13,76018.17945831091,71976.24155329222,4108.1313094092575
2026-03-31 07:26:28,76018.17945831091,71976.24155329222,4108.1313094092575
2026-03-31 07:26:44,76005.06505532142,71976.24155329222,4091.960109409259
2026-03-31 07:26:59,75990.72939270818,71976.24155329222,4079.1349094092584
2026-03-31 07:27:14,75986.31977983555,71976.24155329222,4075.482709409259
2026-03-31 07:27:30,75988.65353106482,71976.24155329222,4076.2961094092584
2026-03-31 07:27:45,75987.13248031156,71976.24155329222,4076.2961094092584
2026-03-31 07:28:00,75968.69409654966,71976.24155329222,4060.1249094092586
2026-03-31 07:28:16,75965.85782308166,71976.24155329222,4057.286109409258
2026-03-31 07:28:31,75968.64559271955,71976.24155329222,4057.7933094092577
2026-03-31 07:28:47,75961.50093583642,71976.24155329222,4054.447309409258
2026-03-31 07:29:02,75956.59163448817,71976.24155329222,4044.9681094092575
2026-03-31 07:29:17,75970.1662734168,71976.24155329222,4057.7933094092577
2026-03-31 07:29:33,75968.64559271955,71976.24155329222,4057.7933094092577
2026-03-31 07:29:48,75964.99653361156,71976.24155329222,4054.141109409258
2026-03-31 07:30:04,75960.63962410229,71976.24155329222,4051.3023094092587
2026-03-31 07:30:19,75959.87934866367,71976.24155329222,4051.3023094092587
2026-03-31 07:30:34,75959.87934866367,71976.24155329222,4051.3023094092587
2026-03-31 07:30:50,75934.84656268811,71464.69415399221,4537.03392940928
2026-03-31 07:31:05,75942.94708816592,71464.69415399221,4544.38082940928
2026-03-31 07:31:21,75942.1869974161,71464.69415399221,4544.38082940928
2026-03-31 07:31:36,75956.52134924378,71464.69415399221,4557.20602940928
2026-03-31 07:31:51,75955.0009112401,71464.69415399221,4557.20602940928
2026-03-31 07:32:07,75949.5274321441,71464.69415399221,4551.72772940928
2026-03-31 07:32:22,75949.5274321441,71464.69415399221,4551.72772940928
2026-03-31 07:32:38,75955.0009112401,71464.69415399221,4557.20602940928
2026-03-31 07:32:53,75929.72007685644,71464.69415399221,4533.424229409281
2026-03-31 07:33:08,75954.39088302177,71464.69415399221,4555.0737294092805
2026-03-31 07:33:24,75955.1510807006,71464.69415399221,4555.0737294092805
2026-03-31 07:33:39,75984.1228337606,71464.69415399221,4584.070129409281
2026-03-31 07:33:55,75970.8017663006,71464.69415399221,4570.737729409281
2026-03-31 07:34:10,75993.19343503944,71464.69415399221,4592.387229409281
2026-03-31 07:34:25,75970.04141198177,71464.69415399221,4570.737729409281
2026-03-31 07:34:41,75971.8637588641,71464.69415399221,4574.083729409281
2026-03-31 07:34:56,75959.0498450401,71464.69415399221,4561.2585294092805
2026-03-31 07:35:12,75953.5763659441,71464.69415399221,4555.780229409282
2026-03-31 07:35:27,75960.57036409377,71464.69415399221,4561.2585294092805
2026-03-31 07:35:42,75952.46959636993,71464.69415399221,4553.91162940928
2026-03-31 07:35:58,75940.05657384009,71464.69415399221,4542.24852940928
2026-03-31 07:36:13,75954.39088302177,71464.69415399221,4555.0737294092805
2026-03-31 07:36:29,75962.3413459681,71464.69415399221,4564.552929409281
2026-03-31 07:36:44,75977.73786112927,71464.69415399221,4580.724129409281
2026-03-31 07:36:59,75975.1552597921,71464.69415399221,4577.378129409281
2026-03-31 07:37:15,75978.75201075894,71464.69415399221,4580.216929409281
2026-03-31 07:37:30,75982.09509973893,71464.69415399221,4583.562929409281
2026-03-31 07:37:46,75980.57413459726,71464.69415399221,4583.562929409281
2026-03-31 07:38:01,75982.85558230977,71464.69415399221,4583.562929409281
2026-03-31 07:38:16,75977.9915616481,71464.69415399221,4580.216929409281
2026-03-31 07:38:32,75977.9915616481,71464.69415399221,4580.216929409281
2026-03-31 07:38:47,75977.9915616481,71464.69415399221,4580.216929409281
2026-03-31 07:39:03,75984.22554463793,71464.69415399221,4585.695229409281
2026-03-31 07:39:18,75987.56863361794,71464.69415399221,4589.041229409281
2026-03-31 07:39:33,75987.56863361794,71464.69415399221,4589.041229409281
2026-03-31 07:39:49,75981.3346171681,71464.69415399221,4583.562929409281
2026-03-31 07:40:04,75982.85558230977,71464.69415399221,4583.562929409281
2026-03-31 07:40:20,75983.6160648806,71464.69415399221,4583.562929409281
2026-03-31 07:40:35,76003.42533811726,71464.69415399221,4601.86642940928
2026-03-31 07:40:50,75995.66975263777,71464.69415399221,4596.38812940928
2026-03-31 07:41:06,75998.86134448227,71464.69415399221,4601.86642940928
2026-03-31 07:41:21,75999.62201008809,71464.69415399221,4601.86642940928
2026-03-31 07:41:37,75991.8666985236,71464.69415399221,4596.38812940928
2026-03-31 07:41:52,75989.28432074643,71464.69415399221,4593.04212940928
2026-03-31 07:42:07,75985.94133214642,71464.69415399221,4589.69612940928
2026-03-31 07:42:23,75985.94133214642,71464.69415399221,4589.69612940928
2026-03-31 07:42:38,75974.6485061281,71464.69415399221,4576.870929409281
2026-03-31 07:42:54,75963.71145575026,71464.69415399221,4566.6852294092805
2026-03-31 07:43:09,75964.4717695441,71464.69415399221,4566.6852294092805
2026-03-31 07:43:24,75962.95114195644,71464.69415399221,4566.6852294092805
2026-03-31 07:43:40,75979.56700950561,71464.69415399221,4579.510429409281
2026-03-31 07:43:55,75978.80656745977,71464.69415399221,4579.510429409281
2026-03-31 07:44:11,75982.9101654056,71464.69415399221,4582.85642940928
2026-03-31 07:44:26,75982.14968989977,71464.69415399221,4582.85642940928
2026-03-31 07:44:41,75978.04612541394,71464.69415399221,4579.510429409281
2026-03-31 07:44:57,75977.28568336811,71464.69415399221,4579.510429409281
2026-03-31 07:45:12,75969.5310424836,71464.69415399221,4574.032129409282
2026-03-31 07:45:28,75983.86560258127,71464.69415399221,4586.85732940928
2026-03-31 07:45:43,75974.6485061281,71464.69415399221,4576.870929409281
2026-03-31 07:45:58,75973.88809047727,71464.69415399221,4576.870929409281
2026-03-31 07:46:14,75970.99729389643,71464.69415399221,4574.738629409282
2026-03-31 07:46:29,75972.51808255211,71464.69415399221,4574.738629409282
2026-03-31 07:46:45,75977.9915616481,71464.69415399221,4580.216929409281
2026-03-31 07:47:00,75970.99729389643,71464.69415399221,4574.738629409282
2026-03-31 07:47:15,75994.90914181493,71464.69415399221,4596.38812940928
2026-03-31 07:47:31,75994.75769027643,71464.69415399221,4598.520429409279
2026-03-31 07:47:46,75997.03958671393,71464.69415399221,4598.520429409279
2026-03-31 07:48:02,75983.76594684877,71464.69415399221,4589.041229409281
2026-03-31 07:48:17,75987.56863361794,71464.69415399221,4589.041229409281
2026-03-31 07:48:32,75987.56863361794,71464.69415399221,4589.041229409281
2026-03-31 07:48:48,75987.56863361794,71464.69415399221,4589.041229409281
2026-03-31 07:49:03,75967.05447781028,71464.69415399221,4570.03122940928
2026-03-31 07:49:19,75967.81482506411,71464.69415399221,4570.03122940928
2026-03-31 07:49:34,75981.38921439393,71464.69415399221,4582.85642940928
2026-03-31 07:49:49,75982.14968989977,71464.69415399221,4582.85642940928
2026-03-31 07:50:05,75982.9101654056,71464.69415399221,4582.85642940928
2026-03-31 07:50:20,75982.14968989977,71464.69415399221,4582.85642940928
2026-03-31 07:50:36,75982.9101654056,71464.69415399221,4582.85642940928
2026-03-31 07:50:51,75978.80656745977,71464.69415399221,4579.510429409281
2026-03-31 07:51:06,75983.67064091144,71464.69415399221,4582.85642940928
2026-03-31 07:51:22,76002.9135110161,71464.69415399221,4605.16082940928
2026-03-31 07:51:37,75998.20067568694,71464.69415399221,4599.6825294092805
2026-03-31 07:51:53,75997.44003192011,71464.69415399221,4599.6825294092805
2026-03-31 07:52:08,76001.39211391643,71464.69415399221,4605.16082940928
2026-03-31 07:52:23,76016.90370167144,71464.69415399221,4616.11742940928
2026-03-31 07:52:39,76010.32370771428,71464.69415399221,4608.770529409281
2026-03-31 07:52:54,76000.43744888977,71464.69415399221,4601.15992940928
2026-03-31 07:53:10,75999.0676198856,71464.69415399221,4599.027629409279
2026-03-31 07:53:25,75973.78523561593,71464.69415399221,4575.245829409282
2026-03-31 07:53:40,75980.7796778606,71464.69415399221,4580.724129409281
2026-03-31 07:53:56,75973.23001840744,71464.69415399221,4572.407029409282
2026-03-31 07:54:11,75971.91471715264,71963.65090700594,4073.655893995556
2026-03-31 07:54:27,75979.66266412861,71963.65090700594,4083.693893995556
2026-03-31 07:54:42,75979.36140202066,71963.65090700594,4080.3478939955567
2026-03-31 07:54:58,75985.59554023667,71963.65090700594,4085.8261939955573
2026-03-31 07:55:13,75980.42313757661,71963.65090700594,4083.693893995556
2026-03-31 07:55:28,75981.18361102462,71963.65090700594,4083.693893995556
2026-03-31 07:55:44,75979.66266412861,71963.65090700594,4083.693893995556
2026-03-31 07:55:59,75982.70455792065,71963.65090700594,4083.693893995556
2026-03-31 07:56:14,75980.42313757661,71963.65090700594,4083.693893995556
2026-03-31 07:56:30,75993.99765310063,71963.65090700594,4096.519093995556
2026-03-31 07:56:45,75997.80066160068,71963.65090700594,4096.519093995556
2026-03-31 07:57:01,75991.56630688967,71963.65090700594,4091.040793995557
2026-03-31 07:57:16,75999.3218650007,71963.65090700594,4096.519093995556
2026-03-31 07:57:31,76009.09388503266,71963.65090700594,4109.344293995555
2026-03-31 07:57:47,76005.9022123117,71963.65090700594,4103.865993995556
2026-03-31 07:58:02,76002.85951163566,71963.65090700594,4103.865993995556
2026-03-31 07:58:18,76001.79828086268,71963.65090700594,4100.519993995556
2026-03-31 07:58:33,75985.94154369865,71963.65090700594,4087.6947939955576
2026-03-31 07:58:49,75984.42051678464,71963.65090700594,4087.6947939955576
2026-03-31 07:59:04,75987.00302538762,71963.65090700594,4091.040793995557
2026-03-31 07:59:19,75983.66000332762,71963.65090700594,4087.6947939955576
2026-03-31 07:59:35,75980.31698126762,71963.65090700594,4084.3487939955576
