atr,avg_entry_price,event_type,inst_id,mae_pct,mfe_pct,next_unit_level,pnl_pct,pnl_usd,position_age_sec,price,qty_total,reason,reason_code,side,stop_price,timestamp,trade_id,units
0.0,0.0,session_start,,0.0,0.0,0.0,0.0,0.0,0,0.0,0.0,,unknown,,0.0,2026-03-22 13:36:08,,0
0.0064000000000000055,0.0,OPEN,AUCTION-USDT-SWAP,0.0,0.0,0.0,0.0,0.0,0,4.662251701972705,6316.2,Первичный вход,unknown,short,4.675051701972706,2026-03-22 13:50:25,20260322_135021_AUCTION-USDT-SWAP_short,1
0.0064000000000000055,4.662251701972705,SNAPSHOT,AUCTION-USDT-SWAP,0.0,0.0,4.659051701972706,-0.037499005610416455,-1.7358799999999512,46,4.664,6316.2,Минутный snapshot позиции,,short,4.675051701972706,2026-03-22 13:51:08,20260322_135021_AUCTION-USDT-SWAP_short,1
0.0064000000000000055,4.662251701972705,SNAPSHOT,AUCTION-USDT-SWAP,0.0,0.0,4.659051701972706,-0.08039673245674743,-2.3675000000001623,99,4.666,6316.2,Минутный snapshot позиции,,short,4.675051701972706,2026-03-22 13:52:01,20260322_135021_AUCTION-USDT-SWAP_short,1
0.0064000000000000055,4.662251701972705,SNAPSHOT,AUCTION-USDT-SWAP,0.0,0.0,4.659051701972706,-0.14474332272620577,-4.262359999999673,167,4.669,6316.2,Минутный snapshot позиции,,short,4.675051701972706,2026-03-22 13:53:09,20260322_135021_AUCTION-USDT-SWAP_short,1
0.0064000000000000055,4.662251701972705,SNAPSHOT,AUCTION-USDT-SWAP,0.0,0.0,4.659051701972706,0.026847584659060952,-1.7358799999999512,222,4.661,6316.2,Минутный snapshot позиции,,short,4.675051701972706,2026-03-22 13:54:04,20260322_135021_AUCTION-USDT-SWAP_short,1
0.0064000000000000055,4.662251701972705,SNAPSHOT,AUCTION-USDT-SWAP,0.0,0.14488934424662217,4.659051701972706,-0.05894786903358195,-1.7358799999999512,282,4.665,6316.2,Минутный snapshot позиции,,short,4.675051701972706,2026-03-22 13:55:04,20260322_135021_AUCTION-USDT-SWAP_short,1
0.0065500000000000115,4.662251701972705,SNAPSHOT,AUCTION-USDT-SWAP,0.0,0.14488934424662217,4.659051701972706,-0.12329445930305935,-2.3675000000001623,338,4.668,6316.2,Минутный snapshot позиции,,short,4.675051701972706,2026-03-22 13:56:00,20260322_135021_AUCTION-USDT-SWAP_short,1
0.0065500000000000115,4.662251701972705,SNAPSHOT,AUCTION-USDT-SWAP,0.0,0.14488934424662217,4.659051701972706,-0.14474332272620577,-4.262359999999673,398,4.669,6316.2,Минутный snapshot позиции,,short,4.675051701972706,2026-03-22 13:57:00,20260322_135021_AUCTION-USDT-SWAP_short,1
0.0065500000000000115,4.662251701972705,SNAPSHOT,AUCTION-USDT-SWAP,0.0,0.14488934424662217,4.659051701972706,-0.16619218614937128,-5.525600000000095,465,4.67,6316.2,Минутный snapshot позиции,,short,4.675051701972706,2026-03-22 13:58:07,20260322_135021_AUCTION-USDT-SWAP_short,1
0.00015049999999999924,0.0,OPEN,OP-USDT-SWAP,0.0,0.0,0.0,0.0,0.0,0,0.1156691899956811,25469.0,Первичный вход,unknown,short,0.1159701899956811,2026-03-22 14:05:20,20260322_140517_OP-USDT-SWAP_short,1
3.299999999999985e-08,0.0,OPEN,FLOKI-USDT-SWAP,0.0,0.0,0.0,0.0,0.0,0,2.84e-05,1037.0,Первичный вход,unknown,short,2.8465999999999998e-05,2026-03-22 14:05:23,20260322_140520_FLOKI-USDT-SWAP_short,1
0.0038499999999999533,0.0,OPEN,INJ-USDT-SWAP,0.0,0.0,0.0,0.0,0.0,0,2.954,9975.0,Первичный вход,unknown,short,2.9617,2026-03-22 14:05:26,20260322_140524_INJ-USDT-SWAP_short,1
0.0013000000000000123,0.0,OPEN,DOT-USDT-SWAP,0.0,0.0,0.0,0.0,0.0,0,1.436,2052.1,Первичный вход,unknown,short,1.4385999999999999,2026-03-22 14:05:29,20260322_140526_DOT-USDT-SWAP_short,1
0.00021000000000000185,0.0,OPEN,CRV-USDT-SWAP,0.0,0.0,0.0,0.0,0.0,0,0.2215,12895.0,Первичный вход,unknown,short,0.22192,2026-03-22 14:05:33,20260322_140530_CRV-USDT-SWAP_short,1
0.006250000000000045,0.0,OPEN,AUCTION-USDT-SWAP,0.0,0.0,0.0,0.0,0.0,0,4.66,6129.4,Первичный вход,unknown,short,4.6725,2026-03-22 14:05:36,20260322_140533_AUCTION-USDT-SWAP_short,1
0.0,0.0,STOP_INIT_FORCE_CLOSE,FLOKI-USDT-SWAP,0.0,0.0,0.0,0.0,0.0,0,2.843e-05,1037.0,initial_stop_not_found,unknown,short,2.8465999999999998e-05,2026-03-22 14:06:31,20260322_140520_FLOKI-USDT-SWAP_short,1
0.0,0.0,CLOSE,FLOKI-USDT-SWAP,0.0,0.0,0.0,0.0,0.0,0,2.843e-05,1037.0,Ошибка: первичный стоп не подтверждён на бирже,ошибка:_первичный_стоп_не_подтверждён_на_бирже,short,2.8465999999999998e-05,2026-03-22 14:06:31,20260322_140520_FLOKI-USDT-SWAP_short,1
0.006250000000000045,4.66,SNAPSHOT,AUCTION-USDT-SWAP,0.0,0.0,4.656875,0.0,0.0,59,4.66,6129.4,Минутный snapshot позиции,,short,4.6725,2026-03-22 14:06:32,20260322_140533_AUCTION-USDT-SWAP_short,1
0.00021000000000000185,0.2215,SNAPSHOT,CRV-USDT-SWAP,0.0,0.0,0.221395,0.0,0.0,62,0.2215,12895.0,Минутный snapshot позиции,,short,0.22192,2026-03-22 14:06:32,20260322_140530_CRV-USDT-SWAP_short,1
0.0013000000000000123,1.436,SNAPSHOT,DOT-USDT-SWAP,0.0,0.0,1.43535,0.0,0.0,65,1.436,2052.1,Минутный snapshot позиции,,short,1.4385999999999999,2026-03-22 14:06:32,20260322_140526_DOT-USDT-SWAP_short,1
0.0038499999999999533,2.954,SNAPSHOT,INJ-USDT-SWAP,0.0,0.0,2.9520750000000002,0.0,0.0,68,2.954,9975.0,Минутный snapshot позиции,,short,2.9617,2026-03-22 14:06:32,20260322_140524_INJ-USDT-SWAP_short,1
0.00015049999999999924,0.1156691899956811,SNAPSHOT,OP-USDT-SWAP,0.0,0.05981713512793487,0.1155939399956811,0.05981713512793487,0.0,74,0.1156,25469.0,Минутный snapshot позиции,,short,0.1159701899956811,2026-03-22 14:06:32,20260322_140517_OP-USDT-SWAP_short,1
0.0,0.0,STOP_INIT_FORCE_CLOSE,INJ-USDT-SWAP,0.0,0.0,0.0,0.0,0.0,0,2.954,9975.0,initial_stop_not_found,unknown,short,2.9617,2026-03-22 14:07:20,20260322_140524_INJ-USDT-SWAP_short,1
0.006250000000000045,4.66,SNAPSHOT,AUCTION-USDT-SWAP,0.0,0.0,4.656875,0.0,0.0,108,4.66,6129.4,Минутный snapshot позиции,,short,4.6725,2026-03-22 14:07:21,20260322_140533_AUCTION-USDT-SWAP_short,1
0.00021000000000000185,0.2215,SNAPSHOT,CRV-USDT-SWAP,0.0,0.0,0.221395,0.0,0.0,111,0.2215,12895.0,Минутный snapshot позиции,,short,0.22192,2026-03-22 14:07:21,20260322_140530_CRV-USDT-SWAP_short,1
0.0013000000000000123,1.436,SNAPSHOT,DOT-USDT-SWAP,0.0,0.0,1.43535,0.0,0.0,114,1.436,2052.1,Минутный snapshot позиции,,short,1.4385999999999999,2026-03-22 14:07:21,20260322_140526_DOT-USDT-SWAP_short,1
0.0,0.0,CLOSE,INJ-USDT-SWAP,0.0,0.0,0.0,0.0,0.0,0,2.954,9975.0,Ошибка: первичный стоп не подтверждён на бирже,ошибка:_первичный_стоп_не_подтверждён_на_бирже,short,2.9617,2026-03-22 14:07:21,20260322_140524_INJ-USDT-SWAP_short,1
0.00015049999999999924,0.1156691899956811,SNAPSHOT,OP-USDT-SWAP,0.0,0.05981713512793487,0.1155939399956811,0.05981713512793487,0.0,123,0.1156,25469.0,Минутный snapshot позиции,,short,0.1159701899956811,2026-03-22 14:07:21,20260322_140517_OP-USDT-SWAP_short,1
0.0,0.0,STOP_INIT_FORCE_CLOSE,DOT-USDT-SWAP,0.0,0.0,0.0,0.0,0.0,0,1.435,2052.1,initial_stop_not_found,unknown,short,1.4385999999999999,2026-03-22 14:08:10,20260322_140526_DOT-USDT-SWAP_short,1
0.006250000000000045,4.66,SNAPSHOT,AUCTION-USDT-SWAP,0.0,0.0,4.656875,0.0,0.0,158,4.66,6129.4,Минутный snapshot позиции,,short,4.6725,2026-03-22 14:08:11,20260322_140533_AUCTION-USDT-SWAP_short,1
0.00021000000000000185,0.2215,SNAPSHOT,CRV-USDT-SWAP,0.0,0.0,0.221395,0.0,0.0,161,0.2215,12895.0,Минутный snapshot позиции,,short,0.22192,2026-03-22 14:08:11,20260322_140530_CRV-USDT-SWAP_short,1
0.0,0.0,CLOSE,DOT-USDT-SWAP,0.0,0.0,0.0,0.0,0.0,0,1.435,2052.1,Ошибка: первичный стоп не подтверждён на бирже,ошибка:_первичный_стоп_не_подтверждён_на_бирже,short,1.4385999999999999,2026-03-22 14:08:11,20260322_140526_DOT-USDT-SWAP_short,1
0.00015049999999999924,0.1156691899956811,SNAPSHOT,OP-USDT-SWAP,0.0,0.05981713512793487,0.1155939399956811,0.05981713512793487,0.0,173,0.1156,25469.0,Минутный snapshot позиции,,short,0.1159701899956811,2026-03-22 14:08:11,20260322_140517_OP-USDT-SWAP_short,1
0.006250000000000045,4.657910284856593,SNAPSHOT,AUCTION-USDT-SWAP,0.0,0.0,4.656875,-0.0663326460677411,-1.8938099999997853,211,4.661,6129.4,Минутный snapshot позиции,,short,4.6725,2026-03-22 14:09:04,20260322_140533_AUCTION-USDT-SWAP_short,1
0.00021000000000000185,0.2215,SNAPSHOT,CRV-USDT-SWAP,0.0,0.0,0.221395,0.0,0.0,214,0.2215,12895.0,Минутный snapshot позиции,,short,0.22192,2026-03-22 14:09:04,20260322_140530_CRV-USDT-SWAP_short,1
0.00015049999999999924,0.1156691899956811,SNAPSHOT,OP-USDT-SWAP,0.0,0.05981713512793487,0.1155939399956811,0.05981713512793487,-2.058149999998241,226,0.1156,25469.0,Минутный snapshot позиции,,short,0.1159701899956811,2026-03-22 14:09:04,20260322_140517_OP-USDT-SWAP_short,1
0.006250000000000045,4.657910284856593,SNAPSHOT,AUCTION-USDT-SWAP,0.0,0.0,4.656875,-0.1522080656309927,-4.34557000000006,268,4.665,6129.4,Минутный snapshot позиции,,short,4.6725,2026-03-22 14:10:01,20260322_140533_AUCTION-USDT-SWAP_short,1
0.00021000000000000185,0.2215,SNAPSHOT,CRV-USDT-SWAP,0.0,0.0,0.221395,0.0,0.0,271,0.2215,12895.0,Минутный snapshot позиции,,short,0.22192,2026-03-22 14:10:01,20260322_140530_CRV-USDT-SWAP_short,1
0.00015049999999999924,0.1156691899956811,SNAPSHOT,OP-USDT-SWAP,0.0,0.05981713512793487,0.1155939399956811,-0.12173510018022535,-3.586289999998002,283,0.11581,25469.0,Минутный snapshot позиции,,short,0.1159701899956811,2026-03-22 14:10:01,20260322_140517_OP-USDT-SWAP_short,1
0.00640000000000005,4.657910284856593,SNAPSHOT,AUCTION-USDT-SWAP,0.0,0.0,4.656875,-0.0663326460677411,-1.8938099999997853,330,4.661,6129.4,Минутный snapshot позиции,,short,4.6725,2026-03-22 14:11:03,20260322_140533_AUCTION-USDT-SWAP_short,1
0.00017000000000000072,0.2215,SNAPSHOT,CRV-USDT-SWAP,0.0,0.0,0.221395,-0.04514672686229751,0.0,333,0.2216,12895.0,Минутный snapshot позиции,,short,0.22192,2026-03-22 14:11:03,20260322_140530_CRV-USDT-SWAP_short,1
0.00640000000000005,4.657910284856593,SNAPSHOT,AUCTION-USDT-SWAP,0.0,0.0,4.656875,-0.13073921074017503,-3.7326299999998547,388,4.664,6129.4,Минутный snapshot позиции,,short,4.6725,2026-03-22 14:12:01,20260322_140533_AUCTION-USDT-SWAP_short,1
0.00017000000000000072,0.2215,SNAPSHOT,CRV-USDT-SWAP,0.0,0.0,0.221395,-0.04514672686229751,-1.289499999999858,391,0.2216,12895.0,Минутный snapshot позиции,,short,0.22192,2026-03-22 14:12:01,20260322_140530_CRV-USDT-SWAP_short,1
0.00640000000000005,4.657910284856593,SNAPSHOT,AUCTION-USDT-SWAP,0.0,0.0,4.656875,-0.1522080656309927,-4.34557000000006,449,4.665,6129.4,Минутный snapshot позиции,,short,4.6725,2026-03-22 14:13:02,20260322_140533_AUCTION-USDT-SWAP_short,1
0.00017000000000000072,0.2215,SNAPSHOT,CRV-USDT-SWAP,0.0,0.0,0.221395,0.0,0.0,452,0.2215,12895.0,Минутный snapshot позиции,,short,0.22192,2026-03-22 14:13:02,20260322_140530_CRV-USDT-SWAP_short,1
0.00640000000000005,4.657910284856593,SNAPSHOT,AUCTION-USDT-SWAP,0.0,0.0,4.656875,-0.13073921074017503,-3.7326299999998547,508,4.664,6129.4,Минутный snapshot позиции,,short,4.6725,2026-03-22 14:14:01,20260322_140533_AUCTION-USDT-SWAP_short,1
0.00017000000000000072,0.2215,SNAPSHOT,CRV-USDT-SWAP,0.0,0.13544018058689253,0.221395,0.04514672686229751,1.289499999999858,511,0.2214,12895.0,Минутный snapshot позиции,,short,0.22192,2026-03-22 14:14:01,20260322_140530_CRV-USDT-SWAP_short,1
0.00640000000000005,4.657910284856593,SNAPSHOT,AUCTION-USDT-SWAP,0.0,0.0,4.656875,-0.0663326460677411,-1.8938099999997853,578,4.661,6129.4,Минутный snapshot позиции,,short,4.6725,2026-03-22 14:15:11,20260322_140533_AUCTION-USDT-SWAP_short,1
0.00017000000000000072,0.2215,SNAPSHOT,CRV-USDT-SWAP,0.0,0.27088036117382264,0.221395,0.09029345372460755,2.579000000000074,581,0.2213,12895.0,Минутный snapshot позиции,,short,0.22192,2026-03-22 14:15:11,20260322_140530_CRV-USDT-SWAP_short,1
0.11500000000000057,0.0,OPEN,AAVE-USDT-SWAP,0.0,0.0,0.0,0.0,0.0,0,106.93390561129692,269.1,Первичный вход,unknown,short,107.16390561129693,2026-03-22 14:15:24,20260322_141521_AAVE-USDT-SWAP_short,1
0.0,0.0,TRAIL_UPDATE,CRV-USDT-SWAP,0.0,0.0,0.0,0.0,2.579000000000074,0,0.2214,12895.0,ATR stop update,unknown,short,0.22173,2026-03-22 14:15:35,20260322_140530_CRV-USDT-SWAP_short,1
0.11500000000000057,106.93390561129692,SNAPSHOT,AAVE-USDT-SWAP,0.0,0.01300393099590574,106.87640561129692,0.01300393099590574,-1.2403999999999433,39,106.92,269.1,Минутный snapshot позиции,,short,107.16390561129693,2026-03-22 14:16:00,20260322_141521_AAVE-USDT-SWAP_short,1
0.0063000000000000165,4.657910284856593,SNAPSHOT,AUCTION-USDT-SWAP,0.0,0.0,4.656875,-0.13073921074017503,-3.7326299999998547,627,4.664,6129.4,Минутный snapshot позиции,,short,4.6725,2026-03-22 14:16:00,20260322_140533_AUCTION-USDT-SWAP_short,1
0.00016499999999999848,0.2215,SNAPSHOT,CRV-USDT-SWAP,0.0,0.27088036117382264,0.221395,0.04514672686229751,1.289499999999858,630,0.2214,12895.0,Минутный snapshot позиции,,short,0.22173,2026-03-22 14:16:00,20260322_140530_CRV-USDT-SWAP_short,1
0.11500000000000057,106.93390561129692,SNAPSHOT,AAVE-USDT-SWAP,0.0,0.01300393099590574,106.87640561129692,-0.015050781705836088,-0.4330999999999127,103,106.95,269.1,Минутный snapshot позиции,,short,107.16390561129693,2026-03-22 14:17:04,20260322_141521_AAVE-USDT-SWAP_short,1
0.0063000000000000165,4.657910284856593,SNAPSHOT,AUCTION-USDT-SWAP,0.0,0.0,4.656875,-0.17367692052181039,-4.958510000000265,691,4.666,6129.4,Минутный snapshot позиции,,short,4.6725,2026-03-22 14:17:04,20260322_140533_AUCTION-USDT-SWAP_short,1
0.00016499999999999848,0.2215,SNAPSHOT,CRV-USDT-SWAP,0.0,0.27088036117382264,0.221395,0.04514672686229751,1.289499999999858,694,0.2214,12895.0,Минутный snapshot позиции,,short,0.22173,2026-03-22 14:17:04,20260322_140530_CRV-USDT-SWAP_short,1
0.11500000000000057,106.93390561129692,SNAPSHOT,AAVE-USDT-SWAP,0.0,0.039011792987717224,106.87640561129692,0.01300393099590574,0.374200000000118,163,106.92,269.1,Минутный snapshot позиции,,short,107.16390561129693,2026-03-22 14:18:04,20260322_141521_AAVE-USDT-SWAP_short,1
0.0063000000000000165,4.657910284856593,SNAPSHOT,AUCTION-USDT-SWAP,0.0,0.0,4.656875,-0.195145775412609,-5.571449999999925,751,4.667,6129.4,Минутный snapshot позиции,,short,4.6725,2026-03-22 14:18:04,20260322_140533_AUCTION-USDT-SWAP_short,1
0.00016499999999999848,0.2215,SNAPSHOT,CRV-USDT-SWAP,0.0,0.27088036117382264,0.221395,0.04514672686229751,2.579000000000074,754,0.2214,12895.0,Минутный snapshot позиции,,short,0.22173,2026-03-22 14:18:04,20260322_140530_CRV-USDT-SWAP_short,1
0.11500000000000057,106.93390561129692,SNAPSHOT,AAVE-USDT-SWAP,0.0,0.039011792987717224,106.87640561129692,0.01300393099590574,0.374200000000118,221,106.92,269.1,Минутный snapshot позиции,,short,107.16390561129693,2026-03-22 14:19:02,20260322_141521_AAVE-USDT-SWAP_short,1
0.0063000000000000165,4.657910284856593,SNAPSHOT,AUCTION-USDT-SWAP,0.0,0.0,4.656875,-0.1522080656309927,-4.34557000000006,809,4.665,6129.4,Минутный snapshot позиции,,short,4.6725,2026-03-22 14:19:02,20260322_140533_AUCTION-USDT-SWAP_short,1
0.00016499999999999848,0.2215,SNAPSHOT,CRV-USDT-SWAP,0.0,0.27088036117382264,0.221395,0.09029345372460755,2.579000000000074,812,0.2213,12895.0,Минутный snapshot позиции,,short,0.22173,2026-03-22 14:19:02,20260322_140530_CRV-USDT-SWAP_short,1
0.11500000000000057,106.93390561129692,SNAPSHOT,AAVE-USDT-SWAP,0.0,0.15123064379469786,106.87640561129692,0.059761785498804364,1.7197000000000415,289,106.87,269.1,Минутный snapshot позиции,,short,107.16390561129693,2026-03-22 14:20:10,20260322_141521_AAVE-USDT-SWAP_short,1
0.0063000000000000165,4.657910284856593,SNAPSHOT,AUCTION-USDT-SWAP,0.0,0.0,4.656875,-0.10927035584937644,-3.119690000000195,877,4.663,6129.4,Минутный snapshot позиции,,short,4.6725,2026-03-22 14:20:10,20260322_140533_AUCTION-USDT-SWAP_short,1
0.00016499999999999848,0.2215,SNAPSHOT,CRV-USDT-SWAP,0.0,0.9480812641083606,0.221395,0.3160270880361202,9.02650000000008,880,0.2208,12895.0,Минутный snapshot позиции,,short,0.22173,2026-03-22 14:20:10,20260322_140530_CRV-USDT-SWAP_short,1
5.149999999999942e-09,0.0,OPEN,PEPE-USDT-SWAP,0.0,0.0,0.0,0.0,0.0,0,3.29e-06,86.4,Первичный вход,unknown,short,3.3002999999999996e-06,2026-03-22 14:20:10,20260322_142008_PEPE-USDT-SWAP_short,1
5.149999999999942e-09,3.29e-06,SNAPSHOT,PEPE-USDT-SWAP,0.0,0.0,3.2874249999999997e-06,0.0,0.0,2,3.29e-06,86.4,Минутный snapshot позиции,,short,3.3002999999999996e-06,2026-03-22 14:20:10,20260322_142008_PEPE-USDT-SWAP_short,1
0.00017499999999999878,0.0,ADD_UNIT,CRV-USDT-SWAP,0.0,0.0,0.22111250000000002,0.0,0.0,0,0.2212,12895.0,Добор по Turtle,unknown,short,0.22173,2026-03-22 14:21:05,20260322_140530_CRV-USDT-SWAP_short,2
0.11500000000000057,106.93390561129692,SNAPSHOT,AAVE-USDT-SWAP,0.0,0.15123064379469786,106.87640561129692,0.059761785498804364,1.7197000000000415,347,106.87,269.1,Минутный snapshot позиции,,short,107.16390561129693,2026-03-22 14:21:08,20260322_141521_AAVE-USDT-SWAP_short,1
0.0063000000000000165,4.657910284856593,SNAPSHOT,AUCTION-USDT-SWAP,0.0,0.0,4.656875,-0.10927035584937644,-3.119690000000195,935,4.663,6129.4,Минутный snapshot позиции,,short,4.6725,2026-03-22 14:21:08,20260322_140533_AUCTION-USDT-SWAP_short,1
0.00017499999999999878,0.4427,SNAPSHOT,CRV-USDT-SWAP,0.0,0.9480812641083606,0.22111250000000002,50.03388299073864,9.02650000000008,938,0.2212,12895.0,Минутный snapshot позиции,,short,0.22173,2026-03-22 14:21:08,20260322_140530_CRV-USDT-SWAP_short,2
5.149999999999942e-09,3.29e-06,SNAPSHOT,PEPE-USDT-SWAP,0.0,0.0,3.2874249999999997e-06,0.0,0.0,60,3.29e-06,86.4,Минутный snapshot позиции,,short,3.3002999999999996e-06,2026-03-22 14:21:08,20260322_142008_PEPE-USDT-SWAP_short,1
0.11250000000000071,0.0,ADD_UNIT,AAVE-USDT-SWAP,0.0,0.0,106.84070280564845,0.0,0.0,0,106.89695280564845,538.2,Добор по Turtle,unknown,short,107.16390561129693,2026-03-22 14:21:13,20260322_141521_AAVE-USDT-SWAP_short,2
0.012349999999999906,0.0,OPEN,AVAX-USDT-SWAP,0.0,0.0,0.0,0.0,0.0,0,9.083027308192458,307.6,Первичный вход,unknown,short,9.107727308192457,2026-03-22 14:21:34,20260322_142132_AVAX-USDT-SWAP_short,1
0.00010500000000000162,0.0,OPEN,ENA-USDT-SWAP,0.0,0.0,0.0,0.0,0.0,0,0.0972,2872.0,Первичный вход,unknown,short,0.09741,2026-03-22 14:21:37,20260322_142135_ENA-USDT-SWAP_short,1
0.0012900000000000134,0.0,OPEN,NEAR-USDT-SWAP,0.0,0.0,0.0,0.0,0.0,0,1.2825763440860216,213.9,Первичный вход,unknown,short,1.2851563440860216,2026-03-22 14:21:41,20260322_142138_NEAR-USDT-SWAP_short,1
0.11250000000000071,106.89695280564845,SNAPSHOT,AAVE-USDT-SWAP,0.0,0.17928535649641308,106.84070280564845,0.03456862396783068,1.988799999999797,401,106.86,538.2,Минутный snapshot позиции,,short,107.16390561129693,2026-03-22 14:22:02,20260322_141521_AAVE-USDT-SWAP_short,2
0.0063000000000000165,4.657910284856593,SNAPSHOT,AUCTION-USDT-SWAP,0.0,0.0,4.656875,-0.23808348519422526,-3.7326299999998547,989,4.669,6129.4,Минутный snapshot позиции,,short,4.6725,2026-03-22 14:22:02,20260322_140533_AUCTION-USDT-SWAP_short,1
0.012349999999999906,0.0,ADD_UNIT,AVAX-USDT-SWAP,0.0,0.0,9.079341579973992,0.0,0.0,0,9.085516579973993,615.2,Добор по Turtle,unknown,short,9.107727308192457,2026-03-22 14:22:02,20260322_142132_AVAX-USDT-SWAP_short,2
0.012349999999999906,9.084271944083225,SNAPSHOT,AVAX-USDT-SWAP,0.0,0.0,9.079341579973992,-0.01370099770712011,0.0,30,9.085516579973993,615.2,Минутный snapshot позиции,,short,9.107727308192457,2026-03-22 14:22:02,20260322_142132_AVAX-USDT-SWAP_short,2
0.00017499999999999878,0.2212,SNAPSHOT,CRV-USDT-SWAP,0.0,0.9480812641083606,0.22111250000000002,0.0,0.0,992,0.2212,12895.0,Минутный snapshot позиции,,short,0.22173,2026-03-22 14:22:02,20260322_140530_CRV-USDT-SWAP_short,2
0.00010500000000000162,0.0972,SNAPSHOT,ENA-USDT-SWAP,0.0,0.0,0.0971475,0.0,0.0,27,0.0972,2872.0,Минутный snapshot позиции,,short,0.09741,2026-03-22 14:22:02,20260322_142135_ENA-USDT-SWAP_short,1
0.0012900000000000134,1.2825763440860216,SNAPSHOT,NEAR-USDT-SWAP,0.0,0.0,1.2819313440860216,0.0,0.0,23,1.2825763440860216,213.9,Минутный snapshot позиции,,short,1.2851563440860216,2026-03-22 14:22:02,20260322_142138_NEAR-USDT-SWAP_short,1
5.149999999999942e-09,3.29e-06,SNAPSHOT,PEPE-USDT-SWAP,0.0,0.0,3.2874249999999997e-06,-0.2431610942249294,-5.184000000000024,114,3.298e-06,86.4,Минутный snapshot позиции,,short,3.3002999999999996e-06,2026-03-22 14:22:02,20260322_142008_PEPE-USDT-SWAP_short,1
0.0,0.0,STOP_INIT_FORCE_CLOSE,ENA-USDT-SWAP,0.0,0.0,0.0,0.0,0.0,0,0.0976,2872.0,initial_stop_not_found,unknown,short,0.09741,2026-03-22 14:22:28,20260322_142135_ENA-USDT-SWAP_short,1
0.0,0.0,CLOSE,ENA-USDT-SWAP,0.0,0.0,0.0,0.0,0.0,0,0.0976,2872.0,Ошибка: первичный стоп не подтверждён на бирже,ошибка:_первичный_стоп_не_подтверждён_на_бирже,short,0.09741,2026-03-22 14:22:28,20260322_142135_ENA-USDT-SWAP_short,1
0.0012900000000000134,0.0,ADD_UNIT,NEAR-USDT-SWAP,0.0,0.0,1.2813931720430107,0.0,0.0,0,1.2820381720430107,427.8,Добор по Turtle,unknown,short,1.2851563440860216,2026-03-22 14:22:33,20260322_142138_NEAR-USDT-SWAP_short,2
0.00010500000000000162,0.0,OPEN,ENA-USDT-SWAP,0.0,0.0,0.0,0.0,0.0,0,0.0972738578680205,2758.0,Первичный вход,unknown,short,0.0974838578680205,2026-03-22 14:22:51,20260322_142248_ENA-USDT-SWAP_short,1
5.149999999999942e-09,0.0,OPEN,PEPE-USDT-SWAP,0.0,0.0,0.0,0.0,0.0,0,3.291e-06,81.4,Первичный вход,unknown,short,3.3012999999999996e-06,2026-03-22 14:22:55,20260322_142252_PEPE-USDT-SWAP_short,1
0.11250000000000071,106.89695280564845,SNAPSHOT,AAVE-USDT-SWAP,0.0,0.17928535649641308,106.84070280564845,0.025213820357865936,1.4505999999995216,496,106.87,538.2,Минутный snapshot позиции,,short,107.16390561129693,2026-03-22 14:23:37,20260322_141521_AAVE-USDT-SWAP_short,2
0.0063000000000000165,4.657910284856593,SNAPSHOT,AUCTION-USDT-SWAP,0.0,0.0,4.656875,-0.17367692052181039,-4.958510000000265,1084,4.666,6129.4,Минутный snapshot позиции,,short,4.6725,2026-03-22 14:23:37,20260322_140533_AUCTION-USDT-SWAP_short,1
0.012349999999999906,9.085516579973993,SNAPSHOT,AVAX-USDT-SWAP,0.0,0.0,9.079341579973992,-0.005320776444052755,-0.2973999999999762,125,9.086,615.2,Минутный snapshot позиции,,short,9.107727308192457,2026-03-22 14:23:37,20260322_142132_AVAX-USDT-SWAP_short,2
0.00017499999999999878,0.2212,SNAPSHOT,CRV-USDT-SWAP,0.0,0.9480812641083606,0.22111250000000002,0.0,0.0,1087,0.2212,12895.0,Минутный snapshot позиции,,short,0.22173,2026-03-22 14:23:37,20260322_140530_CRV-USDT-SWAP_short,2
0.00010500000000000162,0.0972738578680205,SNAPSHOT,ENA-USDT-SWAP,0.0,0.0,0.0972213578680205,0.0,0.0,49,0.0972738578680205,2758.0,Минутный snapshot позиции,,short,0.0974838578680205,2026-03-22 14:23:37,20260322_142248_ENA-USDT-SWAP_short,1
0.0012900000000000134,1.2820381720430107,SNAPSHOT,NEAR-USDT-SWAP,0.0,0.020984519881099246,1.2813931720430107,0.010777529563765795,0.5910999999997664,118,1.2819,427.8,Минутный snapshot позиции,,short,1.2851563440860216,2026-03-22 14:23:37,20260322_142138_NEAR-USDT-SWAP_short,2
5.149999999999942e-09,3.291e-06,SNAPSHOT,PEPE-USDT-SWAP,0.0,0.0,3.2884249999999998e-06,0.0,0.0,45,3.291e-06,81.4,Минутный snapshot позиции,,short,3.3012999999999996e-06,2026-03-22 14:23:37,20260322_142252_PEPE-USDT-SWAP_short,1
0.0,0.0,STOP_INIT_FORCE_CLOSE,ENA-USDT-SWAP,0.0,0.0,0.0,0.0,0.0,0,0.0977,2758.0,initial_stop_not_found,unknown,short,0.0974838578680205,2026-03-22 14:24:23,20260322_142248_ENA-USDT-SWAP_short,1
0.0,0.0,CLOSE,ENA-USDT-SWAP,0.0,0.0,0.0,0.0,0.0,0,0.0977,2758.0,Ошибка: первичный стоп не подтверждён на бирже,ошибка:_первичный_стоп_не_подтверждён_на_бирже,short,0.0974838578680205,2026-03-22 14:24:23,20260322_142248_ENA-USDT-SWAP_short,1
0.11250000000000071,106.89695280564845,SNAPSHOT,AAVE-USDT-SWAP,0.0,0.17928535649641308,106.84070280564845,-0.1805918590612522,1.4505999999995216,543,107.09,538.2,Минутный snapshot позиции,,short,107.16390561129693,2026-03-22 14:24:24,20260322_141521_AAVE-USDT-SWAP_short,2
0.0063000000000000165,4.657910284856593,SNAPSHOT,AUCTION-USDT-SWAP,0.0,0.0,4.656875,-0.23808348519422526,-4.958510000000265,1131,4.669,6129.4,Минутный snapshot позиции,,short,4.6725,2026-03-22 14:24:24,20260322_140533_AUCTION-USDT-SWAP_short,1
0.012349999999999906,9.085516579973993,SNAPSHOT,AVAX-USDT-SWAP,0.0,0.0,9.079341579973992,0.01669228117788813,-0.2973999999999762,172,9.084,615.2,Минутный snapshot позиции,,short,9.107727308192457,2026-03-22 14:24:24,20260322_142132_AVAX-USDT-SWAP_short,2
0.00017499999999999878,0.2212,SNAPSHOT,CRV-USDT-SWAP,0.0,0.9480812641083606,0.22111250000000002,0.0,0.0,1134,0.2212,12895.0,Минутный snapshot позиции,,short,0.22173,2026-03-22 14:24:24,20260322_140530_CRV-USDT-SWAP_short,2
0.0012900000000000134,1.2820381720430107,SNAPSHOT,NEAR-USDT-SWAP,0.0,0.03233258869129738,1.2813931720430107,0.041977848612186175,0.5910999999997664,165,1.2815,427.8,Минутный snapshot позиции,,short,1.2851563440860216,2026-03-22 14:24:24,20260322_142138_NEAR-USDT-SWAP_short,2
5.149999999999942e-09,3.291e-06,SNAPSHOT,PEPE-USDT-SWAP,0.0,0.0,3.2884249999999998e-06,0.0,0.0,92,3.291e-06,81.4,Минутный snapshot позиции,,short,3.3012999999999996e-06,2026-03-22 14:24:24,20260322_142252_PEPE-USDT-SWAP_short,1
0.00010500000000000162,0.0,OPEN,ENA-USDT-SWAP,0.0,0.0,0.0,0.0,0.0,0,0.0972532636134151,2773.0,Первичный вход,unknown,short,0.0974632636134151,2026-03-22 14:24:48,20260322_142445_ENA-USDT-SWAP_short,1
0.00010500000000000162,0.0,ADD_UNIT,ENA-USDT-SWAP,0.0,0.0,0.0971594365308334,0.0,0.0,0,0.0972119365308334,5546.0,Добор по Turtle,unknown,short,0.0974632636134151,2026-03-22 14:26:19,20260322_142445_ENA-USDT-SWAP_short,2
0.11250000000000071,106.89695280564845,SNAPSHOT,AAVE-USDT-SWAP,0.0,0.17928535649641308,106.84070280564845,-0.11510823379152553,-9.851600000000143,683,107.02,538.2,Минутный snapshot позиции,,short,107.16390561129693,2026-03-22 14:26:45,20260322_141521_AAVE-USDT-SWAP_short,2
0.0063000000000000165,4.657910284856593,SNAPSHOT,AUCTION-USDT-SWAP,0.0,0.0,4.656875,-0.17367692052181039,-3.7326299999998547,1271,4.666,6129.4,Минутный snapshot позиции,,short,4.6725,2026-03-22 14:26:45,20260322_140533_AUCTION-USDT-SWAP_short,1
0.012349999999999906,9.085516579973993,SNAPSHOT,AVAX-USDT-SWAP,0.0,0.0500768435336644,9.079341579973992,0.01669228117788813,0.9330000000004347,312,9.084,615.2,Минутный snapshot позиции,,short,9.107727308192457,2026-03-22 14:26:45,20260322_142132_AVAX-USDT-SWAP_short,2
0.00010500000000000162,0.09723260007212425,SNAPSHOT,ENA-USDT-SWAP,0.0,0.054767944474164706,0.0971594365308334,0.021251659706232242,0.0,118,0.0972119365308334,5546.0,Минутный snapshot позиции,,short,0.0974632636134151,2026-03-22 14:26:45,20260322_142445_ENA-USDT-SWAP_short,2
0.0012900000000000134,1.2820381720430107,SNAPSHOT,NEAR-USDT-SWAP,0.0,0.3365356994134481,1.2813931720430107,0.06537808789851879,6.152500000000104,305,1.2812,427.8,Минутный snapshot позиции,,short,1.2851563440860216,2026-03-22 14:26:45,20260322_142138_NEAR-USDT-SWAP_short,2
5.149999999999942e-09,3.2956461919e-06,SNAPSHOT,PEPE-USDT-SWAP,0.0,0.4014678375833135,3.2884249999999998e-06,0.04995050451852731,2.154000206599803,232,3.294e-06,81.4,Минутный snapshot позиции,,short,3.3012999999999996e-06,2026-03-22 14:26:45,20260322_142252_PEPE-USDT-SWAP_short,1
0.11250000000000071,106.89695280564845,SNAPSHOT,AAVE-USDT-SWAP,0.0,0.17928535649641308,106.84070280564845,-0.09639862657160933,-5.546000000000235,701,107.0,538.2,Минутный snapshot позиции,,short,107.16390561129693,2026-03-22 14:27:02,20260322_141521_AAVE-USDT-SWAP_short,2
0.0065500000000000115,4.657910284856593,SNAPSHOT,AUCTION-USDT-SWAP,0.0,0.0,4.656875,-0.001926081395326219,-0.0549900000002601,1289,4.658,6129.4,Минутный snapshot позиции,,short,4.6711,2026-03-22 14:27:02,20260322_140533_AUCTION-USDT-SWAP_short,1
0.012349999999999906,9.085516579973993,SNAPSHOT,AVAX-USDT-SWAP,0.0,0.0500768435336644,9.079341579973992,0.10474451166561256,5.854599999999893,330,9.076,615.2,Минутный snapshot позиции,,short,9.107727308192457,2026-03-22 14:27:02,20260322_142132_AVAX-USDT-SWAP_short,2
0.00010500000000000162,0.0972119365308334,SNAPSHOT,ENA-USDT-SWAP,0.0,0.054767944474164706,0.0971594365308334,0.012278873623326154,0.6620000000208668,136,0.0972,5546.0,Минутный snapshot позиции,,short,0.0974632636134151,2026-03-22 14:27:02,20260322_142445_ENA-USDT-SWAP_short,2
0.0012900000000000134,1.2820381720430107,SNAPSHOT,NEAR-USDT-SWAP,0.0,0.3365356994134481,1.2813931720430107,0.24477992242695332,13.425100000000253,323,1.2789,427.8,Минутный snapshot позиции,,short,1.2851563440860216,2026-03-22 14:27:02,20260322_142138_NEAR-USDT-SWAP_short,2
5.149999999999942e-09,3.2956461919e-06,SNAPSHOT,PEPE-USDT-SWAP,0.0,0.4014678375833135,3.2884249999999998e-06,0.20166581947827308,5.410000206599703,250,3.289e-06,81.4,Минутный snapshot позиции,,short,3.3012999999999996e-06,2026-03-22 14:27:02,20260322_142252_PEPE-USDT-SWAP_short,1
0.0,0.0,TRAIL_UPDATE,AAVE-USDT-SWAP,0.0,0.0,0.0,0.0,-5.546000000000235,0,107.02,538.2,ATR stop update,unknown,short,107.104,2026-03-22 14:27:12,20260322_141521_AAVE-USDT-SWAP_short,2
0.001395000000000013,0.0,ADD_UNIT,NEAR-USDT-SWAP,0.0,0.0,1.2804911863020103,0.0,0.0,0,1.2811886863020103,641.7,Добор по Turtle,unknown,short,1.2851563440860216,2026-03-22 14:27:18,20260322_142138_NEAR-USDT-SWAP_short,3
0.0,0.0,STOP_MODE_SWITCH,NEAR-USDT-SWAP,0.0,0.0,0.0,0.0,0.0,0,1.2812,641.7,ATR -> TURTLE,unknown,short,1.2851563440860216,2026-03-22 14:27:21,20260322_142138_NEAR-USDT-SWAP_short,3
0.0,0.0,STOP_INIT_FORCE_CLOSE,ENA-USDT-SWAP,0.0,0.0,0.0,0.0,0.0,0,0.0972,5546.0,initial_stop_not_found,unknown,short,0.0974632636134151,2026-03-22 14:28:12,20260322_142445_ENA-USDT-SWAP_short,2
0.0,0.0,CLOSE,ENA-USDT-SWAP,0.0,0.0,0.0,0.0,0.6620000000208668,0,0.0972,5546.0,Ошибка: первичный стоп не подтверждён на бирже,ошибка:_первичный_стоп_не_подтверждён_на_бирже,short,0.0974632636134151,2026-03-22 14:28:12,20260322_142445_ENA-USDT-SWAP_short,2
0.1220000000000006,106.89695280564845,SNAPSHOT,AAVE-USDT-SWAP,0.0,0.17928535649641308,106.84070280564845,-0.11510823379152553,-5.546000000000235,772,107.02,538.2,Минутный snapshot позиции,,short,107.104,2026-03-22 14:28:13,20260322_141521_AAVE-USDT-SWAP_short,2
0.0065500000000000115,4.657910284856593,SNAPSHOT,AUCTION-USDT-SWAP,0.0,0.0,4.656875,-0.001926081395326219,-0.0549900000002601,1360,4.658,6129.4,Минутный snapshot позиции,,short,4.6711,2026-03-22 14:28:13,20260322_140533_AUCTION-USDT-SWAP_short,1
0.012949999999999929,9.085516579973993,SNAPSHOT,AVAX-USDT-SWAP,0.0,0.31423353499683776,9.079341579973992,0.11575104047659279,5.854599999999893,401,9.075,615.2,Минутный snapshot позиции,,short,9.107727308192457,2026-03-22 14:28:13,20260322_142132_AVAX-USDT-SWAP_short,2
0.001395000000000013,1.2817550101293438,SNAPSHOT,NEAR-USDT-SWAP,0.0,0.7343397672808599,1.2804911863020103,0.04418346898260305,13.425100000000253,394,1.2811886863020103,641.7,Минутный snapshot позиции,,short,1.2851563440860216,2026-03-22 14:28:13,20260322_142138_NEAR-USDT-SWAP_short,3
5.299999999999953e-09,3.2956461919e-06,SNAPSHOT,PEPE-USDT-SWAP,0.0,1.00832909746902,3.2884249999999998e-06,0.1409796934943825,5.410000206599703,321,3.291e-06,81.4,Минутный snapshot позиции,,short,3.3012999999999996e-06,2026-03-22 14:28:13,20260322_142252_PEPE-USDT-SWAP_short,1
0.1220000000000006,106.89695280564845,SNAPSHOT,AAVE-USDT-SWAP,0.0,0.17928535649641308,106.84070280564845,-0.06833421574172838,-3.931400000000173,819,106.97,538.2,Минутный snapshot позиции,,short,107.104,2026-03-22 14:29:00,20260322_141521_AAVE-USDT-SWAP_short,2
0.0065500000000000115,4.657910284856593,SNAPSHOT,AUCTION-USDT-SWAP,0.0,0.0,4.656875,-0.0663326460677411,-0.0549900000002601,1407,4.661,6129.4,Минутный snapshot позиции,,short,4.6711,2026-03-22 14:29:00,20260322_140533_AUCTION-USDT-SWAP_short,1
0.012949999999999929,9.085516579973993,SNAPSHOT,AVAX-USDT-SWAP,0.0,0.41329229429554243,9.079341579973992,0.12675756928755347,7.085000000000304,448,9.074,615.2,Минутный snapshot позиции,,short,9.107727308192457,2026-03-22 14:29:00,20260322_142132_AVAX-USDT-SWAP_short,2
0.001395000000000013,1.2811886863020103,SNAPSHOT,NEAR-USDT-SWAP,0.0,0.7343397672808599,1.2804911863020103,0.09277995620155632,7.627800000000096,441,1.28,641.7,Минутный snapshot позиции,,short,1.2851563440860216,2026-03-22 14:29:00,20260322_142138_NEAR-USDT-SWAP_short,3
5.299999999999953e-09,3.2956461919e-06,SNAPSHOT,PEPE-USDT-SWAP,0.0,1.00832909746902,3.2884249999999998e-06,0.11063663050243076,2.9680002065998643,368,3.292e-06,81.4,Минутный snapshot позиции,,short,3.3012999999999996e-06,2026-03-22 14:29:00,20260322_142252_PEPE-USDT-SWAP_short,1
0.1220000000000006,106.89695280564845,SNAPSHOT,AAVE-USDT-SWAP,0.0,0.17928535649641308,106.84070280564845,-0.05897941213176363,-3.393199999999898,879,106.96,538.2,Минутный snapshot позиции,,short,107.104,2026-03-22 14:30:00,20260322_141521_AAVE-USDT-SWAP_short,2
0.0065500000000000115,4.657910284856593,SNAPSHOT,AUCTION-USDT-SWAP,0.0,0.0,4.656875,-0.0663326460677411,-1.280870000000125,1467,4.661,6129.4,Минутный snapshot позиции,,short,4.6711,2026-03-22 14:30:00,20260322_140533_AUCTION-USDT-SWAP_short,1
0.012949999999999929,9.085516579973993,SNAPSHOT,AVAX-USDT-SWAP,0.0,0.41329229429554243,9.079341579973992,0.14877062690949436,8.315400000000714,508,9.072,615.2,Минутный snapshot позиции,,short,9.107727308192457,2026-03-22 14:30:00,20260322_142132_AVAX-USDT-SWAP_short,2
0.001395000000000013,1.2811886863020103,SNAPSHOT,NEAR-USDT-SWAP,0.0,0.7343397672808599,1.2804911863020103,0.08497470463563543,6.9861000000001665,501,1.2801,641.7,Минутный snapshot позиции,,short,1.2851563440860216,2026-03-22 14:30:00,20260322_142138_NEAR-USDT-SWAP_short,3
5.299999999999953e-09,3.2956461919e-06,SNAPSHOT,PEPE-USDT-SWAP,0.0,1.00832909746902,3.2884249999999998e-06,0.11063663050243076,2.9680002065998643,428,3.292e-06,81.4,Минутный snapshot позиции,,short,3.3012999999999996e-06,2026-03-22 14:30:00,20260322_142252_PEPE-USDT-SWAP_short,1
0.00023999999999999992,0.0,OPEN,CRV-USDT-SWAP,0.0,0.0,0.0,0.0,0.0,0,0.2207,12070.0,Первичный вход,unknown,short,0.22118000000000002,2026-03-22 14:30:30,20260322_143028_CRV-USDT-SWAP_short,1
145.05,0.0,OPEN,BTC-USDT-SWAP,0.0,0.0,0.0,0.0,0.0,0,68390.1,3.89,Первичный вход,unknown,short,68680.20000000001,2026-03-22 14:30:33,20260322_143031_BTC-USDT-SWAP_short,1
0.13050000000000211,0.0,OPEN,SOL-USDT-SWAP,0.0,0.0,0.0,0.0,0.0,0,87.09465466448445,30.55,Первичный вход,unknown,short,87.35565466448446,2026-03-22 14:30:37,20260322_143034_SOL-USDT-SWAP_short,1
0.0,0.0,TRAIL_UPDATE,AVAX-USDT-SWAP,0.0,0.0,0.0,0.0,8.930600000000375,0,9.069,615.2,ATR stop update,unknown,short,9.0959,2026-03-22 14:30:52,20260322_142132_AVAX-USDT-SWAP_short,2
0.013449999999999917,0.0,ADD_UNIT,AVAX-USDT-SWAP,0.0,0.0,9.073621120502818,0.0,0.0,0,9.080346120502817,922.8,Добор по Turtle,unknown,short,9.0959,2026-03-22 14:30:54,20260322_142132_AVAX-USDT-SWAP_short,3
0.0,0.0,STOP_MODE_SWITCH,AVAX-USDT-SWAP,0.0,0.0,0.0,0.0,0.0,0,9.069,922.8,ATR -> TURTLE,unknown,short,9.0959,2026-03-22 14:30:56,20260322_142132_AVAX-USDT-SWAP_short,3
0.0014700000000000047,0.0,ADD_UNIT,NEAR-USDT-SWAP,0.0,0.0,1.2801477021972887,0.0,0.0,0,1.2808827021972886,855.6,Добор по Turtle,unknown,short,1.2851563440860216,2026-03-22 14:30:59,20260322_142138_NEAR-USDT-SWAP_short,4
0.12450000000000046,106.89695280564845,SNAPSHOT,AAVE-USDT-SWAP,0.0,0.17928535649641308,106.84070280564845,-0.06833421574172838,-3.931400000000173,941,106.97,538.2,Минутный snapshot позиции,,short,107.104,2026-03-22 14:31:02,20260322_141521_AAVE-USDT-SWAP_short,2
0.006950000000000012,4.657910284856593,SNAPSHOT,AUCTION-USDT-SWAP,0.0,0.0,4.656875,-0.0663326460677411,-0.6679299999999204,1529,4.661,6129.4,Минутный snapshot позиции,,short,4.6711,2026-03-22 14:31:02,20260322_140533_AUCTION-USDT-SWAP_short,1
0.013449999999999917,9.083793093483601,SNAPSHOT,AVAX-USDT-SWAP,0.0,0.4793314671613651,9.073621120502818,0.03794640570641094,8.930600000000375,570,9.080346120502817,922.8,Минутный snapshot позиции,,short,9.0959,2026-03-22 14:31:02,20260322_142132_AVAX-USDT-SWAP_short,3
145.05,68390.1,SNAPSHOT,BTC-USDT-SWAP,0.0,0.0,68317.57500000001,0.0,0.0,31,68390.1,3.89,Минутный snapshot позиции,,short,68680.20000000001,2026-03-22 14:31:02,20260322_143031_BTC-USDT-SWAP_short,1
0.00023999999999999992,0.2207,SNAPSHOT,CRV-USDT-SWAP,0.0,0.0,0.22058,0.0,0.0,34,0.2207,12070.0,Минутный snapshot позиции,,short,0.22118000000000002,2026-03-22 14:31:02,20260322_143028_CRV-USDT-SWAP_short,1
0.0014700000000000047,1.28111219027583,SNAPSHOT,NEAR-USDT-SWAP,0.0,0.7343397672808599,1.2801477021972887,0.017913191388178543,4.419300000000449,563,1.2808827021972886,855.6,Минутный snapshot позиции,,short,1.2851563440860216,2026-03-22 14:31:02,20260322_142138_NEAR-USDT-SWAP_short,4
5.599999999999976e-09,3.2956461919e-06,SNAPSHOT,PEPE-USDT-SWAP,0.0,1.00832909746902,3.2884249999999998e-06,0.08029356751047904,2.9680002065998643,490,3.293e-06,81.4,Минутный snapshot позиции,,short,3.3012999999999996e-06,2026-03-22 14:31:02,20260322_142252_PEPE-USDT-SWAP_short,1
0.13050000000000211,87.09465466448445,SNAPSHOT,SOL-USDT-SWAP,0.0,0.0,87.02940466448445,0.0,0.0,28,87.09465466448445,30.55,Минутный snapshot позиции,,short,87.35565466448446,2026-03-22 14:31:02,20260322_143034_SOL-USDT-SWAP_short,1
0.0,0.0,STOP_INIT_FORCE_CLOSE,CRV-USDT-SWAP,0.0,0.0,0.0,0.0,0.0,0,0.2207,12070.0,initial_stop_not_found,unknown,short,0.22118000000000002,2026-03-22 14:31:52,20260322_143028_CRV-USDT-SWAP_short,1
0.0,0.0,CLOSE,CRV-USDT-SWAP,0.0,0.0,0.0,0.0,0.0,0,0.2207,12070.0,Ошибка: первичный стоп не подтверждён на бирже,ошибка:_первичный_стоп_не_подтверждён_на_бирже,short,0.22118000000000002,2026-03-22 14:31:52,20260322_143028_CRV-USDT-SWAP_short,1
0.12450000000000046,106.89695280564845,SNAPSHOT,AAVE-USDT-SWAP,0.0,0.17928535649641308,106.84070280564845,-0.06833421574172838,-3.931400000000173,1001,106.97,538.2,Минутный snapshot позиции,,short,107.104,2026-03-22 14:32:02,20260322_141521_AAVE-USDT-SWAP_short,2
0.006950000000000012,4.657910284856593,SNAPSHOT,AUCTION-USDT-SWAP,0.0,0.0,4.656875,-0.0663326460677411,-0.6679299999999204,1589,4.661,6129.4,Минутный snapshot позиции,,short,4.6711,2026-03-22 14:32:02,20260322_140533_AUCTION-USDT-SWAP_short,1
0.013449999999999917,9.083793093483601,SNAPSHOT,AVAX-USDT-SWAP,0.0,0.4793314671613651,9.073621120502818,0.03794640570641094,8.930600000000375,630,9.080346120502817,922.8,Минутный snapshot позиции,,short,9.0959,2026-03-22 14:32:02,20260322_142132_AVAX-USDT-SWAP_short,3
145.05,68390.1,SNAPSHOT,BTC-USDT-SWAP,0.0,0.0,68317.57500000001,-0.006433679728490204,0.0,91,68394.5,3.89,Минутный snapshot позиции,,short,68680.20000000001,2026-03-22 14:32:02,20260322_143031_BTC-USDT-SWAP_short,1
0.0014700000000000047,1.28111219027583,SNAPSHOT,NEAR-USDT-SWAP,0.0,0.7343397672808599,1.2801477021972887,0.017913191388178543,4.419300000000449,623,1.2808827021972886,855.6,Минутный snapshot позиции,,short,1.2851563440860216,2026-03-22 14:32:02,20260322_142138_NEAR-USDT-SWAP_short,4
5.599999999999976e-09,3.2956461919e-06,SNAPSHOT,PEPE-USDT-SWAP,0.0,1.00832909746902,3.2884249999999998e-06,0.08029356751047904,2.9680002065998643,550,3.293e-06,81.4,Минутный snapshot позиции,,short,3.3012999999999996e-06,2026-03-22 14:32:02,20260322_142252_PEPE-USDT-SWAP_short,1
0.13050000000000211,87.09465466448445,SNAPSHOT,SOL-USDT-SWAP,0.0,0.005344374465206271,87.02940466448445,0.005344374465206271,0.0,88,87.09,30.55,Минутный snapshot позиции,,short,87.35565466448446,2026-03-22 14:32:02,20260322_143034_SOL-USDT-SWAP_short,1
0.12450000000000046,106.89695280564845,SNAPSHOT,AAVE-USDT-SWAP,0.0,0.17928535649641308,106.84070280564845,-0.06833421574172838,-3.931400000000173,1060,106.97,538.2,Минутный snapshot позиции,,short,107.104,2026-03-22 14:33:01,20260322_141521_AAVE-USDT-SWAP_short,2
0.006950000000000012,4.657910284856593,SNAPSHOT,AUCTION-USDT-SWAP,0.0,0.05862832048647436,4.656875,-0.001926081395326219,0.5579499999999447,1648,4.658,6129.4,Минутный snapshot позиции,,short,4.6711,2026-03-22 14:33:01,20260322_140533_AUCTION-USDT-SWAP_short,1
0.013449999999999917,9.080346120502817,SNAPSHOT,AVAX-USDT-SWAP,0.0,0.4793314671613651,9.073621120502818,-0.007201041551775365,-0.6033999999999465,689,9.081,922.8,Минутный snapshot позиции,,short,9.0959,2026-03-22 14:33:01,20260322_142132_AVAX-USDT-SWAP_short,3
145.05,68371.7146529563,SNAPSHOT,BTC-USDT-SWAP,0.0,0.011911298276264373,68317.57500000001,-0.017675945535434997,-0.3806499999998007,150,68383.8,3.89,Минутный snapshot позиции,,short,68680.20000000001,2026-03-22 14:33:01,20260322_143031_BTC-USDT-SWAP_short,1
0.0014700000000000047,1.2808827021972886,SNAPSHOT,NEAR-USDT-SWAP,0.0,0.7343397672808599,1.2801477021972887,0.04549223721180906,4.13000000000153,682,1.2803,855.6,Минутный snapshot позиции,,short,1.2851563440860216,2026-03-22 14:33:01,20260322_142138_NEAR-USDT-SWAP_short,4
5.599999999999976e-09,3.2956461919e-06,SNAPSHOT,PEPE-USDT-SWAP,0.0,1.00832909746902,3.2884249999999998e-06,0.08029356751047904,2.154000206599803,609,3.293e-06,81.4,Минутный snapshot позиции,,short,3.3012999999999996e-06,2026-03-22 14:33:01,20260322_142252_PEPE-USDT-SWAP_short,1
0.13050000000000211,87.09465466448445,SNAPSHOT,SOL-USDT-SWAP,0.0,0.005344374465206271,87.02940466448445,-0.04058266911064165,-1.0797999999998618,147,87.13,30.55,Минутный snapshot позиции,,short,87.35565466448446,2026-03-22 14:33:01,20260322_143034_SOL-USDT-SWAP_short,1
0.12450000000000046,106.89695280564845,SNAPSHOT,AAVE-USDT-SWAP,0.0,0.17928535649641308,106.84070280564845,-0.05897941213176363,-3.393199999999898,1119,106.96,538.2,Минутный snapshot позиции,,short,107.104,2026-03-22 14:34:00,20260322_141521_AAVE-USDT-SWAP_short,2
0.006950000000000012,4.657910284856593,SNAPSHOT,AUCTION-USDT-SWAP,0.0,0.05862832048647436,4.656875,-0.0663326460677411,-1.280870000000125,1707,4.661,6129.4,Минутный snapshot позиции,,short,4.6711,2026-03-22 14:34:00,20260322_140533_AUCTION-USDT-SWAP_short,1
0.013449999999999917,9.080346120502817,SNAPSHOT,AVAX-USDT-SWAP,0.0,0.4793314671613651,9.073621120502818,-0.06226502186317687,-5.2174000000006675,748,9.086,922.8,Минутный snapshot позиции,,short,9.0959,2026-03-22 14:34:00,20260322_142132_AVAX-USDT-SWAP_short,3
145.05,68371.7146529563,SNAPSHOT,BTC-USDT-SWAP,0.0,0.011911298276264373,68317.57500000001,-0.08831919361713932,-2.3489900000000272,209,68432.1,3.89,Минутный snapshot позиции,,short,68680.20000000001,2026-03-22 14:34:00,20260322_143031_BTC-USDT-SWAP_short,1
0.0014700000000000047,1.2808827021972886,SNAPSHOT,NEAR-USDT-SWAP,0.0,0.7343397672808599,1.2801477021972887,-0.04038604017558225,-4.425999999999427,741,1.2814,855.6,Минутный snapshot позиции,,short,1.2851563440860216,2026-03-22 14:34:00,20260322_142138_NEAR-USDT-SWAP_short,4
5.599999999999976e-09,3.2956461919e-06,SNAPSHOT,PEPE-USDT-SWAP,0.0,1.00832909746902,3.2884249999999998e-06,0.019607441526588436,0.5260002066000253,668,3.295e-06,81.4,Минутный snapshot позиции,,short,3.3012999999999996e-06,2026-03-22 14:34:00,20260322_142252_PEPE-USDT-SWAP_short,1
0.13050000000000211,87.09465466448445,SNAPSHOT,SOL-USDT-SWAP,0.0,0.005344374465206271,87.02940466448445,-0.07502795179253575,-1.9962999999998965,206,87.16,30.55,Минутный snapshot позиции,,short,87.35565466448446,2026-03-22 14:34:00,20260322_143034_SOL-USDT-SWAP_short,1
0.12450000000000046,106.89695280564845,SNAPSHOT,AAVE-USDT-SWAP,0.0,0.17928535649641308,106.84070280564845,-0.04026980491184743,-2.3168000000001117,1185,106.94,538.2,Минутный snapshot позиции,,short,107.104,2026-03-22 14:35:06,20260322_141521_AAVE-USDT-SWAP_short,2
0.006950000000000012,4.657910284856593,SNAPSHOT,AUCTION-USDT-SWAP,0.0,0.05862832048647436,4.656875,-0.044863791176942495,-1.280870000000125,1773,4.66,6129.4,Минутный snapshot позиции,,short,4.6711,2026-03-22 14:35:06,20260322_140533_AUCTION-USDT-SWAP_short,1
0.013449999999999917,9.080346120502817,SNAPSHOT,AVAX-USDT-SWAP,0.0,0.4793314671613651,9.073621120502818,-0.007201041551775365,-0.6033999999999465,814,9.081,922.8,Минутный snapshot позиции,,short,9.0959,2026-03-22 14:35:06,20260322_142132_AVAX-USDT-SWAP_short,3
145.05,68371.7146529563,SNAPSHOT,BTC-USDT-SWAP,0.0,0.011911298276264373,68317.57500000001,-0.07778852309562663,-2.0689099999995744,275,68424.9,3.89,Минутный snapshot позиции,,short,68680.20000000001,2026-03-22 14:35:06,20260322_143031_BTC-USDT-SWAP_short,1
0.0014700000000000047,1.2808827021972886,SNAPSHOT,NEAR-USDT-SWAP,0.0,0.7343397672808599,1.2801477021972887,-0.001350459544940379,-0.1479999999979986,807,1.2809,855.6,Минутный snapshot позиции,,short,1.2851563440860216,2026-03-22 14:35:06,20260322_142138_NEAR-USDT-SWAP_short,4
5.599999999999976e-09,3.2956461919e-06,SNAPSHOT,PEPE-USDT-SWAP,0.0,1.00832909746902,3.2884249999999998e-06,0.11063663050243076,2.9680002065998643,734,3.292e-06,81.4,Минутный snapshot позиции,,short,3.3012999999999996e-06,2026-03-22 14:35:06,20260322_142252_PEPE-USDT-SWAP_short,1
0.13050000000000211,87.09465466448445,SNAPSHOT,SOL-USDT-SWAP,0.0,0.005344374465206271,87.02940466448445,-0.02910090821668783,-0.7743000000001395,272,87.12,30.55,Минутный snapshot позиции,,short,87.35565466448446,2026-03-22 14:35:06,20260322_143034_SOL-USDT-SWAP_short,1
0.013500000000000156,0.0,OPEN,COMP-USDT-SWAP,0.0,0.0,0.0,0.0,0.0,0,18.74,1354.5,Первичный вход,unknown,short,18.767,2026-03-22 14:35:32,20260322_143529_COMP-USDT-SWAP_short,1
0.0,0.0,STOP_INIT_FORCE_CLOSE,COMP-USDT-SWAP,0.0,0.0,0.0,0.0,0.0,0,18.74,1354.5,initial_stop_not_found,unknown,short,18.767,2026-03-22 14:36:36,20260322_143529_COMP-USDT-SWAP_short,1
0.12150000000000105,106.89695280564845,SNAPSHOT,AAVE-USDT-SWAP,0.0,0.17928535649641308,106.84070280564845,-0.06833421574172838,-4.469600000000449,1276,106.97,538.2,Минутный snapshot позиции,,short,107.104,2026-03-22 14:36:37,20260322_141521_AAVE-USDT-SWAP_short,2
0.006800000000000006,4.657910284856593,SNAPSHOT,AUCTION-USDT-SWAP,0.0,0.05862832048647436,4.656875,-0.0663326460677411,-1.280870000000125,1864,4.661,6129.4,Минутный snapshot позиции,,short,4.6711,2026-03-22 14:36:37,20260322_140533_AUCTION-USDT-SWAP_short,1
0.014399999999999835,9.080346120502817,SNAPSHOT,AVAX-USDT-SWAP,0.0,0.4793314671613651,9.073621120502818,-0.08429061398772182,-3.3718000000000514,905,9.088,922.8,Минутный snapshot позиции,,short,9.0959,2026-03-22 14:36:37,20260322_142132_AVAX-USDT-SWAP_short,3
150.46999999999971,68371.7146529563,SNAPSHOT,BTC-USDT-SWAP,0.0,0.011911298276264373,68317.57500000001,-0.12912554188792652,-3.0491900000000274,366,68460.0,3.89,Минутный snapshot позиции,,short,68680.20000000001,2026-03-22 14:36:37,20260322_143031_BTC-USDT-SWAP_short,1
0.0,0.0,CLOSE,COMP-USDT-SWAP,0.0,0.0,0.0,0.0,0.0,0,18.74,1354.5,Ошибка: первичный стоп не подтверждён на бирже,ошибка:_первичный_стоп_не_подтверждён_на_бирже,short,18.767,2026-03-22 14:36:37,20260322_143529_COMP-USDT-SWAP_short,1
0.001595000000000002,1.2808827021972886,SNAPSHOT,NEAR-USDT-SWAP,0.0,0.7343397672808599,1.2801477021972887,-0.024771807923315098,-4.425999999999427,898,1.2812,855.6,Минутный snapshot позиции,,short,1.2851563440860216,2026-03-22 14:36:37,20260322_142138_NEAR-USDT-SWAP_short,4
5.6499999999999795e-09,3.2956461919e-06,SNAPSHOT,PEPE-USDT-SWAP,0.0,1.00832909746902,3.2884249999999998e-06,0.11063663050243076,2.9680002065998643,825,3.292e-06,81.4,Минутный snapshot позиции,,short,3.3012999999999996e-06,2026-03-22 14:36:37,20260322_142252_PEPE-USDT-SWAP_short,1
0.12800000000000225,87.09465466448445,SNAPSHOT,SOL-USDT-SWAP,0.0,0.005344374465206271,87.02940466448445,-0.04058266911064165,-1.385300000000018,363,87.13,30.55,Минутный snapshot позиции,,short,87.35565466448446,2026-03-22 14:36:37,20260322_143034_SOL-USDT-SWAP_short,1
0.013500000000000156,0.0,OPEN,COMP-USDT-SWAP,0.0,0.0,0.0,0.0,0.0,0,18.74,1390.0,Первичный вход,unknown,short,18.767,2026-03-22 14:36:53,20260322_143651_COMP-USDT-SWAP_short,1
0.006800000000000006,4.657910284856593,SNAPSHOT,AUCTION-USDT-SWAP,0.0,0.05862832048647436,4.656875,-0.0663326460677411,-0.6679299999999204,1888,4.661,6129.4,Минутный snapshot позиции,,short,4.6711,2026-03-22 14:37:01,20260322_140533_AUCTION-USDT-SWAP_short,1
0.014399999999999835,9.080346120502817,SNAPSHOT,AVAX-USDT-SWAP,0.0,0.4793314671613651,9.073621120502818,-0.08429061398772182,-3.3718000000000514,929,9.088,922.8,Минутный snapshot позиции,,short,9.0959,2026-03-22 14:37:01,20260322_142132_AVAX-USDT-SWAP_short,3
150.46999999999971,68371.7146529563,SNAPSHOT,BTC-USDT-SWAP,0.0,0.011911298276264373,68317.57500000001,-0.14038750897341065,-3.7338299999996876,390,68467.7,3.89,Минутный snapshot позиции,,short,68680.20000000001,2026-03-22 14:37:01,20260322_143031_BTC-USDT-SWAP_short,1
0.013500000000000156,18.74,SNAPSHOT,COMP-USDT-SWAP,0.0,0.0,18.733249999999998,0.0,0.0,10,18.74,1390.0,Минутный snapshot позиции,,short,18.767,2026-03-22 14:37:01,20260322_143651_COMP-USDT-SWAP_short,1
0.001595000000000002,1.2808827021972886,SNAPSHOT,NEAR-USDT-SWAP,0.0,0.7343397672808599,1.2801477021972887,-0.024771807923315098,-3.5703999999995215,922,1.2812,855.6,Минутный snapshot позиции,,short,1.2851563440860216,2026-03-22 14:37:01,20260322_142138_NEAR-USDT-SWAP_short,4
5.6499999999999795e-09,3.2956461919e-06,SNAPSHOT,PEPE-USDT-SWAP,0.0,1.00832909746902,3.2884249999999998e-06,0.04995050451852731,1.3400002065997418,849,3.294e-06,81.4,Минутный snapshot позиции,,short,3.3012999999999996e-06,2026-03-22 14:37:01,20260322_142252_PEPE-USDT-SWAP_short,1
0.12800000000000225,87.09465466448445,SNAPSHOT,SOL-USDT-SWAP,0.0,0.005344374465206271,87.02940466448445,-0.05206443000461179,-1.385300000000018,387,87.14,30.55,Минутный snapshot позиции,,short,87.35565466448446,2026-03-22 14:37:01,20260322_143034_SOL-USDT-SWAP_short,1
0.0,0.0,STOP_INIT_FORCE_CLOSE,COMP-USDT-SWAP,0.0,0.0,0.0,0.0,0.0,0,18.74,1390.0,initial_stop_not_found,unknown,short,18.767,2026-03-22 14:37:57,20260322_143651_COMP-USDT-SWAP_short,1
0.0,0.0,CLOSE,COMP-USDT-SWAP,0.0,0.0,0.0,0.0,0.0,0,18.74,1390.0,Ошибка: первичный стоп не подтверждён на бирже,ошибка:_первичный_стоп_не_подтверждён_на_бирже,short,18.767,2026-03-22 14:37:57,20260322_143651_COMP-USDT-SWAP_short,1
0.006800000000000006,4.657910284856593,SNAPSHOT,AUCTION-USDT-SWAP,0.0,0.05862832048647436,4.656875,-0.023394936286124823,-0.6679299999999204,1951,4.659,6129.4,Минутный snapshot позиции,,short,4.6711,2026-03-22 14:38:04,20260322_140533_AUCTION-USDT-SWAP_short,1
0.014399999999999835,9.080346120502817,SNAPSHOT,AVAX-USDT-SWAP,0.0,0.4793314671613651,9.073621120502818,-0.07327781792544934,-6.140200000000156,992,9.087,922.8,Минутный snapshot позиции,,short,9.0959,2026-03-22 14:38:04,20260322_142132_AVAX-USDT-SWAP_short,3
150.46999999999971,68371.7146529563,SNAPSHOT,BTC-USDT-SWAP,0.0,0.011911298276264373,68317.57500000001,-0.12020372380720638,-3.1970099999995747,453,68453.9,3.89,Минутный snapshot позиции,,short,68680.20000000001,2026-03-22 14:38:04,20260322_143031_BTC-USDT-SWAP_short,1
0.001595000000000002,1.2808827021972886,SNAPSHOT,NEAR-USDT-SWAP,0.0,0.7343397672808599,1.2801477021972887,-0.03257892404945734,-3.5703999999995215,985,1.2813,855.6,Минутный snapshot позиции,,short,1.2851563440860216,2026-03-22 14:38:04,20260322_142138_NEAR-USDT-SWAP_short,4
5.6499999999999795e-09,3.2956461919e-06,SNAPSHOT,PEPE-USDT-SWAP,0.0,1.00832909746902,3.2884249999999998e-06,0.019607441526588436,0.5260002066000253,912,3.295e-06,81.4,Минутный snapshot позиции,,short,3.3012999999999996e-06,2026-03-22 14:38:04,20260322_142252_PEPE-USDT-SWAP_short,1
0.12800000000000225,87.09465466448445,SNAPSHOT,SOL-USDT-SWAP,0.0,0.005344374465206271,87.02940466448445,-0.05206443000461179,-1.385300000000018,450,87.14,30.55,Минутный snapshot позиции,,short,87.35565466448446,2026-03-22 14:38:04,20260322_143034_SOL-USDT-SWAP_short,1
0.013500000000000156,0.0,OPEN,COMP-USDT-SWAP,0.0,0.0,0.0,0.0,0.0,0,18.74,1389.9,Первичный вход,unknown,short,18.767,2026-03-22 14:38:15,20260322_143813_COMP-USDT-SWAP_short,1
0.0,0.0,STOP_INIT_FORCE_CLOSE,COMP-USDT-SWAP,0.0,0.0,0.0,0.0,0.0,0,18.74,1389.9,initial_stop_not_found,unknown,short,18.767,2026-03-22 14:39:18,20260322_143813_COMP-USDT-SWAP_short,1
0.006800000000000006,4.657910284856593,SNAPSHOT,AUCTION-USDT-SWAP,0.0,0.05862832048647436,4.656875,-0.0663326460677411,-0.6679299999999204,2026,4.661,6129.4,Минутный snapshot позиции,,short,4.6711,2026-03-22 14:39:19,20260322_140533_AUCTION-USDT-SWAP_short,1
0.014399999999999835,9.080346120502817,SNAPSHOT,AVAX-USDT-SWAP,0.0,0.4793314671613651,9.073621120502818,-0.08429061398772182,-6.140200000000156,1067,9.088,922.8,Минутный snapshot позиции,,short,9.0959,2026-03-22 14:39:19,20260322_142132_AVAX-USDT-SWAP_short,3
150.46999999999971,68371.7146529563,SNAPSHOT,BTC-USDT-SWAP,0.0,0.011911298276264373,68317.57500000001,-0.10908801603452928,-3.1970099999995747,528,68446.3,3.89,Минутный snapshot позиции,,short,68680.20000000001,2026-03-22 14:39:19,20260322_143031_BTC-USDT-SWAP_short,1
0.0,0.0,CLOSE,COMP-USDT-SWAP,0.0,0.0,0.0,0.0,0.0,0,18.74,1389.9,Ошибка: первичный стоп не подтверждён на бирже,ошибка:_первичный_стоп_не_подтверждён_на_бирже,short,18.767,2026-03-22 14:39:19,20260322_143813_COMP-USDT-SWAP_short,1
0.001595000000000002,1.2808827021972886,SNAPSHOT,NEAR-USDT-SWAP,0.0,0.7343397672808599,1.2801477021972887,-0.024771807923315098,-3.5703999999995215,1060,1.2812,855.6,Минутный snapshot позиции,,short,1.2851563440860216,2026-03-22 14:39:19,20260322_142138_NEAR-USDT-SWAP_short,4
5.6499999999999795e-09,3.2956461919e-06,SNAPSHOT,PEPE-USDT-SWAP,0.0,1.00832909746902,3.2884249999999998e-06,0.11063663050243076,0.5260002066000253,987,3.292e-06,81.4,Минутный snapshot позиции,,short,3.3012999999999996e-06,2026-03-22 14:39:19,20260322_142252_PEPE-USDT-SWAP_short,1
0.12800000000000225,87.09465466448445,SNAPSHOT,SOL-USDT-SWAP,0.0,0.005344374465206271,87.02940466448445,-0.04058266911064165,-1.385300000000018,525,87.13,30.55,Минутный snapshot позиции,,short,87.35565466448446,2026-03-22 14:39:19,20260322_143034_SOL-USDT-SWAP_short,1
0.013500000000000156,0.0,OPEN,COMP-USDT-SWAP,0.0,0.0,0.0,0.0,0.0,0,18.75,1389.8,Первичный вход,unknown,short,18.777,2026-03-22 14:39:36,20260322_143934_COMP-USDT-SWAP_short,1
0.0,0.0,STOP_INIT_FORCE_CLOSE,COMP-USDT-SWAP,0.0,0.0,0.0,0.0,0.0,0,18.75,1389.8,initial_stop_not_found,unknown,short,18.777,2026-03-22 14:40:42,20260322_143934_COMP-USDT-SWAP_short,1
0.006800000000000006,4.657910284856593,SNAPSHOT,AUCTION-USDT-SWAP,0.0,0.05862832048647436,4.656875,-0.0663326460677411,-1.8938099999997853,2110,4.661,6129.4,Минутный snapshot позиции,,short,4.6711,2026-03-22 14:40:43,20260322_140533_AUCTION-USDT-SWAP_short,1
0.014399999999999835,9.080346120502817,SNAPSHOT,AVAX-USDT-SWAP,0.0,0.4793314671613651,9.073621120502818,-0.08429061398772182,-6.140200000000156,1151,9.088,922.8,Минутный snapshot позиции,,short,9.0959,2026-03-22 14:40:43,20260322_142132_AVAX-USDT-SWAP_short,3
150.46999999999971,68371.7146529563,SNAPSHOT,BTC-USDT-SWAP,0.0,0.011911298276264373,68317.57500000001,-0.12327516937598447,-2.5473799999996873,612,68456.0,3.89,Минутный snapshot позиции,,short,68680.20000000001,2026-03-22 14:40:43,20260322_143031_BTC-USDT-SWAP_short,1
0.0,0.0,CLOSE,COMP-USDT-SWAP,0.0,0.0,0.0,0.0,0.0,0,18.75,1389.8,Ошибка: первичный стоп не подтверждён на бирже,ошибка:_первичный_стоп_не_подтверждён_на_бирже,short,18.777,2026-03-22 14:40:43,20260322_143934_COMP-USDT-SWAP_short,1
0.001595000000000002,1.2808827021972886,SNAPSHOT,NEAR-USDT-SWAP,0.0,0.7343397672808599,1.2801477021972887,0.037685121085684156,4.985600000001436,1144,1.2804,855.6,Минутный snapshot позиции,,short,1.2851563440860216,2026-03-22 14:40:43,20260322_142138_NEAR-USDT-SWAP_short,4
5.6499999999999795e-09,3.2956461919e-06,SNAPSHOT,PEPE-USDT-SWAP,0.0,1.00832909746902,3.2884249999999998e-06,0.019607441526588436,2.154000206599803,1071,3.295e-06,81.4,Минутный snapshot позиции,,short,3.3012999999999996e-06,2026-03-22 14:40:43,20260322_142252_PEPE-USDT-SWAP_short,1
0.12800000000000225,87.09465466448445,SNAPSHOT,SOL-USDT-SWAP,0.0,0.005344374465206271,87.02940466448445,-0.07502795179253575,-1.0797999999998618,609,87.16,30.55,Минутный snapshot позиции,,short,87.35565466448446,2026-03-22 14:40:43,20260322_143034_SOL-USDT-SWAP_short,1
0.0065500000000000115,4.657910284856593,SNAPSHOT,AUCTION-USDT-SWAP,0.0,0.05862832048647436,4.656875,-0.10927035584937644,-2.50674999999999,2128,4.663,6129.4,Минутный snapshot позиции,,short,4.6711,2026-03-22 14:41:01,20260322_140533_AUCTION-USDT-SWAP_short,1
0.01449999999999978,9.080346120502817,SNAPSHOT,AVAX-USDT-SWAP,0.0,0.4793314671613651,9.073621120502818,-0.08429061398772182,-4.2946000000011795,1169,9.088,922.8,Минутный snapshot позиции,,short,9.0959,2026-03-22 14:41:01,20260322_142132_AVAX-USDT-SWAP_short,3
150.46999999999971,68371.7146529563,SNAPSHOT,BTC-USDT-SWAP,0.0,0.011911298276264373,68317.57500000001,-0.050438031602301876,-1.3414799999996876,630,68406.2,3.89,Минутный snapshot позиции,,short,68680.20000000001,2026-03-22 14:41:01,20260322_143031_BTC-USDT-SWAP_short,1
0.001595000000000002,1.2808827021972886,SNAPSHOT,NEAR-USDT-SWAP,0.0,0.7343397672808599,1.2801477021972887,0.014263772707309434,1.563200000001813,1162,1.2807,855.6,Минутный snapshot позиции,,short,1.2851563440860216,2026-03-22 14:41:01,20260322_142138_NEAR-USDT-SWAP_short,4
5.6499999999999795e-09,3.2956461919e-06,SNAPSHOT,PEPE-USDT-SWAP,0.0,1.00832909746902,3.2884249999999998e-06,0.019607441526588436,0.5260002066000253,1089,3.295e-06,81.4,Минутный snapshot позиции,,short,3.3012999999999996e-06,2026-03-22 14:41:01,20260322_142252_PEPE-USDT-SWAP_short,1
0.12800000000000225,87.09465466448445,SNAPSHOT,SOL-USDT-SWAP,0.0,0.005344374465206271,87.02940466448445,-0.01761914732271769,-0.4687999999999832,627,87.11,30.55,Минутный snapshot позиции,,short,87.35565466448446,2026-03-22 14:41:01,20260322_143034_SOL-USDT-SWAP_short,1
0.0,0.0,TRAIL_UPDATE,BTC-USDT-SWAP,0.0,0.0,0.0,0.0,-1.3414799999996876,0,68497.4,3.89,ATR stop update,unknown,short,68642.75,2026-03-22 14:41:16,20260322_143031_BTC-USDT-SWAP_short,1
0.0,0.0,TRAIL_UPDATE,SOL-USDT-SWAP,0.0,0.0,0.0,0.0,-0.4687999999999832,0,87.16,30.55,ATR stop update,unknown,short,87.296,2026-03-22 14:41:28,20260322_143034_SOL-USDT-SWAP_short,1
0.0065500000000000115,4.657910284856593,SNAPSHOT,AUCTION-USDT-SWAP,0.0,0.05862832048647436,4.656875,-0.001926081395326219,-0.0549900000002601,2188,4.658,6129.4,Минутный snapshot позиции,,short,4.6711,2026-03-22 14:42:01,20260322_140533_AUCTION-USDT-SWAP_short,1
0.01449999999999978,9.080346120502817,SNAPSHOT,AVAX-USDT-SWAP,0.0,0.4793314671613651,9.073621120502818,0.02583734663506163,2.165000000000158,1229,9.078,922.8,Минутный snapshot позиции,,short,9.0959,2026-03-22 14:42:01,20260322_142132_AVAX-USDT-SWAP_short,3
154.37499999999855,68371.7146529563,SNAPSHOT,BTC-USDT-SWAP,0.0,0.5353733787822909,68317.57500000001,0.08163412785479382,2.171190000000426,690,68315.9,3.89,Минутный snapshot позиции,,short,68642.75,2026-03-22 14:42:01,20260322_143031_BTC-USDT-SWAP_short,1
0.0016349999999999976,1.2808827021972886,SNAPSHOT,NEAR-USDT-SWAP,0.0,0.839117162986721,1.2801477021972887,0.1469847468514502,16.10840000000211,1222,1.279,855.6,Минутный snapshot позиции,,short,1.2851563440860216,2026-03-22 14:42:01,20260322_142138_NEAR-USDT-SWAP_short,4
5.699999999999983e-09,3.2956461919e-06,SNAPSHOT,PEPE-USDT-SWAP,0.0,1.3117597274119055,3.2884249999999998e-06,0.08029356751047904,2.154000206599803,1149,3.293e-06,81.4,Минутный snapshot позиции,,short,3.3012999999999996e-06,2026-03-22 14:42:01,20260322_142252_PEPE-USDT-SWAP_short,1
0.12800000000000225,87.09465466448445,SNAPSHOT,SOL-USDT-SWAP,0.0,0.15381425412321154,87.02940466448445,0.03978965714710037,1.05869999999993,687,87.06,30.55,Минутный snapshot позиции,,short,87.296,2026-03-22 14:42:01,20260322_143034_SOL-USDT-SWAP_short,1
0.0065500000000000115,4.657910284856593,SNAPSHOT,AUCTION-USDT-SWAP,0.0,0.05862832048647436,4.656875,-0.044863791176942495,-0.0549900000002601,2251,4.66,6129.4,Минутный snapshot позиции,,short,4.6711,2026-03-22 14:43:04,20260322_140533_AUCTION-USDT-SWAP_short,1
0.01449999999999978,9.080346120502817,SNAPSHOT,AVAX-USDT-SWAP,0.0,0.4793314671613651,9.073621120502818,0.014824550572769586,1.2421999999990305,1292,9.079,922.8,Минутный snapshot позиции,,short,9.0959,2026-03-22 14:43:04,20260322_142132_AVAX-USDT-SWAP_short,3
154.37499999999855,68371.7146529563,SNAPSHOT,BTC-USDT-SWAP,0.0,0.5353733787822909,68317.57500000001,0.16734208515473184,4.450730000000086,753,68257.3,3.89,Минутный snapshot позиции,,short,68642.75,2026-03-22 14:43:04,20260322_143031_BTC-USDT-SWAP_short,1
0.0016349999999999976,1.2808827021972886,SNAPSHOT,NEAR-USDT-SWAP,0.0,0.839117162986721,1.2801477021972887,0.19382744360819962,21.242000000001546,1285,1.2784,855.6,Минутный snapshot позиции,,short,1.2851563440860216,2026-03-22 14:43:04,20260322_142138_NEAR-USDT-SWAP_short,4
5.699999999999983e-09,3.2956461919e-06,SNAPSHOT,PEPE-USDT-SWAP,0.0,1.3117597274119055,3.2884249999999998e-06,0.11063663050243076,2.9680002065998643,1212,3.292e-06,81.4,Минутный snapshot позиции,,short,3.3012999999999996e-06,2026-03-22 14:43:04,20260322_142252_PEPE-USDT-SWAP_short,1
0.12800000000000225,87.09465466448445,SNAPSHOT,SOL-USDT-SWAP,0.0,0.15381425412321154,87.02940466448445,0.02830789625314655,0.7532000000002078,750,87.07,30.55,Минутный snapshot позиции,,short,87.296,2026-03-22 14:43:04,20260322_143034_SOL-USDT-SWAP_short,1
0.0065500000000000115,4.657910284856593,SNAPSHOT,AUCTION-USDT-SWAP,0.0,0.05862832048647436,4.656875,-0.044863791176942495,-1.280870000000125,2311,4.66,6129.4,Минутный snapshot позиции,,short,4.6711,2026-03-22 14:44:04,20260322_140533_AUCTION-USDT-SWAP_short,1
0.01449999999999978,9.080346120502817,SNAPSHOT,AVAX-USDT-SWAP,0.0,0.4793314671613651,9.073621120502818,-0.04023942973861236,-3.3718000000000514,1352,9.084,922.8,Минутный snapshot позиции,,short,9.0959,2026-03-22 14:44:04,20260322_142132_AVAX-USDT-SWAP_short,3
154.37499999999855,68371.7146529563,SNAPSHOT,BTC-USDT-SWAP,0.0,0.5353733787822909,68317.57500000001,0.026201848304130262,0.6968800000000861,813,68353.8,3.89,Минутный snapshot позиции,,short,68642.75,2026-03-22 14:44:04,20260322_143031_BTC-USDT-SWAP_short,1
0.0016349999999999976,1.2808827021972886,SNAPSHOT,NEAR-USDT-SWAP,0.0,0.839117162986721,1.2801477021972887,0.0923349339685585,10.119200000000871,1345,1.2797,855.6,Минутный snapshot позиции,,short,1.2851563440860216,2026-03-22 14:44:04,20260322_142138_NEAR-USDT-SWAP_short,4
5.699999999999983e-09,3.2956461919e-06,SNAPSHOT,PEPE-USDT-SWAP,0.0,1.3117597274119055,3.2884249999999998e-06,0.04995050451852731,1.3400002065997418,1272,3.294e-06,81.4,Минутный snapshot позиции,,short,3.3012999999999996e-06,2026-03-22 14:44:04,20260322_142252_PEPE-USDT-SWAP_short,1
0.12800000000000225,87.09465466448445,SNAPSHOT,SOL-USDT-SWAP,0.0,0.15381425412321154,87.02940466448445,-0.09799147358047604,-2.607300000000209,810,87.18,30.55,Минутный snapshot позиции,,short,87.296,2026-03-22 14:44:04,20260322_143034_SOL-USDT-SWAP_short,1
0.0065500000000000115,4.657910284856593,SNAPSHOT,AUCTION-USDT-SWAP,0.0,0.05862832048647436,4.656875,-0.10927035584937644,-3.119690000000195,2370,4.663,6129.4,Минутный snapshot позиции,,short,4.6711,2026-03-22 14:45:03,20260322_140533_AUCTION-USDT-SWAP_short,1
0.01449999999999978,9.080346120502817,SNAPSHOT,AVAX-USDT-SWAP,0.0,0.4793314671613651,9.073621120502818,-0.029226633676339882,-2.449000000000563,1411,9.083,922.8,Минутный snapshot позиции,,short,9.0959,2026-03-22 14:45:03,20260322_142132_AVAX-USDT-SWAP_short,3
154.37499999999855,68371.7146529563,SNAPSHOT,BTC-USDT-SWAP,0.0,0.5353733787822909,68317.57500000001,0.014208584654653349,0.3779000000001994,872,68362.0,3.89,Минутный snapshot позиции,,short,68642.75,2026-03-22 14:45:03,20260322_143031_BTC-USDT-SWAP_short,1
0.0016349999999999976,1.2808827021972886,SNAPSHOT,NEAR-USDT-SWAP,0.0,0.839117162986721,1.2801477021972887,0.13137051459920038,14.3972000000023,1404,1.2792,855.6,Минутный snapshot позиции,,short,1.2851563440860216,2026-03-22 14:45:03,20260322_142138_NEAR-USDT-SWAP_short,4
5.699999999999983e-09,3.2956461919e-06,SNAPSHOT,PEPE-USDT-SWAP,0.0,1.3117597274119055,3.2884249999999998e-06,0.08029356751047904,2.154000206599803,1331,3.293e-06,81.4,Минутный snapshot позиции,,short,3.3012999999999996e-06,2026-03-22 14:45:03,20260322_142252_PEPE-USDT-SWAP_short,1
0.12800000000000225,87.09465466448445,SNAPSHOT,SOL-USDT-SWAP,0.0,0.15381425412321154,87.02940466448445,-0.09799147358047604,-2.607300000000209,869,87.18,30.55,Минутный snapshot позиции,,short,87.296,2026-03-22 14:45:03,20260322_143034_SOL-USDT-SWAP_short,1
0.0,0.0,TRAIL_UPDATE,PEPE-USDT-SWAP,0.0,0.0,0.0,0.0,1.3400002065997418,0,3.295e-06,81.4,ATR stop update,unknown,short,3.2988e-06,2026-03-22 14:45:30,20260322_142252_PEPE-USDT-SWAP_short,1
0.0,0.0,TRAIL_UPDATE,BTC-USDT-SWAP,0.0,0.0,0.0,0.0,0.9108300000000862,0,68352.8,3.89,ATR stop update,unknown,short,68590.87,2026-03-22 14:45:39,20260322_143031_BTC-USDT-SWAP_short,1
0.006349999999999989,4.657910284856593,SNAPSHOT,AUCTION-USDT-SWAP,0.0,0.05862832048647436,4.656875,-0.13073921074017503,-3.7326299999998547,2428,4.664,6129.4,Минутный snapshot позиции,,short,4.6711,2026-03-22 14:46:01,20260322_140533_AUCTION-USDT-SWAP_short,1
0.015349999999999664,9.080346120502817,SNAPSHOT,AVAX-USDT-SWAP,0.0,0.4793314671613651,9.073621120502818,-0.04023942973861236,-3.3718000000000514,1469,9.084,922.8,Минутный snapshot позиции,,short,9.0959,2026-03-22 14:46:01,20260322_142132_AVAX-USDT-SWAP_short,3
166.3849999999984,68371.7146529563,SNAPSHOT,BTC-USDT-SWAP,0.0,0.5353733787822909,68317.57500000001,-0.012995647525885626,-0.345640000000027,930,68380.6,3.89,Минутный snapshot позиции,,short,68590.87,2026-03-22 14:46:01,20260322_143031_BTC-USDT-SWAP_short,1
0.0017249999999999876,1.2808827021972886,SNAPSHOT,NEAR-USDT-SWAP,0.0,0.839117162986721,1.2801477021972887,0.1547918629775751,16.964000000002017,1462,1.2789,855.6,Минутный snapshot позиции,,short,1.2851563440860216,2026-03-22 14:46:01,20260322_142138_NEAR-USDT-SWAP_short,4
5.8999999999999776e-09,3.2956461919e-06,SNAPSHOT,PEPE-USDT-SWAP,0.0,1.3117597274119055,3.2884249999999998e-06,0.04995050451852731,1.3400002065997418,1389,3.294e-06,81.4,Минутный snapshot позиции,,short,3.2988e-06,2026-03-22 14:46:01,20260322_142252_PEPE-USDT-SWAP_short,1
0.12850000000000178,87.09465466448445,SNAPSHOT,SOL-USDT-SWAP,0.0,0.15381425412321154,87.02940466448445,-0.13243675626235382,-3.5237999999998095,927,87.21,30.55,Минутный snapshot позиции,,short,87.296,2026-03-22 14:46:01,20260322_143034_SOL-USDT-SWAP_short,1
0.006349999999999989,4.657910284856593,SNAPSHOT,AUCTION-USDT-SWAP,0.0,0.05862832048647436,4.656875,-0.13073921074017503,-3.7326299999998547,2493,4.664,6129.4,Минутный snapshot позиции,,short,4.6711,2026-03-22 14:47:06,20260322_140533_AUCTION-USDT-SWAP_short,1
0.015349999999999664,9.080346120502817,SNAPSHOT,AVAX-USDT-SWAP,0.0,0.4793314671613651,9.073621120502818,0.036850142697334096,3.0877999999996466,1534,9.077,922.8,Минутный snapshot позиции,,short,9.0959,2026-03-22 14:47:06,20260322_142132_AVAX-USDT-SWAP_short,3
166.3849999999984,68371.7146529563,SNAPSHOT,BTC-USDT-SWAP,0.0,0.5353733787822909,68317.57500000001,0.10503561790256195,2.793590000000426,995,68299.9,3.89,Минутный snapshot позиции,,short,68590.87,2026-03-22 14:47:06,20260322_143031_BTC-USDT-SWAP_short,1
0.0017249999999999876,1.2808827021972886,SNAPSHOT,NEAR-USDT-SWAP,0.0,0.839117162986721,1.2801477021972887,0.21724879198657432,23.808800000001263,1527,1.2781,855.6,Минутный snapshot позиции,,short,1.2851563440860216,2026-03-22 14:47:06,20260322_142138_NEAR-USDT-SWAP_short,4
5.8999999999999776e-09,3.2956461919e-06,SNAPSHOT,PEPE-USDT-SWAP,0.0,1.3117597274119055,3.2884249999999998e-06,0.1409796934943825,3.7820002065999256,1454,3.291e-06,81.4,Минутный snapshot позиции,,short,3.2988e-06,2026-03-22 14:47:06,20260322_142252_PEPE-USDT-SWAP_short,1
0.12850000000000178,87.09465466448445,SNAPSHOT,SOL-USDT-SWAP,0.0,0.15381425412321154,87.02940466448445,-0.01761914732271769,-0.4687999999999832,992,87.11,30.55,Минутный snapshot позиции,,short,87.296,2026-03-22 14:47:06,20260322_143034_SOL-USDT-SWAP_short,1
0.006349999999999989,4.657910284856593,SNAPSHOT,AUCTION-USDT-SWAP,0.0,0.05862832048647436,4.656875,-0.0663326460677411,-1.280870000000125,2549,4.661,6129.4,Минутный snapshot позиции,,short,4.6711,2026-03-22 14:48:02,20260322_140533_AUCTION-USDT-SWAP_short,1
0.015349999999999664,9.080346120502817,SNAPSHOT,AVAX-USDT-SWAP,0.0,0.4793314671613651,9.073621120502818,0.02583734663506163,2.165000000000158,1590,9.078,922.8,Минутный snapshot позиции,,short,9.0959,2026-03-22 14:48:02,20260322_142132_AVAX-USDT-SWAP_short,3
166.3849999999984,68371.7146529563,SNAPSHOT,BTC-USDT-SWAP,0.0,0.5353733787822909,68317.57500000001,0.0997702826418056,2.6535500000001995,1051,68303.5,3.89,Минутный snapshot позиции,,short,68590.87,2026-03-22 14:48:02,20260322_143031_BTC-USDT-SWAP_short,1
0.0017249999999999876,1.2808827021972886,SNAPSHOT,NEAR-USDT-SWAP,0.0,0.839117162986721,1.2801477021972887,0.22505590811269927,24.66440000000117,1583,1.278,855.6,Минутный snapshot позиции,,short,1.2851563440860216,2026-03-22 14:48:02,20260322_142138_NEAR-USDT-SWAP_short,4
5.8999999999999776e-09,3.2956461919e-06,SNAPSHOT,PEPE-USDT-SWAP,0.0,1.3117597274119055,3.2884249999999998e-06,0.08029356751047904,2.154000206599803,1510,3.293e-06,81.4,Минутный snapshot позиции,,short,3.2988e-06,2026-03-22 14:48:02,20260322_142252_PEPE-USDT-SWAP_short,1
0.12850000000000178,87.09465466448445,SNAPSHOT,SOL-USDT-SWAP,0.0,0.15381425412321154,87.02940466448445,-0.01761914732271769,-0.4687999999999832,1048,87.11,30.55,Минутный snapshot позиции,,short,87.296,2026-03-22 14:48:02,20260322_143034_SOL-USDT-SWAP_short,1
0.006349999999999989,4.657910284856593,SNAPSHOT,AUCTION-USDT-SWAP,0.0,0.12303488515892735,4.656875,-0.001926081395326219,-0.0549900000002601,2609,4.658,6129.4,Минутный snapshot позиции,,short,4.6711,2026-03-22 14:49:02,20260322_140533_AUCTION-USDT-SWAP_short,1
0.015349999999999664,9.080346120502817,SNAPSHOT,AVAX-USDT-SWAP,0.0,0.4793314671613651,9.073621120502818,0.036850142697334096,3.0877999999996466,1650,9.077,922.8,Минутный snapshot позиции,,short,9.0959,2026-03-22 14:49:02,20260322_142132_AVAX-USDT-SWAP_short,3
166.3849999999984,68371.7146529563,SNAPSHOT,BTC-USDT-SWAP,0.0,0.5353733787822909,68317.57500000001,0.17889657086583016,4.758040000000426,1111,68249.4,3.89,Минутный snapshot позиции,,short,68590.87,2026-03-22 14:49:02,20260322_143031_BTC-USDT-SWAP_short,1
0.0017249999999999876,1.2808827021972886,SNAPSHOT,NEAR-USDT-SWAP,0.0,0.839117162986721,1.2801477021972887,0.22505590811269927,24.66440000000117,1643,1.278,855.6,Минутный snapshot позиции,,short,1.2851563440860216,2026-03-22 14:49:02,20260322_142138_NEAR-USDT-SWAP_short,4
5.8999999999999776e-09,3.2956461919e-06,SNAPSHOT,PEPE-USDT-SWAP,0.0,1.3117597274119055,3.2884249999999998e-06,0.11063663050243076,2.9680002065998643,1570,3.292e-06,81.4,Минутный snapshot позиции,,short,3.2988e-06,2026-03-22 14:49:02,20260322_142252_PEPE-USDT-SWAP_short,1
0.12850000000000178,87.09465466448445,SNAPSHOT,SOL-USDT-SWAP,0.0,0.15381425412321154,87.02940466448445,0.03978965714710037,1.05869999999993,1108,87.06,30.55,Минутный snapshot позиции,,short,87.296,2026-03-22 14:49:02,20260322_143034_SOL-USDT-SWAP_short,1
0.006349999999999989,4.657910284856593,SNAPSHOT,AUCTION-USDT-SWAP,0.0,0.12303488515892735,4.656875,-0.044863791176942495,-1.280870000000125,2670,4.66,6129.4,Минутный snapshot позиции,,short,4.6711,2026-03-22 14:50:03,20260322_140533_AUCTION-USDT-SWAP_short,1
0.015349999999999664,9.080346120502817,SNAPSHOT,AVAX-USDT-SWAP,0.0,0.4793314671613651,9.073621120502818,0.02583734663506163,2.165000000000158,1711,9.078,922.8,Минутный snapshot позиции,,short,9.0959,2026-03-22 14:50:03,20260322_142132_AVAX-USDT-SWAP_short,3
166.3849999999984,68371.7146529563,SNAPSHOT,BTC-USDT-SWAP,0.0,0.5366897125974904,68317.57500000001,0.14437937304536363,3.8400000000001997,1172,68273.0,3.89,Минутный snapshot позиции,,short,68590.87,2026-03-22 14:50:03,20260322_143031_BTC-USDT-SWAP_short,1
0.0017249999999999876,1.2808827021972886,SNAPSHOT,NEAR-USDT-SWAP,0.0,0.839117162986721,1.2801477021972887,0.24067014036494908,26.37560000000098,1704,1.2778,855.6,Минутный snapshot позиции,,short,1.2851563440860216,2026-03-22 14:50:03,20260322_142138_NEAR-USDT-SWAP_short,4
5.8999999999999776e-09,3.2956461919e-06,SNAPSHOT,PEPE-USDT-SWAP,0.0,1.3117597274119055,3.2884249999999998e-06,0.04995050451852731,1.3400002065997418,1631,3.294e-06,81.4,Минутный snapshot позиции,,short,3.2988e-06,2026-03-22 14:50:03,20260322_142252_PEPE-USDT-SWAP_short,1
0.12850000000000178,87.09465466448445,SNAPSHOT,SOL-USDT-SWAP,0.0,0.15381425412321154,87.02940466448445,0.05127141804107051,1.3642000000000862,1169,87.05,30.55,Минутный snapshot позиции,,short,87.296,2026-03-22 14:50:03,20260322_143034_SOL-USDT-SWAP_short,1
0.0,0.0,TRAIL_UPDATE,AUCTION-USDT-SWAP,0.0,0.0,0.0,0.0,-1.8938099999997853,0,4.657,6129.4,ATR stop update,unknown,short,4.6693999999999996,2026-03-22 14:50:29,20260322_140533_AUCTION-USDT-SWAP_short,1
0.0,0.0,TRAIL_UPDATE,BTC-USDT-SWAP,0.0,0.0,0.0,0.0,3.2642800000000864,0,68279.9,3.89,ATR stop update,unknown,short,68534.09999999999,2026-03-22 14:50:56,20260322_143031_BTC-USDT-SWAP_short,1
167.04999999999853,0.0,ADD_UNIT,BTC-USDT-SWAP,0.0,0.0,68257.28232647816,0.0,0.0,0,68340.80732647816,7.78,Добор по Turtle,unknown,short,68534.09999999999,2026-03-22 14:50:57,20260322_143031_BTC-USDT-SWAP_short,2
0.006199999999999983,4.657910284856593,SNAPSHOT,AUCTION-USDT-SWAP,0.0,0.12303488515892735,4.656875,-0.08780150095855876,-1.8938099999997853,2728,4.662,6129.4,Минутный snapshot позиции,,short,4.6693999999999996,2026-03-22 14:51:01,20260322_140533_AUCTION-USDT-SWAP_short,1
0.01449999999999969,9.080346120502817,SNAPSHOT,AVAX-USDT-SWAP,0.0,0.4793314671613651,9.073621120502818,0.05887573482189862,2.165000000000158,1769,9.075,922.8,Минутный snapshot позиции,,short,9.0959,2026-03-22 14:51:01,20260322_142132_AVAX-USDT-SWAP_short,3
167.04999999999853,68356.26098971722,SNAPSHOT,BTC-USDT-SWAP,0.0,0.5366897125974904,68257.28232647816,0.022607531505257513,3.2642800000000864,1230,68340.80732647816,7.78,Минутный snapshot позиции,,short,68534.09999999999,2026-03-22 14:51:01,20260322_143031_BTC-USDT-SWAP_short,2
0.0015599999999999837,1.2808827021972886,SNAPSHOT,NEAR-USDT-SWAP,0.0,0.839117162986721,1.2801477021972887,0.23286302423882418,19.530800000001733,1762,1.2779,855.6,Минутный snapshot позиции,,short,1.2851563440860216,2026-03-22 14:51:01,20260322_142138_NEAR-USDT-SWAP_short,4
5.599999999999976e-09,3.2956461919e-06,SNAPSHOT,PEPE-USDT-SWAP,0.0,1.3117597274119055,3.2884249999999998e-06,0.019607441526588436,2.154000206599803,1689,3.295e-06,81.4,Минутный snapshot позиции,,short,3.2982e-06,2026-03-22 14:51:01,20260322_142252_PEPE-USDT-SWAP_short,1
0.12700000000000172,87.09465466448445,SNAPSHOT,SOL-USDT-SWAP,0.0,0.15381425412321154,87.02940466448445,0.07423493982899447,1.3642000000000862,1227,87.03,30.55,Минутный snapshot позиции,,short,87.296,2026-03-22 14:51:01,20260322_143034_SOL-USDT-SWAP_short,1
0.006199999999999983,4.657910284856593,SNAPSHOT,AUCTION-USDT-SWAP,0.0,0.12303488515892735,4.656875,-0.001926081395326219,-0.0549900000002601,2788,4.658,6129.4,Минутный snapshot позиции,,short,4.6693999999999996,2026-03-22 14:52:01,20260322_140533_AUCTION-USDT-SWAP_short,1
0.01449999999999969,9.080346120502817,SNAPSHOT,AVAX-USDT-SWAP,0.0,0.4793314671613651,9.073621120502818,0.13596530725784509,11.392999999999962,1829,9.068,922.8,Минутный snapshot позиции,,short,9.0959,2026-03-22 14:52:01,20260322_142132_AVAX-USDT-SWAP_short,3
167.04999999999853,68340.80732647816,SNAPSHOT,BTC-USDT-SWAP,0.0,0.5366897125974904,68257.28232647816,0.12438736064684684,6.613570000000313,1290,68255.8,7.78,Минутный snapshot позиции,,short,68534.09999999999,2026-03-22 14:52:01,20260322_143031_BTC-USDT-SWAP_short,2
0.0015599999999999837,1.2808827021972886,SNAPSHOT,NEAR-USDT-SWAP,0.0,0.8859598597435224,1.2801477021972887,0.3109341855000906,34.07600000000203,1822,1.2769,855.6,Минутный snapshot позиции,,short,1.2851563440860216,2026-03-22 14:52:01,20260322_142138_NEAR-USDT-SWAP_short,4
5.599999999999976e-09,3.2956461919e-06,SNAPSHOT,PEPE-USDT-SWAP,0.0,1.3117597274119055,3.2884249999999998e-06,0.20166581947827308,5.410000206599703,1749,3.289e-06,81.4,Минутный snapshot позиции,,short,3.2982e-06,2026-03-22 14:52:01,20260322_142252_PEPE-USDT-SWAP_short,1
0.12700000000000172,87.09465466448445,SNAPSHOT,SOL-USDT-SWAP,0.0,0.2915953848507553,87.02940466448445,0.13164374429881254,3.502699999999878,1287,86.98,30.55,Минутный snapshot позиции,,short,87.296,2026-03-22 14:52:01,20260322_143034_SOL-USDT-SWAP_short,1
0.006199999999999983,4.657910284856593,SNAPSHOT,AUCTION-USDT-SWAP,0.0,0.31625457917622923,4.656875,0.041011628386309125,-0.0549900000002601,2847,4.656,6129.4,Минутный snapshot позиции,,short,4.6693999999999996,2026-03-22 14:53:00,20260322_140533_AUCTION-USDT-SWAP_short,1
0.01449999999999969,9.080346120502817,SNAPSHOT,AVAX-USDT-SWAP,0.0,0.6391646390813744,9.073621120502818,0.12495251119555303,15.084199999999555,1888,9.069,922.8,Минутный snapshot позиции,,short,9.0959,2026-03-22 14:53:00,20260322_142132_AVAX-USDT-SWAP_short,3
167.04999999999853,68340.80732647816,SNAPSHOT,BTC-USDT-SWAP,0.0,1.0768412142379544,68257.28232647816,0.27919969626145913,15.031530000000087,1349,68150.0,7.78,Минутный snapshot позиции,,short,68534.09999999999,2026-03-22 14:53:00,20260322_143031_BTC-USDT-SWAP_short,2
0.0015599999999999837,1.2808827021972886,SNAPSHOT,NEAR-USDT-SWAP,0.0,1.096751995148895,1.2801477021972887,0.3187413016262155,34.931600000001936,1881,1.2768,855.6,Минутный snapshot позиции,,short,1.2851563440860216,2026-03-22 14:53:00,20260322_142138_NEAR-USDT-SWAP_short,4
5.599999999999976e-09,3.2956461919e-06,SNAPSHOT,PEPE-USDT-SWAP,0.0,1.4634750423833482,3.2884249999999998e-06,0.1713227564863342,5.410000206599703,1808,3.29e-06,81.4,Минутный snapshot позиции,,short,3.2982e-06,2026-03-22 14:53:00,20260322_142252_PEPE-USDT-SWAP_short,1
0.12700000000000172,87.09465466448445,SNAPSHOT,SOL-USDT-SWAP,0.0,0.6360482116697127,87.02940466448445,0.20053430966260072,5.335699999999948,1346,86.92,30.55,Минутный snapshot позиции,,short,87.296,2026-03-22 14:53:00,20260322_143034_SOL-USDT-SWAP_short,1
0.006199999999999983,4.657910284856593,SNAPSHOT,AUCTION-USDT-SWAP,0.0,0.31625457917622923,4.656875,-0.0663326460677411,-1.8938099999997853,2907,4.661,6129.4,Минутный snapshot позиции,,short,4.6693999999999996,2026-03-22 14:54:00,20260322_140533_AUCTION-USDT-SWAP_short,1
0.01449999999999969,9.080346120502817,SNAPSHOT,AVAX-USDT-SWAP,0.0,0.6391646390813744,9.073621120502818,0.12495251119555303,10.470199999998833,1948,9.069,922.8,Минутный snapshot позиции,,short,9.0959,2026-03-22 14:54:00,20260322_142132_AVAX-USDT-SWAP_short,3
167.04999999999853,68340.80732647816,SNAPSHOT,BTC-USDT-SWAP,0.0,1.0768412142379544,68257.28232647816,0.20193985391314387,10.736970000000314,1409,68202.8,7.78,Минутный snapshot позиции,,short,68534.09999999999,2026-03-22 14:54:00,20260322_143031_BTC-USDT-SWAP_short,2
0.0015599999999999837,1.2808827021972886,SNAPSHOT,NEAR-USDT-SWAP,0.0,1.096751995148895,1.2801477021972887,0.27189860486944867,29.798000000000602,1941,1.2774,855.6,Минутный snapshot позиции,,short,1.2851563440860216,2026-03-22 14:54:00,20260322_142138_NEAR-USDT-SWAP_short,4
5.599999999999976e-09,3.2956461919e-06,SNAPSHOT,PEPE-USDT-SWAP,0.0,1.4634750423833482,3.2884249999999998e-06,0.08029356751047904,2.154000206599803,1868,3.293e-06,81.4,Минутный snapshot позиции,,short,3.2982e-06,2026-03-22 14:54:00,20260322_142252_PEPE-USDT-SWAP_short,1
0.12700000000000172,87.09465466448445,SNAPSHOT,SOL-USDT-SWAP,0.0,0.6360482116697127,87.02940466448445,0.15460726608675282,4.113700000000191,1406,86.96,30.55,Минутный snapshot позиции,,short,87.296,2026-03-22 14:54:00,20260322_143034_SOL-USDT-SWAP_short,1
0.006449999999999978,4.657910284856593,SNAPSHOT,AUCTION-USDT-SWAP,0.0,0.31625457917622923,4.656875,-0.13073921074017503,-3.7326299999998547,2975,4.664,6129.4,Минутный snapshot позиции,,short,4.6693999999999996,2026-03-22 14:55:08,20260322_140533_AUCTION-USDT-SWAP_short,1
0.01449999999999969,9.080346120502817,SNAPSHOT,AVAX-USDT-SWAP,0.0,0.6391646390813744,9.073621120502818,0.13596530725784509,11.392999999999962,2016,9.068,922.8,Минутный snapshot позиции,,short,9.0959,2026-03-22 14:55:08,20260322_142132_AVAX-USDT-SWAP_short,3
167.04999999999853,68340.80732647816,SNAPSHOT,BTC-USDT-SWAP,0.0,1.0768412142379544,68257.28232647816,0.0999510089950179,5.314310000000539,1477,68272.5,7.78,Минутный snapshot позиции,,short,68534.09999999999,2026-03-22 14:55:08,20260322_143031_BTC-USDT-SWAP_short,2
0.0015599999999999837,1.2808827021972886,SNAPSHOT,NEAR-USDT-SWAP,0.0,1.096751995148895,1.2801477021972887,0.248477256491074,27.231200000000886,2009,1.2777,855.6,Минутный snapshot позиции,,short,1.2851563440860216,2026-03-22 14:55:08,20260322_142138_NEAR-USDT-SWAP_short,4
5.599999999999976e-09,3.2956461919e-06,SNAPSHOT,PEPE-USDT-SWAP,0.0,1.4634750423833482,3.2884249999999998e-06,0.1409796934943825,3.7820002065999256,1936,3.291e-06,81.4,Минутный snapshot позиции,,short,3.2982e-06,2026-03-22 14:55:08,20260322_142252_PEPE-USDT-SWAP_short,1
0.12700000000000172,87.09465466448445,SNAPSHOT,SOL-USDT-SWAP,0.0,0.6360482116697127,87.02940466448445,0.10868022251088857,2.8916999999999997,1474,87.0,30.55,Минутный snapshot позиции,,short,87.296,2026-03-22 14:55:08,20260322_143034_SOL-USDT-SWAP_short,1
0.0,0.0,TRAIL_UPDATE,SOL-USDT-SWAP,0.0,0.0,0.0,0.0,2.8916999999999997,0,87.03,30.55,ATR stop update,unknown,short,87.131,2026-03-22 14:55:31,20260322_143034_SOL-USDT-SWAP_short,1
0.1335000000000015,0.0,OPEN,AAVE-USDT-SWAP,0.0,0.0,0.0,0.0,0.0,0,106.74000831255195,240.6,Первичный вход,unknown,short,107.00700831255196,2026-03-22 14:55:53,20260322_145549_AAVE-USDT-SWAP_short,1
0.014349999999999596,0.0,ADD_UNIT,AVAX-USDT-SWAP,0.0,0.0,9.06661466189857,0.0,0.0,0,9.07378966189857,1230.4,Добор по Turtle,unknown,short,9.0959,2026-03-22 14:55:57,20260322_142132_AVAX-USDT-SWAP_short,4
0.0,0.0,TRAIL_UPDATE,BTC-USDT-SWAP,0.0,0.0,0.0,0.0,11.024830000000087,0,68282.6,7.78,ATR stop update,unknown,short,68443.13,2026-03-22 14:56:09,20260322_143031_BTC-USDT-SWAP_short,2
0.1335000000000015,106.74000831255195,SNAPSHOT,AAVE-USDT-SWAP,0.0,0.0,106.67325831255195,0.0,0.0,20,106.74000831255195,240.6,Минутный snapshot позиции,,short,107.00700831255196,2026-03-22 14:56:10,20260322_145549_AAVE-USDT-SWAP_short,1
0.006449999999999978,4.657910284856593,SNAPSHOT,AUCTION-USDT-SWAP,0.0,0.31625457917622923,4.656875,-0.001926081395326219,-0.0549900000002601,3037,4.658,6129.4,Минутный snapshot позиции,,short,4.6693999999999996,2026-03-22 14:56:10,20260322_140533_AUCTION-USDT-SWAP_short,1
0.014349999999999596,9.078707005851754,SNAPSHOT,AVAX-USDT-SWAP,0.0,0.7382798036418854,9.06661466189857,0.05416348330236199,20.620999999999764,2078,9.07378966189857,1230.4,Минутный snapshot позиции,,short,9.0959,2026-03-22 14:56:10,20260322_142132_AVAX-USDT-SWAP_short,4
177.5649999999987,68340.80732647816,SNAPSHOT,BTC-USDT-SWAP,0.0,1.0768412142379544,68257.28232647816,0.16667541829584046,11.024830000000087,1539,68226.9,7.78,Минутный snapshot позиции,,short,68443.13,2026-03-22 14:56:10,20260322_143031_BTC-USDT-SWAP_short,2
0.0015899999999999803,1.2808827021972886,SNAPSHOT,NEAR-USDT-SWAP,0.0,1.096751995148895,1.2801477021972887,0.3655839983829649,38.35400000000156,2071,1.2762,855.6,Минутный snapshot позиции,,short,1.2851563440860216,2026-03-22 14:56:10,20260322_142138_NEAR-USDT-SWAP_short,4
5.749999999999945e-09,3.2956461919e-06,SNAPSHOT,PEPE-USDT-SWAP,0.0,1.4634750423833482,3.2884249999999998e-06,0.1713227564863342,5.410000206599703,1998,3.29e-06,81.4,Минутный snapshot позиции,,short,3.2982e-06,2026-03-22 14:56:10,20260322_142252_PEPE-USDT-SWAP_short,1
0.1305000000000014,87.09465466448445,SNAPSHOT,SOL-USDT-SWAP,0.0,0.6360482116697127,87.02940466448445,0.26942487502638895,7.168700000000017,1536,86.86,30.55,Минутный snapshot позиции,,short,87.131,2026-03-22 14:56:10,20260322_143034_SOL-USDT-SWAP_short,1
0.1335000000000015,106.74000831255195,SNAPSHOT,AAVE-USDT-SWAP,0.0,7.787662832921639e-06,106.67325831255195,0.009376346048840625,0.2407999999998236,74,106.73,240.6,Минутный snapshot позиции,,short,107.00700831255196,2026-03-22 14:57:04,20260322_145549_AAVE-USDT-SWAP_short,1
0.006449999999999978,4.657910284856593,SNAPSHOT,AUCTION-USDT-SWAP,0.0,0.31625457917622923,4.656875,-0.023394936286124823,-1.280870000000125,3091,4.659,6129.4,Минутный snapshot позиции,,short,4.6693999999999996,2026-03-22 14:57:04,20260322_140533_AUCTION-USDT-SWAP_short,1
0.014349999999999596,9.07378966189857,SNAPSHOT,AVAX-USDT-SWAP,0.0,0.7382798036418854,9.06661466189857,0.14095171229584555,15.73639999999985,2132,9.061,1230.4,Минутный snapshot позиции,,short,9.0959,2026-03-22 14:57:04,20260322_142132_AVAX-USDT-SWAP_short,4
177.5649999999987,68340.80732647816,SNAPSHOT,BTC-USDT-SWAP,0.0,1.0768412142379544,68257.28232647816,0.1216071769259881,6.4657500000007655,1593,68257.7,7.78,Минутный snapshot позиции,,short,68443.13,2026-03-22 14:57:04,20260322_143031_BTC-USDT-SWAP_short,2
0.0015899999999999803,1.2808827021972886,SNAPSHOT,NEAR-USDT-SWAP,0.0,1.096751995148895,1.2801477021972887,0.2875128371217158,31.509200000002316,2125,1.2772,855.6,Минутный snapshot позиции,,short,1.2851563440860216,2026-03-22 14:57:04,20260322_142138_NEAR-USDT-SWAP_short,4
5.749999999999945e-09,3.2956461919e-06,SNAPSHOT,PEPE-USDT-SWAP,0.0,1.4634750423833482,3.2884249999999998e-06,0.2623519454621765,7.0380002065998255,2052,3.287e-06,81.4,Минутный snapshot позиции,,short,3.2982e-06,2026-03-22 14:57:04,20260322_142252_PEPE-USDT-SWAP_short,1
0.1305000000000014,87.09465466448445,SNAPSHOT,SOL-USDT-SWAP,0.0,0.8082746250791669,87.02940466448445,0.20053430966260072,5.335699999999948,1590,86.92,30.55,Минутный snapshot позиции,,short,87.131,2026-03-22 14:57:04,20260322_143034_SOL-USDT-SWAP_short,1
0.1335000000000015,106.74000831255195,SNAPSHOT,AAVE-USDT-SWAP,0.0,0.056234713304584925,106.67325831255195,0.01874490443486164,0.4813999999999467,135,106.72,240.6,Минутный snapshot позиции,,short,107.00700831255196,2026-03-22 14:58:05,20260322_145549_AAVE-USDT-SWAP_short,1
0.006449999999999978,4.657910284856593,SNAPSHOT,AUCTION-USDT-SWAP,0.0,0.31625457917622923,4.656875,0.019542773495491453,0.5579499999999447,3152,4.657,6129.4,Минутный snapshot позиции,,short,4.6693999999999996,2026-03-22 14:58:05,20260322_140533_AUCTION-USDT-SWAP_short,1
0.014349999999999596,9.07378966189857,SNAPSHOT,AVAX-USDT-SWAP,0.0,0.7382798036418854,9.06661466189857,0.2291177410235296,25.579599999998766,2193,9.053,1230.4,Минутный snapshot позиции,,short,9.0959,2026-03-22 14:58:05,20260322_142132_AVAX-USDT-SWAP_short,4
177.5649999999987,68340.80732647816,SNAPSHOT,BTC-USDT-SWAP,0.0,1.0768412142379544,68257.28232647816,0.25227581180675324,13.413290000000993,1654,68168.4,7.78,Минутный snapshot позиции,,short,68443.13,2026-03-22 14:58:05,20260322_143031_BTC-USDT-SWAP_short,2
0.0015899999999999803,1.2808827021972886,SNAPSHOT,NEAR-USDT-SWAP,0.0,1.096751995148895,1.2801477021972887,0.3265484177523404,35.787200000001846,2186,1.2767,855.6,Минутный snapshot позиции,,short,1.2851563440860216,2026-03-22 14:58:05,20260322_142138_NEAR-USDT-SWAP_short,4
5.749999999999945e-09,3.2956461919e-06,SNAPSHOT,PEPE-USDT-SWAP,0.0,1.4634750423833482,3.2884249999999998e-06,0.2623519454621765,7.0380002065998255,2113,3.287e-06,81.4,Минутный snapshot позиции,,short,3.2982e-06,2026-03-22 14:58:05,20260322_142252_PEPE-USDT-SWAP_short,1
0.1305000000000014,87.09465466448445,SNAPSHOT,SOL-USDT-SWAP,0.0,0.8082746250791669,87.02940466448445,0.26942487502638895,7.168700000000017,1651,86.86,30.55,Минутный snapshot позиции,,short,87.131,2026-03-22 14:58:05,20260322_143034_SOL-USDT-SWAP_short,1
0.1335000000000015,106.74000831255195,SNAPSHOT,AAVE-USDT-SWAP,0.0,0.14055173877873414,106.67325831255195,0.07495625475096111,1.9250000000000014,191,106.66,240.6,Минутный snapshot позиции,,short,107.00700831255196,2026-03-22 14:59:01,20260322_145549_AAVE-USDT-SWAP_short,1
0.006449999999999978,4.657910284856593,SNAPSHOT,AUCTION-USDT-SWAP,0.0,0.31625457917622923,4.656875,-0.023394936286124823,0.5579499999999447,3208,4.659,6129.4,Минутный snapshot позиции,,short,4.6693999999999996,2026-03-22 14:59:01,20260322_140533_AUCTION-USDT-SWAP_short,1
0.014349999999999596,9.07378966189857,SNAPSHOT,AVAX-USDT-SWAP,0.0,0.7382798036418854,9.06661466189857,0.19605548025066277,21.888400000000814,2249,9.056,1230.4,Минутный snapshot позиции,,short,9.0959,2026-03-22 14:59:01,20260322_142132_AVAX-USDT-SWAP_short,4
177.5649999999987,68340.80732647816,SNAPSHOT,BTC-USDT-SWAP,0.0,1.0768412142379544,68257.28232647816,0.23222922392469336,12.347430000000086,1710,68182.1,7.78,Минутный snapshot позиции,,short,68443.13,2026-03-22 14:59:01,20260322_143031_BTC-USDT-SWAP_short,2
0.0015899999999999803,1.2808827021972886,SNAPSHOT,NEAR-USDT-SWAP,0.0,1.096751995148895,1.2801477021972887,0.3655839983829649,33.22040000000213,2242,1.2762,855.6,Минутный snapshot позиции,,short,1.2851563440860216,2026-03-22 14:59:01,20260322_142138_NEAR-USDT-SWAP_short,4
5.749999999999945e-09,3.2956461919e-06,SNAPSHOT,PEPE-USDT-SWAP,0.0,1.4634750423833482,3.2884249999999998e-06,0.20166581947827308,5.410000206599703,2169,3.289e-06,81.4,Минутный snapshot позиции,,short,3.2982e-06,2026-03-22 14:59:01,20260322_142252_PEPE-USDT-SWAP_short,1
0.1305000000000014,87.09465466448445,SNAPSHOT,SOL-USDT-SWAP,0.0,0.8427199077610772,87.02940466448445,0.26942487502638895,7.168700000000017,1707,86.86,30.55,Минутный snapshot позиции,,short,87.131,2026-03-22 14:59:01,20260322_143034_SOL-USDT-SWAP_short,1
0.1335000000000015,106.74000831255195,SNAPSHOT,AAVE-USDT-SWAP,0.0,0.22486876425288335,106.67325831255195,0.06558769636494009,1.6843999999998784,258,106.67,240.6,Минутный snapshot позиции,,short,107.00700831255196,2026-03-22 15:00:08,20260322_145549_AAVE-USDT-SWAP_short,1
0.006199999999999939,4.657910284856593,SNAPSHOT,AUCTION-USDT-SWAP,0.0,0.31625457917622923,4.656875,-0.023394936286124823,1.7838299999998095,3275,4.659,6129.4,Минутный snapshot позиции,,short,4.668399999999999,2026-03-22 15:00:08,20260322_140533_AUCTION-USDT-SWAP_short,1
0.014349999999999596,9.07378966189857,SNAPSHOT,AVAX-USDT-SWAP,0.0,0.7382798036418854,9.06661466189857,0.2291177410235296,25.579599999998766,2316,9.053,1230.4,Минутный snapshot позиции,,short,9.0959,2026-03-22 15:00:08,20260322_142132_AVAX-USDT-SWAP_short,4
177.5649999999987,68340.80732647816,SNAPSHOT,BTC-USDT-SWAP,0.0,1.0768412142379544,68257.28232647816,0.2393991714153638,12.728650000000766,1777,68177.2,7.78,Минутный snapshot позиции,,short,68443.13,2026-03-22 15:00:08,20260322_143031_BTC-USDT-SWAP_short,2
0.0015899999999999803,1.2808827021972886,SNAPSHOT,NEAR-USDT-SWAP,0.0,1.096751995148895,1.2801477021972887,0.3109341855000906,34.07600000000203,2309,1.2769,855.6,Минутный snapshot позиции,,short,1.2851563440860216,2026-03-22 15:00:08,20260322_142138_NEAR-USDT-SWAP_short,4
5.749999999999945e-09,3.2956461919e-06,SNAPSHOT,PEPE-USDT-SWAP,0.0,1.4634750423833482,3.2884249999999998e-06,0.2320088824702248,6.224000206599764,2236,3.288e-06,81.4,Минутный snapshot позиции,,short,3.2982e-06,2026-03-22 15:00:08,20260322_142252_PEPE-USDT-SWAP_short,1
0.1305000000000014,87.09465466448445,SNAPSHOT,SOL-USDT-SWAP,0.0,0.9116104731248492,87.02940466448445,0.3038701577082831,8.085200000000052,1774,86.83,30.55,Минутный snapshot позиции,,short,87.131,2026-03-22 15:00:08,20260322_143034_SOL-USDT-SWAP_short,1
0.0,0.0,TRAIL_UPDATE,SOL-USDT-SWAP,0.0,0.0,0.0,0.0,8.085200000000052,0,86.83,30.55,ATR stop update,unknown,short,87.094,2026-03-22 15:00:24,20260322_143034_SOL-USDT-SWAP_short,1
0.13200000000000145,0.0,ADD_UNIT,SOL-USDT-SWAP,0.0,0.0,86.89632733224222,0.0,0.0,0,86.96232733224222,61.1,Добор по Turtle,unknown,short,87.094,2026-03-22 15:00:26,20260322_143034_SOL-USDT-SWAP_short,2
0.14050000000000154,0.0,ADD_UNIT,AAVE-USDT-SWAP,0.0,0.0,106.66975831255195,0.0,0.0,0,106.74000831255195,240.6,Добор по Turtle,unknown,short,107.00700831255196,2026-03-22 15:00:27,20260322_145549_AAVE-USDT-SWAP_short,2
180.269999999999,0.0,ADD_UNIT,BTC-USDT-SWAP,0.0,0.0,68209.53783633249,0.0,0.0,0,68299.67283633248,11.67,Добор по Turtle,unknown,short,68443.13,2026-03-22 15:00:48,20260322_143031_BTC-USDT-SWAP_short,3
0.0,0.0,STOP_MODE_SWITCH,BTC-USDT-SWAP,0.0,0.0,0.0,0.0,0.0,0,68181.8,11.67,ATR -> TURTLE,unknown,short,68443.13,2026-03-22 15:00:50,20260322_143031_BTC-USDT-SWAP_short,3
0.14050000000000154,106.71500415627598,SNAPSHOT,AAVE-USDT-SWAP,0.0,0.22486876425288335,106.66975831255195,0.014060025012045852,0.7220000000000698,312,106.7,481.2,Минутный snapshot позиции,,short,107.00700831255196,2026-03-22 15:01:02,20260322_145549_AAVE-USDT-SWAP_short,2
0.006199999999999939,4.657910284856593,SNAPSHOT,AUCTION-USDT-SWAP,0.0,0.31625457917622923,4.656875,-0.001926081395326219,-0.0549900000002601,3329,4.658,6129.4,Минутный snapshot позиции,,short,4.668399999999999,2026-03-22 15:01:02,20260322_140533_AUCTION-USDT-SWAP_short,1
0.014099999999999646,9.07378966189857,SNAPSHOT,AVAX-USDT-SWAP,0.0,0.7382798036418854,9.06661466189857,0.11891020511391474,13.275599999999029,2370,9.063,1230.4,Минутный snapshot позиции,,short,9.0959,2026-03-22 15:01:02,20260322_142132_AVAX-USDT-SWAP_short,4
180.269999999999,68299.67283633248,SNAPSHOT,BTC-USDT-SWAP,0.0,1.0768412142379544,68209.53783633249,0.11665185647872908,9.297820000000426,1831,68220.0,11.67,Минутный snapshot позиции,,short,68443.13,2026-03-22 15:01:02,20260322_143031_BTC-USDT-SWAP_short,3
0.0016449999999999854,1.2808827021972886,SNAPSHOT,NEAR-USDT-SWAP,0.0,1.096751995148895,1.2801477021972887,0.3109341855000906,34.07600000000203,2363,1.2769,855.6,Минутный snapshot позиции,,short,1.2851563440860216,2026-03-22 15:01:02,20260322_142138_NEAR-USDT-SWAP_short,4
5.749999999999945e-09,3.2956461919e-06,SNAPSHOT,PEPE-USDT-SWAP,0.0,1.4634750423833482,3.2884249999999998e-06,0.20166581947827308,5.410000206599703,2290,3.289e-06,81.4,Минутный snapshot позиции,,short,3.2982e-06,2026-03-22 15:01:02,20260322_142252_PEPE-USDT-SWAP_short,1
0.13200000000000145,86.96232733224222,SNAPSHOT,SOL-USDT-SWAP,0.0,0.9116104731248492,86.89632733224222,0.1406670405391363,7.4741999999997395,1828,86.84,61.1,Минутный snapshot позиции,,short,87.094,2026-03-22 15:01:02,20260322_143034_SOL-USDT-SWAP_short,2
0.14050000000000154,106.71500415627598,SNAPSHOT,AAVE-USDT-SWAP,0.0,0.22486876425288335,106.66975831255195,-0.004681482012315544,-0.2403999999997387,372,106.72,481.2,Минутный snapshot позиции,,short,107.00700831255196,2026-03-22 15:02:02,20260322_145549_AAVE-USDT-SWAP_short,2
0.006199999999999939,4.657910284856593,SNAPSHOT,AUCTION-USDT-SWAP,0.0,0.31625457917622923,4.656875,-0.001926081395326219,-0.0549900000002601,3389,4.658,6129.4,Минутный snapshot позиции,,short,4.668399999999999,2026-03-22 15:02:02,20260322_140533_AUCTION-USDT-SWAP_short,1
0.014099999999999646,9.07378966189857,SNAPSHOT,AVAX-USDT-SWAP,0.0,0.7382798036418854,9.06661466189857,0.11891020511391474,10.814800000000393,2430,9.063,1230.4,Минутный snapshot позиции,,short,9.0959,2026-03-22 15:02:02,20260322_142132_AVAX-USDT-SWAP_short,4
180.269999999999,68299.67283633248,SNAPSHOT,BTC-USDT-SWAP,0.0,1.0768412142379544,68209.53783633249,0.11269868966566521,10.021360000000085,1891,68222.7,11.67,Минутный snapshot позиции,,short,68443.13,2026-03-22 15:02:02,20260322_143031_BTC-USDT-SWAP_short,3
0.0016449999999999854,1.2808827021972886,SNAPSHOT,NEAR-USDT-SWAP,0.0,1.096751995148895,1.2801477021972887,0.23286302423882418,29.798000000000602,2423,1.2779,855.6,Минутный snapshot позиции,,short,1.2851563440860216,2026-03-22 15:02:02,20260322_142138_NEAR-USDT-SWAP_short,4
5.749999999999945e-09,3.2956461919e-06,SNAPSHOT,PEPE-USDT-SWAP,0.0,1.4634750423833482,3.2884249999999998e-06,0.1409796934943825,5.410000206599703,2350,3.291e-06,81.4,Минутный snapshot позиции,,short,3.2982e-06,2026-03-22 15:02:02,20260322_142252_PEPE-USDT-SWAP_short,1
0.13200000000000145,86.96232733224222,SNAPSHOT,SOL-USDT-SWAP,0.0,0.9116104731248492,86.89632733224222,0.12916780827757826,8.696200000000365,1888,86.85,61.1,Минутный snapshot позиции,,short,87.094,2026-03-22 15:02:02,20260322_143034_SOL-USDT-SWAP_short,2
0.14050000000000154,106.71500415627598,SNAPSHOT,AAVE-USDT-SWAP,0.0,0.22486876425288335,106.66975831255195,0.04217228554859461,2.1656000000001248,431,106.67,481.2,Минутный snapshot позиции,,short,107.00700831255196,2026-03-22 15:03:01,20260322_145549_AAVE-USDT-SWAP_short,2
0.006199999999999939,4.657910284856593,SNAPSHOT,AUCTION-USDT-SWAP,0.0,0.31625457917622923,4.656875,0.041011628386309125,1.1708900000001492,3448,4.656,6129.4,Минутный snapshot позиции,,short,4.668399999999999,2026-03-22 15:03:01,20260322_140533_AUCTION-USDT-SWAP_short,1
0.014099999999999646,9.07378966189857,SNAPSHOT,AVAX-USDT-SWAP,0.0,0.7382798036418854,9.06661466189857,0.07482719075007273,8.353999999999571,2489,9.067,1230.4,Минутный snapshot позиции,,short,9.0959,2026-03-22 15:03:01,20260322_142132_AVAX-USDT-SWAP_short,4
180.269999999999,68299.67283633248,SNAPSHOT,BTC-USDT-SWAP,0.0,1.0768412142379544,68209.53783633249,0.10830628209558951,8.632630000000765,1950,68225.7,11.67,Минутный snapshot позиции,,short,68443.13,2026-03-22 15:03:01,20260322_143031_BTC-USDT-SWAP_short,3
0.0016449999999999854,1.2808827021972886,SNAPSHOT,NEAR-USDT-SWAP,0.0,1.096751995148895,1.2801477021972887,0.1704060952298249,18.67520000000183,2482,1.2787,855.6,Минутный snapshot позиции,,short,1.2851563440860216,2026-03-22 15:03:01,20260322_142138_NEAR-USDT-SWAP_short,4
5.749999999999945e-09,3.2956461919e-06,SNAPSHOT,PEPE-USDT-SWAP,0.0,1.4634750423833482,3.2884249999999998e-06,0.1713227564863342,4.596000206599987,2409,3.29e-06,81.4,Минутный snapshot позиции,,short,3.2982e-06,2026-03-22 15:03:01,20260322_142252_PEPE-USDT-SWAP_short,1
0.13200000000000145,86.96232733224222,SNAPSHOT,SOL-USDT-SWAP,0.0,0.9116104731248492,86.89632733224222,0.1406670405391363,7.4741999999997395,1947,86.84,61.1,Минутный snapshot позиции,,short,87.094,2026-03-22 15:03:01,20260322_143034_SOL-USDT-SWAP_short,2
0.14050000000000154,106.71500415627598,SNAPSHOT,AAVE-USDT-SWAP,0.0,0.22486876425288335,106.66975831255195,0.04217228554859461,2.1656000000001248,496,106.67,481.2,Минутный snapshot позиции,,short,107.00700831255196,2026-03-22 15:04:06,20260322_145549_AAVE-USDT-SWAP_short,2
0.006199999999999939,4.657910284856593,SNAPSHOT,AUCTION-USDT-SWAP,0.0,0.31625457917622923,4.656875,0.041011628386309125,1.1708900000001492,3513,4.656,6129.4,Минутный snapshot позиции,,short,4.668399999999999,2026-03-22 15:04:06,20260322_140533_AUCTION-USDT-SWAP_short,1
0.014099999999999646,9.07378966189857,SNAPSHOT,AVAX-USDT-SWAP,0.0,0.7382798036418854,9.06661466189857,0.14095171229584555,15.73639999999985,2554,9.061,1230.4,Минутный snapshot позиции,,short,9.0959,2026-03-22 15:04:06,20260322_142132_AVAX-USDT-SWAP_short,4
180.269999999999,68299.67283633248,SNAPSHOT,BTC-USDT-SWAP,0.0,1.0768412142379544,68209.53783633249,0.13290376448801766,10.593190000001105,2015,68208.9,11.67,Минутный snapshot позиции,,short,68443.13,2026-03-22 15:04:06,20260322_143031_BTC-USDT-SWAP_short,3
0.0016449999999999854,1.2808827021972886,SNAPSHOT,NEAR-USDT-SWAP,0.0,1.096751995148895,1.2801477021972887,0.19382744360819962,21.242000000001546,2547,1.2784,855.6,Минутный snapshot позиции,,short,1.2851563440860216,2026-03-22 15:04:06,20260322_142138_NEAR-USDT-SWAP_short,4
5.749999999999945e-09,3.2956461919e-06,SNAPSHOT,PEPE-USDT-SWAP,0.0,1.4634750423833482,3.2884249999999998e-06,0.11063663050243076,2.9680002065998643,2474,3.292e-06,81.4,Минутный snapshot позиции,,short,3.2982e-06,2026-03-22 15:04:06,20260322_142252_PEPE-USDT-SWAP_short,1
0.13200000000000145,86.96232733224222,SNAPSHOT,SOL-USDT-SWAP,0.0,0.9116104731248492,86.89632733224222,0.1406670405391363,7.4741999999997395,2012,86.84,61.1,Минутный snapshot позиции,,short,87.094,2026-03-22 15:04:06,20260322_143034_SOL-USDT-SWAP_short,2
0.14050000000000154,106.71500415627598,SNAPSHOT,AAVE-USDT-SWAP,0.0,0.22486876425288335,106.66975831255195,0.04217228554859461,2.1656000000001248,550,106.67,481.2,Минутный snapshot позиции,,short,107.00700831255196,2026-03-22 15:05:00,20260322_145549_AAVE-USDT-SWAP_short,2
0.006199999999999939,4.657910284856593,SNAPSHOT,AUCTION-USDT-SWAP,0.0,0.31625457917622923,4.656875,-0.001926081395326219,1.1708900000001492,3567,4.658,6129.4,Минутный snapshot позиции,,short,4.668399999999999,2026-03-22 15:05:00,20260322_140533_AUCTION-USDT-SWAP_short,1
0.014099999999999646,9.07378966189857,SNAPSHOT,AVAX-USDT-SWAP,0.0,0.7382798036418854,9.06661466189857,0.11891020511391474,15.73639999999985,2608,9.063,1230.4,Минутный snapshot позиции,,short,9.0959,2026-03-22 15:05:00,20260322_142132_AVAX-USDT-SWAP_short,4
180.269999999999,68299.67283633248,SNAPSHOT,BTC-USDT-SWAP,0.0,1.0768412142379544,68209.53783633249,0.19512953839742334,15.552940000001104,2069,68166.4,11.67,Минутный snapshot позиции,,short,68443.13,2026-03-22 15:05:00,20260322_143031_BTC-USDT-SWAP_short,3
0.0016449999999999854,1.2808827021972886,SNAPSHOT,NEAR-USDT-SWAP,0.0,1.096751995148895,1.2801477021972887,0.21724879198657432,23.808800000001263,2601,1.2781,855.6,Минутный snapshot позиции,,short,1.2851563440860216,2026-03-22 15:05:00,20260322_142138_NEAR-USDT-SWAP_short,4
5.749999999999945e-09,3.2956461919e-06,SNAPSHOT,PEPE-USDT-SWAP,0.0,1.4634750423833482,3.2884249999999998e-06,0.20166581947827308,5.410000206599703,2528,3.289e-06,81.4,Минутный snapshot позиции,,short,3.2982e-06,2026-03-22 15:05:00,20260322_142252_PEPE-USDT-SWAP_short,1
0.13200000000000145,86.96232733224222,SNAPSHOT,SOL-USDT-SWAP,0.0,0.9116104731248492,86.89632733224222,0.12916780827757826,6.863200000000295,2066,86.85,61.1,Минутный snapshot позиции,,short,87.094,2026-03-22 15:05:00,20260322_143034_SOL-USDT-SWAP_short,2
0.13000000000000184,0.0,ADD_UNIT,SOL-USDT-SWAP,0.0,0.0,86.87988488816148,0.0,0.0,0,86.94488488816148,91.65,Добор по Turtle,unknown,short,87.094,2026-03-22 15:05:10,20260322_143034_SOL-USDT-SWAP_short,3
0.0,0.0,STOP_MODE_SWITCH,SOL-USDT-SWAP,0.0,0.0,0.0,0.0,0.0,0,86.83,91.65,ATR -> TURTLE,unknown,short,87.094,2026-03-22 15:05:12,20260322_143034_SOL-USDT-SWAP_short,3
0.0,0.0,TRAIL_UPDATE,AAVE-USDT-SWAP,0.0,0.0,0.0,0.0,2.1656000000001248,0,106.67,481.2,ATR stop update,unknown,short,106.94800000000001,2026-03-22 15:05:20,20260322_145549_AAVE-USDT-SWAP_short,2
182.75999999999914,0.0,ADD_UNIT,BTC-USDT-SWAP,0.0,0.0,68194.18728791774,0.0,0.0,0,68285.56728791774,15.56,Добор по Turtle,unknown,short,68443.13,2026-03-22 15:05:39,20260322_143031_BTC-USDT-SWAP_short,4
0.13900000000000148,106.71500415627598,SNAPSHOT,AAVE-USDT-SWAP,0.0,0.22486876425288335,106.66975831255195,-0.004681482012315544,-0.2403999999997387,612,106.72,481.2,Минутный snapshot позиции,,short,106.94800000000001,2026-03-22 15:06:02,20260322_145549_AAVE-USDT-SWAP_short,2
0.005999999999999917,4.657910284856593,SNAPSHOT,AUCTION-USDT-SWAP,0.0,0.31625457917622923,4.656875,-0.0663326460677411,-1.8938099999997853,3629,4.661,6129.4,Минутный snapshot позиции,,short,4.668399999999999,2026-03-22 15:06:02,20260322_140533_AUCTION-USDT-SWAP_short,1
0.014399999999999746,9.07378966189857,SNAPSHOT,AVAX-USDT-SWAP,0.0,0.7382798036418854,9.06661466189857,-0.05742185234147294,-3.950000000000168,2670,9.079,1230.4,Минутный snapshot позиции,,short,9.0959,2026-03-22 15:06:02,20260322_142132_AVAX-USDT-SWAP_short,4
182.75999999999914,68285.56728791774,SNAPSHOT,BTC-USDT-SWAP,0.0,1.0768412142379544,68194.18728791774,0.050914547976366284,5.409790000000462,2131,68250.8,15.56,Минутный snapshot позиции,,short,68443.13,2026-03-22 15:06:02,20260322_143031_BTC-USDT-SWAP_short,4
0.001739999999999986,1.2808827021972886,SNAPSHOT,NEAR-USDT-SWAP,0.0,1.096751995148895,1.2801477021972887,0.13917763072532527,15.252800000002205,2663,1.2791,855.6,Минутный snapshot позиции,,short,1.2851563440860216,2026-03-22 15:06:02,20260322_142138_NEAR-USDT-SWAP_short,4
5.849999999999952e-09,3.2956461919e-06,SNAPSHOT,PEPE-USDT-SWAP,0.0,1.4634750423833482,3.2884249999999998e-06,0.08029356751047904,2.154000206599803,2590,3.293e-06,81.4,Минутный snapshot позиции,,short,3.2982e-06,2026-03-22 15:06:02,20260322_142252_PEPE-USDT-SWAP_short,1
0.13000000000000184,86.94488488816148,SNAPSHOT,SOL-USDT-SWAP,0.0,0.9116104731248492,86.87988488816148,0.04012299079624818,3.197200000000156,2128,86.91,91.65,Минутный snapshot позиции,,short,87.094,2026-03-22 15:06:02,20260322_143034_SOL-USDT-SWAP_short,3
0.13900000000000148,106.71500415627598,SNAPSHOT,AAVE-USDT-SWAP,0.0,0.22486876425288335,106.66975831255195,-0.014052235524502903,-0.7215999999999849,673,106.73,481.2,Минутный snapshot позиции,,short,106.94800000000001,2026-03-22 15:07:03,20260322_145549_AAVE-USDT-SWAP_short,2
0.005999999999999917,4.657910284856593,SNAPSHOT,AUCTION-USDT-SWAP,0.0,0.31625457917622923,4.656875,-0.0663326460677411,-0.6679299999999204,3690,4.661,6129.4,Минутный snapshot позиции,,short,4.668399999999999,2026-03-22 15:07:03,20260322_140533_AUCTION-USDT-SWAP_short,1
0.014399999999999746,9.07378966189857,SNAPSHOT,AVAX-USDT-SWAP,0.0,0.7382798036418854,9.06661466189857,-0.05742185234147294,-0.2588000000000278,2731,9.079,1230.4,Минутный snapshot позиции,,short,9.0959,2026-03-22 15:07:03,20260322_142132_AVAX-USDT-SWAP_short,4
182.75999999999914,68285.56728791774,SNAPSHOT,BTC-USDT-SWAP,0.0,1.0768412142379544,68194.18728791774,0.11666782759794923,11.80495000000137,2192,68205.9,15.56,Минутный snapshot позиции,,short,68443.13,2026-03-22 15:07:03,20260322_143031_BTC-USDT-SWAP_short,4
0.001739999999999986,1.2808827021972886,SNAPSHOT,NEAR-USDT-SWAP,0.0,1.096751995148895,1.2801477021972887,0.1469847468514502,19.530800000001733,2724,1.279,855.6,Минутный snapshot позиции,,short,1.2851563440860216,2026-03-22 15:07:03,20260322_142138_NEAR-USDT-SWAP_short,4
5.849999999999952e-09,3.2956461919e-06,SNAPSHOT,PEPE-USDT-SWAP,0.0,1.4634750423833482,3.2884249999999998e-06,0.019607441526588436,2.154000206599803,2651,3.295e-06,81.4,Минутный snapshot позиции,,short,3.2982e-06,2026-03-22 15:07:03,20260322_142252_PEPE-USDT-SWAP_short,1
0.13000000000000184,86.94488488816148,SNAPSHOT,SOL-USDT-SWAP,0.0,0.9116104731248492,86.87988488816148,0.07462760833480792,5.94670000000026,2189,86.88,91.65,Минутный snapshot позиции,,short,87.094,2026-03-22 15:07:03,20260322_143034_SOL-USDT-SWAP_short,3
0.13900000000000148,106.71500415627598,SNAPSHOT,AAVE-USDT-SWAP,0.0,0.22486876425288335,106.66975831255195,0.004689271499871813,0.2408000000005074,731,106.71,481.2,Минутный snapshot позиции,,short,106.94800000000001,2026-03-22 15:08:01,20260322_145549_AAVE-USDT-SWAP_short,2
0.005999999999999917,4.657910284856593,SNAPSHOT,AUCTION-USDT-SWAP,0.0,0.31625457917622923,4.656875,-0.0663326460677411,-0.0549900000002601,3748,4.661,6129.4,Минутный snapshot позиции,,short,4.668399999999999,2026-03-22 15:08:01,20260322_140533_AUCTION-USDT-SWAP_short,1
0.014399999999999746,9.07378966189857,SNAPSHOT,AVAX-USDT-SWAP,0.0,0.7382798036418854,9.06661466189857,0.019723422795275083,2.202000000000794,2789,9.072,1230.4,Минутный snapshot позиции,,short,9.0959,2026-03-22 15:08:01,20260322_142132_AVAX-USDT-SWAP_short,4
182.75999999999914,68285.56728791774,SNAPSHOT,BTC-USDT-SWAP,0.0,1.0768412142379544,68194.18728791774,0.12428290675233616,13.205350000001369,2250,68200.7,15.56,Минутный snapshot позиции,,short,68443.13,2026-03-22 15:08:01,20260322_143031_BTC-USDT-SWAP_short,4
0.001739999999999986,1.2808827021972886,SNAPSHOT,NEAR-USDT-SWAP,0.0,1.096751995148895,1.2801477021972887,0.18602032748207473,20.38640000000164,2782,1.2785,855.6,Минутный snapshot позиции,,short,1.2851563440860216,2026-03-22 15:08:01,20260322_142138_NEAR-USDT-SWAP_short,4
5.849999999999952e-09,3.2956461919e-06,SNAPSHOT,PEPE-USDT-SWAP,0.0,1.4634750423833482,3.2884249999999998e-06,0.08029356751047904,2.154000206599803,2709,3.293e-06,81.4,Минутный snapshot позиции,,short,3.2982e-06,2026-03-22 15:08:01,20260322_142252_PEPE-USDT-SWAP_short,1
0.13000000000000184,86.94488488816148,SNAPSHOT,SOL-USDT-SWAP,0.0,0.9116104731248492,86.87988488816148,0.12063376505287665,9.612699999999531,2247,86.84,91.65,Минутный snapshot позиции,,short,87.094,2026-03-22 15:08:01,20260322_143034_SOL-USDT-SWAP_short,3
0.13900000000000148,106.71500415627598,SNAPSHOT,AAVE-USDT-SWAP,0.0,0.22486876425288335,106.66975831255195,0.02343077852423321,1.203200000000316,790,106.69,481.2,Минутный snapshot позиции,,short,106.94800000000001,2026-03-22 15:09:00,20260322_145549_AAVE-USDT-SWAP_short,2
0.005999999999999917,4.657910284856593,SNAPSHOT,AUCTION-USDT-SWAP,0.0,0.31625457917622923,4.656875,-0.0663326460677411,-1.8938099999997853,3807,4.661,6129.4,Минутный snapshot позиции,,short,4.668399999999999,2026-03-22 15:09:00,20260322_140533_AUCTION-USDT-SWAP_short,1
0.014399999999999746,9.07378966189857,SNAPSHOT,AVAX-USDT-SWAP,0.0,0.7382798036418854,9.06661466189857,0.019723422795275083,2.202000000000794,2848,9.072,1230.4,Минутный snapshot позиции,,short,9.0959,2026-03-22 15:09:00,20260322_142132_AVAX-USDT-SWAP_short,4
182.75999999999914,68285.56728791774,SNAPSHOT,BTC-USDT-SWAP,0.0,1.0768412142379544,68194.18728791774,0.13321598037574384,14.154510000000009,2309,68194.6,15.56,Минутный snapshot позиции,,short,68443.13,2026-03-22 15:09:00,20260322_143031_BTC-USDT-SWAP_short,4
0.001739999999999986,1.2808827021972886,SNAPSHOT,NEAR-USDT-SWAP,0.0,1.096751995148895,1.2801477021972887,0.20163455973432454,22.097600000001453,2841,1.2783,855.6,Минутный snapshot позиции,,short,1.2851563440860216,2026-03-22 15:09:00,20260322_142138_NEAR-USDT-SWAP_short,4
5.849999999999952e-09,3.2956461919e-06,SNAPSHOT,PEPE-USDT-SWAP,0.0,1.4634750423833482,3.2884249999999998e-06,0.08029356751047904,2.154000206599803,2768,3.293e-06,81.4,Минутный snapshot позиции,,short,3.2982e-06,2026-03-22 15:09:00,20260322_142252_PEPE-USDT-SWAP_short,1
0.13000000000000184,86.94488488816148,SNAPSHOT,SOL-USDT-SWAP,0.0,0.9116104731248492,86.87988488816148,0.07462760833480792,5.94670000000026,2306,86.88,91.65,Минутный snapshot позиции,,short,87.094,2026-03-22 15:09:00,20260322_143034_SOL-USDT-SWAP_short,3
0.13900000000000148,106.71500415627598,SNAPSHOT,AAVE-USDT-SWAP,0.0,0.22486876425288335,106.66975831255195,0.004689271499871813,0.2408000000005074,851,106.71,481.2,Минутный snapshot позиции,,short,106.94800000000001,2026-03-22 15:10:01,20260322_145549_AAVE-USDT-SWAP_short,2
0.014399999999999746,9.07378966189857,SNAPSHOT,AVAX-USDT-SWAP,0.0,0.7382798036418854,9.06661466189857,-0.07946335952338417,-11.332400000000447,2909,9.081,1230.4,Минутный snapshot позиции,,short,9.0959,2026-03-22 15:10:01,20260322_142132_AVAX-USDT-SWAP_short,4
182.75999999999914,68285.56728791774,SNAPSHOT,BTC-USDT-SWAP,0.0,1.0768412142379544,68194.18728791774,0.00829939347776678,6.498990000000462,2370,68279.9,15.56,Минутный snapshot позиции,,short,68443.13,2026-03-22 15:10:01,20260322_143031_BTC-USDT-SWAP_short,4
0.001739999999999986,1.2808827021972886,SNAPSHOT,NEAR-USDT-SWAP,0.0,1.096751995148895,1.2801477021972887,0.037685121085684156,2.4188000000017187,2902,1.2804,855.6,Минутный snapshot позиции,,short,1.2851563440860216,2026-03-22 15:10:01,20260322_142138_NEAR-USDT-SWAP_short,4
5.849999999999952e-09,3.2956461919e-06,SNAPSHOT,PEPE-USDT-SWAP,0.0,1.4634750423833482,3.2884249999999998e-06,-0.07142174744926673,2.154000206599803,2829,3.298e-06,81.4,Минутный snapshot позиции,,short,3.2982e-06,2026-03-22 15:10:01,20260322_142252_PEPE-USDT-SWAP_short,1
0.13000000000000184,86.94488488816148,SNAPSHOT,SOL-USDT-SWAP,0.0,0.9116104731248492,86.87988488816148,0.005618373257688447,0.4477000000000516,2367,86.94,91.65,Минутный snapshot позиции,,short,87.094,2026-03-22 15:10:01,20260322_143034_SOL-USDT-SWAP_short,3
0.00034500000000000085,0.0,OPEN,TRX-USDT-SWAP,0.0,0.0,0.0,0.0,0.0,0,0.3116936528497415,7.72,Первичный вход,unknown,long,0.31100365284974146,2026-03-22 15:10:28,20260322_151024_TRX-USDT-SWAP_long,1
0.00015999999999999904,0.0,OPEN,DOGE-USDT-SWAP,0.0,0.0,0.0,0.0,0.0,0,0.09135,26.33,Первичный вход,unknown,long,0.09103,2026-03-22 15:10:32,20260322_151028_DOGE-USDT-SWAP_long,1
0.00027699999999999806,0.0,OPEN,XLM-USDT-SWAP,0.0,0.0,0.0,0.0,0.0,0,0.15912,147.69,Первичный вход,unknown,long,0.158566,2026-03-22 15:10:36,20260322_151033_XLM-USDT-SWAP_long,1
0.1365000000000009,106.71500415627598,SNAPSHOT,AAVE-USDT-SWAP,0.0,0.22486876425288335,106.66975831255195,-0.023422989036676944,-0.7215999999999849,910,106.74,481.2,Минутный snapshot позиции,,short,106.94800000000001,2026-03-22 15:11:00,20260322_145549_AAVE-USDT-SWAP_short,2
0.014599999999999724,9.07378966189857,SNAPSHOT,AVAX-USDT-SWAP,0.0,0.7382798036418854,9.06661466189857,-0.07946335952338417,-5.180399999999486,2968,9.081,1230.4,Минутный snapshot позиции,,short,9.0959,2026-03-22 15:11:00,20260322_142132_AVAX-USDT-SWAP_short,4
180.42499999999853,68285.56728791774,SNAPSHOT,BTC-USDT-SWAP,0.0,1.0768412142379544,68194.18728791774,0.009763831776688162,4.382830000001821,2429,68278.9,15.56,Минутный snapshot позиции,,short,68443.13,2026-03-22 15:11:00,20260322_143031_BTC-USDT-SWAP_short,4
0.00015999999999999904,0.09135,SNAPSHOT,DOGE-USDT-SWAP,0.0,0.0,0.09143,-0.1094690749863195,0.0,31,0.09125,26.33,Минутный snapshot позиции,,long,0.09103,2026-03-22 15:11:00,20260322_151028_DOGE-USDT-SWAP_long,1
0.0018149999999999777,1.2808827021972886,SNAPSHOT,NEAR-USDT-SWAP,0.0,1.096751995148895,1.2801477021972887,0.037685121085684156,2.4188000000017187,2961,1.2804,855.6,Минутный snapshot позиции,,short,1.2851563440860216,2026-03-22 15:11:00,20260322_142138_NEAR-USDT-SWAP_short,4
0.13200000000000145,86.94488488816148,SNAPSHOT,SOL-USDT-SWAP,0.0,0.9116104731248492,86.87988488816148,0.04012299079624818,4.113699999999322,2426,86.91,91.65,Минутный snapshot позиции,,short,87.094,2026-03-22 15:11:00,20260322_143034_SOL-USDT-SWAP_short,3
0.00034500000000000085,0.3116936528497415,SNAPSHOT,TRX-USDT-SWAP,0.0,0.0,0.3118661528497415,-0.0942120081871024,0.0,35,0.3114,7.72,Минутный snapshot позиции,,long,0.31100365284974146,2026-03-22 15:11:00,20260322_151024_TRX-USDT-SWAP_long,1
0.00027699999999999806,0.15912,SNAPSHOT,XLM-USDT-SWAP,0.0,0.0,0.1592585,0.0,0.0,27,0.15912,147.69,Минутный snapshot позиции,,long,0.158566,2026-03-22 15:11:00,20260322_151033_XLM-USDT-SWAP_long,1
0.1365000000000009,106.71500415627598,SNAPSHOT,AAVE-USDT-SWAP,0.0,0.22486876425288335,106.66975831255195,-0.04216449606105166,-2.1652000000000395,976,106.76,481.2,Минутный snapshot позиции,,short,106.94800000000001,2026-03-22 15:12:06,20260322_145549_AAVE-USDT-SWAP_short,2
0.014599999999999724,9.07378966189857,SNAPSHOT,AVAX-USDT-SWAP,0.0,0.7382798036418854,9.06661466189857,-0.013338837977611335,-1.489199999999346,3034,9.075,1230.4,Минутный snapshot позиции,,short,9.0959,2026-03-22 15:12:06,20260322_142132_AVAX-USDT-SWAP_short,4
180.42499999999853,68285.56728791774,SNAPSHOT,BTC-USDT-SWAP,0.0,1.0768412142379544,68194.18728791774,0.04066347988391659,4.320590000000463,2495,68257.8,15.56,Минутный snapshot позиции,,short,68443.13,2026-03-22 15:12:06,20260322_143031_BTC-USDT-SWAP_short,4
0.00015999999999999904,0.0913,SNAPSHOT,DOGE-USDT-SWAP,0.0,0.0,0.09143,-0.08762322015335226,-2.1064000000002796,97,0.09122,26.33,Минутный snapshot позиции,,long,0.09103,2026-03-22 15:12:06,20260322_151028_DOGE-USDT-SWAP_long,1
0.0018149999999999777,1.2808827021972886,SNAPSHOT,NEAR-USDT-SWAP,0.0,1.096751995148895,1.2801477021972887,0.0923349339685585,10.119200000000871,3027,1.2797,855.6,Минутный snapshot позиции,,short,1.2851563440860216,2026-03-22 15:12:06,20260322_142138_NEAR-USDT-SWAP_short,4
0.13200000000000145,86.94488488816148,SNAPSHOT,SOL-USDT-SWAP,0.0,0.9116104731248492,86.87988488816148,0.09763068669384228,7.779699999999896,2492,86.86,91.65,Минутный snapshot позиции,,short,87.094,2026-03-22 15:12:06,20260322_143034_SOL-USDT-SWAP_short,3
0.00034500000000000085,0.3116936528497415,SNAPSHOT,TRX-USDT-SWAP,0.0,0.0,0.3118661528497415,-0.12629479174259434,-3.0390000000041173,101,0.3113,7.72,Минутный snapshot позиции,,long,0.31100365284974146,2026-03-22 15:12:06,20260322_151024_TRX-USDT-SWAP_long,1
0.00027699999999999806,0.15912,SNAPSHOT,XLM-USDT-SWAP,0.0,0.0,0.1592585,-0.07541478129713988,-1.7722800000001326,93,0.159,147.69,Минутный snapshot позиции,,long,0.158566,2026-03-22 15:12:06,20260322_151033_XLM-USDT-SWAP_long,1
0.1365000000000009,106.71500415627598,SNAPSHOT,AAVE-USDT-SWAP,0.0,0.22486876425288335,106.66975831255195,-0.023422989036676944,-1.2027999999995471,1032,106.74,481.2,Минутный snapshot позиции,,short,106.94800000000001,2026-03-22 15:13:02,20260322_145549_AAVE-USDT-SWAP_short,2
0.014599999999999724,9.07378966189857,SNAPSHOT,AVAX-USDT-SWAP,0.0,0.7382798036418854,9.06661466189857,-0.07946335952338417,-3.950000000000168,3090,9.081,1230.4,Минутный snapshot позиции,,short,9.0959,2026-03-22 15:13:02,20260322_142132_AVAX-USDT-SWAP_short,4
180.42499999999853,68285.56728791774,SNAPSHOT,BTC-USDT-SWAP,0.0,1.0768412142379544,68194.18728791774,-0.0032696690837249447,1.1619100000000095,2551,68287.8,15.56,Минутный snapshot позиции,,short,68443.13,2026-03-22 15:13:02,20260322_143031_BTC-USDT-SWAP_short,4
0.00015999999999999904,0.0913,SNAPSHOT,DOGE-USDT-SWAP,0.0,0.0,0.09143,-0.10952902519167891,-2.1064000000002796,153,0.0912,26.33,Минутный snapshot позиции,,long,0.09103,2026-03-22 15:13:02,20260322_151028_DOGE-USDT-SWAP_long,1
0.0018149999999999777,1.2808827021972886,SNAPSHOT,NEAR-USDT-SWAP,0.0,1.096751995148895,1.2801477021972887,0.06110646946405888,10.119200000000871,3083,1.2801,855.6,Минутный snapshot позиции,,short,1.2851563440860216,2026-03-22 15:13:02,20260322_142138_NEAR-USDT-SWAP_short,4
0.13200000000000145,86.94488488816148,SNAPSHOT,SOL-USDT-SWAP,0.0,0.9116104731248492,86.87988488816148,0.09763068669384228,6.863199999999427,2548,86.86,91.65,Минутный snapshot позиции,,short,87.094,2026-03-22 15:13:02,20260322_143034_SOL-USDT-SWAP_short,3
0.00034500000000000085,0.3116936528497415,SNAPSHOT,TRX-USDT-SWAP,0.0,0.0,0.3118661528497415,-0.0942120081871024,-3.0390000000041173,157,0.3114,7.72,Минутный snapshot позиции,,long,0.31100365284974146,2026-03-22 15:13:02,20260322_151024_TRX-USDT-SWAP_long,1
0.00027699999999999806,0.15912,SNAPSHOT,XLM-USDT-SWAP,0.0,0.0,0.1592585,0.0,-1.3292100000000995,149,0.15912,147.69,Минутный snapshot позиции,,long,0.158566,2026-03-22 15:13:02,20260322_151033_XLM-USDT-SWAP_long,1
0.1365000000000009,106.71500415627598,SNAPSHOT,AAVE-USDT-SWAP,0.0,0.22486876425288335,106.66975831255195,-0.023422989036676944,-1.2027999999995471,1092,106.74,481.2,Минутный snapshot позиции,,short,106.94800000000001,2026-03-22 15:14:02,20260322_145549_AAVE-USDT-SWAP_short,2
0.014599999999999724,9.07378966189857,SNAPSHOT,AVAX-USDT-SWAP,0.0,0.7382798036418854,9.06661466189857,-0.07946335952338417,-2.71960000000085,3150,9.081,1230.4,Минутный snapshot позиции,,short,9.0959,2026-03-22 15:14:02,20260322_142132_AVAX-USDT-SWAP_short,4
180.42499999999853,68285.56728791774,SNAPSHOT,BTC-USDT-SWAP,0.0,1.0768412142379544,68194.18728791774,0.0416885866931573,0.9285100000000094,2611,68257.1,15.56,Минутный snapshot позиции,,short,68443.13,2026-03-22 15:14:02,20260322_143031_BTC-USDT-SWAP_short,4
0.00015999999999999904,0.0913,SNAPSHOT,DOGE-USDT-SWAP,0.0,0.0,0.09143,-0.05476451259584706,-2.1064000000002796,213,0.09125,26.33,Минутный snapshot позиции,,long,0.09103,2026-03-22 15:14:02,20260322_151028_DOGE-USDT-SWAP_long,1
0.0018149999999999777,1.2808827021972886,SNAPSHOT,NEAR-USDT-SWAP,0.0,1.096751995148895,1.2801477021972887,0.06110646946405888,6.6968000000012475,3143,1.2801,855.6,Минутный snapshot позиции,,short,1.2851563440860216,2026-03-22 15:14:02,20260322_142138_NEAR-USDT-SWAP_short,4
0.13200000000000145,86.94488488816148,SNAPSHOT,SOL-USDT-SWAP,0.0,0.9116104731248492,86.87988488816148,0.08612914751431693,6.863199999999427,2608,86.87,91.65,Минутный snapshot позиции,,short,87.094,2026-03-22 15:14:02,20260322_143034_SOL-USDT-SWAP_short,3
0.00034500000000000085,0.3116936528497415,SNAPSHOT,TRX-USDT-SWAP,0.0,0.0,0.3118661528497415,-0.0942120081871024,-3.0390000000041173,217,0.3114,7.72,Минутный snapshot позиции,,long,0.31100365284974146,2026-03-22 15:14:02,20260322_151024_TRX-USDT-SWAP_long,1
0.00027699999999999806,0.15912,SNAPSHOT,XLM-USDT-SWAP,0.0,0.0,0.1592585,0.0,-1.4769000000002472,209,0.15912,147.69,Минутный snapshot позиции,,long,0.158566,2026-03-22 15:14:02,20260322_151033_XLM-USDT-SWAP_long,1
0.1365000000000009,106.71500415627598,SNAPSHOT,AAVE-USDT-SWAP,0.0,0.22486876425288335,106.66975831255195,-0.023422989036676944,-1.2027999999995471,1152,106.74,481.2,Минутный snapshot позиции,,short,106.94800000000001,2026-03-22 15:15:02,20260322_145549_AAVE-USDT-SWAP_short,2
0.014599999999999724,9.07378966189857,SNAPSHOT,AVAX-USDT-SWAP,0.0,0.7382798036418854,9.06661466189857,-0.07946335952338417,-1.489199999999346,3210,9.081,1230.4,Минутный snapshot позиции,,short,9.0959,2026-03-22 15:15:02,20260322_142132_AVAX-USDT-SWAP_short,4
180.42499999999853,68285.56728791774,SNAPSHOT,BTC-USDT-SWAP,0.0,1.0768412142379544,68194.18728791774,0.008152949647866118,1.9087900000004623,2671,68280.0,15.56,Минутный snapshot позиции,,short,68443.13,2026-03-22 15:15:02,20260322_143031_BTC-USDT-SWAP_short,4
0.00015999999999999904,0.0913,SNAPSHOT,DOGE-USDT-SWAP,0.0,0.0,0.09143,-0.08762322015335226,-2.1064000000002796,273,0.09122,26.33,Минутный snapshot позиции,,long,0.09103,2026-03-22 15:15:02,20260322_151028_DOGE-USDT-SWAP_long,1
0.0018149999999999777,1.2808827021972886,SNAPSHOT,NEAR-USDT-SWAP,0.0,1.096751995148895,1.2801477021972887,0.1469847468514502,19.530800000001733,3203,1.279,855.6,Минутный snapshot позиции,,short,1.2851563440860216,2026-03-22 15:15:02,20260322_142138_NEAR-USDT-SWAP_short,4
0.13200000000000145,86.94488488816148,SNAPSHOT,SOL-USDT-SWAP,0.0,0.9116104731248492,86.87988488816148,0.08612914751431693,6.863199999999427,2668,86.87,91.65,Минутный snapshot позиции,,short,87.094,2026-03-22 15:15:02,20260322_143034_SOL-USDT-SWAP_short,3
0.00034500000000000085,0.3116936528497415,SNAPSHOT,TRX-USDT-SWAP,0.0,0.0,0.3118661528497415,-0.06212922463161046,-3.0390000000041173,277,0.3115,7.72,Минутный snapshot позиции,,long,0.31100365284974146,2026-03-22 15:15:02,20260322_151024_TRX-USDT-SWAP_long,1
0.00027699999999999806,0.15912,SNAPSHOT,XLM-USDT-SWAP,0.0,0.0,0.1592585,-0.05027652086477155,-1.1815200000003618,269,0.15904,147.69,Минутный snapshot позиции,,long,0.158566,2026-03-22 15:15:02,20260322_151033_XLM-USDT-SWAP_long,1
0.0004150000000000001,0.0,OPEN,CRV-USDT-SWAP,0.0,0.0,0.0,0.0,0.0,0,0.219,10352.0,Первичный вход,unknown,short,0.21983,2026-03-22 15:15:27,20260322_151524_CRV-USDT-SWAP_short,1
0.01650000000000045,0.0,OPEN,COMP-USDT-SWAP,0.0,0.0,0.0,0.0,0.0,0,18.77,1193.7,Первичный вход,unknown,long,18.737,2026-03-22 15:15:30,20260322_151528_COMP-USDT-SWAP_long,1
0.0,0.0,TRAIL_UPDATE,AAVE-USDT-SWAP,0.0,0.0,0.0,0.0,-4.571199999999903,0,106.74,481.2,ATR stop update,unknown,short,106.917,2026-03-22 15:15:42,20260322_145549_AAVE-USDT-SWAP_short,2
0.0,0.0,STOP_INIT_FORCE_CLOSE,COMP-USDT-SWAP,0.0,0.0,0.0,0.0,0.0,0,18.77,1193.7,initial_stop_not_found,unknown,long,18.737,2026-03-22 15:16:36,20260322_151528_COMP-USDT-SWAP_long,1
0.12350000000000136,106.71500415627598,SNAPSHOT,AAVE-USDT-SWAP,0.0,0.22486876425288335,106.66975831255195,-0.08901826362196182,-4.571199999999903,1247,106.81,481.2,Минутный snapshot позиции,,short,106.917,2026-03-22 15:16:37,20260322_145549_AAVE-USDT-SWAP_short,2
0.013999999999999702,9.07378966189857,SNAPSHOT,AVAX-USDT-SWAP,0.0,0.7382798036418854,9.06661466189857,-0.07946335952338417,-1.489199999999346,3305,9.081,1230.4,Минутный snapshot позиции,,short,9.0959,2026-03-22 15:16:37,20260322_142132_AVAX-USDT-SWAP_short,4
182.93999999999943,68285.56728791774,SNAPSHOT,BTC-USDT-SWAP,0.0,1.0768412142379544,68194.18728791774,-0.02098937250066091,-0.0828899999999907,2766,68299.9,15.56,Минутный snapshot позиции,,short,68443.13,2026-03-22 15:16:37,20260322_143031_BTC-USDT-SWAP_short,4
0.0,0.0,CLOSE,COMP-USDT-SWAP,0.0,0.0,0.0,0.0,0.0,0,18.77,1193.7,Ошибка: первичный стоп не подтверждён на бирже,ошибка:_первичный_стоп_не_подтверждён_на_бирже,long,18.737,2026-03-22 15:16:37,20260322_151528_COMP-USDT-SWAP_long,1
0.0004150000000000001,0.219,SNAPSHOT,CRV-USDT-SWAP,0.0,0.0,0.2187925,0.0,0.0,73,0.219,10352.0,Минутный snapshot позиции,,short,0.21983,2026-03-22 15:16:37,20260322_151524_CRV-USDT-SWAP_short,1
0.00016499999999999919,0.0913,SNAPSHOT,DOGE-USDT-SWAP,0.0,0.0,0.09143,-0.05476451259584706,-2.8963000000003385,368,0.09125,26.33,Минутный snapshot позиции,,long,0.09103,2026-03-22 15:16:37,20260322_151028_DOGE-USDT-SWAP_long,1
0.001884999999999981,1.2808827021972886,SNAPSHOT,NEAR-USDT-SWAP,0.0,1.096751995148895,1.2801477021972887,0.13917763072532527,18.67520000000183,3298,1.2791,855.6,Минутный snapshot позиции,,short,1.2851563440860216,2026-03-22 15:16:37,20260322_142138_NEAR-USDT-SWAP_short,4
0.12900000000000134,86.94488488816148,SNAPSHOT,SOL-USDT-SWAP,0.0,0.9116104731248492,86.87988488816148,0.028621451616722818,2.280699999999687,2763,86.92,91.65,Минутный snapshot позиции,,short,87.094,2026-03-22 15:16:37,20260322_143034_SOL-USDT-SWAP_short,3
0.00036500000000000145,0.3116936528497415,SNAPSHOT,TRX-USDT-SWAP,0.0,0.0,0.3118661528497415,-0.06212922463161046,-2.2670000000042023,372,0.3115,7.72,Минутный snapshot позиции,,long,0.31100365284974146,2026-03-22 15:16:37,20260322_151024_TRX-USDT-SWAP_long,1
0.0002684999999999993,0.15912,SNAPSHOT,XLM-USDT-SWAP,0.0,0.0,0.1592585,0.0,-1.1815200000003618,364,0.15912,147.69,Минутный snapshot позиции,,long,0.158566,2026-03-22 15:16:37,20260322_151033_XLM-USDT-SWAP_long,1
