atr,block_reason,cycle_id,inst_id,price,reason,side,stage,system_name,ts
5.49999999999988e-05,no_fresh_breakout,1,1INCH-USDT-SWAP,0.095,нет свежего пробоя Donchian на последней закрытой свече,,rejected,,
0.0013349999999999994,no_fresh_breakout,1,2Z-USDT-SWAP,0.078,нет свежего пробоя Donchian на последней закрытой свече,,rejected,,
0.22400000000000092,no_fresh_breakout,1,AAVE-USDT-SWAP,111.28,нет свежего пробоя Donchian на последней закрытой свече,,rejected,,
5.49999999999988e-05,no_fresh_breakout,2,1INCH-USDT-SWAP,0.095,нет свежего пробоя Donchian на последней закрытой свече,,rejected,,
0.0013599999999999994,no_fresh_breakout,2,2Z-USDT-SWAP,0.0779,нет свежего пробоя Donchian на последней закрытой свече,,rejected,,
0.22550000000000026,no_fresh_breakout,2,AAVE-USDT-SWAP,111.23,нет свежего пробоя Donchian на последней закрытой свече,,rejected,,
1.3000000000000077e-05,no_fresh_breakout,2,ACT-USDT-SWAP,0.01347,нет свежего пробоя Donchian на последней закрытой свече,,rejected,,
0.0013000000000000012,no_fresh_breakout,2,ADA-USDT-SWAP,0.2644,нет свежего пробоя Donchian на последней закрытой свече,,rejected,,
5.49999999999988e-05,no_fresh_breakout,3,1INCH-USDT-SWAP,0.095,нет свежего пробоя Donchian на последней закрытой свече,,rejected,,
0.0013599999999999994,no_fresh_breakout,3,2Z-USDT-SWAP,0.0779,нет свежего пробоя Donchian на последней закрытой свече,,rejected,,
0.22550000000000026,no_fresh_breakout,3,AAVE-USDT-SWAP,111.23,нет свежего пробоя Donchian на последней закрытой свече,,rejected,,
1.3000000000000077e-05,no_fresh_breakout,3,ACT-USDT-SWAP,0.01347,нет свежего пробоя Donchian на последней закрытой свече,,rejected,,
0.0013000000000000012,no_fresh_breakout,3,ADA-USDT-SWAP,0.2644,нет свежего пробоя Donchian на последней закрытой свече,,rejected,,
0.0009499999999999974,no_fresh_breakout,3,ARB-USDT-SWAP,0.098,нет свежего пробоя Donchian на последней закрытой свече,,rejected,,
0.01428000000000002,no_fresh_breakout,3,ASTER-USDT-SWAP,0.6866,нет свежего пробоя Donchian на последней закрытой свече,,rejected,,
5.49999999999988e-05,no_fresh_breakout,4,1INCH-USDT-SWAP,0.095,нет свежего пробоя Donchian на последней закрытой свече,,rejected,,
0.0013599999999999994,no_fresh_breakout,4,2Z-USDT-SWAP,0.0779,нет свежего пробоя Donchian на последней закрытой свече,,rejected,,
0.22550000000000026,no_fresh_breakout,4,AAVE-USDT-SWAP,111.23,нет свежего пробоя Donchian на последней закрытой свече,,rejected,,
1.3000000000000077e-05,no_fresh_breakout,4,ACT-USDT-SWAP,0.01347,нет свежего пробоя Donchian на последней закрытой свече,,rejected,,
0.0013000000000000012,no_fresh_breakout,4,ADA-USDT-SWAP,0.2644,нет свежего пробоя Donchian на последней закрытой свече,,rejected,,
0.0009499999999999974,no_fresh_breakout,4,ARB-USDT-SWAP,0.098,нет свежего пробоя Donchian на последней закрытой свече,,rejected,,
0.01428000000000002,no_fresh_breakout,4,ASTER-USDT-SWAP,0.6866,нет свежего пробоя Donchian на последней закрытой свече,,rejected,,
0.07134999999999998,no_fresh_breakout,4,AUCTION-USDT-SWAP,4.985,нет свежего пробоя Donchian на последней закрытой свече,,rejected,,
0.01102000000000002,no_fresh_breakout,4,AXS-USDT-SWAP,1.188,нет свежего пробоя Donchian на последней закрытой свече,,rejected,,
5.49999999999988e-05,no_fresh_breakout,5,1INCH-USDT-SWAP,0.095,нет свежего пробоя Donchian на последней закрытой свече,,rejected,,
0.0013599999999999994,no_fresh_breakout,5,2Z-USDT-SWAP,0.0779,нет свежего пробоя Donchian на последней закрытой свече,,rejected,,
0.22550000000000026,no_fresh_breakout,5,AAVE-USDT-SWAP,111.23,нет свежего пробоя Donchian на последней закрытой свече,,rejected,,
1.3000000000000077e-05,no_fresh_breakout,5,ACT-USDT-SWAP,0.01347,нет свежего пробоя Donchian на последней закрытой свече,,rejected,,
0.0013000000000000012,no_fresh_breakout,5,ADA-USDT-SWAP,0.2644,нет свежего пробоя Donchian на последней закрытой свече,,rejected,,
0.0009499999999999974,no_fresh_breakout,5,ARB-USDT-SWAP,0.098,нет свежего пробоя Donchian на последней закрытой свече,,rejected,,
0.01428000000000002,no_fresh_breakout,5,ASTER-USDT-SWAP,0.6866,нет свежего пробоя Donchian на последней закрытой свече,,rejected,,
0.07134999999999998,no_fresh_breakout,5,AUCTION-USDT-SWAP,4.985,нет свежего пробоя Donchian на последней закрытой свече,,rejected,,
0.01102000000000002,no_fresh_breakout,5,AXS-USDT-SWAP,1.188,нет свежего пробоя Donchian на последней закрытой свече,,rejected,,
0.00026500000000000135,no_fresh_breakout,5,BAND-USDT-SWAP,0.2251,нет свежего пробоя Donchian на последней закрытой свече,,rejected,,
0.9449999999999961,no_fresh_breakout,5,BCH-USDT-SWAP,454.7,нет свежего пробоя Donchian на последней закрытой свече,,rejected,,
5.49999999999988e-05,no_fresh_breakout,6,1INCH-USDT-SWAP,0.095,нет свежего пробоя Donchian на последней закрытой свече,,rejected,,
0.0013599999999999994,no_fresh_breakout,6,2Z-USDT-SWAP,0.0779,нет свежего пробоя Donchian на последней закрытой свече,,rejected,,
0.22550000000000026,no_fresh_breakout,6,AAVE-USDT-SWAP,111.23,нет свежего пробоя Donchian на последней закрытой свече,,rejected,,
1.3000000000000077e-05,no_fresh_breakout,6,ACT-USDT-SWAP,0.01347,нет свежего пробоя Donchian на последней закрытой свече,,rejected,,
0.0013000000000000012,no_fresh_breakout,6,ADA-USDT-SWAP,0.2644,нет свежего пробоя Donchian на последней закрытой свече,,rejected,,
0.0009499999999999974,no_fresh_breakout,6,ARB-USDT-SWAP,0.098,нет свежего пробоя Donchian на последней закрытой свече,,rejected,,
0.01428000000000002,no_fresh_breakout,6,ASTER-USDT-SWAP,0.6866,нет свежего пробоя Donchian на последней закрытой свече,,rejected,,
0.07134999999999998,no_fresh_breakout,6,AUCTION-USDT-SWAP,4.985,нет свежего пробоя Donchian на последней закрытой свече,,rejected,,
0.01102000000000002,no_fresh_breakout,6,AXS-USDT-SWAP,1.188,нет свежего пробоя Donchian на последней закрытой свече,,rejected,,
0.00026500000000000135,no_fresh_breakout,6,BAND-USDT-SWAP,0.2251,нет свежего пробоя Donchian на последней закрытой свече,,rejected,,
0.9449999999999961,no_fresh_breakout,6,BCH-USDT-SWAP,454.7,нет свежего пробоя Donchian на последней закрытой свече,,rejected,,
0.0,закрытие_не_удержалось_ниже_канала,6,BOME-USDT-SWAP,0.0,закрытие не удержалось ниже канала,short,rejected,Turtle 20,
279.83499999999987,no_fresh_breakout,6,BTC-USDT-SWAP,69579.0,нет свежего пробоя Donchian на последней закрытой свече,,rejected,,
5.49999999999988e-05,no_fresh_breakout,7,1INCH-USDT-SWAP,0.095,нет свежего пробоя Donchian на последней закрытой свече,,rejected,,
0.0013599999999999994,no_fresh_breakout,7,2Z-USDT-SWAP,0.0779,нет свежего пробоя Donchian на последней закрытой свече,,rejected,,
0.22550000000000026,no_fresh_breakout,7,AAVE-USDT-SWAP,111.23,нет свежего пробоя Donchian на последней закрытой свече,,rejected,,
1.3000000000000077e-05,no_fresh_breakout,7,ACT-USDT-SWAP,0.01347,нет свежего пробоя Donchian на последней закрытой свече,,rejected,,
0.0013000000000000012,no_fresh_breakout,7,ADA-USDT-SWAP,0.2644,нет свежего пробоя Donchian на последней закрытой свече,,rejected,,
0.0009499999999999974,no_fresh_breakout,7,ARB-USDT-SWAP,0.098,нет свежего пробоя Donchian на последней закрытой свече,,rejected,,
0.01428000000000002,no_fresh_breakout,7,ASTER-USDT-SWAP,0.6866,нет свежего пробоя Donchian на последней закрытой свече,,rejected,,
0.07134999999999998,no_fresh_breakout,7,AUCTION-USDT-SWAP,4.985,нет свежего пробоя Donchian на последней закрытой свече,,rejected,,
0.01102000000000002,no_fresh_breakout,7,AXS-USDT-SWAP,1.188,нет свежего пробоя Donchian на последней закрытой свече,,rejected,,
0.00026500000000000135,no_fresh_breakout,7,BAND-USDT-SWAP,0.2251,нет свежего пробоя Donchian на последней закрытой свече,,rejected,,
0.9449999999999961,no_fresh_breakout,7,BCH-USDT-SWAP,454.7,нет свежего пробоя Donchian на последней закрытой свече,,rejected,,
0.0,закрытие_не_удержалось_ниже_канала,7,BOME-USDT-SWAP,0.0,закрытие не удержалось ниже канала,short,rejected,Turtle 20,
279.83499999999987,no_fresh_breakout,7,BTC-USDT-SWAP,69579.0,нет свежего пробоя Donchian на последней закрытой свече,,rejected,,
0.0,закрытие_не_удержалось_ниже_канала,7,CFX-USDT-SWAP,0.0,закрытие не удержалось ниже канала,short,rejected,Turtle 20,
5.49999999999988e-05,no_fresh_breakout,8,1INCH-USDT-SWAP,0.095,нет свежего пробоя Donchian на последней закрытой свече,,rejected,,
0.0013599999999999994,no_fresh_breakout,8,2Z-USDT-SWAP,0.0779,нет свежего пробоя Donchian на последней закрытой свече,,rejected,,
0.22550000000000026,no_fresh_breakout,8,AAVE-USDT-SWAP,111.23,нет свежего пробоя Donchian на последней закрытой свече,,rejected,,
1.3000000000000077e-05,no_fresh_breakout,8,ACT-USDT-SWAP,0.01347,нет свежего пробоя Donchian на последней закрытой свече,,rejected,,
0.0013000000000000012,no_fresh_breakout,8,ADA-USDT-SWAP,0.2644,нет свежего пробоя Donchian на последней закрытой свече,,rejected,,
0.0009499999999999974,no_fresh_breakout,8,ARB-USDT-SWAP,0.098,нет свежего пробоя Donchian на последней закрытой свече,,rejected,,
0.01428000000000002,no_fresh_breakout,8,ASTER-USDT-SWAP,0.6866,нет свежего пробоя Donchian на последней закрытой свече,,rejected,,
0.07134999999999998,no_fresh_breakout,8,AUCTION-USDT-SWAP,4.985,нет свежего пробоя Donchian на последней закрытой свече,,rejected,,
0.01102000000000002,no_fresh_breakout,8,AXS-USDT-SWAP,1.188,нет свежего пробоя Donchian на последней закрытой свече,,rejected,,
0.00026500000000000135,no_fresh_breakout,8,BAND-USDT-SWAP,0.2251,нет свежего пробоя Donchian на последней закрытой свече,,rejected,,
0.9449999999999961,no_fresh_breakout,8,BCH-USDT-SWAP,454.7,нет свежего пробоя Donchian на последней закрытой свече,,rejected,,
0.0,закрытие_не_удержалось_ниже_канала,8,BOME-USDT-SWAP,0.0,закрытие не удержалось ниже канала,short,rejected,Turtle 20,
279.83499999999987,no_fresh_breakout,8,BTC-USDT-SWAP,69579.0,нет свежего пробоя Donchian на последней закрытой свече,,rejected,,
0.0,закрытие_не_удержалось_ниже_канала,8,CFX-USDT-SWAP,0.0,закрытие не удержалось ниже канала,short,rejected,Turtle 20,
0.12249999999999961,no_fresh_breakout,8,COMP-USDT-SWAP,18.71,нет свежего пробоя Donchian на последней закрытой свече,,rejected,,
5.49999999999988e-05,no_fresh_breakout,9,1INCH-USDT-SWAP,0.095,нет свежего пробоя Donchian на последней закрытой свече,,rejected,,
0.0013599999999999994,no_fresh_breakout,9,2Z-USDT-SWAP,0.0779,нет свежего пробоя Donchian на последней закрытой свече,,rejected,,
0.22550000000000026,no_fresh_breakout,9,AAVE-USDT-SWAP,111.23,нет свежего пробоя Donchian на последней закрытой свече,,rejected,,
1.3000000000000077e-05,no_fresh_breakout,9,ACT-USDT-SWAP,0.01347,нет свежего пробоя Donchian на последней закрытой свече,,rejected,,
0.0013000000000000012,no_fresh_breakout,9,ADA-USDT-SWAP,0.2644,нет свежего пробоя Donchian на последней закрытой свече,,rejected,,
0.0009499999999999974,no_fresh_breakout,9,ARB-USDT-SWAP,0.098,нет свежего пробоя Donchian на последней закрытой свече,,rejected,,
0.01428000000000002,no_fresh_breakout,9,ASTER-USDT-SWAP,0.6866,нет свежего пробоя Donchian на последней закрытой свече,,rejected,,
0.07134999999999998,no_fresh_breakout,9,AUCTION-USDT-SWAP,4.985,нет свежего пробоя Donchian на последней закрытой свече,,rejected,,
0.01102000000000002,no_fresh_breakout,9,AXS-USDT-SWAP,1.188,нет свежего пробоя Donchian на последней закрытой свече,,rejected,,
0.00026500000000000135,no_fresh_breakout,9,BAND-USDT-SWAP,0.2251,нет свежего пробоя Donchian на последней закрытой свече,,rejected,,
0.9449999999999961,no_fresh_breakout,9,BCH-USDT-SWAP,454.7,нет свежего пробоя Donchian на последней закрытой свече,,rejected,,
0.0,закрытие_не_удержалось_ниже_канала,9,BOME-USDT-SWAP,0.0,закрытие не удержалось ниже канала,short,rejected,Turtle 20,
279.83499999999987,no_fresh_breakout,9,BTC-USDT-SWAP,69579.0,нет свежего пробоя Donchian на последней закрытой свече,,rejected,,
0.0,закрытие_не_удержалось_ниже_канала,9,CFX-USDT-SWAP,0.0,закрытие не удержалось ниже канала,short,rejected,Turtle 20,
0.12249999999999961,no_fresh_breakout,9,COMP-USDT-SWAP,18.71,нет свежего пробоя Donchian на последней закрытой свече,,rejected,,
0.0036799999999999984,no_fresh_breakout,9,CRV-USDT-SWAP,0.2322,нет свежего пробоя Donchian на последней закрытой свече,,rejected,,
0.0009500000000000023,no_fresh_breakout,9,DOGE-USDT-SWAP,0.09245,нет свежего пробоя Donchian на последней закрытой свече,,rejected,,
0.019300000000000005,no_fresh_breakout,9,DOT-USDT-SWAP,1.511,нет свежего пробоя Donchian на последней закрытой свече,,rejected,,
5.49999999999988e-05,no_fresh_breakout,10,1INCH-USDT-SWAP,0.095,нет свежего пробоя Donchian на последней закрытой свече,,rejected,,
0.0013599999999999994,no_fresh_breakout,10,2Z-USDT-SWAP,0.0779,нет свежего пробоя Donchian на последней закрытой свече,,rejected,,
0.22550000000000026,no_fresh_breakout,10,AAVE-USDT-SWAP,111.23,нет свежего пробоя Donchian на последней закрытой свече,,rejected,,
1.3000000000000077e-05,no_fresh_breakout,10,ACT-USDT-SWAP,0.01347,нет свежего пробоя Donchian на последней закрытой свече,,rejected,,
0.0013000000000000012,no_fresh_breakout,10,ADA-USDT-SWAP,0.2644,нет свежего пробоя Donchian на последней закрытой свече,,rejected,,
0.0009499999999999974,no_fresh_breakout,10,ARB-USDT-SWAP,0.098,нет свежего пробоя Donchian на последней закрытой свече,,rejected,,
0.01428000000000002,no_fresh_breakout,10,ASTER-USDT-SWAP,0.6866,нет свежего пробоя Donchian на последней закрытой свече,,rejected,,
0.07134999999999998,no_fresh_breakout,10,AUCTION-USDT-SWAP,4.985,нет свежего пробоя Donchian на последней закрытой свече,,rejected,,
0.01102000000000002,no_fresh_breakout,10,AXS-USDT-SWAP,1.188,нет свежего пробоя Donchian на последней закрытой свече,,rejected,,
0.00026500000000000135,no_fresh_breakout,10,BAND-USDT-SWAP,0.2251,нет свежего пробоя Donchian на последней закрытой свече,,rejected,,
0.9449999999999961,no_fresh_breakout,10,BCH-USDT-SWAP,454.7,нет свежего пробоя Donchian на последней закрытой свече,,rejected,,
0.0,закрытие_не_удержалось_ниже_канала,10,BOME-USDT-SWAP,0.0,закрытие не удержалось ниже канала,short,rejected,Turtle 20,
279.83499999999987,no_fresh_breakout,10,BTC-USDT-SWAP,69579.0,нет свежего пробоя Donchian на последней закрытой свече,,rejected,,
0.0,закрытие_не_удержалось_ниже_канала,10,CFX-USDT-SWAP,0.0,закрытие не удержалось ниже канала,short,rejected,Turtle 20,
0.12249999999999961,no_fresh_breakout,10,COMP-USDT-SWAP,18.71,нет свежего пробоя Donchian на последней закрытой свече,,rejected,,
0.0036799999999999984,no_fresh_breakout,10,CRV-USDT-SWAP,0.2322,нет свежего пробоя Donchian на последней закрытой свече,,rejected,,
0.0009500000000000023,no_fresh_breakout,10,DOGE-USDT-SWAP,0.09245,нет свежего пробоя Donchian на последней закрытой свече,,rejected,,
0.019300000000000005,no_fresh_breakout,10,DOT-USDT-SWAP,1.511,нет свежего пробоя Donchian на последней закрытой свече,,rejected,,
0.019000000000000038,no_fresh_breakout,10,ETC-USDT-SWAP,8.25,нет свежего пробоя Donchian на последней закрытой свече,,rejected,,
22.278499999999987,no_fresh_breakout,10,ETH-USDT-SWAP,2125.17,нет свежего пробоя Donchian на последней закрытой свече,,rejected,,
5.49999999999988e-05,no_fresh_breakout,11,1INCH-USDT-SWAP,0.095,нет свежего пробоя Donchian на последней закрытой свече,,rejected,,
0.0013599999999999994,no_fresh_breakout,11,2Z-USDT-SWAP,0.0779,нет свежего пробоя Donchian на последней закрытой свече,,rejected,,
0.22550000000000026,no_fresh_breakout,11,AAVE-USDT-SWAP,111.23,нет свежего пробоя Donchian на последней закрытой свече,,rejected,,
1.3000000000000077e-05,no_fresh_breakout,11,ACT-USDT-SWAP,0.01347,нет свежего пробоя Donchian на последней закрытой свече,,rejected,,
0.0013000000000000012,no_fresh_breakout,11,ADA-USDT-SWAP,0.2644,нет свежего пробоя Donchian на последней закрытой свече,,rejected,,
0.0009499999999999974,no_fresh_breakout,11,ARB-USDT-SWAP,0.098,нет свежего пробоя Donchian на последней закрытой свече,,rejected,,
0.01428000000000002,no_fresh_breakout,11,ASTER-USDT-SWAP,0.6866,нет свежего пробоя Donchian на последней закрытой свече,,rejected,,
0.07134999999999998,no_fresh_breakout,11,AUCTION-USDT-SWAP,4.985,нет свежего пробоя Donchian на последней закрытой свече,,rejected,,
0.01102000000000002,no_fresh_breakout,11,AXS-USDT-SWAP,1.188,нет свежего пробоя Donchian на последней закрытой свече,,rejected,,
0.00026500000000000135,no_fresh_breakout,11,BAND-USDT-SWAP,0.2251,нет свежего пробоя Donchian на последней закрытой свече,,rejected,,
0.9449999999999961,no_fresh_breakout,11,BCH-USDT-SWAP,454.7,нет свежего пробоя Donchian на последней закрытой свече,,rejected,,
0.0,закрытие_не_удержалось_ниже_канала,11,BOME-USDT-SWAP,0.0,закрытие не удержалось ниже канала,short,rejected,Turtle 20,
279.83499999999987,no_fresh_breakout,11,BTC-USDT-SWAP,69579.0,нет свежего пробоя Donchian на последней закрытой свече,,rejected,,
0.0,закрытие_не_удержалось_ниже_канала,11,CFX-USDT-SWAP,0.0,закрытие не удержалось ниже канала,short,rejected,Turtle 20,
0.12249999999999961,no_fresh_breakout,11,COMP-USDT-SWAP,18.71,нет свежего пробоя Donchian на последней закрытой свече,,rejected,,
0.0036799999999999984,no_fresh_breakout,11,CRV-USDT-SWAP,0.2322,нет свежего пробоя Donchian на последней закрытой свече,,rejected,,
0.0009500000000000023,no_fresh_breakout,11,DOGE-USDT-SWAP,0.09245,нет свежего пробоя Donchian на последней закрытой свече,,rejected,,
0.019300000000000005,no_fresh_breakout,11,DOT-USDT-SWAP,1.511,нет свежего пробоя Donchian на последней закрытой свече,,rejected,,
0.019000000000000038,no_fresh_breakout,11,ETC-USDT-SWAP,8.25,нет свежего пробоя Donchian на последней закрытой свече,,rejected,,
22.278499999999987,no_fresh_breakout,11,ETH-USDT-SWAP,2125.17,нет свежего пробоя Donchian на последней закрытой свече,,rejected,,
0.0005000000000000004,no_fresh_breakout,11,FIL-USDT-SWAP,0.886,нет свежего пробоя Donchian на последней закрытой свече,,rejected,,
5.49999999999988e-05,no_fresh_breakout,12,1INCH-USDT-SWAP,0.095,нет свежего пробоя Donchian на последней закрытой свече,,rejected,,
0.0013599999999999994,no_fresh_breakout,12,2Z-USDT-SWAP,0.0779,нет свежего пробоя Donchian на последней закрытой свече,,rejected,,
0.22550000000000026,no_fresh_breakout,12,AAVE-USDT-SWAP,111.23,нет свежего пробоя Donchian на последней закрытой свече,,rejected,,
1.3000000000000077e-05,no_fresh_breakout,12,ACT-USDT-SWAP,0.01347,нет свежего пробоя Donchian на последней закрытой свече,,rejected,,
0.0013000000000000012,no_fresh_breakout,12,ADA-USDT-SWAP,0.2644,нет свежего пробоя Donchian на последней закрытой свече,,rejected,,
0.0009499999999999974,no_fresh_breakout,12,ARB-USDT-SWAP,0.098,нет свежего пробоя Donchian на последней закрытой свече,,rejected,,
0.01428000000000002,no_fresh_breakout,12,ASTER-USDT-SWAP,0.6866,нет свежего пробоя Donchian на последней закрытой свече,,rejected,,
0.07134999999999998,no_fresh_breakout,12,AUCTION-USDT-SWAP,4.985,нет свежего пробоя Donchian на последней закрытой свече,,rejected,,
0.01102000000000002,no_fresh_breakout,12,AXS-USDT-SWAP,1.188,нет свежего пробоя Donchian на последней закрытой свече,,rejected,,
0.00026500000000000135,no_fresh_breakout,12,BAND-USDT-SWAP,0.2251,нет свежего пробоя Donchian на последней закрытой свече,,rejected,,
0.9449999999999961,no_fresh_breakout,12,BCH-USDT-SWAP,454.7,нет свежего пробоя Donchian на последней закрытой свече,,rejected,,
0.0,закрытие_не_удержалось_ниже_канала,12,BOME-USDT-SWAP,0.0,закрытие не удержалось ниже канала,short,rejected,Turtle 20,
279.83499999999987,no_fresh_breakout,12,BTC-USDT-SWAP,69579.0,нет свежего пробоя Donchian на последней закрытой свече,,rejected,,
0.0,закрытие_не_удержалось_ниже_канала,12,CFX-USDT-SWAP,0.0,закрытие не удержалось ниже канала,short,rejected,Turtle 20,
0.12249999999999961,no_fresh_breakout,12,COMP-USDT-SWAP,18.71,нет свежего пробоя Donchian на последней закрытой свече,,rejected,,
0.0036799999999999984,no_fresh_breakout,12,CRV-USDT-SWAP,0.2322,нет свежего пробоя Donchian на последней закрытой свече,,rejected,,
0.0009500000000000023,no_fresh_breakout,12,DOGE-USDT-SWAP,0.09245,нет свежего пробоя Donchian на последней закрытой свече,,rejected,,
0.019300000000000005,no_fresh_breakout,12,DOT-USDT-SWAP,1.511,нет свежего пробоя Donchian на последней закрытой свече,,rejected,,
0.019000000000000038,no_fresh_breakout,12,ETC-USDT-SWAP,8.25,нет свежего пробоя Donchian на последней закрытой свече,,rejected,,
22.278499999999987,no_fresh_breakout,12,ETH-USDT-SWAP,2125.17,нет свежего пробоя Donchian на последней закрытой свече,,rejected,,
0.0005000000000000004,no_fresh_breakout,12,FIL-USDT-SWAP,0.886,нет свежего пробоя Donchian на последней закрытой свече,,rejected,,
5.49999999999988e-05,no_fresh_breakout,13,1INCH-USDT-SWAP,0.095,нет свежего пробоя Donchian на последней закрытой свече,,rejected,,
0.0013599999999999994,no_fresh_breakout,13,2Z-USDT-SWAP,0.0779,нет свежего пробоя Donchian на последней закрытой свече,,rejected,,
0.22550000000000026,no_fresh_breakout,13,AAVE-USDT-SWAP,111.23,нет свежего пробоя Donchian на последней закрытой свече,,rejected,,
1.3000000000000077e-05,no_fresh_breakout,13,ACT-USDT-SWAP,0.01347,нет свежего пробоя Donchian на последней закрытой свече,,rejected,,
0.0013000000000000012,no_fresh_breakout,13,ADA-USDT-SWAP,0.2644,нет свежего пробоя Donchian на последней закрытой свече,,rejected,,
0.0009499999999999974,no_fresh_breakout,13,ARB-USDT-SWAP,0.098,нет свежего пробоя Donchian на последней закрытой свече,,rejected,,
0.01428000000000002,no_fresh_breakout,13,ASTER-USDT-SWAP,0.6866,нет свежего пробоя Donchian на последней закрытой свече,,rejected,,
0.07134999999999998,no_fresh_breakout,13,AUCTION-USDT-SWAP,4.985,нет свежего пробоя Donchian на последней закрытой свече,,rejected,,
0.01102000000000002,no_fresh_breakout,13,AXS-USDT-SWAP,1.188,нет свежего пробоя Donchian на последней закрытой свече,,rejected,,
0.00026500000000000135,no_fresh_breakout,13,BAND-USDT-SWAP,0.2251,нет свежего пробоя Donchian на последней закрытой свече,,rejected,,
0.9449999999999961,no_fresh_breakout,13,BCH-USDT-SWAP,454.7,нет свежего пробоя Donchian на последней закрытой свече,,rejected,,
0.0,закрытие_не_удержалось_ниже_канала,13,BOME-USDT-SWAP,0.0,закрытие не удержалось ниже канала,short,rejected,Turtle 20,
279.83499999999987,no_fresh_breakout,13,BTC-USDT-SWAP,69579.0,нет свежего пробоя Donchian на последней закрытой свече,,rejected,,
0.0,закрытие_не_удержалось_ниже_канала,13,CFX-USDT-SWAP,0.0,закрытие не удержалось ниже канала,short,rejected,Turtle 20,
0.12249999999999961,no_fresh_breakout,13,COMP-USDT-SWAP,18.71,нет свежего пробоя Donchian на последней закрытой свече,,rejected,,
0.0036799999999999984,no_fresh_breakout,13,CRV-USDT-SWAP,0.2322,нет свежего пробоя Donchian на последней закрытой свече,,rejected,,
0.0009500000000000023,no_fresh_breakout,13,DOGE-USDT-SWAP,0.09245,нет свежего пробоя Donchian на последней закрытой свече,,rejected,,
0.019300000000000005,no_fresh_breakout,13,DOT-USDT-SWAP,1.511,нет свежего пробоя Donchian на последней закрытой свече,,rejected,,
0.019000000000000038,no_fresh_breakout,13,ETC-USDT-SWAP,8.25,нет свежего пробоя Donchian на последней закрытой свече,,rejected,,
22.278499999999987,no_fresh_breakout,13,ETH-USDT-SWAP,2125.17,нет свежего пробоя Donchian на последней закрытой свече,,rejected,,
0.0005000000000000004,no_fresh_breakout,13,FIL-USDT-SWAP,0.886,нет свежего пробоя Donchian на последней закрытой свече,,rejected,,
0.01599999999999997,no_fresh_breakout,13,ICP-USDT-SWAP,2.474,нет свежего пробоя Donchian на последней закрытой свече,,rejected,,
5.49999999999988e-05,no_fresh_breakout,14,1INCH-USDT-SWAP,0.095,нет свежего пробоя Donchian на последней закрытой свече,,rejected,,
0.0013599999999999994,no_fresh_breakout,14,2Z-USDT-SWAP,0.0779,нет свежего пробоя Donchian на последней закрытой свече,,rejected,,
0.22550000000000026,no_fresh_breakout,14,AAVE-USDT-SWAP,111.23,нет свежего пробоя Donchian на последней закрытой свече,,rejected,,
1.3000000000000077e-05,no_fresh_breakout,14,ACT-USDT-SWAP,0.01347,нет свежего пробоя Donchian на последней закрытой свече,,rejected,,
0.0013000000000000012,no_fresh_breakout,14,ADA-USDT-SWAP,0.2644,нет свежего пробоя Donchian на последней закрытой свече,,rejected,,
0.0009499999999999974,no_fresh_breakout,14,ARB-USDT-SWAP,0.098,нет свежего пробоя Donchian на последней закрытой свече,,rejected,,
0.01428000000000002,no_fresh_breakout,14,ASTER-USDT-SWAP,0.6866,нет свежего пробоя Donchian на последней закрытой свече,,rejected,,
0.07134999999999998,no_fresh_breakout,14,AUCTION-USDT-SWAP,4.985,нет свежего пробоя Donchian на последней закрытой свече,,rejected,,
0.01102000000000002,no_fresh_breakout,14,AXS-USDT-SWAP,1.188,нет свежего пробоя Donchian на последней закрытой свече,,rejected,,
0.00026500000000000135,no_fresh_breakout,14,BAND-USDT-SWAP,0.2251,нет свежего пробоя Donchian на последней закрытой свече,,rejected,,
0.9449999999999961,no_fresh_breakout,14,BCH-USDT-SWAP,454.7,нет свежего пробоя Donchian на последней закрытой свече,,rejected,,
0.0,закрытие_не_удержалось_ниже_канала,14,BOME-USDT-SWAP,0.0,закрытие не удержалось ниже канала,short,rejected,Turtle 20,
279.83499999999987,no_fresh_breakout,14,BTC-USDT-SWAP,69579.0,нет свежего пробоя Donchian на последней закрытой свече,,rejected,,
0.0,закрытие_не_удержалось_ниже_канала,14,CFX-USDT-SWAP,0.0,закрытие не удержалось ниже канала,short,rejected,Turtle 20,
0.12249999999999961,no_fresh_breakout,14,COMP-USDT-SWAP,18.71,нет свежего пробоя Donchian на последней закрытой свече,,rejected,,
0.0036799999999999984,no_fresh_breakout,14,CRV-USDT-SWAP,0.2322,нет свежего пробоя Donchian на последней закрытой свече,,rejected,,
0.0009500000000000023,no_fresh_breakout,14,DOGE-USDT-SWAP,0.09245,нет свежего пробоя Donchian на последней закрытой свече,,rejected,,
0.019300000000000005,no_fresh_breakout,14,DOT-USDT-SWAP,1.511,нет свежего пробоя Donchian на последней закрытой свече,,rejected,,
0.019000000000000038,no_fresh_breakout,14,ETC-USDT-SWAP,8.25,нет свежего пробоя Donchian на последней закрытой свече,,rejected,,
22.278499999999987,no_fresh_breakout,14,ETH-USDT-SWAP,2125.17,нет свежего пробоя Donchian на последней закрытой свече,,rejected,,
0.0005000000000000004,no_fresh_breakout,14,FIL-USDT-SWAP,0.886,нет свежего пробоя Donchian на последней закрытой свече,,rejected,,
0.01599999999999997,no_fresh_breakout,14,ICP-USDT-SWAP,2.474,нет свежего пробоя Donchian на последней закрытой свече,,rejected,,
0.00024999999999999605,no_fresh_breakout,14,JUP-USDT-SWAP,0.1585,нет свежего пробоя Donchian на последней закрытой свече,,rejected,,
0.027850000000000062,no_fresh_breakout,14,KSM-USDT-SWAP,4.493,нет свежего пробоя Donchian на последней закрытой свече,,rejected,,
5.49999999999988e-05,no_fresh_breakout,15,1INCH-USDT-SWAP,0.095,нет свежего пробоя Donchian на последней закрытой свече,,rejected,,
0.0013599999999999994,no_fresh_breakout,15,2Z-USDT-SWAP,0.0779,нет свежего пробоя Donchian на последней закрытой свече,,rejected,,
0.22550000000000026,no_fresh_breakout,15,AAVE-USDT-SWAP,111.23,нет свежего пробоя Donchian на последней закрытой свече,,rejected,,
1.3000000000000077e-05,no_fresh_breakout,15,ACT-USDT-SWAP,0.01347,нет свежего пробоя Donchian на последней закрытой свече,,rejected,,
0.0013000000000000012,no_fresh_breakout,15,ADA-USDT-SWAP,0.2644,нет свежего пробоя Donchian на последней закрытой свече,,rejected,,
0.0009499999999999974,no_fresh_breakout,15,ARB-USDT-SWAP,0.098,нет свежего пробоя Donchian на последней закрытой свече,,rejected,,
0.01428000000000002,no_fresh_breakout,15,ASTER-USDT-SWAP,0.6866,нет свежего пробоя Donchian на последней закрытой свече,,rejected,,
0.07134999999999998,no_fresh_breakout,15,AUCTION-USDT-SWAP,4.985,нет свежего пробоя Donchian на последней закрытой свече,,rejected,,
0.01102000000000002,no_fresh_breakout,15,AXS-USDT-SWAP,1.188,нет свежего пробоя Donchian на последней закрытой свече,,rejected,,
0.00026500000000000135,no_fresh_breakout,15,BAND-USDT-SWAP,0.2251,нет свежего пробоя Donchian на последней закрытой свече,,rejected,,
0.9449999999999961,no_fresh_breakout,15,BCH-USDT-SWAP,454.7,нет свежего пробоя Donchian на последней закрытой свече,,rejected,,
0.0,закрытие_не_удержалось_ниже_канала,15,BOME-USDT-SWAP,0.0,закрытие не удержалось ниже канала,short,rejected,Turtle 20,
279.83499999999987,no_fresh_breakout,15,BTC-USDT-SWAP,69579.0,нет свежего пробоя Donchian на последней закрытой свече,,rejected,,
0.0,закрытие_не_удержалось_ниже_канала,15,CFX-USDT-SWAP,0.0,закрытие не удержалось ниже канала,short,rejected,Turtle 20,
0.12249999999999961,no_fresh_breakout,15,COMP-USDT-SWAP,18.71,нет свежего пробоя Donchian на последней закрытой свече,,rejected,,
0.0036799999999999984,no_fresh_breakout,15,CRV-USDT-SWAP,0.2322,нет свежего пробоя Donchian на последней закрытой свече,,rejected,,
0.0009500000000000023,no_fresh_breakout,15,DOGE-USDT-SWAP,0.09245,нет свежего пробоя Donchian на последней закрытой свече,,rejected,,
0.019300000000000005,no_fresh_breakout,15,DOT-USDT-SWAP,1.511,нет свежего пробоя Donchian на последней закрытой свече,,rejected,,
0.019000000000000038,no_fresh_breakout,15,ETC-USDT-SWAP,8.25,нет свежего пробоя Donchian на последней закрытой свече,,rejected,,
22.278499999999987,no_fresh_breakout,15,ETH-USDT-SWAP,2125.17,нет свежего пробоя Donchian на последней закрытой свече,,rejected,,
0.0005000000000000004,no_fresh_breakout,15,FIL-USDT-SWAP,0.886,нет свежего пробоя Donchian на последней закрытой свече,,rejected,,
0.01599999999999997,no_fresh_breakout,15,ICP-USDT-SWAP,2.474,нет свежего пробоя Donchian на последней закрытой свече,,rejected,,
0.00024999999999999605,no_fresh_breakout,15,JUP-USDT-SWAP,0.1585,нет свежего пробоя Donchian на последней закрытой свече,,rejected,,
0.027850000000000062,no_fresh_breakout,15,KSM-USDT-SWAP,4.493,нет свежего пробоя Donchian на последней закрытой свече,,rejected,,
0.05510000000000002,no_fresh_breakout,15,LINK-USDT-SWAP,8.96,нет свежего пробоя Donchian на последней закрытой свече,,rejected,,
0.0010500000000000064,no_fresh_breakout,15,LIT-USDT-SWAP,1.178,нет свежего пробоя Donchian на последней закрытой свече,,rejected,,
0.0025499999999999854,no_fresh_breakout,15,LPT-USDT-SWAP,2.206,нет свежего пробоя Donchian на последней закрытой свече,,rejected,,
5.49999999999988e-05,no_fresh_breakout,16,1INCH-USDT-SWAP,0.095,нет свежего пробоя Donchian на последней закрытой свече,,rejected,,
0.0013599999999999994,no_fresh_breakout,16,2Z-USDT-SWAP,0.0779,нет свежего пробоя Donchian на последней закрытой свече,,rejected,,
0.22550000000000026,no_fresh_breakout,16,AAVE-USDT-SWAP,111.23,нет свежего пробоя Donchian на последней закрытой свече,,rejected,,
1.3000000000000077e-05,no_fresh_breakout,16,ACT-USDT-SWAP,0.01347,нет свежего пробоя Donchian на последней закрытой свече,,rejected,,
0.0013000000000000012,no_fresh_breakout,16,ADA-USDT-SWAP,0.2644,нет свежего пробоя Donchian на последней закрытой свече,,rejected,,
0.0009499999999999974,no_fresh_breakout,16,ARB-USDT-SWAP,0.098,нет свежего пробоя Donchian на последней закрытой свече,,rejected,,
0.01428000000000002,no_fresh_breakout,16,ASTER-USDT-SWAP,0.6866,нет свежего пробоя Donchian на последней закрытой свече,,rejected,,
0.07134999999999998,no_fresh_breakout,16,AUCTION-USDT-SWAP,4.985,нет свежего пробоя Donchian на последней закрытой свече,,rejected,,
0.01102000000000002,no_fresh_breakout,16,AXS-USDT-SWAP,1.188,нет свежего пробоя Donchian на последней закрытой свече,,rejected,,
0.00026500000000000135,no_fresh_breakout,16,BAND-USDT-SWAP,0.2251,нет свежего пробоя Donchian на последней закрытой свече,,rejected,,
0.9449999999999961,no_fresh_breakout,16,BCH-USDT-SWAP,454.7,нет свежего пробоя Donchian на последней закрытой свече,,rejected,,
0.0,закрытие_не_удержалось_ниже_канала,16,BOME-USDT-SWAP,0.0,закрытие не удержалось ниже канала,short,rejected,Turtle 20,
279.83499999999987,no_fresh_breakout,16,BTC-USDT-SWAP,69579.0,нет свежего пробоя Donchian на последней закрытой свече,,rejected,,
0.0,закрытие_не_удержалось_ниже_канала,16,CFX-USDT-SWAP,0.0,закрытие не удержалось ниже канала,short,rejected,Turtle 20,
0.12249999999999961,no_fresh_breakout,16,COMP-USDT-SWAP,18.71,нет свежего пробоя Donchian на последней закрытой свече,,rejected,,
0.0036799999999999984,no_fresh_breakout,16,CRV-USDT-SWAP,0.2322,нет свежего пробоя Donchian на последней закрытой свече,,rejected,,
0.0009500000000000023,no_fresh_breakout,16,DOGE-USDT-SWAP,0.09245,нет свежего пробоя Donchian на последней закрытой свече,,rejected,,
0.019300000000000005,no_fresh_breakout,16,DOT-USDT-SWAP,1.511,нет свежего пробоя Donchian на последней закрытой свече,,rejected,,
0.019000000000000038,no_fresh_breakout,16,ETC-USDT-SWAP,8.25,нет свежего пробоя Donchian на последней закрытой свече,,rejected,,
22.278499999999987,no_fresh_breakout,16,ETH-USDT-SWAP,2125.17,нет свежего пробоя Donchian на последней закрытой свече,,rejected,,
0.0005000000000000004,no_fresh_breakout,16,FIL-USDT-SWAP,0.886,нет свежего пробоя Donchian на последней закрытой свече,,rejected,,
0.01599999999999997,no_fresh_breakout,16,ICP-USDT-SWAP,2.474,нет свежего пробоя Donchian на последней закрытой свече,,rejected,,
0.00024999999999999605,no_fresh_breakout,16,JUP-USDT-SWAP,0.1585,нет свежего пробоя Donchian на последней закрытой свече,,rejected,,
0.027850000000000062,no_fresh_breakout,16,KSM-USDT-SWAP,4.493,нет свежего пробоя Donchian на последней закрытой свече,,rejected,,
0.05510000000000002,no_fresh_breakout,16,LINK-USDT-SWAP,8.96,нет свежего пробоя Donchian на последней закрытой свече,,rejected,,
0.0010500000000000064,no_fresh_breakout,16,LIT-USDT-SWAP,1.178,нет свежего пробоя Donchian на последней закрытой свече,,rejected,,
0.0025499999999999854,no_fresh_breakout,16,LPT-USDT-SWAP,2.206,нет свежего пробоя Donchian на последней закрытой свече,,rejected,,
0.00030000000000000024,no_fresh_breakout,16,LQTY-USDT-SWAP,0.2769,нет свежего пробоя Donchian на последней закрытой свече,,rejected,,
0.0047659999999999985,no_fresh_breakout,16,MAGIC-USDT-SWAP,0.0791,нет свежего пробоя Donchian на последней закрытой свече,,rejected,,
5.49999999999988e-05,no_fresh_breakout,17,1INCH-USDT-SWAP,0.095,нет свежего пробоя Donchian на последней закрытой свече,,rejected,,
0.0013700000000000003,no_fresh_breakout,17,2Z-USDT-SWAP,0.0781,нет свежего пробоя Donchian на последней закрытой свече,,rejected,,
0.2365000000000002,no_fresh_breakout,17,AAVE-USDT-SWAP,111.45,нет свежего пробоя Donchian на последней закрытой свече,,rejected,,
1.4000000000000037e-05,no_fresh_breakout,17,ACT-USDT-SWAP,0.01345,нет свежего пробоя Donchian на последней закрытой свече,,rejected,,
0.0013000000000000012,no_fresh_breakout,17,ADA-USDT-SWAP,0.2646,нет свежего пробоя Donchian на последней закрытой свече,,rejected,,
0.0009249999999999981,no_fresh_breakout,17,ARB-USDT-SWAP,0.0981,нет свежего пробоя Donchian на последней закрытой свече,,rejected,,
0.014165000000000021,no_fresh_breakout,17,ASTER-USDT-SWAP,0.6874,нет свежего пробоя Donchian на последней закрытой свече,,rejected,,
0.07054999999999993,no_fresh_breakout,17,AUCTION-USDT-SWAP,4.992,нет свежего пробоя Donchian на последней закрытой свече,,rejected,,
0.01081000000000002,no_fresh_breakout,17,AXS-USDT-SWAP,1.1864,нет свежего пробоя Donchian на последней закрытой свече,,rejected,,
0.00026500000000000135,no_fresh_breakout,17,BAND-USDT-SWAP,0.2251,нет свежего пробоя Donchian на последней закрытой свече,,rejected,,
0.9399999999999948,no_fresh_breakout,17,BCH-USDT-SWAP,454.4,нет свежего пробоя Donchian на последней закрытой свече,,rejected,,
1.9e-06,no_fresh_breakout,17,BOME-USDT-SWAP,0.000412,нет свежего пробоя Donchian на последней закрытой свече,,rejected,,
276.08499999999987,no_fresh_breakout,17,BTC-USDT-SWAP,69673.1,нет свежего пробоя Donchian на последней закрытой свече,,rejected,,
0.0005189999999999993,no_fresh_breakout,17,CFX-USDT-SWAP,0.06111,нет свежего пробоя Donchian на последней закрытой свече,,rejected,,
0.12149999999999964,no_fresh_breakout,17,COMP-USDT-SWAP,18.72,нет свежего пробоя Donchian на последней закрытой свече,,rejected,,
0.00241,no_fresh_breakout,17,CRV-USDT-SWAP,0.2324,нет свежего пробоя Donchian на последней закрытой свече,,rejected,,
0.0008800000000000017,no_fresh_breakout,17,DOGE-USDT-SWAP,0.0925,нет свежего пробоя Donchian на последней закрытой свече,,rejected,,
0.01905000000000001,no_fresh_breakout,17,DOT-USDT-SWAP,1.511,нет свежего пробоя Donchian на последней закрытой свече,,rejected,,
0.019000000000000038,no_fresh_breakout,17,ETC-USDT-SWAP,8.25,нет свежего пробоя Donchian на последней закрытой свече,,rejected,,
22.340999999999987,no_fresh_breakout,17,ETH-USDT-SWAP,2125.74,нет свежего пробоя Donchian на последней закрытой свече,,rejected,,
0.0005000000000000004,no_fresh_breakout,17,FIL-USDT-SWAP,0.886,нет свежего пробоя Donchian на последней закрытой свече,,rejected,,
0.01599999999999995,no_fresh_breakout,17,ICP-USDT-SWAP,2.476,нет свежего пробоя Donchian на последней закрытой свече,,rejected,,
0.00024499999999999663,no_fresh_breakout,17,JUP-USDT-SWAP,0.1585,нет свежего пробоя Donchian на последней закрытой свече,,rejected,,
0.028750000000000053,no_fresh_breakout,17,KSM-USDT-SWAP,4.498,нет свежего пробоя Donchian на последней закрытой свече,,rejected,,
0.05469999999999997,no_fresh_breakout,17,LINK-USDT-SWAP,8.968,нет свежего пробоя Donchian на последней закрытой свече,,rejected,,
0.0010500000000000064,no_fresh_breakout,17,LIT-USDT-SWAP,1.178,нет свежего пробоя Donchian на последней закрытой свече,,rejected,,
0.0024499999999999965,no_fresh_breakout,17,LPT-USDT-SWAP,2.206,нет свежего пробоя Donchian на последней закрытой свече,,rejected,,
0.00028500000000000194,no_fresh_breakout,17,LQTY-USDT-SWAP,0.277,нет свежего пробоя Donchian на последней закрытой свече,,rejected,,
0.0052295,no_fresh_breakout,17,MAGIC-USDT-SWAP,0.06777,нет свежего пробоя Donchian на последней закрытой свече,,rejected,,
5.9999999999998944e-05,no_fresh_breakout,17,MET-USDT-SWAP,0.1541,нет свежего пробоя Donchian на последней закрытой свече,,rejected,,
5.49999999999988e-05,no_fresh_breakout,18,1INCH-USDT-SWAP,0.095,нет свежего пробоя Donchian на последней закрытой свече,,rejected,,
0.0013700000000000003,no_fresh_breakout,18,2Z-USDT-SWAP,0.0781,нет свежего пробоя Donchian на последней закрытой свече,,rejected,,
0.2365000000000002,no_fresh_breakout,18,AAVE-USDT-SWAP,111.45,нет свежего пробоя Donchian на последней закрытой свече,,rejected,,
1.4000000000000037e-05,no_fresh_breakout,18,ACT-USDT-SWAP,0.01345,нет свежего пробоя Donchian на последней закрытой свече,,rejected,,
0.0013000000000000012,no_fresh_breakout,18,ADA-USDT-SWAP,0.2646,нет свежего пробоя Donchian на последней закрытой свече,,rejected,,
0.0009249999999999981,no_fresh_breakout,18,ARB-USDT-SWAP,0.0981,нет свежего пробоя Donchian на последней закрытой свече,,rejected,,
0.014165000000000021,no_fresh_breakout,18,ASTER-USDT-SWAP,0.6874,нет свежего пробоя Donchian на последней закрытой свече,,rejected,,
0.07054999999999993,no_fresh_breakout,18,AUCTION-USDT-SWAP,4.992,нет свежего пробоя Donchian на последней закрытой свече,,rejected,,
0.01081000000000002,no_fresh_breakout,18,AXS-USDT-SWAP,1.1864,нет свежего пробоя Donchian на последней закрытой свече,,rejected,,
0.00026500000000000135,no_fresh_breakout,18,BAND-USDT-SWAP,0.2251,нет свежего пробоя Donchian на последней закрытой свече,,rejected,,
0.9399999999999948,no_fresh_breakout,18,BCH-USDT-SWAP,454.4,нет свежего пробоя Donchian на последней закрытой свече,,rejected,,
1.9e-06,no_fresh_breakout,18,BOME-USDT-SWAP,0.000412,нет свежего пробоя Donchian на последней закрытой свече,,rejected,,
276.08499999999987,no_fresh_breakout,18,BTC-USDT-SWAP,69673.1,нет свежего пробоя Donchian на последней закрытой свече,,rejected,,
0.0005189999999999993,no_fresh_breakout,18,CFX-USDT-SWAP,0.06111,нет свежего пробоя Donchian на последней закрытой свече,,rejected,,
0.12149999999999964,no_fresh_breakout,18,COMP-USDT-SWAP,18.72,нет свежего пробоя Donchian на последней закрытой свече,,rejected,,
0.00241,no_fresh_breakout,18,CRV-USDT-SWAP,0.2324,нет свежего пробоя Donchian на последней закрытой свече,,rejected,,
0.0008800000000000017,no_fresh_breakout,18,DOGE-USDT-SWAP,0.0925,нет свежего пробоя Donchian на последней закрытой свече,,rejected,,
0.01905000000000001,no_fresh_breakout,18,DOT-USDT-SWAP,1.511,нет свежего пробоя Donchian на последней закрытой свече,,rejected,,
0.019000000000000038,no_fresh_breakout,18,ETC-USDT-SWAP,8.25,нет свежего пробоя Donchian на последней закрытой свече,,rejected,,
22.340999999999987,no_fresh_breakout,18,ETH-USDT-SWAP,2125.74,нет свежего пробоя Donchian на последней закрытой свече,,rejected,,
0.0005000000000000004,no_fresh_breakout,18,FIL-USDT-SWAP,0.886,нет свежего пробоя Donchian на последней закрытой свече,,rejected,,
0.01599999999999995,no_fresh_breakout,18,ICP-USDT-SWAP,2.476,нет свежего пробоя Donchian на последней закрытой свече,,rejected,,
0.00024499999999999663,no_fresh_breakout,18,JUP-USDT-SWAP,0.1585,нет свежего пробоя Donchian на последней закрытой свече,,rejected,,
0.028750000000000053,no_fresh_breakout,18,KSM-USDT-SWAP,4.498,нет свежего пробоя Donchian на последней закрытой свече,,rejected,,
0.05469999999999997,no_fresh_breakout,18,LINK-USDT-SWAP,8.968,нет свежего пробоя Donchian на последней закрытой свече,,rejected,,
0.0010500000000000064,no_fresh_breakout,18,LIT-USDT-SWAP,1.178,нет свежего пробоя Donchian на последней закрытой свече,,rejected,,
0.0024499999999999965,no_fresh_breakout,18,LPT-USDT-SWAP,2.206,нет свежего пробоя Donchian на последней закрытой свече,,rejected,,
0.00028500000000000194,no_fresh_breakout,18,LQTY-USDT-SWAP,0.277,нет свежего пробоя Donchian на последней закрытой свече,,rejected,,
0.0052295,no_fresh_breakout,18,MAGIC-USDT-SWAP,0.06777,нет свежего пробоя Donchian на последней закрытой свече,,rejected,,
5.9999999999998944e-05,no_fresh_breakout,18,MET-USDT-SWAP,0.1541,нет свежего пробоя Donchian на последней закрытой свече,,rejected,,
5.49999999999988e-05,no_fresh_breakout,19,1INCH-USDT-SWAP,0.095,нет свежего пробоя Donchian на последней закрытой свече,,rejected,,
0.0013700000000000003,no_fresh_breakout,19,2Z-USDT-SWAP,0.0781,нет свежего пробоя Donchian на последней закрытой свече,,rejected,,
0.2365000000000002,no_fresh_breakout,19,AAVE-USDT-SWAP,111.45,нет свежего пробоя Donchian на последней закрытой свече,,rejected,,
1.4000000000000037e-05,no_fresh_breakout,19,ACT-USDT-SWAP,0.01345,нет свежего пробоя Donchian на последней закрытой свече,,rejected,,
0.0013000000000000012,no_fresh_breakout,19,ADA-USDT-SWAP,0.2646,нет свежего пробоя Donchian на последней закрытой свече,,rejected,,
0.0009249999999999981,no_fresh_breakout,19,ARB-USDT-SWAP,0.0981,нет свежего пробоя Donchian на последней закрытой свече,,rejected,,
0.014165000000000021,no_fresh_breakout,19,ASTER-USDT-SWAP,0.6874,нет свежего пробоя Donchian на последней закрытой свече,,rejected,,
0.07054999999999993,no_fresh_breakout,19,AUCTION-USDT-SWAP,4.992,нет свежего пробоя Donchian на последней закрытой свече,,rejected,,
0.01081000000000002,no_fresh_breakout,19,AXS-USDT-SWAP,1.1864,нет свежего пробоя Donchian на последней закрытой свече,,rejected,,
0.00026500000000000135,no_fresh_breakout,19,BAND-USDT-SWAP,0.2251,нет свежего пробоя Donchian на последней закрытой свече,,rejected,,
0.9399999999999948,no_fresh_breakout,19,BCH-USDT-SWAP,454.4,нет свежего пробоя Donchian на последней закрытой свече,,rejected,,
1.9e-06,no_fresh_breakout,19,BOME-USDT-SWAP,0.000412,нет свежего пробоя Donchian на последней закрытой свече,,rejected,,
276.08499999999987,no_fresh_breakout,19,BTC-USDT-SWAP,69673.1,нет свежего пробоя Donchian на последней закрытой свече,,rejected,,
0.0005189999999999993,no_fresh_breakout,19,CFX-USDT-SWAP,0.06111,нет свежего пробоя Donchian на последней закрытой свече,,rejected,,
0.12149999999999964,no_fresh_breakout,19,COMP-USDT-SWAP,18.72,нет свежего пробоя Donchian на последней закрытой свече,,rejected,,
0.00241,no_fresh_breakout,19,CRV-USDT-SWAP,0.2324,нет свежего пробоя Donchian на последней закрытой свече,,rejected,,
0.0008800000000000017,no_fresh_breakout,19,DOGE-USDT-SWAP,0.0925,нет свежего пробоя Donchian на последней закрытой свече,,rejected,,
0.01905000000000001,no_fresh_breakout,19,DOT-USDT-SWAP,1.511,нет свежего пробоя Donchian на последней закрытой свече,,rejected,,
0.019000000000000038,no_fresh_breakout,19,ETC-USDT-SWAP,8.25,нет свежего пробоя Donchian на последней закрытой свече,,rejected,,
22.340999999999987,no_fresh_breakout,19,ETH-USDT-SWAP,2125.74,нет свежего пробоя Donchian на последней закрытой свече,,rejected,,
0.0005000000000000004,no_fresh_breakout,19,FIL-USDT-SWAP,0.886,нет свежего пробоя Donchian на последней закрытой свече,,rejected,,
0.01599999999999995,no_fresh_breakout,19,ICP-USDT-SWAP,2.476,нет свежего пробоя Donchian на последней закрытой свече,,rejected,,
0.00024499999999999663,no_fresh_breakout,19,JUP-USDT-SWAP,0.1585,нет свежего пробоя Donchian на последней закрытой свече,,rejected,,
0.028750000000000053,no_fresh_breakout,19,KSM-USDT-SWAP,4.498,нет свежего пробоя Donchian на последней закрытой свече,,rejected,,
0.05469999999999997,no_fresh_breakout,19,LINK-USDT-SWAP,8.968,нет свежего пробоя Donchian на последней закрытой свече,,rejected,,
0.0010500000000000064,no_fresh_breakout,19,LIT-USDT-SWAP,1.178,нет свежего пробоя Donchian на последней закрытой свече,,rejected,,
0.0024499999999999965,no_fresh_breakout,19,LPT-USDT-SWAP,2.206,нет свежего пробоя Donchian на последней закрытой свече,,rejected,,
0.00028500000000000194,no_fresh_breakout,19,LQTY-USDT-SWAP,0.277,нет свежего пробоя Donchian на последней закрытой свече,,rejected,,
0.0052295,no_fresh_breakout,19,MAGIC-USDT-SWAP,0.06777,нет свежего пробоя Donchian на последней закрытой свече,,rejected,,
5.9999999999998944e-05,no_fresh_breakout,19,MET-USDT-SWAP,0.1541,нет свежего пробоя Donchian на последней закрытой свече,,rejected,,
0.00010999999999999968,no_fresh_breakout,19,OP-USDT-SWAP,0.12002,нет свежего пробоя Donchian на последней закрытой свече,,rejected,,
2.2199999999999994e-08,no_fresh_breakout,19,PEPE-USDT-SWAP,3.363e-06,нет свежего пробоя Donchian на последней закрытой свече,,rejected,,
5.49999999999988e-05,no_fresh_breakout,20,1INCH-USDT-SWAP,0.095,нет свежего пробоя Donchian на последней закрытой свече,,rejected,,
0.0013700000000000003,no_fresh_breakout,20,2Z-USDT-SWAP,0.0781,нет свежего пробоя Donchian на последней закрытой свече,,rejected,,
0.2365000000000002,no_fresh_breakout,20,AAVE-USDT-SWAP,111.45,нет свежего пробоя Donchian на последней закрытой свече,,rejected,,
1.4000000000000037e-05,no_fresh_breakout,20,ACT-USDT-SWAP,0.01345,нет свежего пробоя Donchian на последней закрытой свече,,rejected,,
0.0013000000000000012,no_fresh_breakout,20,ADA-USDT-SWAP,0.2646,нет свежего пробоя Donchian на последней закрытой свече,,rejected,,
0.0009249999999999981,no_fresh_breakout,20,ARB-USDT-SWAP,0.0981,нет свежего пробоя Donchian на последней закрытой свече,,rejected,,
0.014165000000000021,no_fresh_breakout,20,ASTER-USDT-SWAP,0.6874,нет свежего пробоя Donchian на последней закрытой свече,,rejected,,
0.07054999999999993,no_fresh_breakout,20,AUCTION-USDT-SWAP,4.992,нет свежего пробоя Donchian на последней закрытой свече,,rejected,,
0.01081000000000002,no_fresh_breakout,20,AXS-USDT-SWAP,1.1864,нет свежего пробоя Donchian на последней закрытой свече,,rejected,,
0.00026500000000000135,no_fresh_breakout,20,BAND-USDT-SWAP,0.2251,нет свежего пробоя Donchian на последней закрытой свече,,rejected,,
0.9399999999999948,no_fresh_breakout,20,BCH-USDT-SWAP,454.4,нет свежего пробоя Donchian на последней закрытой свече,,rejected,,
1.9e-06,no_fresh_breakout,20,BOME-USDT-SWAP,0.000412,нет свежего пробоя Donchian на последней закрытой свече,,rejected,,
276.08499999999987,no_fresh_breakout,20,BTC-USDT-SWAP,69673.1,нет свежего пробоя Donchian на последней закрытой свече,,rejected,,
0.0005189999999999993,no_fresh_breakout,20,CFX-USDT-SWAP,0.06111,нет свежего пробоя Donchian на последней закрытой свече,,rejected,,
0.12149999999999964,no_fresh_breakout,20,COMP-USDT-SWAP,18.72,нет свежего пробоя Donchian на последней закрытой свече,,rejected,,
0.00241,no_fresh_breakout,20,CRV-USDT-SWAP,0.2324,нет свежего пробоя Donchian на последней закрытой свече,,rejected,,
0.0008800000000000017,no_fresh_breakout,20,DOGE-USDT-SWAP,0.0925,нет свежего пробоя Donchian на последней закрытой свече,,rejected,,
0.01905000000000001,no_fresh_breakout,20,DOT-USDT-SWAP,1.511,нет свежего пробоя Donchian на последней закрытой свече,,rejected,,
0.019000000000000038,no_fresh_breakout,20,ETC-USDT-SWAP,8.25,нет свежего пробоя Donchian на последней закрытой свече,,rejected,,
22.340999999999987,no_fresh_breakout,20,ETH-USDT-SWAP,2125.74,нет свежего пробоя Donchian на последней закрытой свече,,rejected,,
0.0005000000000000004,no_fresh_breakout,20,FIL-USDT-SWAP,0.886,нет свежего пробоя Donchian на последней закрытой свече,,rejected,,
0.01599999999999995,no_fresh_breakout,20,ICP-USDT-SWAP,2.476,нет свежего пробоя Donchian на последней закрытой свече,,rejected,,
0.00024499999999999663,no_fresh_breakout,20,JUP-USDT-SWAP,0.1585,нет свежего пробоя Donchian на последней закрытой свече,,rejected,,
0.028750000000000053,no_fresh_breakout,20,KSM-USDT-SWAP,4.498,нет свежего пробоя Donchian на последней закрытой свече,,rejected,,
0.05469999999999997,no_fresh_breakout,20,LINK-USDT-SWAP,8.968,нет свежего пробоя Donchian на последней закрытой свече,,rejected,,
0.0010500000000000064,no_fresh_breakout,20,LIT-USDT-SWAP,1.178,нет свежего пробоя Donchian на последней закрытой свече,,rejected,,
0.0024499999999999965,no_fresh_breakout,20,LPT-USDT-SWAP,2.206,нет свежего пробоя Donchian на последней закрытой свече,,rejected,,
0.00028500000000000194,no_fresh_breakout,20,LQTY-USDT-SWAP,0.277,нет свежего пробоя Donchian на последней закрытой свече,,rejected,,
0.0052295,no_fresh_breakout,20,MAGIC-USDT-SWAP,0.06777,нет свежего пробоя Donchian на последней закрытой свече,,rejected,,
5.9999999999998944e-05,no_fresh_breakout,20,MET-USDT-SWAP,0.1541,нет свежего пробоя Donchian на последней закрытой свече,,rejected,,
0.00010999999999999968,no_fresh_breakout,20,OP-USDT-SWAP,0.12002,нет свежего пробоя Donchian на последней закрытой свече,,rejected,,
2.2199999999999994e-08,no_fresh_breakout,20,PEPE-USDT-SWAP,3.363e-06,нет свежего пробоя Donchian на последней закрытой свече,,rejected,,
5.49999999999988e-05,no_fresh_breakout,21,1INCH-USDT-SWAP,0.095,нет свежего пробоя Donchian на последней закрытой свече,,rejected,,
0.0013700000000000003,no_fresh_breakout,21,2Z-USDT-SWAP,0.0781,нет свежего пробоя Donchian на последней закрытой свече,,rejected,,
0.2365000000000002,no_fresh_breakout,21,AAVE-USDT-SWAP,111.45,нет свежего пробоя Donchian на последней закрытой свече,,rejected,,
1.4000000000000037e-05,no_fresh_breakout,21,ACT-USDT-SWAP,0.01345,нет свежего пробоя Donchian на последней закрытой свече,,rejected,,
0.0013000000000000012,no_fresh_breakout,21,ADA-USDT-SWAP,0.2646,нет свежего пробоя Donchian на последней закрытой свече,,rejected,,
0.0009249999999999981,no_fresh_breakout,21,ARB-USDT-SWAP,0.0981,нет свежего пробоя Donchian на последней закрытой свече,,rejected,,
0.014165000000000021,no_fresh_breakout,21,ASTER-USDT-SWAP,0.6874,нет свежего пробоя Donchian на последней закрытой свече,,rejected,,
0.07054999999999993,no_fresh_breakout,21,AUCTION-USDT-SWAP,4.992,нет свежего пробоя Donchian на последней закрытой свече,,rejected,,
0.01081000000000002,no_fresh_breakout,21,AXS-USDT-SWAP,1.1864,нет свежего пробоя Donchian на последней закрытой свече,,rejected,,
0.00026500000000000135,no_fresh_breakout,21,BAND-USDT-SWAP,0.2251,нет свежего пробоя Donchian на последней закрытой свече,,rejected,,
0.9399999999999948,no_fresh_breakout,21,BCH-USDT-SWAP,454.4,нет свежего пробоя Donchian на последней закрытой свече,,rejected,,
1.9e-06,no_fresh_breakout,21,BOME-USDT-SWAP,0.000412,нет свежего пробоя Donchian на последней закрытой свече,,rejected,,
276.08499999999987,no_fresh_breakout,21,BTC-USDT-SWAP,69673.1,нет свежего пробоя Donchian на последней закрытой свече,,rejected,,
0.0005189999999999993,no_fresh_breakout,21,CFX-USDT-SWAP,0.06111,нет свежего пробоя Donchian на последней закрытой свече,,rejected,,
0.12149999999999964,no_fresh_breakout,21,COMP-USDT-SWAP,18.72,нет свежего пробоя Donchian на последней закрытой свече,,rejected,,
0.00241,no_fresh_breakout,21,CRV-USDT-SWAP,0.2324,нет свежего пробоя Donchian на последней закрытой свече,,rejected,,
0.0008800000000000017,no_fresh_breakout,21,DOGE-USDT-SWAP,0.0925,нет свежего пробоя Donchian на последней закрытой свече,,rejected,,
0.01905000000000001,no_fresh_breakout,21,DOT-USDT-SWAP,1.511,нет свежего пробоя Donchian на последней закрытой свече,,rejected,,
0.019000000000000038,no_fresh_breakout,21,ETC-USDT-SWAP,8.25,нет свежего пробоя Donchian на последней закрытой свече,,rejected,,
22.340999999999987,no_fresh_breakout,21,ETH-USDT-SWAP,2125.74,нет свежего пробоя Donchian на последней закрытой свече,,rejected,,
0.0005000000000000004,no_fresh_breakout,21,FIL-USDT-SWAP,0.886,нет свежего пробоя Donchian на последней закрытой свече,,rejected,,
0.01599999999999995,no_fresh_breakout,21,ICP-USDT-SWAP,2.476,нет свежего пробоя Donchian на последней закрытой свече,,rejected,,
0.00024499999999999663,no_fresh_breakout,21,JUP-USDT-SWAP,0.1585,нет свежего пробоя Donchian на последней закрытой свече,,rejected,,
0.028750000000000053,no_fresh_breakout,21,KSM-USDT-SWAP,4.498,нет свежего пробоя Donchian на последней закрытой свече,,rejected,,
0.05469999999999997,no_fresh_breakout,21,LINK-USDT-SWAP,8.968,нет свежего пробоя Donchian на последней закрытой свече,,rejected,,
0.0010500000000000064,no_fresh_breakout,21,LIT-USDT-SWAP,1.178,нет свежего пробоя Donchian на последней закрытой свече,,rejected,,
0.0024499999999999965,no_fresh_breakout,21,LPT-USDT-SWAP,2.206,нет свежего пробоя Donchian на последней закрытой свече,,rejected,,
0.00028500000000000194,no_fresh_breakout,21,LQTY-USDT-SWAP,0.277,нет свежего пробоя Donchian на последней закрытой свече,,rejected,,
0.0052295,no_fresh_breakout,21,MAGIC-USDT-SWAP,0.06777,нет свежего пробоя Donchian на последней закрытой свече,,rejected,,
5.9999999999998944e-05,no_fresh_breakout,21,MET-USDT-SWAP,0.1541,нет свежего пробоя Donchian на последней закрытой свече,,rejected,,
0.00010999999999999968,no_fresh_breakout,21,OP-USDT-SWAP,0.12002,нет свежего пробоя Donchian на последней закрытой свече,,rejected,,
2.2199999999999994e-08,no_fresh_breakout,21,PEPE-USDT-SWAP,3.363e-06,нет свежего пробоя Donchian на последней закрытой свече,,rejected,,
0.0,atr_warmup:_цена_или_atr_недоступны_после_прогрева,21,SKY-USDT-SWAP,0.0,ATR warmup: цена или ATR недоступны после прогрева,,rejected,,
5.49999999999988e-05,no_fresh_breakout,22,1INCH-USDT-SWAP,0.095,нет свежего пробоя Donchian на последней закрытой свече,,rejected,,
0.0013700000000000003,no_fresh_breakout,22,2Z-USDT-SWAP,0.0781,нет свежего пробоя Donchian на последней закрытой свече,,rejected,,
0.2365000000000002,no_fresh_breakout,22,AAVE-USDT-SWAP,111.45,нет свежего пробоя Donchian на последней закрытой свече,,rejected,,
1.4000000000000037e-05,no_fresh_breakout,22,ACT-USDT-SWAP,0.01345,нет свежего пробоя Donchian на последней закрытой свече,,rejected,,
0.0013000000000000012,no_fresh_breakout,22,ADA-USDT-SWAP,0.2646,нет свежего пробоя Donchian на последней закрытой свече,,rejected,,
0.0009249999999999981,no_fresh_breakout,22,ARB-USDT-SWAP,0.0981,нет свежего пробоя Donchian на последней закрытой свече,,rejected,,
0.014165000000000021,no_fresh_breakout,22,ASTER-USDT-SWAP,0.6874,нет свежего пробоя Donchian на последней закрытой свече,,rejected,,
0.07054999999999993,no_fresh_breakout,22,AUCTION-USDT-SWAP,4.992,нет свежего пробоя Donchian на последней закрытой свече,,rejected,,
0.01081000000000002,no_fresh_breakout,22,AXS-USDT-SWAP,1.1864,нет свежего пробоя Donchian на последней закрытой свече,,rejected,,
0.00026500000000000135,no_fresh_breakout,22,BAND-USDT-SWAP,0.2251,нет свежего пробоя Donchian на последней закрытой свече,,rejected,,
0.9399999999999948,no_fresh_breakout,22,BCH-USDT-SWAP,454.4,нет свежего пробоя Donchian на последней закрытой свече,,rejected,,
1.9e-06,no_fresh_breakout,22,BOME-USDT-SWAP,0.000412,нет свежего пробоя Donchian на последней закрытой свече,,rejected,,
276.08499999999987,no_fresh_breakout,22,BTC-USDT-SWAP,69673.1,нет свежего пробоя Donchian на последней закрытой свече,,rejected,,
0.0005189999999999993,no_fresh_breakout,22,CFX-USDT-SWAP,0.06111,нет свежего пробоя Donchian на последней закрытой свече,,rejected,,
0.12149999999999964,no_fresh_breakout,22,COMP-USDT-SWAP,18.72,нет свежего пробоя Donchian на последней закрытой свече,,rejected,,
0.00241,no_fresh_breakout,22,CRV-USDT-SWAP,0.2324,нет свежего пробоя Donchian на последней закрытой свече,,rejected,,
0.0008800000000000017,no_fresh_breakout,22,DOGE-USDT-SWAP,0.0925,нет свежего пробоя Donchian на последней закрытой свече,,rejected,,
0.01905000000000001,no_fresh_breakout,22,DOT-USDT-SWAP,1.511,нет свежего пробоя Donchian на последней закрытой свече,,rejected,,
0.019000000000000038,no_fresh_breakout,22,ETC-USDT-SWAP,8.25,нет свежего пробоя Donchian на последней закрытой свече,,rejected,,
22.340999999999987,no_fresh_breakout,22,ETH-USDT-SWAP,2125.74,нет свежего пробоя Donchian на последней закрытой свече,,rejected,,
0.0005000000000000004,no_fresh_breakout,22,FIL-USDT-SWAP,0.886,нет свежего пробоя Donchian на последней закрытой свече,,rejected,,
0.01599999999999995,no_fresh_breakout,22,ICP-USDT-SWAP,2.476,нет свежего пробоя Donchian на последней закрытой свече,,rejected,,
0.00024499999999999663,no_fresh_breakout,22,JUP-USDT-SWAP,0.1585,нет свежего пробоя Donchian на последней закрытой свече,,rejected,,
0.028750000000000053,no_fresh_breakout,22,KSM-USDT-SWAP,4.498,нет свежего пробоя Donchian на последней закрытой свече,,rejected,,
0.05469999999999997,no_fresh_breakout,22,LINK-USDT-SWAP,8.968,нет свежего пробоя Donchian на последней закрытой свече,,rejected,,
0.0010500000000000064,no_fresh_breakout,22,LIT-USDT-SWAP,1.178,нет свежего пробоя Donchian на последней закрытой свече,,rejected,,
0.0024499999999999965,no_fresh_breakout,22,LPT-USDT-SWAP,2.206,нет свежего пробоя Donchian на последней закрытой свече,,rejected,,
0.00028500000000000194,no_fresh_breakout,22,LQTY-USDT-SWAP,0.277,нет свежего пробоя Donchian на последней закрытой свече,,rejected,,
0.0052295,no_fresh_breakout,22,MAGIC-USDT-SWAP,0.06777,нет свежего пробоя Donchian на последней закрытой свече,,rejected,,
5.9999999999998944e-05,no_fresh_breakout,22,MET-USDT-SWAP,0.1541,нет свежего пробоя Donchian на последней закрытой свече,,rejected,,
0.00010999999999999968,no_fresh_breakout,22,OP-USDT-SWAP,0.12002,нет свежего пробоя Donchian на последней закрытой свече,,rejected,,
2.2199999999999994e-08,no_fresh_breakout,22,PEPE-USDT-SWAP,3.363e-06,нет свежего пробоя Donchian на последней закрытой свече,,rejected,,
0.0,atr_warmup:_цена_или_atr_недоступны_после_прогрева,22,SKY-USDT-SWAP,0.0,ATR warmup: цена или ATR недоступны после прогрева,,rejected,,
0.5944999999999986,no_fresh_breakout,22,SOL-USDT-SWAP,87.89,нет свежего пробоя Donchian на последней закрытой свече,,rejected,,
5.49999999999988e-05,no_fresh_breakout,23,1INCH-USDT-SWAP,0.095,нет свежего пробоя Donchian на последней закрытой свече,,rejected,,
0.0013700000000000003,no_fresh_breakout,23,2Z-USDT-SWAP,0.0781,нет свежего пробоя Donchian на последней закрытой свече,,rejected,,
0.2365000000000002,no_fresh_breakout,23,AAVE-USDT-SWAP,111.45,нет свежего пробоя Donchian на последней закрытой свече,,rejected,,
1.4000000000000037e-05,no_fresh_breakout,23,ACT-USDT-SWAP,0.01345,нет свежего пробоя Donchian на последней закрытой свече,,rejected,,
0.0013000000000000012,no_fresh_breakout,23,ADA-USDT-SWAP,0.2646,нет свежего пробоя Donchian на последней закрытой свече,,rejected,,
0.0009249999999999981,no_fresh_breakout,23,ARB-USDT-SWAP,0.0981,нет свежего пробоя Donchian на последней закрытой свече,,rejected,,
0.014165000000000021,no_fresh_breakout,23,ASTER-USDT-SWAP,0.6874,нет свежего пробоя Donchian на последней закрытой свече,,rejected,,
0.07054999999999993,no_fresh_breakout,23,AUCTION-USDT-SWAP,4.992,нет свежего пробоя Donchian на последней закрытой свече,,rejected,,
0.01081000000000002,no_fresh_breakout,23,AXS-USDT-SWAP,1.1864,нет свежего пробоя Donchian на последней закрытой свече,,rejected,,
0.00026500000000000135,no_fresh_breakout,23,BAND-USDT-SWAP,0.2251,нет свежего пробоя Donchian на последней закрытой свече,,rejected,,
0.9399999999999948,no_fresh_breakout,23,BCH-USDT-SWAP,454.4,нет свежего пробоя Donchian на последней закрытой свече,,rejected,,
1.9e-06,no_fresh_breakout,23,BOME-USDT-SWAP,0.000412,нет свежего пробоя Donchian на последней закрытой свече,,rejected,,
276.08499999999987,no_fresh_breakout,23,BTC-USDT-SWAP,69673.1,нет свежего пробоя Donchian на последней закрытой свече,,rejected,,
0.0005189999999999993,no_fresh_breakout,23,CFX-USDT-SWAP,0.06111,нет свежего пробоя Donchian на последней закрытой свече,,rejected,,
0.12149999999999964,no_fresh_breakout,23,COMP-USDT-SWAP,18.72,нет свежего пробоя Donchian на последней закрытой свече,,rejected,,
0.00241,no_fresh_breakout,23,CRV-USDT-SWAP,0.2324,нет свежего пробоя Donchian на последней закрытой свече,,rejected,,
0.0008800000000000017,no_fresh_breakout,23,DOGE-USDT-SWAP,0.0925,нет свежего пробоя Donchian на последней закрытой свече,,rejected,,
0.01905000000000001,no_fresh_breakout,23,DOT-USDT-SWAP,1.511,нет свежего пробоя Donchian на последней закрытой свече,,rejected,,
0.019000000000000038,no_fresh_breakout,23,ETC-USDT-SWAP,8.25,нет свежего пробоя Donchian на последней закрытой свече,,rejected,,
22.340999999999987,no_fresh_breakout,23,ETH-USDT-SWAP,2125.74,нет свежего пробоя Donchian на последней закрытой свече,,rejected,,
0.0005000000000000004,no_fresh_breakout,23,FIL-USDT-SWAP,0.886,нет свежего пробоя Donchian на последней закрытой свече,,rejected,,
0.01599999999999995,no_fresh_breakout,23,ICP-USDT-SWAP,2.476,нет свежего пробоя Donchian на последней закрытой свече,,rejected,,
0.00024499999999999663,no_fresh_breakout,23,JUP-USDT-SWAP,0.1585,нет свежего пробоя Donchian на последней закрытой свече,,rejected,,
0.028750000000000053,no_fresh_breakout,23,KSM-USDT-SWAP,4.498,нет свежего пробоя Donchian на последней закрытой свече,,rejected,,
0.05469999999999997,no_fresh_breakout,23,LINK-USDT-SWAP,8.968,нет свежего пробоя Donchian на последней закрытой свече,,rejected,,
0.0010500000000000064,no_fresh_breakout,23,LIT-USDT-SWAP,1.178,нет свежего пробоя Donchian на последней закрытой свече,,rejected,,
0.0024499999999999965,no_fresh_breakout,23,LPT-USDT-SWAP,2.206,нет свежего пробоя Donchian на последней закрытой свече,,rejected,,
0.00028500000000000194,no_fresh_breakout,23,LQTY-USDT-SWAP,0.277,нет свежего пробоя Donchian на последней закрытой свече,,rejected,,
0.0052295,no_fresh_breakout,23,MAGIC-USDT-SWAP,0.06777,нет свежего пробоя Donchian на последней закрытой свече,,rejected,,
5.9999999999998944e-05,no_fresh_breakout,23,MET-USDT-SWAP,0.1541,нет свежего пробоя Donchian на последней закрытой свече,,rejected,,
0.00010999999999999968,no_fresh_breakout,23,OP-USDT-SWAP,0.12002,нет свежего пробоя Donchian на последней закрытой свече,,rejected,,
2.2199999999999994e-08,no_fresh_breakout,23,PEPE-USDT-SWAP,3.363e-06,нет свежего пробоя Donchian на последней закрытой свече,,rejected,,
0.0,atr_warmup:_цена_или_atr_недоступны_после_прогрева,23,SKY-USDT-SWAP,0.0,ATR warmup: цена или ATR недоступны после прогрева,,rejected,,
0.5944999999999986,no_fresh_breakout,23,SOL-USDT-SWAP,87.89,нет свежего пробоя Donchian на последней закрытой свече,,rejected,,
0.0,blacklist,23,SUSHI-USDT-SWAP,0.0,momentum chase blocked after 4 same-side candles,long,rejected,Turtle 20,
0.0003300000000000025,no_fresh_breakout,23,SYRUP-USDT-SWAP,0.2389,нет свежего пробоя Donchian на последней закрытой свече,,rejected,,
5.49999999999988e-05,no_fresh_breakout,24,1INCH-USDT-SWAP,0.095,нет свежего пробоя Donchian на последней закрытой свече,,rejected,,
0.0013700000000000003,no_fresh_breakout,24,2Z-USDT-SWAP,0.0781,нет свежего пробоя Donchian на последней закрытой свече,,rejected,,
0.2365000000000002,no_fresh_breakout,24,AAVE-USDT-SWAP,111.45,нет свежего пробоя Donchian на последней закрытой свече,,rejected,,
1.4000000000000037e-05,no_fresh_breakout,24,ACT-USDT-SWAP,0.01345,нет свежего пробоя Donchian на последней закрытой свече,,rejected,,
0.0013000000000000012,no_fresh_breakout,24,ADA-USDT-SWAP,0.2646,нет свежего пробоя Donchian на последней закрытой свече,,rejected,,
0.0009249999999999981,no_fresh_breakout,24,ARB-USDT-SWAP,0.0981,нет свежего пробоя Donchian на последней закрытой свече,,rejected,,
0.014165000000000021,no_fresh_breakout,24,ASTER-USDT-SWAP,0.6874,нет свежего пробоя Donchian на последней закрытой свече,,rejected,,
0.07054999999999993,no_fresh_breakout,24,AUCTION-USDT-SWAP,4.992,нет свежего пробоя Donchian на последней закрытой свече,,rejected,,
0.01081000000000002,no_fresh_breakout,24,AXS-USDT-SWAP,1.1864,нет свежего пробоя Donchian на последней закрытой свече,,rejected,,
0.00026500000000000135,no_fresh_breakout,24,BAND-USDT-SWAP,0.2251,нет свежего пробоя Donchian на последней закрытой свече,,rejected,,
0.9399999999999948,no_fresh_breakout,24,BCH-USDT-SWAP,454.4,нет свежего пробоя Donchian на последней закрытой свече,,rejected,,
1.9e-06,no_fresh_breakout,24,BOME-USDT-SWAP,0.000412,нет свежего пробоя Donchian на последней закрытой свече,,rejected,,
276.08499999999987,no_fresh_breakout,24,BTC-USDT-SWAP,69673.1,нет свежего пробоя Donchian на последней закрытой свече,,rejected,,
0.0005189999999999993,no_fresh_breakout,24,CFX-USDT-SWAP,0.06111,нет свежего пробоя Donchian на последней закрытой свече,,rejected,,
0.12149999999999964,no_fresh_breakout,24,COMP-USDT-SWAP,18.72,нет свежего пробоя Donchian на последней закрытой свече,,rejected,,
0.00241,no_fresh_breakout,24,CRV-USDT-SWAP,0.2324,нет свежего пробоя Donchian на последней закрытой свече,,rejected,,
0.0008800000000000017,no_fresh_breakout,24,DOGE-USDT-SWAP,0.0925,нет свежего пробоя Donchian на последней закрытой свече,,rejected,,
0.01905000000000001,no_fresh_breakout,24,DOT-USDT-SWAP,1.511,нет свежего пробоя Donchian на последней закрытой свече,,rejected,,
0.019000000000000038,no_fresh_breakout,24,ETC-USDT-SWAP,8.25,нет свежего пробоя Donchian на последней закрытой свече,,rejected,,
22.340999999999987,no_fresh_breakout,24,ETH-USDT-SWAP,2125.74,нет свежего пробоя Donchian на последней закрытой свече,,rejected,,
0.0005000000000000004,no_fresh_breakout,24,FIL-USDT-SWAP,0.886,нет свежего пробоя Donchian на последней закрытой свече,,rejected,,
0.01599999999999995,no_fresh_breakout,24,ICP-USDT-SWAP,2.476,нет свежего пробоя Donchian на последней закрытой свече,,rejected,,
0.00024499999999999663,no_fresh_breakout,24,JUP-USDT-SWAP,0.1585,нет свежего пробоя Donchian на последней закрытой свече,,rejected,,
0.028750000000000053,no_fresh_breakout,24,KSM-USDT-SWAP,4.498,нет свежего пробоя Donchian на последней закрытой свече,,rejected,,
0.05469999999999997,no_fresh_breakout,24,LINK-USDT-SWAP,8.968,нет свежего пробоя Donchian на последней закрытой свече,,rejected,,
0.0010500000000000064,no_fresh_breakout,24,LIT-USDT-SWAP,1.178,нет свежего пробоя Donchian на последней закрытой свече,,rejected,,
0.0024499999999999965,no_fresh_breakout,24,LPT-USDT-SWAP,2.206,нет свежего пробоя Donchian на последней закрытой свече,,rejected,,
0.00028500000000000194,no_fresh_breakout,24,LQTY-USDT-SWAP,0.277,нет свежего пробоя Donchian на последней закрытой свече,,rejected,,
0.0052295,no_fresh_breakout,24,MAGIC-USDT-SWAP,0.06777,нет свежего пробоя Donchian на последней закрытой свече,,rejected,,
5.9999999999998944e-05,no_fresh_breakout,24,MET-USDT-SWAP,0.1541,нет свежего пробоя Donchian на последней закрытой свече,,rejected,,
0.00010999999999999968,no_fresh_breakout,24,OP-USDT-SWAP,0.12002,нет свежего пробоя Donchian на последней закрытой свече,,rejected,,
2.2199999999999994e-08,no_fresh_breakout,24,PEPE-USDT-SWAP,3.363e-06,нет свежего пробоя Donchian на последней закрытой свече,,rejected,,
0.0,atr_warmup:_цена_или_atr_недоступны_после_прогрева,24,SKY-USDT-SWAP,0.0,ATR warmup: цена или ATR недоступны после прогрева,,rejected,,
0.5944999999999986,no_fresh_breakout,24,SOL-USDT-SWAP,87.89,нет свежего пробоя Donchian на последней закрытой свече,,rejected,,
0.0,blacklist,24,SUSHI-USDT-SWAP,0.0,momentum chase blocked after 4 same-side candles,long,rejected,Turtle 20,
0.0003300000000000025,no_fresh_breakout,24,SYRUP-USDT-SWAP,0.2389,нет свежего пробоя Donchian на последней закрытой свече,,rejected,,
0.008350000000000024,no_fresh_breakout,24,TON-USDT-SWAP,1.231,нет свежего пробоя Donchian на последней закрытой свече,,rejected,,
5.49999999999988e-05,no_fresh_breakout,25,1INCH-USDT-SWAP,0.095,нет свежего пробоя Donchian на последней закрытой свече,,rejected,,
0.0013700000000000003,no_fresh_breakout,25,2Z-USDT-SWAP,0.0781,нет свежего пробоя Donchian на последней закрытой свече,,rejected,,
0.2365000000000002,no_fresh_breakout,25,AAVE-USDT-SWAP,111.45,нет свежего пробоя Donchian на последней закрытой свече,,rejected,,
1.4000000000000037e-05,no_fresh_breakout,25,ACT-USDT-SWAP,0.01345,нет свежего пробоя Donchian на последней закрытой свече,,rejected,,
0.0013000000000000012,no_fresh_breakout,25,ADA-USDT-SWAP,0.2646,нет свежего пробоя Donchian на последней закрытой свече,,rejected,,
0.0009249999999999981,no_fresh_breakout,25,ARB-USDT-SWAP,0.0981,нет свежего пробоя Donchian на последней закрытой свече,,rejected,,
0.014165000000000021,no_fresh_breakout,25,ASTER-USDT-SWAP,0.6874,нет свежего пробоя Donchian на последней закрытой свече,,rejected,,
0.07054999999999993,no_fresh_breakout,25,AUCTION-USDT-SWAP,4.992,нет свежего пробоя Donchian на последней закрытой свече,,rejected,,
0.01081000000000002,no_fresh_breakout,25,AXS-USDT-SWAP,1.1864,нет свежего пробоя Donchian на последней закрытой свече,,rejected,,
0.00026500000000000135,no_fresh_breakout,25,BAND-USDT-SWAP,0.2251,нет свежего пробоя Donchian на последней закрытой свече,,rejected,,
0.9399999999999948,no_fresh_breakout,25,BCH-USDT-SWAP,454.4,нет свежего пробоя Donchian на последней закрытой свече,,rejected,,
1.9e-06,no_fresh_breakout,25,BOME-USDT-SWAP,0.000412,нет свежего пробоя Donchian на последней закрытой свече,,rejected,,
276.08499999999987,no_fresh_breakout,25,BTC-USDT-SWAP,69673.1,нет свежего пробоя Donchian на последней закрытой свече,,rejected,,
0.0005189999999999993,no_fresh_breakout,25,CFX-USDT-SWAP,0.06111,нет свежего пробоя Donchian на последней закрытой свече,,rejected,,
0.12149999999999964,no_fresh_breakout,25,COMP-USDT-SWAP,18.72,нет свежего пробоя Donchian на последней закрытой свече,,rejected,,
0.00241,no_fresh_breakout,25,CRV-USDT-SWAP,0.2324,нет свежего пробоя Donchian на последней закрытой свече,,rejected,,
0.0008800000000000017,no_fresh_breakout,25,DOGE-USDT-SWAP,0.0925,нет свежего пробоя Donchian на последней закрытой свече,,rejected,,
0.01905000000000001,no_fresh_breakout,25,DOT-USDT-SWAP,1.511,нет свежего пробоя Donchian на последней закрытой свече,,rejected,,
0.019000000000000038,no_fresh_breakout,25,ETC-USDT-SWAP,8.25,нет свежего пробоя Donchian на последней закрытой свече,,rejected,,
22.340999999999987,no_fresh_breakout,25,ETH-USDT-SWAP,2125.74,нет свежего пробоя Donchian на последней закрытой свече,,rejected,,
0.0005000000000000004,no_fresh_breakout,25,FIL-USDT-SWAP,0.886,нет свежего пробоя Donchian на последней закрытой свече,,rejected,,
0.01599999999999995,no_fresh_breakout,25,ICP-USDT-SWAP,2.476,нет свежего пробоя Donchian на последней закрытой свече,,rejected,,
0.00024499999999999663,no_fresh_breakout,25,JUP-USDT-SWAP,0.1585,нет свежего пробоя Donchian на последней закрытой свече,,rejected,,
0.028750000000000053,no_fresh_breakout,25,KSM-USDT-SWAP,4.498,нет свежего пробоя Donchian на последней закрытой свече,,rejected,,
0.05469999999999997,no_fresh_breakout,25,LINK-USDT-SWAP,8.968,нет свежего пробоя Donchian на последней закрытой свече,,rejected,,
0.0010500000000000064,no_fresh_breakout,25,LIT-USDT-SWAP,1.178,нет свежего пробоя Donchian на последней закрытой свече,,rejected,,
0.0024499999999999965,no_fresh_breakout,25,LPT-USDT-SWAP,2.206,нет свежего пробоя Donchian на последней закрытой свече,,rejected,,
0.00028500000000000194,no_fresh_breakout,25,LQTY-USDT-SWAP,0.277,нет свежего пробоя Donchian на последней закрытой свече,,rejected,,
0.0052295,no_fresh_breakout,25,MAGIC-USDT-SWAP,0.06777,нет свежего пробоя Donchian на последней закрытой свече,,rejected,,
5.9999999999998944e-05,no_fresh_breakout,25,MET-USDT-SWAP,0.1541,нет свежего пробоя Donchian на последней закрытой свече,,rejected,,
0.00010999999999999968,no_fresh_breakout,25,OP-USDT-SWAP,0.12002,нет свежего пробоя Donchian на последней закрытой свече,,rejected,,
2.2199999999999994e-08,no_fresh_breakout,25,PEPE-USDT-SWAP,3.363e-06,нет свежего пробоя Donchian на последней закрытой свече,,rejected,,
0.0,atr_warmup:_цена_или_atr_недоступны_после_прогрева,25,SKY-USDT-SWAP,0.0,ATR warmup: цена или ATR недоступны после прогрева,,rejected,,
0.5944999999999986,no_fresh_breakout,25,SOL-USDT-SWAP,87.89,нет свежего пробоя Donchian на последней закрытой свече,,rejected,,
0.0,blacklist,25,SUSHI-USDT-SWAP,0.0,momentum chase blocked after 4 same-side candles,long,rejected,Turtle 20,
0.0003300000000000025,no_fresh_breakout,25,SYRUP-USDT-SWAP,0.2389,нет свежего пробоя Donchian на последней закрытой свече,,rejected,,
0.008350000000000024,no_fresh_breakout,25,TON-USDT-SWAP,1.231,нет свежего пробоя Donchian на последней закрытой свече,,rejected,,
0.0,закрытие_не_удержалось_ниже_канала,25,TRX-USDT-SWAP,0.0,закрытие не удержалось ниже канала,short,rejected,Turtle 20,
0.46899999999999126,no_fresh_breakout,25,TSLA-USDT-SWAP,380.56,нет свежего пробоя Donchian на последней закрытой свече,,rejected,,
0.005333000000000004,no_fresh_breakout,25,USDC-USDT-SWAP,0.99995,нет свежего пробоя Donchian на последней закрытой свече,,rejected,,
5.49999999999988e-05,no_fresh_breakout,26,1INCH-USDT-SWAP,0.095,нет свежего пробоя Donchian на последней закрытой свече,,rejected,,
0.0013700000000000003,no_fresh_breakout,26,2Z-USDT-SWAP,0.0781,нет свежего пробоя Donchian на последней закрытой свече,,rejected,,
0.2365000000000002,no_fresh_breakout,26,AAVE-USDT-SWAP,111.45,нет свежего пробоя Donchian на последней закрытой свече,,rejected,,
1.4000000000000037e-05,no_fresh_breakout,26,ACT-USDT-SWAP,0.01345,нет свежего пробоя Donchian на последней закрытой свече,,rejected,,
0.0013000000000000012,no_fresh_breakout,26,ADA-USDT-SWAP,0.2646,нет свежего пробоя Donchian на последней закрытой свече,,rejected,,
0.0009249999999999981,no_fresh_breakout,26,ARB-USDT-SWAP,0.0981,нет свежего пробоя Donchian на последней закрытой свече,,rejected,,
0.014165000000000021,no_fresh_breakout,26,ASTER-USDT-SWAP,0.6874,нет свежего пробоя Donchian на последней закрытой свече,,rejected,,
0.07054999999999993,no_fresh_breakout,26,AUCTION-USDT-SWAP,4.992,нет свежего пробоя Donchian на последней закрытой свече,,rejected,,
0.01081000000000002,no_fresh_breakout,26,AXS-USDT-SWAP,1.1864,нет свежего пробоя Donchian на последней закрытой свече,,rejected,,
0.00026500000000000135,no_fresh_breakout,26,BAND-USDT-SWAP,0.2251,нет свежего пробоя Donchian на последней закрытой свече,,rejected,,
0.9399999999999948,no_fresh_breakout,26,BCH-USDT-SWAP,454.4,нет свежего пробоя Donchian на последней закрытой свече,,rejected,,
1.9e-06,no_fresh_breakout,26,BOME-USDT-SWAP,0.000412,нет свежего пробоя Donchian на последней закрытой свече,,rejected,,
276.08499999999987,no_fresh_breakout,26,BTC-USDT-SWAP,69673.1,нет свежего пробоя Donchian на последней закрытой свече,,rejected,,
0.0005189999999999993,no_fresh_breakout,26,CFX-USDT-SWAP,0.06111,нет свежего пробоя Donchian на последней закрытой свече,,rejected,,
0.12149999999999964,no_fresh_breakout,26,COMP-USDT-SWAP,18.72,нет свежего пробоя Donchian на последней закрытой свече,,rejected,,
0.00241,no_fresh_breakout,26,CRV-USDT-SWAP,0.2324,нет свежего пробоя Donchian на последней закрытой свече,,rejected,,
0.0008800000000000017,no_fresh_breakout,26,DOGE-USDT-SWAP,0.0925,нет свежего пробоя Donchian на последней закрытой свече,,rejected,,
0.01905000000000001,no_fresh_breakout,26,DOT-USDT-SWAP,1.511,нет свежего пробоя Donchian на последней закрытой свече,,rejected,,
0.019000000000000038,no_fresh_breakout,26,ETC-USDT-SWAP,8.25,нет свежего пробоя Donchian на последней закрытой свече,,rejected,,
22.340999999999987,no_fresh_breakout,26,ETH-USDT-SWAP,2125.74,нет свежего пробоя Donchian на последней закрытой свече,,rejected,,
0.0005000000000000004,no_fresh_breakout,26,FIL-USDT-SWAP,0.886,нет свежего пробоя Donchian на последней закрытой свече,,rejected,,
0.01599999999999995,no_fresh_breakout,26,ICP-USDT-SWAP,2.476,нет свежего пробоя Donchian на последней закрытой свече,,rejected,,
0.00024499999999999663,no_fresh_breakout,26,JUP-USDT-SWAP,0.1585,нет свежего пробоя Donchian на последней закрытой свече,,rejected,,
0.028750000000000053,no_fresh_breakout,26,KSM-USDT-SWAP,4.498,нет свежего пробоя Donchian на последней закрытой свече,,rejected,,
0.05469999999999997,no_fresh_breakout,26,LINK-USDT-SWAP,8.968,нет свежего пробоя Donchian на последней закрытой свече,,rejected,,
0.0010500000000000064,no_fresh_breakout,26,LIT-USDT-SWAP,1.178,нет свежего пробоя Donchian на последней закрытой свече,,rejected,,
0.0024499999999999965,no_fresh_breakout,26,LPT-USDT-SWAP,2.206,нет свежего пробоя Donchian на последней закрытой свече,,rejected,,
0.00028500000000000194,no_fresh_breakout,26,LQTY-USDT-SWAP,0.277,нет свежего пробоя Donchian на последней закрытой свече,,rejected,,
0.0052295,no_fresh_breakout,26,MAGIC-USDT-SWAP,0.06777,нет свежего пробоя Donchian на последней закрытой свече,,rejected,,
5.9999999999998944e-05,no_fresh_breakout,26,MET-USDT-SWAP,0.1541,нет свежего пробоя Donchian на последней закрытой свече,,rejected,,
0.00010999999999999968,no_fresh_breakout,26,OP-USDT-SWAP,0.12002,нет свежего пробоя Donchian на последней закрытой свече,,rejected,,
2.2199999999999994e-08,no_fresh_breakout,26,PEPE-USDT-SWAP,3.363e-06,нет свежего пробоя Donchian на последней закрытой свече,,rejected,,
0.0,atr_warmup:_цена_или_atr_недоступны_после_прогрева,26,SKY-USDT-SWAP,0.0,ATR warmup: цена или ATR недоступны после прогрева,,rejected,,
0.5944999999999986,no_fresh_breakout,26,SOL-USDT-SWAP,87.89,нет свежего пробоя Donchian на последней закрытой свече,,rejected,,
0.0,blacklist,26,SUSHI-USDT-SWAP,0.0,momentum chase blocked after 4 same-side candles,long,rejected,Turtle 20,
0.0003300000000000025,no_fresh_breakout,26,SYRUP-USDT-SWAP,0.2389,нет свежего пробоя Donchian на последней закрытой свече,,rejected,,
0.008350000000000024,no_fresh_breakout,26,TON-USDT-SWAP,1.231,нет свежего пробоя Donchian на последней закрытой свече,,rejected,,
0.0,закрытие_не_удержалось_ниже_канала,26,TRX-USDT-SWAP,0.0,закрытие не удержалось ниже канала,short,rejected,Turtle 20,
0.46899999999999126,no_fresh_breakout,26,TSLA-USDT-SWAP,380.56,нет свежего пробоя Donchian на последней закрытой свече,,rejected,,
0.005333000000000004,no_fresh_breakout,26,USDC-USDT-SWAP,0.99995,нет свежего пробоя Donchian на последней закрытой свече,,rejected,,
108.51500000000001,no_fresh_breakout,26,XAU-USDT-SWAP,4616.3,нет свежего пробоя Donchian на последней закрытой свече,,rejected,,
0.002222500000000001,no_fresh_breakout,26,XLM-USDT-SWAP,0.1641,нет свежего пробоя Donchian на последней закрытой свече,,rejected,,
5.49999999999988e-05,no_fresh_breakout,27,1INCH-USDT-SWAP,0.095,нет свежего пробоя Donchian на последней закрытой свече,,rejected,,
0.0013700000000000003,no_fresh_breakout,27,2Z-USDT-SWAP,0.0781,нет свежего пробоя Donchian на последней закрытой свече,,rejected,,
0.2365000000000002,no_fresh_breakout,27,AAVE-USDT-SWAP,111.45,нет свежего пробоя Donchian на последней закрытой свече,,rejected,,
1.4000000000000037e-05,no_fresh_breakout,27,ACT-USDT-SWAP,0.01345,нет свежего пробоя Donchian на последней закрытой свече,,rejected,,
0.0013000000000000012,no_fresh_breakout,27,ADA-USDT-SWAP,0.2646,нет свежего пробоя Donchian на последней закрытой свече,,rejected,,
0.0009249999999999981,no_fresh_breakout,27,ARB-USDT-SWAP,0.0981,нет свежего пробоя Donchian на последней закрытой свече,,rejected,,
0.014165000000000021,no_fresh_breakout,27,ASTER-USDT-SWAP,0.6874,нет свежего пробоя Donchian на последней закрытой свече,,rejected,,
0.07054999999999993,no_fresh_breakout,27,AUCTION-USDT-SWAP,4.992,нет свежего пробоя Donchian на последней закрытой свече,,rejected,,
0.01081000000000002,no_fresh_breakout,27,AXS-USDT-SWAP,1.1864,нет свежего пробоя Donchian на последней закрытой свече,,rejected,,
0.00026500000000000135,no_fresh_breakout,27,BAND-USDT-SWAP,0.2251,нет свежего пробоя Donchian на последней закрытой свече,,rejected,,
0.9399999999999948,no_fresh_breakout,27,BCH-USDT-SWAP,454.4,нет свежего пробоя Donchian на последней закрытой свече,,rejected,,
1.9e-06,no_fresh_breakout,27,BOME-USDT-SWAP,0.000412,нет свежего пробоя Donchian на последней закрытой свече,,rejected,,
276.08499999999987,no_fresh_breakout,27,BTC-USDT-SWAP,69673.1,нет свежего пробоя Donchian на последней закрытой свече,,rejected,,
0.0005189999999999993,no_fresh_breakout,27,CFX-USDT-SWAP,0.06111,нет свежего пробоя Donchian на последней закрытой свече,,rejected,,
0.12149999999999964,no_fresh_breakout,27,COMP-USDT-SWAP,18.72,нет свежего пробоя Donchian на последней закрытой свече,,rejected,,
0.00241,no_fresh_breakout,27,CRV-USDT-SWAP,0.2324,нет свежего пробоя Donchian на последней закрытой свече,,rejected,,
0.0008800000000000017,no_fresh_breakout,27,DOGE-USDT-SWAP,0.0925,нет свежего пробоя Donchian на последней закрытой свече,,rejected,,
0.01905000000000001,no_fresh_breakout,27,DOT-USDT-SWAP,1.511,нет свежего пробоя Donchian на последней закрытой свече,,rejected,,
0.019000000000000038,no_fresh_breakout,27,ETC-USDT-SWAP,8.25,нет свежего пробоя Donchian на последней закрытой свече,,rejected,,
22.340999999999987,no_fresh_breakout,27,ETH-USDT-SWAP,2125.74,нет свежего пробоя Donchian на последней закрытой свече,,rejected,,
0.0005000000000000004,no_fresh_breakout,27,FIL-USDT-SWAP,0.886,нет свежего пробоя Donchian на последней закрытой свече,,rejected,,
0.01599999999999995,no_fresh_breakout,27,ICP-USDT-SWAP,2.476,нет свежего пробоя Donchian на последней закрытой свече,,rejected,,
0.00024499999999999663,no_fresh_breakout,27,JUP-USDT-SWAP,0.1585,нет свежего пробоя Donchian на последней закрытой свече,,rejected,,
0.028750000000000053,no_fresh_breakout,27,KSM-USDT-SWAP,4.498,нет свежего пробоя Donchian на последней закрытой свече,,rejected,,
0.05469999999999997,no_fresh_breakout,27,LINK-USDT-SWAP,8.968,нет свежего пробоя Donchian на последней закрытой свече,,rejected,,
0.0010500000000000064,no_fresh_breakout,27,LIT-USDT-SWAP,1.178,нет свежего пробоя Donchian на последней закрытой свече,,rejected,,
0.0024499999999999965,no_fresh_breakout,27,LPT-USDT-SWAP,2.206,нет свежего пробоя Donchian на последней закрытой свече,,rejected,,
0.00028500000000000194,no_fresh_breakout,27,LQTY-USDT-SWAP,0.277,нет свежего пробоя Donchian на последней закрытой свече,,rejected,,
0.0052295,no_fresh_breakout,27,MAGIC-USDT-SWAP,0.06777,нет свежего пробоя Donchian на последней закрытой свече,,rejected,,
5.9999999999998944e-05,no_fresh_breakout,27,MET-USDT-SWAP,0.1541,нет свежего пробоя Donchian на последней закрытой свече,,rejected,,
0.00010999999999999968,no_fresh_breakout,27,OP-USDT-SWAP,0.12002,нет свежего пробоя Donchian на последней закрытой свече,,rejected,,
2.2199999999999994e-08,no_fresh_breakout,27,PEPE-USDT-SWAP,3.363e-06,нет свежего пробоя Donchian на последней закрытой свече,,rejected,,
0.0,atr_warmup:_цена_или_atr_недоступны_после_прогрева,27,SKY-USDT-SWAP,0.0,ATR warmup: цена или ATR недоступны после прогрева,,rejected,,
0.5944999999999986,no_fresh_breakout,27,SOL-USDT-SWAP,87.89,нет свежего пробоя Donchian на последней закрытой свече,,rejected,,
0.0,blacklist,27,SUSHI-USDT-SWAP,0.0,momentum chase blocked after 4 same-side candles,long,rejected,Turtle 20,
0.0003300000000000025,no_fresh_breakout,27,SYRUP-USDT-SWAP,0.2389,нет свежего пробоя Donchian на последней закрытой свече,,rejected,,
0.008350000000000024,no_fresh_breakout,27,TON-USDT-SWAP,1.231,нет свежего пробоя Donchian на последней закрытой свече,,rejected,,
0.0,закрытие_не_удержалось_ниже_канала,27,TRX-USDT-SWAP,0.0,закрытие не удержалось ниже канала,short,rejected,Turtle 20,
0.46899999999999126,no_fresh_breakout,27,TSLA-USDT-SWAP,380.56,нет свежего пробоя Donchian на последней закрытой свече,,rejected,,
0.005333000000000004,no_fresh_breakout,27,USDC-USDT-SWAP,0.99995,нет свежего пробоя Donchian на последней закрытой свече,,rejected,,
108.51500000000001,no_fresh_breakout,27,XAU-USDT-SWAP,4616.3,нет свежего пробоя Donchian на последней закрытой свече,,rejected,,
0.002222500000000001,no_fresh_breakout,27,XLM-USDT-SWAP,0.1641,нет свежего пробоя Donchian на последней закрытой свече,,rejected,,
0.009920000000000017,no_fresh_breakout,27,XRP-USDT-SWAP,1.4453,нет свежего пробоя Donchian на последней закрытой свече,,rejected,,
0.0002149999999999999,no_fresh_breakout,27,YB-USDT-SWAP,0.1223,нет свежего пробоя Donchian на последней закрытой свече,,rejected,,
5.49999999999988e-05,no_fresh_breakout,28,1INCH-USDT-SWAP,0.095,нет свежего пробоя Donchian на последней закрытой свече,,rejected,,
0.0013700000000000003,no_fresh_breakout,28,2Z-USDT-SWAP,0.0781,нет свежего пробоя Donchian на последней закрытой свече,,rejected,,
0.2365000000000002,no_fresh_breakout,28,AAVE-USDT-SWAP,111.45,нет свежего пробоя Donchian на последней закрытой свече,,rejected,,
1.4000000000000037e-05,no_fresh_breakout,28,ACT-USDT-SWAP,0.01345,нет свежего пробоя Donchian на последней закрытой свече,,rejected,,
0.0013000000000000012,no_fresh_breakout,28,ADA-USDT-SWAP,0.2646,нет свежего пробоя Donchian на последней закрытой свече,,rejected,,
0.0009249999999999981,no_fresh_breakout,28,ARB-USDT-SWAP,0.0981,нет свежего пробоя Donchian на последней закрытой свече,,rejected,,
0.014165000000000021,no_fresh_breakout,28,ASTER-USDT-SWAP,0.6874,нет свежего пробоя Donchian на последней закрытой свече,,rejected,,
0.07054999999999993,no_fresh_breakout,28,AUCTION-USDT-SWAP,4.992,нет свежего пробоя Donchian на последней закрытой свече,,rejected,,
0.01081000000000002,no_fresh_breakout,28,AXS-USDT-SWAP,1.1864,нет свежего пробоя Donchian на последней закрытой свече,,rejected,,
0.00026500000000000135,no_fresh_breakout,28,BAND-USDT-SWAP,0.2251,нет свежего пробоя Donchian на последней закрытой свече,,rejected,,
0.9399999999999948,no_fresh_breakout,28,BCH-USDT-SWAP,454.4,нет свежего пробоя Donchian на последней закрытой свече,,rejected,,
1.9e-06,no_fresh_breakout,28,BOME-USDT-SWAP,0.000412,нет свежего пробоя Donchian на последней закрытой свече,,rejected,,
276.08499999999987,no_fresh_breakout,28,BTC-USDT-SWAP,69673.1,нет свежего пробоя Donchian на последней закрытой свече,,rejected,,
0.0005189999999999993,no_fresh_breakout,28,CFX-USDT-SWAP,0.06111,нет свежего пробоя Donchian на последней закрытой свече,,rejected,,
0.12149999999999964,no_fresh_breakout,28,COMP-USDT-SWAP,18.72,нет свежего пробоя Donchian на последней закрытой свече,,rejected,,
0.00241,no_fresh_breakout,28,CRV-USDT-SWAP,0.2324,нет свежего пробоя Donchian на последней закрытой свече,,rejected,,
0.0008800000000000017,no_fresh_breakout,28,DOGE-USDT-SWAP,0.0925,нет свежего пробоя Donchian на последней закрытой свече,,rejected,,
0.01905000000000001,no_fresh_breakout,28,DOT-USDT-SWAP,1.511,нет свежего пробоя Donchian на последней закрытой свече,,rejected,,
0.019000000000000038,no_fresh_breakout,28,ETC-USDT-SWAP,8.25,нет свежего пробоя Donchian на последней закрытой свече,,rejected,,
22.340999999999987,no_fresh_breakout,28,ETH-USDT-SWAP,2125.74,нет свежего пробоя Donchian на последней закрытой свече,,rejected,,
0.0005000000000000004,no_fresh_breakout,28,FIL-USDT-SWAP,0.886,нет свежего пробоя Donchian на последней закрытой свече,,rejected,,
0.01599999999999995,no_fresh_breakout,28,ICP-USDT-SWAP,2.476,нет свежего пробоя Donchian на последней закрытой свече,,rejected,,
0.00024499999999999663,no_fresh_breakout,28,JUP-USDT-SWAP,0.1585,нет свежего пробоя Donchian на последней закрытой свече,,rejected,,
0.028750000000000053,no_fresh_breakout,28,KSM-USDT-SWAP,4.498,нет свежего пробоя Donchian на последней закрытой свече,,rejected,,
0.05469999999999997,no_fresh_breakout,28,LINK-USDT-SWAP,8.968,нет свежего пробоя Donchian на последней закрытой свече,,rejected,,
0.0010500000000000064,no_fresh_breakout,28,LIT-USDT-SWAP,1.178,нет свежего пробоя Donchian на последней закрытой свече,,rejected,,
0.0024499999999999965,no_fresh_breakout,28,LPT-USDT-SWAP,2.206,нет свежего пробоя Donchian на последней закрытой свече,,rejected,,
0.00028500000000000194,no_fresh_breakout,28,LQTY-USDT-SWAP,0.277,нет свежего пробоя Donchian на последней закрытой свече,,rejected,,
0.0052295,no_fresh_breakout,28,MAGIC-USDT-SWAP,0.06777,нет свежего пробоя Donchian на последней закрытой свече,,rejected,,
5.9999999999998944e-05,no_fresh_breakout,28,MET-USDT-SWAP,0.1541,нет свежего пробоя Donchian на последней закрытой свече,,rejected,,
0.00010999999999999968,no_fresh_breakout,28,OP-USDT-SWAP,0.12002,нет свежего пробоя Donchian на последней закрытой свече,,rejected,,
2.2199999999999994e-08,no_fresh_breakout,28,PEPE-USDT-SWAP,3.363e-06,нет свежего пробоя Donchian на последней закрытой свече,,rejected,,
0.0,atr_warmup:_цена_или_atr_недоступны_после_прогрева,28,SKY-USDT-SWAP,0.0,ATR warmup: цена или ATR недоступны после прогрева,,rejected,,
0.5944999999999986,no_fresh_breakout,28,SOL-USDT-SWAP,87.89,нет свежего пробоя Donchian на последней закрытой свече,,rejected,,
0.0,blacklist,28,SUSHI-USDT-SWAP,0.0,momentum chase blocked after 4 same-side candles,long,rejected,Turtle 20,
0.0003300000000000025,no_fresh_breakout,28,SYRUP-USDT-SWAP,0.2389,нет свежего пробоя Donchian на последней закрытой свече,,rejected,,
0.008350000000000024,no_fresh_breakout,28,TON-USDT-SWAP,1.231,нет свежего пробоя Donchian на последней закрытой свече,,rejected,,
0.0,закрытие_не_удержалось_ниже_канала,28,TRX-USDT-SWAP,0.0,закрытие не удержалось ниже канала,short,rejected,Turtle 20,
0.46899999999999126,no_fresh_breakout,28,TSLA-USDT-SWAP,380.56,нет свежего пробоя Donchian на последней закрытой свече,,rejected,,
0.005333000000000004,no_fresh_breakout,28,USDC-USDT-SWAP,0.99995,нет свежего пробоя Donchian на последней закрытой свече,,rejected,,
108.51500000000001,no_fresh_breakout,28,XAU-USDT-SWAP,4616.3,нет свежего пробоя Donchian на последней закрытой свече,,rejected,,
0.002222500000000001,no_fresh_breakout,28,XLM-USDT-SWAP,0.1641,нет свежего пробоя Donchian на последней закрытой свече,,rejected,,
0.009920000000000017,no_fresh_breakout,28,XRP-USDT-SWAP,1.4453,нет свежего пробоя Donchian на последней закрытой свече,,rejected,,
0.0002149999999999999,no_fresh_breakout,28,YB-USDT-SWAP,0.1223,нет свежего пробоя Donchian на последней закрытой свече,,rejected,,
14.759999999999968,no_fresh_breakout,28,YFI-USDT-SWAP,2703.9,нет свежего пробоя Donchian на последней закрытой свече,,rejected,,
0.0004450000000000013,no_fresh_breakout,28,YGG-USDT-SWAP,0.0401,нет свежего пробоя Donchian на последней закрытой свече,,rejected,,
5.49999999999988e-05,no_fresh_breakout,29,1INCH-USDT-SWAP,0.095,нет свежего пробоя Donchian на последней закрытой свече,,rejected,,
0.0013700000000000003,no_fresh_breakout,29,2Z-USDT-SWAP,0.0781,нет свежего пробоя Donchian на последней закрытой свече,,rejected,,
0.2365000000000002,no_fresh_breakout,29,AAVE-USDT-SWAP,111.45,нет свежего пробоя Donchian на последней закрытой свече,,rejected,,
1.4000000000000037e-05,no_fresh_breakout,29,ACT-USDT-SWAP,0.01345,нет свежего пробоя Donchian на последней закрытой свече,,rejected,,
0.0013000000000000012,no_fresh_breakout,29,ADA-USDT-SWAP,0.2646,нет свежего пробоя Donchian на последней закрытой свече,,rejected,,
0.0009249999999999981,no_fresh_breakout,29,ARB-USDT-SWAP,0.0981,нет свежего пробоя Donchian на последней закрытой свече,,rejected,,
0.014165000000000021,no_fresh_breakout,29,ASTER-USDT-SWAP,0.6874,нет свежего пробоя Donchian на последней закрытой свече,,rejected,,
0.07054999999999993,no_fresh_breakout,29,AUCTION-USDT-SWAP,4.992,нет свежего пробоя Donchian на последней закрытой свече,,rejected,,
0.01081000000000002,no_fresh_breakout,29,AXS-USDT-SWAP,1.1864,нет свежего пробоя Donchian на последней закрытой свече,,rejected,,
0.00026500000000000135,no_fresh_breakout,29,BAND-USDT-SWAP,0.2251,нет свежего пробоя Donchian на последней закрытой свече,,rejected,,
0.9399999999999948,no_fresh_breakout,29,BCH-USDT-SWAP,454.4,нет свежего пробоя Donchian на последней закрытой свече,,rejected,,
1.9e-06,no_fresh_breakout,29,BOME-USDT-SWAP,0.000414,нет свежего пробоя Donchian на последней закрытой свече,,rejected,,
276.08499999999987,no_fresh_breakout,29,BTC-USDT-SWAP,69673.1,нет свежего пробоя Donchian на последней закрытой свече,,rejected,,
0.0005189999999999993,no_fresh_breakout,29,CFX-USDT-SWAP,0.06111,нет свежего пробоя Donchian на последней закрытой свече,,rejected,,
0.12149999999999964,no_fresh_breakout,29,COMP-USDT-SWAP,18.72,нет свежего пробоя Donchian на последней закрытой свече,,rejected,,
0.00241,no_fresh_breakout,29,CRV-USDT-SWAP,0.2324,нет свежего пробоя Donchian на последней закрытой свече,,rejected,,
0.0008800000000000017,no_fresh_breakout,29,DOGE-USDT-SWAP,0.0925,нет свежего пробоя Donchian на последней закрытой свече,,rejected,,
0.01905000000000001,no_fresh_breakout,29,DOT-USDT-SWAP,1.511,нет свежего пробоя Donchian на последней закрытой свече,,rejected,,
0.019000000000000038,no_fresh_breakout,29,ETC-USDT-SWAP,8.25,нет свежего пробоя Donchian на последней закрытой свече,,rejected,,
22.60749999999998,no_fresh_breakout,29,ETH-USDT-SWAP,2133.0,нет свежего пробоя Donchian на последней закрытой свече,,rejected,,
0.0004500000000000004,no_fresh_breakout,29,FIL-USDT-SWAP,0.886,нет свежего пробоя Donchian на последней закрытой свече,,rejected,,
0.01584999999999994,no_fresh_breakout,29,ICP-USDT-SWAP,2.483,нет свежего пробоя Donchian на последней закрытой свече,,rejected,,
0.00022999999999999686,no_fresh_breakout,29,JUP-USDT-SWAP,0.1586,нет свежего пробоя Donchian на последней закрытой свече,,rejected,,
0.028750000000000053,no_fresh_breakout,29,KSM-USDT-SWAP,4.498,нет свежего пробоя Donchian на последней закрытой свече,,rejected,,
0.0544999999999999,no_fresh_breakout,29,LINK-USDT-SWAP,8.988,нет свежего пробоя Donchian на последней закрытой свече,,rejected,,
0.0010500000000000064,no_fresh_breakout,29,LIT-USDT-SWAP,1.178,нет свежего пробоя Donchian на последней закрытой свече,,rejected,,
0.002299999999999991,no_fresh_breakout,29,LPT-USDT-SWAP,2.209,нет свежего пробоя Donchian на последней закрытой свече,,rejected,,
0.0003049999999999997,no_fresh_breakout,29,LQTY-USDT-SWAP,0.2782,нет свежего пробоя Donchian на последней закрытой свече,,rejected,,
0.0052295,no_fresh_breakout,29,MAGIC-USDT-SWAP,0.06777,нет свежего пробоя Donchian на последней закрытой свече,,rejected,,
5.9999999999998944e-05,no_fresh_breakout,29,MET-USDT-SWAP,0.1541,нет свежего пробоя Donchian на последней закрытой свече,,rejected,,
0.00011150000000000049,no_fresh_breakout,29,OP-USDT-SWAP,0.12015,нет свежего пробоя Donchian на последней закрытой свече,,rejected,,
0.0,закрытие_не_удержалось_выше_канала,29,PEPE-USDT-SWAP,0.0,закрытие не удержалось выше канала,long,rejected,Turtle 20,
0.0,atr_warmup:_цена_или_atr_недоступны_после_прогрева,29,SKY-USDT-SWAP,0.0,ATR warmup: цена или ATR недоступны после прогрева,,rejected,,
0.5859999999999992,no_fresh_breakout,29,SOL-USDT-SWAP,88.14,нет свежего пробоя Donchian на последней закрытой свече,,rejected,,
0.011450000000000002,no_fresh_breakout,29,SUSHI-USDT-SWAP,0.261,нет свежего пробоя Donchian на последней закрытой свече,,rejected,,
0.0003300000000000025,no_fresh_breakout,29,SYRUP-USDT-SWAP,0.2397,нет свежего пробоя Donchian на последней закрытой свече,,rejected,,
0.008200000000000018,no_fresh_breakout,29,TON-USDT-SWAP,1.234,нет свежего пробоя Donchian на последней закрытой свече,,rejected,,
0.00032000000000000084,no_fresh_breakout,29,TRX-USDT-SWAP,0.3004,нет свежего пробоя Donchian на последней закрытой свече,,rejected,,
0.47199999999999137,no_fresh_breakout,29,TSLA-USDT-SWAP,381.24,нет свежего пробоя Donchian на последней закрытой свече,,rejected,,
0.005333000000000004,no_fresh_breakout,29,USDC-USDT-SWAP,0.99995,нет свежего пробоя Donchian на последней закрытой свече,,rejected,,
95.34,no_fresh_breakout,29,XAU-USDT-SWAP,4648.7,нет свежего пробоя Donchian на последней закрытой свече,,rejected,,
0.0022245000000000016,no_fresh_breakout,29,XLM-USDT-SWAP,0.16501,нет свежего пробоя Donchian на последней закрытой свече,,rejected,,
0.009675000000000012,no_fresh_breakout,29,XRP-USDT-SWAP,1.4468,нет свежего пробоя Donchian на последней закрытой свече,,rejected,,
0.0002149999999999999,no_fresh_breakout,29,YB-USDT-SWAP,0.1223,нет свежего пробоя Donchian на последней закрытой свече,,rejected,,
14.599999999999955,no_fresh_breakout,29,YFI-USDT-SWAP,2711.2,нет свежего пробоя Donchian на последней закрытой свече,,rejected,,
0.00042500000000000144,no_fresh_breakout,29,YGG-USDT-SWAP,0.0396,нет свежего пробоя Donchian на последней закрытой свече,,rejected,,
5.49999999999988e-05,no_fresh_breakout,30,1INCH-USDT-SWAP,0.095,нет свежего пробоя Donchian на последней закрытой свече,,rejected,,
0.0013450000000000003,no_fresh_breakout,30,2Z-USDT-SWAP,0.0782,нет свежего пробоя Donchian на последней закрытой свече,,rejected,,
0.23599999999999993,no_fresh_breakout,30,AAVE-USDT-SWAP,111.75,нет свежего пробоя Donchian на последней закрытой свече,,rejected,,
1.4000000000000037e-05,no_fresh_breakout,30,ACT-USDT-SWAP,0.01345,нет свежего пробоя Donchian на последней закрытой свече,,rejected,,
0.0012300000000000006,no_fresh_breakout,30,ADA-USDT-SWAP,0.2652,нет свежего пробоя Donchian на последней закрытой свече,,rejected,,
0.0009149999999999977,no_fresh_breakout,30,ARB-USDT-SWAP,0.0987,нет свежего пробоя Donchian на последней закрытой свече,,rejected,,
0.014140000000000019,no_fresh_breakout,30,ASTER-USDT-SWAP,0.6904,нет свежего пробоя Donchian на последней закрытой свече,,rejected,,
0.06964999999999995,no_fresh_breakout,30,AUCTION-USDT-SWAP,5.001,нет свежего пробоя Donchian на последней закрытой свече,,rejected,,
0.010905000000000031,no_fresh_breakout,30,AXS-USDT-SWAP,1.1917,нет свежего пробоя Donchian на последней закрытой свече,,rejected,,
0.00028000000000000106,no_fresh_breakout,30,BAND-USDT-SWAP,0.2254,нет свежего пробоя Donchian на последней закрытой свече,,rejected,,
0.9349999999999966,no_fresh_breakout,30,BCH-USDT-SWAP,455.3,нет свежего пробоя Donchian на последней закрытой свече,,rejected,,
1.9e-06,no_fresh_breakout,30,BOME-USDT-SWAP,0.000414,нет свежего пробоя Donchian на последней закрытой свече,,rejected,,
273.03499999999985,no_fresh_breakout,30,BTC-USDT-SWAP,69812.6,нет свежего пробоя Donchian на последней закрытой свече,,rejected,,
0.0005009999999999997,no_fresh_breakout,30,CFX-USDT-SWAP,0.06109,нет свежего пробоя Donchian на последней закрытой свече,,rejected,,
0.0,закрытие_не_удержалось_выше_канала,30,COMP-USDT-SWAP,0.0,закрытие не удержалось выше канала,long,rejected,Turtle 55,
0.0,закрытие_не_удержалось_выше_канала,30,COMP-USDT-SWAP,0.0,закрытие не удержалось выше канала,long,rejected,Turtle 20,
0.0024049999999999987,no_fresh_breakout,30,CRV-USDT-SWAP,0.2336,нет свежего пробоя Donchian на последней закрытой свече,,rejected,,
0.000677500000000001,no_fresh_breakout,30,DOGE-USDT-SWAP,0.0931,нет свежего пробоя Donchian на последней закрытой свече,,rejected,,
0.01915000000000002,no_fresh_breakout,30,DOT-USDT-SWAP,1.522,нет свежего пробоя Donchian на последней закрытой свече,,rejected,,
0.019000000000000038,no_fresh_breakout,30,ETC-USDT-SWAP,8.25,нет свежего пробоя Donchian на последней закрытой свече,,rejected,,
22.60749999999998,no_fresh_breakout,30,ETH-USDT-SWAP,2133.0,нет свежего пробоя Donchian на последней закрытой свече,,rejected,,
0.0004500000000000004,no_fresh_breakout,30,FIL-USDT-SWAP,0.886,нет свежего пробоя Donchian на последней закрытой свече,,rejected,,
0.01584999999999994,no_fresh_breakout,30,ICP-USDT-SWAP,2.483,нет свежего пробоя Donchian на последней закрытой свече,,rejected,,
0.00022999999999999686,no_fresh_breakout,30,JUP-USDT-SWAP,0.1586,нет свежего пробоя Donchian на последней закрытой свече,,rejected,,
0.0,закрытие_не_удержалось_выше_канала,30,KSM-USDT-SWAP,0.0,закрытие не удержалось выше канала,long,rejected,Turtle 20,
0.0544999999999999,no_fresh_breakout,30,LINK-USDT-SWAP,8.988,нет свежего пробоя Donchian на последней закрытой свече,,rejected,,
0.0,закрытие_не_удержалось_выше_канала,30,LIT-USDT-SWAP,0.0,закрытие не удержалось выше канала,long,rejected,Turtle 55,
0.0,закрытие_не_удержалось_выше_канала,30,LIT-USDT-SWAP,0.0,закрытие не удержалось выше канала,long,rejected,Turtle 20,
0.002299999999999991,no_fresh_breakout,30,LPT-USDT-SWAP,2.209,нет свежего пробоя Donchian на последней закрытой свече,,rejected,,
0.0003049999999999997,no_fresh_breakout,30,LQTY-USDT-SWAP,0.2782,нет свежего пробоя Donchian на последней закрытой свече,,rejected,,
0.004765,no_fresh_breakout,30,MAGIC-USDT-SWAP,0.06213,нет свежего пробоя Donchian на последней закрытой свече,,rejected,,
5.9999999999998944e-05,no_fresh_breakout,30,MET-USDT-SWAP,0.1541,нет свежего пробоя Donchian на последней закрытой свече,,rejected,,
0.00011150000000000049,no_fresh_breakout,30,OP-USDT-SWAP,0.12015,нет свежего пробоя Donchian на последней закрытой свече,,rejected,,
0.0,закрытие_не_удержалось_выше_канала,30,PEPE-USDT-SWAP,0.0,закрытие не удержалось выше канала,long,rejected,Turtle 20,
0.0,atr_warmup:_цена_или_atr_недоступны_после_прогрева,30,SKY-USDT-SWAP,0.0,ATR warmup: цена или ATR недоступны после прогрева,,rejected,,
0.5859999999999992,no_fresh_breakout,30,SOL-USDT-SWAP,88.14,нет свежего пробоя Donchian на последней закрытой свече,,rejected,,
0.011450000000000002,no_fresh_breakout,30,SUSHI-USDT-SWAP,0.261,нет свежего пробоя Donchian на последней закрытой свече,,rejected,,
0.0003300000000000025,no_fresh_breakout,30,SYRUP-USDT-SWAP,0.2397,нет свежего пробоя Donchian на последней закрытой свече,,rejected,,
0.008200000000000018,no_fresh_breakout,30,TON-USDT-SWAP,1.234,нет свежего пробоя Donchian на последней закрытой свече,,rejected,,
0.00032000000000000084,no_fresh_breakout,30,TRX-USDT-SWAP,0.3004,нет свежего пробоя Donchian на последней закрытой свече,,rejected,,
0.47199999999999137,no_fresh_breakout,30,TSLA-USDT-SWAP,381.24,нет свежего пробоя Donchian на последней закрытой свече,,rejected,,
0.004895000000000005,no_fresh_breakout,30,USDC-USDT-SWAP,1.0039,нет свежего пробоя Donchian на последней закрытой свече,,rejected,,
95.34,no_fresh_breakout,30,XAU-USDT-SWAP,4648.7,нет свежего пробоя Donchian на последней закрытой свече,,rejected,,
0.0022245000000000016,no_fresh_breakout,30,XLM-USDT-SWAP,0.16501,нет свежего пробоя Donchian на последней закрытой свече,,rejected,,
0.009675000000000012,no_fresh_breakout,30,XRP-USDT-SWAP,1.4468,нет свежего пробоя Donchian на последней закрытой свече,,rejected,,
0.0002149999999999999,no_fresh_breakout,30,YB-USDT-SWAP,0.1223,нет свежего пробоя Donchian на последней закрытой свече,,rejected,,
14.599999999999955,no_fresh_breakout,30,YFI-USDT-SWAP,2711.2,нет свежего пробоя Donchian на последней закрытой свече,,rejected,,
0.00042500000000000144,no_fresh_breakout,30,YGG-USDT-SWAP,0.0396,нет свежего пробоя Donchian на последней закрытой свече,,rejected,,
5.49999999999988e-05,no_fresh_breakout,31,1INCH-USDT-SWAP,0.095,нет свежего пробоя Donchian на последней закрытой свече,,rejected,,
0.0013450000000000003,no_fresh_breakout,31,2Z-USDT-SWAP,0.0782,нет свежего пробоя Donchian на последней закрытой свече,,rejected,,
0.23599999999999993,no_fresh_breakout,31,AAVE-USDT-SWAP,111.75,нет свежего пробоя Donchian на последней закрытой свече,,rejected,,
1.4000000000000037e-05,no_fresh_breakout,31,ACT-USDT-SWAP,0.01345,нет свежего пробоя Donchian на последней закрытой свече,,rejected,,
0.0012300000000000006,no_fresh_breakout,31,ADA-USDT-SWAP,0.2652,нет свежего пробоя Donchian на последней закрытой свече,,rejected,,
0.0009149999999999977,no_fresh_breakout,31,ARB-USDT-SWAP,0.0987,нет свежего пробоя Donchian на последней закрытой свече,,rejected,,
0.014140000000000019,no_fresh_breakout,31,ASTER-USDT-SWAP,0.6904,нет свежего пробоя Donchian на последней закрытой свече,,rejected,,
0.06964999999999995,no_fresh_breakout,31,AUCTION-USDT-SWAP,5.001,нет свежего пробоя Donchian на последней закрытой свече,,rejected,,
0.010905000000000031,no_fresh_breakout,31,AXS-USDT-SWAP,1.1917,нет свежего пробоя Donchian на последней закрытой свече,,rejected,,
0.00028000000000000106,no_fresh_breakout,31,BAND-USDT-SWAP,0.2254,нет свежего пробоя Donchian на последней закрытой свече,,rejected,,
0.9349999999999966,no_fresh_breakout,31,BCH-USDT-SWAP,455.3,нет свежего пробоя Donchian на последней закрытой свече,,rejected,,
1.9e-06,no_fresh_breakout,31,BOME-USDT-SWAP,0.000414,нет свежего пробоя Donchian на последней закрытой свече,,rejected,,
273.03499999999985,no_fresh_breakout,31,BTC-USDT-SWAP,69812.6,нет свежего пробоя Donchian на последней закрытой свече,,rejected,,
0.0005009999999999997,no_fresh_breakout,31,CFX-USDT-SWAP,0.06109,нет свежего пробоя Donchian на последней закрытой свече,,rejected,,
0.0,закрытие_не_удержалось_выше_канала,31,COMP-USDT-SWAP,0.0,закрытие не удержалось выше канала,long,rejected,Turtle 55,
0.0,закрытие_не_удержалось_выше_канала,31,COMP-USDT-SWAP,0.0,закрытие не удержалось выше канала,long,rejected,Turtle 20,
0.0024049999999999987,no_fresh_breakout,31,CRV-USDT-SWAP,0.2336,нет свежего пробоя Donchian на последней закрытой свече,,rejected,,
0.000677500000000001,no_fresh_breakout,31,DOGE-USDT-SWAP,0.0931,нет свежего пробоя Donchian на последней закрытой свече,,rejected,,
0.01915000000000002,no_fresh_breakout,31,DOT-USDT-SWAP,1.522,нет свежего пробоя Donchian на последней закрытой свече,,rejected,,
0.019000000000000038,no_fresh_breakout,31,ETC-USDT-SWAP,8.25,нет свежего пробоя Donchian на последней закрытой свече,,rejected,,
22.60749999999998,no_fresh_breakout,31,ETH-USDT-SWAP,2133.0,нет свежего пробоя Donchian на последней закрытой свече,,rejected,,
0.0004500000000000004,no_fresh_breakout,31,FIL-USDT-SWAP,0.886,нет свежего пробоя Donchian на последней закрытой свече,,rejected,,
0.01584999999999994,no_fresh_breakout,31,ICP-USDT-SWAP,2.483,нет свежего пробоя Donchian на последней закрытой свече,,rejected,,
0.00022999999999999686,no_fresh_breakout,31,JUP-USDT-SWAP,0.1586,нет свежего пробоя Donchian на последней закрытой свече,,rejected,,
0.0,закрытие_не_удержалось_выше_канала,31,KSM-USDT-SWAP,0.0,закрытие не удержалось выше канала,long,rejected,Turtle 20,
0.0544999999999999,no_fresh_breakout,31,LINK-USDT-SWAP,8.988,нет свежего пробоя Donchian на последней закрытой свече,,rejected,,
0.0,закрытие_не_удержалось_выше_канала,31,LIT-USDT-SWAP,0.0,закрытие не удержалось выше канала,long,rejected,Turtle 55,
0.0,закрытие_не_удержалось_выше_канала,31,LIT-USDT-SWAP,0.0,закрытие не удержалось выше канала,long,rejected,Turtle 20,
0.002299999999999991,no_fresh_breakout,31,LPT-USDT-SWAP,2.209,нет свежего пробоя Donchian на последней закрытой свече,,rejected,,
0.0003049999999999997,no_fresh_breakout,31,LQTY-USDT-SWAP,0.2782,нет свежего пробоя Donchian на последней закрытой свече,,rejected,,
0.004765,no_fresh_breakout,31,MAGIC-USDT-SWAP,0.06213,нет свежего пробоя Donchian на последней закрытой свече,,rejected,,
5.9999999999998944e-05,no_fresh_breakout,31,MET-USDT-SWAP,0.1541,нет свежего пробоя Donchian на последней закрытой свече,,rejected,,
0.00011150000000000049,no_fresh_breakout,31,OP-USDT-SWAP,0.12015,нет свежего пробоя Donchian на последней закрытой свече,,rejected,,
0.0,закрытие_не_удержалось_выше_канала,31,PEPE-USDT-SWAP,0.0,закрытие не удержалось выше канала,long,rejected,Turtle 20,
0.0,atr_warmup:_цена_или_atr_недоступны_после_прогрева,31,SKY-USDT-SWAP,0.0,ATR warmup: цена или ATR недоступны после прогрева,,rejected,,
0.5859999999999992,no_fresh_breakout,31,SOL-USDT-SWAP,88.14,нет свежего пробоя Donchian на последней закрытой свече,,rejected,,
0.011450000000000002,no_fresh_breakout,31,SUSHI-USDT-SWAP,0.261,нет свежего пробоя Donchian на последней закрытой свече,,rejected,,
0.0003300000000000025,no_fresh_breakout,31,SYRUP-USDT-SWAP,0.2397,нет свежего пробоя Donchian на последней закрытой свече,,rejected,,
0.008200000000000018,no_fresh_breakout,31,TON-USDT-SWAP,1.234,нет свежего пробоя Donchian на последней закрытой свече,,rejected,,
0.00032000000000000084,no_fresh_breakout,31,TRX-USDT-SWAP,0.3004,нет свежего пробоя Donchian на последней закрытой свече,,rejected,,
0.47199999999999137,no_fresh_breakout,31,TSLA-USDT-SWAP,381.24,нет свежего пробоя Donchian на последней закрытой свече,,rejected,,
0.004895000000000005,no_fresh_breakout,31,USDC-USDT-SWAP,1.0039,нет свежего пробоя Donchian на последней закрытой свече,,rejected,,
95.34,no_fresh_breakout,31,XAU-USDT-SWAP,4648.7,нет свежего пробоя Donchian на последней закрытой свече,,rejected,,
0.0022245000000000016,no_fresh_breakout,31,XLM-USDT-SWAP,0.16501,нет свежего пробоя Donchian на последней закрытой свече,,rejected,,
0.009675000000000012,no_fresh_breakout,31,XRP-USDT-SWAP,1.4468,нет свежего пробоя Donchian на последней закрытой свече,,rejected,,
0.0002149999999999999,no_fresh_breakout,31,YB-USDT-SWAP,0.1223,нет свежего пробоя Donchian на последней закрытой свече,,rejected,,
14.599999999999955,no_fresh_breakout,31,YFI-USDT-SWAP,2711.2,нет свежего пробоя Donchian на последней закрытой свече,,rejected,,
0.00042500000000000144,no_fresh_breakout,31,YGG-USDT-SWAP,0.0396,нет свежего пробоя Donchian на последней закрытой свече,,rejected,,
5.49999999999988e-05,no_fresh_breakout,32,1INCH-USDT-SWAP,0.095,нет свежего пробоя Donchian на последней закрытой свече,,rejected,,
0.0013450000000000003,no_fresh_breakout,32,2Z-USDT-SWAP,0.0782,нет свежего пробоя Donchian на последней закрытой свече,,rejected,,
0.23599999999999993,no_fresh_breakout,32,AAVE-USDT-SWAP,111.75,нет свежего пробоя Donchian на последней закрытой свече,,rejected,,
1.4000000000000037e-05,no_fresh_breakout,32,ACT-USDT-SWAP,0.01345,нет свежего пробоя Donchian на последней закрытой свече,,rejected,,
0.0012300000000000006,no_fresh_breakout,32,ADA-USDT-SWAP,0.2652,нет свежего пробоя Donchian на последней закрытой свече,,rejected,,
0.0009149999999999977,no_fresh_breakout,32,ARB-USDT-SWAP,0.0987,нет свежего пробоя Donchian на последней закрытой свече,,rejected,,
0.014140000000000019,no_fresh_breakout,32,ASTER-USDT-SWAP,0.6904,нет свежего пробоя Donchian на последней закрытой свече,,rejected,,
0.06964999999999995,no_fresh_breakout,32,AUCTION-USDT-SWAP,5.001,нет свежего пробоя Donchian на последней закрытой свече,,rejected,,
0.010905000000000031,no_fresh_breakout,32,AXS-USDT-SWAP,1.1917,нет свежего пробоя Donchian на последней закрытой свече,,rejected,,
0.00028000000000000106,no_fresh_breakout,32,BAND-USDT-SWAP,0.2254,нет свежего пробоя Donchian на последней закрытой свече,,rejected,,
0.9349999999999966,no_fresh_breakout,32,BCH-USDT-SWAP,455.3,нет свежего пробоя Donchian на последней закрытой свече,,rejected,,
1.9e-06,no_fresh_breakout,32,BOME-USDT-SWAP,0.000414,нет свежего пробоя Donchian на последней закрытой свече,,rejected,,
273.03499999999985,no_fresh_breakout,32,BTC-USDT-SWAP,69812.6,нет свежего пробоя Donchian на последней закрытой свече,,rejected,,
0.0005009999999999997,no_fresh_breakout,32,CFX-USDT-SWAP,0.06109,нет свежего пробоя Donchian на последней закрытой свече,,rejected,,
0.0,закрытие_не_удержалось_выше_канала,32,COMP-USDT-SWAP,0.0,закрытие не удержалось выше канала,long,rejected,Turtle 55,
0.0,закрытие_не_удержалось_выше_канала,32,COMP-USDT-SWAP,0.0,закрытие не удержалось выше канала,long,rejected,Turtle 20,
0.0024049999999999987,no_fresh_breakout,32,CRV-USDT-SWAP,0.2336,нет свежего пробоя Donchian на последней закрытой свече,,rejected,,
0.000677500000000001,no_fresh_breakout,32,DOGE-USDT-SWAP,0.0931,нет свежего пробоя Donchian на последней закрытой свече,,rejected,,
0.01915000000000002,no_fresh_breakout,32,DOT-USDT-SWAP,1.522,нет свежего пробоя Donchian на последней закрытой свече,,rejected,,
0.019000000000000038,no_fresh_breakout,32,ETC-USDT-SWAP,8.25,нет свежего пробоя Donchian на последней закрытой свече,,rejected,,
22.60749999999998,no_fresh_breakout,32,ETH-USDT-SWAP,2133.0,нет свежего пробоя Donchian на последней закрытой свече,,rejected,,
0.0004500000000000004,no_fresh_breakout,32,FIL-USDT-SWAP,0.886,нет свежего пробоя Donchian на последней закрытой свече,,rejected,,
0.01584999999999994,no_fresh_breakout,32,ICP-USDT-SWAP,2.483,нет свежего пробоя Donchian на последней закрытой свече,,rejected,,
0.00022999999999999686,no_fresh_breakout,32,JUP-USDT-SWAP,0.1586,нет свежего пробоя Donchian на последней закрытой свече,,rejected,,
0.0,закрытие_не_удержалось_выше_канала,32,KSM-USDT-SWAP,0.0,закрытие не удержалось выше канала,long,rejected,Turtle 20,
0.0544999999999999,no_fresh_breakout,32,LINK-USDT-SWAP,8.988,нет свежего пробоя Donchian на последней закрытой свече,,rejected,,
0.0,закрытие_не_удержалось_выше_канала,32,LIT-USDT-SWAP,0.0,закрытие не удержалось выше канала,long,rejected,Turtle 55,
0.0,закрытие_не_удержалось_выше_канала,32,LIT-USDT-SWAP,0.0,закрытие не удержалось выше канала,long,rejected,Turtle 20,
0.002299999999999991,no_fresh_breakout,32,LPT-USDT-SWAP,2.209,нет свежего пробоя Donchian на последней закрытой свече,,rejected,,
0.0003049999999999997,no_fresh_breakout,32,LQTY-USDT-SWAP,0.2782,нет свежего пробоя Donchian на последней закрытой свече,,rejected,,
0.004765,no_fresh_breakout,32,MAGIC-USDT-SWAP,0.06213,нет свежего пробоя Donchian на последней закрытой свече,,rejected,,
5.9999999999998944e-05,no_fresh_breakout,32,MET-USDT-SWAP,0.1541,нет свежего пробоя Donchian на последней закрытой свече,,rejected,,
0.00011150000000000049,no_fresh_breakout,32,OP-USDT-SWAP,0.12015,нет свежего пробоя Donchian на последней закрытой свече,,rejected,,
0.0,закрытие_не_удержалось_выше_канала,32,PEPE-USDT-SWAP,0.0,закрытие не удержалось выше канала,long,rejected,Turtle 20,
0.0,atr_warmup:_цена_или_atr_недоступны_после_прогрева,32,SKY-USDT-SWAP,0.0,ATR warmup: цена или ATR недоступны после прогрева,,rejected,,
0.5859999999999992,no_fresh_breakout,32,SOL-USDT-SWAP,88.14,нет свежего пробоя Donchian на последней закрытой свече,,rejected,,
0.011450000000000002,no_fresh_breakout,32,SUSHI-USDT-SWAP,0.261,нет свежего пробоя Donchian на последней закрытой свече,,rejected,,
0.0003300000000000025,no_fresh_breakout,32,SYRUP-USDT-SWAP,0.2397,нет свежего пробоя Donchian на последней закрытой свече,,rejected,,
0.008200000000000018,no_fresh_breakout,32,TON-USDT-SWAP,1.234,нет свежего пробоя Donchian на последней закрытой свече,,rejected,,
0.00032000000000000084,no_fresh_breakout,32,TRX-USDT-SWAP,0.3004,нет свежего пробоя Donchian на последней закрытой свече,,rejected,,
0.47199999999999137,no_fresh_breakout,32,TSLA-USDT-SWAP,381.24,нет свежего пробоя Donchian на последней закрытой свече,,rejected,,
0.004895000000000005,no_fresh_breakout,32,USDC-USDT-SWAP,1.0039,нет свежего пробоя Donchian на последней закрытой свече,,rejected,,
95.34,no_fresh_breakout,32,XAU-USDT-SWAP,4648.7,нет свежего пробоя Donchian на последней закрытой свече,,rejected,,
0.0022245000000000016,no_fresh_breakout,32,XLM-USDT-SWAP,0.16501,нет свежего пробоя Donchian на последней закрытой свече,,rejected,,
0.009675000000000012,no_fresh_breakout,32,XRP-USDT-SWAP,1.4468,нет свежего пробоя Donchian на последней закрытой свече,,rejected,,
0.0002149999999999999,no_fresh_breakout,32,YB-USDT-SWAP,0.1223,нет свежего пробоя Donchian на последней закрытой свече,,rejected,,
14.599999999999955,no_fresh_breakout,32,YFI-USDT-SWAP,2711.2,нет свежего пробоя Donchian на последней закрытой свече,,rejected,,
0.00042500000000000144,no_fresh_breakout,32,YGG-USDT-SWAP,0.0396,нет свежего пробоя Donchian на последней закрытой свече,,rejected,,
5.49999999999988e-05,no_fresh_breakout,33,1INCH-USDT-SWAP,0.095,нет свежего пробоя Donchian на последней закрытой свече,,rejected,,
0.0013450000000000003,no_fresh_breakout,33,2Z-USDT-SWAP,0.0782,нет свежего пробоя Donchian на последней закрытой свече,,rejected,,
0.23599999999999993,no_fresh_breakout,33,AAVE-USDT-SWAP,111.75,нет свежего пробоя Donchian на последней закрытой свече,,rejected,,
1.4000000000000037e-05,no_fresh_breakout,33,ACT-USDT-SWAP,0.01345,нет свежего пробоя Donchian на последней закрытой свече,,rejected,,
0.0012300000000000006,no_fresh_breakout,33,ADA-USDT-SWAP,0.2652,нет свежего пробоя Donchian на последней закрытой свече,,rejected,,
0.0009149999999999977,no_fresh_breakout,33,ARB-USDT-SWAP,0.0987,нет свежего пробоя Donchian на последней закрытой свече,,rejected,,
0.014140000000000019,no_fresh_breakout,33,ASTER-USDT-SWAP,0.6904,нет свежего пробоя Donchian на последней закрытой свече,,rejected,,
0.06964999999999995,no_fresh_breakout,33,AUCTION-USDT-SWAP,5.001,нет свежего пробоя Donchian на последней закрытой свече,,rejected,,
0.010905000000000031,no_fresh_breakout,33,AXS-USDT-SWAP,1.1917,нет свежего пробоя Donchian на последней закрытой свече,,rejected,,
0.00028000000000000106,no_fresh_breakout,33,BAND-USDT-SWAP,0.2254,нет свежего пробоя Donchian на последней закрытой свече,,rejected,,
0.9349999999999966,no_fresh_breakout,33,BCH-USDT-SWAP,455.3,нет свежего пробоя Donchian на последней закрытой свече,,rejected,,
1.9e-06,no_fresh_breakout,33,BOME-USDT-SWAP,0.000414,нет свежего пробоя Donchian на последней закрытой свече,,rejected,,
273.03499999999985,no_fresh_breakout,33,BTC-USDT-SWAP,69812.6,нет свежего пробоя Donchian на последней закрытой свече,,rejected,,
0.0005009999999999997,no_fresh_breakout,33,CFX-USDT-SWAP,0.06109,нет свежего пробоя Donchian на последней закрытой свече,,rejected,,
0.0,закрытие_не_удержалось_выше_канала,33,COMP-USDT-SWAP,0.0,закрытие не удержалось выше канала,long,rejected,Turtle 55,
0.0,закрытие_не_удержалось_выше_канала,33,COMP-USDT-SWAP,0.0,закрытие не удержалось выше канала,long,rejected,Turtle 20,
0.0024049999999999987,no_fresh_breakout,33,CRV-USDT-SWAP,0.2336,нет свежего пробоя Donchian на последней закрытой свече,,rejected,,
0.000677500000000001,no_fresh_breakout,33,DOGE-USDT-SWAP,0.0931,нет свежего пробоя Donchian на последней закрытой свече,,rejected,,
0.01915000000000002,no_fresh_breakout,33,DOT-USDT-SWAP,1.522,нет свежего пробоя Donchian на последней закрытой свече,,rejected,,
0.019000000000000038,no_fresh_breakout,33,ETC-USDT-SWAP,8.25,нет свежего пробоя Donchian на последней закрытой свече,,rejected,,
22.60749999999998,no_fresh_breakout,33,ETH-USDT-SWAP,2133.0,нет свежего пробоя Donchian на последней закрытой свече,,rejected,,
0.0004500000000000004,no_fresh_breakout,33,FIL-USDT-SWAP,0.886,нет свежего пробоя Donchian на последней закрытой свече,,rejected,,
0.01584999999999994,no_fresh_breakout,33,ICP-USDT-SWAP,2.483,нет свежего пробоя Donchian на последней закрытой свече,,rejected,,
0.00022999999999999686,no_fresh_breakout,33,JUP-USDT-SWAP,0.1586,нет свежего пробоя Donchian на последней закрытой свече,,rejected,,
0.0,закрытие_не_удержалось_выше_канала,33,KSM-USDT-SWAP,0.0,закрытие не удержалось выше канала,long,rejected,Turtle 20,
0.0544999999999999,no_fresh_breakout,33,LINK-USDT-SWAP,8.988,нет свежего пробоя Donchian на последней закрытой свече,,rejected,,
0.0,закрытие_не_удержалось_выше_канала,33,LIT-USDT-SWAP,0.0,закрытие не удержалось выше канала,long,rejected,Turtle 55,
0.0,закрытие_не_удержалось_выше_канала,33,LIT-USDT-SWAP,0.0,закрытие не удержалось выше канала,long,rejected,Turtle 20,
0.002299999999999991,no_fresh_breakout,33,LPT-USDT-SWAP,2.209,нет свежего пробоя Donchian на последней закрытой свече,,rejected,,
0.0003049999999999997,no_fresh_breakout,33,LQTY-USDT-SWAP,0.2782,нет свежего пробоя Donchian на последней закрытой свече,,rejected,,
0.004765,no_fresh_breakout,33,MAGIC-USDT-SWAP,0.06213,нет свежего пробоя Donchian на последней закрытой свече,,rejected,,
5.9999999999998944e-05,no_fresh_breakout,33,MET-USDT-SWAP,0.1541,нет свежего пробоя Donchian на последней закрытой свече,,rejected,,
0.00011150000000000049,no_fresh_breakout,33,OP-USDT-SWAP,0.12015,нет свежего пробоя Donchian на последней закрытой свече,,rejected,,
0.0,закрытие_не_удержалось_выше_канала,33,PEPE-USDT-SWAP,0.0,закрытие не удержалось выше канала,long,rejected,Turtle 20,
0.0,atr_warmup:_цена_или_atr_недоступны_после_прогрева,33,SKY-USDT-SWAP,0.0,ATR warmup: цена или ATR недоступны после прогрева,,rejected,,
0.5859999999999992,no_fresh_breakout,33,SOL-USDT-SWAP,88.14,нет свежего пробоя Donchian на последней закрытой свече,,rejected,,
0.011450000000000002,no_fresh_breakout,33,SUSHI-USDT-SWAP,0.261,нет свежего пробоя Donchian на последней закрытой свече,,rejected,,
0.0003300000000000025,no_fresh_breakout,33,SYRUP-USDT-SWAP,0.2397,нет свежего пробоя Donchian на последней закрытой свече,,rejected,,
0.008200000000000018,no_fresh_breakout,33,TON-USDT-SWAP,1.234,нет свежего пробоя Donchian на последней закрытой свече,,rejected,,
0.00032000000000000084,no_fresh_breakout,33,TRX-USDT-SWAP,0.3004,нет свежего пробоя Donchian на последней закрытой свече,,rejected,,
0.47199999999999137,no_fresh_breakout,33,TSLA-USDT-SWAP,381.24,нет свежего пробоя Donchian на последней закрытой свече,,rejected,,
0.004895000000000005,no_fresh_breakout,33,USDC-USDT-SWAP,1.0039,нет свежего пробоя Donchian на последней закрытой свече,,rejected,,
95.34,no_fresh_breakout,33,XAU-USDT-SWAP,4648.7,нет свежего пробоя Donchian на последней закрытой свече,,rejected,,
0.0022245000000000016,no_fresh_breakout,33,XLM-USDT-SWAP,0.16501,нет свежего пробоя Donchian на последней закрытой свече,,rejected,,
0.009675000000000012,no_fresh_breakout,33,XRP-USDT-SWAP,1.4468,нет свежего пробоя Donchian на последней закрытой свече,,rejected,,
0.0002149999999999999,no_fresh_breakout,33,YB-USDT-SWAP,0.1223,нет свежего пробоя Donchian на последней закрытой свече,,rejected,,
14.599999999999955,no_fresh_breakout,33,YFI-USDT-SWAP,2711.2,нет свежего пробоя Donchian на последней закрытой свече,,rejected,,
0.00042500000000000144,no_fresh_breakout,33,YGG-USDT-SWAP,0.0396,нет свежего пробоя Donchian на последней закрытой свече,,rejected,,
5.49999999999988e-05,no_fresh_breakout,34,1INCH-USDT-SWAP,0.095,нет свежего пробоя Donchian на последней закрытой свече,,rejected,,
0.0013450000000000003,no_fresh_breakout,34,2Z-USDT-SWAP,0.0782,нет свежего пробоя Donchian на последней закрытой свече,,rejected,,
0.23599999999999993,no_fresh_breakout,34,AAVE-USDT-SWAP,111.75,нет свежего пробоя Donchian на последней закрытой свече,,rejected,,
1.4000000000000037e-05,no_fresh_breakout,34,ACT-USDT-SWAP,0.01345,нет свежего пробоя Donchian на последней закрытой свече,,rejected,,
0.0012300000000000006,no_fresh_breakout,34,ADA-USDT-SWAP,0.2652,нет свежего пробоя Donchian на последней закрытой свече,,rejected,,
0.0009149999999999977,no_fresh_breakout,34,ARB-USDT-SWAP,0.0987,нет свежего пробоя Donchian на последней закрытой свече,,rejected,,
0.014140000000000019,no_fresh_breakout,34,ASTER-USDT-SWAP,0.6904,нет свежего пробоя Donchian на последней закрытой свече,,rejected,,
0.06964999999999995,no_fresh_breakout,34,AUCTION-USDT-SWAP,5.001,нет свежего пробоя Donchian на последней закрытой свече,,rejected,,
0.010905000000000031,no_fresh_breakout,34,AXS-USDT-SWAP,1.1917,нет свежего пробоя Donchian на последней закрытой свече,,rejected,,
0.00028000000000000106,no_fresh_breakout,34,BAND-USDT-SWAP,0.2254,нет свежего пробоя Donchian на последней закрытой свече,,rejected,,
0.9349999999999966,no_fresh_breakout,34,BCH-USDT-SWAP,455.3,нет свежего пробоя Donchian на последней закрытой свече,,rejected,,
1.9e-06,no_fresh_breakout,34,BOME-USDT-SWAP,0.000414,нет свежего пробоя Donchian на последней закрытой свече,,rejected,,
273.03499999999985,no_fresh_breakout,34,BTC-USDT-SWAP,69812.6,нет свежего пробоя Donchian на последней закрытой свече,,rejected,,
0.0005009999999999997,no_fresh_breakout,34,CFX-USDT-SWAP,0.06109,нет свежего пробоя Donchian на последней закрытой свече,,rejected,,
0.0,закрытие_не_удержалось_выше_канала,34,COMP-USDT-SWAP,0.0,закрытие не удержалось выше канала,long,rejected,Turtle 55,
0.0,закрытие_не_удержалось_выше_канала,34,COMP-USDT-SWAP,0.0,закрытие не удержалось выше канала,long,rejected,Turtle 20,
0.0024049999999999987,no_fresh_breakout,34,CRV-USDT-SWAP,0.2336,нет свежего пробоя Donchian на последней закрытой свече,,rejected,,
0.000677500000000001,no_fresh_breakout,34,DOGE-USDT-SWAP,0.0931,нет свежего пробоя Donchian на последней закрытой свече,,rejected,,
0.01915000000000002,no_fresh_breakout,34,DOT-USDT-SWAP,1.522,нет свежего пробоя Donchian на последней закрытой свече,,rejected,,
0.019000000000000038,no_fresh_breakout,34,ETC-USDT-SWAP,8.25,нет свежего пробоя Donchian на последней закрытой свече,,rejected,,
22.60749999999998,no_fresh_breakout,34,ETH-USDT-SWAP,2133.0,нет свежего пробоя Donchian на последней закрытой свече,,rejected,,
0.0004500000000000004,no_fresh_breakout,34,FIL-USDT-SWAP,0.886,нет свежего пробоя Donchian на последней закрытой свече,,rejected,,
0.01584999999999994,no_fresh_breakout,34,ICP-USDT-SWAP,2.483,нет свежего пробоя Donchian на последней закрытой свече,,rejected,,
0.00022999999999999686,no_fresh_breakout,34,JUP-USDT-SWAP,0.1586,нет свежего пробоя Donchian на последней закрытой свече,,rejected,,
0.0,закрытие_не_удержалось_выше_канала,34,KSM-USDT-SWAP,0.0,закрытие не удержалось выше канала,long,rejected,Turtle 20,
0.0544999999999999,no_fresh_breakout,34,LINK-USDT-SWAP,8.988,нет свежего пробоя Donchian на последней закрытой свече,,rejected,,
0.0,закрытие_не_удержалось_выше_канала,34,LIT-USDT-SWAP,0.0,закрытие не удержалось выше канала,long,rejected,Turtle 55,
0.0,закрытие_не_удержалось_выше_канала,34,LIT-USDT-SWAP,0.0,закрытие не удержалось выше канала,long,rejected,Turtle 20,
0.002299999999999991,no_fresh_breakout,34,LPT-USDT-SWAP,2.209,нет свежего пробоя Donchian на последней закрытой свече,,rejected,,
0.0003049999999999997,no_fresh_breakout,34,LQTY-USDT-SWAP,0.2782,нет свежего пробоя Donchian на последней закрытой свече,,rejected,,
0.004765,no_fresh_breakout,34,MAGIC-USDT-SWAP,0.06213,нет свежего пробоя Donchian на последней закрытой свече,,rejected,,
5.9999999999998944e-05,no_fresh_breakout,34,MET-USDT-SWAP,0.1541,нет свежего пробоя Donchian на последней закрытой свече,,rejected,,
0.00011150000000000049,no_fresh_breakout,34,OP-USDT-SWAP,0.12015,нет свежего пробоя Donchian на последней закрытой свече,,rejected,,
0.0,закрытие_не_удержалось_выше_канала,34,PEPE-USDT-SWAP,0.0,закрытие не удержалось выше канала,long,rejected,Turtle 20,
0.0,atr_warmup:_цена_или_atr_недоступны_после_прогрева,34,SKY-USDT-SWAP,0.0,ATR warmup: цена или ATR недоступны после прогрева,,rejected,,
0.5859999999999992,no_fresh_breakout,34,SOL-USDT-SWAP,88.14,нет свежего пробоя Donchian на последней закрытой свече,,rejected,,
0.011450000000000002,no_fresh_breakout,34,SUSHI-USDT-SWAP,0.261,нет свежего пробоя Donchian на последней закрытой свече,,rejected,,
0.0003300000000000025,no_fresh_breakout,34,SYRUP-USDT-SWAP,0.2397,нет свежего пробоя Donchian на последней закрытой свече,,rejected,,
0.008200000000000018,no_fresh_breakout,34,TON-USDT-SWAP,1.234,нет свежего пробоя Donchian на последней закрытой свече,,rejected,,
0.00032000000000000084,no_fresh_breakout,34,TRX-USDT-SWAP,0.3004,нет свежего пробоя Donchian на последней закрытой свече,,rejected,,
0.47199999999999137,no_fresh_breakout,34,TSLA-USDT-SWAP,381.24,нет свежего пробоя Donchian на последней закрытой свече,,rejected,,
0.004895000000000005,no_fresh_breakout,34,USDC-USDT-SWAP,1.0039,нет свежего пробоя Donchian на последней закрытой свече,,rejected,,
95.34,no_fresh_breakout,34,XAU-USDT-SWAP,4648.7,нет свежего пробоя Donchian на последней закрытой свече,,rejected,,
0.0022245000000000016,no_fresh_breakout,34,XLM-USDT-SWAP,0.16501,нет свежего пробоя Donchian на последней закрытой свече,,rejected,,
0.009675000000000012,no_fresh_breakout,34,XRP-USDT-SWAP,1.4468,нет свежего пробоя Donchian на последней закрытой свече,,rejected,,
0.0002149999999999999,no_fresh_breakout,34,YB-USDT-SWAP,0.1223,нет свежего пробоя Donchian на последней закрытой свече,,rejected,,
14.599999999999955,no_fresh_breakout,34,YFI-USDT-SWAP,2711.2,нет свежего пробоя Donchian на последней закрытой свече,,rejected,,
0.00042500000000000144,no_fresh_breakout,34,YGG-USDT-SWAP,0.0396,нет свежего пробоя Donchian на последней закрытой свече,,rejected,,
5.49999999999988e-05,no_fresh_breakout,35,1INCH-USDT-SWAP,0.095,нет свежего пробоя Donchian на последней закрытой свече,,rejected,,
0.0013450000000000003,no_fresh_breakout,35,2Z-USDT-SWAP,0.0782,нет свежего пробоя Donchian на последней закрытой свече,,rejected,,
0.23599999999999993,no_fresh_breakout,35,AAVE-USDT-SWAP,111.75,нет свежего пробоя Donchian на последней закрытой свече,,rejected,,
1.4000000000000037e-05,no_fresh_breakout,35,ACT-USDT-SWAP,0.01345,нет свежего пробоя Donchian на последней закрытой свече,,rejected,,
0.0012300000000000006,no_fresh_breakout,35,ADA-USDT-SWAP,0.2652,нет свежего пробоя Donchian на последней закрытой свече,,rejected,,
0.0009149999999999977,no_fresh_breakout,35,ARB-USDT-SWAP,0.0987,нет свежего пробоя Donchian на последней закрытой свече,,rejected,,
0.014140000000000019,no_fresh_breakout,35,ASTER-USDT-SWAP,0.6904,нет свежего пробоя Donchian на последней закрытой свече,,rejected,,
0.06964999999999995,no_fresh_breakout,35,AUCTION-USDT-SWAP,5.001,нет свежего пробоя Donchian на последней закрытой свече,,rejected,,
0.010905000000000031,no_fresh_breakout,35,AXS-USDT-SWAP,1.1917,нет свежего пробоя Donchian на последней закрытой свече,,rejected,,
0.00028000000000000106,no_fresh_breakout,35,BAND-USDT-SWAP,0.2254,нет свежего пробоя Donchian на последней закрытой свече,,rejected,,
0.9349999999999966,no_fresh_breakout,35,BCH-USDT-SWAP,455.3,нет свежего пробоя Donchian на последней закрытой свече,,rejected,,
1.9e-06,no_fresh_breakout,35,BOME-USDT-SWAP,0.000414,нет свежего пробоя Donchian на последней закрытой свече,,rejected,,
273.03499999999985,no_fresh_breakout,35,BTC-USDT-SWAP,69812.6,нет свежего пробоя Donchian на последней закрытой свече,,rejected,,
0.0005009999999999997,no_fresh_breakout,35,CFX-USDT-SWAP,0.06109,нет свежего пробоя Donchian на последней закрытой свече,,rejected,,
0.0,закрытие_не_удержалось_выше_канала,35,COMP-USDT-SWAP,0.0,закрытие не удержалось выше канала,long,rejected,Turtle 55,
0.0,закрытие_не_удержалось_выше_канала,35,COMP-USDT-SWAP,0.0,закрытие не удержалось выше канала,long,rejected,Turtle 20,
0.0024049999999999987,no_fresh_breakout,35,CRV-USDT-SWAP,0.2336,нет свежего пробоя Donchian на последней закрытой свече,,rejected,,
0.000677500000000001,no_fresh_breakout,35,DOGE-USDT-SWAP,0.0931,нет свежего пробоя Donchian на последней закрытой свече,,rejected,,
0.01915000000000002,no_fresh_breakout,35,DOT-USDT-SWAP,1.522,нет свежего пробоя Donchian на последней закрытой свече,,rejected,,
0.019000000000000038,no_fresh_breakout,35,ETC-USDT-SWAP,8.25,нет свежего пробоя Donchian на последней закрытой свече,,rejected,,
22.60749999999998,no_fresh_breakout,35,ETH-USDT-SWAP,2133.0,нет свежего пробоя Donchian на последней закрытой свече,,rejected,,
0.0004500000000000004,no_fresh_breakout,35,FIL-USDT-SWAP,0.886,нет свежего пробоя Donchian на последней закрытой свече,,rejected,,
0.01584999999999994,no_fresh_breakout,35,ICP-USDT-SWAP,2.483,нет свежего пробоя Donchian на последней закрытой свече,,rejected,,
0.00022999999999999686,no_fresh_breakout,35,JUP-USDT-SWAP,0.1586,нет свежего пробоя Donchian на последней закрытой свече,,rejected,,
0.0,закрытие_не_удержалось_выше_канала,35,KSM-USDT-SWAP,0.0,закрытие не удержалось выше канала,long,rejected,Turtle 20,
0.0544999999999999,no_fresh_breakout,35,LINK-USDT-SWAP,8.988,нет свежего пробоя Donchian на последней закрытой свече,,rejected,,
0.0,закрытие_не_удержалось_выше_канала,35,LIT-USDT-SWAP,0.0,закрытие не удержалось выше канала,long,rejected,Turtle 55,
0.0,закрытие_не_удержалось_выше_канала,35,LIT-USDT-SWAP,0.0,закрытие не удержалось выше канала,long,rejected,Turtle 20,
0.002299999999999991,no_fresh_breakout,35,LPT-USDT-SWAP,2.209,нет свежего пробоя Donchian на последней закрытой свече,,rejected,,
0.0003049999999999997,no_fresh_breakout,35,LQTY-USDT-SWAP,0.2782,нет свежего пробоя Donchian на последней закрытой свече,,rejected,,
0.004765,no_fresh_breakout,35,MAGIC-USDT-SWAP,0.06213,нет свежего пробоя Donchian на последней закрытой свече,,rejected,,
5.9999999999998944e-05,no_fresh_breakout,35,MET-USDT-SWAP,0.1541,нет свежего пробоя Donchian на последней закрытой свече,,rejected,,
0.00011150000000000049,no_fresh_breakout,35,OP-USDT-SWAP,0.12015,нет свежего пробоя Donchian на последней закрытой свече,,rejected,,
0.0,закрытие_не_удержалось_выше_канала,35,PEPE-USDT-SWAP,0.0,закрытие не удержалось выше канала,long,rejected,Turtle 20,
0.0,atr_warmup:_цена_или_atr_недоступны_после_прогрева,35,SKY-USDT-SWAP,0.0,ATR warmup: цена или ATR недоступны после прогрева,,rejected,,
0.5859999999999992,no_fresh_breakout,35,SOL-USDT-SWAP,88.14,нет свежего пробоя Donchian на последней закрытой свече,,rejected,,
0.011450000000000002,no_fresh_breakout,35,SUSHI-USDT-SWAP,0.261,нет свежего пробоя Donchian на последней закрытой свече,,rejected,,
0.0003300000000000025,no_fresh_breakout,35,SYRUP-USDT-SWAP,0.2397,нет свежего пробоя Donchian на последней закрытой свече,,rejected,,
0.008200000000000018,no_fresh_breakout,35,TON-USDT-SWAP,1.234,нет свежего пробоя Donchian на последней закрытой свече,,rejected,,
0.00032000000000000084,no_fresh_breakout,35,TRX-USDT-SWAP,0.3004,нет свежего пробоя Donchian на последней закрытой свече,,rejected,,
0.47199999999999137,no_fresh_breakout,35,TSLA-USDT-SWAP,381.24,нет свежего пробоя Donchian на последней закрытой свече,,rejected,,
0.004895000000000005,no_fresh_breakout,35,USDC-USDT-SWAP,1.0039,нет свежего пробоя Donchian на последней закрытой свече,,rejected,,
95.34,no_fresh_breakout,35,XAU-USDT-SWAP,4648.7,нет свежего пробоя Donchian на последней закрытой свече,,rejected,,
0.0022245000000000016,no_fresh_breakout,35,XLM-USDT-SWAP,0.16501,нет свежего пробоя Donchian на последней закрытой свече,,rejected,,
0.009675000000000012,no_fresh_breakout,35,XRP-USDT-SWAP,1.4468,нет свежего пробоя Donchian на последней закрытой свече,,rejected,,
0.0002149999999999999,no_fresh_breakout,35,YB-USDT-SWAP,0.1223,нет свежего пробоя Donchian на последней закрытой свече,,rejected,,
14.599999999999955,no_fresh_breakout,35,YFI-USDT-SWAP,2711.2,нет свежего пробоя Donchian на последней закрытой свече,,rejected,,
0.00042500000000000144,no_fresh_breakout,35,YGG-USDT-SWAP,0.0396,нет свежего пробоя Donchian на последней закрытой свече,,rejected,,
5.49999999999988e-05,no_fresh_breakout,36,1INCH-USDT-SWAP,0.095,нет свежего пробоя Donchian на последней закрытой свече,,rejected,,
0.0013450000000000003,no_fresh_breakout,36,2Z-USDT-SWAP,0.0782,нет свежего пробоя Donchian на последней закрытой свече,,rejected,,
0.23599999999999993,no_fresh_breakout,36,AAVE-USDT-SWAP,111.75,нет свежего пробоя Donchian на последней закрытой свече,,rejected,,
1.4000000000000037e-05,no_fresh_breakout,36,ACT-USDT-SWAP,0.01345,нет свежего пробоя Donchian на последней закрытой свече,,rejected,,
0.0012300000000000006,no_fresh_breakout,36,ADA-USDT-SWAP,0.2652,нет свежего пробоя Donchian на последней закрытой свече,,rejected,,
0.0009149999999999977,no_fresh_breakout,36,ARB-USDT-SWAP,0.0987,нет свежего пробоя Donchian на последней закрытой свече,,rejected,,
0.014140000000000019,no_fresh_breakout,36,ASTER-USDT-SWAP,0.6904,нет свежего пробоя Donchian на последней закрытой свече,,rejected,,
0.06964999999999995,no_fresh_breakout,36,AUCTION-USDT-SWAP,5.001,нет свежего пробоя Donchian на последней закрытой свече,,rejected,,
0.010905000000000031,no_fresh_breakout,36,AXS-USDT-SWAP,1.1917,нет свежего пробоя Donchian на последней закрытой свече,,rejected,,
0.00028000000000000106,no_fresh_breakout,36,BAND-USDT-SWAP,0.2254,нет свежего пробоя Donchian на последней закрытой свече,,rejected,,
0.9349999999999966,no_fresh_breakout,36,BCH-USDT-SWAP,455.3,нет свежего пробоя Donchian на последней закрытой свече,,rejected,,
1.9e-06,no_fresh_breakout,36,BOME-USDT-SWAP,0.000414,нет свежего пробоя Donchian на последней закрытой свече,,rejected,,
273.03499999999985,no_fresh_breakout,36,BTC-USDT-SWAP,69812.6,нет свежего пробоя Donchian на последней закрытой свече,,rejected,,
0.0005009999999999997,no_fresh_breakout,36,CFX-USDT-SWAP,0.06109,нет свежего пробоя Donchian на последней закрытой свече,,rejected,,
0.0,закрытие_не_удержалось_выше_канала,36,COMP-USDT-SWAP,0.0,закрытие не удержалось выше канала,long,rejected,Turtle 55,
0.0,закрытие_не_удержалось_выше_канала,36,COMP-USDT-SWAP,0.0,закрытие не удержалось выше канала,long,rejected,Turtle 20,
0.0024049999999999987,no_fresh_breakout,36,CRV-USDT-SWAP,0.2336,нет свежего пробоя Donchian на последней закрытой свече,,rejected,,
0.000677500000000001,no_fresh_breakout,36,DOGE-USDT-SWAP,0.0931,нет свежего пробоя Donchian на последней закрытой свече,,rejected,,
0.01915000000000002,no_fresh_breakout,36,DOT-USDT-SWAP,1.522,нет свежего пробоя Donchian на последней закрытой свече,,rejected,,
0.019000000000000038,no_fresh_breakout,36,ETC-USDT-SWAP,8.25,нет свежего пробоя Donchian на последней закрытой свече,,rejected,,
22.60749999999998,no_fresh_breakout,36,ETH-USDT-SWAP,2133.0,нет свежего пробоя Donchian на последней закрытой свече,,rejected,,
0.0004500000000000004,no_fresh_breakout,36,FIL-USDT-SWAP,0.886,нет свежего пробоя Donchian на последней закрытой свече,,rejected,,
0.01584999999999994,no_fresh_breakout,36,ICP-USDT-SWAP,2.483,нет свежего пробоя Donchian на последней закрытой свече,,rejected,,
0.00022999999999999686,no_fresh_breakout,36,JUP-USDT-SWAP,0.1586,нет свежего пробоя Donchian на последней закрытой свече,,rejected,,
0.0,закрытие_не_удержалось_выше_канала,36,KSM-USDT-SWAP,0.0,закрытие не удержалось выше канала,long,rejected,Turtle 20,
0.0544999999999999,no_fresh_breakout,36,LINK-USDT-SWAP,8.988,нет свежего пробоя Donchian на последней закрытой свече,,rejected,,
0.0,закрытие_не_удержалось_выше_канала,36,LIT-USDT-SWAP,0.0,закрытие не удержалось выше канала,long,rejected,Turtle 55,
0.0,закрытие_не_удержалось_выше_канала,36,LIT-USDT-SWAP,0.0,закрытие не удержалось выше канала,long,rejected,Turtle 20,
0.002299999999999991,no_fresh_breakout,36,LPT-USDT-SWAP,2.209,нет свежего пробоя Donchian на последней закрытой свече,,rejected,,
0.0003049999999999997,no_fresh_breakout,36,LQTY-USDT-SWAP,0.2782,нет свежего пробоя Donchian на последней закрытой свече,,rejected,,
0.004765,no_fresh_breakout,36,MAGIC-USDT-SWAP,0.06213,нет свежего пробоя Donchian на последней закрытой свече,,rejected,,
5.9999999999998944e-05,no_fresh_breakout,36,MET-USDT-SWAP,0.1541,нет свежего пробоя Donchian на последней закрытой свече,,rejected,,
0.00011150000000000049,no_fresh_breakout,36,OP-USDT-SWAP,0.12015,нет свежего пробоя Donchian на последней закрытой свече,,rejected,,
0.0,закрытие_не_удержалось_выше_канала,36,PEPE-USDT-SWAP,0.0,закрытие не удержалось выше канала,long,rejected,Turtle 20,
0.0,atr_warmup:_цена_или_atr_недоступны_после_прогрева,36,SKY-USDT-SWAP,0.0,ATR warmup: цена или ATR недоступны после прогрева,,rejected,,
0.5859999999999992,no_fresh_breakout,36,SOL-USDT-SWAP,88.14,нет свежего пробоя Donchian на последней закрытой свече,,rejected,,
0.011450000000000002,no_fresh_breakout,36,SUSHI-USDT-SWAP,0.261,нет свежего пробоя Donchian на последней закрытой свече,,rejected,,
0.0003300000000000025,no_fresh_breakout,36,SYRUP-USDT-SWAP,0.2397,нет свежего пробоя Donchian на последней закрытой свече,,rejected,,
0.008200000000000018,no_fresh_breakout,36,TON-USDT-SWAP,1.234,нет свежего пробоя Donchian на последней закрытой свече,,rejected,,
0.00032000000000000084,no_fresh_breakout,36,TRX-USDT-SWAP,0.3004,нет свежего пробоя Donchian на последней закрытой свече,,rejected,,
0.47199999999999137,no_fresh_breakout,36,TSLA-USDT-SWAP,381.24,нет свежего пробоя Donchian на последней закрытой свече,,rejected,,
0.004895000000000005,no_fresh_breakout,36,USDC-USDT-SWAP,1.0039,нет свежего пробоя Donchian на последней закрытой свече,,rejected,,
95.34,no_fresh_breakout,36,XAU-USDT-SWAP,4648.7,нет свежего пробоя Donchian на последней закрытой свече,,rejected,,
0.0022245000000000016,no_fresh_breakout,36,XLM-USDT-SWAP,0.16501,нет свежего пробоя Donchian на последней закрытой свече,,rejected,,
0.009675000000000012,no_fresh_breakout,36,XRP-USDT-SWAP,1.4468,нет свежего пробоя Donchian на последней закрытой свече,,rejected,,
0.0002149999999999999,no_fresh_breakout,36,YB-USDT-SWAP,0.1223,нет свежего пробоя Donchian на последней закрытой свече,,rejected,,
14.599999999999955,no_fresh_breakout,36,YFI-USDT-SWAP,2711.2,нет свежего пробоя Donchian на последней закрытой свече,,rejected,,
0.00042500000000000144,no_fresh_breakout,36,YGG-USDT-SWAP,0.0396,нет свежего пробоя Donchian на последней закрытой свече,,rejected,,
5.49999999999988e-05,no_fresh_breakout,37,1INCH-USDT-SWAP,0.095,нет свежего пробоя Donchian на последней закрытой свече,,rejected,,
0.0013450000000000003,no_fresh_breakout,37,2Z-USDT-SWAP,0.0782,нет свежего пробоя Donchian на последней закрытой свече,,rejected,,
0.23599999999999993,no_fresh_breakout,37,AAVE-USDT-SWAP,111.75,нет свежего пробоя Donchian на последней закрытой свече,,rejected,,
1.4000000000000037e-05,no_fresh_breakout,37,ACT-USDT-SWAP,0.01345,нет свежего пробоя Donchian на последней закрытой свече,,rejected,,
0.0012300000000000006,no_fresh_breakout,37,ADA-USDT-SWAP,0.2652,нет свежего пробоя Donchian на последней закрытой свече,,rejected,,
0.0009149999999999977,no_fresh_breakout,37,ARB-USDT-SWAP,0.0987,нет свежего пробоя Donchian на последней закрытой свече,,rejected,,
0.014140000000000019,no_fresh_breakout,37,ASTER-USDT-SWAP,0.6904,нет свежего пробоя Donchian на последней закрытой свече,,rejected,,
0.06964999999999995,no_fresh_breakout,37,AUCTION-USDT-SWAP,5.001,нет свежего пробоя Donchian на последней закрытой свече,,rejected,,
0.010905000000000031,no_fresh_breakout,37,AXS-USDT-SWAP,1.1917,нет свежего пробоя Donchian на последней закрытой свече,,rejected,,
0.00028000000000000106,no_fresh_breakout,37,BAND-USDT-SWAP,0.2254,нет свежего пробоя Donchian на последней закрытой свече,,rejected,,
0.9349999999999966,no_fresh_breakout,37,BCH-USDT-SWAP,455.3,нет свежего пробоя Donchian на последней закрытой свече,,rejected,,
1.9e-06,no_fresh_breakout,37,BOME-USDT-SWAP,0.000414,нет свежего пробоя Donchian на последней закрытой свече,,rejected,,
273.03499999999985,no_fresh_breakout,37,BTC-USDT-SWAP,69812.6,нет свежего пробоя Donchian на последней закрытой свече,,rejected,,
0.0005009999999999997,no_fresh_breakout,37,CFX-USDT-SWAP,0.06109,нет свежего пробоя Donchian на последней закрытой свече,,rejected,,
0.0,закрытие_не_удержалось_выше_канала,37,COMP-USDT-SWAP,0.0,закрытие не удержалось выше канала,long,rejected,Turtle 55,
0.0,закрытие_не_удержалось_выше_канала,37,COMP-USDT-SWAP,0.0,закрытие не удержалось выше канала,long,rejected,Turtle 20,
0.0024049999999999987,no_fresh_breakout,37,CRV-USDT-SWAP,0.2336,нет свежего пробоя Donchian на последней закрытой свече,,rejected,,
0.000677500000000001,no_fresh_breakout,37,DOGE-USDT-SWAP,0.0931,нет свежего пробоя Donchian на последней закрытой свече,,rejected,,
0.01915000000000002,no_fresh_breakout,37,DOT-USDT-SWAP,1.522,нет свежего пробоя Donchian на последней закрытой свече,,rejected,,
0.019000000000000038,no_fresh_breakout,37,ETC-USDT-SWAP,8.25,нет свежего пробоя Donchian на последней закрытой свече,,rejected,,
22.60749999999998,no_fresh_breakout,37,ETH-USDT-SWAP,2133.0,нет свежего пробоя Donchian на последней закрытой свече,,rejected,,
0.0004500000000000004,no_fresh_breakout,37,FIL-USDT-SWAP,0.886,нет свежего пробоя Donchian на последней закрытой свече,,rejected,,
0.01584999999999994,no_fresh_breakout,37,ICP-USDT-SWAP,2.483,нет свежего пробоя Donchian на последней закрытой свече,,rejected,,
0.00022999999999999686,no_fresh_breakout,37,JUP-USDT-SWAP,0.1586,нет свежего пробоя Donchian на последней закрытой свече,,rejected,,
0.0,закрытие_не_удержалось_выше_канала,37,KSM-USDT-SWAP,0.0,закрытие не удержалось выше канала,long,rejected,Turtle 20,
0.0544999999999999,no_fresh_breakout,37,LINK-USDT-SWAP,8.988,нет свежего пробоя Donchian на последней закрытой свече,,rejected,,
0.0,закрытие_не_удержалось_выше_канала,37,LIT-USDT-SWAP,0.0,закрытие не удержалось выше канала,long,rejected,Turtle 55,
0.0,закрытие_не_удержалось_выше_канала,37,LIT-USDT-SWAP,0.0,закрытие не удержалось выше канала,long,rejected,Turtle 20,
0.002299999999999991,no_fresh_breakout,37,LPT-USDT-SWAP,2.209,нет свежего пробоя Donchian на последней закрытой свече,,rejected,,
0.0003049999999999997,no_fresh_breakout,37,LQTY-USDT-SWAP,0.2782,нет свежего пробоя Donchian на последней закрытой свече,,rejected,,
0.004765,no_fresh_breakout,37,MAGIC-USDT-SWAP,0.06213,нет свежего пробоя Donchian на последней закрытой свече,,rejected,,
5.9999999999998944e-05,no_fresh_breakout,37,MET-USDT-SWAP,0.1541,нет свежего пробоя Donchian на последней закрытой свече,,rejected,,
0.00011150000000000049,no_fresh_breakout,37,OP-USDT-SWAP,0.12015,нет свежего пробоя Donchian на последней закрытой свече,,rejected,,
0.0,закрытие_не_удержалось_выше_канала,37,PEPE-USDT-SWAP,0.0,закрытие не удержалось выше канала,long,rejected,Turtle 20,
0.0,atr_warmup:_цена_или_atr_недоступны_после_прогрева,37,SKY-USDT-SWAP,0.0,ATR warmup: цена или ATR недоступны после прогрева,,rejected,,
0.5859999999999992,no_fresh_breakout,37,SOL-USDT-SWAP,88.14,нет свежего пробоя Donchian на последней закрытой свече,,rejected,,
0.011450000000000002,no_fresh_breakout,37,SUSHI-USDT-SWAP,0.261,нет свежего пробоя Donchian на последней закрытой свече,,rejected,,
0.0003300000000000025,no_fresh_breakout,37,SYRUP-USDT-SWAP,0.2397,нет свежего пробоя Donchian на последней закрытой свече,,rejected,,
0.008200000000000018,no_fresh_breakout,37,TON-USDT-SWAP,1.234,нет свежего пробоя Donchian на последней закрытой свече,,rejected,,
0.00032000000000000084,no_fresh_breakout,37,TRX-USDT-SWAP,0.3004,нет свежего пробоя Donchian на последней закрытой свече,,rejected,,
0.47199999999999137,no_fresh_breakout,37,TSLA-USDT-SWAP,381.24,нет свежего пробоя Donchian на последней закрытой свече,,rejected,,
0.004895000000000005,no_fresh_breakout,37,USDC-USDT-SWAP,1.0039,нет свежего пробоя Donchian на последней закрытой свече,,rejected,,
95.34,no_fresh_breakout,37,XAU-USDT-SWAP,4648.7,нет свежего пробоя Donchian на последней закрытой свече,,rejected,,
0.0022245000000000016,no_fresh_breakout,37,XLM-USDT-SWAP,0.16501,нет свежего пробоя Donchian на последней закрытой свече,,rejected,,
0.009675000000000012,no_fresh_breakout,37,XRP-USDT-SWAP,1.4468,нет свежего пробоя Donchian на последней закрытой свече,,rejected,,
0.0002149999999999999,no_fresh_breakout,37,YB-USDT-SWAP,0.1223,нет свежего пробоя Donchian на последней закрытой свече,,rejected,,
14.599999999999955,no_fresh_breakout,37,YFI-USDT-SWAP,2711.2,нет свежего пробоя Donchian на последней закрытой свече,,rejected,,
0.00042500000000000144,no_fresh_breakout,37,YGG-USDT-SWAP,0.0396,нет свежего пробоя Donchian на последней закрытой свече,,rejected,,
5.49999999999988e-05,no_fresh_breakout,38,1INCH-USDT-SWAP,0.095,нет свежего пробоя Donchian на последней закрытой свече,,rejected,,
0.0013450000000000003,no_fresh_breakout,38,2Z-USDT-SWAP,0.0782,нет свежего пробоя Donchian на последней закрытой свече,,rejected,,
0.23599999999999993,no_fresh_breakout,38,AAVE-USDT-SWAP,111.75,нет свежего пробоя Donchian на последней закрытой свече,,rejected,,
1.4000000000000037e-05,no_fresh_breakout,38,ACT-USDT-SWAP,0.01345,нет свежего пробоя Donchian на последней закрытой свече,,rejected,,
0.0012300000000000006,no_fresh_breakout,38,ADA-USDT-SWAP,0.2652,нет свежего пробоя Donchian на последней закрытой свече,,rejected,,
0.0009149999999999977,no_fresh_breakout,38,ARB-USDT-SWAP,0.0987,нет свежего пробоя Donchian на последней закрытой свече,,rejected,,
0.014140000000000019,no_fresh_breakout,38,ASTER-USDT-SWAP,0.6904,нет свежего пробоя Donchian на последней закрытой свече,,rejected,,
0.06964999999999995,no_fresh_breakout,38,AUCTION-USDT-SWAP,5.001,нет свежего пробоя Donchian на последней закрытой свече,,rejected,,
0.010905000000000031,no_fresh_breakout,38,AXS-USDT-SWAP,1.1917,нет свежего пробоя Donchian на последней закрытой свече,,rejected,,
0.00028000000000000106,no_fresh_breakout,38,BAND-USDT-SWAP,0.2254,нет свежего пробоя Donchian на последней закрытой свече,,rejected,,
0.9349999999999966,no_fresh_breakout,38,BCH-USDT-SWAP,455.3,нет свежего пробоя Donchian на последней закрытой свече,,rejected,,
1.9e-06,no_fresh_breakout,38,BOME-USDT-SWAP,0.000414,нет свежего пробоя Donchian на последней закрытой свече,,rejected,,
273.03499999999985,no_fresh_breakout,38,BTC-USDT-SWAP,69812.6,нет свежего пробоя Donchian на последней закрытой свече,,rejected,,
0.0005009999999999997,no_fresh_breakout,38,CFX-USDT-SWAP,0.06109,нет свежего пробоя Donchian на последней закрытой свече,,rejected,,
0.0,закрытие_не_удержалось_выше_канала,38,COMP-USDT-SWAP,0.0,закрытие не удержалось выше канала,long,rejected,Turtle 55,
0.0,закрытие_не_удержалось_выше_канала,38,COMP-USDT-SWAP,0.0,закрытие не удержалось выше канала,long,rejected,Turtle 20,
0.0024049999999999987,no_fresh_breakout,38,CRV-USDT-SWAP,0.2336,нет свежего пробоя Donchian на последней закрытой свече,,rejected,,
0.000677500000000001,no_fresh_breakout,38,DOGE-USDT-SWAP,0.0931,нет свежего пробоя Donchian на последней закрытой свече,,rejected,,
0.01915000000000002,no_fresh_breakout,38,DOT-USDT-SWAP,1.522,нет свежего пробоя Donchian на последней закрытой свече,,rejected,,
0.019000000000000038,no_fresh_breakout,38,ETC-USDT-SWAP,8.25,нет свежего пробоя Donchian на последней закрытой свече,,rejected,,
22.60749999999998,no_fresh_breakout,38,ETH-USDT-SWAP,2133.0,нет свежего пробоя Donchian на последней закрытой свече,,rejected,,
0.0004500000000000004,no_fresh_breakout,38,FIL-USDT-SWAP,0.886,нет свежего пробоя Donchian на последней закрытой свече,,rejected,,
0.01584999999999994,no_fresh_breakout,38,ICP-USDT-SWAP,2.483,нет свежего пробоя Donchian на последней закрытой свече,,rejected,,
0.00022999999999999686,no_fresh_breakout,38,JUP-USDT-SWAP,0.1586,нет свежего пробоя Donchian на последней закрытой свече,,rejected,,
0.0,закрытие_не_удержалось_выше_канала,38,KSM-USDT-SWAP,0.0,закрытие не удержалось выше канала,long,rejected,Turtle 20,
0.0544999999999999,no_fresh_breakout,38,LINK-USDT-SWAP,8.988,нет свежего пробоя Donchian на последней закрытой свече,,rejected,,
0.0,закрытие_не_удержалось_выше_канала,38,LIT-USDT-SWAP,0.0,закрытие не удержалось выше канала,long,rejected,Turtle 55,
0.0,закрытие_не_удержалось_выше_канала,38,LIT-USDT-SWAP,0.0,закрытие не удержалось выше канала,long,rejected,Turtle 20,
0.002299999999999991,no_fresh_breakout,38,LPT-USDT-SWAP,2.209,нет свежего пробоя Donchian на последней закрытой свече,,rejected,,
0.0003049999999999997,no_fresh_breakout,38,LQTY-USDT-SWAP,0.2782,нет свежего пробоя Donchian на последней закрытой свече,,rejected,,
0.004765,no_fresh_breakout,38,MAGIC-USDT-SWAP,0.06213,нет свежего пробоя Donchian на последней закрытой свече,,rejected,,
5.9999999999998944e-05,no_fresh_breakout,38,MET-USDT-SWAP,0.1541,нет свежего пробоя Donchian на последней закрытой свече,,rejected,,
0.00011150000000000049,no_fresh_breakout,38,OP-USDT-SWAP,0.12015,нет свежего пробоя Donchian на последней закрытой свече,,rejected,,
0.0,закрытие_не_удержалось_выше_канала,38,PEPE-USDT-SWAP,0.0,закрытие не удержалось выше канала,long,rejected,Turtle 20,
0.0,atr_warmup:_цена_или_atr_недоступны_после_прогрева,38,SKY-USDT-SWAP,0.0,ATR warmup: цена или ATR недоступны после прогрева,,rejected,,
0.5859999999999992,no_fresh_breakout,38,SOL-USDT-SWAP,88.14,нет свежего пробоя Donchian на последней закрытой свече,,rejected,,
0.011450000000000002,no_fresh_breakout,38,SUSHI-USDT-SWAP,0.261,нет свежего пробоя Donchian на последней закрытой свече,,rejected,,
0.0003300000000000025,no_fresh_breakout,38,SYRUP-USDT-SWAP,0.2397,нет свежего пробоя Donchian на последней закрытой свече,,rejected,,
0.008200000000000018,no_fresh_breakout,38,TON-USDT-SWAP,1.234,нет свежего пробоя Donchian на последней закрытой свече,,rejected,,
0.00032000000000000084,no_fresh_breakout,38,TRX-USDT-SWAP,0.3004,нет свежего пробоя Donchian на последней закрытой свече,,rejected,,
0.47199999999999137,no_fresh_breakout,38,TSLA-USDT-SWAP,381.24,нет свежего пробоя Donchian на последней закрытой свече,,rejected,,
0.004895000000000005,no_fresh_breakout,38,USDC-USDT-SWAP,1.0039,нет свежего пробоя Donchian на последней закрытой свече,,rejected,,
95.34,no_fresh_breakout,38,XAU-USDT-SWAP,4648.7,нет свежего пробоя Donchian на последней закрытой свече,,rejected,,
0.0022245000000000016,no_fresh_breakout,38,XLM-USDT-SWAP,0.16501,нет свежего пробоя Donchian на последней закрытой свече,,rejected,,
0.009675000000000012,no_fresh_breakout,38,XRP-USDT-SWAP,1.4468,нет свежего пробоя Donchian на последней закрытой свече,,rejected,,
0.0002149999999999999,no_fresh_breakout,38,YB-USDT-SWAP,0.1223,нет свежего пробоя Donchian на последней закрытой свече,,rejected,,
14.599999999999955,no_fresh_breakout,38,YFI-USDT-SWAP,2711.2,нет свежего пробоя Donchian на последней закрытой свече,,rejected,,
0.00042500000000000144,no_fresh_breakout,38,YGG-USDT-SWAP,0.0396,нет свежего пробоя Donchian на последней закрытой свече,,rejected,,
5.49999999999988e-05,no_fresh_breakout,39,1INCH-USDT-SWAP,0.095,нет свежего пробоя Donchian на последней закрытой свече,,rejected,,
0.0013450000000000003,no_fresh_breakout,39,2Z-USDT-SWAP,0.0782,нет свежего пробоя Donchian на последней закрытой свече,,rejected,,
0.23599999999999993,no_fresh_breakout,39,AAVE-USDT-SWAP,111.75,нет свежего пробоя Donchian на последней закрытой свече,,rejected,,
1.4000000000000037e-05,no_fresh_breakout,39,ACT-USDT-SWAP,0.01345,нет свежего пробоя Donchian на последней закрытой свече,,rejected,,
0.0012300000000000006,no_fresh_breakout,39,ADA-USDT-SWAP,0.2652,нет свежего пробоя Donchian на последней закрытой свече,,rejected,,
0.0009149999999999977,no_fresh_breakout,39,ARB-USDT-SWAP,0.0987,нет свежего пробоя Donchian на последней закрытой свече,,rejected,,
0.014140000000000019,no_fresh_breakout,39,ASTER-USDT-SWAP,0.6904,нет свежего пробоя Donchian на последней закрытой свече,,rejected,,
0.06964999999999995,no_fresh_breakout,39,AUCTION-USDT-SWAP,5.001,нет свежего пробоя Donchian на последней закрытой свече,,rejected,,
0.010905000000000031,no_fresh_breakout,39,AXS-USDT-SWAP,1.1917,нет свежего пробоя Donchian на последней закрытой свече,,rejected,,
0.00028000000000000106,no_fresh_breakout,39,BAND-USDT-SWAP,0.2254,нет свежего пробоя Donchian на последней закрытой свече,,rejected,,
0.9349999999999966,no_fresh_breakout,39,BCH-USDT-SWAP,455.3,нет свежего пробоя Donchian на последней закрытой свече,,rejected,,
1.9e-06,no_fresh_breakout,39,BOME-USDT-SWAP,0.000414,нет свежего пробоя Donchian на последней закрытой свече,,rejected,,
273.03499999999985,no_fresh_breakout,39,BTC-USDT-SWAP,69812.6,нет свежего пробоя Donchian на последней закрытой свече,,rejected,,
0.0005009999999999997,no_fresh_breakout,39,CFX-USDT-SWAP,0.06109,нет свежего пробоя Donchian на последней закрытой свече,,rejected,,
0.0,закрытие_не_удержалось_выше_канала,39,COMP-USDT-SWAP,0.0,закрытие не удержалось выше канала,long,rejected,Turtle 55,
0.0,закрытие_не_удержалось_выше_канала,39,COMP-USDT-SWAP,0.0,закрытие не удержалось выше канала,long,rejected,Turtle 20,
0.0024049999999999987,no_fresh_breakout,39,CRV-USDT-SWAP,0.2336,нет свежего пробоя Donchian на последней закрытой свече,,rejected,,
0.000677500000000001,no_fresh_breakout,39,DOGE-USDT-SWAP,0.0931,нет свежего пробоя Donchian на последней закрытой свече,,rejected,,
0.01915000000000002,no_fresh_breakout,39,DOT-USDT-SWAP,1.522,нет свежего пробоя Donchian на последней закрытой свече,,rejected,,
0.019000000000000038,no_fresh_breakout,39,ETC-USDT-SWAP,8.25,нет свежего пробоя Donchian на последней закрытой свече,,rejected,,
22.60749999999998,no_fresh_breakout,39,ETH-USDT-SWAP,2133.0,нет свежего пробоя Donchian на последней закрытой свече,,rejected,,
0.0004500000000000004,no_fresh_breakout,39,FIL-USDT-SWAP,0.886,нет свежего пробоя Donchian на последней закрытой свече,,rejected,,
0.01584999999999994,no_fresh_breakout,39,ICP-USDT-SWAP,2.483,нет свежего пробоя Donchian на последней закрытой свече,,rejected,,
0.00022999999999999686,no_fresh_breakout,39,JUP-USDT-SWAP,0.1586,нет свежего пробоя Donchian на последней закрытой свече,,rejected,,
0.0,закрытие_не_удержалось_выше_канала,39,KSM-USDT-SWAP,0.0,закрытие не удержалось выше канала,long,rejected,Turtle 20,
0.0544999999999999,no_fresh_breakout,39,LINK-USDT-SWAP,8.988,нет свежего пробоя Donchian на последней закрытой свече,,rejected,,
0.0,закрытие_не_удержалось_выше_канала,39,LIT-USDT-SWAP,0.0,закрытие не удержалось выше канала,long,rejected,Turtle 55,
0.0,закрытие_не_удержалось_выше_канала,39,LIT-USDT-SWAP,0.0,закрытие не удержалось выше канала,long,rejected,Turtle 20,
0.002299999999999991,no_fresh_breakout,39,LPT-USDT-SWAP,2.209,нет свежего пробоя Donchian на последней закрытой свече,,rejected,,
0.0003049999999999997,no_fresh_breakout,39,LQTY-USDT-SWAP,0.2782,нет свежего пробоя Donchian на последней закрытой свече,,rejected,,
0.004765,no_fresh_breakout,39,MAGIC-USDT-SWAP,0.06213,нет свежего пробоя Donchian на последней закрытой свече,,rejected,,
5.9999999999998944e-05,no_fresh_breakout,39,MET-USDT-SWAP,0.1541,нет свежего пробоя Donchian на последней закрытой свече,,rejected,,
0.00011150000000000049,no_fresh_breakout,39,OP-USDT-SWAP,0.12015,нет свежего пробоя Donchian на последней закрытой свече,,rejected,,
0.0,закрытие_не_удержалось_выше_канала,39,PEPE-USDT-SWAP,0.0,закрытие не удержалось выше канала,long,rejected,Turtle 20,
0.0,atr_warmup:_цена_или_atr_недоступны_после_прогрева,39,SKY-USDT-SWAP,0.0,ATR warmup: цена или ATR недоступны после прогрева,,rejected,,
0.5859999999999992,no_fresh_breakout,39,SOL-USDT-SWAP,88.14,нет свежего пробоя Donchian на последней закрытой свече,,rejected,,
0.011450000000000002,no_fresh_breakout,39,SUSHI-USDT-SWAP,0.261,нет свежего пробоя Donchian на последней закрытой свече,,rejected,,
0.0003300000000000025,no_fresh_breakout,39,SYRUP-USDT-SWAP,0.2397,нет свежего пробоя Donchian на последней закрытой свече,,rejected,,
0.008200000000000018,no_fresh_breakout,39,TON-USDT-SWAP,1.234,нет свежего пробоя Donchian на последней закрытой свече,,rejected,,
0.00032000000000000084,no_fresh_breakout,39,TRX-USDT-SWAP,0.3004,нет свежего пробоя Donchian на последней закрытой свече,,rejected,,
0.47199999999999137,no_fresh_breakout,39,TSLA-USDT-SWAP,381.24,нет свежего пробоя Donchian на последней закрытой свече,,rejected,,
0.004895000000000005,no_fresh_breakout,39,USDC-USDT-SWAP,1.0039,нет свежего пробоя Donchian на последней закрытой свече,,rejected,,
95.34,no_fresh_breakout,39,XAU-USDT-SWAP,4648.7,нет свежего пробоя Donchian на последней закрытой свече,,rejected,,
0.0022245000000000016,no_fresh_breakout,39,XLM-USDT-SWAP,0.16501,нет свежего пробоя Donchian на последней закрытой свече,,rejected,,
0.009675000000000012,no_fresh_breakout,39,XRP-USDT-SWAP,1.4468,нет свежего пробоя Donchian на последней закрытой свече,,rejected,,
0.0002149999999999999,no_fresh_breakout,39,YB-USDT-SWAP,0.1223,нет свежего пробоя Donchian на последней закрытой свече,,rejected,,
14.599999999999955,no_fresh_breakout,39,YFI-USDT-SWAP,2711.2,нет свежего пробоя Donchian на последней закрытой свече,,rejected,,
0.00042500000000000144,no_fresh_breakout,39,YGG-USDT-SWAP,0.0396,нет свежего пробоя Donchian на последней закрытой свече,,rejected,,
5.49999999999988e-05,no_fresh_breakout,40,1INCH-USDT-SWAP,0.095,нет свежего пробоя Donchian на последней закрытой свече,,rejected,,
0.0013450000000000003,no_fresh_breakout,40,2Z-USDT-SWAP,0.0782,нет свежего пробоя Donchian на последней закрытой свече,,rejected,,
0.23599999999999993,no_fresh_breakout,40,AAVE-USDT-SWAP,111.75,нет свежего пробоя Donchian на последней закрытой свече,,rejected,,
1.4000000000000037e-05,no_fresh_breakout,40,ACT-USDT-SWAP,0.01345,нет свежего пробоя Donchian на последней закрытой свече,,rejected,,
0.0012300000000000006,no_fresh_breakout,40,ADA-USDT-SWAP,0.2652,нет свежего пробоя Donchian на последней закрытой свече,,rejected,,
0.0009149999999999977,no_fresh_breakout,40,ARB-USDT-SWAP,0.0987,нет свежего пробоя Donchian на последней закрытой свече,,rejected,,
0.014140000000000019,no_fresh_breakout,40,ASTER-USDT-SWAP,0.6904,нет свежего пробоя Donchian на последней закрытой свече,,rejected,,
0.06964999999999995,no_fresh_breakout,40,AUCTION-USDT-SWAP,5.001,нет свежего пробоя Donchian на последней закрытой свече,,rejected,,
0.010905000000000031,no_fresh_breakout,40,AXS-USDT-SWAP,1.1917,нет свежего пробоя Donchian на последней закрытой свече,,rejected,,
0.00028000000000000106,no_fresh_breakout,40,BAND-USDT-SWAP,0.2254,нет свежего пробоя Donchian на последней закрытой свече,,rejected,,
0.9349999999999966,no_fresh_breakout,40,BCH-USDT-SWAP,455.3,нет свежего пробоя Donchian на последней закрытой свече,,rejected,,
1.9e-06,no_fresh_breakout,40,BOME-USDT-SWAP,0.000414,нет свежего пробоя Donchian на последней закрытой свече,,rejected,,
273.03499999999985,no_fresh_breakout,40,BTC-USDT-SWAP,69812.6,нет свежего пробоя Donchian на последней закрытой свече,,rejected,,
0.0005009999999999997,no_fresh_breakout,40,CFX-USDT-SWAP,0.06109,нет свежего пробоя Donchian на последней закрытой свече,,rejected,,
0.0,закрытие_не_удержалось_выше_канала,40,COMP-USDT-SWAP,0.0,закрытие не удержалось выше канала,long,rejected,Turtle 55,
0.0,закрытие_не_удержалось_выше_канала,40,COMP-USDT-SWAP,0.0,закрытие не удержалось выше канала,long,rejected,Turtle 20,
0.0024049999999999987,no_fresh_breakout,40,CRV-USDT-SWAP,0.2336,нет свежего пробоя Donchian на последней закрытой свече,,rejected,,
0.000677500000000001,no_fresh_breakout,40,DOGE-USDT-SWAP,0.0931,нет свежего пробоя Donchian на последней закрытой свече,,rejected,,
0.01915000000000002,no_fresh_breakout,40,DOT-USDT-SWAP,1.522,нет свежего пробоя Donchian на последней закрытой свече,,rejected,,
0.019000000000000038,no_fresh_breakout,40,ETC-USDT-SWAP,8.25,нет свежего пробоя Donchian на последней закрытой свече,,rejected,,
22.60749999999998,no_fresh_breakout,40,ETH-USDT-SWAP,2133.0,нет свежего пробоя Donchian на последней закрытой свече,,rejected,,
0.0004500000000000004,no_fresh_breakout,40,FIL-USDT-SWAP,0.886,нет свежего пробоя Donchian на последней закрытой свече,,rejected,,
0.01584999999999994,no_fresh_breakout,40,ICP-USDT-SWAP,2.483,нет свежего пробоя Donchian на последней закрытой свече,,rejected,,
0.00022999999999999686,no_fresh_breakout,40,JUP-USDT-SWAP,0.1586,нет свежего пробоя Donchian на последней закрытой свече,,rejected,,
0.0,закрытие_не_удержалось_выше_канала,40,KSM-USDT-SWAP,0.0,закрытие не удержалось выше канала,long,rejected,Turtle 20,
0.0544999999999999,no_fresh_breakout,40,LINK-USDT-SWAP,8.988,нет свежего пробоя Donchian на последней закрытой свече,,rejected,,
0.0,закрытие_не_удержалось_выше_канала,40,LIT-USDT-SWAP,0.0,закрытие не удержалось выше канала,long,rejected,Turtle 55,
0.0,закрытие_не_удержалось_выше_канала,40,LIT-USDT-SWAP,0.0,закрытие не удержалось выше канала,long,rejected,Turtle 20,
0.002299999999999991,no_fresh_breakout,40,LPT-USDT-SWAP,2.209,нет свежего пробоя Donchian на последней закрытой свече,,rejected,,
0.0003049999999999997,no_fresh_breakout,40,LQTY-USDT-SWAP,0.2782,нет свежего пробоя Donchian на последней закрытой свече,,rejected,,
0.004765,no_fresh_breakout,40,MAGIC-USDT-SWAP,0.06213,нет свежего пробоя Donchian на последней закрытой свече,,rejected,,
5.9999999999998944e-05,no_fresh_breakout,40,MET-USDT-SWAP,0.1541,нет свежего пробоя Donchian на последней закрытой свече,,rejected,,
0.00011150000000000049,no_fresh_breakout,40,OP-USDT-SWAP,0.12015,нет свежего пробоя Donchian на последней закрытой свече,,rejected,,
0.0,закрытие_не_удержалось_выше_канала,40,PEPE-USDT-SWAP,0.0,закрытие не удержалось выше канала,long,rejected,Turtle 20,
0.0,atr_warmup:_цена_или_atr_недоступны_после_прогрева,40,SKY-USDT-SWAP,0.0,ATR warmup: цена или ATR недоступны после прогрева,,rejected,,
0.5859999999999992,no_fresh_breakout,40,SOL-USDT-SWAP,88.14,нет свежего пробоя Donchian на последней закрытой свече,,rejected,,
0.011450000000000002,no_fresh_breakout,40,SUSHI-USDT-SWAP,0.261,нет свежего пробоя Donchian на последней закрытой свече,,rejected,,
0.0003300000000000025,no_fresh_breakout,40,SYRUP-USDT-SWAP,0.2397,нет свежего пробоя Donchian на последней закрытой свече,,rejected,,
0.008200000000000018,no_fresh_breakout,40,TON-USDT-SWAP,1.234,нет свежего пробоя Donchian на последней закрытой свече,,rejected,,
0.00032000000000000084,no_fresh_breakout,40,TRX-USDT-SWAP,0.3004,нет свежего пробоя Donchian на последней закрытой свече,,rejected,,
0.47199999999999137,no_fresh_breakout,40,TSLA-USDT-SWAP,381.24,нет свежего пробоя Donchian на последней закрытой свече,,rejected,,
0.004895000000000005,no_fresh_breakout,40,USDC-USDT-SWAP,1.0039,нет свежего пробоя Donchian на последней закрытой свече,,rejected,,
95.34,no_fresh_breakout,40,XAU-USDT-SWAP,4648.7,нет свежего пробоя Donchian на последней закрытой свече,,rejected,,
0.0022245000000000016,no_fresh_breakout,40,XLM-USDT-SWAP,0.16501,нет свежего пробоя Donchian на последней закрытой свече,,rejected,,
0.009675000000000012,no_fresh_breakout,40,XRP-USDT-SWAP,1.4468,нет свежего пробоя Donchian на последней закрытой свече,,rejected,,
0.0002149999999999999,no_fresh_breakout,40,YB-USDT-SWAP,0.1223,нет свежего пробоя Donchian на последней закрытой свече,,rejected,,
14.599999999999955,no_fresh_breakout,40,YFI-USDT-SWAP,2711.2,нет свежего пробоя Donchian на последней закрытой свече,,rejected,,
0.00042500000000000144,no_fresh_breakout,40,YGG-USDT-SWAP,0.0396,нет свежего пробоя Donchian на последней закрытой свече,,rejected,,
5.49999999999988e-05,no_fresh_breakout,41,1INCH-USDT-SWAP,0.095,нет свежего пробоя Donchian на последней закрытой свече,,rejected,,
0.0013450000000000003,no_fresh_breakout,41,2Z-USDT-SWAP,0.0782,нет свежего пробоя Donchian на последней закрытой свече,,rejected,,
0.23599999999999993,no_fresh_breakout,41,AAVE-USDT-SWAP,111.75,нет свежего пробоя Donchian на последней закрытой свече,,rejected,,
1.4000000000000037e-05,no_fresh_breakout,41,ACT-USDT-SWAP,0.01345,нет свежего пробоя Donchian на последней закрытой свече,,rejected,,
0.0012300000000000006,no_fresh_breakout,41,ADA-USDT-SWAP,0.2652,нет свежего пробоя Donchian на последней закрытой свече,,rejected,,
0.0009149999999999977,no_fresh_breakout,41,ARB-USDT-SWAP,0.0987,нет свежего пробоя Donchian на последней закрытой свече,,rejected,,
0.014140000000000019,no_fresh_breakout,41,ASTER-USDT-SWAP,0.6904,нет свежего пробоя Donchian на последней закрытой свече,,rejected,,
0.06964999999999995,no_fresh_breakout,41,AUCTION-USDT-SWAP,5.001,нет свежего пробоя Donchian на последней закрытой свече,,rejected,,
0.010905000000000031,no_fresh_breakout,41,AXS-USDT-SWAP,1.1917,нет свежего пробоя Donchian на последней закрытой свече,,rejected,,
0.00028000000000000106,no_fresh_breakout,41,BAND-USDT-SWAP,0.2254,нет свежего пробоя Donchian на последней закрытой свече,,rejected,,
0.9349999999999966,no_fresh_breakout,41,BCH-USDT-SWAP,455.3,нет свежего пробоя Donchian на последней закрытой свече,,rejected,,
1.9e-06,no_fresh_breakout,41,BOME-USDT-SWAP,0.000414,нет свежего пробоя Donchian на последней закрытой свече,,rejected,,
273.03499999999985,no_fresh_breakout,41,BTC-USDT-SWAP,69812.6,нет свежего пробоя Donchian на последней закрытой свече,,rejected,,
0.0005009999999999997,no_fresh_breakout,41,CFX-USDT-SWAP,0.06109,нет свежего пробоя Donchian на последней закрытой свече,,rejected,,
0.0,закрытие_не_удержалось_выше_канала,41,COMP-USDT-SWAP,0.0,закрытие не удержалось выше канала,long,rejected,Turtle 55,
0.0,закрытие_не_удержалось_выше_канала,41,COMP-USDT-SWAP,0.0,закрытие не удержалось выше канала,long,rejected,Turtle 20,
0.0024049999999999987,no_fresh_breakout,41,CRV-USDT-SWAP,0.2336,нет свежего пробоя Donchian на последней закрытой свече,,rejected,,
0.000677500000000001,no_fresh_breakout,41,DOGE-USDT-SWAP,0.0931,нет свежего пробоя Donchian на последней закрытой свече,,rejected,,
0.01915000000000002,no_fresh_breakout,41,DOT-USDT-SWAP,1.522,нет свежего пробоя Donchian на последней закрытой свече,,rejected,,
0.019000000000000038,no_fresh_breakout,41,ETC-USDT-SWAP,8.25,нет свежего пробоя Donchian на последней закрытой свече,,rejected,,
22.60749999999998,no_fresh_breakout,41,ETH-USDT-SWAP,2133.0,нет свежего пробоя Donchian на последней закрытой свече,,rejected,,
0.0004500000000000004,no_fresh_breakout,41,FIL-USDT-SWAP,0.886,нет свежего пробоя Donchian на последней закрытой свече,,rejected,,
0.01584999999999994,no_fresh_breakout,41,ICP-USDT-SWAP,2.483,нет свежего пробоя Donchian на последней закрытой свече,,rejected,,
0.00022999999999999686,no_fresh_breakout,41,JUP-USDT-SWAP,0.1586,нет свежего пробоя Donchian на последней закрытой свече,,rejected,,
0.0,закрытие_не_удержалось_выше_канала,41,KSM-USDT-SWAP,0.0,закрытие не удержалось выше канала,long,rejected,Turtle 20,
0.0544999999999999,no_fresh_breakout,41,LINK-USDT-SWAP,8.988,нет свежего пробоя Donchian на последней закрытой свече,,rejected,,
0.0,закрытие_не_удержалось_выше_канала,41,LIT-USDT-SWAP,0.0,закрытие не удержалось выше канала,long,rejected,Turtle 55,
0.0,закрытие_не_удержалось_выше_канала,41,LIT-USDT-SWAP,0.0,закрытие не удержалось выше канала,long,rejected,Turtle 20,
0.002299999999999991,no_fresh_breakout,41,LPT-USDT-SWAP,2.209,нет свежего пробоя Donchian на последней закрытой свече,,rejected,,
0.0003049999999999997,no_fresh_breakout,41,LQTY-USDT-SWAP,0.2782,нет свежего пробоя Donchian на последней закрытой свече,,rejected,,
0.004765,no_fresh_breakout,41,MAGIC-USDT-SWAP,0.06213,нет свежего пробоя Donchian на последней закрытой свече,,rejected,,
5.9999999999998944e-05,no_fresh_breakout,41,MET-USDT-SWAP,0.1541,нет свежего пробоя Donchian на последней закрытой свече,,rejected,,
0.00011150000000000049,no_fresh_breakout,41,OP-USDT-SWAP,0.12015,нет свежего пробоя Donchian на последней закрытой свече,,rejected,,
0.0,закрытие_не_удержалось_выше_канала,41,PEPE-USDT-SWAP,0.0,закрытие не удержалось выше канала,long,rejected,Turtle 20,
0.0,atr_warmup:_цена_или_atr_недоступны_после_прогрева,41,SKY-USDT-SWAP,0.0,ATR warmup: цена или ATR недоступны после прогрева,,rejected,,
0.5859999999999992,no_fresh_breakout,41,SOL-USDT-SWAP,88.14,нет свежего пробоя Donchian на последней закрытой свече,,rejected,,
0.011450000000000002,no_fresh_breakout,41,SUSHI-USDT-SWAP,0.261,нет свежего пробоя Donchian на последней закрытой свече,,rejected,,
0.0003300000000000025,no_fresh_breakout,41,SYRUP-USDT-SWAP,0.2397,нет свежего пробоя Donchian на последней закрытой свече,,rejected,,
0.008200000000000018,no_fresh_breakout,41,TON-USDT-SWAP,1.234,нет свежего пробоя Donchian на последней закрытой свече,,rejected,,
0.00032000000000000084,no_fresh_breakout,41,TRX-USDT-SWAP,0.3004,нет свежего пробоя Donchian на последней закрытой свече,,rejected,,
0.47199999999999137,no_fresh_breakout,41,TSLA-USDT-SWAP,381.24,нет свежего пробоя Donchian на последней закрытой свече,,rejected,,
0.004895000000000005,no_fresh_breakout,41,USDC-USDT-SWAP,1.0039,нет свежего пробоя Donchian на последней закрытой свече,,rejected,,
95.34,no_fresh_breakout,41,XAU-USDT-SWAP,4648.7,нет свежего пробоя Donchian на последней закрытой свече,,rejected,,
0.0022245000000000016,no_fresh_breakout,41,XLM-USDT-SWAP,0.16501,нет свежего пробоя Donchian на последней закрытой свече,,rejected,,
0.009675000000000012,no_fresh_breakout,41,XRP-USDT-SWAP,1.4468,нет свежего пробоя Donchian на последней закрытой свече,,rejected,,
0.0002149999999999999,no_fresh_breakout,41,YB-USDT-SWAP,0.1223,нет свежего пробоя Donchian на последней закрытой свече,,rejected,,
14.599999999999955,no_fresh_breakout,41,YFI-USDT-SWAP,2711.2,нет свежего пробоя Donchian на последней закрытой свече,,rejected,,
0.00042500000000000144,no_fresh_breakout,41,YGG-USDT-SWAP,0.0396,нет свежего пробоя Donchian на последней закрытой свече,,rejected,,
5.49999999999988e-05,no_fresh_breakout,42,1INCH-USDT-SWAP,0.095,нет свежего пробоя Donchian на последней закрытой свече,,rejected,,
0.0013450000000000003,no_fresh_breakout,42,2Z-USDT-SWAP,0.0782,нет свежего пробоя Donchian на последней закрытой свече,,rejected,,
0.23599999999999993,no_fresh_breakout,42,AAVE-USDT-SWAP,111.75,нет свежего пробоя Donchian на последней закрытой свече,,rejected,,
1.4000000000000037e-05,no_fresh_breakout,42,ACT-USDT-SWAP,0.01345,нет свежего пробоя Donchian на последней закрытой свече,,rejected,,
0.0012300000000000006,no_fresh_breakout,42,ADA-USDT-SWAP,0.2652,нет свежего пробоя Donchian на последней закрытой свече,,rejected,,
0.0009149999999999977,no_fresh_breakout,42,ARB-USDT-SWAP,0.0987,нет свежего пробоя Donchian на последней закрытой свече,,rejected,,
0.014140000000000019,no_fresh_breakout,42,ASTER-USDT-SWAP,0.6904,нет свежего пробоя Donchian на последней закрытой свече,,rejected,,
0.06964999999999995,no_fresh_breakout,42,AUCTION-USDT-SWAP,5.001,нет свежего пробоя Donchian на последней закрытой свече,,rejected,,
0.010905000000000031,no_fresh_breakout,42,AXS-USDT-SWAP,1.1917,нет свежего пробоя Donchian на последней закрытой свече,,rejected,,
0.00028000000000000106,no_fresh_breakout,42,BAND-USDT-SWAP,0.2254,нет свежего пробоя Donchian на последней закрытой свече,,rejected,,
0.9349999999999966,no_fresh_breakout,42,BCH-USDT-SWAP,455.3,нет свежего пробоя Donchian на последней закрытой свече,,rejected,,
1.9e-06,no_fresh_breakout,42,BOME-USDT-SWAP,0.000414,нет свежего пробоя Donchian на последней закрытой свече,,rejected,,
273.03499999999985,no_fresh_breakout,42,BTC-USDT-SWAP,69812.6,нет свежего пробоя Donchian на последней закрытой свече,,rejected,,
0.0005009999999999997,no_fresh_breakout,42,CFX-USDT-SWAP,0.06109,нет свежего пробоя Donchian на последней закрытой свече,,rejected,,
0.0,закрытие_не_удержалось_выше_канала,42,COMP-USDT-SWAP,0.0,закрытие не удержалось выше канала,long,rejected,Turtle 55,
0.0,закрытие_не_удержалось_выше_канала,42,COMP-USDT-SWAP,0.0,закрытие не удержалось выше канала,long,rejected,Turtle 20,
0.0024049999999999987,no_fresh_breakout,42,CRV-USDT-SWAP,0.2336,нет свежего пробоя Donchian на последней закрытой свече,,rejected,,
0.000677500000000001,no_fresh_breakout,42,DOGE-USDT-SWAP,0.0931,нет свежего пробоя Donchian на последней закрытой свече,,rejected,,
0.01915000000000002,no_fresh_breakout,42,DOT-USDT-SWAP,1.522,нет свежего пробоя Donchian на последней закрытой свече,,rejected,,
0.019000000000000038,no_fresh_breakout,42,ETC-USDT-SWAP,8.25,нет свежего пробоя Donchian на последней закрытой свече,,rejected,,
22.60749999999998,no_fresh_breakout,42,ETH-USDT-SWAP,2133.0,нет свежего пробоя Donchian на последней закрытой свече,,rejected,,
0.0004500000000000004,no_fresh_breakout,42,FIL-USDT-SWAP,0.886,нет свежего пробоя Donchian на последней закрытой свече,,rejected,,
0.01584999999999994,no_fresh_breakout,42,ICP-USDT-SWAP,2.483,нет свежего пробоя Donchian на последней закрытой свече,,rejected,,
0.00022999999999999686,no_fresh_breakout,42,JUP-USDT-SWAP,0.1586,нет свежего пробоя Donchian на последней закрытой свече,,rejected,,
0.0,закрытие_не_удержалось_выше_канала,42,KSM-USDT-SWAP,0.0,закрытие не удержалось выше канала,long,rejected,Turtle 20,
0.0544999999999999,no_fresh_breakout,42,LINK-USDT-SWAP,8.988,нет свежего пробоя Donchian на последней закрытой свече,,rejected,,
0.0,закрытие_не_удержалось_выше_канала,42,LIT-USDT-SWAP,0.0,закрытие не удержалось выше канала,long,rejected,Turtle 55,
0.0,закрытие_не_удержалось_выше_канала,42,LIT-USDT-SWAP,0.0,закрытие не удержалось выше канала,long,rejected,Turtle 20,
0.002299999999999991,no_fresh_breakout,42,LPT-USDT-SWAP,2.209,нет свежего пробоя Donchian на последней закрытой свече,,rejected,,
0.0003049999999999997,no_fresh_breakout,42,LQTY-USDT-SWAP,0.2782,нет свежего пробоя Donchian на последней закрытой свече,,rejected,,
0.004765,no_fresh_breakout,42,MAGIC-USDT-SWAP,0.06213,нет свежего пробоя Donchian на последней закрытой свече,,rejected,,
5.9999999999998944e-05,no_fresh_breakout,42,MET-USDT-SWAP,0.1541,нет свежего пробоя Donchian на последней закрытой свече,,rejected,,
0.00011150000000000049,no_fresh_breakout,42,OP-USDT-SWAP,0.12015,нет свежего пробоя Donchian на последней закрытой свече,,rejected,,
0.0,закрытие_не_удержалось_выше_канала,42,PEPE-USDT-SWAP,0.0,закрытие не удержалось выше канала,long,rejected,Turtle 20,
0.0,atr_warmup:_цена_или_atr_недоступны_после_прогрева,42,SKY-USDT-SWAP,0.0,ATR warmup: цена или ATR недоступны после прогрева,,rejected,,
0.5859999999999992,no_fresh_breakout,42,SOL-USDT-SWAP,88.14,нет свежего пробоя Donchian на последней закрытой свече,,rejected,,
0.011450000000000002,no_fresh_breakout,42,SUSHI-USDT-SWAP,0.261,нет свежего пробоя Donchian на последней закрытой свече,,rejected,,
0.0003300000000000025,no_fresh_breakout,42,SYRUP-USDT-SWAP,0.2397,нет свежего пробоя Donchian на последней закрытой свече,,rejected,,
0.008200000000000018,no_fresh_breakout,42,TON-USDT-SWAP,1.234,нет свежего пробоя Donchian на последней закрытой свече,,rejected,,
0.00032000000000000084,no_fresh_breakout,42,TRX-USDT-SWAP,0.3004,нет свежего пробоя Donchian на последней закрытой свече,,rejected,,
0.47199999999999137,no_fresh_breakout,42,TSLA-USDT-SWAP,381.24,нет свежего пробоя Donchian на последней закрытой свече,,rejected,,
0.004895000000000005,no_fresh_breakout,42,USDC-USDT-SWAP,1.0039,нет свежего пробоя Donchian на последней закрытой свече,,rejected,,
95.34,no_fresh_breakout,42,XAU-USDT-SWAP,4648.7,нет свежего пробоя Donchian на последней закрытой свече,,rejected,,
0.0022245000000000016,no_fresh_breakout,42,XLM-USDT-SWAP,0.16501,нет свежего пробоя Donchian на последней закрытой свече,,rejected,,
0.009675000000000012,no_fresh_breakout,42,XRP-USDT-SWAP,1.4468,нет свежего пробоя Donchian на последней закрытой свече,,rejected,,
0.0002149999999999999,no_fresh_breakout,42,YB-USDT-SWAP,0.1223,нет свежего пробоя Donchian на последней закрытой свече,,rejected,,
14.599999999999955,no_fresh_breakout,42,YFI-USDT-SWAP,2711.2,нет свежего пробоя Donchian на последней закрытой свече,,rejected,,
0.00042500000000000144,no_fresh_breakout,42,YGG-USDT-SWAP,0.0396,нет свежего пробоя Donchian на последней закрытой свече,,rejected,,
5.49999999999988e-05,no_fresh_breakout,43,1INCH-USDT-SWAP,0.095,нет свежего пробоя Donchian на последней закрытой свече,,rejected,,
0.0013450000000000003,no_fresh_breakout,43,2Z-USDT-SWAP,0.0782,нет свежего пробоя Donchian на последней закрытой свече,,rejected,,
0.23599999999999993,no_fresh_breakout,43,AAVE-USDT-SWAP,111.75,нет свежего пробоя Donchian на последней закрытой свече,,rejected,,
1.4000000000000037e-05,no_fresh_breakout,43,ACT-USDT-SWAP,0.01345,нет свежего пробоя Donchian на последней закрытой свече,,rejected,,
0.0012300000000000006,no_fresh_breakout,43,ADA-USDT-SWAP,0.2652,нет свежего пробоя Donchian на последней закрытой свече,,rejected,,
0.0009149999999999977,no_fresh_breakout,43,ARB-USDT-SWAP,0.0987,нет свежего пробоя Donchian на последней закрытой свече,,rejected,,
0.014140000000000019,no_fresh_breakout,43,ASTER-USDT-SWAP,0.6904,нет свежего пробоя Donchian на последней закрытой свече,,rejected,,
0.06964999999999995,no_fresh_breakout,43,AUCTION-USDT-SWAP,5.001,нет свежего пробоя Donchian на последней закрытой свече,,rejected,,
0.010905000000000031,no_fresh_breakout,43,AXS-USDT-SWAP,1.1917,нет свежего пробоя Donchian на последней закрытой свече,,rejected,,
0.00028000000000000106,no_fresh_breakout,43,BAND-USDT-SWAP,0.2254,нет свежего пробоя Donchian на последней закрытой свече,,rejected,,
0.9349999999999966,no_fresh_breakout,43,BCH-USDT-SWAP,455.3,нет свежего пробоя Donchian на последней закрытой свече,,rejected,,
1.9e-06,no_fresh_breakout,43,BOME-USDT-SWAP,0.000414,нет свежего пробоя Donchian на последней закрытой свече,,rejected,,
273.03499999999985,no_fresh_breakout,43,BTC-USDT-SWAP,69812.6,нет свежего пробоя Donchian на последней закрытой свече,,rejected,,
0.0005009999999999997,no_fresh_breakout,43,CFX-USDT-SWAP,0.06109,нет свежего пробоя Donchian на последней закрытой свече,,rejected,,
0.0,закрытие_не_удержалось_выше_канала,43,COMP-USDT-SWAP,0.0,закрытие не удержалось выше канала,long,rejected,Turtle 55,
0.0,закрытие_не_удержалось_выше_канала,43,COMP-USDT-SWAP,0.0,закрытие не удержалось выше канала,long,rejected,Turtle 20,
0.0024049999999999987,no_fresh_breakout,43,CRV-USDT-SWAP,0.2336,нет свежего пробоя Donchian на последней закрытой свече,,rejected,,
0.000677500000000001,no_fresh_breakout,43,DOGE-USDT-SWAP,0.0931,нет свежего пробоя Donchian на последней закрытой свече,,rejected,,
0.01915000000000002,no_fresh_breakout,43,DOT-USDT-SWAP,1.522,нет свежего пробоя Donchian на последней закрытой свече,,rejected,,
0.019000000000000038,no_fresh_breakout,43,ETC-USDT-SWAP,8.25,нет свежего пробоя Donchian на последней закрытой свече,,rejected,,
22.60749999999998,no_fresh_breakout,43,ETH-USDT-SWAP,2133.0,нет свежего пробоя Donchian на последней закрытой свече,,rejected,,
0.0004500000000000004,no_fresh_breakout,43,FIL-USDT-SWAP,0.886,нет свежего пробоя Donchian на последней закрытой свече,,rejected,,
0.01584999999999994,no_fresh_breakout,43,ICP-USDT-SWAP,2.483,нет свежего пробоя Donchian на последней закрытой свече,,rejected,,
0.00022999999999999686,no_fresh_breakout,43,JUP-USDT-SWAP,0.1586,нет свежего пробоя Donchian на последней закрытой свече,,rejected,,
0.0,закрытие_не_удержалось_выше_канала,43,KSM-USDT-SWAP,0.0,закрытие не удержалось выше канала,long,rejected,Turtle 20,
0.0544999999999999,no_fresh_breakout,43,LINK-USDT-SWAP,8.988,нет свежего пробоя Donchian на последней закрытой свече,,rejected,,
0.0,закрытие_не_удержалось_выше_канала,43,LIT-USDT-SWAP,0.0,закрытие не удержалось выше канала,long,rejected,Turtle 55,
0.0,закрытие_не_удержалось_выше_канала,43,LIT-USDT-SWAP,0.0,закрытие не удержалось выше канала,long,rejected,Turtle 20,
0.002299999999999991,no_fresh_breakout,43,LPT-USDT-SWAP,2.209,нет свежего пробоя Donchian на последней закрытой свече,,rejected,,
0.0003049999999999997,no_fresh_breakout,43,LQTY-USDT-SWAP,0.2782,нет свежего пробоя Donchian на последней закрытой свече,,rejected,,
0.004765,no_fresh_breakout,43,MAGIC-USDT-SWAP,0.06213,нет свежего пробоя Donchian на последней закрытой свече,,rejected,,
5.9999999999998944e-05,no_fresh_breakout,43,MET-USDT-SWAP,0.1541,нет свежего пробоя Donchian на последней закрытой свече,,rejected,,
0.00011150000000000049,no_fresh_breakout,43,OP-USDT-SWAP,0.12015,нет свежего пробоя Donchian на последней закрытой свече,,rejected,,
0.0,закрытие_не_удержалось_выше_канала,43,PEPE-USDT-SWAP,0.0,закрытие не удержалось выше канала,long,rejected,Turtle 20,
0.0,atr_warmup:_цена_или_atr_недоступны_после_прогрева,43,SKY-USDT-SWAP,0.0,ATR warmup: цена или ATR недоступны после прогрева,,rejected,,
0.5859999999999992,no_fresh_breakout,43,SOL-USDT-SWAP,88.14,нет свежего пробоя Donchian на последней закрытой свече,,rejected,,
0.011450000000000002,no_fresh_breakout,43,SUSHI-USDT-SWAP,0.261,нет свежего пробоя Donchian на последней закрытой свече,,rejected,,
0.0003300000000000025,no_fresh_breakout,43,SYRUP-USDT-SWAP,0.2397,нет свежего пробоя Donchian на последней закрытой свече,,rejected,,
0.008200000000000018,no_fresh_breakout,43,TON-USDT-SWAP,1.234,нет свежего пробоя Donchian на последней закрытой свече,,rejected,,
0.00032000000000000084,no_fresh_breakout,43,TRX-USDT-SWAP,0.3004,нет свежего пробоя Donchian на последней закрытой свече,,rejected,,
0.47199999999999137,no_fresh_breakout,43,TSLA-USDT-SWAP,381.24,нет свежего пробоя Donchian на последней закрытой свече,,rejected,,
0.004895000000000005,no_fresh_breakout,43,USDC-USDT-SWAP,1.0039,нет свежего пробоя Donchian на последней закрытой свече,,rejected,,
95.34,no_fresh_breakout,43,XAU-USDT-SWAP,4648.7,нет свежего пробоя Donchian на последней закрытой свече,,rejected,,
0.0022245000000000016,no_fresh_breakout,43,XLM-USDT-SWAP,0.16501,нет свежего пробоя Donchian на последней закрытой свече,,rejected,,
0.009675000000000012,no_fresh_breakout,43,XRP-USDT-SWAP,1.4468,нет свежего пробоя Donchian на последней закрытой свече,,rejected,,
0.0002149999999999999,no_fresh_breakout,43,YB-USDT-SWAP,0.1223,нет свежего пробоя Donchian на последней закрытой свече,,rejected,,
14.599999999999955,no_fresh_breakout,43,YFI-USDT-SWAP,2711.2,нет свежего пробоя Donchian на последней закрытой свече,,rejected,,
0.00042500000000000144,no_fresh_breakout,43,YGG-USDT-SWAP,0.0396,нет свежего пробоя Donchian на последней закрытой свече,,rejected,,
5.49999999999988e-05,no_fresh_breakout,44,1INCH-USDT-SWAP,0.095,нет свежего пробоя Donchian на последней закрытой свече,,rejected,,
0.0013450000000000003,no_fresh_breakout,44,2Z-USDT-SWAP,0.0782,нет свежего пробоя Donchian на последней закрытой свече,,rejected,,
0.23599999999999993,no_fresh_breakout,44,AAVE-USDT-SWAP,111.75,нет свежего пробоя Donchian на последней закрытой свече,,rejected,,
1.4000000000000037e-05,no_fresh_breakout,44,ACT-USDT-SWAP,0.01345,нет свежего пробоя Donchian на последней закрытой свече,,rejected,,
0.0012300000000000006,no_fresh_breakout,44,ADA-USDT-SWAP,0.2652,нет свежего пробоя Donchian на последней закрытой свече,,rejected,,
0.0009149999999999977,no_fresh_breakout,44,ARB-USDT-SWAP,0.0987,нет свежего пробоя Donchian на последней закрытой свече,,rejected,,
0.014140000000000019,no_fresh_breakout,44,ASTER-USDT-SWAP,0.6904,нет свежего пробоя Donchian на последней закрытой свече,,rejected,,
0.06964999999999995,no_fresh_breakout,44,AUCTION-USDT-SWAP,5.001,нет свежего пробоя Donchian на последней закрытой свече,,rejected,,
0.010905000000000031,no_fresh_breakout,44,AXS-USDT-SWAP,1.1917,нет свежего пробоя Donchian на последней закрытой свече,,rejected,,
0.00028000000000000106,no_fresh_breakout,44,BAND-USDT-SWAP,0.2254,нет свежего пробоя Donchian на последней закрытой свече,,rejected,,
0.9349999999999966,no_fresh_breakout,44,BCH-USDT-SWAP,455.3,нет свежего пробоя Donchian на последней закрытой свече,,rejected,,
1.9e-06,no_fresh_breakout,44,BOME-USDT-SWAP,0.000414,нет свежего пробоя Donchian на последней закрытой свече,,rejected,,
273.03499999999985,no_fresh_breakout,44,BTC-USDT-SWAP,69812.6,нет свежего пробоя Donchian на последней закрытой свече,,rejected,,
0.0005009999999999997,no_fresh_breakout,44,CFX-USDT-SWAP,0.06109,нет свежего пробоя Donchian на последней закрытой свече,,rejected,,
0.0,закрытие_не_удержалось_выше_канала,44,COMP-USDT-SWAP,0.0,закрытие не удержалось выше канала,long,rejected,Turtle 55,
0.0,закрытие_не_удержалось_выше_канала,44,COMP-USDT-SWAP,0.0,закрытие не удержалось выше канала,long,rejected,Turtle 20,
0.0024049999999999987,no_fresh_breakout,44,CRV-USDT-SWAP,0.2336,нет свежего пробоя Donchian на последней закрытой свече,,rejected,,
0.000677500000000001,no_fresh_breakout,44,DOGE-USDT-SWAP,0.0931,нет свежего пробоя Donchian на последней закрытой свече,,rejected,,
0.01915000000000002,no_fresh_breakout,44,DOT-USDT-SWAP,1.522,нет свежего пробоя Donchian на последней закрытой свече,,rejected,,
0.019000000000000038,no_fresh_breakout,44,ETC-USDT-SWAP,8.25,нет свежего пробоя Donchian на последней закрытой свече,,rejected,,
22.60749999999998,no_fresh_breakout,44,ETH-USDT-SWAP,2133.0,нет свежего пробоя Donchian на последней закрытой свече,,rejected,,
0.0004500000000000004,no_fresh_breakout,44,FIL-USDT-SWAP,0.886,нет свежего пробоя Donchian на последней закрытой свече,,rejected,,
0.01584999999999994,no_fresh_breakout,44,ICP-USDT-SWAP,2.483,нет свежего пробоя Donchian на последней закрытой свече,,rejected,,
0.00022999999999999686,no_fresh_breakout,44,JUP-USDT-SWAP,0.1586,нет свежего пробоя Donchian на последней закрытой свече,,rejected,,
0.0,закрытие_не_удержалось_выше_канала,44,KSM-USDT-SWAP,0.0,закрытие не удержалось выше канала,long,rejected,Turtle 20,
0.0544999999999999,no_fresh_breakout,44,LINK-USDT-SWAP,8.988,нет свежего пробоя Donchian на последней закрытой свече,,rejected,,
0.0,закрытие_не_удержалось_выше_канала,44,LIT-USDT-SWAP,0.0,закрытие не удержалось выше канала,long,rejected,Turtle 55,
0.0,закрытие_не_удержалось_выше_канала,44,LIT-USDT-SWAP,0.0,закрытие не удержалось выше канала,long,rejected,Turtle 20,
0.002299999999999991,no_fresh_breakout,44,LPT-USDT-SWAP,2.209,нет свежего пробоя Donchian на последней закрытой свече,,rejected,,
0.0003049999999999997,no_fresh_breakout,44,LQTY-USDT-SWAP,0.2782,нет свежего пробоя Donchian на последней закрытой свече,,rejected,,
0.004765,no_fresh_breakout,44,MAGIC-USDT-SWAP,0.06213,нет свежего пробоя Donchian на последней закрытой свече,,rejected,,
5.9999999999998944e-05,no_fresh_breakout,44,MET-USDT-SWAP,0.1541,нет свежего пробоя Donchian на последней закрытой свече,,rejected,,
0.00011150000000000049,no_fresh_breakout,44,OP-USDT-SWAP,0.12015,нет свежего пробоя Donchian на последней закрытой свече,,rejected,,
0.0,закрытие_не_удержалось_выше_канала,44,PEPE-USDT-SWAP,0.0,закрытие не удержалось выше канала,long,rejected,Turtle 20,
0.0,atr_warmup:_цена_или_atr_недоступны_после_прогрева,44,SKY-USDT-SWAP,0.0,ATR warmup: цена или ATR недоступны после прогрева,,rejected,,
0.5859999999999992,no_fresh_breakout,44,SOL-USDT-SWAP,88.14,нет свежего пробоя Donchian на последней закрытой свече,,rejected,,
0.011450000000000002,no_fresh_breakout,44,SUSHI-USDT-SWAP,0.261,нет свежего пробоя Donchian на последней закрытой свече,,rejected,,
0.0003300000000000025,no_fresh_breakout,44,SYRUP-USDT-SWAP,0.2397,нет свежего пробоя Donchian на последней закрытой свече,,rejected,,
0.008200000000000018,no_fresh_breakout,44,TON-USDT-SWAP,1.234,нет свежего пробоя Donchian на последней закрытой свече,,rejected,,
0.00032000000000000084,no_fresh_breakout,44,TRX-USDT-SWAP,0.3004,нет свежего пробоя Donchian на последней закрытой свече,,rejected,,
0.47199999999999137,no_fresh_breakout,44,TSLA-USDT-SWAP,381.24,нет свежего пробоя Donchian на последней закрытой свече,,rejected,,
0.004895000000000005,no_fresh_breakout,44,USDC-USDT-SWAP,1.0039,нет свежего пробоя Donchian на последней закрытой свече,,rejected,,
95.34,no_fresh_breakout,44,XAU-USDT-SWAP,4648.7,нет свежего пробоя Donchian на последней закрытой свече,,rejected,,
0.0022245000000000016,no_fresh_breakout,44,XLM-USDT-SWAP,0.16501,нет свежего пробоя Donchian на последней закрытой свече,,rejected,,
0.009675000000000012,no_fresh_breakout,44,XRP-USDT-SWAP,1.4468,нет свежего пробоя Donchian на последней закрытой свече,,rejected,,
0.0002149999999999999,no_fresh_breakout,44,YB-USDT-SWAP,0.1223,нет свежего пробоя Donchian на последней закрытой свече,,rejected,,
14.599999999999955,no_fresh_breakout,44,YFI-USDT-SWAP,2711.2,нет свежего пробоя Donchian на последней закрытой свече,,rejected,,
0.00042500000000000144,no_fresh_breakout,44,YGG-USDT-SWAP,0.0396,нет свежего пробоя Donchian на последней закрытой свече,,rejected,,
5.49999999999988e-05,no_fresh_breakout,45,1INCH-USDT-SWAP,0.095,нет свежего пробоя Donchian на последней закрытой свече,,rejected,,
0.0013450000000000003,no_fresh_breakout,45,2Z-USDT-SWAP,0.0782,нет свежего пробоя Donchian на последней закрытой свече,,rejected,,
0.23599999999999993,no_fresh_breakout,45,AAVE-USDT-SWAP,111.75,нет свежего пробоя Donchian на последней закрытой свече,,rejected,,
1.4000000000000037e-05,no_fresh_breakout,45,ACT-USDT-SWAP,0.01345,нет свежего пробоя Donchian на последней закрытой свече,,rejected,,
0.0012300000000000006,no_fresh_breakout,45,ADA-USDT-SWAP,0.2652,нет свежего пробоя Donchian на последней закрытой свече,,rejected,,
0.0009149999999999977,no_fresh_breakout,45,ARB-USDT-SWAP,0.0987,нет свежего пробоя Donchian на последней закрытой свече,,rejected,,
0.014140000000000019,no_fresh_breakout,45,ASTER-USDT-SWAP,0.6904,нет свежего пробоя Donchian на последней закрытой свече,,rejected,,
0.06964999999999995,no_fresh_breakout,45,AUCTION-USDT-SWAP,5.001,нет свежего пробоя Donchian на последней закрытой свече,,rejected,,
0.010905000000000031,no_fresh_breakout,45,AXS-USDT-SWAP,1.1917,нет свежего пробоя Donchian на последней закрытой свече,,rejected,,
0.00028000000000000106,no_fresh_breakout,45,BAND-USDT-SWAP,0.2254,нет свежего пробоя Donchian на последней закрытой свече,,rejected,,
0.9349999999999966,no_fresh_breakout,45,BCH-USDT-SWAP,455.3,нет свежего пробоя Donchian на последней закрытой свече,,rejected,,
1.9e-06,no_fresh_breakout,45,BOME-USDT-SWAP,0.000414,нет свежего пробоя Donchian на последней закрытой свече,,rejected,,
273.03499999999985,no_fresh_breakout,45,BTC-USDT-SWAP,69812.6,нет свежего пробоя Donchian на последней закрытой свече,,rejected,,
0.0005009999999999997,no_fresh_breakout,45,CFX-USDT-SWAP,0.06109,нет свежего пробоя Donchian на последней закрытой свече,,rejected,,
0.0,закрытие_не_удержалось_выше_канала,45,COMP-USDT-SWAP,0.0,закрытие не удержалось выше канала,long,rejected,Turtle 55,
0.0,закрытие_не_удержалось_выше_канала,45,COMP-USDT-SWAP,0.0,закрытие не удержалось выше канала,long,rejected,Turtle 20,
0.0024049999999999987,no_fresh_breakout,45,CRV-USDT-SWAP,0.2336,нет свежего пробоя Donchian на последней закрытой свече,,rejected,,
0.000677500000000001,no_fresh_breakout,45,DOGE-USDT-SWAP,0.0931,нет свежего пробоя Donchian на последней закрытой свече,,rejected,,
0.01915000000000002,no_fresh_breakout,45,DOT-USDT-SWAP,1.522,нет свежего пробоя Donchian на последней закрытой свече,,rejected,,
0.019000000000000038,no_fresh_breakout,45,ETC-USDT-SWAP,8.25,нет свежего пробоя Donchian на последней закрытой свече,,rejected,,
22.60749999999998,no_fresh_breakout,45,ETH-USDT-SWAP,2133.0,нет свежего пробоя Donchian на последней закрытой свече,,rejected,,
0.0004500000000000004,no_fresh_breakout,45,FIL-USDT-SWAP,0.886,нет свежего пробоя Donchian на последней закрытой свече,,rejected,,
0.01584999999999994,no_fresh_breakout,45,ICP-USDT-SWAP,2.483,нет свежего пробоя Donchian на последней закрытой свече,,rejected,,
0.00022999999999999686,no_fresh_breakout,45,JUP-USDT-SWAP,0.1586,нет свежего пробоя Donchian на последней закрытой свече,,rejected,,
0.0,закрытие_не_удержалось_выше_канала,45,KSM-USDT-SWAP,0.0,закрытие не удержалось выше канала,long,rejected,Turtle 20,
0.0544999999999999,no_fresh_breakout,45,LINK-USDT-SWAP,8.988,нет свежего пробоя Donchian на последней закрытой свече,,rejected,,
0.0012500000000000178,no_fresh_breakout,45,LIT-USDT-SWAP,1.176,нет свежего пробоя Donchian на последней закрытой свече,,rejected,,
0.0022499999999999964,no_fresh_breakout,45,LPT-USDT-SWAP,2.217,нет свежего пробоя Donchian на последней закрытой свече,,rejected,,
0.0003049999999999997,no_fresh_breakout,45,LQTY-USDT-SWAP,0.2782,нет свежего пробоя Donchian на последней закрытой свече,,rejected,,
0.0047785,no_fresh_breakout,45,MAGIC-USDT-SWAP,0.06213,нет свежего пробоя Donchian на последней закрытой свече,,rejected,,
5.9999999999998944e-05,no_fresh_breakout,45,MET-USDT-SWAP,0.1541,нет свежего пробоя Donchian на последней закрытой свече,,rejected,,
0.00011150000000000049,no_fresh_breakout,45,OP-USDT-SWAP,0.12015,нет свежего пробоя Donchian на последней закрытой свече,,rejected,,
0.0,закрытие_не_удержалось_выше_канала,45,PEPE-USDT-SWAP,0.0,закрытие не удержалось выше канала,long,rejected,Turtle 20,
0.0,atr_warmup:_цена_или_atr_недоступны_после_прогрева,45,SKY-USDT-SWAP,0.0,ATR warmup: цена или ATR недоступны после прогрева,,rejected,,
0.0,закрытие_не_удержалось_выше_канала,45,SOL-USDT-SWAP,0.0,закрытие не удержалось выше канала,long,rejected,Turtle 20,
0.011450000000000002,no_fresh_breakout,45,SUSHI-USDT-SWAP,0.261,нет свежего пробоя Donchian на последней закрытой свече,,rejected,,
0.008000000000000018,no_fresh_breakout,45,TON-USDT-SWAP,1.236,нет свежего пробоя Donchian на последней закрытой свече,,rejected,,
0.00034500000000000085,no_fresh_breakout,45,TRX-USDT-SWAP,0.3007,нет свежего пробоя Donchian на последней закрытой свече,,rejected,,
0.47199999999999137,no_fresh_breakout,45,TSLA-USDT-SWAP,381.24,нет свежего пробоя Donchian на последней закрытой свече,,rejected,,
0.004677500000000006,no_fresh_breakout,45,USDC-USDT-SWAP,1.0,нет свежего пробоя Donchian на последней закрытой свече,,rejected,,
95.34,no_fresh_breakout,45,XAU-USDT-SWAP,4648.7,нет свежего пробоя Donchian на последней закрытой свече,,rejected,,
0.0022245000000000016,no_fresh_breakout,45,XLM-USDT-SWAP,0.16501,нет свежего пробоя Donchian на последней закрытой свече,,rejected,,
0.009715000000000007,no_fresh_breakout,45,XRP-USDT-SWAP,1.4483,нет свежего пробоя Donchian на последней закрытой свече,,rejected,,
0.0002149999999999999,no_fresh_breakout,45,YB-USDT-SWAP,0.1223,нет свежего пробоя Donchian на последней закрытой свече,,rejected,,
0.0,закрытие_не_удержалось_выше_канала,45,YFI-USDT-SWAP,0.0,закрытие не удержалось выше канала,long,rejected,Turtle 20,
0.0004450000000000013,no_fresh_breakout,45,YGG-USDT-SWAP,0.0398,нет свежего пробоя Donchian на последней закрытой свече,,rejected,,
6.499999999999909e-05,no_fresh_breakout,46,1INCH-USDT-SWAP,0.0952,нет свежего пробоя Donchian на последней закрытой свече,,rejected,,
0.0013400000000000003,no_fresh_breakout,46,2Z-USDT-SWAP,0.0782,нет свежего пробоя Donchian на последней закрытой свече,,rejected,,
0.20500000000000043,no_fresh_breakout,46,AAVE-USDT-SWAP,111.71,нет свежего пробоя Donchian на последней закрытой свече,,rejected,,
1.200000000000003e-05,no_fresh_breakout,46,ACT-USDT-SWAP,0.01345,нет свежего пробоя Donchian на последней закрытой свече,,rejected,,
0.0,blacklist,46,ADA-USDT-SWAP,0.0,momentum chase blocked after 3 same-side candles,long,rejected,Turtle 20,
0.0009299999999999982,no_fresh_breakout,46,ARB-USDT-SWAP,0.099,нет свежего пробоя Donchian на последней закрытой свече,,rejected,,
0.013815000000000022,no_fresh_breakout,46,ASTER-USDT-SWAP,0.6891,нет свежего пробоя Donchian на последней закрытой свече,,rejected,,
0.06994999999999996,no_fresh_breakout,46,AUCTION-USDT-SWAP,5.005,нет свежего пробоя Donchian на последней закрытой свече,,rejected,,
0.0,закрытие_не_удержалось_выше_канала,46,AXS-USDT-SWAP,0.0,закрытие не удержалось выше канала,long,rejected,Turtle 20,
0.0002600000000000019,no_fresh_breakout,46,BAND-USDT-SWAP,0.2261,нет свежего пробоя Donchian на последней закрытой свече,,rejected,,
0.9299999999999983,no_fresh_breakout,46,BCH-USDT-SWAP,455.3,нет свежего пробоя Donchian на последней закрытой свече,,rejected,,
0.0,закрытие_не_удержалось_выше_канала,46,BOME-USDT-SWAP,0.0,закрытие не удержалось выше канала,long,rejected,Turtle 20,
272.72999999999956,no_fresh_breakout,46,BTC-USDT-SWAP,69973.1,нет свежего пробоя Donchian на последней закрытой свече,,rejected,,
0.0,закрытие_не_удержалось_ниже_канала,46,CFX-USDT-SWAP,0.0,закрытие не удержалось ниже канала,short,rejected,Turtle 20,
0.12299999999999969,no_fresh_breakout,46,COMP-USDT-SWAP,18.8,нет свежего пробоя Donchian на последней закрытой свече,,rejected,,
0.0023849999999999995,no_fresh_breakout,46,CRV-USDT-SWAP,0.2345,нет свежего пробоя Donchian на последней закрытой свече,,rejected,,
0.0006750000000000006,no_fresh_breakout,46,DOGE-USDT-SWAP,0.0934,нет свежего пробоя Donchian на последней закрытой свече,,rejected,,
0.018750000000000024,no_fresh_breakout,46,DOT-USDT-SWAP,1.521,нет свежего пробоя Donchian на последней закрытой свече,,rejected,,
0.020500000000000008,no_fresh_breakout,46,ETC-USDT-SWAP,8.27,нет свежего пробоя Donchian на последней закрытой свече,,rejected,,
22.28499999999999,no_fresh_breakout,46,ETH-USDT-SWAP,2135.44,нет свежего пробоя Donchian на последней закрытой свече,,rejected,,
0.0005000000000000004,no_fresh_breakout,46,FIL-USDT-SWAP,0.885,нет свежего пробоя Donchian на последней закрытой свече,,rejected,,
0.015699999999999936,no_fresh_breakout,46,ICP-USDT-SWAP,2.491,нет свежего пробоя Donchian на последней закрытой свече,,rejected,,
0.00024999999999999746,no_fresh_breakout,46,JUP-USDT-SWAP,0.1595,нет свежего пробоя Donchian на последней закрытой свече,,rejected,,
0.028900000000000016,no_fresh_breakout,46,KSM-USDT-SWAP,4.522,нет свежего пробоя Donchian на последней закрытой свече,,rejected,,
0.0,закрытие_не_удержалось_выше_канала,46,LINK-USDT-SWAP,0.0,закрытие не удержалось выше канала,long,rejected,Turtle 20,
0.0012500000000000178,no_fresh_breakout,46,LIT-USDT-SWAP,1.176,нет свежего пробоя Donchian на последней закрытой свече,,rejected,,
0.0022499999999999964,no_fresh_breakout,46,LPT-USDT-SWAP,2.217,нет свежего пробоя Donchian на последней закрытой свече,,rejected,,
0.00031000000000000195,no_fresh_breakout,46,LQTY-USDT-SWAP,0.2786,нет свежего пробоя Donchian на последней закрытой свече,,rejected,,
0.0047785,no_fresh_breakout,46,MAGIC-USDT-SWAP,0.06213,нет свежего пробоя Donchian на последней закрытой свече,,rejected,,
5.9999999999998944e-05,no_fresh_breakout,46,MET-USDT-SWAP,0.1541,нет свежего пробоя Donchian на последней закрытой свече,,rejected,,
0.0,oversized_breakout_candle_4.41_atr_>_3.50_atr,46,OP-USDT-SWAP,0.0,oversized breakout candle 4.41 ATR > 3.50 ATR,long,rejected,Turtle 55,
0.0,oversized_breakout_candle_4.41_atr_>_3.50_atr,46,OP-USDT-SWAP,0.0,oversized breakout candle 4.41 ATR > 3.50 ATR,long,rejected,Turtle 20,
2.1649999999999995e-08,no_fresh_breakout,46,PEPE-USDT-SWAP,3.382e-06,нет свежего пробоя Donchian на последней закрытой свече,,rejected,,
0.0,atr_warmup:_цена_или_atr_недоступны_после_прогрева,46,SKY-USDT-SWAP,0.0,ATR warmup: цена или ATR недоступны после прогрева,,rejected,,
0.0,закрытие_не_удержалось_выше_канала,46,SOL-USDT-SWAP,0.0,закрытие не удержалось выше канала,long,rejected,Turtle 20,
0.011470000000000004,no_fresh_breakout,46,SUSHI-USDT-SWAP,0.2056,нет свежего пробоя Donchian на последней закрытой свече,,rejected,,
0.008000000000000018,no_fresh_breakout,46,TON-USDT-SWAP,1.236,нет свежего пробоя Donchian на последней закрытой свече,,rejected,,
0.00034500000000000085,no_fresh_breakout,46,TRX-USDT-SWAP,0.3007,нет свежего пробоя Donchian на последней закрытой свече,,rejected,,
0.004677500000000006,no_fresh_breakout,46,USDC-USDT-SWAP,1.0,нет свежего пробоя Donchian на последней закрытой свече,,rejected,,
96.45499999999997,no_fresh_breakout,46,XAU-USDT-SWAP,4640.6,нет свежего пробоя Donchian на последней закрытой свече,,rejected,,
0.002334500000000002,no_fresh_breakout,46,XLM-USDT-SWAP,0.1695,нет свежего пробоя Donchian на последней закрытой свече,,rejected,,
0.009715000000000007,no_fresh_breakout,46,XRP-USDT-SWAP,1.4483,нет свежего пробоя Donchian на последней закрытой свече,,rejected,,
0.0002149999999999999,no_fresh_breakout,46,YB-USDT-SWAP,0.1223,нет свежего пробоя Donchian на последней закрытой свече,,rejected,,
0.0,закрытие_не_удержалось_выше_канала,46,YFI-USDT-SWAP,0.0,закрытие не удержалось выше канала,long,rejected,Turtle 20,
0.0004450000000000013,no_fresh_breakout,46,YGG-USDT-SWAP,0.0398,нет свежего пробоя Donchian на последней закрытой свече,,rejected,,
6.499999999999909e-05,no_fresh_breakout,47,1INCH-USDT-SWAP,0.0952,нет свежего пробоя Donchian на последней закрытой свече,,rejected,,
0.0013400000000000003,no_fresh_breakout,47,2Z-USDT-SWAP,0.0782,нет свежего пробоя Donchian на последней закрытой свече,,rejected,,
0.20500000000000043,no_fresh_breakout,47,AAVE-USDT-SWAP,111.71,нет свежего пробоя Donchian на последней закрытой свече,,rejected,,
1.200000000000003e-05,no_fresh_breakout,47,ACT-USDT-SWAP,0.01345,нет свежего пробоя Donchian на последней закрытой свече,,rejected,,
0.0,blacklist,47,ADA-USDT-SWAP,0.0,momentum chase blocked after 3 same-side candles,long,rejected,Turtle 20,
0.0009299999999999982,no_fresh_breakout,47,ARB-USDT-SWAP,0.099,нет свежего пробоя Donchian на последней закрытой свече,,rejected,,
0.013815000000000022,no_fresh_breakout,47,ASTER-USDT-SWAP,0.6891,нет свежего пробоя Donchian на последней закрытой свече,,rejected,,
0.06994999999999996,no_fresh_breakout,47,AUCTION-USDT-SWAP,5.005,нет свежего пробоя Donchian на последней закрытой свече,,rejected,,
0.0,закрытие_не_удержалось_выше_канала,47,AXS-USDT-SWAP,0.0,закрытие не удержалось выше канала,long,rejected,Turtle 20,
0.0002600000000000019,no_fresh_breakout,47,BAND-USDT-SWAP,0.2261,нет свежего пробоя Donchian на последней закрытой свече,,rejected,,
0.9299999999999983,no_fresh_breakout,47,BCH-USDT-SWAP,455.3,нет свежего пробоя Donchian на последней закрытой свече,,rejected,,
0.0,закрытие_не_удержалось_выше_канала,47,BOME-USDT-SWAP,0.0,закрытие не удержалось выше канала,long,rejected,Turtle 20,
272.72999999999956,no_fresh_breakout,47,BTC-USDT-SWAP,69973.1,нет свежего пробоя Donchian на последней закрытой свече,,rejected,,
0.0,закрытие_не_удержалось_ниже_канала,47,CFX-USDT-SWAP,0.0,закрытие не удержалось ниже канала,short,rejected,Turtle 20,
0.12299999999999969,no_fresh_breakout,47,COMP-USDT-SWAP,18.8,нет свежего пробоя Donchian на последней закрытой свече,,rejected,,
0.0023849999999999995,no_fresh_breakout,47,CRV-USDT-SWAP,0.2345,нет свежего пробоя Donchian на последней закрытой свече,,rejected,,
0.0006750000000000006,no_fresh_breakout,47,DOGE-USDT-SWAP,0.0934,нет свежего пробоя Donchian на последней закрытой свече,,rejected,,
0.018750000000000024,no_fresh_breakout,47,DOT-USDT-SWAP,1.521,нет свежего пробоя Donchian на последней закрытой свече,,rejected,,
0.020500000000000008,no_fresh_breakout,47,ETC-USDT-SWAP,8.27,нет свежего пробоя Donchian на последней закрытой свече,,rejected,,
22.28499999999999,no_fresh_breakout,47,ETH-USDT-SWAP,2135.44,нет свежего пробоя Donchian на последней закрытой свече,,rejected,,
0.0005000000000000004,no_fresh_breakout,47,FIL-USDT-SWAP,0.885,нет свежего пробоя Donchian на последней закрытой свече,,rejected,,
0.015699999999999936,no_fresh_breakout,47,ICP-USDT-SWAP,2.491,нет свежего пробоя Donchian на последней закрытой свече,,rejected,,
0.00024999999999999746,no_fresh_breakout,47,JUP-USDT-SWAP,0.1595,нет свежего пробоя Donchian на последней закрытой свече,,rejected,,
0.028900000000000016,no_fresh_breakout,47,KSM-USDT-SWAP,4.522,нет свежего пробоя Donchian на последней закрытой свече,,rejected,,
0.0,закрытие_не_удержалось_выше_канала,47,LINK-USDT-SWAP,0.0,закрытие не удержалось выше канала,long,rejected,Turtle 20,
0.0012500000000000178,no_fresh_breakout,47,LIT-USDT-SWAP,1.176,нет свежего пробоя Donchian на последней закрытой свече,,rejected,,
0.0022499999999999964,no_fresh_breakout,47,LPT-USDT-SWAP,2.217,нет свежего пробоя Donchian на последней закрытой свече,,rejected,,
0.00031000000000000195,no_fresh_breakout,47,LQTY-USDT-SWAP,0.2786,нет свежего пробоя Donchian на последней закрытой свече,,rejected,,
0.0047785,no_fresh_breakout,47,MAGIC-USDT-SWAP,0.06213,нет свежего пробоя Donchian на последней закрытой свече,,rejected,,
5.9999999999998944e-05,no_fresh_breakout,47,MET-USDT-SWAP,0.1541,нет свежего пробоя Donchian на последней закрытой свече,,rejected,,
0.0,oversized_breakout_candle_4.41_atr_>_3.50_atr,47,OP-USDT-SWAP,0.0,oversized breakout candle 4.41 ATR > 3.50 ATR,long,rejected,Turtle 55,
0.0,oversized_breakout_candle_4.41_atr_>_3.50_atr,47,OP-USDT-SWAP,0.0,oversized breakout candle 4.41 ATR > 3.50 ATR,long,rejected,Turtle 20,
2.1649999999999995e-08,no_fresh_breakout,47,PEPE-USDT-SWAP,3.382e-06,нет свежего пробоя Donchian на последней закрытой свече,,rejected,,
0.0,atr_warmup:_цена_или_atr_недоступны_после_прогрева,47,SKY-USDT-SWAP,0.0,ATR warmup: цена или ATR недоступны после прогрева,,rejected,,
0.0,закрытие_не_удержалось_выше_канала,47,SOL-USDT-SWAP,0.0,закрытие не удержалось выше канала,long,rejected,Turtle 20,
0.011470000000000004,no_fresh_breakout,47,SUSHI-USDT-SWAP,0.2056,нет свежего пробоя Donchian на последней закрытой свече,,rejected,,
0.008000000000000018,no_fresh_breakout,47,TON-USDT-SWAP,1.236,нет свежего пробоя Donchian на последней закрытой свече,,rejected,,
0.00034500000000000085,no_fresh_breakout,47,TRX-USDT-SWAP,0.3007,нет свежего пробоя Donchian на последней закрытой свече,,rejected,,
0.0,cooldown,47,TSLA-USDT-SWAP,0.0,cooldown после ATR-стопа ещё активен 1783s; цена отошла только на 0.99 ATR,long,rejected,Turtle 20,
0.004677500000000006,no_fresh_breakout,47,USDC-USDT-SWAP,1.0,нет свежего пробоя Donchian на последней закрытой свече,,rejected,,
96.45499999999997,no_fresh_breakout,47,XAU-USDT-SWAP,4640.6,нет свежего пробоя Donchian на последней закрытой свече,,rejected,,
0.002334500000000002,no_fresh_breakout,47,XLM-USDT-SWAP,0.1695,нет свежего пробоя Donchian на последней закрытой свече,,rejected,,
0.009715000000000007,no_fresh_breakout,47,XRP-USDT-SWAP,1.4483,нет свежего пробоя Donchian на последней закрытой свече,,rejected,,
0.0002149999999999999,no_fresh_breakout,47,YB-USDT-SWAP,0.1223,нет свежего пробоя Donchian на последней закрытой свече,,rejected,,
0.0,закрытие_не_удержалось_выше_канала,47,YFI-USDT-SWAP,0.0,закрытие не удержалось выше канала,long,rejected,Turtle 20,
0.0004450000000000013,no_fresh_breakout,47,YGG-USDT-SWAP,0.0398,нет свежего пробоя Donchian на последней закрытой свече,,rejected,,
6.499999999999909e-05,no_fresh_breakout,48,1INCH-USDT-SWAP,0.0952,нет свежего пробоя Donchian на последней закрытой свече,,rejected,,
0.0013400000000000003,no_fresh_breakout,48,2Z-USDT-SWAP,0.0782,нет свежего пробоя Donchian на последней закрытой свече,,rejected,,
0.20500000000000043,no_fresh_breakout,48,AAVE-USDT-SWAP,111.71,нет свежего пробоя Donchian на последней закрытой свече,,rejected,,
1.200000000000003e-05,no_fresh_breakout,48,ACT-USDT-SWAP,0.01345,нет свежего пробоя Donchian на последней закрытой свече,,rejected,,
0.0,blacklist,48,ADA-USDT-SWAP,0.0,momentum chase blocked after 3 same-side candles,long,rejected,Turtle 20,
0.0009299999999999982,no_fresh_breakout,48,ARB-USDT-SWAP,0.099,нет свежего пробоя Donchian на последней закрытой свече,,rejected,,
0.013815000000000022,no_fresh_breakout,48,ASTER-USDT-SWAP,0.6891,нет свежего пробоя Donchian на последней закрытой свече,,rejected,,
0.06994999999999996,no_fresh_breakout,48,AUCTION-USDT-SWAP,5.005,нет свежего пробоя Donchian на последней закрытой свече,,rejected,,
0.0,закрытие_не_удержалось_выше_канала,48,AXS-USDT-SWAP,0.0,закрытие не удержалось выше канала,long,rejected,Turtle 20,
0.0002600000000000019,no_fresh_breakout,48,BAND-USDT-SWAP,0.2261,нет свежего пробоя Donchian на последней закрытой свече,,rejected,,
0.9299999999999983,no_fresh_breakout,48,BCH-USDT-SWAP,455.3,нет свежего пробоя Donchian на последней закрытой свече,,rejected,,
0.0,закрытие_не_удержалось_выше_канала,48,BOME-USDT-SWAP,0.0,закрытие не удержалось выше канала,long,rejected,Turtle 20,
272.72999999999956,no_fresh_breakout,48,BTC-USDT-SWAP,69973.1,нет свежего пробоя Donchian на последней закрытой свече,,rejected,,
0.0,закрытие_не_удержалось_ниже_канала,48,CFX-USDT-SWAP,0.0,закрытие не удержалось ниже канала,short,rejected,Turtle 20,
0.12299999999999969,no_fresh_breakout,48,COMP-USDT-SWAP,18.8,нет свежего пробоя Donchian на последней закрытой свече,,rejected,,
0.0023849999999999995,no_fresh_breakout,48,CRV-USDT-SWAP,0.2345,нет свежего пробоя Donchian на последней закрытой свече,,rejected,,
0.0006750000000000006,no_fresh_breakout,48,DOGE-USDT-SWAP,0.0934,нет свежего пробоя Donchian на последней закрытой свече,,rejected,,
0.018750000000000024,no_fresh_breakout,48,DOT-USDT-SWAP,1.521,нет свежего пробоя Donchian на последней закрытой свече,,rejected,,
0.020500000000000008,no_fresh_breakout,48,ETC-USDT-SWAP,8.27,нет свежего пробоя Donchian на последней закрытой свече,,rejected,,
22.28499999999999,no_fresh_breakout,48,ETH-USDT-SWAP,2135.44,нет свежего пробоя Donchian на последней закрытой свече,,rejected,,
0.0022499999999999964,no_fresh_breakout,48,LPT-USDT-SWAP,2.217,нет свежего пробоя Donchian на последней закрытой свече,,rejected,,
0.00031000000000000195,no_fresh_breakout,48,LQTY-USDT-SWAP,0.2786,нет свежего пробоя Donchian на последней закрытой свече,,rejected,,
0.0047785,no_fresh_breakout,48,MAGIC-USDT-SWAP,0.06213,нет свежего пробоя Donchian на последней закрытой свече,,rejected,,
5.9999999999998944e-05,no_fresh_breakout,48,MET-USDT-SWAP,0.1541,нет свежего пробоя Donchian на последней закрытой свече,,rejected,,
0.0,oversized_breakout_candle_4.41_atr_>_3.50_atr,48,OP-USDT-SWAP,0.0,oversized breakout candle 4.41 ATR > 3.50 ATR,long,rejected,Turtle 55,
0.0,oversized_breakout_candle_4.41_atr_>_3.50_atr,48,OP-USDT-SWAP,0.0,oversized breakout candle 4.41 ATR > 3.50 ATR,long,rejected,Turtle 20,
2.1649999999999995e-08,no_fresh_breakout,48,PEPE-USDT-SWAP,3.382e-06,нет свежего пробоя Donchian на последней закрытой свече,,rejected,,
0.0,atr_warmup:_цена_или_atr_недоступны_после_прогрева,48,SKY-USDT-SWAP,0.0,ATR warmup: цена или ATR недоступны после прогрева,,rejected,,
0.0,закрытие_не_удержалось_выше_канала,48,SOL-USDT-SWAP,0.0,закрытие не удержалось выше канала,long,rejected,Turtle 20,
0.011470000000000004,no_fresh_breakout,48,SUSHI-USDT-SWAP,0.2056,нет свежего пробоя Donchian на последней закрытой свече,,rejected,,
0.008000000000000018,no_fresh_breakout,48,TON-USDT-SWAP,1.236,нет свежего пробоя Donchian на последней закрытой свече,,rejected,,
0.00034500000000000085,no_fresh_breakout,48,TRX-USDT-SWAP,0.3007,нет свежего пробоя Donchian на последней закрытой свече,,rejected,,
0.0,cooldown,48,TSLA-USDT-SWAP,0.0,cooldown после ATR-стопа ещё активен 1703s; цена отошла только на 0.99 ATR,long,rejected,Turtle 20,
0.004677500000000006,no_fresh_breakout,48,USDC-USDT-SWAP,1.0,нет свежего пробоя Donchian на последней закрытой свече,,rejected,,
96.45499999999997,no_fresh_breakout,48,XAU-USDT-SWAP,4640.6,нет свежего пробоя Donchian на последней закрытой свече,,rejected,,
0.002334500000000002,no_fresh_breakout,48,XLM-USDT-SWAP,0.1695,нет свежего пробоя Donchian на последней закрытой свече,,rejected,,
0.009715000000000007,no_fresh_breakout,48,XRP-USDT-SWAP,1.4483,нет свежего пробоя Donchian на последней закрытой свече,,rejected,,
0.0002149999999999999,no_fresh_breakout,48,YB-USDT-SWAP,0.1223,нет свежего пробоя Donchian на последней закрытой свече,,rejected,,
0.0,закрытие_не_удержалось_выше_канала,48,YFI-USDT-SWAP,0.0,закрытие не удержалось выше канала,long,rejected,Turtle 20,
0.0004450000000000013,no_fresh_breakout,48,YGG-USDT-SWAP,0.0398,нет свежего пробоя Donchian на последней закрытой свече,,rejected,,
6.499999999999909e-05,no_fresh_breakout,49,1INCH-USDT-SWAP,0.0952,нет свежего пробоя Donchian на последней закрытой свече,,rejected,,
0.0013400000000000003,no_fresh_breakout,49,2Z-USDT-SWAP,0.0782,нет свежего пробоя Donchian на последней закрытой свече,,rejected,,
0.20500000000000043,no_fresh_breakout,49,AAVE-USDT-SWAP,111.71,нет свежего пробоя Donchian на последней закрытой свече,,rejected,,
1.200000000000003e-05,no_fresh_breakout,49,ACT-USDT-SWAP,0.01345,нет свежего пробоя Donchian на последней закрытой свече,,rejected,,
0.0,blacklist,49,ADA-USDT-SWAP,0.0,momentum chase blocked after 3 same-side candles,long,rejected,Turtle 20,
0.0009299999999999982,no_fresh_breakout,49,ARB-USDT-SWAP,0.099,нет свежего пробоя Donchian на последней закрытой свече,,rejected,,
0.013815000000000022,no_fresh_breakout,49,ASTER-USDT-SWAP,0.6891,нет свежего пробоя Donchian на последней закрытой свече,,rejected,,
0.06994999999999996,no_fresh_breakout,49,AUCTION-USDT-SWAP,5.005,нет свежего пробоя Donchian на последней закрытой свече,,rejected,,
0.0,закрытие_не_удержалось_выше_канала,49,AXS-USDT-SWAP,0.0,закрытие не удержалось выше канала,long,rejected,Turtle 20,
0.0002600000000000019,no_fresh_breakout,49,BAND-USDT-SWAP,0.2261,нет свежего пробоя Donchian на последней закрытой свече,,rejected,,
0.9299999999999983,no_fresh_breakout,49,BCH-USDT-SWAP,455.3,нет свежего пробоя Donchian на последней закрытой свече,,rejected,,
0.0,закрытие_не_удержалось_выше_канала,49,BOME-USDT-SWAP,0.0,закрытие не удержалось выше канала,long,rejected,Turtle 20,
272.72999999999956,no_fresh_breakout,49,BTC-USDT-SWAP,69973.1,нет свежего пробоя Donchian на последней закрытой свече,,rejected,,
0.0,закрытие_не_удержалось_ниже_канала,49,CFX-USDT-SWAP,0.0,закрытие не удержалось ниже канала,short,rejected,Turtle 20,
0.12299999999999969,no_fresh_breakout,49,COMP-USDT-SWAP,18.8,нет свежего пробоя Donchian на последней закрытой свече,,rejected,,
0.0023849999999999995,no_fresh_breakout,49,CRV-USDT-SWAP,0.2345,нет свежего пробоя Donchian на последней закрытой свече,,rejected,,
0.0006750000000000006,no_fresh_breakout,49,DOGE-USDT-SWAP,0.0934,нет свежего пробоя Donchian на последней закрытой свече,,rejected,,
0.018750000000000024,no_fresh_breakout,49,DOT-USDT-SWAP,1.521,нет свежего пробоя Donchian на последней закрытой свече,,rejected,,
0.020500000000000008,no_fresh_breakout,49,ETC-USDT-SWAP,8.27,нет свежего пробоя Donchian на последней закрытой свече,,rejected,,
22.28499999999999,no_fresh_breakout,49,ETH-USDT-SWAP,2135.44,нет свежего пробоя Donchian на последней закрытой свече,,rejected,,
0.0005000000000000004,no_fresh_breakout,49,FIL-USDT-SWAP,0.885,нет свежего пробоя Donchian на последней закрытой свече,,rejected,,
0.015699999999999936,no_fresh_breakout,49,ICP-USDT-SWAP,2.491,нет свежего пробоя Donchian на последней закрытой свече,,rejected,,
0.00024999999999999746,no_fresh_breakout,49,JUP-USDT-SWAP,0.1595,нет свежего пробоя Donchian на последней закрытой свече,,rejected,,
0.028900000000000016,no_fresh_breakout,49,KSM-USDT-SWAP,4.522,нет свежего пробоя Donchian на последней закрытой свече,,rejected,,
0.0,закрытие_не_удержалось_выше_канала,49,LINK-USDT-SWAP,0.0,закрытие не удержалось выше канала,long,rejected,Turtle 20,
0.0012500000000000178,no_fresh_breakout,49,LIT-USDT-SWAP,1.176,нет свежего пробоя Donchian на последней закрытой свече,,rejected,,
0.0022499999999999964,no_fresh_breakout,49,LPT-USDT-SWAP,2.217,нет свежего пробоя Donchian на последней закрытой свече,,rejected,,
0.00031000000000000195,no_fresh_breakout,49,LQTY-USDT-SWAP,0.2786,нет свежего пробоя Donchian на последней закрытой свече,,rejected,,
0.0047785,no_fresh_breakout,49,MAGIC-USDT-SWAP,0.06213,нет свежего пробоя Donchian на последней закрытой свече,,rejected,,
5.9999999999998944e-05,no_fresh_breakout,49,MET-USDT-SWAP,0.1541,нет свежего пробоя Donchian на последней закрытой свече,,rejected,,
0.0,oversized_breakout_candle_4.41_atr_>_3.50_atr,49,OP-USDT-SWAP,0.0,oversized breakout candle 4.41 ATR > 3.50 ATR,long,rejected,Turtle 55,
0.0,oversized_breakout_candle_4.41_atr_>_3.50_atr,49,OP-USDT-SWAP,0.0,oversized breakout candle 4.41 ATR > 3.50 ATR,long,rejected,Turtle 20,
2.1649999999999995e-08,no_fresh_breakout,49,PEPE-USDT-SWAP,3.382e-06,нет свежего пробоя Donchian на последней закрытой свече,,rejected,,
0.0,atr_warmup:_цена_или_atr_недоступны_после_прогрева,49,SKY-USDT-SWAP,0.0,ATR warmup: цена или ATR недоступны после прогрева,,rejected,,
0.0,закрытие_не_удержалось_выше_канала,49,SOL-USDT-SWAP,0.0,закрытие не удержалось выше канала,long,rejected,Turtle 20,
0.011470000000000004,no_fresh_breakout,49,SUSHI-USDT-SWAP,0.2056,нет свежего пробоя Donchian на последней закрытой свече,,rejected,,
0.008000000000000018,no_fresh_breakout,49,TON-USDT-SWAP,1.236,нет свежего пробоя Donchian на последней закрытой свече,,rejected,,
0.00034500000000000085,no_fresh_breakout,49,TRX-USDT-SWAP,0.3007,нет свежего пробоя Donchian на последней закрытой свече,,rejected,,
0.0,cooldown,49,TSLA-USDT-SWAP,0.0,cooldown после ATR-стопа ещё активен 1674s; цена отошла только на 0.99 ATR,long,rejected,Turtle 20,
0.004677500000000006,no_fresh_breakout,49,USDC-USDT-SWAP,1.0,нет свежего пробоя Donchian на последней закрытой свече,,rejected,,
96.45499999999997,no_fresh_breakout,49,XAU-USDT-SWAP,4640.6,нет свежего пробоя Donchian на последней закрытой свече,,rejected,,
0.002334500000000002,no_fresh_breakout,49,XLM-USDT-SWAP,0.1695,нет свежего пробоя Donchian на последней закрытой свече,,rejected,,
0.009715000000000007,no_fresh_breakout,49,XRP-USDT-SWAP,1.4483,нет свежего пробоя Donchian на последней закрытой свече,,rejected,,
0.0002149999999999999,no_fresh_breakout,49,YB-USDT-SWAP,0.1223,нет свежего пробоя Donchian на последней закрытой свече,,rejected,,
0.0,закрытие_не_удержалось_выше_канала,49,YFI-USDT-SWAP,0.0,закрытие не удержалось выше канала,long,rejected,Turtle 20,
0.0004450000000000013,no_fresh_breakout,49,YGG-USDT-SWAP,0.0398,нет свежего пробоя Donchian на последней закрытой свече,,rejected,,
6.499999999999909e-05,no_fresh_breakout,50,1INCH-USDT-SWAP,0.0952,нет свежего пробоя Donchian на последней закрытой свече,,rejected,,
0.0013400000000000003,no_fresh_breakout,50,2Z-USDT-SWAP,0.0782,нет свежего пробоя Donchian на последней закрытой свече,,rejected,,
0.20500000000000043,no_fresh_breakout,50,AAVE-USDT-SWAP,111.71,нет свежего пробоя Donchian на последней закрытой свече,,rejected,,
1.200000000000003e-05,no_fresh_breakout,50,ACT-USDT-SWAP,0.01345,нет свежего пробоя Donchian на последней закрытой свече,,rejected,,
0.0,blacklist,50,ADA-USDT-SWAP,0.0,momentum chase blocked after 3 same-side candles,long,rejected,Turtle 20,
0.0009299999999999982,no_fresh_breakout,50,ARB-USDT-SWAP,0.099,нет свежего пробоя Donchian на последней закрытой свече,,rejected,,
0.013815000000000022,no_fresh_breakout,50,ASTER-USDT-SWAP,0.6891,нет свежего пробоя Donchian на последней закрытой свече,,rejected,,
0.06994999999999996,no_fresh_breakout,50,AUCTION-USDT-SWAP,5.005,нет свежего пробоя Donchian на последней закрытой свече,,rejected,,
0.0,закрытие_не_удержалось_выше_канала,50,AXS-USDT-SWAP,0.0,закрытие не удержалось выше канала,long,rejected,Turtle 20,
0.0002600000000000019,no_fresh_breakout,50,BAND-USDT-SWAP,0.2261,нет свежего пробоя Donchian на последней закрытой свече,,rejected,,
0.9299999999999983,no_fresh_breakout,50,BCH-USDT-SWAP,455.3,нет свежего пробоя Donchian на последней закрытой свече,,rejected,,
0.0,закрытие_не_удержалось_выше_канала,50,BOME-USDT-SWAP,0.0,закрытие не удержалось выше канала,long,rejected,Turtle 20,
272.72999999999956,no_fresh_breakout,50,BTC-USDT-SWAP,69973.1,нет свежего пробоя Donchian на последней закрытой свече,,rejected,,
0.0,закрытие_не_удержалось_ниже_канала,50,CFX-USDT-SWAP,0.0,закрытие не удержалось ниже канала,short,rejected,Turtle 20,
0.12299999999999969,no_fresh_breakout,50,COMP-USDT-SWAP,18.8,нет свежего пробоя Donchian на последней закрытой свече,,rejected,,
0.0023849999999999995,no_fresh_breakout,50,CRV-USDT-SWAP,0.2345,нет свежего пробоя Donchian на последней закрытой свече,,rejected,,
0.0006750000000000006,no_fresh_breakout,50,DOGE-USDT-SWAP,0.0934,нет свежего пробоя Donchian на последней закрытой свече,,rejected,,
0.018750000000000024,no_fresh_breakout,50,DOT-USDT-SWAP,1.521,нет свежего пробоя Donchian на последней закрытой свече,,rejected,,
0.020500000000000008,no_fresh_breakout,50,ETC-USDT-SWAP,8.27,нет свежего пробоя Donchian на последней закрытой свече,,rejected,,
22.28499999999999,no_fresh_breakout,50,ETH-USDT-SWAP,2135.44,нет свежего пробоя Donchian на последней закрытой свече,,rejected,,
0.0005000000000000004,no_fresh_breakout,50,FIL-USDT-SWAP,0.885,нет свежего пробоя Donchian на последней закрытой свече,,rejected,,
0.015699999999999936,no_fresh_breakout,50,ICP-USDT-SWAP,2.491,нет свежего пробоя Donchian на последней закрытой свече,,rejected,,
0.00024999999999999746,no_fresh_breakout,50,JUP-USDT-SWAP,0.1595,нет свежего пробоя Donchian на последней закрытой свече,,rejected,,
0.028900000000000016,no_fresh_breakout,50,KSM-USDT-SWAP,4.522,нет свежего пробоя Donchian на последней закрытой свече,,rejected,,
0.0,закрытие_не_удержалось_выше_канала,50,LINK-USDT-SWAP,0.0,закрытие не удержалось выше канала,long,rejected,Turtle 20,
0.0012500000000000178,no_fresh_breakout,50,LIT-USDT-SWAP,1.176,нет свежего пробоя Donchian на последней закрытой свече,,rejected,,
0.0022499999999999964,no_fresh_breakout,50,LPT-USDT-SWAP,2.217,нет свежего пробоя Donchian на последней закрытой свече,,rejected,,
0.00031000000000000195,no_fresh_breakout,50,LQTY-USDT-SWAP,0.2786,нет свежего пробоя Donchian на последней закрытой свече,,rejected,,
0.0047785,no_fresh_breakout,50,MAGIC-USDT-SWAP,0.06213,нет свежего пробоя Donchian на последней закрытой свече,,rejected,,
5.9999999999998944e-05,no_fresh_breakout,50,MET-USDT-SWAP,0.1541,нет свежего пробоя Donchian на последней закрытой свече,,rejected,,
0.0,oversized_breakout_candle_4.41_atr_>_3.50_atr,50,OP-USDT-SWAP,0.0,oversized breakout candle 4.41 ATR > 3.50 ATR,long,rejected,Turtle 55,
0.0,oversized_breakout_candle_4.41_atr_>_3.50_atr,50,OP-USDT-SWAP,0.0,oversized breakout candle 4.41 ATR > 3.50 ATR,long,rejected,Turtle 20,
2.1649999999999995e-08,no_fresh_breakout,50,PEPE-USDT-SWAP,3.382e-06,нет свежего пробоя Donchian на последней закрытой свече,,rejected,,
0.0,atr_warmup:_цена_или_atr_недоступны_после_прогрева,50,SKY-USDT-SWAP,0.0,ATR warmup: цена или ATR недоступны после прогрева,,rejected,,
0.0,закрытие_не_удержалось_выше_канала,50,SOL-USDT-SWAP,0.0,закрытие не удержалось выше канала,long,rejected,Turtle 20,
0.011470000000000004,no_fresh_breakout,50,SUSHI-USDT-SWAP,0.2056,нет свежего пробоя Donchian на последней закрытой свече,,rejected,,
0.008000000000000018,no_fresh_breakout,50,TON-USDT-SWAP,1.236,нет свежего пробоя Donchian на последней закрытой свече,,rejected,,
0.00034500000000000085,no_fresh_breakout,50,TRX-USDT-SWAP,0.3007,нет свежего пробоя Donchian на последней закрытой свече,,rejected,,
0.0,cooldown,50,TSLA-USDT-SWAP,0.0,cooldown после ATR-стопа ещё активен 1628s; цена отошла только на 0.99 ATR,long,rejected,Turtle 20,
0.004677500000000006,no_fresh_breakout,50,USDC-USDT-SWAP,1.0,нет свежего пробоя Donchian на последней закрытой свече,,rejected,,
96.45499999999997,no_fresh_breakout,50,XAU-USDT-SWAP,4640.6,нет свежего пробоя Donchian на последней закрытой свече,,rejected,,
0.002334500000000002,no_fresh_breakout,50,XLM-USDT-SWAP,0.1695,нет свежего пробоя Donchian на последней закрытой свече,,rejected,,
0.009715000000000007,no_fresh_breakout,50,XRP-USDT-SWAP,1.4483,нет свежего пробоя Donchian на последней закрытой свече,,rejected,,
0.0002149999999999999,no_fresh_breakout,50,YB-USDT-SWAP,0.1223,нет свежего пробоя Donchian на последней закрытой свече,,rejected,,
0.0,закрытие_не_удержалось_выше_канала,50,YFI-USDT-SWAP,0.0,закрытие не удержалось выше канала,long,rejected,Turtle 20,
0.0004450000000000013,no_fresh_breakout,50,YGG-USDT-SWAP,0.0398,нет свежего пробоя Donchian на последней закрытой свече,,rejected,,
6.499999999999909e-05,no_fresh_breakout,51,1INCH-USDT-SWAP,0.0952,нет свежего пробоя Donchian на последней закрытой свече,,rejected,,
0.0013400000000000003,no_fresh_breakout,51,2Z-USDT-SWAP,0.0782,нет свежего пробоя Donchian на последней закрытой свече,,rejected,,
0.20500000000000043,no_fresh_breakout,51,AAVE-USDT-SWAP,111.71,нет свежего пробоя Donchian на последней закрытой свече,,rejected,,
1.200000000000003e-05,no_fresh_breakout,51,ACT-USDT-SWAP,0.01345,нет свежего пробоя Donchian на последней закрытой свече,,rejected,,
0.0,blacklist,51,ADA-USDT-SWAP,0.0,momentum chase blocked after 3 same-side candles,long,rejected,Turtle 20,
0.0009299999999999982,no_fresh_breakout,51,ARB-USDT-SWAP,0.099,нет свежего пробоя Donchian на последней закрытой свече,,rejected,,
0.013815000000000022,no_fresh_breakout,51,ASTER-USDT-SWAP,0.6891,нет свежего пробоя Donchian на последней закрытой свече,,rejected,,
0.06994999999999996,no_fresh_breakout,51,AUCTION-USDT-SWAP,5.005,нет свежего пробоя Donchian на последней закрытой свече,,rejected,,
0.0,закрытие_не_удержалось_выше_канала,51,AXS-USDT-SWAP,0.0,закрытие не удержалось выше канала,long,rejected,Turtle 20,
0.0002600000000000019,no_fresh_breakout,51,BAND-USDT-SWAP,0.2261,нет свежего пробоя Donchian на последней закрытой свече,,rejected,,
0.9299999999999983,no_fresh_breakout,51,BCH-USDT-SWAP,455.3,нет свежего пробоя Donchian на последней закрытой свече,,rejected,,
0.0,закрытие_не_удержалось_выше_канала,51,BOME-USDT-SWAP,0.0,закрытие не удержалось выше канала,long,rejected,Turtle 20,
272.72999999999956,no_fresh_breakout,51,BTC-USDT-SWAP,69973.1,нет свежего пробоя Donchian на последней закрытой свече,,rejected,,
0.0,закрытие_не_удержалось_ниже_канала,51,CFX-USDT-SWAP,0.0,закрытие не удержалось ниже канала,short,rejected,Turtle 20,
0.12299999999999969,no_fresh_breakout,51,COMP-USDT-SWAP,18.8,нет свежего пробоя Donchian на последней закрытой свече,,rejected,,
0.0023849999999999995,no_fresh_breakout,51,CRV-USDT-SWAP,0.2345,нет свежего пробоя Donchian на последней закрытой свече,,rejected,,
0.0006750000000000006,no_fresh_breakout,51,DOGE-USDT-SWAP,0.0934,нет свежего пробоя Donchian на последней закрытой свече,,rejected,,
0.018750000000000024,no_fresh_breakout,51,DOT-USDT-SWAP,1.521,нет свежего пробоя Donchian на последней закрытой свече,,rejected,,
0.020500000000000008,no_fresh_breakout,51,ETC-USDT-SWAP,8.27,нет свежего пробоя Donchian на последней закрытой свече,,rejected,,
22.28499999999999,no_fresh_breakout,51,ETH-USDT-SWAP,2135.44,нет свежего пробоя Donchian на последней закрытой свече,,rejected,,
0.0005000000000000004,no_fresh_breakout,51,FIL-USDT-SWAP,0.885,нет свежего пробоя Donchian на последней закрытой свече,,rejected,,
0.015699999999999936,no_fresh_breakout,51,ICP-USDT-SWAP,2.491,нет свежего пробоя Donchian на последней закрытой свече,,rejected,,
0.00024999999999999746,no_fresh_breakout,51,JUP-USDT-SWAP,0.1595,нет свежего пробоя Donchian на последней закрытой свече,,rejected,,
0.028900000000000016,no_fresh_breakout,51,KSM-USDT-SWAP,4.522,нет свежего пробоя Donchian на последней закрытой свече,,rejected,,
0.0,закрытие_не_удержалось_выше_канала,51,LINK-USDT-SWAP,0.0,закрытие не удержалось выше канала,long,rejected,Turtle 20,
0.0012500000000000178,no_fresh_breakout,51,LIT-USDT-SWAP,1.176,нет свежего пробоя Donchian на последней закрытой свече,,rejected,,
0.0022499999999999964,no_fresh_breakout,51,LPT-USDT-SWAP,2.217,нет свежего пробоя Donchian на последней закрытой свече,,rejected,,
0.00031000000000000195,no_fresh_breakout,51,LQTY-USDT-SWAP,0.2786,нет свежего пробоя Donchian на последней закрытой свече,,rejected,,
0.0047785,no_fresh_breakout,51,MAGIC-USDT-SWAP,0.06213,нет свежего пробоя Donchian на последней закрытой свече,,rejected,,
5.9999999999998944e-05,no_fresh_breakout,51,MET-USDT-SWAP,0.1541,нет свежего пробоя Donchian на последней закрытой свече,,rejected,,
0.0,oversized_breakout_candle_4.41_atr_>_3.50_atr,51,OP-USDT-SWAP,0.0,oversized breakout candle 4.41 ATR > 3.50 ATR,long,rejected,Turtle 55,
0.0,oversized_breakout_candle_4.41_atr_>_3.50_atr,51,OP-USDT-SWAP,0.0,oversized breakout candle 4.41 ATR > 3.50 ATR,long,rejected,Turtle 20,
2.1649999999999995e-08,no_fresh_breakout,51,PEPE-USDT-SWAP,3.382e-06,нет свежего пробоя Donchian на последней закрытой свече,,rejected,,
0.0,atr_warmup:_цена_или_atr_недоступны_после_прогрева,51,SKY-USDT-SWAP,0.0,ATR warmup: цена или ATR недоступны после прогрева,,rejected,,
0.0,закрытие_не_удержалось_выше_канала,51,SOL-USDT-SWAP,0.0,закрытие не удержалось выше канала,long,rejected,Turtle 20,
0.011470000000000004,no_fresh_breakout,51,SUSHI-USDT-SWAP,0.2056,нет свежего пробоя Donchian на последней закрытой свече,,rejected,,
0.008000000000000018,no_fresh_breakout,51,TON-USDT-SWAP,1.236,нет свежего пробоя Donchian на последней закрытой свече,,rejected,,
0.00034500000000000085,no_fresh_breakout,51,TRX-USDT-SWAP,0.3007,нет свежего пробоя Donchian на последней закрытой свече,,rejected,,
0.0,cooldown,51,TSLA-USDT-SWAP,0.0,cooldown после ATR-стопа ещё активен 1601s; цена отошла только на 0.99 ATR,long,rejected,Turtle 20,
0.004677500000000006,no_fresh_breakout,51,USDC-USDT-SWAP,1.0,нет свежего пробоя Donchian на последней закрытой свече,,rejected,,
96.45499999999997,no_fresh_breakout,51,XAU-USDT-SWAP,4640.6,нет свежего пробоя Donchian на последней закрытой свече,,rejected,,
0.002334500000000002,no_fresh_breakout,51,XLM-USDT-SWAP,0.1695,нет свежего пробоя Donchian на последней закрытой свече,,rejected,,
0.009715000000000007,no_fresh_breakout,51,XRP-USDT-SWAP,1.4483,нет свежего пробоя Donchian на последней закрытой свече,,rejected,,
0.0002149999999999999,no_fresh_breakout,51,YB-USDT-SWAP,0.1223,нет свежего пробоя Donchian на последней закрытой свече,,rejected,,
0.0,закрытие_не_удержалось_выше_канала,51,YFI-USDT-SWAP,0.0,закрытие не удержалось выше канала,long,rejected,Turtle 20,
0.0004450000000000013,no_fresh_breakout,51,YGG-USDT-SWAP,0.0398,нет свежего пробоя Donchian на последней закрытой свече,,rejected,,
6.499999999999909e-05,no_fresh_breakout,52,1INCH-USDT-SWAP,0.0952,нет свежего пробоя Donchian на последней закрытой свече,,rejected,,
0.0013400000000000003,no_fresh_breakout,52,2Z-USDT-SWAP,0.0782,нет свежего пробоя Donchian на последней закрытой свече,,rejected,,
0.20500000000000043,no_fresh_breakout,52,AAVE-USDT-SWAP,111.71,нет свежего пробоя Donchian на последней закрытой свече,,rejected,,
1.200000000000003e-05,no_fresh_breakout,52,ACT-USDT-SWAP,0.01345,нет свежего пробоя Donchian на последней закрытой свече,,rejected,,
0.0,blacklist,52,ADA-USDT-SWAP,0.0,momentum chase blocked after 3 same-side candles,long,rejected,Turtle 20,
0.0009299999999999982,no_fresh_breakout,52,ARB-USDT-SWAP,0.099,нет свежего пробоя Donchian на последней закрытой свече,,rejected,,
0.013815000000000022,no_fresh_breakout,52,ASTER-USDT-SWAP,0.6891,нет свежего пробоя Donchian на последней закрытой свече,,rejected,,
0.06994999999999996,no_fresh_breakout,52,AUCTION-USDT-SWAP,5.005,нет свежего пробоя Donchian на последней закрытой свече,,rejected,,
0.0,закрытие_не_удержалось_выше_канала,52,AXS-USDT-SWAP,0.0,закрытие не удержалось выше канала,long,rejected,Turtle 20,
0.0002600000000000019,no_fresh_breakout,52,BAND-USDT-SWAP,0.2261,нет свежего пробоя Donchian на последней закрытой свече,,rejected,,
0.9299999999999983,no_fresh_breakout,52,BCH-USDT-SWAP,455.3,нет свежего пробоя Donchian на последней закрытой свече,,rejected,,
0.0,закрытие_не_удержалось_выше_канала,52,BOME-USDT-SWAP,0.0,закрытие не удержалось выше канала,long,rejected,Turtle 20,
272.72999999999956,no_fresh_breakout,52,BTC-USDT-SWAP,69973.1,нет свежего пробоя Donchian на последней закрытой свече,,rejected,,
0.0,закрытие_не_удержалось_ниже_канала,52,CFX-USDT-SWAP,0.0,закрытие не удержалось ниже канала,short,rejected,Turtle 20,
0.12299999999999969,no_fresh_breakout,52,COMP-USDT-SWAP,18.8,нет свежего пробоя Donchian на последней закрытой свече,,rejected,,
0.0023849999999999995,no_fresh_breakout,52,CRV-USDT-SWAP,0.2345,нет свежего пробоя Donchian на последней закрытой свече,,rejected,,
0.0006750000000000006,no_fresh_breakout,52,DOGE-USDT-SWAP,0.0934,нет свежего пробоя Donchian на последней закрытой свече,,rejected,,
0.018750000000000024,no_fresh_breakout,52,DOT-USDT-SWAP,1.521,нет свежего пробоя Donchian на последней закрытой свече,,rejected,,
0.020500000000000008,no_fresh_breakout,52,ETC-USDT-SWAP,8.27,нет свежего пробоя Donchian на последней закрытой свече,,rejected,,
22.28499999999999,no_fresh_breakout,52,ETH-USDT-SWAP,2135.44,нет свежего пробоя Donchian на последней закрытой свече,,rejected,,
0.0005000000000000004,no_fresh_breakout,52,FIL-USDT-SWAP,0.885,нет свежего пробоя Donchian на последней закрытой свече,,rejected,,
0.015699999999999936,no_fresh_breakout,52,ICP-USDT-SWAP,2.491,нет свежего пробоя Donchian на последней закрытой свече,,rejected,,
0.00024999999999999746,no_fresh_breakout,52,JUP-USDT-SWAP,0.1595,нет свежего пробоя Donchian на последней закрытой свече,,rejected,,
0.028900000000000016,no_fresh_breakout,52,KSM-USDT-SWAP,4.522,нет свежего пробоя Donchian на последней закрытой свече,,rejected,,
0.0,закрытие_не_удержалось_выше_канала,52,LINK-USDT-SWAP,0.0,закрытие не удержалось выше канала,long,rejected,Turtle 20,
0.0012500000000000178,no_fresh_breakout,52,LIT-USDT-SWAP,1.176,нет свежего пробоя Donchian на последней закрытой свече,,rejected,,
0.0022499999999999964,no_fresh_breakout,52,LPT-USDT-SWAP,2.217,нет свежего пробоя Donchian на последней закрытой свече,,rejected,,
0.00031000000000000195,no_fresh_breakout,52,LQTY-USDT-SWAP,0.2786,нет свежего пробоя Donchian на последней закрытой свече,,rejected,,
0.0047785,no_fresh_breakout,52,MAGIC-USDT-SWAP,0.06213,нет свежего пробоя Donchian на последней закрытой свече,,rejected,,
5.9999999999998944e-05,no_fresh_breakout,52,MET-USDT-SWAP,0.1541,нет свежего пробоя Donchian на последней закрытой свече,,rejected,,
0.0,oversized_breakout_candle_4.41_atr_>_3.50_atr,52,OP-USDT-SWAP,0.0,oversized breakout candle 4.41 ATR > 3.50 ATR,long,rejected,Turtle 55,
0.0,oversized_breakout_candle_4.41_atr_>_3.50_atr,52,OP-USDT-SWAP,0.0,oversized breakout candle 4.41 ATR > 3.50 ATR,long,rejected,Turtle 20,
2.1649999999999995e-08,no_fresh_breakout,52,PEPE-USDT-SWAP,3.382e-06,нет свежего пробоя Donchian на последней закрытой свече,,rejected,,
0.0,atr_warmup:_цена_или_atr_недоступны_после_прогрева,52,SKY-USDT-SWAP,0.0,ATR warmup: цена или ATR недоступны после прогрева,,rejected,,
0.0,закрытие_не_удержалось_выше_канала,52,SOL-USDT-SWAP,0.0,закрытие не удержалось выше канала,long,rejected,Turtle 20,
0.011470000000000004,no_fresh_breakout,52,SUSHI-USDT-SWAP,0.2056,нет свежего пробоя Donchian на последней закрытой свече,,rejected,,
0.008000000000000018,no_fresh_breakout,52,TON-USDT-SWAP,1.236,нет свежего пробоя Donchian на последней закрытой свече,,rejected,,
0.00034500000000000085,no_fresh_breakout,52,TRX-USDT-SWAP,0.3007,нет свежего пробоя Donchian на последней закрытой свече,,rejected,,
0.0,cooldown,52,TSLA-USDT-SWAP,0.0,cooldown после ATR-стопа ещё активен 1573s; цена отошла только на 0.99 ATR,long,rejected,Turtle 20,
0.004677500000000006,no_fresh_breakout,52,USDC-USDT-SWAP,1.0,нет свежего пробоя Donchian на последней закрытой свече,,rejected,,
96.45499999999997,no_fresh_breakout,52,XAU-USDT-SWAP,4640.6,нет свежего пробоя Donchian на последней закрытой свече,,rejected,,
0.002334500000000002,no_fresh_breakout,52,XLM-USDT-SWAP,0.1695,нет свежего пробоя Donchian на последней закрытой свече,,rejected,,
0.009715000000000007,no_fresh_breakout,52,XRP-USDT-SWAP,1.4483,нет свежего пробоя Donchian на последней закрытой свече,,rejected,,
0.0002149999999999999,no_fresh_breakout,52,YB-USDT-SWAP,0.1223,нет свежего пробоя Donchian на последней закрытой свече,,rejected,,
0.0,закрытие_не_удержалось_выше_канала,52,YFI-USDT-SWAP,0.0,закрытие не удержалось выше канала,long,rejected,Turtle 20,
0.0004450000000000013,no_fresh_breakout,52,YGG-USDT-SWAP,0.0398,нет свежего пробоя Donchian на последней закрытой свече,,rejected,,
6.499999999999909e-05,no_fresh_breakout,53,1INCH-USDT-SWAP,0.0952,нет свежего пробоя Donchian на последней закрытой свече,,rejected,,
0.0013400000000000003,no_fresh_breakout,53,2Z-USDT-SWAP,0.0782,нет свежего пробоя Donchian на последней закрытой свече,,rejected,,
0.20500000000000043,no_fresh_breakout,53,AAVE-USDT-SWAP,111.71,нет свежего пробоя Donchian на последней закрытой свече,,rejected,,
1.200000000000003e-05,no_fresh_breakout,53,ACT-USDT-SWAP,0.01345,нет свежего пробоя Donchian на последней закрытой свече,,rejected,,
0.0,blacklist,53,ADA-USDT-SWAP,0.0,momentum chase blocked after 3 same-side candles,long,rejected,Turtle 20,
0.0009299999999999982,no_fresh_breakout,53,ARB-USDT-SWAP,0.099,нет свежего пробоя Donchian на последней закрытой свече,,rejected,,
0.013815000000000022,no_fresh_breakout,53,ASTER-USDT-SWAP,0.6891,нет свежего пробоя Donchian на последней закрытой свече,,rejected,,
0.06994999999999996,no_fresh_breakout,53,AUCTION-USDT-SWAP,5.005,нет свежего пробоя Donchian на последней закрытой свече,,rejected,,
0.0,закрытие_не_удержалось_выше_канала,53,AXS-USDT-SWAP,0.0,закрытие не удержалось выше канала,long,rejected,Turtle 20,
0.0002600000000000019,no_fresh_breakout,53,BAND-USDT-SWAP,0.2261,нет свежего пробоя Donchian на последней закрытой свече,,rejected,,
0.9299999999999983,no_fresh_breakout,53,BCH-USDT-SWAP,455.3,нет свежего пробоя Donchian на последней закрытой свече,,rejected,,
0.0,закрытие_не_удержалось_выше_канала,53,BOME-USDT-SWAP,0.0,закрытие не удержалось выше канала,long,rejected,Turtle 20,
272.72999999999956,no_fresh_breakout,53,BTC-USDT-SWAP,69973.1,нет свежего пробоя Donchian на последней закрытой свече,,rejected,,
0.0,закрытие_не_удержалось_ниже_канала,53,CFX-USDT-SWAP,0.0,закрытие не удержалось ниже канала,short,rejected,Turtle 20,
0.12299999999999969,no_fresh_breakout,53,COMP-USDT-SWAP,18.8,нет свежего пробоя Donchian на последней закрытой свече,,rejected,,
0.0023849999999999995,no_fresh_breakout,53,CRV-USDT-SWAP,0.2345,нет свежего пробоя Donchian на последней закрытой свече,,rejected,,
0.0006750000000000006,no_fresh_breakout,53,DOGE-USDT-SWAP,0.0934,нет свежего пробоя Donchian на последней закрытой свече,,rejected,,
0.018750000000000024,no_fresh_breakout,53,DOT-USDT-SWAP,1.521,нет свежего пробоя Donchian на последней закрытой свече,,rejected,,
0.020500000000000008,no_fresh_breakout,53,ETC-USDT-SWAP,8.27,нет свежего пробоя Donchian на последней закрытой свече,,rejected,,
22.28499999999999,no_fresh_breakout,53,ETH-USDT-SWAP,2135.44,нет свежего пробоя Donchian на последней закрытой свече,,rejected,,
0.0005000000000000004,no_fresh_breakout,53,FIL-USDT-SWAP,0.885,нет свежего пробоя Donchian на последней закрытой свече,,rejected,,
0.015699999999999936,no_fresh_breakout,53,ICP-USDT-SWAP,2.491,нет свежего пробоя Donchian на последней закрытой свече,,rejected,,
0.00024999999999999746,no_fresh_breakout,53,JUP-USDT-SWAP,0.1595,нет свежего пробоя Donchian на последней закрытой свече,,rejected,,
0.028900000000000016,no_fresh_breakout,53,KSM-USDT-SWAP,4.522,нет свежего пробоя Donchian на последней закрытой свече,,rejected,,
0.0,закрытие_не_удержалось_выше_канала,53,LINK-USDT-SWAP,0.0,закрытие не удержалось выше канала,long,rejected,Turtle 20,
0.0012500000000000178,no_fresh_breakout,53,LIT-USDT-SWAP,1.176,нет свежего пробоя Donchian на последней закрытой свече,,rejected,,
0.0022499999999999964,no_fresh_breakout,53,LPT-USDT-SWAP,2.217,нет свежего пробоя Donchian на последней закрытой свече,,rejected,,
0.00031000000000000195,no_fresh_breakout,53,LQTY-USDT-SWAP,0.2786,нет свежего пробоя Donchian на последней закрытой свече,,rejected,,
0.0047785,no_fresh_breakout,53,MAGIC-USDT-SWAP,0.06213,нет свежего пробоя Donchian на последней закрытой свече,,rejected,,
5.9999999999998944e-05,no_fresh_breakout,53,MET-USDT-SWAP,0.1541,нет свежего пробоя Donchian на последней закрытой свече,,rejected,,
0.0,oversized_breakout_candle_4.41_atr_>_3.50_atr,53,OP-USDT-SWAP,0.0,oversized breakout candle 4.41 ATR > 3.50 ATR,long,rejected,Turtle 55,
0.0,oversized_breakout_candle_4.41_atr_>_3.50_atr,53,OP-USDT-SWAP,0.0,oversized breakout candle 4.41 ATR > 3.50 ATR,long,rejected,Turtle 20,
2.1649999999999995e-08,no_fresh_breakout,53,PEPE-USDT-SWAP,3.382e-06,нет свежего пробоя Donchian на последней закрытой свече,,rejected,,
0.0,atr_warmup:_цена_или_atr_недоступны_после_прогрева,53,SKY-USDT-SWAP,0.0,ATR warmup: цена или ATR недоступны после прогрева,,rejected,,
0.0,закрытие_не_удержалось_выше_канала,53,SOL-USDT-SWAP,0.0,закрытие не удержалось выше канала,long,rejected,Turtle 20,
0.011470000000000004,no_fresh_breakout,53,SUSHI-USDT-SWAP,0.2056,нет свежего пробоя Donchian на последней закрытой свече,,rejected,,
0.008000000000000018,no_fresh_breakout,53,TON-USDT-SWAP,1.236,нет свежего пробоя Donchian на последней закрытой свече,,rejected,,
0.00034500000000000085,no_fresh_breakout,53,TRX-USDT-SWAP,0.3007,нет свежего пробоя Donchian на последней закрытой свече,,rejected,,
0.0,cooldown,53,TSLA-USDT-SWAP,0.0,cooldown после ATR-стопа ещё активен 1544s; цена отошла только на 0.99 ATR,long,rejected,Turtle 20,
0.004677500000000006,no_fresh_breakout,53,USDC-USDT-SWAP,1.0,нет свежего пробоя Donchian на последней закрытой свече,,rejected,,
96.45499999999997,no_fresh_breakout,53,XAU-USDT-SWAP,4640.6,нет свежего пробоя Donchian на последней закрытой свече,,rejected,,
0.002334500000000002,no_fresh_breakout,53,XLM-USDT-SWAP,0.1695,нет свежего пробоя Donchian на последней закрытой свече,,rejected,,
0.009715000000000007,no_fresh_breakout,53,XRP-USDT-SWAP,1.4483,нет свежего пробоя Donchian на последней закрытой свече,,rejected,,
0.0002149999999999999,no_fresh_breakout,53,YB-USDT-SWAP,0.1223,нет свежего пробоя Donchian на последней закрытой свече,,rejected,,
0.0,закрытие_не_удержалось_выше_канала,53,YFI-USDT-SWAP,0.0,закрытие не удержалось выше канала,long,rejected,Turtle 20,
0.0004450000000000013,no_fresh_breakout,53,YGG-USDT-SWAP,0.0398,нет свежего пробоя Donchian на последней закрытой свече,,rejected,,
6.499999999999909e-05,no_fresh_breakout,54,1INCH-USDT-SWAP,0.0952,нет свежего пробоя Donchian на последней закрытой свече,,rejected,,
0.0013400000000000003,no_fresh_breakout,54,2Z-USDT-SWAP,0.0782,нет свежего пробоя Donchian на последней закрытой свече,,rejected,,
0.20500000000000043,no_fresh_breakout,54,AAVE-USDT-SWAP,111.71,нет свежего пробоя Donchian на последней закрытой свече,,rejected,,
9.000000000000066e-06,no_fresh_breakout,54,ACT-USDT-SWAP,0.01345,нет свежего пробоя Donchian на последней закрытой свече,,rejected,,
0.0,blacklist,54,ADA-USDT-SWAP,0.0,momentum chase blocked after 3 same-side candles,long,rejected,Turtle 20,
0.0009399999999999985,no_fresh_breakout,54,ARB-USDT-SWAP,0.099,нет свежего пробоя Donchian на последней закрытой свече,,rejected,,
0.013815000000000022,no_fresh_breakout,54,ASTER-USDT-SWAP,0.6891,нет свежего пробоя Donchian на последней закрытой свече,,rejected,,
0.07014999999999998,no_fresh_breakout,54,AUCTION-USDT-SWAP,5.018,нет свежего пробоя Donchian на последней закрытой свече,,rejected,,
0.010795000000000032,no_fresh_breakout,54,AXS-USDT-SWAP,1.1934,нет свежего пробоя Donchian на последней закрытой свече,,rejected,,
0.00028000000000000247,no_fresh_breakout,54,BAND-USDT-SWAP,0.2265,нет свежего пробоя Donchian на последней закрытой свече,,rejected,,
0.9299999999999983,no_fresh_breakout,54,BCH-USDT-SWAP,455.3,нет свежего пробоя Donchian на последней закрытой свече,,rejected,,
2.0000000000000025e-06,no_fresh_breakout,54,BOME-USDT-SWAP,0.000418,нет свежего пробоя Donchian на последней закрытой свече,,rejected,,
275.92999999999955,no_fresh_breakout,54,BTC-USDT-SWAP,70141.5,нет свежего пробоя Donchian на последней закрытой свече,,rejected,,
0.0005054999999999997,no_fresh_breakout,54,CFX-USDT-SWAP,0.06159,нет свежего пробоя Donchian на последней закрытой свече,,rejected,,
0.12249999999999961,no_fresh_breakout,54,COMP-USDT-SWAP,18.9,нет свежего пробоя Donchian на последней закрытой свече,,rejected,,
0.0023999999999999994,no_fresh_breakout,54,CRV-USDT-SWAP,0.2355,нет свежего пробоя Donchian на последней закрытой свече,,rejected,,
0.0006850000000000009,no_fresh_breakout,54,DOGE-USDT-SWAP,0.09355,нет свежего пробоя Donchian на последней закрытой свече,,rejected,,
0.018700000000000015,no_fresh_breakout,54,DOT-USDT-SWAP,1.534,нет свежего пробоя Donchian на последней закрытой свече,,rejected,,
0.020500000000000008,no_fresh_breakout,54,ETC-USDT-SWAP,8.27,нет свежего пробоя Donchian на последней закрытой свече,,rejected,,
21.658500000000004,no_fresh_breakout,54,ETH-USDT-SWAP,2146.67,нет свежего пробоя Donchian на последней закрытой свече,,rejected,,
0.0005500000000000005,no_fresh_breakout,54,FIL-USDT-SWAP,0.886,нет свежего пробоя Donchian на последней закрытой свече,,rejected,,
0.0,закрытие_не_удержалось_выше_канала,54,ICP-USDT-SWAP,0.0,закрытие не удержалось выше канала,long,rejected,Turtle 20,
0.0,закрытие_не_удержалось_выше_канала,54,JUP-USDT-SWAP,0.0,закрытие не удержалось выше канала,long,rejected,Turtle 55,
0.028900000000000016,no_fresh_breakout,54,KSM-USDT-SWAP,4.538,нет свежего пробоя Donchian на последней закрытой свече,,rejected,,
0.05539999999999985,no_fresh_breakout,54,LINK-USDT-SWAP,9.04,нет свежего пробоя Donchian на последней закрытой свече,,rejected,,
0.0012500000000000178,no_fresh_breakout,54,LIT-USDT-SWAP,1.176,нет свежего пробоя Donchian на последней закрытой свече,,rejected,,
0.0023500000000000075,no_fresh_breakout,54,LPT-USDT-SWAP,2.217,нет свежего пробоя Donchian на последней закрытой свече,,rejected,,
0.00030000000000000306,no_fresh_breakout,54,LQTY-USDT-SWAP,0.2783,нет свежего пробоя Donchian на последней закрытой свече,,rejected,,
0.0046805,no_fresh_breakout,54,MAGIC-USDT-SWAP,0.06213,нет свежего пробоя Donchian на последней закрытой свече,,rejected,,
5.9999999999998944e-05,no_fresh_breakout,54,MET-USDT-SWAP,0.1541,нет свежего пробоя Donchian на последней закрытой свече,,rejected,,
0.00012399999999999982,no_fresh_breakout,54,OP-USDT-SWAP,0.121,нет свежего пробоя Donchian на последней закрытой свече,,rejected,,
0.0,закрытие_не_удержалось_выше_канала,54,PEPE-USDT-SWAP,0.0,закрытие не удержалось выше канала,long,rejected,Turtle 55,
0.0,atr_warmup:_цена_или_atr_недоступны_после_прогрева,54,SKY-USDT-SWAP,0.0,ATR warmup: цена или ATR недоступны после прогрева,,rejected,,
0.0,закрытие_не_удержалось_выше_канала,54,SOL-USDT-SWAP,0.0,закрытие не удержалось выше канала,long,rejected,Turtle 55,
0.011765000000000005,no_fresh_breakout,54,SUSHI-USDT-SWAP,0.2035,нет свежего пробоя Donchian на последней закрытой свече,,rejected,,
0.007650000000000013,no_fresh_breakout,54,TON-USDT-SWAP,1.235,нет свежего пробоя Donchian на последней закрытой свече,,rejected,,
0.0003149999999999986,no_fresh_breakout,54,TRX-USDT-SWAP,0.3008,нет свежего пробоя Donchian на последней закрытой свече,,rejected,,
0.0,закрытие_не_удержалось_ниже_канала,54,TSLA-USDT-SWAP,0.0,закрытие не удержалось ниже канала,short,rejected,Turtle 20,
0.004460000000000008,no_fresh_breakout,54,USDC-USDT-SWAP,1.0039,нет свежего пробоя Donchian на последней закрытой свече,,rejected,,
91.625,no_fresh_breakout,54,XAU-USDT-SWAP,4675.7,нет свежего пробоя Donchian на последней закрытой свече,,rejected,,
0.002242000000000001,no_fresh_breakout,54,XLM-USDT-SWAP,0.1651,нет свежего пробоя Donchian на последней закрытой свече,,rejected,,
0.009905000000000008,no_fresh_breakout,54,XRP-USDT-SWAP,1.4499,нет свежего пробоя Donchian на последней закрытой свече,,rejected,,
0.0002149999999999999,no_fresh_breakout,54,YB-USDT-SWAP,0.1223,нет свежего пробоя Donchian на последней закрытой свече,,rejected,,
14.8,no_fresh_breakout,54,YFI-USDT-SWAP,2725.5,нет свежего пробоя Donchian на последней закрытой свече,,rejected,,
0.0004450000000000013,no_fresh_breakout,54,YGG-USDT-SWAP,0.0396,нет свежего пробоя Donchian на последней закрытой свече,,rejected,,
7.499999999999937e-05,no_fresh_breakout,55,1INCH-USDT-SWAP,0.0952,нет свежего пробоя Donchian на последней закрытой свече,,rejected,,
0.0,закрытие_не_удержалось_выше_канала,55,2Z-USDT-SWAP,0.0,закрытие не удержалось выше канала,long,rejected,Turtle 55,
0.0,закрытие_не_удержалось_выше_канала,55,2Z-USDT-SWAP,0.0,закрытие не удержалось выше канала,long,rejected,Turtle 20,
9.000000000000066e-06,no_fresh_breakout,55,ACT-USDT-SWAP,0.01345,нет свежего пробоя Donchian на последней закрытой свече,,rejected,,
0.0012899999999999995,no_fresh_breakout,55,ADA-USDT-SWAP,0.2672,нет свежего пробоя Donchian на последней закрытой свече,,rejected,,
0.0009399999999999985,no_fresh_breakout,55,ARB-USDT-SWAP,0.099,нет свежего пробоя Donchian на последней закрытой свече,,rejected,,
0.013545000000000024,no_fresh_breakout,55,ASTER-USDT-SWAP,0.693,нет свежего пробоя Donchian на последней закрытой свече,,rejected,,
0.07014999999999998,no_fresh_breakout,55,AUCTION-USDT-SWAP,5.018,нет свежего пробоя Donchian на последней закрытой свече,,rejected,,
0.010795000000000032,no_fresh_breakout,55,AXS-USDT-SWAP,1.1934,нет свежего пробоя Donchian на последней закрытой свече,,rejected,,
0.00028000000000000247,no_fresh_breakout,55,BAND-USDT-SWAP,0.2265,нет свежего пробоя Donchian на последней закрытой свече,,rejected,,
0.9299999999999983,no_fresh_breakout,55,BCH-USDT-SWAP,455.3,нет свежего пробоя Donchian на последней закрытой свече,,rejected,,
2.0000000000000025e-06,no_fresh_breakout,55,BOME-USDT-SWAP,0.000418,нет свежего пробоя Donchian на последней закрытой свече,,rejected,,
275.92999999999955,no_fresh_breakout,55,BTC-USDT-SWAP,70141.5,нет свежего пробоя Donchian на последней закрытой свече,,rejected,,
0.0005054999999999997,no_fresh_breakout,55,CFX-USDT-SWAP,0.06159,нет свежего пробоя Donchian на последней закрытой свече,,rejected,,
0.12249999999999961,no_fresh_breakout,55,COMP-USDT-SWAP,18.9,нет свежего пробоя Donchian на последней закрытой свече,,rejected,,
0.0023999999999999994,no_fresh_breakout,55,CRV-USDT-SWAP,0.2355,нет свежего пробоя Donchian на последней закрытой свече,,rejected,,
0.0006850000000000009,no_fresh_breakout,55,DOGE-USDT-SWAP,0.09355,нет свежего пробоя Donchian на последней закрытой свече,,rejected,,
0.018700000000000015,no_fresh_breakout,55,DOT-USDT-SWAP,1.534,нет свежего пробоя Donchian на последней закрытой свече,,rejected,,
0.020500000000000008,no_fresh_breakout,55,ETC-USDT-SWAP,8.27,нет свежего пробоя Donchian на последней закрытой свече,,rejected,,
21.658500000000004,no_fresh_breakout,55,ETH-USDT-SWAP,2146.67,нет свежего пробоя Donchian на последней закрытой свече,,rejected,,
0.0005500000000000005,no_fresh_breakout,55,FIL-USDT-SWAP,0.886,нет свежего пробоя Donchian на последней закрытой свече,,rejected,,
0.0,закрытие_не_удержалось_выше_канала,55,ICP-USDT-SWAP,0.0,закрытие не удержалось выше канала,long,rejected,Turtle 20,
0.028900000000000016,no_fresh_breakout,55,KSM-USDT-SWAP,4.538,нет свежего пробоя Donchian на последней закрытой свече,,rejected,,
0.05539999999999985,no_fresh_breakout,55,LINK-USDT-SWAP,9.04,нет свежего пробоя Donchian на последней закрытой свече,,rejected,,
0.0012500000000000178,no_fresh_breakout,55,LIT-USDT-SWAP,1.176,нет свежего пробоя Donchian на последней закрытой свече,,rejected,,
0.0023500000000000075,no_fresh_breakout,55,LPT-USDT-SWAP,2.217,нет свежего пробоя Donchian на последней закрытой свече,,rejected,,
0.00030000000000000306,no_fresh_breakout,55,LQTY-USDT-SWAP,0.2783,нет свежего пробоя Donchian на последней закрытой свече,,rejected,,
0.0046805,no_fresh_breakout,55,MAGIC-USDT-SWAP,0.06213,нет свежего пробоя Donchian на последней закрытой свече,,rejected,,
5.9999999999998944e-05,no_fresh_breakout,55,MET-USDT-SWAP,0.1541,нет свежего пробоя Donchian на последней закрытой свече,,rejected,,
0.00012399999999999982,no_fresh_breakout,55,OP-USDT-SWAP,0.121,нет свежего пробоя Donchian на последней закрытой свече,,rejected,,
0.0,закрытие_не_удержалось_выше_канала,55,PEPE-USDT-SWAP,0.0,закрытие не удержалось выше канала,long,rejected,Turtle 55,
0.0,atr_warmup:_цена_или_atr_недоступны_после_прогрева,55,SKY-USDT-SWAP,0.0,ATR warmup: цена или ATR недоступны после прогрева,,rejected,,
0.0,закрытие_не_удержалось_выше_канала,55,SOL-USDT-SWAP,0.0,закрытие не удержалось выше канала,long,rejected,Turtle 55,
0.011765000000000005,no_fresh_breakout,55,SUSHI-USDT-SWAP,0.2035,нет свежего пробоя Donchian на последней закрытой свече,,rejected,,
0.007650000000000013,no_fresh_breakout,55,TON-USDT-SWAP,1.235,нет свежего пробоя Donchian на последней закрытой свече,,rejected,,
0.0003149999999999986,no_fresh_breakout,55,TRX-USDT-SWAP,0.3008,нет свежего пробоя Donchian на последней закрытой свече,,rejected,,
0.0,закрытие_не_удержалось_ниже_канала,55,TSLA-USDT-SWAP,0.0,закрытие не удержалось ниже канала,short,rejected,Turtle 20,
0.004460000000000008,no_fresh_breakout,55,USDC-USDT-SWAP,1.0039,нет свежего пробоя Donchian на последней закрытой свече,,rejected,,
91.625,no_fresh_breakout,55,XAU-USDT-SWAP,4675.7,нет свежего пробоя Donchian на последней закрытой свече,,rejected,,
0.002242000000000001,no_fresh_breakout,55,XLM-USDT-SWAP,0.1651,нет свежего пробоя Donchian на последней закрытой свече,,rejected,,
0.009905000000000008,no_fresh_breakout,55,XRP-USDT-SWAP,1.4499,нет свежего пробоя Donchian на последней закрытой свече,,rejected,,
0.0002149999999999999,no_fresh_breakout,55,YB-USDT-SWAP,0.1223,нет свежего пробоя Donchian на последней закрытой свече,,rejected,,
14.8,no_fresh_breakout,55,YFI-USDT-SWAP,2725.5,нет свежего пробоя Donchian на последней закрытой свече,,rejected,,
0.0004450000000000013,no_fresh_breakout,55,YGG-USDT-SWAP,0.0396,нет свежего пробоя Donchian на последней закрытой свече,,rejected,,
7.499999999999937e-05,no_fresh_breakout,56,1INCH-USDT-SWAP,0.0952,нет свежего пробоя Donchian на последней закрытой свече,,rejected,,
0.0,закрытие_не_удержалось_выше_канала,56,2Z-USDT-SWAP,0.0,закрытие не удержалось выше канала,long,rejected,Turtle 55,
0.0,закрытие_не_удержалось_выше_канала,56,2Z-USDT-SWAP,0.0,закрытие не удержалось выше канала,long,rejected,Turtle 20,
9.000000000000066e-06,no_fresh_breakout,56,ACT-USDT-SWAP,0.01345,нет свежего пробоя Donchian на последней закрытой свече,,rejected,,
0.0012899999999999995,no_fresh_breakout,56,ADA-USDT-SWAP,0.2672,нет свежего пробоя Donchian на последней закрытой свече,,rejected,,
0.0009399999999999985,no_fresh_breakout,56,ARB-USDT-SWAP,0.099,нет свежего пробоя Donchian на последней закрытой свече,,rejected,,
0.013545000000000024,no_fresh_breakout,56,ASTER-USDT-SWAP,0.693,нет свежего пробоя Donchian на последней закрытой свече,,rejected,,
0.07014999999999998,no_fresh_breakout,56,AUCTION-USDT-SWAP,5.018,нет свежего пробоя Donchian на последней закрытой свече,,rejected,,
0.010795000000000032,no_fresh_breakout,56,AXS-USDT-SWAP,1.1934,нет свежего пробоя Donchian на последней закрытой свече,,rejected,,
0.00028000000000000247,no_fresh_breakout,56,BAND-USDT-SWAP,0.2265,нет свежего пробоя Donchian на последней закрытой свече,,rejected,,
0.9299999999999983,no_fresh_breakout,56,BCH-USDT-SWAP,455.3,нет свежего пробоя Donchian на последней закрытой свече,,rejected,,
2.0000000000000025e-06,no_fresh_breakout,56,BOME-USDT-SWAP,0.000418,нет свежего пробоя Donchian на последней закрытой свече,,rejected,,
275.92999999999955,no_fresh_breakout,56,BTC-USDT-SWAP,70141.5,нет свежего пробоя Donchian на последней закрытой свече,,rejected,,
0.0005054999999999997,no_fresh_breakout,56,CFX-USDT-SWAP,0.06159,нет свежего пробоя Donchian на последней закрытой свече,,rejected,,
0.12249999999999961,no_fresh_breakout,56,COMP-USDT-SWAP,18.9,нет свежего пробоя Donchian на последней закрытой свече,,rejected,,
0.0023999999999999994,no_fresh_breakout,56,CRV-USDT-SWAP,0.2355,нет свежего пробоя Donchian на последней закрытой свече,,rejected,,
0.0006850000000000009,no_fresh_breakout,56,DOGE-USDT-SWAP,0.09355,нет свежего пробоя Donchian на последней закрытой свече,,rejected,,
0.018700000000000015,no_fresh_breakout,56,DOT-USDT-SWAP,1.534,нет свежего пробоя Donchian на последней закрытой свече,,rejected,,
0.020500000000000008,no_fresh_breakout,56,ETC-USDT-SWAP,8.27,нет свежего пробоя Donchian на последней закрытой свече,,rejected,,
21.658500000000004,no_fresh_breakout,56,ETH-USDT-SWAP,2146.67,нет свежего пробоя Donchian на последней закрытой свече,,rejected,,
0.0005500000000000005,no_fresh_breakout,56,FIL-USDT-SWAP,0.886,нет свежего пробоя Donchian на последней закрытой свече,,rejected,,
0.0,закрытие_не_удержалось_выше_канала,56,ICP-USDT-SWAP,0.0,закрытие не удержалось выше канала,long,rejected,Turtle 20,
0.028900000000000016,no_fresh_breakout,56,KSM-USDT-SWAP,4.538,нет свежего пробоя Donchian на последней закрытой свече,,rejected,,
0.05539999999999985,no_fresh_breakout,56,LINK-USDT-SWAP,9.04,нет свежего пробоя Donchian на последней закрытой свече,,rejected,,
0.0012500000000000178,no_fresh_breakout,56,LIT-USDT-SWAP,1.176,нет свежего пробоя Donchian на последней закрытой свече,,rejected,,
0.0023500000000000075,no_fresh_breakout,56,LPT-USDT-SWAP,2.217,нет свежего пробоя Donchian на последней закрытой свече,,rejected,,
0.00030000000000000306,no_fresh_breakout,56,LQTY-USDT-SWAP,0.2783,нет свежего пробоя Donchian на последней закрытой свече,,rejected,,
0.0046805,no_fresh_breakout,56,MAGIC-USDT-SWAP,0.06213,нет свежего пробоя Donchian на последней закрытой свече,,rejected,,
5.9999999999998944e-05,no_fresh_breakout,56,MET-USDT-SWAP,0.1541,нет свежего пробоя Donchian на последней закрытой свече,,rejected,,
0.00012399999999999982,no_fresh_breakout,56,OP-USDT-SWAP,0.121,нет свежего пробоя Donchian на последней закрытой свече,,rejected,,
0.0,закрытие_не_удержалось_выше_канала,56,PEPE-USDT-SWAP,0.0,закрытие не удержалось выше канала,long,rejected,Turtle 55,
0.0,atr_warmup:_цена_или_atr_недоступны_после_прогрева,56,SKY-USDT-SWAP,0.0,ATR warmup: цена или ATR недоступны после прогрева,,rejected,,
0.0,закрытие_не_удержалось_выше_канала,56,SOL-USDT-SWAP,0.0,закрытие не удержалось выше канала,long,rejected,Turtle 55,
0.011765000000000005,no_fresh_breakout,56,SUSHI-USDT-SWAP,0.2035,нет свежего пробоя Donchian на последней закрытой свече,,rejected,,
0.007650000000000013,no_fresh_breakout,56,TON-USDT-SWAP,1.235,нет свежего пробоя Donchian на последней закрытой свече,,rejected,,
0.0003149999999999986,no_fresh_breakout,56,TRX-USDT-SWAP,0.3008,нет свежего пробоя Donchian на последней закрытой свече,,rejected,,
0.0,закрытие_не_удержалось_ниже_канала,56,TSLA-USDT-SWAP,0.0,закрытие не удержалось ниже канала,short,rejected,Turtle 20,
0.004460000000000008,no_fresh_breakout,56,USDC-USDT-SWAP,1.0039,нет свежего пробоя Donchian на последней закрытой свече,,rejected,,
91.625,no_fresh_breakout,56,XAU-USDT-SWAP,4675.7,нет свежего пробоя Donchian на последней закрытой свече,,rejected,,
0.002242000000000001,no_fresh_breakout,56,XLM-USDT-SWAP,0.1651,нет свежего пробоя Donchian на последней закрытой свече,,rejected,,
0.009905000000000008,no_fresh_breakout,56,XRP-USDT-SWAP,1.4499,нет свежего пробоя Donchian на последней закрытой свече,,rejected,,
0.0002149999999999999,no_fresh_breakout,56,YB-USDT-SWAP,0.1223,нет свежего пробоя Donchian на последней закрытой свече,,rejected,,
14.8,no_fresh_breakout,56,YFI-USDT-SWAP,2725.5,нет свежего пробоя Donchian на последней закрытой свече,,rejected,,
0.0004450000000000013,no_fresh_breakout,56,YGG-USDT-SWAP,0.0396,нет свежего пробоя Donchian на последней закрытой свече,,rejected,,
7.499999999999937e-05,no_fresh_breakout,57,1INCH-USDT-SWAP,0.0952,нет свежего пробоя Donchian на последней закрытой свече,,rejected,,
0.0,закрытие_не_удержалось_выше_канала,57,2Z-USDT-SWAP,0.0,закрытие не удержалось выше канала,long,rejected,Turtle 55,
0.0,закрытие_не_удержалось_выше_канала,57,2Z-USDT-SWAP,0.0,закрытие не удержалось выше канала,long,rejected,Turtle 20,
9.000000000000066e-06,no_fresh_breakout,57,ACT-USDT-SWAP,0.01345,нет свежего пробоя Donchian на последней закрытой свече,,rejected,,
0.0012899999999999995,no_fresh_breakout,57,ADA-USDT-SWAP,0.2672,нет свежего пробоя Donchian на последней закрытой свече,,rejected,,
0.0009399999999999985,no_fresh_breakout,57,ARB-USDT-SWAP,0.099,нет свежего пробоя Donchian на последней закрытой свече,,rejected,,
0.013545000000000024,no_fresh_breakout,57,ASTER-USDT-SWAP,0.693,нет свежего пробоя Donchian на последней закрытой свече,,rejected,,
0.07014999999999998,no_fresh_breakout,57,AUCTION-USDT-SWAP,5.018,нет свежего пробоя Donchian на последней закрытой свече,,rejected,,
0.010795000000000032,no_fresh_breakout,57,AXS-USDT-SWAP,1.1934,нет свежего пробоя Donchian на последней закрытой свече,,rejected,,
0.00028000000000000247,no_fresh_breakout,57,BAND-USDT-SWAP,0.2265,нет свежего пробоя Donchian на последней закрытой свече,,rejected,,
0.9299999999999983,no_fresh_breakout,57,BCH-USDT-SWAP,455.3,нет свежего пробоя Donchian на последней закрытой свече,,rejected,,
2.0000000000000025e-06,no_fresh_breakout,57,BOME-USDT-SWAP,0.000418,нет свежего пробоя Donchian на последней закрытой свече,,rejected,,
275.92999999999955,no_fresh_breakout,57,BTC-USDT-SWAP,70141.5,нет свежего пробоя Donchian на последней закрытой свече,,rejected,,
0.0005054999999999997,no_fresh_breakout,57,CFX-USDT-SWAP,0.06159,нет свежего пробоя Donchian на последней закрытой свече,,rejected,,
0.12249999999999961,no_fresh_breakout,57,COMP-USDT-SWAP,18.9,нет свежего пробоя Donchian на последней закрытой свече,,rejected,,
0.0023999999999999994,no_fresh_breakout,57,CRV-USDT-SWAP,0.2355,нет свежего пробоя Donchian на последней закрытой свече,,rejected,,
0.0006850000000000009,no_fresh_breakout,57,DOGE-USDT-SWAP,0.09355,нет свежего пробоя Donchian на последней закрытой свече,,rejected,,
0.018700000000000015,no_fresh_breakout,57,DOT-USDT-SWAP,1.534,нет свежего пробоя Donchian на последней закрытой свече,,rejected,,
0.020500000000000008,no_fresh_breakout,57,ETC-USDT-SWAP,8.27,нет свежего пробоя Donchian на последней закрытой свече,,rejected,,
21.658500000000004,no_fresh_breakout,57,ETH-USDT-SWAP,2146.67,нет свежего пробоя Donchian на последней закрытой свече,,rejected,,
0.0005500000000000005,no_fresh_breakout,57,FIL-USDT-SWAP,0.886,нет свежего пробоя Donchian на последней закрытой свече,,rejected,,
0.0,закрытие_не_удержалось_выше_канала,57,ICP-USDT-SWAP,0.0,закрытие не удержалось выше канала,long,rejected,Turtle 20,
0.028900000000000016,no_fresh_breakout,57,KSM-USDT-SWAP,4.538,нет свежего пробоя Donchian на последней закрытой свече,,rejected,,
0.05539999999999985,no_fresh_breakout,57,LINK-USDT-SWAP,9.04,нет свежего пробоя Donchian на последней закрытой свече,,rejected,,
0.0012500000000000178,no_fresh_breakout,57,LIT-USDT-SWAP,1.176,нет свежего пробоя Donchian на последней закрытой свече,,rejected,,
0.0023500000000000075,no_fresh_breakout,57,LPT-USDT-SWAP,2.217,нет свежего пробоя Donchian на последней закрытой свече,,rejected,,
0.00030000000000000306,no_fresh_breakout,57,LQTY-USDT-SWAP,0.2783,нет свежего пробоя Donchian на последней закрытой свече,,rejected,,
0.0046805,no_fresh_breakout,57,MAGIC-USDT-SWAP,0.06213,нет свежего пробоя Donchian на последней закрытой свече,,rejected,,
5.9999999999998944e-05,no_fresh_breakout,57,MET-USDT-SWAP,0.1541,нет свежего пробоя Donchian на последней закрытой свече,,rejected,,
0.00012399999999999982,no_fresh_breakout,57,OP-USDT-SWAP,0.121,нет свежего пробоя Donchian на последней закрытой свече,,rejected,,
0.0,закрытие_не_удержалось_выше_канала,57,PEPE-USDT-SWAP,0.0,закрытие не удержалось выше канала,long,rejected,Turtle 55,
0.0,atr_warmup:_цена_или_atr_недоступны_после_прогрева,57,SKY-USDT-SWAP,0.0,ATR warmup: цена или ATR недоступны после прогрева,,rejected,,
0.0,закрытие_не_удержалось_выше_канала,57,SOL-USDT-SWAP,0.0,закрытие не удержалось выше канала,long,rejected,Turtle 55,
0.011765000000000005,no_fresh_breakout,57,SUSHI-USDT-SWAP,0.2035,нет свежего пробоя Donchian на последней закрытой свече,,rejected,,
0.007650000000000013,no_fresh_breakout,57,TON-USDT-SWAP,1.235,нет свежего пробоя Donchian на последней закрытой свече,,rejected,,
0.0003149999999999986,no_fresh_breakout,57,TRX-USDT-SWAP,0.3008,нет свежего пробоя Donchian на последней закрытой свече,,rejected,,
0.0,закрытие_не_удержалось_ниже_канала,57,TSLA-USDT-SWAP,0.0,закрытие не удержалось ниже канала,short,rejected,Turtle 20,
0.004460000000000008,no_fresh_breakout,57,USDC-USDT-SWAP,1.0039,нет свежего пробоя Donchian на последней закрытой свече,,rejected,,
91.625,no_fresh_breakout,57,XAU-USDT-SWAP,4675.7,нет свежего пробоя Donchian на последней закрытой свече,,rejected,,
0.002242000000000001,no_fresh_breakout,57,XLM-USDT-SWAP,0.1651,нет свежего пробоя Donchian на последней закрытой свече,,rejected,,
0.009905000000000008,no_fresh_breakout,57,XRP-USDT-SWAP,1.4499,нет свежего пробоя Donchian на последней закрытой свече,,rejected,,
0.0002149999999999999,no_fresh_breakout,57,YB-USDT-SWAP,0.1223,нет свежего пробоя Donchian на последней закрытой свече,,rejected,,
14.8,no_fresh_breakout,57,YFI-USDT-SWAP,2725.5,нет свежего пробоя Donchian на последней закрытой свече,,rejected,,
0.0004450000000000013,no_fresh_breakout,57,YGG-USDT-SWAP,0.0396,нет свежего пробоя Donchian на последней закрытой свече,,rejected,,
7.499999999999937e-05,no_fresh_breakout,58,1INCH-USDT-SWAP,0.0952,нет свежего пробоя Donchian на последней закрытой свече,,rejected,,
0.0,закрытие_не_удержалось_выше_канала,58,2Z-USDT-SWAP,0.0,закрытие не удержалось выше канала,long,rejected,Turtle 55,
0.0,закрытие_не_удержалось_выше_канала,58,2Z-USDT-SWAP,0.0,закрытие не удержалось выше канала,long,rejected,Turtle 20,
9.000000000000066e-06,no_fresh_breakout,58,ACT-USDT-SWAP,0.01345,нет свежего пробоя Donchian на последней закрытой свече,,rejected,,
0.0012899999999999995,no_fresh_breakout,58,ADA-USDT-SWAP,0.2672,нет свежего пробоя Donchian на последней закрытой свече,,rejected,,
0.0009399999999999985,no_fresh_breakout,58,ARB-USDT-SWAP,0.099,нет свежего пробоя Donchian на последней закрытой свече,,rejected,,
0.013545000000000024,no_fresh_breakout,58,ASTER-USDT-SWAP,0.693,нет свежего пробоя Donchian на последней закрытой свече,,rejected,,
0.07014999999999998,no_fresh_breakout,58,AUCTION-USDT-SWAP,5.018,нет свежего пробоя Donchian на последней закрытой свече,,rejected,,
0.010795000000000032,no_fresh_breakout,58,AXS-USDT-SWAP,1.1934,нет свежего пробоя Donchian на последней закрытой свече,,rejected,,
0.00028000000000000247,no_fresh_breakout,58,BAND-USDT-SWAP,0.2265,нет свежего пробоя Donchian на последней закрытой свече,,rejected,,
0.9299999999999983,no_fresh_breakout,58,BCH-USDT-SWAP,455.3,нет свежего пробоя Donchian на последней закрытой свече,,rejected,,
2.0000000000000025e-06,no_fresh_breakout,58,BOME-USDT-SWAP,0.000418,нет свежего пробоя Donchian на последней закрытой свече,,rejected,,
275.92999999999955,no_fresh_breakout,58,BTC-USDT-SWAP,70141.5,нет свежего пробоя Donchian на последней закрытой свече,,rejected,,
0.0005054999999999997,no_fresh_breakout,58,CFX-USDT-SWAP,0.06159,нет свежего пробоя Donchian на последней закрытой свече,,rejected,,
0.12249999999999961,no_fresh_breakout,58,COMP-USDT-SWAP,18.9,нет свежего пробоя Donchian на последней закрытой свече,,rejected,,
0.0023999999999999994,no_fresh_breakout,58,CRV-USDT-SWAP,0.2355,нет свежего пробоя Donchian на последней закрытой свече,,rejected,,
0.0006850000000000009,no_fresh_breakout,58,DOGE-USDT-SWAP,0.09355,нет свежего пробоя Donchian на последней закрытой свече,,rejected,,
0.018700000000000015,no_fresh_breakout,58,DOT-USDT-SWAP,1.534,нет свежего пробоя Donchian на последней закрытой свече,,rejected,,
0.020500000000000008,no_fresh_breakout,58,ETC-USDT-SWAP,8.27,нет свежего пробоя Donchian на последней закрытой свече,,rejected,,
21.658500000000004,no_fresh_breakout,58,ETH-USDT-SWAP,2146.67,нет свежего пробоя Donchian на последней закрытой свече,,rejected,,
0.0005500000000000005,no_fresh_breakout,58,FIL-USDT-SWAP,0.886,нет свежего пробоя Donchian на последней закрытой свече,,rejected,,
0.0,закрытие_не_удержалось_выше_канала,58,ICP-USDT-SWAP,0.0,закрытие не удержалось выше канала,long,rejected,Turtle 20,
0.028900000000000016,no_fresh_breakout,58,KSM-USDT-SWAP,4.538,нет свежего пробоя Donchian на последней закрытой свече,,rejected,,
0.05539999999999985,no_fresh_breakout,58,LINK-USDT-SWAP,9.04,нет свежего пробоя Donchian на последней закрытой свече,,rejected,,
0.0012500000000000178,no_fresh_breakout,58,LIT-USDT-SWAP,1.176,нет свежего пробоя Donchian на последней закрытой свече,,rejected,,
0.0023500000000000075,no_fresh_breakout,58,LPT-USDT-SWAP,2.217,нет свежего пробоя Donchian на последней закрытой свече,,rejected,,
0.00030000000000000306,no_fresh_breakout,58,LQTY-USDT-SWAP,0.2783,нет свежего пробоя Donchian на последней закрытой свече,,rejected,,
0.0046805,no_fresh_breakout,58,MAGIC-USDT-SWAP,0.06213,нет свежего пробоя Donchian на последней закрытой свече,,rejected,,
5.9999999999998944e-05,no_fresh_breakout,58,MET-USDT-SWAP,0.1541,нет свежего пробоя Donchian на последней закрытой свече,,rejected,,
0.00012399999999999982,no_fresh_breakout,58,OP-USDT-SWAP,0.121,нет свежего пробоя Donchian на последней закрытой свече,,rejected,,
0.0,закрытие_не_удержалось_выше_канала,58,PEPE-USDT-SWAP,0.0,закрытие не удержалось выше канала,long,rejected,Turtle 55,
0.0,atr_warmup:_цена_или_atr_недоступны_после_прогрева,58,SKY-USDT-SWAP,0.0,ATR warmup: цена или ATR недоступны после прогрева,,rejected,,
0.0,закрытие_не_удержалось_выше_канала,58,SOL-USDT-SWAP,0.0,закрытие не удержалось выше канала,long,rejected,Turtle 55,
0.011765000000000005,no_fresh_breakout,58,SUSHI-USDT-SWAP,0.2035,нет свежего пробоя Donchian на последней закрытой свече,,rejected,,
0.007650000000000013,no_fresh_breakout,58,TON-USDT-SWAP,1.235,нет свежего пробоя Donchian на последней закрытой свече,,rejected,,
0.0003149999999999986,no_fresh_breakout,58,TRX-USDT-SWAP,0.3008,нет свежего пробоя Donchian на последней закрытой свече,,rejected,,
0.0,закрытие_не_удержалось_ниже_канала,58,TSLA-USDT-SWAP,0.0,закрытие не удержалось ниже канала,short,rejected,Turtle 20,
0.004460000000000008,no_fresh_breakout,58,USDC-USDT-SWAP,1.0039,нет свежего пробоя Donchian на последней закрытой свече,,rejected,,
91.625,no_fresh_breakout,58,XAU-USDT-SWAP,4675.7,нет свежего пробоя Donchian на последней закрытой свече,,rejected,,
0.002242000000000001,no_fresh_breakout,58,XLM-USDT-SWAP,0.1651,нет свежего пробоя Donchian на последней закрытой свече,,rejected,,
0.009905000000000008,no_fresh_breakout,58,XRP-USDT-SWAP,1.4499,нет свежего пробоя Donchian на последней закрытой свече,,rejected,,
0.0002149999999999999,no_fresh_breakout,58,YB-USDT-SWAP,0.1223,нет свежего пробоя Donchian на последней закрытой свече,,rejected,,
14.8,no_fresh_breakout,58,YFI-USDT-SWAP,2725.5,нет свежего пробоя Donchian на последней закрытой свече,,rejected,,
0.0004450000000000013,no_fresh_breakout,58,YGG-USDT-SWAP,0.0396,нет свежего пробоя Donchian на последней закрытой свече,,rejected,,
7.499999999999937e-05,no_fresh_breakout,59,1INCH-USDT-SWAP,0.0952,нет свежего пробоя Donchian на последней закрытой свече,,rejected,,
0.0,закрытие_не_удержалось_выше_канала,59,2Z-USDT-SWAP,0.0,закрытие не удержалось выше канала,long,rejected,Turtle 55,
0.0,закрытие_не_удержалось_выше_канала,59,2Z-USDT-SWAP,0.0,закрытие не удержалось выше канала,long,rejected,Turtle 20,
9.000000000000066e-06,no_fresh_breakout,59,ACT-USDT-SWAP,0.01345,нет свежего пробоя Donchian на последней закрытой свече,,rejected,,
0.0012899999999999995,no_fresh_breakout,59,ADA-USDT-SWAP,0.2672,нет свежего пробоя Donchian на последней закрытой свече,,rejected,,
0.0009399999999999985,no_fresh_breakout,59,ARB-USDT-SWAP,0.099,нет свежего пробоя Donchian на последней закрытой свече,,rejected,,
0.013545000000000024,no_fresh_breakout,59,ASTER-USDT-SWAP,0.693,нет свежего пробоя Donchian на последней закрытой свече,,rejected,,
0.07014999999999998,no_fresh_breakout,59,AUCTION-USDT-SWAP,5.018,нет свежего пробоя Donchian на последней закрытой свече,,rejected,,
0.010795000000000032,no_fresh_breakout,59,AXS-USDT-SWAP,1.1934,нет свежего пробоя Donchian на последней закрытой свече,,rejected,,
0.00028000000000000247,no_fresh_breakout,59,BAND-USDT-SWAP,0.2265,нет свежего пробоя Donchian на последней закрытой свече,,rejected,,
0.9299999999999983,no_fresh_breakout,59,BCH-USDT-SWAP,455.3,нет свежего пробоя Donchian на последней закрытой свече,,rejected,,
2.0000000000000025e-06,no_fresh_breakout,59,BOME-USDT-SWAP,0.000418,нет свежего пробоя Donchian на последней закрытой свече,,rejected,,
275.92999999999955,no_fresh_breakout,59,BTC-USDT-SWAP,70141.5,нет свежего пробоя Donchian на последней закрытой свече,,rejected,,
0.0005054999999999997,no_fresh_breakout,59,CFX-USDT-SWAP,0.06159,нет свежего пробоя Donchian на последней закрытой свече,,rejected,,
0.12249999999999961,no_fresh_breakout,59,COMP-USDT-SWAP,18.9,нет свежего пробоя Donchian на последней закрытой свече,,rejected,,
0.0023999999999999994,no_fresh_breakout,59,CRV-USDT-SWAP,0.2355,нет свежего пробоя Donchian на последней закрытой свече,,rejected,,
0.0006850000000000009,no_fresh_breakout,59,DOGE-USDT-SWAP,0.09355,нет свежего пробоя Donchian на последней закрытой свече,,rejected,,
0.018700000000000015,no_fresh_breakout,59,DOT-USDT-SWAP,1.534,нет свежего пробоя Donchian на последней закрытой свече,,rejected,,
0.020500000000000008,no_fresh_breakout,59,ETC-USDT-SWAP,8.27,нет свежего пробоя Donchian на последней закрытой свече,,rejected,,
21.658500000000004,no_fresh_breakout,59,ETH-USDT-SWAP,2146.67,нет свежего пробоя Donchian на последней закрытой свече,,rejected,,
0.0005500000000000005,no_fresh_breakout,59,FIL-USDT-SWAP,0.886,нет свежего пробоя Donchian на последней закрытой свече,,rejected,,
0.0,закрытие_не_удержалось_выше_канала,59,ICP-USDT-SWAP,0.0,закрытие не удержалось выше канала,long,rejected,Turtle 20,
0.028900000000000016,no_fresh_breakout,59,KSM-USDT-SWAP,4.538,нет свежего пробоя Donchian на последней закрытой свече,,rejected,,
0.05539999999999985,no_fresh_breakout,59,LINK-USDT-SWAP,9.04,нет свежего пробоя Donchian на последней закрытой свече,,rejected,,
0.0012500000000000178,no_fresh_breakout,59,LIT-USDT-SWAP,1.176,нет свежего пробоя Donchian на последней закрытой свече,,rejected,,
0.0023500000000000075,no_fresh_breakout,59,LPT-USDT-SWAP,2.217,нет свежего пробоя Donchian на последней закрытой свече,,rejected,,
0.00030000000000000306,no_fresh_breakout,59,LQTY-USDT-SWAP,0.2783,нет свежего пробоя Donchian на последней закрытой свече,,rejected,,
0.0046805,no_fresh_breakout,59,MAGIC-USDT-SWAP,0.06213,нет свежего пробоя Donchian на последней закрытой свече,,rejected,,
5.9999999999998944e-05,no_fresh_breakout,59,MET-USDT-SWAP,0.1541,нет свежего пробоя Donchian на последней закрытой свече,,rejected,,
0.00012399999999999982,no_fresh_breakout,59,OP-USDT-SWAP,0.121,нет свежего пробоя Donchian на последней закрытой свече,,rejected,,
0.0,закрытие_не_удержалось_выше_канала,59,PEPE-USDT-SWAP,0.0,закрытие не удержалось выше канала,long,rejected,Turtle 55,
0.0,atr_warmup:_цена_или_atr_недоступны_после_прогрева,59,SKY-USDT-SWAP,0.0,ATR warmup: цена или ATR недоступны после прогрева,,rejected,,
0.0,закрытие_не_удержалось_выше_канала,59,SOL-USDT-SWAP,0.0,закрытие не удержалось выше канала,long,rejected,Turtle 55,
0.011765000000000005,no_fresh_breakout,59,SUSHI-USDT-SWAP,0.2035,нет свежего пробоя Donchian на последней закрытой свече,,rejected,,
0.007650000000000013,no_fresh_breakout,59,TON-USDT-SWAP,1.235,нет свежего пробоя Donchian на последней закрытой свече,,rejected,,
0.0003149999999999986,no_fresh_breakout,59,TRX-USDT-SWAP,0.3008,нет свежего пробоя Donchian на последней закрытой свече,,rejected,,
0.0,закрытие_не_удержалось_ниже_канала,59,TSLA-USDT-SWAP,0.0,закрытие не удержалось ниже канала,short,rejected,Turtle 20,
0.004460000000000008,no_fresh_breakout,59,USDC-USDT-SWAP,1.0039,нет свежего пробоя Donchian на последней закрытой свече,,rejected,,
91.625,no_fresh_breakout,59,XAU-USDT-SWAP,4675.7,нет свежего пробоя Donchian на последней закрытой свече,,rejected,,
0.002242000000000001,no_fresh_breakout,59,XLM-USDT-SWAP,0.1651,нет свежего пробоя Donchian на последней закрытой свече,,rejected,,
0.009905000000000008,no_fresh_breakout,59,XRP-USDT-SWAP,1.4499,нет свежего пробоя Donchian на последней закрытой свече,,rejected,,
0.0002149999999999999,no_fresh_breakout,59,YB-USDT-SWAP,0.1223,нет свежего пробоя Donchian на последней закрытой свече,,rejected,,
14.8,no_fresh_breakout,59,YFI-USDT-SWAP,2725.5,нет свежего пробоя Donchian на последней закрытой свече,,rejected,,
0.0004450000000000013,no_fresh_breakout,59,YGG-USDT-SWAP,0.0396,нет свежего пробоя Donchian на последней закрытой свече,,rejected,,
7.499999999999937e-05,no_fresh_breakout,60,1INCH-USDT-SWAP,0.0952,нет свежего пробоя Donchian на последней закрытой свече,,rejected,,
0.0,закрытие_не_удержалось_выше_канала,60,2Z-USDT-SWAP,0.0,закрытие не удержалось выше канала,long,rejected,Turtle 55,
0.0,закрытие_не_удержалось_выше_канала,60,2Z-USDT-SWAP,0.0,закрытие не удержалось выше канала,long,rejected,Turtle 20,
9.000000000000066e-06,no_fresh_breakout,60,ACT-USDT-SWAP,0.01345,нет свежего пробоя Donchian на последней закрытой свече,,rejected,,
0.0012899999999999995,no_fresh_breakout,60,ADA-USDT-SWAP,0.2672,нет свежего пробоя Donchian на последней закрытой свече,,rejected,,
0.0009399999999999985,no_fresh_breakout,60,ARB-USDT-SWAP,0.099,нет свежего пробоя Donchian на последней закрытой свече,,rejected,,
0.013545000000000024,no_fresh_breakout,60,ASTER-USDT-SWAP,0.693,нет свежего пробоя Donchian на последней закрытой свече,,rejected,,
0.07014999999999998,no_fresh_breakout,60,AUCTION-USDT-SWAP,5.018,нет свежего пробоя Donchian на последней закрытой свече,,rejected,,
0.010795000000000032,no_fresh_breakout,60,AXS-USDT-SWAP,1.1934,нет свежего пробоя Donchian на последней закрытой свече,,rejected,,
0.00028000000000000247,no_fresh_breakout,60,BAND-USDT-SWAP,0.2265,нет свежего пробоя Donchian на последней закрытой свече,,rejected,,
0.9299999999999983,no_fresh_breakout,60,BCH-USDT-SWAP,455.3,нет свежего пробоя Donchian на последней закрытой свече,,rejected,,
2.0000000000000025e-06,no_fresh_breakout,60,BOME-USDT-SWAP,0.000418,нет свежего пробоя Donchian на последней закрытой свече,,rejected,,
275.92999999999955,no_fresh_breakout,60,BTC-USDT-SWAP,70141.5,нет свежего пробоя Donchian на последней закрытой свече,,rejected,,
0.0005054999999999997,no_fresh_breakout,60,CFX-USDT-SWAP,0.06159,нет свежего пробоя Donchian на последней закрытой свече,,rejected,,
0.12249999999999961,no_fresh_breakout,60,COMP-USDT-SWAP,18.9,нет свежего пробоя Donchian на последней закрытой свече,,rejected,,
0.0023999999999999994,no_fresh_breakout,60,CRV-USDT-SWAP,0.2355,нет свежего пробоя Donchian на последней закрытой свече,,rejected,,
0.0006850000000000009,no_fresh_breakout,60,DOGE-USDT-SWAP,0.09355,нет свежего пробоя Donchian на последней закрытой свече,,rejected,,
0.018700000000000015,no_fresh_breakout,60,DOT-USDT-SWAP,1.534,нет свежего пробоя Donchian на последней закрытой свече,,rejected,,
0.020500000000000008,no_fresh_breakout,60,ETC-USDT-SWAP,8.27,нет свежего пробоя Donchian на последней закрытой свече,,rejected,,
21.658500000000004,no_fresh_breakout,60,ETH-USDT-SWAP,2146.67,нет свежего пробоя Donchian на последней закрытой свече,,rejected,,
0.0005500000000000005,no_fresh_breakout,60,FIL-USDT-SWAP,0.886,нет свежего пробоя Donchian на последней закрытой свече,,rejected,,
0.0,закрытие_не_удержалось_выше_канала,60,ICP-USDT-SWAP,0.0,закрытие не удержалось выше канала,long,rejected,Turtle 20,
0.028900000000000016,no_fresh_breakout,60,KSM-USDT-SWAP,4.538,нет свежего пробоя Donchian на последней закрытой свече,,rejected,,
0.05539999999999985,no_fresh_breakout,60,LINK-USDT-SWAP,9.04,нет свежего пробоя Donchian на последней закрытой свече,,rejected,,
0.0012500000000000178,no_fresh_breakout,60,LIT-USDT-SWAP,1.176,нет свежего пробоя Donchian на последней закрытой свече,,rejected,,
0.0023500000000000075,no_fresh_breakout,60,LPT-USDT-SWAP,2.217,нет свежего пробоя Donchian на последней закрытой свече,,rejected,,
0.00030000000000000306,no_fresh_breakout,60,LQTY-USDT-SWAP,0.2783,нет свежего пробоя Donchian на последней закрытой свече,,rejected,,
0.0046805,no_fresh_breakout,60,MAGIC-USDT-SWAP,0.06213,нет свежего пробоя Donchian на последней закрытой свече,,rejected,,
5.9999999999998944e-05,no_fresh_breakout,60,MET-USDT-SWAP,0.1541,нет свежего пробоя Donchian на последней закрытой свече,,rejected,,
0.00012399999999999982,no_fresh_breakout,60,OP-USDT-SWAP,0.121,нет свежего пробоя Donchian на последней закрытой свече,,rejected,,
0.0,закрытие_не_удержалось_выше_канала,60,PEPE-USDT-SWAP,0.0,закрытие не удержалось выше канала,long,rejected,Turtle 55,
0.0,atr_warmup:_цена_или_atr_недоступны_после_прогрева,60,SKY-USDT-SWAP,0.0,ATR warmup: цена или ATR недоступны после прогрева,,rejected,,
0.0,закрытие_не_удержалось_выше_канала,60,SOL-USDT-SWAP,0.0,закрытие не удержалось выше канала,long,rejected,Turtle 55,
0.011765000000000005,no_fresh_breakout,60,SUSHI-USDT-SWAP,0.2035,нет свежего пробоя Donchian на последней закрытой свече,,rejected,,
0.007650000000000013,no_fresh_breakout,60,TON-USDT-SWAP,1.235,нет свежего пробоя Donchian на последней закрытой свече,,rejected,,
0.0003149999999999986,no_fresh_breakout,60,TRX-USDT-SWAP,0.3008,нет свежего пробоя Donchian на последней закрытой свече,,rejected,,
0.0,закрытие_не_удержалось_ниже_канала,60,TSLA-USDT-SWAP,0.0,закрытие не удержалось ниже канала,short,rejected,Turtle 20,
0.004460000000000008,no_fresh_breakout,60,USDC-USDT-SWAP,1.0039,нет свежего пробоя Donchian на последней закрытой свече,,rejected,,
91.625,no_fresh_breakout,60,XAU-USDT-SWAP,4675.7,нет свежего пробоя Donchian на последней закрытой свече,,rejected,,
0.002242000000000001,no_fresh_breakout,60,XLM-USDT-SWAP,0.1651,нет свежего пробоя Donchian на последней закрытой свече,,rejected,,
0.009905000000000008,no_fresh_breakout,60,XRP-USDT-SWAP,1.4499,нет свежего пробоя Donchian на последней закрытой свече,,rejected,,
0.0002149999999999999,no_fresh_breakout,60,YB-USDT-SWAP,0.1223,нет свежего пробоя Donchian на последней закрытой свече,,rejected,,
14.8,no_fresh_breakout,60,YFI-USDT-SWAP,2725.5,нет свежего пробоя Donchian на последней закрытой свече,,rejected,,
0.0004450000000000013,no_fresh_breakout,60,YGG-USDT-SWAP,0.0396,нет свежего пробоя Donchian на последней закрытой свече,,rejected,,
7.499999999999937e-05,no_fresh_breakout,61,1INCH-USDT-SWAP,0.0952,нет свежего пробоя Donchian на последней закрытой свече,,rejected,,
0.0,закрытие_не_удержалось_выше_канала,61,2Z-USDT-SWAP,0.0,закрытие не удержалось выше канала,long,rejected,Turtle 55,
0.0,закрытие_не_удержалось_выше_канала,61,2Z-USDT-SWAP,0.0,закрытие не удержалось выше канала,long,rejected,Turtle 20,
9.000000000000066e-06,no_fresh_breakout,61,ACT-USDT-SWAP,0.01345,нет свежего пробоя Donchian на последней закрытой свече,,rejected,,
0.0012899999999999995,no_fresh_breakout,61,ADA-USDT-SWAP,0.2672,нет свежего пробоя Donchian на последней закрытой свече,,rejected,,
0.0009399999999999985,no_fresh_breakout,61,ARB-USDT-SWAP,0.099,нет свежего пробоя Donchian на последней закрытой свече,,rejected,,
0.013545000000000024,no_fresh_breakout,61,ASTER-USDT-SWAP,0.693,нет свежего пробоя Donchian на последней закрытой свече,,rejected,,
0.07014999999999998,no_fresh_breakout,61,AUCTION-USDT-SWAP,5.018,нет свежего пробоя Donchian на последней закрытой свече,,rejected,,
0.010795000000000032,no_fresh_breakout,61,AXS-USDT-SWAP,1.1934,нет свежего пробоя Donchian на последней закрытой свече,,rejected,,
0.00028000000000000247,no_fresh_breakout,61,BAND-USDT-SWAP,0.2265,нет свежего пробоя Donchian на последней закрытой свече,,rejected,,
0.9299999999999983,no_fresh_breakout,61,BCH-USDT-SWAP,455.3,нет свежего пробоя Donchian на последней закрытой свече,,rejected,,
2.0000000000000025e-06,no_fresh_breakout,61,BOME-USDT-SWAP,0.000418,нет свежего пробоя Donchian на последней закрытой свече,,rejected,,
275.92999999999955,no_fresh_breakout,61,BTC-USDT-SWAP,70141.5,нет свежего пробоя Donchian на последней закрытой свече,,rejected,,
0.0005054999999999997,no_fresh_breakout,61,CFX-USDT-SWAP,0.06159,нет свежего пробоя Donchian на последней закрытой свече,,rejected,,
0.12249999999999961,no_fresh_breakout,61,COMP-USDT-SWAP,18.9,нет свежего пробоя Donchian на последней закрытой свече,,rejected,,
0.0023999999999999994,no_fresh_breakout,61,CRV-USDT-SWAP,0.2355,нет свежего пробоя Donchian на последней закрытой свече,,rejected,,
0.0006850000000000009,no_fresh_breakout,61,DOGE-USDT-SWAP,0.09355,нет свежего пробоя Donchian на последней закрытой свече,,rejected,,
0.018700000000000015,no_fresh_breakout,61,DOT-USDT-SWAP,1.534,нет свежего пробоя Donchian на последней закрытой свече,,rejected,,
0.020500000000000008,no_fresh_breakout,61,ETC-USDT-SWAP,8.27,нет свежего пробоя Donchian на последней закрытой свече,,rejected,,
21.658500000000004,no_fresh_breakout,61,ETH-USDT-SWAP,2146.67,нет свежего пробоя Donchian на последней закрытой свече,,rejected,,
0.0005500000000000005,no_fresh_breakout,61,FIL-USDT-SWAP,0.886,нет свежего пробоя Donchian на последней закрытой свече,,rejected,,
0.0,закрытие_не_удержалось_выше_канала,61,ICP-USDT-SWAP,0.0,закрытие не удержалось выше канала,long,rejected,Turtle 20,
0.028900000000000016,no_fresh_breakout,61,KSM-USDT-SWAP,4.538,нет свежего пробоя Donchian на последней закрытой свече,,rejected,,
0.05539999999999985,no_fresh_breakout,61,LINK-USDT-SWAP,9.04,нет свежего пробоя Donchian на последней закрытой свече,,rejected,,
0.0012500000000000178,no_fresh_breakout,61,LIT-USDT-SWAP,1.176,нет свежего пробоя Donchian на последней закрытой свече,,rejected,,
0.0023500000000000075,no_fresh_breakout,61,LPT-USDT-SWAP,2.217,нет свежего пробоя Donchian на последней закрытой свече,,rejected,,
0.00030000000000000306,no_fresh_breakout,61,LQTY-USDT-SWAP,0.2783,нет свежего пробоя Donchian на последней закрытой свече,,rejected,,
0.0046805,no_fresh_breakout,61,MAGIC-USDT-SWAP,0.06213,нет свежего пробоя Donchian на последней закрытой свече,,rejected,,
5.9999999999998944e-05,no_fresh_breakout,61,MET-USDT-SWAP,0.1541,нет свежего пробоя Donchian на последней закрытой свече,,rejected,,
0.00012399999999999982,no_fresh_breakout,61,OP-USDT-SWAP,0.121,нет свежего пробоя Donchian на последней закрытой свече,,rejected,,
0.0,закрытие_не_удержалось_выше_канала,61,PEPE-USDT-SWAP,0.0,закрытие не удержалось выше канала,long,rejected,Turtle 55,
0.0,atr_warmup:_цена_или_atr_недоступны_после_прогрева,61,SKY-USDT-SWAP,0.0,ATR warmup: цена или ATR недоступны после прогрева,,rejected,,
0.0,закрытие_не_удержалось_выше_канала,61,SOL-USDT-SWAP,0.0,закрытие не удержалось выше канала,long,rejected,Turtle 55,
0.011765000000000005,no_fresh_breakout,61,SUSHI-USDT-SWAP,0.2035,нет свежего пробоя Donchian на последней закрытой свече,,rejected,,
0.007650000000000013,no_fresh_breakout,61,TON-USDT-SWAP,1.235,нет свежего пробоя Donchian на последней закрытой свече,,rejected,,
0.0003149999999999986,no_fresh_breakout,61,TRX-USDT-SWAP,0.3008,нет свежего пробоя Donchian на последней закрытой свече,,rejected,,
0.0,закрытие_не_удержалось_ниже_канала,61,TSLA-USDT-SWAP,0.0,закрытие не удержалось ниже канала,short,rejected,Turtle 20,
0.004460000000000008,no_fresh_breakout,61,USDC-USDT-SWAP,1.0039,нет свежего пробоя Donchian на последней закрытой свече,,rejected,,
91.625,no_fresh_breakout,61,XAU-USDT-SWAP,4675.7,нет свежего пробоя Donchian на последней закрытой свече,,rejected,,
0.002242000000000001,no_fresh_breakout,61,XLM-USDT-SWAP,0.1651,нет свежего пробоя Donchian на последней закрытой свече,,rejected,,
0.009905000000000008,no_fresh_breakout,61,XRP-USDT-SWAP,1.4499,нет свежего пробоя Donchian на последней закрытой свече,,rejected,,
0.0002149999999999999,no_fresh_breakout,61,YB-USDT-SWAP,0.1223,нет свежего пробоя Donchian на последней закрытой свече,,rejected,,
14.8,no_fresh_breakout,61,YFI-USDT-SWAP,2725.5,нет свежего пробоя Donchian на последней закрытой свече,,rejected,,
0.0004450000000000013,no_fresh_breakout,61,YGG-USDT-SWAP,0.0396,нет свежего пробоя Donchian на последней закрытой свече,,rejected,,
7.499999999999937e-05,no_fresh_breakout,62,1INCH-USDT-SWAP,0.0952,нет свежего пробоя Donchian на последней закрытой свече,,rejected,,
0.0,закрытие_не_удержалось_выше_канала,62,2Z-USDT-SWAP,0.0,закрытие не удержалось выше канала,long,rejected,Turtle 55,
0.0,закрытие_не_удержалось_выше_канала,62,2Z-USDT-SWAP,0.0,закрытие не удержалось выше канала,long,rejected,Turtle 20,
9.000000000000066e-06,no_fresh_breakout,62,ACT-USDT-SWAP,0.01345,нет свежего пробоя Donchian на последней закрытой свече,,rejected,,
0.0012899999999999995,no_fresh_breakout,62,ADA-USDT-SWAP,0.2672,нет свежего пробоя Donchian на последней закрытой свече,,rejected,,
0.0009399999999999985,no_fresh_breakout,62,ARB-USDT-SWAP,0.099,нет свежего пробоя Donchian на последней закрытой свече,,rejected,,
0.013545000000000024,no_fresh_breakout,62,ASTER-USDT-SWAP,0.693,нет свежего пробоя Donchian на последней закрытой свече,,rejected,,
0.07014999999999998,no_fresh_breakout,62,AUCTION-USDT-SWAP,5.018,нет свежего пробоя Donchian на последней закрытой свече,,rejected,,
0.010795000000000032,no_fresh_breakout,62,AXS-USDT-SWAP,1.1934,нет свежего пробоя Donchian на последней закрытой свече,,rejected,,
0.00028000000000000247,no_fresh_breakout,62,BAND-USDT-SWAP,0.2265,нет свежего пробоя Donchian на последней закрытой свече,,rejected,,
0.9299999999999983,no_fresh_breakout,62,BCH-USDT-SWAP,455.3,нет свежего пробоя Donchian на последней закрытой свече,,rejected,,
2.0000000000000025e-06,no_fresh_breakout,62,BOME-USDT-SWAP,0.000418,нет свежего пробоя Donchian на последней закрытой свече,,rejected,,
275.92999999999955,no_fresh_breakout,62,BTC-USDT-SWAP,70141.5,нет свежего пробоя Donchian на последней закрытой свече,,rejected,,
0.0005054999999999997,no_fresh_breakout,62,CFX-USDT-SWAP,0.06159,нет свежего пробоя Donchian на последней закрытой свече,,rejected,,
0.12249999999999961,no_fresh_breakout,62,COMP-USDT-SWAP,18.9,нет свежего пробоя Donchian на последней закрытой свече,,rejected,,
0.0023999999999999994,no_fresh_breakout,62,CRV-USDT-SWAP,0.2355,нет свежего пробоя Donchian на последней закрытой свече,,rejected,,
0.0006850000000000009,no_fresh_breakout,62,DOGE-USDT-SWAP,0.09355,нет свежего пробоя Donchian на последней закрытой свече,,rejected,,
0.018700000000000015,no_fresh_breakout,62,DOT-USDT-SWAP,1.534,нет свежего пробоя Donchian на последней закрытой свече,,rejected,,
0.020500000000000008,no_fresh_breakout,62,ETC-USDT-SWAP,8.27,нет свежего пробоя Donchian на последней закрытой свече,,rejected,,
21.658500000000004,no_fresh_breakout,62,ETH-USDT-SWAP,2146.67,нет свежего пробоя Donchian на последней закрытой свече,,rejected,,
0.0005500000000000005,no_fresh_breakout,62,FIL-USDT-SWAP,0.886,нет свежего пробоя Donchian на последней закрытой свече,,rejected,,
0.0,закрытие_не_удержалось_выше_канала,62,ICP-USDT-SWAP,0.0,закрытие не удержалось выше канала,long,rejected,Turtle 20,
0.028900000000000016,no_fresh_breakout,62,KSM-USDT-SWAP,4.538,нет свежего пробоя Donchian на последней закрытой свече,,rejected,,
0.05539999999999985,no_fresh_breakout,62,LINK-USDT-SWAP,9.04,нет свежего пробоя Donchian на последней закрытой свече,,rejected,,
0.0012500000000000178,no_fresh_breakout,62,LIT-USDT-SWAP,1.176,нет свежего пробоя Donchian на последней закрытой свече,,rejected,,
0.0023500000000000075,no_fresh_breakout,62,LPT-USDT-SWAP,2.217,нет свежего пробоя Donchian на последней закрытой свече,,rejected,,
0.00030000000000000306,no_fresh_breakout,62,LQTY-USDT-SWAP,0.2783,нет свежего пробоя Donchian на последней закрытой свече,,rejected,,
0.0046805,no_fresh_breakout,62,MAGIC-USDT-SWAP,0.06213,нет свежего пробоя Donchian на последней закрытой свече,,rejected,,
5.9999999999998944e-05,no_fresh_breakout,62,MET-USDT-SWAP,0.1541,нет свежего пробоя Donchian на последней закрытой свече,,rejected,,
0.00012399999999999982,no_fresh_breakout,62,OP-USDT-SWAP,0.121,нет свежего пробоя Donchian на последней закрытой свече,,rejected,,
0.0,закрытие_не_удержалось_выше_канала,62,PEPE-USDT-SWAP,0.0,закрытие не удержалось выше канала,long,rejected,Turtle 55,
0.0,atr_warmup:_цена_или_atr_недоступны_после_прогрева,62,SKY-USDT-SWAP,0.0,ATR warmup: цена или ATR недоступны после прогрева,,rejected,,
0.0,закрытие_не_удержалось_выше_канала,62,SOL-USDT-SWAP,0.0,закрытие не удержалось выше канала,long,rejected,Turtle 55,
0.011765000000000005,no_fresh_breakout,62,SUSHI-USDT-SWAP,0.2035,нет свежего пробоя Donchian на последней закрытой свече,,rejected,,
0.007650000000000013,no_fresh_breakout,62,TON-USDT-SWAP,1.235,нет свежего пробоя Donchian на последней закрытой свече,,rejected,,
0.0003149999999999986,no_fresh_breakout,62,TRX-USDT-SWAP,0.3008,нет свежего пробоя Donchian на последней закрытой свече,,rejected,,
0.0,закрытие_не_удержалось_ниже_канала,62,TSLA-USDT-SWAP,0.0,закрытие не удержалось ниже канала,short,rejected,Turtle 20,
0.004460000000000008,no_fresh_breakout,62,USDC-USDT-SWAP,1.0039,нет свежего пробоя Donchian на последней закрытой свече,,rejected,,
91.625,no_fresh_breakout,62,XAU-USDT-SWAP,4675.7,нет свежего пробоя Donchian на последней закрытой свече,,rejected,,
0.002242000000000001,no_fresh_breakout,62,XLM-USDT-SWAP,0.1651,нет свежего пробоя Donchian на последней закрытой свече,,rejected,,
0.009905000000000008,no_fresh_breakout,62,XRP-USDT-SWAP,1.4499,нет свежего пробоя Donchian на последней закрытой свече,,rejected,,
0.0002149999999999999,no_fresh_breakout,62,YB-USDT-SWAP,0.1223,нет свежего пробоя Donchian на последней закрытой свече,,rejected,,
14.8,no_fresh_breakout,62,YFI-USDT-SWAP,2725.5,нет свежего пробоя Donchian на последней закрытой свече,,rejected,,
0.0004450000000000013,no_fresh_breakout,62,YGG-USDT-SWAP,0.0396,нет свежего пробоя Donchian на последней закрытой свече,,rejected,,
7.499999999999937e-05,no_fresh_breakout,63,1INCH-USDT-SWAP,0.0952,нет свежего пробоя Donchian на последней закрытой свече,,rejected,,
0.0,закрытие_не_удержалось_выше_канала,63,2Z-USDT-SWAP,0.0,закрытие не удержалось выше канала,long,rejected,Turtle 55,
0.0,закрытие_не_удержалось_выше_канала,63,2Z-USDT-SWAP,0.0,закрытие не удержалось выше канала,long,rejected,Turtle 20,
9.000000000000066e-06,no_fresh_breakout,63,ACT-USDT-SWAP,0.01345,нет свежего пробоя Donchian на последней закрытой свече,,rejected,,
0.0012899999999999995,no_fresh_breakout,63,ADA-USDT-SWAP,0.2672,нет свежего пробоя Donchian на последней закрытой свече,,rejected,,
0.0009399999999999985,no_fresh_breakout,63,ARB-USDT-SWAP,0.099,нет свежего пробоя Donchian на последней закрытой свече,,rejected,,
0.013545000000000024,no_fresh_breakout,63,ASTER-USDT-SWAP,0.693,нет свежего пробоя Donchian на последней закрытой свече,,rejected,,
0.07014999999999998,no_fresh_breakout,63,AUCTION-USDT-SWAP,5.018,нет свежего пробоя Donchian на последней закрытой свече,,rejected,,
0.010795000000000032,no_fresh_breakout,63,AXS-USDT-SWAP,1.1934,нет свежего пробоя Donchian на последней закрытой свече,,rejected,,
0.00028000000000000247,no_fresh_breakout,63,BAND-USDT-SWAP,0.2265,нет свежего пробоя Donchian на последней закрытой свече,,rejected,,
0.9299999999999983,no_fresh_breakout,63,BCH-USDT-SWAP,455.3,нет свежего пробоя Donchian на последней закрытой свече,,rejected,,
2.0000000000000025e-06,no_fresh_breakout,63,BOME-USDT-SWAP,0.000418,нет свежего пробоя Donchian на последней закрытой свече,,rejected,,
275.92999999999955,no_fresh_breakout,63,BTC-USDT-SWAP,70141.5,нет свежего пробоя Donchian на последней закрытой свече,,rejected,,
0.0005054999999999997,no_fresh_breakout,63,CFX-USDT-SWAP,0.06159,нет свежего пробоя Donchian на последней закрытой свече,,rejected,,
0.12249999999999961,no_fresh_breakout,63,COMP-USDT-SWAP,18.9,нет свежего пробоя Donchian на последней закрытой свече,,rejected,,
0.0023999999999999994,no_fresh_breakout,63,CRV-USDT-SWAP,0.2355,нет свежего пробоя Donchian на последней закрытой свече,,rejected,,
0.0006850000000000009,no_fresh_breakout,63,DOGE-USDT-SWAP,0.09355,нет свежего пробоя Donchian на последней закрытой свече,,rejected,,
0.018700000000000015,no_fresh_breakout,63,DOT-USDT-SWAP,1.534,нет свежего пробоя Donchian на последней закрытой свече,,rejected,,
0.020500000000000008,no_fresh_breakout,63,ETC-USDT-SWAP,8.27,нет свежего пробоя Donchian на последней закрытой свече,,rejected,,
21.658500000000004,no_fresh_breakout,63,ETH-USDT-SWAP,2146.67,нет свежего пробоя Donchian на последней закрытой свече,,rejected,,
0.0005500000000000005,no_fresh_breakout,63,FIL-USDT-SWAP,0.886,нет свежего пробоя Donchian на последней закрытой свече,,rejected,,
0.0,закрытие_не_удержалось_выше_канала,63,ICP-USDT-SWAP,0.0,закрытие не удержалось выше канала,long,rejected,Turtle 20,
0.028900000000000016,no_fresh_breakout,63,KSM-USDT-SWAP,4.538,нет свежего пробоя Donchian на последней закрытой свече,,rejected,,
0.05539999999999985,no_fresh_breakout,63,LINK-USDT-SWAP,9.04,нет свежего пробоя Donchian на последней закрытой свече,,rejected,,
0.0012500000000000178,no_fresh_breakout,63,LIT-USDT-SWAP,1.176,нет свежего пробоя Donchian на последней закрытой свече,,rejected,,
0.0023500000000000075,no_fresh_breakout,63,LPT-USDT-SWAP,2.217,нет свежего пробоя Donchian на последней закрытой свече,,rejected,,
0.00030000000000000306,no_fresh_breakout,63,LQTY-USDT-SWAP,0.2783,нет свежего пробоя Donchian на последней закрытой свече,,rejected,,
0.0046805,no_fresh_breakout,63,MAGIC-USDT-SWAP,0.06213,нет свежего пробоя Donchian на последней закрытой свече,,rejected,,
5.9999999999998944e-05,no_fresh_breakout,63,MET-USDT-SWAP,0.1541,нет свежего пробоя Donchian на последней закрытой свече,,rejected,,
0.00012399999999999982,no_fresh_breakout,63,OP-USDT-SWAP,0.121,нет свежего пробоя Donchian на последней закрытой свече,,rejected,,
0.0,закрытие_не_удержалось_выше_канала,63,PEPE-USDT-SWAP,0.0,закрытие не удержалось выше канала,long,rejected,Turtle 55,
0.0,atr_warmup:_цена_или_atr_недоступны_после_прогрева,63,SKY-USDT-SWAP,0.0,ATR warmup: цена или ATR недоступны после прогрева,,rejected,,
0.0,закрытие_не_удержалось_выше_канала,63,SOL-USDT-SWAP,0.0,закрытие не удержалось выше канала,long,rejected,Turtle 55,
0.011765000000000005,no_fresh_breakout,63,SUSHI-USDT-SWAP,0.2035,нет свежего пробоя Donchian на последней закрытой свече,,rejected,,
0.007650000000000013,no_fresh_breakout,63,TON-USDT-SWAP,1.235,нет свежего пробоя Donchian на последней закрытой свече,,rejected,,
0.0003149999999999986,no_fresh_breakout,63,TRX-USDT-SWAP,0.3008,нет свежего пробоя Donchian на последней закрытой свече,,rejected,,
0.0,закрытие_не_удержалось_ниже_канала,63,TSLA-USDT-SWAP,0.0,закрытие не удержалось ниже канала,short,rejected,Turtle 20,
0.004460000000000008,no_fresh_breakout,63,USDC-USDT-SWAP,1.0039,нет свежего пробоя Donchian на последней закрытой свече,,rejected,,
91.625,no_fresh_breakout,63,XAU-USDT-SWAP,4675.7,нет свежего пробоя Donchian на последней закрытой свече,,rejected,,
0.002242000000000001,no_fresh_breakout,63,XLM-USDT-SWAP,0.1651,нет свежего пробоя Donchian на последней закрытой свече,,rejected,,
0.009905000000000008,no_fresh_breakout,63,XRP-USDT-SWAP,1.4499,нет свежего пробоя Donchian на последней закрытой свече,,rejected,,
0.0002149999999999999,no_fresh_breakout,63,YB-USDT-SWAP,0.1223,нет свежего пробоя Donchian на последней закрытой свече,,rejected,,
14.8,no_fresh_breakout,63,YFI-USDT-SWAP,2725.5,нет свежего пробоя Donchian на последней закрытой свече,,rejected,,
0.0004450000000000013,no_fresh_breakout,63,YGG-USDT-SWAP,0.0396,нет свежего пробоя Donchian на последней закрытой свече,,rejected,,
7.499999999999937e-05,no_fresh_breakout,64,1INCH-USDT-SWAP,0.0952,нет свежего пробоя Donchian на последней закрытой свече,,rejected,,
0.0,закрытие_не_удержалось_выше_канала,64,2Z-USDT-SWAP,0.0,закрытие не удержалось выше канала,long,rejected,Turtle 55,
0.0,закрытие_не_удержалось_выше_канала,64,2Z-USDT-SWAP,0.0,закрытие не удержалось выше канала,long,rejected,Turtle 20,
9.000000000000066e-06,no_fresh_breakout,64,ACT-USDT-SWAP,0.01345,нет свежего пробоя Donchian на последней закрытой свече,,rejected,,
0.0012899999999999995,no_fresh_breakout,64,ADA-USDT-SWAP,0.2672,нет свежего пробоя Donchian на последней закрытой свече,,rejected,,
0.0009399999999999985,no_fresh_breakout,64,ARB-USDT-SWAP,0.099,нет свежего пробоя Donchian на последней закрытой свече,,rejected,,
0.013545000000000024,no_fresh_breakout,64,ASTER-USDT-SWAP,0.693,нет свежего пробоя Donchian на последней закрытой свече,,rejected,,
0.07014999999999998,no_fresh_breakout,64,AUCTION-USDT-SWAP,5.018,нет свежего пробоя Donchian на последней закрытой свече,,rejected,,
0.010795000000000032,no_fresh_breakout,64,AXS-USDT-SWAP,1.1934,нет свежего пробоя Donchian на последней закрытой свече,,rejected,,
0.00028000000000000247,no_fresh_breakout,64,BAND-USDT-SWAP,0.2265,нет свежего пробоя Donchian на последней закрытой свече,,rejected,,
0.9299999999999983,no_fresh_breakout,64,BCH-USDT-SWAP,455.3,нет свежего пробоя Donchian на последней закрытой свече,,rejected,,
2.0000000000000025e-06,no_fresh_breakout,64,BOME-USDT-SWAP,0.000418,нет свежего пробоя Donchian на последней закрытой свече,,rejected,,
275.92999999999955,no_fresh_breakout,64,BTC-USDT-SWAP,70141.5,нет свежего пробоя Donchian на последней закрытой свече,,rejected,,
0.0005054999999999997,no_fresh_breakout,64,CFX-USDT-SWAP,0.06159,нет свежего пробоя Donchian на последней закрытой свече,,rejected,,
0.12249999999999961,no_fresh_breakout,64,COMP-USDT-SWAP,18.9,нет свежего пробоя Donchian на последней закрытой свече,,rejected,,
0.0023999999999999994,no_fresh_breakout,64,CRV-USDT-SWAP,0.2355,нет свежего пробоя Donchian на последней закрытой свече,,rejected,,
0.0006850000000000009,no_fresh_breakout,64,DOGE-USDT-SWAP,0.09355,нет свежего пробоя Donchian на последней закрытой свече,,rejected,,
0.018700000000000015,no_fresh_breakout,64,DOT-USDT-SWAP,1.534,нет свежего пробоя Donchian на последней закрытой свече,,rejected,,
0.020500000000000008,no_fresh_breakout,64,ETC-USDT-SWAP,8.27,нет свежего пробоя Donchian на последней закрытой свече,,rejected,,
21.658500000000004,no_fresh_breakout,64,ETH-USDT-SWAP,2146.67,нет свежего пробоя Donchian на последней закрытой свече,,rejected,,
0.0005500000000000005,no_fresh_breakout,64,FIL-USDT-SWAP,0.886,нет свежего пробоя Donchian на последней закрытой свече,,rejected,,
0.0,закрытие_не_удержалось_выше_канала,64,ICP-USDT-SWAP,0.0,закрытие не удержалось выше канала,long,rejected,Turtle 20,
0.028900000000000016,no_fresh_breakout,64,KSM-USDT-SWAP,4.538,нет свежего пробоя Donchian на последней закрытой свече,,rejected,,
0.05539999999999985,no_fresh_breakout,64,LINK-USDT-SWAP,9.04,нет свежего пробоя Donchian на последней закрытой свече,,rejected,,
0.0012500000000000178,no_fresh_breakout,64,LIT-USDT-SWAP,1.176,нет свежего пробоя Donchian на последней закрытой свече,,rejected,,
0.0023500000000000075,no_fresh_breakout,64,LPT-USDT-SWAP,2.217,нет свежего пробоя Donchian на последней закрытой свече,,rejected,,
0.00030000000000000306,no_fresh_breakout,64,LQTY-USDT-SWAP,0.2783,нет свежего пробоя Donchian на последней закрытой свече,,rejected,,
0.0046805,no_fresh_breakout,64,MAGIC-USDT-SWAP,0.06213,нет свежего пробоя Donchian на последней закрытой свече,,rejected,,
5.9999999999998944e-05,no_fresh_breakout,64,MET-USDT-SWAP,0.1541,нет свежего пробоя Donchian на последней закрытой свече,,rejected,,
0.00012399999999999982,no_fresh_breakout,64,OP-USDT-SWAP,0.121,нет свежего пробоя Donchian на последней закрытой свече,,rejected,,
0.0,закрытие_не_удержалось_выше_канала,64,PEPE-USDT-SWAP,0.0,закрытие не удержалось выше канала,long,rejected,Turtle 55,
0.0,atr_warmup:_цена_или_atr_недоступны_после_прогрева,64,SKY-USDT-SWAP,0.0,ATR warmup: цена или ATR недоступны после прогрева,,rejected,,
0.0,закрытие_не_удержалось_выше_канала,64,SOL-USDT-SWAP,0.0,закрытие не удержалось выше канала,long,rejected,Turtle 55,
0.011765000000000005,no_fresh_breakout,64,SUSHI-USDT-SWAP,0.2035,нет свежего пробоя Donchian на последней закрытой свече,,rejected,,
0.007650000000000013,no_fresh_breakout,64,TON-USDT-SWAP,1.235,нет свежего пробоя Donchian на последней закрытой свече,,rejected,,
0.0003149999999999986,no_fresh_breakout,64,TRX-USDT-SWAP,0.3008,нет свежего пробоя Donchian на последней закрытой свече,,rejected,,
0.0,закрытие_не_удержалось_ниже_канала,64,TSLA-USDT-SWAP,0.0,закрытие не удержалось ниже канала,short,rejected,Turtle 20,
0.004460000000000008,no_fresh_breakout,64,USDC-USDT-SWAP,1.0039,нет свежего пробоя Donchian на последней закрытой свече,,rejected,,
91.625,no_fresh_breakout,64,XAU-USDT-SWAP,4675.7,нет свежего пробоя Donchian на последней закрытой свече,,rejected,,
0.002242000000000001,no_fresh_breakout,64,XLM-USDT-SWAP,0.1651,нет свежего пробоя Donchian на последней закрытой свече,,rejected,,
0.009905000000000008,no_fresh_breakout,64,XRP-USDT-SWAP,1.4499,нет свежего пробоя Donchian на последней закрытой свече,,rejected,,
0.0002149999999999999,no_fresh_breakout,64,YB-USDT-SWAP,0.1223,нет свежего пробоя Donchian на последней закрытой свече,,rejected,,
14.990000000000009,no_fresh_breakout,64,YFI-USDT-SWAP,2725.5,нет свежего пробоя Donchian на последней закрытой свече,,rejected,,
0.0004450000000000013,no_fresh_breakout,64,YGG-USDT-SWAP,0.0396,нет свежего пробоя Donchian на последней закрытой свече,,rejected,,
6.499999999999978e-05,no_fresh_breakout,65,1INCH-USDT-SWAP,0.0952,нет свежего пробоя Donchian на последней закрытой свече,,rejected,,
0.0014050000000000006,no_fresh_breakout,65,2Z-USDT-SWAP,0.0786,нет свежего пробоя Donchian на последней закрытой свече,,rejected,,
8.5e-06,no_fresh_breakout,65,ACT-USDT-SWAP,0.01345,нет свежего пробоя Donchian на последней закрытой свече,,rejected,,
0.00131,no_fresh_breakout,65,ADA-USDT-SWAP,0.2676,нет свежего пробоя Donchian на последней закрытой свече,,rejected,,
0.000949999999999998,no_fresh_breakout,65,ARB-USDT-SWAP,0.0992,нет свежего пробоя Donchian на последней закрытой свече,,rejected,,
0.013320000000000021,no_fresh_breakout,65,ASTER-USDT-SWAP,0.6905,нет свежего пробоя Donchian на последней закрытой свече,,rejected,,
0.05909999999999997,no_fresh_breakout,65,AUCTION-USDT-SWAP,5.022,нет свежего пробоя Donchian на последней закрытой свече,,rejected,,
0.009630000000000038,no_fresh_breakout,65,AXS-USDT-SWAP,1.195,нет свежего пробоя Donchian на последней закрытой свече,,rejected,,
0.0,закрытие_не_удержалось_выше_канала,65,BAND-USDT-SWAP,0.0,закрытие не удержалось выше канала,long,rejected,Turtle 55,
0.0,закрытие_не_удержалось_выше_канала,65,BAND-USDT-SWAP,0.0,закрытие не удержалось выше канала,long,rejected,Turtle 20,
0.9399999999999977,no_fresh_breakout,65,BCH-USDT-SWAP,454.6,нет свежего пробоя Donchian на последней закрытой свече,,rejected,,
0.0,blacklist,65,BOME-USDT-SWAP,0.0,momentum chase blocked after 4 same-side candles,long,rejected,Turtle 55,
0.0,blacklist,65,BTC-USDT-SWAP,0.0,momentum chase blocked after 4 same-side candles,long,rejected,Turtle 55,
0.0,blacklist,65,BTC-USDT-SWAP,0.0,momentum chase blocked after 4 same-side candles,long,rejected,Turtle 20,
0.0005154999999999997,no_fresh_breakout,65,CFX-USDT-SWAP,0.06148,нет свежего пробоя Donchian на последней закрытой свече,,rejected,,
0.12349999999999958,no_fresh_breakout,65,COMP-USDT-SWAP,18.82,нет свежего пробоя Donchian на последней закрытой свече,,rejected,,
0.0,закрытие_не_удержалось_выше_канала,65,CRV-USDT-SWAP,0.0,закрытие не удержалось выше канала,long,rejected,Turtle 20,
0.0006575000000000012,no_fresh_breakout,65,DOGE-USDT-SWAP,0.09375,нет свежего пробоя Donchian на последней закрытой свече,,rejected,,
0.01915000000000001,no_fresh_breakout,65,DOT-USDT-SWAP,1.53,нет свежего пробоя Donchian на последней закрытой свече,,rejected,,
0.021999999999999974,no_fresh_breakout,65,ETC-USDT-SWAP,8.33,нет свежего пробоя Donchian на последней закрытой свече,,rejected,,
21.322500000000012,no_fresh_breakout,65,ETH-USDT-SWAP,2149.1,нет свежего пробоя Donchian на последней закрытой свече,,rejected,,
0.0009000000000000008,no_fresh_breakout,65,FIL-USDT-SWAP,0.891,нет свежего пробоя Donchian на последней закрытой свече,,rejected,,
0.016049999999999898,no_fresh_breakout,65,ICP-USDT-SWAP,2.503,нет свежего пробоя Donchian на последней закрытой свече,,rejected,,
0.02839999999999998,no_fresh_breakout,65,KSM-USDT-SWAP,4.526,нет свежего пробоя Donchian на последней закрытой свече,,rejected,,
0.056549999999999837,no_fresh_breakout,65,LINK-USDT-SWAP,9.046,нет свежего пробоя Donchian на последней закрытой свече,,rejected,,
0.0,закрытие_не_удержалось_выше_канала,65,LPT-USDT-SWAP,0.0,закрытие не удержалось выше канала,long,rejected,Turtle 55,
0.0,закрытие_не_удержалось_выше_канала,65,LPT-USDT-SWAP,0.0,закрытие не удержалось выше канала,long,rejected,Turtle 20,
0.0,закрытие_не_удержалось_выше_канала,65,LQTY-USDT-SWAP,0.0,закрытие не удержалось выше канала,long,rejected,Turtle 20,
0.0047065,no_fresh_breakout,65,MAGIC-USDT-SWAP,0.06213,нет свежего пробоя Donchian на последней закрытой свече,,rejected,,
5.9999999999998944e-05,no_fresh_breakout,65,MET-USDT-SWAP,0.1541,нет свежего пробоя Donchian на последней закрытой свече,,rejected,,
0.00016400000000000025,no_fresh_breakout,65,OP-USDT-SWAP,0.12105,нет свежего пробоя Donchian на последней закрытой свече,,rejected,,
2.2199999999999994e-08,no_fresh_breakout,65,PEPE-USDT-SWAP,3.405e-06,нет свежего пробоя Donchian на последней закрытой свече,,rejected,,
0.0,atr_warmup:_цена_или_atr_недоступны_после_прогрева,65,SKY-USDT-SWAP,0.0,ATR warmup: цена или ATR недоступны после прогрева,,rejected,,
0.5810000000000002,no_fresh_breakout,65,SOL-USDT-SWAP,89.02,нет свежего пробоя Donchian на последней закрытой свече,,rejected,,
0.012155000000000006,no_fresh_breakout,65,SUSHI-USDT-SWAP,0.2125,нет свежего пробоя Donchian на последней закрытой свече,,rejected,,
0.007650000000000013,no_fresh_breakout,65,TON-USDT-SWAP,1.235,нет свежего пробоя Donchian на последней закрытой свече,,rejected,,
0.0,закрытие_не_удержалось_выше_канала,65,TRX-USDT-SWAP,0.0,закрытие не удержалось выше канала,long,rejected,Turtle 20,
1.3524999999999978,no_fresh_breakout,65,TSLA-USDT-SWAP,384.31,нет свежего пробоя Donchian на последней закрытой свече,,rejected,,
0.0,закрытие_не_удержалось_ниже_канала,65,USDC-USDT-SWAP,0.0,закрытие не удержалось ниже канала,short,rejected,Turtle 20,
87.35500000000002,no_fresh_breakout,65,XAU-USDT-SWAP,4662.5,нет свежего пробоя Donchian на последней закрытой свече,,rejected,,
0.0020600000000000006,no_fresh_breakout,65,XLM-USDT-SWAP,0.16544,нет свежего пробоя Donchian на последней закрытой свече,,rejected,,
0.0,закрытие_не_удержалось_выше_канала,65,XRP-USDT-SWAP,0.0,закрытие не удержалось выше канала,long,rejected,Turtle 20,
0.0002149999999999999,no_fresh_breakout,65,YB-USDT-SWAP,0.1223,нет свежего пробоя Donchian на последней закрытой свече,,rejected,,
14.990000000000009,no_fresh_breakout,65,YFI-USDT-SWAP,2725.5,нет свежего пробоя Donchian на последней закрытой свече,,rejected,,
0.0,закрытие_не_удержалось_выше_канала,65,YGG-USDT-SWAP,0.0,закрытие не удержалось выше канала,long,rejected,Turtle 20,
6.499999999999978e-05,no_fresh_breakout,66,1INCH-USDT-SWAP,0.0952,нет свежего пробоя Donchian на последней закрытой свече,,rejected,,
0.0014050000000000006,no_fresh_breakout,66,2Z-USDT-SWAP,0.0786,нет свежего пробоя Donchian на последней закрытой свече,,rejected,,
8.5e-06,no_fresh_breakout,66,ACT-USDT-SWAP,0.01345,нет свежего пробоя Donchian на последней закрытой свече,,rejected,,
0.00131,no_fresh_breakout,66,ADA-USDT-SWAP,0.2676,нет свежего пробоя Donchian на последней закрытой свече,,rejected,,
0.000949999999999998,no_fresh_breakout,66,ARB-USDT-SWAP,0.0992,нет свежего пробоя Donchian на последней закрытой свече,,rejected,,
0.013320000000000021,no_fresh_breakout,66,ASTER-USDT-SWAP,0.6905,нет свежего пробоя Donchian на последней закрытой свече,,rejected,,
0.05909999999999997,no_fresh_breakout,66,AUCTION-USDT-SWAP,5.022,нет свежего пробоя Donchian на последней закрытой свече,,rejected,,
0.009630000000000038,no_fresh_breakout,66,AXS-USDT-SWAP,1.195,нет свежего пробоя Donchian на последней закрытой свече,,rejected,,
0.0,закрытие_не_удержалось_выше_канала,66,BAND-USDT-SWAP,0.0,закрытие не удержалось выше канала,long,rejected,Turtle 55,
0.0,закрытие_не_удержалось_выше_канала,66,BAND-USDT-SWAP,0.0,закрытие не удержалось выше канала,long,rejected,Turtle 20,
0.9399999999999977,no_fresh_breakout,66,BCH-USDT-SWAP,454.6,нет свежего пробоя Donchian на последней закрытой свече,,rejected,,
0.0,blacklist,66,BOME-USDT-SWAP,0.0,momentum chase blocked after 4 same-side candles,long,rejected,Turtle 55,
0.0,blacklist,66,BTC-USDT-SWAP,0.0,momentum chase blocked after 4 same-side candles,long,rejected,Turtle 55,
0.0,blacklist,66,BTC-USDT-SWAP,0.0,momentum chase blocked after 4 same-side candles,long,rejected,Turtle 20,
0.0005154999999999997,no_fresh_breakout,66,CFX-USDT-SWAP,0.06148,нет свежего пробоя Donchian на последней закрытой свече,,rejected,,
0.12349999999999958,no_fresh_breakout,66,COMP-USDT-SWAP,18.82,нет свежего пробоя Donchian на последней закрытой свече,,rejected,,
0.0,закрытие_не_удержалось_выше_канала,66,CRV-USDT-SWAP,0.0,закрытие не удержалось выше канала,long,rejected,Turtle 20,
0.0006575000000000012,no_fresh_breakout,66,DOGE-USDT-SWAP,0.09375,нет свежего пробоя Donchian на последней закрытой свече,,rejected,,
0.01915000000000001,no_fresh_breakout,66,DOT-USDT-SWAP,1.53,нет свежего пробоя Donchian на последней закрытой свече,,rejected,,
0.021999999999999974,no_fresh_breakout,66,ETC-USDT-SWAP,8.33,нет свежего пробоя Donchian на последней закрытой свече,,rejected,,
21.322500000000012,no_fresh_breakout,66,ETH-USDT-SWAP,2149.1,нет свежего пробоя Donchian на последней закрытой свече,,rejected,,
0.0009000000000000008,no_fresh_breakout,66,FIL-USDT-SWAP,0.891,нет свежего пробоя Donchian на последней закрытой свече,,rejected,,
0.016049999999999898,no_fresh_breakout,66,ICP-USDT-SWAP,2.503,нет свежего пробоя Donchian на последней закрытой свече,,rejected,,
0.02839999999999998,no_fresh_breakout,66,KSM-USDT-SWAP,4.526,нет свежего пробоя Donchian на последней закрытой свече,,rejected,,
0.056549999999999837,no_fresh_breakout,66,LINK-USDT-SWAP,9.046,нет свежего пробоя Donchian на последней закрытой свече,,rejected,,
0.0,закрытие_не_удержалось_выше_канала,66,LPT-USDT-SWAP,0.0,закрытие не удержалось выше канала,long,rejected,Turtle 55,
0.0,закрытие_не_удержалось_выше_канала,66,LPT-USDT-SWAP,0.0,закрытие не удержалось выше канала,long,rejected,Turtle 20,
0.0,закрытие_не_удержалось_выше_канала,66,LQTY-USDT-SWAP,0.0,закрытие не удержалось выше канала,long,rejected,Turtle 20,
0.0047065,no_fresh_breakout,66,MAGIC-USDT-SWAP,0.06213,нет свежего пробоя Donchian на последней закрытой свече,,rejected,,
5.9999999999998944e-05,no_fresh_breakout,66,MET-USDT-SWAP,0.1541,нет свежего пробоя Donchian на последней закрытой свече,,rejected,,
0.00016400000000000025,no_fresh_breakout,66,OP-USDT-SWAP,0.12105,нет свежего пробоя Donchian на последней закрытой свече,,rejected,,
2.2199999999999994e-08,no_fresh_breakout,66,PEPE-USDT-SWAP,3.405e-06,нет свежего пробоя Donchian на последней закрытой свече,,rejected,,
0.0,atr_warmup:_цена_или_atr_недоступны_после_прогрева,66,SKY-USDT-SWAP,0.0,ATR warmup: цена или ATR недоступны после прогрева,,rejected,,
0.5810000000000002,no_fresh_breakout,66,SOL-USDT-SWAP,89.02,нет свежего пробоя Donchian на последней закрытой свече,,rejected,,
0.012155000000000006,no_fresh_breakout,66,SUSHI-USDT-SWAP,0.2125,нет свежего пробоя Donchian на последней закрытой свече,,rejected,,
0.007650000000000013,no_fresh_breakout,66,TON-USDT-SWAP,1.235,нет свежего пробоя Donchian на последней закрытой свече,,rejected,,
0.0,закрытие_не_удержалось_выше_канала,66,TRX-USDT-SWAP,0.0,закрытие не удержалось выше канала,long,rejected,Turtle 20,
1.3524999999999978,no_fresh_breakout,66,TSLA-USDT-SWAP,384.31,нет свежего пробоя Donchian на последней закрытой свече,,rejected,,
0.0,закрытие_не_удержалось_ниже_канала,66,USDC-USDT-SWAP,0.0,закрытие не удержалось ниже канала,short,rejected,Turtle 20,
87.35500000000002,no_fresh_breakout,66,XAU-USDT-SWAP,4662.5,нет свежего пробоя Donchian на последней закрытой свече,,rejected,,
0.0020600000000000006,no_fresh_breakout,66,XLM-USDT-SWAP,0.16544,нет свежего пробоя Donchian на последней закрытой свече,,rejected,,
0.0,закрытие_не_удержалось_выше_канала,66,XRP-USDT-SWAP,0.0,закрытие не удержалось выше канала,long,rejected,Turtle 20,
0.0002149999999999999,no_fresh_breakout,66,YB-USDT-SWAP,0.1223,нет свежего пробоя Donchian на последней закрытой свече,,rejected,,
14.990000000000009,no_fresh_breakout,66,YFI-USDT-SWAP,2725.5,нет свежего пробоя Donchian на последней закрытой свече,,rejected,,
0.0,закрытие_не_удержалось_выше_канала,66,YGG-USDT-SWAP,0.0,закрытие не удержалось выше канала,long,rejected,Turtle 20,
6.499999999999978e-05,no_fresh_breakout,67,1INCH-USDT-SWAP,0.0952,нет свежего пробоя Donchian на последней закрытой свече,,rejected,,
0.0014050000000000006,no_fresh_breakout,67,2Z-USDT-SWAP,0.0786,нет свежего пробоя Donchian на последней закрытой свече,,rejected,,
8.5e-06,no_fresh_breakout,67,ACT-USDT-SWAP,0.01345,нет свежего пробоя Donchian на последней закрытой свече,,rejected,,
0.00131,no_fresh_breakout,67,ADA-USDT-SWAP,0.2676,нет свежего пробоя Donchian на последней закрытой свече,,rejected,,
0.000949999999999998,no_fresh_breakout,67,ARB-USDT-SWAP,0.0992,нет свежего пробоя Donchian на последней закрытой свече,,rejected,,
0.013320000000000021,no_fresh_breakout,67,ASTER-USDT-SWAP,0.6905,нет свежего пробоя Donchian на последней закрытой свече,,rejected,,
0.05909999999999997,no_fresh_breakout,67,AUCTION-USDT-SWAP,5.022,нет свежего пробоя Donchian на последней закрытой свече,,rejected,,
0.009630000000000038,no_fresh_breakout,67,AXS-USDT-SWAP,1.195,нет свежего пробоя Donchian на последней закрытой свече,,rejected,,
0.0,закрытие_не_удержалось_выше_канала,67,BAND-USDT-SWAP,0.0,закрытие не удержалось выше канала,long,rejected,Turtle 55,
0.0,закрытие_не_удержалось_выше_канала,67,BAND-USDT-SWAP,0.0,закрытие не удержалось выше канала,long,rejected,Turtle 20,
0.9399999999999977,no_fresh_breakout,67,BCH-USDT-SWAP,454.6,нет свежего пробоя Donchian на последней закрытой свече,,rejected,,
0.0,blacklist,67,BOME-USDT-SWAP,0.0,momentum chase blocked after 4 same-side candles,long,rejected,Turtle 55,
0.0,blacklist,67,BTC-USDT-SWAP,0.0,momentum chase blocked after 4 same-side candles,long,rejected,Turtle 55,
0.0,blacklist,67,BTC-USDT-SWAP,0.0,momentum chase blocked after 4 same-side candles,long,rejected,Turtle 20,
0.0005154999999999997,no_fresh_breakout,67,CFX-USDT-SWAP,0.06148,нет свежего пробоя Donchian на последней закрытой свече,,rejected,,
0.12349999999999958,no_fresh_breakout,67,COMP-USDT-SWAP,18.82,нет свежего пробоя Donchian на последней закрытой свече,,rejected,,
0.0,закрытие_не_удержалось_выше_канала,67,CRV-USDT-SWAP,0.0,закрытие не удержалось выше канала,long,rejected,Turtle 20,
0.0006575000000000012,no_fresh_breakout,67,DOGE-USDT-SWAP,0.09375,нет свежего пробоя Donchian на последней закрытой свече,,rejected,,
0.01915000000000001,no_fresh_breakout,67,DOT-USDT-SWAP,1.53,нет свежего пробоя Donchian на последней закрытой свече,,rejected,,
0.021999999999999974,no_fresh_breakout,67,ETC-USDT-SWAP,8.33,нет свежего пробоя Donchian на последней закрытой свече,,rejected,,
21.322500000000012,no_fresh_breakout,67,ETH-USDT-SWAP,2149.1,нет свежего пробоя Donchian на последней закрытой свече,,rejected,,
0.0009000000000000008,no_fresh_breakout,67,FIL-USDT-SWAP,0.891,нет свежего пробоя Donchian на последней закрытой свече,,rejected,,
0.016049999999999898,no_fresh_breakout,67,ICP-USDT-SWAP,2.503,нет свежего пробоя Donchian на последней закрытой свече,,rejected,,
0.02839999999999998,no_fresh_breakout,67,KSM-USDT-SWAP,4.526,нет свежего пробоя Donchian на последней закрытой свече,,rejected,,
0.056549999999999837,no_fresh_breakout,67,LINK-USDT-SWAP,9.046,нет свежего пробоя Donchian на последней закрытой свече,,rejected,,
0.0,закрытие_не_удержалось_выше_канала,67,LPT-USDT-SWAP,0.0,закрытие не удержалось выше канала,long,rejected,Turtle 55,
0.0,закрытие_не_удержалось_выше_канала,67,LPT-USDT-SWAP,0.0,закрытие не удержалось выше канала,long,rejected,Turtle 20,
0.0,закрытие_не_удержалось_выше_канала,67,LQTY-USDT-SWAP,0.0,закрытие не удержалось выше канала,long,rejected,Turtle 20,
0.0047065,no_fresh_breakout,67,MAGIC-USDT-SWAP,0.06213,нет свежего пробоя Donchian на последней закрытой свече,,rejected,,
5.9999999999998944e-05,no_fresh_breakout,67,MET-USDT-SWAP,0.1541,нет свежего пробоя Donchian на последней закрытой свече,,rejected,,
0.00016400000000000025,no_fresh_breakout,67,OP-USDT-SWAP,0.12105,нет свежего пробоя Donchian на последней закрытой свече,,rejected,,
2.2199999999999994e-08,no_fresh_breakout,67,PEPE-USDT-SWAP,3.405e-06,нет свежего пробоя Donchian на последней закрытой свече,,rejected,,
0.0,atr_warmup:_цена_или_atr_недоступны_после_прогрева,67,SKY-USDT-SWAP,0.0,ATR warmup: цена или ATR недоступны после прогрева,,rejected,,
0.5810000000000002,no_fresh_breakout,67,SOL-USDT-SWAP,89.02,нет свежего пробоя Donchian на последней закрытой свече,,rejected,,
0.012155000000000006,no_fresh_breakout,67,SUSHI-USDT-SWAP,0.2125,нет свежего пробоя Donchian на последней закрытой свече,,rejected,,
0.007650000000000013,no_fresh_breakout,67,TON-USDT-SWAP,1.235,нет свежего пробоя Donchian на последней закрытой свече,,rejected,,
0.0,закрытие_не_удержалось_выше_канала,67,TRX-USDT-SWAP,0.0,закрытие не удержалось выше канала,long,rejected,Turtle 20,
1.3524999999999978,no_fresh_breakout,67,TSLA-USDT-SWAP,384.31,нет свежего пробоя Donchian на последней закрытой свече,,rejected,,
0.0,закрытие_не_удержалось_ниже_канала,67,USDC-USDT-SWAP,0.0,закрытие не удержалось ниже канала,short,rejected,Turtle 20,
87.35500000000002,no_fresh_breakout,67,XAU-USDT-SWAP,4662.5,нет свежего пробоя Donchian на последней закрытой свече,,rejected,,
0.0020600000000000006,no_fresh_breakout,67,XLM-USDT-SWAP,0.16544,нет свежего пробоя Donchian на последней закрытой свече,,rejected,,
0.0,закрытие_не_удержалось_выше_канала,67,XRP-USDT-SWAP,0.0,закрытие не удержалось выше канала,long,rejected,Turtle 20,
0.0002149999999999999,no_fresh_breakout,67,YB-USDT-SWAP,0.1223,нет свежего пробоя Donchian на последней закрытой свече,,rejected,,
14.990000000000009,no_fresh_breakout,67,YFI-USDT-SWAP,2725.5,нет свежего пробоя Donchian на последней закрытой свече,,rejected,,
0.0,закрытие_не_удержалось_выше_канала,67,YGG-USDT-SWAP,0.0,закрытие не удержалось выше канала,long,rejected,Turtle 20,
6.499999999999978e-05,no_fresh_breakout,68,1INCH-USDT-SWAP,0.0952,нет свежего пробоя Donchian на последней закрытой свече,,rejected,,
0.0014050000000000006,no_fresh_breakout,68,2Z-USDT-SWAP,0.0786,нет свежего пробоя Donchian на последней закрытой свече,,rejected,,
8.5e-06,no_fresh_breakout,68,ACT-USDT-SWAP,0.01345,нет свежего пробоя Donchian на последней закрытой свече,,rejected,,
0.00131,no_fresh_breakout,68,ADA-USDT-SWAP,0.2676,нет свежего пробоя Donchian на последней закрытой свече,,rejected,,
0.000949999999999998,no_fresh_breakout,68,ARB-USDT-SWAP,0.0992,нет свежего пробоя Donchian на последней закрытой свече,,rejected,,
0.013320000000000021,no_fresh_breakout,68,ASTER-USDT-SWAP,0.6905,нет свежего пробоя Donchian на последней закрытой свече,,rejected,,
0.05909999999999997,no_fresh_breakout,68,AUCTION-USDT-SWAP,5.022,нет свежего пробоя Donchian на последней закрытой свече,,rejected,,
0.009630000000000038,no_fresh_breakout,68,AXS-USDT-SWAP,1.195,нет свежего пробоя Donchian на последней закрытой свече,,rejected,,
0.0,закрытие_не_удержалось_выше_канала,68,BAND-USDT-SWAP,0.0,закрытие не удержалось выше канала,long,rejected,Turtle 55,
0.0,закрытие_не_удержалось_выше_канала,68,BAND-USDT-SWAP,0.0,закрытие не удержалось выше канала,long,rejected,Turtle 20,
0.9399999999999977,no_fresh_breakout,68,BCH-USDT-SWAP,454.6,нет свежего пробоя Donchian на последней закрытой свече,,rejected,,
0.0,blacklist,68,BOME-USDT-SWAP,0.0,momentum chase blocked after 4 same-side candles,long,rejected,Turtle 55,
0.0,blacklist,68,BTC-USDT-SWAP,0.0,momentum chase blocked after 4 same-side candles,long,rejected,Turtle 55,
0.0,blacklist,68,BTC-USDT-SWAP,0.0,momentum chase blocked after 4 same-side candles,long,rejected,Turtle 20,
0.0005154999999999997,no_fresh_breakout,68,CFX-USDT-SWAP,0.06148,нет свежего пробоя Donchian на последней закрытой свече,,rejected,,
0.12349999999999958,no_fresh_breakout,68,COMP-USDT-SWAP,18.82,нет свежего пробоя Donchian на последней закрытой свече,,rejected,,
0.0,закрытие_не_удержалось_выше_канала,68,CRV-USDT-SWAP,0.0,закрытие не удержалось выше канала,long,rejected,Turtle 20,
0.0006575000000000012,no_fresh_breakout,68,DOGE-USDT-SWAP,0.09375,нет свежего пробоя Donchian на последней закрытой свече,,rejected,,
0.01915000000000001,no_fresh_breakout,68,DOT-USDT-SWAP,1.53,нет свежего пробоя Donchian на последней закрытой свече,,rejected,,
21.322500000000012,no_fresh_breakout,68,ETH-USDT-SWAP,2149.1,нет свежего пробоя Donchian на последней закрытой свече,,rejected,,
0.0009000000000000008,no_fresh_breakout,68,FIL-USDT-SWAP,0.891,нет свежего пробоя Donchian на последней закрытой свече,,rejected,,
0.016049999999999898,no_fresh_breakout,68,ICP-USDT-SWAP,2.503,нет свежего пробоя Donchian на последней закрытой свече,,rejected,,
0.02839999999999998,no_fresh_breakout,68,KSM-USDT-SWAP,4.526,нет свежего пробоя Donchian на последней закрытой свече,,rejected,,
0.056549999999999837,no_fresh_breakout,68,LINK-USDT-SWAP,9.046,нет свежего пробоя Donchian на последней закрытой свече,,rejected,,
0.0,закрытие_не_удержалось_выше_канала,68,LPT-USDT-SWAP,0.0,закрытие не удержалось выше канала,long,rejected,Turtle 55,
0.0,закрытие_не_удержалось_выше_канала,68,LPT-USDT-SWAP,0.0,закрытие не удержалось выше канала,long,rejected,Turtle 20,
0.0,закрытие_не_удержалось_выше_канала,68,LQTY-USDT-SWAP,0.0,закрытие не удержалось выше канала,long,rejected,Turtle 20,
0.0047065,no_fresh_breakout,68,MAGIC-USDT-SWAP,0.06213,нет свежего пробоя Donchian на последней закрытой свече,,rejected,,
5.9999999999998944e-05,no_fresh_breakout,68,MET-USDT-SWAP,0.1541,нет свежего пробоя Donchian на последней закрытой свече,,rejected,,
0.00016400000000000025,no_fresh_breakout,68,OP-USDT-SWAP,0.12105,нет свежего пробоя Donchian на последней закрытой свече,,rejected,,
2.2199999999999994e-08,no_fresh_breakout,68,PEPE-USDT-SWAP,3.405e-06,нет свежего пробоя Donchian на последней закрытой свече,,rejected,,
0.0,atr_warmup:_цена_или_atr_недоступны_после_прогрева,68,SKY-USDT-SWAP,0.0,ATR warmup: цена или ATR недоступны после прогрева,,rejected,,
0.5810000000000002,no_fresh_breakout,68,SOL-USDT-SWAP,89.02,нет свежего пробоя Donchian на последней закрытой свече,,rejected,,
0.012155000000000006,no_fresh_breakout,68,SUSHI-USDT-SWAP,0.2125,нет свежего пробоя Donchian на последней закрытой свече,,rejected,,
0.007650000000000013,no_fresh_breakout,68,TON-USDT-SWAP,1.235,нет свежего пробоя Donchian на последней закрытой свече,,rejected,,
0.0,закрытие_не_удержалось_выше_канала,68,TRX-USDT-SWAP,0.0,закрытие не удержалось выше канала,long,rejected,Turtle 20,
1.3524999999999978,no_fresh_breakout,68,TSLA-USDT-SWAP,384.31,нет свежего пробоя Donchian на последней закрытой свече,,rejected,,
0.0,закрытие_не_удержалось_ниже_канала,68,USDC-USDT-SWAP,0.0,закрытие не удержалось ниже канала,short,rejected,Turtle 20,
87.35500000000002,no_fresh_breakout,68,XAU-USDT-SWAP,4662.5,нет свежего пробоя Donchian на последней закрытой свече,,rejected,,
0.0020600000000000006,no_fresh_breakout,68,XLM-USDT-SWAP,0.16544,нет свежего пробоя Donchian на последней закрытой свече,,rejected,,
0.0,закрытие_не_удержалось_выше_канала,68,XRP-USDT-SWAP,0.0,закрытие не удержалось выше канала,long,rejected,Turtle 20,
0.0002149999999999999,no_fresh_breakout,68,YB-USDT-SWAP,0.1223,нет свежего пробоя Donchian на последней закрытой свече,,rejected,,
14.990000000000009,no_fresh_breakout,68,YFI-USDT-SWAP,2725.5,нет свежего пробоя Donchian на последней закрытой свече,,rejected,,
0.0,закрытие_не_удержалось_выше_канала,68,YGG-USDT-SWAP,0.0,закрытие не удержалось выше канала,long,rejected,Turtle 20,
6.499999999999978e-05,no_fresh_breakout,69,1INCH-USDT-SWAP,0.0952,нет свежего пробоя Donchian на последней закрытой свече,,rejected,,
0.0014050000000000006,no_fresh_breakout,69,2Z-USDT-SWAP,0.0786,нет свежего пробоя Donchian на последней закрытой свече,,rejected,,
8.5e-06,no_fresh_breakout,69,ACT-USDT-SWAP,0.01345,нет свежего пробоя Donchian на последней закрытой свече,,rejected,,
0.00131,no_fresh_breakout,69,ADA-USDT-SWAP,0.2676,нет свежего пробоя Donchian на последней закрытой свече,,rejected,,
0.000949999999999998,no_fresh_breakout,69,ARB-USDT-SWAP,0.0992,нет свежего пробоя Donchian на последней закрытой свече,,rejected,,
0.013320000000000021,no_fresh_breakout,69,ASTER-USDT-SWAP,0.6905,нет свежего пробоя Donchian на последней закрытой свече,,rejected,,
0.05909999999999997,no_fresh_breakout,69,AUCTION-USDT-SWAP,5.022,нет свежего пробоя Donchian на последней закрытой свече,,rejected,,
0.009630000000000038,no_fresh_breakout,69,AXS-USDT-SWAP,1.195,нет свежего пробоя Donchian на последней закрытой свече,,rejected,,
0.0,закрытие_не_удержалось_выше_канала,69,BAND-USDT-SWAP,0.0,закрытие не удержалось выше канала,long,rejected,Turtle 55,
0.0,закрытие_не_удержалось_выше_канала,69,BAND-USDT-SWAP,0.0,закрытие не удержалось выше канала,long,rejected,Turtle 20,
0.9399999999999977,no_fresh_breakout,69,BCH-USDT-SWAP,454.6,нет свежего пробоя Donchian на последней закрытой свече,,rejected,,
0.0,blacklist,69,BOME-USDT-SWAP,0.0,momentum chase blocked after 4 same-side candles,long,rejected,Turtle 55,
0.0,blacklist,69,BTC-USDT-SWAP,0.0,momentum chase blocked after 4 same-side candles,long,rejected,Turtle 55,
0.0,blacklist,69,BTC-USDT-SWAP,0.0,momentum chase blocked after 4 same-side candles,long,rejected,Turtle 20,
0.0005154999999999997,no_fresh_breakout,69,CFX-USDT-SWAP,0.06148,нет свежего пробоя Donchian на последней закрытой свече,,rejected,,
0.12349999999999958,no_fresh_breakout,69,COMP-USDT-SWAP,18.82,нет свежего пробоя Donchian на последней закрытой свече,,rejected,,
0.0,закрытие_не_удержалось_выше_канала,69,CRV-USDT-SWAP,0.0,закрытие не удержалось выше канала,long,rejected,Turtle 20,
0.0006575000000000012,no_fresh_breakout,69,DOGE-USDT-SWAP,0.09375,нет свежего пробоя Donchian на последней закрытой свече,,rejected,,
0.01915000000000001,no_fresh_breakout,69,DOT-USDT-SWAP,1.53,нет свежего пробоя Donchian на последней закрытой свече,,rejected,,
0.021999999999999974,no_fresh_breakout,69,ETC-USDT-SWAP,8.33,нет свежего пробоя Donchian на последней закрытой свече,,rejected,,
21.322500000000012,no_fresh_breakout,69,ETH-USDT-SWAP,2149.1,нет свежего пробоя Donchian на последней закрытой свече,,rejected,,
0.0009000000000000008,no_fresh_breakout,69,FIL-USDT-SWAP,0.891,нет свежего пробоя Donchian на последней закрытой свече,,rejected,,
0.016049999999999898,no_fresh_breakout,69,ICP-USDT-SWAP,2.503,нет свежего пробоя Donchian на последней закрытой свече,,rejected,,
0.02839999999999998,no_fresh_breakout,69,KSM-USDT-SWAP,4.526,нет свежего пробоя Donchian на последней закрытой свече,,rejected,,
0.056549999999999837,no_fresh_breakout,69,LINK-USDT-SWAP,9.046,нет свежего пробоя Donchian на последней закрытой свече,,rejected,,
0.0,закрытие_не_удержалось_выше_канала,69,LPT-USDT-SWAP,0.0,закрытие не удержалось выше канала,long,rejected,Turtle 55,
0.0,закрытие_не_удержалось_выше_канала,69,LPT-USDT-SWAP,0.0,закрытие не удержалось выше канала,long,rejected,Turtle 20,
0.0,закрытие_не_удержалось_выше_канала,69,LQTY-USDT-SWAP,0.0,закрытие не удержалось выше канала,long,rejected,Turtle 20,
0.0047065,no_fresh_breakout,69,MAGIC-USDT-SWAP,0.06213,нет свежего пробоя Donchian на последней закрытой свече,,rejected,,
5.9999999999998944e-05,no_fresh_breakout,69,MET-USDT-SWAP,0.1541,нет свежего пробоя Donchian на последней закрытой свече,,rejected,,
0.00016400000000000025,no_fresh_breakout,69,OP-USDT-SWAP,0.12105,нет свежего пробоя Donchian на последней закрытой свече,,rejected,,
2.2199999999999994e-08,no_fresh_breakout,69,PEPE-USDT-SWAP,3.405e-06,нет свежего пробоя Donchian на последней закрытой свече,,rejected,,
0.0,atr_warmup:_цена_или_atr_недоступны_после_прогрева,69,SKY-USDT-SWAP,0.0,ATR warmup: цена или ATR недоступны после прогрева,,rejected,,
0.5810000000000002,no_fresh_breakout,69,SOL-USDT-SWAP,89.02,нет свежего пробоя Donchian на последней закрытой свече,,rejected,,
0.012155000000000006,no_fresh_breakout,69,SUSHI-USDT-SWAP,0.2125,нет свежего пробоя Donchian на последней закрытой свече,,rejected,,
0.007650000000000013,no_fresh_breakout,69,TON-USDT-SWAP,1.235,нет свежего пробоя Donchian на последней закрытой свече,,rejected,,
0.0,закрытие_не_удержалось_выше_канала,69,TRX-USDT-SWAP,0.0,закрытие не удержалось выше канала,long,rejected,Turtle 20,
1.3524999999999978,no_fresh_breakout,69,TSLA-USDT-SWAP,384.31,нет свежего пробоя Donchian на последней закрытой свече,,rejected,,
0.0,закрытие_не_удержалось_ниже_канала,69,USDC-USDT-SWAP,0.0,закрытие не удержалось ниже канала,short,rejected,Turtle 20,
87.35500000000002,no_fresh_breakout,69,XAU-USDT-SWAP,4662.5,нет свежего пробоя Donchian на последней закрытой свече,,rejected,,
0.0020600000000000006,no_fresh_breakout,69,XLM-USDT-SWAP,0.16544,нет свежего пробоя Donchian на последней закрытой свече,,rejected,,
0.0,закрытие_не_удержалось_выше_канала,69,XRP-USDT-SWAP,0.0,закрытие не удержалось выше канала,long,rejected,Turtle 20,
0.0002149999999999999,no_fresh_breakout,69,YB-USDT-SWAP,0.1223,нет свежего пробоя Donchian на последней закрытой свече,,rejected,,
14.990000000000009,no_fresh_breakout,69,YFI-USDT-SWAP,2725.5,нет свежего пробоя Donchian на последней закрытой свече,,rejected,,
0.0,закрытие_не_удержалось_выше_канала,69,YGG-USDT-SWAP,0.0,закрытие не удержалось выше канала,long,rejected,Turtle 20,
6.499999999999978e-05,no_fresh_breakout,70,1INCH-USDT-SWAP,0.0952,нет свежего пробоя Donchian на последней закрытой свече,,rejected,,
0.0014050000000000006,no_fresh_breakout,70,2Z-USDT-SWAP,0.0786,нет свежего пробоя Donchian на последней закрытой свече,,rejected,,
8.5e-06,no_fresh_breakout,70,ACT-USDT-SWAP,0.01345,нет свежего пробоя Donchian на последней закрытой свече,,rejected,,
0.00131,no_fresh_breakout,70,ADA-USDT-SWAP,0.2676,нет свежего пробоя Donchian на последней закрытой свече,,rejected,,
0.000949999999999998,no_fresh_breakout,70,ARB-USDT-SWAP,0.0992,нет свежего пробоя Donchian на последней закрытой свече,,rejected,,
0.013320000000000021,no_fresh_breakout,70,ASTER-USDT-SWAP,0.6905,нет свежего пробоя Donchian на последней закрытой свече,,rejected,,
0.05909999999999997,no_fresh_breakout,70,AUCTION-USDT-SWAP,5.022,нет свежего пробоя Donchian на последней закрытой свече,,rejected,,
0.009630000000000038,no_fresh_breakout,70,AXS-USDT-SWAP,1.195,нет свежего пробоя Donchian на последней закрытой свече,,rejected,,
0.0,закрытие_не_удержалось_выше_канала,70,BAND-USDT-SWAP,0.0,закрытие не удержалось выше канала,long,rejected,Turtle 55,
0.0,закрытие_не_удержалось_выше_канала,70,BAND-USDT-SWAP,0.0,закрытие не удержалось выше канала,long,rejected,Turtle 20,
0.9399999999999977,no_fresh_breakout,70,BCH-USDT-SWAP,454.6,нет свежего пробоя Donchian на последней закрытой свече,,rejected,,
0.0,blacklist,70,BOME-USDT-SWAP,0.0,momentum chase blocked after 4 same-side candles,long,rejected,Turtle 55,
0.0,blacklist,70,BTC-USDT-SWAP,0.0,momentum chase blocked after 4 same-side candles,long,rejected,Turtle 55,
0.0,blacklist,70,BTC-USDT-SWAP,0.0,momentum chase blocked after 4 same-side candles,long,rejected,Turtle 20,
0.0005154999999999997,no_fresh_breakout,70,CFX-USDT-SWAP,0.06148,нет свежего пробоя Donchian на последней закрытой свече,,rejected,,
0.12349999999999958,no_fresh_breakout,70,COMP-USDT-SWAP,18.82,нет свежего пробоя Donchian на последней закрытой свече,,rejected,,
0.0,закрытие_не_удержалось_выше_канала,70,CRV-USDT-SWAP,0.0,закрытие не удержалось выше канала,long,rejected,Turtle 20,
0.0006575000000000012,no_fresh_breakout,70,DOGE-USDT-SWAP,0.09375,нет свежего пробоя Donchian на последней закрытой свече,,rejected,,
0.01915000000000001,no_fresh_breakout,70,DOT-USDT-SWAP,1.53,нет свежего пробоя Donchian на последней закрытой свече,,rejected,,
0.021999999999999974,no_fresh_breakout,70,ETC-USDT-SWAP,8.33,нет свежего пробоя Donchian на последней закрытой свече,,rejected,,
21.322500000000012,no_fresh_breakout,70,ETH-USDT-SWAP,2149.1,нет свежего пробоя Donchian на последней закрытой свече,,rejected,,
0.0009000000000000008,no_fresh_breakout,70,FIL-USDT-SWAP,0.891,нет свежего пробоя Donchian на последней закрытой свече,,rejected,,
0.016049999999999898,no_fresh_breakout,70,ICP-USDT-SWAP,2.503,нет свежего пробоя Donchian на последней закрытой свече,,rejected,,
0.02839999999999998,no_fresh_breakout,70,KSM-USDT-SWAP,4.526,нет свежего пробоя Donchian на последней закрытой свече,,rejected,,
0.056549999999999837,no_fresh_breakout,70,LINK-USDT-SWAP,9.046,нет свежего пробоя Donchian на последней закрытой свече,,rejected,,
0.0,закрытие_не_удержалось_выше_канала,70,LPT-USDT-SWAP,0.0,закрытие не удержалось выше канала,long,rejected,Turtle 55,
0.0,закрытие_не_удержалось_выше_канала,70,LPT-USDT-SWAP,0.0,закрытие не удержалось выше канала,long,rejected,Turtle 20,
0.0,закрытие_не_удержалось_выше_канала,70,LQTY-USDT-SWAP,0.0,закрытие не удержалось выше канала,long,rejected,Turtle 20,
0.0047065,no_fresh_breakout,70,MAGIC-USDT-SWAP,0.06213,нет свежего пробоя Donchian на последней закрытой свече,,rejected,,
5.9999999999998944e-05,no_fresh_breakout,70,MET-USDT-SWAP,0.1541,нет свежего пробоя Donchian на последней закрытой свече,,rejected,,
0.00016400000000000025,no_fresh_breakout,70,OP-USDT-SWAP,0.12105,нет свежего пробоя Donchian на последней закрытой свече,,rejected,,
2.2199999999999994e-08,no_fresh_breakout,70,PEPE-USDT-SWAP,3.405e-06,нет свежего пробоя Donchian на последней закрытой свече,,rejected,,
0.0,atr_warmup:_цена_или_atr_недоступны_после_прогрева,70,SKY-USDT-SWAP,0.0,ATR warmup: цена или ATR недоступны после прогрева,,rejected,,
0.5810000000000002,no_fresh_breakout,70,SOL-USDT-SWAP,89.02,нет свежего пробоя Donchian на последней закрытой свече,,rejected,,
0.012155000000000006,no_fresh_breakout,70,SUSHI-USDT-SWAP,0.2125,нет свежего пробоя Donchian на последней закрытой свече,,rejected,,
0.007650000000000013,no_fresh_breakout,70,TON-USDT-SWAP,1.235,нет свежего пробоя Donchian на последней закрытой свече,,rejected,,
0.0,закрытие_не_удержалось_выше_канала,70,TRX-USDT-SWAP,0.0,закрытие не удержалось выше канала,long,rejected,Turtle 20,
1.3524999999999978,no_fresh_breakout,70,TSLA-USDT-SWAP,384.31,нет свежего пробоя Donchian на последней закрытой свече,,rejected,,
0.0,закрытие_не_удержалось_ниже_канала,70,USDC-USDT-SWAP,0.0,закрытие не удержалось ниже канала,short,rejected,Turtle 20,
87.35500000000002,no_fresh_breakout,70,XAU-USDT-SWAP,4662.5,нет свежего пробоя Donchian на последней закрытой свече,,rejected,,
0.0020600000000000006,no_fresh_breakout,70,XLM-USDT-SWAP,0.16544,нет свежего пробоя Donchian на последней закрытой свече,,rejected,,
0.0,закрытие_не_удержалось_выше_канала,70,XRP-USDT-SWAP,0.0,закрытие не удержалось выше канала,long,rejected,Turtle 20,
0.0002149999999999999,no_fresh_breakout,70,YB-USDT-SWAP,0.1223,нет свежего пробоя Donchian на последней закрытой свече,,rejected,,
14.990000000000009,no_fresh_breakout,70,YFI-USDT-SWAP,2725.5,нет свежего пробоя Donchian на последней закрытой свече,,rejected,,
0.0,закрытие_не_удержалось_выше_канала,70,YGG-USDT-SWAP,0.0,закрытие не удержалось выше канала,long,rejected,Turtle 20,
6.499999999999978e-05,no_fresh_breakout,71,1INCH-USDT-SWAP,0.0952,нет свежего пробоя Donchian на последней закрытой свече,,rejected,,
0.0014050000000000006,no_fresh_breakout,71,2Z-USDT-SWAP,0.0786,нет свежего пробоя Donchian на последней закрытой свече,,rejected,,
8.5e-06,no_fresh_breakout,71,ACT-USDT-SWAP,0.01345,нет свежего пробоя Donchian на последней закрытой свече,,rejected,,
0.00131,no_fresh_breakout,71,ADA-USDT-SWAP,0.2676,нет свежего пробоя Donchian на последней закрытой свече,,rejected,,
0.000949999999999998,no_fresh_breakout,71,ARB-USDT-SWAP,0.0992,нет свежего пробоя Donchian на последней закрытой свече,,rejected,,
0.013320000000000021,no_fresh_breakout,71,ASTER-USDT-SWAP,0.6905,нет свежего пробоя Donchian на последней закрытой свече,,rejected,,
0.05909999999999997,no_fresh_breakout,71,AUCTION-USDT-SWAP,5.022,нет свежего пробоя Donchian на последней закрытой свече,,rejected,,
0.009630000000000038,no_fresh_breakout,71,AXS-USDT-SWAP,1.195,нет свежего пробоя Donchian на последней закрытой свече,,rejected,,
0.0,закрытие_не_удержалось_выше_канала,71,BAND-USDT-SWAP,0.0,закрытие не удержалось выше канала,long,rejected,Turtle 55,
0.0,закрытие_не_удержалось_выше_канала,71,BAND-USDT-SWAP,0.0,закрытие не удержалось выше канала,long,rejected,Turtle 20,
0.9399999999999977,no_fresh_breakout,71,BCH-USDT-SWAP,454.6,нет свежего пробоя Donchian на последней закрытой свече,,rejected,,
0.0,blacklist,71,BOME-USDT-SWAP,0.0,momentum chase blocked after 4 same-side candles,long,rejected,Turtle 55,
0.0,blacklist,71,BTC-USDT-SWAP,0.0,momentum chase blocked after 4 same-side candles,long,rejected,Turtle 55,
0.0,blacklist,71,BTC-USDT-SWAP,0.0,momentum chase blocked after 4 same-side candles,long,rejected,Turtle 20,
0.0005154999999999997,no_fresh_breakout,71,CFX-USDT-SWAP,0.06148,нет свежего пробоя Donchian на последней закрытой свече,,rejected,,
0.12349999999999958,no_fresh_breakout,71,COMP-USDT-SWAP,18.82,нет свежего пробоя Donchian на последней закрытой свече,,rejected,,
0.0,закрытие_не_удержалось_выше_канала,71,CRV-USDT-SWAP,0.0,закрытие не удержалось выше канала,long,rejected,Turtle 20,
0.0006575000000000012,no_fresh_breakout,71,DOGE-USDT-SWAP,0.09375,нет свежего пробоя Donchian на последней закрытой свече,,rejected,,
0.01915000000000001,no_fresh_breakout,71,DOT-USDT-SWAP,1.53,нет свежего пробоя Donchian на последней закрытой свече,,rejected,,
0.021999999999999974,no_fresh_breakout,71,ETC-USDT-SWAP,8.33,нет свежего пробоя Donchian на последней закрытой свече,,rejected,,
21.322500000000012,no_fresh_breakout,71,ETH-USDT-SWAP,2149.1,нет свежего пробоя Donchian на последней закрытой свече,,rejected,,
0.0009000000000000008,no_fresh_breakout,71,FIL-USDT-SWAP,0.891,нет свежего пробоя Donchian на последней закрытой свече,,rejected,,
0.016049999999999898,no_fresh_breakout,71,ICP-USDT-SWAP,2.503,нет свежего пробоя Donchian на последней закрытой свече,,rejected,,
0.02839999999999998,no_fresh_breakout,71,KSM-USDT-SWAP,4.526,нет свежего пробоя Donchian на последней закрытой свече,,rejected,,
0.056549999999999837,no_fresh_breakout,71,LINK-USDT-SWAP,9.046,нет свежего пробоя Donchian на последней закрытой свече,,rejected,,
0.0,закрытие_не_удержалось_выше_канала,71,LPT-USDT-SWAP,0.0,закрытие не удержалось выше канала,long,rejected,Turtle 55,
0.0,закрытие_не_удержалось_выше_канала,71,LPT-USDT-SWAP,0.0,закрытие не удержалось выше канала,long,rejected,Turtle 20,
0.0,закрытие_не_удержалось_выше_канала,71,LQTY-USDT-SWAP,0.0,закрытие не удержалось выше канала,long,rejected,Turtle 20,
0.0047065,no_fresh_breakout,71,MAGIC-USDT-SWAP,0.06213,нет свежего пробоя Donchian на последней закрытой свече,,rejected,,
5.9999999999998944e-05,no_fresh_breakout,71,MET-USDT-SWAP,0.1541,нет свежего пробоя Donchian на последней закрытой свече,,rejected,,
0.00016400000000000025,no_fresh_breakout,71,OP-USDT-SWAP,0.12105,нет свежего пробоя Donchian на последней закрытой свече,,rejected,,
2.2199999999999994e-08,no_fresh_breakout,71,PEPE-USDT-SWAP,3.405e-06,нет свежего пробоя Donchian на последней закрытой свече,,rejected,,
0.0,atr_warmup:_цена_или_atr_недоступны_после_прогрева,71,SKY-USDT-SWAP,0.0,ATR warmup: цена или ATR недоступны после прогрева,,rejected,,
0.5810000000000002,no_fresh_breakout,71,SOL-USDT-SWAP,89.02,нет свежего пробоя Donchian на последней закрытой свече,,rejected,,
0.012155000000000006,no_fresh_breakout,71,SUSHI-USDT-SWAP,0.2125,нет свежего пробоя Donchian на последней закрытой свече,,rejected,,
0.007650000000000013,no_fresh_breakout,71,TON-USDT-SWAP,1.235,нет свежего пробоя Donchian на последней закрытой свече,,rejected,,
0.0,закрытие_не_удержалось_выше_канала,71,TRX-USDT-SWAP,0.0,закрытие не удержалось выше канала,long,rejected,Turtle 20,
1.3524999999999978,no_fresh_breakout,71,TSLA-USDT-SWAP,384.31,нет свежего пробоя Donchian на последней закрытой свече,,rejected,,
0.0,закрытие_не_удержалось_ниже_канала,71,USDC-USDT-SWAP,0.0,закрытие не удержалось ниже канала,short,rejected,Turtle 20,
87.35500000000002,no_fresh_breakout,71,XAU-USDT-SWAP,4662.5,нет свежего пробоя Donchian на последней закрытой свече,,rejected,,
0.0020600000000000006,no_fresh_breakout,71,XLM-USDT-SWAP,0.16544,нет свежего пробоя Donchian на последней закрытой свече,,rejected,,
0.0,закрытие_не_удержалось_выше_канала,71,XRP-USDT-SWAP,0.0,закрытие не удержалось выше канала,long,rejected,Turtle 20,
0.0002149999999999999,no_fresh_breakout,71,YB-USDT-SWAP,0.1223,нет свежего пробоя Donchian на последней закрытой свече,,rejected,,
14.990000000000009,no_fresh_breakout,71,YFI-USDT-SWAP,2725.5,нет свежего пробоя Donchian на последней закрытой свече,,rejected,,
0.0,закрытие_не_удержалось_выше_канала,71,YGG-USDT-SWAP,0.0,закрытие не удержалось выше канала,long,rejected,Turtle 20,
6.499999999999978e-05,no_fresh_breakout,72,1INCH-USDT-SWAP,0.0952,нет свежего пробоя Donchian на последней закрытой свече,,rejected,,
0.0014050000000000006,no_fresh_breakout,72,2Z-USDT-SWAP,0.0786,нет свежего пробоя Donchian на последней закрытой свече,,rejected,,
8.5e-06,no_fresh_breakout,72,ACT-USDT-SWAP,0.01345,нет свежего пробоя Donchian на последней закрытой свече,,rejected,,
0.00131,no_fresh_breakout,72,ADA-USDT-SWAP,0.2676,нет свежего пробоя Donchian на последней закрытой свече,,rejected,,
0.000949999999999998,no_fresh_breakout,72,ARB-USDT-SWAP,0.0992,нет свежего пробоя Donchian на последней закрытой свече,,rejected,,
0.013320000000000021,no_fresh_breakout,72,ASTER-USDT-SWAP,0.6905,нет свежего пробоя Donchian на последней закрытой свече,,rejected,,
0.05909999999999997,no_fresh_breakout,72,AUCTION-USDT-SWAP,5.022,нет свежего пробоя Donchian на последней закрытой свече,,rejected,,
0.009630000000000038,no_fresh_breakout,72,AXS-USDT-SWAP,1.195,нет свежего пробоя Donchian на последней закрытой свече,,rejected,,
0.0,закрытие_не_удержалось_выше_канала,72,BAND-USDT-SWAP,0.0,закрытие не удержалось выше канала,long,rejected,Turtle 55,
0.0,закрытие_не_удержалось_выше_канала,72,BAND-USDT-SWAP,0.0,закрытие не удержалось выше канала,long,rejected,Turtle 20,
0.9399999999999977,no_fresh_breakout,72,BCH-USDT-SWAP,454.6,нет свежего пробоя Donchian на последней закрытой свече,,rejected,,
0.0,blacklist,72,BOME-USDT-SWAP,0.0,momentum chase blocked after 4 same-side candles,long,rejected,Turtle 55,
0.0,blacklist,72,BTC-USDT-SWAP,0.0,momentum chase blocked after 4 same-side candles,long,rejected,Turtle 55,
0.0,blacklist,72,BTC-USDT-SWAP,0.0,momentum chase blocked after 4 same-side candles,long,rejected,Turtle 20,
0.0005154999999999997,no_fresh_breakout,72,CFX-USDT-SWAP,0.06148,нет свежего пробоя Donchian на последней закрытой свече,,rejected,,
0.12349999999999958,no_fresh_breakout,72,COMP-USDT-SWAP,18.82,нет свежего пробоя Donchian на последней закрытой свече,,rejected,,
0.0,закрытие_не_удержалось_выше_канала,72,CRV-USDT-SWAP,0.0,закрытие не удержалось выше канала,long,rejected,Turtle 20,
0.0006575000000000012,no_fresh_breakout,72,DOGE-USDT-SWAP,0.09375,нет свежего пробоя Donchian на последней закрытой свече,,rejected,,
0.01915000000000001,no_fresh_breakout,72,DOT-USDT-SWAP,1.53,нет свежего пробоя Donchian на последней закрытой свече,,rejected,,
0.021999999999999974,no_fresh_breakout,72,ETC-USDT-SWAP,8.33,нет свежего пробоя Donchian на последней закрытой свече,,rejected,,
21.322500000000012,no_fresh_breakout,72,ETH-USDT-SWAP,2149.1,нет свежего пробоя Donchian на последней закрытой свече,,rejected,,
0.0009000000000000008,no_fresh_breakout,72,FIL-USDT-SWAP,0.891,нет свежего пробоя Donchian на последней закрытой свече,,rejected,,
0.016049999999999898,no_fresh_breakout,72,ICP-USDT-SWAP,2.503,нет свежего пробоя Donchian на последней закрытой свече,,rejected,,
0.02839999999999998,no_fresh_breakout,72,KSM-USDT-SWAP,4.526,нет свежего пробоя Donchian на последней закрытой свече,,rejected,,
0.056549999999999837,no_fresh_breakout,72,LINK-USDT-SWAP,9.046,нет свежего пробоя Donchian на последней закрытой свече,,rejected,,
0.0,закрытие_не_удержалось_выше_канала,72,LPT-USDT-SWAP,0.0,закрытие не удержалось выше канала,long,rejected,Turtle 55,
0.0,закрытие_не_удержалось_выше_канала,72,LPT-USDT-SWAP,0.0,закрытие не удержалось выше канала,long,rejected,Turtle 20,
0.0,закрытие_не_удержалось_выше_канала,72,LQTY-USDT-SWAP,0.0,закрытие не удержалось выше канала,long,rejected,Turtle 20,
0.0047065,no_fresh_breakout,72,MAGIC-USDT-SWAP,0.06213,нет свежего пробоя Donchian на последней закрытой свече,,rejected,,
5.9999999999998944e-05,no_fresh_breakout,72,MET-USDT-SWAP,0.1541,нет свежего пробоя Donchian на последней закрытой свече,,rejected,,
0.00016400000000000025,no_fresh_breakout,72,OP-USDT-SWAP,0.12105,нет свежего пробоя Donchian на последней закрытой свече,,rejected,,
2.2199999999999994e-08,no_fresh_breakout,72,PEPE-USDT-SWAP,3.405e-06,нет свежего пробоя Donchian на последней закрытой свече,,rejected,,
0.0,atr_warmup:_цена_или_atr_недоступны_после_прогрева,72,SKY-USDT-SWAP,0.0,ATR warmup: цена или ATR недоступны после прогрева,,rejected,,
0.5810000000000002,no_fresh_breakout,72,SOL-USDT-SWAP,89.02,нет свежего пробоя Donchian на последней закрытой свече,,rejected,,
0.012155000000000006,no_fresh_breakout,72,SUSHI-USDT-SWAP,0.2125,нет свежего пробоя Donchian на последней закрытой свече,,rejected,,
0.007650000000000013,no_fresh_breakout,72,TON-USDT-SWAP,1.235,нет свежего пробоя Donchian на последней закрытой свече,,rejected,,
0.0,закрытие_не_удержалось_выше_канала,72,TRX-USDT-SWAP,0.0,закрытие не удержалось выше канала,long,rejected,Turtle 20,
1.3524999999999978,no_fresh_breakout,72,TSLA-USDT-SWAP,384.31,нет свежего пробоя Donchian на последней закрытой свече,,rejected,,
0.0,закрытие_не_удержалось_ниже_канала,72,USDC-USDT-SWAP,0.0,закрытие не удержалось ниже канала,short,rejected,Turtle 20,
87.35500000000002,no_fresh_breakout,72,XAU-USDT-SWAP,4662.5,нет свежего пробоя Donchian на последней закрытой свече,,rejected,,
0.0020600000000000006,no_fresh_breakout,72,XLM-USDT-SWAP,0.16544,нет свежего пробоя Donchian на последней закрытой свече,,rejected,,
0.0,закрытие_не_удержалось_выше_канала,72,XRP-USDT-SWAP,0.0,закрытие не удержалось выше канала,long,rejected,Turtle 20,
0.0002149999999999999,no_fresh_breakout,72,YB-USDT-SWAP,0.1223,нет свежего пробоя Donchian на последней закрытой свече,,rejected,,
14.990000000000009,no_fresh_breakout,72,YFI-USDT-SWAP,2725.5,нет свежего пробоя Donchian на последней закрытой свече,,rejected,,
0.0,закрытие_не_удержалось_выше_канала,72,YGG-USDT-SWAP,0.0,закрытие не удержалось выше канала,long,rejected,Turtle 20,
6.499999999999978e-05,no_fresh_breakout,73,1INCH-USDT-SWAP,0.0952,нет свежего пробоя Donchian на последней закрытой свече,,rejected,,
0.0014050000000000006,no_fresh_breakout,73,2Z-USDT-SWAP,0.0786,нет свежего пробоя Donchian на последней закрытой свече,,rejected,,
8.5e-06,no_fresh_breakout,73,ACT-USDT-SWAP,0.01345,нет свежего пробоя Donchian на последней закрытой свече,,rejected,,
0.00131,no_fresh_breakout,73,ADA-USDT-SWAP,0.2676,нет свежего пробоя Donchian на последней закрытой свече,,rejected,,
0.000949999999999998,no_fresh_breakout,73,ARB-USDT-SWAP,0.0992,нет свежего пробоя Donchian на последней закрытой свече,,rejected,,
0.013320000000000021,no_fresh_breakout,73,ASTER-USDT-SWAP,0.6905,нет свежего пробоя Donchian на последней закрытой свече,,rejected,,
0.05909999999999997,no_fresh_breakout,73,AUCTION-USDT-SWAP,5.022,нет свежего пробоя Donchian на последней закрытой свече,,rejected,,
0.009630000000000038,no_fresh_breakout,73,AXS-USDT-SWAP,1.195,нет свежего пробоя Donchian на последней закрытой свече,,rejected,,
0.0,закрытие_не_удержалось_выше_канала,73,BAND-USDT-SWAP,0.0,закрытие не удержалось выше канала,long,rejected,Turtle 55,
0.0,закрытие_не_удержалось_выше_канала,73,BAND-USDT-SWAP,0.0,закрытие не удержалось выше канала,long,rejected,Turtle 20,
0.9399999999999977,no_fresh_breakout,73,BCH-USDT-SWAP,454.6,нет свежего пробоя Donchian на последней закрытой свече,,rejected,,
0.0,blacklist,73,BOME-USDT-SWAP,0.0,momentum chase blocked after 4 same-side candles,long,rejected,Turtle 55,
0.0,blacklist,73,BTC-USDT-SWAP,0.0,momentum chase blocked after 4 same-side candles,long,rejected,Turtle 55,
0.0,blacklist,73,BTC-USDT-SWAP,0.0,momentum chase blocked after 4 same-side candles,long,rejected,Turtle 20,
0.0005154999999999997,no_fresh_breakout,73,CFX-USDT-SWAP,0.06148,нет свежего пробоя Donchian на последней закрытой свече,,rejected,,
0.12349999999999958,no_fresh_breakout,73,COMP-USDT-SWAP,18.82,нет свежего пробоя Donchian на последней закрытой свече,,rejected,,
0.0,закрытие_не_удержалось_выше_канала,73,CRV-USDT-SWAP,0.0,закрытие не удержалось выше канала,long,rejected,Turtle 20,
0.0006575000000000012,no_fresh_breakout,73,DOGE-USDT-SWAP,0.09375,нет свежего пробоя Donchian на последней закрытой свече,,rejected,,
0.01915000000000001,no_fresh_breakout,73,DOT-USDT-SWAP,1.53,нет свежего пробоя Donchian на последней закрытой свече,,rejected,,
0.021999999999999974,no_fresh_breakout,73,ETC-USDT-SWAP,8.33,нет свежего пробоя Donchian на последней закрытой свече,,rejected,,
21.322500000000012,no_fresh_breakout,73,ETH-USDT-SWAP,2149.1,нет свежего пробоя Donchian на последней закрытой свече,,rejected,,
0.0009000000000000008,no_fresh_breakout,73,FIL-USDT-SWAP,0.891,нет свежего пробоя Donchian на последней закрытой свече,,rejected,,
0.016049999999999898,no_fresh_breakout,73,ICP-USDT-SWAP,2.503,нет свежего пробоя Donchian на последней закрытой свече,,rejected,,
0.02839999999999998,no_fresh_breakout,73,KSM-USDT-SWAP,4.526,нет свежего пробоя Donchian на последней закрытой свече,,rejected,,
0.056549999999999837,no_fresh_breakout,73,LINK-USDT-SWAP,9.046,нет свежего пробоя Donchian на последней закрытой свече,,rejected,,
0.0,закрытие_не_удержалось_выше_канала,73,LPT-USDT-SWAP,0.0,закрытие не удержалось выше канала,long,rejected,Turtle 55,
0.0,закрытие_не_удержалось_выше_канала,73,LPT-USDT-SWAP,0.0,закрытие не удержалось выше канала,long,rejected,Turtle 20,
0.0,закрытие_не_удержалось_выше_канала,73,LQTY-USDT-SWAP,0.0,закрытие не удержалось выше канала,long,rejected,Turtle 20,
0.0047065,no_fresh_breakout,73,MAGIC-USDT-SWAP,0.06213,нет свежего пробоя Donchian на последней закрытой свече,,rejected,,
5.9999999999998944e-05,no_fresh_breakout,73,MET-USDT-SWAP,0.1541,нет свежего пробоя Donchian на последней закрытой свече,,rejected,,
0.00016400000000000025,no_fresh_breakout,73,OP-USDT-SWAP,0.12105,нет свежего пробоя Donchian на последней закрытой свече,,rejected,,
2.2199999999999994e-08,no_fresh_breakout,73,PEPE-USDT-SWAP,3.405e-06,нет свежего пробоя Donchian на последней закрытой свече,,rejected,,
0.0,atr_warmup:_цена_или_atr_недоступны_после_прогрева,73,SKY-USDT-SWAP,0.0,ATR warmup: цена или ATR недоступны после прогрева,,rejected,,
0.5810000000000002,no_fresh_breakout,73,SOL-USDT-SWAP,89.02,нет свежего пробоя Donchian на последней закрытой свече,,rejected,,
0.012155000000000006,no_fresh_breakout,73,SUSHI-USDT-SWAP,0.2125,нет свежего пробоя Donchian на последней закрытой свече,,rejected,,
0.007650000000000013,no_fresh_breakout,73,TON-USDT-SWAP,1.235,нет свежего пробоя Donchian на последней закрытой свече,,rejected,,
0.0,закрытие_не_удержалось_выше_канала,73,TRX-USDT-SWAP,0.0,закрытие не удержалось выше канала,long,rejected,Turtle 20,
1.3524999999999978,no_fresh_breakout,73,TSLA-USDT-SWAP,384.31,нет свежего пробоя Donchian на последней закрытой свече,,rejected,,
0.0,закрытие_не_удержалось_ниже_канала,73,USDC-USDT-SWAP,0.0,закрытие не удержалось ниже канала,short,rejected,Turtle 20,
87.35500000000002,no_fresh_breakout,73,XAU-USDT-SWAP,4662.5,нет свежего пробоя Donchian на последней закрытой свече,,rejected,,
0.0020600000000000006,no_fresh_breakout,73,XLM-USDT-SWAP,0.16544,нет свежего пробоя Donchian на последней закрытой свече,,rejected,,
0.0,закрытие_не_удержалось_выше_канала,73,XRP-USDT-SWAP,0.0,закрытие не удержалось выше канала,long,rejected,Turtle 20,
0.0002149999999999999,no_fresh_breakout,73,YB-USDT-SWAP,0.1223,нет свежего пробоя Donchian на последней закрытой свече,,rejected,,
14.990000000000009,no_fresh_breakout,73,YFI-USDT-SWAP,2725.5,нет свежего пробоя Donchian на последней закрытой свече,,rejected,,
0.0,закрытие_не_удержалось_выше_канала,73,YGG-USDT-SWAP,0.0,закрытие не удержалось выше канала,long,rejected,Turtle 20,
6.499999999999978e-05,no_fresh_breakout,74,1INCH-USDT-SWAP,0.0952,нет свежего пробоя Donchian на последней закрытой свече,,rejected,,
0.0014050000000000006,no_fresh_breakout,74,2Z-USDT-SWAP,0.0786,нет свежего пробоя Donchian на последней закрытой свече,,rejected,,
8.5e-06,no_fresh_breakout,74,ACT-USDT-SWAP,0.01345,нет свежего пробоя Donchian на последней закрытой свече,,rejected,,
0.00131,no_fresh_breakout,74,ADA-USDT-SWAP,0.2676,нет свежего пробоя Donchian на последней закрытой свече,,rejected,,
0.000949999999999998,no_fresh_breakout,74,ARB-USDT-SWAP,0.0992,нет свежего пробоя Donchian на последней закрытой свече,,rejected,,
0.013320000000000021,no_fresh_breakout,74,ASTER-USDT-SWAP,0.6905,нет свежего пробоя Donchian на последней закрытой свече,,rejected,,
0.05909999999999997,no_fresh_breakout,74,AUCTION-USDT-SWAP,5.022,нет свежего пробоя Donchian на последней закрытой свече,,rejected,,
0.009630000000000038,no_fresh_breakout,74,AXS-USDT-SWAP,1.195,нет свежего пробоя Donchian на последней закрытой свече,,rejected,,
0.0,закрытие_не_удержалось_выше_канала,74,BAND-USDT-SWAP,0.0,закрытие не удержалось выше канала,long,rejected,Turtle 55,
0.0,закрытие_не_удержалось_выше_канала,74,BAND-USDT-SWAP,0.0,закрытие не удержалось выше канала,long,rejected,Turtle 20,
0.9399999999999977,no_fresh_breakout,74,BCH-USDT-SWAP,454.6,нет свежего пробоя Donchian на последней закрытой свече,,rejected,,
0.0,blacklist,74,BOME-USDT-SWAP,0.0,momentum chase blocked after 4 same-side candles,long,rejected,Turtle 55,
0.0,blacklist,74,BTC-USDT-SWAP,0.0,momentum chase blocked after 4 same-side candles,long,rejected,Turtle 55,
0.0,blacklist,74,BTC-USDT-SWAP,0.0,momentum chase blocked after 4 same-side candles,long,rejected,Turtle 20,
0.0005154999999999997,no_fresh_breakout,74,CFX-USDT-SWAP,0.06148,нет свежего пробоя Donchian на последней закрытой свече,,rejected,,
0.12349999999999958,no_fresh_breakout,74,COMP-USDT-SWAP,18.82,нет свежего пробоя Donchian на последней закрытой свече,,rejected,,
0.0,закрытие_не_удержалось_выше_канала,74,CRV-USDT-SWAP,0.0,закрытие не удержалось выше канала,long,rejected,Turtle 20,
0.0006575000000000012,no_fresh_breakout,74,DOGE-USDT-SWAP,0.09375,нет свежего пробоя Donchian на последней закрытой свече,,rejected,,
0.01915000000000001,no_fresh_breakout,74,DOT-USDT-SWAP,1.53,нет свежего пробоя Donchian на последней закрытой свече,,rejected,,
0.021999999999999974,no_fresh_breakout,74,ETC-USDT-SWAP,8.33,нет свежего пробоя Donchian на последней закрытой свече,,rejected,,
21.322500000000012,no_fresh_breakout,74,ETH-USDT-SWAP,2149.1,нет свежего пробоя Donchian на последней закрытой свече,,rejected,,
0.0009000000000000008,no_fresh_breakout,74,FIL-USDT-SWAP,0.891,нет свежего пробоя Donchian на последней закрытой свече,,rejected,,
0.016049999999999898,no_fresh_breakout,74,ICP-USDT-SWAP,2.503,нет свежего пробоя Donchian на последней закрытой свече,,rejected,,
0.02839999999999998,no_fresh_breakout,74,KSM-USDT-SWAP,4.526,нет свежего пробоя Donchian на последней закрытой свече,,rejected,,
0.056549999999999837,no_fresh_breakout,74,LINK-USDT-SWAP,9.046,нет свежего пробоя Donchian на последней закрытой свече,,rejected,,
0.0,закрытие_не_удержалось_выше_канала,74,LPT-USDT-SWAP,0.0,закрытие не удержалось выше канала,long,rejected,Turtle 55,
0.0,закрытие_не_удержалось_выше_канала,74,LPT-USDT-SWAP,0.0,закрытие не удержалось выше канала,long,rejected,Turtle 20,
0.0,закрытие_не_удержалось_выше_канала,74,LQTY-USDT-SWAP,0.0,закрытие не удержалось выше канала,long,rejected,Turtle 20,
0.0047065,no_fresh_breakout,74,MAGIC-USDT-SWAP,0.06213,нет свежего пробоя Donchian на последней закрытой свече,,rejected,,
5.9999999999998944e-05,no_fresh_breakout,74,MET-USDT-SWAP,0.1541,нет свежего пробоя Donchian на последней закрытой свече,,rejected,,
0.00016400000000000025,no_fresh_breakout,74,OP-USDT-SWAP,0.12105,нет свежего пробоя Donchian на последней закрытой свече,,rejected,,
2.2199999999999994e-08,no_fresh_breakout,74,PEPE-USDT-SWAP,3.405e-06,нет свежего пробоя Donchian на последней закрытой свече,,rejected,,
0.0,atr_warmup:_цена_или_atr_недоступны_после_прогрева,74,SKY-USDT-SWAP,0.0,ATR warmup: цена или ATR недоступны после прогрева,,rejected,,
0.5810000000000002,no_fresh_breakout,74,SOL-USDT-SWAP,89.02,нет свежего пробоя Donchian на последней закрытой свече,,rejected,,
0.012155000000000006,no_fresh_breakout,74,SUSHI-USDT-SWAP,0.2125,нет свежего пробоя Donchian на последней закрытой свече,,rejected,,
0.007650000000000013,no_fresh_breakout,74,TON-USDT-SWAP,1.235,нет свежего пробоя Donchian на последней закрытой свече,,rejected,,
0.0,закрытие_не_удержалось_выше_канала,74,TRX-USDT-SWAP,0.0,закрытие не удержалось выше канала,long,rejected,Turtle 20,
1.3524999999999978,no_fresh_breakout,74,TSLA-USDT-SWAP,384.31,нет свежего пробоя Donchian на последней закрытой свече,,rejected,,
0.0,закрытие_не_удержалось_ниже_канала,74,USDC-USDT-SWAP,0.0,закрытие не удержалось ниже канала,short,rejected,Turtle 20,
87.35500000000002,no_fresh_breakout,74,XAU-USDT-SWAP,4662.5,нет свежего пробоя Donchian на последней закрытой свече,,rejected,,
0.0020600000000000006,no_fresh_breakout,74,XLM-USDT-SWAP,0.16544,нет свежего пробоя Donchian на последней закрытой свече,,rejected,,
0.0,закрытие_не_удержалось_выше_канала,74,XRP-USDT-SWAP,0.0,закрытие не удержалось выше канала,long,rejected,Turtle 20,
0.0002149999999999999,no_fresh_breakout,74,YB-USDT-SWAP,0.1223,нет свежего пробоя Donchian на последней закрытой свече,,rejected,,
14.990000000000009,no_fresh_breakout,74,YFI-USDT-SWAP,2725.5,нет свежего пробоя Donchian на последней закрытой свече,,rejected,,
0.0,закрытие_не_удержалось_выше_канала,74,YGG-USDT-SWAP,0.0,закрытие не удержалось выше канала,long,rejected,Turtle 20,
6.499999999999978e-05,no_fresh_breakout,75,1INCH-USDT-SWAP,0.0952,нет свежего пробоя Donchian на последней закрытой свече,,rejected,,
0.0014050000000000006,no_fresh_breakout,75,2Z-USDT-SWAP,0.0786,нет свежего пробоя Donchian на последней закрытой свече,,rejected,,
8.5e-06,no_fresh_breakout,75,ACT-USDT-SWAP,0.01345,нет свежего пробоя Donchian на последней закрытой свече,,rejected,,
0.00131,no_fresh_breakout,75,ADA-USDT-SWAP,0.2676,нет свежего пробоя Donchian на последней закрытой свече,,rejected,,
0.000949999999999998,no_fresh_breakout,75,ARB-USDT-SWAP,0.0992,нет свежего пробоя Donchian на последней закрытой свече,,rejected,,
0.013320000000000021,no_fresh_breakout,75,ASTER-USDT-SWAP,0.6905,нет свежего пробоя Donchian на последней закрытой свече,,rejected,,
0.05909999999999997,no_fresh_breakout,75,AUCTION-USDT-SWAP,5.022,нет свежего пробоя Donchian на последней закрытой свече,,rejected,,
0.009630000000000038,no_fresh_breakout,75,AXS-USDT-SWAP,1.195,нет свежего пробоя Donchian на последней закрытой свече,,rejected,,
0.0,закрытие_не_удержалось_выше_канала,75,BAND-USDT-SWAP,0.0,закрытие не удержалось выше канала,long,rejected,Turtle 55,
0.0,закрытие_не_удержалось_выше_канала,75,BAND-USDT-SWAP,0.0,закрытие не удержалось выше канала,long,rejected,Turtle 20,
0.9399999999999977,no_fresh_breakout,75,BCH-USDT-SWAP,454.6,нет свежего пробоя Donchian на последней закрытой свече,,rejected,,
0.0,blacklist,75,BOME-USDT-SWAP,0.0,momentum chase blocked after 4 same-side candles,long,rejected,Turtle 55,
0.0,blacklist,75,BTC-USDT-SWAP,0.0,momentum chase blocked after 4 same-side candles,long,rejected,Turtle 55,
0.0,blacklist,75,BTC-USDT-SWAP,0.0,momentum chase blocked after 4 same-side candles,long,rejected,Turtle 20,
0.0005154999999999997,no_fresh_breakout,75,CFX-USDT-SWAP,0.06148,нет свежего пробоя Donchian на последней закрытой свече,,rejected,,
0.12349999999999958,no_fresh_breakout,75,COMP-USDT-SWAP,18.82,нет свежего пробоя Donchian на последней закрытой свече,,rejected,,
0.0,закрытие_не_удержалось_выше_канала,75,CRV-USDT-SWAP,0.0,закрытие не удержалось выше канала,long,rejected,Turtle 20,
0.0006575000000000012,no_fresh_breakout,75,DOGE-USDT-SWAP,0.09375,нет свежего пробоя Donchian на последней закрытой свече,,rejected,,
0.01915000000000001,no_fresh_breakout,75,DOT-USDT-SWAP,1.53,нет свежего пробоя Donchian на последней закрытой свече,,rejected,,
0.021999999999999974,no_fresh_breakout,75,ETC-USDT-SWAP,8.33,нет свежего пробоя Donchian на последней закрытой свече,,rejected,,
21.322500000000012,no_fresh_breakout,75,ETH-USDT-SWAP,2149.1,нет свежего пробоя Donchian на последней закрытой свече,,rejected,,
0.0009000000000000008,no_fresh_breakout,75,FIL-USDT-SWAP,0.891,нет свежего пробоя Donchian на последней закрытой свече,,rejected,,
0.016049999999999898,no_fresh_breakout,75,ICP-USDT-SWAP,2.503,нет свежего пробоя Donchian на последней закрытой свече,,rejected,,
0.02839999999999998,no_fresh_breakout,75,KSM-USDT-SWAP,4.526,нет свежего пробоя Donchian на последней закрытой свече,,rejected,,
0.056549999999999837,no_fresh_breakout,75,LINK-USDT-SWAP,9.046,нет свежего пробоя Donchian на последней закрытой свече,,rejected,,
0.0,закрытие_не_удержалось_выше_канала,75,LPT-USDT-SWAP,0.0,закрытие не удержалось выше канала,long,rejected,Turtle 55,
0.0,закрытие_не_удержалось_выше_канала,75,LPT-USDT-SWAP,0.0,закрытие не удержалось выше канала,long,rejected,Turtle 20,
0.0,закрытие_не_удержалось_выше_канала,75,LQTY-USDT-SWAP,0.0,закрытие не удержалось выше канала,long,rejected,Turtle 20,
0.0047065,no_fresh_breakout,75,MAGIC-USDT-SWAP,0.06213,нет свежего пробоя Donchian на последней закрытой свече,,rejected,,
5.9999999999998944e-05,no_fresh_breakout,75,MET-USDT-SWAP,0.1541,нет свежего пробоя Donchian на последней закрытой свече,,rejected,,
0.00016400000000000025,no_fresh_breakout,75,OP-USDT-SWAP,0.12105,нет свежего пробоя Donchian на последней закрытой свече,,rejected,,
2.2199999999999994e-08,no_fresh_breakout,75,PEPE-USDT-SWAP,3.405e-06,нет свежего пробоя Donchian на последней закрытой свече,,rejected,,
0.0,atr_warmup:_цена_или_atr_недоступны_после_прогрева,75,SKY-USDT-SWAP,0.0,ATR warmup: цена или ATR недоступны после прогрева,,rejected,,
0.5810000000000002,no_fresh_breakout,75,SOL-USDT-SWAP,89.02,нет свежего пробоя Donchian на последней закрытой свече,,rejected,,
0.012155000000000006,no_fresh_breakout,75,SUSHI-USDT-SWAP,0.2125,нет свежего пробоя Donchian на последней закрытой свече,,rejected,,
0.007650000000000013,no_fresh_breakout,75,TON-USDT-SWAP,1.235,нет свежего пробоя Donchian на последней закрытой свече,,rejected,,
0.0,закрытие_не_удержалось_выше_канала,75,TRX-USDT-SWAP,0.0,закрытие не удержалось выше канала,long,rejected,Turtle 20,
1.3524999999999978,no_fresh_breakout,75,TSLA-USDT-SWAP,384.31,нет свежего пробоя Donchian на последней закрытой свече,,rejected,,
0.0,закрытие_не_удержалось_ниже_канала,75,USDC-USDT-SWAP,0.0,закрытие не удержалось ниже канала,short,rejected,Turtle 20,
87.35500000000002,no_fresh_breakout,75,XAU-USDT-SWAP,4662.5,нет свежего пробоя Donchian на последней закрытой свече,,rejected,,
0.0020600000000000006,no_fresh_breakout,75,XLM-USDT-SWAP,0.16544,нет свежего пробоя Donchian на последней закрытой свече,,rejected,,
0.0,закрытие_не_удержалось_выше_канала,75,XRP-USDT-SWAP,0.0,закрытие не удержалось выше канала,long,rejected,Turtle 20,
0.0002149999999999999,no_fresh_breakout,75,YB-USDT-SWAP,0.1223,нет свежего пробоя Donchian на последней закрытой свече,,rejected,,
14.990000000000009,no_fresh_breakout,75,YFI-USDT-SWAP,2725.5,нет свежего пробоя Donchian на последней закрытой свече,,rejected,,
0.0,закрытие_не_удержалось_выше_канала,75,YGG-USDT-SWAP,0.0,закрытие не удержалось выше канала,long,rejected,Turtle 20,
6.499999999999978e-05,no_fresh_breakout,76,1INCH-USDT-SWAP,0.0952,нет свежего пробоя Donchian на последней закрытой свече,,rejected,,
0.0014050000000000006,no_fresh_breakout,76,2Z-USDT-SWAP,0.0786,нет свежего пробоя Donchian на последней закрытой свече,,rejected,,
8.5e-06,no_fresh_breakout,76,ACT-USDT-SWAP,0.01345,нет свежего пробоя Donchian на последней закрытой свече,,rejected,,
0.00131,no_fresh_breakout,76,ADA-USDT-SWAP,0.2676,нет свежего пробоя Donchian на последней закрытой свече,,rejected,,
0.000949999999999998,no_fresh_breakout,76,ARB-USDT-SWAP,0.0992,нет свежего пробоя Donchian на последней закрытой свече,,rejected,,
0.013320000000000021,no_fresh_breakout,76,ASTER-USDT-SWAP,0.6905,нет свежего пробоя Donchian на последней закрытой свече,,rejected,,
0.05909999999999997,no_fresh_breakout,76,AUCTION-USDT-SWAP,5.022,нет свежего пробоя Donchian на последней закрытой свече,,rejected,,
0.009630000000000038,no_fresh_breakout,76,AXS-USDT-SWAP,1.195,нет свежего пробоя Donchian на последней закрытой свече,,rejected,,
0.0,закрытие_не_удержалось_выше_канала,76,BAND-USDT-SWAP,0.0,закрытие не удержалось выше канала,long,rejected,Turtle 55,
0.0,закрытие_не_удержалось_выше_канала,76,BAND-USDT-SWAP,0.0,закрытие не удержалось выше канала,long,rejected,Turtle 20,
0.9399999999999977,no_fresh_breakout,76,BCH-USDT-SWAP,454.6,нет свежего пробоя Donchian на последней закрытой свече,,rejected,,
0.0,blacklist,76,BOME-USDT-SWAP,0.0,momentum chase blocked after 4 same-side candles,long,rejected,Turtle 55,
0.0,blacklist,76,BTC-USDT-SWAP,0.0,momentum chase blocked after 4 same-side candles,long,rejected,Turtle 55,
0.0,blacklist,76,BTC-USDT-SWAP,0.0,momentum chase blocked after 4 same-side candles,long,rejected,Turtle 20,
0.0005154999999999997,no_fresh_breakout,76,CFX-USDT-SWAP,0.06148,нет свежего пробоя Donchian на последней закрытой свече,,rejected,,
0.12349999999999958,no_fresh_breakout,76,COMP-USDT-SWAP,18.82,нет свежего пробоя Donchian на последней закрытой свече,,rejected,,
0.0,закрытие_не_удержалось_выше_канала,76,CRV-USDT-SWAP,0.0,закрытие не удержалось выше канала,long,rejected,Turtle 20,
0.0006575000000000012,no_fresh_breakout,76,DOGE-USDT-SWAP,0.09375,нет свежего пробоя Donchian на последней закрытой свече,,rejected,,
0.01915000000000001,no_fresh_breakout,76,DOT-USDT-SWAP,1.53,нет свежего пробоя Donchian на последней закрытой свече,,rejected,,
0.021999999999999974,no_fresh_breakout,76,ETC-USDT-SWAP,8.33,нет свежего пробоя Donchian на последней закрытой свече,,rejected,,
21.322500000000012,no_fresh_breakout,76,ETH-USDT-SWAP,2149.1,нет свежего пробоя Donchian на последней закрытой свече,,rejected,,
0.0009000000000000008,no_fresh_breakout,76,FIL-USDT-SWAP,0.891,нет свежего пробоя Donchian на последней закрытой свече,,rejected,,
0.016049999999999898,no_fresh_breakout,76,ICP-USDT-SWAP,2.503,нет свежего пробоя Donchian на последней закрытой свече,,rejected,,
0.02839999999999998,no_fresh_breakout,76,KSM-USDT-SWAP,4.526,нет свежего пробоя Donchian на последней закрытой свече,,rejected,,
0.056549999999999837,no_fresh_breakout,76,LINK-USDT-SWAP,9.046,нет свежего пробоя Donchian на последней закрытой свече,,rejected,,
0.0,закрытие_не_удержалось_выше_канала,76,LPT-USDT-SWAP,0.0,закрытие не удержалось выше канала,long,rejected,Turtle 55,
0.0,закрытие_не_удержалось_выше_канала,76,LPT-USDT-SWAP,0.0,закрытие не удержалось выше канала,long,rejected,Turtle 20,
0.0,закрытие_не_удержалось_выше_канала,76,LQTY-USDT-SWAP,0.0,закрытие не удержалось выше канала,long,rejected,Turtle 20,
0.0047065,no_fresh_breakout,76,MAGIC-USDT-SWAP,0.06213,нет свежего пробоя Donchian на последней закрытой свече,,rejected,,
5.9999999999998944e-05,no_fresh_breakout,76,MET-USDT-SWAP,0.1541,нет свежего пробоя Donchian на последней закрытой свече,,rejected,,
0.00016400000000000025,no_fresh_breakout,76,OP-USDT-SWAP,0.12105,нет свежего пробоя Donchian на последней закрытой свече,,rejected,,
2.2199999999999994e-08,no_fresh_breakout,76,PEPE-USDT-SWAP,3.405e-06,нет свежего пробоя Donchian на последней закрытой свече,,rejected,,
0.0,atr_warmup:_цена_или_atr_недоступны_после_прогрева,76,SKY-USDT-SWAP,0.0,ATR warmup: цена или ATR недоступны после прогрева,,rejected,,
0.5810000000000002,no_fresh_breakout,76,SOL-USDT-SWAP,89.02,нет свежего пробоя Donchian на последней закрытой свече,,rejected,,
0.012155000000000006,no_fresh_breakout,76,SUSHI-USDT-SWAP,0.2125,нет свежего пробоя Donchian на последней закрытой свече,,rejected,,
0.007650000000000013,no_fresh_breakout,76,TON-USDT-SWAP,1.235,нет свежего пробоя Donchian на последней закрытой свече,,rejected,,
0.0,закрытие_не_удержалось_выше_канала,76,TRX-USDT-SWAP,0.0,закрытие не удержалось выше канала,long,rejected,Turtle 20,
1.3524999999999978,no_fresh_breakout,76,TSLA-USDT-SWAP,384.31,нет свежего пробоя Donchian на последней закрытой свече,,rejected,,
0.0,закрытие_не_удержалось_ниже_канала,76,USDC-USDT-SWAP,0.0,закрытие не удержалось ниже канала,short,rejected,Turtle 20,
87.35500000000002,no_fresh_breakout,76,XAU-USDT-SWAP,4662.5,нет свежего пробоя Donchian на последней закрытой свече,,rejected,,
0.0020600000000000006,no_fresh_breakout,76,XLM-USDT-SWAP,0.16544,нет свежего пробоя Donchian на последней закрытой свече,,rejected,,
0.0,закрытие_не_удержалось_выше_канала,76,XRP-USDT-SWAP,0.0,закрытие не удержалось выше канала,long,rejected,Turtle 20,
0.0002149999999999999,no_fresh_breakout,76,YB-USDT-SWAP,0.1223,нет свежего пробоя Donchian на последней закрытой свече,,rejected,,
14.990000000000009,no_fresh_breakout,76,YFI-USDT-SWAP,2725.5,нет свежего пробоя Donchian на последней закрытой свече,,rejected,,
0.0,закрытие_не_удержалось_выше_канала,76,YGG-USDT-SWAP,0.0,закрытие не удержалось выше канала,long,rejected,Turtle 20,
5.5000000000000185e-05,no_fresh_breakout,77,1INCH-USDT-SWAP,0.0952,нет свежего пробоя Donchian на последней закрытой свече,,rejected,,
0.001415000000000001,no_fresh_breakout,77,2Z-USDT-SWAP,0.0788,нет свежего пробоя Donchian на последней закрытой свече,,rejected,,
7.999999999999934e-06,no_fresh_breakout,77,ACT-USDT-SWAP,0.01345,нет свежего пробоя Donchian на последней закрытой свече,,rejected,,
0.0013499999999999983,no_fresh_breakout,77,ADA-USDT-SWAP,0.2688,нет свежего пробоя Donchian на последней закрытой свече,,rejected,,
0.0009649999999999985,no_fresh_breakout,77,ARB-USDT-SWAP,0.0995,нет свежего пробоя Donchian на последней закрытой свече,,rejected,,
0.01312000000000002,no_fresh_breakout,77,ASTER-USDT-SWAP,0.6921,нет свежего пробоя Donchian на последней закрытой свече,,rejected,,
0.04424999999999999,no_fresh_breakout,77,AUCTION-USDT-SWAP,5.045,нет свежего пробоя Donchian на последней закрытой свече,,rejected,,
0.009395000000000042,no_fresh_breakout,77,AXS-USDT-SWAP,1.1934,нет свежего пробоя Donchian на последней закрытой свече,,rejected,,
0.00026500000000000276,no_fresh_breakout,77,BAND-USDT-SWAP,0.2267,нет свежего пробоя Donchian на последней закрытой свече,,rejected,,
0.9499999999999943,no_fresh_breakout,77,BCH-USDT-SWAP,455.2,нет свежего пробоя Donchian на последней закрытой свече,,rejected,,
1.950000000000004e-06,no_fresh_breakout,77,BOME-USDT-SWAP,0.000421,нет свежего пробоя Donchian на последней закрытой свече,,rejected,,
264.00499999999954,no_fresh_breakout,77,BTC-USDT-SWAP,70520.4,нет свежего пробоя Donchian на последней закрытой свече,,rejected,,
0.0005139999999999999,no_fresh_breakout,77,CFX-USDT-SWAP,0.0616,нет свежего пробоя Donchian на последней закрытой свече,,rejected,,
0.12649999999999953,no_fresh_breakout,77,COMP-USDT-SWAP,18.9,нет свежего пробоя Donchian на последней закрытой свече,,rejected,,
0.0024749999999999993,no_fresh_breakout,77,CRV-USDT-SWAP,0.2366,нет свежего пробоя Donchian на последней закрытой свече,,rejected,,
0.0006225000000000009,no_fresh_breakout,77,DOGE-USDT-SWAP,0.094,нет свежего пробоя Donchian на последней закрытой свече,,rejected,,
0.01930000000000002,no_fresh_breakout,77,DOT-USDT-SWAP,1.547,нет свежего пробоя Donchian на последней закрытой свече,,rejected,,
0.0,закрытие_не_удержалось_выше_канала,77,ETC-USDT-SWAP,0.0,закрытие не удержалось выше канала,long,rejected,Turtle 55,
0.0,закрытие_не_удержалось_выше_канала,77,ETC-USDT-SWAP,0.0,закрытие не удержалось выше канала,long,rejected,Turtle 20,
21.276,no_fresh_breakout,77,ETH-USDT-SWAP,2154.25,нет свежего пробоя Donchian на последней закрытой свече,,rejected,,
0.0009500000000000009,no_fresh_breakout,77,FIL-USDT-SWAP,0.89,нет свежего пробоя Donchian на последней закрытой свече,,rejected,,
0.016499999999999893,no_fresh_breakout,77,ICP-USDT-SWAP,2.51,нет свежего пробоя Donchian на последней закрытой свече,,rejected,,
0.0,закрытие_не_удержалось_выше_канала,77,KSM-USDT-SWAP,0.0,закрытие не удержалось выше канала,long,rejected,Turtle 55,
0.0,закрытие_не_удержалось_выше_канала,77,KSM-USDT-SWAP,0.0,закрытие не удержалось выше канала,long,rejected,Turtle 20,
0.05809999999999978,no_fresh_breakout,77,LINK-USDT-SWAP,9.088,нет свежего пробоя Donchian на последней закрытой свече,,rejected,,
0.0029000000000000137,no_fresh_breakout,77,LPT-USDT-SWAP,2.229,нет свежего пробоя Donchian на последней закрытой свече,,rejected,,
0.0003300000000000025,no_fresh_breakout,77,LQTY-USDT-SWAP,0.2789,нет свежего пробоя Donchian на последней закрытой свече,,rejected,,
0.004586999999999999,no_fresh_breakout,77,MAGIC-USDT-SWAP,0.06213,нет свежего пробоя Donchian на последней закрытой свече,,rejected,,
5.9999999999998944e-05,no_fresh_breakout,77,MET-USDT-SWAP,0.1541,нет свежего пробоя Donchian на последней закрытой свече,,rejected,,
0.00016400000000000025,no_fresh_breakout,77,OP-USDT-SWAP,0.12105,нет свежего пробоя Donchian на последней закрытой свече,,rejected,,
2.214999999999999e-08,no_fresh_breakout,77,PEPE-USDT-SWAP,3.415e-06,нет свежего пробоя Donchian на последней закрытой свече,,rejected,,
0.0,atr_warmup:_цена_или_atr_недоступны_после_прогрева,77,SKY-USDT-SWAP,0.0,ATR warmup: цена или ATR недоступны после прогрева,,rejected,,
0.5825000000000002,no_fresh_breakout,77,SOL-USDT-SWAP,89.18,нет свежего пробоя Donchian на последней закрытой свече,,rejected,,
0.012615000000000006,no_fresh_breakout,77,SUSHI-USDT-SWAP,0.2035,нет свежего пробоя Donchian на последней закрытой свече,,rejected,,
0.007650000000000013,no_fresh_breakout,77,TON-USDT-SWAP,1.24,нет свежего пробоя Donchian на последней закрытой свече,,rejected,,
0.0003849999999999992,no_fresh_breakout,77,TRX-USDT-SWAP,0.3002,нет свежего пробоя Donchian на последней закрытой свече,,rejected,,
1.370999999999998,no_fresh_breakout,77,TSLA-USDT-SWAP,384.31,нет свежего пробоя Donchian на последней закрытой свече,,rejected,,
0.004676000000000008,no_fresh_breakout,77,USDC-USDT-SWAP,1.0,нет свежего пробоя Donchian на последней закрытой свече,,rejected,,
81.075,no_fresh_breakout,77,XAU-USDT-SWAP,4664.6,нет свежего пробоя Donchian на последней закрытой свече,,rejected,,
0.002123,no_fresh_breakout,77,XLM-USDT-SWAP,0.16608,нет свежего пробоя Donchian на последней закрытой свече,,rejected,,
0.010285000000000011,no_fresh_breakout,77,XRP-USDT-SWAP,1.4516,нет свежего пробоя Donchian на последней закрытой свече,,rejected,,
0.0002149999999999999,no_fresh_breakout,77,YB-USDT-SWAP,0.1223,нет свежего пробоя Donchian на последней закрытой свече,,rejected,,
15.020000000000028,no_fresh_breakout,77,YFI-USDT-SWAP,2732.0,нет свежего пробоя Donchian на последней закрытой свече,,rejected,,
0.00045500000000000125,no_fresh_breakout,77,YGG-USDT-SWAP,0.0402,нет свежего пробоя Donchian на последней закрытой свече,,rejected,,
5.5000000000000185e-05,no_fresh_breakout,78,1INCH-USDT-SWAP,0.0952,нет свежего пробоя Donchian на последней закрытой свече,,rejected,,
0.001415000000000001,no_fresh_breakout,78,2Z-USDT-SWAP,0.0788,нет свежего пробоя Donchian на последней закрытой свече,,rejected,,
7.999999999999934e-06,no_fresh_breakout,78,ACT-USDT-SWAP,0.01345,нет свежего пробоя Donchian на последней закрытой свече,,rejected,,
0.0013499999999999983,no_fresh_breakout,78,ADA-USDT-SWAP,0.2688,нет свежего пробоя Donchian на последней закрытой свече,,rejected,,
0.0009649999999999985,no_fresh_breakout,78,ARB-USDT-SWAP,0.0995,нет свежего пробоя Donchian на последней закрытой свече,,rejected,,
0.01312000000000002,no_fresh_breakout,78,ASTER-USDT-SWAP,0.6921,нет свежего пробоя Donchian на последней закрытой свече,,rejected,,
0.04424999999999999,no_fresh_breakout,78,AUCTION-USDT-SWAP,5.045,нет свежего пробоя Donchian на последней закрытой свече,,rejected,,
0.009395000000000042,no_fresh_breakout,78,AXS-USDT-SWAP,1.1934,нет свежего пробоя Donchian на последней закрытой свече,,rejected,,
0.00026500000000000276,no_fresh_breakout,78,BAND-USDT-SWAP,0.2267,нет свежего пробоя Donchian на последней закрытой свече,,rejected,,
0.9499999999999943,no_fresh_breakout,78,BCH-USDT-SWAP,455.2,нет свежего пробоя Donchian на последней закрытой свече,,rejected,,
1.950000000000004e-06,no_fresh_breakout,78,BOME-USDT-SWAP,0.000421,нет свежего пробоя Donchian на последней закрытой свече,,rejected,,
264.00499999999954,no_fresh_breakout,78,BTC-USDT-SWAP,70520.4,нет свежего пробоя Donchian на последней закрытой свече,,rejected,,
0.0005139999999999999,no_fresh_breakout,78,CFX-USDT-SWAP,0.0616,нет свежего пробоя Donchian на последней закрытой свече,,rejected,,
0.12649999999999953,no_fresh_breakout,78,COMP-USDT-SWAP,18.9,нет свежего пробоя Donchian на последней закрытой свече,,rejected,,
0.0024749999999999993,no_fresh_breakout,78,CRV-USDT-SWAP,0.2366,нет свежего пробоя Donchian на последней закрытой свече,,rejected,,
0.0006225000000000009,no_fresh_breakout,78,DOGE-USDT-SWAP,0.094,нет свежего пробоя Donchian на последней закрытой свече,,rejected,,
0.01930000000000002,no_fresh_breakout,78,DOT-USDT-SWAP,1.547,нет свежего пробоя Donchian на последней закрытой свече,,rejected,,
0.0,закрытие_не_удержалось_выше_канала,78,ETC-USDT-SWAP,0.0,закрытие не удержалось выше канала,long,rejected,Turtle 55,
0.0,закрытие_не_удержалось_выше_канала,78,ETC-USDT-SWAP,0.0,закрытие не удержалось выше канала,long,rejected,Turtle 20,
21.276,no_fresh_breakout,78,ETH-USDT-SWAP,2154.25,нет свежего пробоя Donchian на последней закрытой свече,,rejected,,
0.0009500000000000009,no_fresh_breakout,78,FIL-USDT-SWAP,0.89,нет свежего пробоя Donchian на последней закрытой свече,,rejected,,
0.016499999999999893,no_fresh_breakout,78,ICP-USDT-SWAP,2.51,нет свежего пробоя Donchian на последней закрытой свече,,rejected,,
0.0,закрытие_не_удержалось_выше_канала,78,KSM-USDT-SWAP,0.0,закрытие не удержалось выше канала,long,rejected,Turtle 55,
0.0,закрытие_не_удержалось_выше_канала,78,KSM-USDT-SWAP,0.0,закрытие не удержалось выше канала,long,rejected,Turtle 20,
0.05809999999999978,no_fresh_breakout,78,LINK-USDT-SWAP,9.088,нет свежего пробоя Donchian на последней закрытой свече,,rejected,,
0.0029000000000000137,no_fresh_breakout,78,LPT-USDT-SWAP,2.229,нет свежего пробоя Donchian на последней закрытой свече,,rejected,,
0.0003300000000000025,no_fresh_breakout,78,LQTY-USDT-SWAP,0.2789,нет свежего пробоя Donchian на последней закрытой свече,,rejected,,
0.004586999999999999,no_fresh_breakout,78,MAGIC-USDT-SWAP,0.06213,нет свежего пробоя Donchian на последней закрытой свече,,rejected,,
5.9999999999998944e-05,no_fresh_breakout,78,MET-USDT-SWAP,0.1541,нет свежего пробоя Donchian на последней закрытой свече,,rejected,,
0.00016400000000000025,no_fresh_breakout,78,OP-USDT-SWAP,0.12105,нет свежего пробоя Donchian на последней закрытой свече,,rejected,,
2.214999999999999e-08,no_fresh_breakout,78,PEPE-USDT-SWAP,3.415e-06,нет свежего пробоя Donchian на последней закрытой свече,,rejected,,
0.0,atr_warmup:_цена_или_atr_недоступны_после_прогрева,78,SKY-USDT-SWAP,0.0,ATR warmup: цена или ATR недоступны после прогрева,,rejected,,
0.5825000000000002,no_fresh_breakout,78,SOL-USDT-SWAP,89.18,нет свежего пробоя Donchian на последней закрытой свече,,rejected,,
0.012615000000000006,no_fresh_breakout,78,SUSHI-USDT-SWAP,0.2035,нет свежего пробоя Donchian на последней закрытой свече,,rejected,,
0.007650000000000013,no_fresh_breakout,78,TON-USDT-SWAP,1.24,нет свежего пробоя Donchian на последней закрытой свече,,rejected,,
0.0003849999999999992,no_fresh_breakout,78,TRX-USDT-SWAP,0.3002,нет свежего пробоя Donchian на последней закрытой свече,,rejected,,
1.370999999999998,no_fresh_breakout,78,TSLA-USDT-SWAP,384.31,нет свежего пробоя Donchian на последней закрытой свече,,rejected,,
0.004676000000000008,no_fresh_breakout,78,USDC-USDT-SWAP,1.0,нет свежего пробоя Donchian на последней закрытой свече,,rejected,,
81.075,no_fresh_breakout,78,XAU-USDT-SWAP,4664.6,нет свежего пробоя Donchian на последней закрытой свече,,rejected,,
0.002123,no_fresh_breakout,78,XLM-USDT-SWAP,0.16608,нет свежего пробоя Donchian на последней закрытой свече,,rejected,,
0.010285000000000011,no_fresh_breakout,78,XRP-USDT-SWAP,1.4516,нет свежего пробоя Donchian на последней закрытой свече,,rejected,,
0.0002149999999999999,no_fresh_breakout,78,YB-USDT-SWAP,0.1223,нет свежего пробоя Donchian на последней закрытой свече,,rejected,,
15.020000000000028,no_fresh_breakout,78,YFI-USDT-SWAP,2732.0,нет свежего пробоя Donchian на последней закрытой свече,,rejected,,
0.00045500000000000125,no_fresh_breakout,78,YGG-USDT-SWAP,0.0402,нет свежего пробоя Donchian на последней закрытой свече,,rejected,,
5.5000000000000185e-05,no_fresh_breakout,79,1INCH-USDT-SWAP,0.0952,нет свежего пробоя Donchian на последней закрытой свече,,rejected,,
0.001415000000000001,no_fresh_breakout,79,2Z-USDT-SWAP,0.0788,нет свежего пробоя Donchian на последней закрытой свече,,rejected,,
7.999999999999934e-06,no_fresh_breakout,79,ACT-USDT-SWAP,0.01345,нет свежего пробоя Donchian на последней закрытой свече,,rejected,,
0.0013499999999999983,no_fresh_breakout,79,ADA-USDT-SWAP,0.2688,нет свежего пробоя Donchian на последней закрытой свече,,rejected,,
0.0009649999999999985,no_fresh_breakout,79,ARB-USDT-SWAP,0.0995,нет свежего пробоя Donchian на последней закрытой свече,,rejected,,
0.01312000000000002,no_fresh_breakout,79,ASTER-USDT-SWAP,0.6921,нет свежего пробоя Donchian на последней закрытой свече,,rejected,,
0.04424999999999999,no_fresh_breakout,79,AUCTION-USDT-SWAP,5.045,нет свежего пробоя Donchian на последней закрытой свече,,rejected,,
0.009395000000000042,no_fresh_breakout,79,AXS-USDT-SWAP,1.1934,нет свежего пробоя Donchian на последней закрытой свече,,rejected,,
0.00026500000000000276,no_fresh_breakout,79,BAND-USDT-SWAP,0.2267,нет свежего пробоя Donchian на последней закрытой свече,,rejected,,
0.9499999999999943,no_fresh_breakout,79,BCH-USDT-SWAP,455.2,нет свежего пробоя Donchian на последней закрытой свече,,rejected,,
1.950000000000004e-06,no_fresh_breakout,79,BOME-USDT-SWAP,0.000421,нет свежего пробоя Donchian на последней закрытой свече,,rejected,,
264.00499999999954,no_fresh_breakout,79,BTC-USDT-SWAP,70520.4,нет свежего пробоя Donchian на последней закрытой свече,,rejected,,
0.0005139999999999999,no_fresh_breakout,79,CFX-USDT-SWAP,0.0616,нет свежего пробоя Donchian на последней закрытой свече,,rejected,,
0.12649999999999953,no_fresh_breakout,79,COMP-USDT-SWAP,18.9,нет свежего пробоя Donchian на последней закрытой свече,,rejected,,
0.0024749999999999993,no_fresh_breakout,79,CRV-USDT-SWAP,0.2366,нет свежего пробоя Donchian на последней закрытой свече,,rejected,,
0.0006225000000000009,no_fresh_breakout,79,DOGE-USDT-SWAP,0.094,нет свежего пробоя Donchian на последней закрытой свече,,rejected,,
0.01930000000000002,no_fresh_breakout,79,DOT-USDT-SWAP,1.547,нет свежего пробоя Donchian на последней закрытой свече,,rejected,,
0.0,закрытие_не_удержалось_выше_канала,79,ETC-USDT-SWAP,0.0,закрытие не удержалось выше канала,long,rejected,Turtle 55,
0.0,закрытие_не_удержалось_выше_канала,79,ETC-USDT-SWAP,0.0,закрытие не удержалось выше канала,long,rejected,Turtle 20,
21.276,no_fresh_breakout,79,ETH-USDT-SWAP,2154.25,нет свежего пробоя Donchian на последней закрытой свече,,rejected,,
0.0009500000000000009,no_fresh_breakout,79,FIL-USDT-SWAP,0.89,нет свежего пробоя Donchian на последней закрытой свече,,rejected,,
0.016499999999999893,no_fresh_breakout,79,ICP-USDT-SWAP,2.51,нет свежего пробоя Donchian на последней закрытой свече,,rejected,,
0.0,закрытие_не_удержалось_выше_канала,79,KSM-USDT-SWAP,0.0,закрытие не удержалось выше канала,long,rejected,Turtle 55,
0.0,закрытие_не_удержалось_выше_канала,79,KSM-USDT-SWAP,0.0,закрытие не удержалось выше канала,long,rejected,Turtle 20,
0.05809999999999978,no_fresh_breakout,79,LINK-USDT-SWAP,9.088,нет свежего пробоя Donchian на последней закрытой свече,,rejected,,
0.0029000000000000137,no_fresh_breakout,79,LPT-USDT-SWAP,2.229,нет свежего пробоя Donchian на последней закрытой свече,,rejected,,
0.0003300000000000025,no_fresh_breakout,79,LQTY-USDT-SWAP,0.2789,нет свежего пробоя Donchian на последней закрытой свече,,rejected,,
0.004586999999999999,no_fresh_breakout,79,MAGIC-USDT-SWAP,0.06213,нет свежего пробоя Donchian на последней закрытой свече,,rejected,,
5.9999999999998944e-05,no_fresh_breakout,79,MET-USDT-SWAP,0.1541,нет свежего пробоя Donchian на последней закрытой свече,,rejected,,
0.00016400000000000025,no_fresh_breakout,79,OP-USDT-SWAP,0.12105,нет свежего пробоя Donchian на последней закрытой свече,,rejected,,
2.214999999999999e-08,no_fresh_breakout,79,PEPE-USDT-SWAP,3.415e-06,нет свежего пробоя Donchian на последней закрытой свече,,rejected,,
0.0,atr_warmup:_цена_или_atr_недоступны_после_прогрева,79,SKY-USDT-SWAP,0.0,ATR warmup: цена или ATR недоступны после прогрева,,rejected,,
0.5825000000000002,no_fresh_breakout,79,SOL-USDT-SWAP,89.18,нет свежего пробоя Donchian на последней закрытой свече,,rejected,,
0.012615000000000006,no_fresh_breakout,79,SUSHI-USDT-SWAP,0.2035,нет свежего пробоя Donchian на последней закрытой свече,,rejected,,
0.007650000000000013,no_fresh_breakout,79,TON-USDT-SWAP,1.24,нет свежего пробоя Donchian на последней закрытой свече,,rejected,,
0.0003849999999999992,no_fresh_breakout,79,TRX-USDT-SWAP,0.3002,нет свежего пробоя Donchian на последней закрытой свече,,rejected,,
1.370999999999998,no_fresh_breakout,79,TSLA-USDT-SWAP,384.31,нет свежего пробоя Donchian на последней закрытой свече,,rejected,,
0.004676000000000008,no_fresh_breakout,79,USDC-USDT-SWAP,1.0,нет свежего пробоя Donchian на последней закрытой свече,,rejected,,
81.075,no_fresh_breakout,79,XAU-USDT-SWAP,4664.6,нет свежего пробоя Donchian на последней закрытой свече,,rejected,,
0.002123,no_fresh_breakout,79,XLM-USDT-SWAP,0.16608,нет свежего пробоя Donchian на последней закрытой свече,,rejected,,
0.010285000000000011,no_fresh_breakout,79,XRP-USDT-SWAP,1.4516,нет свежего пробоя Donchian на последней закрытой свече,,rejected,,
0.0002149999999999999,no_fresh_breakout,79,YB-USDT-SWAP,0.1223,нет свежего пробоя Donchian на последней закрытой свече,,rejected,,
15.020000000000028,no_fresh_breakout,79,YFI-USDT-SWAP,2732.0,нет свежего пробоя Donchian на последней закрытой свече,,rejected,,
0.00045500000000000125,no_fresh_breakout,79,YGG-USDT-SWAP,0.0402,нет свежего пробоя Donchian на последней закрытой свече,,rejected,,
5.5000000000000185e-05,no_fresh_breakout,80,1INCH-USDT-SWAP,0.0952,нет свежего пробоя Donchian на последней закрытой свече,,rejected,,
0.001415000000000001,no_fresh_breakout,80,2Z-USDT-SWAP,0.0788,нет свежего пробоя Donchian на последней закрытой свече,,rejected,,
7.999999999999934e-06,no_fresh_breakout,80,ACT-USDT-SWAP,0.01345,нет свежего пробоя Donchian на последней закрытой свече,,rejected,,
0.0013499999999999983,no_fresh_breakout,80,ADA-USDT-SWAP,0.2688,нет свежего пробоя Donchian на последней закрытой свече,,rejected,,
0.0009649999999999985,no_fresh_breakout,80,ARB-USDT-SWAP,0.0995,нет свежего пробоя Donchian на последней закрытой свече,,rejected,,
0.01312000000000002,no_fresh_breakout,80,ASTER-USDT-SWAP,0.6921,нет свежего пробоя Donchian на последней закрытой свече,,rejected,,
0.04424999999999999,no_fresh_breakout,80,AUCTION-USDT-SWAP,5.045,нет свежего пробоя Donchian на последней закрытой свече,,rejected,,
0.009395000000000042,no_fresh_breakout,80,AXS-USDT-SWAP,1.1934,нет свежего пробоя Donchian на последней закрытой свече,,rejected,,
0.00026500000000000276,no_fresh_breakout,80,BAND-USDT-SWAP,0.2267,нет свежего пробоя Donchian на последней закрытой свече,,rejected,,
0.9499999999999943,no_fresh_breakout,80,BCH-USDT-SWAP,455.2,нет свежего пробоя Donchian на последней закрытой свече,,rejected,,
1.950000000000004e-06,no_fresh_breakout,80,BOME-USDT-SWAP,0.000421,нет свежего пробоя Donchian на последней закрытой свече,,rejected,,
264.00499999999954,no_fresh_breakout,80,BTC-USDT-SWAP,70520.4,нет свежего пробоя Donchian на последней закрытой свече,,rejected,,
0.0005139999999999999,no_fresh_breakout,80,CFX-USDT-SWAP,0.0616,нет свежего пробоя Donchian на последней закрытой свече,,rejected,,
0.12649999999999953,no_fresh_breakout,80,COMP-USDT-SWAP,18.9,нет свежего пробоя Donchian на последней закрытой свече,,rejected,,
0.0024749999999999993,no_fresh_breakout,80,CRV-USDT-SWAP,0.2366,нет свежего пробоя Donchian на последней закрытой свече,,rejected,,
0.0006225000000000009,no_fresh_breakout,80,DOGE-USDT-SWAP,0.094,нет свежего пробоя Donchian на последней закрытой свече,,rejected,,
0.01930000000000002,no_fresh_breakout,80,DOT-USDT-SWAP,1.547,нет свежего пробоя Donchian на последней закрытой свече,,rejected,,
0.0,закрытие_не_удержалось_выше_канала,80,ETC-USDT-SWAP,0.0,закрытие не удержалось выше канала,long,rejected,Turtle 55,
0.0,закрытие_не_удержалось_выше_канала,80,ETC-USDT-SWAP,0.0,закрытие не удержалось выше канала,long,rejected,Turtle 20,
21.276,no_fresh_breakout,80,ETH-USDT-SWAP,2154.25,нет свежего пробоя Donchian на последней закрытой свече,,rejected,,
0.0009500000000000009,no_fresh_breakout,80,FIL-USDT-SWAP,0.89,нет свежего пробоя Donchian на последней закрытой свече,,rejected,,
0.016499999999999893,no_fresh_breakout,80,ICP-USDT-SWAP,2.51,нет свежего пробоя Donchian на последней закрытой свече,,rejected,,
0.0,закрытие_не_удержалось_выше_канала,80,KSM-USDT-SWAP,0.0,закрытие не удержалось выше канала,long,rejected,Turtle 55,
0.0,закрытие_не_удержалось_выше_канала,80,KSM-USDT-SWAP,0.0,закрытие не удержалось выше канала,long,rejected,Turtle 20,
0.05809999999999978,no_fresh_breakout,80,LINK-USDT-SWAP,9.088,нет свежего пробоя Donchian на последней закрытой свече,,rejected,,
0.0029000000000000137,no_fresh_breakout,80,LPT-USDT-SWAP,2.229,нет свежего пробоя Donchian на последней закрытой свече,,rejected,,
0.0003300000000000025,no_fresh_breakout,80,LQTY-USDT-SWAP,0.2789,нет свежего пробоя Donchian на последней закрытой свече,,rejected,,
0.004586999999999999,no_fresh_breakout,80,MAGIC-USDT-SWAP,0.06213,нет свежего пробоя Donchian на последней закрытой свече,,rejected,,
5.9999999999998944e-05,no_fresh_breakout,80,MET-USDT-SWAP,0.1541,нет свежего пробоя Donchian на последней закрытой свече,,rejected,,
0.00016400000000000025,no_fresh_breakout,80,OP-USDT-SWAP,0.12105,нет свежего пробоя Donchian на последней закрытой свече,,rejected,,
2.214999999999999e-08,no_fresh_breakout,80,PEPE-USDT-SWAP,3.415e-06,нет свежего пробоя Donchian на последней закрытой свече,,rejected,,
0.0,atr_warmup:_цена_или_atr_недоступны_после_прогрева,80,SKY-USDT-SWAP,0.0,ATR warmup: цена или ATR недоступны после прогрева,,rejected,,
0.5825000000000002,no_fresh_breakout,80,SOL-USDT-SWAP,89.18,нет свежего пробоя Donchian на последней закрытой свече,,rejected,,
0.012615000000000006,no_fresh_breakout,80,SUSHI-USDT-SWAP,0.2035,нет свежего пробоя Donchian на последней закрытой свече,,rejected,,
0.007650000000000013,no_fresh_breakout,80,TON-USDT-SWAP,1.24,нет свежего пробоя Donchian на последней закрытой свече,,rejected,,
0.0003849999999999992,no_fresh_breakout,80,TRX-USDT-SWAP,0.3002,нет свежего пробоя Donchian на последней закрытой свече,,rejected,,
1.370999999999998,no_fresh_breakout,80,TSLA-USDT-SWAP,384.31,нет свежего пробоя Donchian на последней закрытой свече,,rejected,,
0.004676000000000008,no_fresh_breakout,80,USDC-USDT-SWAP,1.0,нет свежего пробоя Donchian на последней закрытой свече,,rejected,,
81.075,no_fresh_breakout,80,XAU-USDT-SWAP,4664.6,нет свежего пробоя Donchian на последней закрытой свече,,rejected,,
0.002123,no_fresh_breakout,80,XLM-USDT-SWAP,0.16608,нет свежего пробоя Donchian на последней закрытой свече,,rejected,,
0.010285000000000011,no_fresh_breakout,80,XRP-USDT-SWAP,1.4516,нет свежего пробоя Donchian на последней закрытой свече,,rejected,,
0.0002149999999999999,no_fresh_breakout,80,YB-USDT-SWAP,0.1223,нет свежего пробоя Donchian на последней закрытой свече,,rejected,,
15.020000000000028,no_fresh_breakout,80,YFI-USDT-SWAP,2732.0,нет свежего пробоя Donchian на последней закрытой свече,,rejected,,
0.00045500000000000125,no_fresh_breakout,80,YGG-USDT-SWAP,0.0402,нет свежего пробоя Donchian на последней закрытой свече,,rejected,,
5.5000000000000185e-05,no_fresh_breakout,81,1INCH-USDT-SWAP,0.0952,нет свежего пробоя Donchian на последней закрытой свече,,rejected,,
0.001415000000000001,no_fresh_breakout,81,2Z-USDT-SWAP,0.0788,нет свежего пробоя Donchian на последней закрытой свече,,rejected,,
7.999999999999934e-06,no_fresh_breakout,81,ACT-USDT-SWAP,0.01345,нет свежего пробоя Donchian на последней закрытой свече,,rejected,,
0.0013499999999999983,no_fresh_breakout,81,ADA-USDT-SWAP,0.2688,нет свежего пробоя Donchian на последней закрытой свече,,rejected,,
0.0009649999999999985,no_fresh_breakout,81,ARB-USDT-SWAP,0.0995,нет свежего пробоя Donchian на последней закрытой свече,,rejected,,
0.01312000000000002,no_fresh_breakout,81,ASTER-USDT-SWAP,0.6921,нет свежего пробоя Donchian на последней закрытой свече,,rejected,,
0.04424999999999999,no_fresh_breakout,81,AUCTION-USDT-SWAP,5.045,нет свежего пробоя Donchian на последней закрытой свече,,rejected,,
0.009395000000000042,no_fresh_breakout,81,AXS-USDT-SWAP,1.1934,нет свежего пробоя Donchian на последней закрытой свече,,rejected,,
0.00026500000000000276,no_fresh_breakout,81,BAND-USDT-SWAP,0.2267,нет свежего пробоя Donchian на последней закрытой свече,,rejected,,
0.9499999999999943,no_fresh_breakout,81,BCH-USDT-SWAP,455.2,нет свежего пробоя Donchian на последней закрытой свече,,rejected,,
1.950000000000004e-06,no_fresh_breakout,81,BOME-USDT-SWAP,0.000421,нет свежего пробоя Donchian на последней закрытой свече,,rejected,,
264.00499999999954,no_fresh_breakout,81,BTC-USDT-SWAP,70520.4,нет свежего пробоя Donchian на последней закрытой свече,,rejected,,
0.0005139999999999999,no_fresh_breakout,81,CFX-USDT-SWAP,0.0616,нет свежего пробоя Donchian на последней закрытой свече,,rejected,,
0.12649999999999953,no_fresh_breakout,81,COMP-USDT-SWAP,18.9,нет свежего пробоя Donchian на последней закрытой свече,,rejected,,
0.0024749999999999993,no_fresh_breakout,81,CRV-USDT-SWAP,0.2366,нет свежего пробоя Donchian на последней закрытой свече,,rejected,,
0.0006225000000000009,no_fresh_breakout,81,DOGE-USDT-SWAP,0.094,нет свежего пробоя Donchian на последней закрытой свече,,rejected,,
0.01930000000000002,no_fresh_breakout,81,DOT-USDT-SWAP,1.547,нет свежего пробоя Donchian на последней закрытой свече,,rejected,,
0.0,закрытие_не_удержалось_выше_канала,81,ETC-USDT-SWAP,0.0,закрытие не удержалось выше канала,long,rejected,Turtle 55,
0.0,закрытие_не_удержалось_выше_канала,81,ETC-USDT-SWAP,0.0,закрытие не удержалось выше канала,long,rejected,Turtle 20,
21.276,no_fresh_breakout,81,ETH-USDT-SWAP,2154.25,нет свежего пробоя Donchian на последней закрытой свече,,rejected,,
0.0009500000000000009,no_fresh_breakout,81,FIL-USDT-SWAP,0.89,нет свежего пробоя Donchian на последней закрытой свече,,rejected,,
0.016499999999999893,no_fresh_breakout,81,ICP-USDT-SWAP,2.51,нет свежего пробоя Donchian на последней закрытой свече,,rejected,,
0.0,закрытие_не_удержалось_выше_канала,81,KSM-USDT-SWAP,0.0,закрытие не удержалось выше канала,long,rejected,Turtle 55,
0.0,закрытие_не_удержалось_выше_канала,81,KSM-USDT-SWAP,0.0,закрытие не удержалось выше канала,long,rejected,Turtle 20,
0.05809999999999978,no_fresh_breakout,81,LINK-USDT-SWAP,9.088,нет свежего пробоя Donchian на последней закрытой свече,,rejected,,
0.0029000000000000137,no_fresh_breakout,81,LPT-USDT-SWAP,2.229,нет свежего пробоя Donchian на последней закрытой свече,,rejected,,
0.0003300000000000025,no_fresh_breakout,81,LQTY-USDT-SWAP,0.2789,нет свежего пробоя Donchian на последней закрытой свече,,rejected,,
0.004586999999999999,no_fresh_breakout,81,MAGIC-USDT-SWAP,0.06213,нет свежего пробоя Donchian на последней закрытой свече,,rejected,,
5.9999999999998944e-05,no_fresh_breakout,81,MET-USDT-SWAP,0.1541,нет свежего пробоя Donchian на последней закрытой свече,,rejected,,
0.00016400000000000025,no_fresh_breakout,81,OP-USDT-SWAP,0.12105,нет свежего пробоя Donchian на последней закрытой свече,,rejected,,
2.214999999999999e-08,no_fresh_breakout,81,PEPE-USDT-SWAP,3.415e-06,нет свежего пробоя Donchian на последней закрытой свече,,rejected,,
0.0,atr_warmup:_цена_или_atr_недоступны_после_прогрева,81,SKY-USDT-SWAP,0.0,ATR warmup: цена или ATR недоступны после прогрева,,rejected,,
0.5825000000000002,no_fresh_breakout,81,SOL-USDT-SWAP,89.18,нет свежего пробоя Donchian на последней закрытой свече,,rejected,,
0.012615000000000006,no_fresh_breakout,81,SUSHI-USDT-SWAP,0.2035,нет свежего пробоя Donchian на последней закрытой свече,,rejected,,
0.007650000000000013,no_fresh_breakout,81,TON-USDT-SWAP,1.24,нет свежего пробоя Donchian на последней закрытой свече,,rejected,,
0.0003849999999999992,no_fresh_breakout,81,TRX-USDT-SWAP,0.3002,нет свежего пробоя Donchian на последней закрытой свече,,rejected,,
1.370999999999998,no_fresh_breakout,81,TSLA-USDT-SWAP,384.31,нет свежего пробоя Donchian на последней закрытой свече,,rejected,,
0.004676000000000008,no_fresh_breakout,81,USDC-USDT-SWAP,1.0,нет свежего пробоя Donchian на последней закрытой свече,,rejected,,
81.075,no_fresh_breakout,81,XAU-USDT-SWAP,4664.6,нет свежего пробоя Donchian на последней закрытой свече,,rejected,,
0.002123,no_fresh_breakout,81,XLM-USDT-SWAP,0.16608,нет свежего пробоя Donchian на последней закрытой свече,,rejected,,
0.010285000000000011,no_fresh_breakout,81,XRP-USDT-SWAP,1.4516,нет свежего пробоя Donchian на последней закрытой свече,,rejected,,
0.0002149999999999999,no_fresh_breakout,81,YB-USDT-SWAP,0.1223,нет свежего пробоя Donchian на последней закрытой свече,,rejected,,
15.020000000000028,no_fresh_breakout,81,YFI-USDT-SWAP,2732.0,нет свежего пробоя Donchian на последней закрытой свече,,rejected,,
0.00045500000000000125,no_fresh_breakout,81,YGG-USDT-SWAP,0.0402,нет свежего пробоя Donchian на последней закрытой свече,,rejected,,
5.5000000000000185e-05,no_fresh_breakout,82,1INCH-USDT-SWAP,0.0952,нет свежего пробоя Donchian на последней закрытой свече,,rejected,,
0.001415000000000001,no_fresh_breakout,82,2Z-USDT-SWAP,0.0788,нет свежего пробоя Donchian на последней закрытой свече,,rejected,,
7.999999999999934e-06,no_fresh_breakout,82,ACT-USDT-SWAP,0.01345,нет свежего пробоя Donchian на последней закрытой свече,,rejected,,
0.0013499999999999983,no_fresh_breakout,82,ADA-USDT-SWAP,0.2688,нет свежего пробоя Donchian на последней закрытой свече,,rejected,,
0.0009649999999999985,no_fresh_breakout,82,ARB-USDT-SWAP,0.0995,нет свежего пробоя Donchian на последней закрытой свече,,rejected,,
0.01312000000000002,no_fresh_breakout,82,ASTER-USDT-SWAP,0.6921,нет свежего пробоя Donchian на последней закрытой свече,,rejected,,
0.04424999999999999,no_fresh_breakout,82,AUCTION-USDT-SWAP,5.045,нет свежего пробоя Donchian на последней закрытой свече,,rejected,,
0.009395000000000042,no_fresh_breakout,82,AXS-USDT-SWAP,1.1934,нет свежего пробоя Donchian на последней закрытой свече,,rejected,,
0.00026500000000000276,no_fresh_breakout,82,BAND-USDT-SWAP,0.2267,нет свежего пробоя Donchian на последней закрытой свече,,rejected,,
0.9499999999999943,no_fresh_breakout,82,BCH-USDT-SWAP,455.2,нет свежего пробоя Donchian на последней закрытой свече,,rejected,,
1.950000000000004e-06,no_fresh_breakout,82,BOME-USDT-SWAP,0.000421,нет свежего пробоя Donchian на последней закрытой свече,,rejected,,
264.00499999999954,no_fresh_breakout,82,BTC-USDT-SWAP,70520.4,нет свежего пробоя Donchian на последней закрытой свече,,rejected,,
0.0005139999999999999,no_fresh_breakout,82,CFX-USDT-SWAP,0.0616,нет свежего пробоя Donchian на последней закрытой свече,,rejected,,
0.12649999999999953,no_fresh_breakout,82,COMP-USDT-SWAP,18.9,нет свежего пробоя Donchian на последней закрытой свече,,rejected,,
0.0024749999999999993,no_fresh_breakout,82,CRV-USDT-SWAP,0.2366,нет свежего пробоя Donchian на последней закрытой свече,,rejected,,
0.0006225000000000009,no_fresh_breakout,82,DOGE-USDT-SWAP,0.094,нет свежего пробоя Donchian на последней закрытой свече,,rejected,,
0.01930000000000002,no_fresh_breakout,82,DOT-USDT-SWAP,1.547,нет свежего пробоя Donchian на последней закрытой свече,,rejected,,
0.0,закрытие_не_удержалось_выше_канала,82,ETC-USDT-SWAP,0.0,закрытие не удержалось выше канала,long,rejected,Turtle 55,
0.0,закрытие_не_удержалось_выше_канала,82,ETC-USDT-SWAP,0.0,закрытие не удержалось выше канала,long,rejected,Turtle 20,
21.276,no_fresh_breakout,82,ETH-USDT-SWAP,2154.25,нет свежего пробоя Donchian на последней закрытой свече,,rejected,,
0.0009500000000000009,no_fresh_breakout,82,FIL-USDT-SWAP,0.89,нет свежего пробоя Donchian на последней закрытой свече,,rejected,,
0.016499999999999893,no_fresh_breakout,82,ICP-USDT-SWAP,2.51,нет свежего пробоя Donchian на последней закрытой свече,,rejected,,
0.0,закрытие_не_удержалось_выше_канала,82,KSM-USDT-SWAP,0.0,закрытие не удержалось выше канала,long,rejected,Turtle 55,
0.0,закрытие_не_удержалось_выше_канала,82,KSM-USDT-SWAP,0.0,закрытие не удержалось выше канала,long,rejected,Turtle 20,
0.05809999999999978,no_fresh_breakout,82,LINK-USDT-SWAP,9.088,нет свежего пробоя Donchian на последней закрытой свече,,rejected,,
0.0029000000000000137,no_fresh_breakout,82,LPT-USDT-SWAP,2.229,нет свежего пробоя Donchian на последней закрытой свече,,rejected,,
0.0003300000000000025,no_fresh_breakout,82,LQTY-USDT-SWAP,0.2789,нет свежего пробоя Donchian на последней закрытой свече,,rejected,,
0.004586999999999999,no_fresh_breakout,82,MAGIC-USDT-SWAP,0.06213,нет свежего пробоя Donchian на последней закрытой свече,,rejected,,
5.9999999999998944e-05,no_fresh_breakout,82,MET-USDT-SWAP,0.1541,нет свежего пробоя Donchian на последней закрытой свече,,rejected,,
0.00016400000000000025,no_fresh_breakout,82,OP-USDT-SWAP,0.12105,нет свежего пробоя Donchian на последней закрытой свече,,rejected,,
2.214999999999999e-08,no_fresh_breakout,82,PEPE-USDT-SWAP,3.415e-06,нет свежего пробоя Donchian на последней закрытой свече,,rejected,,
0.0,atr_warmup:_цена_или_atr_недоступны_после_прогрева,82,SKY-USDT-SWAP,0.0,ATR warmup: цена или ATR недоступны после прогрева,,rejected,,
0.5825000000000002,no_fresh_breakout,82,SOL-USDT-SWAP,89.18,нет свежего пробоя Donchian на последней закрытой свече,,rejected,,
0.012615000000000006,no_fresh_breakout,82,SUSHI-USDT-SWAP,0.2035,нет свежего пробоя Donchian на последней закрытой свече,,rejected,,
0.007650000000000013,no_fresh_breakout,82,TON-USDT-SWAP,1.24,нет свежего пробоя Donchian на последней закрытой свече,,rejected,,
0.0003849999999999992,no_fresh_breakout,82,TRX-USDT-SWAP,0.3002,нет свежего пробоя Donchian на последней закрытой свече,,rejected,,
1.370999999999998,no_fresh_breakout,82,TSLA-USDT-SWAP,384.31,нет свежего пробоя Donchian на последней закрытой свече,,rejected,,
0.004676000000000008,no_fresh_breakout,82,USDC-USDT-SWAP,1.0,нет свежего пробоя Donchian на последней закрытой свече,,rejected,,
81.075,no_fresh_breakout,82,XAU-USDT-SWAP,4664.6,нет свежего пробоя Donchian на последней закрытой свече,,rejected,,
0.002123,no_fresh_breakout,82,XLM-USDT-SWAP,0.16608,нет свежего пробоя Donchian на последней закрытой свече,,rejected,,
0.010285000000000011,no_fresh_breakout,82,XRP-USDT-SWAP,1.4516,нет свежего пробоя Donchian на последней закрытой свече,,rejected,,
0.0002149999999999999,no_fresh_breakout,82,YB-USDT-SWAP,0.1223,нет свежего пробоя Donchian на последней закрытой свече,,rejected,,
15.020000000000028,no_fresh_breakout,82,YFI-USDT-SWAP,2732.0,нет свежего пробоя Donchian на последней закрытой свече,,rejected,,
0.00045500000000000125,no_fresh_breakout,82,YGG-USDT-SWAP,0.0402,нет свежего пробоя Donchian на последней закрытой свече,,rejected,,
5.5000000000000185e-05,no_fresh_breakout,83,1INCH-USDT-SWAP,0.0952,нет свежего пробоя Donchian на последней закрытой свече,,rejected,,
0.001415000000000001,no_fresh_breakout,83,2Z-USDT-SWAP,0.0788,нет свежего пробоя Donchian на последней закрытой свече,,rejected,,
7.999999999999934e-06,no_fresh_breakout,83,ACT-USDT-SWAP,0.01345,нет свежего пробоя Donchian на последней закрытой свече,,rejected,,
0.0013499999999999983,no_fresh_breakout,83,ADA-USDT-SWAP,0.2688,нет свежего пробоя Donchian на последней закрытой свече,,rejected,,
0.0009649999999999985,no_fresh_breakout,83,ARB-USDT-SWAP,0.0995,нет свежего пробоя Donchian на последней закрытой свече,,rejected,,
0.01312000000000002,no_fresh_breakout,83,ASTER-USDT-SWAP,0.6921,нет свежего пробоя Donchian на последней закрытой свече,,rejected,,
0.04424999999999999,no_fresh_breakout,83,AUCTION-USDT-SWAP,5.045,нет свежего пробоя Donchian на последней закрытой свече,,rejected,,
0.009395000000000042,no_fresh_breakout,83,AXS-USDT-SWAP,1.1934,нет свежего пробоя Donchian на последней закрытой свече,,rejected,,
0.00026500000000000276,no_fresh_breakout,83,BAND-USDT-SWAP,0.2267,нет свежего пробоя Donchian на последней закрытой свече,,rejected,,
0.9499999999999943,no_fresh_breakout,83,BCH-USDT-SWAP,455.2,нет свежего пробоя Donchian на последней закрытой свече,,rejected,,
1.950000000000004e-06,no_fresh_breakout,83,BOME-USDT-SWAP,0.000421,нет свежего пробоя Donchian на последней закрытой свече,,rejected,,
264.00499999999954,no_fresh_breakout,83,BTC-USDT-SWAP,70520.4,нет свежего пробоя Donchian на последней закрытой свече,,rejected,,
0.0005139999999999999,no_fresh_breakout,83,CFX-USDT-SWAP,0.0616,нет свежего пробоя Donchian на последней закрытой свече,,rejected,,
0.12649999999999953,no_fresh_breakout,83,COMP-USDT-SWAP,18.9,нет свежего пробоя Donchian на последней закрытой свече,,rejected,,
0.0024749999999999993,no_fresh_breakout,83,CRV-USDT-SWAP,0.2366,нет свежего пробоя Donchian на последней закрытой свече,,rejected,,
0.0006225000000000009,no_fresh_breakout,83,DOGE-USDT-SWAP,0.094,нет свежего пробоя Donchian на последней закрытой свече,,rejected,,
0.01930000000000002,no_fresh_breakout,83,DOT-USDT-SWAP,1.547,нет свежего пробоя Donchian на последней закрытой свече,,rejected,,
0.0,закрытие_не_удержалось_выше_канала,83,ETC-USDT-SWAP,0.0,закрытие не удержалось выше канала,long,rejected,Turtle 55,
0.0,закрытие_не_удержалось_выше_канала,83,ETC-USDT-SWAP,0.0,закрытие не удержалось выше канала,long,rejected,Turtle 20,
21.276,no_fresh_breakout,83,ETH-USDT-SWAP,2154.25,нет свежего пробоя Donchian на последней закрытой свече,,rejected,,
0.0009500000000000009,no_fresh_breakout,83,FIL-USDT-SWAP,0.89,нет свежего пробоя Donchian на последней закрытой свече,,rejected,,
0.016499999999999893,no_fresh_breakout,83,ICP-USDT-SWAP,2.51,нет свежего пробоя Donchian на последней закрытой свече,,rejected,,
0.0,закрытие_не_удержалось_выше_канала,83,KSM-USDT-SWAP,0.0,закрытие не удержалось выше канала,long,rejected,Turtle 55,
0.0,закрытие_не_удержалось_выше_канала,83,KSM-USDT-SWAP,0.0,закрытие не удержалось выше канала,long,rejected,Turtle 20,
0.05809999999999978,no_fresh_breakout,83,LINK-USDT-SWAP,9.088,нет свежего пробоя Donchian на последней закрытой свече,,rejected,,
0.0029000000000000137,no_fresh_breakout,83,LPT-USDT-SWAP,2.229,нет свежего пробоя Donchian на последней закрытой свече,,rejected,,
0.0003300000000000025,no_fresh_breakout,83,LQTY-USDT-SWAP,0.2789,нет свежего пробоя Donchian на последней закрытой свече,,rejected,,
0.004586999999999999,no_fresh_breakout,83,MAGIC-USDT-SWAP,0.06213,нет свежего пробоя Donchian на последней закрытой свече,,rejected,,
5.9999999999998944e-05,no_fresh_breakout,83,MET-USDT-SWAP,0.1541,нет свежего пробоя Donchian на последней закрытой свече,,rejected,,
0.00016400000000000025,no_fresh_breakout,83,OP-USDT-SWAP,0.12105,нет свежего пробоя Donchian на последней закрытой свече,,rejected,,
2.214999999999999e-08,no_fresh_breakout,83,PEPE-USDT-SWAP,3.415e-06,нет свежего пробоя Donchian на последней закрытой свече,,rejected,,
0.0,atr_warmup:_цена_или_atr_недоступны_после_прогрева,83,SKY-USDT-SWAP,0.0,ATR warmup: цена или ATR недоступны после прогрева,,rejected,,
0.5825000000000002,no_fresh_breakout,83,SOL-USDT-SWAP,89.18,нет свежего пробоя Donchian на последней закрытой свече,,rejected,,
0.012615000000000006,no_fresh_breakout,83,SUSHI-USDT-SWAP,0.2035,нет свежего пробоя Donchian на последней закрытой свече,,rejected,,
0.007650000000000013,no_fresh_breakout,83,TON-USDT-SWAP,1.24,нет свежего пробоя Donchian на последней закрытой свече,,rejected,,
0.0003849999999999992,no_fresh_breakout,83,TRX-USDT-SWAP,0.3002,нет свежего пробоя Donchian на последней закрытой свече,,rejected,,
1.370999999999998,no_fresh_breakout,83,TSLA-USDT-SWAP,384.31,нет свежего пробоя Donchian на последней закрытой свече,,rejected,,
0.004676000000000008,no_fresh_breakout,83,USDC-USDT-SWAP,1.0,нет свежего пробоя Donchian на последней закрытой свече,,rejected,,
81.075,no_fresh_breakout,83,XAU-USDT-SWAP,4664.6,нет свежего пробоя Donchian на последней закрытой свече,,rejected,,
0.002123,no_fresh_breakout,83,XLM-USDT-SWAP,0.16608,нет свежего пробоя Donchian на последней закрытой свече,,rejected,,
0.010285000000000011,no_fresh_breakout,83,XRP-USDT-SWAP,1.4516,нет свежего пробоя Donchian на последней закрытой свече,,rejected,,
0.0002149999999999999,no_fresh_breakout,83,YB-USDT-SWAP,0.1223,нет свежего пробоя Donchian на последней закрытой свече,,rejected,,
15.020000000000028,no_fresh_breakout,83,YFI-USDT-SWAP,2732.0,нет свежего пробоя Donchian на последней закрытой свече,,rejected,,
0.00045500000000000125,no_fresh_breakout,83,YGG-USDT-SWAP,0.0402,нет свежего пробоя Donchian на последней закрытой свече,,rejected,,
5.5000000000000185e-05,no_fresh_breakout,84,1INCH-USDT-SWAP,0.0952,нет свежего пробоя Donchian на последней закрытой свече,,rejected,,
0.001415000000000001,no_fresh_breakout,84,2Z-USDT-SWAP,0.0788,нет свежего пробоя Donchian на последней закрытой свече,,rejected,,
7.999999999999934e-06,no_fresh_breakout,84,ACT-USDT-SWAP,0.01345,нет свежего пробоя Donchian на последней закрытой свече,,rejected,,
0.0013499999999999983,no_fresh_breakout,84,ADA-USDT-SWAP,0.2688,нет свежего пробоя Donchian на последней закрытой свече,,rejected,,
0.0009649999999999985,no_fresh_breakout,84,ARB-USDT-SWAP,0.0995,нет свежего пробоя Donchian на последней закрытой свече,,rejected,,
0.01312000000000002,no_fresh_breakout,84,ASTER-USDT-SWAP,0.6921,нет свежего пробоя Donchian на последней закрытой свече,,rejected,,
0.04424999999999999,no_fresh_breakout,84,AUCTION-USDT-SWAP,5.045,нет свежего пробоя Donchian на последней закрытой свече,,rejected,,
0.009395000000000042,no_fresh_breakout,84,AXS-USDT-SWAP,1.1934,нет свежего пробоя Donchian на последней закрытой свече,,rejected,,
0.00026500000000000276,no_fresh_breakout,84,BAND-USDT-SWAP,0.2267,нет свежего пробоя Donchian на последней закрытой свече,,rejected,,
0.9499999999999943,no_fresh_breakout,84,BCH-USDT-SWAP,455.2,нет свежего пробоя Donchian на последней закрытой свече,,rejected,,
1.950000000000004e-06,no_fresh_breakout,84,BOME-USDT-SWAP,0.000421,нет свежего пробоя Donchian на последней закрытой свече,,rejected,,
264.00499999999954,no_fresh_breakout,84,BTC-USDT-SWAP,70520.4,нет свежего пробоя Donchian на последней закрытой свече,,rejected,,
0.0005139999999999999,no_fresh_breakout,84,CFX-USDT-SWAP,0.0616,нет свежего пробоя Donchian на последней закрытой свече,,rejected,,
0.12649999999999953,no_fresh_breakout,84,COMP-USDT-SWAP,18.9,нет свежего пробоя Donchian на последней закрытой свече,,rejected,,
0.0024749999999999993,no_fresh_breakout,84,CRV-USDT-SWAP,0.2366,нет свежего пробоя Donchian на последней закрытой свече,,rejected,,
0.0006225000000000009,no_fresh_breakout,84,DOGE-USDT-SWAP,0.094,нет свежего пробоя Donchian на последней закрытой свече,,rejected,,
0.01930000000000002,no_fresh_breakout,84,DOT-USDT-SWAP,1.547,нет свежего пробоя Donchian на последней закрытой свече,,rejected,,
0.0,закрытие_не_удержалось_выше_канала,84,ETC-USDT-SWAP,0.0,закрытие не удержалось выше канала,long,rejected,Turtle 55,
0.0,закрытие_не_удержалось_выше_канала,84,ETC-USDT-SWAP,0.0,закрытие не удержалось выше канала,long,rejected,Turtle 20,
21.276,no_fresh_breakout,84,ETH-USDT-SWAP,2154.25,нет свежего пробоя Donchian на последней закрытой свече,,rejected,,
0.0009500000000000009,no_fresh_breakout,84,FIL-USDT-SWAP,0.89,нет свежего пробоя Donchian на последней закрытой свече,,rejected,,
0.016499999999999893,no_fresh_breakout,84,ICP-USDT-SWAP,2.51,нет свежего пробоя Donchian на последней закрытой свече,,rejected,,
0.0,закрытие_не_удержалось_выше_канала,84,KSM-USDT-SWAP,0.0,закрытие не удержалось выше канала,long,rejected,Turtle 55,
0.0,закрытие_не_удержалось_выше_канала,84,KSM-USDT-SWAP,0.0,закрытие не удержалось выше канала,long,rejected,Turtle 20,
0.05809999999999978,no_fresh_breakout,84,LINK-USDT-SWAP,9.088,нет свежего пробоя Donchian на последней закрытой свече,,rejected,,
0.0029000000000000137,no_fresh_breakout,84,LPT-USDT-SWAP,2.229,нет свежего пробоя Donchian на последней закрытой свече,,rejected,,
0.0003300000000000025,no_fresh_breakout,84,LQTY-USDT-SWAP,0.2789,нет свежего пробоя Donchian на последней закрытой свече,,rejected,,
0.004586999999999999,no_fresh_breakout,84,MAGIC-USDT-SWAP,0.06213,нет свежего пробоя Donchian на последней закрытой свече,,rejected,,
5.9999999999998944e-05,no_fresh_breakout,84,MET-USDT-SWAP,0.1541,нет свежего пробоя Donchian на последней закрытой свече,,rejected,,
0.00016400000000000025,no_fresh_breakout,84,OP-USDT-SWAP,0.12105,нет свежего пробоя Donchian на последней закрытой свече,,rejected,,
2.214999999999999e-08,no_fresh_breakout,84,PEPE-USDT-SWAP,3.415e-06,нет свежего пробоя Donchian на последней закрытой свече,,rejected,,
0.0,atr_warmup:_цена_или_atr_недоступны_после_прогрева,84,SKY-USDT-SWAP,0.0,ATR warmup: цена или ATR недоступны после прогрева,,rejected,,
0.5825000000000002,no_fresh_breakout,84,SOL-USDT-SWAP,89.18,нет свежего пробоя Donchian на последней закрытой свече,,rejected,,
0.012615000000000006,no_fresh_breakout,84,SUSHI-USDT-SWAP,0.2035,нет свежего пробоя Donchian на последней закрытой свече,,rejected,,
0.007650000000000013,no_fresh_breakout,84,TON-USDT-SWAP,1.24,нет свежего пробоя Donchian на последней закрытой свече,,rejected,,
0.0003849999999999992,no_fresh_breakout,84,TRX-USDT-SWAP,0.3002,нет свежего пробоя Donchian на последней закрытой свече,,rejected,,
1.370999999999998,no_fresh_breakout,84,TSLA-USDT-SWAP,384.31,нет свежего пробоя Donchian на последней закрытой свече,,rejected,,
0.004676000000000008,no_fresh_breakout,84,USDC-USDT-SWAP,1.0,нет свежего пробоя Donchian на последней закрытой свече,,rejected,,
81.075,no_fresh_breakout,84,XAU-USDT-SWAP,4664.6,нет свежего пробоя Donchian на последней закрытой свече,,rejected,,
0.002123,no_fresh_breakout,84,XLM-USDT-SWAP,0.16608,нет свежего пробоя Donchian на последней закрытой свече,,rejected,,
0.010285000000000011,no_fresh_breakout,84,XRP-USDT-SWAP,1.4516,нет свежего пробоя Donchian на последней закрытой свече,,rejected,,
0.0002149999999999999,no_fresh_breakout,84,YB-USDT-SWAP,0.1223,нет свежего пробоя Donchian на последней закрытой свече,,rejected,,
15.020000000000028,no_fresh_breakout,84,YFI-USDT-SWAP,2732.0,нет свежего пробоя Donchian на последней закрытой свече,,rejected,,
0.00045500000000000125,no_fresh_breakout,84,YGG-USDT-SWAP,0.0402,нет свежего пробоя Donchian на последней закрытой свече,,rejected,,
5.5000000000000185e-05,no_fresh_breakout,85,1INCH-USDT-SWAP,0.0952,нет свежего пробоя Donchian на последней закрытой свече,,rejected,,
0.001415000000000001,no_fresh_breakout,85,2Z-USDT-SWAP,0.0788,нет свежего пробоя Donchian на последней закрытой свече,,rejected,,
7.999999999999934e-06,no_fresh_breakout,85,ACT-USDT-SWAP,0.01345,нет свежего пробоя Donchian на последней закрытой свече,,rejected,,
0.0013499999999999983,no_fresh_breakout,85,ADA-USDT-SWAP,0.2688,нет свежего пробоя Donchian на последней закрытой свече,,rejected,,
0.0009649999999999985,no_fresh_breakout,85,ARB-USDT-SWAP,0.0995,нет свежего пробоя Donchian на последней закрытой свече,,rejected,,
0.01312000000000002,no_fresh_breakout,85,ASTER-USDT-SWAP,0.6921,нет свежего пробоя Donchian на последней закрытой свече,,rejected,,
0.04424999999999999,no_fresh_breakout,85,AUCTION-USDT-SWAP,5.045,нет свежего пробоя Donchian на последней закрытой свече,,rejected,,
0.009395000000000042,no_fresh_breakout,85,AXS-USDT-SWAP,1.1934,нет свежего пробоя Donchian на последней закрытой свече,,rejected,,
0.00026500000000000276,no_fresh_breakout,85,BAND-USDT-SWAP,0.2267,нет свежего пробоя Donchian на последней закрытой свече,,rejected,,
0.9499999999999943,no_fresh_breakout,85,BCH-USDT-SWAP,455.2,нет свежего пробоя Donchian на последней закрытой свече,,rejected,,
1.950000000000004e-06,no_fresh_breakout,85,BOME-USDT-SWAP,0.000421,нет свежего пробоя Donchian на последней закрытой свече,,rejected,,
264.00499999999954,no_fresh_breakout,85,BTC-USDT-SWAP,70520.4,нет свежего пробоя Donchian на последней закрытой свече,,rejected,,
0.0005139999999999999,no_fresh_breakout,85,CFX-USDT-SWAP,0.0616,нет свежего пробоя Donchian на последней закрытой свече,,rejected,,
0.12649999999999953,no_fresh_breakout,85,COMP-USDT-SWAP,18.9,нет свежего пробоя Donchian на последней закрытой свече,,rejected,,
0.0024749999999999993,no_fresh_breakout,85,CRV-USDT-SWAP,0.2366,нет свежего пробоя Donchian на последней закрытой свече,,rejected,,
0.0006225000000000009,no_fresh_breakout,85,DOGE-USDT-SWAP,0.094,нет свежего пробоя Donchian на последней закрытой свече,,rejected,,
0.01930000000000002,no_fresh_breakout,85,DOT-USDT-SWAP,1.547,нет свежего пробоя Donchian на последней закрытой свече,,rejected,,
0.0,закрытие_не_удержалось_выше_канала,85,ETC-USDT-SWAP,0.0,закрытие не удержалось выше канала,long,rejected,Turtle 55,
0.0,закрытие_не_удержалось_выше_канала,85,ETC-USDT-SWAP,0.0,закрытие не удержалось выше канала,long,rejected,Turtle 20,
21.276,no_fresh_breakout,85,ETH-USDT-SWAP,2154.25,нет свежего пробоя Donchian на последней закрытой свече,,rejected,,
0.0009500000000000009,no_fresh_breakout,85,FIL-USDT-SWAP,0.89,нет свежего пробоя Donchian на последней закрытой свече,,rejected,,
0.016499999999999893,no_fresh_breakout,85,ICP-USDT-SWAP,2.51,нет свежего пробоя Donchian на последней закрытой свече,,rejected,,
0.0,закрытие_не_удержалось_выше_канала,85,KSM-USDT-SWAP,0.0,закрытие не удержалось выше канала,long,rejected,Turtle 55,
0.0,закрытие_не_удержалось_выше_канала,85,KSM-USDT-SWAP,0.0,закрытие не удержалось выше канала,long,rejected,Turtle 20,
0.05809999999999978,no_fresh_breakout,85,LINK-USDT-SWAP,9.088,нет свежего пробоя Donchian на последней закрытой свече,,rejected,,
0.0029000000000000137,no_fresh_breakout,85,LPT-USDT-SWAP,2.229,нет свежего пробоя Donchian на последней закрытой свече,,rejected,,
0.0003300000000000025,no_fresh_breakout,85,LQTY-USDT-SWAP,0.2789,нет свежего пробоя Donchian на последней закрытой свече,,rejected,,
0.004586999999999999,no_fresh_breakout,85,MAGIC-USDT-SWAP,0.06213,нет свежего пробоя Donchian на последней закрытой свече,,rejected,,
5.9999999999998944e-05,no_fresh_breakout,85,MET-USDT-SWAP,0.1541,нет свежего пробоя Donchian на последней закрытой свече,,rejected,,
0.00016400000000000025,no_fresh_breakout,85,OP-USDT-SWAP,0.12105,нет свежего пробоя Donchian на последней закрытой свече,,rejected,,
2.214999999999999e-08,no_fresh_breakout,85,PEPE-USDT-SWAP,3.415e-06,нет свежего пробоя Donchian на последней закрытой свече,,rejected,,
0.0,atr_warmup:_цена_или_atr_недоступны_после_прогрева,85,SKY-USDT-SWAP,0.0,ATR warmup: цена или ATR недоступны после прогрева,,rejected,,
0.5825000000000002,no_fresh_breakout,85,SOL-USDT-SWAP,89.18,нет свежего пробоя Donchian на последней закрытой свече,,rejected,,
0.012615000000000006,no_fresh_breakout,85,SUSHI-USDT-SWAP,0.2035,нет свежего пробоя Donchian на последней закрытой свече,,rejected,,
0.007650000000000013,no_fresh_breakout,85,TON-USDT-SWAP,1.24,нет свежего пробоя Donchian на последней закрытой свече,,rejected,,
0.0003849999999999992,no_fresh_breakout,85,TRX-USDT-SWAP,0.3002,нет свежего пробоя Donchian на последней закрытой свече,,rejected,,
1.370999999999998,no_fresh_breakout,85,TSLA-USDT-SWAP,384.31,нет свежего пробоя Donchian на последней закрытой свече,,rejected,,
0.004676000000000008,no_fresh_breakout,85,USDC-USDT-SWAP,1.0,нет свежего пробоя Donchian на последней закрытой свече,,rejected,,
81.075,no_fresh_breakout,85,XAU-USDT-SWAP,4664.6,нет свежего пробоя Donchian на последней закрытой свече,,rejected,,
0.002123,no_fresh_breakout,85,XLM-USDT-SWAP,0.16608,нет свежего пробоя Donchian на последней закрытой свече,,rejected,,
0.010285000000000011,no_fresh_breakout,85,XRP-USDT-SWAP,1.4516,нет свежего пробоя Donchian на последней закрытой свече,,rejected,,
0.0002149999999999999,no_fresh_breakout,85,YB-USDT-SWAP,0.1223,нет свежего пробоя Donchian на последней закрытой свече,,rejected,,
15.020000000000028,no_fresh_breakout,85,YFI-USDT-SWAP,2732.0,нет свежего пробоя Donchian на последней закрытой свече,,rejected,,
0.00045500000000000125,no_fresh_breakout,85,YGG-USDT-SWAP,0.0402,нет свежего пробоя Donchian на последней закрытой свече,,rejected,,
5.5000000000000185e-05,no_fresh_breakout,86,1INCH-USDT-SWAP,0.0952,нет свежего пробоя Donchian на последней закрытой свече,,rejected,,
0.001415000000000001,no_fresh_breakout,86,2Z-USDT-SWAP,0.0788,нет свежего пробоя Donchian на последней закрытой свече,,rejected,,
7.999999999999934e-06,no_fresh_breakout,86,ACT-USDT-SWAP,0.01345,нет свежего пробоя Donchian на последней закрытой свече,,rejected,,
0.0013499999999999983,no_fresh_breakout,86,ADA-USDT-SWAP,0.2688,нет свежего пробоя Donchian на последней закрытой свече,,rejected,,
0.0009649999999999985,no_fresh_breakout,86,ARB-USDT-SWAP,0.0995,нет свежего пробоя Donchian на последней закрытой свече,,rejected,,
0.01312000000000002,no_fresh_breakout,86,ASTER-USDT-SWAP,0.6921,нет свежего пробоя Donchian на последней закрытой свече,,rejected,,
0.04424999999999999,no_fresh_breakout,86,AUCTION-USDT-SWAP,5.045,нет свежего пробоя Donchian на последней закрытой свече,,rejected,,
0.009395000000000042,no_fresh_breakout,86,AXS-USDT-SWAP,1.1934,нет свежего пробоя Donchian на последней закрытой свече,,rejected,,
0.00026500000000000276,no_fresh_breakout,86,BAND-USDT-SWAP,0.2267,нет свежего пробоя Donchian на последней закрытой свече,,rejected,,
0.9499999999999943,no_fresh_breakout,86,BCH-USDT-SWAP,455.2,нет свежего пробоя Donchian на последней закрытой свече,,rejected,,
1.950000000000004e-06,no_fresh_breakout,86,BOME-USDT-SWAP,0.000421,нет свежего пробоя Donchian на последней закрытой свече,,rejected,,
264.00499999999954,no_fresh_breakout,86,BTC-USDT-SWAP,70520.4,нет свежего пробоя Donchian на последней закрытой свече,,rejected,,
0.0005139999999999999,no_fresh_breakout,86,CFX-USDT-SWAP,0.0616,нет свежего пробоя Donchian на последней закрытой свече,,rejected,,
0.12649999999999953,no_fresh_breakout,86,COMP-USDT-SWAP,18.9,нет свежего пробоя Donchian на последней закрытой свече,,rejected,,
0.0024749999999999993,no_fresh_breakout,86,CRV-USDT-SWAP,0.2366,нет свежего пробоя Donchian на последней закрытой свече,,rejected,,
0.0006225000000000009,no_fresh_breakout,86,DOGE-USDT-SWAP,0.094,нет свежего пробоя Donchian на последней закрытой свече,,rejected,,
0.01930000000000002,no_fresh_breakout,86,DOT-USDT-SWAP,1.547,нет свежего пробоя Donchian на последней закрытой свече,,rejected,,
0.0,закрытие_не_удержалось_выше_канала,86,ETC-USDT-SWAP,0.0,закрытие не удержалось выше канала,long,rejected,Turtle 55,
0.0,закрытие_не_удержалось_выше_канала,86,ETC-USDT-SWAP,0.0,закрытие не удержалось выше канала,long,rejected,Turtle 20,
21.276,no_fresh_breakout,86,ETH-USDT-SWAP,2154.25,нет свежего пробоя Donchian на последней закрытой свече,,rejected,,
0.0009500000000000009,no_fresh_breakout,86,FIL-USDT-SWAP,0.89,нет свежего пробоя Donchian на последней закрытой свече,,rejected,,
0.016499999999999893,no_fresh_breakout,86,ICP-USDT-SWAP,2.51,нет свежего пробоя Donchian на последней закрытой свече,,rejected,,
0.0,закрытие_не_удержалось_выше_канала,86,KSM-USDT-SWAP,0.0,закрытие не удержалось выше канала,long,rejected,Turtle 55,
0.0,закрытие_не_удержалось_выше_канала,86,KSM-USDT-SWAP,0.0,закрытие не удержалось выше канала,long,rejected,Turtle 20,
0.05809999999999978,no_fresh_breakout,86,LINK-USDT-SWAP,9.088,нет свежего пробоя Donchian на последней закрытой свече,,rejected,,
0.0029000000000000137,no_fresh_breakout,86,LPT-USDT-SWAP,2.229,нет свежего пробоя Donchian на последней закрытой свече,,rejected,,
0.0003300000000000025,no_fresh_breakout,86,LQTY-USDT-SWAP,0.2789,нет свежего пробоя Donchian на последней закрытой свече,,rejected,,
0.004586999999999999,no_fresh_breakout,86,MAGIC-USDT-SWAP,0.06213,нет свежего пробоя Donchian на последней закрытой свече,,rejected,,
5.9999999999998944e-05,no_fresh_breakout,86,MET-USDT-SWAP,0.1541,нет свежего пробоя Donchian на последней закрытой свече,,rejected,,
0.00016400000000000025,no_fresh_breakout,86,OP-USDT-SWAP,0.12105,нет свежего пробоя Donchian на последней закрытой свече,,rejected,,
2.214999999999999e-08,no_fresh_breakout,86,PEPE-USDT-SWAP,3.415e-06,нет свежего пробоя Donchian на последней закрытой свече,,rejected,,
0.0,atr_warmup:_цена_или_atr_недоступны_после_прогрева,86,SKY-USDT-SWAP,0.0,ATR warmup: цена или ATR недоступны после прогрева,,rejected,,
0.5825000000000002,no_fresh_breakout,86,SOL-USDT-SWAP,89.18,нет свежего пробоя Donchian на последней закрытой свече,,rejected,,
0.012615000000000006,no_fresh_breakout,86,SUSHI-USDT-SWAP,0.2035,нет свежего пробоя Donchian на последней закрытой свече,,rejected,,
0.007650000000000013,no_fresh_breakout,86,TON-USDT-SWAP,1.24,нет свежего пробоя Donchian на последней закрытой свече,,rejected,,
0.0003849999999999992,no_fresh_breakout,86,TRX-USDT-SWAP,0.3002,нет свежего пробоя Donchian на последней закрытой свече,,rejected,,
1.370999999999998,no_fresh_breakout,86,TSLA-USDT-SWAP,384.31,нет свежего пробоя Donchian на последней закрытой свече,,rejected,,
0.004676000000000008,no_fresh_breakout,86,USDC-USDT-SWAP,1.0,нет свежего пробоя Donchian на последней закрытой свече,,rejected,,
81.075,no_fresh_breakout,86,XAU-USDT-SWAP,4664.6,нет свежего пробоя Donchian на последней закрытой свече,,rejected,,
0.002123,no_fresh_breakout,86,XLM-USDT-SWAP,0.16608,нет свежего пробоя Donchian на последней закрытой свече,,rejected,,
0.010285000000000011,no_fresh_breakout,86,XRP-USDT-SWAP,1.4516,нет свежего пробоя Donchian на последней закрытой свече,,rejected,,
0.0002149999999999999,no_fresh_breakout,86,YB-USDT-SWAP,0.1223,нет свежего пробоя Donchian на последней закрытой свече,,rejected,,
15.020000000000028,no_fresh_breakout,86,YFI-USDT-SWAP,2732.0,нет свежего пробоя Donchian на последней закрытой свече,,rejected,,
0.00045500000000000125,no_fresh_breakout,86,YGG-USDT-SWAP,0.0402,нет свежего пробоя Donchian на последней закрытой свече,,rejected,,
5.5000000000000185e-05,no_fresh_breakout,87,1INCH-USDT-SWAP,0.0952,нет свежего пробоя Donchian на последней закрытой свече,,rejected,,
0.001415000000000001,no_fresh_breakout,87,2Z-USDT-SWAP,0.0788,нет свежего пробоя Donchian на последней закрытой свече,,rejected,,
7.999999999999934e-06,no_fresh_breakout,87,ACT-USDT-SWAP,0.01345,нет свежего пробоя Donchian на последней закрытой свече,,rejected,,
0.0013499999999999983,no_fresh_breakout,87,ADA-USDT-SWAP,0.2688,нет свежего пробоя Donchian на последней закрытой свече,,rejected,,
0.0009649999999999985,no_fresh_breakout,87,ARB-USDT-SWAP,0.0995,нет свежего пробоя Donchian на последней закрытой свече,,rejected,,
0.01312000000000002,no_fresh_breakout,87,ASTER-USDT-SWAP,0.6921,нет свежего пробоя Donchian на последней закрытой свече,,rejected,,
0.04424999999999999,no_fresh_breakout,87,AUCTION-USDT-SWAP,5.045,нет свежего пробоя Donchian на последней закрытой свече,,rejected,,
0.009395000000000042,no_fresh_breakout,87,AXS-USDT-SWAP,1.1934,нет свежего пробоя Donchian на последней закрытой свече,,rejected,,
0.00026500000000000276,no_fresh_breakout,87,BAND-USDT-SWAP,0.2267,нет свежего пробоя Donchian на последней закрытой свече,,rejected,,
0.9499999999999943,no_fresh_breakout,87,BCH-USDT-SWAP,455.2,нет свежего пробоя Donchian на последней закрытой свече,,rejected,,
1.950000000000004e-06,no_fresh_breakout,87,BOME-USDT-SWAP,0.000421,нет свежего пробоя Donchian на последней закрытой свече,,rejected,,
264.00499999999954,no_fresh_breakout,87,BTC-USDT-SWAP,70520.4,нет свежего пробоя Donchian на последней закрытой свече,,rejected,,
0.0005139999999999999,no_fresh_breakout,87,CFX-USDT-SWAP,0.0616,нет свежего пробоя Donchian на последней закрытой свече,,rejected,,
0.12649999999999953,no_fresh_breakout,87,COMP-USDT-SWAP,18.9,нет свежего пробоя Donchian на последней закрытой свече,,rejected,,
0.0024749999999999993,no_fresh_breakout,87,CRV-USDT-SWAP,0.2366,нет свежего пробоя Donchian на последней закрытой свече,,rejected,,
0.0006225000000000009,no_fresh_breakout,87,DOGE-USDT-SWAP,0.094,нет свежего пробоя Donchian на последней закрытой свече,,rejected,,
0.01930000000000002,no_fresh_breakout,87,DOT-USDT-SWAP,1.547,нет свежего пробоя Donchian на последней закрытой свече,,rejected,,
0.0,закрытие_не_удержалось_выше_канала,87,ETC-USDT-SWAP,0.0,закрытие не удержалось выше канала,long,rejected,Turtle 55,
0.0,закрытие_не_удержалось_выше_канала,87,ETC-USDT-SWAP,0.0,закрытие не удержалось выше канала,long,rejected,Turtle 20,
21.276,no_fresh_breakout,87,ETH-USDT-SWAP,2154.25,нет свежего пробоя Donchian на последней закрытой свече,,rejected,,
0.0009500000000000009,no_fresh_breakout,87,FIL-USDT-SWAP,0.89,нет свежего пробоя Donchian на последней закрытой свече,,rejected,,
0.016499999999999893,no_fresh_breakout,87,ICP-USDT-SWAP,2.51,нет свежего пробоя Donchian на последней закрытой свече,,rejected,,
0.0,закрытие_не_удержалось_выше_канала,87,KSM-USDT-SWAP,0.0,закрытие не удержалось выше канала,long,rejected,Turtle 55,
0.0,закрытие_не_удержалось_выше_канала,87,KSM-USDT-SWAP,0.0,закрытие не удержалось выше канала,long,rejected,Turtle 20,
0.05809999999999978,no_fresh_breakout,87,LINK-USDT-SWAP,9.088,нет свежего пробоя Donchian на последней закрытой свече,,rejected,,
0.0029000000000000137,no_fresh_breakout,87,LPT-USDT-SWAP,2.229,нет свежего пробоя Donchian на последней закрытой свече,,rejected,,
0.0003300000000000025,no_fresh_breakout,87,LQTY-USDT-SWAP,0.2789,нет свежего пробоя Donchian на последней закрытой свече,,rejected,,
0.004586999999999999,no_fresh_breakout,87,MAGIC-USDT-SWAP,0.06213,нет свежего пробоя Donchian на последней закрытой свече,,rejected,,
5.9999999999998944e-05,no_fresh_breakout,87,MET-USDT-SWAP,0.1541,нет свежего пробоя Donchian на последней закрытой свече,,rejected,,
0.00016400000000000025,no_fresh_breakout,87,OP-USDT-SWAP,0.12105,нет свежего пробоя Donchian на последней закрытой свече,,rejected,,
2.214999999999999e-08,no_fresh_breakout,87,PEPE-USDT-SWAP,3.415e-06,нет свежего пробоя Donchian на последней закрытой свече,,rejected,,
0.0,atr_warmup:_цена_или_atr_недоступны_после_прогрева,87,SKY-USDT-SWAP,0.0,ATR warmup: цена или ATR недоступны после прогрева,,rejected,,
0.5825000000000002,no_fresh_breakout,87,SOL-USDT-SWAP,89.18,нет свежего пробоя Donchian на последней закрытой свече,,rejected,,
0.012615000000000006,no_fresh_breakout,87,SUSHI-USDT-SWAP,0.2035,нет свежего пробоя Donchian на последней закрытой свече,,rejected,,
0.007650000000000013,no_fresh_breakout,87,TON-USDT-SWAP,1.24,нет свежего пробоя Donchian на последней закрытой свече,,rejected,,
0.0003849999999999992,no_fresh_breakout,87,TRX-USDT-SWAP,0.3002,нет свежего пробоя Donchian на последней закрытой свече,,rejected,,
1.370999999999998,no_fresh_breakout,87,TSLA-USDT-SWAP,384.31,нет свежего пробоя Donchian на последней закрытой свече,,rejected,,
0.004676000000000008,no_fresh_breakout,87,USDC-USDT-SWAP,1.0,нет свежего пробоя Donchian на последней закрытой свече,,rejected,,
81.075,no_fresh_breakout,87,XAU-USDT-SWAP,4664.6,нет свежего пробоя Donchian на последней закрытой свече,,rejected,,
0.002123,no_fresh_breakout,87,XLM-USDT-SWAP,0.16608,нет свежего пробоя Donchian на последней закрытой свече,,rejected,,
0.010285000000000011,no_fresh_breakout,87,XRP-USDT-SWAP,1.4516,нет свежего пробоя Donchian на последней закрытой свече,,rejected,,
0.0002149999999999999,no_fresh_breakout,87,YB-USDT-SWAP,0.1223,нет свежего пробоя Donchian на последней закрытой свече,,rejected,,
15.020000000000028,no_fresh_breakout,87,YFI-USDT-SWAP,2732.0,нет свежего пробоя Donchian на последней закрытой свече,,rejected,,
0.00045500000000000125,no_fresh_breakout,87,YGG-USDT-SWAP,0.0402,нет свежего пробоя Donchian на последней закрытой свече,,rejected,,
5.5000000000000185e-05,no_fresh_breakout,88,1INCH-USDT-SWAP,0.0952,нет свежего пробоя Donchian на последней закрытой свече,,rejected,,
0.001415000000000001,no_fresh_breakout,88,2Z-USDT-SWAP,0.0788,нет свежего пробоя Donchian на последней закрытой свече,,rejected,,
7.999999999999934e-06,no_fresh_breakout,88,ACT-USDT-SWAP,0.01345,нет свежего пробоя Donchian на последней закрытой свече,,rejected,,
0.0013499999999999983,no_fresh_breakout,88,ADA-USDT-SWAP,0.2688,нет свежего пробоя Donchian на последней закрытой свече,,rejected,,
0.0009649999999999985,no_fresh_breakout,88,ARB-USDT-SWAP,0.0995,нет свежего пробоя Donchian на последней закрытой свече,,rejected,,
0.01312000000000002,no_fresh_breakout,88,ASTER-USDT-SWAP,0.6921,нет свежего пробоя Donchian на последней закрытой свече,,rejected,,
0.04424999999999999,no_fresh_breakout,88,AUCTION-USDT-SWAP,5.045,нет свежего пробоя Donchian на последней закрытой свече,,rejected,,
0.009395000000000042,no_fresh_breakout,88,AXS-USDT-SWAP,1.1934,нет свежего пробоя Donchian на последней закрытой свече,,rejected,,
0.00026500000000000276,no_fresh_breakout,88,BAND-USDT-SWAP,0.2267,нет свежего пробоя Donchian на последней закрытой свече,,rejected,,
0.9499999999999943,no_fresh_breakout,88,BCH-USDT-SWAP,455.2,нет свежего пробоя Donchian на последней закрытой свече,,rejected,,
1.950000000000004e-06,no_fresh_breakout,88,BOME-USDT-SWAP,0.000421,нет свежего пробоя Donchian на последней закрытой свече,,rejected,,
264.00499999999954,no_fresh_breakout,88,BTC-USDT-SWAP,70520.4,нет свежего пробоя Donchian на последней закрытой свече,,rejected,,
0.0005139999999999999,no_fresh_breakout,88,CFX-USDT-SWAP,0.0616,нет свежего пробоя Donchian на последней закрытой свече,,rejected,,
0.12649999999999953,no_fresh_breakout,88,COMP-USDT-SWAP,18.9,нет свежего пробоя Donchian на последней закрытой свече,,rejected,,
0.0024749999999999993,no_fresh_breakout,88,CRV-USDT-SWAP,0.2366,нет свежего пробоя Donchian на последней закрытой свече,,rejected,,
0.0006225000000000009,no_fresh_breakout,88,DOGE-USDT-SWAP,0.094,нет свежего пробоя Donchian на последней закрытой свече,,rejected,,
0.01930000000000002,no_fresh_breakout,88,DOT-USDT-SWAP,1.547,нет свежего пробоя Donchian на последней закрытой свече,,rejected,,
0.0,закрытие_не_удержалось_выше_канала,88,ETC-USDT-SWAP,0.0,закрытие не удержалось выше канала,long,rejected,Turtle 55,
0.0,закрытие_не_удержалось_выше_канала,88,ETC-USDT-SWAP,0.0,закрытие не удержалось выше канала,long,rejected,Turtle 20,
21.276,no_fresh_breakout,88,ETH-USDT-SWAP,2154.25,нет свежего пробоя Donchian на последней закрытой свече,,rejected,,
0.0009500000000000009,no_fresh_breakout,88,FIL-USDT-SWAP,0.89,нет свежего пробоя Donchian на последней закрытой свече,,rejected,,
0.016499999999999893,no_fresh_breakout,88,ICP-USDT-SWAP,2.51,нет свежего пробоя Donchian на последней закрытой свече,,rejected,,
0.0,закрытие_не_удержалось_выше_канала,88,KSM-USDT-SWAP,0.0,закрытие не удержалось выше канала,long,rejected,Turtle 55,
0.0,закрытие_не_удержалось_выше_канала,88,KSM-USDT-SWAP,0.0,закрытие не удержалось выше канала,long,rejected,Turtle 20,
0.05809999999999978,no_fresh_breakout,88,LINK-USDT-SWAP,9.088,нет свежего пробоя Donchian на последней закрытой свече,,rejected,,
0.0029000000000000137,no_fresh_breakout,88,LPT-USDT-SWAP,2.229,нет свежего пробоя Donchian на последней закрытой свече,,rejected,,
0.0003300000000000025,no_fresh_breakout,88,LQTY-USDT-SWAP,0.2789,нет свежего пробоя Donchian на последней закрытой свече,,rejected,,
0.004586999999999999,no_fresh_breakout,88,MAGIC-USDT-SWAP,0.06213,нет свежего пробоя Donchian на последней закрытой свече,,rejected,,
5.9999999999998944e-05,no_fresh_breakout,88,MET-USDT-SWAP,0.1541,нет свежего пробоя Donchian на последней закрытой свече,,rejected,,
0.00016400000000000025,no_fresh_breakout,88,OP-USDT-SWAP,0.12105,нет свежего пробоя Donchian на последней закрытой свече,,rejected,,
2.214999999999999e-08,no_fresh_breakout,88,PEPE-USDT-SWAP,3.415e-06,нет свежего пробоя Donchian на последней закрытой свече,,rejected,,
0.0,atr_warmup:_цена_или_atr_недоступны_после_прогрева,88,SKY-USDT-SWAP,0.0,ATR warmup: цена или ATR недоступны после прогрева,,rejected,,
0.5825000000000002,no_fresh_breakout,88,SOL-USDT-SWAP,89.18,нет свежего пробоя Donchian на последней закрытой свече,,rejected,,
0.012615000000000006,no_fresh_breakout,88,SUSHI-USDT-SWAP,0.2035,нет свежего пробоя Donchian на последней закрытой свече,,rejected,,
0.007650000000000013,no_fresh_breakout,88,TON-USDT-SWAP,1.24,нет свежего пробоя Donchian на последней закрытой свече,,rejected,,
0.0003849999999999992,no_fresh_breakout,88,TRX-USDT-SWAP,0.3002,нет свежего пробоя Donchian на последней закрытой свече,,rejected,,
1.370999999999998,no_fresh_breakout,88,TSLA-USDT-SWAP,384.31,нет свежего пробоя Donchian на последней закрытой свече,,rejected,,
0.004676000000000008,no_fresh_breakout,88,USDC-USDT-SWAP,1.0,нет свежего пробоя Donchian на последней закрытой свече,,rejected,,
81.075,no_fresh_breakout,88,XAU-USDT-SWAP,4664.6,нет свежего пробоя Donchian на последней закрытой свече,,rejected,,
0.002123,no_fresh_breakout,88,XLM-USDT-SWAP,0.16608,нет свежего пробоя Donchian на последней закрытой свече,,rejected,,
0.010285000000000011,no_fresh_breakout,88,XRP-USDT-SWAP,1.4516,нет свежего пробоя Donchian на последней закрытой свече,,rejected,,
0.0002149999999999999,no_fresh_breakout,88,YB-USDT-SWAP,0.1223,нет свежего пробоя Donchian на последней закрытой свече,,rejected,,
15.020000000000028,no_fresh_breakout,88,YFI-USDT-SWAP,2732.0,нет свежего пробоя Donchian на последней закрытой свече,,rejected,,
0.00045500000000000125,no_fresh_breakout,88,YGG-USDT-SWAP,0.0402,нет свежего пробоя Donchian на последней закрытой свече,,rejected,,
5.5000000000000185e-05,no_fresh_breakout,89,1INCH-USDT-SWAP,0.0952,нет свежего пробоя Donchian на последней закрытой свече,,rejected,,
0.001415000000000001,no_fresh_breakout,89,2Z-USDT-SWAP,0.0788,нет свежего пробоя Donchian на последней закрытой свече,,rejected,,
7.999999999999934e-06,no_fresh_breakout,89,ACT-USDT-SWAP,0.01345,нет свежего пробоя Donchian на последней закрытой свече,,rejected,,
0.0013499999999999983,no_fresh_breakout,89,ADA-USDT-SWAP,0.2688,нет свежего пробоя Donchian на последней закрытой свече,,rejected,,
0.0009649999999999985,no_fresh_breakout,89,ARB-USDT-SWAP,0.0995,нет свежего пробоя Donchian на последней закрытой свече,,rejected,,
0.01312000000000002,no_fresh_breakout,89,ASTER-USDT-SWAP,0.6921,нет свежего пробоя Donchian на последней закрытой свече,,rejected,,
0.04424999999999999,no_fresh_breakout,89,AUCTION-USDT-SWAP,5.045,нет свежего пробоя Donchian на последней закрытой свече,,rejected,,
0.009395000000000042,no_fresh_breakout,89,AXS-USDT-SWAP,1.1934,нет свежего пробоя Donchian на последней закрытой свече,,rejected,,
0.00026500000000000276,no_fresh_breakout,89,BAND-USDT-SWAP,0.2267,нет свежего пробоя Donchian на последней закрытой свече,,rejected,,
0.9499999999999943,no_fresh_breakout,89,BCH-USDT-SWAP,455.2,нет свежего пробоя Donchian на последней закрытой свече,,rejected,,
1.950000000000004e-06,no_fresh_breakout,89,BOME-USDT-SWAP,0.000421,нет свежего пробоя Donchian на последней закрытой свече,,rejected,,
264.00499999999954,no_fresh_breakout,89,BTC-USDT-SWAP,70520.4,нет свежего пробоя Donchian на последней закрытой свече,,rejected,,
0.0005139999999999999,no_fresh_breakout,89,CFX-USDT-SWAP,0.0616,нет свежего пробоя Donchian на последней закрытой свече,,rejected,,
0.12649999999999953,no_fresh_breakout,89,COMP-USDT-SWAP,18.9,нет свежего пробоя Donchian на последней закрытой свече,,rejected,,
0.0024749999999999993,no_fresh_breakout,89,CRV-USDT-SWAP,0.2366,нет свежего пробоя Donchian на последней закрытой свече,,rejected,,
0.0006225000000000009,no_fresh_breakout,89,DOGE-USDT-SWAP,0.094,нет свежего пробоя Donchian на последней закрытой свече,,rejected,,
0.01930000000000002,no_fresh_breakout,89,DOT-USDT-SWAP,1.547,нет свежего пробоя Donchian на последней закрытой свече,,rejected,,
0.0,закрытие_не_удержалось_выше_канала,89,ETC-USDT-SWAP,0.0,закрытие не удержалось выше канала,long,rejected,Turtle 55,
0.0,закрытие_не_удержалось_выше_канала,89,ETC-USDT-SWAP,0.0,закрытие не удержалось выше канала,long,rejected,Turtle 20,
21.276,no_fresh_breakout,89,ETH-USDT-SWAP,2154.25,нет свежего пробоя Donchian на последней закрытой свече,,rejected,,
0.0009500000000000009,no_fresh_breakout,89,FIL-USDT-SWAP,0.89,нет свежего пробоя Donchian на последней закрытой свече,,rejected,,
0.016499999999999893,no_fresh_breakout,89,ICP-USDT-SWAP,2.51,нет свежего пробоя Donchian на последней закрытой свече,,rejected,,
0.0,закрытие_не_удержалось_выше_канала,89,KSM-USDT-SWAP,0.0,закрытие не удержалось выше канала,long,rejected,Turtle 55,
0.0,закрытие_не_удержалось_выше_канала,89,KSM-USDT-SWAP,0.0,закрытие не удержалось выше канала,long,rejected,Turtle 20,
0.05809999999999978,no_fresh_breakout,89,LINK-USDT-SWAP,9.088,нет свежего пробоя Donchian на последней закрытой свече,,rejected,,
0.0029000000000000137,no_fresh_breakout,89,LPT-USDT-SWAP,2.229,нет свежего пробоя Donchian на последней закрытой свече,,rejected,,
0.0003300000000000025,no_fresh_breakout,89,LQTY-USDT-SWAP,0.2789,нет свежего пробоя Donchian на последней закрытой свече,,rejected,,
0.004586999999999999,no_fresh_breakout,89,MAGIC-USDT-SWAP,0.06213,нет свежего пробоя Donchian на последней закрытой свече,,rejected,,
5.9999999999998944e-05,no_fresh_breakout,89,MET-USDT-SWAP,0.1541,нет свежего пробоя Donchian на последней закрытой свече,,rejected,,
0.00016400000000000025,no_fresh_breakout,89,OP-USDT-SWAP,0.12105,нет свежего пробоя Donchian на последней закрытой свече,,rejected,,
2.214999999999999e-08,no_fresh_breakout,89,PEPE-USDT-SWAP,3.415e-06,нет свежего пробоя Donchian на последней закрытой свече,,rejected,,
0.0,atr_warmup:_цена_или_atr_недоступны_после_прогрева,89,SKY-USDT-SWAP,0.0,ATR warmup: цена или ATR недоступны после прогрева,,rejected,,
0.5825000000000002,no_fresh_breakout,89,SOL-USDT-SWAP,89.18,нет свежего пробоя Donchian на последней закрытой свече,,rejected,,
0.012615000000000006,no_fresh_breakout,89,SUSHI-USDT-SWAP,0.2035,нет свежего пробоя Donchian на последней закрытой свече,,rejected,,
0.007650000000000013,no_fresh_breakout,89,TON-USDT-SWAP,1.24,нет свежего пробоя Donchian на последней закрытой свече,,rejected,,
0.0003849999999999992,no_fresh_breakout,89,TRX-USDT-SWAP,0.3002,нет свежего пробоя Donchian на последней закрытой свече,,rejected,,
1.370999999999998,no_fresh_breakout,89,TSLA-USDT-SWAP,384.31,нет свежего пробоя Donchian на последней закрытой свече,,rejected,,
0.004676000000000008,no_fresh_breakout,89,USDC-USDT-SWAP,1.0,нет свежего пробоя Donchian на последней закрытой свече,,rejected,,
81.075,no_fresh_breakout,89,XAU-USDT-SWAP,4664.6,нет свежего пробоя Donchian на последней закрытой свече,,rejected,,
0.002123,no_fresh_breakout,89,XLM-USDT-SWAP,0.16608,нет свежего пробоя Donchian на последней закрытой свече,,rejected,,
0.010285000000000011,no_fresh_breakout,89,XRP-USDT-SWAP,1.4516,нет свежего пробоя Donchian на последней закрытой свече,,rejected,,
0.0002149999999999999,no_fresh_breakout,89,YB-USDT-SWAP,0.1223,нет свежего пробоя Donchian на последней закрытой свече,,rejected,,
15.020000000000028,no_fresh_breakout,89,YFI-USDT-SWAP,2732.0,нет свежего пробоя Donchian на последней закрытой свече,,rejected,,
0.00045500000000000125,no_fresh_breakout,89,YGG-USDT-SWAP,0.0402,нет свежего пробоя Donchian на последней закрытой свече,,rejected,,
5.5000000000000185e-05,no_fresh_breakout,90,1INCH-USDT-SWAP,0.0952,нет свежего пробоя Donchian на последней закрытой свече,,rejected,,
0.001415000000000001,no_fresh_breakout,90,2Z-USDT-SWAP,0.0788,нет свежего пробоя Donchian на последней закрытой свече,,rejected,,
7.999999999999934e-06,no_fresh_breakout,90,ACT-USDT-SWAP,0.01345,нет свежего пробоя Donchian на последней закрытой свече,,rejected,,
0.0013499999999999983,no_fresh_breakout,90,ADA-USDT-SWAP,0.2688,нет свежего пробоя Donchian на последней закрытой свече,,rejected,,
0.0009649999999999985,no_fresh_breakout,90,ARB-USDT-SWAP,0.0995,нет свежего пробоя Donchian на последней закрытой свече,,rejected,,
0.01312000000000002,no_fresh_breakout,90,ASTER-USDT-SWAP,0.6921,нет свежего пробоя Donchian на последней закрытой свече,,rejected,,
0.04424999999999999,no_fresh_breakout,90,AUCTION-USDT-SWAP,5.045,нет свежего пробоя Donchian на последней закрытой свече,,rejected,,
0.009395000000000042,no_fresh_breakout,90,AXS-USDT-SWAP,1.1934,нет свежего пробоя Donchian на последней закрытой свече,,rejected,,
0.00026500000000000276,no_fresh_breakout,90,BAND-USDT-SWAP,0.2267,нет свежего пробоя Donchian на последней закрытой свече,,rejected,,
0.9499999999999943,no_fresh_breakout,90,BCH-USDT-SWAP,455.2,нет свежего пробоя Donchian на последней закрытой свече,,rejected,,
1.950000000000004e-06,no_fresh_breakout,90,BOME-USDT-SWAP,0.000421,нет свежего пробоя Donchian на последней закрытой свече,,rejected,,
264.00499999999954,no_fresh_breakout,90,BTC-USDT-SWAP,70520.4,нет свежего пробоя Donchian на последней закрытой свече,,rejected,,
0.0005139999999999999,no_fresh_breakout,90,CFX-USDT-SWAP,0.0616,нет свежего пробоя Donchian на последней закрытой свече,,rejected,,
0.12649999999999953,no_fresh_breakout,90,COMP-USDT-SWAP,18.9,нет свежего пробоя Donchian на последней закрытой свече,,rejected,,
0.0024749999999999993,no_fresh_breakout,90,CRV-USDT-SWAP,0.2366,нет свежего пробоя Donchian на последней закрытой свече,,rejected,,
0.0006225000000000009,no_fresh_breakout,90,DOGE-USDT-SWAP,0.094,нет свежего пробоя Donchian на последней закрытой свече,,rejected,,
0.01930000000000002,no_fresh_breakout,90,DOT-USDT-SWAP,1.547,нет свежего пробоя Donchian на последней закрытой свече,,rejected,,
0.0,закрытие_не_удержалось_выше_канала,90,ETC-USDT-SWAP,0.0,закрытие не удержалось выше канала,long,rejected,Turtle 55,
0.0,закрытие_не_удержалось_выше_канала,90,ETC-USDT-SWAP,0.0,закрытие не удержалось выше канала,long,rejected,Turtle 20,
21.276,no_fresh_breakout,90,ETH-USDT-SWAP,2154.25,нет свежего пробоя Donchian на последней закрытой свече,,rejected,,
0.0009500000000000009,no_fresh_breakout,90,FIL-USDT-SWAP,0.89,нет свежего пробоя Donchian на последней закрытой свече,,rejected,,
0.016499999999999893,no_fresh_breakout,90,ICP-USDT-SWAP,2.51,нет свежего пробоя Donchian на последней закрытой свече,,rejected,,
0.0,закрытие_не_удержалось_выше_канала,90,KSM-USDT-SWAP,0.0,закрытие не удержалось выше канала,long,rejected,Turtle 55,
0.0,закрытие_не_удержалось_выше_канала,90,KSM-USDT-SWAP,0.0,закрытие не удержалось выше канала,long,rejected,Turtle 20,
0.05809999999999978,no_fresh_breakout,90,LINK-USDT-SWAP,9.088,нет свежего пробоя Donchian на последней закрытой свече,,rejected,,
0.0029000000000000137,no_fresh_breakout,90,LPT-USDT-SWAP,2.229,нет свежего пробоя Donchian на последней закрытой свече,,rejected,,
0.0003300000000000025,no_fresh_breakout,90,LQTY-USDT-SWAP,0.2789,нет свежего пробоя Donchian на последней закрытой свече,,rejected,,
0.004586999999999999,no_fresh_breakout,90,MAGIC-USDT-SWAP,0.06213,нет свежего пробоя Donchian на последней закрытой свече,,rejected,,
5.9999999999998944e-05,no_fresh_breakout,90,MET-USDT-SWAP,0.1541,нет свежего пробоя Donchian на последней закрытой свече,,rejected,,
0.00016400000000000025,no_fresh_breakout,90,OP-USDT-SWAP,0.12105,нет свежего пробоя Donchian на последней закрытой свече,,rejected,,
2.214999999999999e-08,no_fresh_breakout,90,PEPE-USDT-SWAP,3.415e-06,нет свежего пробоя Donchian на последней закрытой свече,,rejected,,
0.0,atr_warmup:_цена_или_atr_недоступны_после_прогрева,90,SKY-USDT-SWAP,0.0,ATR warmup: цена или ATR недоступны после прогрева,,rejected,,
0.5825000000000002,no_fresh_breakout,90,SOL-USDT-SWAP,89.18,нет свежего пробоя Donchian на последней закрытой свече,,rejected,,
0.012615000000000006,no_fresh_breakout,90,SUSHI-USDT-SWAP,0.2035,нет свежего пробоя Donchian на последней закрытой свече,,rejected,,
0.007650000000000013,no_fresh_breakout,90,TON-USDT-SWAP,1.24,нет свежего пробоя Donchian на последней закрытой свече,,rejected,,
0.0003849999999999992,no_fresh_breakout,90,TRX-USDT-SWAP,0.3002,нет свежего пробоя Donchian на последней закрытой свече,,rejected,,
1.370999999999998,no_fresh_breakout,90,TSLA-USDT-SWAP,384.31,нет свежего пробоя Donchian на последней закрытой свече,,rejected,,
0.004676000000000008,no_fresh_breakout,90,USDC-USDT-SWAP,1.0,нет свежего пробоя Donchian на последней закрытой свече,,rejected,,
81.075,no_fresh_breakout,90,XAU-USDT-SWAP,4664.6,нет свежего пробоя Donchian на последней закрытой свече,,rejected,,
0.002123,no_fresh_breakout,90,XLM-USDT-SWAP,0.16608,нет свежего пробоя Donchian на последней закрытой свече,,rejected,,
0.010285000000000011,no_fresh_breakout,90,XRP-USDT-SWAP,1.4516,нет свежего пробоя Donchian на последней закрытой свече,,rejected,,
0.0002149999999999999,no_fresh_breakout,90,YB-USDT-SWAP,0.1223,нет свежего пробоя Donchian на последней закрытой свече,,rejected,,
15.020000000000028,no_fresh_breakout,90,YFI-USDT-SWAP,2732.0,нет свежего пробоя Donchian на последней закрытой свече,,rejected,,
0.00045500000000000125,no_fresh_breakout,90,YGG-USDT-SWAP,0.0402,нет свежего пробоя Donchian на последней закрытой свече,,rejected,,
5.5000000000000185e-05,no_fresh_breakout,91,1INCH-USDT-SWAP,0.0952,нет свежего пробоя Donchian на последней закрытой свече,,rejected,,
0.001415000000000001,no_fresh_breakout,91,2Z-USDT-SWAP,0.0788,нет свежего пробоя Donchian на последней закрытой свече,,rejected,,
7.999999999999934e-06,no_fresh_breakout,91,ACT-USDT-SWAP,0.01345,нет свежего пробоя Donchian на последней закрытой свече,,rejected,,
0.0013499999999999983,no_fresh_breakout,91,ADA-USDT-SWAP,0.2688,нет свежего пробоя Donchian на последней закрытой свече,,rejected,,
0.0009649999999999985,no_fresh_breakout,91,ARB-USDT-SWAP,0.0995,нет свежего пробоя Donchian на последней закрытой свече,,rejected,,
0.01312000000000002,no_fresh_breakout,91,ASTER-USDT-SWAP,0.6921,нет свежего пробоя Donchian на последней закрытой свече,,rejected,,
0.04424999999999999,no_fresh_breakout,91,AUCTION-USDT-SWAP,5.045,нет свежего пробоя Donchian на последней закрытой свече,,rejected,,
0.009395000000000042,no_fresh_breakout,91,AXS-USDT-SWAP,1.1934,нет свежего пробоя Donchian на последней закрытой свече,,rejected,,
0.00026500000000000276,no_fresh_breakout,91,BAND-USDT-SWAP,0.2267,нет свежего пробоя Donchian на последней закрытой свече,,rejected,,
0.9499999999999943,no_fresh_breakout,91,BCH-USDT-SWAP,455.2,нет свежего пробоя Donchian на последней закрытой свече,,rejected,,
1.950000000000004e-06,no_fresh_breakout,91,BOME-USDT-SWAP,0.000421,нет свежего пробоя Donchian на последней закрытой свече,,rejected,,
264.00499999999954,no_fresh_breakout,91,BTC-USDT-SWAP,70520.4,нет свежего пробоя Donchian на последней закрытой свече,,rejected,,
0.0005139999999999999,no_fresh_breakout,91,CFX-USDT-SWAP,0.0616,нет свежего пробоя Donchian на последней закрытой свече,,rejected,,
0.12649999999999953,no_fresh_breakout,91,COMP-USDT-SWAP,18.9,нет свежего пробоя Donchian на последней закрытой свече,,rejected,,
0.0024749999999999993,no_fresh_breakout,91,CRV-USDT-SWAP,0.2366,нет свежего пробоя Donchian на последней закрытой свече,,rejected,,
0.0006225000000000009,no_fresh_breakout,91,DOGE-USDT-SWAP,0.094,нет свежего пробоя Donchian на последней закрытой свече,,rejected,,
0.01930000000000002,no_fresh_breakout,91,DOT-USDT-SWAP,1.547,нет свежего пробоя Donchian на последней закрытой свече,,rejected,,
0.0,закрытие_не_удержалось_выше_канала,91,ETC-USDT-SWAP,0.0,закрытие не удержалось выше канала,long,rejected,Turtle 55,
0.0,закрытие_не_удержалось_выше_канала,91,ETC-USDT-SWAP,0.0,закрытие не удержалось выше канала,long,rejected,Turtle 20,
21.276,no_fresh_breakout,91,ETH-USDT-SWAP,2154.25,нет свежего пробоя Donchian на последней закрытой свече,,rejected,,
0.0009500000000000009,no_fresh_breakout,91,FIL-USDT-SWAP,0.89,нет свежего пробоя Donchian на последней закрытой свече,,rejected,,
0.016499999999999893,no_fresh_breakout,91,ICP-USDT-SWAP,2.51,нет свежего пробоя Donchian на последней закрытой свече,,rejected,,
0.0,закрытие_не_удержалось_выше_канала,91,KSM-USDT-SWAP,0.0,закрытие не удержалось выше канала,long,rejected,Turtle 55,
0.0,закрытие_не_удержалось_выше_канала,91,KSM-USDT-SWAP,0.0,закрытие не удержалось выше канала,long,rejected,Turtle 20,
0.05809999999999978,no_fresh_breakout,91,LINK-USDT-SWAP,9.088,нет свежего пробоя Donchian на последней закрытой свече,,rejected,,
0.0029000000000000137,no_fresh_breakout,91,LPT-USDT-SWAP,2.229,нет свежего пробоя Donchian на последней закрытой свече,,rejected,,
0.0003300000000000025,no_fresh_breakout,91,LQTY-USDT-SWAP,0.2789,нет свежего пробоя Donchian на последней закрытой свече,,rejected,,
0.004586999999999999,no_fresh_breakout,91,MAGIC-USDT-SWAP,0.06213,нет свежего пробоя Donchian на последней закрытой свече,,rejected,,
5.9999999999998944e-05,no_fresh_breakout,91,MET-USDT-SWAP,0.1541,нет свежего пробоя Donchian на последней закрытой свече,,rejected,,
0.00016400000000000025,no_fresh_breakout,91,OP-USDT-SWAP,0.12105,нет свежего пробоя Donchian на последней закрытой свече,,rejected,,
2.214999999999999e-08,no_fresh_breakout,91,PEPE-USDT-SWAP,3.415e-06,нет свежего пробоя Donchian на последней закрытой свече,,rejected,,
0.0,atr_warmup:_цена_или_atr_недоступны_после_прогрева,91,SKY-USDT-SWAP,0.0,ATR warmup: цена или ATR недоступны после прогрева,,rejected,,
0.5825000000000002,no_fresh_breakout,91,SOL-USDT-SWAP,89.18,нет свежего пробоя Donchian на последней закрытой свече,,rejected,,
0.012615000000000006,no_fresh_breakout,91,SUSHI-USDT-SWAP,0.2035,нет свежего пробоя Donchian на последней закрытой свече,,rejected,,
0.007650000000000013,no_fresh_breakout,91,TON-USDT-SWAP,1.24,нет свежего пробоя Donchian на последней закрытой свече,,rejected,,
0.0003849999999999992,no_fresh_breakout,91,TRX-USDT-SWAP,0.3002,нет свежего пробоя Donchian на последней закрытой свече,,rejected,,
1.370999999999998,no_fresh_breakout,91,TSLA-USDT-SWAP,384.31,нет свежего пробоя Donchian на последней закрытой свече,,rejected,,
0.004676000000000008,no_fresh_breakout,91,USDC-USDT-SWAP,1.0,нет свежего пробоя Donchian на последней закрытой свече,,rejected,,
81.075,no_fresh_breakout,91,XAU-USDT-SWAP,4664.6,нет свежего пробоя Donchian на последней закрытой свече,,rejected,,
0.002123,no_fresh_breakout,91,XLM-USDT-SWAP,0.16608,нет свежего пробоя Donchian на последней закрытой свече,,rejected,,
0.010285000000000011,no_fresh_breakout,91,XRP-USDT-SWAP,1.4516,нет свежего пробоя Donchian на последней закрытой свече,,rejected,,
0.0002149999999999999,no_fresh_breakout,91,YB-USDT-SWAP,0.1223,нет свежего пробоя Donchian на последней закрытой свече,,rejected,,
15.020000000000028,no_fresh_breakout,91,YFI-USDT-SWAP,2732.0,нет свежего пробоя Donchian на последней закрытой свече,,rejected,,
0.00045500000000000125,no_fresh_breakout,91,YGG-USDT-SWAP,0.0402,нет свежего пробоя Donchian на последней закрытой свече,,rejected,,
5.5000000000000185e-05,no_fresh_breakout,92,1INCH-USDT-SWAP,0.0952,нет свежего пробоя Donchian на последней закрытой свече,,rejected,,
0.001415000000000001,no_fresh_breakout,92,2Z-USDT-SWAP,0.0788,нет свежего пробоя Donchian на последней закрытой свече,,rejected,,
7.999999999999934e-06,no_fresh_breakout,92,ACT-USDT-SWAP,0.01345,нет свежего пробоя Donchian на последней закрытой свече,,rejected,,
0.0013499999999999983,no_fresh_breakout,92,ADA-USDT-SWAP,0.2688,нет свежего пробоя Donchian на последней закрытой свече,,rejected,,
0.0009649999999999985,no_fresh_breakout,92,ARB-USDT-SWAP,0.0995,нет свежего пробоя Donchian на последней закрытой свече,,rejected,,
0.01312000000000002,no_fresh_breakout,92,ASTER-USDT-SWAP,0.6921,нет свежего пробоя Donchian на последней закрытой свече,,rejected,,
0.04424999999999999,no_fresh_breakout,92,AUCTION-USDT-SWAP,5.045,нет свежего пробоя Donchian на последней закрытой свече,,rejected,,
0.009395000000000042,no_fresh_breakout,92,AXS-USDT-SWAP,1.1934,нет свежего пробоя Donchian на последней закрытой свече,,rejected,,
0.00026500000000000276,no_fresh_breakout,92,BAND-USDT-SWAP,0.2267,нет свежего пробоя Donchian на последней закрытой свече,,rejected,,
0.9499999999999943,no_fresh_breakout,92,BCH-USDT-SWAP,455.2,нет свежего пробоя Donchian на последней закрытой свече,,rejected,,
1.950000000000004e-06,no_fresh_breakout,92,BOME-USDT-SWAP,0.000421,нет свежего пробоя Donchian на последней закрытой свече,,rejected,,
264.00499999999954,no_fresh_breakout,92,BTC-USDT-SWAP,70520.4,нет свежего пробоя Donchian на последней закрытой свече,,rejected,,
0.0005139999999999999,no_fresh_breakout,92,CFX-USDT-SWAP,0.0616,нет свежего пробоя Donchian на последней закрытой свече,,rejected,,
0.12649999999999953,no_fresh_breakout,92,COMP-USDT-SWAP,18.9,нет свежего пробоя Donchian на последней закрытой свече,,rejected,,
0.0024749999999999993,no_fresh_breakout,92,CRV-USDT-SWAP,0.2366,нет свежего пробоя Donchian на последней закрытой свече,,rejected,,
0.0006225000000000009,no_fresh_breakout,92,DOGE-USDT-SWAP,0.094,нет свежего пробоя Donchian на последней закрытой свече,,rejected,,
0.01930000000000002,no_fresh_breakout,92,DOT-USDT-SWAP,1.547,нет свежего пробоя Donchian на последней закрытой свече,,rejected,,
0.025999999999999978,no_fresh_breakout,92,ETC-USDT-SWAP,8.3,нет свежего пробоя Donchian на последней закрытой свече,,rejected,,
21.10049999999999,no_fresh_breakout,92,ETH-USDT-SWAP,2153.0,нет свежего пробоя Donchian на последней закрытой свече,,rejected,,
0.0009500000000000009,no_fresh_breakout,92,FIL-USDT-SWAP,0.89,нет свежего пробоя Donchian на последней закрытой свече,,rejected,,
0.016499999999999893,no_fresh_breakout,92,ICP-USDT-SWAP,2.51,нет свежего пробоя Donchian на последней закрытой свече,,rejected,,
0.030549999999999987,no_fresh_breakout,92,KSM-USDT-SWAP,4.533,нет свежего пробоя Donchian на последней закрытой свече,,rejected,,
0.0,закрытие_не_удержалось_выше_канала,92,LINK-USDT-SWAP,0.0,закрытие не удержалось выше канала,long,rejected,Turtle 20,
0.0029000000000000137,no_fresh_breakout,92,LPT-USDT-SWAP,2.229,нет свежего пробоя Donchian на последней закрытой свече,,rejected,,
0.0003150000000000042,no_fresh_breakout,92,LQTY-USDT-SWAP,0.2789,нет свежего пробоя Donchian на последней закрытой свече,,rejected,,
0.0,закрытие_не_удержалось_ниже_канала,92,MAGIC-USDT-SWAP,0.0,закрытие не удержалось ниже канала,short,rejected,Turtle 20,
5.9999999999998944e-05,no_fresh_breakout,92,MET-USDT-SWAP,0.1541,нет свежего пробоя Donchian на последней закрытой свече,,rejected,,
0.00016400000000000025,no_fresh_breakout,92,OP-USDT-SWAP,0.12105,нет свежего пробоя Donchian на последней закрытой свече,,rejected,,
2.155000000000001e-08,no_fresh_breakout,92,PEPE-USDT-SWAP,3.413e-06,нет свежего пробоя Donchian на последней закрытой свече,,rejected,,
0.0,atr_warmup:_цена_или_atr_недоступны_после_прогрева,92,SKY-USDT-SWAP,0.0,ATR warmup: цена или ATR недоступны после прогрева,,rejected,,
0.0,закрытие_не_удержалось_выше_канала,92,SOL-USDT-SWAP,0.0,закрытие не удержалось выше канала,long,rejected,Turtle 55,
0.0,закрытие_не_удержалось_выше_канала,92,SOL-USDT-SWAP,0.0,закрытие не удержалось выше канала,long,rejected,Turtle 20,
0.0,закрытие_не_удержалось_ниже_канала,92,SUSHI-USDT-SWAP,0.0,закрытие не удержалось ниже канала,short,rejected,Turtle 55,
0.0,закрытие_не_удержалось_ниже_канала,92,SUSHI-USDT-SWAP,0.0,закрытие не удержалось ниже канала,short,rejected,Turtle 20,
0.007650000000000013,no_fresh_breakout,92,TON-USDT-SWAP,1.241,нет свежего пробоя Donchian на последней закрытой свече,,rejected,,
0.0003799999999999998,no_fresh_breakout,92,TRX-USDT-SWAP,0.3002,нет свежего пробоя Donchian на последней закрытой свече,,rejected,,
1.386499999999998,no_fresh_breakout,92,TSLA-USDT-SWAP,383.69,нет свежего пробоя Donchian на последней закрытой свече,,rejected,,
0.004676000000000008,no_fresh_breakout,92,USDC-USDT-SWAP,0.99995,нет свежего пробоя Donchian на последней закрытой свече,,rejected,,
76.35,no_fresh_breakout,92,XAU-USDT-SWAP,4707.1,нет свежего пробоя Donchian на последней закрытой свече,,rejected,,
0.0018479999999999996,no_fresh_breakout,92,XLM-USDT-SWAP,0.16618,нет свежего пробоя Donchian на последней закрытой свече,,rejected,,
0.010280000000000011,no_fresh_breakout,92,XRP-USDT-SWAP,1.4507,нет свежего пробоя Donchian на последней закрытой свече,,rejected,,
0.0002499999999999995,no_fresh_breakout,92,YB-USDT-SWAP,0.123,нет свежего пробоя Donchian на последней закрытой свече,,rejected,,
15.130000000000042,no_fresh_breakout,92,YFI-USDT-SWAP,2730.2,нет свежего пробоя Donchian на последней закрытой свече,,rejected,,
0.00043500000000000136,no_fresh_breakout,92,YGG-USDT-SWAP,0.0399,нет свежего пробоя Donchian на последней закрытой свече,,rejected,,
0.0,закрытие_не_удержалось_выше_канала,93,1INCH-USDT-SWAP,0.0,закрытие не удержалось выше канала,long,rejected,Turtle 20,
0.001415000000000001,no_fresh_breakout,93,2Z-USDT-SWAP,0.0789,нет свежего пробоя Donchian на последней закрытой свече,,rejected,,
0.0013399999999999968,no_fresh_breakout,93,ADA-USDT-SWAP,0.2686,нет свежего пробоя Donchian на последней закрытой свече,,rejected,,
0.0009549999999999982,no_fresh_breakout,93,ARB-USDT-SWAP,0.0995,нет свежего пробоя Donchian на последней закрытой свече,,rejected,,
0.013015000000000021,no_fresh_breakout,93,ASTER-USDT-SWAP,0.6929,нет свежего пробоя Donchian на последней закрытой свече,,rejected,,
0.04599999999999995,no_fresh_breakout,93,AUCTION-USDT-SWAP,5.036,нет свежего пробоя Donchian на последней закрытой свече,,rejected,,
0.009255000000000046,no_fresh_breakout,93,AXS-USDT-SWAP,1.1934,нет свежего пробоя Donchian на последней закрытой свече,,rejected,,
0.00024000000000000272,no_fresh_breakout,93,BAND-USDT-SWAP,0.2267,нет свежего пробоя Donchian на последней закрытой свече,,rejected,,
0.8899999999999949,no_fresh_breakout,93,BCH-USDT-SWAP,454.8,нет свежего пробоя Donchian на последней закрытой свече,,rejected,,
1.800000000000003e-06,no_fresh_breakout,93,BOME-USDT-SWAP,0.00042,нет свежего пробоя Donchian на последней закрытой свече,,rejected,,
263.0149999999994,no_fresh_breakout,93,BTC-USDT-SWAP,70494.7,нет свежего пробоя Donchian на последней закрытой свече,,rejected,,
0.0005254999999999999,no_fresh_breakout,93,CFX-USDT-SWAP,0.06181,нет свежего пробоя Donchian на последней закрытой свече,,rejected,,
0.12399999999999949,no_fresh_breakout,93,COMP-USDT-SWAP,18.91,нет свежего пробоя Donchian на последней закрытой свече,,rejected,,
0.0024799999999999987,no_fresh_breakout,93,CRV-USDT-SWAP,0.2358,нет свежего пробоя Donchian на последней закрытой свече,,rejected,,
0.000482500000000001,no_fresh_breakout,93,DOGE-USDT-SWAP,0.09385,нет свежего пробоя Donchian на последней закрытой свече,,rejected,,
0.025999999999999978,no_fresh_breakout,93,ETC-USDT-SWAP,8.3,нет свежего пробоя Donchian на последней закрытой свече,,rejected,,
21.10049999999999,no_fresh_breakout,93,ETH-USDT-SWAP,2153.0,нет свежего пробоя Donchian на последней закрытой свече,,rejected,,
0.0009500000000000009,no_fresh_breakout,93,FIL-USDT-SWAP,0.89,нет свежего пробоя Donchian на последней закрытой свече,,rejected,,
0.016699999999999892,no_fresh_breakout,93,ICP-USDT-SWAP,2.508,нет свежего пробоя Donchian на последней закрытой свече,,rejected,,
0.030549999999999987,no_fresh_breakout,93,KSM-USDT-SWAP,4.533,нет свежего пробоя Donchian на последней закрытой свече,,rejected,,
0.0,закрытие_не_удержалось_выше_канала,93,LINK-USDT-SWAP,0.0,закрытие не удержалось выше канала,long,rejected,Turtle 20,
0.0029000000000000137,no_fresh_breakout,93,LPT-USDT-SWAP,2.229,нет свежего пробоя Donchian на последней закрытой свече,,rejected,,
0.0003150000000000042,no_fresh_breakout,93,LQTY-USDT-SWAP,0.2789,нет свежего пробоя Donchian на последней закрытой свече,,rejected,,
0.0,закрытие_не_удержалось_ниже_канала,93,MAGIC-USDT-SWAP,0.0,закрытие не удержалось ниже канала,short,rejected,Turtle 20,
5.9999999999998944e-05,no_fresh_breakout,93,MET-USDT-SWAP,0.1541,нет свежего пробоя Donchian на последней закрытой свече,,rejected,,
0.0001704999999999998,no_fresh_breakout,93,OP-USDT-SWAP,0.12118,нет свежего пробоя Donchian на последней закрытой свече,,rejected,,
2.155000000000001e-08,no_fresh_breakout,93,PEPE-USDT-SWAP,3.413e-06,нет свежего пробоя Donchian на последней закрытой свече,,rejected,,
0.0,atr_warmup:_цена_или_atr_недоступны_после_прогрева,93,SKY-USDT-SWAP,0.0,ATR warmup: цена или ATR недоступны после прогрева,,rejected,,
0.0,закрытие_не_удержалось_выше_канала,93,SOL-USDT-SWAP,0.0,закрытие не удержалось выше канала,long,rejected,Turtle 55,
0.0,закрытие_не_удержалось_выше_канала,93,SOL-USDT-SWAP,0.0,закрытие не удержалось выше канала,long,rejected,Turtle 20,
0.0,закрытие_не_удержалось_ниже_канала,93,SUSHI-USDT-SWAP,0.0,закрытие не удержалось ниже канала,short,rejected,Turtle 55,
0.0,закрытие_не_удержалось_ниже_канала,93,SUSHI-USDT-SWAP,0.0,закрытие не удержалось ниже канала,short,rejected,Turtle 20,
0.007650000000000013,no_fresh_breakout,93,TON-USDT-SWAP,1.241,нет свежего пробоя Donchian на последней закрытой свече,,rejected,,
0.0003799999999999998,no_fresh_breakout,93,TRX-USDT-SWAP,0.3002,нет свежего пробоя Donchian на последней закрытой свече,,rejected,,
1.386499999999998,no_fresh_breakout,93,TSLA-USDT-SWAP,383.69,нет свежего пробоя Donchian на последней закрытой свече,,rejected,,
0.004676000000000008,no_fresh_breakout,93,USDC-USDT-SWAP,0.99995,нет свежего пробоя Donchian на последней закрытой свече,,rejected,,
76.35,no_fresh_breakout,93,XAU-USDT-SWAP,4707.1,нет свежего пробоя Donchian на последней закрытой свече,,rejected,,
0.0018479999999999996,no_fresh_breakout,93,XLM-USDT-SWAP,0.16618,нет свежего пробоя Donchian на последней закрытой свече,,rejected,,
0.010280000000000011,no_fresh_breakout,93,XRP-USDT-SWAP,1.4507,нет свежего пробоя Donchian на последней закрытой свече,,rejected,,
0.0002499999999999995,no_fresh_breakout,93,YB-USDT-SWAP,0.123,нет свежего пробоя Donchian на последней закрытой свече,,rejected,,
15.130000000000042,no_fresh_breakout,93,YFI-USDT-SWAP,2730.2,нет свежего пробоя Donchian на последней закрытой свече,,rejected,,
0.00043500000000000136,no_fresh_breakout,93,YGG-USDT-SWAP,0.0399,нет свежего пробоя Donchian на последней закрытой свече,,rejected,,
0.0,закрытие_не_удержалось_выше_канала,94,1INCH-USDT-SWAP,0.0,закрытие не удержалось выше канала,long,rejected,Turtle 20,
0.001415000000000001,no_fresh_breakout,94,2Z-USDT-SWAP,0.0789,нет свежего пробоя Donchian на последней закрытой свече,,rejected,,
0.0013399999999999968,no_fresh_breakout,94,ADA-USDT-SWAP,0.2686,нет свежего пробоя Donchian на последней закрытой свече,,rejected,,
0.0009549999999999982,no_fresh_breakout,94,ARB-USDT-SWAP,0.0995,нет свежего пробоя Donchian на последней закрытой свече,,rejected,,
0.013015000000000021,no_fresh_breakout,94,ASTER-USDT-SWAP,0.6929,нет свежего пробоя Donchian на последней закрытой свече,,rejected,,
0.04599999999999995,no_fresh_breakout,94,AUCTION-USDT-SWAP,5.036,нет свежего пробоя Donchian на последней закрытой свече,,rejected,,
0.009255000000000046,no_fresh_breakout,94,AXS-USDT-SWAP,1.1934,нет свежего пробоя Donchian на последней закрытой свече,,rejected,,
0.00024000000000000272,no_fresh_breakout,94,BAND-USDT-SWAP,0.2267,нет свежего пробоя Donchian на последней закрытой свече,,rejected,,
0.8899999999999949,no_fresh_breakout,94,BCH-USDT-SWAP,454.8,нет свежего пробоя Donchian на последней закрытой свече,,rejected,,
1.800000000000003e-06,no_fresh_breakout,94,BOME-USDT-SWAP,0.00042,нет свежего пробоя Donchian на последней закрытой свече,,rejected,,
263.0149999999994,no_fresh_breakout,94,BTC-USDT-SWAP,70494.7,нет свежего пробоя Donchian на последней закрытой свече,,rejected,,
0.0005254999999999999,no_fresh_breakout,94,CFX-USDT-SWAP,0.06181,нет свежего пробоя Donchian на последней закрытой свече,,rejected,,
0.12399999999999949,no_fresh_breakout,94,COMP-USDT-SWAP,18.91,нет свежего пробоя Donchian на последней закрытой свече,,rejected,,
0.0024799999999999987,no_fresh_breakout,94,CRV-USDT-SWAP,0.2358,нет свежего пробоя Donchian на последней закрытой свече,,rejected,,
0.000482500000000001,no_fresh_breakout,94,DOGE-USDT-SWAP,0.09385,нет свежего пробоя Donchian на последней закрытой свече,,rejected,,
0.025999999999999978,no_fresh_breakout,94,ETC-USDT-SWAP,8.3,нет свежего пробоя Donchian на последней закрытой свече,,rejected,,
21.10049999999999,no_fresh_breakout,94,ETH-USDT-SWAP,2153.0,нет свежего пробоя Donchian на последней закрытой свече,,rejected,,
0.0009500000000000009,no_fresh_breakout,94,FIL-USDT-SWAP,0.89,нет свежего пробоя Donchian на последней закрытой свече,,rejected,,
0.016699999999999892,no_fresh_breakout,94,ICP-USDT-SWAP,2.508,нет свежего пробоя Donchian на последней закрытой свече,,rejected,,
0.030549999999999987,no_fresh_breakout,94,KSM-USDT-SWAP,4.533,нет свежего пробоя Donchian на последней закрытой свече,,rejected,,
0.0,закрытие_не_удержалось_выше_канала,94,LINK-USDT-SWAP,0.0,закрытие не удержалось выше канала,long,rejected,Turtle 20,
0.0029000000000000137,no_fresh_breakout,94,LPT-USDT-SWAP,2.229,нет свежего пробоя Donchian на последней закрытой свече,,rejected,,
0.0003150000000000042,no_fresh_breakout,94,LQTY-USDT-SWAP,0.2789,нет свежего пробоя Donchian на последней закрытой свече,,rejected,,
0.0,закрытие_не_удержалось_ниже_канала,94,MAGIC-USDT-SWAP,0.0,закрытие не удержалось ниже канала,short,rejected,Turtle 20,
5.9999999999998944e-05,no_fresh_breakout,94,MET-USDT-SWAP,0.1541,нет свежего пробоя Donchian на последней закрытой свече,,rejected,,
0.0001704999999999998,no_fresh_breakout,94,OP-USDT-SWAP,0.12118,нет свежего пробоя Donchian на последней закрытой свече,,rejected,,
2.155000000000001e-08,no_fresh_breakout,94,PEPE-USDT-SWAP,3.413e-06,нет свежего пробоя Donchian на последней закрытой свече,,rejected,,
0.0,atr_warmup:_цена_или_atr_недоступны_после_прогрева,94,SKY-USDT-SWAP,0.0,ATR warmup: цена или ATR недоступны после прогрева,,rejected,,
0.0,закрытие_не_удержалось_выше_канала,94,SOL-USDT-SWAP,0.0,закрытие не удержалось выше канала,long,rejected,Turtle 55,
0.0,закрытие_не_удержалось_выше_канала,94,SOL-USDT-SWAP,0.0,закрытие не удержалось выше канала,long,rejected,Turtle 20,
0.0,закрытие_не_удержалось_ниже_канала,94,SUSHI-USDT-SWAP,0.0,закрытие не удержалось ниже канала,short,rejected,Turtle 55,
0.0,закрытие_не_удержалось_ниже_канала,94,SUSHI-USDT-SWAP,0.0,закрытие не удержалось ниже канала,short,rejected,Turtle 20,
0.007650000000000013,no_fresh_breakout,94,TON-USDT-SWAP,1.241,нет свежего пробоя Donchian на последней закрытой свече,,rejected,,
0.0003799999999999998,no_fresh_breakout,94,TRX-USDT-SWAP,0.3002,нет свежего пробоя Donchian на последней закрытой свече,,rejected,,
1.386499999999998,no_fresh_breakout,94,TSLA-USDT-SWAP,383.69,нет свежего пробоя Donchian на последней закрытой свече,,rejected,,
0.004676000000000008,no_fresh_breakout,94,USDC-USDT-SWAP,0.99995,нет свежего пробоя Donchian на последней закрытой свече,,rejected,,
76.35,no_fresh_breakout,94,XAU-USDT-SWAP,4707.1,нет свежего пробоя Donchian на последней закрытой свече,,rejected,,
0.0018479999999999996,no_fresh_breakout,94,XLM-USDT-SWAP,0.16618,нет свежего пробоя Donchian на последней закрытой свече,,rejected,,
0.010280000000000011,no_fresh_breakout,94,XRP-USDT-SWAP,1.4507,нет свежего пробоя Donchian на последней закрытой свече,,rejected,,
0.0002499999999999995,no_fresh_breakout,94,YB-USDT-SWAP,0.123,нет свежего пробоя Donchian на последней закрытой свече,,rejected,,
15.130000000000042,no_fresh_breakout,94,YFI-USDT-SWAP,2730.2,нет свежего пробоя Donchian на последней закрытой свече,,rejected,,
0.00043500000000000136,no_fresh_breakout,94,YGG-USDT-SWAP,0.0399,нет свежего пробоя Donchian на последней закрытой свече,,rejected,,
0.0,закрытие_не_удержалось_выше_канала,95,1INCH-USDT-SWAP,0.0,закрытие не удержалось выше канала,long,rejected,Turtle 20,
0.001415000000000001,no_fresh_breakout,95,2Z-USDT-SWAP,0.0789,нет свежего пробоя Donchian на последней закрытой свече,,rejected,,
0.0013399999999999968,no_fresh_breakout,95,ADA-USDT-SWAP,0.2686,нет свежего пробоя Donchian на последней закрытой свече,,rejected,,
0.0009549999999999982,no_fresh_breakout,95,ARB-USDT-SWAP,0.0995,нет свежего пробоя Donchian на последней закрытой свече,,rejected,,
0.013015000000000021,no_fresh_breakout,95,ASTER-USDT-SWAP,0.6929,нет свежего пробоя Donchian на последней закрытой свече,,rejected,,
0.04599999999999995,no_fresh_breakout,95,AUCTION-USDT-SWAP,5.036,нет свежего пробоя Donchian на последней закрытой свече,,rejected,,
0.009255000000000046,no_fresh_breakout,95,AXS-USDT-SWAP,1.1934,нет свежего пробоя Donchian на последней закрытой свече,,rejected,,
0.00024000000000000272,no_fresh_breakout,95,BAND-USDT-SWAP,0.2267,нет свежего пробоя Donchian на последней закрытой свече,,rejected,,
0.8899999999999949,no_fresh_breakout,95,BCH-USDT-SWAP,454.8,нет свежего пробоя Donchian на последней закрытой свече,,rejected,,
1.800000000000003e-06,no_fresh_breakout,95,BOME-USDT-SWAP,0.00042,нет свежего пробоя Donchian на последней закрытой свече,,rejected,,
263.0149999999994,no_fresh_breakout,95,BTC-USDT-SWAP,70494.7,нет свежего пробоя Donchian на последней закрытой свече,,rejected,,
0.0005254999999999999,no_fresh_breakout,95,CFX-USDT-SWAP,0.06181,нет свежего пробоя Donchian на последней закрытой свече,,rejected,,
0.12399999999999949,no_fresh_breakout,95,COMP-USDT-SWAP,18.91,нет свежего пробоя Donchian на последней закрытой свече,,rejected,,
0.0024799999999999987,no_fresh_breakout,95,CRV-USDT-SWAP,0.2358,нет свежего пробоя Donchian на последней закрытой свече,,rejected,,
0.000482500000000001,no_fresh_breakout,95,DOGE-USDT-SWAP,0.09385,нет свежего пробоя Donchian на последней закрытой свече,,rejected,,
0.025999999999999978,no_fresh_breakout,95,ETC-USDT-SWAP,8.3,нет свежего пробоя Donchian на последней закрытой свече,,rejected,,
21.10049999999999,no_fresh_breakout,95,ETH-USDT-SWAP,2153.0,нет свежего пробоя Donchian на последней закрытой свече,,rejected,,
0.0009500000000000009,no_fresh_breakout,95,FIL-USDT-SWAP,0.89,нет свежего пробоя Donchian на последней закрытой свече,,rejected,,
0.016699999999999892,no_fresh_breakout,95,ICP-USDT-SWAP,2.508,нет свежего пробоя Donchian на последней закрытой свече,,rejected,,
0.030549999999999987,no_fresh_breakout,95,KSM-USDT-SWAP,4.533,нет свежего пробоя Donchian на последней закрытой свече,,rejected,,
0.0,закрытие_не_удержалось_выше_канала,95,LINK-USDT-SWAP,0.0,закрытие не удержалось выше канала,long,rejected,Turtle 20,
0.0029000000000000137,no_fresh_breakout,95,LPT-USDT-SWAP,2.229,нет свежего пробоя Donchian на последней закрытой свече,,rejected,,
0.0003150000000000042,no_fresh_breakout,95,LQTY-USDT-SWAP,0.2789,нет свежего пробоя Donchian на последней закрытой свече,,rejected,,
0.0,закрытие_не_удержалось_ниже_канала,95,MAGIC-USDT-SWAP,0.0,закрытие не удержалось ниже канала,short,rejected,Turtle 20,
5.9999999999998944e-05,no_fresh_breakout,95,MET-USDT-SWAP,0.1541,нет свежего пробоя Donchian на последней закрытой свече,,rejected,,
0.0001704999999999998,no_fresh_breakout,95,OP-USDT-SWAP,0.12118,нет свежего пробоя Donchian на последней закрытой свече,,rejected,,
2.155000000000001e-08,no_fresh_breakout,95,PEPE-USDT-SWAP,3.413e-06,нет свежего пробоя Donchian на последней закрытой свече,,rejected,,
0.0,atr_warmup:_цена_или_atr_недоступны_после_прогрева,95,SKY-USDT-SWAP,0.0,ATR warmup: цена или ATR недоступны после прогрева,,rejected,,
0.0,закрытие_не_удержалось_выше_канала,95,SOL-USDT-SWAP,0.0,закрытие не удержалось выше канала,long,rejected,Turtle 55,
0.0,закрытие_не_удержалось_выше_канала,95,SOL-USDT-SWAP,0.0,закрытие не удержалось выше канала,long,rejected,Turtle 20,
0.0,закрытие_не_удержалось_ниже_канала,95,SUSHI-USDT-SWAP,0.0,закрытие не удержалось ниже канала,short,rejected,Turtle 55,
0.0,закрытие_не_удержалось_ниже_канала,95,SUSHI-USDT-SWAP,0.0,закрытие не удержалось ниже канала,short,rejected,Turtle 20,
0.007650000000000013,no_fresh_breakout,95,TON-USDT-SWAP,1.241,нет свежего пробоя Donchian на последней закрытой свече,,rejected,,
0.0003799999999999998,no_fresh_breakout,95,TRX-USDT-SWAP,0.3002,нет свежего пробоя Donchian на последней закрытой свече,,rejected,,
1.386499999999998,no_fresh_breakout,95,TSLA-USDT-SWAP,383.69,нет свежего пробоя Donchian на последней закрытой свече,,rejected,,
0.004676000000000008,no_fresh_breakout,95,USDC-USDT-SWAP,0.99995,нет свежего пробоя Donchian на последней закрытой свече,,rejected,,
76.35,no_fresh_breakout,95,XAU-USDT-SWAP,4707.1,нет свежего пробоя Donchian на последней закрытой свече,,rejected,,
0.0018479999999999996,no_fresh_breakout,95,XLM-USDT-SWAP,0.16618,нет свежего пробоя Donchian на последней закрытой свече,,rejected,,
0.010280000000000011,no_fresh_breakout,95,XRP-USDT-SWAP,1.4507,нет свежего пробоя Donchian на последней закрытой свече,,rejected,,
0.0002499999999999995,no_fresh_breakout,95,YB-USDT-SWAP,0.123,нет свежего пробоя Donchian на последней закрытой свече,,rejected,,
15.130000000000042,no_fresh_breakout,95,YFI-USDT-SWAP,2730.2,нет свежего пробоя Donchian на последней закрытой свече,,rejected,,
0.00043500000000000136,no_fresh_breakout,95,YGG-USDT-SWAP,0.0399,нет свежего пробоя Donchian на последней закрытой свече,,rejected,,
0.0,закрытие_не_удержалось_выше_канала,96,1INCH-USDT-SWAP,0.0,закрытие не удержалось выше канала,long,rejected,Turtle 20,
0.001415000000000001,no_fresh_breakout,96,2Z-USDT-SWAP,0.0789,нет свежего пробоя Donchian на последней закрытой свече,,rejected,,
0.0013399999999999968,no_fresh_breakout,96,ADA-USDT-SWAP,0.2686,нет свежего пробоя Donchian на последней закрытой свече,,rejected,,
0.0009549999999999982,no_fresh_breakout,96,ARB-USDT-SWAP,0.0995,нет свежего пробоя Donchian на последней закрытой свече,,rejected,,
0.013015000000000021,no_fresh_breakout,96,ASTER-USDT-SWAP,0.6929,нет свежего пробоя Donchian на последней закрытой свече,,rejected,,
0.04599999999999995,no_fresh_breakout,96,AUCTION-USDT-SWAP,5.036,нет свежего пробоя Donchian на последней закрытой свече,,rejected,,
0.009255000000000046,no_fresh_breakout,96,AXS-USDT-SWAP,1.1934,нет свежего пробоя Donchian на последней закрытой свече,,rejected,,
0.00024000000000000272,no_fresh_breakout,96,BAND-USDT-SWAP,0.2267,нет свежего пробоя Donchian на последней закрытой свече,,rejected,,
0.8899999999999949,no_fresh_breakout,96,BCH-USDT-SWAP,454.8,нет свежего пробоя Donchian на последней закрытой свече,,rejected,,
1.800000000000003e-06,no_fresh_breakout,96,BOME-USDT-SWAP,0.00042,нет свежего пробоя Donchian на последней закрытой свече,,rejected,,
263.0149999999994,no_fresh_breakout,96,BTC-USDT-SWAP,70494.7,нет свежего пробоя Donchian на последней закрытой свече,,rejected,,
0.0005254999999999999,no_fresh_breakout,96,CFX-USDT-SWAP,0.06181,нет свежего пробоя Donchian на последней закрытой свече,,rejected,,
0.12399999999999949,no_fresh_breakout,96,COMP-USDT-SWAP,18.91,нет свежего пробоя Donchian на последней закрытой свече,,rejected,,
0.0024799999999999987,no_fresh_breakout,96,CRV-USDT-SWAP,0.2358,нет свежего пробоя Donchian на последней закрытой свече,,rejected,,
0.000482500000000001,no_fresh_breakout,96,DOGE-USDT-SWAP,0.09385,нет свежего пробоя Donchian на последней закрытой свече,,rejected,,
0.025999999999999978,no_fresh_breakout,96,ETC-USDT-SWAP,8.3,нет свежего пробоя Donchian на последней закрытой свече,,rejected,,
21.10049999999999,no_fresh_breakout,96,ETH-USDT-SWAP,2153.0,нет свежего пробоя Donchian на последней закрытой свече,,rejected,,
0.0009500000000000009,no_fresh_breakout,96,FIL-USDT-SWAP,0.89,нет свежего пробоя Donchian на последней закрытой свече,,rejected,,
0.016699999999999892,no_fresh_breakout,96,ICP-USDT-SWAP,2.508,нет свежего пробоя Donchian на последней закрытой свече,,rejected,,
0.030549999999999987,no_fresh_breakout,96,KSM-USDT-SWAP,4.533,нет свежего пробоя Donchian на последней закрытой свече,,rejected,,
0.0,закрытие_не_удержалось_выше_канала,96,LINK-USDT-SWAP,0.0,закрытие не удержалось выше канала,long,rejected,Turtle 20,
0.0029000000000000137,no_fresh_breakout,96,LPT-USDT-SWAP,2.229,нет свежего пробоя Donchian на последней закрытой свече,,rejected,,
0.0003150000000000042,no_fresh_breakout,96,LQTY-USDT-SWAP,0.2789,нет свежего пробоя Donchian на последней закрытой свече,,rejected,,
0.0,закрытие_не_удержалось_ниже_канала,96,MAGIC-USDT-SWAP,0.0,закрытие не удержалось ниже канала,short,rejected,Turtle 20,
5.9999999999998944e-05,no_fresh_breakout,96,MET-USDT-SWAP,0.1541,нет свежего пробоя Donchian на последней закрытой свече,,rejected,,
0.0001704999999999998,no_fresh_breakout,96,OP-USDT-SWAP,0.12118,нет свежего пробоя Donchian на последней закрытой свече,,rejected,,
2.155000000000001e-08,no_fresh_breakout,96,PEPE-USDT-SWAP,3.413e-06,нет свежего пробоя Donchian на последней закрытой свече,,rejected,,
0.0,atr_warmup:_цена_или_atr_недоступны_после_прогрева,96,SKY-USDT-SWAP,0.0,ATR warmup: цена или ATR недоступны после прогрева,,rejected,,
0.0,закрытие_не_удержалось_выше_канала,96,SOL-USDT-SWAP,0.0,закрытие не удержалось выше канала,long,rejected,Turtle 55,
0.0,закрытие_не_удержалось_выше_канала,96,SOL-USDT-SWAP,0.0,закрытие не удержалось выше канала,long,rejected,Turtle 20,
0.0,закрытие_не_удержалось_ниже_канала,96,SUSHI-USDT-SWAP,0.0,закрытие не удержалось ниже канала,short,rejected,Turtle 55,
0.0,закрытие_не_удержалось_ниже_канала,96,SUSHI-USDT-SWAP,0.0,закрытие не удержалось ниже канала,short,rejected,Turtle 20,
0.007650000000000013,no_fresh_breakout,96,TON-USDT-SWAP,1.241,нет свежего пробоя Donchian на последней закрытой свече,,rejected,,
0.0003799999999999998,no_fresh_breakout,96,TRX-USDT-SWAP,0.3002,нет свежего пробоя Donchian на последней закрытой свече,,rejected,,
1.386499999999998,no_fresh_breakout,96,TSLA-USDT-SWAP,383.69,нет свежего пробоя Donchian на последней закрытой свече,,rejected,,
0.004676000000000008,no_fresh_breakout,96,USDC-USDT-SWAP,0.99995,нет свежего пробоя Donchian на последней закрытой свече,,rejected,,
76.35,no_fresh_breakout,96,XAU-USDT-SWAP,4707.1,нет свежего пробоя Donchian на последней закрытой свече,,rejected,,
0.0018479999999999996,no_fresh_breakout,96,XLM-USDT-SWAP,0.16618,нет свежего пробоя Donchian на последней закрытой свече,,rejected,,
0.010280000000000011,no_fresh_breakout,96,XRP-USDT-SWAP,1.4507,нет свежего пробоя Donchian на последней закрытой свече,,rejected,,
0.0002499999999999995,no_fresh_breakout,96,YB-USDT-SWAP,0.123,нет свежего пробоя Donchian на последней закрытой свече,,rejected,,
15.130000000000042,no_fresh_breakout,96,YFI-USDT-SWAP,2730.2,нет свежего пробоя Donchian на последней закрытой свече,,rejected,,
0.00043500000000000136,no_fresh_breakout,96,YGG-USDT-SWAP,0.0399,нет свежего пробоя Donchian на последней закрытой свече,,rejected,,
0.0,закрытие_не_удержалось_выше_канала,97,1INCH-USDT-SWAP,0.0,закрытие не удержалось выше канала,long,rejected,Turtle 20,
0.001415000000000001,no_fresh_breakout,97,2Z-USDT-SWAP,0.0789,нет свежего пробоя Donchian на последней закрытой свече,,rejected,,
0.0013399999999999968,no_fresh_breakout,97,ADA-USDT-SWAP,0.2686,нет свежего пробоя Donchian на последней закрытой свече,,rejected,,
0.0009549999999999982,no_fresh_breakout,97,ARB-USDT-SWAP,0.0995,нет свежего пробоя Donchian на последней закрытой свече,,rejected,,
0.013015000000000021,no_fresh_breakout,97,ASTER-USDT-SWAP,0.6929,нет свежего пробоя Donchian на последней закрытой свече,,rejected,,
0.04599999999999995,no_fresh_breakout,97,AUCTION-USDT-SWAP,5.036,нет свежего пробоя Donchian на последней закрытой свече,,rejected,,
0.009255000000000046,no_fresh_breakout,97,AXS-USDT-SWAP,1.1934,нет свежего пробоя Donchian на последней закрытой свече,,rejected,,
0.00024000000000000272,no_fresh_breakout,97,BAND-USDT-SWAP,0.2267,нет свежего пробоя Donchian на последней закрытой свече,,rejected,,
0.8899999999999949,no_fresh_breakout,97,BCH-USDT-SWAP,454.8,нет свежего пробоя Donchian на последней закрытой свече,,rejected,,
1.800000000000003e-06,no_fresh_breakout,97,BOME-USDT-SWAP,0.00042,нет свежего пробоя Donchian на последней закрытой свече,,rejected,,
263.0149999999994,no_fresh_breakout,97,BTC-USDT-SWAP,70494.7,нет свежего пробоя Donchian на последней закрытой свече,,rejected,,
0.0005254999999999999,no_fresh_breakout,97,CFX-USDT-SWAP,0.06181,нет свежего пробоя Donchian на последней закрытой свече,,rejected,,
0.12399999999999949,no_fresh_breakout,97,COMP-USDT-SWAP,18.91,нет свежего пробоя Donchian на последней закрытой свече,,rejected,,
0.0024799999999999987,no_fresh_breakout,97,CRV-USDT-SWAP,0.2358,нет свежего пробоя Donchian на последней закрытой свече,,rejected,,
0.000482500000000001,no_fresh_breakout,97,DOGE-USDT-SWAP,0.09385,нет свежего пробоя Donchian на последней закрытой свече,,rejected,,
0.025999999999999978,no_fresh_breakout,97,ETC-USDT-SWAP,8.3,нет свежего пробоя Donchian на последней закрытой свече,,rejected,,
21.10049999999999,no_fresh_breakout,97,ETH-USDT-SWAP,2153.0,нет свежего пробоя Donchian на последней закрытой свече,,rejected,,
0.0009500000000000009,no_fresh_breakout,97,FIL-USDT-SWAP,0.89,нет свежего пробоя Donchian на последней закрытой свече,,rejected,,
0.016699999999999892,no_fresh_breakout,97,ICP-USDT-SWAP,2.508,нет свежего пробоя Donchian на последней закрытой свече,,rejected,,
0.030549999999999987,no_fresh_breakout,97,KSM-USDT-SWAP,4.533,нет свежего пробоя Donchian на последней закрытой свече,,rejected,,
0.0,закрытие_не_удержалось_выше_канала,97,LINK-USDT-SWAP,0.0,закрытие не удержалось выше канала,long,rejected,Turtle 20,
0.0029000000000000137,no_fresh_breakout,97,LPT-USDT-SWAP,2.229,нет свежего пробоя Donchian на последней закрытой свече,,rejected,,
0.0003150000000000042,no_fresh_breakout,97,LQTY-USDT-SWAP,0.2789,нет свежего пробоя Donchian на последней закрытой свече,,rejected,,
0.0,закрытие_не_удержалось_ниже_канала,97,MAGIC-USDT-SWAP,0.0,закрытие не удержалось ниже канала,short,rejected,Turtle 20,
5.9999999999998944e-05,no_fresh_breakout,97,MET-USDT-SWAP,0.1541,нет свежего пробоя Donchian на последней закрытой свече,,rejected,,
0.0001704999999999998,no_fresh_breakout,97,OP-USDT-SWAP,0.12118,нет свежего пробоя Donchian на последней закрытой свече,,rejected,,
2.155000000000001e-08,no_fresh_breakout,97,PEPE-USDT-SWAP,3.413e-06,нет свежего пробоя Donchian на последней закрытой свече,,rejected,,
0.0,atr_warmup:_цена_или_atr_недоступны_после_прогрева,97,SKY-USDT-SWAP,0.0,ATR warmup: цена или ATR недоступны после прогрева,,rejected,,
0.0,закрытие_не_удержалось_выше_канала,97,SOL-USDT-SWAP,0.0,закрытие не удержалось выше канала,long,rejected,Turtle 55,
0.0,закрытие_не_удержалось_выше_канала,97,SOL-USDT-SWAP,0.0,закрытие не удержалось выше канала,long,rejected,Turtle 20,
0.0,закрытие_не_удержалось_ниже_канала,97,SUSHI-USDT-SWAP,0.0,закрытие не удержалось ниже канала,short,rejected,Turtle 55,
0.0,закрытие_не_удержалось_ниже_канала,97,SUSHI-USDT-SWAP,0.0,закрытие не удержалось ниже канала,short,rejected,Turtle 20,
0.007650000000000013,no_fresh_breakout,97,TON-USDT-SWAP,1.241,нет свежего пробоя Donchian на последней закрытой свече,,rejected,,
0.0003799999999999998,no_fresh_breakout,97,TRX-USDT-SWAP,0.3002,нет свежего пробоя Donchian на последней закрытой свече,,rejected,,
1.386499999999998,no_fresh_breakout,97,TSLA-USDT-SWAP,383.69,нет свежего пробоя Donchian на последней закрытой свече,,rejected,,
0.004676000000000008,no_fresh_breakout,97,USDC-USDT-SWAP,0.99995,нет свежего пробоя Donchian на последней закрытой свече,,rejected,,
76.35,no_fresh_breakout,97,XAU-USDT-SWAP,4707.1,нет свежего пробоя Donchian на последней закрытой свече,,rejected,,
0.0018479999999999996,no_fresh_breakout,97,XLM-USDT-SWAP,0.16618,нет свежего пробоя Donchian на последней закрытой свече,,rejected,,
0.010280000000000011,no_fresh_breakout,97,XRP-USDT-SWAP,1.4507,нет свежего пробоя Donchian на последней закрытой свече,,rejected,,
0.0002499999999999995,no_fresh_breakout,97,YB-USDT-SWAP,0.123,нет свежего пробоя Donchian на последней закрытой свече,,rejected,,
15.130000000000042,no_fresh_breakout,97,YFI-USDT-SWAP,2730.2,нет свежего пробоя Donchian на последней закрытой свече,,rejected,,
0.00043500000000000136,no_fresh_breakout,97,YGG-USDT-SWAP,0.0399,нет свежего пробоя Donchian на последней закрытой свече,,rejected,,
0.0,закрытие_не_удержалось_выше_канала,98,1INCH-USDT-SWAP,0.0,закрытие не удержалось выше канала,long,rejected,Turtle 20,
0.001415000000000001,no_fresh_breakout,98,2Z-USDT-SWAP,0.0789,нет свежего пробоя Donchian на последней закрытой свече,,rejected,,
0.2530000000000001,no_fresh_breakout,98,AAVE-USDT-SWAP,112.72,нет свежего пробоя Donchian на последней закрытой свече,,rejected,,
0.0013399999999999968,no_fresh_breakout,98,ADA-USDT-SWAP,0.2686,нет свежего пробоя Donchian на последней закрытой свече,,rejected,,
0.0009549999999999982,no_fresh_breakout,98,ARB-USDT-SWAP,0.0995,нет свежего пробоя Donchian на последней закрытой свече,,rejected,,
0.013015000000000021,no_fresh_breakout,98,ASTER-USDT-SWAP,0.6929,нет свежего пробоя Donchian на последней закрытой свече,,rejected,,
0.04599999999999995,no_fresh_breakout,98,AUCTION-USDT-SWAP,5.036,нет свежего пробоя Donchian на последней закрытой свече,,rejected,,
0.009255000000000046,no_fresh_breakout,98,AXS-USDT-SWAP,1.1934,нет свежего пробоя Donchian на последней закрытой свече,,rejected,,
0.00024000000000000272,no_fresh_breakout,98,BAND-USDT-SWAP,0.2267,нет свежего пробоя Donchian на последней закрытой свече,,rejected,,
0.8899999999999949,no_fresh_breakout,98,BCH-USDT-SWAP,454.8,нет свежего пробоя Donchian на последней закрытой свече,,rejected,,
1.800000000000003e-06,no_fresh_breakout,98,BOME-USDT-SWAP,0.00042,нет свежего пробоя Donchian на последней закрытой свече,,rejected,,
263.0149999999994,no_fresh_breakout,98,BTC-USDT-SWAP,70494.7,нет свежего пробоя Donchian на последней закрытой свече,,rejected,,
0.0005254999999999999,no_fresh_breakout,98,CFX-USDT-SWAP,0.06181,нет свежего пробоя Donchian на последней закрытой свече,,rejected,,
0.12399999999999949,no_fresh_breakout,98,COMP-USDT-SWAP,18.91,нет свежего пробоя Donchian на последней закрытой свече,,rejected,,
0.0024799999999999987,no_fresh_breakout,98,CRV-USDT-SWAP,0.2358,нет свежего пробоя Donchian на последней закрытой свече,,rejected,,
0.000482500000000001,no_fresh_breakout,98,DOGE-USDT-SWAP,0.09385,нет свежего пробоя Donchian на последней закрытой свече,,rejected,,
0.025999999999999978,no_fresh_breakout,98,ETC-USDT-SWAP,8.3,нет свежего пробоя Donchian на последней закрытой свече,,rejected,,
21.10049999999999,no_fresh_breakout,98,ETH-USDT-SWAP,2153.0,нет свежего пробоя Donchian на последней закрытой свече,,rejected,,
0.0009500000000000009,no_fresh_breakout,98,FIL-USDT-SWAP,0.89,нет свежего пробоя Donchian на последней закрытой свече,,rejected,,
0.016699999999999892,no_fresh_breakout,98,ICP-USDT-SWAP,2.508,нет свежего пробоя Donchian на последней закрытой свече,,rejected,,
0.030549999999999987,no_fresh_breakout,98,KSM-USDT-SWAP,4.533,нет свежего пробоя Donchian на последней закрытой свече,,rejected,,
0.0,закрытие_не_удержалось_выше_канала,98,LINK-USDT-SWAP,0.0,закрытие не удержалось выше канала,long,rejected,Turtle 20,
0.0029000000000000137,no_fresh_breakout,98,LPT-USDT-SWAP,2.229,нет свежего пробоя Donchian на последней закрытой свече,,rejected,,
0.0003150000000000042,no_fresh_breakout,98,LQTY-USDT-SWAP,0.2789,нет свежего пробоя Donchian на последней закрытой свече,,rejected,,
0.0,закрытие_не_удержалось_ниже_канала,98,MAGIC-USDT-SWAP,0.0,закрытие не удержалось ниже канала,short,rejected,Turtle 20,
5.9999999999998944e-05,no_fresh_breakout,98,MET-USDT-SWAP,0.1541,нет свежего пробоя Donchian на последней закрытой свече,,rejected,,
0.0001704999999999998,no_fresh_breakout,98,OP-USDT-SWAP,0.12118,нет свежего пробоя Donchian на последней закрытой свече,,rejected,,
2.155000000000001e-08,no_fresh_breakout,98,PEPE-USDT-SWAP,3.413e-06,нет свежего пробоя Donchian на последней закрытой свече,,rejected,,
0.0,atr_warmup:_цена_или_atr_недоступны_после_прогрева,98,SKY-USDT-SWAP,0.0,ATR warmup: цена или ATR недоступны после прогрева,,rejected,,
0.0,закрытие_не_удержалось_выше_канала,98,SOL-USDT-SWAP,0.0,закрытие не удержалось выше канала,long,rejected,Turtle 55,
0.0,закрытие_не_удержалось_выше_канала,98,SOL-USDT-SWAP,0.0,закрытие не удержалось выше канала,long,rejected,Turtle 20,
0.0,закрытие_не_удержалось_ниже_канала,98,SUSHI-USDT-SWAP,0.0,закрытие не удержалось ниже канала,short,rejected,Turtle 55,
0.0,закрытие_не_удержалось_ниже_канала,98,SUSHI-USDT-SWAP,0.0,закрытие не удержалось ниже канала,short,rejected,Turtle 20,
0.007650000000000013,no_fresh_breakout,98,TON-USDT-SWAP,1.241,нет свежего пробоя Donchian на последней закрытой свече,,rejected,,
0.0003799999999999998,no_fresh_breakout,98,TRX-USDT-SWAP,0.3002,нет свежего пробоя Donchian на последней закрытой свече,,rejected,,
1.386499999999998,no_fresh_breakout,98,TSLA-USDT-SWAP,383.69,нет свежего пробоя Donchian на последней закрытой свече,,rejected,,
0.004676000000000008,no_fresh_breakout,98,USDC-USDT-SWAP,0.99995,нет свежего пробоя Donchian на последней закрытой свече,,rejected,,
76.35,no_fresh_breakout,98,XAU-USDT-SWAP,4707.1,нет свежего пробоя Donchian на последней закрытой свече,,rejected,,
0.0018479999999999996,no_fresh_breakout,98,XLM-USDT-SWAP,0.16618,нет свежего пробоя Donchian на последней закрытой свече,,rejected,,
0.010280000000000011,no_fresh_breakout,98,XRP-USDT-SWAP,1.4507,нет свежего пробоя Donchian на последней закрытой свече,,rejected,,
0.0002499999999999995,no_fresh_breakout,98,YB-USDT-SWAP,0.123,нет свежего пробоя Donchian на последней закрытой свече,,rejected,,
15.130000000000042,no_fresh_breakout,98,YFI-USDT-SWAP,2730.2,нет свежего пробоя Donchian на последней закрытой свече,,rejected,,
0.00043500000000000136,no_fresh_breakout,98,YGG-USDT-SWAP,0.0399,нет свежего пробоя Donchian на последней закрытой свече,,rejected,,
0.0,закрытие_не_удержалось_выше_канала,99,1INCH-USDT-SWAP,0.0,закрытие не удержалось выше канала,long,rejected,Turtle 20,
0.001415000000000001,no_fresh_breakout,99,2Z-USDT-SWAP,0.0789,нет свежего пробоя Donchian на последней закрытой свече,,rejected,,
0.2530000000000001,no_fresh_breakout,99,AAVE-USDT-SWAP,112.72,нет свежего пробоя Donchian на последней закрытой свече,,rejected,,
0.0013399999999999968,no_fresh_breakout,99,ADA-USDT-SWAP,0.2686,нет свежего пробоя Donchian на последней закрытой свече,,rejected,,
0.0009549999999999982,no_fresh_breakout,99,ARB-USDT-SWAP,0.0995,нет свежего пробоя Donchian на последней закрытой свече,,rejected,,
0.013015000000000021,no_fresh_breakout,99,ASTER-USDT-SWAP,0.6929,нет свежего пробоя Donchian на последней закрытой свече,,rejected,,
0.04599999999999995,no_fresh_breakout,99,AUCTION-USDT-SWAP,5.036,нет свежего пробоя Donchian на последней закрытой свече,,rejected,,
0.009255000000000046,no_fresh_breakout,99,AXS-USDT-SWAP,1.1934,нет свежего пробоя Donchian на последней закрытой свече,,rejected,,
0.00024000000000000272,no_fresh_breakout,99,BAND-USDT-SWAP,0.2267,нет свежего пробоя Donchian на последней закрытой свече,,rejected,,
0.8899999999999949,no_fresh_breakout,99,BCH-USDT-SWAP,454.8,нет свежего пробоя Donchian на последней закрытой свече,,rejected,,
1.800000000000003e-06,no_fresh_breakout,99,BOME-USDT-SWAP,0.00042,нет свежего пробоя Donchian на последней закрытой свече,,rejected,,
263.0149999999994,no_fresh_breakout,99,BTC-USDT-SWAP,70494.7,нет свежего пробоя Donchian на последней закрытой свече,,rejected,,
0.0005254999999999999,no_fresh_breakout,99,CFX-USDT-SWAP,0.06181,нет свежего пробоя Donchian на последней закрытой свече,,rejected,,
0.12399999999999949,no_fresh_breakout,99,COMP-USDT-SWAP,18.91,нет свежего пробоя Donchian на последней закрытой свече,,rejected,,
0.0024799999999999987,no_fresh_breakout,99,CRV-USDT-SWAP,0.2358,нет свежего пробоя Donchian на последней закрытой свече,,rejected,,
0.000482500000000001,no_fresh_breakout,99,DOGE-USDT-SWAP,0.09385,нет свежего пробоя Donchian на последней закрытой свече,,rejected,,
0.025999999999999978,no_fresh_breakout,99,ETC-USDT-SWAP,8.3,нет свежего пробоя Donchian на последней закрытой свече,,rejected,,
21.10049999999999,no_fresh_breakout,99,ETH-USDT-SWAP,2153.0,нет свежего пробоя Donchian на последней закрытой свече,,rejected,,
0.0009500000000000009,no_fresh_breakout,99,FIL-USDT-SWAP,0.89,нет свежего пробоя Donchian на последней закрытой свече,,rejected,,
0.016699999999999892,no_fresh_breakout,99,ICP-USDT-SWAP,2.508,нет свежего пробоя Donchian на последней закрытой свече,,rejected,,
0.030549999999999987,no_fresh_breakout,99,KSM-USDT-SWAP,4.533,нет свежего пробоя Donchian на последней закрытой свече,,rejected,,
0.0,закрытие_не_удержалось_выше_канала,99,LINK-USDT-SWAP,0.0,закрытие не удержалось выше канала,long,rejected,Turtle 20,
0.0029000000000000137,no_fresh_breakout,99,LPT-USDT-SWAP,2.229,нет свежего пробоя Donchian на последней закрытой свече,,rejected,,
0.0003150000000000042,no_fresh_breakout,99,LQTY-USDT-SWAP,0.2789,нет свежего пробоя Donchian на последней закрытой свече,,rejected,,
0.0,закрытие_не_удержалось_ниже_канала,99,MAGIC-USDT-SWAP,0.0,закрытие не удержалось ниже канала,short,rejected,Turtle 20,
5.9999999999998944e-05,no_fresh_breakout,99,MET-USDT-SWAP,0.1541,нет свежего пробоя Donchian на последней закрытой свече,,rejected,,
0.0001704999999999998,no_fresh_breakout,99,OP-USDT-SWAP,0.12118,нет свежего пробоя Donchian на последней закрытой свече,,rejected,,
2.155000000000001e-08,no_fresh_breakout,99,PEPE-USDT-SWAP,3.413e-06,нет свежего пробоя Donchian на последней закрытой свече,,rejected,,
0.0,atr_warmup:_цена_или_atr_недоступны_после_прогрева,99,SKY-USDT-SWAP,0.0,ATR warmup: цена или ATR недоступны после прогрева,,rejected,,
0.0,закрытие_не_удержалось_выше_канала,99,SOL-USDT-SWAP,0.0,закрытие не удержалось выше канала,long,rejected,Turtle 55,
0.0,закрытие_не_удержалось_выше_канала,99,SOL-USDT-SWAP,0.0,закрытие не удержалось выше канала,long,rejected,Turtle 20,
0.0,закрытие_не_удержалось_ниже_канала,99,SUSHI-USDT-SWAP,0.0,закрытие не удержалось ниже канала,short,rejected,Turtle 55,
0.0,закрытие_не_удержалось_ниже_канала,99,SUSHI-USDT-SWAP,0.0,закрытие не удержалось ниже канала,short,rejected,Turtle 20,
0.007650000000000013,no_fresh_breakout,99,TON-USDT-SWAP,1.241,нет свежего пробоя Donchian на последней закрытой свече,,rejected,,
0.0003799999999999998,no_fresh_breakout,99,TRX-USDT-SWAP,0.3002,нет свежего пробоя Donchian на последней закрытой свече,,rejected,,
1.386499999999998,no_fresh_breakout,99,TSLA-USDT-SWAP,383.69,нет свежего пробоя Donchian на последней закрытой свече,,rejected,,
0.004676000000000008,no_fresh_breakout,99,USDC-USDT-SWAP,0.99995,нет свежего пробоя Donchian на последней закрытой свече,,rejected,,
76.35,no_fresh_breakout,99,XAU-USDT-SWAP,4707.1,нет свежего пробоя Donchian на последней закрытой свече,,rejected,,
0.0018479999999999996,no_fresh_breakout,99,XLM-USDT-SWAP,0.16618,нет свежего пробоя Donchian на последней закрытой свече,,rejected,,
0.010280000000000011,no_fresh_breakout,99,XRP-USDT-SWAP,1.4507,нет свежего пробоя Donchian на последней закрытой свече,,rejected,,
0.0002499999999999995,no_fresh_breakout,99,YB-USDT-SWAP,0.123,нет свежего пробоя Donchian на последней закрытой свече,,rejected,,
15.130000000000042,no_fresh_breakout,99,YFI-USDT-SWAP,2730.2,нет свежего пробоя Donchian на последней закрытой свече,,rejected,,
0.00043500000000000136,no_fresh_breakout,99,YGG-USDT-SWAP,0.0399,нет свежего пробоя Donchian на последней закрытой свече,,rejected,,
0.0,закрытие_не_удержалось_выше_канала,100,1INCH-USDT-SWAP,0.0,закрытие не удержалось выше канала,long,rejected,Turtle 20,
0.001415000000000001,no_fresh_breakout,100,2Z-USDT-SWAP,0.0789,нет свежего пробоя Donchian на последней закрытой свече,,rejected,,
0.2530000000000001,no_fresh_breakout,100,AAVE-USDT-SWAP,112.72,нет свежего пробоя Donchian на последней закрытой свече,,rejected,,
0.0013399999999999968,no_fresh_breakout,100,ADA-USDT-SWAP,0.2686,нет свежего пробоя Donchian на последней закрытой свече,,rejected,,
0.0009549999999999982,no_fresh_breakout,100,ARB-USDT-SWAP,0.0995,нет свежего пробоя Donchian на последней закрытой свече,,rejected,,
0.013015000000000021,no_fresh_breakout,100,ASTER-USDT-SWAP,0.6929,нет свежего пробоя Donchian на последней закрытой свече,,rejected,,
0.04599999999999995,no_fresh_breakout,100,AUCTION-USDT-SWAP,5.036,нет свежего пробоя Donchian на последней закрытой свече,,rejected,,
0.009255000000000046,no_fresh_breakout,100,AXS-USDT-SWAP,1.1934,нет свежего пробоя Donchian на последней закрытой свече,,rejected,,
0.00024000000000000272,no_fresh_breakout,100,BAND-USDT-SWAP,0.2267,нет свежего пробоя Donchian на последней закрытой свече,,rejected,,
0.8899999999999949,no_fresh_breakout,100,BCH-USDT-SWAP,454.8,нет свежего пробоя Donchian на последней закрытой свече,,rejected,,
1.800000000000003e-06,no_fresh_breakout,100,BOME-USDT-SWAP,0.00042,нет свежего пробоя Donchian на последней закрытой свече,,rejected,,
263.0149999999994,no_fresh_breakout,100,BTC-USDT-SWAP,70494.7,нет свежего пробоя Donchian на последней закрытой свече,,rejected,,
0.0005254999999999999,no_fresh_breakout,100,CFX-USDT-SWAP,0.06181,нет свежего пробоя Donchian на последней закрытой свече,,rejected,,
0.12399999999999949,no_fresh_breakout,100,COMP-USDT-SWAP,18.91,нет свежего пробоя Donchian на последней закрытой свече,,rejected,,
0.0024799999999999987,no_fresh_breakout,100,CRV-USDT-SWAP,0.2358,нет свежего пробоя Donchian на последней закрытой свече,,rejected,,
0.000482500000000001,no_fresh_breakout,100,DOGE-USDT-SWAP,0.09385,нет свежего пробоя Donchian на последней закрытой свече,,rejected,,
0.025999999999999978,no_fresh_breakout,100,ETC-USDT-SWAP,8.3,нет свежего пробоя Donchian на последней закрытой свече,,rejected,,
21.10049999999999,no_fresh_breakout,100,ETH-USDT-SWAP,2153.0,нет свежего пробоя Donchian на последней закрытой свече,,rejected,,
0.0009500000000000009,no_fresh_breakout,100,FIL-USDT-SWAP,0.89,нет свежего пробоя Donchian на последней закрытой свече,,rejected,,
0.016699999999999892,no_fresh_breakout,100,ICP-USDT-SWAP,2.508,нет свежего пробоя Donchian на последней закрытой свече,,rejected,,
0.030549999999999987,no_fresh_breakout,100,KSM-USDT-SWAP,4.533,нет свежего пробоя Donchian на последней закрытой свече,,rejected,,
0.0,закрытие_не_удержалось_выше_канала,100,LINK-USDT-SWAP,0.0,закрытие не удержалось выше канала,long,rejected,Turtle 20,
0.0029000000000000137,no_fresh_breakout,100,LPT-USDT-SWAP,2.229,нет свежего пробоя Donchian на последней закрытой свече,,rejected,,
0.0003150000000000042,no_fresh_breakout,100,LQTY-USDT-SWAP,0.2789,нет свежего пробоя Donchian на последней закрытой свече,,rejected,,
0.0,закрытие_не_удержалось_ниже_канала,100,MAGIC-USDT-SWAP,0.0,закрытие не удержалось ниже канала,short,rejected,Turtle 20,
5.9999999999998944e-05,no_fresh_breakout,100,MET-USDT-SWAP,0.1541,нет свежего пробоя Donchian на последней закрытой свече,,rejected,,
0.0001704999999999998,no_fresh_breakout,100,OP-USDT-SWAP,0.12118,нет свежего пробоя Donchian на последней закрытой свече,,rejected,,
2.155000000000001e-08,no_fresh_breakout,100,PEPE-USDT-SWAP,3.413e-06,нет свежего пробоя Donchian на последней закрытой свече,,rejected,,
0.0,atr_warmup:_цена_или_atr_недоступны_после_прогрева,100,SKY-USDT-SWAP,0.0,ATR warmup: цена или ATR недоступны после прогрева,,rejected,,
0.0,закрытие_не_удержалось_выше_канала,100,SOL-USDT-SWAP,0.0,закрытие не удержалось выше канала,long,rejected,Turtle 55,
0.0,закрытие_не_удержалось_выше_канала,100,SOL-USDT-SWAP,0.0,закрытие не удержалось выше канала,long,rejected,Turtle 20,
0.0,закрытие_не_удержалось_ниже_канала,100,SUSHI-USDT-SWAP,0.0,закрытие не удержалось ниже канала,short,rejected,Turtle 55,
0.0,закрытие_не_удержалось_ниже_канала,100,SUSHI-USDT-SWAP,0.0,закрытие не удержалось ниже канала,short,rejected,Turtle 20,
0.007650000000000013,no_fresh_breakout,100,TON-USDT-SWAP,1.241,нет свежего пробоя Donchian на последней закрытой свече,,rejected,,
0.0003799999999999998,no_fresh_breakout,100,TRX-USDT-SWAP,0.3002,нет свежего пробоя Donchian на последней закрытой свече,,rejected,,
1.386499999999998,no_fresh_breakout,100,TSLA-USDT-SWAP,383.69,нет свежего пробоя Donchian на последней закрытой свече,,rejected,,
0.004676000000000008,no_fresh_breakout,100,USDC-USDT-SWAP,0.99995,нет свежего пробоя Donchian на последней закрытой свече,,rejected,,
76.35,no_fresh_breakout,100,XAU-USDT-SWAP,4707.1,нет свежего пробоя Donchian на последней закрытой свече,,rejected,,
0.0018479999999999996,no_fresh_breakout,100,XLM-USDT-SWAP,0.16618,нет свежего пробоя Donchian на последней закрытой свече,,rejected,,
0.010280000000000011,no_fresh_breakout,100,XRP-USDT-SWAP,1.4507,нет свежего пробоя Donchian на последней закрытой свече,,rejected,,
0.0002499999999999995,no_fresh_breakout,100,YB-USDT-SWAP,0.123,нет свежего пробоя Donchian на последней закрытой свече,,rejected,,
15.130000000000042,no_fresh_breakout,100,YFI-USDT-SWAP,2730.2,нет свежего пробоя Donchian на последней закрытой свече,,rejected,,
0.00043500000000000136,no_fresh_breakout,100,YGG-USDT-SWAP,0.0399,нет свежего пробоя Donchian на последней закрытой свече,,rejected,,
0.0,закрытие_не_удержалось_выше_канала,101,1INCH-USDT-SWAP,0.0,закрытие не удержалось выше канала,long,rejected,Turtle 20,
0.001415000000000001,no_fresh_breakout,101,2Z-USDT-SWAP,0.0789,нет свежего пробоя Donchian на последней закрытой свече,,rejected,,
0.2530000000000001,no_fresh_breakout,101,AAVE-USDT-SWAP,112.72,нет свежего пробоя Donchian на последней закрытой свече,,rejected,,
0.0013399999999999968,no_fresh_breakout,101,ADA-USDT-SWAP,0.2686,нет свежего пробоя Donchian на последней закрытой свече,,rejected,,
0.0009549999999999982,no_fresh_breakout,101,ARB-USDT-SWAP,0.0995,нет свежего пробоя Donchian на последней закрытой свече,,rejected,,
0.013015000000000021,no_fresh_breakout,101,ASTER-USDT-SWAP,0.6929,нет свежего пробоя Donchian на последней закрытой свече,,rejected,,
0.04599999999999995,no_fresh_breakout,101,AUCTION-USDT-SWAP,5.036,нет свежего пробоя Donchian на последней закрытой свече,,rejected,,
0.009255000000000046,no_fresh_breakout,101,AXS-USDT-SWAP,1.1934,нет свежего пробоя Donchian на последней закрытой свече,,rejected,,
0.00024000000000000272,no_fresh_breakout,101,BAND-USDT-SWAP,0.2267,нет свежего пробоя Donchian на последней закрытой свече,,rejected,,
0.8899999999999949,no_fresh_breakout,101,BCH-USDT-SWAP,454.8,нет свежего пробоя Donchian на последней закрытой свече,,rejected,,
1.800000000000003e-06,no_fresh_breakout,101,BOME-USDT-SWAP,0.00042,нет свежего пробоя Donchian на последней закрытой свече,,rejected,,
263.0149999999994,no_fresh_breakout,101,BTC-USDT-SWAP,70494.7,нет свежего пробоя Donchian на последней закрытой свече,,rejected,,
0.0005254999999999999,no_fresh_breakout,101,CFX-USDT-SWAP,0.06181,нет свежего пробоя Donchian на последней закрытой свече,,rejected,,
0.12399999999999949,no_fresh_breakout,101,COMP-USDT-SWAP,18.91,нет свежего пробоя Donchian на последней закрытой свече,,rejected,,
0.0024799999999999987,no_fresh_breakout,101,CRV-USDT-SWAP,0.2358,нет свежего пробоя Donchian на последней закрытой свече,,rejected,,
0.000482500000000001,no_fresh_breakout,101,DOGE-USDT-SWAP,0.09385,нет свежего пробоя Donchian на последней закрытой свече,,rejected,,
0.025999999999999978,no_fresh_breakout,101,ETC-USDT-SWAP,8.3,нет свежего пробоя Donchian на последней закрытой свече,,rejected,,
21.10049999999999,no_fresh_breakout,101,ETH-USDT-SWAP,2153.0,нет свежего пробоя Donchian на последней закрытой свече,,rejected,,
0.0009500000000000009,no_fresh_breakout,101,FIL-USDT-SWAP,0.89,нет свежего пробоя Donchian на последней закрытой свече,,rejected,,
0.016699999999999892,no_fresh_breakout,101,ICP-USDT-SWAP,2.508,нет свежего пробоя Donchian на последней закрытой свече,,rejected,,
0.030549999999999987,no_fresh_breakout,101,KSM-USDT-SWAP,4.533,нет свежего пробоя Donchian на последней закрытой свече,,rejected,,
0.0,закрытие_не_удержалось_выше_канала,101,LINK-USDT-SWAP,0.0,закрытие не удержалось выше канала,long,rejected,Turtle 20,
0.0029000000000000137,no_fresh_breakout,101,LPT-USDT-SWAP,2.229,нет свежего пробоя Donchian на последней закрытой свече,,rejected,,
0.0003150000000000042,no_fresh_breakout,101,LQTY-USDT-SWAP,0.2789,нет свежего пробоя Donchian на последней закрытой свече,,rejected,,
0.0,закрытие_не_удержалось_ниже_канала,101,MAGIC-USDT-SWAP,0.0,закрытие не удержалось ниже канала,short,rejected,Turtle 20,
5.9999999999998944e-05,no_fresh_breakout,101,MET-USDT-SWAP,0.1541,нет свежего пробоя Donchian на последней закрытой свече,,rejected,,
0.0001704999999999998,no_fresh_breakout,101,OP-USDT-SWAP,0.12118,нет свежего пробоя Donchian на последней закрытой свече,,rejected,,
2.155000000000001e-08,no_fresh_breakout,101,PEPE-USDT-SWAP,3.413e-06,нет свежего пробоя Donchian на последней закрытой свече,,rejected,,
0.0,atr_warmup:_цена_или_atr_недоступны_после_прогрева,101,SKY-USDT-SWAP,0.0,ATR warmup: цена или ATR недоступны после прогрева,,rejected,,
0.0,закрытие_не_удержалось_выше_канала,101,SOL-USDT-SWAP,0.0,закрытие не удержалось выше канала,long,rejected,Turtle 55,
0.0,закрытие_не_удержалось_выше_канала,101,SOL-USDT-SWAP,0.0,закрытие не удержалось выше канала,long,rejected,Turtle 20,
0.0,закрытие_не_удержалось_ниже_канала,101,SUSHI-USDT-SWAP,0.0,закрытие не удержалось ниже канала,short,rejected,Turtle 55,
0.0,закрытие_не_удержалось_ниже_канала,101,SUSHI-USDT-SWAP,0.0,закрытие не удержалось ниже канала,short,rejected,Turtle 20,
0.007650000000000013,no_fresh_breakout,101,TON-USDT-SWAP,1.241,нет свежего пробоя Donchian на последней закрытой свече,,rejected,,
0.0003799999999999998,no_fresh_breakout,101,TRX-USDT-SWAP,0.3002,нет свежего пробоя Donchian на последней закрытой свече,,rejected,,
1.386499999999998,no_fresh_breakout,101,TSLA-USDT-SWAP,383.69,нет свежего пробоя Donchian на последней закрытой свече,,rejected,,
0.004676000000000008,no_fresh_breakout,101,USDC-USDT-SWAP,0.99995,нет свежего пробоя Donchian на последней закрытой свече,,rejected,,
76.35,no_fresh_breakout,101,XAU-USDT-SWAP,4707.1,нет свежего пробоя Donchian на последней закрытой свече,,rejected,,
0.0018479999999999996,no_fresh_breakout,101,XLM-USDT-SWAP,0.16618,нет свежего пробоя Donchian на последней закрытой свече,,rejected,,
0.010280000000000011,no_fresh_breakout,101,XRP-USDT-SWAP,1.4507,нет свежего пробоя Donchian на последней закрытой свече,,rejected,,
0.0002499999999999995,no_fresh_breakout,101,YB-USDT-SWAP,0.123,нет свежего пробоя Donchian на последней закрытой свече,,rejected,,
15.130000000000042,no_fresh_breakout,101,YFI-USDT-SWAP,2730.2,нет свежего пробоя Donchian на последней закрытой свече,,rejected,,
0.00043500000000000136,no_fresh_breakout,101,YGG-USDT-SWAP,0.0399,нет свежего пробоя Donchian на последней закрытой свече,,rejected,,
0.0,закрытие_не_удержалось_выше_канала,102,1INCH-USDT-SWAP,0.0,закрытие не удержалось выше канала,long,rejected,Turtle 20,
0.001415000000000001,no_fresh_breakout,102,2Z-USDT-SWAP,0.0789,нет свежего пробоя Donchian на последней закрытой свече,,rejected,,
0.2530000000000001,no_fresh_breakout,102,AAVE-USDT-SWAP,112.72,нет свежего пробоя Donchian на последней закрытой свече,,rejected,,
0.0013399999999999968,no_fresh_breakout,102,ADA-USDT-SWAP,0.2686,нет свежего пробоя Donchian на последней закрытой свече,,rejected,,
0.0009549999999999982,no_fresh_breakout,102,ARB-USDT-SWAP,0.0995,нет свежего пробоя Donchian на последней закрытой свече,,rejected,,
0.013015000000000021,no_fresh_breakout,102,ASTER-USDT-SWAP,0.6929,нет свежего пробоя Donchian на последней закрытой свече,,rejected,,
0.04599999999999995,no_fresh_breakout,102,AUCTION-USDT-SWAP,5.036,нет свежего пробоя Donchian на последней закрытой свече,,rejected,,
0.009255000000000046,no_fresh_breakout,102,AXS-USDT-SWAP,1.1934,нет свежего пробоя Donchian на последней закрытой свече,,rejected,,
0.00024000000000000272,no_fresh_breakout,102,BAND-USDT-SWAP,0.2267,нет свежего пробоя Donchian на последней закрытой свече,,rejected,,
0.8899999999999949,no_fresh_breakout,102,BCH-USDT-SWAP,454.8,нет свежего пробоя Donchian на последней закрытой свече,,rejected,,
1.800000000000003e-06,no_fresh_breakout,102,BOME-USDT-SWAP,0.00042,нет свежего пробоя Donchian на последней закрытой свече,,rejected,,
263.0149999999994,no_fresh_breakout,102,BTC-USDT-SWAP,70494.7,нет свежего пробоя Donchian на последней закрытой свече,,rejected,,
0.0005254999999999999,no_fresh_breakout,102,CFX-USDT-SWAP,0.06181,нет свежего пробоя Donchian на последней закрытой свече,,rejected,,
0.0024799999999999987,no_fresh_breakout,102,CRV-USDT-SWAP,0.2358,нет свежего пробоя Donchian на последней закрытой свече,,rejected,,
0.000482500000000001,no_fresh_breakout,102,DOGE-USDT-SWAP,0.09385,нет свежего пробоя Donchian на последней закрытой свече,,rejected,,
0.025999999999999978,no_fresh_breakout,102,ETC-USDT-SWAP,8.3,нет свежего пробоя Donchian на последней закрытой свече,,rejected,,
21.10049999999999,no_fresh_breakout,102,ETH-USDT-SWAP,2153.0,нет свежего пробоя Donchian на последней закрытой свече,,rejected,,
0.0009500000000000009,no_fresh_breakout,102,FIL-USDT-SWAP,0.89,нет свежего пробоя Donchian на последней закрытой свече,,rejected,,
0.016699999999999892,no_fresh_breakout,102,ICP-USDT-SWAP,2.508,нет свежего пробоя Donchian на последней закрытой свече,,rejected,,
0.030549999999999987,no_fresh_breakout,102,KSM-USDT-SWAP,4.533,нет свежего пробоя Donchian на последней закрытой свече,,rejected,,
0.0,закрытие_не_удержалось_выше_канала,102,LINK-USDT-SWAP,0.0,закрытие не удержалось выше канала,long,rejected,Turtle 20,
0.0029000000000000137,no_fresh_breakout,102,LPT-USDT-SWAP,2.229,нет свежего пробоя Donchian на последней закрытой свече,,rejected,,
0.0003150000000000042,no_fresh_breakout,102,LQTY-USDT-SWAP,0.2789,нет свежего пробоя Donchian на последней закрытой свече,,rejected,,
0.0,закрытие_не_удержалось_ниже_канала,102,MAGIC-USDT-SWAP,0.0,закрытие не удержалось ниже канала,short,rejected,Turtle 20,
5.9999999999998944e-05,no_fresh_breakout,102,MET-USDT-SWAP,0.1541,нет свежего пробоя Donchian на последней закрытой свече,,rejected,,
0.0001704999999999998,no_fresh_breakout,102,OP-USDT-SWAP,0.12118,нет свежего пробоя Donchian на последней закрытой свече,,rejected,,
2.155000000000001e-08,no_fresh_breakout,102,PEPE-USDT-SWAP,3.413e-06,нет свежего пробоя Donchian на последней закрытой свече,,rejected,,
0.0,atr_warmup:_цена_или_atr_недоступны_после_прогрева,102,SKY-USDT-SWAP,0.0,ATR warmup: цена или ATR недоступны после прогрева,,rejected,,
0.0,закрытие_не_удержалось_выше_канала,102,SOL-USDT-SWAP,0.0,закрытие не удержалось выше канала,long,rejected,Turtle 55,
0.0,закрытие_не_удержалось_выше_канала,102,SOL-USDT-SWAP,0.0,закрытие не удержалось выше канала,long,rejected,Turtle 20,
0.0,закрытие_не_удержалось_ниже_канала,102,SUSHI-USDT-SWAP,0.0,закрытие не удержалось ниже канала,short,rejected,Turtle 55,
0.0,закрытие_не_удержалось_ниже_канала,102,SUSHI-USDT-SWAP,0.0,закрытие не удержалось ниже канала,short,rejected,Turtle 20,
0.007650000000000013,no_fresh_breakout,102,TON-USDT-SWAP,1.241,нет свежего пробоя Donchian на последней закрытой свече,,rejected,,
0.0003799999999999998,no_fresh_breakout,102,TRX-USDT-SWAP,0.3002,нет свежего пробоя Donchian на последней закрытой свече,,rejected,,
1.386499999999998,no_fresh_breakout,102,TSLA-USDT-SWAP,383.69,нет свежего пробоя Donchian на последней закрытой свече,,rejected,,
0.004676000000000008,no_fresh_breakout,102,USDC-USDT-SWAP,0.99995,нет свежего пробоя Donchian на последней закрытой свече,,rejected,,
76.35,no_fresh_breakout,102,XAU-USDT-SWAP,4707.1,нет свежего пробоя Donchian на последней закрытой свече,,rejected,,
0.0018479999999999996,no_fresh_breakout,102,XLM-USDT-SWAP,0.16618,нет свежего пробоя Donchian на последней закрытой свече,,rejected,,
0.010280000000000011,no_fresh_breakout,102,XRP-USDT-SWAP,1.4507,нет свежего пробоя Donchian на последней закрытой свече,,rejected,,
0.0002499999999999995,no_fresh_breakout,102,YB-USDT-SWAP,0.123,нет свежего пробоя Donchian на последней закрытой свече,,rejected,,
15.130000000000042,no_fresh_breakout,102,YFI-USDT-SWAP,2730.2,нет свежего пробоя Donchian на последней закрытой свече,,rejected,,
0.00043500000000000136,no_fresh_breakout,102,YGG-USDT-SWAP,0.0399,нет свежего пробоя Donchian на последней закрытой свече,,rejected,,
0.0,закрытие_не_удержалось_выше_канала,103,1INCH-USDT-SWAP,0.0,закрытие не удержалось выше канала,long,rejected,Turtle 20,
0.001415000000000001,no_fresh_breakout,103,2Z-USDT-SWAP,0.0789,нет свежего пробоя Donchian на последней закрытой свече,,rejected,,
0.2530000000000001,no_fresh_breakout,103,AAVE-USDT-SWAP,112.72,нет свежего пробоя Donchian на последней закрытой свече,,rejected,,
0.0013399999999999968,no_fresh_breakout,103,ADA-USDT-SWAP,0.2686,нет свежего пробоя Donchian на последней закрытой свече,,rejected,,
0.0009549999999999982,no_fresh_breakout,103,ARB-USDT-SWAP,0.0995,нет свежего пробоя Donchian на последней закрытой свече,,rejected,,
0.013015000000000021,no_fresh_breakout,103,ASTER-USDT-SWAP,0.6929,нет свежего пробоя Donchian на последней закрытой свече,,rejected,,
0.04599999999999995,no_fresh_breakout,103,AUCTION-USDT-SWAP,5.036,нет свежего пробоя Donchian на последней закрытой свече,,rejected,,
0.009255000000000046,no_fresh_breakout,103,AXS-USDT-SWAP,1.1934,нет свежего пробоя Donchian на последней закрытой свече,,rejected,,
0.00024000000000000272,no_fresh_breakout,103,BAND-USDT-SWAP,0.2267,нет свежего пробоя Donchian на последней закрытой свече,,rejected,,
0.8899999999999949,no_fresh_breakout,103,BCH-USDT-SWAP,454.8,нет свежего пробоя Donchian на последней закрытой свече,,rejected,,
1.800000000000003e-06,no_fresh_breakout,103,BOME-USDT-SWAP,0.00042,нет свежего пробоя Donchian на последней закрытой свече,,rejected,,
263.0149999999994,no_fresh_breakout,103,BTC-USDT-SWAP,70494.7,нет свежего пробоя Donchian на последней закрытой свече,,rejected,,
0.0005254999999999999,no_fresh_breakout,103,CFX-USDT-SWAP,0.06181,нет свежего пробоя Donchian на последней закрытой свече,,rejected,,
0.12399999999999949,no_fresh_breakout,103,COMP-USDT-SWAP,18.91,нет свежего пробоя Donchian на последней закрытой свече,,rejected,,
0.0024799999999999987,no_fresh_breakout,103,CRV-USDT-SWAP,0.2358,нет свежего пробоя Donchian на последней закрытой свече,,rejected,,
0.000482500000000001,no_fresh_breakout,103,DOGE-USDT-SWAP,0.09385,нет свежего пробоя Donchian на последней закрытой свече,,rejected,,
0.025999999999999978,no_fresh_breakout,103,ETC-USDT-SWAP,8.3,нет свежего пробоя Donchian на последней закрытой свече,,rejected,,
21.10049999999999,no_fresh_breakout,103,ETH-USDT-SWAP,2153.0,нет свежего пробоя Donchian на последней закрытой свече,,rejected,,
0.0009500000000000009,no_fresh_breakout,103,FIL-USDT-SWAP,0.89,нет свежего пробоя Donchian на последней закрытой свече,,rejected,,
0.016699999999999892,no_fresh_breakout,103,ICP-USDT-SWAP,2.508,нет свежего пробоя Donchian на последней закрытой свече,,rejected,,
0.030549999999999987,no_fresh_breakout,103,KSM-USDT-SWAP,4.533,нет свежего пробоя Donchian на последней закрытой свече,,rejected,,
0.0,закрытие_не_удержалось_выше_канала,103,LINK-USDT-SWAP,0.0,закрытие не удержалось выше канала,long,rejected,Turtle 20,
0.0029000000000000137,no_fresh_breakout,103,LPT-USDT-SWAP,2.229,нет свежего пробоя Donchian на последней закрытой свече,,rejected,,
0.0003150000000000042,no_fresh_breakout,103,LQTY-USDT-SWAP,0.2789,нет свежего пробоя Donchian на последней закрытой свече,,rejected,,
0.0,закрытие_не_удержалось_ниже_канала,103,MAGIC-USDT-SWAP,0.0,закрытие не удержалось ниже канала,short,rejected,Turtle 20,
5.9999999999998944e-05,no_fresh_breakout,103,MET-USDT-SWAP,0.1541,нет свежего пробоя Donchian на последней закрытой свече,,rejected,,
0.0001704999999999998,no_fresh_breakout,103,OP-USDT-SWAP,0.12118,нет свежего пробоя Donchian на последней закрытой свече,,rejected,,
2.155000000000001e-08,no_fresh_breakout,103,PEPE-USDT-SWAP,3.413e-06,нет свежего пробоя Donchian на последней закрытой свече,,rejected,,
0.0,atr_warmup:_цена_или_atr_недоступны_после_прогрева,103,SKY-USDT-SWAP,0.0,ATR warmup: цена или ATR недоступны после прогрева,,rejected,,
0.0,закрытие_не_удержалось_выше_канала,103,SOL-USDT-SWAP,0.0,закрытие не удержалось выше канала,long,rejected,Turtle 55,
0.0,закрытие_не_удержалось_выше_канала,103,SOL-USDT-SWAP,0.0,закрытие не удержалось выше канала,long,rejected,Turtle 20,
0.0,закрытие_не_удержалось_ниже_канала,103,SUSHI-USDT-SWAP,0.0,закрытие не удержалось ниже канала,short,rejected,Turtle 55,
0.0,закрытие_не_удержалось_ниже_канала,103,SUSHI-USDT-SWAP,0.0,закрытие не удержалось ниже канала,short,rejected,Turtle 20,
0.007650000000000013,no_fresh_breakout,103,TON-USDT-SWAP,1.241,нет свежего пробоя Donchian на последней закрытой свече,,rejected,,
0.0003799999999999998,no_fresh_breakout,103,TRX-USDT-SWAP,0.3002,нет свежего пробоя Donchian на последней закрытой свече,,rejected,,
1.386499999999998,no_fresh_breakout,103,TSLA-USDT-SWAP,383.69,нет свежего пробоя Donchian на последней закрытой свече,,rejected,,
0.004676000000000008,no_fresh_breakout,103,USDC-USDT-SWAP,0.99995,нет свежего пробоя Donchian на последней закрытой свече,,rejected,,
76.35,no_fresh_breakout,103,XAU-USDT-SWAP,4707.1,нет свежего пробоя Donchian на последней закрытой свече,,rejected,,
0.0018479999999999996,no_fresh_breakout,103,XLM-USDT-SWAP,0.16618,нет свежего пробоя Donchian на последней закрытой свече,,rejected,,
0.010280000000000011,no_fresh_breakout,103,XRP-USDT-SWAP,1.4507,нет свежего пробоя Donchian на последней закрытой свече,,rejected,,
0.0002499999999999995,no_fresh_breakout,103,YB-USDT-SWAP,0.123,нет свежего пробоя Donchian на последней закрытой свече,,rejected,,
15.130000000000042,no_fresh_breakout,103,YFI-USDT-SWAP,2730.2,нет свежего пробоя Donchian на последней закрытой свече,,rejected,,
0.00043500000000000136,no_fresh_breakout,103,YGG-USDT-SWAP,0.0399,нет свежего пробоя Donchian на последней закрытой свече,,rejected,,
0.0,закрытие_не_удержалось_выше_канала,104,1INCH-USDT-SWAP,0.0,закрытие не удержалось выше канала,long,rejected,Turtle 20,
0.001415000000000001,no_fresh_breakout,104,2Z-USDT-SWAP,0.0789,нет свежего пробоя Donchian на последней закрытой свече,,rejected,,
0.2530000000000001,no_fresh_breakout,104,AAVE-USDT-SWAP,112.72,нет свежего пробоя Donchian на последней закрытой свече,,rejected,,
0.0013399999999999968,no_fresh_breakout,104,ADA-USDT-SWAP,0.2686,нет свежего пробоя Donchian на последней закрытой свече,,rejected,,
0.0009549999999999982,no_fresh_breakout,104,ARB-USDT-SWAP,0.0995,нет свежего пробоя Donchian на последней закрытой свече,,rejected,,
0.013015000000000021,no_fresh_breakout,104,ASTER-USDT-SWAP,0.6929,нет свежего пробоя Donchian на последней закрытой свече,,rejected,,
0.04599999999999995,no_fresh_breakout,104,AUCTION-USDT-SWAP,5.036,нет свежего пробоя Donchian на последней закрытой свече,,rejected,,
0.009255000000000046,no_fresh_breakout,104,AXS-USDT-SWAP,1.1934,нет свежего пробоя Donchian на последней закрытой свече,,rejected,,
0.00024000000000000272,no_fresh_breakout,104,BAND-USDT-SWAP,0.2267,нет свежего пробоя Donchian на последней закрытой свече,,rejected,,
0.8899999999999949,no_fresh_breakout,104,BCH-USDT-SWAP,454.8,нет свежего пробоя Donchian на последней закрытой свече,,rejected,,
1.800000000000003e-06,no_fresh_breakout,104,BOME-USDT-SWAP,0.00042,нет свежего пробоя Donchian на последней закрытой свече,,rejected,,
263.0149999999994,no_fresh_breakout,104,BTC-USDT-SWAP,70494.7,нет свежего пробоя Donchian на последней закрытой свече,,rejected,,
0.0005254999999999999,no_fresh_breakout,104,CFX-USDT-SWAP,0.06181,нет свежего пробоя Donchian на последней закрытой свече,,rejected,,
0.12399999999999949,no_fresh_breakout,104,COMP-USDT-SWAP,18.91,нет свежего пробоя Donchian на последней закрытой свече,,rejected,,
0.0024799999999999987,no_fresh_breakout,104,CRV-USDT-SWAP,0.2358,нет свежего пробоя Donchian на последней закрытой свече,,rejected,,
0.000482500000000001,no_fresh_breakout,104,DOGE-USDT-SWAP,0.09385,нет свежего пробоя Donchian на последней закрытой свече,,rejected,,
0.025999999999999978,no_fresh_breakout,104,ETC-USDT-SWAP,8.3,нет свежего пробоя Donchian на последней закрытой свече,,rejected,,
21.10049999999999,no_fresh_breakout,104,ETH-USDT-SWAP,2153.0,нет свежего пробоя Donchian на последней закрытой свече,,rejected,,
0.0009500000000000009,no_fresh_breakout,104,FIL-USDT-SWAP,0.89,нет свежего пробоя Donchian на последней закрытой свече,,rejected,,
0.016699999999999892,no_fresh_breakout,104,ICP-USDT-SWAP,2.508,нет свежего пробоя Donchian на последней закрытой свече,,rejected,,
0.030549999999999987,no_fresh_breakout,104,KSM-USDT-SWAP,4.533,нет свежего пробоя Donchian на последней закрытой свече,,rejected,,
0.0,закрытие_не_удержалось_выше_канала,104,LINK-USDT-SWAP,0.0,закрытие не удержалось выше канала,long,rejected,Turtle 20,
0.0029000000000000137,no_fresh_breakout,104,LPT-USDT-SWAP,2.229,нет свежего пробоя Donchian на последней закрытой свече,,rejected,,
0.0003150000000000042,no_fresh_breakout,104,LQTY-USDT-SWAP,0.2789,нет свежего пробоя Donchian на последней закрытой свече,,rejected,,
0.0,закрытие_не_удержалось_ниже_канала,104,MAGIC-USDT-SWAP,0.0,закрытие не удержалось ниже канала,short,rejected,Turtle 20,
5.9999999999998944e-05,no_fresh_breakout,104,MET-USDT-SWAP,0.1541,нет свежего пробоя Donchian на последней закрытой свече,,rejected,,
0.0001704999999999998,no_fresh_breakout,104,OP-USDT-SWAP,0.12118,нет свежего пробоя Donchian на последней закрытой свече,,rejected,,
2.155000000000001e-08,no_fresh_breakout,104,PEPE-USDT-SWAP,3.413e-06,нет свежего пробоя Donchian на последней закрытой свече,,rejected,,
0.0,atr_warmup:_цена_или_atr_недоступны_после_прогрева,104,SKY-USDT-SWAP,0.0,ATR warmup: цена или ATR недоступны после прогрева,,rejected,,
0.0,закрытие_не_удержалось_выше_канала,104,SOL-USDT-SWAP,0.0,закрытие не удержалось выше канала,long,rejected,Turtle 55,
0.0,закрытие_не_удержалось_выше_канала,104,SOL-USDT-SWAP,0.0,закрытие не удержалось выше канала,long,rejected,Turtle 20,
0.0,закрытие_не_удержалось_ниже_канала,104,SUSHI-USDT-SWAP,0.0,закрытие не удержалось ниже канала,short,rejected,Turtle 55,
0.0,закрытие_не_удержалось_ниже_канала,104,SUSHI-USDT-SWAP,0.0,закрытие не удержалось ниже канала,short,rejected,Turtle 20,
0.007650000000000013,no_fresh_breakout,104,TON-USDT-SWAP,1.241,нет свежего пробоя Donchian на последней закрытой свече,,rejected,,
0.0003799999999999998,no_fresh_breakout,104,TRX-USDT-SWAP,0.3002,нет свежего пробоя Donchian на последней закрытой свече,,rejected,,
1.386499999999998,no_fresh_breakout,104,TSLA-USDT-SWAP,383.69,нет свежего пробоя Donchian на последней закрытой свече,,rejected,,
0.004676000000000008,no_fresh_breakout,104,USDC-USDT-SWAP,0.99995,нет свежего пробоя Donchian на последней закрытой свече,,rejected,,
76.35,no_fresh_breakout,104,XAU-USDT-SWAP,4707.1,нет свежего пробоя Donchian на последней закрытой свече,,rejected,,
0.0018479999999999996,no_fresh_breakout,104,XLM-USDT-SWAP,0.16618,нет свежего пробоя Donchian на последней закрытой свече,,rejected,,
0.010280000000000011,no_fresh_breakout,104,XRP-USDT-SWAP,1.4507,нет свежего пробоя Donchian на последней закрытой свече,,rejected,,
0.0002499999999999995,no_fresh_breakout,104,YB-USDT-SWAP,0.123,нет свежего пробоя Donchian на последней закрытой свече,,rejected,,
15.130000000000042,no_fresh_breakout,104,YFI-USDT-SWAP,2730.2,нет свежего пробоя Donchian на последней закрытой свече,,rejected,,
0.00043500000000000136,no_fresh_breakout,104,YGG-USDT-SWAP,0.0399,нет свежего пробоя Donchian на последней закрытой свече,,rejected,,
0.0,закрытие_не_удержалось_выше_канала,105,1INCH-USDT-SWAP,0.0,закрытие не удержалось выше канала,long,rejected,Turtle 20,
0.001415000000000001,no_fresh_breakout,105,2Z-USDT-SWAP,0.0789,нет свежего пробоя Donchian на последней закрытой свече,,rejected,,
0.2530000000000001,no_fresh_breakout,105,AAVE-USDT-SWAP,112.72,нет свежего пробоя Donchian на последней закрытой свече,,rejected,,
0.0013399999999999968,no_fresh_breakout,105,ADA-USDT-SWAP,0.2686,нет свежего пробоя Donchian на последней закрытой свече,,rejected,,
0.0009549999999999982,no_fresh_breakout,105,ARB-USDT-SWAP,0.0995,нет свежего пробоя Donchian на последней закрытой свече,,rejected,,
0.013015000000000021,no_fresh_breakout,105,ASTER-USDT-SWAP,0.6929,нет свежего пробоя Donchian на последней закрытой свече,,rejected,,
0.04599999999999995,no_fresh_breakout,105,AUCTION-USDT-SWAP,5.036,нет свежего пробоя Donchian на последней закрытой свече,,rejected,,
0.009255000000000046,no_fresh_breakout,105,AXS-USDT-SWAP,1.1934,нет свежего пробоя Donchian на последней закрытой свече,,rejected,,
0.00024000000000000272,no_fresh_breakout,105,BAND-USDT-SWAP,0.2267,нет свежего пробоя Donchian на последней закрытой свече,,rejected,,
0.8899999999999949,no_fresh_breakout,105,BCH-USDT-SWAP,454.8,нет свежего пробоя Donchian на последней закрытой свече,,rejected,,
1.800000000000003e-06,no_fresh_breakout,105,BOME-USDT-SWAP,0.00042,нет свежего пробоя Donchian на последней закрытой свече,,rejected,,
263.0149999999994,no_fresh_breakout,105,BTC-USDT-SWAP,70494.7,нет свежего пробоя Donchian на последней закрытой свече,,rejected,,
0.0005254999999999999,no_fresh_breakout,105,CFX-USDT-SWAP,0.06181,нет свежего пробоя Donchian на последней закрытой свече,,rejected,,
0.12399999999999949,no_fresh_breakout,105,COMP-USDT-SWAP,18.91,нет свежего пробоя Donchian на последней закрытой свече,,rejected,,
0.0024799999999999987,no_fresh_breakout,105,CRV-USDT-SWAP,0.2358,нет свежего пробоя Donchian на последней закрытой свече,,rejected,,
0.000482500000000001,no_fresh_breakout,105,DOGE-USDT-SWAP,0.09385,нет свежего пробоя Donchian на последней закрытой свече,,rejected,,
0.025999999999999978,no_fresh_breakout,105,ETC-USDT-SWAP,8.3,нет свежего пробоя Donchian на последней закрытой свече,,rejected,,
21.10049999999999,no_fresh_breakout,105,ETH-USDT-SWAP,2153.0,нет свежего пробоя Donchian на последней закрытой свече,,rejected,,
0.0009500000000000009,no_fresh_breakout,105,FIL-USDT-SWAP,0.89,нет свежего пробоя Donchian на последней закрытой свече,,rejected,,
0.016699999999999892,no_fresh_breakout,105,ICP-USDT-SWAP,2.508,нет свежего пробоя Donchian на последней закрытой свече,,rejected,,
0.030549999999999987,no_fresh_breakout,105,KSM-USDT-SWAP,4.533,нет свежего пробоя Donchian на последней закрытой свече,,rejected,,
0.0,закрытие_не_удержалось_выше_канала,105,LINK-USDT-SWAP,0.0,закрытие не удержалось выше канала,long,rejected,Turtle 20,
0.0029000000000000137,no_fresh_breakout,105,LPT-USDT-SWAP,2.229,нет свежего пробоя Donchian на последней закрытой свече,,rejected,,
0.0003150000000000042,no_fresh_breakout,105,LQTY-USDT-SWAP,0.2789,нет свежего пробоя Donchian на последней закрытой свече,,rejected,,
0.0,закрытие_не_удержалось_ниже_канала,105,MAGIC-USDT-SWAP,0.0,закрытие не удержалось ниже канала,short,rejected,Turtle 20,
5.9999999999998944e-05,no_fresh_breakout,105,MET-USDT-SWAP,0.1541,нет свежего пробоя Donchian на последней закрытой свече,,rejected,,
0.0001704999999999998,no_fresh_breakout,105,OP-USDT-SWAP,0.12118,нет свежего пробоя Donchian на последней закрытой свече,,rejected,,
2.155000000000001e-08,no_fresh_breakout,105,PEPE-USDT-SWAP,3.413e-06,нет свежего пробоя Donchian на последней закрытой свече,,rejected,,
0.0,atr_warmup:_цена_или_atr_недоступны_после_прогрева,105,SKY-USDT-SWAP,0.0,ATR warmup: цена или ATR недоступны после прогрева,,rejected,,
0.0,закрытие_не_удержалось_выше_канала,105,SOL-USDT-SWAP,0.0,закрытие не удержалось выше канала,long,rejected,Turtle 55,
0.0,закрытие_не_удержалось_выше_канала,105,SOL-USDT-SWAP,0.0,закрытие не удержалось выше канала,long,rejected,Turtle 20,
0.0,закрытие_не_удержалось_ниже_канала,105,SUSHI-USDT-SWAP,0.0,закрытие не удержалось ниже канала,short,rejected,Turtle 55,
0.0,закрытие_не_удержалось_ниже_канала,105,SUSHI-USDT-SWAP,0.0,закрытие не удержалось ниже канала,short,rejected,Turtle 20,
0.007650000000000013,no_fresh_breakout,105,TON-USDT-SWAP,1.241,нет свежего пробоя Donchian на последней закрытой свече,,rejected,,
0.0003799999999999998,no_fresh_breakout,105,TRX-USDT-SWAP,0.3002,нет свежего пробоя Donchian на последней закрытой свече,,rejected,,
1.386499999999998,no_fresh_breakout,105,TSLA-USDT-SWAP,383.69,нет свежего пробоя Donchian на последней закрытой свече,,rejected,,
0.004676000000000008,no_fresh_breakout,105,USDC-USDT-SWAP,0.99995,нет свежего пробоя Donchian на последней закрытой свече,,rejected,,
76.35,no_fresh_breakout,105,XAU-USDT-SWAP,4707.1,нет свежего пробоя Donchian на последней закрытой свече,,rejected,,
0.0018479999999999996,no_fresh_breakout,105,XLM-USDT-SWAP,0.16618,нет свежего пробоя Donchian на последней закрытой свече,,rejected,,
0.010280000000000011,no_fresh_breakout,105,XRP-USDT-SWAP,1.4507,нет свежего пробоя Donchian на последней закрытой свече,,rejected,,
0.0002499999999999995,no_fresh_breakout,105,YB-USDT-SWAP,0.123,нет свежего пробоя Donchian на последней закрытой свече,,rejected,,
15.130000000000042,no_fresh_breakout,105,YFI-USDT-SWAP,2730.2,нет свежего пробоя Donchian на последней закрытой свече,,rejected,,
0.00043500000000000136,no_fresh_breakout,105,YGG-USDT-SWAP,0.0399,нет свежего пробоя Donchian на последней закрытой свече,,rejected,,
0.0,закрытие_не_удержалось_выше_канала,106,1INCH-USDT-SWAP,0.0,закрытие не удержалось выше канала,long,rejected,Turtle 20,
0.001415000000000001,no_fresh_breakout,106,2Z-USDT-SWAP,0.0789,нет свежего пробоя Donchian на последней закрытой свече,,rejected,,
0.2530000000000001,no_fresh_breakout,106,AAVE-USDT-SWAP,112.72,нет свежего пробоя Donchian на последней закрытой свече,,rejected,,
0.0013399999999999968,no_fresh_breakout,106,ADA-USDT-SWAP,0.2686,нет свежего пробоя Donchian на последней закрытой свече,,rejected,,
0.0009549999999999982,no_fresh_breakout,106,ARB-USDT-SWAP,0.0995,нет свежего пробоя Donchian на последней закрытой свече,,rejected,,
0.013015000000000021,no_fresh_breakout,106,ASTER-USDT-SWAP,0.6929,нет свежего пробоя Donchian на последней закрытой свече,,rejected,,
0.04599999999999995,no_fresh_breakout,106,AUCTION-USDT-SWAP,5.036,нет свежего пробоя Donchian на последней закрытой свече,,rejected,,
0.009255000000000046,no_fresh_breakout,106,AXS-USDT-SWAP,1.1934,нет свежего пробоя Donchian на последней закрытой свече,,rejected,,
0.00024000000000000272,no_fresh_breakout,106,BAND-USDT-SWAP,0.2267,нет свежего пробоя Donchian на последней закрытой свече,,rejected,,
0.8899999999999949,no_fresh_breakout,106,BCH-USDT-SWAP,454.8,нет свежего пробоя Donchian на последней закрытой свече,,rejected,,
1.800000000000003e-06,no_fresh_breakout,106,BOME-USDT-SWAP,0.00042,нет свежего пробоя Donchian на последней закрытой свече,,rejected,,
263.0149999999994,no_fresh_breakout,106,BTC-USDT-SWAP,70494.7,нет свежего пробоя Donchian на последней закрытой свече,,rejected,,
0.0005254999999999999,no_fresh_breakout,106,CFX-USDT-SWAP,0.06181,нет свежего пробоя Donchian на последней закрытой свече,,rejected,,
0.12399999999999949,no_fresh_breakout,106,COMP-USDT-SWAP,18.91,нет свежего пробоя Donchian на последней закрытой свече,,rejected,,
0.0024799999999999987,no_fresh_breakout,106,CRV-USDT-SWAP,0.2358,нет свежего пробоя Donchian на последней закрытой свече,,rejected,,
0.000482500000000001,no_fresh_breakout,106,DOGE-USDT-SWAP,0.09385,нет свежего пробоя Donchian на последней закрытой свече,,rejected,,
0.025999999999999978,no_fresh_breakout,106,ETC-USDT-SWAP,8.3,нет свежего пробоя Donchian на последней закрытой свече,,rejected,,
21.10049999999999,no_fresh_breakout,106,ETH-USDT-SWAP,2153.0,нет свежего пробоя Donchian на последней закрытой свече,,rejected,,
0.0009500000000000009,no_fresh_breakout,106,FIL-USDT-SWAP,0.89,нет свежего пробоя Donchian на последней закрытой свече,,rejected,,
0.016699999999999892,no_fresh_breakout,106,ICP-USDT-SWAP,2.508,нет свежего пробоя Donchian на последней закрытой свече,,rejected,,
0.030549999999999987,no_fresh_breakout,106,KSM-USDT-SWAP,4.533,нет свежего пробоя Donchian на последней закрытой свече,,rejected,,
0.0,закрытие_не_удержалось_выше_канала,106,LINK-USDT-SWAP,0.0,закрытие не удержалось выше канала,long,rejected,Turtle 20,
0.0029000000000000137,no_fresh_breakout,106,LPT-USDT-SWAP,2.229,нет свежего пробоя Donchian на последней закрытой свече,,rejected,,
0.0003150000000000042,no_fresh_breakout,106,LQTY-USDT-SWAP,0.2789,нет свежего пробоя Donchian на последней закрытой свече,,rejected,,
0.0,закрытие_не_удержалось_ниже_канала,106,MAGIC-USDT-SWAP,0.0,закрытие не удержалось ниже канала,short,rejected,Turtle 20,
2.9999999999999472e-05,no_fresh_breakout,106,MET-USDT-SWAP,0.1541,нет свежего пробоя Donchian на последней закрытой свече,,rejected,,
0.0001704999999999998,no_fresh_breakout,106,OP-USDT-SWAP,0.12118,нет свежего пробоя Donchian на последней закрытой свече,,rejected,,
2.155000000000001e-08,no_fresh_breakout,106,PEPE-USDT-SWAP,3.4e-06,нет свежего пробоя Donchian на последней закрытой свече,,rejected,,
0.0,atr_warmup:_цена_или_atr_недоступны_после_прогрева,106,SKY-USDT-SWAP,0.0,ATR warmup: цена или ATR недоступны после прогрева,,rejected,,
0.5960000000000001,no_fresh_breakout,106,SOL-USDT-SWAP,88.85,нет свежего пробоя Donchian на последней закрытой свече,,rejected,,
0.012715000000000004,no_fresh_breakout,106,SUSHI-USDT-SWAP,0.2216,нет свежего пробоя Donchian на последней закрытой свече,,rejected,,
0.007750000000000023,no_fresh_breakout,106,TON-USDT-SWAP,1.238,нет свежего пробоя Donchian на последней закрытой свече,,rejected,,
0.00040999999999999923,no_fresh_breakout,106,TRX-USDT-SWAP,0.3004,нет свежего пробоя Donchian на последней закрытой свече,,rejected,,
1.4324999999999988,no_fresh_breakout,106,TSLA-USDT-SWAP,383.08,нет свежего пробоя Donchian на последней закрытой свече,,rejected,,
0.004676000000000008,no_fresh_breakout,106,USDC-USDT-SWAP,0.99995,нет свежего пробоя Donchian на последней закрытой свече,,rejected,,
71.89499999999998,no_fresh_breakout,106,XAU-USDT-SWAP,4667.6,нет свежего пробоя Donchian на последней закрытой свече,,rejected,,
0.001933,no_fresh_breakout,106,XLM-USDT-SWAP,0.16616,нет свежего пробоя Donchian на последней закрытой свече,,rejected,,
0.010415000000000008,no_fresh_breakout,106,XRP-USDT-SWAP,1.4467,нет свежего пробоя Donchian на последней закрытой свече,,rejected,,
0.0002499999999999995,no_fresh_breakout,106,YB-USDT-SWAP,0.123,нет свежего пробоя Donchian на последней закрытой свече,,rejected,,
15.130000000000042,no_fresh_breakout,106,YFI-USDT-SWAP,2730.2,нет свежего пробоя Donchian на последней закрытой свече,,rejected,,
0.0,закрытие_не_удержалось_выше_канала,106,YGG-USDT-SWAP,0.0,закрытие не удержалось выше канала,long,rejected,Turtle 55,
0.0,закрытие_не_удержалось_выше_канала,106,YGG-USDT-SWAP,0.0,закрытие не удержалось выше канала,long,rejected,Turtle 20,
6.0000000000000334e-05,no_fresh_breakout,107,1INCH-USDT-SWAP,0.0951,нет свежего пробоя Donchian на последней закрытой свече,,rejected,,
0.0014000000000000006,no_fresh_breakout,107,2Z-USDT-SWAP,0.0791,нет свежего пробоя Donchian на последней закрытой свече,,rejected,,
0.2719999999999999,no_fresh_breakout,107,AAVE-USDT-SWAP,112.33,нет свежего пробоя Donchian на последней закрытой свече,,rejected,,
0.0013599999999999945,no_fresh_breakout,107,ADA-USDT-SWAP,0.2674,нет свежего пробоя Donchian на последней закрытой свече,,rejected,,
0.0009799999999999982,no_fresh_breakout,107,ARB-USDT-SWAP,0.0991,нет свежего пробоя Donchian на последней закрытой свече,,rejected,,
0.01291500000000002,no_fresh_breakout,107,ASTER-USDT-SWAP,0.6943,нет свежего пробоя Donchian на последней закрытой свече,,rejected,,
0.0,закрытие_не_удержалось_выше_канала,107,AUCTION-USDT-SWAP,0.0,закрытие не удержалось выше канала,long,rejected,Turtle 55,
0.0,закрытие_не_удержалось_выше_канала,107,AUCTION-USDT-SWAP,0.0,закрытие не удержалось выше канала,long,rejected,Turtle 20,
0.0,закрытие_не_удержалось_выше_канала,107,AXS-USDT-SWAP,0.0,закрытие не удержалось выше канала,long,rejected,Turtle 20,
0.0002700000000000036,no_fresh_breakout,107,BAND-USDT-SWAP,0.2261,нет свежего пробоя Donchian на последней закрытой свече,,rejected,,
0.4049999999999955,no_fresh_breakout,107,BCH-USDT-SWAP,454.8,нет свежего пробоя Donchian на последней закрытой свече,,rejected,,
1.8500000000000016e-06,no_fresh_breakout,107,BOME-USDT-SWAP,0.000419,нет свежего пробоя Donchian на последней закрытой свече,,rejected,,
288.4049999999996,no_fresh_breakout,107,BTC-USDT-SWAP,70251.3,нет свежего пробоя Donchian на последней закрытой свече,,rejected,,
0.0005194999999999998,no_fresh_breakout,107,CFX-USDT-SWAP,0.06174,нет свежего пробоя Donchian на последней закрытой свече,,rejected,,
0.12649999999999934,no_fresh_breakout,107,COMP-USDT-SWAP,18.9,нет свежего пробоя Donchian на последней закрытой свече,,rejected,,
0.0,oversized_breakout_candle_4.50_atr_>_3.50_atr,107,CRV-USDT-SWAP,0.0,oversized breakout candle 4.50 ATR > 3.50 ATR,long,rejected,Turtle 20,
0.021999999999999974,no_fresh_breakout,107,ETC-USDT-SWAP,8.3,нет свежего пробоя Donchian на последней закрытой свече,,rejected,,
20.905499999999982,no_fresh_breakout,107,ETH-USDT-SWAP,2150.0,нет свежего пробоя Donchian на последней закрытой свече,,rejected,,
0.0009000000000000008,no_fresh_breakout,107,FIL-USDT-SWAP,0.89,нет свежего пробоя Donchian на последней закрытой свече,,rejected,,
0.016749999999999887,no_fresh_breakout,107,ICP-USDT-SWAP,2.499,нет свежего пробоя Donchian на последней закрытой свече,,rejected,,
0.031400000000000004,no_fresh_breakout,107,KSM-USDT-SWAP,4.538,нет свежего пробоя Donchian на последней закрытой свече,,rejected,,
0.05944999999999965,no_fresh_breakout,107,LINK-USDT-SWAP,9.04,нет свежего пробоя Donchian на последней закрытой свече,,rejected,,
0.0033500000000000084,no_fresh_breakout,107,LPT-USDT-SWAP,2.22,нет свежего пробоя Donchian на последней закрытой свече,,rejected,,
0.0003750000000000031,no_fresh_breakout,107,LQTY-USDT-SWAP,0.2777,нет свежего пробоя Donchian на последней закрытой свече,,rejected,,
0.004205,no_fresh_breakout,107,MAGIC-USDT-SWAP,0.06213,нет свежего пробоя Donchian на последней закрытой свече,,rejected,,
2.9999999999999472e-05,no_fresh_breakout,107,MET-USDT-SWAP,0.1541,нет свежего пробоя Donchian на последней закрытой свече,,rejected,,
0.00017150000000000013,no_fresh_breakout,107,OP-USDT-SWAP,0.1212,нет свежего пробоя Donchian на последней закрытой свече,,rejected,,
2.155000000000001e-08,no_fresh_breakout,107,PEPE-USDT-SWAP,3.4e-06,нет свежего пробоя Donchian на последней закрытой свече,,rejected,,
0.0,atr_warmup:_цена_или_atr_недоступны_после_прогрева,107,SKY-USDT-SWAP,0.0,ATR warmup: цена или ATR недоступны после прогрева,,rejected,,
0.5960000000000001,no_fresh_breakout,107,SOL-USDT-SWAP,88.85,нет свежего пробоя Donchian на последней закрытой свече,,rejected,,
0.012715000000000004,no_fresh_breakout,107,SUSHI-USDT-SWAP,0.2216,нет свежего пробоя Donchian на последней закрытой свече,,rejected,,
0.007750000000000023,no_fresh_breakout,107,TON-USDT-SWAP,1.238,нет свежего пробоя Donchian на последней закрытой свече,,rejected,,
0.00040999999999999923,no_fresh_breakout,107,TRX-USDT-SWAP,0.3004,нет свежего пробоя Donchian на последней закрытой свече,,rejected,,
1.4324999999999988,no_fresh_breakout,107,TSLA-USDT-SWAP,383.08,нет свежего пробоя Donchian на последней закрытой свече,,rejected,,
0.004676000000000008,no_fresh_breakout,107,USDC-USDT-SWAP,1.0039,нет свежего пробоя Donchian на последней закрытой свече,,rejected,,
71.89499999999998,no_fresh_breakout,107,XAU-USDT-SWAP,4667.6,нет свежего пробоя Donchian на последней закрытой свече,,rejected,,
0.001933,no_fresh_breakout,107,XLM-USDT-SWAP,0.16616,нет свежего пробоя Donchian на последней закрытой свече,,rejected,,
0.010415000000000008,no_fresh_breakout,107,XRP-USDT-SWAP,1.4467,нет свежего пробоя Donchian на последней закрытой свече,,rejected,,
0.0002499999999999995,no_fresh_breakout,107,YB-USDT-SWAP,0.123,нет свежего пробоя Donchian на последней закрытой свече,,rejected,,
15.440000000000031,no_fresh_breakout,107,YFI-USDT-SWAP,2724.2,нет свежего пробоя Donchian на последней закрытой свече,,rejected,,
0.0,закрытие_не_удержалось_выше_канала,107,YGG-USDT-SWAP,0.0,закрытие не удержалось выше канала,long,rejected,Turtle 55,
0.0,закрытие_не_удержалось_выше_канала,107,YGG-USDT-SWAP,0.0,закрытие не удержалось выше канала,long,rejected,Turtle 20,
6.0000000000000334e-05,no_fresh_breakout,108,1INCH-USDT-SWAP,0.0951,нет свежего пробоя Donchian на последней закрытой свече,,rejected,,
0.0014000000000000006,no_fresh_breakout,108,2Z-USDT-SWAP,0.0791,нет свежего пробоя Donchian на последней закрытой свече,,rejected,,
0.2719999999999999,no_fresh_breakout,108,AAVE-USDT-SWAP,112.33,нет свежего пробоя Donchian на последней закрытой свече,,rejected,,
0.0013599999999999945,no_fresh_breakout,108,ADA-USDT-SWAP,0.2674,нет свежего пробоя Donchian на последней закрытой свече,,rejected,,
0.0009799999999999982,no_fresh_breakout,108,ARB-USDT-SWAP,0.0991,нет свежего пробоя Donchian на последней закрытой свече,,rejected,,
0.01291500000000002,no_fresh_breakout,108,ASTER-USDT-SWAP,0.6943,нет свежего пробоя Donchian на последней закрытой свече,,rejected,,
0.0,закрытие_не_удержалось_выше_канала,108,AUCTION-USDT-SWAP,0.0,закрытие не удержалось выше канала,long,rejected,Turtle 55,
0.0,закрытие_не_удержалось_выше_канала,108,AUCTION-USDT-SWAP,0.0,закрытие не удержалось выше канала,long,rejected,Turtle 20,
0.0,закрытие_не_удержалось_выше_канала,108,AXS-USDT-SWAP,0.0,закрытие не удержалось выше канала,long,rejected,Turtle 20,
0.0002700000000000036,no_fresh_breakout,108,BAND-USDT-SWAP,0.2261,нет свежего пробоя Donchian на последней закрытой свече,,rejected,,
0.4049999999999955,no_fresh_breakout,108,BCH-USDT-SWAP,454.8,нет свежего пробоя Donchian на последней закрытой свече,,rejected,,
1.8500000000000016e-06,no_fresh_breakout,108,BOME-USDT-SWAP,0.000419,нет свежего пробоя Donchian на последней закрытой свече,,rejected,,
288.4049999999996,no_fresh_breakout,108,BTC-USDT-SWAP,70251.3,нет свежего пробоя Donchian на последней закрытой свече,,rejected,,
0.0005194999999999998,no_fresh_breakout,108,CFX-USDT-SWAP,0.06174,нет свежего пробоя Donchian на последней закрытой свече,,rejected,,
0.12649999999999934,no_fresh_breakout,108,COMP-USDT-SWAP,18.9,нет свежего пробоя Donchian на последней закрытой свече,,rejected,,
0.0,oversized_breakout_candle_4.50_atr_>_3.50_atr,108,CRV-USDT-SWAP,0.0,oversized breakout candle 4.50 ATR > 3.50 ATR,long,rejected,Turtle 20,
0.021999999999999974,no_fresh_breakout,108,ETC-USDT-SWAP,8.3,нет свежего пробоя Donchian на последней закрытой свече,,rejected,,
20.905499999999982,no_fresh_breakout,108,ETH-USDT-SWAP,2150.0,нет свежего пробоя Donchian на последней закрытой свече,,rejected,,
0.0009000000000000008,no_fresh_breakout,108,FIL-USDT-SWAP,0.89,нет свежего пробоя Donchian на последней закрытой свече,,rejected,,
0.016749999999999887,no_fresh_breakout,108,ICP-USDT-SWAP,2.499,нет свежего пробоя Donchian на последней закрытой свече,,rejected,,
0.031400000000000004,no_fresh_breakout,108,KSM-USDT-SWAP,4.538,нет свежего пробоя Donchian на последней закрытой свече,,rejected,,
0.05944999999999965,no_fresh_breakout,108,LINK-USDT-SWAP,9.04,нет свежего пробоя Donchian на последней закрытой свече,,rejected,,
0.0033500000000000084,no_fresh_breakout,108,LPT-USDT-SWAP,2.22,нет свежего пробоя Donchian на последней закрытой свече,,rejected,,
0.0003750000000000031,no_fresh_breakout,108,LQTY-USDT-SWAP,0.2777,нет свежего пробоя Donchian на последней закрытой свече,,rejected,,
0.004205,no_fresh_breakout,108,MAGIC-USDT-SWAP,0.06213,нет свежего пробоя Donchian на последней закрытой свече,,rejected,,
2.9999999999999472e-05,no_fresh_breakout,108,MET-USDT-SWAP,0.1541,нет свежего пробоя Donchian на последней закрытой свече,,rejected,,
0.00017150000000000013,no_fresh_breakout,108,OP-USDT-SWAP,0.1212,нет свежего пробоя Donchian на последней закрытой свече,,rejected,,
2.155000000000001e-08,no_fresh_breakout,108,PEPE-USDT-SWAP,3.4e-06,нет свежего пробоя Donchian на последней закрытой свече,,rejected,,
0.0,atr_warmup:_цена_или_atr_недоступны_после_прогрева,108,SKY-USDT-SWAP,0.0,ATR warmup: цена или ATR недоступны после прогрева,,rejected,,
0.5960000000000001,no_fresh_breakout,108,SOL-USDT-SWAP,88.85,нет свежего пробоя Donchian на последней закрытой свече,,rejected,,
0.012715000000000004,no_fresh_breakout,108,SUSHI-USDT-SWAP,0.2216,нет свежего пробоя Donchian на последней закрытой свече,,rejected,,
0.007750000000000023,no_fresh_breakout,108,TON-USDT-SWAP,1.238,нет свежего пробоя Donchian на последней закрытой свече,,rejected,,
0.00040999999999999923,no_fresh_breakout,108,TRX-USDT-SWAP,0.3004,нет свежего пробоя Donchian на последней закрытой свече,,rejected,,
1.4324999999999988,no_fresh_breakout,108,TSLA-USDT-SWAP,383.08,нет свежего пробоя Donchian на последней закрытой свече,,rejected,,
0.004676000000000008,no_fresh_breakout,108,USDC-USDT-SWAP,1.0039,нет свежего пробоя Donchian на последней закрытой свече,,rejected,,
71.89499999999998,no_fresh_breakout,108,XAU-USDT-SWAP,4667.6,нет свежего пробоя Donchian на последней закрытой свече,,rejected,,
0.001933,no_fresh_breakout,108,XLM-USDT-SWAP,0.16616,нет свежего пробоя Donchian на последней закрытой свече,,rejected,,
0.010415000000000008,no_fresh_breakout,108,XRP-USDT-SWAP,1.4467,нет свежего пробоя Donchian на последней закрытой свече,,rejected,,
0.0002499999999999995,no_fresh_breakout,108,YB-USDT-SWAP,0.123,нет свежего пробоя Donchian на последней закрытой свече,,rejected,,
15.440000000000031,no_fresh_breakout,108,YFI-USDT-SWAP,2724.2,нет свежего пробоя Donchian на последней закрытой свече,,rejected,,
0.0,закрытие_не_удержалось_выше_канала,108,YGG-USDT-SWAP,0.0,закрытие не удержалось выше канала,long,rejected,Turtle 55,
0.0,закрытие_не_удержалось_выше_канала,108,YGG-USDT-SWAP,0.0,закрытие не удержалось выше канала,long,rejected,Turtle 20,
6.0000000000000334e-05,no_fresh_breakout,109,1INCH-USDT-SWAP,0.0951,нет свежего пробоя Donchian на последней закрытой свече,,rejected,,
0.0014000000000000006,no_fresh_breakout,109,2Z-USDT-SWAP,0.0791,нет свежего пробоя Donchian на последней закрытой свече,,rejected,,
0.2719999999999999,no_fresh_breakout,109,AAVE-USDT-SWAP,112.33,нет свежего пробоя Donchian на последней закрытой свече,,rejected,,
0.0013599999999999945,no_fresh_breakout,109,ADA-USDT-SWAP,0.2674,нет свежего пробоя Donchian на последней закрытой свече,,rejected,,
0.0009799999999999982,no_fresh_breakout,109,ARB-USDT-SWAP,0.0991,нет свежего пробоя Donchian на последней закрытой свече,,rejected,,
0.01291500000000002,no_fresh_breakout,109,ASTER-USDT-SWAP,0.6943,нет свежего пробоя Donchian на последней закрытой свече,,rejected,,
0.0,закрытие_не_удержалось_выше_канала,109,AUCTION-USDT-SWAP,0.0,закрытие не удержалось выше канала,long,rejected,Turtle 55,
0.0,закрытие_не_удержалось_выше_канала,109,AUCTION-USDT-SWAP,0.0,закрытие не удержалось выше канала,long,rejected,Turtle 20,
0.0,закрытие_не_удержалось_выше_канала,109,AXS-USDT-SWAP,0.0,закрытие не удержалось выше канала,long,rejected,Turtle 20,
0.0002700000000000036,no_fresh_breakout,109,BAND-USDT-SWAP,0.2261,нет свежего пробоя Donchian на последней закрытой свече,,rejected,,
0.4049999999999955,no_fresh_breakout,109,BCH-USDT-SWAP,454.8,нет свежего пробоя Donchian на последней закрытой свече,,rejected,,
1.8500000000000016e-06,no_fresh_breakout,109,BOME-USDT-SWAP,0.000419,нет свежего пробоя Donchian на последней закрытой свече,,rejected,,
288.4049999999996,no_fresh_breakout,109,BTC-USDT-SWAP,70251.3,нет свежего пробоя Donchian на последней закрытой свече,,rejected,,
0.0005194999999999998,no_fresh_breakout,109,CFX-USDT-SWAP,0.06174,нет свежего пробоя Donchian на последней закрытой свече,,rejected,,
0.12649999999999934,no_fresh_breakout,109,COMP-USDT-SWAP,18.9,нет свежего пробоя Donchian на последней закрытой свече,,rejected,,
0.0,oversized_breakout_candle_4.50_atr_>_3.50_atr,109,CRV-USDT-SWAP,0.0,oversized breakout candle 4.50 ATR > 3.50 ATR,long,rejected,Turtle 20,
0.021999999999999974,no_fresh_breakout,109,ETC-USDT-SWAP,8.3,нет свежего пробоя Donchian на последней закрытой свече,,rejected,,
20.905499999999982,no_fresh_breakout,109,ETH-USDT-SWAP,2150.0,нет свежего пробоя Donchian на последней закрытой свече,,rejected,,
0.0009000000000000008,no_fresh_breakout,109,FIL-USDT-SWAP,0.89,нет свежего пробоя Donchian на последней закрытой свече,,rejected,,
0.016749999999999887,no_fresh_breakout,109,ICP-USDT-SWAP,2.499,нет свежего пробоя Donchian на последней закрытой свече,,rejected,,
0.031400000000000004,no_fresh_breakout,109,KSM-USDT-SWAP,4.538,нет свежего пробоя Donchian на последней закрытой свече,,rejected,,
0.05944999999999965,no_fresh_breakout,109,LINK-USDT-SWAP,9.04,нет свежего пробоя Donchian на последней закрытой свече,,rejected,,
0.0033500000000000084,no_fresh_breakout,109,LPT-USDT-SWAP,2.22,нет свежего пробоя Donchian на последней закрытой свече,,rejected,,
0.0003750000000000031,no_fresh_breakout,109,LQTY-USDT-SWAP,0.2777,нет свежего пробоя Donchian на последней закрытой свече,,rejected,,
0.004205,no_fresh_breakout,109,MAGIC-USDT-SWAP,0.06213,нет свежего пробоя Donchian на последней закрытой свече,,rejected,,
2.9999999999999472e-05,no_fresh_breakout,109,MET-USDT-SWAP,0.1541,нет свежего пробоя Donchian на последней закрытой свече,,rejected,,
0.00017150000000000013,no_fresh_breakout,109,OP-USDT-SWAP,0.1212,нет свежего пробоя Donchian на последней закрытой свече,,rejected,,
2.155000000000001e-08,no_fresh_breakout,109,PEPE-USDT-SWAP,3.4e-06,нет свежего пробоя Donchian на последней закрытой свече,,rejected,,
0.0,atr_warmup:_цена_или_atr_недоступны_после_прогрева,109,SKY-USDT-SWAP,0.0,ATR warmup: цена или ATR недоступны после прогрева,,rejected,,
0.5960000000000001,no_fresh_breakout,109,SOL-USDT-SWAP,88.85,нет свежего пробоя Donchian на последней закрытой свече,,rejected,,
0.012715000000000004,no_fresh_breakout,109,SUSHI-USDT-SWAP,0.2216,нет свежего пробоя Donchian на последней закрытой свече,,rejected,,
0.007750000000000023,no_fresh_breakout,109,TON-USDT-SWAP,1.238,нет свежего пробоя Donchian на последней закрытой свече,,rejected,,
0.00040999999999999923,no_fresh_breakout,109,TRX-USDT-SWAP,0.3004,нет свежего пробоя Donchian на последней закрытой свече,,rejected,,
1.4324999999999988,no_fresh_breakout,109,TSLA-USDT-SWAP,383.08,нет свежего пробоя Donchian на последней закрытой свече,,rejected,,
0.004676000000000008,no_fresh_breakout,109,USDC-USDT-SWAP,1.0039,нет свежего пробоя Donchian на последней закрытой свече,,rejected,,
71.89499999999998,no_fresh_breakout,109,XAU-USDT-SWAP,4667.6,нет свежего пробоя Donchian на последней закрытой свече,,rejected,,
0.001933,no_fresh_breakout,109,XLM-USDT-SWAP,0.16616,нет свежего пробоя Donchian на последней закрытой свече,,rejected,,
0.010415000000000008,no_fresh_breakout,109,XRP-USDT-SWAP,1.4467,нет свежего пробоя Donchian на последней закрытой свече,,rejected,,
0.0002499999999999995,no_fresh_breakout,109,YB-USDT-SWAP,0.123,нет свежего пробоя Donchian на последней закрытой свече,,rejected,,
15.440000000000031,no_fresh_breakout,109,YFI-USDT-SWAP,2724.2,нет свежего пробоя Donchian на последней закрытой свече,,rejected,,
0.0,закрытие_не_удержалось_выше_канала,109,YGG-USDT-SWAP,0.0,закрытие не удержалось выше канала,long,rejected,Turtle 55,
0.0,закрытие_не_удержалось_выше_канала,109,YGG-USDT-SWAP,0.0,закрытие не удержалось выше канала,long,rejected,Turtle 20,
6.0000000000000334e-05,no_fresh_breakout,110,1INCH-USDT-SWAP,0.0951,нет свежего пробоя Donchian на последней закрытой свече,,rejected,,
0.0014000000000000006,no_fresh_breakout,110,2Z-USDT-SWAP,0.0791,нет свежего пробоя Donchian на последней закрытой свече,,rejected,,
0.2719999999999999,no_fresh_breakout,110,AAVE-USDT-SWAP,112.33,нет свежего пробоя Donchian на последней закрытой свече,,rejected,,
0.0013599999999999945,no_fresh_breakout,110,ADA-USDT-SWAP,0.2674,нет свежего пробоя Donchian на последней закрытой свече,,rejected,,
0.0009799999999999982,no_fresh_breakout,110,ARB-USDT-SWAP,0.0991,нет свежего пробоя Donchian на последней закрытой свече,,rejected,,
0.01291500000000002,no_fresh_breakout,110,ASTER-USDT-SWAP,0.6943,нет свежего пробоя Donchian на последней закрытой свече,,rejected,,
0.0,закрытие_не_удержалось_выше_канала,110,AUCTION-USDT-SWAP,0.0,закрытие не удержалось выше канала,long,rejected,Turtle 55,
0.0,закрытие_не_удержалось_выше_канала,110,AUCTION-USDT-SWAP,0.0,закрытие не удержалось выше канала,long,rejected,Turtle 20,
0.0,закрытие_не_удержалось_выше_канала,110,AXS-USDT-SWAP,0.0,закрытие не удержалось выше канала,long,rejected,Turtle 20,
0.0002700000000000036,no_fresh_breakout,110,BAND-USDT-SWAP,0.2261,нет свежего пробоя Donchian на последней закрытой свече,,rejected,,
0.4049999999999955,no_fresh_breakout,110,BCH-USDT-SWAP,454.8,нет свежего пробоя Donchian на последней закрытой свече,,rejected,,
1.8500000000000016e-06,no_fresh_breakout,110,BOME-USDT-SWAP,0.000419,нет свежего пробоя Donchian на последней закрытой свече,,rejected,,
288.4049999999996,no_fresh_breakout,110,BTC-USDT-SWAP,70251.3,нет свежего пробоя Donchian на последней закрытой свече,,rejected,,
0.0005194999999999998,no_fresh_breakout,110,CFX-USDT-SWAP,0.06174,нет свежего пробоя Donchian на последней закрытой свече,,rejected,,
0.12649999999999934,no_fresh_breakout,110,COMP-USDT-SWAP,18.9,нет свежего пробоя Donchian на последней закрытой свече,,rejected,,
0.0,oversized_breakout_candle_4.50_atr_>_3.50_atr,110,CRV-USDT-SWAP,0.0,oversized breakout candle 4.50 ATR > 3.50 ATR,long,rejected,Turtle 20,
0.021999999999999974,no_fresh_breakout,110,ETC-USDT-SWAP,8.3,нет свежего пробоя Donchian на последней закрытой свече,,rejected,,
20.905499999999982,no_fresh_breakout,110,ETH-USDT-SWAP,2150.0,нет свежего пробоя Donchian на последней закрытой свече,,rejected,,
0.0009000000000000008,no_fresh_breakout,110,FIL-USDT-SWAP,0.89,нет свежего пробоя Donchian на последней закрытой свече,,rejected,,
0.016749999999999887,no_fresh_breakout,110,ICP-USDT-SWAP,2.499,нет свежего пробоя Donchian на последней закрытой свече,,rejected,,
0.031400000000000004,no_fresh_breakout,110,KSM-USDT-SWAP,4.538,нет свежего пробоя Donchian на последней закрытой свече,,rejected,,
0.05944999999999965,no_fresh_breakout,110,LINK-USDT-SWAP,9.04,нет свежего пробоя Donchian на последней закрытой свече,,rejected,,
0.0033500000000000084,no_fresh_breakout,110,LPT-USDT-SWAP,2.22,нет свежего пробоя Donchian на последней закрытой свече,,rejected,,
0.0003750000000000031,no_fresh_breakout,110,LQTY-USDT-SWAP,0.2777,нет свежего пробоя Donchian на последней закрытой свече,,rejected,,
0.004205,no_fresh_breakout,110,MAGIC-USDT-SWAP,0.06213,нет свежего пробоя Donchian на последней закрытой свече,,rejected,,
2.9999999999999472e-05,no_fresh_breakout,110,MET-USDT-SWAP,0.1541,нет свежего пробоя Donchian на последней закрытой свече,,rejected,,
0.00017150000000000013,no_fresh_breakout,110,OP-USDT-SWAP,0.1212,нет свежего пробоя Donchian на последней закрытой свече,,rejected,,
2.155000000000001e-08,no_fresh_breakout,110,PEPE-USDT-SWAP,3.4e-06,нет свежего пробоя Donchian на последней закрытой свече,,rejected,,
0.0,atr_warmup:_цена_или_atr_недоступны_после_прогрева,110,SKY-USDT-SWAP,0.0,ATR warmup: цена или ATR недоступны после прогрева,,rejected,,
0.5960000000000001,no_fresh_breakout,110,SOL-USDT-SWAP,88.85,нет свежего пробоя Donchian на последней закрытой свече,,rejected,,
0.012715000000000004,no_fresh_breakout,110,SUSHI-USDT-SWAP,0.2216,нет свежего пробоя Donchian на последней закрытой свече,,rejected,,
0.007750000000000023,no_fresh_breakout,110,TON-USDT-SWAP,1.238,нет свежего пробоя Donchian на последней закрытой свече,,rejected,,
0.00040999999999999923,no_fresh_breakout,110,TRX-USDT-SWAP,0.3004,нет свежего пробоя Donchian на последней закрытой свече,,rejected,,
1.4324999999999988,no_fresh_breakout,110,TSLA-USDT-SWAP,383.08,нет свежего пробоя Donchian на последней закрытой свече,,rejected,,
0.004676000000000008,no_fresh_breakout,110,USDC-USDT-SWAP,1.0039,нет свежего пробоя Donchian на последней закрытой свече,,rejected,,
71.89499999999998,no_fresh_breakout,110,XAU-USDT-SWAP,4667.6,нет свежего пробоя Donchian на последней закрытой свече,,rejected,,
0.001933,no_fresh_breakout,110,XLM-USDT-SWAP,0.16616,нет свежего пробоя Donchian на последней закрытой свече,,rejected,,
0.010415000000000008,no_fresh_breakout,110,XRP-USDT-SWAP,1.4467,нет свежего пробоя Donchian на последней закрытой свече,,rejected,,
0.0002499999999999995,no_fresh_breakout,110,YB-USDT-SWAP,0.123,нет свежего пробоя Donchian на последней закрытой свече,,rejected,,
15.440000000000031,no_fresh_breakout,110,YFI-USDT-SWAP,2724.2,нет свежего пробоя Donchian на последней закрытой свече,,rejected,,
0.0,закрытие_не_удержалось_выше_канала,110,YGG-USDT-SWAP,0.0,закрытие не удержалось выше канала,long,rejected,Turtle 55,
0.0,закрытие_не_удержалось_выше_канала,110,YGG-USDT-SWAP,0.0,закрытие не удержалось выше канала,long,rejected,Turtle 20,
6.0000000000000334e-05,no_fresh_breakout,111,1INCH-USDT-SWAP,0.0951,нет свежего пробоя Donchian на последней закрытой свече,,rejected,,
0.0014000000000000006,no_fresh_breakout,111,2Z-USDT-SWAP,0.0791,нет свежего пробоя Donchian на последней закрытой свече,,rejected,,
0.2719999999999999,no_fresh_breakout,111,AAVE-USDT-SWAP,112.33,нет свежего пробоя Donchian на последней закрытой свече,,rejected,,
0.0013599999999999945,no_fresh_breakout,111,ADA-USDT-SWAP,0.2674,нет свежего пробоя Donchian на последней закрытой свече,,rejected,,
0.0009799999999999982,no_fresh_breakout,111,ARB-USDT-SWAP,0.0991,нет свежего пробоя Donchian на последней закрытой свече,,rejected,,
0.01291500000000002,no_fresh_breakout,111,ASTER-USDT-SWAP,0.6943,нет свежего пробоя Donchian на последней закрытой свече,,rejected,,
0.0,закрытие_не_удержалось_выше_канала,111,AUCTION-USDT-SWAP,0.0,закрытие не удержалось выше канала,long,rejected,Turtle 55,
0.0,закрытие_не_удержалось_выше_канала,111,AUCTION-USDT-SWAP,0.0,закрытие не удержалось выше канала,long,rejected,Turtle 20,
0.0,закрытие_не_удержалось_выше_канала,111,AXS-USDT-SWAP,0.0,закрытие не удержалось выше канала,long,rejected,Turtle 20,
0.0002700000000000036,no_fresh_breakout,111,BAND-USDT-SWAP,0.2261,нет свежего пробоя Donchian на последней закрытой свече,,rejected,,
0.4049999999999955,no_fresh_breakout,111,BCH-USDT-SWAP,454.8,нет свежего пробоя Donchian на последней закрытой свече,,rejected,,
1.8500000000000016e-06,no_fresh_breakout,111,BOME-USDT-SWAP,0.000419,нет свежего пробоя Donchian на последней закрытой свече,,rejected,,
288.4049999999996,no_fresh_breakout,111,BTC-USDT-SWAP,70251.3,нет свежего пробоя Donchian на последней закрытой свече,,rejected,,
0.0005194999999999998,no_fresh_breakout,111,CFX-USDT-SWAP,0.06174,нет свежего пробоя Donchian на последней закрытой свече,,rejected,,
0.12649999999999934,no_fresh_breakout,111,COMP-USDT-SWAP,18.9,нет свежего пробоя Donchian на последней закрытой свече,,rejected,,
0.0,oversized_breakout_candle_4.50_atr_>_3.50_atr,111,CRV-USDT-SWAP,0.0,oversized breakout candle 4.50 ATR > 3.50 ATR,long,rejected,Turtle 20,
0.021999999999999974,no_fresh_breakout,111,ETC-USDT-SWAP,8.3,нет свежего пробоя Donchian на последней закрытой свече,,rejected,,
20.905499999999982,no_fresh_breakout,111,ETH-USDT-SWAP,2150.0,нет свежего пробоя Donchian на последней закрытой свече,,rejected,,
0.0009000000000000008,no_fresh_breakout,111,FIL-USDT-SWAP,0.89,нет свежего пробоя Donchian на последней закрытой свече,,rejected,,
0.016749999999999887,no_fresh_breakout,111,ICP-USDT-SWAP,2.499,нет свежего пробоя Donchian на последней закрытой свече,,rejected,,
0.031400000000000004,no_fresh_breakout,111,KSM-USDT-SWAP,4.538,нет свежего пробоя Donchian на последней закрытой свече,,rejected,,
0.05944999999999965,no_fresh_breakout,111,LINK-USDT-SWAP,9.04,нет свежего пробоя Donchian на последней закрытой свече,,rejected,,
0.0033500000000000084,no_fresh_breakout,111,LPT-USDT-SWAP,2.22,нет свежего пробоя Donchian на последней закрытой свече,,rejected,,
0.0003750000000000031,no_fresh_breakout,111,LQTY-USDT-SWAP,0.2777,нет свежего пробоя Donchian на последней закрытой свече,,rejected,,
0.004205,no_fresh_breakout,111,MAGIC-USDT-SWAP,0.06213,нет свежего пробоя Donchian на последней закрытой свече,,rejected,,
2.9999999999999472e-05,no_fresh_breakout,111,MET-USDT-SWAP,0.1541,нет свежего пробоя Donchian на последней закрытой свече,,rejected,,
0.00017150000000000013,no_fresh_breakout,111,OP-USDT-SWAP,0.1212,нет свежего пробоя Donchian на последней закрытой свече,,rejected,,
2.155000000000001e-08,no_fresh_breakout,111,PEPE-USDT-SWAP,3.4e-06,нет свежего пробоя Donchian на последней закрытой свече,,rejected,,
0.0,atr_warmup:_цена_или_atr_недоступны_после_прогрева,111,SKY-USDT-SWAP,0.0,ATR warmup: цена или ATR недоступны после прогрева,,rejected,,
0.5960000000000001,no_fresh_breakout,111,SOL-USDT-SWAP,88.85,нет свежего пробоя Donchian на последней закрытой свече,,rejected,,
0.012715000000000004,no_fresh_breakout,111,SUSHI-USDT-SWAP,0.2216,нет свежего пробоя Donchian на последней закрытой свече,,rejected,,
0.007750000000000023,no_fresh_breakout,111,TON-USDT-SWAP,1.238,нет свежего пробоя Donchian на последней закрытой свече,,rejected,,
0.00040999999999999923,no_fresh_breakout,111,TRX-USDT-SWAP,0.3004,нет свежего пробоя Donchian на последней закрытой свече,,rejected,,
1.4324999999999988,no_fresh_breakout,111,TSLA-USDT-SWAP,383.08,нет свежего пробоя Donchian на последней закрытой свече,,rejected,,
0.004676000000000008,no_fresh_breakout,111,USDC-USDT-SWAP,1.0039,нет свежего пробоя Donchian на последней закрытой свече,,rejected,,
71.89499999999998,no_fresh_breakout,111,XAU-USDT-SWAP,4667.6,нет свежего пробоя Donchian на последней закрытой свече,,rejected,,
0.001933,no_fresh_breakout,111,XLM-USDT-SWAP,0.16616,нет свежего пробоя Donchian на последней закрытой свече,,rejected,,
0.010415000000000008,no_fresh_breakout,111,XRP-USDT-SWAP,1.4467,нет свежего пробоя Donchian на последней закрытой свече,,rejected,,
0.0002499999999999995,no_fresh_breakout,111,YB-USDT-SWAP,0.123,нет свежего пробоя Donchian на последней закрытой свече,,rejected,,
15.440000000000031,no_fresh_breakout,111,YFI-USDT-SWAP,2724.2,нет свежего пробоя Donchian на последней закрытой свече,,rejected,,
0.0,закрытие_не_удержалось_выше_канала,111,YGG-USDT-SWAP,0.0,закрытие не удержалось выше канала,long,rejected,Turtle 55,
0.0,закрытие_не_удержалось_выше_канала,111,YGG-USDT-SWAP,0.0,закрытие не удержалось выше канала,long,rejected,Turtle 20,
6.0000000000000334e-05,no_fresh_breakout,112,1INCH-USDT-SWAP,0.0951,нет свежего пробоя Donchian на последней закрытой свече,,rejected,,
0.0014000000000000006,no_fresh_breakout,112,2Z-USDT-SWAP,0.0791,нет свежего пробоя Donchian на последней закрытой свече,,rejected,,
0.2719999999999999,no_fresh_breakout,112,AAVE-USDT-SWAP,112.33,нет свежего пробоя Donchian на последней закрытой свече,,rejected,,
0.0013599999999999945,no_fresh_breakout,112,ADA-USDT-SWAP,0.2674,нет свежего пробоя Donchian на последней закрытой свече,,rejected,,
0.0009799999999999982,no_fresh_breakout,112,ARB-USDT-SWAP,0.0991,нет свежего пробоя Donchian на последней закрытой свече,,rejected,,
0.01291500000000002,no_fresh_breakout,112,ASTER-USDT-SWAP,0.6943,нет свежего пробоя Donchian на последней закрытой свече,,rejected,,
0.0,закрытие_не_удержалось_выше_канала,112,AUCTION-USDT-SWAP,0.0,закрытие не удержалось выше канала,long,rejected,Turtle 55,
0.0,закрытие_не_удержалось_выше_канала,112,AUCTION-USDT-SWAP,0.0,закрытие не удержалось выше канала,long,rejected,Turtle 20,
0.0,закрытие_не_удержалось_выше_канала,112,AXS-USDT-SWAP,0.0,закрытие не удержалось выше канала,long,rejected,Turtle 20,
0.0002700000000000036,no_fresh_breakout,112,BAND-USDT-SWAP,0.2261,нет свежего пробоя Donchian на последней закрытой свече,,rejected,,
0.4049999999999955,no_fresh_breakout,112,BCH-USDT-SWAP,454.8,нет свежего пробоя Donchian на последней закрытой свече,,rejected,,
1.8500000000000016e-06,no_fresh_breakout,112,BOME-USDT-SWAP,0.000419,нет свежего пробоя Donchian на последней закрытой свече,,rejected,,
288.4049999999996,no_fresh_breakout,112,BTC-USDT-SWAP,70251.3,нет свежего пробоя Donchian на последней закрытой свече,,rejected,,
0.0005194999999999998,no_fresh_breakout,112,CFX-USDT-SWAP,0.06174,нет свежего пробоя Donchian на последней закрытой свече,,rejected,,
0.12649999999999934,no_fresh_breakout,112,COMP-USDT-SWAP,18.9,нет свежего пробоя Donchian на последней закрытой свече,,rejected,,
0.0,oversized_breakout_candle_4.50_atr_>_3.50_atr,112,CRV-USDT-SWAP,0.0,oversized breakout candle 4.50 ATR > 3.50 ATR,long,rejected,Turtle 20,
0.021999999999999974,no_fresh_breakout,112,ETC-USDT-SWAP,8.3,нет свежего пробоя Donchian на последней закрытой свече,,rejected,,
20.905499999999982,no_fresh_breakout,112,ETH-USDT-SWAP,2150.0,нет свежего пробоя Donchian на последней закрытой свече,,rejected,,
0.0009000000000000008,no_fresh_breakout,112,FIL-USDT-SWAP,0.89,нет свежего пробоя Donchian на последней закрытой свече,,rejected,,
0.016749999999999887,no_fresh_breakout,112,ICP-USDT-SWAP,2.499,нет свежего пробоя Donchian на последней закрытой свече,,rejected,,
0.031400000000000004,no_fresh_breakout,112,KSM-USDT-SWAP,4.538,нет свежего пробоя Donchian на последней закрытой свече,,rejected,,
0.05944999999999965,no_fresh_breakout,112,LINK-USDT-SWAP,9.04,нет свежего пробоя Donchian на последней закрытой свече,,rejected,,
0.0033500000000000084,no_fresh_breakout,112,LPT-USDT-SWAP,2.22,нет свежего пробоя Donchian на последней закрытой свече,,rejected,,
0.0003750000000000031,no_fresh_breakout,112,LQTY-USDT-SWAP,0.2777,нет свежего пробоя Donchian на последней закрытой свече,,rejected,,
0.004205,no_fresh_breakout,112,MAGIC-USDT-SWAP,0.06213,нет свежего пробоя Donchian на последней закрытой свече,,rejected,,
2.9999999999999472e-05,no_fresh_breakout,112,MET-USDT-SWAP,0.1541,нет свежего пробоя Donchian на последней закрытой свече,,rejected,,
0.00017150000000000013,no_fresh_breakout,112,OP-USDT-SWAP,0.1212,нет свежего пробоя Donchian на последней закрытой свече,,rejected,,
2.155000000000001e-08,no_fresh_breakout,112,PEPE-USDT-SWAP,3.4e-06,нет свежего пробоя Donchian на последней закрытой свече,,rejected,,
0.0,atr_warmup:_цена_или_atr_недоступны_после_прогрева,112,SKY-USDT-SWAP,0.0,ATR warmup: цена или ATR недоступны после прогрева,,rejected,,
0.5960000000000001,no_fresh_breakout,112,SOL-USDT-SWAP,88.85,нет свежего пробоя Donchian на последней закрытой свече,,rejected,,
0.012715000000000004,no_fresh_breakout,112,SUSHI-USDT-SWAP,0.2216,нет свежего пробоя Donchian на последней закрытой свече,,rejected,,
0.007750000000000023,no_fresh_breakout,112,TON-USDT-SWAP,1.238,нет свежего пробоя Donchian на последней закрытой свече,,rejected,,
0.00040999999999999923,no_fresh_breakout,112,TRX-USDT-SWAP,0.3004,нет свежего пробоя Donchian на последней закрытой свече,,rejected,,
1.4324999999999988,no_fresh_breakout,112,TSLA-USDT-SWAP,383.08,нет свежего пробоя Donchian на последней закрытой свече,,rejected,,
0.004676000000000008,no_fresh_breakout,112,USDC-USDT-SWAP,1.0039,нет свежего пробоя Donchian на последней закрытой свече,,rejected,,
71.89499999999998,no_fresh_breakout,112,XAU-USDT-SWAP,4667.6,нет свежего пробоя Donchian на последней закрытой свече,,rejected,,
0.001933,no_fresh_breakout,112,XLM-USDT-SWAP,0.16616,нет свежего пробоя Donchian на последней закрытой свече,,rejected,,
0.010415000000000008,no_fresh_breakout,112,XRP-USDT-SWAP,1.4467,нет свежего пробоя Donchian на последней закрытой свече,,rejected,,
15.440000000000031,no_fresh_breakout,112,YFI-USDT-SWAP,2724.2,нет свежего пробоя Donchian на последней закрытой свече,,rejected,,
0.0,закрытие_не_удержалось_выше_канала,112,YGG-USDT-SWAP,0.0,закрытие не удержалось выше канала,long,rejected,Turtle 55,
0.0,закрытие_не_удержалось_выше_канала,112,YGG-USDT-SWAP,0.0,закрытие не удержалось выше канала,long,rejected,Turtle 20,
6.0000000000000334e-05,no_fresh_breakout,113,1INCH-USDT-SWAP,0.0951,нет свежего пробоя Donchian на последней закрытой свече,,rejected,,
0.0014000000000000006,no_fresh_breakout,113,2Z-USDT-SWAP,0.0791,нет свежего пробоя Donchian на последней закрытой свече,,rejected,,
0.2719999999999999,no_fresh_breakout,113,AAVE-USDT-SWAP,112.33,нет свежего пробоя Donchian на последней закрытой свече,,rejected,,
0.0013599999999999945,no_fresh_breakout,113,ADA-USDT-SWAP,0.2674,нет свежего пробоя Donchian на последней закрытой свече,,rejected,,
0.0009799999999999982,no_fresh_breakout,113,ARB-USDT-SWAP,0.0991,нет свежего пробоя Donchian на последней закрытой свече,,rejected,,
0.01291500000000002,no_fresh_breakout,113,ASTER-USDT-SWAP,0.6943,нет свежего пробоя Donchian на последней закрытой свече,,rejected,,
0.0,закрытие_не_удержалось_выше_канала,113,AUCTION-USDT-SWAP,0.0,закрытие не удержалось выше канала,long,rejected,Turtle 55,
0.0,закрытие_не_удержалось_выше_канала,113,AUCTION-USDT-SWAP,0.0,закрытие не удержалось выше канала,long,rejected,Turtle 20,
0.0,закрытие_не_удержалось_выше_канала,113,AXS-USDT-SWAP,0.0,закрытие не удержалось выше канала,long,rejected,Turtle 20,
0.0002700000000000036,no_fresh_breakout,113,BAND-USDT-SWAP,0.2261,нет свежего пробоя Donchian на последней закрытой свече,,rejected,,
0.4049999999999955,no_fresh_breakout,113,BCH-USDT-SWAP,454.8,нет свежего пробоя Donchian на последней закрытой свече,,rejected,,
1.8500000000000016e-06,no_fresh_breakout,113,BOME-USDT-SWAP,0.000419,нет свежего пробоя Donchian на последней закрытой свече,,rejected,,
288.4049999999996,no_fresh_breakout,113,BTC-USDT-SWAP,70251.3,нет свежего пробоя Donchian на последней закрытой свече,,rejected,,
0.0005194999999999998,no_fresh_breakout,113,CFX-USDT-SWAP,0.06174,нет свежего пробоя Donchian на последней закрытой свече,,rejected,,
0.12649999999999934,no_fresh_breakout,113,COMP-USDT-SWAP,18.9,нет свежего пробоя Donchian на последней закрытой свече,,rejected,,
0.0,oversized_breakout_candle_4.50_atr_>_3.50_atr,113,CRV-USDT-SWAP,0.0,oversized breakout candle 4.50 ATR > 3.50 ATR,long,rejected,Turtle 20,
0.021999999999999974,no_fresh_breakout,113,ETC-USDT-SWAP,8.3,нет свежего пробоя Donchian на последней закрытой свече,,rejected,,
20.905499999999982,no_fresh_breakout,113,ETH-USDT-SWAP,2150.0,нет свежего пробоя Donchian на последней закрытой свече,,rejected,,
0.0009000000000000008,no_fresh_breakout,113,FIL-USDT-SWAP,0.89,нет свежего пробоя Donchian на последней закрытой свече,,rejected,,
0.016749999999999887,no_fresh_breakout,113,ICP-USDT-SWAP,2.499,нет свежего пробоя Donchian на последней закрытой свече,,rejected,,
0.031400000000000004,no_fresh_breakout,113,KSM-USDT-SWAP,4.538,нет свежего пробоя Donchian на последней закрытой свече,,rejected,,
0.05944999999999965,no_fresh_breakout,113,LINK-USDT-SWAP,9.04,нет свежего пробоя Donchian на последней закрытой свече,,rejected,,
0.0033500000000000084,no_fresh_breakout,113,LPT-USDT-SWAP,2.22,нет свежего пробоя Donchian на последней закрытой свече,,rejected,,
0.0003750000000000031,no_fresh_breakout,113,LQTY-USDT-SWAP,0.2777,нет свежего пробоя Donchian на последней закрытой свече,,rejected,,
0.004205,no_fresh_breakout,113,MAGIC-USDT-SWAP,0.06213,нет свежего пробоя Donchian на последней закрытой свече,,rejected,,
2.9999999999999472e-05,no_fresh_breakout,113,MET-USDT-SWAP,0.1541,нет свежего пробоя Donchian на последней закрытой свече,,rejected,,
0.00017150000000000013,no_fresh_breakout,113,OP-USDT-SWAP,0.1212,нет свежего пробоя Donchian на последней закрытой свече,,rejected,,
2.155000000000001e-08,no_fresh_breakout,113,PEPE-USDT-SWAP,3.4e-06,нет свежего пробоя Donchian на последней закрытой свече,,rejected,,
0.0,atr_warmup:_цена_или_atr_недоступны_после_прогрева,113,SKY-USDT-SWAP,0.0,ATR warmup: цена или ATR недоступны после прогрева,,rejected,,
0.5960000000000001,no_fresh_breakout,113,SOL-USDT-SWAP,88.85,нет свежего пробоя Donchian на последней закрытой свече,,rejected,,
0.012715000000000004,no_fresh_breakout,113,SUSHI-USDT-SWAP,0.2216,нет свежего пробоя Donchian на последней закрытой свече,,rejected,,
0.007750000000000023,no_fresh_breakout,113,TON-USDT-SWAP,1.238,нет свежего пробоя Donchian на последней закрытой свече,,rejected,,
0.00040999999999999923,no_fresh_breakout,113,TRX-USDT-SWAP,0.3004,нет свежего пробоя Donchian на последней закрытой свече,,rejected,,
1.4324999999999988,no_fresh_breakout,113,TSLA-USDT-SWAP,383.08,нет свежего пробоя Donchian на последней закрытой свече,,rejected,,
0.004676000000000008,no_fresh_breakout,113,USDC-USDT-SWAP,1.0039,нет свежего пробоя Donchian на последней закрытой свече,,rejected,,
71.89499999999998,no_fresh_breakout,113,XAU-USDT-SWAP,4667.6,нет свежего пробоя Donchian на последней закрытой свече,,rejected,,
0.001933,no_fresh_breakout,113,XLM-USDT-SWAP,0.16616,нет свежего пробоя Donchian на последней закрытой свече,,rejected,,
0.010415000000000008,no_fresh_breakout,113,XRP-USDT-SWAP,1.4467,нет свежего пробоя Donchian на последней закрытой свече,,rejected,,
0.0002499999999999995,no_fresh_breakout,113,YB-USDT-SWAP,0.123,нет свежего пробоя Donchian на последней закрытой свече,,rejected,,
15.440000000000031,no_fresh_breakout,113,YFI-USDT-SWAP,2724.2,нет свежего пробоя Donchian на последней закрытой свече,,rejected,,
0.0,закрытие_не_удержалось_выше_канала,113,YGG-USDT-SWAP,0.0,закрытие не удержалось выше канала,long,rejected,Turtle 55,
0.0,закрытие_не_удержалось_выше_канала,113,YGG-USDT-SWAP,0.0,закрытие не удержалось выше канала,long,rejected,Turtle 20,
6.0000000000000334e-05,no_fresh_breakout,114,1INCH-USDT-SWAP,0.0951,нет свежего пробоя Donchian на последней закрытой свече,,rejected,,
0.0014000000000000006,no_fresh_breakout,114,2Z-USDT-SWAP,0.0791,нет свежего пробоя Donchian на последней закрытой свече,,rejected,,
0.2719999999999999,no_fresh_breakout,114,AAVE-USDT-SWAP,112.33,нет свежего пробоя Donchian на последней закрытой свече,,rejected,,
0.0013599999999999945,no_fresh_breakout,114,ADA-USDT-SWAP,0.2674,нет свежего пробоя Donchian на последней закрытой свече,,rejected,,
0.0009799999999999982,no_fresh_breakout,114,ARB-USDT-SWAP,0.0991,нет свежего пробоя Donchian на последней закрытой свече,,rejected,,
0.01291500000000002,no_fresh_breakout,114,ASTER-USDT-SWAP,0.6943,нет свежего пробоя Donchian на последней закрытой свече,,rejected,,
0.0,закрытие_не_удержалось_выше_канала,114,AUCTION-USDT-SWAP,0.0,закрытие не удержалось выше канала,long,rejected,Turtle 55,
0.0,закрытие_не_удержалось_выше_канала,114,AUCTION-USDT-SWAP,0.0,закрытие не удержалось выше канала,long,rejected,Turtle 20,
0.0,закрытие_не_удержалось_выше_канала,114,AXS-USDT-SWAP,0.0,закрытие не удержалось выше канала,long,rejected,Turtle 20,
0.0002700000000000036,no_fresh_breakout,114,BAND-USDT-SWAP,0.2261,нет свежего пробоя Donchian на последней закрытой свече,,rejected,,
0.4049999999999955,no_fresh_breakout,114,BCH-USDT-SWAP,454.8,нет свежего пробоя Donchian на последней закрытой свече,,rejected,,
1.8500000000000016e-06,no_fresh_breakout,114,BOME-USDT-SWAP,0.000419,нет свежего пробоя Donchian на последней закрытой свече,,rejected,,
288.4049999999996,no_fresh_breakout,114,BTC-USDT-SWAP,70251.3,нет свежего пробоя Donchian на последней закрытой свече,,rejected,,
0.0005194999999999998,no_fresh_breakout,114,CFX-USDT-SWAP,0.06174,нет свежего пробоя Donchian на последней закрытой свече,,rejected,,
0.12649999999999934,no_fresh_breakout,114,COMP-USDT-SWAP,18.9,нет свежего пробоя Donchian на последней закрытой свече,,rejected,,
0.0,oversized_breakout_candle_4.50_atr_>_3.50_atr,114,CRV-USDT-SWAP,0.0,oversized breakout candle 4.50 ATR > 3.50 ATR,long,rejected,Turtle 20,
0.021999999999999974,no_fresh_breakout,114,ETC-USDT-SWAP,8.3,нет свежего пробоя Donchian на последней закрытой свече,,rejected,,
20.905499999999982,no_fresh_breakout,114,ETH-USDT-SWAP,2150.0,нет свежего пробоя Donchian на последней закрытой свече,,rejected,,
0.0009000000000000008,no_fresh_breakout,114,FIL-USDT-SWAP,0.89,нет свежего пробоя Donchian на последней закрытой свече,,rejected,,
0.016749999999999887,no_fresh_breakout,114,ICP-USDT-SWAP,2.499,нет свежего пробоя Donchian на последней закрытой свече,,rejected,,
0.031400000000000004,no_fresh_breakout,114,KSM-USDT-SWAP,4.538,нет свежего пробоя Donchian на последней закрытой свече,,rejected,,
0.05944999999999965,no_fresh_breakout,114,LINK-USDT-SWAP,9.04,нет свежего пробоя Donchian на последней закрытой свече,,rejected,,
0.0033500000000000084,no_fresh_breakout,114,LPT-USDT-SWAP,2.22,нет свежего пробоя Donchian на последней закрытой свече,,rejected,,
0.0003750000000000031,no_fresh_breakout,114,LQTY-USDT-SWAP,0.2777,нет свежего пробоя Donchian на последней закрытой свече,,rejected,,
0.004205,no_fresh_breakout,114,MAGIC-USDT-SWAP,0.06213,нет свежего пробоя Donchian на последней закрытой свече,,rejected,,
2.9999999999999472e-05,no_fresh_breakout,114,MET-USDT-SWAP,0.1541,нет свежего пробоя Donchian на последней закрытой свече,,rejected,,
0.00017150000000000013,no_fresh_breakout,114,OP-USDT-SWAP,0.1212,нет свежего пробоя Donchian на последней закрытой свече,,rejected,,
2.155000000000001e-08,no_fresh_breakout,114,PEPE-USDT-SWAP,3.4e-06,нет свежего пробоя Donchian на последней закрытой свече,,rejected,,
0.0,atr_warmup:_цена_или_atr_недоступны_после_прогрева,114,SKY-USDT-SWAP,0.0,ATR warmup: цена или ATR недоступны после прогрева,,rejected,,
0.5960000000000001,no_fresh_breakout,114,SOL-USDT-SWAP,88.85,нет свежего пробоя Donchian на последней закрытой свече,,rejected,,
0.012715000000000004,no_fresh_breakout,114,SUSHI-USDT-SWAP,0.2216,нет свежего пробоя Donchian на последней закрытой свече,,rejected,,
0.007750000000000023,no_fresh_breakout,114,TON-USDT-SWAP,1.238,нет свежего пробоя Donchian на последней закрытой свече,,rejected,,
0.00040999999999999923,no_fresh_breakout,114,TRX-USDT-SWAP,0.3004,нет свежего пробоя Donchian на последней закрытой свече,,rejected,,
1.4324999999999988,no_fresh_breakout,114,TSLA-USDT-SWAP,383.08,нет свежего пробоя Donchian на последней закрытой свече,,rejected,,
0.004676000000000008,no_fresh_breakout,114,USDC-USDT-SWAP,1.0039,нет свежего пробоя Donchian на последней закрытой свече,,rejected,,
71.89499999999998,no_fresh_breakout,114,XAU-USDT-SWAP,4667.6,нет свежего пробоя Donchian на последней закрытой свече,,rejected,,
0.001933,no_fresh_breakout,114,XLM-USDT-SWAP,0.16616,нет свежего пробоя Donchian на последней закрытой свече,,rejected,,
0.010415000000000008,no_fresh_breakout,114,XRP-USDT-SWAP,1.4467,нет свежего пробоя Donchian на последней закрытой свече,,rejected,,
0.0002499999999999995,no_fresh_breakout,114,YB-USDT-SWAP,0.123,нет свежего пробоя Donchian на последней закрытой свече,,rejected,,
15.440000000000031,no_fresh_breakout,114,YFI-USDT-SWAP,2724.2,нет свежего пробоя Donchian на последней закрытой свече,,rejected,,
0.0,закрытие_не_удержалось_выше_канала,114,YGG-USDT-SWAP,0.0,закрытие не удержалось выше канала,long,rejected,Turtle 55,
0.0,закрытие_не_удержалось_выше_канала,114,YGG-USDT-SWAP,0.0,закрытие не удержалось выше канала,long,rejected,Turtle 20,
6.0000000000000334e-05,no_fresh_breakout,115,1INCH-USDT-SWAP,0.0951,нет свежего пробоя Donchian на последней закрытой свече,,rejected,,
0.0014000000000000006,no_fresh_breakout,115,2Z-USDT-SWAP,0.0791,нет свежего пробоя Donchian на последней закрытой свече,,rejected,,
0.2719999999999999,no_fresh_breakout,115,AAVE-USDT-SWAP,112.33,нет свежего пробоя Donchian на последней закрытой свече,,rejected,,
0.0013599999999999945,no_fresh_breakout,115,ADA-USDT-SWAP,0.2674,нет свежего пробоя Donchian на последней закрытой свече,,rejected,,
0.0009799999999999982,no_fresh_breakout,115,ARB-USDT-SWAP,0.0991,нет свежего пробоя Donchian на последней закрытой свече,,rejected,,
0.01291500000000002,no_fresh_breakout,115,ASTER-USDT-SWAP,0.6943,нет свежего пробоя Donchian на последней закрытой свече,,rejected,,
0.0,закрытие_не_удержалось_выше_канала,115,AUCTION-USDT-SWAP,0.0,закрытие не удержалось выше канала,long,rejected,Turtle 55,
0.0,закрытие_не_удержалось_выше_канала,115,AUCTION-USDT-SWAP,0.0,закрытие не удержалось выше канала,long,rejected,Turtle 20,
0.0,закрытие_не_удержалось_выше_канала,115,AXS-USDT-SWAP,0.0,закрытие не удержалось выше канала,long,rejected,Turtle 20,
0.0002700000000000036,no_fresh_breakout,115,BAND-USDT-SWAP,0.2261,нет свежего пробоя Donchian на последней закрытой свече,,rejected,,
0.4049999999999955,no_fresh_breakout,115,BCH-USDT-SWAP,454.8,нет свежего пробоя Donchian на последней закрытой свече,,rejected,,
1.8500000000000016e-06,no_fresh_breakout,115,BOME-USDT-SWAP,0.000419,нет свежего пробоя Donchian на последней закрытой свече,,rejected,,
288.4049999999996,no_fresh_breakout,115,BTC-USDT-SWAP,70251.3,нет свежего пробоя Donchian на последней закрытой свече,,rejected,,
0.0005194999999999998,no_fresh_breakout,115,CFX-USDT-SWAP,0.06174,нет свежего пробоя Donchian на последней закрытой свече,,rejected,,
0.12649999999999934,no_fresh_breakout,115,COMP-USDT-SWAP,18.9,нет свежего пробоя Donchian на последней закрытой свече,,rejected,,
0.0,oversized_breakout_candle_4.50_atr_>_3.50_atr,115,CRV-USDT-SWAP,0.0,oversized breakout candle 4.50 ATR > 3.50 ATR,long,rejected,Turtle 20,
0.021999999999999974,no_fresh_breakout,115,ETC-USDT-SWAP,8.3,нет свежего пробоя Donchian на последней закрытой свече,,rejected,,
20.905499999999982,no_fresh_breakout,115,ETH-USDT-SWAP,2150.0,нет свежего пробоя Donchian на последней закрытой свече,,rejected,,
0.0009000000000000008,no_fresh_breakout,115,FIL-USDT-SWAP,0.89,нет свежего пробоя Donchian на последней закрытой свече,,rejected,,
0.016749999999999887,no_fresh_breakout,115,ICP-USDT-SWAP,2.499,нет свежего пробоя Donchian на последней закрытой свече,,rejected,,
0.031400000000000004,no_fresh_breakout,115,KSM-USDT-SWAP,4.538,нет свежего пробоя Donchian на последней закрытой свече,,rejected,,
0.05944999999999965,no_fresh_breakout,115,LINK-USDT-SWAP,9.04,нет свежего пробоя Donchian на последней закрытой свече,,rejected,,
0.0033500000000000084,no_fresh_breakout,115,LPT-USDT-SWAP,2.22,нет свежего пробоя Donchian на последней закрытой свече,,rejected,,
0.0003750000000000031,no_fresh_breakout,115,LQTY-USDT-SWAP,0.2777,нет свежего пробоя Donchian на последней закрытой свече,,rejected,,
0.004205,no_fresh_breakout,115,MAGIC-USDT-SWAP,0.06213,нет свежего пробоя Donchian на последней закрытой свече,,rejected,,
2.9999999999999472e-05,no_fresh_breakout,115,MET-USDT-SWAP,0.1541,нет свежего пробоя Donchian на последней закрытой свече,,rejected,,
0.00017150000000000013,no_fresh_breakout,115,OP-USDT-SWAP,0.1212,нет свежего пробоя Donchian на последней закрытой свече,,rejected,,
2.155000000000001e-08,no_fresh_breakout,115,PEPE-USDT-SWAP,3.4e-06,нет свежего пробоя Donchian на последней закрытой свече,,rejected,,
0.0,atr_warmup:_цена_или_atr_недоступны_после_прогрева,115,SKY-USDT-SWAP,0.0,ATR warmup: цена или ATR недоступны после прогрева,,rejected,,
0.5960000000000001,no_fresh_breakout,115,SOL-USDT-SWAP,88.85,нет свежего пробоя Donchian на последней закрытой свече,,rejected,,
0.012715000000000004,no_fresh_breakout,115,SUSHI-USDT-SWAP,0.2216,нет свежего пробоя Donchian на последней закрытой свече,,rejected,,
0.007750000000000023,no_fresh_breakout,115,TON-USDT-SWAP,1.238,нет свежего пробоя Donchian на последней закрытой свече,,rejected,,
0.00040999999999999923,no_fresh_breakout,115,TRX-USDT-SWAP,0.3004,нет свежего пробоя Donchian на последней закрытой свече,,rejected,,
1.4324999999999988,no_fresh_breakout,115,TSLA-USDT-SWAP,383.08,нет свежего пробоя Donchian на последней закрытой свече,,rejected,,
0.004676000000000008,no_fresh_breakout,115,USDC-USDT-SWAP,1.0039,нет свежего пробоя Donchian на последней закрытой свече,,rejected,,
71.89499999999998,no_fresh_breakout,115,XAU-USDT-SWAP,4667.6,нет свежего пробоя Donchian на последней закрытой свече,,rejected,,
0.001933,no_fresh_breakout,115,XLM-USDT-SWAP,0.16616,нет свежего пробоя Donchian на последней закрытой свече,,rejected,,
0.010415000000000008,no_fresh_breakout,115,XRP-USDT-SWAP,1.4467,нет свежего пробоя Donchian на последней закрытой свече,,rejected,,
0.0002499999999999995,no_fresh_breakout,115,YB-USDT-SWAP,0.123,нет свежего пробоя Donchian на последней закрытой свече,,rejected,,
15.440000000000031,no_fresh_breakout,115,YFI-USDT-SWAP,2724.2,нет свежего пробоя Donchian на последней закрытой свече,,rejected,,
0.0,закрытие_не_удержалось_выше_канала,115,YGG-USDT-SWAP,0.0,закрытие не удержалось выше канала,long,rejected,Turtle 55,
0.0,закрытие_не_удержалось_выше_канала,115,YGG-USDT-SWAP,0.0,закрытие не удержалось выше канала,long,rejected,Turtle 20,
6.0000000000000334e-05,no_fresh_breakout,116,1INCH-USDT-SWAP,0.0951,нет свежего пробоя Donchian на последней закрытой свече,,rejected,,
0.0014000000000000006,no_fresh_breakout,116,2Z-USDT-SWAP,0.0791,нет свежего пробоя Donchian на последней закрытой свече,,rejected,,
0.2719999999999999,no_fresh_breakout,116,AAVE-USDT-SWAP,112.33,нет свежего пробоя Donchian на последней закрытой свече,,rejected,,
0.0013599999999999945,no_fresh_breakout,116,ADA-USDT-SWAP,0.2674,нет свежего пробоя Donchian на последней закрытой свече,,rejected,,
0.0009799999999999982,no_fresh_breakout,116,ARB-USDT-SWAP,0.0991,нет свежего пробоя Donchian на последней закрытой свече,,rejected,,
0.01291500000000002,no_fresh_breakout,116,ASTER-USDT-SWAP,0.6943,нет свежего пробоя Donchian на последней закрытой свече,,rejected,,
0.0,закрытие_не_удержалось_выше_канала,116,AUCTION-USDT-SWAP,0.0,закрытие не удержалось выше канала,long,rejected,Turtle 55,
0.0,закрытие_не_удержалось_выше_канала,116,AUCTION-USDT-SWAP,0.0,закрытие не удержалось выше канала,long,rejected,Turtle 20,
0.0,закрытие_не_удержалось_выше_канала,116,AXS-USDT-SWAP,0.0,закрытие не удержалось выше канала,long,rejected,Turtle 20,
0.0002700000000000036,no_fresh_breakout,116,BAND-USDT-SWAP,0.2261,нет свежего пробоя Donchian на последней закрытой свече,,rejected,,
0.4049999999999955,no_fresh_breakout,116,BCH-USDT-SWAP,454.8,нет свежего пробоя Donchian на последней закрытой свече,,rejected,,
1.8500000000000016e-06,no_fresh_breakout,116,BOME-USDT-SWAP,0.000419,нет свежего пробоя Donchian на последней закрытой свече,,rejected,,
288.4049999999996,no_fresh_breakout,116,BTC-USDT-SWAP,70251.3,нет свежего пробоя Donchian на последней закрытой свече,,rejected,,
0.0005194999999999998,no_fresh_breakout,116,CFX-USDT-SWAP,0.06174,нет свежего пробоя Donchian на последней закрытой свече,,rejected,,
0.12649999999999934,no_fresh_breakout,116,COMP-USDT-SWAP,18.9,нет свежего пробоя Donchian на последней закрытой свече,,rejected,,
0.0,oversized_breakout_candle_4.50_atr_>_3.50_atr,116,CRV-USDT-SWAP,0.0,oversized breakout candle 4.50 ATR > 3.50 ATR,long,rejected,Turtle 20,
0.021999999999999974,no_fresh_breakout,116,ETC-USDT-SWAP,8.3,нет свежего пробоя Donchian на последней закрытой свече,,rejected,,
20.905499999999982,no_fresh_breakout,116,ETH-USDT-SWAP,2150.0,нет свежего пробоя Donchian на последней закрытой свече,,rejected,,
0.0009000000000000008,no_fresh_breakout,116,FIL-USDT-SWAP,0.89,нет свежего пробоя Donchian на последней закрытой свече,,rejected,,
0.016749999999999887,no_fresh_breakout,116,ICP-USDT-SWAP,2.499,нет свежего пробоя Donchian на последней закрытой свече,,rejected,,
0.031400000000000004,no_fresh_breakout,116,KSM-USDT-SWAP,4.538,нет свежего пробоя Donchian на последней закрытой свече,,rejected,,
0.05944999999999965,no_fresh_breakout,116,LINK-USDT-SWAP,9.04,нет свежего пробоя Donchian на последней закрытой свече,,rejected,,
0.0033500000000000084,no_fresh_breakout,116,LPT-USDT-SWAP,2.22,нет свежего пробоя Donchian на последней закрытой свече,,rejected,,
0.0003750000000000031,no_fresh_breakout,116,LQTY-USDT-SWAP,0.2777,нет свежего пробоя Donchian на последней закрытой свече,,rejected,,
0.004205,no_fresh_breakout,116,MAGIC-USDT-SWAP,0.06213,нет свежего пробоя Donchian на последней закрытой свече,,rejected,,
2.9999999999999472e-05,no_fresh_breakout,116,MET-USDT-SWAP,0.1541,нет свежего пробоя Donchian на последней закрытой свече,,rejected,,
0.00017150000000000013,no_fresh_breakout,116,OP-USDT-SWAP,0.1212,нет свежего пробоя Donchian на последней закрытой свече,,rejected,,
2.155000000000001e-08,no_fresh_breakout,116,PEPE-USDT-SWAP,3.4e-06,нет свежего пробоя Donchian на последней закрытой свече,,rejected,,
0.0,atr_warmup:_цена_или_atr_недоступны_после_прогрева,116,SKY-USDT-SWAP,0.0,ATR warmup: цена или ATR недоступны после прогрева,,rejected,,
0.5960000000000001,no_fresh_breakout,116,SOL-USDT-SWAP,88.85,нет свежего пробоя Donchian на последней закрытой свече,,rejected,,
0.012715000000000004,no_fresh_breakout,116,SUSHI-USDT-SWAP,0.2216,нет свежего пробоя Donchian на последней закрытой свече,,rejected,,
0.007750000000000023,no_fresh_breakout,116,TON-USDT-SWAP,1.238,нет свежего пробоя Donchian на последней закрытой свече,,rejected,,
0.00040999999999999923,no_fresh_breakout,116,TRX-USDT-SWAP,0.3004,нет свежего пробоя Donchian на последней закрытой свече,,rejected,,
1.4324999999999988,no_fresh_breakout,116,TSLA-USDT-SWAP,383.08,нет свежего пробоя Donchian на последней закрытой свече,,rejected,,
0.004676000000000008,no_fresh_breakout,116,USDC-USDT-SWAP,1.0039,нет свежего пробоя Donchian на последней закрытой свече,,rejected,,
71.89499999999998,no_fresh_breakout,116,XAU-USDT-SWAP,4667.6,нет свежего пробоя Donchian на последней закрытой свече,,rejected,,
0.001933,no_fresh_breakout,116,XLM-USDT-SWAP,0.16616,нет свежего пробоя Donchian на последней закрытой свече,,rejected,,
0.010415000000000008,no_fresh_breakout,116,XRP-USDT-SWAP,1.4467,нет свежего пробоя Donchian на последней закрытой свече,,rejected,,
0.0002499999999999995,no_fresh_breakout,116,YB-USDT-SWAP,0.123,нет свежего пробоя Donchian на последней закрытой свече,,rejected,,
15.440000000000031,no_fresh_breakout,116,YFI-USDT-SWAP,2724.2,нет свежего пробоя Donchian на последней закрытой свече,,rejected,,
0.0,закрытие_не_удержалось_выше_канала,116,YGG-USDT-SWAP,0.0,закрытие не удержалось выше канала,long,rejected,Turtle 55,
0.0,закрытие_не_удержалось_выше_канала,116,YGG-USDT-SWAP,0.0,закрытие не удержалось выше канала,long,rejected,Turtle 20,
6.0000000000000334e-05,no_fresh_breakout,117,1INCH-USDT-SWAP,0.0951,нет свежего пробоя Donchian на последней закрытой свече,,rejected,,
0.0014000000000000006,no_fresh_breakout,117,2Z-USDT-SWAP,0.0791,нет свежего пробоя Donchian на последней закрытой свече,,rejected,,
0.2719999999999999,no_fresh_breakout,117,AAVE-USDT-SWAP,112.33,нет свежего пробоя Donchian на последней закрытой свече,,rejected,,
0.0013599999999999945,no_fresh_breakout,117,ADA-USDT-SWAP,0.2674,нет свежего пробоя Donchian на последней закрытой свече,,rejected,,
0.0009799999999999982,no_fresh_breakout,117,ARB-USDT-SWAP,0.0991,нет свежего пробоя Donchian на последней закрытой свече,,rejected,,
0.01291500000000002,no_fresh_breakout,117,ASTER-USDT-SWAP,0.6943,нет свежего пробоя Donchian на последней закрытой свече,,rejected,,
0.0,закрытие_не_удержалось_выше_канала,117,AUCTION-USDT-SWAP,0.0,закрытие не удержалось выше канала,long,rejected,Turtle 55,
0.0,закрытие_не_удержалось_выше_канала,117,AUCTION-USDT-SWAP,0.0,закрытие не удержалось выше канала,long,rejected,Turtle 20,
0.0,закрытие_не_удержалось_выше_канала,117,AXS-USDT-SWAP,0.0,закрытие не удержалось выше канала,long,rejected,Turtle 20,
0.0002700000000000036,no_fresh_breakout,117,BAND-USDT-SWAP,0.2261,нет свежего пробоя Donchian на последней закрытой свече,,rejected,,
0.4049999999999955,no_fresh_breakout,117,BCH-USDT-SWAP,454.8,нет свежего пробоя Donchian на последней закрытой свече,,rejected,,
1.8500000000000016e-06,no_fresh_breakout,117,BOME-USDT-SWAP,0.000419,нет свежего пробоя Donchian на последней закрытой свече,,rejected,,
288.4049999999996,no_fresh_breakout,117,BTC-USDT-SWAP,70251.3,нет свежего пробоя Donchian на последней закрытой свече,,rejected,,
0.0005194999999999998,no_fresh_breakout,117,CFX-USDT-SWAP,0.06174,нет свежего пробоя Donchian на последней закрытой свече,,rejected,,
0.12649999999999934,no_fresh_breakout,117,COMP-USDT-SWAP,18.9,нет свежего пробоя Donchian на последней закрытой свече,,rejected,,
0.0,oversized_breakout_candle_4.50_atr_>_3.50_atr,117,CRV-USDT-SWAP,0.0,oversized breakout candle 4.50 ATR > 3.50 ATR,long,rejected,Turtle 20,
0.021999999999999974,no_fresh_breakout,117,ETC-USDT-SWAP,8.3,нет свежего пробоя Donchian на последней закрытой свече,,rejected,,
20.905499999999982,no_fresh_breakout,117,ETH-USDT-SWAP,2150.0,нет свежего пробоя Donchian на последней закрытой свече,,rejected,,
0.0009000000000000008,no_fresh_breakout,117,FIL-USDT-SWAP,0.89,нет свежего пробоя Donchian на последней закрытой свече,,rejected,,
0.016749999999999887,no_fresh_breakout,117,ICP-USDT-SWAP,2.499,нет свежего пробоя Donchian на последней закрытой свече,,rejected,,
0.031400000000000004,no_fresh_breakout,117,KSM-USDT-SWAP,4.538,нет свежего пробоя Donchian на последней закрытой свече,,rejected,,
0.05944999999999965,no_fresh_breakout,117,LINK-USDT-SWAP,9.04,нет свежего пробоя Donchian на последней закрытой свече,,rejected,,
0.0033500000000000084,no_fresh_breakout,117,LPT-USDT-SWAP,2.22,нет свежего пробоя Donchian на последней закрытой свече,,rejected,,
0.0003750000000000031,no_fresh_breakout,117,LQTY-USDT-SWAP,0.2777,нет свежего пробоя Donchian на последней закрытой свече,,rejected,,
0.004205,no_fresh_breakout,117,MAGIC-USDT-SWAP,0.06213,нет свежего пробоя Donchian на последней закрытой свече,,rejected,,
2.9999999999999472e-05,no_fresh_breakout,117,MET-USDT-SWAP,0.1541,нет свежего пробоя Donchian на последней закрытой свече,,rejected,,
0.00017150000000000013,no_fresh_breakout,117,OP-USDT-SWAP,0.1212,нет свежего пробоя Donchian на последней закрытой свече,,rejected,,
2.155000000000001e-08,no_fresh_breakout,117,PEPE-USDT-SWAP,3.4e-06,нет свежего пробоя Donchian на последней закрытой свече,,rejected,,
0.0,atr_warmup:_цена_или_atr_недоступны_после_прогрева,117,SKY-USDT-SWAP,0.0,ATR warmup: цена или ATR недоступны после прогрева,,rejected,,
0.5960000000000001,no_fresh_breakout,117,SOL-USDT-SWAP,88.85,нет свежего пробоя Donchian на последней закрытой свече,,rejected,,
0.012715000000000004,no_fresh_breakout,117,SUSHI-USDT-SWAP,0.2216,нет свежего пробоя Donchian на последней закрытой свече,,rejected,,
0.007750000000000023,no_fresh_breakout,117,TON-USDT-SWAP,1.238,нет свежего пробоя Donchian на последней закрытой свече,,rejected,,
0.00040999999999999923,no_fresh_breakout,117,TRX-USDT-SWAP,0.3004,нет свежего пробоя Donchian на последней закрытой свече,,rejected,,
1.4324999999999988,no_fresh_breakout,117,TSLA-USDT-SWAP,383.08,нет свежего пробоя Donchian на последней закрытой свече,,rejected,,
0.004676000000000008,no_fresh_breakout,117,USDC-USDT-SWAP,1.0039,нет свежего пробоя Donchian на последней закрытой свече,,rejected,,
71.89499999999998,no_fresh_breakout,117,XAU-USDT-SWAP,4667.6,нет свежего пробоя Donchian на последней закрытой свече,,rejected,,
0.001933,no_fresh_breakout,117,XLM-USDT-SWAP,0.16616,нет свежего пробоя Donchian на последней закрытой свече,,rejected,,
0.010415000000000008,no_fresh_breakout,117,XRP-USDT-SWAP,1.4467,нет свежего пробоя Donchian на последней закрытой свече,,rejected,,
0.0002499999999999995,no_fresh_breakout,117,YB-USDT-SWAP,0.123,нет свежего пробоя Donchian на последней закрытой свече,,rejected,,
15.440000000000031,no_fresh_breakout,117,YFI-USDT-SWAP,2724.2,нет свежего пробоя Donchian на последней закрытой свече,,rejected,,
0.0,закрытие_не_удержалось_выше_канала,117,YGG-USDT-SWAP,0.0,закрытие не удержалось выше канала,long,rejected,Turtle 55,
0.0,закрытие_не_удержалось_выше_канала,117,YGG-USDT-SWAP,0.0,закрытие не удержалось выше канала,long,rejected,Turtle 20,
6.0000000000000334e-05,no_fresh_breakout,118,1INCH-USDT-SWAP,0.0951,нет свежего пробоя Donchian на последней закрытой свече,,rejected,,
0.0014000000000000006,no_fresh_breakout,118,2Z-USDT-SWAP,0.0791,нет свежего пробоя Donchian на последней закрытой свече,,rejected,,
0.2719999999999999,no_fresh_breakout,118,AAVE-USDT-SWAP,112.33,нет свежего пробоя Donchian на последней закрытой свече,,rejected,,
0.0013599999999999945,no_fresh_breakout,118,ADA-USDT-SWAP,0.2674,нет свежего пробоя Donchian на последней закрытой свече,,rejected,,
0.0009799999999999982,no_fresh_breakout,118,ARB-USDT-SWAP,0.0991,нет свежего пробоя Donchian на последней закрытой свече,,rejected,,
0.01291500000000002,no_fresh_breakout,118,ASTER-USDT-SWAP,0.6943,нет свежего пробоя Donchian на последней закрытой свече,,rejected,,
0.0,закрытие_не_удержалось_выше_канала,118,AUCTION-USDT-SWAP,0.0,закрытие не удержалось выше канала,long,rejected,Turtle 55,
0.0,закрытие_не_удержалось_выше_канала,118,AUCTION-USDT-SWAP,0.0,закрытие не удержалось выше канала,long,rejected,Turtle 20,
0.0,закрытие_не_удержалось_выше_канала,118,AXS-USDT-SWAP,0.0,закрытие не удержалось выше канала,long,rejected,Turtle 20,
0.0002700000000000036,no_fresh_breakout,118,BAND-USDT-SWAP,0.2261,нет свежего пробоя Donchian на последней закрытой свече,,rejected,,
0.4049999999999955,no_fresh_breakout,118,BCH-USDT-SWAP,454.8,нет свежего пробоя Donchian на последней закрытой свече,,rejected,,
1.8500000000000016e-06,no_fresh_breakout,118,BOME-USDT-SWAP,0.000419,нет свежего пробоя Donchian на последней закрытой свече,,rejected,,
288.4049999999996,no_fresh_breakout,118,BTC-USDT-SWAP,70251.3,нет свежего пробоя Donchian на последней закрытой свече,,rejected,,
0.0005194999999999998,no_fresh_breakout,118,CFX-USDT-SWAP,0.06174,нет свежего пробоя Donchian на последней закрытой свече,,rejected,,
0.12649999999999934,no_fresh_breakout,118,COMP-USDT-SWAP,18.9,нет свежего пробоя Donchian на последней закрытой свече,,rejected,,
0.0,oversized_breakout_candle_4.50_atr_>_3.50_atr,118,CRV-USDT-SWAP,0.0,oversized breakout candle 4.50 ATR > 3.50 ATR,long,rejected,Turtle 20,
0.021999999999999974,no_fresh_breakout,118,ETC-USDT-SWAP,8.3,нет свежего пробоя Donchian на последней закрытой свече,,rejected,,
20.905499999999982,no_fresh_breakout,118,ETH-USDT-SWAP,2150.0,нет свежего пробоя Donchian на последней закрытой свече,,rejected,,
0.0009000000000000008,no_fresh_breakout,118,FIL-USDT-SWAP,0.89,нет свежего пробоя Donchian на последней закрытой свече,,rejected,,
0.016749999999999887,no_fresh_breakout,118,ICP-USDT-SWAP,2.499,нет свежего пробоя Donchian на последней закрытой свече,,rejected,,
0.031400000000000004,no_fresh_breakout,118,KSM-USDT-SWAP,4.538,нет свежего пробоя Donchian на последней закрытой свече,,rejected,,
0.05944999999999965,no_fresh_breakout,118,LINK-USDT-SWAP,9.04,нет свежего пробоя Donchian на последней закрытой свече,,rejected,,
0.0033500000000000084,no_fresh_breakout,118,LPT-USDT-SWAP,2.22,нет свежего пробоя Donchian на последней закрытой свече,,rejected,,
0.0003750000000000031,no_fresh_breakout,118,LQTY-USDT-SWAP,0.2777,нет свежего пробоя Donchian на последней закрытой свече,,rejected,,
0.004205,no_fresh_breakout,118,MAGIC-USDT-SWAP,0.06213,нет свежего пробоя Donchian на последней закрытой свече,,rejected,,
2.9999999999999472e-05,no_fresh_breakout,118,MET-USDT-SWAP,0.1541,нет свежего пробоя Donchian на последней закрытой свече,,rejected,,
0.00017150000000000013,no_fresh_breakout,118,OP-USDT-SWAP,0.1212,нет свежего пробоя Donchian на последней закрытой свече,,rejected,,
2.155000000000001e-08,no_fresh_breakout,118,PEPE-USDT-SWAP,3.4e-06,нет свежего пробоя Donchian на последней закрытой свече,,rejected,,
0.0,atr_warmup:_цена_или_atr_недоступны_после_прогрева,118,SKY-USDT-SWAP,0.0,ATR warmup: цена или ATR недоступны после прогрева,,rejected,,
0.5960000000000001,no_fresh_breakout,118,SOL-USDT-SWAP,88.85,нет свежего пробоя Donchian на последней закрытой свече,,rejected,,
0.012715000000000004,no_fresh_breakout,118,SUSHI-USDT-SWAP,0.2216,нет свежего пробоя Donchian на последней закрытой свече,,rejected,,
0.007750000000000023,no_fresh_breakout,118,TON-USDT-SWAP,1.238,нет свежего пробоя Donchian на последней закрытой свече,,rejected,,
0.00040999999999999923,no_fresh_breakout,118,TRX-USDT-SWAP,0.3004,нет свежего пробоя Donchian на последней закрытой свече,,rejected,,
1.4324999999999988,no_fresh_breakout,118,TSLA-USDT-SWAP,383.08,нет свежего пробоя Donchian на последней закрытой свече,,rejected,,
0.004676000000000008,no_fresh_breakout,118,USDC-USDT-SWAP,1.0039,нет свежего пробоя Donchian на последней закрытой свече,,rejected,,
71.89499999999998,no_fresh_breakout,118,XAU-USDT-SWAP,4667.6,нет свежего пробоя Donchian на последней закрытой свече,,rejected,,
0.001933,no_fresh_breakout,118,XLM-USDT-SWAP,0.16616,нет свежего пробоя Donchian на последней закрытой свече,,rejected,,
0.010415000000000008,no_fresh_breakout,118,XRP-USDT-SWAP,1.4467,нет свежего пробоя Donchian на последней закрытой свече,,rejected,,
0.0002499999999999995,no_fresh_breakout,118,YB-USDT-SWAP,0.123,нет свежего пробоя Donchian на последней закрытой свече,,rejected,,
15.440000000000031,no_fresh_breakout,118,YFI-USDT-SWAP,2724.2,нет свежего пробоя Donchian на последней закрытой свече,,rejected,,
0.0,закрытие_не_удержалось_выше_канала,118,YGG-USDT-SWAP,0.0,закрытие не удержалось выше канала,long,rejected,Turtle 55,
0.0,закрытие_не_удержалось_выше_канала,118,YGG-USDT-SWAP,0.0,закрытие не удержалось выше канала,long,rejected,Turtle 20,
6.0000000000000334e-05,no_fresh_breakout,119,1INCH-USDT-SWAP,0.0951,нет свежего пробоя Donchian на последней закрытой свече,,rejected,,
0.0014000000000000006,no_fresh_breakout,119,2Z-USDT-SWAP,0.0791,нет свежего пробоя Donchian на последней закрытой свече,,rejected,,
0.2719999999999999,no_fresh_breakout,119,AAVE-USDT-SWAP,112.33,нет свежего пробоя Donchian на последней закрытой свече,,rejected,,
0.0013599999999999945,no_fresh_breakout,119,ADA-USDT-SWAP,0.2674,нет свежего пробоя Donchian на последней закрытой свече,,rejected,,
0.0009799999999999982,no_fresh_breakout,119,ARB-USDT-SWAP,0.0991,нет свежего пробоя Donchian на последней закрытой свече,,rejected,,
0.01291500000000002,no_fresh_breakout,119,ASTER-USDT-SWAP,0.6943,нет свежего пробоя Donchian на последней закрытой свече,,rejected,,
0.0,закрытие_не_удержалось_выше_канала,119,AUCTION-USDT-SWAP,0.0,закрытие не удержалось выше канала,long,rejected,Turtle 55,
0.0,закрытие_не_удержалось_выше_канала,119,AUCTION-USDT-SWAP,0.0,закрытие не удержалось выше канала,long,rejected,Turtle 20,
0.0,закрытие_не_удержалось_выше_канала,119,AXS-USDT-SWAP,0.0,закрытие не удержалось выше канала,long,rejected,Turtle 20,
0.0002700000000000036,no_fresh_breakout,119,BAND-USDT-SWAP,0.2261,нет свежего пробоя Donchian на последней закрытой свече,,rejected,,
0.4049999999999955,no_fresh_breakout,119,BCH-USDT-SWAP,454.8,нет свежего пробоя Donchian на последней закрытой свече,,rejected,,
1.8500000000000016e-06,no_fresh_breakout,119,BOME-USDT-SWAP,0.000419,нет свежего пробоя Donchian на последней закрытой свече,,rejected,,
288.4049999999996,no_fresh_breakout,119,BTC-USDT-SWAP,70251.3,нет свежего пробоя Donchian на последней закрытой свече,,rejected,,
0.0005194999999999998,no_fresh_breakout,119,CFX-USDT-SWAP,0.06174,нет свежего пробоя Donchian на последней закрытой свече,,rejected,,
0.12649999999999934,no_fresh_breakout,119,COMP-USDT-SWAP,18.9,нет свежего пробоя Donchian на последней закрытой свече,,rejected,,
0.0,oversized_breakout_candle_4.50_atr_>_3.50_atr,119,CRV-USDT-SWAP,0.0,oversized breakout candle 4.50 ATR > 3.50 ATR,long,rejected,Turtle 20,
0.021999999999999974,no_fresh_breakout,119,ETC-USDT-SWAP,8.3,нет свежего пробоя Donchian на последней закрытой свече,,rejected,,
20.905499999999982,no_fresh_breakout,119,ETH-USDT-SWAP,2150.0,нет свежего пробоя Donchian на последней закрытой свече,,rejected,,
0.0009000000000000008,no_fresh_breakout,119,FIL-USDT-SWAP,0.89,нет свежего пробоя Donchian на последней закрытой свече,,rejected,,
0.016749999999999887,no_fresh_breakout,119,ICP-USDT-SWAP,2.499,нет свежего пробоя Donchian на последней закрытой свече,,rejected,,
0.031400000000000004,no_fresh_breakout,119,KSM-USDT-SWAP,4.538,нет свежего пробоя Donchian на последней закрытой свече,,rejected,,
0.05944999999999965,no_fresh_breakout,119,LINK-USDT-SWAP,9.04,нет свежего пробоя Donchian на последней закрытой свече,,rejected,,
0.0033500000000000084,no_fresh_breakout,119,LPT-USDT-SWAP,2.22,нет свежего пробоя Donchian на последней закрытой свече,,rejected,,
0.0003750000000000031,no_fresh_breakout,119,LQTY-USDT-SWAP,0.2777,нет свежего пробоя Donchian на последней закрытой свече,,rejected,,
0.004205,no_fresh_breakout,119,MAGIC-USDT-SWAP,0.06213,нет свежего пробоя Donchian на последней закрытой свече,,rejected,,
2.9999999999999472e-05,no_fresh_breakout,119,MET-USDT-SWAP,0.1541,нет свежего пробоя Donchian на последней закрытой свече,,rejected,,
0.00017150000000000013,no_fresh_breakout,119,OP-USDT-SWAP,0.1212,нет свежего пробоя Donchian на последней закрытой свече,,rejected,,
2.155000000000001e-08,no_fresh_breakout,119,PEPE-USDT-SWAP,3.4e-06,нет свежего пробоя Donchian на последней закрытой свече,,rejected,,
0.0,atr_warmup:_цена_или_atr_недоступны_после_прогрева,119,SKY-USDT-SWAP,0.0,ATR warmup: цена или ATR недоступны после прогрева,,rejected,,
0.5960000000000001,no_fresh_breakout,119,SOL-USDT-SWAP,88.85,нет свежего пробоя Donchian на последней закрытой свече,,rejected,,
0.012715000000000004,no_fresh_breakout,119,SUSHI-USDT-SWAP,0.2216,нет свежего пробоя Donchian на последней закрытой свече,,rejected,,
0.007750000000000023,no_fresh_breakout,119,TON-USDT-SWAP,1.238,нет свежего пробоя Donchian на последней закрытой свече,,rejected,,
0.00040999999999999923,no_fresh_breakout,119,TRX-USDT-SWAP,0.3004,нет свежего пробоя Donchian на последней закрытой свече,,rejected,,
1.4324999999999988,no_fresh_breakout,119,TSLA-USDT-SWAP,383.08,нет свежего пробоя Donchian на последней закрытой свече,,rejected,,
0.004676000000000008,no_fresh_breakout,119,USDC-USDT-SWAP,1.0039,нет свежего пробоя Donchian на последней закрытой свече,,rejected,,
71.89499999999998,no_fresh_breakout,119,XAU-USDT-SWAP,4667.6,нет свежего пробоя Donchian на последней закрытой свече,,rejected,,
0.001933,no_fresh_breakout,119,XLM-USDT-SWAP,0.16616,нет свежего пробоя Donchian на последней закрытой свече,,rejected,,
0.010415000000000008,no_fresh_breakout,119,XRP-USDT-SWAP,1.4467,нет свежего пробоя Donchian на последней закрытой свече,,rejected,,
0.0002499999999999995,no_fresh_breakout,119,YB-USDT-SWAP,0.123,нет свежего пробоя Donchian на последней закрытой свече,,rejected,,
15.440000000000031,no_fresh_breakout,119,YFI-USDT-SWAP,2724.2,нет свежего пробоя Donchian на последней закрытой свече,,rejected,,
0.0,закрытие_не_удержалось_выше_канала,119,YGG-USDT-SWAP,0.0,закрытие не удержалось выше канала,long,rejected,Turtle 55,
0.0,закрытие_не_удержалось_выше_канала,119,YGG-USDT-SWAP,0.0,закрытие не удержалось выше канала,long,rejected,Turtle 20,
6.0000000000000334e-05,no_fresh_breakout,120,1INCH-USDT-SWAP,0.0951,нет свежего пробоя Donchian на последней закрытой свече,,rejected,,
0.0014000000000000006,no_fresh_breakout,120,2Z-USDT-SWAP,0.0791,нет свежего пробоя Donchian на последней закрытой свече,,rejected,,
0.2719999999999999,no_fresh_breakout,120,AAVE-USDT-SWAP,112.33,нет свежего пробоя Donchian на последней закрытой свече,,rejected,,
0.0013599999999999945,no_fresh_breakout,120,ADA-USDT-SWAP,0.2674,нет свежего пробоя Donchian на последней закрытой свече,,rejected,,
0.0009799999999999982,no_fresh_breakout,120,ARB-USDT-SWAP,0.0991,нет свежего пробоя Donchian на последней закрытой свече,,rejected,,
0.01291500000000002,no_fresh_breakout,120,ASTER-USDT-SWAP,0.6943,нет свежего пробоя Donchian на последней закрытой свече,,rejected,,
0.0,закрытие_не_удержалось_выше_канала,120,AUCTION-USDT-SWAP,0.0,закрытие не удержалось выше канала,long,rejected,Turtle 55,
0.0,закрытие_не_удержалось_выше_канала,120,AUCTION-USDT-SWAP,0.0,закрытие не удержалось выше канала,long,rejected,Turtle 20,
0.0,закрытие_не_удержалось_выше_канала,120,AXS-USDT-SWAP,0.0,закрытие не удержалось выше канала,long,rejected,Turtle 20,
0.0002700000000000036,no_fresh_breakout,120,BAND-USDT-SWAP,0.2261,нет свежего пробоя Donchian на последней закрытой свече,,rejected,,
0.4049999999999955,no_fresh_breakout,120,BCH-USDT-SWAP,454.8,нет свежего пробоя Donchian на последней закрытой свече,,rejected,,
1.8500000000000016e-06,no_fresh_breakout,120,BOME-USDT-SWAP,0.000419,нет свежего пробоя Donchian на последней закрытой свече,,rejected,,
288.4049999999996,no_fresh_breakout,120,BTC-USDT-SWAP,70251.3,нет свежего пробоя Donchian на последней закрытой свече,,rejected,,
0.0005194999999999998,no_fresh_breakout,120,CFX-USDT-SWAP,0.06174,нет свежего пробоя Donchian на последней закрытой свече,,rejected,,
0.12649999999999934,no_fresh_breakout,120,COMP-USDT-SWAP,18.9,нет свежего пробоя Donchian на последней закрытой свече,,rejected,,
0.0,oversized_breakout_candle_4.50_atr_>_3.50_atr,120,CRV-USDT-SWAP,0.0,oversized breakout candle 4.50 ATR > 3.50 ATR,long,rejected,Turtle 20,
0.021999999999999974,no_fresh_breakout,120,ETC-USDT-SWAP,8.3,нет свежего пробоя Donchian на последней закрытой свече,,rejected,,
20.905499999999982,no_fresh_breakout,120,ETH-USDT-SWAP,2150.0,нет свежего пробоя Donchian на последней закрытой свече,,rejected,,
0.0009000000000000008,no_fresh_breakout,120,FIL-USDT-SWAP,0.89,нет свежего пробоя Donchian на последней закрытой свече,,rejected,,
0.016749999999999887,no_fresh_breakout,120,ICP-USDT-SWAP,2.499,нет свежего пробоя Donchian на последней закрытой свече,,rejected,,
0.031400000000000004,no_fresh_breakout,120,KSM-USDT-SWAP,4.538,нет свежего пробоя Donchian на последней закрытой свече,,rejected,,
0.05944999999999965,no_fresh_breakout,120,LINK-USDT-SWAP,9.04,нет свежего пробоя Donchian на последней закрытой свече,,rejected,,
0.0033500000000000084,no_fresh_breakout,120,LPT-USDT-SWAP,2.22,нет свежего пробоя Donchian на последней закрытой свече,,rejected,,
0.0003750000000000031,no_fresh_breakout,120,LQTY-USDT-SWAP,0.2777,нет свежего пробоя Donchian на последней закрытой свече,,rejected,,
0.004205,no_fresh_breakout,120,MAGIC-USDT-SWAP,0.06213,нет свежего пробоя Donchian на последней закрытой свече,,rejected,,
2.9999999999999472e-05,no_fresh_breakout,120,MET-USDT-SWAP,0.1541,нет свежего пробоя Donchian на последней закрытой свече,,rejected,,
0.00017150000000000013,no_fresh_breakout,120,OP-USDT-SWAP,0.1212,нет свежего пробоя Donchian на последней закрытой свече,,rejected,,
2.155000000000001e-08,no_fresh_breakout,120,PEPE-USDT-SWAP,3.4e-06,нет свежего пробоя Donchian на последней закрытой свече,,rejected,,
0.0,atr_warmup:_цена_или_atr_недоступны_после_прогрева,120,SKY-USDT-SWAP,0.0,ATR warmup: цена или ATR недоступны после прогрева,,rejected,,
0.5960000000000001,no_fresh_breakout,120,SOL-USDT-SWAP,88.85,нет свежего пробоя Donchian на последней закрытой свече,,rejected,,
0.012715000000000004,no_fresh_breakout,120,SUSHI-USDT-SWAP,0.2216,нет свежего пробоя Donchian на последней закрытой свече,,rejected,,
0.007750000000000023,no_fresh_breakout,120,TON-USDT-SWAP,1.238,нет свежего пробоя Donchian на последней закрытой свече,,rejected,,
0.00040999999999999923,no_fresh_breakout,120,TRX-USDT-SWAP,0.3004,нет свежего пробоя Donchian на последней закрытой свече,,rejected,,
1.4324999999999988,no_fresh_breakout,120,TSLA-USDT-SWAP,383.08,нет свежего пробоя Donchian на последней закрытой свече,,rejected,,
0.004679500000000008,no_fresh_breakout,120,USDC-USDT-SWAP,1.00407,нет свежего пробоя Donchian на последней закрытой свече,,rejected,,
70.31999999999998,no_fresh_breakout,120,XAU-USDT-SWAP,4670.8,нет свежего пробоя Donchian на последней закрытой свече,,rejected,,
0.001894499999999999,no_fresh_breakout,120,XLM-USDT-SWAP,0.16521,нет свежего пробоя Donchian на последней закрытой свече,,rejected,,
0.010415000000000008,no_fresh_breakout,120,XRP-USDT-SWAP,1.4467,нет свежего пробоя Donchian на последней закрытой свече,,rejected,,
0.0002499999999999995,no_fresh_breakout,120,YB-USDT-SWAP,0.123,нет свежего пробоя Donchian на последней закрытой свече,,rejected,,
15.37000000000005,no_fresh_breakout,120,YFI-USDT-SWAP,2721.4,нет свежего пробоя Donchian на последней закрытой свече,,rejected,,
0.00044000000000000115,no_fresh_breakout,120,YGG-USDT-SWAP,0.0403,нет свежего пробоя Donchian на последней закрытой свече,,rejected,,
0.0,oversized_breakout_candle_5.33_atr_>_3.50_atr,121,1INCH-USDT-SWAP,0.0,oversized breakout candle 5.33 ATR > 3.50 ATR,long,rejected,Turtle 20,
0.0014000000000000006,no_fresh_breakout,121,2Z-USDT-SWAP,0.0795,нет свежего пробоя Donchian на последней закрытой свече,,rejected,,
0.24450000000000002,no_fresh_breakout,121,AAVE-USDT-SWAP,112.3,нет свежего пробоя Donchian на последней закрытой свече,,rejected,,
0.001319999999999996,no_fresh_breakout,121,ADA-USDT-SWAP,0.2672,нет свежего пробоя Donchian на последней закрытой свече,,rejected,,
0.000949999999999998,no_fresh_breakout,121,ARB-USDT-SWAP,0.099,нет свежего пробоя Donchian на последней закрытой свече,,rejected,,
0.012640000000000018,no_fresh_breakout,121,ASTER-USDT-SWAP,0.6952,нет свежего пробоя Donchian на последней закрытой свече,,rejected,,
0.06329999999999995,no_fresh_breakout,121,AUCTION-USDT-SWAP,5.045,нет свежего пробоя Donchian на последней закрытой свече,,rejected,,
0.01203500000000005,no_fresh_breakout,121,AXS-USDT-SWAP,1.188,нет свежего пробоя Donchian на последней закрытой свече,,rejected,,
0.00024000000000000272,no_fresh_breakout,121,BAND-USDT-SWAP,0.2257,нет свежего пробоя Donchian на последней закрытой свече,,rejected,,
0.4149999999999949,no_fresh_breakout,121,BCH-USDT-SWAP,454.8,нет свежего пробоя Donchian на последней закрытой свече,,rejected,,
1.8000000000000003e-06,no_fresh_breakout,121,BOME-USDT-SWAP,0.000419,нет свежего пробоя Donchian на последней закрытой свече,,rejected,,
293.6949999999997,no_fresh_breakout,121,BTC-USDT-SWAP,70233.3,нет свежего пробоя Donchian на последней закрытой свече,,rejected,,
0.0005099999999999997,no_fresh_breakout,121,CFX-USDT-SWAP,0.06192,нет свежего пробоя Donchian на последней закрытой свече,,rejected,,
0.12599999999999945,no_fresh_breakout,121,COMP-USDT-SWAP,18.92,нет свежего пробоя Donchian на последней закрытой свече,,rejected,,
0.00396,no_fresh_breakout,121,CRV-USDT-SWAP,0.241,нет свежего пробоя Donchian на последней закрытой свече,,rejected,,
0.0,закрытие_не_удержалось_выше_канала,121,ETC-USDT-SWAP,0.0,закрытие не удержалось выше канала,long,rejected,Turtle 55,
0.0,закрытие_не_удержалось_выше_канала,121,ETC-USDT-SWAP,0.0,закрытие не удержалось выше канала,long,rejected,Turtle 20,
20.593999999999983,no_fresh_breakout,121,ETH-USDT-SWAP,2153.0,нет свежего пробоя Donchian на последней закрытой свече,,rejected,,
0.0008500000000000007,no_fresh_breakout,121,FIL-USDT-SWAP,0.89,нет свежего пробоя Donchian на последней закрытой свече,,rejected,,
0.016549999999999888,no_fresh_breakout,121,ICP-USDT-SWAP,2.495,нет свежего пробоя Donchian на последней закрытой свече,,rejected,,
0.03080000000000003,no_fresh_breakout,121,KSM-USDT-SWAP,4.527,нет свежего пробоя Donchian на последней закрытой свече,,rejected,,
0.05834999999999964,no_fresh_breakout,121,LINK-USDT-SWAP,9.028,нет свежего пробоя Donchian на последней закрытой свече,,rejected,,
0.0030000000000000248,no_fresh_breakout,121,LPT-USDT-SWAP,2.219,нет свежего пробоя Donchian на последней закрытой свече,,rejected,,
0.0003300000000000053,no_fresh_breakout,121,LQTY-USDT-SWAP,0.2777,нет свежего пробоя Donchian на последней закрытой свече,,rejected,,
0.0,закрытие_не_удержалось_ниже_канала,121,MAGIC-USDT-SWAP,0.0,закрытие не удержалось ниже канала,short,rejected,Turtle 20,
0.0,atr_warmup:_цена_или_atr_недоступны_после_прогрева,121,MET-USDT-SWAP,0.0,ATR warmup: цена или ATR недоступны после прогрева,,rejected,,
0.00019199999999999982,no_fresh_breakout,121,OP-USDT-SWAP,0.12083,нет свежего пробоя Donchian на последней закрытой свече,,rejected,,
2.1049999999999993e-08,no_fresh_breakout,121,PEPE-USDT-SWAP,3.395e-06,нет свежего пробоя Donchian на последней закрытой свече,,rejected,,
0.0,atr_warmup:_цена_или_atr_недоступны_после_прогрева,121,SKY-USDT-SWAP,0.0,ATR warmup: цена или ATR недоступны после прогрева,,rejected,,
0.5935000000000002,no_fresh_breakout,121,SOL-USDT-SWAP,88.85,нет свежего пробоя Donchian на последней закрытой свече,,rejected,,
0.013280000000000004,no_fresh_breakout,121,SUSHI-USDT-SWAP,0.2375,нет свежего пробоя Donchian на последней закрытой свече,,rejected,,
0.0,закрытие_не_удержалось_выше_канала,121,TON-USDT-SWAP,0.0,закрытие не удержалось выше канала,long,rejected,Turtle 20,
0.0004349999999999993,no_fresh_breakout,121,TRX-USDT-SWAP,0.3009,нет свежего пробоя Donchian на последней закрытой свече,,rejected,,
1.3889999999999987,no_fresh_breakout,121,TSLA-USDT-SWAP,383.08,нет свежего пробоя Donchian на последней закрытой свече,,rejected,,
0.004679500000000008,no_fresh_breakout,121,USDC-USDT-SWAP,1.00407,нет свежего пробоя Donchian на последней закрытой свече,,rejected,,
70.31999999999998,no_fresh_breakout,121,XAU-USDT-SWAP,4670.8,нет свежего пробоя Donchian на последней закрытой свече,,rejected,,
0.001894499999999999,no_fresh_breakout,121,XLM-USDT-SWAP,0.16521,нет свежего пробоя Donchian на последней закрытой свече,,rejected,,
0.010199999999999997,no_fresh_breakout,121,XRP-USDT-SWAP,1.4436,нет свежего пробоя Donchian на последней закрытой свече,,rejected,,
0.0002499999999999995,no_fresh_breakout,121,YB-USDT-SWAP,0.123,нет свежего пробоя Donchian на последней закрытой свече,,rejected,,
15.37000000000005,no_fresh_breakout,121,YFI-USDT-SWAP,2721.4,нет свежего пробоя Donchian на последней закрытой свече,,rejected,,
0.00044000000000000115,no_fresh_breakout,121,YGG-USDT-SWAP,0.0403,нет свежего пробоя Donchian на последней закрытой свече,,rejected,,
0.0,oversized_breakout_candle_5.33_atr_>_3.50_atr,122,1INCH-USDT-SWAP,0.0,oversized breakout candle 5.33 ATR > 3.50 ATR,long,rejected,Turtle 20,
0.0014000000000000006,no_fresh_breakout,122,2Z-USDT-SWAP,0.0795,нет свежего пробоя Donchian на последней закрытой свече,,rejected,,
0.24450000000000002,no_fresh_breakout,122,AAVE-USDT-SWAP,112.3,нет свежего пробоя Donchian на последней закрытой свече,,rejected,,
0.001319999999999996,no_fresh_breakout,122,ADA-USDT-SWAP,0.2672,нет свежего пробоя Donchian на последней закрытой свече,,rejected,,
0.000949999999999998,no_fresh_breakout,122,ARB-USDT-SWAP,0.099,нет свежего пробоя Donchian на последней закрытой свече,,rejected,,
0.012640000000000018,no_fresh_breakout,122,ASTER-USDT-SWAP,0.6952,нет свежего пробоя Donchian на последней закрытой свече,,rejected,,
0.06329999999999995,no_fresh_breakout,122,AUCTION-USDT-SWAP,5.045,нет свежего пробоя Donchian на последней закрытой свече,,rejected,,
0.01203500000000005,no_fresh_breakout,122,AXS-USDT-SWAP,1.188,нет свежего пробоя Donchian на последней закрытой свече,,rejected,,
0.00024000000000000272,no_fresh_breakout,122,BAND-USDT-SWAP,0.2257,нет свежего пробоя Donchian на последней закрытой свече,,rejected,,
0.4149999999999949,no_fresh_breakout,122,BCH-USDT-SWAP,454.8,нет свежего пробоя Donchian на последней закрытой свече,,rejected,,
1.8000000000000003e-06,no_fresh_breakout,122,BOME-USDT-SWAP,0.000419,нет свежего пробоя Donchian на последней закрытой свече,,rejected,,
293.6949999999997,no_fresh_breakout,122,BTC-USDT-SWAP,70233.3,нет свежего пробоя Donchian на последней закрытой свече,,rejected,,
0.0005099999999999997,no_fresh_breakout,122,CFX-USDT-SWAP,0.06192,нет свежего пробоя Donchian на последней закрытой свече,,rejected,,
0.12599999999999945,no_fresh_breakout,122,COMP-USDT-SWAP,18.92,нет свежего пробоя Donchian на последней закрытой свече,,rejected,,
0.00396,no_fresh_breakout,122,CRV-USDT-SWAP,0.241,нет свежего пробоя Donchian на последней закрытой свече,,rejected,,
0.0,закрытие_не_удержалось_выше_канала,122,ETC-USDT-SWAP,0.0,закрытие не удержалось выше канала,long,rejected,Turtle 55,
0.0,закрытие_не_удержалось_выше_канала,122,ETC-USDT-SWAP,0.0,закрытие не удержалось выше канала,long,rejected,Turtle 20,
20.593999999999983,no_fresh_breakout,122,ETH-USDT-SWAP,2153.0,нет свежего пробоя Donchian на последней закрытой свече,,rejected,,
0.0008500000000000007,no_fresh_breakout,122,FIL-USDT-SWAP,0.89,нет свежего пробоя Donchian на последней закрытой свече,,rejected,,
0.016549999999999888,no_fresh_breakout,122,ICP-USDT-SWAP,2.495,нет свежего пробоя Donchian на последней закрытой свече,,rejected,,
0.03080000000000003,no_fresh_breakout,122,KSM-USDT-SWAP,4.527,нет свежего пробоя Donchian на последней закрытой свече,,rejected,,
0.05834999999999964,no_fresh_breakout,122,LINK-USDT-SWAP,9.028,нет свежего пробоя Donchian на последней закрытой свече,,rejected,,
0.0030000000000000248,no_fresh_breakout,122,LPT-USDT-SWAP,2.219,нет свежего пробоя Donchian на последней закрытой свече,,rejected,,
0.0003300000000000053,no_fresh_breakout,122,LQTY-USDT-SWAP,0.2777,нет свежего пробоя Donchian на последней закрытой свече,,rejected,,
0.0,закрытие_не_удержалось_ниже_канала,122,MAGIC-USDT-SWAP,0.0,закрытие не удержалось ниже канала,short,rejected,Turtle 20,
0.0,atr_warmup:_цена_или_atr_недоступны_после_прогрева,122,MET-USDT-SWAP,0.0,ATR warmup: цена или ATR недоступны после прогрева,,rejected,,
0.00019199999999999982,no_fresh_breakout,122,OP-USDT-SWAP,0.12083,нет свежего пробоя Donchian на последней закрытой свече,,rejected,,
2.1049999999999993e-08,no_fresh_breakout,122,PEPE-USDT-SWAP,3.395e-06,нет свежего пробоя Donchian на последней закрытой свече,,rejected,,
0.0,atr_warmup:_цена_или_atr_недоступны_после_прогрева,122,SKY-USDT-SWAP,0.0,ATR warmup: цена или ATR недоступны после прогрева,,rejected,,
0.5935000000000002,no_fresh_breakout,122,SOL-USDT-SWAP,88.85,нет свежего пробоя Donchian на последней закрытой свече,,rejected,,
0.013280000000000004,no_fresh_breakout,122,SUSHI-USDT-SWAP,0.2375,нет свежего пробоя Donchian на последней закрытой свече,,rejected,,
0.0,закрытие_не_удержалось_выше_канала,122,TON-USDT-SWAP,0.0,закрытие не удержалось выше канала,long,rejected,Turtle 20,
0.0004349999999999993,no_fresh_breakout,122,TRX-USDT-SWAP,0.3009,нет свежего пробоя Donchian на последней закрытой свече,,rejected,,
1.3889999999999987,no_fresh_breakout,122,TSLA-USDT-SWAP,383.08,нет свежего пробоя Donchian на последней закрытой свече,,rejected,,
0.004679500000000008,no_fresh_breakout,122,USDC-USDT-SWAP,1.00407,нет свежего пробоя Donchian на последней закрытой свече,,rejected,,
70.31999999999998,no_fresh_breakout,122,XAU-USDT-SWAP,4670.8,нет свежего пробоя Donchian на последней закрытой свече,,rejected,,
0.001894499999999999,no_fresh_breakout,122,XLM-USDT-SWAP,0.16521,нет свежего пробоя Donchian на последней закрытой свече,,rejected,,
0.010199999999999997,no_fresh_breakout,122,XRP-USDT-SWAP,1.4436,нет свежего пробоя Donchian на последней закрытой свече,,rejected,,
0.0002499999999999995,no_fresh_breakout,122,YB-USDT-SWAP,0.123,нет свежего пробоя Donchian на последней закрытой свече,,rejected,,
15.37000000000005,no_fresh_breakout,122,YFI-USDT-SWAP,2721.4,нет свежего пробоя Donchian на последней закрытой свече,,rejected,,
0.00044000000000000115,no_fresh_breakout,122,YGG-USDT-SWAP,0.0403,нет свежего пробоя Donchian на последней закрытой свече,,rejected,,
0.0,oversized_breakout_candle_5.33_atr_>_3.50_atr,123,1INCH-USDT-SWAP,0.0,oversized breakout candle 5.33 ATR > 3.50 ATR,long,rejected,Turtle 20,
0.0014000000000000006,no_fresh_breakout,123,2Z-USDT-SWAP,0.0795,нет свежего пробоя Donchian на последней закрытой свече,,rejected,,
0.24450000000000002,no_fresh_breakout,123,AAVE-USDT-SWAP,112.3,нет свежего пробоя Donchian на последней закрытой свече,,rejected,,
0.001319999999999996,no_fresh_breakout,123,ADA-USDT-SWAP,0.2672,нет свежего пробоя Donchian на последней закрытой свече,,rejected,,
0.000949999999999998,no_fresh_breakout,123,ARB-USDT-SWAP,0.099,нет свежего пробоя Donchian на последней закрытой свече,,rejected,,
0.012640000000000018,no_fresh_breakout,123,ASTER-USDT-SWAP,0.6952,нет свежего пробоя Donchian на последней закрытой свече,,rejected,,
0.06329999999999995,no_fresh_breakout,123,AUCTION-USDT-SWAP,5.045,нет свежего пробоя Donchian на последней закрытой свече,,rejected,,
0.01203500000000005,no_fresh_breakout,123,AXS-USDT-SWAP,1.188,нет свежего пробоя Donchian на последней закрытой свече,,rejected,,
0.00024000000000000272,no_fresh_breakout,123,BAND-USDT-SWAP,0.2257,нет свежего пробоя Donchian на последней закрытой свече,,rejected,,
0.4149999999999949,no_fresh_breakout,123,BCH-USDT-SWAP,454.8,нет свежего пробоя Donchian на последней закрытой свече,,rejected,,
1.8000000000000003e-06,no_fresh_breakout,123,BOME-USDT-SWAP,0.000419,нет свежего пробоя Donchian на последней закрытой свече,,rejected,,
293.6949999999997,no_fresh_breakout,123,BTC-USDT-SWAP,70233.3,нет свежего пробоя Donchian на последней закрытой свече,,rejected,,
0.0005099999999999997,no_fresh_breakout,123,CFX-USDT-SWAP,0.06192,нет свежего пробоя Donchian на последней закрытой свече,,rejected,,
0.12599999999999945,no_fresh_breakout,123,COMP-USDT-SWAP,18.92,нет свежего пробоя Donchian на последней закрытой свече,,rejected,,
0.00396,no_fresh_breakout,123,CRV-USDT-SWAP,0.241,нет свежего пробоя Donchian на последней закрытой свече,,rejected,,
0.0,закрытие_не_удержалось_выше_канала,123,ETC-USDT-SWAP,0.0,закрытие не удержалось выше канала,long,rejected,Turtle 55,
0.0,закрытие_не_удержалось_выше_канала,123,ETC-USDT-SWAP,0.0,закрытие не удержалось выше канала,long,rejected,Turtle 20,
20.593999999999983,no_fresh_breakout,123,ETH-USDT-SWAP,2153.0,нет свежего пробоя Donchian на последней закрытой свече,,rejected,,
0.0008500000000000007,no_fresh_breakout,123,FIL-USDT-SWAP,0.89,нет свежего пробоя Donchian на последней закрытой свече,,rejected,,
0.016549999999999888,no_fresh_breakout,123,ICP-USDT-SWAP,2.495,нет свежего пробоя Donchian на последней закрытой свече,,rejected,,
0.03080000000000003,no_fresh_breakout,123,KSM-USDT-SWAP,4.527,нет свежего пробоя Donchian на последней закрытой свече,,rejected,,
0.05834999999999964,no_fresh_breakout,123,LINK-USDT-SWAP,9.028,нет свежего пробоя Donchian на последней закрытой свече,,rejected,,
0.0030000000000000248,no_fresh_breakout,123,LPT-USDT-SWAP,2.219,нет свежего пробоя Donchian на последней закрытой свече,,rejected,,
0.0003300000000000053,no_fresh_breakout,123,LQTY-USDT-SWAP,0.2777,нет свежего пробоя Donchian на последней закрытой свече,,rejected,,
0.0,закрытие_не_удержалось_ниже_канала,123,MAGIC-USDT-SWAP,0.0,закрытие не удержалось ниже канала,short,rejected,Turtle 20,
0.0,atr_warmup:_цена_или_atr_недоступны_после_прогрева,123,MET-USDT-SWAP,0.0,ATR warmup: цена или ATR недоступны после прогрева,,rejected,,
0.00019199999999999982,no_fresh_breakout,123,OP-USDT-SWAP,0.12083,нет свежего пробоя Donchian на последней закрытой свече,,rejected,,
2.1049999999999993e-08,no_fresh_breakout,123,PEPE-USDT-SWAP,3.395e-06,нет свежего пробоя Donchian на последней закрытой свече,,rejected,,
0.0,atr_warmup:_цена_или_atr_недоступны_после_прогрева,123,SKY-USDT-SWAP,0.0,ATR warmup: цена или ATR недоступны после прогрева,,rejected,,
0.5935000000000002,no_fresh_breakout,123,SOL-USDT-SWAP,88.85,нет свежего пробоя Donchian на последней закрытой свече,,rejected,,
0.013280000000000004,no_fresh_breakout,123,SUSHI-USDT-SWAP,0.2375,нет свежего пробоя Donchian на последней закрытой свече,,rejected,,
0.0,закрытие_не_удержалось_выше_канала,123,TON-USDT-SWAP,0.0,закрытие не удержалось выше канала,long,rejected,Turtle 20,
0.0004349999999999993,no_fresh_breakout,123,TRX-USDT-SWAP,0.3009,нет свежего пробоя Donchian на последней закрытой свече,,rejected,,
1.3889999999999987,no_fresh_breakout,123,TSLA-USDT-SWAP,383.08,нет свежего пробоя Donchian на последней закрытой свече,,rejected,,
0.004679500000000008,no_fresh_breakout,123,USDC-USDT-SWAP,1.00407,нет свежего пробоя Donchian на последней закрытой свече,,rejected,,
70.31999999999998,no_fresh_breakout,123,XAU-USDT-SWAP,4670.8,нет свежего пробоя Donchian на последней закрытой свече,,rejected,,
0.001894499999999999,no_fresh_breakout,123,XLM-USDT-SWAP,0.16521,нет свежего пробоя Donchian на последней закрытой свече,,rejected,,
0.010199999999999997,no_fresh_breakout,123,XRP-USDT-SWAP,1.4436,нет свежего пробоя Donchian на последней закрытой свече,,rejected,,
0.0002499999999999995,no_fresh_breakout,123,YB-USDT-SWAP,0.123,нет свежего пробоя Donchian на последней закрытой свече,,rejected,,
15.37000000000005,no_fresh_breakout,123,YFI-USDT-SWAP,2721.4,нет свежего пробоя Donchian на последней закрытой свече,,rejected,,
0.00044000000000000115,no_fresh_breakout,123,YGG-USDT-SWAP,0.0403,нет свежего пробоя Donchian на последней закрытой свече,,rejected,,
0.0,oversized_breakout_candle_5.33_atr_>_3.50_atr,124,1INCH-USDT-SWAP,0.0,oversized breakout candle 5.33 ATR > 3.50 ATR,long,rejected,Turtle 20,
0.0014000000000000006,no_fresh_breakout,124,2Z-USDT-SWAP,0.0795,нет свежего пробоя Donchian на последней закрытой свече,,rejected,,
0.24450000000000002,no_fresh_breakout,124,AAVE-USDT-SWAP,112.3,нет свежего пробоя Donchian на последней закрытой свече,,rejected,,
0.001319999999999996,no_fresh_breakout,124,ADA-USDT-SWAP,0.2672,нет свежего пробоя Donchian на последней закрытой свече,,rejected,,
0.000949999999999998,no_fresh_breakout,124,ARB-USDT-SWAP,0.099,нет свежего пробоя Donchian на последней закрытой свече,,rejected,,
0.012640000000000018,no_fresh_breakout,124,ASTER-USDT-SWAP,0.6952,нет свежего пробоя Donchian на последней закрытой свече,,rejected,,
0.06329999999999995,no_fresh_breakout,124,AUCTION-USDT-SWAP,5.045,нет свежего пробоя Donchian на последней закрытой свече,,rejected,,
0.01203500000000005,no_fresh_breakout,124,AXS-USDT-SWAP,1.188,нет свежего пробоя Donchian на последней закрытой свече,,rejected,,
0.00024000000000000272,no_fresh_breakout,124,BAND-USDT-SWAP,0.2257,нет свежего пробоя Donchian на последней закрытой свече,,rejected,,
0.4149999999999949,no_fresh_breakout,124,BCH-USDT-SWAP,454.8,нет свежего пробоя Donchian на последней закрытой свече,,rejected,,
1.8000000000000003e-06,no_fresh_breakout,124,BOME-USDT-SWAP,0.000419,нет свежего пробоя Donchian на последней закрытой свече,,rejected,,
293.6949999999997,no_fresh_breakout,124,BTC-USDT-SWAP,70233.3,нет свежего пробоя Donchian на последней закрытой свече,,rejected,,
0.0005099999999999997,no_fresh_breakout,124,CFX-USDT-SWAP,0.06192,нет свежего пробоя Donchian на последней закрытой свече,,rejected,,
0.12599999999999945,no_fresh_breakout,124,COMP-USDT-SWAP,18.92,нет свежего пробоя Donchian на последней закрытой свече,,rejected,,
0.00396,no_fresh_breakout,124,CRV-USDT-SWAP,0.241,нет свежего пробоя Donchian на последней закрытой свече,,rejected,,
0.0,закрытие_не_удержалось_выше_канала,124,ETC-USDT-SWAP,0.0,закрытие не удержалось выше канала,long,rejected,Turtle 55,
0.0,закрытие_не_удержалось_выше_канала,124,ETC-USDT-SWAP,0.0,закрытие не удержалось выше канала,long,rejected,Turtle 20,
20.593999999999983,no_fresh_breakout,124,ETH-USDT-SWAP,2153.0,нет свежего пробоя Donchian на последней закрытой свече,,rejected,,
0.0008500000000000007,no_fresh_breakout,124,FIL-USDT-SWAP,0.89,нет свежего пробоя Donchian на последней закрытой свече,,rejected,,
0.016549999999999888,no_fresh_breakout,124,ICP-USDT-SWAP,2.495,нет свежего пробоя Donchian на последней закрытой свече,,rejected,,
0.03080000000000003,no_fresh_breakout,124,KSM-USDT-SWAP,4.527,нет свежего пробоя Donchian на последней закрытой свече,,rejected,,
0.05834999999999964,no_fresh_breakout,124,LINK-USDT-SWAP,9.028,нет свежего пробоя Donchian на последней закрытой свече,,rejected,,
0.0030000000000000248,no_fresh_breakout,124,LPT-USDT-SWAP,2.219,нет свежего пробоя Donchian на последней закрытой свече,,rejected,,
0.0003300000000000053,no_fresh_breakout,124,LQTY-USDT-SWAP,0.2777,нет свежего пробоя Donchian на последней закрытой свече,,rejected,,
0.0,закрытие_не_удержалось_ниже_канала,124,MAGIC-USDT-SWAP,0.0,закрытие не удержалось ниже канала,short,rejected,Turtle 20,
0.0,atr_warmup:_цена_или_atr_недоступны_после_прогрева,124,MET-USDT-SWAP,0.0,ATR warmup: цена или ATR недоступны после прогрева,,rejected,,
0.00019199999999999982,no_fresh_breakout,124,OP-USDT-SWAP,0.12083,нет свежего пробоя Donchian на последней закрытой свече,,rejected,,
2.1049999999999993e-08,no_fresh_breakout,124,PEPE-USDT-SWAP,3.395e-06,нет свежего пробоя Donchian на последней закрытой свече,,rejected,,
0.0,atr_warmup:_цена_или_atr_недоступны_после_прогрева,124,SKY-USDT-SWAP,0.0,ATR warmup: цена или ATR недоступны после прогрева,,rejected,,
0.5935000000000002,no_fresh_breakout,124,SOL-USDT-SWAP,88.85,нет свежего пробоя Donchian на последней закрытой свече,,rejected,,
0.013280000000000004,no_fresh_breakout,124,SUSHI-USDT-SWAP,0.2375,нет свежего пробоя Donchian на последней закрытой свече,,rejected,,
0.0,закрытие_не_удержалось_выше_канала,124,TON-USDT-SWAP,0.0,закрытие не удержалось выше канала,long,rejected,Turtle 20,
0.0004349999999999993,no_fresh_breakout,124,TRX-USDT-SWAP,0.3009,нет свежего пробоя Donchian на последней закрытой свече,,rejected,,
1.3889999999999987,no_fresh_breakout,124,TSLA-USDT-SWAP,383.08,нет свежего пробоя Donchian на последней закрытой свече,,rejected,,
0.004679500000000008,no_fresh_breakout,124,USDC-USDT-SWAP,1.00407,нет свежего пробоя Donchian на последней закрытой свече,,rejected,,
0.001894499999999999,no_fresh_breakout,124,XLM-USDT-SWAP,0.16521,нет свежего пробоя Donchian на последней закрытой свече,,rejected,,
0.010199999999999997,no_fresh_breakout,124,XRP-USDT-SWAP,1.4436,нет свежего пробоя Donchian на последней закрытой свече,,rejected,,
0.0002499999999999995,no_fresh_breakout,124,YB-USDT-SWAP,0.123,нет свежего пробоя Donchian на последней закрытой свече,,rejected,,
15.37000000000005,no_fresh_breakout,124,YFI-USDT-SWAP,2721.4,нет свежего пробоя Donchian на последней закрытой свече,,rejected,,
0.00044000000000000115,no_fresh_breakout,124,YGG-USDT-SWAP,0.0403,нет свежего пробоя Donchian на последней закрытой свече,,rejected,,
0.0,oversized_breakout_candle_5.33_atr_>_3.50_atr,125,1INCH-USDT-SWAP,0.0,oversized breakout candle 5.33 ATR > 3.50 ATR,long,rejected,Turtle 20,
0.0014000000000000006,no_fresh_breakout,125,2Z-USDT-SWAP,0.0795,нет свежего пробоя Donchian на последней закрытой свече,,rejected,,
0.24450000000000002,no_fresh_breakout,125,AAVE-USDT-SWAP,112.3,нет свежего пробоя Donchian на последней закрытой свече,,rejected,,
0.001319999999999996,no_fresh_breakout,125,ADA-USDT-SWAP,0.2672,нет свежего пробоя Donchian на последней закрытой свече,,rejected,,
0.000949999999999998,no_fresh_breakout,125,ARB-USDT-SWAP,0.099,нет свежего пробоя Donchian на последней закрытой свече,,rejected,,
0.012640000000000018,no_fresh_breakout,125,ASTER-USDT-SWAP,0.6952,нет свежего пробоя Donchian на последней закрытой свече,,rejected,,
0.06329999999999995,no_fresh_breakout,125,AUCTION-USDT-SWAP,5.045,нет свежего пробоя Donchian на последней закрытой свече,,rejected,,
0.01203500000000005,no_fresh_breakout,125,AXS-USDT-SWAP,1.188,нет свежего пробоя Donchian на последней закрытой свече,,rejected,,
0.00024000000000000272,no_fresh_breakout,125,BAND-USDT-SWAP,0.2257,нет свежего пробоя Donchian на последней закрытой свече,,rejected,,
0.4149999999999949,no_fresh_breakout,125,BCH-USDT-SWAP,454.8,нет свежего пробоя Donchian на последней закрытой свече,,rejected,,
1.8000000000000003e-06,no_fresh_breakout,125,BOME-USDT-SWAP,0.000419,нет свежего пробоя Donchian на последней закрытой свече,,rejected,,
293.6949999999997,no_fresh_breakout,125,BTC-USDT-SWAP,70233.3,нет свежего пробоя Donchian на последней закрытой свече,,rejected,,
0.0005099999999999997,no_fresh_breakout,125,CFX-USDT-SWAP,0.06192,нет свежего пробоя Donchian на последней закрытой свече,,rejected,,
0.12599999999999945,no_fresh_breakout,125,COMP-USDT-SWAP,18.92,нет свежего пробоя Donchian на последней закрытой свече,,rejected,,
0.00396,no_fresh_breakout,125,CRV-USDT-SWAP,0.241,нет свежего пробоя Donchian на последней закрытой свече,,rejected,,
0.0,закрытие_не_удержалось_выше_канала,125,ETC-USDT-SWAP,0.0,закрытие не удержалось выше канала,long,rejected,Turtle 55,
0.0,закрытие_не_удержалось_выше_канала,125,ETC-USDT-SWAP,0.0,закрытие не удержалось выше канала,long,rejected,Turtle 20,
20.593999999999983,no_fresh_breakout,125,ETH-USDT-SWAP,2153.0,нет свежего пробоя Donchian на последней закрытой свече,,rejected,,
0.0008500000000000007,no_fresh_breakout,125,FIL-USDT-SWAP,0.89,нет свежего пробоя Donchian на последней закрытой свече,,rejected,,
0.016549999999999888,no_fresh_breakout,125,ICP-USDT-SWAP,2.495,нет свежего пробоя Donchian на последней закрытой свече,,rejected,,
0.03080000000000003,no_fresh_breakout,125,KSM-USDT-SWAP,4.527,нет свежего пробоя Donchian на последней закрытой свече,,rejected,,
0.05834999999999964,no_fresh_breakout,125,LINK-USDT-SWAP,9.028,нет свежего пробоя Donchian на последней закрытой свече,,rejected,,
0.0030000000000000248,no_fresh_breakout,125,LPT-USDT-SWAP,2.219,нет свежего пробоя Donchian на последней закрытой свече,,rejected,,
0.0003300000000000053,no_fresh_breakout,125,LQTY-USDT-SWAP,0.2777,нет свежего пробоя Donchian на последней закрытой свече,,rejected,,
0.0,закрытие_не_удержалось_ниже_канала,125,MAGIC-USDT-SWAP,0.0,закрытие не удержалось ниже канала,short,rejected,Turtle 20,
0.0,atr_warmup:_цена_или_atr_недоступны_после_прогрева,125,MET-USDT-SWAP,0.0,ATR warmup: цена или ATR недоступны после прогрева,,rejected,,
0.00019199999999999982,no_fresh_breakout,125,OP-USDT-SWAP,0.12083,нет свежего пробоя Donchian на последней закрытой свече,,rejected,,
2.1049999999999993e-08,no_fresh_breakout,125,PEPE-USDT-SWAP,3.395e-06,нет свежего пробоя Donchian на последней закрытой свече,,rejected,,
0.0,atr_warmup:_цена_или_atr_недоступны_после_прогрева,125,SKY-USDT-SWAP,0.0,ATR warmup: цена или ATR недоступны после прогрева,,rejected,,
0.5935000000000002,no_fresh_breakout,125,SOL-USDT-SWAP,88.85,нет свежего пробоя Donchian на последней закрытой свече,,rejected,,
0.013280000000000004,no_fresh_breakout,125,SUSHI-USDT-SWAP,0.2375,нет свежего пробоя Donchian на последней закрытой свече,,rejected,,
0.0,закрытие_не_удержалось_выше_канала,125,TON-USDT-SWAP,0.0,закрытие не удержалось выше канала,long,rejected,Turtle 20,
0.0004349999999999993,no_fresh_breakout,125,TRX-USDT-SWAP,0.3009,нет свежего пробоя Donchian на последней закрытой свече,,rejected,,
1.3889999999999987,no_fresh_breakout,125,TSLA-USDT-SWAP,383.08,нет свежего пробоя Donchian на последней закрытой свече,,rejected,,
0.004679500000000008,no_fresh_breakout,125,USDC-USDT-SWAP,1.00407,нет свежего пробоя Donchian на последней закрытой свече,,rejected,,
70.31999999999998,no_fresh_breakout,125,XAU-USDT-SWAP,4670.8,нет свежего пробоя Donchian на последней закрытой свече,,rejected,,
0.001894499999999999,no_fresh_breakout,125,XLM-USDT-SWAP,0.16521,нет свежего пробоя Donchian на последней закрытой свече,,rejected,,
0.010199999999999997,no_fresh_breakout,125,XRP-USDT-SWAP,1.4436,нет свежего пробоя Donchian на последней закрытой свече,,rejected,,
0.0002499999999999995,no_fresh_breakout,125,YB-USDT-SWAP,0.123,нет свежего пробоя Donchian на последней закрытой свече,,rejected,,
15.37000000000005,no_fresh_breakout,125,YFI-USDT-SWAP,2721.4,нет свежего пробоя Donchian на последней закрытой свече,,rejected,,
0.00044000000000000115,no_fresh_breakout,125,YGG-USDT-SWAP,0.0403,нет свежего пробоя Donchian на последней закрытой свече,,rejected,,
0.0,oversized_breakout_candle_5.33_atr_>_3.50_atr,126,1INCH-USDT-SWAP,0.0,oversized breakout candle 5.33 ATR > 3.50 ATR,long,rejected,Turtle 20,
0.0014000000000000006,no_fresh_breakout,126,2Z-USDT-SWAP,0.0795,нет свежего пробоя Donchian на последней закрытой свече,,rejected,,
0.24450000000000002,no_fresh_breakout,126,AAVE-USDT-SWAP,112.3,нет свежего пробоя Donchian на последней закрытой свече,,rejected,,
0.001319999999999996,no_fresh_breakout,126,ADA-USDT-SWAP,0.2672,нет свежего пробоя Donchian на последней закрытой свече,,rejected,,
0.000949999999999998,no_fresh_breakout,126,ARB-USDT-SWAP,0.099,нет свежего пробоя Donchian на последней закрытой свече,,rejected,,
0.012640000000000018,no_fresh_breakout,126,ASTER-USDT-SWAP,0.6952,нет свежего пробоя Donchian на последней закрытой свече,,rejected,,
0.06329999999999995,no_fresh_breakout,126,AUCTION-USDT-SWAP,5.045,нет свежего пробоя Donchian на последней закрытой свече,,rejected,,
0.01203500000000005,no_fresh_breakout,126,AXS-USDT-SWAP,1.188,нет свежего пробоя Donchian на последней закрытой свече,,rejected,,
0.00024000000000000272,no_fresh_breakout,126,BAND-USDT-SWAP,0.2257,нет свежего пробоя Donchian на последней закрытой свече,,rejected,,
0.4149999999999949,no_fresh_breakout,126,BCH-USDT-SWAP,454.8,нет свежего пробоя Donchian на последней закрытой свече,,rejected,,
1.8000000000000003e-06,no_fresh_breakout,126,BOME-USDT-SWAP,0.000419,нет свежего пробоя Donchian на последней закрытой свече,,rejected,,
293.6949999999997,no_fresh_breakout,126,BTC-USDT-SWAP,70233.3,нет свежего пробоя Donchian на последней закрытой свече,,rejected,,
0.0005099999999999997,no_fresh_breakout,126,CFX-USDT-SWAP,0.06192,нет свежего пробоя Donchian на последней закрытой свече,,rejected,,
0.12599999999999945,no_fresh_breakout,126,COMP-USDT-SWAP,18.92,нет свежего пробоя Donchian на последней закрытой свече,,rejected,,
0.00396,no_fresh_breakout,126,CRV-USDT-SWAP,0.241,нет свежего пробоя Donchian на последней закрытой свече,,rejected,,
0.0,закрытие_не_удержалось_выше_канала,126,ETC-USDT-SWAP,0.0,закрытие не удержалось выше канала,long,rejected,Turtle 55,
0.0,закрытие_не_удержалось_выше_канала,126,ETC-USDT-SWAP,0.0,закрытие не удержалось выше канала,long,rejected,Turtle 20,
20.593999999999983,no_fresh_breakout,126,ETH-USDT-SWAP,2153.0,нет свежего пробоя Donchian на последней закрытой свече,,rejected,,
0.0008500000000000007,no_fresh_breakout,126,FIL-USDT-SWAP,0.89,нет свежего пробоя Donchian на последней закрытой свече,,rejected,,
0.016549999999999888,no_fresh_breakout,126,ICP-USDT-SWAP,2.495,нет свежего пробоя Donchian на последней закрытой свече,,rejected,,
0.03080000000000003,no_fresh_breakout,126,KSM-USDT-SWAP,4.527,нет свежего пробоя Donchian на последней закрытой свече,,rejected,,
0.05834999999999964,no_fresh_breakout,126,LINK-USDT-SWAP,9.028,нет свежего пробоя Donchian на последней закрытой свече,,rejected,,
0.0030000000000000248,no_fresh_breakout,126,LPT-USDT-SWAP,2.219,нет свежего пробоя Donchian на последней закрытой свече,,rejected,,
0.0003300000000000053,no_fresh_breakout,126,LQTY-USDT-SWAP,0.2777,нет свежего пробоя Donchian на последней закрытой свече,,rejected,,
0.0,закрытие_не_удержалось_ниже_канала,126,MAGIC-USDT-SWAP,0.0,закрытие не удержалось ниже канала,short,rejected,Turtle 20,
0.0,atr_warmup:_цена_или_atr_недоступны_после_прогрева,126,MET-USDT-SWAP,0.0,ATR warmup: цена или ATR недоступны после прогрева,,rejected,,
0.00019199999999999982,no_fresh_breakout,126,OP-USDT-SWAP,0.12083,нет свежего пробоя Donchian на последней закрытой свече,,rejected,,
2.1049999999999993e-08,no_fresh_breakout,126,PEPE-USDT-SWAP,3.395e-06,нет свежего пробоя Donchian на последней закрытой свече,,rejected,,
0.0,atr_warmup:_цена_или_atr_недоступны_после_прогрева,126,SKY-USDT-SWAP,0.0,ATR warmup: цена или ATR недоступны после прогрева,,rejected,,
0.5935000000000002,no_fresh_breakout,126,SOL-USDT-SWAP,88.85,нет свежего пробоя Donchian на последней закрытой свече,,rejected,,
0.013280000000000004,no_fresh_breakout,126,SUSHI-USDT-SWAP,0.2375,нет свежего пробоя Donchian на последней закрытой свече,,rejected,,
0.0,закрытие_не_удержалось_выше_канала,126,TON-USDT-SWAP,0.0,закрытие не удержалось выше канала,long,rejected,Turtle 20,
0.0004349999999999993,no_fresh_breakout,126,TRX-USDT-SWAP,0.3009,нет свежего пробоя Donchian на последней закрытой свече,,rejected,,
1.3889999999999987,no_fresh_breakout,126,TSLA-USDT-SWAP,383.08,нет свежего пробоя Donchian на последней закрытой свече,,rejected,,
0.004679500000000008,no_fresh_breakout,126,USDC-USDT-SWAP,1.00407,нет свежего пробоя Donchian на последней закрытой свече,,rejected,,
70.31999999999998,no_fresh_breakout,126,XAU-USDT-SWAP,4670.8,нет свежего пробоя Donchian на последней закрытой свече,,rejected,,
0.001894499999999999,no_fresh_breakout,126,XLM-USDT-SWAP,0.16521,нет свежего пробоя Donchian на последней закрытой свече,,rejected,,
0.010199999999999997,no_fresh_breakout,126,XRP-USDT-SWAP,1.4436,нет свежего пробоя Donchian на последней закрытой свече,,rejected,,
0.0002499999999999995,no_fresh_breakout,126,YB-USDT-SWAP,0.123,нет свежего пробоя Donchian на последней закрытой свече,,rejected,,
15.37000000000005,no_fresh_breakout,126,YFI-USDT-SWAP,2721.4,нет свежего пробоя Donchian на последней закрытой свече,,rejected,,
0.00044000000000000115,no_fresh_breakout,126,YGG-USDT-SWAP,0.0403,нет свежего пробоя Donchian на последней закрытой свече,,rejected,,
0.0,oversized_breakout_candle_5.33_atr_>_3.50_atr,127,1INCH-USDT-SWAP,0.0,oversized breakout candle 5.33 ATR > 3.50 ATR,long,rejected,Turtle 20,
0.0014000000000000006,no_fresh_breakout,127,2Z-USDT-SWAP,0.0795,нет свежего пробоя Donchian на последней закрытой свече,,rejected,,
0.24450000000000002,no_fresh_breakout,127,AAVE-USDT-SWAP,112.3,нет свежего пробоя Donchian на последней закрытой свече,,rejected,,
0.001319999999999996,no_fresh_breakout,127,ADA-USDT-SWAP,0.2672,нет свежего пробоя Donchian на последней закрытой свече,,rejected,,
0.000949999999999998,no_fresh_breakout,127,ARB-USDT-SWAP,0.099,нет свежего пробоя Donchian на последней закрытой свече,,rejected,,
0.012640000000000018,no_fresh_breakout,127,ASTER-USDT-SWAP,0.6952,нет свежего пробоя Donchian на последней закрытой свече,,rejected,,
0.06329999999999995,no_fresh_breakout,127,AUCTION-USDT-SWAP,5.045,нет свежего пробоя Donchian на последней закрытой свече,,rejected,,
0.01203500000000005,no_fresh_breakout,127,AXS-USDT-SWAP,1.188,нет свежего пробоя Donchian на последней закрытой свече,,rejected,,
0.00024000000000000272,no_fresh_breakout,127,BAND-USDT-SWAP,0.2257,нет свежего пробоя Donchian на последней закрытой свече,,rejected,,
0.4149999999999949,no_fresh_breakout,127,BCH-USDT-SWAP,454.8,нет свежего пробоя Donchian на последней закрытой свече,,rejected,,
1.8000000000000003e-06,no_fresh_breakout,127,BOME-USDT-SWAP,0.000419,нет свежего пробоя Donchian на последней закрытой свече,,rejected,,
293.6949999999997,no_fresh_breakout,127,BTC-USDT-SWAP,70233.3,нет свежего пробоя Donchian на последней закрытой свече,,rejected,,
0.0005099999999999997,no_fresh_breakout,127,CFX-USDT-SWAP,0.06192,нет свежего пробоя Donchian на последней закрытой свече,,rejected,,
0.12599999999999945,no_fresh_breakout,127,COMP-USDT-SWAP,18.92,нет свежего пробоя Donchian на последней закрытой свече,,rejected,,
0.00396,no_fresh_breakout,127,CRV-USDT-SWAP,0.241,нет свежего пробоя Donchian на последней закрытой свече,,rejected,,
0.0,закрытие_не_удержалось_выше_канала,127,ETC-USDT-SWAP,0.0,закрытие не удержалось выше канала,long,rejected,Turtle 55,
0.0,закрытие_не_удержалось_выше_канала,127,ETC-USDT-SWAP,0.0,закрытие не удержалось выше канала,long,rejected,Turtle 20,
20.593999999999983,no_fresh_breakout,127,ETH-USDT-SWAP,2153.0,нет свежего пробоя Donchian на последней закрытой свече,,rejected,,
0.0008500000000000007,no_fresh_breakout,127,FIL-USDT-SWAP,0.89,нет свежего пробоя Donchian на последней закрытой свече,,rejected,,
0.016549999999999888,no_fresh_breakout,127,ICP-USDT-SWAP,2.495,нет свежего пробоя Donchian на последней закрытой свече,,rejected,,
0.03080000000000003,no_fresh_breakout,127,KSM-USDT-SWAP,4.527,нет свежего пробоя Donchian на последней закрытой свече,,rejected,,
0.05834999999999964,no_fresh_breakout,127,LINK-USDT-SWAP,9.028,нет свежего пробоя Donchian на последней закрытой свече,,rejected,,
0.0030000000000000248,no_fresh_breakout,127,LPT-USDT-SWAP,2.219,нет свежего пробоя Donchian на последней закрытой свече,,rejected,,
0.0003300000000000053,no_fresh_breakout,127,LQTY-USDT-SWAP,0.2777,нет свежего пробоя Donchian на последней закрытой свече,,rejected,,
0.0,закрытие_не_удержалось_ниже_канала,127,MAGIC-USDT-SWAP,0.0,закрытие не удержалось ниже канала,short,rejected,Turtle 20,
0.0,atr_warmup:_цена_или_atr_недоступны_после_прогрева,127,MET-USDT-SWAP,0.0,ATR warmup: цена или ATR недоступны после прогрева,,rejected,,
0.00019199999999999982,no_fresh_breakout,127,OP-USDT-SWAP,0.12083,нет свежего пробоя Donchian на последней закрытой свече,,rejected,,
2.1049999999999993e-08,no_fresh_breakout,127,PEPE-USDT-SWAP,3.395e-06,нет свежего пробоя Donchian на последней закрытой свече,,rejected,,
0.0,atr_warmup:_цена_или_atr_недоступны_после_прогрева,127,SKY-USDT-SWAP,0.0,ATR warmup: цена или ATR недоступны после прогрева,,rejected,,
0.5935000000000002,no_fresh_breakout,127,SOL-USDT-SWAP,88.85,нет свежего пробоя Donchian на последней закрытой свече,,rejected,,
0.013280000000000004,no_fresh_breakout,127,SUSHI-USDT-SWAP,0.2375,нет свежего пробоя Donchian на последней закрытой свече,,rejected,,
0.0,закрытие_не_удержалось_выше_канала,127,TON-USDT-SWAP,0.0,закрытие не удержалось выше канала,long,rejected,Turtle 20,
0.0004349999999999993,no_fresh_breakout,127,TRX-USDT-SWAP,0.3009,нет свежего пробоя Donchian на последней закрытой свече,,rejected,,
1.3889999999999987,no_fresh_breakout,127,TSLA-USDT-SWAP,383.08,нет свежего пробоя Donchian на последней закрытой свече,,rejected,,
0.004679500000000008,no_fresh_breakout,127,USDC-USDT-SWAP,1.00407,нет свежего пробоя Donchian на последней закрытой свече,,rejected,,
70.31999999999998,no_fresh_breakout,127,XAU-USDT-SWAP,4670.8,нет свежего пробоя Donchian на последней закрытой свече,,rejected,,
0.001894499999999999,no_fresh_breakout,127,XLM-USDT-SWAP,0.16521,нет свежего пробоя Donchian на последней закрытой свече,,rejected,,
0.010199999999999997,no_fresh_breakout,127,XRP-USDT-SWAP,1.4436,нет свежего пробоя Donchian на последней закрытой свече,,rejected,,
0.0002499999999999995,no_fresh_breakout,127,YB-USDT-SWAP,0.123,нет свежего пробоя Donchian на последней закрытой свече,,rejected,,
15.37000000000005,no_fresh_breakout,127,YFI-USDT-SWAP,2721.4,нет свежего пробоя Donchian на последней закрытой свече,,rejected,,
0.00044000000000000115,no_fresh_breakout,127,YGG-USDT-SWAP,0.0403,нет свежего пробоя Donchian на последней закрытой свече,,rejected,,
0.0,oversized_breakout_candle_5.33_atr_>_3.50_atr,128,1INCH-USDT-SWAP,0.0,oversized breakout candle 5.33 ATR > 3.50 ATR,long,rejected,Turtle 20,
0.0014000000000000006,no_fresh_breakout,128,2Z-USDT-SWAP,0.0795,нет свежего пробоя Donchian на последней закрытой свече,,rejected,,
0.24450000000000002,no_fresh_breakout,128,AAVE-USDT-SWAP,112.3,нет свежего пробоя Donchian на последней закрытой свече,,rejected,,
0.001319999999999996,no_fresh_breakout,128,ADA-USDT-SWAP,0.2672,нет свежего пробоя Donchian на последней закрытой свече,,rejected,,
0.000949999999999998,no_fresh_breakout,128,ARB-USDT-SWAP,0.099,нет свежего пробоя Donchian на последней закрытой свече,,rejected,,
0.012640000000000018,no_fresh_breakout,128,ASTER-USDT-SWAP,0.6952,нет свежего пробоя Donchian на последней закрытой свече,,rejected,,
0.06329999999999995,no_fresh_breakout,128,AUCTION-USDT-SWAP,5.045,нет свежего пробоя Donchian на последней закрытой свече,,rejected,,
0.01203500000000005,no_fresh_breakout,128,AXS-USDT-SWAP,1.188,нет свежего пробоя Donchian на последней закрытой свече,,rejected,,
0.00024000000000000272,no_fresh_breakout,128,BAND-USDT-SWAP,0.2257,нет свежего пробоя Donchian на последней закрытой свече,,rejected,,
0.4149999999999949,no_fresh_breakout,128,BCH-USDT-SWAP,454.8,нет свежего пробоя Donchian на последней закрытой свече,,rejected,,
1.8000000000000003e-06,no_fresh_breakout,128,BOME-USDT-SWAP,0.000419,нет свежего пробоя Donchian на последней закрытой свече,,rejected,,
293.6949999999997,no_fresh_breakout,128,BTC-USDT-SWAP,70233.3,нет свежего пробоя Donchian на последней закрытой свече,,rejected,,
0.0005099999999999997,no_fresh_breakout,128,CFX-USDT-SWAP,0.06192,нет свежего пробоя Donchian на последней закрытой свече,,rejected,,
0.12599999999999945,no_fresh_breakout,128,COMP-USDT-SWAP,18.92,нет свежего пробоя Donchian на последней закрытой свече,,rejected,,
0.00396,no_fresh_breakout,128,CRV-USDT-SWAP,0.241,нет свежего пробоя Donchian на последней закрытой свече,,rejected,,
0.0,закрытие_не_удержалось_выше_канала,128,ETC-USDT-SWAP,0.0,закрытие не удержалось выше канала,long,rejected,Turtle 55,
0.0,закрытие_не_удержалось_выше_канала,128,ETC-USDT-SWAP,0.0,закрытие не удержалось выше канала,long,rejected,Turtle 20,
20.593999999999983,no_fresh_breakout,128,ETH-USDT-SWAP,2153.0,нет свежего пробоя Donchian на последней закрытой свече,,rejected,,
0.0008500000000000007,no_fresh_breakout,128,FIL-USDT-SWAP,0.89,нет свежего пробоя Donchian на последней закрытой свече,,rejected,,
0.016549999999999888,no_fresh_breakout,128,ICP-USDT-SWAP,2.495,нет свежего пробоя Donchian на последней закрытой свече,,rejected,,
0.03080000000000003,no_fresh_breakout,128,KSM-USDT-SWAP,4.527,нет свежего пробоя Donchian на последней закрытой свече,,rejected,,
0.05834999999999964,no_fresh_breakout,128,LINK-USDT-SWAP,9.028,нет свежего пробоя Donchian на последней закрытой свече,,rejected,,
0.0030000000000000248,no_fresh_breakout,128,LPT-USDT-SWAP,2.219,нет свежего пробоя Donchian на последней закрытой свече,,rejected,,
0.0003300000000000053,no_fresh_breakout,128,LQTY-USDT-SWAP,0.2777,нет свежего пробоя Donchian на последней закрытой свече,,rejected,,
0.0,закрытие_не_удержалось_ниже_канала,128,MAGIC-USDT-SWAP,0.0,закрытие не удержалось ниже канала,short,rejected,Turtle 20,
0.0,atr_warmup:_цена_или_atr_недоступны_после_прогрева,128,MET-USDT-SWAP,0.0,ATR warmup: цена или ATR недоступны после прогрева,,rejected,,
0.00019199999999999982,no_fresh_breakout,128,OP-USDT-SWAP,0.12083,нет свежего пробоя Donchian на последней закрытой свече,,rejected,,
2.1049999999999993e-08,no_fresh_breakout,128,PEPE-USDT-SWAP,3.395e-06,нет свежего пробоя Donchian на последней закрытой свече,,rejected,,
0.0,atr_warmup:_цена_или_atr_недоступны_после_прогрева,128,SKY-USDT-SWAP,0.0,ATR warmup: цена или ATR недоступны после прогрева,,rejected,,
0.5935000000000002,no_fresh_breakout,128,SOL-USDT-SWAP,88.85,нет свежего пробоя Donchian на последней закрытой свече,,rejected,,
0.013280000000000004,no_fresh_breakout,128,SUSHI-USDT-SWAP,0.2375,нет свежего пробоя Donchian на последней закрытой свече,,rejected,,
0.0,закрытие_не_удержалось_выше_канала,128,TON-USDT-SWAP,0.0,закрытие не удержалось выше канала,long,rejected,Turtle 20,
0.0004349999999999993,no_fresh_breakout,128,TRX-USDT-SWAP,0.3009,нет свежего пробоя Donchian на последней закрытой свече,,rejected,,
1.3889999999999987,no_fresh_breakout,128,TSLA-USDT-SWAP,383.08,нет свежего пробоя Donchian на последней закрытой свече,,rejected,,
0.004679500000000008,no_fresh_breakout,128,USDC-USDT-SWAP,1.00407,нет свежего пробоя Donchian на последней закрытой свече,,rejected,,
70.31999999999998,no_fresh_breakout,128,XAU-USDT-SWAP,4670.8,нет свежего пробоя Donchian на последней закрытой свече,,rejected,,
0.001894499999999999,no_fresh_breakout,128,XLM-USDT-SWAP,0.16521,нет свежего пробоя Donchian на последней закрытой свече,,rejected,,
0.010199999999999997,no_fresh_breakout,128,XRP-USDT-SWAP,1.4436,нет свежего пробоя Donchian на последней закрытой свече,,rejected,,
0.0002499999999999995,no_fresh_breakout,128,YB-USDT-SWAP,0.123,нет свежего пробоя Donchian на последней закрытой свече,,rejected,,
15.37000000000005,no_fresh_breakout,128,YFI-USDT-SWAP,2721.4,нет свежего пробоя Donchian на последней закрытой свече,,rejected,,
0.00044000000000000115,no_fresh_breakout,128,YGG-USDT-SWAP,0.0403,нет свежего пробоя Donchian на последней закрытой свече,,rejected,,
0.0,oversized_breakout_candle_5.33_atr_>_3.50_atr,129,1INCH-USDT-SWAP,0.0,oversized breakout candle 5.33 ATR > 3.50 ATR,long,rejected,Turtle 20,
0.0014000000000000006,no_fresh_breakout,129,2Z-USDT-SWAP,0.0795,нет свежего пробоя Donchian на последней закрытой свече,,rejected,,
0.24450000000000002,no_fresh_breakout,129,AAVE-USDT-SWAP,112.3,нет свежего пробоя Donchian на последней закрытой свече,,rejected,,
0.001319999999999996,no_fresh_breakout,129,ADA-USDT-SWAP,0.2672,нет свежего пробоя Donchian на последней закрытой свече,,rejected,,
0.000949999999999998,no_fresh_breakout,129,ARB-USDT-SWAP,0.099,нет свежего пробоя Donchian на последней закрытой свече,,rejected,,
0.012640000000000018,no_fresh_breakout,129,ASTER-USDT-SWAP,0.6952,нет свежего пробоя Donchian на последней закрытой свече,,rejected,,
0.06329999999999995,no_fresh_breakout,129,AUCTION-USDT-SWAP,5.045,нет свежего пробоя Donchian на последней закрытой свече,,rejected,,
0.01203500000000005,no_fresh_breakout,129,AXS-USDT-SWAP,1.188,нет свежего пробоя Donchian на последней закрытой свече,,rejected,,
0.00024000000000000272,no_fresh_breakout,129,BAND-USDT-SWAP,0.2257,нет свежего пробоя Donchian на последней закрытой свече,,rejected,,
0.4149999999999949,no_fresh_breakout,129,BCH-USDT-SWAP,454.8,нет свежего пробоя Donchian на последней закрытой свече,,rejected,,
1.8000000000000003e-06,no_fresh_breakout,129,BOME-USDT-SWAP,0.000419,нет свежего пробоя Donchian на последней закрытой свече,,rejected,,
293.6949999999997,no_fresh_breakout,129,BTC-USDT-SWAP,70233.3,нет свежего пробоя Donchian на последней закрытой свече,,rejected,,
0.0005099999999999997,no_fresh_breakout,129,CFX-USDT-SWAP,0.06192,нет свежего пробоя Donchian на последней закрытой свече,,rejected,,
0.12599999999999945,no_fresh_breakout,129,COMP-USDT-SWAP,18.92,нет свежего пробоя Donchian на последней закрытой свече,,rejected,,
0.00396,no_fresh_breakout,129,CRV-USDT-SWAP,0.241,нет свежего пробоя Donchian на последней закрытой свече,,rejected,,
0.0,закрытие_не_удержалось_выше_канала,129,ETC-USDT-SWAP,0.0,закрытие не удержалось выше канала,long,rejected,Turtle 55,
0.0,закрытие_не_удержалось_выше_канала,129,ETC-USDT-SWAP,0.0,закрытие не удержалось выше канала,long,rejected,Turtle 20,
20.593999999999983,no_fresh_breakout,129,ETH-USDT-SWAP,2153.0,нет свежего пробоя Donchian на последней закрытой свече,,rejected,,
0.0008500000000000007,no_fresh_breakout,129,FIL-USDT-SWAP,0.89,нет свежего пробоя Donchian на последней закрытой свече,,rejected,,
0.016549999999999888,no_fresh_breakout,129,ICP-USDT-SWAP,2.495,нет свежего пробоя Donchian на последней закрытой свече,,rejected,,
0.03080000000000003,no_fresh_breakout,129,KSM-USDT-SWAP,4.527,нет свежего пробоя Donchian на последней закрытой свече,,rejected,,
0.05834999999999964,no_fresh_breakout,129,LINK-USDT-SWAP,9.028,нет свежего пробоя Donchian на последней закрытой свече,,rejected,,
0.0030000000000000248,no_fresh_breakout,129,LPT-USDT-SWAP,2.219,нет свежего пробоя Donchian на последней закрытой свече,,rejected,,
0.0003300000000000053,no_fresh_breakout,129,LQTY-USDT-SWAP,0.2777,нет свежего пробоя Donchian на последней закрытой свече,,rejected,,
0.0,закрытие_не_удержалось_ниже_канала,129,MAGIC-USDT-SWAP,0.0,закрытие не удержалось ниже канала,short,rejected,Turtle 20,
0.0,atr_warmup:_цена_или_atr_недоступны_после_прогрева,129,MET-USDT-SWAP,0.0,ATR warmup: цена или ATR недоступны после прогрева,,rejected,,
0.00019199999999999982,no_fresh_breakout,129,OP-USDT-SWAP,0.12083,нет свежего пробоя Donchian на последней закрытой свече,,rejected,,
2.1049999999999993e-08,no_fresh_breakout,129,PEPE-USDT-SWAP,3.395e-06,нет свежего пробоя Donchian на последней закрытой свече,,rejected,,
0.0,atr_warmup:_цена_или_atr_недоступны_после_прогрева,129,SKY-USDT-SWAP,0.0,ATR warmup: цена или ATR недоступны после прогрева,,rejected,,
0.5935000000000002,no_fresh_breakout,129,SOL-USDT-SWAP,88.85,нет свежего пробоя Donchian на последней закрытой свече,,rejected,,
0.013280000000000004,no_fresh_breakout,129,SUSHI-USDT-SWAP,0.2375,нет свежего пробоя Donchian на последней закрытой свече,,rejected,,
0.0,закрытие_не_удержалось_выше_канала,129,TON-USDT-SWAP,0.0,закрытие не удержалось выше канала,long,rejected,Turtle 20,
0.0004349999999999993,no_fresh_breakout,129,TRX-USDT-SWAP,0.3009,нет свежего пробоя Donchian на последней закрытой свече,,rejected,,
1.3889999999999987,no_fresh_breakout,129,TSLA-USDT-SWAP,383.08,нет свежего пробоя Donchian на последней закрытой свече,,rejected,,
0.004679500000000008,no_fresh_breakout,129,USDC-USDT-SWAP,1.00407,нет свежего пробоя Donchian на последней закрытой свече,,rejected,,
70.31999999999998,no_fresh_breakout,129,XAU-USDT-SWAP,4670.8,нет свежего пробоя Donchian на последней закрытой свече,,rejected,,
0.001894499999999999,no_fresh_breakout,129,XLM-USDT-SWAP,0.16521,нет свежего пробоя Donchian на последней закрытой свече,,rejected,,
0.010199999999999997,no_fresh_breakout,129,XRP-USDT-SWAP,1.4436,нет свежего пробоя Donchian на последней закрытой свече,,rejected,,
0.0002499999999999995,no_fresh_breakout,129,YB-USDT-SWAP,0.123,нет свежего пробоя Donchian на последней закрытой свече,,rejected,,
15.37000000000005,no_fresh_breakout,129,YFI-USDT-SWAP,2721.4,нет свежего пробоя Donchian на последней закрытой свече,,rejected,,
0.00044000000000000115,no_fresh_breakout,129,YGG-USDT-SWAP,0.0403,нет свежего пробоя Donchian на последней закрытой свече,,rejected,,
0.0,oversized_breakout_candle_5.33_atr_>_3.50_atr,130,1INCH-USDT-SWAP,0.0,oversized breakout candle 5.33 ATR > 3.50 ATR,long,rejected,Turtle 20,
0.0014000000000000006,no_fresh_breakout,130,2Z-USDT-SWAP,0.0795,нет свежего пробоя Donchian на последней закрытой свече,,rejected,,
0.24450000000000002,no_fresh_breakout,130,AAVE-USDT-SWAP,112.3,нет свежего пробоя Donchian на последней закрытой свече,,rejected,,
0.001319999999999996,no_fresh_breakout,130,ADA-USDT-SWAP,0.2672,нет свежего пробоя Donchian на последней закрытой свече,,rejected,,
0.000949999999999998,no_fresh_breakout,130,ARB-USDT-SWAP,0.099,нет свежего пробоя Donchian на последней закрытой свече,,rejected,,
0.012640000000000018,no_fresh_breakout,130,ASTER-USDT-SWAP,0.6952,нет свежего пробоя Donchian на последней закрытой свече,,rejected,,
0.06329999999999995,no_fresh_breakout,130,AUCTION-USDT-SWAP,5.045,нет свежего пробоя Donchian на последней закрытой свече,,rejected,,
0.01203500000000005,no_fresh_breakout,130,AXS-USDT-SWAP,1.188,нет свежего пробоя Donchian на последней закрытой свече,,rejected,,
0.00024000000000000272,no_fresh_breakout,130,BAND-USDT-SWAP,0.2257,нет свежего пробоя Donchian на последней закрытой свече,,rejected,,
0.4149999999999949,no_fresh_breakout,130,BCH-USDT-SWAP,454.8,нет свежего пробоя Donchian на последней закрытой свече,,rejected,,
1.8000000000000003e-06,no_fresh_breakout,130,BOME-USDT-SWAP,0.000419,нет свежего пробоя Donchian на последней закрытой свече,,rejected,,
293.6949999999997,no_fresh_breakout,130,BTC-USDT-SWAP,70233.3,нет свежего пробоя Donchian на последней закрытой свече,,rejected,,
0.0005099999999999997,no_fresh_breakout,130,CFX-USDT-SWAP,0.06192,нет свежего пробоя Donchian на последней закрытой свече,,rejected,,
0.12599999999999945,no_fresh_breakout,130,COMP-USDT-SWAP,18.92,нет свежего пробоя Donchian на последней закрытой свече,,rejected,,
0.00396,no_fresh_breakout,130,CRV-USDT-SWAP,0.241,нет свежего пробоя Donchian на последней закрытой свече,,rejected,,
0.0,закрытие_не_удержалось_выше_канала,130,ETC-USDT-SWAP,0.0,закрытие не удержалось выше канала,long,rejected,Turtle 55,
0.0,закрытие_не_удержалось_выше_канала,130,ETC-USDT-SWAP,0.0,закрытие не удержалось выше канала,long,rejected,Turtle 20,
20.593999999999983,no_fresh_breakout,130,ETH-USDT-SWAP,2153.0,нет свежего пробоя Donchian на последней закрытой свече,,rejected,,
0.0008500000000000007,no_fresh_breakout,130,FIL-USDT-SWAP,0.89,нет свежего пробоя Donchian на последней закрытой свече,,rejected,,
0.016549999999999888,no_fresh_breakout,130,ICP-USDT-SWAP,2.495,нет свежего пробоя Donchian на последней закрытой свече,,rejected,,
0.03080000000000003,no_fresh_breakout,130,KSM-USDT-SWAP,4.527,нет свежего пробоя Donchian на последней закрытой свече,,rejected,,
0.05834999999999964,no_fresh_breakout,130,LINK-USDT-SWAP,9.028,нет свежего пробоя Donchian на последней закрытой свече,,rejected,,
0.0030000000000000248,no_fresh_breakout,130,LPT-USDT-SWAP,2.219,нет свежего пробоя Donchian на последней закрытой свече,,rejected,,
0.0003300000000000053,no_fresh_breakout,130,LQTY-USDT-SWAP,0.2777,нет свежего пробоя Donchian на последней закрытой свече,,rejected,,
0.0,закрытие_не_удержалось_ниже_канала,130,MAGIC-USDT-SWAP,0.0,закрытие не удержалось ниже канала,short,rejected,Turtle 20,
0.0,atr_warmup:_цена_или_atr_недоступны_после_прогрева,130,MET-USDT-SWAP,0.0,ATR warmup: цена или ATR недоступны после прогрева,,rejected,,
0.00019199999999999982,no_fresh_breakout,130,OP-USDT-SWAP,0.12083,нет свежего пробоя Donchian на последней закрытой свече,,rejected,,
2.1049999999999993e-08,no_fresh_breakout,130,PEPE-USDT-SWAP,3.395e-06,нет свежего пробоя Donchian на последней закрытой свече,,rejected,,
0.0,atr_warmup:_цена_или_atr_недоступны_после_прогрева,130,SKY-USDT-SWAP,0.0,ATR warmup: цена или ATR недоступны после прогрева,,rejected,,
0.5935000000000002,no_fresh_breakout,130,SOL-USDT-SWAP,88.85,нет свежего пробоя Donchian на последней закрытой свече,,rejected,,
0.013280000000000004,no_fresh_breakout,130,SUSHI-USDT-SWAP,0.2375,нет свежего пробоя Donchian на последней закрытой свече,,rejected,,
0.0,закрытие_не_удержалось_выше_канала,130,TON-USDT-SWAP,0.0,закрытие не удержалось выше канала,long,rejected,Turtle 20,
0.0004349999999999993,no_fresh_breakout,130,TRX-USDT-SWAP,0.3009,нет свежего пробоя Donchian на последней закрытой свече,,rejected,,
1.3889999999999987,no_fresh_breakout,130,TSLA-USDT-SWAP,383.08,нет свежего пробоя Donchian на последней закрытой свече,,rejected,,
0.004679500000000008,no_fresh_breakout,130,USDC-USDT-SWAP,1.00407,нет свежего пробоя Donchian на последней закрытой свече,,rejected,,
70.31999999999998,no_fresh_breakout,130,XAU-USDT-SWAP,4670.8,нет свежего пробоя Donchian на последней закрытой свече,,rejected,,
0.001894499999999999,no_fresh_breakout,130,XLM-USDT-SWAP,0.16521,нет свежего пробоя Donchian на последней закрытой свече,,rejected,,
0.010199999999999997,no_fresh_breakout,130,XRP-USDT-SWAP,1.4436,нет свежего пробоя Donchian на последней закрытой свече,,rejected,,
0.0002499999999999995,no_fresh_breakout,130,YB-USDT-SWAP,0.123,нет свежего пробоя Donchian на последней закрытой свече,,rejected,,
15.37000000000005,no_fresh_breakout,130,YFI-USDT-SWAP,2721.4,нет свежего пробоя Donchian на последней закрытой свече,,rejected,,
0.00044000000000000115,no_fresh_breakout,130,YGG-USDT-SWAP,0.0403,нет свежего пробоя Donchian на последней закрытой свече,,rejected,,
0.0,oversized_breakout_candle_5.33_atr_>_3.50_atr,131,1INCH-USDT-SWAP,0.0,oversized breakout candle 5.33 ATR > 3.50 ATR,long,rejected,Turtle 20,
0.0014000000000000006,no_fresh_breakout,131,2Z-USDT-SWAP,0.0795,нет свежего пробоя Donchian на последней закрытой свече,,rejected,,
0.24450000000000002,no_fresh_breakout,131,AAVE-USDT-SWAP,112.3,нет свежего пробоя Donchian на последней закрытой свече,,rejected,,
0.001319999999999996,no_fresh_breakout,131,ADA-USDT-SWAP,0.2672,нет свежего пробоя Donchian на последней закрытой свече,,rejected,,
0.000949999999999998,no_fresh_breakout,131,ARB-USDT-SWAP,0.099,нет свежего пробоя Donchian на последней закрытой свече,,rejected,,
0.012640000000000018,no_fresh_breakout,131,ASTER-USDT-SWAP,0.6952,нет свежего пробоя Donchian на последней закрытой свече,,rejected,,
0.06329999999999995,no_fresh_breakout,131,AUCTION-USDT-SWAP,5.045,нет свежего пробоя Donchian на последней закрытой свече,,rejected,,
0.01203500000000005,no_fresh_breakout,131,AXS-USDT-SWAP,1.188,нет свежего пробоя Donchian на последней закрытой свече,,rejected,,
0.00024000000000000272,no_fresh_breakout,131,BAND-USDT-SWAP,0.2257,нет свежего пробоя Donchian на последней закрытой свече,,rejected,,
0.4149999999999949,no_fresh_breakout,131,BCH-USDT-SWAP,454.8,нет свежего пробоя Donchian на последней закрытой свече,,rejected,,
1.8000000000000003e-06,no_fresh_breakout,131,BOME-USDT-SWAP,0.000419,нет свежего пробоя Donchian на последней закрытой свече,,rejected,,
293.6949999999997,no_fresh_breakout,131,BTC-USDT-SWAP,70233.3,нет свежего пробоя Donchian на последней закрытой свече,,rejected,,
0.0005099999999999997,no_fresh_breakout,131,CFX-USDT-SWAP,0.06192,нет свежего пробоя Donchian на последней закрытой свече,,rejected,,
0.12599999999999945,no_fresh_breakout,131,COMP-USDT-SWAP,18.92,нет свежего пробоя Donchian на последней закрытой свече,,rejected,,
0.00396,no_fresh_breakout,131,CRV-USDT-SWAP,0.241,нет свежего пробоя Donchian на последней закрытой свече,,rejected,,
0.0,закрытие_не_удержалось_выше_канала,131,ETC-USDT-SWAP,0.0,закрытие не удержалось выше канала,long,rejected,Turtle 55,
0.0,закрытие_не_удержалось_выше_канала,131,ETC-USDT-SWAP,0.0,закрытие не удержалось выше канала,long,rejected,Turtle 20,
20.593999999999983,no_fresh_breakout,131,ETH-USDT-SWAP,2153.0,нет свежего пробоя Donchian на последней закрытой свече,,rejected,,
0.0008500000000000007,no_fresh_breakout,131,FIL-USDT-SWAP,0.89,нет свежего пробоя Donchian на последней закрытой свече,,rejected,,
0.016549999999999888,no_fresh_breakout,131,ICP-USDT-SWAP,2.495,нет свежего пробоя Donchian на последней закрытой свече,,rejected,,
0.03080000000000003,no_fresh_breakout,131,KSM-USDT-SWAP,4.527,нет свежего пробоя Donchian на последней закрытой свече,,rejected,,
0.05834999999999964,no_fresh_breakout,131,LINK-USDT-SWAP,9.028,нет свежего пробоя Donchian на последней закрытой свече,,rejected,,
0.0030000000000000248,no_fresh_breakout,131,LPT-USDT-SWAP,2.219,нет свежего пробоя Donchian на последней закрытой свече,,rejected,,
0.0003300000000000053,no_fresh_breakout,131,LQTY-USDT-SWAP,0.2777,нет свежего пробоя Donchian на последней закрытой свече,,rejected,,
0.0,закрытие_не_удержалось_ниже_канала,131,MAGIC-USDT-SWAP,0.0,закрытие не удержалось ниже канала,short,rejected,Turtle 20,
0.0,atr_warmup:_цена_или_atr_недоступны_после_прогрева,131,MET-USDT-SWAP,0.0,ATR warmup: цена или ATR недоступны после прогрева,,rejected,,
0.00019199999999999982,no_fresh_breakout,131,OP-USDT-SWAP,0.12083,нет свежего пробоя Donchian на последней закрытой свече,,rejected,,
2.1049999999999993e-08,no_fresh_breakout,131,PEPE-USDT-SWAP,3.395e-06,нет свежего пробоя Donchian на последней закрытой свече,,rejected,,
0.0,atr_warmup:_цена_или_atr_недоступны_после_прогрева,131,SKY-USDT-SWAP,0.0,ATR warmup: цена или ATR недоступны после прогрева,,rejected,,
0.5935000000000002,no_fresh_breakout,131,SOL-USDT-SWAP,88.85,нет свежего пробоя Donchian на последней закрытой свече,,rejected,,
0.013280000000000004,no_fresh_breakout,131,SUSHI-USDT-SWAP,0.2375,нет свежего пробоя Donchian на последней закрытой свече,,rejected,,
0.0,закрытие_не_удержалось_выше_канала,131,TON-USDT-SWAP,0.0,закрытие не удержалось выше канала,long,rejected,Turtle 20,
0.0004349999999999993,no_fresh_breakout,131,TRX-USDT-SWAP,0.3009,нет свежего пробоя Donchian на последней закрытой свече,,rejected,,
1.3889999999999987,no_fresh_breakout,131,TSLA-USDT-SWAP,383.08,нет свежего пробоя Donchian на последней закрытой свече,,rejected,,
0.004679500000000008,no_fresh_breakout,131,USDC-USDT-SWAP,1.00407,нет свежего пробоя Donchian на последней закрытой свече,,rejected,,
70.31999999999998,no_fresh_breakout,131,XAU-USDT-SWAP,4670.8,нет свежего пробоя Donchian на последней закрытой свече,,rejected,,
0.001894499999999999,no_fresh_breakout,131,XLM-USDT-SWAP,0.16521,нет свежего пробоя Donchian на последней закрытой свече,,rejected,,
0.010199999999999997,no_fresh_breakout,131,XRP-USDT-SWAP,1.4436,нет свежего пробоя Donchian на последней закрытой свече,,rejected,,
0.0002499999999999995,no_fresh_breakout,131,YB-USDT-SWAP,0.123,нет свежего пробоя Donchian на последней закрытой свече,,rejected,,
15.37000000000005,no_fresh_breakout,131,YFI-USDT-SWAP,2721.4,нет свежего пробоя Donchian на последней закрытой свече,,rejected,,
0.00044000000000000115,no_fresh_breakout,131,YGG-USDT-SWAP,0.0403,нет свежего пробоя Donchian на последней закрытой свече,,rejected,,
0.0,oversized_breakout_candle_5.33_atr_>_3.50_atr,132,1INCH-USDT-SWAP,0.0,oversized breakout candle 5.33 ATR > 3.50 ATR,long,rejected,Turtle 20,
0.0014000000000000006,no_fresh_breakout,132,2Z-USDT-SWAP,0.0795,нет свежего пробоя Donchian на последней закрытой свече,,rejected,,
0.24450000000000002,no_fresh_breakout,132,AAVE-USDT-SWAP,112.3,нет свежего пробоя Donchian на последней закрытой свече,,rejected,,
0.001319999999999996,no_fresh_breakout,132,ADA-USDT-SWAP,0.2672,нет свежего пробоя Donchian на последней закрытой свече,,rejected,,
0.000949999999999998,no_fresh_breakout,132,ARB-USDT-SWAP,0.099,нет свежего пробоя Donchian на последней закрытой свече,,rejected,,
0.012640000000000018,no_fresh_breakout,132,ASTER-USDT-SWAP,0.6952,нет свежего пробоя Donchian на последней закрытой свече,,rejected,,
0.06329999999999995,no_fresh_breakout,132,AUCTION-USDT-SWAP,5.045,нет свежего пробоя Donchian на последней закрытой свече,,rejected,,
0.01203500000000005,no_fresh_breakout,132,AXS-USDT-SWAP,1.188,нет свежего пробоя Donchian на последней закрытой свече,,rejected,,
0.00024000000000000272,no_fresh_breakout,132,BAND-USDT-SWAP,0.2257,нет свежего пробоя Donchian на последней закрытой свече,,rejected,,
0.4149999999999949,no_fresh_breakout,132,BCH-USDT-SWAP,454.8,нет свежего пробоя Donchian на последней закрытой свече,,rejected,,
1.8000000000000003e-06,no_fresh_breakout,132,BOME-USDT-SWAP,0.000419,нет свежего пробоя Donchian на последней закрытой свече,,rejected,,
293.6949999999997,no_fresh_breakout,132,BTC-USDT-SWAP,70233.3,нет свежего пробоя Donchian на последней закрытой свече,,rejected,,
0.0005099999999999997,no_fresh_breakout,132,CFX-USDT-SWAP,0.06192,нет свежего пробоя Donchian на последней закрытой свече,,rejected,,
0.12599999999999945,no_fresh_breakout,132,COMP-USDT-SWAP,18.92,нет свежего пробоя Donchian на последней закрытой свече,,rejected,,
0.00396,no_fresh_breakout,132,CRV-USDT-SWAP,0.241,нет свежего пробоя Donchian на последней закрытой свече,,rejected,,
0.0,закрытие_не_удержалось_выше_канала,132,ETC-USDT-SWAP,0.0,закрытие не удержалось выше канала,long,rejected,Turtle 55,
0.0,закрытие_не_удержалось_выше_канала,132,ETC-USDT-SWAP,0.0,закрытие не удержалось выше канала,long,rejected,Turtle 20,
20.593999999999983,no_fresh_breakout,132,ETH-USDT-SWAP,2153.0,нет свежего пробоя Donchian на последней закрытой свече,,rejected,,
0.0008500000000000007,no_fresh_breakout,132,FIL-USDT-SWAP,0.89,нет свежего пробоя Donchian на последней закрытой свече,,rejected,,
0.016549999999999888,no_fresh_breakout,132,ICP-USDT-SWAP,2.495,нет свежего пробоя Donchian на последней закрытой свече,,rejected,,
0.03080000000000003,no_fresh_breakout,132,KSM-USDT-SWAP,4.527,нет свежего пробоя Donchian на последней закрытой свече,,rejected,,
0.05834999999999964,no_fresh_breakout,132,LINK-USDT-SWAP,9.028,нет свежего пробоя Donchian на последней закрытой свече,,rejected,,
0.0030000000000000248,no_fresh_breakout,132,LPT-USDT-SWAP,2.219,нет свежего пробоя Donchian на последней закрытой свече,,rejected,,
0.0003300000000000053,no_fresh_breakout,132,LQTY-USDT-SWAP,0.2777,нет свежего пробоя Donchian на последней закрытой свече,,rejected,,
0.0,закрытие_не_удержалось_ниже_канала,132,MAGIC-USDT-SWAP,0.0,закрытие не удержалось ниже канала,short,rejected,Turtle 20,
0.0,atr_warmup:_цена_или_atr_недоступны_после_прогрева,132,MET-USDT-SWAP,0.0,ATR warmup: цена или ATR недоступны после прогрева,,rejected,,
0.00019199999999999982,no_fresh_breakout,132,OP-USDT-SWAP,0.12083,нет свежего пробоя Donchian на последней закрытой свече,,rejected,,
2.1049999999999993e-08,no_fresh_breakout,132,PEPE-USDT-SWAP,3.395e-06,нет свежего пробоя Donchian на последней закрытой свече,,rejected,,
0.0,atr_warmup:_цена_или_atr_недоступны_после_прогрева,132,SKY-USDT-SWAP,0.0,ATR warmup: цена или ATR недоступны после прогрева,,rejected,,
0.5935000000000002,no_fresh_breakout,132,SOL-USDT-SWAP,88.85,нет свежего пробоя Donchian на последней закрытой свече,,rejected,,
0.013280000000000004,no_fresh_breakout,132,SUSHI-USDT-SWAP,0.2375,нет свежего пробоя Donchian на последней закрытой свече,,rejected,,
0.0,закрытие_не_удержалось_выше_канала,132,TON-USDT-SWAP,0.0,закрытие не удержалось выше канала,long,rejected,Turtle 20,
0.0004349999999999993,no_fresh_breakout,132,TRX-USDT-SWAP,0.3009,нет свежего пробоя Donchian на последней закрытой свече,,rejected,,
1.3889999999999987,no_fresh_breakout,132,TSLA-USDT-SWAP,383.08,нет свежего пробоя Donchian на последней закрытой свече,,rejected,,
0.004679500000000008,no_fresh_breakout,132,USDC-USDT-SWAP,1.00407,нет свежего пробоя Donchian на последней закрытой свече,,rejected,,
70.31999999999998,no_fresh_breakout,132,XAU-USDT-SWAP,4670.8,нет свежего пробоя Donchian на последней закрытой свече,,rejected,,
0.001894499999999999,no_fresh_breakout,132,XLM-USDT-SWAP,0.16521,нет свежего пробоя Donchian на последней закрытой свече,,rejected,,
0.010199999999999997,no_fresh_breakout,132,XRP-USDT-SWAP,1.4436,нет свежего пробоя Donchian на последней закрытой свече,,rejected,,
0.0002499999999999995,no_fresh_breakout,132,YB-USDT-SWAP,0.123,нет свежего пробоя Donchian на последней закрытой свече,,rejected,,
15.37000000000005,no_fresh_breakout,132,YFI-USDT-SWAP,2721.4,нет свежего пробоя Donchian на последней закрытой свече,,rejected,,
0.00044000000000000115,no_fresh_breakout,132,YGG-USDT-SWAP,0.0403,нет свежего пробоя Donchian на последней закрытой свече,,rejected,,
0.0,oversized_breakout_candle_5.33_atr_>_3.50_atr,133,1INCH-USDT-SWAP,0.0,oversized breakout candle 5.33 ATR > 3.50 ATR,long,rejected,Turtle 20,
0.0014000000000000006,no_fresh_breakout,133,2Z-USDT-SWAP,0.0795,нет свежего пробоя Donchian на последней закрытой свече,,rejected,,
0.24450000000000002,no_fresh_breakout,133,AAVE-USDT-SWAP,112.3,нет свежего пробоя Donchian на последней закрытой свече,,rejected,,
0.001319999999999996,no_fresh_breakout,133,ADA-USDT-SWAP,0.2672,нет свежего пробоя Donchian на последней закрытой свече,,rejected,,
0.000949999999999998,no_fresh_breakout,133,ARB-USDT-SWAP,0.099,нет свежего пробоя Donchian на последней закрытой свече,,rejected,,
0.012640000000000018,no_fresh_breakout,133,ASTER-USDT-SWAP,0.6952,нет свежего пробоя Donchian на последней закрытой свече,,rejected,,
0.06329999999999995,no_fresh_breakout,133,AUCTION-USDT-SWAP,5.045,нет свежего пробоя Donchian на последней закрытой свече,,rejected,,
0.01203500000000005,no_fresh_breakout,133,AXS-USDT-SWAP,1.188,нет свежего пробоя Donchian на последней закрытой свече,,rejected,,
0.00024000000000000272,no_fresh_breakout,133,BAND-USDT-SWAP,0.2257,нет свежего пробоя Donchian на последней закрытой свече,,rejected,,
0.4149999999999949,no_fresh_breakout,133,BCH-USDT-SWAP,454.8,нет свежего пробоя Donchian на последней закрытой свече,,rejected,,
1.8000000000000003e-06,no_fresh_breakout,133,BOME-USDT-SWAP,0.000419,нет свежего пробоя Donchian на последней закрытой свече,,rejected,,
293.6949999999997,no_fresh_breakout,133,BTC-USDT-SWAP,70233.3,нет свежего пробоя Donchian на последней закрытой свече,,rejected,,
0.0005099999999999997,no_fresh_breakout,133,CFX-USDT-SWAP,0.06192,нет свежего пробоя Donchian на последней закрытой свече,,rejected,,
0.12599999999999945,no_fresh_breakout,133,COMP-USDT-SWAP,18.92,нет свежего пробоя Donchian на последней закрытой свече,,rejected,,
0.00396,no_fresh_breakout,133,CRV-USDT-SWAP,0.241,нет свежего пробоя Donchian на последней закрытой свече,,rejected,,
0.0,закрытие_не_удержалось_выше_канала,133,ETC-USDT-SWAP,0.0,закрытие не удержалось выше канала,long,rejected,Turtle 55,
0.0,закрытие_не_удержалось_выше_канала,133,ETC-USDT-SWAP,0.0,закрытие не удержалось выше канала,long,rejected,Turtle 20,
20.593999999999983,no_fresh_breakout,133,ETH-USDT-SWAP,2153.0,нет свежего пробоя Donchian на последней закрытой свече,,rejected,,
0.0008500000000000007,no_fresh_breakout,133,FIL-USDT-SWAP,0.89,нет свежего пробоя Donchian на последней закрытой свече,,rejected,,
0.016549999999999888,no_fresh_breakout,133,ICP-USDT-SWAP,2.495,нет свежего пробоя Donchian на последней закрытой свече,,rejected,,
0.03080000000000003,no_fresh_breakout,133,KSM-USDT-SWAP,4.527,нет свежего пробоя Donchian на последней закрытой свече,,rejected,,
0.05834999999999964,no_fresh_breakout,133,LINK-USDT-SWAP,9.028,нет свежего пробоя Donchian на последней закрытой свече,,rejected,,
0.0030000000000000248,no_fresh_breakout,133,LPT-USDT-SWAP,2.219,нет свежего пробоя Donchian на последней закрытой свече,,rejected,,
0.0003300000000000053,no_fresh_breakout,133,LQTY-USDT-SWAP,0.2777,нет свежего пробоя Donchian на последней закрытой свече,,rejected,,
0.0,закрытие_не_удержалось_ниже_канала,133,MAGIC-USDT-SWAP,0.0,закрытие не удержалось ниже канала,short,rejected,Turtle 20,
0.0,atr_warmup:_цена_или_atr_недоступны_после_прогрева,133,MET-USDT-SWAP,0.0,ATR warmup: цена или ATR недоступны после прогрева,,rejected,,
0.00019199999999999982,no_fresh_breakout,133,OP-USDT-SWAP,0.12083,нет свежего пробоя Donchian на последней закрытой свече,,rejected,,
2.1049999999999993e-08,no_fresh_breakout,133,PEPE-USDT-SWAP,3.395e-06,нет свежего пробоя Donchian на последней закрытой свече,,rejected,,
0.0,atr_warmup:_цена_или_atr_недоступны_после_прогрева,133,SKY-USDT-SWAP,0.0,ATR warmup: цена или ATR недоступны после прогрева,,rejected,,
0.5935000000000002,no_fresh_breakout,133,SOL-USDT-SWAP,88.85,нет свежего пробоя Donchian на последней закрытой свече,,rejected,,
0.013280000000000004,no_fresh_breakout,133,SUSHI-USDT-SWAP,0.2375,нет свежего пробоя Donchian на последней закрытой свече,,rejected,,
0.0,закрытие_не_удержалось_выше_канала,133,TON-USDT-SWAP,0.0,закрытие не удержалось выше канала,long,rejected,Turtle 20,
0.0004349999999999993,no_fresh_breakout,133,TRX-USDT-SWAP,0.3009,нет свежего пробоя Donchian на последней закрытой свече,,rejected,,
1.3889999999999987,no_fresh_breakout,133,TSLA-USDT-SWAP,383.08,нет свежего пробоя Donchian на последней закрытой свече,,rejected,,
0.004679500000000008,no_fresh_breakout,133,USDC-USDT-SWAP,1.00407,нет свежего пробоя Donchian на последней закрытой свече,,rejected,,
70.31999999999998,no_fresh_breakout,133,XAU-USDT-SWAP,4670.8,нет свежего пробоя Donchian на последней закрытой свече,,rejected,,
0.001894499999999999,no_fresh_breakout,133,XLM-USDT-SWAP,0.16521,нет свежего пробоя Donchian на последней закрытой свече,,rejected,,
0.010199999999999997,no_fresh_breakout,133,XRP-USDT-SWAP,1.4436,нет свежего пробоя Donchian на последней закрытой свече,,rejected,,
0.0002499999999999995,no_fresh_breakout,133,YB-USDT-SWAP,0.123,нет свежего пробоя Donchian на последней закрытой свече,,rejected,,
15.37000000000005,no_fresh_breakout,133,YFI-USDT-SWAP,2721.4,нет свежего пробоя Donchian на последней закрытой свече,,rejected,,
0.00044000000000000115,no_fresh_breakout,133,YGG-USDT-SWAP,0.0403,нет свежего пробоя Donchian на последней закрытой свече,,rejected,,
0.0,oversized_breakout_candle_5.33_atr_>_3.50_atr,134,1INCH-USDT-SWAP,0.0,oversized breakout candle 5.33 ATR > 3.50 ATR,long,rejected,Turtle 20,
0.0014000000000000006,no_fresh_breakout,134,2Z-USDT-SWAP,0.0795,нет свежего пробоя Donchian на последней закрытой свече,,rejected,,
0.24450000000000002,no_fresh_breakout,134,AAVE-USDT-SWAP,112.3,нет свежего пробоя Donchian на последней закрытой свече,,rejected,,
0.001319999999999996,no_fresh_breakout,134,ADA-USDT-SWAP,0.2672,нет свежего пробоя Donchian на последней закрытой свече,,rejected,,
0.000949999999999998,no_fresh_breakout,134,ARB-USDT-SWAP,0.099,нет свежего пробоя Donchian на последней закрытой свече,,rejected,,
0.012640000000000018,no_fresh_breakout,134,ASTER-USDT-SWAP,0.6952,нет свежего пробоя Donchian на последней закрытой свече,,rejected,,
0.06329999999999995,no_fresh_breakout,134,AUCTION-USDT-SWAP,5.045,нет свежего пробоя Donchian на последней закрытой свече,,rejected,,
0.01203500000000005,no_fresh_breakout,134,AXS-USDT-SWAP,1.188,нет свежего пробоя Donchian на последней закрытой свече,,rejected,,
0.00024000000000000272,no_fresh_breakout,134,BAND-USDT-SWAP,0.2257,нет свежего пробоя Donchian на последней закрытой свече,,rejected,,
0.4149999999999949,no_fresh_breakout,134,BCH-USDT-SWAP,454.8,нет свежего пробоя Donchian на последней закрытой свече,,rejected,,
1.8000000000000003e-06,no_fresh_breakout,134,BOME-USDT-SWAP,0.000419,нет свежего пробоя Donchian на последней закрытой свече,,rejected,,
293.6949999999997,no_fresh_breakout,134,BTC-USDT-SWAP,70233.3,нет свежего пробоя Donchian на последней закрытой свече,,rejected,,
0.0005099999999999997,no_fresh_breakout,134,CFX-USDT-SWAP,0.06192,нет свежего пробоя Donchian на последней закрытой свече,,rejected,,
0.12599999999999945,no_fresh_breakout,134,COMP-USDT-SWAP,18.92,нет свежего пробоя Donchian на последней закрытой свече,,rejected,,
0.00396,no_fresh_breakout,134,CRV-USDT-SWAP,0.241,нет свежего пробоя Donchian на последней закрытой свече,,rejected,,
0.0,закрытие_не_удержалось_выше_канала,134,ETC-USDT-SWAP,0.0,закрытие не удержалось выше канала,long,rejected,Turtle 55,
0.0,закрытие_не_удержалось_выше_канала,134,ETC-USDT-SWAP,0.0,закрытие не удержалось выше канала,long,rejected,Turtle 20,
20.593999999999983,no_fresh_breakout,134,ETH-USDT-SWAP,2153.0,нет свежего пробоя Donchian на последней закрытой свече,,rejected,,
0.0008500000000000007,no_fresh_breakout,134,FIL-USDT-SWAP,0.89,нет свежего пробоя Donchian на последней закрытой свече,,rejected,,
0.016549999999999888,no_fresh_breakout,134,ICP-USDT-SWAP,2.495,нет свежего пробоя Donchian на последней закрытой свече,,rejected,,
0.03080000000000003,no_fresh_breakout,134,KSM-USDT-SWAP,4.527,нет свежего пробоя Donchian на последней закрытой свече,,rejected,,
0.05834999999999964,no_fresh_breakout,134,LINK-USDT-SWAP,9.028,нет свежего пробоя Donchian на последней закрытой свече,,rejected,,
0.0030000000000000248,no_fresh_breakout,134,LPT-USDT-SWAP,2.219,нет свежего пробоя Donchian на последней закрытой свече,,rejected,,
0.0003300000000000053,no_fresh_breakout,134,LQTY-USDT-SWAP,0.2777,нет свежего пробоя Donchian на последней закрытой свече,,rejected,,
0.0,закрытие_не_удержалось_ниже_канала,134,MAGIC-USDT-SWAP,0.0,закрытие не удержалось ниже канала,short,rejected,Turtle 20,
0.0,atr_warmup:_цена_или_atr_недоступны_после_прогрева,134,MET-USDT-SWAP,0.0,ATR warmup: цена или ATR недоступны после прогрева,,rejected,,
0.00019199999999999982,no_fresh_breakout,134,OP-USDT-SWAP,0.12083,нет свежего пробоя Donchian на последней закрытой свече,,rejected,,
2.1049999999999993e-08,no_fresh_breakout,134,PEPE-USDT-SWAP,3.395e-06,нет свежего пробоя Donchian на последней закрытой свече,,rejected,,
0.0,atr_warmup:_цена_или_atr_недоступны_после_прогрева,134,SKY-USDT-SWAP,0.0,ATR warmup: цена или ATR недоступны после прогрева,,rejected,,
0.5935000000000002,no_fresh_breakout,134,SOL-USDT-SWAP,88.85,нет свежего пробоя Donchian на последней закрытой свече,,rejected,,
0.013280000000000004,no_fresh_breakout,134,SUSHI-USDT-SWAP,0.2375,нет свежего пробоя Donchian на последней закрытой свече,,rejected,,
0.0,закрытие_не_удержалось_выше_канала,134,TON-USDT-SWAP,0.0,закрытие не удержалось выше канала,long,rejected,Turtle 20,
0.0004349999999999993,no_fresh_breakout,134,TRX-USDT-SWAP,0.3009,нет свежего пробоя Donchian на последней закрытой свече,,rejected,,
1.3889999999999987,no_fresh_breakout,134,TSLA-USDT-SWAP,383.08,нет свежего пробоя Donchian на последней закрытой свече,,rejected,,
0.004679500000000008,no_fresh_breakout,134,USDC-USDT-SWAP,1.00407,нет свежего пробоя Donchian на последней закрытой свече,,rejected,,
70.31999999999998,no_fresh_breakout,134,XAU-USDT-SWAP,4670.8,нет свежего пробоя Donchian на последней закрытой свече,,rejected,,
0.001894499999999999,no_fresh_breakout,134,XLM-USDT-SWAP,0.16521,нет свежего пробоя Donchian на последней закрытой свече,,rejected,,
0.010199999999999997,no_fresh_breakout,134,XRP-USDT-SWAP,1.4436,нет свежего пробоя Donchian на последней закрытой свече,,rejected,,
0.0002499999999999995,no_fresh_breakout,134,YB-USDT-SWAP,0.123,нет свежего пробоя Donchian на последней закрытой свече,,rejected,,
15.37000000000005,no_fresh_breakout,134,YFI-USDT-SWAP,2721.4,нет свежего пробоя Donchian на последней закрытой свече,,rejected,,
0.00044000000000000115,no_fresh_breakout,134,YGG-USDT-SWAP,0.0403,нет свежего пробоя Donchian на последней закрытой свече,,rejected,,
0.0,oversized_breakout_candle_5.33_atr_>_3.50_atr,135,1INCH-USDT-SWAP,0.0,oversized breakout candle 5.33 ATR > 3.50 ATR,long,rejected,Turtle 20,
0.0014000000000000006,no_fresh_breakout,135,2Z-USDT-SWAP,0.0795,нет свежего пробоя Donchian на последней закрытой свече,,rejected,,
0.24450000000000002,no_fresh_breakout,135,AAVE-USDT-SWAP,112.3,нет свежего пробоя Donchian на последней закрытой свече,,rejected,,
0.001319999999999996,no_fresh_breakout,135,ADA-USDT-SWAP,0.2672,нет свежего пробоя Donchian на последней закрытой свече,,rejected,,
0.000949999999999998,no_fresh_breakout,135,ARB-USDT-SWAP,0.099,нет свежего пробоя Donchian на последней закрытой свече,,rejected,,
0.012640000000000018,no_fresh_breakout,135,ASTER-USDT-SWAP,0.6952,нет свежего пробоя Donchian на последней закрытой свече,,rejected,,
0.06329999999999995,no_fresh_breakout,135,AUCTION-USDT-SWAP,5.045,нет свежего пробоя Donchian на последней закрытой свече,,rejected,,
0.01203500000000005,no_fresh_breakout,135,AXS-USDT-SWAP,1.188,нет свежего пробоя Donchian на последней закрытой свече,,rejected,,
0.00024000000000000272,no_fresh_breakout,135,BAND-USDT-SWAP,0.2257,нет свежего пробоя Donchian на последней закрытой свече,,rejected,,
0.4149999999999949,no_fresh_breakout,135,BCH-USDT-SWAP,454.8,нет свежего пробоя Donchian на последней закрытой свече,,rejected,,
1.8000000000000003e-06,no_fresh_breakout,135,BOME-USDT-SWAP,0.000419,нет свежего пробоя Donchian на последней закрытой свече,,rejected,,
293.6949999999997,no_fresh_breakout,135,BTC-USDT-SWAP,70233.3,нет свежего пробоя Donchian на последней закрытой свече,,rejected,,
0.0005099999999999997,no_fresh_breakout,135,CFX-USDT-SWAP,0.06192,нет свежего пробоя Donchian на последней закрытой свече,,rejected,,
0.12599999999999945,no_fresh_breakout,135,COMP-USDT-SWAP,18.92,нет свежего пробоя Donchian на последней закрытой свече,,rejected,,
0.00396,no_fresh_breakout,135,CRV-USDT-SWAP,0.241,нет свежего пробоя Donchian на последней закрытой свече,,rejected,,
0.0,закрытие_не_удержалось_выше_канала,135,ETC-USDT-SWAP,0.0,закрытие не удержалось выше канала,long,rejected,Turtle 55,
0.0,закрытие_не_удержалось_выше_канала,135,ETC-USDT-SWAP,0.0,закрытие не удержалось выше канала,long,rejected,Turtle 20,
20.593999999999983,no_fresh_breakout,135,ETH-USDT-SWAP,2153.0,нет свежего пробоя Donchian на последней закрытой свече,,rejected,,
0.0008500000000000007,no_fresh_breakout,135,FIL-USDT-SWAP,0.89,нет свежего пробоя Donchian на последней закрытой свече,,rejected,,
0.016549999999999888,no_fresh_breakout,135,ICP-USDT-SWAP,2.495,нет свежего пробоя Donchian на последней закрытой свече,,rejected,,
0.03080000000000003,no_fresh_breakout,135,KSM-USDT-SWAP,4.527,нет свежего пробоя Donchian на последней закрытой свече,,rejected,,
0.05834999999999964,no_fresh_breakout,135,LINK-USDT-SWAP,9.028,нет свежего пробоя Donchian на последней закрытой свече,,rejected,,
0.0030000000000000248,no_fresh_breakout,135,LPT-USDT-SWAP,2.219,нет свежего пробоя Donchian на последней закрытой свече,,rejected,,
0.0003300000000000053,no_fresh_breakout,135,LQTY-USDT-SWAP,0.2777,нет свежего пробоя Donchian на последней закрытой свече,,rejected,,
0.0,закрытие_не_удержалось_ниже_канала,135,MAGIC-USDT-SWAP,0.0,закрытие не удержалось ниже канала,short,rejected,Turtle 20,
0.0,atr_warmup:_цена_или_atr_недоступны_после_прогрева,135,MET-USDT-SWAP,0.0,ATR warmup: цена или ATR недоступны после прогрева,,rejected,,
0.00019199999999999982,no_fresh_breakout,135,OP-USDT-SWAP,0.12083,нет свежего пробоя Donchian на последней закрытой свече,,rejected,,
2.1049999999999993e-08,no_fresh_breakout,135,PEPE-USDT-SWAP,3.395e-06,нет свежего пробоя Donchian на последней закрытой свече,,rejected,,
0.0,atr_warmup:_цена_или_atr_недоступны_после_прогрева,135,SKY-USDT-SWAP,0.0,ATR warmup: цена или ATR недоступны после прогрева,,rejected,,
0.6095000000000006,no_fresh_breakout,135,SOL-USDT-SWAP,88.92,нет свежего пробоя Donchian на последней закрытой свече,,rejected,,
0.015220000000000006,no_fresh_breakout,135,SUSHI-USDT-SWAP,0.2056,нет свежего пробоя Donchian на последней закрытой свече,,rejected,,
0.0,закрытие_не_удержалось_выше_канала,135,TON-USDT-SWAP,0.0,закрытие не удержалось выше канала,long,rejected,Turtle 20,
0.0004349999999999993,no_fresh_breakout,135,TRX-USDT-SWAP,0.3009,нет свежего пробоя Donchian на последней закрытой свече,,rejected,,
1.3889999999999987,no_fresh_breakout,135,TSLA-USDT-SWAP,383.08,нет свежего пробоя Donchian на последней закрытой свече,,rejected,,
0.004686000000000007,no_fresh_breakout,135,USDC-USDT-SWAP,1.00397,нет свежего пробоя Donchian на последней закрытой свече,,rejected,,
64.37999999999997,no_fresh_breakout,135,XAU-USDT-SWAP,4664.1,нет свежего пробоя Donchian на последней закрытой свече,,rejected,,
0.0016699999999999992,no_fresh_breakout,135,XLM-USDT-SWAP,0.16598,нет свежего пробоя Donchian на последней закрытой свече,,rejected,,
0.010269999999999991,no_fresh_breakout,135,XRP-USDT-SWAP,1.4468,нет свежего пробоя Donchian на последней закрытой свече,,rejected,,
0.0001999999999999995,no_fresh_breakout,135,YB-USDT-SWAP,0.123,нет свежего пробоя Donchian на последней закрытой свече,,rejected,,
15.515000000000054,no_fresh_breakout,135,YFI-USDT-SWAP,2724.2,нет свежего пробоя Donchian на последней закрытой свече,,rejected,,
0.00044000000000000115,no_fresh_breakout,135,YGG-USDT-SWAP,0.0403,нет свежего пробоя Donchian на последней закрытой свече,,rejected,,
8.500000000000036e-05,no_fresh_breakout,136,1INCH-USDT-SWAP,0.0955,нет свежего пробоя Donchian на последней закрытой свече,,rejected,,
0.0013699999999999997,no_fresh_breakout,136,2Z-USDT-SWAP,0.0791,нет свежего пробоя Donchian на последней закрытой свече,,rejected,,
0.25749999999999956,no_fresh_breakout,136,AAVE-USDT-SWAP,112.18,нет свежего пробоя Donchian на последней закрытой свече,,rejected,,
0.0013499999999999957,no_fresh_breakout,136,ADA-USDT-SWAP,0.267,нет свежего пробоя Donchian на последней закрытой свече,,rejected,,
0.0009449999999999979,no_fresh_breakout,136,ARB-USDT-SWAP,0.0993,нет свежего пробоя Donchian на последней закрытой свече,,rejected,,
0.012485000000000019,no_fresh_breakout,136,ASTER-USDT-SWAP,0.6948,нет свежего пробоя Donchian на последней закрытой свече,,rejected,,
0.06389999999999998,no_fresh_breakout,136,AUCTION-USDT-SWAP,5.049,нет свежего пробоя Donchian на последней закрытой свече,,rejected,,
0.01205000000000006,no_fresh_breakout,136,AXS-USDT-SWAP,1.1917,нет свежего пробоя Donchian на последней закрытой свече,,rejected,,
0.00024000000000000272,no_fresh_breakout,136,BAND-USDT-SWAP,0.2257,нет свежего пробоя Donchian на последней закрытой свече,,rejected,,
0.45499999999999263,no_fresh_breakout,136,BCH-USDT-SWAP,455.4,нет свежего пробоя Donchian на последней закрытой свече,,rejected,,
1.9500000000000012e-06,no_fresh_breakout,136,BOME-USDT-SWAP,0.000417,нет свежего пробоя Donchian на последней закрытой свече,,rejected,,
301.3199999999997,no_fresh_breakout,136,BTC-USDT-SWAP,70329.8,нет свежего пробоя Donchian на последней закрытой свече,,rejected,,
0.0005264999999999998,no_fresh_breakout,136,CFX-USDT-SWAP,0.06189,нет свежего пробоя Donchian на последней закрытой свече,,rejected,,
0.12549999999999936,no_fresh_breakout,136,COMP-USDT-SWAP,19.0,нет свежего пробоя Donchian на последней закрытой свече,,rejected,,
0.0,oversized_breakout_candle_3.55_atr_>_3.50_atr,136,CRV-USDT-SWAP,0.0,oversized breakout candle 3.55 ATR > 3.50 ATR,long,rejected,Turtle 55,
0.025999999999999978,no_fresh_breakout,136,ETC-USDT-SWAP,8.35,нет свежего пробоя Donchian на последней закрытой свече,,rejected,,
20.150499999999987,no_fresh_breakout,136,ETH-USDT-SWAP,2154.0,нет свежего пробоя Donchian на последней закрытой свече,,rejected,,
0.0008000000000000007,no_fresh_breakout,136,FIL-USDT-SWAP,0.89,нет свежего пробоя Donchian на последней закрытой свече,,rejected,,
0.016749999999999887,no_fresh_breakout,136,ICP-USDT-SWAP,2.499,нет свежего пробоя Donchian на последней закрытой свече,,rejected,,
0.03135000000000003,no_fresh_breakout,136,KSM-USDT-SWAP,4.521,нет свежего пробоя Donchian на последней закрытой свече,,rejected,,
0.05924999999999958,no_fresh_breakout,136,LINK-USDT-SWAP,9.044,нет свежего пробоя Donchian на последней закрытой свече,,rejected,,
0.0031500000000000304,no_fresh_breakout,136,LPT-USDT-SWAP,2.22,нет свежего пробоя Donchian на последней закрытой свече,,rejected,,
0.0003700000000000037,no_fresh_breakout,136,LQTY-USDT-SWAP,0.2768,нет свежего пробоя Donchian на последней закрытой свече,,rejected,,
0.004561000000000001,no_fresh_breakout,136,MAGIC-USDT-SWAP,0.06213,нет свежего пробоя Donchian на последней закрытой свече,,rejected,,
0.0,atr_warmup:_цена_или_atr_недоступны_после_прогрева,136,MET-USDT-SWAP,0.0,ATR warmup: цена или ATR недоступны после прогрева,,rejected,,
0.00020450000000000053,no_fresh_breakout,136,OP-USDT-SWAP,0.1205,нет свежего пробоя Donchian на последней закрытой свече,,rejected,,
2.1250000000000008e-08,no_fresh_breakout,136,PEPE-USDT-SWAP,3.398e-06,нет свежего пробоя Donchian на последней закрытой свече,,rejected,,
0.0,atr_warmup:_цена_или_atr_недоступны_после_прогрева,136,SKY-USDT-SWAP,0.0,ATR warmup: цена или ATR недоступны после прогрева,,rejected,,
0.6095000000000006,no_fresh_breakout,136,SOL-USDT-SWAP,88.92,нет свежего пробоя Donchian на последней закрытой свече,,rejected,,
0.015220000000000006,no_fresh_breakout,136,SUSHI-USDT-SWAP,0.2056,нет свежего пробоя Donchian на последней закрытой свече,,rejected,,
0.008000000000000018,no_fresh_breakout,136,TON-USDT-SWAP,1.241,нет свежего пробоя Donchian на последней закрытой свече,,rejected,,
0.0004349999999999993,no_fresh_breakout,136,TRX-USDT-SWAP,0.3009,нет свежего пробоя Donchian на последней закрытой свече,,rejected,,
1.4504999999999968,no_fresh_breakout,136,TSLA-USDT-SWAP,382.77,нет свежего пробоя Donchian на последней закрытой свече,,rejected,,
0.004686000000000007,no_fresh_breakout,136,USDC-USDT-SWAP,1.00397,нет свежего пробоя Donchian на последней закрытой свече,,rejected,,
64.37999999999997,no_fresh_breakout,136,XAU-USDT-SWAP,4664.1,нет свежего пробоя Donchian на последней закрытой свече,,rejected,,
0.0016699999999999992,no_fresh_breakout,136,XLM-USDT-SWAP,0.16598,нет свежего пробоя Donchian на последней закрытой свече,,rejected,,
0.010269999999999991,no_fresh_breakout,136,XRP-USDT-SWAP,1.4468,нет свежего пробоя Donchian на последней закрытой свече,,rejected,,
0.0001999999999999995,no_fresh_breakout,136,YB-USDT-SWAP,0.123,нет свежего пробоя Donchian на последней закрытой свече,,rejected,,
15.515000000000054,no_fresh_breakout,136,YFI-USDT-SWAP,2724.2,нет свежего пробоя Donchian на последней закрытой свече,,rejected,,
0.00042500000000000106,no_fresh_breakout,136,YGG-USDT-SWAP,0.0403,нет свежего пробоя Donchian на последней закрытой свече,,rejected,,
8.500000000000036e-05,no_fresh_breakout,137,1INCH-USDT-SWAP,0.0955,нет свежего пробоя Donchian на последней закрытой свече,,rejected,,
0.0013699999999999997,no_fresh_breakout,137,2Z-USDT-SWAP,0.0791,нет свежего пробоя Donchian на последней закрытой свече,,rejected,,
0.25749999999999956,no_fresh_breakout,137,AAVE-USDT-SWAP,112.18,нет свежего пробоя Donchian на последней закрытой свече,,rejected,,
0.0013499999999999957,no_fresh_breakout,137,ADA-USDT-SWAP,0.267,нет свежего пробоя Donchian на последней закрытой свече,,rejected,,
0.0009449999999999979,no_fresh_breakout,137,ARB-USDT-SWAP,0.0993,нет свежего пробоя Donchian на последней закрытой свече,,rejected,,
0.012485000000000019,no_fresh_breakout,137,ASTER-USDT-SWAP,0.6948,нет свежего пробоя Donchian на последней закрытой свече,,rejected,,
0.06389999999999998,no_fresh_breakout,137,AUCTION-USDT-SWAP,5.049,нет свежего пробоя Donchian на последней закрытой свече,,rejected,,
0.01205000000000006,no_fresh_breakout,137,AXS-USDT-SWAP,1.1917,нет свежего пробоя Donchian на последней закрытой свече,,rejected,,
0.00024000000000000272,no_fresh_breakout,137,BAND-USDT-SWAP,0.2257,нет свежего пробоя Donchian на последней закрытой свече,,rejected,,
0.45499999999999263,no_fresh_breakout,137,BCH-USDT-SWAP,455.4,нет свежего пробоя Donchian на последней закрытой свече,,rejected,,
1.9500000000000012e-06,no_fresh_breakout,137,BOME-USDT-SWAP,0.000417,нет свежего пробоя Donchian на последней закрытой свече,,rejected,,
301.3199999999997,no_fresh_breakout,137,BTC-USDT-SWAP,70329.8,нет свежего пробоя Donchian на последней закрытой свече,,rejected,,
0.0005264999999999998,no_fresh_breakout,137,CFX-USDT-SWAP,0.06189,нет свежего пробоя Donchian на последней закрытой свече,,rejected,,
0.12549999999999936,no_fresh_breakout,137,COMP-USDT-SWAP,19.0,нет свежего пробоя Donchian на последней закрытой свече,,rejected,,
0.0,oversized_breakout_candle_3.55_atr_>_3.50_atr,137,CRV-USDT-SWAP,0.0,oversized breakout candle 3.55 ATR > 3.50 ATR,long,rejected,Turtle 55,
0.025999999999999978,no_fresh_breakout,137,ETC-USDT-SWAP,8.35,нет свежего пробоя Donchian на последней закрытой свече,,rejected,,
20.150499999999987,no_fresh_breakout,137,ETH-USDT-SWAP,2154.0,нет свежего пробоя Donchian на последней закрытой свече,,rejected,,
0.0008000000000000007,no_fresh_breakout,137,FIL-USDT-SWAP,0.89,нет свежего пробоя Donchian на последней закрытой свече,,rejected,,
0.016749999999999887,no_fresh_breakout,137,ICP-USDT-SWAP,2.499,нет свежего пробоя Donchian на последней закрытой свече,,rejected,,
0.03135000000000003,no_fresh_breakout,137,KSM-USDT-SWAP,4.521,нет свежего пробоя Donchian на последней закрытой свече,,rejected,,
0.05924999999999958,no_fresh_breakout,137,LINK-USDT-SWAP,9.044,нет свежего пробоя Donchian на последней закрытой свече,,rejected,,
0.0031500000000000304,no_fresh_breakout,137,LPT-USDT-SWAP,2.22,нет свежего пробоя Donchian на последней закрытой свече,,rejected,,
0.0003700000000000037,no_fresh_breakout,137,LQTY-USDT-SWAP,0.2768,нет свежего пробоя Donchian на последней закрытой свече,,rejected,,
0.004561000000000001,no_fresh_breakout,137,MAGIC-USDT-SWAP,0.06213,нет свежего пробоя Donchian на последней закрытой свече,,rejected,,
0.0,atr_warmup:_цена_или_atr_недоступны_после_прогрева,137,MET-USDT-SWAP,0.0,ATR warmup: цена или ATR недоступны после прогрева,,rejected,,
0.00020450000000000053,no_fresh_breakout,137,OP-USDT-SWAP,0.1205,нет свежего пробоя Donchian на последней закрытой свече,,rejected,,
2.1250000000000008e-08,no_fresh_breakout,137,PEPE-USDT-SWAP,3.398e-06,нет свежего пробоя Donchian на последней закрытой свече,,rejected,,
0.0,atr_warmup:_цена_или_atr_недоступны_после_прогрева,137,SKY-USDT-SWAP,0.0,ATR warmup: цена или ATR недоступны после прогрева,,rejected,,
0.6095000000000006,no_fresh_breakout,137,SOL-USDT-SWAP,88.92,нет свежего пробоя Donchian на последней закрытой свече,,rejected,,
0.015220000000000006,no_fresh_breakout,137,SUSHI-USDT-SWAP,0.2056,нет свежего пробоя Donchian на последней закрытой свече,,rejected,,
0.008000000000000018,no_fresh_breakout,137,TON-USDT-SWAP,1.241,нет свежего пробоя Donchian на последней закрытой свече,,rejected,,
0.0004349999999999993,no_fresh_breakout,137,TRX-USDT-SWAP,0.3009,нет свежего пробоя Donchian на последней закрытой свече,,rejected,,
1.4504999999999968,no_fresh_breakout,137,TSLA-USDT-SWAP,382.77,нет свежего пробоя Donchian на последней закрытой свече,,rejected,,
0.004686000000000007,no_fresh_breakout,137,USDC-USDT-SWAP,1.00397,нет свежего пробоя Donchian на последней закрытой свече,,rejected,,
64.37999999999997,no_fresh_breakout,137,XAU-USDT-SWAP,4664.1,нет свежего пробоя Donchian на последней закрытой свече,,rejected,,
0.0016699999999999992,no_fresh_breakout,137,XLM-USDT-SWAP,0.16598,нет свежего пробоя Donchian на последней закрытой свече,,rejected,,
0.010269999999999991,no_fresh_breakout,137,XRP-USDT-SWAP,1.4468,нет свежего пробоя Donchian на последней закрытой свече,,rejected,,
0.0001999999999999995,no_fresh_breakout,137,YB-USDT-SWAP,0.123,нет свежего пробоя Donchian на последней закрытой свече,,rejected,,
15.515000000000054,no_fresh_breakout,137,YFI-USDT-SWAP,2724.2,нет свежего пробоя Donchian на последней закрытой свече,,rejected,,
0.00042500000000000106,no_fresh_breakout,137,YGG-USDT-SWAP,0.0403,нет свежего пробоя Donchian на последней закрытой свече,,rejected,,
8.500000000000036e-05,no_fresh_breakout,138,1INCH-USDT-SWAP,0.0955,нет свежего пробоя Donchian на последней закрытой свече,,rejected,,
0.0013699999999999997,no_fresh_breakout,138,2Z-USDT-SWAP,0.0791,нет свежего пробоя Donchian на последней закрытой свече,,rejected,,
0.25749999999999956,no_fresh_breakout,138,AAVE-USDT-SWAP,112.18,нет свежего пробоя Donchian на последней закрытой свече,,rejected,,
0.0013499999999999957,no_fresh_breakout,138,ADA-USDT-SWAP,0.267,нет свежего пробоя Donchian на последней закрытой свече,,rejected,,
0.0009449999999999979,no_fresh_breakout,138,ARB-USDT-SWAP,0.0993,нет свежего пробоя Donchian на последней закрытой свече,,rejected,,
0.012485000000000019,no_fresh_breakout,138,ASTER-USDT-SWAP,0.6948,нет свежего пробоя Donchian на последней закрытой свече,,rejected,,
0.06389999999999998,no_fresh_breakout,138,AUCTION-USDT-SWAP,5.049,нет свежего пробоя Donchian на последней закрытой свече,,rejected,,
0.01205000000000006,no_fresh_breakout,138,AXS-USDT-SWAP,1.1917,нет свежего пробоя Donchian на последней закрытой свече,,rejected,,
0.00024000000000000272,no_fresh_breakout,138,BAND-USDT-SWAP,0.2257,нет свежего пробоя Donchian на последней закрытой свече,,rejected,,
0.45499999999999263,no_fresh_breakout,138,BCH-USDT-SWAP,455.4,нет свежего пробоя Donchian на последней закрытой свече,,rejected,,
1.9500000000000012e-06,no_fresh_breakout,138,BOME-USDT-SWAP,0.000417,нет свежего пробоя Donchian на последней закрытой свече,,rejected,,
301.3199999999997,no_fresh_breakout,138,BTC-USDT-SWAP,70329.8,нет свежего пробоя Donchian на последней закрытой свече,,rejected,,
0.0005264999999999998,no_fresh_breakout,138,CFX-USDT-SWAP,0.06189,нет свежего пробоя Donchian на последней закрытой свече,,rejected,,
0.12549999999999936,no_fresh_breakout,138,COMP-USDT-SWAP,19.0,нет свежего пробоя Donchian на последней закрытой свече,,rejected,,
0.0,oversized_breakout_candle_3.55_atr_>_3.50_atr,138,CRV-USDT-SWAP,0.0,oversized breakout candle 3.55 ATR > 3.50 ATR,long,rejected,Turtle 55,
0.025999999999999978,no_fresh_breakout,138,ETC-USDT-SWAP,8.35,нет свежего пробоя Donchian на последней закрытой свече,,rejected,,
20.150499999999987,no_fresh_breakout,138,ETH-USDT-SWAP,2154.0,нет свежего пробоя Donchian на последней закрытой свече,,rejected,,
0.0008000000000000007,no_fresh_breakout,138,FIL-USDT-SWAP,0.89,нет свежего пробоя Donchian на последней закрытой свече,,rejected,,
0.016749999999999887,no_fresh_breakout,138,ICP-USDT-SWAP,2.499,нет свежего пробоя Donchian на последней закрытой свече,,rejected,,
0.03135000000000003,no_fresh_breakout,138,KSM-USDT-SWAP,4.521,нет свежего пробоя Donchian на последней закрытой свече,,rejected,,
0.05924999999999958,no_fresh_breakout,138,LINK-USDT-SWAP,9.044,нет свежего пробоя Donchian на последней закрытой свече,,rejected,,
0.0031500000000000304,no_fresh_breakout,138,LPT-USDT-SWAP,2.22,нет свежего пробоя Donchian на последней закрытой свече,,rejected,,
0.0003700000000000037,no_fresh_breakout,138,LQTY-USDT-SWAP,0.2768,нет свежего пробоя Donchian на последней закрытой свече,,rejected,,
0.004561000000000001,no_fresh_breakout,138,MAGIC-USDT-SWAP,0.06213,нет свежего пробоя Donchian на последней закрытой свече,,rejected,,
0.0,atr_warmup:_цена_или_atr_недоступны_после_прогрева,138,MET-USDT-SWAP,0.0,ATR warmup: цена или ATR недоступны после прогрева,,rejected,,
0.00020450000000000053,no_fresh_breakout,138,OP-USDT-SWAP,0.1205,нет свежего пробоя Donchian на последней закрытой свече,,rejected,,
2.1250000000000008e-08,no_fresh_breakout,138,PEPE-USDT-SWAP,3.398e-06,нет свежего пробоя Donchian на последней закрытой свече,,rejected,,
0.0,atr_warmup:_цена_или_atr_недоступны_после_прогрева,138,SKY-USDT-SWAP,0.0,ATR warmup: цена или ATR недоступны после прогрева,,rejected,,
0.6095000000000006,no_fresh_breakout,138,SOL-USDT-SWAP,88.92,нет свежего пробоя Donchian на последней закрытой свече,,rejected,,
0.015220000000000006,no_fresh_breakout,138,SUSHI-USDT-SWAP,0.2056,нет свежего пробоя Donchian на последней закрытой свече,,rejected,,
0.008000000000000018,no_fresh_breakout,138,TON-USDT-SWAP,1.241,нет свежего пробоя Donchian на последней закрытой свече,,rejected,,
0.0004349999999999993,no_fresh_breakout,138,TRX-USDT-SWAP,0.3009,нет свежего пробоя Donchian на последней закрытой свече,,rejected,,
1.4504999999999968,no_fresh_breakout,138,TSLA-USDT-SWAP,382.77,нет свежего пробоя Donchian на последней закрытой свече,,rejected,,
0.004686000000000007,no_fresh_breakout,138,USDC-USDT-SWAP,1.00397,нет свежего пробоя Donchian на последней закрытой свече,,rejected,,
64.37999999999997,no_fresh_breakout,138,XAU-USDT-SWAP,4664.1,нет свежего пробоя Donchian на последней закрытой свече,,rejected,,
0.0016699999999999992,no_fresh_breakout,138,XLM-USDT-SWAP,0.16598,нет свежего пробоя Donchian на последней закрытой свече,,rejected,,
0.010269999999999991,no_fresh_breakout,138,XRP-USDT-SWAP,1.4468,нет свежего пробоя Donchian на последней закрытой свече,,rejected,,
0.0001999999999999995,no_fresh_breakout,138,YB-USDT-SWAP,0.123,нет свежего пробоя Donchian на последней закрытой свече,,rejected,,
15.515000000000054,no_fresh_breakout,138,YFI-USDT-SWAP,2724.2,нет свежего пробоя Donchian на последней закрытой свече,,rejected,,
0.00042500000000000106,no_fresh_breakout,138,YGG-USDT-SWAP,0.0403,нет свежего пробоя Donchian на последней закрытой свече,,rejected,,
8.500000000000036e-05,no_fresh_breakout,139,1INCH-USDT-SWAP,0.0955,нет свежего пробоя Donchian на последней закрытой свече,,rejected,,
0.0013699999999999997,no_fresh_breakout,139,2Z-USDT-SWAP,0.0791,нет свежего пробоя Donchian на последней закрытой свече,,rejected,,
0.25749999999999956,no_fresh_breakout,139,AAVE-USDT-SWAP,112.18,нет свежего пробоя Donchian на последней закрытой свече,,rejected,,
0.0013499999999999957,no_fresh_breakout,139,ADA-USDT-SWAP,0.267,нет свежего пробоя Donchian на последней закрытой свече,,rejected,,
0.0009449999999999979,no_fresh_breakout,139,ARB-USDT-SWAP,0.0993,нет свежего пробоя Donchian на последней закрытой свече,,rejected,,
0.012485000000000019,no_fresh_breakout,139,ASTER-USDT-SWAP,0.6948,нет свежего пробоя Donchian на последней закрытой свече,,rejected,,
0.06389999999999998,no_fresh_breakout,139,AUCTION-USDT-SWAP,5.049,нет свежего пробоя Donchian на последней закрытой свече,,rejected,,
0.01205000000000006,no_fresh_breakout,139,AXS-USDT-SWAP,1.1917,нет свежего пробоя Donchian на последней закрытой свече,,rejected,,
0.00024000000000000272,no_fresh_breakout,139,BAND-USDT-SWAP,0.2257,нет свежего пробоя Donchian на последней закрытой свече,,rejected,,
0.45499999999999263,no_fresh_breakout,139,BCH-USDT-SWAP,455.4,нет свежего пробоя Donchian на последней закрытой свече,,rejected,,
1.9500000000000012e-06,no_fresh_breakout,139,BOME-USDT-SWAP,0.000417,нет свежего пробоя Donchian на последней закрытой свече,,rejected,,
301.3199999999997,no_fresh_breakout,139,BTC-USDT-SWAP,70329.8,нет свежего пробоя Donchian на последней закрытой свече,,rejected,,
0.0005264999999999998,no_fresh_breakout,139,CFX-USDT-SWAP,0.06189,нет свежего пробоя Donchian на последней закрытой свече,,rejected,,
0.12549999999999936,no_fresh_breakout,139,COMP-USDT-SWAP,19.0,нет свежего пробоя Donchian на последней закрытой свече,,rejected,,
0.0,oversized_breakout_candle_3.55_atr_>_3.50_atr,139,CRV-USDT-SWAP,0.0,oversized breakout candle 3.55 ATR > 3.50 ATR,long,rejected,Turtle 55,
0.025999999999999978,no_fresh_breakout,139,ETC-USDT-SWAP,8.35,нет свежего пробоя Donchian на последней закрытой свече,,rejected,,
20.150499999999987,no_fresh_breakout,139,ETH-USDT-SWAP,2154.0,нет свежего пробоя Donchian на последней закрытой свече,,rejected,,
0.0008000000000000007,no_fresh_breakout,139,FIL-USDT-SWAP,0.89,нет свежего пробоя Donchian на последней закрытой свече,,rejected,,
0.016749999999999887,no_fresh_breakout,139,ICP-USDT-SWAP,2.499,нет свежего пробоя Donchian на последней закрытой свече,,rejected,,
0.03135000000000003,no_fresh_breakout,139,KSM-USDT-SWAP,4.521,нет свежего пробоя Donchian на последней закрытой свече,,rejected,,
0.05924999999999958,no_fresh_breakout,139,LINK-USDT-SWAP,9.044,нет свежего пробоя Donchian на последней закрытой свече,,rejected,,
0.0031500000000000304,no_fresh_breakout,139,LPT-USDT-SWAP,2.22,нет свежего пробоя Donchian на последней закрытой свече,,rejected,,
0.0003700000000000037,no_fresh_breakout,139,LQTY-USDT-SWAP,0.2768,нет свежего пробоя Donchian на последней закрытой свече,,rejected,,
0.004561000000000001,no_fresh_breakout,139,MAGIC-USDT-SWAP,0.06213,нет свежего пробоя Donchian на последней закрытой свече,,rejected,,
0.0,atr_warmup:_цена_или_atr_недоступны_после_прогрева,139,MET-USDT-SWAP,0.0,ATR warmup: цена или ATR недоступны после прогрева,,rejected,,
0.00020450000000000053,no_fresh_breakout,139,OP-USDT-SWAP,0.1205,нет свежего пробоя Donchian на последней закрытой свече,,rejected,,
2.1250000000000008e-08,no_fresh_breakout,139,PEPE-USDT-SWAP,3.398e-06,нет свежего пробоя Donchian на последней закрытой свече,,rejected,,
0.0,atr_warmup:_цена_или_atr_недоступны_после_прогрева,139,SKY-USDT-SWAP,0.0,ATR warmup: цена или ATR недоступны после прогрева,,rejected,,
0.6095000000000006,no_fresh_breakout,139,SOL-USDT-SWAP,88.92,нет свежего пробоя Donchian на последней закрытой свече,,rejected,,
0.015220000000000006,no_fresh_breakout,139,SUSHI-USDT-SWAP,0.2056,нет свежего пробоя Donchian на последней закрытой свече,,rejected,,
0.008000000000000018,no_fresh_breakout,139,TON-USDT-SWAP,1.241,нет свежего пробоя Donchian на последней закрытой свече,,rejected,,
0.0004349999999999993,no_fresh_breakout,139,TRX-USDT-SWAP,0.3009,нет свежего пробоя Donchian на последней закрытой свече,,rejected,,
1.4504999999999968,no_fresh_breakout,139,TSLA-USDT-SWAP,382.77,нет свежего пробоя Donchian на последней закрытой свече,,rejected,,
0.004686000000000007,no_fresh_breakout,139,USDC-USDT-SWAP,1.00397,нет свежего пробоя Donchian на последней закрытой свече,,rejected,,
64.37999999999997,no_fresh_breakout,139,XAU-USDT-SWAP,4664.1,нет свежего пробоя Donchian на последней закрытой свече,,rejected,,
0.0016699999999999992,no_fresh_breakout,139,XLM-USDT-SWAP,0.16598,нет свежего пробоя Donchian на последней закрытой свече,,rejected,,
0.010269999999999991,no_fresh_breakout,139,XRP-USDT-SWAP,1.4468,нет свежего пробоя Donchian на последней закрытой свече,,rejected,,
0.0001999999999999995,no_fresh_breakout,139,YB-USDT-SWAP,0.123,нет свежего пробоя Donchian на последней закрытой свече,,rejected,,
15.515000000000054,no_fresh_breakout,139,YFI-USDT-SWAP,2724.2,нет свежего пробоя Donchian на последней закрытой свече,,rejected,,
0.00042500000000000106,no_fresh_breakout,139,YGG-USDT-SWAP,0.0403,нет свежего пробоя Donchian на последней закрытой свече,,rejected,,
8.500000000000036e-05,no_fresh_breakout,140,1INCH-USDT-SWAP,0.0955,нет свежего пробоя Donchian на последней закрытой свече,,rejected,,
0.0013699999999999997,no_fresh_breakout,140,2Z-USDT-SWAP,0.0791,нет свежего пробоя Donchian на последней закрытой свече,,rejected,,
0.25749999999999956,no_fresh_breakout,140,AAVE-USDT-SWAP,112.18,нет свежего пробоя Donchian на последней закрытой свече,,rejected,,
0.0013499999999999957,no_fresh_breakout,140,ADA-USDT-SWAP,0.267,нет свежего пробоя Donchian на последней закрытой свече,,rejected,,
0.0009449999999999979,no_fresh_breakout,140,ARB-USDT-SWAP,0.0993,нет свежего пробоя Donchian на последней закрытой свече,,rejected,,
0.012485000000000019,no_fresh_breakout,140,ASTER-USDT-SWAP,0.6948,нет свежего пробоя Donchian на последней закрытой свече,,rejected,,
0.06389999999999998,no_fresh_breakout,140,AUCTION-USDT-SWAP,5.049,нет свежего пробоя Donchian на последней закрытой свече,,rejected,,
0.01205000000000006,no_fresh_breakout,140,AXS-USDT-SWAP,1.1917,нет свежего пробоя Donchian на последней закрытой свече,,rejected,,
0.00024000000000000272,no_fresh_breakout,140,BAND-USDT-SWAP,0.2257,нет свежего пробоя Donchian на последней закрытой свече,,rejected,,
0.45499999999999263,no_fresh_breakout,140,BCH-USDT-SWAP,455.4,нет свежего пробоя Donchian на последней закрытой свече,,rejected,,
1.9500000000000012e-06,no_fresh_breakout,140,BOME-USDT-SWAP,0.000417,нет свежего пробоя Donchian на последней закрытой свече,,rejected,,
301.3199999999997,no_fresh_breakout,140,BTC-USDT-SWAP,70329.8,нет свежего пробоя Donchian на последней закрытой свече,,rejected,,
0.0005264999999999998,no_fresh_breakout,140,CFX-USDT-SWAP,0.06189,нет свежего пробоя Donchian на последней закрытой свече,,rejected,,
0.12549999999999936,no_fresh_breakout,140,COMP-USDT-SWAP,19.0,нет свежего пробоя Donchian на последней закрытой свече,,rejected,,
0.0,oversized_breakout_candle_3.55_atr_>_3.50_atr,140,CRV-USDT-SWAP,0.0,oversized breakout candle 3.55 ATR > 3.50 ATR,long,rejected,Turtle 55,
0.025999999999999978,no_fresh_breakout,140,ETC-USDT-SWAP,8.35,нет свежего пробоя Donchian на последней закрытой свече,,rejected,,
20.150499999999987,no_fresh_breakout,140,ETH-USDT-SWAP,2154.0,нет свежего пробоя Donchian на последней закрытой свече,,rejected,,
0.0008000000000000007,no_fresh_breakout,140,FIL-USDT-SWAP,0.89,нет свежего пробоя Donchian на последней закрытой свече,,rejected,,
0.016749999999999887,no_fresh_breakout,140,ICP-USDT-SWAP,2.499,нет свежего пробоя Donchian на последней закрытой свече,,rejected,,
0.03135000000000003,no_fresh_breakout,140,KSM-USDT-SWAP,4.521,нет свежего пробоя Donchian на последней закрытой свече,,rejected,,
0.05924999999999958,no_fresh_breakout,140,LINK-USDT-SWAP,9.044,нет свежего пробоя Donchian на последней закрытой свече,,rejected,,
0.0031500000000000304,no_fresh_breakout,140,LPT-USDT-SWAP,2.22,нет свежего пробоя Donchian на последней закрытой свече,,rejected,,
0.0003700000000000037,no_fresh_breakout,140,LQTY-USDT-SWAP,0.2768,нет свежего пробоя Donchian на последней закрытой свече,,rejected,,
0.004561000000000001,no_fresh_breakout,140,MAGIC-USDT-SWAP,0.06213,нет свежего пробоя Donchian на последней закрытой свече,,rejected,,
0.0,atr_warmup:_цена_или_atr_недоступны_после_прогрева,140,MET-USDT-SWAP,0.0,ATR warmup: цена или ATR недоступны после прогрева,,rejected,,
0.00020450000000000053,no_fresh_breakout,140,OP-USDT-SWAP,0.1205,нет свежего пробоя Donchian на последней закрытой свече,,rejected,,
2.1250000000000008e-08,no_fresh_breakout,140,PEPE-USDT-SWAP,3.398e-06,нет свежего пробоя Donchian на последней закрытой свече,,rejected,,
0.0,atr_warmup:_цена_или_atr_недоступны_после_прогрева,140,SKY-USDT-SWAP,0.0,ATR warmup: цена или ATR недоступны после прогрева,,rejected,,
0.6095000000000006,no_fresh_breakout,140,SOL-USDT-SWAP,88.92,нет свежего пробоя Donchian на последней закрытой свече,,rejected,,
0.015220000000000006,no_fresh_breakout,140,SUSHI-USDT-SWAP,0.2056,нет свежего пробоя Donchian на последней закрытой свече,,rejected,,
0.008000000000000018,no_fresh_breakout,140,TON-USDT-SWAP,1.241,нет свежего пробоя Donchian на последней закрытой свече,,rejected,,
0.0004349999999999993,no_fresh_breakout,140,TRX-USDT-SWAP,0.3009,нет свежего пробоя Donchian на последней закрытой свече,,rejected,,
1.4504999999999968,no_fresh_breakout,140,TSLA-USDT-SWAP,382.77,нет свежего пробоя Donchian на последней закрытой свече,,rejected,,
0.004686000000000007,no_fresh_breakout,140,USDC-USDT-SWAP,1.00397,нет свежего пробоя Donchian на последней закрытой свече,,rejected,,
64.37999999999997,no_fresh_breakout,140,XAU-USDT-SWAP,4664.1,нет свежего пробоя Donchian на последней закрытой свече,,rejected,,
0.0016699999999999992,no_fresh_breakout,140,XLM-USDT-SWAP,0.16598,нет свежего пробоя Donchian на последней закрытой свече,,rejected,,
0.010269999999999991,no_fresh_breakout,140,XRP-USDT-SWAP,1.4468,нет свежего пробоя Donchian на последней закрытой свече,,rejected,,
0.0001999999999999995,no_fresh_breakout,140,YB-USDT-SWAP,0.123,нет свежего пробоя Donchian на последней закрытой свече,,rejected,,
15.515000000000054,no_fresh_breakout,140,YFI-USDT-SWAP,2724.2,нет свежего пробоя Donchian на последней закрытой свече,,rejected,,
0.00042500000000000106,no_fresh_breakout,140,YGG-USDT-SWAP,0.0403,нет свежего пробоя Donchian на последней закрытой свече,,rejected,,
8.500000000000036e-05,no_fresh_breakout,141,1INCH-USDT-SWAP,0.0955,нет свежего пробоя Donchian на последней закрытой свече,,rejected,,
0.0013699999999999997,no_fresh_breakout,141,2Z-USDT-SWAP,0.0791,нет свежего пробоя Donchian на последней закрытой свече,,rejected,,
0.25749999999999956,no_fresh_breakout,141,AAVE-USDT-SWAP,112.18,нет свежего пробоя Donchian на последней закрытой свече,,rejected,,
0.0013499999999999957,no_fresh_breakout,141,ADA-USDT-SWAP,0.267,нет свежего пробоя Donchian на последней закрытой свече,,rejected,,
0.0009449999999999979,no_fresh_breakout,141,ARB-USDT-SWAP,0.0993,нет свежего пробоя Donchian на последней закрытой свече,,rejected,,
0.012485000000000019,no_fresh_breakout,141,ASTER-USDT-SWAP,0.6948,нет свежего пробоя Donchian на последней закрытой свече,,rejected,,
0.06389999999999998,no_fresh_breakout,141,AUCTION-USDT-SWAP,5.049,нет свежего пробоя Donchian на последней закрытой свече,,rejected,,
0.01205000000000006,no_fresh_breakout,141,AXS-USDT-SWAP,1.1917,нет свежего пробоя Donchian на последней закрытой свече,,rejected,,
0.00024000000000000272,no_fresh_breakout,141,BAND-USDT-SWAP,0.2257,нет свежего пробоя Donchian на последней закрытой свече,,rejected,,
0.45499999999999263,no_fresh_breakout,141,BCH-USDT-SWAP,455.4,нет свежего пробоя Donchian на последней закрытой свече,,rejected,,
1.9500000000000012e-06,no_fresh_breakout,141,BOME-USDT-SWAP,0.000417,нет свежего пробоя Donchian на последней закрытой свече,,rejected,,
301.3199999999997,no_fresh_breakout,141,BTC-USDT-SWAP,70329.8,нет свежего пробоя Donchian на последней закрытой свече,,rejected,,
0.0005264999999999998,no_fresh_breakout,141,CFX-USDT-SWAP,0.06189,нет свежего пробоя Donchian на последней закрытой свече,,rejected,,
0.12549999999999936,no_fresh_breakout,141,COMP-USDT-SWAP,19.0,нет свежего пробоя Donchian на последней закрытой свече,,rejected,,
0.0,oversized_breakout_candle_3.55_atr_>_3.50_atr,141,CRV-USDT-SWAP,0.0,oversized breakout candle 3.55 ATR > 3.50 ATR,long,rejected,Turtle 55,
0.025999999999999978,no_fresh_breakout,141,ETC-USDT-SWAP,8.35,нет свежего пробоя Donchian на последней закрытой свече,,rejected,,
20.150499999999987,no_fresh_breakout,141,ETH-USDT-SWAP,2154.0,нет свежего пробоя Donchian на последней закрытой свече,,rejected,,
0.0008000000000000007,no_fresh_breakout,141,FIL-USDT-SWAP,0.89,нет свежего пробоя Donchian на последней закрытой свече,,rejected,,
0.016749999999999887,no_fresh_breakout,141,ICP-USDT-SWAP,2.499,нет свежего пробоя Donchian на последней закрытой свече,,rejected,,
0.03135000000000003,no_fresh_breakout,141,KSM-USDT-SWAP,4.521,нет свежего пробоя Donchian на последней закрытой свече,,rejected,,
0.05924999999999958,no_fresh_breakout,141,LINK-USDT-SWAP,9.044,нет свежего пробоя Donchian на последней закрытой свече,,rejected,,
0.0031500000000000304,no_fresh_breakout,141,LPT-USDT-SWAP,2.22,нет свежего пробоя Donchian на последней закрытой свече,,rejected,,
0.0003700000000000037,no_fresh_breakout,141,LQTY-USDT-SWAP,0.2768,нет свежего пробоя Donchian на последней закрытой свече,,rejected,,
0.004561000000000001,no_fresh_breakout,141,MAGIC-USDT-SWAP,0.06213,нет свежего пробоя Donchian на последней закрытой свече,,rejected,,
0.0,atr_warmup:_цена_или_atr_недоступны_после_прогрева,141,MET-USDT-SWAP,0.0,ATR warmup: цена или ATR недоступны после прогрева,,rejected,,
0.00020450000000000053,no_fresh_breakout,141,OP-USDT-SWAP,0.1205,нет свежего пробоя Donchian на последней закрытой свече,,rejected,,
2.1250000000000008e-08,no_fresh_breakout,141,PEPE-USDT-SWAP,3.398e-06,нет свежего пробоя Donchian на последней закрытой свече,,rejected,,
0.0,atr_warmup:_цена_или_atr_недоступны_после_прогрева,141,SKY-USDT-SWAP,0.0,ATR warmup: цена или ATR недоступны после прогрева,,rejected,,
0.6095000000000006,no_fresh_breakout,141,SOL-USDT-SWAP,88.92,нет свежего пробоя Donchian на последней закрытой свече,,rejected,,
0.015220000000000006,no_fresh_breakout,141,SUSHI-USDT-SWAP,0.2056,нет свежего пробоя Donchian на последней закрытой свече,,rejected,,
0.008000000000000018,no_fresh_breakout,141,TON-USDT-SWAP,1.241,нет свежего пробоя Donchian на последней закрытой свече,,rejected,,
0.0004349999999999993,no_fresh_breakout,141,TRX-USDT-SWAP,0.3009,нет свежего пробоя Donchian на последней закрытой свече,,rejected,,
1.4504999999999968,no_fresh_breakout,141,TSLA-USDT-SWAP,382.77,нет свежего пробоя Donchian на последней закрытой свече,,rejected,,
0.004686000000000007,no_fresh_breakout,141,USDC-USDT-SWAP,1.00397,нет свежего пробоя Donchian на последней закрытой свече,,rejected,,
64.37999999999997,no_fresh_breakout,141,XAU-USDT-SWAP,4664.1,нет свежего пробоя Donchian на последней закрытой свече,,rejected,,
0.0016699999999999992,no_fresh_breakout,141,XLM-USDT-SWAP,0.16598,нет свежего пробоя Donchian на последней закрытой свече,,rejected,,
0.010269999999999991,no_fresh_breakout,141,XRP-USDT-SWAP,1.4468,нет свежего пробоя Donchian на последней закрытой свече,,rejected,,
0.0001999999999999995,no_fresh_breakout,141,YB-USDT-SWAP,0.123,нет свежего пробоя Donchian на последней закрытой свече,,rejected,,
15.515000000000054,no_fresh_breakout,141,YFI-USDT-SWAP,2724.2,нет свежего пробоя Donchian на последней закрытой свече,,rejected,,
0.00042500000000000106,no_fresh_breakout,141,YGG-USDT-SWAP,0.0403,нет свежего пробоя Donchian на последней закрытой свече,,rejected,,
8.500000000000036e-05,no_fresh_breakout,142,1INCH-USDT-SWAP,0.0955,нет свежего пробоя Donchian на последней закрытой свече,,rejected,,
0.0013699999999999997,no_fresh_breakout,142,2Z-USDT-SWAP,0.0791,нет свежего пробоя Donchian на последней закрытой свече,,rejected,,
0.25749999999999956,no_fresh_breakout,142,AAVE-USDT-SWAP,112.18,нет свежего пробоя Donchian на последней закрытой свече,,rejected,,
0.0013499999999999957,no_fresh_breakout,142,ADA-USDT-SWAP,0.267,нет свежего пробоя Donchian на последней закрытой свече,,rejected,,
0.0009449999999999979,no_fresh_breakout,142,ARB-USDT-SWAP,0.0993,нет свежего пробоя Donchian на последней закрытой свече,,rejected,,
0.012485000000000019,no_fresh_breakout,142,ASTER-USDT-SWAP,0.6948,нет свежего пробоя Donchian на последней закрытой свече,,rejected,,
0.06389999999999998,no_fresh_breakout,142,AUCTION-USDT-SWAP,5.049,нет свежего пробоя Donchian на последней закрытой свече,,rejected,,
0.01205000000000006,no_fresh_breakout,142,AXS-USDT-SWAP,1.1917,нет свежего пробоя Donchian на последней закрытой свече,,rejected,,
0.00024000000000000272,no_fresh_breakout,142,BAND-USDT-SWAP,0.2257,нет свежего пробоя Donchian на последней закрытой свече,,rejected,,
0.45499999999999263,no_fresh_breakout,142,BCH-USDT-SWAP,455.4,нет свежего пробоя Donchian на последней закрытой свече,,rejected,,
1.9500000000000012e-06,no_fresh_breakout,142,BOME-USDT-SWAP,0.000417,нет свежего пробоя Donchian на последней закрытой свече,,rejected,,
301.3199999999997,no_fresh_breakout,142,BTC-USDT-SWAP,70329.8,нет свежего пробоя Donchian на последней закрытой свече,,rejected,,
0.0005264999999999998,no_fresh_breakout,142,CFX-USDT-SWAP,0.06189,нет свежего пробоя Donchian на последней закрытой свече,,rejected,,
0.12549999999999936,no_fresh_breakout,142,COMP-USDT-SWAP,19.0,нет свежего пробоя Donchian на последней закрытой свече,,rejected,,
0.0,oversized_breakout_candle_3.55_atr_>_3.50_atr,142,CRV-USDT-SWAP,0.0,oversized breakout candle 3.55 ATR > 3.50 ATR,long,rejected,Turtle 55,
0.025999999999999978,no_fresh_breakout,142,ETC-USDT-SWAP,8.35,нет свежего пробоя Donchian на последней закрытой свече,,rejected,,
20.150499999999987,no_fresh_breakout,142,ETH-USDT-SWAP,2154.0,нет свежего пробоя Donchian на последней закрытой свече,,rejected,,
0.0008000000000000007,no_fresh_breakout,142,FIL-USDT-SWAP,0.89,нет свежего пробоя Donchian на последней закрытой свече,,rejected,,
0.016749999999999887,no_fresh_breakout,142,ICP-USDT-SWAP,2.499,нет свежего пробоя Donchian на последней закрытой свече,,rejected,,
0.03135000000000003,no_fresh_breakout,142,KSM-USDT-SWAP,4.521,нет свежего пробоя Donchian на последней закрытой свече,,rejected,,
0.05924999999999958,no_fresh_breakout,142,LINK-USDT-SWAP,9.044,нет свежего пробоя Donchian на последней закрытой свече,,rejected,,
0.0031500000000000304,no_fresh_breakout,142,LPT-USDT-SWAP,2.22,нет свежего пробоя Donchian на последней закрытой свече,,rejected,,
0.0003700000000000037,no_fresh_breakout,142,LQTY-USDT-SWAP,0.2768,нет свежего пробоя Donchian на последней закрытой свече,,rejected,,
0.004561000000000001,no_fresh_breakout,142,MAGIC-USDT-SWAP,0.06213,нет свежего пробоя Donchian на последней закрытой свече,,rejected,,
0.0,atr_warmup:_цена_или_atr_недоступны_после_прогрева,142,MET-USDT-SWAP,0.0,ATR warmup: цена или ATR недоступны после прогрева,,rejected,,
0.00020450000000000053,no_fresh_breakout,142,OP-USDT-SWAP,0.1205,нет свежего пробоя Donchian на последней закрытой свече,,rejected,,
2.1250000000000008e-08,no_fresh_breakout,142,PEPE-USDT-SWAP,3.398e-06,нет свежего пробоя Donchian на последней закрытой свече,,rejected,,
0.0,atr_warmup:_цена_или_atr_недоступны_после_прогрева,142,SKY-USDT-SWAP,0.0,ATR warmup: цена или ATR недоступны после прогрева,,rejected,,
0.6095000000000006,no_fresh_breakout,142,SOL-USDT-SWAP,88.92,нет свежего пробоя Donchian на последней закрытой свече,,rejected,,
0.015220000000000006,no_fresh_breakout,142,SUSHI-USDT-SWAP,0.2056,нет свежего пробоя Donchian на последней закрытой свече,,rejected,,
0.008000000000000018,no_fresh_breakout,142,TON-USDT-SWAP,1.241,нет свежего пробоя Donchian на последней закрытой свече,,rejected,,
0.0004349999999999993,no_fresh_breakout,142,TRX-USDT-SWAP,0.3009,нет свежего пробоя Donchian на последней закрытой свече,,rejected,,
1.4504999999999968,no_fresh_breakout,142,TSLA-USDT-SWAP,382.77,нет свежего пробоя Donchian на последней закрытой свече,,rejected,,
0.004686000000000007,no_fresh_breakout,142,USDC-USDT-SWAP,1.00397,нет свежего пробоя Donchian на последней закрытой свече,,rejected,,
64.37999999999997,no_fresh_breakout,142,XAU-USDT-SWAP,4664.1,нет свежего пробоя Donchian на последней закрытой свече,,rejected,,
0.0016699999999999992,no_fresh_breakout,142,XLM-USDT-SWAP,0.16598,нет свежего пробоя Donchian на последней закрытой свече,,rejected,,
0.010269999999999991,no_fresh_breakout,142,XRP-USDT-SWAP,1.4468,нет свежего пробоя Donchian на последней закрытой свече,,rejected,,
0.0001999999999999995,no_fresh_breakout,142,YB-USDT-SWAP,0.123,нет свежего пробоя Donchian на последней закрытой свече,,rejected,,
15.515000000000054,no_fresh_breakout,142,YFI-USDT-SWAP,2724.2,нет свежего пробоя Donchian на последней закрытой свече,,rejected,,
0.00042500000000000106,no_fresh_breakout,142,YGG-USDT-SWAP,0.0403,нет свежего пробоя Donchian на последней закрытой свече,,rejected,,
8.500000000000036e-05,no_fresh_breakout,143,1INCH-USDT-SWAP,0.0955,нет свежего пробоя Donchian на последней закрытой свече,,rejected,,
0.0013699999999999997,no_fresh_breakout,143,2Z-USDT-SWAP,0.0791,нет свежего пробоя Donchian на последней закрытой свече,,rejected,,
0.25749999999999956,no_fresh_breakout,143,AAVE-USDT-SWAP,112.18,нет свежего пробоя Donchian на последней закрытой свече,,rejected,,
0.0013499999999999957,no_fresh_breakout,143,ADA-USDT-SWAP,0.267,нет свежего пробоя Donchian на последней закрытой свече,,rejected,,
0.0009449999999999979,no_fresh_breakout,143,ARB-USDT-SWAP,0.0993,нет свежего пробоя Donchian на последней закрытой свече,,rejected,,
0.012485000000000019,no_fresh_breakout,143,ASTER-USDT-SWAP,0.6948,нет свежего пробоя Donchian на последней закрытой свече,,rejected,,
0.06389999999999998,no_fresh_breakout,143,AUCTION-USDT-SWAP,5.049,нет свежего пробоя Donchian на последней закрытой свече,,rejected,,
0.01205000000000006,no_fresh_breakout,143,AXS-USDT-SWAP,1.1917,нет свежего пробоя Donchian на последней закрытой свече,,rejected,,
0.00024000000000000272,no_fresh_breakout,143,BAND-USDT-SWAP,0.2257,нет свежего пробоя Donchian на последней закрытой свече,,rejected,,
0.45499999999999263,no_fresh_breakout,143,BCH-USDT-SWAP,455.4,нет свежего пробоя Donchian на последней закрытой свече,,rejected,,
1.9500000000000012e-06,no_fresh_breakout,143,BOME-USDT-SWAP,0.000417,нет свежего пробоя Donchian на последней закрытой свече,,rejected,,
301.3199999999997,no_fresh_breakout,143,BTC-USDT-SWAP,70329.8,нет свежего пробоя Donchian на последней закрытой свече,,rejected,,
0.0005264999999999998,no_fresh_breakout,143,CFX-USDT-SWAP,0.06189,нет свежего пробоя Donchian на последней закрытой свече,,rejected,,
0.12549999999999936,no_fresh_breakout,143,COMP-USDT-SWAP,19.0,нет свежего пробоя Donchian на последней закрытой свече,,rejected,,
0.0,oversized_breakout_candle_3.55_atr_>_3.50_atr,143,CRV-USDT-SWAP,0.0,oversized breakout candle 3.55 ATR > 3.50 ATR,long,rejected,Turtle 55,
0.025999999999999978,no_fresh_breakout,143,ETC-USDT-SWAP,8.35,нет свежего пробоя Donchian на последней закрытой свече,,rejected,,
20.150499999999987,no_fresh_breakout,143,ETH-USDT-SWAP,2154.0,нет свежего пробоя Donchian на последней закрытой свече,,rejected,,
0.0008000000000000007,no_fresh_breakout,143,FIL-USDT-SWAP,0.89,нет свежего пробоя Donchian на последней закрытой свече,,rejected,,
0.016749999999999887,no_fresh_breakout,143,ICP-USDT-SWAP,2.499,нет свежего пробоя Donchian на последней закрытой свече,,rejected,,
0.03135000000000003,no_fresh_breakout,143,KSM-USDT-SWAP,4.521,нет свежего пробоя Donchian на последней закрытой свече,,rejected,,
0.05924999999999958,no_fresh_breakout,143,LINK-USDT-SWAP,9.044,нет свежего пробоя Donchian на последней закрытой свече,,rejected,,
0.0031500000000000304,no_fresh_breakout,143,LPT-USDT-SWAP,2.22,нет свежего пробоя Donchian на последней закрытой свече,,rejected,,
0.0003700000000000037,no_fresh_breakout,143,LQTY-USDT-SWAP,0.2768,нет свежего пробоя Donchian на последней закрытой свече,,rejected,,
0.004561000000000001,no_fresh_breakout,143,MAGIC-USDT-SWAP,0.06213,нет свежего пробоя Donchian на последней закрытой свече,,rejected,,
0.0,atr_warmup:_цена_или_atr_недоступны_после_прогрева,143,MET-USDT-SWAP,0.0,ATR warmup: цена или ATR недоступны после прогрева,,rejected,,
0.00020450000000000053,no_fresh_breakout,143,OP-USDT-SWAP,0.1205,нет свежего пробоя Donchian на последней закрытой свече,,rejected,,
2.1250000000000008e-08,no_fresh_breakout,143,PEPE-USDT-SWAP,3.398e-06,нет свежего пробоя Donchian на последней закрытой свече,,rejected,,
0.0,atr_warmup:_цена_или_atr_недоступны_после_прогрева,143,SKY-USDT-SWAP,0.0,ATR warmup: цена или ATR недоступны после прогрева,,rejected,,
0.6095000000000006,no_fresh_breakout,143,SOL-USDT-SWAP,88.92,нет свежего пробоя Donchian на последней закрытой свече,,rejected,,
0.015220000000000006,no_fresh_breakout,143,SUSHI-USDT-SWAP,0.2056,нет свежего пробоя Donchian на последней закрытой свече,,rejected,,
0.008000000000000018,no_fresh_breakout,143,TON-USDT-SWAP,1.241,нет свежего пробоя Donchian на последней закрытой свече,,rejected,,
0.0004349999999999993,no_fresh_breakout,143,TRX-USDT-SWAP,0.3009,нет свежего пробоя Donchian на последней закрытой свече,,rejected,,
1.4504999999999968,no_fresh_breakout,143,TSLA-USDT-SWAP,382.77,нет свежего пробоя Donchian на последней закрытой свече,,rejected,,
0.004686000000000007,no_fresh_breakout,143,USDC-USDT-SWAP,1.00397,нет свежего пробоя Donchian на последней закрытой свече,,rejected,,
64.37999999999997,no_fresh_breakout,143,XAU-USDT-SWAP,4664.1,нет свежего пробоя Donchian на последней закрытой свече,,rejected,,
0.0016699999999999992,no_fresh_breakout,143,XLM-USDT-SWAP,0.16598,нет свежего пробоя Donchian на последней закрытой свече,,rejected,,
0.010269999999999991,no_fresh_breakout,143,XRP-USDT-SWAP,1.4468,нет свежего пробоя Donchian на последней закрытой свече,,rejected,,
0.0001999999999999995,no_fresh_breakout,143,YB-USDT-SWAP,0.123,нет свежего пробоя Donchian на последней закрытой свече,,rejected,,
15.515000000000054,no_fresh_breakout,143,YFI-USDT-SWAP,2724.2,нет свежего пробоя Donchian на последней закрытой свече,,rejected,,
0.00042500000000000106,no_fresh_breakout,143,YGG-USDT-SWAP,0.0403,нет свежего пробоя Donchian на последней закрытой свече,,rejected,,
8.500000000000036e-05,no_fresh_breakout,144,1INCH-USDT-SWAP,0.0955,нет свежего пробоя Donchian на последней закрытой свече,,rejected,,
0.0013699999999999997,no_fresh_breakout,144,2Z-USDT-SWAP,0.0791,нет свежего пробоя Donchian на последней закрытой свече,,rejected,,
0.25749999999999956,no_fresh_breakout,144,AAVE-USDT-SWAP,112.18,нет свежего пробоя Donchian на последней закрытой свече,,rejected,,
0.0013499999999999957,no_fresh_breakout,144,ADA-USDT-SWAP,0.267,нет свежего пробоя Donchian на последней закрытой свече,,rejected,,
0.0009449999999999979,no_fresh_breakout,144,ARB-USDT-SWAP,0.0993,нет свежего пробоя Donchian на последней закрытой свече,,rejected,,
0.012485000000000019,no_fresh_breakout,144,ASTER-USDT-SWAP,0.6948,нет свежего пробоя Donchian на последней закрытой свече,,rejected,,
0.06389999999999998,no_fresh_breakout,144,AUCTION-USDT-SWAP,5.049,нет свежего пробоя Donchian на последней закрытой свече,,rejected,,
0.01205000000000006,no_fresh_breakout,144,AXS-USDT-SWAP,1.1917,нет свежего пробоя Donchian на последней закрытой свече,,rejected,,
0.00024000000000000272,no_fresh_breakout,144,BAND-USDT-SWAP,0.2257,нет свежего пробоя Donchian на последней закрытой свече,,rejected,,
0.45499999999999263,no_fresh_breakout,144,BCH-USDT-SWAP,455.4,нет свежего пробоя Donchian на последней закрытой свече,,rejected,,
1.9500000000000012e-06,no_fresh_breakout,144,BOME-USDT-SWAP,0.000417,нет свежего пробоя Donchian на последней закрытой свече,,rejected,,
301.3199999999997,no_fresh_breakout,144,BTC-USDT-SWAP,70329.8,нет свежего пробоя Donchian на последней закрытой свече,,rejected,,
0.0005264999999999998,no_fresh_breakout,144,CFX-USDT-SWAP,0.06189,нет свежего пробоя Donchian на последней закрытой свече,,rejected,,
0.12549999999999936,no_fresh_breakout,144,COMP-USDT-SWAP,19.0,нет свежего пробоя Donchian на последней закрытой свече,,rejected,,
0.0,oversized_breakout_candle_3.55_atr_>_3.50_atr,144,CRV-USDT-SWAP,0.0,oversized breakout candle 3.55 ATR > 3.50 ATR,long,rejected,Turtle 55,
0.025999999999999978,no_fresh_breakout,144,ETC-USDT-SWAP,8.35,нет свежего пробоя Donchian на последней закрытой свече,,rejected,,
20.150499999999987,no_fresh_breakout,144,ETH-USDT-SWAP,2154.0,нет свежего пробоя Donchian на последней закрытой свече,,rejected,,
0.0008000000000000007,no_fresh_breakout,144,FIL-USDT-SWAP,0.89,нет свежего пробоя Donchian на последней закрытой свече,,rejected,,
0.016749999999999887,no_fresh_breakout,144,ICP-USDT-SWAP,2.499,нет свежего пробоя Donchian на последней закрытой свече,,rejected,,
0.03135000000000003,no_fresh_breakout,144,KSM-USDT-SWAP,4.521,нет свежего пробоя Donchian на последней закрытой свече,,rejected,,
0.05924999999999958,no_fresh_breakout,144,LINK-USDT-SWAP,9.044,нет свежего пробоя Donchian на последней закрытой свече,,rejected,,
0.0031500000000000304,no_fresh_breakout,144,LPT-USDT-SWAP,2.22,нет свежего пробоя Donchian на последней закрытой свече,,rejected,,
0.0003700000000000037,no_fresh_breakout,144,LQTY-USDT-SWAP,0.2768,нет свежего пробоя Donchian на последней закрытой свече,,rejected,,
0.004561000000000001,no_fresh_breakout,144,MAGIC-USDT-SWAP,0.06213,нет свежего пробоя Donchian на последней закрытой свече,,rejected,,
0.0,atr_warmup:_цена_или_atr_недоступны_после_прогрева,144,MET-USDT-SWAP,0.0,ATR warmup: цена или ATR недоступны после прогрева,,rejected,,
0.00020450000000000053,no_fresh_breakout,144,OP-USDT-SWAP,0.1205,нет свежего пробоя Donchian на последней закрытой свече,,rejected,,
2.1250000000000008e-08,no_fresh_breakout,144,PEPE-USDT-SWAP,3.398e-06,нет свежего пробоя Donchian на последней закрытой свече,,rejected,,
0.0,atr_warmup:_цена_или_atr_недоступны_после_прогрева,144,SKY-USDT-SWAP,0.0,ATR warmup: цена или ATR недоступны после прогрева,,rejected,,
0.6095000000000006,no_fresh_breakout,144,SOL-USDT-SWAP,88.92,нет свежего пробоя Donchian на последней закрытой свече,,rejected,,
0.015220000000000006,no_fresh_breakout,144,SUSHI-USDT-SWAP,0.2056,нет свежего пробоя Donchian на последней закрытой свече,,rejected,,
0.008000000000000018,no_fresh_breakout,144,TON-USDT-SWAP,1.241,нет свежего пробоя Donchian на последней закрытой свече,,rejected,,
0.0004349999999999993,no_fresh_breakout,144,TRX-USDT-SWAP,0.3009,нет свежего пробоя Donchian на последней закрытой свече,,rejected,,
1.4504999999999968,no_fresh_breakout,144,TSLA-USDT-SWAP,382.77,нет свежего пробоя Donchian на последней закрытой свече,,rejected,,
0.004686000000000007,no_fresh_breakout,144,USDC-USDT-SWAP,1.00397,нет свежего пробоя Donchian на последней закрытой свече,,rejected,,
64.37999999999997,no_fresh_breakout,144,XAU-USDT-SWAP,4664.1,нет свежего пробоя Donchian на последней закрытой свече,,rejected,,
0.0016699999999999992,no_fresh_breakout,144,XLM-USDT-SWAP,0.16598,нет свежего пробоя Donchian на последней закрытой свече,,rejected,,
0.010269999999999991,no_fresh_breakout,144,XRP-USDT-SWAP,1.4468,нет свежего пробоя Donchian на последней закрытой свече,,rejected,,
0.0001999999999999995,no_fresh_breakout,144,YB-USDT-SWAP,0.123,нет свежего пробоя Donchian на последней закрытой свече,,rejected,,
15.515000000000054,no_fresh_breakout,144,YFI-USDT-SWAP,2724.2,нет свежего пробоя Donchian на последней закрытой свече,,rejected,,
0.00042500000000000106,no_fresh_breakout,144,YGG-USDT-SWAP,0.0403,нет свежего пробоя Donchian на последней закрытой свече,,rejected,,
8.500000000000036e-05,no_fresh_breakout,145,1INCH-USDT-SWAP,0.0955,нет свежего пробоя Donchian на последней закрытой свече,,rejected,,
0.0013699999999999997,no_fresh_breakout,145,2Z-USDT-SWAP,0.0791,нет свежего пробоя Donchian на последней закрытой свече,,rejected,,
0.25749999999999956,no_fresh_breakout,145,AAVE-USDT-SWAP,112.18,нет свежего пробоя Donchian на последней закрытой свече,,rejected,,
0.0013499999999999957,no_fresh_breakout,145,ADA-USDT-SWAP,0.267,нет свежего пробоя Donchian на последней закрытой свече,,rejected,,
0.0009449999999999979,no_fresh_breakout,145,ARB-USDT-SWAP,0.0993,нет свежего пробоя Donchian на последней закрытой свече,,rejected,,
0.012485000000000019,no_fresh_breakout,145,ASTER-USDT-SWAP,0.6948,нет свежего пробоя Donchian на последней закрытой свече,,rejected,,
0.06389999999999998,no_fresh_breakout,145,AUCTION-USDT-SWAP,5.049,нет свежего пробоя Donchian на последней закрытой свече,,rejected,,
0.01205000000000006,no_fresh_breakout,145,AXS-USDT-SWAP,1.1917,нет свежего пробоя Donchian на последней закрытой свече,,rejected,,
0.00024000000000000272,no_fresh_breakout,145,BAND-USDT-SWAP,0.2257,нет свежего пробоя Donchian на последней закрытой свече,,rejected,,
0.45499999999999263,no_fresh_breakout,145,BCH-USDT-SWAP,455.4,нет свежего пробоя Donchian на последней закрытой свече,,rejected,,
1.9500000000000012e-06,no_fresh_breakout,145,BOME-USDT-SWAP,0.000417,нет свежего пробоя Donchian на последней закрытой свече,,rejected,,
301.3199999999997,no_fresh_breakout,145,BTC-USDT-SWAP,70329.8,нет свежего пробоя Donchian на последней закрытой свече,,rejected,,
0.0005264999999999998,no_fresh_breakout,145,CFX-USDT-SWAP,0.06189,нет свежего пробоя Donchian на последней закрытой свече,,rejected,,
0.12549999999999936,no_fresh_breakout,145,COMP-USDT-SWAP,19.0,нет свежего пробоя Donchian на последней закрытой свече,,rejected,,
0.0,oversized_breakout_candle_3.55_atr_>_3.50_atr,145,CRV-USDT-SWAP,0.0,oversized breakout candle 3.55 ATR > 3.50 ATR,long,rejected,Turtle 55,
0.025999999999999978,no_fresh_breakout,145,ETC-USDT-SWAP,8.35,нет свежего пробоя Donchian на последней закрытой свече,,rejected,,
20.150499999999987,no_fresh_breakout,145,ETH-USDT-SWAP,2154.0,нет свежего пробоя Donchian на последней закрытой свече,,rejected,,
0.0008000000000000007,no_fresh_breakout,145,FIL-USDT-SWAP,0.89,нет свежего пробоя Donchian на последней закрытой свече,,rejected,,
0.016749999999999887,no_fresh_breakout,145,ICP-USDT-SWAP,2.499,нет свежего пробоя Donchian на последней закрытой свече,,rejected,,
0.03135000000000003,no_fresh_breakout,145,KSM-USDT-SWAP,4.521,нет свежего пробоя Donchian на последней закрытой свече,,rejected,,
0.05924999999999958,no_fresh_breakout,145,LINK-USDT-SWAP,9.044,нет свежего пробоя Donchian на последней закрытой свече,,rejected,,
0.0031500000000000304,no_fresh_breakout,145,LPT-USDT-SWAP,2.22,нет свежего пробоя Donchian на последней закрытой свече,,rejected,,
0.0003700000000000037,no_fresh_breakout,145,LQTY-USDT-SWAP,0.2768,нет свежего пробоя Donchian на последней закрытой свече,,rejected,,
0.004561000000000001,no_fresh_breakout,145,MAGIC-USDT-SWAP,0.06213,нет свежего пробоя Donchian на последней закрытой свече,,rejected,,
0.0,atr_warmup:_цена_или_atr_недоступны_после_прогрева,145,MET-USDT-SWAP,0.0,ATR warmup: цена или ATR недоступны после прогрева,,rejected,,
0.00020450000000000053,no_fresh_breakout,145,OP-USDT-SWAP,0.1205,нет свежего пробоя Donchian на последней закрытой свече,,rejected,,
2.1250000000000008e-08,no_fresh_breakout,145,PEPE-USDT-SWAP,3.398e-06,нет свежего пробоя Donchian на последней закрытой свече,,rejected,,
0.0,atr_warmup:_цена_или_atr_недоступны_после_прогрева,145,SKY-USDT-SWAP,0.0,ATR warmup: цена или ATR недоступны после прогрева,,rejected,,
0.6095000000000006,no_fresh_breakout,145,SOL-USDT-SWAP,88.92,нет свежего пробоя Donchian на последней закрытой свече,,rejected,,
0.015220000000000006,no_fresh_breakout,145,SUSHI-USDT-SWAP,0.2056,нет свежего пробоя Donchian на последней закрытой свече,,rejected,,
0.008000000000000018,no_fresh_breakout,145,TON-USDT-SWAP,1.241,нет свежего пробоя Donchian на последней закрытой свече,,rejected,,
0.0004349999999999993,no_fresh_breakout,145,TRX-USDT-SWAP,0.3009,нет свежего пробоя Donchian на последней закрытой свече,,rejected,,
1.4504999999999968,no_fresh_breakout,145,TSLA-USDT-SWAP,382.77,нет свежего пробоя Donchian на последней закрытой свече,,rejected,,
0.004686000000000007,no_fresh_breakout,145,USDC-USDT-SWAP,1.00397,нет свежего пробоя Donchian на последней закрытой свече,,rejected,,
64.37999999999997,no_fresh_breakout,145,XAU-USDT-SWAP,4664.1,нет свежего пробоя Donchian на последней закрытой свече,,rejected,,
0.0016699999999999992,no_fresh_breakout,145,XLM-USDT-SWAP,0.16598,нет свежего пробоя Donchian на последней закрытой свече,,rejected,,
0.010269999999999991,no_fresh_breakout,145,XRP-USDT-SWAP,1.4468,нет свежего пробоя Donchian на последней закрытой свече,,rejected,,
0.0001999999999999995,no_fresh_breakout,145,YB-USDT-SWAP,0.123,нет свежего пробоя Donchian на последней закрытой свече,,rejected,,
15.515000000000054,no_fresh_breakout,145,YFI-USDT-SWAP,2724.2,нет свежего пробоя Donchian на последней закрытой свече,,rejected,,
0.00042500000000000106,no_fresh_breakout,145,YGG-USDT-SWAP,0.0403,нет свежего пробоя Donchian на последней закрытой свече,,rejected,,
8.500000000000036e-05,no_fresh_breakout,146,1INCH-USDT-SWAP,0.0955,нет свежего пробоя Donchian на последней закрытой свече,,rejected,,
0.0013699999999999997,no_fresh_breakout,146,2Z-USDT-SWAP,0.0791,нет свежего пробоя Donchian на последней закрытой свече,,rejected,,
0.25749999999999956,no_fresh_breakout,146,AAVE-USDT-SWAP,112.18,нет свежего пробоя Donchian на последней закрытой свече,,rejected,,
0.0013499999999999957,no_fresh_breakout,146,ADA-USDT-SWAP,0.267,нет свежего пробоя Donchian на последней закрытой свече,,rejected,,
0.0009449999999999979,no_fresh_breakout,146,ARB-USDT-SWAP,0.0993,нет свежего пробоя Donchian на последней закрытой свече,,rejected,,
0.012485000000000019,no_fresh_breakout,146,ASTER-USDT-SWAP,0.6948,нет свежего пробоя Donchian на последней закрытой свече,,rejected,,
0.06389999999999998,no_fresh_breakout,146,AUCTION-USDT-SWAP,5.049,нет свежего пробоя Donchian на последней закрытой свече,,rejected,,
0.01205000000000006,no_fresh_breakout,146,AXS-USDT-SWAP,1.1917,нет свежего пробоя Donchian на последней закрытой свече,,rejected,,
0.00024000000000000272,no_fresh_breakout,146,BAND-USDT-SWAP,0.2257,нет свежего пробоя Donchian на последней закрытой свече,,rejected,,
0.45499999999999263,no_fresh_breakout,146,BCH-USDT-SWAP,455.4,нет свежего пробоя Donchian на последней закрытой свече,,rejected,,
1.9500000000000012e-06,no_fresh_breakout,146,BOME-USDT-SWAP,0.000417,нет свежего пробоя Donchian на последней закрытой свече,,rejected,,
301.3199999999997,no_fresh_breakout,146,BTC-USDT-SWAP,70329.8,нет свежего пробоя Donchian на последней закрытой свече,,rejected,,
0.0005264999999999998,no_fresh_breakout,146,CFX-USDT-SWAP,0.06189,нет свежего пробоя Donchian на последней закрытой свече,,rejected,,
0.12549999999999936,no_fresh_breakout,146,COMP-USDT-SWAP,19.0,нет свежего пробоя Donchian на последней закрытой свече,,rejected,,
0.0,oversized_breakout_candle_3.55_atr_>_3.50_atr,146,CRV-USDT-SWAP,0.0,oversized breakout candle 3.55 ATR > 3.50 ATR,long,rejected,Turtle 55,
0.025999999999999978,no_fresh_breakout,146,ETC-USDT-SWAP,8.35,нет свежего пробоя Donchian на последней закрытой свече,,rejected,,
20.150499999999987,no_fresh_breakout,146,ETH-USDT-SWAP,2154.0,нет свежего пробоя Donchian на последней закрытой свече,,rejected,,
0.0008000000000000007,no_fresh_breakout,146,FIL-USDT-SWAP,0.89,нет свежего пробоя Donchian на последней закрытой свече,,rejected,,
0.016749999999999887,no_fresh_breakout,146,ICP-USDT-SWAP,2.499,нет свежего пробоя Donchian на последней закрытой свече,,rejected,,
0.03135000000000003,no_fresh_breakout,146,KSM-USDT-SWAP,4.521,нет свежего пробоя Donchian на последней закрытой свече,,rejected,,
0.05924999999999958,no_fresh_breakout,146,LINK-USDT-SWAP,9.044,нет свежего пробоя Donchian на последней закрытой свече,,rejected,,
0.0031500000000000304,no_fresh_breakout,146,LPT-USDT-SWAP,2.22,нет свежего пробоя Donchian на последней закрытой свече,,rejected,,
0.0003700000000000037,no_fresh_breakout,146,LQTY-USDT-SWAP,0.2768,нет свежего пробоя Donchian на последней закрытой свече,,rejected,,
0.004561000000000001,no_fresh_breakout,146,MAGIC-USDT-SWAP,0.06213,нет свежего пробоя Donchian на последней закрытой свече,,rejected,,
0.0,atr_warmup:_цена_или_atr_недоступны_после_прогрева,146,MET-USDT-SWAP,0.0,ATR warmup: цена или ATR недоступны после прогрева,,rejected,,
0.00020450000000000053,no_fresh_breakout,146,OP-USDT-SWAP,0.1205,нет свежего пробоя Donchian на последней закрытой свече,,rejected,,
2.1250000000000008e-08,no_fresh_breakout,146,PEPE-USDT-SWAP,3.398e-06,нет свежего пробоя Donchian на последней закрытой свече,,rejected,,
0.0,atr_warmup:_цена_или_atr_недоступны_после_прогрева,146,SKY-USDT-SWAP,0.0,ATR warmup: цена или ATR недоступны после прогрева,,rejected,,
0.6095000000000006,no_fresh_breakout,146,SOL-USDT-SWAP,88.92,нет свежего пробоя Donchian на последней закрытой свече,,rejected,,
0.015220000000000006,no_fresh_breakout,146,SUSHI-USDT-SWAP,0.2056,нет свежего пробоя Donchian на последней закрытой свече,,rejected,,
0.008000000000000018,no_fresh_breakout,146,TON-USDT-SWAP,1.241,нет свежего пробоя Donchian на последней закрытой свече,,rejected,,
0.0004349999999999993,no_fresh_breakout,146,TRX-USDT-SWAP,0.3009,нет свежего пробоя Donchian на последней закрытой свече,,rejected,,
1.4504999999999968,no_fresh_breakout,146,TSLA-USDT-SWAP,382.77,нет свежего пробоя Donchian на последней закрытой свече,,rejected,,
0.004686000000000007,no_fresh_breakout,146,USDC-USDT-SWAP,1.00397,нет свежего пробоя Donchian на последней закрытой свече,,rejected,,
64.37999999999997,no_fresh_breakout,146,XAU-USDT-SWAP,4664.1,нет свежего пробоя Donchian на последней закрытой свече,,rejected,,
0.0016699999999999992,no_fresh_breakout,146,XLM-USDT-SWAP,0.16598,нет свежего пробоя Donchian на последней закрытой свече,,rejected,,
0.010269999999999991,no_fresh_breakout,146,XRP-USDT-SWAP,1.4468,нет свежего пробоя Donchian на последней закрытой свече,,rejected,,
0.0001999999999999995,no_fresh_breakout,146,YB-USDT-SWAP,0.123,нет свежего пробоя Donchian на последней закрытой свече,,rejected,,
15.515000000000054,no_fresh_breakout,146,YFI-USDT-SWAP,2724.2,нет свежего пробоя Donchian на последней закрытой свече,,rejected,,
0.00042500000000000106,no_fresh_breakout,146,YGG-USDT-SWAP,0.0403,нет свежего пробоя Donchian на последней закрытой свече,,rejected,,
8.500000000000036e-05,no_fresh_breakout,147,1INCH-USDT-SWAP,0.0955,нет свежего пробоя Donchian на последней закрытой свече,,rejected,,
0.0013699999999999997,no_fresh_breakout,147,2Z-USDT-SWAP,0.0791,нет свежего пробоя Donchian на последней закрытой свече,,rejected,,
0.25749999999999956,no_fresh_breakout,147,AAVE-USDT-SWAP,112.18,нет свежего пробоя Donchian на последней закрытой свече,,rejected,,
0.0013499999999999957,no_fresh_breakout,147,ADA-USDT-SWAP,0.267,нет свежего пробоя Donchian на последней закрытой свече,,rejected,,
0.0009449999999999979,no_fresh_breakout,147,ARB-USDT-SWAP,0.0993,нет свежего пробоя Donchian на последней закрытой свече,,rejected,,
0.012485000000000019,no_fresh_breakout,147,ASTER-USDT-SWAP,0.6948,нет свежего пробоя Donchian на последней закрытой свече,,rejected,,
0.06389999999999998,no_fresh_breakout,147,AUCTION-USDT-SWAP,5.049,нет свежего пробоя Donchian на последней закрытой свече,,rejected,,
0.01205000000000006,no_fresh_breakout,147,AXS-USDT-SWAP,1.1917,нет свежего пробоя Donchian на последней закрытой свече,,rejected,,
0.00024000000000000272,no_fresh_breakout,147,BAND-USDT-SWAP,0.2257,нет свежего пробоя Donchian на последней закрытой свече,,rejected,,
0.45499999999999263,no_fresh_breakout,147,BCH-USDT-SWAP,455.4,нет свежего пробоя Donchian на последней закрытой свече,,rejected,,
1.9500000000000012e-06,no_fresh_breakout,147,BOME-USDT-SWAP,0.000417,нет свежего пробоя Donchian на последней закрытой свече,,rejected,,
301.3199999999997,no_fresh_breakout,147,BTC-USDT-SWAP,70329.8,нет свежего пробоя Donchian на последней закрытой свече,,rejected,,
0.0005264999999999998,no_fresh_breakout,147,CFX-USDT-SWAP,0.06189,нет свежего пробоя Donchian на последней закрытой свече,,rejected,,
0.12549999999999936,no_fresh_breakout,147,COMP-USDT-SWAP,19.0,нет свежего пробоя Donchian на последней закрытой свече,,rejected,,
0.0,oversized_breakout_candle_3.55_atr_>_3.50_atr,147,CRV-USDT-SWAP,0.0,oversized breakout candle 3.55 ATR > 3.50 ATR,long,rejected,Turtle 55,
0.025999999999999978,no_fresh_breakout,147,ETC-USDT-SWAP,8.35,нет свежего пробоя Donchian на последней закрытой свече,,rejected,,
20.150499999999987,no_fresh_breakout,147,ETH-USDT-SWAP,2154.0,нет свежего пробоя Donchian на последней закрытой свече,,rejected,,
0.0008000000000000007,no_fresh_breakout,147,FIL-USDT-SWAP,0.89,нет свежего пробоя Donchian на последней закрытой свече,,rejected,,
0.016749999999999887,no_fresh_breakout,147,ICP-USDT-SWAP,2.499,нет свежего пробоя Donchian на последней закрытой свече,,rejected,,
0.03135000000000003,no_fresh_breakout,147,KSM-USDT-SWAP,4.521,нет свежего пробоя Donchian на последней закрытой свече,,rejected,,
0.05924999999999958,no_fresh_breakout,147,LINK-USDT-SWAP,9.044,нет свежего пробоя Donchian на последней закрытой свече,,rejected,,
0.0031500000000000304,no_fresh_breakout,147,LPT-USDT-SWAP,2.22,нет свежего пробоя Donchian на последней закрытой свече,,rejected,,
0.0003700000000000037,no_fresh_breakout,147,LQTY-USDT-SWAP,0.2768,нет свежего пробоя Donchian на последней закрытой свече,,rejected,,
0.004561000000000001,no_fresh_breakout,147,MAGIC-USDT-SWAP,0.06213,нет свежего пробоя Donchian на последней закрытой свече,,rejected,,
0.0,atr_warmup:_цена_или_atr_недоступны_после_прогрева,147,MET-USDT-SWAP,0.0,ATR warmup: цена или ATR недоступны после прогрева,,rejected,,
0.00020450000000000053,no_fresh_breakout,147,OP-USDT-SWAP,0.1205,нет свежего пробоя Donchian на последней закрытой свече,,rejected,,
2.1250000000000008e-08,no_fresh_breakout,147,PEPE-USDT-SWAP,3.398e-06,нет свежего пробоя Donchian на последней закрытой свече,,rejected,,
0.0,atr_warmup:_цена_или_atr_недоступны_после_прогрева,147,SKY-USDT-SWAP,0.0,ATR warmup: цена или ATR недоступны после прогрева,,rejected,,
0.6095000000000006,no_fresh_breakout,147,SOL-USDT-SWAP,88.92,нет свежего пробоя Donchian на последней закрытой свече,,rejected,,
0.015220000000000006,no_fresh_breakout,147,SUSHI-USDT-SWAP,0.2056,нет свежего пробоя Donchian на последней закрытой свече,,rejected,,
0.008000000000000018,no_fresh_breakout,147,TON-USDT-SWAP,1.241,нет свежего пробоя Donchian на последней закрытой свече,,rejected,,
0.0004349999999999993,no_fresh_breakout,147,TRX-USDT-SWAP,0.3009,нет свежего пробоя Donchian на последней закрытой свече,,rejected,,
1.4504999999999968,no_fresh_breakout,147,TSLA-USDT-SWAP,382.77,нет свежего пробоя Donchian на последней закрытой свече,,rejected,,
0.004686000000000007,no_fresh_breakout,147,USDC-USDT-SWAP,1.00397,нет свежего пробоя Donchian на последней закрытой свече,,rejected,,
64.37999999999997,no_fresh_breakout,147,XAU-USDT-SWAP,4664.1,нет свежего пробоя Donchian на последней закрытой свече,,rejected,,
0.0016699999999999992,no_fresh_breakout,147,XLM-USDT-SWAP,0.16598,нет свежего пробоя Donchian на последней закрытой свече,,rejected,,
0.010269999999999991,no_fresh_breakout,147,XRP-USDT-SWAP,1.4468,нет свежего пробоя Donchian на последней закрытой свече,,rejected,,
0.0001999999999999995,no_fresh_breakout,147,YB-USDT-SWAP,0.123,нет свежего пробоя Donchian на последней закрытой свече,,rejected,,
15.515000000000054,no_fresh_breakout,147,YFI-USDT-SWAP,2724.2,нет свежего пробоя Donchian на последней закрытой свече,,rejected,,
0.00042500000000000106,no_fresh_breakout,147,YGG-USDT-SWAP,0.0403,нет свежего пробоя Donchian на последней закрытой свече,,rejected,,
8.500000000000036e-05,no_fresh_breakout,148,1INCH-USDT-SWAP,0.0955,нет свежего пробоя Donchian на последней закрытой свече,,rejected,,
0.0013699999999999997,no_fresh_breakout,148,2Z-USDT-SWAP,0.0791,нет свежего пробоя Donchian на последней закрытой свече,,rejected,,
0.25749999999999956,no_fresh_breakout,148,AAVE-USDT-SWAP,112.18,нет свежего пробоя Donchian на последней закрытой свече,,rejected,,
0.0013499999999999957,no_fresh_breakout,148,ADA-USDT-SWAP,0.267,нет свежего пробоя Donchian на последней закрытой свече,,rejected,,
0.0009449999999999979,no_fresh_breakout,148,ARB-USDT-SWAP,0.0993,нет свежего пробоя Donchian на последней закрытой свече,,rejected,,
0.012485000000000019,no_fresh_breakout,148,ASTER-USDT-SWAP,0.6948,нет свежего пробоя Donchian на последней закрытой свече,,rejected,,
0.06389999999999998,no_fresh_breakout,148,AUCTION-USDT-SWAP,5.049,нет свежего пробоя Donchian на последней закрытой свече,,rejected,,
0.01205000000000006,no_fresh_breakout,148,AXS-USDT-SWAP,1.1917,нет свежего пробоя Donchian на последней закрытой свече,,rejected,,
0.00024000000000000272,no_fresh_breakout,148,BAND-USDT-SWAP,0.2257,нет свежего пробоя Donchian на последней закрытой свече,,rejected,,
0.45499999999999263,no_fresh_breakout,148,BCH-USDT-SWAP,455.4,нет свежего пробоя Donchian на последней закрытой свече,,rejected,,
1.9500000000000012e-06,no_fresh_breakout,148,BOME-USDT-SWAP,0.000417,нет свежего пробоя Donchian на последней закрытой свече,,rejected,,
301.3199999999997,no_fresh_breakout,148,BTC-USDT-SWAP,70329.8,нет свежего пробоя Donchian на последней закрытой свече,,rejected,,
0.0005264999999999998,no_fresh_breakout,148,CFX-USDT-SWAP,0.06189,нет свежего пробоя Donchian на последней закрытой свече,,rejected,,
0.12549999999999936,no_fresh_breakout,148,COMP-USDT-SWAP,19.0,нет свежего пробоя Donchian на последней закрытой свече,,rejected,,
0.0,oversized_breakout_candle_3.55_atr_>_3.50_atr,148,CRV-USDT-SWAP,0.0,oversized breakout candle 3.55 ATR > 3.50 ATR,long,rejected,Turtle 55,
0.025999999999999978,no_fresh_breakout,148,ETC-USDT-SWAP,8.35,нет свежего пробоя Donchian на последней закрытой свече,,rejected,,
20.150499999999987,no_fresh_breakout,148,ETH-USDT-SWAP,2154.0,нет свежего пробоя Donchian на последней закрытой свече,,rejected,,
0.0008000000000000007,no_fresh_breakout,148,FIL-USDT-SWAP,0.89,нет свежего пробоя Donchian на последней закрытой свече,,rejected,,
0.016749999999999887,no_fresh_breakout,148,ICP-USDT-SWAP,2.499,нет свежего пробоя Donchian на последней закрытой свече,,rejected,,
0.03135000000000003,no_fresh_breakout,148,KSM-USDT-SWAP,4.521,нет свежего пробоя Donchian на последней закрытой свече,,rejected,,
0.05924999999999958,no_fresh_breakout,148,LINK-USDT-SWAP,9.044,нет свежего пробоя Donchian на последней закрытой свече,,rejected,,
0.0031500000000000304,no_fresh_breakout,148,LPT-USDT-SWAP,2.22,нет свежего пробоя Donchian на последней закрытой свече,,rejected,,
0.0003700000000000037,no_fresh_breakout,148,LQTY-USDT-SWAP,0.2768,нет свежего пробоя Donchian на последней закрытой свече,,rejected,,
0.004561000000000001,no_fresh_breakout,148,MAGIC-USDT-SWAP,0.06213,нет свежего пробоя Donchian на последней закрытой свече,,rejected,,
0.0,atr_warmup:_цена_или_atr_недоступны_после_прогрева,148,MET-USDT-SWAP,0.0,ATR warmup: цена или ATR недоступны после прогрева,,rejected,,
0.00020450000000000053,no_fresh_breakout,148,OP-USDT-SWAP,0.1205,нет свежего пробоя Donchian на последней закрытой свече,,rejected,,
2.1250000000000008e-08,no_fresh_breakout,148,PEPE-USDT-SWAP,3.398e-06,нет свежего пробоя Donchian на последней закрытой свече,,rejected,,
0.0,atr_warmup:_цена_или_atr_недоступны_после_прогрева,148,SKY-USDT-SWAP,0.0,ATR warmup: цена или ATR недоступны после прогрева,,rejected,,
0.6095000000000006,no_fresh_breakout,148,SOL-USDT-SWAP,88.92,нет свежего пробоя Donchian на последней закрытой свече,,rejected,,
0.015220000000000006,no_fresh_breakout,148,SUSHI-USDT-SWAP,0.2056,нет свежего пробоя Donchian на последней закрытой свече,,rejected,,
0.008000000000000018,no_fresh_breakout,148,TON-USDT-SWAP,1.241,нет свежего пробоя Donchian на последней закрытой свече,,rejected,,
0.0004349999999999993,no_fresh_breakout,148,TRX-USDT-SWAP,0.3009,нет свежего пробоя Donchian на последней закрытой свече,,rejected,,
1.4504999999999968,no_fresh_breakout,148,TSLA-USDT-SWAP,382.77,нет свежего пробоя Donchian на последней закрытой свече,,rejected,,
0.004686000000000007,no_fresh_breakout,148,USDC-USDT-SWAP,1.00397,нет свежего пробоя Donchian на последней закрытой свече,,rejected,,
64.37999999999997,no_fresh_breakout,148,XAU-USDT-SWAP,4664.1,нет свежего пробоя Donchian на последней закрытой свече,,rejected,,
0.0016699999999999992,no_fresh_breakout,148,XLM-USDT-SWAP,0.16598,нет свежего пробоя Donchian на последней закрытой свече,,rejected,,
0.010269999999999991,no_fresh_breakout,148,XRP-USDT-SWAP,1.4468,нет свежего пробоя Donchian на последней закрытой свече,,rejected,,
0.0001999999999999995,no_fresh_breakout,148,YB-USDT-SWAP,0.123,нет свежего пробоя Donchian на последней закрытой свече,,rejected,,
15.515000000000054,no_fresh_breakout,148,YFI-USDT-SWAP,2724.2,нет свежего пробоя Donchian на последней закрытой свече,,rejected,,
0.00042500000000000106,no_fresh_breakout,148,YGG-USDT-SWAP,0.0403,нет свежего пробоя Donchian на последней закрытой свече,,rejected,,
8.500000000000036e-05,no_fresh_breakout,149,1INCH-USDT-SWAP,0.0955,нет свежего пробоя Donchian на последней закрытой свече,,rejected,,
0.0013699999999999997,no_fresh_breakout,149,2Z-USDT-SWAP,0.0791,нет свежего пробоя Donchian на последней закрытой свече,,rejected,,
0.25749999999999956,no_fresh_breakout,149,AAVE-USDT-SWAP,112.18,нет свежего пробоя Donchian на последней закрытой свече,,rejected,,
0.0013499999999999957,no_fresh_breakout,149,ADA-USDT-SWAP,0.267,нет свежего пробоя Donchian на последней закрытой свече,,rejected,,
0.0009449999999999979,no_fresh_breakout,149,ARB-USDT-SWAP,0.0993,нет свежего пробоя Donchian на последней закрытой свече,,rejected,,
0.012485000000000019,no_fresh_breakout,149,ASTER-USDT-SWAP,0.6948,нет свежего пробоя Donchian на последней закрытой свече,,rejected,,
0.06389999999999998,no_fresh_breakout,149,AUCTION-USDT-SWAP,5.049,нет свежего пробоя Donchian на последней закрытой свече,,rejected,,
0.01205000000000006,no_fresh_breakout,149,AXS-USDT-SWAP,1.1917,нет свежего пробоя Donchian на последней закрытой свече,,rejected,,
0.00024000000000000272,no_fresh_breakout,149,BAND-USDT-SWAP,0.2257,нет свежего пробоя Donchian на последней закрытой свече,,rejected,,
0.45499999999999263,no_fresh_breakout,149,BCH-USDT-SWAP,455.4,нет свежего пробоя Donchian на последней закрытой свече,,rejected,,
1.9500000000000012e-06,no_fresh_breakout,149,BOME-USDT-SWAP,0.000417,нет свежего пробоя Donchian на последней закрытой свече,,rejected,,
301.3199999999997,no_fresh_breakout,149,BTC-USDT-SWAP,70329.8,нет свежего пробоя Donchian на последней закрытой свече,,rejected,,
0.0005264999999999998,no_fresh_breakout,149,CFX-USDT-SWAP,0.06189,нет свежего пробоя Donchian на последней закрытой свече,,rejected,,
0.12549999999999936,no_fresh_breakout,149,COMP-USDT-SWAP,19.0,нет свежего пробоя Donchian на последней закрытой свече,,rejected,,
0.0,oversized_breakout_candle_3.55_atr_>_3.50_atr,149,CRV-USDT-SWAP,0.0,oversized breakout candle 3.55 ATR > 3.50 ATR,long,rejected,Turtle 55,
0.025999999999999978,no_fresh_breakout,149,ETC-USDT-SWAP,8.35,нет свежего пробоя Donchian на последней закрытой свече,,rejected,,
20.150499999999987,no_fresh_breakout,149,ETH-USDT-SWAP,2154.0,нет свежего пробоя Donchian на последней закрытой свече,,rejected,,
0.0008000000000000007,no_fresh_breakout,149,FIL-USDT-SWAP,0.89,нет свежего пробоя Donchian на последней закрытой свече,,rejected,,
0.016749999999999887,no_fresh_breakout,149,ICP-USDT-SWAP,2.499,нет свежего пробоя Donchian на последней закрытой свече,,rejected,,
0.03135000000000003,no_fresh_breakout,149,KSM-USDT-SWAP,4.521,нет свежего пробоя Donchian на последней закрытой свече,,rejected,,
0.05924999999999958,no_fresh_breakout,149,LINK-USDT-SWAP,9.044,нет свежего пробоя Donchian на последней закрытой свече,,rejected,,
0.0031500000000000304,no_fresh_breakout,149,LPT-USDT-SWAP,2.22,нет свежего пробоя Donchian на последней закрытой свече,,rejected,,
0.0003700000000000037,no_fresh_breakout,149,LQTY-USDT-SWAP,0.2768,нет свежего пробоя Donchian на последней закрытой свече,,rejected,,
0.004561000000000001,no_fresh_breakout,149,MAGIC-USDT-SWAP,0.06213,нет свежего пробоя Donchian на последней закрытой свече,,rejected,,
0.0,atr_warmup:_цена_или_atr_недоступны_после_прогрева,149,MET-USDT-SWAP,0.0,ATR warmup: цена или ATR недоступны после прогрева,,rejected,,
0.00020450000000000053,no_fresh_breakout,149,OP-USDT-SWAP,0.1205,нет свежего пробоя Donchian на последней закрытой свече,,rejected,,
2.1250000000000008e-08,no_fresh_breakout,149,PEPE-USDT-SWAP,3.398e-06,нет свежего пробоя Donchian на последней закрытой свече,,rejected,,
0.0,atr_warmup:_цена_или_atr_недоступны_после_прогрева,149,SKY-USDT-SWAP,0.0,ATR warmup: цена или ATR недоступны после прогрева,,rejected,,
0.6095000000000006,no_fresh_breakout,149,SOL-USDT-SWAP,88.92,нет свежего пробоя Donchian на последней закрытой свече,,rejected,,
0.015220000000000006,no_fresh_breakout,149,SUSHI-USDT-SWAP,0.2056,нет свежего пробоя Donchian на последней закрытой свече,,rejected,,
0.008000000000000018,no_fresh_breakout,149,TON-USDT-SWAP,1.241,нет свежего пробоя Donchian на последней закрытой свече,,rejected,,
0.0004349999999999993,no_fresh_breakout,149,TRX-USDT-SWAP,0.3009,нет свежего пробоя Donchian на последней закрытой свече,,rejected,,
1.4504999999999968,no_fresh_breakout,149,TSLA-USDT-SWAP,382.77,нет свежего пробоя Donchian на последней закрытой свече,,rejected,,
0.004686000000000007,no_fresh_breakout,149,USDC-USDT-SWAP,1.00397,нет свежего пробоя Donchian на последней закрытой свече,,rejected,,
64.37999999999997,no_fresh_breakout,149,XAU-USDT-SWAP,4664.1,нет свежего пробоя Donchian на последней закрытой свече,,rejected,,
0.0016699999999999992,no_fresh_breakout,149,XLM-USDT-SWAP,0.16598,нет свежего пробоя Donchian на последней закрытой свече,,rejected,,
0.010269999999999991,no_fresh_breakout,149,XRP-USDT-SWAP,1.4468,нет свежего пробоя Donchian на последней закрытой свече,,rejected,,
0.0001999999999999995,no_fresh_breakout,149,YB-USDT-SWAP,0.123,нет свежего пробоя Donchian на последней закрытой свече,,rejected,,
15.515000000000054,no_fresh_breakout,149,YFI-USDT-SWAP,2724.2,нет свежего пробоя Donchian на последней закрытой свече,,rejected,,
0.00042500000000000106,no_fresh_breakout,149,YGG-USDT-SWAP,0.0403,нет свежего пробоя Donchian на последней закрытой свече,,rejected,,
0.0,закрытие_не_удержалось_выше_канала,150,1INCH-USDT-SWAP,0.0,закрытие не удержалось выше канала,long,rejected,Turtle 55,
0.001335,no_fresh_breakout,150,2Z-USDT-SWAP,0.0791,нет свежего пробоя Donchian на последней закрытой свече,,rejected,,
0.25749999999999956,no_fresh_breakout,150,AAVE-USDT-SWAP,112.18,нет свежего пробоя Donchian на последней закрытой свече,,rejected,,
0.0009399999999999985,no_fresh_breakout,150,ARB-USDT-SWAP,0.0991,нет свежего пробоя Donchian на последней закрытой свече,,rejected,,
0.01196500000000002,no_fresh_breakout,150,ASTER-USDT-SWAP,0.6965,нет свежего пробоя Donchian на последней закрытой свече,,rejected,,
0.06479999999999997,no_fresh_breakout,150,AUCTION-USDT-SWAP,5.088,нет свежего пробоя Donchian на последней закрытой свече,,rejected,,
0.011755000000000071,no_fresh_breakout,150,AXS-USDT-SWAP,1.195,нет свежего пробоя Donchian на последней закрытой свече,,rejected,,
0.00024000000000000272,no_fresh_breakout,150,BAND-USDT-SWAP,0.2257,нет свежего пробоя Donchian на последней закрытой свече,,rejected,,
0.4699999999999903,no_fresh_breakout,150,BCH-USDT-SWAP,455.4,нет свежего пробоя Donchian на последней закрытой свече,,rejected,,
2.050000000000001e-06,no_fresh_breakout,150,BOME-USDT-SWAP,0.000419,нет свежего пробоя Donchian на последней закрытой свече,,rejected,,
305.60999999999984,no_fresh_breakout,150,BTC-USDT-SWAP,70438.0,нет свежего пробоя Donchian на последней закрытой свече,,rejected,,
0.000521,no_fresh_breakout,150,CFX-USDT-SWAP,0.06183,нет свежего пробоя Donchian на последней закрытой свече,,rejected,,
0.12749999999999934,no_fresh_breakout,150,COMP-USDT-SWAP,19.0,нет свежего пробоя Donchian на последней закрытой свече,,rejected,,
0.005654999999999999,no_fresh_breakout,150,CRV-USDT-SWAP,0.2368,нет свежего пробоя Donchian на последней закрытой свече,,rejected,,
0.020500000000000008,no_fresh_breakout,150,ETC-USDT-SWAP,8.35,нет свежего пробоя Donchian на последней закрытой свече,,rejected,,
20.04649999999999,no_fresh_breakout,150,ETH-USDT-SWAP,2147.0,нет свежего пробоя Donchian на последней закрытой свече,,rejected,,
0.0007000000000000006,no_fresh_breakout,150,FIL-USDT-SWAP,0.89,нет свежего пробоя Donchian на последней закрытой свече,,rejected,,
0.016899999999999894,no_fresh_breakout,150,ICP-USDT-SWAP,2.504,нет свежего пробоя Donchian на последней закрытой свече,,rejected,,
0.03140000000000005,no_fresh_breakout,150,KSM-USDT-SWAP,4.522,нет свежего пробоя Donchian на последней закрытой свече,,rejected,,
0.05934999999999961,no_fresh_breakout,150,LINK-USDT-SWAP,9.052,нет свежего пробоя Donchian на последней закрытой свече,,rejected,,
0.0029500000000000303,no_fresh_breakout,150,LPT-USDT-SWAP,2.223,нет свежего пробоя Donchian на последней закрытой свече,,rejected,,
0.0003700000000000037,no_fresh_breakout,150,LQTY-USDT-SWAP,0.2768,нет свежего пробоя Donchian на последней закрытой свече,,rejected,,
0.004484000000000002,no_fresh_breakout,150,MAGIC-USDT-SWAP,0.06213,нет свежего пробоя Donchian на последней закрытой свече,,rejected,,
0.0,atr_warmup:_цена_или_atr_недоступны_после_прогрева,150,MET-USDT-SWAP,0.0,ATR warmup: цена или ATR недоступны после прогрева,,rejected,,
0.00019850000000000076,no_fresh_breakout,150,OP-USDT-SWAP,0.1205,нет свежего пробоя Donchian на последней закрытой свече,,rejected,,
2.1450000000000003e-08,no_fresh_breakout,150,PEPE-USDT-SWAP,3.4e-06,нет свежего пробоя Donchian на последней закрытой свече,,rejected,,
0.0,atr_warmup:_цена_или_atr_недоступны_после_прогрева,150,SKY-USDT-SWAP,0.0,ATR warmup: цена или ATR недоступны после прогрева,,rejected,,
0.6080000000000005,no_fresh_breakout,150,SOL-USDT-SWAP,89.0,нет свежего пробоя Donchian на последней закрытой свече,,rejected,,
0.015110000000000007,no_fresh_breakout,150,SUSHI-USDT-SWAP,0.2056,нет свежего пробоя Donchian на последней закрытой свече,,rejected,,
0.007950000000000013,no_fresh_breakout,150,TON-USDT-SWAP,1.242,нет свежего пробоя Donchian на последней закрытой свече,,rejected,,
0.00042500000000000036,no_fresh_breakout,150,TRX-USDT-SWAP,0.3012,нет свежего пробоя Donchian на последней закрытой свече,,rejected,,
1.4069999999999965,no_fresh_breakout,150,TSLA-USDT-SWAP,382.77,нет свежего пробоя Donchian на последней закрытой свече,,rejected,,
0.004687500000000006,no_fresh_breakout,150,USDC-USDT-SWAP,1.0039,нет свежего пробоя Donchian на последней закрытой свече,,rejected,,
63.375,no_fresh_breakout,150,XAU-USDT-SWAP,4700.5,нет свежего пробоя Donchian на последней закрытой свече,,rejected,,
0.0018184999999999994,no_fresh_breakout,150,XLM-USDT-SWAP,0.16833,нет свежего пробоя Donchian на последней закрытой свече,,rejected,,
0.009660000000000002,no_fresh_breakout,150,XRP-USDT-SWAP,1.4477,нет свежего пробоя Donchian на последней закрытой свече,,rejected,,
0.0001249999999999994,no_fresh_breakout,150,YB-USDT-SWAP,0.123,нет свежего пробоя Donchian на последней закрытой свече,,rejected,,
15.670000000000073,no_fresh_breakout,150,YFI-USDT-SWAP,2726.4,нет свежего пробоя Donchian на последней закрытой свече,,rejected,,
0.00041000000000000097,no_fresh_breakout,150,YGG-USDT-SWAP,0.0403,нет свежего пробоя Donchian на последней закрытой свече,,rejected,,
0.0,закрытие_не_удержалось_выше_канала,151,1INCH-USDT-SWAP,0.0,закрытие не удержалось выше канала,long,rejected,Turtle 55,
0.001335,no_fresh_breakout,151,2Z-USDT-SWAP,0.0791,нет свежего пробоя Donchian на последней закрытой свече,,rejected,,
0.2584999999999994,no_fresh_breakout,151,AAVE-USDT-SWAP,112.44,нет свежего пробоя Donchian на последней закрытой свече,,rejected,,
0.0013799999999999952,no_fresh_breakout,151,ADA-USDT-SWAP,0.2676,нет свежего пробоя Donchian на последней закрытой свече,,rejected,,
0.0009399999999999985,no_fresh_breakout,151,ARB-USDT-SWAP,0.0991,нет свежего пробоя Donchian на последней закрытой свече,,rejected,,
0.01196500000000002,no_fresh_breakout,151,ASTER-USDT-SWAP,0.6965,нет свежего пробоя Donchian на последней закрытой свече,,rejected,,
0.06479999999999997,no_fresh_breakout,151,AUCTION-USDT-SWAP,5.088,нет свежего пробоя Donchian на последней закрытой свече,,rejected,,
0.011755000000000071,no_fresh_breakout,151,AXS-USDT-SWAP,1.195,нет свежего пробоя Donchian на последней закрытой свече,,rejected,,
0.00024000000000000272,no_fresh_breakout,151,BAND-USDT-SWAP,0.2257,нет свежего пробоя Donchian на последней закрытой свече,,rejected,,
0.4699999999999903,no_fresh_breakout,151,BCH-USDT-SWAP,455.4,нет свежего пробоя Donchian на последней закрытой свече,,rejected,,
2.050000000000001e-06,no_fresh_breakout,151,BOME-USDT-SWAP,0.000419,нет свежего пробоя Donchian на последней закрытой свече,,rejected,,
305.60999999999984,no_fresh_breakout,151,BTC-USDT-SWAP,70438.0,нет свежего пробоя Donchian на последней закрытой свече,,rejected,,
0.000521,no_fresh_breakout,151,CFX-USDT-SWAP,0.06183,нет свежего пробоя Donchian на последней закрытой свече,,rejected,,
0.12749999999999934,no_fresh_breakout,151,COMP-USDT-SWAP,19.0,нет свежего пробоя Donchian на последней закрытой свече,,rejected,,
0.005654999999999999,no_fresh_breakout,151,CRV-USDT-SWAP,0.2368,нет свежего пробоя Donchian на последней закрытой свече,,rejected,,
0.020500000000000008,no_fresh_breakout,151,ETC-USDT-SWAP,8.35,нет свежего пробоя Donchian на последней закрытой свече,,rejected,,
20.04649999999999,no_fresh_breakout,151,ETH-USDT-SWAP,2147.0,нет свежего пробоя Donchian на последней закрытой свече,,rejected,,
0.0007000000000000006,no_fresh_breakout,151,FIL-USDT-SWAP,0.89,нет свежего пробоя Donchian на последней закрытой свече,,rejected,,
0.016899999999999894,no_fresh_breakout,151,ICP-USDT-SWAP,2.504,нет свежего пробоя Donchian на последней закрытой свече,,rejected,,
0.03140000000000005,no_fresh_breakout,151,KSM-USDT-SWAP,4.522,нет свежего пробоя Donchian на последней закрытой свече,,rejected,,
0.05934999999999961,no_fresh_breakout,151,LINK-USDT-SWAP,9.052,нет свежего пробоя Donchian на последней закрытой свече,,rejected,,
0.0029500000000000303,no_fresh_breakout,151,LPT-USDT-SWAP,2.223,нет свежего пробоя Donchian на последней закрытой свече,,rejected,,
0.0003700000000000037,no_fresh_breakout,151,LQTY-USDT-SWAP,0.2768,нет свежего пробоя Donchian на последней закрытой свече,,rejected,,
0.004484000000000002,no_fresh_breakout,151,MAGIC-USDT-SWAP,0.06213,нет свежего пробоя Donchian на последней закрытой свече,,rejected,,
0.0,atr_warmup:_цена_или_atr_недоступны_после_прогрева,151,MET-USDT-SWAP,0.0,ATR warmup: цена или ATR недоступны после прогрева,,rejected,,
0.00019850000000000076,no_fresh_breakout,151,OP-USDT-SWAP,0.1205,нет свежего пробоя Donchian на последней закрытой свече,,rejected,,
2.1450000000000003e-08,no_fresh_breakout,151,PEPE-USDT-SWAP,3.4e-06,нет свежего пробоя Donchian на последней закрытой свече,,rejected,,
0.0,atr_warmup:_цена_или_atr_недоступны_после_прогрева,151,SKY-USDT-SWAP,0.0,ATR warmup: цена или ATR недоступны после прогрева,,rejected,,
0.6080000000000005,no_fresh_breakout,151,SOL-USDT-SWAP,89.0,нет свежего пробоя Donchian на последней закрытой свече,,rejected,,
0.015110000000000007,no_fresh_breakout,151,SUSHI-USDT-SWAP,0.2056,нет свежего пробоя Donchian на последней закрытой свече,,rejected,,
0.007950000000000013,no_fresh_breakout,151,TON-USDT-SWAP,1.242,нет свежего пробоя Donchian на последней закрытой свече,,rejected,,
0.00042500000000000036,no_fresh_breakout,151,TRX-USDT-SWAP,0.3012,нет свежего пробоя Donchian на последней закрытой свече,,rejected,,
1.4069999999999965,no_fresh_breakout,151,TSLA-USDT-SWAP,382.77,нет свежего пробоя Donchian на последней закрытой свече,,rejected,,
0.004687500000000006,no_fresh_breakout,151,USDC-USDT-SWAP,1.0039,нет свежего пробоя Donchian на последней закрытой свече,,rejected,,
63.375,no_fresh_breakout,151,XAU-USDT-SWAP,4700.5,нет свежего пробоя Donchian на последней закрытой свече,,rejected,,
0.0018184999999999994,no_fresh_breakout,151,XLM-USDT-SWAP,0.16833,нет свежего пробоя Donchian на последней закрытой свече,,rejected,,
0.009660000000000002,no_fresh_breakout,151,XRP-USDT-SWAP,1.4477,нет свежего пробоя Donchian на последней закрытой свече,,rejected,,
0.0001249999999999994,no_fresh_breakout,151,YB-USDT-SWAP,0.123,нет свежего пробоя Donchian на последней закрытой свече,,rejected,,
15.670000000000073,no_fresh_breakout,151,YFI-USDT-SWAP,2726.4,нет свежего пробоя Donchian на последней закрытой свече,,rejected,,
0.00041000000000000097,no_fresh_breakout,151,YGG-USDT-SWAP,0.0403,нет свежего пробоя Donchian на последней закрытой свече,,rejected,,
0.0,закрытие_не_удержалось_выше_канала,152,1INCH-USDT-SWAP,0.0,закрытие не удержалось выше канала,long,rejected,Turtle 55,
0.001335,no_fresh_breakout,152,2Z-USDT-SWAP,0.0791,нет свежего пробоя Donchian на последней закрытой свече,,rejected,,
0.2584999999999994,no_fresh_breakout,152,AAVE-USDT-SWAP,112.44,нет свежего пробоя Donchian на последней закрытой свече,,rejected,,
0.0013799999999999952,no_fresh_breakout,152,ADA-USDT-SWAP,0.2676,нет свежего пробоя Donchian на последней закрытой свече,,rejected,,
0.0009399999999999985,no_fresh_breakout,152,ARB-USDT-SWAP,0.0991,нет свежего пробоя Donchian на последней закрытой свече,,rejected,,
0.01196500000000002,no_fresh_breakout,152,ASTER-USDT-SWAP,0.6965,нет свежего пробоя Donchian на последней закрытой свече,,rejected,,
0.06479999999999997,no_fresh_breakout,152,AUCTION-USDT-SWAP,5.088,нет свежего пробоя Donchian на последней закрытой свече,,rejected,,
0.011755000000000071,no_fresh_breakout,152,AXS-USDT-SWAP,1.195,нет свежего пробоя Donchian на последней закрытой свече,,rejected,,
0.00024000000000000272,no_fresh_breakout,152,BAND-USDT-SWAP,0.2257,нет свежего пробоя Donchian на последней закрытой свече,,rejected,,
0.4699999999999903,no_fresh_breakout,152,BCH-USDT-SWAP,455.4,нет свежего пробоя Donchian на последней закрытой свече,,rejected,,
2.050000000000001e-06,no_fresh_breakout,152,BOME-USDT-SWAP,0.000419,нет свежего пробоя Donchian на последней закрытой свече,,rejected,,
305.60999999999984,no_fresh_breakout,152,BTC-USDT-SWAP,70438.0,нет свежего пробоя Donchian на последней закрытой свече,,rejected,,
0.000521,no_fresh_breakout,152,CFX-USDT-SWAP,0.06183,нет свежего пробоя Donchian на последней закрытой свече,,rejected,,
0.12749999999999934,no_fresh_breakout,152,COMP-USDT-SWAP,19.0,нет свежего пробоя Donchian на последней закрытой свече,,rejected,,
0.005654999999999999,no_fresh_breakout,152,CRV-USDT-SWAP,0.2368,нет свежего пробоя Donchian на последней закрытой свече,,rejected,,
0.020500000000000008,no_fresh_breakout,152,ETC-USDT-SWAP,8.35,нет свежего пробоя Donchian на последней закрытой свече,,rejected,,
20.04649999999999,no_fresh_breakout,152,ETH-USDT-SWAP,2147.0,нет свежего пробоя Donchian на последней закрытой свече,,rejected,,
0.0007000000000000006,no_fresh_breakout,152,FIL-USDT-SWAP,0.89,нет свежего пробоя Donchian на последней закрытой свече,,rejected,,
0.016899999999999894,no_fresh_breakout,152,ICP-USDT-SWAP,2.504,нет свежего пробоя Donchian на последней закрытой свече,,rejected,,
0.03140000000000005,no_fresh_breakout,152,KSM-USDT-SWAP,4.522,нет свежего пробоя Donchian на последней закрытой свече,,rejected,,
0.05934999999999961,no_fresh_breakout,152,LINK-USDT-SWAP,9.052,нет свежего пробоя Donchian на последней закрытой свече,,rejected,,
0.0029500000000000303,no_fresh_breakout,152,LPT-USDT-SWAP,2.223,нет свежего пробоя Donchian на последней закрытой свече,,rejected,,
0.0003700000000000037,no_fresh_breakout,152,LQTY-USDT-SWAP,0.2768,нет свежего пробоя Donchian на последней закрытой свече,,rejected,,
0.004484000000000002,no_fresh_breakout,152,MAGIC-USDT-SWAP,0.06213,нет свежего пробоя Donchian на последней закрытой свече,,rejected,,
0.0,atr_warmup:_цена_или_atr_недоступны_после_прогрева,152,MET-USDT-SWAP,0.0,ATR warmup: цена или ATR недоступны после прогрева,,rejected,,
0.00019850000000000076,no_fresh_breakout,152,OP-USDT-SWAP,0.1205,нет свежего пробоя Donchian на последней закрытой свече,,rejected,,
2.1450000000000003e-08,no_fresh_breakout,152,PEPE-USDT-SWAP,3.4e-06,нет свежего пробоя Donchian на последней закрытой свече,,rejected,,
0.0,atr_warmup:_цена_или_atr_недоступны_после_прогрева,152,SKY-USDT-SWAP,0.0,ATR warmup: цена или ATR недоступны после прогрева,,rejected,,
0.6080000000000005,no_fresh_breakout,152,SOL-USDT-SWAP,89.0,нет свежего пробоя Donchian на последней закрытой свече,,rejected,,
0.015110000000000007,no_fresh_breakout,152,SUSHI-USDT-SWAP,0.2056,нет свежего пробоя Donchian на последней закрытой свече,,rejected,,
0.007950000000000013,no_fresh_breakout,152,TON-USDT-SWAP,1.242,нет свежего пробоя Donchian на последней закрытой свече,,rejected,,
0.00042500000000000036,no_fresh_breakout,152,TRX-USDT-SWAP,0.3012,нет свежего пробоя Donchian на последней закрытой свече,,rejected,,
1.4069999999999965,no_fresh_breakout,152,TSLA-USDT-SWAP,382.77,нет свежего пробоя Donchian на последней закрытой свече,,rejected,,
0.004687500000000006,no_fresh_breakout,152,USDC-USDT-SWAP,1.0039,нет свежего пробоя Donchian на последней закрытой свече,,rejected,,
63.375,no_fresh_breakout,152,XAU-USDT-SWAP,4700.5,нет свежего пробоя Donchian на последней закрытой свече,,rejected,,
0.0018184999999999994,no_fresh_breakout,152,XLM-USDT-SWAP,0.16833,нет свежего пробоя Donchian на последней закрытой свече,,rejected,,
0.009660000000000002,no_fresh_breakout,152,XRP-USDT-SWAP,1.4477,нет свежего пробоя Donchian на последней закрытой свече,,rejected,,
0.0001249999999999994,no_fresh_breakout,152,YB-USDT-SWAP,0.123,нет свежего пробоя Donchian на последней закрытой свече,,rejected,,
15.670000000000073,no_fresh_breakout,152,YFI-USDT-SWAP,2726.4,нет свежего пробоя Donchian на последней закрытой свече,,rejected,,
0.00041000000000000097,no_fresh_breakout,152,YGG-USDT-SWAP,0.0403,нет свежего пробоя Donchian на последней закрытой свече,,rejected,,
0.0,закрытие_не_удержалось_выше_канала,153,1INCH-USDT-SWAP,0.0,закрытие не удержалось выше канала,long,rejected,Turtle 55,
0.001335,no_fresh_breakout,153,2Z-USDT-SWAP,0.0791,нет свежего пробоя Donchian на последней закрытой свече,,rejected,,
0.2584999999999994,no_fresh_breakout,153,AAVE-USDT-SWAP,112.44,нет свежего пробоя Donchian на последней закрытой свече,,rejected,,
0.0013799999999999952,no_fresh_breakout,153,ADA-USDT-SWAP,0.2676,нет свежего пробоя Donchian на последней закрытой свече,,rejected,,
0.0009399999999999985,no_fresh_breakout,153,ARB-USDT-SWAP,0.0991,нет свежего пробоя Donchian на последней закрытой свече,,rejected,,
0.01196500000000002,no_fresh_breakout,153,ASTER-USDT-SWAP,0.6965,нет свежего пробоя Donchian на последней закрытой свече,,rejected,,
0.06479999999999997,no_fresh_breakout,153,AUCTION-USDT-SWAP,5.088,нет свежего пробоя Donchian на последней закрытой свече,,rejected,,
0.011755000000000071,no_fresh_breakout,153,AXS-USDT-SWAP,1.195,нет свежего пробоя Donchian на последней закрытой свече,,rejected,,
0.00024000000000000272,no_fresh_breakout,153,BAND-USDT-SWAP,0.2257,нет свежего пробоя Donchian на последней закрытой свече,,rejected,,
0.4699999999999903,no_fresh_breakout,153,BCH-USDT-SWAP,455.4,нет свежего пробоя Donchian на последней закрытой свече,,rejected,,
2.050000000000001e-06,no_fresh_breakout,153,BOME-USDT-SWAP,0.000419,нет свежего пробоя Donchian на последней закрытой свече,,rejected,,
305.60999999999984,no_fresh_breakout,153,BTC-USDT-SWAP,70438.0,нет свежего пробоя Donchian на последней закрытой свече,,rejected,,
0.000521,no_fresh_breakout,153,CFX-USDT-SWAP,0.06183,нет свежего пробоя Donchian на последней закрытой свече,,rejected,,
0.12749999999999934,no_fresh_breakout,153,COMP-USDT-SWAP,19.0,нет свежего пробоя Donchian на последней закрытой свече,,rejected,,
0.005654999999999999,no_fresh_breakout,153,CRV-USDT-SWAP,0.2368,нет свежего пробоя Donchian на последней закрытой свече,,rejected,,
0.020500000000000008,no_fresh_breakout,153,ETC-USDT-SWAP,8.35,нет свежего пробоя Donchian на последней закрытой свече,,rejected,,
20.04649999999999,no_fresh_breakout,153,ETH-USDT-SWAP,2147.0,нет свежего пробоя Donchian на последней закрытой свече,,rejected,,
0.0007000000000000006,no_fresh_breakout,153,FIL-USDT-SWAP,0.89,нет свежего пробоя Donchian на последней закрытой свече,,rejected,,
0.016899999999999894,no_fresh_breakout,153,ICP-USDT-SWAP,2.504,нет свежего пробоя Donchian на последней закрытой свече,,rejected,,
0.03140000000000005,no_fresh_breakout,153,KSM-USDT-SWAP,4.522,нет свежего пробоя Donchian на последней закрытой свече,,rejected,,
0.05934999999999961,no_fresh_breakout,153,LINK-USDT-SWAP,9.052,нет свежего пробоя Donchian на последней закрытой свече,,rejected,,
0.0029500000000000303,no_fresh_breakout,153,LPT-USDT-SWAP,2.223,нет свежего пробоя Donchian на последней закрытой свече,,rejected,,
0.0003700000000000037,no_fresh_breakout,153,LQTY-USDT-SWAP,0.2768,нет свежего пробоя Donchian на последней закрытой свече,,rejected,,
0.004484000000000002,no_fresh_breakout,153,MAGIC-USDT-SWAP,0.06213,нет свежего пробоя Donchian на последней закрытой свече,,rejected,,
0.0,atr_warmup:_цена_или_atr_недоступны_после_прогрева,153,MET-USDT-SWAP,0.0,ATR warmup: цена или ATR недоступны после прогрева,,rejected,,
0.00019850000000000076,no_fresh_breakout,153,OP-USDT-SWAP,0.1205,нет свежего пробоя Donchian на последней закрытой свече,,rejected,,
2.1450000000000003e-08,no_fresh_breakout,153,PEPE-USDT-SWAP,3.4e-06,нет свежего пробоя Donchian на последней закрытой свече,,rejected,,
0.0,atr_warmup:_цена_или_atr_недоступны_после_прогрева,153,SKY-USDT-SWAP,0.0,ATR warmup: цена или ATR недоступны после прогрева,,rejected,,
0.6080000000000005,no_fresh_breakout,153,SOL-USDT-SWAP,89.0,нет свежего пробоя Donchian на последней закрытой свече,,rejected,,
0.015110000000000007,no_fresh_breakout,153,SUSHI-USDT-SWAP,0.2056,нет свежего пробоя Donchian на последней закрытой свече,,rejected,,
0.007950000000000013,no_fresh_breakout,153,TON-USDT-SWAP,1.242,нет свежего пробоя Donchian на последней закрытой свече,,rejected,,
0.00042500000000000036,no_fresh_breakout,153,TRX-USDT-SWAP,0.3012,нет свежего пробоя Donchian на последней закрытой свече,,rejected,,
1.4069999999999965,no_fresh_breakout,153,TSLA-USDT-SWAP,382.77,нет свежего пробоя Donchian на последней закрытой свече,,rejected,,
0.004687500000000006,no_fresh_breakout,153,USDC-USDT-SWAP,1.0039,нет свежего пробоя Donchian на последней закрытой свече,,rejected,,
63.375,no_fresh_breakout,153,XAU-USDT-SWAP,4700.5,нет свежего пробоя Donchian на последней закрытой свече,,rejected,,
0.0018184999999999994,no_fresh_breakout,153,XLM-USDT-SWAP,0.16833,нет свежего пробоя Donchian на последней закрытой свече,,rejected,,
0.009660000000000002,no_fresh_breakout,153,XRP-USDT-SWAP,1.4477,нет свежего пробоя Donchian на последней закрытой свече,,rejected,,
0.0001249999999999994,no_fresh_breakout,153,YB-USDT-SWAP,0.123,нет свежего пробоя Donchian на последней закрытой свече,,rejected,,
15.670000000000073,no_fresh_breakout,153,YFI-USDT-SWAP,2726.4,нет свежего пробоя Donchian на последней закрытой свече,,rejected,,
0.00041000000000000097,no_fresh_breakout,153,YGG-USDT-SWAP,0.0403,нет свежего пробоя Donchian на последней закрытой свече,,rejected,,
0.0,закрытие_не_удержалось_выше_канала,154,1INCH-USDT-SWAP,0.0,закрытие не удержалось выше канала,long,rejected,Turtle 55,
0.001335,no_fresh_breakout,154,2Z-USDT-SWAP,0.0791,нет свежего пробоя Donchian на последней закрытой свече,,rejected,,
0.2584999999999994,no_fresh_breakout,154,AAVE-USDT-SWAP,112.44,нет свежего пробоя Donchian на последней закрытой свече,,rejected,,
0.0013799999999999952,no_fresh_breakout,154,ADA-USDT-SWAP,0.2676,нет свежего пробоя Donchian на последней закрытой свече,,rejected,,
0.0009399999999999985,no_fresh_breakout,154,ARB-USDT-SWAP,0.0991,нет свежего пробоя Donchian на последней закрытой свече,,rejected,,
0.01196500000000002,no_fresh_breakout,154,ASTER-USDT-SWAP,0.6965,нет свежего пробоя Donchian на последней закрытой свече,,rejected,,
0.06479999999999997,no_fresh_breakout,154,AUCTION-USDT-SWAP,5.088,нет свежего пробоя Donchian на последней закрытой свече,,rejected,,
0.011755000000000071,no_fresh_breakout,154,AXS-USDT-SWAP,1.195,нет свежего пробоя Donchian на последней закрытой свече,,rejected,,
0.00024000000000000272,no_fresh_breakout,154,BAND-USDT-SWAP,0.2257,нет свежего пробоя Donchian на последней закрытой свече,,rejected,,
0.4699999999999903,no_fresh_breakout,154,BCH-USDT-SWAP,455.4,нет свежего пробоя Donchian на последней закрытой свече,,rejected,,
2.050000000000001e-06,no_fresh_breakout,154,BOME-USDT-SWAP,0.000419,нет свежего пробоя Donchian на последней закрытой свече,,rejected,,
305.60999999999984,no_fresh_breakout,154,BTC-USDT-SWAP,70438.0,нет свежего пробоя Donchian на последней закрытой свече,,rejected,,
0.000521,no_fresh_breakout,154,CFX-USDT-SWAP,0.06183,нет свежего пробоя Donchian на последней закрытой свече,,rejected,,
0.12749999999999934,no_fresh_breakout,154,COMP-USDT-SWAP,19.0,нет свежего пробоя Donchian на последней закрытой свече,,rejected,,
0.005654999999999999,no_fresh_breakout,154,CRV-USDT-SWAP,0.2368,нет свежего пробоя Donchian на последней закрытой свече,,rejected,,
0.020500000000000008,no_fresh_breakout,154,ETC-USDT-SWAP,8.35,нет свежего пробоя Donchian на последней закрытой свече,,rejected,,
20.04649999999999,no_fresh_breakout,154,ETH-USDT-SWAP,2147.0,нет свежего пробоя Donchian на последней закрытой свече,,rejected,,
0.0007000000000000006,no_fresh_breakout,154,FIL-USDT-SWAP,0.89,нет свежего пробоя Donchian на последней закрытой свече,,rejected,,
0.016899999999999894,no_fresh_breakout,154,ICP-USDT-SWAP,2.504,нет свежего пробоя Donchian на последней закрытой свече,,rejected,,
0.03140000000000005,no_fresh_breakout,154,KSM-USDT-SWAP,4.522,нет свежего пробоя Donchian на последней закрытой свече,,rejected,,
0.05934999999999961,no_fresh_breakout,154,LINK-USDT-SWAP,9.052,нет свежего пробоя Donchian на последней закрытой свече,,rejected,,
0.0029500000000000303,no_fresh_breakout,154,LPT-USDT-SWAP,2.223,нет свежего пробоя Donchian на последней закрытой свече,,rejected,,
0.0003700000000000037,no_fresh_breakout,154,LQTY-USDT-SWAP,0.2768,нет свежего пробоя Donchian на последней закрытой свече,,rejected,,
0.004484000000000002,no_fresh_breakout,154,MAGIC-USDT-SWAP,0.06213,нет свежего пробоя Donchian на последней закрытой свече,,rejected,,
0.0,atr_warmup:_цена_или_atr_недоступны_после_прогрева,154,MET-USDT-SWAP,0.0,ATR warmup: цена или ATR недоступны после прогрева,,rejected,,
0.00019850000000000076,no_fresh_breakout,154,OP-USDT-SWAP,0.1205,нет свежего пробоя Donchian на последней закрытой свече,,rejected,,
2.1450000000000003e-08,no_fresh_breakout,154,PEPE-USDT-SWAP,3.4e-06,нет свежего пробоя Donchian на последней закрытой свече,,rejected,,
0.0,atr_warmup:_цена_или_atr_недоступны_после_прогрева,154,SKY-USDT-SWAP,0.0,ATR warmup: цена или ATR недоступны после прогрева,,rejected,,
0.6080000000000005,no_fresh_breakout,154,SOL-USDT-SWAP,89.0,нет свежего пробоя Donchian на последней закрытой свече,,rejected,,
0.015110000000000007,no_fresh_breakout,154,SUSHI-USDT-SWAP,0.2056,нет свежего пробоя Donchian на последней закрытой свече,,rejected,,
0.007950000000000013,no_fresh_breakout,154,TON-USDT-SWAP,1.242,нет свежего пробоя Donchian на последней закрытой свече,,rejected,,
0.00042500000000000036,no_fresh_breakout,154,TRX-USDT-SWAP,0.3012,нет свежего пробоя Donchian на последней закрытой свече,,rejected,,
1.4069999999999965,no_fresh_breakout,154,TSLA-USDT-SWAP,382.77,нет свежего пробоя Donchian на последней закрытой свече,,rejected,,
0.004687500000000006,no_fresh_breakout,154,USDC-USDT-SWAP,1.0039,нет свежего пробоя Donchian на последней закрытой свече,,rejected,,
63.375,no_fresh_breakout,154,XAU-USDT-SWAP,4700.5,нет свежего пробоя Donchian на последней закрытой свече,,rejected,,
0.0018184999999999994,no_fresh_breakout,154,XLM-USDT-SWAP,0.16833,нет свежего пробоя Donchian на последней закрытой свече,,rejected,,
0.009660000000000002,no_fresh_breakout,154,XRP-USDT-SWAP,1.4477,нет свежего пробоя Donchian на последней закрытой свече,,rejected,,
0.0001249999999999994,no_fresh_breakout,154,YB-USDT-SWAP,0.123,нет свежего пробоя Donchian на последней закрытой свече,,rejected,,
15.670000000000073,no_fresh_breakout,154,YFI-USDT-SWAP,2726.4,нет свежего пробоя Donchian на последней закрытой свече,,rejected,,
0.00041000000000000097,no_fresh_breakout,154,YGG-USDT-SWAP,0.0403,нет свежего пробоя Donchian на последней закрытой свече,,rejected,,
0.0,закрытие_не_удержалось_выше_канала,155,1INCH-USDT-SWAP,0.0,закрытие не удержалось выше канала,long,rejected,Turtle 55,
0.001335,no_fresh_breakout,155,2Z-USDT-SWAP,0.0791,нет свежего пробоя Donchian на последней закрытой свече,,rejected,,
0.2584999999999994,no_fresh_breakout,155,AAVE-USDT-SWAP,112.44,нет свежего пробоя Donchian на последней закрытой свече,,rejected,,
0.0013799999999999952,no_fresh_breakout,155,ADA-USDT-SWAP,0.2676,нет свежего пробоя Donchian на последней закрытой свече,,rejected,,
0.0009399999999999985,no_fresh_breakout,155,ARB-USDT-SWAP,0.0991,нет свежего пробоя Donchian на последней закрытой свече,,rejected,,
0.01196500000000002,no_fresh_breakout,155,ASTER-USDT-SWAP,0.6965,нет свежего пробоя Donchian на последней закрытой свече,,rejected,,
0.06479999999999997,no_fresh_breakout,155,AUCTION-USDT-SWAP,5.088,нет свежего пробоя Donchian на последней закрытой свече,,rejected,,
0.011755000000000071,no_fresh_breakout,155,AXS-USDT-SWAP,1.195,нет свежего пробоя Donchian на последней закрытой свече,,rejected,,
0.00024000000000000272,no_fresh_breakout,155,BAND-USDT-SWAP,0.2257,нет свежего пробоя Donchian на последней закрытой свече,,rejected,,
0.4699999999999903,no_fresh_breakout,155,BCH-USDT-SWAP,455.4,нет свежего пробоя Donchian на последней закрытой свече,,rejected,,
2.050000000000001e-06,no_fresh_breakout,155,BOME-USDT-SWAP,0.000419,нет свежего пробоя Donchian на последней закрытой свече,,rejected,,
305.60999999999984,no_fresh_breakout,155,BTC-USDT-SWAP,70438.0,нет свежего пробоя Donchian на последней закрытой свече,,rejected,,
0.000521,no_fresh_breakout,155,CFX-USDT-SWAP,0.06183,нет свежего пробоя Donchian на последней закрытой свече,,rejected,,
0.12749999999999934,no_fresh_breakout,155,COMP-USDT-SWAP,19.0,нет свежего пробоя Donchian на последней закрытой свече,,rejected,,
0.005654999999999999,no_fresh_breakout,155,CRV-USDT-SWAP,0.2368,нет свежего пробоя Donchian на последней закрытой свече,,rejected,,
0.020500000000000008,no_fresh_breakout,155,ETC-USDT-SWAP,8.35,нет свежего пробоя Donchian на последней закрытой свече,,rejected,,
20.04649999999999,no_fresh_breakout,155,ETH-USDT-SWAP,2147.0,нет свежего пробоя Donchian на последней закрытой свече,,rejected,,
0.0007000000000000006,no_fresh_breakout,155,FIL-USDT-SWAP,0.89,нет свежего пробоя Donchian на последней закрытой свече,,rejected,,
0.016899999999999894,no_fresh_breakout,155,ICP-USDT-SWAP,2.504,нет свежего пробоя Donchian на последней закрытой свече,,rejected,,
0.03140000000000005,no_fresh_breakout,155,KSM-USDT-SWAP,4.522,нет свежего пробоя Donchian на последней закрытой свече,,rejected,,
0.05934999999999961,no_fresh_breakout,155,LINK-USDT-SWAP,9.052,нет свежего пробоя Donchian на последней закрытой свече,,rejected,,
0.0029500000000000303,no_fresh_breakout,155,LPT-USDT-SWAP,2.223,нет свежего пробоя Donchian на последней закрытой свече,,rejected,,
0.0003700000000000037,no_fresh_breakout,155,LQTY-USDT-SWAP,0.2768,нет свежего пробоя Donchian на последней закрытой свече,,rejected,,
0.004484000000000002,no_fresh_breakout,155,MAGIC-USDT-SWAP,0.06213,нет свежего пробоя Donchian на последней закрытой свече,,rejected,,
0.0,atr_warmup:_цена_или_atr_недоступны_после_прогрева,155,MET-USDT-SWAP,0.0,ATR warmup: цена или ATR недоступны после прогрева,,rejected,,
0.00019850000000000076,no_fresh_breakout,155,OP-USDT-SWAP,0.1205,нет свежего пробоя Donchian на последней закрытой свече,,rejected,,
2.1450000000000003e-08,no_fresh_breakout,155,PEPE-USDT-SWAP,3.4e-06,нет свежего пробоя Donchian на последней закрытой свече,,rejected,,
0.0,atr_warmup:_цена_или_atr_недоступны_после_прогрева,155,SKY-USDT-SWAP,0.0,ATR warmup: цена или ATR недоступны после прогрева,,rejected,,
0.6080000000000005,no_fresh_breakout,155,SOL-USDT-SWAP,89.0,нет свежего пробоя Donchian на последней закрытой свече,,rejected,,
0.015110000000000007,no_fresh_breakout,155,SUSHI-USDT-SWAP,0.2056,нет свежего пробоя Donchian на последней закрытой свече,,rejected,,
0.007950000000000013,no_fresh_breakout,155,TON-USDT-SWAP,1.242,нет свежего пробоя Donchian на последней закрытой свече,,rejected,,
0.00042500000000000036,no_fresh_breakout,155,TRX-USDT-SWAP,0.3012,нет свежего пробоя Donchian на последней закрытой свече,,rejected,,
1.4069999999999965,no_fresh_breakout,155,TSLA-USDT-SWAP,382.77,нет свежего пробоя Donchian на последней закрытой свече,,rejected,,
0.004687500000000006,no_fresh_breakout,155,USDC-USDT-SWAP,1.0039,нет свежего пробоя Donchian на последней закрытой свече,,rejected,,
63.375,no_fresh_breakout,155,XAU-USDT-SWAP,4700.5,нет свежего пробоя Donchian на последней закрытой свече,,rejected,,
0.0018184999999999994,no_fresh_breakout,155,XLM-USDT-SWAP,0.16833,нет свежего пробоя Donchian на последней закрытой свече,,rejected,,
0.009660000000000002,no_fresh_breakout,155,XRP-USDT-SWAP,1.4477,нет свежего пробоя Donchian на последней закрытой свече,,rejected,,
0.0001249999999999994,no_fresh_breakout,155,YB-USDT-SWAP,0.123,нет свежего пробоя Donchian на последней закрытой свече,,rejected,,
15.670000000000073,no_fresh_breakout,155,YFI-USDT-SWAP,2726.4,нет свежего пробоя Donchian на последней закрытой свече,,rejected,,
0.00041000000000000097,no_fresh_breakout,155,YGG-USDT-SWAP,0.0403,нет свежего пробоя Donchian на последней закрытой свече,,rejected,,
0.0,закрытие_не_удержалось_выше_канала,156,1INCH-USDT-SWAP,0.0,закрытие не удержалось выше канала,long,rejected,Turtle 55,
0.001335,no_fresh_breakout,156,2Z-USDT-SWAP,0.0791,нет свежего пробоя Donchian на последней закрытой свече,,rejected,,
0.2584999999999994,no_fresh_breakout,156,AAVE-USDT-SWAP,112.44,нет свежего пробоя Donchian на последней закрытой свече,,rejected,,
0.0013799999999999952,no_fresh_breakout,156,ADA-USDT-SWAP,0.2676,нет свежего пробоя Donchian на последней закрытой свече,,rejected,,
0.0009399999999999985,no_fresh_breakout,156,ARB-USDT-SWAP,0.0991,нет свежего пробоя Donchian на последней закрытой свече,,rejected,,
0.06479999999999997,no_fresh_breakout,156,AUCTION-USDT-SWAP,5.088,нет свежего пробоя Donchian на последней закрытой свече,,rejected,,
0.011755000000000071,no_fresh_breakout,156,AXS-USDT-SWAP,1.195,нет свежего пробоя Donchian на последней закрытой свече,,rejected,,
0.00024000000000000272,no_fresh_breakout,156,BAND-USDT-SWAP,0.2257,нет свежего пробоя Donchian на последней закрытой свече,,rejected,,
0.4699999999999903,no_fresh_breakout,156,BCH-USDT-SWAP,455.4,нет свежего пробоя Donchian на последней закрытой свече,,rejected,,
2.050000000000001e-06,no_fresh_breakout,156,BOME-USDT-SWAP,0.000419,нет свежего пробоя Donchian на последней закрытой свече,,rejected,,
305.60999999999984,no_fresh_breakout,156,BTC-USDT-SWAP,70438.0,нет свежего пробоя Donchian на последней закрытой свече,,rejected,,
0.000521,no_fresh_breakout,156,CFX-USDT-SWAP,0.06183,нет свежего пробоя Donchian на последней закрытой свече,,rejected,,
0.12749999999999934,no_fresh_breakout,156,COMP-USDT-SWAP,19.0,нет свежего пробоя Donchian на последней закрытой свече,,rejected,,
0.005654999999999999,no_fresh_breakout,156,CRV-USDT-SWAP,0.2368,нет свежего пробоя Donchian на последней закрытой свече,,rejected,,
0.020500000000000008,no_fresh_breakout,156,ETC-USDT-SWAP,8.35,нет свежего пробоя Donchian на последней закрытой свече,,rejected,,
20.04649999999999,no_fresh_breakout,156,ETH-USDT-SWAP,2147.0,нет свежего пробоя Donchian на последней закрытой свече,,rejected,,
0.0007000000000000006,no_fresh_breakout,156,FIL-USDT-SWAP,0.89,нет свежего пробоя Donchian на последней закрытой свече,,rejected,,
0.016899999999999894,no_fresh_breakout,156,ICP-USDT-SWAP,2.504,нет свежего пробоя Donchian на последней закрытой свече,,rejected,,
0.03140000000000005,no_fresh_breakout,156,KSM-USDT-SWAP,4.522,нет свежего пробоя Donchian на последней закрытой свече,,rejected,,
0.05934999999999961,no_fresh_breakout,156,LINK-USDT-SWAP,9.052,нет свежего пробоя Donchian на последней закрытой свече,,rejected,,
0.0029500000000000303,no_fresh_breakout,156,LPT-USDT-SWAP,2.223,нет свежего пробоя Donchian на последней закрытой свече,,rejected,,
0.0003700000000000037,no_fresh_breakout,156,LQTY-USDT-SWAP,0.2768,нет свежего пробоя Donchian на последней закрытой свече,,rejected,,
0.004484000000000002,no_fresh_breakout,156,MAGIC-USDT-SWAP,0.06213,нет свежего пробоя Donchian на последней закрытой свече,,rejected,,
0.0,atr_warmup:_цена_или_atr_недоступны_после_прогрева,156,MET-USDT-SWAP,0.0,ATR warmup: цена или ATR недоступны после прогрева,,rejected,,
0.00019850000000000076,no_fresh_breakout,156,OP-USDT-SWAP,0.1205,нет свежего пробоя Donchian на последней закрытой свече,,rejected,,
2.1450000000000003e-08,no_fresh_breakout,156,PEPE-USDT-SWAP,3.4e-06,нет свежего пробоя Donchian на последней закрытой свече,,rejected,,
0.0,atr_warmup:_цена_или_atr_недоступны_после_прогрева,156,SKY-USDT-SWAP,0.0,ATR warmup: цена или ATR недоступны после прогрева,,rejected,,
0.6080000000000005,no_fresh_breakout,156,SOL-USDT-SWAP,89.0,нет свежего пробоя Donchian на последней закрытой свече,,rejected,,
0.015110000000000007,no_fresh_breakout,156,SUSHI-USDT-SWAP,0.2056,нет свежего пробоя Donchian на последней закрытой свече,,rejected,,
0.007950000000000013,no_fresh_breakout,156,TON-USDT-SWAP,1.242,нет свежего пробоя Donchian на последней закрытой свече,,rejected,,
0.00042500000000000036,no_fresh_breakout,156,TRX-USDT-SWAP,0.3012,нет свежего пробоя Donchian на последней закрытой свече,,rejected,,
1.4069999999999965,no_fresh_breakout,156,TSLA-USDT-SWAP,382.77,нет свежего пробоя Donchian на последней закрытой свече,,rejected,,
0.004687500000000006,no_fresh_breakout,156,USDC-USDT-SWAP,1.0039,нет свежего пробоя Donchian на последней закрытой свече,,rejected,,
63.375,no_fresh_breakout,156,XAU-USDT-SWAP,4700.5,нет свежего пробоя Donchian на последней закрытой свече,,rejected,,
0.0018184999999999994,no_fresh_breakout,156,XLM-USDT-SWAP,0.16833,нет свежего пробоя Donchian на последней закрытой свече,,rejected,,
0.009660000000000002,no_fresh_breakout,156,XRP-USDT-SWAP,1.4477,нет свежего пробоя Donchian на последней закрытой свече,,rejected,,
0.0001249999999999994,no_fresh_breakout,156,YB-USDT-SWAP,0.123,нет свежего пробоя Donchian на последней закрытой свече,,rejected,,
15.670000000000073,no_fresh_breakout,156,YFI-USDT-SWAP,2726.4,нет свежего пробоя Donchian на последней закрытой свече,,rejected,,
0.00041000000000000097,no_fresh_breakout,156,YGG-USDT-SWAP,0.0403,нет свежего пробоя Donchian на последней закрытой свече,,rejected,,
0.0,закрытие_не_удержалось_выше_канала,157,1INCH-USDT-SWAP,0.0,закрытие не удержалось выше канала,long,rejected,Turtle 55,
0.001335,no_fresh_breakout,157,2Z-USDT-SWAP,0.0791,нет свежего пробоя Donchian на последней закрытой свече,,rejected,,
0.2584999999999994,no_fresh_breakout,157,AAVE-USDT-SWAP,112.44,нет свежего пробоя Donchian на последней закрытой свече,,rejected,,
0.0013799999999999952,no_fresh_breakout,157,ADA-USDT-SWAP,0.2676,нет свежего пробоя Donchian на последней закрытой свече,,rejected,,
0.0009399999999999985,no_fresh_breakout,157,ARB-USDT-SWAP,0.0991,нет свежего пробоя Donchian на последней закрытой свече,,rejected,,
0.01196500000000002,no_fresh_breakout,157,ASTER-USDT-SWAP,0.6965,нет свежего пробоя Donchian на последней закрытой свече,,rejected,,
0.06479999999999997,no_fresh_breakout,157,AUCTION-USDT-SWAP,5.088,нет свежего пробоя Donchian на последней закрытой свече,,rejected,,
0.011755000000000071,no_fresh_breakout,157,AXS-USDT-SWAP,1.195,нет свежего пробоя Donchian на последней закрытой свече,,rejected,,
0.00024000000000000272,no_fresh_breakout,157,BAND-USDT-SWAP,0.2257,нет свежего пробоя Donchian на последней закрытой свече,,rejected,,
0.4699999999999903,no_fresh_breakout,157,BCH-USDT-SWAP,455.4,нет свежего пробоя Donchian на последней закрытой свече,,rejected,,
2.050000000000001e-06,no_fresh_breakout,157,BOME-USDT-SWAP,0.000419,нет свежего пробоя Donchian на последней закрытой свече,,rejected,,
305.60999999999984,no_fresh_breakout,157,BTC-USDT-SWAP,70438.0,нет свежего пробоя Donchian на последней закрытой свече,,rejected,,
0.000521,no_fresh_breakout,157,CFX-USDT-SWAP,0.06183,нет свежего пробоя Donchian на последней закрытой свече,,rejected,,
0.12749999999999934,no_fresh_breakout,157,COMP-USDT-SWAP,19.0,нет свежего пробоя Donchian на последней закрытой свече,,rejected,,
0.005654999999999999,no_fresh_breakout,157,CRV-USDT-SWAP,0.2368,нет свежего пробоя Donchian на последней закрытой свече,,rejected,,
0.020500000000000008,no_fresh_breakout,157,ETC-USDT-SWAP,8.35,нет свежего пробоя Donchian на последней закрытой свече,,rejected,,
20.04649999999999,no_fresh_breakout,157,ETH-USDT-SWAP,2147.0,нет свежего пробоя Donchian на последней закрытой свече,,rejected,,
0.0007000000000000006,no_fresh_breakout,157,FIL-USDT-SWAP,0.89,нет свежего пробоя Donchian на последней закрытой свече,,rejected,,
0.016899999999999894,no_fresh_breakout,157,ICP-USDT-SWAP,2.504,нет свежего пробоя Donchian на последней закрытой свече,,rejected,,
0.03140000000000005,no_fresh_breakout,157,KSM-USDT-SWAP,4.522,нет свежего пробоя Donchian на последней закрытой свече,,rejected,,
0.05934999999999961,no_fresh_breakout,157,LINK-USDT-SWAP,9.052,нет свежего пробоя Donchian на последней закрытой свече,,rejected,,
0.0029500000000000303,no_fresh_breakout,157,LPT-USDT-SWAP,2.223,нет свежего пробоя Donchian на последней закрытой свече,,rejected,,
0.0003700000000000037,no_fresh_breakout,157,LQTY-USDT-SWAP,0.2768,нет свежего пробоя Donchian на последней закрытой свече,,rejected,,
0.004484000000000002,no_fresh_breakout,157,MAGIC-USDT-SWAP,0.06213,нет свежего пробоя Donchian на последней закрытой свече,,rejected,,
0.0,atr_warmup:_цена_или_atr_недоступны_после_прогрева,157,MET-USDT-SWAP,0.0,ATR warmup: цена или ATR недоступны после прогрева,,rejected,,
0.00019850000000000076,no_fresh_breakout,157,OP-USDT-SWAP,0.1205,нет свежего пробоя Donchian на последней закрытой свече,,rejected,,
2.1450000000000003e-08,no_fresh_breakout,157,PEPE-USDT-SWAP,3.4e-06,нет свежего пробоя Donchian на последней закрытой свече,,rejected,,
0.0,atr_warmup:_цена_или_atr_недоступны_после_прогрева,157,SKY-USDT-SWAP,0.0,ATR warmup: цена или ATR недоступны после прогрева,,rejected,,
0.6080000000000005,no_fresh_breakout,157,SOL-USDT-SWAP,89.0,нет свежего пробоя Donchian на последней закрытой свече,,rejected,,
0.015110000000000007,no_fresh_breakout,157,SUSHI-USDT-SWAP,0.2056,нет свежего пробоя Donchian на последней закрытой свече,,rejected,,
0.007950000000000013,no_fresh_breakout,157,TON-USDT-SWAP,1.242,нет свежего пробоя Donchian на последней закрытой свече,,rejected,,
0.00042500000000000036,no_fresh_breakout,157,TRX-USDT-SWAP,0.3012,нет свежего пробоя Donchian на последней закрытой свече,,rejected,,
1.4069999999999965,no_fresh_breakout,157,TSLA-USDT-SWAP,382.77,нет свежего пробоя Donchian на последней закрытой свече,,rejected,,
0.004687500000000006,no_fresh_breakout,157,USDC-USDT-SWAP,1.0039,нет свежего пробоя Donchian на последней закрытой свече,,rejected,,
63.375,no_fresh_breakout,157,XAU-USDT-SWAP,4700.5,нет свежего пробоя Donchian на последней закрытой свече,,rejected,,
0.0018184999999999994,no_fresh_breakout,157,XLM-USDT-SWAP,0.16833,нет свежего пробоя Donchian на последней закрытой свече,,rejected,,
0.009660000000000002,no_fresh_breakout,157,XRP-USDT-SWAP,1.4477,нет свежего пробоя Donchian на последней закрытой свече,,rejected,,
0.0001249999999999994,no_fresh_breakout,157,YB-USDT-SWAP,0.123,нет свежего пробоя Donchian на последней закрытой свече,,rejected,,
15.670000000000073,no_fresh_breakout,157,YFI-USDT-SWAP,2726.4,нет свежего пробоя Donchian на последней закрытой свече,,rejected,,
0.00041000000000000097,no_fresh_breakout,157,YGG-USDT-SWAP,0.0403,нет свежего пробоя Donchian на последней закрытой свече,,rejected,,
0.0,закрытие_не_удержалось_выше_канала,158,1INCH-USDT-SWAP,0.0,закрытие не удержалось выше канала,long,rejected,Turtle 55,
0.001335,no_fresh_breakout,158,2Z-USDT-SWAP,0.0791,нет свежего пробоя Donchian на последней закрытой свече,,rejected,,
0.2584999999999994,no_fresh_breakout,158,AAVE-USDT-SWAP,112.44,нет свежего пробоя Donchian на последней закрытой свече,,rejected,,
0.0013799999999999952,no_fresh_breakout,158,ADA-USDT-SWAP,0.2676,нет свежего пробоя Donchian на последней закрытой свече,,rejected,,
0.0009399999999999985,no_fresh_breakout,158,ARB-USDT-SWAP,0.0991,нет свежего пробоя Donchian на последней закрытой свече,,rejected,,
0.01196500000000002,no_fresh_breakout,158,ASTER-USDT-SWAP,0.6965,нет свежего пробоя Donchian на последней закрытой свече,,rejected,,
0.06479999999999997,no_fresh_breakout,158,AUCTION-USDT-SWAP,5.088,нет свежего пробоя Donchian на последней закрытой свече,,rejected,,
0.011755000000000071,no_fresh_breakout,158,AXS-USDT-SWAP,1.195,нет свежего пробоя Donchian на последней закрытой свече,,rejected,,
0.00024000000000000272,no_fresh_breakout,158,BAND-USDT-SWAP,0.2257,нет свежего пробоя Donchian на последней закрытой свече,,rejected,,
0.4699999999999903,no_fresh_breakout,158,BCH-USDT-SWAP,455.4,нет свежего пробоя Donchian на последней закрытой свече,,rejected,,
2.050000000000001e-06,no_fresh_breakout,158,BOME-USDT-SWAP,0.000419,нет свежего пробоя Donchian на последней закрытой свече,,rejected,,
305.60999999999984,no_fresh_breakout,158,BTC-USDT-SWAP,70438.0,нет свежего пробоя Donchian на последней закрытой свече,,rejected,,
0.000521,no_fresh_breakout,158,CFX-USDT-SWAP,0.06183,нет свежего пробоя Donchian на последней закрытой свече,,rejected,,
0.12749999999999934,no_fresh_breakout,158,COMP-USDT-SWAP,19.0,нет свежего пробоя Donchian на последней закрытой свече,,rejected,,
0.005654999999999999,no_fresh_breakout,158,CRV-USDT-SWAP,0.2368,нет свежего пробоя Donchian на последней закрытой свече,,rejected,,
0.020500000000000008,no_fresh_breakout,158,ETC-USDT-SWAP,8.35,нет свежего пробоя Donchian на последней закрытой свече,,rejected,,
20.04649999999999,no_fresh_breakout,158,ETH-USDT-SWAP,2147.0,нет свежего пробоя Donchian на последней закрытой свече,,rejected,,
0.0007000000000000006,no_fresh_breakout,158,FIL-USDT-SWAP,0.89,нет свежего пробоя Donchian на последней закрытой свече,,rejected,,
0.016899999999999894,no_fresh_breakout,158,ICP-USDT-SWAP,2.504,нет свежего пробоя Donchian на последней закрытой свече,,rejected,,
0.03140000000000005,no_fresh_breakout,158,KSM-USDT-SWAP,4.522,нет свежего пробоя Donchian на последней закрытой свече,,rejected,,
0.05934999999999961,no_fresh_breakout,158,LINK-USDT-SWAP,9.052,нет свежего пробоя Donchian на последней закрытой свече,,rejected,,
0.0029500000000000303,no_fresh_breakout,158,LPT-USDT-SWAP,2.223,нет свежего пробоя Donchian на последней закрытой свече,,rejected,,
0.0003700000000000037,no_fresh_breakout,158,LQTY-USDT-SWAP,0.2768,нет свежего пробоя Donchian на последней закрытой свече,,rejected,,
0.004484000000000002,no_fresh_breakout,158,MAGIC-USDT-SWAP,0.06213,нет свежего пробоя Donchian на последней закрытой свече,,rejected,,
0.0,atr_warmup:_цена_или_atr_недоступны_после_прогрева,158,MET-USDT-SWAP,0.0,ATR warmup: цена или ATR недоступны после прогрева,,rejected,,
0.00019850000000000076,no_fresh_breakout,158,OP-USDT-SWAP,0.1205,нет свежего пробоя Donchian на последней закрытой свече,,rejected,,
2.1450000000000003e-08,no_fresh_breakout,158,PEPE-USDT-SWAP,3.4e-06,нет свежего пробоя Donchian на последней закрытой свече,,rejected,,
0.0,atr_warmup:_цена_или_atr_недоступны_после_прогрева,158,SKY-USDT-SWAP,0.0,ATR warmup: цена или ATR недоступны после прогрева,,rejected,,
0.6080000000000005,no_fresh_breakout,158,SOL-USDT-SWAP,89.0,нет свежего пробоя Donchian на последней закрытой свече,,rejected,,
0.015110000000000007,no_fresh_breakout,158,SUSHI-USDT-SWAP,0.2056,нет свежего пробоя Donchian на последней закрытой свече,,rejected,,
0.007950000000000013,no_fresh_breakout,158,TON-USDT-SWAP,1.242,нет свежего пробоя Donchian на последней закрытой свече,,rejected,,
0.00042500000000000036,no_fresh_breakout,158,TRX-USDT-SWAP,0.3012,нет свежего пробоя Donchian на последней закрытой свече,,rejected,,
1.4069999999999965,no_fresh_breakout,158,TSLA-USDT-SWAP,382.77,нет свежего пробоя Donchian на последней закрытой свече,,rejected,,
0.004687500000000006,no_fresh_breakout,158,USDC-USDT-SWAP,1.0039,нет свежего пробоя Donchian на последней закрытой свече,,rejected,,
63.375,no_fresh_breakout,158,XAU-USDT-SWAP,4700.5,нет свежего пробоя Donchian на последней закрытой свече,,rejected,,
0.0018184999999999994,no_fresh_breakout,158,XLM-USDT-SWAP,0.16833,нет свежего пробоя Donchian на последней закрытой свече,,rejected,,
0.009660000000000002,no_fresh_breakout,158,XRP-USDT-SWAP,1.4477,нет свежего пробоя Donchian на последней закрытой свече,,rejected,,
0.0001249999999999994,no_fresh_breakout,158,YB-USDT-SWAP,0.123,нет свежего пробоя Donchian на последней закрытой свече,,rejected,,
15.670000000000073,no_fresh_breakout,158,YFI-USDT-SWAP,2726.4,нет свежего пробоя Donchian на последней закрытой свече,,rejected,,
0.00041000000000000097,no_fresh_breakout,158,YGG-USDT-SWAP,0.0403,нет свежего пробоя Donchian на последней закрытой свече,,rejected,,
0.0,закрытие_не_удержалось_выше_канала,159,1INCH-USDT-SWAP,0.0,закрытие не удержалось выше канала,long,rejected,Turtle 55,
0.001335,no_fresh_breakout,159,2Z-USDT-SWAP,0.0791,нет свежего пробоя Donchian на последней закрытой свече,,rejected,,
0.2584999999999994,no_fresh_breakout,159,AAVE-USDT-SWAP,112.44,нет свежего пробоя Donchian на последней закрытой свече,,rejected,,
0.0013799999999999952,no_fresh_breakout,159,ADA-USDT-SWAP,0.2676,нет свежего пробоя Donchian на последней закрытой свече,,rejected,,
0.0009399999999999985,no_fresh_breakout,159,ARB-USDT-SWAP,0.0991,нет свежего пробоя Donchian на последней закрытой свече,,rejected,,
0.01196500000000002,no_fresh_breakout,159,ASTER-USDT-SWAP,0.6965,нет свежего пробоя Donchian на последней закрытой свече,,rejected,,
0.06479999999999997,no_fresh_breakout,159,AUCTION-USDT-SWAP,5.088,нет свежего пробоя Donchian на последней закрытой свече,,rejected,,
0.011755000000000071,no_fresh_breakout,159,AXS-USDT-SWAP,1.195,нет свежего пробоя Donchian на последней закрытой свече,,rejected,,
0.00024000000000000272,no_fresh_breakout,159,BAND-USDT-SWAP,0.2257,нет свежего пробоя Donchian на последней закрытой свече,,rejected,,
0.4699999999999903,no_fresh_breakout,159,BCH-USDT-SWAP,455.4,нет свежего пробоя Donchian на последней закрытой свече,,rejected,,
2.050000000000001e-06,no_fresh_breakout,159,BOME-USDT-SWAP,0.000419,нет свежего пробоя Donchian на последней закрытой свече,,rejected,,
305.60999999999984,no_fresh_breakout,159,BTC-USDT-SWAP,70438.0,нет свежего пробоя Donchian на последней закрытой свече,,rejected,,
0.000521,no_fresh_breakout,159,CFX-USDT-SWAP,0.06183,нет свежего пробоя Donchian на последней закрытой свече,,rejected,,
0.12749999999999934,no_fresh_breakout,159,COMP-USDT-SWAP,19.0,нет свежего пробоя Donchian на последней закрытой свече,,rejected,,
0.005654999999999999,no_fresh_breakout,159,CRV-USDT-SWAP,0.2368,нет свежего пробоя Donchian на последней закрытой свече,,rejected,,
0.020500000000000008,no_fresh_breakout,159,ETC-USDT-SWAP,8.35,нет свежего пробоя Donchian на последней закрытой свече,,rejected,,
20.04649999999999,no_fresh_breakout,159,ETH-USDT-SWAP,2147.0,нет свежего пробоя Donchian на последней закрытой свече,,rejected,,
0.0007000000000000006,no_fresh_breakout,159,FIL-USDT-SWAP,0.89,нет свежего пробоя Donchian на последней закрытой свече,,rejected,,
0.016899999999999894,no_fresh_breakout,159,ICP-USDT-SWAP,2.504,нет свежего пробоя Donchian на последней закрытой свече,,rejected,,
0.03140000000000005,no_fresh_breakout,159,KSM-USDT-SWAP,4.522,нет свежего пробоя Donchian на последней закрытой свече,,rejected,,
0.05934999999999961,no_fresh_breakout,159,LINK-USDT-SWAP,9.052,нет свежего пробоя Donchian на последней закрытой свече,,rejected,,
0.0029500000000000303,no_fresh_breakout,159,LPT-USDT-SWAP,2.223,нет свежего пробоя Donchian на последней закрытой свече,,rejected,,
0.0003700000000000037,no_fresh_breakout,159,LQTY-USDT-SWAP,0.2768,нет свежего пробоя Donchian на последней закрытой свече,,rejected,,
0.004484000000000002,no_fresh_breakout,159,MAGIC-USDT-SWAP,0.06213,нет свежего пробоя Donchian на последней закрытой свече,,rejected,,
0.0,atr_warmup:_цена_или_atr_недоступны_после_прогрева,159,MET-USDT-SWAP,0.0,ATR warmup: цена или ATR недоступны после прогрева,,rejected,,
0.00019850000000000076,no_fresh_breakout,159,OP-USDT-SWAP,0.1205,нет свежего пробоя Donchian на последней закрытой свече,,rejected,,
2.1450000000000003e-08,no_fresh_breakout,159,PEPE-USDT-SWAP,3.4e-06,нет свежего пробоя Donchian на последней закрытой свече,,rejected,,
0.0,atr_warmup:_цена_или_atr_недоступны_после_прогрева,159,SKY-USDT-SWAP,0.0,ATR warmup: цена или ATR недоступны после прогрева,,rejected,,
0.6080000000000005,no_fresh_breakout,159,SOL-USDT-SWAP,89.0,нет свежего пробоя Donchian на последней закрытой свече,,rejected,,
0.015110000000000007,no_fresh_breakout,159,SUSHI-USDT-SWAP,0.2056,нет свежего пробоя Donchian на последней закрытой свече,,rejected,,
0.007950000000000013,no_fresh_breakout,159,TON-USDT-SWAP,1.242,нет свежего пробоя Donchian на последней закрытой свече,,rejected,,
0.00042500000000000036,no_fresh_breakout,159,TRX-USDT-SWAP,0.3012,нет свежего пробоя Donchian на последней закрытой свече,,rejected,,
1.4069999999999965,no_fresh_breakout,159,TSLA-USDT-SWAP,382.77,нет свежего пробоя Donchian на последней закрытой свече,,rejected,,
0.004687500000000006,no_fresh_breakout,159,USDC-USDT-SWAP,1.0039,нет свежего пробоя Donchian на последней закрытой свече,,rejected,,
63.375,no_fresh_breakout,159,XAU-USDT-SWAP,4700.5,нет свежего пробоя Donchian на последней закрытой свече,,rejected,,
0.0018184999999999994,no_fresh_breakout,159,XLM-USDT-SWAP,0.16833,нет свежего пробоя Donchian на последней закрытой свече,,rejected,,
0.009660000000000002,no_fresh_breakout,159,XRP-USDT-SWAP,1.4477,нет свежего пробоя Donchian на последней закрытой свече,,rejected,,
0.0001249999999999994,no_fresh_breakout,159,YB-USDT-SWAP,0.123,нет свежего пробоя Donchian на последней закрытой свече,,rejected,,
15.670000000000073,no_fresh_breakout,159,YFI-USDT-SWAP,2726.4,нет свежего пробоя Donchian на последней закрытой свече,,rejected,,
0.00041000000000000097,no_fresh_breakout,159,YGG-USDT-SWAP,0.0403,нет свежего пробоя Donchian на последней закрытой свече,,rejected,,
0.0,закрытие_не_удержалось_выше_канала,160,1INCH-USDT-SWAP,0.0,закрытие не удержалось выше канала,long,rejected,Turtle 55,
0.001335,no_fresh_breakout,160,2Z-USDT-SWAP,0.0791,нет свежего пробоя Donchian на последней закрытой свече,,rejected,,
0.2584999999999994,no_fresh_breakout,160,AAVE-USDT-SWAP,112.44,нет свежего пробоя Donchian на последней закрытой свече,,rejected,,
0.0013799999999999952,no_fresh_breakout,160,ADA-USDT-SWAP,0.2676,нет свежего пробоя Donchian на последней закрытой свече,,rejected,,
0.0009399999999999985,no_fresh_breakout,160,ARB-USDT-SWAP,0.0991,нет свежего пробоя Donchian на последней закрытой свече,,rejected,,
0.01196500000000002,no_fresh_breakout,160,ASTER-USDT-SWAP,0.6965,нет свежего пробоя Donchian на последней закрытой свече,,rejected,,
0.06479999999999997,no_fresh_breakout,160,AUCTION-USDT-SWAP,5.088,нет свежего пробоя Donchian на последней закрытой свече,,rejected,,
0.011755000000000071,no_fresh_breakout,160,AXS-USDT-SWAP,1.195,нет свежего пробоя Donchian на последней закрытой свече,,rejected,,
0.00024000000000000272,no_fresh_breakout,160,BAND-USDT-SWAP,0.2257,нет свежего пробоя Donchian на последней закрытой свече,,rejected,,
0.4699999999999903,no_fresh_breakout,160,BCH-USDT-SWAP,455.4,нет свежего пробоя Donchian на последней закрытой свече,,rejected,,
2.050000000000001e-06,no_fresh_breakout,160,BOME-USDT-SWAP,0.000419,нет свежего пробоя Donchian на последней закрытой свече,,rejected,,
305.60999999999984,no_fresh_breakout,160,BTC-USDT-SWAP,70438.0,нет свежего пробоя Donchian на последней закрытой свече,,rejected,,
0.000521,no_fresh_breakout,160,CFX-USDT-SWAP,0.06183,нет свежего пробоя Donchian на последней закрытой свече,,rejected,,
0.12749999999999934,no_fresh_breakout,160,COMP-USDT-SWAP,19.0,нет свежего пробоя Donchian на последней закрытой свече,,rejected,,
0.005654999999999999,no_fresh_breakout,160,CRV-USDT-SWAP,0.2368,нет свежего пробоя Donchian на последней закрытой свече,,rejected,,
0.020500000000000008,no_fresh_breakout,160,ETC-USDT-SWAP,8.35,нет свежего пробоя Donchian на последней закрытой свече,,rejected,,
20.04649999999999,no_fresh_breakout,160,ETH-USDT-SWAP,2147.0,нет свежего пробоя Donchian на последней закрытой свече,,rejected,,
0.0007000000000000006,no_fresh_breakout,160,FIL-USDT-SWAP,0.89,нет свежего пробоя Donchian на последней закрытой свече,,rejected,,
0.016899999999999894,no_fresh_breakout,160,ICP-USDT-SWAP,2.504,нет свежего пробоя Donchian на последней закрытой свече,,rejected,,
0.03140000000000005,no_fresh_breakout,160,KSM-USDT-SWAP,4.522,нет свежего пробоя Donchian на последней закрытой свече,,rejected,,
0.05934999999999961,no_fresh_breakout,160,LINK-USDT-SWAP,9.052,нет свежего пробоя Donchian на последней закрытой свече,,rejected,,
0.0029500000000000303,no_fresh_breakout,160,LPT-USDT-SWAP,2.223,нет свежего пробоя Donchian на последней закрытой свече,,rejected,,
0.0003700000000000037,no_fresh_breakout,160,LQTY-USDT-SWAP,0.2768,нет свежего пробоя Donchian на последней закрытой свече,,rejected,,
0.004484000000000002,no_fresh_breakout,160,MAGIC-USDT-SWAP,0.06213,нет свежего пробоя Donchian на последней закрытой свече,,rejected,,
0.0,atr_warmup:_цена_или_atr_недоступны_после_прогрева,160,MET-USDT-SWAP,0.0,ATR warmup: цена или ATR недоступны после прогрева,,rejected,,
0.00019850000000000076,no_fresh_breakout,160,OP-USDT-SWAP,0.1205,нет свежего пробоя Donchian на последней закрытой свече,,rejected,,
2.1450000000000003e-08,no_fresh_breakout,160,PEPE-USDT-SWAP,3.4e-06,нет свежего пробоя Donchian на последней закрытой свече,,rejected,,
0.0,atr_warmup:_цена_или_atr_недоступны_после_прогрева,160,SKY-USDT-SWAP,0.0,ATR warmup: цена или ATR недоступны после прогрева,,rejected,,
0.6080000000000005,no_fresh_breakout,160,SOL-USDT-SWAP,89.0,нет свежего пробоя Donchian на последней закрытой свече,,rejected,,
0.015110000000000007,no_fresh_breakout,160,SUSHI-USDT-SWAP,0.2056,нет свежего пробоя Donchian на последней закрытой свече,,rejected,,
0.007950000000000013,no_fresh_breakout,160,TON-USDT-SWAP,1.242,нет свежего пробоя Donchian на последней закрытой свече,,rejected,,
0.00042500000000000036,no_fresh_breakout,160,TRX-USDT-SWAP,0.3012,нет свежего пробоя Donchian на последней закрытой свече,,rejected,,
1.4069999999999965,no_fresh_breakout,160,TSLA-USDT-SWAP,382.77,нет свежего пробоя Donchian на последней закрытой свече,,rejected,,
0.004687500000000006,no_fresh_breakout,160,USDC-USDT-SWAP,1.0039,нет свежего пробоя Donchian на последней закрытой свече,,rejected,,
63.375,no_fresh_breakout,160,XAU-USDT-SWAP,4700.5,нет свежего пробоя Donchian на последней закрытой свече,,rejected,,
0.0018184999999999994,no_fresh_breakout,160,XLM-USDT-SWAP,0.16833,нет свежего пробоя Donchian на последней закрытой свече,,rejected,,
0.009660000000000002,no_fresh_breakout,160,XRP-USDT-SWAP,1.4477,нет свежего пробоя Donchian на последней закрытой свече,,rejected,,
0.0001249999999999994,no_fresh_breakout,160,YB-USDT-SWAP,0.123,нет свежего пробоя Donchian на последней закрытой свече,,rejected,,
15.670000000000073,no_fresh_breakout,160,YFI-USDT-SWAP,2726.4,нет свежего пробоя Donchian на последней закрытой свече,,rejected,,
0.00041000000000000097,no_fresh_breakout,160,YGG-USDT-SWAP,0.0403,нет свежего пробоя Donchian на последней закрытой свече,,rejected,,
0.0,закрытие_не_удержалось_выше_канала,161,1INCH-USDT-SWAP,0.0,закрытие не удержалось выше канала,long,rejected,Turtle 55,
0.001335,no_fresh_breakout,161,2Z-USDT-SWAP,0.0791,нет свежего пробоя Donchian на последней закрытой свече,,rejected,,
0.2584999999999994,no_fresh_breakout,161,AAVE-USDT-SWAP,112.44,нет свежего пробоя Donchian на последней закрытой свече,,rejected,,
0.0013799999999999952,no_fresh_breakout,161,ADA-USDT-SWAP,0.2676,нет свежего пробоя Donchian на последней закрытой свече,,rejected,,
0.0009399999999999985,no_fresh_breakout,161,ARB-USDT-SWAP,0.0991,нет свежего пробоя Donchian на последней закрытой свече,,rejected,,
0.01196500000000002,no_fresh_breakout,161,ASTER-USDT-SWAP,0.6965,нет свежего пробоя Donchian на последней закрытой свече,,rejected,,
0.06479999999999997,no_fresh_breakout,161,AUCTION-USDT-SWAP,5.088,нет свежего пробоя Donchian на последней закрытой свече,,rejected,,
0.011755000000000071,no_fresh_breakout,161,AXS-USDT-SWAP,1.195,нет свежего пробоя Donchian на последней закрытой свече,,rejected,,
0.00024000000000000272,no_fresh_breakout,161,BAND-USDT-SWAP,0.2257,нет свежего пробоя Donchian на последней закрытой свече,,rejected,,
0.4699999999999903,no_fresh_breakout,161,BCH-USDT-SWAP,455.4,нет свежего пробоя Donchian на последней закрытой свече,,rejected,,
2.050000000000001e-06,no_fresh_breakout,161,BOME-USDT-SWAP,0.000419,нет свежего пробоя Donchian на последней закрытой свече,,rejected,,
305.60999999999984,no_fresh_breakout,161,BTC-USDT-SWAP,70438.0,нет свежего пробоя Donchian на последней закрытой свече,,rejected,,
0.000521,no_fresh_breakout,161,CFX-USDT-SWAP,0.06183,нет свежего пробоя Donchian на последней закрытой свече,,rejected,,
0.12749999999999934,no_fresh_breakout,161,COMP-USDT-SWAP,19.0,нет свежего пробоя Donchian на последней закрытой свече,,rejected,,
0.005654999999999999,no_fresh_breakout,161,CRV-USDT-SWAP,0.2368,нет свежего пробоя Donchian на последней закрытой свече,,rejected,,
0.020500000000000008,no_fresh_breakout,161,ETC-USDT-SWAP,8.35,нет свежего пробоя Donchian на последней закрытой свече,,rejected,,
20.04649999999999,no_fresh_breakout,161,ETH-USDT-SWAP,2147.0,нет свежего пробоя Donchian на последней закрытой свече,,rejected,,
0.0007000000000000006,no_fresh_breakout,161,FIL-USDT-SWAP,0.89,нет свежего пробоя Donchian на последней закрытой свече,,rejected,,
0.016899999999999894,no_fresh_breakout,161,ICP-USDT-SWAP,2.504,нет свежего пробоя Donchian на последней закрытой свече,,rejected,,
0.03140000000000005,no_fresh_breakout,161,KSM-USDT-SWAP,4.522,нет свежего пробоя Donchian на последней закрытой свече,,rejected,,
0.05934999999999961,no_fresh_breakout,161,LINK-USDT-SWAP,9.052,нет свежего пробоя Donchian на последней закрытой свече,,rejected,,
0.0029500000000000303,no_fresh_breakout,161,LPT-USDT-SWAP,2.223,нет свежего пробоя Donchian на последней закрытой свече,,rejected,,
0.0003700000000000037,no_fresh_breakout,161,LQTY-USDT-SWAP,0.2768,нет свежего пробоя Donchian на последней закрытой свече,,rejected,,
0.004484000000000002,no_fresh_breakout,161,MAGIC-USDT-SWAP,0.06213,нет свежего пробоя Donchian на последней закрытой свече,,rejected,,
0.0,atr_warmup:_цена_или_atr_недоступны_после_прогрева,161,MET-USDT-SWAP,0.0,ATR warmup: цена или ATR недоступны после прогрева,,rejected,,
0.00019850000000000076,no_fresh_breakout,161,OP-USDT-SWAP,0.1205,нет свежего пробоя Donchian на последней закрытой свече,,rejected,,
2.1450000000000003e-08,no_fresh_breakout,161,PEPE-USDT-SWAP,3.4e-06,нет свежего пробоя Donchian на последней закрытой свече,,rejected,,
0.0,atr_warmup:_цена_или_atr_недоступны_после_прогрева,161,SKY-USDT-SWAP,0.0,ATR warmup: цена или ATR недоступны после прогрева,,rejected,,
0.6080000000000005,no_fresh_breakout,161,SOL-USDT-SWAP,89.0,нет свежего пробоя Donchian на последней закрытой свече,,rejected,,
0.015110000000000007,no_fresh_breakout,161,SUSHI-USDT-SWAP,0.2056,нет свежего пробоя Donchian на последней закрытой свече,,rejected,,
0.007950000000000013,no_fresh_breakout,161,TON-USDT-SWAP,1.242,нет свежего пробоя Donchian на последней закрытой свече,,rejected,,
0.00042500000000000036,no_fresh_breakout,161,TRX-USDT-SWAP,0.3012,нет свежего пробоя Donchian на последней закрытой свече,,rejected,,
1.4069999999999965,no_fresh_breakout,161,TSLA-USDT-SWAP,382.77,нет свежего пробоя Donchian на последней закрытой свече,,rejected,,
0.004687500000000006,no_fresh_breakout,161,USDC-USDT-SWAP,1.0039,нет свежего пробоя Donchian на последней закрытой свече,,rejected,,
63.375,no_fresh_breakout,161,XAU-USDT-SWAP,4700.5,нет свежего пробоя Donchian на последней закрытой свече,,rejected,,
0.0018184999999999994,no_fresh_breakout,161,XLM-USDT-SWAP,0.16833,нет свежего пробоя Donchian на последней закрытой свече,,rejected,,
0.009660000000000002,no_fresh_breakout,161,XRP-USDT-SWAP,1.4477,нет свежего пробоя Donchian на последней закрытой свече,,rejected,,
0.0001249999999999994,no_fresh_breakout,161,YB-USDT-SWAP,0.123,нет свежего пробоя Donchian на последней закрытой свече,,rejected,,
15.670000000000073,no_fresh_breakout,161,YFI-USDT-SWAP,2726.4,нет свежего пробоя Donchian на последней закрытой свече,,rejected,,
0.00041000000000000097,no_fresh_breakout,161,YGG-USDT-SWAP,0.0403,нет свежего пробоя Donchian на последней закрытой свече,,rejected,,
0.0,закрытие_не_удержалось_выше_канала,162,1INCH-USDT-SWAP,0.0,закрытие не удержалось выше канала,long,rejected,Turtle 55,
0.001335,no_fresh_breakout,162,2Z-USDT-SWAP,0.0791,нет свежего пробоя Donchian на последней закрытой свече,,rejected,,
0.2584999999999994,no_fresh_breakout,162,AAVE-USDT-SWAP,112.44,нет свежего пробоя Donchian на последней закрытой свече,,rejected,,
0.0013799999999999952,no_fresh_breakout,162,ADA-USDT-SWAP,0.2676,нет свежего пробоя Donchian на последней закрытой свече,,rejected,,
0.0009399999999999985,no_fresh_breakout,162,ARB-USDT-SWAP,0.0991,нет свежего пробоя Donchian на последней закрытой свече,,rejected,,
0.01196500000000002,no_fresh_breakout,162,ASTER-USDT-SWAP,0.6965,нет свежего пробоя Donchian на последней закрытой свече,,rejected,,
0.06479999999999997,no_fresh_breakout,162,AUCTION-USDT-SWAP,5.088,нет свежего пробоя Donchian на последней закрытой свече,,rejected,,
0.011755000000000071,no_fresh_breakout,162,AXS-USDT-SWAP,1.195,нет свежего пробоя Donchian на последней закрытой свече,,rejected,,
0.00024000000000000272,no_fresh_breakout,162,BAND-USDT-SWAP,0.2257,нет свежего пробоя Donchian на последней закрытой свече,,rejected,,
0.4699999999999903,no_fresh_breakout,162,BCH-USDT-SWAP,455.4,нет свежего пробоя Donchian на последней закрытой свече,,rejected,,
2.050000000000001e-06,no_fresh_breakout,162,BOME-USDT-SWAP,0.000419,нет свежего пробоя Donchian на последней закрытой свече,,rejected,,
305.60999999999984,no_fresh_breakout,162,BTC-USDT-SWAP,70438.0,нет свежего пробоя Donchian на последней закрытой свече,,rejected,,
0.000521,no_fresh_breakout,162,CFX-USDT-SWAP,0.06183,нет свежего пробоя Donchian на последней закрытой свече,,rejected,,
0.12749999999999934,no_fresh_breakout,162,COMP-USDT-SWAP,19.0,нет свежего пробоя Donchian на последней закрытой свече,,rejected,,
0.005654999999999999,no_fresh_breakout,162,CRV-USDT-SWAP,0.2368,нет свежего пробоя Donchian на последней закрытой свече,,rejected,,
0.020500000000000008,no_fresh_breakout,162,ETC-USDT-SWAP,8.35,нет свежего пробоя Donchian на последней закрытой свече,,rejected,,
20.04649999999999,no_fresh_breakout,162,ETH-USDT-SWAP,2147.0,нет свежего пробоя Donchian на последней закрытой свече,,rejected,,
0.0007000000000000006,no_fresh_breakout,162,FIL-USDT-SWAP,0.89,нет свежего пробоя Donchian на последней закрытой свече,,rejected,,
0.016899999999999894,no_fresh_breakout,162,ICP-USDT-SWAP,2.504,нет свежего пробоя Donchian на последней закрытой свече,,rejected,,
0.03140000000000005,no_fresh_breakout,162,KSM-USDT-SWAP,4.522,нет свежего пробоя Donchian на последней закрытой свече,,rejected,,
0.05934999999999961,no_fresh_breakout,162,LINK-USDT-SWAP,9.052,нет свежего пробоя Donchian на последней закрытой свече,,rejected,,
0.0029500000000000303,no_fresh_breakout,162,LPT-USDT-SWAP,2.223,нет свежего пробоя Donchian на последней закрытой свече,,rejected,,
0.0003700000000000037,no_fresh_breakout,162,LQTY-USDT-SWAP,0.2768,нет свежего пробоя Donchian на последней закрытой свече,,rejected,,
0.004484000000000002,no_fresh_breakout,162,MAGIC-USDT-SWAP,0.06213,нет свежего пробоя Donchian на последней закрытой свече,,rejected,,
0.0,atr_warmup:_цена_или_atr_недоступны_после_прогрева,162,MET-USDT-SWAP,0.0,ATR warmup: цена или ATR недоступны после прогрева,,rejected,,
0.00019850000000000076,no_fresh_breakout,162,OP-USDT-SWAP,0.1205,нет свежего пробоя Donchian на последней закрытой свече,,rejected,,
2.1450000000000003e-08,no_fresh_breakout,162,PEPE-USDT-SWAP,3.4e-06,нет свежего пробоя Donchian на последней закрытой свече,,rejected,,
0.0,atr_warmup:_цена_или_atr_недоступны_после_прогрева,162,SKY-USDT-SWAP,0.0,ATR warmup: цена или ATR недоступны после прогрева,,rejected,,
0.6080000000000005,no_fresh_breakout,162,SOL-USDT-SWAP,89.0,нет свежего пробоя Donchian на последней закрытой свече,,rejected,,
0.015110000000000007,no_fresh_breakout,162,SUSHI-USDT-SWAP,0.2056,нет свежего пробоя Donchian на последней закрытой свече,,rejected,,
0.007950000000000013,no_fresh_breakout,162,TON-USDT-SWAP,1.242,нет свежего пробоя Donchian на последней закрытой свече,,rejected,,
0.00042500000000000036,no_fresh_breakout,162,TRX-USDT-SWAP,0.3012,нет свежего пробоя Donchian на последней закрытой свече,,rejected,,
1.4069999999999965,no_fresh_breakout,162,TSLA-USDT-SWAP,382.77,нет свежего пробоя Donchian на последней закрытой свече,,rejected,,
0.004687500000000006,no_fresh_breakout,162,USDC-USDT-SWAP,1.0039,нет свежего пробоя Donchian на последней закрытой свече,,rejected,,
63.375,no_fresh_breakout,162,XAU-USDT-SWAP,4700.5,нет свежего пробоя Donchian на последней закрытой свече,,rejected,,
0.0018184999999999994,no_fresh_breakout,162,XLM-USDT-SWAP,0.16833,нет свежего пробоя Donchian на последней закрытой свече,,rejected,,
0.009660000000000002,no_fresh_breakout,162,XRP-USDT-SWAP,1.4477,нет свежего пробоя Donchian на последней закрытой свече,,rejected,,
0.0001249999999999994,no_fresh_breakout,162,YB-USDT-SWAP,0.123,нет свежего пробоя Donchian на последней закрытой свече,,rejected,,
15.670000000000073,no_fresh_breakout,162,YFI-USDT-SWAP,2726.4,нет свежего пробоя Donchian на последней закрытой свече,,rejected,,
0.00041000000000000097,no_fresh_breakout,162,YGG-USDT-SWAP,0.0403,нет свежего пробоя Donchian на последней закрытой свече,,rejected,,
0.0,закрытие_не_удержалось_выше_канала,163,1INCH-USDT-SWAP,0.0,закрытие не удержалось выше канала,long,rejected,Turtle 55,
0.001335,no_fresh_breakout,163,2Z-USDT-SWAP,0.0791,нет свежего пробоя Donchian на последней закрытой свече,,rejected,,
0.2584999999999994,no_fresh_breakout,163,AAVE-USDT-SWAP,112.44,нет свежего пробоя Donchian на последней закрытой свече,,rejected,,
0.0013799999999999952,no_fresh_breakout,163,ADA-USDT-SWAP,0.2676,нет свежего пробоя Donchian на последней закрытой свече,,rejected,,
0.0009399999999999985,no_fresh_breakout,163,ARB-USDT-SWAP,0.0991,нет свежего пробоя Donchian на последней закрытой свече,,rejected,,
0.01196500000000002,no_fresh_breakout,163,ASTER-USDT-SWAP,0.6965,нет свежего пробоя Donchian на последней закрытой свече,,rejected,,
0.06479999999999997,no_fresh_breakout,163,AUCTION-USDT-SWAP,5.088,нет свежего пробоя Donchian на последней закрытой свече,,rejected,,
0.011755000000000071,no_fresh_breakout,163,AXS-USDT-SWAP,1.195,нет свежего пробоя Donchian на последней закрытой свече,,rejected,,
0.00024000000000000272,no_fresh_breakout,163,BAND-USDT-SWAP,0.2257,нет свежего пробоя Donchian на последней закрытой свече,,rejected,,
0.4699999999999903,no_fresh_breakout,163,BCH-USDT-SWAP,455.4,нет свежего пробоя Donchian на последней закрытой свече,,rejected,,
2.050000000000001e-06,no_fresh_breakout,163,BOME-USDT-SWAP,0.000419,нет свежего пробоя Donchian на последней закрытой свече,,rejected,,
305.60999999999984,no_fresh_breakout,163,BTC-USDT-SWAP,70438.0,нет свежего пробоя Donchian на последней закрытой свече,,rejected,,
0.000521,no_fresh_breakout,163,CFX-USDT-SWAP,0.06183,нет свежего пробоя Donchian на последней закрытой свече,,rejected,,
0.12749999999999934,no_fresh_breakout,163,COMP-USDT-SWAP,19.0,нет свежего пробоя Donchian на последней закрытой свече,,rejected,,
0.005654999999999999,no_fresh_breakout,163,CRV-USDT-SWAP,0.2368,нет свежего пробоя Donchian на последней закрытой свече,,rejected,,
0.020500000000000008,no_fresh_breakout,163,ETC-USDT-SWAP,8.35,нет свежего пробоя Donchian на последней закрытой свече,,rejected,,
20.04649999999999,no_fresh_breakout,163,ETH-USDT-SWAP,2147.0,нет свежего пробоя Donchian на последней закрытой свече,,rejected,,
0.0007000000000000006,no_fresh_breakout,163,FIL-USDT-SWAP,0.89,нет свежего пробоя Donchian на последней закрытой свече,,rejected,,
0.016899999999999894,no_fresh_breakout,163,ICP-USDT-SWAP,2.504,нет свежего пробоя Donchian на последней закрытой свече,,rejected,,
0.03140000000000005,no_fresh_breakout,163,KSM-USDT-SWAP,4.522,нет свежего пробоя Donchian на последней закрытой свече,,rejected,,
0.05934999999999961,no_fresh_breakout,163,LINK-USDT-SWAP,9.052,нет свежего пробоя Donchian на последней закрытой свече,,rejected,,
0.0029500000000000303,no_fresh_breakout,163,LPT-USDT-SWAP,2.223,нет свежего пробоя Donchian на последней закрытой свече,,rejected,,
0.0003700000000000037,no_fresh_breakout,163,LQTY-USDT-SWAP,0.2768,нет свежего пробоя Donchian на последней закрытой свече,,rejected,,
0.004484000000000002,no_fresh_breakout,163,MAGIC-USDT-SWAP,0.06213,нет свежего пробоя Donchian на последней закрытой свече,,rejected,,
0.0,atr_warmup:_цена_или_atr_недоступны_после_прогрева,163,MET-USDT-SWAP,0.0,ATR warmup: цена или ATR недоступны после прогрева,,rejected,,
0.00019850000000000076,no_fresh_breakout,163,OP-USDT-SWAP,0.1205,нет свежего пробоя Donchian на последней закрытой свече,,rejected,,
2.1450000000000003e-08,no_fresh_breakout,163,PEPE-USDT-SWAP,3.4e-06,нет свежего пробоя Donchian на последней закрытой свече,,rejected,,
0.0,atr_warmup:_цена_или_atr_недоступны_после_прогрева,163,SKY-USDT-SWAP,0.0,ATR warmup: цена или ATR недоступны после прогрева,,rejected,,
0.6080000000000005,no_fresh_breakout,163,SOL-USDT-SWAP,89.0,нет свежего пробоя Donchian на последней закрытой свече,,rejected,,
0.015110000000000007,no_fresh_breakout,163,SUSHI-USDT-SWAP,0.2056,нет свежего пробоя Donchian на последней закрытой свече,,rejected,,
0.007950000000000013,no_fresh_breakout,163,TON-USDT-SWAP,1.242,нет свежего пробоя Donchian на последней закрытой свече,,rejected,,
0.00042500000000000036,no_fresh_breakout,163,TRX-USDT-SWAP,0.3012,нет свежего пробоя Donchian на последней закрытой свече,,rejected,,
1.4069999999999965,no_fresh_breakout,163,TSLA-USDT-SWAP,382.77,нет свежего пробоя Donchian на последней закрытой свече,,rejected,,
0.004687500000000006,no_fresh_breakout,163,USDC-USDT-SWAP,1.0039,нет свежего пробоя Donchian на последней закрытой свече,,rejected,,
63.375,no_fresh_breakout,163,XAU-USDT-SWAP,4700.5,нет свежего пробоя Donchian на последней закрытой свече,,rejected,,
0.0018184999999999994,no_fresh_breakout,163,XLM-USDT-SWAP,0.16833,нет свежего пробоя Donchian на последней закрытой свече,,rejected,,
0.009660000000000002,no_fresh_breakout,163,XRP-USDT-SWAP,1.4477,нет свежего пробоя Donchian на последней закрытой свече,,rejected,,
0.0001249999999999994,no_fresh_breakout,163,YB-USDT-SWAP,0.123,нет свежего пробоя Donchian на последней закрытой свече,,rejected,,
15.670000000000073,no_fresh_breakout,163,YFI-USDT-SWAP,2726.4,нет свежего пробоя Donchian на последней закрытой свече,,rejected,,
0.00041000000000000097,no_fresh_breakout,163,YGG-USDT-SWAP,0.0403,нет свежего пробоя Donchian на последней закрытой свече,,rejected,,
0.0,закрытие_не_удержалось_выше_канала,164,1INCH-USDT-SWAP,0.0,закрытие не удержалось выше канала,long,rejected,Turtle 55,
0.001335,no_fresh_breakout,164,2Z-USDT-SWAP,0.0791,нет свежего пробоя Donchian на последней закрытой свече,,rejected,,
0.2584999999999994,no_fresh_breakout,164,AAVE-USDT-SWAP,112.44,нет свежего пробоя Donchian на последней закрытой свече,,rejected,,
0.0013799999999999952,no_fresh_breakout,164,ADA-USDT-SWAP,0.2676,нет свежего пробоя Donchian на последней закрытой свече,,rejected,,
0.0009399999999999985,no_fresh_breakout,164,ARB-USDT-SWAP,0.0991,нет свежего пробоя Donchian на последней закрытой свече,,rejected,,
0.01196500000000002,no_fresh_breakout,164,ASTER-USDT-SWAP,0.6965,нет свежего пробоя Donchian на последней закрытой свече,,rejected,,
0.06479999999999997,no_fresh_breakout,164,AUCTION-USDT-SWAP,5.088,нет свежего пробоя Donchian на последней закрытой свече,,rejected,,
0.011755000000000071,no_fresh_breakout,164,AXS-USDT-SWAP,1.195,нет свежего пробоя Donchian на последней закрытой свече,,rejected,,
0.00024000000000000272,no_fresh_breakout,164,BAND-USDT-SWAP,0.2257,нет свежего пробоя Donchian на последней закрытой свече,,rejected,,
0.4699999999999903,no_fresh_breakout,164,BCH-USDT-SWAP,455.4,нет свежего пробоя Donchian на последней закрытой свече,,rejected,,
2.050000000000001e-06,no_fresh_breakout,164,BOME-USDT-SWAP,0.000419,нет свежего пробоя Donchian на последней закрытой свече,,rejected,,
305.60999999999984,no_fresh_breakout,164,BTC-USDT-SWAP,70438.0,нет свежего пробоя Donchian на последней закрытой свече,,rejected,,
0.000521,no_fresh_breakout,164,CFX-USDT-SWAP,0.06183,нет свежего пробоя Donchian на последней закрытой свече,,rejected,,
0.12749999999999934,no_fresh_breakout,164,COMP-USDT-SWAP,19.0,нет свежего пробоя Donchian на последней закрытой свече,,rejected,,
0.005654999999999999,no_fresh_breakout,164,CRV-USDT-SWAP,0.2368,нет свежего пробоя Donchian на последней закрытой свече,,rejected,,
0.020500000000000008,no_fresh_breakout,164,ETC-USDT-SWAP,8.35,нет свежего пробоя Donchian на последней закрытой свече,,rejected,,
20.04649999999999,no_fresh_breakout,164,ETH-USDT-SWAP,2147.0,нет свежего пробоя Donchian на последней закрытой свече,,rejected,,
0.0007000000000000006,no_fresh_breakout,164,FIL-USDT-SWAP,0.89,нет свежего пробоя Donchian на последней закрытой свече,,rejected,,
0.016899999999999894,no_fresh_breakout,164,ICP-USDT-SWAP,2.504,нет свежего пробоя Donchian на последней закрытой свече,,rejected,,
0.03140000000000005,no_fresh_breakout,164,KSM-USDT-SWAP,4.522,нет свежего пробоя Donchian на последней закрытой свече,,rejected,,
0.05934999999999961,no_fresh_breakout,164,LINK-USDT-SWAP,9.052,нет свежего пробоя Donchian на последней закрытой свече,,rejected,,
0.0029500000000000303,no_fresh_breakout,164,LPT-USDT-SWAP,2.223,нет свежего пробоя Donchian на последней закрытой свече,,rejected,,
0.0003700000000000037,no_fresh_breakout,164,LQTY-USDT-SWAP,0.2768,нет свежего пробоя Donchian на последней закрытой свече,,rejected,,
0.004484000000000002,no_fresh_breakout,164,MAGIC-USDT-SWAP,0.06213,нет свежего пробоя Donchian на последней закрытой свече,,rejected,,
0.0,atr_warmup:_цена_или_atr_недоступны_после_прогрева,164,MET-USDT-SWAP,0.0,ATR warmup: цена или ATR недоступны после прогрева,,rejected,,
0.00019850000000000076,no_fresh_breakout,164,OP-USDT-SWAP,0.1205,нет свежего пробоя Donchian на последней закрытой свече,,rejected,,
2.1450000000000003e-08,no_fresh_breakout,164,PEPE-USDT-SWAP,3.4e-06,нет свежего пробоя Donchian на последней закрытой свече,,rejected,,
0.0,atr_warmup:_цена_или_atr_недоступны_после_прогрева,164,SKY-USDT-SWAP,0.0,ATR warmup: цена или ATR недоступны после прогрева,,rejected,,
0.6080000000000005,no_fresh_breakout,164,SOL-USDT-SWAP,89.0,нет свежего пробоя Donchian на последней закрытой свече,,rejected,,
0.015110000000000007,no_fresh_breakout,164,SUSHI-USDT-SWAP,0.2056,нет свежего пробоя Donchian на последней закрытой свече,,rejected,,
0.007950000000000013,no_fresh_breakout,164,TON-USDT-SWAP,1.242,нет свежего пробоя Donchian на последней закрытой свече,,rejected,,
0.00042500000000000036,no_fresh_breakout,164,TRX-USDT-SWAP,0.3012,нет свежего пробоя Donchian на последней закрытой свече,,rejected,,
1.4069999999999965,no_fresh_breakout,164,TSLA-USDT-SWAP,382.77,нет свежего пробоя Donchian на последней закрытой свече,,rejected,,
0.004687500000000006,no_fresh_breakout,164,USDC-USDT-SWAP,1.0039,нет свежего пробоя Donchian на последней закрытой свече,,rejected,,
63.375,no_fresh_breakout,164,XAU-USDT-SWAP,4700.5,нет свежего пробоя Donchian на последней закрытой свече,,rejected,,
0.0018184999999999994,no_fresh_breakout,164,XLM-USDT-SWAP,0.16833,нет свежего пробоя Donchian на последней закрытой свече,,rejected,,
0.009660000000000002,no_fresh_breakout,164,XRP-USDT-SWAP,1.4477,нет свежего пробоя Donchian на последней закрытой свече,,rejected,,
0.0001249999999999994,no_fresh_breakout,164,YB-USDT-SWAP,0.123,нет свежего пробоя Donchian на последней закрытой свече,,rejected,,
15.670000000000073,no_fresh_breakout,164,YFI-USDT-SWAP,2726.4,нет свежего пробоя Donchian на последней закрытой свече,,rejected,,
0.00041000000000000097,no_fresh_breakout,164,YGG-USDT-SWAP,0.0403,нет свежего пробоя Donchian на последней закрытой свече,,rejected,,
0.001335,no_fresh_breakout,165,2Z-USDT-SWAP,0.0791,нет свежего пробоя Donchian на последней закрытой свече,,rejected,,
0.274499999999999,no_fresh_breakout,165,AAVE-USDT-SWAP,112.0,нет свежего пробоя Donchian на последней закрытой свече,,rejected,,
0.001339999999999994,no_fresh_breakout,165,ADA-USDT-SWAP,0.2674,нет свежего пробоя Donchian на последней закрытой свече,,rejected,,
0.0007649999999999983,no_fresh_breakout,165,ARB-USDT-SWAP,0.0991,нет свежего пробоя Donchian на последней закрытой свече,,rejected,,
0.011165000000000019,no_fresh_breakout,165,ASTER-USDT-SWAP,0.6958,нет свежего пробоя Donchian на последней закрытой свече,,rejected,,
0.06384999999999996,no_fresh_breakout,165,AUCTION-USDT-SWAP,5.084,нет свежего пробоя Donchian на последней закрытой свече,,rejected,,
0.011490000000000066,no_fresh_breakout,165,AXS-USDT-SWAP,1.1959,нет свежего пробоя Donchian на последней закрытой свече,,rejected,,
0.00024000000000000272,no_fresh_breakout,165,BAND-USDT-SWAP,0.2257,нет свежего пробоя Donchian на последней закрытой свече,,rejected,,
0.4399999999999892,no_fresh_breakout,165,BCH-USDT-SWAP,455.4,нет свежего пробоя Donchian на последней закрытой свече,,rejected,,
2.050000000000001e-06,no_fresh_breakout,165,BOME-USDT-SWAP,0.000419,нет свежего пробоя Donchian на последней закрытой свече,,rejected,,
309.5699999999997,no_fresh_breakout,165,BTC-USDT-SWAP,70345.3,нет свежего пробоя Donchian на последней закрытой свече,,rejected,,
0.0005049999999999999,no_fresh_breakout,165,CFX-USDT-SWAP,0.06213,нет свежего пробоя Donchian на последней закрытой свече,,rejected,,
0.12749999999999934,no_fresh_breakout,165,COMP-USDT-SWAP,18.92,нет свежего пробоя Donchian на последней закрытой свече,,rejected,,
0.0059,no_fresh_breakout,165,CRV-USDT-SWAP,0.2435,нет свежего пробоя Donchian на последней закрытой свече,,rejected,,
0.0,закрытие_не_удержалось_ниже_канала,165,ETC-USDT-SWAP,0.0,закрытие не удержалось ниже канала,short,rejected,Turtle 20,
19.517499999999995,no_fresh_breakout,165,ETH-USDT-SWAP,2145.0,нет свежего пробоя Donchian на последней закрытой свече,,rejected,,
0.0007000000000000006,no_fresh_breakout,165,FIL-USDT-SWAP,0.89,нет свежего пробоя Donchian на последней закрытой свече,,rejected,,
0.017049999999999878,no_fresh_breakout,165,ICP-USDT-SWAP,2.498,нет свежего пробоя Donchian на последней закрытой свече,,rejected,,
0.03170000000000006,no_fresh_breakout,165,KSM-USDT-SWAP,4.533,нет свежего пробоя Donchian на последней закрытой свече,,rejected,,
0.05894999999999957,no_fresh_breakout,165,LINK-USDT-SWAP,9.044,нет свежего пробоя Donchian на последней закрытой свече,,rejected,,
0.0028500000000000413,no_fresh_breakout,165,LPT-USDT-SWAP,2.224,нет свежего пробоя Donchian на последней закрытой свече,,rejected,,
0.00035500000000000256,no_fresh_breakout,165,LQTY-USDT-SWAP,0.2768,нет свежего пробоя Donchian на последней закрытой свече,,rejected,,
0.004433000000000001,no_fresh_breakout,165,MAGIC-USDT-SWAP,0.06213,нет свежего пробоя Donchian на последней закрытой свече,,rejected,,
5.500000000000088e-05,no_fresh_breakout,165,MET-USDT-SWAP,0.1552,нет свежего пробоя Donchian на последней закрытой свече,,rejected,,
0.00021850000000000065,no_fresh_breakout,165,OP-USDT-SWAP,0.1209,нет свежего пробоя Donchian на последней закрытой свече,,rejected,,
2.1450000000000003e-08,no_fresh_breakout,165,PEPE-USDT-SWAP,3.399e-06,нет свежего пробоя Donchian на последней закрытой свече,,rejected,,
0.0,atr_warmup:_цена_или_atr_недоступны_после_прогрева,165,SKY-USDT-SWAP,0.0,ATR warmup: цена или ATR недоступны после прогрева,,rejected,,
0.6070000000000008,no_fresh_breakout,165,SOL-USDT-SWAP,88.97,нет свежего пробоя Donchian на последней закрытой свече,,rejected,,
0.015110000000000007,no_fresh_breakout,165,SUSHI-USDT-SWAP,0.2056,нет свежего пробоя Donchian на последней закрытой свече,,rejected,,
0.007950000000000013,no_fresh_breakout,165,TON-USDT-SWAP,1.245,нет свежего пробоя Donchian на последней закрытой свече,,rejected,,
0.00042500000000000036,no_fresh_breakout,165,TRX-USDT-SWAP,0.3012,нет свежего пробоя Donchian на последней закрытой свече,,rejected,,
1.3919999999999988,no_fresh_breakout,165,TSLA-USDT-SWAP,382.77,нет свежего пробоя Donchian на последней закрытой свече,,rejected,,
0.0,закрытие_не_удержалось_ниже_канала,165,USDC-USDT-SWAP,0.0,закрытие не удержалось ниже канала,short,rejected,Turtle 20,
70.1,no_fresh_breakout,165,XAU-USDT-SWAP,4868.0,нет свежего пробоя Donchian на последней закрытой свече,,rejected,,
0.0,закрытие_не_удержалось_выше_канала,165,XLM-USDT-SWAP,0.0,закрытие не удержалось выше канала,long,rejected,Turtle 55,
0.0,закрытие_не_удержалось_выше_канала,165,XLM-USDT-SWAP,0.0,закрытие не удержалось выше канала,long,rejected,Turtle 20,
0.009620000000000007,no_fresh_breakout,165,XRP-USDT-SWAP,1.447,нет свежего пробоя Donchian на последней закрытой свече,,rejected,,
0.0,oversized_breakout_candle_5.65_atr_>_3.50_atr,165,YB-USDT-SWAP,0.0,oversized breakout candle 5.65 ATR > 3.50 ATR,long,rejected,Turtle 55,
0.0,oversized_breakout_candle_5.65_atr_>_3.50_atr,165,YB-USDT-SWAP,0.0,oversized breakout candle 5.65 ATR > 3.50 ATR,long,rejected,Turtle 20,
15.675000000000068,no_fresh_breakout,165,YFI-USDT-SWAP,2728.0,нет свежего пробоя Donchian на последней закрытой свече,,rejected,,
0.00037500000000000104,no_fresh_breakout,165,YGG-USDT-SWAP,0.0403,нет свежего пробоя Donchian на последней закрытой свече,,rejected,,
0.0012749999999999997,no_fresh_breakout,166,2Z-USDT-SWAP,0.079,нет свежего пробоя Donchian на последней закрытой свече,,rejected,,
0.274499999999999,no_fresh_breakout,166,AAVE-USDT-SWAP,112.0,нет свежего пробоя Donchian на последней закрытой свече,,rejected,,
0.0007649999999999983,no_fresh_breakout,166,ARB-USDT-SWAP,0.0991,нет свежего пробоя Donchian на последней закрытой свече,,rejected,,
0.011165000000000019,no_fresh_breakout,166,ASTER-USDT-SWAP,0.6958,нет свежего пробоя Donchian на последней закрытой свече,,rejected,,
0.06384999999999996,no_fresh_breakout,166,AUCTION-USDT-SWAP,5.084,нет свежего пробоя Donchian на последней закрытой свече,,rejected,,
0.011490000000000066,no_fresh_breakout,166,AXS-USDT-SWAP,1.1959,нет свежего пробоя Donchian на последней закрытой свече,,rejected,,
0.00024000000000000272,no_fresh_breakout,166,BAND-USDT-SWAP,0.2257,нет свежего пробоя Donchian на последней закрытой свече,,rejected,,
0.4399999999999892,no_fresh_breakout,166,BCH-USDT-SWAP,455.4,нет свежего пробоя Donchian на последней закрытой свече,,rejected,,
2.050000000000001e-06,no_fresh_breakout,166,BOME-USDT-SWAP,0.000419,нет свежего пробоя Donchian на последней закрытой свече,,rejected,,
309.5699999999997,no_fresh_breakout,166,BTC-USDT-SWAP,70345.3,нет свежего пробоя Donchian на последней закрытой свече,,rejected,,
0.0005049999999999999,no_fresh_breakout,166,CFX-USDT-SWAP,0.06213,нет свежего пробоя Donchian на последней закрытой свече,,rejected,,
0.12749999999999934,no_fresh_breakout,166,COMP-USDT-SWAP,18.92,нет свежего пробоя Donchian на последней закрытой свече,,rejected,,
0.0059,no_fresh_breakout,166,CRV-USDT-SWAP,0.2435,нет свежего пробоя Donchian на последней закрытой свече,,rejected,,
0.0,закрытие_не_удержалось_ниже_канала,166,ETC-USDT-SWAP,0.0,закрытие не удержалось ниже канала,short,rejected,Turtle 20,
19.517499999999995,no_fresh_breakout,166,ETH-USDT-SWAP,2145.0,нет свежего пробоя Donchian на последней закрытой свече,,rejected,,
0.0007000000000000006,no_fresh_breakout,166,FIL-USDT-SWAP,0.89,нет свежего пробоя Donchian на последней закрытой свече,,rejected,,
0.017049999999999878,no_fresh_breakout,166,ICP-USDT-SWAP,2.498,нет свежего пробоя Donchian на последней закрытой свече,,rejected,,
0.03170000000000006,no_fresh_breakout,166,KSM-USDT-SWAP,4.533,нет свежего пробоя Donchian на последней закрытой свече,,rejected,,
0.05894999999999957,no_fresh_breakout,166,LINK-USDT-SWAP,9.044,нет свежего пробоя Donchian на последней закрытой свече,,rejected,,
0.0028500000000000413,no_fresh_breakout,166,LPT-USDT-SWAP,2.224,нет свежего пробоя Donchian на последней закрытой свече,,rejected,,
0.00035500000000000256,no_fresh_breakout,166,LQTY-USDT-SWAP,0.2768,нет свежего пробоя Donchian на последней закрытой свече,,rejected,,
0.004433000000000001,no_fresh_breakout,166,MAGIC-USDT-SWAP,0.06213,нет свежего пробоя Donchian на последней закрытой свече,,rejected,,
5.500000000000088e-05,no_fresh_breakout,166,MET-USDT-SWAP,0.1552,нет свежего пробоя Donchian на последней закрытой свече,,rejected,,
0.00021850000000000065,no_fresh_breakout,166,OP-USDT-SWAP,0.1209,нет свежего пробоя Donchian на последней закрытой свече,,rejected,,
2.1450000000000003e-08,no_fresh_breakout,166,PEPE-USDT-SWAP,3.399e-06,нет свежего пробоя Donchian на последней закрытой свече,,rejected,,
0.0,atr_warmup:_цена_или_atr_недоступны_после_прогрева,166,SKY-USDT-SWAP,0.0,ATR warmup: цена или ATR недоступны после прогрева,,rejected,,
0.6070000000000008,no_fresh_breakout,166,SOL-USDT-SWAP,88.97,нет свежего пробоя Donchian на последней закрытой свече,,rejected,,
0.015110000000000007,no_fresh_breakout,166,SUSHI-USDT-SWAP,0.2056,нет свежего пробоя Donchian на последней закрытой свече,,rejected,,
0.007950000000000013,no_fresh_breakout,166,TON-USDT-SWAP,1.245,нет свежего пробоя Donchian на последней закрытой свече,,rejected,,
0.00042500000000000036,no_fresh_breakout,166,TRX-USDT-SWAP,0.3012,нет свежего пробоя Donchian на последней закрытой свече,,rejected,,
1.3919999999999988,no_fresh_breakout,166,TSLA-USDT-SWAP,382.77,нет свежего пробоя Donchian на последней закрытой свече,,rejected,,
0.0,закрытие_не_удержалось_ниже_канала,166,USDC-USDT-SWAP,0.0,закрытие не удержалось ниже канала,short,rejected,Turtle 20,
70.1,no_fresh_breakout,166,XAU-USDT-SWAP,4868.0,нет свежего пробоя Donchian на последней закрытой свече,,rejected,,
0.0,закрытие_не_удержалось_выше_канала,166,XLM-USDT-SWAP,0.0,закрытие не удержалось выше канала,long,rejected,Turtle 55,
0.0,закрытие_не_удержалось_выше_канала,166,XLM-USDT-SWAP,0.0,закрытие не удержалось выше канала,long,rejected,Turtle 20,
0.009620000000000007,no_fresh_breakout,166,XRP-USDT-SWAP,1.447,нет свежего пробоя Donchian на последней закрытой свече,,rejected,,
0.0,oversized_breakout_candle_5.65_atr_>_3.50_atr,166,YB-USDT-SWAP,0.0,oversized breakout candle 5.65 ATR > 3.50 ATR,long,rejected,Turtle 55,
0.0,oversized_breakout_candle_5.65_atr_>_3.50_atr,166,YB-USDT-SWAP,0.0,oversized breakout candle 5.65 ATR > 3.50 ATR,long,rejected,Turtle 20,
15.675000000000068,no_fresh_breakout,166,YFI-USDT-SWAP,2728.0,нет свежего пробоя Donchian на последней закрытой свече,,rejected,,
0.00037500000000000104,no_fresh_breakout,166,YGG-USDT-SWAP,0.0403,нет свежего пробоя Donchian на последней закрытой свече,,rejected,,
0.0012749999999999997,no_fresh_breakout,167,2Z-USDT-SWAP,0.079,нет свежего пробоя Donchian на последней закрытой свече,,rejected,,
0.274499999999999,no_fresh_breakout,167,AAVE-USDT-SWAP,112.0,нет свежего пробоя Donchian на последней закрытой свече,,rejected,,
0.011165000000000019,no_fresh_breakout,167,ASTER-USDT-SWAP,0.6958,нет свежего пробоя Donchian на последней закрытой свече,,rejected,,
0.06384999999999996,no_fresh_breakout,167,AUCTION-USDT-SWAP,5.084,нет свежего пробоя Donchian на последней закрытой свече,,rejected,,
0.011490000000000066,no_fresh_breakout,167,AXS-USDT-SWAP,1.1959,нет свежего пробоя Donchian на последней закрытой свече,,rejected,,
0.00024000000000000272,no_fresh_breakout,167,BAND-USDT-SWAP,0.2257,нет свежего пробоя Donchian на последней закрытой свече,,rejected,,
0.4399999999999892,no_fresh_breakout,167,BCH-USDT-SWAP,455.4,нет свежего пробоя Donchian на последней закрытой свече,,rejected,,
2.050000000000001e-06,no_fresh_breakout,167,BOME-USDT-SWAP,0.000419,нет свежего пробоя Donchian на последней закрытой свече,,rejected,,
309.5699999999997,no_fresh_breakout,167,BTC-USDT-SWAP,70345.3,нет свежего пробоя Donchian на последней закрытой свече,,rejected,,
0.0005049999999999999,no_fresh_breakout,167,CFX-USDT-SWAP,0.06213,нет свежего пробоя Donchian на последней закрытой свече,,rejected,,
0.12749999999999934,no_fresh_breakout,167,COMP-USDT-SWAP,18.92,нет свежего пробоя Donchian на последней закрытой свече,,rejected,,
0.0059,no_fresh_breakout,167,CRV-USDT-SWAP,0.2435,нет свежего пробоя Donchian на последней закрытой свече,,rejected,,
0.0,закрытие_не_удержалось_ниже_канала,167,ETC-USDT-SWAP,0.0,закрытие не удержалось ниже канала,short,rejected,Turtle 20,
19.517499999999995,no_fresh_breakout,167,ETH-USDT-SWAP,2145.0,нет свежего пробоя Donchian на последней закрытой свече,,rejected,,
0.0007000000000000006,no_fresh_breakout,167,FIL-USDT-SWAP,0.89,нет свежего пробоя Donchian на последней закрытой свече,,rejected,,
0.017049999999999878,no_fresh_breakout,167,ICP-USDT-SWAP,2.498,нет свежего пробоя Donchian на последней закрытой свече,,rejected,,
0.03170000000000006,no_fresh_breakout,167,KSM-USDT-SWAP,4.533,нет свежего пробоя Donchian на последней закрытой свече,,rejected,,
0.05894999999999957,no_fresh_breakout,167,LINK-USDT-SWAP,9.044,нет свежего пробоя Donchian на последней закрытой свече,,rejected,,
0.0028500000000000413,no_fresh_breakout,167,LPT-USDT-SWAP,2.224,нет свежего пробоя Donchian на последней закрытой свече,,rejected,,
0.00035500000000000256,no_fresh_breakout,167,LQTY-USDT-SWAP,0.2768,нет свежего пробоя Donchian на последней закрытой свече,,rejected,,
0.004433000000000001,no_fresh_breakout,167,MAGIC-USDT-SWAP,0.06213,нет свежего пробоя Donchian на последней закрытой свече,,rejected,,
5.500000000000088e-05,no_fresh_breakout,167,MET-USDT-SWAP,0.1552,нет свежего пробоя Donchian на последней закрытой свече,,rejected,,
0.00021850000000000065,no_fresh_breakout,167,OP-USDT-SWAP,0.1209,нет свежего пробоя Donchian на последней закрытой свече,,rejected,,
2.1450000000000003e-08,no_fresh_breakout,167,PEPE-USDT-SWAP,3.399e-06,нет свежего пробоя Donchian на последней закрытой свече,,rejected,,
0.0,atr_warmup:_цена_или_atr_недоступны_после_прогрева,167,SKY-USDT-SWAP,0.0,ATR warmup: цена или ATR недоступны после прогрева,,rejected,,
0.6070000000000008,no_fresh_breakout,167,SOL-USDT-SWAP,88.97,нет свежего пробоя Donchian на последней закрытой свече,,rejected,,
0.015110000000000007,no_fresh_breakout,167,SUSHI-USDT-SWAP,0.2056,нет свежего пробоя Donchian на последней закрытой свече,,rejected,,
0.007950000000000013,no_fresh_breakout,167,TON-USDT-SWAP,1.245,нет свежего пробоя Donchian на последней закрытой свече,,rejected,,
0.00042500000000000036,no_fresh_breakout,167,TRX-USDT-SWAP,0.3012,нет свежего пробоя Donchian на последней закрытой свече,,rejected,,
1.3919999999999988,no_fresh_breakout,167,TSLA-USDT-SWAP,382.77,нет свежего пробоя Donchian на последней закрытой свече,,rejected,,
0.0,закрытие_не_удержалось_ниже_канала,167,USDC-USDT-SWAP,0.0,закрытие не удержалось ниже канала,short,rejected,Turtle 20,
70.1,no_fresh_breakout,167,XAU-USDT-SWAP,4868.0,нет свежего пробоя Donchian на последней закрытой свече,,rejected,,
0.0,закрытие_не_удержалось_выше_канала,167,XLM-USDT-SWAP,0.0,закрытие не удержалось выше канала,long,rejected,Turtle 55,
0.0,закрытие_не_удержалось_выше_канала,167,XLM-USDT-SWAP,0.0,закрытие не удержалось выше канала,long,rejected,Turtle 20,
0.009620000000000007,no_fresh_breakout,167,XRP-USDT-SWAP,1.447,нет свежего пробоя Donchian на последней закрытой свече,,rejected,,
0.0,oversized_breakout_candle_5.65_atr_>_3.50_atr,167,YB-USDT-SWAP,0.0,oversized breakout candle 5.65 ATR > 3.50 ATR,long,rejected,Turtle 55,
0.0,oversized_breakout_candle_5.65_atr_>_3.50_atr,167,YB-USDT-SWAP,0.0,oversized breakout candle 5.65 ATR > 3.50 ATR,long,rejected,Turtle 20,
15.675000000000068,no_fresh_breakout,167,YFI-USDT-SWAP,2728.0,нет свежего пробоя Donchian на последней закрытой свече,,rejected,,
0.00037500000000000104,no_fresh_breakout,167,YGG-USDT-SWAP,0.0403,нет свежего пробоя Donchian на последней закрытой свече,,rejected,,
0.0012749999999999997,no_fresh_breakout,168,2Z-USDT-SWAP,0.079,нет свежего пробоя Donchian на последней закрытой свече,,rejected,,
0.274499999999999,no_fresh_breakout,168,AAVE-USDT-SWAP,112.0,нет свежего пробоя Donchian на последней закрытой свече,,rejected,,
0.011165000000000019,no_fresh_breakout,168,ASTER-USDT-SWAP,0.6958,нет свежего пробоя Donchian на последней закрытой свече,,rejected,,
0.06384999999999996,no_fresh_breakout,168,AUCTION-USDT-SWAP,5.084,нет свежего пробоя Donchian на последней закрытой свече,,rejected,,
0.011490000000000066,no_fresh_breakout,168,AXS-USDT-SWAP,1.1959,нет свежего пробоя Donchian на последней закрытой свече,,rejected,,
0.00024000000000000272,no_fresh_breakout,168,BAND-USDT-SWAP,0.2257,нет свежего пробоя Donchian на последней закрытой свече,,rejected,,
0.4399999999999892,no_fresh_breakout,168,BCH-USDT-SWAP,455.4,нет свежего пробоя Donchian на последней закрытой свече,,rejected,,
2.050000000000001e-06,no_fresh_breakout,168,BOME-USDT-SWAP,0.000419,нет свежего пробоя Donchian на последней закрытой свече,,rejected,,
309.5699999999997,no_fresh_breakout,168,BTC-USDT-SWAP,70345.3,нет свежего пробоя Donchian на последней закрытой свече,,rejected,,
0.0005049999999999999,no_fresh_breakout,168,CFX-USDT-SWAP,0.06213,нет свежего пробоя Donchian на последней закрытой свече,,rejected,,
0.12749999999999934,no_fresh_breakout,168,COMP-USDT-SWAP,18.92,нет свежего пробоя Donchian на последней закрытой свече,,rejected,,
0.0059,no_fresh_breakout,168,CRV-USDT-SWAP,0.2435,нет свежего пробоя Donchian на последней закрытой свече,,rejected,,
0.0,закрытие_не_удержалось_ниже_канала,168,ETC-USDT-SWAP,0.0,закрытие не удержалось ниже канала,short,rejected,Turtle 20,
19.517499999999995,no_fresh_breakout,168,ETH-USDT-SWAP,2145.0,нет свежего пробоя Donchian на последней закрытой свече,,rejected,,
0.0007000000000000006,no_fresh_breakout,168,FIL-USDT-SWAP,0.89,нет свежего пробоя Donchian на последней закрытой свече,,rejected,,
0.017049999999999878,no_fresh_breakout,168,ICP-USDT-SWAP,2.498,нет свежего пробоя Donchian на последней закрытой свече,,rejected,,
0.03170000000000006,no_fresh_breakout,168,KSM-USDT-SWAP,4.533,нет свежего пробоя Donchian на последней закрытой свече,,rejected,,
0.05894999999999957,no_fresh_breakout,168,LINK-USDT-SWAP,9.044,нет свежего пробоя Donchian на последней закрытой свече,,rejected,,
0.0028500000000000413,no_fresh_breakout,168,LPT-USDT-SWAP,2.224,нет свежего пробоя Donchian на последней закрытой свече,,rejected,,
0.00035500000000000256,no_fresh_breakout,168,LQTY-USDT-SWAP,0.2768,нет свежего пробоя Donchian на последней закрытой свече,,rejected,,
0.004433000000000001,no_fresh_breakout,168,MAGIC-USDT-SWAP,0.06213,нет свежего пробоя Donchian на последней закрытой свече,,rejected,,
5.500000000000088e-05,no_fresh_breakout,168,MET-USDT-SWAP,0.1552,нет свежего пробоя Donchian на последней закрытой свече,,rejected,,
0.00021850000000000065,no_fresh_breakout,168,OP-USDT-SWAP,0.1209,нет свежего пробоя Donchian на последней закрытой свече,,rejected,,
2.1450000000000003e-08,no_fresh_breakout,168,PEPE-USDT-SWAP,3.399e-06,нет свежего пробоя Donchian на последней закрытой свече,,rejected,,
0.0,atr_warmup:_цена_или_atr_недоступны_после_прогрева,168,SKY-USDT-SWAP,0.0,ATR warmup: цена или ATR недоступны после прогрева,,rejected,,
0.6070000000000008,no_fresh_breakout,168,SOL-USDT-SWAP,88.97,нет свежего пробоя Donchian на последней закрытой свече,,rejected,,
0.015110000000000007,no_fresh_breakout,168,SUSHI-USDT-SWAP,0.2056,нет свежего пробоя Donchian на последней закрытой свече,,rejected,,
0.007950000000000013,no_fresh_breakout,168,TON-USDT-SWAP,1.245,нет свежего пробоя Donchian на последней закрытой свече,,rejected,,
0.00042500000000000036,no_fresh_breakout,168,TRX-USDT-SWAP,0.3012,нет свежего пробоя Donchian на последней закрытой свече,,rejected,,
1.3919999999999988,no_fresh_breakout,168,TSLA-USDT-SWAP,382.77,нет свежего пробоя Donchian на последней закрытой свече,,rejected,,
0.0,закрытие_не_удержалось_ниже_канала,168,USDC-USDT-SWAP,0.0,закрытие не удержалось ниже канала,short,rejected,Turtle 20,
70.1,no_fresh_breakout,168,XAU-USDT-SWAP,4868.0,нет свежего пробоя Donchian на последней закрытой свече,,rejected,,
0.0,закрытие_не_удержалось_выше_канала,168,XLM-USDT-SWAP,0.0,закрытие не удержалось выше канала,long,rejected,Turtle 55,
0.0,закрытие_не_удержалось_выше_канала,168,XLM-USDT-SWAP,0.0,закрытие не удержалось выше канала,long,rejected,Turtle 20,
0.009620000000000007,no_fresh_breakout,168,XRP-USDT-SWAP,1.447,нет свежего пробоя Donchian на последней закрытой свече,,rejected,,
0.0,oversized_breakout_candle_5.65_atr_>_3.50_atr,168,YB-USDT-SWAP,0.0,oversized breakout candle 5.65 ATR > 3.50 ATR,long,rejected,Turtle 55,
0.0,oversized_breakout_candle_5.65_atr_>_3.50_atr,168,YB-USDT-SWAP,0.0,oversized breakout candle 5.65 ATR > 3.50 ATR,long,rejected,Turtle 20,
15.675000000000068,no_fresh_breakout,168,YFI-USDT-SWAP,2728.0,нет свежего пробоя Donchian на последней закрытой свече,,rejected,,
0.00037500000000000104,no_fresh_breakout,168,YGG-USDT-SWAP,0.0403,нет свежего пробоя Donchian на последней закрытой свече,,rejected,,
0.0012749999999999997,no_fresh_breakout,169,2Z-USDT-SWAP,0.079,нет свежего пробоя Donchian на последней закрытой свече,,rejected,,
0.274499999999999,no_fresh_breakout,169,AAVE-USDT-SWAP,112.0,нет свежего пробоя Donchian на последней закрытой свече,,rejected,,
0.011165000000000019,no_fresh_breakout,169,ASTER-USDT-SWAP,0.6958,нет свежего пробоя Donchian на последней закрытой свече,,rejected,,
0.06384999999999996,no_fresh_breakout,169,AUCTION-USDT-SWAP,5.084,нет свежего пробоя Donchian на последней закрытой свече,,rejected,,
0.011490000000000066,no_fresh_breakout,169,AXS-USDT-SWAP,1.1959,нет свежего пробоя Donchian на последней закрытой свече,,rejected,,
0.00024000000000000272,no_fresh_breakout,169,BAND-USDT-SWAP,0.2257,нет свежего пробоя Donchian на последней закрытой свече,,rejected,,
0.4399999999999892,no_fresh_breakout,169,BCH-USDT-SWAP,455.4,нет свежего пробоя Donchian на последней закрытой свече,,rejected,,
2.050000000000001e-06,no_fresh_breakout,169,BOME-USDT-SWAP,0.000419,нет свежего пробоя Donchian на последней закрытой свече,,rejected,,
309.5699999999997,no_fresh_breakout,169,BTC-USDT-SWAP,70345.3,нет свежего пробоя Donchian на последней закрытой свече,,rejected,,
0.0005049999999999999,no_fresh_breakout,169,CFX-USDT-SWAP,0.06213,нет свежего пробоя Donchian на последней закрытой свече,,rejected,,
0.12749999999999934,no_fresh_breakout,169,COMP-USDT-SWAP,18.92,нет свежего пробоя Donchian на последней закрытой свече,,rejected,,
0.0059,no_fresh_breakout,169,CRV-USDT-SWAP,0.2435,нет свежего пробоя Donchian на последней закрытой свече,,rejected,,
0.0,закрытие_не_удержалось_ниже_канала,169,ETC-USDT-SWAP,0.0,закрытие не удержалось ниже канала,short,rejected,Turtle 20,
19.517499999999995,no_fresh_breakout,169,ETH-USDT-SWAP,2145.0,нет свежего пробоя Donchian на последней закрытой свече,,rejected,,
0.0007000000000000006,no_fresh_breakout,169,FIL-USDT-SWAP,0.89,нет свежего пробоя Donchian на последней закрытой свече,,rejected,,
0.017049999999999878,no_fresh_breakout,169,ICP-USDT-SWAP,2.498,нет свежего пробоя Donchian на последней закрытой свече,,rejected,,
0.03170000000000006,no_fresh_breakout,169,KSM-USDT-SWAP,4.533,нет свежего пробоя Donchian на последней закрытой свече,,rejected,,
0.05894999999999957,no_fresh_breakout,169,LINK-USDT-SWAP,9.044,нет свежего пробоя Donchian на последней закрытой свече,,rejected,,
0.0028500000000000413,no_fresh_breakout,169,LPT-USDT-SWAP,2.224,нет свежего пробоя Donchian на последней закрытой свече,,rejected,,
0.00035500000000000256,no_fresh_breakout,169,LQTY-USDT-SWAP,0.2768,нет свежего пробоя Donchian на последней закрытой свече,,rejected,,
0.004433000000000001,no_fresh_breakout,169,MAGIC-USDT-SWAP,0.06213,нет свежего пробоя Donchian на последней закрытой свече,,rejected,,
5.500000000000088e-05,no_fresh_breakout,169,MET-USDT-SWAP,0.1552,нет свежего пробоя Donchian на последней закрытой свече,,rejected,,
0.00021850000000000065,no_fresh_breakout,169,OP-USDT-SWAP,0.1209,нет свежего пробоя Donchian на последней закрытой свече,,rejected,,
2.1450000000000003e-08,no_fresh_breakout,169,PEPE-USDT-SWAP,3.399e-06,нет свежего пробоя Donchian на последней закрытой свече,,rejected,,
0.0,atr_warmup:_цена_или_atr_недоступны_после_прогрева,169,SKY-USDT-SWAP,0.0,ATR warmup: цена или ATR недоступны после прогрева,,rejected,,
0.6070000000000008,no_fresh_breakout,169,SOL-USDT-SWAP,88.97,нет свежего пробоя Donchian на последней закрытой свече,,rejected,,
0.015110000000000007,no_fresh_breakout,169,SUSHI-USDT-SWAP,0.2056,нет свежего пробоя Donchian на последней закрытой свече,,rejected,,
0.007950000000000013,no_fresh_breakout,169,TON-USDT-SWAP,1.245,нет свежего пробоя Donchian на последней закрытой свече,,rejected,,
0.00042500000000000036,no_fresh_breakout,169,TRX-USDT-SWAP,0.3012,нет свежего пробоя Donchian на последней закрытой свече,,rejected,,
1.3919999999999988,no_fresh_breakout,169,TSLA-USDT-SWAP,382.77,нет свежего пробоя Donchian на последней закрытой свече,,rejected,,
0.0,закрытие_не_удержалось_ниже_канала,169,USDC-USDT-SWAP,0.0,закрытие не удержалось ниже канала,short,rejected,Turtle 20,
70.1,no_fresh_breakout,169,XAU-USDT-SWAP,4868.0,нет свежего пробоя Donchian на последней закрытой свече,,rejected,,
0.0,закрытие_не_удержалось_выше_канала,169,XLM-USDT-SWAP,0.0,закрытие не удержалось выше канала,long,rejected,Turtle 55,
0.0,закрытие_не_удержалось_выше_канала,169,XLM-USDT-SWAP,0.0,закрытие не удержалось выше канала,long,rejected,Turtle 20,
0.009620000000000007,no_fresh_breakout,169,XRP-USDT-SWAP,1.447,нет свежего пробоя Donchian на последней закрытой свече,,rejected,,
0.0,oversized_breakout_candle_5.65_atr_>_3.50_atr,169,YB-USDT-SWAP,0.0,oversized breakout candle 5.65 ATR > 3.50 ATR,long,rejected,Turtle 55,
0.0,oversized_breakout_candle_5.65_atr_>_3.50_atr,169,YB-USDT-SWAP,0.0,oversized breakout candle 5.65 ATR > 3.50 ATR,long,rejected,Turtle 20,
15.675000000000068,no_fresh_breakout,169,YFI-USDT-SWAP,2728.0,нет свежего пробоя Donchian на последней закрытой свече,,rejected,,
0.00037500000000000104,no_fresh_breakout,169,YGG-USDT-SWAP,0.0403,нет свежего пробоя Donchian на последней закрытой свече,,rejected,,
0.0012749999999999997,no_fresh_breakout,170,2Z-USDT-SWAP,0.079,нет свежего пробоя Donchian на последней закрытой свече,,rejected,,
0.274499999999999,no_fresh_breakout,170,AAVE-USDT-SWAP,112.0,нет свежего пробоя Donchian на последней закрытой свече,,rejected,,
0.011165000000000019,no_fresh_breakout,170,ASTER-USDT-SWAP,0.6958,нет свежего пробоя Donchian на последней закрытой свече,,rejected,,
0.06384999999999996,no_fresh_breakout,170,AUCTION-USDT-SWAP,5.084,нет свежего пробоя Donchian на последней закрытой свече,,rejected,,
0.011490000000000066,no_fresh_breakout,170,AXS-USDT-SWAP,1.1959,нет свежего пробоя Donchian на последней закрытой свече,,rejected,,
0.00024000000000000272,no_fresh_breakout,170,BAND-USDT-SWAP,0.2257,нет свежего пробоя Donchian на последней закрытой свече,,rejected,,
0.4399999999999892,no_fresh_breakout,170,BCH-USDT-SWAP,455.4,нет свежего пробоя Donchian на последней закрытой свече,,rejected,,
2.050000000000001e-06,no_fresh_breakout,170,BOME-USDT-SWAP,0.000419,нет свежего пробоя Donchian на последней закрытой свече,,rejected,,
309.5699999999997,no_fresh_breakout,170,BTC-USDT-SWAP,70345.3,нет свежего пробоя Donchian на последней закрытой свече,,rejected,,
0.0005049999999999999,no_fresh_breakout,170,CFX-USDT-SWAP,0.06213,нет свежего пробоя Donchian на последней закрытой свече,,rejected,,
0.12749999999999934,no_fresh_breakout,170,COMP-USDT-SWAP,18.92,нет свежего пробоя Donchian на последней закрытой свече,,rejected,,
0.0059,no_fresh_breakout,170,CRV-USDT-SWAP,0.2435,нет свежего пробоя Donchian на последней закрытой свече,,rejected,,
0.0,закрытие_не_удержалось_ниже_канала,170,ETC-USDT-SWAP,0.0,закрытие не удержалось ниже канала,short,rejected,Turtle 20,
19.517499999999995,no_fresh_breakout,170,ETH-USDT-SWAP,2145.0,нет свежего пробоя Donchian на последней закрытой свече,,rejected,,
0.0007000000000000006,no_fresh_breakout,170,FIL-USDT-SWAP,0.89,нет свежего пробоя Donchian на последней закрытой свече,,rejected,,
0.017049999999999878,no_fresh_breakout,170,ICP-USDT-SWAP,2.498,нет свежего пробоя Donchian на последней закрытой свече,,rejected,,
0.03170000000000006,no_fresh_breakout,170,KSM-USDT-SWAP,4.533,нет свежего пробоя Donchian на последней закрытой свече,,rejected,,
0.05894999999999957,no_fresh_breakout,170,LINK-USDT-SWAP,9.044,нет свежего пробоя Donchian на последней закрытой свече,,rejected,,
0.0028500000000000413,no_fresh_breakout,170,LPT-USDT-SWAP,2.224,нет свежего пробоя Donchian на последней закрытой свече,,rejected,,
0.00035500000000000256,no_fresh_breakout,170,LQTY-USDT-SWAP,0.2768,нет свежего пробоя Donchian на последней закрытой свече,,rejected,,
0.004433000000000001,no_fresh_breakout,170,MAGIC-USDT-SWAP,0.06213,нет свежего пробоя Donchian на последней закрытой свече,,rejected,,
5.500000000000088e-05,no_fresh_breakout,170,MET-USDT-SWAP,0.1552,нет свежего пробоя Donchian на последней закрытой свече,,rejected,,
0.00021850000000000065,no_fresh_breakout,170,OP-USDT-SWAP,0.1209,нет свежего пробоя Donchian на последней закрытой свече,,rejected,,
2.1450000000000003e-08,no_fresh_breakout,170,PEPE-USDT-SWAP,3.399e-06,нет свежего пробоя Donchian на последней закрытой свече,,rejected,,
0.0,atr_warmup:_цена_или_atr_недоступны_после_прогрева,170,SKY-USDT-SWAP,0.0,ATR warmup: цена или ATR недоступны после прогрева,,rejected,,
0.6070000000000008,no_fresh_breakout,170,SOL-USDT-SWAP,88.97,нет свежего пробоя Donchian на последней закрытой свече,,rejected,,
0.015110000000000007,no_fresh_breakout,170,SUSHI-USDT-SWAP,0.2056,нет свежего пробоя Donchian на последней закрытой свече,,rejected,,
0.007950000000000013,no_fresh_breakout,170,TON-USDT-SWAP,1.245,нет свежего пробоя Donchian на последней закрытой свече,,rejected,,
0.00042500000000000036,no_fresh_breakout,170,TRX-USDT-SWAP,0.3012,нет свежего пробоя Donchian на последней закрытой свече,,rejected,,
1.3919999999999988,no_fresh_breakout,170,TSLA-USDT-SWAP,382.77,нет свежего пробоя Donchian на последней закрытой свече,,rejected,,
0.0,закрытие_не_удержалось_ниже_канала,170,USDC-USDT-SWAP,0.0,закрытие не удержалось ниже канала,short,rejected,Turtle 20,
70.1,no_fresh_breakout,170,XAU-USDT-SWAP,4868.0,нет свежего пробоя Donchian на последней закрытой свече,,rejected,,
0.0,закрытие_не_удержалось_выше_канала,170,XLM-USDT-SWAP,0.0,закрытие не удержалось выше канала,long,rejected,Turtle 55,
0.0,закрытие_не_удержалось_выше_канала,170,XLM-USDT-SWAP,0.0,закрытие не удержалось выше канала,long,rejected,Turtle 20,
0.009620000000000007,no_fresh_breakout,170,XRP-USDT-SWAP,1.447,нет свежего пробоя Donchian на последней закрытой свече,,rejected,,
0.0,oversized_breakout_candle_5.65_atr_>_3.50_atr,170,YB-USDT-SWAP,0.0,oversized breakout candle 5.65 ATR > 3.50 ATR,long,rejected,Turtle 55,
0.0,oversized_breakout_candle_5.65_atr_>_3.50_atr,170,YB-USDT-SWAP,0.0,oversized breakout candle 5.65 ATR > 3.50 ATR,long,rejected,Turtle 20,
15.675000000000068,no_fresh_breakout,170,YFI-USDT-SWAP,2728.0,нет свежего пробоя Donchian на последней закрытой свече,,rejected,,
0.00037500000000000104,no_fresh_breakout,170,YGG-USDT-SWAP,0.0403,нет свежего пробоя Donchian на последней закрытой свече,,rejected,,
0.0012749999999999997,no_fresh_breakout,171,2Z-USDT-SWAP,0.079,нет свежего пробоя Donchian на последней закрытой свече,,rejected,,
0.274499999999999,no_fresh_breakout,171,AAVE-USDT-SWAP,112.0,нет свежего пробоя Donchian на последней закрытой свече,,rejected,,
0.011165000000000019,no_fresh_breakout,171,ASTER-USDT-SWAP,0.6958,нет свежего пробоя Donchian на последней закрытой свече,,rejected,,
0.06384999999999996,no_fresh_breakout,171,AUCTION-USDT-SWAP,5.084,нет свежего пробоя Donchian на последней закрытой свече,,rejected,,
0.011490000000000066,no_fresh_breakout,171,AXS-USDT-SWAP,1.1959,нет свежего пробоя Donchian на последней закрытой свече,,rejected,,
0.00024000000000000272,no_fresh_breakout,171,BAND-USDT-SWAP,0.2257,нет свежего пробоя Donchian на последней закрытой свече,,rejected,,
0.4399999999999892,no_fresh_breakout,171,BCH-USDT-SWAP,455.4,нет свежего пробоя Donchian на последней закрытой свече,,rejected,,
2.050000000000001e-06,no_fresh_breakout,171,BOME-USDT-SWAP,0.000419,нет свежего пробоя Donchian на последней закрытой свече,,rejected,,
309.5699999999997,no_fresh_breakout,171,BTC-USDT-SWAP,70345.3,нет свежего пробоя Donchian на последней закрытой свече,,rejected,,
0.0005049999999999999,no_fresh_breakout,171,CFX-USDT-SWAP,0.06213,нет свежего пробоя Donchian на последней закрытой свече,,rejected,,
0.12749999999999934,no_fresh_breakout,171,COMP-USDT-SWAP,18.92,нет свежего пробоя Donchian на последней закрытой свече,,rejected,,
0.0059,no_fresh_breakout,171,CRV-USDT-SWAP,0.2435,нет свежего пробоя Donchian на последней закрытой свече,,rejected,,
0.0,закрытие_не_удержалось_ниже_канала,171,ETC-USDT-SWAP,0.0,закрытие не удержалось ниже канала,short,rejected,Turtle 20,
19.517499999999995,no_fresh_breakout,171,ETH-USDT-SWAP,2145.0,нет свежего пробоя Donchian на последней закрытой свече,,rejected,,
0.0007000000000000006,no_fresh_breakout,171,FIL-USDT-SWAP,0.89,нет свежего пробоя Donchian на последней закрытой свече,,rejected,,
0.017049999999999878,no_fresh_breakout,171,ICP-USDT-SWAP,2.498,нет свежего пробоя Donchian на последней закрытой свече,,rejected,,
0.03170000000000006,no_fresh_breakout,171,KSM-USDT-SWAP,4.533,нет свежего пробоя Donchian на последней закрытой свече,,rejected,,
0.05894999999999957,no_fresh_breakout,171,LINK-USDT-SWAP,9.044,нет свежего пробоя Donchian на последней закрытой свече,,rejected,,
0.0028500000000000413,no_fresh_breakout,171,LPT-USDT-SWAP,2.224,нет свежего пробоя Donchian на последней закрытой свече,,rejected,,
0.00035500000000000256,no_fresh_breakout,171,LQTY-USDT-SWAP,0.2768,нет свежего пробоя Donchian на последней закрытой свече,,rejected,,
0.004433000000000001,no_fresh_breakout,171,MAGIC-USDT-SWAP,0.06213,нет свежего пробоя Donchian на последней закрытой свече,,rejected,,
5.500000000000088e-05,no_fresh_breakout,171,MET-USDT-SWAP,0.1552,нет свежего пробоя Donchian на последней закрытой свече,,rejected,,
0.00021850000000000065,no_fresh_breakout,171,OP-USDT-SWAP,0.1209,нет свежего пробоя Donchian на последней закрытой свече,,rejected,,
2.1450000000000003e-08,no_fresh_breakout,171,PEPE-USDT-SWAP,3.399e-06,нет свежего пробоя Donchian на последней закрытой свече,,rejected,,
0.0,atr_warmup:_цена_или_atr_недоступны_после_прогрева,171,SKY-USDT-SWAP,0.0,ATR warmup: цена или ATR недоступны после прогрева,,rejected,,
0.6070000000000008,no_fresh_breakout,171,SOL-USDT-SWAP,88.97,нет свежего пробоя Donchian на последней закрытой свече,,rejected,,
0.015110000000000007,no_fresh_breakout,171,SUSHI-USDT-SWAP,0.2056,нет свежего пробоя Donchian на последней закрытой свече,,rejected,,
0.007950000000000013,no_fresh_breakout,171,TON-USDT-SWAP,1.245,нет свежего пробоя Donchian на последней закрытой свече,,rejected,,
0.00042500000000000036,no_fresh_breakout,171,TRX-USDT-SWAP,0.3012,нет свежего пробоя Donchian на последней закрытой свече,,rejected,,
1.3919999999999988,no_fresh_breakout,171,TSLA-USDT-SWAP,382.77,нет свежего пробоя Donchian на последней закрытой свече,,rejected,,
0.0,закрытие_не_удержалось_ниже_канала,171,USDC-USDT-SWAP,0.0,закрытие не удержалось ниже канала,short,rejected,Turtle 20,
70.1,no_fresh_breakout,171,XAU-USDT-SWAP,4868.0,нет свежего пробоя Donchian на последней закрытой свече,,rejected,,
0.0,закрытие_не_удержалось_выше_канала,171,XLM-USDT-SWAP,0.0,закрытие не удержалось выше канала,long,rejected,Turtle 55,
0.0,закрытие_не_удержалось_выше_канала,171,XLM-USDT-SWAP,0.0,закрытие не удержалось выше канала,long,rejected,Turtle 20,
0.009620000000000007,no_fresh_breakout,171,XRP-USDT-SWAP,1.447,нет свежего пробоя Donchian на последней закрытой свече,,rejected,,
0.0,oversized_breakout_candle_5.65_atr_>_3.50_atr,171,YB-USDT-SWAP,0.0,oversized breakout candle 5.65 ATR > 3.50 ATR,long,rejected,Turtle 55,
0.0,oversized_breakout_candle_5.65_atr_>_3.50_atr,171,YB-USDT-SWAP,0.0,oversized breakout candle 5.65 ATR > 3.50 ATR,long,rejected,Turtle 20,
15.675000000000068,no_fresh_breakout,171,YFI-USDT-SWAP,2728.0,нет свежего пробоя Donchian на последней закрытой свече,,rejected,,
0.00037500000000000104,no_fresh_breakout,171,YGG-USDT-SWAP,0.0403,нет свежего пробоя Donchian на последней закрытой свече,,rejected,,
0.0012749999999999997,no_fresh_breakout,172,2Z-USDT-SWAP,0.079,нет свежего пробоя Donchian на последней закрытой свече,,rejected,,
0.274499999999999,no_fresh_breakout,172,AAVE-USDT-SWAP,112.0,нет свежего пробоя Donchian на последней закрытой свече,,rejected,,
0.011165000000000019,no_fresh_breakout,172,ASTER-USDT-SWAP,0.6958,нет свежего пробоя Donchian на последней закрытой свече,,rejected,,
0.06384999999999996,no_fresh_breakout,172,AUCTION-USDT-SWAP,5.084,нет свежего пробоя Donchian на последней закрытой свече,,rejected,,
0.011490000000000066,no_fresh_breakout,172,AXS-USDT-SWAP,1.1959,нет свежего пробоя Donchian на последней закрытой свече,,rejected,,
0.00024000000000000272,no_fresh_breakout,172,BAND-USDT-SWAP,0.2257,нет свежего пробоя Donchian на последней закрытой свече,,rejected,,
0.4399999999999892,no_fresh_breakout,172,BCH-USDT-SWAP,455.4,нет свежего пробоя Donchian на последней закрытой свече,,rejected,,
2.050000000000001e-06,no_fresh_breakout,172,BOME-USDT-SWAP,0.000419,нет свежего пробоя Donchian на последней закрытой свече,,rejected,,
309.5699999999997,no_fresh_breakout,172,BTC-USDT-SWAP,70345.3,нет свежего пробоя Donchian на последней закрытой свече,,rejected,,
0.0005049999999999999,no_fresh_breakout,172,CFX-USDT-SWAP,0.06213,нет свежего пробоя Donchian на последней закрытой свече,,rejected,,
0.0003130000000000015,no_fresh_breakout,172,CHZ-USDT-SWAP,0.03589,нет свежего пробоя Donchian на последней закрытой свече,,rejected,,
0.12749999999999934,no_fresh_breakout,172,COMP-USDT-SWAP,18.92,нет свежего пробоя Donchian на последней закрытой свече,,rejected,,
0.0059,no_fresh_breakout,172,CRV-USDT-SWAP,0.2435,нет свежего пробоя Donchian на последней закрытой свече,,rejected,,
0.0,закрытие_не_удержалось_ниже_канала,172,ETC-USDT-SWAP,0.0,закрытие не удержалось ниже канала,short,rejected,Turtle 20,
19.517499999999995,no_fresh_breakout,172,ETH-USDT-SWAP,2145.0,нет свежего пробоя Donchian на последней закрытой свече,,rejected,,
0.0007000000000000006,no_fresh_breakout,172,FIL-USDT-SWAP,0.89,нет свежего пробоя Donchian на последней закрытой свече,,rejected,,
0.017049999999999878,no_fresh_breakout,172,ICP-USDT-SWAP,2.498,нет свежего пробоя Donchian на последней закрытой свече,,rejected,,
0.03170000000000006,no_fresh_breakout,172,KSM-USDT-SWAP,4.533,нет свежего пробоя Donchian на последней закрытой свече,,rejected,,
0.05894999999999957,no_fresh_breakout,172,LINK-USDT-SWAP,9.044,нет свежего пробоя Donchian на последней закрытой свече,,rejected,,
0.0028500000000000413,no_fresh_breakout,172,LPT-USDT-SWAP,2.224,нет свежего пробоя Donchian на последней закрытой свече,,rejected,,
0.00035500000000000256,no_fresh_breakout,172,LQTY-USDT-SWAP,0.2768,нет свежего пробоя Donchian на последней закрытой свече,,rejected,,
0.004433000000000001,no_fresh_breakout,172,MAGIC-USDT-SWAP,0.06213,нет свежего пробоя Donchian на последней закрытой свече,,rejected,,
5.500000000000088e-05,no_fresh_breakout,172,MET-USDT-SWAP,0.1552,нет свежего пробоя Donchian на последней закрытой свече,,rejected,,
0.00021850000000000065,no_fresh_breakout,172,OP-USDT-SWAP,0.1209,нет свежего пробоя Donchian на последней закрытой свече,,rejected,,
2.1450000000000003e-08,no_fresh_breakout,172,PEPE-USDT-SWAP,3.399e-06,нет свежего пробоя Donchian на последней закрытой свече,,rejected,,
0.0,atr_warmup:_цена_или_atr_недоступны_после_прогрева,172,SKY-USDT-SWAP,0.0,ATR warmup: цена или ATR недоступны после прогрева,,rejected,,
0.6070000000000008,no_fresh_breakout,172,SOL-USDT-SWAP,88.97,нет свежего пробоя Donchian на последней закрытой свече,,rejected,,
0.015110000000000007,no_fresh_breakout,172,SUSHI-USDT-SWAP,0.2056,нет свежего пробоя Donchian на последней закрытой свече,,rejected,,
0.007950000000000013,no_fresh_breakout,172,TON-USDT-SWAP,1.245,нет свежего пробоя Donchian на последней закрытой свече,,rejected,,
0.00042500000000000036,no_fresh_breakout,172,TRX-USDT-SWAP,0.3012,нет свежего пробоя Donchian на последней закрытой свече,,rejected,,
1.3919999999999988,no_fresh_breakout,172,TSLA-USDT-SWAP,382.77,нет свежего пробоя Donchian на последней закрытой свече,,rejected,,
0.0,закрытие_не_удержалось_ниже_канала,172,USDC-USDT-SWAP,0.0,закрытие не удержалось ниже канала,short,rejected,Turtle 20,
70.1,no_fresh_breakout,172,XAU-USDT-SWAP,4868.0,нет свежего пробоя Donchian на последней закрытой свече,,rejected,,
0.0,закрытие_не_удержалось_выше_канала,172,XLM-USDT-SWAP,0.0,закрытие не удержалось выше канала,long,rejected,Turtle 55,
0.0,закрытие_не_удержалось_выше_канала,172,XLM-USDT-SWAP,0.0,закрытие не удержалось выше канала,long,rejected,Turtle 20,
0.009620000000000007,no_fresh_breakout,172,XRP-USDT-SWAP,1.447,нет свежего пробоя Donchian на последней закрытой свече,,rejected,,
0.0,oversized_breakout_candle_5.65_atr_>_3.50_atr,172,YB-USDT-SWAP,0.0,oversized breakout candle 5.65 ATR > 3.50 ATR,long,rejected,Turtle 55,
0.0,oversized_breakout_candle_5.65_atr_>_3.50_atr,172,YB-USDT-SWAP,0.0,oversized breakout candle 5.65 ATR > 3.50 ATR,long,rejected,Turtle 20,
15.675000000000068,no_fresh_breakout,172,YFI-USDT-SWAP,2728.0,нет свежего пробоя Donchian на последней закрытой свече,,rejected,,
0.00037500000000000104,no_fresh_breakout,172,YGG-USDT-SWAP,0.0403,нет свежего пробоя Donchian на последней закрытой свече,,rejected,,
0.0012749999999999997,no_fresh_breakout,173,2Z-USDT-SWAP,0.079,нет свежего пробоя Donchian на последней закрытой свече,,rejected,,
0.274499999999999,no_fresh_breakout,173,AAVE-USDT-SWAP,112.0,нет свежего пробоя Donchian на последней закрытой свече,,rejected,,
0.011165000000000019,no_fresh_breakout,173,ASTER-USDT-SWAP,0.6958,нет свежего пробоя Donchian на последней закрытой свече,,rejected,,
0.06384999999999996,no_fresh_breakout,173,AUCTION-USDT-SWAP,5.084,нет свежего пробоя Donchian на последней закрытой свече,,rejected,,
0.011490000000000066,no_fresh_breakout,173,AXS-USDT-SWAP,1.1959,нет свежего пробоя Donchian на последней закрытой свече,,rejected,,
0.00024000000000000272,no_fresh_breakout,173,BAND-USDT-SWAP,0.2257,нет свежего пробоя Donchian на последней закрытой свече,,rejected,,
0.4399999999999892,no_fresh_breakout,173,BCH-USDT-SWAP,455.4,нет свежего пробоя Donchian на последней закрытой свече,,rejected,,
2.050000000000001e-06,no_fresh_breakout,173,BOME-USDT-SWAP,0.000419,нет свежего пробоя Donchian на последней закрытой свече,,rejected,,
309.5699999999997,no_fresh_breakout,173,BTC-USDT-SWAP,70345.3,нет свежего пробоя Donchian на последней закрытой свече,,rejected,,
0.0005049999999999999,no_fresh_breakout,173,CFX-USDT-SWAP,0.06213,нет свежего пробоя Donchian на последней закрытой свече,,rejected,,
0.0003130000000000015,no_fresh_breakout,173,CHZ-USDT-SWAP,0.03589,нет свежего пробоя Donchian на последней закрытой свече,,rejected,,
0.12749999999999934,no_fresh_breakout,173,COMP-USDT-SWAP,18.92,нет свежего пробоя Donchian на последней закрытой свече,,rejected,,
0.0059,no_fresh_breakout,173,CRV-USDT-SWAP,0.2435,нет свежего пробоя Donchian на последней закрытой свече,,rejected,,
0.0,закрытие_не_удержалось_ниже_канала,173,ETC-USDT-SWAP,0.0,закрытие не удержалось ниже канала,short,rejected,Turtle 20,
19.517499999999995,no_fresh_breakout,173,ETH-USDT-SWAP,2145.0,нет свежего пробоя Donchian на последней закрытой свече,,rejected,,
0.0007000000000000006,no_fresh_breakout,173,FIL-USDT-SWAP,0.89,нет свежего пробоя Donchian на последней закрытой свече,,rejected,,
0.017049999999999878,no_fresh_breakout,173,ICP-USDT-SWAP,2.498,нет свежего пробоя Donchian на последней закрытой свече,,rejected,,
0.03170000000000006,no_fresh_breakout,173,KSM-USDT-SWAP,4.533,нет свежего пробоя Donchian на последней закрытой свече,,rejected,,
0.05894999999999957,no_fresh_breakout,173,LINK-USDT-SWAP,9.044,нет свежего пробоя Donchian на последней закрытой свече,,rejected,,
0.0028500000000000413,no_fresh_breakout,173,LPT-USDT-SWAP,2.224,нет свежего пробоя Donchian на последней закрытой свече,,rejected,,
0.00035500000000000256,no_fresh_breakout,173,LQTY-USDT-SWAP,0.2768,нет свежего пробоя Donchian на последней закрытой свече,,rejected,,
0.004433000000000001,no_fresh_breakout,173,MAGIC-USDT-SWAP,0.06213,нет свежего пробоя Donchian на последней закрытой свече,,rejected,,
5.500000000000088e-05,no_fresh_breakout,173,MET-USDT-SWAP,0.1552,нет свежего пробоя Donchian на последней закрытой свече,,rejected,,
0.00021850000000000065,no_fresh_breakout,173,OP-USDT-SWAP,0.1209,нет свежего пробоя Donchian на последней закрытой свече,,rejected,,
2.1450000000000003e-08,no_fresh_breakout,173,PEPE-USDT-SWAP,3.399e-06,нет свежего пробоя Donchian на последней закрытой свече,,rejected,,
0.0,atr_warmup:_цена_или_atr_недоступны_после_прогрева,173,SKY-USDT-SWAP,0.0,ATR warmup: цена или ATR недоступны после прогрева,,rejected,,
0.6070000000000008,no_fresh_breakout,173,SOL-USDT-SWAP,88.97,нет свежего пробоя Donchian на последней закрытой свече,,rejected,,
0.015110000000000007,no_fresh_breakout,173,SUSHI-USDT-SWAP,0.2056,нет свежего пробоя Donchian на последней закрытой свече,,rejected,,
0.007950000000000013,no_fresh_breakout,173,TON-USDT-SWAP,1.245,нет свежего пробоя Donchian на последней закрытой свече,,rejected,,
0.00042500000000000036,no_fresh_breakout,173,TRX-USDT-SWAP,0.3012,нет свежего пробоя Donchian на последней закрытой свече,,rejected,,
1.3919999999999988,no_fresh_breakout,173,TSLA-USDT-SWAP,382.77,нет свежего пробоя Donchian на последней закрытой свече,,rejected,,
0.0,закрытие_не_удержалось_ниже_канала,173,USDC-USDT-SWAP,0.0,закрытие не удержалось ниже канала,short,rejected,Turtle 20,
70.1,no_fresh_breakout,173,XAU-USDT-SWAP,4868.0,нет свежего пробоя Donchian на последней закрытой свече,,rejected,,
0.0,закрытие_не_удержалось_выше_канала,173,XLM-USDT-SWAP,0.0,закрытие не удержалось выше канала,long,rejected,Turtle 55,
0.0,закрытие_не_удержалось_выше_канала,173,XLM-USDT-SWAP,0.0,закрытие не удержалось выше канала,long,rejected,Turtle 20,
0.009620000000000007,no_fresh_breakout,173,XRP-USDT-SWAP,1.447,нет свежего пробоя Donchian на последней закрытой свече,,rejected,,
0.0,oversized_breakout_candle_5.65_atr_>_3.50_atr,173,YB-USDT-SWAP,0.0,oversized breakout candle 5.65 ATR > 3.50 ATR,long,rejected,Turtle 55,
0.0,oversized_breakout_candle_5.65_atr_>_3.50_atr,173,YB-USDT-SWAP,0.0,oversized breakout candle 5.65 ATR > 3.50 ATR,long,rejected,Turtle 20,
15.675000000000068,no_fresh_breakout,173,YFI-USDT-SWAP,2728.0,нет свежего пробоя Donchian на последней закрытой свече,,rejected,,
0.00037500000000000104,no_fresh_breakout,173,YGG-USDT-SWAP,0.0403,нет свежего пробоя Donchian на последней закрытой свече,,rejected,,
0.0012749999999999997,no_fresh_breakout,174,2Z-USDT-SWAP,0.079,нет свежего пробоя Donchian на последней закрытой свече,,rejected,,
0.274499999999999,no_fresh_breakout,174,AAVE-USDT-SWAP,112.0,нет свежего пробоя Donchian на последней закрытой свече,,rejected,,
0.011165000000000019,no_fresh_breakout,174,ASTER-USDT-SWAP,0.6958,нет свежего пробоя Donchian на последней закрытой свече,,rejected,,
0.06384999999999996,no_fresh_breakout,174,AUCTION-USDT-SWAP,5.084,нет свежего пробоя Donchian на последней закрытой свече,,rejected,,
0.011490000000000066,no_fresh_breakout,174,AXS-USDT-SWAP,1.1959,нет свежего пробоя Donchian на последней закрытой свече,,rejected,,
0.00024000000000000272,no_fresh_breakout,174,BAND-USDT-SWAP,0.2257,нет свежего пробоя Donchian на последней закрытой свече,,rejected,,
0.4399999999999892,no_fresh_breakout,174,BCH-USDT-SWAP,455.4,нет свежего пробоя Donchian на последней закрытой свече,,rejected,,
2.050000000000001e-06,no_fresh_breakout,174,BOME-USDT-SWAP,0.000419,нет свежего пробоя Donchian на последней закрытой свече,,rejected,,
309.5699999999997,no_fresh_breakout,174,BTC-USDT-SWAP,70345.3,нет свежего пробоя Donchian на последней закрытой свече,,rejected,,
0.0005049999999999999,no_fresh_breakout,174,CFX-USDT-SWAP,0.06213,нет свежего пробоя Donchian на последней закрытой свече,,rejected,,
0.0003130000000000015,no_fresh_breakout,174,CHZ-USDT-SWAP,0.03589,нет свежего пробоя Donchian на последней закрытой свече,,rejected,,
0.12749999999999934,no_fresh_breakout,174,COMP-USDT-SWAP,18.92,нет свежего пробоя Donchian на последней закрытой свече,,rejected,,
0.0059,no_fresh_breakout,174,CRV-USDT-SWAP,0.2435,нет свежего пробоя Donchian на последней закрытой свече,,rejected,,
0.0,закрытие_не_удержалось_ниже_канала,174,ETC-USDT-SWAP,0.0,закрытие не удержалось ниже канала,short,rejected,Turtle 20,
0.0007000000000000006,no_fresh_breakout,174,FIL-USDT-SWAP,0.89,нет свежего пробоя Donchian на последней закрытой свече,,rejected,,
0.017049999999999878,no_fresh_breakout,174,ICP-USDT-SWAP,2.498,нет свежего пробоя Donchian на последней закрытой свече,,rejected,,
0.03170000000000006,no_fresh_breakout,174,KSM-USDT-SWAP,4.533,нет свежего пробоя Donchian на последней закрытой свече,,rejected,,
0.05894999999999957,no_fresh_breakout,174,LINK-USDT-SWAP,9.044,нет свежего пробоя Donchian на последней закрытой свече,,rejected,,
0.0028500000000000413,no_fresh_breakout,174,LPT-USDT-SWAP,2.224,нет свежего пробоя Donchian на последней закрытой свече,,rejected,,
0.00035500000000000256,no_fresh_breakout,174,LQTY-USDT-SWAP,0.2768,нет свежего пробоя Donchian на последней закрытой свече,,rejected,,
0.004433000000000001,no_fresh_breakout,174,MAGIC-USDT-SWAP,0.06213,нет свежего пробоя Donchian на последней закрытой свече,,rejected,,
5.500000000000088e-05,no_fresh_breakout,174,MET-USDT-SWAP,0.1552,нет свежего пробоя Donchian на последней закрытой свече,,rejected,,
0.00021850000000000065,no_fresh_breakout,174,OP-USDT-SWAP,0.1209,нет свежего пробоя Donchian на последней закрытой свече,,rejected,,
2.1450000000000003e-08,no_fresh_breakout,174,PEPE-USDT-SWAP,3.399e-06,нет свежего пробоя Donchian на последней закрытой свече,,rejected,,
0.0,atr_warmup:_цена_или_atr_недоступны_после_прогрева,174,SKY-USDT-SWAP,0.0,ATR warmup: цена или ATR недоступны после прогрева,,rejected,,
0.6070000000000008,no_fresh_breakout,174,SOL-USDT-SWAP,88.97,нет свежего пробоя Donchian на последней закрытой свече,,rejected,,
0.015110000000000007,no_fresh_breakout,174,SUSHI-USDT-SWAP,0.2056,нет свежего пробоя Donchian на последней закрытой свече,,rejected,,
0.007950000000000013,no_fresh_breakout,174,TON-USDT-SWAP,1.245,нет свежего пробоя Donchian на последней закрытой свече,,rejected,,
0.00042500000000000036,no_fresh_breakout,174,TRX-USDT-SWAP,0.3012,нет свежего пробоя Donchian на последней закрытой свече,,rejected,,
1.3919999999999988,no_fresh_breakout,174,TSLA-USDT-SWAP,382.77,нет свежего пробоя Donchian на последней закрытой свече,,rejected,,
0.0,закрытие_не_удержалось_ниже_канала,174,USDC-USDT-SWAP,0.0,закрытие не удержалось ниже канала,short,rejected,Turtle 20,
70.1,no_fresh_breakout,174,XAU-USDT-SWAP,4868.0,нет свежего пробоя Donchian на последней закрытой свече,,rejected,,
0.0,закрытие_не_удержалось_выше_канала,174,XLM-USDT-SWAP,0.0,закрытие не удержалось выше канала,long,rejected,Turtle 55,
0.0,закрытие_не_удержалось_выше_канала,174,XLM-USDT-SWAP,0.0,закрытие не удержалось выше канала,long,rejected,Turtle 20,
0.009620000000000007,no_fresh_breakout,174,XRP-USDT-SWAP,1.447,нет свежего пробоя Donchian на последней закрытой свече,,rejected,,
0.0,oversized_breakout_candle_5.65_atr_>_3.50_atr,174,YB-USDT-SWAP,0.0,oversized breakout candle 5.65 ATR > 3.50 ATR,long,rejected,Turtle 55,
0.0,oversized_breakout_candle_5.65_atr_>_3.50_atr,174,YB-USDT-SWAP,0.0,oversized breakout candle 5.65 ATR > 3.50 ATR,long,rejected,Turtle 20,
15.675000000000068,no_fresh_breakout,174,YFI-USDT-SWAP,2728.0,нет свежего пробоя Donchian на последней закрытой свече,,rejected,,
0.00037500000000000104,no_fresh_breakout,174,YGG-USDT-SWAP,0.0403,нет свежего пробоя Donchian на последней закрытой свече,,rejected,,
0.0012499999999999998,no_fresh_breakout,175,2Z-USDT-SWAP,0.0789,нет свежего пробоя Donchian на последней закрытой свече,,rejected,,
0.2819999999999993,no_fresh_breakout,175,AAVE-USDT-SWAP,111.76,нет свежего пробоя Donchian на последней закрытой свече,,rejected,,
0.010885000000000016,no_fresh_breakout,175,ASTER-USDT-SWAP,0.6939,нет свежего пробоя Donchian на последней закрытой свече,,rejected,,
0.06614999999999993,no_fresh_breakout,175,AUCTION-USDT-SWAP,5.072,нет свежего пробоя Donchian на последней закрытой свече,,rejected,,
0.012945000000000073,no_fresh_breakout,175,AXS-USDT-SWAP,1.1934,нет свежего пробоя Donchian на последней закрытой свече,,rejected,,
0.00022000000000000215,no_fresh_breakout,175,BAND-USDT-SWAP,0.2257,нет свежего пробоя Donchian на последней закрытой свече,,rejected,,
0.0,закрытие_не_удержалось_выше_канала,175,BCH-USDT-SWAP,0.0,закрытие не удержалось выше канала,long,rejected,Turtle 20,
2.050000000000001e-06,no_fresh_breakout,175,BOME-USDT-SWAP,0.000417,нет свежего пробоя Donchian на последней закрытой свече,,rejected,,
309.47999999999956,no_fresh_breakout,175,BTC-USDT-SWAP,70263.6,нет свежего пробоя Donchian на последней закрытой свече,,rejected,,
0.0005034999999999998,no_fresh_breakout,175,CFX-USDT-SWAP,0.062,нет свежего пробоя Donchian на последней закрытой свече,,rejected,,
0.00030950000000000145,no_fresh_breakout,175,CHZ-USDT-SWAP,0.03576,нет свежего пробоя Donchian на последней закрытой свече,,rejected,,
0.12749999999999934,no_fresh_breakout,175,COMP-USDT-SWAP,18.96,нет свежего пробоя Donchian на последней закрытой свече,,rejected,,
0.02949999999999999,no_fresh_breakout,175,ETC-USDT-SWAP,8.33,нет свежего пробоя Donchian на последней закрытой свече,,rejected,,
0.0007500000000000007,no_fresh_breakout,175,FIL-USDT-SWAP,0.889,нет свежего пробоя Donchian на последней закрытой свече,,rejected,,
0.017099999999999872,no_fresh_breakout,175,ICP-USDT-SWAP,2.493,нет свежего пробоя Donchian на последней закрытой свече,,rejected,,
0.030950000000000123,no_fresh_breakout,175,KSM-USDT-SWAP,4.522,нет свежего пробоя Donchian на последней закрытой свече,,rejected,,
0.05914999999999963,no_fresh_breakout,175,LINK-USDT-SWAP,9.027,нет свежего пробоя Donchian на последней закрытой свече,,rejected,,
0.003000000000000047,no_fresh_breakout,175,LPT-USDT-SWAP,2.221,нет свежего пробоя Donchian на последней закрытой свече,,rejected,,
0.00034000000000000143,no_fresh_breakout,175,LQTY-USDT-SWAP,0.2768,нет свежего пробоя Donchian на последней закрытой свече,,rejected,,
0.004381500000000001,no_fresh_breakout,175,MAGIC-USDT-SWAP,0.06162,нет свежего пробоя Donchian на последней закрытой свече,,rejected,,
5.500000000000088e-05,no_fresh_breakout,175,MET-USDT-SWAP,0.1552,нет свежего пробоя Donchian на последней закрытой свече,,rejected,,
0.0002385000000000005,no_fresh_breakout,175,OP-USDT-SWAP,0.1205,нет свежего пробоя Donchian на последней закрытой свече,,rejected,,
2.1600000000000015e-08,no_fresh_breakout,175,PEPE-USDT-SWAP,3.393e-06,нет свежего пробоя Donchian на последней закрытой свече,,rejected,,
0.0,atr_warmup:_цена_или_atr_недоступны_после_прогрева,175,SKY-USDT-SWAP,0.0,ATR warmup: цена или ATR недоступны после прогрева,,rejected,,
0.607500000000001,no_fresh_breakout,175,SOL-USDT-SWAP,88.86,нет свежего пробоя Donchian на последней закрытой свече,,rejected,,
0.015110000000000007,no_fresh_breakout,175,SUSHI-USDT-SWAP,0.2035,нет свежего пробоя Donchian на последней закрытой свече,,rejected,,
0.007950000000000013,no_fresh_breakout,175,TON-USDT-SWAP,1.238,нет свежего пробоя Donchian на последней закрытой свече,,rejected,,
0.0004500000000000004,no_fresh_breakout,175,TRX-USDT-SWAP,0.3006,нет свежего пробоя Donchian на последней закрытой свече,,rejected,,
1.3454999999999984,no_fresh_breakout,175,TSLA-USDT-SWAP,382.77,нет свежего пробоя Donchian на последней закрытой свече,,rejected,,
0.004894500000000001,no_fresh_breakout,175,USDC-USDT-SWAP,0.99995,нет свежего пробоя Donchian на последней закрытой свече,,rejected,,
62.629999999999974,no_fresh_breakout,175,XAU-USDT-SWAP,4750.5,нет свежего пробоя Donchian на последней закрытой свече,,rejected,,
0.0023320000000000007,no_fresh_breakout,175,XLM-USDT-SWAP,0.1715,нет свежего пробоя Donchian на последней закрытой свече,,rejected,,
0.009665000000000002,no_fresh_breakout,175,XRP-USDT-SWAP,1.4449,нет свежего пробоя Donchian на последней закрытой свече,,rejected,,
0.00022999999999999895,no_fresh_breakout,175,YB-USDT-SWAP,0.1246,нет свежего пробоя Donchian на последней закрытой свече,,rejected,,
15.615000000000077,no_fresh_breakout,175,YFI-USDT-SWAP,2726.4,нет свежего пробоя Donchian на последней закрытой свече,,rejected,,
0.00033500000000000055,no_fresh_breakout,175,YGG-USDT-SWAP,0.0404,нет свежего пробоя Donchian на последней закрытой свече,,rejected,,
0.0012499999999999998,no_fresh_breakout,176,2Z-USDT-SWAP,0.0789,нет свежего пробоя Donchian на последней закрытой свече,,rejected,,
0.2819999999999993,no_fresh_breakout,176,AAVE-USDT-SWAP,111.76,нет свежего пробоя Donchian на последней закрытой свече,,rejected,,
0.010885000000000016,no_fresh_breakout,176,ASTER-USDT-SWAP,0.6939,нет свежего пробоя Donchian на последней закрытой свече,,rejected,,
0.06614999999999993,no_fresh_breakout,176,AUCTION-USDT-SWAP,5.072,нет свежего пробоя Donchian на последней закрытой свече,,rejected,,
0.012945000000000073,no_fresh_breakout,176,AXS-USDT-SWAP,1.1934,нет свежего пробоя Donchian на последней закрытой свече,,rejected,,
0.00022000000000000215,no_fresh_breakout,176,BAND-USDT-SWAP,0.2257,нет свежего пробоя Donchian на последней закрытой свече,,rejected,,
0.0,закрытие_не_удержалось_выше_канала,176,BCH-USDT-SWAP,0.0,закрытие не удержалось выше канала,long,rejected,Turtle 20,
2.050000000000001e-06,no_fresh_breakout,176,BOME-USDT-SWAP,0.000417,нет свежего пробоя Donchian на последней закрытой свече,,rejected,,
309.47999999999956,no_fresh_breakout,176,BTC-USDT-SWAP,70263.6,нет свежего пробоя Donchian на последней закрытой свече,,rejected,,
0.0005034999999999998,no_fresh_breakout,176,CFX-USDT-SWAP,0.062,нет свежего пробоя Donchian на последней закрытой свече,,rejected,,
0.00030950000000000145,no_fresh_breakout,176,CHZ-USDT-SWAP,0.03576,нет свежего пробоя Donchian на последней закрытой свече,,rejected,,
0.12749999999999934,no_fresh_breakout,176,COMP-USDT-SWAP,18.96,нет свежего пробоя Donchian на последней закрытой свече,,rejected,,
0.02949999999999999,no_fresh_breakout,176,ETC-USDT-SWAP,8.33,нет свежего пробоя Donchian на последней закрытой свече,,rejected,,
0.0007500000000000007,no_fresh_breakout,176,FIL-USDT-SWAP,0.889,нет свежего пробоя Donchian на последней закрытой свече,,rejected,,
0.017099999999999872,no_fresh_breakout,176,ICP-USDT-SWAP,2.493,нет свежего пробоя Donchian на последней закрытой свече,,rejected,,
0.030950000000000123,no_fresh_breakout,176,KSM-USDT-SWAP,4.522,нет свежего пробоя Donchian на последней закрытой свече,,rejected,,
0.05914999999999963,no_fresh_breakout,176,LINK-USDT-SWAP,9.027,нет свежего пробоя Donchian на последней закрытой свече,,rejected,,
0.003000000000000047,no_fresh_breakout,176,LPT-USDT-SWAP,2.221,нет свежего пробоя Donchian на последней закрытой свече,,rejected,,
0.00034000000000000143,no_fresh_breakout,176,LQTY-USDT-SWAP,0.2768,нет свежего пробоя Donchian на последней закрытой свече,,rejected,,
0.004381500000000001,no_fresh_breakout,176,MAGIC-USDT-SWAP,0.06162,нет свежего пробоя Donchian на последней закрытой свече,,rejected,,
5.500000000000088e-05,no_fresh_breakout,176,MET-USDT-SWAP,0.1552,нет свежего пробоя Donchian на последней закрытой свече,,rejected,,
0.0002385000000000005,no_fresh_breakout,176,OP-USDT-SWAP,0.1205,нет свежего пробоя Donchian на последней закрытой свече,,rejected,,
2.1600000000000015e-08,no_fresh_breakout,176,PEPE-USDT-SWAP,3.393e-06,нет свежего пробоя Donchian на последней закрытой свече,,rejected,,
0.0,atr_warmup:_цена_или_atr_недоступны_после_прогрева,176,SKY-USDT-SWAP,0.0,ATR warmup: цена или ATR недоступны после прогрева,,rejected,,
0.607500000000001,no_fresh_breakout,176,SOL-USDT-SWAP,88.86,нет свежего пробоя Donchian на последней закрытой свече,,rejected,,
0.015110000000000007,no_fresh_breakout,176,SUSHI-USDT-SWAP,0.2035,нет свежего пробоя Donchian на последней закрытой свече,,rejected,,
0.007950000000000013,no_fresh_breakout,176,TON-USDT-SWAP,1.238,нет свежего пробоя Donchian на последней закрытой свече,,rejected,,
0.0004500000000000004,no_fresh_breakout,176,TRX-USDT-SWAP,0.3006,нет свежего пробоя Donchian на последней закрытой свече,,rejected,,
1.3454999999999984,no_fresh_breakout,176,TSLA-USDT-SWAP,382.77,нет свежего пробоя Donchian на последней закрытой свече,,rejected,,
0.004894500000000001,no_fresh_breakout,176,USDC-USDT-SWAP,0.99995,нет свежего пробоя Donchian на последней закрытой свече,,rejected,,
62.629999999999974,no_fresh_breakout,176,XAU-USDT-SWAP,4750.5,нет свежего пробоя Donchian на последней закрытой свече,,rejected,,
0.0023320000000000007,no_fresh_breakout,176,XLM-USDT-SWAP,0.1715,нет свежего пробоя Donchian на последней закрытой свече,,rejected,,
0.009665000000000002,no_fresh_breakout,176,XRP-USDT-SWAP,1.4449,нет свежего пробоя Donchian на последней закрытой свече,,rejected,,
0.00022999999999999895,no_fresh_breakout,176,YB-USDT-SWAP,0.1246,нет свежего пробоя Donchian на последней закрытой свече,,rejected,,
15.615000000000077,no_fresh_breakout,176,YFI-USDT-SWAP,2726.4,нет свежего пробоя Donchian на последней закрытой свече,,rejected,,
0.00033500000000000055,no_fresh_breakout,176,YGG-USDT-SWAP,0.0404,нет свежего пробоя Donchian на последней закрытой свече,,rejected,,
0.0012499999999999998,no_fresh_breakout,177,2Z-USDT-SWAP,0.0789,нет свежего пробоя Donchian на последней закрытой свече,,rejected,,
0.2819999999999993,no_fresh_breakout,177,AAVE-USDT-SWAP,111.76,нет свежего пробоя Donchian на последней закрытой свече,,rejected,,
0.010885000000000016,no_fresh_breakout,177,ASTER-USDT-SWAP,0.6939,нет свежего пробоя Donchian на последней закрытой свече,,rejected,,
0.06614999999999993,no_fresh_breakout,177,AUCTION-USDT-SWAP,5.072,нет свежего пробоя Donchian на последней закрытой свече,,rejected,,
0.012945000000000073,no_fresh_breakout,177,AXS-USDT-SWAP,1.1934,нет свежего пробоя Donchian на последней закрытой свече,,rejected,,
0.00022000000000000215,no_fresh_breakout,177,BAND-USDT-SWAP,0.2257,нет свежего пробоя Donchian на последней закрытой свече,,rejected,,
0.0,закрытие_не_удержалось_выше_канала,177,BCH-USDT-SWAP,0.0,закрытие не удержалось выше канала,long,rejected,Turtle 20,
2.050000000000001e-06,no_fresh_breakout,177,BOME-USDT-SWAP,0.000417,нет свежего пробоя Donchian на последней закрытой свече,,rejected,,
309.47999999999956,no_fresh_breakout,177,BTC-USDT-SWAP,70263.6,нет свежего пробоя Donchian на последней закрытой свече,,rejected,,
0.0005034999999999998,no_fresh_breakout,177,CFX-USDT-SWAP,0.062,нет свежего пробоя Donchian на последней закрытой свече,,rejected,,
0.00030950000000000145,no_fresh_breakout,177,CHZ-USDT-SWAP,0.03576,нет свежего пробоя Donchian на последней закрытой свече,,rejected,,
0.12749999999999934,no_fresh_breakout,177,COMP-USDT-SWAP,18.96,нет свежего пробоя Donchian на последней закрытой свече,,rejected,,
0.02949999999999999,no_fresh_breakout,177,ETC-USDT-SWAP,8.33,нет свежего пробоя Donchian на последней закрытой свече,,rejected,,
0.0007500000000000007,no_fresh_breakout,177,FIL-USDT-SWAP,0.889,нет свежего пробоя Donchian на последней закрытой свече,,rejected,,
0.017099999999999872,no_fresh_breakout,177,ICP-USDT-SWAP,2.493,нет свежего пробоя Donchian на последней закрытой свече,,rejected,,
0.0005449999999999997,no_fresh_breakout,177,IMX-USDT-SWAP,0.1618,нет свежего пробоя Donchian на последней закрытой свече,,rejected,,
0.030950000000000123,no_fresh_breakout,177,KSM-USDT-SWAP,4.522,нет свежего пробоя Donchian на последней закрытой свече,,rejected,,
0.05914999999999963,no_fresh_breakout,177,LINK-USDT-SWAP,9.027,нет свежего пробоя Donchian на последней закрытой свече,,rejected,,
0.003000000000000047,no_fresh_breakout,177,LPT-USDT-SWAP,2.221,нет свежего пробоя Donchian на последней закрытой свече,,rejected,,
0.00034000000000000143,no_fresh_breakout,177,LQTY-USDT-SWAP,0.2768,нет свежего пробоя Donchian на последней закрытой свече,,rejected,,
0.004381500000000001,no_fresh_breakout,177,MAGIC-USDT-SWAP,0.06162,нет свежего пробоя Donchian на последней закрытой свече,,rejected,,
5.500000000000088e-05,no_fresh_breakout,177,MET-USDT-SWAP,0.1552,нет свежего пробоя Donchian на последней закрытой свече,,rejected,,
0.0002385000000000005,no_fresh_breakout,177,OP-USDT-SWAP,0.1205,нет свежего пробоя Donchian на последней закрытой свече,,rejected,,
2.1600000000000015e-08,no_fresh_breakout,177,PEPE-USDT-SWAP,3.393e-06,нет свежего пробоя Donchian на последней закрытой свече,,rejected,,
0.0,atr_warmup:_цена_или_atr_недоступны_после_прогрева,177,SKY-USDT-SWAP,0.0,ATR warmup: цена или ATR недоступны после прогрева,,rejected,,
0.607500000000001,no_fresh_breakout,177,SOL-USDT-SWAP,88.86,нет свежего пробоя Donchian на последней закрытой свече,,rejected,,
0.015110000000000007,no_fresh_breakout,177,SUSHI-USDT-SWAP,0.2035,нет свежего пробоя Donchian на последней закрытой свече,,rejected,,
0.007950000000000013,no_fresh_breakout,177,TON-USDT-SWAP,1.238,нет свежего пробоя Donchian на последней закрытой свече,,rejected,,
0.0004500000000000004,no_fresh_breakout,177,TRX-USDT-SWAP,0.3006,нет свежего пробоя Donchian на последней закрытой свече,,rejected,,
1.3454999999999984,no_fresh_breakout,177,TSLA-USDT-SWAP,382.77,нет свежего пробоя Donchian на последней закрытой свече,,rejected,,
0.004894500000000001,no_fresh_breakout,177,USDC-USDT-SWAP,0.99995,нет свежего пробоя Donchian на последней закрытой свече,,rejected,,
62.629999999999974,no_fresh_breakout,177,XAU-USDT-SWAP,4750.5,нет свежего пробоя Donchian на последней закрытой свече,,rejected,,
0.0023320000000000007,no_fresh_breakout,177,XLM-USDT-SWAP,0.1715,нет свежего пробоя Donchian на последней закрытой свече,,rejected,,
0.009665000000000002,no_fresh_breakout,177,XRP-USDT-SWAP,1.4449,нет свежего пробоя Donchian на последней закрытой свече,,rejected,,
0.00022999999999999895,no_fresh_breakout,177,YB-USDT-SWAP,0.1246,нет свежего пробоя Donchian на последней закрытой свече,,rejected,,
15.615000000000077,no_fresh_breakout,177,YFI-USDT-SWAP,2726.4,нет свежего пробоя Donchian на последней закрытой свече,,rejected,,
0.00033500000000000055,no_fresh_breakout,177,YGG-USDT-SWAP,0.0404,нет свежего пробоя Donchian на последней закрытой свече,,rejected,,
0.0012499999999999998,no_fresh_breakout,178,2Z-USDT-SWAP,0.0789,нет свежего пробоя Donchian на последней закрытой свече,,rejected,,
0.2819999999999993,no_fresh_breakout,178,AAVE-USDT-SWAP,111.76,нет свежего пробоя Donchian на последней закрытой свече,,rejected,,
0.010885000000000016,no_fresh_breakout,178,ASTER-USDT-SWAP,0.6939,нет свежего пробоя Donchian на последней закрытой свече,,rejected,,
0.06614999999999993,no_fresh_breakout,178,AUCTION-USDT-SWAP,5.072,нет свежего пробоя Donchian на последней закрытой свече,,rejected,,
0.012945000000000073,no_fresh_breakout,178,AXS-USDT-SWAP,1.1934,нет свежего пробоя Donchian на последней закрытой свече,,rejected,,
0.00022000000000000215,no_fresh_breakout,178,BAND-USDT-SWAP,0.2257,нет свежего пробоя Donchian на последней закрытой свече,,rejected,,
0.0,закрытие_не_удержалось_выше_канала,178,BCH-USDT-SWAP,0.0,закрытие не удержалось выше канала,long,rejected,Turtle 20,
2.050000000000001e-06,no_fresh_breakout,178,BOME-USDT-SWAP,0.000417,нет свежего пробоя Donchian на последней закрытой свече,,rejected,,
309.47999999999956,no_fresh_breakout,178,BTC-USDT-SWAP,70263.6,нет свежего пробоя Donchian на последней закрытой свече,,rejected,,
0.0005034999999999998,no_fresh_breakout,178,CFX-USDT-SWAP,0.062,нет свежего пробоя Donchian на последней закрытой свече,,rejected,,
0.00030950000000000145,no_fresh_breakout,178,CHZ-USDT-SWAP,0.03576,нет свежего пробоя Donchian на последней закрытой свече,,rejected,,
0.12749999999999934,no_fresh_breakout,178,COMP-USDT-SWAP,18.96,нет свежего пробоя Donchian на последней закрытой свече,,rejected,,
0.02949999999999999,no_fresh_breakout,178,ETC-USDT-SWAP,8.33,нет свежего пробоя Donchian на последней закрытой свече,,rejected,,
0.0007500000000000007,no_fresh_breakout,178,FIL-USDT-SWAP,0.889,нет свежего пробоя Donchian на последней закрытой свече,,rejected,,
0.017099999999999872,no_fresh_breakout,178,ICP-USDT-SWAP,2.493,нет свежего пробоя Donchian на последней закрытой свече,,rejected,,
0.0005449999999999997,no_fresh_breakout,178,IMX-USDT-SWAP,0.1618,нет свежего пробоя Donchian на последней закрытой свече,,rejected,,
0.0,atr_warmup:_цена_или_atr_недоступны_после_прогрева,178,KAITO-USDT-SWAP,0.0,ATR warmup: цена или ATR недоступны после прогрева,,rejected,,
0.030950000000000123,no_fresh_breakout,178,KSM-USDT-SWAP,4.522,нет свежего пробоя Donchian на последней закрытой свече,,rejected,,
0.0020900000000000003,no_fresh_breakout,178,LDO-USDT-SWAP,0.2967,нет свежего пробоя Donchian на последней закрытой свече,,rejected,,
0.05914999999999963,no_fresh_breakout,178,LINK-USDT-SWAP,9.027,нет свежего пробоя Donchian на последней закрытой свече,,rejected,,
0.003000000000000047,no_fresh_breakout,178,LPT-USDT-SWAP,2.221,нет свежего пробоя Donchian на последней закрытой свече,,rejected,,
0.00034000000000000143,no_fresh_breakout,178,LQTY-USDT-SWAP,0.2768,нет свежего пробоя Donchian на последней закрытой свече,,rejected,,
0.004381500000000001,no_fresh_breakout,178,MAGIC-USDT-SWAP,0.06162,нет свежего пробоя Donchian на последней закрытой свече,,rejected,,
5.500000000000088e-05,no_fresh_breakout,178,MET-USDT-SWAP,0.1552,нет свежего пробоя Donchian на последней закрытой свече,,rejected,,
0.0002385000000000005,no_fresh_breakout,178,OP-USDT-SWAP,0.1205,нет свежего пробоя Donchian на последней закрытой свече,,rejected,,
2.1600000000000015e-08,no_fresh_breakout,178,PEPE-USDT-SWAP,3.393e-06,нет свежего пробоя Donchian на последней закрытой свече,,rejected,,
0.0,atr_warmup:_цена_или_atr_недоступны_после_прогрева,178,SKY-USDT-SWAP,0.0,ATR warmup: цена или ATR недоступны после прогрева,,rejected,,
0.607500000000001,no_fresh_breakout,178,SOL-USDT-SWAP,88.86,нет свежего пробоя Donchian на последней закрытой свече,,rejected,,
0.015110000000000007,no_fresh_breakout,178,SUSHI-USDT-SWAP,0.2035,нет свежего пробоя Donchian на последней закрытой свече,,rejected,,
0.007950000000000013,no_fresh_breakout,178,TON-USDT-SWAP,1.238,нет свежего пробоя Donchian на последней закрытой свече,,rejected,,
0.0004500000000000004,no_fresh_breakout,178,TRX-USDT-SWAP,0.3006,нет свежего пробоя Donchian на последней закрытой свече,,rejected,,
1.3454999999999984,no_fresh_breakout,178,TSLA-USDT-SWAP,382.77,нет свежего пробоя Donchian на последней закрытой свече,,rejected,,
0.004894500000000001,no_fresh_breakout,178,USDC-USDT-SWAP,0.99995,нет свежего пробоя Donchian на последней закрытой свече,,rejected,,
62.629999999999974,no_fresh_breakout,178,XAU-USDT-SWAP,4750.5,нет свежего пробоя Donchian на последней закрытой свече,,rejected,,
0.0023320000000000007,no_fresh_breakout,178,XLM-USDT-SWAP,0.1715,нет свежего пробоя Donchian на последней закрытой свече,,rejected,,
0.009665000000000002,no_fresh_breakout,178,XRP-USDT-SWAP,1.4449,нет свежего пробоя Donchian на последней закрытой свече,,rejected,,
0.00022999999999999895,no_fresh_breakout,178,YB-USDT-SWAP,0.1246,нет свежего пробоя Donchian на последней закрытой свече,,rejected,,
15.615000000000077,no_fresh_breakout,178,YFI-USDT-SWAP,2726.4,нет свежего пробоя Donchian на последней закрытой свече,,rejected,,
0.00033500000000000055,no_fresh_breakout,178,YGG-USDT-SWAP,0.0404,нет свежего пробоя Donchian на последней закрытой свече,,rejected,,
0.0012499999999999998,no_fresh_breakout,179,2Z-USDT-SWAP,0.0789,нет свежего пробоя Donchian на последней закрытой свече,,rejected,,
0.2819999999999993,no_fresh_breakout,179,AAVE-USDT-SWAP,111.76,нет свежего пробоя Donchian на последней закрытой свече,,rejected,,
0.010885000000000016,no_fresh_breakout,179,ASTER-USDT-SWAP,0.6939,нет свежего пробоя Donchian на последней закрытой свече,,rejected,,
0.06614999999999993,no_fresh_breakout,179,AUCTION-USDT-SWAP,5.072,нет свежего пробоя Donchian на последней закрытой свече,,rejected,,
0.012945000000000073,no_fresh_breakout,179,AXS-USDT-SWAP,1.1934,нет свежего пробоя Donchian на последней закрытой свече,,rejected,,
0.00022000000000000215,no_fresh_breakout,179,BAND-USDT-SWAP,0.2257,нет свежего пробоя Donchian на последней закрытой свече,,rejected,,
0.0,закрытие_не_удержалось_выше_канала,179,BCH-USDT-SWAP,0.0,закрытие не удержалось выше канала,long,rejected,Turtle 20,
2.050000000000001e-06,no_fresh_breakout,179,BOME-USDT-SWAP,0.000417,нет свежего пробоя Donchian на последней закрытой свече,,rejected,,
309.47999999999956,no_fresh_breakout,179,BTC-USDT-SWAP,70263.6,нет свежего пробоя Donchian на последней закрытой свече,,rejected,,
0.0005034999999999998,no_fresh_breakout,179,CFX-USDT-SWAP,0.062,нет свежего пробоя Donchian на последней закрытой свече,,rejected,,
0.00030950000000000145,no_fresh_breakout,179,CHZ-USDT-SWAP,0.03576,нет свежего пробоя Donchian на последней закрытой свече,,rejected,,
0.12749999999999934,no_fresh_breakout,179,COMP-USDT-SWAP,18.96,нет свежего пробоя Donchian на последней закрытой свече,,rejected,,
0.02949999999999999,no_fresh_breakout,179,ETC-USDT-SWAP,8.33,нет свежего пробоя Donchian на последней закрытой свече,,rejected,,
0.0007500000000000007,no_fresh_breakout,179,FIL-USDT-SWAP,0.889,нет свежего пробоя Donchian на последней закрытой свече,,rejected,,
0.017099999999999872,no_fresh_breakout,179,ICP-USDT-SWAP,2.493,нет свежего пробоя Donchian на последней закрытой свече,,rejected,,
0.0005449999999999997,no_fresh_breakout,179,IMX-USDT-SWAP,0.1618,нет свежего пробоя Donchian на последней закрытой свече,,rejected,,
0.0,atr_warmup:_цена_или_atr_недоступны_после_прогрева,179,KAITO-USDT-SWAP,0.0,ATR warmup: цена или ATR недоступны после прогрева,,rejected,,
0.030950000000000123,no_fresh_breakout,179,KSM-USDT-SWAP,4.522,нет свежего пробоя Donchian на последней закрытой свече,,rejected,,
0.0020900000000000003,no_fresh_breakout,179,LDO-USDT-SWAP,0.2967,нет свежего пробоя Donchian на последней закрытой свече,,rejected,,
0.05914999999999963,no_fresh_breakout,179,LINK-USDT-SWAP,9.027,нет свежего пробоя Donchian на последней закрытой свече,,rejected,,
0.003000000000000047,no_fresh_breakout,179,LPT-USDT-SWAP,2.221,нет свежего пробоя Donchian на последней закрытой свече,,rejected,,
0.00034000000000000143,no_fresh_breakout,179,LQTY-USDT-SWAP,0.2768,нет свежего пробоя Donchian на последней закрытой свече,,rejected,,
0.004381500000000001,no_fresh_breakout,179,MAGIC-USDT-SWAP,0.06162,нет свежего пробоя Donchian на последней закрытой свече,,rejected,,
5.500000000000088e-05,no_fresh_breakout,179,MET-USDT-SWAP,0.1552,нет свежего пробоя Donchian на последней закрытой свече,,rejected,,
0.0002385000000000005,no_fresh_breakout,179,OP-USDT-SWAP,0.1205,нет свежего пробоя Donchian на последней закрытой свече,,rejected,,
2.1600000000000015e-08,no_fresh_breakout,179,PEPE-USDT-SWAP,3.393e-06,нет свежего пробоя Donchian на последней закрытой свече,,rejected,,
0.0,atr_warmup:_цена_или_atr_недоступны_после_прогрева,179,SKY-USDT-SWAP,0.0,ATR warmup: цена или ATR недоступны после прогрева,,rejected,,
0.607500000000001,no_fresh_breakout,179,SOL-USDT-SWAP,88.86,нет свежего пробоя Donchian на последней закрытой свече,,rejected,,
0.015110000000000007,no_fresh_breakout,179,SUSHI-USDT-SWAP,0.2035,нет свежего пробоя Donchian на последней закрытой свече,,rejected,,
0.007950000000000013,no_fresh_breakout,179,TON-USDT-SWAP,1.238,нет свежего пробоя Donchian на последней закрытой свече,,rejected,,
0.0004500000000000004,no_fresh_breakout,179,TRX-USDT-SWAP,0.3006,нет свежего пробоя Donchian на последней закрытой свече,,rejected,,
1.3454999999999984,no_fresh_breakout,179,TSLA-USDT-SWAP,382.77,нет свежего пробоя Donchian на последней закрытой свече,,rejected,,
0.004894500000000001,no_fresh_breakout,179,USDC-USDT-SWAP,0.99995,нет свежего пробоя Donchian на последней закрытой свече,,rejected,,
62.629999999999974,no_fresh_breakout,179,XAU-USDT-SWAP,4750.5,нет свежего пробоя Donchian на последней закрытой свече,,rejected,,
0.0023320000000000007,no_fresh_breakout,179,XLM-USDT-SWAP,0.1715,нет свежего пробоя Donchian на последней закрытой свече,,rejected,,
0.009665000000000002,no_fresh_breakout,179,XRP-USDT-SWAP,1.4449,нет свежего пробоя Donchian на последней закрытой свече,,rejected,,
0.00022999999999999895,no_fresh_breakout,179,YB-USDT-SWAP,0.1246,нет свежего пробоя Donchian на последней закрытой свече,,rejected,,
15.615000000000077,no_fresh_breakout,179,YFI-USDT-SWAP,2726.4,нет свежего пробоя Donchian на последней закрытой свече,,rejected,,
0.00033500000000000055,no_fresh_breakout,179,YGG-USDT-SWAP,0.0404,нет свежего пробоя Donchian на последней закрытой свече,,rejected,,
0.0012499999999999998,no_fresh_breakout,180,2Z-USDT-SWAP,0.0789,нет свежего пробоя Donchian на последней закрытой свече,,rejected,,
0.2819999999999993,no_fresh_breakout,180,AAVE-USDT-SWAP,111.76,нет свежего пробоя Donchian на последней закрытой свече,,rejected,,
0.010885000000000016,no_fresh_breakout,180,ASTER-USDT-SWAP,0.6939,нет свежего пробоя Donchian на последней закрытой свече,,rejected,,
0.06614999999999993,no_fresh_breakout,180,AUCTION-USDT-SWAP,5.072,нет свежего пробоя Donchian на последней закрытой свече,,rejected,,
0.012945000000000073,no_fresh_breakout,180,AXS-USDT-SWAP,1.1934,нет свежего пробоя Donchian на последней закрытой свече,,rejected,,
0.00022000000000000215,no_fresh_breakout,180,BAND-USDT-SWAP,0.2257,нет свежего пробоя Donchian на последней закрытой свече,,rejected,,
0.0,закрытие_не_удержалось_выше_канала,180,BCH-USDT-SWAP,0.0,закрытие не удержалось выше канала,long,rejected,Turtle 20,
2.050000000000001e-06,no_fresh_breakout,180,BOME-USDT-SWAP,0.000417,нет свежего пробоя Donchian на последней закрытой свече,,rejected,,
309.47999999999956,no_fresh_breakout,180,BTC-USDT-SWAP,70263.6,нет свежего пробоя Donchian на последней закрытой свече,,rejected,,
0.0005034999999999998,no_fresh_breakout,180,CFX-USDT-SWAP,0.062,нет свежего пробоя Donchian на последней закрытой свече,,rejected,,
0.00030950000000000145,no_fresh_breakout,180,CHZ-USDT-SWAP,0.03576,нет свежего пробоя Donchian на последней закрытой свече,,rejected,,
0.12749999999999934,no_fresh_breakout,180,COMP-USDT-SWAP,18.96,нет свежего пробоя Donchian на последней закрытой свече,,rejected,,
0.02949999999999999,no_fresh_breakout,180,ETC-USDT-SWAP,8.33,нет свежего пробоя Donchian на последней закрытой свече,,rejected,,
0.0007500000000000007,no_fresh_breakout,180,FIL-USDT-SWAP,0.889,нет свежего пробоя Donchian на последней закрытой свече,,rejected,,
0.017099999999999872,no_fresh_breakout,180,ICP-USDT-SWAP,2.493,нет свежего пробоя Donchian на последней закрытой свече,,rejected,,
0.0005449999999999997,no_fresh_breakout,180,IMX-USDT-SWAP,0.1618,нет свежего пробоя Donchian на последней закрытой свече,,rejected,,
0.0,atr_warmup:_цена_или_atr_недоступны_после_прогрева,180,KAITO-USDT-SWAP,0.0,ATR warmup: цена или ATR недоступны после прогрева,,rejected,,
0.030950000000000123,no_fresh_breakout,180,KSM-USDT-SWAP,4.522,нет свежего пробоя Donchian на последней закрытой свече,,rejected,,
0.0020900000000000003,no_fresh_breakout,180,LDO-USDT-SWAP,0.2967,нет свежего пробоя Donchian на последней закрытой свече,,rejected,,
0.05914999999999963,no_fresh_breakout,180,LINK-USDT-SWAP,9.027,нет свежего пробоя Donchian на последней закрытой свече,,rejected,,
0.003000000000000047,no_fresh_breakout,180,LPT-USDT-SWAP,2.221,нет свежего пробоя Donchian на последней закрытой свече,,rejected,,
0.00034000000000000143,no_fresh_breakout,180,LQTY-USDT-SWAP,0.2768,нет свежего пробоя Donchian на последней закрытой свече,,rejected,,
0.3314999999999994,no_fresh_breakout,180,LTC-USDT-SWAP,55.64,нет свежего пробоя Donchian на последней закрытой свече,,rejected,,
0.004381500000000001,no_fresh_breakout,180,MAGIC-USDT-SWAP,0.06162,нет свежего пробоя Donchian на последней закрытой свече,,rejected,,
5.500000000000088e-05,no_fresh_breakout,180,MET-USDT-SWAP,0.1552,нет свежего пробоя Donchian на последней закрытой свече,,rejected,,
0.0002385000000000005,no_fresh_breakout,180,OP-USDT-SWAP,0.1205,нет свежего пробоя Donchian на последней закрытой свече,,rejected,,
2.1600000000000015e-08,no_fresh_breakout,180,PEPE-USDT-SWAP,3.393e-06,нет свежего пробоя Donchian на последней закрытой свече,,rejected,,
0.0,atr_warmup:_цена_или_atr_недоступны_после_прогрева,180,SKY-USDT-SWAP,0.0,ATR warmup: цена или ATR недоступны после прогрева,,rejected,,
0.607500000000001,no_fresh_breakout,180,SOL-USDT-SWAP,88.86,нет свежего пробоя Donchian на последней закрытой свече,,rejected,,
0.015110000000000007,no_fresh_breakout,180,SUSHI-USDT-SWAP,0.2035,нет свежего пробоя Donchian на последней закрытой свече,,rejected,,
0.007950000000000013,no_fresh_breakout,180,TON-USDT-SWAP,1.238,нет свежего пробоя Donchian на последней закрытой свече,,rejected,,
0.0004500000000000004,no_fresh_breakout,180,TRX-USDT-SWAP,0.3006,нет свежего пробоя Donchian на последней закрытой свече,,rejected,,
1.3454999999999984,no_fresh_breakout,180,TSLA-USDT-SWAP,382.77,нет свежего пробоя Donchian на последней закрытой свече,,rejected,,
0.004894500000000001,no_fresh_breakout,180,USDC-USDT-SWAP,0.99995,нет свежего пробоя Donchian на последней закрытой свече,,rejected,,
62.629999999999974,no_fresh_breakout,180,XAU-USDT-SWAP,4750.5,нет свежего пробоя Donchian на последней закрытой свече,,rejected,,
0.0023320000000000007,no_fresh_breakout,180,XLM-USDT-SWAP,0.1715,нет свежего пробоя Donchian на последней закрытой свече,,rejected,,
0.009665000000000002,no_fresh_breakout,180,XRP-USDT-SWAP,1.4449,нет свежего пробоя Donchian на последней закрытой свече,,rejected,,
0.00022999999999999895,no_fresh_breakout,180,YB-USDT-SWAP,0.1246,нет свежего пробоя Donchian на последней закрытой свече,,rejected,,
15.615000000000077,no_fresh_breakout,180,YFI-USDT-SWAP,2726.4,нет свежего пробоя Donchian на последней закрытой свече,,rejected,,
0.00033500000000000055,no_fresh_breakout,180,YGG-USDT-SWAP,0.0404,нет свежего пробоя Donchian на последней закрытой свече,,rejected,,
0.0012499999999999998,no_fresh_breakout,181,2Z-USDT-SWAP,0.0789,нет свежего пробоя Donchian на последней закрытой свече,,rejected,,
0.2819999999999993,no_fresh_breakout,181,AAVE-USDT-SWAP,111.76,нет свежего пробоя Donchian на последней закрытой свече,,rejected,,
0.010885000000000016,no_fresh_breakout,181,ASTER-USDT-SWAP,0.6939,нет свежего пробоя Donchian на последней закрытой свече,,rejected,,
0.06614999999999993,no_fresh_breakout,181,AUCTION-USDT-SWAP,5.072,нет свежего пробоя Donchian на последней закрытой свече,,rejected,,
0.012945000000000073,no_fresh_breakout,181,AXS-USDT-SWAP,1.1934,нет свежего пробоя Donchian на последней закрытой свече,,rejected,,
0.00022000000000000215,no_fresh_breakout,181,BAND-USDT-SWAP,0.2257,нет свежего пробоя Donchian на последней закрытой свече,,rejected,,
0.0,закрытие_не_удержалось_выше_канала,181,BCH-USDT-SWAP,0.0,закрытие не удержалось выше канала,long,rejected,Turtle 20,
2.050000000000001e-06,no_fresh_breakout,181,BOME-USDT-SWAP,0.000417,нет свежего пробоя Donchian на последней закрытой свече,,rejected,,
309.47999999999956,no_fresh_breakout,181,BTC-USDT-SWAP,70263.6,нет свежего пробоя Donchian на последней закрытой свече,,rejected,,
0.0005034999999999998,no_fresh_breakout,181,CFX-USDT-SWAP,0.062,нет свежего пробоя Donchian на последней закрытой свече,,rejected,,
0.00030950000000000145,no_fresh_breakout,181,CHZ-USDT-SWAP,0.03576,нет свежего пробоя Donchian на последней закрытой свече,,rejected,,
0.12749999999999934,no_fresh_breakout,181,COMP-USDT-SWAP,18.96,нет свежего пробоя Donchian на последней закрытой свече,,rejected,,
0.02949999999999999,no_fresh_breakout,181,ETC-USDT-SWAP,8.33,нет свежего пробоя Donchian на последней закрытой свече,,rejected,,
0.0007500000000000007,no_fresh_breakout,181,FIL-USDT-SWAP,0.889,нет свежего пробоя Donchian на последней закрытой свече,,rejected,,
0.017099999999999872,no_fresh_breakout,181,ICP-USDT-SWAP,2.493,нет свежего пробоя Donchian на последней закрытой свече,,rejected,,
0.0005449999999999997,no_fresh_breakout,181,IMX-USDT-SWAP,0.1618,нет свежего пробоя Donchian на последней закрытой свече,,rejected,,
0.0,atr_warmup:_цена_или_atr_недоступны_после_прогрева,181,KAITO-USDT-SWAP,0.0,ATR warmup: цена или ATR недоступны после прогрева,,rejected,,
0.030950000000000123,no_fresh_breakout,181,KSM-USDT-SWAP,4.522,нет свежего пробоя Donchian на последней закрытой свече,,rejected,,
0.0020900000000000003,no_fresh_breakout,181,LDO-USDT-SWAP,0.2967,нет свежего пробоя Donchian на последней закрытой свече,,rejected,,
0.05914999999999963,no_fresh_breakout,181,LINK-USDT-SWAP,9.027,нет свежего пробоя Donchian на последней закрытой свече,,rejected,,
0.003000000000000047,no_fresh_breakout,181,LPT-USDT-SWAP,2.221,нет свежего пробоя Donchian на последней закрытой свече,,rejected,,
0.00034000000000000143,no_fresh_breakout,181,LQTY-USDT-SWAP,0.2768,нет свежего пробоя Donchian на последней закрытой свече,,rejected,,
0.3314999999999994,no_fresh_breakout,181,LTC-USDT-SWAP,55.64,нет свежего пробоя Donchian на последней закрытой свече,,rejected,,
0.004381500000000001,no_fresh_breakout,181,MAGIC-USDT-SWAP,0.06162,нет свежего пробоя Donchian на последней закрытой свече,,rejected,,
5.500000000000088e-05,no_fresh_breakout,181,MET-USDT-SWAP,0.1552,нет свежего пробоя Donchian на последней закрытой свече,,rejected,,
0.0002385000000000005,no_fresh_breakout,181,OP-USDT-SWAP,0.1205,нет свежего пробоя Donchian на последней закрытой свече,,rejected,,
2.1600000000000015e-08,no_fresh_breakout,181,PEPE-USDT-SWAP,3.393e-06,нет свежего пробоя Donchian на последней закрытой свече,,rejected,,
0.0,atr_warmup:_цена_или_atr_недоступны_после_прогрева,181,SKY-USDT-SWAP,0.0,ATR warmup: цена или ATR недоступны после прогрева,,rejected,,
0.607500000000001,no_fresh_breakout,181,SOL-USDT-SWAP,88.86,нет свежего пробоя Donchian на последней закрытой свече,,rejected,,
0.015110000000000007,no_fresh_breakout,181,SUSHI-USDT-SWAP,0.2035,нет свежего пробоя Donchian на последней закрытой свече,,rejected,,
0.007950000000000013,no_fresh_breakout,181,TON-USDT-SWAP,1.238,нет свежего пробоя Donchian на последней закрытой свече,,rejected,,
0.0004500000000000004,no_fresh_breakout,181,TRX-USDT-SWAP,0.3006,нет свежего пробоя Donchian на последней закрытой свече,,rejected,,
1.3454999999999984,no_fresh_breakout,181,TSLA-USDT-SWAP,382.77,нет свежего пробоя Donchian на последней закрытой свече,,rejected,,
0.004894500000000001,no_fresh_breakout,181,USDC-USDT-SWAP,0.99995,нет свежего пробоя Donchian на последней закрытой свече,,rejected,,
62.629999999999974,no_fresh_breakout,181,XAU-USDT-SWAP,4750.5,нет свежего пробоя Donchian на последней закрытой свече,,rejected,,
0.0023320000000000007,no_fresh_breakout,181,XLM-USDT-SWAP,0.1715,нет свежего пробоя Donchian на последней закрытой свече,,rejected,,
0.009665000000000002,no_fresh_breakout,181,XRP-USDT-SWAP,1.4449,нет свежего пробоя Donchian на последней закрытой свече,,rejected,,
0.00022999999999999895,no_fresh_breakout,181,YB-USDT-SWAP,0.1246,нет свежего пробоя Donchian на последней закрытой свече,,rejected,,
15.615000000000077,no_fresh_breakout,181,YFI-USDT-SWAP,2726.4,нет свежего пробоя Donchian на последней закрытой свече,,rejected,,
0.00033500000000000055,no_fresh_breakout,181,YGG-USDT-SWAP,0.0404,нет свежего пробоя Donchian на последней закрытой свече,,rejected,,
0.0012499999999999998,no_fresh_breakout,182,2Z-USDT-SWAP,0.0789,нет свежего пробоя Donchian на последней закрытой свече,,rejected,,
0.2819999999999993,no_fresh_breakout,182,AAVE-USDT-SWAP,111.76,нет свежего пробоя Donchian на последней закрытой свече,,rejected,,
0.010885000000000016,no_fresh_breakout,182,ASTER-USDT-SWAP,0.6939,нет свежего пробоя Donchian на последней закрытой свече,,rejected,,
0.06614999999999993,no_fresh_breakout,182,AUCTION-USDT-SWAP,5.072,нет свежего пробоя Donchian на последней закрытой свече,,rejected,,
0.012945000000000073,no_fresh_breakout,182,AXS-USDT-SWAP,1.1934,нет свежего пробоя Donchian на последней закрытой свече,,rejected,,
0.00022000000000000215,no_fresh_breakout,182,BAND-USDT-SWAP,0.2257,нет свежего пробоя Donchian на последней закрытой свече,,rejected,,
0.0,закрытие_не_удержалось_выше_канала,182,BCH-USDT-SWAP,0.0,закрытие не удержалось выше канала,long,rejected,Turtle 20,
2.050000000000001e-06,no_fresh_breakout,182,BOME-USDT-SWAP,0.000417,нет свежего пробоя Donchian на последней закрытой свече,,rejected,,
309.47999999999956,no_fresh_breakout,182,BTC-USDT-SWAP,70263.6,нет свежего пробоя Donchian на последней закрытой свече,,rejected,,
0.0005034999999999998,no_fresh_breakout,182,CFX-USDT-SWAP,0.062,нет свежего пробоя Donchian на последней закрытой свече,,rejected,,
0.00030950000000000145,no_fresh_breakout,182,CHZ-USDT-SWAP,0.03576,нет свежего пробоя Donchian на последней закрытой свече,,rejected,,
0.12749999999999934,no_fresh_breakout,182,COMP-USDT-SWAP,18.96,нет свежего пробоя Donchian на последней закрытой свече,,rejected,,
0.02949999999999999,no_fresh_breakout,182,ETC-USDT-SWAP,8.33,нет свежего пробоя Donchian на последней закрытой свече,,rejected,,
0.0007500000000000007,no_fresh_breakout,182,FIL-USDT-SWAP,0.889,нет свежего пробоя Donchian на последней закрытой свече,,rejected,,
0.017099999999999872,no_fresh_breakout,182,ICP-USDT-SWAP,2.493,нет свежего пробоя Donchian на последней закрытой свече,,rejected,,
0.0005449999999999997,no_fresh_breakout,182,IMX-USDT-SWAP,0.1618,нет свежего пробоя Donchian на последней закрытой свече,,rejected,,
0.0,atr_warmup:_цена_или_atr_недоступны_после_прогрева,182,KAITO-USDT-SWAP,0.0,ATR warmup: цена или ATR недоступны после прогрева,,rejected,,
0.030950000000000123,no_fresh_breakout,182,KSM-USDT-SWAP,4.522,нет свежего пробоя Donchian на последней закрытой свече,,rejected,,
0.0020900000000000003,no_fresh_breakout,182,LDO-USDT-SWAP,0.2967,нет свежего пробоя Donchian на последней закрытой свече,,rejected,,
0.05914999999999963,no_fresh_breakout,182,LINK-USDT-SWAP,9.027,нет свежего пробоя Donchian на последней закрытой свече,,rejected,,
0.003000000000000047,no_fresh_breakout,182,LPT-USDT-SWAP,2.221,нет свежего пробоя Donchian на последней закрытой свече,,rejected,,
0.00034000000000000143,no_fresh_breakout,182,LQTY-USDT-SWAP,0.2768,нет свежего пробоя Donchian на последней закрытой свече,,rejected,,
0.3314999999999994,no_fresh_breakout,182,LTC-USDT-SWAP,55.64,нет свежего пробоя Donchian на последней закрытой свече,,rejected,,
0.004381500000000001,no_fresh_breakout,182,MAGIC-USDT-SWAP,0.06162,нет свежего пробоя Donchian на последней закрытой свече,,rejected,,
5.500000000000088e-05,no_fresh_breakout,182,MET-USDT-SWAP,0.1552,нет свежего пробоя Donchian на последней закрытой свече,,rejected,,
0.0002385000000000005,no_fresh_breakout,182,OP-USDT-SWAP,0.1205,нет свежего пробоя Donchian на последней закрытой свече,,rejected,,
2.1600000000000015e-08,no_fresh_breakout,182,PEPE-USDT-SWAP,3.393e-06,нет свежего пробоя Donchian на последней закрытой свече,,rejected,,
0.0,atr_warmup:_цена_или_atr_недоступны_после_прогрева,182,SKY-USDT-SWAP,0.0,ATR warmup: цена или ATR недоступны после прогрева,,rejected,,
0.607500000000001,no_fresh_breakout,182,SOL-USDT-SWAP,88.86,нет свежего пробоя Donchian на последней закрытой свече,,rejected,,
0.015110000000000007,no_fresh_breakout,182,SUSHI-USDT-SWAP,0.2035,нет свежего пробоя Donchian на последней закрытой свече,,rejected,,
0.007950000000000013,no_fresh_breakout,182,TON-USDT-SWAP,1.238,нет свежего пробоя Donchian на последней закрытой свече,,rejected,,
0.0004500000000000004,no_fresh_breakout,182,TRX-USDT-SWAP,0.3006,нет свежего пробоя Donchian на последней закрытой свече,,rejected,,
1.3454999999999984,no_fresh_breakout,182,TSLA-USDT-SWAP,382.77,нет свежего пробоя Donchian на последней закрытой свече,,rejected,,
0.004894500000000001,no_fresh_breakout,182,USDC-USDT-SWAP,0.99995,нет свежего пробоя Donchian на последней закрытой свече,,rejected,,
62.629999999999974,no_fresh_breakout,182,XAU-USDT-SWAP,4750.5,нет свежего пробоя Donchian на последней закрытой свече,,rejected,,
0.0023320000000000007,no_fresh_breakout,182,XLM-USDT-SWAP,0.1715,нет свежего пробоя Donchian на последней закрытой свече,,rejected,,
0.009665000000000002,no_fresh_breakout,182,XRP-USDT-SWAP,1.4449,нет свежего пробоя Donchian на последней закрытой свече,,rejected,,
0.00022999999999999895,no_fresh_breakout,182,YB-USDT-SWAP,0.1246,нет свежего пробоя Donchian на последней закрытой свече,,rejected,,
15.615000000000077,no_fresh_breakout,182,YFI-USDT-SWAP,2726.4,нет свежего пробоя Donchian на последней закрытой свече,,rejected,,
0.00033500000000000055,no_fresh_breakout,182,YGG-USDT-SWAP,0.0404,нет свежего пробоя Donchian на последней закрытой свече,,rejected,,
0.0012499999999999998,no_fresh_breakout,183,2Z-USDT-SWAP,0.0789,нет свежего пробоя Donchian на последней закрытой свече,,rejected,,
0.2819999999999993,no_fresh_breakout,183,AAVE-USDT-SWAP,111.76,нет свежего пробоя Donchian на последней закрытой свече,,rejected,,
0.010885000000000016,no_fresh_breakout,183,ASTER-USDT-SWAP,0.6939,нет свежего пробоя Donchian на последней закрытой свече,,rejected,,
0.06614999999999993,no_fresh_breakout,183,AUCTION-USDT-SWAP,5.072,нет свежего пробоя Donchian на последней закрытой свече,,rejected,,
0.012945000000000073,no_fresh_breakout,183,AXS-USDT-SWAP,1.1934,нет свежего пробоя Donchian на последней закрытой свече,,rejected,,
0.00022000000000000215,no_fresh_breakout,183,BAND-USDT-SWAP,0.2257,нет свежего пробоя Donchian на последней закрытой свече,,rejected,,
0.0,закрытие_не_удержалось_выше_канала,183,BCH-USDT-SWAP,0.0,закрытие не удержалось выше канала,long,rejected,Turtle 20,
2.050000000000001e-06,no_fresh_breakout,183,BOME-USDT-SWAP,0.000417,нет свежего пробоя Donchian на последней закрытой свече,,rejected,,
309.47999999999956,no_fresh_breakout,183,BTC-USDT-SWAP,70263.6,нет свежего пробоя Donchian на последней закрытой свече,,rejected,,
0.0005034999999999998,no_fresh_breakout,183,CFX-USDT-SWAP,0.062,нет свежего пробоя Donchian на последней закрытой свече,,rejected,,
0.00030950000000000145,no_fresh_breakout,183,CHZ-USDT-SWAP,0.03576,нет свежего пробоя Donchian на последней закрытой свече,,rejected,,
0.12749999999999934,no_fresh_breakout,183,COMP-USDT-SWAP,18.96,нет свежего пробоя Donchian на последней закрытой свече,,rejected,,
0.02949999999999999,no_fresh_breakout,183,ETC-USDT-SWAP,8.33,нет свежего пробоя Donchian на последней закрытой свече,,rejected,,
0.0007500000000000007,no_fresh_breakout,183,FIL-USDT-SWAP,0.889,нет свежего пробоя Donchian на последней закрытой свече,,rejected,,
0.017099999999999872,no_fresh_breakout,183,ICP-USDT-SWAP,2.493,нет свежего пробоя Donchian на последней закрытой свече,,rejected,,
0.0005449999999999997,no_fresh_breakout,183,IMX-USDT-SWAP,0.1618,нет свежего пробоя Donchian на последней закрытой свече,,rejected,,
0.0,atr_warmup:_цена_или_atr_недоступны_после_прогрева,183,KAITO-USDT-SWAP,0.0,ATR warmup: цена или ATR недоступны после прогрева,,rejected,,
0.030950000000000123,no_fresh_breakout,183,KSM-USDT-SWAP,4.522,нет свежего пробоя Donchian на последней закрытой свече,,rejected,,
0.0020900000000000003,no_fresh_breakout,183,LDO-USDT-SWAP,0.2967,нет свежего пробоя Donchian на последней закрытой свече,,rejected,,
0.05914999999999963,no_fresh_breakout,183,LINK-USDT-SWAP,9.027,нет свежего пробоя Donchian на последней закрытой свече,,rejected,,
0.003000000000000047,no_fresh_breakout,183,LPT-USDT-SWAP,2.221,нет свежего пробоя Donchian на последней закрытой свече,,rejected,,
0.00034000000000000143,no_fresh_breakout,183,LQTY-USDT-SWAP,0.2768,нет свежего пробоя Donchian на последней закрытой свече,,rejected,,
0.3314999999999994,no_fresh_breakout,183,LTC-USDT-SWAP,55.64,нет свежего пробоя Donchian на последней закрытой свече,,rejected,,
0.004381500000000001,no_fresh_breakout,183,MAGIC-USDT-SWAP,0.06162,нет свежего пробоя Donchian на последней закрытой свече,,rejected,,
5.500000000000088e-05,no_fresh_breakout,183,MET-USDT-SWAP,0.1552,нет свежего пробоя Donchian на последней закрытой свече,,rejected,,
0.0002385000000000005,no_fresh_breakout,183,OP-USDT-SWAP,0.1205,нет свежего пробоя Donchian на последней закрытой свече,,rejected,,
2.1600000000000015e-08,no_fresh_breakout,183,PEPE-USDT-SWAP,3.393e-06,нет свежего пробоя Donchian на последней закрытой свече,,rejected,,
0.0,atr_warmup:_цена_или_atr_недоступны_после_прогрева,183,SKY-USDT-SWAP,0.0,ATR warmup: цена или ATR недоступны после прогрева,,rejected,,
0.607500000000001,no_fresh_breakout,183,SOL-USDT-SWAP,88.86,нет свежего пробоя Donchian на последней закрытой свече,,rejected,,
0.015110000000000007,no_fresh_breakout,183,SUSHI-USDT-SWAP,0.2035,нет свежего пробоя Donchian на последней закрытой свече,,rejected,,
0.007950000000000013,no_fresh_breakout,183,TON-USDT-SWAP,1.238,нет свежего пробоя Donchian на последней закрытой свече,,rejected,,
0.0004500000000000004,no_fresh_breakout,183,TRX-USDT-SWAP,0.3006,нет свежего пробоя Donchian на последней закрытой свече,,rejected,,
1.3454999999999984,no_fresh_breakout,183,TSLA-USDT-SWAP,382.77,нет свежего пробоя Donchian на последней закрытой свече,,rejected,,
0.004894500000000001,no_fresh_breakout,183,USDC-USDT-SWAP,0.99995,нет свежего пробоя Donchian на последней закрытой свече,,rejected,,
62.629999999999974,no_fresh_breakout,183,XAU-USDT-SWAP,4750.5,нет свежего пробоя Donchian на последней закрытой свече,,rejected,,
0.0023320000000000007,no_fresh_breakout,183,XLM-USDT-SWAP,0.1715,нет свежего пробоя Donchian на последней закрытой свече,,rejected,,
0.009665000000000002,no_fresh_breakout,183,XRP-USDT-SWAP,1.4449,нет свежего пробоя Donchian на последней закрытой свече,,rejected,,
0.00022999999999999895,no_fresh_breakout,183,YB-USDT-SWAP,0.1246,нет свежего пробоя Donchian на последней закрытой свече,,rejected,,
15.615000000000077,no_fresh_breakout,183,YFI-USDT-SWAP,2726.4,нет свежего пробоя Donchian на последней закрытой свече,,rejected,,
0.00033500000000000055,no_fresh_breakout,183,YGG-USDT-SWAP,0.0404,нет свежего пробоя Donchian на последней закрытой свече,,rejected,,
