2026-03-29 22:49:51,220 | ERROR | remote_control | controller:write_state:62 | remote_state_write_failed
Traceback (most recent call last):
  File "D:\GIT\okx-trading-bot\v12x\v120\remote_control\controller.py", line 60, in write_state
    self.bridge.write_state(payload)
    ~~~~~~~~~~~~~~~~~~~~~~~^^^^^^^^^
  File "D:\GIT\okx-trading-bot\v12x\v120\remote_control\bridge.py", line 23, in write_state
    tmp.replace(target)
    ~~~~~~~~~~~^^^^^^^^
  File "C:\Users\Home\AppData\Local\Python\pythoncore-3.14-64\Lib\pathlib\__init__.py", line 1091, in replace
    os.replace(self, target)
    ~~~~~~~~~~^^^^^^^^^^^^^^
PermissionError: [WinError 5] Отказано в доступе: 'D:\\GIT\\okx-trading-bot\\v12x\\v120\\runtime\\remote_bridge\\state\\remote_state.json.tmp' -> 'D:\\GIT\\okx-trading-bot\\v12x\\v120\\runtime\\remote_bridge\\state\\remote_state.json'
2026-03-29 22:53:33,220 | ERROR | remote_control | controller:write_state:62 | remote_state_write_failed
Traceback (most recent call last):
  File "D:\GIT\okx-trading-bot\v12x\v120\remote_control\controller.py", line 60, in write_state
    self.bridge.write_state(payload)
    ~~~~~~~~~~~~~~~~~~~~~~~^^^^^^^^^
  File "D:\GIT\okx-trading-bot\v12x\v120\remote_control\bridge.py", line 23, in write_state
    tmp.replace(target)
    ~~~~~~~~~~~^^^^^^^^
  File "C:\Users\Home\AppData\Local\Python\pythoncore-3.14-64\Lib\pathlib\__init__.py", line 1091, in replace
    os.replace(self, target)
    ~~~~~~~~~~^^^^^^^^^^^^^^
PermissionError: [WinError 5] Отказано в доступе: 'D:\\GIT\\okx-trading-bot\\v12x\\v120\\runtime\\remote_bridge\\state\\remote_state.json.tmp' -> 'D:\\GIT\\okx-trading-bot\\v12x\\v120\\runtime\\remote_bridge\\state\\remote_state.json'
2026-03-29 22:57:16,721 | ERROR | remote_control | controller:write_state:62 | remote_state_write_failed
Traceback (most recent call last):
  File "D:\GIT\okx-trading-bot\v12x\v120\remote_control\controller.py", line 60, in write_state
    self.bridge.write_state(payload)
    ~~~~~~~~~~~~~~~~~~~~~~~^^^^^^^^^
  File "D:\GIT\okx-trading-bot\v12x\v120\remote_control\bridge.py", line 23, in write_state
    tmp.replace(target)
    ~~~~~~~~~~~^^^^^^^^
  File "C:\Users\Home\AppData\Local\Python\pythoncore-3.14-64\Lib\pathlib\__init__.py", line 1091, in replace
    os.replace(self, target)
    ~~~~~~~~~~^^^^^^^^^^^^^^
PermissionError: [WinError 5] Отказано в доступе: 'D:\\GIT\\okx-trading-bot\\v12x\\v120\\runtime\\remote_bridge\\state\\remote_state.json.tmp' -> 'D:\\GIT\\okx-trading-bot\\v12x\\v120\\runtime\\remote_bridge\\state\\remote_state.json'
2026-03-29 23:00:58,724 | ERROR | remote_control | controller:write_state:62 | remote_state_write_failed
Traceback (most recent call last):
  File "D:\GIT\okx-trading-bot\v12x\v120\remote_control\controller.py", line 60, in write_state
    self.bridge.write_state(payload)
    ~~~~~~~~~~~~~~~~~~~~~~~^^^^^^^^^
  File "D:\GIT\okx-trading-bot\v12x\v120\remote_control\bridge.py", line 23, in write_state
    tmp.replace(target)
    ~~~~~~~~~~~^^^^^^^^
  File "C:\Users\Home\AppData\Local\Python\pythoncore-3.14-64\Lib\pathlib\__init__.py", line 1091, in replace
    os.replace(self, target)
    ~~~~~~~~~~^^^^^^^^^^^^^^
PermissionError: [WinError 5] Отказано в доступе: 'D:\\GIT\\okx-trading-bot\\v12x\\v120\\runtime\\remote_bridge\\state\\remote_state.json.tmp' -> 'D:\\GIT\\okx-trading-bot\\v12x\\v120\\runtime\\remote_bridge\\state\\remote_state.json'
2026-03-29 23:08:22,721 | ERROR | remote_control | controller:write_state:62 | remote_state_write_failed
Traceback (most recent call last):
  File "D:\GIT\okx-trading-bot\v12x\v120\remote_control\controller.py", line 60, in write_state
    self.bridge.write_state(payload)
    ~~~~~~~~~~~~~~~~~~~~~~~^^^^^^^^^
  File "D:\GIT\okx-trading-bot\v12x\v120\remote_control\bridge.py", line 23, in write_state
    tmp.replace(target)
    ~~~~~~~~~~~^^^^^^^^
  File "C:\Users\Home\AppData\Local\Python\pythoncore-3.14-64\Lib\pathlib\__init__.py", line 1091, in replace
    os.replace(self, target)
    ~~~~~~~~~~^^^^^^^^^^^^^^
PermissionError: [WinError 5] Отказано в доступе: 'D:\\GIT\\okx-trading-bot\\v12x\\v120\\runtime\\remote_bridge\\state\\remote_state.json.tmp' -> 'D:\\GIT\\okx-trading-bot\\v12x\\v120\\runtime\\remote_bridge\\state\\remote_state.json'
2026-03-29 23:12:06,222 | ERROR | remote_control | controller:write_state:62 | remote_state_write_failed
Traceback (most recent call last):
  File "D:\GIT\okx-trading-bot\v12x\v120\remote_control\controller.py", line 60, in write_state
    self.bridge.write_state(payload)
    ~~~~~~~~~~~~~~~~~~~~~~~^^^^^^^^^
  File "D:\GIT\okx-trading-bot\v12x\v120\remote_control\bridge.py", line 23, in write_state
    tmp.replace(target)
    ~~~~~~~~~~~^^^^^^^^
  File "C:\Users\Home\AppData\Local\Python\pythoncore-3.14-64\Lib\pathlib\__init__.py", line 1091, in replace
    os.replace(self, target)
    ~~~~~~~~~~^^^^^^^^^^^^^^
PermissionError: [WinError 5] Отказано в доступе: 'D:\\GIT\\okx-trading-bot\\v12x\\v120\\runtime\\remote_bridge\\state\\remote_state.json.tmp' -> 'D:\\GIT\\okx-trading-bot\\v12x\\v120\\runtime\\remote_bridge\\state\\remote_state.json'
2026-03-29 23:15:48,222 | ERROR | remote_control | controller:write_state:62 | remote_state_write_failed
Traceback (most recent call last):
  File "D:\GIT\okx-trading-bot\v12x\v120\remote_control\controller.py", line 60, in write_state
    self.bridge.write_state(payload)
    ~~~~~~~~~~~~~~~~~~~~~~~^^^^^^^^^
  File "D:\GIT\okx-trading-bot\v12x\v120\remote_control\bridge.py", line 23, in write_state
    tmp.replace(target)
    ~~~~~~~~~~~^^^^^^^^
  File "C:\Users\Home\AppData\Local\Python\pythoncore-3.14-64\Lib\pathlib\__init__.py", line 1091, in replace
    os.replace(self, target)
    ~~~~~~~~~~^^^^^^^^^^^^^^
PermissionError: [WinError 5] Отказано в доступе: 'D:\\GIT\\okx-trading-bot\\v12x\\v120\\runtime\\remote_bridge\\state\\remote_state.json.tmp' -> 'D:\\GIT\\okx-trading-bot\\v12x\\v120\\runtime\\remote_bridge\\state\\remote_state.json'
2026-03-29 23:19:31,722 | ERROR | remote_control | controller:write_state:62 | remote_state_write_failed
Traceback (most recent call last):
  File "D:\GIT\okx-trading-bot\v12x\v120\remote_control\controller.py", line 60, in write_state
    self.bridge.write_state(payload)
    ~~~~~~~~~~~~~~~~~~~~~~~^^^^^^^^^
  File "D:\GIT\okx-trading-bot\v12x\v120\remote_control\bridge.py", line 23, in write_state
    tmp.replace(target)
    ~~~~~~~~~~~^^^^^^^^
  File "C:\Users\Home\AppData\Local\Python\pythoncore-3.14-64\Lib\pathlib\__init__.py", line 1091, in replace
    os.replace(self, target)
    ~~~~~~~~~~^^^^^^^^^^^^^^
PermissionError: [WinError 5] Отказано в доступе: 'D:\\GIT\\okx-trading-bot\\v12x\\v120\\runtime\\remote_bridge\\state\\remote_state.json.tmp' -> 'D:\\GIT\\okx-trading-bot\\v12x\\v120\\runtime\\remote_bridge\\state\\remote_state.json'
2026-03-29 23:23:12,220 | ERROR | remote_control | controller:write_state:62 | remote_state_write_failed
Traceback (most recent call last):
  File "D:\GIT\okx-trading-bot\v12x\v120\remote_control\controller.py", line 60, in write_state
    self.bridge.write_state(payload)
    ~~~~~~~~~~~~~~~~~~~~~~~^^^^^^^^^
  File "D:\GIT\okx-trading-bot\v12x\v120\remote_control\bridge.py", line 23, in write_state
    tmp.replace(target)
    ~~~~~~~~~~~^^^^^^^^
  File "C:\Users\Home\AppData\Local\Python\pythoncore-3.14-64\Lib\pathlib\__init__.py", line 1091, in replace
    os.replace(self, target)
    ~~~~~~~~~~^^^^^^^^^^^^^^
PermissionError: [WinError 5] Отказано в доступе: 'D:\\GIT\\okx-trading-bot\\v12x\\v120\\runtime\\remote_bridge\\state\\remote_state.json.tmp' -> 'D:\\GIT\\okx-trading-bot\\v12x\\v120\\runtime\\remote_bridge\\state\\remote_state.json'
2026-03-29 23:26:52,721 | ERROR | remote_control | controller:write_state:62 | remote_state_write_failed
Traceback (most recent call last):
  File "D:\GIT\okx-trading-bot\v12x\v120\remote_control\controller.py", line 60, in write_state
    self.bridge.write_state(payload)
    ~~~~~~~~~~~~~~~~~~~~~~~^^^^^^^^^
  File "D:\GIT\okx-trading-bot\v12x\v120\remote_control\bridge.py", line 23, in write_state
    tmp.replace(target)
    ~~~~~~~~~~~^^^^^^^^
  File "C:\Users\Home\AppData\Local\Python\pythoncore-3.14-64\Lib\pathlib\__init__.py", line 1091, in replace
    os.replace(self, target)
    ~~~~~~~~~~^^^^^^^^^^^^^^
PermissionError: [WinError 5] Отказано в доступе: 'D:\\GIT\\okx-trading-bot\\v12x\\v120\\runtime\\remote_bridge\\state\\remote_state.json.tmp' -> 'D:\\GIT\\okx-trading-bot\\v12x\\v120\\runtime\\remote_bridge\\state\\remote_state.json'
2026-03-29 23:30:36,223 | ERROR | remote_control | controller:write_state:62 | remote_state_write_failed
Traceback (most recent call last):
  File "D:\GIT\okx-trading-bot\v12x\v120\remote_control\controller.py", line 60, in write_state
    self.bridge.write_state(payload)
    ~~~~~~~~~~~~~~~~~~~~~~~^^^^^^^^^
  File "D:\GIT\okx-trading-bot\v12x\v120\remote_control\bridge.py", line 23, in write_state
    tmp.replace(target)
    ~~~~~~~~~~~^^^^^^^^
  File "C:\Users\Home\AppData\Local\Python\pythoncore-3.14-64\Lib\pathlib\__init__.py", line 1091, in replace
    os.replace(self, target)
    ~~~~~~~~~~^^^^^^^^^^^^^^
PermissionError: [WinError 5] Отказано в доступе: 'D:\\GIT\\okx-trading-bot\\v12x\\v120\\runtime\\remote_bridge\\state\\remote_state.json.tmp' -> 'D:\\GIT\\okx-trading-bot\\v12x\\v120\\runtime\\remote_bridge\\state\\remote_state.json'
2026-03-29 23:34:16,719 | ERROR | remote_control | controller:write_state:62 | remote_state_write_failed
Traceback (most recent call last):
  File "D:\GIT\okx-trading-bot\v12x\v120\remote_control\controller.py", line 60, in write_state
    self.bridge.write_state(payload)
    ~~~~~~~~~~~~~~~~~~~~~~~^^^^^^^^^
  File "D:\GIT\okx-trading-bot\v12x\v120\remote_control\bridge.py", line 23, in write_state
    tmp.replace(target)
    ~~~~~~~~~~~^^^^^^^^
  File "C:\Users\Home\AppData\Local\Python\pythoncore-3.14-64\Lib\pathlib\__init__.py", line 1091, in replace
    os.replace(self, target)
    ~~~~~~~~~~^^^^^^^^^^^^^^
PermissionError: [WinError 5] Отказано в доступе: 'D:\\GIT\\okx-trading-bot\\v12x\\v120\\runtime\\remote_bridge\\state\\remote_state.json.tmp' -> 'D:\\GIT\\okx-trading-bot\\v12x\\v120\\runtime\\remote_bridge\\state\\remote_state.json'
2026-03-29 23:38:00,220 | ERROR | remote_control | controller:write_state:62 | remote_state_write_failed
Traceback (most recent call last):
  File "D:\GIT\okx-trading-bot\v12x\v120\remote_control\controller.py", line 60, in write_state
    self.bridge.write_state(payload)
    ~~~~~~~~~~~~~~~~~~~~~~~^^^^^^^^^
  File "D:\GIT\okx-trading-bot\v12x\v120\remote_control\bridge.py", line 23, in write_state
    tmp.replace(target)
    ~~~~~~~~~~~^^^^^^^^
  File "C:\Users\Home\AppData\Local\Python\pythoncore-3.14-64\Lib\pathlib\__init__.py", line 1091, in replace
    os.replace(self, target)
    ~~~~~~~~~~^^^^^^^^^^^^^^
PermissionError: [WinError 5] Отказано в доступе: 'D:\\GIT\\okx-trading-bot\\v12x\\v120\\runtime\\remote_bridge\\state\\remote_state.json.tmp' -> 'D:\\GIT\\okx-trading-bot\\v12x\\v120\\runtime\\remote_bridge\\state\\remote_state.json'
2026-03-29 23:41:43,726 | ERROR | remote_control | controller:write_state:62 | remote_state_write_failed
Traceback (most recent call last):
  File "D:\GIT\okx-trading-bot\v12x\v120\remote_control\controller.py", line 60, in write_state
    self.bridge.write_state(payload)
    ~~~~~~~~~~~~~~~~~~~~~~~^^^^^^^^^
  File "D:\GIT\okx-trading-bot\v12x\v120\remote_control\bridge.py", line 23, in write_state
    tmp.replace(target)
    ~~~~~~~~~~~^^^^^^^^
  File "C:\Users\Home\AppData\Local\Python\pythoncore-3.14-64\Lib\pathlib\__init__.py", line 1091, in replace
    os.replace(self, target)
    ~~~~~~~~~~^^^^^^^^^^^^^^
PermissionError: [WinError 5] Отказано в доступе: 'D:\\GIT\\okx-trading-bot\\v12x\\v120\\runtime\\remote_bridge\\state\\remote_state.json.tmp' -> 'D:\\GIT\\okx-trading-bot\\v12x\\v120\\runtime\\remote_bridge\\state\\remote_state.json'
2026-03-29 23:45:25,727 | ERROR | remote_control | controller:write_state:62 | remote_state_write_failed
Traceback (most recent call last):
  File "D:\GIT\okx-trading-bot\v12x\v120\remote_control\controller.py", line 60, in write_state
    self.bridge.write_state(payload)
    ~~~~~~~~~~~~~~~~~~~~~~~^^^^^^^^^
  File "D:\GIT\okx-trading-bot\v12x\v120\remote_control\bridge.py", line 23, in write_state
    tmp.replace(target)
    ~~~~~~~~~~~^^^^^^^^
  File "C:\Users\Home\AppData\Local\Python\pythoncore-3.14-64\Lib\pathlib\__init__.py", line 1091, in replace
    os.replace(self, target)
    ~~~~~~~~~~^^^^^^^^^^^^^^
PermissionError: [WinError 5] Отказано в доступе: 'D:\\GIT\\okx-trading-bot\\v12x\\v120\\runtime\\remote_bridge\\state\\remote_state.json.tmp' -> 'D:\\GIT\\okx-trading-bot\\v12x\\v120\\runtime\\remote_bridge\\state\\remote_state.json'
2026-03-29 23:49:07,720 | ERROR | remote_control | controller:write_state:62 | remote_state_write_failed
Traceback (most recent call last):
  File "D:\GIT\okx-trading-bot\v12x\v120\remote_control\controller.py", line 60, in write_state
    self.bridge.write_state(payload)
    ~~~~~~~~~~~~~~~~~~~~~~~^^^^^^^^^
  File "D:\GIT\okx-trading-bot\v12x\v120\remote_control\bridge.py", line 23, in write_state
    tmp.replace(target)
    ~~~~~~~~~~~^^^^^^^^
  File "C:\Users\Home\AppData\Local\Python\pythoncore-3.14-64\Lib\pathlib\__init__.py", line 1091, in replace
    os.replace(self, target)
    ~~~~~~~~~~^^^^^^^^^^^^^^
PermissionError: [WinError 5] Отказано в доступе: 'D:\\GIT\\okx-trading-bot\\v12x\\v120\\runtime\\remote_bridge\\state\\remote_state.json.tmp' -> 'D:\\GIT\\okx-trading-bot\\v12x\\v120\\runtime\\remote_bridge\\state\\remote_state.json'
2026-03-29 23:52:49,727 | ERROR | remote_control | controller:write_state:62 | remote_state_write_failed
Traceback (most recent call last):
  File "D:\GIT\okx-trading-bot\v12x\v120\remote_control\controller.py", line 60, in write_state
    self.bridge.write_state(payload)
    ~~~~~~~~~~~~~~~~~~~~~~~^^^^^^^^^
  File "D:\GIT\okx-trading-bot\v12x\v120\remote_control\bridge.py", line 23, in write_state
    tmp.replace(target)
    ~~~~~~~~~~~^^^^^^^^
  File "C:\Users\Home\AppData\Local\Python\pythoncore-3.14-64\Lib\pathlib\__init__.py", line 1091, in replace
    os.replace(self, target)
    ~~~~~~~~~~^^^^^^^^^^^^^^
PermissionError: [WinError 5] Отказано в доступе: 'D:\\GIT\\okx-trading-bot\\v12x\\v120\\runtime\\remote_bridge\\state\\remote_state.json.tmp' -> 'D:\\GIT\\okx-trading-bot\\v12x\\v120\\runtime\\remote_bridge\\state\\remote_state.json'
2026-03-29 23:56:34,721 | ERROR | remote_control | controller:write_state:62 | remote_state_write_failed
Traceback (most recent call last):
  File "D:\GIT\okx-trading-bot\v12x\v120\remote_control\controller.py", line 60, in write_state
    self.bridge.write_state(payload)
    ~~~~~~~~~~~~~~~~~~~~~~~^^^^^^^^^
  File "D:\GIT\okx-trading-bot\v12x\v120\remote_control\bridge.py", line 23, in write_state
    tmp.replace(target)
    ~~~~~~~~~~~^^^^^^^^
  File "C:\Users\Home\AppData\Local\Python\pythoncore-3.14-64\Lib\pathlib\__init__.py", line 1091, in replace
    os.replace(self, target)
    ~~~~~~~~~~^^^^^^^^^^^^^^
PermissionError: [WinError 5] Отказано в доступе: 'D:\\GIT\\okx-trading-bot\\v12x\\v120\\runtime\\remote_bridge\\state\\remote_state.json.tmp' -> 'D:\\GIT\\okx-trading-bot\\v12x\\v120\\runtime\\remote_bridge\\state\\remote_state.json'
2026-03-30 00:00:18,223 | ERROR | remote_control | controller:write_state:62 | remote_state_write_failed
Traceback (most recent call last):
  File "D:\GIT\okx-trading-bot\v12x\v120\remote_control\controller.py", line 60, in write_state
    self.bridge.write_state(payload)
    ~~~~~~~~~~~~~~~~~~~~~~~^^^^^^^^^
  File "D:\GIT\okx-trading-bot\v12x\v120\remote_control\bridge.py", line 23, in write_state
    tmp.replace(target)
    ~~~~~~~~~~~^^^^^^^^
  File "C:\Users\Home\AppData\Local\Python\pythoncore-3.14-64\Lib\pathlib\__init__.py", line 1091, in replace
    os.replace(self, target)
    ~~~~~~~~~~^^^^^^^^^^^^^^
PermissionError: [WinError 5] Отказано в доступе: 'D:\\GIT\\okx-trading-bot\\v12x\\v120\\runtime\\remote_bridge\\state\\remote_state.json.tmp' -> 'D:\\GIT\\okx-trading-bot\\v12x\\v120\\runtime\\remote_bridge\\state\\remote_state.json'
2026-03-30 00:04:01,722 | ERROR | remote_control | controller:write_state:62 | remote_state_write_failed
Traceback (most recent call last):
  File "D:\GIT\okx-trading-bot\v12x\v120\remote_control\controller.py", line 60, in write_state
    self.bridge.write_state(payload)
    ~~~~~~~~~~~~~~~~~~~~~~~^^^^^^^^^
  File "D:\GIT\okx-trading-bot\v12x\v120\remote_control\bridge.py", line 23, in write_state
    tmp.replace(target)
    ~~~~~~~~~~~^^^^^^^^
  File "C:\Users\Home\AppData\Local\Python\pythoncore-3.14-64\Lib\pathlib\__init__.py", line 1091, in replace
    os.replace(self, target)
    ~~~~~~~~~~^^^^^^^^^^^^^^
PermissionError: [WinError 5] Отказано в доступе: 'D:\\GIT\\okx-trading-bot\\v12x\\v120\\runtime\\remote_bridge\\state\\remote_state.json.tmp' -> 'D:\\GIT\\okx-trading-bot\\v12x\\v120\\runtime\\remote_bridge\\state\\remote_state.json'
2026-03-30 00:07:45,220 | ERROR | remote_control | controller:write_state:62 | remote_state_write_failed
Traceback (most recent call last):
  File "D:\GIT\okx-trading-bot\v12x\v120\remote_control\controller.py", line 60, in write_state
    self.bridge.write_state(payload)
    ~~~~~~~~~~~~~~~~~~~~~~~^^^^^^^^^
  File "D:\GIT\okx-trading-bot\v12x\v120\remote_control\bridge.py", line 23, in write_state
    tmp.replace(target)
    ~~~~~~~~~~~^^^^^^^^
  File "C:\Users\Home\AppData\Local\Python\pythoncore-3.14-64\Lib\pathlib\__init__.py", line 1091, in replace
    os.replace(self, target)
    ~~~~~~~~~~^^^^^^^^^^^^^^
PermissionError: [WinError 5] Отказано в доступе: 'D:\\GIT\\okx-trading-bot\\v12x\\v120\\runtime\\remote_bridge\\state\\remote_state.json.tmp' -> 'D:\\GIT\\okx-trading-bot\\v12x\\v120\\runtime\\remote_bridge\\state\\remote_state.json'
2026-03-30 00:15:13,721 | ERROR | remote_control | controller:write_state:62 | remote_state_write_failed
Traceback (most recent call last):
  File "D:\GIT\okx-trading-bot\v12x\v120\remote_control\controller.py", line 60, in write_state
    self.bridge.write_state(payload)
    ~~~~~~~~~~~~~~~~~~~~~~~^^^^^^^^^
  File "D:\GIT\okx-trading-bot\v12x\v120\remote_control\bridge.py", line 23, in write_state
    tmp.replace(target)
    ~~~~~~~~~~~^^^^^^^^
  File "C:\Users\Home\AppData\Local\Python\pythoncore-3.14-64\Lib\pathlib\__init__.py", line 1091, in replace
    os.replace(self, target)
    ~~~~~~~~~~^^^^^^^^^^^^^^
PermissionError: [WinError 5] Отказано в доступе: 'D:\\GIT\\okx-trading-bot\\v12x\\v120\\runtime\\remote_bridge\\state\\remote_state.json.tmp' -> 'D:\\GIT\\okx-trading-bot\\v12x\\v120\\runtime\\remote_bridge\\state\\remote_state.json'
2026-03-30 00:18:57,220 | ERROR | remote_control | controller:write_state:62 | remote_state_write_failed
Traceback (most recent call last):
  File "D:\GIT\okx-trading-bot\v12x\v120\remote_control\controller.py", line 60, in write_state
    self.bridge.write_state(payload)
    ~~~~~~~~~~~~~~~~~~~~~~~^^^^^^^^^
  File "D:\GIT\okx-trading-bot\v12x\v120\remote_control\bridge.py", line 23, in write_state
    tmp.replace(target)
    ~~~~~~~~~~~^^^^^^^^
  File "C:\Users\Home\AppData\Local\Python\pythoncore-3.14-64\Lib\pathlib\__init__.py", line 1091, in replace
    os.replace(self, target)
    ~~~~~~~~~~^^^^^^^^^^^^^^
PermissionError: [WinError 5] Отказано в доступе: 'D:\\GIT\\okx-trading-bot\\v12x\\v120\\runtime\\remote_bridge\\state\\remote_state.json.tmp' -> 'D:\\GIT\\okx-trading-bot\\v12x\\v120\\runtime\\remote_bridge\\state\\remote_state.json'
2026-03-30 00:22:40,721 | ERROR | remote_control | controller:write_state:62 | remote_state_write_failed
Traceback (most recent call last):
  File "D:\GIT\okx-trading-bot\v12x\v120\remote_control\controller.py", line 60, in write_state
    self.bridge.write_state(payload)
    ~~~~~~~~~~~~~~~~~~~~~~~^^^^^^^^^
  File "D:\GIT\okx-trading-bot\v12x\v120\remote_control\bridge.py", line 23, in write_state
    tmp.replace(target)
    ~~~~~~~~~~~^^^^^^^^
  File "C:\Users\Home\AppData\Local\Python\pythoncore-3.14-64\Lib\pathlib\__init__.py", line 1091, in replace
    os.replace(self, target)
    ~~~~~~~~~~^^^^^^^^^^^^^^
PermissionError: [WinError 5] Отказано в доступе: 'D:\\GIT\\okx-trading-bot\\v12x\\v120\\runtime\\remote_bridge\\state\\remote_state.json.tmp' -> 'D:\\GIT\\okx-trading-bot\\v12x\\v120\\runtime\\remote_bridge\\state\\remote_state.json'
2026-03-30 00:26:24,220 | ERROR | remote_control | controller:write_state:62 | remote_state_write_failed
Traceback (most recent call last):
  File "D:\GIT\okx-trading-bot\v12x\v120\remote_control\controller.py", line 60, in write_state
    self.bridge.write_state(payload)
    ~~~~~~~~~~~~~~~~~~~~~~~^^^^^^^^^
  File "D:\GIT\okx-trading-bot\v12x\v120\remote_control\bridge.py", line 23, in write_state
    tmp.replace(target)
    ~~~~~~~~~~~^^^^^^^^
  File "C:\Users\Home\AppData\Local\Python\pythoncore-3.14-64\Lib\pathlib\__init__.py", line 1091, in replace
    os.replace(self, target)
    ~~~~~~~~~~^^^^^^^^^^^^^^
PermissionError: [WinError 5] Отказано в доступе: 'D:\\GIT\\okx-trading-bot\\v12x\\v120\\runtime\\remote_bridge\\state\\remote_state.json.tmp' -> 'D:\\GIT\\okx-trading-bot\\v12x\\v120\\runtime\\remote_bridge\\state\\remote_state.json'
2026-03-30 00:30:12,223 | ERROR | remote_control | controller:write_state:62 | remote_state_write_failed
Traceback (most recent call last):
  File "D:\GIT\okx-trading-bot\v12x\v120\remote_control\controller.py", line 60, in write_state
    self.bridge.write_state(payload)
    ~~~~~~~~~~~~~~~~~~~~~~~^^^^^^^^^
  File "D:\GIT\okx-trading-bot\v12x\v120\remote_control\bridge.py", line 23, in write_state
    tmp.replace(target)
    ~~~~~~~~~~~^^^^^^^^
  File "C:\Users\Home\AppData\Local\Python\pythoncore-3.14-64\Lib\pathlib\__init__.py", line 1091, in replace
    os.replace(self, target)
    ~~~~~~~~~~^^^^^^^^^^^^^^
PermissionError: [WinError 5] Отказано в доступе: 'D:\\GIT\\okx-trading-bot\\v12x\\v120\\runtime\\remote_bridge\\state\\remote_state.json.tmp' -> 'D:\\GIT\\okx-trading-bot\\v12x\\v120\\runtime\\remote_bridge\\state\\remote_state.json'
2026-03-30 00:33:57,222 | ERROR | remote_control | controller:write_state:62 | remote_state_write_failed
Traceback (most recent call last):
  File "D:\GIT\okx-trading-bot\v12x\v120\remote_control\controller.py", line 60, in write_state
    self.bridge.write_state(payload)
    ~~~~~~~~~~~~~~~~~~~~~~~^^^^^^^^^
  File "D:\GIT\okx-trading-bot\v12x\v120\remote_control\bridge.py", line 23, in write_state
    tmp.replace(target)
    ~~~~~~~~~~~^^^^^^^^
  File "C:\Users\Home\AppData\Local\Python\pythoncore-3.14-64\Lib\pathlib\__init__.py", line 1091, in replace
    os.replace(self, target)
    ~~~~~~~~~~^^^^^^^^^^^^^^
PermissionError: [WinError 5] Отказано в доступе: 'D:\\GIT\\okx-trading-bot\\v12x\\v120\\runtime\\remote_bridge\\state\\remote_state.json.tmp' -> 'D:\\GIT\\okx-trading-bot\\v12x\\v120\\runtime\\remote_bridge\\state\\remote_state.json'
2026-03-30 00:37:42,223 | ERROR | remote_control | controller:write_state:62 | remote_state_write_failed
Traceback (most recent call last):
  File "D:\GIT\okx-trading-bot\v12x\v120\remote_control\controller.py", line 60, in write_state
    self.bridge.write_state(payload)
    ~~~~~~~~~~~~~~~~~~~~~~~^^^^^^^^^
  File "D:\GIT\okx-trading-bot\v12x\v120\remote_control\bridge.py", line 23, in write_state
    tmp.replace(target)
    ~~~~~~~~~~~^^^^^^^^
  File "C:\Users\Home\AppData\Local\Python\pythoncore-3.14-64\Lib\pathlib\__init__.py", line 1091, in replace
    os.replace(self, target)
    ~~~~~~~~~~^^^^^^^^^^^^^^
PermissionError: [WinError 5] Отказано в доступе: 'D:\\GIT\\okx-trading-bot\\v12x\\v120\\runtime\\remote_bridge\\state\\remote_state.json.tmp' -> 'D:\\GIT\\okx-trading-bot\\v12x\\v120\\runtime\\remote_bridge\\state\\remote_state.json'
2026-03-30 00:45:10,722 | ERROR | remote_control | controller:write_state:62 | remote_state_write_failed
Traceback (most recent call last):
  File "D:\GIT\okx-trading-bot\v12x\v120\remote_control\controller.py", line 60, in write_state
    self.bridge.write_state(payload)
    ~~~~~~~~~~~~~~~~~~~~~~~^^^^^^^^^
  File "D:\GIT\okx-trading-bot\v12x\v120\remote_control\bridge.py", line 23, in write_state
    tmp.replace(target)
    ~~~~~~~~~~~^^^^^^^^
  File "C:\Users\Home\AppData\Local\Python\pythoncore-3.14-64\Lib\pathlib\__init__.py", line 1091, in replace
    os.replace(self, target)
    ~~~~~~~~~~^^^^^^^^^^^^^^
PermissionError: [WinError 5] Отказано в доступе: 'D:\\GIT\\okx-trading-bot\\v12x\\v120\\runtime\\remote_bridge\\state\\remote_state.json.tmp' -> 'D:\\GIT\\okx-trading-bot\\v12x\\v120\\runtime\\remote_bridge\\state\\remote_state.json'
2026-03-30 00:48:54,223 | ERROR | remote_control | controller:write_state:62 | remote_state_write_failed
Traceback (most recent call last):
  File "D:\GIT\okx-trading-bot\v12x\v120\remote_control\controller.py", line 60, in write_state
    self.bridge.write_state(payload)
    ~~~~~~~~~~~~~~~~~~~~~~~^^^^^^^^^
  File "D:\GIT\okx-trading-bot\v12x\v120\remote_control\bridge.py", line 23, in write_state
    tmp.replace(target)
    ~~~~~~~~~~~^^^^^^^^
  File "C:\Users\Home\AppData\Local\Python\pythoncore-3.14-64\Lib\pathlib\__init__.py", line 1091, in replace
    os.replace(self, target)
    ~~~~~~~~~~^^^^^^^^^^^^^^
PermissionError: [WinError 5] Отказано в доступе: 'D:\\GIT\\okx-trading-bot\\v12x\\v120\\runtime\\remote_bridge\\state\\remote_state.json.tmp' -> 'D:\\GIT\\okx-trading-bot\\v12x\\v120\\runtime\\remote_bridge\\state\\remote_state.json'
2026-03-30 00:56:25,722 | ERROR | remote_control | controller:write_state:62 | remote_state_write_failed
Traceback (most recent call last):
  File "D:\GIT\okx-trading-bot\v12x\v120\remote_control\controller.py", line 60, in write_state
    self.bridge.write_state(payload)
    ~~~~~~~~~~~~~~~~~~~~~~~^^^^^^^^^
  File "D:\GIT\okx-trading-bot\v12x\v120\remote_control\bridge.py", line 23, in write_state
    tmp.replace(target)
    ~~~~~~~~~~~^^^^^^^^
  File "C:\Users\Home\AppData\Local\Python\pythoncore-3.14-64\Lib\pathlib\__init__.py", line 1091, in replace
    os.replace(self, target)
    ~~~~~~~~~~^^^^^^^^^^^^^^
PermissionError: [WinError 5] Отказано в доступе: 'D:\\GIT\\okx-trading-bot\\v12x\\v120\\runtime\\remote_bridge\\state\\remote_state.json.tmp' -> 'D:\\GIT\\okx-trading-bot\\v12x\\v120\\runtime\\remote_bridge\\state\\remote_state.json'
2026-03-30 01:00:10,720 | ERROR | remote_control | controller:write_state:62 | remote_state_write_failed
Traceback (most recent call last):
  File "D:\GIT\okx-trading-bot\v12x\v120\remote_control\controller.py", line 60, in write_state
    self.bridge.write_state(payload)
    ~~~~~~~~~~~~~~~~~~~~~~~^^^^^^^^^
  File "D:\GIT\okx-trading-bot\v12x\v120\remote_control\bridge.py", line 23, in write_state
    tmp.replace(target)
    ~~~~~~~~~~~^^^^^^^^
  File "C:\Users\Home\AppData\Local\Python\pythoncore-3.14-64\Lib\pathlib\__init__.py", line 1091, in replace
    os.replace(self, target)
    ~~~~~~~~~~^^^^^^^^^^^^^^
PermissionError: [WinError 5] Отказано в доступе: 'D:\\GIT\\okx-trading-bot\\v12x\\v120\\runtime\\remote_bridge\\state\\remote_state.json.tmp' -> 'D:\\GIT\\okx-trading-bot\\v12x\\v120\\runtime\\remote_bridge\\state\\remote_state.json'
2026-03-30 01:03:55,721 | ERROR | remote_control | controller:write_state:62 | remote_state_write_failed
Traceback (most recent call last):
  File "D:\GIT\okx-trading-bot\v12x\v120\remote_control\controller.py", line 60, in write_state
    self.bridge.write_state(payload)
    ~~~~~~~~~~~~~~~~~~~~~~~^^^^^^^^^
  File "D:\GIT\okx-trading-bot\v12x\v120\remote_control\bridge.py", line 23, in write_state
    tmp.replace(target)
    ~~~~~~~~~~~^^^^^^^^
  File "C:\Users\Home\AppData\Local\Python\pythoncore-3.14-64\Lib\pathlib\__init__.py", line 1091, in replace
    os.replace(self, target)
    ~~~~~~~~~~^^^^^^^^^^^^^^
PermissionError: [WinError 5] Отказано в доступе: 'D:\\GIT\\okx-trading-bot\\v12x\\v120\\runtime\\remote_bridge\\state\\remote_state.json.tmp' -> 'D:\\GIT\\okx-trading-bot\\v12x\\v120\\runtime\\remote_bridge\\state\\remote_state.json'
2026-03-30 01:07:40,722 | ERROR | remote_control | controller:write_state:62 | remote_state_write_failed
Traceback (most recent call last):
  File "D:\GIT\okx-trading-bot\v12x\v120\remote_control\controller.py", line 60, in write_state
    self.bridge.write_state(payload)
    ~~~~~~~~~~~~~~~~~~~~~~~^^^^^^^^^
  File "D:\GIT\okx-trading-bot\v12x\v120\remote_control\bridge.py", line 23, in write_state
    tmp.replace(target)
    ~~~~~~~~~~~^^^^^^^^
  File "C:\Users\Home\AppData\Local\Python\pythoncore-3.14-64\Lib\pathlib\__init__.py", line 1091, in replace
    os.replace(self, target)
    ~~~~~~~~~~^^^^^^^^^^^^^^
PermissionError: [WinError 5] Отказано в доступе: 'D:\\GIT\\okx-trading-bot\\v12x\\v120\\runtime\\remote_bridge\\state\\remote_state.json.tmp' -> 'D:\\GIT\\okx-trading-bot\\v12x\\v120\\runtime\\remote_bridge\\state\\remote_state.json'
2026-03-30 01:11:24,223 | ERROR | remote_control | controller:write_state:62 | remote_state_write_failed
Traceback (most recent call last):
  File "D:\GIT\okx-trading-bot\v12x\v120\remote_control\controller.py", line 60, in write_state
    self.bridge.write_state(payload)
    ~~~~~~~~~~~~~~~~~~~~~~~^^^^^^^^^
  File "D:\GIT\okx-trading-bot\v12x\v120\remote_control\bridge.py", line 23, in write_state
    tmp.replace(target)
    ~~~~~~~~~~~^^^^^^^^
  File "C:\Users\Home\AppData\Local\Python\pythoncore-3.14-64\Lib\pathlib\__init__.py", line 1091, in replace
    os.replace(self, target)
    ~~~~~~~~~~^^^^^^^^^^^^^^
PermissionError: [WinError 5] Отказано в доступе: 'D:\\GIT\\okx-trading-bot\\v12x\\v120\\runtime\\remote_bridge\\state\\remote_state.json.tmp' -> 'D:\\GIT\\okx-trading-bot\\v12x\\v120\\runtime\\remote_bridge\\state\\remote_state.json'
2026-03-30 01:15:06,223 | ERROR | remote_control | controller:write_state:62 | remote_state_write_failed
Traceback (most recent call last):
  File "D:\GIT\okx-trading-bot\v12x\v120\remote_control\controller.py", line 60, in write_state
    self.bridge.write_state(payload)
    ~~~~~~~~~~~~~~~~~~~~~~~^^^^^^^^^
  File "D:\GIT\okx-trading-bot\v12x\v120\remote_control\bridge.py", line 23, in write_state
    tmp.replace(target)
    ~~~~~~~~~~~^^^^^^^^
  File "C:\Users\Home\AppData\Local\Python\pythoncore-3.14-64\Lib\pathlib\__init__.py", line 1091, in replace
    os.replace(self, target)
    ~~~~~~~~~~^^^^^^^^^^^^^^
PermissionError: [WinError 5] Отказано в доступе: 'D:\\GIT\\okx-trading-bot\\v12x\\v120\\runtime\\remote_bridge\\state\\remote_state.json.tmp' -> 'D:\\GIT\\okx-trading-bot\\v12x\\v120\\runtime\\remote_bridge\\state\\remote_state.json'
2026-03-30 01:18:51,221 | ERROR | remote_control | controller:write_state:62 | remote_state_write_failed
Traceback (most recent call last):
  File "D:\GIT\okx-trading-bot\v12x\v120\remote_control\controller.py", line 60, in write_state
    self.bridge.write_state(payload)
    ~~~~~~~~~~~~~~~~~~~~~~~^^^^^^^^^
  File "D:\GIT\okx-trading-bot\v12x\v120\remote_control\bridge.py", line 23, in write_state
    tmp.replace(target)
    ~~~~~~~~~~~^^^^^^^^
  File "C:\Users\Home\AppData\Local\Python\pythoncore-3.14-64\Lib\pathlib\__init__.py", line 1091, in replace
    os.replace(self, target)
    ~~~~~~~~~~^^^^^^^^^^^^^^
PermissionError: [WinError 5] Отказано в доступе: 'D:\\GIT\\okx-trading-bot\\v12x\\v120\\runtime\\remote_bridge\\state\\remote_state.json.tmp' -> 'D:\\GIT\\okx-trading-bot\\v12x\\v120\\runtime\\remote_bridge\\state\\remote_state.json'
2026-03-30 01:22:36,223 | ERROR | remote_control | controller:write_state:62 | remote_state_write_failed
Traceback (most recent call last):
  File "D:\GIT\okx-trading-bot\v12x\v120\remote_control\controller.py", line 60, in write_state
    self.bridge.write_state(payload)
    ~~~~~~~~~~~~~~~~~~~~~~~^^^^^^^^^
  File "D:\GIT\okx-trading-bot\v12x\v120\remote_control\bridge.py", line 23, in write_state
    tmp.replace(target)
    ~~~~~~~~~~~^^^^^^^^
  File "C:\Users\Home\AppData\Local\Python\pythoncore-3.14-64\Lib\pathlib\__init__.py", line 1091, in replace
    os.replace(self, target)
    ~~~~~~~~~~^^^^^^^^^^^^^^
PermissionError: [WinError 5] Отказано в доступе: 'D:\\GIT\\okx-trading-bot\\v12x\\v120\\runtime\\remote_bridge\\state\\remote_state.json.tmp' -> 'D:\\GIT\\okx-trading-bot\\v12x\\v120\\runtime\\remote_bridge\\state\\remote_state.json'
2026-03-30 01:26:19,723 | ERROR | remote_control | controller:write_state:62 | remote_state_write_failed
Traceback (most recent call last):
  File "D:\GIT\okx-trading-bot\v12x\v120\remote_control\controller.py", line 60, in write_state
    self.bridge.write_state(payload)
    ~~~~~~~~~~~~~~~~~~~~~~~^^^^^^^^^
  File "D:\GIT\okx-trading-bot\v12x\v120\remote_control\bridge.py", line 23, in write_state
    tmp.replace(target)
    ~~~~~~~~~~~^^^^^^^^
  File "C:\Users\Home\AppData\Local\Python\pythoncore-3.14-64\Lib\pathlib\__init__.py", line 1091, in replace
    os.replace(self, target)
    ~~~~~~~~~~^^^^^^^^^^^^^^
PermissionError: [WinError 5] Отказано в доступе: 'D:\\GIT\\okx-trading-bot\\v12x\\v120\\runtime\\remote_bridge\\state\\remote_state.json.tmp' -> 'D:\\GIT\\okx-trading-bot\\v12x\\v120\\runtime\\remote_bridge\\state\\remote_state.json'
2026-03-30 01:30:03,220 | ERROR | remote_control | controller:write_state:62 | remote_state_write_failed
Traceback (most recent call last):
  File "D:\GIT\okx-trading-bot\v12x\v120\remote_control\controller.py", line 60, in write_state
    self.bridge.write_state(payload)
    ~~~~~~~~~~~~~~~~~~~~~~~^^^^^^^^^
  File "D:\GIT\okx-trading-bot\v12x\v120\remote_control\bridge.py", line 23, in write_state
    tmp.replace(target)
    ~~~~~~~~~~~^^^^^^^^
  File "C:\Users\Home\AppData\Local\Python\pythoncore-3.14-64\Lib\pathlib\__init__.py", line 1091, in replace
    os.replace(self, target)
    ~~~~~~~~~~^^^^^^^^^^^^^^
PermissionError: [WinError 5] Отказано в доступе: 'D:\\GIT\\okx-trading-bot\\v12x\\v120\\runtime\\remote_bridge\\state\\remote_state.json.tmp' -> 'D:\\GIT\\okx-trading-bot\\v12x\\v120\\runtime\\remote_bridge\\state\\remote_state.json'
2026-03-30 01:30:06,223 | ERROR | remote_control | controller:write_state:62 | remote_state_write_failed
Traceback (most recent call last):
  File "D:\GIT\okx-trading-bot\v12x\v120\remote_control\controller.py", line 60, in write_state
    self.bridge.write_state(payload)
    ~~~~~~~~~~~~~~~~~~~~~~~^^^^^^^^^
  File "D:\GIT\okx-trading-bot\v12x\v120\remote_control\bridge.py", line 23, in write_state
    tmp.replace(target)
    ~~~~~~~~~~~^^^^^^^^
  File "C:\Users\Home\AppData\Local\Python\pythoncore-3.14-64\Lib\pathlib\__init__.py", line 1091, in replace
    os.replace(self, target)
    ~~~~~~~~~~^^^^^^^^^^^^^^
PermissionError: [WinError 5] Отказано в доступе: 'D:\\GIT\\okx-trading-bot\\v12x\\v120\\runtime\\remote_bridge\\state\\remote_state.json.tmp' -> 'D:\\GIT\\okx-trading-bot\\v12x\\v120\\runtime\\remote_bridge\\state\\remote_state.json'
2026-03-30 01:33:48,220 | ERROR | remote_control | controller:write_state:62 | remote_state_write_failed
Traceback (most recent call last):
  File "D:\GIT\okx-trading-bot\v12x\v120\remote_control\controller.py", line 60, in write_state
    self.bridge.write_state(payload)
    ~~~~~~~~~~~~~~~~~~~~~~~^^^^^^^^^
  File "D:\GIT\okx-trading-bot\v12x\v120\remote_control\bridge.py", line 23, in write_state
    tmp.replace(target)
    ~~~~~~~~~~~^^^^^^^^
  File "C:\Users\Home\AppData\Local\Python\pythoncore-3.14-64\Lib\pathlib\__init__.py", line 1091, in replace
    os.replace(self, target)
    ~~~~~~~~~~^^^^^^^^^^^^^^
PermissionError: [WinError 5] Отказано в доступе: 'D:\\GIT\\okx-trading-bot\\v12x\\v120\\runtime\\remote_bridge\\state\\remote_state.json.tmp' -> 'D:\\GIT\\okx-trading-bot\\v12x\\v120\\runtime\\remote_bridge\\state\\remote_state.json'
2026-03-30 01:37:33,220 | ERROR | remote_control | controller:write_state:62 | remote_state_write_failed
Traceback (most recent call last):
  File "D:\GIT\okx-trading-bot\v12x\v120\remote_control\controller.py", line 60, in write_state
    self.bridge.write_state(payload)
    ~~~~~~~~~~~~~~~~~~~~~~~^^^^^^^^^
  File "D:\GIT\okx-trading-bot\v12x\v120\remote_control\bridge.py", line 23, in write_state
    tmp.replace(target)
    ~~~~~~~~~~~^^^^^^^^
  File "C:\Users\Home\AppData\Local\Python\pythoncore-3.14-64\Lib\pathlib\__init__.py", line 1091, in replace
    os.replace(self, target)
    ~~~~~~~~~~^^^^^^^^^^^^^^
PermissionError: [WinError 5] Отказано в доступе: 'D:\\GIT\\okx-trading-bot\\v12x\\v120\\runtime\\remote_bridge\\state\\remote_state.json.tmp' -> 'D:\\GIT\\okx-trading-bot\\v12x\\v120\\runtime\\remote_bridge\\state\\remote_state.json'
2026-03-30 01:41:15,221 | ERROR | remote_control | controller:write_state:62 | remote_state_write_failed
Traceback (most recent call last):
  File "D:\GIT\okx-trading-bot\v12x\v120\remote_control\controller.py", line 60, in write_state
    self.bridge.write_state(payload)
    ~~~~~~~~~~~~~~~~~~~~~~~^^^^^^^^^
  File "D:\GIT\okx-trading-bot\v12x\v120\remote_control\bridge.py", line 23, in write_state
    tmp.replace(target)
    ~~~~~~~~~~~^^^^^^^^
  File "C:\Users\Home\AppData\Local\Python\pythoncore-3.14-64\Lib\pathlib\__init__.py", line 1091, in replace
    os.replace(self, target)
    ~~~~~~~~~~^^^^^^^^^^^^^^
PermissionError: [WinError 5] Отказано в доступе: 'D:\\GIT\\okx-trading-bot\\v12x\\v120\\runtime\\remote_bridge\\state\\remote_state.json.tmp' -> 'D:\\GIT\\okx-trading-bot\\v12x\\v120\\runtime\\remote_bridge\\state\\remote_state.json'
2026-03-30 01:52:28,729 | ERROR | remote_control | controller:write_state:62 | remote_state_write_failed
Traceback (most recent call last):
  File "D:\GIT\okx-trading-bot\v12x\v120\remote_control\controller.py", line 60, in write_state
    self.bridge.write_state(payload)
    ~~~~~~~~~~~~~~~~~~~~~~~^^^^^^^^^
  File "D:\GIT\okx-trading-bot\v12x\v120\remote_control\bridge.py", line 23, in write_state
    tmp.replace(target)
    ~~~~~~~~~~~^^^^^^^^
  File "C:\Users\Home\AppData\Local\Python\pythoncore-3.14-64\Lib\pathlib\__init__.py", line 1091, in replace
    os.replace(self, target)
    ~~~~~~~~~~^^^^^^^^^^^^^^
PermissionError: [WinError 5] Отказано в доступе: 'D:\\GIT\\okx-trading-bot\\v12x\\v120\\runtime\\remote_bridge\\state\\remote_state.json.tmp' -> 'D:\\GIT\\okx-trading-bot\\v12x\\v120\\runtime\\remote_bridge\\state\\remote_state.json'
2026-03-30 01:59:57,220 | ERROR | remote_control | controller:write_state:62 | remote_state_write_failed
Traceback (most recent call last):
  File "D:\GIT\okx-trading-bot\v12x\v120\remote_control\controller.py", line 60, in write_state
    self.bridge.write_state(payload)
    ~~~~~~~~~~~~~~~~~~~~~~~^^^^^^^^^
  File "D:\GIT\okx-trading-bot\v12x\v120\remote_control\bridge.py", line 23, in write_state
    tmp.replace(target)
    ~~~~~~~~~~~^^^^^^^^
  File "C:\Users\Home\AppData\Local\Python\pythoncore-3.14-64\Lib\pathlib\__init__.py", line 1091, in replace
    os.replace(self, target)
    ~~~~~~~~~~^^^^^^^^^^^^^^
PermissionError: [WinError 5] Отказано в доступе: 'D:\\GIT\\okx-trading-bot\\v12x\\v120\\runtime\\remote_bridge\\state\\remote_state.json.tmp' -> 'D:\\GIT\\okx-trading-bot\\v12x\\v120\\runtime\\remote_bridge\\state\\remote_state.json'
2026-03-30 02:03:42,220 | ERROR | remote_control | controller:write_state:62 | remote_state_write_failed
Traceback (most recent call last):
  File "D:\GIT\okx-trading-bot\v12x\v120\remote_control\controller.py", line 60, in write_state
    self.bridge.write_state(payload)
    ~~~~~~~~~~~~~~~~~~~~~~~^^^^^^^^^
  File "D:\GIT\okx-trading-bot\v12x\v120\remote_control\bridge.py", line 23, in write_state
    tmp.replace(target)
    ~~~~~~~~~~~^^^^^^^^
  File "C:\Users\Home\AppData\Local\Python\pythoncore-3.14-64\Lib\pathlib\__init__.py", line 1091, in replace
    os.replace(self, target)
    ~~~~~~~~~~^^^^^^^^^^^^^^
PermissionError: [WinError 5] Отказано в доступе: 'D:\\GIT\\okx-trading-bot\\v12x\\v120\\runtime\\remote_bridge\\state\\remote_state.json.tmp' -> 'D:\\GIT\\okx-trading-bot\\v12x\\v120\\runtime\\remote_bridge\\state\\remote_state.json'
2026-03-30 02:07:27,220 | ERROR | remote_control | controller:write_state:62 | remote_state_write_failed
Traceback (most recent call last):
  File "D:\GIT\okx-trading-bot\v12x\v120\remote_control\controller.py", line 60, in write_state
    self.bridge.write_state(payload)
    ~~~~~~~~~~~~~~~~~~~~~~~^^^^^^^^^
  File "D:\GIT\okx-trading-bot\v12x\v120\remote_control\bridge.py", line 23, in write_state
    tmp.replace(target)
    ~~~~~~~~~~~^^^^^^^^
  File "C:\Users\Home\AppData\Local\Python\pythoncore-3.14-64\Lib\pathlib\__init__.py", line 1091, in replace
    os.replace(self, target)
    ~~~~~~~~~~^^^^^^^^^^^^^^
PermissionError: [WinError 5] Отказано в доступе: 'D:\\GIT\\okx-trading-bot\\v12x\\v120\\runtime\\remote_bridge\\state\\remote_state.json.tmp' -> 'D:\\GIT\\okx-trading-bot\\v12x\\v120\\runtime\\remote_bridge\\state\\remote_state.json'
2026-03-30 02:11:12,223 | ERROR | remote_control | controller:write_state:62 | remote_state_write_failed
Traceback (most recent call last):
  File "D:\GIT\okx-trading-bot\v12x\v120\remote_control\controller.py", line 60, in write_state
    self.bridge.write_state(payload)
    ~~~~~~~~~~~~~~~~~~~~~~~^^^^^^^^^
  File "D:\GIT\okx-trading-bot\v12x\v120\remote_control\bridge.py", line 23, in write_state
    tmp.replace(target)
    ~~~~~~~~~~~^^^^^^^^
  File "C:\Users\Home\AppData\Local\Python\pythoncore-3.14-64\Lib\pathlib\__init__.py", line 1091, in replace
    os.replace(self, target)
    ~~~~~~~~~~^^^^^^^^^^^^^^
PermissionError: [WinError 5] Отказано в доступе: 'D:\\GIT\\okx-trading-bot\\v12x\\v120\\runtime\\remote_bridge\\state\\remote_state.json.tmp' -> 'D:\\GIT\\okx-trading-bot\\v12x\\v120\\runtime\\remote_bridge\\state\\remote_state.json'
2026-03-30 02:18:36,220 | ERROR | remote_control | controller:write_state:62 | remote_state_write_failed
Traceback (most recent call last):
  File "D:\GIT\okx-trading-bot\v12x\v120\remote_control\controller.py", line 60, in write_state
    self.bridge.write_state(payload)
    ~~~~~~~~~~~~~~~~~~~~~~~^^^^^^^^^
  File "D:\GIT\okx-trading-bot\v12x\v120\remote_control\bridge.py", line 23, in write_state
    tmp.replace(target)
    ~~~~~~~~~~~^^^^^^^^
  File "C:\Users\Home\AppData\Local\Python\pythoncore-3.14-64\Lib\pathlib\__init__.py", line 1091, in replace
    os.replace(self, target)
    ~~~~~~~~~~^^^^^^^^^^^^^^
PermissionError: [WinError 5] Отказано в доступе: 'D:\\GIT\\okx-trading-bot\\v12x\\v120\\runtime\\remote_bridge\\state\\remote_state.json.tmp' -> 'D:\\GIT\\okx-trading-bot\\v12x\\v120\\runtime\\remote_bridge\\state\\remote_state.json'
2026-03-30 02:22:21,221 | ERROR | remote_control | controller:write_state:62 | remote_state_write_failed
Traceback (most recent call last):
  File "D:\GIT\okx-trading-bot\v12x\v120\remote_control\controller.py", line 60, in write_state
    self.bridge.write_state(payload)
    ~~~~~~~~~~~~~~~~~~~~~~~^^^^^^^^^
  File "D:\GIT\okx-trading-bot\v12x\v120\remote_control\bridge.py", line 23, in write_state
    tmp.replace(target)
    ~~~~~~~~~~~^^^^^^^^
  File "C:\Users\Home\AppData\Local\Python\pythoncore-3.14-64\Lib\pathlib\__init__.py", line 1091, in replace
    os.replace(self, target)
    ~~~~~~~~~~^^^^^^^^^^^^^^
PermissionError: [WinError 5] Отказано в доступе: 'D:\\GIT\\okx-trading-bot\\v12x\\v120\\runtime\\remote_bridge\\state\\remote_state.json.tmp' -> 'D:\\GIT\\okx-trading-bot\\v12x\\v120\\runtime\\remote_bridge\\state\\remote_state.json'
2026-03-30 02:29:48,221 | ERROR | remote_control | controller:write_state:62 | remote_state_write_failed
Traceback (most recent call last):
  File "D:\GIT\okx-trading-bot\v12x\v120\remote_control\controller.py", line 60, in write_state
    self.bridge.write_state(payload)
    ~~~~~~~~~~~~~~~~~~~~~~~^^^^^^^^^
  File "D:\GIT\okx-trading-bot\v12x\v120\remote_control\bridge.py", line 23, in write_state
    tmp.replace(target)
    ~~~~~~~~~~~^^^^^^^^
  File "C:\Users\Home\AppData\Local\Python\pythoncore-3.14-64\Lib\pathlib\__init__.py", line 1091, in replace
    os.replace(self, target)
    ~~~~~~~~~~^^^^^^^^^^^^^^
PermissionError: [WinError 5] Отказано в доступе: 'D:\\GIT\\okx-trading-bot\\v12x\\v120\\runtime\\remote_bridge\\state\\remote_state.json.tmp' -> 'D:\\GIT\\okx-trading-bot\\v12x\\v120\\runtime\\remote_bridge\\state\\remote_state.json'
2026-03-30 02:37:18,222 | ERROR | remote_control | controller:write_state:62 | remote_state_write_failed
Traceback (most recent call last):
  File "D:\GIT\okx-trading-bot\v12x\v120\remote_control\controller.py", line 60, in write_state
    self.bridge.write_state(payload)
    ~~~~~~~~~~~~~~~~~~~~~~~^^^^^^^^^
  File "D:\GIT\okx-trading-bot\v12x\v120\remote_control\bridge.py", line 23, in write_state
    tmp.replace(target)
    ~~~~~~~~~~~^^^^^^^^
  File "C:\Users\Home\AppData\Local\Python\pythoncore-3.14-64\Lib\pathlib\__init__.py", line 1091, in replace
    os.replace(self, target)
    ~~~~~~~~~~^^^^^^^^^^^^^^
PermissionError: [WinError 5] Отказано в доступе: 'D:\\GIT\\okx-trading-bot\\v12x\\v120\\runtime\\remote_bridge\\state\\remote_state.json.tmp' -> 'D:\\GIT\\okx-trading-bot\\v12x\\v120\\runtime\\remote_bridge\\state\\remote_state.json'
2026-03-30 02:41:01,720 | ERROR | remote_control | controller:write_state:62 | remote_state_write_failed
Traceback (most recent call last):
  File "D:\GIT\okx-trading-bot\v12x\v120\remote_control\controller.py", line 60, in write_state
    self.bridge.write_state(payload)
    ~~~~~~~~~~~~~~~~~~~~~~~^^^^^^^^^
  File "D:\GIT\okx-trading-bot\v12x\v120\remote_control\bridge.py", line 23, in write_state
    tmp.replace(target)
    ~~~~~~~~~~~^^^^^^^^
  File "C:\Users\Home\AppData\Local\Python\pythoncore-3.14-64\Lib\pathlib\__init__.py", line 1091, in replace
    os.replace(self, target)
    ~~~~~~~~~~^^^^^^^^^^^^^^
PermissionError: [WinError 5] Отказано в доступе: 'D:\\GIT\\okx-trading-bot\\v12x\\v120\\runtime\\remote_bridge\\state\\remote_state.json.tmp' -> 'D:\\GIT\\okx-trading-bot\\v12x\\v120\\runtime\\remote_bridge\\state\\remote_state.json'
2026-03-30 02:44:45,221 | ERROR | remote_control | controller:write_state:62 | remote_state_write_failed
Traceback (most recent call last):
  File "D:\GIT\okx-trading-bot\v12x\v120\remote_control\controller.py", line 60, in write_state
    self.bridge.write_state(payload)
    ~~~~~~~~~~~~~~~~~~~~~~~^^^^^^^^^
  File "D:\GIT\okx-trading-bot\v12x\v120\remote_control\bridge.py", line 23, in write_state
    tmp.replace(target)
    ~~~~~~~~~~~^^^^^^^^
  File "C:\Users\Home\AppData\Local\Python\pythoncore-3.14-64\Lib\pathlib\__init__.py", line 1091, in replace
    os.replace(self, target)
    ~~~~~~~~~~^^^^^^^^^^^^^^
PermissionError: [WinError 5] Отказано в доступе: 'D:\\GIT\\okx-trading-bot\\v12x\\v120\\runtime\\remote_bridge\\state\\remote_state.json.tmp' -> 'D:\\GIT\\okx-trading-bot\\v12x\\v120\\runtime\\remote_bridge\\state\\remote_state.json'
2026-03-30 03:02:28,988 | ERROR | websocket | _logging:error:77 | Connection to remote host was lost. - goodbye
2026-03-30 03:07:12,223 | ERROR | remote_control | controller:write_state:62 | remote_state_write_failed
Traceback (most recent call last):
  File "D:\GIT\okx-trading-bot\v12x\v120\remote_control\controller.py", line 60, in write_state
    self.bridge.write_state(payload)
    ~~~~~~~~~~~~~~~~~~~~~~~^^^^^^^^^
  File "D:\GIT\okx-trading-bot\v12x\v120\remote_control\bridge.py", line 23, in write_state
    tmp.replace(target)
    ~~~~~~~~~~~^^^^^^^^
  File "C:\Users\Home\AppData\Local\Python\pythoncore-3.14-64\Lib\pathlib\__init__.py", line 1091, in replace
    os.replace(self, target)
    ~~~~~~~~~~^^^^^^^^^^^^^^
PermissionError: [WinError 5] Отказано в доступе: 'D:\\GIT\\okx-trading-bot\\v12x\\v120\\runtime\\remote_bridge\\state\\remote_state.json.tmp' -> 'D:\\GIT\\okx-trading-bot\\v12x\\v120\\runtime\\remote_bridge\\state\\remote_state.json'
2026-03-30 03:10:54,220 | ERROR | remote_control | controller:write_state:62 | remote_state_write_failed
Traceback (most recent call last):
  File "D:\GIT\okx-trading-bot\v12x\v120\remote_control\controller.py", line 60, in write_state
    self.bridge.write_state(payload)
    ~~~~~~~~~~~~~~~~~~~~~~~^^^^^^^^^
  File "D:\GIT\okx-trading-bot\v12x\v120\remote_control\bridge.py", line 23, in write_state
    tmp.replace(target)
    ~~~~~~~~~~~^^^^^^^^
  File "C:\Users\Home\AppData\Local\Python\pythoncore-3.14-64\Lib\pathlib\__init__.py", line 1091, in replace
    os.replace(self, target)
    ~~~~~~~~~~^^^^^^^^^^^^^^
PermissionError: [WinError 5] Отказано в доступе: 'D:\\GIT\\okx-trading-bot\\v12x\\v120\\runtime\\remote_bridge\\state\\remote_state.json.tmp' -> 'D:\\GIT\\okx-trading-bot\\v12x\\v120\\runtime\\remote_bridge\\state\\remote_state.json'
2026-03-30 03:14:39,220 | ERROR | remote_control | controller:write_state:62 | remote_state_write_failed
Traceback (most recent call last):
  File "D:\GIT\okx-trading-bot\v12x\v120\remote_control\controller.py", line 60, in write_state
    self.bridge.write_state(payload)
    ~~~~~~~~~~~~~~~~~~~~~~~^^^^^^^^^
  File "D:\GIT\okx-trading-bot\v12x\v120\remote_control\bridge.py", line 23, in write_state
    tmp.replace(target)
    ~~~~~~~~~~~^^^^^^^^
  File "C:\Users\Home\AppData\Local\Python\pythoncore-3.14-64\Lib\pathlib\__init__.py", line 1091, in replace
    os.replace(self, target)
    ~~~~~~~~~~^^^^^^^^^^^^^^
PermissionError: [WinError 5] Отказано в доступе: 'D:\\GIT\\okx-trading-bot\\v12x\\v120\\runtime\\remote_bridge\\state\\remote_state.json.tmp' -> 'D:\\GIT\\okx-trading-bot\\v12x\\v120\\runtime\\remote_bridge\\state\\remote_state.json'
2026-03-30 03:18:16,659 | ERROR | remote_control | controller:write_state:62 | remote_state_write_failed
Traceback (most recent call last):
  File "D:\GIT\okx-trading-bot\v12x\v120\remote_control\controller.py", line 60, in write_state
    self.bridge.write_state(payload)
    ~~~~~~~~~~~~~~~~~~~~~~~^^^^^^^^^
  File "D:\GIT\okx-trading-bot\v12x\v120\remote_control\bridge.py", line 23, in write_state
    tmp.replace(target)
    ~~~~~~~~~~~^^^^^^^^
  File "C:\Users\Home\AppData\Local\Python\pythoncore-3.14-64\Lib\pathlib\__init__.py", line 1091, in replace
    os.replace(self, target)
    ~~~~~~~~~~^^^^^^^^^^^^^^
PermissionError: [WinError 5] Отказано в доступе: 'D:\\GIT\\okx-trading-bot\\v12x\\v120\\runtime\\remote_bridge\\state\\remote_state.json.tmp' -> 'D:\\GIT\\okx-trading-bot\\v12x\\v120\\runtime\\remote_bridge\\state\\remote_state.json'
2026-03-30 03:21:52,602 | ERROR | remote_control | controller:write_state:62 | remote_state_write_failed
Traceback (most recent call last):
  File "D:\GIT\okx-trading-bot\v12x\v120\remote_control\controller.py", line 60, in write_state
    self.bridge.write_state(payload)
    ~~~~~~~~~~~~~~~~~~~~~~~^^^^^^^^^
  File "D:\GIT\okx-trading-bot\v12x\v120\remote_control\bridge.py", line 23, in write_state
    tmp.replace(target)
    ~~~~~~~~~~~^^^^^^^^
  File "C:\Users\Home\AppData\Local\Python\pythoncore-3.14-64\Lib\pathlib\__init__.py", line 1091, in replace
    os.replace(self, target)
    ~~~~~~~~~~^^^^^^^^^^^^^^
PermissionError: [WinError 5] Отказано в доступе: 'D:\\GIT\\okx-trading-bot\\v12x\\v120\\runtime\\remote_bridge\\state\\remote_state.json.tmp' -> 'D:\\GIT\\okx-trading-bot\\v12x\\v120\\runtime\\remote_bridge\\state\\remote_state.json'
2026-03-30 03:22:16,014 | ERROR | websocket | _logging:error:77 | Connection to remote host was lost. - goodbye
2026-03-30 03:22:16,014 | ERROR | websocket | _logging:error:77 | Connection to remote host was lost. - goodbye
2026-03-30 03:25:27,042 | ERROR | remote_control | controller:write_state:62 | remote_state_write_failed
Traceback (most recent call last):
  File "D:\GIT\okx-trading-bot\v12x\v120\remote_control\controller.py", line 60, in write_state
    self.bridge.write_state(payload)
    ~~~~~~~~~~~~~~~~~~~~~~~^^^^^^^^^
  File "D:\GIT\okx-trading-bot\v12x\v120\remote_control\bridge.py", line 23, in write_state
    tmp.replace(target)
    ~~~~~~~~~~~^^^^^^^^
  File "C:\Users\Home\AppData\Local\Python\pythoncore-3.14-64\Lib\pathlib\__init__.py", line 1091, in replace
    os.replace(self, target)
    ~~~~~~~~~~^^^^^^^^^^^^^^
PermissionError: [WinError 5] Отказано в доступе: 'D:\\GIT\\okx-trading-bot\\v12x\\v120\\runtime\\remote_bridge\\state\\remote_state.json.tmp' -> 'D:\\GIT\\okx-trading-bot\\v12x\\v120\\runtime\\remote_bridge\\state\\remote_state.json'
2026-03-30 03:29:01,486 | ERROR | remote_control | controller:write_state:62 | remote_state_write_failed
Traceback (most recent call last):
  File "D:\GIT\okx-trading-bot\v12x\v120\remote_control\controller.py", line 60, in write_state
    self.bridge.write_state(payload)
    ~~~~~~~~~~~~~~~~~~~~~~~^^^^^^^^^
  File "D:\GIT\okx-trading-bot\v12x\v120\remote_control\bridge.py", line 23, in write_state
    tmp.replace(target)
    ~~~~~~~~~~~^^^^^^^^
  File "C:\Users\Home\AppData\Local\Python\pythoncore-3.14-64\Lib\pathlib\__init__.py", line 1091, in replace
    os.replace(self, target)
    ~~~~~~~~~~^^^^^^^^^^^^^^
PermissionError: [WinError 5] Отказано в доступе: 'D:\\GIT\\okx-trading-bot\\v12x\\v120\\runtime\\remote_bridge\\state\\remote_state.json.tmp' -> 'D:\\GIT\\okx-trading-bot\\v12x\\v120\\runtime\\remote_bridge\\state\\remote_state.json'
2026-03-30 03:32:37,433 | ERROR | remote_control | controller:write_state:62 | remote_state_write_failed
Traceback (most recent call last):
  File "D:\GIT\okx-trading-bot\v12x\v120\remote_control\controller.py", line 60, in write_state
    self.bridge.write_state(payload)
    ~~~~~~~~~~~~~~~~~~~~~~~^^^^^^^^^
  File "D:\GIT\okx-trading-bot\v12x\v120\remote_control\bridge.py", line 23, in write_state
    tmp.replace(target)
    ~~~~~~~~~~~^^^^^^^^
  File "C:\Users\Home\AppData\Local\Python\pythoncore-3.14-64\Lib\pathlib\__init__.py", line 1091, in replace
    os.replace(self, target)
    ~~~~~~~~~~^^^^^^^^^^^^^^
PermissionError: [WinError 5] Отказано в доступе: 'D:\\GIT\\okx-trading-bot\\v12x\\v120\\runtime\\remote_bridge\\state\\remote_state.json.tmp' -> 'D:\\GIT\\okx-trading-bot\\v12x\\v120\\runtime\\remote_bridge\\state\\remote_state.json'
2026-03-30 03:36:16,397 | ERROR | remote_control | controller:write_state:62 | remote_state_write_failed
Traceback (most recent call last):
  File "D:\GIT\okx-trading-bot\v12x\v120\remote_control\controller.py", line 60, in write_state
    self.bridge.write_state(payload)
    ~~~~~~~~~~~~~~~~~~~~~~~^^^^^^^^^
  File "D:\GIT\okx-trading-bot\v12x\v120\remote_control\bridge.py", line 23, in write_state
    tmp.replace(target)
    ~~~~~~~~~~~^^^^^^^^
  File "C:\Users\Home\AppData\Local\Python\pythoncore-3.14-64\Lib\pathlib\__init__.py", line 1091, in replace
    os.replace(self, target)
    ~~~~~~~~~~^^^^^^^^^^^^^^
PermissionError: [WinError 5] Отказано в доступе: 'D:\\GIT\\okx-trading-bot\\v12x\\v120\\runtime\\remote_bridge\\state\\remote_state.json.tmp' -> 'D:\\GIT\\okx-trading-bot\\v12x\\v120\\runtime\\remote_bridge\\state\\remote_state.json'
2026-03-30 03:47:05,767 | ERROR | remote_control | controller:write_state:62 | remote_state_write_failed
Traceback (most recent call last):
  File "D:\GIT\okx-trading-bot\v12x\v120\remote_control\controller.py", line 60, in write_state
    self.bridge.write_state(payload)
    ~~~~~~~~~~~~~~~~~~~~~~~^^^^^^^^^
  File "D:\GIT\okx-trading-bot\v12x\v120\remote_control\bridge.py", line 23, in write_state
    tmp.replace(target)
    ~~~~~~~~~~~^^^^^^^^
  File "C:\Users\Home\AppData\Local\Python\pythoncore-3.14-64\Lib\pathlib\__init__.py", line 1091, in replace
    os.replace(self, target)
    ~~~~~~~~~~^^^^^^^^^^^^^^
PermissionError: [WinError 5] Отказано в доступе: 'D:\\GIT\\okx-trading-bot\\v12x\\v120\\runtime\\remote_bridge\\state\\remote_state.json.tmp' -> 'D:\\GIT\\okx-trading-bot\\v12x\\v120\\runtime\\remote_bridge\\state\\remote_state.json'
2026-03-30 03:50:44,730 | ERROR | remote_control | controller:write_state:62 | remote_state_write_failed
Traceback (most recent call last):
  File "D:\GIT\okx-trading-bot\v12x\v120\remote_control\controller.py", line 60, in write_state
    self.bridge.write_state(payload)
    ~~~~~~~~~~~~~~~~~~~~~~~^^^^^^^^^
  File "D:\GIT\okx-trading-bot\v12x\v120\remote_control\bridge.py", line 23, in write_state
    tmp.replace(target)
    ~~~~~~~~~~~^^^^^^^^
  File "C:\Users\Home\AppData\Local\Python\pythoncore-3.14-64\Lib\pathlib\__init__.py", line 1091, in replace
    os.replace(self, target)
    ~~~~~~~~~~^^^^^^^^^^^^^^
PermissionError: [WinError 5] Отказано в доступе: 'D:\\GIT\\okx-trading-bot\\v12x\\v120\\runtime\\remote_bridge\\state\\remote_state.json.tmp' -> 'D:\\GIT\\okx-trading-bot\\v12x\\v120\\runtime\\remote_bridge\\state\\remote_state.json'
2026-03-30 03:54:23,703 | ERROR | remote_control | controller:write_state:62 | remote_state_write_failed
Traceback (most recent call last):
  File "D:\GIT\okx-trading-bot\v12x\v120\remote_control\controller.py", line 60, in write_state
    self.bridge.write_state(payload)
    ~~~~~~~~~~~~~~~~~~~~~~~^^^^^^^^^
  File "D:\GIT\okx-trading-bot\v12x\v120\remote_control\bridge.py", line 23, in write_state
    tmp.replace(target)
    ~~~~~~~~~~~^^^^^^^^
  File "C:\Users\Home\AppData\Local\Python\pythoncore-3.14-64\Lib\pathlib\__init__.py", line 1091, in replace
    os.replace(self, target)
    ~~~~~~~~~~^^^^^^^^^^^^^^
PermissionError: [WinError 5] Отказано в доступе: 'D:\\GIT\\okx-trading-bot\\v12x\\v120\\runtime\\remote_bridge\\state\\remote_state.json.tmp' -> 'D:\\GIT\\okx-trading-bot\\v12x\\v120\\runtime\\remote_bridge\\state\\remote_state.json'
2026-03-30 03:58:02,675 | ERROR | remote_control | controller:write_state:62 | remote_state_write_failed
Traceback (most recent call last):
  File "D:\GIT\okx-trading-bot\v12x\v120\remote_control\controller.py", line 60, in write_state
    self.bridge.write_state(payload)
    ~~~~~~~~~~~~~~~~~~~~~~~^^^^^^^^^
  File "D:\GIT\okx-trading-bot\v12x\v120\remote_control\bridge.py", line 23, in write_state
    tmp.replace(target)
    ~~~~~~~~~~~^^^^^^^^
  File "C:\Users\Home\AppData\Local\Python\pythoncore-3.14-64\Lib\pathlib\__init__.py", line 1091, in replace
    os.replace(self, target)
    ~~~~~~~~~~^^^^^^^^^^^^^^
PermissionError: [WinError 5] Отказано в доступе: 'D:\\GIT\\okx-trading-bot\\v12x\\v120\\runtime\\remote_bridge\\state\\remote_state.json.tmp' -> 'D:\\GIT\\okx-trading-bot\\v12x\\v120\\runtime\\remote_bridge\\state\\remote_state.json'
2026-03-30 04:01:40,140 | ERROR | remote_control | controller:write_state:62 | remote_state_write_failed
Traceback (most recent call last):
  File "D:\GIT\okx-trading-bot\v12x\v120\remote_control\controller.py", line 60, in write_state
    self.bridge.write_state(payload)
    ~~~~~~~~~~~~~~~~~~~~~~~^^^^^^^^^
  File "D:\GIT\okx-trading-bot\v12x\v120\remote_control\bridge.py", line 23, in write_state
    tmp.replace(target)
    ~~~~~~~~~~~^^^^^^^^
  File "C:\Users\Home\AppData\Local\Python\pythoncore-3.14-64\Lib\pathlib\__init__.py", line 1091, in replace
    os.replace(self, target)
    ~~~~~~~~~~^^^^^^^^^^^^^^
PermissionError: [WinError 5] Отказано в доступе: 'D:\\GIT\\okx-trading-bot\\v12x\\v120\\runtime\\remote_bridge\\state\\remote_state.json.tmp' -> 'D:\\GIT\\okx-trading-bot\\v12x\\v120\\runtime\\remote_bridge\\state\\remote_state.json'
2026-03-30 04:01:43,145 | ERROR | remote_control | controller:write_state:62 | remote_state_write_failed
Traceback (most recent call last):
  File "D:\GIT\okx-trading-bot\v12x\v120\remote_control\controller.py", line 60, in write_state
    self.bridge.write_state(payload)
    ~~~~~~~~~~~~~~~~~~~~~~~^^^^^^^^^
  File "D:\GIT\okx-trading-bot\v12x\v120\remote_control\bridge.py", line 23, in write_state
    tmp.replace(target)
    ~~~~~~~~~~~^^^^^^^^
  File "C:\Users\Home\AppData\Local\Python\pythoncore-3.14-64\Lib\pathlib\__init__.py", line 1091, in replace
    os.replace(self, target)
    ~~~~~~~~~~^^^^^^^^^^^^^^
PermissionError: [WinError 5] Отказано в доступе: 'D:\\GIT\\okx-trading-bot\\v12x\\v120\\runtime\\remote_bridge\\state\\remote_state.json.tmp' -> 'D:\\GIT\\okx-trading-bot\\v12x\\v120\\runtime\\remote_bridge\\state\\remote_state.json'
2026-03-30 04:12:29,569 | ERROR | remote_control | controller:write_state:62 | remote_state_write_failed
Traceback (most recent call last):
  File "D:\GIT\okx-trading-bot\v12x\v120\remote_control\controller.py", line 60, in write_state
    self.bridge.write_state(payload)
    ~~~~~~~~~~~~~~~~~~~~~~~^^^^^^^^^
  File "D:\GIT\okx-trading-bot\v12x\v120\remote_control\bridge.py", line 23, in write_state
    tmp.replace(target)
    ~~~~~~~~~~~^^^^^^^^
  File "C:\Users\Home\AppData\Local\Python\pythoncore-3.14-64\Lib\pathlib\__init__.py", line 1091, in replace
    os.replace(self, target)
    ~~~~~~~~~~^^^^^^^^^^^^^^
PermissionError: [WinError 5] Отказано в доступе: 'D:\\GIT\\okx-trading-bot\\v12x\\v120\\runtime\\remote_bridge\\state\\remote_state.json.tmp' -> 'D:\\GIT\\okx-trading-bot\\v12x\\v120\\runtime\\remote_bridge\\state\\remote_state.json'
2026-03-30 04:16:10,045 | ERROR | remote_control | controller:write_state:62 | remote_state_write_failed
Traceback (most recent call last):
  File "D:\GIT\okx-trading-bot\v12x\v120\remote_control\controller.py", line 60, in write_state
    self.bridge.write_state(payload)
    ~~~~~~~~~~~~~~~~~~~~~~~^^^^^^^^^
  File "D:\GIT\okx-trading-bot\v12x\v120\remote_control\bridge.py", line 23, in write_state
    tmp.replace(target)
    ~~~~~~~~~~~^^^^^^^^
  File "C:\Users\Home\AppData\Local\Python\pythoncore-3.14-64\Lib\pathlib\__init__.py", line 1091, in replace
    os.replace(self, target)
    ~~~~~~~~~~^^^^^^^^^^^^^^
PermissionError: [WinError 5] Отказано в доступе: 'D:\\GIT\\okx-trading-bot\\v12x\\v120\\runtime\\remote_bridge\\state\\remote_state.json.tmp' -> 'D:\\GIT\\okx-trading-bot\\v12x\\v120\\runtime\\remote_bridge\\state\\remote_state.json'
2026-03-30 04:19:50,523 | ERROR | remote_control | controller:write_state:62 | remote_state_write_failed
Traceback (most recent call last):
  File "D:\GIT\okx-trading-bot\v12x\v120\remote_control\controller.py", line 60, in write_state
    self.bridge.write_state(payload)
    ~~~~~~~~~~~~~~~~~~~~~~~^^^^^^^^^
  File "D:\GIT\okx-trading-bot\v12x\v120\remote_control\bridge.py", line 23, in write_state
    tmp.replace(target)
    ~~~~~~~~~~~^^^^^^^^
  File "C:\Users\Home\AppData\Local\Python\pythoncore-3.14-64\Lib\pathlib\__init__.py", line 1091, in replace
    os.replace(self, target)
    ~~~~~~~~~~^^^^^^^^^^^^^^
PermissionError: [WinError 5] Отказано в доступе: 'D:\\GIT\\okx-trading-bot\\v12x\\v120\\runtime\\remote_bridge\\state\\remote_state.json.tmp' -> 'D:\\GIT\\okx-trading-bot\\v12x\\v120\\runtime\\remote_bridge\\state\\remote_state.json'
2026-03-30 04:27:08,489 | ERROR | remote_control | controller:write_state:62 | remote_state_write_failed
Traceback (most recent call last):
  File "D:\GIT\okx-trading-bot\v12x\v120\remote_control\controller.py", line 60, in write_state
    self.bridge.write_state(payload)
    ~~~~~~~~~~~~~~~~~~~~~~~^^^^^^^^^
  File "D:\GIT\okx-trading-bot\v12x\v120\remote_control\bridge.py", line 23, in write_state
    tmp.replace(target)
    ~~~~~~~~~~~^^^^^^^^
  File "C:\Users\Home\AppData\Local\Python\pythoncore-3.14-64\Lib\pathlib\__init__.py", line 1091, in replace
    os.replace(self, target)
    ~~~~~~~~~~^^^^^^^^^^^^^^
PermissionError: [WinError 5] Отказано в доступе: 'D:\\GIT\\okx-trading-bot\\v12x\\v120\\runtime\\remote_bridge\\state\\remote_state.json.tmp' -> 'D:\\GIT\\okx-trading-bot\\v12x\\v120\\runtime\\remote_bridge\\state\\remote_state.json'
2026-03-30 04:34:35,460 | ERROR | remote_control | controller:write_state:62 | remote_state_write_failed
Traceback (most recent call last):
  File "D:\GIT\okx-trading-bot\v12x\v120\remote_control\controller.py", line 60, in write_state
    self.bridge.write_state(payload)
    ~~~~~~~~~~~~~~~~~~~~~~~^^^^^^^^^
  File "D:\GIT\okx-trading-bot\v12x\v120\remote_control\bridge.py", line 23, in write_state
    tmp.replace(target)
    ~~~~~~~~~~~^^^^^^^^
  File "C:\Users\Home\AppData\Local\Python\pythoncore-3.14-64\Lib\pathlib\__init__.py", line 1091, in replace
    os.replace(self, target)
    ~~~~~~~~~~^^^^^^^^^^^^^^
PermissionError: [WinError 5] Отказано в доступе: 'D:\\GIT\\okx-trading-bot\\v12x\\v120\\runtime\\remote_bridge\\state\\remote_state.json.tmp' -> 'D:\\GIT\\okx-trading-bot\\v12x\\v120\\runtime\\remote_bridge\\state\\remote_state.json'
2026-03-30 04:34:38,464 | ERROR | remote_control | controller:write_state:62 | remote_state_write_failed
Traceback (most recent call last):
  File "D:\GIT\okx-trading-bot\v12x\v120\remote_control\controller.py", line 60, in write_state
    self.bridge.write_state(payload)
    ~~~~~~~~~~~~~~~~~~~~~~~^^^^^^^^^
  File "D:\GIT\okx-trading-bot\v12x\v120\remote_control\bridge.py", line 23, in write_state
    tmp.replace(target)
    ~~~~~~~~~~~^^^^^^^^
  File "C:\Users\Home\AppData\Local\Python\pythoncore-3.14-64\Lib\pathlib\__init__.py", line 1091, in replace
    os.replace(self, target)
    ~~~~~~~~~~^^^^^^^^^^^^^^
PermissionError: [WinError 5] Отказано в доступе: 'D:\\GIT\\okx-trading-bot\\v12x\\v120\\runtime\\remote_bridge\\state\\remote_state.json.tmp' -> 'D:\\GIT\\okx-trading-bot\\v12x\\v120\\runtime\\remote_bridge\\state\\remote_state.json'
2026-03-30 04:38:17,443 | ERROR | remote_control | controller:write_state:62 | remote_state_write_failed
Traceback (most recent call last):
  File "D:\GIT\okx-trading-bot\v12x\v120\remote_control\controller.py", line 60, in write_state
    self.bridge.write_state(payload)
    ~~~~~~~~~~~~~~~~~~~~~~~^^^^^^^^^
  File "D:\GIT\okx-trading-bot\v12x\v120\remote_control\bridge.py", line 23, in write_state
    tmp.replace(target)
    ~~~~~~~~~~~^^^^^^^^
  File "C:\Users\Home\AppData\Local\Python\pythoncore-3.14-64\Lib\pathlib\__init__.py", line 1091, in replace
    os.replace(self, target)
    ~~~~~~~~~~^^^^^^^^^^^^^^
PermissionError: [WinError 5] Отказано в доступе: 'D:\\GIT\\okx-trading-bot\\v12x\\v120\\runtime\\remote_bridge\\state\\remote_state.json.tmp' -> 'D:\\GIT\\okx-trading-bot\\v12x\\v120\\runtime\\remote_bridge\\state\\remote_state.json'
2026-03-30 04:41:57,929 | ERROR | remote_control | controller:write_state:62 | remote_state_write_failed
Traceback (most recent call last):
  File "D:\GIT\okx-trading-bot\v12x\v120\remote_control\controller.py", line 60, in write_state
    self.bridge.write_state(payload)
    ~~~~~~~~~~~~~~~~~~~~~~~^^^^^^^^^
  File "D:\GIT\okx-trading-bot\v12x\v120\remote_control\bridge.py", line 23, in write_state
    tmp.replace(target)
    ~~~~~~~~~~~^^^^^^^^
  File "C:\Users\Home\AppData\Local\Python\pythoncore-3.14-64\Lib\pathlib\__init__.py", line 1091, in replace
    os.replace(self, target)
    ~~~~~~~~~~^^^^^^^^^^^^^^
PermissionError: [WinError 5] Отказано в доступе: 'D:\\GIT\\okx-trading-bot\\v12x\\v120\\runtime\\remote_bridge\\state\\remote_state.json.tmp' -> 'D:\\GIT\\okx-trading-bot\\v12x\\v120\\runtime\\remote_bridge\\state\\remote_state.json'
2026-03-30 04:45:36,918 | ERROR | remote_control | controller:write_state:62 | remote_state_write_failed
Traceback (most recent call last):
  File "D:\GIT\okx-trading-bot\v12x\v120\remote_control\controller.py", line 60, in write_state
    self.bridge.write_state(payload)
    ~~~~~~~~~~~~~~~~~~~~~~~^^^^^^^^^
  File "D:\GIT\okx-trading-bot\v12x\v120\remote_control\bridge.py", line 23, in write_state
    tmp.replace(target)
    ~~~~~~~~~~~^^^^^^^^
  File "C:\Users\Home\AppData\Local\Python\pythoncore-3.14-64\Lib\pathlib\__init__.py", line 1091, in replace
    os.replace(self, target)
    ~~~~~~~~~~^^^^^^^^^^^^^^
PermissionError: [WinError 5] Отказано в доступе: 'D:\\GIT\\okx-trading-bot\\v12x\\v120\\runtime\\remote_bridge\\state\\remote_state.json.tmp' -> 'D:\\GIT\\okx-trading-bot\\v12x\\v120\\runtime\\remote_bridge\\state\\remote_state.json'
2026-03-30 04:49:17,406 | ERROR | remote_control | controller:write_state:62 | remote_state_write_failed
Traceback (most recent call last):
  File "D:\GIT\okx-trading-bot\v12x\v120\remote_control\controller.py", line 60, in write_state
    self.bridge.write_state(payload)
    ~~~~~~~~~~~~~~~~~~~~~~~^^^^^^^^^
  File "D:\GIT\okx-trading-bot\v12x\v120\remote_control\bridge.py", line 23, in write_state
    tmp.replace(target)
    ~~~~~~~~~~~^^^^^^^^
  File "C:\Users\Home\AppData\Local\Python\pythoncore-3.14-64\Lib\pathlib\__init__.py", line 1091, in replace
    os.replace(self, target)
    ~~~~~~~~~~^^^^^^^^^^^^^^
PermissionError: [WinError 5] Отказано в доступе: 'D:\\GIT\\okx-trading-bot\\v12x\\v120\\runtime\\remote_bridge\\state\\remote_state.json.tmp' -> 'D:\\GIT\\okx-trading-bot\\v12x\\v120\\runtime\\remote_bridge\\state\\remote_state.json'
2026-03-30 04:52:57,895 | ERROR | remote_control | controller:write_state:62 | remote_state_write_failed
Traceback (most recent call last):
  File "D:\GIT\okx-trading-bot\v12x\v120\remote_control\controller.py", line 60, in write_state
    self.bridge.write_state(payload)
    ~~~~~~~~~~~~~~~~~~~~~~~^^^^^^^^^
  File "D:\GIT\okx-trading-bot\v12x\v120\remote_control\bridge.py", line 23, in write_state
    tmp.replace(target)
    ~~~~~~~~~~~^^^^^^^^
  File "C:\Users\Home\AppData\Local\Python\pythoncore-3.14-64\Lib\pathlib\__init__.py", line 1091, in replace
    os.replace(self, target)
    ~~~~~~~~~~^^^^^^^^^^^^^^
PermissionError: [WinError 5] Отказано в доступе: 'D:\\GIT\\okx-trading-bot\\v12x\\v120\\runtime\\remote_bridge\\state\\remote_state.json.tmp' -> 'D:\\GIT\\okx-trading-bot\\v12x\\v120\\runtime\\remote_bridge\\state\\remote_state.json'
2026-03-30 04:56:38,384 | ERROR | remote_control | controller:write_state:62 | remote_state_write_failed
Traceback (most recent call last):
  File "D:\GIT\okx-trading-bot\v12x\v120\remote_control\controller.py", line 60, in write_state
    self.bridge.write_state(payload)
    ~~~~~~~~~~~~~~~~~~~~~~~^^^^^^^^^
  File "D:\GIT\okx-trading-bot\v12x\v120\remote_control\bridge.py", line 23, in write_state
    tmp.replace(target)
    ~~~~~~~~~~~^^^^^^^^
  File "C:\Users\Home\AppData\Local\Python\pythoncore-3.14-64\Lib\pathlib\__init__.py", line 1091, in replace
    os.replace(self, target)
    ~~~~~~~~~~^^^^^^^^^^^^^^
PermissionError: [WinError 5] Отказано в доступе: 'D:\\GIT\\okx-trading-bot\\v12x\\v120\\runtime\\remote_bridge\\state\\remote_state.json.tmp' -> 'D:\\GIT\\okx-trading-bot\\v12x\\v120\\runtime\\remote_bridge\\state\\remote_state.json'
2026-03-30 05:00:18,875 | ERROR | remote_control | controller:write_state:62 | remote_state_write_failed
Traceback (most recent call last):
  File "D:\GIT\okx-trading-bot\v12x\v120\remote_control\controller.py", line 60, in write_state
    self.bridge.write_state(payload)
    ~~~~~~~~~~~~~~~~~~~~~~~^^^^^^^^^
  File "D:\GIT\okx-trading-bot\v12x\v120\remote_control\bridge.py", line 23, in write_state
    tmp.replace(target)
    ~~~~~~~~~~~^^^^^^^^
  File "C:\Users\Home\AppData\Local\Python\pythoncore-3.14-64\Lib\pathlib\__init__.py", line 1091, in replace
    os.replace(self, target)
    ~~~~~~~~~~^^^^^^^^^^^^^^
PermissionError: [WinError 5] Отказано в доступе: 'D:\\GIT\\okx-trading-bot\\v12x\\v120\\runtime\\remote_bridge\\state\\remote_state.json.tmp' -> 'D:\\GIT\\okx-trading-bot\\v12x\\v120\\runtime\\remote_bridge\\state\\remote_state.json'
2026-03-30 05:04:03,867 | ERROR | remote_control | controller:write_state:62 | remote_state_write_failed
Traceback (most recent call last):
  File "D:\GIT\okx-trading-bot\v12x\v120\remote_control\controller.py", line 60, in write_state
    self.bridge.write_state(payload)
    ~~~~~~~~~~~~~~~~~~~~~~~^^^^^^^^^
  File "D:\GIT\okx-trading-bot\v12x\v120\remote_control\bridge.py", line 23, in write_state
    tmp.replace(target)
    ~~~~~~~~~~~^^^^^^^^
  File "C:\Users\Home\AppData\Local\Python\pythoncore-3.14-64\Lib\pathlib\__init__.py", line 1091, in replace
    os.replace(self, target)
    ~~~~~~~~~~^^^^^^^^^^^^^^
PermissionError: [WinError 5] Отказано в доступе: 'D:\\GIT\\okx-trading-bot\\v12x\\v120\\runtime\\remote_bridge\\state\\remote_state.json.tmp' -> 'D:\\GIT\\okx-trading-bot\\v12x\\v120\\runtime\\remote_bridge\\state\\remote_state.json'
2026-03-30 05:07:45,863 | ERROR | remote_control | controller:write_state:62 | remote_state_write_failed
Traceback (most recent call last):
  File "D:\GIT\okx-trading-bot\v12x\v120\remote_control\controller.py", line 60, in write_state
    self.bridge.write_state(payload)
    ~~~~~~~~~~~~~~~~~~~~~~~^^^^^^^^^
  File "D:\GIT\okx-trading-bot\v12x\v120\remote_control\bridge.py", line 23, in write_state
    tmp.replace(target)
    ~~~~~~~~~~~^^^^^^^^
  File "C:\Users\Home\AppData\Local\Python\pythoncore-3.14-64\Lib\pathlib\__init__.py", line 1091, in replace
    os.replace(self, target)
    ~~~~~~~~~~^^^^^^^^^^^^^^
PermissionError: [WinError 5] Отказано в доступе: 'D:\\GIT\\okx-trading-bot\\v12x\\v120\\runtime\\remote_bridge\\state\\remote_state.json.tmp' -> 'D:\\GIT\\okx-trading-bot\\v12x\\v120\\runtime\\remote_bridge\\state\\remote_state.json'
2026-03-30 05:11:30,855 | ERROR | remote_control | controller:write_state:62 | remote_state_write_failed
Traceback (most recent call last):
  File "D:\GIT\okx-trading-bot\v12x\v120\remote_control\controller.py", line 60, in write_state
    self.bridge.write_state(payload)
    ~~~~~~~~~~~~~~~~~~~~~~~^^^^^^^^^
  File "D:\GIT\okx-trading-bot\v12x\v120\remote_control\bridge.py", line 23, in write_state
    tmp.replace(target)
    ~~~~~~~~~~~^^^^^^^^
  File "C:\Users\Home\AppData\Local\Python\pythoncore-3.14-64\Lib\pathlib\__init__.py", line 1091, in replace
    os.replace(self, target)
    ~~~~~~~~~~^^^^^^^^^^^^^^
PermissionError: [WinError 5] Отказано в доступе: 'D:\\GIT\\okx-trading-bot\\v12x\\v120\\runtime\\remote_bridge\\state\\remote_state.json.tmp' -> 'D:\\GIT\\okx-trading-bot\\v12x\\v120\\runtime\\remote_bridge\\state\\remote_state.json'
2026-03-30 05:15:12,845 | ERROR | remote_control | controller:write_state:62 | remote_state_write_failed
Traceback (most recent call last):
  File "D:\GIT\okx-trading-bot\v12x\v120\remote_control\controller.py", line 60, in write_state
    self.bridge.write_state(payload)
    ~~~~~~~~~~~~~~~~~~~~~~~^^^^^^^^^
  File "D:\GIT\okx-trading-bot\v12x\v120\remote_control\bridge.py", line 23, in write_state
    tmp.replace(target)
    ~~~~~~~~~~~^^^^^^^^
  File "C:\Users\Home\AppData\Local\Python\pythoncore-3.14-64\Lib\pathlib\__init__.py", line 1091, in replace
    os.replace(self, target)
    ~~~~~~~~~~^^^^^^^^^^^^^^
PermissionError: [WinError 5] Отказано в доступе: 'D:\\GIT\\okx-trading-bot\\v12x\\v120\\runtime\\remote_bridge\\state\\remote_state.json.tmp' -> 'D:\\GIT\\okx-trading-bot\\v12x\\v120\\runtime\\remote_bridge\\state\\remote_state.json'
2026-03-30 05:18:56,345 | ERROR | remote_control | controller:write_state:62 | remote_state_write_failed
Traceback (most recent call last):
  File "D:\GIT\okx-trading-bot\v12x\v120\remote_control\controller.py", line 60, in write_state
    self.bridge.write_state(payload)
    ~~~~~~~~~~~~~~~~~~~~~~~^^^^^^^^^
  File "D:\GIT\okx-trading-bot\v12x\v120\remote_control\bridge.py", line 23, in write_state
    tmp.replace(target)
    ~~~~~~~~~~~^^^^^^^^
  File "C:\Users\Home\AppData\Local\Python\pythoncore-3.14-64\Lib\pathlib\__init__.py", line 1091, in replace
    os.replace(self, target)
    ~~~~~~~~~~^^^^^^^^^^^^^^
PermissionError: [WinError 5] Отказано в доступе: 'D:\\GIT\\okx-trading-bot\\v12x\\v120\\runtime\\remote_bridge\\state\\remote_state.json.tmp' -> 'D:\\GIT\\okx-trading-bot\\v12x\\v120\\runtime\\remote_bridge\\state\\remote_state.json'
2026-03-30 05:26:20,327 | ERROR | remote_control | controller:write_state:62 | remote_state_write_failed
Traceback (most recent call last):
  File "D:\GIT\okx-trading-bot\v12x\v120\remote_control\controller.py", line 60, in write_state
    self.bridge.write_state(payload)
    ~~~~~~~~~~~~~~~~~~~~~~~^^^^^^^^^
  File "D:\GIT\okx-trading-bot\v12x\v120\remote_control\bridge.py", line 23, in write_state
    tmp.replace(target)
    ~~~~~~~~~~~^^^^^^^^
  File "C:\Users\Home\AppData\Local\Python\pythoncore-3.14-64\Lib\pathlib\__init__.py", line 1091, in replace
    os.replace(self, target)
    ~~~~~~~~~~^^^^^^^^^^^^^^
PermissionError: [WinError 5] Отказано в доступе: 'D:\\GIT\\okx-trading-bot\\v12x\\v120\\runtime\\remote_bridge\\state\\remote_state.json.tmp' -> 'D:\\GIT\\okx-trading-bot\\v12x\\v120\\runtime\\remote_bridge\\state\\remote_state.json'
2026-03-30 05:29:59,320 | ERROR | remote_control | controller:write_state:62 | remote_state_write_failed
Traceback (most recent call last):
  File "D:\GIT\okx-trading-bot\v12x\v120\remote_control\controller.py", line 60, in write_state
    self.bridge.write_state(payload)
    ~~~~~~~~~~~~~~~~~~~~~~~^^^^^^^^^
  File "D:\GIT\okx-trading-bot\v12x\v120\remote_control\bridge.py", line 23, in write_state
    tmp.replace(target)
    ~~~~~~~~~~~^^^^^^^^
  File "C:\Users\Home\AppData\Local\Python\pythoncore-3.14-64\Lib\pathlib\__init__.py", line 1091, in replace
    os.replace(self, target)
    ~~~~~~~~~~^^^^^^^^^^^^^^
PermissionError: [WinError 5] Отказано в доступе: 'D:\\GIT\\okx-trading-bot\\v12x\\v120\\runtime\\remote_bridge\\state\\remote_state.json.tmp' -> 'D:\\GIT\\okx-trading-bot\\v12x\\v120\\runtime\\remote_bridge\\state\\remote_state.json'
2026-03-30 05:33:41,319 | ERROR | remote_control | controller:write_state:62 | remote_state_write_failed
Traceback (most recent call last):
  File "D:\GIT\okx-trading-bot\v12x\v120\remote_control\controller.py", line 60, in write_state
    self.bridge.write_state(payload)
    ~~~~~~~~~~~~~~~~~~~~~~~^^^^^^^^^
  File "D:\GIT\okx-trading-bot\v12x\v120\remote_control\bridge.py", line 23, in write_state
    tmp.replace(target)
    ~~~~~~~~~~~^^^^^^^^
  File "C:\Users\Home\AppData\Local\Python\pythoncore-3.14-64\Lib\pathlib\__init__.py", line 1091, in replace
    os.replace(self, target)
    ~~~~~~~~~~^^^^^^^^^^^^^^
PermissionError: [WinError 5] Отказано в доступе: 'D:\\GIT\\okx-trading-bot\\v12x\\v120\\runtime\\remote_bridge\\state\\remote_state.json.tmp' -> 'D:\\GIT\\okx-trading-bot\\v12x\\v120\\runtime\\remote_bridge\\state\\remote_state.json'
2026-03-30 05:37:23,312 | ERROR | remote_control | controller:write_state:62 | remote_state_write_failed
Traceback (most recent call last):
  File "D:\GIT\okx-trading-bot\v12x\v120\remote_control\controller.py", line 60, in write_state
    self.bridge.write_state(payload)
    ~~~~~~~~~~~~~~~~~~~~~~~^^^^^^^^^
  File "D:\GIT\okx-trading-bot\v12x\v120\remote_control\bridge.py", line 23, in write_state
    tmp.replace(target)
    ~~~~~~~~~~~^^^^^^^^
  File "C:\Users\Home\AppData\Local\Python\pythoncore-3.14-64\Lib\pathlib\__init__.py", line 1091, in replace
    os.replace(self, target)
    ~~~~~~~~~~^^^^^^^^^^^^^^
PermissionError: [WinError 5] Отказано в доступе: 'D:\\GIT\\okx-trading-bot\\v12x\\v120\\runtime\\remote_bridge\\state\\remote_state.json.tmp' -> 'D:\\GIT\\okx-trading-bot\\v12x\\v120\\runtime\\remote_bridge\\state\\remote_state.json'
2026-03-30 05:41:08,308 | ERROR | remote_control | controller:write_state:62 | remote_state_write_failed
Traceback (most recent call last):
  File "D:\GIT\okx-trading-bot\v12x\v120\remote_control\controller.py", line 60, in write_state
    self.bridge.write_state(payload)
    ~~~~~~~~~~~~~~~~~~~~~~~^^^^^^^^^
  File "D:\GIT\okx-trading-bot\v12x\v120\remote_control\bridge.py", line 23, in write_state
    tmp.replace(target)
    ~~~~~~~~~~~^^^^^^^^
  File "C:\Users\Home\AppData\Local\Python\pythoncore-3.14-64\Lib\pathlib\__init__.py", line 1091, in replace
    os.replace(self, target)
    ~~~~~~~~~~^^^^^^^^^^^^^^
PermissionError: [WinError 5] Отказано в доступе: 'D:\\GIT\\okx-trading-bot\\v12x\\v120\\runtime\\remote_bridge\\state\\remote_state.json.tmp' -> 'D:\\GIT\\okx-trading-bot\\v12x\\v120\\runtime\\remote_bridge\\state\\remote_state.json'
2026-03-30 05:44:51,803 | ERROR | remote_control | controller:write_state:62 | remote_state_write_failed
Traceback (most recent call last):
  File "D:\GIT\okx-trading-bot\v12x\v120\remote_control\controller.py", line 60, in write_state
    self.bridge.write_state(payload)
    ~~~~~~~~~~~~~~~~~~~~~~~^^^^^^^^^
  File "D:\GIT\okx-trading-bot\v12x\v120\remote_control\bridge.py", line 23, in write_state
    tmp.replace(target)
    ~~~~~~~~~~~^^^^^^^^
  File "C:\Users\Home\AppData\Local\Python\pythoncore-3.14-64\Lib\pathlib\__init__.py", line 1091, in replace
    os.replace(self, target)
    ~~~~~~~~~~^^^^^^^^^^^^^^
PermissionError: [WinError 5] Отказано в доступе: 'D:\\GIT\\okx-trading-bot\\v12x\\v120\\runtime\\remote_bridge\\state\\remote_state.json.tmp' -> 'D:\\GIT\\okx-trading-bot\\v12x\\v120\\runtime\\remote_bridge\\state\\remote_state.json'
2026-03-30 05:48:36,799 | ERROR | remote_control | controller:write_state:62 | remote_state_write_failed
Traceback (most recent call last):
  File "D:\GIT\okx-trading-bot\v12x\v120\remote_control\controller.py", line 60, in write_state
    self.bridge.write_state(payload)
    ~~~~~~~~~~~~~~~~~~~~~~~^^^^^^^^^
  File "D:\GIT\okx-trading-bot\v12x\v120\remote_control\bridge.py", line 23, in write_state
    tmp.replace(target)
    ~~~~~~~~~~~^^^^^^^^
  File "C:\Users\Home\AppData\Local\Python\pythoncore-3.14-64\Lib\pathlib\__init__.py", line 1091, in replace
    os.replace(self, target)
    ~~~~~~~~~~^^^^^^^^^^^^^^
PermissionError: [WinError 5] Отказано в доступе: 'D:\\GIT\\okx-trading-bot\\v12x\\v120\\runtime\\remote_bridge\\state\\remote_state.json.tmp' -> 'D:\\GIT\\okx-trading-bot\\v12x\\v120\\runtime\\remote_bridge\\state\\remote_state.json'
2026-03-30 05:52:18,802 | ERROR | remote_control | controller:write_state:62 | remote_state_write_failed
Traceback (most recent call last):
  File "D:\GIT\okx-trading-bot\v12x\v120\remote_control\controller.py", line 60, in write_state
    self.bridge.write_state(payload)
    ~~~~~~~~~~~~~~~~~~~~~~~^^^^^^^^^
  File "D:\GIT\okx-trading-bot\v12x\v120\remote_control\bridge.py", line 23, in write_state
    tmp.replace(target)
    ~~~~~~~~~~~^^^^^^^^
  File "C:\Users\Home\AppData\Local\Python\pythoncore-3.14-64\Lib\pathlib\__init__.py", line 1091, in replace
    os.replace(self, target)
    ~~~~~~~~~~^^^^^^^^^^^^^^
PermissionError: [WinError 5] Отказано в доступе: 'D:\\GIT\\okx-trading-bot\\v12x\\v120\\runtime\\remote_bridge\\state\\remote_state.json.tmp' -> 'D:\\GIT\\okx-trading-bot\\v12x\\v120\\runtime\\remote_bridge\\state\\remote_state.json'
2026-03-30 05:56:00,796 | ERROR | remote_control | controller:write_state:62 | remote_state_write_failed
Traceback (most recent call last):
  File "D:\GIT\okx-trading-bot\v12x\v120\remote_control\controller.py", line 60, in write_state
    self.bridge.write_state(payload)
    ~~~~~~~~~~~~~~~~~~~~~~~^^^^^^^^^
  File "D:\GIT\okx-trading-bot\v12x\v120\remote_control\bridge.py", line 23, in write_state
    tmp.replace(target)
    ~~~~~~~~~~~^^^^^^^^
  File "C:\Users\Home\AppData\Local\Python\pythoncore-3.14-64\Lib\pathlib\__init__.py", line 1091, in replace
    os.replace(self, target)
    ~~~~~~~~~~^^^^^^^^^^^^^^
PermissionError: [WinError 5] Отказано в доступе: 'D:\\GIT\\okx-trading-bot\\v12x\\v120\\runtime\\remote_bridge\\state\\remote_state.json.tmp' -> 'D:\\GIT\\okx-trading-bot\\v12x\\v120\\runtime\\remote_bridge\\state\\remote_state.json'
2026-03-30 06:03:29,290 | ERROR | remote_control | controller:write_state:62 | remote_state_write_failed
Traceback (most recent call last):
  File "D:\GIT\okx-trading-bot\v12x\v120\remote_control\controller.py", line 60, in write_state
    self.bridge.write_state(payload)
    ~~~~~~~~~~~~~~~~~~~~~~~^^^^^^^^^
  File "D:\GIT\okx-trading-bot\v12x\v120\remote_control\bridge.py", line 23, in write_state
    tmp.replace(target)
    ~~~~~~~~~~~^^^^^^^^
  File "C:\Users\Home\AppData\Local\Python\pythoncore-3.14-64\Lib\pathlib\__init__.py", line 1091, in replace
    os.replace(self, target)
    ~~~~~~~~~~^^^^^^^^^^^^^^
PermissionError: [WinError 5] Отказано в доступе: 'D:\\GIT\\okx-trading-bot\\v12x\\v120\\runtime\\remote_bridge\\state\\remote_state.json.tmp' -> 'D:\\GIT\\okx-trading-bot\\v12x\\v120\\runtime\\remote_bridge\\state\\remote_state.json'
2026-03-30 06:18:23,279 | ERROR | remote_control | controller:write_state:62 | remote_state_write_failed
Traceback (most recent call last):
  File "D:\GIT\okx-trading-bot\v12x\v120\remote_control\controller.py", line 60, in write_state
    self.bridge.write_state(payload)
    ~~~~~~~~~~~~~~~~~~~~~~~^^^^^^^^^
  File "D:\GIT\okx-trading-bot\v12x\v120\remote_control\bridge.py", line 23, in write_state
    tmp.replace(target)
    ~~~~~~~~~~~^^^^^^^^
  File "C:\Users\Home\AppData\Local\Python\pythoncore-3.14-64\Lib\pathlib\__init__.py", line 1091, in replace
    os.replace(self, target)
    ~~~~~~~~~~^^^^^^^^^^^^^^
PermissionError: [WinError 5] Отказано в доступе: 'D:\\GIT\\okx-trading-bot\\v12x\\v120\\runtime\\remote_bridge\\state\\remote_state.json.tmp' -> 'D:\\GIT\\okx-trading-bot\\v12x\\v120\\runtime\\remote_bridge\\state\\remote_state.json'
2026-03-30 06:22:08,279 | ERROR | remote_control | controller:write_state:62 | remote_state_write_failed
Traceback (most recent call last):
  File "D:\GIT\okx-trading-bot\v12x\v120\remote_control\controller.py", line 60, in write_state
    self.bridge.write_state(payload)
    ~~~~~~~~~~~~~~~~~~~~~~~^^^^^^^^^
  File "D:\GIT\okx-trading-bot\v12x\v120\remote_control\bridge.py", line 23, in write_state
    tmp.replace(target)
    ~~~~~~~~~~~^^^^^^^^
  File "C:\Users\Home\AppData\Local\Python\pythoncore-3.14-64\Lib\pathlib\__init__.py", line 1091, in replace
    os.replace(self, target)
    ~~~~~~~~~~^^^^^^^^^^^^^^
PermissionError: [WinError 5] Отказано в доступе: 'D:\\GIT\\okx-trading-bot\\v12x\\v120\\runtime\\remote_bridge\\state\\remote_state.json.tmp' -> 'D:\\GIT\\okx-trading-bot\\v12x\\v120\\runtime\\remote_bridge\\state\\remote_state.json'
2026-03-30 06:25:53,278 | ERROR | remote_control | controller:write_state:62 | remote_state_write_failed
Traceback (most recent call last):
  File "D:\GIT\okx-trading-bot\v12x\v120\remote_control\controller.py", line 60, in write_state
    self.bridge.write_state(payload)
    ~~~~~~~~~~~~~~~~~~~~~~~^^^^^^^^^
  File "D:\GIT\okx-trading-bot\v12x\v120\remote_control\bridge.py", line 23, in write_state
    tmp.replace(target)
    ~~~~~~~~~~~^^^^^^^^
  File "C:\Users\Home\AppData\Local\Python\pythoncore-3.14-64\Lib\pathlib\__init__.py", line 1091, in replace
    os.replace(self, target)
    ~~~~~~~~~~^^^^^^^^^^^^^^
PermissionError: [WinError 5] Отказано в доступе: 'D:\\GIT\\okx-trading-bot\\v12x\\v120\\runtime\\remote_bridge\\state\\remote_state.json.tmp' -> 'D:\\GIT\\okx-trading-bot\\v12x\\v120\\runtime\\remote_bridge\\state\\remote_state.json'
2026-03-30 06:29:39,780 | ERROR | remote_control | controller:write_state:62 | remote_state_write_failed
Traceback (most recent call last):
  File "D:\GIT\okx-trading-bot\v12x\v120\remote_control\controller.py", line 60, in write_state
    self.bridge.write_state(payload)
    ~~~~~~~~~~~~~~~~~~~~~~~^^^^^^^^^
  File "D:\GIT\okx-trading-bot\v12x\v120\remote_control\bridge.py", line 23, in write_state
    tmp.replace(target)
    ~~~~~~~~~~~^^^^^^^^
  File "C:\Users\Home\AppData\Local\Python\pythoncore-3.14-64\Lib\pathlib\__init__.py", line 1091, in replace
    os.replace(self, target)
    ~~~~~~~~~~^^^^^^^^^^^^^^
PermissionError: [WinError 5] Отказано в доступе: 'D:\\GIT\\okx-trading-bot\\v12x\\v120\\runtime\\remote_bridge\\state\\remote_state.json.tmp' -> 'D:\\GIT\\okx-trading-bot\\v12x\\v120\\runtime\\remote_bridge\\state\\remote_state.json'
2026-03-30 06:33:26,280 | ERROR | remote_control | controller:write_state:62 | remote_state_write_failed
Traceback (most recent call last):
  File "D:\GIT\okx-trading-bot\v12x\v120\remote_control\controller.py", line 60, in write_state
    self.bridge.write_state(payload)
    ~~~~~~~~~~~~~~~~~~~~~~~^^^^^^^^^
  File "D:\GIT\okx-trading-bot\v12x\v120\remote_control\bridge.py", line 23, in write_state
    tmp.replace(target)
    ~~~~~~~~~~~^^^^^^^^
  File "C:\Users\Home\AppData\Local\Python\pythoncore-3.14-64\Lib\pathlib\__init__.py", line 1091, in replace
    os.replace(self, target)
    ~~~~~~~~~~^^^^^^^^^^^^^^
PermissionError: [WinError 5] Отказано в доступе: 'D:\\GIT\\okx-trading-bot\\v12x\\v120\\runtime\\remote_bridge\\state\\remote_state.json.tmp' -> 'D:\\GIT\\okx-trading-bot\\v12x\\v120\\runtime\\remote_bridge\\state\\remote_state.json'
2026-03-30 06:52:08,271 | ERROR | remote_control | controller:write_state:62 | remote_state_write_failed
Traceback (most recent call last):
  File "D:\GIT\okx-trading-bot\v12x\v120\remote_control\controller.py", line 60, in write_state
    self.bridge.write_state(payload)
    ~~~~~~~~~~~~~~~~~~~~~~~^^^^^^^^^
  File "D:\GIT\okx-trading-bot\v12x\v120\remote_control\bridge.py", line 23, in write_state
    tmp.replace(target)
    ~~~~~~~~~~~^^^^^^^^
  File "C:\Users\Home\AppData\Local\Python\pythoncore-3.14-64\Lib\pathlib\__init__.py", line 1091, in replace
    os.replace(self, target)
    ~~~~~~~~~~^^^^^^^^^^^^^^
PermissionError: [WinError 5] Отказано в доступе: 'D:\\GIT\\okx-trading-bot\\v12x\\v120\\runtime\\remote_bridge\\state\\remote_state.json.tmp' -> 'D:\\GIT\\okx-trading-bot\\v12x\\v120\\runtime\\remote_bridge\\state\\remote_state.json'
2026-03-30 06:55:56,268 | ERROR | remote_control | controller:write_state:62 | remote_state_write_failed
Traceback (most recent call last):
  File "D:\GIT\okx-trading-bot\v12x\v120\remote_control\controller.py", line 60, in write_state
    self.bridge.write_state(payload)
    ~~~~~~~~~~~~~~~~~~~~~~~^^^^^^^^^
  File "D:\GIT\okx-trading-bot\v12x\v120\remote_control\bridge.py", line 23, in write_state
    tmp.replace(target)
    ~~~~~~~~~~~^^^^^^^^
  File "C:\Users\Home\AppData\Local\Python\pythoncore-3.14-64\Lib\pathlib\__init__.py", line 1091, in replace
    os.replace(self, target)
    ~~~~~~~~~~^^^^^^^^^^^^^^
PermissionError: [WinError 5] Отказано в доступе: 'D:\\GIT\\okx-trading-bot\\v12x\\v120\\runtime\\remote_bridge\\state\\remote_state.json.tmp' -> 'D:\\GIT\\okx-trading-bot\\v12x\\v120\\runtime\\remote_bridge\\state\\remote_state.json'
2026-03-30 06:59:39,774 | ERROR | remote_control | controller:write_state:62 | remote_state_write_failed
Traceback (most recent call last):
  File "D:\GIT\okx-trading-bot\v12x\v120\remote_control\controller.py", line 60, in write_state
    self.bridge.write_state(payload)
    ~~~~~~~~~~~~~~~~~~~~~~~^^^^^^^^^
  File "D:\GIT\okx-trading-bot\v12x\v120\remote_control\bridge.py", line 23, in write_state
    tmp.replace(target)
    ~~~~~~~~~~~^^^^^^^^
  File "C:\Users\Home\AppData\Local\Python\pythoncore-3.14-64\Lib\pathlib\__init__.py", line 1091, in replace
    os.replace(self, target)
    ~~~~~~~~~~^^^^^^^^^^^^^^
PermissionError: [WinError 5] Отказано в доступе: 'D:\\GIT\\okx-trading-bot\\v12x\\v120\\runtime\\remote_bridge\\state\\remote_state.json.tmp' -> 'D:\\GIT\\okx-trading-bot\\v12x\\v120\\runtime\\remote_bridge\\state\\remote_state.json'
2026-03-30 07:14:38,264 | ERROR | remote_control | controller:write_state:62 | remote_state_write_failed
Traceback (most recent call last):
  File "D:\GIT\okx-trading-bot\v12x\v120\remote_control\controller.py", line 60, in write_state
    self.bridge.write_state(payload)
    ~~~~~~~~~~~~~~~~~~~~~~~^^^^^^^^^
  File "D:\GIT\okx-trading-bot\v12x\v120\remote_control\bridge.py", line 23, in write_state
    tmp.replace(target)
    ~~~~~~~~~~~^^^^^^^^
  File "C:\Users\Home\AppData\Local\Python\pythoncore-3.14-64\Lib\pathlib\__init__.py", line 1091, in replace
    os.replace(self, target)
    ~~~~~~~~~~^^^^^^^^^^^^^^
PermissionError: [WinError 5] Отказано в доступе: 'D:\\GIT\\okx-trading-bot\\v12x\\v120\\runtime\\remote_bridge\\state\\remote_state.json.tmp' -> 'D:\\GIT\\okx-trading-bot\\v12x\\v120\\runtime\\remote_bridge\\state\\remote_state.json'
2026-03-30 07:18:21,763 | ERROR | remote_control | controller:write_state:62 | remote_state_write_failed
Traceback (most recent call last):
  File "D:\GIT\okx-trading-bot\v12x\v120\remote_control\controller.py", line 60, in write_state
    self.bridge.write_state(payload)
    ~~~~~~~~~~~~~~~~~~~~~~~^^^^^^^^^
  File "D:\GIT\okx-trading-bot\v12x\v120\remote_control\bridge.py", line 23, in write_state
    tmp.replace(target)
    ~~~~~~~~~~~^^^^^^^^
  File "C:\Users\Home\AppData\Local\Python\pythoncore-3.14-64\Lib\pathlib\__init__.py", line 1091, in replace
    os.replace(self, target)
    ~~~~~~~~~~^^^^^^^^^^^^^^
PermissionError: [WinError 5] Отказано в доступе: 'D:\\GIT\\okx-trading-bot\\v12x\\v120\\runtime\\remote_bridge\\state\\remote_state.json.tmp' -> 'D:\\GIT\\okx-trading-bot\\v12x\\v120\\runtime\\remote_bridge\\state\\remote_state.json'
2026-03-30 07:22:05,263 | ERROR | remote_control | controller:write_state:62 | remote_state_write_failed
Traceback (most recent call last):
  File "D:\GIT\okx-trading-bot\v12x\v120\remote_control\controller.py", line 60, in write_state
    self.bridge.write_state(payload)
    ~~~~~~~~~~~~~~~~~~~~~~~^^^^^^^^^
  File "D:\GIT\okx-trading-bot\v12x\v120\remote_control\bridge.py", line 23, in write_state
    tmp.replace(target)
    ~~~~~~~~~~~^^^^^^^^
  File "C:\Users\Home\AppData\Local\Python\pythoncore-3.14-64\Lib\pathlib\__init__.py", line 1091, in replace
    os.replace(self, target)
    ~~~~~~~~~~^^^^^^^^^^^^^^
PermissionError: [WinError 5] Отказано в доступе: 'D:\\GIT\\okx-trading-bot\\v12x\\v120\\runtime\\remote_bridge\\state\\remote_state.json.tmp' -> 'D:\\GIT\\okx-trading-bot\\v12x\\v120\\runtime\\remote_bridge\\state\\remote_state.json'
2026-03-30 07:25:50,261 | ERROR | remote_control | controller:write_state:62 | remote_state_write_failed
Traceback (most recent call last):
  File "D:\GIT\okx-trading-bot\v12x\v120\remote_control\controller.py", line 60, in write_state
    self.bridge.write_state(payload)
    ~~~~~~~~~~~~~~~~~~~~~~~^^^^^^^^^
  File "D:\GIT\okx-trading-bot\v12x\v120\remote_control\bridge.py", line 23, in write_state
    tmp.replace(target)
    ~~~~~~~~~~~^^^^^^^^
  File "C:\Users\Home\AppData\Local\Python\pythoncore-3.14-64\Lib\pathlib\__init__.py", line 1091, in replace
    os.replace(self, target)
    ~~~~~~~~~~^^^^^^^^^^^^^^
PermissionError: [WinError 5] Отказано в доступе: 'D:\\GIT\\okx-trading-bot\\v12x\\v120\\runtime\\remote_bridge\\state\\remote_state.json.tmp' -> 'D:\\GIT\\okx-trading-bot\\v12x\\v120\\runtime\\remote_bridge\\state\\remote_state.json'
2026-03-30 07:29:35,263 | ERROR | remote_control | controller:write_state:62 | remote_state_write_failed
Traceback (most recent call last):
  File "D:\GIT\okx-trading-bot\v12x\v120\remote_control\controller.py", line 60, in write_state
    self.bridge.write_state(payload)
    ~~~~~~~~~~~~~~~~~~~~~~~^^^^^^^^^
  File "D:\GIT\okx-trading-bot\v12x\v120\remote_control\bridge.py", line 23, in write_state
    tmp.replace(target)
    ~~~~~~~~~~~^^^^^^^^
  File "C:\Users\Home\AppData\Local\Python\pythoncore-3.14-64\Lib\pathlib\__init__.py", line 1091, in replace
    os.replace(self, target)
    ~~~~~~~~~~^^^^^^^^^^^^^^
PermissionError: [WinError 5] Отказано в доступе: 'D:\\GIT\\okx-trading-bot\\v12x\\v120\\runtime\\remote_bridge\\state\\remote_state.json.tmp' -> 'D:\\GIT\\okx-trading-bot\\v12x\\v120\\runtime\\remote_bridge\\state\\remote_state.json'
2026-03-30 07:33:21,765 | ERROR | remote_control | controller:write_state:62 | remote_state_write_failed
Traceback (most recent call last):
  File "D:\GIT\okx-trading-bot\v12x\v120\remote_control\controller.py", line 60, in write_state
    self.bridge.write_state(payload)
    ~~~~~~~~~~~~~~~~~~~~~~~^^^^^^^^^
  File "D:\GIT\okx-trading-bot\v12x\v120\remote_control\bridge.py", line 23, in write_state
    tmp.replace(target)
    ~~~~~~~~~~~^^^^^^^^
  File "C:\Users\Home\AppData\Local\Python\pythoncore-3.14-64\Lib\pathlib\__init__.py", line 1091, in replace
    os.replace(self, target)
    ~~~~~~~~~~^^^^^^^^^^^^^^
PermissionError: [WinError 5] Отказано в доступе: 'D:\\GIT\\okx-trading-bot\\v12x\\v120\\runtime\\remote_bridge\\state\\remote_state.json.tmp' -> 'D:\\GIT\\okx-trading-bot\\v12x\\v120\\runtime\\remote_bridge\\state\\remote_state.json'
2026-03-30 07:37:03,763 | ERROR | remote_control | controller:write_state:62 | remote_state_write_failed
Traceback (most recent call last):
  File "D:\GIT\okx-trading-bot\v12x\v120\remote_control\controller.py", line 60, in write_state
    self.bridge.write_state(payload)
    ~~~~~~~~~~~~~~~~~~~~~~~^^^^^^^^^
  File "D:\GIT\okx-trading-bot\v12x\v120\remote_control\bridge.py", line 23, in write_state
    tmp.replace(target)
    ~~~~~~~~~~~^^^^^^^^
  File "C:\Users\Home\AppData\Local\Python\pythoncore-3.14-64\Lib\pathlib\__init__.py", line 1091, in replace
    os.replace(self, target)
    ~~~~~~~~~~^^^^^^^^^^^^^^
PermissionError: [WinError 5] Отказано в доступе: 'D:\\GIT\\okx-trading-bot\\v12x\\v120\\runtime\\remote_bridge\\state\\remote_state.json.tmp' -> 'D:\\GIT\\okx-trading-bot\\v12x\\v120\\runtime\\remote_bridge\\state\\remote_state.json'
2026-03-30 07:40:44,263 | ERROR | remote_control | controller:write_state:62 | remote_state_write_failed
Traceback (most recent call last):
  File "D:\GIT\okx-trading-bot\v12x\v120\remote_control\controller.py", line 60, in write_state
    self.bridge.write_state(payload)
    ~~~~~~~~~~~~~~~~~~~~~~~^^^^^^^^^
  File "D:\GIT\okx-trading-bot\v12x\v120\remote_control\bridge.py", line 23, in write_state
    tmp.replace(target)
    ~~~~~~~~~~~^^^^^^^^
  File "C:\Users\Home\AppData\Local\Python\pythoncore-3.14-64\Lib\pathlib\__init__.py", line 1091, in replace
    os.replace(self, target)
    ~~~~~~~~~~^^^^^^^^^^^^^^
PermissionError: [WinError 5] Отказано в доступе: 'D:\\GIT\\okx-trading-bot\\v12x\\v120\\runtime\\remote_bridge\\state\\remote_state.json.tmp' -> 'D:\\GIT\\okx-trading-bot\\v12x\\v120\\runtime\\remote_bridge\\state\\remote_state.json'
2026-03-30 07:44:24,768 | ERROR | remote_control | controller:write_state:62 | remote_state_write_failed
Traceback (most recent call last):
  File "D:\GIT\okx-trading-bot\v12x\v120\remote_control\controller.py", line 60, in write_state
    self.bridge.write_state(payload)
    ~~~~~~~~~~~~~~~~~~~~~~~^^^^^^^^^
  File "D:\GIT\okx-trading-bot\v12x\v120\remote_control\bridge.py", line 23, in write_state
    tmp.replace(target)
    ~~~~~~~~~~~^^^^^^^^
  File "C:\Users\Home\AppData\Local\Python\pythoncore-3.14-64\Lib\pathlib\__init__.py", line 1091, in replace
    os.replace(self, target)
    ~~~~~~~~~~^^^^^^^^^^^^^^
PermissionError: [WinError 5] Отказано в доступе: 'D:\\GIT\\okx-trading-bot\\v12x\\v120\\runtime\\remote_bridge\\state\\remote_state.json.tmp' -> 'D:\\GIT\\okx-trading-bot\\v12x\\v120\\runtime\\remote_bridge\\state\\remote_state.json'
2026-03-30 07:48:06,764 | ERROR | remote_control | controller:write_state:62 | remote_state_write_failed
Traceback (most recent call last):
  File "D:\GIT\okx-trading-bot\v12x\v120\remote_control\controller.py", line 60, in write_state
    self.bridge.write_state(payload)
    ~~~~~~~~~~~~~~~~~~~~~~~^^^^^^^^^
  File "D:\GIT\okx-trading-bot\v12x\v120\remote_control\bridge.py", line 23, in write_state
    tmp.replace(target)
    ~~~~~~~~~~~^^^^^^^^
  File "C:\Users\Home\AppData\Local\Python\pythoncore-3.14-64\Lib\pathlib\__init__.py", line 1091, in replace
    os.replace(self, target)
    ~~~~~~~~~~^^^^^^^^^^^^^^
PermissionError: [WinError 5] Отказано в доступе: 'D:\\GIT\\okx-trading-bot\\v12x\\v120\\runtime\\remote_bridge\\state\\remote_state.json.tmp' -> 'D:\\GIT\\okx-trading-bot\\v12x\\v120\\runtime\\remote_bridge\\state\\remote_state.json'
2026-03-30 07:51:48,766 | ERROR | remote_control | controller:write_state:62 | remote_state_write_failed
Traceback (most recent call last):
  File "D:\GIT\okx-trading-bot\v12x\v120\remote_control\controller.py", line 60, in write_state
    self.bridge.write_state(payload)
    ~~~~~~~~~~~~~~~~~~~~~~~^^^^^^^^^
  File "D:\GIT\okx-trading-bot\v12x\v120\remote_control\bridge.py", line 23, in write_state
    tmp.replace(target)
    ~~~~~~~~~~~^^^^^^^^
  File "C:\Users\Home\AppData\Local\Python\pythoncore-3.14-64\Lib\pathlib\__init__.py", line 1091, in replace
    os.replace(self, target)
    ~~~~~~~~~~^^^^^^^^^^^^^^
PermissionError: [WinError 5] Отказано в доступе: 'D:\\GIT\\okx-trading-bot\\v12x\\v120\\runtime\\remote_bridge\\state\\remote_state.json.tmp' -> 'D:\\GIT\\okx-trading-bot\\v12x\\v120\\runtime\\remote_bridge\\state\\remote_state.json'
2026-03-30 07:55:30,764 | ERROR | remote_control | controller:write_state:62 | remote_state_write_failed
Traceback (most recent call last):
  File "D:\GIT\okx-trading-bot\v12x\v120\remote_control\controller.py", line 60, in write_state
    self.bridge.write_state(payload)
    ~~~~~~~~~~~~~~~~~~~~~~~^^^^^^^^^
  File "D:\GIT\okx-trading-bot\v12x\v120\remote_control\bridge.py", line 23, in write_state
    tmp.replace(target)
    ~~~~~~~~~~~^^^^^^^^
  File "C:\Users\Home\AppData\Local\Python\pythoncore-3.14-64\Lib\pathlib\__init__.py", line 1091, in replace
    os.replace(self, target)
    ~~~~~~~~~~^^^^^^^^^^^^^^
PermissionError: [WinError 5] Отказано в доступе: 'D:\\GIT\\okx-trading-bot\\v12x\\v120\\runtime\\remote_bridge\\state\\remote_state.json.tmp' -> 'D:\\GIT\\okx-trading-bot\\v12x\\v120\\runtime\\remote_bridge\\state\\remote_state.json'
2026-03-30 07:59:18,762 | ERROR | remote_control | controller:write_state:62 | remote_state_write_failed
Traceback (most recent call last):
  File "D:\GIT\okx-trading-bot\v12x\v120\remote_control\controller.py", line 60, in write_state
    self.bridge.write_state(payload)
    ~~~~~~~~~~~~~~~~~~~~~~~^^^^^^^^^
  File "D:\GIT\okx-trading-bot\v12x\v120\remote_control\bridge.py", line 23, in write_state
    tmp.replace(target)
    ~~~~~~~~~~~^^^^^^^^
  File "C:\Users\Home\AppData\Local\Python\pythoncore-3.14-64\Lib\pathlib\__init__.py", line 1091, in replace
    os.replace(self, target)
    ~~~~~~~~~~^^^^^^^^^^^^^^
PermissionError: [WinError 5] Отказано в доступе: 'D:\\GIT\\okx-trading-bot\\v12x\\v120\\runtime\\remote_bridge\\state\\remote_state.json.tmp' -> 'D:\\GIT\\okx-trading-bot\\v12x\\v120\\runtime\\remote_bridge\\state\\remote_state.json'
2026-03-30 08:02:59,264 | ERROR | remote_control | controller:write_state:62 | remote_state_write_failed
Traceback (most recent call last):
  File "D:\GIT\okx-trading-bot\v12x\v120\remote_control\controller.py", line 60, in write_state
    self.bridge.write_state(payload)
    ~~~~~~~~~~~~~~~~~~~~~~~^^^^^^^^^
  File "D:\GIT\okx-trading-bot\v12x\v120\remote_control\bridge.py", line 23, in write_state
    tmp.replace(target)
    ~~~~~~~~~~~^^^^^^^^
  File "C:\Users\Home\AppData\Local\Python\pythoncore-3.14-64\Lib\pathlib\__init__.py", line 1091, in replace
    os.replace(self, target)
    ~~~~~~~~~~^^^^^^^^^^^^^^
PermissionError: [WinError 5] Отказано в доступе: 'D:\\GIT\\okx-trading-bot\\v12x\\v120\\runtime\\remote_bridge\\state\\remote_state.json.tmp' -> 'D:\\GIT\\okx-trading-bot\\v12x\\v120\\runtime\\remote_bridge\\state\\remote_state.json'
2026-03-30 08:10:14,262 | ERROR | remote_control | controller:write_state:62 | remote_state_write_failed
Traceback (most recent call last):
  File "D:\GIT\okx-trading-bot\v12x\v120\remote_control\controller.py", line 60, in write_state
    self.bridge.write_state(payload)
    ~~~~~~~~~~~~~~~~~~~~~~~^^^^^^^^^
  File "D:\GIT\okx-trading-bot\v12x\v120\remote_control\bridge.py", line 23, in write_state
    tmp.replace(target)
    ~~~~~~~~~~~^^^^^^^^
  File "C:\Users\Home\AppData\Local\Python\pythoncore-3.14-64\Lib\pathlib\__init__.py", line 1091, in replace
    os.replace(self, target)
    ~~~~~~~~~~^^^^^^^^^^^^^^
PermissionError: [WinError 5] Отказано в доступе: 'D:\\GIT\\okx-trading-bot\\v12x\\v120\\runtime\\remote_bridge\\state\\remote_state.json.tmp' -> 'D:\\GIT\\okx-trading-bot\\v12x\\v120\\runtime\\remote_bridge\\state\\remote_state.json'
2026-03-30 08:13:57,763 | ERROR | remote_control | controller:write_state:62 | remote_state_write_failed
Traceback (most recent call last):
  File "D:\GIT\okx-trading-bot\v12x\v120\remote_control\controller.py", line 60, in write_state
    self.bridge.write_state(payload)
    ~~~~~~~~~~~~~~~~~~~~~~~^^^^^^^^^
  File "D:\GIT\okx-trading-bot\v12x\v120\remote_control\bridge.py", line 23, in write_state
    tmp.replace(target)
    ~~~~~~~~~~~^^^^^^^^
  File "C:\Users\Home\AppData\Local\Python\pythoncore-3.14-64\Lib\pathlib\__init__.py", line 1091, in replace
    os.replace(self, target)
    ~~~~~~~~~~^^^^^^^^^^^^^^
PermissionError: [WinError 5] Отказано в доступе: 'D:\\GIT\\okx-trading-bot\\v12x\\v120\\runtime\\remote_bridge\\state\\remote_state.json.tmp' -> 'D:\\GIT\\okx-trading-bot\\v12x\\v120\\runtime\\remote_bridge\\state\\remote_state.json'
2026-03-30 08:17:38,265 | ERROR | remote_control | controller:write_state:62 | remote_state_write_failed
Traceback (most recent call last):
  File "D:\GIT\okx-trading-bot\v12x\v120\remote_control\controller.py", line 60, in write_state
    self.bridge.write_state(payload)
    ~~~~~~~~~~~~~~~~~~~~~~~^^^^^^^^^
  File "D:\GIT\okx-trading-bot\v12x\v120\remote_control\bridge.py", line 23, in write_state
    tmp.replace(target)
    ~~~~~~~~~~~^^^^^^^^
  File "C:\Users\Home\AppData\Local\Python\pythoncore-3.14-64\Lib\pathlib\__init__.py", line 1091, in replace
    os.replace(self, target)
    ~~~~~~~~~~^^^^^^^^^^^^^^
PermissionError: [WinError 5] Отказано в доступе: 'D:\\GIT\\okx-trading-bot\\v12x\\v120\\runtime\\remote_bridge\\state\\remote_state.json.tmp' -> 'D:\\GIT\\okx-trading-bot\\v12x\\v120\\runtime\\remote_bridge\\state\\remote_state.json'
2026-03-30 08:21:18,762 | ERROR | remote_control | controller:write_state:62 | remote_state_write_failed
Traceback (most recent call last):
  File "D:\GIT\okx-trading-bot\v12x\v120\remote_control\controller.py", line 60, in write_state
    self.bridge.write_state(payload)
    ~~~~~~~~~~~~~~~~~~~~~~~^^^^^^^^^
  File "D:\GIT\okx-trading-bot\v12x\v120\remote_control\bridge.py", line 23, in write_state
    tmp.replace(target)
    ~~~~~~~~~~~^^^^^^^^
  File "C:\Users\Home\AppData\Local\Python\pythoncore-3.14-64\Lib\pathlib\__init__.py", line 1091, in replace
    os.replace(self, target)
    ~~~~~~~~~~^^^^^^^^^^^^^^
PermissionError: [WinError 5] Отказано в доступе: 'D:\\GIT\\okx-trading-bot\\v12x\\v120\\runtime\\remote_bridge\\state\\remote_state.json.tmp' -> 'D:\\GIT\\okx-trading-bot\\v12x\\v120\\runtime\\remote_bridge\\state\\remote_state.json'
2026-03-30 08:28:53,262 | ERROR | remote_control | controller:write_state:62 | remote_state_write_failed
Traceback (most recent call last):
  File "D:\GIT\okx-trading-bot\v12x\v120\remote_control\controller.py", line 60, in write_state
    self.bridge.write_state(payload)
    ~~~~~~~~~~~~~~~~~~~~~~~^^^^^^^^^
  File "D:\GIT\okx-trading-bot\v12x\v120\remote_control\bridge.py", line 23, in write_state
    tmp.replace(target)
    ~~~~~~~~~~~^^^^^^^^
  File "C:\Users\Home\AppData\Local\Python\pythoncore-3.14-64\Lib\pathlib\__init__.py", line 1091, in replace
    os.replace(self, target)
    ~~~~~~~~~~^^^^^^^^^^^^^^
PermissionError: [WinError 5] Отказано в доступе: 'D:\\GIT\\okx-trading-bot\\v12x\\v120\\runtime\\remote_bridge\\state\\remote_state.json.tmp' -> 'D:\\GIT\\okx-trading-bot\\v12x\\v120\\runtime\\remote_bridge\\state\\remote_state.json'
2026-03-30 08:32:38,263 | ERROR | remote_control | controller:write_state:62 | remote_state_write_failed
Traceback (most recent call last):
  File "D:\GIT\okx-trading-bot\v12x\v120\remote_control\controller.py", line 60, in write_state
    self.bridge.write_state(payload)
    ~~~~~~~~~~~~~~~~~~~~~~~^^^^^^^^^
  File "D:\GIT\okx-trading-bot\v12x\v120\remote_control\bridge.py", line 23, in write_state
    tmp.replace(target)
    ~~~~~~~~~~~^^^^^^^^
  File "C:\Users\Home\AppData\Local\Python\pythoncore-3.14-64\Lib\pathlib\__init__.py", line 1091, in replace
    os.replace(self, target)
    ~~~~~~~~~~^^^^^^^^^^^^^^
PermissionError: [WinError 5] Отказано в доступе: 'D:\\GIT\\okx-trading-bot\\v12x\\v120\\runtime\\remote_bridge\\state\\remote_state.json.tmp' -> 'D:\\GIT\\okx-trading-bot\\v12x\\v120\\runtime\\remote_bridge\\state\\remote_state.json'
2026-03-30 08:36:21,762 | ERROR | remote_control | controller:write_state:62 | remote_state_write_failed
Traceback (most recent call last):
  File "D:\GIT\okx-trading-bot\v12x\v120\remote_control\controller.py", line 60, in write_state
    self.bridge.write_state(payload)
    ~~~~~~~~~~~~~~~~~~~~~~~^^^^^^^^^
  File "D:\GIT\okx-trading-bot\v12x\v120\remote_control\bridge.py", line 23, in write_state
    tmp.replace(target)
    ~~~~~~~~~~~^^^^^^^^
  File "C:\Users\Home\AppData\Local\Python\pythoncore-3.14-64\Lib\pathlib\__init__.py", line 1091, in replace
    os.replace(self, target)
    ~~~~~~~~~~^^^^^^^^^^^^^^
PermissionError: [WinError 5] Отказано в доступе: 'D:\\GIT\\okx-trading-bot\\v12x\\v120\\runtime\\remote_bridge\\state\\remote_state.json.tmp' -> 'D:\\GIT\\okx-trading-bot\\v12x\\v120\\runtime\\remote_bridge\\state\\remote_state.json'
2026-03-30 08:43:38,269 | ERROR | remote_control | controller:write_state:62 | remote_state_write_failed
Traceback (most recent call last):
  File "D:\GIT\okx-trading-bot\v12x\v120\remote_control\controller.py", line 60, in write_state
    self.bridge.write_state(payload)
    ~~~~~~~~~~~~~~~~~~~~~~~^^^^^^^^^
  File "D:\GIT\okx-trading-bot\v12x\v120\remote_control\bridge.py", line 23, in write_state
    tmp.replace(target)
    ~~~~~~~~~~~^^^^^^^^
  File "C:\Users\Home\AppData\Local\Python\pythoncore-3.14-64\Lib\pathlib\__init__.py", line 1091, in replace
    os.replace(self, target)
    ~~~~~~~~~~^^^^^^^^^^^^^^
PermissionError: [WinError 5] Отказано в доступе: 'D:\\GIT\\okx-trading-bot\\v12x\\v120\\runtime\\remote_bridge\\state\\remote_state.json.tmp' -> 'D:\\GIT\\okx-trading-bot\\v12x\\v120\\runtime\\remote_bridge\\state\\remote_state.json'
2026-03-30 08:47:17,263 | ERROR | remote_control | controller:write_state:62 | remote_state_write_failed
Traceback (most recent call last):
  File "D:\GIT\okx-trading-bot\v12x\v120\remote_control\controller.py", line 60, in write_state
    self.bridge.write_state(payload)
    ~~~~~~~~~~~~~~~~~~~~~~~^^^^^^^^^
  File "D:\GIT\okx-trading-bot\v12x\v120\remote_control\bridge.py", line 23, in write_state
    tmp.replace(target)
    ~~~~~~~~~~~^^^^^^^^
  File "C:\Users\Home\AppData\Local\Python\pythoncore-3.14-64\Lib\pathlib\__init__.py", line 1091, in replace
    os.replace(self, target)
    ~~~~~~~~~~^^^^^^^^^^^^^^
PermissionError: [WinError 5] Отказано в доступе: 'D:\\GIT\\okx-trading-bot\\v12x\\v120\\runtime\\remote_bridge\\state\\remote_state.json.tmp' -> 'D:\\GIT\\okx-trading-bot\\v12x\\v120\\runtime\\remote_bridge\\state\\remote_state.json'
2026-03-30 08:58:15,762 | ERROR | remote_control | controller:write_state:62 | remote_state_write_failed
Traceback (most recent call last):
  File "D:\GIT\okx-trading-bot\v12x\v120\remote_control\controller.py", line 60, in write_state
    self.bridge.write_state(payload)
    ~~~~~~~~~~~~~~~~~~~~~~~^^^^^^^^^
  File "D:\GIT\okx-trading-bot\v12x\v120\remote_control\bridge.py", line 23, in write_state
    tmp.replace(target)
    ~~~~~~~~~~~^^^^^^^^
  File "C:\Users\Home\AppData\Local\Python\pythoncore-3.14-64\Lib\pathlib\__init__.py", line 1091, in replace
    os.replace(self, target)
    ~~~~~~~~~~^^^^^^^^^^^^^^
PermissionError: [WinError 5] Отказано в доступе: 'D:\\GIT\\okx-trading-bot\\v12x\\v120\\runtime\\remote_bridge\\state\\remote_state.json.tmp' -> 'D:\\GIT\\okx-trading-bot\\v12x\\v120\\runtime\\remote_bridge\\state\\remote_state.json'
2026-03-30 09:02:03,765 | ERROR | remote_control | controller:write_state:62 | remote_state_write_failed
Traceback (most recent call last):
  File "D:\GIT\okx-trading-bot\v12x\v120\remote_control\controller.py", line 60, in write_state
    self.bridge.write_state(payload)
    ~~~~~~~~~~~~~~~~~~~~~~~^^^^^^^^^
  File "D:\GIT\okx-trading-bot\v12x\v120\remote_control\bridge.py", line 23, in write_state
    tmp.replace(target)
    ~~~~~~~~~~~^^^^^^^^
  File "C:\Users\Home\AppData\Local\Python\pythoncore-3.14-64\Lib\pathlib\__init__.py", line 1091, in replace
    os.replace(self, target)
    ~~~~~~~~~~^^^^^^^^^^^^^^
PermissionError: [WinError 5] Отказано в доступе: 'D:\\GIT\\okx-trading-bot\\v12x\\v120\\runtime\\remote_bridge\\state\\remote_state.json.tmp' -> 'D:\\GIT\\okx-trading-bot\\v12x\\v120\\runtime\\remote_bridge\\state\\remote_state.json'
2026-03-30 09:13:15,765 | ERROR | remote_control | controller:write_state:62 | remote_state_write_failed
Traceback (most recent call last):
  File "D:\GIT\okx-trading-bot\v12x\v120\remote_control\controller.py", line 60, in write_state
    self.bridge.write_state(payload)
    ~~~~~~~~~~~~~~~~~~~~~~~^^^^^^^^^
  File "D:\GIT\okx-trading-bot\v12x\v120\remote_control\bridge.py", line 23, in write_state
    tmp.replace(target)
    ~~~~~~~~~~~^^^^^^^^
  File "C:\Users\Home\AppData\Local\Python\pythoncore-3.14-64\Lib\pathlib\__init__.py", line 1091, in replace
    os.replace(self, target)
    ~~~~~~~~~~^^^^^^^^^^^^^^
PermissionError: [WinError 5] Отказано в доступе: 'D:\\GIT\\okx-trading-bot\\v12x\\v120\\runtime\\remote_bridge\\state\\remote_state.json.tmp' -> 'D:\\GIT\\okx-trading-bot\\v12x\\v120\\runtime\\remote_bridge\\state\\remote_state.json'
2026-03-30 09:20:39,766 | ERROR | remote_control | controller:write_state:62 | remote_state_write_failed
Traceback (most recent call last):
  File "D:\GIT\okx-trading-bot\v12x\v120\remote_control\controller.py", line 60, in write_state
    self.bridge.write_state(payload)
    ~~~~~~~~~~~~~~~~~~~~~~~^^^^^^^^^
  File "D:\GIT\okx-trading-bot\v12x\v120\remote_control\bridge.py", line 23, in write_state
    tmp.replace(target)
    ~~~~~~~~~~~^^^^^^^^
  File "C:\Users\Home\AppData\Local\Python\pythoncore-3.14-64\Lib\pathlib\__init__.py", line 1091, in replace
    os.replace(self, target)
    ~~~~~~~~~~^^^^^^^^^^^^^^
PermissionError: [WinError 5] Отказано в доступе: 'D:\\GIT\\okx-trading-bot\\v12x\\v120\\runtime\\remote_bridge\\state\\remote_state.json.tmp' -> 'D:\\GIT\\okx-trading-bot\\v12x\\v120\\runtime\\remote_bridge\\state\\remote_state.json'
2026-03-30 09:24:20,269 | ERROR | remote_control | controller:write_state:62 | remote_state_write_failed
Traceback (most recent call last):
  File "D:\GIT\okx-trading-bot\v12x\v120\remote_control\controller.py", line 60, in write_state
    self.bridge.write_state(payload)
    ~~~~~~~~~~~~~~~~~~~~~~~^^^^^^^^^
  File "D:\GIT\okx-trading-bot\v12x\v120\remote_control\bridge.py", line 23, in write_state
    tmp.replace(target)
    ~~~~~~~~~~~^^^^^^^^
  File "C:\Users\Home\AppData\Local\Python\pythoncore-3.14-64\Lib\pathlib\__init__.py", line 1091, in replace
    os.replace(self, target)
    ~~~~~~~~~~^^^^^^^^^^^^^^
PermissionError: [WinError 5] Отказано в доступе: 'D:\\GIT\\okx-trading-bot\\v12x\\v120\\runtime\\remote_bridge\\state\\remote_state.json.tmp' -> 'D:\\GIT\\okx-trading-bot\\v12x\\v120\\runtime\\remote_bridge\\state\\remote_state.json'
2026-03-30 09:28:02,272 | ERROR | remote_control | controller:write_state:62 | remote_state_write_failed
Traceback (most recent call last):
  File "D:\GIT\okx-trading-bot\v12x\v120\remote_control\controller.py", line 60, in write_state
    self.bridge.write_state(payload)
    ~~~~~~~~~~~~~~~~~~~~~~~^^^^^^^^^
  File "D:\GIT\okx-trading-bot\v12x\v120\remote_control\bridge.py", line 23, in write_state
    tmp.replace(target)
    ~~~~~~~~~~~^^^^^^^^
  File "C:\Users\Home\AppData\Local\Python\pythoncore-3.14-64\Lib\pathlib\__init__.py", line 1091, in replace
    os.replace(self, target)
    ~~~~~~~~~~^^^^^^^^^^^^^^
PermissionError: [WinError 5] Отказано в доступе: 'D:\\GIT\\okx-trading-bot\\v12x\\v120\\runtime\\remote_bridge\\state\\remote_state.json.tmp' -> 'D:\\GIT\\okx-trading-bot\\v12x\\v120\\runtime\\remote_bridge\\state\\remote_state.json'
2026-03-30 09:31:42,776 | ERROR | remote_control | controller:write_state:62 | remote_state_write_failed
Traceback (most recent call last):
  File "D:\GIT\okx-trading-bot\v12x\v120\remote_control\controller.py", line 60, in write_state
    self.bridge.write_state(payload)
    ~~~~~~~~~~~~~~~~~~~~~~~^^^^^^^^^
  File "D:\GIT\okx-trading-bot\v12x\v120\remote_control\bridge.py", line 23, in write_state
    tmp.replace(target)
    ~~~~~~~~~~~^^^^^^^^
  File "C:\Users\Home\AppData\Local\Python\pythoncore-3.14-64\Lib\pathlib\__init__.py", line 1091, in replace
    os.replace(self, target)
    ~~~~~~~~~~^^^^^^^^^^^^^^
PermissionError: [WinError 5] Отказано в доступе: 'D:\\GIT\\okx-trading-bot\\v12x\\v120\\runtime\\remote_bridge\\state\\remote_state.json.tmp' -> 'D:\\GIT\\okx-trading-bot\\v12x\\v120\\runtime\\remote_bridge\\state\\remote_state.json'
2026-03-30 09:46:29,287 | ERROR | remote_control | controller:write_state:62 | remote_state_write_failed
Traceback (most recent call last):
  File "D:\GIT\okx-trading-bot\v12x\v120\remote_control\controller.py", line 60, in write_state
    self.bridge.write_state(payload)
    ~~~~~~~~~~~~~~~~~~~~~~~^^^^^^^^^
  File "D:\GIT\okx-trading-bot\v12x\v120\remote_control\bridge.py", line 23, in write_state
    tmp.replace(target)
    ~~~~~~~~~~~^^^^^^^^
  File "C:\Users\Home\AppData\Local\Python\pythoncore-3.14-64\Lib\pathlib\__init__.py", line 1091, in replace
    os.replace(self, target)
    ~~~~~~~~~~^^^^^^^^^^^^^^
PermissionError: [WinError 5] Отказано в доступе: 'D:\\GIT\\okx-trading-bot\\v12x\\v120\\runtime\\remote_bridge\\state\\remote_state.json.tmp' -> 'D:\\GIT\\okx-trading-bot\\v12x\\v120\\runtime\\remote_bridge\\state\\remote_state.json'
2026-03-30 09:50:08,268 | ERROR | remote_control | controller:write_state:62 | remote_state_write_failed
Traceback (most recent call last):
  File "D:\GIT\okx-trading-bot\v12x\v120\remote_control\controller.py", line 60, in write_state
    self.bridge.write_state(payload)
    ~~~~~~~~~~~~~~~~~~~~~~~^^^^^^^^^
  File "D:\GIT\okx-trading-bot\v12x\v120\remote_control\bridge.py", line 23, in write_state
    tmp.replace(target)
    ~~~~~~~~~~~^^^^^^^^
  File "C:\Users\Home\AppData\Local\Python\pythoncore-3.14-64\Lib\pathlib\__init__.py", line 1091, in replace
    os.replace(self, target)
    ~~~~~~~~~~^^^^^^^^^^^^^^
PermissionError: [WinError 5] Отказано в доступе: 'D:\\GIT\\okx-trading-bot\\v12x\\v120\\runtime\\remote_bridge\\state\\remote_state.json.tmp' -> 'D:\\GIT\\okx-trading-bot\\v12x\\v120\\runtime\\remote_bridge\\state\\remote_state.json'
2026-03-30 09:53:50,279 | ERROR | remote_control | controller:write_state:62 | remote_state_write_failed
Traceback (most recent call last):
  File "D:\GIT\okx-trading-bot\v12x\v120\remote_control\controller.py", line 60, in write_state
    self.bridge.write_state(payload)
    ~~~~~~~~~~~~~~~~~~~~~~~^^^^^^^^^
  File "D:\GIT\okx-trading-bot\v12x\v120\remote_control\bridge.py", line 23, in write_state
    tmp.replace(target)
    ~~~~~~~~~~~^^^^^^^^
  File "C:\Users\Home\AppData\Local\Python\pythoncore-3.14-64\Lib\pathlib\__init__.py", line 1091, in replace
    os.replace(self, target)
    ~~~~~~~~~~^^^^^^^^^^^^^^
PermissionError: [WinError 5] Отказано в доступе: 'D:\\GIT\\okx-trading-bot\\v12x\\v120\\runtime\\remote_bridge\\state\\remote_state.json.tmp' -> 'D:\\GIT\\okx-trading-bot\\v12x\\v120\\runtime\\remote_bridge\\state\\remote_state.json'
2026-03-30 09:57:32,276 | ERROR | remote_control | controller:write_state:62 | remote_state_write_failed
Traceback (most recent call last):
  File "D:\GIT\okx-trading-bot\v12x\v120\remote_control\controller.py", line 60, in write_state
    self.bridge.write_state(payload)
    ~~~~~~~~~~~~~~~~~~~~~~~^^^^^^^^^
  File "D:\GIT\okx-trading-bot\v12x\v120\remote_control\bridge.py", line 23, in write_state
    tmp.replace(target)
    ~~~~~~~~~~~^^^^^^^^
  File "C:\Users\Home\AppData\Local\Python\pythoncore-3.14-64\Lib\pathlib\__init__.py", line 1091, in replace
    os.replace(self, target)
    ~~~~~~~~~~^^^^^^^^^^^^^^
PermissionError: [WinError 5] Отказано в доступе: 'D:\\GIT\\okx-trading-bot\\v12x\\v120\\runtime\\remote_bridge\\state\\remote_state.json.tmp' -> 'D:\\GIT\\okx-trading-bot\\v12x\\v120\\runtime\\remote_bridge\\state\\remote_state.json'
2026-03-30 10:00:49,399 | ERROR | root | turtle_engine_impl:scan_markets:2294 | Entry execution failed for LDO-USDT-SWAP
Traceback (most recent call last):
  File "C:\Users\Home\AppData\Local\Python\pythoncore-3.14-64\Lib\site-packages\httpx\_transports\default.py", line 101, in map_httpcore_exceptions
    yield
  File "C:\Users\Home\AppData\Local\Python\pythoncore-3.14-64\Lib\site-packages\httpx\_transports\default.py", line 250, in handle_request
    resp = self._pool.handle_request(req)
  File "C:\Users\Home\AppData\Local\Python\pythoncore-3.14-64\Lib\site-packages\httpcore\_sync\connection_pool.py", line 256, in handle_request
    raise exc from None
  File "C:\Users\Home\AppData\Local\Python\pythoncore-3.14-64\Lib\site-packages\httpcore\_sync\connection_pool.py", line 236, in handle_request
    response = connection.handle_request(
        pool_request.request
    )
  File "C:\Users\Home\AppData\Local\Python\pythoncore-3.14-64\Lib\site-packages\httpcore\_sync\connection.py", line 103, in handle_request
    return self._connection.handle_request(request)
           ~~~~~~~~~~~~~~~~~~~~~~~~~~~~~~~^^^^^^^^^
  File "C:\Users\Home\AppData\Local\Python\pythoncore-3.14-64\Lib\site-packages\httpcore\_sync\http2.py", line 187, in handle_request
    raise exc
  File "C:\Users\Home\AppData\Local\Python\pythoncore-3.14-64\Lib\site-packages\httpcore\_sync\http2.py", line 150, in handle_request
    status, headers = self._receive_response(
                      ~~~~~~~~~~~~~~~~~~~~~~^
        request=request, stream_id=stream_id
        ^^^^^^^^^^^^^^^^^^^^^^^^^^^^^^^^^^^^
    )
    ^
  File "C:\Users\Home\AppData\Local\Python\pythoncore-3.14-64\Lib\site-packages\httpcore\_sync\http2.py", line 294, in _receive_response
    event = self._receive_stream_event(request, stream_id)
  File "C:\Users\Home\AppData\Local\Python\pythoncore-3.14-64\Lib\site-packages\httpcore\_sync\http2.py", line 336, in _receive_stream_event
    self._receive_events(request, stream_id)
    ~~~~~~~~~~~~~~~~~~~~^^^^^^^^^^^^^^^^^^^^
  File "C:\Users\Home\AppData\Local\Python\pythoncore-3.14-64\Lib\site-packages\httpcore\_sync\http2.py", line 364, in _receive_events
    events = self._read_incoming_data(request)
  File "C:\Users\Home\AppData\Local\Python\pythoncore-3.14-64\Lib\site-packages\httpcore\_sync\http2.py", line 455, in _read_incoming_data
    raise exc
  File "C:\Users\Home\AppData\Local\Python\pythoncore-3.14-64\Lib\site-packages\httpcore\_sync\http2.py", line 441, in _read_incoming_data
    data = self._network_stream.read(self.READ_NUM_BYTES, timeout)
  File "C:\Users\Home\AppData\Local\Python\pythoncore-3.14-64\Lib\site-packages\httpcore\_backends\sync.py", line 126, in read
    with map_exceptions(exc_map):
         ~~~~~~~~~~~~~~^^^^^^^^^
  File "C:\Users\Home\AppData\Local\Python\pythoncore-3.14-64\Lib\contextlib.py", line 162, in __exit__
    self.gen.throw(value)
    ~~~~~~~~~~~~~~^^^^^^^
  File "C:\Users\Home\AppData\Local\Python\pythoncore-3.14-64\Lib\site-packages\httpcore\_exceptions.py", line 14, in map_exceptions
    raise to_exc(exc) from exc
httpcore.ReadTimeout: The read operation timed out

The above exception was the direct cause of the following exception:

Traceback (most recent call last):
  File "D:\GIT\okx-trading-bot\v12x\v120\domain\trading\turtle_engine_impl.py", line 2290, in scan_markets
    opened_now = self.enter_position(candidate["inst_id"], candidate["side"], candidate["price"], candidate["atr"], candidate["system_name"], candidate)
  File "D:\GIT\okx-trading-bot\v12x\v120\domain\trading\turtle_engine_impl.py", line 3403, in enter_position
    account = self.gateway.get_account_balance(force=True)
  File "D:\GIT\okx-trading-bot\v12x\v120\infrastructure\exchange\okx_gateway.py", line 153, in get_account_balance
    resp = self.account_api.get_account_balance()
  File "C:\Users\Home\AppData\Local\Python\pythoncore-3.14-64\Lib\site-packages\okx\Account.py", line 23, in get_account_balance
    return self._request_with_params(GET, ACCOUNT_INFO, params)
           ~~~~~~~~~~~~~~~~~~~~~~~~~^^^^^^^^^^^^^^^^^^^^^^^^^^^
  File "C:\Users\Home\AppData\Local\Python\pythoncore-3.14-64\Lib\site-packages\okx\okxclient.py", line 64, in _request_with_params
    return self._request(method, request_path, params)
           ~~~~~~~~~~~~~^^^^^^^^^^^^^^^^^^^^^^^^^^^^^^
  File "C:\Users\Home\AppData\Local\Python\pythoncore-3.14-64\Lib\site-packages\okx\okxclient.py", line 55, in _request
    response = self.get(request_path, headers=header)
  File "C:\Users\Home\AppData\Local\Python\pythoncore-3.14-64\Lib\site-packages\httpx\_client.py", line 1053, in get
    return self.request(
           ~~~~~~~~~~~~^
        "GET",
        ^^^^^^
    ...<7 lines>...
        extensions=extensions,
        ^^^^^^^^^^^^^^^^^^^^^^
    )
    ^
  File "C:\Users\Home\AppData\Local\Python\pythoncore-3.14-64\Lib\site-packages\httpx\_client.py", line 825, in request
    return self.send(request, auth=auth, follow_redirects=follow_redirects)
           ~~~~~~~~~^^^^^^^^^^^^^^^^^^^^^^^^^^^^^^^^^^^^^^^^^^^^^^^^^^^^^^^
  File "C:\Users\Home\AppData\Local\Python\pythoncore-3.14-64\Lib\site-packages\httpx\_client.py", line 914, in send
    response = self._send_handling_auth(
        request,
    ...<2 lines>...
        history=[],
    )
  File "C:\Users\Home\AppData\Local\Python\pythoncore-3.14-64\Lib\site-packages\httpx\_client.py", line 942, in _send_handling_auth
    response = self._send_handling_redirects(
        request,
        follow_redirects=follow_redirects,
        history=history,
    )
  File "C:\Users\Home\AppData\Local\Python\pythoncore-3.14-64\Lib\site-packages\httpx\_client.py", line 979, in _send_handling_redirects
    response = self._send_single_request(request)
  File "C:\Users\Home\AppData\Local\Python\pythoncore-3.14-64\Lib\site-packages\httpx\_client.py", line 1014, in _send_single_request
    response = transport.handle_request(request)
  File "C:\Users\Home\AppData\Local\Python\pythoncore-3.14-64\Lib\site-packages\httpx\_transports\default.py", line 249, in handle_request
    with map_httpcore_exceptions():
         ~~~~~~~~~~~~~~~~~~~~~~~^^
  File "C:\Users\Home\AppData\Local\Python\pythoncore-3.14-64\Lib\contextlib.py", line 162, in __exit__
    self.gen.throw(value)
    ~~~~~~~~~~~~~~^^^^^^^
  File "C:\Users\Home\AppData\Local\Python\pythoncore-3.14-64\Lib\site-packages\httpx\_transports\default.py", line 118, in map_httpcore_exceptions
    raise mapped_exc(message) from exc
httpx.ReadTimeout: The read operation timed out
2026-03-30 10:00:55,034 | ERROR | root | turtle_engine_impl:scan_markets:2294 | Entry execution failed for LDO-USDT-SWAP
Traceback (most recent call last):
  File "C:\Users\Home\AppData\Local\Python\pythoncore-3.14-64\Lib\site-packages\httpx\_transports\default.py", line 101, in map_httpcore_exceptions
    yield
  File "C:\Users\Home\AppData\Local\Python\pythoncore-3.14-64\Lib\site-packages\httpx\_transports\default.py", line 250, in handle_request
    resp = self._pool.handle_request(req)
  File "C:\Users\Home\AppData\Local\Python\pythoncore-3.14-64\Lib\site-packages\httpcore\_sync\connection_pool.py", line 256, in handle_request
    raise exc from None
  File "C:\Users\Home\AppData\Local\Python\pythoncore-3.14-64\Lib\site-packages\httpcore\_sync\connection_pool.py", line 236, in handle_request
    response = connection.handle_request(
        pool_request.request
    )
  File "C:\Users\Home\AppData\Local\Python\pythoncore-3.14-64\Lib\site-packages\httpcore\_sync\connection.py", line 103, in handle_request
    return self._connection.handle_request(request)
           ~~~~~~~~~~~~~~~~~~~~~~~~~~~~~~~^^^^^^^^^
  File "C:\Users\Home\AppData\Local\Python\pythoncore-3.14-64\Lib\site-packages\httpcore\_sync\http2.py", line 187, in handle_request
    raise exc
  File "C:\Users\Home\AppData\Local\Python\pythoncore-3.14-64\Lib\site-packages\httpcore\_sync\http2.py", line 150, in handle_request
    status, headers = self._receive_response(
                      ~~~~~~~~~~~~~~~~~~~~~~^
        request=request, stream_id=stream_id
        ^^^^^^^^^^^^^^^^^^^^^^^^^^^^^^^^^^^^
    )
    ^
  File "C:\Users\Home\AppData\Local\Python\pythoncore-3.14-64\Lib\site-packages\httpcore\_sync\http2.py", line 294, in _receive_response
    event = self._receive_stream_event(request, stream_id)
  File "C:\Users\Home\AppData\Local\Python\pythoncore-3.14-64\Lib\site-packages\httpcore\_sync\http2.py", line 336, in _receive_stream_event
    self._receive_events(request, stream_id)
    ~~~~~~~~~~~~~~~~~~~~^^^^^^^^^^^^^^^^^^^^
  File "C:\Users\Home\AppData\Local\Python\pythoncore-3.14-64\Lib\site-packages\httpcore\_sync\http2.py", line 364, in _receive_events
    events = self._read_incoming_data(request)
  File "C:\Users\Home\AppData\Local\Python\pythoncore-3.14-64\Lib\site-packages\httpcore\_sync\http2.py", line 455, in _read_incoming_data
    raise exc
  File "C:\Users\Home\AppData\Local\Python\pythoncore-3.14-64\Lib\site-packages\httpcore\_sync\http2.py", line 441, in _read_incoming_data
    data = self._network_stream.read(self.READ_NUM_BYTES, timeout)
  File "C:\Users\Home\AppData\Local\Python\pythoncore-3.14-64\Lib\site-packages\httpcore\_backends\sync.py", line 126, in read
    with map_exceptions(exc_map):
         ~~~~~~~~~~~~~~^^^^^^^^^
  File "C:\Users\Home\AppData\Local\Python\pythoncore-3.14-64\Lib\contextlib.py", line 162, in __exit__
    self.gen.throw(value)
    ~~~~~~~~~~~~~~^^^^^^^
  File "C:\Users\Home\AppData\Local\Python\pythoncore-3.14-64\Lib\site-packages\httpcore\_exceptions.py", line 14, in map_exceptions
    raise to_exc(exc) from exc
httpcore.ReadTimeout: The read operation timed out

The above exception was the direct cause of the following exception:

Traceback (most recent call last):
  File "D:\GIT\okx-trading-bot\v12x\v120\domain\trading\turtle_engine_impl.py", line 2290, in scan_markets
    opened_now = self.enter_position(candidate["inst_id"], candidate["side"], candidate["price"], candidate["atr"], candidate["system_name"], candidate)
  File "D:\GIT\okx-trading-bot\v12x\v120\domain\trading\turtle_engine_impl.py", line 3403, in enter_position
    account = self.gateway.get_account_balance(force=True)
  File "D:\GIT\okx-trading-bot\v12x\v120\infrastructure\exchange\okx_gateway.py", line 153, in get_account_balance
    resp = self.account_api.get_account_balance()
  File "C:\Users\Home\AppData\Local\Python\pythoncore-3.14-64\Lib\site-packages\okx\Account.py", line 23, in get_account_balance
    return self._request_with_params(GET, ACCOUNT_INFO, params)
           ~~~~~~~~~~~~~~~~~~~~~~~~~^^^^^^^^^^^^^^^^^^^^^^^^^^^
  File "C:\Users\Home\AppData\Local\Python\pythoncore-3.14-64\Lib\site-packages\okx\okxclient.py", line 64, in _request_with_params
    return self._request(method, request_path, params)
           ~~~~~~~~~~~~~^^^^^^^^^^^^^^^^^^^^^^^^^^^^^^
  File "C:\Users\Home\AppData\Local\Python\pythoncore-3.14-64\Lib\site-packages\okx\okxclient.py", line 55, in _request
    response = self.get(request_path, headers=header)
  File "C:\Users\Home\AppData\Local\Python\pythoncore-3.14-64\Lib\site-packages\httpx\_client.py", line 1053, in get
    return self.request(
           ~~~~~~~~~~~~^
        "GET",
        ^^^^^^
    ...<7 lines>...
        extensions=extensions,
        ^^^^^^^^^^^^^^^^^^^^^^
    )
    ^
  File "C:\Users\Home\AppData\Local\Python\pythoncore-3.14-64\Lib\site-packages\httpx\_client.py", line 825, in request
    return self.send(request, auth=auth, follow_redirects=follow_redirects)
           ~~~~~~~~~^^^^^^^^^^^^^^^^^^^^^^^^^^^^^^^^^^^^^^^^^^^^^^^^^^^^^^^
  File "C:\Users\Home\AppData\Local\Python\pythoncore-3.14-64\Lib\site-packages\httpx\_client.py", line 914, in send
    response = self._send_handling_auth(
        request,
    ...<2 lines>...
        history=[],
    )
  File "C:\Users\Home\AppData\Local\Python\pythoncore-3.14-64\Lib\site-packages\httpx\_client.py", line 942, in _send_handling_auth
    response = self._send_handling_redirects(
        request,
        follow_redirects=follow_redirects,
        history=history,
    )
  File "C:\Users\Home\AppData\Local\Python\pythoncore-3.14-64\Lib\site-packages\httpx\_client.py", line 979, in _send_handling_redirects
    response = self._send_single_request(request)
  File "C:\Users\Home\AppData\Local\Python\pythoncore-3.14-64\Lib\site-packages\httpx\_client.py", line 1014, in _send_single_request
    response = transport.handle_request(request)
  File "C:\Users\Home\AppData\Local\Python\pythoncore-3.14-64\Lib\site-packages\httpx\_transports\default.py", line 249, in handle_request
    with map_httpcore_exceptions():
         ~~~~~~~~~~~~~~~~~~~~~~~^^
  File "C:\Users\Home\AppData\Local\Python\pythoncore-3.14-64\Lib\contextlib.py", line 162, in __exit__
    self.gen.throw(value)
    ~~~~~~~~~~~~~~^^^^^^^
  File "C:\Users\Home\AppData\Local\Python\pythoncore-3.14-64\Lib\site-packages\httpx\_transports\default.py", line 118, in map_httpcore_exceptions
    raise mapped_exc(message) from exc
httpx.ReadTimeout: The read operation timed out
2026-03-30 10:13:30,036 | ERROR | root | turtle_engine_impl:run_loop:902 | Ошибка в цикле стратегии: The read operation timed out
Traceback (most recent call last):
  File "C:\Users\Home\AppData\Local\Python\pythoncore-3.14-64\Lib\site-packages\httpx\_transports\default.py", line 101, in map_httpcore_exceptions
    yield
  File "C:\Users\Home\AppData\Local\Python\pythoncore-3.14-64\Lib\site-packages\httpx\_transports\default.py", line 250, in handle_request
    resp = self._pool.handle_request(req)
  File "C:\Users\Home\AppData\Local\Python\pythoncore-3.14-64\Lib\site-packages\httpcore\_sync\connection_pool.py", line 256, in handle_request
    raise exc from None
  File "C:\Users\Home\AppData\Local\Python\pythoncore-3.14-64\Lib\site-packages\httpcore\_sync\connection_pool.py", line 236, in handle_request
    response = connection.handle_request(
        pool_request.request
    )
  File "C:\Users\Home\AppData\Local\Python\pythoncore-3.14-64\Lib\site-packages\httpcore\_sync\connection.py", line 103, in handle_request
    return self._connection.handle_request(request)
           ~~~~~~~~~~~~~~~~~~~~~~~~~~~~~~~^^^^^^^^^
  File "C:\Users\Home\AppData\Local\Python\pythoncore-3.14-64\Lib\site-packages\httpcore\_sync\http2.py", line 187, in handle_request
    raise exc
  File "C:\Users\Home\AppData\Local\Python\pythoncore-3.14-64\Lib\site-packages\httpcore\_sync\http2.py", line 150, in handle_request
    status, headers = self._receive_response(
                      ~~~~~~~~~~~~~~~~~~~~~~^
        request=request, stream_id=stream_id
        ^^^^^^^^^^^^^^^^^^^^^^^^^^^^^^^^^^^^
    )
    ^
  File "C:\Users\Home\AppData\Local\Python\pythoncore-3.14-64\Lib\site-packages\httpcore\_sync\http2.py", line 294, in _receive_response
    event = self._receive_stream_event(request, stream_id)
  File "C:\Users\Home\AppData\Local\Python\pythoncore-3.14-64\Lib\site-packages\httpcore\_sync\http2.py", line 336, in _receive_stream_event
    self._receive_events(request, stream_id)
    ~~~~~~~~~~~~~~~~~~~~^^^^^^^^^^^^^^^^^^^^
  File "C:\Users\Home\AppData\Local\Python\pythoncore-3.14-64\Lib\site-packages\httpcore\_sync\http2.py", line 364, in _receive_events
    events = self._read_incoming_data(request)
  File "C:\Users\Home\AppData\Local\Python\pythoncore-3.14-64\Lib\site-packages\httpcore\_sync\http2.py", line 455, in _read_incoming_data
    raise exc
  File "C:\Users\Home\AppData\Local\Python\pythoncore-3.14-64\Lib\site-packages\httpcore\_sync\http2.py", line 441, in _read_incoming_data
    data = self._network_stream.read(self.READ_NUM_BYTES, timeout)
  File "C:\Users\Home\AppData\Local\Python\pythoncore-3.14-64\Lib\site-packages\httpcore\_backends\sync.py", line 126, in read
    with map_exceptions(exc_map):
         ~~~~~~~~~~~~~~^^^^^^^^^
  File "C:\Users\Home\AppData\Local\Python\pythoncore-3.14-64\Lib\contextlib.py", line 162, in __exit__
    self.gen.throw(value)
    ~~~~~~~~~~~~~~^^^^^^^
  File "C:\Users\Home\AppData\Local\Python\pythoncore-3.14-64\Lib\site-packages\httpcore\_exceptions.py", line 14, in map_exceptions
    raise to_exc(exc) from exc
httpcore.ReadTimeout: The read operation timed out

The above exception was the direct cause of the following exception:

Traceback (most recent call last):
  File "D:\GIT\okx-trading-bot\v12x\v120\domain\trading\turtle_engine_impl.py", line 890, in run_loop
    self._run_position_management_cycle(minute_key)
    ~~~~~~~~~~~~~~~~~~~~~~~~~~~~~~~~~~~^^^^^^^^^^^^
  File "D:\GIT\okx-trading-bot\v12x\v120\domain\trading\turtle_engine_impl.py", line 866, in _run_position_management_cycle
    self.sync_positions_from_exchange()
    ~~~~~~~~~~~~~~~~~~~~~~~~~~~~~~~~~^^
  File "D:\GIT\okx-trading-bot\v12x\v120\domain\trading\turtle_engine_impl.py", line 913, in sync_positions_from_exchange
    exchange_positions = self.gateway.get_positions()
  File "D:\GIT\okx-trading-bot\v12x\v120\infrastructure\exchange\okx_gateway.py", line 168, in get_positions
    resp = self.account_api.get_positions(instType="SWAP")
  File "C:\Users\Home\AppData\Local\Python\pythoncore-3.14-64\Lib\site-packages\okx\Account.py", line 28, in get_positions
    return self._request_with_params(GET, POSITION_INFO, params)
           ~~~~~~~~~~~~~~~~~~~~~~~~~^^^^^^^^^^^^^^^^^^^^^^^^^^^^
  File "C:\Users\Home\AppData\Local\Python\pythoncore-3.14-64\Lib\site-packages\okx\okxclient.py", line 64, in _request_with_params
    return self._request(method, request_path, params)
           ~~~~~~~~~~~~~^^^^^^^^^^^^^^^^^^^^^^^^^^^^^^
  File "C:\Users\Home\AppData\Local\Python\pythoncore-3.14-64\Lib\site-packages\okx\okxclient.py", line 55, in _request
    response = self.get(request_path, headers=header)
  File "C:\Users\Home\AppData\Local\Python\pythoncore-3.14-64\Lib\site-packages\httpx\_client.py", line 1053, in get
    return self.request(
           ~~~~~~~~~~~~^
        "GET",
        ^^^^^^
    ...<7 lines>...
        extensions=extensions,
        ^^^^^^^^^^^^^^^^^^^^^^
    )
    ^
  File "C:\Users\Home\AppData\Local\Python\pythoncore-3.14-64\Lib\site-packages\httpx\_client.py", line 825, in request
    return self.send(request, auth=auth, follow_redirects=follow_redirects)
           ~~~~~~~~~^^^^^^^^^^^^^^^^^^^^^^^^^^^^^^^^^^^^^^^^^^^^^^^^^^^^^^^
  File "C:\Users\Home\AppData\Local\Python\pythoncore-3.14-64\Lib\site-packages\httpx\_client.py", line 914, in send
    response = self._send_handling_auth(
        request,
    ...<2 lines>...
        history=[],
    )
  File "C:\Users\Home\AppData\Local\Python\pythoncore-3.14-64\Lib\site-packages\httpx\_client.py", line 942, in _send_handling_auth
    response = self._send_handling_redirects(
        request,
        follow_redirects=follow_redirects,
        history=history,
    )
  File "C:\Users\Home\AppData\Local\Python\pythoncore-3.14-64\Lib\site-packages\httpx\_client.py", line 979, in _send_handling_redirects
    response = self._send_single_request(request)
  File "C:\Users\Home\AppData\Local\Python\pythoncore-3.14-64\Lib\site-packages\httpx\_client.py", line 1014, in _send_single_request
    response = transport.handle_request(request)
  File "C:\Users\Home\AppData\Local\Python\pythoncore-3.14-64\Lib\site-packages\httpx\_transports\default.py", line 249, in handle_request
    with map_httpcore_exceptions():
         ~~~~~~~~~~~~~~~~~~~~~~~^^
  File "C:\Users\Home\AppData\Local\Python\pythoncore-3.14-64\Lib\contextlib.py", line 162, in __exit__
    self.gen.throw(value)
    ~~~~~~~~~~~~~~^^^^^^^
  File "C:\Users\Home\AppData\Local\Python\pythoncore-3.14-64\Lib\site-packages\httpx\_transports\default.py", line 118, in map_httpcore_exceptions
    raise mapped_exc(message) from exc
httpx.ReadTimeout: The read operation timed out
2026-03-30 10:16:03,798 | ERROR | remote_control | controller:write_state:62 | remote_state_write_failed
Traceback (most recent call last):
  File "D:\GIT\okx-trading-bot\v12x\v120\remote_control\controller.py", line 60, in write_state
    self.bridge.write_state(payload)
    ~~~~~~~~~~~~~~~~~~~~~~~^^^^^^^^^
  File "D:\GIT\okx-trading-bot\v12x\v120\remote_control\bridge.py", line 23, in write_state
    tmp.replace(target)
    ~~~~~~~~~~~^^^^^^^^
  File "C:\Users\Home\AppData\Local\Python\pythoncore-3.14-64\Lib\pathlib\__init__.py", line 1091, in replace
    os.replace(self, target)
    ~~~~~~~~~~^^^^^^^^^^^^^^
PermissionError: [WinError 5] Отказано в доступе: 'D:\\GIT\\okx-trading-bot\\v12x\\v120\\runtime\\remote_bridge\\state\\remote_state.json.tmp' -> 'D:\\GIT\\okx-trading-bot\\v12x\\v120\\runtime\\remote_bridge\\state\\remote_state.json'
2026-03-30 10:19:47,302 | ERROR | remote_control | controller:write_state:62 | remote_state_write_failed
Traceback (most recent call last):
  File "D:\GIT\okx-trading-bot\v12x\v120\remote_control\controller.py", line 60, in write_state
    self.bridge.write_state(payload)
    ~~~~~~~~~~~~~~~~~~~~~~~^^^^^^^^^
  File "D:\GIT\okx-trading-bot\v12x\v120\remote_control\bridge.py", line 23, in write_state
    tmp.replace(target)
    ~~~~~~~~~~~^^^^^^^^
  File "C:\Users\Home\AppData\Local\Python\pythoncore-3.14-64\Lib\pathlib\__init__.py", line 1091, in replace
    os.replace(self, target)
    ~~~~~~~~~~^^^^^^^^^^^^^^
PermissionError: [WinError 5] Отказано в доступе: 'D:\\GIT\\okx-trading-bot\\v12x\\v120\\runtime\\remote_bridge\\state\\remote_state.json.tmp' -> 'D:\\GIT\\okx-trading-bot\\v12x\\v120\\runtime\\remote_bridge\\state\\remote_state.json'
2026-03-30 10:19:50,308 | ERROR | remote_control | controller:write_state:62 | remote_state_write_failed
Traceback (most recent call last):
  File "D:\GIT\okx-trading-bot\v12x\v120\remote_control\controller.py", line 60, in write_state
    self.bridge.write_state(payload)
    ~~~~~~~~~~~~~~~~~~~~~~~^^^^^^^^^
  File "D:\GIT\okx-trading-bot\v12x\v120\remote_control\bridge.py", line 23, in write_state
    tmp.replace(target)
    ~~~~~~~~~~~^^^^^^^^
  File "C:\Users\Home\AppData\Local\Python\pythoncore-3.14-64\Lib\pathlib\__init__.py", line 1091, in replace
    os.replace(self, target)
    ~~~~~~~~~~^^^^^^^^^^^^^^
PermissionError: [WinError 5] Отказано в доступе: 'D:\\GIT\\okx-trading-bot\\v12x\\v120\\runtime\\remote_bridge\\state\\remote_state.json.tmp' -> 'D:\\GIT\\okx-trading-bot\\v12x\\v120\\runtime\\remote_bridge\\state\\remote_state.json'
2026-03-30 10:21:18,587 | ERROR | websocket | _logging:error:77 | Connection to remote host was lost. - goodbye
2026-03-30 10:23:23,258 | ERROR | remote_control | controller:write_state:62 | remote_state_write_failed
Traceback (most recent call last):
  File "D:\GIT\okx-trading-bot\v12x\v120\remote_control\controller.py", line 60, in write_state
    self.bridge.write_state(payload)
    ~~~~~~~~~~~~~~~~~~~~~~~^^^^^^^^^
  File "D:\GIT\okx-trading-bot\v12x\v120\remote_control\bridge.py", line 23, in write_state
    tmp.replace(target)
    ~~~~~~~~~~~^^^^^^^^
  File "C:\Users\Home\AppData\Local\Python\pythoncore-3.14-64\Lib\pathlib\__init__.py", line 1091, in replace
    os.replace(self, target)
    ~~~~~~~~~~^^^^^^^^^^^^^^
PermissionError: [WinError 5] Отказано в доступе: 'D:\\GIT\\okx-trading-bot\\v12x\\v120\\runtime\\remote_bridge\\state\\remote_state.json.tmp' -> 'D:\\GIT\\okx-trading-bot\\v12x\\v120\\runtime\\remote_bridge\\state\\remote_state.json'
2026-03-30 10:27:09,784 | ERROR | remote_control | controller:write_state:62 | remote_state_write_failed
Traceback (most recent call last):
  File "D:\GIT\okx-trading-bot\v12x\v120\remote_control\controller.py", line 60, in write_state
    self.bridge.write_state(payload)
    ~~~~~~~~~~~~~~~~~~~~~~~^^^^^^^^^
  File "D:\GIT\okx-trading-bot\v12x\v120\remote_control\bridge.py", line 23, in write_state
    tmp.replace(target)
    ~~~~~~~~~~~^^^^^^^^
  File "C:\Users\Home\AppData\Local\Python\pythoncore-3.14-64\Lib\pathlib\__init__.py", line 1091, in replace
    os.replace(self, target)
    ~~~~~~~~~~^^^^^^^^^^^^^^
PermissionError: [WinError 5] Отказано в доступе: 'D:\\GIT\\okx-trading-bot\\v12x\\v120\\runtime\\remote_bridge\\state\\remote_state.json.tmp' -> 'D:\\GIT\\okx-trading-bot\\v12x\\v120\\runtime\\remote_bridge\\state\\remote_state.json'
2026-03-30 10:30:50,262 | ERROR | remote_control | controller:write_state:62 | remote_state_write_failed
Traceback (most recent call last):
  File "D:\GIT\okx-trading-bot\v12x\v120\remote_control\controller.py", line 60, in write_state
    self.bridge.write_state(payload)
    ~~~~~~~~~~~~~~~~~~~~~~~^^^^^^^^^
  File "D:\GIT\okx-trading-bot\v12x\v120\remote_control\bridge.py", line 23, in write_state
    tmp.replace(target)
    ~~~~~~~~~~~^^^^^^^^
  File "C:\Users\Home\AppData\Local\Python\pythoncore-3.14-64\Lib\pathlib\__init__.py", line 1091, in replace
    os.replace(self, target)
    ~~~~~~~~~~^^^^^^^^^^^^^^
PermissionError: [WinError 5] Отказано в доступе: 'D:\\GIT\\okx-trading-bot\\v12x\\v120\\runtime\\remote_bridge\\state\\remote_state.json.tmp' -> 'D:\\GIT\\okx-trading-bot\\v12x\\v120\\runtime\\remote_bridge\\state\\remote_state.json'
2026-03-30 10:35:52,346 | ERROR | websocket | _logging:error:77 | Connection to remote host was lost. - goodbye
2026-03-30 10:41:51,722 | ERROR | websocket | _logging:error:77 | Connection to remote host was lost. - goodbye
2026-03-30 10:45:48,777 | ERROR | remote_control | controller:write_state:62 | remote_state_write_failed
Traceback (most recent call last):
  File "D:\GIT\okx-trading-bot\v12x\v120\remote_control\controller.py", line 60, in write_state
    self.bridge.write_state(payload)
    ~~~~~~~~~~~~~~~~~~~~~~~^^^^^^^^^
  File "D:\GIT\okx-trading-bot\v12x\v120\remote_control\bridge.py", line 23, in write_state
    tmp.replace(target)
    ~~~~~~~~~~~^^^^^^^^
  File "C:\Users\Home\AppData\Local\Python\pythoncore-3.14-64\Lib\pathlib\__init__.py", line 1091, in replace
    os.replace(self, target)
    ~~~~~~~~~~^^^^^^^^^^^^^^
PermissionError: [WinError 5] Отказано в доступе: 'D:\\GIT\\okx-trading-bot\\v12x\\v120\\runtime\\remote_bridge\\state\\remote_state.json.tmp' -> 'D:\\GIT\\okx-trading-bot\\v12x\\v120\\runtime\\remote_bridge\\state\\remote_state.json'
2026-03-30 10:49:41,310 | ERROR | remote_control | controller:write_state:62 | remote_state_write_failed
Traceback (most recent call last):
  File "D:\GIT\okx-trading-bot\v12x\v120\remote_control\controller.py", line 60, in write_state
    self.bridge.write_state(payload)
    ~~~~~~~~~~~~~~~~~~~~~~~^^^^^^^^^
  File "D:\GIT\okx-trading-bot\v12x\v120\remote_control\bridge.py", line 23, in write_state
    tmp.replace(target)
    ~~~~~~~~~~~^^^^^^^^
  File "C:\Users\Home\AppData\Local\Python\pythoncore-3.14-64\Lib\pathlib\__init__.py", line 1091, in replace
    os.replace(self, target)
    ~~~~~~~~~~^^^^^^^^^^^^^^
PermissionError: [WinError 5] Отказано в доступе: 'D:\\GIT\\okx-trading-bot\\v12x\\v120\\runtime\\remote_bridge\\state\\remote_state.json.tmp' -> 'D:\\GIT\\okx-trading-bot\\v12x\\v120\\runtime\\remote_bridge\\state\\remote_state.json'
2026-03-30 10:51:13,139 | ERROR | websocket | _logging:error:77 | ping/pong timed out - goodbye
2026-03-30 10:53:27,794 | ERROR | remote_control | controller:write_state:62 | remote_state_write_failed
Traceback (most recent call last):
  File "D:\GIT\okx-trading-bot\v12x\v120\remote_control\controller.py", line 60, in write_state
    self.bridge.write_state(payload)
    ~~~~~~~~~~~~~~~~~~~~~~~^^^^^^^^^
  File "D:\GIT\okx-trading-bot\v12x\v120\remote_control\bridge.py", line 23, in write_state
    tmp.replace(target)
    ~~~~~~~~~~~^^^^^^^^
  File "C:\Users\Home\AppData\Local\Python\pythoncore-3.14-64\Lib\pathlib\__init__.py", line 1091, in replace
    os.replace(self, target)
    ~~~~~~~~~~^^^^^^^^^^^^^^
PermissionError: [WinError 5] Отказано в доступе: 'D:\\GIT\\okx-trading-bot\\v12x\\v120\\runtime\\remote_bridge\\state\\remote_state.json.tmp' -> 'D:\\GIT\\okx-trading-bot\\v12x\\v120\\runtime\\remote_bridge\\state\\remote_state.json'
2026-03-30 10:57:09,797 | ERROR | remote_control | controller:write_state:62 | remote_state_write_failed
Traceback (most recent call last):
  File "D:\GIT\okx-trading-bot\v12x\v120\remote_control\controller.py", line 60, in write_state
    self.bridge.write_state(payload)
    ~~~~~~~~~~~~~~~~~~~~~~~^^^^^^^^^
  File "D:\GIT\okx-trading-bot\v12x\v120\remote_control\bridge.py", line 23, in write_state
    tmp.replace(target)
    ~~~~~~~~~~~^^^^^^^^
  File "C:\Users\Home\AppData\Local\Python\pythoncore-3.14-64\Lib\pathlib\__init__.py", line 1091, in replace
    os.replace(self, target)
    ~~~~~~~~~~^^^^^^^^^^^^^^
PermissionError: [WinError 5] Отказано в доступе: 'D:\\GIT\\okx-trading-bot\\v12x\\v120\\runtime\\remote_bridge\\state\\remote_state.json.tmp' -> 'D:\\GIT\\okx-trading-bot\\v12x\\v120\\runtime\\remote_bridge\\state\\remote_state.json'
2026-03-30 11:12:15,784 | ERROR | remote_control | controller:write_state:62 | remote_state_write_failed
Traceback (most recent call last):
  File "D:\GIT\okx-trading-bot\v12x\v120\remote_control\controller.py", line 60, in write_state
    self.bridge.write_state(payload)
    ~~~~~~~~~~~~~~~~~~~~~~~^^^^^^^^^
  File "D:\GIT\okx-trading-bot\v12x\v120\remote_control\bridge.py", line 23, in write_state
    tmp.replace(target)
    ~~~~~~~~~~~^^^^^^^^
  File "C:\Users\Home\AppData\Local\Python\pythoncore-3.14-64\Lib\pathlib\__init__.py", line 1091, in replace
    os.replace(self, target)
    ~~~~~~~~~~^^^^^^^^^^^^^^
PermissionError: [WinError 5] Отказано в доступе: 'D:\\GIT\\okx-trading-bot\\v12x\\v120\\runtime\\remote_bridge\\state\\remote_state.json.tmp' -> 'D:\\GIT\\okx-trading-bot\\v12x\\v120\\runtime\\remote_bridge\\state\\remote_state.json'
2026-03-30 11:16:00,775 | ERROR | remote_control | controller:write_state:62 | remote_state_write_failed
Traceback (most recent call last):
  File "D:\GIT\okx-trading-bot\v12x\v120\remote_control\controller.py", line 60, in write_state
    self.bridge.write_state(payload)
    ~~~~~~~~~~~~~~~~~~~~~~~^^^^^^^^^
  File "D:\GIT\okx-trading-bot\v12x\v120\remote_control\bridge.py", line 23, in write_state
    tmp.replace(target)
    ~~~~~~~~~~~^^^^^^^^
  File "C:\Users\Home\AppData\Local\Python\pythoncore-3.14-64\Lib\pathlib\__init__.py", line 1091, in replace
    os.replace(self, target)
    ~~~~~~~~~~^^^^^^^^^^^^^^
PermissionError: [WinError 5] Отказано в доступе: 'D:\\GIT\\okx-trading-bot\\v12x\\v120\\runtime\\remote_bridge\\state\\remote_state.json.tmp' -> 'D:\\GIT\\okx-trading-bot\\v12x\\v120\\runtime\\remote_bridge\\state\\remote_state.json'
2026-03-30 11:19:45,765 | ERROR | remote_control | controller:write_state:62 | remote_state_write_failed
Traceback (most recent call last):
  File "D:\GIT\okx-trading-bot\v12x\v120\remote_control\controller.py", line 60, in write_state
    self.bridge.write_state(payload)
    ~~~~~~~~~~~~~~~~~~~~~~~^^^^^^^^^
  File "D:\GIT\okx-trading-bot\v12x\v120\remote_control\bridge.py", line 23, in write_state
    tmp.replace(target)
    ~~~~~~~~~~~^^^^^^^^
  File "C:\Users\Home\AppData\Local\Python\pythoncore-3.14-64\Lib\pathlib\__init__.py", line 1091, in replace
    os.replace(self, target)
    ~~~~~~~~~~^^^^^^^^^^^^^^
PermissionError: [WinError 5] Отказано в доступе: 'D:\\GIT\\okx-trading-bot\\v12x\\v120\\runtime\\remote_bridge\\state\\remote_state.json.tmp' -> 'D:\\GIT\\okx-trading-bot\\v12x\\v120\\runtime\\remote_bridge\\state\\remote_state.json'
2026-03-30 11:27:18,785 | ERROR | remote_control | controller:write_state:62 | remote_state_write_failed
Traceback (most recent call last):
  File "D:\GIT\okx-trading-bot\v12x\v120\remote_control\controller.py", line 60, in write_state
    self.bridge.write_state(payload)
    ~~~~~~~~~~~~~~~~~~~~~~~^^^^^^^^^
  File "D:\GIT\okx-trading-bot\v12x\v120\remote_control\bridge.py", line 23, in write_state
    tmp.replace(target)
    ~~~~~~~~~~~^^^^^^^^
  File "C:\Users\Home\AppData\Local\Python\pythoncore-3.14-64\Lib\pathlib\__init__.py", line 1091, in replace
    os.replace(self, target)
    ~~~~~~~~~~^^^^^^^^^^^^^^
PermissionError: [WinError 5] Отказано в доступе: 'D:\\GIT\\okx-trading-bot\\v12x\\v120\\runtime\\remote_bridge\\state\\remote_state.json.tmp' -> 'D:\\GIT\\okx-trading-bot\\v12x\\v120\\runtime\\remote_bridge\\state\\remote_state.json'
2026-03-30 11:34:41,254 | ERROR | remote_control | controller:write_state:62 | remote_state_write_failed
Traceback (most recent call last):
  File "D:\GIT\okx-trading-bot\v12x\v120\remote_control\controller.py", line 60, in write_state
    self.bridge.write_state(payload)
    ~~~~~~~~~~~~~~~~~~~~~~~^^^^^^^^^
  File "D:\GIT\okx-trading-bot\v12x\v120\remote_control\bridge.py", line 23, in write_state
    tmp.replace(target)
    ~~~~~~~~~~~^^^^^^^^
  File "C:\Users\Home\AppData\Local\Python\pythoncore-3.14-64\Lib\pathlib\__init__.py", line 1091, in replace
    os.replace(self, target)
    ~~~~~~~~~~^^^^^^^^^^^^^^
PermissionError: [WinError 5] Отказано в доступе: 'D:\\GIT\\okx-trading-bot\\v12x\\v120\\runtime\\remote_bridge\\state\\remote_state.json.tmp' -> 'D:\\GIT\\okx-trading-bot\\v12x\\v120\\runtime\\remote_bridge\\state\\remote_state.json'
2026-03-30 11:46:00,764 | ERROR | remote_control | controller:write_state:62 | remote_state_write_failed
Traceback (most recent call last):
  File "D:\GIT\okx-trading-bot\v12x\v120\remote_control\controller.py", line 60, in write_state
    self.bridge.write_state(payload)
    ~~~~~~~~~~~~~~~~~~~~~~~^^^^^^^^^
  File "D:\GIT\okx-trading-bot\v12x\v120\remote_control\bridge.py", line 23, in write_state
    tmp.replace(target)
    ~~~~~~~~~~~^^^^^^^^
  File "C:\Users\Home\AppData\Local\Python\pythoncore-3.14-64\Lib\pathlib\__init__.py", line 1091, in replace
    os.replace(self, target)
    ~~~~~~~~~~^^^^^^^^^^^^^^
PermissionError: [WinError 5] Отказано в доступе: 'D:\\GIT\\okx-trading-bot\\v12x\\v120\\runtime\\remote_bridge\\state\\remote_state.json.tmp' -> 'D:\\GIT\\okx-trading-bot\\v12x\\v120\\runtime\\remote_bridge\\state\\remote_state.json'
2026-03-30 11:57:23,312 | ERROR | remote_control | controller:write_state:62 | remote_state_write_failed
Traceback (most recent call last):
  File "D:\GIT\okx-trading-bot\v12x\v120\remote_control\controller.py", line 60, in write_state
    self.bridge.write_state(payload)
    ~~~~~~~~~~~~~~~~~~~~~~~^^^^^^^^^
  File "D:\GIT\okx-trading-bot\v12x\v120\remote_control\bridge.py", line 23, in write_state
    tmp.replace(target)
    ~~~~~~~~~~~^^^^^^^^
  File "C:\Users\Home\AppData\Local\Python\pythoncore-3.14-64\Lib\pathlib\__init__.py", line 1091, in replace
    os.replace(self, target)
    ~~~~~~~~~~^^^^^^^^^^^^^^
PermissionError: [WinError 5] Отказано в доступе: 'D:\\GIT\\okx-trading-bot\\v12x\\v120\\runtime\\remote_bridge\\state\\remote_state.json.tmp' -> 'D:\\GIT\\okx-trading-bot\\v12x\\v120\\runtime\\remote_bridge\\state\\remote_state.json'
2026-03-30 12:01:03,766 | ERROR | remote_control | controller:write_state:62 | remote_state_write_failed
Traceback (most recent call last):
  File "D:\GIT\okx-trading-bot\v12x\v120\remote_control\controller.py", line 60, in write_state
    self.bridge.write_state(payload)
    ~~~~~~~~~~~~~~~~~~~~~~~^^^^^^^^^
  File "D:\GIT\okx-trading-bot\v12x\v120\remote_control\bridge.py", line 23, in write_state
    tmp.replace(target)
    ~~~~~~~~~~~^^^^^^^^
  File "C:\Users\Home\AppData\Local\Python\pythoncore-3.14-64\Lib\pathlib\__init__.py", line 1091, in replace
    os.replace(self, target)
    ~~~~~~~~~~^^^^^^^^^^^^^^
PermissionError: [WinError 5] Отказано в доступе: 'D:\\GIT\\okx-trading-bot\\v12x\\v120\\runtime\\remote_bridge\\state\\remote_state.json.tmp' -> 'D:\\GIT\\okx-trading-bot\\v12x\\v120\\runtime\\remote_bridge\\state\\remote_state.json'
2026-03-30 12:04:47,242 | ERROR | remote_control | controller:write_state:62 | remote_state_write_failed
Traceback (most recent call last):
  File "D:\GIT\okx-trading-bot\v12x\v120\remote_control\controller.py", line 60, in write_state
    self.bridge.write_state(payload)
    ~~~~~~~~~~~~~~~~~~~~~~~^^^^^^^^^
  File "D:\GIT\okx-trading-bot\v12x\v120\remote_control\bridge.py", line 23, in write_state
    tmp.replace(target)
    ~~~~~~~~~~~^^^^^^^^
  File "C:\Users\Home\AppData\Local\Python\pythoncore-3.14-64\Lib\pathlib\__init__.py", line 1091, in replace
    os.replace(self, target)
    ~~~~~~~~~~^^^^^^^^^^^^^^
PermissionError: [WinError 5] Отказано в доступе: 'D:\\GIT\\okx-trading-bot\\v12x\\v120\\runtime\\remote_bridge\\state\\remote_state.json.tmp' -> 'D:\\GIT\\okx-trading-bot\\v12x\\v120\\runtime\\remote_bridge\\state\\remote_state.json'
2026-03-30 12:12:00,631 | ERROR | remote_control | controller:write_state:62 | remote_state_write_failed
Traceback (most recent call last):
  File "D:\GIT\okx-trading-bot\v12x\v120\remote_control\controller.py", line 60, in write_state
    self.bridge.write_state(payload)
    ~~~~~~~~~~~~~~~~~~~~~~~^^^^^^^^^
  File "D:\GIT\okx-trading-bot\v12x\v120\remote_control\bridge.py", line 23, in write_state
    tmp.replace(target)
    ~~~~~~~~~~~^^^^^^^^
  File "C:\Users\Home\AppData\Local\Python\pythoncore-3.14-64\Lib\pathlib\__init__.py", line 1091, in replace
    os.replace(self, target)
    ~~~~~~~~~~^^^^^^^^^^^^^^
PermissionError: [WinError 5] Отказано в доступе: 'D:\\GIT\\okx-trading-bot\\v12x\\v120\\runtime\\remote_bridge\\state\\remote_state.json.tmp' -> 'D:\\GIT\\okx-trading-bot\\v12x\\v120\\runtime\\remote_bridge\\state\\remote_state.json'
2026-03-30 12:22:42,452 | ERROR | remote_control | controller:write_state:62 | remote_state_write_failed
Traceback (most recent call last):
  File "D:\GIT\okx-trading-bot\v12x\v120\remote_control\controller.py", line 60, in write_state
    self.bridge.write_state(payload)
    ~~~~~~~~~~~~~~~~~~~~~~~^^^^^^^^^
  File "D:\GIT\okx-trading-bot\v12x\v120\remote_control\bridge.py", line 23, in write_state
    tmp.replace(target)
    ~~~~~~~~~~~^^^^^^^^
  File "C:\Users\Home\AppData\Local\Python\pythoncore-3.14-64\Lib\pathlib\__init__.py", line 1091, in replace
    os.replace(self, target)
    ~~~~~~~~~~^^^^^^^^^^^^^^
PermissionError: [WinError 5] Отказано в доступе: 'D:\\GIT\\okx-trading-bot\\v12x\\v120\\runtime\\remote_bridge\\state\\remote_state.json.tmp' -> 'D:\\GIT\\okx-trading-bot\\v12x\\v120\\runtime\\remote_bridge\\state\\remote_state.json'
2026-03-30 12:22:45,462 | ERROR | remote_control | controller:write_state:62 | remote_state_write_failed
Traceback (most recent call last):
  File "D:\GIT\okx-trading-bot\v12x\v120\remote_control\controller.py", line 60, in write_state
    self.bridge.write_state(payload)
    ~~~~~~~~~~~~~~~~~~~~~~~^^^^^^^^^
  File "D:\GIT\okx-trading-bot\v12x\v120\remote_control\bridge.py", line 23, in write_state
    tmp.replace(target)
    ~~~~~~~~~~~^^^^^^^^
  File "C:\Users\Home\AppData\Local\Python\pythoncore-3.14-64\Lib\pathlib\__init__.py", line 1091, in replace
    os.replace(self, target)
    ~~~~~~~~~~^^^^^^^^^^^^^^
PermissionError: [WinError 5] Отказано в доступе: 'D:\\GIT\\okx-trading-bot\\v12x\\v120\\runtime\\remote_bridge\\state\\remote_state.json.tmp' -> 'D:\\GIT\\okx-trading-bot\\v12x\\v120\\runtime\\remote_bridge\\state\\remote_state.json'
2026-03-30 12:22:49,992 | ERROR | remote_control | controller:write_state:62 | remote_state_write_failed
Traceback (most recent call last):
  File "D:\GIT\okx-trading-bot\v12x\v120\remote_control\controller.py", line 60, in write_state
    self.bridge.write_state(payload)
    ~~~~~~~~~~~~~~~~~~~~~~~^^^^^^^^^
  File "D:\GIT\okx-trading-bot\v12x\v120\remote_control\bridge.py", line 23, in write_state
    tmp.replace(target)
    ~~~~~~~~~~~^^^^^^^^
  File "C:\Users\Home\AppData\Local\Python\pythoncore-3.14-64\Lib\pathlib\__init__.py", line 1091, in replace
    os.replace(self, target)
    ~~~~~~~~~~^^^^^^^^^^^^^^
PermissionError: [WinError 5] Отказано в доступе: 'D:\\GIT\\okx-trading-bot\\v12x\\v120\\runtime\\remote_bridge\\state\\remote_state.json.tmp' -> 'D:\\GIT\\okx-trading-bot\\v12x\\v120\\runtime\\remote_bridge\\state\\remote_state.json'
2026-03-30 12:31:38,557 | ERROR | websocket | _logging:error:77 | [WinError 10054] Удаленный хост принудительно разорвал существующее подключение - goodbye
2026-03-30 12:31:41,714 | ERROR | websocket | _logging:error:77 | [WinError 10054] Удаленный хост принудительно разорвал существующее подключение - goodbye
2026-03-30 12:37:15,261 | ERROR | remote_control | controller:write_state:62 | remote_state_write_failed
Traceback (most recent call last):
  File "D:\GIT\okx-trading-bot\v12x\v120\remote_control\controller.py", line 60, in write_state
    self.bridge.write_state(payload)
    ~~~~~~~~~~~~~~~~~~~~~~~^^^^^^^^^
  File "D:\GIT\okx-trading-bot\v12x\v120\remote_control\bridge.py", line 23, in write_state
    tmp.replace(target)
    ~~~~~~~~~~~^^^^^^^^
  File "C:\Users\Home\AppData\Local\Python\pythoncore-3.14-64\Lib\pathlib\__init__.py", line 1091, in replace
    os.replace(self, target)
    ~~~~~~~~~~^^^^^^^^^^^^^^
PermissionError: [WinError 5] Отказано в доступе: 'D:\\GIT\\okx-trading-bot\\v12x\\v120\\runtime\\remote_bridge\\state\\remote_state.json.tmp' -> 'D:\\GIT\\okx-trading-bot\\v12x\\v120\\runtime\\remote_bridge\\state\\remote_state.json'
2026-03-30 12:38:25,752 | ERROR | websocket | _logging:error:77 | [WinError 10054] Удаленный хост принудительно разорвал существующее подключение - goodbye
2026-03-30 12:38:26,025 | ERROR | websocket | _logging:error:77 | [WinError 10054] Удаленный хост принудительно разорвал существующее подключение - goodbye
2026-03-30 13:02:49,537 | ERROR | remote_control | controller:write_state:62 | remote_state_write_failed
Traceback (most recent call last):
  File "D:\GIT\okx-trading-bot\v12x\v120\remote_control\controller.py", line 60, in write_state
    self.bridge.write_state(payload)
    ~~~~~~~~~~~~~~~~~~~~~~~^^^^^^^^^
  File "D:\GIT\okx-trading-bot\v12x\v120\remote_control\bridge.py", line 23, in write_state
    tmp.replace(target)
    ~~~~~~~~~~~^^^^^^^^
  File "C:\Users\Home\AppData\Local\Python\pythoncore-3.14-64\Lib\pathlib\__init__.py", line 1091, in replace
    os.replace(self, target)
    ~~~~~~~~~~^^^^^^^^^^^^^^
PermissionError: [WinError 5] Отказано в доступе: 'D:\\GIT\\okx-trading-bot\\v12x\\v120\\runtime\\remote_bridge\\state\\remote_state.json.tmp' -> 'D:\\GIT\\okx-trading-bot\\v12x\\v120\\runtime\\remote_bridge\\state\\remote_state.json'
2026-03-30 13:06:28,515 | ERROR | remote_control | controller:write_state:62 | remote_state_write_failed
Traceback (most recent call last):
  File "D:\GIT\okx-trading-bot\v12x\v120\remote_control\controller.py", line 60, in write_state
    self.bridge.write_state(payload)
    ~~~~~~~~~~~~~~~~~~~~~~~^^^^^^^^^
  File "D:\GIT\okx-trading-bot\v12x\v120\remote_control\bridge.py", line 23, in write_state
    tmp.replace(target)
    ~~~~~~~~~~~^^^^^^^^
  File "C:\Users\Home\AppData\Local\Python\pythoncore-3.14-64\Lib\pathlib\__init__.py", line 1091, in replace
    os.replace(self, target)
    ~~~~~~~~~~^^^^^^^^^^^^^^
PermissionError: [WinError 5] Отказано в доступе: 'D:\\GIT\\okx-trading-bot\\v12x\\v120\\runtime\\remote_bridge\\state\\remote_state.json.tmp' -> 'D:\\GIT\\okx-trading-bot\\v12x\\v120\\runtime\\remote_bridge\\state\\remote_state.json'
2026-03-30 13:10:22,548 | ERROR | remote_control | controller:write_state:62 | remote_state_write_failed
Traceback (most recent call last):
  File "D:\GIT\okx-trading-bot\v12x\v120\remote_control\controller.py", line 60, in write_state
    self.bridge.write_state(payload)
    ~~~~~~~~~~~~~~~~~~~~~~~^^^^^^^^^
  File "D:\GIT\okx-trading-bot\v12x\v120\remote_control\bridge.py", line 23, in write_state
    tmp.replace(target)
    ~~~~~~~~~~~^^^^^^^^
  File "C:\Users\Home\AppData\Local\Python\pythoncore-3.14-64\Lib\pathlib\__init__.py", line 1091, in replace
    os.replace(self, target)
    ~~~~~~~~~~^^^^^^^^^^^^^^
PermissionError: [WinError 5] Отказано в доступе: 'D:\\GIT\\okx-trading-bot\\v12x\\v120\\runtime\\remote_bridge\\state\\remote_state.json.tmp' -> 'D:\\GIT\\okx-trading-bot\\v12x\\v120\\runtime\\remote_bridge\\state\\remote_state.json'
2026-03-30 13:14:01,523 | ERROR | remote_control | controller:write_state:62 | remote_state_write_failed
Traceback (most recent call last):
  File "D:\GIT\okx-trading-bot\v12x\v120\remote_control\controller.py", line 60, in write_state
    self.bridge.write_state(payload)
    ~~~~~~~~~~~~~~~~~~~~~~~^^^^^^^^^
  File "D:\GIT\okx-trading-bot\v12x\v120\remote_control\bridge.py", line 23, in write_state
    tmp.replace(target)
    ~~~~~~~~~~~^^^^^^^^
  File "C:\Users\Home\AppData\Local\Python\pythoncore-3.14-64\Lib\pathlib\__init__.py", line 1091, in replace
    os.replace(self, target)
    ~~~~~~~~~~^^^^^^^^^^^^^^
PermissionError: [WinError 5] Отказано в доступе: 'D:\\GIT\\okx-trading-bot\\v12x\\v120\\runtime\\remote_bridge\\state\\remote_state.json.tmp' -> 'D:\\GIT\\okx-trading-bot\\v12x\\v120\\runtime\\remote_bridge\\state\\remote_state.json'
2026-03-30 13:21:10,417 | ERROR | remote_control | controller:write_state:62 | remote_state_write_failed
Traceback (most recent call last):
  File "D:\GIT\okx-trading-bot\v12x\v120\remote_control\controller.py", line 60, in write_state
    self.bridge.write_state(payload)
    ~~~~~~~~~~~~~~~~~~~~~~~^^^^^^^^^
  File "D:\GIT\okx-trading-bot\v12x\v120\remote_control\bridge.py", line 23, in write_state
    tmp.replace(target)
    ~~~~~~~~~~~^^^^^^^^
  File "C:\Users\Home\AppData\Local\Python\pythoncore-3.14-64\Lib\pathlib\__init__.py", line 1091, in replace
    os.replace(self, target)
    ~~~~~~~~~~^^^^^^^^^^^^^^
PermissionError: [WinError 5] Отказано в доступе: 'D:\\GIT\\okx-trading-bot\\v12x\\v120\\runtime\\remote_bridge\\state\\remote_state.json.tmp' -> 'D:\\GIT\\okx-trading-bot\\v12x\\v120\\runtime\\remote_bridge\\state\\remote_state.json'
2026-03-30 13:24:43,264 | ERROR | websocket | _logging:error:77 | [WinError 10054] Удаленный хост принудительно разорвал существующее подключение - goodbye
2026-03-30 13:24:56,933 | ERROR | remote_control | controller:write_state:62 | remote_state_write_failed
Traceback (most recent call last):
  File "D:\GIT\okx-trading-bot\v12x\v120\remote_control\controller.py", line 60, in write_state
    self.bridge.write_state(payload)
    ~~~~~~~~~~~~~~~~~~~~~~~^^^^^^^^^
  File "D:\GIT\okx-trading-bot\v12x\v120\remote_control\bridge.py", line 23, in write_state
    tmp.replace(target)
    ~~~~~~~~~~~^^^^^^^^
  File "C:\Users\Home\AppData\Local\Python\pythoncore-3.14-64\Lib\pathlib\__init__.py", line 1091, in replace
    os.replace(self, target)
    ~~~~~~~~~~^^^^^^^^^^^^^^
PermissionError: [WinError 5] Отказано в доступе: 'D:\\GIT\\okx-trading-bot\\v12x\\v120\\runtime\\remote_bridge\\state\\remote_state.json.tmp' -> 'D:\\GIT\\okx-trading-bot\\v12x\\v120\\runtime\\remote_bridge\\state\\remote_state.json'
2026-03-30 13:28:31,396 | ERROR | remote_control | controller:write_state:62 | remote_state_write_failed
Traceback (most recent call last):
  File "D:\GIT\okx-trading-bot\v12x\v120\remote_control\controller.py", line 60, in write_state
    self.bridge.write_state(payload)
    ~~~~~~~~~~~~~~~~~~~~~~~^^^^^^^^^
  File "D:\GIT\okx-trading-bot\v12x\v120\remote_control\bridge.py", line 23, in write_state
    tmp.replace(target)
    ~~~~~~~~~~~^^^^^^^^
  File "C:\Users\Home\AppData\Local\Python\pythoncore-3.14-64\Lib\pathlib\__init__.py", line 1091, in replace
    os.replace(self, target)
    ~~~~~~~~~~^^^^^^^^^^^^^^
PermissionError: [WinError 5] Отказано в доступе: 'D:\\GIT\\okx-trading-bot\\v12x\\v120\\runtime\\remote_bridge\\state\\remote_state.json.tmp' -> 'D:\\GIT\\okx-trading-bot\\v12x\\v120\\runtime\\remote_bridge\\state\\remote_state.json'
2026-03-30 13:28:35,918 | ERROR | remote_control | controller:write_state:62 | remote_state_write_failed
Traceback (most recent call last):
  File "D:\GIT\okx-trading-bot\v12x\v120\remote_control\controller.py", line 60, in write_state
    self.bridge.write_state(payload)
    ~~~~~~~~~~~~~~~~~~~~~~~^^^^^^^^^
  File "D:\GIT\okx-trading-bot\v12x\v120\remote_control\bridge.py", line 23, in write_state
    tmp.replace(target)
    ~~~~~~~~~~~^^^^^^^^
  File "C:\Users\Home\AppData\Local\Python\pythoncore-3.14-64\Lib\pathlib\__init__.py", line 1091, in replace
    os.replace(self, target)
    ~~~~~~~~~~^^^^^^^^^^^^^^
PermissionError: [WinError 5] Отказано в доступе: 'D:\\GIT\\okx-trading-bot\\v12x\\v120\\runtime\\remote_bridge\\state\\remote_state.json.tmp' -> 'D:\\GIT\\okx-trading-bot\\v12x\\v120\\runtime\\remote_bridge\\state\\remote_state.json'
2026-03-30 13:39:35,856 | ERROR | remote_control | controller:write_state:62 | remote_state_write_failed
Traceback (most recent call last):
  File "D:\GIT\okx-trading-bot\v12x\v120\remote_control\controller.py", line 60, in write_state
    self.bridge.write_state(payload)
    ~~~~~~~~~~~~~~~~~~~~~~~^^^^^^^^^
  File "D:\GIT\okx-trading-bot\v12x\v120\remote_control\bridge.py", line 23, in write_state
    tmp.replace(target)
    ~~~~~~~~~~~^^^^^^^^
  File "C:\Users\Home\AppData\Local\Python\pythoncore-3.14-64\Lib\pathlib\__init__.py", line 1091, in replace
    os.replace(self, target)
    ~~~~~~~~~~^^^^^^^^^^^^^^
PermissionError: [WinError 5] Отказано в доступе: 'D:\\GIT\\okx-trading-bot\\v12x\\v120\\runtime\\remote_bridge\\state\\remote_state.json.tmp' -> 'D:\\GIT\\okx-trading-bot\\v12x\\v120\\runtime\\remote_bridge\\state\\remote_state.json'
2026-03-30 13:43:17,849 | ERROR | remote_control | controller:write_state:62 | remote_state_write_failed
Traceback (most recent call last):
  File "D:\GIT\okx-trading-bot\v12x\v120\remote_control\controller.py", line 60, in write_state
    self.bridge.write_state(payload)
    ~~~~~~~~~~~~~~~~~~~~~~~^^^^^^^^^
  File "D:\GIT\okx-trading-bot\v12x\v120\remote_control\bridge.py", line 23, in write_state
    tmp.replace(target)
    ~~~~~~~~~~~^^^^^^^^
  File "C:\Users\Home\AppData\Local\Python\pythoncore-3.14-64\Lib\pathlib\__init__.py", line 1091, in replace
    os.replace(self, target)
    ~~~~~~~~~~^^^^^^^^^^^^^^
PermissionError: [WinError 5] Отказано в доступе: 'D:\\GIT\\okx-trading-bot\\v12x\\v120\\runtime\\remote_bridge\\state\\remote_state.json.tmp' -> 'D:\\GIT\\okx-trading-bot\\v12x\\v120\\runtime\\remote_bridge\\state\\remote_state.json'
2026-03-30 13:46:59,832 | ERROR | remote_control | controller:write_state:62 | remote_state_write_failed
Traceback (most recent call last):
  File "D:\GIT\okx-trading-bot\v12x\v120\remote_control\controller.py", line 60, in write_state
    self.bridge.write_state(payload)
    ~~~~~~~~~~~~~~~~~~~~~~~^^^^^^^^^
  File "D:\GIT\okx-trading-bot\v12x\v120\remote_control\bridge.py", line 23, in write_state
    tmp.replace(target)
    ~~~~~~~~~~~^^^^^^^^
  File "C:\Users\Home\AppData\Local\Python\pythoncore-3.14-64\Lib\pathlib\__init__.py", line 1091, in replace
    os.replace(self, target)
    ~~~~~~~~~~^^^^^^^^^^^^^^
PermissionError: [WinError 5] Отказано в доступе: 'D:\\GIT\\okx-trading-bot\\v12x\\v120\\runtime\\remote_bridge\\state\\remote_state.json.tmp' -> 'D:\\GIT\\okx-trading-bot\\v12x\\v120\\runtime\\remote_bridge\\state\\remote_state.json'
2026-03-30 14:27:40,215 | ERROR | remote_control | controller:write_state:62 | remote_state_write_failed
Traceback (most recent call last):
  File "D:\GIT\okx-trading-bot\v12x\v120\remote_control\controller.py", line 60, in write_state
    self.bridge.write_state(payload)
    ~~~~~~~~~~~~~~~~~~~~~~~^^^^^^^^^
  File "D:\GIT\okx-trading-bot\v12x\v120\remote_control\bridge.py", line 23, in write_state
    tmp.replace(target)
    ~~~~~~~~~~~^^^^^^^^
  File "C:\Users\Home\AppData\Local\Python\pythoncore-3.14-64\Lib\pathlib\__init__.py", line 1091, in replace
    os.replace(self, target)
    ~~~~~~~~~~^^^^^^^^^^^^^^
PermissionError: [WinError 5] Отказано в доступе: 'D:\\GIT\\okx-trading-bot\\v12x\\v120\\runtime\\remote_bridge\\state\\remote_state.json.tmp' -> 'D:\\GIT\\okx-trading-bot\\v12x\\v120\\runtime\\remote_bridge\\state\\remote_state.json'
2026-03-30 14:31:26,703 | ERROR | remote_control | controller:write_state:62 | remote_state_write_failed
Traceback (most recent call last):
  File "D:\GIT\okx-trading-bot\v12x\v120\remote_control\controller.py", line 60, in write_state
    self.bridge.write_state(payload)
    ~~~~~~~~~~~~~~~~~~~~~~~^^^^^^^^^
  File "D:\GIT\okx-trading-bot\v12x\v120\remote_control\bridge.py", line 23, in write_state
    tmp.replace(target)
    ~~~~~~~~~~~^^^^^^^^
  File "C:\Users\Home\AppData\Local\Python\pythoncore-3.14-64\Lib\pathlib\__init__.py", line 1091, in replace
    os.replace(self, target)
    ~~~~~~~~~~^^^^^^^^^^^^^^
PermissionError: [WinError 5] Отказано в доступе: 'D:\\GIT\\okx-trading-bot\\v12x\\v120\\runtime\\remote_bridge\\state\\remote_state.json.tmp' -> 'D:\\GIT\\okx-trading-bot\\v12x\\v120\\runtime\\remote_bridge\\state\\remote_state.json'
2026-03-30 14:31:31,226 | ERROR | remote_control | controller:write_state:62 | remote_state_write_failed
Traceback (most recent call last):
  File "D:\GIT\okx-trading-bot\v12x\v120\remote_control\controller.py", line 60, in write_state
    self.bridge.write_state(payload)
    ~~~~~~~~~~~~~~~~~~~~~~~^^^^^^^^^
  File "D:\GIT\okx-trading-bot\v12x\v120\remote_control\bridge.py", line 23, in write_state
    tmp.replace(target)
    ~~~~~~~~~~~^^^^^^^^
  File "C:\Users\Home\AppData\Local\Python\pythoncore-3.14-64\Lib\pathlib\__init__.py", line 1091, in replace
    os.replace(self, target)
    ~~~~~~~~~~^^^^^^^^^^^^^^
PermissionError: [WinError 5] Отказано в доступе: 'D:\\GIT\\okx-trading-bot\\v12x\\v120\\runtime\\remote_bridge\\state\\remote_state.json.tmp' -> 'D:\\GIT\\okx-trading-bot\\v12x\\v120\\runtime\\remote_bridge\\state\\remote_state.json'
2026-03-30 14:35:11,693 | ERROR | remote_control | controller:write_state:62 | remote_state_write_failed
Traceback (most recent call last):
  File "D:\GIT\okx-trading-bot\v12x\v120\remote_control\controller.py", line 60, in write_state
    self.bridge.write_state(payload)
    ~~~~~~~~~~~~~~~~~~~~~~~^^^^^^^^^
  File "D:\GIT\okx-trading-bot\v12x\v120\remote_control\bridge.py", line 23, in write_state
    tmp.replace(target)
    ~~~~~~~~~~~^^^^^^^^
  File "C:\Users\Home\AppData\Local\Python\pythoncore-3.14-64\Lib\pathlib\__init__.py", line 1091, in replace
    os.replace(self, target)
    ~~~~~~~~~~^^^^^^^^^^^^^^
PermissionError: [WinError 5] Отказано в доступе: 'D:\\GIT\\okx-trading-bot\\v12x\\v120\\runtime\\remote_bridge\\state\\remote_state.json.tmp' -> 'D:\\GIT\\okx-trading-bot\\v12x\\v120\\runtime\\remote_bridge\\state\\remote_state.json'
2026-03-30 14:38:49,225 | ERROR | websocket | _logging:error:77 | __init__() should return None, not 'NoneType' - goodbye
2026-03-30 14:42:43,215 | ERROR | remote_control | controller:write_state:62 | remote_state_write_failed
Traceback (most recent call last):
  File "D:\GIT\okx-trading-bot\v12x\v120\remote_control\controller.py", line 60, in write_state
    self.bridge.write_state(payload)
    ~~~~~~~~~~~~~~~~~~~~~~~^^^^^^^^^
  File "D:\GIT\okx-trading-bot\v12x\v120\remote_control\bridge.py", line 23, in write_state
    tmp.replace(target)
    ~~~~~~~~~~~^^^^^^^^
  File "C:\Users\Home\AppData\Local\Python\pythoncore-3.14-64\Lib\pathlib\__init__.py", line 1091, in replace
    os.replace(self, target)
    ~~~~~~~~~~^^^^^^^^^^^^^^
PermissionError: [WinError 5] Отказано в доступе: 'D:\\GIT\\okx-trading-bot\\v12x\\v120\\runtime\\remote_bridge\\state\\remote_state.json.tmp' -> 'D:\\GIT\\okx-trading-bot\\v12x\\v120\\runtime\\remote_bridge\\state\\remote_state.json'
2026-03-30 14:46:22,170 | ERROR | remote_control | controller:write_state:62 | remote_state_write_failed
Traceback (most recent call last):
  File "D:\GIT\okx-trading-bot\v12x\v120\remote_control\controller.py", line 60, in write_state
    self.bridge.write_state(payload)
    ~~~~~~~~~~~~~~~~~~~~~~~^^^^^^^^^
  File "D:\GIT\okx-trading-bot\v12x\v120\remote_control\bridge.py", line 23, in write_state
    tmp.replace(target)
    ~~~~~~~~~~~^^^^^^^^
  File "C:\Users\Home\AppData\Local\Python\pythoncore-3.14-64\Lib\pathlib\__init__.py", line 1091, in replace
    os.replace(self, target)
    ~~~~~~~~~~^^^^^^^^^^^^^^
PermissionError: [WinError 5] Отказано в доступе: 'D:\\GIT\\okx-trading-bot\\v12x\\v120\\runtime\\remote_bridge\\state\\remote_state.json.tmp' -> 'D:\\GIT\\okx-trading-bot\\v12x\\v120\\runtime\\remote_bridge\\state\\remote_state.json'
2026-03-30 14:46:25,180 | ERROR | remote_control | controller:write_state:62 | remote_state_write_failed
Traceback (most recent call last):
  File "D:\GIT\okx-trading-bot\v12x\v120\remote_control\controller.py", line 60, in write_state
    self.bridge.write_state(payload)
    ~~~~~~~~~~~~~~~~~~~~~~~^^^^^^^^^
  File "D:\GIT\okx-trading-bot\v12x\v120\remote_control\bridge.py", line 23, in write_state
    tmp.replace(target)
    ~~~~~~~~~~~^^^^^^^^
  File "C:\Users\Home\AppData\Local\Python\pythoncore-3.14-64\Lib\pathlib\__init__.py", line 1091, in replace
    os.replace(self, target)
    ~~~~~~~~~~^^^^^^^^^^^^^^
PermissionError: [WinError 5] Отказано в доступе: 'D:\\GIT\\okx-trading-bot\\v12x\\v120\\runtime\\remote_bridge\\state\\remote_state.json.tmp' -> 'D:\\GIT\\okx-trading-bot\\v12x\\v120\\runtime\\remote_bridge\\state\\remote_state.json'
2026-03-30 14:46:28,190 | ERROR | remote_control | controller:write_state:62 | remote_state_write_failed
Traceback (most recent call last):
  File "D:\GIT\okx-trading-bot\v12x\v120\remote_control\controller.py", line 60, in write_state
    self.bridge.write_state(payload)
    ~~~~~~~~~~~~~~~~~~~~~~~^^^^^^^^^
  File "D:\GIT\okx-trading-bot\v12x\v120\remote_control\bridge.py", line 23, in write_state
    tmp.replace(target)
    ~~~~~~~~~~~^^^^^^^^
  File "C:\Users\Home\AppData\Local\Python\pythoncore-3.14-64\Lib\pathlib\__init__.py", line 1091, in replace
    os.replace(self, target)
    ~~~~~~~~~~^^^^^^^^^^^^^^
PermissionError: [WinError 5] Отказано в доступе: 'D:\\GIT\\okx-trading-bot\\v12x\\v120\\runtime\\remote_bridge\\state\\remote_state.json.tmp' -> 'D:\\GIT\\okx-trading-bot\\v12x\\v120\\runtime\\remote_bridge\\state\\remote_state.json'
2026-03-30 14:46:34,225 | ERROR | remote_control | controller:write_state:62 | remote_state_write_failed
Traceback (most recent call last):
  File "D:\GIT\okx-trading-bot\v12x\v120\remote_control\controller.py", line 60, in write_state
    self.bridge.write_state(payload)
    ~~~~~~~~~~~~~~~~~~~~~~~^^^^^^^^^
  File "D:\GIT\okx-trading-bot\v12x\v120\remote_control\bridge.py", line 23, in write_state
    tmp.replace(target)
    ~~~~~~~~~~~^^^^^^^^
  File "C:\Users\Home\AppData\Local\Python\pythoncore-3.14-64\Lib\pathlib\__init__.py", line 1091, in replace
    os.replace(self, target)
    ~~~~~~~~~~^^^^^^^^^^^^^^
PermissionError: [WinError 5] Отказано в доступе: 'D:\\GIT\\okx-trading-bot\\v12x\\v120\\runtime\\remote_bridge\\state\\remote_state.json.tmp' -> 'D:\\GIT\\okx-trading-bot\\v12x\\v120\\runtime\\remote_bridge\\state\\remote_state.json'
2026-03-30 15:01:26,686 | ERROR | remote_control | controller:write_state:62 | remote_state_write_failed
Traceback (most recent call last):
  File "D:\GIT\okx-trading-bot\v12x\v120\remote_control\controller.py", line 60, in write_state
    self.bridge.write_state(payload)
    ~~~~~~~~~~~~~~~~~~~~~~~^^^^^^^^^
  File "D:\GIT\okx-trading-bot\v12x\v120\remote_control\bridge.py", line 23, in write_state
    tmp.replace(target)
    ~~~~~~~~~~~^^^^^^^^
  File "C:\Users\Home\AppData\Local\Python\pythoncore-3.14-64\Lib\pathlib\__init__.py", line 1091, in replace
    os.replace(self, target)
    ~~~~~~~~~~^^^^^^^^^^^^^^
PermissionError: [WinError 5] Отказано в доступе: 'D:\\GIT\\okx-trading-bot\\v12x\\v120\\runtime\\remote_bridge\\state\\remote_state.json.tmp' -> 'D:\\GIT\\okx-trading-bot\\v12x\\v120\\runtime\\remote_bridge\\state\\remote_state.json'
2026-03-30 15:05:10,163 | ERROR | remote_control | controller:write_state:62 | remote_state_write_failed
Traceback (most recent call last):
  File "D:\GIT\okx-trading-bot\v12x\v120\remote_control\controller.py", line 60, in write_state
    self.bridge.write_state(payload)
    ~~~~~~~~~~~~~~~~~~~~~~~^^^^^^^^^
  File "D:\GIT\okx-trading-bot\v12x\v120\remote_control\bridge.py", line 23, in write_state
    tmp.replace(target)
    ~~~~~~~~~~~^^^^^^^^
  File "C:\Users\Home\AppData\Local\Python\pythoncore-3.14-64\Lib\pathlib\__init__.py", line 1091, in replace
    os.replace(self, target)
    ~~~~~~~~~~^^^^^^^^^^^^^^
PermissionError: [WinError 5] Отказано в доступе: 'D:\\GIT\\okx-trading-bot\\v12x\\v120\\runtime\\remote_bridge\\state\\remote_state.json.tmp' -> 'D:\\GIT\\okx-trading-bot\\v12x\\v120\\runtime\\remote_bridge\\state\\remote_state.json'
2026-03-30 15:05:16,184 | ERROR | remote_control | controller:write_state:62 | remote_state_write_failed
Traceback (most recent call last):
  File "D:\GIT\okx-trading-bot\v12x\v120\remote_control\controller.py", line 60, in write_state
    self.bridge.write_state(payload)
    ~~~~~~~~~~~~~~~~~~~~~~~^^^^^^^^^
  File "D:\GIT\okx-trading-bot\v12x\v120\remote_control\bridge.py", line 23, in write_state
    tmp.replace(target)
    ~~~~~~~~~~~^^^^^^^^
  File "C:\Users\Home\AppData\Local\Python\pythoncore-3.14-64\Lib\pathlib\__init__.py", line 1091, in replace
    os.replace(self, target)
    ~~~~~~~~~~^^^^^^^^^^^^^^
PermissionError: [WinError 5] Отказано в доступе: 'D:\\GIT\\okx-trading-bot\\v12x\\v120\\runtime\\remote_bridge\\state\\remote_state.json.tmp' -> 'D:\\GIT\\okx-trading-bot\\v12x\\v120\\runtime\\remote_bridge\\state\\remote_state.json'
2026-03-30 15:16:29,644 | ERROR | remote_control | controller:write_state:62 | remote_state_write_failed
Traceback (most recent call last):
  File "D:\GIT\okx-trading-bot\v12x\v120\remote_control\controller.py", line 60, in write_state
    self.bridge.write_state(payload)
    ~~~~~~~~~~~~~~~~~~~~~~~^^^^^^^^^
  File "D:\GIT\okx-trading-bot\v12x\v120\remote_control\bridge.py", line 23, in write_state
    tmp.replace(target)
    ~~~~~~~~~~~^^^^^^^^
  File "C:\Users\Home\AppData\Local\Python\pythoncore-3.14-64\Lib\pathlib\__init__.py", line 1091, in replace
    os.replace(self, target)
    ~~~~~~~~~~^^^^^^^^^^^^^^
PermissionError: [WinError 5] Отказано в доступе: 'D:\\GIT\\okx-trading-bot\\v12x\\v120\\runtime\\remote_bridge\\state\\remote_state.json.tmp' -> 'D:\\GIT\\okx-trading-bot\\v12x\\v120\\runtime\\remote_bridge\\state\\remote_state.json'
2026-03-30 15:35:08,605 | ERROR | remote_control | controller:write_state:62 | remote_state_write_failed
Traceback (most recent call last):
  File "D:\GIT\okx-trading-bot\v12x\v120\remote_control\controller.py", line 60, in write_state
    self.bridge.write_state(payload)
    ~~~~~~~~~~~~~~~~~~~~~~~^^^^^^^^^
  File "D:\GIT\okx-trading-bot\v12x\v120\remote_control\bridge.py", line 23, in write_state
    tmp.replace(target)
    ~~~~~~~~~~~^^^^^^^^
  File "C:\Users\Home\AppData\Local\Python\pythoncore-3.14-64\Lib\pathlib\__init__.py", line 1091, in replace
    os.replace(self, target)
    ~~~~~~~~~~^^^^^^^^^^^^^^
PermissionError: [WinError 5] Отказано в доступе: 'D:\\GIT\\okx-trading-bot\\v12x\\v120\\runtime\\remote_bridge\\state\\remote_state.json.tmp' -> 'D:\\GIT\\okx-trading-bot\\v12x\\v120\\runtime\\remote_bridge\\state\\remote_state.json'
2026-03-30 15:42:43,144 | ERROR | remote_control | controller:write_state:62 | remote_state_write_failed
Traceback (most recent call last):
  File "D:\GIT\okx-trading-bot\v12x\v120\remote_control\controller.py", line 60, in write_state
    self.bridge.write_state(payload)
    ~~~~~~~~~~~~~~~~~~~~~~~^^^^^^^^^
  File "D:\GIT\okx-trading-bot\v12x\v120\remote_control\bridge.py", line 23, in write_state
    tmp.replace(target)
    ~~~~~~~~~~~^^^^^^^^
  File "C:\Users\Home\AppData\Local\Python\pythoncore-3.14-64\Lib\pathlib\__init__.py", line 1091, in replace
    os.replace(self, target)
    ~~~~~~~~~~^^^^^^^^^^^^^^
PermissionError: [WinError 5] Отказано в доступе: 'D:\\GIT\\okx-trading-bot\\v12x\\v120\\runtime\\remote_bridge\\state\\remote_state.json.tmp' -> 'D:\\GIT\\okx-trading-bot\\v12x\\v120\\runtime\\remote_bridge\\state\\remote_state.json'
2026-03-30 15:46:20,586 | ERROR | remote_control | controller:write_state:62 | remote_state_write_failed
Traceback (most recent call last):
  File "D:\GIT\okx-trading-bot\v12x\v120\remote_control\controller.py", line 60, in write_state
    self.bridge.write_state(payload)
    ~~~~~~~~~~~~~~~~~~~~~~~^^^^^^^^^
  File "D:\GIT\okx-trading-bot\v12x\v120\remote_control\bridge.py", line 23, in write_state
    tmp.replace(target)
    ~~~~~~~~~~~^^^^^^^^
  File "C:\Users\Home\AppData\Local\Python\pythoncore-3.14-64\Lib\pathlib\__init__.py", line 1091, in replace
    os.replace(self, target)
    ~~~~~~~~~~^^^^^^^^^^^^^^
PermissionError: [WinError 5] Отказано в доступе: 'D:\\GIT\\okx-trading-bot\\v12x\\v120\\runtime\\remote_bridge\\state\\remote_state.json.tmp' -> 'D:\\GIT\\okx-trading-bot\\v12x\\v120\\runtime\\remote_bridge\\state\\remote_state.json'
2026-03-30 15:50:11,608 | ERROR | remote_control | controller:write_state:62 | remote_state_write_failed
Traceback (most recent call last):
  File "D:\GIT\okx-trading-bot\v12x\v120\remote_control\controller.py", line 60, in write_state
    self.bridge.write_state(payload)
    ~~~~~~~~~~~~~~~~~~~~~~~^^^^^^^^^
  File "D:\GIT\okx-trading-bot\v12x\v120\remote_control\bridge.py", line 23, in write_state
    tmp.replace(target)
    ~~~~~~~~~~~^^^^^^^^
  File "C:\Users\Home\AppData\Local\Python\pythoncore-3.14-64\Lib\pathlib\__init__.py", line 1091, in replace
    os.replace(self, target)
    ~~~~~~~~~~^^^^^^^^^^^^^^
PermissionError: [WinError 5] Отказано в доступе: 'D:\\GIT\\okx-trading-bot\\v12x\\v120\\runtime\\remote_bridge\\state\\remote_state.json.tmp' -> 'D:\\GIT\\okx-trading-bot\\v12x\\v120\\runtime\\remote_bridge\\state\\remote_state.json'
2026-03-30 16:01:25,090 | ERROR | remote_control | controller:write_state:62 | remote_state_write_failed
Traceback (most recent call last):
  File "D:\GIT\okx-trading-bot\v12x\v120\remote_control\controller.py", line 60, in write_state
    self.bridge.write_state(payload)
    ~~~~~~~~~~~~~~~~~~~~~~~^^^^^^^^^
  File "D:\GIT\okx-trading-bot\v12x\v120\remote_control\bridge.py", line 23, in write_state
    tmp.replace(target)
    ~~~~~~~~~~~^^^^^^^^
  File "C:\Users\Home\AppData\Local\Python\pythoncore-3.14-64\Lib\pathlib\__init__.py", line 1091, in replace
    os.replace(self, target)
    ~~~~~~~~~~^^^^^^^^^^^^^^
PermissionError: [WinError 5] Отказано в доступе: 'D:\\GIT\\okx-trading-bot\\v12x\\v120\\runtime\\remote_bridge\\state\\remote_state.json.tmp' -> 'D:\\GIT\\okx-trading-bot\\v12x\\v120\\runtime\\remote_bridge\\state\\remote_state.json'
2026-03-30 16:01:29,611 | ERROR | remote_control | controller:write_state:62 | remote_state_write_failed
Traceback (most recent call last):
  File "D:\GIT\okx-trading-bot\v12x\v120\remote_control\controller.py", line 60, in write_state
    self.bridge.write_state(payload)
    ~~~~~~~~~~~~~~~~~~~~~~~^^^^^^^^^
  File "D:\GIT\okx-trading-bot\v12x\v120\remote_control\bridge.py", line 23, in write_state
    tmp.replace(target)
    ~~~~~~~~~~~^^^^^^^^
  File "C:\Users\Home\AppData\Local\Python\pythoncore-3.14-64\Lib\pathlib\__init__.py", line 1091, in replace
    os.replace(self, target)
    ~~~~~~~~~~^^^^^^^^^^^^^^
PermissionError: [WinError 5] Отказано в доступе: 'D:\\GIT\\okx-trading-bot\\v12x\\v120\\runtime\\remote_bridge\\state\\remote_state.json.tmp' -> 'D:\\GIT\\okx-trading-bot\\v12x\\v120\\runtime\\remote_bridge\\state\\remote_state.json'
2026-03-30 16:05:14,594 | ERROR | remote_control | controller:write_state:62 | remote_state_write_failed
Traceback (most recent call last):
  File "D:\GIT\okx-trading-bot\v12x\v120\remote_control\controller.py", line 60, in write_state
    self.bridge.write_state(payload)
    ~~~~~~~~~~~~~~~~~~~~~~~^^^^^^^^^
  File "D:\GIT\okx-trading-bot\v12x\v120\remote_control\bridge.py", line 23, in write_state
    tmp.replace(target)
    ~~~~~~~~~~~^^^^^^^^
  File "C:\Users\Home\AppData\Local\Python\pythoncore-3.14-64\Lib\pathlib\__init__.py", line 1091, in replace
    os.replace(self, target)
    ~~~~~~~~~~^^^^^^^^^^^^^^
PermissionError: [WinError 5] Отказано в доступе: 'D:\\GIT\\okx-trading-bot\\v12x\\v120\\runtime\\remote_bridge\\state\\remote_state.json.tmp' -> 'D:\\GIT\\okx-trading-bot\\v12x\\v120\\runtime\\remote_bridge\\state\\remote_state.json'
2026-03-30 16:09:07,137 | ERROR | remote_control | controller:write_state:62 | remote_state_write_failed
Traceback (most recent call last):
  File "D:\GIT\okx-trading-bot\v12x\v120\remote_control\controller.py", line 60, in write_state
    self.bridge.write_state(payload)
    ~~~~~~~~~~~~~~~~~~~~~~~^^^^^^^^^
  File "D:\GIT\okx-trading-bot\v12x\v120\remote_control\bridge.py", line 23, in write_state
    tmp.replace(target)
    ~~~~~~~~~~~^^^^^^^^
  File "C:\Users\Home\AppData\Local\Python\pythoncore-3.14-64\Lib\pathlib\__init__.py", line 1091, in replace
    os.replace(self, target)
    ~~~~~~~~~~^^^^^^^^^^^^^^
PermissionError: [WinError 5] Отказано в доступе: 'D:\\GIT\\okx-trading-bot\\v12x\\v120\\runtime\\remote_bridge\\state\\remote_state.json.tmp' -> 'D:\\GIT\\okx-trading-bot\\v12x\\v120\\runtime\\remote_bridge\\state\\remote_state.json'
2026-03-30 16:16:22,053 | ERROR | remote_control | controller:write_state:62 | remote_state_write_failed
Traceback (most recent call last):
  File "D:\GIT\okx-trading-bot\v12x\v120\remote_control\controller.py", line 60, in write_state
    self.bridge.write_state(payload)
    ~~~~~~~~~~~~~~~~~~~~~~~^^^^^^^^^
  File "D:\GIT\okx-trading-bot\v12x\v120\remote_control\bridge.py", line 23, in write_state
    tmp.replace(target)
    ~~~~~~~~~~~^^^^^^^^
  File "C:\Users\Home\AppData\Local\Python\pythoncore-3.14-64\Lib\pathlib\__init__.py", line 1091, in replace
    os.replace(self, target)
    ~~~~~~~~~~^^^^^^^^^^^^^^
PermissionError: [WinError 5] Отказано в доступе: 'D:\\GIT\\okx-trading-bot\\v12x\\v120\\runtime\\remote_bridge\\state\\remote_state.json.tmp' -> 'D:\\GIT\\okx-trading-bot\\v12x\\v120\\runtime\\remote_bridge\\state\\remote_state.json'
2026-03-30 16:16:26,575 | ERROR | remote_control | controller:write_state:62 | remote_state_write_failed
Traceback (most recent call last):
  File "D:\GIT\okx-trading-bot\v12x\v120\remote_control\controller.py", line 60, in write_state
    self.bridge.write_state(payload)
    ~~~~~~~~~~~~~~~~~~~~~~~^^^^^^^^^
  File "D:\GIT\okx-trading-bot\v12x\v120\remote_control\bridge.py", line 23, in write_state
    tmp.replace(target)
    ~~~~~~~~~~~^^^^^^^^
  File "C:\Users\Home\AppData\Local\Python\pythoncore-3.14-64\Lib\pathlib\__init__.py", line 1091, in replace
    os.replace(self, target)
    ~~~~~~~~~~^^^^^^^^^^^^^^
PermissionError: [WinError 5] Отказано в доступе: 'D:\\GIT\\okx-trading-bot\\v12x\\v120\\runtime\\remote_bridge\\state\\remote_state.json.tmp' -> 'D:\\GIT\\okx-trading-bot\\v12x\\v120\\runtime\\remote_bridge\\state\\remote_state.json'
2026-03-30 16:20:08,546 | ERROR | remote_control | controller:write_state:62 | remote_state_write_failed
Traceback (most recent call last):
  File "D:\GIT\okx-trading-bot\v12x\v120\remote_control\controller.py", line 60, in write_state
    self.bridge.write_state(payload)
    ~~~~~~~~~~~~~~~~~~~~~~~^^^^^^^^^
  File "D:\GIT\okx-trading-bot\v12x\v120\remote_control\bridge.py", line 23, in write_state
    tmp.replace(target)
    ~~~~~~~~~~~^^^^^^^^
  File "C:\Users\Home\AppData\Local\Python\pythoncore-3.14-64\Lib\pathlib\__init__.py", line 1091, in replace
    os.replace(self, target)
    ~~~~~~~~~~^^^^^^^^^^^^^^
PermissionError: [WinError 5] Отказано в доступе: 'D:\\GIT\\okx-trading-bot\\v12x\\v120\\runtime\\remote_bridge\\state\\remote_state.json.tmp' -> 'D:\\GIT\\okx-trading-bot\\v12x\\v120\\runtime\\remote_bridge\\state\\remote_state.json'
2026-03-30 16:35:08,532 | ERROR | remote_control | controller:write_state:62 | remote_state_write_failed
Traceback (most recent call last):
  File "D:\GIT\okx-trading-bot\v12x\v120\remote_control\controller.py", line 60, in write_state
    self.bridge.write_state(payload)
    ~~~~~~~~~~~~~~~~~~~~~~~^^^^^^^^^
  File "D:\GIT\okx-trading-bot\v12x\v120\remote_control\bridge.py", line 23, in write_state
    tmp.replace(target)
    ~~~~~~~~~~~^^^^^^^^
  File "C:\Users\Home\AppData\Local\Python\pythoncore-3.14-64\Lib\pathlib\__init__.py", line 1091, in replace
    os.replace(self, target)
    ~~~~~~~~~~^^^^^^^^^^^^^^
PermissionError: [WinError 5] Отказано в доступе: 'D:\\GIT\\okx-trading-bot\\v12x\\v120\\runtime\\remote_bridge\\state\\remote_state.json.tmp' -> 'D:\\GIT\\okx-trading-bot\\v12x\\v120\\runtime\\remote_bridge\\state\\remote_state.json'
2026-03-30 16:35:13,059 | ERROR | remote_control | controller:write_state:62 | remote_state_write_failed
Traceback (most recent call last):
  File "D:\GIT\okx-trading-bot\v12x\v120\remote_control\controller.py", line 60, in write_state
    self.bridge.write_state(payload)
    ~~~~~~~~~~~~~~~~~~~~~~~^^^^^^^^^
  File "D:\GIT\okx-trading-bot\v12x\v120\remote_control\bridge.py", line 23, in write_state
    tmp.replace(target)
    ~~~~~~~~~~~^^^^^^^^
  File "C:\Users\Home\AppData\Local\Python\pythoncore-3.14-64\Lib\pathlib\__init__.py", line 1091, in replace
    os.replace(self, target)
    ~~~~~~~~~~^^^^^^^^^^^^^^
PermissionError: [WinError 5] Отказано в доступе: 'D:\\GIT\\okx-trading-bot\\v12x\\v120\\runtime\\remote_bridge\\state\\remote_state.json.tmp' -> 'D:\\GIT\\okx-trading-bot\\v12x\\v120\\runtime\\remote_bridge\\state\\remote_state.json'
2026-03-30 16:39:01,079 | ERROR | remote_control | controller:write_state:62 | remote_state_write_failed
Traceback (most recent call last):
  File "D:\GIT\okx-trading-bot\v12x\v120\remote_control\controller.py", line 60, in write_state
    self.bridge.write_state(payload)
    ~~~~~~~~~~~~~~~~~~~~~~~^^^^^^^^^
  File "D:\GIT\okx-trading-bot\v12x\v120\remote_control\bridge.py", line 23, in write_state
    tmp.replace(target)
    ~~~~~~~~~~~^^^^^^^^
  File "C:\Users\Home\AppData\Local\Python\pythoncore-3.14-64\Lib\pathlib\__init__.py", line 1091, in replace
    os.replace(self, target)
    ~~~~~~~~~~^^^^^^^^^^^^^^
PermissionError: [WinError 5] Отказано в доступе: 'D:\\GIT\\okx-trading-bot\\v12x\\v120\\runtime\\remote_bridge\\state\\remote_state.json.tmp' -> 'D:\\GIT\\okx-trading-bot\\v12x\\v120\\runtime\\remote_bridge\\state\\remote_state.json'
2026-03-30 16:50:11,549 | ERROR | remote_control | controller:write_state:62 | remote_state_write_failed
Traceback (most recent call last):
  File "D:\GIT\okx-trading-bot\v12x\v120\remote_control\controller.py", line 60, in write_state
    self.bridge.write_state(payload)
    ~~~~~~~~~~~~~~~~~~~~~~~^^^^^^^^^
  File "D:\GIT\okx-trading-bot\v12x\v120\remote_control\bridge.py", line 23, in write_state
    tmp.replace(target)
    ~~~~~~~~~~~^^^^^^^^
  File "C:\Users\Home\AppData\Local\Python\pythoncore-3.14-64\Lib\pathlib\__init__.py", line 1091, in replace
    os.replace(self, target)
    ~~~~~~~~~~^^^^^^^^^^^^^^
PermissionError: [WinError 5] Отказано в доступе: 'D:\\GIT\\okx-trading-bot\\v12x\\v120\\runtime\\remote_bridge\\state\\remote_state.json.tmp' -> 'D:\\GIT\\okx-trading-bot\\v12x\\v120\\runtime\\remote_bridge\\state\\remote_state.json'
2026-03-30 16:57:38,523 | ERROR | remote_control | controller:write_state:62 | remote_state_write_failed
Traceback (most recent call last):
  File "D:\GIT\okx-trading-bot\v12x\v120\remote_control\controller.py", line 60, in write_state
    self.bridge.write_state(payload)
    ~~~~~~~~~~~~~~~~~~~~~~~^^^^^^^^^
  File "D:\GIT\okx-trading-bot\v12x\v120\remote_control\bridge.py", line 23, in write_state
    tmp.replace(target)
    ~~~~~~~~~~~^^^^^^^^
  File "C:\Users\Home\AppData\Local\Python\pythoncore-3.14-64\Lib\pathlib\__init__.py", line 1091, in replace
    os.replace(self, target)
    ~~~~~~~~~~^^^^^^^^^^^^^^
PermissionError: [WinError 5] Отказано в доступе: 'D:\\GIT\\okx-trading-bot\\v12x\\v120\\runtime\\remote_bridge\\state\\remote_state.json.tmp' -> 'D:\\GIT\\okx-trading-bot\\v12x\\v120\\runtime\\remote_bridge\\state\\remote_state.json'
2026-03-30 16:57:46,061 | ERROR | remote_control | controller:write_state:62 | remote_state_write_failed
Traceback (most recent call last):
  File "D:\GIT\okx-trading-bot\v12x\v120\remote_control\controller.py", line 60, in write_state
    self.bridge.write_state(payload)
    ~~~~~~~~~~~~~~~~~~~~~~~^^^^^^^^^
  File "D:\GIT\okx-trading-bot\v12x\v120\remote_control\bridge.py", line 23, in write_state
    tmp.replace(target)
    ~~~~~~~~~~~^^^^^^^^
  File "C:\Users\Home\AppData\Local\Python\pythoncore-3.14-64\Lib\pathlib\__init__.py", line 1091, in replace
    os.replace(self, target)
    ~~~~~~~~~~^^^^^^^^^^^^^^
PermissionError: [WinError 5] Отказано в доступе: 'D:\\GIT\\okx-trading-bot\\v12x\\v120\\runtime\\remote_bridge\\state\\remote_state.json.tmp' -> 'D:\\GIT\\okx-trading-bot\\v12x\\v120\\runtime\\remote_bridge\\state\\remote_state.json'
2026-03-30 16:57:52,092 | ERROR | remote_control | controller:write_state:62 | remote_state_write_failed
Traceback (most recent call last):
  File "D:\GIT\okx-trading-bot\v12x\v120\remote_control\controller.py", line 60, in write_state
    self.bridge.write_state(payload)
    ~~~~~~~~~~~~~~~~~~~~~~~^^^^^^^^^
  File "D:\GIT\okx-trading-bot\v12x\v120\remote_control\bridge.py", line 23, in write_state
    tmp.replace(target)
    ~~~~~~~~~~~^^^^^^^^
  File "C:\Users\Home\AppData\Local\Python\pythoncore-3.14-64\Lib\pathlib\__init__.py", line 1091, in replace
    os.replace(self, target)
    ~~~~~~~~~~^^^^^^^^^^^^^^
PermissionError: [WinError 5] Отказано в доступе: 'D:\\GIT\\okx-trading-bot\\v12x\\v120\\runtime\\remote_bridge\\state\\remote_state.json.tmp' -> 'D:\\GIT\\okx-trading-bot\\v12x\\v120\\runtime\\remote_bridge\\state\\remote_state.json'
2026-03-30 17:01:23,506 | ERROR | remote_control | controller:write_state:62 | remote_state_write_failed
Traceback (most recent call last):
  File "D:\GIT\okx-trading-bot\v12x\v120\remote_control\controller.py", line 60, in write_state
    self.bridge.write_state(payload)
    ~~~~~~~~~~~~~~~~~~~~~~~^^^^^^^^^
  File "D:\GIT\okx-trading-bot\v12x\v120\remote_control\bridge.py", line 23, in write_state
    tmp.replace(target)
    ~~~~~~~~~~~^^^^^^^^
  File "C:\Users\Home\AppData\Local\Python\pythoncore-3.14-64\Lib\pathlib\__init__.py", line 1091, in replace
    os.replace(self, target)
    ~~~~~~~~~~^^^^^^^^^^^^^^
PermissionError: [WinError 5] Отказано в доступе: 'D:\\GIT\\okx-trading-bot\\v12x\\v120\\runtime\\remote_bridge\\state\\remote_state.json.tmp' -> 'D:\\GIT\\okx-trading-bot\\v12x\\v120\\runtime\\remote_bridge\\state\\remote_state.json'
2026-03-30 17:01:31,050 | ERROR | remote_control | controller:write_state:62 | remote_state_write_failed
Traceback (most recent call last):
  File "D:\GIT\okx-trading-bot\v12x\v120\remote_control\controller.py", line 60, in write_state
    self.bridge.write_state(payload)
    ~~~~~~~~~~~~~~~~~~~~~~~^^^^^^^^^
  File "D:\GIT\okx-trading-bot\v12x\v120\remote_control\bridge.py", line 23, in write_state
    tmp.replace(target)
    ~~~~~~~~~~~^^^^^^^^
  File "C:\Users\Home\AppData\Local\Python\pythoncore-3.14-64\Lib\pathlib\__init__.py", line 1091, in replace
    os.replace(self, target)
    ~~~~~~~~~~^^^^^^^^^^^^^^
PermissionError: [WinError 5] Отказано в доступе: 'D:\\GIT\\okx-trading-bot\\v12x\\v120\\runtime\\remote_bridge\\state\\remote_state.json.tmp' -> 'D:\\GIT\\okx-trading-bot\\v12x\\v120\\runtime\\remote_bridge\\state\\remote_state.json'
2026-03-30 17:08:50,498 | ERROR | remote_control | controller:write_state:62 | remote_state_write_failed
Traceback (most recent call last):
  File "D:\GIT\okx-trading-bot\v12x\v120\remote_control\controller.py", line 60, in write_state
    self.bridge.write_state(payload)
    ~~~~~~~~~~~~~~~~~~~~~~~^^^^^^^^^
  File "D:\GIT\okx-trading-bot\v12x\v120\remote_control\bridge.py", line 23, in write_state
    tmp.replace(target)
    ~~~~~~~~~~~^^^^^^^^
  File "C:\Users\Home\AppData\Local\Python\pythoncore-3.14-64\Lib\pathlib\__init__.py", line 1091, in replace
    os.replace(self, target)
    ~~~~~~~~~~^^^^^^^^^^^^^^
PermissionError: [WinError 5] Отказано в доступе: 'D:\\GIT\\okx-trading-bot\\v12x\\v120\\runtime\\remote_bridge\\state\\remote_state.json.tmp' -> 'D:\\GIT\\okx-trading-bot\\v12x\\v120\\runtime\\remote_bridge\\state\\remote_state.json'
2026-03-30 17:12:39,997 | ERROR | remote_control | controller:write_state:62 | remote_state_write_failed
Traceback (most recent call last):
  File "D:\GIT\okx-trading-bot\v12x\v120\remote_control\controller.py", line 60, in write_state
    self.bridge.write_state(payload)
    ~~~~~~~~~~~~~~~~~~~~~~~^^^^^^^^^
  File "D:\GIT\okx-trading-bot\v12x\v120\remote_control\bridge.py", line 23, in write_state
    tmp.replace(target)
    ~~~~~~~~~~~^^^^^^^^
  File "C:\Users\Home\AppData\Local\Python\pythoncore-3.14-64\Lib\pathlib\__init__.py", line 1091, in replace
    os.replace(self, target)
    ~~~~~~~~~~^^^^^^^^^^^^^^
PermissionError: [WinError 5] Отказано в доступе: 'D:\\GIT\\okx-trading-bot\\v12x\\v120\\runtime\\remote_bridge\\state\\remote_state.json.tmp' -> 'D:\\GIT\\okx-trading-bot\\v12x\\v120\\runtime\\remote_bridge\\state\\remote_state.json'
2026-03-30 17:35:05,506 | ERROR | remote_control | controller:write_state:62 | remote_state_write_failed
Traceback (most recent call last):
  File "D:\GIT\okx-trading-bot\v12x\v120\remote_control\controller.py", line 60, in write_state
    self.bridge.write_state(payload)
    ~~~~~~~~~~~~~~~~~~~~~~~^^^^^^^^^
  File "D:\GIT\okx-trading-bot\v12x\v120\remote_control\bridge.py", line 23, in write_state
    tmp.replace(target)
    ~~~~~~~~~~~^^^^^^^^
  File "C:\Users\Home\AppData\Local\Python\pythoncore-3.14-64\Lib\pathlib\__init__.py", line 1091, in replace
    os.replace(self, target)
    ~~~~~~~~~~^^^^^^^^^^^^^^
PermissionError: [WinError 5] Отказано в доступе: 'D:\\GIT\\okx-trading-bot\\v12x\\v120\\runtime\\remote_bridge\\state\\remote_state.json.tmp' -> 'D:\\GIT\\okx-trading-bot\\v12x\\v120\\runtime\\remote_bridge\\state\\remote_state.json'
2026-03-30 17:38:53,509 | ERROR | remote_control | controller:write_state:62 | remote_state_write_failed
Traceback (most recent call last):
  File "D:\GIT\okx-trading-bot\v12x\v120\remote_control\controller.py", line 60, in write_state
    self.bridge.write_state(payload)
    ~~~~~~~~~~~~~~~~~~~~~~~^^^^^^^^^
  File "D:\GIT\okx-trading-bot\v12x\v120\remote_control\bridge.py", line 23, in write_state
    tmp.replace(target)
    ~~~~~~~~~~~^^^^^^^^
  File "C:\Users\Home\AppData\Local\Python\pythoncore-3.14-64\Lib\pathlib\__init__.py", line 1091, in replace
    os.replace(self, target)
    ~~~~~~~~~~^^^^^^^^^^^^^^
PermissionError: [WinError 5] Отказано в доступе: 'D:\\GIT\\okx-trading-bot\\v12x\\v120\\runtime\\remote_bridge\\state\\remote_state.json.tmp' -> 'D:\\GIT\\okx-trading-bot\\v12x\\v120\\runtime\\remote_bridge\\state\\remote_state.json'
2026-03-30 17:38:59,533 | ERROR | remote_control | controller:write_state:62 | remote_state_write_failed
Traceback (most recent call last):
  File "D:\GIT\okx-trading-bot\v12x\v120\remote_control\controller.py", line 60, in write_state
    self.bridge.write_state(payload)
    ~~~~~~~~~~~~~~~~~~~~~~~^^^^^^^^^
  File "D:\GIT\okx-trading-bot\v12x\v120\remote_control\bridge.py", line 23, in write_state
    tmp.replace(target)
    ~~~~~~~~~~~^^^^^^^^
  File "C:\Users\Home\AppData\Local\Python\pythoncore-3.14-64\Lib\pathlib\__init__.py", line 1091, in replace
    os.replace(self, target)
    ~~~~~~~~~~^^^^^^^^^^^^^^
PermissionError: [WinError 5] Отказано в доступе: 'D:\\GIT\\okx-trading-bot\\v12x\\v120\\runtime\\remote_bridge\\state\\remote_state.json.tmp' -> 'D:\\GIT\\okx-trading-bot\\v12x\\v120\\runtime\\remote_bridge\\state\\remote_state.json'
2026-03-30 17:46:26,504 | ERROR | remote_control | controller:write_state:62 | remote_state_write_failed
Traceback (most recent call last):
  File "D:\GIT\okx-trading-bot\v12x\v120\remote_control\controller.py", line 60, in write_state
    self.bridge.write_state(payload)
    ~~~~~~~~~~~~~~~~~~~~~~~^^^^^^^^^
  File "D:\GIT\okx-trading-bot\v12x\v120\remote_control\bridge.py", line 23, in write_state
    tmp.replace(target)
    ~~~~~~~~~~~^^^^^^^^
  File "C:\Users\Home\AppData\Local\Python\pythoncore-3.14-64\Lib\pathlib\__init__.py", line 1091, in replace
    os.replace(self, target)
    ~~~~~~~~~~^^^^^^^^^^^^^^
PermissionError: [WinError 5] Отказано в доступе: 'D:\\GIT\\okx-trading-bot\\v12x\\v120\\runtime\\remote_bridge\\state\\remote_state.json.tmp' -> 'D:\\GIT\\okx-trading-bot\\v12x\\v120\\runtime\\remote_bridge\\state\\remote_state.json'
2026-03-30 17:57:35,481 | ERROR | remote_control | controller:write_state:62 | remote_state_write_failed
Traceback (most recent call last):
  File "D:\GIT\okx-trading-bot\v12x\v120\remote_control\controller.py", line 60, in write_state
    self.bridge.write_state(payload)
    ~~~~~~~~~~~~~~~~~~~~~~~^^^^^^^^^
  File "D:\GIT\okx-trading-bot\v12x\v120\remote_control\bridge.py", line 23, in write_state
    tmp.replace(target)
    ~~~~~~~~~~~^^^^^^^^
  File "C:\Users\Home\AppData\Local\Python\pythoncore-3.14-64\Lib\pathlib\__init__.py", line 1091, in replace
    os.replace(self, target)
    ~~~~~~~~~~^^^^^^^^^^^^^^
PermissionError: [WinError 5] Отказано в доступе: 'D:\\GIT\\okx-trading-bot\\v12x\\v120\\runtime\\remote_bridge\\state\\remote_state.json.tmp' -> 'D:\\GIT\\okx-trading-bot\\v12x\\v120\\runtime\\remote_bridge\\state\\remote_state.json'
2026-03-30 18:16:14,460 | ERROR | remote_control | controller:write_state:62 | remote_state_write_failed
Traceback (most recent call last):
  File "D:\GIT\okx-trading-bot\v12x\v120\remote_control\controller.py", line 60, in write_state
    self.bridge.write_state(payload)
    ~~~~~~~~~~~~~~~~~~~~~~~^^^^^^^^^
  File "D:\GIT\okx-trading-bot\v12x\v120\remote_control\bridge.py", line 23, in write_state
    tmp.replace(target)
    ~~~~~~~~~~~^^^^^^^^
  File "C:\Users\Home\AppData\Local\Python\pythoncore-3.14-64\Lib\pathlib\__init__.py", line 1091, in replace
    os.replace(self, target)
    ~~~~~~~~~~^^^^^^^^^^^^^^
PermissionError: [WinError 5] Отказано в доступе: 'D:\\GIT\\okx-trading-bot\\v12x\\v120\\runtime\\remote_bridge\\state\\remote_state.json.tmp' -> 'D:\\GIT\\okx-trading-bot\\v12x\\v120\\runtime\\remote_bridge\\state\\remote_state.json'
2026-03-30 18:23:44,475 | ERROR | remote_control | controller:write_state:62 | remote_state_write_failed
Traceback (most recent call last):
  File "D:\GIT\okx-trading-bot\v12x\v120\remote_control\controller.py", line 60, in write_state
    self.bridge.write_state(payload)
    ~~~~~~~~~~~~~~~~~~~~~~~^^^^^^^^^
  File "D:\GIT\okx-trading-bot\v12x\v120\remote_control\bridge.py", line 23, in write_state
    tmp.replace(target)
    ~~~~~~~~~~~^^^^^^^^
  File "C:\Users\Home\AppData\Local\Python\pythoncore-3.14-64\Lib\pathlib\__init__.py", line 1091, in replace
    os.replace(self, target)
    ~~~~~~~~~~^^^^^^^^^^^^^^
PermissionError: [WinError 5] Отказано в доступе: 'D:\\GIT\\okx-trading-bot\\v12x\\v120\\runtime\\remote_bridge\\state\\remote_state.json.tmp' -> 'D:\\GIT\\okx-trading-bot\\v12x\\v120\\runtime\\remote_bridge\\state\\remote_state.json'
2026-03-30 18:31:06,921 | ERROR | remote_control | controller:write_state:62 | remote_state_write_failed
Traceback (most recent call last):
  File "D:\GIT\okx-trading-bot\v12x\v120\remote_control\controller.py", line 60, in write_state
    self.bridge.write_state(payload)
    ~~~~~~~~~~~~~~~~~~~~~~~^^^^^^^^^
  File "D:\GIT\okx-trading-bot\v12x\v120\remote_control\bridge.py", line 23, in write_state
    tmp.replace(target)
    ~~~~~~~~~~~^^^^^^^^
  File "C:\Users\Home\AppData\Local\Python\pythoncore-3.14-64\Lib\pathlib\__init__.py", line 1091, in replace
    os.replace(self, target)
    ~~~~~~~~~~^^^^^^^^^^^^^^
PermissionError: [WinError 5] Отказано в доступе: 'D:\\GIT\\okx-trading-bot\\v12x\\v120\\runtime\\remote_bridge\\state\\remote_state.json.tmp' -> 'D:\\GIT\\okx-trading-bot\\v12x\\v120\\runtime\\remote_bridge\\state\\remote_state.json'
2026-03-30 18:35:04,010 | ERROR | remote_control | controller:write_state:62 | remote_state_write_failed
Traceback (most recent call last):
  File "D:\GIT\okx-trading-bot\v12x\v120\remote_control\controller.py", line 60, in write_state
    self.bridge.write_state(payload)
    ~~~~~~~~~~~~~~~~~~~~~~~^^^^^^^^^
  File "D:\GIT\okx-trading-bot\v12x\v120\remote_control\bridge.py", line 23, in write_state
    tmp.replace(target)
    ~~~~~~~~~~~^^^^^^^^
  File "C:\Users\Home\AppData\Local\Python\pythoncore-3.14-64\Lib\pathlib\__init__.py", line 1091, in replace
    os.replace(self, target)
    ~~~~~~~~~~^^^^^^^^^^^^^^
PermissionError: [WinError 5] Отказано в доступе: 'D:\\GIT\\okx-trading-bot\\v12x\\v120\\runtime\\remote_bridge\\state\\remote_state.json.tmp' -> 'D:\\GIT\\okx-trading-bot\\v12x\\v120\\runtime\\remote_bridge\\state\\remote_state.json'
2026-03-30 18:38:39,971 | ERROR | remote_control | controller:write_state:62 | remote_state_write_failed
Traceback (most recent call last):
  File "D:\GIT\okx-trading-bot\v12x\v120\remote_control\controller.py", line 60, in write_state
    self.bridge.write_state(payload)
    ~~~~~~~~~~~~~~~~~~~~~~~^^^^^^^^^
  File "D:\GIT\okx-trading-bot\v12x\v120\remote_control\bridge.py", line 23, in write_state
    tmp.replace(target)
    ~~~~~~~~~~~^^^^^^^^
  File "C:\Users\Home\AppData\Local\Python\pythoncore-3.14-64\Lib\pathlib\__init__.py", line 1091, in replace
    os.replace(self, target)
    ~~~~~~~~~~^^^^^^^^^^^^^^
PermissionError: [WinError 5] Отказано в доступе: 'D:\\GIT\\okx-trading-bot\\v12x\\v120\\runtime\\remote_bridge\\state\\remote_state.json.tmp' -> 'D:\\GIT\\okx-trading-bot\\v12x\\v120\\runtime\\remote_bridge\\state\\remote_state.json'
2026-03-30 19:00:56,424 | ERROR | remote_control | controller:write_state:62 | remote_state_write_failed
Traceback (most recent call last):
  File "D:\GIT\okx-trading-bot\v12x\v120\remote_control\controller.py", line 60, in write_state
    self.bridge.write_state(payload)
    ~~~~~~~~~~~~~~~~~~~~~~~^^^^^^^^^
  File "D:\GIT\okx-trading-bot\v12x\v120\remote_control\bridge.py", line 23, in write_state
    tmp.replace(target)
    ~~~~~~~~~~~^^^^^^^^
  File "C:\Users\Home\AppData\Local\Python\pythoncore-3.14-64\Lib\pathlib\__init__.py", line 1091, in replace
    os.replace(self, target)
    ~~~~~~~~~~^^^^^^^^^^^^^^
PermissionError: [WinError 5] Отказано в доступе: 'D:\\GIT\\okx-trading-bot\\v12x\\v120\\runtime\\remote_bridge\\state\\remote_state.json.tmp' -> 'D:\\GIT\\okx-trading-bot\\v12x\\v120\\runtime\\remote_bridge\\state\\remote_state.json'
2026-03-30 19:08:18,886 | ERROR | remote_control | controller:write_state:62 | remote_state_write_failed
Traceback (most recent call last):
  File "D:\GIT\okx-trading-bot\v12x\v120\remote_control\controller.py", line 60, in write_state
    self.bridge.write_state(payload)
    ~~~~~~~~~~~~~~~~~~~~~~~^^^^^^^^^
  File "D:\GIT\okx-trading-bot\v12x\v120\remote_control\bridge.py", line 23, in write_state
    tmp.replace(target)
    ~~~~~~~~~~~^^^^^^^^
  File "C:\Users\Home\AppData\Local\Python\pythoncore-3.14-64\Lib\pathlib\__init__.py", line 1091, in replace
    os.replace(self, target)
    ~~~~~~~~~~^^^^^^^^^^^^^^
PermissionError: [WinError 5] Отказано в доступе: 'D:\\GIT\\okx-trading-bot\\v12x\\v120\\runtime\\remote_bridge\\state\\remote_state.json.tmp' -> 'D:\\GIT\\okx-trading-bot\\v12x\\v120\\runtime\\remote_bridge\\state\\remote_state.json'
2026-03-30 19:08:21,902 | ERROR | remote_control | controller:write_state:62 | remote_state_write_failed
Traceback (most recent call last):
  File "D:\GIT\okx-trading-bot\v12x\v120\remote_control\controller.py", line 60, in write_state
    self.bridge.write_state(payload)
    ~~~~~~~~~~~~~~~~~~~~~~~^^^^^^^^^
  File "D:\GIT\okx-trading-bot\v12x\v120\remote_control\bridge.py", line 23, in write_state
    tmp.replace(target)
    ~~~~~~~~~~~^^^^^^^^
  File "C:\Users\Home\AppData\Local\Python\pythoncore-3.14-64\Lib\pathlib\__init__.py", line 1091, in replace
    os.replace(self, target)
    ~~~~~~~~~~^^^^^^^^^^^^^^
PermissionError: [WinError 5] Отказано в доступе: 'D:\\GIT\\okx-trading-bot\\v12x\\v120\\runtime\\remote_bridge\\state\\remote_state.json.tmp' -> 'D:\\GIT\\okx-trading-bot\\v12x\\v120\\runtime\\remote_bridge\\state\\remote_state.json'
2026-03-30 19:12:05,398 | ERROR | remote_control | controller:write_state:62 | remote_state_write_failed
Traceback (most recent call last):
  File "D:\GIT\okx-trading-bot\v12x\v120\remote_control\controller.py", line 60, in write_state
    self.bridge.write_state(payload)
    ~~~~~~~~~~~~~~~~~~~~~~~^^^^^^^^^
  File "D:\GIT\okx-trading-bot\v12x\v120\remote_control\bridge.py", line 23, in write_state
    tmp.replace(target)
    ~~~~~~~~~~~^^^^^^^^
  File "C:\Users\Home\AppData\Local\Python\pythoncore-3.14-64\Lib\pathlib\__init__.py", line 1091, in replace
    os.replace(self, target)
    ~~~~~~~~~~^^^^^^^^^^^^^^
PermissionError: [WinError 5] Отказано в доступе: 'D:\\GIT\\okx-trading-bot\\v12x\\v120\\runtime\\remote_bridge\\state\\remote_state.json.tmp' -> 'D:\\GIT\\okx-trading-bot\\v12x\\v120\\runtime\\remote_bridge\\state\\remote_state.json'
2026-03-30 19:15:53,412 | ERROR | remote_control | controller:write_state:62 | remote_state_write_failed
Traceback (most recent call last):
  File "D:\GIT\okx-trading-bot\v12x\v120\remote_control\controller.py", line 60, in write_state
    self.bridge.write_state(payload)
    ~~~~~~~~~~~~~~~~~~~~~~~^^^^^^^^^
  File "D:\GIT\okx-trading-bot\v12x\v120\remote_control\bridge.py", line 23, in write_state
    tmp.replace(target)
    ~~~~~~~~~~~^^^^^^^^
  File "C:\Users\Home\AppData\Local\Python\pythoncore-3.14-64\Lib\pathlib\__init__.py", line 1091, in replace
    os.replace(self, target)
    ~~~~~~~~~~^^^^^^^^^^^^^^
PermissionError: [WinError 5] Отказано в доступе: 'D:\\GIT\\okx-trading-bot\\v12x\\v120\\runtime\\remote_bridge\\state\\remote_state.json.tmp' -> 'D:\\GIT\\okx-trading-bot\\v12x\\v120\\runtime\\remote_bridge\\state\\remote_state.json'
2026-03-30 19:19:39,911 | ERROR | remote_control | controller:write_state:62 | remote_state_write_failed
Traceback (most recent call last):
  File "D:\GIT\okx-trading-bot\v12x\v120\remote_control\controller.py", line 60, in write_state
    self.bridge.write_state(payload)
    ~~~~~~~~~~~~~~~~~~~~~~~^^^^^^^^^
  File "D:\GIT\okx-trading-bot\v12x\v120\remote_control\bridge.py", line 23, in write_state
    tmp.replace(target)
    ~~~~~~~~~~~^^^^^^^^
  File "C:\Users\Home\AppData\Local\Python\pythoncore-3.14-64\Lib\pathlib\__init__.py", line 1091, in replace
    os.replace(self, target)
    ~~~~~~~~~~^^^^^^^^^^^^^^
PermissionError: [WinError 5] Отказано в доступе: 'D:\\GIT\\okx-trading-bot\\v12x\\v120\\runtime\\remote_bridge\\state\\remote_state.json.tmp' -> 'D:\\GIT\\okx-trading-bot\\v12x\\v120\\runtime\\remote_bridge\\state\\remote_state.json'
2026-03-30 19:34:36,888 | ERROR | remote_control | controller:write_state:62 | remote_state_write_failed
Traceback (most recent call last):
  File "D:\GIT\okx-trading-bot\v12x\v120\remote_control\controller.py", line 60, in write_state
    self.bridge.write_state(payload)
    ~~~~~~~~~~~~~~~~~~~~~~~^^^^^^^^^
  File "D:\GIT\okx-trading-bot\v12x\v120\remote_control\bridge.py", line 23, in write_state
    tmp.replace(target)
    ~~~~~~~~~~~^^^^^^^^
  File "C:\Users\Home\AppData\Local\Python\pythoncore-3.14-64\Lib\pathlib\__init__.py", line 1091, in replace
    os.replace(self, target)
    ~~~~~~~~~~^^^^^^^^^^^^^^
PermissionError: [WinError 5] Отказано в доступе: 'D:\\GIT\\okx-trading-bot\\v12x\\v120\\runtime\\remote_bridge\\state\\remote_state.json.tmp' -> 'D:\\GIT\\okx-trading-bot\\v12x\\v120\\runtime\\remote_bridge\\state\\remote_state.json'
2026-03-30 19:42:09,905 | ERROR | remote_control | controller:write_state:62 | remote_state_write_failed
Traceback (most recent call last):
  File "D:\GIT\okx-trading-bot\v12x\v120\remote_control\controller.py", line 60, in write_state
    self.bridge.write_state(payload)
    ~~~~~~~~~~~~~~~~~~~~~~~^^^^^^^^^
  File "D:\GIT\okx-trading-bot\v12x\v120\remote_control\bridge.py", line 23, in write_state
    tmp.replace(target)
    ~~~~~~~~~~~^^^^^^^^
  File "C:\Users\Home\AppData\Local\Python\pythoncore-3.14-64\Lib\pathlib\__init__.py", line 1091, in replace
    os.replace(self, target)
    ~~~~~~~~~~^^^^^^^^^^^^^^
PermissionError: [WinError 5] Отказано в доступе: 'D:\\GIT\\okx-trading-bot\\v12x\\v120\\runtime\\remote_bridge\\state\\remote_state.json.tmp' -> 'D:\\GIT\\okx-trading-bot\\v12x\\v120\\runtime\\remote_bridge\\state\\remote_state.json'
2026-03-30 19:49:36,856 | ERROR | remote_control | controller:write_state:62 | remote_state_write_failed
Traceback (most recent call last):
  File "D:\GIT\okx-trading-bot\v12x\v120\remote_control\controller.py", line 60, in write_state
    self.bridge.write_state(payload)
    ~~~~~~~~~~~~~~~~~~~~~~~^^^^^^^^^
  File "D:\GIT\okx-trading-bot\v12x\v120\remote_control\bridge.py", line 23, in write_state
    tmp.replace(target)
    ~~~~~~~~~~~^^^^^^^^
  File "C:\Users\Home\AppData\Local\Python\pythoncore-3.14-64\Lib\pathlib\__init__.py", line 1091, in replace
    os.replace(self, target)
    ~~~~~~~~~~^^^^^^^^^^^^^^
PermissionError: [WinError 5] Отказано в доступе: 'D:\\GIT\\okx-trading-bot\\v12x\\v120\\runtime\\remote_bridge\\state\\remote_state.json.tmp' -> 'D:\\GIT\\okx-trading-bot\\v12x\\v120\\runtime\\remote_bridge\\state\\remote_state.json'
2026-03-30 19:53:23,385 | ERROR | remote_control | controller:write_state:62 | remote_state_write_failed
Traceback (most recent call last):
  File "D:\GIT\okx-trading-bot\v12x\v120\remote_control\controller.py", line 60, in write_state
    self.bridge.write_state(payload)
    ~~~~~~~~~~~~~~~~~~~~~~~^^^^^^^^^
  File "D:\GIT\okx-trading-bot\v12x\v120\remote_control\bridge.py", line 23, in write_state
    tmp.replace(target)
    ~~~~~~~~~~~^^^^^^^^
  File "C:\Users\Home\AppData\Local\Python\pythoncore-3.14-64\Lib\pathlib\__init__.py", line 1091, in replace
    os.replace(self, target)
    ~~~~~~~~~~^^^^^^^^^^^^^^
PermissionError: [WinError 5] Отказано в доступе: 'D:\\GIT\\okx-trading-bot\\v12x\\v120\\runtime\\remote_bridge\\state\\remote_state.json.tmp' -> 'D:\\GIT\\okx-trading-bot\\v12x\\v120\\runtime\\remote_bridge\\state\\remote_state.json'
2026-03-30 19:53:29,419 | ERROR | remote_control | controller:write_state:62 | remote_state_write_failed
Traceback (most recent call last):
  File "D:\GIT\okx-trading-bot\v12x\v120\remote_control\controller.py", line 60, in write_state
    self.bridge.write_state(payload)
    ~~~~~~~~~~~~~~~~~~~~~~~^^^^^^^^^
  File "D:\GIT\okx-trading-bot\v12x\v120\remote_control\bridge.py", line 23, in write_state
    tmp.replace(target)
    ~~~~~~~~~~~^^^^^^^^
  File "C:\Users\Home\AppData\Local\Python\pythoncore-3.14-64\Lib\pathlib\__init__.py", line 1091, in replace
    os.replace(self, target)
    ~~~~~~~~~~^^^^^^^^^^^^^^
PermissionError: [WinError 5] Отказано в доступе: 'D:\\GIT\\okx-trading-bot\\v12x\\v120\\runtime\\remote_bridge\\state\\remote_state.json.tmp' -> 'D:\\GIT\\okx-trading-bot\\v12x\\v120\\runtime\\remote_bridge\\state\\remote_state.json'
2026-03-30 19:57:08,406 | ERROR | remote_control | controller:write_state:62 | remote_state_write_failed
Traceback (most recent call last):
  File "D:\GIT\okx-trading-bot\v12x\v120\remote_control\controller.py", line 60, in write_state
    self.bridge.write_state(payload)
    ~~~~~~~~~~~~~~~~~~~~~~~^^^^^^^^^
  File "D:\GIT\okx-trading-bot\v12x\v120\remote_control\bridge.py", line 23, in write_state
    tmp.replace(target)
    ~~~~~~~~~~~^^^^^^^^
  File "C:\Users\Home\AppData\Local\Python\pythoncore-3.14-64\Lib\pathlib\__init__.py", line 1091, in replace
    os.replace(self, target)
    ~~~~~~~~~~^^^^^^^^^^^^^^
PermissionError: [WinError 5] Отказано в доступе: 'D:\\GIT\\okx-trading-bot\\v12x\\v120\\runtime\\remote_bridge\\state\\remote_state.json.tmp' -> 'D:\\GIT\\okx-trading-bot\\v12x\\v120\\runtime\\remote_bridge\\state\\remote_state.json'
2026-03-30 20:00:42,862 | ERROR | remote_control | controller:write_state:62 | remote_state_write_failed
Traceback (most recent call last):
  File "D:\GIT\okx-trading-bot\v12x\v120\remote_control\controller.py", line 60, in write_state
    self.bridge.write_state(payload)
    ~~~~~~~~~~~~~~~~~~~~~~~^^^^^^^^^
  File "D:\GIT\okx-trading-bot\v12x\v120\remote_control\bridge.py", line 23, in write_state
    tmp.replace(target)
    ~~~~~~~~~~~^^^^^^^^
  File "C:\Users\Home\AppData\Local\Python\pythoncore-3.14-64\Lib\pathlib\__init__.py", line 1091, in replace
    os.replace(self, target)
    ~~~~~~~~~~^^^^^^^^^^^^^^
PermissionError: [WinError 5] Отказано в доступе: 'D:\\GIT\\okx-trading-bot\\v12x\\v120\\runtime\\remote_bridge\\state\\remote_state.json.tmp' -> 'D:\\GIT\\okx-trading-bot\\v12x\\v120\\runtime\\remote_bridge\\state\\remote_state.json'
