2026-03-24 22:07:15,996 | INFO | Telegram worker started | queue=D:\GIT\okx-trading-bot\v10x\v104\runtime\telegram_queue
2026-03-24 22:15:51,539 | ERROR | Telegram worker item processing failed: <urlopen error _ssl.c:1063: The handshake operation timed out>
Traceback (most recent call last):
  File "urllib\request.py", line 1321, in do_open
  File "http\client.py", line 1358, in request
  File "http\client.py", line 1404, in _send_request
  File "http\client.py", line 1353, in endheaders
  File "http\client.py", line 1113, in _send_output
  File "http\client.py", line 1057, in send
  File "http\client.py", line 1499, in connect
  File "ssl.py", line 455, in wrap_socket
  File "ssl.py", line 1076, in _create
  File "ssl.py", line 1372, in do_handshake
TimeoutError: _ssl.c:1063: The handshake operation timed out

During handling of the above exception, another exception occurred:

Traceback (most recent call last):
  File "telegram_notifier.py", line 391, in run_worker_forever
    commands_processed = worker._process_commands()
  File "telegram_notifier.py", line 137, in _process_commands
    with urllib.request.urlopen(request, timeout=15) as response:
         ~~~~~~~~~~~~~~~~~~~~~~^^^^^^^^^^^^^^^^^^^^^
  File "urllib\request.py", line 187, in urlopen
  File "urllib\request.py", line 487, in open
  File "urllib\request.py", line 504, in _open
  File "urllib\request.py", line 464, in _call_chain
  File "urllib\request.py", line 1369, in https_open
  File "urllib\request.py", line 1324, in do_open
urllib.error.URLError: <urlopen error _ssl.c:1063: The handshake operation timed out>
2026-03-24 22:16:09,673 | ERROR | Telegram worker item processing failed: <urlopen error _ssl.c:1063: The handshake operation timed out>
Traceback (most recent call last):
  File "urllib\request.py", line 1321, in do_open
  File "http\client.py", line 1358, in request
  File "http\client.py", line 1404, in _send_request
  File "http\client.py", line 1353, in endheaders
  File "http\client.py", line 1113, in _send_output
  File "http\client.py", line 1057, in send
  File "http\client.py", line 1499, in connect
  File "ssl.py", line 455, in wrap_socket
  File "ssl.py", line 1076, in _create
  File "ssl.py", line 1372, in do_handshake
TimeoutError: _ssl.c:1063: The handshake operation timed out

During handling of the above exception, another exception occurred:

Traceback (most recent call last):
  File "telegram_notifier.py", line 391, in run_worker_forever
    commands_processed = worker._process_commands()
  File "telegram_notifier.py", line 137, in _process_commands
    with urllib.request.urlopen(request, timeout=15) as response:
         ~~~~~~~~~~~~~~~~~~~~~~^^^^^^^^^^^^^^^^^^^^^
  File "urllib\request.py", line 187, in urlopen
  File "urllib\request.py", line 487, in open
  File "urllib\request.py", line 504, in _open
  File "urllib\request.py", line 464, in _call_chain
  File "urllib\request.py", line 1369, in https_open
  File "urllib\request.py", line 1324, in do_open
urllib.error.URLError: <urlopen error _ssl.c:1063: The handshake operation timed out>
2026-03-24 22:16:27,737 | ERROR | Telegram worker item processing failed: <urlopen error _ssl.c:1063: The handshake operation timed out>
Traceback (most recent call last):
  File "urllib\request.py", line 1321, in do_open
  File "http\client.py", line 1358, in request
  File "http\client.py", line 1404, in _send_request
  File "http\client.py", line 1353, in endheaders
  File "http\client.py", line 1113, in _send_output
  File "http\client.py", line 1057, in send
  File "http\client.py", line 1499, in connect
  File "ssl.py", line 455, in wrap_socket
  File "ssl.py", line 1076, in _create
  File "ssl.py", line 1372, in do_handshake
TimeoutError: _ssl.c:1063: The handshake operation timed out

During handling of the above exception, another exception occurred:

Traceback (most recent call last):
  File "telegram_notifier.py", line 391, in run_worker_forever
    commands_processed = worker._process_commands()
  File "telegram_notifier.py", line 137, in _process_commands
    with urllib.request.urlopen(request, timeout=15) as response:
         ~~~~~~~~~~~~~~~~~~~~~~^^^^^^^^^^^^^^^^^^^^^
  File "urllib\request.py", line 187, in urlopen
  File "urllib\request.py", line 487, in open
  File "urllib\request.py", line 504, in _open
  File "urllib\request.py", line 464, in _call_chain
  File "urllib\request.py", line 1369, in https_open
  File "urllib\request.py", line 1324, in do_open
urllib.error.URLError: <urlopen error _ssl.c:1063: The handshake operation timed out>
2026-03-24 22:16:45,808 | ERROR | Telegram worker item processing failed: <urlopen error _ssl.c:1063: The handshake operation timed out>
Traceback (most recent call last):
  File "urllib\request.py", line 1321, in do_open
  File "http\client.py", line 1358, in request
  File "http\client.py", line 1404, in _send_request
  File "http\client.py", line 1353, in endheaders
  File "http\client.py", line 1113, in _send_output
  File "http\client.py", line 1057, in send
  File "http\client.py", line 1499, in connect
  File "ssl.py", line 455, in wrap_socket
  File "ssl.py", line 1076, in _create
  File "ssl.py", line 1372, in do_handshake
TimeoutError: _ssl.c:1063: The handshake operation timed out

During handling of the above exception, another exception occurred:

Traceback (most recent call last):
  File "telegram_notifier.py", line 391, in run_worker_forever
    commands_processed = worker._process_commands()
  File "telegram_notifier.py", line 137, in _process_commands
    with urllib.request.urlopen(request, timeout=15) as response:
         ~~~~~~~~~~~~~~~~~~~~~~^^^^^^^^^^^^^^^^^^^^^
  File "urllib\request.py", line 187, in urlopen
  File "urllib\request.py", line 487, in open
  File "urllib\request.py", line 504, in _open
  File "urllib\request.py", line 464, in _call_chain
  File "urllib\request.py", line 1369, in https_open
  File "urllib\request.py", line 1324, in do_open
urllib.error.URLError: <urlopen error _ssl.c:1063: The handshake operation timed out>
2026-03-24 22:17:03,877 | ERROR | Telegram worker item processing failed: <urlopen error _ssl.c:1063: The handshake operation timed out>
Traceback (most recent call last):
  File "urllib\request.py", line 1321, in do_open
  File "http\client.py", line 1358, in request
  File "http\client.py", line 1404, in _send_request
  File "http\client.py", line 1353, in endheaders
  File "http\client.py", line 1113, in _send_output
  File "http\client.py", line 1057, in send
  File "http\client.py", line 1499, in connect
  File "ssl.py", line 455, in wrap_socket
  File "ssl.py", line 1076, in _create
  File "ssl.py", line 1372, in do_handshake
TimeoutError: _ssl.c:1063: The handshake operation timed out

During handling of the above exception, another exception occurred:

Traceback (most recent call last):
  File "telegram_notifier.py", line 391, in run_worker_forever
    commands_processed = worker._process_commands()
  File "telegram_notifier.py", line 137, in _process_commands
    with urllib.request.urlopen(request, timeout=15) as response:
         ~~~~~~~~~~~~~~~~~~~~~~^^^^^^^^^^^^^^^^^^^^^
  File "urllib\request.py", line 187, in urlopen
  File "urllib\request.py", line 487, in open
  File "urllib\request.py", line 504, in _open
  File "urllib\request.py", line 464, in _call_chain
  File "urllib\request.py", line 1369, in https_open
  File "urllib\request.py", line 1324, in do_open
urllib.error.URLError: <urlopen error _ssl.c:1063: The handshake operation timed out>
2026-03-24 22:17:21,943 | ERROR | Telegram worker item processing failed: <urlopen error _ssl.c:1063: The handshake operation timed out>
Traceback (most recent call last):
  File "urllib\request.py", line 1321, in do_open
  File "http\client.py", line 1358, in request
  File "http\client.py", line 1404, in _send_request
  File "http\client.py", line 1353, in endheaders
  File "http\client.py", line 1113, in _send_output
  File "http\client.py", line 1057, in send
  File "http\client.py", line 1499, in connect
  File "ssl.py", line 455, in wrap_socket
  File "ssl.py", line 1076, in _create
  File "ssl.py", line 1372, in do_handshake
TimeoutError: _ssl.c:1063: The handshake operation timed out

During handling of the above exception, another exception occurred:

Traceback (most recent call last):
  File "telegram_notifier.py", line 391, in run_worker_forever
    commands_processed = worker._process_commands()
  File "telegram_notifier.py", line 137, in _process_commands
    with urllib.request.urlopen(request, timeout=15) as response:
         ~~~~~~~~~~~~~~~~~~~~~~^^^^^^^^^^^^^^^^^^^^^
  File "urllib\request.py", line 187, in urlopen
  File "urllib\request.py", line 487, in open
  File "urllib\request.py", line 504, in _open
  File "urllib\request.py", line 464, in _call_chain
  File "urllib\request.py", line 1369, in https_open
  File "urllib\request.py", line 1324, in do_open
urllib.error.URLError: <urlopen error _ssl.c:1063: The handshake operation timed out>
2026-03-24 22:17:40,006 | ERROR | Telegram worker item processing failed: <urlopen error _ssl.c:1063: The handshake operation timed out>
Traceback (most recent call last):
  File "urllib\request.py", line 1321, in do_open
  File "http\client.py", line 1358, in request
  File "http\client.py", line 1404, in _send_request
  File "http\client.py", line 1353, in endheaders
  File "http\client.py", line 1113, in _send_output
  File "http\client.py", line 1057, in send
  File "http\client.py", line 1499, in connect
  File "ssl.py", line 455, in wrap_socket
  File "ssl.py", line 1076, in _create
  File "ssl.py", line 1372, in do_handshake
TimeoutError: _ssl.c:1063: The handshake operation timed out

During handling of the above exception, another exception occurred:

Traceback (most recent call last):
  File "telegram_notifier.py", line 391, in run_worker_forever
    commands_processed = worker._process_commands()
  File "telegram_notifier.py", line 137, in _process_commands
    with urllib.request.urlopen(request, timeout=15) as response:
         ~~~~~~~~~~~~~~~~~~~~~~^^^^^^^^^^^^^^^^^^^^^
  File "urllib\request.py", line 187, in urlopen
  File "urllib\request.py", line 487, in open
  File "urllib\request.py", line 504, in _open
  File "urllib\request.py", line 464, in _call_chain
  File "urllib\request.py", line 1369, in https_open
  File "urllib\request.py", line 1324, in do_open
urllib.error.URLError: <urlopen error _ssl.c:1063: The handshake operation timed out>
2026-03-24 22:17:58,063 | ERROR | Telegram worker item processing failed: <urlopen error _ssl.c:1063: The handshake operation timed out>
Traceback (most recent call last):
  File "urllib\request.py", line 1321, in do_open
  File "http\client.py", line 1358, in request
  File "http\client.py", line 1404, in _send_request
  File "http\client.py", line 1353, in endheaders
  File "http\client.py", line 1113, in _send_output
  File "http\client.py", line 1057, in send
  File "http\client.py", line 1499, in connect
  File "ssl.py", line 455, in wrap_socket
  File "ssl.py", line 1076, in _create
  File "ssl.py", line 1372, in do_handshake
TimeoutError: _ssl.c:1063: The handshake operation timed out

During handling of the above exception, another exception occurred:

Traceback (most recent call last):
  File "telegram_notifier.py", line 391, in run_worker_forever
    commands_processed = worker._process_commands()
  File "telegram_notifier.py", line 137, in _process_commands
    with urllib.request.urlopen(request, timeout=15) as response:
         ~~~~~~~~~~~~~~~~~~~~~~^^^^^^^^^^^^^^^^^^^^^
  File "urllib\request.py", line 187, in urlopen
  File "urllib\request.py", line 487, in open
  File "urllib\request.py", line 504, in _open
  File "urllib\request.py", line 464, in _call_chain
  File "urllib\request.py", line 1369, in https_open
  File "urllib\request.py", line 1324, in do_open
urllib.error.URLError: <urlopen error _ssl.c:1063: The handshake operation timed out>
2026-03-24 22:18:16,134 | ERROR | Telegram worker item processing failed: <urlopen error _ssl.c:1063: The handshake operation timed out>
Traceback (most recent call last):
  File "urllib\request.py", line 1321, in do_open
  File "http\client.py", line 1358, in request
  File "http\client.py", line 1404, in _send_request
  File "http\client.py", line 1353, in endheaders
  File "http\client.py", line 1113, in _send_output
  File "http\client.py", line 1057, in send
  File "http\client.py", line 1499, in connect
  File "ssl.py", line 455, in wrap_socket
  File "ssl.py", line 1076, in _create
  File "ssl.py", line 1372, in do_handshake
TimeoutError: _ssl.c:1063: The handshake operation timed out

During handling of the above exception, another exception occurred:

Traceback (most recent call last):
  File "telegram_notifier.py", line 391, in run_worker_forever
    commands_processed = worker._process_commands()
  File "telegram_notifier.py", line 137, in _process_commands
    with urllib.request.urlopen(request, timeout=15) as response:
         ~~~~~~~~~~~~~~~~~~~~~~^^^^^^^^^^^^^^^^^^^^^
  File "urllib\request.py", line 187, in urlopen
  File "urllib\request.py", line 487, in open
  File "urllib\request.py", line 504, in _open
  File "urllib\request.py", line 464, in _call_chain
  File "urllib\request.py", line 1369, in https_open
  File "urllib\request.py", line 1324, in do_open
urllib.error.URLError: <urlopen error _ssl.c:1063: The handshake operation timed out>
2026-03-24 22:18:34,197 | ERROR | Telegram worker item processing failed: <urlopen error _ssl.c:1063: The handshake operation timed out>
Traceback (most recent call last):
  File "urllib\request.py", line 1321, in do_open
  File "http\client.py", line 1358, in request
  File "http\client.py", line 1404, in _send_request
  File "http\client.py", line 1353, in endheaders
  File "http\client.py", line 1113, in _send_output
  File "http\client.py", line 1057, in send
  File "http\client.py", line 1499, in connect
  File "ssl.py", line 455, in wrap_socket
  File "ssl.py", line 1076, in _create
  File "ssl.py", line 1372, in do_handshake
TimeoutError: _ssl.c:1063: The handshake operation timed out

During handling of the above exception, another exception occurred:

Traceback (most recent call last):
  File "telegram_notifier.py", line 391, in run_worker_forever
    commands_processed = worker._process_commands()
  File "telegram_notifier.py", line 137, in _process_commands
    with urllib.request.urlopen(request, timeout=15) as response:
         ~~~~~~~~~~~~~~~~~~~~~~^^^^^^^^^^^^^^^^^^^^^
  File "urllib\request.py", line 187, in urlopen
  File "urllib\request.py", line 487, in open
  File "urllib\request.py", line 504, in _open
  File "urllib\request.py", line 464, in _call_chain
  File "urllib\request.py", line 1369, in https_open
  File "urllib\request.py", line 1324, in do_open
urllib.error.URLError: <urlopen error _ssl.c:1063: The handshake operation timed out>
2026-03-24 22:18:52,256 | ERROR | Telegram worker item processing failed: <urlopen error _ssl.c:1063: The handshake operation timed out>
Traceback (most recent call last):
  File "urllib\request.py", line 1321, in do_open
  File "http\client.py", line 1358, in request
  File "http\client.py", line 1404, in _send_request
  File "http\client.py", line 1353, in endheaders
  File "http\client.py", line 1113, in _send_output
  File "http\client.py", line 1057, in send
  File "http\client.py", line 1499, in connect
  File "ssl.py", line 455, in wrap_socket
  File "ssl.py", line 1076, in _create
  File "ssl.py", line 1372, in do_handshake
TimeoutError: _ssl.c:1063: The handshake operation timed out

During handling of the above exception, another exception occurred:

Traceback (most recent call last):
  File "telegram_notifier.py", line 391, in run_worker_forever
    commands_processed = worker._process_commands()
  File "telegram_notifier.py", line 137, in _process_commands
    with urllib.request.urlopen(request, timeout=15) as response:
         ~~~~~~~~~~~~~~~~~~~~~~^^^^^^^^^^^^^^^^^^^^^
  File "urllib\request.py", line 187, in urlopen
  File "urllib\request.py", line 487, in open
  File "urllib\request.py", line 504, in _open
  File "urllib\request.py", line 464, in _call_chain
  File "urllib\request.py", line 1369, in https_open
  File "urllib\request.py", line 1324, in do_open
urllib.error.URLError: <urlopen error _ssl.c:1063: The handshake operation timed out>
2026-03-24 22:19:10,317 | ERROR | Telegram worker item processing failed: <urlopen error _ssl.c:1063: The handshake operation timed out>
Traceback (most recent call last):
  File "urllib\request.py", line 1321, in do_open
  File "http\client.py", line 1358, in request
  File "http\client.py", line 1404, in _send_request
  File "http\client.py", line 1353, in endheaders
  File "http\client.py", line 1113, in _send_output
  File "http\client.py", line 1057, in send
  File "http\client.py", line 1499, in connect
  File "ssl.py", line 455, in wrap_socket
  File "ssl.py", line 1076, in _create
  File "ssl.py", line 1372, in do_handshake
TimeoutError: _ssl.c:1063: The handshake operation timed out

During handling of the above exception, another exception occurred:

Traceback (most recent call last):
  File "telegram_notifier.py", line 391, in run_worker_forever
    commands_processed = worker._process_commands()
  File "telegram_notifier.py", line 137, in _process_commands
    with urllib.request.urlopen(request, timeout=15) as response:
         ~~~~~~~~~~~~~~~~~~~~~~^^^^^^^^^^^^^^^^^^^^^
  File "urllib\request.py", line 187, in urlopen
  File "urllib\request.py", line 487, in open
  File "urllib\request.py", line 504, in _open
  File "urllib\request.py", line 464, in _call_chain
  File "urllib\request.py", line 1369, in https_open
  File "urllib\request.py", line 1324, in do_open
urllib.error.URLError: <urlopen error _ssl.c:1063: The handshake operation timed out>
2026-03-24 22:19:22,993 | ERROR | Telegram worker item processing failed: <urlopen error [WinError 10054] Удаленный хост принудительно разорвал существующее подключение>
Traceback (most recent call last):
  File "urllib\request.py", line 1321, in do_open
  File "http\client.py", line 1358, in request
  File "http\client.py", line 1404, in _send_request
  File "http\client.py", line 1353, in endheaders
  File "http\client.py", line 1113, in _send_output
  File "http\client.py", line 1057, in send
  File "http\client.py", line 1499, in connect
  File "ssl.py", line 455, in wrap_socket
  File "ssl.py", line 1076, in _create
  File "ssl.py", line 1372, in do_handshake
ConnectionResetError: [WinError 10054] Удаленный хост принудительно разорвал существующее подключение

During handling of the above exception, another exception occurred:

Traceback (most recent call last):
  File "telegram_notifier.py", line 391, in run_worker_forever
    commands_processed = worker._process_commands()
  File "telegram_notifier.py", line 137, in _process_commands
    with urllib.request.urlopen(request, timeout=15) as response:
         ~~~~~~~~~~~~~~~~~~~~~~^^^^^^^^^^^^^^^^^^^^^
  File "urllib\request.py", line 187, in urlopen
  File "urllib\request.py", line 487, in open
  File "urllib\request.py", line 504, in _open
  File "urllib\request.py", line 464, in _call_chain
  File "urllib\request.py", line 1369, in https_open
  File "urllib\request.py", line 1324, in do_open
urllib.error.URLError: <urlopen error [WinError 10054] Удаленный хост принудительно разорвал существующее подключение>
2026-03-24 22:19:41,059 | ERROR | Telegram worker item processing failed: <urlopen error _ssl.c:1063: The handshake operation timed out>
Traceback (most recent call last):
  File "urllib\request.py", line 1321, in do_open
  File "http\client.py", line 1358, in request
  File "http\client.py", line 1404, in _send_request
  File "http\client.py", line 1353, in endheaders
  File "http\client.py", line 1113, in _send_output
  File "http\client.py", line 1057, in send
  File "http\client.py", line 1499, in connect
  File "ssl.py", line 455, in wrap_socket
  File "ssl.py", line 1076, in _create
  File "ssl.py", line 1372, in do_handshake
TimeoutError: _ssl.c:1063: The handshake operation timed out

During handling of the above exception, another exception occurred:

Traceback (most recent call last):
  File "telegram_notifier.py", line 391, in run_worker_forever
    commands_processed = worker._process_commands()
  File "telegram_notifier.py", line 137, in _process_commands
    with urllib.request.urlopen(request, timeout=15) as response:
         ~~~~~~~~~~~~~~~~~~~~~~^^^^^^^^^^^^^^^^^^^^^
  File "urllib\request.py", line 187, in urlopen
  File "urllib\request.py", line 487, in open
  File "urllib\request.py", line 504, in _open
  File "urllib\request.py", line 464, in _call_chain
  File "urllib\request.py", line 1369, in https_open
  File "urllib\request.py", line 1324, in do_open
urllib.error.URLError: <urlopen error _ssl.c:1063: The handshake operation timed out>
2026-03-24 22:19:59,111 | ERROR | Telegram worker item processing failed: <urlopen error _ssl.c:1063: The handshake operation timed out>
Traceback (most recent call last):
  File "urllib\request.py", line 1321, in do_open
  File "http\client.py", line 1358, in request
  File "http\client.py", line 1404, in _send_request
  File "http\client.py", line 1353, in endheaders
  File "http\client.py", line 1113, in _send_output
  File "http\client.py", line 1057, in send
  File "http\client.py", line 1499, in connect
  File "ssl.py", line 455, in wrap_socket
  File "ssl.py", line 1076, in _create
  File "ssl.py", line 1372, in do_handshake
TimeoutError: _ssl.c:1063: The handshake operation timed out

During handling of the above exception, another exception occurred:

Traceback (most recent call last):
  File "telegram_notifier.py", line 391, in run_worker_forever
    commands_processed = worker._process_commands()
  File "telegram_notifier.py", line 137, in _process_commands
    with urllib.request.urlopen(request, timeout=15) as response:
         ~~~~~~~~~~~~~~~~~~~~~~^^^^^^^^^^^^^^^^^^^^^
  File "urllib\request.py", line 187, in urlopen
  File "urllib\request.py", line 487, in open
  File "urllib\request.py", line 504, in _open
  File "urllib\request.py", line 464, in _call_chain
  File "urllib\request.py", line 1369, in https_open
  File "urllib\request.py", line 1324, in do_open
urllib.error.URLError: <urlopen error _ssl.c:1063: The handshake operation timed out>
2026-03-24 22:20:17,177 | ERROR | Telegram worker item processing failed: <urlopen error _ssl.c:1063: The handshake operation timed out>
Traceback (most recent call last):
  File "urllib\request.py", line 1321, in do_open
  File "http\client.py", line 1358, in request
  File "http\client.py", line 1404, in _send_request
  File "http\client.py", line 1353, in endheaders
  File "http\client.py", line 1113, in _send_output
  File "http\client.py", line 1057, in send
  File "http\client.py", line 1499, in connect
  File "ssl.py", line 455, in wrap_socket
  File "ssl.py", line 1076, in _create
  File "ssl.py", line 1372, in do_handshake
TimeoutError: _ssl.c:1063: The handshake operation timed out

During handling of the above exception, another exception occurred:

Traceback (most recent call last):
  File "telegram_notifier.py", line 391, in run_worker_forever
    commands_processed = worker._process_commands()
  File "telegram_notifier.py", line 137, in _process_commands
    with urllib.request.urlopen(request, timeout=15) as response:
         ~~~~~~~~~~~~~~~~~~~~~~^^^^^^^^^^^^^^^^^^^^^
  File "urllib\request.py", line 187, in urlopen
  File "urllib\request.py", line 487, in open
  File "urllib\request.py", line 504, in _open
  File "urllib\request.py", line 464, in _call_chain
  File "urllib\request.py", line 1369, in https_open
  File "urllib\request.py", line 1324, in do_open
urllib.error.URLError: <urlopen error _ssl.c:1063: The handshake operation timed out>
2026-03-24 22:20:35,234 | ERROR | Telegram worker item processing failed: <urlopen error _ssl.c:1063: The handshake operation timed out>
Traceback (most recent call last):
  File "urllib\request.py", line 1321, in do_open
  File "http\client.py", line 1358, in request
  File "http\client.py", line 1404, in _send_request
  File "http\client.py", line 1353, in endheaders
  File "http\client.py", line 1113, in _send_output
  File "http\client.py", line 1057, in send
  File "http\client.py", line 1499, in connect
  File "ssl.py", line 455, in wrap_socket
  File "ssl.py", line 1076, in _create
  File "ssl.py", line 1372, in do_handshake
TimeoutError: _ssl.c:1063: The handshake operation timed out

During handling of the above exception, another exception occurred:

Traceback (most recent call last):
  File "telegram_notifier.py", line 391, in run_worker_forever
    commands_processed = worker._process_commands()
  File "telegram_notifier.py", line 137, in _process_commands
    with urllib.request.urlopen(request, timeout=15) as response:
         ~~~~~~~~~~~~~~~~~~~~~~^^^^^^^^^^^^^^^^^^^^^
  File "urllib\request.py", line 187, in urlopen
  File "urllib\request.py", line 487, in open
  File "urllib\request.py", line 504, in _open
  File "urllib\request.py", line 464, in _call_chain
  File "urllib\request.py", line 1369, in https_open
  File "urllib\request.py", line 1324, in do_open
urllib.error.URLError: <urlopen error _ssl.c:1063: The handshake operation timed out>
2026-03-24 22:20:53,283 | ERROR | Telegram worker item processing failed: <urlopen error _ssl.c:1063: The handshake operation timed out>
Traceback (most recent call last):
  File "urllib\request.py", line 1321, in do_open
  File "http\client.py", line 1358, in request
  File "http\client.py", line 1404, in _send_request
  File "http\client.py", line 1353, in endheaders
  File "http\client.py", line 1113, in _send_output
  File "http\client.py", line 1057, in send
  File "http\client.py", line 1499, in connect
  File "ssl.py", line 455, in wrap_socket
  File "ssl.py", line 1076, in _create
  File "ssl.py", line 1372, in do_handshake
TimeoutError: _ssl.c:1063: The handshake operation timed out

During handling of the above exception, another exception occurred:

Traceback (most recent call last):
  File "telegram_notifier.py", line 391, in run_worker_forever
    commands_processed = worker._process_commands()
  File "telegram_notifier.py", line 137, in _process_commands
    with urllib.request.urlopen(request, timeout=15) as response:
         ~~~~~~~~~~~~~~~~~~~~~~^^^^^^^^^^^^^^^^^^^^^
  File "urllib\request.py", line 187, in urlopen
  File "urllib\request.py", line 487, in open
  File "urllib\request.py", line 504, in _open
  File "urllib\request.py", line 464, in _call_chain
  File "urllib\request.py", line 1369, in https_open
  File "urllib\request.py", line 1324, in do_open
urllib.error.URLError: <urlopen error _ssl.c:1063: The handshake operation timed out>
2026-03-24 22:21:11,335 | ERROR | Telegram worker item processing failed: <urlopen error _ssl.c:1063: The handshake operation timed out>
Traceback (most recent call last):
  File "urllib\request.py", line 1321, in do_open
  File "http\client.py", line 1358, in request
  File "http\client.py", line 1404, in _send_request
  File "http\client.py", line 1353, in endheaders
  File "http\client.py", line 1113, in _send_output
  File "http\client.py", line 1057, in send
  File "http\client.py", line 1499, in connect
  File "ssl.py", line 455, in wrap_socket
  File "ssl.py", line 1076, in _create
  File "ssl.py", line 1372, in do_handshake
TimeoutError: _ssl.c:1063: The handshake operation timed out

During handling of the above exception, another exception occurred:

Traceback (most recent call last):
  File "telegram_notifier.py", line 391, in run_worker_forever
    commands_processed = worker._process_commands()
  File "telegram_notifier.py", line 137, in _process_commands
    with urllib.request.urlopen(request, timeout=15) as response:
         ~~~~~~~~~~~~~~~~~~~~~~^^^^^^^^^^^^^^^^^^^^^
  File "urllib\request.py", line 187, in urlopen
  File "urllib\request.py", line 487, in open
  File "urllib\request.py", line 504, in _open
  File "urllib\request.py", line 464, in _call_chain
  File "urllib\request.py", line 1369, in https_open
  File "urllib\request.py", line 1324, in do_open
urllib.error.URLError: <urlopen error _ssl.c:1063: The handshake operation timed out>
2026-03-24 22:21:29,388 | ERROR | Telegram worker item processing failed: <urlopen error _ssl.c:1063: The handshake operation timed out>
Traceback (most recent call last):
  File "urllib\request.py", line 1321, in do_open
  File "http\client.py", line 1358, in request
  File "http\client.py", line 1404, in _send_request
  File "http\client.py", line 1353, in endheaders
  File "http\client.py", line 1113, in _send_output
  File "http\client.py", line 1057, in send
  File "http\client.py", line 1499, in connect
  File "ssl.py", line 455, in wrap_socket
  File "ssl.py", line 1076, in _create
  File "ssl.py", line 1372, in do_handshake
TimeoutError: _ssl.c:1063: The handshake operation timed out

During handling of the above exception, another exception occurred:

Traceback (most recent call last):
  File "telegram_notifier.py", line 391, in run_worker_forever
    commands_processed = worker._process_commands()
  File "telegram_notifier.py", line 137, in _process_commands
    with urllib.request.urlopen(request, timeout=15) as response:
         ~~~~~~~~~~~~~~~~~~~~~~^^^^^^^^^^^^^^^^^^^^^
  File "urllib\request.py", line 187, in urlopen
  File "urllib\request.py", line 487, in open
  File "urllib\request.py", line 504, in _open
  File "urllib\request.py", line 464, in _call_chain
  File "urllib\request.py", line 1369, in https_open
  File "urllib\request.py", line 1324, in do_open
urllib.error.URLError: <urlopen error _ssl.c:1063: The handshake operation timed out>
2026-03-24 22:21:47,440 | ERROR | Telegram worker item processing failed: <urlopen error _ssl.c:1063: The handshake operation timed out>
Traceback (most recent call last):
  File "urllib\request.py", line 1321, in do_open
  File "http\client.py", line 1358, in request
  File "http\client.py", line 1404, in _send_request
  File "http\client.py", line 1353, in endheaders
  File "http\client.py", line 1113, in _send_output
  File "http\client.py", line 1057, in send
  File "http\client.py", line 1499, in connect
  File "ssl.py", line 455, in wrap_socket
  File "ssl.py", line 1076, in _create
  File "ssl.py", line 1372, in do_handshake
TimeoutError: _ssl.c:1063: The handshake operation timed out

During handling of the above exception, another exception occurred:

Traceback (most recent call last):
  File "telegram_notifier.py", line 391, in run_worker_forever
    commands_processed = worker._process_commands()
  File "telegram_notifier.py", line 137, in _process_commands
    with urllib.request.urlopen(request, timeout=15) as response:
         ~~~~~~~~~~~~~~~~~~~~~~^^^^^^^^^^^^^^^^^^^^^
  File "urllib\request.py", line 187, in urlopen
  File "urllib\request.py", line 487, in open
  File "urllib\request.py", line 504, in _open
  File "urllib\request.py", line 464, in _call_chain
  File "urllib\request.py", line 1369, in https_open
  File "urllib\request.py", line 1324, in do_open
urllib.error.URLError: <urlopen error _ssl.c:1063: The handshake operation timed out>
2026-03-24 22:22:05,489 | ERROR | Telegram worker item processing failed: <urlopen error _ssl.c:1063: The handshake operation timed out>
Traceback (most recent call last):
  File "urllib\request.py", line 1321, in do_open
  File "http\client.py", line 1358, in request
  File "http\client.py", line 1404, in _send_request
  File "http\client.py", line 1353, in endheaders
  File "http\client.py", line 1113, in _send_output
  File "http\client.py", line 1057, in send
  File "http\client.py", line 1499, in connect
  File "ssl.py", line 455, in wrap_socket
  File "ssl.py", line 1076, in _create
  File "ssl.py", line 1372, in do_handshake
TimeoutError: _ssl.c:1063: The handshake operation timed out

During handling of the above exception, another exception occurred:

Traceback (most recent call last):
  File "telegram_notifier.py", line 391, in run_worker_forever
    commands_processed = worker._process_commands()
  File "telegram_notifier.py", line 137, in _process_commands
    with urllib.request.urlopen(request, timeout=15) as response:
         ~~~~~~~~~~~~~~~~~~~~~~^^^^^^^^^^^^^^^^^^^^^
  File "urllib\request.py", line 187, in urlopen
  File "urllib\request.py", line 487, in open
  File "urllib\request.py", line 504, in _open
  File "urllib\request.py", line 464, in _call_chain
  File "urllib\request.py", line 1369, in https_open
  File "urllib\request.py", line 1324, in do_open
urllib.error.URLError: <urlopen error _ssl.c:1063: The handshake operation timed out>
2026-03-24 22:22:23,547 | ERROR | Telegram worker item processing failed: <urlopen error _ssl.c:1063: The handshake operation timed out>
Traceback (most recent call last):
  File "urllib\request.py", line 1321, in do_open
  File "http\client.py", line 1358, in request
  File "http\client.py", line 1404, in _send_request
  File "http\client.py", line 1353, in endheaders
  File "http\client.py", line 1113, in _send_output
  File "http\client.py", line 1057, in send
  File "http\client.py", line 1499, in connect
  File "ssl.py", line 455, in wrap_socket
  File "ssl.py", line 1076, in _create
  File "ssl.py", line 1372, in do_handshake
TimeoutError: _ssl.c:1063: The handshake operation timed out

During handling of the above exception, another exception occurred:

Traceback (most recent call last):
  File "telegram_notifier.py", line 391, in run_worker_forever
    commands_processed = worker._process_commands()
  File "telegram_notifier.py", line 137, in _process_commands
    with urllib.request.urlopen(request, timeout=15) as response:
         ~~~~~~~~~~~~~~~~~~~~~~^^^^^^^^^^^^^^^^^^^^^
  File "urllib\request.py", line 187, in urlopen
  File "urllib\request.py", line 487, in open
  File "urllib\request.py", line 504, in _open
  File "urllib\request.py", line 464, in _call_chain
  File "urllib\request.py", line 1369, in https_open
  File "urllib\request.py", line 1324, in do_open
urllib.error.URLError: <urlopen error _ssl.c:1063: The handshake operation timed out>
2026-03-24 22:22:41,610 | ERROR | Telegram worker item processing failed: <urlopen error _ssl.c:1063: The handshake operation timed out>
Traceback (most recent call last):
  File "urllib\request.py", line 1321, in do_open
  File "http\client.py", line 1358, in request
  File "http\client.py", line 1404, in _send_request
  File "http\client.py", line 1353, in endheaders
  File "http\client.py", line 1113, in _send_output
  File "http\client.py", line 1057, in send
  File "http\client.py", line 1499, in connect
  File "ssl.py", line 455, in wrap_socket
  File "ssl.py", line 1076, in _create
  File "ssl.py", line 1372, in do_handshake
TimeoutError: _ssl.c:1063: The handshake operation timed out

During handling of the above exception, another exception occurred:

Traceback (most recent call last):
  File "telegram_notifier.py", line 391, in run_worker_forever
    commands_processed = worker._process_commands()
  File "telegram_notifier.py", line 137, in _process_commands
    with urllib.request.urlopen(request, timeout=15) as response:
         ~~~~~~~~~~~~~~~~~~~~~~^^^^^^^^^^^^^^^^^^^^^
  File "urllib\request.py", line 187, in urlopen
  File "urllib\request.py", line 487, in open
  File "urllib\request.py", line 504, in _open
  File "urllib\request.py", line 464, in _call_chain
  File "urllib\request.py", line 1369, in https_open
  File "urllib\request.py", line 1324, in do_open
urllib.error.URLError: <urlopen error _ssl.c:1063: The handshake operation timed out>
2026-03-24 22:22:59,661 | ERROR | Telegram worker item processing failed: <urlopen error _ssl.c:1063: The handshake operation timed out>
Traceback (most recent call last):
  File "urllib\request.py", line 1321, in do_open
  File "http\client.py", line 1358, in request
  File "http\client.py", line 1404, in _send_request
  File "http\client.py", line 1353, in endheaders
  File "http\client.py", line 1113, in _send_output
  File "http\client.py", line 1057, in send
  File "http\client.py", line 1499, in connect
  File "ssl.py", line 455, in wrap_socket
  File "ssl.py", line 1076, in _create
  File "ssl.py", line 1372, in do_handshake
TimeoutError: _ssl.c:1063: The handshake operation timed out

During handling of the above exception, another exception occurred:

Traceback (most recent call last):
  File "telegram_notifier.py", line 391, in run_worker_forever
    commands_processed = worker._process_commands()
  File "telegram_notifier.py", line 137, in _process_commands
    with urllib.request.urlopen(request, timeout=15) as response:
         ~~~~~~~~~~~~~~~~~~~~~~^^^^^^^^^^^^^^^^^^^^^
  File "urllib\request.py", line 187, in urlopen
  File "urllib\request.py", line 487, in open
  File "urllib\request.py", line 504, in _open
  File "urllib\request.py", line 464, in _call_chain
  File "urllib\request.py", line 1369, in https_open
  File "urllib\request.py", line 1324, in do_open
urllib.error.URLError: <urlopen error _ssl.c:1063: The handshake operation timed out>
2026-03-24 22:23:17,725 | ERROR | Telegram worker item processing failed: <urlopen error _ssl.c:1063: The handshake operation timed out>
Traceback (most recent call last):
  File "urllib\request.py", line 1321, in do_open
  File "http\client.py", line 1358, in request
  File "http\client.py", line 1404, in _send_request
  File "http\client.py", line 1353, in endheaders
  File "http\client.py", line 1113, in _send_output
  File "http\client.py", line 1057, in send
  File "http\client.py", line 1499, in connect
  File "ssl.py", line 455, in wrap_socket
  File "ssl.py", line 1076, in _create
  File "ssl.py", line 1372, in do_handshake
TimeoutError: _ssl.c:1063: The handshake operation timed out

During handling of the above exception, another exception occurred:

Traceback (most recent call last):
  File "telegram_notifier.py", line 391, in run_worker_forever
    commands_processed = worker._process_commands()
  File "telegram_notifier.py", line 137, in _process_commands
    with urllib.request.urlopen(request, timeout=15) as response:
         ~~~~~~~~~~~~~~~~~~~~~~^^^^^^^^^^^^^^^^^^^^^
  File "urllib\request.py", line 187, in urlopen
  File "urllib\request.py", line 487, in open
  File "urllib\request.py", line 504, in _open
  File "urllib\request.py", line 464, in _call_chain
  File "urllib\request.py", line 1369, in https_open
  File "urllib\request.py", line 1324, in do_open
urllib.error.URLError: <urlopen error _ssl.c:1063: The handshake operation timed out>
2026-03-24 22:23:35,783 | ERROR | Telegram worker item processing failed: <urlopen error _ssl.c:1063: The handshake operation timed out>
Traceback (most recent call last):
  File "urllib\request.py", line 1321, in do_open
  File "http\client.py", line 1358, in request
  File "http\client.py", line 1404, in _send_request
  File "http\client.py", line 1353, in endheaders
  File "http\client.py", line 1113, in _send_output
  File "http\client.py", line 1057, in send
  File "http\client.py", line 1499, in connect
  File "ssl.py", line 455, in wrap_socket
  File "ssl.py", line 1076, in _create
  File "ssl.py", line 1372, in do_handshake
TimeoutError: _ssl.c:1063: The handshake operation timed out

During handling of the above exception, another exception occurred:

Traceback (most recent call last):
  File "telegram_notifier.py", line 391, in run_worker_forever
    commands_processed = worker._process_commands()
  File "telegram_notifier.py", line 137, in _process_commands
    with urllib.request.urlopen(request, timeout=15) as response:
         ~~~~~~~~~~~~~~~~~~~~~~^^^^^^^^^^^^^^^^^^^^^
  File "urllib\request.py", line 187, in urlopen
  File "urllib\request.py", line 487, in open
  File "urllib\request.py", line 504, in _open
  File "urllib\request.py", line 464, in _call_chain
  File "urllib\request.py", line 1369, in https_open
  File "urllib\request.py", line 1324, in do_open
urllib.error.URLError: <urlopen error _ssl.c:1063: The handshake operation timed out>
2026-03-24 22:23:53,830 | ERROR | Telegram worker item processing failed: <urlopen error _ssl.c:1063: The handshake operation timed out>
Traceback (most recent call last):
  File "urllib\request.py", line 1321, in do_open
  File "http\client.py", line 1358, in request
  File "http\client.py", line 1404, in _send_request
  File "http\client.py", line 1353, in endheaders
  File "http\client.py", line 1113, in _send_output
  File "http\client.py", line 1057, in send
  File "http\client.py", line 1499, in connect
  File "ssl.py", line 455, in wrap_socket
  File "ssl.py", line 1076, in _create
  File "ssl.py", line 1372, in do_handshake
TimeoutError: _ssl.c:1063: The handshake operation timed out

During handling of the above exception, another exception occurred:

Traceback (most recent call last):
  File "telegram_notifier.py", line 391, in run_worker_forever
    commands_processed = worker._process_commands()
  File "telegram_notifier.py", line 137, in _process_commands
    with urllib.request.urlopen(request, timeout=15) as response:
         ~~~~~~~~~~~~~~~~~~~~~~^^^^^^^^^^^^^^^^^^^^^
  File "urllib\request.py", line 187, in urlopen
  File "urllib\request.py", line 487, in open
  File "urllib\request.py", line 504, in _open
  File "urllib\request.py", line 464, in _call_chain
  File "urllib\request.py", line 1369, in https_open
  File "urllib\request.py", line 1324, in do_open
urllib.error.URLError: <urlopen error _ssl.c:1063: The handshake operation timed out>
2026-03-24 22:24:11,888 | ERROR | Telegram worker item processing failed: <urlopen error _ssl.c:1063: The handshake operation timed out>
Traceback (most recent call last):
  File "urllib\request.py", line 1321, in do_open
  File "http\client.py", line 1358, in request
  File "http\client.py", line 1404, in _send_request
  File "http\client.py", line 1353, in endheaders
  File "http\client.py", line 1113, in _send_output
  File "http\client.py", line 1057, in send
  File "http\client.py", line 1499, in connect
  File "ssl.py", line 455, in wrap_socket
  File "ssl.py", line 1076, in _create
  File "ssl.py", line 1372, in do_handshake
TimeoutError: _ssl.c:1063: The handshake operation timed out

During handling of the above exception, another exception occurred:

Traceback (most recent call last):
  File "telegram_notifier.py", line 391, in run_worker_forever
    commands_processed = worker._process_commands()
  File "telegram_notifier.py", line 137, in _process_commands
    with urllib.request.urlopen(request, timeout=15) as response:
         ~~~~~~~~~~~~~~~~~~~~~~^^^^^^^^^^^^^^^^^^^^^
  File "urllib\request.py", line 187, in urlopen
  File "urllib\request.py", line 487, in open
  File "urllib\request.py", line 504, in _open
  File "urllib\request.py", line 464, in _call_chain
  File "urllib\request.py", line 1369, in https_open
  File "urllib\request.py", line 1324, in do_open
urllib.error.URLError: <urlopen error _ssl.c:1063: The handshake operation timed out>
2026-03-24 22:24:29,949 | ERROR | Telegram worker item processing failed: <urlopen error _ssl.c:1063: The handshake operation timed out>
Traceback (most recent call last):
  File "urllib\request.py", line 1321, in do_open
  File "http\client.py", line 1358, in request
  File "http\client.py", line 1404, in _send_request
  File "http\client.py", line 1353, in endheaders
  File "http\client.py", line 1113, in _send_output
  File "http\client.py", line 1057, in send
  File "http\client.py", line 1499, in connect
  File "ssl.py", line 455, in wrap_socket
  File "ssl.py", line 1076, in _create
  File "ssl.py", line 1372, in do_handshake
TimeoutError: _ssl.c:1063: The handshake operation timed out

During handling of the above exception, another exception occurred:

Traceback (most recent call last):
  File "telegram_notifier.py", line 391, in run_worker_forever
    commands_processed = worker._process_commands()
  File "telegram_notifier.py", line 137, in _process_commands
    with urllib.request.urlopen(request, timeout=15) as response:
         ~~~~~~~~~~~~~~~~~~~~~~^^^^^^^^^^^^^^^^^^^^^
  File "urllib\request.py", line 187, in urlopen
  File "urllib\request.py", line 487, in open
  File "urllib\request.py", line 504, in _open
  File "urllib\request.py", line 464, in _call_chain
  File "urllib\request.py", line 1369, in https_open
  File "urllib\request.py", line 1324, in do_open
urllib.error.URLError: <urlopen error _ssl.c:1063: The handshake operation timed out>
2026-03-24 22:24:48,006 | ERROR | Telegram worker item processing failed: <urlopen error _ssl.c:1063: The handshake operation timed out>
Traceback (most recent call last):
  File "urllib\request.py", line 1321, in do_open
  File "http\client.py", line 1358, in request
  File "http\client.py", line 1404, in _send_request
  File "http\client.py", line 1353, in endheaders
  File "http\client.py", line 1113, in _send_output
  File "http\client.py", line 1057, in send
  File "http\client.py", line 1499, in connect
  File "ssl.py", line 455, in wrap_socket
  File "ssl.py", line 1076, in _create
  File "ssl.py", line 1372, in do_handshake
TimeoutError: _ssl.c:1063: The handshake operation timed out

During handling of the above exception, another exception occurred:

Traceback (most recent call last):
  File "telegram_notifier.py", line 391, in run_worker_forever
    commands_processed = worker._process_commands()
  File "telegram_notifier.py", line 137, in _process_commands
    with urllib.request.urlopen(request, timeout=15) as response:
         ~~~~~~~~~~~~~~~~~~~~~~^^^^^^^^^^^^^^^^^^^^^
  File "urllib\request.py", line 187, in urlopen
  File "urllib\request.py", line 487, in open
  File "urllib\request.py", line 504, in _open
  File "urllib\request.py", line 464, in _call_chain
  File "urllib\request.py", line 1369, in https_open
  File "urllib\request.py", line 1324, in do_open
urllib.error.URLError: <urlopen error _ssl.c:1063: The handshake operation timed out>
2026-03-24 22:25:06,060 | ERROR | Telegram worker item processing failed: <urlopen error _ssl.c:1063: The handshake operation timed out>
Traceback (most recent call last):
  File "urllib\request.py", line 1321, in do_open
  File "http\client.py", line 1358, in request
  File "http\client.py", line 1404, in _send_request
  File "http\client.py", line 1353, in endheaders
  File "http\client.py", line 1113, in _send_output
  File "http\client.py", line 1057, in send
  File "http\client.py", line 1499, in connect
  File "ssl.py", line 455, in wrap_socket
  File "ssl.py", line 1076, in _create
  File "ssl.py", line 1372, in do_handshake
TimeoutError: _ssl.c:1063: The handshake operation timed out

During handling of the above exception, another exception occurred:

Traceback (most recent call last):
  File "telegram_notifier.py", line 391, in run_worker_forever
    commands_processed = worker._process_commands()
  File "telegram_notifier.py", line 137, in _process_commands
    with urllib.request.urlopen(request, timeout=15) as response:
         ~~~~~~~~~~~~~~~~~~~~~~^^^^^^^^^^^^^^^^^^^^^
  File "urllib\request.py", line 187, in urlopen
  File "urllib\request.py", line 487, in open
  File "urllib\request.py", line 504, in _open
  File "urllib\request.py", line 464, in _call_chain
  File "urllib\request.py", line 1369, in https_open
  File "urllib\request.py", line 1324, in do_open
urllib.error.URLError: <urlopen error _ssl.c:1063: The handshake operation timed out>
2026-03-24 22:25:24,111 | ERROR | Telegram worker item processing failed: <urlopen error _ssl.c:1063: The handshake operation timed out>
Traceback (most recent call last):
  File "urllib\request.py", line 1321, in do_open
  File "http\client.py", line 1358, in request
  File "http\client.py", line 1404, in _send_request
  File "http\client.py", line 1353, in endheaders
  File "http\client.py", line 1113, in _send_output
  File "http\client.py", line 1057, in send
  File "http\client.py", line 1499, in connect
  File "ssl.py", line 455, in wrap_socket
  File "ssl.py", line 1076, in _create
  File "ssl.py", line 1372, in do_handshake
TimeoutError: _ssl.c:1063: The handshake operation timed out

During handling of the above exception, another exception occurred:

Traceback (most recent call last):
  File "telegram_notifier.py", line 391, in run_worker_forever
    commands_processed = worker._process_commands()
  File "telegram_notifier.py", line 137, in _process_commands
    with urllib.request.urlopen(request, timeout=15) as response:
         ~~~~~~~~~~~~~~~~~~~~~~^^^^^^^^^^^^^^^^^^^^^
  File "urllib\request.py", line 187, in urlopen
  File "urllib\request.py", line 487, in open
  File "urllib\request.py", line 504, in _open
  File "urllib\request.py", line 464, in _call_chain
  File "urllib\request.py", line 1369, in https_open
  File "urllib\request.py", line 1324, in do_open
urllib.error.URLError: <urlopen error _ssl.c:1063: The handshake operation timed out>
2026-03-24 22:25:42,171 | ERROR | Telegram worker item processing failed: <urlopen error _ssl.c:1063: The handshake operation timed out>
Traceback (most recent call last):
  File "urllib\request.py", line 1321, in do_open
  File "http\client.py", line 1358, in request
  File "http\client.py", line 1404, in _send_request
  File "http\client.py", line 1353, in endheaders
  File "http\client.py", line 1113, in _send_output
  File "http\client.py", line 1057, in send
  File "http\client.py", line 1499, in connect
  File "ssl.py", line 455, in wrap_socket
  File "ssl.py", line 1076, in _create
  File "ssl.py", line 1372, in do_handshake
TimeoutError: _ssl.c:1063: The handshake operation timed out

During handling of the above exception, another exception occurred:

Traceback (most recent call last):
  File "telegram_notifier.py", line 391, in run_worker_forever
    commands_processed = worker._process_commands()
  File "telegram_notifier.py", line 137, in _process_commands
    with urllib.request.urlopen(request, timeout=15) as response:
         ~~~~~~~~~~~~~~~~~~~~~~^^^^^^^^^^^^^^^^^^^^^
  File "urllib\request.py", line 187, in urlopen
  File "urllib\request.py", line 487, in open
  File "urllib\request.py", line 504, in _open
  File "urllib\request.py", line 464, in _call_chain
  File "urllib\request.py", line 1369, in https_open
  File "urllib\request.py", line 1324, in do_open
urllib.error.URLError: <urlopen error _ssl.c:1063: The handshake operation timed out>
2026-03-24 22:26:00,303 | ERROR | Telegram worker item processing failed: <urlopen error _ssl.c:1063: The handshake operation timed out>
Traceback (most recent call last):
  File "urllib\request.py", line 1321, in do_open
  File "http\client.py", line 1358, in request
  File "http\client.py", line 1404, in _send_request
  File "http\client.py", line 1353, in endheaders
  File "http\client.py", line 1113, in _send_output
  File "http\client.py", line 1057, in send
  File "http\client.py", line 1499, in connect
  File "ssl.py", line 455, in wrap_socket
  File "ssl.py", line 1076, in _create
  File "ssl.py", line 1372, in do_handshake
TimeoutError: _ssl.c:1063: The handshake operation timed out

During handling of the above exception, another exception occurred:

Traceback (most recent call last):
  File "telegram_notifier.py", line 391, in run_worker_forever
    commands_processed = worker._process_commands()
  File "telegram_notifier.py", line 137, in _process_commands
    with urllib.request.urlopen(request, timeout=15) as response:
         ~~~~~~~~~~~~~~~~~~~~~~^^^^^^^^^^^^^^^^^^^^^
  File "urllib\request.py", line 187, in urlopen
  File "urllib\request.py", line 487, in open
  File "urllib\request.py", line 504, in _open
  File "urllib\request.py", line 464, in _call_chain
  File "urllib\request.py", line 1369, in https_open
  File "urllib\request.py", line 1324, in do_open
urllib.error.URLError: <urlopen error _ssl.c:1063: The handshake operation timed out>
2026-03-24 22:26:18,368 | ERROR | Telegram worker item processing failed: <urlopen error _ssl.c:1063: The handshake operation timed out>
Traceback (most recent call last):
  File "urllib\request.py", line 1321, in do_open
  File "http\client.py", line 1358, in request
  File "http\client.py", line 1404, in _send_request
  File "http\client.py", line 1353, in endheaders
  File "http\client.py", line 1113, in _send_output
  File "http\client.py", line 1057, in send
  File "http\client.py", line 1499, in connect
  File "ssl.py", line 455, in wrap_socket
  File "ssl.py", line 1076, in _create
  File "ssl.py", line 1372, in do_handshake
TimeoutError: _ssl.c:1063: The handshake operation timed out

During handling of the above exception, another exception occurred:

Traceback (most recent call last):
  File "telegram_notifier.py", line 391, in run_worker_forever
    commands_processed = worker._process_commands()
  File "telegram_notifier.py", line 137, in _process_commands
    with urllib.request.urlopen(request, timeout=15) as response:
         ~~~~~~~~~~~~~~~~~~~~~~^^^^^^^^^^^^^^^^^^^^^
  File "urllib\request.py", line 187, in urlopen
  File "urllib\request.py", line 487, in open
  File "urllib\request.py", line 504, in _open
  File "urllib\request.py", line 464, in _call_chain
  File "urllib\request.py", line 1369, in https_open
  File "urllib\request.py", line 1324, in do_open
urllib.error.URLError: <urlopen error _ssl.c:1063: The handshake operation timed out>
2026-03-24 22:26:36,422 | ERROR | Telegram worker item processing failed: <urlopen error _ssl.c:1063: The handshake operation timed out>
Traceback (most recent call last):
  File "urllib\request.py", line 1321, in do_open
  File "http\client.py", line 1358, in request
  File "http\client.py", line 1404, in _send_request
  File "http\client.py", line 1353, in endheaders
  File "http\client.py", line 1113, in _send_output
  File "http\client.py", line 1057, in send
  File "http\client.py", line 1499, in connect
  File "ssl.py", line 455, in wrap_socket
  File "ssl.py", line 1076, in _create
  File "ssl.py", line 1372, in do_handshake
TimeoutError: _ssl.c:1063: The handshake operation timed out

During handling of the above exception, another exception occurred:

Traceback (most recent call last):
  File "telegram_notifier.py", line 391, in run_worker_forever
    commands_processed = worker._process_commands()
  File "telegram_notifier.py", line 137, in _process_commands
    with urllib.request.urlopen(request, timeout=15) as response:
         ~~~~~~~~~~~~~~~~~~~~~~^^^^^^^^^^^^^^^^^^^^^
  File "urllib\request.py", line 187, in urlopen
  File "urllib\request.py", line 487, in open
  File "urllib\request.py", line 504, in _open
  File "urllib\request.py", line 464, in _call_chain
  File "urllib\request.py", line 1369, in https_open
  File "urllib\request.py", line 1324, in do_open
urllib.error.URLError: <urlopen error _ssl.c:1063: The handshake operation timed out>
2026-03-24 22:26:54,487 | ERROR | Telegram worker item processing failed: <urlopen error _ssl.c:1063: The handshake operation timed out>
Traceback (most recent call last):
  File "urllib\request.py", line 1321, in do_open
  File "http\client.py", line 1358, in request
  File "http\client.py", line 1404, in _send_request
  File "http\client.py", line 1353, in endheaders
  File "http\client.py", line 1113, in _send_output
  File "http\client.py", line 1057, in send
  File "http\client.py", line 1499, in connect
  File "ssl.py", line 455, in wrap_socket
  File "ssl.py", line 1076, in _create
  File "ssl.py", line 1372, in do_handshake
TimeoutError: _ssl.c:1063: The handshake operation timed out

During handling of the above exception, another exception occurred:

Traceback (most recent call last):
  File "telegram_notifier.py", line 391, in run_worker_forever
    commands_processed = worker._process_commands()
  File "telegram_notifier.py", line 137, in _process_commands
    with urllib.request.urlopen(request, timeout=15) as response:
         ~~~~~~~~~~~~~~~~~~~~~~^^^^^^^^^^^^^^^^^^^^^
  File "urllib\request.py", line 187, in urlopen
  File "urllib\request.py", line 487, in open
  File "urllib\request.py", line 504, in _open
  File "urllib\request.py", line 464, in _call_chain
  File "urllib\request.py", line 1369, in https_open
  File "urllib\request.py", line 1324, in do_open
urllib.error.URLError: <urlopen error _ssl.c:1063: The handshake operation timed out>
2026-03-24 22:27:12,551 | ERROR | Telegram worker item processing failed: <urlopen error _ssl.c:1063: The handshake operation timed out>
Traceback (most recent call last):
  File "urllib\request.py", line 1321, in do_open
  File "http\client.py", line 1358, in request
  File "http\client.py", line 1404, in _send_request
  File "http\client.py", line 1353, in endheaders
  File "http\client.py", line 1113, in _send_output
  File "http\client.py", line 1057, in send
  File "http\client.py", line 1499, in connect
  File "ssl.py", line 455, in wrap_socket
  File "ssl.py", line 1076, in _create
  File "ssl.py", line 1372, in do_handshake
TimeoutError: _ssl.c:1063: The handshake operation timed out

During handling of the above exception, another exception occurred:

Traceback (most recent call last):
  File "telegram_notifier.py", line 391, in run_worker_forever
    commands_processed = worker._process_commands()
  File "telegram_notifier.py", line 137, in _process_commands
    with urllib.request.urlopen(request, timeout=15) as response:
         ~~~~~~~~~~~~~~~~~~~~~~^^^^^^^^^^^^^^^^^^^^^
  File "urllib\request.py", line 187, in urlopen
  File "urllib\request.py", line 487, in open
  File "urllib\request.py", line 504, in _open
  File "urllib\request.py", line 464, in _call_chain
  File "urllib\request.py", line 1369, in https_open
  File "urllib\request.py", line 1324, in do_open
urllib.error.URLError: <urlopen error _ssl.c:1063: The handshake operation timed out>
2026-03-24 22:27:30,618 | ERROR | Telegram worker item processing failed: <urlopen error _ssl.c:1063: The handshake operation timed out>
Traceback (most recent call last):
  File "urllib\request.py", line 1321, in do_open
  File "http\client.py", line 1358, in request
  File "http\client.py", line 1404, in _send_request
  File "http\client.py", line 1353, in endheaders
  File "http\client.py", line 1113, in _send_output
  File "http\client.py", line 1057, in send
  File "http\client.py", line 1499, in connect
  File "ssl.py", line 455, in wrap_socket
  File "ssl.py", line 1076, in _create
  File "ssl.py", line 1372, in do_handshake
TimeoutError: _ssl.c:1063: The handshake operation timed out

During handling of the above exception, another exception occurred:

Traceback (most recent call last):
  File "telegram_notifier.py", line 391, in run_worker_forever
    commands_processed = worker._process_commands()
  File "telegram_notifier.py", line 137, in _process_commands
    with urllib.request.urlopen(request, timeout=15) as response:
         ~~~~~~~~~~~~~~~~~~~~~~^^^^^^^^^^^^^^^^^^^^^
  File "urllib\request.py", line 187, in urlopen
  File "urllib\request.py", line 487, in open
  File "urllib\request.py", line 504, in _open
  File "urllib\request.py", line 464, in _call_chain
  File "urllib\request.py", line 1369, in https_open
  File "urllib\request.py", line 1324, in do_open
urllib.error.URLError: <urlopen error _ssl.c:1063: The handshake operation timed out>
2026-03-24 22:27:48,674 | ERROR | Telegram worker item processing failed: <urlopen error _ssl.c:1063: The handshake operation timed out>
Traceback (most recent call last):
  File "urllib\request.py", line 1321, in do_open
  File "http\client.py", line 1358, in request
  File "http\client.py", line 1404, in _send_request
  File "http\client.py", line 1353, in endheaders
  File "http\client.py", line 1113, in _send_output
  File "http\client.py", line 1057, in send
  File "http\client.py", line 1499, in connect
  File "ssl.py", line 455, in wrap_socket
  File "ssl.py", line 1076, in _create
  File "ssl.py", line 1372, in do_handshake
TimeoutError: _ssl.c:1063: The handshake operation timed out

During handling of the above exception, another exception occurred:

Traceback (most recent call last):
  File "telegram_notifier.py", line 391, in run_worker_forever
    commands_processed = worker._process_commands()
  File "telegram_notifier.py", line 137, in _process_commands
    with urllib.request.urlopen(request, timeout=15) as response:
         ~~~~~~~~~~~~~~~~~~~~~~^^^^^^^^^^^^^^^^^^^^^
  File "urllib\request.py", line 187, in urlopen
  File "urllib\request.py", line 487, in open
  File "urllib\request.py", line 504, in _open
  File "urllib\request.py", line 464, in _call_chain
  File "urllib\request.py", line 1369, in https_open
  File "urllib\request.py", line 1324, in do_open
urllib.error.URLError: <urlopen error _ssl.c:1063: The handshake operation timed out>
2026-03-24 22:28:06,729 | ERROR | Telegram worker item processing failed: <urlopen error _ssl.c:1063: The handshake operation timed out>
Traceback (most recent call last):
  File "urllib\request.py", line 1321, in do_open
  File "http\client.py", line 1358, in request
  File "http\client.py", line 1404, in _send_request
  File "http\client.py", line 1353, in endheaders
  File "http\client.py", line 1113, in _send_output
  File "http\client.py", line 1057, in send
  File "http\client.py", line 1499, in connect
  File "ssl.py", line 455, in wrap_socket
  File "ssl.py", line 1076, in _create
  File "ssl.py", line 1372, in do_handshake
TimeoutError: _ssl.c:1063: The handshake operation timed out

During handling of the above exception, another exception occurred:

Traceback (most recent call last):
  File "telegram_notifier.py", line 391, in run_worker_forever
    commands_processed = worker._process_commands()
  File "telegram_notifier.py", line 137, in _process_commands
    with urllib.request.urlopen(request, timeout=15) as response:
         ~~~~~~~~~~~~~~~~~~~~~~^^^^^^^^^^^^^^^^^^^^^
  File "urllib\request.py", line 187, in urlopen
  File "urllib\request.py", line 487, in open
  File "urllib\request.py", line 504, in _open
  File "urllib\request.py", line 464, in _call_chain
  File "urllib\request.py", line 1369, in https_open
  File "urllib\request.py", line 1324, in do_open
urllib.error.URLError: <urlopen error _ssl.c:1063: The handshake operation timed out>
2026-03-24 22:28:24,788 | ERROR | Telegram worker item processing failed: <urlopen error _ssl.c:1063: The handshake operation timed out>
Traceback (most recent call last):
  File "urllib\request.py", line 1321, in do_open
  File "http\client.py", line 1358, in request
  File "http\client.py", line 1404, in _send_request
  File "http\client.py", line 1353, in endheaders
  File "http\client.py", line 1113, in _send_output
  File "http\client.py", line 1057, in send
  File "http\client.py", line 1499, in connect
  File "ssl.py", line 455, in wrap_socket
  File "ssl.py", line 1076, in _create
  File "ssl.py", line 1372, in do_handshake
TimeoutError: _ssl.c:1063: The handshake operation timed out

During handling of the above exception, another exception occurred:

Traceback (most recent call last):
  File "telegram_notifier.py", line 391, in run_worker_forever
    commands_processed = worker._process_commands()
  File "telegram_notifier.py", line 137, in _process_commands
    with urllib.request.urlopen(request, timeout=15) as response:
         ~~~~~~~~~~~~~~~~~~~~~~^^^^^^^^^^^^^^^^^^^^^
  File "urllib\request.py", line 187, in urlopen
  File "urllib\request.py", line 487, in open
  File "urllib\request.py", line 504, in _open
  File "urllib\request.py", line 464, in _call_chain
  File "urllib\request.py", line 1369, in https_open
  File "urllib\request.py", line 1324, in do_open
urllib.error.URLError: <urlopen error _ssl.c:1063: The handshake operation timed out>
2026-03-24 22:28:42,848 | ERROR | Telegram worker item processing failed: <urlopen error _ssl.c:1063: The handshake operation timed out>
Traceback (most recent call last):
  File "urllib\request.py", line 1321, in do_open
  File "http\client.py", line 1358, in request
  File "http\client.py", line 1404, in _send_request
  File "http\client.py", line 1353, in endheaders
  File "http\client.py", line 1113, in _send_output
  File "http\client.py", line 1057, in send
  File "http\client.py", line 1499, in connect
  File "ssl.py", line 455, in wrap_socket
  File "ssl.py", line 1076, in _create
  File "ssl.py", line 1372, in do_handshake
TimeoutError: _ssl.c:1063: The handshake operation timed out

During handling of the above exception, another exception occurred:

Traceback (most recent call last):
  File "telegram_notifier.py", line 391, in run_worker_forever
    commands_processed = worker._process_commands()
  File "telegram_notifier.py", line 137, in _process_commands
    with urllib.request.urlopen(request, timeout=15) as response:
         ~~~~~~~~~~~~~~~~~~~~~~^^^^^^^^^^^^^^^^^^^^^
  File "urllib\request.py", line 187, in urlopen
  File "urllib\request.py", line 487, in open
  File "urllib\request.py", line 504, in _open
  File "urllib\request.py", line 464, in _call_chain
  File "urllib\request.py", line 1369, in https_open
  File "urllib\request.py", line 1324, in do_open
urllib.error.URLError: <urlopen error _ssl.c:1063: The handshake operation timed out>
2026-03-24 22:29:00,906 | ERROR | Telegram worker item processing failed: <urlopen error _ssl.c:1063: The handshake operation timed out>
Traceback (most recent call last):
  File "urllib\request.py", line 1321, in do_open
  File "http\client.py", line 1358, in request
  File "http\client.py", line 1404, in _send_request
  File "http\client.py", line 1353, in endheaders
  File "http\client.py", line 1113, in _send_output
  File "http\client.py", line 1057, in send
  File "http\client.py", line 1499, in connect
  File "ssl.py", line 455, in wrap_socket
  File "ssl.py", line 1076, in _create
  File "ssl.py", line 1372, in do_handshake
TimeoutError: _ssl.c:1063: The handshake operation timed out

During handling of the above exception, another exception occurred:

Traceback (most recent call last):
  File "telegram_notifier.py", line 391, in run_worker_forever
    commands_processed = worker._process_commands()
  File "telegram_notifier.py", line 137, in _process_commands
    with urllib.request.urlopen(request, timeout=15) as response:
         ~~~~~~~~~~~~~~~~~~~~~~^^^^^^^^^^^^^^^^^^^^^
  File "urllib\request.py", line 187, in urlopen
  File "urllib\request.py", line 487, in open
  File "urllib\request.py", line 504, in _open
  File "urllib\request.py", line 464, in _call_chain
  File "urllib\request.py", line 1369, in https_open
  File "urllib\request.py", line 1324, in do_open
urllib.error.URLError: <urlopen error _ssl.c:1063: The handshake operation timed out>
2026-03-24 22:29:18,966 | ERROR | Telegram worker item processing failed: <urlopen error _ssl.c:1063: The handshake operation timed out>
Traceback (most recent call last):
  File "urllib\request.py", line 1321, in do_open
  File "http\client.py", line 1358, in request
  File "http\client.py", line 1404, in _send_request
  File "http\client.py", line 1353, in endheaders
  File "http\client.py", line 1113, in _send_output
  File "http\client.py", line 1057, in send
  File "http\client.py", line 1499, in connect
  File "ssl.py", line 455, in wrap_socket
  File "ssl.py", line 1076, in _create
  File "ssl.py", line 1372, in do_handshake
TimeoutError: _ssl.c:1063: The handshake operation timed out

During handling of the above exception, another exception occurred:

Traceback (most recent call last):
  File "telegram_notifier.py", line 391, in run_worker_forever
    commands_processed = worker._process_commands()
  File "telegram_notifier.py", line 137, in _process_commands
    with urllib.request.urlopen(request, timeout=15) as response:
         ~~~~~~~~~~~~~~~~~~~~~~^^^^^^^^^^^^^^^^^^^^^
  File "urllib\request.py", line 187, in urlopen
  File "urllib\request.py", line 487, in open
  File "urllib\request.py", line 504, in _open
  File "urllib\request.py", line 464, in _call_chain
  File "urllib\request.py", line 1369, in https_open
  File "urllib\request.py", line 1324, in do_open
urllib.error.URLError: <urlopen error _ssl.c:1063: The handshake operation timed out>
2026-03-24 22:29:37,027 | ERROR | Telegram worker item processing failed: <urlopen error _ssl.c:1063: The handshake operation timed out>
Traceback (most recent call last):
  File "urllib\request.py", line 1321, in do_open
  File "http\client.py", line 1358, in request
  File "http\client.py", line 1404, in _send_request
  File "http\client.py", line 1353, in endheaders
  File "http\client.py", line 1113, in _send_output
  File "http\client.py", line 1057, in send
  File "http\client.py", line 1499, in connect
  File "ssl.py", line 455, in wrap_socket
  File "ssl.py", line 1076, in _create
  File "ssl.py", line 1372, in do_handshake
TimeoutError: _ssl.c:1063: The handshake operation timed out

During handling of the above exception, another exception occurred:

Traceback (most recent call last):
  File "telegram_notifier.py", line 391, in run_worker_forever
    commands_processed = worker._process_commands()
  File "telegram_notifier.py", line 137, in _process_commands
    with urllib.request.urlopen(request, timeout=15) as response:
         ~~~~~~~~~~~~~~~~~~~~~~^^^^^^^^^^^^^^^^^^^^^
  File "urllib\request.py", line 187, in urlopen
  File "urllib\request.py", line 487, in open
  File "urllib\request.py", line 504, in _open
  File "urllib\request.py", line 464, in _call_chain
  File "urllib\request.py", line 1369, in https_open
  File "urllib\request.py", line 1324, in do_open
urllib.error.URLError: <urlopen error _ssl.c:1063: The handshake operation timed out>
2026-03-24 22:29:55,079 | ERROR | Telegram worker item processing failed: <urlopen error _ssl.c:1063: The handshake operation timed out>
Traceback (most recent call last):
  File "urllib\request.py", line 1321, in do_open
  File "http\client.py", line 1358, in request
  File "http\client.py", line 1404, in _send_request
  File "http\client.py", line 1353, in endheaders
  File "http\client.py", line 1113, in _send_output
  File "http\client.py", line 1057, in send
  File "http\client.py", line 1499, in connect
  File "ssl.py", line 455, in wrap_socket
  File "ssl.py", line 1076, in _create
  File "ssl.py", line 1372, in do_handshake
TimeoutError: _ssl.c:1063: The handshake operation timed out

During handling of the above exception, another exception occurred:

Traceback (most recent call last):
  File "telegram_notifier.py", line 391, in run_worker_forever
    commands_processed = worker._process_commands()
  File "telegram_notifier.py", line 137, in _process_commands
    with urllib.request.urlopen(request, timeout=15) as response:
         ~~~~~~~~~~~~~~~~~~~~~~^^^^^^^^^^^^^^^^^^^^^
  File "urllib\request.py", line 187, in urlopen
  File "urllib\request.py", line 487, in open
  File "urllib\request.py", line 504, in _open
  File "urllib\request.py", line 464, in _call_chain
  File "urllib\request.py", line 1369, in https_open
  File "urllib\request.py", line 1324, in do_open
urllib.error.URLError: <urlopen error _ssl.c:1063: The handshake operation timed out>
2026-03-24 22:30:13,147 | ERROR | Telegram worker item processing failed: <urlopen error _ssl.c:1063: The handshake operation timed out>
Traceback (most recent call last):
  File "urllib\request.py", line 1321, in do_open
  File "http\client.py", line 1358, in request
  File "http\client.py", line 1404, in _send_request
  File "http\client.py", line 1353, in endheaders
  File "http\client.py", line 1113, in _send_output
  File "http\client.py", line 1057, in send
  File "http\client.py", line 1499, in connect
  File "ssl.py", line 455, in wrap_socket
  File "ssl.py", line 1076, in _create
  File "ssl.py", line 1372, in do_handshake
TimeoutError: _ssl.c:1063: The handshake operation timed out

During handling of the above exception, another exception occurred:

Traceback (most recent call last):
  File "telegram_notifier.py", line 391, in run_worker_forever
    commands_processed = worker._process_commands()
  File "telegram_notifier.py", line 137, in _process_commands
    with urllib.request.urlopen(request, timeout=15) as response:
         ~~~~~~~~~~~~~~~~~~~~~~^^^^^^^^^^^^^^^^^^^^^
  File "urllib\request.py", line 187, in urlopen
  File "urllib\request.py", line 487, in open
  File "urllib\request.py", line 504, in _open
  File "urllib\request.py", line 464, in _call_chain
  File "urllib\request.py", line 1369, in https_open
  File "urllib\request.py", line 1324, in do_open
urllib.error.URLError: <urlopen error _ssl.c:1063: The handshake operation timed out>
2026-03-24 22:30:31,206 | ERROR | Telegram worker item processing failed: <urlopen error _ssl.c:1063: The handshake operation timed out>
Traceback (most recent call last):
  File "urllib\request.py", line 1321, in do_open
  File "http\client.py", line 1358, in request
  File "http\client.py", line 1404, in _send_request
  File "http\client.py", line 1353, in endheaders
  File "http\client.py", line 1113, in _send_output
  File "http\client.py", line 1057, in send
  File "http\client.py", line 1499, in connect
  File "ssl.py", line 455, in wrap_socket
  File "ssl.py", line 1076, in _create
  File "ssl.py", line 1372, in do_handshake
TimeoutError: _ssl.c:1063: The handshake operation timed out

During handling of the above exception, another exception occurred:

Traceback (most recent call last):
  File "telegram_notifier.py", line 391, in run_worker_forever
    commands_processed = worker._process_commands()
  File "telegram_notifier.py", line 137, in _process_commands
    with urllib.request.urlopen(request, timeout=15) as response:
         ~~~~~~~~~~~~~~~~~~~~~~^^^^^^^^^^^^^^^^^^^^^
  File "urllib\request.py", line 187, in urlopen
  File "urllib\request.py", line 487, in open
  File "urllib\request.py", line 504, in _open
  File "urllib\request.py", line 464, in _call_chain
  File "urllib\request.py", line 1369, in https_open
  File "urllib\request.py", line 1324, in do_open
urllib.error.URLError: <urlopen error _ssl.c:1063: The handshake operation timed out>
2026-03-24 22:30:49,271 | ERROR | Telegram worker item processing failed: <urlopen error _ssl.c:1063: The handshake operation timed out>
Traceback (most recent call last):
  File "urllib\request.py", line 1321, in do_open
  File "http\client.py", line 1358, in request
  File "http\client.py", line 1404, in _send_request
  File "http\client.py", line 1353, in endheaders
  File "http\client.py", line 1113, in _send_output
  File "http\client.py", line 1057, in send
  File "http\client.py", line 1499, in connect
  File "ssl.py", line 455, in wrap_socket
  File "ssl.py", line 1076, in _create
  File "ssl.py", line 1372, in do_handshake
TimeoutError: _ssl.c:1063: The handshake operation timed out

During handling of the above exception, another exception occurred:

Traceback (most recent call last):
  File "telegram_notifier.py", line 391, in run_worker_forever
    commands_processed = worker._process_commands()
  File "telegram_notifier.py", line 137, in _process_commands
    with urllib.request.urlopen(request, timeout=15) as response:
         ~~~~~~~~~~~~~~~~~~~~~~^^^^^^^^^^^^^^^^^^^^^
  File "urllib\request.py", line 187, in urlopen
  File "urllib\request.py", line 487, in open
  File "urllib\request.py", line 504, in _open
  File "urllib\request.py", line 464, in _call_chain
  File "urllib\request.py", line 1369, in https_open
  File "urllib\request.py", line 1324, in do_open
urllib.error.URLError: <urlopen error _ssl.c:1063: The handshake operation timed out>
2026-03-24 22:31:07,335 | ERROR | Telegram worker item processing failed: <urlopen error _ssl.c:1063: The handshake operation timed out>
Traceback (most recent call last):
  File "urllib\request.py", line 1321, in do_open
  File "http\client.py", line 1358, in request
  File "http\client.py", line 1404, in _send_request
  File "http\client.py", line 1353, in endheaders
  File "http\client.py", line 1113, in _send_output
  File "http\client.py", line 1057, in send
  File "http\client.py", line 1499, in connect
  File "ssl.py", line 455, in wrap_socket
  File "ssl.py", line 1076, in _create
  File "ssl.py", line 1372, in do_handshake
TimeoutError: _ssl.c:1063: The handshake operation timed out

During handling of the above exception, another exception occurred:

Traceback (most recent call last):
  File "telegram_notifier.py", line 391, in run_worker_forever
    commands_processed = worker._process_commands()
  File "telegram_notifier.py", line 137, in _process_commands
    with urllib.request.urlopen(request, timeout=15) as response:
         ~~~~~~~~~~~~~~~~~~~~~~^^^^^^^^^^^^^^^^^^^^^
  File "urllib\request.py", line 187, in urlopen
  File "urllib\request.py", line 487, in open
  File "urllib\request.py", line 504, in _open
  File "urllib\request.py", line 464, in _call_chain
  File "urllib\request.py", line 1369, in https_open
  File "urllib\request.py", line 1324, in do_open
urllib.error.URLError: <urlopen error _ssl.c:1063: The handshake operation timed out>
2026-03-24 22:31:25,397 | ERROR | Telegram worker item processing failed: <urlopen error _ssl.c:1063: The handshake operation timed out>
Traceback (most recent call last):
  File "urllib\request.py", line 1321, in do_open
  File "http\client.py", line 1358, in request
  File "http\client.py", line 1404, in _send_request
  File "http\client.py", line 1353, in endheaders
  File "http\client.py", line 1113, in _send_output
  File "http\client.py", line 1057, in send
  File "http\client.py", line 1499, in connect
  File "ssl.py", line 455, in wrap_socket
  File "ssl.py", line 1076, in _create
  File "ssl.py", line 1372, in do_handshake
TimeoutError: _ssl.c:1063: The handshake operation timed out

During handling of the above exception, another exception occurred:

Traceback (most recent call last):
  File "telegram_notifier.py", line 391, in run_worker_forever
    commands_processed = worker._process_commands()
  File "telegram_notifier.py", line 137, in _process_commands
    with urllib.request.urlopen(request, timeout=15) as response:
         ~~~~~~~~~~~~~~~~~~~~~~^^^^^^^^^^^^^^^^^^^^^
  File "urllib\request.py", line 187, in urlopen
  File "urllib\request.py", line 487, in open
  File "urllib\request.py", line 504, in _open
  File "urllib\request.py", line 464, in _call_chain
  File "urllib\request.py", line 1369, in https_open
  File "urllib\request.py", line 1324, in do_open
urllib.error.URLError: <urlopen error _ssl.c:1063: The handshake operation timed out>
2026-03-24 22:31:43,449 | ERROR | Telegram worker item processing failed: <urlopen error _ssl.c:1063: The handshake operation timed out>
Traceback (most recent call last):
  File "urllib\request.py", line 1321, in do_open
  File "http\client.py", line 1358, in request
  File "http\client.py", line 1404, in _send_request
  File "http\client.py", line 1353, in endheaders
  File "http\client.py", line 1113, in _send_output
  File "http\client.py", line 1057, in send
  File "http\client.py", line 1499, in connect
  File "ssl.py", line 455, in wrap_socket
  File "ssl.py", line 1076, in _create
  File "ssl.py", line 1372, in do_handshake
TimeoutError: _ssl.c:1063: The handshake operation timed out

During handling of the above exception, another exception occurred:

Traceback (most recent call last):
  File "telegram_notifier.py", line 391, in run_worker_forever
    commands_processed = worker._process_commands()
  File "telegram_notifier.py", line 137, in _process_commands
    with urllib.request.urlopen(request, timeout=15) as response:
         ~~~~~~~~~~~~~~~~~~~~~~^^^^^^^^^^^^^^^^^^^^^
  File "urllib\request.py", line 187, in urlopen
  File "urllib\request.py", line 487, in open
  File "urllib\request.py", line 504, in _open
  File "urllib\request.py", line 464, in _call_chain
  File "urllib\request.py", line 1369, in https_open
  File "urllib\request.py", line 1324, in do_open
urllib.error.URLError: <urlopen error _ssl.c:1063: The handshake operation timed out>
2026-03-24 22:32:01,514 | ERROR | Telegram worker item processing failed: <urlopen error _ssl.c:1063: The handshake operation timed out>
Traceback (most recent call last):
  File "urllib\request.py", line 1321, in do_open
  File "http\client.py", line 1358, in request
  File "http\client.py", line 1404, in _send_request
  File "http\client.py", line 1353, in endheaders
  File "http\client.py", line 1113, in _send_output
  File "http\client.py", line 1057, in send
  File "http\client.py", line 1499, in connect
  File "ssl.py", line 455, in wrap_socket
  File "ssl.py", line 1076, in _create
  File "ssl.py", line 1372, in do_handshake
TimeoutError: _ssl.c:1063: The handshake operation timed out

During handling of the above exception, another exception occurred:

Traceback (most recent call last):
  File "telegram_notifier.py", line 391, in run_worker_forever
    commands_processed = worker._process_commands()
  File "telegram_notifier.py", line 137, in _process_commands
    with urllib.request.urlopen(request, timeout=15) as response:
         ~~~~~~~~~~~~~~~~~~~~~~^^^^^^^^^^^^^^^^^^^^^
  File "urllib\request.py", line 187, in urlopen
  File "urllib\request.py", line 487, in open
  File "urllib\request.py", line 504, in _open
  File "urllib\request.py", line 464, in _call_chain
  File "urllib\request.py", line 1369, in https_open
  File "urllib\request.py", line 1324, in do_open
urllib.error.URLError: <urlopen error _ssl.c:1063: The handshake operation timed out>
2026-03-24 22:32:19,571 | ERROR | Telegram worker item processing failed: <urlopen error _ssl.c:1063: The handshake operation timed out>
Traceback (most recent call last):
  File "urllib\request.py", line 1321, in do_open
  File "http\client.py", line 1358, in request
  File "http\client.py", line 1404, in _send_request
  File "http\client.py", line 1353, in endheaders
  File "http\client.py", line 1113, in _send_output
  File "http\client.py", line 1057, in send
  File "http\client.py", line 1499, in connect
  File "ssl.py", line 455, in wrap_socket
  File "ssl.py", line 1076, in _create
  File "ssl.py", line 1372, in do_handshake
TimeoutError: _ssl.c:1063: The handshake operation timed out

During handling of the above exception, another exception occurred:

Traceback (most recent call last):
  File "telegram_notifier.py", line 391, in run_worker_forever
    commands_processed = worker._process_commands()
  File "telegram_notifier.py", line 137, in _process_commands
    with urllib.request.urlopen(request, timeout=15) as response:
         ~~~~~~~~~~~~~~~~~~~~~~^^^^^^^^^^^^^^^^^^^^^
  File "urllib\request.py", line 187, in urlopen
  File "urllib\request.py", line 487, in open
  File "urllib\request.py", line 504, in _open
  File "urllib\request.py", line 464, in _call_chain
  File "urllib\request.py", line 1369, in https_open
  File "urllib\request.py", line 1324, in do_open
urllib.error.URLError: <urlopen error _ssl.c:1063: The handshake operation timed out>
2026-03-24 22:32:37,624 | ERROR | Telegram worker item processing failed: <urlopen error _ssl.c:1063: The handshake operation timed out>
Traceback (most recent call last):
  File "urllib\request.py", line 1321, in do_open
  File "http\client.py", line 1358, in request
  File "http\client.py", line 1404, in _send_request
  File "http\client.py", line 1353, in endheaders
  File "http\client.py", line 1113, in _send_output
  File "http\client.py", line 1057, in send
  File "http\client.py", line 1499, in connect
  File "ssl.py", line 455, in wrap_socket
  File "ssl.py", line 1076, in _create
  File "ssl.py", line 1372, in do_handshake
TimeoutError: _ssl.c:1063: The handshake operation timed out

During handling of the above exception, another exception occurred:

Traceback (most recent call last):
  File "telegram_notifier.py", line 391, in run_worker_forever
    commands_processed = worker._process_commands()
  File "telegram_notifier.py", line 137, in _process_commands
    with urllib.request.urlopen(request, timeout=15) as response:
         ~~~~~~~~~~~~~~~~~~~~~~^^^^^^^^^^^^^^^^^^^^^
  File "urllib\request.py", line 187, in urlopen
  File "urllib\request.py", line 487, in open
  File "urllib\request.py", line 504, in _open
  File "urllib\request.py", line 464, in _call_chain
  File "urllib\request.py", line 1369, in https_open
  File "urllib\request.py", line 1324, in do_open
urllib.error.URLError: <urlopen error _ssl.c:1063: The handshake operation timed out>
2026-03-24 22:32:55,680 | ERROR | Telegram worker item processing failed: <urlopen error _ssl.c:1063: The handshake operation timed out>
Traceback (most recent call last):
  File "urllib\request.py", line 1321, in do_open
  File "http\client.py", line 1358, in request
  File "http\client.py", line 1404, in _send_request
  File "http\client.py", line 1353, in endheaders
  File "http\client.py", line 1113, in _send_output
  File "http\client.py", line 1057, in send
  File "http\client.py", line 1499, in connect
  File "ssl.py", line 455, in wrap_socket
  File "ssl.py", line 1076, in _create
  File "ssl.py", line 1372, in do_handshake
TimeoutError: _ssl.c:1063: The handshake operation timed out

During handling of the above exception, another exception occurred:

Traceback (most recent call last):
  File "telegram_notifier.py", line 391, in run_worker_forever
    commands_processed = worker._process_commands()
  File "telegram_notifier.py", line 137, in _process_commands
    with urllib.request.urlopen(request, timeout=15) as response:
         ~~~~~~~~~~~~~~~~~~~~~~^^^^^^^^^^^^^^^^^^^^^
  File "urllib\request.py", line 187, in urlopen
  File "urllib\request.py", line 487, in open
  File "urllib\request.py", line 504, in _open
  File "urllib\request.py", line 464, in _call_chain
  File "urllib\request.py", line 1369, in https_open
  File "urllib\request.py", line 1324, in do_open
urllib.error.URLError: <urlopen error _ssl.c:1063: The handshake operation timed out>
2026-03-24 22:33:13,739 | ERROR | Telegram worker item processing failed: <urlopen error _ssl.c:1063: The handshake operation timed out>
Traceback (most recent call last):
  File "urllib\request.py", line 1321, in do_open
  File "http\client.py", line 1358, in request
  File "http\client.py", line 1404, in _send_request
  File "http\client.py", line 1353, in endheaders
  File "http\client.py", line 1113, in _send_output
  File "http\client.py", line 1057, in send
  File "http\client.py", line 1499, in connect
  File "ssl.py", line 455, in wrap_socket
  File "ssl.py", line 1076, in _create
  File "ssl.py", line 1372, in do_handshake
TimeoutError: _ssl.c:1063: The handshake operation timed out

During handling of the above exception, another exception occurred:

Traceback (most recent call last):
  File "telegram_notifier.py", line 391, in run_worker_forever
    commands_processed = worker._process_commands()
  File "telegram_notifier.py", line 137, in _process_commands
    with urllib.request.urlopen(request, timeout=15) as response:
         ~~~~~~~~~~~~~~~~~~~~~~^^^^^^^^^^^^^^^^^^^^^
  File "urllib\request.py", line 187, in urlopen
  File "urllib\request.py", line 487, in open
  File "urllib\request.py", line 504, in _open
  File "urllib\request.py", line 464, in _call_chain
  File "urllib\request.py", line 1369, in https_open
  File "urllib\request.py", line 1324, in do_open
urllib.error.URLError: <urlopen error _ssl.c:1063: The handshake operation timed out>
2026-03-24 22:33:31,798 | ERROR | Telegram worker item processing failed: <urlopen error _ssl.c:1063: The handshake operation timed out>
Traceback (most recent call last):
  File "urllib\request.py", line 1321, in do_open
  File "http\client.py", line 1358, in request
  File "http\client.py", line 1404, in _send_request
  File "http\client.py", line 1353, in endheaders
  File "http\client.py", line 1113, in _send_output
  File "http\client.py", line 1057, in send
  File "http\client.py", line 1499, in connect
  File "ssl.py", line 455, in wrap_socket
  File "ssl.py", line 1076, in _create
  File "ssl.py", line 1372, in do_handshake
TimeoutError: _ssl.c:1063: The handshake operation timed out

During handling of the above exception, another exception occurred:

Traceback (most recent call last):
  File "telegram_notifier.py", line 391, in run_worker_forever
    commands_processed = worker._process_commands()
  File "telegram_notifier.py", line 137, in _process_commands
    with urllib.request.urlopen(request, timeout=15) as response:
         ~~~~~~~~~~~~~~~~~~~~~~^^^^^^^^^^^^^^^^^^^^^
  File "urllib\request.py", line 187, in urlopen
  File "urllib\request.py", line 487, in open
  File "urllib\request.py", line 504, in _open
  File "urllib\request.py", line 464, in _call_chain
  File "urllib\request.py", line 1369, in https_open
  File "urllib\request.py", line 1324, in do_open
urllib.error.URLError: <urlopen error _ssl.c:1063: The handshake operation timed out>
2026-03-24 22:33:49,852 | ERROR | Telegram worker item processing failed: <urlopen error _ssl.c:1063: The handshake operation timed out>
Traceback (most recent call last):
  File "urllib\request.py", line 1321, in do_open
  File "http\client.py", line 1358, in request
  File "http\client.py", line 1404, in _send_request
  File "http\client.py", line 1353, in endheaders
  File "http\client.py", line 1113, in _send_output
  File "http\client.py", line 1057, in send
  File "http\client.py", line 1499, in connect
  File "ssl.py", line 455, in wrap_socket
  File "ssl.py", line 1076, in _create
  File "ssl.py", line 1372, in do_handshake
TimeoutError: _ssl.c:1063: The handshake operation timed out

During handling of the above exception, another exception occurred:

Traceback (most recent call last):
  File "telegram_notifier.py", line 391, in run_worker_forever
    commands_processed = worker._process_commands()
  File "telegram_notifier.py", line 137, in _process_commands
    with urllib.request.urlopen(request, timeout=15) as response:
         ~~~~~~~~~~~~~~~~~~~~~~^^^^^^^^^^^^^^^^^^^^^
  File "urllib\request.py", line 187, in urlopen
  File "urllib\request.py", line 487, in open
  File "urllib\request.py", line 504, in _open
  File "urllib\request.py", line 464, in _call_chain
  File "urllib\request.py", line 1369, in https_open
  File "urllib\request.py", line 1324, in do_open
urllib.error.URLError: <urlopen error _ssl.c:1063: The handshake operation timed out>
2026-03-24 22:34:07,913 | ERROR | Telegram worker item processing failed: <urlopen error _ssl.c:1063: The handshake operation timed out>
Traceback (most recent call last):
  File "urllib\request.py", line 1321, in do_open
  File "http\client.py", line 1358, in request
  File "http\client.py", line 1404, in _send_request
  File "http\client.py", line 1353, in endheaders
  File "http\client.py", line 1113, in _send_output
  File "http\client.py", line 1057, in send
  File "http\client.py", line 1499, in connect
  File "ssl.py", line 455, in wrap_socket
  File "ssl.py", line 1076, in _create
  File "ssl.py", line 1372, in do_handshake
TimeoutError: _ssl.c:1063: The handshake operation timed out

During handling of the above exception, another exception occurred:

Traceback (most recent call last):
  File "telegram_notifier.py", line 391, in run_worker_forever
    commands_processed = worker._process_commands()
  File "telegram_notifier.py", line 137, in _process_commands
    with urllib.request.urlopen(request, timeout=15) as response:
         ~~~~~~~~~~~~~~~~~~~~~~^^^^^^^^^^^^^^^^^^^^^
  File "urllib\request.py", line 187, in urlopen
  File "urllib\request.py", line 487, in open
  File "urllib\request.py", line 504, in _open
  File "urllib\request.py", line 464, in _call_chain
  File "urllib\request.py", line 1369, in https_open
  File "urllib\request.py", line 1324, in do_open
urllib.error.URLError: <urlopen error _ssl.c:1063: The handshake operation timed out>
2026-03-24 22:34:25,968 | ERROR | Telegram worker item processing failed: <urlopen error _ssl.c:1063: The handshake operation timed out>
Traceback (most recent call last):
  File "urllib\request.py", line 1321, in do_open
  File "http\client.py", line 1358, in request
  File "http\client.py", line 1404, in _send_request
  File "http\client.py", line 1353, in endheaders
  File "http\client.py", line 1113, in _send_output
  File "http\client.py", line 1057, in send
  File "http\client.py", line 1499, in connect
  File "ssl.py", line 455, in wrap_socket
  File "ssl.py", line 1076, in _create
  File "ssl.py", line 1372, in do_handshake
TimeoutError: _ssl.c:1063: The handshake operation timed out

During handling of the above exception, another exception occurred:

Traceback (most recent call last):
  File "telegram_notifier.py", line 391, in run_worker_forever
    commands_processed = worker._process_commands()
  File "telegram_notifier.py", line 137, in _process_commands
    with urllib.request.urlopen(request, timeout=15) as response:
         ~~~~~~~~~~~~~~~~~~~~~~^^^^^^^^^^^^^^^^^^^^^
  File "urllib\request.py", line 187, in urlopen
  File "urllib\request.py", line 487, in open
  File "urllib\request.py", line 504, in _open
  File "urllib\request.py", line 464, in _call_chain
  File "urllib\request.py", line 1369, in https_open
  File "urllib\request.py", line 1324, in do_open
urllib.error.URLError: <urlopen error _ssl.c:1063: The handshake operation timed out>
2026-03-24 22:34:44,024 | ERROR | Telegram worker item processing failed: <urlopen error _ssl.c:1063: The handshake operation timed out>
Traceback (most recent call last):
  File "urllib\request.py", line 1321, in do_open
  File "http\client.py", line 1358, in request
  File "http\client.py", line 1404, in _send_request
  File "http\client.py", line 1353, in endheaders
  File "http\client.py", line 1113, in _send_output
  File "http\client.py", line 1057, in send
  File "http\client.py", line 1499, in connect
  File "ssl.py", line 455, in wrap_socket
  File "ssl.py", line 1076, in _create
  File "ssl.py", line 1372, in do_handshake
TimeoutError: _ssl.c:1063: The handshake operation timed out

During handling of the above exception, another exception occurred:

Traceback (most recent call last):
  File "telegram_notifier.py", line 391, in run_worker_forever
    commands_processed = worker._process_commands()
  File "telegram_notifier.py", line 137, in _process_commands
    with urllib.request.urlopen(request, timeout=15) as response:
         ~~~~~~~~~~~~~~~~~~~~~~^^^^^^^^^^^^^^^^^^^^^
  File "urllib\request.py", line 187, in urlopen
  File "urllib\request.py", line 487, in open
  File "urllib\request.py", line 504, in _open
  File "urllib\request.py", line 464, in _call_chain
  File "urllib\request.py", line 1369, in https_open
  File "urllib\request.py", line 1324, in do_open
urllib.error.URLError: <urlopen error _ssl.c:1063: The handshake operation timed out>
2026-03-24 22:35:02,078 | ERROR | Telegram worker item processing failed: <urlopen error _ssl.c:1063: The handshake operation timed out>
Traceback (most recent call last):
  File "urllib\request.py", line 1321, in do_open
  File "http\client.py", line 1358, in request
  File "http\client.py", line 1404, in _send_request
  File "http\client.py", line 1353, in endheaders
  File "http\client.py", line 1113, in _send_output
  File "http\client.py", line 1057, in send
  File "http\client.py", line 1499, in connect
  File "ssl.py", line 455, in wrap_socket
  File "ssl.py", line 1076, in _create
  File "ssl.py", line 1372, in do_handshake
TimeoutError: _ssl.c:1063: The handshake operation timed out

During handling of the above exception, another exception occurred:

Traceback (most recent call last):
  File "telegram_notifier.py", line 391, in run_worker_forever
    commands_processed = worker._process_commands()
  File "telegram_notifier.py", line 137, in _process_commands
    with urllib.request.urlopen(request, timeout=15) as response:
         ~~~~~~~~~~~~~~~~~~~~~~^^^^^^^^^^^^^^^^^^^^^
  File "urllib\request.py", line 187, in urlopen
  File "urllib\request.py", line 487, in open
  File "urllib\request.py", line 504, in _open
  File "urllib\request.py", line 464, in _call_chain
  File "urllib\request.py", line 1369, in https_open
  File "urllib\request.py", line 1324, in do_open
urllib.error.URLError: <urlopen error _ssl.c:1063: The handshake operation timed out>
2026-03-24 22:35:20,137 | ERROR | Telegram worker item processing failed: <urlopen error _ssl.c:1063: The handshake operation timed out>
Traceback (most recent call last):
  File "urllib\request.py", line 1321, in do_open
  File "http\client.py", line 1358, in request
  File "http\client.py", line 1404, in _send_request
  File "http\client.py", line 1353, in endheaders
  File "http\client.py", line 1113, in _send_output
  File "http\client.py", line 1057, in send
  File "http\client.py", line 1499, in connect
  File "ssl.py", line 455, in wrap_socket
  File "ssl.py", line 1076, in _create
  File "ssl.py", line 1372, in do_handshake
TimeoutError: _ssl.c:1063: The handshake operation timed out

During handling of the above exception, another exception occurred:

Traceback (most recent call last):
  File "telegram_notifier.py", line 391, in run_worker_forever
    commands_processed = worker._process_commands()
  File "telegram_notifier.py", line 137, in _process_commands
    with urllib.request.urlopen(request, timeout=15) as response:
         ~~~~~~~~~~~~~~~~~~~~~~^^^^^^^^^^^^^^^^^^^^^
  File "urllib\request.py", line 187, in urlopen
  File "urllib\request.py", line 487, in open
  File "urllib\request.py", line 504, in _open
  File "urllib\request.py", line 464, in _call_chain
  File "urllib\request.py", line 1369, in https_open
  File "urllib\request.py", line 1324, in do_open
urllib.error.URLError: <urlopen error _ssl.c:1063: The handshake operation timed out>
2026-03-24 22:35:38,186 | ERROR | Telegram worker item processing failed: <urlopen error _ssl.c:1063: The handshake operation timed out>
Traceback (most recent call last):
  File "urllib\request.py", line 1321, in do_open
  File "http\client.py", line 1358, in request
  File "http\client.py", line 1404, in _send_request
  File "http\client.py", line 1353, in endheaders
  File "http\client.py", line 1113, in _send_output
  File "http\client.py", line 1057, in send
  File "http\client.py", line 1499, in connect
  File "ssl.py", line 455, in wrap_socket
  File "ssl.py", line 1076, in _create
  File "ssl.py", line 1372, in do_handshake
TimeoutError: _ssl.c:1063: The handshake operation timed out

During handling of the above exception, another exception occurred:

Traceback (most recent call last):
  File "telegram_notifier.py", line 391, in run_worker_forever
    commands_processed = worker._process_commands()
  File "telegram_notifier.py", line 137, in _process_commands
    with urllib.request.urlopen(request, timeout=15) as response:
         ~~~~~~~~~~~~~~~~~~~~~~^^^^^^^^^^^^^^^^^^^^^
  File "urllib\request.py", line 187, in urlopen
  File "urllib\request.py", line 487, in open
  File "urllib\request.py", line 504, in _open
  File "urllib\request.py", line 464, in _call_chain
  File "urllib\request.py", line 1369, in https_open
  File "urllib\request.py", line 1324, in do_open
urllib.error.URLError: <urlopen error _ssl.c:1063: The handshake operation timed out>
2026-03-24 22:35:56,239 | ERROR | Telegram worker item processing failed: <urlopen error _ssl.c:1063: The handshake operation timed out>
Traceback (most recent call last):
  File "urllib\request.py", line 1321, in do_open
  File "http\client.py", line 1358, in request
  File "http\client.py", line 1404, in _send_request
  File "http\client.py", line 1353, in endheaders
  File "http\client.py", line 1113, in _send_output
  File "http\client.py", line 1057, in send
  File "http\client.py", line 1499, in connect
  File "ssl.py", line 455, in wrap_socket
  File "ssl.py", line 1076, in _create
  File "ssl.py", line 1372, in do_handshake
TimeoutError: _ssl.c:1063: The handshake operation timed out

During handling of the above exception, another exception occurred:

Traceback (most recent call last):
  File "telegram_notifier.py", line 391, in run_worker_forever
    commands_processed = worker._process_commands()
  File "telegram_notifier.py", line 137, in _process_commands
    with urllib.request.urlopen(request, timeout=15) as response:
         ~~~~~~~~~~~~~~~~~~~~~~^^^^^^^^^^^^^^^^^^^^^
  File "urllib\request.py", line 187, in urlopen
  File "urllib\request.py", line 487, in open
  File "urllib\request.py", line 504, in _open
  File "urllib\request.py", line 464, in _call_chain
  File "urllib\request.py", line 1369, in https_open
  File "urllib\request.py", line 1324, in do_open
urllib.error.URLError: <urlopen error _ssl.c:1063: The handshake operation timed out>
2026-03-24 22:36:14,290 | ERROR | Telegram worker item processing failed: <urlopen error _ssl.c:1063: The handshake operation timed out>
Traceback (most recent call last):
  File "urllib\request.py", line 1321, in do_open
  File "http\client.py", line 1358, in request
  File "http\client.py", line 1404, in _send_request
  File "http\client.py", line 1353, in endheaders
  File "http\client.py", line 1113, in _send_output
  File "http\client.py", line 1057, in send
  File "http\client.py", line 1499, in connect
  File "ssl.py", line 455, in wrap_socket
  File "ssl.py", line 1076, in _create
  File "ssl.py", line 1372, in do_handshake
TimeoutError: _ssl.c:1063: The handshake operation timed out

During handling of the above exception, another exception occurred:

Traceback (most recent call last):
  File "telegram_notifier.py", line 391, in run_worker_forever
    commands_processed = worker._process_commands()
  File "telegram_notifier.py", line 137, in _process_commands
    with urllib.request.urlopen(request, timeout=15) as response:
         ~~~~~~~~~~~~~~~~~~~~~~^^^^^^^^^^^^^^^^^^^^^
  File "urllib\request.py", line 187, in urlopen
  File "urllib\request.py", line 487, in open
  File "urllib\request.py", line 504, in _open
  File "urllib\request.py", line 464, in _call_chain
  File "urllib\request.py", line 1369, in https_open
  File "urllib\request.py", line 1324, in do_open
urllib.error.URLError: <urlopen error _ssl.c:1063: The handshake operation timed out>
2026-03-24 22:36:32,352 | ERROR | Telegram worker item processing failed: <urlopen error _ssl.c:1063: The handshake operation timed out>
Traceback (most recent call last):
  File "urllib\request.py", line 1321, in do_open
  File "http\client.py", line 1358, in request
  File "http\client.py", line 1404, in _send_request
  File "http\client.py", line 1353, in endheaders
  File "http\client.py", line 1113, in _send_output
  File "http\client.py", line 1057, in send
  File "http\client.py", line 1499, in connect
  File "ssl.py", line 455, in wrap_socket
  File "ssl.py", line 1076, in _create
  File "ssl.py", line 1372, in do_handshake
TimeoutError: _ssl.c:1063: The handshake operation timed out

During handling of the above exception, another exception occurred:

Traceback (most recent call last):
  File "telegram_notifier.py", line 391, in run_worker_forever
    commands_processed = worker._process_commands()
  File "telegram_notifier.py", line 137, in _process_commands
    with urllib.request.urlopen(request, timeout=15) as response:
         ~~~~~~~~~~~~~~~~~~~~~~^^^^^^^^^^^^^^^^^^^^^
  File "urllib\request.py", line 187, in urlopen
  File "urllib\request.py", line 487, in open
  File "urllib\request.py", line 504, in _open
  File "urllib\request.py", line 464, in _call_chain
  File "urllib\request.py", line 1369, in https_open
  File "urllib\request.py", line 1324, in do_open
urllib.error.URLError: <urlopen error _ssl.c:1063: The handshake operation timed out>
2026-03-24 22:36:50,405 | ERROR | Telegram worker item processing failed: <urlopen error _ssl.c:1063: The handshake operation timed out>
Traceback (most recent call last):
  File "urllib\request.py", line 1321, in do_open
  File "http\client.py", line 1358, in request
  File "http\client.py", line 1404, in _send_request
  File "http\client.py", line 1353, in endheaders
  File "http\client.py", line 1113, in _send_output
  File "http\client.py", line 1057, in send
  File "http\client.py", line 1499, in connect
  File "ssl.py", line 455, in wrap_socket
  File "ssl.py", line 1076, in _create
  File "ssl.py", line 1372, in do_handshake
TimeoutError: _ssl.c:1063: The handshake operation timed out

During handling of the above exception, another exception occurred:

Traceback (most recent call last):
  File "telegram_notifier.py", line 391, in run_worker_forever
    commands_processed = worker._process_commands()
  File "telegram_notifier.py", line 137, in _process_commands
    with urllib.request.urlopen(request, timeout=15) as response:
         ~~~~~~~~~~~~~~~~~~~~~~^^^^^^^^^^^^^^^^^^^^^
  File "urllib\request.py", line 187, in urlopen
  File "urllib\request.py", line 487, in open
  File "urllib\request.py", line 504, in _open
  File "urllib\request.py", line 464, in _call_chain
  File "urllib\request.py", line 1369, in https_open
  File "urllib\request.py", line 1324, in do_open
urllib.error.URLError: <urlopen error _ssl.c:1063: The handshake operation timed out>
2026-03-24 22:37:08,455 | ERROR | Telegram worker item processing failed: <urlopen error _ssl.c:1063: The handshake operation timed out>
Traceback (most recent call last):
  File "urllib\request.py", line 1321, in do_open
  File "http\client.py", line 1358, in request
  File "http\client.py", line 1404, in _send_request
  File "http\client.py", line 1353, in endheaders
  File "http\client.py", line 1113, in _send_output
  File "http\client.py", line 1057, in send
  File "http\client.py", line 1499, in connect
  File "ssl.py", line 455, in wrap_socket
  File "ssl.py", line 1076, in _create
  File "ssl.py", line 1372, in do_handshake
TimeoutError: _ssl.c:1063: The handshake operation timed out

During handling of the above exception, another exception occurred:

Traceback (most recent call last):
  File "telegram_notifier.py", line 391, in run_worker_forever
    commands_processed = worker._process_commands()
  File "telegram_notifier.py", line 137, in _process_commands
    with urllib.request.urlopen(request, timeout=15) as response:
         ~~~~~~~~~~~~~~~~~~~~~~^^^^^^^^^^^^^^^^^^^^^
  File "urllib\request.py", line 187, in urlopen
  File "urllib\request.py", line 487, in open
  File "urllib\request.py", line 504, in _open
  File "urllib\request.py", line 464, in _call_chain
  File "urllib\request.py", line 1369, in https_open
  File "urllib\request.py", line 1324, in do_open
urllib.error.URLError: <urlopen error _ssl.c:1063: The handshake operation timed out>
2026-03-24 22:37:26,516 | ERROR | Telegram worker item processing failed: <urlopen error _ssl.c:1063: The handshake operation timed out>
Traceback (most recent call last):
  File "urllib\request.py", line 1321, in do_open
  File "http\client.py", line 1358, in request
  File "http\client.py", line 1404, in _send_request
  File "http\client.py", line 1353, in endheaders
  File "http\client.py", line 1113, in _send_output
  File "http\client.py", line 1057, in send
  File "http\client.py", line 1499, in connect
  File "ssl.py", line 455, in wrap_socket
  File "ssl.py", line 1076, in _create
  File "ssl.py", line 1372, in do_handshake
TimeoutError: _ssl.c:1063: The handshake operation timed out

During handling of the above exception, another exception occurred:

Traceback (most recent call last):
  File "telegram_notifier.py", line 391, in run_worker_forever
    commands_processed = worker._process_commands()
  File "telegram_notifier.py", line 137, in _process_commands
    with urllib.request.urlopen(request, timeout=15) as response:
         ~~~~~~~~~~~~~~~~~~~~~~^^^^^^^^^^^^^^^^^^^^^
  File "urllib\request.py", line 187, in urlopen
  File "urllib\request.py", line 487, in open
  File "urllib\request.py", line 504, in _open
  File "urllib\request.py", line 464, in _call_chain
  File "urllib\request.py", line 1369, in https_open
  File "urllib\request.py", line 1324, in do_open
urllib.error.URLError: <urlopen error _ssl.c:1063: The handshake operation timed out>
2026-03-24 22:37:44,566 | ERROR | Telegram worker item processing failed: <urlopen error _ssl.c:1063: The handshake operation timed out>
Traceback (most recent call last):
  File "urllib\request.py", line 1321, in do_open
  File "http\client.py", line 1358, in request
  File "http\client.py", line 1404, in _send_request
  File "http\client.py", line 1353, in endheaders
  File "http\client.py", line 1113, in _send_output
  File "http\client.py", line 1057, in send
  File "http\client.py", line 1499, in connect
  File "ssl.py", line 455, in wrap_socket
  File "ssl.py", line 1076, in _create
  File "ssl.py", line 1372, in do_handshake
TimeoutError: _ssl.c:1063: The handshake operation timed out

During handling of the above exception, another exception occurred:

Traceback (most recent call last):
  File "telegram_notifier.py", line 391, in run_worker_forever
    commands_processed = worker._process_commands()
  File "telegram_notifier.py", line 137, in _process_commands
    with urllib.request.urlopen(request, timeout=15) as response:
         ~~~~~~~~~~~~~~~~~~~~~~^^^^^^^^^^^^^^^^^^^^^
  File "urllib\request.py", line 187, in urlopen
  File "urllib\request.py", line 487, in open
  File "urllib\request.py", line 504, in _open
  File "urllib\request.py", line 464, in _call_chain
  File "urllib\request.py", line 1369, in https_open
  File "urllib\request.py", line 1324, in do_open
urllib.error.URLError: <urlopen error _ssl.c:1063: The handshake operation timed out>
2026-03-24 22:38:02,636 | ERROR | Telegram worker item processing failed: <urlopen error _ssl.c:1063: The handshake operation timed out>
Traceback (most recent call last):
  File "urllib\request.py", line 1321, in do_open
  File "http\client.py", line 1358, in request
  File "http\client.py", line 1404, in _send_request
  File "http\client.py", line 1353, in endheaders
  File "http\client.py", line 1113, in _send_output
  File "http\client.py", line 1057, in send
  File "http\client.py", line 1499, in connect
  File "ssl.py", line 455, in wrap_socket
  File "ssl.py", line 1076, in _create
  File "ssl.py", line 1372, in do_handshake
TimeoutError: _ssl.c:1063: The handshake operation timed out

During handling of the above exception, another exception occurred:

Traceback (most recent call last):
  File "telegram_notifier.py", line 391, in run_worker_forever
    commands_processed = worker._process_commands()
  File "telegram_notifier.py", line 137, in _process_commands
    with urllib.request.urlopen(request, timeout=15) as response:
         ~~~~~~~~~~~~~~~~~~~~~~^^^^^^^^^^^^^^^^^^^^^
  File "urllib\request.py", line 187, in urlopen
  File "urllib\request.py", line 487, in open
  File "urllib\request.py", line 504, in _open
  File "urllib\request.py", line 464, in _call_chain
  File "urllib\request.py", line 1369, in https_open
  File "urllib\request.py", line 1324, in do_open
urllib.error.URLError: <urlopen error _ssl.c:1063: The handshake operation timed out>
2026-03-24 22:38:15,328 | ERROR | Telegram worker item processing failed: <urlopen error [WinError 10054] Удаленный хост принудительно разорвал существующее подключение>
Traceback (most recent call last):
  File "urllib\request.py", line 1321, in do_open
  File "http\client.py", line 1358, in request
  File "http\client.py", line 1404, in _send_request
  File "http\client.py", line 1353, in endheaders
  File "http\client.py", line 1113, in _send_output
  File "http\client.py", line 1057, in send
  File "http\client.py", line 1499, in connect
  File "ssl.py", line 455, in wrap_socket
  File "ssl.py", line 1076, in _create
  File "ssl.py", line 1372, in do_handshake
ConnectionResetError: [WinError 10054] Удаленный хост принудительно разорвал существующее подключение

During handling of the above exception, another exception occurred:

Traceback (most recent call last):
  File "telegram_notifier.py", line 391, in run_worker_forever
    commands_processed = worker._process_commands()
  File "telegram_notifier.py", line 137, in _process_commands
    with urllib.request.urlopen(request, timeout=15) as response:
         ~~~~~~~~~~~~~~~~~~~~~~^^^^^^^^^^^^^^^^^^^^^
  File "urllib\request.py", line 187, in urlopen
  File "urllib\request.py", line 487, in open
  File "urllib\request.py", line 504, in _open
  File "urllib\request.py", line 464, in _call_chain
  File "urllib\request.py", line 1369, in https_open
  File "urllib\request.py", line 1324, in do_open
urllib.error.URLError: <urlopen error [WinError 10054] Удаленный хост принудительно разорвал существующее подключение>
2026-03-24 22:38:33,379 | ERROR | Telegram worker item processing failed: <urlopen error _ssl.c:1063: The handshake operation timed out>
Traceback (most recent call last):
  File "urllib\request.py", line 1321, in do_open
  File "http\client.py", line 1358, in request
  File "http\client.py", line 1404, in _send_request
  File "http\client.py", line 1353, in endheaders
  File "http\client.py", line 1113, in _send_output
  File "http\client.py", line 1057, in send
  File "http\client.py", line 1499, in connect
  File "ssl.py", line 455, in wrap_socket
  File "ssl.py", line 1076, in _create
  File "ssl.py", line 1372, in do_handshake
TimeoutError: _ssl.c:1063: The handshake operation timed out

During handling of the above exception, another exception occurred:

Traceback (most recent call last):
  File "telegram_notifier.py", line 391, in run_worker_forever
    commands_processed = worker._process_commands()
  File "telegram_notifier.py", line 137, in _process_commands
    with urllib.request.urlopen(request, timeout=15) as response:
         ~~~~~~~~~~~~~~~~~~~~~~^^^^^^^^^^^^^^^^^^^^^
  File "urllib\request.py", line 187, in urlopen
  File "urllib\request.py", line 487, in open
  File "urllib\request.py", line 504, in _open
  File "urllib\request.py", line 464, in _call_chain
  File "urllib\request.py", line 1369, in https_open
  File "urllib\request.py", line 1324, in do_open
urllib.error.URLError: <urlopen error _ssl.c:1063: The handshake operation timed out>
2026-03-24 22:38:51,441 | ERROR | Telegram worker item processing failed: <urlopen error _ssl.c:1063: The handshake operation timed out>
Traceback (most recent call last):
  File "urllib\request.py", line 1321, in do_open
  File "http\client.py", line 1358, in request
  File "http\client.py", line 1404, in _send_request
  File "http\client.py", line 1353, in endheaders
  File "http\client.py", line 1113, in _send_output
  File "http\client.py", line 1057, in send
  File "http\client.py", line 1499, in connect
  File "ssl.py", line 455, in wrap_socket
  File "ssl.py", line 1076, in _create
  File "ssl.py", line 1372, in do_handshake
TimeoutError: _ssl.c:1063: The handshake operation timed out

During handling of the above exception, another exception occurred:

Traceback (most recent call last):
  File "telegram_notifier.py", line 391, in run_worker_forever
    commands_processed = worker._process_commands()
  File "telegram_notifier.py", line 137, in _process_commands
    with urllib.request.urlopen(request, timeout=15) as response:
         ~~~~~~~~~~~~~~~~~~~~~~^^^^^^^^^^^^^^^^^^^^^
  File "urllib\request.py", line 187, in urlopen
  File "urllib\request.py", line 487, in open
  File "urllib\request.py", line 504, in _open
  File "urllib\request.py", line 464, in _call_chain
  File "urllib\request.py", line 1369, in https_open
  File "urllib\request.py", line 1324, in do_open
urllib.error.URLError: <urlopen error _ssl.c:1063: The handshake operation timed out>
2026-03-24 22:39:09,500 | ERROR | Telegram worker item processing failed: <urlopen error _ssl.c:1063: The handshake operation timed out>
Traceback (most recent call last):
  File "urllib\request.py", line 1321, in do_open
  File "http\client.py", line 1358, in request
  File "http\client.py", line 1404, in _send_request
  File "http\client.py", line 1353, in endheaders
  File "http\client.py", line 1113, in _send_output
  File "http\client.py", line 1057, in send
  File "http\client.py", line 1499, in connect
  File "ssl.py", line 455, in wrap_socket
  File "ssl.py", line 1076, in _create
  File "ssl.py", line 1372, in do_handshake
TimeoutError: _ssl.c:1063: The handshake operation timed out

During handling of the above exception, another exception occurred:

Traceback (most recent call last):
  File "telegram_notifier.py", line 391, in run_worker_forever
    commands_processed = worker._process_commands()
  File "telegram_notifier.py", line 137, in _process_commands
    with urllib.request.urlopen(request, timeout=15) as response:
         ~~~~~~~~~~~~~~~~~~~~~~^^^^^^^^^^^^^^^^^^^^^
  File "urllib\request.py", line 187, in urlopen
  File "urllib\request.py", line 487, in open
  File "urllib\request.py", line 504, in _open
  File "urllib\request.py", line 464, in _call_chain
  File "urllib\request.py", line 1369, in https_open
  File "urllib\request.py", line 1324, in do_open
urllib.error.URLError: <urlopen error _ssl.c:1063: The handshake operation timed out>
2026-03-24 22:39:27,560 | ERROR | Telegram worker item processing failed: <urlopen error _ssl.c:1063: The handshake operation timed out>
Traceback (most recent call last):
  File "urllib\request.py", line 1321, in do_open
  File "http\client.py", line 1358, in request
  File "http\client.py", line 1404, in _send_request
  File "http\client.py", line 1353, in endheaders
  File "http\client.py", line 1113, in _send_output
  File "http\client.py", line 1057, in send
  File "http\client.py", line 1499, in connect
  File "ssl.py", line 455, in wrap_socket
  File "ssl.py", line 1076, in _create
  File "ssl.py", line 1372, in do_handshake
TimeoutError: _ssl.c:1063: The handshake operation timed out

During handling of the above exception, another exception occurred:

Traceback (most recent call last):
  File "telegram_notifier.py", line 391, in run_worker_forever
    commands_processed = worker._process_commands()
  File "telegram_notifier.py", line 137, in _process_commands
    with urllib.request.urlopen(request, timeout=15) as response:
         ~~~~~~~~~~~~~~~~~~~~~~^^^^^^^^^^^^^^^^^^^^^
  File "urllib\request.py", line 187, in urlopen
  File "urllib\request.py", line 487, in open
  File "urllib\request.py", line 504, in _open
  File "urllib\request.py", line 464, in _call_chain
  File "urllib\request.py", line 1369, in https_open
  File "urllib\request.py", line 1324, in do_open
urllib.error.URLError: <urlopen error _ssl.c:1063: The handshake operation timed out>
2026-03-24 22:39:45,625 | ERROR | Telegram worker item processing failed: <urlopen error _ssl.c:1063: The handshake operation timed out>
Traceback (most recent call last):
  File "urllib\request.py", line 1321, in do_open
  File "http\client.py", line 1358, in request
  File "http\client.py", line 1404, in _send_request
  File "http\client.py", line 1353, in endheaders
  File "http\client.py", line 1113, in _send_output
  File "http\client.py", line 1057, in send
  File "http\client.py", line 1499, in connect
  File "ssl.py", line 455, in wrap_socket
  File "ssl.py", line 1076, in _create
  File "ssl.py", line 1372, in do_handshake
TimeoutError: _ssl.c:1063: The handshake operation timed out

During handling of the above exception, another exception occurred:

Traceback (most recent call last):
  File "telegram_notifier.py", line 391, in run_worker_forever
    commands_processed = worker._process_commands()
  File "telegram_notifier.py", line 137, in _process_commands
    with urllib.request.urlopen(request, timeout=15) as response:
         ~~~~~~~~~~~~~~~~~~~~~~^^^^^^^^^^^^^^^^^^^^^
  File "urllib\request.py", line 187, in urlopen
  File "urllib\request.py", line 487, in open
  File "urllib\request.py", line 504, in _open
  File "urllib\request.py", line 464, in _call_chain
  File "urllib\request.py", line 1369, in https_open
  File "urllib\request.py", line 1324, in do_open
urllib.error.URLError: <urlopen error _ssl.c:1063: The handshake operation timed out>
2026-03-24 22:40:03,687 | ERROR | Telegram worker item processing failed: <urlopen error _ssl.c:1063: The handshake operation timed out>
Traceback (most recent call last):
  File "urllib\request.py", line 1321, in do_open
  File "http\client.py", line 1358, in request
  File "http\client.py", line 1404, in _send_request
  File "http\client.py", line 1353, in endheaders
  File "http\client.py", line 1113, in _send_output
  File "http\client.py", line 1057, in send
  File "http\client.py", line 1499, in connect
  File "ssl.py", line 455, in wrap_socket
  File "ssl.py", line 1076, in _create
  File "ssl.py", line 1372, in do_handshake
TimeoutError: _ssl.c:1063: The handshake operation timed out

During handling of the above exception, another exception occurred:

Traceback (most recent call last):
  File "telegram_notifier.py", line 391, in run_worker_forever
    commands_processed = worker._process_commands()
  File "telegram_notifier.py", line 137, in _process_commands
    with urllib.request.urlopen(request, timeout=15) as response:
         ~~~~~~~~~~~~~~~~~~~~~~^^^^^^^^^^^^^^^^^^^^^
  File "urllib\request.py", line 187, in urlopen
  File "urllib\request.py", line 487, in open
  File "urllib\request.py", line 504, in _open
  File "urllib\request.py", line 464, in _call_chain
  File "urllib\request.py", line 1369, in https_open
  File "urllib\request.py", line 1324, in do_open
urllib.error.URLError: <urlopen error _ssl.c:1063: The handshake operation timed out>
2026-03-24 22:40:21,737 | ERROR | Telegram worker item processing failed: <urlopen error _ssl.c:1063: The handshake operation timed out>
Traceback (most recent call last):
  File "urllib\request.py", line 1321, in do_open
  File "http\client.py", line 1358, in request
  File "http\client.py", line 1404, in _send_request
  File "http\client.py", line 1353, in endheaders
  File "http\client.py", line 1113, in _send_output
  File "http\client.py", line 1057, in send
  File "http\client.py", line 1499, in connect
  File "ssl.py", line 455, in wrap_socket
  File "ssl.py", line 1076, in _create
  File "ssl.py", line 1372, in do_handshake
TimeoutError: _ssl.c:1063: The handshake operation timed out

During handling of the above exception, another exception occurred:

Traceback (most recent call last):
  File "telegram_notifier.py", line 391, in run_worker_forever
    commands_processed = worker._process_commands()
  File "telegram_notifier.py", line 137, in _process_commands
    with urllib.request.urlopen(request, timeout=15) as response:
         ~~~~~~~~~~~~~~~~~~~~~~^^^^^^^^^^^^^^^^^^^^^
  File "urllib\request.py", line 187, in urlopen
  File "urllib\request.py", line 487, in open
  File "urllib\request.py", line 504, in _open
  File "urllib\request.py", line 464, in _call_chain
  File "urllib\request.py", line 1369, in https_open
  File "urllib\request.py", line 1324, in do_open
urllib.error.URLError: <urlopen error _ssl.c:1063: The handshake operation timed out>
2026-03-24 22:40:39,796 | ERROR | Telegram worker item processing failed: <urlopen error _ssl.c:1063: The handshake operation timed out>
Traceback (most recent call last):
  File "urllib\request.py", line 1321, in do_open
  File "http\client.py", line 1358, in request
  File "http\client.py", line 1404, in _send_request
  File "http\client.py", line 1353, in endheaders
  File "http\client.py", line 1113, in _send_output
  File "http\client.py", line 1057, in send
  File "http\client.py", line 1499, in connect
  File "ssl.py", line 455, in wrap_socket
  File "ssl.py", line 1076, in _create
  File "ssl.py", line 1372, in do_handshake
TimeoutError: _ssl.c:1063: The handshake operation timed out

During handling of the above exception, another exception occurred:

Traceback (most recent call last):
  File "telegram_notifier.py", line 391, in run_worker_forever
    commands_processed = worker._process_commands()
  File "telegram_notifier.py", line 137, in _process_commands
    with urllib.request.urlopen(request, timeout=15) as response:
         ~~~~~~~~~~~~~~~~~~~~~~^^^^^^^^^^^^^^^^^^^^^
  File "urllib\request.py", line 187, in urlopen
  File "urllib\request.py", line 487, in open
  File "urllib\request.py", line 504, in _open
  File "urllib\request.py", line 464, in _call_chain
  File "urllib\request.py", line 1369, in https_open
  File "urllib\request.py", line 1324, in do_open
urllib.error.URLError: <urlopen error _ssl.c:1063: The handshake operation timed out>
2026-03-24 22:40:52,468 | ERROR | Telegram worker item processing failed: <urlopen error [WinError 10054] Удаленный хост принудительно разорвал существующее подключение>
Traceback (most recent call last):
  File "urllib\request.py", line 1321, in do_open
  File "http\client.py", line 1358, in request
  File "http\client.py", line 1404, in _send_request
  File "http\client.py", line 1353, in endheaders
  File "http\client.py", line 1113, in _send_output
  File "http\client.py", line 1057, in send
  File "http\client.py", line 1499, in connect
  File "ssl.py", line 455, in wrap_socket
  File "ssl.py", line 1076, in _create
  File "ssl.py", line 1372, in do_handshake
ConnectionResetError: [WinError 10054] Удаленный хост принудительно разорвал существующее подключение

During handling of the above exception, another exception occurred:

Traceback (most recent call last):
  File "telegram_notifier.py", line 391, in run_worker_forever
    commands_processed = worker._process_commands()
  File "telegram_notifier.py", line 137, in _process_commands
    with urllib.request.urlopen(request, timeout=15) as response:
         ~~~~~~~~~~~~~~~~~~~~~~^^^^^^^^^^^^^^^^^^^^^
  File "urllib\request.py", line 187, in urlopen
  File "urllib\request.py", line 487, in open
  File "urllib\request.py", line 504, in _open
  File "urllib\request.py", line 464, in _call_chain
  File "urllib\request.py", line 1369, in https_open
  File "urllib\request.py", line 1324, in do_open
urllib.error.URLError: <urlopen error [WinError 10054] Удаленный хост принудительно разорвал существующее подключение>
2026-03-24 22:41:10,538 | ERROR | Telegram worker item processing failed: <urlopen error _ssl.c:1063: The handshake operation timed out>
Traceback (most recent call last):
  File "urllib\request.py", line 1321, in do_open
  File "http\client.py", line 1358, in request
  File "http\client.py", line 1404, in _send_request
  File "http\client.py", line 1353, in endheaders
  File "http\client.py", line 1113, in _send_output
  File "http\client.py", line 1057, in send
  File "http\client.py", line 1499, in connect
  File "ssl.py", line 455, in wrap_socket
  File "ssl.py", line 1076, in _create
  File "ssl.py", line 1372, in do_handshake
TimeoutError: _ssl.c:1063: The handshake operation timed out

During handling of the above exception, another exception occurred:

Traceback (most recent call last):
  File "telegram_notifier.py", line 391, in run_worker_forever
    commands_processed = worker._process_commands()
  File "telegram_notifier.py", line 137, in _process_commands
    with urllib.request.urlopen(request, timeout=15) as response:
         ~~~~~~~~~~~~~~~~~~~~~~^^^^^^^^^^^^^^^^^^^^^
  File "urllib\request.py", line 187, in urlopen
  File "urllib\request.py", line 487, in open
  File "urllib\request.py", line 504, in _open
  File "urllib\request.py", line 464, in _call_chain
  File "urllib\request.py", line 1369, in https_open
  File "urllib\request.py", line 1324, in do_open
urllib.error.URLError: <urlopen error _ssl.c:1063: The handshake operation timed out>
2026-03-24 22:41:28,593 | ERROR | Telegram worker item processing failed: <urlopen error _ssl.c:1063: The handshake operation timed out>
Traceback (most recent call last):
  File "urllib\request.py", line 1321, in do_open
  File "http\client.py", line 1358, in request
  File "http\client.py", line 1404, in _send_request
  File "http\client.py", line 1353, in endheaders
  File "http\client.py", line 1113, in _send_output
  File "http\client.py", line 1057, in send
  File "http\client.py", line 1499, in connect
  File "ssl.py", line 455, in wrap_socket
  File "ssl.py", line 1076, in _create
  File "ssl.py", line 1372, in do_handshake
TimeoutError: _ssl.c:1063: The handshake operation timed out

During handling of the above exception, another exception occurred:

Traceback (most recent call last):
  File "telegram_notifier.py", line 391, in run_worker_forever
    commands_processed = worker._process_commands()
  File "telegram_notifier.py", line 137, in _process_commands
    with urllib.request.urlopen(request, timeout=15) as response:
         ~~~~~~~~~~~~~~~~~~~~~~^^^^^^^^^^^^^^^^^^^^^
  File "urllib\request.py", line 187, in urlopen
  File "urllib\request.py", line 487, in open
  File "urllib\request.py", line 504, in _open
  File "urllib\request.py", line 464, in _call_chain
  File "urllib\request.py", line 1369, in https_open
  File "urllib\request.py", line 1324, in do_open
urllib.error.URLError: <urlopen error _ssl.c:1063: The handshake operation timed out>
2026-03-24 22:41:46,667 | ERROR | Telegram worker item processing failed: <urlopen error _ssl.c:1063: The handshake operation timed out>
Traceback (most recent call last):
  File "urllib\request.py", line 1321, in do_open
  File "http\client.py", line 1358, in request
  File "http\client.py", line 1404, in _send_request
  File "http\client.py", line 1353, in endheaders
  File "http\client.py", line 1113, in _send_output
  File "http\client.py", line 1057, in send
  File "http\client.py", line 1499, in connect
  File "ssl.py", line 455, in wrap_socket
  File "ssl.py", line 1076, in _create
  File "ssl.py", line 1372, in do_handshake
TimeoutError: _ssl.c:1063: The handshake operation timed out

During handling of the above exception, another exception occurred:

Traceback (most recent call last):
  File "telegram_notifier.py", line 391, in run_worker_forever
    commands_processed = worker._process_commands()
  File "telegram_notifier.py", line 137, in _process_commands
    with urllib.request.urlopen(request, timeout=15) as response:
         ~~~~~~~~~~~~~~~~~~~~~~^^^^^^^^^^^^^^^^^^^^^
  File "urllib\request.py", line 187, in urlopen
  File "urllib\request.py", line 487, in open
  File "urllib\request.py", line 504, in _open
  File "urllib\request.py", line 464, in _call_chain
  File "urllib\request.py", line 1369, in https_open
  File "urllib\request.py", line 1324, in do_open
urllib.error.URLError: <urlopen error _ssl.c:1063: The handshake operation timed out>
2026-03-24 22:42:04,722 | ERROR | Telegram worker item processing failed: <urlopen error _ssl.c:1063: The handshake operation timed out>
Traceback (most recent call last):
  File "urllib\request.py", line 1321, in do_open
  File "http\client.py", line 1358, in request
  File "http\client.py", line 1404, in _send_request
  File "http\client.py", line 1353, in endheaders
  File "http\client.py", line 1113, in _send_output
  File "http\client.py", line 1057, in send
  File "http\client.py", line 1499, in connect
  File "ssl.py", line 455, in wrap_socket
  File "ssl.py", line 1076, in _create
  File "ssl.py", line 1372, in do_handshake
TimeoutError: _ssl.c:1063: The handshake operation timed out

During handling of the above exception, another exception occurred:

Traceback (most recent call last):
  File "telegram_notifier.py", line 391, in run_worker_forever
    commands_processed = worker._process_commands()
  File "telegram_notifier.py", line 137, in _process_commands
    with urllib.request.urlopen(request, timeout=15) as response:
         ~~~~~~~~~~~~~~~~~~~~~~^^^^^^^^^^^^^^^^^^^^^
  File "urllib\request.py", line 187, in urlopen
  File "urllib\request.py", line 487, in open
  File "urllib\request.py", line 504, in _open
  File "urllib\request.py", line 464, in _call_chain
  File "urllib\request.py", line 1369, in https_open
  File "urllib\request.py", line 1324, in do_open
urllib.error.URLError: <urlopen error _ssl.c:1063: The handshake operation timed out>
2026-03-24 22:42:22,775 | ERROR | Telegram worker item processing failed: <urlopen error _ssl.c:1063: The handshake operation timed out>
Traceback (most recent call last):
  File "urllib\request.py", line 1321, in do_open
  File "http\client.py", line 1358, in request
  File "http\client.py", line 1404, in _send_request
  File "http\client.py", line 1353, in endheaders
  File "http\client.py", line 1113, in _send_output
  File "http\client.py", line 1057, in send
  File "http\client.py", line 1499, in connect
  File "ssl.py", line 455, in wrap_socket
  File "ssl.py", line 1076, in _create
  File "ssl.py", line 1372, in do_handshake
TimeoutError: _ssl.c:1063: The handshake operation timed out

During handling of the above exception, another exception occurred:

Traceback (most recent call last):
  File "telegram_notifier.py", line 391, in run_worker_forever
    commands_processed = worker._process_commands()
  File "telegram_notifier.py", line 137, in _process_commands
    with urllib.request.urlopen(request, timeout=15) as response:
         ~~~~~~~~~~~~~~~~~~~~~~^^^^^^^^^^^^^^^^^^^^^
  File "urllib\request.py", line 187, in urlopen
  File "urllib\request.py", line 487, in open
  File "urllib\request.py", line 504, in _open
  File "urllib\request.py", line 464, in _call_chain
  File "urllib\request.py", line 1369, in https_open
  File "urllib\request.py", line 1324, in do_open
urllib.error.URLError: <urlopen error _ssl.c:1063: The handshake operation timed out>
2026-03-24 22:42:40,827 | ERROR | Telegram worker item processing failed: <urlopen error _ssl.c:1063: The handshake operation timed out>
Traceback (most recent call last):
  File "urllib\request.py", line 1321, in do_open
  File "http\client.py", line 1358, in request
  File "http\client.py", line 1404, in _send_request
  File "http\client.py", line 1353, in endheaders
  File "http\client.py", line 1113, in _send_output
  File "http\client.py", line 1057, in send
  File "http\client.py", line 1499, in connect
  File "ssl.py", line 455, in wrap_socket
  File "ssl.py", line 1076, in _create
  File "ssl.py", line 1372, in do_handshake
TimeoutError: _ssl.c:1063: The handshake operation timed out

During handling of the above exception, another exception occurred:

Traceback (most recent call last):
  File "telegram_notifier.py", line 391, in run_worker_forever
    commands_processed = worker._process_commands()
  File "telegram_notifier.py", line 137, in _process_commands
    with urllib.request.urlopen(request, timeout=15) as response:
         ~~~~~~~~~~~~~~~~~~~~~~^^^^^^^^^^^^^^^^^^^^^
  File "urllib\request.py", line 187, in urlopen
  File "urllib\request.py", line 487, in open
  File "urllib\request.py", line 504, in _open
  File "urllib\request.py", line 464, in _call_chain
  File "urllib\request.py", line 1369, in https_open
  File "urllib\request.py", line 1324, in do_open
urllib.error.URLError: <urlopen error _ssl.c:1063: The handshake operation timed out>
2026-03-24 22:42:58,882 | ERROR | Telegram worker item processing failed: <urlopen error _ssl.c:1063: The handshake operation timed out>
Traceback (most recent call last):
  File "urllib\request.py", line 1321, in do_open
  File "http\client.py", line 1358, in request
  File "http\client.py", line 1404, in _send_request
  File "http\client.py", line 1353, in endheaders
  File "http\client.py", line 1113, in _send_output
  File "http\client.py", line 1057, in send
  File "http\client.py", line 1499, in connect
  File "ssl.py", line 455, in wrap_socket
  File "ssl.py", line 1076, in _create
  File "ssl.py", line 1372, in do_handshake
TimeoutError: _ssl.c:1063: The handshake operation timed out

During handling of the above exception, another exception occurred:

Traceback (most recent call last):
  File "telegram_notifier.py", line 391, in run_worker_forever
    commands_processed = worker._process_commands()
  File "telegram_notifier.py", line 137, in _process_commands
    with urllib.request.urlopen(request, timeout=15) as response:
         ~~~~~~~~~~~~~~~~~~~~~~^^^^^^^^^^^^^^^^^^^^^
  File "urllib\request.py", line 187, in urlopen
  File "urllib\request.py", line 487, in open
  File "urllib\request.py", line 504, in _open
  File "urllib\request.py", line 464, in _call_chain
  File "urllib\request.py", line 1369, in https_open
  File "urllib\request.py", line 1324, in do_open
urllib.error.URLError: <urlopen error _ssl.c:1063: The handshake operation timed out>
2026-03-24 22:43:16,934 | ERROR | Telegram worker item processing failed: <urlopen error _ssl.c:1063: The handshake operation timed out>
Traceback (most recent call last):
  File "urllib\request.py", line 1321, in do_open
  File "http\client.py", line 1358, in request
  File "http\client.py", line 1404, in _send_request
  File "http\client.py", line 1353, in endheaders
  File "http\client.py", line 1113, in _send_output
  File "http\client.py", line 1057, in send
  File "http\client.py", line 1499, in connect
  File "ssl.py", line 455, in wrap_socket
  File "ssl.py", line 1076, in _create
  File "ssl.py", line 1372, in do_handshake
TimeoutError: _ssl.c:1063: The handshake operation timed out

During handling of the above exception, another exception occurred:

Traceback (most recent call last):
  File "telegram_notifier.py", line 391, in run_worker_forever
    commands_processed = worker._process_commands()
  File "telegram_notifier.py", line 137, in _process_commands
    with urllib.request.urlopen(request, timeout=15) as response:
         ~~~~~~~~~~~~~~~~~~~~~~^^^^^^^^^^^^^^^^^^^^^
  File "urllib\request.py", line 187, in urlopen
  File "urllib\request.py", line 487, in open
  File "urllib\request.py", line 504, in _open
  File "urllib\request.py", line 464, in _call_chain
  File "urllib\request.py", line 1369, in https_open
  File "urllib\request.py", line 1324, in do_open
urllib.error.URLError: <urlopen error _ssl.c:1063: The handshake operation timed out>
2026-03-24 22:43:34,992 | ERROR | Telegram worker item processing failed: <urlopen error _ssl.c:1063: The handshake operation timed out>
Traceback (most recent call last):
  File "urllib\request.py", line 1321, in do_open
  File "http\client.py", line 1358, in request
  File "http\client.py", line 1404, in _send_request
  File "http\client.py", line 1353, in endheaders
  File "http\client.py", line 1113, in _send_output
  File "http\client.py", line 1057, in send
  File "http\client.py", line 1499, in connect
  File "ssl.py", line 455, in wrap_socket
  File "ssl.py", line 1076, in _create
  File "ssl.py", line 1372, in do_handshake
TimeoutError: _ssl.c:1063: The handshake operation timed out

During handling of the above exception, another exception occurred:

Traceback (most recent call last):
  File "telegram_notifier.py", line 391, in run_worker_forever
    commands_processed = worker._process_commands()
  File "telegram_notifier.py", line 137, in _process_commands
    with urllib.request.urlopen(request, timeout=15) as response:
         ~~~~~~~~~~~~~~~~~~~~~~^^^^^^^^^^^^^^^^^^^^^
  File "urllib\request.py", line 187, in urlopen
  File "urllib\request.py", line 487, in open
  File "urllib\request.py", line 504, in _open
  File "urllib\request.py", line 464, in _call_chain
  File "urllib\request.py", line 1369, in https_open
  File "urllib\request.py", line 1324, in do_open
urllib.error.URLError: <urlopen error _ssl.c:1063: The handshake operation timed out>
2026-03-24 22:43:53,048 | ERROR | Telegram worker item processing failed: <urlopen error _ssl.c:1063: The handshake operation timed out>
Traceback (most recent call last):
  File "urllib\request.py", line 1321, in do_open
  File "http\client.py", line 1358, in request
  File "http\client.py", line 1404, in _send_request
  File "http\client.py", line 1353, in endheaders
  File "http\client.py", line 1113, in _send_output
  File "http\client.py", line 1057, in send
  File "http\client.py", line 1499, in connect
  File "ssl.py", line 455, in wrap_socket
  File "ssl.py", line 1076, in _create
  File "ssl.py", line 1372, in do_handshake
TimeoutError: _ssl.c:1063: The handshake operation timed out

During handling of the above exception, another exception occurred:

Traceback (most recent call last):
  File "telegram_notifier.py", line 391, in run_worker_forever
    commands_processed = worker._process_commands()
  File "telegram_notifier.py", line 137, in _process_commands
    with urllib.request.urlopen(request, timeout=15) as response:
         ~~~~~~~~~~~~~~~~~~~~~~^^^^^^^^^^^^^^^^^^^^^
  File "urllib\request.py", line 187, in urlopen
  File "urllib\request.py", line 487, in open
  File "urllib\request.py", line 504, in _open
  File "urllib\request.py", line 464, in _call_chain
  File "urllib\request.py", line 1369, in https_open
  File "urllib\request.py", line 1324, in do_open
urllib.error.URLError: <urlopen error _ssl.c:1063: The handshake operation timed out>
2026-03-24 22:44:11,102 | ERROR | Telegram worker item processing failed: <urlopen error _ssl.c:1063: The handshake operation timed out>
Traceback (most recent call last):
  File "urllib\request.py", line 1321, in do_open
  File "http\client.py", line 1358, in request
  File "http\client.py", line 1404, in _send_request
  File "http\client.py", line 1353, in endheaders
  File "http\client.py", line 1113, in _send_output
  File "http\client.py", line 1057, in send
  File "http\client.py", line 1499, in connect
  File "ssl.py", line 455, in wrap_socket
  File "ssl.py", line 1076, in _create
  File "ssl.py", line 1372, in do_handshake
TimeoutError: _ssl.c:1063: The handshake operation timed out

During handling of the above exception, another exception occurred:

Traceback (most recent call last):
  File "telegram_notifier.py", line 391, in run_worker_forever
    commands_processed = worker._process_commands()
  File "telegram_notifier.py", line 137, in _process_commands
    with urllib.request.urlopen(request, timeout=15) as response:
         ~~~~~~~~~~~~~~~~~~~~~~^^^^^^^^^^^^^^^^^^^^^
  File "urllib\request.py", line 187, in urlopen
  File "urllib\request.py", line 487, in open
  File "urllib\request.py", line 504, in _open
  File "urllib\request.py", line 464, in _call_chain
  File "urllib\request.py", line 1369, in https_open
  File "urllib\request.py", line 1324, in do_open
urllib.error.URLError: <urlopen error _ssl.c:1063: The handshake operation timed out>
2026-03-24 22:44:29,162 | ERROR | Telegram worker item processing failed: <urlopen error _ssl.c:1063: The handshake operation timed out>
Traceback (most recent call last):
  File "urllib\request.py", line 1321, in do_open
  File "http\client.py", line 1358, in request
  File "http\client.py", line 1404, in _send_request
  File "http\client.py", line 1353, in endheaders
  File "http\client.py", line 1113, in _send_output
  File "http\client.py", line 1057, in send
  File "http\client.py", line 1499, in connect
  File "ssl.py", line 455, in wrap_socket
  File "ssl.py", line 1076, in _create
  File "ssl.py", line 1372, in do_handshake
TimeoutError: _ssl.c:1063: The handshake operation timed out

During handling of the above exception, another exception occurred:

Traceback (most recent call last):
  File "telegram_notifier.py", line 391, in run_worker_forever
    commands_processed = worker._process_commands()
  File "telegram_notifier.py", line 137, in _process_commands
    with urllib.request.urlopen(request, timeout=15) as response:
         ~~~~~~~~~~~~~~~~~~~~~~^^^^^^^^^^^^^^^^^^^^^
  File "urllib\request.py", line 187, in urlopen
  File "urllib\request.py", line 487, in open
  File "urllib\request.py", line 504, in _open
  File "urllib\request.py", line 464, in _call_chain
  File "urllib\request.py", line 1369, in https_open
  File "urllib\request.py", line 1324, in do_open
urllib.error.URLError: <urlopen error _ssl.c:1063: The handshake operation timed out>
2026-03-24 22:44:47,211 | ERROR | Telegram worker item processing failed: <urlopen error _ssl.c:1063: The handshake operation timed out>
Traceback (most recent call last):
  File "urllib\request.py", line 1321, in do_open
  File "http\client.py", line 1358, in request
  File "http\client.py", line 1404, in _send_request
  File "http\client.py", line 1353, in endheaders
  File "http\client.py", line 1113, in _send_output
  File "http\client.py", line 1057, in send
  File "http\client.py", line 1499, in connect
  File "ssl.py", line 455, in wrap_socket
  File "ssl.py", line 1076, in _create
  File "ssl.py", line 1372, in do_handshake
TimeoutError: _ssl.c:1063: The handshake operation timed out

During handling of the above exception, another exception occurred:

Traceback (most recent call last):
  File "telegram_notifier.py", line 391, in run_worker_forever
    commands_processed = worker._process_commands()
  File "telegram_notifier.py", line 137, in _process_commands
    with urllib.request.urlopen(request, timeout=15) as response:
         ~~~~~~~~~~~~~~~~~~~~~~^^^^^^^^^^^^^^^^^^^^^
  File "urllib\request.py", line 187, in urlopen
  File "urllib\request.py", line 487, in open
  File "urllib\request.py", line 504, in _open
  File "urllib\request.py", line 464, in _call_chain
  File "urllib\request.py", line 1369, in https_open
  File "urllib\request.py", line 1324, in do_open
urllib.error.URLError: <urlopen error _ssl.c:1063: The handshake operation timed out>
2026-03-24 22:45:05,266 | ERROR | Telegram worker item processing failed: <urlopen error _ssl.c:1063: The handshake operation timed out>
Traceback (most recent call last):
  File "urllib\request.py", line 1321, in do_open
  File "http\client.py", line 1358, in request
  File "http\client.py", line 1404, in _send_request
  File "http\client.py", line 1353, in endheaders
  File "http\client.py", line 1113, in _send_output
  File "http\client.py", line 1057, in send
  File "http\client.py", line 1499, in connect
  File "ssl.py", line 455, in wrap_socket
  File "ssl.py", line 1076, in _create
  File "ssl.py", line 1372, in do_handshake
TimeoutError: _ssl.c:1063: The handshake operation timed out

During handling of the above exception, another exception occurred:

Traceback (most recent call last):
  File "telegram_notifier.py", line 391, in run_worker_forever
    commands_processed = worker._process_commands()
  File "telegram_notifier.py", line 137, in _process_commands
    with urllib.request.urlopen(request, timeout=15) as response:
         ~~~~~~~~~~~~~~~~~~~~~~^^^^^^^^^^^^^^^^^^^^^
  File "urllib\request.py", line 187, in urlopen
  File "urllib\request.py", line 487, in open
  File "urllib\request.py", line 504, in _open
  File "urllib\request.py", line 464, in _call_chain
  File "urllib\request.py", line 1369, in https_open
  File "urllib\request.py", line 1324, in do_open
urllib.error.URLError: <urlopen error _ssl.c:1063: The handshake operation timed out>
2026-03-24 22:45:23,319 | ERROR | Telegram worker item processing failed: <urlopen error _ssl.c:1063: The handshake operation timed out>
Traceback (most recent call last):
  File "urllib\request.py", line 1321, in do_open
  File "http\client.py", line 1358, in request
  File "http\client.py", line 1404, in _send_request
  File "http\client.py", line 1353, in endheaders
  File "http\client.py", line 1113, in _send_output
  File "http\client.py", line 1057, in send
  File "http\client.py", line 1499, in connect
  File "ssl.py", line 455, in wrap_socket
  File "ssl.py", line 1076, in _create
  File "ssl.py", line 1372, in do_handshake
TimeoutError: _ssl.c:1063: The handshake operation timed out

During handling of the above exception, another exception occurred:

Traceback (most recent call last):
  File "telegram_notifier.py", line 391, in run_worker_forever
    commands_processed = worker._process_commands()
  File "telegram_notifier.py", line 137, in _process_commands
    with urllib.request.urlopen(request, timeout=15) as response:
         ~~~~~~~~~~~~~~~~~~~~~~^^^^^^^^^^^^^^^^^^^^^
  File "urllib\request.py", line 187, in urlopen
  File "urllib\request.py", line 487, in open
  File "urllib\request.py", line 504, in _open
  File "urllib\request.py", line 464, in _call_chain
  File "urllib\request.py", line 1369, in https_open
  File "urllib\request.py", line 1324, in do_open
urllib.error.URLError: <urlopen error _ssl.c:1063: The handshake operation timed out>
2026-03-24 22:45:41,374 | ERROR | Telegram worker item processing failed: <urlopen error _ssl.c:1063: The handshake operation timed out>
Traceback (most recent call last):
  File "urllib\request.py", line 1321, in do_open
  File "http\client.py", line 1358, in request
  File "http\client.py", line 1404, in _send_request
  File "http\client.py", line 1353, in endheaders
  File "http\client.py", line 1113, in _send_output
  File "http\client.py", line 1057, in send
  File "http\client.py", line 1499, in connect
  File "ssl.py", line 455, in wrap_socket
  File "ssl.py", line 1076, in _create
  File "ssl.py", line 1372, in do_handshake
TimeoutError: _ssl.c:1063: The handshake operation timed out

During handling of the above exception, another exception occurred:

Traceback (most recent call last):
  File "telegram_notifier.py", line 391, in run_worker_forever
    commands_processed = worker._process_commands()
  File "telegram_notifier.py", line 137, in _process_commands
    with urllib.request.urlopen(request, timeout=15) as response:
         ~~~~~~~~~~~~~~~~~~~~~~^^^^^^^^^^^^^^^^^^^^^
  File "urllib\request.py", line 187, in urlopen
  File "urllib\request.py", line 487, in open
  File "urllib\request.py", line 504, in _open
  File "urllib\request.py", line 464, in _call_chain
  File "urllib\request.py", line 1369, in https_open
  File "urllib\request.py", line 1324, in do_open
urllib.error.URLError: <urlopen error _ssl.c:1063: The handshake operation timed out>
2026-03-24 22:45:59,434 | ERROR | Telegram worker item processing failed: <urlopen error _ssl.c:1063: The handshake operation timed out>
Traceback (most recent call last):
  File "urllib\request.py", line 1321, in do_open
  File "http\client.py", line 1358, in request
  File "http\client.py", line 1404, in _send_request
  File "http\client.py", line 1353, in endheaders
  File "http\client.py", line 1113, in _send_output
  File "http\client.py", line 1057, in send
  File "http\client.py", line 1499, in connect
  File "ssl.py", line 455, in wrap_socket
  File "ssl.py", line 1076, in _create
  File "ssl.py", line 1372, in do_handshake
TimeoutError: _ssl.c:1063: The handshake operation timed out

During handling of the above exception, another exception occurred:

Traceback (most recent call last):
  File "telegram_notifier.py", line 391, in run_worker_forever
    commands_processed = worker._process_commands()
  File "telegram_notifier.py", line 137, in _process_commands
    with urllib.request.urlopen(request, timeout=15) as response:
         ~~~~~~~~~~~~~~~~~~~~~~^^^^^^^^^^^^^^^^^^^^^
  File "urllib\request.py", line 187, in urlopen
  File "urllib\request.py", line 487, in open
  File "urllib\request.py", line 504, in _open
  File "urllib\request.py", line 464, in _call_chain
  File "urllib\request.py", line 1369, in https_open
  File "urllib\request.py", line 1324, in do_open
urllib.error.URLError: <urlopen error _ssl.c:1063: The handshake operation timed out>
2026-03-24 22:46:17,487 | ERROR | Telegram worker item processing failed: <urlopen error _ssl.c:1063: The handshake operation timed out>
Traceback (most recent call last):
  File "urllib\request.py", line 1321, in do_open
  File "http\client.py", line 1358, in request
  File "http\client.py", line 1404, in _send_request
  File "http\client.py", line 1353, in endheaders
  File "http\client.py", line 1113, in _send_output
  File "http\client.py", line 1057, in send
  File "http\client.py", line 1499, in connect
  File "ssl.py", line 455, in wrap_socket
  File "ssl.py", line 1076, in _create
  File "ssl.py", line 1372, in do_handshake
TimeoutError: _ssl.c:1063: The handshake operation timed out

During handling of the above exception, another exception occurred:

Traceback (most recent call last):
  File "telegram_notifier.py", line 391, in run_worker_forever
    commands_processed = worker._process_commands()
  File "telegram_notifier.py", line 137, in _process_commands
    with urllib.request.urlopen(request, timeout=15) as response:
         ~~~~~~~~~~~~~~~~~~~~~~^^^^^^^^^^^^^^^^^^^^^
  File "urllib\request.py", line 187, in urlopen
  File "urllib\request.py", line 487, in open
  File "urllib\request.py", line 504, in _open
  File "urllib\request.py", line 464, in _call_chain
  File "urllib\request.py", line 1369, in https_open
  File "urllib\request.py", line 1324, in do_open
urllib.error.URLError: <urlopen error _ssl.c:1063: The handshake operation timed out>
2026-03-24 22:46:35,538 | ERROR | Telegram worker item processing failed: <urlopen error _ssl.c:1063: The handshake operation timed out>
Traceback (most recent call last):
  File "urllib\request.py", line 1321, in do_open
  File "http\client.py", line 1358, in request
  File "http\client.py", line 1404, in _send_request
  File "http\client.py", line 1353, in endheaders
  File "http\client.py", line 1113, in _send_output
  File "http\client.py", line 1057, in send
  File "http\client.py", line 1499, in connect
  File "ssl.py", line 455, in wrap_socket
  File "ssl.py", line 1076, in _create
  File "ssl.py", line 1372, in do_handshake
TimeoutError: _ssl.c:1063: The handshake operation timed out

During handling of the above exception, another exception occurred:

Traceback (most recent call last):
  File "telegram_notifier.py", line 391, in run_worker_forever
    commands_processed = worker._process_commands()
  File "telegram_notifier.py", line 137, in _process_commands
    with urllib.request.urlopen(request, timeout=15) as response:
         ~~~~~~~~~~~~~~~~~~~~~~^^^^^^^^^^^^^^^^^^^^^
  File "urllib\request.py", line 187, in urlopen
  File "urllib\request.py", line 487, in open
  File "urllib\request.py", line 504, in _open
  File "urllib\request.py", line 464, in _call_chain
  File "urllib\request.py", line 1369, in https_open
  File "urllib\request.py", line 1324, in do_open
urllib.error.URLError: <urlopen error _ssl.c:1063: The handshake operation timed out>
2026-03-24 22:46:53,596 | ERROR | Telegram worker item processing failed: <urlopen error _ssl.c:1063: The handshake operation timed out>
Traceback (most recent call last):
  File "urllib\request.py", line 1321, in do_open
  File "http\client.py", line 1358, in request
  File "http\client.py", line 1404, in _send_request
  File "http\client.py", line 1353, in endheaders
  File "http\client.py", line 1113, in _send_output
  File "http\client.py", line 1057, in send
  File "http\client.py", line 1499, in connect
  File "ssl.py", line 455, in wrap_socket
  File "ssl.py", line 1076, in _create
  File "ssl.py", line 1372, in do_handshake
TimeoutError: _ssl.c:1063: The handshake operation timed out

During handling of the above exception, another exception occurred:

Traceback (most recent call last):
  File "telegram_notifier.py", line 391, in run_worker_forever
    commands_processed = worker._process_commands()
  File "telegram_notifier.py", line 137, in _process_commands
    with urllib.request.urlopen(request, timeout=15) as response:
         ~~~~~~~~~~~~~~~~~~~~~~^^^^^^^^^^^^^^^^^^^^^
  File "urllib\request.py", line 187, in urlopen
  File "urllib\request.py", line 487, in open
  File "urllib\request.py", line 504, in _open
  File "urllib\request.py", line 464, in _call_chain
  File "urllib\request.py", line 1369, in https_open
  File "urllib\request.py", line 1324, in do_open
urllib.error.URLError: <urlopen error _ssl.c:1063: The handshake operation timed out>
2026-03-24 22:47:11,651 | ERROR | Telegram worker item processing failed: <urlopen error _ssl.c:1063: The handshake operation timed out>
Traceback (most recent call last):
  File "urllib\request.py", line 1321, in do_open
  File "http\client.py", line 1358, in request
  File "http\client.py", line 1404, in _send_request
  File "http\client.py", line 1353, in endheaders
  File "http\client.py", line 1113, in _send_output
  File "http\client.py", line 1057, in send
  File "http\client.py", line 1499, in connect
  File "ssl.py", line 455, in wrap_socket
  File "ssl.py", line 1076, in _create
  File "ssl.py", line 1372, in do_handshake
TimeoutError: _ssl.c:1063: The handshake operation timed out

During handling of the above exception, another exception occurred:

Traceback (most recent call last):
  File "telegram_notifier.py", line 391, in run_worker_forever
    commands_processed = worker._process_commands()
  File "telegram_notifier.py", line 137, in _process_commands
    with urllib.request.urlopen(request, timeout=15) as response:
         ~~~~~~~~~~~~~~~~~~~~~~^^^^^^^^^^^^^^^^^^^^^
  File "urllib\request.py", line 187, in urlopen
  File "urllib\request.py", line 487, in open
  File "urllib\request.py", line 504, in _open
  File "urllib\request.py", line 464, in _call_chain
  File "urllib\request.py", line 1369, in https_open
  File "urllib\request.py", line 1324, in do_open
urllib.error.URLError: <urlopen error _ssl.c:1063: The handshake operation timed out>
2026-03-24 22:47:29,705 | ERROR | Telegram worker item processing failed: <urlopen error _ssl.c:1063: The handshake operation timed out>
Traceback (most recent call last):
  File "urllib\request.py", line 1321, in do_open
  File "http\client.py", line 1358, in request
  File "http\client.py", line 1404, in _send_request
  File "http\client.py", line 1353, in endheaders
  File "http\client.py", line 1113, in _send_output
  File "http\client.py", line 1057, in send
  File "http\client.py", line 1499, in connect
  File "ssl.py", line 455, in wrap_socket
  File "ssl.py", line 1076, in _create
  File "ssl.py", line 1372, in do_handshake
TimeoutError: _ssl.c:1063: The handshake operation timed out

During handling of the above exception, another exception occurred:

Traceback (most recent call last):
  File "telegram_notifier.py", line 391, in run_worker_forever
    commands_processed = worker._process_commands()
  File "telegram_notifier.py", line 137, in _process_commands
    with urllib.request.urlopen(request, timeout=15) as response:
         ~~~~~~~~~~~~~~~~~~~~~~^^^^^^^^^^^^^^^^^^^^^
  File "urllib\request.py", line 187, in urlopen
  File "urllib\request.py", line 487, in open
  File "urllib\request.py", line 504, in _open
  File "urllib\request.py", line 464, in _call_chain
  File "urllib\request.py", line 1369, in https_open
  File "urllib\request.py", line 1324, in do_open
urllib.error.URLError: <urlopen error _ssl.c:1063: The handshake operation timed out>
2026-03-24 22:47:47,760 | ERROR | Telegram worker item processing failed: <urlopen error _ssl.c:1063: The handshake operation timed out>
Traceback (most recent call last):
  File "urllib\request.py", line 1321, in do_open
  File "http\client.py", line 1358, in request
  File "http\client.py", line 1404, in _send_request
  File "http\client.py", line 1353, in endheaders
  File "http\client.py", line 1113, in _send_output
  File "http\client.py", line 1057, in send
  File "http\client.py", line 1499, in connect
  File "ssl.py", line 455, in wrap_socket
  File "ssl.py", line 1076, in _create
  File "ssl.py", line 1372, in do_handshake
TimeoutError: _ssl.c:1063: The handshake operation timed out

During handling of the above exception, another exception occurred:

Traceback (most recent call last):
  File "telegram_notifier.py", line 391, in run_worker_forever
    commands_processed = worker._process_commands()
  File "telegram_notifier.py", line 137, in _process_commands
    with urllib.request.urlopen(request, timeout=15) as response:
         ~~~~~~~~~~~~~~~~~~~~~~^^^^^^^^^^^^^^^^^^^^^
  File "urllib\request.py", line 187, in urlopen
  File "urllib\request.py", line 487, in open
  File "urllib\request.py", line 504, in _open
  File "urllib\request.py", line 464, in _call_chain
  File "urllib\request.py", line 1369, in https_open
  File "urllib\request.py", line 1324, in do_open
urllib.error.URLError: <urlopen error _ssl.c:1063: The handshake operation timed out>
2026-03-24 22:48:05,816 | ERROR | Telegram worker item processing failed: <urlopen error _ssl.c:1063: The handshake operation timed out>
Traceback (most recent call last):
  File "urllib\request.py", line 1321, in do_open
  File "http\client.py", line 1358, in request
  File "http\client.py", line 1404, in _send_request
  File "http\client.py", line 1353, in endheaders
  File "http\client.py", line 1113, in _send_output
  File "http\client.py", line 1057, in send
  File "http\client.py", line 1499, in connect
  File "ssl.py", line 455, in wrap_socket
  File "ssl.py", line 1076, in _create
  File "ssl.py", line 1372, in do_handshake
TimeoutError: _ssl.c:1063: The handshake operation timed out

During handling of the above exception, another exception occurred:

Traceback (most recent call last):
  File "telegram_notifier.py", line 391, in run_worker_forever
    commands_processed = worker._process_commands()
  File "telegram_notifier.py", line 137, in _process_commands
    with urllib.request.urlopen(request, timeout=15) as response:
         ~~~~~~~~~~~~~~~~~~~~~~^^^^^^^^^^^^^^^^^^^^^
  File "urllib\request.py", line 187, in urlopen
  File "urllib\request.py", line 487, in open
  File "urllib\request.py", line 504, in _open
  File "urllib\request.py", line 464, in _call_chain
  File "urllib\request.py", line 1369, in https_open
  File "urllib\request.py", line 1324, in do_open
urllib.error.URLError: <urlopen error _ssl.c:1063: The handshake operation timed out>
2026-03-24 22:48:23,868 | ERROR | Telegram worker item processing failed: <urlopen error _ssl.c:1063: The handshake operation timed out>
Traceback (most recent call last):
  File "urllib\request.py", line 1321, in do_open
  File "http\client.py", line 1358, in request
  File "http\client.py", line 1404, in _send_request
  File "http\client.py", line 1353, in endheaders
  File "http\client.py", line 1113, in _send_output
  File "http\client.py", line 1057, in send
  File "http\client.py", line 1499, in connect
  File "ssl.py", line 455, in wrap_socket
  File "ssl.py", line 1076, in _create
  File "ssl.py", line 1372, in do_handshake
TimeoutError: _ssl.c:1063: The handshake operation timed out

During handling of the above exception, another exception occurred:

Traceback (most recent call last):
  File "telegram_notifier.py", line 391, in run_worker_forever
    commands_processed = worker._process_commands()
  File "telegram_notifier.py", line 137, in _process_commands
    with urllib.request.urlopen(request, timeout=15) as response:
         ~~~~~~~~~~~~~~~~~~~~~~^^^^^^^^^^^^^^^^^^^^^
  File "urllib\request.py", line 187, in urlopen
  File "urllib\request.py", line 487, in open
  File "urllib\request.py", line 504, in _open
  File "urllib\request.py", line 464, in _call_chain
  File "urllib\request.py", line 1369, in https_open
  File "urllib\request.py", line 1324, in do_open
urllib.error.URLError: <urlopen error _ssl.c:1063: The handshake operation timed out>
2026-03-24 22:48:41,931 | ERROR | Telegram worker item processing failed: <urlopen error _ssl.c:1063: The handshake operation timed out>
Traceback (most recent call last):
  File "urllib\request.py", line 1321, in do_open
  File "http\client.py", line 1358, in request
  File "http\client.py", line 1404, in _send_request
  File "http\client.py", line 1353, in endheaders
  File "http\client.py", line 1113, in _send_output
  File "http\client.py", line 1057, in send
  File "http\client.py", line 1499, in connect
  File "ssl.py", line 455, in wrap_socket
  File "ssl.py", line 1076, in _create
  File "ssl.py", line 1372, in do_handshake
TimeoutError: _ssl.c:1063: The handshake operation timed out

During handling of the above exception, another exception occurred:

Traceback (most recent call last):
  File "telegram_notifier.py", line 391, in run_worker_forever
    commands_processed = worker._process_commands()
  File "telegram_notifier.py", line 137, in _process_commands
    with urllib.request.urlopen(request, timeout=15) as response:
         ~~~~~~~~~~~~~~~~~~~~~~^^^^^^^^^^^^^^^^^^^^^
  File "urllib\request.py", line 187, in urlopen
  File "urllib\request.py", line 487, in open
  File "urllib\request.py", line 504, in _open
  File "urllib\request.py", line 464, in _call_chain
  File "urllib\request.py", line 1369, in https_open
  File "urllib\request.py", line 1324, in do_open
urllib.error.URLError: <urlopen error _ssl.c:1063: The handshake operation timed out>
2026-03-24 22:48:59,985 | ERROR | Telegram worker item processing failed: <urlopen error _ssl.c:1063: The handshake operation timed out>
Traceback (most recent call last):
  File "urllib\request.py", line 1321, in do_open
  File "http\client.py", line 1358, in request
  File "http\client.py", line 1404, in _send_request
  File "http\client.py", line 1353, in endheaders
  File "http\client.py", line 1113, in _send_output
  File "http\client.py", line 1057, in send
  File "http\client.py", line 1499, in connect
  File "ssl.py", line 455, in wrap_socket
  File "ssl.py", line 1076, in _create
  File "ssl.py", line 1372, in do_handshake
TimeoutError: _ssl.c:1063: The handshake operation timed out

During handling of the above exception, another exception occurred:

Traceback (most recent call last):
  File "telegram_notifier.py", line 391, in run_worker_forever
    commands_processed = worker._process_commands()
  File "telegram_notifier.py", line 137, in _process_commands
    with urllib.request.urlopen(request, timeout=15) as response:
         ~~~~~~~~~~~~~~~~~~~~~~^^^^^^^^^^^^^^^^^^^^^
  File "urllib\request.py", line 187, in urlopen
  File "urllib\request.py", line 487, in open
  File "urllib\request.py", line 504, in _open
  File "urllib\request.py", line 464, in _call_chain
  File "urllib\request.py", line 1369, in https_open
  File "urllib\request.py", line 1324, in do_open
urllib.error.URLError: <urlopen error _ssl.c:1063: The handshake operation timed out>
2026-03-24 22:49:18,041 | ERROR | Telegram worker item processing failed: <urlopen error _ssl.c:1063: The handshake operation timed out>
Traceback (most recent call last):
  File "urllib\request.py", line 1321, in do_open
  File "http\client.py", line 1358, in request
  File "http\client.py", line 1404, in _send_request
  File "http\client.py", line 1353, in endheaders
  File "http\client.py", line 1113, in _send_output
  File "http\client.py", line 1057, in send
  File "http\client.py", line 1499, in connect
  File "ssl.py", line 455, in wrap_socket
  File "ssl.py", line 1076, in _create
  File "ssl.py", line 1372, in do_handshake
TimeoutError: _ssl.c:1063: The handshake operation timed out

During handling of the above exception, another exception occurred:

Traceback (most recent call last):
  File "telegram_notifier.py", line 391, in run_worker_forever
    commands_processed = worker._process_commands()
  File "telegram_notifier.py", line 137, in _process_commands
    with urllib.request.urlopen(request, timeout=15) as response:
         ~~~~~~~~~~~~~~~~~~~~~~^^^^^^^^^^^^^^^^^^^^^
  File "urllib\request.py", line 187, in urlopen
  File "urllib\request.py", line 487, in open
  File "urllib\request.py", line 504, in _open
  File "urllib\request.py", line 464, in _call_chain
  File "urllib\request.py", line 1369, in https_open
  File "urllib\request.py", line 1324, in do_open
urllib.error.URLError: <urlopen error _ssl.c:1063: The handshake operation timed out>
2026-03-24 22:49:36,096 | ERROR | Telegram worker item processing failed: <urlopen error _ssl.c:1063: The handshake operation timed out>
Traceback (most recent call last):
  File "urllib\request.py", line 1321, in do_open
  File "http\client.py", line 1358, in request
  File "http\client.py", line 1404, in _send_request
  File "http\client.py", line 1353, in endheaders
  File "http\client.py", line 1113, in _send_output
  File "http\client.py", line 1057, in send
  File "http\client.py", line 1499, in connect
  File "ssl.py", line 455, in wrap_socket
  File "ssl.py", line 1076, in _create
  File "ssl.py", line 1372, in do_handshake
TimeoutError: _ssl.c:1063: The handshake operation timed out

During handling of the above exception, another exception occurred:

Traceback (most recent call last):
  File "telegram_notifier.py", line 391, in run_worker_forever
    commands_processed = worker._process_commands()
  File "telegram_notifier.py", line 137, in _process_commands
    with urllib.request.urlopen(request, timeout=15) as response:
         ~~~~~~~~~~~~~~~~~~~~~~^^^^^^^^^^^^^^^^^^^^^
  File "urllib\request.py", line 187, in urlopen
  File "urllib\request.py", line 487, in open
  File "urllib\request.py", line 504, in _open
  File "urllib\request.py", line 464, in _call_chain
  File "urllib\request.py", line 1369, in https_open
  File "urllib\request.py", line 1324, in do_open
urllib.error.URLError: <urlopen error _ssl.c:1063: The handshake operation timed out>
2026-03-24 22:49:54,151 | ERROR | Telegram worker item processing failed: <urlopen error _ssl.c:1063: The handshake operation timed out>
Traceback (most recent call last):
  File "urllib\request.py", line 1321, in do_open
  File "http\client.py", line 1358, in request
  File "http\client.py", line 1404, in _send_request
  File "http\client.py", line 1353, in endheaders
  File "http\client.py", line 1113, in _send_output
  File "http\client.py", line 1057, in send
  File "http\client.py", line 1499, in connect
  File "ssl.py", line 455, in wrap_socket
  File "ssl.py", line 1076, in _create
  File "ssl.py", line 1372, in do_handshake
TimeoutError: _ssl.c:1063: The handshake operation timed out

During handling of the above exception, another exception occurred:

Traceback (most recent call last):
  File "telegram_notifier.py", line 391, in run_worker_forever
    commands_processed = worker._process_commands()
  File "telegram_notifier.py", line 137, in _process_commands
    with urllib.request.urlopen(request, timeout=15) as response:
         ~~~~~~~~~~~~~~~~~~~~~~^^^^^^^^^^^^^^^^^^^^^
  File "urllib\request.py", line 187, in urlopen
  File "urllib\request.py", line 487, in open
  File "urllib\request.py", line 504, in _open
  File "urllib\request.py", line 464, in _call_chain
  File "urllib\request.py", line 1369, in https_open
  File "urllib\request.py", line 1324, in do_open
urllib.error.URLError: <urlopen error _ssl.c:1063: The handshake operation timed out>
2026-03-24 22:50:12,205 | ERROR | Telegram worker item processing failed: <urlopen error _ssl.c:1063: The handshake operation timed out>
Traceback (most recent call last):
  File "urllib\request.py", line 1321, in do_open
  File "http\client.py", line 1358, in request
  File "http\client.py", line 1404, in _send_request
  File "http\client.py", line 1353, in endheaders
  File "http\client.py", line 1113, in _send_output
  File "http\client.py", line 1057, in send
  File "http\client.py", line 1499, in connect
  File "ssl.py", line 455, in wrap_socket
  File "ssl.py", line 1076, in _create
  File "ssl.py", line 1372, in do_handshake
TimeoutError: _ssl.c:1063: The handshake operation timed out

During handling of the above exception, another exception occurred:

Traceback (most recent call last):
  File "telegram_notifier.py", line 391, in run_worker_forever
    commands_processed = worker._process_commands()
  File "telegram_notifier.py", line 137, in _process_commands
    with urllib.request.urlopen(request, timeout=15) as response:
         ~~~~~~~~~~~~~~~~~~~~~~^^^^^^^^^^^^^^^^^^^^^
  File "urllib\request.py", line 187, in urlopen
  File "urllib\request.py", line 487, in open
  File "urllib\request.py", line 504, in _open
  File "urllib\request.py", line 464, in _call_chain
  File "urllib\request.py", line 1369, in https_open
  File "urllib\request.py", line 1324, in do_open
urllib.error.URLError: <urlopen error _ssl.c:1063: The handshake operation timed out>
2026-03-24 22:50:30,259 | ERROR | Telegram worker item processing failed: <urlopen error _ssl.c:1063: The handshake operation timed out>
Traceback (most recent call last):
  File "urllib\request.py", line 1321, in do_open
  File "http\client.py", line 1358, in request
  File "http\client.py", line 1404, in _send_request
  File "http\client.py", line 1353, in endheaders
  File "http\client.py", line 1113, in _send_output
  File "http\client.py", line 1057, in send
  File "http\client.py", line 1499, in connect
  File "ssl.py", line 455, in wrap_socket
  File "ssl.py", line 1076, in _create
  File "ssl.py", line 1372, in do_handshake
TimeoutError: _ssl.c:1063: The handshake operation timed out

During handling of the above exception, another exception occurred:

Traceback (most recent call last):
  File "telegram_notifier.py", line 391, in run_worker_forever
    commands_processed = worker._process_commands()
  File "telegram_notifier.py", line 137, in _process_commands
    with urllib.request.urlopen(request, timeout=15) as response:
         ~~~~~~~~~~~~~~~~~~~~~~^^^^^^^^^^^^^^^^^^^^^
  File "urllib\request.py", line 187, in urlopen
  File "urllib\request.py", line 487, in open
  File "urllib\request.py", line 504, in _open
  File "urllib\request.py", line 464, in _call_chain
  File "urllib\request.py", line 1369, in https_open
  File "urllib\request.py", line 1324, in do_open
urllib.error.URLError: <urlopen error _ssl.c:1063: The handshake operation timed out>
